	differentiation	differentiation	differentiation	differentiation	lower	lower	lower	lower	upper	upper	upper	upper	upper_vs_lower	upper_vs_lower	upper_vs_lower	upper_vs_lower
	Rep1	Rep1	Rep1	Rep1	Rep1	Rep1	Rep1	Rep1	Rep1	Rep1	Rep1	Rep1	Rep1	Rep1	Rep1	Rep1
	Mann-Whitney p-value	average phenotype of strongest 3	sgRNA count_MW	sgRNA count_avg	Mann-Whitney p-value	average phenotype of strongest 3	sgRNA count_MW	sgRNA count_avg	Mann-Whitney p-value	average phenotype of strongest 3	sgRNA count_MW	sgRNA count_avg	Mann-Whitney p-value	average phenotype of strongest 3	sgRNA count_MW	sgRNA count_avg
gene																
AADACL2	0.20833603211024676	-7.664094452453308	4	4	0.7172975569028444	-0.5310875071391035	1	1	0.8836548878029263	0.015236145964797387	2	2	0.15765002101829084	4.21547045362641	1	1
AADAT	0.31197139615664493	-0.8312148050161762	5	5	0.9413482612877725	10.975865217663502	5	5	0.4493873843012053	-6.381563550471398	4	4	0.25202305813534265	-14.21689621091957	4	4
AAK1	0.07566461480548407	1.9856428212303843	5	5	0.6683101394278768	2.191790156472264	5	5	0.9554171582152255	-2.5842536636986693	5	5	0.7908534206355673	-0.46493778317671364	4	4
AANAT	0.3522641420139655	-8.344501973373724	5	5	0.9394967534281049	8.018961404358828	2	2	0.6484021792868002	2.2659172463725152	3	3	0.9296012604540266	-2.300402699706145	2	2
AARS			0	0			0	0			0	0			0	0
AARS2	0.3396067108343581	-7.095771237365894	4	4	0.4394782542048904	9.323441906013825	1	1	0.1315766691717824	5.7806651792352834	2	2	0.8408646898041267	-2.646538117946914	2	2
AASS	0.6654237100494569	-6.252343608255249	5	5	0.8397134185947867	3.213005095544722	3	3	0.36355112321290184	0.9574535135468545	4	4	0.44052455086533027	-0.21384825362643292	3	3
AATK	0.9182289012525874	-6.408061934014157	5	5	0.9342596937976486	4.8258298730594555	4	4	0.5279686378321821	-3.063037634833556	4	4	0.8158285203497877	-2.729272197060151	2	2
ABAT	0.3568205243874486	-1.6835770475750753	10	10	0.08778784567476171	9.58211487095555	9	9	0.5016918152002935	-10.922875748998747	9	9	0.29448052965034655	-6.437345051619407	6	6
ABCC2	0.4477936482065803	-2.362866744927807	5	5	0.32377447845990626	9.347201278428138	2	2	0.7047686197169705	0.5592869388809767	1	1	0.31540859306047697	-7.90610672177996	2	2
ABCC8	0.9826255130967373	-3.04420740027614	5	5	0.8651473251322472	3.2731079630877726	4	4	0.9607315985272517	-1.7950375583186415	4	4	0.8700179988420107	-3.6874826961184985	4	4
ABCC9	0.3031224717892561	-8.42296048364202	5	5	0.8441079932691453	5.31534863235225	3	3	0.25864720069753244	3.718880584661973	3	3	0.5133369238656149	-0.025208573310512367	3	3
ABCE1	0.34744966791486587	1.352291256878835	3	3	0.5482937102908108	-0.7826759830266994	2	2	0.9037800801438477	-3.474934519176719	2	2	0.12119836050275437	4.357914718646616	1	1
ABCG1	0.4330477647779224	-3.905128091522426	5	5	0.5250157796189969	11.230679309462134	4	4	0.23912498275932104	3.450238146875336	4	4	0.7821734453778042	-6.322560955524577	4	4
ABL1	0.642971793323641	-1.887318503067739	5	5	0.38434375366436746	13.020680970766946	5	5	0.30116136978010655	-8.707082407353614	4	4	0.10295075886652041	-17.81448313821206	4	4
ABL2	0.6662410733825652	-7.5580867901170405	10	10	0.10705480478301906	1.1304402847216093	7	7	0.8288406407605851	-3.1965904326773944	8	8	0.1121524980503921	-2.1659657282838354	7	7
ABO	0.6741780650784059	-9.592831348021692	10	10	0.6079941948463097	10.453147979026951	7	7	0.10166380241877568	4.1334590785989755	10	10	0.5241946074032294	-7.4908128997301135	9	9
ACACA	0.5760339227727577	-2.406897220700867	2	2	0.5375629227149763	9.161704047945948	1	1	0.15405524179551439	-10.160801987912599	1	1	0.12119836050275437	-17.751246561478784	1	1
ACACB	0.7455038238606116	-7.345611392073111	10	10	0.29905005271401375	8.271109865301318	8	8	0.023211000575610517	-9.939523754918588	7	7	0.2913486593404222	-10.885247573892917	4	4
ACAD8	0.734530327356215	-5.28345628745757	5	5	0.16521987117199044	-1.2932668263750642	3	3	0.41528886249379837	3.2949703608039376	5	5	0.04638855816736513	3.7983312045024875	4	4
ACADS	0.8370828376302666	-1.7453110705836756	4	4	0.04012466854176352	12.675959094407995	4	4	0.4493873843012053	0.15874004619451423	4	4	0.13483850080849313	-11.059825995526067	4	4
ACADSB	0.7962387620568715	-5.292552299037525	5	5	0.07676469029104925	10.4357407286236	3	3	0.45557435966185855	-5.635960815258013	3	3	0.025385517473122562	-14.500442069501846	3	3
ACAN	0.32403221939848137	-8.290234981893347	5	5	0.4282529077397984	6.495844123885655	3	3	0.9949234903943104	-3.3629743199094166	2	2	0.5153359195089745	-7.697387108338894	2	2
ACAT1	0.5276842830601596	-2.1116052260010334	5	5	0.8045521659197685	3.0221317733627564	4	4	0.5279686378321821	-1.62825026178431	4	4	0.33334265231380633	0.28337716247174366	3	3
ACAT2	0.9975177382557646	-3.9827914309007393	5	5	0.3958101835191862	4.901227580718381	4	4	0.13292381209972526	-6.789587358660326	3	3	0.5153359195089745	-7.774070093163553	2	2
ACCS	0.9132920730735067	-2.535458560977843	5	5	0.5187087378768453	6.360962928669348	4	4	0.8508842762808849	-4.546968810112252	4	4	0.9374795878480127	-6.354454003964917	3	3
ACE	0.045295471674765914	-4.392408170000823	10	10	0.28507669198261876	11.59886740329822	9	9	0.935548475699607	-3.851160430739348	10	10	0.39259388390111427	-7.424879284928174	8	8
ACE2	0.8665854781960303	-7.880485477283405	5	5	0.6329646623089908	4.7229860918645485	3	3	0.46818977533567774	-3.8604371340464056	3	3	0.29446852463267126	-8.836665570219317	1	1
ACHE	0.7192755885173232	-4.936088000234139	10	10	0.825731682207556	13.488328928370679	9	9	0.5453771518835492	-9.339891283286127	8	8	0.3439469850074647	-15.479091786836127	7	7
ACOT13	0.39917423971230637	-1.5915421011446702	5	5	0.5702369356998382	9.220133361394987	4	4	0.4178549877261867	-6.1890827905145365	4	4	0.1698561098975886	-10.453291334718275	3	3
ACOX1	0.6296538564774289	-1.9532740281791663	5	5	0.6809577535966672	12.516073272129054	5	5	0.19274431982412155	-9.17079431802874	4	4	0.028072903917628345	-14.203867701314769	3	3
ACP1	0.34849294658038776	-0.8934003501391911	4	4	0.9239084394407335	5.6792382905008365	3	3	0.5971344532108822	-2.9366156764641613	3	3	0.4721312575287234	-7.044594492585233	3	3
ACP2	0.5236103723312016	-5.450402884914236	4	4	0.5552410132851231	4.750829675309562	3	3	0.3496398385714472	-4.998096631753522	2	2	0.9041088338302047	-6.716339851783049	2	2
ACP5	0.20721430737848223	-3.897878197584852	10	10	0.5479670828230694	15.682962175297975	10	10	0.5092257974746615	0.7846348262889854	9	9	0.7340878615334816	-14.783079387694817	10	10
ACP6	0.695063033132191	-2.4278124759952786	5	5	0.1579563727234552	9.554116442565638	4	4	0.42301800395951616	-3.709090777463425	4	4	0.052939457672906934	-11.288675484306799	4	4
ACPP	0.6164552554061412	-5.372433559770172	5	5	0.1169944375551616	-1.446258933365219	3	3	0.6447816890488338	-3.2331637424497774	4	4	0.08713465724162658	3.8971506042965522	2	2
ACPT	0.4836004517093957	-7.938937238945101	4	4	0.10197537344010779	13.745382945765096	2	2	0.4489671913344533	4.461849557846095	2	2	0.30787314950254463	-7.977207610333422	3	3
ACSL1	0.7158625836550816	-1.1348729490249885	5	5	0.5885107207714262	4.472806524293345	5	5	0.5706865825457641	-3.5984851691150994	5	5	0.8787148714580514	-1.9539575935395814	2	2
ACSL3	0.48005734270335876	-1.5845000349142413	5	5	0.412207644131664	1.590500892086214	4	4	0.09325267069343121	-9.143044853909371	4	4	0.7844784035957554	-6.518918959064901	1	1
ACSL4	0.9727004053932512	-4.380308723645686	5	5	0.33425458174009104	12.17541565364113	4	4	0.2991567548498427	4.149453448303854	5	5	0.5869048553378209	-11.065559460095924	5	5
ACSS2	0.4917399930413745	-8.20853210987457	5	5	0.8178185521799152	5.15074681750554	3	3	0.04586627076482021	10.108094566239535	5	5	0.1237003872799523	0.3545630647030575	5	5
ACTA1	0.4575930564500248	-8.970972187921163	10	10	0.9702213283555201	15.583364004190962	8	8	0.6250012129326821	-3.9119309095604415	8	8	0.5655637689372652	-18.22445436774317	7	7
ACTR2	0.1250905407901824	-9.413048376868398	5	5	0.90661939510372	7.704890766451644	2	2	0.9644759375975938	-0.10919243543790014	2	2	0.8732478202697368	-5.885734612832432	1	1
ACVR1	0.13293154695133905	-9.261124533590264	5	5	0.35157980337446804	-0.9126278622555875	2	2	0.579895160505081	-4.379104710753629	2	2	0.24510452828522722	3.809478093950575	1	1
ACVR1B	0.7511279525528358	-4.747785128713276	4	4	0.7772466586084936	4.471242082796739	2	2	0.6937260992273393	-3.0846470963320733	3	3	0.505018275524211	-7.193146412465532	2	2
ACVR1C	0.21912122290511848	-8.877705558573616	5	5	0.7573152357135455	5.879300078430866	3	3	0.5409137595460822	0.6312589618225323	3	3	0.4966332316200591	-2.2669033337833375	3	3
ACVR2A	0.365296891391101	-5.855311299673029	5	5	0.1118375079424393	-1.4799807697284006	3	3	0.5125372997594984	3.1814718844556125	5	5	0.012072487784279232	4.585573122303771	3	3
ACVR2B	0.883747905809653	-4.995973222055704	5	5	0.8529114166419892	5.89949720281129	3	3	0.5279686378321821	3.4137936103464135	4	4	0.8789105686766774	-3.9798273617591584	4	4
ACVRL1	0.085356943022751	-9.218678399678316	5	5	0.8091617172026402	8.302716971304058	2	2	0.15567600501813117	4.583578047067454	3	3	0.5829597999420405	-3.328754121997805	3	3
ACY1	0.8203403162357867	-5.084534621320706	5	5	0.6329646623089908	5.935821950208461	3	3	0.499123492760142	1.3684452118202437	4	4	0.7306965808687735	-6.7725646944912805	4	4
ACY3	0.9704595824312644	-4.147776102952608	10	10	0.8407429931403023	9.482883938586651	6	6	0.9091040120231018	-3.513631157511629	7	7	0.8405170719238915	-6.787380993026434	5	5
ACYP2	0.736875082392942	-5.425933114645919	5	5	0.4088637527597777	-0.411423562144841	3	3	0.8035789104452501	-2.617931885557679	3	3	0.2574487214117861	3.3470831475439535	2	2
ADAM33	0.1411476267297041	-0.8901140701226762	5	5	0.17830358963729687	4.768967517579136	5	5	0.004001538950798559	-10.516853271598322	4	4	0.08739582708325848	-19.099758729270334	1	1
ADAMTS5	0.8985024041132937	-2.5403051939862027	5	5	0.1868253721323272	13.527359061723587	5	5	0.9490563010421037	-3.2909027091956595	5	5	0.17032705523113956	-11.532861668109852	4	4
ADC	0.3426852488164457	-4.471117039962928	5	5	0.6409853403204562	5.988182998213877	3	3	0.20208006128722666	-3.9029122074650555	4	4	0.28372586387635934	-10.468701622253528	3	3
ADCK1	0.13293154695133905	0.660248888544244	5	5	0.7520470321080464	9.52457980851325	5	5	0.1670753959614546	-9.44579551783705	5	5	0.14082638540874928	-17.39911585197053	4	4
ADCK2	0.8739336054079389	-2.4793180722792747	5	5	0.7324192840612771	7.981245593885224	5	5	0.7798403686065293	-3.117876481279188	5	5	0.8753424576431064	-3.1598471656592495	3	3
ADCK3	0.9429565692353546	-5.215724506662027	5	5	0.6817045355351095	5.693285765668658	3	3	0.09667540773651473	7.073268695400831	5	5	0.468798316582951	-3.3601364299040952	5	5
ADCK4	0.883747905809653	-5.143640721083032	5	5	0.048605657093980764	-1.8679582999701516	3	3	0.23334993751765898	-6.260605765346486	3	3	0.11582216212918461	4.737430305086922	1	1
ADCK5	0.5842584751020923	-1.6272764006354317	4	4	0.6448308255888252	8.361498565072624	4	4	0.7506419973275583	-3.071652163082582	4	4	0.46486056438592327	-7.149265353409222	2	2
ADH1B	0.04545592534903437	-8.441470063318409	5	5	0.12931924184002297	18.68517680406361	1	1	0.2267229674346557	9.148329931468554	1	1	0.5794599973297945	-6.914267323118105	2	2
ADH1C	0.2334434276299172	-4.187714244251825	5	5	0.20218135217501365	1.4154687521216751	3	3	0.7245754007703167	-0.6077531789909508	3	3	0.5476011867063071	-0.4519624567328619	3	3
ADH4	0.6084248753122936	-3.86040884654652	4	4	0.36570304873678816	9.14890368776399	3	3	0.8683048928179603	-2.2028065208804826	3	3	0.4328167340199195	-10.113564228349887	3	3
ADH5	0.2535543906132779	-8.492144153696083	5	5	0.6817045355351095	5.01630041424111	3	3	0.7168187077101034	0.4314707618785145	3	3	0.5740209553051443	-3.0135701779828303	3	3
ADK	0.1860828733650114	-9.646619321514732	10	10	0.4708901600496922	15.803508709777189	6	6	0.7737191243294712	-3.051358749723141	5	5	0.26839048614500616	-14.548243233625259	5	5
ADORA1	0.8106779486944853	-4.900921067501262	5	5	0.9729049712708331	8.229416282327302	4	4	0.6706792786329957	0.9461910991810791	4	4	0.5841500112145079	-7.721345934776992	4	4
ADORA2A	0.46852768235463194	-5.719917746617704	5	5	0.13889768053346235	12.83309570350224	4	4	0.1822879540524981	3.8967245989585	5	5	0.5527564179571829	-10.825387072305462	5	5
ADORA2B	0.3104917659407276	-1.380916024682465	4	4	0.7402807379176981	2.0117080342425875	3	3	0.6193080669832095	0.26244513630597893	4	4	0.5091350505836715	-3.3886988945019048	4	4
ADORA3	0.09914598228566884	-9.762996652159936	10	10	0.9344627775767147	5.726287122508075	5	5	0.7628074020820441	-3.0203314142612605	6	6	0.7322796897721313	-4.334691641198611	5	5
ADRA1A	0.5861419721859356	-1.7483807648609282	5	5	0.28357313610865664	1.143209049466721	4	4	0.4766647055457599	-6.008535854655281	4	4	0.30017237238335026	-0.4796275454183916	2	2
ADRA1B	0.12509068401456092	-1.1473824426658437	5	5	0.6378839758062542	5.269185762040511	4	4	0.866806519063293	-0.36853438057294047	5	5	0.8879785763849	-7.300431666337449	5	5
ADRA1D	0.854364555621399	-3.1224659924521863	5	5	0.7123034447012369	5.7278938087953435	4	4	0.8614235537053763	-1.9088879899452234	4	4	0.8139648565977974	-3.658095630738719	3	3
ADRA2A	0.18193254619256682	1.5468646293487505	4	4	0.05528841893335589	-2.2491391283902646	4	4	0.1100615227659428	-10.086808691735877	4	4	0.6485246646255788	2.7523513310711936	1	1
ADRA2B	0.46092721016380545	-2.9371162424922805	5	5	0.5856729259166228	-0.6472318006361428	2	2	0.5547179011671135	0.874552501751802	3	3	0.23142589990922313	3.2791643673720072	2	2
ADRA2C	0.4996123925711774	-3.3605299877803567	5	5	0.27282133253971086	-1.0648968855376815	4	4	0.6374959400499526	-1.8427633263584389	5	5	0.09425928309681748	3.532289589168087	3	3
ADRB1	0.9330575556980906	-2.643231741381889	5	5	0.2792385652861885	8.948433142040324	4	4	0.22476829890808492	3.2655617920117592	5	5	0.8405170719238915	-7.246835261771352	5	5
ADRB2	0.16433363024360703	1.1512829720959317	5	5	0.38434375366436746	4.605681431610809	5	5	0.31619650212189965	-6.90708320802013	5	5	0.5764223405387352	-6.5309674837938845	4	4
ADRB3	0.3149584992619813	0.4431732843807194	5	5	0.8455821211167693	6.303856409562232	5	5	0.18492021715274032	2.029362109734001	5	5	0.15599043705407378	-3.2548868297012583	5	5
ADRBK1	0.9380058648524916	-4.9605903529559106	5	5	0.8575216596071998	9.228195335719565	4	4	0.5899634209637099	-3.135733605022308	3	3	0.3601334303089583	-7.479231600646785	3	3
ADRBK2	0.23589356297761477	-1.318671892075968	5	5	0.6036345294692856	4.813922196087433	4	4	0.9109035476012355	-1.433038926596332	4	4	0.8700179988420107	-3.6096227154052607	4	4
ADSSL1	0.0659687831331526	1.1637119816444474	5	5	0.6125957104422683	5.172698092087356	5	5	0.4576370783302173	-3.5844998136477106	5	5	0.7648956320274692	-4.029705529304985	4	4
AFG3L2	0.48533546545084405	-6.298595276989624	2	2			0	0			0	0			0	0
AGTR1	0.5607229698535698	-5.327494944474252	5	5	0.9883860222523053	5.426950833516469	4	4	0.5761247749445226	3.1601771113190353	5	5	0.5563406378078593	-0.3936081491776002	3	3
AGTR2	0.9330575556980906	-8.274599343076737	5	5	0.09632196066064434	-1.9460804842148285	2	2	0.05547799745910129	-10.117343428900977	2	2			0	0
AGXT	0.5276842830601596	-6.83285774411694	5	5	0.712965022309601	10.963230859764458	5	5	0.8793894315387213	-2.9584042077612867	5	5	0.7419352927113232	-6.053900101191843	2	2
AGXT2	0.38932491683017934	-8.48219483653354	4	4	0.10638664028828243	-2.704269157912119	1	1	0.1152070305585291	6.695453984206726	3	3	0.012526825446983133	4.247468253390848	3	3
AHCY	0.8739336054079389	-2.861844876074698	5	5	0.7524653116266203	5.374002872045327	4	4	0.8403716883911934	-2.219844234756978	4	4	0.7046007158919422	-3.095326890423306	3	3
AK1	0.33017502771952645	-1.741245501274652	5	5	0.42335965437297274	4.723502093871088	4	4	0.6130088894356452	-0.46149966561444594	4	4	0.7477340440880693	-3.5692339355364275	4	4
AK2	0.4917399930413745	-5.2311492316376675	5	5	0.9596721613037543	2.8400047367664816	3	3	0.5636703129666165	0.7879312484850978	4	4	0.5841500112145079	-3.2851037521723385	4	4
AK3	0.03914760935492606	1.7982263280468995	5	5	0.6125957104422683	5.636310813830608	5	5	0.033636232648517936	-10.31674558834184	5	5	0.13732463494998964	-12.215313800705703	2	2
AK4	0.1345444333302132	1.1302498283470614	5	5	0.6432983503533377	5.761287126664843	5	5	0.14169350143907972	-9.546841970360108	5	5	0.21317480563693292	-8.232061912784019	2	2
AK5	0.9182289012525874	-1.7623876193114267	5	5	0.38434375366436746	8.773133804536188	5	5	0.923649354366945	-3.1541459860441474	5	5	0.5687432323270151	-7.433887810927413	4	4
AK7	0.15329877561963368	-8.359243118300812	5	5	0.41157456871512654	5.506598578281637	2	2	0.7073721163385474	0.6523955915426161	2	2	0.7058164680531573	-3.2829435123592563	2	2
AK8	0.5649221778637004	-5.1518429737902185	5	5	0.1584802287640491	-1.3348794246688378	3	3	0.44404014424004024	1.1557223184250016	4	4	0.033097297323295714	3.918110928328803	3	3
AKAP1	0.4114642080489934	-5.778783011134302	5	5	0.10825972143821798	12.670941619372549	4	4	0.36829729255679833	1.2844374223751884	4	4	0.3460311401410645	-9.815244722617598	4	4
AKAP10	0.1345444333302132	-0.05680988771449217	5	5	0.9651679075663795	8.604706754872263	4	4	0.19274431982412155	-6.663117259419006	4	4	0.22078407223331742	-13.6965645399115	4	4
AKAP11	0.9805364678465318	-2.2688045020948873	4	4	0.5780639637403786	2.4581592867297117	3	3	0.7779547855613949	-2.705099630941102	4	4	0.5794599973297945	-1.0546164092299493	2	2
AKAP12	0.9029089903867694	-9.380360096834535	10	10	0.6917162292684436	10.654560899313774	7	7	0.316993318200101	-10.477360073575369	7	7	0.1237003872799523	-11.087658647015205	5	5
AKAP13	0.2613983340060001	0.7269583409691286	5	5	0.49682726321530546	1.450615291888037	5	5	0.7252841894979406	-2.146065585805614	5	5	0.21239151851507987	0.5706968059650143	4	4
AKAP14	0.23589356297761477	-1.7258806071421997	5	5	0.3642197826147223	1.549286591682116	4	4	0.45281526161029506	1.083931713242617	5	5	0.2250684015537232	0.3476949205525379	4	4
AKAP3	0.6757697936584215	-8.623291448377847	10	10	0.5825585145207126	8.491951547789979	5	5	0.7986230392967869	-1.2318010973619973	4	4	0.8522831759328808	-6.9145455971005205	4	4
AKAP4	0.09235906627465316	-8.732497460878468	5	5	0.37339712902190647	5.757688342155821	2	2	0.3779046906395127	3.6654406447235677	4	4	0.8650501184450475	-1.0168969956919274	3	3
AKAP5	0.2748411787025694	-6.1611302983459915	5	5	0.18300983774488477	-1.4170641633509036	3	3	0.06849831253360239	4.880901043251161	4	4	0.0023550770860028872	4.758360817191638	4	4
AKAP6	0.12662931077440837	-8.994081872495354	5	5	0.6040083502419533	-0.9375411601972523	1	1	0.6261549428752811	0.851288455303937	1	1	0.4119522845987731	3.3600890898809537	1	1
AKAP7	0.19452402881540354	1.177389072848172	5	5	0.2514186754143072	9.4533007064426	5	5	0.8983200688437224	-0.9799465059236047	5	5	0.32411475057421657	-9.362104597454325	5	5
AKAP8	0.5195824618044114	-2.1524204276454815	5	5	0.8880969855271847	5.848192695995809	4	4	0.8263993062385011	-2.9584798032001687	4	4	0.5217971521146411	-4.4096342987811985	3	3
AKAP8L	0.7770953165698574	-5.422361133516195	5	5	0.5000252127677114	8.907117227602797	4	4	0.946470762972681	-2.7060765484024354	4	4	0.3882370910564902	-7.189840223994565	3	3
AKAP9	0.4061698612539234	-1.7185092934886248	5	5	0.11040838292991145	0.35550932341259384	4	4	0.08010119535434986	-7.867908296088049	4	4	0.9374795878480127	-3.750395881696722	3	3
AKR1A1	0.8973955651911534	-4.550937947736475	4	4	0.30136537035113253	15.170861195859587	4	4	0.3779046906395127	4.227701872470024	4	4	0.7306965808687735	-9.371899849009798	4	4
AKR1B1	0.09479309294442109	1.3082224075969628	5	5	0.8185719710363678	8.8100461080766	5	5	0.2534258663688873	-4.527331206150866	5	5	0.49476133145231505	-7.746357787261654	4	4
AKR1B10	0.358743306317734	-1.0829225775406515	5	5	0.4152680050824561	1.998252092552736	3	3	0.7438608628845441	0.41172313274542266	4	4	0.17387155307239188	-3.26036127873342	4	4
AKT1	0.3002102762864932	-9.08767665557128	5	5	0.39603335649140736	-1.0834158156821987	2	2	0.3562349293256273	1.3965780747570349	2	2	0.1030180418608657	4.050860094513356	2	2
AKT2	0.590429892473969	-5.354474093401978	5	5	0.29862271666339757	1.5547780999278427	3	3	0.6779242354008781	3.8932822149474524	5	5	0.16582651897716705	0.5373095533003278	3	3
AKT3	0.24587584740573665	-1.128549312981282	5	5	0.3440613873543157	2.331112178983874	4	4	0.9808849433081536	-1.383533843606412	5	5	0.9774922380570643	-1.0119784426648994	4	4
ALAS1	0.5236253349324279	-5.601162203234623	5	5	0.7830870879699032	5.631997772765721	3	3	0.9964287148841453	-2.4618660660722544	4	4	0.6379060901010708	-6.783840720511314	3	3
ALAS2	0.32403221939848137	-4.3544045398163975	5	5	0.7231833113381831	8.432181205890211	4	4	0.9421699813262454	-0.07770241269635386	3	3	0.73919931021022	-7.131147599703842	4	4
ALDH18A1	0.8348846954256501	-4.924404532863357	5	5	0.04404672135171795	13.473748020222567	4	4	0.5547179011671135	-3.1588374074655445	3	3	0.01919695610496733	-14.941607547800814	4	4
ALDH1A2	0.358743306317734	0.5501862112595916	5	5	0.9344627775767147	5.778546125111178	5	5	0.9808849433081536	-3.0793923678960504	5	5	0.9235806701215031	-4.2520734398406	4	4
ALDH1B1	0.33017502771952645	-6.652838941988826	5	5	0.2857571729865991	10.38323410586939	4	4	0.4822269826599105	1.0030707909042043	4	4	0.35183790419360206	-8.003988659119566	4	4
ALDH1L1	0.11761514055512526	-1.29680573355382	5	5	0.12873349737007467	12.013074513781973	5	5	0.8983200688437224	2.893411058907747	5	5	0.15307664793370834	-8.108004836697152	5	5
ALDH3A1	0.4312245790918473	-2.081790039887905	5	5	0.6495149198167876	12.491886631136628	5	5	0.3883900652951122	-2.1981959552422925	5	5	0.07981101478978106	-13.10811223835222	3	3
ALDH3A2	0.8155056255135527	-3.2091730232591544	5	5	0.5474491261756043	9.561959830930208	5	5	0.20848437699439026	-9.2825068408573	4	4	0.3533121947871367	-9.929371637586424	3	3
ALDH3B1	0.7617285695605716	-5.7846911648759525	4	4	0.20618525730562753	9.214571857244225	3	3	0.6937260992273393	2.750334369340106	3	3	0.39546642589326464	-4.893352934000302	3	3
ALDH4A1	0.48393466124961637	-1.7240220636668313	5	5	0.49136071381051816	9.02887619245085	5	5	0.9808849433081536	-3.2617060381181715	5	5	0.8082903871016894	-7.057474353346893	4	4
ALDH5A1	0.085356943022751	0.5716445561889475	5	5	0.69369571088023	9.834417436529707	5	5	0.9808849433081536	-5.137359849131907	5	5	0.5385255034333125	-10.844227552252358	4	4
ALDH9A1	0.793838816160978	-5.253128791185182	5	5	0.30919237979861824	-1.027865415046886	3	3	0.4601906722551864	0.8589578458977494	4	4	0.13613921923054487	3.4151252879757705	3	3
ALK	0.8203403162357867	-7.52889469509904	5	5	0.01709268554227365	18.765191513155	5	5	0.7303584933309185	2.3004298842907995	4	4	0.024849250043816724	-14.071940771625647	5	5
ALLC	0.3332745184127476	-8.474187082369378	5	5	0.3539136524862865	8.664240628759272	3	3	0.5040934174178404	-0.9573891951924821	2	2	0.13273684784334738	-8.499588485012628	3	3
ALOX5	0.14974855106237153	1.580298101782282	5	5	0.6186843620292639	6.564307757939775	5	5	0.09195984846832161	-9.730388915401356	5	5	0.053014126879707336	-12.061378008015552	3	3
ALPI	0.18403870640516418	-6.261547917013029	5	5	0.08674711813308314	13.985067324470824	4	4	0.11380384823423283	3.850468115592007	5	5	0.39242021248598535	-11.311823151197279	5	5
ALPK1	0.9485575343367801	-4.033139509354125	3	3	0.9614759412019189	8.176288621281394	2	2	0.18183033140567817	-10.086403315039055	1	1	0.09616912006818926	-18.194237446111973	1	1
ALPK2	0.31718956992075287	-8.38268224109558	4	4	0.22124689856261548	-1.9254993339259894	1	1	0.41889858906246547	3.17425750669973	3	3	0.26426000763479185	3.2070326871284545	2	2
ALPK3	0.37526642563989854	-3.858726074878447	5	5	0.24942049072504247	-1.070127116531852	3	3	0.5697317910937402	1.4406429714596645	4	4	0.07758785698496054	3.6015224357647355	3	3
ALPL	0.9496295095327716	-4.965497690163787	10	10	0.3176320059607337	15.99929759236197	10	10	0.2653548213531809	-3.3356213106755455	9	9	0.9468590800143063	-13.612154998977914	9	9
ALPPL2	0.6474370052868004	-4.744967062610461	5	5	0.47568033659075204	11.361883850640885	4	4	0.5272834456358049	-3.2476685923267374	3	3	0.2721463993628561	-9.96440355611658	3	3
AMHR2	0.5652530307633137	-1.5468975757837231	4	4	0.651808819761505	9.276932343831765	4	4	0.3827657602779103	3.200528763043934	4	4	0.9325483006907843	-4.185756259041618	4	4
AMN	0.3823814411552985	-1.8870884329729203	10	10	0.0014981416303722999	-2.989968634726473	9	9	0.6655850699466292	-10.477930185394937	10	10	0.0011409951275573541	4.376095478380237	7	7
AMT	0.5358500273211806	-3.1734290195944674	5	5	0.6448308255888252	-0.1772768542079494	4	4	0.8417447854259017	-3.0883852102029272	5	5	0.15514939607263561	3.856164897194443	2	2
AMY2A	0.9694189066450224	-5.531702382177062	4	4	0.26235227280735607	15.38531951993894	4	4	0.8836548878029263	-3.5978847159485117	2	2	0.2473808158275953	-16.19452103102429	4	4
AMY2B	0.007531093611329141	-9.48590520356968	5	5	0.16170421133409518	17.707594783206694	1	1	0.0020428262012894397	11.232788458466118	4	4	0.12072992361688005	0.7484290334309659	4	4
ANKK1	0.891882575947341	-4.23764720571589	4	4	0.5951993019223474	2.7555417533875914	2	2	0.2655202626218741	-5.280688050271655	2	2	0.7844784035957554	-6.330027816371836	1	1
ANXA2	0.6120828468983042	-0.8135342460407059	5	5	0.6683101394278768	7.73028851809251	5	5	0.9426986887903109	-1.2649457835092501	5	5	0.6873423912005008	-7.934482574475228	5	5
ANXA3	0.3209889112001456	-1.2612658533505072	5	5	0.9035460560471993	8.658741326612	5	5	0.6092563829615779	-2.738955672996648	5	5	0.4641144340452932	-7.045900288316969	3	3
ANXA5	0.9330575556980906	-4.212889991701988	5	5	0.8727855683308529	8.517998143848972	4	4	0.771099342546707	-0.13573024278950338	4	4	0.8856559261797309	-3.953066879415077	3	3
APCS	0.3326033704093172	-8.560036861223802	4	4	0.35255407769204716	9.9595880682232	1	1	0.4721637341400148	4.558935132456758	2	2	0.7298278002076196	-2.186341245830127	2	2
APOE	0.4996123925711774	-8.317909835716227	5	5	0.7878462031069068	4.137279699713646	2	2	0.3728006633001667	1.446715030146424	3	3	0.3533121947871367	-2.6311178526534236	3	3
APOH	0.05708689757632261	-1.430822881252934	9	9	0.14448484983284512	5.28981910930167	8	8	0.2769440246963979	-9.480365235037963	8	8	0.6799540307796483	-6.649295814867229	5	5
APRT	0.5649221778637004	-2.7204765972909986	5	5	0.20787238739863356	12.99418572822509	5	5	0.6706792786329957	-2.048138233488917	4	4	0.2811506616831705	-9.990700852144172	4	4
ARAF	0.01979648068833636	1.584462417421004	5	5	0.13998803661980527	1.6356113419643066	5	5	0.2635207546686662	-6.822425942760088	5	5	0.3533121947871367	-0.08229111697111809	3	3
ARF1	0.365296891391101	-1.9253814710084634	5	5	0.16606804852102686	3.9795916802461786	5	5	0.5850198941372085	-3.2752604219576913	4	4	0.459796725216709	-2.13926089544312	4	4
ARF4	0.02370424845360754	-9.237301963886749	4	4	0.12444928487601936	19.037618292118154	1	1			0	0	0.10563348227890615	-17.964594698051688	1	1
ARF6	0.45226798700070503	-9.81463122722333	7	7	0.36937250044404735	4.621388319643156	4	4	0.9964287148841453	0.03306543734046996	4	4	0.21426011079281937	0.26294314745732184	3	3
ARHGAP26	0.7392223858656497	-7.932298786132495	5	5	0.5121325875951704	3.2463341698687094	2	2	0.9751979622485737	-0.033102049272823786	3	3	0.9168443588408726	-2.4768745661579903	2	2
ARL1	0.10371931626271838	-8.909657230742319	5	5	0.9504816381620855	4.186196495086564	2	2	0.4025903353940553	3.8800903274981096	4	4	0.3696257417185146	-3.2150631160477317	4	4
ARL3	0.424807336732109	0.527968146850711	4	4	0.8651473251322472	5.535913719385477	4	4	0.7574424504536748	-3.2176364253331875	4	4	0.7562998120078067	-6.637461586307495	4	4
ARL5B	0.5236253349324279	-2.3716395096763603	5	5	0.9149892589556977	5.618825925653078	4	4	0.2887799724631872	-6.260243505046926	4	4	0.4080983516415546	-7.603260209419233	2	2
ARPC1B	0.6530063226170125	-3.141357555972821	4	4	0.8004034878177372	2.6653096728056442	3	3	0.8967224831732554	-2.5011022928681226	4	4	0.8660628631556315	-2.22591813366664	2	2
ARPC2	0.3590987576751167	-8.590816707074977	10	10	0.9001190616838797	9.131621434734228	5	5	0.6955474919301725	-3.306884049088073	5	5	0.7735205110925591	-6.864056411424532	4	4
ARPC3	0.06336356904509839	-8.929314443834784	9	9	0.9149886544649928	5.465716555976056	3	3	0.012479715302748664	10.479945375176	7	7	0.13696393256289432	-2.904812685512242	7	7
ARPC4	0.2334434276299172	-8.210502415118546	5	5	0.17217300469416408	12.09698791195664	3	3	0.17943769462384374	5.4624054205961485	2	2	0.48022379094487777	-7.2450085505720905	3	3
ARPC5	0.358743306317734	-9.073172744142608	5	5	0.3255050129228344	9.07653308461891	3	3	0.22513579796211602	4.5092327757458515	4	4	0.8170453009277164	-6.357791213165765	4	4
ARSA	0.2509765393516753	-7.665590396175612	5	5	0.08734993010667906	18.4460442781419	5	5	0.3541741910914068	2.1669107012930815	4	4	0.13191930584859052	-11.191791003533815	4	4
ART1	0.1936090599221304	-8.902172748511513	4	4	0.15029058382626023	-2.3123582998932406	1	1	0.5138305507576221	2.9235565425031296	3	3	0.09640835542469206	3.8177257141034477	2	2
ASGR2	0.511545307858261	0.44217010974375004	5	5	0.317426867913176	10.126954465275272	5	5	0.20988614889693324	-9.26061118655809	5	5	0.05157075192027018	-14.488699496454288	4	4
ASNA1	0.656405463515022	-5.599514722454857	5	5	0.2782149128472079	7.189614784232826	3	3	0.9751979622485737	-2.2332281160502574	3	3	0.2721463993628561	-7.851583425903319	3	3
ASPA	0.15228709462340248	-7.327709064299359	3	3	0.14481922644591255	18.09182280912353	1	1	0.11313375871946602	8.170913195400484	2	2	0.8977500168956274	-2.8479993029759876	2	2
ASRGL1	0.40969495083753205	-1.7507090176776992	5	5	0.7746656876166776	5.387107568354337	4	4	0.2991567548498427	-3.1987934083599954	5	5	0.3636353207574934	-10.32831441922079	4	4
ASS1	0.6790419600920736	-6.436990310511426	5	5	0.5187087378768453	8.45390505540071	4	4	0.5758241925781689	0.5440786845090957	4	4	0.9374795878480127	-3.3935045092738796	3	3
ATM	0.8886618518901277	-2.8413207147021198	5	5	0.49694615670908704	-0.4042579022065513	4	4	0.7438608628845441	-5.274371946919337	4	4	0.10645543486541928	3.8151760780715183	2	2
ATOX1	0.01851914307834464	1.7054592634879242	5	5	0.07247783771791173	0.6760811178654548	5	5	0.38401238685923	-6.237471679124618	5	5	0.48060740538231683	-2.7463889344655805	4	4
ATP1A1	0.18403870640516418	1.195611018811886	5	5	0.21740060452946142	2.1421889647099435	5	5	0.28814360322053945	-6.136530811733767	5	5	0.8599122938854065	-0.9242947579838084	3	3
ATP2A1	0.8788384283728083	-8.529132236288595	5	5	0.35977802178558205	3.9560481003166896	3	3	0.6784859792010439	-0.7049072004355826	3	3	0.8283248036226699	-1.3345873184651955	2	2
ATP2C1	0.32709425956338745	-6.242334740858882	5	5	0.8090992011947153	2.885108033458698	3	3	0.1866990557881545	4.6415104380196315	4	4	0.17747086516911392	0.15492681787719084	4	4
ATP4A	0.7422083905309528	-5.575681047219303	10	10	0.33344182718137727	9.064706958080402	8	8	0.43899408288261865	-9.930078996314364	8	8	0.8959328250581536	-6.870320430702883	5	5
ATP5A1	0.9688017308029346	-8.810324502672781	9	9	0.7796735765216743	12.438836567964321	6	6	0.9102532777495326	-3.325338659392454	6	6	0.5365628830927793	-14.722026363870382	6	6
ATP5B	0.11680263749459968	-7.775255229909628	4	4			0	0			0	0			0	0
ATP5C1	0.660564298484453	-7.485277346547973	4	4	0.1800346699511396	-2.06629697266316	1	1	0.08652287476407287	-11.237891068224691	1	1			0	0
ATP6V1A	0.035188131290837414	-8.437853592309073	5	5			0	0	0.10061858639180032	11.29021387993464	1	1	0.4658179681935668	3.187989717204304	1	1
ATP6V1B2	0.011841039344259001	-9.187695672436853	5	5			0	0			0	0			0	0
ATP6V1C1	0.16814184713500424	-8.487587934419091	5	5	0.8847862201858687	8.131863585572797	2	2	0.4272726370220207	-8.546629588084155	1	1	0.20185811801471198	-16.63691061645448	1	1
ATP8A1	0.4749401622082925	0.4030681756705971	4	4	0.6658561515080483	-0.4720431386932642	4	4	0.43345537399844136	-1.3958144442103766	4	4	0.036466973256137854	3.9080077581357706	3	3
ATR			0	0			0	0			0	0			0	0
AURKA	0.43720366923370346	-6.606523531323094	2	2			0	0			0	0			0	0
AURKAIP1	0.40266294374946365	-8.998216650998534	5	5	0.9504816381620855	4.073068533141024	2	2	0.4711377521157304	4.058507379248362	4	4	0.8038348087872224	-3.042512278539275	3	3
AURKB	0.41195810587990267	-7.639206798109229	1	1			0	0			0	0			0	0
AURKC	0.9479094782523805	-3.333826652391675	5	5	0.6448308255888252	9.036946275490083	4	4	0.7303584933309185	0.7214885903170245	4	4	0.7627677930276173	-11.02627318813819	5	5
AVPR1A	0.9826255130967373	-2.4654464192400813	5	5	0.7821079573131526	2.3706703310670196	4	4	0.30748256081380365	-9.053888172525141	4	4	0.7844784035957554	-6.403823315855838	1	1
AVPR1B	0.9132920730735067	-2.729960408280409	5	5	0.04150286756357708	13.08609509588827	5	5	0.5761247749445226	-2.4677585553001777	5	5	0.029008678375063317	-14.239256304918252	5	5
AVPR2	0.8592489134569401	-2.6207067910080366	5	5	0.34101966251504934	12.56615213974951	5	5	0.3542212260930796	0.8150050552725036	5	5	0.9038975488585727	-10.17988761009724	5	5
AXL	0.98758917176213	-4.7141870016949925	5	5	0.7598437280264725	5.361710222281547	4	4	0.8605274918646487	-2.9451723656272084	5	5	0.9374795878480127	-0.7839892218475875	3	3
AZGP1	0.26940844900654703	-1.951655698422189	5	5	0.37495372017740947	5.366976259168932	5	5	0.1958201712414167	-9.682088943717753	4	4	0.9551661367621639	-6.781852571689569	2	2
B2M	0.6773630824864947	-7.362906387601612	10	10	0.6598056970726737	2.644714959512294	7	7	0.6192102651721694	-2.1179690886400233	7	7	0.38691450859150833	-0.95571925050463	6	6
B4GALT1	0.8106779486944853	-4.8271516157137695	5	5	0.842310842686326	5.947830168032449	4	4	0.3181285967534234	4.500213750220147	5	5	0.35183790419360206	0.35081149502316755	4	4
B4GALT2	0.2748411787025694	0.288126155931648	5	5	0.1470953885898967	-1.5855959299826328	5	5	0.7193019004623613	-5.959711032780748	5	5	0.3601334303089583	2.750857591674869	3	3
B4GALT3	0.6164552554061412	-5.143037937037168	5	5	0.4520001713552888	4.714116623065505	4	4	0.2728121407144075	-3.406503077654003	4	4	0.8408646898041267	-7.023763946363806	2	2
B4GALT4	0.556538934730302	-6.248748412550857	5	5	0.9239084394407335	5.230149863329287	3	3	0.3827657602779103	-3.0931780110952665	4	4	0.23936673222782978	-10.182458633152075	3	3
BACE1	0.6340800847851441	-5.251592308970854	5	5	0.086603809338628	-1.597468560036915	3	3	0.26891640649689974	-4.0667057659387345	4	4	0.26426000763479185	2.982533257619008	2	2
BAG1	0.011030376715929931	2.3194502452358825	5	5	0.5885107207714262	4.679353310433072	5	5	0.2845340896522671	-6.563017719758378	5	5	0.7995594125507082	-6.543364312783655	4	4
BAIAP2L1	0.43854435803093816	-5.815021430904999	5	5	0.5402743268805934	-0.5393940488251516	3	3	0.5071717036112682	0.7946120381017269	3	3	0.289638945955366	2.9052655613066434	3	3
BBOX1	0.44772241980622696	-7.901358037274516	9	9	0.853085547377922	13.1797620046297	6	6	0.5057907498436655	-9.450244148138507	6	6	0.5066480587419633	-15.048198635830403	5	5
BCAT2	0.25615062047789494	-1.4502046657252727	5	5	0.4334149120904912	12.498666002777066	5	5	0.17220059720353498	-7.3251760553719345	4	4	0.07186192301602726	-14.938411081989491	4	4
BCKDK	0.5818685527788804	-4.228464113572982	5	5	0.7984529001193882	11.282899823763861	5	5	0.4766647055457599	-4.3786754453526076	4	4	0.39546642589326464	-7.966006883079782	3	3
BCR	0.19452402881540354	0.3679475542249753	5	5	0.5078568779189758	9.097822974941804	5	5	0.6092563829615779	-1.8547145096159259	5	5	0.935845282168049	-10.25209559852492	5	5
BDH1	0.5622921923634863	-8.089746857948871	10	10	0.4251493959008378	12.15499570678538	8	8	0.45774733941857226	-10.547362160473565	8	8	0.5869048553378209	-7.513989672548746	5	5
BDKRB2	0.36670394365712744	1.002979979586771	4	4	0.5702369356998382	8.384599108664235	4	4	0.40764101876184466	0.8814766207791181	4	4	0.48839135332375516	-2.389109382691919	3	3
BEGAIN	0.48167828628340725	-9.57267534887299	10	10	0.1868253721323272	13.05820010116832	5	5	0.21500874833591677	3.34710422927833	6	6	0.9461043207856251	-14.392975092810625	7	7
BGLAP	0.7870292109595678	-1.835150868084633	3	3	0.9944944666811336	4.238349734272226	2	2	0.15226879857942127	-9.285638775975375	2	2	0.1385023309595027	-17.305545229548542	1	1
BHMT	0.5691364506261621	-6.881452668795785	5	5	0.9775890450594203	2.883020989246124	3	3	0.41272927993493147	0.8118106793896033	4	4	0.6949175576173119	-0.41573376946847596	3	3
BHMT2	0.24587584740573665	-2.0518059748288633	5	5	0.20536509453891316	1.218614627732034	4	4	0.792123537063735	-3.1529920048903866	5	5	0.41763748659739	-0.31184233768977815	3	3
BLK	0.08997548869391782	-8.864294270140833	5	5	0.17934277021574385	9.823191934788214	3	3	0.36290789915074273	1.5012918677299074	2	2	0.6285977579012942	-6.750300775074109	3	3
BLVRA	0.3477989273263804	-5.649962550767435	10	10	0.09769623434965853	8.393555995883881	8	8	0.40992609372119804	-10.390192792925413	8	8	0.32499146907109666	-10.300419981933054	6	6
BLVRB	0.4348755774538744	-8.625934672840526	5	5	0.9507207862589255	5.330676284528865	3	3	0.3248653965027053	3.4348724153517014	3	3	0.7306965808687735	-3.0653418685762155	4	4
BMP2K	0.15809649337243714	-7.8317771871631665	4	4	0.4194790066791383	8.868233154009982	2	2	0.9746215614408239	-0.4995785089905489	2	2	0.4519963544612986	-7.991869780458156	1	1
BMPR1A	0.14454128596488028	-9.254962576620565	5	5	0.435553009152702	2.9225723178103644	2	2	0.6606522698158706	-0.5332093528623397	2	2	0.6703485954696016	-1.8845221962929393	2	2
BMPR1B	0.31197139615664493	-5.99775207589514	5	5	0.3642197826147223	9.200539757603204	4	4	0.07706039503974878	4.680641541683984	4	4	0.6804051243092235	-3.3672543074411236	4	4
BMPR2	0.368601539056959	-5.792237630675224	5	5	0.3476444463049674	12.064167606604983	5	5	0.350087772555825	3.6400319880255556	5	5	0.9167058325394901	-3.6648263142044186	3	3
BMX	0.2535543906132779	-1.0109014007937596	5	5	0.41776172604909567	5.112933703349838	4	4	0.5125372997594984	-3.194386135354264	5	5	0.9056756450468624	-7.033026351981124	4	4
BPHL	0.35549441181615726	-1.9000123444123211	5	5	0.3851007357897961	4.220896790879001	4	4	0.9393464853936712	-2.46445491027213	4	4	0.43950033104109754	-5.300101499649757	4	4
BPI	0.9627795234636642	-4.563756285202299	5	5	0.4282529077397984	2.3423471525619575	3	3	0.6484021792868002	-2.937220077397562	3	3	0.8283248036226699	-2.7630421289517266	2	2
BRAF	0.7158625836550816	-2.011335253217381	5	5	0.40123171183354833	6.910354682934155	4	4	0.9180050252314872	-2.692469992700016	4	4	0.40048881543364123	-7.810535943126548	4	4
BRD2	0.26378419110849705	-8.921763394344628	10	10	0.14597871788365452	11.197475821468275	6	6	0.5545262815383563	-2.5810617845765402	7	7	0.29473314372786164	-14.509957343043098	7	7
BRD3	0.19239264674228174	0.4719401870551782	5	5	0.8253056747074253	5.418159564524871	5	5	0.4480222683827698	-5.170232291671366	5	5	0.9415245008787722	-7.107114759469936	4	4
BRD4	0.009049504345071095	-9.386257432170972	5	5	0.13950179234957694	18.228711839580782	1	1	0.013255987651944006	10.160608004400123	3	3	0.33334265231380633	0.06854296865512162	3	3
BRDT	0.8207834420498814	-2.027228908456463	4	4	0.6899657210501795	2.7582989984939847	3	3	0.8928314729386756	-1.963641612794851	3	3	0.44546773066825107	-1.426065284270043	2	2
BRSK1	0.8130908645148318	-3.001995765433097	5	5	0.5417009389231748	4.852597306860269	5	5	0.7433305842988305	-3.207606797086689	5	5	0.6055859494887654	-0.33433021788570966	3	3
BRSK2	0.4536666747706668	-5.5721653091395416	4	4	0.7666884162174201	4.287602609891736	2	2	0.108083198433245	7.435132792653332	4	4	0.3577060001916085	-0.07545276324288845	4	4
BST1	0.3002102762864932	-6.902692316716705	5	5	0.9149886544649928	3.398357311344459	3	3	0.5819471844859585	0.9559018274580587	4	4	0.23418629399159607	0.14009286703075277	3	3
BTK	0.5649221778637004	-6.027672979208056	5	5	0.4895310666857753	2.0886460670191678	3	3	0.3378719239033605	4.274305494023564	5	5	0.5687432323270151	-0.5310412683810508	4	4
BUB1	0.3757295040835529	-6.993140754808325	2	2			0	0			0	0			0	0
BUB1B	0.06834049017300803	-8.107497673573176	4	4			0	0			0	0			0	0
C17orf75	0.7019717081980577	0.060151395644403895	5	5	0.5302956798294436	11.488332823615238	5	5	0.2917838673517519	1.1237712625530762	5	5	0.6155324084201014	-6.181870241719501	4	4
C1QA	0.46092721016380545	-7.918020542663233	5	5	0.09318170503860325	16.045475833374393	4	4	0.2765327212196773	3.636221925291799	3	3	0.5091350505836715	-10.98177420423881	4	4
C1QB	0.28874851402036295	-5.687562210089368	5	5	0.9775890450594203	0.0867287852423632	3	3	0.6262067517976293	-3.4941583357464574	3	3	0.9423762779843172	0.2855149511799797	2	2
C1QC	0.4207739694516268	-5.505011745186628	4	4	0.32377447845990626	-1.0996169396794562	2	2	0.7558785280505862	-2.356626890202403	3	3	0.12119836050275437	4.370193048425054	1	1
C1R	0.3820052568369281	-4.641071462874518	5	5	0.8617331994047407	3.091491236761886	3	3	0.2969955373373563	-3.740256628248568	4	4	0.4080983516415546	-7.444170669628404	2	2
C1S	0.4996123925711774	-4.803080527680663	5	5	0.6899657210501795	2.3193942626297748	3	3	0.932227058920732	-1.745834581860698	4	4	0.7937376011426427	-3.2556797361533847	3	3
C3	0.19843062770625075	-1.6929821012632151	4	4	0.6170528519825211	5.82637940958329	3	3	0.022005182265229305	-10.153325186464931	3	3	0.03330822903708174	-17.519922596801212	2	2
C4A	0.8446127476966276	-2.834883843053413	5	5	0.5901700428990586	8.15806861114998	4	4	0.7193019004623613	-0.06334280260946445	5	5	0.986494196268114	-6.822085270743957	4	4
C4B	0.8446127476966276	-2.834883843053413	5	5	0.5901700428990586	8.15806861114998	4	4	0.7193019004623613	-0.06334280260946445	5	5	0.986494196268114	-6.822085270743957	4	4
C5	0.9380058648524916	-6.997656896475886	5	5	0.29862271666339757	9.185635198779678	3	3	0.22916471986952625	-8.596030561319559	2	2	0.03330822903708174	-17.466482066554263	2	2
C8G	0.923168884041789	-2.667481099974884	5	5	0.8499092679602628	3.128582387903371	4	4	0.42301800395951616	-6.348094296867747	4	4	0.7786567125628414	-4.129909504744785	3	3
C9orf96	0.9826255130967373	-1.8467755966133879	5	5	0.37981308104755496	1.8630134034153858	4	4	0.21836468372743112	-7.1192943111940865	4	4	0.7909789710051218	-3.7134447727173003	2	2
CA1	0.1143838415268419	-8.06620211528456	4	4	0.049233729473203064	15.411088534013409	2	2	0.12208319171804546	6.1247882131013975	2	2	0.3641108545439745	-7.715040846532248	2	2
CA10	0.6973631833490948	-2.2624435601534985	5	5	0.3745702996989678	1.614817084344266	4	4	0.9490563010421037	0.018842649455189597	5	5	0.2811506616831705	0.5092082925161483	4	4
CA11	0.45715297241338726	-2.2381530755160477	5	5	0.23836847153530583	1.608887485930013	4	4	0.0864751928665405	-7.674912352959985	4	4	0.9104736464053713	-2.5596022715544255	2	2
CA12	0.7866509198800523	-4.845844709322926	5	5	0.4520001713552888	12.253672443731185	4	4	0.1587163030058859	-6.600455530889289	3	3	0.04691155070249242	-14.067461394727898	3	3
CA13	0.025296063989940637	1.7191985120003626	5	5	0.3301599229008999	5.346078683825662	5	5	0.46248758248487876	-3.25154285176311	5	5	0.8082903871016894	-3.9807291259088586	4	4
CA14	0.010086619754905489	-9.339825877416676	5	5			0	0	0.019714824918264512	9.70940259225062	3	3	0.45617396933916476	2.4144328836760036	3	3
CA2	0.7196140050283544	-2.4936117062856282	4	4	0.8441079932691453	1.6132409573671032	3	3	0.5272834456358049	-3.291726345964865	3	3	0.9807772245834527	-0.7001299697505248	2	2
CA3	0.6385194415454449	-2.4099730076763044	5	5	0.9207070195028259	12.10490518141683	5	5	0.8355032925225724	-3.3012028713755814	5	5	0.7562998120078067	-9.915063336685106	4	4
CA4	0.9826255130967373	-3.582422683324277	5	5	0.24225447744842854	13.117401181262117	4	4	0.795572536939052	-2.660357524886297	3	3	0.18238507065899523	-10.579588753388096	3	3
CA5A	0.6296538564774289	-2.0452348972969365	5	5	0.6344222161532325	-0.15311642840193743	4	4	0.9964287148841453	-2.320155584270024	4	4	0.37402197471382537	2.587160954664596	3	3
CA5B	0.24841703568385598	-6.305241987559086	5	5	0.37981308104755496	9.845027960350771	4	4	0.2845340896522671	1.5545529580178883	5	5	0.8258231017016949	-5.793523385346282	4	4
CA6	0.33017502771952645	-1.5730106136390158	5	5	0.12166114286132601	-1.6832609028598533	4	4	0.7737191243294712	-3.0643436196989438	5	5	0.44052455086533027	2.614215308407641	3	3
CA7	0.7628253440339483	-2.438218476317498	5	5	0.3059271438734652	1.315824242175312	4	4	0.5176931064800696	3.7012073374363847	5	5	0.2513720651609612	0.13538386024000726	5	5
CA8	0.35387685638017174	-5.374834180523376	5	5	0.6800217115562243	6.159420055190115	4	4	0.7013933439483151	-1.3146777575442956	3	3	0.8547806205172963	-3.2026175586862458	3	3
CA9	0.7065912187837	-5.809962391388588	5	5	0.9328378024560585	5.339201297314797	3	3	0.6633762330473258	-3.0867187535117293	3	3	0.8139648565977974	-6.854660576446762	3	3
CACNA1A	0.9950354995945857	-5.142249012345827	5	5	0.9149886544649928	2.8367324279353743	3	3	0.6512173562498855	1.03296838598573	4	4	0.7537091772080944	-0.7458938489473154	3	3
CACNA1B	0.9925533108661876	-5.040194422796321	5	5	0.8178185521799152	5.033492785237148	3	3	0.424887721171303	-3.3547542671223263	3	3	0.7143319843313938	-6.81698757797971	3	3
CACNA1C	0.688179697089613	-7.996990849599189	5	5	0.49453005034620534	-0.8188632684954458	2	2	0.7552208694150904	-4.05741030928829	2	2	0.4519963544612986	3.266335768924045	1	1
CACNA1D	0.7670458340369236	-2.1982092780912343	4	4	0.35977802178558205	6.80050233668188	3	3	0.20985896547477179	1.5395624964383534	3	3	1.0	-3.6896803658637616	3	3
CACNA1I	0.734530327356215	-4.727417387329161	5	5	0.9955172430739164	2.974374421793472	3	3	0.41272927993493147	1.0027814058425641	4	4	0.45297359578785656	-3.016789496512098	4	4
CACNA1S	0.8203403162357867	-5.118245548664364	5	5	0.3175306364406144	4.500223089586275	4	4	0.7282815557790978	-2.785128118116081	5	5	0.129400692613534	0.753647306506851	3	3
CACNA2D1	0.339529638149655	-1.7461227623600435	5	5	0.3591122362277068	1.8163126037642872	4	4	0.27085927980280367	-5.991488665381209	4	4	0.9423762779843172	-1.3064617040000144	2	2
CACNA2D2	0.04820890542520049	2.8626636168887956	5	5	0.10275486832148992	1.6485940487641682	5	5	0.9363447250963816	-2.172703574561488	5	5	0.2002386456587133	0.43804854922389413	4	4
CACNB1	0.3002102762864932	0.811492238801499	5	5	0.3890922442519903	9.782663694570244	5	5	0.48217359552168093	-4.782012487925488	5	5	0.35987349101495014	-14.673796323914841	5	5
CACNB2	0.7386847866306863	-8.800516851241916	9	9	0.8407429931403023	12.310447401133166	6	6	0.9785688141280188	-3.680214814942866	7	7	0.8959328250581536	-7.737450537588806	5	5
CACNB3	0.4341991279061944	-5.251925337005981	10	10	0.7215870880205191	10.34331307056154	8	8	0.21125030582477833	-9.763414961087127	8	8	0.12512748661309192	-14.142615319068577	6	6
CACNB4	0.9749770795677246	-4.448545771449857	4	4	0.49387767475606503	12.306031246302227	4	4	0.4721637341400148	0.9463486044406211	2	2	0.8346227285087845	-10.404362610092885	4	4
CACNG1	0.6927657961009959	-2.7003186590058714	5	5	0.8120705148574179	6.717615215768563	4	4	0.19582035212767224	-9.580364111956674	4	4	0.3601334303089583	-10.625269412791058	3	3
CALM1	0.20544116063018047	-8.368055683697724	5	5	0.2861311863015312	10.747438135139822	1	1	0.11050205252114567	6.754805998942711	3	3	0.3141164800746591	-0.26450470509996354	3	3
CALM2	0.16059074861454992	-9.89198427009987	5	5	0.7561733177767143	4.959982770826456	2	2	0.7796249900115111	0.8379956878004933	3	3	0.7241099307622376	-4.121894564074079	3	3
CALM3	0.511545307858261	-5.392696850375288	5	5	0.37773454538502194	-0.8144703188948537	3	3	0.6512173562498855	0.40602030558850327	4	4	0.24996883087746158	3.0257873528732113	3	3
CALR	0.37862661223180816	-8.676036579984077	5	5	0.9285233690006831	3.937745817275469	2	2	0.2811328050516275	3.5699624889780597	3	3	0.5563406378078593	-0.3751031271958558	3	3
CALY	0.34672049986541154	-2.7851332375282745	9	9	0.9972922244427597	9.492998732505937	8	8	0.8386222919530164	-10.343867440356071	8	8	0.8582998589245512	-9.091380366806879	6	6
CAMK1	0.3970500199699688	0.1169433657749263	4	4	0.7520470321080464	7.034492000943683	5	5	0.8967224831732554	-2.5939383533005853	4	4	0.8082903871016894	-3.9662779972310496	4	4
CAMK1D	0.3620108064002603	-6.279713015340204	5	5	0.11934162189651298	13.666064027746117	4	4	0.30735838921005265	-5.829794643150362	3	3	0.055768024133310355	-17.164248206005993	4	4
CAMK1G	0.010949423658261369	-9.157876544142939	10	10	0.19513869580206422	12.744112705292672	4	4	0.005531320764693482	10.239214828526293	6	6	0.3439469850074647	-7.108917217164144	7	7
CAMK2A	0.006485351225940164	-10.174074955100327	5	5	0.03414401769230793	18.444380377651726	2	2	0.1251863147027609	7.703933862629775	2	2	0.1229241040898199	-8.973528307246013	3	3
CAMK2B	0.3179643374734601	-3.333353996195236	5	5	0.68392511889157	4.882394159674682	2	2	0.21836468372743112	3.792559923716555	4	4	0.7143319843313938	-0.6833710230998266	3	3
CAMK2D	0.8155056255135527	-2.1895248133028944	5	5	0.651808819761505	1.7835397844870995	4	4	0.4766647055457599	-5.792405605464747	4	4	0.8660628631556315	-1.2997278934438006	2	2
CAMK2G	0.6340800847851441	-8.3904967471372	5	5	0.8271586415575614	10.97739154829531	4	4	0.9109035476012355	-3.0818372735189183	4	4	0.5905006511793904	-7.051695868578831	2	2
CAMK2N1	0.4956678495492892	-5.693077851463944	5	5	0.6378839758062542	6.79814472287732	4	4	0.9607315985272517	-1.938104592392582	4	4	0.9791408671229712	-3.4080853405433316	3	3
CAMK4	0.16622953774183324	1.0565718894873124	5	5	0.4233208256542169	8.731619574623819	5	5	0.8417447854259017	0.18831356098990115	5	5	0.5662983738145992	-7.641454626421887	5	5
CAMKK1	0.4167994725605393	-6.0212074794909505	5	5	0.3481100526705666	-1.0339029006282872	3	3	0.06451988895863821	5.047507107205181	4	4	0.008135763855396157	4.353869643731873	4	4
CAMKK2	0.03684111674977729	1.771450241328102	5	5	0.2773379466103324	9.312588958274743	5	5	0.6036758789186417	-3.193092277491914	5	5	0.22343138909411953	-10.923279638197734	5	5
CAMKV	0.7866509198800523	-2.559577511194689	5	5	0.9806445855755239	5.380620695595373	4	4	0.5074083888459007	0.5955515093814229	5	5	0.8346227285087845	-3.3409141429361604	4	4
CAMLG	0.7205141282042609	-5.531148294899612	5	5	0.4414710411434746	-0.7489697661848531	3	3	0.43872941635734997	-3.1789207869464473	4	4	0.9273634383582613	1.999070128848964	1	1
CAMP	0.7158625836550816	-4.8666836475441855	5	5	0.6490481557326151	2.3003047387283946	3	3	0.7506419973275583	-3.072730997537469	4	4	0.9041088338302047	-2.5668224698040443	2	2
CANT1	0.40969495083753205	0.623608703049661	5	5	0.04697391921697734	-1.8943270727261634	5	5	0.0982895678335794	-10.065828208688407	5	5	0.505018275524211	2.7719850009502034	2	2
CANX	0.8908444064124187	-3.0530772523007905	10	10	0.37959977489512	16.00905802557664	6	6	0.881490454108399	-3.077939682082905	6	6	0.20476823491414287	-15.080002832303698	6	6
CAPN1	0.1024046878066047	-9.50796886190868	5	5	0.8956929321458129	4.775700768464685	2	2	0.051529780468193745	8.067892140146464	4	4	0.4262600961757588	-0.23257367559275158	4	4
CAPNS1	0.7994640642188333	-2.11560433160245	3	3	0.35157980337446804	-1.1228415987955183	2	2	0.23917025231552258	-5.301959456924129	2	2	1.0	1.3830807325071826	1	1
CARTPT	0.5236253349324279	-2.078546075300031	5	5	0.26235227280735607	1.7331822745621743	4	4	0.7848275555711997	-5.18080825362555	4	4	0.3556827490835114	-0.7655378607522096	2	2
CASK	0.5075512066461922	-8.578585564021749	5	5	0.05084785634482402	-2.1954550450820447	2	2	0.36355112321290184	3.402918781757236	4	4	0.032034967490044045	3.9450150492021763	3	3
CASP7	0.8397456615414245	-5.854257630179833	5	5	0.6013188402665999	2.19923274202328	3	3	0.7438608628845441	0.7496809105681975	4	4	0.21912311405978113	0.11011654444128578	3	3
CASR	0.3179643374734601	1.0215539608856874	5	5	0.2811842069619924	2.0255398264411775	5	5	0.8292721417757866	-5.318174545388195	5	5	0.37402197471382537	-0.11788258584497828	3	3
CAST	0.8770873321783293	-8.280463652243183	10	10	0.7420129196044889	13.051860651761997	8	8	0.4279572941711931	2.939990120569496	8	8	0.7557696666320104	-11.715128128752058	9	9
CAT	0.5755446565697776	-8.83369425623245	8	8	0.31125312752321244	15.875427153193849	6	6	0.5104520585453756	-3.304316961656817	6	6	0.8879785763849	-10.848648942771943	5	5
CBR1	0.4459350397189942	-5.869691739634173	5	5	0.7402807379176981	6.3211882875119585	3	3	0.4921848600106725	4.282406364957272	5	5	0.7995594125507082	-6.9825501206541665	4	4
CBS	0.38540232932899543	-2.1952543710497197	5	5	0.7598437280264725	5.37688364713087	4	4	0.6772168269506692	-3.062854445478466	4	4	0.9325483006907843	-6.539706365449032	4	4
CCBL1	0.042878023245833084	-9.167146415654576	4	4	0.19986588073619793	12.486271969291124	1	1	0.04352291980943432	10.824928329102393	4	4	0.3097864593785855	-3.1686251681074196	4	4
CCBL2	0.8886618518901277	-2.997155136704974	5	5	0.6835809096410527	5.487306816186497	4	4	0.23557150832634	-6.336450988712148	4	4	0.43594688289199346	-7.638051039204264	2	2
CCKAR	0.7248350137450374	-2.22712043164688	4	4	0.8004034878177372	-0.10779216423301936	3	3	0.8196528357718574	-1.9754991588764306	3	3	0.09323314516435047	3.8558694643594045	2	2
CCL8	0.38881779798671123	-8.06392001553892	5	5	0.06618116885653366	12.854409743165407	3	3	0.6193080669832095	3.068718080626961	4	4	0.24279877889186918	-12.160484045145692	4	4
CCR5	0.05570951260654227	-0.10491672065533504	5	5	0.21418000453813912	1.9187737488323844	4	4	0.04124712474724536	-9.77416925802233	4	4	0.2270843147989463	-15.793191777708515	1	1
CCT3	0.9720302389889655	-0.16025404912110264	1	1	0.38379122709431224	9.645972667023507	1	1	0.613426560736728	0.9366093319430411	1	1	0.6816361813814648	-7.138103860700701	1	1
CD1A	0.6836050357079828	-1.629866100604179	5	5	0.6943011151394684	6.353002715886021	4	4	0.04942058585723581	-9.318730107200272	4	4	0.042156681315677465	-17.142917020774192	2	2
CD1D	0.7866509198800523	-5.039186505111872	5	5	0.797051849978957	8.236452453029655	4	4	0.6779242354008781	-3.106642341194636	5	5	0.9478833410736787	-3.7224432530646943	3	3
CD209	0.16433363024360703	-7.72739230064085	5	5	0.42747200249260886	8.805284332866346	2	2	0.745568822784374	0.45562063050269774	2	2	0.4265444338667359	-7.5704886640815126	2	2
CD247	0.32403221939848137	-4.934686382995069	5	5	0.6013188402665999	-0.17681833115129564	3	3	0.07411433833820713	3.704949355062581	4	4	0.015017202800826529	4.30707881407555	4	4
CD33	0.2602854002890348	-6.216935320608939	4	4	0.5032906715876146	-0.8621768347349628	2	2	0.823778616671799	-3.631607521791387	2	2	0.15765002101829084	4.204621560808097	1	1
CD3D	0.4761970241422234	-8.509269127902929	5	5	0.7772466586084936	3.80198722541974	2	2	0.23743965504045306	3.5445018786310474	3	3	0.20013915317378017	0.5515961572680043	3	3
CD3E	0.16433363024360703	-8.29798560951823	5	5	0.34449053052481915	6.236461319091456	2	2	0.16493141705796055	3.8394582523069545	3	3	0.7937376011426427	-0.971145773977943	3	3
CD3G	0.8045610738861744	-5.0964697842207505	4	4	0.07616975212297546	-2.091435305691695	2	2	0.7716854048725921	-0.7078407410754574	3	3	0.331144186970852	2.7531110683875193	2	2
CD4	0.11472495107419094	-9.884631508975609	5	5	0.8847862201858687	4.2203136887314905	2	2	0.44315253569662993	3.4047523804619058	3	3	0.9582959881692824	-1.062025150016023	3	3
CD46	0.7628253440339483	-4.3084282841931865	5	5	0.7821079573131526	5.728514962369348	4	4	0.4282181834520472	-3.3040847016397863	4	4	0.8753424576431064	-3.5432711750396906	3	3
CD52	0.35549441181615726	-7.882093614077547	5	5	0.12386570646303387	13.756543321758356	2	2	0.22931041958288212	3.943458268270167	3	3	0.9954978743064465	-9.722197145354857	4	4
CD55	0.854364555621399	-4.9388655526909	5	5	0.6817045355351095	3.5158982923449305	3	3	0.1957307127018736	3.47805512932249	5	5	0.35183790419360206	-0.6563456923154991	4	4
CD80	0.007815103758383658	-9.371846581935017	5	5	0.0981696967340243	20.153263901139198	1	1	0.07587499373609907	9.327016604178116	2	2	0.8753424576431064	-3.9639230959152543	3	3
CD86	0.4682130878349431	-8.820915758366263	10	10	0.6838286528596941	11.775357060215867	8	8	0.6457507521884442	3.9174902803542557	9	9	0.375677121980317	-2.9611665654350303	4	4
CDA	0.1739778553904936	-8.048859432872254	5	5	0.5391364576005482	-0.6777785829475471	2	2	0.05261231511131525	6.777329693230013	4	4	0.07366207176847364	3.9503046756256595	4	4
CDC14A	0.9528644010536571	-2.3154265594802212	5	5	0.9729049712708331	5.503807856203639	4	4	0.16391553966445715	-6.714117313951885	4	4	0.30787314950254463	-7.601612501348544	3	3
CDC14B	0.4207739694516268	-7.572186062234848	4	4	0.7319735991304163	-0.47689833170774776	1	1	0.474569311304038	3.0175317406940896	3	3	0.15514939607263561	3.541773791458125	2	2
CDC25A	0.6836050357079828	-5.299551708604873	5	5	0.48249737846317997	6.238662632962427	3	3	0.8601562543221831	0.4522766828555926	3	3	0.5563406378078593	-4.215126475727071	3	3
CDC25B	0.5399566309391854	-7.7262373080500995	5	5	0.5627995691474805	4.622826523165303	3	3	0.1812685530818413	2.955336479108439	3	3	0.45297359578785656	-2.661069819032718	4	4
CDC25C	0.6474370052868004	-5.43362869909907	5	5	0.9865522952025906	2.679416804230359	3	3	0.5409137595460822	-5.363887986450067	3	3	0.8660628631556315	-6.408111553357427	2	2
CDC42BPA	0.4917399930413745	-2.133331645770158	5	5	0.3958101835191862	1.8416886385056384	4	4	0.4025903353940553	-6.418639228777606	4	4	0.9551661367621639	-2.2719824255520584	2	2
CDC42BPB	0.5733656784499663	-6.7461604597922715	5	5	0.9596721613037543	2.748508516282769	3	3	0.2704028570308369	4.618322496036107	5	5	0.5393752643239107	-3.1945522518062774	5	5
CDC42BPG	0.8058574622301209	-5.624054892360266	5	5	0.1885317324150534	12.482883617221406	4	4	0.795572536939052	-2.541652249040485	3	3	0.12345510863444276	-13.565174305618896	4	4
CDC42SE2	0.5861419721859356	-1.9209357774316347	5	5	0.18529079267075121	-1.388739886977179	4	4	0.8920028787102289	-2.499456948277647	5	5	0.2608946563559693	2.888608772071109	3	3
CDC7	0.16718355744258906	-8.311824049009553	5	5	0.5505534547710842	-1.0578353939149636	1	1	0.5395834734249869	1.069054857237161	1	1	0.29446852463267126	3.6981497255318887	1	1
CDH5	0.8106779486944853	-4.808188491508425	5	5	0.7259146806302323	11.496368482811539	5	5	0.19274431982412155	4.257871528638316	4	4	0.6652697334799795	-6.112157783105101	5	5
CDK1	0.03264500545576207	-8.883525025487046	4	4	0.0981696967340243	19.856498637992857	1	1			0	0	0.18621582177912055	-16.782927843069885	1	1
CDK10	0.6631644821083338	-4.08722315308698	5	5	0.371688604955844	2.0476278643806958	3	3	0.3954437625213312	-3.8286233069985545	3	3	0.6820945368121456	-3.1575311244056636	2	2
CDK11A	0.46471880269789956	-4.206095436401652	5	5	0.4617297748757533	1.6566366698913282	3	3	0.690364706526752	0.0685674259370636	4	4	0.21239151851507987	-2.3701048366081503	4	4
CDK11B	0.8468377455446293	-8.607919482039613	8	8	0.4385137118628315	4.957446409065863	5	5	0.1192171650579803	3.7184394387644892	7	7	0.15086213071552484	-2.767306882085387	7	7
CDK12	0.2981737812508729	-6.633946420474917	3	3			0	0			0	0			0	0
CDK13	0.556538934730302	-5.286045801159513	5	5	0.9686286237487493	5.329230055722069	3	3	0.43345537399844136	0.7759177836910404	4	4	0.9325483006907843	-6.329582991281726	4	4
CDK14	0.3426852488164457	0.7480377134436459	5	5	0.2773379466103324	1.5869615939729045	5	5	0.6318039949627923	-6.10077009138643	5	5	0.5133369238656149	-0.31434836054286386	3	3
CDK15	0.7019717081980577	-5.085980419738871	5	5	0.06293251860548299	-1.8717983163871346	3	3	0.7323604688910117	-0.7910907310013476	3	3	0.14136818017538988	2.658197836617181	3	3
CDK16	0.9182289012525874	-3.214969586618835	5	5	0.6125957104422683	9.877336045216653	5	5	0.37106158748717977	1.2947901399400077	5	5	0.7306965808687735	-3.3302150201937337	4	4
CDK17	0.5586289743677312	-8.360570943559061	5	5	0.22195788313876263	-1.5807469575034858	2	2	0.774638640884611	-4.168048673085261	2	2	0.11582216212918461	4.56907259879157	1	1
CDK18	0.8446127476966276	-5.202815033536471	5	5	0.5968850098355618	4.834143921462185	4	4	0.6043448703699581	-3.2147224771301013	3	3	0.7836748470848344	-4.73346661515383	3	3
CDK19	0.054136175865159016	-0.6094270359637687	5	5	0.17830358963729687	4.252941728478793	5	5	0.17710696585863206	-10.35741980417839	5	5	0.6703485954696016	-2.9511819226914002	2	2
CDK2	0.16910409270763005	-1.4314120202409157	5	5	0.013520793907028972	-2.2599685497978137	4	4	0.923649354366945	0.3158560871780696	5	5	0.03837402805601951	3.847570302979124	4	4
CDK20	0.01248327265244499	5.79959011701937	5	5	0.5023260593146306	1.2027303525470743	5	5	0.15283722907652406	-9.629873650288763	5	5	0.7909789710051218	-5.616430231809025	2	2
CDK3	0.38549689837476864	-6.725477970651267	4	4	0.32377447845990626	-1.2353579672329138	2	2	0.1812685530818413	4.421712427900464	3	3	0.038872316856963206	3.925382668065469	3	3
CDK4	0.9727004053932512	-1.2858603356713456	5	5	0.2773379466103324	2.83673683442064	5	5	0.7193019004623613	-0.8897873782260568	5	5	0.1154209856940596	1.218198172133394	4	4
CDK5	0.6790419600920736	-4.833706336626651	5	5	0.28357313610865664	4.884808299974323	4	4	0.9617808560530875	-3.1955265463911484	5	5	0.8139648565977974	-0.7638808573279791	3	3
CDK5R1	0.830030029603947	-5.81482586756702	5	5	0.5477323952642674	2.0333412078188355	3	3	0.9256896551768935	-2.653991575470229	3	3	0.5476011867063071	-3.1160844078014143	3	3
CDK5R2	0.1624540567295103	1.4206116627523875	5	5	0.805145109258814	4.400626388290474	5	5	0.6837796802486318	-5.270952359851084	5	5	0.8856559261797309	-2.48187531937056	3	3
CDK6	0.45233409261675406	-9.535516718722869	10	10	0.6274642038710696	15.823593842150617	8	8	0.19566570102070024	3.566220913389252	8	8	0.984283742047956	-9.885938128853157	8	8
CDK7	0.25380032996559443	-7.055435483672756	3	3			0	0	0.026383899107964084	10.740423732265711	2	2	0.13732463494998964	3.8459730772634204	2	2
CDK8	0.590429892473969	-2.3118996779473044	5	5	0.797051849978957	8.877058808503904	4	4	0.4244941032422793	3.26643121457575	5	5	0.747474359379231	-8.373694405918043	5	5
CDK9	0.400916223171742	-8.597908315338257	5	5	0.8705722637434026	4.898002816881539	3	3	0.3269703298430596	2.9635223020784096	4	4	0.40277651607707676	-0.012147451059283535	3	3
CDKL1	0.4061698612539234	0.7954120798712442	5	5	0.8864301314071137	9.518562807054247	5	5	0.36680560271135787	-6.42893703358484	5	5	0.3577060001916085	-11.146718841343285	4	4
CDKL2	0.9677393402932807	-4.807166488797453	5	5	0.06956675057646922	10.534994250088223	3	3	0.7303584933309185	-1.8880072780093873	4	4	0.2811506616831705	-14.22840129787958	4	4
CDKL3	0.8305772556629856	-8.287262969701125	9	9	0.08159447736541607	4.753090275384873	6	6	0.4873718681723578	-3.2341585214074176	6	6	0.2614889143752971	-2.9287983122426815	4	4
CDKL4	0.6699511523320392	-2.648674680970099	5	5	0.9883860222523053	6.416552848619546	4	4	0.008833414837806823	-10.328819429676008	4	4	0.017062590469952503	-18.746935998822877	2	2
CDKL5	0.09854021838108856	-0.5325831446373287	5	5	0.7524653116266203	4.956265381456876	4	4	0.36680560271135787	-4.113909470505648	5	5	0.6949175576173119	-4.160094577718209	3	3
CDKN1A	0.830030029603947	-3.067310015473673	5	5	0.33425458174009104	10.264551692055223	4	4	0.8983200688437224	-0.28181768699569254	5	5	0.3346019542160441	-8.103515954971451	4	4
CDKN1B	0.20544116063018047	-7.567427318367642	5	5	0.022880474897707795	15.676292579816126	3	3	0.2198654551797944	-9.912373915264007	1	1	0.003267030051918718	-19.00157195256891	3	3
CDKN1C	0.0777369772967558	-0.32746958165858153	5	5	0.9965467954619968	8.282695609322033	5	5	0.8417447854259017	-0.9728460504776244	5	5	0.9325483006907843	-4.1167645206100785	4	4
CDKN2A	0.24297066572518944	-8.512362284619531	10	10	0.25814013461694596	18.198100076697195	6	6	0.30347212144530467	2.882083428335566	6	6	0.35263239967510296	-14.214980563004445	7	7
CDKN2B	0.05651035600566551	-0.3922120524694675	5	5	0.6873156375072493	8.056712500742584	5	5	0.4766647055457599	-1.7868620847817491	4	4	0.8967405044802678	-6.189718586668765	4	4
CDKN2C	0.05226962487480704	-9.349685445085354	10	10	0.7744684353190315	-0.04582221673441378	3	3	0.02305258768695716	9.292199317422583	6	6	0.0035439870598629923	4.821194049475625	6	6
CDKN2D	0.46471880269789956	-8.724602128955508	5	5	0.1335898752063249	9.706058075199254	3	3	0.11843908015380394	3.0961963541754076	5	5	0.8744622015493321	-4.016597576052573	4	4
CDKN3	0.4761970241422234	-3.4458930330788697	5	5	0.21239572860832112	11.132889733961115	4	4	0.4178549877261867	-8.525464947398904	4	4	0.048378914940716056	-14.01294986764705	3	3
CDO1	0.15509772099057295	-8.242579830704942	5	5	0.4549198007785964	9.392193113172993	3	3	0.23743965504045306	3.6155456214291193	3	3	0.5611133531647523	-7.351565343284637	4	4
CEACAM1	0.4354178660962179	-4.464187139532503	8	8	0.6233475669466284	8.903223157186359	7	7	0.992500386647914	-3.174238395517669	8	8	0.40934222883776206	-6.670477132504591	5	5
CEACAM5	0.37192472559761924	-8.315187673130112	5	5	0.03286848924593204	19.188270957990483	5	5	0.39037468719102675	-4.579989244218899	2	2	0.013697748320021687	-17.617683320784767	5	5
CEL	0.923168884041789	-1.3888435845987857	5	5	0.731810421723722	-0.28483821169301865	3	3	0.4574761261451168	-3.082420717278859	4	4	0.7496742692924563	2.513829323862061	1	1
CELA1	0.365296891391101	-4.019052551910005	5	5	0.7821079573131526	8.516690494143118	4	4	0.36355112321290184	-3.8502037500439936	4	4	0.3556827490835114	-7.844098004561436	2	2
CELA2A	0.6164552554061412	-1.8375133222428175	5	5	0.042047011291236516	-2.599167680726033	4	4	0.0915195819744402	-9.266968751674735	4	4	0.15765002101829084	4.213066629064355	1	1
CERK	0.642971793323641	-5.088919451949537	5	5	0.6571523066131331	5.571867526910796	3	3	0.7642617308063044	-2.4074037800739903	4	4	0.4641144340452932	-7.04437048118752	3	3
CERKL	0.30080229024841	-4.561735337328374	10	10	0.9377842249959774	10.738711963688898	8	8	0.11905250284544859	7.637378859836299	10	10	0.23793263344707283	-8.365038334919165	10	10
CES1	0.26940844900654703	-1.6009288651259803	5	5	0.7652227642488436	8.167257702158508	5	5	0.04352291980943432	-9.537538886934447	4	4	0.039008603188134906	-17.328102082795716	2	2
CFB	0.590429892473969	-5.262266720813783	5	5	0.22277660800081023	-1.2287852454418424	3	3	0.5971344532108822	-3.1171219612338206	3	3	0.3077280768410524	2.8243405589752433	2	2
CFD	0.910824884188636	-5.011580752772436	5	5	0.9955172430739164	2.9526413920323864	3	3	0.6709144732057518	-2.774375632250182	3	3	0.6661707096834564	-4.155757549902803	3	3
CFL1	0.8837478620129392	-8.55062194657638	5	5	0.8091617172026402	3.6945050999691276	2	2	0.06052649126233913	-10.121257238534184	2	2	0.10563348227890615	-17.8879137318947	1	1
CFTR	0.7675733183860726	-2.019895499014098	5	5	0.7895702283825207	2.343192483022937	4	4	0.28473017002101375	-6.5928344046828515	4	4	0.6757011822409351	-4.1367047944495345	3	3
CGA	0.09441020349027139	-8.945682369903553	9	9	0.5078568779189758	12.699317540402603	5	5	0.3500576395292022	-1.7645775170786895	6	6	0.9505081346935688	-7.675185137566573	4	4
CHD1	0.2011547296573719	-7.392357809584849	3	3	0.0981696967340243	20.291410193908852	1	1			0	0	0.15765002101829084	-17.217839398985877	1	1
CHEK1	0.2538002377004335	-7.171590768018919	3	3			0	0			0	0			0	0
CHEK2	0.8739336054079389	-3.072570090118335	5	5	0.2792385652861885	0.9247963881431728	4	4	0.8542572694703717	0.11991807353032143	5	5	0.6076174837814818	0.20446891394645514	4	4
CHIA	0.7723300320326737	-5.243319832227908	5	5	0.5062131185383894	4.295348833620203	4	4	0.8684635531987298	0.010276284635218605	4	4	0.7836748470848344	-0.5387095608663642	3	3
CHIT1	0.5155557559083246	-1.7663995552500271	5	5	0.5124410706098497	2.2151346635741516	4	4	0.3730818404202616	-6.219562365286542	4	4	0.9478833410736787	-3.753076654358934	3	3
CHKA	0.5075512066461922	0.3705502890946972	5	5	0.8388112329253832	6.642652238160761	5	5	0.9299948128999199	-4.86309463314348	5	5	0.7562998120078067	-6.748347159168255	4	4
CHKB	0.8370828376302666	-2.3351277304702402	4	4	0.5935203526495989	2.1507237641539807	3	3	0.6256353229000864	0.31336523332859006	4	4	0.2711977273774755	-3.1472542778390404	4	4
CHM	0.38881779798671123	-8.405475142645168	5	5	0.09911650242301573	14.059881448213018	2	2	0.5883192768533956	-2.1500341093968385	1	1	0.05697975600203682	-13.812483368260068	2	2
CHRM1	0.8106779486944853	-2.6757901736808125	5	5	0.3904331458078071	6.63410824541468	4	4	0.9857155692016218	-2.0311797183135725	4	4	0.5535333528659048	-7.539576741938649	4	4
CHRM2	0.35549441181615726	-5.883812299974181	5	5	0.7658774872024416	2.70690532734354	3	3	0.8684635531987298	-3.1127825845060477	4	4	0.7058164680531573	-2.0375205308872597	2	2
CHRM4	0.277585406377868	-9.726086732330124	5	5	0.6144610494100067	-0.6780841524515937	2	2	0.5105601786286087	3.017869417050288	4	4	0.13960852807658458	3.3499913604225995	3	3
CHRM5	0.9527543760758079	-4.752233422606637	4	4	0.371688604955844	9.278898918322218	3	3	0.745568822784374	-4.109847403291848	2	2	0.18510552102127187	-12.119352358523066	2	2
CHRNA1	0.48005734270335876	-4.043255171562615	5	5	0.6571523066131331	5.529666780005766	3	3	0.9109035476012355	-1.137943906667821	4	4	0.8434431122303214	-7.176835226443846	4	4
CHRNA10	0.5075512066461922	-1.5808592759566016	5	5	0.3904331458078071	0.31669215743316875	4	4	0.24684742415766503	4.300606746622479	5	5	0.17757630054256668	3.540183323912801	5	5
CHRNA2	0.020463522465092022	-8.912977978616466	5	5			0	0	0.029084527484894342	10.781971855682698	2	2	0.08713465724162658	3.9725481942676737	2	2
CHRNA3	0.5947321962831491	-0.2691527248773519	5	5	0.3521059663418048	9.945378828018525	5	5	0.7737191243294712	-2.354001184389921	5	5	0.3651769592931742	-10.993916203898882	5	5
CHRNA4	0.4956678495492892	-2.5589970889707465	5	5	0.19181429298566155	-1.3323578380244214	4	4	0.8292721417757866	-3.336160414857393	5	5	0.1579837253808719	3.4662670931140305	3	3
CHRNA5	0.6790419600920736	-3.7885964278070343	5	5	0.5328674030898859	2.1490639928469406	3	3	0.7169391818293538	-0.6815915902913737	4	4	0.5829597999420405	-0.3713125139749434	3	3
CHRNA6	0.7205141282042609	-4.393853522177676	5	5	0.6448308255888252	5.985336446393579	4	4	0.18758049894940998	3.5924998010263685	5	5	0.40684227561527353	0.07844800267490548	4	4
CHRNA7	0.6973631833490948	-1.3695769278797973	5	5	0.9458411513061213	6.068805857586493	4	4	0.8967224831732554	-2.032485559664959	4	4	0.8650501184450475	-3.4397709576773607	3	3
CHRNA9	0.8203403162357867	-7.593749706870387	5	5	0.2848292464607334	9.510644122421013	2	2	0.4618580191122228	3.47659001575302	3	3	0.9478833410736787	-4.183452915211945	3	3
CHRNB1	0.7251760390475201	-7.6506149600606355	5	5	0.8794275253645891	7.966589523459582	3	3	0.28799142629878505	-5.173605530679053	2	2	0.1798357575606958	-12.326684733601834	2	2
CHRNB2	0.3179643374734601	-1.1231939227997843	5	5	0.5768455670526036	6.505189088239665	4	4	0.7554410518261617	-2.738646747691346	5	5	0.23381448917448722	-8.063414752065212	4	4
CHRNB3	0.1281826310354296	-8.323366007295997	5	5	0.6315815854958577	-0.784410200204599	1	1	0.09318193989664511	7.09006132017936	3	3	0.07121943892052889	3.7426445697289843	3	3
CHRNB4	0.9182289012525874	-5.3549932628796535	5	5	0.8455821211167693	11.863861430718364	5	5	0.6969741589899937	-3.2547048913470094	4	4	0.7537091772080944	-6.460644941654619	3	3
CHRND	0.8788384283728083	-2.5071803795073073	5	5	0.9896406451111373	5.403366645844412	5	5	0.8230517128228774	-3.084500740913407	5	5	0.8547806205172963	-1.9970968097623347	3	3
CHRNE	0.8788384283728083	-5.678187139304534	5	5	0.3255050129228344	6.8863683154333915	3	3	0.3783847691234835	-5.760971268460836	3	3	0.08922659382847777	-11.076080109514463	3	3
CHRNG	0.26404987360479193	-0.9217950368778068	5	5	0.9342596937976486	2.716455266341074	4	4	0.6004962749074738	-5.863464797925502	4	4	0.8241261146639588	-3.822293805789512	3	3
CHUK	0.2613983340060001	-1.5633916804327412	5	5	0.7389431665234396	12.598960289842069	5	5	0.6512173562498855	-2.755318605227942	4	4	0.4626457283562708	-13.769287451191055	5	5
CIB2	0.9975177382557646	-2.9444561844127617	5	5	0.3059271438734652	2.38862936140614	4	4	0.9038091799800312	-2.3266838855300347	4	4	0.13273684784334738	0.48382810536846854	3	3
CIB3	0.29876110423478897	-5.769965645776316	5	5	0.7487826623978457	3.2967156054827575	3	3	0.24157975133406318	1.5120232027860183	3	3	0.5133369238656149	-0.21386311904276192	3	3
CINP	0.2401910076191669	-7.269722458393336	4	4	0.08328164753933488	14.48951285112303	2	2	0.053909300779424116	6.426519286787189	3	3	0.40277651607707676	-5.414991363009065	3	3
CIT	0.4996123925711774	-8.936866901057483	5	5	0.17934277021574385	10.229932302844604	3	3	0.12472162667966838	7.112996202740369	4	4	0.7247211067927128	-7.706361086129083	5	5
CKB	0.98758917176213	-2.9406089825449917	5	5	0.7231833113381831	2.198234591811669	4	4	0.6383725272171603	0.44278792716166643	4	4	0.4666770094381949	0.1319368184031419	4	4
CKM	0.5845402645899347	-6.126254781961648	10	10	0.9377842249959774	9.757809148206524	8	8	0.7817934539597597	-9.000810743146173	9	9	0.9215405038771076	-14.279923624797078	8	8
CKMT1A	0.21116407625231814	-7.715242041372524	10	10	0.644075135578807	9.4781351900439	7	7	0.057357814853301686	-10.033077629010453	7	7	0.1668369813797499	-10.912637064285297	4	4
CKMT1B	0.3280360250863332	-8.828430301342694	10	10	0.12563588931261746	1.2583670131104483	7	7	0.07848546919059167	-10.512157763878447	7	7	0.7648956320274692	-3.209812811633096	4	4
CKMT2	0.9182289012525874	-2.4178969437228894	5	5	0.17278529577720558	12.733676797387266	5	5	0.2635207546686662	0.5804632742300782	5	5	0.3813781926984462	-10.760634164341036	5	5
CKS2	0.0047765329436513584	2.620440279099184	5	5	0.7718364652671661	6.240907070678596	5	5	0.03859300242320866	-9.844519022649203	5	5	0.12613002386675565	-10.910357612653245	3	3
CLC	0.7251760390475201	-6.045730390332536	5	5	0.3255050129228344	-1.0232801618048342	3	3	0.42301800395951616	-2.7975195936333628	4	4	0.2270843147989463	3.9078817980115685	1	1
CLCN2	0.6609084332288035	-1.9862706236797998	5	5	0.6800217115562243	1.9797171869896435	4	4	0.901481068485573	-2.611785285468342	5	5	0.3460311401410645	-2.711946459835739	4	4
CLCNKA	0.726563694408819	-9.43413330309007	9	9	0.1915549775831572	15.458139506109282	7	7	0.9170938868861293	3.4458428601146895	7	7	0.08943088071617566	-14.204362728957355	6	6
CLEC3B	0.339529638149655	-1.445168087378672	5	5	0.3703123377739097	12.08783764286301	5	5	0.8856925347324585	-0.4400839355006323	5	5	0.4876566540526557	-8.346617886691154	4	4
CLK1	0.7723300320326737	-5.450102608595855	5	5	0.25406912816089056	7.728928288137517	3	3	0.8928314729386756	-2.2489700201196365	3	3	0.15042515544199686	-8.40663883387739	3	3
CLK2	0.8397456615414245	-5.184219586279829	5	5	0.8617331994047407	5.838992599989766	3	3	0.15567600501813117	-6.78228279736073	3	3	0.1211223228811836	-13.274468617591738	2	2
CLK3	0.28285644459743253	-9.007491038275617	10	10	0.2631493801119178	16.13115251167522	6	6	0.48217359552168093	1.090481085055618	5	5	0.5009766144397391	-15.001905868831203	6	6
CLK4	0.7439241727893908	-5.840542575345292	5	5	0.37773454538502194	1.7593098981821367	3	3	0.8333789191142353	-0.6230501704534442	4	4	0.7636590663535476	-0.7015585272571935	3	3
CLPB	0.6142268466549183	0.40033003413310686	3	3	0.17573061690603475	10.151881338682257	3	3	0.8040278956683495	-3.9462820588864798	2	2	0.1211223228811836	-12.47362152361447	2	2
CLPP	0.5236253349324279	-5.730787695599207	5	5	0.24030234125908256	6.8987339157648835	3	3	0.5409137595460822	0.8945342604946939	3	3	0.5049486807858136	-4.432940180890426	3	3
CLPS	0.9429565692353546	-4.637862819120825	5	5	0.6409853403204562	-0.4164400203470411	3	3	0.3954437625213312	-5.780619023409663	3	3	0.24510452828522722	3.8224147817874305	1	1
CLPX	0.48393466124961637	-5.867965273585516	5	5	0.6309687826646742	9.642115341215069	4	4	0.5272834456358049	-5.521765150613379	3	3	0.1250254791133371	-13.05761108499927	2	2
CMA1	0.0716551322381904	-8.704367711961202	5	5	0.30387702098213154	9.495481440701965	3	3	0.688539573596178	-4.3517020033111535	2	2	0.13312527278221614	-12.686676383294156	2	2
CMAS	0.027841072330479538	2.427401587828541	5	5	0.6873156375072493	9.368015433920023	5	5	0.5761247749445226	-9.104251359594569	5	5	0.40684227561527353	-13.604844197397137	4	4
CMPK1	0.5861419721859356	-7.135630045488664	5	5	0.18529079267075121	14.229915022923697	4	4	0.2765327212196773	1.5772205929745102	3	3	0.5841500112145079	-10.51339022166981	4	4
CNKSR1	0.9194944554087958	-4.9779695492105285	4	4	0.2607011539482684	9.401448466937634	2	2	0.27660030999132057	-5.449239827249864	2	2	0.1030180418608657	-13.279327757447408	2	2
CNKSR3	0.4167994725605393	-4.066427683152745	5	5	0.22923813146442384	1.600860972832302	3	3	0.40007893381965143	-3.447265802939866	4	4	0.5362947692730948	-3.4305591547499907	2	2
CNR1	0.22518838264353402	-8.090570377647794	4	4	0.42747200249260886	9.483618836404899	2	2	0.48164753579015074	1.4510747138800608	1	1	0.7786317183153296	-7.143185094452923	2	2
CNR2	0.9925533108661876	-2.781415035514272	5	5	0.7821079573131526	6.713217493256647	4	4	0.36829729255679833	-8.406782069847447	4	4	0.3204425120495501	-10.451755062000098	3	3
COL2A1	0.8641386635045638	-4.19142400046293	5	5	0.10834544970632491	16.272946310637902	5	5	0.24634497221939056	4.13437843906781	4	4	0.3000410088139738	-11.396075742263916	5	5
COMP	0.9034286361076764	-6.683819526245887	5	5	0.18752321777447734	9.849317507640047	2	2	0.14972829310810434	3.8291176132379032	3	3	0.7636590663535476	-3.3900492937325297	3	3
COMTD1	0.24084828230162136	-0.09786139702739376	5	5	0.3258793207978927	-0.5436333933288683	5	5	0.6432093456197832	-4.74180375107809	5	5	0.21426011079281937	3.118360066002482	3	3
COX5A	0.34585954525067697	-8.400392924865928	5	5	0.7043077228248902	7.809214455661895	2	2	0.3672678951495144	3.2776542438613814	3	3	0.6703485954696016	-1.2807929494676835	2	2
COX5B	0.5890558939614949	-5.482594950511199	4	4	0.5627995691474805	8.943579794122854	3	3	0.03305300089800282	-10.607411657481748	2	2	0.030735982222021015	-17.90726130609179	2	2
COX6A2	0.01434909650072186	-9.478165298566399	5	5	0.8525001849209676	1.3903952840860985	1	1	0.0208325833320603	7.961182649411072	3	3	0.12613002386675565	3.4250004374483516	3	3
COX7A1	0.05394090261011478	-8.593759746578408	4	4	0.1921854753410971	10.867954107530203	2	2	0.17943769462384374	5.233137544891894	2	2	0.5651475592471655	-4.9085473719914114	3	3
COX7B	0.7914408970790019	-7.132171022101921	5	5	0.2910900892917013	9.41557495297523	2	2	0.08017205314810134	-9.783846352436914	2	2	0.034661999572770046	-17.62816183103238	2	2
COX7C	0.0407753281452291	-8.585123989017628	4	4			0	0	0.2065996579445707	9.38189457015599	1	1	0.1510564044067528	4.279670407425656	1	1
COX8A	0.8251818436098276	-7.876766169678471	5	5	0.03654905412034967	-2.730690240687414	2	2	0.18359624681790943	-9.109381306893729	2	2			0	0
CP	0.7205141282042609	-7.979096654870406	5	5	0.7249049401229793	4.399408411416961	2	2	0.5287679207321777	-4.64414934119286	2	2	0.44546773066825107	-7.472298278230056	2	2
CPA1	0.129504621132674	-7.577604902628361	4	4	0.5856729259166228	8.407426929834024	2	2	0.3123148584145812	-9.355669674584364	1	1	0.08739582708325848	-18.925780422762546	1	1
CPB1	0.9776625269673598	-4.4333036896023446	5	5	0.10686158660613695	-1.554079741135304	3	3	0.34039815058774403	-2.9548703329682877	4	4	0.20591386492251962	3.95467600949051	1	1
CPD	0.1624540567295103	-1.2717430311989733	5	5	0.2850665135273045	11.704181981873155	5	5	0.6432093456197832	-0.41353862525709545	5	5	0.3651769592931742	-10.720444106755338	5	5
CPE	0.6077242126538864	-5.5894696385587785	5	5	0.39623296890775006	-0.8653233209725357	3	3	0.6706792786329957	0.04483457707384031	4	4	0.7736481427740518	2.0472466196065313	3	3
CPO	0.8251818436098276	-4.542205197156707	5	5	0.48777081628666497	9.373777227135097	4	4	0.9917314702323718	-2.5341807833095746	3	3	0.4101670005354886	-7.6805626321492655	3	3
CPS1	0.12056216303094612	-0.9498467661047253	5	5	0.6526322515222536	5.644026022441636	5	5	0.3182122389895108	-6.1551088532234814	4	4	0.7736481427740518	-3.912184265814119	3	3
CPT2	0.05814080347511125	-9.304144733612432	5	5	0.49661958459110656	8.94901168409678	3	3	0.6784859792010439	-3.1091245559879375	3	3	0.22908579873911206	-10.681799957692425	3	3
CRAT	0.04220213427976879	-9.97488797365182	5	5	0.11964199674753521	10.231855795860975	3	3	0.22532091353699824	4.317960013475207	3	3	0.8170453009277164	-7.863591816040092	4	4
CRB2	0.7290744032689376	-9.610459347645902	10	10	0.8871774270648018	11.582000455443742	7	7	1.0	3.99576624959342	9	9	0.9326592341473816	-10.707001520597144	7	7
CRH	0.16622953774183324	2.240249593976421	5	5	0.6432983503533377	5.692974354273585	5	5	0.4772097917872862	-5.466892822899066	5	5	0.8038348087872224	-4.0237815547334685	3	3
CROT	0.04065052001917868	-9.036275463722722	5	5	0.5120522328057036	-1.1354805378091601	1	1	0.9644759375975938	-0.7641085642793035	2	2	0.9454895850192585	1.6808579279434754	1	1
CRP	0.4422308647069777	-1.8939660336755813	5	5	0.16819902060553993	-1.6549810128917144	4	4	0.8473770774608975	-5.315029346086114	4	4	0.09640835542469206	3.857626112502885	2	2
CRYBB1	0.9677393402932807	-7.84251522547968	5	5	0.9806445855755239	11.657586806607007	4	4	0.5005584680823236	-3.334820796702614	3	3	0.09171520159548441	-11.246163065144232	3	3
CRYZ	0.7675733183860726	-5.021194793227155	5	5	0.6658561515080483	4.898981554679236	4	4	0.9092411559816673	-2.3030280700978065	3	3	0.3601334303089583	-2.7403363511842613	3	3
CS	0.7986405610359386	-4.641944675984603	5	5	0.9507207862589255	2.633477725307897	3	3	0.4878243606470055	0.7368755624436586	4	4	0.5389301710621042	-0.14554741829639686	3	3
CSAD	0.16647453841827986	1.1747667965825344	4	4	0.3059271438734652	2.260000508603234	4	4	0.035797171156720674	-9.678622916774058	4	4	0.34737875868023205	-7.9815100998487125	2	2
CSF1R	0.14799712661379558	-8.555387021361868	5	5	0.5575271416393679	8.666636762827533	2	2	0.348308869154234	3.1204518501860874	3	3	0.8534450846924276	-2.666645691349981	2	2
CSF2RA	0.3038879916841194	-1.521134901897575	4	4	0.25406912816089056	1.2825937342566638	3	3	0.11283521440865038	-7.371477219848159	3	3	0.29446852463267126	-9.04965456495247	1	1
CSF2RB	0.17518208063883023	0.9873182481840885	4	4	0.33913524261838335	-0.9060972678485569	4	4	0.3975773540496427	-5.856040259596444	4	4	0.6128674230723354	2.3779686254371226	2	2
CSK	0.5317592123415387	-2.0784431276056723	5	5	0.41336568607601687	13.097424597512664	5	5	0.4017043625448462	3.0083657415794605	5	5	0.6579750176492922	-7.986887141328978	5	5
CSNK1A1	0.9774813008905645	-4.0206073717267	3	3	0.4511476761767489	9.309058955283477	1	1	0.12074601780447844	-10.786554753622612	1	1	0.09616912006818926	-18.524354234526324	1	1
CSNK1A1L	0.6385194415454449	0.2121563910055376	5	5	0.5532273238028054	10.495268112046192	5	5	0.7676119195973456	-5.883407806696797	5	5	0.2811506616831705	-11.305588244751576	4	4
CSNK1D	0.556538934730302	-8.65613575692439	5	5	0.12386570646303387	-1.85218871807555	2	2	0.41295941769486255	3.5934937247643273	3	3	0.06340115683245598	3.8417928315169085	3	3
CSNK1E	0.6164552554061412	-5.212425440110316	5	5	0.7895702283825207	7.899235294057102	4	4	0.7986230392967869	-3.614183768005623	4	4	0.6379060901010708	-6.645626401789293	3	3
CSNK1G1	0.89358008027059	-5.651912381689226	5	5	0.4088637527597777	1.9004595827558781	3	3	0.1745951361069107	-6.655889286673933	3	3	0.9935918570986044	-6.677677671481506	2	2
CSNK1G2	0.8106779486944853	-0.4113420104991851	5	5	0.7951122056958868	6.140444757104363	5	5	0.901481068485573	-2.4334937476849174	5	5	0.7137909585758364	-4.492151403779283	4	4
CSNK1G3	0.017907959607045103	-9.59147194590514	5	5	0.7666884162174201	7.685526446372257	2	2	0.01298588428789237	10.115417191740184	4	4	0.07928479715834788	1.2961985298912388	4	4
CSNK2A1	0.8739336054079389	-4.996117671215205	5	5	0.39387626711133283	16.013957164492286	5	5	0.07299813097593894	-9.18832654613382	3	3	0.012072487784279232	-16.913083823213302	3	3
CSNK2A2	0.9429565692353546	-2.5313910411235834	5	5	0.7231833113381831	2.802084575838847	4	4	0.654699394960732	-2.3901428436730563	5	5	0.2721463993628561	0.08775119582687048	3	3
CSNK2B	0.9975177382557646	-3.031307471691606	5	5	0.3105344656759489	2.33209262568425	4	4	0.21503453991230503	-9.057610084400642	4	4	0.338462942041994	-8.512344844404733	1	1
CTDNEP1	0.642971793323641	-2.042860205282676	5	5	0.9651679075663795	2.5801075054931015	4	4	0.6604754577448618	-3.728349936343255	5	5	0.6661707096834564	-2.2747222519176518	3	3
CTDP1	0.18610157077844247	0.7462612320612391	5	5	0.12232618907381719	1.900658526604173	5	5	0.13741494346279767	-9.531036223563119	5	5	0.7786317183153296	-5.521557467329503	2	2
CTDSP1	0.19883867151871037	-8.232606795309689	5	5	0.48249737846317997	8.635239541377869	3	3	0.6576791205922384	2.7648842408077647	4	4	0.6949175576173119	-4.558764794978095	3	3
CTDSP2	0.8010443417528704	-4.2757477207224115	5	5	0.5000252127677114	8.844950387969918	4	4	0.9504198839584824	-2.265397196591422	3	3	0.3533121947871367	-7.382699363460354	3	3
CTDSPL	0.7251760390475201	-2.185669988614706	5	5	0.6448308255888252	9.663467641717068	4	4	0.10326148592098482	4.4869351431281475	5	5	0.4749959143995396	-6.810636639177404	5	5
CTH	0.8446127476966276	-5.499765056450715	5	5	0.014985146381632527	-2.387642394150323	3	3	0.03363116252898518	-9.891596998884724	3	3			0	0
CTLA4	0.09417975687050288	-9.56109113764331	5	5	0.7043077228248902	3.6477666363720145	2	2	0.9340801021194987	0.09337041822702835	2	2	0.7117927663077364	-1.9831367437652214	2	2
CTNS	0.9776625269673598	-0.8016896255122691	5	5	0.25864544596232786	10.114045635057735	5	5	0.47227408646913205	-8.786423833942962	5	5	0.07549892705744354	-14.261329851741872	4	4
CTRB1	0.39917423971230637	-7.994808645372104	5	5	0.3104243728495618	-0.5624591324754684	2	2	0.20848437699439026	3.62771958082741	4	4	0.10500615743814905	3.3639151296009424	3	3
CTSF	0.368601539056959	-1.7602217284305592	5	5	0.8591576798181733	13.470047440808328	5	5	0.8825743359168742	-2.3055079832794676	4	4	0.7306965808687735	-10.44850530595294	4	4
CTSG	0.3002102762864932	0.9916707049018688	5	5	0.5590352533110505	10.558108721166368	5	5	0.31427251000011913	-8.724921592466522	5	5	0.05463938506298668	-11.377338505129904	3	3
CTSH	0.24299271938425449	-5.786314791911171	4	4	0.15720206563660102	10.425383977647328	2	2	0.6241955893425244	-4.478057269755004	2	2	0.0658837077690831	-13.332181773022567	2	2
CTSK	0.734530327356215	-8.071017575286703	5	5	0.18752321777447734	10.003449920559744	2	2	0.8439044130872685	0.21457700301812835	3	3	0.3399166751811209	-7.579303848438251	3	3
CTSL	0.109358215907294	-3.749839167274033	10	10	0.9269920967381817	9.00666811077305	8	8	0.21125030582477833	-9.331242653181974	8	8	0.3187183595916725	-16.075142040606362	7	7
CTSS	0.569976438432513	-4.233481807130482	4	4	0.518209284259393	8.623423148889557	3	3	0.9239672814609735	-0.13679840696926884	2	2	0.41763748659739	-7.309258838974903	3	3
CTSV	0.2509765393516753	-3.373903705240418	5	5	0.674622456662455	14.512282376997058	5	5	0.2928684155886322	-4.607366490647419	4	4	0.07541540396030966	-11.494870375802712	3	3
CUBN	0.20322285543989416	-8.055811581558908	5	5	0.19308555946974781	-2.0234838891241864	1	1	0.913866734634573	-0.37300756630695187	2	2	0.29446852463267126	3.6692138369622898	1	1
CUTA	0.6654237100494569	-8.32050245448524	5	5	0.9507207862589255	5.067802584996287	3	3	0.4871653392316776	3.478252489655819	5	5	0.8959888013798673	-0.9816307263907049	3	3
CXCL10	0.0009428222489424249	2.7482077009061396	5	5	0.11417404920021894	1.2116748622835793	5	5	0.025865177974743966	-9.88442299283944	5	5	0.4658179681935668	-7.955234344997592	1	1
CXCR1	0.4312245790918473	-4.703002457389679	5	5	0.18209124735167226	4.714997009172314	4	4	0.43872941635734997	-4.228132875002852	4	4	0.6661707096834564	-3.397349078044023	3	3
CYB5A	0.9776625269673598	-5.779662086440763	5	5	0.29342942129780336	1.761870344820687	3	3	0.9173087508134828	3.6450520890504925	5	5	0.3204425120495501	-0.18406224926268125	3	3
CYB5B	0.40969495083753205	-3.804481936297256	5	5	0.18673218431587135	-1.254935753743215	3	3	0.7779547855613949	-3.292761884584648	4	4	0.2507602126262475	3.285746451874691	2	2
CYB5R1	0.9975177382557646	-5.298629903379369	5	5	0.2143652036028061	1.1803696263952668	3	3	0.48747039090833144	-3.288797027573791	3	3	0.44546773066825107	-1.3395655243556295	2	2
CYC1	0.9250295869810164	-4.095973245789922	4	4	0.4025186582909055	9.142467399529744	3	3	0.14865785340943935	-9.168860593623	2	2	0.04380968983381026	-17.182578179403762	2	2
CYGB	0.7439241727893908	-3.1523204615524496	5	5	0.14150647608755507	1.5559815522837095	4	4	0.654699394960732	-0.0007422615190555426	5	5	0.3179198990433457	-0.616839318694927	4	4
CYP2C18	0.1268818745649193	-7.6925306949305	4	4			0	0	0.00705059207783843	10.82287399993592	3	3	0.005360178502619491	4.82815075697916	3	3
CYP2C8	0.32709425956338745	-8.348557708314283	5	5	0.23142165268800285	12.321931556092316	3	3	0.43701494174546796	2.8900954912236734	3	3	0.48839135332375516	-7.3325799216372145	3	3
CYP2C9	0.18506792887696222	-8.883167356306252	5	5	0.33265015555354926	-1.7156098847943735	1	1	0.6423162018150383	0.7351987512210894	2	2	0.4519963544612986	3.256512686438403	1	1
CYP2D6	0.746278617272378	-7.8481070758137195	5	5	0.4194790066791383	8.819831507949878	2	2	0.9092411559816673	-0.3001899745299674	3	3	0.7636590663535476	-6.8330445838031935	3	3
CYP3A5	0.45715297241338726	-7.720950655978719	5	5	0.4152680050824561	8.389725079924547	3	3	0.6193080669832095	3.07407357534999	4	4	0.48839135332375516	-5.886635585605577	3	3
CYP4A11	0.0716551322381904	-8.836826811865826	5	5	0.18529079267075121	12.70653786251133	4	4	0.5005584680823236	0.9415722206267155	3	3	0.3268512455657838	-7.657929396254978	3	3
CYSLTR1	0.013156162877873634	-9.4416265500098	5	5			0	0			0	0			0	0
CYSLTR2	0.7300688484310873	-1.380426869812257	4	4	0.9507207862589255	2.8809351238139302	3	3	0.7480127805612204	-2.929731929323245	3	3	0.9679675506516953	-3.059154947042551	2	2
CYTH2	0.5155557559083246	-6.718478744462825	5	5	0.6658561515080483	6.397935696520626	4	4	0.9834638284241243	-0.015696516749121075	3	3	0.5841500112145079	-4.537997856209578	4	4
CYTH3	0.4288632045728117	-5.69648808787223	4	4	0.08255240471306634	12.684212987799318	3	3	0.5071717036112682	2.737522795354504	3	3	0.11670352536619152	-8.375430718065049	3	3
DAO	0.9916578107530502	-2.299168751781297	4	4	0.1169944375551616	-1.3376774582581767	3	3	0.4601906722551864	0.671031472796867	4	4	0.06340115683245598	3.81313908522729	3	3
DAPK1	0.9132920730735067	-2.7372028263361954	5	5	0.4540153167223189	13.062150761863768	5	5	0.8920028787102289	-3.7411621168255578	5	5	0.30710664393665854	-11.143825345164492	4	4
DAPK2	0.09356973075776565	1.2422402402206034	5	5	0.4540153167223189	5.161733515749707	5	5	0.350087772555825	-6.322013559538177	5	5	0.872104662510732	-10.009881184739223	5	5
DAPK3	0.12056216303094612	-10.146343962335104	5	5	0.9724775751732075	4.025325837961412	2	2	0.3954437625213312	1.335229292315464	3	3	0.4847140862230581	-0.7017416958191975	2	2
DAPP1	0.7962387620568715	-4.326506437893024	5	5	0.7598437280264725	5.781257933334184	4	4	0.4601906722551864	0.460004145697797	4	4	0.7306965808687735	-3.382693780053932	4	4
DARS	0.18730536662427655	0.971598698900889	3	3	0.4152680050824561	2.1223184415802483	3	3	0.022005182265229305	-10.25063351038411	3	3	0.09616912006818926	-18.20384821470816	1	1
DARS2	0.2803482359998627	-8.534574921149193	5	5	0.19308555946974781	-2.001591283275344	1	1	0.9746215614408239	-0.05219912056396847	2	2	0.9273634383582613	1.9661411959839645	1	1
DBF4	0.734530327356215	-5.103090107302697	5	5	0.12786681508373268	-1.5814062470120505	3	3	0.3269703298430596	-3.5468765184334408	4	4	0.29446852463267126	3.634106196524159	1	1
DBH	0.5035735396382339	-1.2278388231667081	5	5	0.3642197826147223	2.3321846474755876	4	4	0.7493780935689651	-2.930076283785397	5	5	0.7537091772080944	-0.5241832465221586	3	3
DBI	0.8599435362210023	-8.320392802112623	10	10	0.6619904136068555	18.905045385715233	9	9	0.941110718570951	0.5797910335810773	7	7	0.4330356798388112	-14.999777949285274	8	8
DCD	0.4422308647069777	-8.26254997706502	5	5	0.42747200249260886	-0.9749839857388647	2	2	0.26123996201338207	4.675568884935394	4	4	0.4721312575287234	2.505391732898828	3	3
DCK	0.7770953165698574	-2.178094076266106	5	5	0.14683681418205943	1.318961999499362	4	4	0.4711377521157304	-5.890215221225102	4	4	0.289638945955366	-2.1167993784659314	3	3
DCLK1	0.28874851402036295	-9.20509197130508	5	5	0.51095919398674	6.356879194526667	3	3	0.07379800458566277	-9.982038245675135	2	2	0.12119836050275437	-17.61602468040764	1	1
DCLK2	0.923168884041789	-3.645445213099201	5	5	0.624085750132112	3.7417320802263667	4	4	0.7252841894979406	-2.7933779775223084	5	5	0.09157649117632893	-2.0792935859917177	4	4
DCLK3	0.5440789245362108	-4.971872599747939	5	5	0.016438664634388634	-2.329476325354635	3	3	0.8967224831732554	-0.11229361392649147	4	4	0.09425928309681748	3.5416885384272057	3	3
DCPS	0.08964218434142779	-8.101590074676091	4	4	0.11069481777350598	19.49046726036548	1	1	0.04929701737369458	9.895159940021278	2	2	0.8650501184450475	-3.7484891985389575	3	3
DCTD	0.7019717081980577	-1.6456395946861715	5	5	0.49682726321530546	4.350415901458359	5	5	0.7676119195973456	-3.1160658262056025	5	5	0.3141164800746591	0.4831715228612519	3	3
DCXR	0.1011033517211756	-8.679917824024573	5	5	0.9614759412019189	4.5233502985438	2	2	1.0	-2.1824704467527827	3	3	0.3556827490835114	-7.76943340492539	2	2
DDAH1	0.2509765393516753	-1.6470982105455472	5	5	0.5190136553115814	12.210032854377472	5	5	0.027338742191182555	-10.228103269841139	4	4	0.025825214708499716	-17.393539005627787	4	4
DDAH2	0.8690336222069996	-4.483393945648318	5	5	0.8705722637434026	4.9808868782422335	3	3	0.7558785280505862	-2.8279527102280775	3	3	0.7786317183153296	-6.056251558356257	2	2
DDC	0.8592489134569401	-2.3307334887024025	5	5	0.9651679075663795	3.6048962059969103	4	4	0.47227408646913205	1.2785192686417197	5	5	0.9325483006907843	-1.1813015061804564	4	4
DDR1	0.04233428212619119	-4.543892404843847	10	10	0.221650026424134	8.221924339378814	9	9	0.6799529739618856	-9.712989801985389	9	9	0.9118719542507502	-3.5346447552050813	5	5
DDR2	0.5987048601335051	-4.858426086980496	4	4	0.28829707455383335	8.99114614368579	3	3	0.795572536939052	-2.82725811582033	3	3	0.15986880821341787	-12.070760756595966	2	2
DDX39B	0.5233891590718205	-7.017718421362959	1	1			0	0			0	0			0	0
DECR1	0.6252408886473814	-8.868117774183952	5	5	0.49661958459110656	8.938383908028479	3	3	0.6641665680014526	2.8172483305701816	4	4	0.8753424576431064	-4.1492878150856285	3	3
DGKA	0.3557072587984761	-5.493233266682373	4	4	0.7917324428554311	5.606889807438374	3	3	0.40707042278947436	1.122610099717077	3	3	0.8547806205172963	-3.5800076058199948	3	3
DGKB	0.5607229698535698	-0.10963031130443157	5	5	0.8253056747074253	5.633127299380696	5	5	0.4017043625448462	-9.919919081679566	5	5	0.49476133145231505	-11.097681305521439	4	4
DGKD	0.32403221939848137	0.5291030232255601	5	5	0.3091194451712409	10.34169412333204	5	5	0.6374959400499526	-1.9481727391583232	5	5	0.3546186560027874	-10.718607388110598	5	5
DGKE	0.9034286361076764	-3.1986054754563344	5	5	0.9883860222523053	7.048488844011601	4	4	0.8793894315387213	-2.060763614156559	5	5	0.9954978743064465	-7.780443534532548	4	4
DGKG	0.7628253440339483	-4.6746623185460665	5	5	0.7487826623978457	2.0776838899360066	3	3	0.24684742415766503	4.0121972370096435	5	5	0.17757630054256668	-1.6130986300302388	5	5
DGKH	0.5637626550749055	-8.408642071947382	10	10	0.49945578689808867	16.326896036339196	8	8	0.8508432007756268	-2.854817169142851	7	7	0.5466552699189307	-17.674473521452196	8	8
DGKI	0.05260009457232183	-0.3583549808276576	5	5	0.9729049712708331	4.751007292315031	4	4	0.9872559515390521	-3.4296450360438495	5	5	0.7821734453778042	-5.273780419378418	4	4
DGKK	0.8155056255135527	-4.027324275015739	5	5	0.5062131185383894	4.487214324559288	4	4	0.9892864308360336	-0.3822965653316324	4	4	0.5133369238656149	-0.24621794422025753	3	3
DGKQ	0.10982995344838607	-0.9530056603659066	9	9	0.18452963570243985	5.879414988464554	8	8	0.6814793485673358	-9.60510875466264	8	8	0.5196125232296148	-2.9095659908996176	5	5
DGKZ	0.7248350137450374	-5.139919188883521	4	4	0.6940887627719636	3.697382802955884	2	2	0.24271610139925148	6.075791568960313	4	4	0.375677121980317	-0.34793665146914093	4	4
DGUOK	0.33017502771952645	-8.282476722819586	5	5	0.4772562745439488	-0.8996676930325345	2	2	0.8439044130872685	-0.5227458995041883	3	3	0.9041088338302047	1.4361233577513222	2	2
DHCR7	0.7962387620568715	-8.024704754549639	5	5	0.8090992011947153	5.195047259665013	3	3	0.4190686890182296	-4.936602363474896	2	2	0.9041088338302047	-6.821488409931007	2	2
DHFRL1	0.40266294374946365	-2.1338052558195306	5	5	0.3851007357897961	1.7533207036175285	4	4	0.5819471844859585	-6.077699687679078	4	4	0.9807772245834527	-1.903964220756042	2	2
DHODH	0.421506861391746	-9.112876129118936	10	10	0.08654209015972433	16.3144927532912	6	6	0.7312832912918584	2.298929238106456	5	5	0.15086213071552484	-14.525018964972672	7	7
DHPS	0.4114642080489934	-3.649927404482069	5	5	0.33913524261838335	9.024631263479833	4	4	0.3358834772660255	3.346370113912236	4	4	0.9774922380570643	-4.374040293605795	4	4
DHRS11	0.9472037594012495	-5.502156141043663	4	4	0.2116872514371817	-1.575192159849796	2	2	0.7558785280505862	-2.8382825661076088	3	3	0.1714880189307838	4.139867767586133	1	1
DHRS4	0.1966726850261703	-8.710158066918831	5	5	0.5247281861377258	-1.093045271488764	1	1	0.9644759375975938	-0.09792611467067847	2	2	0.5534779840813406	2.9680432332283386	1	1
DHRS4L1	0.3002102762864932	-6.63621905684401	5	5	0.10444027764270257	10.114390037184812	3	3	0.7493780935689651	3.7850645887743357	5	5	0.6507127227243644	-16.336287404874273	5	5
DHRS4L2	0.4348755774538744	-5.388158260180287	5	5	0.8882978938943152	2.7821076398867763	3	3	0.12472162667966838	3.9931034533434278	4	4	0.13780737369746804	0.01376910035252088	4	4
DLAT	0.8496833408414246	-4.505491100197169	3	3	0.22124689856261548	-1.9449018651485055	1	1	0.17599715974381658	-10.116991634872479	1	1			0	0
DLD	0.4536666747706668	-7.970628641624277	4	4	0.5505534547710842	-1.0696677570023994	1	1	0.3389462709357719	-9.240840073569291	1	1			0	0
DLG4	0.8305772556629856	-9.38771666846091	9	9	0.9842824410399669	8.076522687041217	6	6	0.9525297888860402	4.053577709088469	8	8	0.6971851539997942	-10.682205148510185	6	6
DMPK	0.38169196556487106	-1.2261522775300644	4	4	0.8727855683308529	8.165526053450904	4	4	0.44315253569662993	-3.3434884025133154	3	3	0.375677121980317	-10.316956793435416	4	4
DNASE1	0.7298481584040415	-4.924228234052353	5	5	0.2063140265499307	15.102078250055925	5	5	0.2809552951621954	1.57274518477241	5	5	0.5869048553378209	-11.95807359090375	5	5
DNPEP	0.753356281883896	-5.16051358437131	5	5	0.51095919398674	6.356425809245397	3	3	0.1100615227659428	3.9106050232392753	4	4	0.3696257417185146	-3.44331659914463	4	4
DNTT	0.511545307858261	-1.845499750290923	5	5	0.624085750132112	2.692106085703042	4	4	0.06323689805685657	-9.43572661463579	4	4	0.21002927335256394	-16.382092036018335	1	1
DOK1	0.89358008027059	-3.1043903536674073	5	5	0.9883860222523053	2.7541790471126233	4	4	0.24038954468472573	1.4895685271644137	5	5	0.39801317665411473	-3.210605735433402	5	5
DOLPP1	0.48005734270335876	-2.093682794388648	5	5	0.06736008592423162	-2.118858075984294	4	4	0.9393464853936712	-2.775558674957509	4	4	0.11670352536619152	3.573679444278209	3	3
DPEP1	0.05708689757632261	-9.668004714697906	9	9	0.007824691223986565	16.858383583203047	6	6	0.9964287148841453	-1.7556907107402384	4	4	0.020286611971259298	-17.466096076253578	6	6
DPH5	0.09116101408421719	-8.90563429184085	5	5	0.7043077228248902	-0.43713998810502197	2	2	0.19877722588459779	3.7212933153890884	3	3	0.1698561098975886	3.2211390697092206	3	3
DPP4	0.753356281883896	-4.662431271050976	5	5	0.7658774872024416	2.7357303099892385	3	3	0.6784859792010439	-2.831123979873938	3	3	0.7909789710051218	-2.694109643862426	2	2
DPP6	0.7112215620282105	-2.495040206800313	5	5	0.842310842686326	7.001425148050007	4	4	0.9331692108407714	-2.4249627957775606	5	5	0.7821734453778042	-6.93764451074706	4	4
DRD1	0.05260009457232183	-1.0615604061579835	5	5	0.7821079573131526	9.098833969316402	4	4	0.012663029158840794	-10.405581075157412	4	4	0.014499143969273693	-17.121940397004547	3	3
DRD2	0.29731679237858344	-8.021001700229304	5	5	0.13792920199366787	10.513494802854371	2	2	0.9421699813262454	-0.2738252409944553	3	3	0.4641144340452932	-7.828747482591852	3	3
DRD3	0.1774111511150237	-7.385799963863366	4	4			0	0	0.2267229674346557	9.082758340141872	1	1	0.1385023309595027	4.303215834625191	1	1
DRD4	0.5482168078588079	-3.3249181744488197	5	5	0.544169601042237	9.348606810011498	4	4	0.7236382182800918	-3.305162399983381	4	4	0.3017124921160841	-7.682684823450876	3	3
DRD5	0.5256527269033096	-5.65047165195348	5	5	0.15195082074946206	-1.3403058349519281	3	3	0.30490957916916595	-6.146602324638579	3	3	0.7496742692924563	2.4937247961911746	1	1
DSTN	0.734530327356215	-2.055062855315113	5	5	0.2968491201447703	-1.1104377828977328	4	4	0.20526406425825428	1.7432921938520216	4	4	0.019197053131437918	4.067106230983239	4	4
DSTYK	0.4203788137846788	-6.235431722538	5	5	0.7487826623978457	2.658381899251046	3	3	0.827718759473112	0.19582327936445912	3	3	0.6852839181983256	-0.8912153201481848	3	3
DTYMK	0.9182289012525874	-4.5207261565453	5	5	0.727587276591874	2.3526908083228797	3	3	0.5338379586347937	-2.643936452524269	4	4	0.9168443588408726	-6.357087060423504	2	2
DUSP10	0.06971664638351993	-8.674507156953412	5	5	0.5120522328057036	-1.1370879976310455	1	1	0.913866734634573	-0.17245495759777363	2	2	0.23597275505870985	3.8595187764501704	1	1
DUSP11	0.4761970241422234	-2.781406950351526	5	5	0.8118516238839266	9.330585119929404	5	5	0.4025903353940553	-2.9445561493691037	4	4	0.5527564179571829	-10.150795016867242	5	5
DUSP12	0.04283664554748083	-8.956368353970332	5	5	0.2325806168742961	9.725003694200957	2	2	0.9644759375975938	-0.6949608431641745	2	2	0.29446852463267126	-9.097497283783605	1	1
DUSP13	0.025296063989940637	-0.5252927741826082	5	5	0.05780232389852682	-1.7563484408781112	4	4	0.32988204556813194	-3.6610049731688754	5	5	0.15416924072905192	3.472786440708191	3	3
DUSP14	0.11293135706932332	-9.071116386181648	9	9	0.3476444463049674	10.734896551978359	5	5	0.08930037106104663	3.804245451876913	7	7	0.7933609866059261	-10.869756510051998	7	7
DUSP15	0.37192472559761924	-7.997677756976397	5	5	0.7616167655312837	7.3508354548402375	1	1	0.14395552732077016	6.463870151368902	3	3	0.4289919024343234	0.1362101481052577	3	3
DUSP16	0.32709425956338745	-1.4473132331736116	5	5	0.17893286520208462	2.0663459399212214	4	4	0.30960926530748334	-5.663461347876425	4	4	0.9168443588408726	-2.1421978621813147	2	2
DUSP18	0.0687636692988343	-8.75738467083209	5	5	0.39603335649140736	5.797539032008769	2	2	0.5005584680823236	0.7400940246819908	3	3	0.9478833410736787	-3.916208823702265	3	3
DUSP19	0.2915859222475219	0.5461939782839824	5	5	0.5648726303070202	5.025608409408882	5	5	0.2669465518957682	-3.6301482686115807	5	5	0.9041088338302047	-2.021814127922271	2	2
DUSP2	0.008412073490622488	-10.07216429260304	5	5	0.07491060419425748	12.91338686024016	3	3	0.07379800458566277	6.709669446127491	2	2	0.6285977579012942	-7.368402552339848	3	3
DUSP21	0.3363927247017041	-2.145134149462476	5	5	0.37981308104755496	1.7907537219135807	4	4	0.5438687900617415	-3.4035850238694167	5	5	0.6379060901010708	-0.3825025816885625	3	3
DUSP22	0.33017502771952645	0.7796576251542455	5	5	0.7000975714835349	10.045508773393717	5	5	0.1551439149869769	-9.258109642614842	5	5	0.038872316856963206	-14.019186130384227	3	3
DUSP23	0.6252408886473814	-7.782810018229534	5	5	0.25015966799340983	13.738268568605605	4	4	0.7506419973275583	2.3219482117544223	4	4	0.39546642589326464	-7.2187844548958395	3	3
DUSP27	0.39397533072858715	-8.2683552372283	5	5	0.27866013376972787	9.272843433286141	2	2	0.1596904466036002	5.485672439917444	2	2	0.9679675506516953	-2.2159115189889316	2	2
DUSP3	0.1700706256459913	1.1454711849087142	5	5	0.08896370371629848	-2.2114189902897965	5	5	0.6837796802486318	-3.473528102702917	5	5	0.2663128733664861	3.106566256857832	4	4
DUSP6	0.6120828468983042	-5.673251387524456	5	5	0.3105344656759489	11.686721257392648	4	4	0.9393464853936712	0.3627734871166151	4	4	0.2811506616831705	-9.752688295896268	4	4
DUSP7	0.9688017308029346	-9.390185593622201	9	9	0.18950635179486486	4.8863519539898785	6	6	0.927602301661839	4.255687086767986	8	8	0.2431512790536685	-3.383113984396388	5	5
DUSP8	0.9727004053932512	-3.0364057455277176	5	5	0.5868254659245803	4.537183159623035	4	4	0.8168423832814151	-0.13008566602023067	5	5	0.523724542072301	-0.2792973525920477	4	4
DUT	0.3114755793519117	-5.225570447998325	3	3	0.9765796581758859	0.09228305518514368	1	1	0.3389462709357719	2.868017013074649	1	1	0.12119836050275437	4.34699343226927	1	1
DYRK1A	0.40969495083753205	-3.237956101536991	5	5	0.51095919398674	2.055739157243115	3	3	0.9251130503632994	-0.1010469218915817	4	4	0.5049486807858136	-0.32362350884041824	3	3
DYRK1B	0.9578211465557211	-2.4341030030163915	5	5	0.32462984430099917	9.056675759215091	4	4	0.4385232742416403	0.9297821429859073	5	5	0.9598769235567685	-9.511292787317565	5	5
DYRK2	0.3820052568369281	-6.104602891462091	5	5	0.39000691459758685	6.185895754232895	3	3	0.21503453991230503	4.874672653499532	4	4	0.45297359578785656	-3.2422679403881722	4	4
DYRK3	0.08312060396444647	1.3692473251539414	5	5	0.8864301314071137	9.707376582550332	5	5	0.9046437092027014	-2.5457265484042755	5	5	0.8346227285087845	-7.21154838426385	4	4
DYRK4	0.34905251448206065	-8.789618246327997	5	5	0.9175635603231023	4.123213956411087	2	2	0.22857703591827072	6.7887402813038165	4	4	0.3234189707883901	-0.24716466130227252	4	4
EARS2	0.22385855223173845	-5.9617987836687965	4	4	0.9394967534281049	0.23350857188997498	2	2	0.2547497674795207	1.8112582764661875	2	2	0.3077280768410524	3.1490091789559784	2	2
ECE1	0.6164552554061412	-5.195282546511612	5	5	0.0903787008125658	12.837941527487281	4	4	0.7013933439483151	-2.488040475548741	3	3	0.06836971079419	-13.996836897464908	4	4
EDA	0.7511279525528358	-5.48458707592759	4	4	0.5121325875951704	5.193525459389548	2	2	0.4809962972959322	0.8454953378404895	3	3	0.8139648565977974	-3.9361559588648163	3	3
EEA1	0.9429565692353546	-5.184175436907427	5	5	0.6378839758062542	7.163436142110531	4	4	0.2537163774810789	-4.141884573858209	4	4	0.635600712158071	-6.8697358232797585	2	2
EEF2	0.8156969225477858	-8.250781072689335	10	10	0.5707391645317546	2.4631849427445385	5	5	0.9333503899868363	-3.1172713926906748	6	6	0.500230178605032	-3.5660792274505417	5	5
EEF2K	0.9826255130967373	-4.4249553111282	5	5	0.33425458174009104	12.90007981023255	4	4	0.36829729255679833	3.4755515461327016	4	4	0.6804051243092235	-7.446007539570858	4	4
EFNB2	0.37862661223180816	-2.9631994629348832	5	5	0.30136537035113253	4.833294237817524	4	4	0.05927991263590548	-7.178416334425279	3	3	0.2711945356159502	-8.199756178257315	2	2
EFTUD1	0.09602923815298262	-9.529860996149479	5	5	0.2732649050699557	12.512929014507728	3	3	0.9037800801438477	-0.3837759908350522	2	2	0.15514939607263561	-12.245168219661828	2	2
EGFR	0.9029135119674746	-2.809679087078937	4	4	0.19051016618708416	9.424719445266822	3	3	0.46564633812280687	0.639265168612456	4	4	0.722226814782915	-10.14680920600911	4	4
EGLN1	0.29731679237858344	-7.190667656673046	5	5	0.08854790468758797	15.47811093698297	4	4	0.0864751928665405	5.753806384192434	4	4	0.38178930340783146	-8.15304507841077	4	4
EGLN2	0.362533121020292	-9.482920737622129	10	10	0.18950635179486486	14.293726348228992	6	6	0.9490563010421037	-4.67355799153387	5	5	0.13191930584859052	-11.895985920538708	4	4
EGLN3	0.34905251448206065	1.0662660939893762	5	5	0.8864301314071137	6.527819936404678	5	5	0.8983200688437224	-2.722674095155259	5	5	0.9056756450468624	-4.240218201084441	4	4
EHHADH	0.5947321962831491	-2.0090449436039326	5	5	0.010555259819613768	-2.1633494511225906	4	4	0.004355666681467992	-10.52950926792987	4	4			0	0
EIF2AK1	0.6790419600920736	0.2713219918317881	5	5	0.08734993010667906	-1.7629843197168888	5	5	0.20130654449149732	-10.046047742087238	5	5	0.13312527278221614	3.830909871366708	2	2
EIF2AK2	0.5276842830601596	-8.223239603335095	5	5	0.1551184301555697	15.617520392124568	4	4	0.7558785280505862	2.598393053108233	3	3	0.15668928629155968	-11.60999574039545	4	4
EIF2AK3	0.4878289038781056	-2.178056431278252	5	5	0.5377465757896365	9.341397770224	4	4	0.6604754577448618	3.6314477807805026	5	5	0.6799540307796483	-7.563166253325363	5	5
EIF2AK4	0.8494857729355151	-2.8894546467015236	5	5	0.13767857458097846	12.839173099494303	5	5	0.8479962388979642	-3.796023674953796	5	5	0.05872137943140825	-11.846771120595397	4	4
ELANE	0.8886618518901277	-2.2538053454387064	5	5	0.27352768328571864	12.035399918705401	5	5	0.7982847355678848	-3.1883765016764953	5	5	0.2811506616831705	-10.620500222838533	4	4
ELOVL4	0.5607229698535698	-7.302617817594933	5	5	0.3771858287589509	9.692466353430872	4	4	0.5438687900617415	3.70975833660687	5	5	0.9684931454948266	-6.454542881425891	4	4
ELSPBP1	0.2214633966469669	-1.402686142367024	5	5	0.544169601042237	2.0509307769973737	4	4	0.36355112321290184	-7.588348188432946	4	4	0.7786317183153296	-5.022671145355117	2	2
EN2	0.38540232932899543	-1.1511539402807502	5	5	0.9861878216607	8.434499268468826	5	5	0.43872941635734997	-4.105131853548316	4	4	0.4876566540526557	-7.549546554335449	4	4
ENO3	0.2491792769362674	-4.855844014594461	10	10	0.4823699705107206	10.397376542237497	8	8	0.8869119868268099	3.1972865525827725	10	10	0.8241800352761991	-13.900493499499966	9	9
ENOPH1	0.30605338641965163	-4.123127216919033	5	5	0.9574341219700276	7.808203277132754	4	4	0.8931821431191251	0.46656351035018134	4	4	0.7636590663535476	-3.155131280120821	3	3
ENPEP	0.9472037594012495	-5.7566609526993275	4	4	0.04042647639893689	-2.4797090411535603	2	2	0.18782576467658563	-5.834838151302862	2	2	0.5233839875136854	3.0321735706480544	1	1
ENPP1	0.21912122290511848	-7.131113297538715	5	5	0.32000636803352756	7.100798508073344	3	3	0.035797171156720674	7.2745599584803875	4	4	0.3577060001916085	-0.6670410959988639	4	4
ENPP2	0.12509068401456092	-1.5693521768393797	5	5	0.0516888998197033	0.7847061294032448	4	4	0.32201555080400157	-3.760799018074603	5	5	0.2446274672971238	0.28010574893384127	3	3
ENPP3	0.9211951738736293	-8.059016930274138	9	9	0.6618597509222015	6.4697192276851565	6	6	0.12738665228150073	1.2489285935732333	7	7	0.05866707002312846	-3.1738150803905527	6	6
EPHA1	0.6296538564774289	-4.764554437687934	5	5	0.1335898752063249	9.95339398884722	3	3	0.20611641695291827	-5.846655675836828	3	3	0.036466973256137854	-14.228790190304283	3	3
EPHA10	0.7820488940209275	-7.736838472087584	10	10	0.074864367704313	17.072005336925887	10	10	0.6081524421495226	-3.4697961686343053	9	9	0.10371349384220585	-11.69645376284725	8	8
EPHA2	0.18887408339710965	1.103115312575984	4	4	0.06591986287089474	-1.8146275854641527	4	4	0.22173172440928723	-7.222572203756147	4	4	0.6820945368121456	2.173358256020877	2	2
EPHA3	0.5818685527788804	-4.084952175499514	5	5	0.9419792903008283	7.975008325951329	4	4	0.48217359552168093	2.2229774036788013	5	5	0.8522831759328808	-4.109546379814318	4	4
EPHA4	0.339529638149655	0.27053597767257953	5	5	0.2850665135273045	2.1148830920605426	5	5	0.350087772555825	-7.267597932950438	5	5	0.8445356641945179	-1.90687575938506	3	3
EPHA5	0.41323816948700376	-1.8664287884324502	5	5	0.5124410706098497	1.8474572476561455	4	4	0.6808494333753163	1.4804555031513316	5	5	0.3234189707883901	-0.3617283579897226	4	4
EPHA6	0.25876507804950766	-4.189897835650005	5	5	0.531361845536493	8.083654998257176	4	4	0.3926021919996281	-4.169586504401539	4	4	0.7241099307622376	-6.499681908113236	3	3
EPHA7	0.8251818436098276	-2.956961815717405	5	5	0.14683681418205943	-1.445912076003406	4	4	0.15463329253927832	-9.749283703095266	4	4	0.1510564044067528	4.279287475760264	1	1
EPHA8	0.4917399930413745	0.3859342639178058	5	5	0.7917754662738534	5.23828971964622	5	5	0.8793894315387213	-5.610492601402758	5	5	0.8343169373703494	-2.6092281767018792	3	3
EPHB1	0.7251760390475201	-2.9058455550657634	5	5	0.6683101394278768	13.136551527025622	5	5	0.35838537607174403	1.3564142436954594	5	5	0.8879785763849	-10.412510322909334	5	5
EPHB2	0.4312245790918473	-1.8334118216746476	5	5	0.3344767587703805	13.050892188395759	5	5	0.04942058585723581	-9.358338132276312	4	4	0.015979059078193456	-17.162370826511065	4	4
EPHB3	0.9694189066450224	-4.9186749850652856	4	4	0.5482937102908108	8.365527877068438	2	2	0.8928314729386756	-0.3638532421625921	3	3	0.7094601974871235	-6.732145153188871	3	3
EPHB4	0.5990487647444174	-5.136309544871626	5	5	0.8499092679602628	8.774508725606566	4	4	0.7323604688910117	-2.973103854538367	3	3	0.289638945955366	-7.714159421355295	3	3
EPHB6	0.025705705756206797	1.5868033273586084	5	5	0.021553329572084612	1.268464456438447	5	5	0.19850431393554968	-7.024838155129252	5	5	0.2553911319624397	0.16280634205366487	3	3
EPHX2	0.2238234562418253	-1.3847348907718526	5	5	0.26650620909199285	1.9090605322100747	4	4	0.4766647055457599	-4.081556714089926	4	4	0.9895695423486784	-1.1646970907249468	3	3
EPM2A	0.26404987360479193	-1.4749292129066076	5	5	0.8880969855271847	5.492270859316373	4	4	0.21836468372743112	-6.593942416004251	4	4	0.5794599973297945	-7.157062235745018	2	2
EPN1	0.7486355258963429	0.0511824406019025	5	5	0.6125957104422683	6.0844184871473415	5	5	0.8856925347324585	-5.48254777352058	5	5	0.5217971521146411	-2.6096353540818984	3	3
EPOR	0.7356317368576304	-7.667324874271205	10	10	0.27899032872941887	13.824953940977869	8	8	0.690694624064087	-3.4984705788305983	8	8	0.17637744820899992	-17.910392786369325	7	7
EPRS	0.5760339227727577	-3.64091639779932	2	2	0.806732208879912	2.1656889969114044	1	1	0.5636975726647238	-6.005483319655488	1	1			0	0
EPS8L1	0.9982619325814353	-7.556316206454485	10	10	0.8965489685636355	12.106254369889498	6	6	0.9738939729185621	-3.5016533032862434	6	6	0.7897519154982892	-13.169475250843652	5	5
EPX	0.084232767131858	-8.441439383626426	5	5	0.15720206563660102	13.51974980776398	2	2	0.4045695356876595	4.861916481645702	2	2	0.30787314950254463	-7.526805155907254	3	3
ERBB2	0.883747905809653	-2.397411736665952	5	5	0.6658561515080483	6.361014861610894	4	4	0.6772168269506692	-2.6921815118468593	4	4	0.8445356641945179	-4.387782809770827	3	3
ERBB3	0.3363927247017041	-9.58179677723131	5	5	0.5300564845074633	3.219246929807782	2	2	0.8736195502675974	0.2243887931346432	2	2	0.6820945368121456	-1.4235986622933732	2	2
ERBB4	0.12662931077440837	-1.1283104510629538	5	5	0.024054736876625935	-2.2708199069977177	4	4	0.6432093456197832	-3.4896991452584984	5	5	0.012072487784279232	4.435402713268224	3	3
ERN1	0.35549441181615726	-2.0616653236316362	5	5	0.42335965437297274	6.32916432719504	4	4	0.5706865825457641	-3.561660870706333	5	5	0.8753424576431064	-3.5048087816212132	3	3
ERN2	0.7392223858656497	-5.232389714824622	5	5	0.8499092679602628	8.816980268926068	4	4	0.7540397433650914	-3.538576493997393	4	4	0.44052455086533027	-7.429540853939581	3	3
ERO1LB	0.7158625836550816	-2.2722534806789483	5	5	0.1202467042881584	12.554738800992347	5	5	0.8075499460724909	-4.2892508315918585	5	5	0.09688125473718073	-14.47638162612274	5	5
ESD	0.09854021838108856	-1.0993560567120337	5	5	0.35657518052816317	1.3530055920981743	4	4	0.023799021112697532	-10.11867429368033	4	4	0.6485246646255788	-7.249448836541249	1	1
ESRRG	0.4789853223868126	-10.243781935948558	24	24	0.34894812120909047	19.184418709020434	15	15	0.6573041787472268	3.9373456053544658	17	17	0.14826806899206096	-18.841002188319823	12	12
ETFDH	0.9975177382557646	-2.772849129448206	5	5	0.9651679075663795	5.67873637814263	4	4	0.792123537063735	-0.9923655754207678	5	5	0.9415245008787722	-4.7393384514891395	4	4
ETNK1	0.9826255130967373	-2.6600267615098683	5	5	0.40123171183354833	8.169385939219731	4	4	0.16940479755502513	-9.867343062032054	4	4	0.2507602126262475	-11.587883154709957	2	2
ETNK2	0.25876525874774925	-8.90463540766194	5	5	0.2782149128472079	9.336628943178743	3	3	0.23557150832634	3.6697316787149714	4	4	0.9325483006907843	-6.4848602237744295	4	4
EXTL2	0.6033794774882844	-1.452463207352826	5	5	0.4696972903564819	1.5632610722704812	4	4	0.13846225748830698	-8.407345730968313	4	4	0.635600712158071	-4.07563658299086	2	2
F10	0.3820052568369281	-8.817293115455284	5	5	0.9239084394407335	5.026405430245725	3	3	0.8520224794844804	-2.6521795590363464	3	3	0.9296012604540266	-6.860651494003289	2	2
F11	0.5890558939614949	-7.831853671111269	4	4	0.6177276393321984	8.700360089287882	1	1	0.8336968335270958	-0.5207339989183302	2	2	0.46486056438592327	-7.636396387737555	2	2
F13A1	0.31197139615664493	-2.1077464010824665	5	5	0.5702369356998382	1.6307557781537128	4	4	0.28473017002101375	-6.4358874255738	4	4	0.6852839181983256	-3.777520824690896	3	3
F2	0.051845821441703265	-9.275507272309179	5	5	0.00750554307216842	17.731828686171376	4	4	0.5409137595460822	1.4831913119196731	3	3	0.019197053131437918	-15.205857479073574	4	4
F2R	0.569976438432513	-1.6438957625457453	4	4	0.8617331994047407	2.9945637906692153	3	3	0.6484021792868002	0.6096639690056067	3	3	0.8445356641945179	-0.8136403472838438	3	3
F3	0.5935526959672579	-5.362933805979925	10	10	0.3943147395459661	10.62217200027729	8	8	0.5964546766020113	-9.654446510853786	8	8	0.3146344725881951	-17.538543158381483	7	7
F5	0.7962387620568715	-4.499730978174242	5	5	0.8196062304539233	6.468704659824688	4	4	0.7615191108433252	-3.047986849181092	5	5	0.8700179988420107	-6.054924944584634	4	4
F7	0.5523701790650292	-5.015283535300278	5	5	0.19181429298566155	13.292158174449405	4	4	0.7637696589047424	-2.8729254812281706	3	3	0.0867926661869571	-11.161901203157642	3	3
F9	0.2383618352039545	-9.400804621580816	5	5	0.028715601193905295	-2.5442904561820017	2	2	0.4012318075133846	-3.746539509859527	3	3	0.5086582144193044	3.0900851292323184	1	1
FAAH	0.8058574622301209	-2.780559225366431	5	5	0.07655438614111913	-2.3978539333250777	4	4	0.0583140192033695	-10.033222172419467	4	4	0.3990866769258571	3.36875395100808	1	1
FABP6	0.5075512066461922	-6.145427060325765	5	5	0.7917324428554311	2.9868935376567722	3	3	0.7401731767734298	0.3425444025278668	3	3	0.9374795878480127	-1.0730896607491403	3	3
FADS1	0.6937090430327826	-1.8988518943786845	4	4	0.5328674030898859	6.439791011855886	3	3	0.6784859792010439	-3.084483344952298	3	3	0.19598619544243823	-8.629055936094142	2	2
FADS2	0.9878339899119497	-8.600496011001873	10	10	0.13626782139450203	13.29093249345342	8	8	0.41269435962105416	3.337526932729206	9	9	0.23899149276797838	-12.112082059007987	9	9
FAH	0.39917423971230637	0.23744228665975653	5	5	0.3890922442519903	9.635645114703859	5	5	0.32988204556813194	-4.1741726131474115	5	5	0.1364563680685427	-11.359560680218692	5	5
FARS2	0.4459350397189942	-8.873494947118436	5	5	0.7772466586084936	1.4889715797136374	2	2	0.6484021792868002	-2.7328363154730835	3	3	0.8033789009698898	-4.268122238815103	2	2
FARSA	0.9139632219500898	-4.26562866615054	4	4	0.4037591960014806	-1.0136851873047448	2	2	0.5272834456358049	0.6558522733538517	3	3	0.10645543486541928	3.8174098646404246	2	2
FARSB	0.6586468192351926	-5.715828079712141	1	1			0	0			0	0			0	0
FASTK	0.20322285543989416	-9.394976082559563	5	5	0.6738184167466198	4.871524946089681	2	2	0.9586751043433508	-2.228431889647202	3	3	0.635600712158071	-6.892130827026373	2	2
FBP1	0.368601539056959	0.058865785013888505	5	5	0.5532273238028054	8.55058286301666	5	5	0.46248758248487876	-1.8839136930296423	5	5	0.7735205110925591	-5.603199574413551	4	4
FBP2	0.5358500273211806	-8.0604431835829	5	5	0.3423673177460389	9.316769810142555	3	3	0.06849831253360239	6.469149628781648	4	4	0.6234923165450892	-4.284971263091818	4	4
FCER1A	0.10510044711391034	-8.198337609212833	4	4	0.05084785634482402	15.58820779533053	2	2	0.09679107739717648	6.338055640511871	2	2	0.5563406378078593	-7.31923273435497	3	3
FCER1G	0.7405741003415813	-0.06226759334255113	4	4	0.6448308255888252	2.4362073296914786	4	4	0.5819471844859585	-5.86619842842931	4	4	0.9063393506880174	-4.259725052727799	3	3
FCGR1B	0.7617285695605716	-1.914329657391578	4	4	0.6206562695708611	8.224232350681115	4	4	0.9504198839584824	-2.450294145805622	3	3	0.9684931454948266	-10.191871950055036	4	4
FCGR3A	0.29731679237858344	-8.512137790064264	5	5	0.02229132795833298	16.47536396945219	4	4	0.4493873843012053	4.028574268900479	4	4	0.09892178179001326	-16.390186206397754	5	5
FCGR3B	0.38540232932899543	-8.661925718883174	5	5	0.51095919398674	6.636704593520515	3	3	0.3562349293256273	1.4016168261373287	2	2	0.7937376011426427	-3.29693012820146	3	3
FCRL2	0.14230382276832143	-1.5573089596997916	4	4	0.9497043410641458	9.234554364919719	4	4	0.3456523530335013	-3.5515626271499046	3	3	0.48839135332375516	-7.525173237122751	3	3
FDX1	0.17996385787569225	-7.487941807159562	5	5	0.003484896226412384	18.584266217405794	5	5	0.5138305507576221	0.5529243653844941	3	3	0.007007018939299952	-17.81898269939254	5	5
FDXR	0.5649221778637004	-8.667542598046618	5	5	0.05420925926710466	-2.3638686849781747	2	2	0.9256896551768935	-0.1693983137607041	3	3	0.20159910959627347	3.4301402271507877	2	2
FECH	0.6033794774882844	-7.587773425521124	5	5	0.4895310666857753	8.944547354009483	3	3	0.9949234903943104	-0.0015103110134612185	2	2	0.2553911319624397	-7.980833678420077	3	3
FER	0.008667259664496028	-10.11356665675342	10	10	0.9965467954619968	11.461345800261872	5	5	0.30665292994949966	3.5542718917584133	5	5	0.48752491672666154	-6.2313039888535675	5	5
FES	0.42397614525139593	0.6381495377920426	5	5	0.7259146806302323	5.135754062296164	5	5	0.6955474919301725	-5.840518602945385	5	5	0.9374795878480127	-3.334415542962424	3	3
FFAR1	0.656405463515022	-1.7959469523823959	5	5	0.21419024418829125	12.590272555736922	5	5	0.6193080669832095	-5.06853695945391	4	4	0.07549892705744354	-14.076137886353253	4	4
FGA	0.9749770795677246	-4.9831198782720705	4	4	0.6537821855143795	3.8178396822573983	2	2	0.6633762330473258	0.5546898288360299	3	3	0.8283248036226699	-2.1659576040162736	2	2
FGB	0.47235377982292215	-4.346622576968939	5	5	0.7402807379176981	2.4894523218923497	3	3	0.5547179011671135	-3.056084324928845	3	3	0.8408646898041267	-2.661935946453079	2	2
FGF4	0.48796252107424054	-1.7900668401502777	4	4	0.7746656876166776	8.90058142779329	4	4	0.9421699813262454	-0.39507166061054205	3	3	0.7306965808687735	-7.311135634152191	4	4
FGFR1	0.3522641420139655	-5.854164927529664	5	5	0.23142165268800285	8.822901523474535	3	3	0.44315253569662993	0.770695307414791	3	3	0.6193480997946015	-6.480946741679979	3	3
FGFR2	0.2099304598803663	1.0848057763350794	5	5	0.9275821930973907	5.815792164381371	5	5	0.8793894315387213	-2.780663412070675	5	5	0.9146227418967077	-4.522646722653241	4	4
FGFR3	0.44965682365585036	-2.0073560292288914	5	5	0.08674711813308314	-1.7661162202185476	4	4	0.9617808560530875	0.6168426870565509	5	5	0.15018878442626313	3.4894023666989846	4	4
FGFR4	0.8690336222069996	-2.755003025543377	5	5	0.7746656876166776	6.090793031783027	4	4	0.5925843938714581	1.7618871115208454	5	5	0.820900965845136	-7.038974556858821	5	5
FGG	0.5482168078588079	-7.725982572279659	5	5	0.9596721613037543	5.194780527316909	3	3	0.6558719185471185	0.5570307338101919	3	3	0.4551059809818502	-1.300936309310437	2	2
FGGY	0.1281826310354296	-8.454026162388658	5	5	0.03815696579351976	13.293489165222395	3	3	0.9010310274577035	-1.6436433955549894	3	3	0.09827306500665496	-16.690677949666128	4	4
FGR	0.2613983340060001	-1.614510960244349	5	5	0.2481664387789857	1.3250656124554236	4	4	0.8168423832814151	-3.1631386416229597	5	5	0.26647966617529084	0.49206826112813484	3	3
FLT1	0.3620108064002603	-1.723751049850667	5	5	0.8957687502905964	3.755094662226407	4	4	0.2650590375174747	-6.601104467163261	4	4	0.39013599599309257	-6.126726147081332	2	2
FLT3	0.19027848178192697	1.6514019324444833	5	5	0.5246391351992158	5.172559852397156	5	5	0.792123537063735	-2.176333929393095	5	5	0.6721525719831534	-3.505401127592554	4	4
FLT3LG	0.7458450654998473	0.09091979702276376	4	4	0.3540499420404086	9.845375572863459	4	4	0.8333789191142353	-2.0215819103318178	4	4	0.2913486593404222	-10.3785736792991	4	4
FLT4	0.5818685527788804	-6.35884308366483	5	5	0.651808819761505	4.72171268868392	4	4	0.5338379586347937	1.1951450571506488	4	4	0.375677121980317	-2.848950330618108	4	4
FN3K	0.753356281883896	-2.282974436072111	5	5	0.33425458174009104	9.74010386327145	4	4	0.350087772555825	1.0637586747239844	5	5	0.6395440126355633	-6.989833284651927	4	4
FN3KRP	0.47235377982292215	-2.336160576433979	5	5	0.7520470321080464	9.911301255933113	5	5	0.8106445286805554	-1.4948389940658966	5	5	0.5687432323270151	-7.122783873681137	4	4
FNTA	0.5266776680324923	0.8602798485019142	3	3	0.29342942129780336	9.002611201387207	3	3	0.5005584680823236	0.7061693827695107	3	3	0.6241893432561293	-6.78896118356097	2	2
FNTB	0.15874363665330804	1.5488874778753428	5	5	0.29693012754959847	9.945304415827243	5	5	0.325933369338428	-7.064370407178072	5	5	0.08731948678108162	-11.221482559058197	4	4
FOLH1	0.368601539056959	-8.587410879383835	5	5	0.8306197822146404	4.189011697441874	2	2	0.1049625345722392	3.443085629704154	5	5	0.11418195679074566	-3.2914465602413485	5	5
FOLR2	0.34585954525067697	-8.527814910503105	5	5	0.8678753682095685	-0.2680531013053091	1	1	0.9644759375975938	-0.4225673616664851	2	2	0.5233839875136854	3.0778067994538807	1	1
FOLR3	0.3208712409857758	-6.423892898643042	8	8	0.22052787686186992	18.353292726891496	8	8	0.10847652632697503	4.319865450724751	7	7	0.9822747019811454	-17.753799795280617	9	9
FPGS	0.753356281883896	-5.7623938008212034	5	5	0.7744684353190315	6.1463477977797085	3	3	0.6148597140377343	-3.0269297309217396	5	5	0.7306965808687735	-6.954662905634723	4	4
FPR1	0.42759141741542817	-5.2747168546051	5	5	0.3481100526705666	1.7664387108370931	3	3	0.01214487366712856	-10.409174496871616	3	3	0.09616912006818926	-18.613235515612576	1	1
FRK	0.0659687831331526	1.442325990812477	5	5	0.35435001572110936	1.7705715036725262	5	5	0.9617808560530875	-1.561461561926528	5	5	0.43950033104109754	-0.12253092954146212	4	4
FSHR	0.8058574622301209	-7.214688226587398	5	5	0.024054736876625935	15.742966227867262	4	4	0.7090911162458073	0.07465427123366093	3	3	0.042795929198998564	-14.786668323469966	4	4
FST	0.7675733183860726	-2.3768519840689093	5	5	0.412207644131664	1.5442572878099459	4	4	0.5881004272965635	-5.880521444385216	4	4	0.6193480997946015	-2.974525789342126	3	3
FTCD	0.23173087901881106	-9.24486511540397	10	10	0.9965467919677865	7.466453078205703	5	5	0.6003945899261752	-2.373571600448924	7	7	0.6799540307796483	-6.878895903140795	5	5
FTH1	0.019470137099430983	2.308200465928897	5	5	0.2773379466103324	1.0173809246176748	5	5	0.0233193046821369	-10.136654234080433	5	5	0.5469327444768446	-6.399332901060848	2	2
FTL	0.365296891391101	-4.689931896262725	5	5	0.5702369356998382	4.6598718196025475	4	4	0.6193080669832095	-4.353316915785143	4	4	0.6939180138575417	-1.9435324775640437	2	2
FUK	0.28874851402036295	-6.514470672811796	5	5	0.9596721613037543	3.380987315789031	3	3	0.13846225748830698	4.575562163742151	4	4	0.20222771393852168	0.1688091214173403	4	4
FXYD2	0.16725690634741763	-8.390811431118836	10	10	0.006956011227309985	16.316602055121788	6	6	0.28342851199925334	3.706912114551424	6	6	0.15086213071552484	-14.213552974569318	7	7
FYN	0.2535543906132779	-9.535959494216415	5	5	0.5121325875951704	4.883510987170868	2	2	0.0184722286930217	10.010232087854439	5	5	0.5869048553378209	-0.23196380208099163	5	5
G6PC	0.03740661002516013	-9.899054202871925	5	5	0.16765090946450256	-2.1821635289171653	1	1	0.9644759375975938	0.07339377110310696	2	2	0.3990866769258571	3.3986775875582014	1	1
G6PC2	0.2334434276299172	1.4280403661031478	5	5	0.9806445855755239	5.523919946575721	4	4	0.8605274918646487	-2.513100426544632	5	5	0.6639393382542758	-6.556341518619202	4	4
G6PC3	0.08093197272311108	-8.594741914607862	5	5	0.18300983774488477	9.869112904649368	3	3	0.06974412507402293	4.793904579037268	3	3	0.8878184405588241	-6.95982657103172	4	4
GAA	0.9975177382557646	-5.042091231511311	5	5	0.5571290120059167	8.921270698595666	4	4	0.13609447066476832	4.239818536449941	4	4	0.5611133531647523	-3.1105053641856863	4	4
GABBR1	0.33969228522486483	-7.942714199775865	9	9	0.7199349759819778	8.079077302681911	6	6	0.42164077698722546	-10.25092282983506	6	6	0.8346227285087845	-7.177143441397212	4	4
GABBR2	0.5155557559083246	-5.266064043274839	5	5	0.6588174378980718	5.085202509221179	4	4	0.4673666335367982	3.539949440524717	5	5	0.44831048010169006	-0.2697537217228465	3	3
GABRA1	0.98758917176213	-5.485364668827721	5	5	0.9328378024560585	3.0039279580037994	3	3	0.5761247749445226	3.2263731966212075	5	5	0.43950033104109754	-3.3830793674458968	4	4
GABRA2	0.13293154695133905	-8.71529100799905	5	5	0.15029058382626023	-2.287966057288095	1	1	0.3728006633001667	3.6019357235017337	3	3	0.0635566719084106	4.030646813997791	2	2
GABRA3	0.43294150034240353	-1.7174452660358774	4	4	0.05683018584747356	-1.8542297231432616	3	3	0.13561839230281897	-6.666344138700068	3	3	0.36196593767939367	3.478237965547522	1	1
GABRA4	0.4370421488225792	-1.6175277161830868	4	4	0.8727855683308529	5.7967330700662245	4	4	0.6860900811394776	0.3944006900117198	3	3	0.7821734453778042	-3.459987980588778	4	4
GABRA5	0.2602854002890348	-5.69782037853403	4	4	0.14926134362234264	10.361889151891653	2	2	0.7359565478010827	-4.226367047140387	2	2	0.09640835542469206	-13.016996724652275	2	2
GABRA6	0.010844347265144208	-9.403902834269362	4	4			0	0	0.10832286840113707	10.989146342106258	1	1	0.23597275505870985	3.886922179375923	1	1
GABRB1	0.21220155604995794	-1.1246171669628389	5	5	0.805145109258814	9.537226806210404	5	5	0.08323878030810807	-9.259333995144608	4	4	0.14675079824891618	-10.88826232733462	3	3
GABRB2	0.15329877561963368	-8.02951338327069	5	5	0.7233726617330447	5.281510422220717	3	3	0.6423162018150383	-4.46082771383742	2	2	0.39013599599309257	-7.47558562080815	2	2
GABRB3	0.4422308647069777	0.6039906716097173	5	5	0.6004986291119487	8.51813447492957	5	5	0.6955474919301725	-5.716703529934431	5	5	0.986494196268114	-6.009856073614398	4	4
GABRD	0.7205141282042609	-5.184720780445315	5	5	0.9574341219700276	9.508640019330297	4	4	0.8479962388979642	3.001535686598705	5	5	0.9598769235567685	-8.170479382833381	5	5
GABRE	0.12056216303094612	-8.292693892226144	5	5	0.025249947240531503	17.821849641662112	5	5	0.1551439149869769	2.443214124283884	5	5	0.3546186560027874	-11.186095413540748	5	5
GABRG1	0.24841703568385598	-8.566047923482914	5	5	0.7457031812048097	8.633794426834836	2	2	0.3897064660022522	3.265019135379971	3	3	0.7438000152380875	-3.672515949948862	3	3
GABRG2	0.9627795234636642	-8.111638014783924	5	5	0.35977802178558205	4.255161745743058	3	3	0.787587630914137	-0.4232841271117862	3	3	0.4721312575287234	-3.106926804219402	3	3
GABRG3	0.40969495083753205	-1.4750289798661855	5	5	0.3958101835191862	-0.5150810131597655	4	4	0.9251130503632994	-0.1792176137238882	4	4	0.3879621107136858	2.552731055835467	4	4
GABRP	0.8099595559747785	-5.032032378771836	4	4	0.22195788313876263	-1.5578765769403287	2	2	0.6514578856303925	-4.290406826745624	2	2	0.4519963544612986	3.2773712913360677	1	1
GABRQ	0.48393466124961637	-6.249109854172569	5	5	0.8090992011947153	3.1445788959562955	3	3	0.020993857152268237	8.183848639206085	5	5	0.15599043705407378	0.0036050334239607906	5	5
GABRR1	0.08833278628076725	-0.9921905672867769	4	4	0.4088637527597777	1.932530839085351	3	3	0.26123996201338207	-3.7656746090239506	4	4	0.4551059809818502	-7.044673034206932	2	2
GABRR2	0.14974855106237153	1.9863847746557972	5	5	0.2239248289896849	1.480582017522187	5	5	0.7676119195973456	-3.1364833326178108	5	5	0.3879621107136858	-0.48032881763227014	4	4
GABRR3	0.06782142288031442	-8.467955567268158	5	5	0.05396867142303777	13.466480643080585	3	3	0.12208319171804546	6.410444200743086	2	2	0.28372586387635934	-7.787645780757423	3	3
GAD1	0.5776097500948759	-5.738032562458781	5	5	0.8617331994047407	2.870206777827145	3	3	0.8055447246298773	-2.884964524038031	4	4	0.9895695423486784	-3.888985345631589	3	3
GAD2	0.1739778553904936	-9.089339088635022	5	5	0.14481922644591255	-2.3647494976216787	1	1	0.9037800801438477	0.4541090785666775	2	2	0.12119836050275437	4.343334553714427	1	1
GADL1	0.05260009457232183	2.11804166589837	5	5	0.2792563307209288	2.0173187626687423	5	5	0.01586879483918819	-10.093982742300978	5	5	0.1939212047781408	-16.710396152003355	1	1
GAK	0.32709425956338745	0.6770574243084685	5	5	0.3540499420404086	1.4965695133955397	4	4	0.3883900652951122	-9.680532665578363	5	5	0.8408646898041267	-3.607090058974875	2	2
GALE	0.8886618518901277	-2.7458784284657636	5	5	0.1020118366285458	-1.6517123295458873	4	4	0.325933369338428	0.81209745279348	5	5	0.010585229886391864	4.1614553275340045	4	4
GALK1	0.09356973075776565	1.5147143940397605	5	5	0.21740060452946142	10.019909492934774	5	5	0.8292721417757866	-2.9419505109075197	5	5	0.23512131624291788	-10.777065541169293	5	5
GALK2	0.648911874397436	-8.464290662689434	10	10	0.7114470993643089	12.496223592572706	8	8	0.5231072667598418	-3.1763959514738613	10	10	0.35272467110496963	-14.005192776070325	6	6
GALM	0.6164552554061412	-7.460279593867398	5	5	0.7457031812048097	4.219347660828879	2	2	0.384020083730762	3.1639929200646777	3	3	0.26647966617529084	-0.10715309157112489	3	3
GALNT1	0.08093197272311108	-9.164578365618178	5	5	0.30919237979861824	12.335370401966095	3	3	0.48004016474730005	4.3785743524638505	2	2	0.3399166751811209	-7.344290919096029	3	3
GAPDH	0.04197331257192419	-9.292421625478603	9	9	0.39000691459758685	9.602375387616227	3	3	0.7649112830177663	-3.184521484390548	2	2	0.2441939625495273	-11.680083272880072	2	2
GAPDHS	0.5155557559083246	-8.517140069223279	5	5	0.15319257507089828	-1.7419410631600707	2	2	0.2341296162218821	-5.425051189349859	2	2	0.7844784035957554	2.377367081312788	1	1
GARS	0.026969237136771677	-9.498274068646795	5	5	0.33265015555354926	10.117245425425576	1	1	0.48004016474730005	1.7726985299648899	2	2	0.8033789009698898	-6.5514065269231825	2	2
GART	0.89358008027059	-2.692075724090445	5	5	0.8804356894793568	3.2390668090754247	4	4	0.5819471844859585	-2.0070503522528385	4	4	0.7143319843313938	-0.5544534402810314	3	3
GATM	0.8852992361536508	-8.171862525706555	8	8	0.48064147483367936	13.124461207092528	6	6	0.5829704648410441	-2.2046512980901194	6	6	0.3636353207574934	-9.800342086506854	4	4
GBA	0.1345172020810724	-4.596965409853432	10	10	0.22052787686186992	4.504695994413374	8	8	0.06771381056107617	-3.7722184829713004	9	9	0.8013965182557998	-9.43650992141679	5	5
GCA	0.17795175047560174	-9.278382286475347	5	5	0.9686286237487493	5.9385302318280075	3	3	0.5899634209637099	1.130280592004439	3	3	0.6949175576173119	-3.2367194655509466	3	3
GCAT	0.7439241727893908	-4.40721657809693	5	5	0.3481100526705666	-0.7325055446891025	3	3	0.7637696589047424	-0.31373522512404084	3	3	0.6852839181983256	1.9900297939448264	3	3
GCDH	0.5276842830601596	-7.9778851397950445	5	5	0.09605439285910743	14.47281511529822	4	4	0.6335689726463027	2.981422546379895	3	3	0.4938556820453808	-12.95333716541849	5	5
GCGR	0.9826255130967373	-2.328805857829946	5	5	0.19513869580206422	-1.390401821239977	4	4	0.9180050252314872	-1.9883918308660016	4	4	0.0867926661869571	3.535143230094299	3	3
GCH1	0.9182289012525874	-2.4006046895660553	5	5	0.624085750132112	6.513551879210831	4	4	0.46248758248487876	0.40237134023744053	5	5	0.8082903871016894	-3.358776937396893	4	4
GCK	0.20767701159834473	-0.46705386194533016	5	5	0.43595978200083707	4.7607354018612815	5	5	0.6432093456197832	-3.758579897756921	5	5	0.3601334303089583	0.05615826186247238	3	3
GCSH	0.5861419721859356	-5.321584177001191	5	5	0.14232719046486667	16.44215026593452	5	5	0.6319902730624867	-3.132376245358444	4	4	0.029021594902729864	-12.415198740790506	3	3
GDI1	0.11761514055512526	-9.183849226109167	5	5	0.04733713763079308	13.07418422405721	3	3	0.0994025730603695	5.344664514332192	3	3	0.7562998120078067	-10.419744852485884	4	4
GFER	0.5649221778637004	-8.001214911041991	5	5	0.5391364576005482	-0.6845777653432963	2	2	0.2341296162218821	-8.855750081910188	2	2			0	0
GGCX	0.3363927247017041	-6.136327007807872	5	5	0.9955172430739164	2.871138058819396	3	3	0.4822269826599105	4.384786052111875	4	4	0.7648956320274692	-0.8015338993578904	4	4
GGPS1	0.02449370321657763	-0.164344063733596	5	5	0.11259058949745608	1.6429354512380971	4	4	0.14825178667100247	-9.60964644014814	4	4	0.7844784035957554	-6.324864057486402	1	1
GHRHR	0.2732065221099381	-8.120189333861395	10	10	0.3066675336314372	5.545662086258848	7	7	0.9126782723903357	-3.3590296595426388	8	8	0.4674119492913624	-7.553264309180964	7	7
GIT1	0.45715297241338726	0.7599200627033751	5	5	0.7259146806302323	5.512865893562249	5	5	0.05326946625583811	-9.565576365555922	5	5	0.21426011079281937	-7.942723945705002	3	3
GIT2	0.36670394365712744	0.6827456288575021	4	4	0.9034502746478965	2.8041101226402483	4	4	0.4934566096465861	0.8204152756580649	4	4	0.6076174837814818	-0.5620428349452228	4	4
GK	0.7158625836550816	-2.569041291149628	5	5	0.3642197826147223	9.889510819721387	4	4	0.9964287148841453	-2.5826380788190506	4	4	0.23827674246241826	-10.063511740763223	4	4
GK2	0.8348846954256501	-6.061856835353048	5	5	0.33425458174009104	4.1195260529476245	4	4	0.88464335822412	-0.19703856502652864	3	3	0.6804051243092235	-2.718527679392396	4	4
GK5	0.02828602925038403	-9.941357933279713	5	5	0.33265015555354926	-1.7220504983522016	1	1	0.2198654551797944	-9.893222814919095	1	1			0	0
GKAP1	0.6580411163526352	-2.310359506137073	4	4	0.7065985424813297	2.3987223109659013	3	3	0.812481680421815	0.044930367580926577	4	4	0.8789105686766774	-3.2824810980329446	4	4
GLA	0.8348846954256501	-4.964000341515337	5	5	0.6571523066131331	6.284282546140839	3	3	0.6937260992273393	-2.9930319614328997	3	3	0.21317480563693292	-8.259126128697396	2	2
GLDC	0.2099304598803663	-6.139694387344609	5	5	0.08264991105026992	16.665881955698943	5	5	0.7637696589047424	-4.475492189257008	3	3	0.18483545275320257	-17.157967002854065	4	4
GLIPR2	0.012704103647186214	1.7914555265103314	5	5	0.7389431665234396	8.53040205835048	5	5	0.6662718191217996	-3.2241965234005137	5	5	0.9774922380570643	-6.929805663690765	4	4
GLP1R	0.08997548869391782	1.2942615701703957	5	5	0.017498996350636595	-2.3795977380247515	5	5	0.17968358067109091	-7.512460782160921	5	5	0.24996883087746158	2.7848107923524084	3	3
GLP2R	0.5317592123415387	-5.004591275542619	5	5	0.04609657461154144	-1.8698965690145553	3	3	0.7558785280505862	-2.9531188684308085	3	3	0.0707485518547036	4.031933804248004	2	2
GLRA1	0.5502914882584582	-4.276532022829197	5	5	0.44041461759139866	11.324729815718475	4	4	0.6772168269506692	2.8750999045950927	4	4	0.8483919991103628	-10.945540884910335	5	5
GLRA2	0.0533635190082851	2.451221539990355	5	5	0.18973178831750426	1.8077523749522755	5	5	0.3775025682396762	-6.3267536657818075	5	5	0.7046007158919422	-0.5863553247453351	3	3
GLRA3	0.5155557559083246	-2.34779427021765	5	5	0.07655438614111913	-1.7394281109389045	4	4	0.46564633812280687	-6.308733956436061	4	4	0.20732834566563085	3.357865425173893	2	2
GLRB	0.854364555621399	-4.7492477153364	5	5	0.9328378024560585	2.9526156899355436	3	3	0.33386156869926564	3.534379857105868	5	5	0.3216518858134929	-3.2143621872210275	5	5
GLRX	0.2613983340060001	-8.07049209953059	5	5	0.3310647428991468	9.52337218267283	3	3	0.17789551900108636	4.050636163412492	4	4	0.5393752643239107	-10.219924865364122	5	5
GLRX2	0.8010443417528704	-5.503583190170609	5	5	0.6091632486488154	2.4146428710901726	3	3	0.12255820823080106	-6.674596547636084	3	3	0.30017237238335026	-7.976638477211102	2	2
GLS	0.556538934730302	-4.923530121252064	5	5	0.14683681418205943	12.370406950624847	4	4	0.9331692108407714	3.293947281205059	5	5	0.27718997893065345	-13.202080586083717	5	5
GLS2	0.6790419600920736	-4.592700351507885	5	5	0.5935229888205811	11.690523087476649	4	4	0.7951680046090991	-0.12197783374025617	4	4	0.48839135332375516	-6.689082576560388	3	3
GLT6D1	0.14974855106237153	-9.057064080820192	5	5	0.9417756252234913	5.462495167106333	3	3	0.36355112321290184	3.838272254336191	4	4	0.7736481427740518	-0.3114020274422303	3	3
GLTP	0.40969495083753205	-1.988689378962763	5	5	0.8455821211167693	8.676411633635654	5	5	0.41987665753795556	-9.926534317904283	5	5	0.6852839181983256	-7.101231617348208	3	3
GLUD1	0.8155056255135527	-3.729631875397262	5	5	0.7744684353190315	-0.2524129710014685	3	3	0.059513873469626374	5.138747600020457	4	4	0.05433838664574689	4.157529936255656	4	4
GLUD2	0.8985024041132937	-5.524726974575763	5	5	0.8882978938943152	2.962020380120743	3	3	0.3783847691234835	-5.945356527440027	3	3	0.8408646898041267	-7.703124806478742	2	2
GLUL	0.32403221939848137	-1.9126508622384548	5	5	0.8651473251322472	2.1822721664219236	4	4	0.8263993062385011	-2.287718704468541	4	4	0.5217971521146411	0.08658083962001761	3	3
GLYAT	0.37526642563989854	-6.2967252936542275	5	5	0.7159237878916427	9.431856461787866	4	4	0.16493141705796055	-6.562032656470549	3	3	0.15416924072905192	-11.119507037267935	3	3
GLYATL1	0.9513642230196446	-8.05263236237468	10	10	0.9054500530690099	12.74699854969	8	8	0.5360540833492289	-2.7053443277202955	9	9	0.6300562883403804	-10.839117304995085	7	7
GLYATL2	0.22859741001264733	-0.4463106995560344	5	5	0.3059271438734652	1.8350778229451912	4	4	0.14825178667100247	-9.174627806418583	4	4	0.9551661367621639	-6.422877865476229	2	2
GM2A	0.41277501418465057	-5.518790727989951	4	4	0.9596721613037543	5.021108264156219	3	3	0.7013933439483151	-0.17851816655623973	3	3	0.7786317183153296	-2.142594013405477	2	2
GMDS	0.6164552554061412	-5.505440714005602	5	5	0.9419792903008283	5.422356367775419	4	4	0.9607315985272517	-0.36264517483931985	4	4	0.9687157558347669	-1.1528729621392246	3	3
GMPR	0.368601539056959	-6.155016139552337	5	5	0.2635464484997765	-0.9008034947356677	3	3	0.3269703298430596	-3.6034246029797257	4	4	0.5843957357186256	2.917756545946685	1	1
GNAT1	0.6787871986407623	-9.198379177185188	9	9	0.5947894026419751	10.37060006088407	6	6	0.9912966103590228	-8.704998647819176	6	6	0.3577060001916085	-10.296299492411608	4	4
GNB1	0.24841703568385598	0.8540100519885664	5	5	0.25864544596232786	2.005298321903694	5	5	0.9872559515390521	-2.7344305382086027	5	5	0.27614361519134034	-0.008098039079861508	4	4
GNE	0.10504732144892893	-1.463077776043286	5	5	0.1579563727234552	0.8315650678532706	4	4	0.9426986887903109	-0.7402490317049875	5	5	0.20828273094024297	0.36492075072664854	4	4
GNG2	0.8739336054079389	-5.172894942774648	5	5	0.6490481557326151	2.5875250322492427	3	3	0.8764675454502998	-2.022724738193752	3	3	0.4721312575287234	-3.0389902960632305	3	3
GNGT1	0.057320758841883	-9.097097116836373	5	5	0.12386570646303387	14.350361910116156	2	2	0.2938040095744333	5.00057923808134	2	2	0.5964881630938822	-7.052557402544419	3	3
GNLY	0.7675733183860726	-4.848854187484862	5	5	0.9497043410641458	9.163739421036901	4	4	0.06661015927804348	-9.249575941577234	3	3	0.04551710017366292	-17.134840687131675	2	2
GNMT	0.4348755774538744	-5.786567856352608	5	5	0.7149683940145535	2.8029903001779246	3	3	0.9535993236843746	-2.5241930792589216	4	4	0.7537091772080944	-4.008138783676084	3	3
GNPDA1	0.15691265095367646	-8.858117702749906	5	5	0.09800847122650154	14.857560825834772	4	4	0.03859300242320866	10.37494166990389	5	5	0.6836441879470959	-9.223903827975237	5	5
GNRHR	0.6208413118993609	-9.011336653810773	5	5	0.5300564845074633	-0.7432486505101634	2	2	0.6633762330473258	0.3415572551161205	3	3	0.3556827490835114	3.0764569648617037	2	2
GOT1	0.7065912187837	-5.591485987854353	5	5	0.8880969855271847	8.264125402803016	4	4	0.9256896551768935	-2.6985101768771016	3	3	0.9374795878480127	-6.248837747245506	3	3
GOT2	0.08202036775095813	-0.7391806192465532	5	5	0.24084468107445367	12.245546270102457	5	5	0.7438608628845441	-5.71979964868035	4	4	0.1743631645244439	-16.910899969534697	5	5
GP1BA	0.03308294356224323	-9.206050990694068	5	5	0.20681846245781377	11.934236117750373	1	1	0.2543039735027012	3.7723674122890323	3	3	0.8139648565977974	-4.416225586373542	3	3
GP9	0.10371931626271838	-8.656079595503009	5	5	0.42747200249260886	-0.8467642396974249	2	2	0.17220059720353498	3.7793053190703865	4	4	0.04548181333136105	3.8160169421131513	3	3
GPD1	0.6519149412153662	-5.071251393263654	5	5	0.32000636803352756	6.65827510067906	3	3	0.9256896551768935	-2.6032942360954614	3	3	0.289638945955366	-7.690309862394757	3	3
GPR18	0.7914408970790019	-5.1612483510001725	5	5	0.3838407081788807	2.2741007582178763	3	3	0.4934566096465861	-3.16721989401255	4	4	0.3077280768410524	-7.871473457219082	2	2
GPRC5A	0.5549682120672591	-8.901065759137671	10	10	0.042760804559121394	16.046242853122433	8	8	0.6164231971130267	3.9841445709435033	9	9	0.14255709446176593	-17.775540109637813	9	9
GPT2	0.6609084332288035	-4.663369407451392	5	5	0.4520001713552888	10.033870929507467	4	4	0.8035789104452501	-2.586180630963275	3	3	0.24996883087746158	-7.96102920765957	3	3
GPX1	0.1865388640982173	0.8678083948802296	4	4	0.44041461759139866	-0.7608783172238655	4	4	0.2969955373373563	-6.204454778145305	4	4	0.717787285813544	2.358162680489883	2	2
GPX2	0.29630507358158686	-5.783736606246485	3	3	0.35255407769204716	9.94005445595694	1	1	0.4117812551336185	4.820533003574454	2	2	0.9679675506516953	-2.7074578189398806	2	2
GPX3	0.7770953165698574	-2.983920834369622	5	5	0.624085750132112	7.014696882176025	4	4	0.7252841894979406	-2.3138748423315207	5	5	0.8248157640265374	-10.502867599134722	5	5
GPX5	0.013387481748977458	-9.197141755206422	5	5	0.13433593034927574	18.408193257335938	1	1	0.09335745025884233	11.458324398631307	1	1	0.9092749108051044	-5.378609384324867	1	1
GPX6	0.753356281883896	-5.124139592583397	5	5	0.5037624576674269	2.281776710510336	3	3	0.8355032925225724	3.5174146036853453	5	5	0.7537091772080944	-4.050444627926414	3	3
GPX7	0.34585954525067697	-2.1351189125306305	5	5	0.913837767233215	8.880297650028794	5	5	0.5881004272965635	-3.438517546674443	4	4	0.9235806701215031	-6.336125335515381	4	4
GPX8	0.5776097500948759	-8.330886038270679	5	5	0.48249737846317997	4.472641136620043	3	3	0.2811328050516275	-4.518772134692355	3	3	0.29446852463267126	-9.06193192379989	1	1
GRIA1	0.42940567778975935	-5.637718960560647	5	5	0.7658774872024416	3.0617114710329063	3	3	0.812481680421815	-3.6157700340767156	4	4	0.9791408671229712	-3.8606080893597934	3	3
GRIA2	0.4203788137846788	-7.827440348392728	5	5	0.23802519614358486	-1.4587823334843861	2	2	0.2341296162218821	-8.629438480068293	2	2			0	0
GRIA3	0.18887408339710965	-8.20052479863646	4	4	0.5375629227149763	9.141169970309209	1	1	0.2719842192234534	3.635189357475601	3	3	0.8856559261797309	-3.3969062812835573	3	3
GRID1	0.511545307858261	-1.9479003091170373	5	5	0.38434375366436746	12.024100234730161	5	5	0.5048539076015578	-0.46986121142993237	5	5	0.722226814782915	-7.246231071318372	4	4
GRID2	0.23101139004820936	-8.287840824269757	5	5	0.5552410132851231	8.474417096858971	3	3	0.01731389165328203	9.483240776856489	5	5	0.43849113057554756	-2.546585008381453	5	5
GRIK2	0.2099304598803663	-8.973485850706867	5	5	0.06293251860548299	13.059326123172342	3	3	0.24634497221939056	3.724814761637574	4	4	0.47361404369612026	-11.333356976909593	4	4
GRIK3	0.5776097500948759	0.2880883367256938	5	5	0.5134194887209047	1.9753237341409708	5	5	0.7615191108433252	-5.437813512209974	5	5	0.6476342266631616	-3.357429711970196	4	4
GRIK4	0.7486355258963429	-7.613016661602779	5	5	0.18673218431587135	11.580821453109612	3	3	0.5697317910937402	2.8829064564998297	4	4	0.5527564179571829	-14.22170226773455	5	5
GRIK5	0.24335294113063544	-8.375814023111838	5	5	0.633992445906967	4.824044824465932	2	2	0.017466716500267595	7.8995954772237456	4	4	0.12622808222727358	0.362022963399841	4	4
GRIN1	0.6927657961009959	-4.578514150688197	5	5	0.9034502746478965	7.9950781937923265	4	4	0.32998426568849315	-6.075725013792163	3	3	0.28543489400435684	-11.412734687698201	2	2
GRIN2C	0.908358588491738	-5.246838524687208	5	5	0.6013188402665999	6.022896129669189	3	3	0.565272962075724	3.8230834666151168	5	5	0.7735205110925591	-7.342318492655785	4	4
GRIN2D	0.46852768235463194	-8.280553299131844	5	5	0.763541077765586	11.689070612051083	4	4	0.053875183971797934	-10.115512340431701	2	2	0.07859465935145817	-16.17711980508531	2	2
GRIN3A	0.5075512066461922	-5.116592850004654	5	5	0.3432190483686389	15.97459236057576	5	5	0.08323878030810807	4.384496940589286	4	4	0.9438504236420262	-10.350906525443476	5	5
GRIN3B	0.642971793323641	-2.2526225021885935	5	5	0.41832582087637704	7.932925593548748	5	5	0.6383725272171603	-3.204933125522236	4	4	0.6395440126355633	-6.613944852480402	4	4
GRK1	0.12356667076669806	-1.1605713050500834	5	5	0.9188397521484034	5.797922709713653	4	4	0.10044993635474926	-8.879829985773952	4	4	0.14314548677116676	-10.580113604719411	3	3
GRK4	0.1345444333302132	0.9127401625157255	5	5	0.17830358963729687	5.2294600258015	5	5	0.350087772555825	-6.190834398710893	5	5	0.5938500584343382	-10.043330902786415	5	5
GRK5	0.1345444333302132	1.6390499756983665	5	5	0.9965467954619968	9.698469186881173	5	5	0.5925843938714581	-5.7290339786447655	5	5	0.27789506920762963	-7.549800422756237	3	3
GRK6	0.17996385787569225	1.5999646590049796	5	5	0.5474491261756043	2.4478288702294493	5	5	0.14830226265080637	-9.286420420430582	5	5	0.6379060901010708	-4.26886387091927	3	3
GRK7	0.7205141282042609	-5.090605980792464	5	5	0.3851007357897961	8.389111138137455	4	4	0.23912498275932104	3.775876310433334	4	4	0.9774922380570643	-3.137942198244751	4	4
GRM2	0.7112215620282105	-1.936577857637693	5	5	0.9034502746478965	2.6909861767007617	4	4	0.8473770774608975	-2.217332109750281	4	4	0.7438000152380875	-0.6088206081216146	3	3
GRM4	0.829255688354045	-8.164747672015443	10	10	0.6566271437517617	14.899281082430724	8	8	0.737437122683144	-3.5388141882451865	8	8	0.808292317444575	-14.338017794920662	6	6
GRM7	0.08566625314607426	0.8646866175789575	10	10	0.16581225252073306	5.897181397997573	10	10	0.265877949862415	-9.797778238078061	10	10	0.6240648482988341	-3.723493494699582	7	7
GRM8	0.7089049932303941	-4.641496690609389	5	5	0.7304678309966427	8.106746031714055	4	4	0.384020083730762	-3.4732280271506277	3	3	0.6472718678263668	-7.099005553634757	3	3
GSG2	0.1411476267297041	1.312298454625073	5	5	0.20787238739863356	1.9447824981075865	5	5	0.2774071846315891	-6.920903991605862	5	5	0.7537091772080944	-0.8584982157073989	3	3
GSK3A	0.25615062047789494	-5.732469100461233	5	5	0.4381445404693375	6.498358848685598	3	3	0.30960926530748334	1.2698126057427654	4	4	0.9167058325394901	-3.2197266454041156	3	3
GSK3B	0.11908150678371368	-0.03355627031059368	5	5	0.12883154977300246	-1.49594274833295	4	4	0.1311848031082586	-10.020437927956847	5	5	0.1510564044067528	4.270451877396277	1	1
GSR	0.4167994725605393	-5.54819606243198	5	5	0.43483297681819333	6.549242678984108	3	3	0.1618013330298892	-8.489645072986677	3	3	0.04551710017366292	-16.900706581364688	2	2
GSS	0.2831296859783331	-1.97471448873824	5	5	0.7451094432611904	8.293073781603596	4	4	0.6447816890488338	-3.416427709274849	4	4	0.5217971521146411	-6.904850586900094	3	3
GSTA2	0.6385194415454449	-2.4185676217117744	5	5	0.5968850098355618	2.448211609011211	4	4	0.9617808560530875	-2.2444837001599516	5	5	0.5829597999420405	-0.20158684907081703	3	3
GSTA3	0.5987048601335051	-1.6803847650264352	4	4	0.24942049072504247	-1.1706102111372239	3	3	0.5071717036112682	0.8634765649621547	3	3	0.07329286204007963	3.605346250479144	3	3
GSTA4	0.20409324024456332	-9.392863850770738	10	10	0.7268223492225194	9.462184654893349	4	4	0.15451837476704916	3.774411776241028	7	7	0.3819100991650135	-7.131409482877436	6	6
GSTA5	0.03207140841756255	1.8012965073169196	5	5	0.4334149120904912	2.6471319293806457	5	5	0.07491461618564295	-9.649856503669922	5	5	0.4265444338667359	-4.570381220660765	2	2
GSTK1	0.8739336054079389	-5.128166540396606	5	5	0.8353240002260773	3.4286483253346147	3	3	0.4309265857100093	-5.584785943542712	3	3	0.6322208389509509	-7.54173619839727	1	1
GSTM4	0.06625480524089283	1.3628162194946316	4	4	0.6172353737898271	5.6687889131550415	4	4	0.6512173562498855	-3.1467169322510444	4	4	0.9505081346935688	-7.275920086745618	4	4
GSTO1	0.9727004053932512	-4.429303199572562	5	5	0.9111408467360205	8.353715086968306	4	4	0.5899634209637099	-3.1203731512137254	3	3	0.38108884120282016	-7.677367592987959	3	3
GSTO2	0.04963710278326332	1.546705357853719	5	5	0.0939495552336808	1.041017443034644	5	5	0.005583103704870117	-10.607505352872414	5	5	0.1714880189307838	-17.032454742575386	1	1
GSTT2	0.6120828468983042	-4.431068307840094	5	5	0.20885897647466922	11.853359511409385	4	4	0.14972829310810434	-6.9356922642739605	3	3	0.026585882823941184	-18.14666996096388	4	4
GUCA1A	0.06566516289530393	-4.772165339571904	10	10	0.0017339233452422162	-2.7297487731310976	8	8	0.022001195822602067	-10.516298998079805	8	8	0.5651475592471655	2.2670383343034977	3	3
GUCY2C	0.31382891218980846	-0.8637368703987072	4	4	0.6091632486488154	0.7132240172990043	3	3	0.8896440161512097	-3.376667167344877	4	4	0.8913979296231909	1.7252396582469034	2	2
GUCY2D	0.6252408886473814	-8.24098696037452	5	5	0.26837546070021623	3.9576506750691274	3	3	0.7848275555711997	-3.732249639588535	4	4	0.43594688289199346	-1.290958120103776	2	2
GUCY2F	0.642971793323641	-4.510519564485854	5	5	0.9034502746478965	7.489467407314984	4	4	0.5870739237517502	-4.062091802778688	5	5	0.8170453009277164	-6.8726148156000235	4	4
GUK1	0.09727825159838135	-9.14800518139126	5	5	0.02647031857213719	15.684057427767604	3	3	0.3864697893094231	-9.00746368378373	1	1	0.010397833422684456	-17.642065801193997	3	3
GUSB	0.19883867151871037	0.8874033077454798	5	5	0.11220436200049282	1.5132438666302803	5	5	0.043323118644350164	-9.831080948618348	5	5	0.45617396933916476	-5.207562091656826	3	3
GYG1	0.3149584992619813	-6.4124491099434735	5	5	0.29862271666339757	6.9064052009797505	3	3	0.15724360793681924	4.025931669473276	4	4	0.9594980633084279	-4.198494592492485	4	4
GZMB	0.11926156477805623	1.6162026591104492	4	4	0.2461848323371547	-1.3895175432409121	4	4	0.8825743359168742	-1.6324373752099615	4	4	0.17395866300991503	3.2204875770594747	3	3
H6PD	0.5549682120672591	-9.521313288444707	10	10	0.15901696263417797	13.166009117322517	8	8	0.9325829062754484	-2.814180080708677	8	8	0.13920909336409903	-11.241895459210774	7	7
HADH	0.4167994725605393	-2.124840072609392	5	5	0.8575216596071998	5.842850306920468	4	4	0.7917171442419596	0.4803548463521386	4	4	0.8878184405588241	-3.98377701995418	4	4
HADHA	0.2692438007961141	-0.9769250218523684	4	4	0.09298040817619624	-1.5309577672760166	3	3	0.6319902730624867	-0.04668834267628593	4	4	0.20013915317378017	3.0064676976159084	3	3
HAGH	0.6927657961009959	-1.9143775839288812	5	5	0.8591576798181733	8.896601561348968	5	5	0.21575107122937887	-9.969310394423717	5	5	0.15042515544199686	-8.26698879521558	3	3
HAL	0.6077242126538864	0.12806691825511748	5	5	0.8118516238839266	3.377912795283646	5	5	0.7767779273215174	-5.06403515022238	5	5	0.8241261146639588	-1.1973514483787213	3	3
HAO1	0.7486355258963429	-7.239343096046202	5	5	0.5575271416393679	-0.6391153570719412	2	2	0.7284643265402659	-2.8967742314083256	3	3	0.4658179681935668	3.1499565852097158	1	1
HAO2	0.34585954525067697	-8.252836774129717	5	5	0.20668270488833484	9.77637583602036	2	2	0.9917314702323718	-2.1826404468060043	3	3	0.4328167340199195	-9.686512743097735	3	3
HARS	0.6632188754704929	-2.7432385862387987	2	2	0.46299045896034097	-1.3405368332048333	1	1	0.2953479851768257	-9.511709149771727	1	1			0	0
HBA1	0.5923356723458126	-7.203172351097501	8	8	0.48555808076173046	11.011057361102779	6	6	0.413287344852857	-1.3395003624131523	6	6	0.8013965182557998	-8.02681952575707	5	5
HBB	0.3477989273263804	-9.563915565534325	10	10	0.9377842249959774	16.95716659109098	8	8	0.7739194977467816	-3.165321106586901	6	6	0.9671354494321439	-15.129250994223412	6	6
HBG1	0.1912307879642965	-0.6266469402353363	4	4	0.7149683940145535	2.7900832032982135	3	3	0.25864720069753244	-6.2722260656763895	3	3	0.7786317183153296	-7.436116463807712	2	2
HCK	0.15874363665330804	-1.9017888750861165	5	5	0.6658561515080483	2.154728166605089	4	4	0.018332682711088608	-9.952265044637011	4	4	0.10563348227890615	-17.892234474989166	1	1
HCN2	0.8106779486944853	-5.316313368220739	5	5	0.23836847153530583	12.577456636843095	4	4	0.7986230392967869	0.35892903498290635	4	4	0.24723774571218127	-13.843381414454916	5	5
HCRT	0.22620144620905025	-1.2156641561689048	5	5	0.19181429298566155	1.34358017985173	4	4	0.6261337914270195	-4.3711560052942	5	5	0.2608946563559693	0.23048336213310172	3	3
HDC	0.5440789245362108	-2.0608314099587304	5	5	0.12166114286132601	1.2677034197471233	4	4	0.7222908164065468	-3.652002416433383	5	5	0.13613921923054487	0.7096218630560847	3	3
HDHD1	0.8446127476966276	-2.16584928083395	5	5	0.8499092679602628	5.657130549894723	4	4	0.6036758789186417	-3.1633037808856304	5	5	0.8445356641945179	-6.465566377780259	3	3
HEXB	0.7486355258963429	-0.22908663050071884	5	5	0.17830358963729687	9.649707898697665	5	5	0.4480222683827698	-1.204620192707875	5	5	0.5997482906588206	-6.810992019000374	4	4
HGS	0.5281584573570707	-5.937914797248631	4	4	0.48585162938057114	3.20768583786697	2	2	0.03201975569738391	-10.625013858870744	2	2	0.10563348227890615	-17.922967602528775	1	1
HIBADH	0.642971793323641	-5.440976883061864	5	5	0.3172797047877598	6.791917580174427	3	3	0.02144207714107348	7.768451090276296	5	5	0.28618400244742626	-3.177240181861086	5	5
HIBCH	0.9472037594012495	-2.619795097501159	4	4	0.7830870879699032	2.9793746161894976	3	3	0.40764101876184466	1.1150463072383963	4	4	0.5389301710621042	-0.34267524909258223	3	3
HIF1AN	0.08997548869391782	-0.43847805521403355	5	5	0.03008913727445552	-2.3449657841410168	4	4	0.0583140192033695	-10.182466463915697	4	4	0.9454895850192585	1.6808579279434754	1	1
HINT1	0.5794793187691918	-5.6226410548219485	4	4	0.8306197822146404	3.9068773169038495	2	2	0.44315253569662993	3.1201053665173712	3	3	0.5740209553051443	-0.804381249408797	3	3
HIPK1	0.20212018055248682	-1.1930598280802671	5	5	0.11040838292991145	-1.9727519231114137	4	4	0.19274431982412155	-6.681815428884309	4	4	0.10645543486541928	3.774039403542629	2	2
HIPK2	0.8886618518901277	-2.7043148591821278	5	5	0.41776172604909567	7.088214918593465	4	4	0.3449515193163134	-8.93604288868074	4	4	0.1030180418608657	-13.660051517887723	2	2
HIPK3	0.6965927700151913	-8.299530183573241	10	10	0.127565862406087	17.678612425229385	8	8	0.19683508564247099	10.44284647993053	9	9	0.5519101824504483	-12.41992441949818	8	8
HIPK4	0.923168884041789	-5.698195709282774	5	5	0.8617331994047407	2.437301838042922	3	3	0.15077988420860655	3.9987624558189196	4	4	0.2473808158275953	0.48388644420715465	4	4
HK1	0.35229144653939326	-9.030488951974137	10	10	0.012967501749712243	16.275883142883057	7	7	0.013763498958056375	10.287900186191267	9	9	0.5145919071784837	-11.455517339767646	9	9
HK2	0.2915859222475219	0.11777631005161515	5	5	0.5359830346076401	2.993082773366113	5	5	0.43381752305602506	1.3637426675831332	5	5	0.18748007252946763	-0.36123179596808147	5	5
HK3	0.9333389977120169	-4.372545747824903	4	4	0.12053093283048039	-1.8823279405195557	2	2	0.7073721163385474	-4.30607246484085	2	2	0.1385023309595027	4.309980241582914	1	1
HLA-A	0.8251818436098276	0.004674930479941423	5	5	0.7851132742816158	5.618103290098233	5	5	0.5333199842160855	-5.772627080834119	5	5	0.986494196268114	-7.054758994245716	4	4
HLA-B	0.5276842830601596	-1.8802924798360199	5	5	0.2461848323371547	9.365376505789841	4	4	0.8684635531987298	-2.6333991727429398	4	4	0.23381448917448722	-10.22526824223752	4	4
HLA-DQA2	0.830030029603947	-4.585323578339213	5	5	0.7487826623978457	2.282540162092051	3	3	0.7642617308063044	-2.2322383169062103	4	4	0.47473033813968235	-1.6326742490502162	2	2
HLA-DQB1	0.8496883232400307	-9.355653088493824	10	10	0.6848701234061378	4.671191755664927	6	6	0.665235777770767	-3.1520006723463276	6	6	0.8248157640265374	-3.1398230710988764	5	5
HLA-DRB1	0.7818690026260681	-4.760001175348139	5	5	0.6729244241513159	6.110114849673334	4	4	0.6262067517976293	-5.17516780171854	3	3	0.8534450846924276	-5.773901625995169	2	2
HLCS	0.6026281469516883	-8.375804056854323	10	10	0.17250503889348368	4.936362435884677	7	7	0.44644189451240424	-3.430072923496528	8	8	0.7870855169996965	-6.558161350197014	6	6
HMGCL	0.6927657961009959	-5.125320678686901	5	5	0.4066975841122953	12.75191329700886	4	4	0.88464335822412	-2.3503433457302325	3	3	0.11073291951661242	-11.008725450355692	3	3
HMGCR	0.204012033779986	-7.3091986038430505	3	3			0	0			0	0			0	0
HMGCS1	0.18610157077844247	-8.875476481026613	5	5	0.19308555946974781	-2.0051165019893578	1	1	0.6332283879529961	0.9281667767957797	2	2	0.21843721583784081	3.929517711959023	1	1
HMOX2	0.637187290526259	-1.8251923295063366	9	9	0.7834009868057574	10.767399332379197	8	8	0.6496059767957254	-5.55379528722523	8	8	0.822509894835766	-8.159344459574504	6	6
HNF4G	0.7266129281159461	-8.75214893848817	8	8	0.49136071381051816	2.5810729234593595	5	5	0.7269225728393527	4.655018935440527	7	7	0.3696257417185146	-0.3942089648815384	4	4
HNMT	0.2108674584738508	-7.166402252672505	4	4	0.20668270488833484	10.52973833416451	2	2	0.10470947695789658	6.415408624665139	2	2	0.8701934339361953	-4.089899227150505	3	3
HPD	0.40266294374946365	-5.782997362583312	5	5	0.4346862998706067	9.479317301822574	4	4	0.2567604696945419	3.292562083504215	5	5	0.9146227418967077	-3.996779456701572	4	4
HPGDS	0.08833278628076725	-1.0145525214897375	4	4	0.7573152357135455	3.272345403132793	3	3	0.8263993062385011	-1.967849506736668	4	4	0.8343169373703494	-3.6148383705418716	3	3
HPN	0.48985734097966516	-5.977888299379795	10	10	0.18906104238765653	3.0147448149587874	8	8	0.8474246305404282	-3.1575944137965215	10	10	0.13696393256289432	-3.122567701649095	7	7
HPRT1	0.6836050357079828	-3.1010120627480817	5	5	0.08264991105026992	13.607477173022453	5	5	0.4493873843012053	1.0190799915575333	4	4	0.23512131624291788	-11.142462340770292	5	5
HPX	0.9330575556980906	-3.412072643724296	5	5	0.7487826623978457	3.289519107464231	3	3	0.15077988420860655	4.221572264785276	4	4	0.39419535135427664	-0.014633264417509118	4	4
HRH1	0.9669861187413741	-9.175502606381285	10	10	0.37111100761188665	10.4637231529982	6	6	0.9126782723903357	4.426114670731994	8	8	0.3187183595916725	-16.694147171368304	7	7
HRH2	0.5075512066461922	-1.3374413791952602	5	5	0.674622456662455	7.884117995116306	5	5	0.4244941032422793	-4.704892358051235	5	5	0.7143319843313938	-4.860232135578793	3	3
HRH3	0.8494857729355151	-3.0308382882927787	5	5	0.03505536666693272	13.318352748288577	5	5	0.3225718962020083	1.0215509646192473	4	4	0.13382711252308332	-10.86975798465918	5	5
HRH4	0.20102204354273379	-4.2646469303501675	5	5	0.07865601608013843	-1.650536474793853	3	3	0.08727763944951974	-6.892824662675982	3	3	0.8732478202697368	2.1858120638989336	1	1
HRSP12	0.8058574622301209	-8.484588194583432	5	5	0.05250607297362545	-2.2585748548035163	2	2	0.18359624681790943	-5.917869994720699	2	2	0.7670175866137965	2.423841511112289	1	1
HS3ST1	0.24587584740573665	-8.76682981288917	5	5	0.7878462031069068	3.5713660722821627	2	2	0.2543039735027012	4.129072474608354	3	3	0.4328167340199195	-0.012382676532477413	3	3
HS3ST3A1	0.9727004053932512	-2.577540314032455	5	5	0.4158411508393449	13.108888496657906	5	5	0.5456746483060118	-5.375804851831076	4	4	0.33408711249686085	-17.942843231549592	5	5
HSD11B2	0.9528644010536571	-2.3320201741086017	5	5	0.2792385652861885	10.040791671714564	4	4	0.8403716883911934	-5.32579860052802	4	4	0.20013915317378017	-10.313389445850138	3	3
HSD17B10	0.07722956099807511	-8.247710780301201	4	4	0.08680328616833853	21.199249115932016	1	1			0	0	0.12676783142241782	-17.540715820287886	1	1
HSD17B11	0.5035735396382339	-4.942338987150605	5	5	0.5627995691474805	2.324055222940023	3	3	0.8856925347324585	3.600778518994227	5	5	0.3879621107136858	-3.1427392306477415	4	4
HSD17B6	0.17496497726371607	-9.050339145523415	5	5	0.6637702511666445	-0.4676426159098108	2	2	0.6606522698158706	-4.290146208024724	2	2	0.8912332973629015	2.099659611100141	1	1
HSD17B7	0.6669631661179385	-7.449910194289551	8	8	0.043037050520354544	-2.0001096071912428	4	4	0.07706039503974878	-10.504773317354834	4	4	0.11582216212918461	4.479905243025226	1	1
HSD17B8	0.12662931077440837	-8.471898952506306	5	5	0.23072894549266865	11.99558736392168	4	4	0.30960926530748334	3.6243955139517126	4	4	0.7339331001497869	-4.225081554433484	3	3
HSPG2	0.3426852488164457	0.1625444350971564	5	5	0.3432190483686389	9.741429543953878	5	5	0.9173087508134828	-2.956949767054868	5	5	0.328979664361046	-7.507577969070165	4	4
HTR1A	0.27211553325268045	-3.3462454727673596	5	5	0.6249869088273721	2.167192756636711	3	3	0.3876649595920243	3.2411510549838245	4	4	0.47361404369612026	-0.4147911971606977	4	4
HTR1B	0.5861419721859356	0.11700354678709839	5	5	0.6065336875595821	2.8157544114981015	5	5	0.792123537063735	-1.7954259368954204	5	5	0.49476133145231505	-1.1643115471094863	4	4
HTR1D	0.17201593979594243	-1.3892359296258407	5	5	0.5250157796189969	1.8445180462358408	4	4	0.7036066917205944	-2.663812520358356	4	4	0.9687157558347669	-0.7749929702918642	3	3
HTR1E	0.7298481584040415	-2.915833052529246	5	5	0.7259146806302323	9.030405344341597	5	5	0.5981184633989404	0.5473520081283322	5	5	0.9415245008787722	-3.4204550016328716	4	4
HTR1F	0.18610157077844247	-8.85490724591501	5	5	0.6739103183496755	-0.6270977226858712	1	1	0.4721637341400148	4.566560525799798	2	2	0.505018275524211	2.614627042967448	2	2
HTR2A	0.5035735396382339	-1.9556253270682749	5	5	0.2707051788540027	1.857253336066167	4	4	0.19298562339297642	-3.1546410513822334	5	5	0.5469327444768446	-6.821066021993303	2	2
HTR2B	0.07267384521557801	1.6620275352805267	4	4	0.06882610353814839	-1.7052853866106297	4	4	0.9251130503632994	-0.7313767831082082	4	4	0.2165585365870627	3.0750016732018133	4	4
HTR2C	0.556538934730302	-7.534270703159815	5	5	0.1148066561457046	12.600306590850431	4	4	0.04446244967279563	6.652795887203715	4	4	0.7936284835066508	-7.017151332408701	5	5
HTR3A	0.5755920078933701	-9.805918246493166	10	10	0.5291197273895909	12.739300308266408	7	7	0.33892367481866303	-6.611635072721055	6	6	0.5869048553378209	-12.013798292210907	5	5
HTR4	0.8886618518901277	-2.1045474559793966	5	5	0.6247993011161529	9.201048130852035	5	5	0.5456746483060118	1.4189779643472218	4	4	0.9198552447733648	-6.3406491095012605	5	5
HTR6	0.1966726850261703	-6.224997806109434	5	5	0.3310647428991468	6.944100334664626	3	3	0.6188815989537813	-1.3607046275237777	3	3	0.7438000152380875	-6.73354548780864	3	3
HTR7	0.29444201113700486	-1.3426408231877864	5	5	0.5000252127677114	1.9122426287663874	4	4	0.7236382182800918	-0.5675207487067069	4	4	0.8789105686766774	-1.1707608471622504	4	4
HUNK	0.40969495083753205	-6.271635530916992	5	5	0.9775890450594203	2.882979623024037	3	3	0.8263993062385011	-3.0190793574449213	4	4	0.5389301710621042	-3.6085781777524155	3	3
IARS	0.38108706457080965	-0.9341705895898078	2	2	0.7666884162174201	8.269310915148392	2	2	0.20018899994042727	-10.006473841521304	1	1	0.08739582708325848	-18.885315061049376	1	1
IARS2	0.46091839650377475	-1.9561422633836059	2	2	0.33265015555354926	-1.7337841271346317	1	1	0.2198654551797944	-9.906018420224184	1	1			0	0
IBTK	0.19493552924746116	-8.391103269230923	10	10	0.3611880257639567	8.642608008931129	7	7	0.6973099434131307	3.9993787337887485	9	9	0.49904276165076633	-9.907185434458905	7	7
ICK	0.5195824618044114	-1.9234413720748147	5	5	0.6943011151394684	2.0438611573184406	4	4	0.8473770774608975	-2.1816370452327902	4	4	0.3670367589176605	0.3134977779835169	3	3
IDE	0.8592489134569401	-4.957625360652353	5	5	0.7086898561580807	4.7911531477162255	4	4	0.7073890910153215	2.695298899553853	5	5	0.37402197471382537	-0.11322964273566487	3	3
IDH3A	0.7225368293771135	-5.641859996974122	10	10	0.5755063917696167	9.773554291962853	8	8	0.7569246342370247	-3.0176553672720954	10	10	0.8531166518612173	-14.40034638286005	9	9
IDH3B	0.4203788137846788	-8.262848841516686	5	5	0.5627995691474805	8.721511322112233	3	3	0.3269703298430596	3.8985786286640436	4	4	0.8789105686766774	-7.351046006897078	4	4
IDH3G	0.06326818912498894	1.4912751337271841	5	5	0.7784667873558294	2.3679170137551186	5	5	0.7193019004623613	-6.359244505436532	5	5	0.4641144340452932	-0.19616835933633414	3	3
IFNAR2	0.4422308647069777	-4.51599717050767	5	5	0.3851007357897961	4.676562962835224	4	4	0.8967224831732554	0.10039793226438525	4	4	0.7995594125507082	-3.4544590293427917	4	4
IFNGR1	0.4976379587917312	-5.353158963614798	5	5	0.41832582087637704	15.83703782560067	5	5	0.4107308184477503	2.920829463590963	5	5	0.5841500112145079	-7.910606344517036	4	4
IFNGR2	0.6385194415454449	-0.4394601280313772	5	5	0.15954954514909359	10.938349464989237	5	5	0.31044728941327515	1.889905527309604	5	5	0.45653844114365516	-7.758759755389424	5	5
IGF1R	0.04576617866331154	-0.8522596902542873	10	10	0.2937924051390467	8.919706937490856	9	9	0.20853407263315116	-3.6718385634459962	10	10	0.9932579889422233	-12.982480512645273	7	7
IGFBP7	0.0777369772967558	1.550726196188566	5	5	0.8253056747074253	9.350341308905477	5	5	0.46248758248487876	-6.085974088855398	5	5	0.4197281872641294	-10.910863741807681	4	4
IGSF10	0.358743306317734	-7.466545531111759	5	5	0.02647031857213719	15.444267841765997	3	3	0.688539573596178	0.6431941605102729	2	2	0.09171520159548441	-13.138429320438703	3	3
IKBKAP	0.05750805206983289	-8.326657071232638	4	4	0.13950179234957694	18.207925487444324	1	1	0.02091091813484548	11.099441467738611	2	2	1.0	-3.9821825521347933	3	3
IKBKB	0.07959320580833071	-8.748586434132246	4	4	0.4772562745439488	8.653282460079781	2	2	0.04895106524203731	7.015978636436773	3	3	0.4721312575287234	-0.07320110575818244	3	3
IKBKE	0.8739336054079389	-8.152136642236627	5	5	0.6329646623089908	5.246930672863589	3	3	0.424887721171303	-3.567059263853094	3	3	0.327087439863353	-8.52953719684694	1	1
IKBKG	0.9727004053932512	-4.604151040796839	5	5	0.8441079932691453	2.760473290611564	3	3	0.9380472744506472	-2.3824883224854285	3	3	0.6757011822409351	-3.571462647503631	3	3
IL11RA	0.8736536902690799	-9.011160387851907	10	10	0.24510612651790542	1.938230970310532	6	6	0.03341027727322448	-10.171856334418933	6	6	0.4847140862230581	-7.387710001280608	2	2
IL2RB	0.9975177382557646	-5.6624743257487475	5	5	0.8045521659197685	8.813283523310659	4	4	0.4809962972959322	-3.157882888545231	3	3	0.48022379094487777	-7.069340921414568	3	3
IL2RG	0.5982971452105652	-8.854645402945977	9	9	0.29293943716077375	16.05272332382246	5	5	0.39946629961571234	2.129455942584134	5	5	0.2321509043112372	-15.15480214980303	6	6
IL3RA	0.11761514055512526	-9.673232738753343	5	5	0.5636966382218513	-1.0467606211774658	1	1	0.35635682669309277	4.186824262617779	3	3	0.034661999572770046	4.287771867451144	2	2
IL4I1	0.8985024041132937	-5.856732139219155	5	5	0.35977802178558205	-0.8763493860206063	3	3	0.6837787818071686	0.9485292245990316	4	4	0.18671009585887266	3.045416508486453	3	3
IL5	0.8360544615966049	-8.641595378287214	10	10	0.0596528342734541	1.0452526245190104	6	6	0.40992609372119804	-3.520740222167664	8	8	0.5460038643341113	-2.9790146189856137	4	4
IL6R	0.04545592534903437	-10.019962014705678	5	5	0.35157980337446804	-1.0232157815829979	2	2	0.12835057975927727	-9.48699433812282	2	2			0	0
ILK	0.6077242126538864	-2.0064721421279454	5	5	0.31533617097256406	12.864676175544895	5	5	0.1720364767678455	4.975133569090313	5	5	0.755109077416879	-7.514615816530487	5	5
ILKAP	0.38881779798671123	-4.140245334437458	5	5	0.3440613873543157	7.096173437029886	4	4	0.5636703129666165	-1.2933492535837565	4	4	0.7937376011426427	-4.154169960014188	3	3
IMPA1	0.3179643374734601	-1.345850163836974	5	5	0.4540153167223189	7.56613112930371	5	5	0.7372988693873257	-2.9052373416130877	5	5	0.8650501184450475	-3.624901953211971	3	3
INPP1	0.4533961554573195	-1.8054934656201376	5	5	0.4520001713552888	10.036704766974262	4	4	0.21174115256912007	-7.30394978681363	4	4	0.031001999035337725	-11.951723732917946	3	3
INPP4B	0.3258860181787846	-8.79124109588171	10	10	0.10202264005507498	15.681294165555826	6	6	0.033385003022478044	4.147896716492625	8	8	0.7556188010139923	-10.710107596218428	8	8
INPP5A	0.9826255130967373	-2.45349078601928	5	5	0.7451094432611904	2.262242459492074	4	4	0.9750050102778275	-2.134549225587094	4	4	0.7636590663535476	-0.2486446826913733	3	3
INPP5B	0.5520517037233391	-4.013143097200658	10	10	0.890862494914856	12.299656759939381	9	9	0.9108458486213318	-2.9821048475369474	9	9	0.8591556234218477	-10.716184108725813	7	7
INPP5D	0.11761514055512526	-8.637717358255275	5	5	0.394569074237351	-1.5474992139716761	1	1	0.33668385318395533	5.020052674543755	2	2	0.23774939943037998	3.3208011877148857	2	2
INPP5E	0.908358588491738	-2.3911417316590633	5	5	0.6278663463741937	12.386782235810555	5	5	0.8983200688437224	-0.2513029442923642	5	5	0.44620800804902794	-7.5065034272412	4	4
INPP5F	0.22385855223173845	0.8830899034972597	4	4	0.26650620909199285	9.784023748509762	4	4	0.9038091799800312	-2.2057132233935968	4	4	0.43950033104109754	-10.920647576022814	4	4
INPP5J	0.4114642080489934	1.606236642687542	5	5	0.7718364652671661	5.597989247568848	5	5	0.7574424504536748	-5.186095842133337	4	4	0.6101583166143778	-2.9701574689057217	3	3
INPP5K	0.4878289038781056	-3.8431525499074266	5	5	0.7821079573131526	6.208757614865199	4	4	0.6130088894356452	-1.6718786207615448	4	4	0.7937376011426427	-3.1790194599799144	3	3
INPPL1	0.3620108064002603	-2.2419058492682544	5	5	0.2749492706105494	4.32861362400508	4	4	0.4871653392316776	-3.066122327291167	5	5	0.9594980633084279	-6.524853844373449	4	4
INS	0.2831296859783331	-0.9599479972053117	5	5	0.6800217115562243	2.4675801642402284	4	4	0.30116136978010655	-6.724980941079604	4	4	0.9791408671229712	-3.9689609581139798	3	3
INSR	0.12975072440757374	-9.541767338117836	5	5	0.7043077228248902	8.906685426732603	2	2	0.3248653965027053	3.660898472669855	3	3	0.5829597999420405	-3.7911756605989653	3	3
INSRR	0.7914408970790019	-5.029338462989025	5	5	0.22706979580342523	1.4000218537701852	3	3	0.12517594295657397	7.499193752319356	5	5	0.09892178179001326	0.7094301856150267	5	5
IP6K1	0.7675733183860726	-2.3758810757738646	5	5	0.6871474617411502	2.612392854610068	4	4	0.7676119195973456	-3.0857320074774193	5	5	0.6852839181983256	-3.40379291556246	3	3
IP6K2	0.6744906171067617	-8.076980118869356	5	5	0.9328378024560585	5.00499253602744	3	3	0.6423162018150383	-4.498914763506276	2	2	0.8787148714580514	-6.5027334262348155	2	2
IP6K3	0.368601539056959	-9.285942527179984	5	5	0.37981308104755496	11.719365562982325	4	4	0.6115941101704763	0.39960759375279203	3	3	0.5829597999420405	-6.970385680082988	3	3
IRAK1	0.6678255652382229	-8.89707960134643	10	10	0.7241838564075485	13.71090238030608	7	7	0.07963182199974372	-10.674105381400869	7	7	0.08352379417821744	-17.115398313307292	5	5
IRAK1BP1	0.1133009635363827	0.5565635229800452	5	5	0.48052522116739704	8.538361656426348	5	5	0.9617808560530875	-4.95564319123688	5	5	0.6234923165450892	-9.216131739353084	4	4
IRAK2	0.09356973075776565	-8.926949294464828	5	5	0.4152680050824561	11.816463082872588	3	3	0.5974383652571285	1.101924007287181	2	2	0.1579837253808719	-11.205063630837193	3	3
IRAK3	0.06505822070351608	-0.868363736737713	5	5	0.3591122362277068	0.5401173448387881	4	4	0.18372947533994244	-6.40730443042564	4	4	0.8038348087872224	-2.35132103903705	3	3
IRAK4	0.5399566309391854	-2.2148413206389477	5	5	0.6448308255888252	2.4942440464530318	4	4	0.40764101876184466	-1.8159134647959643	4	4	0.7821734453778042	-2.540313150642175	4	4
IRGC	0.21679688945470343	-8.497841078319993	5	5	0.13070404827038273	9.870402186245983	3	3	0.4190686890182296	1.1418311591122965	2	2	0.3204425120495501	-7.508830665369897	3	3
ISG20	0.8348846954256501	-5.335519322617219	5	5	0.9686286237487493	3.0530955550275745	3	3	0.7558785280505862	-2.813093604745948	3	3	0.5153359195089745	-1.598706686371902	2	2
ISPD	0.25615062047789494	-6.040704398690671	5	5	0.47900100902290965	-0.6970940241622507	3	3	0.8520224794844804	-2.1272783210434274	3	3	0.1798357575606958	3.512122155954531	2	2
ISYNA1	0.9749770795677246	-2.59976235468166	4	4	0.30919237979861824	8.657693699608595	3	3	0.9964287148841453	-0.3284132005823195	4	4	0.3460311401410645	-10.953132647931007	4	4
ITGA2B	0.2214633966469669	-8.028611148590713	5	5	0.13792920199366787	10.832397991922488	2	2	0.5616839814055834	1.093478748122899	3	3	0.6101583166143778	-7.448021651149026	3	3
ITGA4	0.6208413118993609	-4.327872925631328	5	5	0.1618235645080046	9.637870411938827	3	3	0.5636703129666165	0.9706553699019841	4	4	0.48060740538231683	-10.503962729791406	4	4
ITGAL	0.14626139626007048	-9.462112845390253	5	5	0.6013188402665999	5.971767502957974	3	3	0.010843892175593384	10.486137286530372	5	5	0.07012705450823191	0.29620881150318495	5	5
ITK	0.8316415645759894	-5.569191814268046	4	4	0.07848320868309197	-1.9678072127898343	2	2	0.04929701737369458	-10.139412901265493	2	2			0	0
ITPA	0.9132920730735067	-2.2266619297790164	5	5	0.22326506560671733	7.494094150461794	4	4	0.8403716883911934	-2.3958216450149403	4	4	0.26647966617529084	-5.0942005156713845	3	3
ITPK1	0.9826255130967373	-5.57988961424723	5	5	0.9955172430739164	5.078896808634969	3	3	0.917460989321956	-0.6195857389083034	3	3	0.7937376011426427	-4.127223073163509	3	3
ITPKA	0.3426852488164457	-6.0830775343843015	5	5	0.22277660800081023	9.106612890237708	3	3	0.9917314702323718	-0.08062812017787192	3	3	0.3268512455657838	-7.6159815360358145	3	3
ITPKB	0.6077242126538864	-2.0437374104257433	5	5	0.2707051788540027	0.8879427258847917	4	4	0.24271610139925148	-7.058438271682646	4	4	0.9935918570986044	-1.2682435363073254	2	2
ITPKC	0.14626139626007048	1.5531832681686624	5	5	0.4540153167223189	4.597556691074141	5	5	0.9936277725540577	0.29395779330420674	5	5	0.5869048553378209	-3.111022606877581	5	5
IYD	0.6927657961009959	-5.731968053527347	5	5	0.9034502746478965	5.396806126314743	4	4	0.25001175340433135	-6.287846302541012	3	3	0.2782527139138412	-8.134873382627498	2	2
JAK1	0.9034286361076764	-4.35596582683376	5	5	0.17893286520208462	13.010561301730505	4	4	0.5819471844859585	3.143460987479111	4	4	0.33408711249686085	-11.27616061118385	5	5
JAK2	0.8739336054079389	-4.519760531096933	5	5	0.24785860919907887	14.385243155453482	5	5	0.39723612923982476	2.485863724927863	5	5	0.7627677930276173	-10.328119956145857	5	5
JAK3	0.24587584740573665	-8.38322833904452	5	5	0.10932716589164193	12.050185067065842	3	3	0.5204752958259593	0.8852061442150371	2	2	0.20476859660727664	-10.388017723028316	3	3
JAKMIP1	0.7486355258963429	-5.4672946840643695	5	5	0.22326506560671733	12.490963851237758	4	4	0.8035789104452501	-2.656257297751596	3	3	0.17032705523113956	-13.83974558422406	4	4
KALRN	0.9528644010536571	-3.954914994818312	5	5	0.7598437280264725	5.140095940528517	4	4	0.2537163774810789	-9.705661269836574	4	4	0.29446852463267126	-8.978424465440858	1	1
KARS	0.3970500199699688	-1.370480056396923	4	4	0.5704074343351997	6.23348006604926	3	3	0.22138122332963894	-6.040987381023418	3	3	0.09640835542469206	-12.754118340620076	2	2
KAT2A	0.6474370052868004	-2.004448688265729	5	5	0.8864301314071137	5.369280954598399	5	5	0.8896440161512097	-2.635426415619172	4	4	0.8082903871016894	-3.7610228955061658	4	4
KAT5	0.12056216303094612	-8.78960663709542	5	5	0.19308555946974781	-2.0200033203892254	1	1	0.14890916130066587	-10.190304181151372	1	1			0	0
KCNA1	0.21679688945470343	-1.720857946219188	5	5	0.8388112329253832	11.788191364815455	5	5	0.6772168269506692	-1.2026729239824072	4	4	0.6557662767367889	-7.604095589553235	4	4
KCNA4	0.5440789245362108	-1.7577823604640157	5	5	0.9111408467360205	5.830521994404788	4	4	0.5456746483060118	-5.728662528041624	4	4	0.44052455086533027	-7.268621341116163	3	3
KCNC4	0.297378192327181	-1.7964308421125736	4	4	0.8178185521799152	2.5276195794817284	3	3	0.037250002145727046	-9.857643719844882	3	3	0.09616912006818926	-18.242415870967648	1	1
KCND2	0.5861419721859356	-0.8963155235089619	5	5	0.469821252036388	7.816024026313933	5	5	0.48217359552168093	-0.5258155714444949	5	5	0.6886961274936931	-4.140668093505069	4	4
KCND3	0.0056795323021349145	-10.179904052421703	5	5	0.2848292464607334	9.056220548623948	2	2	0.0915195819744402	4.929248577859159	4	4	0.26647966617529084	0.4460745478455266	3	3
KCNE1	0.3522641420139655	-0.8913575657504897	5	5	0.624085750132112	2.0338723431588916	4	4	0.42914109482579255	-3.4269667907455084	5	5	0.505018275524211	-1.602014838150967	2	2
KCNH2	0.9843583828715972	-8.757051900579253	10	10	0.5386875500793926	11.548185613054116	7	7	0.1727850307295885	-10.437922383035577	7	7	0.6652697334799795	-12.286908790270735	5	5
KCNH6	0.8788384283728083	-2.314026000250146	5	5	0.9342596937976486	8.57304580663969	4	4	0.8730939623813845	-0.5166180432169906	5	5	0.8789105686766774	-7.3070061239248885	4	4
KCNH7	0.26404987360479193	-1.0421516715556065	5	5	0.5825585145207126	8.897216788069459	5	5	0.4480222683827698	-9.30545463582115	5	5	0.15042515544199686	-8.48675966883022	3	3
KCNJ1	0.11472495107419094	-0.9833050461429851	5	5	0.22326506560671733	2.209059927846534	4	4	0.04639290792618465	-10.41376612834492	4	4	0.29446852463267126	-9.02168012645462	1	1
KCNJ11	0.9727004053932512	-2.9429407325610586	5	5	0.5834900808767327	2.059107151835427	4	4	0.8355032925225724	-2.6929744365033126	5	5	0.7477340440880693	-3.2865871369083464	4	4
KCNJ12	0.27533232956350295	-8.073927823843576	4	4	0.19693240117716404	12.974524821489126	2	2	0.09679781388343466	9.098356939197194	4	4	0.9594980633084279	-3.608343864542318	4	4
KCNJ3	0.1966726850261703	-8.37535400446619	5	5	0.6537821855143795	4.561955531946369	2	2	0.04738430085007946	7.131564825316633	4	4	0.4666770094381949	-0.01814002039698437	4	4
KCNJ5	0.6296538564774289	-0.27643504582781114	5	5	0.781787931260459	3.52747120853815	5	5	0.33386156869926564	-9.76562221627321	5	5	0.9582959881692824	-3.9459907364928646	3	3
KCNJ6	0.29444201113700486	-0.9995082532437807	5	5	0.14150647608755507	-1.6306516477081334	4	4	0.7554410518261617	-2.505254801197342	5	5	0.19598619544243823	3.487212019810814	2	2
KCNJ8	0.08880240454027205	-1.4366535430400482	5	5	0.16670618039440965	1.067279837526187	4	4	0.6036758789186417	0.4271939574747828	5	5	0.07549892705744354	0.9279732889747363	4	4
KCNK1	0.5607229698535698	-4.813809091447195	5	5	0.21597553982287754	12.743183099758118	4	4	0.9678670176079451	-2.6266694676578406	4	4	0.24279877889186918	-13.79859309303619	4	4
KCNK2	0.5135484141628299	-5.5531925022773905	5	5	0.12786681508373268	-1.5293902870238476	3	3	0.8473770774608975	-2.5552904074796388	4	4	0.2574487214117861	3.3119843074256883	2	2
KCNK3	0.14799712661379558	-1.067189283828585	5	5	0.08497601604386161	-2.2944542902990293	4	4	0.5981184633989404	2.8604578303049895	5	5	0.07012705450823191	4.050714746284297	5	5
KCNK6	0.47235377982292215	-3.2675745540784575	5	5	0.9265462741340409	3.204026615113767	4	4	0.23092747124154067	1.2298315073502148	5	5	0.1943054736304507	-2.8059488233699774	5	5
KCNK9	0.37526642563989854	-2.1502315625135844	5	5	0.1551184301555697	-1.838111181096216	4	4	0.9892864308360336	-2.4834210684318916	4	4	0.3601334303089583	2.8112410346322676	3	3
KCNMA1	0.7628253440339483	-0.3941299902805813	5	5	0.9758311899789928	5.865136198416906	5	5	0.2774071846315891	-10.001973535971748	5	5	0.3017124921160841	-7.664408786901301	3	3
KCNMB1	0.11616298265106234	1.495896167711481	5	5	0.9001190616838797	5.9785773470328385	5	5	0.4107308184477503	-7.873281374551034	5	5	0.49476133145231505	-8.982832070250586	4	4
KCNMB2	0.29519192824262397	-9.155777983814632	9	9	0.580163170755355	7.950324298185777	4	4	0.9299948128999199	-3.060756600140337	5	5	0.6557662767367889	-6.613407524954211	4	4
KCNMB3	0.9727004053932512	-4.509871560302414	5	5	0.5780639637403786	2.2255113015154304	3	3	0.6383725272171603	-3.2214052115357603	4	4	0.41726130670800565	-1.3223455196608134	2	2
KCNMB4	0.46471880269789956	-5.204130158123046	5	5	0.14415275867324837	12.790792156028672	4	4	0.8159556481796426	-0.1552195026603528	4	4	0.2250684015537232	-10.388208960900473	4	4
KCNN1	0.7298481584040415	-2.084454279093667	5	5	0.14415275867324837	0.12580551041915378	4	4	0.30748256081380365	-5.515697028219786	4	4	0.8241261146639588	-0.7694513594305	3	3
KCNN2	0.8106779486944853	-2.975345360550751	5	5	0.4520001713552888	10.165968304778703	4	4	0.6641665680014526	-2.1560645660959006	4	4	0.1698561098975886	-8.111576321865085	3	3
KCNN3	0.05138840605104178	-8.536074930505722	4	4	0.10638664028828243	19.671133587655966	1	1			0	0	0.08739582708325848	-19.182525293454148	1	1
KCNN4	0.5358500273211806	-1.7478533955902613	5	5	0.544169601042237	8.020800919761632	4	4	0.8055447246298773	-5.586353415529828	4	4	0.3533121947871367	-8.619427341455044	3	3
KCNQ1	0.3149584992619813	0.8748052762355923	5	5	0.18973178831750426	10.889230183667628	5	5	0.44325823022615585	1.3663339350645487	5	5	0.40934222883776206	-7.676016386276568	5	5
KCNQ2	0.7818690026260681	-5.297546652344981	5	5	0.4578569495001127	4.599278877953119	4	4	0.8920028787102289	-3.681869565244057	5	5	0.6566938352336994	-0.21818799262382674	3	3
KCNQ3	0.43854435803093816	-2.2859083165104113	5	5	0.21239572860832112	-1.5396420893218472	4	4	0.28071896451715694	-9.043273881083755	4	4	0.5843957357186256	2.907386281935639	1	1
KDM5D	0.3490523316145222	-8.314332652635638	5	5	0.0981696967340243	-2.9231720305645617	1	1	0.09335745025884233	-11.094344347131456	1	1			0	0
KDR	0.7770953165698574	-5.4816251508528	5	5	0.5377465757896365	9.105046563938098	4	4	0.9339262784094127	-2.3529721841562172	3	3	0.6010295810233537	-6.837973763613248	3	3
KHK	0.6208413118993609	0.14609240597828702	5	5	0.6495149198167876	1.8381035152134224	5	5	0.7252841894979406	-1.3279663465640095	5	5	0.30179243291133384	-0.024603919645114658	4	4
KIAA1804	0.9380058648524916	-2.2748382290674116	5	5	0.5377465757896365	2.070602592595268	4	4	0.6256353229000864	-5.459357069652541	4	4	0.9063393506880174	-3.0084198196718384	3	3
KIDINS220	0.9330575556980906	-5.961218857463982	5	5	0.9507207862589255	5.391881933675761	3	3	0.18812945867834407	-6.231378512643027	3	3	0.15986880821341787	-12.27804503681497	2	2
KIF1A	0.9472037594012495	-2.801541641307033	4	4	0.3440613873543157	9.750099439388832	4	4	0.6641665680014526	1.0984511067610034	4	4	0.45617396933916476	-4.621556556482612	3	3
KIF3B	0.4836004517093957	-5.417899391637998	4	4	0.39603335649140736	5.6189271613090455	2	2	0.06451988895863821	6.841039805749388	4	4	0.722226814782915	-0.6443738021696189	4	4
KIF5B	0.9553425494548697	-7.566278528254871	5	5	0.5780639637403786	8.329691030736344	3	3	0.7090911162458073	0.03530393795447506	3	3	0.46486056438592327	-6.784735006509589	2	2
KIT	0.7794810792766749	-2.437683196294804	5	5	0.6658561515080483	5.372026183717511	4	4	0.5338379586347937	-3.4179524398685164	4	4	0.9478833410736787	-4.065529726386749	3	3
KLK1	0.16817406226596932	-7.166993102786041	9	9	0.816177882744838	6.213259115622435	6	6	0.43899408288261865	3.3838902843370895	8	8	0.5414252567404476	-6.9637007001144875	8	8
KLK6	0.24299271938425449	-6.191226903803155	4	4	0.9060795621995646	5.988358378926047	3	3	0.9543360619830157	-3.1690175427731098	2	2	0.7298278002076196	-7.243553818227362	2	2
KRT12	0.49674996421457873	-2.4596925552906552	4	4	0.826560501188073	5.425447194080834	3	3	0.17132800959464367	-3.992910093170977	3	3	0.24996883087746158	-7.847097812872046	3	3
KRT7	0.3957037889090864	-1.4334813085565985	5	5	0.412207644131664	-0.9912746019699975	4	4	0.5176931064800696	-3.361205934921401	5	5	0.21913934884992092	3.5706405012098523	2	2
KRT8	0.6741780650784059	-2.316422100491224	10	10	0.8284394640883563	9.154553491500593	6	6	0.7471808429181507	-2.6549793933473764	7	7	0.5091350505836715	-8.631130429462546	4	4
KRTAP5-3	0.5649221778637004	-5.42966650068011	5	5	0.6729244241513159	8.769034808038759	4	4	0.6256353229000864	-0.7129931614142445	4	4	0.3696257417185146	-7.676619506320516	4	4
KSR1	0.34905251448206065	-0.4704325708676616	5	5	0.0767043039481654	11.025612132667137	5	5	0.4921848600106725	-4.179206627624566	5	5	0.04011452376395375	-14.13640082792361	5	5
KSR2	0.38881779798671123	-7.925210504863219	5	5	0.651808819761505	11.821207626119431	4	4	0.45662666295620913	-4.731931753740683	2	2	0.20013915317378017	-10.391719705590946	3	3
KYNU	0.9627795234636642	-4.712045024239771	5	5	0.7402807379176981	2.172962761082841	3	3	0.17132800959464367	-6.499818060477264	3	3	0.6984299020593342	-7.1020267982902485	1	1
L3MBTL1	0.24209277307155996	1.3676402583643392	10	10	0.25002322503584185	10.653990724150868	10	10	0.42677748557143547	-2.9275319735755976	10	10	0.5938863781601476	-8.601247926169677	9	9
LALBA	0.13133367010864544	-8.073556826336452	5	5	0.4772562745439488	9.146620637980192	2	2	0.07811110190862114	5.8309465962576965	3	3	0.6193480997946015	-0.3351808749133154	3	3
LAMTOR3	0.3779101629250734	-1.3920448846852036	4	4	0.8575216596071998	9.542904473787361	4	4	0.9678670176079451	-0.10589298328297314	4	4	0.8522831759328808	-8.077608031263695	4	4
LAP3	0.830030029603947	-5.473257388118249	5	5	0.0351284534405885	-2.0584480714323514	3	3	0.6148597140377343	3.9373378723333805	5	5	0.0055802335434215885	4.936208378061281	3	3
LARS	0.6108657511780322	-7.042482974206419	4	4	0.9142786531861706	-0.20303330945489861	1	1	0.571215095441753	1.2963257224276772	2	2	0.23597275505870985	3.8646329081468123	1	1
LARS2	0.6744906171067617	-4.3991169463018	5	5	0.042047011291236516	14.668665513229735	4	4	0.7090911162458073	-4.874141524008855	3	3	0.013481143870562104	-15.162094171957394	3	3
LAT	0.1411476267297041	-9.618402074131362	5	5	0.46299045896034097	-1.3860861567941871	1	1	0.6389956886219982	-0.8447314729212563	1	1	0.8912332973629015	2.112614158252696	1	1
LATS1	0.5861419721859356	-5.599454978994807	5	5	0.12507770956617256	9.997656320573748	3	3	0.46564633812280687	1.026571229066973	4	4	0.6557662767367889	-10.513634183314595	4	4
LATS2	0.9528644010536571	-4.870259626479502	5	5	0.09800847122650154	12.164591147118779	4	4	0.7073890910153215	2.3892886134358027	5	5	0.27276595801410597	-11.0576527339162	5	5
LCK	0.9132920730735067	-3.0257505705289707	5	5	0.8880969855271847	5.991400862600808	4	4	0.04853403299319718	4.64096975154447	5	5	0.08352379417821744	-3.006259588892314	5	5
LCMT1	0.6379972344565479	0.3034332465978093	4	4	0.16083346891723704	1.6111588501482756	4	4	0.13145281420082902	-9.566902156663124	4	4	0.9935918570986044	-6.619262509360091	2	2
LCMT2	0.24335294113063544	-0.9797626750626068	5	5	0.8045521659197685	5.430076938286194	4	4	0.055974558941824126	-10.118648197659724	4	4	0.0635566719084106	-13.279757658765192	2	2
LCN2	0.4917399930413745	-4.2650160783406	5	5	0.22277660800081023	-1.0608819467722845	3	3	0.7779547855613949	2.0424177892562834	4	4	0.2711977273774755	2.955044285877874	4	4
LCN9	0.3071781276854131	-6.943336709989613	4	4	0.3838407081788807	11.701967784464566	3	3	0.8426798211171611	0.30511338895079254	1	1	0.289638945955366	-11.242122371967154	3	3
LCT	0.5482168078588079	-8.757106891430526	5	5	0.4772562745439488	3.032909481513536	2	2	0.21749114472579245	-4.466335425903771	3	3	0.8033789009698898	-7.119363517595325	2	2
LCTL	0.4878289038781056	-7.869529890090643	5	5	0.13889768053346235	15.396050361234371	4	4	0.932227058920732	-3.4268890108738757	4	4	0.0691943440397642	-11.358828466688543	3	3
LDHAL6A	0.8397456615414245	-2.445806173351606	5	5	0.2749492706105494	9.930129502301476	4	4	0.9750050102778275	-2.315280245177851	4	4	0.28372586387635934	-7.681157723813224	3	3
LDHAL6B	0.6296538564774289	-4.808926004057914	5	5	0.1551894532963833	9.71180328685937	3	3	0.812481680421815	-3.4209637438417047	4	4	0.07737299867277905	-14.08784003004597	4	4
LDHC	0.8592489134569401	-2.421787250739406	5	5	0.6557559905733703	5.819149630113958	5	5	0.13954160087865028	4.090528355913087	5	5	0.5327460712522724	-0.24099364400081638	5	5
LEPRE1	0.89358008027059	-5.081212999624941	5	5	0.16866955242440906	1.2386489689453561	3	3	0.06068983849114345	-7.109921501375262	3	3	0.6816361813814648	-7.131482083485807	1	1
LEPREL1	0.5358500273211806	-2.4805311258444953	5	5	0.6070219178567277	1.8220142434160518	4	4	0.771099342546707	-2.5656421848257973	4	4	0.5651475592471655	-0.4223150177865292	3	3
LEPREL2	0.5861419721859356	0.2646100220794872	5	5	0.6004986291119487	2.254920331270125	5	5	0.620485606669627	-5.5557519187536	5	5	0.8700179988420107	-3.8306400023903557	4	4
LGALS2	0.7248350137450374	-5.344816793587469	4	4	0.585768495801301	5.914810657122243	3	3	0.7245754007703167	-2.732106924039508	3	3	0.7844784035957554	-6.438842692176178	1	1
LGALS7	0.09230785005913665	-7.901997212559866	4	4	0.49453005034620534	9.14746535124122	2	2	0.22931041958288212	5.457991969387023	3	3	0.8346227285087845	-3.9819419999403265	4	4
LGALS9	0.04963710278326332	-8.775823612856554	5	5	0.443721439929032	9.63197030453475	2	2	0.05263202080921746	6.900918691507738	3	3	0.24996883087746158	-0.3119757492653121	3	3
LGSN	0.23589356297761477	-8.343985469875193	5	5	0.4772562745439488	8.943266061865717	2	2	0.384020083730762	3.5491447320841303	3	3	0.4948105194275715	-1.5069638992707821	2	2
LHCGR	0.5947321962831491	-8.087356134319647	5	5	0.5328674030898859	8.671941719820161	3	3	0.8601562543221831	0.34417805066603635	3	3	0.635600712158071	-6.834799871067975	2	2
LHPP	0.48393466124961637	0.7780486128776077	5	5	0.5825585145207126	5.376913901623577	5	5	0.3459850508730343	-9.694632740789949	5	5	0.7937376011426427	-6.5818181091157655	3	3
LIAS	0.07804297944772431	-8.28705871423964	3	3			0	0	0.12962937950252026	10.326076600332867	1	1	0.09169818378552001	5.223852437602532	1	1
LIMK1	0.9512597125869771	-9.204818251183154	8	8	0.27352768328571864	7.704839320605136	5	5	0.14086165635904385	-4.390266785927955	4	4	0.7137909585758364	-7.4372603967777	4	4
LIMK2	0.11834647268878136	-9.65129700786103	5	5	0.41666679443437127	-1.5120112871007656	1	1	0.02387165175088834	7.994502104077617	3	3	0.029997752091560057	3.9542339722330717	3	3
LIPA	0.23589356297761477	0.8674729821009906	5	5	0.8455821211167693	6.045346523120902	5	5	0.9363447250963816	-5.920390332361721	5	5	0.9505081346935688	-7.0538537801054035	4	4
LIPF	0.7016624164212888	-4.747115816105262	3	3	0.3229758070461728	-1.7433138904959584	1	1	0.613426560736728	0.9341367333664861	1	1	0.1510564044067528	4.248710098242211	1	1
LIPJ	0.6084248753122936	-5.140950531098143	4	4	0.3255050129228344	9.065842218975694	3	3	0.28473017002101375	3.3558306968366676	4	4	0.9895695423486784	-3.860449231291381	3	3
LIPT1	0.041575592962496584	-9.110039765741616	5	5	0.0351284534405885	13.288118432443959	3	3	0.07557565117411184	6.489866615377321	4	4	0.459796725216709	-7.967933746545661	4	4
LMAN1	0.17966127679057742	1.3231652693500227	4	4	0.3440613873543157	1.489480535445212	4	4	0.7370995340933628	-3.049701193790115	4	4	0.45617396933916476	-0.22109292137671618	3	3
LMTK2	0.1345444333302132	-7.2506925375684155	5	5	0.8178185521799152	5.017487644778245	3	3	0.9834638284241243	-2.3516795899101104	3	3	1.0	-5.797780356758612	3	3
LMTK3	0.7866509198800523	-2.608581504364506	5	5	0.9651679075663795	2.6488411633738775	4	4	0.10843131501221967	4.132373711010201	5	5	0.13123721911819478	0.5163997252014015	5	5
LPA	0.9638622187967477	-4.006276861136609	4	4	0.6738184167466198	3.7930800660208446	2	2	0.03823112378696031	7.680676872503946	4	4	0.06024608104239024	0.6484063442307585	4	4
LPL	0.22620144620905025	-8.300115923141112	5	5	0.13075084124225744	-1.7932900182233773	2	2	0.03907310124332317	7.371276487175758	4	4	0.005405740854470859	4.395737373960387	4	4
LPPR2	0.5605485182626306	-5.068108658162121	4	4	0.7352797995591978	3.3514289072609627	2	2	0.6062994952056147	-4.3711184079503225	2	2	0.7670175866137965	-6.702662839475914	1	1
LRAT	0.9578211465557211	-7.27002662809582	5	5	0.46031802772107877	-0.9301848946107905	2	2	0.7013933439483151	-0.5537423336990496	3	3	0.2711945356159502	3.0050125322413246	2	2
LRP1	0.7298481584040415	-2.762775644335246	5	5	0.3540499420404086	0.8773064339540028	4	4	0.09861037608430236	-9.91859138182312	4	4	0.8033789009698898	-5.747038690214536	2	2
LRRK1	0.5691364506261621	-2.0057502154340217	5	5	0.5968850098355618	2.335607848297489	4	4	0.6319902730624867	-2.969874226644104	4	4	0.9774922380570643	-3.6063493946036793	4	4
LRRK2	0.8251818436098276	-5.3600652877898165	5	5	0.21024644133324966	-1.2930020190016702	3	3	0.48217359552168093	-3.731436493369033	5	5	0.15514939607263561	3.5978840342328375	2	2
LSM6	0.38839749634837406	-7.78265958819035	1	1			0	0			0	0			0	0
LSS	0.5161992295986912	-4.88017459952648	3	3	0.313486792193177	10.360550263700704	1	1	0.5159972430082682	-7.735137675096113	1	1	0.21002927335256394	-16.52442846441705	1	1
LTA	0.07669508969818949	-8.31134035707266	5	5	0.2861311863015312	10.692603470937762	1	1	0.2341296162218821	5.025425457264877	2	2	0.7058164680531573	-2.8788398727398676	2	2
LTA4H	0.5035735396382339	-5.638230594992042	5	5	0.51095919398674	2.105326549828374	3	3	0.3269703298430596	-3.480056317247914	4	4	0.9296012604540266	-6.263476947458164	2	2
LTC4S	0.7962387620568715	-2.5580772890333723	5	5	0.9265462741340409	5.941482855598246	4	4	0.5576400844974743	-5.593026941925026	4	4	0.44052455086533027	-7.310636242205132	3	3
LTF	0.05147204708925517	-9.071604763961364	5	5	0.09359082083231342	13.979152409381568	2	2	0.11826230899013254	4.11265140531719	4	4	0.6557662767367889	-6.841656913044315	4	4
LTK	0.47235377982292215	-4.96970690407452	5	5	0.1335898752063249	-1.5473364061105375	3	3	0.6447816890488338	0.6437376983695409	4	4	0.0867926661869571	3.6305799241700725	3	3
LY96	0.8763854002244773	-7.0632106005405815	5	5	0.22195788313876263	-1.580939241820829	2	2	0.03747613441284049	-10.544283001067674	2	2			0	0
LYN	0.7699505508855077	-2.6001074144186354	5	5	0.2707051788540027	9.446953689047815	4	4	0.9750050102778275	-2.0523355241133032	4	4	0.49476133145231505	-10.918916886697417	4	4
LYZ	0.35387685638017174	-8.61002266667666	5	5	0.7149683940145535	6.420697867746186	3	3	0.12508843356728955	4.172136314999216	3	3	0.6804051243092235	-3.616029972177986	4	4
M6PR	0.46852768235463194	-4.469161413672933	5	5	0.03815696579351976	-2.1110059474639953	3	3	0.22138122332963894	-6.078042480245064	3	3	0.7670175866137965	2.426149454399069	1	1
MADD	0.5733656784499663	-4.3057148808902665	5	5	0.3904331458078071	12.867262050429517	4	4	0.08167899918553909	-8.894956931161369	3	3	0.01079587765216064	-17.37079405262423	3	3
MAGI2	0.365296891391101	-3.7837664757996627	5	5	0.16866955242440906	-1.3259294792158027	3	3	1.0	-2.2560179695561913	3	3	0.039008603188134906	4.261976018629352	2	2
MAGI3	0.9034286361076764	-2.2883186095384747	5	5	0.6809577535966672	8.922690785843981	5	5	0.792123537063735	-2.578215200981709	5	5	0.8547806205172963	-3.6418723347402397	3	3
MAK	0.6699511523320392	-4.00707963689789	5	5	0.767244064632483	8.14974689401098	4	4	0.40764101876184466	2.5750019788960525	4	4	0.7995594125507082	-4.344428027199911	4	4
MAN1A1	0.8106779486944853	-4.689573590695717	5	5	0.46375607361944093	4.7834957062299575	4	4	0.11938382943791473	6.868531612010365	5	5	0.10524975976418648	0.32226054886289973	5	5
MAN1B1	0.030127661187776916	2.563029864171527	5	5	0.14952483556258625	0.8223523940138596	5	5	0.9936277725540577	-0.7845233222179644	5	5	0.3546186560027874	0.15290830167251013	5	5
MAN2A1	0.2446120216447053	-1.3200278004283048	5	5	0.8045521659197685	6.111960808217681	4	4	0.42301800395951616	-5.894599504198081	4	4	0.18671009585887266	-7.93935416009498	3	3
MAOB	0.13947392708232198	-8.789982200099182	5	5	0.42173115071459977	8.542932778542808	3	3	0.9917314702323718	-1.0208877266071588	3	3	0.32321396863140195	-8.188885125061738	2	2
MAP1A	0.4536666747706668	-3.7688506334744365	4	4	0.04939984878706565	14.032839500503977	4	4	0.6262067517976293	-0.9806716124062876	3	3	0.15341285454593667	-13.404562666357899	4	4
MAP2K1	0.9281118320888259	-5.00808781325856	5	5	0.6809577535966672	14.82202779836142	5	5	0.4547709561319808	3.3152199307184316	4	4	0.809184237842507	-10.276065985633226	5	5
MAP2K2	0.8886618518901277	-3.3402021068921672	5	5	0.7377767445996932	5.507648467486358	4	4	0.9964287148841453	-2.3097294754735547	4	4	0.9687157558347669	-3.115117376133721	3	3
MAP2K3	0.8058574622301209	-4.819565608634387	5	5	0.9775890450594203	2.651093674179576	3	3	0.6837787818071686	-3.73502255232191	4	4	0.8343169373703494	-3.6142091599897426	3	3
MAP2K4	0.41323816948700376	2.727121999192495	5	5	0.5766345598965373	2.2302187504057045	5	5	0.1598364515342393	-9.219080948402917	5	5	0.9935918570986044	-6.0453376783367805	2	2
MAP2K5	0.753356281883896	-2.6855811579971864	5	5	0.9104054756097697	8.926562525150986	5	5	0.20208006128722666	-9.35098983451747	4	4	0.17467831277558643	-12.321015103293483	2	2
MAP2K6	0.054136175865159016	-9.187678263516501	5	5	0.044647192573036065	15.760190309243843	2	2	0.07411433833820713	10.181134593992725	4	4	0.9118719542507502	-10.504314800371885	5	5
MAP2K7	0.7248350137450374	-4.341950567122541	4	4	0.46031802772107877	2.3676065987817645	2	2	0.15594612498890956	-5.888270998700203	2	2	0.8912332973629015	-5.768898894659825	1	1
MAP3K1	0.7770953165698574	-0.11306489313025236	5	5	0.6004986291119487	-0.5788099878024315	5	5	0.7193019004623613	-1.7083750502248598	5	5	0.2913486593404222	3.111442217814613	4	4
MAP3K10	0.6077242126538864	-5.2290290013590415	5	5	0.6734813344087225	4.052989244021686	3	3	0.6706792786329957	0.47216305084157795	4	4	0.48022379094487777	-1.9640888963986278	3	3
MAP3K11	0.15113608617647487	-7.864657802250226	10	10	0.13487222833308715	1.795059466842945	7	7	0.2941790410219085	-10.264840101106273	9	9	0.9118719542507502	-3.678376017215735	5	5
MAP3K12	0.89358008027059	-5.082613690246131	5	5	0.37963088456346916	15.821277121851404	5	5	0.4178549877261867	-3.178715163636854	4	4	0.06721678893784701	-13.63336309948197	3	3
MAP3K13	0.13182820015428584	-4.350606236770887	9	9	0.9465729753343296	15.61398428140088	9	9	0.5522784524143635	-9.625611545501656	7	7	0.8657972969496608	-17.90185019767716	7	7
MAP3K14	0.4956678495492892	0.4634230151146408	5	5	0.46451908390559005	6.838093332008403	5	5	0.11750049543244162	-9.780650165313313	5	5	0.20476859660727664	-10.703675066427143	3	3
MAP3K15	0.4061698612539234	-8.43595910566119	5	5	0.90661939510372	3.2936676442521318	2	2	0.8967224831732554	-3.5104523817522737	4	4	0.5829597999420405	-2.8330211414677677	3	3
MAP3K19	0.48796252107424054	-7.477166270535633	4	4	0.6882611662790502	8.217627881717725	1	1	0.9137937001251595	-0.1411042843934947	1	1	0.7670175866137965	-6.787472691731454	1	1
MAP3K2	0.20212018055248682	-1.3084861871499265	5	5	0.7304678309966427	5.935415678377861	4	4	0.7193019004623613	-4.347081369320119	5	5	0.9594980633084279	-7.541994947141482	4	4
MAP3K3	0.07566461480548407	1.5448592744705485	5	5	0.712965022309601	5.307454219804661	5	5	0.30665292994949966	-9.957805808225542	5	5	0.9167058325394901	-6.398650075184612	3	3
MAP3K4	0.8592489134569401	-5.953393785758814	5	5	0.5552410132851231	2.081570540536362	3	3	0.7403126313390871	4.170900534079046	5	5	0.44831048010169006	-0.25552627275588397	3	3
MAP3K5	0.339529638149655	-1.9315115185451053	5	5	0.8804356894793568	5.9756884242739865	4	4	0.4480222683827698	-2.953401034799249	5	5	0.7339331001497869	-6.684703775332159	3	3
MAP3K6	0.2846401221633281	-5.873332004705507	4	4	0.30387702098213154	8.693883317440362	3	3	0.5616839814055834	0.4947520335571898	3	3	0.6586826917297809	-6.641851293161546	2	2
MAP3K7	0.853452467018188	-1.9614516186774766	4	4	0.3198858120301791	13.314752433779276	4	4	0.474569311304038	1.103786961735309	3	3	0.39419535135427664	-10.887907883120315	4	4
MAP3K8	0.853452467018188	-2.4923953067829063	4	4	0.32000636803352756	-1.040145004653488	3	3	0.3975773540496427	0.7944346485081667	4	4	0.14314548677116676	3.275055927793076	3	3
MAP3K9	0.8641386635045638	-2.918750762400617	5	5	0.37981308104755496	10.771327086002126	4	4	0.37966503831587217	1.0259372796035857	5	5	0.328979664361046	-8.111085038121928	4	4
MAP4K1	0.43854435803093816	-7.772513562280882	5	5	0.4088637527597777	8.413485348681716	3	3	0.9256896551768935	-0.14096381442170586	3	3	0.33334265231380633	-7.511762499430184	3	3
MAP4K2	0.48393466124961637	-1.787107603825261	5	5	0.9482381314788426	9.065707545672206	5	5	0.2887799724631872	-9.099397493494287	4	4	0.4641144340452932	-9.871081360575468	3	3
MAP4K3	0.2831296859783331	-4.288040208639113	5	5	0.5062131185383894	4.512392392277987	4	4	0.522875619478052	-3.8217057338905835	5	5	0.7058164680531573	-1.7341148155863078	2	2
MAP4K4	0.11761514055512526	-8.74950849689177	5	5	0.2143652036028061	11.524333746882292	3	3	0.24577039690151137	5.604311999023452	3	3	0.30710664393665854	-7.887195856586227	4	4
MAP4K5	0.9925533108661876	-5.178898512261363	5	5	0.42335965437297274	12.487206201471869	4	4	0.9607315985272517	-0.0027433229433943183	4	4	0.5460038643341113	-10.918690050035499	4	4
MAPK1	0.9330575556980906	-2.2758739949500693	5	5	0.8864301314071137	7.9978203097240375	5	5	0.8793894315387213	-0.8895739411906202	5	5	0.8434431122303214	-4.369146784165326	4	4
MAPK10	0.17595643750597278	-1.9056153942952754	5	5	0.02466882962965385	-2.328195427740326	4	4	0.48217359552168093	-3.201536878657135	5	5	0.042156681315677465	4.268909506305843	2	2
MAPK11	0.38881779798671123	-1.600843358698346	5	5	0.27352768328571864	7.947902389119702	5	5	0.5706865825457641	-3.9739100207154983	5	5	0.6721525719831534	-6.3554484411067165	4	4
MAPK12	0.5440789245362108	-3.289896433262918	5	5	0.797051849978957	5.336183317693471	4	4	0.3876649595920243	1.416672804919549	4	4	0.44620800804902794	-3.0348289261010435	4	4
MAPK13	0.6117656926753987	-8.997987301348855	10	10	0.34233836737879	1.8880441865111457	6	6	0.4160643573376427	-3.280858502475134	9	9	0.08943088071617566	0.6085958342085162	6	6
MAPK14	0.8155056255135527	-1.8126514515533314	5	5	0.8651473251322472	3.4534151145256646	4	4	0.7574424504536748	-5.483870312628617	4	4	0.8534450846924276	-2.1872607396431474	2	2
MAPK15	0.7723740895120618	-2.243936962255194	4	4	0.17934277021574385	-1.3248613921787207	3	3	0.8683048928179603	-2.743693220559765	3	3	0.1646959789197946	3.527978352724677	2	2
MAPK3	0.5155557559083246	-4.928354717959796	5	5	0.11439310273659371	-1.5348815748818658	3	3	0.40707042278947436	-3.497620032411898	3	3	0.2574487214117861	3.212737946368163	2	2
MAPK4	0.8155056255135527	-3.1398849633560464	5	5	0.5702369356998382	8.480030827675469	4	4	0.4385232742416403	4.0407729558779195	5	5	0.7936284835066508	-3.2620919362908545	5	5
MAPK6	0.16059074861454992	-9.281857180481174	5	5	0.39603335649140736	-0.37639187569897903	2	2	0.24577039690151137	3.8871189528961776	3	3	0.16186926900320986	3.1517198196288887	3	3
MAPK7	0.038559782533726064	1.8767265769468005	5	5	0.015922999202452662	-2.158558528450764	5	5	0.016577519122328147	-10.454986247327435	5	5	0.2739766883379883	3.7257673875613415	1	1
MAPK8	0.9281118320888259	-3.3369435403292163	5	5	0.842310842686326	5.865549138817175	4	4	0.5048247660646756	1.2371611135516039	4	4	0.7908534206355673	-3.966469847625458	4	4
MAPK8IP1	0.40165828780518154	-5.686895360963148	10	10	0.7520717116558977	12.10839910778679	9	9	0.5749083740052658	-6.511531328458418	8	8	0.8064186526045032	-10.199643043881442	7	7
MAPK8IP2	0.7937922649584062	-2.229356224516701	4	4	0.6982640185904311	2.283773908163034	3	3	0.6558719185471185	-1.666903351405681	3	3	0.3601334303089583	-2.3794177851889495	3	3
MAPK8IP3	0.6208413118993609	-1.7101256494631292	5	5	0.029483128240127474	13.21207834577119	5	5	0.8983200688437224	-3.12985257531847	5	5	0.029757221510064314	-14.36275493896099	5	5
MAPK9	0.5399566309391854	-2.6630058925688656	5	5	0.42335965437297274	-0.3783149933410712	4	4	1.0	0.3625975864689914	5	5	0.2614889143752971	3.1728007481233944	4	4
MAPKAP1	0.3919479703732274	-8.67730968683252	10	10	0.29747386988065616	12.747446924166434	8	8	0.751660845690185	-2.3860782417810458	8	8	0.28320619438839834	-16.48851503375749	7	7
MAPKAPK2	0.30605338641965163	-4.141085893568479	5	5	0.08734993010667906	13.824602433086596	5	5	0.8614235537053763	-2.0004022744614978	4	4	0.1963027212746803	-11.463867012290956	4	4
MAPKAPK3	0.7675733183860726	-5.352236684609678	5	5	0.8794275253645891	4.880031138661146	3	3	0.5005584680823236	-3.2550177755857486	3	3	0.8038348087872224	-6.56378943986713	3	3
MAPKAPK5	0.6654237100494569	-2.6553429332150382	5	5	0.3476444463049674	12.770527999690236	5	5	0.8479962388979642	1.4634118875863213	5	5	0.5799975159501121	-11.299114433187315	5	5
MAPKBP1	0.9851072675418603	-3.7679961019884125	5	5	0.17581541023874803	12.809194270260887	4	4	0.2904880494315002	-6.192355941572671	3	3	0.038872316856963206	-14.622553593878948	3	3
MARCKS	0.1936090599221304	-6.422614521202139	4	4	0.6940887627719636	4.82396227506918	2	2	0.9644759375975938	-3.1854643061714447	2	2	0.9423762779843172	-6.43816710686086	2	2
MARK1	0.007256373053230954	2.277393193326987	5	5	0.26231231033310787	1.889205854596857	5	5	0.09195984846832161	-9.43271354211364	5	5	0.7636590663535476	-4.138273778337774	3	3
MARK2	0.160660023293006	-5.2422440358394775	10	10	0.47814870250533126	9.523479128128345	8	8	0.935548475699607	4.247306465054661	10	10	0.5828357540145396	-8.011581466867467	7	7
MARK3	0.7587316271730042	-8.31235697916103	10	10	0.644075135578807	6.351014690365574	7	7	0.6814793485673358	-3.0626107740955884	8	8	0.47796633125495613	-2.922342748184201	6	6
MARK4	0.3620108064002603	0.802418863474267	5	5	0.674622456662455	5.758864388648628	5	5	0.6955474919301725	-6.136465644188021	5	5	0.9167058325394901	-3.6606507873112335	3	3
MASP2	0.8099595559747785	-2.1936385590473715	4	4	0.624085750132112	8.643291909620247	4	4	0.7370995340933628	-3.1409433260605364	4	4	0.8445356641945179	-6.602475523479164	3	3
MAST1	0.41151156189521143	-5.433252690634745	10	10	0.8148566580489724	9.045896697254614	8	8	0.6415258079191002	2.1429620600365458	9	9	0.5005052855856211	-7.958024233897993	8	8
MAST2	0.06126919308730696	1.3525258108473954	4	4	0.9497043410641458	8.767665100745967	4	4	0.2969955373373563	-6.112600008555084	4	4	0.21426011079281937	-9.914186710323845	3	3
MAST3	0.6609084332288035	-2.1223138421167724	5	5	0.7520470321080464	11.080193282156655	5	5	0.8292721417757866	-3.3174126835758195	5	5	0.7562998120078067	-9.438196631158567	4	4
MAST4	0.7486355258963429	-2.9707159786399093	5	5	0.69369571088023	8.635411406030782	5	5	0.8542572694703717	-3.004059886664349	5	5	0.9056756450468624	-6.680078717226767	4	4
MASTL	0.6001316474403827	-4.633393706062721	3	3	0.35255407769204716	9.821629254885636	1	1	0.9424668084191153	-0.09960431345914506	1	1	0.35008932043458985	-8.349974093965017	1	1
MAT1A	0.09854021838108856	-8.837212701066678	5	5	0.5120522328057036	-1.1989347412412776	1	1	0.6633762330473258	2.4255352150816525	3	3	0.15514939607263561	3.54306028368359	2	2
MAT2A	0.8058574622301209	-6.370475193847455	5	5	0.6899657210501795	5.927775445577864	3	3	0.41987665753795556	4.265539058590938	5	5	0.5611133531647523	-6.410197985928876	4	4
MATK	0.8397456615414245	-4.429929162912331	5	5	0.8178185521799152	5.482384459879126	3	3	0.1438708058960554	6.181968728743823	5	5	0.1743631645244439	-3.326304493388507	5	5
MB	0.07264081114621004	-8.771752420799613	5	5	0.7319735991304163	-0.4428603241273681	1	1	0.018136418868145945	8.143722406121201	3	3	0.053014126879707336	3.7469462304700216	3	3
MBL2	0.45567180943699703	0.5119796374738107	3	3	0.2143652036028061	1.0883438383965167	3	3	0.10263469403479902	-8.366494943075867	3	3	0.2270843147989463	-16.094768426678325	1	1
MC2R	0.34585954525067697	-7.652328671713164	5	5	0.09972848995408425	12.250695433949906	3	3	0.12255820823080106	4.39312401003206	3	3	0.6886961274936931	-10.114418424086171	4	4
MCCC1	0.9925533108661876	-5.270730999128449	5	5	0.30387702098213154	-1.0788398949114775	3	3	0.5899634209637099	-3.1428050013012583	3	3	0.5576741474593854	2.56089797307854	2	2
MCCC2	0.830030029603947	-5.278136888034606	5	5	0.9417756252234913	3.0037720283429064	3	3	0.5005584680823236	1.1755487268553761	3	3	0.7438000152380875	-0.25696382710776583	3	3
MCFD2	0.6949825658608066	-8.517700722360706	10	10	0.991292388244484	13.872409803774554	7	7	0.4886669806796182	-3.7877184827776382	8	8	0.22941178941125662	-11.085910102375848	4	4
ME2	0.21912122290511848	-8.904832079435048	5	5	0.9775890450594203	5.499005536139819	3	3	0.917460989321956	-0.17417637793836346	3	3	0.6470992692887374	-1.8529272384540603	2	2
ME3	0.5276842830601596	-6.00025984948467	5	5	0.8882978938943152	5.216133349937275	3	3	0.7438608628845441	-0.4429995128296753	4	4	0.9146227418967077	-6.456403055088383	4	4
MED1	0.5216018041895064	-2.5058672487077107	5	5	0.443721439929032	8.93918906524248	2	2	0.416843374448022	-8.769151707361166	1	1	0.10563348227890615	-17.9906192150599	1	1
MELK	0.8397456615414245	-5.59393125236391	5	5	0.6172353737898271	11.915077904773687	4	4	0.6383725272171603	-3.1379380067465514	4	4	0.23936673222782978	-10.132640337031264	3	3
MERTK	0.5399566309391854	-2.088128582896599	5	5	0.6495149198167876	8.797036961716143	5	5	0.9046437092027014	-3.5377710127222977	5	5	0.9582959881692824	-3.705427862360056	3	3
MET	0.025705705756206797	-10.326523997611707	5	5	0.029683020974809314	15.869415509291338	3	3	0.4117812551336185	5.234494358271666	2	2	0.2473808158275953	-14.037659433821219	4	4
METAP1	0.753356281883896	-2.4736384051047335	5	5	0.8957687502905964	5.595176880375863	4	4	0.108083198433245	-9.40374525952027	4	4	0.11073291951661242	-10.581230024000783	3	3
METAP2	0.027402163441385234	-8.730715607001928	5	5			0	0			0	0			0	0
MGAM	0.2831296859783331	-1.1055369276204627	5	5	0.9729049712708331	5.95358048541321	4	4	0.6837787818071686	-5.5142268881224625	4	4	0.8445356641945179	-6.508256326429965	3	3
MGAT1	0.5696626810107668	-8.695406666101144	10	10	0.4427313209774255	8.333327672531041	7	7	0.8681113005987429	-3.205628883580575	8	8	0.5044229851982319	-10.544794626595902	7	7
MGST1	0.2613983340060001	-0.04621998091249598	5	5	0.7194297851543845	6.1683975819708285	5	5	0.8983200688437224	-1.0358780179440765	5	5	0.7648956320274692	-2.670609253712346	4	4
MGST2	0.4459350397189942	-4.474625782972905	5	5	0.24030234125908256	-1.2399713379183706	3	3	0.7506419973275583	0.6774820372905038	4	4	0.08208567204304086	3.6341608689347105	3	3
MGST3	0.7723300320326737	-5.098025648560527	5	5	0.5124410706098497	12.475106552123565	4	4	0.5881004272965635	3.1362575507182755	4	4	0.5327460712522724	-10.703705472340003	5	5
MINK1	0.5987048601335051	-5.020025591526867	4	4	0.13430294003774876	10.637543726487806	2	2	0.6043448703699581	0.6039388810949563	3	3	0.6101583166143778	-7.140770752605174	3	3
MINPP1	0.5015908146552261	-8.570949201330786	5	5	0.7249049401229793	4.082665661892306	2	2	0.7637696589047424	0.42490494480133645	3	3	0.8547806205172963	-3.6104119925820206	3	3
MKNK1	0.7062821890590203	-5.528435497493372	10	10	0.41926274773412964	7.0510558953651215	8	8	0.8045054855938516	-8.503776092684648	8	8	0.5712937139484127	-10.154383538485524	7	7
MKNK2	0.03733367614300096	-4.829236757677581	9	9	0.32064336559392725	5.766593670419344	7	7	0.34885228003591406	-3.0756960257537718	8	8	0.9118719542507502	-6.639790360896094	5	5
MLKL	0.3957037889090864	-7.809695891075282	5	5	0.39603335649140736	-1.000072185198813	2	2	0.787587630914137	0.12015725939288406	3	3	0.1030180418608657	3.79319989934855	2	2
MMAA	0.7962387620568715	-5.03046196363233	5	5	0.8882978938943152	4.892356330091838	3	3	0.7493780935689651	-3.439151218286932	5	5	0.5327460712522724	-9.522986656800331	5	5
MMAB	0.656405463515022	-1.7336018246645137	5	5	0.25864544596232786	4.1437265669487156	5	5	0.4871653392316776	-3.758861477131143	5	5	0.9374795878480127	-1.0113203815230492	3	3
MMACHC	0.12056216303094612	-8.110195272603727	5	5	0.1335898752063249	12.384930315267491	3	3	0.09117921788314157	6.494573316705672	3	3	0.459796725216709	-8.065046939872547	4	4
MME	0.28874851402036295	0.7157455312130777	5	5	0.37495372017740947	9.757272238902175	5	5	0.3562992747698577	-8.692535811815707	5	5	0.12345510863444276	-13.231645601231605	4	4
MMP1	0.8010443417528704	-8.240384924482548	5	5	0.3539136524862865	9.077702523735839	3	3	0.3764867545382288	1.4032581016416124	2	2	0.6472718678263668	-7.177476573043051	3	3
MMP10	0.4878289038781056	-8.621296486988156	5	5	0.8617331994047407	5.862927210332713	3	3	0.2442869549817065	-5.3777994716975215	2	2	0.46486056438592327	-7.264188994261776	2	2
MMP11	0.30605338641965163	-8.29400530987286	5	5	0.5668356124144751	8.185744514423366	2	2	0.15077988420860655	6.476870229467487	4	4	0.3179198990433457	-2.97529674870497	4	4
MMP12	0.2915859222475219	-5.8637229713763475	5	5	0.9686286237487493	3.150200895805897	3	3	0.12765919716189436	-8.580446114958642	3	3	0.1510564044067528	-17.278336924780067	1	1
MMP13	0.9132920730735067	-7.730373156770085	5	5	0.9614759412019189	3.9132499264895246	2	2	0.2600964297570706	-5.221891001476226	2	2	0.327087439863353	-8.527850064984843	1	1
MMP16	0.908358588491738	-5.9354685115247365	5	5	0.6432983503533377	12.918732134587907	5	5	0.4385232742416403	2.500219545401045	5	5	0.9415245008787722	-4.000402180708328	4	4
MMP17	0.9826255130967373	-5.109021342002953	5	5	0.7086898561580807	9.394287611037795	4	4	0.9678670176079451	-1.7912263383553604	4	4	0.9270864972393051	-6.294507228844203	3	3
MMP19	0.25615062047789494	-4.36053822616872	5	5	0.16866955242440906	-1.4063624290070595	3	3	0.9917314702323718	-0.8076588335179272	3	3	0.21426011079281937	2.1699630698688974	3	3
MMP20	0.3820052568369281	-3.440504836358992	5	5	0.8794275253645891	2.7148034725306793	3	3	0.3542212260930796	3.083877166267401	5	5	0.3179198990433457	-0.23600103707865708	4	4
MMP21	0.26404987360479193	-8.615927476606894	5	5	0.1921854753410971	9.917320039697046	2	2	0.9669347588070616	-2.1138353186868883	3	3	0.4721312575287234	-9.711950416475187	3	3
MMP24	0.5276842830601596	-1.5992913174577872	5	5	0.4696972903564819	9.39358845904565	4	4	0.9554171582152255	-2.551929874402777	5	5	0.6234923165450892	-10.304961705872513	4	4
MMP25	0.26623444831631715	-6.461712341213388	4	4	0.13430294003774876	10.651667502930497	2	2	0.571215095441753	-4.558877866870754	2	2	0.054917409377784575	-13.638798314634819	2	2
MMP26	0.4912276683504203	-9.0324136363333	10	10	0.8591576798181733	7.9829859552909666	5	5	0.7798403686065293	-3.369234819502383	5	5	0.5019209615503581	-7.196322521537474	4	4
MMP27	0.20767701159834473	-1.3643009814523401	5	5	0.1551184301555697	-1.4310067808732054	4	4	0.059513873469626374	-9.337738033796404	4	4			0	0
MMP28	0.06505822070351608	-9.960224812957186	5	5	0.8413974405023548	3.8449991153055763	2	2	0.9037800801438477	-0.40858127622970575	2	2	0.7663400909455875	-2.682320917155517	2	2
MMP3	0.5175670028014494	-2.3297248728801283	5	5	0.8120705148574179	5.018455362157907	4	4	0.3269703298430596	-6.045476543226157	4	4	0.7046007158919422	-6.135089035517157	3	3
MMP7	0.3522641420139655	-1.3569796935041982	5	5	0.6620211897545752	12.821684318665845	5	5	0.8983200688437224	-3.0321390873255836	5	5	0.5303285251395151	-6.861506149845372	3	3
MMP8	0.6164552554061412	-8.653281024441014	5	5	0.08085352875599792	-2.189637501951771	2	2	0.23917025231552258	-6.775605051625475	2	2	1.0	0.5799962478278067	1	1
MOCOS	0.16814184713500424	-8.900505995735573	5	5	0.3587607992995858	8.84839728723568	2	2	0.4117812551336185	1.0532384916512032	2	2	0.7058164680531573	-6.223899321204713	2	2
MOK	0.6033794774882844	-5.250329893847135	5	5	0.47568033659075204	8.959508375837574	4	4	0.44404014424004024	-3.2210007246774537	4	4	0.1904886601224478	-12.120925285274987	2	2
MOS	0.0716551322381904	-8.438954023175398	5	5	0.435553009152702	9.190429801688955	2	2	0.7552208694150904	0.31426857900547933	2	2	0.30017237238335026	-8.098566505936247	2	2
MPRIP	0.4878289038781056	0.36907725746861647	5	5	0.7586261369029429	7.36450793819066	5	5	0.9109734026294283	-4.918907474534838	5	5	0.6886961274936931	-7.195262143274516	4	4
MR1	0.2383618352039545	-9.300942630787981	5	5	0.23583242345924338	9.22062452300603	3	3	0.28799142629878505	-8.188729871248874	2	2	0.07859465935145817	-15.61074115062692	2	2
MS4A1	0.8788384283728083	-4.969271688663982	5	5	0.09081427025236018	-1.870753349634316	3	3	0.8473770774608975	-3.3534873016610387	4	4	0.0635566719084106	4.508719026068747	2	2
MS4A2	0.018999855006335553	2.1102454258060512	4	4	0.03008913727445552	-1.9954632158468453	4	4	0.06323689805685657	-10.166615757070169	4	4	0.36196593767939367	3.4661763482706442	1	1
MSRA	0.2383618352039545	1.6031727492846093	5	5	0.9069749454022391	6.809948069721922	5	5	0.5151116854616082	-6.100771637576277	5	5	0.5164030871103127	-7.339116987917136	4	4
MST1R	0.883747905809653	-3.9656385883581806	5	5	0.8007996120551102	9.024215784486952	4	4	0.8358028949108604	0.2503874491060461	3	3	0.6970246999387522	-7.290655055995507	4	4
MST4	0.4167994725605393	-1.924804465290329	5	5	0.33913524261838335	1.6468431844931193	4	4	0.5942835749518536	-4.013443909826207	4	4	0.9325483006907843	-3.4820772110287153	4	4
MTAP	0.08649321739795886	1.286169624734834	5	5	0.8455821211167693	8.404352250815041	5	5	0.4871653392316776	-3.0771131802947074	5	5	0.8611418352622409	-7.5816267818363885	4	4
MTFMT	0.9404809182754048	-7.907995068201537	5	5	0.7352797995591978	4.77587357902599	2	2	0.5899634209637099	3.0446841258166724	3	3	0.7836748470848344	-1.4591333315242558	3	3
MTHFD2	0.5815503288499049	-7.917278356913052	10	10	0.9918767980703233	13.463373037500473	8	8	0.13140865471789226	3.491022000095939	10	10	0.13856759748821446	-8.608014712583943	9	9
MTM1	0.40266294374946365	-5.449078398514466	5	5	0.39000691459758685	6.612294932153489	3	3	0.3459850508730343	3.9505170205151035	5	5	0.739864334161866	-10.243994909294111	5	5
MTMR1	0.25615062047789494	1.131576674436972	5	5	0.6309401810778674	1.9563176276026217	5	5	0.8355032925225724	-5.566416857142805	5	5	0.22908579873911206	0.6110220177551279	3	3
MTMR10	0.41323816948700376	-9.455998207043555	5	5	0.38085195277815376	-0.9772392614651073	2	2	0.7168568376832007	-0.3866590407262464	2	2	0.6016371484058185	2.161839695118627	2	2
MTMR11	0.27533232956350295	-1.2406953353200842	4	4	0.19513869580206422	12.77857440868062	4	4	0.2719842192234534	-5.911834694716137	3	3	0.04764116480597433	-17.569483532595502	4	4
MTMR12	0.8985024041132937	-2.965561982160287	5	5	0.3540499420404086	10.176938194515714	4	4	0.28814360322053945	1.860432013860791	5	5	0.872104662510732	-10.844260585173762	5	5
MTMR14	0.31197139615664493	-4.496160783605615	5	5	0.02803702776799981	-2.1465066686317713	3	3	0.7303584933309185	0.7198607183036106	4	4	0.04691155070249242	3.824558931949499	3	3
MTMR2	0.20322285543989416	0.7429453748741605	5	5	0.060929290884950846	9.931639661110163	5	5	0.2601254126383492	-7.592788680019787	5	5	0.01709766795534399	-15.953168866750184	5	5
MTMR3	0.26404987360479193	-8.481693552280007	5	5	0.006315300662133611	18.56250033495344	5	5	0.8436415847124482	-3.9701727917738188	2	2	0.008140107988158366	-17.12655210610988	5	5
MTMR4	0.47088946435069545	-4.5497555006423065	10	10	0.7424030003047084	13.425044433521839	9	9	0.7564211701890504	-2.108588414306604	8	8	0.47092688513161574	-11.178593648880693	8	8
MTMR6	0.2859297734005435	0.8152688600549932	5	5	0.5885107207714262	10.148008213424772	5	5	0.5385814349699922	-3.289705116381482	5	5	0.23827674246241826	-8.222359667212832	4	4
MTMR7	0.2144903497051135	-1.2209338203697302	5	5	0.3388298089494214	8.015386649017143	5	5	0.7798403686065293	-0.3265367660910141	5	5	0.3696257417185146	-2.9896515309843537	4	4
MTMR8	0.8788384283728083	-4.507648757838241	5	5	0.5187087378768453	8.99838864145178	4	4	0.6576791205922384	-3.9897378549926317	4	4	0.23936673222782978	-7.890679892082218	3	3
MTMR9	0.10371931626271838	1.1222841642669106	5	5	0.9207070195028259	2.639637041004446	5	5	0.6148597140377343	-3.25369654523179	5	5	0.6362877374589493	-4.523780687962435	5	5
MTNR1A	0.6296538564774289	-1.5857398034211163	5	5	0.5780639637403786	6.064900092829575	3	3	0.7574424504536748	0.38057561655529765	4	4	0.6472718678263668	-4.189850323321397	3	3
MTNR1B	0.6744906171067617	-3.2700050449739995	5	5	0.9729049712708331	2.7452029249739796	4	4	0.6512173562498855	-1.6216335054979722	4	4	0.5611133531647523	-3.168311917757182	4	4
MTOR	0.20689875817691894	-5.547494662203719	3	3	0.6177276393321984	-0.8868491971023413	1	1	0.09679107739717648	6.141930574710807	2	2	0.1030180418608657	3.819872829086692	2	2
MTR	0.883747905809653	-2.552442899301182	5	5	0.17830358963729687	13.708087081610197	5	5	0.12472162667966838	-9.818080686951028	4	4	0.028072903917628345	-14.908430150249016	3	3
MTRR	0.6120828468983042	-5.214582503491567	5	5	0.9596721613037543	3.0452392284872167	3	3	0.040118442304133785	7.432435787346257	5	5	0.06268810987194023	0.5324368341261865	5	5
MTTP	0.38881779798671123	-1.0697159358549602	5	5	0.14683681418205943	-1.7088011379174002	4	4	0.4493873843012053	-6.041799027624557	4	4	0.17467831277558643	3.4848774005280587	2	2
MUC2	0.46092721016380545	-1.3354453025917727	5	5	0.12873349737007467	13.861404139391453	5	5	0.22857703591827072	1.7229650599322957	4	4	0.468798316582951	-11.37879485618241	5	5
MURC	0.277585406377868	-4.429691151373359	5	5	0.23142165268800285	1.0700577991722398	3	3	0.5491818381329129	4.084985260999893	5	5	0.30179243291133384	0.2368258479590549	4	4
MUSK	0.22859741001264733	-8.57932602248928	5	5	0.09046775745910243	-3.133871284947503	1	1	0.19518009095208788	6.077852299949403	3	3	0.16582651897716705	3.2460944584464513	3	3
MUT	0.5523701790650292	-0.99258387768679	5	5	0.3432190483686389	4.821157592295244	5	5	0.0915195819744402	-10.060374654754867	4	4	0.7909789710051218	-6.958686104001369	2	2
MVK	0.12662931077440837	-8.669108910352042	5	5	0.30919237979861824	6.644280210830611	3	3	0.9543360619830157	-3.6279022301457484	2	2	0.5469327444768446	-7.186321253456848	2	2
MYH14	0.08649321739795886	-1.4290295073410437	5	5	0.5062131185383894	1.8942124405430032	4	4	0.40764101876184466	-5.982418149799915	4	4	0.8241261146639588	-4.018615669147934	3	3
MYH7	0.6117656926753987	-9.349599770688185	10	10	0.39055788537132763	8.701988896191088	8	8	0.5168186190210892	-3.269836096407063	9	9	0.7171892582004387	-5.596296148319518	5	5
MYL12A	0.9739336065620634	-8.364962350815512	10	10	0.5532000922986464	16.06649948209372	7	7	0.325933369338428	-9.699144523302193	5	5	0.19778578540943326	-18.738864511745124	5	5
MYL6B	0.040346115901230564	-1.1363734756978388	5	5	0.5506305425088582	5.160672464035004	4	4	0.37106158748717977	-3.123346970226091	5	5	0.9505081346935688	-8.87492658049315	4	4
MYLK	0.31109313029563446	-9.029665785352377	10	10	0.8471103178390017	9.477796044517696	7	7	0.19458547951593863	-10.47882695852109	8	8	0.23911252019675422	-11.306934780468032	5	5
MYLK2	0.89358008027059	-8.021908967756017	5	5	0.8441079932691453	5.349252178285126	3	3	0.7552208694150904	0.5059191617617547	2	2	0.9374795878480127	-4.0472521875122425	3	3
MYLK3	0.39921727207912805	-8.967719502410645	10	10	0.7849764107705297	12.652791082880789	7	7	0.3361082914290897	3.722938717652363	8	8	0.6328850818910812	-13.861953089476534	9	9
MYLK4	0.16911716829107504	-0.6339151505608077	3	3	0.044647192573036065	-2.240107845514877	2	2	0.4178549877261867	3.3274298861270286	4	4	0.053014126879707336	3.745466448202085	3	3
MYO1D	0.3426852488164457	-1.9798545866328523	5	5	0.41832582087637704	7.99777044648254	5	5	0.2728121407144075	-4.471490772332143	4	4	0.7477340440880693	-7.711648954919674	4	4
MYO3A	0.9826255130967373	-5.3374736458692	5	5	0.9551957439811506	2.8053864299251834	3	3	0.88464335822412	-2.2700840145412484	3	3	0.9679675506516953	-1.9563600340364369	2	2
MYO3B	0.8262083488325073	-4.293137825528882	4	4	0.9614759412019189	4.484218401585758	2	2	0.3449515193163134	3.2442279433871732	4	4	0.18238507065899523	0.593814348542025	3	3
NADK	0.8462754735016472	-9.562855967396787	10	10	0.24084468107445367	1.5474768063611268	5	5	0.9785688141280188	3.3914927404663473	7	7	0.29537313548448685	-3.087185332157594	5	5
NADSYN1	0.17996385787569225	-1.6180611351724057	5	5	0.5735365421014162	2.3656541638885886	4	4	0.2500116982458874	-8.847002087159717	4	4	0.8095975312917428	-6.370284825422649	2	2
NAGA	0.014598820253213133	2.072747644069874	5	5	0.44881407361318837	5.786317643363019	5	5	0.7798403686065293	0.4886192065592456	5	5	0.5196125232296148	-3.872304521972765	5	5
NAGK	0.5155557559083246	-7.787524050245921	5	5	0.8794275253645891	5.642639110290022	3	3	0.9607315985272517	-3.183209342032713	4	4	0.505018275524211	-1.664273953511508	2	2
NAGLU	0.5399566309391854	0.5823754755695961	5	5	0.08112956905552651	1.7921131208526908	5	5	0.06276513330212391	-10.042615949100389	5	5	0.8197190427081433	-6.244984843201747	1	1
NAGPA	0.511545307858261	-2.2748093499746	5	5	0.17552826642661656	4.815390840227752	5	5	0.6489439268011166	-3.5677884571402836	5	5	0.6379060901010708	-0.5394631445092267	3	3
NAGS	0.286783144828755	-1.2056956896466373	9	9	0.8108536828904251	13.168123554251926	9	9	0.7192299956426449	-3.9173685723504605	9	9	0.7868535658727273	-13.400435213484293	7	7
NAPB	0.18199282251184734	-8.305459421801407	5	5	0.09298040817619624	12.307303738487528	3	3	0.8520224794844804	0.30374380228388104	3	3	0.21426011079281937	-10.43230046182388	3	3
NARS	0.4176465367521651	-1.5027484314428492	3	3	0.8956929321458129	4.398216208866506	2	2	0.41889858906246547	1.2637917153207268	3	3	0.8650501184450475	-3.517010394654472	3	3
NARS2	0.8276050832437191	-4.254882239931301	5	5	0.8529114166419892	0.024456244638362417	3	3	0.2904880494315002	-6.011668917549749	3	3	0.9273634383582613	1.805228620949216	1	1
NCAN	0.8348846954256501	-5.468626033099052	5	5	0.8705722637434026	2.874445407723435	3	3	0.3672678951495144	-5.963985839241494	3	3	0.6016371484058185	-7.100801237784182	2	2
NCOA5	0.8397456615414245	-2.8493052092285285	5	5	0.27352768328571864	13.44098555595992	5	5	0.812481680421815	-2.402994142019634	4	4	0.3179198990433457	-10.774435028769389	4	4
NDST1	0.5523701790650292	0.5303481321854316	5	5	0.9965467954619968	9.835529041085314	5	5	0.6837796802486318	-1.3705175398873088	5	5	0.8611418352622409	-6.616719818173138	4	4
NDUFA1	0.09642532558265131	-8.138884271362736	4	4			0	0			0	0			0	0
NDUFA10	0.2144903497051135	-7.306485488906378	5	5	0.34250968030543927	10.091692593020884	1	1	0.899496764083431	0.1926677054358425	1	1	0.35008932043458985	-8.327765413205277	1	1
NDUFA11	0.5776097500948759	-2.72223980933558	5	5	0.3657068086883736	13.288686705708786	5	5	0.10613312752287452	-9.750792019989468	4	4	0.03837402805601951	-17.40229848981336	4	4
NDUFA12	0.6208413118993609	-5.991343777146579	5	5	0.4617297748757533	2.219087527866662	3	3	0.690364706526752	1.0544969337396566	4	4	0.3882370910564902	0.004454571045229431	3	3
NDUFA2	0.38108706457080965	-6.9047209159774035	2	2			0	0			0	0			0	0
NDUFA4L2	0.6927657961009959	-5.213801091103005	5	5	0.9149886544649928	3.169240064284706	3	3	0.6896542036731921	3.939329622018254	5	5	0.5919630370991488	-1.0331358598910079	3	3
NDUFA5	0.37192472559761924	-7.581637950641994	5	5	0.6047957847477123	5.299360542659376	2	2	0.913866734634573	-3.766868158449339	2	2	0.35008932043458985	-8.39002561127077	1	1
NDUFA6	0.3820052568369281	-8.140629832396623	5	5	0.9285233690006831	8.074470186028087	2	2	0.8005818365381899	-0.39510833714043286	1	1	0.7541069950238657	-6.58112642286383	2	2
NDUFA7	0.11487246521606993	-6.270588946138008	3	3	0.15029058382626023	-2.2734226373462967	1	1	0.3123148584145812	-9.444594953913189	1	1			0	0
NDUFA8	0.9749770795677246	-6.807909363799827	4	4	0.3229758070461728	-1.7496322730369993	1	1	0.2198654551797944	-9.921854968274893	1	1			0	0
NDUFA9	0.18806760487947716	-7.955148572163553	2	2			0	0			0	0			0	0
NDUFAB1	0.5168159316465137	-4.037454748460347	2	2	0.9142786531861706	0.3765674302308124	1	1	0.5159972430082682	-7.7946048863360815	1	1			0	0
NDUFB1	0.0777369772967558	-8.107860215042601	5	5	0.8678753682095685	0.9135954538882656	1	1	0.11313375871946602	6.088068373501606	2	2	0.23142589990922313	3.3663798132972067	2	2
NDUFB10	0.023331533085804115	-8.871081273733225	5	5			0	0	0.01145076331356011	10.300397906469266	3	3	0.09951703389258404	3.4441271733368914	3	3
NDUFB3	0.1881814760424051	-8.758692653203283	5	5	0.8091617172026402	7.797823193538463	2	2	0.19212676273874596	5.384832135360989	2	2	0.45617396933916476	-2.8681031618351533	3	3
NDUFB4	0.22859741001264733	-4.010311934828606	5	5	0.6036345294692856	5.068645559034234	4	4	0.06359310163819508	-9.368161938545514	3	3	0.09616912006818926	-18.187221570520673	1	1
NDUFB5	0.38881779798671123	-8.58588300754545	5	5	0.2587777236872678	9.304297942434632	3	3	0.14865785340943935	-8.772019372487705	2	2	0.042156681315677465	-17.22371089722379	2	2
NDUFB6	0.11189093747105926	-8.600875355431759	5	5	0.3229758070461728	10.150252103463163	1	1	0.6698981609311406	0.8683755151243124	2	2	0.8534450846924276	-6.97220366669837	2	2
NDUFB7	0.042878023245833084	-8.423335858148953	4	4	0.023197176038912127	19.595031268280536	2	2	0.21315806913306168	9.348846424080103	1	1	0.289638945955366	-10.737183512160628	3	3
NDUFB9	0.32741261276830325	-8.494382877846173	4	4	0.3627828954861346	9.80518108986087	1	1	0.2632974565257975	-9.698587284495236	1	1	0.10563348227890615	-17.93250889997634	1	1
NDUFC1	0.25277638872614117	-9.155213108610594	10	10	0.6620211897545752	8.886437673776062	5	5	0.5048247660646756	-5.742206338396982	4	4	0.9505081346935688	-9.695561074964703	4	4
NDUFC2	0.09479309294442109	-8.455204426104322	5	5	0.2950646778219367	-1.823370140277941	1	1	0.3669920466550399	2.580524007733824	1	1	0.08739582708325848	5.975153622391528	1	1
NDUFS1	0.1457033467418759	-8.238220050770988	2	2			0	0			0	0			0	0
NDUFS2	0.5452726314597647	-1.576746778975321	3	3	0.6940887627719636	3.335808558988931	2	2	0.053875183971797934	-10.2541411954101	2	2	0.10563348227890615	-18.02250327607969	1	1
NDUFS3	0.5075512066461922	-6.62943868693094	5	5	0.5702369356998382	10.311776469379138	4	4	0.20413751930809865	3.0658333312123425	5	5	0.8789105686766774	-4.352043954156653	4	4
NDUFS4	0.06782142288031442	1.395910353294526	5	5	0.12443367178249157	1.2974061393804377	5	5	0.24360344992079097	-6.563606500201075	5	5	0.48839135332375516	-0.2777120993642613	3	3
NDUFS5	0.959050655382151	-2.56237095377825	8	8	0.5506305425088582	2.3910804788667455	4	4	0.4178549877261867	-6.242415985322464	4	4	0.8139648565977974	-4.014703283486242	3	3
NDUFS6	0.0659687831331526	-9.681010416218426	5	5	0.8739012967414189	4.34713195077803	2	2	0.7480127805612204	2.4688821188668353	3	3	0.6193480997946015	-1.7491075863087868	3	3
NDUFS8	0.6676858601460521	-3.6145153454882144	5	5	0.5402743268805934	-0.6264047238630965	3	3	0.44315253569662993	-5.553804030088301	3	3	0.1714880189307838	4.1314061888379365	1	1
NDUFV1	0.8839614955662956	-8.667428004303506	10	10	0.9159806311999906	13.346957299023694	7	7	0.757269471807753	-4.970117433554778	6	6	0.7800506860754636	-15.049994311115261	6	6
NDUFV2	0.23263893835996463	-6.807879512962444	3	3			0	0	0.21315806913306168	9.319294943798589	1	1	0.24510452828522722	3.8020332817894102	1	1
NDUFV3	0.854364555621399	-0.10808465174262671	5	5	0.7389431665234396	2.983440816447455	5	5	0.5125372997594984	-1.522328225693605	5	5	0.4876566540526557	-0.43487375827348923	4	4
NEDD8-MDP1	0.6035560719450519	-4.472501363376751	4	4	0.42747200249260886	2.887269071610322	2	2	0.9964287148841453	-3.3307413242404476	4	4	0.5563406378078593	-4.215364637816258	3	3
NEK1	0.3820052568369281	-8.385481360849603	5	5	0.14540757780846117	10.491750480178192	2	2	0.917460989321956	-2.331213541541244	3	3	0.37402197471382537	-10.312045894551604	3	3
NEK10	0.7439241727893908	-3.5599676142310237	5	5	0.7014821047278834	6.051241763003829	4	4	0.9046437092027014	-1.4227222538077846	5	5	0.8522831759328808	-6.543015507852275	4	4
NEK11	0.8058574622301209	-2.176026841629191	5	5	0.7159237878916427	2.7851702258186464	4	4	0.9649636297895664	-2.7684176816008734	5	5	0.5019209615503581	-3.138482277785492	4	4
NEK2	0.15329877561963368	-1.232406629295394	5	5	0.9729049712708331	4.795852565670278	4	4	0.7133367575572903	-3.5489044389100717	5	5	0.9919721351064192	-9.88752241953363	5	5
NEK3	0.4956678495492892	-8.628627702855718	5	5	0.27866013376972787	9.590021035461282	2	2	0.31979848767975805	3.7215508820774414	3	3	0.8038348087872224	-3.8533523797940674	3	3
NEK4	0.6519149412153662	-2.263565802215702	5	5	0.6448308255888252	4.8756560283478825	4	4	0.5819471844859585	-3.479869891806325	4	4	0.7836748470848344	-3.98269905641123	3	3
NEK5	0.9925533108661876	-5.302956350523354	5	5	0.29862271666339757	2.001227538392849	3	3	0.8355032925225724	3.847604344579476	5	5	0.21239151851507987	-3.1964459970142953	4	4
NEK6	0.556538934730302	-5.531250168252551	5	5	0.01134597048191284	16.589564188185594	5	5	0.5272834456358049	-0.8481433204071863	3	3	0.02550435944504142	-16.61026796372055	5	5
NEK7	0.7962387620568715	-4.862500376771501	5	5	0.24433397481722618	15.259747776372153	5	5	0.23720563282228901	2.9031400022415093	5	5	0.7821734453778042	-7.179814856860563	4	4
NEK8	0.3209889112001456	-8.591180376230227	5	5	0.2325806168742961	-1.5334904098509776	2	2	0.6937260992273393	-2.9612747529705827	3	3	0.12119836050275437	4.424534281853519	1	1
NEK9	0.5947321962831491	-2.406664432535852	5	5	0.9651679075663795	2.1350559541916865	4	4	0.07622866425218754	4.877765437686539	5	5	0.1445835720347925	0.8770273388577415	5	5
NEU1	0.5035735396382339	-8.286428928524032	5	5	0.9865522952025906	5.343945641642151	3	3	0.06741374058927652	10.470938019916618	5	5	0.3124824587803954	0.21171461260923566	4	4
NEU2	0.37862661223180816	-9.066066264253058	5	5	0.9417756252234913	6.164020471599279	3	3	0.7245754007703167	0.4754332064524139	3	3	0.717787285813544	-2.8762477698518034	2	2
NFS1	0.7511279525528358	-7.4687483681001	4	4	0.394569074237351	-1.5298643658696616	1	1	0.2632974565257975	-9.699812503287253	1	1			0	0
NGB	0.15509772099057295	1.0713443585866733	5	5	0.030135126911843477	-2.152931370928576	5	5	0.5176931064800696	-3.5628194777976474	5	5	0.15341285454593667	3.42732755737358	4	4
NGF	0.7251760390475201	-4.421326844790599	5	5	0.8957687502905964	5.380059195817819	4	4	0.30005051194577903	-5.7465694926148325	3	3	0.6586826917297809	-7.209915148735869	2	2
NHP2L1	0.1268818745649193	-7.707390820497181	4	4			0	0	0.11234632589459441	10.746675155663718	1	1	0.29446852463267126	3.643261141285824	1	1
NID1	0.734530327356215	-4.753667025749076	5	5	0.2832256015084008	8.99468378179165	3	3	0.2674872036509863	-6.15936493533701	3	3	0.0691943440397642	-13.582789242748895	3	3
NIM1	0.339529638149655	0.9197394712862527	5	5	0.7065208124412616	5.568356182648418	5	5	0.37106158748717977	-9.4747002971505	5	5	0.9791408671229712	-6.162934609764846	3	3
NISCH	0.5317592123415387	-1.0027546284063176	5	5	0.7586261369029429	8.747678797820013	5	5	0.4921848600106725	0.13211527293338662	5	5	0.47361404369612026	-3.3604859922945436	4	4
NLK	0.7991718950978065	-4.326469707775904	4	4	0.6571523066131331	5.7208385023983785	3	3	1.0	-0.05546599996892049	3	3	0.9296012604540266	-2.0076111208877374	2	2
NME1	0.37530134964296347	-9.616989290486757	10	10	0.5105442636805715	12.338917687786138	6	6	0.03289557673240753	10.481862627115811	9	9	0.2892405562576984	-7.73248395376876	8	8
NME2	0.23222506051740122	-8.921506262533958	5	5	0.4685963017685939	6.50037666961686	3	3	0.16391553966445715	4.603052431604564	4	4	0.3141164800746591	1.11071496936194	3	3
NME3	0.8494857729355151	-5.079422715773231	5	5	0.5359830346076401	15.178446043782124	5	5	0.6193080669832095	-3.025854414094459	4	4	0.2042318760697932	-13.53181967376738	4	4
NME4	0.830030029603947	-8.581861053567343	5	5	0.2732649050699557	9.169023938082175	3	3	0.4934566096465861	3.012991323340323	4	4	0.6566938352336994	-4.296202410415201	3	3
NME5	0.3557070740729673	-7.377331617671651	4	4	0.1048994975966127	13.69889505052009	2	2	0.17534957940140028	4.946070372103825	2	2	0.46486056438592327	-7.1815652040365014	2	2
NME6	0.37862661223180816	-5.626855076498632	5	5	0.6734813344087225	5.766665228865572	3	3	0.21503453991230503	1.8541793983947634	4	4	0.5919630370991488	-2.3940823157567968	3	3
NME7	0.085356943022751	-0.38761232171842624	5	5	0.4520001713552888	1.9155745521347367	4	4	0.8614235537053763	-2.837253285421216	4	4	0.5651475592471655	-0.41625772252620585	3	3
NMNAT1	0.5733656784499663	-8.632198262365767	5	5	0.7014821047278834	11.765748512542933	4	4	0.6604754577448618	-3.5393834718484674	5	5	0.3601334303089583	-5.319277214880412	3	3
NMNAT3	0.688179697089613	-3.124644084026025	5	5	0.6172353737898271	6.006562676302717	4	4	0.10158242770449266	5.125554813548271	5	5	0.3192020328956152	-3.2878319252142263	5	5
NMRAL1	0.48005734270335876	-9.026311686905514	5	5	0.04179413955519606	-2.318219858718508	2	2	0.24157975133406318	-4.400461061867161	3	3	0.23597275505870985	3.845102003681295	1	1
NMT1	0.8153670946865653	-4.184341374653049	4	4	0.8198738922225053	4.705414986266895	2	2	0.5005584680823236	0.859778826017718	3	3	0.5476011867063071	-3.263446397984746	3	3
NMT2	0.025705705756206797	2.121636503905871	5	5	0.7194297851543845	9.705534345642194	5	5	0.050383988307722206	-10.372330232738996	5	5	0.048378914940716056	-13.96038797234233	3	3
NNMT	0.392251629488766	-7.648842641572917	5	5	0.6241937351395894	8.111867166045378	2	2	0.7728269960761869	-0.5097413397058153	1	1	0.2782527139138412	-8.394542560317463	2	2
NNT	0.7818690026260681	-4.662291836321116	5	5	0.1551894532963833	1.2764889146192058	3	3	0.6067381681865379	-3.0111716920247176	4	4	0.289638945955366	-2.2455305073835743	3	3
NOXO1	0.1881814760424051	1.172593266828627	5	5	0.6004986291119487	12.025079374115476	5	5	0.8333789191142353	-3.1667185960597384	4	4	0.5764223405387352	-10.700760693397228	4	4
NPC1L1	0.7675733183860726	-7.130865601135041	5	5	0.6170528519825211	3.9700488835558594	3	3	0.2630415691746236	3.8367710573478715	3	3	0.7143319843313938	1.4379816481717773	3	3
NPPB	0.7866509198800523	-4.62890087217455	5	5	0.8651473251322472	4.9905301602870304	4	4	0.27674630646727594	-3.70731227960504	4	4	0.6001501406740948	-7.586548471625312	1	1
NPR1	0.9330575556980906	-5.558723270548569	5	5	0.7573152357135455	2.5455088728392035	3	3	0.6969741589899937	0.3690574755823018	4	4	0.9415245008787722	-3.746155610310396	4	4
NPR2	0.4858795891153376	-8.718513573461815	5	5	0.8198738922225053	4.313957295547031	2	2	0.5409137595460822	3.064548506744703	3	3	0.6472718678263668	-0.6027434902576463	3	3
NPR3	0.1881814760424051	-8.242259276553495	5	5	0.06956675057646922	12.771814629809144	3	3	0.13846225748830698	4.193862803561694	4	4	0.6579750176492922	-13.981173667319638	5	5
NPSR1	0.9677393402932807	-4.911026539470493	5	5	0.8045521659197685	8.717884547870817	4	4	0.8967224831732554	-3.0870644984280005	4	4	0.5303285251395151	-6.953006599839104	3	3
NPY2R	0.6120828468983042	-4.8044222949328965	5	5	0.8045521659197685	8.325104656792844	4	4	0.5221323828773468	-4.054267670462308	4	4	0.37402197471382537	-7.206138530687229	3	3
NQO1	0.02703435635587259	-9.353279894543512	10	10	0.2206454247387779	16.545960497665018	5	5	0.5105601786286087	2.9611076647563483	4	4	0.27793649039738066	-14.751861728007825	6	6
NQO2	0.1881814760424051	-8.436145572750016	5	5	0.1148066561457046	15.760664409233557	4	4	0.11761788243892926	4.890269841768347	3	3	0.8611418352622409	-9.395494641341436	4	4
NR1H2	0.2722764174225446	-5.627488774132449	4	4	0.6637702511666445	4.5582744731669385	2	2	0.41295941769486255	1.330497527571379	3	3	0.4265444338667359	-1.2440508565992525	2	2
NR1H3	0.9669861187413741	-8.188650491938338	10	10	0.40892042311560695	11.794501235939642	7	7	0.9575216516427223	-3.189753934740942	8	8	0.6726616212123744	-13.71437663282866	7	7
NR1H4	0.2859297734005435	-1.5724063785300706	5	5	0.23836847153530583	1.221326852626974	4	4	0.6092563829615779	-3.115257060904156	5	5	0.3726627233478227	-1.1157014688302458	2	2
NR1I2	0.08312060396444647	-9.470146899598541	5	5	0.8630401869694907	7.3729799034618635	2	2	0.8005818365381899	-0.37578201075787526	1	1	0.9168443588408726	-6.738455774189431	2	2
NR1I3	0.0011004493799620175	-9.941974858499544	5	5	0.09425567462516148	20.545773747398194	1	1	0.006834378750260097	10.864204831930067	3	3	0.11029736702539285	-2.562968415868497	4	4
NR3C2	0.2803482359998627	0.9161871463403389	5	5	0.13092627000335208	10.113006767549528	5	5	0.6432093456197832	-1.2744045594993827	5	5	0.4208609374231028	-10.69205465575802	5	5
NRBP1	0.9528644010536571	-2.8308218009693857	5	5	0.33668897571575884	1.7868345776937755	4	4	0.5279686378321821	-1.5112459618794996	4	4	0.2721463993628561	0.27944966338742816	3	3
NRBP2	0.9975177382557646	-5.269662815869347	5	5	0.712965022309601	11.814872524633742	5	5	0.6383725272171603	-3.5509875711781667	4	4	0.3204425120495501	-7.794279435071697	3	3
NRGN	0.6474370052868004	-8.87055724586864	5	5	0.5856729259166228	4.718289822458085	2	2	0.6791943421244713	-4.2409687748042355	2	2	0.5362947692730948	-7.387999122882555	2	2
NRIP1	0.8251818436098276	-2.9512053410573227	5	5	0.8804356894793568	5.855365092214707	4	4	0.9393464853936712	-2.4169354055380503	4	4	0.8650501184450475	-3.3992347871689503	3	3
NRK	0.5317592123415387	-1.0751119241638325	5	5	0.4385137118628315	12.316358003877285	5	5	0.9299948128999199	-3.15267254294043	5	5	0.40048881543364123	-10.381658425703753	4	4
NSDHL	0.24581732496305453	-1.4567290605282135	4	4	0.1943441307883782	-1.2330074524967198	3	3	0.24577039690151137	-6.3035096351411575	3	3	0.664998734069292	2.70310679015017	1	1
NSF	0.7623246819499795	-1.9871908448019198	3	3	0.31187271167356767	9.626620342675658	3	3	0.14163260031774202	-9.394209296718543	2	2	0.02951511816652738	-17.633657267436632	2	2
NT5C	0.6077242126538864	-2.314592040444951	5	5	0.46375607361944093	6.806923484146108	4	4	0.565272962075724	-2.332541898440749	5	5	0.9325483006907843	-6.89256274766592	4	4
NT5C2	0.8058574622301209	-6.8988566807226706	5	5	0.04719645643496288	13.663229658873634	4	4	0.45557435966185855	-4.941627136536927	3	3	0.019785178760310353	-16.736914512640364	4	4
NT5M	0.8763854002244773	-5.243515857071334	5	5	0.7402807379176981	2.4192709387426112	3	3	0.37106158748717977	4.2723112392284985	5	5	0.07186192301602726	-2.007216137830637	4	4
NTRK1	0.41078935470323186	-2.206658730262552	4	4	0.03611432397428379	-2.0639708880899357	3	3	0.12765919716189436	-6.672072335510893	3	3	0.7496742692924563	2.5038994872417204	1	1
NTRK2	0.47235377982292215	-2.247056334782426	5	5	0.44041461759139866	8.959135757194916	4	4	0.8614235537053763	-2.12363038133607	4	4	0.5764223405387352	-9.901811524096665	4	4
NTRK3	0.19027848178192697	1.1595196900610065	5	5	0.8118516238839266	10.088831629112098	5	5	0.011611704234802074	-10.566927358417876	5	5	0.010397833422684456	-15.520712042418808	3	3
NTSR2	0.24084828230162136	0.98721206695279	5	5	0.13092627000335208	9.949726569032183	5	5	0.8292721417757866	-2.7071851565094693	5	5	0.17747086516911392	-8.0547659506565	4	4
NUAK1	0.7019717081980577	-5.007649176445299	5	5	0.49661958459110656	2.204507469849155	3	3	0.6558719185471185	0.42767576758228887	3	3	0.4138918856088959	-0.2055663016281919	3	3
NUAK2	0.0716551322381904	1.9430384304685482	5	5	0.5474491261756043	2.679057342767546	5	5	0.7312832912918584	-2.7278334811233282	5	5	0.5385255034333125	-0.2324613369982179	4	4
NUCKS1	0.7723300320326737	-2.7853018504306597	5	5	0.49136071381051816	9.50888970178104	5	5	0.2704028570308369	2.0017270831853122	5	5	0.5527564179571829	-6.581320204114913	5	5
NUDT9	0.7019717081980577	-5.849465318010425	5	5	0.9961285525583008	9.4015711226699	4	4	0.8333789191142353	-0.7298219318782134	4	4	0.8258231017016949	-6.620397674804238	4	4
OAS1	0.17795175047560174	1.1245306993931512	5	5	0.3958101835191862	1.9668519328244372	4	4	0.3541741910914068	-6.05732824212578	4	4	0.7663400909455875	-2.0444989306082793	2	2
OAT	0.3620108064002603	-8.204603746531475	5	5	0.731810421723722	4.559663164829192	3	3	0.5138305507576221	2.4722004661804102	3	3	0.5476011867063071	-0.5161695668680674	3	3
OAZ2	0.46852768235463194	-2.0020038766199293	5	5	0.26235227280735607	9.50627047764174	4	4	0.16463553407942666	4.632755100276236	5	5	0.8405170719238915	-7.20104649138811	5	5
OAZ3	0.4016746795896654	-8.967264137837262	8	8	0.23397172902097219	16.6577945069787	5	5	0.8403716883911934	-3.132425730401908	4	4	0.1698561098975886	-10.601448839029013	3	3
OBSCN	0.2108674584738508	-0.9534811194253363	4	4	0.007872933456987221	-2.6185830641920074	3	3	0.3032586152776583	-3.88805027639005	4	4	0.052917680259737004	4.110448675200179	2	2
ODC1	0.21679688945470343	-7.8498499728334155	5	5	0.3255050129228344	9.314451214602387	3	3	0.08351191045052099	4.705758806072274	3	3	0.7053899464614647	-6.693295109915707	4	4
OGDH	0.98758917176213	-2.3767715097222264	5	5	0.30095701068373615	13.19274398867699	5	5	0.9554171582152255	-3.2708469214000133	5	5	0.10059024300639009	-11.33828142940664	4	4
OGFOD1	0.2108674584738508	-8.819284218056957	4	4	0.5575271416393679	8.615083423730763	2	2	0.3123148584145812	-9.325825163650899	1	1	0.08739582708325848	-20.011688617763657	1	1
OGFOD2	0.9826255130967373	-4.234466367557293	5	5	0.2832256015084008	1.397102460721032	3	3	0.7090911162458073	0.39104405055714736	3	3	0.2446274672971238	0.5652010642158807	3	3
OPLAH	0.9578211465557211	-2.8174394932329303	5	5	0.2811842069619924	13.396921393643646	5	5	0.6706792786329957	-4.485700343051436	4	4	0.18860146752112095	-14.441856118482443	4	4
OPRD1	0.4989598489570416	-5.170462854393027	4	4	0.9834844485167039	4.348490482369834	2	2	0.8035789104452501	-2.688239592657885	3	3	0.4948105194275715	-7.136747603971026	2	2
OPRK1	0.9034286361076764	-2.8775458425448246	5	5	0.624085750132112	2.4147065899001805	4	4	0.43345537399844136	-5.893379081758808	4	4	0.9935918570986044	-2.3903072872758204	2	2
OPRL1	0.08566625314607426	-4.9166680941437155	10	10	0.4305934326789028	13.13176221834623	9	9	0.987500971609888	-1.3300402816741044	8	8	0.41528387272549716	-12.407039508380132	9	9
OPRM1	0.40094700297133856	-4.747536908053088	4	4	0.8198738922225053	-0.15347953067001718	2	2	0.6188815989537813	0.5326400933274843	3	3	0.23774939943037998	3.357505985490561	2	2
OTC	0.7486355258963429	-4.50732098633544	5	5	0.6800217115562243	8.391188328475735	4	4	0.8896440161512097	0.07714460357244163	4	4	0.8139648565977974	-3.768589449618973	3	3
OXCT1	0.19883867151871037	-1.380176999990045	5	5	0.4696972903564819	2.504504171858381	4	4	0.7506419973275583	-2.7216613817761393	4	4	0.40277651607707676	0.008443548823616531	3	3
OXCT2	0.8592489134569401	-0.7729202030516671	5	5	0.41336568607601687	7.5550848935284804	5	5	0.654699394960732	-4.839024980009868	5	5	0.5310988688678855	-7.998590489186399	4	4
OXSR1	0.7818690026260681	-5.583318131093882	5	5	0.12927918613272332	-1.5178972663372605	3	3	0.9251130503632994	-0.39219931414646747	4	4	0.17813478564594798	3.18491117705407	3	3
OXT	0.5236253349324279	-1.659398394876811	5	5	0.6683101394278768	11.8572366131312	5	5	0.5819471844859585	-3.275306434406889	4	4	0.328979664361046	-10.415366215717123	4	4
OXTR	0.37526642563989854	-6.310892210848043	5	5	0.30136537035113253	12.937027636059831	4	4	0.28473017002101375	3.8092579470761323	4	4	0.8967405044802678	-7.860217351512744	4	4
P2RY12	0.03308294356224323	-8.85775675654638	5	5			0	0	0.12074601780447844	10.526065673842625	1	1	0.37409188002387106	3.4224549708413265	1	1
P2RY2	0.883747905809653	-4.430592761876123	5	5	0.48777081628666497	11.429950355272043	4	4	0.2928684155886322	3.955740102710541	4	4	0.9518612399337635	-10.292487195466355	5	5
P4HA1	0.12509068401456092	-8.046927913327456	5	5	0.0163137946380717	17.9902744092856	4	4	0.33668385318395533	4.950938747752616	2	2	0.06339400950176262	-14.87183642383262	4	4
P4HA2	0.5776097500948759	-2.7375706124001034	5	5	0.6378839758062542	4.994424615539528	4	4	0.26123996201338207	-6.579885121318665	4	4	0.6470992692887374	-6.800812874002967	2	2
P4HB	0.5733656784499663	-6.1589955304552575	5	5	0.7149683940145535	5.703224836222738	3	3	0.2774071846315891	4.492200856393254	5	5	0.43950033104109754	-3.4054916070708985	4	4
P4HTM	0.09235906627465316	-8.589902020715071	5	5	0.7065985424813297	5.744662018737155	3	3	0.8928314729386756	-2.2747147115631177	3	3	0.3641108545439745	-7.5786407969639225	2	2
PACSIN1	0.17893558204231053	-9.64303960952112	10	10	0.045418701431917036	18.35641958726967	9	9	0.7471808429181507	-2.9647005890199214	7	7	0.26345364183373043	-17.306178485538947	9	9
PACSIN2	0.7205141282042609	-2.1429063836537146	5	5	0.9111408467360205	5.484356308864733	4	4	0.7438608628845441	0.7656941657288415	4	4	0.6234923165450892	-3.061022770712976	4	4
PACSIN3	0.02221753467623675	2.1275897431776216	5	5	0.13092627000335208	1.7400338966791296	5	5	0.025337590248507107	-10.406028747850543	5	5	0.4519963544612986	-8.047446723498382	1	1
PADI1	0.2515354105963187	-6.378798999412898	4	4	0.1456282830122464	9.63405374780609	3	3	0.07299813097593894	4.708201574574926	3	3	0.7821734453778042	-6.961493210198067	4	4
PADI2	0.01979648068833636	-8.923036142390053	5	5	0.03414401769230793	18.54394277881313	2	2	0.2953479851768257	6.505528033226751	1	1	0.0635566719084106	-13.629727674992065	2	2
PADI3	0.8058574622301209	-5.005032713151021	5	5	0.6588174378980718	8.298121250578477	4	4	0.499123492760142	-3.586667981704812	4	4	0.8445356641945179	-6.619448472900536	3	3
PADI4	0.9528644010536571	-2.9415780524992012	5	5	0.7377767445996932	5.347092430500095	4	4	0.4871653392316776	1.5548341544319062	5	5	0.27718997893065345	-6.653975401599351	5	5
PADI6	0.35549441181615726	-6.288356670952596	5	5	0.3440613873543157	9.50718869682456	4	4	0.5005584680823236	-5.434453847611309	3	3	0.0635566719084106	-13.326865245302802	2	2
PAEP	0.5691364506261621	-7.243228836588912	5	5	0.4481667664083513	2.513833671930655	3	3	1.0	3.7739525518045034	5	5	0.6285977579012942	-3.117231689904249	3	3
PAH	0.03491884696300209	-0.5795645187036613	5	5	0.17893286520208462	1.772392043386019	4	4	0.051529780468193745	-10.561012977635475	4	4	0.7844784035957554	-6.615430012921301	1	1
PAICS	0.9132920730735067	-4.5316222728961515	5	5	0.7233726617330447	2.7904803630961657	3	3	0.9834638284241243	-2.1609297326488295	3	3	0.8913979296231909	-1.7702695109542823	2	2
PAK1	0.2099304598803663	-1.3156961352578367	5	5	0.2707051788540027	10.366779933995764	4	4	0.7917171442419596	-3.205853659403195	4	4	0.14082638540874928	-11.302889125209512	4	4
PAK2	0.29731679237858344	-1.2585096444824002	5	5	0.46375607361944093	2.252258426958054	4	4	0.2650590375174747	-5.8909505728865215	4	4	0.7143319843313938	-3.8587416669233767	3	3
PAK3	0.15874363665330804	-8.42501755062176	5	5	0.25417910927585186	11.962196156411336	4	4	0.6115941101704763	0.29969259553897204	3	3	0.4966332316200591	-7.206631895816752	3	3
PAK4	0.18610157077844247	-8.464396944184573	5	5	0.6739103183496755	8.315300735990627	1	1	0.7168568376832007	0.5334094617546468	2	2	0.7298278002076196	-5.389723250415951	2	2
PAK6	0.6583413916829577	-5.166595429633596	10	10	0.8413020396792318	9.848781165092957	8	8	0.5451117767223543	3.5653044668897333	10	10	0.5635024350369073	-14.071516200662115	9	9
PAK7	0.07669508969818949	-8.913334162228258	5	5	0.08085352875599792	14.150273192825876	2	2	0.3351550727287316	3.1237606903967934	3	3	0.3465732279127026	-7.629163533168755	3	3
PAM	0.11085618719350447	-10.105195138062795	9	9	0.006299597402688296	-2.674820783585266	4	4	0.7014592278754757	-2.639110049874217	5	5	0.015033115393108653	4.211337668400273	3	3
PANK1	0.3292855635619192	-9.83933153857871	8	8	0.33913524261838335	-0.8383229269069558	4	4	0.08888455055708146	10.966997733702513	8	8	0.09655606313166576	3.397108635428078	6	6
PANK2	0.7112215620282105	-8.431605446175757	5	5	0.7233726617330447	8.466621661559833	3	3	0.827718759473112	2.660366599051197	3	3	0.6661707096834564	-4.234995588128871	3	3
PANK3	0.9330575556980906	-5.522718381308977	5	5	0.19267138341137513	16.554649557824447	5	5	0.1152070305585291	-6.701746621457306	3	3	0.033753941101889666	-17.583479032615074	5	5
PANK4	0.4459350397189942	-5.099869569137488	5	5	0.20618525730562753	-1.2940154075505113	3	3	0.3541741910914068	0.9471638047638019	4	4	0.017970992914558396	4.100018492663069	3	3
PANX1	0.9528644010536571	-2.129957388878216	5	5	0.9342596937976486	5.817593925389663	4	4	0.9617808560530875	-3.5091723399856147	5	5	0.6661707096834564	-3.1588216337472304	3	3
PAPOLA	0.03157565994256338	-9.547036796252781	5	5	0.7984851849034864	1.2187513674739288	2	2	0.1200681493431556	4.916058298882121	3	3	0.13613921923054487	3.1123137102426086	3	3
PAPSS1	0.37862661223180816	-6.530402564958827	5	5	0.7530450533857005	2.5812474311888294	3	3	0.12038560672235078	5.4206519951498064	4	4	0.12345510863444276	1.1716608551442544	4	4
PARK7	0.7818690026260681	-6.010984871953067	5	5	0.7917324428554311	5.3154315695858765	3	3	0.9010310274577035	-0.0987533775969418	3	3	0.8241261146639588	-3.842925472803054	3	3
PARP15	0.9058931412324533	-1.8992602466698898	5	5	0.5124410706098497	8.695771587997156	4	4	0.6193080669832095	-1.4573048574518996	4	4	0.7537091772080944	-5.844862068882861	3	3
PARS2	0.05938908125588092	-9.315159867694147	5	5	0.10197537344010779	14.312205176814182	2	2	0.613426560736728	0.9341864022959749	1	1	0.20732834566563085	-12.022696841014824	2	2
PASK	0.4348755774538744	-1.0235256836624942	5	5	0.0043964901750660245	-2.4925508269221317	4	4	0.08981247600087465	-6.989748518278197	4	4	0.11731514915629647	3.7562805463797213	2	2
PBK	0.09727825159838135	-1.2348683327028949	5	5	0.09413162069134327	-1.6621991996750658	4	4	0.7372988693873257	-2.694307624551397	5	5	0.020281220542937666	5.070362867636718	2	2
PCBD1	0.6927657961009959	-2.0455993971353226	5	5	0.4520001713552888	1.983515083759962	4	4	0.6706792786329957	-3.5795726516624633	4	4	0.6472718678263668	-0.9092011150829986	3	3
PCCB	0.35229144653939326	-7.663582628852278	10	10	0.8043355090851727	12.858764389228972	8	8	0.6584938824769515	-3.2524351886736746	9	9	0.9817383452176681	-8.343063326216212	6	6
PCK1	0.3520884042969745	0.7261670384343586	4	4	0.3440613873543157	8.854299156662764	4	4	0.8967224831732554	-1.5342000301356353	4	4	0.7053899464614647	-10.17866793645497	4	4
PCMT1	0.7675733183860726	-5.0777959764080185	5	5	0.8499092679602628	4.9138478716456655	4	4	0.7574424504536748	-3.0012261226233754	4	4	0.44546773066825107	-1.1973157928278808	2	2
PCSK1	0.08997548869391782	-9.394795947718782	5	5	0.6241937351395894	9.01597472519992	2	2	0.3098205846084544	4.328363117465233	3	3	0.6472718678263668	-2.8949635664938107	3	3
PCSK2	0.22385855223173845	-6.342884198148666	4	4	0.43483297681819333	6.751697838551643	3	3	0.051380136653920314	5.358934049492196	3	3	0.26647966617529084	0.17849568532031768	3	3
PCTP	0.854364555621399	-4.953067007058249	5	5	0.5124410706098497	11.718239855939473	4	4	0.6489439268011166	3.4760133263089545	5	5	0.7821734453778042	-7.443636616573194	4	4
PCYT1A	0.3002102762864932	-2.1055358963799233	5	5	0.7598437280264725	9.350055923633372	4	4	0.923649354366945	-3.0085652656169892	5	5	0.9056756450468624	-9.82049458690004	4	4
PCYT1B	0.854364555621399	-5.64803374562938	5	5	0.7917324428554311	3.369092291769604	3	3	0.9964287148841453	-3.392644535161471	4	4	0.5651475592471655	-5.006014341078776	3	3
PDC	0.505621056648601	-5.448271964210694	4	4	0.08085352875599792	-2.086519453321613	2	2	0.6860900811394776	0.5079107461487752	3	3	0.04639143964982621	4.168257015346932	2	2
PDE10A	0.89358008027059	-2.7415533118820554	5	5	0.04416693405010609	13.524154799358756	5	5	0.30960926530748334	-5.943294023198443	4	4	0.012233374166138986	-17.221520994243733	5	5
PDE11A	0.9916578107530502	-2.55546208502016	4	4	0.7917324428554311	-0.2215683155496239	3	3	0.7848275555711997	0.198239029963352	4	4	0.2721463993628561	2.8550891156997777	3	3
PDE1B	0.9669861187413741	-8.55106772485267	10	10	0.09716288149093494	1.6636639678937695	6	6	0.11684795690296337	-3.219454556438464	7	7	0.5019209615503581	-3.2119136034913374	4	4
PDE3A	0.7914408970790019	-3.167594253643091	5	5	0.7524653116266203	5.633513629659764	4	4	0.573402469202513	1.394451712864904	5	5	0.3234189707883901	-3.134743379109684	4	4
PDE3B	0.8106779486944853	-3.428069183893559	5	5	0.17893286520208462	-0.9445692827745461	4	4	0.6837796802486318	-3.0453793720969915	5	5	0.0707485518547036	3.9743707551342284	2	2
PDE4B	0.32709425956338745	-7.724366180314089	5	5	0.9724775751732075	5.577876748210018	2	2	0.9847712931566361	-3.44757577957981	2	2	0.2739766883379883	-9.308473264633001	1	1
PDE4C	0.3776523298996297	-8.99454411110919	10	10	0.3226848088248929	12.723626616401027	6	6	0.7906741904901334	-8.87166611024241	6	6	0.1711936428702766	-14.166290718404227	5	5
PDE6G	0.43854435803093816	-1.1583832319058698	5	5	0.24225447744842854	-1.2222136130295589	4	4	0.946470762972681	-2.319460752895922	4	4	0.13960852807658458	3.284693321477416	3	3
PDE6H	0.6927657961009959	-8.107578784929036	5	5	0.6013188402665999	8.24837114432445	3	3	0.9834638284241243	-0.1678188837971226	3	3	0.4328167340199195	-7.316609720168088	3	3
PDE7A	0.2803482359998627	0.6204794180759093	5	5	0.24084468107445367	1.983338690916139	5	5	0.5125372997594984	0.6586700112394676	5	5	0.0948745291200531	0.08539484158229212	5	5
PDE7B	0.04620345647144069	-8.534464171014838	4	4			0	0	0.011117095673577283	10.364045424075094	3	3	0.04408897603883836	3.790083445353312	3	3
PDE8A	0.12567615331467638	-9.863427414950765	10	10	0.8592705377520208	8.41705489794635	6	6	0.5023065588581722	-9.52180638002984	5	5	0.5611133531647523	-10.393882680953814	4	4
PDE8B	0.8010443417528704	-5.360566696126752	5	5	0.4283505686814554	15.696014864512717	5	5	0.8896440161512097	-2.355041965669695	4	4	0.2240648709700087	-10.155438375911274	3	3
PDE9A	0.9330575556980906	-2.734650748283658	5	5	0.10614428859057819	1.3348211377425347	4	4	0.9141403607364856	-0.14258223132849177	5	5	0.27614361519134034	-0.04344229515907975	4	4
PDF	0.26404987360479193	0.45776118903325164	5	5	0.38198262025879115	2.1344113233326087	5	5	0.8417447854259017	-5.596948727922173	5	5	0.40277651607707676	0.38542337550163924	3	3
PDGFRA	0.38881779798671123	-8.077372009032864	5	5	0.5856729259166228	5.62280952006825	2	2	0.384020083730762	3.344177354886923	3	3	0.9895695423486784	-2.0579744238217286	3	3
PDGFRB	0.009384114052913135	-9.731210444462212	5	5	0.6739103183496755	-0.6529458500122018	1	1	0.571215095441753	1.207297542641201	2	2	0.1714880189307838	4.135643181724407	1	1
PDHA1	0.5987048601335051	-7.76987424127596	4	4	0.13950179234957694	-2.4232315173784347	1	1	0.13425733671671528	-10.594403833945329	1	1			0	0
PDHA2	0.5607229698535698	-8.987392585767443	5	5	0.31456882368045913	4.409355273427063	3	3	0.069783452625285	-10.091707792652358	2	2	0.09616912006818926	-18.16596688035822	1	1
PDHB	0.40486686823683415	-2.012245903132559	4	4	0.5780639637403786	2.049842115087264	3	3	0.019714824918264512	-10.12759470418112	3	3	0.12119836050275437	-17.61672112987368	1	1
PDIK1L	0.31382891218980846	-8.18913409947995	4	4	0.7043077228248902	8.439475148773578	2	2	0.05263202080921746	7.063431877950223	3	3	0.18238507065899523	0.4087030800829483	3	3
PDK1	0.5523701790650292	-5.557972917578901	5	5	0.7014821047278834	9.131707266458104	4	4	0.827718759473112	-2.1193743566305776	3	3	0.8611418352622409	-10.22001652716029	4	4
PDK2	0.8641386635045638	-2.6973330574981156	5	5	0.9419792903008283	3.208247810057536	4	4	0.3459850508730343	1.3961821433055432	5	5	0.6557662767367889	-0.42210755107112075	4	4
PDK3	0.368601539056959	-4.283698640462634	5	5	0.35660356633054524	14.747593766375722	5	5	0.3783847691234835	-3.7765269916539563	3	3	0.07009797194207923	-13.905041002953674	4	4
PDK4	0.8010443417528704	-2.2650042137400037	5	5	0.8185719710363678	8.361320375406528	5	5	0.2728121407144075	1.6390812119717448	4	4	0.4036539047656056	-6.606519510503254	5	5
PDLIM5	0.5754857933417252	-5.018579713617364	5	5	0.10932716589164193	10.305365825516029	3	3	0.9751979622485737	-2.527275073066699	3	3	0.06528598760708697	-11.261381424202964	3	3
PDP1	0.020850431638150778	-9.45763052777144	4	4	0.1921854753410971	10.669168972950597	2	2	0.04119515707154217	7.11709451048165	3	3	0.7648956320274692	-4.537703485329622	4	4
PDP2	0.4956678495492892	-2.101647193910209	5	5	0.17217300469416408	-1.3246288785309972	3	3	0.7193019004623613	-2.920287881797331	5	5	0.10223228122064074	3.685461077899068	3	3
PDPK1	0.5440789245362108	-2.6742006686235644	5	5	0.9188397521484034	3.9370242399484954	4	4	0.7986230392967869	-1.885027971718228	4	4	0.9582959881692824	-0.8794794581353944	3	3
PDPR	0.9281118320888259	-4.882075332741932	5	5	0.37495372017740947	14.857881248255795	5	5	0.7986230392967869	-0.29556955724335654	4	4	0.25202305813534265	-11.351416364649653	4	4
PDXDC1	0.8251818436098276	-4.5936400983242685	5	5	0.5780639637403786	5.944286363900827	3	3	0.8755139973744485	-0.04164409169291727	4	4	0.7648956320274692	-7.37181149200616	4	4
PDXK	0.07264081114621004	-8.1606528942556	5	5	0.017658328636258627	19.1330272410717	4	4	0.017466716500267595	9.538034272136365	4	4	0.8800355932111703	-11.023498623563375	5	5
PDXP	0.8010443417528704	-0.549811743102503	5	5	0.7065208124412616	10.277824286546496	5	5	0.5545203635125844	-1.784449910581438	5	5	0.9954978743064465	-6.728051541195142	4	4
PEAK1	0.0400435715291047	-9.358052305339164	5	5	0.5121325875951704	8.592520093037137	2	2	0.9239672814609735	-1.1755380952280952	2	2	0.26410502382662504	-9.793684585583808	1	1
PECR	0.11472495107419094	-9.411324796498283	5	5	0.15029058382626023	-2.2513288664956796	1	1	0.9442035721629086	-0.2483618705849704	2	2	0.12119836050275437	4.4085157798834524	1	1
PFAS	0.5818685527788804	-8.431562115747308	5	5	0.13430294003774876	-1.7769910300227902	2	2	0.14865785340943935	-9.448163346589682	2	2			0	0
PFKFB1	0.40266294374946365	-3.8037551810826002	5	5	0.5702369356998382	-0.6511590806167499	4	4	0.9180050252314872	-4.946419233418049	4	4	0.031999957593556984	4.63591484323731	2	2
PFKFB2	0.590429892473969	-1.5003841684997334	5	5	0.7014821047278834	9.15873164199777	4	4	0.5333199842160855	-3.2048676578555937	5	5	0.3179198990433457	-12.823295309494606	4	4
PFKFB3	0.21912122290511848	1.0899907995183316	5	5	0.2016907858830852	-1.4673403661351674	5	5	0.46248758248487876	-9.145937114358855	5	5	0.15514939607263561	3.573648027767563	2	2
PFKFB4	0.6927657961009959	-5.382662389149574	5	5	0.6982640185904311	4.487617210783426	3	3	0.7438608628845441	-0.3769299767217344	4	4	0.9478833410736787	-3.584413570743122	3	3
PFKL	0.9937311995454365	-6.096986102636861	7	7	0.8795980919872574	6.4360485783698165	5	5	0.22672211317785762	3.1071221442106776	7	7	0.6769779484468141	-3.5481609306839252	6	6
PFKM	0.8513957828859106	-9.294404849073452	10	10	0.9159806311999906	12.672156949249233	7	7	0.12243427759316428	-10.011418674860359	7	7	0.2614889143752971	-14.14352768254139	4	4
PFKP	0.9627795234636642	-2.8110908520433444	5	5	0.30502011036829124	12.2572008394931	5	5	0.7493780935689651	-3.1370359157931627	5	5	0.33334265231380633	-8.690401190086844	3	3
PFN1	0.33017502771952645	1.319266850146817	5	5	0.48052522116739704	12.644099230440444	5	5	0.7798403686065293	0.03040979874128687	5	5	0.45297359578785656	-7.834376810804293	4	4
PFN2	0.46471880269789956	-1.680477134796564	5	5	0.9342596937976486	5.023788653615148	4	4	0.6772168269506692	-3.143170060475866	4	4	0.9063393506880174	-3.7612505509335925	3	3
PGA3	0.6720025136117405	-2.050483293479896	3	3	0.16545892578291688	-1.599478891439026	2	2	0.7323604688910117	-0.7764178296889014	3	3	0.505018275524211	2.755345773247286	2	2
PGAM2	0.7675733183860726	-2.2360771571604734	5	5	0.5532273238028054	9.5225023105789	5	5	0.15724360793681924	-9.67880487903248	4	4	0.0707485518547036	-13.152352987438444	2	2
PGD	0.37192472559761924	0.6589900841411339	5	5	0.8864301314071137	5.375216128883227	5	5	0.31427251000011913	-9.382503109206601	5	5	0.717787285813544	-6.36966165562172	2	2
PGGT1B	0.25745554646718816	-8.000720130870663	5	5	0.48585162938057114	8.988536927014817	2	2	0.3622196963040024	-9.125222563929583	1	1	0.09616912006818926	-18.441084031435672	1	1
PGK1	0.18403870640516418	-8.498481533225798	5	5	0.23583242345924338	10.391725892924509	3	3	0.8439044130872685	-1.417587127909851	3	3	0.1904886601224478	-12.05780926445504	2	2
PGK2	0.8568060221914237	-5.070493060837252	5	5	0.9149886544649928	3.011135333005891	3	3	0.19850431393554968	3.3679657734209645	5	5	0.11283625730798515	0.2962470354850438	4	4
PGLYRP3	0.13133367010864544	-9.25885294805543	5	5	0.6596771669656869	8.46773869427145	1	1	0.7649112830177663	0.7639703397674475	2	2	0.8787148714580514	-6.2357362580798466	2	2
PHGDH	0.556538934730302	-8.616817727428238	5	5	0.2116872514371817	-1.605537971928766	2	2	0.9751979622485737	-0.2857888480885338	3	3	0.1696320948941079	3.4969585139041266	2	2
PHKA1	0.43854435803093816	-8.60743174410756	5	5	0.12386570646303387	-1.8755992460337518	2	2	0.7370995340933628	-4.070508925961374	4	4	0.0901424027348411	3.897967973438705	2	2
PHKA2	0.9975177382557646	-5.358869829933245	5	5	0.6817045355351095	5.470597892313499	3	3	0.499123492760142	1.2249475391578108	4	4	0.9270864972393051	-3.2260524472710728	3	3
PHKB	0.5607229698535698	-5.862142538603184	5	5	0.13652475757907007	-1.4075467546030567	3	3	0.48747039090833144	-3.553615069016468	3	3	0.41726130670800565	2.9377431610430946	2	2
PHKG1	0.358743306317734	-8.438625326800924	5	5	0.6637702511666445	3.7311827158437225	2	2	0.15268011222933045	4.281660222306873	3	3	0.10783944423394784	0.8077811093602424	3	3
PHKG2	0.0716551322381904	-9.847172416231965	5	5	0.22124689856261548	-1.9513118187501366	1	1	0.5540428640647717	1.3531638481417643	2	2	0.1714880189307838	4.140711202302286	1	1
PHOSPHO1	0.6208413118993609	-4.512535668882641	5	5	0.9265462741340409	5.495822271692234	4	4	0.4766647055457599	0.7012545987184549	4	4	0.5740209553051443	-0.4595343595448303	3	3
PHOSPHO2	0.11616298265106234	-1.4769939497237015	5	5	0.29237836000836925	1.3088123521600652	4	4	0.26123996201338207	-6.628338391778107	4	4	0.8534450846924276	-1.9447989265984242	2	2
PHPT1	0.44408066090752507	-8.360774303510441	5	5	0.8413974405023548	3.9296079336604404	2	2	0.7168187077101034	-2.7946123228718727	3	3	0.8033789009698898	-7.093903854220667	2	2
PHYH	0.5195824618044114	-1.8288496496037692	5	5	0.14415275867324837	-1.4251586949556263	4	4	0.035015787496013945	-10.306115068711087	4	4	0.5843957357186256	2.9197234106560854	1	1
PI4K2A	0.12975072440757374	1.4817248780858066	5	5	0.19865073110311404	1.6726429501666538	5	5	0.1957307127018736	-9.816674585246352	5	5	0.9807772245834527	-2.7519909002646155	2	2
PI4K2B	0.7818690026260681	0.09576617648260961	5	5	0.26231231033310787	9.84228605500248	5	5	0.5385814349699922	-1.7587917302511966	5	5	0.48060740538231683	-6.962492819530187	4	4
PI4KA	0.4904839998294286	-1.757888979018686	3	3	0.22195788313876263	-1.4241748291465672	2	2	0.069783452625285	-10.09564689536267	2	2			0	0
PI4KB	0.7675732755596335	-5.139078707177238	5	5	0.6571523066131331	3.708073152114821	3	3	0.3672678951495144	-6.00282112083377	3	3	0.29446852463267126	-8.63304715162114	1	1
PICK1	0.8262083488325073	-4.048266526594915	4	4	0.17403797257492537	-1.669316379011219	2	2	0.2904880494315002	3.2714930012384897	3	3	0.07758785698496054	3.593307818420314	3	3
PIGA	0.1881814760424051	-1.740714424675935	5	5	0.28357313610865664	1.4824578635732564	4	4	0.6489439268011166	-2.955524570389613	5	5	0.31098408076107664	0.16379573445406562	3	3
PIK3AP1	0.583044335521634	-8.302476782202763	10	10	0.737696507272813	9.516761395143394	6	6	0.4153662794687881	-9.430546061670098	6	6	0.523724542072301	-10.442635558684904	4	4
PIK3C2A	0.6182145599289124	-4.553647650733217	4	4	0.05595830163576709	-2.4296424461368664	2	2	0.39743389954992847	-5.157014050449405	2	2	0.1446750498084377	4.287688582321581	1	1
PIK3C2B	0.7205141282042609	-5.100239655820048	5	5	0.15195082074946206	-1.3964135871333525	3	3	1.0	-3.570361420017275	5	5	0.08208567204304086	3.57283851159181	3	3
PIK3C2G	0.11279328853992981	-8.24499415001605	4	4	0.05420925926710466	15.272684982201941	2	2	0.11605761116192446	5.978168716788295	2	2	0.3399166751811209	-7.682142141418297	3	3
PIK3C3	0.017294524028710005	-9.594395597128406	4	4			0	0	0.2953479851768257	6.762838870766427	1	1	1.0	0.24557720875724787	1	1
PIK3CA	0.7580862763947523	-2.4434466879319725	5	5	0.7598437280264725	9.351496646248195	4	4	0.3588434018153106	1.4470991811322815	4	4	0.9056756450468624	-6.333137990736151	4	4
PIK3CB	0.3620108064002603	0.8186379539213601	5	5	0.25864544596232786	0.5526190715048447	5	5	0.6955474919301725	-1.851406604020024	5	5	0.1154209856940596	3.65543649663433	4	4
PIK3CD	0.6164552554061412	-0.1300536460459761	5	5	0.7065208124412616	10.335308167960731	5	5	0.7252841894979406	-1.199476107606049	5	5	0.8248157640265374	-10.1624198946464	5	5
PIK3CG	0.936110478474486	-4.64750876813368	4	4	0.17403797257492537	-1.6941166933729326	2	2	0.09117921788314157	4.607519043876134	3	3	0.007080365637750265	4.85767113309694	3	3
PIK3R1	0.29731679237858344	0.6273503720718403	5	5	0.6968937973463829	6.8928516383201455	5	5	0.9872559515390521	-5.241603235435594	5	5	0.986494196268114	-6.838262073995048	4	4
PIK3R2	0.7030469966845542	-5.408669729998593	10	10	0.5345686456722503	10.718943342577594	8	8	0.21819730138546523	-9.821316842425833	8	8	0.09430923558443134	-14.897378434201434	7	7
PIK3R3	0.8641386635045638	-3.425745990922099	5	5	0.531361845536493	2.3593080921034155	4	4	0.30116136978010655	-6.077894407514061	4	4	0.7663400909455875	-2.794524948011324	2	2
PIK3R4	0.8058574622301209	-4.33903682475639	5	5	0.19823441645713302	7.2236605774162	3	3	0.8333789191142353	-2.592692607044036	4	4	0.5829597999420405	-7.196449201618048	3	3
PIK3R5	0.6609084332288035	-4.50747253812776	5	5	0.06882610353814839	12.065959803395122	4	4	0.795572536939052	-2.8539660586020137	3	3	0.05157075192027018	-14.071685806825633	4	4
PIKFYVE	0.4749401622082925	-5.372660660041739	4	4	0.13792920199366787	-1.8218716685790834	2	2	0.1315766691717824	-9.493043985145977	2	2			0	0
PIM1	0.7962387620568715	-4.868903858680947	5	5	0.15699694146996565	15.954104893536526	5	5	0.9180050252314872	-2.7563322870525133	4	4	0.20947542390099783	-10.399535001202672	3	3
PIM2	0.42217514575623893	-8.532659530503578	5	5	0.18752321777447734	-1.5050388937481989	2	2	0.579895160505081	-4.494236856825254	2	2	0.26410502382662504	3.7642218128209235	1	1
PIM3	0.2509765393516753	1.1492652776559984	5	5	0.5944908653052882	5.306877606388442	5	5	0.325933369338428	-6.760951022930261	5	5	0.8082903871016894	-7.379697808101209	4	4
PINK1	0.8155056255135527	-0.2712413980117275	5	5	0.3890922442519903	10.436564472536288	5	5	0.7554410518261617	-5.596308671328458	5	5	0.20828273094024297	-11.170479356051914	4	4
PIP	0.8425319151885802	-4.821310577074139	4	4	0.2607011539482684	9.756988604606407	2	2	0.35097872366630734	3.650852552603419	3	3	0.5389301710621042	-4.507041588457788	3	3
PIP4K2A	0.38881779798671123	0.8376498898002823	5	5	0.7520470321080464	9.285294463265286	5	5	0.6092563829615779	-8.995671137861226	5	5	0.523724542072301	-12.492068995447887	4	4
PIP4K2B	0.48005734270335876	-1.5206196776965577	5	5	0.3642197826147223	2.0981215353656064	4	4	0.4547709561319808	-5.603525980566246	4	4	0.8660628631556315	-2.8682606120629175	2	2
PIP4K2C	0.46471880269789956	-8.71963302947288	5	5	0.31705334331983737	-1.172219445796026	2	2	0.9504198839584824	-1.0978980285332713	3	3	0.8408646898041267	0.34498700208353217	2	2
PIP5K1A	0.023713489444854196	-9.78374318771224	5	5	0.394569074237351	9.580560735859063	1	1	0.774638640884611	0.25304015706295857	2	2	0.9041088338302047	-6.595203805402438	2	2
PIP5K1B	0.8348846954256501	-5.674825905770327	5	5	0.25406912816089056	0.812993665006594	3	3	0.4282181834520472	4.176764297187586	4	4	0.0894275912217925	0.8616247985291473	4	4
PIP5K1C	0.5075512066461922	-3.568033972734252	5	5	0.1885317324150534	10.131961426874035	4	4	0.7615191108433252	-2.44153276369946	5	5	0.4749959143995396	-14.046662100208025	5	5
PIP5KL1	0.5075512066461922	-4.287019003728191	5	5	0.07247783771791173	16.659028250488944	5	5	0.2500116982458874	4.011803225938787	4	4	0.2513720651609612	-11.419865880598737	5	5
PIPOX	0.3090030263048408	-8.332259788287368	5	5	0.443721439929032	-0.9325650401985195	2	2	0.014855663947279895	10.234714204671873	5	5	0.004694065995816297	4.546540281452359	5	5
PISD	0.5578922310040773	-8.938119109487902	10	10	0.40133838363960994	8.199082502732082	6	6	0.10075095352840037	-9.603560502078643	5	5	0.33334265231380633	-7.603194086497073	3	3
PITPNA	0.9250295869810164	-2.2729768839293008	4	4	0.8651473251322472	5.310477832437084	4	4	0.06359310163819508	-9.552117140479057	3	3	0.09169818378552001	-18.809061552542875	1	1
PKDCC	0.7486355258963429	-2.586810415810577	5	5	0.7451094432611904	5.280128784898441	4	4	0.5881004272965635	0.6527957548014943	4	4	0.7053899464614647	-2.883619617347422	4	4
PKIA	0.7914408970790019	-2.8955549535822764	5	5	0.2019138881824405	-1.385434919973444	4	4	0.26123996201338207	-6.479331237278063	4	4	0.44546773066825107	2.867096692092371	2	2
PKIB	0.06878624276810702	-9.51425722397916	9	9	0.19513869580206422	12.875624632988442	4	4	0.03270978942732618	10.5683798080306	7	7	0.7998828270934899	-8.305986205983972	7	7
PKIG	0.8641386635045638	-4.913306504965747	5	5	0.518209284259393	6.031863241821561	3	3	0.5397400596317476	1.7190332358800544	4	4	0.7735205110925591	-6.432786637552458	4	4
PKLR	0.9916578107530502	-0.3215014868670551	4	4	0.30136537035113253	7.365200935237039	4	4	0.44325823022615585	-2.570256726530182	5	5	0.3204425120495501	-10.337165587762762	3	3
PKM	0.9468053227303791	-8.527342099462771	9	9	0.3504097321271844	15.558477102682337	6	6	0.881490454108399	3.6297256573933043	6	6	0.4936931829236548	-14.851723757576787	7	7
PKMYT1	0.8808725219135034	-3.9137071727071393	4	4	0.11407256326979524	-1.9209885340702835	2	2	0.5974383652571285	-4.526654935206317	2	2	0.327087439863353	3.5306577206183	1	1
PKN1	0.7258031190529082	-9.005020801505687	10	10	0.3966484500379457	1.8700429259901015	7	7	0.861385263682027	-5.198237019800945	7	7	0.23512131624291788	0.04735481525305296	5	5
PKN2	0.06505822070351608	-9.341295930189107	5	5	0.38379122709431224	9.65237335997367	1	1	0.9644759375975938	-0.19336536776078184	2	2	0.9679675506516953	-6.784762868413104	2	2
PKN3	0.7158625836550816	-2.5608981305421543	5	5	0.6658561515080483	4.775515670455614	4	4	0.7917171442419596	0.10593436245535708	4	4	0.5997482906588206	-3.098321833620492	4	4
PLA2G1B	0.6271293955732842	-7.533319146319566	10	10	0.18861346866237416	17.05159789702692	9	9	0.5206785184963894	-2.776000314212588	8	8	0.17106261211497864	-14.18027669811361	6	6
PLA2G2D	0.5607229698535698	-7.527640072017799	5	5	0.5856729259166228	-0.6997759836677568	2	2	0.7401731767734298	0.30156610530670347	3	3	0.23142589990922313	3.263952885795552	2	2
PLA2G2E	0.368601539056959	-2.2163688473324274	5	5	0.39311585113373126	1.49283837368176	4	4	0.04541903518762438	-11.019164968649443	4	4	0.49990021097284043	-7.187808846424282	2	2
PLA2G7	0.16224471031474275	1.2975996278261208	4	4	0.4696972903564819	1.9024874783834615	4	4	0.22513579796211602	-8.980873788982581	4	4	0.8408646898041267	-6.589629662757172	2	2
PLAU	0.7914408970790019	-3.3610795015270845	5	5	0.767244064632483	2.2510832395313582	4	4	0.5636703129666165	-5.0715893049456735	4	4	0.7419352927113232	-2.8401348057966875	2	2
PLAUR	0.37862661223180816	-6.091738132839315	5	5	0.7487826623978457	2.5678099341186686	3	3	0.6409676544461922	0.5077797835089187	3	3	0.5829597999420405	-0.4886849847524252	3	3
PLCL1	0.39917423971230637	-2.035422550971797	5	5	0.3890922442519903	12.902115737642802	5	5	0.2728121407144075	-6.631014108281526	4	4	0.07928479715834788	-15.090089856115675	4	4
PLEKHA1	0.42759141741542817	0.41228892795911803	5	5	0.7917754662738534	7.371486459412029	5	5	0.2809552951621954	1.894612837381106	5	5	0.7322796897721313	-4.185328047657105	5	5
PLEKHA4	0.556538934730302	-5.31364802629409	5	5	0.052866307068627647	13.45659839496138	4	4	0.5397400596317476	0.4516521530433854	4	4	0.281662634769156	-13.909457453771834	5	5
PLIN3	0.48393466124961637	-1.6757486865661653	5	5	0.9034502746478965	5.536373299111264	4	4	0.3753480848900951	0.8850118669202894	5	5	0.3636353207574934	-2.6681001703667726	4	4
PLK1			0	0	0.12931924184002297	18.5423061918851	1	1			0	0	0.10081282887310952	-18.053697897683282	1	1
PLK2	0.6754205070467492	-8.688268841195468	9	9	0.7296455988524941	16.156686018474627	7	7	0.09657347565982809	-10.342316320214588	6	6	0.08208567204304086	-11.204572836712527	3	3
PLK3	0.6790419600920736	-6.986857396060951	5	5	0.01860776285343201	14.991182995284921	4	4	0.1468202116038187	4.091826559844711	3	3	0.22343138909411953	-14.74402781636356	5	5
PLK4			0	0			0	0			0	0			0	0
PLOD1	0.22739709052243706	-10.11817255882728	5	5	0.8630401869694907	4.422391466023098	2	2	0.24271610139925148	7.384100862494119	4	4	0.7520129166711786	-1.0678994627954694	4	4
PLOD2	0.2748411787025694	-1.8969356582394248	5	5	0.8271586415575614	6.02930672793416	4	4	0.15856139372425648	-9.408002484033702	4	4	0.1505365273074566	-12.300412127987606	2	2
PLOD3	0.8106779486944853	-2.323979816174006	5	5	0.412207644131664	6.703338048662637	4	4	0.24634497221939056	1.4766479244858253	4	4	0.9684931454948266	-4.141221647784864	4	4
PMP2	0.31796415384922627	-8.135763183319387	5	5	0.46299045896034097	-1.3872122945774539	1	1	0.30005051194577903	3.5735571813074887	3	3	0.034661999572770046	4.3297851651636465	2	2
PMVK	0.017609048562664605	-8.729050689408792	5	5	0.13950179234957694	18.204865097626413	1	1			0	0	0.12119836050275437	-17.716256803424596	1	1
PNCK	0.5155557559083246	0.5227088001316482	5	5	0.41832582087637704	9.006438077129447	5	5	0.45281526161029506	-6.535578269908156	5	5	0.2048828143662026	-14.163005100811743	5	5
PNKP	0.908358588491738	-4.797674690034455	5	5	0.9883860222523053	8.065153067654679	4	4	0.009574959224008152	-10.731352409190608	3	3	0.04055675411623375	-17.243672376189842	2	2
PNLIP	0.37526642563989854	-5.998746073791939	5	5	0.9865522952025906	0.251153061785252	3	3	0.41272927993493147	0.8100449402238691	4	4	0.4641144340452932	2.5071700447395737	3	3
PNLIPRP2	0.5276842830601596	-4.058280222110911	5	5	0.6800217115562243	9.056962777229174	4	4	0.21174115256912007	3.981495610953704	4	4	0.5261583564958352	-5.908945668432754	5	5
PNMT	0.7914408970790019	-8.29200524141648	5	5	0.7487826623978457	5.41219599912504	3	3	0.474569311304038	-3.686914729195728	3	3	0.834589352430551	-6.99169517637049	2	2
PNP	0.7604546423953196	-4.292497880244965	5	5	0.651808819761505	9.64005860607934	4	4	0.9504198839584824	-1.87632233363962	3	3	0.6476342266631616	-9.951161679718409	4	4
PNPO	0.5523701790650292	-4.351445054714271	5	5	0.9865522952025906	5.59458381635373	3	3	0.30005051194577903	-3.657216009259392	3	3	0.2782527139138412	-8.22122834572359	2	2
POMC	0.20322285543989416	-7.8150839300812285	5	5	0.07983756329683796	15.750064836112072	4	4	0.7716854048725921	0.12361965165536885	3	3	0.10535511690318651	-14.339102057215621	4	4
PON1	0.688179697089613	-4.6588536583385745	5	5	0.5328674030898859	6.065050365127877	3	3	0.1468202116038187	-4.420925368293202	3	3	0.30017237238335026	-9.279313605111184	2	2
POR	0.5035735396382339	-6.202539677400214	5	5	0.6329646623089908	5.784282158598544	3	3	0.6004962749074738	3.34428141263636	4	4	0.6639393382542758	-4.277822870987893	4	4
PPA1	0.9250295869810164	-4.156485518301566	4	4	0.3255050129228344	6.418586923051163	3	3	0.3431227733275547	1.25626092757896	2	2	0.6193480997946015	-4.175953344209648	3	3
PPAP2A	0.2383618352039545	-7.364712541642896	5	5	0.6036345294692856	7.3040923069931445	4	4	0.9109035476012355	-3.044774345699048	4	4	0.8158285203497877	-2.6685695452341145	2	2
PPAP2B	0.2859297734005435	-1.9758478330012892	5	5	0.04996386860909804	-1.8833503430780094	4	4	0.923649354366945	-2.834675597927722	5	5	0.04408897603883836	3.81101314738803	3	3
PPAP2C	0.06971664638351993	-9.476524585984704	5	5	0.5668356124144751	4.712443662131032	2	2	0.6484021792868002	0.789572392669978	3	3	0.6661707096834564	-3.6716888159758754	3	3
PPARD	0.015109787294252811	2.3565215932362875	5	5	0.09226328593125657	1.503907995164883	5	5	0.13531336712406408	-9.522399370801024	5	5	0.8197190427081433	-6.20219331618904	1	1
PPAT	0.20102204354273379	-1.3397960355578988	5	5	0.25824327399626645	0.7675042750074811	4	4	0.11410392476264065	-9.976141597187683	4	4	0.7663400909455875	-4.730223778066328	2	2
PPBP	0.4312245790918473	-4.190659862906116	5	5	0.3059271438734652	12.49030429709004	4	4	0.32998426568849315	-6.076778697919518	3	3	0.09685963046095863	-13.214206625982127	3	3
PPCDC	0.2937351007435124	-9.01804238992283	10	10	0.20036219272064948	13.776035902880137	6	6	0.7319699078012124	-2.939369234923946	7	7	0.11650573398053414	-11.593932200249824	5	5
PPEF1	0.5776097500948759	-8.344316369106625	5	5	0.8178185521799152	5.345522389043469	3	3	0.22916471986952625	-5.359326288149357	2	2	0.4265444338667359	-7.46802562258069	2	2
PPEF2	0.9528644010536571	-7.93570453431859	5	5	0.9060795621995646	5.186161920238933	3	3	0.46564633812280687	3.425059876453021	4	4	0.8547806205172963	-0.6596934675882894	3	3
PPFIA1	0.46471880269789956	-1.7929028643393712	5	5	0.7159237878916427	2.7016171696833045	4	4	0.16940479755502513	-8.551136897657804	4	4	0.41726130670800565	-7.33464688771997	2	2
PPFIA2	0.5637626550749055	-9.019321877607041	10	10	0.5156209563659471	13.600999436635528	6	6	0.7080188053051885	-3.821549231646156	6	6	0.6639393382542758	-7.755617616873192	4	4
PPFIA3	0.9149960709110393	-9.141295488747843	10	10	0.7555992132635743	9.06571717986862	6	6	0.38882207140908953	-3.0300636455132257	6	6	0.5527564179571829	-10.235534049919227	5	5
PPFIA4	0.22859741001264733	-8.260836105172247	5	5	0.8090992011947153	6.452220339524132	3	3	0.11761788243892926	5.0364339748209845	3	3	0.22078407223331742	-2.572615072386649	4	4
PPIA	0.9355313867659911	-2.618101193092272	5	5	0.9188397521484034	6.842215729849637	4	4	0.6383725272171603	-1.3805305046926053	4	4	0.9063393506880174	-3.5603944521562396	3	3
PPIB	0.5399566309391854	-5.182201598851278	5	5	0.26650620909199285	9.484642843386482	4	4	0.654699394960732	-2.455604210511314	5	5	0.722226814782915	-7.788498653225407	4	4
PPIC	0.9330575556980906	-2.9603588439338036	5	5	0.13632608315917366	10.333026168811598	4	4	0.5516414253094134	-1.4229939960785993	4	4	0.18483545275320257	-9.185111412990564	4	4
PPIF	0.569976438432513	-4.94108082878783	4	4	0.49453005034620534	5.194476384879656	2	2	0.5686920831141384	-3.179542099972228	3	3	0.9679675506516953	-6.850657373247513	2	2
PPIG	0.34137230824638554	-0.03236699922903341	4	4	0.4346862998706067	-1.0478614912184068	4	4	0.7303584933309185	-5.312829500280239	4	4	0.07590415546375788	3.988078440846526	2	2
PPIH	0.11049479004545973	-8.30228143120175	5	5	0.2604357915372295	11.141129818821522	1	1	0.8636045041713492	0.00410705838979375	2	2	0.9168443588408726	-7.331581583446166	2	2
PPM1A	0.9132920730735067	-2.901229069849957	5	5	0.6309687826646742	2.3590362443258144	4	4	0.9607315985272517	-2.164611968334248	4	4	0.19111042344724594	0.4119931414227773	3	3
PPM1B	0.6927657961009959	-3.273779638030545	5	5	0.3521059663418048	12.722241771939375	5	5	0.9821450052699172	-2.5993870994349693	4	4	0.48060740538231683	-10.296974037250607	4	4
PPM1D	0.06535768347852632	-8.389974648214611	3	3			0	0	0.10832286840113707	10.8365846058504	1	1	0.2739766883379883	3.734360443120063	1	1
PPM1E	0.883747905809653	-3.153509456456875	5	5	0.03919179067258116	10.695695763060419	4	4	0.28071896451715694	-8.053969721582723	4	4	0.013245300729257146	-17.178406010263377	4	4
PPM1F	0.02221753467623675	2.1351941750726735	5	5	0.054111392567962484	1.3661312369192544	5	5	0.07361912651635047	-10.086218518808964	5	5	0.8408646898041267	-5.96169723207335	2	2
PPM1G	0.363476690196773	-7.774698441209057	9	9	0.31125312752321244	6.165420823937762	6	6	0.7218870615236705	-2.913830178627798	7	7	0.9278466212777885	-7.035373550102485	5	5
PPM1L	0.9826255130967373	-3.408353099928417	5	5	0.3745702996989678	10.152601202385652	4	4	0.32201555080400157	1.752580306226564	5	5	0.8405170719238915	-10.126905625709707	5	5
PPM1M	0.17201593979594243	1.3999181329413268	5	5	0.8118516238839266	9.33278471356058	5	5	0.8983200688437224	-1.9573116233609096	5	5	0.9325483006907843	-7.624530454046185	4	4
PPME1	0.5861419721859356	-2.283329307735156	5	5	0.32462984430099917	1.9182289117161495	4	4	0.04446244967279563	-9.759551900433555	4	4	0.2927413689959968	-8.001764105986263	2	2
PPP1CA	0.11228308915160388	-8.923239077667304	10	10	0.09211778414972085	17.412373714578976	7	7	0.16244712834095754	2.6659699869394475	7	7	0.4778303400784055	-10.879024005969208	7	7
PPP1CB	0.08833278628076725	-8.122656604225831	4	4			0	0			0	0			0	0
PPP1CC	0.11926156477805623	-8.19149724107539	4	4	0.41666679443437127	9.429182964763951	1	1	0.06359310163819508	6.920430461785831	3	3	0.2956344520033972	0.19112956247625976	3	3
PPP1R10	0.04359898715116259	-8.60430241798762	4	4	0.11069481777350598	19.400269451393903	1	1	0.06689155482792611	9.58956247345234	2	2	0.5469327444768446	-3.168535846780475	2	2
PPP1R11	0.830030029603947	-8.094951987948809	5	5	0.5391364576005482	3.140940447012113	2	2	0.17943769462384374	-5.47978459074147	2	2	0.6322208389509509	-7.498129104229813	1	1
PPP1R12A	0.7300688484310873	-1.3046081649906276	4	4	0.8198738922225053	0.17365976884591516	2	2	0.2938040095744333	-7.998436759917162	2	2			0	0
PPP1R12B	0.20322285543989416	1.1194307043097578	5	5	0.5023260593146306	2.665656473169228	5	5	0.8542572694703717	-2.229948710707746	5	5	0.44958322052773625	-0.4091237464084608	4	4
PPP1R12C	0.1024046878066047	1.5166319018229102	5	5	0.001859467692869604	-2.867023418226637	5	5	0.15283722907652406	-7.500265913302669	5	5	0.053014126879707336	3.7705738460031504	3	3
PPP1R13B	0.7486355258963429	-2.324055124463625	5	5	0.5062131185383894	2.237843423187964	4	4	0.8333789191142353	-2.8726966317536946	4	4	0.5651475592471655	-0.42402152689245004	3	3
PPP1R14A	0.923168884041789	-2.256056012771952	5	5	0.36937250044404735	9.223534445133502	4	4	0.7370995340933628	0.3386312967327685	4	4	0.6076174837814818	-7.886321900487396	4	4
PPP1R14C	0.392251629488766	0.35231837050140796	5	5	0.4385137118628315	2.0960470834854097	5	5	0.5023065588581722	-5.958381716295393	5	5	0.7995594125507082	-3.7691553676947294	4	4
PPP1R14D	0.8494857729355151	-4.115318570950431	5	5	0.9865522952025906	3.131273734604973	3	3	0.3358834772660255	-3.516888135668475	4	4	0.9423762779843172	-6.720723391846098	2	2
PPP1R15B	0.9261061132140724	-4.299357746929489	3	3	0.4394782542048904	9.33494789154004	1	1	0.8005818365381899	-0.42777625735925623	1	1	0.4119522845987731	-8.19146467451953	1	1
PPP1R16B	0.7580862763947523	-4.80020295091256	5	5	0.2707051788540027	12.794555985695458	4	4	0.9038091799800312	-2.5516899874805254	4	4	0.4876566540526557	-13.153067563658333	4	4
PPP1R1A	0.9578211465557211	-1.985159313374347	5	5	0.7159237878916427	2.119221178520114	4	4	0.6955474919301725	-2.4043052039775876	5	5	0.3204425120495501	0.32147063534235415	3	3
PPP1R1B	0.5917455064825378	-2.040020011113676	3	3	0.5300564845074633	2.827269280118859	2	2	0.15226879857942127	-6.079073295350152	2	2	0.41726130670800565	-7.335083101089246	2	2
PPP1R1C	0.7914408970790019	-8.5661889990236	5	5	0.3255050129228344	4.160240561540258	3	3	0.4309265857100093	-3.6960142427844063	3	3	0.664998734069292	-7.241269263357148	1	1
PPP1R2	0.9429565692353546	-5.350542536792157	5	5	0.9507207862589255	5.440019509894408	3	3	0.7637696589047424	-3.051939613556066	3	3	0.4328167340199195	-6.919585786112434	3	3
PPP1R21	0.10361304208341818	1.3174996267970485	4	4	0.5124410706098497	5.119305692176311	4	4	0.07856882474897978	-8.897318158899466	4	4	0.23774939943037998	-10.608622489772316	2	2
PPP1R26	0.9627795234636642	-2.8382483790579673	5	5	0.7451094432611904	2.376886592939423	4	4	0.6383725272171603	-2.2151661704323113	4	4	0.40277651607707676	0.20216837243011346	3	3
PPP1R32	0.5075512066461922	-2.139464323243052	5	5	0.22326506560671733	1.8146082394610292	4	4	0.6319902730624867	-5.815266731716836	4	4	0.4551059809818502	-1.5180169200748286	2	2
PPP1R37	0.04347920327092889	-9.009699843226878	5	5	0.2848292464607334	9.046864442965497	2	2	0.011441549012693645	10.123437044315011	4	4	0.4876566540526557	-0.13115114487316712	4	4
PPP1R3A	0.6973631833490948	-5.496212666651927	5	5	0.9775890450594203	2.824981974719162	3	3	0.32998426568849315	1.1152501759394913	3	3	0.5133369238656149	-0.13847232439990562	3	3
PPP1R3B	0.3957037889090864	-1.7069015991869108	5	5	0.26650620909199285	2.0393837147930394	4	4	0.5280846448265867	-3.898518332534193	5	5	0.5563406378078593	-0.45630873542517314	3	3
PPP1R3C	0.368601539056959	-9.403459294359736	5	5	0.7917324428554311	8.473546882067277	3	3	0.19649974089674382	-5.725838290068942	2	2	0.1505365273074566	-12.528157320235042	2	2
PPP1R3D	0.01872881197192438	2.3128671970398114	3	3	0.7233726617330447	2.3839456338351472	3	3	0.4309265857100093	-3.3742863480454552	3	3	0.8787148714580514	-2.187608301505195	2	2
PPP1R3E	0.054419835290858164	-3.970134112666827	10	10	0.45332421642733156	12.51924579987618	9	9	0.08006752533296407	-10.526490996755365	9	9	0.39704262215457986	-16.861306079185095	6	6
PPP1R3F	0.9528644010536571	-3.0453315094403677	5	5	0.06714106303274249	14.241599276431307	5	5	0.5516414253094134	-5.225440690915142	4	4	0.043136813174445184	-17.94903289997357	5	5
PPP1R3G	0.734530327356215	-2.421750296469279	5	5	0.5768455670526036	5.947194182322467	4	4	0.8755139973744485	-2.867490138360379	4	4	0.8445356641945179	-3.806087484504225	3	3
PPP1R42	0.15691265095367646	-9.053146345621231	5	5	0.13792920199366787	-1.8084343103054517	2	2	0.6423162018150383	0.9033925012228428	2	2	0.034661999572770046	4.28308628590806	2	2
PPP1R7	0.9975177382557646	-3.0493145741005385	5	5	0.20536509453891316	-1.555701264944858	4	4	0.8473770774608975	-2.3978042201795935	4	4	0.07981101478978106	3.584259402907179	3	3
PPP1R8	0.5794793187691918	-7.784342192560625	4	4	0.41666679443437127	-1.5051812138963712	1	1	0.2710756280919997	-9.676353530463263	1	1			0	0
PPP1R9A	0.7675733183860726	-1.8587138142635709	5	5	0.6683101394278768	9.142655691724773	5	5	0.5048247660646756	-5.595068051419407	4	4	0.47361404369612026	-10.225528873681448	4	4
PPP1R9B	0.8251818436098276	-0.30427148685978306	5	5	0.3611371983535192	-1.0244578284633565	5	5	0.8542572694703717	-5.407483775589031	5	5	0.048378914940716056	3.7685112753337506	3	3
PPP2CA	0.08962936870595177	-8.807254045466564	2	2			0	0			0	0			0	0
PPP2CB	0.18818122464385623	-9.739555296132577	5	5	0.68392511889157	4.83592088614866	2	2	0.9010310274577035	-2.3211075364844826	3	3	0.9807772245834527	-6.203884793849387	2	2
PPP2R1A	0.5120286219788256	-9.419965427652212	10	10	0.4233208256542169	4.316312242134293	5	5	0.5057907498436655	0.6819886603739933	6	6	0.1364563680685427	-2.441133367554776	5	5
PPP2R1B	0.08997548869391782	-9.00504602610169	5	5	0.3255050129228344	8.744675528034811	3	3	0.04446244967279563	7.792718076576523	4	4	0.28621897759919535	-2.9536493614852852	4	4
PPP2R2A	0.0066282954351338935	-9.546033375660349	4	4			0	0	0.2632974565257975	8.462313252611288	1	1	0.4119522845987731	3.361536852211068	1	1
PPP2R2B	0.7887481349552227	-8.18879985633892	10	10	0.8074346445132072	7.364208632062358	7	7	0.7421686549847759	-2.9196005982605904	8	8	0.7704498039127591	-7.095949842386912	5	5
PPP2R2C	0.8690336222069996	-0.23239945988574426	5	5	0.5023260593146306	10.909989422977704	5	5	0.10326148592098482	-9.691064987249083	5	5	0.036466973256137854	-12.571191527536472	3	3
PPP2R2D	0.15004174081563085	1.9629498994514079	4	4	0.9806445855755239	9.115447646613333	4	4	0.12765919716189436	-6.661746557501071	3	3	0.14314548677116676	-10.678554069181713	3	3
PPP2R3A	0.6836050357079828	0.4073834090370288	5	5	0.24084468107445367	10.199648904011532	5	5	0.4871653392316776	-5.5673778082740455	5	5	0.07169854049282184	-14.269493328822236	5	5
PPP2R3B	0.8251818436098276	-3.2513608258755355	5	5	0.9342596937976486	5.476319277760976	4	4	0.2534258663688873	1.1025913079575473	5	5	0.7562998120078067	-3.174788549449351	4	4
PPP2R4	0.36301505685678637	-5.808872595198103	4	4	0.35157980337446804	-0.7602842402863925	2	2	0.7941984121647607	0.2604900710821768	2	2	0.3077280768410524	2.592033785748334	2	2
PPP2R5A	0.3522641420139655	-1.0823642637003787	5	5	0.8271586415575614	6.3239031031051445	4	4	0.8263993062385011	-2.1472003478118467	4	4	0.7735205110925591	-6.908968823709723	4	4
PPP2R5B	0.061423343175081434	0.059720028429381955	9	9	0.3233649157641758	9.528401764659925	8	8	0.04394361235971144	-9.778964591826702	8	8	0.28621897759919535	-13.766885516616746	4	4
PPP2R5C	0.22859732172547842	-7.525639034682253	5	5	0.6882611662790502	-0.5720690691455808	1	1	0.416843374448022	-8.743241385712475	1	1			0	0
PPP2R5E	0.5733656784499663	-2.040538768595234	5	5	0.3657068086883736	12.366420447258212	5	5	0.41272927993493147	1.043244764725987	4	4	0.935845282168049	-9.329884391899428	5	5
PPP3CA	0.8494857729355151	-2.2515414606559294	5	5	0.968928919342471	9.050531871205356	5	5	0.10421106056719262	-10.05011402188356	4	4	0.1030180418608657	-12.849592199542075	2	2
PPP3CB	0.6452027375757704	-5.292068991728846	5	5	0.9060795621995646	2.615114335611261	3	3	0.2674872036509863	1.5739309521914817	3	3	0.1579837253808719	0.5300760909599852	3	3
PPP3CC	0.09479309294442109	-8.777867809761837	5	5	0.033225487620299345	15.710903787394345	3	3	0.7073721163385474	2.7101312524417493	2	2	0.033097297323295714	-12.027107204779398	3	3
PPP3R1	0.5155557559083246	0.5407460544240986	5	5	0.5766345598965373	1.4177275087328338	5	5	0.654699394960732	-4.766550499478263	5	5	0.41763748659739	0.07797729128132176	3	3
PPP4C	0.9167283188587771	-4.173998599190353	4	4	0.08328164753933488	-2.098271139037055	2	2	0.5272834456358049	0.597294561554389	3	3	0.05097916766787466	4.217994256505602	2	2
PPP4R1	0.5947321962831491	-5.686915057060133	5	5	0.5377465757896365	8.851576986834575	4	4	0.5981184633989404	2.8599941716464645	5	5	0.8789105686766774	-7.174088253202151	4	4
PPP5C	0.7580862763947523	-4.29902788667729	5	5	0.6982640185904311	5.7020186026730535	3	3	0.6409676544461922	0.4936423826791934	3	3	0.8959888013798673	-3.637116745614096	3	3
PPP6C	0.1057163004587339	-8.767898771247133	5	5	0.33058776195779094	-1.2093042927635675	2	2	0.6062994952056147	-4.503168077553911	2	2	0.4658179681935668	3.1558093114551538	1	1
PPT1	0.6012122916469116	-5.27095520376598	5	5	0.18673218431587135	9.63100494011157	3	3	0.04586627076482021	7.377401390100922	5	5	0.600832625879296	-7.020324349380243	5	5
PPTC7	0.6519149412153662	-1.9901862736862086	5	5	0.06450511376068684	0.7020399021414617	4	4	0.42914109482579255	-3.1860817410035964	5	5	0.5257619439266255	-1.3973933445065758	2	2
PRDX2	0.9749770795677246	-2.38494319275713	4	4	0.5571290120059167	9.767675827158515	4	4	0.8196528357718574	-2.673841332647857	3	3	0.14314548677116676	-8.343609543441765	3	3
PRDX5	0.34585954525067697	-1.0543329574035443	5	5	0.6871474617411502	5.035121233571572	4	4	0.8896440161512097	-2.7728809057281594	4	4	0.9270864972393051	-3.729649420299532	3	3
PRDX6	0.339529638149655	-2.4747935574053583	5	5	0.16374998424918574	9.6245949953175	4	4	0.522875619478052	3.248841764461977	5	5	0.4626457283562708	-8.085771688893123	5	5
PREP	1.0	-4.950380495324719	5	5	0.7917324428554311	2.656750616744388	3	3	0.6772168269506692	0.30728402705300617	4	4	0.5049486807858136	-0.3262067011059286	3	3
PRG2	0.7205141282042609	-6.387191677776804	5	5	0.23583242345924338	-0.7681628982933081	3	3	0.1745951361069107	-6.905105255243099	3	3	1.0	0.08658768499609071	1	1
PRKAA1	0.0606596151477744	-1.4744227007194484	5	5	0.2660149264876922	12.356322212192019	5	5	0.6374959400499526	-2.7260481426648457	5	5	0.11283625730798515	-10.640033871373946	4	4
PRKAA2	0.8739336054079389	-2.8172305633193484	5	5	0.797051849978957	6.2723368549632355	4	4	0.8920028787102289	-1.2020936330993868	5	5	0.8170453009277164	-8.11002117198179	4	4
PRKAB1	0.26940844900654703	-1.6202150557838433	5	5	0.1204968227349804	-1.6144416091008604	4	4	0.21503453991230503	-6.7413659657414895	4	4	0.2782527139138412	2.9119636577658774	2	2
PRKAB2	0.7962387620568715	-5.3448039083447165	5	5	0.9149886544649928	4.972334542598239	3	3	0.427900761827649	-3.4201764212861785	3	3	0.7058164680531573	-6.431453770401587	2	2
PRKACA	0.9925533108661876	-2.60047277880124	5	5	0.5037624576674269	8.216238204558174	3	3	0.9256896551768935	-0.13985937576469806	3	3	0.4551059809818502	-6.876731627321798	2	2
PRKACB	0.0163173988969988	0.008977376584583604	5	5	0.8864301314071137	5.75582628331184	5	5	0.7642617308063044	-2.8335173708778654	4	4	0.9325483006907843	-3.8001228338993323	4	4
PRKACG	0.7991718950978065	-2.857153325069417	4	4	0.17217300469416408	8.051554556053768	3	3	0.20526406425825428	1.5224774986670713	4	4	0.5164030871103127	-7.961239739416739	4	4
PRKAG1	0.9429565692353546	-5.050775407048419	5	5	0.39000691459758685	-0.8485533105760558	3	3	0.23720563282228901	6.539984301089358	5	5	0.0948745291200531	3.7706236149407992	5	5
PRKAG2	0.7112215620282105	-8.503014135731034	5	5	0.07983756329683796	14.505638958590497	4	4	0.23912498275932104	6.608309898122119	4	4	0.9278466212777885	-9.433856115256148	5	5
PRKAG3	0.6790419600920736	-2.0874488551510817	5	5	0.9497043410641458	5.231878337128137	4	4	0.006157262864385987	-10.222413358590147	4	4	0.047280247765872405	-17.024591910914218	2	2
PRKAR1A	0.10774379852452094	1.2174326465102956	5	5	0.5825585145207126	5.6732543935063084	5	5	0.5761247749445226	-5.281230758257894	5	5	0.7046007158919422	-4.1390586800896445	3	3
PRKAR1B	0.034045630029842025	-4.623124347235877	10	10	0.12325542799748886	8.354285335741592	9	9	0.39505392932327554	-3.995693686171469	10	10	0.5068195592420127	-3.950571550480433	6	6
PRKAR2A	0.734530327356215	-5.812387581904176	5	5	0.04508643776524437	16.218194880003306	5	5	0.88464335822412	-2.322804107984941	3	3	0.06412129273176137	-17.652151262165276	5	5
PRKAR2B	0.12356667076669806	-9.759807110846442	5	5	0.9944944666811336	3.9666315603112716	2	2	0.7168187077101034	0.8644747554162766	3	3	0.7736481427740518	-3.0998480227815066	3	3
PRKCA	0.923168884041789	-3.6696982994742844	5	5	0.23072894549266865	10.388597665834599	4	4	0.8194333832563362	-1.8651430413601506	4	4	0.28621897759919535	-10.719091152973105	4	4
PRKCB	0.8058574622301209	-2.8328520063750116	5	5	0.7304678309966427	2.6461635484565513	4	4	0.7036066917205944	-3.3806955120082134	4	4	0.7438000152380875	-1.4632657797282616	3	3
PRKCD	0.48005734270335876	-8.66790060973516	5	5	0.19823441645713302	9.50786917069325	3	3	0.917460989321956	-0.4681670681838566	3	3	0.30017237238335026	-8.306891161253553	2	2
PRKCDBP	0.9330575556980906	-5.200423726762873	5	5	0.5627995691474805	2.046334526712639	3	3	0.5576400844974743	-2.899897334781658	4	4	0.5576741474593854	-1.541433206764418	2	2
PRKCE	0.5947321962831491	-2.1914761848724194	5	5	0.8185719710363678	12.320816733138974	5	5	0.3053659390553347	-6.234115712887643	4	4	0.40684227561527353	-14.084070316662222	4	4
PRKCG	0.6654237100494569	-4.974166627165643	5	5	0.37963088456346916	15.545616580862779	5	5	0.8194333832563362	-2.6447880102383077	4	4	0.14314548677116676	-10.293667920813999	3	3
PRKCH	0.37526642563989854	-7.305290686451698	5	5	0.16521987117199044	9.744623843567995	3	3	0.6241955893425244	-3.5977264996817415	2	2	0.08441262401650118	-11.706756901696716	3	3
PRKCI	0.9429565692353546	-5.5105685832168865	5	5	0.9060795621995646	5.256710740630406	3	3	0.8333789191142353	-0.6017030102006415	4	4	0.9687157558347669	-3.836594070613387	3	3
PRKCQ	0.8155056255135527	-2.843093826098409	5	5	0.6800217115562243	2.124517132098601	4	4	0.24684742415766503	3.653727562176654	5	5	0.37052896909768795	0.45300944008372895	5	5
PRKCZ	0.41151156189521143	-1.1875938381392	10	10	0.6924683457412233	13.29321866121819	10	10	0.684276781654126	-8.621224972802745	9	9	0.8903267410618857	-11.1893145570466	8	8
PRKD1	0.7866509198800523	-5.096688724706932	5	5	0.9497043410641458	7.998379801423908	4	4	0.5397400596317476	3.0401595070018153	4	4	0.9038975488585727	-6.3025176540226475	5	5
PRKD2	0.27703913040807726	-9.606417514932346	10	10	0.7984529001193882	8.861225676721567	5	5	0.5147666652627838	3.917095286106864	7	7	0.4073290266313989	-7.546361314893043	6	6
PRKD3	0.7486355258963429	-2.817278887271924	5	5	0.842310842686326	4.999812846216382	4	4	0.4934566096465861	-3.05837621190455	4	4	0.8700179988420107	-7.410116677692713	4	4
PRKDC	0.2144903497051135	-8.460991545358233	5	5	0.8739012967414189	4.173820317798934	2	2	0.43345537399844136	3.385630668240209	4	4	0.24996883087746158	0.18781706942346302	3	3
PRKG1	0.24335294113063544	-7.825902057225526	5	5	0.14163047056949318	10.710465470656425	2	2	0.9543360619830157	-3.1680390302804327	2	2	0.17467831277558643	-12.307245026557094	2	2
PRKG2	0.7770953165698574	-5.770693651352879	5	5	0.7524653116266203	5.743503487165998	4	4	0.8684635531987298	0.15995654615342203	4	4	0.8547806205172963	-1.4062717471116182	3	3
PRKRA	0.23589356297761477	-1.2323366328276695	5	5	0.6172353737898271	5.167605524184962	4	4	0.17789551900108636	-6.662660855416103	4	4	0.8038348087872224	-6.587326354232069	3	3
PRKRIR	0.16622953774183324	-7.665958138223741	5	5	0.6144610494100067	8.361732756966216	2	2	0.2953479851768257	-9.531111680994242	1	1	0.10563348227890615	-18.01036419369112	1	1
PRKX	0.8494857729355151	-2.5794771528792384	5	5	0.9961285525583008	6.005815810303566	4	4	0.9554171582152255	-3.285940425901844	5	5	0.8959888013798673	-3.8254964864598926	3	3
PRLR	0.6654237100494569	-2.1197366906830433	5	5	0.33425458174009104	1.543565024099032	4	4	0.12917848026801504	-9.35174500531345	4	4	0.7663400909455875	-6.975651765606576	2	2
PRNP	0.4459350397189942	-7.100693761304201	5	5	0.435553009152702	-0.9651328157321677	2	2	0.7637696589047424	0.17056511190778348	3	3	0.08136226093604486	4.041247351407548	2	2
PROC	0.9724705614555305	-8.333614867239108	9	9	0.18665334341511186	5.0639972956353585	7	7	0.10409091151104069	-9.698246557964673	6	6	0.9325483006907843	-4.177208887692477	4	4
PRODH	0.034788004946461684	1.9204600736914446	10	10	0.11712999806508398	9.588005745896025	10	10	0.29058658528477843	-9.631219148054036	10	10	0.6702926838922278	-7.34036229375095	6	6
PROS1	0.28874851402036295	0.9184488432555223	5	5	0.6125957104422683	8.772645272539853	5	5	0.6896542036731921	-3.245291495449561	5	5	0.8326580729827655	-10.457211537924158	5	5
PROSC	0.42759141741542817	-5.4351192319742685	5	5	0.22326506560671733	12.879614493220153	4	4	0.4711377521157304	3.0025550664616216	4	4	0.7247211067927128	-11.196313641282728	5	5
PROZ	0.883747905809653	-5.1319068611732215	5	5	0.12233626149408068	-1.512684121948735	3	3	0.565272962075724	3.6212225759613275	5	5	0.17747086516911392	3.4584481349908613	4	4
PRPF4B	0.5511382501072533	-6.835127008084486	1	1			0	0			0	0			0	0
PRPS1L1	0.5523701790650292	-4.780566104663001	5	5	0.025296457256517284	13.158418083353643	4	4	0.1866990557881545	3.852426075399583	4	4	0.18860146752112095	-8.152841843792173	4	4
PRSS1	0.8565224172336185	-8.429197220369304	10	10	0.20800769899811755	13.10044491632768	8	8	0.7547805482881377	-3.1364099687178193	9	9	0.7800506860754636	-8.797322551198866	6	6
PRSS2	0.7937922649584062	-3.9873024298200654	4	4	0.8727855683308529	11.422941561123267	4	4	0.3897064660022522	-3.630427891643016	3	3	0.1696320948941079	-12.364536844669493	2	2
PRSS3	0.3779101629250734	-8.510368783977937	4	4	0.32377447845990626	9.385078893688974	2	2	0.1251262535384115	-10.68936482580922	1	1	0.21002927335256394	-16.570306380101805	1	1
PRSS8	0.8397456615414245	-5.087714637459347	5	5	0.6899657210501795	5.678985374268677	3	3	0.1957307127018736	4.810704487784301	5	5	0.5687432323270151	-3.1690711808189	4	4
PRX	0.9578211465557211	-4.327782459845824	5	5	0.4549198007785964	-0.692457418861709	3	3	0.3975773540496427	0.774969624018102	4	4	0.0353126405371596	4.098013795849597	3	3
PSAP	0.6252408886473814	-1.6459281418359353	5	5	0.1579563727234552	-1.5552170947042676	4	4	0.026111417804633094	-9.768712411579262	4	4			0	0
PSAT1	0.18403870640516418	1.5238347783192643	5	5	0.28898491052723385	10.541383425875832	5	5	0.9363447250963816	-3.3645168098141194	5	5	0.2042318760697932	-8.024391879609434	4	4
PSKH1	0.08039213145781503	-9.809220018199534	5	5	0.6571523066131331	7.9622628624589735	3	3	0.09521981044693473	4.749843945427192	3	3	0.3636353207574934	-5.465981597362894	4	4
PSKH2	0.15691265095367646	-1.8006191590753577	5	5	0.8271586415575614	5.808937339926421	4	4	0.6662718191217996	0.8583051053025098	5	5	0.9954978743064465	-3.6469603931544285	4	4
PSPH	0.8019904968935899	-8.488036806904985	9	9	0.4334149120904912	5.5673715782974185	5	5	0.3378719239033605	-6.409506333066588	5	5	0.73919931021022	-7.330578716865086	4	4
PSTPIP1	0.10911243817282819	-8.878712132399562	5	5	0.8956929321458129	7.626592563949791	2	2	0.5971344532108822	2.5962897964886973	3	3	0.5133369238656149	-3.3666841406096446	3	3
PSTPIP2	0.9182289012525874	-5.311768563876218	5	5	0.24225447744842854	12.31301575265695	4	4	0.7013933439483151	-3.398825296321753	3	3	0.18860146752112095	-14.386013099000557	4	4
PTDSS1			0	0			0	0			0	0			0	0
PTDSS2	0.2144903497051135	-8.536678573415127	5	5	0.1885317324150534	16.466357570418225	4	4	0.043323118644350164	8.830837603086518	5	5	0.8248157640265374	-8.751680508352969	5	5
PTEN	0.365296891391101	-7.64440296835962	5	5	0.797051849978957	11.604825416251444	4	4	0.3449515193163134	2.38226259968229	4	4	0.7562998120078067	-7.122842366301704	4	4
PTGDR	0.30605338641965163	-1.9991109822908364	5	5	0.39387626711133283	13.333176625465422	5	5	0.9393464853936712	-2.021058999496505	4	4	0.6076174837814818	-10.815931464365471	4	4
PTGER1	0.3426852488164457	-8.604006495295208	5	5	0.08455847746142263	12.729727676293516	3	3	0.45662666295620913	-3.852035712021467	2	2	0.042732318345403274	-13.89238823641366	3	3
PTGER2	0.37192472559761924	-1.9721665660755086	5	5	0.33425458174009104	-1.1870576371816164	4	4	0.6576791205922384	0.7059227214376925	4	4	0.15668928629155968	3.4642398329990733	4	4
PTGER3	0.42397614525139593	-1.659638802382365	5	5	0.16083346891723704	-1.3874439599789035	4	4	0.5758241925781689	-2.8945016351593242	4	4	0.289638945955366	2.8718969394154343	3	3
PTGER4	0.7988262078407535	-5.882970844817879	10	10	0.9000747683989127	10.844315186101866	8	8	0.1829925762715442	-10.057116070208162	8	8	0.11418195679074566	-14.252681842554962	5	5
PTGFR	0.38827654212940266	-9.293817103648355	9	9	0.7454858949282303	9.271674076502878	5	5	0.7615191108433252	-2.7282155555669996	5	5	0.7137909585758364	-6.83759713553491	4	4
PTGIR	0.7019717081980577	-2.3036489173815196	5	5	0.5968850098355618	5.217693090194743	4	4	0.6193080669832095	0.7401845375167864	4	4	0.4132554870420113	-2.906249078298192	4	4
PTGIS	0.734530327356215	-2.701051792369796	5	5	0.5062131185383894	9.37570074164588	4	4	0.7716854048725921	-1.8843096951206595	3	3	0.6566938352336994	-6.830237880108598	3	3
PTGR1	0.5317592123415387	-5.956466032912214	5	5	0.6249869088273721	6.235705789077368	3	3	0.7574424504536748	0.3694966511286042	4	4	0.6852839181983256	-4.223223250740631	3	3
PTGR2	0.6836050357079828	-1.8282308002616408	5	5	0.9034502746478965	2.4325424552371793	4	4	0.17220059720353498	-7.243881955615099	4	4	0.5133369238656149	-4.486962037954083	3	3
PTGS1	0.908358588491738	-6.615774779747073	5	5	0.4346862998706067	9.367233092709675	4	4	0.46818977533567774	-3.2978264402401156	3	3	0.30787314950254463	-7.675486997246569	3	3
PTH	0.031086498399149204	-8.739637945330642	5	5	0.13433593034927574	18.33793092165807	1	1	0.2065996579445707	9.440910775879065	1	1	0.8787148714580514	-6.670355506432607	2	2
PTH1R	0.8788384283728083	-2.9407074037261274	5	5	0.46375607361944093	-0.3777188448364613	4	4	0.9393464853936712	-1.6942828852652143	4	4	0.22908579873911206	3.122102135706283	3	3
PTK2	0.5075512066461922	0.219957677523025	5	5	0.872775004734877	5.363825341423855	5	5	0.4673666335367982	-6.027538147402814	5	5	0.8082903871016894	-7.448274346371725	4	4
PTK2B	0.48005734270335876	-6.1220879453222805	5	5	0.12233626149408068	-1.5265498561899722	3	3	0.8473770774608975	0.41472141539981733	4	4	0.12613002386675565	3.3684463894959946	3	3
PTK6	0.1774111511150237	0.5952209700259637	4	4	0.3151873523507621	2.4914076441604878	4	4	0.020663893407400196	-9.974976026836606	4	4	0.09616912006818926	-18.551561828091746	1	1
PTK7	0.5607229698535698	-4.332448424054665	5	5	0.5000252127677114	8.748209943384191	4	4	0.7169391818293538	-2.073654733052309	4	4	0.43594688289199346	-7.198223243947541	2	2
PTP4A1	0.5195824618044114	-2.1611605256212414	5	5	0.13129331347928347	9.842369391463423	4	4	0.5697317910937402	-6.066762614154808	4	4	0.061803458499762806	-13.43058269101803	4	4
PTP4A2	0.26623444831631715	-6.023882975481906	4	4	0.31705334331983737	-1.2924766348773948	2	2	0.3954437625213312	1.2481860321784801	3	3	0.03606249017540725	4.484117751665611	2	2
PTP4A3	0.6474370052868004	-4.903092145718219	5	5	0.6571523066131331	1.7628987264716869	3	3	0.8159556481796426	-0.32614609165480357	4	4	0.39546642589326464	0.45716238411724613	3	3
PTPDC1	0.6654237100494569	-3.4941316533179	5	5	0.04064563894241963	14.20334927405861	5	5	0.3753480848900951	0.8684520049566101	5	5	0.11650573398053414	-11.763637794722234	5	5
PTPLA	0.19452402881540354	-1.1572981449015287	5	5	0.49136071381051816	11.414739320097995	5	5	0.04541903518762438	-10.106880795369912	4	4	0.04638855816736513	-16.193206298453354	4	4
PTPLB	0.7818690026260681	-7.6556639803166675	5	5	0.9614759412019189	3.9593130386771485	2	2	0.11050205252114567	4.672084364197723	3	3	0.11670352536619152	0.7122870488337082	3	3
PTPMT1	0.6927140354245271	-2.7430704725162283	3	3	0.33058776195779094	8.500237963146514	2	2	0.37665324959394453	2.3119158206949666	1	1	0.8913979296231909	-6.315256386320424	2	2
PTPN1	0.29731679237858344	-1.6392771187941797	5	5	0.4817049394434679	1.7724317634911066	4	4	0.5456746483060118	-5.882080859554815	4	4	0.9374795878480127	-3.506914309390421	3	3
PTPN11	0.9776625269673598	-2.740472722489137	5	5	0.1551184301555697	9.745806905736409	4	4	0.1291574851344011	4.9624186451531465	5	5	0.975919655713715	-7.293233746019252	5	5
PTPN12	0.36670394365712744	-5.169849625135385	4	4	0.7249049401229793	5.034567875434812	2	2	0.27102148905811996	1.8286400208681168	2	2	0.6128674230723354	-1.63466838018693	2	2
PTPN13	0.21220155604995794	0.20971517918205076	5	5	0.6035125838103436	2.7632752459201604	5	5	0.9872559515390521	-0.023572641506038976	5	5	0.7322796897721313	-1.4036304353508815	5	5
PTPN14	0.03359886995654609	1.7929792796648354	5	5	0.7259146806302323	6.045417926790733	5	5	0.8920028787102289	-2.868654027019176	5	5	0.9774922380570643	-3.6289448009838217	4	4
PTPN18	0.9288338035528174	-6.376473077461632	10	10	0.559252148607309	12.755344757110832	9	9	0.9977751140285686	-3.324149786509641	10	10	0.8924542742376055	-11.010598548759042	7	7
PTPN2	0.5649221778637004	-5.1821389867113234	5	5	0.3838407081788807	6.3249544785729945	3	3	0.45281526161029506	3.387474636434844	5	5	0.6149078051153635	-7.349343066094884	5	5
PTPN20B	0.6471140456136576	-9.19620836810518	13	13	0.15113468557900747	6.000877857995086	8	8	0.7462685883228226	10.974978257416302	11	11	0.8871467904408338	-6.499475766951473	6	6
PTPN21	0.3149584992619813	-1.3704040999510487	5	5	0.5000252127677114	9.968029918243424	4	4	0.5438687900617415	0.2917025598661616	5	5	0.9038975488585727	-10.92926666596774	5	5
PTPN22	0.9527543760758079	-5.462028628086635	4	4	0.9507207862589255	5.568591444455042	3	3	0.5616839814055834	0.6531608499281467	3	3	0.5576741474593854	-1.7165575847948058	2	2
PTPN23	0.22121558289391008	0.9800384289126898	4	4	0.544169601042237	2.242281101910585	4	4	0.34039815058774403	-5.809915615338277	4	4	0.7636590663535476	-4.289337785031982	3	3
PTPN3	0.9578211465557211	-3.1131594136399734	5	5	0.7746656876166776	2.282113360306528	4	4	0.5456746483060118	-4.667504799075792	4	4	0.9895695423486784	-3.4113154898406264	3	3
PTPN4	0.13133367010864544	-1.5227663143931685	5	5	0.3904331458078071	1.7241580372388243	4	4	0.34954354710873303	-6.390538769022464	4	4	0.9167058325394901	-3.4124470606891038	3	3
PTPN5	0.6836050357079828	-5.645697355719299	5	5	0.9419792903008283	4.9507593538655685	4	4	0.38401238685923	3.9013796950553234	5	5	0.459796725216709	-0.05524154991764293	4	4
PTPN6	0.11761514055512526	1.6352691789514247	5	5	0.29293943716077375	-1.427219817637057	5	5	0.18758049894940998	-10.429528321814521	5	5	0.32321396863140195	3.014298058236087	2	2
PTPN7	0.1966726850261703	-0.4289779540372409	5	5	0.20536509453891316	1.949596256211315	4	4	0.41987665753795556	-3.3731918827699547	5	5	0.8660628631556315	-2.6594496038849527	2	2
PTPN9	0.19452402881540354	-9.480711507757606	5	5	0.3374931419415075	8.861068253413947	2	2	0.3926021919996281	4.679655805837069	4	4	0.6721525719831534	-9.204632383518714	4	4
PTPRA	0.237412139127802	1.233554767381573	4	4	0.23072894549266865	1.5527734886176894	4	4	0.8263993062385011	-2.2825676926149794	4	4	0.3882370910564902	0.15877332024097543	3	3
PTPRB	0.5890558939614949	-4.089596800231179	4	4	0.10788979472865261	-1.868785299235812	2	2	0.7263854305002966	-0.5377828013095961	2	2	0.39905634628380304	2.9024541541174758	2	2
PTPRC	0.18506792887696222	-8.263845996039665	5	5	0.38379122709431224	9.619972850614257	1	1	0.45945773197871276	1.595962175509966	1	1	0.7844784035957554	-6.452751200724526	1	1
PTPRD	0.1719945062816548	-8.719641282307494	10	10	0.0939495552336808	15.576603173834846	5	5	0.5576400844974743	0.29560118641540906	4	4	0.2431512790536685	-14.726332485238016	5	5
PTPRE	0.4471094536730903	-9.425788995002742	10	10	0.8466136911398054	13.698627088099778	8	8	0.7233027581306	-2.9773072910144727	8	8	0.6912582948946397	-17.842132941167353	7	7
PTPRF	0.5155557559083246	-6.0634219662843565	5	5	0.9417756252234913	5.4564153435629805	3	3	0.787587630914137	0.3151042440872494	3	3	0.9374795878480127	-3.570051625095966	3	3
PTPRG	0.9677393402932807	-2.0372651803860573	5	5	0.16670596223046596	-1.2896562321134997	4	4	0.7917171442419596	-2.129870567126332	4	4	0.019965467168473763	4.108038382680846	3	3
PTPRH	0.19883867151871037	-8.406049794998637	5	5	0.4025186582909055	8.555128631238754	3	3	0.5547179011671135	-3.3990981856180897	3	3	0.13732463494998964	-12.77429748736885	2	2
PTPRJ	0.5317592123415387	-1.7415498247066752	5	5	0.6004986291119487	12.87724137545643	5	5	0.932227058920732	-0.6720611949701641	4	4	0.3442551995973304	-11.292986071523686	5	5
PTPRK	0.14264093519953877	-4.878211500143092	10	10	0.2527576706274719	9.94853185398223	8	8	0.9061746707700898	-2.7184752821600964	9	9	0.3753800966828469	-12.500734481834437	8	8
PTPRM	0.48005734270335876	-5.67164729757062	5	5	0.10406176663895325	13.836402943110611	4	4	0.19298562339297642	4.401624520343484	5	5	0.7171892582004387	-11.131209725059447	5	5
PTPRN	0.7564225312166875	-2.2286624787443166	4	4	0.9535686617029384	5.277185889901286	4	4	0.8263993062385011	-2.5925667746497782	4	4	0.5217971521146411	-4.334280100279751	3	3
PTPRN2	0.830030029603947	-3.6224963216410866	5	5	0.4066975841122953	2.346071241839096	4	4	0.9426986887903109	-2.2457920891622236	5	5	0.9594980633084279	-4.07226447745013	4	4
PTPRO	0.9972192252159523	-2.7669859081672903	4	4	0.4025186582909055	6.400331051774849	3	3	0.8967224831732554	-2.623950704065843	4	4	0.8445356641945179	-6.726290483366866	3	3
PTPRR	0.32403221939848137	-8.65011318206634	5	5	0.3423673177460389	9.174918661538483	3	3	0.6709144732057518	0.2584746865606106	3	3	0.3641108545439745	-7.718378864496962	2	2
PTPRS	0.7019717081980577	-5.205645871346362	5	5	0.2185418330612916	7.124052759622562	3	3	0.5616839814055834	-1.1038495221730793	3	3	0.7339331001497869	-6.656642807415877	3	3
PTPRZ1	0.10638878754203099	0.5444204292932365	5	5	0.1446962403447562	-1.5872643407702298	5	5	0.06861914271654798	-10.05852472939443	5	5	0.29446852463267126	3.7015833527954216	1	1
PTS	0.1428367211541874	-8.632093950827885	5	5	0.04939984878706565	16.02281749514717	4	4	0.9834638284241243	-1.093255429666569	3	3	0.04548181333136105	-14.299511984168674	3	3
PURA	0.5520517037233391	-10.432923866309684	10	10	0.3766958057034937	9.497138600620382	7	7	0.7659694346372626	-2.547894222116188	8	8	0.42384609787540606	-14.407232009783487	8	8
PVALB	0.6927657961009959	-3.6343002404219593	5	5	0.5250157796189969	9.846720214835008	4	4	0.9964287148841453	-3.0531679027594927	4	4	0.6101583166143778	-7.112800099484972	3	3
PVR	0.5281584573570707	-5.496825108650676	4	4	0.06175075955142432	14.709945027587324	4	4	0.43701494174546796	1.0936069440042402	3	3	0.2887757538082455	-12.659155802736421	4	4
PXK	0.8592489134569401	-4.560223611508316	5	5	0.25824327399626645	3.996671619891009	4	4	0.31389136262662753	-3.62931616165953	4	4	0.4101670005354886	-2.797553833233033	3	3
PYCR1	0.9281118320888259	-2.1618395525376863	5	5	0.5636646120066344	2.065376752818285	4	4	0.8825743359168742	-2.773015311549179	4	4	0.6852839181983256	-0.5207637260908639	3	3
PYCR2	0.08202036775095813	1.3167859897647607	5	5	0.3657068086883736	9.829039844721528	5	5	0.9872559515390521	-2.371910790752081	5	5	0.35987349101495014	-10.6891856996368	5	5
PYCRL	0.9132920730735067	-2.8902163057721117	5	5	0.2461848323371547	1.0678434058076114	4	4	0.7133367575572903	-2.8042629563099535	5	5	0.8753424576431064	-3.3559266881438163	3	3
PYGL	0.48393466124961637	-7.244353442353489	5	5	0.26650620909199285	12.33893123315145	4	4	0.5899634209637099	0.4656091545947732	3	3	0.2721463993628561	-8.042717922635505	3	3
PYGM	0.695063033132191	-8.865600690470382	5	5	0.4194790066791383	-0.9736818605023245	2	2	0.8601562543221831	-0.12173079451965892	3	3	0.2507602126262475	3.2721535302746787	2	2
QDPR	0.13487605258194124	-8.557145770285052	4	4	0.303887548276054	9.439431153595297	2	2	0.2630415691746236	3.650159903808118	3	3	0.9807772245834527	-2.351606233414382	2	2
QPCT	0.1881814760424051	-9.185435911218752	5	5	0.20668270488833484	12.466170791658334	2	2	0.9644759375975938	-0.491648652967589	2	2	0.3465732279127026	-10.320077336893393	3	3
QPRT	0.3857511474442018	-3.3816368802367145	9	9	0.8254113037790042	13.045988541654559	8	8	0.03496493632084012	-10.639299196850887	7	7	0.09599871887362384	-14.453806908052401	4	4
RAB5A	0.923168884041789	-3.9568007683224145	5	5	0.18673218431587135	-1.5777277393502953	3	3	0.06622581715221589	7.2809144556144965	5	5	0.004136532341398234	4.610882669388135	5	5
RAB7A	0.46471880269789956	-1.52298603001759	5	5	0.7784667873558294	8.741394771031246	5	5	0.2969955373373563	-9.24992882220702	4	4	0.23418629399159607	-10.42887370052297	3	3
RAB8B	0.09116101408421719	1.4943444566581456	5	5	0.6557559905733703	6.242724084335731	5	5	0.4673666335367982	-6.85931673779951	5	5	0.4262600961757588	-7.799770524941203	4	4
RAB9A	0.08649321739795886	1.1253255449946262	5	5	0.4540153167223189	9.122854862767985	5	5	0.7312832912918584	-4.8202628808211605	5	5	0.3047578096938506	-12.371858269209381	5	5
RABGGTA	0.38031353874883633	-6.615189849150068	5	5	0.9944944666811336	0.6325650980797168	2	2	0.9917314702323718	-1.5934957500270126	3	3	0.8732478202697368	2.1977486836666325	1	1
RABGGTB	0.4963750833440499	-7.224169298830385	1	1			0	0			0	0			0	0
RAF1	0.3722808274503919	-5.560731640242596	4	4	0.8522049025367457	4.84769658564232	2	2	0.8736195502675974	-3.2218547383538345	2	2	0.7844784035957554	-6.397798403051378	1	1
RALA	0.5482168078588079	-0.09857337016006389	5	5	0.6186843620292639	10.771687165696626	5	5	0.3181285967534234	-9.17125285394338	5	5	0.08208567204304086	-11.170857200937016	3	3
RAMP1	0.8739336054079389	-2.465422969358671	5	5	0.7159237878916427	5.012509306200202	4	4	0.17968358067109091	4.310829523961222	5	5	0.3813781926984462	-2.7754771797776896	5	5
RAMP2	0.830030029603947	-2.2453373289618166	5	5	0.37981308104755496	2.102485508704637	4	4	0.3028894226852268	1.4891619633025577	5	5	0.1286863568197103	-2.0054582632039866	5	5
RAMP3	0.788422427454973	-3.049788169235089	4	4	0.4685963017685939	6.415015493863449	3	3	0.8358028949108604	-2.353646471309084	3	3	0.3556827490835114	-7.7886285654561656	2	2
RARG	0.3443675448240645	-9.247168967600214	9	9	0.8253056747074253	7.9858204412649165	5	5	0.5176931064800696	3.3184638341591683	5	5	0.6372654943902571	-5.808366080719608	6	6
RARRES1	0.365296891391101	-2.4591661433546292	5	5	0.3151873523507621	1.7094241747997614	4	4	0.7433305842988305	-1.2386653620949233	5	5	0.25202305813534265	-0.9743990190417021	4	4
RBKS	0.2144903497051135	-1.7831863940815573	5	5	0.023453943697252483	-2.361823967404827	4	4	0.20130654449149732	-4.085856432934176	5	5	0.10645543486541928	3.861017793467261	2	2
RBP1	0.4956678495492892	-7.852573369263787	5	5	0.025296457256517284	15.74425459944563	4	4	0.4721637341400148	-4.772872587567331	2	2	0.007868330746952944	-18.493517496237065	4	4
RBP3	0.5607229698535698	-1.7002406279437237	5	5	0.6309687826646742	2.4984653470105305	4	4	0.5163294725300376	-6.329668289645821	4	4	0.4265444338667359	-1.363062435565511	2	2
RCVRN	0.6362980664063271	-4.000931665053089	5	5	0.5768455670526036	4.6967002893238785	4	4	0.5221323828773468	-3.7236411155355627	4	4	0.8283248036226699	-2.6814990773003298	2	2
RDH12	0.26940844900654703	-8.76769130560428	5	5	0.9944944666811336	4.139016881779932	2	2	0.13027086800429313	4.047871097592507	3	3	0.2553911319624397	0.30245057655078256	3	3
RDH13	0.4381493886004133	-9.674498370402544	9	9	0.9551318744140536	10.556174331506647	5	5	0.3586090261576331	3.5232693615440898	8	8	0.6542630495489816	-10.90154265547797	7	7
RDH14	0.5649221778637004	-4.419540513629862	5	5	0.7573152357135455	4.897220488005176	3	3	0.9038091799800312	-0.9138861944882919	4	4	0.6566938352336994	-2.9464241910422664	3	3
RDH5	0.9034286361076764	-8.160299183023715	5	5	0.5575271416393679	-0.5361590639793548	2	2	0.02324946661656784	7.801399851752262	4	4	0.014555684900887612	4.354171074887169	4	4
RDH8	0.3974366406910167	-8.168604150178668	5	5	0.37773454538502194	8.916064175164431	3	3	0.49600567729587053	0.8834788596456651	2	2	0.6010295810233537	-7.5242717991777885	3	3
RDX	0.297378192327181	-4.0838701620159545	4	4	0.826560501188073	-0.04333893566233371	3	3	0.9339262784094127	-2.658375857370426	3	3	0.3726627233478227	2.7339773091505855	2	2
REG1A	0.13293154695133905	-8.118803240989186	5	5	0.1425435119118212	12.11970698856055	3	3	0.9340801021194987	-0.030957180654687555	2	2	0.3465732279127026	-10.314160133408206	3	3
REN	0.084232767131858	-9.032606319540326	5	5	0.17376037847253	-2.1641442960613038	1	1	0.17534957940140028	5.847481844379159	2	2	0.04910048240756749	4.1640716482345255	2	2
RENBP	0.6252408886473814	-5.175462160902766	5	5	0.7573152357135455	2.360124088113609	3	3	0.3098205846084544	-3.617521996542014	3	3	0.6016371484058185	-3.3096234943202245	2	2
RET	0.829255688354045	-9.141833485354098	10	10	0.270343201402386	4.631814352002817	7	7	0.7092621533757038	2.7685882356367473	8	8	0.18184577411390035	-2.62575295994137	7	7
RETSAT	0.07985533312379345	-0.34307619574626136	5	5	0.8347270723817914	5.136695667954208	4	4	0.4673666335367982	1.6571200649312559	5	5	0.3047578096938506	-6.0743968995570805	5	5
RFK	0.26940844900654703	-2.3215347137517344	5	5	0.3591122362277068	1.9206994354219795	4	4	0.2969955373373563	-5.576511289798025	4	4	0.6241893432561293	-3.4767558165042862	2	2
RIOK1	0.34849294658038776	-6.176689240574092	4	4			0	0	0.10441430358541133	11.12344743381785	1	1	0.1939212047781408	4.0221389772692495	1	1
RIOK2			0	0			0	0			0	0			0	0
RIOK3	0.753356281883896	-7.376217495607012	5	5	0.9417756252234913	5.140935604920243	3	3	0.9504198839584824	0.0011445968108385791	3	3	0.6472718678263668	-4.096700642221484	3	3
RIPK1	0.20721430737848223	-7.5355595173349315	10	10	0.10392309990305655	1.874137217191531	7	7	0.6768893662730343	-4.372709870293286	8	8	0.2699063808711176	0.14051098694955075	6	6
RIPK2	0.08703885091041141	1.5369293892052671	4	4	0.5702369356998382	6.616560916687796	4	4	0.6772168269506692	-3.1352928654851873	4	4	0.27614361519134034	-8.07880720283419	4	4
RIPK3	0.908358588491738	-2.654917714258297	5	5	0.23072894549266865	-1.4676724829324563	4	4	0.17503077331707562	-9.26020828054049	4	4	0.5843957357186256	2.929517711959023	1	1
RIPK4	0.12975072440757374	-1.4353545006784334	5	5	0.7324192840612771	8.323305614170108	5	5	0.5438687900617415	-1.533248665702093	5	5	0.48060740538231683	-4.895966805817358	4	4
RLBP1	0.8698854457911906	-5.275379086656018	4	4	0.5328674030898859	4.9970760777327765	3	3	0.9834638284241243	-0.5106888829451867	3	3	0.8660628631556315	-2.604801808353733	2	2
RNASE2	0.4996123925711774	-9.178808427814126	5	5	0.3104243728495618	-1.3129806712959669	2	2	0.48747039090833144	-3.4005522984092007	3	3	0.29446852463267126	3.6657022042973297	1	1
RNASE3	0.12662931077440837	-9.370526895232528	5	5	0.09911650242301573	14.043337299491238	2	2	0.745568822784374	-0.9654082366780568	2	2	0.053014126879707336	-12.021002602460221	3	3
RNASE4	0.734530327356215	-2.253998105910019	5	5	0.5506305425088582	6.050970209705517	4	4	0.9750050102778275	-2.381469189328476	4	4	0.9374795878480127	-3.5810644674747323	3	3
RNASEL	0.7019717081980577	-4.005082974746903	5	5	0.9574341219700276	5.495554441541394	4	4	0.2704028570308369	3.0380682082440518	5	5	0.3124824587803954	-0.15240622736179668	4	4
RNGTT	0.5892273600978339	-6.612734586748038	1	1			0	0			0	0			0	0
ROCK1	0.5155557559083246	-1.4244997317777717	5	5	0.7586261369029429	5.304245493974547	5	5	0.1271545877355238	-10.567402771424124	5	5	0.5469327444768446	-3.3282463990981612	2	2
ROCK2	0.7065912187837	-2.9607444654363113	5	5	0.3294194401213737	10.113284514592744	4	4	0.6604754577448618	-2.863289579229947	5	5	0.10780381952925712	-14.257149058466664	4	4
ROR1	0.19239264674228174	-7.272177961532403	5	5	0.90661939510372	4.586061821049279	2	2	0.04446244967279563	7.062385046382779	4	4	0.04516379366805567	0.8078610449676074	4	4
ROR2	0.8886618518901277	-8.18732763393301	5	5	0.4617297748757533	7.766318122851609	3	3	0.7438608628845441	1.8488649815824516	4	4	0.8346227285087845	-6.569201803874621	4	4
RORA	0.9578211465557211	-5.9046650362721245	5	5	0.17573061690603475	-1.3120572257578929	3	3	0.9607315985272517	-2.7767066020341638	4	4	0.5905006511793904	2.6018688581945044	2	2
ROS1	0.8985024041132937	-5.67367812206099	5	5	0.6329646623089908	2.2046531554607136	3	3	0.3926021919996281	1.1417484679723167	4	4	0.13960852807658458	0.6188300313786786	3	3
RPIA	0.03044103649425137	-9.479753092953999	4	4	0.07391222491585579	14.483507567065654	2	2	0.037250002145727046	7.28268706294014	3	3	0.8445356641945179	-3.692420173742182	3	3
RPS6KA1	0.5815503288499049	-8.043676187058413	10	10	0.9323866071844752	10.877884084524327	8	8	0.8829276026672312	-3.5682146282693186	8	8	0.9088827101359025	-6.474035757195204	6	6
RPS6KA2	0.3970500199699688	-1.6357665010449203	4	4	0.4481667664083513	2.2257913301152334	3	3	0.5576400844974743	-3.5919976620785548	4	4	0.9807772245834527	-2.4443531792205326	2	2
RPS6KA3	0.9034286361076764	-2.6352062889256285	5	5	0.9965467954619968	9.424147223968838	5	5	0.5491818381329129	0.958042230654276	5	5	0.6557662767367889	-3.5154215855440563	4	4
RPS6KA4	0.9305683503008182	-2.4388708686812532	4	4	0.4461859827763789	8.89061893735383	4	4	0.6558719185471185	0.28992043261822315	3	3	0.8170453009277164	-6.7241426819238015	4	4
RPS6KA5	0.46092721016380545	-5.8700410967106045	5	5	0.41832582087637704	14.949198591799735	5	5	0.7102618519742219	0.6571266418117253	4	4	0.43285091595975	-11.382151020840482	4	4
RPS6KA6	0.33017502771952645	-3.0355945699012867	5	5	0.49387767475606503	6.59337776412859	4	4	0.6706792786329957	-1.212990156886786	4	4	0.9505081346935688	-6.612095587645714	4	4
RPS6KB1	0.9182289012525874	-4.985207496706013	5	5	0.6871474617411502	6.102980985411004	4	4	0.9669347588070616	-2.3015090023145626	3	3	0.8650501184450475	-3.522656363816317	3	3
RPS6KB2	0.20767701159834473	-7.617663738532831	5	5	0.2861311863015312	-1.8471350434461797	1	1	0.05540196781910189	10.216619560625109	4	4	0.07366207176847364	3.693639930538936	4	4
RPS6KC1	0.1281826310354296	0.9466737339989039	5	5	0.6714632447371305	10.059889357213303	5	5	0.923649354366945	-3.1195984001685986	5	5	0.44620800804902794	-8.092473407237433	4	4
RPS6KL1	0.9578211465557211	-2.1944169569197736	5	5	0.7851132742816158	8.58024913114279	5	5	0.325933369338428	-9.785537456718425	5	5	0.48022379094487777	-7.216030836502738	3	3
RSL24D1			0	0			0	0			0	0			0	0
RTCA	0.7205141282042609	-4.575475536733021	5	5	0.6800217115562243	8.754141074919003	4	4	0.7642617308063044	0.39611967626603045	4	4	0.9374795878480127	-3.9131248726939454	3	3
RXRA	0.8203403162357867	-4.392483706806302	5	5	0.4414710411434746	6.169076061248989	3	3	0.11750049543244162	6.867623680459391	5	5	0.26406346861592866	-3.378030679243514	5	5
RXRB	0.10774379852452094	-9.197107639669104	5	5	0.28829707455383335	8.831052949505201	3	3	0.41889858906246547	1.2821286722853191	3	3	0.9954978743064465	-10.180402829226512	4	4
RXRG	0.590429892473969	-8.022884125608593	5	5	0.09081427025236018	12.472156553609999	3	3	0.23917025231552258	-8.824481405591234	2	2	0.01558433315921406	-17.144768409683707	3	3
RYK	0.09356973075776565	-8.859631779296578	5	5	0.07616975212297546	14.39570102632906	2	2	0.6241955893425244	0.7545617966032552	2	2	0.21426011079281937	-10.441544951200123	3	3
RYR1	0.34905251448206065	-8.756152374294485	5	5	0.8198738922225053	4.304593594237088	2	2	0.055974558941824126	7.775304917453948	4	4	0.2042318760697932	0.18306143852367818	4	4
S100A1	0.1600113785389241	-7.776993410889445	10	10	0.28813216014113785	13.584280520285517	8	8	0.737437122683144	-9.722635616603597	8	8	0.24514519963253112	-17.21620543555547	8	8
S100A11	0.13947392708232198	0.9532811522048871	5	5	0.6432983503533377	5.727260222355423	5	5	0.9554171582152255	-2.355943055106554	5	5	0.6470936572122662	-7.082640082169198	5	5
S100A12	0.7258031190529082	-8.707169289619314	10	10	0.6336754174766643	13.144445484565798	7	7	0.4662062195827327	-3.262355511354546	7	7	0.7858808682082163	-13.964512293045905	5	5
S100A13	0.8985024041132937	-5.778129955503204	5	5	0.6170528519825211	5.462515681299888	3	3	0.35097872366630734	-3.4270874385428147	3	3	0.5576741474593854	-7.177559047100845	2	2
S100A2	0.4203788137846788	-8.359294006740923	5	5	0.8004034878177372	7.533825824931047	3	3	0.30960926530748334	2.879655495326513	4	4	0.9919721351064192	-9.121963277865676	5	5
S100A4	0.4312245790918473	0.358291038371681	5	5	0.7000975714835349	10.569363197800067	5	5	0.31619650212189965	-9.216753030652104	5	5	0.12613002386675565	-10.817568927202034	3	3
S100A7	0.830030029603947	-4.8724047322144335	5	5	0.07575087598460446	13.330362812760066	4	4	0.41295941769486255	-5.717554350133784	3	3	0.038872316856963206	-14.291794737954874	3	3
S100B	0.5652530307633137	-0.0011569438215376	4	4	0.7451094432611904	2.452165061433805	4	4	0.3565037843740483	-8.769754399686287	4	4	0.8787148714580514	-7.0973475220807	2	2
S100G	0.734530327356215	-5.171056465349106	5	5	0.7402807379176981	-0.0270221545693247	3	3	0.21836468372743112	4.105345121289662	4	4	0.34028579875010123	2.9795241300443513	4	4
S100P	0.883747905809653	-8.079431355837533	5	5	0.07983756329683796	16.55073072626632	4	4	0.6256353229000864	3.7307748097874036	4	4	0.15341285454593667	-14.096571323293604	4	4
SAA1	0.0777369772967558	-0.8854264212935864	5	5	0.12401576740195504	2.0693894905441064	4	4	0.03907310124332317	-9.547034131796186	4	4	0.46486056438592327	-7.368804285136317	2	2
SACM1L	0.1143838415268419	-9.160239264591631	4	4	0.09046775745910243	-3.2631543018924702	1	1	0.9424668084191153	0.03988631873458204	1	1	0.11063522407775243	4.874300095006817	1	1
SAR1B	0.4956678495492892	-2.825998225562761	5	5	0.5968850098355618	6.305860979758642	4	4	0.9251130503632994	-2.691721721703272	4	4	0.8139648565977974	-3.759473523240852	3	3
SARS	0.38649127039321873	-6.849700180914244	2	2			0	0			0	0			0	0
SBF1	0.2535543906132779	0.47728088861543655	5	5	0.2773379466103324	1.1661517168956326	5	5	0.7252841894979406	-5.90349324522807	5	5	0.40684227561527353	-2.240119774666843	4	4
SBF2	0.9627795234636642	-5.274131489129033	5	5	0.23836847153530583	12.964786890193096	4	4	0.7848275555711997	-2.261706698049179	4	4	0.15416924072905192	-10.463138938514184	3	3
SBK1	0.910824884188636	-5.072666431262113	5	5	0.4346862998706067	9.305114435135026	4	4	0.17132800959464367	-6.444523621818866	3	3	0.05097916766787466	-13.83473882302051	2	2
SBK2	0.5035735396382339	-8.145935510822488	5	5	0.7666884162174201	4.17973937564495	2	2	0.4012318075133846	3.311038840113678	3	3	0.3141164800746591	-0.021228628746924254	3	3
SCARB1	0.0909671654963346	1.5357064581165165	4	4	0.8575216596071998	5.681533354074465	4	4	0.4878243606470055	-6.128222034335622	4	4	0.6661707096834564	-6.797947150366526	3	3
SCGB1A1	0.37192472559761924	-8.550906412077396	5	5	0.7352797995591978	4.160868579698986	2	2	0.20208006128722666	3.79308143368417	4	4	0.4328167340199195	-0.0685503065923158	3	3
SCLY	0.05491814652030681	1.6160042786218387	5	5	0.6620211897545752	5.191283171380807	5	5	0.23092747124154067	-6.982132325077655	5	5	0.5303285251395151	-4.4828298088019	3	3
SCMH1	0.6636898001962249	-8.997291650051324	9	9	0.9551318744140536	9.688001353714034	5	5	0.3769272422012979	3.9978403964135563	6	6	0.3651769592931742	-7.004918868788914	5	5
SCN10A	0.9776625269673598	-7.952380766306633	5	5	0.19693240117716404	-1.5064889218325348	2	2	0.4809962972959322	-3.191680578294657	3	3	0.1939212047781408	4.000000000000001	1	1
SCN11A	0.03573195003133625	-8.884470971837704	5	5	0.14481922644591255	18.08499462512217	1	1			0	0	0.20185811801471198	-16.596386330920353	1	1
SCN1A	0.5649221778637004	-3.811454491224256	5	5	0.2749492706105494	13.273251120046753	4	4	0.19163092307243068	-6.030370025346312	3	3	0.02372020213361359	-14.488023230451313	3	3
SCN1B	0.26671990365341014	-9.290114572277082	5	5	0.6241937351395894	2.838636187607571	2	2	0.3730818404202616	2.707357875240666	4	4	0.2250684015537232	-2.4802817723917028	4	4
SCN2A	0.020127590277531474	1.9566639471183918	5	5	0.08112956905552651	-1.7910614837083927	5	5	0.18758049894940998	-10.185744734355055	5	5	0.20732834566563085	3.3786563681541564	2	2
SCN2B	0.5818685527788804	-4.750551047056839	5	5	0.08255240471306634	-1.7610760721855723	3	3	0.03111833928619316	-9.932574753438873	3	3			0	0
SCN3A	0.3835914521022902	-8.246215954345459	4	4	0.8525001849209676	1.4255561236665155	1	1	0.20611641695291827	4.15965476462235	3	3	0.1047252504505403	3.8025473310139573	2	2
SCN4A	0.3379587519670022	-7.91679211290132	5	5	0.7573152357135455	5.548991048566241	3	3	0.7637696589047424	-0.2847369646252662	3	3	0.6939180138575417	-3.09374638712405	2	2
SCN4B	0.854364555621399	-2.1678155914288086	5	5	0.8253056747074253	9.090998501152802	5	5	0.37966503831587217	-3.321006037168763	5	5	0.3641108545439745	-7.682954108218918	2	2
SCN5A	0.39917423971230637	-5.558733936680395	5	5	0.5062131185383894	9.102503132203788	4	4	0.39723612923982476	2.5940386587870576	5	5	0.9774922380570643	-4.119400247970112	4	4
SCN9A	0.6077242126538864	-5.107108483484823	5	5	0.1169944375551616	-1.5300772847320303	3	3	0.2811328050516275	-3.628451161502745	3	3	0.635600712158071	2.5092848175071394	2	2
SCNN1A	0.8099595559747785	-5.1356416340057045	4	4	0.26659632137348543	-1.3922598147753025	2	2	0.7848275555711997	3.451881205102976	4	4	0.09966950043114585	4.109488421746551	2	2
SCNN1B	0.38540232932899543	-5.672203660497314	5	5	0.49661958459110656	-0.6979158750055424	3	3	0.7236382182800918	0.9314862646157751	4	4	0.0867926661869571	3.345738413173924	3	3
SCNN1D	0.9357610133795955	-8.790732189875387	10	10	0.6279404600056986	9.991585266280152	6	6	0.7948228098837402	3.7494322338688613	8	8	0.7590561331501607	-8.061580538766233	6	6
SCNN1G	0.5691364506261621	-0.4464461753296347	5	5	0.9275821930973907	6.6584800138898705	5	5	0.6489439268011166	-6.065828713033746	5	5	0.7836748470848344	-4.016638598821196	3	3
SCPEP1	0.4917399930413745	-4.969287911972387	5	5	0.2879530485064654	12.316843079535202	4	4	0.25001175340433135	-6.326784465164438	3	3	0.10295075886652041	-17.101579232453314	4	4
SCTR	0.48393466124961637	-3.672688976735124	5	5	0.9342596937976486	2.6767552298138972	4	4	0.4822269826599105	0.9874437482690029	4	4	0.4197281872641294	-0.11805200716512883	4	4
SCYL1	0.39397533072858715	-8.165251671740736	5	5	0.8705722637434026	5.164770769712418	3	3	0.5205346040784142	-3.4345557798276585	3	3	0.47987122370607005	-7.886155547551964	1	1
SCYL2	0.750994693101621	-4.232978657196703	5	5	0.3540499420404086	9.83662309055743	4	4	0.8928314729386756	-2.3562453648503188	3	3	0.4251875498506298	-7.414781753894346	3	3
SCYL3	0.7486355258963429	-5.036610988401761	5	5	0.8794275253645891	2.9252541252053117	3	3	0.7168187077101034	-4.7442083389607195	3	3	0.6470992692887374	-6.6410698086982904	2	2
SDF2	0.9009650246244196	-1.9571423553234357	5	5	0.38085195277815376	-0.9096665670764095	2	2	0.5974383652571285	-4.442754166976624	2	2	0.6816361813814648	2.675435712011198	1	1
SDHA	0.9776625269673598	-3.4182892302989685	5	5	0.3591122362277068	10.870912030573031	4	4	0.8263993062385011	-2.8050085836545455	4	4	0.3577060001916085	-12.104661139847812	4	4
SDS	0.0016949173253808809	-9.949592944938638	5	5			0	0	0.12962937950252026	10.347801371487583	1	1	0.4519963544612986	3.245577208757248	1	1
SDSL	0.7675733183860726	-5.644554339870845	5	5	0.09081427025236018	10.541900866238942	3	3	0.30116136978010655	3.778946034718516	4	4	0.45297359578785656	-8.534506646462697	4	4
SEC14L2	0.38540232932899543	0.8032552091540386	5	5	0.9896406451111373	6.028569678026073	5	5	0.9299948128999199	-5.122231611837141	5	5	0.7735205110925591	-7.368200574914319	4	4
SEC14L3	0.6609084332288035	-5.542489163794954	5	5	0.731810421723722	3.2912163815970175	3	3	0.3926021919996281	-3.1517463564933617	4	4	0.5469327444768446	-7.177456479230678	2	2
SEC14L4	0.2915859222475219	1.1483465860549347	5	5	0.9344627775767147	6.808012070636347	5	5	0.785975293382972	-3.9594991968353366	5	5	1.0	-10.075598876039814	5	5
SELE	0.43854435803093816	-8.368987826529432	5	5	0.22195788313876263	-1.4373512212225759	2	2	0.3588434018153106	4.169059654586646	4	4	0.048378914940716056	3.7783451917753474	3	3
SELP	0.7040301416587635	-5.809887138931629	4	4	0.435553009152702	-0.5284628316401934	2	2	0.5204752958259593	-4.591343608468709	2	2	0.9454895850192585	1.6157934854906033	1	1
SEPSECS	0.0008818989993818491	-9.897749987217429	5	5			0	0			0	0			0	0
SERPINA1	0.8496883232400307	-8.34930047561978	10	10	0.5852991901567721	16.854846331473116	9	9	0.3175616352299364	-10.202507620595041	8	8	0.20476823491414287	-14.21139562798077	6	6
SERPINA5	0.052800403964898476	-8.683021779219965	10	10	0.9497043410641458	5.773782679012477	4	4	0.3314075292100991	0.9510175699878657	4	4	0.12622808222727358	-2.857620486336348	4	4
SERPINB2	0.7421600575681156	-8.296334719556176	9	9	0.6618597509222015	11.633518452025243	6	6	0.8643050209875895	-3.417354933038561	6	6	0.8562820880306701	-10.917723539215727	5	5
SERPINB3	0.7723740895120618	-3.8171815460066703	4	4	0.9865522952025906	5.317981624747355	3	3	0.19649974089674382	-9.0999067892523	2	2	0.09616912006818926	-18.32442669530708	1	1
SERPINB6	0.8397456615414245	-1.9793459418374442	5	5	0.20787238739863356	13.159912777655729	5	5	0.8967224831732554	-2.175068847354591	4	4	0.27614361519134034	-11.00501401553914	4	4
SERPINC1	0.47235377982292215	-8.752308592258927	5	5	0.14415275867324837	16.0892314539628	4	4	0.7637696589047424	0.06360548394656222	3	3	0.09171520159548441	-11.26031916841688	3	3
SERPIND1	0.13306676724863278	-1.1285820305874772	4	4	0.09298040817619624	-1.516811999104237	3	3	0.9251130503632994	0.28988113577934776	4	4	0.2553911319624397	2.9261159201586247	3	3
SFTPA1	0.642971793323641	-1.690730984630564	5	5	0.33913524261838335	-0.9127383471324576	4	4	0.5870739237517502	0.3139123536609511	5	5	0.3636353207574934	2.9101821026384287	4	4
SFTPD	0.98758917176213	-5.332811510598966	5	5	0.6448308255888252	9.588723738501526	4	4	0.7574424504536748	-3.19473614865033	4	4	0.5019209615503581	-10.878734545788488	4	4
SGK1	0.3538405986750205	-9.004475129409043	9	9	0.9342596937976486	3.0027313812039433	4	4	0.055619419330074936	10.903305009543326	7	7	0.3269897901679023	-3.2702482220306073	7	7
SGK2	0.5236253349324279	-7.437944445678679	5	5	0.6144610494100067	7.905576211414067	2	2	0.4493873843012053	3.411681464217535	4	4	0.5764223405387352	-5.759162604771217	4	4
SGK223	0.7019717081980577	-1.7916010916173697	5	5	0.8120705148574179	2.963399031767134	4	4	0.9535993236843746	-2.2466425666081644	4	4	0.7306965808687735	-3.9652768554710818	4	4
SGK3	0.48104446264507106	-2.3869289996529077	15	15	0.9931279711673554	13.310955403206904	11	11	0.4513218086119901	-10.029935581607475	11	11	0.7389396057247413	-16.383894225436414	9	9
SGK494	0.6836050357079828	-8.51492232904384	5	5	0.9394967534281049	3.8835249042673254	2	2	0.917460989321956	-0.16313672268523782	3	3	1.0	-3.738450112926538	3	3
SGPL1	0.908358588491738	-3.5470658935717414	5	5	0.9961285525583008	5.545367455578645	4	4	0.7169391818293538	-1.2085973325638235	4	4	0.6852839181983256	-3.325589101181239	3	3
SGPP1	0.6654237100494569	-5.402500206548787	5	5	0.7451094432611904	8.603295192958127	4	4	0.3225718962020083	3.596409134344554	4	4	0.7627677930276173	-6.948787237329618	5	5
SH3KBP1	0.8690336222069996	-2.353377770203294	5	5	0.6172353737898271	2.7753751509833458	4	4	0.7073890910153215	-2.894148944836331	5	5	0.8038348087872224	-3.9018755776080396	3	3
SHARPIN	0.16622953774183324	0.9363214310127422	5	5	0.5590352533110505	4.819013919201582	5	5	0.1758288542015498	-10.151386884468083	5	5	0.9374795878480127	-6.410459831259533	3	3
SHMT1	0.11189093747105926	1.309333262471289	5	5	0.37495372017740947	5.981149570547141	5	5	0.7133367575572903	-5.586534869040693	5	5	0.9167058325394901	-3.5270497740166875	3	3
SHMT2	0.34492090793817176	-5.9949715849208225	4	4	0.633992445906967	4.794941442812539	2	2	0.7558785280505862	0.3538010336047613	3	3	0.8753424576431064	-4.162728332927199	3	3
SHPK	0.9380058648524916	-5.204198490621564	5	5	0.6378839758062542	4.486960261024938	4	4	0.1311848031082586	7.55273902927528	5	5	0.10742907546280153	0.607778701057974	5	5
SI	0.025296063989940637	-0.30756164580929574	5	5	0.11705689634067581	-1.670811335603083	4	4	0.0019232301351219437	-11.03697115241036	4	4			0	0
SIGLEC1	0.7866509198800523	-4.161141994239881	5	5	0.826560501188073	3.167119674939497	3	3	0.6937260992273393	-2.682864515010612	3	3	0.5794599973297945	-3.1181306522619523	2	2
SIGLEC7	0.19239264674228174	-0.7641438230393506	5	5	0.04507631609799964	-2.144174664368737	4	4	0.5254766653984411	-3.0853108763835455	5	5	0.05803464155644943	4.078250809834935	2	2
SIGMAR1	0.04359898715116259	1.3766143470411352	4	4	0.9111408467360205	2.9530911660576806	4	4	0.5048247660646756	-3.3931390136374255	4	4	0.6472718678263668	-1.9753830005264092	3	3
SIK1	0.8106779486944853	-3.1143872642922097	5	5	0.47568033659075204	2.5494156281966287	4	4	0.25745910282760465	-6.292984003236136	4	4	0.5905006511793904	-3.1088700440399415	2	2
SIK2	0.012928385354838971	-10.412097491878498	5	5	0.3229758070461728	10.198773558452752	1	1	0.024523605935247217	7.835404503552465	3	3	0.48022379094487777	-0.30385210539672364	3	3
SIK3	0.3090030263048408	-8.61810870326765	5	5	0.8529114166419892	5.391295728955643	3	3	0.07587499373609907	-9.872566937491086	2	2	0.15765002101829084	-17.18299560969006	1	1
SIRPA	0.9826255130967373	-2.665560738617801	5	5	0.23072894549266865	-1.297804985261682	4	4	0.2774071846315891	4.064900533261387	5	5	0.09688125473718073	3.2517158137345255	5	5
SIRPD	0.8348846954256501	-7.475825006554444	5	5	0.053039434508217735	18.97550808523677	5	5	0.6791943421244713	-4.372145962744447	2	2	0.012430720926890088	-17.866298889008288	4	4
SIRT3	0.8886618518901277	-4.777247950658258	5	5	0.4414710411434746	6.098944660082093	3	3	0.6383725272171603	-2.937702425546092	4	4	0.6661707096834564	-7.0955625941217235	3	3
SKP1	0.8244838874315158	-2.72548901365661	3	3	0.5668356124144751	-0.12028915437683496	2	2	0.42643143995259025	2.144344155105051	2	2	0.09966950043114585	3.8358927838616497	2	2
SKP2	0.4996123925711774	-1.537203034325764	5	5	0.0767043039481654	13.291663682971885	5	5	0.9750050102778275	-2.7932664228756408	4	4	0.07742717546020457	-14.67866289597498	5	5
SLC12A1	0.2600787659813656	-6.4648268542078595	10	10	0.6168019351768635	10.310696233005709	6	6	0.38882207140908953	-9.410389386456622	6	6	0.4262600961757588	-12.111949911623007	4	4
SLC12A2	0.688179697089613	0.1134426309557486	5	5	0.07386495484897597	10.444200997451146	5	5	0.7615191108433252	0.8652970925689365	5	5	0.281662634769156	-9.213241506181394	5	5
SLC12A3	0.7392223858656497	-2.6753211760079068	5	5	0.6943011151394684	8.511264834280489	4	4	0.8920028787102289	0.2326312826563671	5	5	0.39242021248598535	-10.158827495414366	5	5
SLC12A4	0.27800289330070804	-9.48946974504056	10	10	0.046022029434945	-1.9933768615143037	5	5	0.7493780935689651	-2.8254627499191347	5	5	0.05157075192027018	4.033892444214881	4	4
SLC12A5	0.6838488952868744	-8.199790974028579	9	9	0.7516275048563246	11.249949148092128	7	7	0.5818418162323622	-2.1184919703416965	7	7	0.7730338186675241	-7.970079794118601	6	6
SLC12A6	0.9981643414237268	-2.911689594533606	9	9	0.2578970995922448	5.143217906270849	7	7	0.26430124923407383	-9.202590920979539	6	6	0.6010295810233537	-3.3589107422571316	3	3
SLC12A7	0.084232767131858	-9.673188447805211	5	5	0.8091617172026402	-0.2148342586476577	2	2	0.18372947533994244	3.6085875209927196	4	4	0.11368735693078738	3.4711740070783557	3	3
SLC13A1	0.7065912187837	-9.459692375263597	5	5	0.5210548533507869	1.9653091436420933	2	2	0.827718759473112	2.34118176057232	3	3	0.6285977579012942	-0.09393857293895902	3	3
SLC13A2	0.06505822070351608	-8.911970733790673	5	5	0.46031802772107877	5.37401395280159	2	2	0.018779592368479023	7.912139204427075	4	4	0.5460038643341113	0.18072821062392266	4	4
SLC13A3	0.98758917176213	-0.4481292261228355	5	5	0.39387626711133283	2.253103000369132	5	5	0.654699394960732	-1.675587313677948	5	5	0.24723774571218127	-2.8136228017358946	5	5
SLC16A1	0.6616367425232548	-10.124131709938462	8	8	0.853085547377922	13.183332987415623	6	6	0.26205798170752426	-3.2377194857217826	7	7	0.2597848020125052	-18.051266544656748	5	5
SLC16A2	0.8010443417528704	-2.6743764930598783	5	5	0.13092627000335208	13.048552750578265	5	5	0.45281526161029506	0.5030929116913967	5	5	0.22728092273602118	-10.9742003645071	5	5
SLC16A3	0.4761970241422234	-2.1565424000554816	5	5	0.09413162069134327	-1.6544964406048919	4	4	0.20208006128722666	-6.592767201581669	4	4	0.5469327444768446	2.5752216336530385	2	2
SLC16A4	0.22121558289391008	-1.137271842507868	4	4	0.4685963017685939	1.9856934297080198	3	3	0.6837796802486318	3.8279189125557234	5	5	0.7537091772080944	-3.3527120194323565	3	3
SLC16A5	0.569976438432513	-4.851920825488723	4	4	0.7878462031069068	4.189561465364949	2	2	0.2904880494315002	3.7330992143023867	3	3	0.22908579873911206	0.7733711811375917	3	3
SLC16A6	0.38881779798671123	-4.257365786892592	5	5	0.8617331994047407	2.1196502007429614	3	3	0.35635682669309277	-6.0301484522691124	3	3	0.5685171857750244	-6.567852346854897	2	2
SLC16A7	0.8099595559747785	-5.218020172806519	4	4	0.31456882368045913	8.891878942765665	3	3	0.22931041958288212	3.5495407596988984	3	3	0.9374795878480127	-3.771078708687	3	3
SLC16A8	0.5733656784499663	-8.451785193416283	5	5	0.049233729473203064	-2.5249876584324547	2	2	0.5547179011671135	-3.2081989339182715	3	3	0.5233839875136854	3.0795672573183177	1	1
SLC18A1	0.15874363665330804	-3.243319423786709	5	5	0.805145109258814	15.35076919333315	5	5	0.6256353229000864	-3.484256486292859	4	4	0.2240648709700087	-9.987197936051066	3	3
SLC18A2	0.1739778553904936	1.4609632268418926	5	5	0.3258793207978927	5.23199871551938	5	5	0.17710696585863206	-9.726937691812	5	5	0.5576741474593854	-7.1560770546833385	2	2
SLC19A2	0.436707661430053	-3.2226836364907854	5	5	0.6871474617411502	8.01247306745011	4	4	0.5048247660646756	0.3627075772630586	4	4	0.9325483006907843	-6.078506015807284	4	4
SLC19A3	0.5607229698535698	-1.803568937946026	5	5	0.34903297160981595	1.8804016767758653	4	4	0.3358834772660255	-5.622563393805805	4	4	0.8660628631556315	-2.310989521752808	2	2
SLC1A1	0.8058574622301209	-5.188844562089064	5	5	0.7233726617330447	2.149824977845476	3	3	0.787587630914137	-2.851439450863717	3	3	0.9296012604540266	-1.8450510104005775	2	2
SLC1A2	0.9380058648524916	-5.479270439756323	5	5	0.15195082074946206	-1.3752874884675126	3	3	0.16391553966445715	-10.018138971460685	4	4	1.0	1.1945030241629775	1	1
SLC1A3	0.04211348203436309	-9.800211549624384	10	10	0.9188397521484034	8.622232913491379	4	4	0.1822879540524981	3.861476281664243	5	5	0.5527564179571829	-6.87159249148688	5	5
SLC1A4	0.3002102762864932	0.8696124911848719	5	5	0.5302956798294436	5.239412813057354	5	5	0.146073673639546	-9.760227654111675	5	5	0.4641144340452932	-6.931301027924609	3	3
SLC1A5	0.9982619325814353	-6.797559860187693	10	10	0.28507669198261876	15.682176171094545	9	9	0.934244776438155	-3.4340401580257782	9	9	0.29647143813941534	-13.824359709408123	8	8
SLC1A6	0.6120828468983042	-3.1306568070360883	5	5	0.24433397481722618	12.920049181705958	5	5	0.8856925347324585	-2.5451393702388008	5	5	0.3601334303089583	-7.290176707687151	3	3
SLC1A7	0.9528644010536571	-2.545062778187087	5	5	0.5636646120066344	4.088134042168812	4	4	0.6067381681865379	-2.983760864445904	4	4	0.6721525719831534	-5.500635432234951	4	4
SLC22A11	0.9975177382557646	-5.050221399947111	5	5	0.06956675057646922	-1.6593012859065654	3	3	0.8614235537053763	0.7176697238522873	4	4	0.024540622694361035	4.37468226891514	3	3
SLC22A4	0.8058574622301209	-5.505966894261912	5	5	0.9507207862589255	5.2821889591867714	3	3	0.4480222683827698	3.9755353544940473	5	5	0.672596273212082	-6.497462930977036	5	5
SLC22A5	0.7914408970790019	-3.079039084244524	5	5	0.23452667598752341	1.7833260798738948	4	4	0.812481680421815	-0.763408179736279	4	4	0.2663128733664861	0.22873780339727615	4	4
SLC22A6	0.1411476267297041	1.7986142680654007	5	5	0.5648726303070202	9.650652479682845	5	5	0.3181285967534234	-9.735475904067387	5	5	0.22908579873911206	-10.158212513501617	3	3
SLC22A8	0.8155056255135527	-7.336952201033431	5	5	0.2782149128472079	8.62878625267666	3	3	0.0698422026956558	9.442750103252502	5	5	0.9839450828731499	-4.111170865534043	5	5
SLC23A1	0.24084828230162136	-7.556992580353101	5	5	0.024262225627705594	15.519360437828814	3	3	0.13609447066476832	3.5956408131850783	4	4	0.6155324084201014	-10.95229793681375	4	4
SLC25A10	0.6340800847851441	-3.459704866426558	5	5	0.43483297681819333	2.0327117895211395	3	3	0.8764675454502998	-0.47217701348905455	3	3	0.8038348087872224	-0.9308952936707996	3	3
SLC25A12	0.4459350397189942	-5.631853065124115	5	5	0.8309395356728544	2.6332924075228727	3	3	0.6409676544461922	-1.5518446953899538	3	3	0.3641108545439745	-0.8283787713454513	2	2
SLC25A13	0.08997548869391782	-0.6620291902940562	5	5	0.1712152185315584	1.5112836910786374	4	4	0.14830226265080637	-4.3721345214383085	5	5	0.505018275524211	-1.5379102126813264	2	2
SLC25A15	0.40969495083753205	-1.0859002668717783	5	5	0.39387626711133283	12.020116606134197	5	5	0.9617808560530875	-3.014846069096505	5	5	0.459796725216709	-10.442548153188204	4	4
SLC25A18	0.15509772099057295	-9.253871130170307	5	5	0.19823441645713302	11.916701444372654	3	3	0.3431227733275547	5.311566391803632	2	2	0.5091350505836715	-10.380200633021866	4	4
SLC25A2	0.9472037594012495	-5.300583139529281	4	4	0.8441079932691453	8.029435133396275	3	3	0.5409137595460822	-1.3335105949003354	3	3	0.1798357575606958	-8.387812809333525	2	2
SLC25A20	0.02502749534123234	-8.791784614819386	4	4			0	0	0.02553318981569501	10.777596417900341	2	2	0.12902600533672134	3.674914402079138	2	2
SLC25A22	0.2831296859783331	0.8638756899787442	5	5	0.3703123377739097	9.580687218994791	5	5	0.9554171582152255	-2.5593033629791737	5	5	0.29537313548448685	-10.9215846716604	5	5
SLC25A29	0.4956678495492892	-2.308203071453219	5	5	0.5707391645317546	12.200820843446898	5	5	0.7433305842988305	0.35116954746554646	5	5	0.7137909585758364	-7.208211353875172	4	4
SLC25A4	0.37862661223180816	-1.757474784903902	5	5	0.9034502746478965	5.688596764901139	4	4	0.8825743359168742	-2.6186458501111427	4	4	0.5217971521146411	-4.637998425894163	3	3
SLC25A5	0.22859741001264733	-9.282294692573364	5	5	0.48249737846317997	7.95189178778904	3	3	0.6335689726463027	-3.526771045386655	3	3	0.26426000763479185	-11.560049839248208	2	2
SLC25A6	0.9322967674838681	-9.106373442291114	10	10	0.21545644687541077	13.073687574111142	8	8	0.39744563194548344	-10.402040286292758	7	7	0.07188572838499957	-17.48685348830752	7	7
SLC29A1	0.7095226974447376	-2.6847148646708767	10	10	0.0037872772656580996	13.693572280804062	10	10	0.667045039139536	-9.025899294327589	9	9	0.0035244461579540913	-16.77530440692358	9	9
SLC2A2	0.830030029603947	-4.305320986275398	5	5	0.3255050129228344	6.159760210514061	3	3	0.5757417026371687	-5.124533753433595	3	3	0.23142589990922313	-10.769595313258272	2	2
SLC32A1	0.34905251448206065	-1.845403733320279	5	5	0.11934162189651298	-1.5745768371398252	4	4	0.021923483200522217	-9.940710830550936	4	4			0	0
SLC36A1	0.08726554773913853	-10.005466939875838	10	10	0.7851132742816158	9.55714809143326	5	5	0.9554171582152255	-3.315376367231721	5	5	0.9505081346935688	-7.146995478874576	4	4
SLC38A3	0.18403870640516418	-1.7425237146275077	5	5	0.9729049712708331	5.164933209984629	4	4	0.6837796802486318	-3.8322780558482012	5	5	0.8170453009277164	-5.688948509669412	4	4
SLC3A1	0.556538934730302	-5.604448994892217	5	5	0.4282529077397984	6.172528474117958	3	3	0.16391553966445715	4.227982017920127	4	4	0.9505081346935688	-3.739634355088936	4	4
SLC5A6	0.883747905809653	-4.7296059941446655	5	5	0.9883860222523053	7.995545058054025	4	4	0.6036758789186417	-3.599300462111625	5	5	1.0	-5.984381558686716	3	3
SLC6A1	0.6252408886473814	-5.780594470007202	5	5	0.24030234125908256	-1.0731442231880042	3	3	0.22931041958288212	-6.32440239391894	3	3	0.1714880189307838	4.160391283099254	1	1
SLC6A14	0.46092721016380545	-5.302542892720941	5	5	0.6170528519825211	5.830665720147579	3	3	0.9363447250963816	3.5290882062668296	5	5	0.9594980633084279	-9.646350138137914	4	4
SLC6A2	0.8592489134569401	-2.0427105551146405	5	5	0.805145109258814	11.65347373724851	5	5	0.1957307127018736	-10.030340667701573	5	5	0.09827306500665496	-14.476856783188774	4	4
SLC6A3	0.4203788137846788	-6.450906341523216	5	5	0.35977802178558205	6.531519609327312	3	3	0.9607315985272517	-2.41671878967722	4	4	0.8856559261797309	-6.592349379804172	3	3
SLC6A4	0.6973631833490948	-2.180147834435628	5	5	0.8271586415575614	5.329258889718321	4	4	0.6092563829615779	-0.06774196287495411	5	5	0.9505081346935688	-3.456936513849444	4	4
SLC6A5	0.9429565692353546	-4.887667113686784	5	5	0.2879530485064654	12.721273985213871	4	4	0.4766647055457599	-2.9550890686483946	4	4	0.08123483363026208	-14.1051035794825	4	4
SLC6A7	0.9925533108661876	-4.394911110399659	5	5	0.1335898752063249	-1.4868404250554181	3	3	0.21365046547381916	-6.293320179731675	3	3	0.9273634383582613	1.9092023427636216	1	1
SLC6A8	0.89358008027059	-4.719183639239984	5	5	0.23452667598752341	12.067772245903924	4	4	0.29524334994354895	-6.08835487579987	3	3	0.061561516522068475	-13.562613669861728	3	3
SLC6A9	0.9677393402932807	-2.288577279673295	5	5	0.7389431665234396	5.797091929653381	5	5	0.7986230392967869	-2.156664824031599	4	4	0.5764223405387352	-3.113492533853106	4	4
SLC7A1	0.3820052568369281	-6.324307474461949	5	5	0.30387702098213154	8.756919886200095	3	3	0.10421106056719262	4.541733827138624	4	4	0.7735205110925591	-6.139144933773532	4	4
SLC7A11	0.12662931077440837	0.7199723277550607	5	5	0.10645577636616343	2.06226408784423	5	5	0.4871653392316776	-5.670065957939173	5	5	0.2250684015537232	-3.4660278039968886	4	4
SLC7A2	0.44965682365585036	-8.226253992477565	5	5	0.11705689634067581	15.191175984474363	4	4	0.4480222683827698	3.381850754194748	5	5	0.49476133145231505	-10.20276901588712	4	4
SLC7A3	0.5155557559083246	-5.601310325800651	5	5	0.7830870879699032	2.758857477736056	3	3	0.5942835749518536	0.3451838194719515	4	4	0.4721312575287234	-0.310504540020931	3	3
SLC7A4	0.4185868030812625	-8.496616134060035	5	5	0.9686286237487493	5.894823537354921	3	3	0.49600567729587053	-4.701365861768798	2	2	0.5153359195089745	-7.135599874866363	2	2
SLC7A8	0.6077242126538864	-8.836141318398058	5	5	0.056850165721081175	-2.4408352992187474	2	2	0.3897064660022522	-3.7153575506037737	3	3	0.1385023309595027	4.29868854521681	1	1
SLC7A9	0.7019717081980577	-1.87473153207978	5	5	0.49136071381051816	9.869646810429577	5	5	0.9109035476012355	-2.515399306711173	4	4	0.3234189707883901	-8.210836255743862	4	4
SLC8A1	0.18900012463317628	-9.240684931131279	10	10	0.22043980960311693	15.66333279129055	6	6	0.19492337377579683	3.725205778395333	7	7	0.8924542742376055	-14.265094029299975	7	7
SLC9A1	0.47235377982292215	-1.7828204085049968	5	5	0.6004986291119487	13.199373880597696	5	5	0.3269703298430596	-6.014552837295629	4	4	0.11073291951661242	-10.965650428637018	3	3
SLCO2B1	0.6208413118993609	-2.625028341359075	5	5	0.9497043410641458	3.001979915010057	4	4	0.9678670176079451	-2.6908649557328546	4	4	0.9687157558347669	-1.0301907928111893	3	3
SLK	0.21859505395023882	0.9084870624027221	4	4	0.16670618039440965	1.605754907108689	4	4	0.5397400596317476	-5.75028134566638	4	4	0.505018275524211	-0.9468057868818271	2	2
SMG1	0.5861419721859356	-0.034466203233869085	5	5	0.7784667873558294	3.663583520295289	5	5	0.6662718191217996	-4.233533962725144	5	5	0.8967405044802678	-3.733392299531477	4	4
SMOX	0.8446127476966276	-0.6227155108883565	5	5	0.3388298089494214	10.47207182756808	5	5	0.44325823022615585	-0.1618881175115753	5	5	0.6149078051153635	-9.062700470699891	5	5
SMPD1	0.7392223858656497	-3.636227451675548	5	5	0.3105344656759489	2.178253753805032	4	4	0.6706792786329957	-5.380115401478792	4	4	0.5563406378078593	-3.2239650007333913	3	3
SMPD4	0.4422308647069777	-5.477972657923814	5	5	0.2448316273206601	6.9846051049005595	3	3	0.4711377521157304	1.2885026389553949	4	4	0.8434431122303214	-7.0544157691288865	4	4
SMS	0.6609084332288035	-4.85315210263633	5	5	0.7487826623978457	2.3063927805345443	3	3	0.7303584933309185	0.45280351113252376	4	4	0.5217971521146411	-0.35893733729290034	3	3
SNAP23	0.5327265845099596	-4.211461461547507	4	4	0.42747200249260886	-1.0098834362128741	2	2	0.9949234903943104	-3.3022721655714053	2	2	0.1714880189307838	4.15497465997634	1	1
SNAP25	0.5155557559083246	-8.727624449115602	5	5	0.9417756252234913	5.29710600032985	3	3	0.5686920831141384	-3.4100899041371577	3	3	0.5688364963789199	-7.623021105166316	1	1
SNRK	0.6077242126538864	-3.6614617320127407	5	5	0.41776172604909567	8.87436477137139	4	4	0.7574424504536748	-2.332305328414002	4	4	0.5476011867063071	-6.089645729813693	3	3
SNRPA	0.30717794193111647	-7.484021736573666	4	4	0.7319735991304163	-0.4596585752905007	1	1	0.3864697893094231	2.1873518130912473	1	1	0.1510564044067528	4.218269862761512	1	1
SNX3	0.16433363024360703	1.4024897246137336	5	5	0.7520470321080464	6.1751336876370715	5	5	0.8793894315387213	-2.555173559528633	5	5	0.5799975159501121	-7.49617317652089	5	5
SOAT1	0.7770953165698574	-2.062029020155673	5	5	0.41832582087637704	13.186982633513272	5	5	0.8263993062385011	-2.698877697571822	4	4	0.3124824587803954	-10.851211204638602	4	4
SOAT2	0.9975177382557646	-5.071501309229155	5	5	0.6871474617411502	8.937819329011804	4	4	0.7848275555711997	0.7052731484790292	4	4	0.5131089636130677	-10.829753997937813	5	5
SOD1	0.016738397990013594	-9.093084603742115	5	5			0	0	0.10441430358541133	11.12527826533372	1	1	0.1939212047781408	4.023054102603383	1	1
SORCS3	0.1220571906752309	-1.5552063845616122	5	5	0.9188397521484034	5.7885791751475795	4	4	0.20988614889693324	-2.9732725921955705	5	5	0.5829597999420405	-7.125979623809204	3	3
SORD	0.8397456615414245	-4.351297013762571	5	5	0.09413162069134327	12.255434102353341	4	4	0.9750050102778275	-1.8315137766527811	4	4	0.12622808222727358	-12.82366224317687	4	4
SPEG	0.780720882648575	-8.313487960635968	9	9	0.19404101373703708	16.41164649842625	7	7	0.22027567478338594	10.330744998811182	9	9	0.5338883198637332	-15.35322312785758	9	9
SPHK1	0.511545307858261	-2.5373268429301774	5	5	0.07818194571023064	1.4559051224039947	4	4	0.9808849433081536	-2.912580340365338	5	5	0.15668928629155968	-2.53667164826113	4	4
SPHK2	0.04999960222599289	-9.34563724341165	5	5	0.27738225042570286	-1.8608192453445298	1	1	0.21365046547381916	4.167474861269099	3	3	0.04910048240756749	4.165326762042435	2	2
SPHKAP	0.43854435803093816	-5.725048852796619	5	5	0.3255050129228344	6.989536412952286	3	3	0.1411338956916428	2.1840734015723062	3	3	0.7339331001497869	-3.2342035370002145	3	3
SPINK6	0.9925533108661876	-6.865601113080056	5	5	0.5552410132851231	8.488371914595264	3	3	0.9917314702323718	-0.013756482152982308	3	3	0.21426011079281937	-7.98751058951592	3	3
SPIRE2	0.7675733183860726	-4.375908635328955	5	5	0.5328674030898859	2.037910630078439	3	3	0.787587630914137	-2.5580356279573153	3	3	0.46486056438592327	-1.2370737543904204	2	2
SPR	0.26552552550478115	0.9491069326241222	2	2	0.48585162938057114	2.6041505639437115	2	2	0.17943769462384374	-5.477512246622785	2	2	0.7844784035957554	-6.420893830186336	1	1
SPRYD3	0.9578211465557211	-2.661810050048795	5	5	0.965478606849287	9.070407151126403	5	5	0.6319902730624867	-5.8581866029484715	4	4	0.8700179988420107	-9.30505723499967	4	4
SPTBN1	0.2214633966469669	-7.674430977245945	5	5	0.9239084394407335	4.907733832866773	3	3	0.07891315912278336	3.646254786048944	5	5	0.09376669715848009	1.0318588248157832	4	4
SPTLC1	0.8739336054079389	-4.794102837454087	5	5	0.6170528519825211	2.5975858562832843	3	3	0.8473770774608975	-1.7108502054863717	4	4	0.4721312575287234	-3.080252671825255	3	3
SPTLC2	0.3620108064002603	-8.344847729475594	5	5	0.6096197133283583	-0.4787321331224259	2	2	0.5371272799460534	-4.6493025743766	2	2	1.0	1.4000871578128722	1	1
SPTLC3	0.2535543906132779	-8.225604350685193	5	5	0.3838407081788807	11.185106616513496	3	3	0.893708929770713	-0.415751519452936	2	2	0.13312527278221614	-13.014687584707502	2	2
SQLE	0.0414663010298856	-8.696763545043362	4	4			0	0			0	0			0	0
SRC	0.3741515324685769	0.4043864893035078	4	4	0.7014821047278834	9.100568494678859	4	4	0.12253863219670783	-10.0137489785168	4	4	0.06721678893784701	-13.616462189483771	3	3
SRMS	0.4956678495492892	-1.6597664539800807	5	5	0.7389431665234396	8.622678922368038	5	5	0.6261337914270195	0.40747600588695604	5	5	0.9056756450468624	-4.138548455821437	4	4
SRPK1	0.656405463515022	-8.358939716985253	5	5	0.42173115071459977	8.536334567846135	3	3	0.582832324391648	3.4518365569271734	3	3	0.8611418352622409	-6.8820928500208245	4	4
SRPK2	0.26565049539736607	-9.146637240570348	10	10	0.25417910927585186	1.5749808789826556	4	4	0.5681055131743121	10.261897172792665	7	7	0.27390132532826583	-2.050091917074212	6	6
SRPK3	0.37192472559761924	-6.2217540201952035	5	5	0.4755189769734055	6.353477760258606	3	3	0.0698684426408884	5.336679567310124	4	4	0.8878184405588241	-3.164654363689664	4	4
SRR	0.014852367657771265	-9.163648811065796	5	5			0	0	0.2065996579445707	9.43008928262555	1	1	0.2270843147989463	3.913814753765309	1	1
SSB	0.15691265095367646	-9.00807018921717	5	5	0.5375629227149763	-1.0814038650533675	1	1	0.17534957940140028	5.6328957661962304	2	2	0.3641108545439745	3.039632557464526	2	2
SSH2	0.15874363665330804	-0.9631087329407558	5	5	0.9961285525583008	4.749371599463711	4	4	0.7493780935689651	0.27984726159027334	5	5	0.6362877374589493	-6.554379395072377	5	5
SSH3	0.339529638149655	-1.8347929147170123	5	5	0.69369571088023	11.731613540209644	5	5	0.9426986887903109	-0.6231070927923787	5	5	0.7247211067927128	-10.78346115862226	5	5
SST	0.5607229698535698	-2.354230047563411	5	5	0.2968491201447703	2.0869652037430027	4	4	0.020663893407400196	-10.22201085792158	4	4	0.23142589990922313	-8.852676858800503	2	2
SSTR1	0.42397614525139593	0.2879886221743831	5	5	0.8932706221997676	9.240035456650503	5	5	0.7193019004623613	-2.9300817070291547	5	5	0.5662983738145992	-8.01159502497775	5	5
SSTR2	0.19452402881540354	-1.6126461480542094	5	5	0.16374998424918574	0.6227417346464001	4	4	0.3541741910914068	-6.456966264179775	4	4	0.5740209553051443	-2.375994702903506	3	3
SSTR5	0.8633672861017403	-8.720087014757722	10	10	0.8357301234177407	8.521327334456695	7	7	0.3618558552690303	2.966673775027413	10	10	0.3403788674017856	-3.829023860896483	8	8
ST14	0.04820890542520049	1.6091717214472492	5	5	0.30502011036829124	10.701632287227724	5	5	0.47227408646913205	-5.9011942478334385	5	5	0.04516379366805567	-11.595050557426694	4	4
STK10	0.9182289012525874	-4.855561910500685	5	5	0.7149683940145535	3.467692866441915	3	3	0.13741494346279767	3.7570175462778383	5	5	0.5261583564958352	-3.381634277332696	5	5
STK11	0.6026282118175132	-7.527388319870813	10	10	0.3272655988337191	13.987063120664908	9	9	0.4942172546699929	-2.9563928374915918	9	9	0.3934121370984818	-14.260876258364513	7	7
STK11IP	0.22859741001264733	2.5680183986166827	5	5	0.6309401810778674	5.137093673865547	5	5	0.22857703591827072	-9.651176229334746	4	4	0.9935918570986044	-6.675163274326533	2	2
STK16	0.3255608064131297	-8.13220686890043	5	5	0.10686158660613695	12.182873934193116	3	3	0.5516414253094134	2.8394659352952587	4	4	0.18483545275320257	-11.428249214690922	4	4
STK17A	0.14799712661379558	1.1836325083144412	5	5	0.8864301314071137	8.833739357825047	5	5	0.06276513330212391	-9.930058231830238	5	5	0.12622808222727358	-17.008245704934406	4	4
STK17B	0.7298481584040415	-0.47192688601219884	5	5	0.3657068086883736	1.9777152668731208	5	5	0.9808849433081536	-4.987599658759846	5	5	0.09827306500665496	-2.3077405266654614	4	4
STK19	0.6164552554061412	-3.310730418038743	5	5	0.8347270723817914	3.4117714400918917	4	4	0.9251130503632994	-1.8812182932173631	4	4	0.5829597999420405	-0.541674015867935	3	3
STK24	0.8153670946865653	-2.9345259657585774	4	4	0.05406604398498214	13.659738904636024	4	4	0.5340766450480353	-5.074557856824997	3	3	0.036312796619311694	-17.13305935701049	4	4
STK25	0.9330575556980906	-2.8891574325988567	5	5	0.797051849978957	5.968686839327687	4	4	0.9046437092027014	-2.073141769167385	5	5	0.8082903871016894	-7.118150174558818	4	4
STK3	0.42940567778975935	-5.086805104572606	5	5	0.3423673177460389	6.8923754209796995	3	3	0.4178549877261867	1.1671099611900597	4	4	0.8650501184450475	-4.239938571232423	3	3
STK31	0.7019717081980577	-2.06318691330847	5	5	0.42335965437297274	6.855817331057739	4	4	0.9490563010421037	-2.3539829000760086	5	5	0.3124824587803954	-10.561912392446505	4	4
STK32A	0.6077242126538864	-2.163991714580467	5	5	0.5124410706098497	2.781180925676877	4	4	0.5697317910937402	-5.94773288306621	4	4	0.7909789710051218	-2.40771681107363	2	2
STK32B	0.32403221939848137	-2.337589321135265	5	5	0.26650620909199285	1.7636115357762427	4	4	0.07706039503974878	-10.690963993197578	4	4	0.9636439973454611	-4.6855734408034815	1	1
STK32C	0.2167849949611097	-2.4425757697914547	10	10	0.4085383525884223	12.993419643496496	9	9	0.0706315525317475	-10.446666384744367	8	8	0.10219238258262604	-17.307309874996875	6	6
STK33	0.24841703568385598	0.8211778860061871	5	5	0.5532273238028054	5.717556357325994	5	5	0.31044728941327515	-7.709006765315955	5	5	0.44831048010169006	-5.245991914893339	3	3
STK35	0.38540232932899543	0.7306463392723447	5	5	0.14589183568023792	-1.3627158951709475	5	5	0.1622226009404334	-9.761860964503846	5	5	0.3726627233478227	3.0037187994485866	2	2
STK36	0.365296891391101	-6.934446717944167	5	5	0.03827739578683361	15.740381018513483	4	4	0.8928314729386756	-0.11605701619927444	3	3	0.055768024133310355	-14.331229598561004	4	4
STK38	0.2099304598803663	-0.6909199943623167	5	5	0.04719645643496288	0.6659796437821308	4	4	0.03711713867079877	-10.770539209061353	5	5	0.4847140862230581	-7.495120372005074	2	2
STK38L	0.8251818436098276	-2.4011158731352635	5	5	0.7524653116266203	5.217978485388431	4	4	0.1957307127018736	4.409904431571604	5	5	0.3546186560027874	-3.2325624912657034	5	5
STK39	0.6927657961009959	-3.522814773590856	5	5	0.19564431342197386	12.559080579267473	5	5	0.5819471844859585	-1.9726501825577116	4	4	0.27276595801410597	-14.260000041637673	5	5
STK4	0.2564095243487303	-9.471433170017153	10	10	0.23072894549266865	1.8611810510932187	4	4	0.9912966103590228	4.164998314812493	6	6	0.28372586387635934	0.1928467816225634	3	3
STK40	0.5488708185171891	-1.606742656262701	4	4	0.1456282830122464	-1.3746782019713113	3	3	0.062127439552759685	-7.4414088534126615	3	3	1.0	0.7152367200691732	1	1
STMN4	0.35549441181615726	-4.288143683626941	5	5	0.826560501188073	5.270133433890331	3	3	0.9251130503632994	-0.6321614444994748	4	4	0.5611133531647523	-7.205880077545872	4	4
STRADA	0.21679688945470343	-1.2049831726993139	5	5	0.2857571729865991	1.4282388761830969	4	4	0.22173172440928723	-6.833592609939189	4	4	0.9895695423486784	-3.7989682390256703	3	3
STRADB	0.9281118320888259	-6.1027579471614954	5	5	0.12233626149408068	-1.5228719367264774	3	3	0.6479961020557885	-2.727879463158023	4	4	0.6820945368121456	2.353249645419986	2	2
STYK1	0.8251818436098276	-4.923475186329081	5	5	0.09081427025236018	-1.665796136131129	3	3	0.5374895739118034	-3.20607325269952	3	3	0.21317480563693292	3.3464299578106242	2	2
STYXL1	0.04251834965330788	-8.5580884942102	5	5	0.04179413955519606	15.859794137558076	2	2	0.1673824772886694	4.883956292122791	2	2	0.13312527278221614	-9.404578371055521	2	2
SUCLA2	0.8397456615414245	-4.404705973293081	5	5	0.12786681508373268	-1.482434456938602	3	3	0.5598841462378817	3.43025203723514	5	5	0.05801470445520434	3.8824362772343797	3	3
SUCLG1	0.854364555621399	-5.2225166321668555	5	5	0.7065985424813297	2.2116455069084204	3	3	0.1989322109473446	3.4147344183976287	4	4	0.21239151851507987	0.795795734781807	4	4
SUCLG2	0.2544289825396243	-1.038548288579295	4	4	0.5250157796189969	8.079183239854496	4	4	0.011117095673577283	-10.580195524674485	3	3	0.047280247765872405	-17.063370640176437	2	2
SUCNR1	0.6164552554061412	-2.2816321320628945	5	5	0.531361845536493	8.904688780930474	4	4	0.36178658139964315	-6.0463967175300555	3	3	0.11368735693078738	-10.984454610900217	3	3
SULT1A1	0.9206984951518774	-5.212614862685769	5	5	0.6871474617411502	5.590920053850806	4	4	0.46564633812280687	-3.3875243689998182	4	4	0.7143319843313938	-4.1567106522565025	3	3
SULT1B1	0.27211553325268045	-1.4501238004181698	5	5	0.24225447744842854	2.4073519800234173	4	4	0.8983200688437224	0.7455165576824282	5	5	0.24279877889186918	0.37131427637509606	4	4
SULT2A1	0.7065912187837	-5.517892547657361	5	5	0.23583242345924338	-1.14061396663981	3	3	0.7102618519742219	-0.544141592894709	4	4	0.3017124921160841	2.7971236353434357	3	3
SUOX	0.4761970241422234	-1.7080350185804996	5	5	0.6036345294692856	2.3958533500068717	4	4	0.6896542036731921	-3.7115042656034283	5	5	0.5019209615503581	-3.4730699479886114	4	4
SV2A	0.13617240720860677	-0.649674624197648	5	5	0.21740060452946142	4.921765089491226	5	5	0.7676119195973456	-0.29088270474461114	5	5	0.33743579615046726	-0.0764248807546893	4	4
SYK	0.6457810709104743	-9.026047210796593	10	10	0.4610490147849613	18.872575157731514	9	9	0.37535522101994145	-10.93933859359204	7	7	0.0764519821707948	-14.692846586997781	6	6
SYN1	0.6609084332288035	-1.7207149361790866	5	5	0.09226328593125657	12.931512169396562	5	5	0.41528886249379837	0.5878567755246538	5	5	0.2048828143662026	-10.809724906732754	5	5
SYNC	0.09116101408421719	1.6152732834934866	5	5	0.15699694146996565	4.403247558233357	5	5	0.12582428416872252	-9.4438610361044	4	4	0.9551661367621639	-6.234971972678061	2	2
SYT2	0.19883867151871037	-1.602543705875955	5	5	0.5506305425088582	1.7042215759759323	4	4	0.42301800395951616	-6.146406048399871	4	4	0.9167058325394901	-3.8829952944374946	3	3
SYTL4	0.18403870640516418	-1.0293344654893917	5	5	0.3958101835191862	2.202635292844352	4	4	0.1622226009404334	4.226832852904841	5	5	0.05591401671350192	0.9144779490963236	5	5
TAAR1	0.5818685527788804	-5.191188793819528	5	5	0.6249869088273721	6.497561499957752	3	3	0.41272927993493147	0.8771366678186249	4	4	0.7143319843313938	-4.084065135207839	3	3
TAB1	0.23101139004820936	-9.390759619621669	5	5	0.8522049025367457	4.062682058025017	2	2	0.28225690387709124	-5.182135380249035	2	2	0.29446852463267126	-8.747203085601447	1	1
TAB2	0.40266294374946365	-6.136801901688151	5	5	0.6013188402665999	2.403348552117913	3	3	0.18812945867834407	-6.4722302761914206	3	3	0.29446852463267126	-8.713132377414448	1	1
TACR1	0.891882575947341	-2.762742290259796	4	4	0.4152680050824561	-0.8177949703680483	3	3	0.8358028949108604	-2.1791994079987256	3	3	0.09640835542469206	4.018416437245997	2	2
TAF1	0.39935699969349314	1.2809718558236611	3	3	0.2910900892917013	-1.3015465220719262	2	2	0.48004016474730005	-4.7825142227694	2	2	0.6322208389509509	2.7794655248841353	1	1
TAF1L	0.4370421488225792	-5.807079493444551	4	4	0.22722499596222234	-1.5640466095777086	2	2	0.5881004272965635	4.646241433641895	4	4	0.034661999572770046	4.29088988102435	2	2
TAOK1	0.3957037889090864	-1.8266081714726763	5	5	0.5834900808767327	5.245446480450522	4	4	0.18970394522355882	-4.370049364799085	4	4	0.39546642589326464	-4.7978242719042	3	3
TAOK2	0.7628253440339483	-7.693835396101298	5	5	0.6738184167466198	3.7224728571718897	2	2	0.6606522698158706	-4.166331706833843	2	2	0.837481715657244	-6.034588361738853	1	1
TAOK3	0.45463260385793014	-2.8823998215128968	9	9	0.0620100585786336	17.703334872680315	7	7	0.1584452048804691	3.9183498339735063	7	7	0.43767336680950064	-14.66513289990307	8	8
TAP1	0.793838816160978	-5.328078992279983	5	5	0.7821079573131526	9.127341110966531	4	4	0.6558719185471185	0.46818279657030293	3	3	0.9235806701215031	-6.849718928326056	4	4
TARS	0.23106469276152608	-7.074602560884636	3	3			0	0			0	0			0	0
TARS2	0.3056690948546178	-7.262530188492608	2	2			0	0			0	0			0	0
TAS1R2	0.04856263585174124	-8.719063112472858	5	5	0.34449053052481915	9.65525619935693	2	2	0.2857845560716932	3.490528414790171	3	3	0.9895695423486784	-3.5254133156592338	3	3
TAT	0.8739336054079389	-5.307660784217036	5	5	0.6170528519825211	2.166813551497358	3	3	0.7506419973275583	0.5169073307378799	4	4	0.5133369238656149	-0.37489439569262356	3	3
TBCK	0.6296538564774289	-4.267280607347994	5	5	0.09298040817619624	-1.8527971544787174	3	3	0.8403716883911934	-0.04495715656174785	4	4	0.0867926661869571	3.469711637356305	3	3
TBK1	0.9826255130967373	-4.4921004710425825	5	5	0.5766345598965373	15.698276515565333	5	5	0.9426986887903109	-3.9469541600496183	5	5	0.4262600961757588	-11.561714620448557	4	4
TBXA2R	0.4348755774538744	-3.851276030518695	5	5	0.7377767445996932	6.68191836386628	4	4	0.7036066917205944	-1.7178986879111406	4	4	0.8700179988420107	-7.2642868784540475	4	4
TBXAS1	0.8397456615414245	-5.306877953661902	5	5	0.10808862719772097	-1.5828111998211085	3	3	0.9500345232873076	-3.108434182251521	4	4	0.024017312664402237	4.82089965847068	2	2
TCN1	0.9330575556980906	-5.877492589659549	5	5	0.6941101339360297	6.840334725772664	3	3	0.7642617308063044	1.1567177780183797	4	4	0.7520129166711786	-6.943087758150759	4	4
TEC	0.7019717081980577	-3.4054767244004474	5	5	0.44041461759139866	6.78203499049114	4	4	0.5815873023707121	0.8177411576130865	5	5	0.7995594125507082	-3.5404458160073276	4	4
TEK	0.6182144250618633	-7.955392478379326	4	4	0.4750045753332912	-1.3123582998932406	1	1	0.2953479851768257	-9.483530616460133	1	1			0	0
TENC1	0.11189093747105926	1.2568193684197393	5	5	0.968928919342471	8.798489636223387	5	5	0.23405163560388387	-6.737146848521061	5	5	0.2663128733664861	-10.472764597034866	4	4
TESK1	0.3090030263048408	-9.261928076983516	5	5	0.046134259814973336	-2.346048172942755	2	2	0.6256353229000864	3.2455817000409755	4	4	0.1978529283324042	3.150048762498147	3	3
TESK2	0.883747905809653	-0.13950338030434248	5	5	0.6620211897545752	2.7239017880385816	5	5	0.37106158748717977	-1.1881257811448456	5	5	0.09157649117632893	1.0294553200317507	4	4
TEX14	0.424807336732109	-7.24744036142994	4	4	0.8987703906618175	0.4919172292323921	1	1	0.32991167792969545	-9.264217588055656	1	1			0	0
TF	0.7179473682789029	-9.94835696528225	9	9	0.9796840316412196	13.487379104231858	7	7	0.6865017289310354	-2.646992790766893	6	6	0.9598378260607108	-11.100219576681171	6	6
TFF2	0.9851072675418603	-4.969163999479947	5	5	0.8794275253645891	3.0755119457796494	3	3	0.27674630646727594	1.7975157480535795	4	4	0.43285091595975	-2.854246721861857	4	4
TFPI	0.12975072440757374	-1.3371440699825357	5	5	0.10614428859057819	-1.7470067785221328	4	4	0.0100624653244053	-10.36693208857121	4	4			0	0
TGFBR1	0.3685570284313684	-8.337135114273437	4	4	0.46299045896034097	-1.3949107922523503	1	1	0.15567600501813117	6.552312848247827	3	3	0.21912311405978113	3.139915753963886	3	3
TGFBR2	0.18610157077844247	-1.7864310775508419	5	5	0.28357313610865664	1.2191184409996083	4	4	0.8896440161512097	-0.5759693394448578	4	4	0.40048881543364123	-0.08575025644004253	4	4
TGM2	0.9975177382557646	-5.038940828495442	5	5	0.06976756970983834	16.7427428095252	5	5	0.5409137595460822	-3.0145172760961745	3	3	0.029008678375063317	-16.70016065331657	5	5
TH	0.11831762317142824	-10.186704494118201	10	10	0.913837767233215	8.780831192599576	5	5	0.798568037567669	3.5686784206000275	7	7	0.8012068842493968	-10.97389945259313	6	6
THNSL1	0.11688722125455306	-1.182926895019085	5	5	0.9497043410641458	5.616409465111921	4	4	0.771099342546707	-2.9667333482056653	4	4	0.9270864972393051	-3.834409226718622	3	3
THRA	0.6790419600920736	-0.495798388779436	5	5	0.7454858949282303	9.661618844904323	5	5	0.4385232742416403	-9.077679581614312	5	5	0.20947542390099783	-10.329531045943567	3	3
TIE1	0.8106779486944853	-3.2636720306174882	5	5	0.6658561515080483	5.9728887236818915	4	4	0.9892864308360336	-2.9377190290707227	4	4	0.6852839181983256	-4.075627315521175	3	3
TK1	0.03257381307139925	-8.629190166890131	5	5	0.028715601193905295	19.03870470059306	2	2	0.10441430358541133	11.070267395958675	1	1	0.289638945955366	-10.515880418801176	3	3
TK2	0.8985024041132937	-2.322512119946094	5	5	0.6943011151394684	2.4076671417707125	4	4	0.31389136262662753	1.2929403501606114	4	4	0.34315039777789624	0.04079411366723503	4	4
TLK1	0.30605338641965163	-0.8820830077175398	5	5	0.6172353737898271	9.740311073927264	4	4	0.4025903353940553	-6.399262804339187	4	4	0.1698561098975886	-10.635707066374229	3	3
TLK2	0.46092721016380545	-2.1170921130300098	5	5	0.5901700428990586	2.0427395533994086	4	4	0.7252841894979406	-2.1213934682177875	5	5	0.14675079824891618	0.71445832188104	3	3
TLL2	0.4061698612539234	0.7611438607882893	5	5	0.10645577636616343	9.720544919803604	5	5	0.48217359552168093	-1.0975937947798864	5	5	0.04011452376395375	-8.8755281899699	5	5
TLR2	0.7628253440339483	-3.92321351974121	5	5	0.47515669559674945	11.290272833492947	5	5	0.620485606669627	1.1903722415543347	5	5	0.8169909018016059	-9.712449028959552	5	5
TLR7	0.39917423971230637	-4.256623993018582	5	5	0.4520001713552888	4.917407736980953	4	4	0.08537799178816026	-9.311414637415366	3	3	0.2270843147989463	-16.161200787351955	1	1
TLR8	0.19600898003922063	-8.725328859011436	4	4	0.8306197822146404	9.072427101066676	2	2	0.8568193952648839	0.2322461435261399	1	1	0.7298278002076196	-7.633888894652239	2	2
TMLHE	0.5482168078588079	-3.4826217996828084	5	5	0.9955172430739164	2.7806121309971057	3	3	0.5758241925781689	-3.5741726770719997	4	4	0.7419352927113232	-2.075727292852506	2	2
TMPRSS15	0.365296891391101	-8.581422009324228	5	5	0.7984851849034864	4.981790780075196	2	2	0.44315253569662993	1.102947679782972	3	3	0.6703485954696016	-2.0074939739423407	2	2
TNFSF11	0.9132920730735067	-5.757747098207454	5	5	0.4282529077397984	6.083407368244039	3	3	0.49399123707363213	-3.99189871133993	3	3	0.22908579873911206	-8.504046605204204	3	3
TNFSF13B	0.4956678495492892	0.49944794403343584	5	5	0.3476444463049674	1.9833088757987358	5	5	0.4772097917872862	-9.470774309295921	5	5	0.4265444338667359	-1.0547480863778147	2	2
TNIK	0.48005734270335876	0.4517966186577878	5	5	0.1868253721323272	10.89007631871703	5	5	0.2774071846315891	-9.383161561277747	5	5	0.028985094764266736	-15.108519980714858	4	4
TNK1	0.4061698612539234	-3.5472875837621665	5	5	0.6652969764541896	5.488746245918935	3	3	0.9173087508134828	2.732765652125822	5	5	0.5731285292641912	-9.888593283963209	5	5
TNK2	0.30489108653226316	-2.2331017237406168	10	10	0.8208626232945443	13.76168956381039	10	10	0.04835470969869215	-10.307827722676452	9	9	0.03327646032553404	-17.276252738759315	6	6
TNNC1	0.7251760390475201	-8.780223925450272	5	5	0.9775890450594203	5.468168889987399	3	3	0.7438608628845441	3.813218025724856	4	4	0.8959888013798673	-3.8701874227235584	3	3
TNNC2	0.8788384283728083	-4.169562852178344	5	5	0.11040838292991145	12.782287258941542	4	4	0.25001175340433135	-6.117894174235872	3	3	0.018615512084836323	-14.673828178599207	3	3
TNNI3	0.40266294374946365	-8.320564020425591	5	5	0.7233726617330447	5.15368503869528	3	3	0.9092411559816673	-0.16588160897076198	3	3	0.9478833410736787	-4.522336357537387	3	3
TNNI3K	0.025705705756206797	-8.72295552738426	5	5			0	0	0.02323478403858802	9.54435030603844	3	3	0.08208567204304086	3.580824153895344	3	3
TOP1MT	0.7866509198800523	-5.268141926268589	5	5	0.3294194401213737	12.392827925857219	4	4	0.8755139973744485	-2.308243107251981	4	4	0.3533121947871367	-9.434472821567772	3	3
TP53RK	0.038559782533726064	-8.826250310835343	5	5	0.07848320868309197	14.342182498381959	2	2	0.037404622311579816	9.55774445794171	4	4	0.7908534206355673	-4.305987975467635	4	4
TPD52L3	0.3411050154135693	-2.0736906369433914	5	5	0.9111408467360205	2.8404791231312	4	4	0.2537163774810789	-9.103087765578056	4	4	0.7298278002076196	-6.769205561607613	2	2
TPH1	0.9694189066450224	-4.608452243743867	4	4	0.13129331347928347	16.01037011620193	4	4	0.40764101876184466	4.10301537290833	4	4	0.2042318760697932	-11.303501012617906	4	4
TPI1	0.3291369289951762	-5.7165329800663045	4	4	0.1487639073186905	10.016526964837366	3	3	0.913866734634573	-2.9325348104856888	2	2	0.30787314950254463	-10.232853590600323	3	3
TPK1	0.5607229698535698	-6.739155919703091	5	5	0.6817045355351095	3.9988326259562936	3	3	0.15283722907652406	3.2855886090730553	5	5	0.3651769592931742	-3.211107966247423	5	5
TPMT	0.21679688945470343	-9.031252275509733	5	5	0.41157456871512654	2.697927789290282	2	2	0.9339262784094127	0.09765199088090092	3	3	0.6010295810233537	-3.020868273302888	3	3
TPSAB1	0.7914408970790019	-2.33660777708912	5	5	0.1009988182169408	-1.5495216419794857	4	4	0.36829729255679833	-6.343298225023825	4	4	0.5469327444768446	2.4367186234572253	2	2
TPSB2	0.23589356297761477	-9.070735810300059	5	5	0.4895310666857753	6.469951697485546	3	3	0.29969476237344217	-5.09376148021954	2	2	0.2782527139138412	-8.390264651826547	2	2
TPTE	0.9132920730735067	-2.379476563935011	5	5	0.7895702283825207	0.024198626687731206	4	4	0.13531336712406408	4.345174928604307	5	5	0.1743631645244439	3.7701747697954757	5	5
TPTE2	0.906595697905737	-8.911599802544458	9	9	0.9482381314788426	9.643885512864907	5	5	0.5485353141285152	-10.079260563762189	6	6	0.559507517591116	-13.896237759568374	5	5
TRAF3IP3	0.9357610133795955	-8.346091695953515	10	10	0.524368447884058	13.680653860278278	7	7	0.5558370071765816	-3.357562621837199	8	8	0.8169909018016059	-14.074381157148585	5	5
TRAPPC1	0.07985533312379345	-8.595296005138229	5	5	0.2861311863015312	10.696166391753243	1	1	0.15594612498890956	5.531380672577482	2	2	0.5153359195089745	-1.4210113999333394	2	2
TRAPPC2	0.6208413118993609	-3.296889463889739	5	5	0.5377465757896365	7.382216833662394	4	4	0.9892864308360336	-2.581948870702356	4	4	0.5687432323270151	-8.430347310510834	4	4
TRAPPC3	0.8479885433226616	-3.870263138426958	4	4	0.13075084124225744	-2.0705791179852415	2	2	0.4809962972959322	-3.180468630703187	3	3	0.23597275505870985	3.8409563254237424	1	1
TRAPPC4	0.5281584573570707	0.7817187440392169	4	4	0.6623329031725892	2.487105727397323	4	4	0.23205556525742077	-8.739778171344994	4	4	0.3864659528883494	-8.227655381449354	1	1
TRAPPC5	0.8644011758205623	0.3781993060860683	4	4	0.30387702098213154	-0.7625651839798877	3	3	0.787587630914137	-1.840899840117918	3	3	0.1696320948941079	3.539343648456166	2	2
TRAPPC6A	0.6340800847851441	-8.511832200790368	5	5	0.826560501188073	5.4208199116236	3	3	0.4618580191122228	3.193291727591332	3	3	0.4876566540526557	-3.0510435031534797	4	4
TRAPPC6B	0.38540232932899543	-6.848327221253545	5	5	0.6734813344087225	5.664427173411951	3	3	0.3764867545382288	1.524487648919338	2	2	0.8856559261797309	-3.5762265162883273	3	3
TRDMT1	0.08880240454027205	-8.530429712523848	5	5	0.28357313610865664	11.760836425447978	4	4	0.1200681493431556	4.2579359638371495	3	3	0.8967405044802678	-6.343449393485481	4	4
TREM1	0.9182289012525874	-7.73058832549069	5	5	0.6170528519825211	8.395245976531145	3	3	0.88464335822412	-0.33355636498288693	3	3	0.3726627233478227	-7.4363578796078365	2	2
TRIB1	0.89358008027059	-5.216368739664812	5	5	0.26837546070021623	1.707878092776544	3	3	0.4601906722551864	-2.7067608187207486	4	4	0.8158285203497877	-5.8161990772655	2	2
TRIB2	0.590429892473969	0.22564420405137645	5	5	0.47515669559674945	2.441066762736917	5	5	0.32201555080400157	-8.002398990299435	5	5	0.7339331001497869	-2.038961757436398	3	3
TRIB3	0.32403221939848137	-8.217978045157517	5	5	0.04404672135171795	15.656444303042667	4	4	0.5371272799460534	-4.586755793027559	2	2	0.022297813826734635	-17.625788908179484	4	4
TRIM24	0.027402163441385234	-9.210573423920488	5	5	0.06746590383577478	14.629898665851087	2	2	0.759055370529039	0.5023113205432084	1	1	0.05097916766787466	-13.960005331956914	2	2
TRIM28	0.5155557559083246	-1.9504187406536566	5	5	0.6943011151394684	5.572744832787372	4	4	0.9180050252314872	-2.2035392920623775	4	4	0.9687157558347669	-3.2442455300534916	3	3
TRIM33	0.5990487647444174	-1.203998964409133	5	5	0.6557559905733703	9.326882551323271	5	5	0.9363447250963816	-3.576632061539795	5	5	0.5764223405387352	-7.734527968216464	4	4
TRIO	0.5236103723312016	0.014700222037407137	4	4	0.5901700428990586	2.16031843093914	4	4	0.26891640649689974	-6.161797582311066	4	4	0.6586826917297809	-3.206445815466982	2	2
TRPA1	0.8155056255135527	-4.6173729933458265	5	5	0.17041430911692557	-1.3998086555962168	3	3	0.13292381209972526	-6.83549389029939	3	3	0.6816361813814648	2.6071014779904056	1	1
TRPM6	0.06625480524089283	-9.57843469908883	4	4	0.90661939510372	8.263317409882465	2	2	0.18782576467658563	5.743299583997217	2	2	0.4265444338667359	-0.9487583515054809	2	2
TRPM7	0.6836050357079828	-5.721105658343769	5	5	0.13652475757907007	-1.5787620557848967	3	3	0.4012318075133846	-3.443436595481499	3	3	0.3077280768410524	2.8603377333871016	2	2
TRPM8	0.5733656784499663	-2.456289986467009	5	5	0.1456282830122464	-1.4134910071645095	3	3	0.812481680421815	0.2266897214557123	4	4	0.10223228122064074	3.3688901572157604	3	3
TRPV1	0.11761514055512526	1.712884985411679	5	5	0.9827352708775667	5.695466365374046	5	5	0.6092563829615779	-2.206867911140121	5	5	0.6886961274936931	-2.9780660409319673	4	4
TRPV3	0.210369863568433	-4.8107150756648025	10	10	0.9313416500443387	12.646196819731612	9	9	0.3618558552690303	2.8813722527940313	10	10	0.5080508727953783	-11.446585074921174	10	10
TRRAP	0.034121662726307254	-9.484142745747697	5	5	0.4279840587835154	-1.4951884810221294	1	1	0.27900979266158943	-9.666360797589022	1	1			0	0
TSKS	0.789044872649562	-2.705841722381112	5	5	0.9060795621995646	5.016342006929269	3	3	0.9644759375975938	-0.07237443753583254	2	2	0.8959888013798673	-3.8544397141134987	3	3
TSPO	0.10812606730992584	1.345384545082206	4	4	0.16670618039440965	-1.2886644818971782	4	4	0.11826230899013254	-9.79329127396236	4	4	0.5843957357186256	2.9187403134862615	1	1
TSSK1B	0.39917423971230637	-3.3674495360307914	5	5	0.7520470321080464	15.398077534854488	5	5	0.5397400596317476	-3.533033867437181	4	4	0.11670352536619152	-11.325256781988868	3	3
TSSK2	0.8985024041132937	-2.3497246295199887	5	5	0.4859266291572756	12.815166286901073	5	5	0.21575107122937887	-10.466980624541529	5	5	0.05976629002768475	-11.43959659850515	3	3
TSSK3	0.8739336054079389	-5.600986399459877	5	5	0.39000691459758685	1.865196077571989	3	3	0.3783847691234835	-3.44326826512409	3	3	0.9478833410736787	-3.7369256133517887	3	3
TSSK4	0.11189093747105926	-8.230967192192882	5	5	0.4511476761767489	-1.4480498802299309	1	1	0.3456523530335013	3.3351160449330863	3	3	0.17467831277558643	3.502940238277244	2	2
TSSK6	0.9727004053932512	-5.224529754343749	5	5	0.5704074343351997	5.950905251054621	3	3	0.26123996201338207	3.490315592082777	4	4	0.9684931454948266	-3.8641319475745597	4	4
TST	0.8348846954256501	-4.715501351249604	5	5	0.03369267059664729	-2.0043167551041297	3	3	0.8473770774608975	-3.578869615792589	4	4	0.1904886601224478	3.689264289033665	2	2
TSTA3	0.5145748543831248	-5.177717487584587	4	4	0.23583242345924338	8.877741721581597	3	3	0.25001175340433135	3.837620660044159	3	3	0.9505081346935688	-6.8011959255819425	4	4
TTBK1	0.8010443417528704	-4.741779949340962	5	5	0.9342596937976486	7.422899771366694	4	4	0.22138122332963894	-5.62984236282275	3	3	0.13960852807658458	-9.740790100020366	3	3
TTBK2	0.8058574622301209	-3.622669235855889	5	5	0.42335965437297274	-0.20607335011616623	4	4	0.7303584933309185	-4.245353078867383	4	4	0.09966950043114585	3.7850146867201957	2	2
TTK	0.2873557118439516	-7.4235545299491505	2	2			0	0			0	0			0	0
TTN	0.7913362874330439	-6.398613630525273	9	9	0.7516275048563246	5.328934286306846	7	7	0.6227846074563884	-2.8656228364824248	8	8	0.7936284835066508	-4.345325806637358	5	5
TUB	0.40266294374946365	-1.7018328767125184	5	5	0.13129331347928347	-1.601607310423148	4	4	0.021159971771852925	-10.106544840322732	4	4			0	0
TUBA1B	0.5892273600978339	-6.516058567336364	1	1			0	0			0	0			0	0
TUBA3C	0.10638878754203099	-9.753834297778996	5	5	0.11726684844511427	-2.1210503410678685	2	2	0.41889858906246547	-3.4521675608690194	3	3	0.1714880189307838	4.127156715836578	1	1
TUBA4A	0.6885695792733071	-2.441448916487379	4	4	0.8651473251322472	8.236094287801281	4	4	0.8928314729386756	0.3042300002435037	3	3	0.6804051243092235	-6.274171261549996	4	4
TUBA8	0.12662931077440837	-9.120187008214288	5	5	0.6940887627719636	5.0789379739914455	2	2	0.28071896451715694	4.673897395860917	4	4	0.4132554870420113	-2.946893097617005	4	4
TUBB	0.028897556193507916	-9.203248582721404	10	10	0.29237836000836925	13.336979923103774	4	4	0.12693482995955982	4.578439771336929	4	4	0.7858808682082163	-10.31132719100079	5	5
TUBB1	0.46282075639175413	-8.237112109663956	5	5	0.5621718618152096	5.100070585133386	2	2	0.20242258462735274	3.8913477199084476	3	3	0.6379060901010708	-0.5829458767820093	3	3
TUBB2B	0.6087130510176134	-9.736767851942593	10	10	0.8625895711800918	15.881959852171988	8	8	0.8471835399192014	-2.7635855890105803	6	6	0.8070264858595446	-16.84860892064552	8	8
TUBB3	0.7488039204435499	-8.241279821706318	10	10	0.7266756225511086	12.485302768206864	8	8	0.12907163602772254	-9.37572363984456	7	7	0.28621897759919535	-10.796368420146	4	4
TUFM	0.6496743293061921	-8.176619755917107	5	5	0.5935203526495989	8.910833834714884	3	3	0.8764675454502998	-0.3428350740474086	3	3	0.8258231017016949	-10.288639224649337	4	4
TWF1	0.5236103723312016	-4.141599545228812	4	4	0.4772562745439488	-0.8576478244799475	2	2	0.5221323828773468	2.7608135537417824	4	4	0.21912311405978113	3.093490052233703	3	3
TWF2	0.05570951260654227	-8.594381567100063	5	5	0.2688173387484377	10.976555538001497	1	1	0.08239358859383124	6.5967927412028375	2	2	0.9168443588408726	-2.241929872694353	2	2
TXK	0.3659881534573617	-7.490253010728359	10	10	0.5988718899189853	12.014512383684261	8	8	0.34563785994354645	-9.802153162755582	8	8	0.2084999861391028	-10.996059052114676	5	5
TXNDC12	0.6699511523320392	-4.855906901560755	5	5	0.9596721613037543	2.9113051676764723	3	3	0.49399123707363213	-5.4408853663948555	3	3	0.8534450846924276	-6.371440168443781	2	2
TXNRD1	0.642971793323641	-2.3571626164402484	5	5	0.9034502746478965	5.676189635383795	4	4	0.30116136978010655	-5.521080749418083	4	4	0.2927413689959968	-8.216072845558092	2	2
TYK2	0.41323816948700376	-8.032585392451308	5	5	0.5627995691474805	6.061324094620897	3	3	0.5971344532108822	1.0690066991558511	3	3	0.4641144340452932	-2.8927370875115628	3	3
TYR	0.4533961554573195	-2.5070034457096018	5	5	0.6138224018809113	3.4758147240360704	4	4	0.8896440161512097	-5.3595479991097905	4	4	0.9935918570986044	-1.870607940040196	2	2
TYRO3	0.03797947408453413	1.7750090464703276	5	5	0.317426867913176	4.1097715637114804	5	5	0.620485606669627	-5.51595018787036	5	5	0.5764223405387352	-5.332624494904301	4	4
TYROBP	0.30605338641965163	0.6679522104917384	5	5	0.3476444463049674	3.0931868641297684	5	5	0.2845340896522671	-8.780609090530328	5	5	0.9791408671229712	-3.749746140500015	3	3
UAP1	0.8690336222069996	-2.430269203696706	5	5	0.797051849978957	6.376855494636421	4	4	0.3182122389895108	1.1418111052267192	4	4	0.7562998120078067	-3.663824619142332	4	4
UBA1	0.06959118878728235	-10.190563411616607	10	10	0.5944908653052882	12.587195084183683	5	5	0.06850268890552187	11.46886557277537	6	6	0.46225035383646207	-10.785153119690271	7	7
UBC	0.3820052568369281	-3.041955519811827	5	5	0.46375607361944093	4.491780581977799	4	4	0.7303584933309185	0.8066693831777609	4	4	0.40048881543364123	-3.162793078381958	4	4
UCK1	0.21912122290511848	-1.6363764383108126	5	5	0.13889768053346235	0.933253975770237	4	4	0.18970394522355882	-7.334769096199253	4	4	0.8913979296231909	-2.528207684569678	2	2
UCK2	0.5691364506261621	-8.739461639605645	5	5	0.36937250044404735	12.519319079796654	4	4	0.6784859792010439	0.8492715118544168	3	3	0.3179198990433457	-10.320746059772288	4	4
UCKL1	0.4761970241422234	-1.680675429364264	5	5	0.23739063242182845	4.597212606398746	5	5	0.565272962075724	-0.94827861643532	5	5	0.8522831759328808	-0.8194929424293775	4	4
UGCG	0.5155557559083246	-8.680491205157784	5	5	0.677587973772891	5.942608791297609	3	3	0.8436415847124482	0.17320329040557922	2	2	0.5133369238656149	-4.421967857195187	3	3
UGDH	0.0777369772967558	-0.7079927774590505	5	5	0.23397172902097219	4.644947126448657	5	5	0.4385232742416403	-3.73397642220706	5	5	0.8959888013798673	-0.8239063445329352	3	3
UGP2	0.1700706256459913	-3.2068119805757367	5	5	0.544169601042237	7.002817455276848	4	4	0.9678670176079451	-1.1440261372205656	4	4	0.8650501184450475	-3.5698037861331073	3	3
UGT1A9	0.8589234302104986	-4.792295898214557	4	4	0.9686286237487493	5.279751838020299	3	3	0.49399123707363213	0.9793010815393471	3	3	0.8959888013798673	-4.257789210667858	3	3
UGT3A1	0.7251760390475201	-4.643712104982647	5	5	0.5702369356998382	9.639966457757803	4	4	0.5456746483060118	-2.669650683856984	4	4	0.45617396933916476	-8.513396663260584	3	3
UHMK1	0.7486355258963429	-1.5440095332951735	5	5	0.19564431342197386	12.386655373200568	5	5	0.27674630646727594	-6.724461166972901	4	4	0.07999423865097266	-17.63177761728004	5	5
ULK1	0.07669508969818949	1.5981276425113116	5	5	0.04697391921697734	-1.894571395405034	5	5	0.0950825212681468	-9.866690133289334	5	5	0.1798357575606958	3.5179604793570913	2	2
ULK2	0.5523701790650292	-5.905169590642829	5	5	0.36570304873678816	6.655617071532226	3	3	0.5456746483060118	1.4576863871092627	4	4	0.6557662767367889	-7.344819512633531	4	4
ULK3	0.7747115719164201	-2.770604948217759	5	5	0.9961285525583008	5.909105004769528	4	4	0.8719874526916926	-2.350044780727329	4	4	0.7836748470848344	-3.909676632193077	3	3
ULK4	0.734530327356215	-3.1243706821917416	5	5	0.842310842686326	5.713285526978798	4	4	0.5942835749518536	0.7816787915655556	4	4	0.8611418352622409	-3.406547247719056	4	4
UPP1	0.7112215620282105	-2.20352039222931	5	5	0.9883860222523053	5.705482575992583	4	4	0.5706865825457641	-3.502347175872991	5	5	0.5389301710621042	-4.496577140243055	3	3
UQCR10	0.054136175865159016	-9.778964374011073	5	5	0.9765796581758859	-0.06122598311573668	1	1	0.03450645801830813	7.4471521591648004	3	3	0.23936673222782978	3.0615103696026913	3	3
UQCRB	0.7670458340369236	-5.1418280892100805	4	4	0.21677880214574896	-1.564723840433576	2	2	0.10470947695789658	-9.736405763182345	2	2			0	0
UQCRC1	0.9565697484075363	-9.846882418827894	10	10	0.6675835317808836	5.945611756593291	6	6	0.9304286616400574	-2.4931495446672494	7	7	0.872104662510732	-7.234693833453708	5	5
UQCRQ	0.017461218405306355	-9.480961255603683	5	5	0.2604357915372295	11.136506187306468	1	1	0.13561839230281897	4.873312794393108	3	3	0.9167058325394901	-3.578582605179495	3	3
UROD	0.045823588841137304	-8.639543101581264	4	4	0.008139338024021817	18.927401065554445	3	3			0	0	0.004943421352468008	-18.156347883300644	3	3
VAMP1	0.20102204354273379	-8.660672657447305	5	5	0.8630401869694907	3.2441177347254015	2	2	0.39743389954992847	-4.801107657727194	2	2	0.7844784035957554	-6.348018993958535	1	1
VAMP2	0.03207140841756255	-9.04522308538001	5	5	0.12233626149408068	11.428224120755289	3	3	0.05927991263590548	6.680605203243657	3	3	0.9063393506880174	-3.17635944313187	3	3
VARS	0.6087165463763076	-6.457759926771697	1	1			0	0			0	0			0	0
VDAC1	0.9727004053932512	-5.116846427369738	5	5	0.6871474617411502	5.2113774074887065	4	4	0.12765919716189436	-6.731105110712257	3	3	0.5469327444768446	-7.019597486933964	2	2
VDAC2	0.2964177841966653	-7.4046590269532615	2	2	0.14481922644591255	18.13671605550001	1	1			0	0	0.10563348227890615	-17.87050018263464	1	1
VDAC3	0.7914408970790019	-5.774161703172134	5	5	0.11964199674753521	0.9456615878209581	3	3	0.8614235537053763	-0.878998368700485	4	4	0.10783944423394784	0.8218572137253023	3	3
VKORC1	0.1428367211541874	1.4477873129890027	5	5	0.313255028372343	1.9629892715914365	5	5	0.31044728941327515	1.5486788726188658	5	5	0.06268810987194023	0.8566184816878885	5	5
VKORC1L1	0.43854435803093816	-3.725958516841224	5	5	0.8045521659197685	3.4524429755141846	4	4	0.48217359552168093	-2.0858976773242275	5	5	0.44620800804902794	-3.149290701482761	4	4
VRK1	0.062388551824889574	-8.808224147632673	5	5	0.044883505087621074	15.198890670286346	3	3	0.24271610139925148	2.868003718131653	4	4	0.2165585365870627	-10.759667182166993	4	4
VRK2	0.1024046878066047	1.7900053926309178	5	5	0.21101421572436796	-1.249561151535777	5	5	0.47227408646913205	-5.761801526275028	5	5	0.28372586387635934	2.9218285406105715	3	3
VRK3	0.5607229698535698	-5.657561274204869	5	5	0.2782149128472079	1.5361612328055105	3	3	0.7036066917205944	-3.242268974193438	4	4	0.7438000152380875	-3.439975719020667	3	3
VTN	0.19239264674228174	0.9054630891361085	5	5	0.32462984430099917	1.6985821953289146	4	4	0.9038091799800312	-2.085542580712862	4	4	0.2614889143752971	-2.382091059216379	4	4
VWF	0.5482168078588079	-4.392115545839018	5	5	0.08868890536786328	-1.641515445431904	3	3	0.05654155107006006	-9.479013969644543	3	3			0	0
WARS	0.8985024041132937	-4.594133880559061	5	5	0.13652475757907007	-1.422939792812798	3	3	0.02953413155899591	-9.927445442713026	3	3			0	0
WARS2	0.13781554610550012	-8.43350232004874	5	5	0.3229758070461728	-1.7559231044038803	1	1	0.2198654551797944	-9.927095420970772	1	1			0	0
WDSUB1	0.2509765393516753	-8.397430791226016	5	5	0.3660333198639718	-0.9327936468563882	2	2	0.6860900811394776	-2.7534495744020706	3	3	0.6160938761069382	2.845102003681295	1	1
WEE1	0.07564510842541156	-8.989910297702473	2	2			0	0			0	0			0	0
WNK1	0.46852768235463194	0.6976661696171546	5	5	0.5417009389231748	-0.8764131301496043	5	5	0.8417447854259017	-4.814912453968095	5	5	0.11368735693078738	3.4943555846326446	3	3
WNK2	0.48005734270335876	-9.528389151254112	5	5	0.8882978938943152	4.9233405433304185	3	3	0.43345537399844136	3.3633228607747108	4	4	0.3141164800746591	0.5570761090992103	3	3
WNK3	0.753356281883896	-1.7008459252096557	5	5	0.9896406451111373	8.542807576894582	5	5	0.7236382182800918	-5.543367034898476	4	4	0.8434431122303214	-10.614164318379027	4	4
WNK4	0.2383618352039545	0.7664078494764665	5	5	0.8523644333228676	6.005685166737503	5	5	0.8044585223930418	-5.442056191534202	5	5	0.7477340440880693	-6.506451299916897	4	4
XYLB	0.3038879916841194	-1.8154120714418618	4	4	0.4152680050824561	1.4660579213656382	3	3	0.917460989321956	0.059399586046034715	3	3	0.44052455086533027	0.16469494452352565	3	3
YARS	0.35549441181615726	-7.804816972640407	5	5	0.3587607992995858	-1.0883356247360592	2	2	0.9669347588070616	0.05776576162398106	3	3	0.6016371484058185	1.9956640074748129	2	2
YARS2	0.1739778553904936	-8.244148143057203	5	5	0.2861311863015312	10.730110719191725	1	1	0.1315766691717824	5.713518661785235	2	2	0.9935918570986044	-2.417019041985912	2	2
YES1	0.7019717081980577	-5.05329481940923	5	5	0.7658774872024416	4.888240058324878	3	3	0.08727763944951974	-7.01796473227727	3	3	0.1798357575606958	-12.202461553240012	2	2
ZAK	0.8739336054079389	-5.788795867386869	5	5	0.3423673177460389	1.5241265765464835	3	3	0.5163294725300376	-3.09008485970932	4	4	0.7058164680531573	-2.015199292733174	2	2
ZAP70	0.32709425956338745	-9.70004278833084	5	5	0.36570304873678816	9.100410172970873	3	3	0.1120683490421296	6.998258281069358	4	4	0.8878184405588241	-4.071718821186665	4	4
ZC3HC1	0.17795175047560174	-1.870654905520916	5	5	0.21597553982287754	1.2393160578995304	4	4	0.13375806663825576	-7.244736673373562	4	4	0.8139648565977974	-3.7562459844801546	3	3
ZFY	0.34905251448206065	-5.889610147709053	5	5	0.10614428859057819	13.253974717801329	4	4	0.12472162667966838	4.580632086720249	4	4	0.7171892582004387	-11.103790928480757	5	5
ZMYND8	0.883747905809653	-4.816257960560222	5	5	0.6091632486488154	2.1377259246195695	3	3	0.6772168269506692	-2.635770546037969	4	4	0.7663400909455875	-1.967503683345373	2	2
pseudo_0	0.4330474156771239	-4.267546722319693	5	5	0.2195976444304848	11.779882217775615	4	4	0.5105594943611125	2.8148415185417854	4	4	0.5091336854681567	-7.925106565935103	4	4
pseudo_1	0.6722190980804224	-2.099790385877789	5	5	0.185289888201555	0.982494868247772	4	4	0.23557075034843444	-6.209404496902015	4	4	0.8283245204925728	-2.2074445809512766	2	2
pseudo_10	0.09175816100500814	2.0314226257704706	5	5	0.8286769590021439	3.000063008317517	5	5	0.55719832621477	-8.695995170835333	5	5	0.9426801010511117	-3.509621196111278	3	3
pseudo_100	0.7720300249724812	-9.599662251221291	10	10	0.5310055109173346	2.565542910373512	6	6	0.7851710015795298	3.067447060264761	8	8	0.3919565170231213	-3.1426615749723816	6	6
pseudo_1000	0.17695158792034082	-8.774594806516857	5	5	0.2164455463212619	9.439766992315318	3	3	0.63726337932383	0.755413046076844	3	3	0.4138911185318803	-7.641082848905559	3	3
pseudo_1001	0.9355313379491793	-4.746332740094668	5	5	0.029263665744483684	-2.0950176829188103	3	3	0.23879290883571058	3.9166398914587077	5	5	0.012040043043848432	4.281784778313867	4	4
pseudo_1002	0.2346657866958709	0.2659725449517165	5	5	0.42081779746788806	5.438698821832298	5	5	0.48466511480231	-8.304349619743292	5	5	0.9505079754058229	-5.8143708935164495	4	4
pseudo_1003	0.3769437572472055	-8.147716750414313	5	5	0.7701690854235015	5.840558969383548	3	3	0.5038588337392622	-3.4131765752278405	3	3	0.36799740205575426	-8.261464713892181	1	1
pseudo_1004	0.4858792581291961	-6.598238571628631	5	5	0.8727853087933759	5.965685176489902	4	4	0.6193074999116697	-0.9649093903256496	4	4	0.6721515770417354	-3.2429656697216687	4	4
pseudo_1005	0.03333988550209441	2.172988077826035	5	5	0.42583019277096246	2.1074352457930043	5	5	0.08097598715225657	-10.187934279151827	5	5	0.7177868332479136	-2.865078145239002	2	2
pseudo_1006	0.15509717267239564	-8.67191304161422	5	5	0.25641517386533896	9.90733147627719	3	3	0.9958656745191315	-0.33916439265290016	3	3	0.37051796582340224	-7.901260362921204	3	3
pseudo_1007	0.12130752223237279	-0.6925782621150264	5	5	0.8354298148251096	11.449442113123967	5	5	0.6403493121235084	-3.9373011639730855	5	5	0.6476331680190908	-10.018395657235097	4	4
pseudo_1008	0.1652791369335106	-8.738774968368242	5	5	0.5218535200068654	8.226379616134883	3	3	0.0435225800109206	7.643463717389687	4	4	0.2711961829609154	-2.594565153869271	4	4
pseudo_1009	0.7890447163452082	-4.782173152119386	5	5	0.40568305810496186	-0.868010246951935	3	3	0.8642286028625283	-2.276623792944635	3	3	0.25075941877699237	3.251444063313583	2	2
pseudo_101	0.3939749718232116	-8.167294733622068	5	5	0.9724775459033901	4.612342290991629	2	2	0.5863923852536876	-3.101379097666395	3	3	0.5153352157599448	-7.78334307593938	2	2
pseudo_1010	0.05374846109582564	2.289711333897083	5	5	0.03394642347433336	0.9384209250137984	5	5	0.007199805988844155	-10.149251587102148	5	5	0.26900936251825636	-9.740535707781241	1	1
pseudo_1011	0.9404808731919202	-6.708487209965427	5	5	0.3798121005542555	9.300402837929242	4	4	0.5397394035103334	0.9671498673346006	4	4	0.8496546027760271	-3.0352520282892073	3	3
pseudo_1012	0.3348308241257887	-0.5504769526086951	5	5	0.8557593596037136	5.240662958288655	5	5	0.403948807605896	2.0132637371320294	5	5	0.5163537776525096	-3.0325192855198537	5	5
pseudo_1013	0.5670270701891695	-4.662298888694579	5	5	0.8045517718924269	9.049648777855973	4	4	0.3541734121999779	-3.9424775605933	4	4	0.5687419866077745	-10.118980496840349	4	4
pseudo_1014	0.7890447163452082	-4.34628418754363	5	5	0.5561265906259225	16.02845884698692	5	5	0.24271533896153497	3.6729563833677736	4	4	0.9238496723481793	-10.201871806058618	5	5
pseudo_1015	0.3803131772306615	-4.55742489166434	5	5	0.20820795672357084	9.226685738911284	3	3	0.42188635184047385	-3.363427041592196	3	3	0.07434722969639819	-11.018853306123715	3	3
pseudo_1016	0.9256398585909422	-4.673014755554879	5	5	0.677587655461982	2.3381093662654067	3	3	0.32006725136754544	4.076532639874952	5	5	0.18860004309452705	0.05075270014511979	4	4
pseudo_1017	0.7557199102954437	-5.326298246206463	5	5	0.752464818944282	9.12849588982098	4	4	0.8614233316999723	0.090554669862481	4	4	0.5964875598285619	-4.333378643732192	3	3
pseudo_1018	0.7275105843794041	-2.2937177098845223	5	5	0.21578996344797174	10.040194714167171	5	5	0.12225233525053295	4.521510215307783	5	5	0.9158622075416606	-4.476437484338678	5	5
pseudo_1019	0.43122353019856086	-8.540135379131176	5	5	0.45831698880978144	9.199871685911761	3	3	0.06922789994257114	10.690386139551478	5	5	0.48060599118998026	-3.2014862806200823	4	4
pseudo_102	0.4967496336347845	-5.932205352083283	4	4	0.3170528284492172	-1.2554578971103956	2	2	0.07799918418448411	-9.927231587218117	2	2			0	0
pseudo_1020	0.8568059146997855	-7.183646392755037	5	5	0.5665967691266467	8.192826414828934	3	3	0.7848272159006097	2.5788555074301875	4	4	0.8394225267808086	-3.272460531522514	3	3
pseudo_1021	0.7557199102954437	-6.012873191737576	5	5	0.7360411704975673	3.046877903204873	3	3	0.21503379758473107	4.27328605602745	4	4	0.4597952789439739	-0.16911317096977938	4	4
pseudo_1022	0.06829094817348771	-8.745160530703203	5	5	0.373396620574329	8.750011522798292	2	2	0.27882571727597283	3.636227015085739	3	3	0.5576734875072875	-1.7680484364221005	2	2
pseudo_1023	0.8911203398203431	-3.1212829471699504	5	5	0.9651678359385234	6.415260644367993	4	4	0.9331691045772861	-2.5312887071720036	5	5	0.8611413923233626	-6.728567784993571	4	4
pseudo_1024	0.26806140645512055	0.9021500540010345	5	5	1.0	5.322666128439827	5	5	0.869948956281305	-2.8730188334895814	5	5	0.9864941527484754	-3.53420567006132	4	4
pseudo_1025	0.49370142053879584	-1.2495624440759563	5	5	0.5571282006933561	8.996914509127627	4	4	0.8333786534067815	-2.5616064380453873	4	4	0.34323345256294346	-7.264453499393146	3	3
pseudo_1026	0.5055599097400094	-5.909857520291435	5	5	0.44481100323205125	2.244511558620996	3	3	0.4127285236643743	-2.985887176544134	4	4	0.9679674970160776	-6.478096057731818	2	2
pseudo_1027	0.12130752223237279	1.2441137491573118	5	5	0.34542600941399404	-0.919179051432991	5	5	0.33586193064577596	-9.853991741587722	5	5	0.6016365394766707	2.5159525209085247	2	2
pseudo_1028	0.8808724311047438	-5.5343552794823365	4	4	0.5482932847203043	3.3937514933001243	2	2	0.7438604628886205	2.6731544592920984	4	4	0.9115204920746716	-0.8694599330869414	3	3
pseudo_1029	0.2088011010974956	-1.0299191977377273	5	5	0.8084961328368158	9.028976020055515	5	5	0.631989721630215	-3.3273574676984694	4	4	0.3346003966137612	-7.992464355379124	4	4
pseudo_103	0.6676856230790653	-2.3598325865977294	5	5	0.10201113149276482	1.4474550943347044	4	4	0.01789492568015575	-10.384596734887333	4	4	0.34424439292855846	-8.412876807272989	1	1
pseudo_1030	0.10812579648224777	-8.837123800623443	4	4	0.07391191769201669	14.198361102301433	2	2	0.23132334001331323	4.116538033867465	3	3	0.9635050030421082	-6.140616938750042	3	3
pseudo_1031	0.8180402159925211	-7.935476985391122	9	9	0.414731583478002	10.034319203734041	6	6	0.6478661749768821	-3.2674092443364504	9	9	0.7676253661969922	-14.846087369400417	8	8
pseudo_1032	0.22739673778639058	-1.4602988930178868	5	5	0.3029828090388741	12.662099868374971	5	5	0.7044213525617156	-0.7538854667025833	5	5	0.08123385312419207	-8.362371753634989	4	4
pseudo_1033	0.9702197005574611	-5.203143070431165	5	5	0.258242294366153	4.754887216468089	4	4	0.029148894838375898	-9.736980566937829	3	3	0.15432610520732246	-17.22333713205704	1	1
pseudo_1034	0.9256399289237022	-4.694747401149617	5	5	0.49306782262246085	6.7103958635724945	3	3	0.11883761083138701	-8.693812112451687	3	3	0.03606217879203504	-17.448965916840024	2	2
pseudo_1035	0.8862042246935815	-4.9369129046435845	5	5	0.16374911722387264	11.932848957840811	4	4	0.2791764489454208	6.330711913744158	5	5	0.8840051722586065	-7.104247993779616	5	5
pseudo_1036	0.5628203135199947	-1.434727901365122	5	5	0.13203248668739673	12.475461511759804	5	5	0.4084620495048795	2.5616526515565843	5	5	0.2930556273369289	-8.484736037278473	5	5
pseudo_1037	0.9652592309289412	-4.164929155111257	5	5	0.8221864928668894	3.2576801818867884	3	3	0.6899037811414636	-2.979512642482654	3	3	0.7058159981702965	-3.1989436038909536	2	2
pseudo_1038	0.7248348109994187	-1.9289890428855234	4	4	0.653094606225717	2.3029174314725456	3	3	0.8896438386926945	0.38103896126622033	4	4	0.8190412486246205	-0.7460351188822282	3	3
pseudo_1039	0.38710731583902636	-4.5338638227228065	5	5	0.7086892841096155	5.398964653479376	4	4	0.6256347635862844	-3.364171231967384	4	4	0.9679674970160776	-2.27595376906035	2	2
pseudo_104	0.2973778213015936	0.5847475429991515	4	4	0.23836750553462438	-1.2945490460322333	4	4	0.16122100185521526	-9.465721362599126	4	4	0.775733637906725	2.393497348452521	1	1
pseudo_1040	0.6541583310256902	-5.199012277167815	5	5	0.23836750553462438	13.333084639273238	4	4	0.8403714335211089	-0.3034999318927951	4	4	0.3416929377351251	-14.660203378638775	5	5
pseudo_1041	0.8960406439005002	-2.268053123526953	5	5	0.8017966961132214	5.112450202792837	5	5	0.047383942289491034	-9.54706708178754	4	4	0.13549271670428376	-17.388631174877585	1	1
pseudo_1042	0.1030598777980849	-8.953612621730207	5	5	0.4194785119548996	5.89270432425685	2	2	0.19339897838816922	4.1419984734867965	3	3	0.6519751063056869	-1.1061490883250251	3	3
pseudo_1043	0.9305842931363861	-5.269791023490355	5	5	0.29085487661215514	7.10630124553002	3	3	0.6969736928599297	0.20428664863094173	4	4	0.7887013088790334	-4.6154916022420664	3	3
pseudo_1044	0.8665853779004002	-3.7049324215527393	5	5	0.6036337845565438	1.8056983691884854	4	4	0.6130083147314762	-1.6683576755657592	4	4	0.43284943323702774	-2.0123833297815863	4	4
pseudo_1045	0.9702196723212421	-5.41045689633673	5	5	0.5636638095829386	4.682160980429175	4	4	0.26972869161839497	-6.1794633150980145	3	3	0.5576734875072875	-7.27589640015653	2	2
pseudo_1046	0.3803131772306615	-6.842926167049821	5	5	0.37470328733451075	-0.5483041110154128	3	3	0.06801369690911599	4.324894943834636	5	5	0.0066455488121657325	4.453932641016621	4	4
pseudo_1047	0.9157599217929545	-4.785321339501006	5	5	0.15826829398608355	16.17152099341998	5	5	0.5221317094495321	0.6742145172936373	4	4	0.2123900450403613	-11.086951865956534	4	4
pseudo_1048	0.8684341997936984	-3.1350047832574934	9	9	0.4614655756915761	11.955181448362397	8	8	0.7803576582856935	-4.228927413995345	8	8	0.2813125792295569	-11.698723044407835	7	7
pseudo_1049	0.6055497578684996	-5.228677016602201	5	5	0.6052347830947278	2.541277679442066	3	3	0.49072445807271226	-5.459663337709675	3	3	0.9679674970160776	-6.3445658930644	2	2
pseudo_105	0.44038496555217155	-7.8623084045719365	5	5	0.14830528595037984	18.018313819138346	5	5	0.565182331322907	1.0287930329686048	3	3	0.19630127950364495	-13.350956453040487	4	4
pseudo_1050	0.07116614961493181	2.0249964605221127	5	5	0.1055199054086469	1.3619324924929248	5	5	0.30854528871506803	-3.5694043980784067	5	5	0.48060599118998026	-0.4633086737843775	4	4
pseudo_1051	0.4079296924520588	0.2569321367580964	5	5	0.134268617438573	1.726145941498795	5	5	0.5202802055752793	-6.286306671416906	5	5	0.15606662171948552	0.6240335955221082	3	3
pseudo_1052	0.4079296924520588	-1.4938487434314822	5	5	0.6777864878276266	11.369061645229102	5	5	0.7584777494245712	-2.668996336132461	5	5	0.7137900768594891	-8.866517074876906	4	4
pseudo_1053	0.49763763251056903	-5.302567594845271	5	5	0.6588167803021429	6.544523876388766	4	4	0.030745645975857955	7.623611928288344	5	5	0.12995541298306518	0.6038887905384867	5	5
pseudo_1054	0.5840030858686087	-6.099783649115402	5	5	0.7615923499947073	3.0217576904132897	3	3	0.8398513384489055	-2.1711195037316866	3	3	0.6820940333450014	-1.3399889081936749	2	2
pseudo_1055	0.027184810753149977	-9.295232413402537	5	5	0.05084761005225255	15.330750646460459	2	2	0.024855151515502192	7.80513523437351	3	3	0.9947846469098508	-3.735266934590399	3	3
pseudo_1056	0.13053982495031868	-8.95272973403641	5	5	0.8630400426959824	1.2970973221138107	2	2	0.046301514633948396	10.71127156374528	5	5	0.03434581761523362	3.943045647402015	4	4
pseudo_1057	0.5968883568744728	-2.10188338744552	5	5	0.24225350841890403	1.5864106265062705	4	4	0.50482407658825	-3.1607352680753524	4	4	0.7686482492938345	-0.6975244919694704	3	3
pseudo_1058	0.955342515600996	-4.817751067138238	5	5	0.9447925407247523	12.20928499353658	5	5	0.026221193198685832	-9.807866764140124	3	3	0.056979340267340264	-16.899907048829746	2	2
pseudo_1059	0.10045731932637995	-1.3746915005708698	5	5	0.2496330100144285	4.089335818403257	5	5	0.8762404736150807	-0.07870216153388254	5	5	0.3346003966137612	0.6981569903888071	4	4
pseudo_106	0.5502911856779946	-3.5473787813331903	5	5	0.08355008047033366	-1.6936556490372776	3	3	0.10263441156702371	-6.894010983677028	3	3	0.8463946870481434	2.312477550568766	1	1
pseudo_1060	0.6230390885826944	-4.657867295751021	5	5	0.8271582915209736	6.215273074586851	4	4	0.08669322200928542	4.909217759054402	5	5	0.6616171062253882	-3.0387351593013037	5	5
pseudo_1061	0.822760004981562	-8.875977116128851	5	5	0.9820703590691865	5.630844910049748	3	3	0.44007703668129705	3.1862555868191382	3	3	0.9635050030421082	-0.8733298488508439	3	3
pseudo_1062	0.4294051525609379	-1.028051516980361	5	5	0.9172713294120071	5.1375432677594155	5	5	0.37319969251292207	-3.5856368607094193	5	5	0.9041086739579434	-2.236022818526215	2	2
pseudo_1063	0.33795838536770506	-8.296731892208522	5	5	0.7107786755206931	7.75575416177264	3	3	0.6975555073053217	-2.724753863323201	3	3	0.46013351195390617	-9.317972239214319	3	3
pseudo_1064	0.5968883568744728	-8.74439496090402	5	5	0.5032902174367295	-0.7517478243415754	2	2	0.8723843646795518	0.13453243779832777	3	3	0.4454669683385002	2.8588810046539415	2	2
pseudo_1065	0.4666206632004828	-5.8567420084768935	5	5	0.29893782099477084	17.100871525674105	5	5	0.7574420702180449	-3.175178282600261	4	4	0.0476399359759143	-11.553382732905911	3	3
pseudo_1066	0.17695158792034082	-8.607897466516937	5	5	0.17844967256429844	10.28092112927216	2	2	0.3588426240561221	4.46186132130644	4	4	0.739198500347517	-7.11749292656781	4	4
pseudo_1067	0.6271287796301317	-8.599312566184212	10	10	0.8161773436886209	12.124786811847727	6	6	0.6547008772827623	2.1510611624420495	6	6	0.9161436363567169	-7.54081200811886	6	6
pseudo_1068	0.298760737539137	-8.86745440659753	5	5	0.7960645047447044	4.603081031649188	3	3	0.7915770994846889	0.17754828300315761	3	3	0.32321315799713723	-0.4811884351786744	2	2
pseudo_1069	0.8616928661629792	-7.33297258688242	5	5	0.06542250397418507	-2.364946990158546	2	2	0.3138905794484643	4.022598078631796	4	4	0.02581695853595987	4.007495658676682	3	3
pseudo_107	1.0	-4.96375868306644	5	5	0.7530448034391494	2.3780815274095137	3	3	0.7642613605846441	-2.337575081005515	4	4	0.980777192385471	-2.4219916157524346	2	2
pseudo_1070	0.26007903793010556	-8.084795187458848	5	5	0.5590134710819445	9.061527182631702	3	3	0.8436414558952807	-0.28453431511230765	2	2	0.3991102364563004	-7.619829509774861	3	3
pseudo_1071	0.2867794653066349	-9.071831766760342	10	10	0.2594291259404897	1.7890173734030324	7	7	0.6183603217605302	-3.5523717495060914	8	8	0.45958463067540034	-0.3094206789024927	5	5
pseudo_1072	0.6904710477780982	-4.842125252937269	5	5	0.06701414294368264	-1.6508414728605387	3	3	0.8194330960654139	-0.16795923066210836	4	4	0.24728688575955604	2.877573569427888	3	3
pseudo_1073	0.4628204168662545	-3.852669341661214	5	5	0.2707041929325874	9.049563306378253	4	4	0.7917168149173295	0.4521588849270797	4	4	0.35770445094096925	-8.319831397879307	4	4
pseudo_1074	0.8130907252982476	-4.584443568446834	5	5	0.9806445457560294	7.118434651668127	4	4	0.5151110157611798	3.096284378471985	5	5	0.5997471149170961	-2.609998514084091	4	4
pseudo_1075	0.15509717267239564	-9.18182922166894	5	5	0.8397132531802258	6.135156947159118	3	3	0.9958656745191315	-2.143444049182145	3	3	0.4728154766755992	-7.92219888151024	1	1
pseudo_1076	0.9706360206587213	-8.304565875943355	9	9	0.6419753714965648	10.784018015838347	8	8	0.23013633252583499	3.502720231027961	8	8	0.9426801010511117	-6.125153150259259	3	3
pseudo_1077	0.30458513005889	-8.20044882795358	5	5	0.9641497708737391	5.036093753387749	3	3	0.6521322862776109	0.338073224703467	3	3	0.5432560717039489	-3.1275919173812965	3	3
pseudo_1078	0.37026036257979356	-5.7842056681899985	5	5	0.11258984965888019	12.337726554938792	4	4	0.6460733503006777	4.1995133216646705	5	5	0.5385241945222166	-10.569924844255935	4	4
pseudo_1079	0.8911203398203431	-2.4382328438534966	5	5	0.8120701353897801	2.490931197980011	4	4	0.9180048929977268	-2.603003842538438	4	4	0.9218943098203574	-1.0052939728342303	3	3
pseudo_108	0.6996657919968424	-6.613933756878995	5	5	0.5702361423665083	5.669614406573918	4	4	0.7169387434419567	1.2270388439941153	4	4	0.40646057631660515	0.2816262487341004	3	3
pseudo_1080	0.3522635025267936	-8.504643775872463	5	5	0.13889686775547208	15.626179792537108	4	4	0.7677242252264775	0.4893758299689301	3	3	0.15228742953988064	-10.550442946753208	3	3
pseudo_1081	0.8421783031676309	-5.187280654376047	5	5	0.7970514415009561	9.410179352115263	4	4	0.030715394856466783	-9.76980963054737	3	3	0.056979340267340264	-16.907912165578736	2	2
pseudo_1082	0.8082666173373514	-4.840168421461651	5	5	0.6612191297896182	2.246736221896055	3	3	0.30735799168467126	-6.136423821265653	3	3	0.6732972110798485	-7.236457402209497	1	1
pseudo_1083	0.9256399289237022	-8.095447314752434	5	5	0.6052347830947278	4.428102843320654	3	3	0.31728392579298303	-3.9604373759451224	3	3	0.8108715104888315	-6.2529818865800095	1	1
pseudo_1084	0.01898932190499689	2.530753725065047	5	5	0.5855301570288951	4.803928271474063	5	5	0.30854528871506803	-6.552067927599854	5	5	0.5091336854681567	-7.395444378327475	4	4
pseudo_1085	0.847048385969405	-5.874479533973925	5	5	0.38077936234642007	2.3683264014227436	3	3	0.42188635184047385	-5.61283833841108	3	3	0.592248584549449	-7.615502036551189	1	1
pseudo_1086	0.7368748901163954	-2.375809768071226	5	5	0.19850423358211944	1.1117237545153256	4	4	0.5734018581617215	1.0058737331003733	5	5	0.055767234750508515	1.1543733630955713	4	4
pseudo_1087	0.8227600711155665	-5.624760025938912	5	5	0.43468535458993085	9.76778015888039	4	4	0.3325625828659813	-6.095489058395876	3	3	0.18510478485867088	-12.257631881635774	2	2
pseudo_1088	0.6035557938679386	-1.890429701917361	4	4	0.6210138228290025	3.320541680143959	3	3	0.9607315350260196	-0.0860274801721973	4	4	0.8804963658850083	-0.9591813668452088	3	3
pseudo_1089	0.5256524127204181	-1.71395409136525	5	5	0.5441687725618416	2.025215194605868	4	4	0.28877919207998903	-5.700273143372279	4	4	0.5257612504335041	-1.4452252753720778	2	2
pseudo_109	0.06460658832829641	1.52545203768775	5	5	0.46716487000708506	2.0413135716363957	5	5	0.48466511480231	-5.6272993659706865	5	5	0.9322814328926539	-1.0685953701514659	3	3
pseudo_1090	0.5297193655755803	-4.325957471918792	5	5	0.12549702393359616	15.749671335685493	5	5	0.9395211054171048	-3.3324683982575944	5	5	0.033397658671896736	-11.751415249156016	4	4
pseudo_1091	0.6950628133357115	-5.545442915063027	5	5	0.23227424313204015	17.19027500671044	5	5	0.35906466075278975	-5.892696888619873	3	3	0.17387016604784034	-17.114514663269556	4	4
pseudo_1092	0.1369917036827725	-1.1997905322798188	5	5	0.7231827651624472	8.96071345343411	4	4	0.67721633403525	-3.092338602804608	4	4	0.3991102364563004	-7.1220499772164345	3	3
pseudo_1093	0.7604544661741253	-7.490161716262487	5	5	0.5145769424974942	7.640179552869927	3	3	0.8236832557969926	0.07572008469077951	3	3	0.9041086739579434	-4.897039351914511	2	2
pseudo_1094	0.37026036257979356	-8.548710590003092	5	5	0.38691557268187815	9.862578547261547	3	3	0.3178363582060162	2.274555753468453	2	2	0.9947846469098508	-6.079190630148026	3	3
pseudo_1095	0.19559577018036878	-1.6643740730596612	5	5	0.41776076799471207	2.212186748088652	4	4	0.9904417668017985	-2.440557592927999	5	5	0.4597952789439739	-2.8398826446042875	4	4
pseudo_1096	0.06642773013629757	1.542740425852957	5	5	0.3680038756723122	-1.1914106367183048	5	5	0.11843849334438071	-10.55774925938262	5	5	0.6128668279862757	2.4124135209786353	2	2
pseudo_1097	0.9256399289237022	-3.1544262879272105	5	5	0.5313610007096	2.0946993850529236	4	4	0.21836393856434388	-6.278918776607558	4	4	0.8033785783179226	-2.754444075795346	2	2
pseudo_1098	0.505559506009116	-2.4139187609235644	5	5	0.7161941739108411	9.437083541212823	5	5	0.5163287936122332	1.0049433196032098	4	4	0.9959860008988071	-7.021694976625825	5	5
pseudo_1099	0.7368748901163954	-1.3503517711078574	5	5	0.42081779746788806	8.79550539596257	5	5	0.4747375370464101	0.393514576509485	5	5	0.9325480838395456	-4.31586685326178	4	4
pseudo_11	0.69966552095659	-7.7041113168549265	5	5	0.7960645047447044	8.580237895245629	3	3	0.9628043867871149	-0.019762971366995136	3	3	0.5964875598285619	-7.028741392232857	3	3
pseudo_110	0.5712488369973434	-4.9653931972658345	5	5	0.9194471539626119	5.357855666817943	3	3	0.7645632383673339	3.3134944267313347	5	5	0.8700175836875019	-4.110507138155774	4	4
pseudo_1100	0.6274453802906375	-5.501593820513359	5	5	0.03369248470456494	-1.9835789235796135	3	3	0.6837782977108431	0.3745643898665016	4	4	0.044780300492739566	3.8373498977597342	3	3
pseudo_1101	0.5670270701891695	-5.380652849155985	5	5	0.543996372783599	5.8952809866605405	3	3	0.20526333095266647	4.053723277322081	4	4	0.8258225494017511	-3.5997019734169577	4	4
pseudo_1102	0.6274453802906375	-0.27002368310644026	5	5	0.1853834443760528	10.85254469217154	5	5	0.6808489527641138	-4.822562542616356	5	5	0.20023719557846564	-11.529059866780827	4	4
pseudo_1103	0.1140108638575509	-9.061948291056119	5	5	0.3237739636801802	-1.1077382024010927	2	2	0.23916986023214415	-5.65021659762166	2	2	0.8642788766016822	2.2424375012266813	1	1
pseudo_1104	0.9950354958272145	-4.002808289545388	5	5	0.892738233639482	2.628558777931726	3	3	0.9710659366216815	-2.307739525245531	3	3	0.9296011428204549	-1.455120571742095	2	2
pseudo_1105	0.735631054291282	-9.370418880531524	10	10	0.6035947233697814	15.884117663026009	8	8	0.05604918493611684	-3.8542032631281518	7	7	0.2965382321620964	-13.440692490156863	4	4
pseudo_1106	0.13053997090214942	-0.17762726918280736	5	5	0.6714626187770383	7.618248253880972	5	5	0.3398876957107806	-3.96547273617694	5	5	0.9426801010511117	-6.176594868091576	3	3
pseudo_1107	0.542015056285634	-6.293897144322345	5	5	0.5313610007096	7.309745471957011	4	4	0.7677242252264775	-1.5820804960961912	3	3	0.7786563583951011	-3.9834907418656846	3	3
pseudo_1108	0.74627843135579	-5.244443674925634	5	5	0.8573198588050641	2.6974987701567805	3	3	0.40764025984192076	3.3039125027833123	4	4	0.4666755734073169	-0.2541067619983644	4	4
pseudo_1109	0.9652591979949745	-4.875155687544424	5	5	0.16606719143003235	16.8365703567547	5	5	0.7236377893443331	0.4516646564644245	4	4	0.16339957667531513	-11.041049744534172	4	4
pseudo_111	0.12280962196639651	-7.974673780979077	5	5	0.036615550431242254	14.956236285031721	3	3	0.05951325513432693	8.959033244023113	4	4	0.9505078957613733	-7.572293919148488	4	4
pseudo_1110	0.36037427628796137	-9.219817497791853	5	5	0.9820703590691865	5.518152014084837	3	3	0.17219990294388032	6.536600792236082	4	4	0.28114911130345055	0.10116145982718638	4	4
pseudo_1111	0.3837010404022754	0.22884052703315097	5	5	0.6714626187770383	6.433313539900969	5	5	0.14061359473214521	2.432307070475867	5	5	0.4474612647863091	-3.5423081395970613	5	5
pseudo_1112	0.23222470616172075	-7.388065666243253	5	5	0.1209826775200991	9.847877287624643	3	3	0.22427483026538508	2.2428649371070746	2	2	0.4761670154210649	-7.280604081659092	3	3
pseudo_1113	0.6580408704301897	-4.7338430315858	4	4	0.4696963763709566	13.78195293151385	4	4	0.11826171351849389	6.771873023742015	4	4	0.7137900768594891	-5.438820433392071	4	4
pseudo_1114	0.5607224493758466	-6.205914095337317	5	5	0.759843249062373	9.354677660599915	4	4	0.6969736928599297	-2.773840495753973	4	4	0.34737795093212276	-7.851923013714657	2	2
pseudo_1115	0.19775308320482798	-1.3232101937060463	5	5	0.44107483050639085	12.27600286132486	5	5	0.5105594943611125	0.8439764457397368	4	4	0.7742984561044359	-10.77348255181351	5	5
pseudo_1116	0.9009649498567089	-3.69500549850846	5	5	0.7231827651624472	10.086644503345397	4	4	0.7677242252264775	-2.173040225940482	3	3	0.5175570596062204	-6.937142759910313	3	3
pseudo_1117	0.278411197419976	-8.762198722730828	4	4	0.13180888207682406	-2.5107718582952483	1	1	0.19697209428334383	5.9411970474996165	3	3	0.09818032246539218	3.5361843726124724	3	3
pseudo_1118	0.9950354939435258	-5.111314716780697	5	5	0.8047480249577542	2.857912078590294	3	3	0.41757774853221963	3.278147346420305	5	5	0.24929629645793372	-3.1240653892358616	5	5
pseudo_1119	0.9454327084058349	-4.359681779582474	5	5	0.8421948245554784	10.96986526856339	5	5	0.7848272159006097	0.7475835092646924	4	4	0.8700175836875019	-6.4094369853545565	4	4
pseudo_112	0.023142435357011756	2.317024600202798	5	5	0.5795920272960879	2.3887661102080937	5	5	0.33586193064577596	-6.766013214955243	5	5	0.8804963658850083	-0.884208721298957	3	3
pseudo_1120	0.7670456602974469	-2.183841813411878	4	4	0.050561513384971474	-2.360760764470806	3	3	0.34954276721873223	-3.205298011059348	4	4	0.18244868960351712	4.0312642135168515	1	1
pseudo_1121	0.22264074911562604	-1.2505759229119364	5	5	0.9342595588314601	5.26662471920206	4	4	0.3314067466445646	-4.219370758896278	4	4	0.3236353498215411	-4.91693260683869	3	3
pseudo_1122	0.558628675903637	-6.360698321190733	5	5	0.5702361423665083	8.929569418317199	4	4	0.91090340400704	-2.7596265839277727	4	4	0.7192145505606329	-6.936543395755265	3	3
pseudo_1123	0.817921935509101	-4.6067538034898545	5	5	0.07043456768928354	-1.7384772191184374	3	3	0.48422693886170476	0.669885561151944	3	3	0.05382104405945723	3.9796222546501454	3	3
pseudo_1124	0.5502911856779946	-5.540687827431427	5	5	0.33425358713590403	9.58147844114564	4	4	0.16940410725863353	4.493416334340146	4	4	0.9318448227202155	-6.823303018130104	5	5
pseudo_1125	0.9652592309289412	-3.680414673101513	5	5	0.6871468520466417	5.532350913840921	4	4	0.6837782977108431	-0.0565311877189106	4	4	0.28114911130345055	-2.973287359486919	4	4
pseudo_1126	0.98014390513037	-2.612391617890848	5	5	0.358864665870403	13.462405164195586	5	5	0.4656456161542012	1.3726384344251936	4	4	0.9078832287124258	-11.539766824439821	5	5
pseudo_1127	0.29301117298268564	-1.3596513160346984	5	5	0.12401499370236216	-1.547064555790436	4	4	0.1559338036385236	-6.798552764994134	4	4	0.5050175619871264	2.729871737456957	2	2
pseudo_1128	0.2346657866958709	-8.38662392170233	5	5	0.3038870338088887	-1.2063580717358011	2	2	0.5886362698414169	-3.8079292878820907	2	2	0.20591386492251962	3.95467600949051	1	1
pseudo_1129	0.26007903793010556	-7.439703514572308	5	5	0.7145800531516097	4.346536724907755	2	2	0.9949234861573844	-3.0066964757243726	2	2	0.7419348757734384	-5.783863048331506	2	2
pseudo_113	0.5968883568744728	-8.32707147219756	5	5	0.653781841212506	4.595113066016616	2	2	0.7677242252264775	0.6208138603895019	3	3	0.6356001460143301	-1.8432008054705649	2	2
pseudo_1130	0.37359280978245646	0.8784170449895821	5	5	0.3543490417972893	1.5263705963772765	5	5	0.08669322200928542	-10.082125897249435	5	5	0.8913977488082454	-6.057694911693877	2	2
pseudo_1131	0.35711607602167694	-8.530122860086301	5	5	0.13801011937475943	10.611956506456535	3	3	0.8436414558952807	-3.3404156096577786	2	2	0.15606662171948552	-10.571785058051418	3	3
pseudo_1132	0.3164586173596865	-8.559299178485196	5	5	0.7445274219063759	5.152568343578986	3	3	0.6698979017077626	-4.111875967737543	2	2	0.9041086739579434	-6.093312676850259	2	2
pseudo_1133	0.29301071511780563	-7.8448043390764	5	5	0.08323363874715514	15.792804105790259	4	4	0.1729552757169729	3.294902203064149	3	3	0.23827522969627601	-11.000704872625631	4	4
pseudo_1134	0.5968883568744728	-3.2972889463339925	5	5	0.6518081506179378	6.414655288969594	4	4	0.2928676344390907	-8.347615883900398	4	4	0.12502484688590654	-12.570561883484764	2	2
pseudo_1135	0.4590374917318992	-1.5748887054415712	5	5	0.7821075202761589	2.4195280720902805	4	4	0.8573909747763957	-0.45887883318850076	5	5	0.6721515770417354	-0.5969712401282408	4	4
pseudo_1136	0.47064181143552897	-5.174189901483342	4	4	0.03763700847680123	13.202278169728231	3	3	0.7836032176321913	-2.998460589120237	3	3	0.021772163097198066	-14.629479284468706	3	3
pseudo_1137	0.16910376923161718	0.9589053412845651	5	5	0.37728662746297414	1.055623112981322	5	5	0.14718393734540033	-10.038965650070507	5	5	0.9426801010511117	-2.8788360592310256	3	3
pseudo_1138	0.09296250656627167	-9.554795104917787	5	5	0.6438553983082143	-0.0049658430694941025	2	2	0.92396721819458	-3.174629300018118	2	2	0.39274518286822935	3.404307624131067	1	1
pseudo_1139	0.5461455430695353	-8.040823537106027	5	5	0.9285232931595978	0.15392891381122897	2	2	0.9037800002267102	-3.7784766902493594	2	2	0.36799740205575426	3.462583083546636	1	1
pseudo_114	0.6407436846922145	-4.51715996437329	5	5	0.8047480249577542	3.062170265450813	3	3	0.3818339688109085	2.8169760998797035	5	5	0.4666755734073169	-0.5804948421810904	4	4
pseudo_1140	0.05147187008472237	-9.286250738410436	5	5	0.25641517386533896	9.7819085127309	3	3	0.6606520043201941	-4.367860649397251	2	2	0.2581315511465063	-10.621799810577052	3	3
pseudo_1141	1.0	-5.22347138492255	5	5	0.5000243307210197	9.209707622503004	4	4	0.9462941466553159	0.12351864006794083	3	3	0.5764211116869509	-7.227134054138325	4	4
pseudo_1142	0.22264074911562604	-1.6817359332643076	5	5	0.9241437066926335	11.46818193407322	5	5	0.8511252879615737	-2.700019757625807	5	5	0.5175570596062204	-6.5234879947312905	3	3
pseudo_1143	0.4819934660712062	-8.88252307080865	5	5	0.6241933662913467	3.2889560845126304	2	2	0.5625970246127339	-4.567424436571364	2	2	0.8463946870481434	-5.970329251221332	1	1
pseudo_1144	0.7135404879890894	-7.981318740877801	5	5	0.6940884537482618	4.532117264345605	2	2	0.1639148574773832	6.28331104299613	4	4	0.9954978597980527	-0.9970931764140882	4	4
pseudo_1145	0.3769437572472055	0.25843168944806955	5	5	0.6841331409824862	5.9942802291308475	5	5	0.7044213525617156	-1.6772739063826831	5	5	0.9954978597980527	-3.8002699499701698	4	4
pseudo_1146	0.8130907252982476	-4.967103335664279	5	5	0.21229788944136307	-1.1943249663632571	3	3	0.30735799168467126	-6.069143439617	3	3	0.43170487608642827	3.2903514348339824	1	1
pseudo_1147	0.7042798325092905	-7.665975311164552	5	5	0.2960176883678466	8.756686460350663	3	3	0.08647468357992989	6.697366555468693	4	4	0.62555704110682	-6.693391945688364	5	5
pseudo_1148	0.14368668507737964	0.3854749839138978	5	5	0.6464027158332027	10.084117020739871	5	5	0.55719832621477	-2.947631092378479	5	5	0.2761420676144386	-7.986077500842554	4	4
pseudo_1149	0.4552719546333017	-1.8228611192054434	5	5	0.7086892841096155	5.654226920858034	4	4	0.13609383686628368	-9.022239165695295	4	4	0.4522314512452923	-9.978988048565643	3	3
pseudo_115	0.06551194192313764	1.922959328006361	5	5	0.31533519160511525	5.7787299281894535	5	5	0.08237578246263114	-9.356751403697245	5	5	0.5432560717039489	-6.9539655445191295	3	3
pseudo_1150	0.9843583549052377	-8.989084663220682	10	10	0.9779967180312058	9.578624343333367	6	6	0.4427076430463265	2.5979381480829775	8	8	0.8228155939953371	-7.772598941581239	7	7
pseudo_1151	1.0	-3.2784951732727	5	5	0.2232641131600709	9.873701699521517	4	4	0.5942829781129257	0.14894162176379222	4	4	0.3636337746485804	-8.197498382180642	4	4
pseudo_1152	0.9201822595041727	-9.94211484546661	10	10	0.32336305154188083	13.461791061478474	8	8	0.3149921847745114	4.492590035468088	9	9	0.6168289948777219	-10.749974434704479	8	8
pseudo_1153	0.06829094817348771	-8.590342245814933	5	5	0.7541710366984967	7.534104004659383	1	1	0.3366834499048793	4.795081115274292	2	2	0.4080975662807528	-0.9445271165202413	2	2
pseudo_1154	0.6496740812387427	-5.555256890108489	5	5	0.45153543260689877	1.6655665016566115	3	3	0.40764025984192076	3.593331145163368	4	4	0.4132539817107965	0.19253107473012646	4	4
pseudo_1155	0.27533196085928446	-2.0688385318984825	4	4	0.7530448034391494	2.4281394521657362	3	3	0.5374892396016566	-2.7938791873176014	3	3	0.9843548320060657	-3.65036734620616	3	3
pseudo_1156	0.6586550979080472	-3.5036970526318547	5	5	0.20191296009398296	-1.565289967254655	4	4	0.17219990294388032	-9.250172506661551	4	4	0.32149347875360623	3.557434093175716	1	1
pseudo_1157	0.5175666850027655	-1.707246912069267	5	5	0.46375515388477917	2.3005614692659564	4	4	0.276745529081207	-6.10707908785233	4	4	0.8804963658850083	-3.9270602513143493	3	3
pseudo_1158	0.8034497876712605	-3.1996985345584235	5	5	0.7014815199726457	2.424624346546213	4	4	0.6969736928599297	-1.7162553294367031	4	4	0.5874525158575528	0.5140604919001103	3	3
pseudo_1159	0.9206984051801299	-5.285279915595885	5	5	0.653094606225717	2.185535745317324	3	3	0.3925681765912359	-5.864484757923692	3	3	0.6732972110798485	-7.236457402209497	1	1
pseudo_116	0.03264487183600487	1.4788078891070973	4	4	0.8575213695682062	5.371008198589038	4	4	0.7506416071664626	-2.8353745490691495	4	4	0.7686482492938345	-4.125977932328142	3	3
pseudo_1160	0.11908101659513329	-8.72433019913256	5	5	0.11057615149708874	10.178715145801364	3	3	0.9958656745191315	-1.8638016929648795	3	3	0.12902536420512914	-12.699410875846732	2	2
pseudo_1161	0.44779330363481895	-5.0516290952020455	5	5	0.036194140657060114	16.192795864843163	5	5	0.276745529081207	3.9816489212375266	4	4	0.3023913808582793	-12.067328216743201	5	5
pseudo_1162	0.8568059146997855	-4.003801690802386	5	5	0.9641497708737391	4.681621124336253	3	3	0.4650173543893229	0.7493994888643609	3	3	0.6425810567694524	-2.361110601762221	3	3
pseudo_1163	0.21795639247400855	-1.6230975419263285	5	5	0.9497042377088097	6.275868215388456	4	4	0.631989721630215	-5.175109364658924	4	4	0.6820940333450014	-6.52568730098363	2	2
pseudo_1164	0.6318649979916482	-5.873231898396928	5	5	0.7275870029403386	2.8191703843028564	3	3	0.6822836276834809	0.8702888188554588	3	3	0.6804853578260546	-0.3776220910676331	3	3
pseudo_1165	0.1809758153444334	-8.349627637674688	5	5	1.0	-0.002473395831648517	1	1	0.7746384578759967	0.5185742723039315	2	2	0.44517304866952323	3.279670407425656	1	1
pseudo_1166	0.7196137987796682	-3.4334426499828172	4	4	0.6941098300813123	5.611689109198184	3	3	0.9535992486735396	-3.0859252859383637	4	4	0.60558535708291	-6.319596473652996	3	3
pseudo_1167	0.09056638500155657	-1.0380584325678244	5	5	0.2835721453888159	1.7652593728680301	4	4	0.23248489906021508	-3.387870298146348	5	5	0.8908197786395017	-4.78921685836334	3	3
pseudo_1168	0.056108418009875254	1.5933816191769494	5	5	0.22227915863576364	1.4196148502794266	5	5	0.1835993688964752	-7.506230636961466	5	5	0.8496543587182086	-2.9943809310488994	3	3
pseudo_1169	0.11259386942010309	-9.175102785575953	5	5	0.8413972740034625	8.001506436501419	2	2	0.8736194456738677	-1.4637809873430063	2	2	0.2927405604053982	-8.694315587438792	2	2
pseudo_117	0.7938386632402035	-4.715070460242975	5	5	0.91053256242075	2.98894876285237	3	3	0.9628043867871149	-2.0753402137236323	3	3	0.9947846469098508	-3.493029502196238	3	3
pseudo_1170	0.04445801253269541	-9.18005814693295	5	5	0.9724775166334793	0.022431945931172592	2	2	0.7438602628899564	3.648546924881545	4	4	0.2574479241936739	3.322410160991578	2	2
pseudo_1171	0.20655645910559273	-8.113790581288205	5	5	0.3452303147716379	9.146261645863346	3	3	0.21836393856434388	3.331623362231087	4	4	0.9426801010511117	-3.767917808169821	3	3
pseudo_1172	0.2548497556450918	-1.6185861435418563	5	5	0.37728662746297414	8.865128959781229	5	5	0.12038500634976466	-7.02256780829086	4	4	0.8190412486246205	-6.52068628376736	3	3
pseudo_1173	0.9392263674736432	-8.54105257535887	10	10	0.45801061478841687	11.343032679678823	7	7	0.8093576245493481	-2.958708568723761	8	8	0.48045230335924927	-15.019075361746621	7	7
pseudo_1174	0.6274453802906375	-7.7501710438888045	5	5	0.2517365818013616	8.793023871433853	3	3	0.07856834124827287	7.103109408282424	4	4	0.7821727611159226	-3.3523315401093092	4	4
pseudo_1175	0.6280722333608398	-5.1496435809141	4	4	0.5742290562137042	9.025193705429063	3	3	0.9644759079679127	0.08154866970395466	2	2	0.5784813256465693	-7.339440709361381	3	3
pseudo_1176	0.537314306671113	-1.9843696983267554	4	4	0.8347267372086834	8.758152509202054	4	4	0.07054590339596262	-6.9607422550249325	3	3	0.09014186383850137	-12.84584158416752	2	2
pseudo_1177	0.2901644262743599	-8.376387194574377	5	5	0.31053347007596377	14.535919462423479	4	4	0.7052381118633837	0.36146620126415924	3	3	0.28667092223792345	-9.60038424608936	3	3
pseudo_1178	0.6012120155842655	-7.126365779242608	5	5	0.5365637960944252	4.376781658055059	3	3	0.11206776842744258	7.399540144500733	4	4	0.18860004309452705	0.9568872982109523	4	4
pseudo_1179	0.30020963442179505	-9.418849349802422	5	5	0.8047480249577542	5.654843394196501	3	3	0.08523421851851493	10.366348321555277	5	5	0.37322125700359077	-0.3093156892856734	5	5
pseudo_118	1.0	-7.649363128617266	5	5	0.08188610499596402	18.13848651337967	5	5	0.8403714335211089	-3.0333700337992138	4	4	0.13780610498594745	-13.30771461222204	4	4
pseudo_1180	0.3769437572472055	-0.8258675051827403	5	5	0.3029828090388741	12.105713985431668	5	5	0.2899589287285492	-3.6903478469387188	5	5	0.04619148693047574	-11.78688422096092	3	3
pseudo_1181	0.829255387737373	-9.204497085926784	10	10	0.9594006677285873	13.430545125289791	8	8	0.7996863539123833	-3.8202394492617806	10	10	0.6151223334538061	-9.035755504897276	7	7
pseudo_1182	0.013041748093807624	-9.268094845145066	5	5	0.18323400854379035	17.09274160270714	1	1	0.02908439315682428	10.433918477411282	2	2	0.5469320728860858	-0.8779346681175708	2	2
pseudo_1183	0.30458513005889	-8.986230116698893	5	5	0.1829445245549114	-1.6608952448364658	2	2	0.6596194011056418	-2.955412572358551	3	3	0.44517304866952323	3.279670407425656	1	1
pseudo_1184	0.17895528865762855	1.4672041454204894	5	5	0.6278656504206138	6.132771446081958	5	5	0.9268213564447811	-2.129577390757612	5	5	0.9238496723481793	-7.032808710481127	5	5
pseudo_1185	0.008891486285499163	2.2454948825323453	10	10	0.0986409716115464	5.474733336370863	10	10	0.07208526251065162	-10.251119551416787	10	10	0.7589345562699616	-4.896214626279089	5	5
pseudo_1186	0.49370142053879584	-2.3193155122989855	5	5	0.0765537801778659	-1.8475880491763383	4	4	0.5202802055752793	-3.1533022045499624	5	5	0.3556819431722411	2.961296269643424	2	2
pseudo_1187	0.36365107203172253	-6.274960641942477	5	5	0.2611538114013764	6.929578893434432	3	3	0.4747375370464101	3.503010709554933	5	5	0.9684930440136454	-6.88391260673287	4	4
pseudo_1188	0.8960406439005002	-4.700203030780425	5	5	0.8880967567819725	8.136269853373609	4	4	0.7222903921249051	-3.295716117646236	5	5	0.9635050030421082	-6.0221494181546795	3	3
pseudo_1189	0.5145745314268053	-5.10257072247438	4	4	0.9551956971570861	5.71434959508208	3	3	0.9949234861573844	-3.0710926356176396	2	2	0.4648598164197659	-7.320276812795576	2	2
pseudo_119	0.9454327084058349	-4.755728668774635	5	5	0.16693734917055902	-1.351994046407184	3	3	0.6512168291911148	-2.8738113999006205	4	4	0.1598681085266348	3.5711098384237596	2	2
pseudo_1190	0.09417950713866183	1.4201133365048004	5	5	0.14830528595037984	10.167270286798141	5	5	0.49470412497351524	-3.7198228266549775	5	5	0.08123385312419207	-9.00525316593521	4	4
pseudo_1191	0.9900711838499728	-3.1643713615872158	5	5	0.8196058656511735	5.798621756060054	4	4	0.868463342257283	-2.1531609558468783	4	4	0.790852762293555	-6.762533981701735	4	4
pseudo_1192	0.8565221634541369	-9.436879802019046	10	10	0.4362711305992133	9.548683730858324	7	7	0.5125743067385946	-3.4310410375863256	8	8	0.3622901739212755	-11.472937961888858	6	6
pseudo_1193	0.350039752681239	-9.343129615383615	10	10	0.6448067107629731	5.94164982565987	6	6	0.26409092256686206	2.735198334044007	9	9	0.2592880590765182	0.29469635577280623	7	7
pseudo_1194	0.8616929960378168	-4.633505155302092	5	5	0.9961285445921516	4.968410037416261	4	4	0.21723465421954835	3.3257616279440825	5	5	0.15668795054200066	0.7072976039606592	4	4
pseudo_1195	0.6858906453405942	-2.9668848396886625	5	5	0.34406039449213544	9.814372356791237	4	4	0.5163287936122332	-2.8924428532583306	4	4	0.2024431200443495	-7.989443238270663	3	3
pseudo_1196	0.18057534606001757	-9.16331583325357	9	9	0.31118148106884724	13.16226778237386	5	5	0.5582698144488799	3.9429872046892225	6	6	0.4723033331628511	-14.465805385121188	6	6
pseudo_1197	0.001475267918290011	3.0122384566689977	5	5	0.14350695289799156	1.3069489177558087	5	5	0.007199805988844155	-10.66508393078864	5	5	0.5257612504335041	-7.177704831374774	2	2
pseudo_1198	0.6904710477780982	-4.98041312260875	5	5	0.1503502857369216	-1.381135364063761	3	3	0.7524071861623619	3.2802317736903	5	5	0.15991654473201622	3.2411910580936776	3	3
pseudo_1199	0.5175665261031901	-5.545920828426912	5	5	0.2879515605394817	4.961117024947506	4	4	0.5202798731194254	4.130332071667941	5	5	0.33459961780872516	-0.17052734340511666	4	4
pseudo_12	0.48782816087788083	-5.6022289622149755	5	5	0.9462472182890164	2.8466534678017115	3	3	0.3755853258858973	-5.9266753692534095	3	3	0.6732972110798485	-7.236457402209497	1	1
pseudo_120	0.8568057803348973	-4.2973262096178795	5	5	0.5901692780308903	9.388014874126215	4	4	0.3755857182410437	-5.758844197223332	3	3	0.28079900472908725	-10.359180871130674	3	3
pseudo_1200	0.4257811029422248	-1.8238959363650802	5	5	0.5571282006933561	2.4930312935334817	4	4	0.6176691564068205	-2.836250082519285	5	5	0.8292175195021274	-3.5684018545784553	3	3
pseudo_1201	0.4858792581291961	-4.2210611915428125	5	5	0.02534523982656944	-2.188525252891609	3	3	0.8755137975472063	-0.40670932538533494	4	4	0.03363923748956193	3.9093285702134204	3	3
pseudo_1202	0.16339140663094376	-8.208786848158331	5	5	0.1104076499743536	17.79812815565081	4	4	0.2273088542139119	5.271318579331994	3	3	0.2761420676144386	-11.219358501171202	4	4
pseudo_1203	0.847048385969405	-4.913913209862561	5	5	0.8397132531802258	2.5101913137547114	3	3	0.7236377893443331	0.2872920968054263	4	4	0.870193222569462	-0.7883446841854557	3	3
pseudo_1204	0.9157600014047256	-5.6557218595665235	5	5	0.543996372783599	2.21358374331127	3	3	0.6067375859761193	0.7952855633665252	4	4	0.2166806625969988	0.3220310734291303	3	3
pseudo_1205	0.6012120155842655	0.2256782186123896	5	5	0.4462250366937085	2.8537143529441593	5	5	0.35629850823135834	-8.846754632192548	5	5	0.7298273652942457	-2.832399628993279	2	2
pseudo_1206	0.9404808731919202	-7.678456627209234	5	5	0.46375515388477917	11.351405934326957	4	4	0.386856315416221	-3.9187678890429933	3	3	0.1598681085266348	-12.477996130619319	2	2
pseudo_1207	0.39124702288197577	-6.033636217589066	4	4	0.7615923499947073	6.243780083320378	3	3	0.7284641122178674	0.4544139694049732	3	3	0.9041086739579434	-2.526913549253049	2	2
pseudo_1208	0.0349187088840422	-9.951648999638111	5	5	0.5300560468520916	5.547177495237811	2	2	0.10483531085983812	4.757507706247062	3	3	0.46013351195390617	-0.26028863621873405	3	3
pseudo_1209	0.6271287796301317	-8.361605698237552	10	10	0.5941630773691516	14.900329381802067	8	8	0.22287351113137432	-3.4260401328035446	7	7	0.3071050850930711	-10.38344152459681	4	4
pseudo_121	0.029425161171556188	2.103109370258719	5	5	0.7097396211666542	8.912673850891785	5	5	0.33186698884491095	-6.139808014951659	5	5	0.2965382321620964	-11.107216336028712	4	4
pseudo_1210	0.9355313379491793	-4.834625218724386	5	5	0.2708118684024159	1.9652358044552887	3	3	0.265257381639326	-6.140263775566442	3	3	0.9935918463631742	-6.501403737369385	2	2
pseudo_1211	0.5461455430695353	-4.971849569055979	5	5	0.5062122435155483	4.908540871881537	4	4	0.01597620115743942	-10.380794929314845	3	3	0.12962595410473374	-17.46255019974592	1	1
pseudo_1212	0.9206984351707465	-5.101634949820016	5	5	0.7701690854235015	2.4073471664291772	3	3	0.7917168149173295	0.4851555265501166	4	4	0.739198500347517	-3.985559447411356	4	4
pseudo_1213	0.7196137987796682	-5.359606433413056	4	4	0.950481585546606	4.703982507663264	2	2	0.11026796238671312	-9.10455359529728	2	2	0.18244868960351712	-16.87464041497443	1	1
pseudo_1214	0.2789640387466429	-1.267634541319489	5	5	0.07031765950240168	-2.0589293323207456	4	4	0.1507792232812168	-9.897134156840083	4	4	0.31049489359326643	3.606796307171522	1	1
pseudo_1215	0.8616929960378168	-4.045667769268911	5	5	0.31988481626118637	9.92887945929945	4	4	0.5412210817657919	0.7009639153031436	5	5	0.9146224678125235	-7.131999113871198	4	4
pseudo_1216	0.6318649979916482	-6.165795039770358	5	5	0.17893197094248248	11.712955110753974	4	4	0.8124813825897014	-3.784557185103125	4	4	0.19630127950364495	-13.926252821477334	4	4
pseudo_1217	0.6274453802906375	-5.310314590219897	5	5	0.512440202821652	5.1440147094358055	4	4	0.631989721630215	-3.3730598382886856	4	4	0.9679674970160776	-2.27595376906035	2	2
pseudo_1218	0.06551194192313764	2.101675138407809	5	5	1.0	5.923960187110409	5	5	0.8013696910045166	-2.2583969564110427	5	5	0.817044721781739	-3.5757017647137865	4	4
pseudo_1219	0.47626618840787693	-6.98190418123207	10	10	0.5941627220787313	11.91420422791802	8	8	0.6864413588645162	-3.3334944922808956	9	9	0.9478549671208554	-7.9841980232779575	5	5
pseudo_122	0.07959297472468681	-0.2434672781406205	4	4	0.3065263072624945	-0.9815407381755458	3	3	0.3449507385605386	-4.773853036289162	4	4	0.955166061730401	0.8990591158930132	2	2
pseudo_1220	0.3164586173596865	-7.843013113413963	5	5	0.830619604740795	4.902606666990223	2	2	0.35366072005909566	1.804677310524746	3	3	0.39905555634338286	-0.8756359688638082	2	2
pseudo_1221	0.5379009760261242	-2.218423381541881	5	5	0.42335870036441137	1.8234324378381708	4	4	0.7036062347341507	-2.7827198649398617	4	4	0.500780752311927	-0.34590504425087215	3	3
pseudo_1222	0.3104844107764888	-1.2511208148188158	5	5	0.41220668224288215	1.9969592528270237	4	4	0.3689288237829691	-3.1913421129608874	5	5	0.7177868332479136	-2.0386405183623135	2	2
pseudo_1223	0.5670270701891695	-8.152481129815856	5	5	0.15319213788999692	-1.6434565410627622	2	2	0.7677242252264775	0.6642253841089438	3	3	0.07859415876116457	3.9598984313343397	2	2
pseudo_1224	0.8227600711155665	-7.940881815031413	5	5	0.6241933662913467	-0.5829087734737035	2	2	0.9958656745191315	-0.9271941106335406	3	3	0.7786313571194479	1.2976271383585112	2	2
pseudo_1225	0.6949819960151836	-9.085524514747812	10	10	0.19279352619553103	12.525398112558904	7	7	0.28712094664546495	4.892097167963512	7	7	0.713190051137414	-8.146775103571514	7	7
pseudo_1226	0.16261742992332084	-9.290076511755727	10	10	0.09800778014003353	0.6327474085709079	4	4	0.16594331479186486	2.8026579307556223	6	6	0.0265144288411161	2.027657867055587	5	5
pseudo_1227	0.0267548529210195	0.09939241771546599	5	5	0.12883076283466469	-1.585529733501918	4	4	0.5456739982301828	-6.069340130086296	4	4	0.34737795093212276	3.0771123436016756	2	2
pseudo_1228	0.5338022520969425	-5.695574026896401	5	5	0.12370046851451348	-1.508462893603122	3	3	0.5359466461594868	4.450695503842975	5	5	0.024959617600623978	4.003195877966298	3	3
pseudo_1229	0.4819934660712062	-5.0622302521552625	5	5	0.39936763338904124	-0.890184342832122	3	3	0.7036062347341507	0.6031651489427162	4	4	0.15606662171948552	3.3107650324908775	3	3
pseudo_123	0.3194738233759382	-8.277270907397318	5	5	0.4194785119548996	2.5411838933512287	2	2	0.6007343246984109	0.7502352259833427	3	3	0.37266192245426943	-0.5957272402680522	2	2
pseudo_1230	0.47493982301662163	-1.2616261621937204	4	4	0.38077936234642007	1.9779460640713136	3	3	0.9464706764702553	-0.7571094288277762	4	4	0.7192145505606329	-0.603077687157158	3	3
pseudo_1231	0.21564096291570856	-9.15042919384414	5	5	0.4355525207616596	-0.9831815433719555	2	2	0.9038090250597768	2.719328412359328	4	4	0.39905555634338286	2.970912902046847	2	2
pseudo_1232	0.5754855034778059	-1.6785579591378237	5	5	0.3294184449374762	7.118910263251155	4	4	0.868463342257283	-2.736520504053798	4	4	0.23827522969627601	-8.313212180306563	4	4
pseudo_1233	0.47812463629288693	-5.706421224606978	5	5	0.8221864928668894	6.018105363930353	3	3	0.28633404451212663	4.395291086587091	5	5	0.41220233675477636	-6.879258235647344	5	5
pseudo_1234	0.13864245213360282	-1.299398771948812	5	5	0.19119630579580937	11.98964368637356	5	5	0.09910400881754475	3.8763990570036078	5	5	0.8681434455491692	-6.593495452593892	5	5
pseudo_1235	0.5015904900066251	-4.570642883789749	5	5	0.9419791711232611	5.266723123073533	4	4	0.3449507385605386	-3.275711229553665	4	4	0.980777192385471	-6.525055383762238	2	2
pseudo_1236	0.5379009760261242	-8.618079750115319	5	5	0.294929038425885	18.95607738209006	5	5	0.8614233316999723	-3.689854737100971	4	4	0.08324180167867337	-11.120544816432677	3	3
pseudo_1237	0.8862042246935815	-5.14352952129772	5	5	0.8120701353897801	5.046778798350114	4	4	0.6512168291911148	-3.930275892792187	4	4	0.4648598164197659	-4.109172105134993	2	2
pseudo_1238	0.23222470616172075	-8.209155834043926	5	5	0.26595265908958	11.078435418108512	3	3	0.014351118438540944	10.172133520709165	4	4	0.2663113324622022	-2.792376374920117	4	4
pseudo_1239	0.8568059146997855	-2.5913020705912753	5	5	0.5636638095829386	5.666887852382146	4	4	0.67721633403525	-3.101603236252433	4	4	0.9947846469098508	-3.761004755193998	3	3
pseudo_124	0.6676856230790653	-5.827756620174289	5	5	0.1848633894020848	-1.2625954468237932	3	3	0.6193074999116697	-3.617496691421882	4	4	0.23142511819536626	3.2940001863077493	2	2
pseudo_1240	0.6904710477780982	-2.0352331168613094	5	5	0.11258984965888019	-1.951980186184868	4	4	0.6641660577844778	-5.357861859315218	4	4	0.01943028795326563	5.151845731922997	2	2
pseudo_1241	0.1652791369335106	1.7954360544750207	5	5	0.8084961328368158	9.641442072914506	5	5	0.3010182717910308	-6.748689755261903	5	5	0.26367578338108444	-7.8028149557824635	3	3
pseudo_1242	0.42217479359723453	-1.6984239668622634	5	5	0.4696963763709566	4.693284459870778	4	4	0.6120545027664299	-2.7837613270148336	5	5	0.9011617330967618	-3.6123511762909373	3	3
pseudo_1243	0.4330469793002376	-7.463382278261375	5	5	0.10929929322112233	19.064282238711428	5	5	0.63726337932383	0.22166570441469138	3	3	0.10535399481455689	-14.147784888679107	4	4
pseudo_1244	0.44450908213816887	-8.946359013767461	10	10	0.22342050724311913	13.330075526697668	6	6	0.8131634154750682	-2.970223827521281	6	6	0.5493943391197713	-13.533250783792033	5	5
pseudo_1245	0.9900711838499728	-4.773222871451952	5	5	0.8661504309338228	5.758347228581564	3	3	0.1729552757169729	-6.2858927437848005	3	3	0.1598681085266348	-12.409135765121707	2	2
pseudo_1246	0.3837010404022754	-1.914324166717897	5	5	0.7231827651624472	5.475161462042437	4	4	0.8323860716398633	-0.6024422227254078	5	5	0.8522827053771316	-4.229144750493167	4	4
pseudo_1247	0.537314306671113	-1.969087263473619	4	4	0.5590134710819445	2.1410360379822335	3	3	0.9628043867871149	-1.3202553279539184	3	3	0.9530885481507942	-1.8900318915563872	3	3
pseudo_1248	0.5256524127204181	-2.2530046214960278	5	5	0.9111406646498671	6.050026537387022	4	4	0.7102614042359587	-1.421075956683912	4	4	0.8496546027760271	-3.4338326617001194	3	3
pseudo_1249	0.5379009760261242	-5.384569068189635	5	5	0.5145769424974942	1.9571752734320735	3	3	0.6985005026879809	3.8596538471898083	5	5	0.6395429335016928	-0.5384504576809913	4	4
pseudo_125	0.5015904900066251	-5.224491926942988	5	5	0.44618504707442797	8.478346009767773	4	4	0.34954276721873223	0.8811169084520883	4	4	0.9635050030421082	-3.054366092672565	3	3
pseudo_1250	0.6950628133357115	-4.506488914837562	5	5	0.903450076951705	8.494704653775207	4	4	0.4972685477054206	-3.503179825364871	3	3	0.3172679651218048	-7.4315412468524835	3	3
pseudo_1251	0.05147187008472237	-9.053350408908903	5	5	0.7878459827902118	8.71781862698852	2	2	0.4972685477054206	2.9065401321240114	3	3	0.878714669839499	-2.2453450746360457	2	2
pseudo_1252	0.12432614155987437	-8.420714580122395	5	5	0.6144606727629431	5.294297610613466	2	2	0.31821145577477083	4.239583837813556	4	4	0.5175570596062204	-0.9277485254821839	3	3
pseudo_1253	0.6362978103693628	-3.196113974883606	5	5	0.11705614283939623	10.41342231722188	4	4	0.49912279821596517	-5.1850943450523905	4	4	0.04396572396419003	-13.645086847122968	4	4
pseudo_1254	0.6496740812387427	-2.5335340449799175	5	5	0.5636638095829386	4.755985815323703	4	4	0.28877919207998903	-6.600098513224537	4	4	0.8292175195021274	-6.074807172434755	3	3
pseudo_1255	0.15600279090797806	-0.5137377365727159	5	5	0.8354298148251096	8.08479224146699	5	5	0.5953477612858289	-3.269459648966368	5	5	0.4925019824796658	-4.571929347479322	3	3
pseudo_1256	0.8862042246935815	-4.120200604681286	5	5	0.6448301450738294	8.46703292589921	4	4	0.3983308708170923	-2.9373620365511894	3	3	0.24728688575955604	-7.843899955806261	3	3
pseudo_1257	0.008805516944325808	1.9628596785256789	5	5	0.14115288331095652	-1.5148331876915282	5	5	0.20556291801457394	-7.080071242433466	5	5	0.37051796582340224	2.634806280968623	3	3
pseudo_1258	0.8373142500307263	-5.4982268362695805	5	5	0.16374911722387264	4.061894156785319	4	4	0.48222627376299954	-3.33275171889699	4	4	0.5153352157599448	-1.6621344736091466	2	2
pseudo_1259	0.19843028301905408	-1.2876781813278466	4	4	0.6309680799450805	12.07116415620507	4	4	0.14538197011419	-6.5513140484726975	3	3	0.05382104405945723	-13.914957185508824	3	3
pseudo_126	0.9503866528655234	-5.033011940781574	5	5	0.5974132364292704	6.303818949918539	3	3	0.4972685477054206	-3.1826845853523795	3	3	0.22656426869830748	-7.914852241993742	3	3
pseudo_1260	0.09175816100500814	-1.519188234650165	5	5	0.2641579367674023	5.005247288324313	5	5	0.04541868606418404	-10.27478633295353	4	4	0.8158282173436158	-6.7506609396784025	2	2
pseudo_1261	0.8812924851140853	-6.117402668315159	5	5	0.22923764431321725	-1.1478261831394032	3	3	0.29763984974454905	-6.201282891206934	3	3	0.6403507662122188	2.753233983310955	1	1
pseudo_1262	0.9761399056791801	-9.254810928241598	9	9	0.7269120945206897	14.056302710502036	7	7	0.5300498592161242	-3.161889317424599	7	7	0.2839153225366293	-13.944487893603004	5	5
pseudo_1263	0.6783336410665137	-4.989882317748685	4	4	0.45153543260689877	9.593375898326691	3	3	0.29969435901239916	-5.118229145977288	2	2	0.07859415876116457	-13.60029170053251	2	2
pseudo_1264	0.9503866058634243	-4.363375903713131	5	5	0.6464027158332027	12.585421001972355	5	5	0.9545468286562601	-2.4563057420533063	3	3	0.4736126183588437	-10.211896440475938	4	4
pseudo_1265	0.9009649498567089	-4.9712075068770964	5	5	0.40568305810496186	-0.7556862723827885	3	3	0.4230172534115033	3.644014853560489	4	4	0.3696241991795256	2.942278020137278	4	4
pseudo_1266	0.27347557943195544	-7.928308593048359	5	5	0.798484975127361	4.694025564259657	2	2	0.9949234861573844	-3.370523730294658	2	2	0.9935918463631742	-6.4932898201745495	2	2
pseudo_1267	0.12585744761296808	-1.3254173804678577	5	5	0.17273775823023463	1.684972171880054	4	4	0.7952021408938005	0.3211711842244341	5	5	0.3346003966137612	-0.21854402536545425	4	4
pseudo_1268	0.10706426177684525	1.8594099937930515	5	5	0.6588847893064866	6.995041553176736	5	5	0.32790288716383886	-6.311848615048139	5	5	0.5997471149170961	-8.312690089800983	4	4
pseudo_1269	0.7986404115160997	-8.39583261552034	5	5	0.7615923499947073	4.9338561063650355	3	3	0.9380472236412319	-0.06998492792562659	3	3	0.7786563583951011	-3.432329186067811	3	3
pseudo_127	0.9108248167986278	-2.0208858716017564	5	5	0.6871468520466417	6.064354176465006	4	4	0.6925979407750555	-2.999871761736621	5	5	0.46013351195390617	-4.563929000930948	3	3
pseudo_1270	0.732187752376495	-2.1837717294253634	5	5	0.7159232287040406	5.158278782258887	4	4	0.2500109317479896	-8.742126631894317	4	4	0.37266192245426943	-10.162303235693408	2	2
pseudo_1271	0.20564849873830215	-9.568396407119694	10	10	0.6588844659819747	2.3462907425946664	5	5	0.6442347568353559	-2.8759049633658784	6	6	0.8394225267808086	-1.174532871707175	3	3
pseudo_1272	0.6133108240665162	-4.896453199952375	4	4	0.46031755049896417	5.522490112956575	2	2	0.9340800472264392	-3.1931952939061663	2	2	0.5050175619871264	-7.144425932482976	2	2
pseudo_1273	0.2346657866958709	-3.584672452886295	5	5	0.5145769424974942	1.9853265858853326	3	3	0.17789481700628373	-3.887228138362668	4	4	0.8660626408883095	-6.8912071773964225	2	2
pseudo_1274	0.5652527320795251	-1.862772657265211	4	4	0.2757315773800072	-1.0725995650490905	3	3	0.23912422250233678	-3.602942627503714	4	4	0.231497839511154	3.898936364344597	1	1
pseudo_1275	0.47812463629288693	-4.460359842172974	5	5	0.18861350526284248	-1.2628053976950515	3	3	0.8560872805715487	-2.7011756207476467	3	3	0.1798350282618032	3.4998916716251465	2	2
pseudo_1276	0.7181867944064708	-4.06812446794798	5	5	0.8134556994139727	5.722899097717892	3	3	0.9535992486735396	-0.3818642381706856	4	4	0.9635050030421082	-3.8369739202275155	3	3
pseudo_1277	0.3603738206580728	-7.596522689195627	5	5	0.41157407115650013	-0.9938014085071085	2	2	0.1007504107513952	3.7895834421418457	5	5	0.040533237071655855	3.873667423806964	4	4
pseudo_1278	0.07019691940583252	-8.732322666558504	5	5	0.6839248007867214	8.917343525589098	2	2	0.15719007126343776	6.1248628534584855	3	3	0.3696241991795256	-2.930535120809907	4	4
pseudo_1279	0.24461121609278214	-7.448717176549853	5	5	0.6047954004988128	5.525939864404375	2	2	0.5712147742084495	-4.531586621902167	2	2	0.24976182771404487	-10.374443917273247	1	1
pseudo_128	0.3378467939575591	-1.549390226011292	4	4	0.5590134710819445	5.770329965320862	3	3	0.9298069406183828	-0.09843797871352349	3	3	0.5784813256465693	-4.29750846965462	3	3
pseudo_1280	0.8665853779004002	-5.1799881232927865	5	5	0.9342595588314601	5.587944507311771	4	4	0.28633404451212663	3.449746644609529	5	5	0.5091336854681567	-0.45091744305573717	4	4
pseudo_1281	0.14198986672570627	-8.433004675614361	5	5	0.6144606727629431	9.600597686346925	2	2	0.9037800002267102	-0.35356202182361773	2	2	0.6016365394766707	-7.090875838507447	2	2
pseudo_1282	0.23960233878514536	-8.027824765001995	5	5	0.132140251725031	11.957541726727783	3	3	0.175030075157378	3.6922137074390196	4	4	0.8611413923233626	-9.718472513887322	4	4
pseudo_1283	0.832456407166889	-2.638187520208268	5	5	0.9961285445921516	3.076539838855305	4	4	0.3521497006138494	1.948990050748937	5	5	0.37322125700359077	-3.1113847223565743	5	5
pseudo_1284	0.7938386632402035	-4.46891115174353	5	5	0.2604732077473969	15.561323867745182	5	5	0.5576394469238445	0.9091664319389842	4	4	0.6721515770417354	-10.091662429162062	4	4
pseudo_1285	0.08367489603331513	-1.2977985517235426	5	5	0.1458910199919692	4.90786909052741	5	5	0.04639255409788288	-9.909274793487446	4	4	0.5153352157599448	-7.014274457058622	2	2
pseudo_1286	0.6055497578684996	-8.998162171040878	5	5	0.8221864928668894	5.759891345446199	3	3	0.63726337932383	0.5134897510344477	3	3	0.9168442200344347	-2.2132394271025335	2	2
pseudo_1287	0.7275105843794041	-4.548909256995112	5	5	0.624085036583969	8.869428499985913	4	4	0.43345462974023785	-3.701126021451944	4	4	0.7487488115809312	-6.722734327603647	3	3
pseudo_1288	0.5776910369117165	-9.167741102996311	9	9	0.22947098897746832	12.884888291623149	6	6	0.4339830903901917	3.006539952423635	7	7	0.670291240697577	-7.853122480371571	6	6
pseudo_1289	0.6933733195403846	-8.126467990274008	10	10	0.3648716182976759	13.003330793686446	8	8	0.7803576582856935	-2.7848551201111675	8	8	0.30857085120676775	-11.114512994975357	7	7
pseudo_129	0.5297193655755803	-7.554759334193492	5	5	0.2848287340187803	-1.185352901164772	2	2	0.9442035256697866	-0.4604366906452051	2	2	0.7663397108792154	2.2961756848993327	2	2
pseudo_1290	0.6274453802906375	-4.2626329921384665	5	5	0.23805923834998888	1.7033150215033672	3	3	0.7710989824253502	-2.7972413615717393	4	4	0.7663397108792154	-2.158067155013994	2	2
pseudo_1291	0.7787049073624075	-8.620727731935785	10	10	0.14388281881546125	19.275277043144957	9	9	0.8977846670919247	-3.4263706199563386	8	8	0.1777305907247947	-14.092361044980377	7	7
pseudo_1292	0.19842985215955744	-7.933488505323183	4	4	0.9687763486620268	0.11889478543246312	1	1	0.09178327733377689	6.339555375897942	2	2	0.1798350282618032	3.513931701944303	2	2
pseudo_1293	0.6071885064954474	-4.917244623726541	10	10	0.6274628777567288	11.564133089770868	8	8	0.12091993458527489	-10.636067456735873	8	8	0.14389470009725283	-9.03276051276439	4	4
pseudo_1294	0.9503866058634243	-2.4944784619801075	5	5	0.7231827651624472	6.174039820232483	4	4	0.17078514069987238	1.3435194996476014	5	5	0.4718897570213032	-6.310694263347244	5	5
pseudo_1295	0.7135404879890894	-5.177541211860031	5	5	0.9820703590691865	2.7490204721704803	3	3	0.5516407814164297	-2.7763500786350797	4	4	0.9679674970160776	-6.136724273758716	2	2
pseudo_1296	0.20211983817556323	-8.729424737851982	5	5	0.5300560468520916	5.541655038755412	2	2	0.23950281574405863	4.304419218685241	3	3	0.4925019824796658	-0.3763320392786132	3	3
pseudo_1297	0.9305842931363861	-2.005150777196087	5	5	0.9883859983561083	3.318826120268527	4	4	0.50482407658825	-5.672490766695742	4	4	0.590500028835642	-3.8943276836323855	2	2
pseudo_1298	0.7653717680159622	-6.457728536847257	10	10	0.7114460374255658	7.540290193196506	8	8	0.8898517689417427	-2.4650494388980007	9	9	0.455544153953105	-7.223016535549214	6	6
pseudo_1299	0.4945447281082007	-1.6797821406736144	4	4	0.752464818944282	8.996474052227926	4	4	0.6837782977108431	-2.5125637424499985	4	4	0.6147447779785216	-7.4359267087583225	3	3
pseudo_13	0.051471781582495914	1.3901206876938836	5	5	0.0931021981899258	4.895813254010184	5	5	0.01948841942247748	-10.36719810589801	5	5	0.2441931724134183	-11.80031183520086	2	2
pseudo_130	0.35711607602167694	-1.357428294800245	5	5	0.2792375759961536	-1.1413111643811635	4	4	0.4130051847373114	-3.5322050463232397	5	5	0.2642592074011081	3.1905890410444178	2	2
pseudo_1300	0.8690333267386324	-5.027242113892665	5	5	0.2053641620752208	13.507097090927026	4	4	0.30735799168467126	-5.471180514041785	3	3	0.06501736905886729	-17.02416175537407	4	4
pseudo_1301	0.9404808731919202	-3.410934535480416	5	5	0.6378832840984665	5.116396650220969	4	4	0.11006094714982735	-10.179792782693783	4	4	0.23774861334252295	-11.534389155437974	2	2
pseudo_1302	0.11834619338095756	-8.598557609178567	5	5	0.07043456768928354	12.961316491021462	3	3	0.0962516394256903	4.614553039557292	3	3	0.6721515770417354	-9.941454589401445	4	4
pseudo_1303	0.3474532392855063	-1.3286623693180053	5	5	0.0765537801778659	1.5041496006801325	4	4	0.7044213525617156	0.37441141665837036	5	5	0.20828126500143163	0.3299190535775747	4	4
pseudo_1304	0.5148356322080453	-7.7389326384043065	10	10	0.7678005953260388	13.76618897823498	8	8	0.8945109118515546	-3.686187834294806	9	9	0.8727015787974399	-11.502201631193877	6	6
pseudo_1305	0.47043816224845847	-0.8797327159793394	5	5	0.9447925407247523	8.427919778884428	5	5	0.2251350473956576	-6.6678210549394	4	4	0.5260529796097602	-7.188058904085189	3	3
pseudo_1306	0.5297193655755803	-5.6754489855987105	5	5	0.4120577666654196	1.1901122479007993	3	3	0.7362631011606913	-1.8285933855807468	3	3	0.2782519087438283	0.3353705638539646	2	2
pseudo_1307	0.18301323039616757	-9.09246830559102	5	5	0.5032902174367295	-0.8026244023492826	2	2	0.6521322862776109	0.6808248138900351	3	3	0.07859415876116457	4.228054040831343	2	2
pseudo_1308	0.07116614961493181	-0.7967694812855802	5	5	0.624085036583969	5.049306563884938	4	4	0.059513461246001556	-7.205430369836475	4	4	0.25075941877699237	-8.110270353451494	2	2
pseudo_1309	0.7042798325092905	-8.435874804986469	5	5	0.8397132531802258	7.754274364447892	3	3	0.13636024950669254	9.349694414467121	5	5	0.22534845305550089	-3.3314761069038745	5	5
pseudo_131	0.4628204168662545	-5.471047298811108	5	5	0.9729049155392885	5.47564343052377	4	4	0.9395211054171048	2.922039019758712	5	5	0.878714669839499	-2.2453450746360457	2	2
pseudo_1310	0.17104080567012947	-8.203355681262499	5	5	0.13792878298337957	10.562631916630075	2	2	0.35906466075278975	1.3864871361042936	3	3	0.7290153128961694	-6.975169212972691	3	3
pseudo_1311	0.27075921782341195	-1.1103193292289293	5	5	0.03827699809948425	-2.2642388498871426	4	4	0.50482407658825	-3.373339348359867	4	4	0.13786449136871085	3.173323255602979	3	3
pseudo_1312	0.20833568272099923	0.9020147000024435	4	4	0.9342595588314601	2.686026648254185	4	4	0.8263990297566124	0.4794559297133217	4	4	0.7306957467461217	-0.6473892089279522	4	4
pseudo_1313	0.02762071859789304	1.5022818111662393	5	5	0.415840207251994	5.254675380288371	5	5	0.4747375370464101	-3.4325722126103533	5	5	0.9684930440136454	-3.60203020317685	4	4
pseudo_1314	0.002394245093648696	2.616454328745391	5	5	0.9241437066926335	9.392319187243546	5	5	0.3398876957107806	-9.038629268941419	5	5	0.25266867661575065	-10.112029637635379	3	3
pseudo_1315	0.23344280682225538	-9.55629395085233	5	5	0.46031755049896417	8.790311141304723	2	2	0.9746215402664824	0.11432104678746946	2	2	0.4454669683385002	-7.10473062013749	2	2
pseudo_1316	0.6055497578684996	-0.056858542741916006	5	5	0.6278656504206138	6.784684885852012	5	5	0.24522073349116424	1.8961513428814563	5	5	0.6543385036711127	-3.4600433181673496	5	5
pseudo_1317	0.44038496555217155	0.7183503940512473	5	5	0.903545861800539	2.374599849143562	5	5	0.14718393734540033	-9.33529009742019	5	5	0.8463946870481434	-5.970329251221332	1	1
pseudo_1318	0.8763853071710093	-4.269011468550793	5	5	0.8120701353897801	7.417989326248538	4	4	0.6746957316109352	-2.9446988153459652	3	3	0.7786563583951011	-5.944488685388752	3	3
pseudo_1319	0.09540924808842004	1.2338421115653893	5	5	0.06397226570361349	-1.9210850793106011	5	5	0.6403493121235084	-3.5077598551999016	5	5	0.25672416509120977	3.1678462544730848	4	4
pseudo_132	0.9058930701494853	-5.864100485366701	5	5	0.13801011937475943	-1.5653587421053714	3	3	0.8896438386926945	-0.07240032330743795	4	4	0.0382582076632274	3.969293134068875	3	3
pseudo_1320	0.9009649498567089	-3.179488844574378	5	5	0.8575213695682062	3.159490058003245	4	4	0.9678669656315698	-2.1317145572932135	4	4	0.7487488115809312	-0.6155010332498732	3	3
pseudo_1321	0.7747114055690908	-5.304904987388048	5	5	0.2611538114013764	-0.8828496943038001	3	3	0.2005933065514195	-6.263362902126673	3	3	0.41847589036876853	3.3576729194269292	1	1
pseudo_1322	0.554452264693946	-8.363418725183944	5	5	0.26659581258645726	-1.3073189275704111	2	2	0.50482407658825	3.1160024631964074	4	4	0.12451808844982651	3.212093703714674	3	3
pseudo_1323	0.00896746935564662	2.3233956303589935	5	5	0.12982531905012532	-1.5328767916374442	5	5	0.06801369690911599	-9.783532950657893	5	5	0.7909786289519256	2.023023646129305	2	2
pseudo_1324	0.6099014611238708	-7.6415601332006995	5	5	0.26659581258645726	-1.38524723726972	2	2	0.07176749701659657	-10.056419553836612	2	2			0	0
pseudo_1325	0.4897819357414237	-1.6905330995614414	5	5	0.9111406646498671	8.415945700820995	4	4	0.6233062375026152	0.7907909361680963	5	5	0.9684930440136454	-3.8059146442608522	4	4
pseudo_1326	0.1369915546747943	-7.925603168728465	5	5	0.1363248735520919	14.812220447593832	4	4	0.16391451638340648	4.045487800591604	4	4	0.8346219406374424	-9.195473172622462	4	4
pseudo_1327	0.3669464418009454	-8.484252839587922	5	5	0.91053256242075	5.226244515838754	3	3	0.7519421379490128	0.2934923007509645	3	3	0.7786563583951011	-3.435369708623483	3	3
pseudo_1328	0.5502911856779946	-6.075758395112331	5	5	0.8047480249577542	5.590715987618	3	3	0.15334004251856836	4.532169687626374	4	4	0.25672416509120977	-2.753327591414447	4	4
pseudo_1329	0.9851072421160068	-7.3012299231515705	5	5	0.5856725270666104	3.255485505026698	2	2	0.38276499021287136	2.8903645457054314	4	4	0.35671135413869803	0.3158467192657198	3	3
pseudo_133	0.32588515307627475	-7.556145598575714	10	10	0.6913199578628437	12.84459638992458	8	8	0.10526368686478145	-10.65812567385844	8	8	0.3941938274343686	-12.029412360940727	4	4
pseudo_1330	0.5628203135199947	0.4354014303938971	5	5	0.5561265906259225	5.218318361474746	5	5	0.5843268678046287	-3.319616344487287	5	5	0.9864941527484754	-4.655338066439594	4	4
pseudo_1331	0.6209633658719966	-9.195312369409068	10	10	0.6362675195428682	4.682352175286031	7	7	0.9178246260131314	3.72837185686203	10	10	0.6757459457746968	-6.872280067874859	7	7
pseudo_1332	0.33434512200509137	-5.876484809707367	4	4	0.628969833060491	6.730667223441476	3	3	0.07383040147261939	5.050472797869275	3	3	0.4761670154210649	-0.10893495119243586	3	3
pseudo_1333	0.46852709172999196	-5.921641809796218	5	5	0.8196058656511735	5.584356514189873	4	4	0.41757811961193914	3.8532861117130928	5	5	0.6239646640889823	-0.4282851848858848	3	3
pseudo_1334	0.1560026338961753	-1.7569089622588414	5	5	0.6278653024423635	9.472397196064566	5	5	0.08010046237125439	-9.823880398840966	4	4	0.5695750601483558	-9.428251358534178	3	3
pseudo_1335	0.7089047823998422	-5.524429232875885	5	5	0.8661504309338228	-0.08443299999132196	3	3	0.12038500634976466	4.097399842411571	4	4	0.150187470418256	3.407199332695891	4	4
pseudo_1336	0.06735403736917556	0.29208622747990826	5	5	0.9379047822859787	8.284313451220866	5	5	0.55719832621477	-9.489754045409441	5	5	0.8394225267808086	-6.421316861642606	3	3
pseudo_1337	0.6646573370914959	-8.18753389529022	10	10	0.7555985067750493	6.78730030467197	6	6	0.7080181493992378	-3.2572892349258424	6	6	0.9505079754058229	-3.6200842215091456	4	4
pseudo_1338	0.8714828764276494	-5.3445793616538495	5	5	0.01669242739104109	-2.6651060322503386	3	3	0.6256347635862844	-3.7589952496707215	4	4	0.07590366443794438	4.24252683769425	2	2
pseudo_1339	0.18506759543684093	-9.194633920091135	5	5	0.873901163706096	7.611113394841349	2	2	0.4190683007942929	4.80016337822707	2	2	0.7909786289519256	-1.2391028138883957	2	2
pseudo_134	0.5461455430695353	-2.166075014502738	5	5	0.7231827651624472	2.2848642758389506	4	4	0.07705991669009354	-9.919314371067685	4	4	0.2642592074011081	-8.450406800710166	2	2
pseudo_1340	0.14866975964596119	-4.494968432004838	10	10	0.6178668782157548	9.831550326020652	8	8	0.35860756245331027	-9.786074639127412	8	8	0.16821574623399582	-13.673117199391369	6	6
pseudo_1341	0.41146385312081	-1.9391694341931798	5	5	0.29237736694890715	1.4463735665596271	4	4	0.6837782977108431	-3.1416086234294514	4	4	0.5874525158575528	-0.21769018466263232	3	3
pseudo_1342	0.3255604392692478	-9.156141315666664	5	5	0.5762175395862381	3.473805291233931	2	2	0.5712147742084495	-1.038062251997757	2	2	0.6586821561494349	-2.940608068851922	2	2
pseudo_1343	0.6631642422518391	-3.01398330240656	5	5	0.12640502134433174	11.379989646602455	4	4	0.3588426240561221	-5.715648356229896	4	4	0.06065776510903126	-12.118316504061319	3	3
pseudo_1344	0.6732378112063838	-5.462750650301191	4	4	0.2857529780082053	8.695632541390497	3	3	0.07217285265622864	4.695547873887526	3	3	0.7487488115809312	-2.4288251931232065	3	3
pseudo_1345	0.6362978103693628	-5.664782485382329	5	5	0.5145769424974942	2.1692458379743123	3	3	0.6596194011056418	0.37206949443006726	3	3	0.3991102364563004	-0.22593098197330205	3	3
pseudo_1346	0.817921935509101	-4.301980201258327	5	5	0.08156345413466422	-1.7683861848442326	3	3	0.4041442261193725	-3.37219830348033	3	3	0.2574479241936739	3.25130203048786	2	2
pseudo_1347	0.9355313379491793	-4.492411955564619	5	5	0.22065121101801044	-1.2803334765997914	3	3	0.3779039187621106	1.3919872487779783	4	4	0.06065776510903126	3.7118039456028704	3	3
pseudo_1348	0.49763763251056903	-8.324004178715336	5	5	0.23805923834998888	9.612853052800032	3	3	0.5456739982301828	2.997484021696877	4	4	0.8434426142353991	-7.010262983280882	4	4
pseudo_1349	0.27347557943195544	-7.9834522025045445	5	5	0.9285232931595978	3.9167078742988526	2	2	0.56366968184805	2.0777614976759704	4	4	0.690093736850814	-1.22036102029769	3	3
pseudo_135	0.52565225562874	-1.7945526549531072	5	5	0.7033055440894165	7.824941869590732	5	5	0.7222901799833555	-1.9930324281611274	5	5	0.522877880551766	-6.176594868091576	5	5
pseudo_1350	0.09175816100500814	-8.969402361536629	5	5	0.507353458020152	10.873031647695292	3	3	0.9037800002267102	-0.3553358639912103	2	2	0.2574479241936739	-11.368078253267555	2	2
pseudo_1351	0.8568059146997855	-3.312984907633275	5	5	0.8423105224700136	0.46690119744055547	4	4	0.9535992486735396	-4.422870440039424	4	4	0.6016365394766707	2.587595866512703	2	2
pseudo_1352	0.4666206632004828	-2.9811879797203438	5	5	0.7159232287040406	3.085700263416237	4	4	0.44938665054554716	-6.117071561384333	4	4	0.6997523304332391	-3.66113159088115	3	3
pseudo_1353	0.06735403736917556	-0.8428433516142825	5	5	0.04204658869202792	-1.8905371065687255	4	4	0.13609383686628368	-6.946961877917427	4	4	0.22522201343532233	3.3577971016467325	2	2
pseudo_1354	0.7275105843794041	-2.5907503123071387	5	5	0.2232641131600709	10.795512555279126	4	4	0.6576786018960983	-1.9096280419023708	4	4	0.5841487996508297	-11.133881122801732	4	4
pseudo_1355	0.5297193655755803	-4.420803995275054	5	5	0.8485071080769009	5.6768291454345645	3	3	0.7102614042359587	-0.4095650073400568	4	4	0.817044721781739	-6.9406111754828	4	4
pseudo_1356	0.4666206632004828	-4.336822713193263	5	5	0.5365637960944252	1.689722211414774	3	3	0.0194435561816234	-10.194049170131834	3	3	0.16102717498182018	-17.152101601744278	1	1
pseudo_1357	0.5670270701891695	-5.983028828870508	5	5	0.5896379677157835	2.0833818181051047	3	3	0.8156267376286725	-2.8125624347941014	3	3	0.8913977488082454	-1.687537487252155	2	2
pseudo_1358	0.5256524127204181	-1.4415732898287865	5	5	0.49387678589692796	6.175795079557723	4	4	0.7403122323915686	0.6527450016317468	5	5	0.9594979328990745	-4.038314438195353	4	4
pseudo_1359	0.12130752223237279	-3.2090762766649896	5	5	0.0777052007423161	-2.0559581471148607	3	3	0.3225711130764517	-3.166385823530556	4	4	0.33274338923745705	3.5190282305363807	1	1
pseudo_136	0.20739420625966187	-6.591767947311055	9	9	0.5004685391979626	2.0961883713284997	6	6	0.12991955678883477	-10.180581069263583	7	7	0.5695750601483558	-4.646120743583595	3	3
pseudo_1360	0.554452264693946	0.31452413122270995	5	5	0.7161941739108411	6.357362626292049	5	5	0.13636024950669254	-9.111268810541503	5	5	0.28667092223792345	-10.254909324354037	3	3
pseudo_1361	0.9108248167986278	-4.013236677901898	5	5	0.36273220755321967	6.733134132151929	3	3	0.8887357953729927	-2.1063890327068227	3	3	0.5685165379138545	-6.809634896933917	2	2
pseudo_1362	0.8034497876712605	-4.5303156839110175	5	5	0.45785602422965666	12.632984379125524	4	4	0.7036062347341507	2.782770579742597	4	4	0.5237232041753621	-8.091750834132872	4	4
pseudo_1363	0.9256399289237022	-2.4820261442723726	5	5	0.7895698055667162	3.2945662130399938	4	4	0.4766639921490242	-4.994855670463377	4	4	0.6709285657109667	-4.015369777937075	3	3
pseudo_1364	0.15600279090797806	-3.7724639721957973	5	5	0.41220668224288215	4.450171790775885	4	4	0.4387286754574321	-3.428175443353411	4	4	0.8913977488082454	-1.586254357161525	2	2
pseudo_1365	0.5785668842966036	-8.167730710540388	10	10	0.9941948415838197	11.907306402201266	7	7	0.5388861293323126	0.6082828417699443	7	7	0.697183815120902	-7.430276100382446	6	6
pseudo_1366	0.6676856230790653	-1.7552444193191674	5	5	0.15795551721759393	-1.3716194081167388	4	4	0.4084620495048795	-2.8037124962982976	5	5	0.2642592074011081	3.241483247014598	2	2
pseudo_1367	0.1506297843246665	0.9287680762411427	5	5	0.8286769590021439	3.4128378623662687	5	5	0.7706633005902199	-5.71695069899037	5	5	0.7586785504415519	-0.6127161451184154	3	3
pseudo_1368	0.202119410203907	-8.000064148569367	5	5	0.12686587061240437	-2.533530683067431	1	1	0.10263441156702371	6.835901403434858	3	3	0.044780300492739566	3.802335773241482	3	3
pseudo_1369	0.2346557021629596	-8.349003933004925	4	4	0.809161518084328	7.143026447348299	2	2	0.5443481470440746	2.8305517348278264	3	3	0.7541065963725084	-1.577963601266425	2	2
pseudo_137	0.06371158510872829	-0.08626008658254447	5	5	0.3366475361810276	12.2211179235086	5	5	0.15865254526409478	-9.772580242120426	5	5	0.0407631124494103	-12.232267664370573	3	3
pseudo_1370	0.14712692065707436	-9.44590139367287	5	5	0.950481585546606	7.610577277604684	2	2	0.021669034067911964	10.074121168322364	5	5	0.31192290200341477	-0.15187009360834805	5	5
pseudo_1371	0.30166357601368754	-8.938692421093206	5	5	0.91053256242075	5.815435273344984	3	3	0.7598206814356091	0.21180722258011167	3	3	0.5091327089768307	-2.925059211422653	3	3
pseudo_1372	0.4185864499671491	-1.900880576301078	5	5	0.7086892841096155	5.339991364400331	4	4	0.09860983084065487	-7.0935295475701	4	4	0.3556819431722411	-7.760538064126729	2	2
pseudo_1373	0.24209788632308749	-1.8787639686590474	5	5	0.5441687725618416	2.2448246648525445	4	4	0.13846161905982074	-6.966008269842657	4	4	0.980777192385471	-2.326223370585079	2	2
pseudo_1374	0.6904707693560921	-3.6634991259545724	5	5	0.45153543260689877	1.9426843354993373	3	3	0.3358826951734408	-3.0755071390975157	4	4	0.7419348757734384	-6.771854977753998	2	2
pseudo_1375	0.9157600014047256	-5.826876113886748	5	5	0.7445274219063759	2.3799961667320493	3	3	0.7438604628886205	-2.171364052879586	4	4	0.7663397108792154	-2.1703529149705987	2	2
pseudo_1376	0.7135404879890894	-5.632729307508946	5	5	0.7615923499947073	3.4877319076227025	3	3	0.9793305924486801	-2.1075678292527	3	3	0.6709285657109667	-4.024040262495636	3	3
pseudo_1377	0.7415718370059923	-2.450708379949322	5	5	0.2269741721077786	-1.1690167128477558	4	4	0.6447811537455076	-3.569977373212955	4	4	0.5175570596062204	2.568687853649282	3	3
pseudo_1378	0.2535537601717789	-9.321633586394986	5	5	0.12166037585170728	15.307913062187453	4	4	0.05713392740540978	7.646197271169982	4	4	0.9146224678125235	-6.6109810221528	4	4
pseudo_1379	0.7617283921042383	-4.917792954466736	4	4	0.4687443388636586	2.9728455537198695	2	2	0.4462391536677819	3.223112563622522	3	3	0.6804853578260546	-0.21703204327393996	3	3
pseudo_138	0.7089047823998422	-7.185749148804352	5	5	0.4651552936864265	8.510975042746582	3	3	0.6975555073053217	-0.8559113869159982	3	3	0.3391983571575172	-7.8932189567035	2	2
pseudo_1380	0.7986404115160997	-8.70375591610451	5	5	0.49452959113685724	2.787566186958136	2	2	0.386856315416221	-3.3333686916586918	3	3	0.9935918463631742	-6.467515410338011	2	2
pseudo_1381	0.4330474156771239	-7.547432136978824	5	5	0.1704138619597052	9.749385717393302	3	3	0.38339181381824206	1.6513756743042411	2	2	0.3236353498215411	-7.576438686629641	3	3
pseudo_1382	0.22264074911562604	-0.6710895617512271	5	5	0.3294184449374762	1.7743215640011194	4	4	0.14575554489861986	-9.807555481149228	4	4	0.9041086739579434	-7.193851198387259	2	2
pseudo_1383	0.5628203135199947	0.12436185878957062	5	5	0.5678012916525538	2.714315379602485	5	5	0.41757811961193914	-6.282237662771258	5	5	0.40646057631660515	-0.7686747296186821	3	3
pseudo_1384	0.7938386632402035	-2.599134835082397	5	5	0.1697014368657257	10.281618009173089	4	4	0.7848272159006097	-1.5713040480181029	4	4	0.32341741148779524	-11.00138095208159	4	4
pseudo_1385	0.10980155786859046	1.4217198760037506	5	5	0.4618794039756149	1.0951684275869396	5	5	0.6008935437190663	0.964204090735206	5	5	0.4843743124461125	0.5640144377629754	5	5
pseudo_1386	0.6274453802906375	-5.062032653761561	5	5	0.7024263634168448	-0.3247721821278328	3	3	0.30735799168467126	-6.006516290297635	3	3	0.592248584549449	2.868371783004142	1	1
pseudo_1387	0.16605280441224346	-4.728976688099237	9	9	0.9825857538851013	10.055000813744597	7	7	0.38889426153063655	-3.4928458617844753	8	8	0.5486995132107632	-14.751171154600344	6	6
pseudo_1388	0.27075921782341195	-1.791086968575265	5	5	0.2461838604277684	-1.3632280536329908	4	4	0.8951604350674188	-3.1916272135037738	5	5	0.03474681712255077	4.135553878507331	3	3
pseudo_1389	0.9801438975978024	-4.559185020200503	5	5	0.4671644193300166	11.32049271142288	5	5	0.18624561976861975	6.562120156165389	5	5	0.8999133763484587	-3.3675233370612383	5	5
pseudo_139	0.4533951272356943	-8.416572910195438	5	5	0.1441519333367332	16.59380931700623	4	4	0.6298828444056537	3.273690410561107	3	3	0.17032567808242083	-11.366003056850383	4	4
pseudo_1390	0.9496294195812913	-6.3026030184374084	10	10	0.8947036596503971	11.020990210247122	8	8	0.8991736970070241	-2.152824587716719	9	9	0.8965568704242934	-14.777549417843554	8	8
pseudo_1391	0.2471437058193079	-6.690394379895925	5	5	0.8485071080769009	3.7841438885009233	3	3	0.31821145577477083	1.3694192999310815	4	4	0.4214014545789403	-0.09306052834064953	3	3
pseudo_1392	0.7509945103964352	-5.196367846516032	5	5	0.8651470503055643	5.656254313633895	4	4	0.7519421379490128	-1.7549819659879446	3	3	0.5346196128272573	-2.866228175713547	3	3
pseudo_1393	0.9157600014047256	-8.077662241308607	5	5	0.91053256242075	5.031250527834678	3	3	0.046429737574519195	-10.354506954917525	2	2	0.13549271670428376	-17.388631174877585	1	1
pseudo_1394	0.23192236231031016	0.5961591819220758	4	4	0.9188395857235161	3.1273305473493918	4	4	0.7370991243553497	-5.415731409307736	4	4	0.7586785504415519	-3.9165761679835343	3	3
pseudo_1395	0.09175816100500814	-8.662177476247505	5	5	0.8910302974717612	0.6641215339064086	1	1	0.1314521897793196	9.619948589736383	4	4	0.05382104405945723	3.7697169479033845	3	3
pseudo_1396	0.09235863363755913	-9.769910619319893	5	5	0.9944944608238245	8.346356143183652	2	2	0.16940410725863353	3.7223391849990866	4	4	0.7388605626131051	-1.9618290343845726	3	3
pseudo_1397	0.2548497556450918	-7.020549469824591	5	5	0.9910346135778847	0.09549326995094631	3	3	0.08813058353861464	4.577584832927192	4	4	0.3696241991795256	2.888991371192404	4	4
pseudo_1398	0.40441368259903376	-0.864757532089552	5	5	0.5050864027188934	4.69190211336586	5	5	0.175030075157378	-9.17549705469631	4	4	0.590500028835642	-6.955414081914494	2	2
pseudo_1399	0.09665168814755434	-9.469304135475502	5	5	0.03975237458585453	13.159947321950247	3	3	0.06986776360678007	7.789737944780213	4	4	0.9478548848220705	-11.853929839221506	5	5
pseudo_14	0.3474532392855063	-8.413009371557276	5	5	0.8573198588050641	4.928461015196914	3	3	0.1486575144695311	-8.97348945945727	2	2	0.15432610520732246	-17.22333713205704	1	1
pseudo_140	0.7321875080953301	-3.1754098631624554	5	5	0.3634162960409004	11.844675874387688	5	5	0.7036062347341507	-1.402250503536994	4	4	0.4597952789439739	-9.019764704613879	4	4
pseudo_1400	0.7042798325092905	-0.5969239670780393	5	5	0.634019381130687	11.225368678507692	5	5	0.7645632383673339	-5.500110241366714	5	5	0.3518363522262342	-10.908667651301487	4	4
pseudo_1401	0.12056167005081606	-9.790260413575437	5	5	0.25641517386533896	9.715011917582045	3	3	0.3225711130764517	4.020782546484381	4	4	0.859912066115945	-3.6780501213146337	3	3
pseudo_1402	0.27347557943195544	0.9922853130293082	5	5	0.9654785370296368	6.331183177752695	5	5	0.26181832980736963	-6.136416837199903	5	5	0.36357366278837844	-5.316594272148464	3	3
pseudo_1403	0.2548497556450918	-8.907710492597714	5	5	0.6241933662913467	4.621740898908206	2	2	0.9793305924486801	-0.1932629284590072	3	3	0.7177868332479136	-2.005436290649492	2	2
pseudo_1404	0.2958766064030993	-0.9097050479186133	5	5	0.10825899539685407	10.415741171056377	4	4	0.3682965174663976	-5.3438838380075095	4	4	0.046387853665761904	-14.43301555312681	4	4
pseudo_1405	0.8276049544731802	-3.0297911013864236	5	5	0.3543490417972893	12.280478766572054	5	5	0.7103601682451065	0.41618173764097954	5	5	0.4262586054679042	-7.4964885916465285	4	4
pseudo_1406	0.6813217547898165	-9.105155772997724	5	5	0.1829445245549114	-1.6074269574143463	2	2	0.9958656745191315	0.0667235806148171	3	3	0.36411005091594517	3.0276161424447325	2	2
pseudo_1407	0.3104844107764888	-1.4187535456648845	5	5	0.6448301450738294	2.6763059382504504	4	4	0.9964287091043627	-2.0465825009494214	4	4	0.6997523304332391	-0.1678760760693585	3	3
pseudo_1408	0.29301117298268564	0.975158902549775	5	5	0.24609067384536432	2.3485173479911747	5	5	0.5465213167060351	-1.498503383969214	5	5	0.09599764790504246	1.1959055894159836	4	4
pseudo_1409	0.7986404115160997	-2.2099530580818803	5	5	0.8271582915209736	2.4639784779087734	4	4	0.3635503467204566	-6.034042656506916	4	4	0.7663397108792154	-2.892020676468666	2	2
pseudo_141	0.5628203135199947	-4.657376271499316	5	5	0.8727853087933759	4.925503792040845	4	4	0.45477022616253426	3.0216702788220684	4	4	0.6721515770417354	-0.33939944856768395	4	4
pseudo_1410	0.14799658826067377	-9.69060246184962	5	5	0.29085487661215514	9.248396852962228	3	3	0.8156267376286725	-0.41812792229989276	3	3	0.18510478485867088	-8.342941530229968	2	2
pseudo_1411	0.8753758861925864	-3.87932628513728	4	4	0.6450110118633418	4.799267749852503	3	3	0.44138077902527706	-4.888191123367692	2	2	0.6939175270038576	-7.179091455211632	2	2
pseudo_1412	0.9256399289237022	-3.2109891343581487	5	5	0.8957685370399441	2.713630933526058	4	4	0.5898254521883453	-2.90792959398272	5	5	0.8804963658850083	-3.7690154813871835	3	3
pseudo_1413	0.13053997090214942	-8.099586702817431	5	5	0.08576816742135863	14.089796627211646	2	2	0.9496481989989608	-0.040404035332829435	1	1	0.06828005356393435	-13.08006476058727	2	2
pseudo_1414	0.18537877893990573	-8.340320339382545	4	4	0.3375565250412813	-1.686265923212229	1	1	0.22327518019444137	-9.858535763636457	1	1			0	0
pseudo_1415	0.5840030858686087	-1.3738695769216136	5	5	0.9729049155392885	3.111968513937658	4	4	0.8448689858851215	-3.307241769404286	5	5	0.6332438286069103	-0.4875188679809404	3	3
pseudo_1416	0.5148356322080453	-8.463220165580355	10	10	0.5212551992912038	12.6912695438307	8	8	0.4998161348352256	3.0214330086474566	9	9	0.6514421104853668	-16.179096873090156	10	10
pseudo_1417	0.2346657866958709	-2.348841593450727	5	5	0.9654785370296368	9.892745877871752	5	5	0.67721633403525	1.2199962365983377	4	4	0.8919539175558792	-7.053742903473516	5	5
pseudo_1418	0.8960406046785265	-2.2061719652016794	5	5	0.46375469401570013	7.381019763860384	4	4	0.9109033322096818	-2.6087240579655195	4	4	0.4601327748874008	-5.714030509124991	3	3
pseudo_1419	0.745844641476549	-5.093818696091644	4	4	0.6241933662913467	3.572343565406473	2	2	0.7359563356510126	0.37559531063627694	2	2	0.6128668279862757	-1.6254887803904317	2	2
pseudo_142	0.1769514236313099	-1.2130985689275586	5	5	0.3198843183751451	1.5291942698908496	4	4	0.1406132783496702	-11.057360304887998	5	5	0.9530885481507942	-3.799795159586951	3	3
pseudo_1420	0.5544521144248699	-4.93257238532084	5	5	0.8397132531802258	3.971110708515996	3	3	0.9380472236412319	-1.896544999513033	3	3	0.7786563583951011	-4.296150559861886	3	3
pseudo_1421	0.7842587434473092	-5.101399630060868	5	5	0.512440202821652	5.765331189323471	4	4	0.42790038218421644	-4.632593762606978	3	3	0.9530885481507942	-4.569357127606131	3	3
pseudo_1422	0.27075921782341195	-8.40509814035777	5	5	0.2336189252929014	11.34229082347003	3	3	0.1829655736422432	6.040681691052838	3	3	0.8700175836875019	-6.413118064744567	4	4
pseudo_1423	0.3974362825175889	-7.4259647746468245	5	5	0.023453658193916194	15.920721624460219	4	4	0.4643586610825836	1.2358873476311345	2	2	0.07928382959566187	-14.013488190697577	4	4
pseudo_1424	0.9702196892629831	-6.035525126534021	5	5	0.9373055627573028	5.255699618295076	3	3	0.9133497366807669	0.11255863104227515	3	3	0.9947846383416795	-3.5718815128730363	3	3
pseudo_1425	0.5318483111073138	-9.223978571711683	10	10	0.16873004194681218	1.3809890669122975	5	5	0.5169348975727692	3.6327639165050356	7	7	0.04365795422783154	0.9003759745742052	5	5
pseudo_1426	0.8960406439005002	-5.498835107541776	5	5	0.3338667471178933	1.6053487183755628	3	3	0.4230172534115033	3.8266315963759503	4	4	0.14082510516317925	0.6470799217547656	4	4
pseudo_1427	0.5155551982132739	-2.1815242463125544	5	5	0.8219367402807811	11.706120858119277	5	5	0.6750031541456808	0.7464258326671459	5	5	0.8700175836875019	-3.5114288125478232	4	4
pseudo_1428	0.6988624146053806	-4.966477822034078	4	4	0.6144606727629431	-0.3294368994675385	2	2	0.3358826951734408	2.732991581018359	4	4	0.05546687049591355	3.7672246161931944	3	3
pseudo_1429	0.24209788632308749	-1.379922092456755	5	5	0.415840207251994	13.126453529118585	5	5	0.826160222633569	-2.6395302984135256	5	5	0.22078258450685484	-10.547752595944571	4	4
pseudo_143	0.5256524127204181	-1.0723589872049324	5	5	0.6968932143303033	8.230874325770516	5	5	0.5734018581617215	-3.3245690669764554	5	5	0.4747295980691312	-7.574760335542205	2	2
pseudo_1430	0.7794809162586847	-2.417123398317416	5	5	0.3151863565729124	8.631309905664237	4	4	0.34039736909808804	1.1499617749858002	4	4	0.5611120910024584	-6.29209940047324	4	4
pseudo_1431	0.6055497578684996	-2.264603845936731	5	5	0.533134486206956	5.823935204796463	5	5	0.7036062347341507	-5.5206945343818115	4	4	0.6997523304332391	-3.222017170776406	3	3
pseudo_1432	0.13864245213360282	-6.65747446287867	5	5	0.26595265908958	6.95357542084511	3	3	0.46492265921691567	4.151279554037084	5	5	0.688695176818324	-7.598526380568711	4	4
pseudo_1433	0.9305842931363861	-4.736506131931685	5	5	0.43814406128980377	6.136076925294198	3	3	0.21942942742599414	-6.461155994226556	3	3	0.12775627936449013	-11.02597344514099	3	3
pseudo_1434	0.8812924851140853	-5.253397531427447	5	5	0.4756794285675878	4.338531788578353	4	4	0.1958196285820677	4.422839829271685	4	4	0.046387853665761904	1.049735238985673	4	4
pseudo_1435	0.05452576266647869	-8.768612830659373	5	5	0.5856725270666104	5.453094960174416	2	2	0.035015492480470846	7.117437997693766	4	4	0.22941028857035817	0.704165177470769	4	4
pseudo_1436	0.9472037189121956	-3.9895965933935735	4	4	0.7874061650589533	5.625889479072964	3	3	0.565182331322907	-3.8221567584444283	3	3	0.2592618889887177	-10.016462442056014	1	1
pseudo_1437	0.5754855034778059	-1.6269915767969152	5	5	0.3958092113895112	9.823393194594782	4	4	0.25176897792393615	3.242575208284317	5	5	0.7512877248197642	-7.597303436582833	5	5
pseudo_1438	0.4590374917318992	-5.518851225414324	5	5	0.40669661859995165	9.01619683299778	4	4	0.30854528871506803	3.626491900628856	5	5	0.9478549671208554	-7.314503181125257	5	5
pseudo_1439	0.5578915268497182	-8.863007384850462	10	10	0.43706421821353003	16.494380907588543	8	8	0.6263309563141979	-2.7705926678274206	7	7	0.783604274452598	-13.976977593979194	7	7
pseudo_144	0.4552719546333017	-1.9365198967128088	5	5	0.9961285445921516	3.1036700840658313	4	4	0.5412210817657919	-3.3350648780660452	5	5	0.9322814328926539	-3.527223706930492	3	3
pseudo_1440	0.36365107203172253	-8.755255746181495	5	5	0.2517365818013616	9.149946637194626	3	3	0.5942829781129257	3.7173282839792736	4	4	0.9530885481507942	-5.8931099598187515	3	3
pseudo_1441	0.8034497876712605	-2.564160272264456	5	5	0.22227962652621036	4.896586378779702	5	5	0.3646881136410127	-3.1054459478364542	5	5	0.7541065963725084	-2.00375597107071	2	2
pseudo_1442	0.9776624973103569	-6.00144276970022	5	5	0.7086892841096155	9.24942329829648	4	4	0.276745529081207	3.8574044059224293	4	4	0.9325480838395456	-3.8207594179942865	4	4
pseudo_1443	0.3411046490238926	-8.879959003441686	5	5	0.830619604740795	4.333189624486081	2	2	0.021669034067911964	10.686471711176928	5	5	0.352007598927242	-0.2574198225063095	5	5
pseudo_1444	0.4819934660712062	-0.9871629053327075	5	5	0.40123074290781857	1.3567609261138067	4	4	0.3053651563230443	-5.782792376575749	4	4	0.7419348757734384	-1.7685724219405072	2	2
pseudo_1445	0.6274453802906375	-5.753101315637907	5	5	0.2611538114013764	8.887547300760538	3	3	0.29763984974454905	-6.072452276346291	3	3	0.05382104405945723	-13.389999650779828	3	3
pseudo_1446	0.5461455430695353	-2.0366777620489587	5	5	0.031593931411805075	-2.184575965925338	4	4	0.3541734121999779	-5.8761586431173845	4	4	0.061297525930515157	4.223554573664558	2	2
pseudo_1447	0.042518192681275754	1.8416079075974165	5	5	0.6714626187770383	5.194592300259209	5	5	0.21134053429281063	-9.677155937626535	5	5	0.36357366278837844	-7.648665493985457	3	3
pseudo_1448	0.9900711838499728	-5.65337269330795	5	5	0.5514797989099416	2.135381919783138	3	3	0.8075896638579572	0.35466826638647	3	3	0.46013351195390617	-0.20945417901690236	3	3
pseudo_1449	0.22739673778639058	-7.614884006062152	5	5	0.9724775459033901	0.6032285009259906	2	2	0.00669961182888468	10.51014122178764	5	5	0.034177057913947866	3.741613745900152	5	5
pseudo_145	0.558628675903637	-1.2545520981770713	5	5	0.26650522510487673	2.4539878828668478	4	4	0.0698679899514304	-10.045744382623647	4	4	0.28925131733010245	-9.108335584468737	1	1
pseudo_1450	0.47043816224845847	-5.3804312164010595	5	5	0.7895698055667162	5.44868640140693	4	4	0.8614233316999723	-2.888973856637698	4	4	0.8158282173436158	-1.2634100087425457	2	2
pseudo_1451	0.7794809162586847	-5.245372774211341	5	5	0.1503502857369216	-1.3259634503432245	3	3	0.50482407658825	-4.510758336158404	4	4	0.27119373272877434	3.261755561236326	2	2
pseudo_1452	0.16910376923161718	-8.874008497072554	5	5	0.04303662157827575	15.2357761611971	4	4	0.1989314840692229	6.318822392440158	4	4	0.3460295858785828	-7.58332786707275	4	4
pseudo_1453	0.832456407166889	-4.620524496413534	5	5	0.8045517718924269	8.338810642476064	4	4	0.91090340400704	-3.5825000572373056	4	4	0.7177868332479136	-6.391419497570846	2	2
pseudo_1454	0.6837498679702524	-9.293435046543662	10	10	0.6624413006216522	12.63141082565047	7	7	0.6406787261599927	1.035138481858046	7	7	0.836785242829008	-7.755220053383809	6	6
pseudo_1455	0.3490518744450314	-9.521142106222902	5	5	0.5218535200068654	5.342591420936091	3	3	0.3732000733807632	11.349334460280252	5	5	0.19333789936056867	0.2550266672825699	3	3
pseudo_1456	0.33621189155311915	-9.131593528990413	9	9	0.7451089369951867	3.2746705439966117	4	4	0.041380230027636335	11.139773444308213	8	8	0.13364663232285448	-0.10217413288444692	7	7
pseudo_1457	0.5106268354203433	-9.733193731454346	10	10	0.40312952715687045	16.99738711753179	9	9	0.21045355744377126	-3.5425726915190054	9	9	0.011654236872711969	-15.36768833450674	6	6
pseudo_1458	0.5628203135199947	0.2908739552734699	5	5	0.27925535773077914	1.6280061150565288	5	5	0.18359971814796483	-9.998900807470818	5	5	0.7094597418423237	-3.2620360458009494	3	3
pseudo_1459	0.8519243171368087	-2.7639183748871647	5	5	0.6172346495985822	7.104035335361172	4	4	0.5338372966057576	-6.223344414531528	4	4	0.5153352157599448	-7.35135576759942	2	2
pseudo_146	0.2564086739553987	-9.52964635928747	10	10	0.6526315947358508	3.287689004964076	5	5	0.3522974847579472	3.4029690977880467	7	7	0.3769433738728323	-0.27972968033394086	6	6
pseudo_1460	0.8960406439005002	-2.491603960908168	5	5	0.061527574372295016	13.734227440297838	5	5	0.91090340400704	-1.9382864717579775	4	4	0.08625164317918971	-15.222670668331517	5	5
pseudo_1461	0.9355313379491793	-4.930022992346166	5	5	0.9188395857235161	8.345865882592946	4	4	0.6969736928599297	2.3139665850911917	4	4	0.878910181463732	-4.056962547309188	4	4
pseudo_1462	0.16910376923161718	-8.23407900408291	5	5	0.17273775823023463	15.614625974622745	4	4	0.92396721819458	-2.9560979240638527	2	2	0.08559518784891612	-13.293131274259636	3	3
pseudo_1463	0.6541583310256902	-2.5202270192098015	5	5	0.22890786491419102	12.874534380025096	5	5	0.5456739982301828	-5.414457255194691	4	4	0.15668795054200066	-13.536362881629195	4	4
pseudo_1464	0.5379009760261242	-4.710053004657211	5	5	0.36421879560945103	4.507920162183126	4	4	0.8263990297566124	-3.0888359299806827	4	4	0.7290153128961694	-3.3920470096844517	3	3
pseudo_1465	0.03769193461675732	-0.6676583760129612	5	5	0.10004607026877146	4.430848175034474	5	5	0.5518471374624285	-4.339718314337349	5	5	0.2926251990958356	-0.47346054881322236	3	3
pseudo_1466	0.5420154395027266	0.32973788844861796	5	5	0.8625579054899102	2.899523688423528	5	5	0.9904417668017985	-5.343005586955873	5	5	0.4681122442692611	0.16738101508248823	3	3
pseudo_1467	0.8714827555771997	-7.903722981211403	5	5	0.46031755049896417	-0.9120701396188275	2	2	0.6514576139830963	-4.438066606804627	2	2	0.6732972110798485	2.6916416036567155	1	1
pseudo_1468	0.07019691940583252	1.7193081455763906	5	5	0.690502183111606	5.359268916930536	5	5	0.22629604998304287	-8.900274726786288	5	5	0.9011617330967618	-6.506591176549261	3	3
pseudo_1469	0.36365107203172253	-2.109677703492603	5	5	0.6217376854373851	11.798369503818584	5	5	0.3047663570467434	4.3192600467413245	5	5	0.8209004093142279	-7.053043463689167	5	5
pseudo_147	0.7042798325092905	-8.546337712596166	5	5	0.5210544099779815	3.1295566038297284	2	2	0.8755137975472063	2.372620963457736	4	4	0.817044721781739	-3.704636649741733	4	4
pseudo_1470	0.5120274901539933	-8.335726725471202	10	10	0.41513862889970554	13.528099866251685	7	7	0.7548231820249999	-3.485826601859215	7	7	0.6113472877890912	-10.591379528959001	6	6
pseudo_1471	0.8568059146997855	-4.573867237005422	5	5	0.7530448034391494	6.315019464342103	3	3	0.4711370343617185	3.3485029719915302	4	4	0.9235804246070363	-4.687081328937718	4	4
pseudo_1472	0.6767645236282662	-8.148115699572314	5	5	0.798484975127361	4.025774614230091	2	2	0.8040277354345947	-0.32377593179599007	2	2	0.7909786289519256	-2.7782910716463163	2	2
pseudo_1473	0.9404808731919202	-3.800864125944184	5	5	0.26650522510487673	-0.6506419446724138	4	4	0.6969736928599297	-2.5889103490887044	4	4	0.3172679651218048	2.9373668746694848	3	3
pseudo_1474	0.47812463629288693	-5.9564915266227665	5	5	0.5768447830096883	4.615438152544657	4	4	0.2650582641471281	1.1714713146267222	4	4	0.07434722969639819	1.5024961790986737	3	3
pseudo_1475	0.049276551903536046	1.602276149632731	5	5	0.20322232989996136	10.089310049356621	5	5	0.6460733503006777	-1.4763488956280437	5	5	0.44146842120616336	-10.747033169326	5	5
pseudo_1476	0.40091586576193183	-5.537283536883728	5	5	0.1714248049058672	16.86535637990173	5	5	0.45245010458482504	-3.2815057171643804	3	3	0.06339315744623675	-14.132356022065354	4	4
pseudo_1477	0.7368748901163954	-8.097118963421096	5	5	0.9614759002475808	4.106865874905701	2	2	0.13609383686628368	4.12456792716921	4	4	0.1207287265884155	-2.4061707255886793	4	4
pseudo_1478	0.9206983601941413	-2.4862664395155836	5	5	0.1820903479356254	9.6526692746736	4	4	0.21503379758473107	-6.7679242867673155	4	4	0.03733069200722202	-14.849334087061152	4	4
pseudo_1479	0.7699501691547589	-4.697362185221393	5	5	0.11568745079709407	-1.4672547490283978	3	3	0.7102614042359587	3.387380528811265	4	4	0.15668795054200066	3.462012039578724	4	4
pseudo_148	0.49370142053879584	-5.684732494675152	5	5	0.7107786755206931	1.960885714096775	3	3	0.34830847302348666	1.2384913619945201	3	3	0.18024954779227487	0.8488651222775099	3	3
pseudo_1480	0.6230390885826944	-4.897618927501551	5	5	0.7231827651624472	8.454878476058154	4	4	0.92047826277253	-2.7991390890392704	5	5	0.23162492637043441	-5.87434942411528	3	3
pseudo_1481	0.578566544681957	-7.755558737904401	10	10	0.6561547015367997	8.988996990231954	6	6	0.2769425616971962	7.032434485046008	8	8	0.3001289647322898	-7.391309337146392	8	8
pseudo_1482	0.7368748901163954	-4.569314434472691	5	5	0.2611538114013764	-1.1194462491621142	3	3	0.6460733503006777	-3.7102081784305603	5	5	0.10301746494779987	3.8350143384169852	2	2
pseudo_1483	0.27621051294865073	-6.800377473313419	5	5	0.43153494984794094	-0.8481752567405785	3	3	0.8887357953729927	-2.191522896469553	3	3	0.04910010289812848	4.434670418278826	2	2
pseudo_1484	0.7938386632402035	-7.554785101584685	5	5	0.5300560468520916	3.183916281120945	2	2	0.44938665054554716	5.548088250990752	4	4	0.2663113324622022	-0.16538816191924965	4	4
pseudo_1485	0.5008772002649422	-8.797199700282894	10	10	0.2007457483364038	17.36065749062679	8	8	0.7143556596112487	-2.9727651412705014	7	7	0.13746715090840467	-17.089909646945518	8	8
pseudo_1486	0.1453990114417776	-8.846446014062751	5	5	0.4337088941226166	-1.4897467117582028	1	1	0.029272688876537896	8.815078557270645	4	4	0.07737204404368758	3.868306873189001	4	4
pseudo_1487	0.36037427628796137	0.6866162244893156	5	5	0.8286769590021439	2.9613626199867813	5	5	0.4456357154831676	-5.639445195223977	5	5	0.7686482492938345	-1.8911311322283773	3	3
pseudo_1488	0.5754855034778059	-5.460939796604799	5	5	0.7024263634168448	3.234629503859292	3	3	0.6641660577844778	1.1466532054534797	4	4	0.7786563583951011	-0.7931180049436944	3	3
pseudo_1489	0.7557199102954437	-3.9558688122692693	5	5	0.8727853087933759	10.744364837880802	4	4	0.8511252879615737	-3.5071217828965495	5	5	0.7735198011655687	-9.523725619219057	4	4
pseudo_149	0.44779330363481895	-1.5827889335101901	5	5	0.08854724898441411	-1.7663075227937977	4	4	0.932226949500161	-2.422905821620992	4	4	0.0476399359759143	3.9735566298201923	3	3
pseudo_1490	0.023349788867193338	-9.341981902225514	10	10	0.35911124745802514	14.26412028844704	4	4	0.12945439589120553	3.236773722904932	6	6	0.5493943391197713	-6.618916766713526	5	5
pseudo_1491	0.077229333722219	-8.921006660799442	4	4	0.5703242408225184	9.093556726286243	1	1	0.6847756016090101	-0.681234571791508	1	1	0.40548859094235723	-8.203531823697986	1	1
pseudo_1492	0.817921935509101	-5.0051811183392125	5	5	0.5590134710819445	2.236208319419212	3	3	0.48782365639228853	3.7865991062568773	4	4	0.45297213972518047	-0.4477401187918956	4	4
pseudo_1493	0.11259386942010309	-8.315927554616602	5	5	0.22065121101801044	9.918450039621733	3	3	0.16336020441535848	3.3850964046287273	3	3	0.5764211116869509	-6.638578835035511	4	4
pseudo_1494	0.30458513005889	-7.26066758582871	5	5	0.9910346135778847	0.43561056643788226	3	3	0.1425388594612193	2.3555800970078593	3	3	0.10927773638210346	3.491229004949742	3	3
pseudo_1495	0.9652592309289412	-5.009457627671627	5	5	0.6448301450738294	8.736243808764435	4	4	0.509968627677359	2.9577808002897723	5	5	0.8052872096850119	-7.070358165080262	5	5
pseudo_1496	0.9972192230802852	-4.174522890174118	4	4	0.5575267224330435	-0.6793089342122522	2	2	0.5371269402252752	0.7672235030579626	2	2	0.39013520193952855	3.0177919116499794	2	2
pseudo_1497	0.8130907252982476	-8.656442174607795	5	5	0.6210138228290025	4.698879116984104	3	3	0.41592216980286423	-3.573065098248323	3	3	0.3391983571575172	-7.675959698260531	2	2
pseudo_1498	0.1506297843246665	-8.221885569187714	5	5	0.9394966891815054	0.8240423946107813	2	2	0.31171068689298287	1.9197159698784698	2	2	0.5576734875072875	2.6669330496474535	2	2
pseudo_1499	0.1274037682351767	-9.040234202008996	5	5	0.3118722054478731	9.28680523771763	3	3	0.30735799168467126	3.5161789798951726	3	3	0.7487488115809312	-4.199380896251515	3	3
pseudo_15	0.4367630042105961	-8.879061422357276	10	10	0.08654115016849477	-1.877935378055393	6	6	0.18444936702295456	-9.719684881289481	6	6	0.2166806625969988	2.955520481829113	3	3
pseudo_150	0.4330469793002376	-2.6675356165243618	5	5	0.9883859983561083	6.657655675365749	4	4	0.5359466461594868	1.4204158904993147	5	5	0.7648948966991103	-3.457858998414063	4	4
pseudo_1500	0.08592326505285955	1.310841536060773	5	5	0.6035118509954305	8.614591325615054	5	5	0.6403493121235084	-3.2340356309701317	5	5	0.32165035618683147	-9.65524132354235	5	5
pseudo_1501	0.3411046490238926	-8.239911572494682	5	5	0.5665967691266467	6.292497652496087	3	3	0.45870960415161355	1.2170332888533506	3	3	0.7388605626131051	-3.3828708776370235	3	3
pseudo_1502	0.1104943168186855	-9.380829405983391	5	5	0.40568305810496186	11.72089745647129	3	3	0.30735799168467126	3.7354551522563155	3	3	0.5469320728860858	-6.82131782365925	2	2
pseudo_1503	0.1140108638575509	-1.693473160084366	5	5	0.8423105224700136	5.742831899671061	4	4	0.39501235649927247	-3.198795040550195	5	5	0.7388605626131051	-7.204130573609852	3	3
pseudo_1504	0.10706426177684525	-0.5077602257371017	5	5	0.9961285445921516	3.0123662728611897	4	4	0.5397394035103334	0.9614564022173647	4	4	0.6155312701319398	-0.5985823573624968	4	4
pseudo_1505	0.8862041818092954	-5.001155334027114	5	5	0.3282759787656714	2.2471629480652004	3	3	0.3122945773704753	-3.7495389308412914	3	3	0.4925012715966378	-4.425442404526724	3	3
pseudo_1506	0.8227600711155665	-4.6261602096027294	5	5	0.1292787854211774	-1.485255823339342	3	3	0.12895942459865242	-6.360560998403332	3	3	0.28925131733010245	3.7027260816004253	1	1
pseudo_1507	0.7228435456055322	-4.918425320666009	5	5	0.21229788944136307	-1.140531017607893	3	3	0.40764025984192076	-3.3068841484543032	4	4	0.5685165379138545	1.0957509135362349	2	2
pseudo_1508	0.8276049544731802	-5.281264849037217	5	5	0.4651552936864265	-0.7044443895571865	3	3	0.8825741472514825	0.37613825871696754	4	4	0.36357366278837844	2.6113266487276916	3	3
pseudo_1509	0.9009649498567089	-4.197569480333835	5	5	0.7226690701527598	11.081417641720273	5	5	0.7519421379490128	-1.709783811200202	3	3	0.7735198011655687	-10.123048132636418	4	4
pseudo_151	0.47357315269015254	-9.489406320489001	10	10	0.5855301570288951	9.014205419941684	5	5	0.10661667681454146	11.2200238425984	8	8	0.2701456897865353	-7.209579422576534	7	7
pseudo_1510	0.732187752376495	-8.469200222304389	5	5	0.6047954004988128	4.637837649472633	2	2	0.20426286848120645	3.6382815024817723	3	3	0.34993123056735387	0.00046402980553554113	3	3
pseudo_1511	0.9652592309289412	-2.3522521211155523	5	5	0.1853834443760528	12.832743715958912	5	5	0.907807641304021	-2.9547002115346443	5	5	0.08123385312419207	-11.440271598852505	4	4
pseudo_1512	0.21795639247400855	-9.300725568792489	5	5	0.3237739636801802	-1.084066607845532	2	2	0.8479612449946471	0.48673322457073986	3	3	0.2441931724134183	3.134163167037861	2	2
pseudo_1513	0.27075921782341195	-6.506669650807634	5	5	0.3391342487875708	9.926939935081363	4	4	0.12693421506009953	5.002554132165838	4	4	0.6836432420740733	-6.183886824941488	5	5
pseudo_1514	0.5015900841949912	-1.3995807354862226	5	5	0.8271582915209736	6.089263548930265	4	4	0.10808262783630584	-6.735031287299233	4	4	0.20711118778289173	-7.924659953250561	3	3
pseudo_1515	0.3669464418009454	-8.223704997220397	5	5	0.6144606727629431	3.5185336393246276	2	2	0.07705991669009354	6.719401079298607	4	4	0.10294964949136565	0.49041445611415685	4	4
pseudo_1516	0.7135404879890894	-7.5783127249856035	5	5	0.061489243366911424	-2.2257346620907983	2	2	0.8887357953729927	-0.31733034631968843	3	3	0.22522201343532233	3.362616603786196	2	2
pseudo_1517	0.7842587434473092	-4.294279046625124	5	5	0.6777864878276266	6.008462765265937	5	5	0.5734018581617215	-2.6844310320536384	5	5	0.46013351195390617	0.33109691591733775	3	3
pseudo_1518	0.8519243171368087	-4.60780469131814	5	5	0.8423105224700136	4.7743838341438485	4	4	0.4766639921490242	-3.275410591988265	4	4	0.7541065963725084	-1.3795308314152792	2	2
pseudo_1519	0.16327395751335871	-9.140164666908001	10	10	0.2356371534881776	0.2267560980419061	6	6	0.8693078057368768	-4.081550550592962	7	7	0.046387853665761904	3.7374464576214392	4	4
pseudo_152	0.020633194579766753	-8.931841181888906	5	5	0.04923348805801751	17.502910805602767	2	2	0.1788958784822936	9.837701675237133	1	1	0.25075941877699237	-11.554533970342924	2	2
pseudo_1520	0.025035960113634695	-9.69401395183462	9	9	0.4696963763709566	10.474704157099845	4	4	0.1025505446256696	10.338873035424312	6	6	0.6177826562268578	-7.940207073378056	6	6
pseudo_1521	0.1710403997035126	-8.90670780255065	5	5	0.507353458020152	6.410835848795237	3	3	0.4713730446189204	1.2337304922549919	3	3	0.859912066115945	-3.9391792154938123	3	3
pseudo_1522	0.16718323527743417	0.8752998205125936	5	5	0.16343607257977066	1.1044146504516579	5	5	0.8573909747763957	-1.7090798612362048	5	5	0.23827522969627601	0.23101207144484123	4	4
pseudo_1523	0.3836997772052956	-8.252921853284196	5	5	0.2974423022578625	9.356190599837408	2	2	0.9340800472264392	0.046418056187060644	2	2	0.37266192245426943	-7.7385130692705815	2	2
pseudo_1524	0.15419586392284476	-0.9900782541532681	5	5	0.3540489517073495	1.7624288002978201	4	4	0.03659307366029533	-9.625563858902098	4	4	0.22273033456987312	-16.250964533366055	1	1
pseudo_1525	0.025500033696237358	1.8710613881017892	5	5	0.5503334823743448	9.183008503905619	5	5	0.7282811398662512	-2.7017880522460196	5	5	0.5611120910024584	-7.967925594097849	4	4
pseudo_1526	0.9751813225782274	-5.1174692062838725	5	5	0.8120701353897801	5.281032098352819	4	4	0.7129508910566227	-2.8970347615879892	3	3	0.9635050030421082	-3.622851550785409	3	3
pseudo_1527	0.2522627196280479	-9.290422695129928	5	5	0.5856725270666104	3.3839139688419237	2	2	0.8138883124424482	-0.23758058785800476	2	2	0.7298273652942457	-2.0500605065413695	2	2
pseudo_1528	0.9058930701494853	-4.36717312529324	5	5	0.6588167803021429	8.247453608108616	4	4	0.276745529081207	3.852449765533041	4	4	0.6395429335016928	-3.579996203594156	4	4
pseudo_1529	0.985107256241497	-5.038720434820693	5	5	0.815209639059159	11.259762671991107	5	5	0.9535992486735396	-2.09331164703706	4	4	0.5091336854681567	-7.327525268111331	4	4
pseudo_153	0.2346657866958709	-7.647121375688158	5	5	0.19850423358211944	15.146791502086344	4	4	0.6975555073053217	-2.752407964636344	3	3	0.07224935752728848	-13.463476284745676	3	3
pseudo_1530	0.6904710477780982	-5.276776356331415	5	5	0.3012414809297749	1.5679276944607914	3	3	0.11640710304905624	-6.972371956506238	3	3	0.8463946870481434	-5.970329251221332	1	1
pseudo_1531	0.6055497578684996	-2.5317932622998023	5	5	0.3059261486361967	-1.4611002047972559	4	4	0.6925979407750555	-3.0000782818067897	5	5	0.13732397636512908	3.657389050521285	2	2
pseudo_1532	0.58828377314847	-4.621060299586449	5	5	0.4120577666654196	6.796380224765837	3	3	0.7163166243142257	-2.799448302166079	5	5	0.5019195834933028	-7.700120929885835	4	4
pseudo_1533	0.4628204168662545	-1.896682419325317	5	5	0.761921704158004	8.249296258932011	5	5	0.6383719837888497	-3.1418315758189395	4	4	0.8258225494017511	-7.290049248625112	4	4
pseudo_1534	0.5968883568744728	-2.1382812389845403	5	5	0.057801808858770745	-1.8724334920740855	4	4	0.28877919207998903	-6.470409230820309	4	4	0.18510478485867088	3.716190655699883	2	2
pseudo_1535	0.8665853779004002	-4.486954814560405	5	5	0.8221864928668894	5.725833889414254	3	3	0.8479612449946471	-0.1994436910249505	3	3	0.5964875598285619	-4.354018106059439	3	3
pseudo_1536	0.06371158510872829	-8.801516147005147	5	5	0.3182078668934878	-1.7611445905266248	1	1	0.17943733156021724	5.008382372571365	2	2	0.07074807989395807	4.284436371103072	2	2
pseudo_1537	0.3554937729316925	-8.044469165114922	5	5	0.010264259001489301	19.536659649708305	4	4	0.18639598824930137	6.156887936528167	3	3	0.09157544597785723	-11.0713674457768	4	4
pseudo_1538	0.5281581405429265	-0.668339543580704	4	4	0.8045517718924269	3.2003763566384538	4	4	0.7169387434419567	-5.359519340248156	4	4	0.7541065963725084	-1.1800646318214096	2	2
pseudo_1539	0.13053997090214942	-8.268296729770361	5	5	0.09630664321203893	12.386543370255163	3	3	0.26009603198242537	4.692745432563976	2	2	0.4289911441296608	-7.186016500651678	3	3
pseudo_154	0.732187752376495	-7.932858882849115	5	5	0.5951989102715409	-0.47129281060019856	2	2	0.6233062375026152	-3.527842188956102	5	5	0.1064144635141224	3.458053088109176	3	3
pseudo_1540	0.8862042246935815	-5.3639131864072	5	5	0.8271582915209736	8.480004013568823	4	4	0.8805537142279177	0.09989127665968633	3	3	0.878910181463732	-6.921857542890485	4	4
pseudo_1541	0.8665853779004002	-4.890406460822053	5	5	0.7746652364788146	8.180489346431093	4	4	0.5576394469238445	0.7336326059845836	4	4	0.6804041513254775	-6.882821207081588	4	4
pseudo_1542	0.5670270701891695	-1.7336020890443067	5	5	0.9961285445921516	5.432264740650865	4	4	0.32790288716383886	-3.863200022736031	5	5	0.5310975452440845	-10.334055551972446	4	4
pseudo_1543	0.09056607911784342	-9.788968584224525	5	5	0.09234594268991779	-3.0546494631961156	1	1	0.38339181381824206	4.913188795976305	2	2	0.2441931724134183	3.175031183399078	2	2
pseudo_1544	0.01542633909152111	-9.272264276087745	4	4			0	0	0.03747597531877735	10.301737400455862	2	2	0.12502484688590654	3.699291541282853	2	2
pseudo_1545	0.9900711838499728	-4.567369490204697	5	5	0.10825899539685407	12.135391967516874	4	4	0.09501146162375915	4.831423941715786	4	4	0.7209507424395869	-10.254237524568685	5	5
pseudo_1546	0.1274037682351767	1.4652503928739797	5	5	0.7422115732643464	9.5523950731055	5	5	0.2686699341473432	-3.9095334367133323	5	5	0.20308964960965825	-11.890669035439066	5	5
pseudo_1547	0.34334214701201893	-8.340500032561229	10	10	0.7837564806746014	16.196077470925584	9	9	0.9925003638081797	0.08385187519555903	8	8	0.78574240439014	-10.878632103179669	8	8
pseudo_1548	0.1710403997035126	-8.945948130280874	5	5	0.47725580588296057	5.480532095576615	2	2	0.26123919020140496	4.079750350739254	4	4	0.817044721781739	-3.8421176994142443	4	4
pseudo_1549	0.9702197005574611	-5.153987387045004	5	5	0.3059261486361967	9.705113720297433	4	4	0.6067375859761193	-2.6641760310037603	4	4	0.29134710444941947	-10.53979647784436	4	4
pseudo_155	0.5175666850027655	-4.345587523887952	5	5	0.25641517386533896	1.652122116252274	3	3	0.6383719837888497	-3.2914377148803253	4	4	0.7177868332479136	-1.9635224082391929	2	2
pseudo_1550	0.28452694213824137	-1.7145772684285	5	5	0.8423105224700136	5.6341550478668765	4	4	0.9678669656315698	-0.013899011167440226	4	4	0.9146224678125235	-3.930644234975761	4	4
pseudo_1551	0.44038496555217155	-5.984604888665358	5	5	0.18861350526284248	-1.3765227030749798	3	3	0.6256347635862844	-3.2015087020880557	4	4	0.07328879482874792	3.943389829812781	2	2
pseudo_1552	0.6186462527579903	-2.3325854192773448	5	5	0.7291638873688471	8.89363046550776	5	5	0.5734018581617215	-3.6271287021161736	5	5	0.5257612504335041	-7.29171191596756	2	2
pseudo_1553	0.8034497876712605	-7.162973146536437	5	5	0.7615923499947073	4.872651925399185	3	3	0.0869860746000253	-9.88458024109935	2	2	0.12395836722496481	-17.555925920275225	1	1
pseudo_1554	0.014725018693169495	-10.094183491758036	5	5	0.0777052007423161	12.914908546620337	3	3	0.4540009061136976	1.6497609277014242	1	1	0.2166806625969988	-10.459028700368552	3	3
pseudo_1555	0.7794809162586847	-2.334374831331632	5	5	0.6871468520466417	2.7352550397744153	4	4	0.48782365639228853	-5.931449034390412	4	4	0.9935918463631742	-2.2459776109653142	2	2
pseudo_1556	0.24209788632308749	-2.0458480195429773	5	5	0.24225350841890403	1.7630482390218176	4	4	0.9535992486735396	0.19653551995997445	4	4	0.22506690712461408	0.0010111016123672083	4	4
pseudo_1557	0.829255387737373	-8.749587596858902	10	10	0.37210007364888	15.846601017693894	8	8	0.6361346291764125	3.3109755424694334	8	8	0.2487357991821082	-14.194212416630611	7	7
pseudo_1558	0.17895528865762855	-1.1386032882821773	5	5	0.7751490236049794	9.14694536854257	5	5	0.1225380269514507	-9.332121951976289	4	4	0.13786449136871085	-10.786528100460302	3	3
pseudo_1559	0.8960406439005002	-4.965463269099908	5	5	0.3490319799130619	12.859679861913419	4	4	0.18359971814796483	6.893150868021462	5	5	0.8130845233860917	-8.007823427492772	5	5
pseudo_156	0.6452024868246745	-6.178444420464121	5	5	0.5218535200068654	-0.19346716154079147	3	3	0.8642286028625283	-1.814050703738223	3	3	0.11731453504427873	3.7259703193670637	2	2
pseudo_1560	0.5419221139606337	-3.6011627819020973	4	4	0.5000243307210197	9.837659513204809	4	4	0.7440893590907567	-1.7512126063584226	3	3	0.870193222569462	-6.542442904041256	3	3
pseudo_1561	0.5440783897596708	-8.653796768196202	5	5	0.7701690854235015	8.779865270454541	3	3	0.4713730446189204	-3.2474513174320108	3	3	0.09966893296704302	-12.884129249166616	2	2
pseudo_1562	0.04856246512004633	2.4317618513393544	5	5	0.44107483050639085	2.2756701680564575	5	5	0.021669034067911964	-10.152391990769432	5	5	0.18244868960351712	-16.87464041497443	1	1
pseudo_1563	0.09417950713866183	-0.7163422425240973	5	5	0.06033453872877431	4.267168682777292	5	5	0.6837782977108431	-3.0241700784103815	4	4	0.16339957667531513	-2.7075571903341973	4	4
pseudo_1564	0.12896446317885354	-8.376387194574377	5	5	0.022545698531925003	15.468200035453963	3	3	0.5204749477213951	1.5340044806896835	2	2	0.08559518784891612	-13.235154634007058	3	3
pseudo_1565	0.960300105419759	-4.400118731426385	5	5	0.9641497708737391	2.7498688596425627	3	3	0.7506416071664626	-3.16784673891322	4	4	0.5576734875072875	-1.7592571613466066	2	2
pseudo_1566	0.19345575949831506	-9.397596282060384	5	5	0.8198737038735534	2.7902589621565848	2	2	0.17789481700628373	5.998693718450095	4	4	0.8082897813269934	0.21232794300228294	4	4
pseudo_1567	0.19992775427065312	-8.286597788956472	5	5	0.8522047471066597	3.763096384602969	2	2	0.1070735144210365	4.237675304783866	3	3	0.10361099073927978	1.1827910606156593	3	3
pseudo_1568	0.8082666173373514	-5.040009416999202	5	5	0.91053256242075	2.8483895076132124	3	3	0.8156267376286725	-0.2927844673212421	3	3	0.690093736850814	-1.5699145005546893	3	3
pseudo_1569	0.11981969242867273	-0.40613061648231996	5	5	0.6968932143303033	12.909128203781544	5	5	0.2650582641471281	-5.7964732088266935	4	4	0.09297945296699121	-11.135513216941598	3	3
pseudo_157	0.2107300678794355	-8.858363013656342	9	9	0.17908897644684874	16.094263442142463	6	6	0.14282506191684077	3.314620491075346	6	6	0.6836873689812537	-11.00903381208012	6	6
pseudo_1570	0.7842587434473092	-4.49249699406819	5	5	0.7231827651624472	8.614616615040546	4	4	0.8896438386926945	-0.12117630194600326	4	4	0.688695176818324	-7.318669829551969	4	4
pseudo_1571	0.5256524127204181	-6.4137494191287585	5	5	0.7191658612704632	2.3659054990905855	3	3	0.4230172534115033	1.0099128699908733	4	4	0.7290153128961694	-0.06931706754484483	3	3
pseudo_1572	0.10571603577953666	-9.044751975159008	5	5	0.12386530664435164	14.083839679978766	2	2	0.23916986023214415	5.71578486459009	2	2	0.7987815134894407	-6.838477206364104	3	3
pseudo_1573	0.06923854724311447	-8.433777925465554	5	5	0.6144606727629431	8.229712730306488	2	2	0.11401582095151618	5.387685946018774	3	3	0.8292175195021274	-1.4237717201552729	3	3
pseudo_1574	0.5670270701891695	-3.6737948744280153	5	5	0.6448301450738294	4.846393541702328	4	4	0.6969736928599297	-3.3149678658161115	4	4	0.8408644267658066	-1.9411048989223518	2	2
pseudo_1575	0.8719374392640845	-9.337930667516142	10	10	0.10777572908576133	19.607803629733258	9	9	0.03462321398546443	10.449036559496996	9	9	0.7084099339820152	-10.92771851640907	9	9
pseudo_1576	0.30752540650617943	0.6622259504489643	5	5	0.7751490236049794	-0.3128036664325518	5	5	0.6750031541456808	-1.7477302627968736	5	5	0.5385241945222166	2.60346739328707	4	4
pseudo_1577	0.9751813225782274	-6.490953132552247	5	5	0.7895698055667162	5.7455183206988965	4	4	0.24788414358594646	-5.880898700715037	3	3	0.7786313571194479	-6.586084670735694	2	2
pseudo_1578	0.017608898236954825	-9.260474449540622	5	5	0.04042626335543196	18.015096326913422	2	2	0.190847024097077	9.580017195339593	1	1	0.304781297730664	-10.468394691990314	3	3
pseudo_1579	0.17474559335266393	-1.73540403873451	10	10	0.490660569586407	10.505802839671345	9	9	0.09133043990500578	-9.864216743903588	9	9	0.30731110362030056	-14.300775327667688	6	6
pseudo_158	0.1256753416493585	0.9620662458535288	10	10	0.4558292272683604	8.58494989090226	10	10	0.41391149762732204	-10.300840241428725	10	10	0.444434444365287	-10.656875023186545	7	7
pseudo_1580	0.41676263600573715	0.2470102601564664	4	4	0.7524645726020102	-0.2752493487154233	4	4	0.4934555604399401	-5.343342407158002	4	4	0.6820940333450014	2.4489209600285973	2	2
pseudo_1581	0.9900711838499728	-5.080812304934507	5	5	0.3012414809297749	-0.5376748573432248	3	3	0.932226949500161	-3.167272539344945	4	4	0.12902536420512914	3.67889099168527	2	2
pseudo_1582	0.07656082598498679	-1.1404461448113121	10	10	0.6643043990762455	9.230667814511827	9	9	0.960048431293465	-2.2958422929352493	9	9	0.9086117644688028	-10.916846121394832	9	9
pseudo_1583	0.6988624146053806	-2.350214679595411	4	4	0.9016292194903456	2.5487682247211647	3	3	0.43396402621577945	-5.7801935715443316	3	3	0.6939175270038576	-6.837212808695549	2	2
pseudo_1584	0.4177410446616997	-8.671601888337088	10	10	0.22829283550989865	18.45848622368164	8	8	0.2425342151721075	3.6090631521086665	8	8	0.7513383578936428	-10.971137365199931	7	7
pseudo_1585	0.5256524127204181	-5.793432730332469	5	5	0.44481100323205125	1.6106465254874986	3	3	0.8317583981187536	0.18293441169401184	3	3	0.44440666275458174	0.14354736058627804	3	3
pseudo_1586	0.6330263471073427	-5.529535197857868	4	4	0.7561730665970722	4.208747053894497	2	2	0.7129508910566227	2.5033054150682847	3	3	0.9218943098203574	-1.09374350510175	3	3
pseudo_1587	0.5092281118992146	-8.12074310728225	10	10	0.9883899904632497	5.931687923498818	7	7	0.9277598339250054	-3.429113958522395	7	7	0.3879605814828416	-0.25003188215346867	4	4
pseudo_1588	1.0	-2.556848073042724	5	5	0.7672435995177201	6.024858580464574	4	4	0.8755137975472063	-2.205805713276959	4	4	0.9843548320060657	-3.746249683682739	3	3
pseudo_1589	0.5015904900066251	-8.660360896377027	5	5	0.09911614306286565	-1.9223077529200818	2	2	0.14511232962237994	-6.172594886736919	2	2	0.8642788766016822	2.2424375012266813	1	1
pseudo_159	0.9009649498567089	-2.2809508634014533	5	5	0.7014815199726457	2.2516838943949473	4	4	0.41785423424614665	-5.491465660506677	4	4	0.9530885481507942	-3.5278786718629305	3	3
pseudo_1590	0.554452264693946	-1.6388904250652212	5	5	0.6871468520466417	6.845324581197986	4	4	0.5254760053892646	-2.8080407901361597	5	5	0.28079900472908725	-8.567257415347093	3	3
pseudo_1591	0.8644010726871432	-5.363811855669084	4	4	0.40375869582884427	-0.9549068043421727	2	2	0.45245010458482504	-3.478775235775304	3	3	0.9002475767852199	2.036711778356522	1	1
pseudo_1592	0.058554132273671705	-0.6379212690893107	5	5	0.3540484565391837	1.6747043349750108	4	4	0.8888465182521915	-2.994308366633634	5	5	0.34993123056735387	0.014658381111920527	3	3
pseudo_1593	0.58828377314847	-4.334567861788748	5	5	0.24711785755020887	1.4991380090221054	3	3	0.9628043867871149	-2.6116980312521965	3	3	0.3154077823191145	-0.5088596658195752	2	2
pseudo_1594	0.03826850983858193	-9.907600738364422	5	5	0.2607006467262958	9.726681545124016	2	2	0.3178363582060162	-5.726491492499179	2	2	0.05291728279064018	-13.881913563243431	2	2
pseudo_1595	0.12432649863775432	1.1175115735106125	5	5	0.3726273422727482	1.9484438531844226	5	5	0.8137416339758161	-2.2273015338729354	5	5	0.34028424261055945	0.45438144915304335	4	4
pseudo_1596	0.37359280978245646	-9.071276738954294	5	5	0.3338667471178933	8.974345563856263	3	3	0.8156267376286725	0.10592404743729304	3	3	0.7562990515506363	-9.813503092158468	4	4
pseudo_1597	0.1913329945721184	-8.762865928528178	5	5	0.7615923499947073	4.7242950595788	3	3	0.8124813825897014	3.1357932958655304	4	4	0.6241887624344389	-1.3728388265878775	2	2
pseudo_1598	0.6901599092884266	-7.84962694198022	10	10	0.5947883025894138	6.136161714676966	6	6	0.6168433136270208	-3.053314511750535	7	7	0.5385241945222166	-6.0993937015806745	4	4
pseudo_1599	0.44779330363481895	-5.8172035434867935	5	5	0.9820703590691865	3.1163543079165303	3	3	0.989286413498075	-0.13518718259512563	4	4	0.4842971604966001	-0.8898154456310655	3	3
pseudo_16	0.5491420275882692	-9.128291940288607	10	10	0.5315021472311496	13.6918341077304	7	7	0.8643047046008678	-4.587666726871036	6	6	0.6177826562268578	-15.215045290003781	6	6
pseudo_160	0.41146385312081	-1.3277676989801708	5	5	0.7422115732643464	11.606049342630017	5	5	0.92047826277253	-0.5832380291750779	5	5	0.688695176818324	-7.684519668182715	4	4
pseudo_1600	0.8973954868252657	-2.6136959033047464	4	4	0.8573198588050641	5.895866346910019	3	3	0.23132334001331323	-5.762061226861398	3	3	0.21317403890373798	-11.830488408290377	2	2
pseudo_1601	0.8862042246935815	-2.8936149119609116	5	5	0.8045517718924269	6.2045503073463735	4	4	0.49912279821596517	-5.7780694804630786	4	4	0.5519614374887956	-7.430747791890004	3	3
pseudo_1602	0.6699507399225081	-1.855467742219635	5	5	0.07456587552586078	13.070049527355815	5	5	0.4698159342154069	3.886757688517744	5	5	0.14878223932709853	-8.163375385772907	5	5
pseudo_1603	0.7670456602974469	-1.849687436993622	4	4	0.5506297225103027	8.732037806639427	4	4	0.42821743597788886	3.543387729616272	4	4	0.9954978597980527	-4.737325694819069	4	4
pseudo_1604	0.9950354958272145	-4.929322966968355	5	5	0.8309393614759716	2.3724644196331304	3	3	0.49072445807271226	0.69533729805373	3	3	0.46013351195390617	-0.10601608786972871	3	3
pseudo_1605	1.0	-4.42462889722252	5	5	0.2461838604277684	12.562022451046133	4	4	0.45041425138240143	3.6624949489774514	5	5	0.688695176818324	-8.005275977363018	4	4
pseudo_1606	0.9009649498567089	-5.895405564727167	5	5	0.16693734917055902	9.713228733740744	3	3	0.31821145577477083	3.866349230288245	4	4	0.6155312701319398	-7.8874457637445685	4	4
pseudo_1607	0.4552719546333017	-3.1296781841785424	5	5	0.8880967567819725	4.824639912232416	4	4	0.9014809122694397	-2.948420112795869	5	5	0.6703480757568794	-1.724446782423775	2	2
pseudo_1608	0.4628204168662545	-6.014437896190081	5	5	0.7086892841096155	5.316964447533083	4	4	0.44938665054554716	-3.073536287928764	4	4	0.36799740205575426	-8.261464713892181	1	1
pseudo_1609	0.32741224125405655	-1.3127917660755741	4	4	1.0	3.1014511425956512	3	3	0.41592216980286423	-5.473991715626986	3	3	0.7663397108792154	-6.706028665713896	2	2
pseudo_161	0.7509945103964352	-7.918551429447358	5	5	0.8522047471066597	4.326742069921188	2	2	0.47777635146443165	3.336298923879282	3	3	0.7987815134894407	-0.8680975273917783	3	3
pseudo_1610	0.8568059146997855	-4.498051798057344	5	5	0.021249613782514	-2.1104371050114605	3	3	0.40764025984192076	-4.456026573652283	4	4	0.4172605263960294	1.8943213308977165	2	2
pseudo_1611	0.8034497876712605	-4.149356854826858	5	5	0.2754271040930826	14.803613684710209	5	5	0.56366968184805	-2.883619375255783	4	4	0.039440771283138415	-14.753746226760514	4	4
pseudo_1612	0.5461455430695353	-6.778082136831311	5	5	0.759843249062373	5.815073376322954	4	4	0.50482407658825	0.8922437542306817	4	4	0.4522314512452923	0.33302436678200625	3	3
pseudo_1613	0.7938386632402035	-7.744109141512145	5	5	0.22065121101801044	8.98604244022242	3	3	0.09151905723639683	7.025869255864049	4	4	0.6970237719155341	-3.31677490706909	4	4
pseudo_1614	0.8373142500307263	-5.081113720271865	5	5	0.08557571336488258	-1.7118413983344294	3	3	0.5625746608615911	4.062924741564388	5	5	0.017655846869896345	4.142412193948231	3	3
pseudo_1615	0.11981969242867273	1.6151754247715637	5	5	0.2678784525510808	-1.474525908621633	5	5	0.8323860716398633	-1.9645306341494957	5	5	0.10780268478109778	3.490433618743667	4	4
pseudo_1616	0.3854965334510506	-7.971988190819349	4	4	0.2857529780082053	11.960059642297479	3	3	0.8639066926749015	0.22711798664100227	1	1	0.2926251990958356	-10.311553292008572	3	3
pseudo_1617	0.6631642422518391	-2.9322341459350194	5	5	0.903545861800539	7.750883999318439	5	5	0.7102614042359587	-5.791417609177575	4	4	0.5607347604558015	-6.226565344178418	3	3
pseudo_1618	0.9751813225782274	-3.9624708989150483	5	5	0.5187078775333873	8.298009766707283	4	4	0.7710989824253502	-3.1540786820343953	4	4	0.4842971604966001	-7.083883871374688	3	3
pseudo_1619	0.5338022520969425	-5.615408722512147	5	5	0.132140251725031	-1.3549122584538538	3	3	0.24788414358594646	-5.867950119921866	3	3	0.24976182771404487	3.788642661795433	1	1
pseudo_162	0.30020963442179505	-8.973568752799402	5	5	0.2607006467262958	-1.4509451555959565	2	2	0.5581951724294452	1.0046782680999107	3	3	0.043809336614001826	4.4858751104502534	2	2
pseudo_1620	0.4330474156771239	-1.7369636995246767	5	5	0.13632527675477643	1.2567634758713282	4	4	0.8762404736150807	-2.3219900873319026	5	5	0.5175570596062204	0.022613823976400365	3	3
pseudo_1621	0.6452024868246745	-7.0890481650764405	5	5	0.43153494984794094	-0.3044313447508147	3	3	0.1225380269514507	4.670954107655814	4	4	0.05293869291971977	3.888184605718134	4	4
pseudo_1622	0.15966477648273547	-1.0314731989722825	5	5	0.759843249062373	6.081616859912458	4	4	0.24522073349116424	-4.045573403311191	5	5	0.3696241991795256	-10.987777245646164	4	4
pseudo_1623	0.11729378219812653	-5.4024678354335265	10	10	0.24716727815515405	1.1681759301107302	8	8	0.122428848038807	-10.670445128993626	8	8	0.9864941309884985	-1.0149472739903167	4	4
pseudo_1624	0.7228435456055322	-8.65938752181827	5	5	0.8847860984640978	3.6802453200788223	2	2	0.5105594943611125	3.0714826172080625	4	4	0.3366181506921624	0.024771473391090797	3	3
pseudo_1625	0.3769437572472055	-4.089742807512508	5	5	0.132140251725031	-1.4000191175681416	3	3	0.16971118509747563	-6.582756032772152	3	3	0.7932501047089533	2.3644280256052914	1	1
pseudo_1626	0.23222470616172075	-1.2894226997093847	5	5	0.665161924134298	7.474689438310424	5	5	0.0729777134365426	-3.7720293268192915	5	5	0.2927405604053982	-11.212853954266734	2	2
pseudo_1627	0.3659871248621036	-8.362103789770144	10	10	0.9972922114022444	12.825010485750061	8	8	0.6227832835565383	-2.8315423385388905	8	8	0.7836039534516885	-10.221842858947051	7	7
pseudo_1628	0.17199373951808627	-2.296365816271948	10	10	0.14041497018071739	5.39477234762154	9	9	0.10196907551886657	-9.956647868515924	9	9	0.8681434455491692	-6.6258226947614425	5	5
pseudo_1629	0.28452694213824137	-8.38536563817504	5	5	0.05327201823685713	13.36497841637175	3	3	0.8887357953729927	0.5286393660708502	3	3	0.2473792923762549	-14.621562831730396	4	4
pseudo_163	0.17695158792034082	-9.22955895949462	5	5	0.16693734917055902	10.10787696942846	3	3	0.5306740213756708	0.6395429053679275	3	3	0.859912066115945	-6.4563341180092335	3	3
pseudo_1630	0.9058930701494853	-5.405081797896961	5	5	0.6858299677441657	5.6107626298445945	3	3	0.4361658265106021	5.777081692464782	5	5	0.9318448227202155	-3.9719908990922903	5	5
pseudo_1631	0.9454327084058349	-3.2245693131792366	5	5	0.1820903479356254	-1.6300199053736186	4	4	0.2847293905213951	-6.061341170709571	4	4	0.36411005091594517	3.0321543808117895	2	2
pseudo_1632	0.8276049544731802	-2.5023606360633197	5	5	0.9806445457560294	2.93915014671701	4	4	0.7342885326151245	-2.9052997877506663	5	5	0.7735198011655687	-3.405386097065108	4	4
pseudo_1633	0.817921935509101	-4.888215819278172	5	5	0.5145769424974942	-0.4122050332723471	3	3	0.23912422250233678	4.307493069540521	4	4	0.11283509742616786	3.542071577756038	4	4
pseudo_1634	0.22739673778639058	0.5833002317086243	5	5	0.7487635757823436	6.462239037303498	5	5	0.061091161640605775	-10.49123430279181	5	5	0.21913857682311433	-11.996963708127568	2	2
pseudo_1635	0.11259386942010309	-8.382262081236396	5	5	0.3395180420922401	12.459703520333761	3	3	0.13698092436643305	6.673672308036955	3	3	0.6184477570202906	-9.695786279766835	5	5
pseudo_1636	0.14368668507737964	-1.4079422812922624	5	5	0.6777864878276266	8.305395833480489	5	5	0.12815223420720664	-10.3932904925906	5	5	0.2581315511465063	-7.774514929711187	3	3
pseudo_1637	0.3769437572472055	-1.4469216756690546	5	5	0.9806445457560294	5.304178842396857	4	4	0.907807641304021	-0.31200344599062535	5	5	0.9684930440136454	-4.07787990004617	4	4
pseudo_1638	0.05336320231140251	-9.568147125612718	5	5	0.3960328539241198	9.94341543657304	2	2	0.062856414499826	7.378251250313134	3	3	0.6997523304332391	-0.5702616555322922	3	3
pseudo_1639	0.4858792581291961	-8.28557942331851	5	5	0.48585116533430517	-0.7968323152917174	2	2	0.6837782977108431	3.5416360684101025	4	4	0.09966893296704302	3.8402652989684087	2	2
pseudo_164	0.03232161043728216	-8.753086097359038	5	5	0.2017641327487506	10.611303467922141	2	2	0.006954682194911105	10.236739345988754	4	4	0.3071050850930711	-0.2312416718650662	4	4
pseudo_1640	0.13864245213360282	-8.29576428957431	5	5	0.18752274835270577	9.980855610232831	2	2	0.15719007126343776	4.077950373793657	3	3	0.8394225267808086	-3.562267931821809	3	3
pseudo_1641	0.5491420275882692	-4.086911018945885	10	10	0.08471905036238779	16.391684542985583	10	10	0.5122769928997295	-2.943670906813321	10	10	0.1868952606267129	-11.602449029452098	8	8
pseudo_1642	0.7368748901163954	-5.5869474935105155	5	5	0.4120577666654196	-0.2230357412777518	3	3	0.9180048929977268	-3.3331563776288284	4	4	0.36411005091594517	3.0566137319219653	2	2
pseudo_1643	0.7275105843794041	-7.378736586111169	5	5	0.8485071080769009	5.255534610762404	3	3	0.9462941466553159	-0.3099335521094533	3	3	0.9935918463631742	-2.1910666226877273	2	2
pseudo_1644	0.6631642422518391	-3.0566262242579234	5	5	0.3013643756595116	9.990905135334556	4	4	0.32696954693354785	-5.960944330157517	4	4	0.05888446655723167	-11.335675583960601	3	3
pseudo_1645	0.7554174552143818	-7.912937951430256	10	10	0.4212179780724684	14.956358209847957	8	8	0.9973207773514868	-2.336178839310133	7	7	0.829640131927336	-9.795175874084418	6	6
pseudo_1646	0.8960406439005002	-5.50527309195563	5	5	0.2336189252929014	1.4396842150624998	3	3	0.6576786018960983	-0.5098653715103149	4	4	0.26930162341674224	0.017244861745536372	3	3
pseudo_1647	0.5712484719220721	-9.109874169808238	5	5	0.6637699154186915	-0.379948893163796	2	2	0.6007343246984109	0.6251595524861608	3	3	0.39905555634338286	2.9295793492996554	2	2
pseudo_1648	0.16339140663094376	1.1950806234379048	5	5	0.45140931243790294	10.636056119613668	5	5	0.403948807605896	-5.797413185793096	5	5	0.13780610498594745	-12.31850398232944	4	4
pseudo_1649	0.0721463229407172	-8.363867874305425	5	5	0.016313574248129202	19.09331457507378	4	4	0.05455728342294154	6.924601627006397	3	3	0.2862174247796564	-11.027445123238309	4	4
pseudo_165	0.7938386632402035	-2.112757274597289	5	5	0.6526315947358508	12.922765603831316	5	5	0.2652288909340521	3.6909375614723827	5	5	0.7666050352849431	-8.444157892695934	5	5
pseudo_1650	0.298760737539137	-1.2021048531291878	5	5	0.7746652364788146	5.312471831094659	4	4	0.015080143931698192	-10.35937230891099	4	4	0.050978779219137786	-17.05843932698468	2	2
pseudo_1651	0.8227600711155665	-5.306442327539334	5	5	0.9961285445921516	9.028968598228415	4	4	0.6575842317932807	-3.6347140080760147	5	5	0.6332438286069103	-6.844971087136538	3	3
pseudo_1652	0.3803127253320826	-9.074369535402166	5	5	0.7352795284897797	4.5167502089977845	2	2	0.8642286028625283	0.22717339871251818	3	3	0.955166061730401	-2.3558862968208465	2	2
pseudo_1653	0.40091524029326686	-3.4593973815731744	5	5	0.5795906845481514	6.918990546920251	5	5	0.17582696057150649	0.8728676093190209	5	5	0.5841466793890222	-0.2522755960023826	4	4
pseudo_1654	0.558628675903637	-5.195922728383628	5	5	0.1697014368657257	13.384213065278892	4	4	0.5758235747734205	0.6506706926465397	4	4	0.16683561430328797	-12.092362402571665	4	4
pseudo_1655	0.8812924851140853	-2.921683909468223	5	5	0.44618504707442797	6.709659215851974	4	4	0.907807641304021	-2.007296563974766	5	5	0.9954978597980527	-6.961223071503146	4	4
pseudo_1656	0.5379009760261242	-8.835560505173504	5	5	0.44372095503803965	2.9447640294645483	2	2	0.28877919207998903	3.3548850237057164	4	4	0.4522314512452923	0.07575529610007603	3	3
pseudo_1657	0.4185864499671491	-2.2645420347166567	5	5	0.36421879560945103	1.7922702486212898	4	4	0.5576394469238445	-3.411463611557247	4	4	0.5874525158575528	-0.4659167358022061	3	3
pseudo_1658	0.8519243171368087	-5.483578505087093	5	5	0.6658555056334625	5.162833872704202	4	4	0.40764025984192076	3.157078047576492	4	4	0.6762700814803211	-3.163103932781574	5	5
pseudo_1659	0.7135404879890894	-5.12020145136775	5	5	0.7086892841096155	4.75528071889773	4	4	0.38276499021287136	-3.8354435861102356	4	4	0.9423761816144207	-1.4805643781102122	2	2
pseudo_166	0.8763853071710093	-4.623608423333845	5	5	0.5514797989099416	6.122311149456476	3	3	0.45870960415161355	-3.179577688102892	3	3	0.26930162341674224	-7.730629363179605	3	3
pseudo_1660	0.9472037189121956	-5.386949466028606	4	4	0.12053053793973478	-1.857681206599386	2	2	0.5038588337392622	-3.2141507146168826	3	3	0.231497839511154	3.898936364344597	1	1
pseudo_1661	0.09540924808842004	1.481988291038597	5	5	0.788441913558757	9.331955823487972	5	5	0.15865254526409478	-9.40742089078712	5	5	0.10927773638210346	-10.922876965797556	3	3
pseudo_1662	0.26538212237575187	-2.2446799005736215	5	5	0.5834893063227444	2.1726318807174727	4	4	0.1585607198787944	-9.46169018279551	4	4	0.5576734875072875	-6.832587991678789	2	2
pseudo_1663	0.5379009760261242	-6.072991617359581	5	5	0.9910346135778847	2.7789399220571416	3	3	0.9038090250597768	-2.338039376050402	4	4	0.7541065963725084	-2.8238486342138294	2	2
pseudo_1664	0.3669464418009454	-1.4748470187664051	5	5	0.7970514415009561	5.65657391514701	4	4	0.8013696910045166	-0.2555388480726855	5	5	0.9146224678125235	-4.082459963447989	4	4
pseudo_1665	0.7699503812276316	-4.809892686961305	5	5	0.044046286022581434	13.513021349117913	4	4	0.2827398956869457	5.689503578478933	5	5	0.30713265650147925	-9.077989576139778	5	5
pseudo_1666	0.20432938880241047	-0.8483372820447962	5	5	0.4877699208270171	2.5362384232890904	4	4	0.4698159342154069	-3.588583234333988	5	5	0.7686482492938345	-3.3719849205288397	3	3
pseudo_1667	0.58828377314847	-2.3668019834391827	5	5	0.12401499370236216	1.0579952352354212	4	4	0.6460733503006777	0.3522154420366141	5	5	0.22534845305550089	-2.4863920568341737	5	5
pseudo_1668	0.2273965614182124	-0.9036212039715811	5	5	0.934259491348054	3.2846214260176416	4	4	0.7848270460647115	-0.6148862064014639	4	4	0.6886947014773772	-2.1715900735166938	4	4
pseudo_1669	0.9009649498567089	-5.293681344259046	5	5	0.31727919849765485	6.859491771329836	3	3	0.8055444162268288	-1.8447962912746414	4	4	0.8394225267808086	-6.633458362659739	3	3
pseudo_167	0.5712488369973434	-2.250380714114186	5	5	0.40123074290781857	8.994746886739746	4	4	0.7642613605846441	-2.7399815920423145	4	4	0.20711118778289173	-7.691601685150268	3	3
pseudo_1670	0.07019691940583252	-9.091588826865468	5	5	0.03185652609240335	16.323665199161187	3	3	0.9784089493524165	-0.026514213662372832	1	1	0.07869231128228114	-13.56461764202394	3	3
pseudo_1671	0.3100526790350824	-8.505124211102027	10	10	0.02149713766751514	4.214151863402361	7	7	0.252189004593366	-10.203775385490395	7	7	0.26621903760795174	-2.830948144218675	5	5
pseudo_1672	0.3348308241257887	-2.0277798303499757	5	5	0.35911124745802514	5.16217763001218	4	4	0.6691768983492189	-3.1091800711320725	5	5	0.790852762293555	-6.872885656202112	4	4
pseudo_1673	0.6904710477780982	-5.920314804631367	5	5	0.21229788944136307	9.310393335028136	3	3	0.7598206814356091	-0.31070450491261054	3	3	0.17603642558930854	-8.04983836556098	3	3
pseudo_1674	0.19775291308141218	0.8912780304205267	5	5	0.3237508983433277	1.394631774544705	5	5	0.0057918386940153995	-10.062047396270723	5	5	0.231497839511154	-14.708437298965297	1	1
pseudo_1675	0.7135404879890894	-8.994661868275516	5	5	0.6210138228290025	5.268515831203701	3	3	0.40764025984192076	3.016664105154975	4	4	0.4068407636432566	-2.767322238498481	4	4
pseudo_1676	0.9305842274556163	-7.437190686359844	5	5	0.5250149269295951	12.295948772368027	4	4	0.31171068689298287	-5.331980575129888	2	2	0.26930162341674224	-10.42141845370824	3	3
pseudo_1677	0.28452694213824137	-7.573907438914687	5	5	0.7360411704975673	5.7564247991362345	3	3	0.8040277354345947	-3.6346267160787464	2	2	0.5576734875072875	-7.361262621848285	2	2
pseudo_1678	0.47043816224845847	-8.250437048230337	5	5	0.09092180900835352	-2.626438287339492	2	2	0.12419491295619449	3.1726510609132075	5	5	0.020388571413568916	4.245342537184758	4	4
pseudo_1679	0.3411046490238926	-1.190122366649538	5	5	0.4756794285675878	2.3371142092965136	4	4	0.4221807560091443	1.3313429654298072	5	5	0.2520215298219919	-0.055130477358008655	4	4
pseudo_168	0.6630912246969245	-0.215230381468445	4	4	0.9651678359385234	2.9688478278670742	4	4	0.3926014259742745	-5.733356457497128	4	4	0.5607347604558015	-4.7738428361199245	3	3
pseudo_1680	0.1799632796227787	-8.714996747642665	5	5	0.6438553983082143	8.490286809035698	2	2	0.9746215402664824	-1.388544560505121	2	2	0.2592618889887177	-10.016462442056014	1	1
pseudo_1681	0.6614962066326082	-8.81784373932865	10	10	0.6274628777567288	18.52543196110329	8	8	0.4206886239531371	3.5395396145195943	8	8	0.7641961351997739	-11.680904384197843	7	7
pseudo_1682	0.7794809162586847	-3.1482541750322617	5	5	0.31988481626118637	-0.9107110469884191	4	4	0.29699475554000754	2.2843885116274483	4	4	0.06501736905886729	4.009653409682489	4	4
pseudo_1683	0.9652591979949745	-6.151720970902794	5	5	0.5834893063227444	4.639312398023048	4	4	0.5863923852536876	-3.799688839359474	3	3	0.6147447779785216	-5.265290122316888	3	3
pseudo_1684	0.5549675044929707	-8.554491372889585	10	10	0.08510348895441978	0.5837037683659201	6	6	0.7516601142732583	-2.812290403003448	8	8	0.0539407172470119	0.6587147303684148	6	6
pseudo_1685	0.09602879673617706	-9.37454112114276	5	5	0.046713046004771754	13.384666370407581	3	3	0.28345162374574717	3.8059683251931724	3	3	0.2024431200443495	-8.007438570834644	3	3
pseudo_1686	0.27621051294865073	-1.73519949363726	5	5	0.6378832840984665	6.600268203264569	4	4	0.7169387434419567	-5.673776837885704	4	4	0.5685165379138545	-6.950100526839906	2	2
pseudo_1687	0.08592326505285955	-0.9282882880066188	5	5	0.815209639059159	11.850501994524578	5	5	0.4084620495048795	2.00354351815866	5	5	0.844451985518846	-7.015566041020154	5	5
pseudo_1688	0.6858903632734767	-7.662170855039633	5	5	0.7960645047447044	7.980987808015723	3	3	0.41000805808292884	3.157815289480055	3	3	0.7487488115809312	-3.2519130441559034	3	3
pseudo_1689	0.2088011010974956	-0.4886139757515136	5	5	0.4290002941849582	2.016636217430475	4	4	0.04169377728584525	-10.03405152928034	4	4	0.41847589036876853	-8.123653638930525	1	1
pseudo_169	0.5135480946038464	-5.951548061340772	5	5	0.486006655545813	6.501669730920984	3	3	0.4711370343617185	1.1048912126722115	4	4	0.6239646640889823	-4.250658015556639	3	3
pseudo_1690	0.0593885503700163	-8.961431072728585	5	5	0.04923348805801751	15.526904911176606	2	2	0.4760458333805482	-8.115156144750989	1	1	0.026099375637106473	-17.762067848900728	2	2
pseudo_1691	0.42150603115494933	-9.47744195796829	10	10	0.9810472443606687	13.186548789447029	8	8	0.5379958953710575	-3.1248003040715187	9	9	0.3622901739212755	-11.380366729517938	6	6
pseudo_1692	0.6099014611238708	-1.5997424064740546	5	5	0.3498694746360306	12.642412788730537	5	5	0.26181832980736963	3.968680162479154	5	5	0.6910466950722278	-7.299471788294248	5	5
pseudo_1693	0.436707313413085	-6.036857509773621	5	5	0.543996372783599	1.5038267620772698	3	3	0.16940410725863353	4.1380913790913505	4	4	0.23827522969627601	1.0518925160279091	4	4
pseudo_1694	0.8421783031676309	-8.50230897495131	5	5	0.7672435995177201	12.202212209874354	4	4	0.49345591017620516	3.4154575506414564	4	4	0.8967401735803221	-6.882014972624322	4	4
pseudo_1695	0.6230390885826944	-1.8090436325747852	5	5	0.27925535773077914	12.211268620204768	5	5	0.45477022616253426	-3.1789848581434117	4	4	0.11029621967752136	-11.538909536442338	4	4
pseudo_1696	0.817921935509101	-5.289966841602396	5	5	0.08974601905694186	-1.589271523282821	3	3	0.6975555073053217	0.49083906939848626	3	3	0.06819899338319785	3.6514864509136005	3	3
pseudo_1697	0.034385485287201804	-0.8679013760714586	5	5	0.019098767275697252	-2.250673746550982	4	4	0.2419918053257658	-10.187605058547609	5	5	0.0932325967168777	3.8897662597380602	2	2
pseudo_1698	0.225009767319446	-6.22982571609413	5	5	0.9194471539626119	3.1367915717232404	3	3	0.3047663570467434	4.428777668872365	5	5	0.2042304179313733	-3.354973006860959	4	4
pseudo_1699	0.20211983817556323	-8.610324374444396	5	5	0.6241933662913467	9.021670302709314	2	2	0.9949234861573844	-0.19446375678790062	2	2	0.8913977488082454	-6.1442038373655645	2	2
pseudo_17	0.5256524127204181	-1.7443755414734383	5	5	0.31053347007596377	7.312475223207362	4	4	0.6193074999116697	-5.3396782117742445	4	4	0.21185687985572188	-8.111589671562642	3	3
pseudo_170	0.9950354958272145	-5.038385690089873	5	5	0.5974132364292704	2.286893624093811	3	3	0.6969736928599297	-3.182554955556384	4	4	0.8283245204925728	-2.142662181786846	2	2
pseudo_1700	0.16910376923161718	1.2082117663068843	5	5	0.6714626187770383	10.21450226671333	5	5	0.7645632383673339	-5.003490077192949	5	5	0.7648948966991103	-10.094986186723256	4	4
pseudo_1701	0.9404808731919202	-4.907284503419189	5	5	0.6104174060852452	8.534866532442967	4	4	0.67721633403525	-3.0478477646430595	4	4	0.4214014545789403	-7.35832331278775	3	3
pseudo_1702	0.658654794632438	-4.804153255270952	5	5	0.8397132531802258	3.2901177852887056	3	3	0.6903642313594627	0.4091652152829621	4	4	0.9146224678125235	-3.882831171886579	4	4
pseudo_1703	0.5055597482477695	0.3148939597110778	5	5	0.677786180117461	-0.5795216786666408	5	5	0.9078075681649804	-1.9138486288044039	5	5	0.4262578601097128	2.61506051817349	4	4
pseudo_1704	0.20432938880241047	0.7061812394882357	5	5	0.6841331409824862	6.280341863717408	5	5	0.4221807560091443	-9.72535867549412	5	5	0.9322814328926539	-6.4358678283813475	3	3
pseudo_1705	0.19775308320482798	-9.111459985515763	5	5	0.4720499515287142	9.353638505872297	3	3	0.6383719837888497	3.343062638378172	4	4	0.304781297730664	-7.64571792839111	3	3
pseudo_1706	0.47043816224845847	-1.5330586891900968	5	5	0.3958092113895112	2.411325337604454	4	4	0.971330786337283	-3.1171708195129906	5	5	0.2663113324622022	-3.1796118725804057	4	4
pseudo_1707	0.32863184413438984	-8.84279564390792	5	5	0.7145800531516097	3.8121435908255004	2	2	0.16940410725863353	7.056239289449981	4	4	0.2862174247796564	-0.3075214224589402	4	4
pseudo_1708	0.7181867944064708	-8.104118880669002	5	5	0.5575267224330435	-0.6506811088296418	2	2	0.9793305924486801	-0.19149546394696837	3	3	0.2441931724134183	3.268827195068927	2	2
pseudo_1709	0.7345299881130131	-2.350218805312562	5	5	0.6841331409824862	9.128529680104663	5	5	0.8075496453699167	0.7091032990844708	5	5	0.6395429335016928	-3.9570723230760607	4	4
pseudo_171	0.22028963918129152	-8.829016976679007	5	5	0.6144606727629431	4.844137859339187	2	2	0.06323647076918026	7.249730402541506	4	4	0.20828126500143163	0.2371360790005319	4	4
pseudo_1710	0.1913329945721184	1.3285980249660188	5	5	0.32801386799170906	10.65579168910615	5	5	0.504853228650042	-0.724573750058403	5	5	0.6984798123940257	-9.975338338980562	5	5
pseudo_1711	0.9652592177553657	-6.537547623507425	5	5	0.3958087253229642	14.871279757822618	4	4	0.018886382094142142	-11.006125545743327	2	2	0.004650164204197073	-18.002151981023328	3	3
pseudo_1712	0.19345575949831506	-8.756318117853873	5	5	0.2848287340187803	9.667921313142344	2	2	0.12917786059020747	6.8959799107098005	4	4	0.5310975452440845	-3.904305996376175	4	4
pseudo_1713	0.18922741794132336	-8.765174308351057	5	5	0.8661504309338228	5.7503880100354055	3	3	0.8333786534067815	2.5854230911065965	4	4	0.9935918463631742	-2.3823312007953867	2	2
pseudo_1714	0.6541583310256902	-8.387870852661928	5	5	0.17403751451025662	-1.6921916245574185	2	2	0.7746384578759967	0.5068400971860271	2	2	0.1416247589994867	3.7705375023617105	2	2
pseudo_1715	0.058554227985698086	-1.12554866261437	5	5	0.43468535458993085	2.0256250868763543	4	4	0.9331691045772861	-3.9344709851281547	5	5	0.4289911441296608	-0.09447335274166709	3	3
pseudo_1716	0.005844135967931475	2.0857430457479063	5	5	0.9930936381355887	9.020865581118414	5	5	0.31235507764832626	-4.198146176485045	5	5	0.2965382321620964	-8.348242458019577	4	4
pseudo_1717	0.7181867944064708	-7.397545333889972	5	5	0.507353458020152	4.582749467627247	3	3	0.6007343246984109	-2.2807166026679124	3	3	0.5685165379138545	-4.63879615307599	2	2
pseudo_1718	0.16861997012070407	-6.464592391553087	4	4	0.798484975127361	-0.25112116317453115	2	2	0.3325625828659813	1.59713215368944	3	3	0.07074807989395807	3.968070936810684	2	2
pseudo_1719	0.13864245213360282	-9.423008073799792	5	5	0.653781841212506	3.236986720282709	2	2	0.3983308708170923	-3.6261146423274933	3	3	0.30772726640929027	-7.856054869665789	2	2
pseudo_172	0.5216014881828801	-4.290665662174511	5	5	0.6871468520466417	8.145504047462643	4	4	0.5306982190825432	2.4396741956232795	5	5	0.7562990515506363	-3.6931467314900055	4	4
pseudo_1720	0.06913699786232208	-9.630983251231958	9	9	0.13331202703835274	12.905873337693563	6	6	0.5749532313230635	4.530912171835616	7	7	0.42962167246603267	-11.458080600005927	5	5
pseudo_1721	0.12896446317885354	1.1924190976368971	5	5	0.4059899506131539	1.7005358408230695	5	5	0.9141402244253657	-3.5471706339568665	5	5	0.2711961829609154	-0.23780747829261273	4	4
pseudo_1722	0.7089046769843945	-6.1246793161600905	5	5	0.5218530845143742	-0.2979495258192557	3	3	0.05998091448411876	-9.52601588337667	3	3			0	0
pseudo_1723	0.7604544661741253	-3.9353979139548563	5	5	0.6612191297896182	-0.3526174450998549	3	3	0.5581951724294452	-5.449191240022358	3	3	0.4588776128570278	3.21114068145486	1	1
pseudo_1724	0.960300105419759	-5.11464444780198	5	5	0.6588167803021429	5.628493019651117	4	4	0.25176897792393615	6.671959749079002	5	5	0.5360538977041704	-0.2331984871027363	5	5
pseudo_1725	0.5338022520969425	-8.259168466311955	5	5	0.5951989102715409	4.712352477304688	2	2	0.8636043914476587	0.14079490606109707	2	2	0.7058159981702965	-3.000298096863827	2	2
pseudo_1726	0.444080315155052	-5.952930130201476	5	5	0.7107786755206931	2.689976020210132	3	3	0.9710659366216815	-2.3941522954735515	3	3	0.859912066115945	-3.512986544089776	3	3
pseudo_1727	0.040650367515192014	1.4358123452349794	5	5	0.42583019277096246	2.2191248284492833	5	5	0.33586193064577596	-7.594240013056148	5	5	0.9415243127734115	-3.322157089755489	4	4
pseudo_1728	0.8665853779004002	-5.251583686145994	5	5	0.8661504309338228	2.6512415231756434	3	3	0.9875974675566077	-2.3319919475670043	3	3	0.6939175270038576	-1.8180045734507613	2	2
pseudo_1729	0.010739256915102822	2.2976997374483807	5	5	0.4462250366937085	4.8646032999712485	5	5	0.46492265921691567	-6.01882198488489	5	5	0.9594979328990745	-6.38469013723273	4	4
pseudo_173	0.9913098123145998	-8.069518401363514	10	10	0.08090605573196794	-1.7808890788225955	6	6	0.9011230229630366	-3.677848197289091	7	7	0.06024525422700632	4.143531836516966	4	4
pseudo_1730	0.9058929812955486	-5.04264184169443	5	5	0.43814406128980377	1.9824461829816518	3	3	0.9462941466553159	-2.6406060527367465	3	3	0.4747295980691312	-1.2777327209143867	2	2
pseudo_1731	0.8519242616010545	-1.1113385707336556	5	5	0.7161938991621525	4.167462078582869	5	5	0.1835993688964752	1.4431648364775473	5	5	0.4064895322367319	-1.0457471406441066	5	5
pseudo_1732	0.3110922650686796	-2.5933527694583076	10	10	0.37846978205098836	3.333888679637868	9	9	0.28744889866744516	-9.962880591294224	9	9	0.4666755734073169	-0.33241036825349585	4	4
pseudo_1733	0.13053997090214942	-6.373924021871058	5	5	0.3391342487875708	9.023861342043707	4	4	0.20426286848120645	1.570162130171739	3	3	0.9684930440136454	-6.891763039319053	4	4
pseudo_1734	0.41151072558482293	-9.365947903875584	10	10	0.03507462899862136	16.340374088078075	8	8	0.7143556596112487	-1.761419239903247	7	7	0.10539534578695962	-17.472625781586498	8	8
pseudo_1735	0.20655645910559273	-1.8194330382535604	5	5	0.0688255329103868	0.8587443386757011	4	4	0.7222903921249051	-2.628909401536219	5	5	0.0955515570838702	1.038905659741987	3	3
pseudo_1736	0.9454327084058349	-4.776883022141909	5	5	0.5388371576054826	15.347431609228414	5	5	0.48967077284688487	-3.884644168050943	5	5	0.12775627936449013	-10.735235033598654	3	3
pseudo_1737	0.9404808731919202	-3.7275909523624544	5	5	0.40123074290781857	9.199180233346155	4	4	0.8448689858851215	-3.2590784762076637	5	5	0.7360677926839633	-13.368467565066764	5	5
pseudo_1738	0.13213022370001748	-0.9919537164821323	5	5	0.31053297227445664	1.8117102652401982	4	4	0.4822259193134659	0.7859628455330251	4	4	0.18483332964361365	0.45443227763439814	4	4
pseudo_1739	0.9157600014047256	-4.490620099778126	5	5	0.5250149269295951	9.349758485377572	4	4	0.5105594943611125	-3.7643785796659657	4	4	0.28543408693050465	-8.671182856328588	2	2
pseudo_174	0.013419898813894887	-9.536511447340942	10	10	0.02333782321343225	18.26879182047698	5	5	0.049915590492745535	9.79312808810163	5	5	0.37201886142648855	-10.864537265632855	6	6
pseudo_1740	0.4185860085736238	-5.706450405905581	5	5	0.46375515388477917	9.482068636179044	4	4	0.9958656745191315	-2.4866107160056594	3	3	0.35671135413869803	-7.43214397768005	3	3
pseudo_1741	0.16151997611977198	-8.975111080808842	5	5	0.4249839944591046	6.2654327409107635	3	3	0.883654791389535	-3.3704483114344197	2	2	0.4747295980691312	-7.314041427670009	2	2
pseudo_1742	0.58828377314847	-4.875266509195092	5	5	0.08974601905694186	-1.707866575199872	3	3	0.9678669656315698	-0.4989196572030532	4	4	0.14136752646270598	3.3243659863116535	3	3
pseudo_1743	0.2110633658349801	1.3953877163482957	5	5	0.6035118509954305	10.426478561223561	5	5	0.39501235649927247	-5.08827801344417	5	5	0.4068407636432566	-11.58303595894503	4	4
pseudo_1744	0.14145715763436942	-9.138382439030979	10	10	0.05053304092271833	0.4033927881070835	4	4	0.4747375370464101	-3.956919947498054	5	5	0.28667092223792345	0.9980780193790547	3	3
pseudo_1745	0.5667082927951173	-9.168771235375486	10	10	0.9465966185295147	9.722808059478856	6	6	0.5104510629440467	-6.616999735387547	6	6	0.37322125700359077	-11.140619122599054	5	5
pseudo_1746	0.09296250656627167	1.2455425285187036	5	5	0.5561265906259225	6.1382680561186715	5	5	0.7767775809876375	-1.800942264207088	5	5	0.5611120910024584	-2.851830174476478	4	4
pseudo_1747	0.6230390885826944	-4.102979621425949	5	5	0.7530448034391494	2.384473372130577	3	3	0.45245010458482504	-3.4629146547405347	3	3	0.8534448419467351	-2.613971352516297	2	2
pseudo_1748	0.5628203135199947	-8.822601722364869	5	5	0.8661504309338228	5.490151209645636	3	3	0.642315924139099	-4.4067597336670055	2	2	0.9041086739579434	-6.233985255200645	2	2
pseudo_1749	0.30458513005889	-8.523575071661293	5	5	0.24711785755020887	9.00358502104373	3	3	0.26972869161839497	2.806637487358996	3	3	0.5175570596062204	-4.625688059304967	3	3
pseudo_175	0.3194738233759382	-9.197724657700881	5	5	0.5819096789887162	6.07755843049203	3	3	0.21503379758473107	3.7740220838183287	4	4	0.6332438286069103	-0.5436861280406114	3	3
pseudo_1750	0.08147440636708674	-9.368701466628815	5	5	0.5032902174367295	5.916788482143852	2	2	0.9949234861573844	-2.7055648031433863	2	2	0.5576734875072875	-7.051093810907473	2	2
pseudo_1751	0.011579424321810312	-9.288019476008822	10	10	0.3013643756595116	13.219813646589671	4	4	0.15169290002743685	2.7556720643020562	5	5	0.9505079754058229	-4.112900040795963	4	4
pseudo_1752	0.2110633658349801	-0.6897213211216052	5	5	0.7746652364788146	2.498572945249453	4	4	0.7779544356244734	-2.2627781756073877	4	4	0.6519751063056869	-0.20124424762412416	3	3
pseudo_1753	0.5925789028556714	-1.6630077749539434	5	5	0.6943005178345667	6.93939544594951	4	4	0.2721415104449114	4.1107761993952705	5	5	0.5697070433198184	-4.014079684333954	5	5
pseudo_1754	0.765198012124704	-7.433322509450505	5	5	0.16014464495519076	9.415364022419384	3	3	0.7129508910566227	0.7591039466876102	3	3	0.5091327089768307	-7.279988101592397	3	3
pseudo_1755	0.98014390513037	-2.914808795747772	5	5	0.6658555056334625	7.313786870627656	4	4	0.8755137975472063	-2.0741512213125075	4	4	0.5432560717039489	-4.479004987259757	3	3
pseudo_1756	0.06282684818766202	1.5869624022931135	5	5	0.19714219369182584	1.4305623592506709	5	5	0.6064625440408173	-3.199682153087322	5	5	0.3346003966137612	-0.13541970415903778	4	4
pseudo_1757	0.6407436846922145	-4.216263669632108	5	5	0.7445274219063759	-0.16834722380612632	3	3	0.6512168291911148	-3.6360368517691763	4	4	0.2574479241936739	3.2101030793118825	2	2
pseudo_1758	0.44038496555217155	-1.736265169195964	5	5	0.24225350841890403	-1.0817727275918854	4	4	0.6256347635862844	-2.8019400154575522	4	4	0.4289911441296608	2.562959445485153	3	3
pseudo_1759	0.4819934660712062	-5.5864673116068495	5	5	0.22557636415613624	15.738087882270804	5	5	0.21942942742599414	-6.0737950729390695	3	3	0.04340565299997722	-13.995996323644576	3	3
pseudo_176	0.7699503812276316	-7.59936370498746	5	5	0.016313574248129202	15.92931347613785	4	4	0.6446800677098474	0.4850604141106271	3	3	0.06024525422700632	-14.073665583433359	4	4
pseudo_1760	0.3367269784416226	-8.251193471466337	10	10	0.5893417333610584	10.879744227886397	6	6	0.131795448923036	3.192389656039195	8	8	0.03106732668543509	-2.722631363779437	6	6
pseudo_1761	0.35387649112742336	-8.572025092075366	5	5	0.8397132531802258	5.288151334013044	3	3	0.5038588337392622	1.017940142592279	3	3	0.4681122442692611	-3.001856160779448	3	3
pseudo_1762	0.21564096291570856	-7.984266797040192	5	5	0.9551956971570861	5.297263293251421	3	3	0.7362631011606913	-2.5919015365850364	3	3	0.8913977488082454	-6.762330853379186	2	2
pseudo_1763	0.16151997611977198	-1.3510822087059937	5	5	1.0	11.948793012113265	5	5	0.2027175322192979	-10.435148109351827	5	5	0.11518678126729759	-10.760242789729778	3	3
pseudo_1764	0.5925787624647025	-5.318006939435972	5	5	1.0	5.450607534534335	3	3	0.15593346884221168	4.047853535868431	4	4	0.34602880874337494	-2.8352509240756993	4	4
pseudo_1765	0.42217479359723453	-8.648683188949779	5	5	0.7878459827902118	4.272748478479488	2	2	0.9949234861573844	0.0036789201792902793	2	2	0.8033785783179226	-2.697810083920433	2	2
pseudo_1766	0.1111907950776412	-9.28023193012804	5	5	0.7690843798730254	-0.36908774664153476	1	1	0.17534921913348012	5.748953769177627	2	2	0.28543408693050465	3.168513983113412	2	2
pseudo_1767	0.7938386632402035	-4.090204227173454	5	5	0.9883859983561083	5.284796496636172	4	4	0.5338372966057576	0.14571723856290442	4	4	0.5874525158575528	-0.41213540660342485	3	3
pseudo_1768	0.6904710477780982	-5.36488808333054	5	5	0.2708118684024159	7.10439026202404	3	3	0.32396963840919635	4.298208941863114	5	5	0.8052872096850119	-9.939019611665078	5	5
pseudo_1769	0.2845264852827034	-1.469387524654495	5	5	0.3798121005542555	1.8843082877224535	4	4	0.8888466062536053	-0.6664050920249244	5	5	0.591924367286905	-0.3586648258762099	4	4
pseudo_177	0.11121994511156201	1.1986776134708739	4	4	0.5000243307210197	9.511562032400215	4	4	0.2500109317479896	-6.504795123789954	4	4	0.09046321888575509	-11.141128985060702	3	3
pseudo_1770	0.4215058651071706	-7.397744179955275	10	10	0.9918767589505801	12.096301057792	8	8	0.6268289892595351	-3.609812602421616	9	9	0.9024830622915084	-7.057867211718853	7	7
pseudo_1771	0.2119598014300782	-4.720036137697001	10	10	0.8481646585966462	13.470959172410895	9	9	0.16705395728707295	-9.667742088790657	8	8	0.37322125700359077	-11.156565038675076	5	5
pseudo_1772	0.1369917036827725	1.052997444379413	5	5	0.43087725836532154	2.518615005639085	5	5	0.3521497006138494	-8.93203428780832	5	5	0.9530885481507942	-3.863905007614676	3	3
pseudo_1773	0.3593491163475693	-1.0610261716097453	4	4	0.9016292194903456	2.8908382759667357	3	3	0.6298828444056537	-3.103738605066337	3	3	0.6356001460143301	-3.3355023570345135	2	2
pseudo_1774	0.5420154395027266	-5.2273378615129245	5	5	0.18861350526284248	9.585356691377394	3	3	0.2881292363811433	-3.774993452523944	3	3	0.037055631009466364	-11.789090669521572	3	3
pseudo_1775	0.7275105843794041	-2.038825370579501	5	5	0.40111752317354443	12.306306370984572	5	5	0.14277817223095796	4.409042989312302	5	5	0.6910466950722278	-7.223697091914677	5	5
pseudo_1776	0.09296250656627167	-8.715446313921445	5	5	0.1848633894020848	9.981691147339573	3	3	0.9545468286562601	-0.016547751941653716	3	3	0.1416247589994867	-9.341424084062036	2	2
pseudo_1777	0.49370142053879584	-8.221681770145876	5	5	0.9283718814052414	4.831970360661242	3	3	0.21836393856434388	3.627955700326387	4	4	0.13105958906146978	0.9180423286229041	3	3
pseudo_1778	0.27075921782341195	0.9210230721059767	5	5	0.9930936381355887	5.102747982398259	5	5	0.22937562220716334	-9.201604369429601	5	5	0.3366181506921624	-6.780575192000923	3	3
pseudo_1779	0.9652592309289412	-3.2354358713951985	5	5	0.9265461234172737	3.7903960625461495	4	4	0.2721415104449114	1.2127328361410925	5	5	0.2761420676144386	0.49967345569236227	4	4
pseudo_178	0.2789640387466429	-8.266989884917322	5	5	0.9194471539626119	7.208154598291666	3	3	0.9628043867871149	-0.2750473628779401	3	3	0.5260529796097602	-5.913202034842602	3	3
pseudo_1780	0.5754855034778059	-8.821942222676922	5	5	0.5575267224330435	3.241393427839294	2	2	0.49072445807271226	3.348023354816446	3	3	0.35671135413869803	-0.13280733506668638	3	3
pseudo_1781	0.7511277677384911	-5.042753096030064	4	4	0.543996372783599	8.56209098140099	3	3	0.3178363582060162	-5.075767282997603	2	2	0.13312462286157667	-12.622098672832497	2	2
pseudo_1782	0.6452024868246745	-7.0297080494282405	5	5	0.09223916144200017	15.10712729100056	4	4	0.42188635184047385	2.897049039466881	3	3	0.20828126500143163	-11.207097146995373	4	4
pseudo_1783	0.13306646936173475	1.3442705077440513	4	4	0.21239478776469056	2.355726210396497	4	4	0.1958196285820677	-6.598508973471785	4	4	0.8534448419467351	-3.0693266235285885	2	2
pseudo_1784	0.44038496555217155	-5.615579239521345	5	5	0.3012414809297749	-0.912996752938156	3	3	0.45477022616253426	-3.1749644019108048	4	4	0.19003936926237697	4.026708810171244	1	1
pseudo_1785	0.3922510007845086	-8.809831599381889	5	5	0.39936763338904124	9.450238797902156	3	3	0.7756519971940762	0.41941311091589456	3	3	0.3154077823191145	-7.8888924832831435	2	2
pseudo_1786	0.36037427628796137	-6.005474428614316	5	5	0.8221864928668894	3.263645484972955	3	3	0.7284641122178674	-1.84044868923782	3	3	0.7094597418423237	-3.5328346998310103	3	3
pseudo_1787	0.057729333523543876	-8.598384980830822	5	5	0.08764085793030735	12.206953296797003	3	3	0.31728392579298303	3.4592281751045157	3	3	0.4172605263960294	-7.257223300236095	2	2
pseudo_1788	0.8373142500307263	-4.634539975727916	5	5	0.9497042377088097	7.980005053678639	4	4	0.28877919207998903	-3.6531143329838796	4	4	0.38133713658696033	-7.730486236794751	2	2
pseudo_1789	0.7415718370059923	-4.340646554100929	5	5	0.7746652364788146	5.990005458765758	4	4	0.6008935437190663	2.31437318760853	5	5	0.5519614374887956	-0.39421343494931865	3	3
pseudo_179	0.020294831131907512	1.8095231743409865	5	5	0.788441913558757	5.484958314335384	5	5	0.2232460931475705	-6.23416962812955	5	5	0.34323345256294346	-4.828102099149277	3	3
pseudo_1790	0.034385485287201804	-0.5313790855327273	5	5	0.672923790169198	5.2175930408593905	4	4	0.050465577606919935	-7.548205215870922	4	4	0.2427972606249884	-11.194538782350548	4	4
pseudo_1791	0.8616928661629792	-4.730813188180132	5	5	0.22890786491419102	16.907459435875456	5	5	0.6706787770101368	0.8684957618204606	4	4	0.20828126500143163	-11.213300077403764	4	4
pseudo_1792	0.8862042246935815	-5.00693808480541	5	5	0.6172346495985822	8.87584151979173	4	4	0.6641660577844778	-3.6047254643348214	4	4	0.5310975452440845	-10.047612890645	4	4
pseudo_1793	0.61426700126977	-4.975438179115211	5	5	0.5974132364292704	5.816173709984305	3	3	0.798622720395447	-0.6573542024135814	4	4	0.7094597418423237	-4.292351372142474	3	3
pseudo_1794	0.032827367564990495	1.9635920628748575	5	5	0.6278656504206138	8.757433722438297	5	5	0.14061359473214521	-7.9003545673654125	5	5	0.2926251990958356	-7.870946576055792	3	3
pseudo_1795	0.1994751898606384	-3.962732200892622	10	10	0.9648101306549031	10.240999703158074	8	8	0.47694064023004556	-10.457944889511209	8	8	0.5733759825644672	-12.103277717563033	6	6
pseudo_1796	0.4515238707559137	-1.6983573585924747	5	5	0.9883859983561083	2.604365895717875	4	4	0.3358826951734408	1.1050182933641406	4	4	0.5535320746884747	-0.05780000658599871	4	4
pseudo_1797	0.6677166954089558	-8.232894821174826	13	13	0.13247913503774153	18.46334832932833	11	11	0.8175177518291836	-3.486027862539426	11	11	0.2175217205176091	-16.96606232122869	8	8
pseudo_1798	0.6407436846922145	-9.275806054088008	5	5	0.5514797989099416	9.35380979990499	3	3	0.9958656745191315	-1.95082876376397	3	3	0.5175570596062204	-9.733475109326088	3	3
pseudo_1799	0.0069126056363695895	2.261292367467719	4	4	0.029359626166250995	-2.1898851445093714	4	4	0.4230172534115033	-4.646236774265744	4	4	0.2166806625969988	2.075138166165277	3	3
pseudo_18	0.7369487334939002	-8.342036344745283	9	9	0.7488674670848674	11.432059614304386	7	7	0.6864415815413036	-3.249213310267891	9	9	0.9027940367493382	-11.113922694091483	8	8
pseudo_180	0.1913329945721184	-0.7631590890340075	5	5	0.8347267372086834	2.2877778099317356	4	4	0.8194330960654139	-3.0925001205643237	4	4	0.9415243127734115	-3.864029405027806	4	4
pseudo_1800	0.4628204168662545	-2.768153824217633	5	5	0.903450076951705	0.4104443776370183	4	4	0.7779544356244734	-1.954054147030255	4	4	0.4925019824796658	2.625936918275124	3	3
pseudo_1801	0.5840030858686087	-5.909641468885144	5	5	0.2611538114013764	1.5889884200272615	3	3	0.5792814533070907	-0.5933012508673242	3	3	0.6804853578260546	-0.6107845227274407	3	3
pseudo_1802	0.07566422625291216	-9.606858808776318	5	5	0.07848289103050218	14.512408889244583	2	2	0.20546318262137153	5.18324356123482	2	2	0.3311433768670189	-7.757905853629997	2	2
pseudo_1803	0.9009649498567089	-7.7028834578592225	5	5	0.5974132364292704	8.418257362498201	3	3	0.6225390754569833	2.53323670771746	3	3	0.6332438286069103	-4.313761180400976	3	3
pseudo_1804	1.0	-4.049970135327056	5	5	0.06033453872877431	15.89699657118048	5	5	0.6925979407750555	2.093389703704639	5	5	0.09599764790504246	-8.75059479221575	4	4
pseudo_1805	0.07379140645959185	-8.248847200697648	4	4	0.09619657671947256	20.363918193505157	1	1	0.24453023961055553	8.941934458100326	1	1	0.5153352157599448	-7.0643545041624165	2	2
pseudo_1806	0.7089047823998422	-4.314512372472142	5	5	0.7231827651624472	6.31934160039697	4	4	0.9464706764702553	-2.500919376873849	4	4	0.7094597418423237	-3.231252460920244	3	3
pseudo_1807	0.955342515600996	-3.205907565340549	5	5	0.08497537455208815	-1.7280296474103232	4	4	0.6969736928599297	-3.0120100631068696	4	4	0.1638378521490712	3.258404734096134	3	3
pseudo_1808	0.2574551853476157	-2.3316394854997076	5	5	0.6943005178345667	6.6740475056368	4	4	0.2847293905213951	2.0127362555427766	4	4	0.45297213972518047	-3.2719888976332747	4	4
pseudo_1809	0.042518192681275754	-8.957390982122654	5	5	0.7561730665970722	1.7073147363256282	2	2	0.16738212281322284	3.212247848654613	2	2	0.3556819431722411	3.076192586708749	2	2
pseudo_181	0.8862042246935815	-0.10403814111273046	5	5	0.9516844289227376	5.538688595362612	5	5	0.5151110157611798	-5.083775316839061	5	5	0.6804853578260546	-4.233814996442368	3	3
pseudo_1810	0.8224693664194475	-7.890214117216395	10	10	0.4697653697295229	12.75756444677866	8	8	0.6316708353798925	-4.100424505837788	8	8	0.352007598927242	-7.773925244946962	5	5
pseudo_1811	0.0780209070831807	-9.330494809714699	10	10	0.7097393407706284	11.729700109744748	5	5	0.058133721890338344	11.211327382667514	9	9	0.07809829950297717	-4.455337562281538	7	7
pseudo_1812	0.1578257381490188	-8.762720770269596	5	5	0.03564192263660783	16.521060326751456	4	4	0.07899059001359438	5.002506558052967	3	3	0.3941938274343686	-10.43708686166725	4	4
pseudo_1813	0.0832483791338344	1.4744995624281467	4	4	0.45785602422965666	5.415799877194602	4	4	0.9821449763779504	-2.274891065729824	4	4	0.49475994090108255	-6.329118810796607	4	4
pseudo_1814	0.74627843135579	-2.389246789877626	5	5	0.9806445457560294	2.8875099961347317	4	4	0.5758235747734205	-5.71115546521274	4	4	0.955166061730401	-2.2826173251110324	2	2
pseudo_1815	0.5754851411470759	-5.127276728142872	5	5	0.4696963763709566	8.527913479188586	4	4	0.35366072005909566	-5.7063984483545385	3	3	0.25075941877699237	-10.91828770989434	2	2
pseudo_1816	0.8123153377268929	-8.80990372872437	10	10	0.4668737090231635	5.4934972790242425	7	7	0.9077098889080174	-3.331031297740013	8	8	0.7039684712138832	-4.00806430568374	6	6
pseudo_1817	0.9256399289237022	-4.977595030208383	5	5	1.0	5.081884474578748	3	3	0.49912279821596517	-1.147683840853278	4	4	0.8394225267808086	-3.9369640860931745	3	3
pseudo_1818	0.4294053276373695	-1.8560242201425172	5	5	0.014661224432913062	-2.270638705810869	4	4	0.1225380269514507	-9.012975041192464	4	4	0.29974760259795274	3.630107593518507	1	1
pseudo_1819	0.08039190187307756	1.5928523730923727	5	5	0.45140931243790294	5.99469829581458	5	5	0.6985005026879809	-5.703744134758455	5	5	0.7786563583951011	-3.1944219513269467	3	3
pseudo_182	0.3939749718232116	0.7462922743580999	5	5	0.6217376854373851	4.682317828404332	5	5	0.10241853510243842	-10.17485766445562	5	5	0.4289911441296608	-6.636180330182607	3	3
pseudo_1820	0.04613115143273332	-9.428616085685418	5	5	0.2336189252929014	9.892392228043903	3	3	0.0882397823587547	4.928815545660486	3	3	0.6639383217126111	-6.444780299266753	4	4
pseudo_1821	0.45152344155662627	-8.1099566800668	5	5	0.4249839944591046	7.188950306252984	3	3	0.5935435240401093	1.1327947407989074	3	3	0.8804963658850083	-3.623026612613644	3	3
pseudo_1822	0.19992775427065312	-1.372533351322619	5	5	0.6841331409824862	8.96302629093043	5	5	0.8448689858851215	-0.20276236385146373	5	5	0.817044721781739	-3.9276957002758466	4	4
pseudo_1823	0.37026036257979356	-7.421980111558803	5	5	0.5665967691266467	8.989674435605584	3	3	0.36452020844098143	3.420376957852101	3	3	0.7053890414270343	-6.6907243310917055	4	4
pseudo_1824	0.7415718370059923	-3.099894005923242	5	5	0.49387678589692796	6.7407964600602055	4	4	0.3588426240561221	-5.6543864435811395	4	4	0.15228742953988064	-8.641164786840811	3	3
pseudo_1825	0.3110922650686796	-8.697376744968981	10	10	0.5893417333610584	8.74303491075989	6	6	0.6390282494088326	-1.8544626861868956	6	6	0.8999135337047033	-7.027931802062174	5	5
pseudo_1826	0.41146385312081	-1.550512241104104	5	5	0.5377457390327564	9.174817992598873	4	4	0.7506416071664626	0.39867044852876	4	4	0.878910181463732	-7.6846367194179015	4	4
pseudo_1827	0.7228435456055322	-7.737222667534117	5	5	0.9194471539626119	5.012059487534792	3	3	0.6746957316109352	0.7080864167819918	3	3	0.8190412486246205	-3.4559602449314575	3	3
pseudo_1828	0.10045731932637995	-1.6116073501143033	5	5	0.8727853087933759	5.432002622710182	4	4	0.4656456161542012	-5.449282495500156	4	4	0.5175570596062204	-6.970678362916647	3	3
pseudo_1829	0.8519243171368087	-2.209130282232243	5	5	0.8957685370399441	2.900682259912697	4	4	0.3635503467204566	-6.143306924190182	4	4	0.48471335452336484	-3.7340703795000114	2	2
pseudo_183	0.7042798325092905	-4.297809199270007	5	5	0.9283718814052414	5.521193235184008	3	3	0.6004956853184097	3.0391722898981506	4	4	0.6476331680190908	-3.9902238662426526	4	4
pseudo_1830	0.7723739195140245	-2.186014274375976	4	4	0.6693837588445546	2.7056416917049275	3	3	0.4440394068409237	-3.6097186837322592	4	4	0.5685165379138545	-3.9223537823478476	2	2
pseudo_1831	0.3378467939575591	0.6637998080094163	4	4	0.5702361423665083	5.944489827251765	4	4	0.798622720395447	0.4307184643154991	4	4	0.7648948966991103	-4.121275411957572	4	4
pseudo_1832	0.7275105843794041	-2.4756338719649573	5	5	0.13632527675477643	-1.4801174823192038	4	4	0.11826171351849389	-9.64203967780657	4	4	0.8285892790746467	2.312602302615269	1	1
pseudo_1833	0.6230390885826944	-8.886703738437975	5	5	0.5514797989099416	8.900727017522074	3	3	0.39757659025278524	2.983483916693912	4	4	0.9635050030421082	-3.846098573803791	3	3
pseudo_1834	0.26272134136199177	-1.614780219276468	5	5	0.45785602422965666	5.41557163750866	4	4	0.8888466062536053	-2.8736015028934223	5	5	0.688695176818324	-6.7921359432358495	4	4
pseudo_1835	0.3194738233759382	0.6153008109193109	5	5	0.5106331544712213	8.629328951367334	5	5	0.4361658265106021	-6.060551422847506	5	5	0.3071050850930711	-9.910963299652472	4	4
pseudo_1836	0.4189939445186872	-8.488761485715804	10	10	0.43763406310558695	13.150213617473952	6	6	0.8829272486878731	-3.482431647974948	8	8	0.656180375039288	-17.2789940655325	8	8
pseudo_1837	0.6496740812387427	-2.0427173516549235	5	5	0.4519992407624175	1.603776677756344	4	4	0.9904417668017985	-3.8767116776530766	5	5	0.32341741148779524	-2.845131842870623	4	4
pseudo_1838	0.7914406265031029	-5.320870432380507	5	5	0.6036337845565438	9.01561341486349	4	4	0.256468616366342	-5.992929997571725	3	3	0.4681122442692611	-9.691829490236227	3	3
pseudo_1839	0.7842587434473092	-5.273324540640051	5	5	0.5974132364292704	5.943523661354125	3	3	0.9964287091043627	-1.927921260048075	4	4	0.9011617330967618	-6.467398828187157	3	3
pseudo_184	0.23712498471882115	-1.3357234994074867	5	5	0.415840207251994	12.952933533711695	5	5	0.8825741472514825	-2.380418864736795	4	4	0.6984798123940257	-14.172738084293952	5	5
pseudo_1840	0.8911203398203431	-5.05411524397963	5	5	0.7701690854235015	-0.07266139692522611	3	3	0.5105594943611125	0.7824395638335128	4	4	0.4289911441296608	2.6956256912117893	3	3
pseudo_1841	0.8960406439005002	-2.6514517509314355	5	5	0.7746652364788146	2.394078981384794	4	4	0.48782365639228853	-6.170147607796217	4	4	0.6804853578260546	-4.009691544548207	3	3
pseudo_1842	0.8911203398203431	-5.150481364163167	5	5	0.9283718814052414	5.483792938297796	3	3	0.5397394035103334	-0.7506327622690735	4	4	0.7987815134894407	-4.196027356724958	3	3
pseudo_1843	0.9355313379491793	-5.177371351299062	5	5	0.677587655461982	2.4626859227778954	3	3	0.2936145779911439	3.9939556894123864	5	5	0.2862174247796564	-0.07040425747310763	4	4
pseudo_1844	0.06460658832829641	1.650934728063918	5	5	0.43087725836532154	5.302631856268227	5	5	0.8511252879615737	-2.093090316286809	5	5	0.5764211116869509	-4.0754234508512495	4	4
pseudo_1845	0.47043816224845847	-4.164751936132242	5	5	0.507353458020152	2.170127008938214	3	3	0.3732000733807632	3.457918217579658	5	5	0.6395429335016928	-0.6664877909412356	4	4
pseudo_1846	0.4132375491351996	-8.20036499561732	5	5	0.8047480249577542	8.09419665122551	3	3	0.7598206814356091	2.5026347995880553	3	3	0.8804963658850083	-4.02030237725769	3	3
pseudo_1847	0.033859234518235665	2.2524771628687437	5	5	0.6526315947358508	5.449708505617434	5	5	0.6633704904091691	-5.788857220895056	5	5	0.9235804246070363	-7.217553009413714	4	4
pseudo_1848	0.2564086739553987	-8.50244920307024	10	10	0.048384328352392064	13.71093452419351	6	6	0.03954226431288268	9.248630078491928	8	8	0.9717146643188829	-8.598099515978168	8	8
pseudo_1849	0.2789640387466429	-6.808918528271245	5	5	0.7615923499947073	2.998394705353309	3	3	0.32696954693354785	1.170847774333687	4	4	0.35671135413869803	0.47648388453419876	3	3
pseudo_185	0.6904710477780982	-5.535683728799396	5	5	0.8804354453037812	5.232156707733399	4	4	0.3682965174663976	-3.1276191887325564	4	4	0.37266192245426943	-7.544693627282813	2	2
pseudo_1850	0.04785708845119854	-0.7276609185165528	5	5	0.9729049155392885	8.451714237339203	4	4	0.5625746608615911	-3.1736986632611432	5	5	0.4197266890205037	-10.744517505421653	4	4
pseudo_1851	0.8960406439005002	-5.363191496227249	5	5	0.3850997578772506	12.492449396893564	4	4	0.13636024950669254	7.24830903098649	5	5	0.6836432420740733	-7.48340413458737	5	5
pseudo_1852	0.09296250656627167	-7.947267090212328	5	5	0.1503502857369216	11.309972114202283	3	3	0.07267573908385268	10.053917227053569	4	4	0.5260529796097602	-2.3209262863602	3	3
pseudo_1853	0.8300298073252353	-2.6436378493252257	5	5	0.3904321706828199	10.063772405371305	4	4	0.45477022616253426	1.6067017544311402	4	4	0.9415243127734115	-7.390469412093631	4	4
pseudo_1854	0.847048385969405	-4.428436285149712	5	5	0.8423105224700136	8.82820194808833	4	4	0.6576786018960983	-4.315970359355026	4	4	0.2642592074011081	-8.62963394806453	2	2
pseudo_1855	0.1289361287081077	-4.295551211080052	10	10	0.7690839275456743	12.042119420722315	9	9	0.21819554889856696	-10.20846871934814	8	8	0.5915605071290666	-13.749615284377626	7	7
pseudo_1856	0.2548497556450918	-7.866589388577476	5	5	0.3931117311173792	8.451298810383328	3	3	0.17958217503329654	4.033602311834301	3	3	0.6614247079056851	-2.846437024169262	3	3
pseudo_1857	0.27621051294865073	-6.613072178524631	5	5	0.6693837588445546	-0.40203148071328815	3	3	0.7036062347341507	-2.1190950086464944	4	4	0.4172605263960294	2.821754042764022	2	2
pseudo_1858	0.6541583310256902	-5.948478024451297	5	5	0.9574340344660829	5.692062992077271	4	4	0.12472101659159095	4.641939111899245	4	4	0.3289781057064355	0.31715010421756834	4	4
pseudo_1859	0.6950628133357115	-4.331301102570805	5	5	0.3338667471178933	1.8661551070396427	3	3	0.8194330960654139	-0.534167055077892	4	4	0.4138911185318803	-0.23565816504530387	3	3
pseudo_186	0.39053197102033765	-6.156838896030297	5	5	0.13801011937475943	9.895710626437818	3	3	0.35366072005909566	1.1943898580971892	3	3	0.4214014545789403	-7.130061293960865	3	3
pseudo_1860	0.7986402246158328	-7.579664427604737	5	5	0.8309393614759716	5.914385527454757	3	3	0.29969435901239916	-5.1694314957907705	2	2	0.2782519087438283	-8.13240712049726	2	2
pseudo_1861	0.8960406439005002	-3.909844614431383	5	5	0.6943005178345667	5.78248732129413	4	4	0.7438604628886205	-3.523587340020455	4	4	0.5153352157599448	-3.851992445743624	2	2
pseudo_1862	0.26806140645512055	-8.550495483045035	5	5	0.24027844264499054	-1.9073402128526968	1	1	0.7359563356510126	-1.8492284794636902	2	2	0.99090804093377	0.0	1	1
pseudo_1863	0.13565463501961372	-0.641054853597706	10	10	0.4306969130220213	13.851664773393976	10	10	0.17810538127862563	-9.613445999083776	9	9	0.20151576733180399	-13.693334356719204	6	6
pseudo_1864	0.5712488369973434	-4.148384054867093	5	5	0.10808825834134261	-1.4696113773354031	3	3	0.3314067466445646	-3.977671433361319	4	4	0.4948097965728985	2.4974607765374035	2	2
pseudo_1865	0.4628204168662545	-8.736150440332958	5	5	0.4519761870989961	2.9289775764855435	2	2	0.5397394035103334	3.0608896865408277	4	4	0.1845371234138955	0.4743324124382591	3	3
pseudo_1866	0.2509759099739214	-9.35774641319279	5	5	0.8221864928668894	6.349795037273812	3	3	0.2689156316771262	3.6006914158893983	4	4	0.7887013088790334	-1.2934302905026376	3	3
pseudo_1867	0.8763853071710093	-5.3219265116450005	5	5	0.37470328733451075	2.024423171406554	3	3	0.45245010458482504	-3.351994230070213	3	3	0.9423761816144207	-2.4077804695519407	2	2
pseudo_1868	0.09296250656627167	-0.8777669127980432	5	5	0.5106331544712213	12.033685033483364	5	5	0.04080404384618355	-9.997737887862725	4	4	0.03363923748956193	-14.524134019345686	3	3
pseudo_1869	0.8089375724974595	-7.687841389525023	10	10	0.40955768857401087	8.675232360298756	8	8	0.8945109118515546	-3.6984863626592954	9	9	0.4596791423038682	-6.868107071726001	7	7
pseudo_187	0.24969404688894725	0.5389304010448486	5	5	0.8830127301173853	5.800351827224218	5	5	0.7952021408938005	-5.5953826002168725	5	5	0.7887013088790334	-3.8705640193919186	3	3
pseudo_1870	0.47812463629288693	-5.740960915953699	5	5	0.36421879560945103	9.0551989110677	4	4	0.4041442261193725	1.0596326544254746	3	3	0.8878180814342319	-7.382626129271707	4	4
pseudo_1871	0.98014390513037	-4.159598347139026	5	5	0.29237736694890715	9.55725831935551	4	4	0.41592216980286423	0.8226084868227868	3	3	0.5535320746884747	-8.047804214654969	4	4
pseudo_1872	0.2817361758931203	-6.186155204110484	5	5	0.41849150319104855	1.973305038604649	3	3	0.7995728485781043	0.19042519682569736	3	3	0.43665971493913525	-0.21163448020800738	3	3
pseudo_1873	0.17496464993954997	1.053426959012132	5	5	0.08188610499596402	0.0781319743799429	5	5	0.18892030551327021	-9.612913391951908	5	5	0.6709285657109667	-2.5385822073000517	3	3
pseudo_1874	0.6012120155842655	-2.39630489480061	5	5	0.6104174060852452	-0.4926644936756297	4	4	0.9964287091043627	-2.399595555444797	4	4	0.4289911441296608	2.5143357166090494	3	3
pseudo_1875	0.16151981704370721	-8.149434376466045	5	5	0.26115331250660523	10.340406320423211	3	3	0.2042624966287382	3.3520708144739544	3	3	0.6147441967062266	-5.41707603156949	3	3
pseudo_1876	0.014725018693169495	2.3750764057105753	5	5	0.06397226570361349	2.0807367712471874	5	5	0.014370615043588773	-10.203865809124807	5	5	0.18244868960351712	-16.87464041497443	1	1
pseudo_1877	0.6230390885826944	-5.1405209284864535	5	5	0.9016292194903456	2.9281385224004555	3	3	0.4601899462147556	1.1361251882823133	4	4	0.6804041513254775	-3.2468924963748846	4	4
pseudo_1878	0.23960233878514536	0.7547491765163027	5	5	0.9447925407247523	9.609127286194571	5	5	0.21134053429281063	-10.029303698538723	5	5	0.13442875120864137	-10.85731874413518	3	3
pseudo_1879	0.4781244693117621	-8.649708351684232	5	5	0.1216599923465402	14.495613942055186	4	4	0.12253772432859611	6.996971167990876	4	4	0.7391980954133379	-6.201530718705431	4	4
pseudo_188	0.10438131271029306	-9.637541005276205	5	5	0.36603280988594333	-1.1081480208548697	2	2	0.17219990294388032	3.5495792961474675	4	4	0.15228742953988064	3.408241543169622	3	3
pseudo_1880	0.42217479359723453	-5.798582420375652	5	5	0.1312925199973621	13.042925106498366	4	4	0.6004956853184097	1.0040357542239768	4	4	0.3941938274343686	-10.895018293951845	4	4
pseudo_1881	0.5135480946038464	-6.309851037390209	5	5	0.38691557268187815	-0.28235064661411285	3	3	0.042096474904836416	8.387824646875403	5	5	0.05276161903873696	4.205548316441637	5	5
pseudo_1882	0.6274453802906375	-0.2586205068935614	5	5	0.9310216668684299	8.649567161279796	5	5	0.24522073349116424	-10.05197496306615	5	5	0.3918404758014934	-8.777661672132686	3	3
pseudo_1883	0.06282684818766202	-0.5365285391285174	5	5	0.21578996344797174	3.973365201715012	5	5	0.6518184203572904	0.49863949141364783	5	5	0.07186100708248368	0.9585480099360287	4	4
pseudo_1884	0.9503866528655234	-2.473088684231631	5	5	0.3151863565729124	11.06627627948501	4	4	0.32790288716383886	1.217439201334619	5	5	0.7512877248197642	-11.237539316428984	5	5
pseudo_1885	0.4761964384424321	-8.37256922176404	5	5	0.5768447830096883	11.979390884728936	4	4	0.3541734121999779	3.57351111518412	4	4	0.5607347604558015	-4.392360805767509	3	3
pseudo_1886	0.2300341486961568	-8.443027771169989	10	10	0.1517655500372341	18.335057495306497	7	7	0.4516456529795041	3.9243625896943315	6	6	0.33838473799398416	-17.564055490019374	8	8
pseudo_1887	0.6318649979916482	-2.1083681309993767	5	5	0.7014815199726457	1.9400472098972228	4	4	0.9585985949330501	-3.1852591887223336	5	5	0.3918404758014934	0.7973845621985344	3	3
pseudo_1888	0.8812924851140853	-5.335241617846903	5	5	0.9806445457560294	8.443938807677524	4	4	0.971330786337283	3.423486791495358	5	5	0.60558535708291	-6.644346356973215	3	3
pseudo_1889	0.9751813225782274	-4.5095275969915	5	5	0.20820795672357084	-1.311803142216906	3	3	0.8013696910045166	-3.0620055925577567	5	5	0.11823409095379275	2.7206582082169923	3	3
pseudo_189	0.9157600014047256	-5.601360693013305	5	5	0.4877699208270171	8.611264522862932	4	4	0.39757659025278524	3.3552429591282724	4	4	0.8522827053771316	-3.69197931798098	4	4
pseudo_1890	0.12432614155987437	-8.305314244463164	5	5	0.04612568081867642	15.463871119782057	4	4	0.1425388594612193	4.443548223147765	3	3	0.34028424261055945	-10.297375291204386	4	4
pseudo_1891	0.030844207334068303	-9.541767219293716	5	5	0.01669242739104109	16.383177824025896	3	3	0.3178363582060162	4.999333499815898	2	2	0.09818032246539218	-10.9782589095878	3	3
pseudo_1892	0.24969359772374422	-4.317481108244344	5	5	0.6104174060852452	5.453094102853217	4	4	0.04276293823169553	-7.4385987971966285	3	3	0.4454669683385002	-7.483120771386595	2	2
pseudo_1893	0.9950354958272145	-4.791148247865892	5	5	0.5145769424974942	5.941525162941584	3	3	0.48222627376299954	3.525830341192202	4	4	0.9235804246070363	-4.070464293764026	4	4
pseudo_1894	0.6722189809544157	-2.0524217607009736	5	5	0.6800207786730932	6.612845374875122	4	4	0.3827646051793058	-3.4801435135650123	4	4	0.22078184064092532	-8.141188311514052	4	4
pseudo_1895	0.4897819357414237	-2.203616511086139	5	5	0.20191296009398296	1.506714046636669	4	4	0.48782365639228853	-3.652257031192244	4	4	0.5784813256465693	-0.6004367122584154	3	3
pseudo_1896	0.20655645910559273	-1.6820728612407807	5	5	0.9516844289227376	8.33852620104495	5	5	0.6925979407750555	-2.610118083906641	5	5	0.9864941527484754	-5.933741358607654	4	4
pseudo_1897	0.985107256241497	-5.180775822036315	5	5	0.41849150319104855	1.7646016896072385	3	3	0.10931182552550861	7.114075979463821	5	5	0.04802880718283165	0.6027269270625322	5	5
pseudo_1898	0.5754855034778059	-7.848326782700492	5	5	0.016313574248129202	16.24301982371357	4	4	0.8317583981187536	0.4548653390820662	3	3	0.02582473662789505	-14.449135351569995	4	4
pseudo_1899	0.8373142500307263	-5.142231608836817	5	5	0.3510034941306043	-0.8346646446985471	3	3	0.14277817223095796	6.94584328695261	5	5	0.16962346543244589	3.4586139115035706	5	5
pseudo_19	0.5175666850027655	-4.124447378781343	5	5	0.5250149269295951	9.771934967091974	4	4	0.19697209428334383	-6.401249643645347	3	3	0.0932325967168777	-12.985821944323538	2	2
pseudo_190	0.98014390513037	-3.8035654682230793	5	5	0.37728662746297414	15.8120123649906	5	5	0.29699475554000754	-9.297987675650887	4	4	0.01423824534204148	-15.127399429030996	3	3
pseudo_1900	0.8616929960378168	-5.264541713993352	5	5	0.8134556994139727	3.0042581299323796	3	3	0.3047663570467434	3.952718463061574	5	5	0.4132539817107965	-2.948241311872401	4	4
pseudo_1901	0.06238820397752619	-9.496053219960311	5	5	0.04303662157827575	16.291724034168094	4	4	0.04129541135585963	10.991764332866005	5	5	0.9398468559190641	-10.681151002528727	5	5
pseudo_1902	0.9157599217929545	-8.215787602449547	5	5	0.2325801199189429	-1.4681517453569244	2	2	0.12518599955160817	-6.1062794666949305	2	2	0.99090804093377	1.4661763482706442	1	1
pseudo_1903	0.4189939445186872	-9.372390486370486	10	10	0.8778755382242367	5.686898635404446	6	6	0.8377027987517286	-3.2861321077584296	7	7	0.9959860008988071	-4.708994492208685	5	5
pseudo_1904	0.4897819357414237	-9.021854288043338	5	5	0.892738233639482	5.461592713741808	3	3	0.6446800677098474	0.4857236222281894	3	3	0.8534448419467351	-2.59976396688885	2	2
pseudo_1905	0.14744853692651627	-9.514516523839712	10	10	0.2716348212096271	15.46401646953027	5	5	0.8263990297566124	0.2211382202770286	4	4	0.30713265650147925	-13.828458475422062	5	5
pseudo_1906	0.817921935509101	-5.309186381757385	5	5	0.018850892845475822	-2.6708324396578185	3	3	0.5221317094495321	-3.3765305828590115	4	4	0.061297525930515157	4.063951187011536	2	2
pseudo_1907	0.8960406439005002	-2.563159864830284	5	5	0.0252961563295543	-2.210879018062712	4	4	0.43345462974023785	-5.820403491558473	4	4	0.03751061989748122	4.537289885160755	2	2
pseudo_1908	0.26324795994619443	-6.126470884562353	4	4	0.798484975127361	4.932300929636546	2	2	0.06433624778122533	5.24367576267993	3	3	0.11823409095379275	0.9689939506065167	3	3
pseudo_1909	0.37025990864181413	-7.591733196554313	5	5	0.1568276462516408	9.498479252409048	3	3	0.14329224692441664	6.012072325611122	4	4	0.6721515770417354	-4.805946824219057	4	4
pseudo_191	0.2072134950705279	-9.155352148599226	10	10	0.40111752317354443	12.988890836523547	5	5	0.8757550706449134	2.7009763164022673	6	6	0.47810975885861406	-13.716971240086686	5	5
pseudo_1910	0.6904710477780982	-4.091887270052982	5	5	0.91053256242075	3.4723996662437653	3	3	0.5104949295562309	-5.200515653439132	3	3	0.4948097965728985	-7.852822678501065	2	2
pseudo_1911	0.9256399289237022	-7.667391802165004	5	5	0.8956928218066482	4.212617927502557	2	2	0.8156267376286725	-2.626368132752997	3	3	0.9168442200344347	-6.038869084416746	2	2
pseudo_1912	0.8568059146997855	-5.113207011511497	5	5	0.507353458020152	1.9864901803355337	3	3	0.32696954693354785	-3.7178503801106504	4	4	0.878714669839499	-2.314617671215895	2	2
pseudo_1913	0.19345575949831506	0.6896476402978173	5	5	0.5795920272960879	5.968348897671764	5	5	0.06447578159112345	-9.192070713800677	5	5	0.056979340267340264	-13.702066585156933	2	2
pseudo_1914	0.49370142053879584	-8.71364627533576	5	5	0.15795551721759393	15.306488224402914	4	4	0.29699475554000754	3.372700617562511	4	4	0.3518363522262342	-10.06219311731278	4	4
pseudo_1915	0.36365107203172253	-1.9422588245996806	5	5	0.7821075202761589	5.193398715874728	4	4	0.5163287936122332	-3.6997869793519746	4	4	0.6557652389588101	-7.321926220846938	4	4
pseudo_1916	0.7938386632402035	-5.2047978927620795	5	5	0.8485071080769009	2.7526056167495505	3	3	0.5576394469238445	0.9673628109721415	4	4	0.6721515770417354	-2.8587825832209184	4	4
pseudo_1917	0.5465495520507233	-5.093783672433541	4	4	0.3305872474676157	-1.187894284616366	2	2	0.7129508910566227	0.47342951062575206	3	3	0.04215633667012352	4.509749717841424	2	2
pseudo_1918	0.38169159993735546	0.13245996636341895	4	4	0.512440202821652	3.338168114747615	4	4	0.6383719837888497	-2.5165653979514686	4	4	0.7586785504415519	-0.6796293629629174	3	3
pseudo_1919	0.23712498471882115	-1.6218531873569761	5	5	0.8625579054899102	8.652148659284533	5	5	0.8511252879615737	-0.10022450219029781	5	5	0.8522827053771316	-3.811700675372928	4	4
pseudo_192	0.49763763251056903	-1.555575596937092	5	5	0.9651678359385234	6.015076099917242	4	4	0.4387286754574321	-5.870323137428361	4	4	0.5784813256465693	-7.594054151096278	3	3
pseudo_1920	0.6767645236282662	-2.6372403760669747	5	5	0.9342595588314601	3.187795858450039	4	4	0.6004956853184097	-1.35059213688866	4	4	0.40646057631660515	0.4224336425391127	3	3
pseudo_1921	0.4967496336347845	-7.788961910728148	4	4	0.3960328539241198	9.8024299651135	2	2	0.9037800002267102	0.10162889820106802	2	2	0.980777192385471	-6.337060342172087	2	2
pseudo_1922	0.33795838536770506	-1.38709496492519	5	5	0.8499089627900175	6.002431804666166	4	4	0.6691768983492189	-3.0901794297120158	5	5	0.6557652389588101	-7.616749763768378	4	4
pseudo_1923	0.09790729208426303	-9.90335469549143	5	5	0.4651552936864265	9.201484908453812	3	3	0.22857628278722897	3.784711646023371	4	4	0.7487488115809312	-3.428899478216979	3	3
pseudo_1924	0.9046342505700754	-9.531288359824984	10	10	0.6997819564693879	16.069106944146835	7	7	0.9117660956297415	-3.559762005588475	7	7	0.9671352966487564	-11.758892506989136	6	6
pseudo_1925	0.4330469793002376	-8.42662695820139	5	5	0.4651552936864265	9.090554324068775	3	3	0.5880998233376855	3.6092891852663853	4	4	0.5764211116869509	-7.4135906154989755	4	4
pseudo_1926	0.02097646635250817	-8.90891367399673	5	5	0.18323400854379035	17.09274160270714	1	1	0.015091105363896028	9.91151557165671	3	3	0.3236353498215411	0.5309772272985755	3	3
pseudo_1927	0.960300105419759	-5.4607771050186384	5	5	0.7445274219063759	2.2165163179654868	3	3	0.6903642313594627	0.34542772162876706	4	4	0.4925019824796658	0.012778209495236226	3	3
pseudo_1928	0.7604543780633822	-5.224864214667895	5	5	0.16693690526692273	-1.488027963116495	3	3	0.03330352775516207	7.331480787678168	5	5	0.00592570241970808	4.506676781658077	5	5
pseudo_1929	0.7275105843794041	-7.635228752723407	5	5	0.7874061650589533	4.711897552064125	3	3	0.5516407814164297	2.6686170761484997	4	4	0.4925019824796658	0.015236418552139716	3	3
pseudo_193	0.7557199102954437	-5.44487805779671	5	5	0.041967786207896915	-2.0284429988514145	3	3	0.67721633403525	-0.9743611355323075	4	4	0.09818032246539218	3.5155979237001795	3	3
pseudo_1930	0.3348308241257887	0.31645751064800126	5	5	0.8761850874286778	5.263861349747021	5	5	0.6346465925843745	-5.409801698233385	5	5	0.7686482492938345	-3.759016241502716	3	3
pseudo_1931	0.5754855034778059	-5.002000477311185	5	5	0.9111406646498671	7.846211116631996	4	4	0.4361658265106021	3.558266789484554	5	5	0.2862174247796564	-2.6333819037234334	4	4
pseudo_1932	0.6950625385894447	-7.557144315058046	5	5	0.5291826553376806	8.412403372721352	3	3	0.7284641122178674	-0.9130998335653686	3	3	0.20732758451294953	-8.3308604148382	2	2
pseudo_1933	0.98014390513037	-5.1015012192538896	5	5	0.5896379677157835	2.2592604866564785	3	3	0.9750049698387973	0.1154368281278318	4	4	0.8088953673293188	-0.7214242835383852	3	3
pseudo_1934	1.0	-4.984348448171181	5	5	0.38691557268187815	2.300418569855232	3	3	0.9038090250597768	-3.010999783552981	4	4	0.7058159981702965	-1.3589312578553012	2	2
pseudo_1935	0.7228432935367751	-4.563643086403528	5	5	0.09605370882404951	13.125473114907692	4	4	0.22173097649935758	4.1741500966503144	4	4	0.5427036916919705	-11.316432222463531	5	5
pseudo_1936	0.10571603577953666	-8.213699788814475	5	5	0.44481100323205125	5.9804306401046645	3	3	0.7362631011606913	-2.732616571162365	3	3	0.36411005091594517	-7.751761136793652	2	2
pseudo_1937	0.8763853071710093	-5.45745369048894	5	5	0.43595885330958273	15.614625974622745	5	5	0.5935435240401093	0.7509102552347108	3	3	0.4718897570213032	-13.293131274259636	5	5
pseudo_1938	0.5075898166989321	-5.10421606620083	8	8	0.15954408894265537	1.1950137247331345	6	6	0.36282531765281345	4.598488939421163	7	7	0.04848692979778571	0.7994374540185397	7	7
pseudo_1939	0.17299441075842537	-9.415116463322656	5	5	0.5482932847203043	-0.7584385956192561	2	2	0.010720250532964758	10.897939614564306	5	5	0.006901669268494373	4.3242600110907015	5	5
pseudo_194	0.5420154395027266	-1.6530715341311062	5	5	0.6588167803021429	9.111655407402198	4	4	0.7222903921249051	-2.384688426752065	5	5	0.5765566920195713	-16.081646504748278	5	5
pseudo_1940	0.7938386632402035	-8.62232884029906	5	5	0.653094606225717	5.2657814956512	3	3	0.41000805808292884	-3.582759879940849	3	3	0.980777192385471	-6.323967848512398	2	2
pseudo_1941	0.44779330363481895	-4.659218356091897	5	5	0.5377457390327564	4.755501775062482	4	4	0.7848272159006097	-0.18833012460553852	4	4	0.7735198011655687	-3.5343813676783378	4	4
pseudo_1942	0.26272134136199177	-1.351086151056603	5	5	0.2391120689235039	13.708522586719974	5	5	0.7779544356244734	-0.2118435979883455	4	4	0.2292214823280111	-11.894848321034123	5	5
pseudo_1943	0.01836454950260253	1.8467691721600659	5	5	0.23567560908473884	1.389268517925774	5	5	0.9141402244253657	-5.7109164575985005	5	5	0.6614247079056851	-0.22668699574041362	3	3
pseudo_1944	0.6452024868246745	-3.4079068020747827	5	5	0.672923790169198	3.9775086751030053	4	4	0.45041425138240143	-2.0447201356153517	5	5	0.5764211116869509	-3.4473142116536883	4	4
pseudo_1945	0.7557199102954437	-4.31173033836301	5	5	0.9574340344660829	5.7069312376409025	4	4	0.5942829781129257	-3.016534903127661	4	4	0.8292175195021274	-3.375397544286321	3	3
pseudo_1946	0.9925533009770748	-2.8673334030175606	5	5	0.1769107779615714	14.48739939944511	5	5	0.6120545027664299	1.6357551977932827	5	5	0.33660888689444723	-11.739407583572186	5	5
pseudo_1947	0.38710731583902636	-8.289104390288527	5	5	0.36603280988594333	-1.1325084386028381	2	2	0.2084836405972329	5.87428045111254	4	4	0.3817877693051497	2.929591698762659	4	4
pseudo_1948	0.09665181468383482	-0.5441254191740618	5	5	0.37728662746297414	5.485934401680157	5	5	0.14086101334174347	-7.158710815682984	4	4	0.9115204920746716	-3.450419621896861	3	3
pseudo_1949	0.554452264693946	-7.516186441257788	5	5	0.24355865581993785	9.676120201202288	2	2	0.6979323533727426	-0.47612937913185993	2	2	0.15053584357754385	-8.580990105954383	2	2
pseudo_195	0.6541583310256902	-4.872226820752332	5	5	0.04107589707243642	13.873277126223703	4	4	0.9380472236412319	-0.5693564649332524	3	3	0.046387853665761904	-12.480241841025062	4	4
pseudo_1950	0.6186462527579903	-1.9787337666602305	5	5	0.5274624956041833	12.3027867926585	5	5	0.29699475554000754	-6.19311238858439	4	4	0.22941028857035817	-14.07168798571916	4	4
pseudo_1951	0.5797369576182958	-1.8492173228074933	5	5	0.8347267372086834	5.405250978328261	4	4	0.9535992486735396	-2.6914534925132543	4	4	0.688695176818324	-6.59634391526292	4	4
pseudo_1952	0.3803131772306615	-1.4219079871875049	5	5	0.2879520565294309	-0.9991985330619274	4	4	0.8636656601704531	-4.182742612411898	5	5	0.7686482492938345	1.5686998836892634	3	3
pseudo_1953	0.7368748901163954	-1.8807348309606875	5	5	0.4566274921286423	8.829230012982705	5	5	0.7706633005902199	-3.4524143980847657	5	5	0.9530885481507942	-3.693283926823413	3	3
pseudo_1954	0.9281117368781927	-8.600931754067314	5	5	0.26650522510487673	15.712271074195678	4	4	0.7710989824253502	3.5090021726532075	4	4	0.14857830267706668	-10.632009427162707	3	3
pseudo_1955	0.2527755402684275	-9.70070711568045	10	10	0.840742523982736	12.976373320612739	6	6	0.887231504678854	-3.3789337132432844	6	6	0.9478549671208554	-11.159115781864587	5	5
pseudo_1956	0.3026830004635699	-5.272417079247703	9	9	0.8682099787703641	16.43312462920389	9	9	0.789992573667187	-9.432802713847776	8	8	0.49636183583032656	-14.33159157998233	7	7
pseudo_1957	0.7176462016987486	-9.316377814442212	10	10	0.6963314566519258	15.352946320270581	8	8	0.7907973093720838	-3.345176257735753	7	7	0.9890423268425764	-13.765582264247115	6	6
pseudo_1958	0.4257811029422248	-5.5664798850652595	5	5	0.9283718814052414	2.767413005718892	3	3	0.6975555073053217	-1.3447614709801952	3	3	0.4214014545789403	-2.5415117132496827	3	3
pseudo_1959	0.16718323527743417	-9.186776687117826	5	5	0.7878459827902118	8.652727475542477	2	2	0.9746215402664824	-0.03729818776081295	2	2	0.5611314780135968	-7.637619535659927	1	1
pseudo_196	0.7275105843794041	-2.476120216362357	5	5	0.6800210896350422	5.344227064143516	4	4	0.16664249186409763	-7.991692614903944	4	4	0.1888997225385911	-8.94135343280603	3	3
pseudo_1960	0.10571590343990923	-1.3716447197183086	5	5	0.8575212245480454	5.492822488447149	4	4	0.3403969783522681	-3.6941770259486755	4	4	0.41389035145192543	-4.644943242430762	3	3
pseudo_1961	0.955342515600996	-5.453720031806771	5	5	0.45153543260689877	1.9460151052977004	3	3	0.8723843646795518	0.1355536750413965	3	3	0.5091327089768307	-0.2392160686853598	3	3
pseudo_1962	0.5420154395027266	-5.2734133019222975	5	5	0.5636638095829386	9.64190675735612	4	4	0.989286413498075	-1.8623186498588253	4	4	0.37051796582340224	-7.343306030444896	3	3
pseudo_1963	0.7089047823998422	-2.985003822765385	5	5	0.7746652364788146	3.2604083728287203	4	4	0.8762404736150807	-1.696902035912374	5	5	0.7786563583951011	-0.7921387873701106	3	3
pseudo_1964	0.2351484267902666	-5.770690089427444	10	10	0.898433499076343	13.189151453722184	9	9	0.9875009335466536	-2.2630054832488717	8	8	0.9215400369150124	-11.124508145057248	8	8
pseudo_1965	0.8960406439005002	-5.607239400095022	5	5	0.32827648480074934	1.748117775502621	3	3	0.8511252879615737	-3.3598595355920646	5	5	0.7887013088790334	-1.282383614660614	3	3
pseudo_1966	0.9603000677918672	-7.751749905585551	5	5	0.8196058656511735	12.249607677734565	4	4	0.9298069406183828	-1.4039156832184834	3	3	0.14857830267706668	-9.066015427715044	3	3
pseudo_1967	0.49429906501350174	-7.7890711393370795	15	15	0.7650763620503487	13.49607024777893	12	12	0.28514879415120475	-9.757664245881816	11	11	0.5266068269427827	-15.055688884027262	9	9
pseudo_1968	0.22264074911562604	-8.504388792649648	5	5	0.6047954004988128	-0.06828256233500296	2	2	0.6152326740513576	0.9087755652759855	3	3	0.27119373272877434	3.250681154089113	2	2
pseudo_1969	0.4897819357414237	-3.918361792194306	5	5	0.596884254848404	4.221881867350535	4	4	0.868463342257283	-4.340709490348588	4	4	0.9935918463631742	-2.359785077156611	2	2
pseudo_197	0.8276049544731802	-2.516205897828922	5	5	0.23452571316212845	1.9266711807159147	4	4	0.029943065552594936	-10.575706129307656	4	4	0.4869832511686737	-7.855586085056047	1	1
pseudo_1970	0.7135404879890894	-2.389453555926551	5	5	0.26235129091812437	1.5773741375291603	4	4	0.6120545027664299	2.9871793984254236	5	5	0.45958463067540034	-0.24549219931738264	5	5
pseudo_1971	0.48199305045771124	-7.998488357836691	5	5	0.1148059094577314	15.730098018439891	4	4	0.6606520043201941	-4.188509556538246	2	2	0.06819899338319785	-13.482734125188932	3	3
pseudo_1972	0.6950628133357115	-2.39658355791367	5	5	0.8196058656511735	5.703875947252702	4	4	0.50482407658825	0.7816458862176289	4	4	0.7562990515506363	-3.6186452677119534	4	4
pseudo_1973	0.3803131772306615	-4.870309205152359	5	5	0.5514797989099416	2.1114499246936806	3	3	0.7836032176321913	0.25949387799646373	3	3	0.5432560717039489	-0.2806965723174522	3	3
pseudo_1974	0.0033828617149205082	2.6398417685755837	5	5	0.044624148358909065	-1.7767817758370104	5	5	0.399465548314375	-4.874584931093794	5	5	0.43949885675382794	2.86500505066738	4	4
pseudo_1975	0.5338022520969425	-4.626042300291844	5	5	0.2708118684024159	-1.007137210214862	3	3	0.18639598824930137	-6.513839463235205	3	3	0.775733637906725	2.393497348452521	1	1
pseudo_1976	0.6496740812387427	-5.52417485037028	5	5	0.9111406646498671	5.552554699056174	4	4	0.022306987888716774	-10.022810389282524	3	3	0.20591386492251962	-16.576476965602456	1	1
pseudo_1977	0.7181867944064708	-4.699159877619514	5	5	0.3850997578772506	4.682846447716483	4	4	0.2881292363811433	-6.21412416935003	3	3	0.5469320728860858	-7.1367326531481545	2	2
pseudo_1978	0.9355313379491793	-2.501274640499894	5	5	0.7097396211666542	4.967654842194367	5	5	0.8075496453699167	-3.575632267025395	5	5	0.6425810567694524	-0.9633798550749043	3	3
pseudo_1979	0.12896410023531185	-8.67393332189546	5	5	0.8295437955566722	-0.30284180733357147	1	1	0.07723887507115136	6.672958097438933	3	3	0.13786449136871085	3.3363558231108605	3	3
pseudo_198	0.7991715554831289	-1.9562107887866116	4	4	0.7530448034391494	2.7750188122321506	3	3	0.1665129310055834	-6.565627751761944	3	3	0.28925131733010245	-9.108335584468737	1	1
pseudo_1980	0.5968883568744728	-2.2649164740756764	5	5	0.5834893063227444	2.7328353929578797	4	4	0.5734018581617215	-3.7362154023182215	5	5	0.9935918463631742	-1.8404836611331734	2	2
pseudo_1981	0.04512110219409047	1.7702842487804904	5	5	0.04022217841504774	-2.056875117983994	5	5	0.14718393734540033	-9.365997303564681	5	5	0.6820940333450014	2.208024087015688	2	2
pseudo_1982	0.8276047935096008	-5.249405512716181	5	5	0.628969833060491	2.399339470144371	3	3	0.5163287936122332	-3.2515687096917527	4	4	0.9168442200344347	-2.591568252091115	2	2
pseudo_1983	0.5297193655755803	-6.99325290597069	5	5	0.7275870029403386	5.241269810181588	3	3	0.1958196285820677	3.2994034833214534	4	4	0.4289911441296608	-0.32122271011322684	3	3
pseudo_1984	0.06023339710496451	1.483454078983459	5	5	0.31118148106884724	2.015330971919352	5	5	0.1732929423706987	-9.699580807872051	5	5	0.9679674970160776	-1.986110733279928	2	2
pseudo_1985	0.8665853779004002	-5.795478511491758	5	5	0.09857690806943278	-1.5227370551321606	3	3	0.9298069406183828	-2.669470526074459	3	3	0.12902536420512914	3.9365688720709775	2	2
pseudo_1986	0.505559506009116	-9.081318659780834	5	5	0.5391360258797878	3.239808801526948	2	2	0.08165726827651298	7.073477653456487	4	4	0.2862174247796564	0.28715945947492144	4	4
pseudo_1987	0.6676856230790653	-5.19966746993341	5	5	0.10564488205225205	-1.5651548292824888	3	3	0.9750049698387973	-0.09640222644222878	4	4	0.1449385642288321	3.4274780194141954	3	3
pseudo_1988	0.19795319718178872	-9.285909040678796	10	10	0.6104174060852452	5.255869725313065	4	4	0.45802736830956814	3.9272691316591817	7	7	0.5609720713096912	-7.067093161539842	6	6
pseudo_1989	0.9355313379491793	-2.979367570115684	5	5	0.624085036583969	9.55874496744889	4	4	0.21723465421954835	4.43576768463607	5	5	0.6113740096888745	-7.319917589123079	5	5
pseudo_199	0.7620494003233615	-8.620271767941318	10	10	0.6178668782157548	12.295177408890945	8	8	0.6606264697933342	-3.2426426574907654	9	9	0.9799320361226214	-8.027602868367902	5	5
pseudo_1990	0.05147187008472237	1.9754173326855664	5	5	0.9585799326911743	6.522272576469437	5	5	0.2936145779911439	-7.849109471406227	5	5	0.30179087500327006	-8.067946137317481	4	4
pseudo_1991	0.14383086491826208	-0.8405082049057779	10	10	0.16030538454030663	10.573365172070153	9	9	0.9085095568246692	-5.116769660883168	9	9	0.17407777698577365	-11.114512994975357	8	8
pseudo_1992	0.8089375724974595	-9.52304526617158	10	10	0.6714096626456861	13.195903613760748	8	8	0.3718806530949501	-3.795197609730717	8	8	0.3769433738728323	-11.633669986136814	6	6
pseudo_1993	0.7160189646752173	-5.018810814070535	10	10	0.8581758885375224	12.89422076413228	9	9	0.07773533751460639	-10.040080054736613	8	8	0.12288769372476827	-17.75789460375847	6	6
pseudo_1994	0.6836046382795262	-4.874417633132875	5	5	0.2708118684024159	-1.0726590474252287	3	3	0.798622720395447	-0.13654855400355545	4	4	0.13786449136871085	3.366409695110035	3	3
pseudo_1995	0.0991757653290547	-9.589500499415946	5	5	0.5121321387234671	-0.8608250398331165	2	2	0.9949234861573844	-3.2839449667299463	2	2	0.13549271670428376	4.311229436431842	1	1
pseudo_1996	0.1652791369335106	-9.072079794759153	5	5	0.5121321387234671	5.124595988461504	2	2	0.6241952999869537	1.2047744625085786	2	2	0.980777192385471	-2.34856205157316	2	2
pseudo_1997	0.35065553994885756	-8.63167711135588	5	5	0.4249839944591046	8.934774504222565	3	3	0.31821145577477083	5.790539864004678	4	4	0.9235804246070363	-4.571310376934032	4	4
pseudo_1998	0.277038271384653	-4.964183450652814	10	10	0.5723580284334493	15.354789948669941	10	10	0.9835436531127382	-3.1488547080624323	9	9	0.5363231328379099	-14.04259085859556	9	9
pseudo_1999	0.960300105419759	-0.25156605449501807	5	5	0.98618779371086	6.039391927859486	5	5	0.25843819635019893	-8.625403026342571	5	5	0.5175570596062204	-7.582422211623317	3	3
pseudo_2	0.007189058602302707	1.7646404529014579	5	5	0.47783572183374823	5.27037566125042	5	5	0.2652288909340521	-8.470473677918925	5	5	0.7290153128961694	-4.766888676693561	3	3
pseudo_20	0.851924178297306	-4.518847128076904	5	5	0.9961285445921516	5.842684211415097	4	4	0.3325625828659813	-5.697512236005839	3	3	0.3556819431722411	-7.699252728081314	2	2
pseudo_200	0.013041748093807624	-9.22538541141509	5	5			0	0	0.09160932949748564	11.571761087970991	1	1	0.1184860370986868	4.470208102289695	1	1
pseudo_2000	0.47812463629288693	-1.1133207110423184	5	5	0.7451089369951867	2.5352036128899123	4	4	0.059513461246001556	-9.285187932412585	4	4	0.14156250123272146	-17.285537681913482	1	1
pseudo_2001	0.9256399289237022	-2.265726139177877	5	5	0.6943005178345667	6.16041920326153	4	4	0.5306982190825432	1.0330936597340397	5	5	0.5697070433198184	-6.83043372771332	5	5
pseudo_2002	0.12280962196639651	-8.089894881932347	5	5	0.2910895759893418	8.991630383508536	2	2	0.02218300767786763	8.914919463321716	4	4	0.2002364705359594	0.5733327726045415	4	4
pseudo_2003	0.05691412211910103	-1.175740749743456	5	5	0.2053641620752208	1.5801319096372044	4	4	0.08010070669894045	-6.955495736671327	4	4	0.9168442200344347	-2.51001680743582	2	2
pseudo_2004	0.6186462527579903	-5.275698139608607	5	5	0.8575213695682062	5.9323637085980065	4	4	0.9298069406183828	-2.4321064276813256	3	3	0.7192145505606329	-3.047990300718729	3	3
pseudo_2005	0.5968883568744728	-1.6245760560143856	5	5	0.9379047822859787	11.423521681214067	5	5	0.8055444162268288	-2.523338865144448	4	4	0.8919539175558792	-14.273691847751477	5	5
pseudo_2006	0.24969404688894725	-8.80744363715684	5	5	0.9724775459033901	3.8742793192525147	2	2	0.21174801894698758	4.123008254949208	3	3	0.35671135413869803	0.22047736314027647	3	3
pseudo_2007	0.07313752456189654	-8.376251439541235	5	5	0.05250582176552597	15.572169747523471	2	2	0.24366816400388736	3.7800524731324487	3	3	0.8082897813269934	-9.98807125653442	4	4
pseudo_2008	0.7415718370059923	-5.405170978231841	5	5	0.1704138619597052	1.2551841049076575	3	3	0.11883761083138701	-6.890727771575403	3	3	0.7177868332479136	-7.062022182061378	2	2
pseudo_2009	0.4515238707559137	-1.5812078433762842	5	5	0.2879520565294309	1.144752281154802	4	4	0.35629850823135834	-10.077469734264753	5	5	0.4080975662807528	-0.0725503347215497	2	2
pseudo_201	0.47064181143552897	-5.545700453443839	4	4	0.08557571336488258	12.84520919947038	3	3	0.26972869161839497	3.726809035595385	3	3	0.516401735382113	-10.38789221445197	4	4
pseudo_2010	0.47427284387426194	0.5548146216542612	5	5	0.3680038756723122	10.3897271438442	5	5	0.1494254409147451	-9.581933826719258	5	5	0.05382104405945723	-11.911351867858526	3	3
pseudo_2011	0.558628675903637	-5.556467161393172	5	5	0.41849150319104855	1.9383490057979298	3	3	0.4440394068409237	-3.3910762252775264	4	4	0.7909786289519256	-2.1374952775601623	2	2
pseudo_2012	0.9120669299995112	-9.344293252138472	9	9	0.44230036007813756	5.872124413846101	6	6	0.7948221989672131	3.8557573135386165	8	8	0.45350008901413996	-6.461626294154537	5	5
pseudo_2013	0.1892272500531894	1.2367963211490622	5	5	0.5503330789383704	9.894585121940452	5	5	0.5679756065875513	1.6986996503697478	5	5	0.9719076499513786	-7.855157825584982	5	5
pseudo_2014	0.18319825646209187	-9.514516523839712	10	10	0.5678012916525538	3.2178909733854923	5	5	0.8643047046008678	-3.4716144807258775	6	6	0.2520215298219919	0.1359417370696745	4	4
pseudo_2015	0.6950628133357115	-8.092652761695371	5	5	0.507353458020152	9.525531006495584	3	3	0.5798948442452414	-3.745566974655365	2	2	0.5260529796097602	-9.755558241464609	3	3
pseudo_2016	0.6996657919968424	-4.47070442678158	5	5	0.5365637960944252	2.079378822942969	3	3	0.0807744845978956	-7.014204567631995	3	3	0.5458753193550323	-7.781647145919074	1	1
pseudo_2017	0.8960405458454828	-2.1571795466125847	5	5	0.5834893063227444	2.1209779088161365	4	4	0.9968138545267516	-2.3824962115617936	5	5	0.3300854258991952	0.10283114670809468	3	3
pseudo_2018	0.17741040225587812	-7.989999065273213	4	4	0.024618536164161393	16.622564659936856	3	3	0.6062991946875518	4.062885153111354	2	2	0.2042304179313733	-14.415090555509318	4	4
pseudo_2019	0.033859234518235665	1.667309257812142	5	5	0.9585799326911743	5.696524686688299	5	5	0.02456339182549239	-9.942880159632201	5	5	0.059105707197042334	-13.628354222107905	2	2
pseudo_202	0.10175203884196214	-9.096556365638628	5	5	0.809161518084328	3.5984359221302844	2	2	0.3629074986162655	-5.3499726307543565	2	2	0.26900936251825636	-9.740535707781241	1	1
pseudo_2020	0.8421781554272119	-7.0448704013693435	5	5	0.7107786755206931	8.176964263522066	3	3	0.4656456161542012	3.3479532390186653	4	4	0.8908197786395017	-3.8672172404133653	3	3
pseudo_2021	0.7228435456055322	-4.983755108395928	5	5	0.7530448034391494	4.912455855126037	3	3	0.7677242252264775	-2.8320928906579055	3	3	0.6939175270038576	-6.46027281765263	2	2
pseudo_2022	0.07413983975685318	1.5952584590581742	5	5	0.6156358354978164	2.292748765641379	5	5	0.3646881136410127	-9.428774114651823	5	5	0.9426801010511117	-3.336913757590447	3	3
pseudo_2023	0.3104844107764888	-1.7870878717789094	5	5	0.07183622432044971	-1.8747078602562801	4	4	0.14575554489861986	-9.32215273028711	4	4	0.7932501047089533	2.3644280256052914	1	1
pseudo_2024	0.9157600014047256	-3.938187239274042	5	5	0.1820903479356254	12.146434169077166	4	4	0.7642613605846441	0.1445566174695271	4	4	0.23162492637043441	-7.82140679680144	3	3
pseudo_2025	0.8812924851140853	0.06256164607590137	5	5	0.15573126011647193	10.048035720273829	5	5	0.26181832980736963	2.579700383740056	5	5	0.7589345562699616	-7.150716810244294	5	5
pseudo_2026	0.9503866528655234	-4.3999243883226535	5	5	0.9574340344660829	5.201402468088047	4	4	0.0911915497898785	6.994737981813917	5	5	0.32165035618683147	-0.3588499991601788	5	5
pseudo_2027	0.4185864499671491	-4.281657542888333	5	5	0.0765537801778659	12.217408709090433	4	4	0.5518471374624285	3.4603645358288184	5	5	0.3023913808582793	-10.703845525301604	5	5
pseudo_2028	0.15782534388372804	-1.301739289384408	5	5	0.24225350841890403	1.4487720123193881	4	4	0.5151110157611798	-3.2192085057781448	5	5	0.9426801010511117	-1.0560243547265475	3	3
pseudo_2029	0.10438131271029306	-8.86637823672031	5	5	0.2607006467262958	-1.461056867712978	2	2	0.5171764359776307	0.7491081737262855	3	3	0.08136175076918223	3.9050725220248763	2	2
pseudo_203	0.44062579346957254	-9.63138768838304	10	10	0.6054505373030103	12.648048291885823	7	7	0.5567773546439286	-2.901570442256421	7	7	0.4736126183588437	-7.444844969679348	4	4
pseudo_2030	0.17104080567012947	1.1377863562714097	5	5	0.16083650204798983	2.3972768250929852	5	5	0.9649635739855458	-5.176663012475555	5	5	0.10780268478109778	-2.497113516212617	4	4
pseudo_2031	0.3255604392692478	-1.8707288405950047	5	5	0.16374911722387264	2.296770333596928	4	4	0.360477993144102	-2.698738662013103	5	5	0.9947846469098508	-4.821547400409624	3	3
pseudo_2032	0.13213037042225675	-0.9566247878861835	5	5	0.6448301450738294	9.552900806565074	4	4	0.5202802055752793	-3.1303773397239456	5	5	0.5493943391197713	-14.389657731206121	5	5
pseudo_2033	0.5338022520969425	-7.920877814147938	5	5	0.7445274219063759	8.201385925098151	3	3	0.4387286754574321	5.7017903987391385	4	4	0.9684930440136454	-3.9429923631886923	4	4
pseudo_2034	0.8611972168958208	-8.887469303265222	9	9	0.9535845332087034	14.52898511873416	7	7	0.6551620519077201	-3.4524597285381886	7	7	0.8523346196835654	-10.672701589981408	5	5
pseudo_2035	0.26548485946374323	-9.323264574153294	9	9	0.40669661859995165	2.4399440518238364	4	4	0.22173097649935758	-6.9871603244267035	4	4	0.7909786289519256	-2.412802688647012	2	2
pseudo_2036	0.14368668507737964	-8.705622554220154	5	5	0.45704727690629965	9.301358620751278	1	1	0.4045691435142488	4.877048895569162	2	2	0.7177868332479136	-2.0386405183623135	2	2
pseudo_2037	0.8034497876712605	-4.80293343522747	5	5	0.2195976444304848	12.160238093033628	4	4	0.45477022616253426	-3.074165166396415	4	4	0.32341741148779524	-13.815420759330655	4	4
pseudo_2038	0.0787596726177904	-9.837483117094044	10	10	0.9379047822859787	8.945281652142844	5	5	0.5344587781658069	3.839737149679324	7	7	0.844451985518846	-4.142955637138534	5	5
pseudo_2039	0.6950628133357115	-4.076752959049661	5	5	0.7191658612704632	2.8353539369195144	3	3	0.572211261492826	-2.8394754503196613	3	3	0.8913977488082454	-2.0629171978349743	2	2
pseudo_204	0.16151997611977198	-1.1032410094817573	5	5	0.16374911722387264	-1.5081214356837833	4	4	0.509968627677359	-3.42838762026808	5	5	0.4925019824796658	1.5650980038744449	3	3
pseudo_2040	0.3704157462051131	-1.845683266288314	4	4	0.06701414294368264	-1.686851557033074	3	3	0.4972685477054206	-3.2302851935825694	3	3	0.23774861334252295	3.341695177838968	2	2
pseudo_2041	0.2522627196280479	-1.5693377007555724	5	5	0.6172346495985822	2.1809886782326036	4	4	0.7829057218104685	-2.6087664432916196	5	5	0.6804853578260546	-0.6446737471608402	3	3
pseudo_2042	0.22264074911562604	-8.50416625663972	5	5	0.32274729417150905	6.998948344010287	3	3	0.08259095488319451	4.846464086281628	3	3	0.7290153128961694	-0.5812247833488954	3	3
pseudo_2043	0.5095458067897338	-4.198307955301531	5	5	0.32827648480074934	1.4329707247938768	3	3	0.016906619024889435	-10.255850218801818	3	3	0.16102717498182018	-17.152101601744278	1	1
pseudo_2044	0.74627843135579	-8.388013700827827	5	5	0.9820703590691865	5.515571472664592	3	3	0.6521322862776109	0.3903858603117553	3	3	0.9041086739579434	-2.5309327858660446	2	2
pseudo_2045	0.5968883568744728	-4.736553808062392	5	5	0.9373056282119494	5.155317064635404	3	3	0.35906466075278975	-3.6139974457493893	3	3	0.5469320728860858	-7.128643335830876	2	2
pseudo_2046	0.554452264693946	-1.798505218687399	5	5	0.1055199054086469	13.35562423616397	5	5	0.7044213525617156	-4.207359333754579	5	5	0.0552705159666049	-14.939332567738766	5	5
pseudo_2047	0.3164586173596865	-1.377480946235232	5	5	0.46375515388477917	2.186335402346385	4	4	0.21174041316407666	-9.422387588557337	4	4	0.7909786289519256	-5.607126377504766	2	2
pseudo_2048	0.5338022520969425	-4.511240838543688	5	5	0.0621408762979126	-1.8647333208631913	3	3	0.4656456161542012	3.4453286288121387	4	4	0.08731846743459899	3.7984490701398137	4	4
pseudo_2049	0.8698853467518793	-2.6019859307088358	4	4	0.6450110118633418	5.756622543889503	3	3	0.3876641914774658	3.4346559103973484	4	4	0.6234911975836641	-3.886480207149328	4	4
pseudo_205	0.5905408241294363	-9.133880838490319	10	10	0.7140465373930935	5.111935231253336	6	6	0.8730448048414374	-2.614443644092496	8	8	0.38190788496864214	-6.413054423823894	6	6
pseudo_2050	0.4221746175174962	-8.599097991846802	5	5	0.48585116533430517	5.100778926390556	2	2	0.5636693662877452	2.487394492302375	4	4	0.5695744259977147	-0.4084907341477108	3	3
pseudo_2051	0.3769437572472055	-2.355624239393898	5	5	0.7746652364788146	5.581747527645973	4	4	0.14329224692441664	-9.055096034815927	4	4	0.27119373272877434	-11.557623162748492	2	2
pseudo_2052	0.47812463629288693	-8.268476995299418	5	5	0.6448301450738294	10.853709310297246	4	4	0.25843819635019893	3.727001580081471	5	5	0.9146224678125235	-3.2905125173447387	4	4
pseudo_2053	0.8960406439005002	-4.089267465655225	5	5	0.8309393614759716	5.996754981701957	3	3	0.3755857182410437	-3.4591048326037988	3	3	0.28667092223792345	-7.884600339925989	3	3
pseudo_2054	0.44779330363481895	-1.3086878865263107	5	5	0.8898490748845229	8.974599976917291	5	5	0.093252140815984	-10.368012435504708	4	4	0.4289911441296608	-10.14714000056099	3	3
pseudo_2055	0.24969404688894725	-8.898658504479757	5	5	0.4194785119548996	5.79901451919396	2	2	0.28345162374574717	1.9165183916611994	3	3	0.9947846469098508	-3.407738858884656	3	3
pseudo_2056	0.2789640387466429	-2.164219038446048	5	5	0.009170957136516332	-2.452698581151521	4	4	0.4230172534115033	-3.5855086342522426	4	4	0.04619148693047574	4.006115877991571	3	3
pseudo_2057	0.4294053276373695	-1.7488596566529016	5	5	0.9342595588314601	5.444359532421463	4	4	0.5880998233376855	-4.8908871476020215	4	4	0.5175570596062204	-7.071152495525843	3	3
pseudo_2058	0.9288335877891248	-8.658759169897094	10	10	0.7678003780962809	10.123262700077115	8	8	0.314991821814986	-3.406212965486724	9	9	0.43766994685460126	-7.103234407234434	8	8
pseudo_2059	0.9652592309289412	-2.751849643326125	5	5	0.672923790169198	9.15277089664298	4	4	0.050465577606919935	-7.8364238571444425	4	4	0.03151443453579861	-12.284114782753528	3	3
pseudo_206	0.8862042246935815	-5.039615790392546	5	5	0.5834893063227444	9.573548105671096	4	4	0.6903642313594627	0.7305966869005793	4	4	0.7742984561044359	-10.431729044044834	5	5
pseudo_2060	0.7462781989594804	-4.45833682128925	5	5	0.7275870029403386	-0.3108400183232624	3	3	0.38276499021287136	3.568169508102315	4	4	0.48765525145595867	2.601657959503862	4	4
pseudo_2061	0.2574551853476157	-1.2039729436337339	5	5	0.512440202821652	1.8583480110903736	4	4	0.9964287091043627	0.3476084260460115	4	4	0.5237232041753621	-0.27043490333769543	4	4
pseudo_2062	0.7415718370059923	-2.4654699493509526	5	5	0.8804354453037812	6.333297186132718	4	4	0.8511252879615737	-2.893756459497681	5	5	0.9322814328926539	-3.771880181069085	3	3
pseudo_2063	0.30752540650617943	-8.023797696901608	5	5	0.873901163706096	0.45619463385856207	2	2	0.7519421379490128	-3.0509523284240925	3	3	0.35599598885623307	3.4968023123014076	1	1
pseudo_2064	0.3317219744854065	-4.54560363005069	5	5	0.5250149269295951	5.110488739788615	4	4	0.9968138545267516	3.462378049806746	5	5	0.3991102364563004	-0.12939171393696616	3	3
pseudo_2065	0.658654794632438	-7.949035413696113	5	5	0.5575267224330435	4.829134576574503	2	2	0.35906466075278975	1.3599387464763542	3	3	0.7987815134894407	-3.179848667271662	3	3
pseudo_2066	0.32250776460345865	-1.9811519092173562	5	5	0.752464818944282	2.4207144748853984	4	4	0.798622720395447	-2.3237477819655616	4	4	0.43665971493913525	-0.1772435391083782	3	3
pseudo_2067	0.6988624146053806	-5.38899007598296	4	4	0.5665967691266467	5.533262717305195	3	3	0.20426286848120645	3.785271546337201	3	3	0.7987815134894407	-0.1767316965882285	3	3
pseudo_2068	0.5175666850027655	-1.8424621884588668	5	5	0.6172346495985822	9.2894599982142	4	4	0.7403122323915686	-3.405430432565853	5	5	0.7137900768594891	-10.122459361810504	4	4
pseudo_2069	0.013271289451426839	-9.256501244037219	5	5	0.17068493636055693	17.59565505065858	1	1	0.026928218794231087	9.474071871445224	3	3	0.23676534225814239	0.26012291836159357	3	3
pseudo_207	0.960300105419759	-4.121538692653218	5	5	0.49387678589692796	8.40422856937647	4	4	0.6975555073053217	0.142580419064782	3	3	0.5310975452440845	-7.4366051400110775	4	4
pseudo_2070	0.17496464993954997	0.46333195592976706	5	5	0.8489715023065556	4.940914436507279	5	5	0.907807641304021	-1.5940127119330805	5	5	0.9684930440136454	-3.8516347778951925	4	4
pseudo_2071	0.44779330363481895	-4.067962281229679	5	5	0.44041367699358025	8.509486662189245	4	4	0.9522362542243128	-3.035195679062385	5	5	0.9947846469098508	-3.792533719170757	3	3
pseudo_2072	0.7557199102954437	-2.081362592373841	5	5	0.07495396088011429	-1.9774246393091772	4	4	0.07557517797068605	-9.345716263495286	4	4	0.12962595410473374	4.313350588441634	1	1
pseudo_2073	0.5628203135199947	-5.638460730927115	5	5	0.6858299677441657	2.388017579964593	3	3	0.8755137975472063	-3.1326544805565963	4	4	0.9115204920746716	-4.097413772865217	3	3
pseudo_2074	0.0751533538948064	-9.763440541575568	5	5	0.36603280988594333	9.629618860419686	2	2	0.35279265682293415	-9.146944856974107	1	1	0.20591386492251962	-16.576476965602456	1	1
pseudo_2075	0.61426700126977	-5.720170269654878	5	5	0.09857690806943278	-1.688311356967473	3	3	0.3682965174663976	0.9483834333231286	4	4	0.007220264259828804	4.622092804264213	3	3
pseudo_2076	0.832456407166889	-5.769347112816294	5	5	0.8397132531802258	5.882211222556177	3	3	0.5163287936122332	2.9372313451668863	4	4	0.8878180814342319	-4.572446052193084	4	4
pseudo_2077	0.4762663461237431	-8.158824637410092	10	10	0.26405669066358683	15.383957531380227	9	9	0.834283540916228	-3.115218024479161	9	9	0.5186100824329519	-10.60544450335504	6	6
pseudo_2078	0.5840030858686087	-5.66195640215848	5	5	0.5441687725618416	9.823113486594876	4	4	0.7438604628886205	-0.7003403439421056	4	4	0.3236353498215411	-5.515295701554177	3	3
pseudo_2079	0.9472037189121956	-5.291984513970345	4	4	0.27258205463938423	-1.3147865381512993	2	2	0.9875974675566077	0.01101333706260954	3	3	0.30772726640929027	3.1519980861994927	2	2
pseudo_208	0.26538194102987545	-9.178559422628226	5	5	0.5951989102715409	4.702319433639259	2	2	0.8636043914476587	0.19647848002251275	2	2	0.6703480757568794	-2.9345814792369818	2	2
pseudo_2080	0.5256524127204181	-4.459878857444946	5	5	0.1209826775200991	-1.6027414738586419	3	3	0.6521322862776109	-3.018809546335698	3	3	0.1598681085266348	3.5332922858762945	2	2
pseudo_2081	0.0809315694792007	-8.917954410938695	5	5	0.7445274219063759	6.244695145698182	3	3	0.337759347277515	1.510870536875581	3	3	0.5362940865006103	-1.442743551576859	2	2
pseudo_2082	0.8227600711155665	-3.3003813995435856	5	5	0.4696963763709566	6.589565034477151	4	4	0.5221317094495321	-1.3280982399631052	4	4	0.9594979328990745	-6.795285368620278	4	4
pseudo_2083	0.7842587434473092	-1.929508879674967	5	5	0.9172714128232853	5.78814897175246	5	5	0.48967077284688487	1.3917191679688934	5	5	0.7648948966991103	-0.6886831845878888	4	4
pseudo_2084	0.18301323039616757	-9.161260065002901	5	5	0.14540714956926892	-1.7061227800801326	2	2	0.6606520043201941	1.1203337670752163	2	2	0.054917002811786506	4.396842124352806	2	2
pseudo_2085	0.0999669616406226	-8.545912005310482	4	4	0.017742915751750205	16.63058866991267	3	3	0.19649936737982687	5.70419215902699	2	2	0.10361099073927978	-11.089097316000506	3	3
pseudo_2086	0.7890447163452082	-2.036283565391402	5	5	0.2461838604277684	-1.3409168516355503	4	4	0.8263990297566124	0.22487649574896942	4	4	0.2614873773295253	3.181839335441554	4	4
pseudo_2087	0.4515238707559137	-1.667752152620961	5	5	0.15231852832858572	-1.5080729029770008	4	4	0.30854528871506803	-3.183005945816116	5	5	0.20732758451294953	3.4301557336611497	2	2
pseudo_2088	0.11981969242867273	1.2256607803234474	5	5	0.23567560908473884	9.591503012844903	5	5	0.92047826277253	0.2640681903968207	5	5	0.3625172550089941	-7.941056366761089	5	5
pseudo_2089	0.9454327084058349	-5.386145420516267	5	5	0.11831183145063351	-1.5139662607995803	3	3	0.8642286028625283	-2.7266441952293436	3	3	0.21317403890373798	3.3378287310185666	2	2
pseudo_209	0.2008737350143751	-6.506507903645105	4	4	0.49452959113685724	5.186349257951468	2	2	0.03132348590477952	7.193635680207952	4	4	0.3460295858785828	0.11476359936194609	4	4
pseudo_2090	0.5840030858686087	-4.598513101507247	5	5	0.02763779469129268	-2.098373449688823	3	3	0.14826830626226886	-6.509511368023422	3	3	0.5013772507429461	3.0953154493086226	1	1
pseudo_2091	0.5461451623283471	-7.958747536523077	5	5	0.7360411704975673	6.004769965243391	3	3	0.6225390754569833	-3.046265439245033	3	3	0.6586821561494349	-7.127814624181832	2	2
pseudo_2092	0.8034497876712605	-8.096974208032778	5	5	0.3059261486361967	14.433851688786843	4	4	0.14825113015101132	6.5551917076751955	4	4	0.9415243127734115	-6.383106502278882	4	4
pseudo_2093	0.013096265000544623	-1.328025721201735	10	10	0.4668886659483833	9.472877080468274	9	9	0.015809111173628133	-9.802991789883356	9	9	0.13483724375992023	-10.93737090962958	4	4
pseudo_2094	0.30166357601368754	-8.56461982341758	5	5	0.5482932847203043	5.191869067824115	2	2	0.4650173543893229	1.1451357169651937	3	3	0.9947846469098508	-3.830999566481539	3	3
pseudo_2095	0.4723531916324297	-7.858756127738016	5	5	0.5218535200068654	6.584677807183298	3	3	0.24366816400388736	3.9268158453470368	3	3	0.8804963658850083	-1.0866024874564966	3	3
pseudo_2096	0.1281821242751665	-8.82479703792936	5	5	0.18861350526284248	11.209147521080817	3	3	0.337759347277515	3.573619364331799	3	3	0.6557652389588101	-7.101364569234748	4	4
pseudo_2097	0.7089046769843945	-5.192361203959101	5	5	0.8573197111368708	5.22205364446349	3	3	0.6152323835951574	0.9244650784559004	3	3	0.5432554092799979	-2.7269116897493633	3	3
pseudo_2098	0.047359004336531646	1.485506994837473	4	4	0.44618504707442797	5.088088003645973	4	4	0.6903642313594627	-1.9195493145303753	4	4	0.7821727611159226	-3.876622173053151	4	4
pseudo_2099	0.28452694213824137	-6.364143405361282	5	5	0.2792375759961536	10.075486824417617	4	4	0.12693421506009953	4.592969106194984	4	4	0.9415243127734115	-3.952152417101145	4	4
pseudo_21	0.38710731583902636	-3.749516271713375	5	5	0.903450076951705	7.959637132945009	4	4	0.6518184203572904	3.00200745966433	5	5	0.48060599118998026	-2.8548139337244733	4	4
pseudo_210	0.2564085038764198	-9.657290408347231	10	10	0.7676076916420732	8.555704455306504	6	6	0.09368878308035979	3.978861199120256	8	8	0.4238426387919836	-7.115086993773466	8	8
pseudo_2100	0.4079296924520588	-9.192117497704325	5	5	0.09359047184903828	-2.026172277429807	2	2	0.28633404451212663	3.517646435626288	5	5	0.0543376096124972	3.868710860489095	4	4
pseudo_2101	0.436707313413085	-1.6366908430495049	5	5	0.8347267372086834	6.0736371277841625	4	4	0.2650582641471281	-3.9701520818748777	4	4	0.3941938274343686	-8.472529735279275	4	4
pseudo_2102	0.9046342505700754	-8.850559819764444	10	10	0.924644649795624	11.664476097336978	7	7	0.29945845795754666	-10.207151309125964	7	7	0.45958463067540034	-10.078045235119559	5	5
pseudo_2103	0.955342515600996	-5.53127038180262	5	5	0.7530448034391494	-0.19005677491063663	3	3	0.572211261492826	0.6631186263547001	3	3	0.500780752311927	2.4244348756451015	3	3
pseudo_2104	0.8227600711155665	-6.23912154924706	5	5	0.42335870036441137	12.674572087456724	4	4	0.9958656745191315	-2.2378665902440837	3	3	0.17603642558930854	-10.571299618157916	3	3
pseudo_2105	0.4497166612899104	-8.768447305887834	10	10	0.11962978876028225	11.191128788445726	6	6	0.3392643823676966	3.8265022118457366	8	8	0.8161917504497737	-15.164575958869206	8	8
pseudo_2106	0.2845267593961226	-7.910818224394862	5	5	0.8198737038735534	7.069345677672224	2	2	0.0532671692775397	7.022350064214308	3	3	0.09818032246539218	1.323199368188857	3	3
pseudo_2107	0.03656093334783571	-8.975012158136531	5	5	0.8295437955566722	1.866128715052497	1	1	0.13486493274640007	5.8563394115597	2	2	0.2441931724134183	3.3187567573018466	2	2
pseudo_2108	0.4819934660712062	-4.76304975679103	5	5	0.7672435995177201	8.182679636829517	4	4	0.19339897838816922	-3.988607353979306	3	3	0.5695750601483558	-7.163094302701584	3	3
pseudo_2109	0.9503866528655234	-3.032167986145596	5	5	0.7487635757823436	5.483238029483464	5	5	0.6518184203572904	0.2920454083831207	5	5	0.3879605814828416	-0.2786657217146133	4	4
pseudo_211	0.2901644262743599	-1.7172869962483086	5	5	0.44618504707442797	9.626829214537816	4	4	0.8194330960654139	-2.510625745642696	4	4	0.32341741148779524	-10.45099050691333	4	4
pseudo_2110	0.09056638500155657	-1.010129653710054	5	5	0.37456931683069916	-0.9865563641059474	4	4	0.24271533896153497	-6.41164801537639	4	4	0.7177868332479136	2.1256766120421773	2	2
pseudo_2111	0.22980170344820716	-1.1440640286913082	5	5	0.04281686107238658	13.335790767815302	5	5	0.5758235747734205	-5.945376215789718	4	4	0.0265144288411161	-17.894490393765647	5	5
pseudo_2112	0.8812924851140853	-5.371331120312129	5	5	0.31727919849765485	8.923705206042866	3	3	0.91090340400704	2.415826318416656	4	4	0.5764211116869509	-8.20243256431062	4	4
pseudo_2113	0.6722190980804224	-4.893596561513114	5	5	0.7451089369951867	6.130972107616053	4	4	0.8614233316999723	-2.923294616473296	4	4	0.859912066115945	-3.363917350416461	3	3
pseudo_2114	0.6186461196194168	-1.7498185405577926	5	5	0.5768443909866039	5.864215294296922	4	4	0.46492230345955377	3.6894006726887927	5	5	0.4296209433244462	-4.157324239575683	5	5
pseudo_2115	0.8616929960378168	-0.28061430775043994	5	5	0.9585799326911743	6.191189226214985	5	5	0.8888466062536053	-4.25137591943615	5	5	0.8258225494017511	-6.8308963920822	4	4
pseudo_2116	0.3837010404022754	-8.466203862644837	5	5	0.5001835845228213	8.957212532057369	3	3	0.12208288011694654	-9.25458861405886	2	2	0.030735702312912574	-17.574916695455563	2	2
pseudo_2117	0.9322965863222936	-8.425321411651343	10	10	0.3711095792543253	5.236188094245402	6	6	0.26409092256686206	4.074485801035264	9	9	0.14383688629235017	-4.024074913021284	8	8
pseudo_2118	0.6676853267446197	-8.212901554985486	5	5	0.4355525207616596	2.8364137999389243	2	2	0.41592216980286423	3.394004266149006	3	3	0.21185687985572188	0.5169709461176577	3	3
pseudo_2119	0.20655645910559273	-1.443277943314935	5	5	0.1885308229987812	1.331622170559135	4	4	0.3876641914774658	-6.137150227301355	4	4	0.878714669839499	-1.9869735712314451	2	2
pseudo_212	0.6012120155842655	-2.214924922389025	5	5	0.45785602422965666	-0.9139051742976777	4	4	0.5456739982301828	-3.428437014374506	4	4	0.5091327089768307	2.2966886009985137	3	3
pseudo_2120	0.7747111976344112	-4.741299817886943	5	5	0.3391342487875708	4.543383059392654	4	4	0.5880998233376855	0.7337130796578246	4	4	0.30179087500327006	-2.876634714606942	4	4
pseudo_2121	0.14712692065707436	-9.10833269008719	5	5	0.8956928218066482	7.581490639434989	2	2	0.07556872665160673	3.4613608525507025	5	5	0.3636337746485804	0.49919086896999393	4	4
pseudo_2122	0.30458513005889	-8.11714112270118	5	5	0.3540489517073495	10.97575068761303	4	4	0.03907278423517523	7.014241569149694	4	4	0.5310975452440845	-2.390249644083572	4	4
pseudo_2123	0.39053197102033765	-9.21412588668784	5	5	0.6450110118633418	8.162515664005149	3	3	0.7677242252264775	0.49004111401269124	3	3	0.9426801010511117	-6.296250774603074	3	3
pseudo_2124	0.13226226976896707	-9.090752030973503	10	10	0.7877734242290491	10.716671284958645	7	7	0.30854295768507534	10.566806067717122	8	8	0.3732205016098955	-2.1100472775033756	5	5
pseudo_2125	0.09296250656627167	1.130758078675208	5	5	0.012364424956770138	-2.5307046499800374	5	5	0.09910400881754475	-9.965148822139977	5	5	0.050978779219137786	4.484852883544948	2	2
pseudo_2126	0.27347539741133764	1.0753283539837635	5	5	0.7553335274580875	8.128429772533329	5	5	0.7584775629480986	-2.917779330678924	5	5	0.5385235400625213	-6.373164229061927	4	4
pseudo_2127	1.0	-5.305255864826441	5	5	0.8804354453037812	7.979336112230247	4	4	0.9464706764702553	-0.037317671388950334	4	4	0.9635050030421082	-3.2875251801055434	3	3
pseudo_2128	0.16339140663094376	-1.3689709677535007	5	5	0.3237513879507419	7.873824686864175	5	5	0.4268129913708726	-3.4260401328035446	5	5	0.8496546027760271	-3.1179395436967234	3	3
pseudo_2129	0.4858792581291961	-7.140433695013499	5	5	0.3931117311173792	11.449514412493548	3	3	0.6446800677098474	1.9264912873955218	3	3	0.304781297730664	-8.063752975813657	3	3
pseudo_213	0.6783333495633529	-5.098268873371616	4	4	0.3510034941306043	9.416325243884767	3	3	0.7915770994846889	0.49009327922922324	3	3	0.5175570596062204	-7.35460664899	3	3
pseudo_2130	0.6767645236282662	-5.4264143397177405	5	5	0.9910346135778847	3.14855720126848	3	3	0.7284641122178674	-1.7367210834082358	3	3	0.39905555634338286	-1.1714132164594804	2	2
pseudo_2131	0.6055497578684996	-5.537754239374454	5	5	0.5742290562137042	3.643972769357396	3	3	0.3876641914774658	1.133611774295459	4	4	0.7735198011655687	-3.8743048245679206	4	4
pseudo_2132	0.3442696043997314	-1.2401177547888655	5	5	0.9792829840491959	12.198572985451365	5	5	0.16122100185521526	-7.021753704461285	4	4	0.3346003966137612	-12.998660593849893	4	4
pseudo_2133	0.6055494157934362	-7.73293862877184	5	5	0.32274729417150905	8.741319481644402	3	3	0.20798102628945903	3.5566465877109823	3	3	0.9594979328990745	-5.936622203205812	4	4
pseudo_2134	0.6950628133357115	-3.2398930915521666	5	5	0.8651470503055643	-0.15642409625317258	4	4	0.9038090250597768	-5.13246147896214	4	4	0.1746775905664011	3.534689695359079	2	2
pseudo_2135	0.9206984351707465	-2.5910218981651756	5	5	0.3246288487294027	1.9141972623541996	4	4	0.3053651563230443	-6.075592616188655	4	4	0.9935918463631742	-2.4507387596494445	2	2
pseudo_2136	0.49370142053879584	-5.009031208371613	5	5	0.4290002941849582	8.959759857004345	4	4	0.6969736928599297	-3.294844769518219	4	4	0.17746946847200618	-11.216490468733907	4	4
pseudo_2137	0.13213037042225675	1.3146484137761059	5	5	0.665161924134298	2.2093508278702116	5	5	0.7890473627285242	-2.4923483584993504	5	5	0.7222259567064059	-0.6323064584176219	4	4
pseudo_2138	0.03656093334783571	-8.887529946903127	5	5	0.6667785806012958	-0.6950228243975918	1	1	0.014351118438540944	9.452372780899239	4	4	0.006875442116505989	4.517417940836359	4	4
pseudo_2139	0.8479884279985369	-2.243933882978342	4	4	0.5365637960944252	6.076499462978539	3	3	0.6521322862776109	-2.772604840664066	3	3	0.25075941877699237	-8.117660967295617	2	2
pseudo_214	0.6950628133357115	-5.6581194612435155	5	5	0.8838607086796945	3.0359326878458313	3	3	0.7362631011606913	-2.5823027147097695	3	3	0.7686482492938345	-4.046975928175836	3	3
pseudo_2140	0.2386023541253922	-9.272715794477739	10	10	0.027905589913748665	10.935388383925313	5	5	0.44993065814516775	4.5693616495193465	7	7	0.18885444373124227	-14.380821733510743	7	7
pseudo_2141	0.5420154395027266	-1.757361126780797	5	5	0.10406105450985643	-1.6903159965395005	4	4	0.826160222633569	-0.011020141458777092	5	5	0.10294964949136565	3.57672121303125	4	4
pseudo_2142	0.5195819072176906	-8.767777498929027	5	5	0.15511758053243	16.44020841861375	4	4	0.35906466075278975	-3.5775099447813545	3	3	0.037055631009466364	-14.157881132064754	3	3
pseudo_2143	0.49763763251056903	-5.907574755447874	5	5	0.7024263634168448	2.0267569174892137	3	3	0.30960848229052373	3.7350582216554997	4	4	0.1470153402383464	0.7717067931937137	4	4
pseudo_2144	0.9678348562863901	-4.164838808084073	3	3	0.18323400854379035	-2.0471881497154545	1	1	0.6980806852991457	-0.6570725211175181	1	1	0.5611314780135968	2.9613751029777022	1	1
pseudo_2145	0.31718901240960584	-6.904055330073462	4	4	0.6839248007867214	7.8400267788637965	2	2	0.853611205948291	0.10859250048633662	2	2	0.9002475767852199	-5.720436765808261	1	1
pseudo_2146	0.5055599097400094	-5.545221173848351	5	5	0.9641497708737391	3.14606245910522	3	3	0.20843721584407726	3.049745939073659	5	5	0.31248089938977675	0.36922226932515123	4	4
pseudo_2147	0.6452024868246745	-1.8400015912327714	5	5	0.903450076951705	2.6532031008690065	4	4	0.9180048929977268	-2.237981335497004	4	4	0.870193222569462	-0.9417828552459367	3	3
pseudo_2148	0.2446116636219079	-1.2537729229175234	5	5	0.15795551721759393	-1.504279516671436	4	4	0.12917786059020747	-10.009151007857442	4	4	0.43170487608642827	3.2903514348339824	1	1
pseudo_2149	0.7228435456055322	-5.682621484661234	5	5	0.9551956971570861	2.738179454579163	3	3	0.6004956853184097	-3.6218484186880366	4	4	0.5091327089768307	-4.69214383494712	3	3
pseudo_215	0.8665853779004002	-7.3649291575820826	5	5	0.11705614283939623	15.145070698917314	4	4	0.6007343246984109	-3.1796233852265736	3	3	0.11541981335008651	-17.533633711874604	4	4
pseudo_2150	0.225009767319446	-8.66113794092538	5	5	0.8198737038735534	4.2353163283437105	2	2	0.9340800472264392	-0.908583861568163	2	2	0.6241887624344389	-3.5726407155321094	2	2
pseudo_2151	0.5216014881828801	-5.65352521450635	5	5	0.892738233639482	3.1641356088200148	3	3	0.631989721630215	-2.4387965196018175	4	4	0.9168442200344347	-6.867611063917147	2	2
pseudo_2152	0.8227600711155665	-4.098095159726625	5	5	0.5187078775333873	4.58695966704262	4	4	0.6641660577844778	-2.6823603182123406	4	4	0.5346196128272573	-3.2791509542538875	3	3
pseudo_2153	0.5233066747432257	-8.838948160802065	10	10	0.061527574372295016	11.16341723112432	5	5	0.9738939114755782	-3.724727654095199	6	6	0.08942939069335769	-14.431000335834918	6	6
pseudo_2154	0.5628203135199947	-7.592350787445284	5	5	0.1503502857369216	9.524505221843652	3	3	0.8479612449946471	-0.5831001534415224	3	3	0.2166806625969988	-8.4204215417532	3	3
pseudo_2155	0.5420154395027266	-6.19116303803975	5	5	0.12646568041301295	10.053462951768212	3	3	0.4656456161542012	3.4894682018118157	4	4	0.6476331680190908	-8.012703562431707	4	4
pseudo_2156	0.005956279987755347	-9.486528290816194	5	5			0	0	0.007618162580292758	10.622919918905161	3	3	0.16783118503704242	3.1867833759961406	3	3
pseudo_2157	0.5379009760261242	-2.122097076003673	5	5	0.5571282006933561	2.104965498573615	4	4	0.6985005026879809	0.3380518523152511	5	5	0.7648948966991103	-0.6211279905142844	4	4
pseudo_2158	0.6055497578684996	-4.4353244012705515	5	5	0.6309680799450805	8.380569253815414	4	4	0.8969297479092573	-2.202149929296319	3	3	0.6709285657109667	-6.688844628278228	3	3
pseudo_2159	0.3669464418009454	-7.532850680079785	5	5	0.798484975127361	4.985605621406699	2	2	0.3876641914774658	3.801635988791908	4	4	0.9322814328926539	-1.4418931113864382	3	3
pseudo_216	0.40441368259903376	-2.0980775162034813	5	5	0.7304672979806208	3.1586428828896893	4	4	0.1261614894412324	4.7159940848972175	5	5	0.32658756705255665	0.12774653302477704	5	5
pseudo_2160	0.42217479359723453	0.2904096022636912	5	5	0.6841331409824862	6.04944294219337	5	5	0.21427297932144862	-6.6178888750227935	5	5	0.43949885675382794	-7.515170845305011	4	4
pseudo_2161	0.9206984351707465	-5.126807267811739	5	5	0.9373056282119494	5.379214880421922	3	3	0.7440893590907567	-0.32809075446673885	3	3	0.870193222569462	-4.136046160508896	3	3
pseudo_2162	0.558628675903637	-5.420449614268243	5	5	0.1848633894020848	-1.3429309288658875	3	3	0.8156267376286725	-2.426928259379775	3	3	0.10998253110605723	4.029975739710071	2	2
pseudo_2163	0.8568059146997855	-5.146636707419252	5	5	0.6777864878276266	13.113559168770237	5	5	0.43396402621577945	-4.613272778716019	3	3	0.2427972606249884	-10.462978994068685	4	4
pseudo_2164	0.35711607602167694	-1.85774123554411	5	5	0.015467991339327768	-2.133516176329041	4	4	0.10421050006446948	-10.101448240531996	4	4	0.10320048331632353	5.072070429904737	1	1
pseudo_2165	0.4858792581291961	-8.22520392905057	5	5	0.03079045011865896	-2.4787460594761255	2	2	0.9380472236412319	0.08315954247272872	3	3	0.08136175076918223	3.9235891872933806	2	2
pseudo_2166	0.6767645236282662	-5.07324054819892	5	5	0.26650522510487673	9.63231438484471	4	4	0.2650582641471281	3.4178385124012203	4	4	0.4906830981850502	-8.026157651578496	5	5
pseudo_2167	0.07313752456189654	-1.2364591832427536	5	5	0.4618794039756149	7.95387958673615	5	5	0.11289343013774664	-10.40338000385751	5	5	0.5362940865006103	-6.850922741828802	2	2
pseudo_2168	0.4858788443956312	-5.645822360196551	5	5	0.08152093673472631	13.09528070134707	4	4	0.9298069406183828	-1.916381263049903	3	3	0.09376563906204681	-14.396023723929522	4	4
pseudo_2169	0.41501612077823236	-3.968546702108964	5	5	0.44618504707442797	-0.45787099260906583	4	4	0.6130083147314762	-1.461988613123543	4	4	0.15991654473201622	3.312793175638164	3	3
pseudo_217	0.20432895953323438	-8.018306395660547	5	5	0.17970233610184827	18.68354785487512	5	5	0.42821743597788886	3.4621380101996366	4	4	0.3879605814828416	-10.551178301335952	4	4
pseudo_2170	0.43933640644861516	-9.137710679174267	10	10	0.18544103444216298	4.568926349189138	7	7	0.1121683499039888	-3.777091662319595	8	8	0.9146224678125235	-6.105619360117269	4	4
pseudo_2171	0.7794809162586847	-4.3549332890124886	5	5	0.1312925199973621	13.224023345781346	4	4	0.5880998233376855	-2.875510821656984	4	4	0.12622686087550378	-14.948879671144605	4	4
pseudo_2172	0.16910376923161718	-2.138948189225848	5	5	0.04719600168918471	-2.0888897805708417	4	4	0.49912279821596517	0.7926372985316865	4	4	0.027365329474933826	3.9311293738901263	4	4
pseudo_2173	0.04647214869394505	-9.644349691914135	5	5	0.2033202895073295	-1.9802571415964678	1	1	0.15667826740018567	-10.15142945816336	1	1			0	0
pseudo_2174	0.09056638500155657	-8.221541458868563	5	5	0.06746561216355239	14.641134068462666	2	2	0.35366072005909566	2.708231743432344	3	3	0.3991102364563004	-7.843741853116469	3	3
pseudo_2175	0.1789551237492436	-1.109867414797727	5	5	0.6968929228210031	8.478907417603805	5	5	0.06220242325025436	-10.623778563595458	5	5	0.1551487042769003	-12.177454376016502	2	2
pseudo_2176	0.05664289838544475	-10.00581059479234	10	10	0.21456015576242493	10.799296120915537	6	6	0.49545616166158757	-2.6734925156741145	7	7	0.2177430870635153	-14.490930870100984	5	5
pseudo_2177	0.6186462527579903	-2.066206402672156	5	5	0.341018685407788	13.02606195628753	5	5	0.9458769563994681	-2.5821754923030635	5	5	0.3941938274343686	-10.90545535208298	4	4
pseudo_2178	0.7275105843794041	-2.523214496858315	5	5	0.7895698055667162	-0.059185995095293244	4	4	0.7506416071664626	-5.705786857708748	4	4	0.3391983571575172	3.120111630297357	2	2
pseudo_2179	0.40616923789532744	-5.703537700746625	5	5	0.33425358713590403	12.166855791333965	4	4	0.049915590492745535	7.830395993465476	5	5	0.5765566920195713	-3.7755227179756994	5	5
pseudo_218	0.13213037042225675	1.5890461821840327	5	5	0.7751490236049794	5.685117170723831	5	5	0.9458769563994681	-2.6780901019937278	5	5	0.48765525145595867	-3.247967810587659	4	4
pseudo_2180	0.8714828764276494	-5.067902161143052	5	5	0.16693734917055902	-1.327691616600174	3	3	0.4711370343617185	0.8809496545371056	4	4	0.024127040392413087	4.021502967549643	3	3
pseudo_2181	0.1140108638575509	-9.661334752130966	5	5	0.12206835477992801	-2.580954511157156	1	1	0.11410333917149303	3.7281106153591654	4	4	0.19333789936056867	3.1266758159374413	3	3
pseudo_2182	0.20211983817556323	-1.7935503660181606	5	5	0.9111406646498671	5.129628890047587	4	4	0.7917168149173295	-2.9478044747017056	4	4	0.9954978597980527	-7.027831069961695	4	4
pseudo_2183	0.6230390885826944	-5.350012715645403	5	5	0.9497042377088097	8.062541963743259	4	4	0.6008935437190663	3.4473673953227695	5	5	0.9056753424972737	-4.0154799874126015	4	4
pseudo_2184	0.7415718370059923	-2.1382351423244983	5	5	0.5834893063227444	9.654319314802017	4	4	0.28877919207998903	-6.156594743538226	4	4	0.12775627936449013	-10.819556023841665	3	3
pseudo_2185	0.14368668507737964	-8.423279756456404	5	5	0.07495396088011429	15.553477344806643	4	4	0.9133498076081545	-2.3573531186166456	3	3	0.0643372174994165	-13.648063060529239	3	3
pseudo_2186	0.05298043259609682	-9.002679157401587	5	5	0.8630400426959824	7.601549747017925	2	2	0.35906466075278975	3.4401832575157294	3	3	0.38133713658696033	-0.6211710466361695	2	2
pseudo_2187	0.2548497556450918	-1.2436036763369864	5	5	0.054065549352020965	-2.101114128212787	4	4	0.8762404736150807	-3.1002096810821604	5	5	0.05888446655723167	3.8444876304777096	3	3
pseudo_2188	0.5461451623283471	-8.586627942992093	5	5	0.7249046593296341	4.166174341069857	2	2	0.4601899462147556	2.43446859815457	4	4	0.9146224678125235	-3.872862503695449	4	4
pseudo_2189	0.7604544661741253	-5.209366709838673	5	5	0.4756794285675878	4.497224951592847	4	4	0.7574420702180449	-3.0145720150995063	4	4	0.4747295980691312	-0.9658970520064138	2	2
pseudo_219	0.4897819357414237	-3.5114084094990674	5	5	0.5250149269295951	8.757654957055529	4	4	0.6641660577844778	-2.9603382935169456	4	4	0.3366181506921624	-7.435258336119069	3	3
pseudo_2190	0.21342070685042003	-1.4948894634967804	4	4	0.5636638095829386	11.981378720173964	4	4	0.061404835682912155	-7.162798666624038	3	3	0.04340565299997722	-14.128980351145167	3	3
pseudo_2191	0.7509942820143876	-2.6317347451912063	5	5	0.19415254383584235	13.364623675883182	5	5	0.6969736928599297	-1.539616619197834	4	4	0.37322125700359077	-14.053327438659364	5	5
pseudo_2192	0.6099011220890522	-5.206151091454944	5	5	0.7360411704975673	2.571480634465155	3	3	0.7438604628886205	0.4583096163027042	4	4	0.7586785504415519	-0.7212354755099414	3	3
pseudo_2193	0.6586550979080472	-1.9745178856083274	5	5	0.6448301450738294	6.9110602308123505	4	4	0.31821145577477083	1.912031714855983	4	4	0.6557652389588101	-3.5899822513706567	4	4
pseudo_2194	0.6395377009721809	-8.502013128527361	10	10	0.09568412955074675	18.310910789026163	7	7	0.2721415104449114	-3.4354934790851597	5	5	0.01686485142148612	-17.67801923343824	5	5
pseudo_2195	0.3837010404022754	-8.21229625601195	5	5	0.9551956971570861	5.229756645795096	3	3	0.6446800677098474	0.4251165281902685	3	3	0.4454669683385002	-1.342595794104609	2	2
pseudo_2196	0.47043816224845847	-1.7245846493472359	5	5	0.8045517718924269	5.640702583259073	4	4	0.5942829781129257	-2.7534296027445766	4	4	0.6332438286069103	-4.310063090689668	3	3
pseudo_2197	0.9355312769280086	-3.999140061287323	5	5	0.9883859983561083	5.0001317952506	4	4	0.31821145577477083	0.883160005111959	4	4	0.3775440420812346	0.45286918352374794	3	3
pseudo_2198	0.1871389712852739	-1.026386591452072	5	5	0.020641158658448233	-2.1658095081198616	4	4	0.19274359968796095	-6.69047292770859	4	4	0.5469320728860858	2.668876475267652	2	2
pseudo_2199	0.19992775427065312	-8.790677214899516	5	5	0.6738180897323216	4.665494896399781	2	2	0.18639598824930137	3.9097043033477585	3	3	0.5346196128272573	-0.3255398653353125	3	3
pseudo_22	0.40441368259903376	-8.102089493057193	5	5	0.5856725270666104	8.054261832656904	2	2	0.24947963602280032	5.165639974142622	2	2	0.7177868332479136	-1.3173623841345168	2	2
pseudo_220	0.8908442124454617	-8.000225762063849	10	10	0.5893417333610584	8.513439732370806	6	6	0.9217934054314516	-4.177701917747272	6	6	0.4843743124461125	-6.641602007879425	5	5
pseudo_2200	0.19775308320482798	-1.3546877261138626	5	5	0.08037718999282659	13.537049826498404	5	5	0.6120545027664299	-3.8137636157603136	5	5	0.03733069200722202	-12.448794001222184	4	4
pseudo_2201	0.9058930701494853	-5.349365901574899	5	5	0.6450110118633418	5.673944502286047	3	3	0.20526333095266647	3.660356483839957	4	4	0.516401735382113	-2.7544666771466004	4	4
pseudo_2202	0.3164586173596865	-3.154863732760029	5	5	0.43468535458993085	1.8151506333153324	4	4	0.1958196285820677	-9.573038913644538	4	4	0.8033785783179226	-6.423328454617494	2	2
pseudo_2203	0.9009649498567089	-2.2991907590346443	5	5	0.8286769590021439	8.645263332451814	5	5	0.989286413498075	-2.2104490866729694	4	4	0.7735198011655687	-6.661779926404733	4	4
pseudo_2204	0.07932110993566056	-8.981506540569058	5	5	0.5514797989099416	7.57256769799828	3	3	0.6225390754569833	0.3597369132248209	3	3	0.8408644267658066	-5.163311912300385	2	2
pseudo_2205	0.6676856230790653	-7.848948453871941	5	5	0.9016292194903456	5.263383082925486	3	3	0.276745529081207	3.1158616033175353	4	4	0.5432560717039489	-0.3324464147004713	3	3
pseudo_2206	0.04380332357449672	-9.05297513143829	5	5	0.9066192962098384	0.6246458703522983	2	2	0.04808011693162033	10.165801147373555	5	5	0.2338129822191135	3.1806080732969604	4	4
pseudo_2207	0.13864245213360282	1.3240752869797705	5	5	0.2094378824799784	4.443211167913016	5	5	0.053763072194843185	-10.309534968676347	5	5	0.6997523304332391	-6.684052740305037	3	3
pseudo_2208	0.6186462527579903	-4.886348633532147	5	5	0.6052347830947278	2.1188491926689275	3	3	0.2928676344390907	4.037085044082115	4	4	0.29134710444941947	0.13420447322307716	4	4
pseudo_2209	0.3028410623045593	-8.204824505651729	10	10	0.9152791834459696	3.5722355405572244	6	6	0.5436979717722394	-7.679257244827025	6	6	0.6332438286069103	-2.1633388568891543	3	3
pseudo_221	0.5797369576182958	-2.0436523121427363	5	5	0.9447925407247523	7.826889818929588	5	5	0.4408861989047521	0.4946541231873905	5	5	0.34028424261055945	-2.527470455950192	4	4
pseudo_2210	0.6209633658719966	-9.515650996241261	10	10	0.7626212237241652	18.27940487242719	8	8	0.7244026115389879	-3.5381092945799897	7	7	0.8727015787974399	-11.0053301944178	6	6
pseudo_2211	0.024579366719645283	2.0727327998954315	4	4	0.14150565699796228	1.36334588920561	4	4	0.7779544356244734	0.30756329588696024	4	4	0.150187470418256	0.3541243425535902	4	4
pseudo_2212	0.4294048899459947	-1.729059739903174	5	5	0.31988481626118637	2.436426004380498	4	4	0.07557517797068605	-8.868978738143328	4	4	0.3391983571575172	-9.02414425122973	2	2
pseudo_2213	0.8714828764276494	-4.923594267906654	5	5	0.7530448034391494	2.396330872861833	3	3	0.8825741472514825	-0.465580785311126	4	4	0.9739276904749025	-0.9592435071145342	3	3
pseudo_2214	0.16151997611977198	0.9194865628247908	5	5	0.9930936381355887	9.645844105933874	5	5	0.4408861989047521	-3.527032697376376	5	5	0.5091336854681567	-8.263943698629843	4	4
pseudo_2215	0.4329411470042547	-0.9936119478260371	4	4	0.8047480249577542	2.9074416874957993	3	3	0.7036062347341507	0.34852402275216515	4	4	0.9843548320060657	-1.1674798830629987	3	3
pseudo_2216	0.24209788632308749	-1.248999644907344	5	5	0.2707041929325874	1.7093704214285637	4	4	0.8137416339758161	0.08466303433227429	5	5	0.09157544597785723	1.0869618504327223	4	4
pseudo_2217	0.46281999245848837	-8.835772345048232	5	5	0.242558810705645	9.455520598716346	3	3	0.2928586251829105	3.676478843616572	3	3	0.6721515770417354	-7.191057850973046	4	4
pseudo_2218	0.9751813225782274	-2.9565854865045043	5	5	0.2053641620752208	-1.4485613685452208	4	4	0.047383942289491034	-9.758256221623167	4	4	0.9545638056781163	1.5345134780337988	1	1
pseudo_2219	0.8763853071710093	-2.381987793995968	5	5	0.6309680799450805	6.4774313022244	4	4	0.6575842317932807	0.312311668484256	5	5	0.9954978597980527	-4.3941660137299685	4	4
pseudo_222	0.7405739082733576	-2.2772969849843245	4	4	0.8221864928668894	2.645326698318847	3	3	0.19697209428334383	-6.394364361876723	3	3	0.5765910406143703	-7.621440053485115	1	1
pseudo_2220	0.19123044704166303	-6.0656241984389565	4	4	0.6450110118633418	5.5723593578850865	3	3	0.11883761083138701	4.313688354524764	3	3	0.3172679651218048	0.3124400303493502	3	3
pseudo_2221	0.8568059146997855	-2.7744050596625214	5	5	0.9310216668684299	8.57318815518394	5	5	0.22937562220716334	-9.393829464980763	5	5	0.25266867661575065	-7.6327103672548695	3	3
pseudo_2222	0.15600279090797806	0.9435025429834476	5	5	0.134268617438573	2.3484546232090087	5	5	0.43147471869163745	-5.389583346943187	5	5	0.4214014545789403	-0.08176438612017319	3	3
pseudo_2223	0.6722190980804224	-1.8811720070926887	5	5	0.9111406646498671	5.727142538839014	4	4	0.6447811537455076	-0.4595703760806185	4	4	0.546002570572736	-4.615453440539866	4	4
pseudo_2224	0.05610851129697747	1.5270466720240963	5	5	0.018988218152013254	-2.2378988584102637	5	5	0.30854528871506803	-7.884472126943183	5	5	0.12775627936449013	2.521929924157306	3	3
pseudo_2225	0.298760737539137	-7.985684915841414	5	5	0.08764085793030735	12.385908268065053	3	3	0.05152940271762482	7.727418592789344	4	4	0.7735198011655687	-6.318681011205283	4	4
pseudo_2226	0.8276049544731802	-5.025217275756105	5	5	0.8749977433549524	5.457862924639779	3	3	0.9038090250597768	0.9780008774468932	4	4	0.9594979328990745	-6.422936266331099	4	4
pseudo_2227	0.08822019948404304	-8.697094920016056	5	5	0.35876028800311355	9.435993617242538	2	2	0.07551894400669372	6.564426674800019	3	3	0.6614247079056851	-0.5174532876020427	3	3
pseudo_2228	0.1140108638575509	-9.02195903240769	5	5	0.8198737038735534	3.7310950262785587	2	2	0.22916433125591984	-5.346559272831264	2	2	0.34424439292855846	-8.412876807272989	1	1
pseudo_2229	0.9860967855708577	-0.29569604166803554	4	4	0.4877694730954528	-0.6913536524946823	4	4	0.7303578642522341	-5.484625283095696	4	4	0.44546620600566134	2.868371783004142	2	2
pseudo_223	0.9454327084058349	-7.999283301379282	5	5	0.6210138228290025	5.695663174701046	3	3	0.16336020441535848	4.055449987877095	3	3	0.6076163265649088	-3.630513831940005	4	4
pseudo_2230	0.6230390885826944	-7.976414870553456	5	5	0.3693715154055066	11.45431264998895	4	4	0.09860983084065487	7.444713196668954	4	4	0.6804041513254775	-3.1014765117591985	4	4
pseudo_2231	0.4578775224419386	-1.9993981956993085	4	4	0.8120701353897801	8.235818392485992	4	4	0.3779039187621106	3.547790424905348	4	4	0.7821727611159226	-3.1167684932008783	4	4
pseudo_2232	0.4065655167855603	-9.74195174867628	10	10	0.3831074203499304	18.760550151923294	8	8	0.4076678708219026	-3.26246550322513	9	9	0.6573131138535276	-8.2778263622914	7	7
pseudo_2233	0.5712488369973434	-8.251693067554909	5	5	0.7960645047447044	5.779730297915404	3	3	0.17624550640352932	3.912371324420352	3	3	0.4842971604966001	-0.29609949911528616	3	3
pseudo_2234	0.8763853071710093	-4.668703973640322	5	5	0.11705614283939623	13.16545813583096	4	4	0.6130083147314762	0.46652377896703734	4	4	0.556125409513081	-13.512836338650146	5	5
pseudo_2235	0.8034497876712605	-7.009772633027107	5	5	0.36273220755321967	8.78846628303115	3	3	0.40764025984192076	3.722776312579501	4	4	0.9505079754058229	-7.369428791841834	4	4
pseudo_2236	0.832456407166889	-0.3665234177423354	5	5	0.3726273422727482	1.8660888558304436	5	5	0.34394426310712045	-6.240752472402199	5	5	0.4761670154210649	-0.2845675461364401	3	3
pseudo_2237	0.08479305274010986	-8.967189996151001	5	5	0.20820795672357084	9.57088745399467	3	3	0.39757659025278524	4.052283021915504	4	4	0.8522827053771316	-6.93161691623749	4	4
pseudo_2238	0.6274453802906375	-8.723044613591254	5	5	0.4355525207616596	8.816101037207837	2	2	0.8642286028625283	2.345291994409765	3	3	0.7192145505606329	-4.323689601478676	3	3
pseudo_2239	0.6379969763495261	-1.9560129792853187	4	4	0.5819096789887162	-0.4760808589894528	3	3	0.44938665054554716	0.6647300275149574	4	4	0.23162492637043441	3.094849508114764	3	3
pseudo_224	0.6631642422518391	-6.828205941079065	5	5	0.9731083679586155	3.187300312165171	3	3	0.1314521897793196	5.335032879022493	4	4	0.16001715967127494	0.1348821928565235	4	4
pseudo_2240	0.5015904900066251	-2.5850487169860155	5	5	0.5636638095829386	9.570192996082575	4	4	0.581946573538128	-4.821207527066519	4	4	0.28114911130345055	-12.82014104876933	4	4
pseudo_2241	0.6379969763495261	-2.2183537102809487	4	4	0.3490319799130619	5.049313775690547	4	4	0.6837782977108431	-3.175178282600261	4	4	0.878714669839499	-2.242181795695758	2	2
pseudo_2242	0.8911203398203431	-3.4608395216356445	5	5	0.1885308229987812	9.67718939060499	4	4	0.2728113645555875	2.248165300496789	4	4	0.7137900768594891	-7.162602018979109	4	4
pseudo_2243	0.45999114575029565	-3.653397646798848	4	4	0.2307279859864385	10.680172076419078	4	4	0.14086101334174347	4.85410733600714	4	4	0.7306957467461217	-4.343235805759952	4	4
pseudo_2244	0.732187752376495	-4.659885272738764	5	5	0.12370046851451348	-1.399964435532621	3	3	0.07383040147261939	-7.152399241771055	3	3	0.8642788766016822	2.2424375012266813	1	1
pseudo_2245	0.5840030858686087	-4.986144310343129	5	5	0.7874061650589533	2.2115376454709286	3	3	0.907807641304021	-3.498453455956851	5	5	0.5997471149170961	-4.375440396441033	4	4
pseudo_2246	0.4016574460117972	-9.469109108986252	10	10	0.6526315947358508	8.826142207807164	5	5	0.18920170173483186	3.8723837562058283	7	7	0.8824413725358691	-6.6733070483209715	7	7
pseudo_2247	0.7368748901163954	-3.076760486608554	5	5	0.29684812617975787	9.419405289079753	4	4	0.34954276721873223	-6.732499900076899	4	4	0.08525066033756118	-14.580645714776887	4	4
pseudo_2248	0.9157600014047256	-6.467838144996441	5	5	0.91053256242075	5.113344773422694	3	3	0.9875974675566077	-0.5462080670833803	3	3	0.7419348757734384	-2.8329263083923615	2	2
pseudo_2249	0.5095458067897338	-7.535335586110972	5	5	0.653094606225717	8.285006543316646	3	3	0.04050729676865725	9.727951258696315	5	5	0.25345533715951674	-3.5007514493677667	5	5
pseudo_225	0.8373142500307263	-5.2389612824768275	5	5	0.18861350526284248	-1.2925053070341352	3	3	0.50482407658825	1.2314686300114024	4	4	0.0643372174994165	3.583034882017395	3	3
pseudo_2250	0.7890447163452082	-5.577075010431444	5	5	0.280711910409431	7.268322309509848	3	3	0.3011605874547594	3.9277160503909894	4	4	0.9415243127734115	-4.117837642718818	4	4
pseudo_2251	0.817921935509101	-4.970449504328423	5	5	0.23452571316212845	14.081941200517079	4	4	0.7206931318682213	-4.437431574051031	3	3	0.08559518784891612	-13.384198793797916	3	3
pseudo_2252	0.14502911507413863	-9.463684403877274	10	10	0.7317591047103675	11.299729990978852	6	6	0.4339830903901917	3.616694777404337	7	7	0.9744357073290042	-7.4284020058152835	6	6
pseudo_2253	0.6722190980804224	-5.303708736498459	5	5	0.486006655545813	0.05587280661507924	3	3	0.5518471374624285	-2.7332110551256084	5	5	0.08324180167867337	3.6098666150004135	3	3
pseudo_2254	0.655191505595571	-9.468519315764803	10	10	0.7933776869188223	12.764248012081614	7	7	0.9544778541363019	-2.6190865442248548	7	7	0.5671577798820793	-11.919777987060845	6	6
pseudo_2255	0.9080864249300707	-8.620305741178692	10	10	0.996856283619797	10.974576640984923	6	6	0.5169348975727692	-3.4491398650587897	7	7	0.9146224678125235	-9.681914135342232	4	4
pseudo_2256	0.17496464993954997	-0.929543713793425	5	5	0.512440202821652	2.0163788573154875	4	4	0.6575842317932807	-3.5818833268483066	5	5	0.8522827053771316	-4.3279560166922915	4	4
pseudo_2257	0.7890445209642777	-7.157545606547502	5	5	0.9910346135778847	5.294476432751401	3	3	0.8825741472514825	-3.47869434556382	4	4	0.8660626408883095	-3.297697672669465	2	2
pseudo_2258	0.5379009760261242	-8.227125283811548	5	5	0.07338155027440356	16.60020410555657	4	4	0.7506416071664626	3.161563195930898	4	4	0.3941938274343686	-13.707122857140137	4	4
pseudo_2259	0.6087122822023954	-7.861397185338828	10	10	0.8900512093096007	9.531011410428789	7	7	0.3563736857659403	3.7784458227671354	9	9	0.27168316337907183	-10.503243008028457	8	8
pseudo_226	0.5502911856779946	-5.66566971101144	5	5	0.8309393614759716	2.928181648353704	3	3	0.9298069406183828	-0.14840589758275147	3	3	0.7192145505606329	-1.5053280715566906	3	3
pseudo_2260	0.32250776460345865	-0.5305964369160603	5	5	0.7487635757823436	8.136132515176193	5	5	0.9750049698387973	-2.454478679340657	4	4	0.8999135337047033	-10.291799487939459	5	5
pseudo_2261	0.48199329982592676	-5.65038885707168	5	5	0.9641497708737391	2.7051958958324795	3	3	0.8969297479092573	-2.215758699793437	3	3	0.9679674970160776	-2.2245862607756646	2	2
pseudo_2262	0.09056638500155657	2.0369963885752327	5	5	0.5218214434037967	7.1212807376752165	5	5	0.6233062375026152	-3.3406802384346737	5	5	0.8967401735803221	-5.504365721443475	4	4
pseudo_2263	0.5297193655755803	-5.96643650519509	5	5	0.2336189252929014	7.054172629280759	3	3	0.3779039187621106	1.120410485019602	4	4	0.7477332587832924	-7.406165809598096	4	4
pseudo_2264	0.6496740812387427	-5.118913255027899	5	5	0.7107786755206931	1.7405653100214824	3	3	0.9607315350260196	-2.831036362005769	4	4	0.3300854258991952	-1.894146896438709	3	3
pseudo_2265	0.6099014611238708	-9.083731017192854	5	5	0.6588167803021429	11.710020407231589	4	4	0.7915770994846889	-0.5378180071639179	3	3	0.6332438286069103	-7.060997598934119	3	3
pseudo_2266	0.2346657866958709	-1.0580707158308047	5	5	0.29684812617975787	1.9652358044552887	4	4	0.4711370343617185	-6.042411685355616	4	4	0.8190412486246205	-3.4370552903606844	3	3
pseudo_2267	0.3194902329160224	-9.378552058622978	10	10	0.47783572183374823	11.704151655143624	5	5	0.4796873159773156	-3.8748849668532195	5	5	0.14082510516317925	-10.203698647715308	4	4
pseudo_2268	0.4515238707559137	-4.092560545610421	5	5	0.5250149269295951	4.311554338888915	4	4	0.45477022616253426	-4.0775600329853585	4	4	0.9935918463631742	-1.9515340090040127	2	2
pseudo_2269	0.8862042246935815	-5.161471220573954	5	5	0.5291826553376806	2.084869931154381	3	3	0.28877919207998903	-9.54125712209183	4	4	0.48471335452336484	-7.1940505813444435	2	2
pseudo_227	0.7042795652049701	-1.5687619918969629	5	5	0.8727853087933759	2.315878253601961	4	4	0.38276499021287136	1.2592316714402418	4	4	0.3346003966137612	-0.22235085737357116	4	4
pseudo_2270	0.7509945103964352	-7.242131413817405	5	5	0.3452303147716379	4.558934195057606	3	3	0.8479612449946471	-0.5100958049906641	3	3	0.5874525158575528	-3.1646340800951243	3	3
pseudo_2271	0.06829094817348771	-9.262351746232783	5	5	0.9175634729307438	0.8983988411498522	2	2	0.05587335695568143	5.231623255603678	3	3	0.15606662171948552	3.312788956846841	3	3
pseudo_2272	0.6407433679318654	-5.299122089505231	5	5	0.6693837588445546	2.255820952040889	3	3	0.24271533896153497	1.5298450750463897	4	4	0.18024954779227487	0.771187794460273	3	3
pseudo_2273	0.9652592309289412	-5.491094738612399	5	5	0.07399691512698339	-1.6647315665536937	3	3	0.5105594943611125	3.2269689557155083	4	4	0.13780610498594745	3.5052683131203666	4	4
pseudo_2274	0.0593887916816968	-9.201000805319403	5	5	0.4000257220456531	9.537436318874704	1	1	0.12130772244674923	6.717822946211709	3	3	0.23162492637043441	0.10159058785562536	3	3
pseudo_2275	0.3134621468706055	0.6048513170513153	5	5	0.415840207251994	2.534882049289189	5	5	0.17582816560992787	-9.593484262857444	5	5	0.9041086739579434	-6.097289757404148	2	2
pseudo_2276	0.5297193655755803	-3.9407407735192272	5	5	0.0777052007423161	-1.6661966556331176	3	3	0.5898254521883453	-3.464932174616628	5	5	0.3391983571575172	2.0318226310150727	2	2
pseudo_2277	0.051471781582495914	0.08675674545676355	5	5	0.6217373327414673	12.395708928436072	5	5	0.21427261413623366	-3.8005795031033993	5	5	0.09046268943198979	-13.356430051031055	3	3
pseudo_2278	0.23960233878514536	-8.088619477747189	5	5	0.6738180897323216	-0.5126020078611511	2	2	0.19274359968796095	3.548836199170401	4	4	0.08800206191027513	3.588174955474205	3	3
pseudo_2279	0.0782619448325575	-0.9245045307602614	5	5	0.6943005178345667	5.794059366599481	4	4	0.1225380269514507	-9.313273933904146	4	4	0.12112169966343417	-12.384460889818195	2	2
pseudo_228	0.9305842931363861	-4.517046721823317	5	5	0.8196058656511735	5.520996709182749	4	4	0.48782365639228853	0.4364391236433905	4	4	0.690093736850814	-0.4165237938519904	3	3
pseudo_2280	0.8370827142610672	-2.4273495703714634	4	4	0.9016292194903456	2.587700091594192	3	3	0.7236377893443331	1.0441223743563828	4	4	0.6425810567694524	-0.4442895221376168	3	3
pseudo_2281	0.6362978103693628	-5.433183071793881	5	5	0.91053256242075	2.4908726461183632	3	3	0.08484400129868007	5.0622957454525945	4	4	0.10294964949136565	1.1499914941112335	4	4
pseudo_2282	0.01205167072013206	-9.725858633131036	5	5	0.46897599296122605	9.294517969366611	1	1	0.15417202080603343	6.550111205371422	3	3	0.9530885481507942	-1.0930367816231026	3	3
pseudo_2283	0.6950628133357115	-0.4507193602014922	5	5	0.5050864027188934	10.18618787728042	5	5	0.6233062375026152	-8.5421203745873	5	5	0.31248089938977675	-13.044661164450575	4	4
pseudo_2284	0.8373141891644869	-2.3626567372969807	5	5	0.3029823197833985	9.067800066913705	5	5	0.7642611754731601	-1.734632674465016	4	4	0.730695329681891	-7.226488889753938	4	4
pseudo_2285	0.07656093130966397	-9.779460004407076	10	10	0.21166376531482634	15.3971558460371	6	6	0.7243115201428526	3.2483650746208657	6	6	0.38190788496864214	-14.1356355698584	6	6
pseudo_2286	0.6407436846922145	-5.265594265725107	5	5	0.29085487661215514	-0.9543853466962187	3	3	0.8236832557969926	-2.428379250522108	3	3	0.21913857682311433	3.4445381994456064	2	2
pseudo_2287	0.8082666173373514	-8.011672553927342	5	5	0.6693837588445546	5.244739148464352	3	3	0.9710659366216815	-0.003193399476023299	3	3	0.9426801010511117	-3.481685573320225	3	3
pseudo_2288	0.1111907950776412	-9.101191403534486	5	5	0.16545847579912587	-1.6172012553744475	2	2	0.4972685477054206	0.8106896741945295	3	3	0.047279877110370024	4.445339162725545	2	2
pseudo_2289	0.58828377314847	-1.4281596524297961	5	5	0.40123074290781857	2.6377383115107698	4	4	0.8386224529315291	-3.716576009837345	5	5	0.34993123056735387	-0.5042370618493237	3	3
pseudo_229	0.7415718370059923	-5.8459198352295685	5	5	0.8196058656511735	4.830993056975399	4	4	0.7917168149173295	-3.5645437299247686	4	4	0.8408644267658066	-2.6231487215078526	2	2
pseudo_2290	0.4515238707559137	-1.6529036150855723	5	5	0.3013643756595116	1.5012778197875203	4	4	0.40764025984192076	-6.3710836761184915	4	4	0.870193222569462	-3.6086808133668797	3	3
pseudo_2291	0.47427284387426194	-8.21351222241663	5	5	0.9066192962098384	3.8439054071299026	2	2	0.67721633403525	3.040288012184155	4	4	0.4842971604966001	-0.32701201747586534	3	3
pseudo_2292	0.9157600014047256	-5.220415713886999	5	5	0.45831698880978144	6.147746711311423	3	3	0.34394426310712045	4.0019850861540185	5	5	0.7209507424395869	-6.294021736011782	5	5
pseudo_2293	0.3164584337353391	-8.01270162627086	5	5	0.3960328539241198	-0.7283246357613793	2	2	0.04839290329952478	6.8435887937273465	4	4	0.025082737926591197	4.4157314282970965	4	4
pseudo_2294	0.4185864499671491	-5.710409492274436	5	5	0.9551956971570861	0.03176787575151133	3	3	0.42790038218421644	0.9307135986936615	3	3	0.5260529796097602	2.4702051973219157	3	3
pseudo_2295	0.9256399289237022	-3.1313392851108617	5	5	0.8045517718924269	5.915444872546906	4	4	0.2973010182653696	1.5020141742884892	5	5	0.3416929377351251	-6.261668955127754	5	5
pseudo_2296	0.6722190980804224	-5.712242535153678	5	5	0.05905783121271898	-1.7219551609916846	3	3	0.8448689858851215	4.132415663093247	5	5	0.03466169623170709	4.343639441678975	2	2
pseudo_2297	0.36670357560991607	-6.0656663017742956	4	4	0.5951989102715409	4.6519160082914635	2	2	0.48422693886170476	3.292401187835233	3	3	0.7586785504415519	-1.462111222349345	3	3
pseudo_2298	0.18922741794132336	-1.2100969259415069	5	5	0.15511758053243	1.6361606213348932	4	4	0.06849786494939389	-10.035037659219327	4	4	0.6080984108440757	-7.5821595847233585	1	1
pseudo_2299	0.08576001714191973	1.7956398589392244	4	4	0.6104174060852452	5.332620460129361	4	4	0.2847293905213951	-3.7041146482221374	4	4	0.6709285657109667	-4.211701887506613	3	3
pseudo_23	0.36365107203172253	-1.5199679907798875	5	5	0.8957685370399441	8.470693274169623	4	4	0.9180048929977268	-0.05073132556886212	4	4	0.7562990515506363	-6.950165125358719	4	4
pseudo_230	0.5175666850027655	-4.780533040225496	5	5	0.8661504309338228	5.16465936205224	3	3	0.9964287091043627	0.5127567772044975	4	4	0.9056753424972737	-7.003715775843479	4	4
pseudo_2300	0.5135480946038464	-4.403726399264869	5	5	0.8957685370399441	8.889850340672547	4	4	0.8124813825897014	0.3803463065825245	4	4	0.9426801010511117	-3.880245095698006	3	3
pseudo_2301	0.8568059146997855	-5.420291694612238	5	5	0.7960645047447044	3.039949531551704	3	3	0.3053651563230443	1.5060019997315937	4	4	0.5091336854681567	-2.943628201771876	4	4
pseudo_2302	0.04716034262969203	-9.533905516672986	5	5	0.3444900172197465	8.563462259796754	2	2	0.9138666630254836	0.03895907520508057	2	2	0.9002475767852199	-5.720436765808261	1	1
pseudo_2303	0.18922741794132336	-8.832773551592746	5	5	0.5032902174367295	8.62177148887275	2	2	0.5443481470440746	2.7957446539189967	3	3	0.5519614374887956	-3.302726384370633	3	3
pseudo_2304	0.0782619448325575	-8.399242937214828	5	5	0.8910302974717612	-0.23190336790803023	1	1	0.4643586610825836	1.9020559611208556	2	2	0.21420310243379503	3.935038442543985	1	1
pseudo_2305	0.004639312468239928	2.1532083694704762	5	5	0.9379047822859787	9.211625436343352	5	5	0.49976500158851	-3.4408037738228043	5	5	0.6234911975836641	-7.402926006156868	4	4
pseudo_2306	0.3255604392692478	-1.5949852837181975	5	5	0.6172346495985822	8.921483134682395	4	4	0.45041425138240143	-3.5342755264706613	5	5	0.20828126500143163	-13.715240757223745	4	4
pseudo_2307	0.558628675903637	-4.406105378373208	5	5	0.9419791711232611	7.736347667491757	4	4	0.8386224529315291	2.747884807349614	5	5	0.9415243127734115	-3.6369863919871626	4	4
pseudo_2308	0.26028485118757516	0.7717979493202319	4	4	0.46969591937644684	1.9263564798993429	4	4	0.3730806800907843	1.4012771277925882	4	4	0.15018681341277634	0.6964479457454082	4	4
pseudo_2309	0.9206984351707465	-4.915806385744052	5	5	0.8120701353897801	9.886664532469991	4	4	0.35366072005909566	-4.636379863384717	3	3	0.22941028857035817	-10.735594110153018	4	4
pseudo_231	0.2789640387466429	-9.308893779592795	5	5	0.91053256242075	5.591310311918193	3	3	0.7206931318682213	0.32757451466366755	3	3	0.48471335452336484	-1.4466182349656185	2	2
pseudo_2310	0.33795838536770506	-6.765953930852532	5	5	0.7787740228595545	5.994598211566398	3	3	0.9464706764702553	-2.154143063189086	4	4	0.6425810567694524	-7.0750786880482766	3	3
pseudo_2311	0.30458513005889	-8.623719702022816	5	5	0.36273220755321967	9.646690920320117	3	3	0.7995728485781043	1.4565993607373173	3	3	0.22656426869830748	-6.618832085203034	3	3
pseudo_2312	0.17966094256507614	-6.432202168370335	4	4	0.6940884537482618	0.04742813123378431	2	2	0.48422693886170476	1.1122497636638569	3	3	0.11731453504427873	3.733976443080606	2	2
pseudo_2313	0.35065553994885756	-8.062004164143138	5	5	0.049250189904029004	15.120177685473529	3	3	0.4960053177108046	4.251913620587147	2	2	0.15991654473201622	-10.213538690521263	3	3
pseudo_2314	0.003185085597571857	2.834070249508688	5	5	0.8286769590021439	8.977253609680444	5	5	0.06447578159112345	-9.654231114403014	5	5	0.29134710444941947	-13.948238043293452	4	4
pseudo_2315	0.5216014881828801	-2.1639684747611674	5	5	0.4696963763709566	5.706902840159813	4	4	0.026111175874422337	-10.347323649256424	4	4	0.04910010289812848	-14.13372153552744	2	2
pseudo_2316	0.9256399289237022	-4.361757389372318	5	5	0.8573198588050641	4.675237259565206	3	3	0.9821449763779504	0.17173549257514456	4	4	0.9056753424972737	-6.323685404782663	4	4
pseudo_2317	0.6767645236282662	-4.23603868680511	5	5	0.1209826775200991	-1.4343814730968447	3	3	0.5880998233376855	-2.969636800008152	4	4	0.1646952715269291	3.5673007337551326	2	2
pseudo_232	0.8960406439005002	-2.3196303825941462	5	5	0.7086892841096155	4.2766562974606535	4	4	0.24522073349116424	1.3311303677378248	5	5	0.516401735382113	-0.2733679062749464	4	4
pseudo_233	0.9826254900266072	-3.021335243424185	5	5	0.20191296009398296	0.9506787298823447	4	4	0.21503379758473107	-6.776717683841979	4	4	0.9935918463631742	-1.8551309969219734	2	2
pseudo_234	0.39317561048986394	-5.385232769597607	4	4	0.6450110118633418	5.766964940714563	3	3	0.1665129310055834	4.423973050572696	3	3	0.5310975452440845	-3.3688319410416105	4	4
pseudo_235	0.47812463629288693	-0.06452794079338575	5	5	0.9447925407247523	6.035563681249208	5	5	0.6518184203572904	0.936189625658611	5	5	0.9879584090468192	-4.108550920741251	5	5
pseudo_236	0.3769437572472055	-4.945202066789014	5	5	0.15231852832858572	4.087887770929622	4	4	0.5898254521883453	3.114737506745783	5	5	0.4004872972660001	0.5285999299739057	4	4
pseudo_237	0.7228435456055322	-7.113134998587445	5	5	0.9551956971570861	5.798134525193832	3	3	0.8156267376286725	-0.3707605614508285	3	3	0.9739276904749025	-3.7359814453578437	3	3
pseudo_238	0.11834619338095756	-8.760275805754626	5	5	0.44372095503803965	5.391447348686717	2	2	0.6975555073053217	0.6742799736604693	3	3	0.9739276904749025	-3.906586663454277	3	3
pseudo_239	0.9652592309289412	-4.822180632588725	5	5	0.7701690854235015	3.5299195084410857	3	3	0.5397394035103334	1.7398656714057565	4	4	0.5695750601483558	-0.42466121956632047	3	3
pseudo_24	0.37026036257979356	0.6608599561450443	5	5	0.5974903878847662	4.32723410849925	5	5	0.9395211054171048	-3.0010083913720327	5	5	0.5237232041753621	-2.138072306097929	4	4
pseudo_240	0.32250776460345865	-8.838767059477895	5	5	0.6438553983082143	-0.5917347727321101	2	2	0.47777635146443165	0.9394663187847895	3	3	0.4172605263960294	2.821754042764022	2	2
pseudo_241	0.4956672771496773	-4.37422061877163	5	5	0.7530448034391494	5.499104525650027	3	3	0.6004956853184097	-1.6471771903269257	4	4	0.3346003966137612	-7.956200701037452	4	4
pseudo_242	0.04856246512004633	-8.898551981420962	5	5	0.5668351997843692	5.818364622677802	2	2	0.04383608989092389	5.643671034129363	3	3	0.4842971604966001	0.30651371459427895	3	3
pseudo_243	0.3474527819331896	-1.5695744271179102	5	5	0.8219367402807811	9.536550119358074	5	5	0.2084836405972329	-9.332271354145213	4	4	0.08094110796662266	-11.172979822051884	3	3
pseudo_244	0.40091586576193183	-7.9403634760582635	5	5	0.1704138619597052	9.639565304864922	3	3	0.32696954693354785	2.447215864933946	4	4	0.31248089938977675	-7.637879821167331	4	4
pseudo_245	0.4897819357414237	-6.838361435797183	5	5	0.8047480249577542	3.4379454347409673	3	3	0.5279679700341433	1.4178250213479622	4	4	0.5091327089768307	-0.3669498796316801	3	3
pseudo_246	0.0022501137999942776	-9.977177042287067	5	5			0	0	0.027258860073817417	10.855348514528924	2	2	0.23142511819536626	3.2534599403231086	2	2
pseudo_247	0.5135480946038464	-4.72603495598272	5	5	0.5590134710819445	1.9768075217855976	3	3	0.12895942459865242	-6.734663553684851	3	3	0.775733637906725	-6.635846618176639	1	1
pseudo_248	0.7415718370059923	-2.1501445820925045	5	5	0.8557593596037136	11.54115999069777	5	5	0.46005785930699694	-3.0956068919592155	5	5	0.3518363522262342	-12.748985622486265	4	4
pseudo_249	0.5461455430695353	-4.428020327276489	5	5	0.1209826775200991	-1.4184821936843495	3	3	0.9298069406183828	-0.08748719771713882	3	3	0.34323345256294346	2.9026462892443887	3	3
pseudo_25	0.3669464418009454	-1.9325642215097283	5	5	0.6968932143303033	9.10651832164242	5	5	0.18079431838230242	-6.709253966043775	4	4	0.25266867661575065	-7.6552188680205075	3	3
pseudo_250	0.9900711838499728	-7.842455995705506	5	5	0.4194785119548996	-0.9951657933736859	2	2	0.09910400881754475	11.013469856232343	5	5	0.12622686087550378	3.5779123601686735	4	4
pseudo_251	0.3255604392692478	-1.8101647595341877	5	5	0.07495396088011429	-1.9728112013045678	4	4	0.0435225800109206	-10.810826887956232	4	4	0.43170487608642827	3.2903514348339824	1	1
pseudo_252	0.26272134136199177	-8.449656089088347	5	5	0.44372095503803965	-0.9543049932383942	2	2	0.5974380593564863	-4.533175375636153	2	2	0.7068828428416181	2.585788550008476	1	1
pseudo_253	0.817921935509101	-2.21535151366242	5	5	0.6943005178345667	6.3760304070839355	4	4	0.1837287658766158	-9.612853233763415	4	4	0.15053584357754385	-12.571289209993164	2	2
pseudo_254	0.2346657866958709	-8.939651818681362	5	5	0.3510034941306043	9.611616920409547	3	3	0.5863923852536876	0.7560126412303706	3	3	0.4265436590750734	-7.626560786105558	2	2
pseudo_255	0.4294053276373695	-5.579007235765779	5	5	0.29684812617975787	9.149416256085031	4	4	0.29763984974454905	1.5933339834037603	3	3	0.9146224678125235	-6.994308333146791	4	4
pseudo_256	0.9355313379491793	-5.189609109200014	5	5	0.6518081506179378	6.051587094527529	4	4	0.67721633403525	-3.7003426585792725	4	4	0.7663397108792154	-2.754115365290613	2	2
pseudo_257	0.7275105843794041	-3.9385559894516793	5	5	0.6210138228290025	3.8116343105037185	3	3	0.5935435240401093	0.4772731810692839	3	3	0.8088953673293188	-1.76310165505467	3	3
pseudo_258	0.7986404115160997	-2.4468590688257117	5	5	0.7231827651624472	2.515531365279344	4	4	0.7779544356244734	-2.8964033437742867	4	4	0.7487488115809312	-1.4067656063682705	3	3
pseudo_259	0.36365107203172253	0.3103869172029393	5	5	0.31533519160511525	10.504847458676513	5	5	0.8013696910045166	-4.837794836155999	5	5	0.2520215298219919	-11.11937099014469	4	4
pseudo_26	0.08487497800996935	-9.89352998101542	10	10	0.665161924134298	9.533432680528351	5	5	0.255394442857068	4.298146563087985	8	8	0.5799380459781587	-11.151405274865326	7	7
pseudo_260	0.9900711800828141	-5.102889297635691	5	5	0.9188395025106885	5.080255317930603	4	4	0.7848270460647115	-0.2305634532919393	4	4	0.9426800070425339	-0.7560313527466542	3	3
pseudo_261	0.6099014611238708	-9.109301179988398	5	5	0.41849150319104855	4.43078759705455	3	3	0.0942603828191471	-9.670430828395713	2	2	0.13549271670428376	-17.388631174877585	1	1
pseudo_262	0.7368748901163954	-2.1452141214717506	5	5	0.5062122435155483	1.9572548404224872	4	4	0.5279679700341433	0.7325049490827733	4	4	0.3179183394988778	0.2218976250293411	4	4
pseudo_263	0.8616929960378168	-2.3761986485222084	5	5	0.5187078775333873	10.259522098096802	4	4	0.4456357154831676	4.119406935145242	5	5	0.8287341186136418	-7.462557156200448	5	5
pseudo_264	0.24866405542072023	-5.694112057665154	4	4	0.10788941995581612	11.12946542457274	2	2	0.6225390754569833	0.7433409107866743	3	3	0.34323345256294346	-7.996667068293501	3	3
pseudo_265	0.7604544661741253	-5.204735711831955	5	5	0.6052347830947278	-0.43231276987972694	3	3	0.7677242252264775	-2.6391827631088947	3	3	0.6128668279862757	2.554647120805	2	2
pseudo_266	0.6933733195403846	-8.662294830879356	10	10	0.8284389597965358	8.82862307266409	6	6	0.8977846670919247	3.1585719690385403	8	8	0.48939663820498036	-7.612110721023977	6	6
pseudo_267	0.45759225215665966	-4.687419951308223	10	10	0.34718755725480943	5.10803804552322	8	8	0.3751129857793267	-9.475259557743332	9	9	0.9024832098988784	-9.786763611368912	7	7
pseudo_268	0.9305842931363861	-5.174168209050613	5	5	0.6131018897789341	2.159370569161849	3	3	0.9522362542243128	-2.9651923236104563	5	5	0.44440666275458174	-0.2549378969678724	3	3
pseudo_269	0.6452024868246745	-5.640150951952157	5	5	0.21229788944136307	-1.1769714013272476	3	3	0.1897032285720649	-3.6253420623962005	4	4	0.1978601637281051	3.9775159858486218	1	1
pseudo_27	0.35065553994885756	1.026593255210254	5	5	0.9516844289227376	5.576614397339061	5	5	0.971330786337283	-2.6634589926064582	5	5	0.7735198011655687	-4.064221098845074	4	4
pseudo_270	0.7604542458970857	-8.054576686375855	5	5	0.49452959113685724	3.2377383960511033	2	2	0.16664249186409763	6.849483800388079	4	4	0.2473792923762549	-0.13713657949347832	4	4
pseudo_271	0.32250776460345865	-1.3931091506705797	5	5	0.17581452123610486	1.4556837439307067	4	4	0.29699475554000754	-6.178327352781976	4	4	0.5153352157599448	-1.3939086685418887	2	2
pseudo_272	0.42217479359723453	-6.166737830179744	5	5	0.8134556994139727	5.719069241723279	3	3	0.26123919020140496	-3.5016631903565467	4	4	0.1888997225385911	-10.787348934041452	3	3
pseudo_273	0.09540924808842004	1.6961203314260571	5	5	0.5106331544712213	5.258916944579407	5	5	0.32396963840919635	-6.124035556207727	5	5	0.8496546027760271	-4.030131303975627	3	3
pseudo_274	0.9496294195812913	-8.189765449223618	10	10	0.6783484824537132	7.788093899359416	7	7	0.21781672191269597	-10.033049279926972	7	7	0.9594979328990745	-6.752246709338095	4	4
pseudo_275	0.436707313413085	-5.59492935480717	5	5	0.7701690854235015	2.5775109802946816	3	3	0.8398513384489055	-2.81759938162226	3	3	0.9423761816144207	-2.4362866507787566	2	2
pseudo_276	0.8316414372105649	-2.49249392565861	4	4	0.2879520565294309	9.478736710017534	4	4	0.6079642306958895	-3.0934679794802733	3	3	0.16783118503704242	-8.117261318058398	3	3
pseudo_277	0.3522901549534211	-9.504294914070039	10	10	0.5388371576054826	5.389339688316851	5	5	0.49470412497351524	-2.593610561892133	5	5	0.9322814328926539	-3.70703678824977	3	3
pseudo_278	0.17895528865762855	-0.5442705693944037	5	5	0.5441687725618416	5.213467168231009	4	4	0.9458769563994681	-0.0852151353994135	5	5	0.5019195834933028	-3.3823840882493585	4	4
pseudo_279	0.9206984351707465	-5.2309334323831616	5	5	0.46375515388477917	9.231941437582126	4	4	0.9793305924486801	-2.3666149781471275	3	3	0.7388605626131051	-6.64696917205218	3	3
pseudo_28	0.8633670441809409	-9.04862564013319	10	10	0.9073260088950474	8.857997705328733	7	7	0.9224250207606992	-3.797941975147881	7	7	0.7897512664994254	-3.390753509148734	5	5
pseudo_280	0.6012120155842655	-7.906593917941858	5	5	0.6738180897323216	4.797400738648251	2	2	0.8398513384489055	0.15596693877556503	3	3	0.8033785783179226	-2.2433465163767417	2	2
pseudo_281	0.21564096291570856	-8.636553762104478	5	5	0.29085487661215514	9.496236702983147	3	3	0.3730810668679674	3.6230354886065492	4	4	0.8346222032624742	-7.164966224356761	4	4
pseudo_282	0.16339140663094376	-8.269491031523641	5	5	0.24711785755020887	11.584722102062686	3	3	0.12693421506009953	3.8895230441173574	4	4	0.6804853578260546	-4.4526854338227295	3	3
pseudo_283	0.3171891982467975	-5.636065336926382	4	4	0.6612191297896182	5.67905103006207	3	3	0.29969435901239916	1.9055888357117925	2	2	0.7094597418423237	-3.1988653233886324	3	3
pseudo_284	0.61426700126977	-1.9219296755995903	5	5	0.17581452123610486	2.0176288937253477	4	4	0.34039736909808804	-6.185552979381576	4	4	0.7419348757734384	-2.651186743684255	2	2
pseudo_285	0.3669464418009454	-1.8549093776840795	5	5	0.1148059094577314	10.061523443415687	4	4	0.6064625440408173	1.1617122780517375	5	5	0.5628964615877876	-10.636604080899202	5	5
pseudo_286	0.8862042246935815	-2.6575435984626568	5	5	0.6378832840984665	3.8975188850044375	4	4	0.22629604998304287	1.7784062634537978	5	5	0.34028424261055945	0.04606012624343888	4	4
pseudo_287	0.7509944190436915	-0.35240974981833423	5	5	0.9930936311473115	6.478958799211891	5	5	0.10582038773086039	-9.667554255373712	5	5	0.0932325967168777	-13.334400843311329	2	2
pseudo_288	0.6186462527579903	-5.087599594758568	5	5	0.024968430488160852	15.85835026566025	5	5	0.4656456161542012	0.5501163043761048	4	4	0.08811071420929292	-14.64146959853384	5	5
pseudo_289	0.5947317069606286	-5.24426668047123	5	5	0.7746652364788146	10.840110849842196	4	4	0.7848272159006097	-0.4948380045298699	4	4	0.4681122442692611	-6.363025070857841	3	3
pseudo_29	0.18422470965026339	1.1817475487008136	4	4	0.7672435995177201	5.256301668237744	4	4	0.6837782977108431	-2.8541097008993788	4	4	0.9947846469098508	-3.6919169268290006	3	3
pseudo_290	0.7954626767122825	-9.287131504870628	10	10	0.6223593511099313	9.770616615010175	6	6	0.8987316330922133	-1.8652389809336531	6	6	0.5903712867161419	-7.5094691473778825	5	5
pseudo_291	0.6996657919968424	-4.35587489393319	5	5	0.91053256242075	5.884216745087143	3	3	0.6641660577844778	1.495013510827847	4	4	0.9843548320060657	-4.16613321332635	3	3
pseudo_292	0.5840030858686087	-4.653656030716969	5	5	0.7530448034391494	6.241974828104932	3	3	0.4601899462147556	1.5357269903808548	4	4	0.7821727611159226	-6.779591944144632	4	4
pseudo_293	0.6452024868246745	-4.691771574325134	5	5	0.40568305810496186	1.5551052543027175	3	3	0.7642613605846441	-2.749492001607933	4	4	0.7786313571194479	-2.051205911474367	2	2
pseudo_294	0.6541583310256902	-5.509927904859322	5	5	0.7746652364788146	5.464054886548188	4	4	0.12693421506009953	-10.47068983367329	4	4	0.35599598885623307	-8.27300625318695	1	1
pseudo_295	0.6813217547898165	-2.7462327556874455	5	5	0.737776224888011	2.375435314804261	4	4	0.7044213525617156	-2.80703090252025	5	5	0.7487488115809312	-3.9474510921097767	3	3
pseudo_296	0.2110633658349801	0.8249786617840954	5	5	0.5855301570288951	2.2432792072594983	5	5	0.3398876957107806	-6.689125503881052	5	5	0.9426801010511117	-1.0360891809383748	3	3
pseudo_297	0.952301204074033	-8.033745848576594	9	9	0.6733257970937471	8.374327904982728	6	6	0.8301334957045305	-1.287338523161529	6	6	0.8439438433004773	-7.756015821661059	6	6
pseudo_298	0.8565221634541369	-7.965557795013896	10	10	0.8046175989259587	12.923867275953578	7	7	0.2660183308194033	2.2011109240351647	8	8	0.4517539452564707	-11.71583933949635	8	8
pseudo_299	0.3474532392855063	-1.2598985598971293	5	5	0.4290002941849582	2.0443671227831874	4	4	0.6383719837888497	-5.832786098074763	4	4	0.4080975662807528	-1.085367512084154	2	2
pseudo_3	0.58828377314847	-6.360247745099298	5	5	0.5742290562137042	2.543598257074463	3	3	0.6903642313594627	-3.243351248412196	4	4	0.5153352157599448	-3.5358119030561075	2	2
pseudo_30	0.1258578066553082	-1.26341903057374	5	5	0.4877699208270171	8.93124390030957	4	4	0.5516407814164297	0.5670904568363121	4	4	0.6314953451444454	-6.792893969093494	4	4
pseudo_300	0.4185864499671491	-1.3621388893071202	5	5	0.8423105224700136	5.921124142812733	4	4	0.5338372966057576	-5.865651748455274	4	4	0.4289911441296608	-7.305246172803975	3	3
pseudo_301	0.7368748901163954	-5.424082948092678	5	5	0.45785602422965666	8.685030339635025	4	4	0.2650582641471281	3.2306312053313135	4	4	0.9954978597980527	-4.0233431953264995	4	4
pseudo_302	0.30166357601368754	-1.3563859426106923	5	5	0.98618779371086	8.827280282643672	5	5	0.1897032285720649	-6.59819158417504	4	4	0.48765525145595867	-10.254267284296196	4	4
pseudo_303	0.3255604392692478	-3.99249745319165	5	5	0.8047480249577542	4.858053279095717	3	3	0.28877919207998903	-3.9387205278641724	4	4	0.6332438286069103	-7.034176292047413	3	3
pseudo_304	0.5502908074515618	-1.566219574970199	5	5	0.9342595588314601	2.1053847350985233	4	4	0.5359466461594868	-2.9515082802323835	5	5	0.9011617330967618	-3.1630839901540617	3	3
pseudo_305	0.8034497876712605	-5.031198184597028	5	5	0.4756794285675878	11.515458578398741	4	4	0.6064625440408173	3.5989431567056855	5	5	0.9146224678125235	-7.781434707113937	4	4
pseudo_306	0.5987045793488504	-1.8695607442665594	4	4	0.7360411704975673	5.677027808343475	3	3	0.5104949295562309	-3.7557172497439804	3	3	0.27119373272877434	-8.491670580927142	2	2
pseudo_307	0.42217479359723453	-1.74811690982832	5	5	0.7304672979806208	4.909007636806181	4	4	0.10231619179455752	-9.160884520016873	4	4	0.500780752311927	-9.008896229834912	3	3
pseudo_308	0.02989180613487807	-9.109417182566519	5	5	0.1343025257395668	14.063303513217699	2	2	0.24788414358594646	5.475963528863094	3	3	0.6519751063056869	-4.691153051031921	3	3
pseudo_309	0.9950354958272145	-4.8834378566150365	5	5	0.2708118684024159	-1.1428345808720202	3	3	0.8896438386926945	-0.46995851860536275	4	4	0.12775627936449013	3.3672836619702253	3	3
pseudo_31	0.06282684818766202	-8.510080010653637	5	5	0.7991635770384679	2.59666804005927	1	1	0.036780013771500385	7.674762984406076	3	3	0.07224935752728848	3.65478568784012	3	3
pseudo_310	0.06735403736917556	1.3527782156722212	5	5	0.8625579054899102	6.392241308085861	5	5	0.26181832980736963	-9.30939683357124	5	5	0.4842971604966001	-7.154071386344416	3	3
pseudo_311	0.8714828764276494	-4.315296310955549	5	5	0.044624148358909065	16.115245034383864	5	5	0.8473768334886252	-0.3974027107309981	4	4	0.046387853665761904	-11.678264792647596	4	4
pseudo_312	0.04856246512004633	1.8643190900030204	5	5	0.23567560908473884	-1.0589616904268535	5	5	0.3818339688109085	-6.796261132768859	5	5	0.6709285657109667	2.3334542917614978	3	3
pseudo_313	0.847048385969405	-2.475247023908062	5	5	0.45140931243790294	8.706415302295637	5	5	0.10931182552550861	4.7139383838571085	5	5	0.5973352547426559	-2.583737432856903	5	5
pseudo_314	0.7509944190436915	-4.599953853467192	5	5	0.4184910163523745	6.407764583818067	3	3	0.08647442893660559	4.31931765515069	4	4	0.7562986713193824	-3.070575038276772	4	4
pseudo_315	0.1913329945721184	-6.5836478498046	5	5	0.19628151064400223	7.569544320508889	3	3	0.3925681765912359	1.4076258540369493	3	3	0.5695750601483558	-4.590658992092176	3	3
pseudo_316	0.8519243171368087	-4.490578047452984	5	5	0.15795551721759393	12.948691603410348	4	4	0.3700272644953272	-5.553986134810803	3	3	0.03151443453579861	-14.084478282015402	3	3
pseudo_317	0.3557068893473061	-6.175561314418567	4	4	0.3452303147716379	9.12198577224733	3	3	0.4230172534115033	3.4145000066823936	4	4	0.4214014545789403	-4.6726472069165	3	3
pseudo_318	0.2901644262743599	0.07865969111789546	5	5	0.815209639059159	4.638922523451609	5	5	0.907807641304021	-2.046792462656635	5	5	0.6836432420740733	-6.692247953064462	5	5
pseudo_319	0.7042798325092905	-4.262577445444536	5	5	0.9188395857235161	8.227322440719437	4	4	0.3755857182410437	-3.581328315787374	3	3	0.5432560717039489	-6.846812929637152	3	3
pseudo_32	0.37359280978245646	-8.379487158565171	5	5	0.7145800531516097	4.34264345849275	2	2	0.9875974675566077	-0.08972121756534718	3	3	0.5257612504335041	-1.5721589700114542	2	2
pseudo_320	0.3345402599725532	-8.092594525968364	10	10	0.17829800443421806	4.4453485840341385	7	7	0.4559705490237784	-3.609509839136036	9	9	0.6043363339783826	-3.4782733472263936	5	5
pseudo_321	0.6252404292909874	-2.2310855843465665	5	5	0.9342595588314601	2.5746922926833142	4	4	0.3730810668679674	-5.9922737178085645	4	4	0.9168442200344347	-2.4397263513366223	2	2
pseudo_322	0.29301117298268564	-1.8052650173224112	5	5	0.23836750553462438	-1.192839336096288	4	4	0.44938665054554716	-5.823473572575881	4	4	0.28543408693050465	3.215788197930796	2	2
pseudo_323	0.08256870916577654	-9.397931828040766	5	5	0.4355525207616596	-0.5246696279183056	2	2	0.6298828444056537	0.8163996032677545	3	3	0.2441931724134183	3.3614114169922145	2	2
pseudo_324	0.6274453802906375	-5.658392462083612	5	5	0.5636638095829386	5.868756050745496	4	4	0.9215741764562343	-2.431215746617023	3	3	0.5260529796097602	-4.31028202236373	3	3
pseudo_325	0.1453990114417776	-6.592182022295198	5	5	0.2879520565294309	9.892392228043903	4	4	0.7129508910566227	-1.3701727894828768	3	3	0.7094597418423237	-6.7020841236914634	3	3
pseudo_326	0.23960233878514536	0.9861755857359094	5	5	0.4462250366937085	4.964424973076043	5	5	0.7890473627285242	-0.7647268341073344	5	5	0.6043363339783826	-3.017290853761858	5	5
pseudo_327	0.8034497876712605	-6.356740231466914	5	5	0.759843249062373	6.2871203573007906	4	4	0.31235507764832626	3.1450702612836055	5	5	0.5091336854681567	-0.27914480517967694	4	4
pseudo_328	0.8568059146997855	-2.8361050811978203	5	5	0.5901692780308903	6.342090251237381	4	4	0.6837782977108431	-5.443141371234655	4	4	0.3300854258991952	-7.780361488030343	3	3
pseudo_329	0.16861997012070407	-0.862274218310718	4	4	0.8134556994139727	2.3350884457959604	3	3	0.1585607198787944	-4.065787112025757	4	4	0.8660626408883095	-6.8912071773964225	2	2
pseudo_33	0.2967488964405467	-9.110688538006466	10	10	0.5162115811839872	2.5312857322637554	5	5	0.9275699094886332	-3.2284778488855586	6	6	0.5175570596062204	-0.21314453058644092	3	3
pseudo_330	0.2110633658349801	-7.956325684462766	5	5	0.486006655545813	8.263898490516297	3	3	0.6521322862776109	0.6735699804702501	3	3	0.3775440420812346	-7.093766605775045	3	3
pseudo_331	0.23222452898372214	-7.760979162038574	5	5	0.3375565250412813	10.098737378175636	1	1	0.03349620187222074	9.45317531706395	4	4	0.631494795520001	-0.49330026173252445	4	4
pseudo_332	0.13373574034475394	0.8752998205125936	5	5	0.3498694746360306	1.4554090001001943	5	5	0.8137416339758161	-1.6758399324905566	5	5	0.5091336854681567	-0.44946417639956415	4	4
pseudo_333	0.26272134136199177	-1.2388628167151923	5	5	0.512440202821652	5.063596991515799	4	4	0.6641660577844778	-2.7756759008937735	4	4	0.9115204920746716	-3.4117113665291137	3	3
pseudo_334	0.444080315155052	-8.62169373908945	5	5	0.8956928218066482	-0.15187902763945527	2	2	0.337759347277515	3.2145631848066323	3	3	0.690093736850814	2.2415693299647352	3	3
pseudo_335	0.6950625385894447	-4.435857972062909	5	5	0.06649662216515523	16.479970679709243	5	5	0.9180048929977268	-0.23640862345581745	4	4	0.058720565154133104	-11.997654494699072	4	4
pseudo_336	0.3048463826064769	-8.724639602287183	9	9	0.5702357456982041	2.2499255251104766	4	4	0.05959322809013385	9.150508509406386	7	7	0.1619696716097384	0.06240859916456021	7	7
pseudo_337	0.8324562505932791	-4.668384996173143	5	5	0.19850423358211944	13.245639974584549	4	4	0.7236377893443331	-2.3032027255833154	4	4	0.14082510516317925	-14.781333837160998	4	4
pseudo_338	0.12432649863775432	-0.29369424672796285	5	5	0.4696963763709566	1.7296036490852433	4	4	0.41785423424614665	-5.641632827452754	4	4	0.39905555634338286	-1.2644841685126993	2	2
pseudo_339	0.12280976400821118	-8.652154790962111	5	5	0.1530844822593753	-2.237908350733358	1	1	0.5204749477213951	4.286102808600207	2	2	0.8283245204925728	2.1395746397916016	2	2
pseudo_34	0.2574551853476157	0.9429302654540043	5	5	0.4886385002682745	4.727833755555546	5	5	0.3818339688109085	-6.323951824781772	5	5	0.6709285657109667	-3.9306010977211074	3	3
pseudo_340	0.5135480946038464	-2.6080055965555355	5	5	0.4696963763709566	1.9613850905921868	4	4	0.175030075157378	-6.741672729826632	4	4	0.9296011428204549	-2.2961069695133065	2	2
pseudo_341	0.07267362553705249	-8.368726873367246	4	4	0.028715431444733413	19.09235534244544	2	2	0.04929682783507656	9.877498530621555	2	2	0.6147447779785216	-7.06942469812422	3	3
pseudo_342	0.4590374917318992	0.4262735375123712	5	5	0.6526315947358508	5.985030948551517	5	5	0.3010182717910308	-9.375872991553026	5	5	0.7487488115809312	-6.857553680761999	3	3
pseudo_343	0.8568059146997855	-4.229708053746619	5	5	0.4120577666654196	-0.867672019801701	3	3	0.6383719837888497	0.23860943162443884	4	4	0.1888997225385911	3.2029507435479245	3	3
pseudo_344	0.732187752376495	-5.562292086605461	5	5	0.6036337845565438	4.734202543391118	4	4	0.8896438386926945	-2.178261292632329	4	4	0.4138911185318803	-2.78877038827534	3	3
pseudo_345	0.3669462599849117	-5.558051829880559	5	5	0.7024260669542062	0.6160957679704175	3	3	0.09429308095361981	3.9030114525522204	5	5	0.11541922717736103	3.4384467785410955	4	4
pseudo_346	0.18922741794132336	0.7163466894732681	5	5	0.3867123504782699	1.8622122081335917	5	5	0.34803160779753595	-6.363171295051271	5	5	0.7887013088790334	-0.6963869452205085	3	3
pseudo_347	0.9702197005574611	-5.695972294785919	5	5	0.2707041929325874	12.21786788066134	4	4	0.15398646893886497	7.151214284016095	5	5	0.9558683496593806	-7.473775981304896	5	5
pseudo_348	0.9652592309289412	-4.230182078562671	5	5	0.5819096789887162	1.5741984116265388	3	3	0.39757659025278524	-3.348607858694317	4	4	0.9935918463631742	-5.389948015193818	2	2
pseudo_349	0.30458513005889	-8.325474488326357	5	5	0.367966020383389	-1.6067071551068057	1	1	0.9644759079679127	-0.28872173113692146	2	2	0.4869832511686737	3.0970546840471593	1	1
pseudo_35	0.8763853071710093	-2.7639255578602975	5	5	0.624085036583969	2.233291073018252	4	4	0.17789481700628373	-9.416890886423957	4	4	0.37266192245426943	-7.515714076339268	2	2
pseudo_350	0.5256524127204181	0.18890980819478595	5	5	0.6968932143303033	5.923807458318937	5	5	0.8448689858851215	-2.677523637833868	5	5	0.7821727611159226	-4.175281367841102	4	4
pseudo_351	0.8207833067474125	-4.883413743934072	4	4	0.7701690854235015	8.158597183336106	3	3	0.6332281043735946	-0.518085282561216	2	2	0.4681122442692611	-7.293720757650907	3	3
pseudo_352	0.33019434833018746	-5.046861799585735	10	10	0.6689455775371269	13.888283298614184	9	9	0.23751983868305415	-9.880999955220497	8	8	0.15452669596214919	-13.611258164260718	5	5
pseudo_353	0.5095458067897338	-6.798357222092666	5	5	0.16693734917055902	9.271735656143347	3	3	0.7362631011606913	0.533533054056838	3	3	0.34737795093212276	-7.742939520827132	2	2
pseudo_354	0.4185864499671491	-4.0697346567597945	5	5	0.4817040375956898	11.789825592289697	4	4	0.6460733503006777	1.7592192585325168	5	5	0.7562990515506363	-7.231904507791132	4	4
pseudo_355	0.832456407166889	-5.0321504043012455	5	5	0.8804354453037812	4.658902097646021	4	4	0.869948956281305	3.3597845560501445	5	5	0.5607347604558015	0.18466405070722539	3	3
pseudo_356	0.13213037042225675	-1.8545971776999737	5	5	0.19181337873116067	1.7859812842710578	4	4	0.06197464242807205	-10.570023099077952	4	4	0.7932501047089533	-6.284699017128622	1	1
pseudo_357	0.3769437572472055	-8.813887708307922	5	5	0.6612191297896182	8.360745656473487	3	3	0.6298828444056537	-3.169242533730531	3	3	0.18510478485867088	-12.138136652642816	2	2
pseudo_358	0.3237441557079417	-8.698775698375847	10	10	0.07260975385285943	17.72727001055374	8	8	0.02833815955458716	5.872042317566084	6	6	0.7616140246973356	-13.798850285893025	8	8
pseudo_359	0.5095458067897338	-1.029267305526836	5	5	0.42335870036441137	2.2191253935458395	4	4	0.5734018581617215	0.9793714584206182	5	5	0.3879605814828416	0.6960666385104899	4	4
pseudo_36	0.2548497556450918	0.4440962032793669	5	5	0.40111752317354443	5.333623790186377	5	5	0.6064625440408173	-3.079354755995913	5	5	0.739198500347517	-3.130441842016044	4	4
pseudo_360	0.3104844107764888	-6.370302549073302	5	5	0.1704138619597052	7.494873792641876	3	3	0.28877919207998903	1.2916931432834253	4	4	0.6332438286069103	-2.913233725625164	3	3
pseudo_361	0.10842607458344748	-8.815185354258876	5	5	0.7043074230497807	8.407790456085658	2	2	0.9138666630254836	-1.472205422344346	2	2	0.2592618889887177	-10.016462442056014	1	1
pseudo_362	0.015370991977354347	-9.409689591413274	5	5			0	0	0.024706195293483047	10.709092231350775	2	2	0.21913857682311433	3.3993493189810184	2	2
pseudo_363	0.7794809162586847	-4.851481322157024	5	5	0.21901753370388066	15.804151502912203	5	5	0.23538793270223446	-5.8723099474150375	3	3	0.0476399359759143	-14.007799097499374	3	3
pseudo_364	0.7653719716401866	-9.134111585514072	10	10	0.21748501242470464	4.703563725350722	6	6	0.0663229940302413	-10.603017375089227	6	6	0.7306957467461217	-7.335717377051101	4	4
pseudo_365	0.7604544661741253	-2.6380345741914524	5	5	0.9574340344660829	3.3656820724023433	4	4	0.3779039187621106	-5.880595390489301	4	4	0.8913977488082454	-2.200022484989503	2	2
pseudo_366	0.9982619294734721	-7.971068357759395	10	10	0.5677889924473452	10.303902827376685	6	6	0.6060912905774085	2.9350517071136086	9	9	0.6512148251395659	-11.359291295939185	7	7
pseudo_367	0.022399670329201656	-8.812239081795854	5	5	0.03079045011865896	19.033515446129293	2	2	0.1788958784822936	9.837701675237133	1	1	0.2642592074011081	-11.499621563435156	2	2
pseudo_368	0.6904710477780982	-7.346411729872176	5	5	0.9641497708737391	5.117835264431326	3	3	0.9462941466553159	0.007360594027184049	3	3	0.9168442200344347	-2.509716517437921	2	2
pseudo_369	0.7723297380238883	-2.9423699344005936	5	5	0.21578996344797174	13.324557149718359	5	5	0.4747375370464101	1.3590897382512723	5	5	0.556125409513081	-10.657292613463325	5	5
pseudo_37	0.4937010106858625	-6.070555128271535	5	5	0.2835721453888159	9.696878152642002	4	4	0.8236832557969926	-1.6197415999873395	3	3	0.5260529796097602	-6.324661996459515	3	3
pseudo_370	0.7488032693851061	-8.52751950225739	10	10	0.5310055109173346	12.418821505572192	6	6	0.6677445083403243	-3.4415500053923473	8	8	0.836785242829008	-8.931105293370472	6	6
pseudo_371	0.16151997611977198	-0.813637264432954	5	5	0.021178886774044475	-2.100709212711479	4	4	0.56366968184805	-3.025799869292158	4	4	0.06624492456581227	3.7625586319006437	3	3
pseudo_372	0.5379009760261242	-8.01377146754873	5	5	0.09999348038522843	15.603337300017563	4	4	0.2689156316771262	5.401006503381268	4	4	0.2473792923762549	-8.63107132225653	4	4
pseudo_373	0.3411046490238926	-0.6365241124284515	5	5	0.788441913558757	4.8895090131267684	5	5	0.8137416339758161	-3.5313078231827237	5	5	0.8496546027760271	-2.610812536704705	3	3
pseudo_374	0.6950628133357115	-5.6374544879116515	5	5	0.543996372783599	1.9456343146605153	3	3	0.19697209428334383	-6.4325034274766	3	3	0.775733637906725	-6.635846618176639	1	1
pseudo_375	0.6904710477780982	-1.9076231782307014	5	5	0.16670530773790282	-1.414773320370997	4	4	0.40258957396551287	-8.466480996964174	4	4	0.09391203629376296	5.119903760831	1	1
pseudo_376	0.18207793612329992	-2.6607034853641074	9	9	0.12587704816312337	2.3358565877654973	8	8	0.656361913239192	-3.149641161042391	9	9	0.024866143463877506	0.7238799082666576	7	7
pseudo_377	0.9009649498567089	-4.397737258306851	5	5	0.9194471539626119	2.78692212305253	3	3	0.22173097649935758	4.437294018011984	4	4	0.43284943323702774	-0.39067635082632624	4	4
pseudo_378	0.8616929960378168	-5.030271506752665	5	5	0.5974132364292704	3.7875412312120957	3	3	0.7169387434419567	0.8353066998700062	4	4	0.6804853578260546	-2.485382600010749	3	3
pseudo_379	0.7275105843794041	-6.805252996808741	5	5	0.6450110118633418	-0.07989192961959812	3	3	0.08323828133712566	4.7747109784969775	4	4	0.046387853665761904	3.9731550848266153	4	4
pseudo_38	0.6631642422518391	-1.8504438141013748	5	5	0.4462250366937085	6.879413362941688	5	5	0.1683046222215301	4.200720784415684	5	5	0.10853066049665393	1.386549347494481	5	5
pseudo_380	0.5175666850027655	-2.436373248296413	5	5	0.7451089369951867	5.496885788819909	4	4	0.8511252879615737	0.21341272534047798	5	5	0.8082897813269934	-3.988194481725683	4	4
pseudo_381	0.7368748901163954	-2.484801865581782	5	5	0.6172346495985822	2.3153010314911175	4	4	0.7917168149173295	-2.818199348603581	4	4	0.7686482492938345	-0.5580192278000334	3	3
pseudo_382	0.2040924312951503	-9.18358654084359	10	10	0.2594291259404897	15.864915852249604	7	7	0.16698056741880007	10.275670391612572	9	9	0.5684232301100989	-10.778235025984202	7	7
pseudo_383	0.8519243171368087	-4.7549755663677615	5	5	0.16374911722387264	12.788269997601793	4	4	0.48782365639228853	1.440743295867825	4	4	0.6557652389588101	-10.649081851456488	4	4
pseudo_384	0.09790729208426303	-1.0417062213220973	5	5	0.3294184449374762	1.6399646753515071	4	4	0.5279679700341433	-3.234718969538868	4	4	0.7487488115809312	-0.5508268608521995	3	3
pseudo_385	0.5840030858686087	-1.7787118083656666	5	5	0.6378832840984665	6.408090914088795	4	4	0.04839308495914953	-9.56958739915524	4	4	0.04215633667012352	-17.148109409367784	2	2
pseudo_386	0.25226226968834564	-4.2424876573433075	5	5	0.29237736694890715	4.007088795872124	4	4	0.40764025984192076	-3.535494348170795	4	4	0.3154077823191145	-0.4801278591737783	2	2
pseudo_387	0.35065553994885756	-2.2850685193442417	5	5	0.24225350841890403	-1.4013230907565912	4	4	0.44938665054554716	-6.1552972432512725	4	4	0.39905555634338286	2.8636057421730197	2	2
pseudo_388	0.30752540650617943	-2.08054640940266	5	5	0.6841331409824862	9.184768661877614	5	5	0.399465548314375	-3.5642404196990323	5	5	0.34323345256294346	-4.943228011662266	3	3
pseudo_389	0.5747182929926029	0.13159767627540161	4	4	0.5636638095829386	2.8983598018102286	4	4	0.41785423424614665	-6.104984010911335	4	4	0.7177868332479136	-2.6272700782211236	2	2
pseudo_39	0.6186462527579903	-4.7051505723893365	5	5	0.6518081506179378	4.731510330308919	4	4	0.21174801894698758	-6.357222596249258	3	3	0.6939175270038576	-7.179091455211632	2	2
pseudo_390	0.14887048703046318	-3.4169051510095714	5	5	0.13801011937475943	-1.4536290081822216	3	3	0.2233442834066478	-6.3960628237470445	3	3	0.5159934941416728	3.085711997539227	1	1
pseudo_391	0.8862042246935815	-4.594812225278222	5	5	0.3958092113895112	5.315914812821948	4	4	0.7915770994846889	0.09919331322150692	3	3	0.546002570572736	-2.833256379830266	4	4
pseudo_392	0.28452694213824137	-0.2360765300795735	5	5	0.8017966961132214	6.438680603667556	5	5	0.746351898215174	-1.651586143956533	5	5	0.8878180814342319	-3.5402728832211707	4	4
pseudo_393	0.9950354958272145	-2.2352086827019817	5	5	0.04303662157827575	10.80336358746356	4	4	0.9649635739855458	-2.0249722870894202	5	5	0.09587237698516728	-14.795180983373472	5	5
pseudo_394	0.5502911856779946	-5.398789858016407	5	5	0.242558810705645	-1.0208963633312989	3	3	0.9133498076081545	-2.2345113706149786	3	3	0.09966893296704302	3.8355117539342816	2	2
pseudo_395	0.5628199430694296	-4.997573055368724	5	5	0.8575213695682062	5.570752899322055	4	4	0.6256347635862844	0.7599813957631009	4	4	0.546002570572736	-3.1993252585698855	4	4
pseudo_396	0.6362978103693628	-6.26629315365605	5	5	0.5365637960944252	6.7629974343562145	3	3	0.4711370343617185	0.9060879522775004	4	4	0.9864941527484754	-7.28933963021224	4	4
pseudo_397	0.4330474156771239	-2.176935842623105	5	5	0.21597459497996718	-1.2863111626016341	4	4	0.48466511480231	-3.0527808090819715	5	5	0.19048791733239945	3.431852725371108	2	2
pseudo_398	0.0619522936624057	-9.178430166251433	5	5	0.6385576176361238	-0.7635748318150988	1	1	0.11166338413646933	6.586225475675683	3	3	0.19333789936056867	3.1577258322153567	3	3
pseudo_399	0.11981969242867273	-8.960562752727023	5	5	0.8956928218066482	3.8096367261228172	2	2	0.9875974675566077	0.014660683121860677	3	3	0.7786313571194479	-2.1746157726214217	2	2
pseudo_4	0.8812924851140853	-7.560057094083947	5	5	0.5210544099779815	-0.8009302399264371	2	2	0.6521322862776109	0.44277523925480633	3	3	0.23142511819536626	3.286385131282822	2	2
pseudo_40	0.9652592309289412	-5.554569162912667	5	5	0.6858299677441657	-0.39739347781581397	3	3	0.08523421851851493	7.3165924501259205	5	5	0.08442438569305095	3.6569606775902663	5	5
pseudo_400	0.1913329945721184	0.9643329161546076	5	5	0.5974903878847662	5.649577665032747	5	5	0.2899589287285492	-8.317406406731832	5	5	0.5432560717039489	-7.123135384732451	3	3
pseudo_401	0.36365107203172253	-1.8464562434789265	5	5	0.3294184449374762	-0.9198718919770806	4	4	0.8755137975472063	-2.6006946300521876	4	4	0.2024431200443495	3.1124102467774457	3	3
pseudo_402	0.3769437572472055	-1.5431346357673101	5	5	0.3726273422727482	4.457017829908875	5	5	0.6837782977108431	0.8795589388511819	4	4	0.3468258600187204	-2.9072706010008518	5	5
pseudo_403	0.98014390513037	-7.3685606632739065	5	5	0.37470328733451075	4.447934643156178	3	3	0.155945779666698	-9.363362698019309	2	2	0.12962595410473374	-17.46255019974592	1	1
pseudo_404	0.6767645236282662	-3.3575054938787727	5	5	0.5702361423665083	6.099841175229005	4	4	0.41785423424614665	-5.4416852579220105	4	4	0.26930162341674224	-7.59728843649653	3	3
pseudo_405	0.7557199102954437	-5.480088637598229	5	5	0.9651678359385234	5.777636796737869	4	4	0.7915770994846889	-3.52560087441343	3	3	0.8292175195021274	-4.76251398984695	3	3
pseudo_406	0.03182254425625747	-9.307342628151714	5	5	0.9687763486620268	0.11889478543246312	1	1	0.005121837028074087	10.074271392207473	5	5	0.04802880718283165	3.857357965318196	5	5
pseudo_407	0.31382835470762527	-5.395426603359552	4	4	0.2269736940837539	11.553544754553618	4	4	0.9545467913438727	-2.148117930892933	3	3	0.21913857682311433	-11.820806530728797	2	2
pseudo_408	0.5095458067897338	-8.718371260121616	5	5	0.8838607086796945	5.544000299468579	3	3	0.9958656745191315	-0.24398227894462413	3	3	0.8908197786395017	-3.638029692842345	3	3
pseudo_409	0.4819934660712062	-7.54967161796056	5	5	0.37470328733451075	8.772265118529951	3	3	0.10613256196422495	6.611087015859052	4	4	0.4666755734073169	-3.7803117556342323	4	4
pseudo_41	0.36830196946882987	-8.014218959958347	10	10	0.7989924366772196	9.127943385604967	7	7	0.8239591214043058	0.5413765132629139	8	8	0.7496350960117455	-10.841615723161246	8	8
pseudo_410	0.07899650498566603	-8.97557252176569	4	4	0.9614759002475808	7.418924265741277	2	2	0.17534921913348012	5.281302282665793	2	2	0.3154077823191145	-0.5665390628745048	2	2
pseudo_411	0.15600279090797806	-7.869056670213095	5	5	0.21677831316896212	12.405615549611154	2	2	0.01663664964363431	10.169341883783252	4	4	0.3416929377351251	-6.042377096991005	5	5
pseudo_412	0.08367489603331513	-1.535562740636589	5	5	0.3151863565729124	1.629726929911569	4	4	0.22173097649935758	-6.668117764325717	4	4	0.7419348757734384	-2.911660910849544	2	2
pseudo_413	0.6142666653111559	-5.614454866073303	5	5	0.9729049155392885	9.644619778874068	4	4	0.8473768334886252	-3.587606102430845	4	4	0.35671135413869803	-7.424489030293125	3	3
pseudo_414	0.5100873530372088	0.33617371925129547	4	4	0.9574340344660829	6.242097880146624	4	4	0.6706787770101368	-1.8314003013180875	4	4	0.6395429335016928	-6.815217016437536	4	4
pseudo_415	0.09790729208426303	-9.081733324812332	5	5	0.11726645852665085	14.201215190331556	2	2	0.1729552757169729	5.880854501791966	3	3	0.7487488115809312	-4.1325479981235524	3	3
pseudo_416	0.5095458067897338	-1.8169729015937943	5	5	0.37728662746297414	11.257880544202578	5	5	0.4747375370464101	3.5575032757366123	5	5	0.9238496723481793	-6.637422749977513	5	5
pseudo_417	0.7787049073624075	-9.918294078856198	10	10	0.07687828990866982	1.461830317895701	6	6	0.08414051462061017	-10.697985141798648	6	6	0.8434426142353991	-3.6762429716047116	4	4
pseudo_418	0.14145715763436942	-4.289224093598184	10	10	0.15503619781748768	1.4389158950958478	8	8	0.25802234884991704	-10.268232587940668	8	8	0.3817877693051497	0.24127131598872018	4	4
pseudo_419	0.8002118890741601	-8.690258488386284	9	9	0.5105430012178522	8.992197727443708	6	6	0.4429514738180421	-9.855523192746888	6	6	0.9322814328926539	-4.439537963388523	3	3
pseudo_42	0.6996657919968424	-2.0762137358306	5	5	0.3540489517073495	2.5477476676319717	4	4	0.8137416339758161	-1.833379592029664	5	5	0.7137900768594891	-0.4652751759935067	4	4
pseudo_420	0.847048385969405	-2.832978302132869	5	5	0.35911124745802514	9.882988239849725	4	4	0.5898254521883453	0.6577289269673959	5	5	0.7821727611159226	-7.59307522681561	4	4
pseudo_421	0.4666206632004828	-5.722665045005318	5	5	0.36273220755321967	1.3741406277996095	3	3	0.56366968184805	-3.436251311353938	4	4	0.4648598164197659	-1.0120791132464833	2	2
pseudo_422	0.03333988550209441	1.8812831788632256	5	5	0.1507499501275105	2.05687605490604	5	5	0.23562396683575804	-6.241958233640453	5	5	0.790852762293555	-3.5379394293327002	4	4
pseudo_423	0.24969404688894725	0.9471203494394089	5	5	0.16083650204798983	4.542191095500578	5	5	0.869948956281305	-0.020110015924010034	5	5	0.17919759059316354	-3.7894579285332384	5	5
pseudo_424	0.6364258219745508	-8.343212826345459	10	10	0.7599232662489448	12.87798746385552	7	7	0.220547648919026	5.0215991997077705	8	8	0.32272197937240654	-6.988339802112051	8	8
pseudo_425	0.6407436846922145	-6.496327896958818	5	5	0.677587655461982	2.7923774182376495	3	3	0.2574583326814809	3.985964719328092	4	4	0.4597952789439739	-0.27190709030120147	4	4
pseudo_426	0.8568059146997855	-4.889772546324117	5	5	0.5665967691266467	2.304633467768147	3	3	0.3925681765912359	-3.433756127106957	3	3	0.9935918463631742	-2.4507387596494445	2	2
pseudo_427	0.1506297843246665	-7.778841067324766	5	5	0.052865819173485554	15.055694171579821	4	4	0.037404314199548094	6.946077695375105	4	4	0.8967401735803221	-6.6025485208243	4	4
pseudo_428	0.4497166612899104	-7.411463846448399	10	10	0.9648101306549031	11.242006866632844	8	8	0.9085095568246692	-3.11589038957389	9	9	0.7107767717211947	-6.878460962714385	6	6
pseudo_429	0.847048385969405	-4.193135266942708	5	5	0.6518081506179378	4.790375031420953	4	4	0.8755137975472063	0.12973264167939114	4	4	0.3109832858349705	0.16419679768636333	3	3
pseudo_43	0.9305842931363861	-5.251461517790301	5	5	0.5834893063227444	9.29670365423703	4	4	0.08010070669894045	4.237675304783866	4	4	0.27941832265442845	-5.727906842061763	5	5
pseudo_430	0.7275103361906137	-2.897741281914692	5	5	0.759843249062373	3.0283488491299178	4	4	0.7403122323915686	-2.3423789738463268	5	5	0.9947846469098508	-1.1524320775073686	3	3
pseudo_431	0.24019064652771605	-5.983501739228871	4	4	0.4355525207616596	-0.5246696279183056	2	2	0.5306740213756708	1.1889834635769698	3	3	0.1551487042769003	3.628304641885763	2	2
pseudo_432	0.817921935509101	-3.674514617072456	5	5	0.5062122435155483	-0.521316193444083	4	4	0.9964287091043627	-2.0818859298739065	4	4	0.36357366278837844	2.792832389363943	3	3
pseudo_433	0.4666206632004828	-5.691738586884861	5	5	0.6612191297896182	-0.2627930477277423	3	3	0.21556407800560284	1.7287899376856035	3	3	0.10927773638210346	3.5626148450546986	3	3
pseudo_434	0.8421781554272119	-7.3518756926773525	5	5	0.9283718814052414	5.232120400374783	3	3	0.1729552757169729	3.850024150332438	3	3	0.4138911185318803	0.1891632243374192	3	3
pseudo_435	0.5754855034778059	-4.992576921141046	5	5	0.9806445457560294	7.874718400472943	4	4	0.8887357953729927	0.13529269400592883	3	3	0.9954978597980527	-6.694964752433542	4	4
pseudo_436	0.6230390885826944	-5.537805112489566	5	5	0.7275870029403386	2.390568010889043	3	3	0.7362631011606913	-3.0683473443976177	3	3	0.8908197786395017	-3.887655880906897	3	3
pseudo_437	0.32250776460345865	-1.7325436511312258	5	5	0.4290002941849582	2.3654233293003823	4	4	0.33186698884491095	-3.2035313213173886	5	5	0.9947846469098508	-3.831247695689534	3	3
pseudo_438	0.9751813225782274	-5.1202905981764255	5	5	0.3958092113895112	11.891933673946431	4	4	0.9821449763779504	-0.6184075632182532	4	4	0.5628964615877876	-14.105032375101956	5	5
pseudo_439	0.5925789028556714	-9.313838921369516	5	5	0.23802469682165317	9.524590334339523	2	2	0.14575554489861986	4.825766807873765	4	4	0.5841487996508297	-6.339071277761953	4	4
pseudo_44	0.444080315155052	-1.5412332704963838	5	5	0.1104076499743536	-0.708681662327332	4	4	0.3730810668679674	-7.690277534297041	4	4	0.7663397108792154	0.7872147309007005	2	2
pseudo_440	0.6767645236282662	-1.9738834058935704	5	5	0.9651678359385234	6.518236924503739	4	4	0.9395211054171048	-2.633696322180738	5	5	0.8394225267808086	-4.6362732512400555	3	3
pseudo_441	0.5754855034778059	-4.238292020576414	5	5	0.5377457390327564	8.91708671675583	4	4	0.9678669656315698	-2.644300073224293	4	4	0.6314953451444454	-10.01203862967373	4	4
pseudo_442	0.58828377314847	-4.311287515705826	5	5	0.47900054907940637	6.0868378410555195	3	3	0.3398876957107806	5.959209297748248	5	5	0.556125409513081	-3.9472185076064847	5	5
pseudo_443	0.6858906453405942	-5.550884927619587	5	5	0.07399691512698339	-1.7194650453281444	3	3	0.32696954693354785	-3.330994314868209	4	4	0.27119373272877434	2.897760957360245	2	2
pseudo_444	0.04512110219409047	1.3520475468732807	5	5	0.5974903878847662	5.483117103498948	5	5	0.1384743409630449	-9.769697608058744	5	5	0.35671135413869803	-7.38270850127599	3	3
pseudo_445	0.1274037682351767	-0.8848308756195951	5	5	0.42583019277096246	12.262472110386911	5	5	0.5151110157611798	-0.37152431336557507	5	5	0.3179183394988778	-7.810823978201072	4	4
pseudo_446	0.13373574034475394	-6.496152170480417	5	5	0.2336189252929014	7.639414256520237	3	3	0.26083739653111615	1.7851264281272166	3	3	0.6614247079056851	-4.283028354013258	3	3
pseudo_447	0.058554227985698086	1.702344391469194	5	5	0.21901753370388066	1.1581450369788768	5	5	0.2484797673928365	-6.809832821195946	5	5	0.7821727611159226	-3.517666898636938	4	4
pseudo_448	0.765198012124704	-2.4430619566180414	5	5	0.3294184449374762	-0.9917813303268611	4	4	0.7102614042359587	-5.478141974177125	4	4	0.5050175619871264	2.7318130298605823	2	2
pseudo_449	0.47812463629288693	-5.774843638083943	5	5	0.47900054907940637	5.866820547724637	3	3	0.39757659025278524	3.829830369279985	4	4	0.9146224678125235	-3.950853367278011	4	4
pseudo_45	0.8370827142610672	-2.3591638070278824	4	4	0.5665967691266467	-0.07478711425126772	3	3	0.9380472236412319	-2.0677403908296967	3	3	0.5576734875072875	2.6669330496474535	2	2
pseudo_450	0.6950628133357115	-7.540846302221592	5	5	0.4249839944591046	8.704305927430367	3	3	0.8317583981187536	-0.08433958829789916	3	3	0.5432560717039489	-7.35555306858441	3	3
pseudo_451	0.3171891982467975	-6.629384928232092	4	4	0.5032902174367295	5.58656605192987	2	2	0.2547493709659413	1.938847101047829	2	2	0.8033785783179226	-2.0764594765022766	2	2
pseudo_452	0.35065553994885756	-5.658375941911232	5	5	0.7672435995177201	5.95366882351922	4	4	0.0962516394256903	-8.955430513846698	3	3	0.20591386492251962	-16.576476965602456	1	1
pseudo_453	0.6676856230790653	-7.782385662125861	5	5	0.254178132063704	15.820339094818387	4	4	0.33032276752065337	-4.939525255457105	2	2	0.0295058009267903	-14.218208984617347	3	3
pseudo_454	0.8421783031676309	-1.9597108676319372	5	5	0.26235129091812437	-1.322147559829519	4	4	0.19274359968796095	-9.492401137483101	4	4	0.8285892790746467	2.312602302615269	1	1
pseudo_455	0.13670399101321964	-1.4562557523636706	4	4	0.009440571453954591	-2.5153323590635206	3	3	0.9251129295216511	0.5815924505933487	4	4	0.03588539249388721	3.868023752623061	3	3
pseudo_456	0.09917563712713369	-8.04142589069241	5	5	0.3444900172197465	9.040912602712208	2	2	0.348308076892049	3.2652988574248893	3	3	0.5260522998215514	-3.136377526467811	3	3
pseudo_457	0.11688694355109033	-9.218642579798527	5	5	0.06058310231426079	14.686650790951811	3	3	0.5306740213756708	2.8859033557693863	3	3	0.1638378521490712	-10.22948796080266	3	3
pseudo_458	0.15966477648273547	-0.9167090171051634	5	5	0.6035118509954305	8.047134808537177	5	5	0.9776998265166881	-0.09889285646801234	5	5	0.7648948966991103	-3.7202292838126128	4	4
pseudo_459	0.2446116636219079	-1.4157009479155578	5	5	0.3540489517073495	-0.8753559104986	4	4	0.05261193250157654	-10.24151572730588	4	4	0.7932501047089533	2.3644280256052914	1	1
pseudo_46	0.58828377314847	-8.761986287780292	5	5	0.33749262794207735	-1.0960332750085913	2	2	0.3779039187621106	2.9409613528836966	4	4	0.1888997225385911	3.1997869408075617	3	3
pseudo_460	0.469549348335527	-9.417393429719711	10	10	0.8442616542370488	12.005352514148768	7	7	0.5834815261521253	3.6381792279345784	8	8	0.38190788496864214	-7.094707082072194	6	6
pseudo_461	0.8763853071710093	-2.239051318105066	5	5	0.8727853087933759	3.440525175941591	4	4	0.191622848465146	4.700042004184849	5	5	0.41220233675477636	-0.5840937359492155	5	5
pseudo_462	0.9256399289237022	-5.450451682081429	5	5	0.5742290562137042	-0.527412939973221	3	3	0.932226949500161	-0.1915669748020489	4	4	0.38465163968243365	2.592191459307682	3	3
pseudo_463	0.8568059146997855	-2.151266593444755	5	5	0.98618779371086	8.800687812136644	5	5	0.45041425138240143	-3.4928070513430547	5	5	0.6332438286069103	-7.003119743978988	3	3
pseudo_464	0.09417950713866183	-8.357717118403356	5	5	0.091891701216065	10.326358667232988	3	3	0.09834296711031888	3.997002006459798	3	3	0.6239646640889823	-4.7580971863934245	3	3
pseudo_465	0.6385189957752703	-3.3619082675757546	5	5	0.40669661859995165	8.415087130040073	4	4	0.7642613605846441	-2.971841044950582	4	4	0.4068407636432566	-10.460306232205658	4	4
pseudo_466	0.37359280978245646	-8.261760968686987	5	5	0.5300560468520916	-0.7126124265422362	2	2	0.7552206716498819	-3.8639323765795326	2	2	0.7583305265250361	2.4380916018822267	1	1
pseudo_467	0.7415718370059923	-4.621123302195021	5	5	0.42335870036441137	12.567765571443347	4	4	0.6176691564068205	3.691769330410667	5	5	0.5427036916919705	-11.423599519978437	5	5
pseudo_468	0.4167628149304704	0.7697068794401559	4	4	0.7746652364788146	3.1824752875460782	4	4	0.7848272159006097	-2.881737503041789	4	4	0.859912066115945	-1.5045060839219377	3	3
pseudo_469	0.436707313413085	-5.269646112223272	5	5	0.91053256242075	5.541138795293871	3	3	0.8896438386926945	0.6235004260442337	4	4	0.9947846469098508	-3.7750926025259304	3	3
pseudo_47	0.37359280978245646	-8.583478215443396	5	5	0.6839248007867214	4.4797896098562235	2	2	0.5974380593564863	0.6436718240505775	2	2	0.955166061730401	-2.264858311425882	2	2
pseudo_470	0.6230390885826944	-2.1351229913924157	5	5	0.9497042377088097	6.3955651223639025	4	4	0.34394426310712045	1.1239607505453726	5	5	0.45297213972518047	-3.380513619477547	4	4
pseudo_471	0.2817361758931203	-7.9260160549474525	5	5	0.9641497708737391	5.532331829212879	3	3	0.31235507764832626	3.5284471736476317	5	5	0.23676534225814239	0.14011782934272285	3	3
pseudo_472	0.3411046490238926	-6.050356514942471	5	5	0.5571282006933561	9.578593949937515	4	4	0.7169387434419567	-3.14470946494554	4	4	0.2926251990958356	-7.6080847224762955	3	3
pseudo_473	0.9305842931363861	-5.443349859565096	5	5	0.8134556994139727	1.8185817346555468	3	3	0.5758235747734205	0.2777049109991406	4	4	0.4289911441296608	0.728965426231483	3	3
pseudo_474	0.9256399289237022	-2.9196215644185535	5	5	0.31988481626118637	7.5788258464866045	4	4	0.4230172534115033	1.5339930888828628	4	4	0.7735198011655687	-4.90265634356022	4	4
pseudo_475	0.9206984351707465	-7.708403408839447	5	5	0.5377457390327564	11.040157630837818	4	4	0.26123919020140496	5.471969259990895	4	4	0.9774921655428062	-3.996766105628589	4	4
pseudo_476	0.20655602856197774	-1.276427903630142	5	5	0.9961285445921516	5.579398760699874	4	4	0.3682965174663976	-3.7971500810213796	4	4	0.5519614374887956	-4.568493465811692	3	3
pseudo_477	0.5925789028556714	-5.710998251551537	5	5	0.03738081050649847	13.32834377104453	4	4	0.7574420702180449	0.7670588539402345	4	4	0.08731846743459899	-10.951293379653668	4	4
pseudo_478	0.2110633658349801	-1.437414604412764	5	5	0.31988481626118637	1.8540924792888003	4	4	0.9268213564447811	-1.8999650139977984	5	5	0.5697070433198184	-3.4142745838478916	5	5
pseudo_479	0.8714828764276494	-2.460302334721512	5	5	0.9651678359385234	5.279751460129893	4	4	0.49912279821596517	-5.719885641992281	4	4	0.5432560717039489	-6.375980014803808	3	3
pseudo_48	0.8616929960378168	-2.3515711397378714	5	5	0.258242294366153	1.8085148700740277	4	4	0.3682965174663976	1.5970747962294585	4	4	0.050231046549382444	0.6510279051631785	4	4
pseudo_480	0.013271289451426839	2.1201748055826326	5	5	0.16083650204798983	1.4785329019877114	5	5	0.18892030551327021	-6.597889647947862	5	5	0.4761670154210649	-0.31478371187553716	3	3
pseudo_481	0.4515238707559137	0.6117670375693538	5	5	0.7226690701527598	9.757765430878543	5	5	0.35629850823135834	-7.952470281137152	5	5	0.35770445094096925	-13.900155241654462	4	4
pseudo_482	0.8276049544731802	-8.088552760013025	5	5	0.8397132531802258	5.607931058272944	3	3	0.36452020844098143	-3.4836333075466417	3	3	0.8660626408883095	-6.188019665705591	2	2
pseudo_483	0.7962384974175047	-4.766800484859007	5	5	0.5896379677157835	2.276399570254643	3	3	0.569731166565099	-2.5640597729869796	4	4	0.8660626408883095	-2.3113690842327332	2	2
pseudo_484	0.18301323039616757	-1.1846485840385566	5	5	0.6095604445252153	9.55504556103523	5	5	0.7102614042359587	0.49297755124670156	4	4	0.9799320361226214	-6.401269095401794	5	5
pseudo_485	0.14712692065707436	-8.740543181007018	5	5	0.04548629312488389	13.24604602440526	3	3	0.642315924139099	-4.329939819749081	2	2	0.0491263774966509	-14.060642656343811	3	3
pseudo_486	0.8616929960378168	-4.041083803589531	5	5	0.7701690854235015	2.4329379304917427	3	3	0.27882571727597283	-3.6790690418979124	3	3	0.5153352157599448	-3.5116315664878264	2	2
pseudo_487	0.8763853071710093	-4.064868593161887	5	5	0.16670530773790282	12.543930742854704	4	4	0.8967223169640042	0.11619444899446359	4	4	0.23827522969627601	-11.465042121171601	4	4
pseudo_488	0.10504685970161241	-9.940835867595377	5	5	0.12053053793973478	-1.8794918715458184	2	2	0.8398513384489055	0.09741164592854479	3	3	0.4172605263960294	2.8456919853335654	2	2
pseudo_489	0.05452576266647869	-9.093826135635043	5	5	0.5856725270666104	5.3786665917909815	2	2	0.1559338036385236	3.4161913439666285	4	4	0.4522314512452923	0.11524716263496575	3	3
pseudo_49	0.1453990114417776	-1.2934397468642758	5	5	0.7970514415009561	2.601901095882863	4	4	0.12472101659159095	-9.310057393437917	4	4	0.6403507662122188	-7.317544304555471	1	1
pseudo_490	0.23222470616172075	-1.6013725562642527	5	5	0.4290002941849582	8.745704254955692	4	4	0.6130083147314762	-3.1509044242822966	4	4	0.4132539817107965	-10.884107585312824	4	4
pseudo_491	0.969418883169799	-4.538560477112808	4	4	0.8956928218066482	4.531326349289155	2	2	0.47777635146443165	1.0209713780755563	3	3	0.6239646640889823	-3.3198145927741485	3	3
pseudo_492	0.7509945103964352	-2.784172180418194	5	5	0.6448301450738294	2.2520513420946844	4	4	0.7574420702180449	-2.662262671829365	4	4	0.6614247079056851	-0.4090932043257845	3	3
pseudo_493	0.7557199102954437	-2.085205296544592	5	5	0.7086892841096155	6.6644204403101535	4	4	0.12472101659159095	-6.991023761880231	4	4	0.11731453504427873	-9.512793527565602	2	2
pseudo_494	0.3769437572472055	-1.2593558284861766	5	5	0.3958092113895112	1.9064169891579386	4	4	0.3541734121999779	1.3462485064184762	4	4	0.13191806058529615	0.8450584952341357	4	4
pseudo_495	0.6678250068271244	-8.802188553858118	10	10	0.4212179780724684	13.731745597059465	8	8	0.9575215223953146	-3.2568258857944534	8	8	0.6943747622514345	-11.787932563382897	7	7
pseudo_496	0.44779330363481895	0.3256227107069795	5	5	0.1714248049058672	1.9377413706870232	5	5	0.4408861989047521	-5.838962531739586	5	5	0.3879605814828416	-3.2924372573542855	4	4
pseudo_497	0.7415718370059923	-5.449460583235971	5	5	0.5365637960944252	6.038346310745176	3	3	0.581946573538128	2.9505148171325506	4	4	0.4197266890205037	-4.94209804441772	4	4
pseudo_498	0.3255604392692478	-0.88880802062115	5	5	0.5377457390327564	9.474455231006598	4	4	0.826160222633569	-0.1442246808067936	5	5	0.6314953451444454	-7.506673650573286	4	4
pseudo_499	0.6099014611238708	-5.346463158363363	5	5	0.8485071080769009	2.4813314036009824	3	3	0.1989314840692229	4.385616351593446	4	4	0.2711961829609154	-0.04298917258847131	4	4
pseudo_5	0.7986404115160997	-5.3822763236494415	5	5	0.8423105224700136	8.684677692840937	4	4	0.631989721630215	-3.113595461184753	4	4	0.23774861334252295	-8.158130868232714	2	2
pseudo_50	0.22666887814869408	-9.34430770851719	10	10	0.8219367402807811	11.78460098159536	5	5	0.26181832980736963	6.321567729501488	5	5	0.5741669692875129	-9.982653409898207	7	7
pseudo_500	0.20432938880241047	1.0065866109452455	5	5	0.19714219369182584	1.2929237534446874	5	5	0.6808489527641138	-6.07107318867418	5	5	0.44440666275458174	-0.19661436479426678	3	3
pseudo_501	0.41146385312081	-1.3053098671367562	5	5	0.1148059094577314	9.85200223896305	4	4	0.49345591017620516	-3.3736541798334176	4	4	0.047640448416829795	-11.46202568222993	4	4
pseudo_502	0.7368748901163954	-4.9411547145912715	5	5	0.7787740228595545	6.079112937797838	3	3	0.8075496453699167	3.142190777959294	5	5	0.2862174247796564	-8.016939710022914	4	4
pseudo_503	0.47812463629288693	-1.1688667141160158	5	5	0.7487635757823436	7.64415986714377	5	5	0.5734018581617215	-3.667540844703646	5	5	0.9426801010511117	-3.8493898481519295	3	3
pseudo_504	0.28733635390418943	-1.4396919794797	5	5	0.8271582915209736	5.20339455625217	4	4	0.1897032285720649	-6.739589660322486	4	4	0.5576734875072875	-6.9774255921966155	2	2
pseudo_505	0.09790729208426303	-8.65786875143275	5	5	0.2607006467262958	10.147293580376182	2	2	0.14163226796081427	5.6701244771215835	2	2	0.6147447779785216	-3.0806023661648267	3	3
pseudo_506	0.8227600711155665	-5.4666894805014365	5	5	0.7701690854235015	2.6044625274672417	3	3	0.6903642313594627	-1.840232043043309	4	4	0.9947846469098508	-1.9719925880790896	3	3
pseudo_507	0.7181867944064708	-4.629779259883335	5	5	0.507353458020152	5.976295245632893	3	3	0.8888466062536053	2.3636870046729066	5	5	0.817044721781739	-8.088747058818345	4	4
pseudo_508	0.98014390513037	-2.66784772647832	5	5	0.9111406646498671	3.0114754401869797	4	4	0.18079431838230242	-9.835032374901564	4	4	0.7068828428416181	-7.087209498647651	1	1
pseudo_509	0.44038496555217155	-4.225589883269158	5	5	0.242558810705645	-1.1662270050791192	3	3	0.49912279821596517	-3.4107919821388033	4	4	0.30017156267093015	3.15935130805265	2	2
pseudo_51	0.12896446317885354	-8.844236003957237	5	5	0.13505054324283053	10.209119957249529	3	3	0.28345162374574717	3.966531312024945	3	3	0.6970237719155341	-7.04937350420938	4	4
pseudo_510	0.22921170343682018	-0.41553335557005583	4	4	0.029263665744483684	-2.15382033086828	3	3	0.3325625828659813	-6.077128693557697	3	3	0.32149347875360623	3.557434093175716	1	1
pseudo_511	0.955342515600996	-5.167133904992018	5	5	0.1714248049058672	15.76990081378493	5	5	0.360477993144102	2.3412740163794137	5	5	0.4736126183588437	-8.482103310441376	4	4
pseudo_512	0.2522627196280479	-8.869548199913675	5	5	0.9724775459033901	7.949021536181645	2	2	0.03748114553455714	4.6681846651128	5	5	0.12622686087550378	-0.4505837718677803	4	4
pseudo_513	0.2110633658349801	-2.001249778798233	5	5	0.8727853087933759	5.411570163110899	4	4	0.6130083147314762	-3.428602614415414	4	4	0.7487488115809312	-3.8478745646979093	3	3
pseudo_514	0.02806264168581895	-0.844482939013456	5	5	0.2232641131600709	1.8038053004596957	4	4	0.09501146162375915	-10.017160956594381	4	4	0.6567405678600139	-7.242805454073045	1	1
pseudo_515	0.10438131271029306	-8.325129130392071	5	5	0.20417545398649473	11.289598344414083	3	3	0.03533976196204892	10.392335002412624	5	5	0.4597952789439739	-2.936998146538574	4	4
pseudo_516	0.04188767780061235	-1.0368138031160035	5	5	0.1104076499743536	-1.736178638791771	4	4	0.3358826951734408	-6.559873819229391	4	4	0.4454669683385002	2.8886768005979713	2	2
pseudo_517	0.3974362825175889	-8.52437121383939	5	5	0.9820703590691865	5.649203088791903	3	3	0.6225390754569833	2.670973954118977	3	3	0.7192145505606329	-1.4069696602931578	3	3
pseudo_518	0.8568059146997855	-4.958919966985304	5	5	0.6941098300813123	4.651537155512648	3	3	0.8156267376286725	0.23538687093327582	3	3	0.7290153128961694	-2.844890810199608	3	3
pseudo_519	0.41146385312081	-9.061176937975537	5	5	0.20668222192365937	-1.4911495653826456	2	2	0.10470918722274336	-9.662321881949538	2	2			0	0
pseudo_52	0.5607224493758466	-9.512651877050862	5	5	0.07399691512698339	13.048615637028838	3	3	0.2847293905213951	4.878028205066047	4	4	0.5764211116869509	-10.718190710908544	4	4
pseudo_520	0.35065553994885756	-1.6951210886069326	5	5	0.31053347007596377	1.7102580867265178	4	4	0.3358826951734408	-6.559807470682162	4	4	0.7786563583951011	-3.492539137369684	3	3
pseudo_521	0.10980155786859046	1.5954657137450985	5	5	0.634019381130687	6.197727379708806	5	5	0.38619649282918544	-6.1024935263419495	5	5	0.35671135413869803	-4.8234462027506835	3	3
pseudo_522	0.8665853779004002	-5.1297288237805185	5	5	0.5187078775333873	9.282534102998577	4	4	0.5105594943611125	-3.00688616165642	4	4	0.12902536420512914	-12.261985393276502	2	2
pseudo_523	0.8034497876712605	-8.11526401503412	5	5	0.9462472744390631	5.433762934822518	3	3	0.033970920079640414	8.475799113104634	5	5	0.3416929377351251	-0.7456433075266311	5	5
pseudo_524	0.6362978103693628	-1.8091573222242074	5	5	0.903450076951705	5.2590693920212885	4	4	0.50482407658825	1.0407238444426754	4	4	0.9415243127734115	-2.8816669626054185	4	4
pseudo_525	0.7509945103964352	-0.5600154408790423	5	5	0.7291638873688471	3.1914814940497345	5	5	0.6460733503006777	-7.554746660730717	5	5	0.9322814328926539	-1.8639285302240693	3	3
pseudo_526	0.885681138949829	-8.823678687315986	10	10	0.3831074203499304	12.05334304228507	8	8	0.2797203576355515	1.3252511302191707	8	8	0.9027938923664647	-10.31675347850818	8	8
pseudo_527	0.09790729208426303	-1.5284433054913613	5	5	0.133790592304217	1.3799921402365378	4	4	0.1314521897793196	-6.835518373908471	4	4	0.8408644267658066	-2.1760354704864118	2	2
pseudo_528	0.8714828764276494	-0.8347230869833102	5	5	0.34542600941399404	10.614664273327914	5	5	0.7342885326151245	-2.9978789878802465	5	5	0.19242234134684466	-9.25914039952144	4	4
pseudo_529	0.2574551853476157	-1.124827589874556	5	5	0.5062122435155483	1.907921300532853	4	4	0.9393463874204191	-2.2784111736958885	4	4	0.26930162341674224	0.15208940514100208	3	3
pseudo_53	0.7699501691547589	-5.270992107812889	5	5	0.14115288331095652	15.485511402466086	5	5	0.7206931318682213	-2.9362774574256973	3	3	0.09192574628055228	-17.690514432778944	5	5
pseudo_530	0.3255604392692478	0.7254383475108511	5	5	0.903545861800539	5.979244654475825	5	5	0.2791764489454208	-8.357814058018791	5	5	0.1696313799903556	-8.742667908915998	2	2
pseudo_531	0.3411044658288359	0.774648929940097	5	5	0.15826787296895495	-1.759342983599396	5	5	0.2172342877777912	-9.980647709774678	5	5	0.21913857682311433	3.384287387315288	2	2
pseudo_532	0.3974362825175889	-8.558606238757207	5	5	0.3338667471178933	8.95090996788437	3	3	0.3983308708170923	3.144938770392379	3	3	0.5997471149170961	-7.094169286899162	4	4
pseudo_533	0.0991757653290547	-0.8313904791510979	5	5	0.06591930627265803	-1.7670198540467368	4	4	0.007948565862702218	-10.32869568010513	4	4			0	0
pseudo_534	0.6767645236282662	-7.452228726808625	5	5	0.5896379677157835	5.084429903514413	3	3	0.989286413498075	-3.22553330032965	4	4	0.980777192385471	-2.3769890113252843	2	2
pseudo_535	0.8763853071710093	-2.7596056803245133	5	5	0.40669661859995165	6.9022542328896845	4	4	0.569731166565099	-4.788561518310764	4	4	0.20711118778289173	-7.912471567412358	3	3
pseudo_536	0.5379009760261242	-3.8655747051111597	5	5	0.9961285445921516	8.14933157599829	4	4	0.7036062347341507	0.04587247204500219	4	4	0.7786563583951011	-3.3031837885924866	3	3
pseudo_537	0.5461455430695353	0.3282895389076983	5	5	0.1507499501275105	1.4890189664087945	5	5	0.4361658265106021	-6.032506020644498	5	5	0.3172679651218048	0.1371789904640662	3	3
pseudo_538	0.08888787926290746	-10.008858226142722	10	10	0.0822861159600219	-0.7388175857586647	6	6	0.18920170173483186	2.198187981969179	7	7	0.006633225706054229	4.595574377568677	6	6
pseudo_539	0.444080315155052	-1.9177932657383556	5	5	0.9806445457560294	6.050026537387022	4	4	0.49345591017620516	-1.336646557767222	4	4	0.7887013088790334	-2.879011044446583	3	3
pseudo_54	0.08706561872450012	-1.2553760234656421	5	5	0.1148059094577314	-1.4865335373610786	4	4	0.8323860716398633	-1.482311055493609	5	5	0.3696241991795256	2.741426711175651	4	4
pseudo_540	0.8227600711155665	-4.326628815929926	5	5	0.08152093673472631	12.180145533006234	4	4	0.32396963840919635	3.5507793285308673	5	5	0.5765566920195713	-10.592220979919812	5	5
pseudo_541	0.6722190980804224	-2.094144638508118	5	5	0.4696963763709566	9.71217206923768	4	4	0.6808489527641138	-2.7052626034750378	5	5	0.4132539817107965	-11.102105605628735	4	4
pseudo_542	0.5652527320795251	-3.400880148491192	4	4	0.26235129091812437	10.181277784979184	4	4	0.7836032176321913	-4.447312331804244	3	3	0.2441931724134183	-11.831843232125053	2	2
pseudo_543	0.5256524127204181	-8.370960296837499	5	5	0.32827648480074934	3.943318219536312	3	3	0.6596194011056418	-2.7448630677970467	3	3	0.9423761816144207	-6.875426298336826	2	2
pseudo_544	0.9454327084058349	-2.5261824534828903	5	5	0.3819816569460097	12.536489059711348	5	5	0.8967223169640042	-2.42403112344052	4	4	0.4068407636432566	-9.838734957753768	4	4
pseudo_545	0.8082666173373514	-2.5687485968851917	5	5	0.7751490236049794	9.07190205831477	5	5	0.6691768983492189	-3.8374472676415046	5	5	0.5784813256465693	-4.37010243788171	3	3
pseudo_546	0.7938386632402035	-4.975284315922227	5	5	0.9806445457560294	5.663821524340993	4	4	0.7036062347341507	0.47737825926684857	4	4	0.870193222569462	-0.8497166230133061	3	3
pseudo_547	0.7921032936850337	-9.186954925904168	10	10	0.9090299803601884	9.347959874674729	6	6	0.7043579781108438	-10.597330410402558	7	7	0.9078832287124258	-10.697944576781078	5	5
pseudo_548	0.28034759726514746	-8.748477662212746	5	5	0.37470328733451075	9.462193426821612	3	3	0.8805537142279177	0.3423454982325487	3	3	0.2782519087438283	-8.022926260220382	2	2
pseudo_549	0.7089047823998422	-5.545442866045825	5	5	0.9910346135778847	2.781483879441788	3	3	0.03973197128184869	7.686009536870805	5	5	0.08625164317918971	0.37966957315956645	5	5
pseudo_55	0.7794809162586847	-5.318018521648031	5	5	0.9574340344660829	5.334574034402642	4	4	0.35906466075278975	-6.0681148236524605	3	3	0.3556819431722411	-7.621661808829979	2	2
pseudo_550	0.48712193540496285	-7.811313229511282	10	10	0.2055199824719034	1.9084983329471747	7	7	0.5206772486281237	-9.904174807350529	8	8	0.22078258450685484	0.4504343590656988	4	4
pseudo_551	0.06371158510872829	1.4952884892173686	5	5	0.6464027158332027	10.096117541519154	5	5	0.7952021408938005	-2.9659190018639836	5	5	0.5841487996508297	-8.375375612342788	4	4
pseudo_552	0.18301323039616757	-9.580123390466076	5	5	0.7043074230497807	-0.1872250787979861	2	2	0.2005933065514195	4.332720086897075	3	3	0.22656426869830748	3.137635068105465	3	3
pseudo_553	0.8665853779004002	-4.7745746939281455	5	5	0.3693715154055066	13.237988022068123	4	4	0.7438604628886205	-2.3707460257737947	4	4	0.2042304179313733	-14.037474573462154	4	4
pseudo_554	0.5015904900066251	-2.088444664983856	5	5	0.3013643756595116	1.856129213684677	4	4	0.7642613605846441	-5.288266245640879	4	4	0.3366181506921624	-2.645887926440559	3	3
pseudo_555	0.009005592865152977	-1.3739914209934483	10	10	0.012582539880531159	0.9541327503930379	9	9	0.02690303887719024	-10.414191432581605	9	9	0.2427972606249884	0.3912525815250089	4	4
pseudo_556	0.1871389712852739	-1.8142004245660452	5	5	0.022865936932970753	-2.2027710623287526	4	4	0.746351898215174	-0.7359185991219649	5	5	0.09376563906204681	3.7835354011108797	4	4
pseudo_557	0.22264074911562604	-9.22016611230129	5	5	0.7666881751935527	-0.0645554303454694	2	2	0.7746384578759967	0.7761097291235525	2	2	0.5576734875072875	2.4119246338487867	2	2
pseudo_558	0.8373142500307263	-5.025324700452274	5	5	0.45785602422965666	4.258616353437703	4	4	0.6969736928599297	-3.6195739744210056	4	4	0.590500028835642	-1.1289268411308124	2	2
pseudo_559	0.5670270701891695	-2.403786742957806	5	5	0.3904321706828199	-0.5738283454523962	4	4	0.20207933115521282	-9.486851339906734	4	4	0.9183138201770958	2.0051962316458054	1	1
pseudo_56	0.6407433679318654	-4.150259705054999	5	5	0.8221864928668894	5.857129115372324	3	3	0.9464706764702553	-0.02336897990767574	4	4	0.7686482492938345	-4.229170273178666	3	3
pseudo_560	0.18506759543684093	-9.063177217572468	5	5	0.10197500891862349	13.760690802304445	2	2	0.05587335695568143	6.867958023693453	3	3	0.859912066115945	-3.6255138568167666	3	3
pseudo_561	0.27621051294865073	-6.30617083571001	5	5	0.8309393614759716	3.251720386551069	3	3	0.2500109317479896	1.3154924808606314	4	4	0.31248089938977675	-2.8545462101120562	4	4
pseudo_562	0.7432077929590434	-4.518210073929933	4	4	0.7024263634168448	5.603596429837843	3	3	0.8543943137055756	-3.3416712331700857	4	4	0.6128668279862757	-3.96109944075512	2	2
pseudo_563	0.277038271384653	-7.559105014850117	10	10	0.325690300166091	15.68092009378509	9	9	0.08618144149293525	-10.138727561761584	7	7	0.0158445828334709	-17.596075228381	7	7
pseudo_564	0.8519243171368087	-2.9317893370360064	5	5	0.9961285445921516	5.877892736503466	4	4	0.45477022616253426	-5.84595049811855	4	4	0.3391983571575172	-7.8299693395830605	2	2
pseudo_565	0.49895943687871	-1.9101034375746142	4	4	0.7304672979806208	8.482836190761946	4	4	0.6193074999116697	0.37965882914280474	4	4	0.8496546027760271	-3.1013997386247616	3	3
pseudo_566	0.24969404688894725	-2.1268992601606036	5	5	0.35911124745802514	1.6839543924738685	4	4	0.2574583326814809	-7.154149559057338	4	4	0.7419348757734384	-2.1376445607636483	2	2
pseudo_567	0.008646182781749464	2.087624840397368	5	5	0.283119633772666	4.8239230758949185	5	5	0.7829057218104685	-3.1233121885941286	5	5	0.4970357852331647	-6.375975790109283	5	5
pseudo_568	0.22264074911562604	-8.81460482522182	5	5	0.745702920008283	-0.38055071799172513	2	2	0.44007703668129705	3.3589530067022566	3	3	0.35671135413869803	2.626085080706472	3	3
pseudo_569	0.17297364565655027	-0.8518300919973107	4	4	0.7304672979806208	8.755497571621127	4	4	0.7848272159006097	-3.1413567230533133	4	4	0.4289911441296608	-7.097053207052557	3	3
pseudo_57	0.32250776460345865	-4.1276181700083505	5	5	0.9820703590691865	5.394820896685174	3	3	0.6289654746594422	2.27474270316071	5	5	0.790852762293555	-4.087685452364288	4	4
pseudo_570	0.7111443366210655	-9.582174818534234	10	10	0.08368520229124958	-2.057206227067408	6	6	0.47862249609294694	-3.3110571485940237	7	7	0.3109832858349705	2.946908319150834	3	3
pseudo_571	0.7368748901163954	-4.870491753930801	5	5	0.5974132364292704	6.39105113112867	3	3	0.5516407814164297	1.1247846113949738	4	4	0.8190412486246205	-3.2302428417633906	3	3
pseudo_572	0.5628203135199947	-4.94632946447116	5	5	0.018289560237971455	-2.287365518259433	3	3	0.5758235747734205	-3.76916371538428	4	4	0.14602828431015114	3.921827787512833	2	2
pseudo_573	0.19559577018036878	1.3374225688583248	5	5	0.9310216668684299	10.458690986454533	5	5	0.3775018079739947	-4.995105197061435	5	5	0.45297213972518047	-10.552743830893565	4	4
pseudo_574	0.47427284387426194	-2.3304570092414156	5	5	0.5162115811839872	10.097071467769233	5	5	0.3818339688109085	0.6519020271165128	5	5	0.8346222032624742	-4.808920604695422	4	4
pseudo_575	0.18199224213138987	-9.27890801477343	5	5	0.7615923499947073	6.255165812679887	3	3	0.360477993144102	3.7805441276599017	5	5	0.26367578338108444	0.08826892456856121	3	3
pseudo_576	0.4257806639766153	-8.584196137117209	5	5	0.6693837588445546	5.1622238858032246	3	3	0.24366816400388736	3.9133741251080276	3	3	0.23827522969627601	-2.804290371656588	4	4
pseudo_577	0.6230387588833852	-7.830879206042347	5	5	0.2325801199189429	-1.9776100113811141	2	2	0.31171068689298287	-5.081569167837544	2	2	0.9545638056781163	1.5345134780337988	1	1
pseudo_578	0.0782619448325575	-8.565736005319506	5	5	0.07616943968906581	14.2978992533511	2	2	0.1635020151988491	5.346708765547791	2	2	0.3300854258991952	-7.540936424956004	3	3
pseudo_579	0.38710731583902636	-5.863113076030124	5	5	0.036502544464027155	13.355452440335617	4	4	0.2689156316771262	4.094919709914914	4	4	0.2520215298219919	-7.781144253104604	4	4
pseudo_58	0.41501612077823236	-5.549312676963907	5	5	0.3338667471178933	7.275244214419467	3	3	0.3700272644953272	-5.579014318105233	3	3	0.07859415876116457	-13.624542166123838	2	2
pseudo_580	0.9578210905932972	-4.9129945808598885	5	5	0.5000243307210197	9.723436491522335	4	4	0.1494254409147451	3.883414645951443	5	5	0.48765525145595867	-3.376097519075587	4	4
pseudo_581	0.16339140663094376	-8.756668742651758	5	5	0.38085144607479493	8.378099759675736	2	2	0.2233442834066478	3.8038711074374807	3	3	0.7987815134894407	-2.7678432978065897	3	3
pseudo_582	0.3291439069858658	-3.5243689339070574	3	3	0.6241933662913467	4.79108251024403	2	2	0.7746384578759967	0.6314115291008936	2	2	0.8913977488082454	-2.588411506763371	2	2
pseudo_583	0.8812924851140853	-4.680242191393249	5	5	0.9641497708737391	5.126607587250795	3	3	0.6152326740513576	-4.201512368532774	3	3	0.3300854258991952	-7.7568604814038045	3	3
pseudo_584	0.6099014611238708	-4.468129222318351	5	5	0.737776224888011	8.758148990976403	4	4	0.280718186017031	-3.527763360130464	4	4	0.23774861334252295	-11.51804989140253	2	2
pseudo_585	0.19775291308141218	-2.174750130390057	5	5	0.5162111566332251	12.079605338737693	5	5	0.1427778538484996	4.411241395872306	5	5	0.5973346753450879	-7.146945533267641	5	5
pseudo_586	0.942692936335836	-9.119147661891402	10	10	0.6391633824557172	4.83019527079231	6	6	0.5964535582138671	3.776689024769628	8	8	0.6503932376269839	-3.58356974179983	6	6
pseudo_587	0.008034285325101585	-9.90121056701196	5	5	0.4452909284726748	-1.4493443576975658	1	1	0.2830353263780637	-9.62051667426446	1	1			0	0
pseudo_588	0.8911203398203431	-2.769865118173747	5	5	0.1441519333367332	-1.5349592405359094	4	4	0.869948956281305	-2.943414958576785	5	5	0.2986619586899043	2.8895936322071116	3	3
pseudo_589	0.3134621468706055	-8.790975744373865	5	5	0.745702920008283	4.443897824629317	2	2	0.04457897226189649	10.535468089131214	5	5	0.14878223932709853	-0.04104161454693175	5	5
pseudo_59	0.732187752376495	-1.8160132677845908	5	5	0.6526315947358508	8.883142250977338	5	5	0.9649635739855458	-2.6486899951128633	5	5	0.5346196128272573	-4.452803180883822	3	3
pseudo_590	0.4819934660712062	-2.42759285155813	5	5	0.759843249062373	4.934388580281599	4	4	0.48466511480231	3.728841150994375	5	5	0.3896398180458108	-3.0346438154220152	5	5
pseudo_591	0.019961318738563532	1.6764590033843003	5	5	0.2716348212096271	1.7010088896333293	5	5	0.7767775809876375	-2.914745273119625	5	5	0.43949885675382794	-0.25015356112240167	4	4
pseudo_592	0.505559506009116	-1.6473601495085635	5	5	0.8120701353897801	6.176658796458867	4	4	0.7952021408938005	-2.8361803186957797	5	5	0.9635050030421082	-3.397521509518119	3	3
pseudo_593	0.07721432087692322	-0.9166996022014525	5	5	0.09800778014003353	-1.5946747869103703	4	4	0.12693421506009953	-6.673679111329122	4	4	0.4454669683385002	2.8790335209862166	2	2
pseudo_594	0.6230390885826944	-1.900585813982716	5	5	0.9729049155392885	6.277966965907424	4	4	0.14086101334174347	-8.788171610663612	4	4	0.08713412791425731	-12.990139521539742	2	2
pseudo_595	0.7228435456055322	-4.993463401584964	5	5	0.6036337845565438	4.382176571821094	4	4	0.9051347078315188	-2.404972517609606	3	3	0.7094597418423237	-3.3495239254215696	3	3
pseudo_596	0.61426700126977	-5.378582900389613	5	5	0.021178886774044475	14.32845952251764	4	4	0.8124813825897014	-1.9363828414470345	4	4	0.07410862052939107	-17.14632815264999	5	5
pseudo_597	0.4819934660712062	-7.989967845456635	5	5	0.9944944608238245	4.6313401731648325	2	2	0.9958656745191315	-0.8236886214757706	3	3	0.4551052255959279	-4.554167792234368	2	2
pseudo_598	0.5905398942207816	-8.142450609054627	10	10	0.7736334771136799	8.991954652733808	6	6	0.1869485019995185	3.7803997801954323	7	7	0.19460520713674367	-6.5713644028584595	7	7
pseudo_599	0.4515238707559137	-4.619262831919053	5	5	0.8423105224700136	9.051501651987062	4	4	0.9038090250597768	0.25886787919307924	4	4	0.817044721781739	-6.847703713122008	4	4
pseudo_6	0.9330574670056491	-5.855472779832907	5	5	0.8045517718924269	5.878851964773113	4	4	0.4747375370464101	4.0032130231184135	5	5	0.8088953673293188	-0.7063191216901711	3	3
pseudo_60	0.8276049544731802	-5.472310469406662	5	5	0.2611538114013764	-1.0416541643245083	3	3	0.3635503467204566	3.421576161743676	4	4	0.09376563906204681	3.578322527887321	4	4
pseudo_600	0.29158528144400075	-8.485279088172904	5	5	0.11310905276179961	12.568951875610018	3	3	0.2537156091068139	6.436123239206167	4	4	0.8611413923233626	-7.532887930245753	4	4
pseudo_601	0.8034497876712605	-4.306333840597869	5	5	0.9641497708737391	3.258119305963216	3	3	0.7236377893443331	-2.2181994071204856	4	4	0.5519614374887956	-2.926969254871308	3	3
pseudo_602	0.3104839518061432	-5.963694508887812	5	5	0.45153543260689877	6.360483762584768	3	3	0.42790038218421644	1.4330317554303325	3	3	0.9635050030421082	-3.3561925327746707	3	3
pseudo_603	0.8845796227939808	-2.8567391915291194	3	3	0.35157929096965923	9.033074064189176	2	2	0.2005933065514195	3.921371299672801	3	3	0.9530885481507942	-3.420579814443586	3	3
pseudo_604	0.2548497556450918	-1.5292610155722954	5	5	0.5000243307210197	1.8813312091083365	4	4	0.9607315350260196	-2.152041902243948	4	4	0.2663113324622022	-3.09820769255318	4	4
pseudo_605	0.39397479237029165	-5.68007897025166	5	5	0.2831191466453048	16.133403313555693	5	5	0.795201981325351	-3.2744233372324323	5	5	0.15606594177838937	-8.109094007298145	3	3
pseudo_606	0.7509945103964352	-5.250812420469594	5	5	0.44481100323205125	6.445752540894493	3	3	0.7506416071664626	0.4006041626818378	4	4	0.7192145505606329	-4.438305695093464	3	3
pseudo_607	0.5747182929926029	-5.524050456696171	4	4	0.5856725270666104	-0.6783759826530877	2	2	0.9875974675566077	-0.3746983441768916	3	3	0.20732758451294953	3.390145787085727	2	2
pseudo_608	0.41501612077823236	-8.546813819458729	5	5	0.45831698880978144	8.546257500459864	3	3	0.24634420770085308	3.2699522807552373	4	4	0.870193222569462	-3.288321551485487	3	3
pseudo_609	0.10571603577953666	-9.138765517700294	5	5	0.07031765950240168	15.930299736115359	4	4	0.0698679899514304	7.543951661696982	4	4	0.6557652389588101	-6.815088600038614	4	4
pseudo_61	0.6318649979916482	-5.4201133081400235	5	5	0.5742290562137042	-0.030490860442554002	3	3	0.8236832557969926	-1.7889116208445575	3	3	0.38133713658696033	3.0192144920602066	2	2
pseudo_610	0.5164761524375556	-9.342980563583867	9	9	0.044909849497219295	18.20207486096712	6	6	0.3905893126377027	5.3223331407264425	5	5	0.14672231868259128	-11.787817737681193	6	6
pseudo_611	0.7228435456055322	-4.798651355728947	5	5	0.15322520980405646	16.375084147460957	5	5	0.8614233316999723	-0.17231698267917447	4	4	0.25672416509120977	-10.849669732158857	4	4
pseudo_612	0.8763853071710093	-4.5489473620986445	5	5	0.8749977433549524	5.3262469172910505	3	3	0.4408861989047521	3.6590846775517565	5	5	0.3817877693051497	-3.395580663127715	4	4
pseudo_613	0.2817361758931203	-0.6619135263056163	5	5	0.8727853087933759	3.1367213342238114	4	4	0.1837287658766158	-9.458195407379199	4	4	0.38133713658696033	-7.486467689649107	2	2
pseudo_614	0.7794809162586847	-4.963390931176049	5	5	0.7191658612704632	2.2219985014890837	3	3	0.2233442834066478	-6.1473748143921725	3	3	0.6820940333450014	-6.897214341158675	2	2
pseudo_615	0.44116472136751683	-1.7286472941854445	4	4	0.43468535458993085	12.684794531167348	4	4	0.9464706764702553	-0.5890928928636198	4	4	0.3817877693051497	-11.702627949651202	4	4
pseudo_616	0.8702221963450985	-8.497246312060858	10	10	0.21804974309695724	16.080468431989754	9	9	0.6316708353798925	-3.180421085523188	8	8	0.15452669596214919	-11.589991004177756	5	5
pseudo_617	0.9751813225782274	-4.661137148733339	5	5	0.7615923499947073	3.076685538844296	3	3	0.32696954693354785	3.3220961909477627	4	4	0.4736126183588437	-0.3447808714564105	4	4
pseudo_618	0.13864245213360282	-7.838386878251062	5	5	0.12386530664435164	13.35168371743601	2	2	0.08259095488319451	6.7082554662297085	3	3	0.9739276904749025	-3.5127687500512343	3	3
pseudo_619	0.3194738233759382	-1.7502111096931958	5	5	0.4756794285675878	10.136085829711698	4	4	0.509968627677359	1.530931574156737	5	5	0.8919539175558792	-10.631983547674386	5	5
pseudo_62	0.5502911856779946	-8.405193338569854	5	5	0.49452959113685724	3.2563011075645436	2	2	0.9958656745191315	0.12138711106637727	3	3	0.9679674970160776	-2.461930708136165	2	2
pseudo_620	0.9702197005574611	-8.637975419952902	5	5	0.6693837588445546	5.984199805040319	3	3	0.9038090250597768	2.9604329721260885	4	4	0.5794593620066385	-3.1181472374152137	2	2
pseudo_621	0.9583072535334175	-4.798367622729849	4	4	0.9724775459033901	4.020667131344784	2	2	0.17534921913348012	-8.97657979274024	2	2	0.22273033456987312	-16.250964533366055	1	1
pseudo_622	0.14420865294314084	-9.232230625744407	4	4	0.1475353006953485	-2.322636725922944	1	1	0.9340800472264392	0.25317705750224384	2	2	0.231497839511154	3.898936364344597	1	1
pseudo_623	0.5175666850027655	-1.358757321413096	5	5	0.5313610007096	0.1154995755073438	4	4	0.581946573538128	-5.42982615043418	4	4	0.5257612504335041	2.7241889902093064	2	2
pseudo_624	0.5216014881828801	-6.959424525002009	5	5	0.16970735378797863	-1.7027924390962683	2	2	0.91090340400704	-3.0732815534224596	4	4	0.8033785783179226	1.2883379447680974	2	2
pseudo_625	0.3411046490238926	-5.835554072985602	5	5	0.9462472744390631	2.599104857369193	3	3	0.16940410725863353	4.043274082876246	4	4	0.13191806058529615	0.5496850725987136	4	4
pseudo_626	0.27075921782341195	-0.9275762005215586	5	5	0.2641579367674023	13.56081341062623	5	5	0.631989721630215	-5.701892758736825	4	4	0.150187470418256	-13.860161545236345	4	4
pseudo_627	0.8123153377268929	-8.872069407839959	10	10	0.9130944077405535	14.831837537559815	7	7	0.7753203304688635	2.96198858405304	7	7	0.9234119881649558	-10.170940029430994	6	6
pseudo_628	0.8276049544731802	-1.8528330584983415	5	5	0.08341791611582182	13.445331456523265	5	5	0.7584777494245712	-0.5963221432354708	5	5	0.047640448416829795	-8.761113132986118	4	4
pseudo_629	0.40091586576193183	-7.692309125639689	5	5	0.7107786755206931	5.34053165414491	3	3	0.04259988026541253	7.406437408278244	4	4	0.2123900450403613	0.645010321524112	4	4
pseudo_63	0.7275105843794041	-5.065987939950798	5	5	0.07456587552586078	15.513725967585112	5	5	0.2928676344390907	3.656673533605145	4	4	0.3625172550089941	-10.473411099271281	5	5
pseudo_630	0.436707313413085	0.29872525853768417	5	5	0.18252650262784453	10.739405935103997	5	5	0.6808489527641138	-1.5059880548797606	5	5	0.33660888689444723	-11.022496180575713	5	5
pseudo_631	0.74627843135579	-4.805586699519006	5	5	0.9462472744390631	2.827729494259714	3	3	0.6899037811414636	-3.090197328759539	3	3	0.955166061730401	-2.4272403841746706	2	2
pseudo_632	0.6965922544131331	-8.157543893868434	10	10	0.28201357501229873	16.283544724654966	8	8	0.9224250207606992	-3.6511416332803357	7	7	0.2452860580093501	-14.038192072901678	7	7
pseudo_633	0.4079296924520588	-5.92473801131404	5	5	0.12640502134433174	13.430070159000055	4	4	0.265257381639326	-6.1798512138178205	3	3	0.013236501697626161	-15.191721916612126	3	3
pseudo_634	0.7422078570228843	-7.504521032271423	10	10	0.5847990402784027	13.73752019277795	8	8	0.7856287559133217	-1.8220536199126283	7	7	0.1723543991843679	-11.427406252544609	7	7
pseudo_635	0.6452021733850588	-6.209821076077969	5	5	0.8727853087933759	6.594431779165849	4	4	0.7756519971940762	-2.544591705642332	3	3	0.9843548320060657	-3.764280226593751	3	3
pseudo_636	0.5968883568744728	-4.4779402828839725	5	5	0.9497042377088097	5.699156837267579	4	4	0.6706787770101368	-3.455571122968962	4	4	0.7298273652942457	-2.8331052185875794	2	2
pseudo_637	0.9256399289237022	-2.7592440576508346	5	5	0.19850423358211944	1.709045625508595	4	4	0.631989721630215	-6.084428305712663	4	4	0.32321315799713723	-0.582397628148811	2	2
pseudo_638	0.936110429511404	-4.470197408097865	4	4	0.3012414809297749	8.355146411452072	3	3	0.3449507385605386	3.348122697422731	4	4	0.9594979328990745	-6.218489195494761	4	4
pseudo_639	0.851924178297306	-4.248564321154119	5	5	0.12370046851451348	-1.548029966500516	3	3	0.8398513384489055	-1.0469885327707613	3	3	0.2166806625969988	2.0721383546306056	3	3
pseudo_64	0.36830196946882987	-7.454867456156887	10	10	0.7368877698167084	15.293324420440639	8	8	0.6944111200560894	-4.020145803845021	7	7	0.9671352966487564	-10.128905895484474	6	6
pseudo_640	0.2088011010974956	-2.206768015588453	5	5	0.7422115732643464	9.204352120197619	5	5	0.7303580739456178	-0.623189551210607	4	4	0.5493943391197713	-7.361905319762395	5	5
pseudo_641	0.558628675903637	-8.60978799150836	5	5	0.9944944608238245	3.9496400696196146	2	2	0.565182331322907	2.897876298197773	3	3	0.9635050030421082	-0.8094636214835035	3	3
pseudo_642	0.28452694213824137	-8.31796465556148	5	5	0.6693837588445546	5.601018412176518	3	3	0.5443481470440746	0.6180718754530595	3	3	0.859912066115945	-3.5560068647690635	3	3
pseudo_643	0.436707313413085	-8.906937755583064	5	5	0.5032902174367295	-0.846116910497436	2	2	0.3682965174663976	3.5342933319488448	4	4	0.09297945296699121	3.403230679005753	3	3
pseudo_644	0.3803131772306615	-6.1185944654937385	5	5	0.7530448034391494	6.3180014043614365	3	3	0.7052381118633837	-2.503643200345054	3	3	0.4681122442692611	-7.250385130326727	3	3
pseudo_645	0.6631642422518391	-4.739060103450303	5	5	0.16693734917055902	-1.452475055723415	3	3	0.7848272159006097	0.25857627917665876	4	4	0.062475090485172836	3.773006642461715	3	3
pseudo_646	0.6631642422518391	-4.4997264448189975	5	5	0.37470328733451075	2.3439191455044015	3	3	0.8473768334886252	0.581456358015197	4	4	0.3817877693051497	-3.0074508303829504	4	4
pseudo_647	0.024296458006072098	1.831231376452612	5	5	0.2716348212096271	2.2473072226874287	5	5	0.004754259886783739	-10.60416375779395	5	5	0.21420310243379503	-16.27292740002995	1	1
pseudo_648	0.9355313379491793	-5.345924807958123	5	5	0.14683598266600578	12.246091341266569	4	4	0.9710659366216815	-0.28012589651959124	3	3	0.16001715967127494	-10.667188374322969	4	4
pseudo_649	0.27347557943195544	-7.871998618925493	5	5	0.08831468555573052	14.832638407128218	2	2	0.835628642188032	-0.32469787620173557	1	1	0.14602828431015114	-12.380090960217139	2	2
pseudo_65	0.7604544661741253	-5.772071111123893	5	5	0.8838607086796945	2.7124040534057774	3	3	0.7915770994846889	-2.6556314936307364	3	3	0.8534448419467351	-2.687688938252139	2	2
pseudo_650	0.08646212647542535	-9.183762599060607	10	10	0.4308767920314365	11.447658981645384	5	5	0.9812471185766619	-3.452991713646019	7	7	0.22529146405874734	-15.754311404917862	7	7
pseudo_651	0.6186462527579903	-1.819275228545119	5	5	0.6104174060852452	2.7358063735539964	4	4	0.220225659558977	2.4620573026518713	5	5	0.2411240863919316	0.5734256147763203	5	5
pseudo_652	0.23517164862485196	-8.842950906590588	9	9	0.10536755526036656	18.596851746936213	6	6	0.12051441922027133	3.377518951564675	6	6	0.48045230335924927	-14.90078325795299	7	7
pseudo_653	0.985107256241497	-5.293876978647229	5	5	0.6378832840984665	8.799168628830566	4	4	0.7303580739456178	0.13048773228757674	4	4	0.6476331680190908	-7.259230364553304	4	4
pseudo_654	0.7228435456055322	-2.034415869095525	5	5	0.6518081506179378	6.217886479900902	4	4	0.9464706764702553	-2.1748879881815992	4	4	0.7192145505606329	-4.101904080283272	3	3
pseudo_655	0.08147440636708674	1.3887087229128328	5	5	0.031135917038222105	-2.0486120553091727	5	5	0.16102535313080168	-9.767099016626629	5	5	0.07074807989395807	4.0069777590161335	2	2
pseudo_656	0.8519243171368087	-2.6934253099542396	5	5	0.5377457390327564	9.85460427135485	4	4	0.6641660577844778	-2.8120757546510817	4	4	0.37567558344246366	-11.095420551626168	4	4
pseudo_657	0.6813217547898165	-5.646607763303458	5	5	0.3904321706828199	7.1655184645146806	4	4	0.8723843646795518	-1.8440060231626008	3	3	0.9115204920746716	-3.6842333981741233	3	3
pseudo_658	0.7135404879890894	-5.40423514565897	5	5	0.2708118684024159	1.038381708290346	3	3	0.7103601682451065	3.145884460618403	5	5	0.44146842120616336	-2.5236751573475122	5	5
pseudo_659	0.985107256241497	-2.685972093363803	5	5	0.7746652364788146	2.461805620682329	4	4	0.7767775809876375	0.0953179477140007	5	5	0.7562990515506363	-1.1373333055949117	4	4
pseudo_66	0.47043816224845847	-1.3137958120183872	5	5	0.9961285445921516	2.727753253282097	4	4	0.6256347635862844	-3.053033231931945	4	4	0.9739276904749025	-1.1645249114560687	3	3
pseudo_660	0.3769437572472055	-6.077888487612742	5	5	0.6309680799450805	8.270351962510377	4	4	0.3779039187621106	0.8916386313648142	4	4	0.9739276904749025	-2.961355035887024	3	3
pseudo_661	0.8032922759805377	-9.496698919920851	25	25	0.8239220925869549	18.648878856067828	19	19	0.7860962159544191	3.8422175612162284	20	20	0.8426807337831579	-14.838466508990166	16	16
pseudo_662	0.3803131772306615	-1.5939437619111516	5	5	0.9419791711232611	2.8906245500942127	4	4	0.6576786018960983	0.6720535915337519	4	4	0.8700175836875019	-0.8787260838681318	4	4
pseudo_663	0.011328331131308982	2.2851247843140197	5	5	0.22557636415613624	1.098686090684361	5	5	0.11289343013774664	-9.93915220016539	5	5	0.7686482492938345	-3.9232070375803567	3	3
pseudo_664	0.9256399289237022	-2.547998928358793	5	5	0.7159232287040406	2.008287625119513	4	4	0.2973010182653696	0.7548793322168513	5	5	0.11805085993499742	0.756480484596057	4	4
pseudo_665	0.47812463629288693	-5.814325636742358	5	5	0.8838607086796945	0.512217345786247	3	3	0.08981195640865178	4.676245210784995	4	4	0.516401735382113	2.5814328554518116	4	4
pseudo_666	0.16339100725202205	-7.6874667688758285	5	5	0.36603280988594333	6.156229200570925	2	2	0.21005494434915906	2.3993650001940225	2	2	0.980777192385471	-2.185604725997138	2	2
pseudo_667	0.3317219744854065	-1.4055770971078994	5	5	0.5062122435155483	5.459396700470168	4	4	0.7282811398662512	-0.7935780706378615	5	5	0.9415243127734115	-3.8618963158174466	4	4
pseudo_668	0.4578775224419386	-1.544615860181728	4	4	0.6448301450738294	11.369462624489495	4	4	0.19339897838816922	-6.3613399370041295	3	3	0.13780610498594745	-16.409713423821866	4	4
pseudo_669	0.8276049544731802	-2.358921036495325	5	5	0.9379047822859787	9.08874635096427	5	5	0.2847293905213951	-5.919134481826796	4	4	0.4842971604966001	-7.8424281406449206	3	3
pseudo_67	0.3837010404022754	-3.61335468922015	5	5	0.11568745079709407	-1.6193909727003029	3	3	0.22857628278722897	-3.503384074548936	4	4	0.14156250123272146	4.288069290871326	1	1
pseudo_670	0.9583072535334175	-2.0970205474536434	4	4	0.7787740228595545	2.5231334506835235	3	3	0.35366072005909566	-5.8545312829506315	3	3	0.5159934941416728	-7.804352594110073	1	1
pseudo_671	0.13003768194365797	-2.666978698190711	10	10	0.60566191442409	11.792999285619421	10	10	0.4735942790054358	-3.712767872611588	10	10	0.8957950434264635	-7.5557636008833775	7	7
pseudo_672	0.0073241187955584925	2.917493759213652	5	5	0.5331340718488193	2.4571763088487284	5	5	0.015695541671742294	-10.71242781226033	5	5	0.5308277060524229	-7.798714425513681	1	1
pseudo_673	0.47427284387426194	-5.661226244147021	5	5	0.2517365818013616	9.026745188303815	3	3	0.4387286754574321	3.1362464498268703	4	4	0.30179087500327006	-7.678201471084382	4	4
pseudo_674	0.40441368259903376	-1.7851726194361026	5	5	0.03919138682789869	-2.0873381893832152	4	4	0.4408861989047521	-3.4836950148535983	5	5	0.25075941877699237	3.2140366438177184	2	2
pseudo_675	0.5145745314268053	-2.054786658036109	4	4	0.5145769424974942	1.9825409153424587	3	3	0.4650173543893229	-3.508590671876462	3	3	0.8908197786395017	-3.9198721128391547	3	3
pseudo_676	0.17895528865762855	0.19188950481412004	5	5	0.08815303524856632	10.116802474276374	5	5	0.7952021408938005	-1.408014589548855	5	5	0.2451866747139333	-11.259664489531055	5	5
pseudo_677	0.3974362825175889	-7.813617946220941	5	5	0.7772464278740601	-0.25218592621043	2	2	0.12636825753966383	4.479819462813021	3	3	0.13442875120864137	3.328041675629707	3	3
pseudo_678	0.9739335366699541	-7.628483268310528	10	10	0.10994535279323994	15.69060868335332	8	8	0.24666808365217274	0.850631995607829	7	7	0.39107176226320484	-10.846050615320666	7	7
pseudo_679	0.7275105843794041	-2.0359604309758064	5	5	0.42583019277096246	13.083476280016514	5	5	0.7584777494245712	-3.207311877403182	5	5	0.4197266890205037	-13.826208628553275	4	4
pseudo_68	0.4471086412211388	-4.907956439898406	10	10	0.5480483482082128	9.02467302423052	8	8	0.1463097532845851	-3.595300559631312	9	9	0.43284943323702774	-7.379687560231101	4	4
pseudo_680	0.19559577018036878	-1.2844481284663198	5	5	0.0941309437225227	-1.7151232260441496	4	4	0.0698679899514304	-9.55298372741868	4	4	0.9727288444741555	1.4981192407733994	1	1
pseudo_681	0.5968883568744728	-7.854313318314406	5	5	0.5313610007096	12.302616249156776	4	4	0.22173097649935758	3.9203694614927467	4	4	0.9325480838395456	-6.9231586642817895	4	4
pseudo_682	0.61426700126977	-7.117876296910725	5	5	0.1503502857369216	11.719491162015567	3	3	0.11656688544676111	9.159702132706025	5	5	0.5973352547426559	-7.328284950152256	5	5
pseudo_683	0.8665852525305446	-1.967097147659489	5	5	0.42583019277096246	13.319122211499122	5	5	0.17789481700628373	-8.96321015119589	4	4	0.044780300492739566	-13.946737825302648	3	3
pseudo_684	0.22028963918129152	-8.894342728202892	5	5	0.057564573375322906	12.996818947756742	3	3	0.11006094714982735	7.171982312102773	4	4	0.546002570572736	-8.023503876955807	4	4
pseudo_685	0.28452694213824137	0.6379051934588803	5	5	0.9723797262414219	6.068612996433245	5	5	0.6289654746594422	-5.776165326596916	5	5	0.8611413923233626	-7.537235929385708	4	4
pseudo_686	0.960300105419759	-5.189455151379828	5	5	0.08355008047033366	-1.5430663085082852	3	3	0.3024729591183748	-4.71915287778209	3	3	0.6939175270038576	0.8938635077463362	2	2
pseudo_687	0.30458513005889	0.33076644707717495	5	5	0.3819816569460097	4.093928008638195	5	5	0.23879290883571058	-9.822522017022317	5	5	0.6586821561494349	-3.755927243431555	2	2
pseudo_688	0.49763763251056903	-7.3623688744080376	5	5	0.830619604740795	4.290781667952597	2	2	0.7677242252264775	0.47293650765141476	3	3	0.955166061730401	-2.4697032098101457	2	2
pseudo_689	0.5461455430695353	-3.3472160298496125	5	5	0.9651678359385234	5.781051695410131	4	4	0.8403714335211089	-3.977110664896221	4	4	0.9679674970160776	-2.3498182972679413	2	2
pseudo_69	0.8227600711155665	-2.65937731967767	5	5	0.3798121005542555	8.435012724191244	4	4	0.6969736928599297	0.8222468653631051	4	4	0.7053890414270343	-6.8439502513734505	4	4
pseudo_690	0.9009649498567089	-4.944011900033651	5	5	0.9373056282119494	5.3935440005582125	3	3	0.5456739982301828	-0.7832730224356249	4	4	0.7987815134894407	-4.138055325642412	3	3
pseudo_691	0.26538212237575187	0.7005437251412737	5	5	0.8421948245554784	3.761695816794376	5	5	0.8573909747763957	-5.601583684320936	5	5	0.5874525158575528	-0.029472482482333362	3	3
pseudo_692	0.3669464418009454	-1.493649040845221	5	5	0.45140931243790294	12.89812794800661	5	5	0.3225711130764517	-5.904369797434291	4	4	0.18112396759391292	-13.957897924594699	4	4
pseudo_693	0.4897819357414237	-5.474906995400988	5	5	0.8804354453037812	5.132887380839409	4	4	0.7677242252264775	-1.7702835521155407	3	3	0.7388605626131051	-3.224491045776521	3	3
pseudo_694	0.7042798325092905	-1.9409916775652727	5	5	0.3904321706828199	6.738880392115113	4	4	0.2791764489454208	1.5558161829720205	5	5	0.43949885675382794	-3.331496660523566	4	4
pseudo_695	0.350039752681239	-9.923396496452147	10	10	0.6112642901328011	5.514425380253321	6	6	0.7548231820249999	0.834987172675715	7	7	0.836785242829008	-4.029913002081025	6	6
pseudo_696	0.13617188700460212	-9.253577135066479	5	5	0.5856725270666104	9.521849274927188	2	2	0.36452020844098143	3.538220646568511	3	3	0.6939175270038576	-2.8941245020094124	2	2
pseudo_697	0.8862042246935815	-2.9592955908798726	5	5	0.8804354453037812	3.233449892261502	4	4	0.9649635739855458	-2.858114994210826	5	5	0.7586785504415519	-1.2672245515692009	3	3
pseudo_698	0.07313752456189654	-8.66167569020891	5	5	0.029359626166250995	16.444724134307183	4	4	0.35366072005909566	3.0760568976220184	3	3	0.07928382959566187	-11.760268927578492	4	4
pseudo_699	0.5968883568744728	-5.941334909283864	5	5	0.8804354453037812	8.397748702456665	4	4	0.2689156316771262	3.8043454320521906	4	4	0.6639383217126111	-3.3407269707795506	4	4
pseudo_7	0.19992775427065312	-1.3460185541592236	5	5	0.08497537455208815	10.270003800256815	4	4	0.7044213525617156	-2.332033680625375	5	5	0.31192290200341477	-13.456136800804508	5	5
pseudo_70	0.74627843135579	-4.33224866183599	5	5	0.5187078775333873	4.58647923800941	4	4	0.9251129295216511	2.239377204365455	4	4	0.8840051722586065	-4.005958309253777	5	5
pseudo_700	0.3669464418009454	-1.2679128369600727	5	5	0.4756794285675878	2.088163757278288	4	4	0.5163287936122332	-3.178723908836057	4	4	0.8804963658850083	-1.6411945256619827	3	3
pseudo_701	0.16151997611977198	-1.518736428119537	5	5	0.5062122435155483	9.663433409746611	4	4	0.1559338036385236	-6.531289115082868	4	4	0.09297945296699121	-11.105959503214217	3	3
pseudo_702	0.11544151597472849	-8.018631436799629	5	5	0.09359047184903828	14.35885351197794	2	2	0.07899059001359438	6.868887196017347	3	3	0.8190412486246205	-4.024046174666297	3	3
pseudo_703	0.36365107203172253	-2.0663767947728626	5	5	0.7159232287040406	6.170752726758106	4	4	0.48782365639228853	-5.772565349803138	4	4	0.4214014545789403	-7.040745168550157	3	3
pseudo_704	0.9751813225782274	-4.157042007747506	5	5	0.4290002941849582	12.046021550491304	4	4	0.6233062375026152	2.901080679276274	5	5	0.4597952789439739	-7.992108257212813	4	4
pseudo_705	0.2748405412759325	-2.087798501560577	5	5	0.6156358354978164	12.532946201359584	5	5	0.9585985949330501	0.10917901257372553	5	5	0.4736126183588437	-7.513151405845407	4	4
pseudo_706	0.8812924851140853	-5.240546451170982	5	5	0.20820795672357084	1.5877076439846747	3	3	0.5163287936122332	3.404224261028491	4	4	0.2761420676144386	-0.12437271824643699	4	4
pseudo_707	0.8130907252982476	-4.650082237053622	5	5	0.11057615149708874	-1.4877487883402984	3	3	0.9458769563994681	3.89060387838189	5	5	0.1696313799903556	3.516046563295572	2	2
pseudo_708	0.2789640387466429	0.8873615892246193	5	5	0.37728662746297414	1.692813871660979	5	5	0.06220263161071154	-10.56679754046116	5	5	0.7419348757734384	-3.3569134488049985	2	2
pseudo_709	0.8130907252982476	-7.5909973204041385	5	5	0.6693837588445546	8.345554338223314	3	3	0.6822836276834809	-0.9784486089117458	3	3	0.5237232041753621	-11.010843035117118	4	4
pseudo_71	0.44779330363481895	0.5517923744494984	5	5	0.7097396211666542	1.8056389314661718	5	5	0.18359971814796483	1.9309899683252658	5	5	0.17919759059316354	1.0242245477338672	5	5
pseudo_710	0.20432938880241047	-8.206756382155456	5	5	0.373396620574329	8.762610765335666	2	2	0.34830847302348666	3.194119017176293	3	3	0.7586785504415519	-3.193547199408632	3	3
pseudo_711	0.04579242799346258	1.7630859284362346	5	5	0.20016540646611736	1.7497174153093749	5	5	0.3818339688109085	-3.8866690154323127	5	5	0.8082897813269934	-0.8758027319055977	4	4
pseudo_712	0.05452576266647869	2.256784933028608	5	5	0.5561265906259225	6.124541092368022	5	5	0.11843849334438071	-9.485454746057613	5	5	0.1598681085266348	-12.33949650454225	2	2
pseudo_713	0.8568059146997855	-5.945704276974456	5	5	0.5291826553376806	2.1811860468746427	3	3	0.21503379758473107	3.6561642454969348	4	4	0.3179183394988778	0.358940143587537	4	4
pseudo_714	0.2522627196280479	-1.4832386896387424	5	5	0.6217376854373851	8.697369840645543	5	5	0.6403493121235084	-3.2482402700325927	5	5	0.9947846469098508	-3.8243927431349256	3	3
pseudo_715	0.4666206632004828	-1.4618099736628585	5	5	0.43468535458993085	2.2102443420895734	4	4	0.4130051847373114	-3.0299598268941974	5	5	0.8088953673293188	-3.8328577972701487	3	3
pseudo_716	0.9652592309289412	-5.7334598904134895	5	5	0.11568745079709407	-1.5060799437745545	3	3	0.40258957396551287	-3.548881842599035	4	4	0.2642592074011081	3.2184702626948294	2	2
pseudo_717	1.0	-4.619984874374685	5	5	0.2857529780082053	6.8915465682331325	3	3	0.0967972737518166	5.446339126867503	4	4	0.6721515770417354	-3.226197727575819	4	4
pseudo_718	0.2438501196568824	-9.04126744447145	10	10	0.19217746044855188	13.390209454057532	6	6	0.847183184554992	-2.614567349302032	6	6	0.1768582128312557	-14.094604818597519	6	6
pseudo_719	0.23960233878514536	-6.360740652888076	5	5	0.22065121101801044	7.379215769796441	3	3	0.8403714335211089	-1.7734071525559931	4	4	0.26930162341674224	-7.924161038818372	3	3
pseudo_72	0.7842587434473092	-2.315856788130361	5	5	0.3798121005542555	2.043882796823455	4	4	0.56366968184805	-5.733190556308773	4	4	0.39905555634338286	-1.0759236434839292	2	2
pseudo_720	0.5338022520969425	-1.554667139782623	5	5	0.39147862184227533	9.062296402213475	5	5	0.9251129295216511	-1.919737350020256	4	4	0.6076163265649088	-7.458354385740528	4	4
pseudo_721	0.10175203884196214	0.8624356159251896	5	5	0.6156358354978164	2.6638048966948116	5	5	0.746351898215174	-5.775427548548644	5	5	0.6721515770417354	-3.3642648720086683	4	4
pseudo_722	0.955342515600996	-5.069466004684508	5	5	0.628969833060491	6.02610590030213	3	3	0.42188635184047385	0.9765155238909067	3	3	0.9739276904749025	-3.4783309020314577	3	3
pseudo_723	0.9549805089902954	-2.5998562115889503	3	3	0.15319213788999692	-1.6434565410627622	2	2	0.4264310539244315	-4.663309395735879	2	2	0.28925131733010245	3.7027260816004253	1	1
pseudo_724	0.37451075191447336	-8.076130477290913	9	9	0.7933776869188223	12.041669963618801	7	7	0.6095553580915715	3.3841458313633024	8	8	0.45958463067540034	-8.01323801804538	5	5
pseudo_725	0.8812924851140853	-5.558429366472762	5	5	0.20020007677989382	-1.0848508538873631	3	3	0.08444039710054227	-7.170227222890038	3	3	0.8642788766016822	2.2424375012266813	1	1
pseudo_726	0.5882834192766856	-2.6674270080733025	5	5	0.1769107779615714	13.684384528639365	5	5	0.868463342257283	-2.194122162220516	4	4	0.1290480897276386	-11.06092937080973	4	4
pseudo_727	0.5699761421912348	-1.2774830689748364	4	4	0.9462472744390631	5.347222305464201	3	3	0.8236832557969926	-2.6755224350371036	3	3	0.6241887624344389	-6.877566809728673	2	2
pseudo_728	0.8548125045457424	-8.110470735002934	10	10	0.737862802554727	6.643714939714127	7	7	0.6478661749768821	3.313087548642702	9	9	0.9478549671208554	-7.700120929885835	5	5
pseudo_729	0.9157600014047256	-2.532672973529021	5	5	0.2391120689235039	13.268413026676983	5	5	0.6008935437190663	-3.206350253493578	5	5	0.10086653819195816	-10.93378312972449	3	3
pseudo_73	0.3803131772306615	-1.5274225475148009	5	5	0.13889686775547208	-1.7790532180963996	4	4	0.6706787770101368	-2.8719758263273523	4	4	0.3236353498215411	2.8494963538730147	3	3
pseudo_730	0.732187752376495	-7.94067194058114	5	5	0.03654885462447333	-2.3828306082660777	2	2	0.42790038218421644	-3.161926914556822	3	3	0.21420310243379503	3.935038442543985	1	1
pseudo_731	0.19559577018036878	1.2924048794115532	5	5	0.40111752317354443	9.723485641936461	5	5	0.4698159342154069	-6.084260699421816	5	5	0.23314165085637428	-14.97525169186999	5	5
pseudo_732	0.225009767319446	-8.492998061276282	5	5	0.4687443388636586	8.837165827717119	2	2	0.12130772244674923	4.632781605444967	3	3	0.5091327089768307	-2.5785640176900473	3	3
pseudo_733	0.6904707693560921	-4.5224627673582845	5	5	0.3029828090388741	15.200057547417986	5	5	0.7036062347341507	0.39221838995851915	4	4	0.6155312701319398	-10.108563057681073	4	4
pseudo_734	0.21516718326958129	-8.276522115813348	10	10	0.5359641198635972	19.63842411210348	10	10	0.02128520596174366	-10.601687732840514	8	8	0.08322212940947722	-13.94380204895107	4	4
pseudo_735	0.6318649979916482	-5.14097617140927	5	5	0.5001835845228213	1.7816842583533141	3	3	0.1989314840692229	4.752496227237101	4	4	0.07737204404368758	0.9474566748237411	4	4
pseudo_736	0.23712498471882115	-9.27943342990804	5	5	0.9614759002475808	4.264175942419722	2	2	0.9710659366216815	0.2509658676835889	3	3	0.7177868332479136	-2.0669977493048095	2	2
pseudo_737	0.817921935509101	-4.9869825902458125	5	5	0.8485071080769009	2.488399114014639	3	3	0.7169387434419567	0.5104415989812267	4	4	0.4289911441296608	-0.12076474193552193	3	3
pseudo_738	0.4666206632004828	-7.036506695342421	5	5	1.0	3.4221870802472267	3	3	0.5516407814164297	-0.7659342968583486	4	4	0.7562990515506363	-3.467304337835433	4	4
pseudo_739	0.8812924851140853	-5.073322292713879	5	5	0.44041367699358025	11.619798847836327	4	4	0.7915770994846889	0.24801592556081817	3	3	0.5687419866077745	-10.344697154639633	4	4
pseudo_74	0.3769437572472055	-2.0741528055369085	5	5	0.3850997578772506	-0.56057990671029	4	4	0.6130083147314762	-2.6140805279092896	4	4	0.43665971493913525	2.5508280330650197	3	3
pseudo_740	0.40091586576193183	-5.8755231872077465	5	5	0.6693837588445546	2.19855927441705	3	3	0.2233442834066478	1.488995513850388	3	3	0.14857830267706668	0.8615472731430103	3	3
pseudo_741	0.49763763251056903	-5.111388768376032	5	5	0.3151863565729124	9.880965816552122	4	4	0.3755857182410437	-5.506008714747289	3	3	0.2166806625969988	-10.340643089153183	3	3
pseudo_742	0.3939749718232116	-1.5703785903225504	5	5	0.2391120689235039	13.417992227598274	5	5	0.9964287091043627	0.00769644174304059	4	4	0.25766168514277343	-11.223060892406982	5	5
pseudo_743	0.17695158792034082	-9.630791065300807	5	5	0.6339920850514138	4.652206859316841	2	2	0.6979323533727426	0.8225187190575752	2	2	0.8913977488082454	-2.2584286658795016	2	2
pseudo_744	0.7699503812276316	-8.171378946236866	5	5	0.5377457390327564	11.188588669178934	4	4	0.9875974675566077	-0.23583415206857275	3	3	0.17603642558930854	-7.979146073715614	3	3
pseudo_745	0.32863184413438984	-1.3109336845690411	5	5	0.8423105224700136	4.8970677856946745	4	4	0.7506416071664626	-2.848955509698907	4	4	0.9843548320060657	-3.427929371240586	3	3
pseudo_746	0.5461455430695353	-4.182072661486322	5	5	0.653094606225717	6.23334415816328	3	3	0.6903642313594627	0.7298776881456548	4	4	0.9530885481507942	-4.097331221263612	3	3
pseudo_747	0.1578257381490188	-1.2649711660281733	5	5	0.42335870036441137	9.402545696156542	4	4	0.4361658265106021	-3.1799666760526537	5	5	0.3817877693051497	-10.929164993189858	4	4
pseudo_748	0.6996657919968424	-4.310521434633457	5	5	0.3850997578772506	8.64946160329942	4	4	0.5338372966057576	3.121639693162642	4	4	0.7562990515506363	-3.956562435757011	4	4
pseudo_749	0.298760737539137	-7.787606721042883	5	5	0.40375869582884427	8.703399264980883	2	2	0.07217285265622864	6.517507236229048	3	3	0.8292175195021274	-0.7430065115080904	3	3
pseudo_75	0.19345575949831506	0.6076681054625994	5	5	0.2909564349262762	1.4588647334061722	5	5	0.05085513954734253	-10.254297344499747	5	5	0.8913977488082454	-2.3535138451017565	2	2
pseudo_750	0.23222470616172075	-1.7486664782705044	5	5	0.02864570823733528	-2.521443705076526	4	4	0.05371340756125102	-9.861909718841375	4	4	0.12962595410473374	4.313350588441634	1	1
pseudo_751	0.9305842931363861	-2.5913051737996566	5	5	0.1441519333367332	-1.7361120079798138	4	4	0.9607315350260196	-2.747626003227554	4	4	0.24728688575955604	3.197250527399491	3	3
pseudo_752	0.08822019948404304	1.34144487217506	5	5	0.6156358354978164	5.575315712573892	5	5	0.16342487160678498	-7.223339721413924	5	5	0.6332438286069103	-4.632700513084893	3	3
pseudo_753	0.8276049544731802	-4.755485290088034	5	5	0.23805923834998888	-1.154169780865714	3	3	0.67721633403525	0.12816034106002663	4	4	0.22656426869830748	3.1150835547222564	3	3
pseudo_754	0.28452694213824137	-1.8148625698424554	5	5	0.8347267372086834	2.280882802709043	4	4	0.2650582641471281	-6.983809598231715	4	4	0.6820940333450014	-2.9474384771512114	2	2
pseudo_755	0.5379009760261242	-1.8578781836470128	5	5	0.09480107476699288	12.375094105010975	5	5	0.25176897792393615	4.314135390738181	5	5	0.5973352547426559	-7.885982226048018	5	5
pseudo_756	0.19123044704166303	-9.024794377770213	4	4	0.10197500891862349	15.037681587237332	2	2	0.4986649766343375	1.2817717061328506	1	1	0.22522201343532233	-11.781752689095338	2	2
pseudo_757	0.9454327084058349	-5.200159472533531	5	5	0.653094606225717	2.2280680801602237	3	3	0.9678669656315698	-0.26934035401756495	4	4	0.5091327089768307	-0.3227850839178454	3	3
pseudo_758	0.08479293458555347	-9.771258598576678	5	5	0.9944944608238245	7.9014783575186	2	2	0.8215665204202349	-0.33591881421221464	1	1	0.7786313571194479	-6.857974654383705	2	2
pseudo_759	0.23589294082823598	-8.561781475988445	5	5	0.3065263072624945	12.088601204674431	3	3	0.41592216980286423	3.353997223934233	3	3	0.4454669683385002	-7.445060338447085	2	2
pseudo_76	0.6385189957752703	-5.411353293361317	5	5	0.7821075202761589	9.87592588423771	4	4	0.4221807560091443	4.086962682078181	5	5	0.8082897813269934	-7.493495383314443	4	4
pseudo_760	0.58828377314847	-4.993759424006793	5	5	0.022545698531925003	-2.0643058622218358	3	3	0.8263990297566124	-0.5880491461278414	4	4	0.1064144635141224	3.4847216400993424	3	3
pseudo_761	0.38001151178095727	-8.946690293539119	10	10	0.7751490236049794	12.17702016953752	5	5	0.20076847956378263	3.3571057974726064	7	7	0.7451555877226845	-6.910303102929909	6	6
pseudo_762	0.11688659642160167	-1.3280643307184834	5	5	0.7895698055667162	5.437449165053809	4	4	0.6130083147314762	-3.344402774225069	4	4	0.859912066115945	-3.583388772027046	3	3
pseudo_763	0.7794809162586847	-5.019611016956594	5	5	0.4651552936864265	6.416576944356777	3	3	0.6512168291911148	0.8572546379799538	4	4	0.9594979328990745	-6.495916817349396	4	4
pseudo_764	0.15615984736813276	-9.058600963809381	10	10	0.5218214434037967	9.000919752588509	5	5	0.0454178108748902	3.9459145125615507	9	9	0.2175217205176091	-7.216025217877411	8	8
pseudo_765	0.9058929812955486	-5.024970545947698	5	5	0.5145769424974942	-0.6100269934185351	3	3	0.43396402621577945	-5.683447731707534	3	3	0.6732972110798485	2.6916416036567155	1	1
pseudo_766	0.20432938880241047	-1.3782473139767795	5	5	0.19850423358211944	1.1507366678180297	4	4	0.39757659025278524	-6.5763326940159885	4	4	0.500780752311927	-2.8565382524555467	3	3
pseudo_767	0.18506759543684093	-0.18615285722747496	5	5	0.020115373488111068	-2.107055487012184	4	4	0.02493177905174664	-9.944720031796779	4	4			0	0
pseudo_768	0.7290738447913383	-5.852045279959326	10	10	0.2974715432656424	2.3122380352201497	8	8	0.9977751041649879	3.3296190386018476	10	10	0.2944782837694565	-2.48665132674151	6	6
pseudo_769	0.7753653915428165	-4.4024828690577555	10	10	0.9485875964815044	9.495426609693686	8	8	0.17810538127862563	-3.632348821908112	9	9	0.4237682373897682	-13.196308838759848	5	5
pseudo_77	0.04785708845119854	-0.15365745781761575	5	5	0.6448301450738294	2.180901143609343	4	4	0.24634420770085308	-6.592562466922726	4	4	0.500780752311927	-4.8242589171719485	3	3
pseudo_770	0.6904710477780982	-4.639893076814092	5	5	0.49306782262246085	1.9076990748254843	3	3	0.3635503467204566	3.294406276821448	4	4	0.17032567808242083	0.5578641330564394	4	4
pseudo_771	0.36037427628796137	-5.888766131557854	5	5	0.12549702393359616	16.702454136389598	5	5	0.7598206814356091	-2.9177129741623418	3	3	0.08525066033756118	-13.903623137240183	4	4
pseudo_772	0.58828377314847	-5.0933805980234075	5	5	0.8309393614759716	2.4968079338991043	3	3	0.276745529081207	4.04334092858306	4	4	0.19630127950364495	-0.10241916782223666	4	4
pseudo_773	0.44779330363481895	-5.340059878598737	5	5	0.8485071080769009	5.6922463262065355	3	3	0.2027175322192979	3.9498225116055914	5	5	0.3636337746485804	-2.940946070883341	4	4
pseudo_774	0.8300298073252353	-2.2952546397503664	5	5	0.640198522913081	12.175016402865113	5	5	0.746351898215174	0.4644778623368155	5	5	0.7735198011655687	-6.851205810180151	4	4
pseudo_775	0.22980170344820716	-2.0993090402748784	5	5	0.5187078775333873	2.1715986973249852	4	4	0.7890473627285242	-3.4898219225474505	5	5	0.9635050030421082	-0.612757196356147	3	3
pseudo_776	0.7228432935367751	-4.971246976904927	5	5	0.5506297225103027	9.10750072936498	4	4	0.8967223169640042	0.5158923221954138	4	4	0.8878180814342319	-7.214834713269536	4	4
pseudo_777	0.436707313413085	-4.709445434435675	5	5	0.5768447830096883	8.522561772123773	4	4	0.07054590339596262	-7.094188907532029	3	3	0.11823409095379275	-11.152721938162285	3	3
pseudo_778	0.5754855034778059	-8.603615642196543	5	5	0.8198737038735534	4.390733245678643	2	2	0.07899059001359438	4.7120421842714535	3	3	0.23676534225814239	0.4649849491620894	3	3
pseudo_779	0.9454327084058349	-5.347616967093988	5	5	0.31727919849765485	6.702664221057549	3	3	0.9964287091043627	-2.5729980880747534	4	4	0.48060599118998026	-10.16782712915053	4	4
pseudo_78	0.10706426177684525	-9.915779453388685	5	5	0.3170528284492172	9.284609974130944	2	2	0.7073718833620333	0.4692072510053471	2	2	0.4080975662807528	-7.244143248745834	2	2
pseudo_780	0.26272134136199177	-1.7438017202978247	5	5	0.6448301450738294	6.933843695426514	4	4	0.23912422250233678	-6.227072175558884	4	4	0.23162492637043441	-8.056643703655292	3	3
pseudo_781	0.3008010801708565	-9.2968257997589	10	10	1.0	9.317389947495087	7	7	0.4735936253799984	4.126603213574731	10	10	0.3504448435416716	-7.806201251071894	7	7
pseudo_782	0.9355313379491793	-7.611362186153084	5	5	0.31727919849765485	8.944815993898596	3	3	0.44896681278280226	-4.945028569831326	2	2	0.13732397636512908	-12.66150180859827	2	2
pseudo_783	0.8911203398203431	-5.392229518098881	5	5	0.9820703590691865	4.7823999423013985	3	3	0.02355117827892093	-10.1233606421452	3	3	0.04215633667012352	-16.703684566085826	2	2
pseudo_784	0.3974362825175889	-1.741685921194169	5	5	0.17893197094248248	1.5834856503938337	4	4	0.48967077284688487	-3.133224389664345	5	5	0.37051796582340224	-0.15980498229028525	3	3
pseudo_785	0.49370142053879584	-4.879958986449906	5	5	0.5145769424974942	-0.6630569328952886	3	3	0.9038090250597768	0.4534686031048673	4	4	0.19785219162059375	2.9884621068656103	3	3
pseudo_786	0.2446116636219079	1.0815159394006884	5	5	0.27925535773077914	4.898440335667148	5	5	0.4361658265106021	-3.3827523827521575	5	5	0.8082897813269934	-3.706765418281828	4	4
pseudo_787	0.4552719546333017	-2.191323862864704	5	5	0.19513777682095024	1.5713071076553795	4	4	0.07856834124827287	-8.7577917937135	4	4	0.7058159981702965	-4.377903836104194	2	2
pseudo_788	0.06829094817348771	1.6680424743336129	5	5	0.8557593596037136	6.478639112735969	5	5	0.9840702887025912	-2.4394645718897814	5	5	0.8346222032624742	-4.6473912185349	4	4
pseudo_789	0.20211983817556323	0.8070411064420367	5	5	0.8354298148251096	2.9308309862885373	5	5	0.14718393734540033	-9.696965400585926	5	5	0.592248584549449	-7.615502036551189	1	1
pseudo_79	0.35065553994885756	-1.4747878218319725	5	5	0.06735952232041896	-1.750622442708768	4	4	0.4408861989047521	-3.365709152422836	5	5	0.10301746494779987	4.066883231201841	2	2
pseudo_790	0.2522627196280479	-7.5013087759483215	5	5	0.17394434127805736	11.60202654856218	3	3	0.7519421379490128	1.4608678592131206	3	3	0.1638378521490712	-8.569899214969295	3	3
pseudo_791	0.26806140645512055	-1.7863424308414155	5	5	0.007951169025014781	-2.3992766945851187	4	4	0.22173097649935758	-6.201211657882733	4	4	0.19048791733239945	3.458025556234106	2	2
pseudo_792	0.3803131772306615	-7.43846669111948	5	5	0.3038870338088887	10.032211022274483	2	2	0.27659990911132104	4.500798516762726	2	2	0.9843548320060657	-3.5377761029475323	3	3
pseudo_793	0.16151997611977198	1.4467987883112416	5	5	0.341018685407788	1.4009305333047355	5	5	0.9649635739855458	-1.6848427697833277	5	5	0.48765525145595867	-0.4586414938201659	4	4
pseudo_794	0.021324704168469225	2.0345569397435175	5	5	0.2094378824799784	1.5534287044077022	5	5	0.06801369690911599	-9.739365015505177	5	5	0.4648598164197659	-7.263342725171427	2	2
pseudo_795	0.6722190980804224	-4.4476709465935	5	5	0.4651552936864265	6.19760984856554	3	3	0.9545468286562601	-0.5324388010396951	3	3	0.35671135413869803	-5.158789175225471	3	3
pseudo_796	0.5216014881828801	-5.321633989828263	5	5	0.02229105245080401	13.17320975938415	4	4	0.48782365639228853	3.1453947886664833	4	4	0.1574613807879972	-12.109323958459937	5	5
pseudo_797	0.765198012124704	-2.302744415657837	5	5	0.6309680799450805	6.396457494722153	4	4	0.7779544356244734	-5.172543568775985	4	4	0.4681122442692611	-6.935475283767393	3	3
pseudo_798	0.6230390885826944	-2.611116537111971	5	5	0.9930936381355887	7.883338954031308	5	5	0.2827398956869457	1.3124720345958039	5	5	0.5237232041753621	-2.7241689082452503	4	4
pseudo_799	0.9900711838499728	-4.983612671859446	5	5	0.8957685370399441	8.311460082208791	4	4	0.3588426240561221	-3.592787363180955	4	4	0.4925019824796658	-7.2737961446518264	3	3
pseudo_8	0.6520483127961927	-4.6341477620941705	10	10	0.9186674748838911	12.180614551233107	9	9	0.34421522185393927	-3.3231301133233253	9	9	0.49636183583032656	-14.77971152907316	7	7
pseudo_80	0.2958766064030993	1.2081857224349748	5	5	0.8017966961132214	8.871674472887205	5	5	0.3047663570467434	-6.435248875001157	5	5	0.3636337746485804	-10.818661307462351	4	4
pseudo_800	0.04579242799346258	-9.09547014753447	5	5	0.05595804048949493	15.121152060635179	2	2	0.6791940892916813	0.8981117459147341	2	2	0.43665971493913525	-9.967824840956164	3	3
pseudo_801	0.47812463629288693	-5.5723021460022695	5	5	0.3395180420922401	1.7669639519044729	3	3	0.9628043867871149	0.1296906408120641	3	3	0.4214014545789403	-0.0658858657111221	3	3
pseudo_802	0.817921935509101	-5.778140204850764	5	5	0.45831698880978144	1.9187364669001667	3	3	0.30854528871506803	3.8854234125760914	5	5	0.6476331680190908	-0.4722475742328986	4	4
pseudo_803	0.3939745231906219	-8.386394423286218	5	5	0.7701690854235015	5.406228131560948	3	3	0.6298828444056537	0.6258253642384543	3	3	0.6804853578260546	-3.2097223397880796	3	3
pseudo_804	0.49370142053879584	-8.333334023784351	5	5	0.258242294366153	15.596046233762907	4	4	0.9847712804479163	-0.062208343040282665	2	2	0.2761420676144386	-14.111978236525223	4	4
pseudo_805	0.40091586576193183	-8.571268621203293	5	5	0.9731083679586155	5.665171125364995	3	3	0.7052381118633837	0.3242793887456929	3	3	0.4522314512452923	-2.662905495398621	3	3
pseudo_806	0.27347557943195544	-1.3349412627519393	5	5	0.36421879560945103	1.6350973870536152	4	4	0.5880998233376855	-0.5779804829678689	4	4	0.7735198011655687	-0.641572721854339	4	4
pseudo_807	0.13003768194365797	-0.7351315536743508	10	10	0.3614374902545997	10.043227978510329	9	9	0.9488624274565736	-2.5444477335262277	10	10	0.6919506739942058	-9.13490820536206	9	9
pseudo_808	0.14198986672570627	-8.30229567876131	5	5	0.18752274835270577	9.980855610232831	2	2	0.17958217503329654	3.9743716175698123	3	3	0.9218943098203574	-3.66578570016271	3	3
pseudo_809	0.8034497876712605	-2.434211312998857	5	5	0.3958092113895112	10.418333550870049	4	4	0.3047663570467434	1.7360293387384196	5	5	0.8602320307797976	-10.893067880942644	5	5
pseudo_81	0.039444178426064264	1.320404450469213	5	5	0.07456587552586078	1.439176599515746	5	5	0.12419491295619449	-6.885306804116193	5	5	0.859912066115945	-1.0349937869151808	3	3
pseudo_810	0.09417950713866183	-9.103125152653371	5	5	0.47725580588296057	8.32992511475228	2	2	0.007551634866086183	9.822383482746794	5	5	0.20668386202053146	0.3793808218480959	5	5
pseudo_811	0.5925789028556714	-2.0075248556539527	5	5	0.2232641131600709	-1.4409682170056264	4	4	0.1563063003308303	-3.029416239681004	5	5	0.21420310243379503	3.935038442543985	1	1
pseudo_812	0.06826114198899029	-9.612150535464258	10	10	0.6968932143303033	11.541846694348612	5	5	0.04358019445094772	3.6826730987775513	7	7	0.4910276417270133	-7.609335098867516	7	7
pseudo_813	0.9503866528655234	-5.25106983772385	5	5	0.09999348038522843	12.211794080671952	4	4	0.8967223169640042	-0.5532236218705548	4	4	0.05276161903873696	-14.405366503183304	5	5
pseudo_814	0.028964796667654356	2.4998546458032305	5	5	0.0774271249583216	1.303090305777543	5	5	0.038219053057957586	-10.31116573767521	5	5	0.8463946870481434	-5.970329251221332	1	1
pseudo_815	0.44038496555217155	-1.3608338675286158	5	5	0.7746652364788146	3.51115235793803	4	4	0.7917168149173295	-1.8251542281320237	4	4	0.7786563583951011	-0.6662466106758806	3	3
pseudo_816	0.25876462630338604	-8.575822058862485	5	5	0.014661224432913062	16.217129259125713	4	4	0.3325625828659813	3.738562932371281	3	3	0.06180261909040557	-11.20127530276737	4	4
pseudo_817	0.5297193655755803	-8.050115548653764	5	5	0.8309393614759716	6.186404118874262	3	3	0.8156267376286725	0.5207547685216461	3	3	0.9011617330967618	-3.5665380320199964	3	3
pseudo_818	0.6318649979916482	-7.8947356456907976	5	5	0.5377457390327564	12.04673408703303	4	4	0.8642286028625283	-0.1284001359163364	3	3	0.7094597418423237	-6.705290866689747	3	3
pseudo_819	0.5502911856779946	-6.422856888395949	5	5	0.7024263634168448	0.08375556909036568	3	3	0.22173097649935758	1.7083806942077402	4	4	0.43665971493913525	2.6977227027442354	3	3
pseudo_82	0.8616929960378168	-5.05463706108202	5	5	0.2461838604277684	11.910659398233195	4	4	0.8317583981187536	0.25293506695007695	3	3	0.32341741148779524	-10.775871844306055	4	4
pseudo_820	0.47427284387426194	0.2859776216944629	5	5	0.3680038756723122	2.2388011384778053	5	5	0.509968627677359	-9.134523357858969	5	5	0.5175570596062204	-3.011500716010339	3	3
pseudo_821	0.6722190980804224	-6.6624737298297605	5	5	0.26595265908958	9.083994278805035	3	3	0.14329224692441664	6.424444486936018	4	4	0.7975092115316317	-7.452132925494175	5	5
pseudo_822	0.554452264693946	-8.011405704949967	5	5	0.47725580588296057	5.554231161214978	2	2	0.11166338413646933	4.709871314556703	3	3	0.4214014545789403	0.21583298950634777	3	3
pseudo_823	0.7089047823998422	-3.9681271795844673	5	5	0.15511758053243	13.158660896346378	4	4	0.5456739982301828	0.47714997907233975	4	4	0.26930162341674224	-7.876698022442485	3	3
pseudo_824	0.5216014881828801	-7.502858398371095	5	5	0.17687656174464017	-2.154652847084007	1	1	0.28225650219498477	4.68191138186258	2	2	0.050978779219137786	4.1547195086729785	2	2
pseudo_825	0.10980155786859046	-0.6714985888841992	5	5	0.3540489517073495	1.9843543467240412	4	4	0.0382308112430836	-10.223761829960672	4	4	0.29974760259795274	-8.604203600899314	1	1
pseudo_826	0.436707313413085	-5.677667727355511	5	5	0.7191658612704632	0.15191367243676712	3	3	0.5443481470440746	0.9686961058296047	3	3	0.5519614374887956	2.3880419077726023	3	3
pseudo_827	0.3048900487825422	-8.168320325787136	10	10	0.1618946255570346	5.122943290916411	6	6	0.1892492693896476	-10.717842109630661	8	8	0.4970357852331647	-7.37370200688591	5	5
pseudo_828	0.9206984351707465	-2.5841351676030384	5	5	0.8196058656511735	3.4385849287857284	4	4	0.932226949500161	-2.4769333349915397	4	4	0.7222259567064059	-4.303595281271299	4	4
pseudo_829	0.8227600711155665	-3.1421309869014173	5	5	0.3904321706828199	6.882456873826572	4	4	0.7403122323915686	-2.2851221906672525	5	5	0.9594979328990745	-7.2718714674477445	4	4
pseudo_83	0.4956672771496773	-3.480498297145399	5	5	0.7672435995177201	5.697403261028789	4	4	0.29699475554000754	-6.495255378583486	4	4	0.39013520193952855	-7.718872834889703	2	2
pseudo_830	0.04065029126325032	-0.531899638188326	5	5	0.745108683861054	8.821146713249965	4	4	0.9649635460834355	-0.8177150635369218	5	5	0.5460019236879281	-6.973262542079855	4	4
pseudo_831	0.26806140645512055	0.14312795962252514	5	5	0.7226690701527598	2.96769474189318	5	5	0.7706633005902199	-2.197039228161704	5	5	0.9684930440136454	-0.9565777944197684	4	4
pseudo_832	0.31048422718845337	-9.858541130668296	5	5	0.2325801199189429	-1.528561429513882	2	2	0.17078479983623862	10.358267983869515	5	5	0.20422968885971737	3.2099109247412705	4	4
pseudo_833	0.6452021733850588	-7.600933139699926	5	5	0.3305872474676157	-1.0957074639704434	2	2	0.7915770994846889	-2.383954996972894	3	3	0.44517304866952323	3.279670407425656	1	1
pseudo_834	0.8812924851140853	-3.608841975226928	5	5	0.8423105224700136	7.292872232128403	4	4	0.7303580739456178	0.46008581583970654	4	4	0.7487488115809312	-2.6314673778011017	3	3
pseudo_835	0.985107256241497	-2.632169611148377	5	5	0.17581452123610486	10.072372790703408	4	4	0.3682965174663976	-5.647491918732473	4	4	0.0736611429585027	-14.148605235056117	4	4
pseudo_836	0.4590374917318992	-5.515584779209093	5	5	0.24225350841890403	12.754220291031281	4	4	0.21942942742599414	-6.133536663348701	3	3	0.024127040392413087	-14.34315305336708	3	3
pseudo_837	0.07617815242685752	-1.0196595719113797	5	5	0.8651470503055643	5.652124125680491	4	4	0.7506416071664626	-0.8659805321538562	4	4	0.8700175836875019	-3.941343715422773	4	4
pseudo_838	0.1809758153444334	1.0173555240521395	5	5	0.42583019277096246	1.5628919676142405	5	5	0.08817232424860451	-10.12567660213837	5	5	0.7298273652942457	-6.84475925909882	2	2
pseudo_839	0.6452024868246745	-5.800604563730686	5	5	0.7787740228595545	1.8485154497435836	3	3	0.8896438386926945	-2.931954371610326	4	4	0.7487488115809312	-2.688829809966728	3	3
pseudo_84	0.5670270701891695	-1.5923414683422539	5	5	0.3904321706828199	9.522829546120798	4	4	0.8403714335211089	0.4866020486648402	4	4	0.6155312701319398	-7.464968023076195	4	4
pseudo_840	0.3636506169274363	-8.088577016191648	5	5	0.10788941995581612	13.661627618280189	2	2	0.7263852113049836	0.48092497952542956	2	2	0.2642592074011081	-11.609443164374992	2	2
pseudo_841	0.6055497578684996	-1.6155747747677427	5	5	0.09605370882404951	-1.882931620455114	4	4	0.21503379758473107	-6.3329867445524215	4	4	0.39013520193952855	2.994041956574473	2	2
pseudo_842	0.9206984051801299	-3.964587015237304	5	5	0.5742290562137042	5.964206992783819	3	3	0.6691766503768484	2.939801623230784	5	5	0.7562986713193824	-4.359255664686077	4	4
pseudo_843	0.17518174923122953	-1.1917832512015474	4	4	0.7895698055667162	8.440135841813229	4	4	0.034951131305580786	-8.649160945440089	3	3	0.07869231128228114	-12.081014945455019	3	3
pseudo_844	0.847048385969405	-5.925696502630309	5	5	0.6172346495985822	4.0215682235605525	4	4	0.5843268678046287	2.6231808346114796	5	5	0.6239646640889823	-0.3289794272388897	3	3
pseudo_845	0.0991757653290547	-9.629542357135211	5	5	0.809161518084328	-0.22539778046519388	2	2	0.34300799443082197	1.4712440375962679	3	3	0.11731453504427873	3.7528663357580596	2	2
pseudo_846	0.6858906453405942	-7.5187112753674485	5	5	0.7561730665970722	-0.3030007116753959	2	2	0.256468616366342	3.911106943026528	3	3	0.304781297730664	2.793205679486524	3	3
pseudo_847	0.9256399289237022	-5.295123935754775	5	5	0.6052347830947278	5.5672719599370355	3	3	0.3635503467204566	-3.5571320214269826	4	4	0.3775440420812346	-7.419526247131702	3	3
pseudo_848	0.44038496555217155	-4.1304792047244705	5	5	0.7615923499947073	2.4276286397268447	3	3	0.40764025984192076	-4.486080161251452	4	4	0.6939175270038576	-3.8107200267425574	2	2
pseudo_849	0.29301117298268564	-8.243995051028042	5	5	0.4194785119548996	9.075100458909763	2	2	0.36452020844098143	3.4509453879892042	3	3	0.8394225267808086	-3.1450472909784524	3	3
pseudo_85	0.23222470616172075	-1.1418795239558541	5	5	0.5441687725618416	4.81047673728616	4	4	0.7403122323915686	-0.4521389231804332	5	5	0.7306957467461217	-3.3877778827666263	4	4
pseudo_850	0.6996657919968424	-3.26010536660565	5	5	0.8347267372086834	3.6566948030642554	4	4	0.8263990297566124	-5.293688996253568	4	4	0.9947846469098508	-3.6435546084851764	3	3
pseudo_851	0.36365107203172253	-7.791364888838753	5	5	0.8413972740034625	3.444208151043995	2	2	0.06197464242807205	7.071149355375872	4	4	0.15668795054200066	0.9634055166845362	4	4
pseudo_852	0.26538212237575187	-1.3433004722014559	5	5	0.6871468520466417	5.984440978798887	4	4	0.7370991243553497	-3.0376319380299535	4	4	0.6239646640889823	-4.2939239539413805	3	3
pseudo_853	0.3769437572472055	-2.5032209426286447	5	5	0.6448301450738294	3.0731711692131882	4	4	0.9458769563994681	-3.3195647084149997	5	5	0.3991102364563004	-0.1924302271955476	3	3
pseudo_854	0.3255604392692478	-7.300603735884194	5	5	0.8485071080769009	3.585592702461421	3	3	0.8194330960654139	1.0776976331368717	4	4	0.8804963658850083	-1.1387791664571456	3	3
pseudo_855	0.3348308241257887	-8.071365555571896	5	5	0.7666881751935527	4.7967527774500605	2	2	0.19649936737982687	-9.086108827376078	2	2	0.10320048331632353	-18.02329141870562	1	1
pseudo_856	0.6410959075608094	-9.50021645510837	10	10	0.6566259056985453	12.673021881569055	8	8	0.9412762820760652	-3.5936190787262494	9	9	0.7660343990487236	-7.849334214429741	6	6
pseudo_857	0.23687094069630577	-9.194364830369695	10	10	0.3029828090388741	10.046747695840244	5	5	0.2938950982540489	2.96816926332858	8	8	0.5974124361529983	-11.624070160255668	7	7
pseudo_858	0.985107256241497	-2.7692619723210243	5	5	0.3246288487294027	1.5105118047473471	4	4	0.4456357154831676	-3.6590642730190193	5	5	0.9635050030421082	-3.760920255062208	3	3
pseudo_859	0.5015904900066251	-2.2327187980296284	5	5	0.08323363874715514	-1.98686975764443	4	4	0.11616790578942558	-7.158073910284627	4	4	0.5469320728860858	2.668876475267652	2	2
pseudo_86	0.30752540650617943	-1.1296880300255892	5	5	0.7097396211666542	8.347941570219431	5	5	0.4361658265106021	0.31864942384791667	5	5	0.7137900768594891	-3.5805987046822643	4	4
pseudo_860	0.6631642422518391	-1.9495005434822688	5	5	0.1820903479356254	1.5677771133187839	4	4	0.8573909747763957	-2.553964281576773	5	5	0.30017156267093015	-0.4466865638015549	2	2
pseudo_861	0.13053997090214942	0.8991771645314843	5	5	0.5218214434037967	9.315736496535358	5	5	0.819945284550874	-5.554829269126839	5	5	0.5432560717039489	-6.84298281398812	3	3
pseudo_862	0.5558627495449637	-5.063739258065186	4	4	0.7530448034391494	5.258904206847421	3	3	0.6152326740513576	0.5282450441619958	3	3	0.8913977488082454	-1.4400544791683347	2	2
pseudo_863	0.8960406439005002	-2.967386227078268	5	5	0.9883859983561083	2.855648832792564	4	4	0.9395211054171048	-1.9702566409795113	5	5	0.6709285657109667	-1.4824574829406394	3	3
pseudo_864	0.35711607602167694	-5.8015667492408936	5	5	0.24711785755020887	9.25322850859386	3	3	0.5306982190825432	3.436934028364916	5	5	0.8760680865244481	-11.000862626024343	5	5
pseudo_865	0.8479884279985369	-3.1129666703503625	4	4	0.2611538114013764	9.472465203838391	3	3	0.3053651563230443	5.121570693586653	4	4	0.516401735382113	-5.131292317383029	4	4
pseudo_866	0.9600410502851714	-7.7923899532048795	10	10	0.550766330010364	8.411963933776741	7	7	0.9929468663755069	-4.513060560592398	9	9	0.8082914430755131	-4.163329793658646	6	6
pseudo_867	0.10371885740294096	-8.731792636884364	5	5	0.04828713506356525	15.250511776091995	4	4	0.022183115654786423	7.4756401786685736	4	4	0.9146224678125235	-6.203612123043658	4	4
pseudo_868	0.5670270701891695	-9.03717272120552	5	5	0.892738233639482	5.32413842842237	3	3	0.049915590492745535	10.459613811870726	5	5	0.10204538152827784	0.3212667812176777	5	5
pseudo_869	0.4578775224419386	-3.4950214135013664	4	4	0.7787740228595545	5.584684301499003	3	3	0.8075896638579572	-2.840397491224591	3	3	0.4080975662807528	-7.4816272009170985	2	2
pseudo_87	0.44779330363481895	-6.017204579017865	5	5	0.9961285445921516	8.67696832309719	4	4	0.3811954468796498	-3.345314508114996	3	3	0.6804853578260546	-6.823632680923191	3	3
pseudo_870	0.1258578066553082	-7.844082059012116	5	5	0.6131018897789341	5.916847519906281	3	3	0.7756519971940762	-0.5339120063905988	3	3	0.8908197786395017	-4.463569357951969	3	3
pseudo_871	0.5565384105968687	-9.45945136590796	5	5	0.6131018897789341	5.061521064229927	3	3	0.4650173543893229	3.092008401946915	3	3	0.5607347604558015	-0.3978613690058352	3	3
pseudo_872	0.5502911856779946	-0.007756204197239991	5	5	0.8219367402807811	3.1901498925050653	5	5	0.971330786337283	-1.9348480517779159	5	5	0.5019195834933028	-0.5398531444817131	4	4
pseudo_873	0.8055633636497683	-7.617577129494464	10	10	0.6763663316090288	13.479200428932344	8	8	0.427985021486572	-4.0455820627406505	9	9	0.8530967041366003	-10.633730303618192	8	8
pseudo_874	0.4127742067154879	-5.5201339532262415	4	4	0.8198737038735534	3.257655786067854	2	2	0.24366816400388736	4.013121923998806	3	3	0.2166806625969988	0.5209870372552207	3	3
pseudo_875	0.3134621468706055	-6.132334493029	5	5	0.13801011937475943	9.899042931160944	3	3	0.1507792232812168	5.287666431908439	4	4	0.9594979328990745	-6.864108279710411	4	4
pseudo_876	0.8714828764276494	-4.859290729659346	5	5	0.7231827651624472	4.922785583239157	4	4	0.8333786534067815	0.5849805463679232	4	4	0.304781297730664	0.30657610357199544	3	3
pseudo_877	0.09296250656627167	-8.933151475525586	5	5	0.8630400426959824	2.8507945791031637	2	2	0.6671407677914153	0.054812181663370284	3	3	0.5362940865006103	-0.28841981285967666	2	2
pseudo_878	0.12356617223768401	-8.039223657091334	5	5	0.08156345413466422	12.232419121625592	3	3	0.041712083540934496	7.308069652786988	3	3	0.9505079754058229	-7.0056185816635255	4	4
pseudo_879	0.8421783031676309	-2.5210374695926583	5	5	0.5702361423665083	2.042599716358127	4	4	0.6064625440408173	1.0560483317938314	5	5	0.6557652389588101	-0.46240786460376465	4	4
pseudo_88	0.6186462527579903	-1.7916601995699029	5	5	0.8761850874286778	8.183293858750032	5	5	0.9393463874204191	-1.9880316724239613	4	4	0.9684930440136454	-6.3669381237822265	4	4
pseudo_880	0.0349187088840422	1.7258260274359714	5	5	0.12337546813083275	-1.8647333208631913	5	5	0.6808489527641138	-2.6549008466707202	5	5	0.1207287265884155	3.7888664574561517	4	4
pseudo_881	0.6026275631578397	-9.217001644860476	10	10	0.12342169767900917	4.6261299516962335	6	6	0.8239591214043058	-3.27288400015437	8	8	0.3249892185775759	-3.7646079691860392	6	6
pseudo_882	0.793792110161956	-2.362384415663805	4	4	0.3118722054478731	1.7318122346925524	3	3	0.42188635184047385	-3.412553263789384	3	3	0.5794593620066385	-1.5596141141113233	2	2
pseudo_883	0.5216014881828801	-2.214741464976718	5	5	0.3540489517073495	1.8021671267766763	4	4	0.40764025984192076	-5.863927529598627	4	4	0.8158282173436158	-2.0794284849692395	2	2
pseudo_884	0.18506759543684093	-0.2655206389211921	5	5	0.9188395857235161	3.1957752237181634	4	4	0.40764025984192076	-6.040095359737595	4	4	0.8408644267658066	-2.9879537779760335	2	2
pseudo_885	0.8616929960378168	-2.374364899193865	5	5	0.4290002941849582	1.9716114318869125	4	4	0.746351898215174	-3.0746107228042465	5	5	0.12622686087550378	-2.5208631495626848	4	4
pseudo_886	0.24969404688894725	-6.1518092823756705	5	5	0.19513777682095024	10.134916646009744	4	4	0.6004956853184097	1.1882065996413882	4	4	0.4925019824796658	-5.0363770547103615	3	3
pseudo_887	0.6631642422518391	-4.814535658459779	5	5	0.45831698880978144	1.9331203203515905	3	3	0.07551894400669372	-7.005503508601108	3	3	0.6403507662122188	-7.317544304555471	1	1
pseudo_888	0.04323699454430027	-8.675889271982774	4	4	0.010076290856413908	18.55207577205557	3	3	0.0352051651783359	10.497324512154155	2	2	0.17603642558930854	-10.343755607398696	3	3
pseudo_889	0.5822335013476064	-8.908291322159863	8	8	0.3634162960409004	4.411417956451465	5	5	0.04446210522615638	-9.474099762055701	4	4	0.12395836722496481	-17.555925920275225	1	1
pseudo_89	0.47043816224845847	-2.4220977474713745	5	5	0.6588167803021429	3.2256925389364675	4	4	0.7163166243142257	1.1792615371947284	5	5	0.2427972606249884	-0.07573591680917839	4	4
pseudo_890	0.4762657941175966	-8.921966514540243	10	10	0.5605258128655148	9.372438322892636	7	7	0.9525296083834047	3.3958140778360124	8	8	0.7258316794334796	-7.292033104776063	7	7
pseudo_891	0.7353150900301375	-4.5109929592844376	4	4	0.5291826553376806	4.691826106427665	3	3	0.26972869161839497	3.5554491496395415	3	3	0.3941938274343686	-3.3584842344161836	4	4
pseudo_892	0.17895528865762855	-9.073153326809805	5	5	0.17687656174464017	-2.154652847084007	1	1	0.20094480797006598	5.3478769133989	2	2	0.2642592074011081	3.1597209927656174	2	2
pseudo_893	0.8034497876712605	-5.567502893002586	5	5	0.8838607086796945	2.7091184949000815	3	3	0.4711370343617185	-3.007189034098525	4	4	0.9168442200344347	-6.55404155787334	2	2
pseudo_894	0.4515238707559137	0.2624208518096318	5	5	0.5619492894958866	3.752638533220028	5	5	0.5734018581617215	0.13829878035523255	5	5	0.2123900450403613	0.5366080448476325	4	4
pseudo_895	0.18301323039616757	1.0182145563761391	5	5	0.3543490417972893	2.532737837105356	5	5	0.23879290883571058	-9.396404987474895	5	5	0.7192145505606329	-3.335104977722228	3	3
pseudo_896	0.24969404688894725	-1.7454409678685332	5	5	0.2232641131600709	1.6499652892548518	4	4	0.027970600102559896	-8.875797317737174	4	4	0.4265436590750734	-5.457091897633136	2	2
pseudo_897	0.36037427628796137	-1.2374957183406698	5	5	0.7161941739108411	7.728488276861934	5	5	0.6867139856497737	-4.0114782916158935	5	5	0.8496546027760271	-3.718258858275578	3	3
pseudo_898	0.47925929241160214	-1.8135021428899432	4	4	0.8804354453037812	8.969655184817265	4	4	0.09217580882595439	-6.790453135749996	3	3	0.11731453504427873	-12.494676886437723	2	2
pseudo_899	0.8034497876712605	-8.40168320542273	5	5	0.2754271040930826	19.106751518216555	5	5	0.9958656745191315	-0.09571112821636257	3	3	0.20023719557846564	-14.100163959746851	4	4
pseudo_9	0.38710731583902636	-7.054294228420457	5	5	0.3686875179246394	8.749355949077446	3	3	0.2928676344390907	3.3442664725340863	4	4	0.9011617330967618	-3.9971169678137364	3	3
pseudo_90	0.8276047935096008	-4.556518772067508	5	5	0.41849150319104855	1.9005106915074546	3	3	0.9462941466553159	-2.615285134230262	3	3	0.36357366278837844	-2.9448816688822226	3	3
pseudo_900	0.16910376923161718	-6.516815049548875	5	5	0.38077936234642007	6.664483749770953	3	3	0.7370991243553497	0.6193908136117946	4	4	0.9322814328926539	-4.558065824168469	3	3
pseudo_901	0.28733635390418943	-1.7091410620418814	5	5	0.9188395857235161	2.618692420947207	4	4	0.8333786534067815	-2.7878423794475644	4	4	0.9115204920746716	-0.779419468698158	3	3
pseudo_902	0.37415116555241623	-5.606722318048191	4	4	0.5575267224330435	-0.765850180186475	2	2	0.107460110179104	-9.730105120654775	2	2			0	0
pseudo_903	0.3974362825175889	-7.599939104948994	5	5	0.05610284146173465	13.07491290197693	3	3	0.9958656745191315	-0.7408368243502759	3	3	0.06501736905886729	-14.116060199985844	4	4
pseudo_904	0.15600279090797806	1.7350662055204091	5	5	0.4618794039756149	2.6136601482766917	5	5	0.038219053057957586	-9.990042064719079	5	5	0.2790054984599608	-9.26625899078605	1	1
pseudo_905	0.2576653705409445	-9.665023790237697	9	9	0.43153494984794094	1.893901687501862	3	3	0.1004704272065196	-6.8500668236975635	3	3	0.6403507662122188	-7.317544304555471	1	1
pseudo_906	0.14368668507737964	-8.211466214589075	5	5	0.8198737038735534	4.6720371421865465	2	2	0.6521322862776109	0.250197488482214	3	3	0.7987815134894407	-3.4104337588121196	3	3
pseudo_907	0.5726228770446442	-8.703520100582713	10	10	0.550766330010364	9.130260041250688	7	7	0.6691883747509002	3.736427266543719	9	9	0.9561981310619123	-8.005871486090644	7	7
pseudo_908	0.4294053276373695	-4.649062269601795	5	5	0.8309393614759716	2.443749632009959	3	3	0.7036062347341507	0.5074942116615663	4	4	0.6239646640889823	-0.513134268692958	3	3
pseudo_909	0.6858906453405942	-4.813225958204391	5	5	0.1209826775200991	10.151003860918102	3	3	0.6691768983492189	2.638267464032863	5	5	0.6470926174442978	-14.318853511392087	5	5
pseudo_91	0.4294053276373695	-4.7137474608218035	5	5	0.20020007677989382	-1.2737628435977044	3	3	0.8825741472514825	-0.3981863423481322	4	4	0.19785219162059375	3.17168078427423	3	3
pseudo_910	0.0991757653290547	-1.0597479567310741	5	5	0.24225350841890403	1.194222959831657	4	4	0.6289654746594422	-4.293371095322525	5	5	0.49475994090108255	-3.124189694089386	4	4
pseudo_911	0.30166357601368754	-6.625388487294658	5	5	0.5506297225103027	9.333557687745897	4	4	0.7362631011606913	-4.680417906599524	3	3	0.1416247589994867	-12.585713978413207	2	2
pseudo_912	0.39704965739719034	-1.4182692551445142	4	4	0.2164455463212619	-1.1472157618425889	3	3	0.42790038218421644	-3.6026828443619325	3	3	0.4948097965728985	2.766394468030332	2	2
pseudo_913	0.18207793612329992	-0.4940426384846514	9	9	0.2613020392934604	2.286607443016265	8	8	0.5418928492830428	-3.638143205391384	9	9	0.27941832265442845	-2.899259067502296	5	5
pseudo_914	0.8714828764276494	-3.362670075376046	5	5	0.1820903479356254	10.088752948137317	4	4	0.26181832980736963	4.446570449847676	5	5	0.6836432420740733	-8.009621577538896	5	5
pseudo_915	0.13795319004041173	-9.602534090728733	10	10	0.009592925283341575	15.728481133739166	7	7	0.48282336012177784	1.1462024505193724	6	6	0.058089150583994324	-17.477868796742055	8	8
pseudo_916	0.6885693526253227	-2.0276716825527368	4	4	0.9373056282119494	2.517272241153393	3	3	0.63726337932383	0.4635242433276208	3	3	0.6709285657109667	-0.48250263625482886	3	3
pseudo_917	0.8519243171368087	-5.523381043468528	5	5	0.7231827651624472	4.591129217823014	4	4	0.7506416071664626	-3.2868844066175895	4	4	0.8534448419467351	-1.5625912445456192	2	2
pseudo_918	0.41146385312081	-3.8689197709256997	5	5	0.08355008047033366	-1.693316193391291	3	3	0.43345462974023785	-3.9853820476212607	4	4	0.18510478485867088	3.5071266330584443	2	2
pseudo_919	0.578566544681957	-9.211748612956933	10	10	0.30839044288604744	4.537786515463767	7	7	0.9131823119856963	-3.5564584763312825	9	9	0.08811071420929292	0.8193197052521791	5	5
pseudo_92	0.47427284387426194	-8.644610033707393	5	5	0.7043074230497807	3.793982759940194	2	2	0.16940410725863353	6.78413508308748	4	4	0.23827522969627601	-0.2646134564810681	4	4
pseudo_920	0.6143700943376036	-9.43356353488349	9	9	0.49402529088805625	17.19305206926885	7	7	0.8779836499269126	3.987898110493619	8	8	0.3671344348401354	-11.252927284527248	6	6
pseudo_921	0.16151997611977198	-1.464082738175101	5	5	0.009434068330437589	-2.487196989680361	4	4	0.6403493121235084	-2.716288467767208	5	5	0.020315713559231383	4.067688346825377	3	3
pseudo_922	0.22264074911562604	-7.919159516719252	5	5	0.057564573375322906	12.930597962843052	3	3	0.6332281043735946	-0.5647046481033611	2	2	0.03474681712255077	-12.235037813684457	3	3
pseudo_923	0.3974362825175889	-1.50391253870112	5	5	0.6448301450738294	6.437518943355127	4	4	0.22857628278722897	-6.224494140952996	4	4	0.18024954779227487	-8.379278169854716	3	3
pseudo_924	0.13451622654908446	-1.528301827352984	10	10	0.08034672699020966	1.5291942698908496	9	9	0.00821424612517509	-11.057360304887998	9	9	0.5019188944605301	-3.238010796385949	4	4
pseudo_925	0.61426700126977	-2.5658151821242363	5	5	0.24225350841890403	-0.5223591250945807	4	4	0.3818339688109085	1.0175931663854711	5	5	0.02658539507908944	4.1658875106485915	4	4
pseudo_926	0.2455077673984799	-5.980861709063586	3	3	0.3088115329943374	10.43360885872296	1	1	0.5886362698414169	1.3341088258266534	2	2	0.980777192385471	-6.1477057070906636	2	2
pseudo_927	0.6646573370914959	-8.502502141525628	10	10	0.6322847469585826	12.64597852274794	8	8	0.9225366715735329	-3.8851080721426308	9	9	0.9027940367493382	-13.918868850837624	8	8
pseudo_928	0.2548495753712686	-3.926206857962354	5	5	0.0578015513391309	11.49047336191546	4	4	0.06801347742178018	5.727258341155367	5	5	0.915862075054284	-8.19860081717573	5	5
pseudo_929	0.21334330340590701	-1.009693853435398	5	5	0.10201113149276482	-1.5652606629811239	4	4	0.15334004251856836	-7.01436657006806	4	4	0.21317403890373798	3.4086653510044282	2	2
pseudo_93	0.14030848103105484	1.231186786456046	5	5	0.8625579054899102	7.381237848950857	5	5	0.3521497006138494	-5.129712457152066	5	5	0.2862174247796564	-8.190095228951138	4	4
pseudo_930	0.7794809162586847	-2.0443876635878078	5	5	0.8354298148251096	5.319956252262425	5	5	0.504853228650042	-3.990519923212282	5	5	0.5607347604558015	-2.327943241082939	3	3
pseudo_931	0.02097646635250817	1.6556543215828625	5	5	0.5503334823743448	8.932902034415548	5	5	0.21134053429281063	-7.421881379636353	5	5	0.27500929693524734	-7.550954907002279	3	3
pseudo_932	0.19345575949831506	0.3315010244560848	5	5	0.2568241946791231	9.512608732189383	5	5	0.9014809122694397	-1.810254963767111	5	5	0.43949885675382794	-7.619151095324068	4	4
pseudo_933	0.04647214869394505	2.0860590861459714	5	5	0.7553337671222724	2.1579767481102565	5	5	0.49470412497351524	-6.103653280535028	5	5	0.7987815134894407	-1.4196682386113588	3	3
pseudo_934	0.4879621869269669	-5.258155690637014	4	4	0.11726645852665085	-1.9012339490061754	2	2	0.7284641122178674	0.19753131266092136	3	3	0.09640779745190678	3.8105396776029306	2	2
pseudo_935	0.19559534623643438	-8.51601030680324	5	5	0.5951989102715409	4.678861731912131	2	2	0.9545468286562601	-2.0799479150182196	3	3	0.7419348757734384	-6.771854977753998	2	2
pseudo_936	0.7228432935367751	-8.382953275529966	5	5	0.5668351997843692	3.1733948986710274	2	2	0.35366072005909566	-3.6802285410380144	3	3	0.5257612504335041	-7.374502466387916	2	2
pseudo_937	0.5379009760261242	-5.9795474623419915	5	5	0.20417545398649473	9.386155770796682	3	3	0.2084836405972329	4.1236216480073855	4	4	0.9415243127734115	-6.957087799473705	4	4
pseudo_938	0.9739335599673863	-8.644676732364516	10	10	0.6890340182064867	10.661203426678147	7	7	0.9575215223953146	-2.750795253594243	8	8	0.4125290973946122	-14.11382710160327	6	6
pseudo_939	0.7181867944064708	-5.594879317576043	5	5	0.2835721453888159	9.475523572424864	4	4	0.3732000733807632	3.2688991959060316	5	5	0.7562990515506363	-4.343845884731945	4	4
pseudo_94	0.5419221139606337	-6.096559077575388	4	4	0.6839248007867214	3.6365144161845784	2	2	0.3496394363879125	-5.134058692045591	2	2	0.5308277060524229	-7.798714425513681	1	1
pseudo_940	0.2845267593961226	-2.204684037623123	5	5	0.8880966424088403	5.5054718451340205	4	4	0.7779542606553924	-0.1053730316784914	4	4	0.7735194461995707	-4.039585402432748	4	4
pseudo_941	0.8665853779004002	-3.1215801571640007	5	5	0.8347267372086834	6.514271539777153	4	4	0.19435372281186325	-3.5070888532052664	5	5	0.09046321888575509	-11.058293074375896	3	3
pseudo_942	0.8862042246935815	-4.384289143906016	5	5	0.8573198588050641	4.89561585336855	3	3	0.48782365639228853	-2.831036362005769	4	4	0.5432560717039489	-6.837978188067518	3	3
pseudo_943	0.09417950713866183	-8.202309259584638	5	5	0.08764085793030735	12.0277322440975	3	3	0.05076331623922518	6.368255703498971	3	3	0.7290153128961694	-4.088217066218764	3	3
pseudo_944	0.19345575949831506	-8.36590521238042	5	5	0.7878459827902118	3.5474421442613178	2	2	0.6130083147314762	3.138442808139603	4	4	0.4138911185318803	-0.5917527063327247	3	3
pseudo_945	0.87883826870959	-2.6485353322534277	5	5	0.690502183111606	10.225967091714324	5	5	0.9331691045772861	-2.384253664694501	5	5	0.34323345256294346	-5.32801349872274	3	3
pseudo_946	0.22028963918129152	-9.1657721970389	5	5	0.7249046593296341	3.3921083234370117	2	2	0.61521863158494	-4.4648209595756505	2	2	0.8463946870481434	-5.970329251221332	1	1
pseudo_947	0.5842581864186993	-5.000586275039468	4	4	0.7561730665970722	3.9989350421883687	2	2	0.41592216980286423	0.9859790856447971	3	3	0.8660626408883095	-2.492668561894646	2	2
pseudo_948	0.1652791369335106	-8.612149129024802	5	5	0.5575267224330435	4.761077533820791	2	2	0.3700272644953272	3.431579184027185	3	3	0.7887013088790334	-1.3957075765102778	3	3
pseudo_949	0.25458759887378746	-4.478763555784121	10	10	0.9485875964815044	9.632039945114164	8	8	0.7347130474886692	-3.3735973641024444	9	9	0.8228155939953371	-10.880613554838414	7	7
pseudo_95	0.9454327084058349	-2.9722096030064495	5	5	0.23452571316212845	1.5027249165882381	4	4	0.06714990243724371	-9.713944068717913	4	4	0.775733637906725	-6.635846618176639	1	1
pseudo_950	0.817921935509101	-3.2318847296409863	5	5	0.7821075202761589	3.0460926430796924	4	4	0.8614233316999723	-2.633114154545448	4	4	0.9530885481507942	-1.0460468591801753	3	3
pseudo_951	0.29301117298268564	0.9114272463336747	5	5	0.7817875008289159	2.7686450950004757	5	5	0.8951604350674188	-2.133561777337262	5	5	0.7306957467461217	-0.6888091914888032	4	4
pseudo_952	0.15503794133890803	-8.781230178262414	4	4	0.9175634729307438	9.058437510946874	2	2	0.09217580882595439	7.046657475268028	3	3	0.28079900472908725	0.021247113832373838	3	3
pseudo_953	0.9355313379491793	-4.595890988282286	5	5	0.8309393614759716	5.039145726344066	3	3	0.7102614042359587	1.7723415839626793	4	4	0.9325480838395456	-4.1761176816216725	4	4
pseudo_954	0.9603000677918672	-4.73733790803145	5	5	0.5768447830096883	4.273093503003595	4	4	0.5518471374624285	3.3185951905139057	5	5	0.36357366278837844	0.501280816457497	3	3
pseudo_955	0.8373140978649997	-2.148900402098844	5	5	0.8347267372086834	2.938429094163324	4	4	0.24634420770085308	-8.953173013685706	4	4	0.4080975662807528	-7.587706833012531	2	2
pseudo_956	0.018532854802440893	-0.6699053929322699	10	10	0.6441309265974107	12.416090626281203	10	10	0.0035657788250526637	-10.788706449414306	9	9	0.08942655894172954	-14.523129676028804	4	4
pseudo_957	0.554452264693946	-5.344903988239164	5	5	0.892738233639482	2.6630644012663374	3	3	0.6346465925843745	3.660611317916828	5	5	0.5874525158575528	-0.4653306416319989	3	3
pseudo_958	0.3411046490238926	-1.4089365705246204	5	5	0.15322520980405646	12.478877783961353	5	5	0.971330786337283	-0.17483204072474487	5	5	0.2123900450403613	-8.29046381607905	4	4
pseudo_959	0.7095222016032501	-9.802333149014503	10	10	0.26562685824592547	3.1824752875460782	7	7	0.6352089907693836	3.121931182341628	9	9	0.503432031526692	-0.8892347575413323	5	5
pseudo_96	0.14041776498871866	1.4587864975207232	4	4	0.43468535458993085	2.0885529885305836	4	4	0.3449507385605386	-6.1722128911150795	4	4	0.980777192385471	-2.38493704375841	2	2
pseudo_960	0.9139631561292886	-2.369418907561894	4	4	0.8309393614759716	2.901088230742946	3	3	0.337759347277515	-5.385519564963821	3	3	0.7177868332479136	-7.065547311257516	2	2
pseudo_961	0.4819934660712062	-8.897593956728116	5	5	0.1848633894020848	11.484919814741575	3	3	0.7836032176321913	2.7500261150230934	3	3	0.5535320746884747	-10.754952552011623	4	4
pseudo_962	0.7938386632402035	-5.665615466252251	5	5	0.8804354453037812	5.909938175378136	4	4	0.67721633403525	-3.3472527784290835	4	4	0.6470987182283356	-2.954289113790829	2	2
pseudo_963	0.35065553994885756	-8.781379277023598	5	5	0.3395180420922401	4.420073976710973	3	3	0.2341292258233113	-5.352436504525667	2	2	0.8534448419467351	-6.574546176657313	2	2
pseudo_964	0.3939749718232116	-1.6851102298093068	5	5	0.185289888201555	-1.3940645658624586	4	4	0.989286413498075	-2.597246469326611	4	4	0.1638378521490712	3.3518906790927923	3	3
pseudo_965	0.3028412352212644	-4.940604628407353	10	10	0.80343896665946	13.040868008580802	9	9	0.5073353294834559	-4.171561561885947	9	9	0.6307413894087728	-8.381794350041197	6	6
pseudo_966	0.847048385969405	-2.6487118240168774	5	5	0.4940888514292332	8.872510405718325	5	5	0.826160222633569	-2.7879422604955555	5	5	0.8190412486246205	-2.919417437609765	3	3
pseudo_967	0.8421783031676309	-4.424850701805145	5	5	0.7159232287040406	9.503559721305752	4	4	0.9649635739855458	3.8732757731347074	5	5	0.5519614374887956	-7.516312550806785	3	3
pseudo_968	0.5015904900066251	-1.5736490168544763	5	5	0.9883859983561083	5.497761671099738	4	4	0.5518471374624285	3.7832248504756247	5	5	0.5697070433198184	-3.968818220773578	5	5
pseudo_969	0.9009649498567089	-4.348146900169382	5	5	0.280711910409431	1.6184746679764555	3	3	0.12130772244674923	-6.880446839124539	3	3	0.6080984108440757	-7.5821595847233585	1	1
pseudo_97	0.9357608987575946	-8.715873058926148	10	10	0.8413014363798845	13.541872573045739	8	8	0.20795170111326933	-10.040400815174669	7	7	0.3468258600187204	-11.600329738254123	5	5
pseudo_970	0.41501612077823236	-1.3998196556302556	5	5	0.16670530773790282	-1.5364496610844813	4	4	0.3646881136410127	-4.205830931167893	5	5	0.3556819431722411	3.041295431154942	2	2
pseudo_971	0.6541583310256902	-3.6266861293507353	5	5	0.07889094023753578	13.1162353103322	5	5	0.5202802055752793	4.0176985276206025	5	5	0.27941832265442845	-8.650714017081995	5	5
pseudo_972	0.9947858214102399	-8.449926049527985	10	10	0.6863216698620012	9.381407680816674	8	8	0.7564204518466485	-3.168815091396024	8	8	0.8654948088234411	-7.046316469605736	6	6
pseudo_973	0.98014390513037	-5.483600863993555	5	5	0.507353458020152	2.19906900642234	3	3	0.9840702887025912	-3.3200773071848957	5	5	0.4681122442692611	-0.3194347691832859	3	3
pseudo_974	0.9913098123145998	-9.096301441323492	10	10	0.42351809481952396	12.249905581849324	7	7	0.8779836499269126	-3.352798386551056	8	8	0.3433161262967498	-9.332043379630301	6	6
pseudo_975	0.2627211602658863	-1.528174711091264	5	5	0.8804353232154323	4.804448149269521	4	4	0.9014808341610944	0.6495600903599036	5	5	0.870017376108756	-4.072014354781399	4	4
pseudo_976	0.5379009760261242	-9.145737990096771	5	5	0.46031755049896417	8.77637545479929	2	2	0.18079431838230242	5.704817782730359	4	4	0.6395429335016928	-3.5589048503082608	4	4
pseudo_977	0.40903405266765036	-8.524624116334728	10	10	0.1069589664576981	7.616726712196233	8	8	0.9976489300040904	-9.925843832020988	9	9	0.11850553405489082	-3.239865561236049	6	6
pseudo_978	0.3348308241257887	-4.056833971560174	5	5	0.03276349489241491	-2.068651855992261	3	3	0.24634420770085308	-3.454311210122451	4	4	0.40548859094235723	3.3651499145574997	1	1
pseudo_979	0.9454327084058349	-5.414710947409348	5	5	0.07399691512698339	-1.639041890104794	3	3	0.8511252879615737	-3.2398563650999734	5	5	0.36357366278837844	2.7660739301880084	3	3
pseudo_98	0.2088011010974956	1.0382890993575604	5	5	0.341018685407788	-0.7052251884171931	5	5	0.4747375370464101	-1.6670184789131561	5	5	0.07186100708248368	3.9641088109594342	4	4
pseudo_980	0.7321875080953301	-4.501315437092479	5	5	0.3246288487294027	5.043674888923458	4	4	0.3732000733807632	3.4406419320462756	5	5	0.2663113324622022	0.09316871455196758	4	4
pseudo_981	0.09790729208426303	-8.941639314598284	5	5	0.950481585546606	8.368535740679647	2	2	0.5540425333039498	4.157840626340119	2	2	0.8190412486246205	-3.871916572090953	3	3
pseudo_982	0.13053997090214942	-1.557167993706214	5	5	0.45140931243790294	8.33148345349667	5	5	0.6120545027664299	-3.578598526413561	5	5	0.7987815134894407	-4.112721295568542	3	3
pseudo_983	0.3920825221944857	-8.774437499296004	9	9	0.10695862859006143	19.552191247280884	8	8	0.395574082985643	3.33093894283301	7	7	0.6168284690615423	-13.804806215032364	8	8
pseudo_984	0.5712488369973434	-7.3504120956955745	5	5	0.9574340344660829	10.884766620640766	4	4	0.8642286028625283	-0.22284147228852325	3	3	0.870193222569462	-6.563004191916389	3	3
pseudo_985	0.255735330164401	-8.97773063315254	9	9	0.04942576238919173	13.655363561454463	5	5	0.5202802055752793	2.0636172481462984	5	5	0.38190788496864214	-14.285212142635443	6	6
pseudo_986	0.07116614961493181	1.6944566567817099	5	5	0.44107483050639085	1.9041720688599255	5	5	0.5465213167060351	-5.692227695370158	5	5	0.6709285657109667	-0.5610672747869753	3	3
pseudo_987	0.7818686395964021	-5.936317391662328	5	5	0.7226688011104433	16.456037576305686	5	5	0.268669552679637	6.853445854211806	5	5	0.9638861382302831	-7.805134834075404	5	5
pseudo_988	0.4185864499671491	-4.3742758456941395	5	5	0.41776076799471207	4.3154775353755666	4	4	0.41785423424614665	-3.2344214217012364	4	4	0.9168442200344347	-3.4470424266466453	2	2
pseudo_989	0.10571603577953666	0.04949745691509936	5	5	0.19513777682095024	-1.3621838560021733	4	4	0.7524071861623619	-4.3473275106738365	5	5	0.6997523304332391	1.6805184907428998	3	3
pseudo_99	0.48199329982592676	0.1940056302446962	5	5	0.9379047195796981	3.110550625003096	5	5	0.4796869659069184	-1.849577445975802	5	5	0.4262578601097128	-0.16883554299322867	4	4
pseudo_990	0.8665852525305446	-4.683220759289674	5	5	0.3686875179246394	1.5151453244319992	3	3	0.3541734121999779	-3.2058897498261607	4	4	0.7177868332479136	-6.865517252513596	2	2
pseudo_991	0.225009767319446	-9.185874366445201	5	5	0.15319213788999692	-1.6560670376850313	2	2	0.8636043914476587	-3.480929952423458	2	2	0.09846882897084186	5.090958167105186	1	1
pseudo_992	0.02352165380806252	2.7363177004076555	5	5	0.4514088545501973	2.726277634856926	5	5	0.048990458928765204	-10.63752169915641	5	5	0.8158282173436158	-5.877368327071714	2	2
pseudo_993	0.9355313379491793	-5.104600687019256	5	5	0.7787740228595545	6.113632319757744	3	3	0.8317583981187536	-1.9036164274490248	3	3	0.5685165379138545	-7.161833450428574	2	2
pseudo_994	0.13213037042225675	-1.326087530451834	5	5	0.0051149894712759734	-2.7771121454939167	4	4	0.7222903921249051	0.2039772958569234	5	5	0.002733362753753122	4.774904446553265	4	4
pseudo_995	0.7275105843794041	-2.4479182737314837	5	5	0.7014815199726457	5.5872452462731195	4	4	0.30854528871506803	1.099034369475655	5	5	0.9478549671208554	-6.221286563803891	5	5
pseudo_996	0.955342515600996	-4.212274565050283	5	5	0.2749482829207355	13.673211860633621	4	4	0.8805537142279177	-1.7206098729680985	3	3	0.22656426869830748	-10.071279764226153	3	3
pseudo_997	0.45152344155662627	-8.087780167049983	5	5	0.543996372783599	8.984744589756124	3	3	0.9545468286562601	0.01084056312920606	3	3	0.5091327089768307	-7.070068963819541	3	3
pseudo_998	0.389542063644566	-8.452147944415545	9	9	0.19850423358211944	12.553968080648394	4	4	0.4972685477054206	-3.434414238437642	3	3	0.13191806058529615	-13.887279697905123	4	4
pseudo_999	0.5754855034778059	-4.242368582143669	5	5	0.07043456768928354	-1.6484226590554887	3	3	0.2537156091068139	-9.624095880570318	4	4	0.35599598885623307	3.4968023123014076	1	1
