	lower	lower	lower	lower	upper	upper	upper	upper
	Rep1	Rep1	Rep1	Rep1	Rep1	Rep1	Rep1	Rep1
	Mann-Whitney p-value	average phenotype of strongest 3	sgRNA count_MW	sgRNA count_avg	Mann-Whitney p-value	average phenotype of strongest 3	sgRNA count_MW	sgRNA count_avg
gene								
AADACL2	0.8589979437444121	-0.22272256505762655	1	1	0.6730842768180696	-7.54550243204755	1	1
AADAT	0.7791226096073944	4.613658413333316	4	4	0.9430073676617658	-5.803569392097998	4	4
AAK1	0.9608922440417247	2.7867153755087397	5	5	0.39355324224003907	-1.9828041229570836	5	5
AANAT	0.5363972291543394	-0.3549744368942189	2	2	0.9937556505148506	-3.5780998997724387	2	2
AARS			0	0			0	0
AARS2	0.2765485113628292	9.660888276515582	1	1	0.23922287638083872	1.6637582954490853	1	1
AASS	0.532460476336369	3.5163930880435843	3	3	0.3021041369273253	-1.3663160941055086	3	3
AATK	0.5578521202528135	-0.4955601369313453	3	3	0.3081119401062373	-5.759441918102912	3	3
ABAT	0.20638410446773292	9.94457480342937	9	9	0.6440051481931246	-10.148698051825143	9	9
ABCC2	0.8940056217363023	0.11995260809615971	1	1	0.3744062159409218	1.194253109910958	1	1
ABCC8	0.5271152883335497	3.985863593841224	4	4	0.4446297085088885	-0.8849664760284769	4	4
ABCC9	0.9313962573846465	0.24449741259744862	2	2	0.23730176970060723	1.2910355021025288	2	2
ABCE1	0.7601970723197148	-0.4841909943170988	2	2	0.6668744210348194	-2.881443392576073	2	2
ABCG1	0.7792645967221339	5.221020205977716	3	3	0.117112979797992	1.3010370079128089	3	3
ABL1	0.5128459217451151	6.61995683855582	4	4	0.7248730595631728	-7.949847072912765	4	4
ABL2	0.12347148023870472	1.4197615286555927	7	7	0.3736683396729993	-4.845240300801302	7	7
ABO	0.1664022274422151	10.800355478165464	7	7	0.14035568447084446	-0.9544053355244267	7	7
ACACA	0.35099455986084405	9.526423615527403	1	1	0.3625818713444412	-9.004285696974188	1	1
ACACB	0.2046067324440931	2.3322374529533962	7	7	0.0928797020663118	-9.373242000808434	7	7
ACAD8	0.24632180384135116	-0.9834583956214663	3	3	0.918820829358273	-2.4485731609064234	3	3
ACADS	0.005866834013712206	13.054824233248532	4	4	0.0812866584697333	0.7680288294863783	4	4
ACADSB	0.016047269694828406	10.78698701044867	3	3	0.8087351892566463	-5.156739948658962	3	3
ACAN	0.9750264261392703	0.024328633561650825	2	2	0.5363969132522755	-2.7789947156068626	2	2
ACAT1	0.8906500801216473	3.282032272039815	4	4	0.10474235589851337	-1.0397131373195585	4	4
ACAT2	0.1610981990530851	-1.229349070318446	3	3	0.24116874517782105	-6.207810755540453	3	3
ACCS	0.24146059983595336	7.015510972093298	4	4	0.5636534392210429	-3.972310162811084	4	4
ACE	0.22929090159214005	4.927586761721876	8	8	0.9296066737032853	-6.541371768887444	8	8
ACE2	0.1121236941764739	-1.800238466047209	2	2	0.13092639557352576	-9.207980833758288	2	2
ACHE	0.48693331026450326	9.634542537914568	8	8	0.6867348923952104	-8.774453122938306	8	8
ACOT13	0.28852701158748395	9.560643263993997	4	4	0.8559940164633577	-5.606839978238512	4	4
ACOX1	0.8993494967975161	6.162156317233557	4	4	0.464533013813055	-8.425554371858539	4	4
ACP1	0.41487040287641996	6.207063437179502	3	3	0.7890550867689189	-2.145844270478029	3	3
ACP2	0.08653993621620056	-1.8995457240329001	2	2	0.5784426169079073	-4.395604471720862	2	2
ACP5	0.7037638550052745	10.659030904683334	8	8	0.09476654617270479	-0.7625076837049284	8	8
ACP6	0.04356721728795325	9.886549316419169	4	4	0.9956122387548506	-2.4686870987399376	4	4
ACPP	0.07872974038930784	-1.478535944752739	3	3	0.3266065177957045	-5.959822480735522	3	3
ACPT	0.20560065206805456	10.10976867323517	1	1	0.7898733794345347	0.45335995751379915	1	1
ACSL1	0.364206397848554	-0.6329707379049975	4	4	0.4188644811189639	-9.14167194692113	4	4
ACSL3	0.6013707310284644	1.9227590629163436	4	4	0.22007172717785572	-8.569785539513083	4	4
ACSL4	0.49953979782742153	5.723787427588635	3	3	0.7023153149906041	-2.372576853503785	3	3
ACSS2	0.2630772782954398	-1.0821892060067677	2	2	0.4112179464629011	0.4664491511252875	2	2
ACTA1	0.43485679423405577	5.851007553245101	6	6	0.2943400581267732	-9.545260885583149	6	6
ACTR2	0.09147384018172652	-2.9651443830980977	1	1	0.08728778618596213	-10.872886750809178	1	1
ACVR1	0.6668746637301395	-0.3376727114841751	2	2	0.9189624577693689	-3.812548443769374	2	2
ACVR1B	0.5363972291543394	4.789724731532538	2	2	0.26307690821799	-8.652154864038796	2	2
ACVR1C	0.8326472970175447	-0.3920789616056126	2	2	0.6782962241406417	-3.1629720873158815	2	2
ACVR2A	0.1894498328982821	-1.1727821708165589	3	3	0.8784938834783411	-4.981642878235805	3	3
ACVR2B	0.4446329390008258	6.4146657976912556	3	3	0.4148700479863273	0.9366447895761668	3	3
ACVRL1	0.7223650252766525	-0.5714944627267933	1	1	0.5787877329810506	-7.894274329716715	1	1
ACY1	0.36571337696523953	6.274992473008216	3	3	0.5838185475743407	-1.8060650946965584	3	3
ACY3	0.758157860602167	9.845044707016113	6	6	0.6393949374816166	-5.442888245144178	6	6
ACYP2	0.8285371673906146	0.23135118395916118	3	3	0.6556720879670175	-2.0134527633231785	3	3
ADAM33	0.05635948247932508	-1.5379622894340532	4	4	0.0046239837485035195	-9.958814130454344	4	4
ADAMTS5	0.18506394353174127	7.401741306536832	4	4	0.847370554516281	-5.162598030172481	4	4
ADC	0.35900018778802656	6.3154966495017355	3	3	0.0877948836890824	-8.915182921912477	3	3
ADCK1	0.41007009710992715	9.874178844150284	5	5	0.3827694472626053	-9.019319765599846	5	5
ADCK2	0.40631871961989585	1.9727866386498867	4	4	0.6167697618314851	-5.528189821582489	4	4
ADCK3	0.43708023410498653	6.023089165893719	3	3	0.164939580559595	1.1794133879315383	3	3
ADCK4	0.06110106057987569	-1.5598421383377836	3	3	0.42219815884497036	-5.672690269155411	3	3
ADCK5	0.979672280861877	2.3545830333022906	3	3	0.5578518207127253	-5.412592225420574	3	3
ADH1B			0	0			0	0
ADH1C	0.7117873195444471	2.3949882184646594	3	3	0.8087351892566463	-0.005076759765533012	3	3
ADH4	0.712998767949636	4.898085799130882	2	2	0.29792840734862447	-8.027743374856938	2	2
ADH5	0.13092669416064726	-1.5350701659968058	2	2	0.8083055560149774	-4.041958354249653	2	2
ADK	0.5174713997989282	1.882040830594739	5	5	0.8830515558026772	-5.2734411574413995	5	5
ADORA1	0.5158638964299583	1.8851742234337536	3	3	0.9390695392249732	-2.340269244299774	3	3
ADORA2A	0.15361812719099233	6.792322377910445	3	3	0.4677320318260033	-1.8208108570163262	3	3
ADORA2B	0.8384799433425073	2.4659755366264595	3	3	0.7213035919898935	-2.360026560408541	3	3
ADORA3	0.6378365043999737	4.885075354123497	5	5	0.5111453284998759	-3.2893372520401436	5	5
ADRA1A	0.6639674473228165	1.7924868265589076	4	4	0.9780638473664575	-5.418308460699464	4	4
ADRA1B	0.9342578635035359	5.604713867026489	4	4	0.8130690316228988	-3.002587904803455	4	4
ADRA1D	0.3879258844856739	7.135350990651354	4	4	0.29863631539450697	-1.3174849512617703	4	4
ADRA2A	0.07938491935410127	-1.9598669724209354	4	4	0.22845806440505245	-9.534276006798681	4	4
ADRA2B	0.8083057017325583	-0.33828011709661254	2	2	0.975026406784861	-3.802738701795987	2	2
ADRA2C	0.444630048389984	-0.7059014789331783	4	4	0.6401865205788645	-4.406572841995659	4	4
ADRB1	0.09786785367561353	9.297621646576928	4	4	0.08721535493501176	1.1742420540367955	4	4
ADRB2	0.8598837070693798	5.061257826983277	5	5	0.7462225067258876	-5.753308591829327	5	5
ADRB3	0.8025306604293183	6.637938124032183	5	5	0.010188048957713844	2.650727949428608	5	5
ADRBK1	0.7792645967221339	2.659604960546517	3	3	0.9796722654035478	-2.5417457009925353	3	3
ADRBK2	0.8387654471035386	5.143664175257492	4	4	0.48492244575925647	-0.6129780563952614	4	4
ADSSL1	0.7987412378077022	5.49880298030268	5	5	0.9843516206890774	-2.614180228905148	5	5
AFG3L2			0	0			0	0
AGTR1	0.42960193548417813	-0.7700554231489883	3	3	0.8885502726804506	-5.003675186517248	3	3
AGTR2	0.10190722439296954	-1.640068522235155	2	2	0.06362306398608275	-9.547891843797153	2	2
AGXT	0.3329288008828586	-0.34750151621387787	3	3	0.117112979797992	-8.255415909806585	3	3
AGXT2	0.10500579743118152	-2.400811053877801	1	1	0.8589978334844708	0.3567824955962961	1	1
AHCY	0.9692931234403545	5.704262751447462	4	4	0.22845806440505245	-1.4702702616587642	4	4
AK1	0.7623016696162777	5.0639346538521375	4	4	0.8301793382822623	0.275847212667552	4	4
AK2	0.49953979782742153	3.339983823688236	3	3	0.6741811441972977	-2.0965710365507513	3	3
AK3	0.7314197074273476	5.965758087523583	5	5	0.0843481075026692	-9.650319750800781	5	5
AK4	0.976529329182036	6.0882806261818905	5	5	0.3669372221516475	-8.984863932401117	5	5
AK5	0.1888092790370861	9.072682952321754	5	5	0.27204680707880924	-2.7407324467729595	5	5
AK7	0.2133646532318163	5.824578904289867	2	2	0.28363427040708045	1.2705213354277995	2	2
AK8	0.619290881697329	-0.5055883964629748	3	3	0.49953947157866563	-1.8560326562751592	3	3
AKAP1	0.12950757392933906	7.082916854205217	3	3	0.2622406464755095	-1.0738162322418356	3	3
AKAP10	0.6401867701331634	8.96220187720001	4	4	0.43163567769926303	-5.598689113738794	4	4
AKAP11	0.8087353319172415	2.77870675004397	3	3	1.0	-4.4550070590721065	3	3
AKAP12	0.30317172858666086	11.00114483237038	7	7	0.8691446926539674	-9.92044340097764	7	7
AKAP13	0.7536598422930214	2.4791928239373076	5	5	0.17283691865437034	-1.530181796217616	5	5
AKAP14	0.5307137187700441	1.8634220214156947	4	4	0.4001303536090387	-1.8098811552995737	4	4
AKAP3	0.7372816769863606	3.605188846305684	4	4	0.24590789637292643	-0.6390177740331161	4	4
AKAP4	0.18595888586108178	6.088615661023592	2	2	0.8694552769254131	-3.6596313007835817	2	2
AKAP5	0.25155117236012614	-1.1123449106780712	3	3	0.028432818461826742	2.0985896317554738	3	3
AKAP6	0.23922324763524505	-1.6398382343194875	1	1	0.3176583921224988	1.4615481875086909	1	1
AKAP7	0.06963832599026948	9.814478398121713	5	5	0.4384951402144527	0.44959055006143506	5	5
AKAP8	0.5271152883335497	6.181672334120923	4	4	0.6167697618314851	-2.3679584082166287	4	4
AKAP8L	0.7597894466117869	3.3948335693090534	3	3	0.7213035919898935	-4.988793029700149	3	3
AKAP9	0.2242372173604591	1.0044059251516082	4	4	0.21190858551939118	-6.70832490584088	4	4
AKR1A1	0.7841482640651353	3.7767533780183173	2	2	0.6668744210348194	-4.029785482065211	2	2
AKR1B1	0.829183124044773	9.168538066918936	5	5	0.6378362581530908	-3.4137236358383256	5	5
AKR1B10	0.6103348841762416	2.3159454809293876	3	3	0.5838185475743407	-1.9284150605049584	3	3
AKT1	0.5009128235754552	-0.7800208367748649	2	2	0.08094220724694863	2.011876978491293	2	2
AKT2	0.42960193548417813	1.8688407876563147	3	3	0.3266065177957045	-6.035384441411189	3	3
AKT3	0.5057874693232971	2.6411950485220186	4	4	0.9167835608496743	-3.5164673008710534	4	4
ALAS1	0.4914818051850972	5.963779505192122	3	3	0.6881940671879533	-5.275041558956807	3	3
ALAS2	0.8285371673906146	2.918770411895116	3	3	0.6649010815412519	0.23610039743200392	3	3
ALDH18A1	0.041511749007204835	10.018062531486065	3	3	0.7308634197198782	-2.133456621174341	3	3
ALDH1A2	0.5496970627594353	6.105901338038912	5	5	0.2677892787241867	-1.0429267586639925	5	5
ALDH1B1	0.47557743448155543	4.591287549346647	3	3	0.40761766300650815	-1.233320444963614	3	3
ALDH1L1	0.1420215999638235	8.991172456671622	4	4	0.7455920838764607	0.2389677229392669	4	4
ALDH3A1	0.9124209392183963	5.526302592376194	4	4	0.11576683664017645	-8.823778996243414	4	4
ALDH3A2	0.6560013687655859	3.092767539435926	4	4	0.4381049895026802	-8.72587245205573	4	4
ALDH3B1	0.37650126080187063	4.948727458315507	2	2	0.9438467162032397	-0.018286356347430643	2	2
ALDH4A1	0.6167700247691581	3.253890235421729	4	4	0.951763803111252	-5.620872030364306	4	4
ALDH5A1	0.34647340469497234	10.184791148617373	5	5	0.33161161069499445	-4.499859835007083	5	5
ALDH9A1	0.4522595525671629	-0.7247343878597707	3	3	0.48349379424690464	-1.9111613201603375	3	3
ALK	0.33573662372063895	8.58403786703219	2	2	0.4112179464629011	-4.624613807985755	2	2
ALLC	0.600031123579649	4.569660235161292	2	2	0.8204547448216611	-0.3496479716068659	2	2
ALOX5	0.2807006182672762	6.904891208353614	5	5	0.18553044809231212	-9.316426411119584	5	5
ALPI	0.1141650422536768	7.444467216821772	3	3	0.27324022982090423	-1.4237494041644652	3	3
ALPK1	0.09581948504886746	-2.595096415600697	1	1	0.19775894903126978	-9.502838783311775	1	1
ALPK2	0.23922324763524505	-1.6282215499808732	1	1	0.19013868742175954	-9.535066440188118	1	1
ALPK3	0.6556723329678809	-0.37990553427668	3	3	0.7213035919898935	-2.1373016898241635	3	3
ALPL	0.6148574474977769	7.681385043746512	8	8	0.04375293805233534	-5.094922378022556	8	8
ALPPL2	0.702315530603703	5.194168973346787	3	3	0.9390695392249732	-2.6385295462202336	3	3
AMHR2	0.858441500533582	3.143815580704631	3	3	0.27324022982090423	0.9157166239214832	3	3
AMN	0.00796616350775978	-2.688300895397361	9	9	0.9481869882668126	-9.910949485356886	9	9
AMT	0.49182543618102414	0.8521945655589945	4	4	0.951763803111252	-7.120435884011766	4	4
AMY2A	0.8448801044091533	4.129279870048075	2	2	0.6782962241406417	-3.030726759200976	2	2
AMY2B			0	0			0	0
ANKK1	1.0	3.3758548071410672	3	3	0.4004413862075996	-4.450121077317011	3	3
ANXA2	0.25941252863396136	8.194519691367729	5	5	0.2850963503156446	-0.6653945766245218	5	5
ANXA3	0.8732917088682917	2.5488078082010692	4	4	0.3879255303064266	-8.480455644692166	4	4
ANXA5	0.6464956225169609	2.228156262544111	3	3	0.7501076487404902	-2.3258674613703008	3	3
APCS	0.19775930335061287	10.304459054394947	1	1	0.9468852104906208	0.1621981587335552	1	1
APOE	0.9937556553556648	4.460256520010175	2	2	0.6000308408951016	-2.9342354396436003	2	2
APOH	0.2839004439630356	5.6431865494725715	8	8	0.8267054640752471	-8.922523498339611	8	8
APRT	0.2595946583172707	9.845381462565934	4	4	0.15435641612727724	-1.3597658047634003	4	4
ARAF	0.1728372332594149	1.8411206101232562	5	5	0.6448564159667856	-6.24397598614794	5	5
ARF1	0.047118296434624646	-1.7970999766889726	4	4	0.9080609554690193	-2.404749537418692	4	4
ARF4			0	0			0	0
ARF6	0.06110106057987569	-1.5782313127500558	3	3	0.4446325926260951	-3.4003974412685043	3	3
ARHGAP26	0.6668746637301395	3.575349921058673	2	2	0.7721453575636094	-3.9688157515108897	2	2
ARL1	0.5677874993418255	4.823298520136056	2	2	0.6109599007285056	-4.281793027420838	2	2
ARL3	0.7791226096073944	5.878551752608018	4	4	0.4446297085088885	-1.5412328732225207	4	4
ARL5B	0.7875725849725521	5.943798465203872	4	4	0.6013704596038613	-5.688425860720989	4	4
ARPC1B	0.9593577538668886	2.9708925530827943	3	3	0.5794516007112549	-5.5176460303178345	3	3
ARPC2	0.5415845392644589	2.574645539694546	4	4	0.478072597481917	-5.870472143060482	4	4
ARPC3	0.2564592225367506	-1.1152661464855953	2	2	0.8694552769254131	-3.4987443765687853	2	2
ARPC4	0.60953072970102	-0.7962844943220233	1	1	0.38646609791430186	1.1801436570753334	1	1
ARPC5	0.6109601772009596	4.629126442889221	2	2	0.9065484956534406	-3.111403232178054	2	2
ARSA	0.8326472970175447	3.8624563200286657	2	2	0.8448799856795206	-3.2459221632610564	2	2
ART1	0.1552588882477168	-2.009215585732754	1	1	0.1367986397816899	-9.916957953443832	1	1
ASGR2	0.10993027414038084	10.47155848259021	5	5	0.5174710930239009	-8.699347311360691	5	5
ASNA1	0.10161443250502815	7.530178002075274	3	3	0.47557709879324583	-1.5269489614604854	3	3
ASPA			0	0			0	0
ASRGL1	0.9255162512977373	5.719085027471098	4	4	0.14202130241940375	-8.920278836778813	4	4
ASS1	0.7695088467075766	3.0856528271060846	3	3	0.5076670817478994	-1.8631908321735091	3	3
ATM	0.745592267185901	-0.1028874136141944	4	4	0.7290014977427113	-4.690859397468322	4	4
ATOX1	0.11662784344153906	1.0005440254028486	5	5	0.8598836055025686	-5.652371727687512	5	5
ATP1A1	0.3669375731244685	2.463678634201006	5	5	0.6876261478104089	-5.557623643524448	5	5
ATP2A1	0.04429010874683532	-2.0377962215047996	2	2	0.22510582505395071	-5.2488433604938844	2	2
ATP2C1	0.8136747097579051	2.8513625956054707	3	3	0.1464047974380131	1.8342472636783886	3	3
ATP4A	0.7094737961021109	9.422028958067571	8	8	0.8507183022413216	-9.381653367877911	8	8
ATP5A1	1.0	5.819557581203725	5	5	0.6032307220351634	-5.258462524356813	5	5
ATP5B			0	0			0	0
ATP5C1	0.19013903760118822	-1.7548361396827001	1	1	0.08728778618596213	-10.662989356048383	1	1
ATP6V1A			0	0			0	0
ATP6V1B2			0	0			0	0
ATP6V1C1	0.22195619005714728	-1.676742312089214	1	1	0.5787877329810506	-7.998654392562211	1	1
ATP8A1	0.7207531974921018	-0.4727364981789428	4	4	0.07041059963736607	-0.8020528137842354	4	4
ATR			0	0			0	0
AURKA			0	0			0	0
AURKAIP1	0.678296459562844	4.399648853912429	2	2	0.3598417193126703	-8.056670645913108	2	2
AURKB			0	0			0	0
AURKC	0.7597894466117869	3.222497105187473	3	3	0.8684570613742264	-2.3867224639546376	3	3
AVPR1A	0.8906500801216473	2.7062615383540645	4	4	0.6880912158982115	-8.477490605106748	4	4
AVPR1B	0.030678977870879014	10.297082693711435	4	4	0.5488924899213611	-5.2525614414783695	4	4
AVPR2	0.2835597010259645	6.801990874301741	4	4	0.14503171248911778	-0.9011094187385583	4	4
AXL	0.8384799433425073	-0.23383879647711758	3	3	0.4914814756545792	-5.574254418782572	3	3
AZGP1	0.1047426150328227	-1.4809419457085866	4	4	0.4188644811189639	-9.124559733988663	4	4
B2M	0.749885058512247	3.4161365355285014	8	8	0.16324780930432103	-5.139376644283643	8	8
B4GALT1	0.8684571605169031	0.15461029020220587	3	3	0.7890550867689189	-1.722783630630337	3	3
B4GALT2	0.24719020489198174	-1.1634746927349957	5	5	0.6032307220351634	-5.24496052062082	5	5
B4GALT3	0.10566999399141129	-1.361245757396291	3	3	0.0505151615837208	-9.26931033506714	3	3
B4GALT4	0.619290881697329	5.5738619841800885	3	3	0.1573241588148443	-8.457970716004747	3	3
BACE1	0.1141650422536768	-1.291944211706469	3	3	0.0665731107387651	-6.840086988357388	3	3
BAG1	0.8907975854497414	5.019688726066244	5	5	0.6732496705281437	-5.973827364986072	5	5
BAIAP2L1	0.7404654225059137	-0.2369884966493192	3	3	0.117112979797992	1.4188057345560503	3	3
BBOX1	0.8907975854497414	6.302101187126449	5	5	0.5302431017155851	-8.896541780601991	5	5
BCAT2	0.7372816769863606	5.864141061993986	4	4	0.37004922618600733	-6.755518609056274	4	4
BCKDK	0.08545338789767065	-1.5902821034095673	3	3	0.2568571262585798	-6.073892301441485	3	3
BCR	0.17910038601767853	9.439500751246136	5	5	0.12126786358221063	-1.266190327654509	5	5
BDH1	0.2732742183252418	5.560672521539686	7	7	0.6037978661702059	-9.99228905052155	7	7
BDKRB2	0.8285371673906146	2.9150241878942698	3	3	0.3329284331626574	-1.3617950660907152	3	3
BEGAIN	0.2159627269371317	6.8045114930677295	4	4	0.34702507347149536	-1.9553483915629657	4	4
BGLAP	0.7601970723197148	4.550256333310018	2	2	0.26307690821799	-8.442865860861623	2	2
BHMT	0.6835112718213798	3.2091595515799107	3	3	0.43707988539831577	-1.849049044059779	3	3
BHMT2	0.3142396258958394	1.5276343579383376	4	4	0.804546679542733	-4.881261478293036	4	4
BLK	0.37650126080187063	5.221058525425466	2	2	0.08370306857074118	2.131666267863312	2	2
BLVRA	0.2804628689735923	8.729449313923727	8	8	0.9174049310774036	-9.834711450272396	8	8
BLVRB	0.3052533099247886	-1.1246804327050892	2	2	0.28363427040708045	1.2381775110908304	2	2
BMP2K	0.911591622193438	-0.1256464409802227	1	1	0.3625818713444412	-9.034659346017706	1	1
BMPR1A	0.55722694576323	3.2447694547806316	2	2	0.9812684812748693	0.055180404184510645	2	2
BMPR1B	0.5493231352765601	3.3187960708360156	3	3	0.029367168154228893	2.0957937489979903	3	3
BMPR2	0.8484485726517723	-0.099639620564188	3	3	0.7792644331768246	-4.130683218563713	3	3
BMX	0.4849227716542278	5.159890746723149	4	4	0.3879255303064266	-5.739347273163536	4	4
BPHL	0.5861473849571939	4.550060788108984	4	4	0.45120951327413994	-1.9877887610374245	4	4
BPI	0.6014368415699478	2.662072267432551	3	3	0.9289394330539544	-2.345994169654306	3	3
BRAF	0.17090006988278983	6.997328800291182	4	4	0.33036897027656753	-1.187515565666309	4	4
BRD2	0.027811968628283397	11.528265740615373	6	6	0.24778580370164172	-4.315452192180172	6	6
BRD3	0.8907975854497414	5.706600334349145	5	5	0.9608922154201479	-4.422903420223885	5	5
BRD4			0	0			0	0
BRDT	0.9289394869608862	3.077077154215912	3	3	0.3793725999378029	-1.3693803731858816	3	3
BRSK1	0.2595946583172707	-1.0163928003229667	4	4	0.6090484556919864	-5.904695458166455	4	4
BRSK2	0.9937556553556648	4.607464413081917	2	2	0.3765008908201064	1.0286624649728306	2	2
BST1	0.7792645967221339	3.7162969620141375	3	3	0.6835110441368082	-1.8460813027746452	3	3
BTK	0.9087154244859418	2.839560544829375	3	3	0.7213035919898935	-2.0910405834798627	3	3
BUB1			0	0			0	0
BUB1B			0	0			0	0
C17orf75	0.5861473849571939	5.720470480925123	4	4	0.1390591171862447	-1.114993682416807	4	4
C1QA	0.600031123579649	4.635473508539918	2	2	0.2435717950322891	1.3548953791428455	2	2
C1QB	0.5751009091417094	0.9193798757394251	3	3	0.2903238499882219	-1.4146161304933054	3	3
C1QC	0.4477676677875029	-0.7771789294874756	2	2	0.18080447969509694	-8.684921297198553	2	2
C1R	0.6556723329678809	3.2621931211475133	3	3	0.10844385443075966	-8.65167546249994	3	3
C1S	0.9188208908912462	2.6334919368515526	3	3	0.7695086763516427	-5.08106350627853	3	3
C3	0.3523649908901264	6.1590836826505635	3	3	0.028432818461826742	-9.592278226358578	3	3
C4A	0.45451996796426486	8.509763399248408	4	4	0.7455920838764607	-2.856522490417806	4	4
C4B	0.45451996796426486	8.509763399248408	4	4	0.7455920838764607	-2.856522490417806	4	4
C5	0.5261313159168926	5.128441145357037	2	2	0.3681126361127579	-8.034806898795162	2	2
C8G	0.7623016696162777	3.5528652209635374	4	4	0.787572430225917	-5.104595597051289	4	4
C9orf96	0.745592267185901	2.3308960898775815	4	4	0.5379481112871735	-6.336512597625695	4	4
CA1	0.09147384018172652	12.349229301570611	1	1	0.1050055227180791	3.768181838720086	1	1
CA10	0.5562493771843942	1.9350679361102217	4	4	0.9167835608496743	-2.3953273166129287	4	4
CA11	0.3303693312119407	1.9085657170080215	4	4	0.20396654296490413	-6.914544429616952	4	4
CA12	0.702315530603703	5.7407296494508415	3	3	0.3081119401062373	-6.005972488171104	3	3
CA13	0.8177345663940021	5.801084347542859	5	5	0.9882633777204696	-2.6545049947302424	5	5
CA14			0	0			0	0
CA2	0.47557743448155543	3.1693185509867554	3	3	0.6014365649954452	-3.0232011386020736	3	3
CA3	0.5343251909788127	4.813092581844644	4	4	0.5861471054037536	-6.297978983457864	4	4
CA4	0.41487040287641996	6.245587191950967	3	3	0.6835110441368082	-2.064718663479366	3	3
CA5A	0.881963807732946	0.35024268687373183	4	4	0.40631836932311727	-1.7086608647382686	4	4
CA5B	0.3523649908901264	4.313360468786516	3	3	0.42219815884497036	-1.4553051200787017	3	3
CA6	0.2284584116841577	-1.3915201279888414	4	4	0.6560011285552952	-5.672048885775767	4	4
CA7	0.5937367296846481	1.6411286513972627	4	4	0.471275986177486	0.7885381676714047	4	4
CA8	0.9492095536471424	0.6042368394939617	3	3	0.24116874517782105	-0.7186072871766775	3	3
CA9	0.6464956225169609	5.683374083190977	3	3	0.9087153553567827	-2.484206784843407	3	3
CACNA1A	0.6103348841762416	3.154581728440803	3	3	0.6741811441972977	-1.7866843486838164	3	3
CACNA1B	0.9898353156208693	5.080875695725402	3	3	0.646495371963882	-2.9175411020438915	3	3
CACNA1C	0.621976598269959	-0.5320188825706955	2	2	0.8817919266718723	-3.479833006825932	2	2
CACNA1D	0.1263173876208534	7.22994474873844	3	3	0.021837560705091803	2.1468460711909985	3	3
CACNA1I	0.7213037951321294	3.293340117282369	3	3	0.4148700479863273	-1.518863916507114	3	3
CACNA1S	0.13607526409677123	-1.3590539611378325	3	3	0.37250400923988813	-5.872389054163655	3	3
CACNA2D1	0.548892788182638	2.1426234628841425	4	4	0.5786030647682013	-5.402587732049788	4	4
CACNA2D2	0.2392694792854142	2.2969467390874185	5	5	0.3414727951104407	-1.4279507349123477	5	5
CACNB1	0.13605815472013652	10.145485127040102	5	5	1.0	-4.192018750572944	5	5
CACNB2	0.7240551500455747	5.8104633703956665	5	5	0.5828815238257092	-6.264097830612402	5	5
CACNB3	0.36267353062655183	10.701170063669744	8	8	0.814758071318705	-7.8211389189012435	8	8
CACNB4	0.4667133145555178	-0.7788512761314301	2	2	0.13496498249745634	1.5530469555182855	2	2
CACNG1	0.49182543618102414	7.060279855951527	4	4	0.4381049895026802	-9.005442445492172	4	4
CALM1	0.14890632379823837	11.088563961789044	1	1	0.7558861115233189	0.5407987742802722	1	1
CALM2	0.6555295613905873	5.091703078273172	2	2	0.6782962241406417	-3.8900940592966293	2	2
CALM3	0.47557743448155543	-0.5276540327742051	3	3	0.7890550867689189	-2.3450232047551594	3	3
CALR	0.6555295613905873	4.415500757326736	2	2	0.3765008908201064	0.8359149402178918	2	2
CALY	0.5671273335991869	9.851446823930575	8	8	0.4002651796151938	-9.777036416165904	8	8
CAMK1	0.7791226096073944	0.036415320344772795	4	4	0.5271149799847772	-2.0142721160574797	4	4
CAMK1D	0.1851883080751462	6.8394587759590975	3	3	0.592597532142719	-5.330156954140096	3	3
CAMK1G	0.9812684957937546	-0.009545187614109274	2	2	0.07310054942252359	1.9497515767179854	2	2
CAMK2A			0	0			0	0
CAMK2B	0.4477676677875029	5.190039299037823	2	2	0.8265455972393922	-3.44173685900706	2	2
CAMK2D	0.9255162512977373	2.6120580722667013	4	4	0.951763803111252	-5.20646728414299	4	4
CAMK2G	0.017723708552063025	-2.9451994463088518	2	2	0.10190695886310808	-9.352562475922372	2	2
CAMK2N1	0.8186217871680629	1.020664527205019	3	3	0.9289394330539544	-3.9598777929517475	3	3
CAMK4	0.23152947677641456	9.074216140466634	5	5	0.23537661798403475	1.3360128462528806	5	5
CAMKK1	0.4914818051850972	-0.7432942825540731	3	3	0.025781854012072496	2.3574475695393935	3	3
CAMKK2	0.19213031176159656	9.662619862846467	5	5	0.7611197519497541	-2.5123715184732944	5	5
CAMKV	0.9430074101262581	5.471532443492556	4	4	0.4578440662583241	-2.0825231307113277	4	4
CAMLG	0.619290881697329	-0.44680030114926045	3	3	0.13945380977392602	-8.68820594961448	3	3
CAMP	0.888550356897823	2.6149749025890596	3	3	0.5158635771483273	-5.5412893777572565	3	3
CANT1	0.07116091820134406	-1.593053416432964	5	5	0.24320683494325246	-9.500860983438569	5	5
CANX	0.9080610237839554	3.154979460820164	4	4	0.5488924899213611	-5.4502563778861886	4	4
CAPN1	0.6668746637301395	5.079676595111362	2	2	0.2435717950322891	1.5754317530220767	2	2
CAPNS1	0.4292669168612616	-0.8132616596968285	2	2	0.3765008908201064	-4.696897041086624	2	2
CARTPT	0.4987804854410054	2.137180256835059	4	4	0.6323395103738714	-4.59658527457893	4	4
CASK	0.02786628495973135	-2.3023070181543446	2	2	0.4571850245511201	-4.5498867021033735	2	2
CASP7	0.8186217871680629	2.523026252728932	3	3	0.918820829358273	-2.322887998392699	3	3
CASR	0.6448566581875206	2.679681511322679	5	5	0.46802091027756276	-4.595229985347674	5	5
CAST	0.7542690478508206	10.07730051350516	7	7	0.13170385806233012	1.424632521480233	7	7
CAT	0.9080610237839554	3.0708023393643136	4	4	0.8301793382822623	-5.381958784187396	4	4
CBR1	0.43708023410498653	6.664213086866312	3	3	0.5970093275028581	-5.2057654038040955	3	3
CBS	0.9255162512977373	5.70545088442164	4	4	0.7455920838764607	-2.1090304469079553	4	4
CCBL1	0.08728803610526567	12.842600131364005	1	1	0.7057973778779161	-7.01933854673395	1	1
CCBL2	0.9956122420296585	5.813501914717865	4	4	0.5128456071552897	-5.754430045022037	4	4
CCKAR	0.9289394869608862	0.1883819684649488	3	3	0.29617479858354456	-1.3777193137666792	3	3
CCL8	0.09867134830895578	10.17186380922442	2	2	0.3279376277841215	-4.797231615537587	2	2
CCR5	0.34141498092283806	2.229607269961756	4	4	0.14202130241940375	-8.864961281531434	4	4
CCT3	0.22195619005714728	9.994766222780179	1	1	0.2966270288807126	1.5494501712858741	1	1
CD1A	0.370049583378649	6.681771880134295	4	4	0.1390591171862447	-8.413050856534356	4	4
CD1D	0.3523649908901264	1.8183896725464272	3	3	0.6014365649954452	-5.404677795606877	3	3
CD209	0.911591622193438	-0.10129117063113213	1	1	0.3625818713444412	-9.01032569699634	1	1
CD247	0.6090487229173832	2.031463191732364	4	4	0.0022724989409671115	4.287017214229729	4	4
CD33	0.633078365018908	-0.5661879829131546	2	2	0.7962024150116955	-3.0491454872902213	2	2
CD3D	0.9937556553556648	4.122042327654181	2	2	0.16597927250176814	1.5309240985931187	2	2
CD3E	0.1612467450118772	6.56260077877357	2	2	0.10190695886310808	1.7324870609957057	2	2
CD3G	0.267701973265006	-0.06377661678574527	3	3	0.24116874517782105	-5.284620340600973	3	3
CD4	0.633078365018908	4.538708337040448	2	2	0.7364734272354451	0.17374507805199996	2	2
CD46	0.29617516595582927	-1.0334203165389677	3	3	0.15361781430207125	-6.395779180448987	3	3
CD52	0.32853233208076293	9.591196131388516	1	1	0.7057973778779161	-7.1423000692056755	1	1
CD55	0.21184473271501414	4.235219759371865	3	3	0.3266065177957045	-1.2909416482247027	3	3
CD80			0	0			0	0
CD86	0.1520271466575422	-1.3707851488591232	6	6	0.04416598261809243	-9.71887972959774	6	6
CDA	0.8941574042003609	-0.16656969813403677	2	2	0.07310054942252359	1.8706775373406654	2	2
CDC14A	0.7043541650311715	5.8360326948287975	4	4	0.3584208770426619	-6.1305828221016965	4	4
CDC14B	0.9822834433441385	0.015522494351618121	1	1	0.1254653220444873	-10.214708564733726	1	1
CDC25A	0.23109248440240615	6.569006549563103	3	3	0.3329284331626574	1.0744677875348114	3	3
CDC25B	0.17575758854576284	-1.4538505190472186	2	2	0.08945344311614915	1.7203693372523776	2	2
CDC25C	0.7308636164833079	2.9927913486269273	3	3	0.9695125213619703	-4.787905246927446	3	3
CDC42BPA	0.6167700247691581	2.173507337399629	4	4	0.7960474916434587	-5.825852059944271	4	4
CDC42BPB	0.9390695854796868	2.8743673576565087	3	3	0.8285370389989223	-2.1330353252637893	3	3
CDC42BPG	0.24632180384135116	6.475085289954154	3	3	0.6835110441368082	-1.8992407387206012	3	3
CDC42SE2	0.3358629279751377	-0.9528005885806442	4	4	0.6480739768085192	-5.594077322240573	4	4
CDC7	0.6251693912867041	-0.7552469883373032	1	1	0.23922287638083872	1.6712839292588084	1	1
CDH5	0.290324216894684	-0.6629430006924517	3	3	0.12631709925724505	1.3891196954213898	3	3
CDK1			0	0			0	0
CDK10	0.6373723742473569	2.6852263062526442	3	3	0.7501076487404902	-3.24751982745858	3	3
CDK11A	0.619290881697329	1.9773878178847815	3	3	0.8784938834783411	-2.6864875265064243	3	3
CDK11B	0.1420215999638235	-1.049147038614464	4	4	0.41256315896168827	-1.5126154148135982	4	4
CDK12			0	0			0	0
CDK13	0.7501078324730008	5.658799359144023	3	3	0.5158635771483273	-1.9781578761013385	3	3
CDK14	0.5302434029369792	2.0954603395360256	5	5	0.8215465219598375	-5.72339717625501	5	5
CDK15	0.15732447457299148	-1.2461620090352223	3	3	0.24116874517782105	-0.17152843074450455	3	3
CDK16	0.8387654471035386	3.4321444497422906	4	4	0.24590789637292643	-1.100341385321635	4	4
CDK17	0.2630772782954398	-1.2829272387860264	2	2	0.8204547448216611	-3.5782070270659823	2	2
CDK18	0.19818889666956385	-1.1213522794539799	3	3	0.9593577229803231	-2.6087682336508107	3	3
CDK19	0.2677896292012466	4.564433907205345	5	5	0.39901345089188534	-9.798325671731384	5	5
CDK2	0.04356721728795325	-1.6248143223316152	4	4	0.9692931005333311	-2.5444923202856993	4	4
CDK20	0.806325015975841	1.5020763201848155	5	5	0.38813852859235065	-9.078344230155807	5	5
CDK3	0.7483055612925589	-0.4514821590558826	2	2	0.2435717950322891	1.5215487561937897	2	2
CDK4	0.4501753296141966	3.4376117272487945	5	5	0.16976743299265973	-0.3440714603637815	5	5
CDK5	0.04687560621435587	-1.696046190416005	3	3	0.15361781430207125	-6.281860463239721	3	3
CDK5R1	0.7404654225059137	2.361461854384715	3	3	0.5408586559145936	-2.041433435003618	3	3
CDK5R2	0.7987412378077022	4.547504510660884	5	5	0.6519083774663081	-4.689603794931059	5	5
CDK6	0.7854666226763009	3.072460306260718	6	6	0.15202685212975636	-1.7549204672275387	6	6
CDK7			0	0			0	0
CDK8	0.47127631713186635	9.220368853114588	4	4	0.38190912645660746	0.009014743484898982	4	4
CDK9	0.40236553587094126	-0.8749772695538018	2	2	0.894157322629153	-4.0107657512456765	2	2
CDKL1	0.5174713997989282	9.862649184579114	5	5	0.8063248769379043	-5.339603213096448	5	5
CDKL2	0.013453320491337873	10.886301238877232	3	3	0.9289394330539544	-4.684499415308568	3	3
CDKL3	0.024098107707258416	-1.6011010533015473	5	5	0.32675075508790796	-9.66090148782152	5	5
CDKL4	0.7043541650311715	6.752077215389012	4	4	0.013542586434184435	-9.76526921230576	4	4
CDKL5	0.7462226862063542	5.299289709595803	5	5	0.709402808020188	-5.7164175297858835	5	5
CDKN1A	0.12495698683331329	10.623236189768784	4	4	0.6560011285552952	-1.6317473108179978	4	4
CDKN1B	0.1552588882477168	10.827105670323686	1	1	0.4912047926143188	-8.343318839749557	1	1
CDKN1C	0.8216137082481801	2.4985730455493633	4	4	0.8646347076030771	-2.693547891092528	4	4
CDKN2A	0.702315530603703	2.0064324672361242	3	3	0.7308634197198782	-3.2089027901450415	3	3
CDKN2B	0.9780638637345559	2.044837323644859	4	4	0.08520151469268625	-1.1930104287226322	4	4
CDKN2C	0.9695125445400574	0.24659998819857698	3	3	0.039030678877538576	2.305572759956333	3	3
CDKN2D	0.24357216049322294	5.581065872869712	2	2	0.7247036409253919	-3.2701887057970627	2	2
CDKN3	0.0622864012896096	11.487782198494978	4	4	0.8906499990203016	-7.767393875786688	4	4
CDO1	0.34365363667443916	5.749365840385306	2	2	0.185958544705621	1.4577475210738697	2	2
CEACAM1	0.43485679423405577	2.556004167021861	6	6	0.8130418837871821	-8.881667536610385	6	6
CEACAM5	0.55722694576323	4.892447389322687	2	2	0.6000308408951016	-4.1243850634131585	2	2
CEL	1.0	0.01650155162812113	3	3	0.17282926341594285	-8.557907482749625	3	3
CELA1	0.320363485833693	1.980436851219734	3	3	0.13607496624266824	-6.263143641943771	3	3
CELA2A	0.06788673067190923	-2.289869769810824	4	4	0.2139282164165589	-8.688140827951772	4	4
CERK	0.3793729624525669	5.905886143289268	3	3	0.43707988539831577	-5.423061497732775	3	3
CERKL	0.3791000510735727	11.071289377679365	8	8	0.025645510821924553	2.576754184619017	8	8
CES1	0.45120985107265543	2.087284045402176	4	4	0.10474235589851337	-8.853635606444119	4	4
CFB	0.2760387227855601	-0.9226037240331841	3	3	0.9796722654035478	-2.5137566574286088	3	3
CFD	0.7117873195444471	3.271785914351167	3	3	0.8484484587750706	-2.1843349855908745	3	3
CFL1	0.9687859242879687	4.026249925563679	2	2	0.05322705651733826	-10.053518730013657	2	2
CFTR	0.745592267185901	2.7959256673812765	4	4	0.6560011285552952	-6.003804232035333	4	4
CGA	0.6560013687655859	6.187865811555896	4	4	0.6167697618314851	-4.87960147969051	4	4
CHD1			0	0			0	0
CHEK1			0	0			0	0
CHEK2	0.3303693312119407	0.93240698139107	4	4	0.5271149799847772	-3.1722454564135365	4	4
CHIA	0.2213186767506925	-1.023424010971895	3	3	0.8885502726804506	-2.3768740024424932	3	3
CHIT1	0.729001692040874	2.5419265737670256	4	4	0.7623014975522668	-5.629552984727671	4	4
CHKA	0.4327214880257134	6.977318157989958	5	5	0.4100697542085314	-4.176854239005753	5	5
CHKB	0.8784939751805159	2.650188971594989	3	3	0.42219815884497036	-1.648180060372363	3	3
CHM	0.2482033602934547	9.823546584714743	1	1	0.8070226556007543	-1.542584049542679	1	1
CHRM1	0.1575641332562786	6.964722427017048	4	4	0.3939993373582771	-1.4489738180709757	4	4
CHRM2	0.9898353156208693	3.0368418654478737	3	3	0.6103346125679381	-5.46983901565552	3	3
CHRM4	0.8941574042003609	-0.1825474314294917	2	2	0.5467626592989514	-4.452227596503453	2	2
CHRM5	0.8326472970175447	4.297186885177157	2	2	0.8571503215639664	-3.5059239078375155	2	2
CHRNA1	0.36571337696523953	5.861697515321701	3	3	0.918820829358273	-2.739560995700884	3	3
CHRNA10	0.5199553607032315	0.6482411462694957	4	4	0.15435641612727724	1.3040583777458465	4	4
CHRNA2			0	0			0	0
CHRNA3	0.09744926929457277	10.295722976666077	5	5	0.5761703291652953	-1.2176568529249676	5	5
CHRNA4	0.444630048389984	-0.793544090370918	4	4	0.7706984929184775	-4.966182903597117	4	4
CHRNA5	0.7404654225059137	2.459094129615996	3	3	0.4677320318260033	-3.3688116261387826	3	3
CHRNA6	0.9188208908912462	0.2921570743565753	3	3	0.38631854356443573	-1.5903401607345888	3	3
CHRNA7	0.6090487229173832	6.399696888239326	4	4	0.17089975055714413	-1.43573466981561	4	4
CHRNA9	0.1269824631239126	9.856933584511694	2	2	0.7841481008700562	0.20843615018197836	2	2
CHRNB1	0.48609555358126055	3.000781981822885	2	2	0.4571850245511201	-4.578989125431636	2	2
CHRNB2	0.27865063196508444	6.83719827267122	4	4	0.6639672119072874	-5.033032141477733	4	4
CHRNB3	0.7223650252766525	-0.4640048803649961	1	1	0.929220978346674	0.21603026825213595	1	1
CHRNB4	0.1263173876208534	-1.4275080827321165	3	3	0.3081119401062373	-5.917301288780727	3	3
CHRND	0.9605260957410092	-0.16552279647084175	4	4	0.8906499990203016	-6.147842461948961	4	4
CHRNE	0.13607526409677123	7.222812472727727	3	3	0.6741811441972977	-5.179365237626896	3	3
CHRNG	0.8387654471035386	3.1976085186604415	4	4	0.8819637202811261	-5.2995638097406434	4	4
CHUK	0.9780638637345559	5.845061465255459	4	4	0.7125368624965382	-1.932304746566455	4	4
CIB2	0.881963807732946	2.7514575644409054	4	4	0.33036897027656753	-1.7440460043420234	4	4
CIB3	0.45995954822348795	3.603451540225563	3	3	0.02752419143977546	2.1157692272939417	3	3
CINP	0.22195619005714728	10.00490186985295	1	1	0.2219558247742326	1.7840953288043853	1	1
CIT	0.3850064325730531	5.560161460380538	2	2	0.495947177345315	0.7379105792167684	2	2
CKB	0.9692931234403545	2.5157174436159866	4	4	0.1575638232399773	1.3597989693266692	4	4
CKM	0.5881213153099278	10.100813748878316	8	8	0.681093270583745	-8.109723187430479	8	8
CKMT1A	0.980284896199665	9.834556332852893	7	7	0.19878842856286738	-9.475944246202033	7	7
CKMT1B	0.16893936879473925	1.587933678915683	7	7	0.26612577686034844	-9.945954293742579	7	7
CKMT2	0.14809106507203038	7.49171909974875	4	4	0.08721535493501176	-0.8381061161366813	4	4
CKS2	0.738809095912109	6.709583789731034	5	5	0.14128586072752305	-9.11828166039231	5	5
CLC	0.43708023410498653	-0.7164468525931996	3	3	0.10295219932530106	-8.957840923955073	3	3
CLCN2	0.9692931234403545	2.372368267315196	4	4	0.6880912158982115	-5.478254579375416	4	4
CLCNKA	0.6804236127975313	9.819160814852951	5	5	0.5431733027047211	-8.33710919037364	5	5
CLEC3B	0.45120985107265543	6.176459776521443	4	4	0.704353954761709	-2.1312214264239806	4	4
CLK1	0.0926337958913805	8.056718412985044	3	3	0.6014365649954452	-1.6491183207282438	3	3
CLK2	0.5408589637456818	6.179609523902385	3	3	0.2845511917718869	-6.190269414584644	3	3
CLK3	0.5937367296846481	6.28937617678077	4	4	0.42522207846558935	-1.612335700672552	4	4
CLK4	0.7792645967221339	2.3996870688098126	3	3	0.5664447250132025	-3.152264703749042	3	3
CLPB	0.36811300742121333	5.442343098068238	2	2	0.7841481008700562	-3.347373904764937	2	2
CLPP	0.08092143176339454	7.219646635630784	3	3	0.13607496624266824	1.5076301771836318	3	3
CLPS	0.6014368415699478	-0.4465575638901065	3	3	0.7213035919898935	-5.1980261400005725	3	3
CLPX	0.9593577538668886	2.890014671416651	3	3	0.9695125213619703	-4.745335705480136	3	3
CMA1	0.6555295613905873	4.474348165939999	2	2	0.9438467162032397	-3.7634050115104896	2	2
CMAS	0.34647340469497234	9.718856331595992	5	5	0.9921754341086707	-8.74580494611534	5	5
CMPK1	0.3021045046516303	6.961347053359309	3	3	0.03667684942534378	2.1728056397610085	3	3
CNKSR1	0.10863205948861691	9.757869858882444	2	2	0.44776731577168893	-4.857246958147459	2	2
CNKSR3	0.32660688575712116	1.920804158398628	3	3	0.10029054351135314	-6.473970902310712	3	3
CNR1	0.8070228050924089	-0.29954872546016453	1	1	0.19013868742175954	2.056447581673798	1	1
CNR2	0.45784440187486986	7.053746789883211	4	4	0.7706984929184775	-7.836884536970256	4	4
COL2A1	0.35900018778802656	6.97135925253843	3	3	0.1464047974380131	1.4780542106561034	3	3
COMP	0.06822681372231698	10.207047429442342	2	2	0.08945344311614915	1.7367085879606008	2	2
COMTD1	0.6238937135938523	-0.033431621249460974	5	5	0.7240549561879817	-4.139704439001371	5	5
COX5A	0.5636948498576708	-1.1357795470164227	1	1	0.3625818713444412	-9.042259161875867	1	1
COX5B	0.8941574042003609	3.972559738001735	2	2	0.03526947705449791	-10.044766889940426	2	2
COX6A2	0.6569524174850114	1.6986495945793134	1	1	0.1050055227180791	3.764963249493865	1	1
COX7A1	0.60953072970102	2.4656855846166605	1	1	0.19775894903126978	1.9315334316154371	1	1
COX7B	0.1269824631239126	9.780683694235393	2	2	0.14765925602273347	-8.931150583257649	2	2
COX7C			0	0			0	0
COX8A	0.18099811181645364	-0.2989826977441397	3	3	0.3021041369273253	-7.02567762377971	3	3
CP	0.4667133145555178	4.738974402607253	2	2	0.8571503215639664	-4.044683792263578	2	2
CPA1	0.594068427704725	-0.906428267438919	1	1	0.39876014544001026	-8.814170635149997	1	1
CPB1	0.14818328760885555	-1.252499154696994	3	3	0.0665731107387651	-9.160241522408073	3	3
CPD	0.364206397848554	8.723146393726267	4	4	0.45120951327413994	-2.341650988109576	4	4
CPE	0.6014368415699478	-0.42897272417685645	3	3	0.7308634197198782	-2.4756143394967562	3	3
CPO	0.6741813777617263	3.056711994625971	3	3	0.49953947157866563	-1.9598522882742355	3	3
CPS1	0.2595946583172707	-1.0140428290397707	4	4	0.6719714497594738	-5.573520842162989	4	4
CPT2	0.9875116834798482	4.257647409949556	2	2	0.29072224450954265	-8.543848157839182	2	2
CRAT	0.19659139463980424	6.7913931943491885	2	2	0.3126959479142497	1.561681595340572	2	2
CRB2	0.7378704730340797	8.56510504186967	6	6	0.22314157508743693	-8.721003073350195	6	6
CRH	0.856033424024745	6.034517525348609	5	5	0.9843516206890774	-4.774370328063772	5	5
CROT	0.594068427704725	-0.8382567647973396	1	1	0.39876014544001026	-8.745999132508418	1	1
CRP	0.2327358911972569	-1.3659144701968156	4	4	0.556249082476969	-4.635469375409266	4	4
CRYBB1	0.028998179037647096	-2.3021083216715006	2	2	0.09551778053055855	-9.417034939818027	2	2
CRYZ	0.24632180384135116	-1.0483093412749263	3	3	0.3933415713062103	-1.7002588307601911	3	3
CS	0.7890552434260615	2.9348600283769493	3	3	0.5578518207127253	-1.9686998821647501	3	3
CSAD	0.3879258844856739	2.4069386097929115	4	4	0.06384591817058505	-9.28472623923813	4	4
CSF1R	0.594068427704725	-0.8490750964611316	1	1	0.39876014544001026	-8.75527694609643	1	1
CSF2RA	0.33932917971352095	1.6113041038453613	3	3	0.20721886248180732	-6.784178589715189	3	3
CSF2RB	0.5343251909788127	-0.25850600543191654	4	4	0.8301793382822623	-4.939222308296289	4	4
CSK	0.444630048389984	7.029708357814674	4	4	0.1887366056075508	1.4705367078054838	4	4
CSNK1A1	0.2765485113628292	9.663664606749137	1	1	0.12008003769557764	-10.229208134428841	1	1
CSNK1A1L	0.24719020489198174	10.83950107823999	5	5	0.6308484326624153	-5.398749497755165	5	5
CSNK1D	0.14333050606826628	-1.567061244270695	2	2	0.6897924225239447	0.3480471501127918	2	2
CSNK1E	0.9289394869608862	2.574832432214006	3	3	0.6649010815412519	-5.298729038243151	3	3
CSNK1G1	0.6103348841762416	2.3186932409522965	3	3	0.3329284331626574	-6.0840726768065005	3	3
CSNK1G2	0.42130648063782505	6.466263424986489	5	5	0.2940275525107616	-1.848880639535647	5	5
CSNK1G3	0.8589979437444121	-0.243956399496847	1	1	0.2219558247742326	1.8595284882153287	1	1
CSNK2A1	0.6103348841762416	2.2219579157222675	3	3	0.12318844806313865	-8.622998545475712	3	3
CSNK2A2	0.6441252395307413	2.7551083331256474	4	4	0.6800130520324017	-5.021047025116344	4	4
CSNK2B	0.4645333471482149	2.6480029372502805	4	4	0.478072597481917	-8.496933380950674	4	4
CTDNEP1	0.563653730280014	3.362152424538054	4	4	0.6560011285552952	-5.3852607530520435	4	4
CTDP1	0.2058441611632842	2.2160868364791626	5	5	0.23537661798403475	-9.302156666638401	5	5
CTDSP1	0.9189625203770105	3.860013251022238	2	2	0.4292665591125482	-4.847525360053523	2	2
CTDSP2	0.7404654225059137	2.892801873534779	3	3	0.40761766300650815	-1.6725187559577026	3	3
CTDSPL	0.12768444056124773	10.031264968274733	4	4	0.018864962167459847	2.315498220766493	4	4
CTH	0.016047269694828406	-2.098274732606109	3	3	0.04617441985481996	-9.338821476414884	3	3
CTLA4	0.8694553772218815	3.9537724185678327	2	2	0.495947177345315	0.6867281403669327	2	2
CTNS	0.08087901256852172	10.469703462907768	5	5	0.9921754341086707	-8.2411255085555	5	5
CTRB1	0.41121830911205404	-0.10800982018833949	2	2	0.8571503215639664	-3.4132159302743115	2	2
CTSF	0.8301794630978034	6.533413133811169	4	4	0.3249338715623281	-1.7054672121055008	4	4
CTSG	0.2353769609666918	10.907514250253165	5	5	0.7388089115876548	-8.057093232284414	5	5
CTSH	0.04770016409029917	10.792835472968285	2	2	1.0	-3.867085687948331	2	2
CTSK	0.06822681372231698	10.3502690682942	2	2	0.7721453575636094	-3.9638132473247327	2	2
CTSL	0.5014884974079488	9.353329947486726	8	8	0.7209422952615029	-8.754599639696345	8	8
CTSS	0.712998767949636	4.447459380092508	2	2	0.5891911117980482	0.55036064724447	2	2
CTSV	0.37250437288330096	1.6285211264504216	3	3	0.117112979797992	-6.528228722736572	3	3
CUBN	0.20560065206805456	-1.716950468575206	1	1	0.15525856183657885	-9.625536271002439	1	1
CUTA	0.33573662372063895	-1.2050857993115462	2	2	0.07825574293230475	-9.613730416072954	2	2
CXCL10	0.19549409638966375	1.5243645779594697	5	5	0.05458914254208216	-9.31647058838722	5	5
CXCR1	0.05438931667413565	-1.6145746338286973	3	3	0.20266706865767692	-6.454402285563404	3	3
CYB5A	0.41487040287641996	2.077646216040593	3	3	0.06470583761014799	-6.902868759454257	3	3
CYB5B	0.41487040287641996	-0.751494260307562	3	3	0.47557709879324583	-5.695947755420473	3	3
CYB5R1	0.3021045046516303	1.4970094095947548	3	3	0.8784938834783411	-2.6914107790715724	3	3
CYC1	0.8204548816399886	4.479638699493044	2	2	0.22510582505395071	-8.60831354332452	2	2
CYGB	0.34141498092283806	1.8663604907191704	4	4	0.6560011285552952	-2.795660254719767	4	4
CYP2C18			0	0			0	0
CYP2C8	0.29662741059730835	-1.5451259342174115	1	1	0.2219558247742326	-9.451917596760058	1	1
CYP2C9	0.7558862982994475	-0.4273501059666991	1	1	0.4912047926143188	-8.335092473677777	1	1
CYP2D6	0.2311470166236419	9.160944960663878	2	2	0.495947177345315	-4.5180175802966565	2	2
CYP3A5	0.7841482640651353	3.8271324249779597	2	2	0.5363969132522755	-7.160040995837345	2	2
CYP4A11	0.9065485677692433	0.12487056146957487	2	2	0.6442631413066847	-2.7716878997272762	2	2
CYSLTR1			0	0			0	0
CYSLTR2	0.6556723329678809	3.192320303800626	3	3	0.7695086763516427	-2.3426581716063257	3	3
CYTH2	0.8784939751805159	0.07893648435945029	3	3	0.4446325926260951	0.5662112491162282	3	3
CYTH3	0.13496528502272798	9.808709377425462	2	2	0.5159664342253295	0.3377278330805546	2	2
DAO	0.15732447457299148	-1.0587381677046535	3	3	0.5578518207127253	-2.07046071639711	3	3
DAPK1	0.5937367296846481	6.625529585963601	4	4	0.847370554516281	-5.647155437571331	4	4
DAPK2	0.929669154756535	5.636893739534025	5	5	0.8139269160325052	-5.729886564534884	5	5
DAPK3	0.712998767949636	4.3501601336472895	2	2	0.6442631413066847	-2.796190131385177	2	2
DAPP1	0.8784939751805159	0.39693944364876305	3	3	0.3933415713062103	-1.5729844368258246	3	3
DARS	0.566445020213536	2.433722906040318	3	3	0.031315332060088366	-9.691008253573914	3	3
DARS2	0.20560065206805456	-1.7067906023549835	1	1	0.15525856183657885	-9.614532970066064	1	1
DBF4	0.16885017295080174	-1.28732901107865	3	3	0.10295219932530106	-8.861140284848712	3	3
DBH	0.5711052561475319	2.674431696178809	4	4	0.7125368624965382	-4.844923123234619	4	4
DBI	0.3240469742743094	5.562939461498346	6	6	0.5892368454873032	-1.3444680427031044	6	6
DCD	0.578442911447663	-0.6785999076704199	2	2	0.7364734272354451	-3.9389870026457516	2	2
DCK	0.4001307052973355	1.9604151719551808	4	4	0.9780638473664575	-5.110473196566569	4	4
DCLK1	0.9313962573846465	0.012792538877376636	2	2	0.10190695886310808	-9.396325717140257	2	2
DCLK2	0.8993494967975161	4.18232004699025	4	4	0.6323395103738714	-3.0070244240625486	4	4
DCLK3	0.020413507267622474	-2.027299029334257	3	3	0.5751006184091128	-3.03204456342576	3	3
DCPS			0	0			0	0
DCTD	0.2284584116841577	-0.9917124034861823	4	4	0.8130690316228988	-5.489581449468889	4	4
DCXR	0.7364736239371686	4.858461427431534	2	2	0.4667129691084456	-7.824052959430338	2	2
DDAH1	0.6880914364547523	8.08358017368218	4	4	0.05090957769752147	-9.662081170185855	4	4
DDAH2	0.8484485726517723	5.315281433089692	3	3	0.6556720879670175	-1.9074407747323514	3	3
DDC	0.6441252395307413	3.9135637176905096	4	4	0.3142392647167145	-1.182318947644136	4	4
DDR1	0.20361381476870655	3.054598586884042	8	8	0.9479394636180313	-9.147947669021233	8	8
DDR2	0.55722694576323	4.710747542920813	2	2	0.4292665591125482	-7.9574678287152665	2	2
DDX39B			0	0			0	0
DECR1	0.9563109957965795	4.003843630731023	2	2	0.3052529349873281	-5.013648146336244	2	2
DGKA	0.5891914005059771	-0.3528294305402122	2	2	0.4763500784541521	-2.5879564989447097	2	2
DGKB	0.4443134987685129	5.965423741449001	5	5	0.9063199822895773	-9.026860921464298	5	5
DGKD	0.09355012236613904	10.682612362689946	5	5	0.22396864355020596	-1.6928064910535403	5	5
DGKE	0.6167700247691581	7.358472929734961	4	4	0.804546679542733	-4.624397500018284	4	4
DGKG	0.8784939751805159	2.5942059735268894	3	3	0.5664447250132025	-1.8636165246837901	3	3
DGKH	0.9964395879189994	6.405931138867477	6	6	0.6078336168650806	-4.697325799967823	6	6
DGKI	0.8906500801216473	5.089499149202532	4	4	0.934257814547517	-5.347818149513443	4	4
DGKK	0.267701973265006	-1.0431327273541264	3	3	0.8634463816627677	-2.7494152671767584	3	3
DGKQ	0.2636999820410486	6.202037286644045	8	8	0.39597620433226066	-8.567200041545929	8	8
DGKZ	0.8694553772218815	4.31533302894574	2	2	0.7013606662643886	0.38747763741134134	2	2
DGUOK	0.5891914005059771	-0.6049312609952251	2	2	0.43846084767358284	-4.581423765292697	2	2
DHCR7	0.19659139463980424	-1.3185484485775998	2	2	0.6668744210348194	-4.3409588698303	2	2
DHFRL1	0.5861473849571939	2.078779417595532	4	4	0.8906499990203016	-5.486186291123869	4	4
DHODH	0.28852701158748395	8.565213798116753	4	4	0.5057871517595327	0.6195455345672652	4	4
DHPS	0.48349412692405225	3.4072821056662197	3	3	0.21654406811982774	1.0663431053073886	3	3
DHRS11	0.29072261850810066	-1.2681011426622835	2	2	0.22510582505395071	-8.807931625485036	2	2
DHRS4	0.19013903760118822	-1.7788782177184075	1	1	0.14890600266507803	-9.686620585429486	1	1
DHRS4L1	0.027524309336149473	10.452748439235021	3	3	0.47557709879324583	-7.012016436127617	3	3
DHRS4L2	0.858441500533582	3.078457229243373	3	3	0.04025493035560241	1.8104211434960742	3	3
DLAT	0.22195619005714728	-1.6654201679351228	1	1	0.16857789180395866	-9.574036631426283	1	1
DLD	0.6251693912867041	-0.7503090655216358	1	1	0.43702965199913746	-8.659699286114199	1	1
DLG4	0.601605883758808	8.370808382363098	6	6	0.6651264469201421	-8.365317863758476	6	6
DMPK	0.7404654225059137	2.278812113300381	3	3	0.918820829358273	-2.6462108446673684	3	3
DNASE1	0.702315530603703	3.3999503001630393	3	3	0.37250400923988813	-1.5647777542062544	3	3
DNPEP	0.267701973265006	6.691067834174642	3	3	0.02752419143977546	1.9612545587453365	3	3
DNTT	0.8732917088682917	2.9863996798572265	4	4	0.1222748934170642	-8.881065589308497	4	4
DOK1	0.6401867701331634	3.395851862067357	4	4	0.17089975055714413	-1.241623855522554	4	4
DOLPP1	0.2284584116841577	-1.4868286091606464	4	4	0.49182511296439413	-2.190392663109328	4	4
DPEP1	0.014843493272082137	11.554097950317361	4	4	0.3642060398420479	-0.21144221527338805	4	4
DPH5	0.9065485677692433	-0.13540049284871714	2	2	0.16124642019837887	1.4074401110933428	2	2
DPP4	0.979672280861877	3.034139674873248	3	3	0.8384798221792227	-2.2589033437220944	3	3
DPP6	0.881963807732946	7.062209594572707	4	4	0.8603121683602122	-4.810832042124685	4	4
DRD1	0.4381053313670389	9.449600825483577	4	4	0.04835465752013351	-9.501748991752399	4	4
DRD2	0.04770016409029917	10.8680858110021	2	2	0.6897924225239447	-3.8310307856859205	2	2
DRD3			0	0			0	0
DRD4	0.8384799433425073	3.0874867743779113	3	3	0.4148700479863273	-5.862203570992567	3	3
DRD5	0.21184473271501414	-1.04007039888908	3	3	0.5493228315258634	-5.578564196849396	3	3
DSTN	0.5199553607032315	-0.6663512300985802	4	4	0.014843418655176655	2.3657107364423493	4	4
DSTYK	0.9898353156208693	2.963058631919921	3	3	0.33932881235762724	0.7879799214984676	3	3
DTYMK	0.9593577538668886	2.658894827927016	3	3	0.16884984890180366	-8.539225934531744	3	3
DUSP10	0.594068427704725	-0.8195202022157524	1	1	0.4176362684243977	-8.725690150108079	1	1
DUSP11	0.4381053313670389	2.1068704243000567	4	4	0.8387653284163183	-2.3319211077210467	4	4
DUSP12	0.6730845201947089	1.117443136179924	1	1	0.39876014544001026	-8.790299231531156	1	1
DUSP13	0.08520174770477514	-1.4528401073664277	4	4	0.2079100639943987	-6.508829941493482	4	4
DUSP14	0.16976774563828312	11.11185069252194	5	5	0.06381294729200979	-1.0840267912834158	5	5
DUSP15	0.5787880330329811	7.703971908277552	1	1	0.8589978334844708	0.3243297043319528	1	1
DUSP16	0.3584212357687704	2.579785481275547	4	4	0.7290014977427113	-4.893536010749451	4	4
DUSP18	0.19659139463980424	6.129655859729953	2	2	0.6442631413066847	-3.056244503055103	2	2
DUSP19	0.2595946583172707	-1.225393684382426	4	4	0.10474235589851337	-9.560055990713137	4	4
DUSP2	0.8589979437444121	0.2154752191404512	1	1	0.12008003769557764	2.9924814718509976	1	1
DUSP21	0.5711052561475319	2.109620789258894	4	4	0.3879255303064266	-5.891886883158013	4	4
DUSP22	0.364338767952766	10.398747517325374	5	5	0.4298504003647192	-8.695498907877615	5	5
DUSP23	0.8083057017325583	1.7341689827579656	2	2	0.5059046950454609	-4.819304792033268	2	2
DUSP27	0.8589979437444121	-0.24043905917460684	1	1	0.2219558247742326	1.8658390434292493	1	1
DUSP3	0.13735064991584692	-1.912898237217717	5	5	0.68042339166328	-2.8788600285991373	5	5
DUSP6	0.4522595525671629	5.720325669811035	3	3	0.9593577229803231	-2.354290957663458	3	3
DUSP7	0.05336722744117409	-1.913626585385975	5	5	0.11777409454944562	-8.973114271510719	5	5
DUSP8	0.8473706670327049	4.872004166893194	4	4	0.8387653284163183	-2.370649472072019	4	4
DUT	0.7898735415941447	0.37537171474313524	1	1	0.10985388202906804	3.4633964979098573	1	1
DYRK1A	0.7117873195444471	2.3700862367744207	3	3	0.9695125213619703	-2.3695195399214923	3	3
DYRK1B	0.11704667833486382	9.423752884218965	4	4	0.2642714927994082	-1.3945219662749715	4	4
DYRK2	0.1610981990530851	6.801317864803884	3	3	0.09263354771803925	1.8533638853387273	3	3
DYRK3	0.5496970627594353	10.037152460857243	5	5	0.4620291237401314	-1.9709322511096146	5	5
DYRK4	0.6668746637301395	4.45121374492772	2	2	0.9563109619606546	0.06064389746401458	2	2
EARS2	0.621976598269959	0.739327456074538	2	2	0.04266356348684066	2.4306373241185435	2	2
ECE1	0.10566999399141129	9.089090745479913	3	3	0.7988791673502019	-1.8150801757006656	3	3
EDA	0.26981228382685407	5.512274860013759	2	2	0.7721453575636094	-3.392607022063234	2	2
EEA1	0.26224100940835826	1.3197649303677892	3	3	0.117112979797992	-6.4077896068494296	3	3
EEF2	0.8830516408455773	2.7874704043010348	5	5	0.8985538924142437	-5.215172757675306	5	5
EEF2K	0.507667404580187	6.214994425689082	3	3	0.2677016093243556	1.0194872348032877	3	3
EFNB2	0.13614502915596355	-0.5701765706474511	4	4	0.11199509440958978	-8.144585605025197	4	4
EFTUD1	0.20560065206805456	-1.7337261813260323	1	1	0.15525856183657885	-9.641468549037112	1	1
EGFR	0.06110106057987569	9.759610634674344	3	3	0.4677320318260033	-1.8115974703973503	3	3
EGLN1	0.10029080195567708	9.026702651458514	3	3	0.02111502765031818	3.4455228800186632	3	3
EGLN2	0.1839070683274192	8.701131279302798	5	5	0.31244737616824847	-4.075439243110885	5	5
EGLN3	0.4986163417161522	6.863646417482751	5	5	0.4501749977834165	-1.706487865213236	5	5
EHHADH	0.011965338005349612	-1.8624997422747895	4	4	0.0049521886788056095	-9.965229610226254	4	4
EIF2AK1	0.0994469861872933	-1.4584606934478188	5	5	0.4862519097371486	-9.470730036356679	5	5
EIF2AK2	0.8941574042003609	4.142709833799193	2	2	0.9687859001016808	0.0797910735523363	2	2
EIF2AK3	0.2549751020906641	9.686047110565276	4	4	0.5271149799847772	0.8261970437480585	4	4
EIF2AK4	0.07938491935410127	10.295862823397398	4	4	0.9868372470215122	-4.839318064492663	4	4
ELANE	0.3470254333567879	5.862347753712075	4	4	0.6719714497594738	-5.5582838244258115	4	4
ELOVL4	0.6103348841762416	3.4128373100114797	3	3	0.6649010815412519	-4.866937412673889	3	3
ELSPBP1	0.8130691685591867	2.3662954481701353	4	4	0.7455920838764607	-5.083196494470179	4	4
EN2	0.7043541650311715	2.1862159164926207	4	4	0.9167835608496743	-2.7907574910555457	4	4
ENO3	0.9662998821733421	10.765897923853473	8	8	0.8869917635336062	-8.514011412373984	8	8
ENOPH1	0.6103348841762416	1.8179364047584752	3	3	0.9796722654035478	-2.0866583318418166	3	3
ENPEP	0.03956211195794007	-2.187851990164102	2	2	0.25645885384477063	-5.258498223802339	2	2
ENPP1	0.578442911447663	1.7032445897625412	2	2	0.02469615190956851	4.346110495413201	2	2
ENPP2	0.07126880396446383	1.1012082268427807	4	4	0.25497474746090887	-6.108860225725526	4	4
ENPP3	0.6781443531081666	7.134692675013429	6	6	0.021053367122959524	-0.9122130385879093	6	6
EPHA1	0.036676992378384767	10.296380579308318	3	3	0.3793725999378029	-5.380463716185066	3	3
EPHA10	0.2046067324440931	11.039737947229439	7	7	0.553126265856685	-5.790268128309329	7	7
EPHA2	0.16082178890941945	-1.4294779984006933	4	4	0.45120951327413994	-6.660637918313756	4	4
EPHA3	0.8484485726517723	2.194174887894175	3	3	0.8885502726804506	-2.561091735859831	3	3
EPHA4	0.4501753296141966	2.424535712558989	5	5	0.7987410935624316	-6.691518984146651	5	5
EPHA5	0.7791226096073944	2.1752378490124724	4	4	0.5861471054037536	-1.6362410106577243	4	4
EPHA6	0.14997854469953847	1.3006620592779357	3	3	0.164939580559595	-6.520535079361065	3	3
EPHA7	0.3584212357687704	-0.8181896951752314	4	4	0.33586256729903585	-9.176894154930459	4	4
EPHA8	0.7611199215935818	5.5851398344787455	5	5	0.49241315950083775	-5.028701848575081	5	5
EPHB1	0.6284314033486829	6.604843695095405	4	4	0.16082147650573142	-0.6283343131880365	4	4
EPHB2	0.444630048389984	9.570201059973714	4	4	0.06228620598578593	-9.137430797016252	4	4
EPHB3	0.351688870151323	8.568705705492821	2	2	0.43846084767358284	-4.872950632133306	2	2
EPHB4	0.7308636164833079	2.46559942241665	3	3	0.7890550867689189	-2.368140569066211	3	3
EPHB6	0.05099153296567214	1.5859107551199507	5	5	0.4862519097371486	-6.342721727453923	5	5
EPHX2	0.40631871961989585	2.2249428958979656	4	4	0.951763803111252	-2.828026852751625	4	4
EPM2A	0.7875725849725521	5.622647810543245	4	4	0.478072597481917	-6.026872296864833	4	4
EPN1	0.9218783842088014	6.409315350858815	5	5	0.4862519097371486	-4.905741355468481	5	5
EPOR	0.2591077689307857	12.020266228711684	7	7	0.9802848822904096	-9.109189218792858	7	7
EPRS	0.60953072970102	2.452974532867107	1	1	0.7728252788039099	-5.454767834843971	1	1
EPS8L1	0.9608922440417247	5.6919046792121835	5	5	0.8063248769379043	-8.007183172501497	5	5
EPX	0.4112870965900274	9.288691869189705	1	1	0.9468852104906208	0.16955974614752628	1	1
ERBB2	0.3470254333567879	6.702429699371218	4	4	0.7372814881495813	-2.0170471013642657	4	4
ERBB3	0.678296459562844	3.5348335633431596	2	2	0.44776731577168893	0.8293133054756143	2	2
ERBB4	0.03153834470511555	-1.9743370313352913	4	4	0.5415842375446026	-5.757180433117127	4	4
ERN1	0.17090006988278983	6.749849280932583	4	4	0.464533013813055	-5.722541772098139	4	4
ERN2	0.6928897484266539	2.4222304340160665	3	3	0.49953947157866563	-5.700345142927852	3	3
ERO1LB	0.1047426150328227	9.504948946163356	4	4	0.8130690316228988	-6.078472614298782	4	4
ESD	0.548892788182638	1.658456913215846	4	4	0.0465097473313684	-9.555696556679033	4	4
ESRRG	0.653229362234071	11.353501633382919	12	12	0.0900995456607435	-9.604767989020234	12	12
ETFDH	0.680013277619639	6.010733204657316	4	4	0.24590789637292643	-1.7750543497452504	4	4
ETNK1	0.15119916728147031	8.505922326763294	4	4	0.37595030415713737	-9.30723093266797	4	4
ETNK2	0.55722694576323	4.921433932077464	2	2	0.9563109619606546	-3.907621337559241	2	2
EXTL2	0.729001692040874	2.7783551486104963	4	4	0.3089797686191612	-6.24181543680731	4	4
F10	0.5109226229057615	-0.7098793252890507	2	2	0.2943101657428868	-8.618523941423504	2	2
F11	0.4370300143063871	9.029216583857716	1	1	0.15525856183657885	-9.608146527406403	1	1
F13A1	0.8473706670327049	1.9505392560942643	4	4	0.6167697618314851	-5.7485863592708135	4	4
F2	0.02786628495973135	13.266948307832571	2	2	0.6782962241406417	-1.8049722430056372	2	2
F2R	0.5578521202528135	3.3095644403924687	3	3	0.19818855542138125	1.218094526845983	3	3
F3	0.11620366937080501	10.969709651138615	8	8	0.6421149939119364	-9.090615239269043	8	8
F5	0.47127631713186635	6.8304480081861465	4	4	0.7960474916434587	-3.860214513308248	4	4
F7	0.33932917971352095	6.327955347495499	3	3	0.9796722654035478	-2.5465264397245435	3	3
F9	0.030169425954355174	-2.2408859300984876	2	2	0.1433301958411522	-9.148265355653258	2	2
FAAH	0.1047426150328227	-1.7675635979653965	4	4	0.12768415624867355	-9.471104156312313	4	4
FABP6	0.4522595525671629	3.3793236250267076	3	3	0.2622406464755095	0.9617516563006624	3	3
FADS1	0.290324216894684	6.764744385213972	3	3	0.8684570613742264	-2.4969123353713827	3	3
FADS2	0.07793923824008807	10.871038793080354	7	7	0.3269712294659278	-1.9194788106700713	7	7
FAH	0.14666717940176804	9.98400917987555	5	5	0.7836310235234913	-3.5939761587236583	5	5
FARS2	0.8694553772218815	4.038744564964493	2	2	0.1433301958411522	-9.156924977222781	2	2
FARSA	0.5261313159168926	-0.7131020467024234	2	2	0.5159664342253295	-2.631454538593866	2	2
FARSB			0	0			0	0
FASTK	0.2133646532318163	5.691525349783974	2	2	0.44776731577168893	-7.8696198530297625	2	2
FBP1	0.2552927558514496	8.925821973840229	5	5	0.06523012582666485	-1.2972911940432559	5	5
FBP2	0.600031123579649	5.465268235268534	2	2	0.10190695886310808	1.7449979087980263	2	2
FCER1A	0.1367989499359333	11.39930405925301	1	1	0.19013868742175954	2.043870974944337	1	1
FCER1G	0.7623016696162777	3.0885314660778658	4	4	0.8732916150974992	-5.279027307503639	4	4
FCGR1B	0.8684571605169031	2.9838836894334633	3	3	0.5324601645560858	-1.8539734668970158	3	3
FCGR3A	0.11570324313618607	9.898553830125916	2	2	0.5467626592989514	-6.919816909209338	2	2
FCGR3B	0.6555295613905873	-0.4345492782728737	2	2	0.08094220724694863	2.035797553770193	2	2
FCRL2	0.3828359187783429	1.9345842401992137	3	3	0.6649010815412519	-2.9613670545828517	3	3
FDX1	0.008051642117650535	11.66896334827176	3	3	0.4522592086601719	-1.449711792897949	3	3
FDXR	0.05518455712650821	-2.051072298549367	2	2	0.4023651710818228	-4.68754981490699	2	2
FECH	0.633078365018908	4.828978689094958	2	2	0.5677871991644297	0.6079842614276734	2	2
FER	0.08430136102363334	-1.511851045281506	3	3	0.8186216516094972	-2.28469247657838	3	3
FES	0.9452701898618593	5.472835132827666	5	5	0.5302431017155851	-4.945322876398682	5	5
FFAR1	0.23706988210407653	9.64435006886434	4	4	0.9605260663033696	-4.827779446078917	4	4
FGA	0.8448801044091533	4.1433671042336355	2	2	0.8448799856795206	-4.098733199935838	2	2
FGB	1.0	2.8062147493134653	3	3	0.9898353078898228	-2.4648558281455197	3	3
FGF4	0.9695125445400574	2.5727141524348585	3	3	0.5241282001338035	0.22517574451315614	3	3
FGFR1	0.08092143176339454	9.172934384111134	3	3	0.09263354771803925	1.3815562200932117	3	3
FGFR2	0.7167160461777571	6.140712112554532	5	5	0.4801325871961518	-2.203413894409688	5	5
FGFR3	0.1575641332562786	-1.3081876208776386	4	4	0.753932389089514	-2.385186396343697	4	4
FGFR4	0.431636021447689	6.414453843429082	4	4	0.5415842375446026	-1.1850290725578427	4	4
FGG	0.351688870151323	-1.0326396005370464	2	2	0.9812684812748693	-3.5673326291667067	2	2
FGGY	0.04596850894827539	10.865122183431057	2	2	0.5159664342253295	-7.432126352657527	2	2
FGR	0.3879258844856739	1.6516996947016025	4	4	0.6323395103738714	-5.692394250310698	4	4
FLT1	0.8130691685591867	4.04619938996743	4	4	0.5786030647682013	-6.040259133918712	4	4
FLT3	0.8368357719134996	5.509294716300247	5	5	0.5628584445899367	-1.577749956839434	5	5
FLT3LG	0.13327802635431166	10.18770446922641	4	4	0.259594302710631	-1.4259460448639592	4	4
FLT4	0.23609276999775075	-1.0280393373523022	3	3	0.6695345692157384	-2.0832124112710426	3	3
FN3K	0.12768444056124773	10.09271925571538	4	4	0.2000777363322197	-1.3115050129217645	4	4
FN3KRP	0.8993494967975161	3.009312001564482	4	4	0.787572430225917	-4.010274014860171	4	4
FNTA	0.5467629701596006	4.696115796634406	2	2	0.6219763281952585	-2.983406205305852	2	2
FNTB	0.07116091820134406	10.27750087602659	5	5	0.776106088091248	-5.789851327620663	5	5
FOLH1	0.55722694576323	4.530242619903155	2	2	0.9189624577693689	-3.8709251916129332	2	2
FOLR2	0.9822834433441385	0.018141495404425	1	1	0.2056002938431165	-9.475499276428058	1	1
FOLR3	0.6448566581875206	3.8181196008069747	5	5	0.09354988216211431	-0.7402399428931696	5	5
FPGS	0.45995954822348795	6.486800475464037	3	3	0.5241282001338035	-5.479287325571878	3	3
FPR1	0.48349412692405225	2.0766869221997464	3	3	0.04687543883614636	-9.32566070459942	3	3
FRK	0.5828817998467943	2.094965059406609	5	5	0.3566126413202445	-0.8455439812370334	5	5
FSHR	0.11570324313618607	10.056559515831726	2	2	0.8817919266718723	-3.6008351199957236	2	2
FST	0.5562493771843942	1.873450965035267	4	4	0.8819637202811261	-5.300688750178431	4	4
FTCD	0.46202945171144827	7.9236928254028	5	5	0.8830515558026772	-7.436345539127644	5	5
FTH1	0.4443134987685129	1.3391511504387281	5	5	0.05458914254208216	-9.569475199459445	5	5
FTL	0.680013277619639	2.8014787094638502	4	4	0.9868372470215122	-5.952159386163281	4	4
FUK	0.7308636164833079	3.7017008141696444	3	3	0.051271039810953926	2.065204876911642	3	3
FXYD2	0.010553094807446838	11.736215773479026	4	4	0.28852665172456415	-0.6819448712741999	4	4
FYN	0.26981228382685407	5.23343882728771	2	2	0.14765925602273347	1.473846321833693	2	2
G6PC	0.18273727218001157	-1.881051704538125	1	1	0.14890600266507803	-9.789546848181175	1	1
G6PC2	0.364206397848554	6.190502623134923	4	4	0.6639672119072874	-5.241836641201089	4	4
G6PC3	0.37650126080187063	5.362486612224559	2	2	0.04596834043718927	2.471174359964074	2	2
GAA	0.9087154244859418	2.7851088890735443	3	3	0.04830401686136757	1.810764995611243	3	3
GABBR1	0.4801329087967342	2.045304520578864	5	5	0.4017602254327367	-9.691716219094682	5	5
GABBR2	0.3081123080670729	-0.8782849741553006	3	3	0.9289394330539544	-4.944220195115327	3	3
GABRA1	0.7792645967221339	3.3214806317620735	3	3	0.8087351892566463	-5.015611683074922	3	3
GABRA2	0.1552588882477168	-1.9967605871598266	1	1	0.1367986397816899	-9.904502954870905	1	1
GABRA3	0.06288219580311843	-1.5648198894008765	3	3	0.22131832540422136	-6.105986778576972	3	3
GABRA4	0.34580794448687646	-0.7423102205631048	3	3	0.22616755325410365	0.9999107595597291	3	3
GABRA5	0.049486326279266066	10.684736268146397	2	2	0.8817919266718723	-3.6465294686039638	2	2
GABRA6			0	0			0	0
GABRB1	0.6323397644748567	2.908990520078214	4	4	0.18506361559206097	-8.693961518259522	4	4
GABRB2	0.8694553772218815	-0.2006040820856092	2	2	0.9937556505148506	-3.865633036211567	2	2
GABRB3	0.9140951026257389	8.871062626436101	5	5	0.6661055544624478	-4.994710062156872	5	5
GABRD	0.7117873195444471	2.6348064372344084	3	3	0.6741811441972977	-2.757591587749136	3	3
GABRE	0.33573662372063895	6.657487051645519	2	2	0.6897924225239447	-1.4915519717144012	2	2
GABRG1	0.29662741059730835	-1.5489225023054907	1	1	0.2219558247742326	-9.45666487001657	1	1
GABRG2	0.035269619048678216	-2.208503865744639	2	2	0.34365326257304085	-4.726800766357899	2	2
GABRG3	0.6090487229173832	-0.21887168205351357	4	4	0.33036897027656753	0.7673162988793787	4	4
GABRP	0.3598420917486095	-0.9541728513821974	2	2	0.9937556505148506	-3.692732726744258	2	2
GABRQ	0.507667404580187	3.467943179025147	3	3	0.03233031307660295	1.9836008672537504	3	3
GABRR1	0.40761801968816536	2.0241942597992924	3	3	0.06848453900655063	-8.972643976931426	3	3
GABRR2	0.37216903160092796	2.7291823863549762	5	5	0.6100841062616841	-1.823840884483414	5	5
GABRR3	0.60953072970102	2.665278136579971	1	1	0.08728778618596213	4.610065278273089	1	1
GAD1	0.5751009091417094	3.177583994936516	3	3	0.3657130123232961	-5.836815686191001	3	3
GAD2	0.2133646532318163	-1.264052615765408	2	2	0.123131040297041	-9.171794983476486	2	2
GADL1	0.4269917538325704	2.3193909478728365	5	5	0.03761360031236881	-9.554193141705552	5	5
GAK	0.5199553607032315	1.8077280234909452	4	4	0.3089797686191612	-9.108204600640802	4	4
GALE	0.31955765985145335	-1.018648406388765	4	4	0.2414602485702918	-1.8725849968901465	4	4
GALK1	0.0558346665056158	10.37013772057698	5	5	0.5302431017155851	-1.7375561128960866	5	5
GALK2	0.6564562015244156	10.014941346976881	7	7	0.060368437149420605	-9.600876396809548	7	7
GALM	0.7601970723197148	5.040771807703831	2	2	0.3681126361127579	0.965976655545574	2	2
GALNT1	0.35099455986084405	-1.4355764720384787	1	1	0.8242652033975477	-1.0859309970569049	1	1
GAPDH	0.7721455293249869	5.143933326533491	2	2	0.8694552769254131	-2.5892466748795226	2	2
GAPDHS	0.1612467450118772	-1.450150716149123	2	2	0.37229175028209316	-4.847956932109345	2	2
GARS	0.18273727218001157	10.451381329947349	1	1	0.7057973778779161	-7.440779496564868	1	1
GART	0.671971680300187	3.409061986334956	4	4	0.12768415624867355	-1.4182838053114573	4	4
GATM	0.5761706085928466	6.508834739867737	5	5	0.5048601933561179	-6.886006258365853	5	5
GBA	0.3546300076275273	4.845248384933284	8	8	0.10019933444865083	-9.588957316986205	8	8
GCA	0.3936280398920883	-0.271054548275417	2	2	0.9687859001016808	-3.3607867408061853	2	2
GCAT	0.3142396258958394	-0.8127164417959998	4	4	0.7960474916434587	-2.84201127424944	4	4
GCDH	0.47635042030323693	4.578122982051632	2	2	0.9937556505148506	-0.10658099888627753	2	2
GCGR	0.49182543618102414	-0.8970794931427246	4	4	0.29863631539450697	-1.2643113511112654	4	4
GCH1	0.32493423266735766	6.856280887853619	4	4	0.23706953209989134	-1.2084172219732983	4	4
GCK	0.20396688055130785	-1.2369104624715206	4	4	0.4987801650015333	-6.155188684603048	4	4
GCSH	0.6373723742473569	3.0754699756048125	3	3	0.4522592086601719	-5.485096695584272	3	3
GDI1	0.06141954078387197	10.554117797584023	2	2	0.1121234159867164	2.488602909750508	2	2
GFER	0.6897926505099344	-0.40163411997878473	2	2	0.3681126361127579	-8.309376487689864	2	2
GGCX	0.7308636164833079	3.1788033428738474	3	3	0.6103346125679381	0.2788021922269782	3	3
GGPS1	0.16748937991584933	1.9686129625888107	4	4	0.48492244575925647	-8.697591805119952	4	4
GHRHR	0.5476276427598256	5.881829287375374	7	7	0.6925565562211506	-5.4946524131933865	7	7
GIT1	0.9452701898618593	5.8357433423221465	5	5	0.13605786791212607	-9.008254385962685	5	5
GIT2	0.47807292595619444	3.7189677967104777	4	4	0.09135822710907333	2.0549376942391224	4	4
GK	0.1575641332562786	10.226487013997518	4	4	0.3939993373582771	-1.9956149288315512	4	4
GK2	0.08092143176339454	-1.4109128846870977	3	3	0.592597532142719	0.4116426053435336	3	3
GK5	0.35099455986084405	-1.426318504177381	1	1	0.25741633364271166	-9.334060871888461	1	1
GKAP1	0.9898353156208693	2.7124014350009795	3	3	0.8087351892566463	-1.987464821294228	3	3
GLA	0.18099811181645364	6.942704749055224	3	3	0.8584413939982327	-2.4026559429642065	3	3
GLDC	0.33932917971352095	4.097456877005471	3	3	0.7213035919898935	-3.5163464600175303	3	3
GLIPR2	0.9140951026257389	8.884764420942078	5	5	0.7240549561879817	-2.4321794346455987	5	5
GLP1R	0.029472572178126405	-2.079278970620312	5	5	0.4620291237401314	-6.063463513247625	5	5
GLP2R	0.05936191759460061	-1.5640674840204454	3	3	0.7597892695257981	-2.3428269361739766	3	3
GLRA1	0.702315530603703	5.074514941260799	3	3	0.7501076487404902	0.23433004994954879	3	3
GLRA2	0.3031448211819743	2.120774521596806	5	5	0.8521866661484108	-5.747230248296479	5	5
GLRA3	0.13905941213940223	-1.4433416603834825	4	4	0.9430073676617658	-4.770853266555423	4	4
GLRB	0.7890552434260615	3.2682641332092657	3	3	0.7890550867689189	-2.324988841647284	3	3
GLRX	0.4292669168612616	5.672702042910695	2	2	0.5467626592989514	-2.5039438877814995	2	2
GLRX2	0.7988793170447239	3.0491002976486272	3	3	0.21184438516625115	-6.117349467406075	3	3
GLS	0.2165444176092176	8.450637749473536	3	3	0.16884984890180366	-6.438738825119717	3	3
GLS2	0.9390695854796868	5.11006381144993	3	3	0.8285370389989223	-2.371452551106246	3	3
GLT6D1	0.678296459562844	-0.38184589667544167	2	2	0.7364734272354451	-4.001818640969255	2	2
GLTP	0.5057874693232971	2.4304930582271234	4	4	0.37595030415713737	-9.042180361150606	4	4
GLUD1	0.9289394869608862	0.06065463630097886	3	3	0.02111502765031818	2.386538681398586	3	3
GLUD2	0.8484485726517723	3.282311718532542	3	3	0.6928895267266535	-5.35811293242957	3	3
GLUL	0.8387654471035386	2.91141202158883	4	4	0.27379935027459656	-1.6995651635325597	4	4
GLYAT	0.8186217871680629	2.7242724644576684	3	3	0.27603835752950334	-5.992634501641895	3	3
GLYATL1	0.8239981537550729	5.935186850379225	7	7	0.5421556243058436	-8.961574872964293	7	7
GLYATL2	0.31955765985145335	2.153035063534078	4	4	0.34141462059648653	-8.606634681259727	4	4
GM2A	0.36811300742121333	-1.0527227352659514	2	2	0.8326471691972948	-3.5499767566664095	2	2
GMDS	0.48349412692405225	-0.6423627195466288	3	3	0.9390695392249732	-2.6312505200907474	3	3
GMPR	0.532460476336369	-0.4050261886628945	3	3	0.07346084340728788	-9.087160770068847	3	3
GNAT1	0.2589107466180053	10.720628993425976	6	6	0.3510122996617807	-8.280392608851441	6	6
GNB1	0.42130648063782505	2.319358989463843	5	5	0.3827694472626053	-2.1400025156671827	5	5
GNE	0.2327358911972569	1.1496510367616517	4	4	0.951763803111252	-2.610313230712906	4	4
GNG2	0.888550356897823	2.907987631993006	3	3	0.33932881235762724	-1.4288313295896031	3	3
GNGT1	0.4112870965900274	9.398705099007156	1	1	0.563694541703016	0.7772669164527184	1	1
GNLY	0.45995954822348795	2.2986522274964916	3	3	0.08316216782572984	-9.019143358764873	3	3
GNMT	1.0	3.1216623456865076	3	3	0.6649010815412519	-5.281018829939096	3	3
GNPDA1	0.4959475113726446	4.50202223505913	2	2	0.44776731577168893	-2.376806406730765	2	2
GNRHR	0.9812684957937546	0.06461631154681591	2	2	0.9065484956534406	-3.581345078135756	2	2
GOT1	0.7308636164833079	2.123445344435814	3	3	0.5408586559145936	-2.1130405516161557	3	3
GOT2	0.3142396258958394	6.18001590944754	4	4	0.6880912158982115	-5.136017859757014	4	4
GP1BA	0.09147384018172652	12.288236508592545	1	1	0.4912047926143188	-8.429876659302263	1	1
GP9	0.3807388913279356	-0.8490471612030568	2	2	0.8571503215639664	-3.0407316108744706	2	2
GPD1	0.13607526409677123	6.977885223841734	3	3	0.5664447250132025	-2.010594754473946	3	3
GPR18	0.8285371673906146	2.9256669127790644	3	3	0.352364624637416	-7.696252977700105	3	3
GPRC5A	0.05557680314521191	10.952403828249638	6	6	0.5118479802289999	-9.761164907217893	6	6
GPT2	0.7792645967221339	3.251124758110763	3	3	0.6835110441368082	-1.9942553258612408	3	3
GPX1	0.563653730280014	-0.6158875476837989	4	4	0.5937364541503742	-5.774994138456873	4	4
GPX2	0.19775930335061287	10.275053639186005	1	1	1.0	-0.027210599501204302	1	1
GPX3	0.3142396258958394	7.340979187682158	4	4	0.571104968830898	-4.152098255061359	4	4
GPX5	0.7898735415941447	0.32152367923943004	1	1	0.16857789180395866	-9.587084911878572	1	1
GPX6	0.7117873195444471	2.5862500587857635	3	3	0.06848453900655063	-9.05724063387049	3	3
GPX7	0.6401867701331634	2.0093994063288494	4	4	0.8732916150974992	-2.8343654642225986	4	4
GPX8	0.05518455712650821	-2.380232637705787	2	2	0.03956195887452239	-10.287344146369144	2	2
GRIA1	0.7597894466117869	3.0427656640906187	3	3	0.8285370389989223	-5.091079163388234	3	3
GRIA2	0.29072261850810066	-1.16058708079367	2	2	0.3850060641190074	-8.067828338710061	2	2
GRIA3	0.3744065934386335	9.486414161796274	1	1	0.5787877329810506	-8.033933461705091	1	1
GRID1	0.5057874693232971	5.42047866938337	4	4	0.26900646398681083	-1.6267230966879367	4	4
GRID2	0.9065485677692433	3.791640736455035	2	2	0.05518436843375487	2.2838537795527154	2	2
GRIK2	0.12313133085429825	10.024530452808927	2	2	0.9065484956534406	-3.9401125283120084	2	2
GRIK3	0.8139270498237983	3.328975915964412	5	5	0.5048601933561179	-4.5269043224144605	5	5
GRIK4	0.33573662372063895	8.747117015722832	2	2	0.6219763281952585	-4.394999047192442	2	2
GRIK5	0.2766646268062771	5.308056654523365	2	2	0.04769999161703247	2.337255765138605	2	2
GRIN1	0.6928897484266539	2.1915875727873178	3	3	0.6103346125679381	-5.5002184394586635	3	3
GRIN2C	0.320363485833693	6.362482557622464	3	3	0.6556720879670175	-5.278840398215729	3	3
GRIN2D	0.08945369148655324	-1.6528516675964378	2	2	0.05720131293762264	-9.560128799870272	2	2
GRIN3A	0.8087353319172415	2.439138510406499	3	3	0.026640722343444598	2.024559165399545	3	3
GRIN3B	0.14503201259441786	1.124702473518495	4	4	0.8130690316228988	-2.4356822556839286	4	4
GRK1	0.855994122768659	5.93508834656798	4	4	0.11704640503707607	-8.9870158516219	4	4
GRK4	0.47405581484282133	5.709833182267258	5	5	0.8063248769379043	-5.630081053799246	5	5
GRK5	0.6378365043999737	10.048131790928812	5	5	0.6732496705281437	-4.811038549963094	5	5
GRK6	0.9687092827568172	2.776474401039454	5	5	0.3827694472626053	-8.713892348519439	5	5
GRK7	0.4446329390008258	2.719559111963927	3	3	0.11127529544480924	1.4174457635079118	3	3
GRM2	0.7539325668074291	3.507964970074648	4	4	0.21190858551939118	-1.3150316827967923	4	4
GRM4	0.14698683135558346	1.4918231298110527	6	6	0.43485646403146716	-9.672118366373944	6	6
GRM7	0.3951932465415555	6.232507949211974	10	10	0.740480499861955	-8.380486342843609	10	10
GRM8	0.4914818051850972	2.1850980153469624	3	3	0.6835110441368082	-2.8938439621877805	3	3
GSG2	0.31244773059562414	2.270405026337588	5	5	0.7388089115876548	-5.296140056010397	5	5
GSK3A	0.20721920800864702	6.827805235620286	3	3	0.16884984890180366	-0.6478906527994694	3	3
GSK3B	0.6876263645428546	0.6795925766185258	5	5	0.3365189678975542	-9.463782747380575	5	5
GSR	0.19818889666956385	6.878196762152474	3	3	0.352364624637416	-7.735118335218767	3	3
GSS	0.4252224239990542	8.664279655776356	4	4	0.804546679542733	-2.2518765763489457	4	4
GSTA2	0.8863051521683283	2.772281464525687	4	4	0.787572430225917	-4.981551799927728	4	4
GSTA3	0.2732405946647174	-0.9815035011309098	3	3	0.117112979797992	1.4647024098525232	3	3
GSTA4	0.8986247085898648	3.159975533802951	3	3	0.7501076487404902	-4.812060441797106	3	3
GSTA5	0.7167160461777571	2.97460295034935	5	5	0.20938079132301246	-9.08117401525231	5	5
GSTK1	0.507667404580187	3.733138887669085	3	3	0.7597892695257981	-5.018787761787923	3	3
GSTM4	0.8993494967975161	6.013540691950155	4	4	0.804546679542733	-2.550661305932042	4	4
GSTO1	0.46773237038976234	1.973030405177769	3	3	0.9898353078898228	-2.5271368905906155	3	3
GSTO2	0.1439573889839688	1.3673183304541823	5	5	0.019087160539342334	-9.895945832054117	5	5
GSTT2	0.29617516595582927	6.107147653951315	3	3	0.27324022982090423	-6.354952103979717	3	3
GUCA1A	0.008136587465931495	-2.4292708884112706	8	8	0.08530432848612247	-9.953656619353266	8	8
GUCY2C	0.8285371673906146	1.0020904249813982	3	3	0.9289394330539544	-3.9452806225046477	3	3
GUCY2D	0.02010497706980546	-2.522270014069565	2	2	0.03736313223821379	-9.930012381780646	2	2
GUCY2F	0.5408589637456818	2.005969797319762	3	3	0.061100863790258905	-7.076198603945293	3	3
GUK1	0.2482033602934547	9.774700804237934	1	1	0.7057973778779161	-7.425363196275183	1	1
GUSB	0.1888092790370861	1.820824994501006	5	5	0.10776629831502606	-9.271696706595494	5	5
GYG1	0.16493990190009578	6.7727807041448544	3	3	0.20266706865767692	1.2790509909185876	3	3
GZMB	0.6323397644748567	-0.47955021124277586	4	4	0.33586256729903585	-1.2423572574683066	4	4
H6PD	0.08817398724411381	10.79630150974488	7	7	0.686488307365899	-4.594467773635761	7	7
HADH	0.5271152883335497	6.173246788382527	4	4	0.23273554252237705	1.3869768433183383	4	4
HADHA	0.2261679063718809	-1.0284987516603354	3	3	0.6556720879670175	-2.4380815913038805	3	3
HAGH	0.8732917088682917	2.9046742994734185	4	4	0.1390591171862447	-9.056590072929794	4	4
HAL	0.3566129935651825	4.08371365738963	5	5	0.5694958234895975	-4.486458037461011	5	5
HAO1	0.8326472970175447	-0.20591340501727995	2	2	0.18080447969509694	-8.906137023088938	2	2
HAO2	0.0756425379846942	10.13506726659446	2	2	0.44776731577168893	-7.82818960226609	2	2
HARS	0.5636948498576708	-1.0686052451255534	1	1	0.3625818713444412	-8.977669367432878	1	1
HBA1	0.173510361943238	11.359689803880896	6	6	0.0414214825414125	-0.7442900614257676	6	6
HBB	0.08259890997245797	-2.0285751150945117	5	5	0.709402808020188	-8.812322665256774	5	5
HBG1	0.6649013208785187	2.767095396905185	3	3	0.47557709879324583	-5.695934855361293	3	3
HCK	0.9605260957410092	2.978330308071604	4	4	0.0496183263300876	-9.207055329607508	4	4
HCN2	0.320363485833693	6.351521372212883	3	3	0.7501076487404902	-2.0235593557044735	3	3
HCRT	0.4501753296141966	3.9366845541557183	5	5	0.8215465219598375	-3.8011384105127015	5	5
HDC	0.17436251471768793	1.5799389878906578	4	4	0.6880912158982115	-5.607253615599517	4	4
HDHD1	0.8473706670327049	5.991314223914858	4	4	0.4381049895026802	-8.893303001105112	4	4
HEXB	0.04235599702585048	9.993819623638018	5	5	0.06381294729200979	-0.6147457406538099	5	5
HGS	0.621976598269959	3.5313787173065556	2	2	0.03263414549391754	-10.072253953411106	2	2
HIBADH	0.12012092179684558	7.136406636613384	3	3	0.02413572925546348	2.211446835744709	3	3
HIBCH	0.7695088467075766	3.418294234119345	3	3	0.43707988539831577	-1.745555775539185	3	3
HIF1AN	0.05635948247932508	-2.043248201528122	4	4	0.15119886215128134	-9.42234381335754	4	4
HINT1	0.9563109957965795	4.227690480534858	2	2	0.6442631413066847	0.15983788186314313	2	2
HIPK1	0.27379970836062995	-1.002257757376263	4	4	0.4188644811189639	-6.118504201416505	4	4
HIPK2	0.16748937991584933	7.422877858121599	4	4	0.7290014977427113	-8.375492358445563	4	4
HIPK3	0.31968787288066325	10.998938117786933	6	6	0.47800747910283226	-4.255763553944225	6	6
HIPK4	0.858441500533582	2.7617655950146838	3	3	0.07872951289794047	1.4099180038450292	3	3
HK1	0.018106345796721053	11.432366429142794	5	5	0.04235584588962712	-0.48534532335389063	5	5
HK2	0.8675939766896401	3.303460406521154	5	5	0.05710340647873195	2.722620798900719	5	5
HK3	0.2766646268062771	-1.2950596167670438	2	2	0.9313962043310189	-3.7289835155022084	2	2
HLA-A	0.8985539663168312	5.9433092756154755	5	5	0.8985538924142437	-5.199156229111515	5	5
HLA-B	0.08128688563642027	9.70979210284502	4	4	0.5057871517595327	-1.7757849105601426	4	4
HLA-DQA2	0.9593577538668886	2.5857288405908925	3	3	0.3657130123232961	-5.663341640217127	3	3
HLA-DQB1	0.9395307961180075	5.332083544578441	6	6	0.8061248150735489	-2.6516099320161657	6	6
HLA-DRB1	0.8986247085898648	-0.13960331903275977	3	3	0.8484484587750706	-4.928406106224713	3	3
HLCS	0.44855486495130714	5.724528596855774	7	7	0.6211402152463974	-9.107336374750853	7	7
HMGCL	0.6464956225169609	5.981644062653532	3	3	0.5751006184091128	-1.7519451817074698	3	3
HMGCR			0	0			0	0
HMGCS1	0.20560065206805456	-1.7084888898270094	1	1	0.15525856183657885	-9.615382363697245	1	1
HMOX2	0.6366233854117102	11.128252900595138	8	8	0.08460952311112874	-4.982044952335558	8	8
HNF4G	0.7462226862063542	2.891738297824935	5	5	0.6519083774663081	-8.306292963139235	5	5
HNMT	0.6251693912867041	2.3789739514233297	1	1	0.1050055227180791	3.859248869057386	1	1
HPD	0.7117873195444471	3.6104360534291406	3	3	0.6103346125679381	-2.06441021465736	3	3
HPGDS	0.42960193548417813	3.5919509468683124	3	3	0.918820829358273	-4.876727173829771	3	3
HPN	0.34277775558191914	3.3314679458257417	8	8	0.7674240609665132	-8.893670444959072	8	8
HPRT1	0.08926767353588058	10.103875616709809	4	4	0.04243477067466152	2.170513926215697	4	4
HPX	0.46773237038976234	3.5981645998386984	3	3	0.051271039810953926	1.849183983579129	3	3
HRH1	0.12809570021743555	10.821984530614133	6	6	0.4192735305332116	-8.415197974192795	6	6
HRH2	0.3879258844856739	1.6264819868845055	4	4	0.471275986177486	-7.1660556562427145	4	4
HRH3	0.025207911828732773	10.388816751627706	4	4	0.04024474325944151	1.6418682967989948	4	4
HRH4	0.10295246117071911	-1.3401832083399927	3	3	0.1499782347288021	-6.29427224739425	3	3
HRSP12	0.05322724110332401	-1.9593924716211362	2	2	0.2766642544368856	-5.344255008640873	2	2
HS3ST1	0.621976598269959	3.6889145257485314	2	2	0.4112179464629011	0.7779908598114182	2	2
HS3ST3A1	0.5057874693232971	6.669659743116507	4	4	0.787572430225917	-4.464850897496211	4	4
HSD11B2	0.08721559086876034	10.400687179437343	4	4	0.5199550491852092	-4.599871713321399	4	4
HSD17B10			0	0			0	0
HSD17B11	0.7695088467075766	2.6454318488530664	3	3	0.21184438516625115	-6.197993097827968	3	3
HSD17B6	0.8571504311168385	-0.1754842686855973	2	2	0.9937556505148506	-3.7122980780385846	2	2
HSD17B7	0.10011821813722128	-1.6958261077039445	4	4	0.16412976284705072	-9.937055868767922	4	4
HSD17B8	0.9563109957965795	0.20789393803185208	2	2	0.7841481008700562	-2.837147547762219	2	2
HSPG2	0.11893025102282961	10.109101404033627	5	5	0.41566552438376436	-2.3541815806186057	5	5
HTR1A	0.7695088467075766	2.3764994894870175	3	3	0.3141982585640325	0.795254409892583	3	3
HTR1B	0.8985539663168312	3.1404019162125523	5	5	0.1921299861613025	-1.204231513963581	5	5
HTR1D	0.5786033482493851	1.7967644432353918	4	4	0.6013704596038613	0.30894860390432227	4	4
HTR1E	0.7623016696162777	2.880667080229936	4	4	0.4446297085088885	-1.5621455416606604	4	4
HTR1F	0.8070228050924089	-0.31879986813185646	1	1	0.929220978346674	0.2467576352983811	1	1
HTR2A	0.4001307052973355	2.1704975876871466	4	4	0.04472476519734188	-9.318002539757803	4	4
HTR2B	0.09565808746165053	-1.4019161638519655	4	4	0.478072597481917	0.43960221582021236	4	4
HTR2C	0.9563109957965795	-0.10150080458086208	2	2	0.04769999161703247	2.388077795757983	2	2
HTR3A	0.3068407859611515	5.480932920829704	6	6	0.6912586054001186	-3.1023836600581283	6	6
HTR4	0.9517638390688343	2.746679746528425	4	4	0.11449882919967082	2.208785543083478	4	4
HTR6	0.13607526409677123	7.277142483157458	3	3	0.16109788047697393	-0.7563051991705501	3	3
HTR7	0.6245339416554905	2.1118706310137196	4	4	0.6962051260138995	0.035463053823424594	4	4
HUNK	0.6741813777617263	3.1718003026028043	3	3	0.3933415713062103	-5.850820977288348	3	3
IARS	0.29662741059730835	-1.5307991527183091	1	1	0.2219558247742326	-9.43854152042939	1	1
IARS2	0.33964438290257737	-1.4680207355422432	1	1	0.23922287638083872	-9.375763103253323	1	1
IBTK	0.7794266318076215	8.99786487113399	7	7	0.8886337166554817	-8.94849300954626	7	7
ICK	0.9517638390688343	2.514952837757002	4	4	0.43163567769926303	-1.9279218292850624	4	4
IDE	0.267701973265006	-1.2593448947471881	3	3	0.5408586559145936	-5.710624897214448	3	3
IDH3A	0.954057039183406	10.112696968559712	8	8	0.8267054640752471	-8.548058219971024	8	8
IDH3B	0.9812684957937546	4.344070416465622	2	2	0.6897924225239447	-4.135313324331068	2	2
IDH3G	0.738809095912109	3.3410052114310047	5	5	0.6519083774663081	-5.785867275691647	5	5
IFNAR2	0.07044106275081526	-1.6553003283907433	3	3	0.9796722654035478	-2.5513510503191337	3	3
IFNGR1	0.7501078324730008	2.6677638080757653	3	3	0.7792644331768246	-2.328102137833553	3	3
IFNGR2	0.0325264827088195	11.271853284973396	5	5	0.028040281104475918	2.5153917006112634	5	5
IGF1R	0.5831765021017217	9.25556937781433	9	9	0.3120847040921565	-9.62622150685929	9	9
IGFBP7	0.6169721078213952	9.690174835117759	5	5	1.0	-5.509954060950111	5	5
IGSF10	0.1552588882477168	10.86391018569979	1	1	0.7057973778779161	-7.386351371671896	1	1
IKBKAP			0	0			0	0
IKBKB	0.7223650252766525	-0.48099559679769577	1	1	0.14890600266507803	2.4342272812059202	1	1
IKBKE	0.09551803750859275	-1.8138677488099155	2	2	0.06589170401517289	-9.721045902553673	2	2
IKBKG	0.8986247085898648	3.0594802578111095	3	3	0.4148700479863273	-1.777811793693196	3	3
IL11RA	0.4401244834150332	2.249041482333118	6	6	0.09425353459853107	-9.615780843990512	6	6
IL2RB	0.3523649908901264	2.1357507154445603	3	3	0.8986246318980301	-2.558124154959906	3	3
IL2RG	0.9695125445400574	2.868297107990733	3	3	0.7308634197198782	-2.2510845303686957	3	3
IL3RA	0.640978626576979	-0.7312222263308694	1	1	0.15525856183657885	-9.639799728676493	1	1
IL4I1	0.46773237038976234	-0.5937539810644754	3	3	0.9390695392249732	-2.490897191315143	3	3
IL5	0.12587346160412194	1.3687381841722324	6	6	0.10336564057205981	-9.717889313816604	6	6
IL6R	0.4667133145555178	-0.7212978422205643	2	2	0.185958544705621	-8.921637516157972	2	2
ILK	0.41256350776904727	6.313694021991935	4	4	0.08721535493501176	1.8945583492709652	4	4
ILKAP	0.13045797461012365	7.900766591633983	4	4	0.1222748934170642	-0.7038283441460743	4	4
IMPA1	0.19624368270991133	1.684517919282051	4	4	0.753932389089514	-6.292704081878088	4	4
INPP1	0.1119953620867794	10.387331992159346	4	4	0.464533013813055	-5.658633319258056	4	4
INPP4B	0.3142396258958394	6.369942623730474	4	4	0.2504126687359163	-1.7163069525943737	4	4
INPP5A	0.9342578635035359	2.584171491892029	4	4	0.38190912645660746	-1.5375200862035465	4	4
INPP5B	0.7209424804951835	9.676470005022706	8	8	0.5987510342970725	-8.128993739770946	8	8
INPP5D	0.6569524174850114	-0.6665855113271526	1	1	0.8415929837206607	0.3642715762976257	1	1
INPP5E	0.5786033482493851	6.376149179694962	4	4	0.8130690316228988	-2.1538897541269986	4	4
INPP5F	0.08520174770477514	10.132497925130616	4	4	0.3142392647167145	-1.6062924224295532	4	4
INPP5J	0.37595066044100967	-0.8499257968229177	4	4	0.6880912158982115	-4.6190532117971586	4	4
INPP5K	0.45784440187486986	6.560519125448849	4	4	0.14202130241940375	-1.0689265724384038	4	4
INPPL1	0.41886482833865346	4.644886030954869	4	4	0.3879255303064266	-5.829793976276238	4	4
INS	0.9956122420296585	2.777259214466081	4	4	0.704353954761709	-5.820199546289538	4	4
INSR	0.3070238369976541	-1.5182664741514689	1	1	0.23047441379593614	-9.426976768796466	1	1
INSRR	0.4446329390008258	2.238627655908889	3	3	0.23609241360350108	1.1459390304251011	3	3
IP6K1	0.9868372568447477	3.215059805112398	4	4	0.804546679542733	-8.278761479379112	4	4
IP6K2	0.14333050606826628	-1.6753442053661587	2	2	0.9937556505148506	-3.9028544009733404	2	2
IP6K3	0.5467629701596006	-0.7437301444954514	2	2	0.8326471691972948	-3.6008129349948925	2	2
IRAK1	0.8478360684984017	9.737526114219046	6	6	0.070724120242366	-9.870675849141486	6	6
IRAK1BP1	0.1888092790370861	8.895887977281035	5	5	0.3827694472626053	-4.3830726643048665	5	5
IRAK2	0.09581948504886746	-2.466014205259281	1	1	0.4912047926143188	-8.373756572970361	1	1
IRAK3	0.8216137082481801	1.0193931416732962	4	4	0.38190912645660746	-5.837195102150033	4	4
IRAK4	0.9430074101262581	2.8198749942055232	4	4	0.847370554516281	-1.0704282630686113	4	4
IRGC	0.20766248828894185	5.825442034503945	2	2	0.10522674442300288	1.7502336961464269	2	2
ISG20	0.532460476336369	3.7607078554722686	3	3	0.7308634197198782	-2.2118192175355254	3	3
ISPD	0.6928897484266539	-0.39356859321798865	3	3	0.3458075776197217	-1.532161217586604	3	3
ISYNA1	0.14997854469953847	8.812356641590426	3	3	0.4914814756545792	-3.4713335823840157	3	3
ITGA2B	0.267701973265006	6.992174214195882	3	3	0.8186216516094972	-4.851262010777887	3	3
ITGA4	0.048304187417334304	9.983671984769869	3	3	0.5751006184091128	-1.801481250238148	3	3
ITGAL	0.9687859242879687	-0.045813044548912885	2	2	0.09867108704626407	1.961956173354199	2	2
ITK	0.08653993621620056	-1.6711537930483003	2	2	0.05518436843375487	-9.579317139773629	2	2
ITPA	0.07938491935410127	7.826262052529391	4	4	0.28852665172456415	-1.7887117507123564	4	4
ITPK1	0.7501078324730008	5.419845954621533	3	3	0.3933415713062103	-0.004993925647678421	3	3
ITPKA	0.07449125245653866	9.463491292390385	3	3	0.47557709879324583	0.5381297762067981	3	3
ITPKB	0.3879258844856739	1.2041626515332038	4	4	0.5271149799847772	-6.465126199492121	4	4
ITPKC	0.8907975854497414	4.952189002986981	5	5	0.3365189678975542	0.9148027030156639	5	5
IYD	0.41487040287641996	-0.6907470465874533	3	3	0.4599592069201467	-5.707498470104027	3	3
JAK1	0.5493231352765601	5.991432501936967	3	3	0.5324601645560858	0.5610107034362203	3	3
JAK2	0.7695088467075766	2.7693892384950547	3	3	0.6741811441972977	-2.0876851687007862	3	3
JAK3	0.1612467450118772	9.457976894048203	2	2	0.16124642019837887	1.4951863768262275	2	2
JAKMIP1	0.25155117236012614	6.622302441514172	3	3	0.5838185475743407	-1.8767408418860265	3	3
KALRN	0.3329288008828586	-0.9003299028383301	3	3	0.0877948836890824	-9.141023179729816	3	3
KARS	0.3021045046516303	6.56128801896259	3	3	0.42219815884497036	-5.468143180322255	3	3
KAT2A	0.6245339416554905	-0.5856609395032658	4	4	0.556249082476969	-2.033506439341266	4	4
KAT5	0.20560065206805456	-1.709337284465331	1	1	0.15525856183657885	-9.61623125753809	1	1
KCNA1	0.041511749007204835	-1.8150450988950084	3	3	0.5076670817478994	-3.204238201718125	3	3
KCNA4	0.7207531974921018	6.174572053526011	4	4	0.925516195867917	-5.142386940974222	4	4
KCNC4	0.6639674473228165	5.917383445847431	4	4	0.22007172717785572	-9.28234550088444	4	4
KCND2	0.13350079454182143	8.155408877946213	5	5	0.07116071117599419	0.0802704310464158	5	5
KCND3	0.739063677468211	0.5420399401022387	1	1	0.24368349917526455	-9.365702427608841	1	1
KCNE1	0.8387654471035386	2.34398867523309	4	4	0.24590789637292643	-9.016117484580604	4	4
KCNH2	0.4454285903849464	4.944736639374213	6	6	0.20987271312987033	-9.83530570787316	6	6
KCNH6	0.5937367296846481	8.928049968692424	4	4	0.7290014977427113	-3.105473930949197	4	4
KCNH7	0.7372816769863606	3.371016582157322	4	4	0.4446297085088885	-8.547069524857093	4	4
KCNJ1	0.35269421378013754	2.524583754981228	4	4	0.08721535493501176	-9.845594442568034	4	4
KCNJ11	0.8387654471035386	2.935939367213294	4	4	0.6245336830929931	-5.3759758059965135	4	4
KCNJ12	0.46367689401030954	8.945590959924054	1	1	0.9468852104906208	0.10474308274239108	1	1
KCNJ3	0.6464956225169609	3.098543341821261	3	3	0.3793725999378029	-1.7140513019624901	3	3
KCNJ5	0.8907975854497414	3.8373984174551787	5	5	0.9765293119958723	-8.680603438869783	5	5
KCNJ6	0.2327358911972569	-1.3219434228649825	4	4	0.5786030647682013	-7.9265837555439695	4	4
KCNJ8	0.24146059983595336	1.3871862245780495	4	4	0.45120951327413994	-2.000677532896565	4	4
KCNK1	0.2788570662937102	6.298888961816185	3	3	0.5751006184091128	-5.479906986445248	3	3
KCNK2	0.33611881902269736	-0.9072826761777311	3	3	0.6192906151760195	-5.373002706933041	3	3
KCNK3	0.12495698683331329	-1.6388575870380677	4	4	0.4446297085088885	0.33878198109970886	4	4
KCNK6	0.5861473849571939	3.630680370937398	4	4	0.09786760318817254	-0.771276446530137	4	4
KCNK9	0.4987804854410054	-0.8029753597859118	4	4	0.41256315896168827	-1.8874411068053834	4	4
KCNMA1	0.6343382711637124	6.200920799060367	5	5	0.6343380229278721	-9.439633918412474	5	5
KCNMB1	0.7240551500455747	6.30422859517791	5	5	0.9296691033762426	-7.326080404097592	5	5
KCNMB2	0.18099811181645364	1.2973954494096833	3	3	0.13945380977392602	-6.412713819131426	3	3
KCNMB3	0.7890552434260615	2.5429771243380372	3	3	0.22616755325410365	-6.236415849731646	3	3
KCNMB4	0.16493990190009578	7.007257920099964	3	3	0.9898353078898228	-2.7951230208925075	3	3
KCNN1	0.2986366760361776	0.4491037658605155	4	4	0.6800130520324017	-3.9062137351726407	4	4
KCNN2	0.20007807209669992	10.513457974702776	4	4	0.7455920838764607	-1.459945786701212	4	4
KCNN3			0	0			0	0
KCNN4	0.26427184930855396	8.374603793875217	4	4	0.6245336830929931	-5.00519017413336	4	4
KCNQ1	0.07271069356700399	10.932863430923907	5	5	0.1035401162235991	2.5258856000337304	5	5
KCNQ2	0.11127556739868744	-1.5013080124064018	3	3	0.18099778000056754	-6.582288606472023	3	3
KCNQ3	0.4849227716542278	-0.5736569077762947	4	4	0.9080609554690193	-5.296807481950455	4	4
KDM5D	0.09581948504886746	-2.6210260485766703	1	1	0.09147358402499961	-10.528768416287749	1	1
KDR	0.8784939751805159	2.8576257041515594	3	3	0.4296015845811695	-1.7499892495168978	3	3
KHK	0.9218783842088014	2.353343651112093	5	5	0.18880895517359986	-0.8017533267797684	5	5
KIAA1804	0.7875725849725521	2.3789525720623175	4	4	0.847370554516281	-4.877148672651239	4	4
KIDINS220	0.7695088467075766	5.70863088553121	3	3	0.4677320318260033	-5.464294252082888	3	3
KIF1A	0.7792645967221339	3.2709434468234266	3	3	0.6835110441368082	-1.9115563032664833	3	3
KIF3B	0.2251061845771195	5.746381417816403	2	2	0.1121234159867164	1.6277088472555408	2	2
KIF5B	0.8941574042003609	3.7202104618096197	2	2	0.8817919266718723	-3.540591719508183	2	2
KIT	0.9692931234403545	5.703633938060615	4	4	0.9605260663033696	-2.538736149904785	4	4
KLK1	0.5830970410969658	6.738158624419896	6	6	0.3240469742743094	-1.13980106281888	6	6
KLK6	0.40236553587094126	-0.895244360924691	2	2	0.495947177345315	-2.5719912533429845	2	2
KRT12	0.4914818051850972	5.848581729562345	3	3	0.32036311775275095	-3.3931329715404477	3	3
KRT7	0.6090487229173832	-0.380691404037691	4	4	0.35269385442800705	-8.920911576171635	4	4
KRT8	0.984351632149275	3.544280532590507	5	5	0.2850963503156446	-8.896839623564022	5	5
KRTAP5-3	0.9390695854796868	2.623129068382371	3	3	0.37250400923988813	-3.5614174910533816	3	3
KSR1	0.012054734761531545	11.371454428647871	5	5	0.9452701498378694	-3.602012744239802	5	5
KSR2	0.2251061845771195	-1.1783261667001144	2	2	0.7364734272354451	-4.1454115011290655	2	2
KYNU	0.9695125445400574	2.4923744547136777	3	3	0.3266065177957045	-5.9104529607601455	3	3
L3MBTL1	0.09362619264476055	11.024473136319822	10	10	0.022349580778365755	-0.5999828528243465	10	10
LALBA	0.9563109957965795	2.299514630530683	2	2	0.05518436843375487	4.078873536904478	2	2
LAMTOR3	0.8484485726517723	2.885592936867619	3	3	0.7501076487404902	-2.810247622860862	3	3
LAP3	0.04280147681046883	-1.7536197035628074	3	3	0.4148700479863273	-5.877566937666903	3	3
LARS	0.8940056217363023	0.10695076236228118	1	1	0.5940681361537272	-7.800791605348796	1	1
LARS2	0.041511749007204835	8.46795635810339	3	3	0.7988791673502019	-4.307256757785272	3	3
LAT	0.5636948498576708	-1.0837327992468282	1	1	0.8764714771403491	-0.2183359602382159	1	1
LATS1	0.03337348450600666	10.349439722009643	3	3	0.37250400923988813	-1.3968151966832367	3	3
LATS2	0.10566999399141129	9.412536244369461	3	3	0.7988791673502019	-2.7783017067943505	3	3
LCK	0.881963807732946	5.975164229359353	4	4	0.008712033702650984	2.224982565124717	4	4
LCMT1	0.26427184930855396	1.9424064079915322	4	4	0.28852665172456415	-8.99089863259664	4	4
LCMT2	0.45784440187486986	5.757969292762504	4	4	0.16412976284705072	-9.361124211933086	4	4
LCN2	0.1768787188808829	-1.1000410646519967	3	3	0.8784938834783411	-0.5058873499424503	3	3
LCN9	0.12546562073849563	-2.271216172073446	1	1	0.5052911968524533	0.9017674342629289	1	1
LCT	0.6109601772009596	3.34848307678217	2	2	0.015593244258994091	-10.898119111749413	2	2
LCTL	0.267701973265006	6.753759010400259	3	3	0.5751006184091128	-5.434514267315918	3	3
LDHAL6A	0.09565808746165053	10.275028584909533	4	4	0.3939993373582771	-1.7351653248933097	4	4
LDHAL6B	0.04548274147335113	10.068432524371886	3	3	0.6649010815412519	-5.357096866230247	3	3
LDHC	0.9517638390688343	-0.07239785080832443	4	4	0.037139825944681036	1.7547104716617514	4	4
LEPRE1	0.23109248440240615	1.5477497860225284	3	3	0.09768403560873909	-6.533284650248409	3	3
LEPREL1	0.8216137082481801	2.0376387190311642	4	4	0.6323395103738714	-1.65295565088757	4	4
LEPREL2	0.9218783842088014	3.148643707281065	5	5	0.7836310235234913	-4.980010212815562	5	5
LGALS2	0.9438467596639596	0.16194843433634043	2	2	0.2435717950322891	-8.539909040652272	2	2
LGALS7	0.594068427704725	-0.8053063429960527	1	1	0.964575592533665	0.07970217475107932	1	1
LGALS9	0.6569524174850114	-0.6914153764680684	1	1	0.14890600266507803	2.415560185680863	1	1
LGSN	0.594068427704725	-0.8595072200514249	1	1	0.13103698650643048	-10.089177682649867	1	1
LHCGR	0.9313962573846465	3.784982343300797	2	2	0.5784426169079073	-4.367331577967878	2	2
LHPP	0.8445038908340246	5.709264050370899	5	5	0.5302431017155851	-9.794968986794565	5	5
LIAS			0	0			0	0
LIMK1	0.07389519885805045	1.0541609062903834	4	4	0.3249338715623281	-3.7926870693433146	4	4
LIMK2	0.5052915333105079	-1.2029797994254885	1	1	0.24820298649079064	1.6541494235995242	1	1
LIPA	0.6448566581875206	6.368579060176674	5	5	0.3414727951104407	-5.160575647865149	5	5
LIPF	0.33964438290257737	-1.466014205259281	1	1	0.30702345473720283	1.5149866759278985	1	1
LIPJ	0.621976598269959	4.595018091576112	2	2	0.9687859001016808	-3.838091321851139	2	2
LIPT1	0.028998179037647096	11.558107480806088	2	2	0.10190695886310808	1.771515029117926	2	2
LMAN1	0.5271152883335497	1.8042882776445037	4	4	0.704353954761709	-2.077356373336666	4	4
LMTK2	0.8986247085898648	5.3610822717516315	3	3	0.4677320318260033	-1.7524686885162017	3	3
LMTK3	0.9080610237839554	3.2174952488916517	4	4	0.01777914983438296	2.2004042750935984	4	4
LPA	0.9812684957937546	4.402046051787358	2	2	0.13092639557352576	1.6759277437316524	2	2
LPL	0.14333050606826628	-1.4950151020288969	2	2	0.12698216852750674	1.534517113161003	2	2
LPPR2	0.8941574042003609	3.964283876921499	2	2	0.9438467162032397	-3.7864995604608858	2	2
LRAT	0.5677874993418255	-0.6334160750251696	2	2	0.231146654981095	-5.164160105389225	2	2
LRP1	0.5128459217451151	1.218973219431792	4	4	0.21190858551939118	-9.354605323229583	4	4
LRRK1	0.8646348076591025	2.6537040954923676	4	4	0.8387653284163183	-2.137163441317138	4	4
LRRK2	0.33932917971352095	-0.9731060784556606	3	3	0.019070958312884825	-9.88084844616674	3	3
LSM6			0	0			0	0
LSS	0.16857822828500713	10.707883447282615	1	1	0.7057973778779161	-6.9063549384896525	1	1
LTA	0.14890632379823837	11.03652289255396	1	1	0.32853194984752987	1.381355714572552	1	1
LTA4H	0.7213037951321294	2.4154740305110383	3	3	0.0704408490034144	-9.000219714885167	3	3
LTC4S	0.729001692040874	6.27754622962502	4	4	0.9780638473664575	-5.025022969434358	4	4
LTF	0.2304747822064771	9.928089651227644	1	1	0.4912047926143188	-8.467994994015958	1	1
LTK	0.17282959011522192	-1.2588516380130148	3	3	0.646495371963882	-2.0359677880940548	3	3
LY96	0.2836346436756606	-1.2715271765930778	2	2	0.04428994415736458	-9.971965449485674	2	2
LYN	0.07041080932567806	9.793754000756865	4	4	0.3879255303064266	-1.465575412605569	4	4
LYZ	0.6109601772009596	-0.626450274401698	2	2	0.1121234159867164	1.6286787311523243	2	2
M6PR	0.10566999399141129	-1.5659625814491065	3	3	0.3793725999378029	-5.643542641811525	3	3
MADD	0.40044174454685266	6.602033770016319	3	3	0.18944949622657148	-7.905199461749313	3	3
MAGI2	0.290324216894684	-0.8909915300428214	3	3	0.4677320318260033	-1.6534582913687796	3	3
MAGI3	0.8344698666109791	2.9788598486639297	4	4	0.6962051260138995	-4.3602608029115935	4	4
MAK	0.8484485726517723	2.3708863064527606	3	3	0.2677016093243556	1.0302037593381013	3	3
MAN1A1	0.13275997436825585	-1.3845848148127011	3	3	0.22131832540422136	0.9248406718634999	3	3
MAN1B1	0.4443134987685129	1.6368946477305297	5	5	0.3566126413202445	0.3598185285028494	5	5
MAN2A1	0.2159627269371317	6.77690410860984	4	4	0.8301793382822623	-5.310474923123701	4	4
MAOB	0.8083057017325583	4.270189620368987	2	2	0.7364734272354451	-4.171109845271362	2	2
MAP1A	0.05766405242389858	7.797707409305541	3	3	0.1573241588148443	-0.26245621023646654	3	3
MAP2K1	0.3523649908901264	1.7311447360505323	3	3	0.3266065177957045	0.9477286494499871	3	3
MAP2K2	0.855994122768659	5.81701177321483	4	4	0.41256315896168827	-1.7277079258517354	4	4
MAP2K3	0.6741813777617263	3.0812661806526336	3	3	0.37250400923988813	-5.90010918314935	3	3
MAP2K4	0.9374666715332143	3.10916865735773	5	5	0.41566552438376436	-8.659084060652566	5	5
MAP2K5	0.7248732565671742	2.505318200669457	4	4	0.43163567769926303	-8.795157555693471	4	4
MAP2K6	0.11487775163652465	11.669561775798943	1	1	0.6569521637506988	-7.5561584143192535	1	1
MAP2K7	0.600031123579649	2.7158256830049337	2	2	0.2435717950322891	-5.300463009003544	2	2
MAP3K1	0.9452701898618593	2.967149286048381	5	5	0.17910006759845876	-1.117424626756969	5	5
MAP3K10	0.9188208908912462	4.389693931983011	3	3	0.8186216516094972	-2.3545312453807976	3	3
MAP3K11	0.2696839185005221	2.1126880671373756	7	7	0.08972057079496841	-10.033800074394035	7	7
MAP3K12	0.8087353319172415	2.7398238076341648	3	3	0.12012063991901822	-8.730450306523926	3	3
MAP3K13	0.5923588508126187	3.001122222564938	7	7	0.7480188538656325	-9.050638803552713	7	7
MAP3K14	0.1855307701793375	7.260449943472963	5	5	0.2985627748689631	-9.209596307462974	5	5
MAP3K15	0.621976598269959	3.912497265862256	2	2	0.07062909770748549	-9.4757464824159	2	2
MAP3K19	0.5052915333105079	8.580333813640227	1	1	0.7898733794345347	0.4790337686607821	1	1
MAP3K2	0.9780638637345559	6.2583034010533085	4	4	0.6880912158982115	-6.185324898710092	4	4
MAP3K3	0.929669154756535	5.648037817340033	5	5	0.8063248769379043	-9.18700861992189	5	5
MAP3K4	0.7597894466117869	2.395545515534469	3	3	0.27324022982090423	-5.921394389355192	3	3
MAP3K5	0.5711052561475319	6.306944457751793	4	4	0.1390591171862447	-9.161340093024291	4	4
MAP3K6	0.5059050248502308	4.75900607276675	2	2	0.6442631413066847	-3.0175926624660847	2	2
MAP3K7	0.4522595525671629	6.537639676200239	3	3	0.10566972875938517	1.7274817797796092	3	3
MAP3K8	0.3933419311697044	-0.8208261770067965	3	3	0.3793725999378029	-1.6488462576501208	3	3
MAP3K9	0.14809106507203038	11.107554240013089	4	4	0.27865027320711044	-1.5580518738524012	4	4
MAP4K1	0.6897926505099344	4.457852821926286	2	2	0.43846084767358284	-4.550660600309666	2	2
MAP4K2	0.745592267185901	2.933580245170344	4	4	0.6480739768085192	-8.458087858406811	4	4
MAP4K3	0.6090476540125188	2.826058566152318	4	4	0.2960866372628035	-9.505290928842618	4	4
MAP4K4	0.5636948498576708	-1.0096748233749864	1	1	0.964575592533665	0.08446009615460598	1	1
MAP4K5	0.5838188337124735	6.113687376597309	3	3	0.6649010815412519	-2.876853520285149	3	3
MAPK1	0.855994122768659	2.4627461762919425	4	4	0.9956122387548506	-2.811936866267374	4	4
MAPK10	0.03153834470511555	-2.0374484735712053	4	4	0.2642714927994082	-8.978345771358654	4	4
MAPK11	0.06543794903955487	1.184344650446522	4	4	0.4188644811189639	-6.025672895464962	4	4
MAPK12	0.8993494967975161	5.672660093497868	4	4	0.05635929848642764	2.0216790088190533	4	4
MAPK13	0.6330279998157029	2.2473208390712784	6	6	0.7888993338002923	-9.148058959839856	6	6
MAPK14	0.8045468224672798	3.747378210323065	4	4	0.6880912158982115	-4.919277960002112	4	4
MAPK15	0.24632180384135116	-1.0097591266842716	3	3	0.6192906151760195	-2.1305535298043785	3	3
MAPK3	0.1937831971194348	-1.095665748861709	3	3	0.7695086763516427	-2.9040300548941347	3	3
MAPK4	0.27865063196508444	8.82434520686572	4	4	0.3939993373582771	0.8872462678880955	4	4
MAPK6	0.5059050248502308	-0.08320962789116004	2	2	0.3126959479142497	1.200258697715891	2	2
MAPK7	0.024098107707258416	-1.8582810459768442	5	5	0.034991116251329855	-9.895903156900047	5	5
MAPK8	0.4987804854410054	6.193418325951218	4	4	0.09135822710907333	1.8691739465139456	4	4
MAPK8IP1	0.6642764129376226	6.136481825724765	8	8	0.5162705955034511	-5.5998728853246185	8	8
MAPK8IP2	0.9289394869608862	2.6151612929629002	3	3	0.20266706865767692	-1.0609807082868368	3	3
MAPK8IP3	0.018315099813885034	10.60662747022567	4	4	0.847370554516281	-5.605086303953118	4	4
MAPK9	0.6167700247691581	-0.0869228030719403	4	4	0.8993494220758899	-2.6370789985401024	4	4
MAPKAP1	0.30317172858666086	11.308307422217714	7	7	0.91145540735605	-8.398588862387593	7	7
MAPKAPK2	0.08520174770477514	7.402511852061626	4	4	0.29863631539450697	-1.3990892924886442	4	4
MAPKAPK3	0.8384799433425073	5.208570025342802	3	3	0.8986246318980301	-2.663507896862376	3	3
MAPKAPK5	0.444630048389984	6.237277572522419	4	4	0.6962051260138995	-1.2853097878228976	4	4
MAPKBP1	0.07213577606638465	10.762610845717157	4	4	0.49182511296439413	-8.547664813166962	4	4
MARCKS	0.4571853733871295	5.141306301984477	2	2	0.495947177345315	-2.6010065331799654	2	2
MARK1	0.42130648063782505	2.208851149103753	5	5	0.24320683494325246	-8.86532070084419	5	5
MARK2	0.9662998821733421	9.869279336184919	8	8	0.7674240609665132	-8.94073355611262	8	8
MARK3	0.4584800426366644	6.692311512139843	7	7	0.5753887130452724	-4.9790471541667705	7	7
MARK4	0.7021166532835921	6.398992401929697	5	5	0.6169718498941561	-5.359025060125117	5	5
MASP2	0.8986247085898648	2.979209448334134	3	3	0.5158635771483273	-5.405958306950217	3	3
MAST1	0.6202682265213728	9.386799755435375	8	8	0.21760741740823097	0.17497584728177737	8	8
MAST2	0.6090487229173832	9.118804929811704	4	4	0.6480739768085192	-5.536258236018766	4	4
MAST3	0.8045468224672798	4.93876969667347	4	4	0.7207529978002427	-5.405755860552559	4	4
MAST4	0.2986366760361776	1.7125896858728353	4	4	0.6880912158982115	-5.782300480961638	4	4
MASTL	0.19775930335061287	10.183121782434155	1	1	0.7898733794345347	0.5074051962657362	1	1
MAT1A	0.594068427704725	-0.906428267438919	1	1	0.09581922267391388	-10.399133135871153	1	1
MAT2A	0.42219851180899703	6.2630298327496305	3	3	0.7501076487404902	-5.104232809206462	3	3
MATK	0.47807292595619444	5.814531608854511	4	4	0.045908312093581136	2.233914911949706	4	4
MB	0.9027925836213881	-0.12945470110852675	1	1	0.14275382311050352	2.7185250848226756	1	1
MBL2	0.3021045046516303	1.3988219827036303	3	3	0.18099778000056754	-7.755112000683403	3	3
MC2R	0.16597960076634766	9.315956446122572	2	2	0.13496498249745634	1.4980285590949158	2	2
MCCC1	0.4446329390008258	-0.8069534377993897	3	3	0.9695125213619703	-2.54440540116563	3	3
MCCC2	0.6464956225169609	3.3165644545513753	3	3	0.12318844806313865	1.7882607249853366	3	3
MCFD2	0.9111736848142121	7.064903119930986	6	6	0.22999663480674182	-9.495001551829255	6	6
ME2	0.3052533099247886	-1.2016738851383248	2	2	0.6442631413066847	-4.704532188494197	2	2
ME3	0.8285371673906146	5.553347709289209	3	3	0.6835110441368082	-2.2135593557932403	3	3
MED1	0.8070228050924089	-0.3013504054206866	1	1	0.5195875290766929	-8.206840321400387	1	1
MELK	0.9188208908912462	5.351023346416536	3	3	0.3266065177957045	-5.870602365413826	3	3
MERTK	0.8732917088682917	3.1803827819813706	4	4	0.7372814881495813	-5.089311196327816	4	4
MET	0.33964438290257737	9.55685450658658	1	1	0.8764714771403491	-0.18473175535259334	1	1
METAP1	0.4987804854410054	5.92262632893631	4	4	0.23706953209989134	-8.842403246992136	4	4
METAP2			0	0			0	0
MGAM	0.6090487229173832	6.2465079171654105	4	4	0.8646347076030771	-5.060808724888421	4	4
MGAT1	0.42443132877763246	1.8819412188071472	6	6	0.8408510714430215	-9.156598583429945	6	6
MGST1	0.9687092827568172	6.495804420472349	5	5	0.25941217968974206	-0.24886262103228804	5	5
MGST2	0.36571337696523953	-0.9341453179052687	3	3	0.9898353078898228	-2.5364684882787527	3	3
MGST3	0.888550356897823	5.486564921167738	3	3	0.7213035919898935	-0.13932046227085856	3	3
MINK1	0.042663724196846116	10.98527579429777	2	2	0.7129985553074113	-2.9312400409066925	2	2
MINPP1	0.9189625203770105	4.406176189800186	2	2	0.9937556505148506	-2.1989852737565156	2	2
MKNK1	0.9662998821733421	7.388192762137945	8	8	0.3832767992805908	-7.804928030685133	8	8
MKNK2	0.5952090771651695	6.438525168598034	7	7	0.3477068581784548	-9.414224424912108	7	7
MLKL	0.24357216049322294	-1.1784833462683153	2	2	0.8326471691972948	-4.138360763864442	2	2
MMAA	0.6014368415699478	5.225803350029413	3	3	0.3933415713062103	-5.869419823094314	3	3
MMAB	0.06384611633217388	-1.772730860018351	4	4	0.37595030415713737	-5.943887242202298	4	4
MMACHC	0.9645756205094647	0.05608438029852181	1	1	0.38646609791430186	1.1744043091736398	1	1
MME	0.13350079454182143	10.117342074326139	5	5	0.7987410935624316	-8.127286532601282	5	5
MMP1	0.6668746637301395	4.704306443657125	2	2	0.09244568534554494	2.0137768526110675	2	2
MMP10	0.32793800278009866	-0.924805502233748	2	2	0.39362767316843483	-4.794140071419411	2	2
MMP11	0.34365363667443916	8.536901344333877	2	2	0.6109599007285056	0.22117907931225206	2	2
MMP12	0.3933419311697044	3.811426777952269	3	3	0.25155081174890814	-8.003234682202807	3	3
MMP13	0.7962025695235403	4.233048325292893	2	2	0.4292665591125482	-4.634234044726402	2	2
MMP16	0.42219851180899703	0.23720720770035944	3	3	0.8384798221792227	-1.5990729649035906	3	3
MMP17	0.7597894466117869	3.6675353324864353	3	3	0.8784938834783411	-4.211992140743166	3	3
MMP19	0.09513219883687525	-1.4382221473633165	3	3	0.4677320318260033	-0.2104132886358044	3	3
MMP20	0.8285371673906146	3.024268760903603	3	3	0.8285370389989223	-2.3813301781240277	3	3
MMP21	0.07062931589677925	10.268457530228075	2	2	0.5059046950454609	-7.6383397663805646	2	2
MMP24	0.2159627269371317	9.735940643201337	4	4	0.9692931005333311	-4.620568552283257	4	4
MMP25	0.042663724196846116	11.015920619163657	2	2	0.9189624577693689	-3.9735077498868128	2	2
MMP26	0.5271152883335497	1.9346744755873815	4	4	0.77912244903092	-5.5788447118748214	4	4
MMP27	0.18144410240856135	-1.4585397612101463	4	4	0.13045768759887796	-8.773307672196891	4	4
MMP28	0.9189625203770105	4.179751555251879	2	2	0.43846084767358284	0.2101200705372721	2	2
MMP3	0.4849227716542278	5.355797462716872	4	4	0.704353954761709	-5.092414148261504	4	4
MMP7	0.9430074101262581	5.890641155078725	4	4	0.9956122387548506	-5.439864226994836	4	4
MMP8	0.09244593802499053	-1.8937255056054996	2	2	0.3765008908201064	-6.22635969085264	2	2
MOCOS	0.17575758854576284	9.211129110739599	2	2	0.10863178549148185	1.6719284894249067	2	2
MOK	0.7501078324730008	3.102052466314662	3	3	0.20721886248180732	-8.310763321707974	3	3
MOS	0.8070228050924089	-0.2671887057345632	1	1	0.5340887956200584	-8.172624606062474	1	1
MPRIP	0.393553588734152	7.689703428106874	5	5	0.43272115098707786	-4.331841153848667	5	5
MR1	0.40236553587094126	5.040545705322874	2	2	0.4763500784541521	-7.618730920948078	2	2
MS4A1	0.12950757392933906	-1.5797888586200035	3	3	0.7023153149906041	-5.421083002636936	3	3
MS4A2	0.01439814179994148	-1.695514551787823	4	4	0.11963827604089186	-9.602637334887712	4	4
MSRA	0.42130648063782505	7.137535069297392	5	5	0.7686021104794607	-5.279477132220691	5	5
MST1R	0.37595066044100967	2.2096232349234275	4	4	0.847370554516281	-2.249697253399748	4	4
MST4	0.5786033482493851	1.959270477324419	4	4	0.9080609554690193	-3.4112033754168523	4	4
MTAP	0.5048605053802171	8.743590003648968	5	5	0.937466625824493	-2.472431756962894	5	5
MTFMT	0.5059050248502308	5.094954062383857	2	2	0.8083055560149774	0.32328202972104886	2	2
MTHFD2	0.8368447239709511	9.82470765752215	7	7	0.07123792328587239	0.6102442313644666	7	7
MTM1	0.18099811181645364	6.941829160455012	3	3	0.8584413939982327	-4.475632893507543	3	3
MTMR1	0.9530789633375759	2.6552557137141375	5	5	0.5238371373034416	-4.986898054214838	5	5
MTMR10	0.5159667596009097	-0.6833457964197507	2	2	0.894157322629153	0.22084747898613574	2	2
MTMR11	0.2732405946647174	6.563845742597805	3	3	0.8384798221792227	-4.807007918191492	3	3
MTMR12	0.12768444056124773	10.531851473200097	4	4	0.19246307622108116	-1.259306547651611	4	4
MTMR14	0.03337348450600666	-1.8357605784054154	3	3	0.8584413939982327	-2.3271094141526745	3	3
MTMR2	0.009355050599021666	10.273900335677387	5	5	0.5366886166801568	-7.196067631577461	5	5
MTMR3	0.105227014198914	10.257949290011034	2	2	0.7364734272354451	-3.3714333444975226	2	2
MTMR4	0.749885058512247	6.103623961397266	8	8	0.11981580982732282	-1.4960430979260952	8	8
MTMR6	0.2677896292012466	10.499829040321705	5	5	0.8675938806038503	-2.6740882308231235	5	5
MTMR7	0.1047426150328227	1.4188255595466657	4	4	0.6013704596038613	-2.0911968321869545	4	4
MTMR8	0.8186217871680629	2.984746479007111	3	3	0.5664447250132025	-5.5011292722924265	3	3
MTMR9	0.5628587306131971	3.4006812526249504	5	5	0.7611197519497541	-2.6526004406636994	5	5
MTNR1A	0.31419862664427345	6.412902583376571	3	3	0.7988791673502019	-2.2350300372405	3	3
MTNR1B	0.6962053414640066	3.059274947093281	4	4	0.16748906285602405	-1.0297860005309012	4	4
MTOR	0.7057975995361673	-0.5992216782583224	1	1	0.14275382311050352	2.628103899808416	1	1
MTR	0.370049583378649	6.466199551350916	4	4	0.34702507347149536	-8.91565837590597	4	4
MTRR	0.46773237038976234	3.60349262779388	3	3	0.04830401686136757	1.7995256479394726	3	3
MTTP	0.2159627269371317	-1.4237059988974057	4	4	0.934257814547517	-5.480202962831492	4	4
MUC2	0.17090006988278983	10.63800778675048	4	4	0.02060236909545337	2.3219703069806763	4	4
MURC	0.532460476336369	1.7060430169072232	3	3	0.47557709879324583	-3.127288173249815	3	3
MUSK	0.09147384018172652	-2.8265749597497045	1	1	0.8415929837206607	-0.8624120898015956	1	1
MUT	0.10240964952199454	-1.651887788605609	4	4	0.19624334882251904	-9.504971577946314	4	4
MVK	0.633078365018908	0.5268408991800699	2	2	0.6219763281952585	-3.042041647710505	2	2
MYH14	0.7043541650311715	2.188131834970957	4	4	0.6441249922808352	-5.752070672619422	4	4
MYH7	0.29550099813850395	2.3750322286927674	7	7	0.2805521651888776	-9.708434049480866	7	7
MYL12A	0.7987412378077022	3.2476625924789624	5	5	0.8907975059656038	-8.81064273817019	5	5
MYL6B	0.9342578635035359	5.509461679691277	4	4	0.1390591171862447	-8.872172488157702	4	4
MYLK	0.542155909318382	9.825904234811258	7	7	0.21969096462709958	-9.720424998733053	7	7
MYLK2	0.55722694576323	-0.6548307803061277	2	2	0.32025751004845293	1.1149227005630413	2	2
MYLK3	0.8618412137571015	5.675932014600638	6	6	0.3510122996617807	-1.7215672609650998	6	6
MYLK4	0.05132825990919865	-1.9293432905894177	2	2	0.5891911117980482	-4.462181633856288	2	2
MYO1D	0.1575641332562786	1.4625306705631498	4	4	0.5786030647682013	-3.4616673910439513	4	4
MYO3A	0.7988793170447239	3.1134688942711595	3	3	0.37250400923988813	-1.676297366728235	3	3
MYO3B	0.724703845669491	4.798696030332954	2	2	0.8571503215639664	-4.076780765149107	2	2
NADK	0.3031448211819743	1.7351631363783326	5	5	0.8330072290153994	-5.931781861312405	5	5
NADSYN1	0.9342578635035359	2.8272092426188085	4	4	0.5415842375446026	-8.377573199056927	4	4
NAGA	0.6876263645428546	6.114537447648526	5	5	0.20584382903258613	1.197199016978311	5	5
NAGK	0.4667133145555178	-0.796686942296958	2	2	0.10863178549148185	-9.204836046709225	2	2
NAGLU	0.12009446755645259	2.0891326626887747	5	5	0.15220328561505242	-9.483347491491175	5	5
NAGPA	0.03615138189793889	-1.8545156338337805	4	4	0.5488924899213611	-5.859339083180827	4	4
NAGS	0.35914714068142906	11.155854695470788	9	9	0.5393905705951394	-9.527608198877772	9	9
NAPB	0.15661653648954307	9.610526217973234	2	2	0.8571503215639664	-3.6216539924458186	2	2
NARS	0.8941574042003609	4.7259722869735326	2	2	0.6668744210348194	-2.925802042351372	2	2
NARS2	0.8784939751805159	-0.0068642815479395365	3	3	0.5408586559145936	-5.436744835542187	3	3
NCAN	0.888550356897823	2.7792009857905797	3	3	0.6283034873612829	-5.386202565966534	3	3
NCOA5	0.3584212357687704	6.4966915628628925	4	4	0.2642714927994082	-1.7960195271337482	4	4
NDST1	0.6448566581875206	10.197518939002537	5	5	0.05710340647873195	2.274639527463297	5	5
NDUFA1			0	0			0	0
NDUFA10	0.19013903760118822	10.418869629983183	1	1	0.563694541703016	0.7945442228909929	1	1
NDUFA11	0.5711052561475319	6.130323947418405	4	4	0.23058940543353135	-9.181912115081053	4	4
NDUFA12	0.7695088467075766	2.7205649293330256	3	3	0.8186216516094972	-2.337894824993269	3	3
NDUFA2			0	0			0	0
NDUFA4L2	0.5925978135610077	3.4827307163105696	3	3	0.4599592069201467	-5.3788211202605245	3	3
NDUFA5	0.37650126080187063	5.614070427925765	2	2	0.6782962241406417	-3.202825471327019	2	2
NDUFA6	0.19013903760118822	-1.8268355857175145	1	1	0.929220978346674	0.21037807397057545	1	1
NDUFA7	0.1552588882477168	-1.9729370096797467	1	1	0.39876014544001026	-8.879972693545744	1	1
NDUFA8	0.35099455986084405	-1.4427362636113443	1	1	0.25741633364271166	-9.35149856423227	1	1
NDUFA9			0	0			0	0
NDUFAB1	0.739063677468211	0.6674790447732422	1	1	0.7057973778779161	-7.240263322937836	1	1
NDUFB1	0.6730845201947089	1.2235485196761324	1	1	0.12008003769557764	3.0483975879300624	1	1
NDUFB10			0	0			0	0
NDUFB3	0.3176587745580388	-1.500731814858959	1	1	0.32853194984752987	1.3663128770311366	1	1
NDUFB4	0.16688610729339082	-1.2182263835168239	3	3	0.11127529544480924	-8.79231190738996	3	3
NDUFB5	0.36811300742121333	5.456250336014328	2	2	0.21917861024789154	-8.21000511405771	2	2
NDUFB6	0.1755512861589934	10.495829318327777	1	1	0.39876014544001026	-8.8391085368999	1	1
NDUFB7			0	0			0	0
NDUFB9	0.19775930335061287	10.158895643357821	1	1	0.32853194984752987	-9.13363047444661	1	1
NDUFC1	0.31955765985145335	2.143306655456305	4	4	0.9956122387548506	-5.161310440518468	4	4
NDUFC2	0.29662741059730835	-1.5327176304490102	1	1	0.12008003769557764	3.1843354577001484	1	1
NDUFS1			0	0			0	0
NDUFS2	0.8571504311168385	3.6517678569933576	2	2	0.07062909770748549	-9.696237997681912	2	2
NDUFS3	0.9087154244859418	3.8877561271081436	3	3	0.352364624637416	-1.2586628980397985	3	3
NDUFS4	0.276350794267175	1.8087441123901258	5	5	0.6100841062616841	-5.184301475108778	5	5
NDUFS5	0.8301794630978034	2.708711786502397	4	4	0.8819637202811261	-5.649915747363988	4	4
NDUFS6	0.621976598269959	4.6662051194234975	2	2	0.9065484956534406	0.1511491447159691	2	2
NDUFS8	0.7308636164833079	-0.31794741279937355	3	3	0.8285370389989223	-4.963872291124272	3	3
NDUFV1	0.6912588159246804	6.772866984389214	6	6	0.5350838202287174	-4.379279874458386	6	6
NDUFV2			0	0			0	0
NDUFV3	0.9335670678193118	3.3052500571358645	5	5	0.0791880871897136	-0.9198603254398554	5	5
NEDD8-MDP1	0.5467629701596006	3.214980730714646	2	2	0.08945344311614915	-9.386231759658589	2	2
NEK1	0.04770016409029917	10.837890828709817	2	2	0.3765008908201064	-8.171571247042857	2	2
NEK10	0.38190948173620254	6.381929782831975	4	4	0.951763803111252	-4.13151020901731	4	4
NEK11	0.9956122420296585	3.0985976150236056	4	4	0.8301793382822623	-5.21189196598383	4	4
NEK2	0.6245339416554905	5.127197842112424	4	4	0.5937364541503742	-5.714230214560494	4	4
NEK3	0.12313133085429825	9.93866170049613	2	2	0.3681126361127579	1.170230068374839	2	2
NEK4	0.9167836227332399	5.203618009224323	4	4	0.8906499990203016	-2.8913379102353307	4	4
NEK5	0.979672280861877	2.990125113756866	3	3	0.3081119401062373	-5.795290712187786	3	3
NEK6	0.03233044455510059	10.462469832611587	3	3	0.12318844806313865	-0.260155939680853	3	3
NEK7	0.9087154244859418	2.8395030100836696	3	3	0.4296015845811695	-1.587738748414982	3	3
NEK8	0.32793800278009866	-1.2253822145506108	2	2	0.16124642019837887	-9.133738756432844	2	2
NEK9	0.7125370675127145	2.494530117756358	4	4	0.02121172699963143	2.09488344111459	4	4
NEU1	0.712998767949636	-0.24030516680626857	2	2	0.7129985553074113	-3.2569579376017437	2	2
NEU2	0.34365363667443916	-1.0561173093715985	2	2	0.7364734272354451	-4.443167478504788	2	2
NFS1	0.4773324241401605	-1.2262833115156742	1	1	0.32853194984752987	-9.13283973995661	1	1
NGB	0.14666717940176804	-1.486838893022809	5	5	0.7911762496311651	-2.467780584382969	5	5
NGF	0.3933419311697044	-0.65929076795261	3	3	0.5664447250132025	-5.171035521054832	3	3
NHP2L1			0	0			0	0
NID1	0.1141650422536768	9.33489176304478	3	3	0.5158635771483273	-5.581632074483456	3	3
NIM1	0.9452701898618593	5.917352750244163	5	5	0.9140950399482777	-8.768333147536813	5	5
NISCH	0.9956122420296585	3.093221540562079	4	4	0.3037787952045725	-1.9075601733668563	4	4
NLK	0.8571504311168385	0.25447465591445306	2	2	0.6000308408951016	-4.252817761836473	2	2
NME1	0.5562589099128983	6.202067009811143	5	5	0.1550304735039503	-1.4283121492052953	5	5
NME2	0.7601970723197148	2.1660765335729817	2	2	0.9065484956534406	-3.6748684151558018	2	2
NME3	0.8384799433425073	2.4050719175938275	3	3	0.352364624637416	-5.779766501627958	3	3
NME4	0.55722694576323	4.70853583304139	2	2	0.48609521553892276	-4.786655641551716	2	2
NME5	0.20560065206805456	10.08959361503204	1	1	0.14275382311050352	2.6223130666675076	1	1
NME6	0.40044174454685266	6.090442877005244	3	3	0.16109788047697393	-0.7614250084379618	3	3
NME7	0.671971680300187	2.235643848122564	4	4	0.5415842375446026	-1.65852988436136	4	4
NMNAT1	0.14765957000505742	-1.6470914630480928	2	2	0.123131040297041	-9.26203874636256	2	2
NMNAT3	0.3037791561105381	6.343937577654778	4	4	0.038151332147874834	2.105539463299659	4	4
NMRAL1	0.0451225631968597	-2.0250990956544808	2	2	0.06589170401517289	-10.064358666282459	2	2
NMT1	0.5467629701596006	5.028545117164793	2	2	0.6555293115894967	-2.7358324107234244	2	2
NMT2	0.37216903160092796	10.044147338459693	5	5	0.1536116331138955	-9.471334381413724	5	5
NNMT	0.8070228050924089	-0.2679567095008455	1	1	0.964575592533665	0.07538877712499015	1	1
NNT	0.2213186767506925	1.5874329042289717	3	3	0.352364624637416	-5.596113342443587	3	3
NOXO1	0.7960476405054581	5.748298646449986	4	4	0.5861471054037536	-1.809615112471917	4	4
NPC1L1	0.9189625203770105	0.508040576026279	2	2	0.24995731165616442	1.5405587097440574	2	2
NPPB	0.4446329390008258	-0.7975418013695877	3	3	0.08545315005789825	-9.038617502414	3	3
NPR1	0.5838188337124735	2.405281311995729	3	3	0.6283034873612829	-2.05159820185635	3	3
NPR2	0.578442911447663	4.639828686453991	2	2	0.7129985553074113	0.32683306038146887	2	2
NPR3	0.10190722439296954	10.168775570569863	2	2	0.7721453575636094	-3.0306292503852132	2	2
NPSR1	0.8087353319172415	2.4471099349449283	3	3	0.4914814756545792	-5.588931913331834	3	3
NPY2R	0.7404654225059137	1.906976514447243	3	3	0.5408586559145936	-5.5918951487960795	3	3
NQO1	0.6464956225169609	3.371902400302197	3	3	0.40761766300650815	0.6658837709287789	3	3
NQO2	0.5467629701596006	5.244004580769768	2	2	0.05518436843375487	3.389755403956558	2	2
NR1H2	0.4384612026601903	4.866895396408026	2	2	0.7129985553074113	-3.102714491116509	2	2
NR1H3	0.24778614364711615	9.670444075313183	6	6	0.6978510473579027	-8.982832901968282	6	6
NR1H4	0.364206397848554	1.5472696631643619	4	4	0.3939993373582771	-8.752959542185991	4	4
NR1I2	0.20560065206805456	-1.6965586797440277	1	1	0.929220978346674	0.22462878019638002	1	1
NR1I3			0	0			0	0
NR3C2	0.02666861376799353	10.461859101632813	5	5	0.13098050665030303	-0.6768830736876669	5	5
NRBP1	0.49182543618102414	2.2973301607443	4	4	0.10953474384793545	-0.8932790396605869	4	4
NRBP2	0.07044106275081526	-1.7311493728711103	3	3	0.27324022982090423	-6.382279126039044	3	3
NRGN	0.48609555358126055	4.8492378846764055	2	2	0.9563109619606546	-3.647174716222554	2	2
NRIP1	0.563653730280014	6.187699619078671	4	4	0.49182511296439413	-1.8257875933183072	4	4
NRK	0.5199553607032315	7.316119792382736	4	4	0.9167835608496743	-4.753921303961177	4	4
NSDHL	0.26224100940835826	-0.9357606047474961	3	3	0.4446325926260951	-5.721638507016457	3	3
NSF	0.7013608866555113	4.825359505537179	2	2	0.20207132963208285	-8.82109335775149	2	2
NT5C	0.19246340817767205	7.1378351009765995	4	4	0.12495670524278371	-1.1487474617526925	4	4
NT5C2	0.04025508224881776	10.787881468280219	3	3	0.8384798221792227	-4.356924936673686	3	3
NT5M	0.979672280861877	2.7352584342063664	3	3	0.7890550867689189	-4.905418235035457	3	3
NTRK1	0.05438931667413565	-1.6759700026323496	3	3	0.23109212960130765	-6.092844604265288	3	3
NTRK2	0.18873693558108395	9.30518296154107	4	4	0.3249338715623281	-1.6737209062615743	4	4
NTRK3	0.4560807300245122	10.440041898307907	5	5	0.019594805336198833	-9.998113363460462	5	5
NTSR2	0.026004730661487896	10.293445443877326	5	5	0.5238371373034416	-2.1265398099480537	5	5
NUAK1	0.702315530603703	2.53152900593909	3	3	0.20266706865767692	1.0457444806791338	3	3
NUAK2	0.7911763990430556	2.9801664374184553	5	5	0.6413420841157382	-1.610638041406757	5	5
NUCKS1	0.6560013687655859	3.9922311186622266	4	4	0.11199509440958978	-0.13013637561645833	4	4
NUDT9	0.46773237038976234	2.2530925420426198	3	3	0.8186216516094972	-2.49970216620839	3	3
OAS1	0.5937367296846481	2.2788865341722673	4	4	0.7207529978002427	-5.477433491876457	4	4
OAT	0.29072261850810066	-1.0980311206652056	2	2	0.5467626592989514	0.6176767080899745	2	2
OAZ2	0.06384611633217388	9.854218605452084	4	4	0.0812866584697333	1.7607693141409413	4	4
OAZ3	0.9695125445400574	2.757847206429408	3	3	0.4599592069201467	-5.696134390356858	3	3
OBSCN	0.008051642117650535	-2.308073227945929	3	3	0.0877948836890824	-6.628632651206907	3	3
ODC1	0.9438467596639596	4.487334289681061	2	2	0.03956195887452239	2.7211360984819835	2	2
OGDH	0.38190948173620254	9.666891568609424	4	4	0.7960474916434587	-4.958524650337874	4	4
OGFOD1	0.594068427704725	-0.858283819477041	1	1	0.39876014544001026	-8.766026187188121	1	1
OGFOD2	0.41487040287641996	1.7123755643394745	3	3	0.23609241360350108	1.0123134159048088	3	3
OPLAH	0.370049583378649	6.88326704701105	4	4	0.7623014975522668	-3.8983215386870462	4	4
OPRD1	0.7483055612925589	4.685678771899351	2	2	0.4112179464629011	-7.933138038751821	2	2
OPRK1	0.8732917088682917	2.733520659517223	4	4	0.8646347076030771	-5.3165353035349545	4	4
OPRL1	0.3350186070735628	10.029456567226037	8	8	0.253980387340322	0.0715308980107352	8	8
OPRM1	0.8694553772218815	0.3326866732638645	2	2	0.894157322629153	-3.584827210759447	2	2
OTC	0.9898353156208693	2.608510414048501	3	3	0.9492095150671236	-2.45526317171254	3	3
OXCT1	0.6560013687655859	2.8208756577554444	4	4	0.6639672119072874	-2.126600138720042	4	4
OXCT2	0.15503077586997427	7.874783031998806	5	5	0.6876261478104089	-4.276425972360221	5	5
OXSR1	0.14289717381157954	-1.247764173666064	3	3	0.9695125213619703	-2.466142869515138	3	3
OXT	0.7372816769863606	5.232991128502905	4	4	0.9080609554690193	-2.502184061579725	4	4
OXTR	0.5241285157311989	6.211180808709453	3	3	0.25155081174890814	0.9626890224273033	3	3
P2RY12			0	0			0	0
P2RY2	0.7213037951321294	5.349421504328869	3	3	0.27885670065329515	0.8859345522709599	3	3
P4HA1	0.4370300143063871	9.06881892750442	1	1	0.6893682394678773	0.6057703261087131	1	1
P4HA2	0.9255162512977373	5.336357171415396	4	4	0.6401865205788645	-5.656757791503822	4	4
P4HB	0.41487040287641996	6.02114334200607	3	3	0.9390695392249732	-2.52858218898982	3	3
P4HTM	0.7601970723197148	-0.521323302542573	2	2	0.3052529349873281	-8.429065670253651	2	2
PACSIN1	0.21643429171680584	10.418207379303832	6	6	0.5468979744858893	-8.756373830158237	6	6
PACSIN2	0.9692931234403545	5.395041967988334	4	4	0.4381049895026802	1.0396917566959991	4	4
PACSIN3	0.31244773059562414	2.0493130969386733	5	5	0.07428777358318588	-9.79009402657936	5	5
PADI1	0.24357216049322294	5.702606486758054	2	2	0.04596834043718927	2.4541525124706185	2	2
PADI2			0	0			0	0
PADI3	0.23609276999775075	1.537155821334953	3	3	0.1464047974380131	-6.656588117759764	3	3
PADI4	0.9605260957410092	5.684146926443923	4	4	0.42522207846558935	-1.5941718297400904	4	4
PADI6	0.5158638964299583	3.68405797842577	3	3	0.918820829358273	-4.854942372659926	3	3
PAEP	0.3933419311697044	-0.6222222617084189	3	3	0.10844385443075966	-8.635710095940377	3	3
PAH	0.2549751020906641	2.09262251059274	4	4	0.10011796475799951	-9.989650420503596	4	4
PAICS	0.979672280861877	3.0983107220980224	3	3	0.4677320318260033	-1.573714646625701	3	3
PAK1	0.08322567052413078	10.734577731924693	4	4	0.6323395103738714	-1.909718691515101	4	4
PAK2	0.7791226096073944	2.7049064560211042	4	4	0.5786030647682013	-4.982648916902811	4	4
PAK3	0.8326472970175447	-0.40534994604197383	2	2	0.7129985553074113	-3.3163469081671506	2	2
PAK4	0.4912051350977342	8.660659037214366	1	1	0.39876014544001026	-8.897536765378083	1	1
PAK6	0.5262498628719389	10.198738216862141	8	8	0.4355710035968642	-8.123783459921528	8	8
PAK7	0.1552588882477168	10.877193290045225	1	1	0.6569521637506988	-7.633943608553227	1	1
PAM	0.019429390293637792	-2.2728532352564295	4	4	0.37595030415713737	-5.994713453368166	4	4
PANK1	0.4001307052973355	-0.7279667012137084	4	4	0.8646347076030771	-5.403439525978958	4	4
PANK2	0.678296459562844	3.539968124107766	2	2	0.8083055560149774	-0.3188448297425613	2	2
PANK3	0.8285371673906146	5.414225896557608	3	3	0.2903238499882219	-5.935568542431365	3	3
PANK4	0.15732447457299148	-1.3195417521287787	3	3	0.3589998222766735	-1.6436811291454771	3	3
PANX1	0.4849227716542278	6.482448049612439	4	4	0.787572430225917	-5.252417034292406	4	4
PAPOLA	0.55722694576323	1.5093584979480816	2	2	0.10522674442300288	2.812171882720327	2	2
PAPSS1	0.9695125445400574	2.918111044173824	3	3	0.0704408490034144	2.3328980675044177	3	3
PARK7	0.40044174454685266	5.843152440626544	3	3	0.5664447250132025	0.514884631946616	3	3
PARP15	0.24146059983595336	9.038768103528332	4	4	0.15119886215128134	-0.8608323846365868	4	4
PARS2	0.32853233208076293	9.60117556193587	1	1	0.2966270288807126	1.543871504791889	1	1
PASK	0.01439814179994148	-2.1118541819241883	4	4	0.19624334882251904	-6.316123456252651	4	4
PBK	0.13045797461012365	-1.361546293391789	4	4	0.5057871517595327	-8.875317181580483	4	4
PCBD1	0.7125370675127145	2.2938598287220007	4	4	0.7960474916434587	-2.219479036394304	4	4
PCCB	0.7668171146338629	6.30775280437442	7	7	0.6386956614115651	-9.14225802958134	7	7
PCK1	0.1222751722635454	9.22115527526225	4	4	0.31955729866548366	-0.9354058507524811	4	4
PCMT1	0.42219851180899703	-0.5355930557533846	3	3	0.3081119401062373	-5.9758068373869335	3	3
PCSK1	0.39876051812530944	-1.328477215682998	1	1	0.2668643156906423	-9.236219583394078	1	1
PCSK2	0.9563109957965795	0.4187796577445826	2	2	0.02469615190956851	3.5344913746680624	2	2
PCTP	0.40044174454685266	5.610257704857493	3	3	0.5664447250132025	-2.989141120376901	3	3
PCYT1A	0.4252224239990542	9.684118991894614	4	4	0.9868372470215122	-5.301523521485078	4	4
PCYT1B	0.46773237038976234	3.688432554399038	3	3	0.9898353078898228	-4.671762219123884	3	3
PDC	0.10355627839473919	-1.7846599956873916	2	2	0.8204547448216611	-4.217261302937565	2	2
PDE10A	0.03713996737653396	10.154963763066023	4	4	0.7623014975522668	-5.173208508296095	4	4
PDE11A	0.9593577538668886	0.06959650421547477	3	3	0.8484484587750706	-2.400250490413453	3	3
PDE1B	0.2589107466180053	1.9747639888042414	6	6	0.06152306518260335	-9.323726611722975	6	6
PDE3A	0.9167836227332399	5.964688287328613	4	4	0.556249082476969	-2.1135134152638932	4	4
PDE3B	0.27379970836062995	-0.6479887338652514	4	4	0.41256315896168827	-9.29607708116481	4	4
PDE4B	0.3598420917486095	6.422950175104696	2	2	0.5784426169079073	-2.843531016855198	2	2
PDE4C	0.23152947677641456	9.867663724194864	5	5	0.9530789290098464	-8.302799332919061	5	5
PDE6G	0.4001307052973355	-0.9159860682296349	4	4	0.35269385442800705	-1.722825067613206	4	4
PDE6H	0.8817920176388909	3.754915442713483	2	2	0.5572266401448009	-4.415837145234483	2	2
PDE7A	0.3990137962645377	2.309801126656971	5	5	0.07116071117599419	1.6463827297440634	5	5
PDE7B			0	0			0	0
PDE8A	0.9921754398395962	3.0016850899973755	5	5	0.9530789290098464	-8.951111790443521	5	5
PDE8B	0.7988793170447239	2.235124646934971	3	3	0.9390695392249732	-4.894428951510441	3	3
PDE9A	0.17436251471768793	1.649331480089381	4	4	0.8646347076030771	-2.711769271722771	4	4
PDF	0.5562589099128983	2.433978617761016	5	5	0.5496967704336813	-5.039119560033013	5	5
PDGFRA	0.351688870151323	5.947861517614309	2	2	0.6109599007285056	0.2031749045284849	2	2
PDGFRB	0.7898735415941447	-0.33472186342002885	1	1	0.5195875290766929	-8.242464231131109	1	1
PDHA1	0.14890632379823837	-2.123102004622462	1	1	0.1367986397816899	-10.03084437233354	1	1
PDHA2	0.02184350571879639	-2.4151969160961535	2	2	0.08945344311614915	-9.530211545311522	2	2
PDHB	0.8186217871680629	2.366057390680297	3	3	0.024947036925672395	-9.562333707418274	3	3
PDIK1L	0.3625822506286702	-1.4002857689490469	1	1	0.30702345473720283	1.5105540408207339	1	1
PDK1	0.8384799433425073	2.458531256444388	3	3	0.2622406464755095	-1.3263190685509847	3	3
PDK2	0.5786033482493851	3.723600691115833	4	4	0.25497474746090887	-1.101572287797777	4	4
PDK3	0.9289394869608862	2.9554128731956886	3	3	0.6835110441368082	-3.1764898952054073	3	3
PDK4	0.9517638390688343	3.0147794056566917	4	4	0.028220380944600023	2.259792587597126	4	4
PDLIM5	0.02664083762873766	10.677156997355864	3	3	0.3933415713062103	-1.7245882564516701	3	3
PDP1	0.6569524174850114	1.5739763747282725	1	1	0.14890600266507803	2.3858672903915963	1	1
PDP2	0.25685748808095066	-1.0176537575879123	3	3	0.3266065177957045	-6.024055525916936	3	3
PDPK1	0.5599453269250918	4.3730784859682315	4	4	0.25497474746090887	-1.258958189792004	4	4
PDPR	0.532460476336369	2.174769624476884	3	3	0.8885502726804506	-2.3926683674534983	3	3
PDXDC1	0.3329288008828586	6.273707819158702	3	3	0.9390695392249732	-2.4956775986073203	3	3
PDXK	0.739063677468211	0.47208335581481187	1	1	0.12008003769557764	2.9963608349162243	1	1
PDXP	0.3566129935651825	10.631779419448838	5	5	0.10563644187129465	-1.182286506924563	5	5
PEAK1	0.7057975995361673	-0.6101650559449023	1	1	0.4912047926143188	-8.517907423655982	1	1
PECR	0.16181512496425643	-1.953017826808729	1	1	0.08728778618596213	-10.86076019451981	1	1
PFAS	0.33573662372063895	-0.9631587589442852	2	2	0.231146654981095	-8.870901126655365	2	2
PFKFB1	0.9517638390688343	0.25081859269413914	4	4	0.5199550491852092	-4.375598624645282	4	4
PFKFB2	0.3879258844856739	9.494696745512725	4	4	0.3642060398420479	-8.114448622586396	4	4
PFKFB3	0.5366889150113225	-0.42057650074360736	5	5	0.9921754341086707	-8.587768706765127	5	5
PFKFB4	0.9390695854796868	4.826733873730648	3	3	0.42219815884497036	-3.2905114100528277	3	3
PFKL	0.7536598422930214	6.7582032496101005	5	5	0.2677892787241867	-1.2197183465712371	5	5
PFKM	0.7513760884231007	5.591349072506293	6	6	0.12809542597990922	-9.309309677471946	6	6
PFKP	0.32493423266735766	6.551921541382093	4	4	0.49182511296439413	-8.30277460772017	4	4
PFN1	0.6480742217321677	6.178179292956938	4	4	0.5937364541503742	-1.9764515075329296	4	4
PFN2	0.5937367296846481	5.358996684859686	4	4	0.7706984929184775	-2.106836438097716	4	4
PGA3	0.20207167937357762	-1.3016573527140318	2	2	0.34365326257304085	-4.7784580197156705	2	2
PGAM2	0.745592267185901	3.3109135882012595	4	4	0.34141462059648653	-9.118068700847438	4	4
PGD	0.492413476467329	6.54855109889726	5	5	0.7388089115876548	-8.82700161121143	5	5
PGGT1B	0.6893684721482329	-0.6300148318039245	1	1	0.4912047926143188	-8.537757199515005	1	1
PGK1	0.4292669168612616	6.6128590532762	2	2	0.4023651710818228	-6.228381312348217	2	2
PGK2	0.6556723329678809	3.4928153170855416	3	3	0.5076670817478994	-1.8601249754090785	3	3
PGLYRP3	0.4773324241401605	8.816984532131205	1	1	0.23922287638083872	-9.40307358226998	1	1
PHGDH	0.29072261850810066	-1.3011306278701253	2	2	0.6668744210348194	-4.546032880706968	2	2
PHKA1	0.14333050606826628	-1.576969190893613	2	2	0.20207132963208285	-6.427267919238618	2	2
PHKA2	0.3863189048195097	5.8130458663687286	3	3	0.6103346125679381	-1.9440236863353286	3	3
PHKB	0.1851883080751462	-1.1085135899138805	3	3	0.8684570613742264	-2.9709527421242785	3	3
PHKG1	0.7601970723197148	4.559655311056792	2	2	0.18080447969509694	1.4298895245531926	2	2
PHKG2	0.2304747822064771	-1.6592866237520205	1	1	0.5787877329810506	-7.981188137569672	1	1
PHOSPHO1	0.5925978135610077	-0.4811146488252109	3	3	0.3657130123232961	-1.4402429403947308	3	3
PHOSPHO2	0.43486338823866977	1.6301035528427203	4	4	0.7125368624965382	-5.149555314640179	4	4
PHPT1	0.9438467596639596	4.255919276350384	2	2	0.29792840734862447	-8.470816017210648	2	2
PHYH	0.2284584116841577	-1.119246823375444	4	4	0.07213556347682766	-9.742186974559154	4	4
PI4K2A	0.3365193218168735	3.7769865109078657	5	5	0.5562586207014859	-9.052157673417874	5	5
PI4K2B	0.07752645749720281	10.205209657415708	5	5	0.08259868509175794	-1.159070664877905	5	5
PI4KA	0.2766646268062771	-1.1297665571520659	2	2	0.08945344311614915	-9.537799497886386	2	2
PI4KB	0.3793729624525669	4.0295261587450275	3	3	0.6928895267266535	-5.407699182640236	3	3
PICK1	0.21917896751705435	-1.3737790067116897	2	2	0.24995731165616442	1.1838075843561566	2	2
PIGA	0.38190948173620254	1.8046125735820968	4	4	0.5128456071552897	-5.754815749204435	4	4
PIK3AP1	0.43485679423405577	9.695207661865007	6	6	0.9182537312875771	-8.858542417496565	6	6
PIK3C2A	0.06141954078387197	-2.1243924532201133	2	2	0.6442631413066847	-4.559595823377284	2	2
PIK3C2B	0.2845515581004632	-0.8792056010817308	3	3	0.33932881235762724	-6.033700214229216	3	3
PIK3C2G	0.13103729098460282	11.482261759835351	1	1	0.14275382311050352	2.564079835500231	1	1
PIK3C3			0	0			0	0
PIK3CA	0.431636021447689	9.7132574695202	4	4	0.04472476519734188	2.0685011320523947	4	4
PIK3CB	0.46802123620280534	0.8590323314287532	5	5	0.1550304735039503	-1.2877042836068033	5	5
PIK3CD	0.2895391136023481	10.663582180448673	5	5	0.05710340647873195	2.028631506609651	5	5
PIK3CG	0.3936280398920883	-0.8876103062114389	2	2	0.075642311200271	2.207464397435287	2	2
PIK3R1	0.34647340469497234	7.233845971206459	5	5	0.37744612566763913	-4.654008827832654	5	5
PIK3R2	0.18009641322147363	11.037974259152977	8	8	0.7498848910360565	-9.18766404081793	8	8
PIK3R3	0.7539325668074291	2.689646398186851	4	4	0.6323395103738714	-5.491562285153577	4	4
PIK3R4	0.06110106057987569	7.566791698080358	3	3	1.0	-4.759961553095885	3	3
PIK3R5	0.011965338005349612	12.415182852315347	4	4	0.847370554516281	-2.9959170361893435	4	4
PIKFYVE	0.14765957000505742	-1.5161970384584444	2	2	0.21917861024789154	-8.63095878055851	2	2
PIM1	0.6464956225169609	3.3546972840785845	3	3	0.8186216516094972	-4.400504452914029	3	3
PIM2	0.2251061845771195	-1.2021914988136517	2	2	0.894157322629153	-3.9031940673793764	2	2
PIM3	0.7462226862063542	5.9674560198651525	5	5	0.7686021104794607	-5.31468455030553	5	5
PINK1	0.13865317346986425	10.788269530763053	5	5	0.5795210903718135	-5.008172127771741	5	5
PIP	0.10863205948861691	10.09376813303616	2	2	0.4112179464629011	0.8661616499690059	2	2
PIP4K2A	0.4327214880257134	9.607535968507669	5	5	0.7911762496311651	-8.437267213898895	5	5
PIP4K2B	0.9692931234403545	3.409250503886708	4	4	0.925516195867917	-5.036212966367118	4	4
PIP4K2C	0.08945369148655324	-1.6759324975381036	2	2	0.5572266401448009	-5.569251167097329	2	2
PIP5K1A	0.2304747822064771	9.918113539540963	1	1	0.4842411534386877	-8.541337089790805	1	1
PIP5K1B	0.41487040287641996	1.2607552431293012	3	3	0.4914814756545792	0.7129753358802818	3	3
PIP5K1C	0.052229029735595275	10.489730226509069	4	4	0.6880912158982115	-4.855018926825995	4	4
PIP5KL1	0.31419862664427345	6.917149489526817	3	3	0.15361781430207125	1.3061577914358178	3	3
PIPOX	0.55722694576323	-0.6570205138700338	2	2	0.12698216852750674	1.5215320559068757	2	2
PISD	0.16976774563828312	1.427186031525099	5	5	0.25941217968974206	-9.031024082331351	5	5
PITPNA	0.3793729624525669	-0.7635048350853856	3	3	0.10295219932530106	-9.004580536129799	3	3
PKDCC	0.6880914364547523	5.932872716476709	4	4	0.12768415624867355	1.4337375270614479	4	4
PKIA	0.3584212357687704	-0.5763027066626943	4	4	0.5488924899213611	-5.890411671855635	4	4
PKIB	0.25685748808095066	6.632122870659788	3	3	0.42219815884497036	0.6046203509128475	3	3
PKIG	0.267701973265006	6.365308633066344	3	3	0.7023153149906041	-1.7774818960495011	3	3
PKLR	0.10953500869114312	7.6808617098942635	4	4	0.25497474746090887	-7.785544938001634	4	4
PKM	0.8473706670327049	5.983310937666907	4	4	0.3939993373582771	-3.572879796949524	4	4
PKMYT1	0.28716349701305055	-1.132833928188	2	2	0.9065484956534406	-3.6568978688362366	2	2
PKN1	0.6986448031632558	2.1893807504502867	7	7	0.18751702712708684	-4.615676573317548	7	7
PKN2	0.2133646532318163	6.691383452385468	2	2	0.3126959479142497	-6.887899904763215	2	2
PKN3	0.9430074101262581	5.104617246802972	4	4	0.2414602485702918	1.1381172364705439	4	4
PLA2G1B	0.3605413028450253	9.394070516179339	7	7	0.6095544783571119	-8.568956708648024	7	7
PLA2G2D	0.7841482640651353	-0.4100682046984421	2	2	0.9189624577693689	-3.942562920372332	2	2
PLA2G2E	0.6013707310284644	1.81331929711619	4	4	0.0934882048607748	-10.450106847992155	4	4
PLA2G7	0.7207531974921018	2.2749342762382594	4	4	0.5343248858962685	-8.233571484349634	4	4
PLAU	0.8646348076591025	2.56918120855819	4	4	0.9167835608496743	-4.489074574992556	4	4
PLAUR	0.9898353156208693	2.883306631780306	3	3	0.18944949622657148	1.1190329941480528	3	3
PLCL1	0.4746676117080503	6.621845370443889	4	4	0.6052037316801611	-6.045013363428391	4	4
PLEKHA1	0.361752197667336	7.70602646717722	5	5	0.02409800413973905	2.50386220310441	5	5
PLEKHA4	0.05127121679616788	9.894782492135697	3	3	0.7213035919898935	-2.2811533211508475	3	3
PLIN3	0.6013707310284644	5.874487854137338	4	4	0.29863631539450697	-1.767130898931028	4	4
PLK1			0	0			0	0
PLK2	0.5111456379376532	2.28172746590905	5	5	0.04235584588962712	-9.775979957065616	5	5
PLK3	0.012981441638676908	12.159696384035001	3	3	0.3081119401062373	0.019991413012924397	3	3
PLK4			0	0			0	0
PLOD1	0.5891914005059771	4.735764067273959	2	2	0.7721453575636094	-0.6326036814554662	2	2
PLOD2	0.7706986592680485	6.3534849210893185	4	4	0.27865027320711044	-9.185788143662332	4	4
PLOD3	0.20396688055130785	7.043176708812164	4	4	0.021836724912907977	2.0964730787243444	4	4
PMP2	0.5636948498576708	-1.0804576672139667	1	1	0.3625818713444412	-8.986887897462255	1	1
PMVK			0	0			0	0
PNCK	0.14666717940176804	9.365513186042172	5	5	0.9843516206890774	-5.947067471524715	5	5
PNKP	0.9124209392183963	5.614439004198985	4	4	0.01089144944138701	-10.163514538946496	4	4
PNLIP	0.7213037951321294	0.5519638019102281	3	3	0.42219815884497036	-1.8510108231739626	3	3
PNLIPRP2	0.8484485726517723	2.4945483889989606	3	3	0.1327596796429815	1.3171774522014725	3	3
PNMT	0.15208785859336746	-1.6195113201962563	2	2	0.123131040297041	-9.234449759160503	2	2
PNP	0.9898353156208693	3.0868028799760587	3	3	0.5158635771483273	-1.2744056874492282	3	3
PNPO	0.6835112718213798	5.924858623390783	3	3	0.8484484587750706	-2.7264407687236196	3	3
POMC	0.47635042030323693	4.972929113342336	2	2	0.9065484956534406	-3.989372224370296	2	2
PON1	0.2788570662937102	6.399567141322943	3	3	0.27324022982090423	-3.8127521442211907	3	3
POR	0.37250437288330096	6.121740631477969	3	3	0.7023153149906041	0.36514887937184387	3	3
PPA1	0.633078365018908	0.5905617357845903	2	2	0.075642311200271	1.8502936922806419	2	2
PPAP2A	0.9695125445400574	1.15103523164099	3	3	0.9796722654035478	-4.029518333444186	3	3
PPAP2B	0.0622864012896096	-1.584161348378241	4	4	0.6880912158982115	-5.875174770207395	4	4
PPAP2C	0.2499576788080181	5.41996568862396	2	2	0.9812684812748693	-3.6569879297852093	2	2
PPARD	0.1728372332594149	1.813597362690567	5	5	0.34647305146925256	-8.951716668004925	5	5
PPAT	0.6167700247691581	1.4195787219341494	4	4	0.2414602485702918	-9.41343431052564	4	4
PPBP	0.4914818051850972	6.0246445754871205	3	3	0.6928895267266535	-5.292437042361736	3	3
PPCDC	0.17594802914243868	10.91905988897321	5	5	0.8521866661484108	-8.775742453316491	5	5
PPEF1	0.17081619426603123	-1.4717340392351517	2	2	0.35168849678512026	-4.766249862803526	2	2
PPEF2	0.2979287819045656	-1.0939387401505938	2	2	0.6668744210348194	-4.152365502742701	2	2
PPFIA1	0.9868372568447477	3.0230714415342335	4	4	0.29863631539450697	-8.124416096902296	4	4
PPFIA2	0.673249896004009	7.298163902083651	5	5	0.4384951402144527	-4.9972284247013965	5	5
PPFIA3	0.4501753296141966	2.5567711955069883	5	5	0.22396864355020596	-9.007799315075628	5	5
PPFIA4	0.8326472970175447	0.811429817516859	2	2	0.11570296078625163	2.8040840119075896	2	2
PPIA	0.7497585791965863	7.173359233793448	4	4	0.12495670524278371	-0.5847242231906117	4	4
PPIB	0.290324216894684	4.038827198003045	3	3	0.5578518207127253	-5.532584300206189	3	3
PPIC	0.03241827688305866	10.68815588914435	4	4	0.12768415624867355	-0.8181188843691669	4	4
PPIF	0.2564592225367506	5.5115255409294175	2	2	0.1121234159867164	-9.28675746718865	2	2
PPIG	0.6401867701331634	-0.06074959740203578	4	4	0.7414328300087853	-4.7288096481558	4	4
PPIH	0.12546562073849563	11.511088559151458	1	1	0.39876014544001026	-8.87643407258872	1	1
PPM1A	0.9692931234403545	3.045069032438209	4	4	0.38190912645660746	-1.5671782371799372	4	4
PPM1B	0.49182543618102414	5.99617563912112	4	4	0.3939993373582771	-1.9968723915535336	4	4
PPM1D			0	0			0	0
PPM1E	0.005124100990045811	11.042824094481622	4	4	0.6800130520324017	-7.235451203188046	4	4
PPM1F	0.059713446985082075	1.596156521146592	5	5	0.20938079132301246	-9.386316771551899	5	5
PPM1G	0.6781443531081666	6.504768980574724	6	6	0.7854664722225304	-8.729550198171381	6	6
PPM1L	0.13905941213940223	10.491512313011357	4	4	0.14655483036297598	-0.584186585516227	4	4
PPM1M	0.3365193218168735	9.669733799286904	5	5	0.2677892787241867	-1.3788016753410635	5	5
PPME1	0.49182543618102414	2.2283735941358294	4	4	0.08322544043475259	-9.19757861648029	4	4
PPP1CA	0.49182543618102414	5.972878326443282	4	4	0.3584208770426619	-1.9667315282843545	4	4
PPP1CB			0	0			0	0
PPP1CC	0.2482033602934547	9.77619017361493	1	1	0.3176583921224988	1.4751895972809348	1	1
PPP1R10			0	0			0	0
PPP1R11	0.6897926505099344	3.464262140651633	2	2	0.2698119125223706	-4.894806860976363	2	2
PPP1R12A	0.9812684957937546	0.46957934116505395	2	2	0.4763500784541521	-7.439051933029977	2	2
PPP1R12B	0.8598837070693798	3.277704889116548	5	5	0.24718985867972432	-1.6345709747665385	5	5
PPP1R12C	0.0035841464956562277	-2.2330321158624504	5	5	0.38813852859235065	-6.5213955433826625	5	5
PPP1R13B	0.9780638637345559	5.788578385870228	4	4	0.5861471054037536	-1.7385212863653667	4	4
PPP1R14A	0.14809106507203038	9.57101563458125	4	4	0.21190858551939118	1.3561716992893897	4	4
PPP1R14C	0.7611199215935818	3.185145658802373	5	5	0.9608922154201479	-5.384430185677002	5	5
PPP1R14D	0.5578521202528135	3.5826477021090604	3	3	0.117112979797992	-8.698356203639383	3	3
PPP1R15B	0.26686469365703125	9.679987643728133	1	1	0.9468852104906208	0.17429288198101933	1	1
PPP1R16B	0.507667404580187	6.259186724702413	3	3	0.8584413939982327	-4.880164762165822	3	3
PPP1R1A	0.9780638637345559	2.4490597628076514	4	4	0.7290014977427113	-5.190207870682879	4	4
PPP1R1B	0.6897926505099344	3.162726470253171	2	2	0.22510582505395071	-5.48699422203828	2	2
PPP1R1C	0.02786628495973135	-2.3485046741092814	2	2	0.09551778053055855	-9.463212918614047	2	2
PPP1R2	0.6373723742473569	5.768599106240924	3	3	0.6928895267266535	-2.3478499524360266	3	3
PPP1R21	0.729001692040874	5.449975808382354	4	4	0.16748906285602405	-8.324272462922545	4	4
PPP1R26	0.9255162512977373	2.6959802567667084	4	4	0.14503171248911778	-1.6213262877062327	4	4
PPP1R32	0.548892788182638	2.1210914091570334	4	4	0.847370554516281	-5.235298623356486	4	4
PPP1R37	0.6730845201947089	1.0455502176981382	1	1	0.17555094491149326	2.2658021709634535	1	1
PPP1R3A	0.507667404580187	3.471424876619387	3	3	0.05600656756338817	1.7171408610569763	3	3
PPP1R3B	0.4001307052973355	2.358892842159966	4	4	0.31955729866548366	-6.0620094355954555	4	4
PPP1R3C	0.5261313159168926	3.0898372566879315	2	2	0.3126959479142497	-5.1468579987140926	2	2
PPP1R3D	0.9390695854796868	2.778243699947501	3	3	0.7792644331768246	-2.7726237667550957	3	3
PPP1R3E	0.37495110045404767	9.755979606848749	8	8	0.1075465694500166	-9.971158705892377	8	8
PPP1R3F	0.059261473347781264	10.393157609218612	4	4	0.925516195867917	-4.5360320578276605	4	4
PPP1R3G	0.27379970836062995	6.51256365317053	4	4	0.5415842375446026	-1.8951532887802802	4	4
PPP1R42	0.2836346436756606	-1.0199137065585449	2	2	0.2435717950322891	1.5043871110300389	2	2
PPP1R7	0.7248732565671742	-0.16844393394220644	4	4	0.5488924899213611	-1.7966288221282518	4	4
PPP1R8	0.4912051350977342	-1.2143798195569673	1	1	0.3396440012571166	-9.122122187268046	1	1
PPP1R9A	0.8732917088682917	3.0426214478000184	4	4	0.9956122387548506	-5.003565818405039	4	4
PPP1R9B	1.0	0.03906124649581214	5	5	0.2392691351724633	-4.823613382642404	5	5
PPP2CA			0	0			0	0
PPP2CB	0.4477676677875029	5.157400443071037	2	2	0.44776731577168893	-7.6412616281489285	2	2
PPP2R1A	0.6483784546300337	4.651291130886615	5	5	0.3031444670283445	-1.9162182604403537	5	5
PPP2R1B	0.578442911447663	4.633472326516087	2	2	0.10522674442300288	2.3343290835164687	2	2
PPP2R2A			0	0			0	0
PPP2R2B	0.38708782514415185	8.039238774546215	7	7	0.9802848822904096	-8.859751335080723	7	7
PPP2R2C	0.20938112497706107	11.272374144622134	5	5	0.2677892787241867	-9.118840447113353	5	5
PPP2R2D	0.5408589637456818	2.3927737212880955	3	3	0.22131832540422136	-6.074228583261519	3	3
PPP2R3A	0.06814258399551462	10.557394303267108	5	5	0.9452701498378694	-4.987860595225822	5	5
PPP2R3B	0.6013707310284644	5.812408518456555	4	4	0.15119886215128134	-1.5142834160526302	4	4
PPP2R4	0.621976598269959	3.4271121139251495	2	2	0.3681126361127579	0.8679359704123225	2	2
PPP2R5A	0.4849227716542278	6.665874548550761	4	4	0.2642714927994082	-1.543392828485039	4	4
PPP2R5B	0.6148574474977769	9.868625895780177	8	8	0.20635854383647356	-9.217559801616042	8	8
PPP2R5C	0.8070228050924089	-0.27408606568123517	1	1	0.5195875290766929	-8.181828433392313	1	1
PPP2R5E	0.5271152883335497	5.802235015314779	4	4	0.06228620598578593	2.303144024654768	4	4
PPP3CA	0.6323397644748567	2.7683730417090504	4	4	0.2139282164165589	-9.483804313670525	4	4
PPP3CB	0.8087353319172415	2.936284220645535	3	3	0.03337335020827443	2.190931269777342	3	3
PPP3CC	0.4112870965900274	9.401157915286332	1	1	0.8070226556007543	-1.160588597575555	1	1
PPP3R1	0.9140951026257389	1.7346861702299055	5	5	0.702116445531177	-4.195303716019954	5	5
PPP4C	0.09867134830895578	-1.7945753838878034	2	2	0.6442631413066847	-3.100643750109002	2	2
PPP4R1	0.7792645967221339	3.047070884854506	3	3	0.8584413939982327	-4.95981585592553	3	3
PPP5C	0.40044174454685266	6.045984166225042	3	3	0.193782858123412	1.105857519039269	3	3
PPP6C	0.3936280398920883	-0.8965110010577186	2	2	0.9438467162032397	-3.8974946921487783	2	2
PPT1	0.05766405242389858	9.99465564329338	3	3	0.05600656756338817	1.671361585553721	3	3
PPTC7	0.15119916728147031	1.5551238750127407	4	4	0.19246307622108116	-9.23008901471963	4	4
PRDX2	0.853441986697577	3.706721829150027	3	3	0.6928895267266535	-2.09111700639185	3	3
PRDX5	0.2261679063718809	-1.0508612081826634	3	3	0.4677320318260033	-5.725433615038931	3	3
PRDX6	0.04356721728795325	9.97813595600415	4	4	0.3249338715623281	0.8979553024203586	4	4
PREP	0.9087154244859418	2.9919359621495887	3	3	0.7213035919898935	-2.2357941395480374	3	3
PRG2	0.33932917971352095	-0.3268426974181997	3	3	0.3458075776197217	-6.372930898222227	3	3
PRKAA1	0.364206397848554	8.631733779122696	4	4	0.49182511296439413	-5.817440900219753	4	4
PRKAA2	0.444630048389984	6.610005921656345	4	4	0.925516195867917	-2.3670113160536412	4	4
PRKAB1	0.2159627269371317	-1.257105385118578	4	4	0.464533013813055	-5.729425125295635	4	4
PRKAB2	0.6373723742473569	5.296941255889277	3	3	0.7890550867689189	-2.8241957029777525	3	3
PRKACA	0.8326472970175447	4.21096240532102	2	2	0.44776731577168893	-4.6146674440384325	2	2
PRKACB	0.4987804854410054	-0.7261981862821667	4	4	0.6800130520324017	-2.247551372250116	4	4
PRKACG	0.04548274147335113	8.541096009279078	3	3	0.17282926341594285	-0.8634674453731148	3	3
PRKAG1	0.532460476336369	-0.5471353902166699	3	3	0.4296015845811695	0.6477903106152552	3	3
PRKAG2	0.4292669168612616	7.050729914589697	2	2	0.9687859001016808	-0.07726055320489991	2	2
PRKAG3	0.7084412016964763	5.230291551865618	4	4	0.0071635621891767386	-9.66569980743664	4	4
PRKAR1A	0.8714537943092214	5.990293036312703	5	5	0.8215461364378857	-4.714397908625057	5	5
PRKAR1B	0.03771835774136792	2.1894335194275265	8	8	0.3015147162083702	-9.86836577346519	8	8
PRKAR2A	0.32660688575712116	5.785052328564846	3	3	0.7404652322133128	-2.3592418360879623	3	3
PRKAR2B	0.7483055612925589	4.406755759510307	2	2	0.7364734272354451	-3.929901801978102	2	2
PRKCA	0.06871982842257879	10.751633935174382	4	4	0.2504126687359163	-1.2472024499688539	4	4
PRKCB	0.9692931234403545	2.964881333433649	4	4	0.7414328300087853	-2.0779721718257966	4	4
PRKCD	0.320257885208889	5.73878560704434	2	2	0.5159664342253295	-4.678901480601355	2	2
PRKCDBP	0.7404654225059137	2.3647786678107696	3	3	0.2677016093243556	-5.821149197031565	3	3
PRKCE	0.7043541650311715	5.8648370963582925	4	4	0.6800130520324017	-5.314582454208622	4	4
PRKCG	0.9695125445400574	2.653976346209609	3	3	0.9289394330539544	-4.655805239190034	3	3
PRKCH	0.33573662372063895	5.754987413913481	2	2	0.9812684812748693	-3.0259142503745315	2	2
PRKCI	0.8087353319172415	5.5980374000701545	3	3	0.6835110441368082	-3.1008120032196236	3	3
PRKCQ	0.7043541650311715	3.1101257681190204	4	4	0.059261283725002244	1.935433074050139	4	4
PRKCZ	0.6388364099018738	9.978271323432807	9	9	0.390214320599348	-7.682000352826368	9	9
PRKD1	0.5578521202528135	2.057008894185946	3	3	0.4677320318260033	0.45109675261992765	3	3
PRKD2	0.4252224239990542	2.1087031575139146	4	4	0.37004922618600733	-5.892874348275658	4	4
PRKD3	0.8906500801216473	5.327924543996958	4	4	0.9956122387548506	-2.354619821937744	4	4
PRKDC	0.6109601772009596	4.50423772844412	2	2	0.6668744210348194	-4.225313255646961	2	2
PRKG1	0.04429010874683532	11.043783366597998	2	2	0.6109599007285056	-2.6020177307606085	2	2
PRKG2	0.6649013208785187	-0.2120711093373071	3	3	0.9796722654035478	-2.4945687492315156	3	3
PRKRA	0.9780638637345559	5.514448749677979	4	4	0.3939993373582771	-5.949639403870218	4	4
PRKRIR	0.5636948498576708	-1.0256567327942818	1	1	0.3744062159409218	-8.933399100505362	1	1
PRKX	0.444630048389984	6.523730217802583	4	4	0.787572430225917	-5.770390359632511	4	4
PRLR	0.7791226096073944	2.197588313007781	4	4	0.28852665172456415	-8.799955326478138	4	4
PRNP	0.5677874993418255	-0.6664866290880447	2	2	0.9189624577693689	-3.9265063681263723	2	2
PROC	0.05011715558804283	-1.882797902903932	6	6	0.30263514370162126	-9.152945697367608	6	6
PRODH	0.46703527473793227	9.942778126805004	10	10	0.9537101086628084	-9.067035780284714	10	10
PROS1	0.9374666715332143	9.116420003992912	5	5	0.6876261478104089	-2.1117401355557397	5	5
PROSC	0.35900018778802656	6.217139411187509	3	3	0.38631854356443573	0.7270117904115624	3	3
PROZ	0.14997854469953847	-1.2198240883571494	3	3	0.5664447250132025	-3.175414721523618	3	3
PRPF4B			0	0			0	0
PRPS1L1	0.01907104948641735	10.61963662969838	3	3	0.07244276964142037	1.5437035961142793	3	3
PRSS1	0.12960712560534593	10.508325720286537	7	7	0.7170239929650382	-8.77423717562154	7	7
PRSS2	0.057201505768410106	-1.980752632312143	2	2	0.04266356348684066	-9.888495000023223	2	2
PRSS3	0.8940056217363023	0.09209280363516825	1	1	0.1254653220444873	-10.137577658963274	1	1
PRSS8	0.40044174454685266	6.008557009371607	3	3	0.08545315005789825	1.4962370379994965	3	3
PRX	0.619290881697329	-0.3982128565322742	3	3	0.33932881235762724	-1.6453633892224717	3	3
PSAP	0.37595066044100967	-0.9150203176602876	4	4	0.025207802941534296	-9.497619124687255	4	4
PSAT1	0.1578976672130854	10.887174237436895	5	5	0.3077726600118801	-1.7119693806220981	5	5
PSKH1	0.8448801044091533	3.4517912265699717	2	2	0.08653969216189229	2.046748312315028	2	2
PSKH2	0.8216137082481801	6.125814050232073	4	4	0.6323395103738714	-1.7721115105684433	4	4
PSPH	0.806325015975841	5.942885656111215	5	5	0.8139269160325052	-5.751669635291608	5	5
PSTPIP1	0.09147384018172652	-2.9465563801442283	1	1	0.08728778618596213	-10.854658477327533	1	1
PSTPIP2	0.29617516595582927	6.230090934437247	3	3	0.8186216516094972	-2.804978881147574	3	3
PTDSS1			0	0			0	0
PTDSS2	0.8941574042003609	3.966232443718451	2	2	0.15661621520969046	1.5218776526694273	2	2
PTEN	0.08094244266108043	-1.690811317099528	2	2	0.9313962043310189	-3.896722729679185	2	2
PTGDR	0.5525647793155457	6.50211273410486	4	4	0.35269385442800705	-1.4217418524811605	4	4
PTGER1	0.17081619426603123	9.423832774523898	2	2	0.7483053727723142	-3.2495592140532414	2	2
PTGER2	0.5343251909788127	-0.7093712311146957	4	4	0.16412976284705072	1.438803436433817	4	4
PTGER3	0.11449909969548774	-1.409512998094631	4	4	0.9167835608496743	-2.294482106816598	4	4
PTGER4	0.3124259470607137	11.195431928015418	8	8	0.7440666179765985	-9.155437392079447	8	8
PTGFR	0.38190948173620254	2.3752746552875457	4	4	0.6719714497594738	-4.882861075168068	4	4
PTGIR	0.8473706670327049	5.547228682018031	4	4	0.1390591171862447	1.5079138308459992	4	4
PTGIS	0.7890552434260615	3.182462973183471	3	3	0.27885670065329515	-1.288964183203369	3	3
PTGR1	0.33932917971352095	6.577938396041719	3	3	0.7695086763516427	-2.2078964061107533	3	3
PTGR2	0.8906500801216473	2.9708643441609293	4	4	0.3879255303064266	-6.066334442300828	4	4
PTGS1	0.7501078324730008	2.9256567196164647	3	3	0.9390695392249732	-2.498941607609249	3	3
PTH			0	0			0	0
PTH1R	0.9692931234403545	0.681549073011975	4	4	0.3584208770426619	-1.1062456534742406	4	4
PTK2	0.738809095912109	5.702384102071363	5	5	0.8215465219598375	-5.256946841254791	5	5
PTK2B	0.14640510444390017	-1.2314639724916017	3	3	0.8885502726804506	-2.647112854791788	3	3
PTK6	0.444630048389984	2.804800459827821	4	4	0.037139825944681036	-9.412887576939044	4	4
PTK7	0.6283037486765117	3.1515883080350715	3	3	0.4296015845811695	-5.050263383531946	3	3
PTP4A1	0.006705260405265052	11.014938337196782	4	4	0.9167835608496743	-5.487325512897221	4	4
PTP4A2	0.4292669168612616	-0.9788354781140782	2	2	0.6442631413066847	-3.016810007580077	2	2
PTP4A3	0.47807292595619444	1.288302838001381	4	4	0.49182511296439413	-2.2599984668988884	4	4
PTPDC1	0.03331915756702869	10.387365437020971	4	4	0.25497474746090887	-1.6561314888972234	4	4
PTPLA	0.563653730280014	5.269608807439697	4	4	0.09135822710907333	-9.538158618505976	4	4
PTPLB	0.8083057017325583	4.292336376645932	2	2	0.123131040297041	1.8943811097410383	2	2
PTPMT1	0.6730845201947089	1.017205592004177	1	1	0.12008003769557764	2.942748659877579	1	1
PTPN1	0.8387654471035386	2.4214616638556343	4	4	0.8216135773489174	-5.102826874114261	4	4
PTPN11	0.040244892280267563	10.0896760615349	4	4	0.05090957769752147	2.0948211874393405	4	4
PTPN12	0.9188208908912462	3.01068426482726	3	3	0.40761766300650815	-1.5704863718374498	3	3
PTPN13	0.9140951026257389	3.246181743354138	5	5	0.2940275525107616	1.0551929482470832	5	5
PTPN14	0.6661057842187315	6.489808927534796	5	5	0.2763504424961627	-1.5385537416232467	5	5
PTPN18	0.4538773146507815	9.946372301825354	8	8	0.8447011818616095	-9.022070271491009	8	8
PTPN2	0.17282959011522192	6.51537495109545	3	3	0.8986246318980301	-2.389371933160413	3	3
PTPN20B	0.30512347524234096	6.334656526982843	8	8	0.14547975108140523	-9.369357333709571	8	8
PTPN21	0.2284584116841577	10.305482759448587	4	4	0.34702507347149536	-1.6893215399427979	4	4
PTPN22	0.2564592225367506	-1.3066643328638188	2	2	0.9313962043310189	-3.689242202972811	2	2
PTPN23	0.7875725849725521	2.5493069206950647	4	4	0.7207529978002427	-5.231125517409421	4	4
PTPN3	0.9167836227332399	3.540235565891088	4	4	0.9692931005333311	-4.203712297101171	4	4
PTPN4	0.5379484147009903	2.0333166642817315	4	4	0.7207529978002427	-5.816372342280069	4	4
PTPN5	0.6464956225169609	-0.43927542789082646	3	3	0.9695125213619703	-2.4151229385056756	3	3
PTPN6	0.4986163417161522	-0.23978495299671673	5	5	0.5111453284998759	-9.85707018239821	5	5
PTPN7	0.38190948173620254	2.259215218919485	4	4	0.18506361559206097	-9.314789701890893	4	4
PTPN9	0.1612467450118772	9.225547258929476	2	2	0.4112179464629011	-8.073661543439544	2	2
PTPRA	0.3142396258958394	1.8577314585925315	4	4	0.6719714497594738	-1.689344020198206	4	4
PTPRB	0.2133646532318163	-1.2244355577216774	2	2	0.9065484956534406	0.08068641237759883	2	2
PTPRC	0.22195619005714728	9.97404128349166	1	1	0.17555094491149326	2.215020250323033	1	1
PTPRD	0.40044174454685266	6.0430350890266284	3	3	0.49953947157866563	-1.9759075051247272	3	3
PTPRE	0.9409028070831253	10.71682707055681	7	7	0.8304156552048847	-9.419687697907394	7	7
PTPRF	0.6464956225169609	5.799817287213219	3	3	0.2903238499882219	0.927295074613049	3	3
PTPRG	0.3584212357687704	-1.0007131166811334	4	4	0.2414602485702918	-1.545566707150191	4	4
PTPRH	0.6897926505099344	4.350992595496759	2	2	0.18080447969509694	-8.78813039681496	2	2
PTPRJ	0.6167700247691581	6.740717497246304	4	4	0.471275986177486	0.17091039281677511	4	4
PTPRK	0.8386932189369143	10.281455936360942	8	8	0.7850831722263684	-5.206595382331206	8	8
PTPRM	0.10029080195567708	8.005769704793499	3	3	0.4914814756545792	-1.628067102559094	3	3
PTPRN	0.5199874211608405	-0.5591920273767196	3	3	0.4522592086601719	-5.626682130842091	3	3
PTPRN2	0.6560013687655859	2.6530780834526646	4	4	0.9868372470215122	-4.747795007053674	4	4
PTPRO	0.1851883080751462	6.732885884048322	3	3	0.9593577229803231	-4.675928969923562	3	3
PTPRR	0.6897926505099344	4.862588467623296	2	2	0.8204547448216611	-3.3500018365191524	2	2
PTPRS	0.07244298681434357	7.463928576369066	3	3	0.14289686981492458	-0.4155583639240324	3	3
PTPRZ1	0.22396898283072642	-1.2820553371448746	5	5	0.17283691865437034	-9.491570784931007	5	5
PTS	0.31269632305421624	5.174856108785596	2	2	0.6109599007285056	-5.651032884778609	2	2
PURA	0.04994156223751708	10.53697088153639	7	7	0.993427699556402	-4.9923139861171455	7	7
PVALB	0.8186217871680629	3.1459942183333798	3	3	0.7743819344850524	-5.28117878398471	3	3
PVR	0.2499576788080181	5.451744907869649	2	2	0.5784426169079073	-2.834452286313866	2	2
PXK	0.05127121679616788	-1.9084381806290491	3	3	0.061100863790258905	-6.9391215297721365	3	3
PYCR1	0.9342578635035359	2.6620295570902925	4	4	0.5271149799847772	-2.1756936328137084	4	4
PYCR2	0.09548375910663126	10.171926147111067	5	5	0.37744612566763913	-1.784724323786837	5	5
PYCRL	0.2835597010259645	1.3766025075430839	4	4	0.5786030647682013	-8.450000792227536	4	4
PYGL	0.7364736239371686	-0.30094825824836313	2	2	0.7483053727723142	-3.370608370720798	2	2
PYGM	0.6442633980421388	-0.5950311452750086	2	2	0.6555293115894967	-4.280887316604218	2	2
QDPR	0.8589979437444121	0.1700405695956082	1	1	0.4912047926143188	-8.322664298836628	1	1
QPCT	0.594068427704725	6.741066057199945	1	1	0.08728778618596213	-11.889659384059785	1	1
QPRT	0.7170241840572669	5.994919317960101	7	7	0.17672457369642136	-9.878970904952013	7	7
RAB5A	0.29617516595582927	-1.1540426393417855	3	3	0.09263354771803925	1.5291396012853518	3	3
RAB7A	0.6880914364547523	2.3970115912383974	4	4	0.7706984929184775	-8.167272893458176	4	4
RAB8B	0.33161196485481736	7.077014489866566	5	5	0.7836310235234913	-3.4333984839903997	5	5
RAB9A	0.19213031176159656	9.48035273754047	5	5	0.6308484326624153	-4.359255542786169	5	5
RABGGTA	0.7364736239371686	0.9034505167880331	2	2	0.6330781015243618	-6.504291850923044	2	2
RABGGTB			0	0			0	0
RAF1	0.621976598269959	5.157567783752595	2	2	0.7247036409253919	-2.6430721359994997	2	2
RALA	0.29402790612640517	11.117574616334734	5	5	0.7462225067258876	-8.60728555047278	5	5
RAMP1	0.5562493771843942	5.680164443469358	4	4	0.06543774800978615	2.0197419034793427	4	4
RAMP2	0.5711052561475319	2.413133039357815	4	4	0.14809076243766148	-0.8889907946339345	4	4
RAMP3	0.2213186767506925	6.766332133771852	3	3	0.6928895267266535	-1.9392508018952632	3	3
RARG	0.6480742217321677	1.6499625632077108	4	4	0.464533013813055	0.1555547209738445	4	4
RARRES1	0.444630048389984	2.0248470290822485	4	4	0.804546679542733	-3.8544107791100544	4	4
RBKS	0.07213577606638465	-2.057852085627321	4	4	0.05779515290032588	-10.213384127423957	4	4
RBP1	0.12313133085429825	9.924038697915949	2	2	0.7601968921147417	-4.178966148518073	2	2
RBP3	0.9080610237839554	2.8018354372235987	4	4	0.9956122387548506	-5.762868978954852	4	4
RCVRN	0.29912966377055794	-0.9233635479730573	3	3	0.32036311775275095	-5.865993458302803	3	3
RDH12	0.7601970723197148	4.4564728956885284	2	2	0.07310054942252359	1.9559599445945453	2	2
RDH13	0.29402790612640517	10.914197492911233	5	5	0.9921754341086707	-4.4940369482413836	5	5
RDH14	1.0	5.224155833936719	3	3	0.9390695392249732	-2.5672700008142315	3	3
RDH5	0.7013608866555113	-0.2506980760718207	2	2	0.075642311200271	1.926402600748767	2	2
RDH8	0.9438467596639596	4.123287531519616	2	2	0.335736249076804	1.0492304939006663	2	2
RDX	0.9087154244859418	0.26547872657146626	3	3	0.5408586559145936	-2.0447840393571393	3	3
REG1A	0.7728254533973092	-0.37911598277848313	1	1	0.25741633364271166	-9.286858350489561	1	1
REN	0.16181512496425643	-1.9328197663303186	1	1	0.46367654075746134	1.0790461045618556	1	1
RENBP	0.9695125445400574	2.6884053241655272	3	3	0.6014365649954452	-3.016298427962679	3	3
RET	0.14698683135558346	-1.869129833957358	6	6	0.6203750019488004	-4.658984344484167	6	6
RETSAT	0.3358629279751377	6.209317656508944	4	4	0.3037787952045725	-0.6236706813008502	4	4
RFK	0.5343251909788127	2.228662118858491	4	4	0.6480739768085192	-5.025049273456494	4	4
RIOK1			0	0			0	0
RIOK2			0	0			0	0
RIOK3	0.48609555358126055	-0.8460773967541106	2	2	0.6330781015243618	-4.301535848831644	2	2
RIPK1	0.21054758310375088	2.0558925285196477	7	7	0.9278026825684311	-6.592246737979084	7	7
RIPK2	0.2690068213228318	6.948223136219151	4	4	0.7623014975522668	-2.2387991030659635	4	4
RIPK3	0.327644106572868	-1.1710852234558782	4	4	0.3584208770426619	-8.693020114892272	4	4
RIPK4	0.9517638390688343	2.4817999317254222	4	4	0.4987801650015333	-3.6824997575708553	4	4
RLBP1	0.05927939469721782	-1.9639645946840716	2	2	0.6555293115894967	-4.518627455143188	2	2
RNASE2	0.4292669168612616	-1.0106591923839368	2	2	0.09551778053055855	-9.419025833193647	2	2
RNASE3	0.2482033602934547	9.829498664840893	1	1	0.08728778618596213	-10.700295522326563	1	1
RNASE4	0.23706988210407653	6.406752694568905	4	4	0.3879255303064266	-1.7736236825811966	4	4
RNASEL	0.566445020213536	-0.40624524228741904	3	3	0.6649010815412519	-2.1561800832023277	3	3
RNGTT			0	0			0	0
ROCK1	0.35269421378013754	-1.2615456632517545	4	4	0.04024474325944151	-9.998658955987024	4	4
ROCK2	0.11449909969548774	10.466732867460838	4	4	0.3089797686191612	-9.459914007638703	4	4
ROR1	0.678296459562844	4.908062514987478	2	2	0.05927919769926805	2.2524455952214124	2	2
ROR2	0.7364736239371686	3.2154052159844495	2	2	0.42018532299892275	-5.089426095461975	2	2
RORA	0.25685748808095066	-1.0182254421547927	3	3	0.5794516007112549	-5.584992827965119	3	3
ROS1	0.8684571605169031	2.5252556373292716	3	3	0.4522592086601719	-1.7432424967045745	3	3
RPIA	0.16857822828500713	10.679942427675046	1	1	0.10985388202906804	3.533042756148114	1	1
RPS6KA1	0.9212598039497538	5.892511892809773	7	7	0.7355687310166854	-8.900353710023166	7	7
RPS6KA2	0.6103348841762416	2.5448733249680173	3	3	0.27324022982090423	-6.039773674233284	3	3
RPS6KA3	0.5786033482493851	2.5084970599803142	4	4	0.571104968830898	-2.1568226308750944	4	4
RPS6KA4	0.6103348841762416	3.309212598986005	3	3	0.19818855542138125	0.914969862691772	3	3
RPS6KA5	0.6556723329678809	2.3135787860937502	3	3	0.6741811441972977	-1.7525069738844625	3	3
RPS6KA6	0.2242372173604591	6.923482724343451	4	4	0.15119886215128134	-0.4776796156705771	4	4
RPS6KB1	0.9390695854796868	-0.007576716428995785	3	3	0.4446325926260951	-1.7043951246524471	3	3
RPS6KB2	0.29662741059730835	-1.5400482517531273	1	1	0.8764714771403491	-0.2367135113555915	1	1
RPS6KC1	0.276350794267175	10.412532828923025	5	5	0.4100697542085314	-1.767754163043718	5	5
RPS6KL1	0.4849227716542278	2.485253700510033	4	4	0.22423687154222427	-9.02396152714946	4	4
RSL24D1			0	0			0	0
RTCA	0.9492095536471424	2.514395372209922	3	3	0.8186216516094972	-2.273521586494206	3	3
RXRA	0.19818889666956385	6.5021705878592755	3	3	0.16109788047697393	1.2274071253970356	3	3
RXRB	0.4667133145555178	5.051030425346058	2	2	0.7013606662643886	-3.1500133719162275	2	2
RXRG	0.14765957000505742	9.623270551831013	2	2	0.3681126361127579	-8.268642752956769	2	2
RYK	0.16857822828500713	10.643028830990241	1	1	0.5195875290766929	-8.23031747323082	1	1
RYR1	0.578442911447663	4.610578143269289	2	2	0.25645885384477063	1.2281936786923324	2	2
S100A1	0.190289945842261	10.76037009317995	7	7	0.8659038141465737	-9.158991435753604	7	7
S100A11	0.9530789633375759	6.065411063953856	5	5	0.39355324224003907	-1.7691004379427895	5	5
S100A12	0.4296256894678412	6.001759745856759	6	6	0.3940445168673652	-9.590360007832713	6	6
S100A13	0.33932917971352095	5.790792536115681	3	3	0.6556720879670175	-2.829562804289178	3	3
S100A2	0.9812684957937546	2.9202403847438	2	2	0.9937556505148506	-3.726934957056775	2	2
S100A4	0.3566129935651825	10.901594415214712	5	5	0.8215465219598375	-8.218105195967043	5	5
S100A7	0.10029080195567708	7.018057376348676	3	3	0.7695086763516427	-5.134129039823439	3	3
S100B	0.9517638390688343	3.3374095488720656	4	4	0.7623014975522668	-8.193663436350306	4	4
S100G	0.9898353156208693	0.40558763272904574	3	3	0.08545315005789825	1.9887443557440914	3	3
S100P	0.678296459562844	4.5548762144089805	2	2	0.19931707818027078	-8.88778942598855	2	2
SAA1	0.19059313555696233	2.387572905934358	4	4	0.08033087835892426	-8.897522219145241	4	4
SACM1L	0.09147384018172652	-2.9476352995819415	1	1	0.5940681361537272	0.665731976358313	1	1
SAR1B	0.28852701158748395	6.630087897921278	4	4	0.464533013813055	-2.0879274748628736	4	4
SARS			0	0			0	0
SBF1	0.4560807300245122	1.4888982394592523	5	5	0.6378362581530908	-5.322300606586867	5	5
SBF2	0.35900018778802656	6.329452695096809	3	3	0.7308634197198782	-4.068942444620922	3	3
SBK1	0.6741813777617263	3.3027510090350294	3	3	0.3141982585640325	-5.8654642478086645	3	3
SBK2	0.8384799433425073	2.837999630537316	3	3	0.13945380977392602	1.542470387122029	3	3
SCARB1	0.8130691685591867	6.010761723499968	4	4	0.951763803111252	-5.553015976063899	4	4
SCGB1A1	0.9438467596639596	4.480182994681483	2	2	0.9563109619606546	-3.4183580276880012	2	2
SCLY	0.9140951026257389	5.528768874134639	5	5	0.6238934594928984	-6.293983992841568	5	5
SCMH1	0.680013277619639	2.774766293278493	4	4	0.8301793382822623	-5.1538235789118065	4	4
SCN10A	0.23730213332376793	-1.199417289106865	2	2	0.04596834043718927	-9.767679114096277	2	2
SCN11A			0	0			0	0
SCN1A	0.40761801968816536	6.584527182060827	3	3	0.3458075776197217	-5.4604164242707105	3	3
SCN1B	0.7721455293249869	3.169008172052463	2	2	0.8448799856795206	-4.379386949578613	2	2
SCN2A	0.12849783069067328	-1.5030401293252822	5	5	0.4501749977834165	-9.62968191514305	5	5
SCN2B	0.09513219883687525	-1.4600287920434347	3	3	0.04412475952915102	-9.368085780862865	3	3
SCN3A	0.6569524174850114	1.7436064972649303	1	1	0.6409783628356085	-7.749098371167304	1	1
SCN4A	0.6555295613905873	-0.5240746327157684	2	2	0.9563109619606546	-3.7292462688586756	2	2
SCN4B	0.9167836227332399	2.757304965085362	4	4	0.3037787952045725	-8.976527267087018	4	4
SCN5A	0.7988793170447239	2.9300040320377465	3	3	0.6373721182554996	-1.8158697483270911	3	3
SCN9A	0.20721920800864702	-1.0376946859892466	3	3	0.8584413939982327	-2.6489481108798794	3	3
SCNN1A	0.4384612026601903	-0.9078036336520494	2	2	0.07825574293230475	-9.81554600136313	2	2
SCNN1B	0.7792645967221339	-0.33933744611332334	3	3	0.7988791673502019	-2.145188359873611	3	3
SCNN1D	0.3373568394752986	10.334329489162423	6	6	0.819973567789644	-5.913083813600977	6	6
SCNN1G	0.5628587306131971	6.991715045230104	5	5	0.7240549561879817	-5.500157767168453	5	5
SCPEP1	0.45995954822348795	5.697724362264398	3	3	0.5076670817478994	-5.548039760918726	3	3
SCTR	0.7875725849725521	2.7914399903239224	4	4	0.20396654296490413	1.095630050882525	4	4
SCYL1	0.2499576788080181	-1.1547593632949864	2	2	0.14765925602273347	-9.061632113636797	2	2
SCYL2	0.3081123080670729	4.1429099385261985	3	3	0.3657130123232961	-1.7596404546847013	3	3
SCYL3	0.566445020213536	3.3291632193900456	3	3	0.7501076487404902	-4.021723070218242	3	3
SDF2	0.33573662372063895	-0.900306814476898	2	2	0.9313962043310189	-3.856082193745996	2	2
SDHA	0.13045797461012365	11.221669502740063	4	4	0.5786030647682013	-1.7957327524361013	4	4
SDS			0	0			0	0
SDSL	0.020413507267622474	10.884570040872354	3	3	0.21184438516625115	1.0346089626655537	3	3
SEC14L2	0.6100843679469988	6.353186207115427	5	5	0.3031444670283445	-4.551417564104426	5	5
SEC14L3	0.4185246626945247	3.601391905651424	3	3	0.18944949622657148	-8.431363333159469	3	3
SEC14L4	0.5628587306131971	7.146545694081617	5	5	0.5628584445899367	-3.5795666765076035	5	5
SELE	0.2979287819045656	-1.1413626948985511	2	2	0.7483053727723142	-3.853771801089088	2	2
SELP	0.5677874993418255	-0.22582597647466285	2	2	0.8204547448216611	-4.007149875806041	2	2
SEPSECS			0	0			0	0
SERPINA1	0.8626654721807525	6.503869027933086	7	7	0.41952216430375855	-9.638462994026268	7	7
SERPINA5	0.7597894466117869	-0.28761119982223643	3	3	0.3266065177957045	-1.3624057217588519	3	3
SERPINB2	0.057795339701391044	-1.666813079099877	4	4	0.15435641612727724	-9.37954034311081	4	4
SERPINB3	0.34365363667443916	-1.1333631887824813	2	2	0.2871631233575753	-8.540529170110162	2	2
SERPINB6	0.19246340817767205	6.89896392791492	4	4	0.31955729866548366	-1.5683949521618548	4	4
SERPINC1	0.8448801044091533	4.712368582148796	2	2	0.9687859001016808	-3.8771251627772916	2	2
SERPIND1	0.1263173876208534	-1.2247737987559002	3	3	0.7501076487404902	-2.9498566021492425	3	3
SFTPA1	0.49182543618102414	-0.48741100601651804	4	4	0.7207529978002427	-2.477739198513888	4	4
SFTPD	0.8784939751805159	3.1370575002313625	3	3	0.49953947157866563	-5.689980126861129	3	3
SGK1	0.5711052561475319	3.378495219151613	4	4	0.27379935027459656	-1.5098758076356102	4	4
SGK2	0.3850064325730531	8.227706399577931	2	2	0.5572266401448009	-4.404209836102817	2	2
SGK223	0.49182543618102414	3.6095539637165044	4	4	0.471275986177486	-1.647705555029356	4	4
SGK3	0.9319710771520777	10.726152753847435	10	10	0.9319710318284968	-9.143503796498527	10	10
SGK494	0.8448801044091533	4.223072055965087	2	2	0.4763500784541521	-4.576047459544198	2	2
SGPL1	0.6323397644748567	5.892709703400016	4	4	0.23273554252237705	-0.7419731262074628	4	4
SGPP1	0.5751009091417094	3.3141108444841323	3	3	0.2622406464755095	0.8604323767268157	3	3
SH3KBP1	0.855994122768659	3.1053856855654796	4	4	0.49182511296439413	-8.542156534017465	4	4
SHARPIN	0.9063200505894087	5.147169451011875	5	5	0.42699141521270145	-9.586051548267923	5	5
SHMT1	0.6378365043999737	6.309639791708496	5	5	0.6308484326624153	-5.013484274828324	5	5
SHMT2	0.3850064325730531	5.277413990332723	2	2	0.7247036409253919	-4.4443751423492	2	2
SHPK	0.17282959011522192	-1.2081970258492483	3	3	0.2622406464755095	1.0414314359025214	3	3
SI	0.17262447982061369	-1.368371108011301	4	4	0.0022724989409671115	-10.471100975962768	4	4
SIGLEC1	0.4914818051850972	3.508420324351476	3	3	0.7597892695257981	-2.0588672327880557	3	3
SIGLEC7	0.13614502915596355	-1.525270782607522	4	4	0.33586256729903585	-8.967120825227388	4	4
SIGMAR1	0.6880914364547523	3.2640466248752387	4	4	0.9956122387548506	-2.8000227155761634	4	4
SIK1	0.729001692040874	2.865935297015465	4	4	0.6480739768085192	-5.374872087036349	4	4
SIK2	0.1755512861589934	10.561510503158685	1	1	0.23922287638083872	1.6970813284929194	1	1
SIK3	0.2133646532318163	-1.2407288884281966	2	2	0.09867108704626407	-9.309435303582958	2	2
SIRPA	0.38190948173620254	-0.9373990804253598	4	4	0.11449882919967082	1.7110523438885323	4	4
SIRPD	0.9189625203770105	3.9592822024481684	2	2	0.9563109619606546	-3.7703704779689877	2	2
SIRT3	0.20721920800864702	6.422403836208517	3	3	0.22131832540422136	-6.166694325297276	3	3
SKP1	0.9563109957965795	0.4944642489516169	2	2	0.10863178549148185	2.791800114841719	2	2
SKP2	0.0622864012896096	10.24625815391795	4	4	0.43163567769926303	-2.198153885208759	4	4
SLC12A1	0.3434945370891904	10.660613782427895	7	7	0.9474590315396885	-8.511986169261812	7	7
SLC12A2	0.010480116118386236	10.797919810398172	5	5	0.2023504761073852	1.7616967763771259	5	5
SLC12A3	0.431636021447689	8.872486665390987	4	4	0.9868372470215122	-2.6242910917576476	4	4
SLC12A4	0.07116091820134406	-1.700082895276149	5	5	0.6100841062616841	-1.6617467329153695	5	5
SLC12A5	0.8338788065694933	5.409583156751521	6	6	0.3153666200343296	-3.3866748213757307	6	6
SLC12A6	0.10336588854301916	-1.785656758058522	6	6	0.6978510473579027	-8.632173339663595	6	6
SLC12A7	0.8571504311168385	0.4121174972001098	2	2	0.6668744210348194	-3.0898801806564453	2	2
SLC13A1	0.6668746637301395	2.2822589149278016	2	2	0.9438467162032397	-0.33877470289440215	2	2
SLC13A2	0.2311470166236419	6.0577747952667735	2	2	0.03016929804482601	3.181494389511126	2	2
SLC13A3	0.6308486828696491	2.5753428910202714	5	5	0.13350051005013563	-0.9701988726080334	5	5
SLC16A1	0.9063200505894087	6.1203445495630815	5	5	0.010779492753632906	-9.771355103174875	5	5
SLC16A2	0.10011821813722128	8.10302328030816	4	4	0.2159623842303634	-0.7984515410507306	4	4
SLC16A3	0.13614502915596355	-1.3432425956271221	4	4	0.42842155089916056	-5.998660554616387	4	4
SLC16A4	0.619290881697329	2.3008637375248067	3	3	0.019070958312884825	-9.71096804862326	3	3
SLC16A5	0.9937556553556648	4.509724015914636	2	2	0.29792840734862447	1.321135857448831	2	2
SLC16A6	0.8684571605169031	2.453070160502118	3	3	0.6649010815412519	-5.440691030406537	3	3
SLC16A7	0.55722694576323	4.923228856221446	2	2	0.15208754092535595	1.5424248284935813	2	2
SLC16A8	0.04770016409029917	-2.222342407994798	2	2	0.21917861024789154	-8.837134356209774	2	2
SLC18A1	0.19818889666956385	1.3856062604668213	3	3	0.4446325926260951	-5.822222549336968	3	3
SLC18A2	0.6032309874095999	5.762990112400428	5	5	0.4501749977834165	-9.167234171653734	5	5
SLC19A2	0.9898353156208693	2.224072970028887	3	3	0.3933415713062103	-1.5674708137329783	3	3
SLC19A3	0.5271152883335497	2.203443259403787	4	4	0.704353954761709	-5.039444491548909	4	4
SLC1A1	0.9898353156208693	2.470428734008483	3	3	0.7213035919898935	-2.2457446780776533	3	3
SLC1A2	0.23609276999775075	-0.9644311598078558	3	3	0.05600656756338817	-9.117828725574338	3	3
SLC1A3	0.4446329390008258	2.139326361321075	3	3	0.6014365649954452	-1.975115494593927	3	3
SLC1A4	0.7987412378077022	5.571672928071425	5	5	0.3643384166338296	-9.192255597406023	5	5
SLC1A5	0.473596094336758	10.225636790691992	7	7	1.0	-9.138743508038353	7	7
SLC1A6	0.3142396258958394	6.407611083676142	4	4	0.9868372470215122	-5.276210694871159	4	4
SLC1A7	0.8732917088682917	4.7738684860607	4	4	0.8559940164633577	-2.4327452236985714	4	4
SLC22A11	0.10029080195567708	-1.170172391007644	3	3	0.8384798221792227	-2.5586231287645416	3	3
SLC22A4	0.7792645967221339	5.620117762006598	3	3	0.6928895267266535	-3.0298631606803714	3	3
SLC22A5	0.4252224239990542	2.0993153830733426	4	4	0.2504126687359163	-0.16607580347385567	4	4
SLC22A6	0.24719020489198174	9.990222047372615	5	5	0.7314195183101144	-9.173852511802306	5	5
SLC22A8	0.4292669168612616	4.9560546033705455	2	2	0.4023651710818228	0.6346045482379625	2	2
SLC23A1	0.1552588882477168	11.005065861722215	1	1	0.4912047926143188	-8.366711658178776	1	1
SLC25A10	0.6103348841762416	2.342792477841693	3	3	0.592597532142719	0.12366798394975687	3	3
SLC25A12	0.8384799433425073	2.9484020289799378	3	3	0.18518797379758778	-0.960497269531543	3	3
SLC25A13	0.23706988210407653	1.493733599510671	4	4	0.04243477067466152	-10.248489980750586	4	4
SLC25A15	0.671971680300187	5.70325065863602	4	4	0.9605260663033696	-5.187206502297035	4	4
SLC25A18	0.5636948498576708	-1.1504305728075135	1	1	0.9822834293458884	0.05990294774666777	1	1
SLC25A2	0.55722694576323	3.3109470562526377	2	2	0.185958544705621	-5.448134319228051	2	2
SLC25A20			0	0			0	0
SLC25A22	0.13605815472013652	9.921110992285701	5	5	0.40451900729330426	-1.9697388091231514	5	5
SLC25A29	0.7539325668074291	6.038606727141937	4	4	0.7623014975522668	-2.47584856019672	4	4
SLC25A4	0.45784440187486986	6.327606910859214	4	4	0.33036897027656753	-2.041083453908954	4	4
SLC25A5	0.8204548816399886	4.019942062785056	2	2	0.3126959479142497	-8.440427194776465	2	2
SLC25A6	0.13597692369960762	10.094101648134773	7	7	0.9278026825684311	-9.31606434617107	7	7
SLC29A1	0.0003234439120114534	11.520853058845143	9	9	0.47471992738440094	-8.401609487118142	9	9
SLC2A2	0.1263173876208534	6.489701105377267	3	3	0.9492095150671236	-4.3678860812168985	3	3
SLC32A1	0.17787707459516855	-1.285946346101488	4	4	0.037642545652215594	-9.388265716079276	4	4
SLC36A1	0.9780638637345559	3.0009624570820694	4	4	0.7706984929184775	-6.079579274020873	4	4
SLC38A3	0.8130691685591867	5.356478849743645	4	4	0.6719714497594738	-5.824508266567591	4	4
SLC3A1	0.1937831971194348	6.514751756792141	3	3	0.10029054351135314	1.4658467371050536	3	3
SLC5A6	0.619290881697329	2.24849213650529	3	3	0.05766386231316586	-9.060773945955523	3	3
SLC6A1	0.32660688575712116	-0.7640959600906724	3	3	0.42219815884497036	-5.737580886242514	3	3
SLC6A14	0.33932917971352095	6.167534481786899	3	3	0.24632144453992377	-8.020612845529405	3	3
SLC6A2	0.8387654471035386	5.6254898972395395	4	4	0.3249338715623281	-6.204405682104575	4	4
SLC6A3	0.15732447457299148	6.8680622233523465	3	3	0.7501076487404902	-5.048861528539587	3	3
SLC6A4	0.8387654471035386	5.659823316719923	4	4	0.26900646398681083	-1.704980175994023	4	4
SLC6A5	0.47557743448155543	6.0608658768246855	3	3	0.2568571262585798	-5.74213226426063	3	3
SLC6A7	0.1851883080751462	-1.1873726434515468	3	3	0.43707988539831577	-5.57691872727008	3	3
SLC6A8	0.3933419311697044	6.003096991566778	3	3	0.5493228315258634	-5.507128460366098	3	3
SLC6A9	0.492413476467329	3.9813274803079897	5	5	0.38813852859235065	-4.4114809168889595	5	5
SLC7A1	0.12318873319828955	9.120105634101902	3	3	0.05600656756338817	1.66668557340844	3	3
SLC7A11	0.1822945519449478	2.381269081230391	5	5	0.9843516206890774	-5.080743377895687	5	5
SLC7A2	0.4571853733871295	5.145006906010632	2	2	0.09551778053055855	-9.438481166360457	2	2
SLC7A3	0.5493231352765601	2.541409371439767	3	3	0.6103346125679381	-2.1252908949106697	3	3
SLC7A4	0.633078365018908	-0.5747550206200271	2	2	0.7901688233723696	-4.102460857747749	2	2
SLC7A8	0.06141954078387197	-2.1451068064297765	2	2	0.06362306398608275	-9.55334785893116	2	2
SLC7A9	0.563653730280014	4.045306164964987	4	4	0.49182511296439413	-1.9130145750960155	4	4
SLC8A1	0.6090487229173832	4.580025083025679	4	4	0.7248730595631728	-4.003824739824647	4	4
SLC9A1	0.5057874693232971	6.6936333663369885	4	4	0.6962051260138995	-5.43507769983157	4	4
SLCO2B1	0.5786033482493851	3.6157732974582557	4	4	0.4578440662583241	-2.0843676653882683	4	4
SLK	0.24146059983595336	1.9138319423062224	4	4	0.9956122387548506	-5.301066381341353	4	4
SMG1	0.5302434029369792	4.532347154735622	5	5	0.17283691865437034	-3.512585421006701	5	5
SMOX	0.05336722744117409	10.837683285549305	5	5	0.05710340647873195	0.466080873356782	5	5
SMPD1	0.4381053313670389	2.485503212818994	4	4	0.8045462507672113	-4.809730602788908	4	4
SMPD4	0.08092143176339454	7.3159249426546396	3	3	0.6014365649954452	-1.9641564110312817	3	3
SMS	0.9593577538668886	2.640410406071093	3	3	0.9087153553567827	-2.2331203424771506	3	3
SNAP23	0.5261313159168926	-0.701472028506771	2	2	0.5261309951759973	-2.701819215563246	2	2
SNAP25	0.5677874993418255	-0.6581181925485202	2	2	0.18080447969509694	-9.0658605602596	2	2
SNRK	0.17787707459516855	9.216414961014967	4	4	0.22845806440505245	-1.7326492560626112	4	4
SNRPA	0.7223650252766525	-0.5633841557325603	1	1	0.13103698650643048	2.809644246686963	1	1
SNX3	0.2895391136023481	7.104745098499475	5	5	0.26357776851445136	-1.95236216544588	5	5
SOAT1	0.5057874693232971	6.233678651140053	4	4	0.571104968830898	-2.099873304866609	4	4
SOAT2	0.9593577538668886	2.9493306324659305	3	3	0.9898353078898228	-2.642497602708332	3	3
SOD1			0	0			0	0
SORCS3	0.881963807732946	5.835609200553634	4	4	0.0435670604823812	-9.503368086877279	4	4
SORD	0.10566999399141129	9.42446941587549	3	3	0.6835110441368082	-4.666192559947977	3	3
SPEG	0.4862522290593052	10.727006331217913	5	5	0.9765293119958723	-4.977138773593406	5	5
SPHK1	0.11449909969548774	1.7719159059912961	4	4	0.8646347076030771	-5.034485952353147	4	4
SPHK2	0.2574167096864557	-1.5658844943842087	1	1	0.5787877329810506	-7.887727242120078	1	1
SPHKAP	0.13607526409677123	7.315656330588659	3	3	0.010834887265641135	2.7785734867491887	3	3
SPINK6	0.9189625203770105	3.719575728729228	2	2	0.6555293115894967	-3.9470981818524327	2	2
SPIRE2	0.9695125445400574	2.7933137462942526	3	3	0.7213035919898935	-1.9626256370525006	3	3
SPR	0.621976598269959	2.9364343306192016	2	2	0.2698119125223706	-4.890212240052689	2	2
SPRYD3	0.4001307052973355	2.17725706879553	4	4	0.8559940164633577	-5.352794461083749	4	4
SPTBN1	0.37650126080187063	-0.9051880587115235	2	2	0.9687859001016808	-3.3497824290320466	2	2
SPTLC1	0.8384799433425073	2.906620408025031	3	3	0.9593577229803231	-4.55865457014544	3	3
SPTLC2	0.9937556553556648	3.7840152462396572	2	2	0.8448799856795206	-4.0531320916560905	2	2
SPTLC3	0.20560065206805456	-1.7161065404780853	1	1	0.15525856183657885	-9.624692836286284	1	1
SQLE			0	0			0	0
SRC	0.4001307052973355	9.441477926217631	4	4	0.45120951327413994	-8.980975269718178	4	4
SRMS	0.9780638637345559	2.753624681353386	4	4	0.464533013813055	-1.547154767322015	4	4
SRPK1	0.8694553772218815	3.831069698845935	2	2	0.9812684812748693	0.027881013068924404	2	2
SRPK2	0.4252224239990542	1.906635597959868	4	4	0.33036897027656753	-5.978339954716293	4	4
SRPK3	0.23609276999775075	6.686728784622248	3	3	0.0344450450293478	2.075145138760859	3	3
SRR			0	0			0	0
SSB	0.7223650252766525	-0.4613885672351081	1	1	0.4240439485385076	1.1207170254931116	1	1
SSH2	0.6880914364547523	5.0817690205457895	4	4	0.6560011285552952	-2.2545336978195185	4	4
SSH3	0.8387654471035386	5.854195491196701	4	4	0.77912244903092	-2.4826211373896148	4	4
SST	0.47127631713186635	2.4105416037330376	4	4	0.037139825944681036	-9.654572433303734	4	4
SSTR1	0.5496970627594353	9.591919475243111	5	5	0.7462225067258876	-2.1982193453920016	5	5
SSTR2	0.13045797461012365	0.9222955699756454	4	4	0.6880912158982115	-5.888401026029132	4	4
SSTR5	0.7044665724694605	2.544178987752602	6	6	0.9395307527307833	-7.814461463552317	6	6
ST14	0.09744926929457277	11.03980452759385	5	5	0.9687092598496442	-5.1834716264670595	5	5
STK10	0.43708023410498653	3.775895340129533	3	3	0.23109212960130765	-1.095334236535327	3	3
STK11	0.2523850676299214	10.63795095313957	8	8	0.7909947116116316	-8.598279077553007	8	8
STK11IP	0.27865063196508444	-1.1130171450668662	4	4	0.478072597481917	-9.09925553909399	4	4
STK16	0.1808048177736482	9.321266047260504	2	2	0.6555293115894967	-4.305832016980238	2	2
STK17A	0.492413476467329	9.184465941831967	5	5	0.16673899835975814	-9.378561835691444	5	5
STK17B	0.7836311780599026	2.624960814334022	5	5	0.3414727951104407	-4.297073965667734	5	5
STK19	0.5343251909788127	3.631602712389173	4	4	0.4987801650015333	-1.286305132557906	4	4
STK24	0.05936191759460061	7.757536401894426	3	3	0.9796722654035478	-4.49678104981589	3	3
STK25	0.3470254333567879	6.2905980664068935	4	4	0.9956122387548506	-4.61054304268004	4	4
STK3	0.14289717381157954	7.209648494002198	3	3	0.5076670817478994	-1.913977965713628	3	3
STK31	0.17090006988278983	7.20128083837815	4	4	0.8906499990203016	-7.938432119988921	4	4
STK32A	0.6323397644748567	3.0973927007031636	4	4	0.8387653284163183	-5.17171049700863	4	4
STK32B	0.41256350776904727	2.0781481425916346	4	4	0.16082147650573142	-10.12664011212627	4	4
STK32C	0.31612001021578773	9.78847740337161	8	8	0.27031996179233364	-9.874981221771945	8	8
STK33	0.8368357719134996	6.043272680007173	5	5	0.9765293119958723	-6.618603611833602	5	5
STK35	0.24320718013304687	-1.0716625066475782	5	5	0.3414727951104407	-9.195842023582365	5	5
STK36	0.21917896751705435	5.722731766941548	2	2	0.8571503215639664	-3.782062551373466	2	2
STK38	0.07389519885805045	1.3194075145081368	4	4	0.0026288558760520406	-10.06550072128896	4	4
STK38L	0.5343251909788127	6.071033159656438	4	4	0.0934882048607748	1.7048734726310018	4	4
STK39	0.2327358911972569	9.33348461715475	4	4	0.13045768759887796	-1.3845748241431772	4	4
STK4	0.364206397848554	2.178919100953893	4	4	0.20396654296490413	-9.387621615419375	4	4
STK40	0.07041080932567806	-1.6327085039059692	4	4	0.27379935027459656	-6.8593617193234335	4	4
STMN4	0.5493231352765601	5.6019773855680866	3	3	0.9289394330539544	-2.907905468470498	3	3
STRADA	0.5271152883335497	1.7510497751576164	4	4	0.49182511296439413	-6.245095520148575	4	4
STRADB	0.13607526409677123	-1.357553336355594	3	3	0.24116874517782105	-6.06687654358366	3	3
STYK1	0.14289717381157954	-1.2854596094390551	3	3	0.9796722654035478	-2.6036836562623695	3	3
STYXL1	0.08728803610526567	12.437867640476899	1	1	0.14275382311050352	2.762950168021587	1	1
SUCLA2	0.36571337696523953	-0.8544747154466196	3	3	0.764644165294227	-5.150990166939452	3	3
SUCLG1	0.9390695854796868	2.5352156755640047	3	3	0.0744910318501027	1.4998029603015428	3	3
SUCLG2	0.12950757392933906	0.8347873089236373	3	3	0.014442687811653964	-10.028457129529508	3	3
SUCNR1	0.9868372568447477	2.7357650032982694	4	4	0.42522207846558935	-8.795689092493825	4	4
SULT1A1	0.2165444176092176	-1.1157663165942082	3	3	0.117112979797992	-6.514349682285154	3	3
SULT1B1	0.5057874693232971	2.755941767165392	4	4	0.8301793382822623	-2.6681048676254346	4	4
SULT2A1	0.3021045046516303	-0.8431987768888577	3	3	0.4599592069201467	-3.387527717792246	3	3
SUOX	0.9124209392183963	2.8536447209551725	4	4	0.5488924899213611	-6.01010994497431	4	4
SV2A	0.030678977870879014	-2.120315602845908	4	4	0.6880912158982115	-2.0986199774744283	4	4
SYK	0.7923367415941117	8.929826169248555	6	6	0.3556410258421576	-10.373520958390454	6	6
SYN1	0.08322567052413078	9.693489987590535	4	4	0.2159623842303634	-1.3757503108145528	4	4
SYNC	0.03153834470511555	-1.8205837590206422	4	4	0.2139282164165589	-9.07417317263929	4	4
SYT2	0.7791226096073944	2.274107027012793	4	4	0.804546679542733	-5.911338668606227	4	4
SYTL4	0.8732917088682917	2.8233725703771984	4	4	0.0435670604823812	2.151986639247558	4	4
TAAR1	0.3329288008828586	6.825538048303076	3	3	0.47557709879324583	-1.7955487925669855	3	3
TAB1	0.9563109957965795	4.369592931080867	2	2	0.4023651710818228	-4.611849060173006	2	2
TAB2	0.8186217871680629	2.7218238753147053	3	3	0.33932881235762724	-5.8890453502516955	3	3
TACR1	0.5925978135610077	-0.4320601868990905	3	3	0.3329284331626574	-1.5875918847437696	3	3
TAF1	0.351688870151323	-1.0004707649371518	2	2	0.7483053727723142	-4.203548541066549	2	2
TAF1L	0.29072261850810066	-1.2701975776367727	2	2	0.14765925602273347	-9.177939945347852	2	2
TAOK1	0.855994122768659	5.576760353613788	4	4	0.42522207846558935	-3.5422183661945152	4	4
TAOK2	0.7013608866555113	4.55537938775349	2	2	0.9937556505148506	-3.5706126234896884	2	2
TAOK3	0.17594802914243868	7.7197101828984565	5	5	0.12849755089212192	-0.48324711910056467	5	5
TAP1	0.7213037951321294	2.3478462360146453	3	3	0.20266706865767692	1.0705569260260164	3	3
TARS			0	0			0	0
TARS2			0	0			0	0
TAS1R2	0.9645756205094647	-0.03245229430313579	1	1	0.5787877329810506	-7.940194662014213	1	1
TAT	0.8186217871680629	2.4816742778551055	3	3	0.9593577229803231	-2.488747465666044	3	3
TBCK	0.13607526409677123	-1.5445294984507278	3	3	0.8885502726804506	-2.4632854854410446	3	3
TBK1	0.5925978135610077	2.21987242426787	3	3	0.33932881235762724	-5.978595608257241	3	3
TBXA2R	0.41886482833865346	6.991251117729433	4	4	0.2079100639943987	-1.1399687374551213	4	4
TBXAS1	0.14997854469953847	-1.2862475807382054	3	3	0.6192906151760195	-5.384274891623036	3	3
TCN1	0.42219851180899703	7.139509137131575	3	3	0.8186216516094972	-1.6286480285888303	3	3
TEC	0.17090006988278983	7.1097358590775075	4	4	0.5271149799847772	-1.9186665124981495	4	4
TEK	0.5636948498576708	-1.0297379096060997	1	1	0.3744062159409218	-8.937480277317178	1	1
TENC1	0.42130648063782505	9.145045284086699	5	5	0.5964121816007015	-5.448041754345071	5	5
TESK1	0.04596850894827539	-2.0457637858762654	2	2	0.25645885384477063	-5.151012966946688	2	2
TESK2	0.6308486828696491	3.4677744656815306	5	5	0.039453331340991694	-0.5907978247209987	5	5
TEX14	0.739063677468211	0.8060842830027486	1	1	0.43702965199913746	-8.686620585429486	1	1
TF	0.8199736949893801	6.5701303845313666	6	6	0.12809542597990922	-2.061157395566376	6	6
TFF2	0.8087353319172415	3.5001879789880115	3	3	0.2903238499882219	-1.407276956489748	3	3
TFPI	0.15119916728147031	-1.257476783310968	4	4	0.0139645457674374	-9.796670300927694	4	4
TGFBR1	0.594068427704725	-0.9080919559272136	1	1	0.9468852104906208	-0.06136432836267147	1	1
TGFBR2	0.6962053414640066	1.8679180799705442	4	4	0.5128456071552897	0.23487016628102095	4	4
TGM2	0.320363485833693	6.522260247748456	3	3	0.9898353078898228	-2.418265522155828	3	3
TH	0.5694961062513941	9.122372807259195	5	5	0.702116445531177	-5.14269731666997	5	5
THNSL1	0.5199553607032315	6.252812144842538	4	4	0.6480739768085192	-2.378982659209687	4	4
THRA	0.40451935146847773	10.00793632919221	5	5	0.937466625824493	-8.630362061079078	5	5
TIE1	0.35269421378013754	6.296355703140215	4	4	0.4446297085088885	-2.340677825398896	4	4
TK1			0	0			0	0
TK2	0.9956122420296585	3.102679105333548	4	4	0.035185180537063425	1.912248333395515	4	4
TLK1	0.30898012970461985	10.090706913959876	4	4	0.8301793382822623	-5.824810043733837	4	4
TLK2	0.8646348076591025	2.586030403064274	4	4	0.7623014975522668	-4.955208967139373	4	4
TLL2	0.020645669376303508	10.068847847831389	5	5	0.9452701498378694	-0.31308799382151514	5	5
TLR2	0.5271152883335497	7.674682432934404	4	4	0.40631836932311727	-0.22769807509323137	4	4
TLR7	0.09018834927428272	-1.502430688364359	3	3	0.1464047974380131	-8.744300981819	3	3
TLR8	0.594068427704725	-0.8124307774294337	1	1	0.5052911968524533	0.8534740423528095	1	1
TMLHE	0.7117873195444471	3.0969980442044283	3	3	0.3933415713062103	-5.836116699764343	3	3
TMPRSS15	0.9937556553556648	5.279955070758898	2	2	0.5059046950454609	-2.36219601692613	2	2
TNFSF11	0.19818889666956385	6.424497024289629	3	3	0.8885502726804506	-3.385277873487139	3	3
TNFSF13B	0.5828817998467943	2.2897643216214867	5	5	0.9765293119958723	-8.886591020676079	5	5
TNIK	0.0443897422662001	11.237275324555618	5	5	0.6519083774663081	-8.823214832673953	5	5
TNK1	0.3933419311697044	5.806728426028786	3	3	0.21184438516625115	-6.01189112959873	3	3
TNK2	0.7949142419939533	10.477039698062585	9	9	0.2335093046681378	-9.682129411515804	9	9
TNNC1	0.2979287819045656	-1.1832542238171015	2	2	0.08653969216189229	-9.590549786845388	2	2
TNNC2	0.10566999399141129	7.163968523429895	3	3	0.47557709879324583	-5.531182177614226	3	3
TNNI3	0.1390994801550056	-1.7168665889483927	2	2	0.495947177345315	-5.351161726715653	2	2
TNNI3K			0	0			0	0
TOP1MT	0.43708023410498653	6.496119166541678	3	3	0.6014365649954452	-4.921651011992844	3	3
TP53RK	0.1367989499359333	11.424661035036909	1	1	0.46367654075746134	1.088867583270786	1	1
TPD52L3	0.7581133999528433	3.1551657084018045	4	4	0.5415842375446026	-8.54172952725128	4	4
TPH1	0.8204548816399886	4.187323436575182	2	2	0.6782962241406417	-3.9926524266504817	2	2
TPI1	0.2836346436756606	5.457908229381064	2	2	0.4571850245511201	-2.3353692000397404	2	2
TPK1	0.3793729624525669	4.322856425923383	3	3	0.33932881235762724	-0.7802183349385469	3	3
TPMT	0.9438467596639596	3.5294128538775977	2	2	0.48609521553892276	-4.486467667495232	2	2
TPSAB1	0.14809106507203038	-1.2416432522084928	4	4	0.7623014975522668	-5.157382919196944	4	4
TPSB2	0.9313962573846465	-0.045047461045261805	2	2	0.4667129691084456	-4.519166750372937	2	2
TPTE	0.9605260957410092	0.6593169643418868	4	4	0.038151332147874834	1.9333112311944678	4	4
TPTE2	0.6661057842187315	9.9912012393942	5	5	0.589628960197033	-9.505203393691898	5	5
TRAF3IP3	0.4561453563166741	8.214832145950874	6	6	0.2214505575096709	-9.55133447608943	6	6
TRAPPC1	0.1552588882477168	11.017359895836435	1	1	0.23047441379593614	1.7284598822248385	1	1
TRAPPC2	0.2504130223156825	7.720285774670795	4	4	0.3939993373582771	-1.975568930345707	4	4
TRAPPC3	0.21917896751705435	-1.2635575520425153	2	2	0.04428994415736458	-10.17182664304859	2	2
TRAPPC4	0.8993494967975161	3.001140370790377	4	4	0.6167697618314851	-7.836948622630511	4	4
TRAPPC5	0.40044174454685266	-0.4636252377057077	3	3	0.25155081174890814	-1.054076469467275	3	3
TRAPPC6A	0.19659139463980424	-1.2809445870559388	2	2	0.5784426169079073	0.5443599081237791	2	2
TRAPPC6B	0.8448801044091533	0.16045609488103185	2	2	0.10522674442300288	2.1284812620077402	2	2
TRDMT1	0.7013608866555113	-0.2922820877727257	2	2	0.08370306857074118	1.93264606401376	2	2
TREM1	0.8022480550466389	3.5847788746562133	2	2	0.838758584020872	-4.097091361928787	2	2
TRIB1	0.4914818051850972	2.2138876781153267	3	3	0.10029054351135314	-8.91355601075364	3	3
TRIB2	0.7611199215935818	2.755736383502533	5	5	0.7686021104794607	-7.439729665576443	5	5
TRIB3	0.2499576788080181	5.440146714160138	2	2	0.8694552769254131	-3.9883056172409317	2	2
TRIM24	0.1367989499359333	11.383043615732376	1	1	0.39876014544001026	1.136125763257763	1	1
TRIM28	0.9868372568447477	6.177762966487162	4	4	0.34141462059648653	-1.6164127527188903	4	4
TRIM33	0.745592267185901	2.6558938838314146	4	4	0.9692931005333311	-5.334667792239016	4	4
TRIO	0.9342578635035359	3.13913960267176	4	4	0.6245336830929931	-5.2499307236933985	4	4
TRPA1	0.267701973265006	-0.9610260637197499	3	3	0.23109212960130765	-6.257456555495277	3	3
TRPM6	0.19775930335061287	-1.7428703464530457	1	1	0.47733207605793293	0.9851054061669224	1	1
TRPM7	0.23109248440240615	-0.9391857210647352	3	3	0.7308634197198782	-2.844050012826408	3	3
TRPM8	0.2213186767506925	-1.10779580609125	3	3	1.0	-2.5883586974251225	3	3
TRPV1	0.41007009710992715	6.030248221402471	5	5	0.11662757568391005	-1.5997543618938306	5	5
TRPV3	0.8507184044406149	9.577578479631386	8	8	0.11442959912378839	-1.028292939928096	8	8
TRRAP	0.4912051350977342	-1.213184050702031	1	1	0.3396440012571166	-9.12092641841311	1	1
TSKS	0.320257885208889	-1.232842906535466	2	2	0.5891911117980482	0.5491795322424673	2	2
TSPO	0.24146059983595336	-0.980940516265143	4	4	0.2504126687359163	-9.222133832817706	4	4
TSSK1B	0.26224100940835826	1.7128592880299507	3	3	0.3081119401062373	-5.837950313028059	3	3
TSSK2	0.5861473849571939	6.622274341081908	4	4	0.09786760318817254	-9.897674006502127	4	4
TSSK3	0.5751009091417094	2.1853160953234787	3	3	0.7213035919898935	-2.8318778522000074	3	3
TSSK4	0.5636948498576708	-1.1269169783066264	1	1	0.3625818713444412	-9.034659346017706	1	1
TSSK6	0.1894498328982821	6.476231265725943	3	3	0.1464047974380131	1.1373778290457768	3	3
TST	0.0926337958913805	-1.504502661295802	3	3	0.7023153149906041	-5.373897145619645	3	3
TSTA3	0.48609555358126055	3.9081581035303703	2	2	0.3598417193126703	0.7976949355028704	2	2
TTBK1	0.6401867701331634	7.800415685263881	4	4	0.38190912645660746	-6.215707172997433	4	4
TTBK2	0.6245339416554905	0.6893995113573471	4	4	0.6880912158982115	-3.6650934597890235	4	4
TTK			0	0			0	0
TTN	0.8561953859209046	5.556530690127226	7	7	0.7231876853457992	-8.53100961214999	7	7
TUB	0.19246340817767205	-1.3025003729002484	4	4	0.03615124295028407	-9.54368096626313	4	4
TUBA1B			0	0			0	0
TUBA3C	0.14120250501925172	-1.8226684322328426	2	2	0.03392994227250685	-10.23069219850456	2	2
TUBA4A	0.6556723329678809	1.8570486996394255	3	3	0.3793725999378029	0.9188277819355682	3	3
TUBA8	0.5159667596009097	5.128315455284251	2	2	0.6330781015243618	-4.110244713594807	2	2
TUBB	0.43708023410498653	6.519355093157813	3	3	0.04412475952915102	2.0707747242806493	3	3
TUBB1	0.31269632305421624	5.430333315447971	2	2	0.24995731165616442	1.0998772391092713	2	2
TUBB2B	0.601605883758808	4.891932027942596	6	6	0.20987271312987033	-2.1696084270123084	6	6
TUBB3	0.6445936528697431	5.954567154004255	7	7	0.4100958189760354	-8.824975130216272	7	7
TUFM	0.8448801044091533	4.086166443486782	2	2	0.6555293115894967	-4.18265166020926	2	2
TWF1	0.621976598269959	-0.5542714273048306	2	2	0.48609521553892276	-4.926729683798667	2	2
TWF2	0.1367989499359333	11.334961670677515	1	1	0.17555094491149326	2.274239860541674	1	1
TXK	0.39619510444394035	9.530688857915814	7	7	0.4387525050459087	-9.252247404292474	7	7
TXNDC12	0.6464956225169609	3.2415307242279936	3	3	0.8885502726804506	-4.84203511444555	3	3
TXNRD1	0.548892788182638	6.002355145943916	4	4	0.6401865205788645	-4.9569369199768545	4	4
TYK2	0.9438467596639596	0.055605882106462445	2	2	0.9687859001016808	-3.5118102127229665	2	2
TYR	0.881963807732946	4.110039839577706	4	4	0.7290014977427113	-4.9204801903313715	4	4
TYRO3	0.492413476467329	4.428880457164462	5	5	0.8139269160325052	-5.070059477874476	5	5
TYROBP	0.5431735980705383	3.424712361651133	5	5	0.6661055544624478	-8.067853337818486	5	5
UAP1	0.4645333471482149	6.70144415944408	4	4	0.04024474325944151	1.7420601461109595	4	4
UBA1	0.9167836227332399	2.751512409212077	4	4	0.9080609554690193	-4.754572094942953	4	4
UBC	0.23609276999775075	-1.1056854467966233	3	3	0.9390695392249732	-2.479265333926772	3	3
UCK1	0.22007207147151187	1.2361433185219919	4	4	0.5937364541503742	-5.526421443060479	4	4
UCK2	0.42018568330157813	-0.9189913973257235	2	2	0.9065484956534406	-3.5868436330222524	2	2
UCKL1	0.057795339701391044	-1.6823019475703234	4	4	0.5199550491852092	-3.282857740095565	4	4
UGCG	0.8817920176388909	-0.15565763012330258	2	2	0.39362767316843483	0.7926648449985538	2	2
UGDH	0.0622864012896096	-1.7222421215842398	4	4	0.33586256729903585	-5.974698118287422	4	4
UGP2	0.2504130223156825	7.684981928872493	4	4	0.45120951327413994	-0.5504189115579069	4	4
UGT1A9	0.5891914005059771	-0.5878131545168754	2	2	0.8694552769254131	-3.575953628179482	2	2
UGT3A1	0.7695088467075766	3.3635326107943206	3	3	0.38631854356443573	-5.934114282767197	3	3
UHMK1	0.19246340817767205	9.608357616509842	4	4	0.5861471054037536	-5.49207719254803	4	4
ULK1	0.04870505155490733	-1.7882208361704357	5	5	0.36175184602179433	-8.972202588844086	5	5
ULK2	0.15361812719099233	7.097601348577718	3	3	0.6014365649954452	-1.555846287133534	3	3
ULK3	0.671971680300187	6.228940403733511	4	4	0.37004922618600733	-1.4209036527158443	4	4
ULK4	0.47807292595619444	6.050187486540987	4	4	0.13045768759887796	1.6142630266290723	4	4
UPP1	0.6962053414640066	6.029318063282723	4	4	0.5343248858962685	-5.607953030800723	4	4
UQCR10	0.6251693912867041	-0.7519569184031187	1	1	0.19013868742175954	2.014492982031486	1	1
UQCRB	0.2732233940362714	-1.2602833014795722	2	2	0.1433301958411522	-9.168522636155155	2	2
UQCRC1	0.9786399932666964	6.279148299218423	6	6	0.711104124052824	-8.194892858484181	6	6
UQCRQ	0.1367989499359333	11.472603514285243	1	1	0.7558861115233189	-6.65309655128995	1	1
UROD			0	0			0	0
VAMP1	0.9438467596639596	3.5727671569156634	2	2	0.6442631413066847	-4.204957902425217	2	2
VAMP2	0.739063677468211	0.6565079269522389	1	1	0.23922287638083872	1.6854034982437307	1	1
VARS			0	0			0	0
VDAC1	0.42960193548417813	-0.759604797211613	3	3	0.18518797379758778	-6.350181221611223	3	3
VDAC2			0	0			0	0
VDAC3	0.16885017295080174	1.2619774067311103	3	3	0.592597532142719	-3.427448058491935	3	3
VKORC1	0.4986163417161522	2.2698307242041302	5	5	0.029472453228160903	2.151351371273163	5	5
VKORC1L1	0.45120985107265543	3.7741326850339174	4	4	0.41256315896168827	-4.227415872612743	4	4
VRK1	0.46367689401030954	8.853793850593563	1	1	0.24820298649079064	-9.357603065755805	1	1
VRK2	0.43849547559456603	-0.9192861123674992	5	5	1.0	-5.181636991398595	5	5
VRK3	0.3863189048195097	1.8505473004716901	3	3	0.3021041369273253	-6.126091858536796	3	3
VTN	0.49182543618102414	2.0000907926437073	4	4	0.31955729866548366	-0.7905544475849694	4	4
VWF	0.14289717381157954	-1.224272243009807	3	3	0.09263354771803925	-8.905658644858766	3	3
WARS	0.1851883080751462	-1.1254207437520634	3	3	0.041511594073529855	-9.36620959817481	3	3
WARS2	0.35099455986084405	-1.4406942320731257	1	1	0.25741633364271166	-9.348436599784204	1	1
WDSUB1	0.8941574042003609	-0.13255611882805818	2	2	0.13092639557352576	-9.04067330988893	2	2
WEE1			0	0			0	0
WNK1	0.8521867731672448	-0.4148527898932019	5	5	0.2985627748689631	-4.567878711029839	5	5
WNK2	0.4292669168612616	-0.9748764398539738	2	2	0.6782962241406417	-4.182712827902211	2	2
WNK3	0.6639674473228165	2.1151977180845045	4	4	0.7372814881495813	-4.970455535065935	4	4
WNK4	0.4560807300245122	6.340197370115097	5	5	0.5366886166801568	-4.85821997628024	5	5
XYLB	0.6103348841762416	1.7895386121535068	3	3	0.3933415713062103	0.6698065059320985	3	3
YARS	0.4667133145555178	-0.7864669241761852	2	2	0.3765008908201064	-4.9432568622052315	2	2
YARS2	0.14890632379823837	11.069995249276735	1	1	0.23922287638083872	1.680302048947345	1	1
YES1	0.979672280861877	5.215950543514129	3	3	0.1464047974380131	-6.441564642566047	3	3
ZAK	0.25155117236012614	1.5331074516160286	3	3	0.15361781430207125	-6.553634517887793	3	3
ZAP70	0.8326472970175447	4.0480389687950025	2	2	0.42018532299892275	0.7553805725042027	2	2
ZC3HC1	0.41256350776904727	1.6991708677469617	4	4	0.27865027320711044	-6.111551521731026	4	4
ZFY	0.15361812719099233	6.8116603709933345	3	3	0.08545315005789825	1.4451022855881828	3	3
ZMYND8	0.8285371673906146	2.4285571993089126	3	3	0.3141982585640325	-5.738624690951273	3	3
pseudo_0	0.08936094802360071	12.379428025031844	1	1	0.5864045629720924	0.6733823237460521	1	1
pseudo_1	0.925772608680714	2.6894086745298567	5	5	0.8215456224047303	-5.0105584148912365	5	5
pseudo_10	0.8235755609694935	3.247401577045375	3	3	0.6328301273737177	-1.4386443856285414	3	3
pseudo_100	0.3758826275289755	6.568826747713559	7	7	0.6009269525165795	-5.020689545161297	7	7
pseudo_1000	0.47164489843328683	5.970918661491261	3	3	0.22861933805845214	1.0058425104155846	3	3
pseudo_1001	0.37004815460456886	9.298391381034941	4	4	0.1641285038364818	-6.9966228796141285	4	4
pseudo_1002	0.15178909470267166	4.676983595924024	3	3	0.01186495953396001	2.831886233463757	3	3
pseudo_1003	0.26496070671314587	1.6554582899775927	3	3	0.9542825883238296	-1.462656895668789	3	3
pseudo_1004	0.38190806061426585	1.9841509497888137	4	4	0.34141317928544646	-6.064390065867857	4	4
pseudo_1005	0.3050974909620878	-0.9262562366504922	3	3	0.8835194679006785	-2.4857418357584584	3	3
pseudo_1006	0.2814787963662815	9.657880030961405	1	1	0.3452889756770269	-9.078437587014239	1	1
pseudo_1007	0.5572263345257428	4.917406174595336	2	2	0.038084026126982064	2.5815221443313865	2	2
pseudo_1008	0.28852485240241665	9.574473622612535	4	4	0.35841872467388625	-9.329929843839725	4	4
pseudo_1009	0.30525256004930135	-0.9917136976743404	2	2	0.08370258910178932	-9.400009033998504	2	2
pseudo_101	0.22423514244515308	10.041924574494468	4	4	0.9868371880816379	-2.7321430962455575	4	4
pseudo_1010	0.3567583839605264	-1.4180390264128153	1	1	0.10740775867210373	-10.326300255859712	1	1
pseudo_1011	0.18730911569494924	-1.160053274012166	3	3	0.9542825883238296	-2.5200987104053296	3	3
pseudo_1012	0.8559936975460414	3.113613349977055	4	4	0.4001289468498347	-1.7267887319763753	4	4
pseudo_1013	0.37480026258712795	2.010838300318685	5	5	0.5998157304534668	-5.645295934884925	5	5
pseudo_1014	0.6058777293488364	-0.5094985989120554	3	3	0.8734726407958983	-2.4381729728409876	3	3
pseudo_1015	0.4040192732524224	1.9595919143228706	3	3	0.5535783749391339	-3.039471529194086	3	3
pseudo_1016	0.4849214680706764	-0.5770422587933245	4	4	0.43810362203912545	-9.07248473513237	4	4
pseudo_1017	0.3695457948342714	10.2686297162042	5	5	0.507996107084218	-4.731665218311118	5	5
pseudo_1018	0.47164489843328683	4.000470255631778	3	3	0.833504727857697	-1.775988562259761	3	3
pseudo_1019	0.7070451186452502	2.8035470040312642	3	3	0.09640047463717424	-8.461221343651138	3	3
pseudo_102	0.1778757796916458	10.165468266234491	4	4	0.14808955189813447	1.7347218111369145	4	4
pseudo_1020	0.32433635517218196	1.910674495151002	5	5	0.2491966757478733	1.3817041058674857	5	5
pseudo_1021	0.12274961032919621	11.558852502069694	1	1	0.6649985815354151	-7.554683115038542	1	1
pseudo_1022	0.21596135610780398	9.43627806442306	4	4	0.8732912400122477	-2.7825853001496608	4	4
pseudo_1023	0.4040192732524224	6.072010898644325	3	3	0.7841550090236761	-2.3252488323905616	3	3
pseudo_1024	0.36909806927299815	-0.6718573836590102	3	3	0.09018688087379158	-8.91311420636921	3	3
pseudo_1025	0.8083054102970643	1.0252606389198546	2	2	0.5467620375757467	-2.4849128511400664	2	2
pseudo_1026	0.8136744315211889	5.301744305666906	3	3	0.833504727857697	-2.7895096643608532	3	3
pseudo_1027	0.4955010715793019	2.0364295412011244	3	3	0.8835194679006785	-2.4714473090340605	3	3
pseudo_1028	0.9868372175516741	5.28145831572427	4	4	0.8646343073767568	-2.401655970154129	4	4
pseudo_1029	0.1708155310083176	-1.4666989086335898	2	2	0.04769964667086828	-9.875185646740384	2	2
pseudo_103	0.14503021195967314	1.754673360322587	4	4	0.5786013638691404	-5.632135140403386	4	4
pseudo_1030	0.9949175431024609	2.556328269305593	3	3	0.30509712310334247	-5.728681569328234	3	3
pseudo_1031	0.6094655584874014	7.941245615389255	8	8	0.0704426501418983	-0.9153283394067055	8	8
pseudo_1032	0.9726188766984795	2.763197903879988	5	5	0.5998157304534668	-5.04490552842572	5	5
pseudo_1033	0.6962044796608305	6.514232952357986	4	4	0.6323384939646746	-1.9071561574110778	4	4
pseudo_1034	0.7939627348044759	-0.30973430740885516	3	3	0.4333303547498636	-1.798193332039841	3	3
pseudo_1035	0.33611808391391906	6.631534633613787	3	3	0.21418388472787053	-6.167963101179455	3	3
pseudo_1036	0.7549432859734774	2.9734454794649	3	3	0.7549431055524083	-2.87862798315231	3	3
pseudo_1037	0.4780716120554118	7.726641385545405	4	4	0.7960468961922018	-3.8491001427209177	4	4
pseudo_1038	0.7960470450555048	5.906089513211723	4	4	0.6800121496786873	-4.832084381094392	4	4
pseudo_1039	0.7549432859734774	5.547127073845826	3	3	0.1411663644042437	-6.460412449998411	3	3
pseudo_104	0.7455915339457634	5.576523546323169	4	4	0.19624201326963597	1.3474670022517419	4	4
pseudo_1040	0.029843918385380055	-1.8370810963500468	3	3	0.545081669526831	-3.0393767462465964	3	3
pseudo_1041	0.38010066304528634	6.36366013023509	5	5	0.3695454442226338	-4.392034276763474	5	5
pseudo_1042	0.5271140549348696	6.094858486528094	4	4	0.39399792542305734	-1.5383328544857597	4	4
pseudo_1043	0.19659070065683737	-1.412571068838413	2	2	0.6219757880441257	-4.393918650748269	2	2
pseudo_1044	0.2595384955552519	1.6501466988220106	3	3	0.4638355320437084	-5.718262538666938	3	3
pseudo_1045	0.7841551691354719	3.432939721299267	3	3	0.7549431055524083	-1.8546304214361562	3	3
pseudo_1046	0.5891908230895129	1.2935547418817572	2	2	0.04596800341540227	2.857762076451473	2	2
pseudo_1047	0.10522647464701321	10.239985174877969	2	2	0.6782957532946885	-3.924617105777158	2	2
pseudo_1048	0.4141514299610972	11.274919758504224	6	6	0.9893189935887107	-9.672694154802581	6	6
pseudo_1049	0.8534417662715168	3.307441196662733	3	3	0.4638355320437084	-5.609937393616378	3	3
pseudo_105	0.978063798261942	2.6918108980206505	4	4	0.8906496746131148	-2.4322801850981954	4	4
pseudo_1050	0.9949175431024609	2.8520845072013263	3	3	0.3111441786356186	-5.796833223497327	3	3
pseudo_1051	0.9687858759153365	4.369949312651296	2	2	0.4571843268771155	-4.5272655370964765	2	2
pseudo_1052	0.2704604709831542	1.3946707461618129	3	3	0.7260775723278972	-2.307182194430492	3	3
pseudo_1053	0.02184330106357233	11.76959125331928	2	2	0.02184319873622898	3.7442420014395656	2	2
pseudo_1054	0.6401857719128591	6.3312311817338225	4	4	0.5937353520076949	-1.9894309836594237	4	4
pseudo_1055	0.6148048985724859	2.295228022582751	3	3	0.20493274362919034	-6.1486511311244785	3	3
pseudo_1056	0.42984938684271046	6.174885346722955	5	5	0.8139259794853745	-2.5246804765389297	5	5
pseudo_1057	0.027079113979643514	-1.8323657799580542	3	3	0.5794510238060537	-3.007379491848791	3	3
pseudo_1058	0.6559999274963075	8.471756374977232	4	4	0.14201951714894828	1.2319002046102192	4	4
pseudo_1059	0.016329159333609924	10.72169680176434	3	3	0.8434606531092605	-4.440439026145123	3	3
pseudo_106	0.9380492835944494	-0.06728227846623369	1	1	0.1864103132081304	2.130883862393845	1	1
pseudo_1060	0.33611808391391906	-0.9187406636963894	3	3	0.6148046294909981	-2.1465840346431495	3	3
pseudo_1061	0.6768319726486265	6.704411943148178	5	5	0.980440159631217	-5.859197866853189	5	5
pseudo_1062	0.9179854616589336	3.1019026719800427	5	5	0.06963669007428998	-1.1187011795593886	5	5
pseudo_1063	0.4063173184291574	-0.8905917198721897	4	4	0.5343236655601391	-2.043781820991059	4	4
pseudo_1064	0.6695343327503589	5.884325455766553	3	3	0.9949175392366759	-0.7277675569720526	3	3
pseudo_1065	0.7721451858018434	4.251986765598466	2	2	0.7962021059869522	-4.1555860499423485	2	2
pseudo_1066	0.5795202571669548	5.922625648103583	5	5	0.29402507718748483	-1.5718892649298362	5	5
pseudo_1067	0.9430072402677193	3.0072563536321617	4	4	0.37004779740958493	-8.341016663780227	4	4
pseudo_1068	0.4560993838096178	-0.5533331091840337	3	3	0.4560990411855481	-1.9404799404667024	3	3
pseudo_1069	0.5057861990646024	5.718201644045206	4	4	0.15435518575978138	1.581593514966853	4	4
pseudo_107	0.8637367256551991	2.395710068989191	5	5	0.8791822834652339	-5.478729790703059	5	5
pseudo_1070	0.9238784761080852	0.5216734840405648	3	3	0.8734726407958983	-4.650397443611337	3	3
pseudo_1071	0.14202040978501945	10.248091813018254	4	4	0.7455913506347389	-2.128510939517209	4	4
pseudo_1072	0.41121758381309437	5.273988939298033	2	2	0.3357354997873272	-7.997713655694644	2	2
pseudo_1073	0.663966505657736	4.968528029217989	4	4	0.3759488790157549	-5.898255263475843	4	4
pseudo_1074	0.8406673659205106	3.2491432489530507	5	5	0.2532479301783257	-1.1846783134789092	5	5
pseudo_1075	0.4040192732524224	6.376469898353149	3	3	0.1377555037597386	-6.619172600235546	3	3
pseudo_1076	0.09963890694677958	-2.0480025867109273	6	6	0.13378222274853885	-9.376756423033271	6	6
pseudo_1077	0.7260777722937153	2.3637957830902074	3	3	0.46773033899765637	-5.627422034826581	3	3
pseudo_1078	0.42588978026204316	1.9309452260978948	3	3	0.4638355320437084	0.4517387591511041	3	3
pseudo_1079	0.5621397459324885	-0.4770126459959971	3	3	0.5117558022526043	-5.6678161315615005	3	3
pseudo_108	0.08322475016661861	9.632992801889039	4	4	0.12495557887930778	1.360733203600758	4	4
pseudo_1080	0.9949175431024609	2.6950794701045346	3	3	0.44084592595561156	-5.611767203934957	3	3
pseudo_1081	0.3850056956643204	5.065765263377019	2	2	0.5059040354339592	-0.07810611437180093	2	2
pseudo_1082	0.11199429137745226	-1.4892702749680193	4	4	0.9342576187223479	-5.340985665607948	4	4
pseudo_1083	0.42018496269561056	5.360921398332414	2	2	0.1476586280574255	2.325514583681502	2	2
pseudo_1084	0.24373481243227502	3.9744862033946737	3	3	0.07765124132684814	1.6846191339487235	3	3
pseudo_1085	0.978063798261942	2.7253809988193054	4	4	0.6167687100753977	-2.4288343506194856	4	4
pseudo_1086	0.0351847710774881	10.33263184010176	4	4	0.8559935912397985	-4.685144590182925	4	4
pseudo_1087	0.359841346876107	5.64698513185915	2	2	0.45246092451912767	-7.863653860550508	2	2
pseudo_1088	0.7260777722937153	-0.2202932939200748	3	3	0.3111416023615867	-8.0399729614811	3	3
pseudo_1089	0.7960470450555048	6.017984603144131	4	4	0.28852521226785255	-6.272073561090935	4	4
pseudo_109	0.9342576676788042	2.979563668699567	4	4	0.05222815145240094	-9.22173458935289	4	4
pseudo_1090	0.7706979938675931	5.431955189758985	4	4	0.6090473867849373	-3.168160627454522	4	4
pseudo_1091	0.17575691874245503	6.600530447376706	2	2	0.41121722116263426	-1.8525450345659484	2	2
pseudo_1092	0.5366505267314757	-0.5285248672428876	3	3	0.8136742924023634	-5.071458581193809	3	3
pseudo_1093	0.43846049268631504	4.843985384505786	2	2	0.8694550763317828	-3.6624134426979116	2	2
pseudo_1094	0.8941572410577566	-0.1396029298549628	2	2	0.39362693971918994	-8.048430847086856	2	2
pseudo_1095	0.5535786766025621	2.0151575322986326	3	3	0.08898428321308834	1.504141092324527	3	3
pseudo_1096	0.7043533239506321	2.67143047905617	4	4	0.18506230383029565	-8.810172365534696	4	4
pseudo_1097	0.2489258067711232	1.715025892309452	3	3	0.7841550090236761	-2.765944738295893	3	3
pseudo_1098	0.09805319533322185	11.861418648710575	1	1	0.12274931456390163	2.926254309494599	1	1
pseudo_1099	0.7939627348044759	2.387754790020581	3	3	0.31726976567187226	1.2382566640401886	3	3
pseudo_11	0.9542826230594712	2.827395614896758	3	3	0.7165392296445288	-1.9012671450940275	3	3
pseudo_110	0.07346062451858174	9.602987843072375	3	3	0.8136742924023634	-2.7783363775395853	3	3
pseudo_1100	0.1708155310083176	6.1387235163460465	2	2	0.05518399104854512	2.2932314547139683	2	2
pseudo_1101	0.15435549335198978	-1.2440727992962852	4	4	0.3526924170137554	-9.102123530536637	4	4
pseudo_1102	0.6897921945374528	3.5552838838940755	2	2	0.2766635096965293	1.173040003751097	2	2
pseudo_1103	0.40012929854053825	1.2503888435389727	4	4	0.25959288027948324	-1.7930184125798645	4	4
pseudo_1104	0.299128928643692	3.9635303714074532	3	3	0.03610722934637634	2.4352191253068813	3	3
pseudo_1105	0.6622294437261618	9.16915637107526	9	9	0.9740796617179214	-9.74832964900565	9	9
pseudo_1106	0.8038029867205339	2.6475204828585746	3	3	0.9542825883238296	-2.5383760038374628	3	3
pseudo_1107	0.6219760581199807	4.5264974611366435	2	2	0.438460137698387	0.8157960472710957	2	2
pseudo_1108	0.8301789638339876	6.2573353490868415	4	4	0.36420460781020747	-6.089514398532033	4	4
pseudo_1109	0.07310032694147534	-1.9001254201318627	2	2	0.09867056452071467	-9.307867787842941	2	2
pseudo_111	0.7455915339457634	4.910469909842218	4	4	0.7875718112359956	-5.980848890439748	4	4
pseudo_1110	0.5488915951340037	1.6418682734317187	4	4	0.7960468961922018	-4.419940165823942	4	4
pseudo_1111	0.906548423537471	3.9787189781284846	2	2	0.46671227821231664	-4.527679849075213	2	2
pseudo_1112	0.5661713285910526	6.3480459473825235	5	5	0.3489888102059864	-1.5609287045336349	5	5
pseudo_1113	0.5450819753359017	2.199168602281501	3	3	0.0820347804414872	-6.509821048560679	3	3
pseudo_1114	0.45693123478908115	8.984637446475848	1	1	0.5562194282156291	0.8224919904923421	1	1
pseudo_1115	0.6204269164924339	4.968748466152198	5	5	0.2373148329752105	0.4002047368567541	5	5
pseudo_1116	0.8534417662715168	-0.24184452219268415	3	3	0.20952134070679385	-8.28839093965545	3	3
pseudo_1117	0.03181909270976712	10.413581580101578	3	3	0.944138268423627	-2.016151280443437	3	3
pseudo_1118	0.8406673659205106	2.7343231820409275	5	5	0.2532479301783257	-0.24413276928177932	5	5
pseudo_1119	0.7165394359421664	-0.32965173966509137	3	3	0.8835194679006785	-4.340437104278732	3	3
pseudo_112	0.6560004079214095	1.862496534287174	4	4	0.6880903336673745	-8.431084288851412	4	4
pseudo_1120	0.061985738962851686	-1.539504230005911	3	3	0.01690644024703423	-9.642234097957376	3	3
pseudo_1121	0.5937356275442023	3.7154367541079854	4	4	0.1390579373718276	-1.165553012963609	4	4
pseudo_1122	0.9692930318119534	3.3691502881645357	4	4	0.7043531136793767	-4.931185715518463	4	4
pseudo_1123	0.12474455156834924	7.0896433226630124	3	3	0.5794510238060537	-1.9400073116473708	3	3
pseudo_1124	0.3414135396140514	-0.9407058321789789	4	4	0.7623008092924886	-2.2786193040701703	4	4
pseudo_1125	0.29323879690451504	1.2808397590630083	3	3	0.38283483307058375	-5.841914280370538	3	3
pseudo_1126	0.7949556743019461	6.149747836856548	5	5	0.3008460398564893	-1.6053216120849694	5	5
pseudo_1127	0.2737982760136065	9.377983545333253	4	4	0.11963717171255674	1.7580464264041147	4	4
pseudo_1128	0.23706848208482456	1.5108482223646107	4	4	0.7706978275165746	-5.221403712200227	4	4
pseudo_1129	0.7260777722937153	3.424382692857875	3	3	0.4560990411855481	-1.571815863282983	3	3
pseudo_113	0.2766638820669697	-1.2732492842594993	2	2	0.5572260289060554	-4.4974663198864135	2	2
pseudo_1130	0.588199902665204	0.21818292259069624	3	3	0.8434606531092605	-3.9937733356422966	3	3
pseudo_1131	0.10474157849515801	-1.5612795551756882	4	4	0.6401855223564878	-2.186784675090371	4	4
pseudo_1132	0.9255160295777137	6.488089126828509	4	4	0.10474131936056386	-9.494389262598625	4	4
pseudo_1133	0.6483774938920984	3.7197244131465887	5	5	0.2785178156795366	1.591731333399004	5	5
pseudo_1134	0.33611808391391906	-0.8911074257439348	3	3	0.7260775723278972	-2.27725538261813	3	3
pseudo_1135	0.8941572410577566	4.1534403008280325	2	2	0.38500532720899194	-4.853238498248166	2	2
pseudo_1136	0.6668741783389699	4.442550898022694	2	2	0.8571501024574661	-0.9497960609090672	2	2
pseudo_1137	0.2874270084673507	6.249427274107148	3	3	0.7070449061118225	0.35883617125387257	3	3
pseudo_1138	0.3054513323225645	2.200343479352614	5	5	0.720381200542212	-5.522993209192111	5	5
pseudo_1139	0.9204013755044466	0.08325092688336078	1	1	0.7474595668895834	-6.824491440827717	1	1
pseudo_114	0.2133639434619813	6.4627397362791985	2	2	0.09551726657435788	2.6988414601697697	2	2
pseudo_1140	0.6695343327503589	3.3497259574347855	3	3	0.5881996188696557	-5.1334017835926655	3	3
pseudo_1141	0.38544688354923695	1.7474803126320673	5	5	0.5206475753527198	-8.607267850321927	5	5
pseudo_1142	0.2704604709831542	-0.9506127058784409	3	3	0.06563338441117045	1.5659885014701302	3	3
pseudo_1143	0.810123111776222	5.792981012892933	5	5	0.8946740569071254	-3.4547223577572796	5	5
pseudo_1144	0.024538260147132007	-1.8797217201948577	3	3	0.08430065267914744	-6.6686467644986855	3	3
pseudo_1145	0.663966505657736	2.190170864588295	4	4	0.7875718112359956	-5.195600210505497	4	4
pseudo_1146	0.843460770637108	2.9355601747941567	3	3	0.5117558022526043	-1.8760890732216076	3	3
pseudo_1147	0.39688118178771004	3.3830711469063766	3	3	0.12790358662222406	1.489012941394724	3	3
pseudo_1148	0.6800123752678305	6.339685161178058	4	4	0.22845667528461522	-9.05802508859418	4	4
pseudo_1149	0.9102061742613444	2.587450990731453	5	5	0.17129546010910957	-9.45834337854925	5	5
pseudo_115	0.6328303860434424	0.5004943516409144	3	3	0.5707639780693832	-2.073848762392227	3	3
pseudo_1150	0.911455096229259	5.78627413861182	7	7	0.8304145945466164	-8.392708920782603	7	7
pseudo_1151	0.05635874650826385	9.839685211917763	4	4	0.6480729971088222	-5.443399029024502	4	4
pseudo_1152	0.784147937674607	4.218213906911714	2	2	0.2435710641090275	-5.0993476364999815	2	2
pseudo_1153	0.9036679029464081	3.0339602089978572	3	3	0.6695340962844726	-1.604806781037344	3	3
pseudo_1154	0.13909886734145985	-1.5275010283045445	2	2	0.9065483514213344	0.16248458964546358	2	2
pseudo_1155	0.5450819753359017	2.095954948488026	3	3	0.23861998149191832	0.9980233854435091	3	3
pseudo_1156	0.38283519497378626	6.725606057647312	3	3	0.9745918201207777	-4.854817727432654	3	3
pseudo_1157	0.049267614223422254	1.5931020694398128	5	5	0.18069031142666847	-9.347283463818249	5	5
pseudo_1158	0.21190756234024455	10.0217052116113	4	4	0.6167687100753977	-2.3445146597589273	4	4
pseudo_1159	0.31269557277370696	5.082024869666161	2	2	0.9438466292814971	-3.765493866612219	2	2
pseudo_116	0.8935851452839595	2.9514394433856865	3	3	0.5535783749391339	-5.02607679753639	3	3
pseudo_1160	0.4040192732524224	-0.7739694376686792	3	3	0.5621394485443971	-5.630673014184111	3	3
pseudo_1161	0.03241775989250008	10.270241341033927	4	4	0.9517636592801187	-2.513522157559498	4	4
pseudo_1162	0.7841551691354719	2.946828343210958	3	3	0.9340030000063576	-2.5619637433964644	3	3
pseudo_1163	0.3279372527875506	-1.060607395205138	2	2	0.38500532720899194	0.8884626397010456	2	2
pseudo_1164	0.7207523987220974	0.49859302728445815	4	4	0.34702363392464297	-0.6099226493037236	4	4
pseudo_1165	0.09140375952478061	-1.6941433430021553	3	3	0.38283483307058375	-5.943986588611451	3	3
pseudo_1166	0.9137662190137511	3.0375934040460852	3	3	0.9847534425778272	-2.3086408696218745	3	3
pseudo_1167	0.47127499331066824	6.128771025237562	4	4	0.9167833133140313	-3.214545753728968	4	4
pseudo_1168	0.4040192732524224	3.5539585694470364	3	3	0.5621394485443971	-5.152055047707738	3	3
pseudo_1169	0.8025300938398481	6.395681101005368	5	5	0.507996107084218	-5.91321928766214	5	5
pseudo_117	0.8835195558663655	2.789089678962306	3	3	0.4638355320437084	-1.6798952771069817	3	3
pseudo_1170	0.3850056956643204	-0.999881057146899	2	2	0.44309870229598614	-7.906212167369484	2	2
pseudo_1171	0.1297332931760503	-1.6133974472690416	5	5	0.2147667589332034	-1.9149469909984074	5	5
pseudo_1172	0.6480732420345119	2.229072726575153	4	4	0.6962042642088917	-5.763038414292464	4	4
pseudo_1173	0.8918883159882807	6.192871986014411	7	7	0.7139476636148068	-8.239759496346961	7	7
pseudo_1174	0.5366505267314757	2.2201760641987947	3	3	0.27046010657623687	-6.092526562523425	3	3
pseudo_1175	0.3050974909620878	-0.9287882155786503	3	3	0.6975959323089513	-2.2714076822406875	3	3
pseudo_1176	0.34255766836814205	-0.8690061442824201	3	3	0.8038028405332809	-3.9590023531346294	3	3
pseudo_1177	0.7841551691354719	3.6581829915429864	3	3	0.5881996188696557	-1.4151078826880568	3	3
pseudo_1178	0.2737982760136065	6.532717684937116	4	4	0.34141317928544646	-1.6836611027125181	4	4
pseudo_1179	0.9692930318119534	2.7872861685389885	4	4	0.6560001677091096	-2.403618400003587	4	4
pseudo_118	0.3101027840968791	2.036115658821746	5	5	0.4017588462908819	-7.308442403789766	5	5
pseudo_1180	0.37004815460456886	6.307805549274067	4	4	0.09565684952234257	-8.958014529023975	4	4
pseudo_1181	0.29177594169714827	-1.0865703580580213	5	5	0.3389883062172333	-9.661704127306988	5	5
pseudo_1182	0.5707642710535605	2.3130542675457195	3	3	0.25953813316350227	-6.147076259262682	3	3
pseudo_1183	0.20790904593709947	-1.054460972726524	4	4	0.17436090697486117	-9.543458043629315	4	4
pseudo_1184	0.13045682656422475	9.395447049064765	4	4	0.079383798128904	1.6537262616542316	4	4
pseudo_1185	0.16093923324699422	11.631420573723465	8	8	0.8991390698446655	-8.894722908911296	8	8
pseudo_1186	0.02743918113882408	10.384557733406451	4	4	0.5128443487899497	-1.8685697007826283	4	4
pseudo_1187	0.7646439915622384	2.831670519820065	3	3	0.8634461759711842	-4.900863364579856	3	3
pseudo_1188	0.44776696375521363	4.839138789623852	2	2	0.06141893720808008	2.252934838867109	2	2
pseudo_1189	0.25041160799395945	-1.0111677573280289	4	4	0.20790870658395022	-8.443611054075213	4	4
pseudo_119	0.23358207522488517	-1.0959638920934953	3	3	0.28742664183437105	-6.169844856730125	3	3
pseudo_1190	0.8732913337838728	3.013337043308279	4	4	0.5636522749793662	-5.208909933601386	4	4
pseudo_1191	0.6489450788237636	-0.7010014252972656	1	1	0.9027925071840768	0.26531541013280135	1	1
pseudo_1192	0.47103156907136157	6.874996414076546	5	5	0.5270336391590855	-4.63759763225692	5	5
pseudo_1193	0.7311464766217575	2.5051205354484303	6	6	0.6978498082520657	-5.915144767288301	6	6
pseudo_1194	0.8301789638339876	6.007613993817782	4	4	0.8993491231877209	-5.142947653925479	4	4
pseudo_1195	0.5199867862466294	-0.5126722497532258	3	3	0.4333303547498636	-5.756273721158075	3	3
pseudo_1196	0.8061241320775834	9.028279024219097	6	6	0.3793560815250916	-10.145096539902447	6	6
pseudo_1197	0.297928032792127	-0.9907006762806772	2	2	0.26307616806158596	1.0776028310343237	2	2
pseudo_1198	0.660279640669321	3.123072554808541	3	3	0.7070449061118225	-1.9755662374521499	3	3
pseudo_1199	0.6058777293488364	5.605325025016062	3	3	0.3234738970458084	0.9444794684489937	3	3
pseudo_12	0.505904365240037	4.764212664926439	2	2	0.9189623325536505	-3.9816749067636312	2	2
pseudo_120	0.28169271995635137	-0.9427380112454552	3	3	0.2237317827321863	-8.378801212530252	3	3
pseudo_1200	0.045968171926231614	10.854848103116648	2	2	0.0924451799865546	2.7361353361398826	2	2
pseudo_1201	0.6013696453267374	3.100967861093666	4	4	0.08926647926934468	1.714915583850445	4	4
pseudo_1202	0.2962872345819264	-1.065431456033125	5	5	0.076704521507499	-9.639999175233728	5	5
pseudo_1203	0.600030558209957	4.4154177588631764	2	2	0.13496437744637446	1.5689190766826684	2	2
pseudo_1204	0.04428977956802733	10.869345840215551	2	2	0.11212285960689347	2.124557732366457	2	2
pseudo_1205	0.03373897174809433	-1.9417701770433269	5	5	0.4893257220315721	-5.403042349074055	5	5
pseudo_1206	0.8819634579245001	5.558872294109583	4	4	0.6401855223564878	-4.595500383722208	4	4
pseudo_1207	0.7706979938675931	2.381387428587415	4	4	0.25041125441242085	-8.152195863969089	4	4
pseudo_1208	0.9137662190137511	2.981308634967661	3	3	0.18730878021076403	-8.085971124807095	3	3
pseudo_1209	0.08589261179413685	10.532301481517413	7	7	0.7511406374704074	-5.038990779656657	7	7
pseudo_121	0.7129983426647144	4.496015247443381	2	2	0.36811189349395546	-4.727265508530827	2	2
pseudo_1210	0.6510766250779694	-0.25057301089897227	3	3	0.7890543034779716	-4.154253839216492	3	3
pseudo_1211	0.04961781579085862	10.702044530143889	4	4	0.39399792542305734	-1.8063178163776612	4	4
pseudo_1212	0.8734727362247308	-0.22814747507109465	3	3	0.6881936177750709	-2.274562485929611	3	3
pseudo_1213	0.31954458189240176	-1.4489913247428614	5	5	0.6483767733334893	-9.551434858451296	5	5
pseudo_1214	0.49594684331732863	-0.749719969922995	2	2	0.2531920762409742	-8.658051433232716	2	2
pseudo_1215	0.9937556456740251	0.8421209508565806	2	2	0.41121722116263426	-1.8262451881745216	2	2
pseudo_1216	0.2133639434619813	6.162836397567858	2	2	0.05518399104854512	2.8225002016601417	2	2
pseudo_1217	0.2386203386495669	4.447169285513305	3	3	0.04215181362733158	2.352630506757626	3	3
pseudo_1218	0.05635874650826385	10.184874768588026	4	4	0.2549733289373767	-8.620221813704783	4	4
pseudo_1219	0.4446680555896674	10.670021966817883	8	8	0.4221229438678733	-9.64810380403467	8	8
pseudo_122	0.588199902665204	3.2209846815684653	3	3	0.8835194679006785	-5.04556816534091	3	3
pseudo_1220	0.9167833751981491	3.0798362534776444	4	4	0.02983918610472569	2.2123978787065055	4	4
pseudo_1221	0.3017954437215481	-1.5211683089364865	1	1	0.2261861360842793	-9.428910676647567	1	1
pseudo_1222	0.5268131708862551	-1.1878412025875669	1	1	0.1651699546587052	2.2929719336839156	1	1
pseudo_1223	0.40012929854053825	1.9303274260692078	4	4	0.40631696812996265	-5.6752653774023685	4	4
pseudo_1224	0.42588978026204316	2.1001855127016236	3	3	0.4638355320437084	-5.704641369810884	3	3
pseudo_1225	0.15756289318968164	7.227767387503836	4	4	0.05222815145240094	2.3870953171057954	4	4
pseudo_1226	0.13728912811368305	1.896646716477175	6	6	0.4244289976125264	0.34629746717660465	6	6
pseudo_1227	0.8734727362247308	2.971111873455968	3	3	0.9949175392366759	-2.2826933324264136	3	3
pseudo_1228	0.588199902665204	3.5752702621612378	3	3	0.20041765358694874	-8.441075898177145	3	3
pseudo_1229	0.07039521624309053	-2.191093872030478	5	5	0.9960876556943828	-5.528397945125296	5	5
pseudo_123	0.4176366363994872	-1.3080867369165627	1	1	0.12274931456390163	-10.216389048372644	1	1
pseudo_1230	0.9255160295777137	2.4599225725222666	4	4	0.23273414781875612	1.4438737444326062	4	4
pseudo_1231	0.1778757796916458	7.005867371841077	4	4	0.06706134473012944	2.0156868753123187	4	4
pseudo_1232	0.9745918394402936	2.7289836381741304	3	3	0.15546165943649548	-6.364555205645936	3	3
pseudo_1233	0.46453201380389564	6.950037068598228	4	4	0.09348722613474937	-8.858012791872392	4	4
pseudo_1234	0.3898197186655634	3.592882682753951	3	3	0.6881936177750709	-2.2294548199687285	3	3
pseudo_1235	0.7646439915622384	2.979226942656028	3	3	0.4112332977845511	-5.7300883671872604	3	3
pseudo_1236	0.20766178354041676	-1.3842107194918203	2	2	0.6668739356425906	0.40183738929201335	2	2
pseudo_1237	0.08702695223045769	11.78745941506783	5	5	0.5334588403494126	-7.656679069761606	5	5
pseudo_1238	0.6800123752678305	2.478576176511408	4	4	0.8301788390173457	-5.015851071275606	4	4
pseudo_1239	0.6328303860434424	0.7009333435853495	3	3	0.020070008735223913	2.4688430469575198	3	3
pseudo_124	0.6800123752678305	4.0695524700491115	4	4	0.09348722613474937	2.1188279918039856	4	4
pseudo_1240	0.060225699452984206	-1.5866208390546823	3	3	0.15178878326619466	-6.524898999841178	3	3
pseudo_1241	0.24368387174196404	-1.626426036319259	1	1	0.19392098862953155	-9.53326980852269	1	1
pseudo_1242	0.9882633519326851	6.428653312788428	5	5	0.8025299521917185	-5.1147285787755115	5	5
pseudo_1243	0.6696729660455274	9.271888206976795	5	5	0.6066517710346164	0.5644450616814861	5	5
pseudo_1244	0.663966505657736	2.207214123592275	4	4	0.40631696812996265	-5.804789741433794	4	4
pseudo_1245	0.8038029867205339	2.798456559144126	3	3	0.5035936460977835	-5.397859610777658	3	3
pseudo_1246	0.6897921945374528	0.5667199408337082	2	2	0.2191778957083278	1.2014810478776594	2	2
pseudo_1247	0.19246208034937407	1.8568166429067763	4	4	0.1726225571607749	-8.622063215378313	4	4
pseudo_1248	0.9340030500905637	0.5461209858079256	3	3	0.5035936460977835	-1.5084404179189972	3	3
pseudo_1249	0.7130552275541522	2.7137765293674025	5	5	0.4298490490008646	-8.687113658733638	5	5
pseudo_125	0.6975961509795616	2.9360670640613455	3	3	0.7070449061118225	-2.906757337334357	3	3
pseudo_1250	0.6148048985724859	2.2254168195949613	3	3	0.545081669526831	-3.133901876610229	3	3
pseudo_1251	0.5343239706450643	2.2361416548060493	4	4	0.22423548826535356	-9.557197399090342	4	4
pseudo_1252	0.08322475016661861	9.86734659211348	4	4	0.5711038195586173	-2.870729986202217	4	4
pseudo_1253	0.8694551766287135	-0.2271376360861872	2	2	0.2907214965107887	1.2748715159622621	2	2
pseudo_1254	0.7260777722937153	3.096289100984946	3	3	0.7549431055524083	-2.309944436117917	3	3
pseudo_1255	0.6788394811147185	2.6917707893630975	3	3	0.09897967132016496	1.4579991854642824	3	3
pseudo_1256	0.16082053929322127	-1.083026501401993	4	4	0.9342576187223479	-4.624645813462809	4	4
pseudo_1257	0.6173280935781877	-0.7786087817215677	1	1	0.8502861727319282	-0.590075238375997	1	1
pseudo_1258	0.10190669333317982	9.808561411933201	2	2	0.40236444150163575	0.7757876693742778	2	2
pseudo_1259	0.9189623951615823	4.019004886715646	2	2	0.30525218511070806	0.9541594064838914	2	2
pseudo_126	0.5128446633821904	5.730893629608478	4	4	0.3249324271367361	-1.5115677030237746	4	4
pseudo_1260	0.7960470450555048	4.054596416807637	4	4	0.3819077053322998	-4.106527746621896	4	4
pseudo_1261	0.8734727362247308	5.434656851730232	3	3	0.8935850648239405	-2.3862736153401207	3	3
pseudo_1262	0.24141041096840887	10.168868433934373	8	8	0.13920974535949168	-0.019992977188420635	8	8
pseudo_1263	0.3684645257991911	-1.3759135507401385	1	1	0.2621105385730077	-9.284724185838709	1	1
pseudo_1264	0.5711041068775493	0.06386441433533907	4	4	0.19246174839149355	1.9497915722577324	4	4
pseudo_1265	0.2096046397649105	-1.6914153764680684	1	1	0.15851068754244746	-9.598298741450055	1	1
pseudo_1266	0.0750859880312795	11.140571603920158	5	5	0.6483772537063865	-8.864004111564418	5	5
pseudo_1267	0.6237894835418731	2.2357919726789355	3	3	0.487477809628571	-1.7774057082028483	3	3
pseudo_1268	0.5707642710535605	2.73638127597467	3	3	0.41852360085902807	-3.228141415476422	3	3
pseudo_1269	0.8387649723530849	0.08908038630994082	4	4	0.8045461078414105	-4.137419699618348	4	4
pseudo_127	0.6480732420345119	2.175724520406451	4	4	0.18506230383029565	-9.207431141571691	4	4
pseudo_1270	0.48424149877563616	-1.2167683880510687	1	1	0.33405779910708	-9.123316965838104	1	1
pseudo_1271	0.47613963696718853	5.824063511388097	7	7	0.194502768886059	-10.070573092783103	7	7
pseudo_1272	0.37004815460456886	9.792153946636857	4	4	0.8045461078414105	-5.063631193280293	4	4
pseudo_1273	0.3925839468367248	9.449990554784524	1	1	0.9204013128104409	-0.08882858945281225	1	1
pseudo_1274	0.3643373626736589	10.635350420300338	5	5	0.698482406160033	-4.959576017746588	5	5
pseudo_1275	0.5467623484376667	-0.6906359492772847	2	2	0.6442626278341119	-4.382244417470135	2	2
pseudo_1276	0.6148048985724859	1.897357846709613	3	3	0.21892079849466628	-6.127010450756281	3	3
pseudo_1277	0.4704769528294327	-1.2345577014945963	1	1	0.32306496339632507	-9.143478260402958	1	1
pseudo_1278	0.07040997057268684	10.42218205570621	4	4	0.08926647926934468	1.9678792154647047	4	4
pseudo_1279	0.29072187051043885	-1.1357392394037777	2	2	0.9937556408331882	-0.11539955997561424	2	2
pseudo_128	0.9542826230594712	2.8724042532183223	3	3	0.9238784183842361	-2.5647751999407364	3	3
pseudo_1280	0.6912373756642168	6.201787507318741	5	5	0.7798651922232136	-5.494092341517316	5	5
pseudo_1281	0.2874270084673507	6.438619751167618	3	3	0.6835099057065883	-5.1124388712568605	3	3
pseudo_1282	0.5199541146275353	1.7560085512649455	4	4	0.978063781893697	-3.2222143210214558	4	4
pseudo_1283	0.8819634579245001	2.5551812534691085	4	4	0.09786660123792229	1.3720929282752123	4	4
pseudo_1284	0.8634462788170921	2.9747876832412286	3	3	0.8434606531092605	-2.3972644457925534	3	3
pseudo_1285	0.3516881234182999	5.006339241737335	2	2	0.438460137698387	0.6894256904555409	2	2
pseudo_1286	0.06384532368620428	-1.883091851708702	4	4	0.18144247312312112	-8.704173173417095	4	4
pseudo_1287	0.3414135396140514	2.1815008186366924	4	4	0.48492114217326077	-5.359795623301847	4	4
pseudo_1288	0.6768319726486265	6.149225424776058	5	5	0.22962052707546943	-9.171032253537119	5	5
pseudo_1289	0.600638488865342	1.1010623520961929	9	9	0.10347986487832903	-4.265929987070279	9	9
pseudo_129	0.8634462788170921	2.7892707205645837	3	3	0.545081669526831	-1.7492078475291475	3	3
pseudo_1290	0.3414135396140514	-0.5912744923408338	4	4	0.6962042642088917	-1.5991719866376373	4	4
pseudo_1291	0.5270339418001876	6.313735414158937	5	5	0.8330067469634133	-5.270108612316065	5	5
pseudo_1292	0.31480076720453787	11.124341403709613	5	5	0.9648001859261734	-4.897988822183237	5	5
pseudo_1293	0.0925934796923557	-1.410044315906008	5	5	0.06037964541961959	-9.924392787489284	5	5
pseudo_1294	0.6109596242554641	4.643524625346059	2	2	0.39362693971918994	-8.119965195690064	2	2
pseudo_1295	0.13496467997200517	-1.5158124327632638	2	2	0.041087658705186623	-9.715606549470376	2	2
pseudo_1296	0.11234353407741195	-2.3418517146665057	1	1	0.9734278527067415	0.06101869928194381	1	1
pseudo_1297	0.1659789442369134	9.566921452385108	2	2	0.9687858517289359	-3.723589383337833	2	2
pseudo_1298	0.7636730828424946	5.774935865805271	7	7	0.6357536315414585	-5.625454910356492	7	7
pseudo_1299	0.843460770637108	2.330497587073743	3	3	0.022961369756463672	-9.673906230811282	3	3
pseudo_13	0.7247034361808362	4.259845977315472	2	2	0.8694550763317828	-0.5586617018372315	2	2
pseudo_130	0.660279640669321	2.4726542490270114	3	3	0.7260775723278972	-2.156898003948683	3	3
pseudo_1300	0.6695343327503589	-0.20469689723664342	3	3	0.2437344538207431	0.9475921351983382	3	3
pseudo_1301	0.8038029867205339	3.1401179061008873	3	3	0.17484409369456955	-8.344412252252495	3	3
pseudo_1302	0.10011720461999771	7.609590523061331	4	4	0.5271137465837036	-1.4875011488504324	4	4
pseudo_1303	0.8335048526435102	0.3994354470668113	3	3	0.3111441786356186	-0.92789592840338	3	3
pseudo_1304	0.665124864389764	5.489028314600553	6	6	0.3745357289610387	-5.578138602810913	6	6
pseudo_1305	0.9687858759153365	0.673911962216867	2	2	0.5677865988077717	-2.543780277482477	2	2
pseudo_1306	0.9238784761080852	2.845378123154594	3	3	0.833504727857697	-2.229925760770339	3	3
pseudo_1307	0.6330778380292496	3.4709500385449505	2	2	0.9937556408331882	0.060085339633291046	2	2
pseudo_1308	0.5467623484376667	5.028947623778666	2	2	0.7483049957305546	-4.2165123129336175	2	2
pseudo_1309	0.3623459490147627	6.371705564026025	3	3	0.3623455839202313	-5.511301242782866	3	3
pseudo_131	0.380406794439513	-1.3651871441470806	1	1	0.4982211730080518	-8.272929511858159	1	1
pseudo_1310	0.11963689563017531	11.651470685019895	4	4	0.45120748647016784	-4.032994640663664	4	4
pseudo_1311	0.49877920367946926	-0.6572527751803307	4	4	0.6962042642088917	-5.365464721742168	4	4
pseudo_1312	0.7643415996288302	0.43786764047689886	1	1	0.1397515087561778	2.794274612489148	1	1
pseudo_1313	0.7841551691354719	2.5147030293414647	3	3	0.13440853098540942	-8.869501270912815	3	3
pseudo_1314	0.632338748067762	2.073482952204802	4	4	0.7791218067215205	-2.711598631633447	4	4
pseudo_1315	0.4316346464503191	6.8875956474833275	4	4	0.2835579042677202	-8.647131561102837	4	4
pseudo_1316	0.8534417662715168	2.9381235257302385	3	3	0.9340030000063576	-2.6455398700350927	3	3
pseudo_1317	0.04132701701621358	10.536403187006675	4	4	0.8130684838747385	-5.520991078043566	4	4
pseudo_1318	0.7043533239506321	5.717315109555696	4	4	0.14202011223984978	1.3278260822351384	4	4
pseudo_1319	0.7260777722937153	5.480111289484398	3	3	0.8734726407958983	-1.0962142757139202	3	3
pseudo_132	0.515966108849099	3.104454991108163	2	2	0.7601965317035771	0.32836615683767023	2	2
pseudo_1320	0.3050974909620878	6.614946126738853	3	3	0.20493274362919034	1.0973995818793638	3	3
pseudo_1321	0.24373481243227502	-0.8271401788198718	3	3	0.8935850648239405	-2.8814952491337045	3	3
pseudo_1322	0.6219760581199807	3.5556014330432077	2	2	0.9937556408331882	0.0028857782758062167	2	2
pseudo_1323	0.5930150435629138	6.344333435274851	5	5	0.1426152147137839	-9.028318876865136	5	5
pseudo_1324	0.5199867862466294	6.040893546766733	3	3	0.7165392296445288	-0.8565182171091797	3	3
pseudo_1325	0.5535786766025621	5.588397060979017	3	3	0.6148046294909981	0.41525965985638963	3	3
pseudo_1326	0.5707642710535605	-0.5220787856768917	3	3	0.5535783749391339	-1.7546230782816215	3	3
pseudo_1327	0.19624234715835387	8.68986020171641	4	4	0.8646343073767568	-2.034121933962552	4	4
pseudo_1328	0.3148000582911459	9.5806068762752	5	5	0.9648001343948309	-5.505816477284249	5	5
pseudo_1329	0.29072112251059234	-1.2660359329677657	2	2	0.37649756095560116	-8.172624606062474	2	2
pseudo_133	0.9253400618799849	6.557316246647059	6	6	0.8548322018103816	-9.310806813551332	6	6
pseudo_1330	0.9441383108438608	3.1091916032767077	3	3	0.12011923052800204	-8.711810967692125	3	3
pseudo_1331	0.35917505927526383	1.840984842656005	5	5	0.5206475753527198	-8.980267073036124	5	5
pseudo_1332	0.3765005208377059	5.3393906946567435	2	2	0.7601965317035771	-2.8561694791826433	2	2
pseudo_1333	0.7875719659839832	3.182983590365062	4	4	0.8993491231877209	-5.403001289287057	4	4
pseudo_1334	0.7203813967520198	6.950053944806392	5	5	0.027691185046758833	-9.793885197053095	5	5
pseudo_1335	0.5117561233281838	-0.5459856906237531	3	3	0.487477809628571	-1.986716046209289	3	3
pseudo_1336	0.20207097989021616	-1.3948658624609758	2	2	0.0636226531650176	-9.595089480532634	2	2
pseudo_1337	0.6066520345757962	5.771628780659903	5	5	0.3695454442226338	-6.285188871215104	5	5
pseudo_1338	0.13092609698623772	7.016249874246286	2	2	0.023711085943148587	3.490784931232103	2	2
pseudo_1339	0.4408462735151849	1.9704597150735268	3	3	0.19160615236038936	-6.355740308413566	3	3
pseudo_134	0.4023648062920543	5.382548778310011	2	2	0.43384819926860174	-7.966515114081989	2	2
pseudo_1340	0.38544688354923695	6.5218822873380775	5	5	0.42414151073182227	-2.078981548061233	5	5
pseudo_1341	0.1708155310083176	9.429179818120918	2	2	0.1912197326884093	-6.11242723376586	2	2
pseudo_1342	0.6135226745164639	9.353914371880135	5	5	0.45904771782373033	0.8317520673957884	5	5
pseudo_1343	0.5199867862466294	2.1364073231941916	3	3	0.22373248722182026	-6.180444347776478	3	3
pseudo_1344	0.49594684331732863	4.992419192804786	2	2	0.5572260289060554	0.6086901111012333	2	2
pseudo_1345	0.8993491979100128	2.7620396741569677	4	4	0.41256176372618947	-1.4929241757808083	4	4
pseudo_1346	0.4316346464503191	6.764165269456499	4	4	0.41256176372618947	-8.833718080428126	4	4
pseudo_1347	0.1566158939295903	-1.48663939637051	2	2	0.08653920405324035	-9.394555217190803	2	2
pseudo_1348	0.08926671812269196	-1.6255067280483722	4	4	0.6962042642088917	-5.947775207757487	4	4
pseudo_1349	0.6148048985724859	0.019116847778726093	3	3	0.195975614051205	1.5129016545819753	3	3
pseudo_135	0.7623009813579934	5.417698357468434	4	4	0.556247903641431	-3.0974826286092103	4	4
pseudo_1350	0.505904365240037	-0.7082492328507657	2	2	0.9189623325536505	-3.5696130301019178	2	2
pseudo_1351	0.9255160295777137	5.016091697566909	4	4	0.17089847325187935	0.750702486965293	4	4
pseudo_1352	0.43846049268631504	-0.8888534788250624	2	2	0.6219757880441257	-2.9555374640611047	2	2
pseudo_1353	0.1708302264833429	7.089756750060803	3	3	0.8136742924023634	-4.851832848783409	3	3
pseudo_1354	0.37480026258712795	4.045079864657781	5	5	0.8714533276317544	-4.573069712396449	5	5
pseudo_1355	0.9956122289303828	2.4607178974736	4	4	0.7125360424274507	-4.781351248937757	4	4
pseudo_1356	0.8473702169655161	5.520903207984584	4	4	0.35841944213245436	-8.942525961317104	4	4
pseudo_1357	0.20041799593449694	-1.159303211454496	3	3	0.28742664183437105	-5.996812686283513	3	3
pseudo_1358	0.6480732420345119	5.715153727413774	4	4	0.663966270240231	-2.116638775092192	4	4
pseudo_1359	0.16300955614598478	6.5847741643059665	3	3	0.3968808226678384	-5.7711672694933505	3	3
pseudo_136	0.20061876999290107	9.677414210929365	5	5	0.6554449367572349	-1.9135292468230745	5	5
pseudo_1360	0.660279640669321	0.11642922472449631	3	3	0.04903139476255368	2.194056572190895	3	3
pseudo_1361	0.0483541551180416	-1.943925582865455	4	4	0.8993491231877209	-4.78947849705306	4	4
pseudo_1362	0.1708155310083176	-1.4580503680609702	2	2	0.9812684522369975	-3.8215015253164903	2	2
pseudo_1363	0.12274961032919621	11.558852502069694	1	1	0.6649985815354151	-7.554683115038542	1	1
pseudo_1364	0.8235755609694935	3.051530753151821	3	3	0.6510763772853647	-5.298597820847026	3	3
pseudo_1365	0.6625438467823529	2.2138446622622214	5	5	0.9102061087696298	-5.1453077934728695	5	5
pseudo_1366			0	0			0	0
pseudo_1367	0.276037992272943	-0.9999242674034132	3	3	0.6283021807768934	-4.921702355222675	3	3
pseudo_1368	0.7129983426647144	3.6895230107335175	2	2	0.701360225480681	-4.143215064183254	2	2
pseudo_1369	0.8634462788170921	2.189324370768799	3	3	0.597008769476381	-2.0776768203029077	3	3
pseudo_137	0.7841551691354719	2.9388749173812125	3	3	0.2991285610794532	-5.909205117455684	3	3
pseudo_1370	0.6880905542257846	2.4577594392042497	4	4	0.6401855223564878	-1.9358892901176652	4	4
pseudo_1371	0.57945131225895	2.8265589333214787	3	3	0.5366502169074818	-3.2437469516946624	3	3
pseudo_1372	0.7165394359421664	-0.33228665538213303	3	3	0.5117558022526043	-1.5267365686848475	3	3
pseudo_1373	0.5636525660406543	2.4124908915277037	4	4	0.9255159741473985	-5.053009853499422	4	4
pseudo_1374	0.2737982760136065	1.8843710625415078	4	4	0.9692930089047249	-2.541777896400264	4	4
pseudo_1375	0.14464207381811042	6.879159761108986	3	3	0.1446417683108256	1.416187764547405	3	3
pseudo_1376	0.9605259779900552	2.9247697281453715	4	4	0.39399792542305734	-1.0588835124857245	4	4
pseudo_1377	0.46453201380389564	2.1235210309628925	4	4	0.25959288027948324	-6.275525394703859	4	4
pseudo_1378	0.6148048985724859	1.936718474106984	3	3	0.8835194679006785	-2.412895756588121	3	3
pseudo_1379	0.4017591910772158	1.9061250271968913	5	5	0.5270336391590855	-5.867583568087444	5	5
pseudo_138	0.9167833751981491	3.260064017372416	4	4	0.04590766370290379	-9.225727089182941	4	4
pseudo_1380	0.07981878454526965	-1.4558202744734252	3	3	0.41852360085902807	0.7389464969821969	3	3
pseudo_1381	0.71253624744538	6.115110498296626	4	4	0.5937353520076949	-5.106614176790957	4	4
pseudo_1382	0.9179854616589336	5.7053612685364925	5	5	0.4413969895985582	-8.930018389378615	5	5
pseudo_1383	0.4446286888619255	1.872914309265406	4	4	0.9167833133140313	-2.7110089811340194	4	4
pseudo_1384	0.42926620136317595	-0.9231069415163775	2	2	0.13293261361406575	-9.123062839141422	2	2
pseudo_1385	0.0775184128606417	9.807426015787351	4	4	0.1001169512405517	-0.13156003387309237	4	4
pseudo_1386	0.20408972601057251	1.900207315700402	5	5	0.8101227025126096	-4.555925148226133	5	5
pseudo_1387	0.24141041096840887	10.89620380524643	8	8	0.0978391444316803	-5.040199549108287	8	8
pseudo_1388	0.8235755609694935	3.0247164185723983	3	3	0.47952552983652497	0.596923644447041	3	3
pseudo_1389	0.9137662190137511	2.5256716863762754	3	3	0.2991285610794532	-4.038660390063593	3	3
pseudo_139	0.6812076891989833	0.9993529893676216	1	1	0.2261861360842793	1.7433798930745326	1	1
pseudo_1390	0.8560330068363078	5.909273142588575	5	5	0.8791822834652339	-8.738676897865266	5	5
pseudo_1391	0.35917505927526383	2.041841680698585	5	5	0.407287024406925	-6.201348490904015	5	5
pseudo_1392	0.317270133769078	3.814665637759198	3	3	0.8935850648239405	-4.538666258684636	3	3
pseudo_1393	0.2621109156190885	-1.5649473751301564	1	1	0.20960427967858064	-9.471752014474852	1	1
pseudo_1394			0	0			0	0
pseudo_1395	0.906548423537471	-0.13447918163275485	2	2	0.4860945394522699	-7.543307098864647	2	2
pseudo_1396	0.7721451858018434	4.814594124822967	2	2	0.256458116459342	-8.463038547774744	2	2
pseudo_1397	0.05051498621495768	7.88124716559669	3	3	0.1098515548827309	2.043268360414705	3	3
pseudo_1398	0.012343328923147748	-2.7870916770627328	4	4	0.37004779740958493	-6.132630727856504	4	4
pseudo_1399	0.28289111094615327	9.737049543373976	5	5	0.8483428725634992	-5.584843844739758	5	5
pseudo_14	0.9342576676788042	2.651598397837482	4	4	0.35841944213245436	-8.927135185998443	4	4
pseudo_140	0.6800123752678305	5.316275776238384	4	4	0.8045461078414105	-2.3605761361128432	4	4
pseudo_1400	0.3414135396140514	6.579473688163272	4	4	0.41886309223412466	-6.6639977322141055	4	4
pseudo_1401	0.9563109281246511	3.3396375073375073	2	2	0.438460137698387	-4.742558815477987	2	2
pseudo_1402	0.06945661420669055	-1.8883643047405319	3	3	0.021473350728959208	-9.688969579870353	3	3
pseudo_1403	0.2986352334663952	4.7264879940848346	4	4	0.032417630645240586	2.722243924406858	4	4
pseudo_1404	0.7962022604994996	4.205915626813572	2	2	0.6330775745335708	0.4176182614842557	2	2
pseudo_1405	0.8136744315211889	3.2061812184726857	3	3	0.009884752717337455	2.8309308207827364	3	3
pseudo_1406	0.1282276297248383	11.507397965639203	1	1	0.4436070770871666	1.1134838877843865	1	1
pseudo_1407	0.71253624744538	2.4524995005758403	4	4	0.2835579042677202	-9.485269958373268	4	4
pseudo_1408	0.4023648062920543	-0.9687504038615335	2	2	0.7129981300215451	-3.331765226444781	2	2
pseudo_1409	0.2242358340851609	-1.3686650529996822	4	4	0.1641285038364818	-9.276407420710761	4	4
pseudo_141	0.600030558209957	2.630580262529565	2	2	0.4571843268771155	0.7930117046273666	2	2
pseudo_1410	0.17484442169729864	9.04919071925333	3	3	0.9137661536782785	-2.4225009665722954	3	3
pseudo_1411	0.07346062451858174	7.526675080704616	3	3	0.7452808909461914	-1.8852890897310897	3	3
pseudo_1412	0.26427042326917094	9.68285506249632	4	4	0.028219910230101574	-9.50125574818208	4	4
pseudo_1413	0.3850056956643204	-0.8841220251387565	2	2	0.39362693971918994	-4.714455338323783	2	2
pseudo_1414			0	0			0	0
pseudo_1415	0.11548851106010227	7.785682905410575	5	5	0.810122975355312	-7.384614742728203	5	5
pseudo_1416	0.6846884158090101	1.9920914514029076	6	6	0.0340383383413666	2.4719126948672003	6	6
pseudo_1417	0.39362730644413557	5.051640186899634	2	2	0.1808038035370435	1.3616941510024994	2	2
pseudo_1418	0.5786022143212335	5.985935792317089	4	4	0.7706978275165746	-5.0446930367080105	4	4
pseudo_1419	0.9342576676788042	2.6103465610708887	4	4	0.3819077053322998	-1.9166069482904327	4	4
pseudo_142	0.34255766836814205	2.04885824917611	3	3	0.2816930859565683	-8.156648545602598	3	3
pseudo_1420	0.6343372782173256	2.3748243031538414	5	5	0.1260493914231109	-9.412231134486202	5	5
pseudo_1421	0.7960470450555048	2.5797316636121734	4	4	0.9956122256555455	-5.507800693802714	4	4
pseudo_1422	0.8817918357046438	4.761779409953071	2	2	0.5059040354339592	-4.483251025394665	2	2
pseudo_1423	0.35917505927526383	1.930279290695322	5	5	0.9024354148173312	-3.4026416393732166	5	5
pseudo_1424	0.7290009148457173	6.031498500825312	4	4	0.7706978275165746	-5.741490355066348	4	4
pseudo_1425	0.11704558514304744	9.978547177792617	4	4	0.04132686542215856	-9.472218307810168	4	4
pseudo_1426	0.663966505657736	0.12260192628397408	4	4	0.35841944213245436	-9.233334732839166	4	4
pseudo_1427	0.13327686761269103	-1.4429318316897923	4	4	0.09135726003066583	-9.879557206678136	4	4
pseudo_1428	0.30525256004930135	-1.0091867959820764	2	2	0.039561652708127226	-9.917187572264949	2	2
pseudo_1429	0.8732913337838728	2.7361923131560975	4	4	0.8045461078414105	-2.2186878658326807	4	4
pseudo_143	0.17892860662784138	-1.1632075743401042	3	3	0.2649603432619808	-5.946433972321143	3	3
pseudo_1430	0.9563109281246511	-0.08191240722883286	2	2	0.820454471184068	-3.4122457204138583	2	2
pseudo_1431	0.6695343327503589	5.610139484291487	3	3	0.1708299011009473	-6.393193565633978	3	3
pseudo_1432	0.5786022143212335	-0.4794158869107825	4	4	0.12768301899693493	-0.7178104432734421	4	4
pseudo_1433	0.505904365240037	-0.7240824392487708	2	2	0.21336358857646465	-8.63182480695985	2	2
pseudo_1434	0.43846049268631504	5.346635936989333	2	2	0.09867056452071467	2.3381764174355197	2	2
pseudo_1435	0.9745918394402936	5.155064439530602	3	3	0.38283483307058375	0.7000049899034756	3	3
pseudo_1436	0.07564208441587517	10.543838576041116	2	2	0.7129981300215451	-4.112593506141244	2	2
pseudo_1437	0.7798653493073513	6.077089249914681	5	5	0.4531206135242414	-9.365499300477158	5	5
pseudo_1438	0.380406794439513	-1.3651871441470806	1	1	0.4982211730080518	-8.272929511858159	1	1
pseudo_1439	0.17634598142265567	1.6064491413330468	6	6	0.6846882013210807	-6.492043608225455	6	6
pseudo_144	0.12495586047038033	10.970231700919063	4	4	0.9956122256555455	-3.6129622318695187	4	4
pseudo_1440	0.3759278935737025	3.8499106645369445	3	3	0.4333303547498636	-5.87049646452262	3	3
pseudo_1441	0.8448798669496154	4.236410347991289	2	2	0.3279368777903855	1.354187974492119	2	2
pseudo_1442	0.7260777722937153	-0.2716851452626461	3	3	0.16688513918614278	1.251875451123606	3	3
pseudo_1443	0.7743817675238063	2.3694792929086304	3	3	0.22373248722182026	-6.579371172812038	3	3
pseudo_1444	0.8534417662715168	2.9549829160109744	3	3	0.6328301273737177	0.2925969288313732	3	3
pseudo_1445	0.08094197183282517	-2.468197011030062	2	2	0.9065483514213344	-3.6711334185957254	2	2
pseudo_1446	0.9847534541733001	-0.0005175210875313733	3	3	0.44084592595561156	-1.792898168243978	3	3
pseudo_1447	0.34255766836814205	6.607577233921449	3	3	0.9644343199950572	-1.9031354992394809	3	3
pseudo_1448	0.8835195558663655	2.793044391406838	3	3	0.9644343199950572	-2.7501264787333533	3	3
pseudo_1449	0.5621397459324885	3.2996470319250957	3	3	0.15178878326619466	-6.485558224626796	3	3
pseudo_145	0.6442628845706757	-0.6098715714390712	2	2	0.2907214965107887	1.0126947434410278	2	2
pseudo_1450	0.515966108849099	1.709562090689439	2	2	0.022760498125948953	3.7024891850295507	2	2
pseudo_1451	0.5535786766025621	2.2597674408837705	3	3	0.029843793806949806	1.9599217607295827	3	3
pseudo_1452	0.4512084998749135	2.104264200369744	4	4	0.5488912968703755	-5.68919965977199	4	4
pseudo_1453	0.11963744779481916	9.61681920518604	4	4	0.5937353520076949	-2.290678583274508	4	4
pseudo_1454	0.2242358340851609	-1.240213599381245	4	4	0.5636522749793662	-2.047397980290415	4	4
pseudo_1455	0.81306862081223	5.448424611928409	4	4	0.2549733289373767	1.1314220336224132	4	4
pseudo_1456	0.00753198398976491	11.396283812165313	5	5	0.3591747073181051	-3.72415902600307	5	5
pseudo_1457	0.8483427628285747	3.3028215899355664	5	5	0.5399240093931257	-1.6194552534853166	5	5
pseudo_1458	0.4982215125326509	8.649786730583838	1	1	0.1864103132081304	-9.546244979308211	1	1
pseudo_1459	0.22861969203027743	-1.0121967427598324	3	3	0.9137661536782785	-2.6823674228051737	3	3
pseudo_146	0.07212526880346751	1.9170905031886167	6	6	0.19105342441334072	-9.68829054860995	6	6
pseudo_1460	0.6017768942194417	2.8935471242530886	1	1	0.0936259211469957	4.4876419414443065	1	1
pseudo_1461	0.7539318559334593	5.073863650586038	4	4	0.1778754559650495	-6.612979703654207	4	4
pseudo_1462	0.9238784761080852	2.2807549345046234	3	3	0.4333303547498636	0.63609720448106	3	3
pseudo_1463	0.9542826230594712	2.600617480130481	3	3	0.8384792163587098	-4.72487468546595	3	3
pseudo_1464	0.297928032792127	5.992817023237377	2	2	0.30525218511070806	1.8377121370846357	2	2
pseudo_1465	0.2874262752008703	7.1446797090920855	3	3	0.1916054766719122	-8.233591491550433	3	3
pseudo_1466	0.71253624744538	2.635477718169502	4	4	0.7706978275165746	-2.598670652473365	4	4
pseudo_1467	0.6173280935781877	2.4179680830391934	1	1	0.10264559243671365	3.987309352327449	1	1
pseudo_1468	0.7962022604994996	0.43501914477946757	2	2	0.7601965317035771	-3.2166492936578504	2	2
pseudo_1469	0.03918572850805421	-2.0296110374333813	4	4	0.19246174839149355	-9.529643268301491	4	4
pseudo_147	0.6109596242554641	4.63877506499866	2	2	0.6330775745335708	-3.115512236851578	2	2
pseudo_1470	0.3990137547400101	8.870493347343483	6	6	0.7786120880166632	-8.360386874688446	6	6
pseudo_1471	0.12698128473736933	-1.5578995104009028	2	2	0.01772326772579605	-10.465641878111983	2	2
pseudo_1472	0.843460770637108	2.9334274632342763	3	3	0.7260775723278972	-1.5650562407208153	3	3
pseudo_1473	0.9542826230594712	3.403002394721771	3	3	0.8534416560581137	-0.08310417423892673	3	3
pseudo_1474	0.57945131225895	3.638273270271641	3	3	0.9745918201207777	-4.814675505909222	3	3
pseudo_1475	0.8502862896453336	-0.2470757413410265	1	1	0.9911411616559694	0.0	1	1
pseudo_1476	0.9605259779900552	5.637099347413256	4	4	0.6480729971088222	-8.617672326607062	4	4
pseudo_1477	0.22962086826647077	10.213988215073474	5	5	0.13734921012240792	-1.069594163481056	5	5
pseudo_1478	0.13389384154518022	11.472709813509605	1	1	0.4049941104146785	-8.735099064158799	1	1
pseudo_1479	0.8301789638339876	2.545606350361752	4	4	0.6013693738999246	-8.322354187697707	4	4
pseudo_148	0.08430088879397968	-1.4660244693887154	3	3	0.44084592595561156	-5.736817296151095	3	3
pseudo_1480	0.28169345195627227	-0.9917956117599166	3	3	0.35567136618263373	-5.867532263214344	3	3
pseudo_1481	0.15459436638908994	10.69234825033009	6	6	0.2665142629094184	-0.8086699231273107	6	6
pseudo_1482	0.7841551691354719	3.317055159264237	3	3	0.27323840559434687	-5.853884413294804	3	3
pseudo_1483	0.9189623951615823	0.9793312696050096	2	2	0.1612457705705984	2.2828526385825536	2	2
pseudo_1484	0.4571846757144489	-0.7573362759081661	2	2	0.4860945394522699	0.7292786631799661	2	2
pseudo_1485	0.4650183428631438	6.0352744238155935	5	5	0.8791822834652339	-8.010019120019772	5	5
pseudo_1486	0.81306862081223	2.5001859441551066	4	4	0.1332765779268827	-1.0780796316380374	4	4
pseudo_1487	0.8946741336040755	5.761249954134175	5	5	0.18069031142666847	-0.9605363362361046	5	5
pseudo_1488	0.20041799593449694	6.9173352545082025	3	3	0.6602793984849139	-2.8783283514076214	3	3
pseudo_1489	0.7247034361808362	-0.295390125692208	2	2	0.222126625637443	-8.703685462016374	2	2
pseudo_149	0.2874270084673507	4.028651748953539	3	3	0.037253237802075984	2.4433837506048857	3	3
pseudo_1490	0.9102061742613444	5.665753989487988	5	5	0.11777301863102402	-9.281946375512163	5	5
pseudo_1491	0.31480076720453787	1.4978600460642155	5	5	0.1386508606420826	-9.769992549859543	5	5
pseudo_1492	0.11271218561602217	9.508273590234966	3	3	0.30509712310334247	1.0656160027682353	3	3
pseudo_1493	0.3414135396140514	-0.14796841870068297	4	4	0.4252206963256324	-1.6155052071155627	4	4
pseudo_1494	0.7070451186452502	1.9768990694600639	3	3	0.04479884173949332	-9.465778143645508	3	3
pseudo_1495	0.632338748067762	6.521652575386398	4	4	0.5711038195586173	-6.3318513063721324	4	4
pseudo_1496	0.5707642710535605	2.0371824017941917	3	3	0.3968808226678384	0.44888522647139845	3	3
pseudo_1497	0.9438466727424188	3.3328443968810384	2	2	0.4571843268771155	0.7266546565102865	2	2
pseudo_1498	0.03241775989250008	10.762789398425275	4	4	0.020601991002646234	2.5255072271706815	4	4
pseudo_1499	0.2704604709831542	6.483165756474207	3	3	0.4560990411855481	0.6938568614803247	3	3
pseudo_15	0.31611732822449445	10.604206651593728	8	8	0.4869305943200205	-5.146459546829141	8	8
pseudo_150	0.18595820354982961	-1.3639455320161975	2	2	0.30525218511070806	1.3799385393850816	2	2
pseudo_1500	0.6237889556719056	-0.3699808089225923	3	3	0.11270999663338466	-8.806250094781772	3	3
pseudo_1501	0.1279038765890147	-1.3594401141802794	3	3	0.9847534425778272	-4.9038211063277934	3	3
pseudo_1502	0.4408462735151849	-0.6405755089728385	3	3	0.15178878326619466	1.2247807405319684	3	3
pseudo_1503	0.1043034075173744	-1.4344222739452146	3	3	0.08898428321308834	-7.839566428256728	3	3
pseudo_1504	0.3759278935737025	6.758311769648084	3	3	0.545081669526831	-5.030417286492649	3	3
pseudo_1505	0.5271140549348696	2.0569541624996344	4	4	0.4578427237860069	-4.402107746373662	4	4
pseudo_1506	0.8941572410577566	0.48239601016072875	2	2	0.10522620487094504	2.4466486353437378	2	2
pseudo_1507	0.014397849930155275	-2.7671576446382677	4	4	0.9868372077283507	-2.553190040561755	4	4
pseudo_1508	0.26427042326917094	8.764419491344142	4	4	0.4918238200917766	-1.9934673013780884	4	4
pseudo_1509	0.978063798261942	6.174696677282545	4	4	0.8045461078414105	-5.083466088251262	4	4
pseudo_151	0.04088217411626232	10.460336528239921	5	5	0.010628552812236704	3.2667008209181065	5	5
pseudo_1510	0.21778212986797463	10.031932348305308	1	1	0.4982211730080518	0.9100409788952325	1	1
pseudo_1511	0.588199902665204	3.1944116210078186	3	3	0.8935850648239405	-4.416763568902856	3	3
pseudo_1512	0.2766638820669697	5.754392697430315	2	2	0.1912197326884093	1.3558084648447422	2	2
pseudo_1513	0.4408462735151849	-0.12672573476554425	3	3	0.6419262293545441	-1.5634304577521798	3	3
pseudo_1514	0.7207523987220974	2.9720746366408264	4	4	0.30377735157547825	0.05986941766939343	4	4
pseudo_1515	0.13092609698623772	7.298199306199512	2	2	0.5677865988077717	-2.2098190490485865	2	2
pseudo_1516	0.7364732305332813	-0.08499797240796703	2	2	0.9812684522369975	-3.4883187193851093	2	2
pseudo_1517	0.3414135396140514	2.0211545148907963	4	4	0.5093080790834199	-5.7140816145368705	4	4
pseudo_1518			0	0			0	0
pseudo_1519	0.2714726356094682	10.481086493204304	7	7	0.8143928493924167	-9.129780500398917	7	7
pseudo_152	0.19597595418350167	-1.173917205623906	3	3	0.3361177163586596	0.7905604926428941	3	3
pseudo_1520	0.5987487550792356	10.504919983967655	8	8	0.5262467106898161	-9.584143381595778	8	8
pseudo_1521	0.4333307045735425	-0.6470006640253233	3	3	0.47952552983652497	-5.239282510154971	3	3
pseudo_1522	0.3202571348874317	-0.9588937970708029	2	2	0.09551726657435788	-9.36663616478188	2	2
pseudo_1523	0.7646439915622384	-0.305831336461285	3	3	0.8434606531092605	-2.491360199664727	3	3
pseudo_1524	0.8329189469139309	-0.2602582118259473	1	1	0.31231071483551287	-9.168000579537026	1	1
pseudo_1525	0.7372809216368013	7.010228882142094	4	4	0.27864883817032504	-8.6064092527182	4	4
pseudo_1526	0.46453201380389564	-0.5615471634421126	4	4	0.7455913506347389	-5.448568841843001	4	4
pseudo_1527	0.9204013755044466	-0.09783974544220442	1	1	0.45693087911108343	-8.590544613874439	1	1
pseudo_1528	0.3490755903200319	1.9479090304688722	3	3	0.4258894283097314	-5.629678457714569	3	3
pseudo_1529	0.47164489843328683	1.9731538852355766	3	3	0.4560990411855481	-5.728588685586707	3	3
pseudo_153	0.37480026258712795	-0.8764243378460191	5	5	0.2076051818720962	-9.159928815169435	5	5
pseudo_1530	0.5363965973495703	3.1569467534537026	2	2	0.4860945394522699	0.7474469725091523	2	2
pseudo_1531	0.26981154121737394	-1.1193296401299877	2	2	0.3516877500508625	-8.31923873998413	2	2
pseudo_1532	0.2242358340851609	-1.2651401510587104	4	4	0.25041125441242085	-9.17199256531651	4	4
pseudo_1533	0.32433635517218196	9.532296956311123	5	5	0.2471874351821286	-9.029477188550166	5	5
pseudo_1534	0.49182414331084556	2.6740202523217076	4	4	0.22007034999938613	-9.801371816629816	4	4
pseudo_1535	0.6058777293488364	1.1364946924526427	3	3	0.038430064553219775	2.2794674012995895	3	3
pseudo_1536	0.068885696929656	11.116650803933728	5	5	0.4072863373036807	-1.1682519948617915	5	5
pseudo_1537	0.11449801771160344	-1.644911819127529	4	4	0.8387648536648162	-2.3886359351694124	4	4
pseudo_1538	0.6017768942194417	-0.8005370988481797	1	1	0.43050802099555485	-8.70827946655926	1	1
pseudo_1539	0.6017768942194417	2.8935471242530886	1	1	0.0936259211469957	4.4876419414443065	1	1
pseudo_154	0.20493308811638522	6.7836578230119535	3	3	0.27046010657623687	1.5175930402072402	3	3
pseudo_1540	0.8732913337838728	5.427219661838092	4	4	0.9517636592801187	0.028117443805590225	4	4
pseudo_1541	0.46453201380389564	2.585538053620017	4	4	0.06228542477118414	-9.403850708181695	4	4
pseudo_1542	0.9692930318119534	2.9028437028401535	4	4	0.30377735157547825	-1.70072211518485	4	4
pseudo_1543	0.46453201380389564	3.8244839845418803	4	4	0.5057858814984134	-3.62361106025554	4	4
pseudo_1544	0.5199867862466294	-0.7173035830454619	3	3	0.3297565600982677	0.7880913800142553	3	3
pseudo_1545	0.4112336535890947	-0.23394746012797304	3	3	0.5535783749391339	-1.4133592694462769	3	3
pseudo_1546	0.9605259779900552	3.0909367581068317	4	4	0.5748465220332696	-2.103397549192978	4	4
pseudo_1547	0.4512084998749135	2.005277792019177	4	4	0.3249324271367361	-5.978596846282405	4	4
pseudo_1548	0.08520081565638067	9.64293239728496	4	4	0.08926647926934468	1.507187727125732	4	4
pseudo_1549	0.38283519497378626	1.9630710632062058	3	3	0.3361177163586596	-5.943852963203475	3	3
pseudo_155	0.37594923530198443	6.2175393143123685	4	4	0.6323384939646746	-1.9796651894111008	4	4
pseudo_1550	0.9812684667559504	3.6669966544158816	2	2	0.6897919665504586	-4.263801675722354	2	2
pseudo_1551	0.2874262752008703	-0.8783236724999414	3	3	0.7452805168954092	-2.6826442886979396	3	3
pseudo_1552	0.4112336535890947	2.0112262815713646	3	3	0.8534416560581137	-2.31398937045324	3	3
pseudo_1553	0.32347426508380983	3.6768760231793927	3	3	0.3968808226678384	-7.713686511470452	3	3
pseudo_1554	0.06384532368620428	-1.6198367056715768	4	4	0.6013693738999246	-5.697855313246226	4	4
pseudo_1555	0.641926482642926	2.300413202779545	3	3	0.4484356587967735	0.8872090106762934	3	3
pseudo_1556	0.9868372175516741	3.3280779062854218	4	4	0.3819077053322998	-1.2507192465350523	4	4
pseudo_1557	0.5118464631204434	1.7477936552965812	6	6	0.7923357205046857	-9.395402207936732	6	6
pseudo_1558	0.8387649723530849	5.424315246542743	4	4	0.5271137465837036	-6.112845106856882	4	4
pseudo_1559	0.19246208034937407	-1.3927751235162062	4	4	0.8732912400122477	-5.747885058524442	4	4
pseudo_156	0.6555290617878633	-0.5010053212156489	2	2	0.7601965317035771	-4.333045827963187	2	2
pseudo_1560	0.9648002116917598	6.133617866922729	5	5	0.9569848982285107	-5.473265703865043	5	5
pseudo_1561	0.7939627348044759	2.892152079691392	3	3	0.0181151377677183	2.2583189029533552	3	3
pseudo_1562	0.3684645257991911	9.491929949554287	1	1	0.2016514739373909	1.8910977135648896	1	1
pseudo_1563	0.2348197957832654	9.88802365480765	1	1	0.8329188168246346	0.3720406009879634	1	1
pseudo_1564	0.5117554811763974	2.611333339412375	3	3	0.4874771473813687	-5.032827477465779	3	3
pseudo_1565	0.515966108849099	4.801463836737332	2	2	0.9937556408331882	-3.707811641197953	2	2
pseudo_1566	0.7290009148457173	2.1178230271978475	4	4	0.9255159741473985	-2.388134188993808	4	4
pseudo_1567	0.45693123478908115	8.984637446475848	1	1	0.5562194282156291	0.8224919904923421	1	1
pseudo_1568	0.02520725850799151	9.9325475002343	4	4	0.39399721945185373	0.6604008365864599	4	4
pseudo_1569	0.5414167675183484	8.14623863225421	1	1	0.9380492347361683	-0.07415284671049893	1	1
pseudo_157	0.8529632173706323	10.490956617398004	7	7	0.6124401469194757	-9.035663527909918	7	7
pseudo_1570	0.8835195558663655	2.9456730107493247	3	3	0.7260775723278972	-4.69799995590588	3	3
pseudo_1571	0.11449801771160344	-1.5485865812460922	4	4	0.27379791792564645	-1.8043533959792057	4	4
pseudo_1572	0.4023648062920543	4.917134740384199	2	2	0.7841477744787879	0.33809658685049127	2	2
pseudo_1573	0.2986352334663952	6.894127058528338	4	4	0.6880903336673745	-4.480236917609027	4	4
pseudo_1574	0.8335048526435102	2.4882357530131087	3	3	0.7165392296445288	-2.920470340770913	3	3
pseudo_1575	0.2737982760136065	1.7391306251129393	4	4	0.22423548826535356	-8.982301700741784	4	4
pseudo_1576	0.5970090484899082	3.084765202768999	3	3	0.7260775723278972	-3.387031919401286	3	3
pseudo_1577	0.29072187051043885	-1.1402693808584345	2	2	0.6668739356425906	-3.1883173380984733	2	2
pseudo_1578	0.7960470450555048	2.839472429277388	4	4	0.26900503463798486	-1.2978738293530878	4	4
pseudo_1579	0.5061202541630867	2.176569677218478	6	6	0.3745357289610387	-9.166446087926538	6	6
pseudo_158	0.8758893991386851	6.649249865832528	6	6	0.7244439635624143	-7.852683450733237	6	6
pseudo_1580	0.7743817675238063	3.350948607701614	3	3	0.8136742924023634	-4.953818866521847	3	3
pseudo_1581	0.23706848208482456	1.6335534537470007	4	4	0.7791218067215205	0.3046755638461531	4	4
pseudo_1582	0.38747898802649905	10.09608037990449	8	8	0.9601769835202376	-8.476019638954778	8	8
pseudo_1583	0.3470239938122085	-0.8815296469535449	4	4	0.451208162073945	-1.6745086453369813	4	4
pseudo_1584	0.37004815460456886	1.615975156113839	4	4	0.5343236655601391	-7.2183891001129865	4	4
pseudo_1585	0.5128446633821904	2.1711089426551866	4	4	0.8646343073767568	-2.4056472458533342	4	4
pseudo_1586	0.18641066123404215	10.444143929438747	1	1	0.6330525207599099	0.6389842973648086	1	1
pseudo_1587	0.08743620385101483	1.2929432702635868	6	6	0.1396653087900566	-9.983975400780889	6	6
pseudo_1588	0.12474455156834924	-1.3585227840119085	3	3	0.01418927139244814	-9.932706160796169	3	3
pseudo_1589	0.40728736795767406	2.329645926974845	5	5	0.04088202638016929	1.9701021775942558	5	5
pseudo_159	0.9692930318119534	2.3459545767175207	4	4	0.15435518575978138	1.4127063028418536	4	4
pseudo_1590	0.6510766250779694	-0.3771765357346825	3	3	0.7165392296445288	-5.1973273401967255	3	3
pseudo_1591	0.37594923530198443	-0.7795787583218816	4	4	0.451208162073945	-8.577780210212504	4	4
pseudo_1592	0.1433298856138318	9.71979657711005	2	2	0.11937116156447065	1.8940622789665764	2	2
pseudo_1593	0.466712623660712	-0.7895729402848737	2	2	0.4860945394522699	-4.649177352467628	2	2
pseudo_1594	0.08661714781865597	-1.4824611275418018	3	3	0.254193250251763	-6.072865773623053	3	3
pseudo_1595	0.8559936975460414	2.3584706286732664	4	4	0.5128443487899497	-1.3808197372981725	4	4
pseudo_1596	0.06945661420669055	-1.6447731046152072	3	3	0.3111441786356186	-5.965886077919008	3	3
pseudo_1597	0.22584064826899974	1.613642547337583	5	5	0.6768317493336694	-4.678811585386751	5	5
pseudo_1598	0.3340580621555014	2.1287537175323923	5	5	0.04387280525718445	-10.16063955482141	5	5
pseudo_1599	0.6330527893703852	2.171081099781997	1	1	0.09805292985944149	4.055315552969607	1	1
pseudo_16	0.32347426508380983	6.629618501295401	3	3	0.9847534425778272	-1.9541068697388209	3	3
pseudo_160	0.03526933506047524	11.343842004941909	2	2	0.7962021059869522	-4.051651186749037	2	2
pseudo_1600	0.8335048526435102	-0.24530449451512482	3	3	0.07553210295669815	1.48514548101826	3	3
pseudo_1601	0.11212313779685626	-1.5995123338587485	2	2	0.0682261719869611	-9.507739641097634	2	2
pseudo_1602	0.9687858759153365	4.5540489375629924	2	2	0.17081519937902723	-8.79538084249622	2	2
pseudo_1603	0.16124609538461931	-1.4853452723999894	2	2	0.09551726657435788	-9.39308764011107	2	2
pseudo_1604	0.47952586403811104	1.7718435775659298	3	3	0.17892827606648487	-6.2404384535815645	3	3
pseudo_1605	0.8559936975460414	2.0171992070582623	4	4	0.7539316782140046	-5.419968415365312	4	4
pseudo_1606	0.257345179340417	1.9262262936726788	5	5	0.82536206658563	-5.996919361059901	5	5
pseudo_1607	0.4381039639059322	-0.6389085377286646	4	4	0.20790870658395022	-1.1231373111010465	4	4
pseudo_1608	0.9745918394402936	2.4463551752055186	3	3	0.823575428985576	-2.217861567966233	3	3
pseudo_1609	0.71253624744538	3.198838752806536	4	4	0.7290007205458839	-4.848760780588666	4	4
pseudo_161	0.6058777293488364	2.283933720111167	3	3	0.5621394485443971	-2.0251280411491064	3	3
pseudo_1610	0.4125621125359733	2.439936849958275	4	4	0.11963717171255674	-9.266733815006669	4	4
pseudo_1611	0.7260777722937153	3.309275662654258	3	3	0.9949175392366759	-2.6904633212705336	3	3
pseudo_1612	0.641926482642926	2.231465889934881	3	3	0.5117558022526043	-1.8133218712827348	3	3
pseudo_1613	0.2766638820669697	-1.175906384616642	2	2	0.1612457705705984	-8.58364875232772	2	2
pseudo_1614	0.3939982784077606	6.568202094827281	4	4	0.25041125441242085	-0.9168106000422531	4	4
pseudo_1615	0.6219760581199807	0.6946177095591648	2	2	0.5891905343803715	-2.8735312386508283	2	2
pseudo_1616	0.45784305940500625	6.597060992970095	4	4	0.41256176372618947	-3.9846608455817685	4	4
pseudo_1617	0.3490755903200319	6.035742672697084	3	3	0.0505148108463045	-9.233022963732688	3	3
pseudo_1618	0.5636525660406543	3.521155016578241	4	4	0.20396519261579682	-1.6918547657769745	4	4
pseudo_1619	0.9949175431024609	3.1694728875222773	3	3	0.3361177163586596	-5.900049621910429	3	3
pseudo_162	0.38190806061426585	6.667126728406816	4	4	0.14202011223984978	-1.2555932577264948	4	4
pseudo_1620	0.43846049268631504	-0.6667611966826863	2	2	0.5363962814462242	-2.741965403902263	2	2
pseudo_1621	0.9812684667559504	3.7309727639981354	2	2	0.9687858517289359	-3.6266365228121478	2	2
pseudo_1622	0.9441383108438608	0.51209058509114	3	3	0.5035936460977835	-5.236796176001357	3	3
pseudo_1623	0.572827338198799	2.0985533732492905	5	5	0.8560329025386317	-5.284932538207884	5	5
pseudo_1624	0.6975650868538984	-0.6183184562131778	1	1	0.7813360253573487	0.509654717489997	1	1
pseudo_1625	0.8301789638339876	3.0014009192303193	4	4	0.7791218067215205	-2.2157029753944886	4	4
pseudo_1626	0.20061876999290107	2.5082671123459384	5	5	0.02037791909534502	-10.091202450992446	5	5
pseudo_1627	0.5394283014020467	9.846551537283737	7	7	0.852963114794797	-6.1045223436180045	7	7
pseudo_1628	0.9821992806479374	10.070027631211246	6	6	0.09781650633203123	-9.466408897858946	6	6
pseudo_1629	0.06871900124686633	9.8421097275209	4	4	0.8387648536648162	-2.6668676130557594	4	4
pseudo_163	0.10474157849515801	10.646351509700972	4	4	0.28852521226785255	-0.37269181244701394	4	4
pseudo_1630	0.16412881858949901	1.9703518225710415	4	4	0.4446283489783789	-5.715308683645567	4	4
pseudo_1631	0.9340030500905637	2.7890908239008936	3	3	0.8835194679006785	-2.613811813919202	3	3
pseudo_1632	0.578442322367537	4.448556345921019	2	2	0.0924451799865546	1.8670603269666968	2	2
pseudo_1633	0.03292600336124364	-1.9271783285979307	5	5	0.8406672507800877	-5.911850985714536	5	5
pseudo_1634	0.14464207381811042	7.100696471038237	3	3	0.16688513918614278	1.536814319553322	3	3
pseudo_1635	0.19392134090778113	-1.75072120523045	1	1	0.9734278527067415	-0.03732745966688711	1	1
pseudo_1636	0.49182414331084556	7.047906414034749	4	4	0.3819077053322998	-1.4074615198741967	4	4
pseudo_1637	0.9644343470292127	2.66343213402394	3	3	0.11563065565023944	1.3653779306827885	3	3
pseudo_1638	0.10240862447394022	11.062609592400378	4	4	0.4001289468498347	-8.172340109317759	4	4
pseudo_1639	0.0483541551180416	11.08659954815208	4	4	0.30377735157547825	-1.574437344488852	4	4
pseudo_164	0.9956122289303828	4.175394082362996	4	4	0.41256176372618947	-9.255641444974424	4	4
pseudo_1640	0.5035939706570036	5.902827685954864	3	3	0.8835194679006785	-2.8279520263283566	3	3
pseudo_1641	0.6203737453892684	9.924308620757165	6	6	0.758156681568482	-4.367163126983203	6	6
pseudo_1642	0.47952586403811104	6.149536202821618	3	3	0.3361177163586596	0.9446391002317318	3	3
pseudo_1643	0.26427042326917094	-0.9371490821306908	4	4	0.19246174839149355	-9.743980399699689	4	4
pseudo_1644	0.4063173184291574	2.338954046630672	4	4	0.26427006675815845	-8.297656933995365	4	4
pseudo_1645	0.7425119958806363	5.9176499341808535	5	5	0.2111640167178087	-9.685928690800807	5	5
pseudo_1646	0.487478140751221	-0.5826989565811745	3	3	0.5117558022526043	-1.9095476102259752	3	3
pseudo_1647	0.9804401739550714	6.060410709053933	5	5	0.12484052298820338	-0.522197446990268	5	5
pseudo_1648	0.8634462788170921	5.644768753724603	3	3	0.4955007436709008	0.622186714374092	3	3
pseudo_1649	0.14503081217203978	1.5522826885260468	4	4	0.11449774721537541	-9.68726066772365	4	4
pseudo_165	0.07981878454526965	-1.6110078802918142	3	3	0.7356585830928153	-5.253343640610177	3	3
pseudo_1650	0.2885255721327852	-1.0457141781035215	4	4	0.9342576187223479	-5.4256351181857845	4	4
pseudo_1651	0.276037992272943	7.087803472494907	3	3	0.8434606531092605	-2.7459654227584913	3	3
pseudo_1652	0.06945661420669055	7.960157539597783	3	3	0.7743816005621894	-4.765976514509527	3	3
pseudo_1653	0.4472372891337554	5.866741043855792	5	5	0.5143016131177078	-5.620194357669771	5	5
pseudo_1654	0.1916064902041289	-1.133007017275549	3	3	0.07765124132684814	-9.040922338898568	3	3
pseudo_1655	0.8941572410577566	0.1194445790380021	2	2	0.13496437744637446	1.696070290144255	2	2
pseudo_1656	0.09244543266606632	10.209149727839199	2	2	0.41121722116263426	-7.776558440980171	2	2
pseudo_1657	0.36954509361043253	-0.14050388012607615	5	5	0.8985532272836884	-9.101056035371982	5	5
pseudo_1658	0.019398941586956826	11.00253812323813	3	3	0.28742664183437105	0.8274377431887293	3	3
pseudo_1659	0.00264890254471161	11.432093922660066	5	5	0.4710312441952803	-2.260285175529448	5	5
pseudo_166	0.8993491979100128	5.071574106553299	4	4	0.7125360424274507	-2.2869596200769937	4	4
pseudo_1660	0.5711041068775493	2.7380409847780682	4	4	0.2835579042677202	-1.601590823677722	4	4
pseudo_1661	0.6489450788237636	-0.7010014252972656	1	1	0.9027925071840768	0.26531541013280135	1	1
pseudo_1662	0.6442628845706757	1.4888889050576428	2	2	0.05927880370362385	2.935979026587667	2	2
pseudo_1663	0.885231482713996	-0.14081953481777099	1	1	0.4842411534386877	0.9661560273311605	1	1
pseudo_1664	0.42018496269561056	5.500925031424335	2	2	0.6109593477818349	-4.320982314704339	2	2
pseudo_1665	0.12474455156834924	-1.397532742267252	3	3	0.7023142369180884	-5.175094948785735	3	3
pseudo_1666	0.6017768942194417	-0.8005370988481797	1	1	0.43050802099555485	-8.70827946655926	1	1
pseudo_1667	0.8335048526435102	2.5730823835476966	3	3	0.4040189157233782	0.6616258383586988	3	3
pseudo_1668	0.5621397459324885	0.11106336258221046	3	3	0.8734726407958983	-3.4685585184440533	3	3
pseudo_1669	0.5363965973495703	4.190910196352243	2	2	0.7129981300215451	-4.442684052020483	2	2
pseudo_167	0.7070451186452502	2.372153884706966	3	3	0.9847534425778272	-2.56935080333311	3	3
pseudo_1670	0.7351104033126857	3.076819541235322	5	5	0.6554449367572349	-5.056731017964656	5	5
pseudo_1671	0.9804401739550714	8.121676379406683	5	5	0.2532479301783257	-0.4372646330563912	5	5
pseudo_1672	0.7721451858018434	0.3915869395674165	2	2	0.515965783472218	-2.3261053001319265	2	2
pseudo_1673	0.43050838529928037	-1.3039738287403395	1	1	0.6173278155073039	0.6410733751510287	1	1
pseudo_1674	0.7623009813579934	2.1583940481149657	4	4	0.7791218067215205	-2.114501224336235	4	4
pseudo_1675	0.5282851874963459	2.0551131146757853	3	3	0.2932384297494359	-5.741124055883863	3	3
pseudo_1676	0.5366505267314757	3.384142699559845	3	3	0.15920160813812634	1.100803364574266	3	3
pseudo_1677	0.515966108849099	5.24776997735383	2	2	0.6442626278341119	-2.9689472628608744	2	2
pseudo_1678	0.8473702169655161	2.873893117693781	4	4	0.8216130537489852	-2.1720428167514148	4	4
pseudo_1679	0.2874270084673507	6.127731195821742	3	3	0.3361177163586596	0.7905116479382842	3	3
pseudo_168	0.19624234715835387	-1.3535258373984231	4	4	0.6245326488376759	-5.661336843954312	4	4
pseudo_1680	0.2690053919759029	2.0778611437239594	4	4	0.16748779461413288	-9.276531221497732	4	4
pseudo_1681	0.09783984182333054	10.767195704312803	8	8	0.2604291442849226	-4.037017522924963	8	8
pseudo_1682	0.12313074973964343	9.787414680684275	2	2	0.7601965317035771	-4.145976222119387	2	2
pseudo_1683	0.5399248999769672	9.108491770620851	5	5	0.8946740569071254	-2.741931241346226	5	5
pseudo_1684	0.16018277560334804	-0.4791674160501846	7	7	0.9868557615702227	-9.109768200221142	7	7
pseudo_1685	0.7455915339457634	2.910915676107914	4	4	0.5488912968703755	-2.106084729558741	4	4
pseudo_1686	0.9745918394402936	3.383070433589568	3	3	0.6788392504754945	-1.4861553826043103	3	3
pseudo_1687	0.8473702169655161	5.798104237151211	4	4	0.6167687100753977	-2.0283658837155083	4	4
pseudo_1688	0.10704860435609659	-1.424986007489041	3	3	0.04903105045510686	-9.333084464329284	3	3
pseudo_1689	0.05322687193145794	10.731267464631369	2	2	0.3126951976325886	0.9799916811450282	2	2
pseudo_169	0.6480732420345119	6.811853396973446	4	4	0.7125360424274507	-5.7672773056349245	4	4
pseudo_1690	0.06543714492083456	-1.4958543151929902	4	4	0.3759488790157549	-9.069950773448609	4	4
pseudo_1691	0.7513750514260404	4.908673413754394	6	6	0.7311462908318394	-8.85708944894681	6	6
pseudo_1692	0.7290009148457173	2.8796663567745484	4	4	0.33036752652954593	-1.5254449848574314	4	4
pseudo_1693	0.8387649723530849	0.29357451013343283	4	4	0.17436090697486117	-1.2587579301689173	4	4
pseudo_1694	0.3695457948342714	-1.1423016692321966	5	5	0.6135224146990017	-6.150390121319415	5	5
pseudo_1695	0.8025300938398481	2.5575594682952283	5	5	0.9960876556943828	-8.628874878658948	5	5
pseudo_1696	0.12495586047038033	-1.332383647615141	4	4	0.11199402369988364	-9.124308574964346	4	4
pseudo_1697	0.7247034361808362	3.4999564544551833	2	2	0.8817917447372052	-3.648867485072445	2	2
pseudo_1698	0.5415833323814839	7.5586330995374205	4	4	0.6090473867849373	-1.9573717937447335	4	4
pseudo_1699	0.9949175431024609	4.944295942914223	3	3	0.12164613137932691	-6.51375711138504	3	3
pseudo_17	0.736472837127633	-0.2648822383513938	2	2	0.37649756095560116	-8.172624606062474	2	2
pseudo_170	0.5199541146275353	2.2676904044085533	4	4	0.08322452007724086	-9.76651531284757	4	4
pseudo_1700	0.33611808391391906	6.345427271432868	3	3	0.9542825883238296	-2.573440921286049	3	3
pseudo_1701	0.317270133769078	1.916832111252137	3	3	0.8534416560581137	-2.7279351665244516	3	3
pseudo_1702	0.9882633519326851	2.9249791839959918	5	5	0.28289075836310884	-4.678330024508695	5	5
pseudo_1703	0.8935851452839595	2.591110520174054	3	3	0.823575428985576	-1.9511439208835133	3	3
pseudo_1704	0.8946741336040755	7.410686550361025	5	5	0.4831853862642045	-8.979566927980963	5	5
pseudo_1705	0.7601967119093626	3.220433513641427	2	2	0.2907214965107887	-8.382092259951015	2	2
pseudo_1706	0.6017768942194417	-0.8005370988481797	1	1	0.43050802099555485	-8.70827946655926	1	1
pseudo_1707	0.09640072795706195	-1.4518170450800312	3	3	0.007607416617947932	-10.083073831179597	3	3
pseudo_1708	0.317270133769078	4.4487430570392315	3	3	0.8734726407958983	-4.219149051051088	3	3
pseudo_1709	0.8534417662715168	2.4701196636811833	3	3	0.5366502169074818	-5.189090400120704	3	3
pseudo_171	0.4316346464503191	2.0003661511358932	4	4	0.13759421594672908	-9.061319735883322	4	4
pseudo_1710	0.7721451858018434	4.325581567441597	2	2	0.41121722116263426	0.7437864248283493	2	2
pseudo_1711	0.11271218561602217	-1.4255374751919287	3	3	0.6975959323089513	-2.8696167360900993	3	3
pseudo_1712	0.6090476540125188	6.2508016142375125	4	4	0.8646343073767568	-4.857876327007778	4	4
pseudo_1713	0.42588978026204316	-0.6109053662107359	3	3	0.3111441786356186	0.8568748597712875	3	3
pseudo_1714	0.22618650296617215	9.955136963623534	1	1	0.5124130340166235	0.84649947450567	1	1
pseudo_1715	0.9189623951615823	0.07033401688802776	2	2	0.5784420278265521	-2.82016169739949	2	2
pseudo_1716	0.9340030500905637	2.9012896701663333	3	3	0.07553210295669815	-9.02812743608281	3	3
pseudo_1717	0.33405818109571594	-1.4800016628686894	1	1	0.15851068754244746	2.3316447903623136	1	1
pseudo_1718	0.355671732082395	-0.7049108410930321	3	3	0.9949175392366759	-2.482826771549712	3	3
pseudo_1719	0.1193714480384834	-1.7034277338927684	2	2	0.3979805095779687	-8.110278736078147	2	2
pseudo_172	0.10474157849515801	-1.6073288353905812	4	4	0.17436090697486117	1.3337365338556975	4	4
pseudo_1720	0.22339212034270983	10.379031582973516	8	8	0.9724242931446309	-10.31256805347053	8	8
pseudo_1721	0.13775580316483152	-1.245687668038182	3	3	0.2649603432619808	-6.233286689035542	3	3
pseudo_1722	0.4185239548048252	-0.7369175937343494	3	3	0.15920160813812634	-8.643705758017207	3	3
pseudo_1723	0.7260777722937153	2.3146186633631465	3	3	0.8935850648239405	-2.4896638606258343	3	3
pseudo_1724	0.32347426508380983	6.1984871260975565	3	3	0.8734726407958983	-2.92079495709802	3	3
pseudo_1725	0.2874270084673507	6.328765354140269	3	3	0.7743816005621894	-2.322855724336953	3	3
pseudo_1726	0.6880905542257846	2.1372450123299735	4	4	0.6719705275917675	-5.269570504664667	4	4
pseudo_1727	0.7203813967520198	10.27147373133526	5	5	0.5930147727829465	-1.8366824073504002	5	5
pseudo_1728	0.9557276754651368	0.06766460333711066	1	1	0.17911679487049026	2.1944155424731546	1	1
pseudo_1729	0.7372809216368013	5.9673012594486865	4	4	0.4578427237860069	-8.31509540617451	4	4
pseudo_173	0.41715174005027744	2.088165394970187	7	7	0.7231859996175272	-8.753230541788145	7	7
pseudo_1730	0.18595820354982961	-1.427957606804414	2	2	0.8448797482194375	-3.4765396977381977	2	2
pseudo_1731	0.6328303860434424	2.253866650387246	3	3	0.13440853098540942	-6.464370580807153	3	3
pseudo_1732	0.3090078146245828	-1.5895146031106477	7	7	0.2437849825486118	-4.479775242836467	7	7
pseudo_1733	0.13327686761269103	-1.4392288713052939	4	4	0.978063781893697	-5.72750059314724	4	4
pseudo_1734	0.9572997861507503	9.714165108268038	7	7	0.7984478591900738	-8.680544156389269	7	7
pseudo_1735	0.4408462735151849	6.533779403164121	3	3	0.0820347804414872	2.1970581884922598	3	3
pseudo_1736	0.3623459490147627	6.214761883819179	3	3	0.4258894283097314	-3.2924435145255657	3	3
pseudo_1737			0	0			0	0
pseudo_1738	0.2242358340851609	6.461985098318152	4	4	0.036150687161106254	1.8633396840875154	4	4
pseudo_1739	0.44360743729230256	9.00585547762187	1	1	0.8156326268749085	0.3876443660264359	1	1
pseudo_174	0.7786122430220992	9.267257074094799	6	6	0.07796307186423802	2.181148721719764	6	6
pseudo_1740	0.0227606034558587	11.730151493957141	2	2	0.38500532720899194	-1.7272564719527979	2	2
pseudo_1741	0.4560993838096178	-0.620209575309147	3	3	0.30509712310334247	-6.060453540876421	3	3
pseudo_1742	0.8935851452839595	2.816454712839409	3	3	0.09140351307059498	1.9305621941225475	3	3
pseudo_1743	0.9438466727424188	4.290482432101634	2	2	0.23114593169468434	1.402549885983647	2	2
pseudo_1744	0.5057861990646024	3.527868243018304	4	4	0.8473701044480968	-4.4418947793280505	4	4
pseudo_1745	0.031182863663273132	10.872973384385874	8	8	0.511315812011323	-1.5041564117622386	8	8
pseudo_1746	0.010255506201575601	-2.189938738599309	3	3	0.9238784183842361	-2.6009241983722045	3	3
pseudo_1747	0.660279640669321	2.8426867444560036	3	3	0.5035936460977835	-5.407252518763756	3	3
pseudo_1748	0.12164641488968106	7.028613340365613	3	3	0.6328301273737177	-1.877420517473394	3	3
pseudo_1749	0.47952586403811104	-0.6216051758944326	3	3	0.5324586056453843	-5.524057002113385	3	3
pseudo_175	0.8216131846494005	2.4832620690787417	4	4	0.4446283489783789	-6.075422616173609	4	4
pseudo_1750	0.8235755609694935	2.8365486403614217	3	3	0.7070449061118225	-2.269683954312055	3	3
pseudo_1751	0.9324326144526349	5.752036177745417	6	6	0.691257342243714	-9.135014778287262	6	6
pseudo_1752	0.06706154863744006	-1.6478761234459067	4	4	0.05926052523467567	-9.622003728745675	4	4
pseudo_1753	0.35269277636817786	4.163105879667984	4	4	0.5271137465837036	-4.81513797733311	4	4
pseudo_1754	0.40728736795767406	2.150550602340123	5	5	0.03898566449667718	-9.793421589263676	5	5
pseudo_1755	0.5864048588234971	7.01188173028958	1	1	0.2716762986841802	1.6233508689216203	1	1
pseudo_1756	0.9517636952380226	3.6874335989355926	4	4	0.6167687100753977	-5.100930399427365	4	4
pseudo_1757	0.12244911332275862	10.260733185312654	5	5	0.810122975355312	-4.722348742967431	5	5
pseudo_1758	0.1708302264833429	8.94127608455054	3	3	0.6788392504754945	-2.8629537009242534	3	3
pseudo_1759	0.8216131846494005	5.886953212123754	4	4	0.8993491231877209	-4.795757373761837	4	4
pseudo_176	0.26496070671314587	3.9645635871210794	3	3	0.7646438178298653	-4.903060539654094	3	3
pseudo_1760	0.5206478807706918	2.7591826792809058	5	5	0.42414151073182227	-4.306082129241577	5	5
pseudo_1761	0.6975961509795616	2.6646986480477324	3	3	0.9745918201207777	-2.548725347027673	3	3
pseudo_1762	0.276037992272943	6.637333793338411	3	3	0.11271191199354523	1.7358788372734282	3	3
pseudo_1763	0.14116666688092497	6.969709152509576	3	3	0.03499141324379237	2.556383101889532	3	3
pseudo_1764	0.17089879257859764	-1.301477693752765	4	4	0.6323384939646746	-5.761162156473335	4	4
pseudo_1765	0.9687858759153365	4.330446539094312	2	2	0.7364730338306771	-4.1944288149184485	2	2
pseudo_1766	0.9605259779900552	5.681288417017721	4	4	0.7290007205458839	-2.411719815811725	4	4
pseudo_1767	0.16517028868729	10.808236090422014	1	1	0.7306979883409489	-6.827426731852263	1	1
pseudo_1768	0.660279640669321	-0.3621900257853934	3	3	0.6602793984849139	-1.7335621809728738	3	3
pseudo_1769	0.6880905542257846	8.577928796628361	4	4	0.9517636592801187	-3.2789261995268557	4	4
pseudo_177	0.8448798669496154	0.21501532271400592	2	2	0.11570239608603779	1.9509937854929675	2	2
pseudo_1770	0.9376258421574394	10.754616363454147	7	7	0.46600151275368273	-4.376870359494566	7	7
pseudo_1771	0.5233982462518674	2.31807019788887	6	6	0.1372888455392845	-9.774217991300395	6	6
pseudo_1772	0.22845702256532707	6.574901493960572	4	4	0.5937353520076949	-2.1828616816573256	4	4
pseudo_1773	0.9441383108438608	3.006097681743342	3	3	0.21892079849466628	-6.126512636975588	3	3
pseudo_1774	0.8571502120108423	3.5844986499783076	2	2	0.7841477744787879	-4.1145451312809875	2	2
pseudo_1775	0.06378812918826318	-1.523903953433427	3	3	0.03181896262874189	-9.431047410779348	3	3
pseudo_1776	0.23706848208482456	6.849628018379808	4	4	0.23273414781875612	-1.6369887769689457	4	4
pseudo_1777	0.8534417662715168	2.232691251252223	3	3	0.28742664183437105	-5.7792674868767335	3	3
pseudo_1778	0.978063798261942	2.691810494617585	4	4	0.27864883817032504	-1.7493761155463154	4	4
pseudo_1779	0.22510546553035604	-1.2356532078875162	2	2	0.5572260289060554	0.5880532363844599	2	2
pseudo_178	0.04087886346401086	8.082190664926221	3	3	0.037253237802075984	2.4613584993258213	3	3
pseudo_1780	0.19597595418350167	8.822538890104475	3	3	0.20041765358694874	1.1188833261048765	3	3
pseudo_1781	0.1566158939295903	9.643126198544834	2	2	0.13909856093439757	1.798676378634108	2	2
pseudo_1782	0.7646439915622384	2.5042347753783365	3	3	0.9542825883238296	-2.4149858768962456	3	3
pseudo_1783	0.9430072402677193	5.417386534407451	4	4	0.5128443487899497	-5.471507289430232	4	4
pseudo_1784	0.6090476540125188	1.6022090653558203	4	4	0.4252206963256324	-8.869837539555506	4	4
pseudo_1785	0.46383587199615917	5.596062789263054	3	3	0.7070449061118225	-2.8375616225073075	3	3
pseudo_1786	0.6058777293488364	-0.34344906552028664	3	3	0.4112332977845511	-5.895795260906804	3	3
pseudo_1787	0.23730140607699457	-1.354030824700983	2	2	0.05518399104854512	-9.762258131939868	2	2
pseudo_1788	0.019429027647230066	-2.062372282207198	4	4	0.6167687100753977	-5.722652311620646	4	4
pseudo_1789	0.6058777293488364	-0.5353214171585936	3	3	0.5578503230032057	-5.383447551025565	3	3
pseudo_179	0.4316346464503191	6.330231287743814	4	4	0.3759488790157549	0.7278454165112089	4	4
pseudo_1790	0.5117561233281838	-0.06981996317704642	3	3	0.6328301273737177	-1.7058059501696443	3	3
pseudo_1791	0.864634207319622	-0.1389818071680864	4	4	0.5343230553885036	-7.642177302093597	4	4
pseudo_1792	0.9189623951615823	4.137378924757084	2	2	0.41121722116263426	-4.661501152807192	2	2
pseudo_1793	0.0889845262244761	-1.4772420655561536	3	3	0.04087871005465478	-9.384586503292551	3	3
pseudo_1794	0.20760551477184164	1.5946365049595101	5	5	0.06594739966832902	-9.94760069869581	5	5
pseudo_1795	0.7557162827716013	6.150549451962813	8	8	0.7732963044996116	-8.898798347577296	8	8
pseudo_1796	0.21190688021897852	7.273951709222426	4	4	0.7791214855647202	-7.348752897546365	4	4
pseudo_1797	0.8788795219376044	6.298981972513384	7	7	0.8853799769185454	-8.540678639369572	7	7
pseudo_1798	0.19624234715835387	-1.2788892093290165	4	4	0.578601930837772	-5.725925129428553	4	4
pseudo_1799	0.7539315004941651	2.556060023688021	4	4	0.10474080109116184	-9.422630928579695	4	4
pseudo_18	0.8350006483222291	9.279004697990834	10	10	0.47967284079450745	-9.01922951399093	10	10
pseudo_180	0.31955621510432475	-0.8019075526252623	4	4	0.2159610133995329	1.1771913232387228	4	4
pseudo_1800	0.8634462788170921	3.1771161680679096	3	3	0.17484409369456955	-8.505540569807975	3	3
pseudo_1801	0.48424149877563616	-1.2167683880510687	1	1	0.33405779910708	-9.123316965838104	1	1
pseudo_1802	0.16517028868729	-1.9233450995255037	1	1	0.8329188168246346	-0.9226948464628323	1	1
pseudo_1803	0.9441383108438608	-0.19315928429968152	3	3	0.6602793984849139	-5.094834925739685	3	3
pseudo_1804	0.17911713842881927	-1.8952877098337186	1	1	0.19392098862953155	1.958435641475758	1	1
pseudo_1805	0.3202571348874317	5.848726395569012	2	2	0.22510510600633526	2.0777147814527708	2	2
pseudo_1806	0.18069063077829395	-0.706119780717145	5	5	0.3389883062172333	-9.196865626296512	5	5
pseudo_1807	0.48609487749592595	4.798476904530657	2	2	0.30525218511070806	1.0617568864593685	2	2
pseudo_1808	0.0800289265449897	-1.6439396182406736	5	5	0.11777301863102402	-9.952254483499885	5	5
pseudo_1809	0.6148048985724859	3.076846408100957	3	3	0.3759275304764539	0.6233390069461867	3	3
pseudo_181	0.5282851874963459	2.0747924611130286	3	3	0.47952552983652497	-3.667246966004327	3	3
pseudo_1810	0.3962762848831327	8.862295172227855	5	5	0.9960876556943828	-4.3262485117496645	5	5
pseudo_1811	0.9969354277618024	9.43047073558821	8	8	0.05627250852607132	-9.829693577641336	8	8
pseudo_1812	0.8136744315211889	2.6413406058827853	3	3	0.9745918201207777	-2.3628540251605856	3	3
pseudo_1813	0.5282851874963459	3.2576596240324904	3	3	0.5366502169074818	-1.964639673277926	3	3
pseudo_1814	0.26981154121737394	5.777428886672986	2	2	0.20766143116557556	1.30317407663908	2	2
pseudo_1815	0.2814787963662815	9.657880030961405	1	1	0.3452889756770269	-9.078437587014239	1	1
pseudo_1816	0.7044653576978857	5.506651485808246	6	6	0.24778376402025504	-1.6799509282798375	6	6
pseudo_1817	0.7129983426647144	4.223535552627275	2	2	0.9937556408331882	-3.7674553452988526	2	2
pseudo_1818	0.6975650868538984	0.9513677786414307	1	1	0.4842411534386877	-8.541337089790805	1	1
pseudo_1819	0.048146257167894065	10.584379501074084	5	5	0.7499372962913642	-6.097139349403513	5	5
pseudo_182	0.3195452908098657	8.796402565674777	5	5	0.10458283767832273	-0.9590326055107171	5	5
pseudo_1820	0.41121758381309437	4.969737339419407	2	2	0.40236444150163575	0.33220496823557855	2	2
pseudo_1821	0.3436528884710327	8.438916675422243	2	2	0.6442626278341119	0.5014859806645705	2	2
pseudo_1822	0.36909806927299815	1.7848706997157653	3	3	0.4716445612883676	0.5618156809509578	3	3
pseudo_1823	0.01772353222101834	-3.040891509187044	2	2	0.053226687345683026	-9.787669829454442	2	2
pseudo_1824	0.4125621125359733	-1.039474225931582	4	4	0.8776252881660579	-5.150646860776351	4	4
pseudo_1825	0.5176056779912993	9.828847665952125	6	6	0.5709053059230383	-4.899594418539811	6	6
pseudo_1826	0.735658776633437	2.3329082368194656	3	3	0.21418388472787053	-6.3053971015477615	3	3
pseudo_1827	0.7130548258150002	7.129456631653049	5	5	0.9102059777857705	-5.564238477532154	5	5
pseudo_1828	0.7623009813579934	5.394686779259494	4	4	0.2119072212797949	1.348953638773278	4	4
pseudo_1829	0.3111445466725553	1.8676736183885083	3	3	0.8136742924023634	-2.7168090669447733	3	3
pseudo_183	0.24368387174196404	-1.626426036319259	1	1	0.19392098862953155	-9.53326980852269	1	1
pseudo_1830	0.487478140751221	6.213617748449974	3	3	0.44084592595561156	-5.51119769683218	3	3
pseudo_1831	0.9949175431024609	3.0042500607385656	3	3	0.07143541597586847	-9.011946095045035	3	3
pseudo_1832	0.8216131846494005	2.9187729264280775	4	4	0.9956122256555455	-6.555315089472297	4	4
pseudo_1833	0.5467623484376667	4.407577089585721	2	2	0.7841477744787879	-4.1478407811329365	2	2
pseudo_1834	0.39362730644413557	4.928695895383457	2	2	0.5891905343803715	0.6033643355950056	2	2
pseudo_1835	0.9342576676788042	5.388691036473866	4	4	0.9386313907175382	-3.7957048621645786	4	4
pseudo_1836	0.81306862081223	6.506119416464974	4	4	0.3089783242720313	-1.1063263591018615	4	4
pseudo_1837	0.17892860662784138	6.5970048605318885	3	3	0.28742664183437105	-0.9925060653621273	3	3
pseudo_1838	0.3470239938122085	6.837518893540857	4	4	0.451208162073945	-7.5590035695675875	4	4
pseudo_1839	0.33036788746713075	1.920072784649582	4	4	0.3011980812381967	-5.944580368488594	4	4
pseudo_184	0.671970758134422	2.3166936708254497	4	4	0.7623008092924886	-2.5973178919486624	4	4
pseudo_1840	0.22861898408620906	-1.105724966376797	3	3	0.08898379719025319	-6.722487562204162	3	3
pseudo_1841	0.6058777293488364	-0.4586148332630611	3	3	0.19378116313822635	-8.561418353001141	3	3
pseudo_1842	0.09244543266606632	-1.844886100417889	2	2	0.6725749219822588	-4.073825635709905	2	2
pseudo_1843	0.7247034361808362	3.6585644427255426	2	2	0.5261303536922683	-4.3662365289201714	2	2
pseudo_1844	0.17892860662784138	-1.1553961826127044	3	3	0.21418388472787053	-6.14349911560171	3	3
pseudo_1845	0.14464207381811042	7.141211629997816	3	3	0.944138268423627	-2.0566109276026814	3	3
pseudo_1846	0.21892044806456556	8.838061914549483	3	3	0.2704593777609169	0.9002059680871394	3	3
pseudo_1847	0.6782959887179232	-0.4259242102013152	2	2	0.9812684522369975	-3.787288007452468	2	2
pseudo_1848	0.31269557277370696	-1.2256630447728325	2	2	0.16597861597178343	-9.13339761312053	2	2
pseudo_1849	0.6668741783389699	3.630456302882469	2	2	0.2766635096965293	1.1651788676532302	2	2
pseudo_185	0.8935851452839595	2.5527886648255325	3	3	0.11860849430518665	-8.73597804969318	3	3
pseudo_1850	0.20952168725574305	6.783717301646692	3	3	0.4258894283097314	-1.4673615840477332	3	3
pseudo_1851	0.30525256004930135	-0.9917136976743404	2	2	0.08370258910178932	-9.400009033998504	2	2
pseudo_1852	0.5366505267314757	1.6010668217204562	3	3	0.9542825883238296	-2.5932263394513693	3	3
pseudo_1853	0.8694551766287135	4.165551944714003	2	2	0.6442626278341119	-4.35548849021925	2	2
pseudo_1854	0.08094197183282517	10.23305806069171	2	2	0.3598409744389197	-7.952932159433251	2	2
pseudo_1855	0.6880905542257846	5.213801129106762	4	4	0.19246174839149355	-6.43830433353986	4	4
pseudo_1856	0.26567637674778644	2.4228443110844484	5	5	0.5017314018651862	-8.77166052060071	5	5
pseudo_1857	0.2111643511182153	-1.3311873552420181	5	5	0.4770871289565408	-9.257643133422109	5	5
pseudo_1858	0.9430072402677193	5.378157966423072	4	4	0.6962042642088917	-5.3926503725062425	4	4
pseudo_1859	0.20061876999290107	1.6965300660788358	5	5	0.1564574208459501	-0.9589591177906609	5	5
pseudo_186	0.556248198351191	2.2092931519626737	4	4	0.2159610133995329	-7.33867533323189	4	4
pseudo_1860	0.9868372175516741	4.840533671361884	4	4	0.09348722613474937	1.4215443272649433	4	4
pseudo_1861	0.3898197186655634	-0.8246853106045607	3	3	0.5794510238060537	-2.0134009305188134	3	3
pseudo_1862	0.832647041376752	3.929671080012967	2	2	0.5467620375757467	-4.381508804887483	2	2
pseudo_1863	0.6774225183597662	7.105848345054388	7	7	0.6564539329724892	-9.080095093841146	7	7
pseudo_1864	0.6984821961382592	9.21463295113528	5	5	0.5270330338751524	-2.2042678054660665	5	5
pseudo_1865	0.5057861990646024	5.8583778503698225	4	4	0.12227377802986523	1.77853436968318	4	4
pseudo_1866	0.4763497366044065	-0.8260042011883879	2	2	0.41121722116263426	-4.761024650710511	2	2
pseudo_1867	0.588199902665204	2.213899236230342	3	3	0.3623455839202313	-5.924873087573509	3	3
pseudo_1868	0.04215197009176986	10.116519704105814	3	3	0.6058774552405207	-1.7515465880159864	3	3
pseudo_1869	0.4401049260125942	10.526831078551853	8	8	0.23227727584589308	-4.443933248720344	8	8
pseudo_187	0.9563109281246511	0.8850709875594038	2	2	0.5261303536922683	-2.283243929225911	2	2
pseudo_1870	0.28363389713796483	5.36674148078292	2	2	0.9937556408331882	-3.5641037784670666	2	2
pseudo_1871	0.9644343470292127	2.56052319154696	3	3	0.5707639780693832	-1.8716832630136266	3	3
pseudo_1872	0.06945661420669055	7.6420704923891	3	3	0.2991285610794532	-8.079728465238512	3	3
pseudo_1873	0.41121758381309437	5.524046210905015	2	2	0.429265843613145	0.8459399063110222	2	2
pseudo_1874	0.7743817675238063	-0.23680224263322813	3	3	0.6788392504754945	-5.427605728198731	3	3
pseudo_1875	0.6058777293488364	5.49492304034089	3	3	0.4333303547498636	0.7729776989697839	3	3
pseudo_1876	0.1480898545333239	2.1422570553386433	4	4	0.7875718112359956	-5.429988494317334	4	4
pseudo_1877	0.6442628845706757	3.589964081317171	2	2	0.7247032314358239	-3.3715626487670853	2	2
pseudo_1878	0.16082053929322127	-1.4483679174350517	4	4	0.21392650695713789	-9.355725720274007	4	4
pseudo_1879	0.18873495573518417	1.8546323220746437	4	4	0.3168880744924102	-9.277778910614781	4	4
pseudo_188	0.5363965973495703	4.7485884518628865	2	2	0.7247032314358239	-4.259601476551586	2	2
pseudo_1880	0.71253624744538	2.691348503668354	4	4	0.4645316804662827	-9.03534161775498	4	4
pseudo_1881	0.978063798261942	5.6134869963355305	4	4	0.48492114217326077	-1.695720462574589	4	4
pseudo_1882	0.11271218561602217	-1.5233391745499922	3	3	0.7452808909461914	-2.1711485111244038	3	3
pseudo_1883	0.0483541551180416	-1.7603767504203525	4	4	0.04132686542215856	-9.641371043897358	4	4
pseudo_1884	0.7452810779709649	2.9001517340992695	3	3	0.7841550090236761	-2.7596503322246377	3	3
pseudo_1885	0.9255160295777137	5.740817564201787	4	4	0.8216130537489852	-2.347568696893886	4	4
pseudo_1886	0.7976991689627537	11.233469486585307	9	9	0.2677151459468421	-4.920464583526374	9	9
pseudo_1887	0.9380492835944494	-0.06728227846623369	1	1	0.1864103132081304	2.130883862393845	1	1
pseudo_1888	0.9380492835944494	-0.06728227846623369	1	1	0.1864103132081304	2.130883862393845	1	1
pseudo_1889	0.9569849297046433	5.350615474497576	5	5	0.6840200815883574	-5.9349913096840625	5	5
pseudo_189	0.8571502120108423	4.1865861971526845	2	2	0.15661557264924275	-8.585116397839993	2	2
pseudo_1890	0.5677868989864119	0.49912970720968497	2	2	0.03526919306661027	3.2230387914600325	2	2
pseudo_1891	0.3490755903200319	3.9628097242362705	3	3	0.7452808909461914	-2.2865232447450046	3	3
pseudo_1892	0.15546197376699772	-1.1767229681096627	3	3	0.5881996188696557	-5.3297488892463	3	3
pseudo_1893	0.425220350789119	7.025151267293547	4	4	0.01674800719058666	2.402924914527023	4	4
pseudo_1894	0.8734727362247308	2.6093745767455077	3	3	0.7939625816185074	-2.799633585581906	3	3
pseudo_1895			0	0			0	0
pseudo_1896	0.6840203005314386	9.247449170109093	5	5	0.7949555274666122	-2.8908084837823407	5	5
pseudo_1897	0.7601967119093626	-0.18199066503031291	2	2	0.21336358857646465	-8.88221428310197	2	2
pseudo_1898	0.8941572410577566	0.47782908236715604	2	2	0.956310894288569	-3.239863157332187	2	2
pseudo_1899	0.35917505927526383	-0.8883571159247277	5	5	0.5998157304534668	-8.760527348241993	5	5
pseudo_19	0.29072187051043885	5.311340578563948	2	2	0.9438466292814971	-3.709699856369305	2	2
pseudo_190	0.487478140751221	3.7894632745813115	3	3	0.3623455839202313	-1.456570806691939	3	3
pseudo_1900	0.6695343327503589	-0.13720373886874762	3	3	0.17484409369456955	0.2956021346858866	3	3
pseudo_1901	0.7207523987220974	6.439897148900466	4	4	0.8993491231877209	-5.2081424402594125	4	4
pseudo_1902	0.6148048985724859	3.3463238686179673	3	3	0.08661690825430314	1.8353586469290617	3	3
pseudo_1903	0.4090681828483358	10.15171192576665	6	6	0.6716216446922987	-4.612995357237167	6	6
pseudo_1904	0.6510766250779694	3.699955412788793	3	3	0.5881996188696557	-1.5765903957622136	3	3
pseudo_1905	0.7754849939015162	7.035975765979782	9	9	0.3842650485172989	-8.617775550343119	9	9
pseudo_1906	0.18716310867839026	2.5625544230991775	5	5	0.720381200542212	-6.025918270676498	5	5
pseudo_1907	0.5363965973495703	-0.6744137666088257	2	2	0.6782957532946885	-4.1442409003232346	2	2
pseudo_1908	0.13496467997200517	9.781647539694582	2	2	0.820454471184068	0.23618588643252947	2	2
pseudo_1909	0.6788394811147185	3.3503420505698576	3	3	0.8136742924023634	-5.087009618863212	3	3
pseudo_191	0.5892355070010455	1.6300522392499215	6	6	0.8970346518598163	-6.392213828647901	6	6
pseudo_1910	0.7070451186452502	3.714442439559545	3	3	0.4560990411855481	-1.0917918395125137	3	3
pseudo_1911	0.04903156691644882	10.069400814580314	3	3	0.823575428985576	-2.2643816668204857	3	3
pseudo_1912	0.6245323902725148	5.889196583650773	4	4	0.6962038333036407	-1.9572395704691221	4	4
pseudo_1913	0.07346062451858174	-1.6311487370185525	3	3	0.2437344538207431	-6.2542299842208005	3	3
pseudo_1914	0.1668848164831922	8.628906993689823	3	3	0.11563010176448421	-6.7482179778143125	3	3
pseudo_1915	0.06311317848517287	10.56469288542925	5	5	0.07039501048647381	2.201876300935464	5	5
pseudo_1916	0.7841551691354719	3.0084041339011645	3	3	0.6148046294909981	-2.125830859024741	3	3
pseudo_1917	0.9847534541733001	2.331843115352948	3	3	0.7646438178298653	-2.855097418982577	3	3
pseudo_1918	0.7623009813579934	2.2684580688244225	4	4	0.6800121496786873	-5.487075112793618	4	4
pseudo_1919	0.30897868535960826	4.56375024033279	4	4	0.14808955189813447	-1.027216823094698	4	4
pseudo_192	0.8534417662715168	2.9098566598574678	3	3	0.5707639780693832	-5.595253410973293	3	3
pseudo_1920	0.9179854616589336	4.370413319005954	5	5	0.46501801590221736	-4.889640069591574	5	5
pseudo_1921	0.37004815460456886	9.814422646367182	4	4	0.5636522749793662	-5.402358259714735	4	4
pseudo_1922	0.9441383108438608	4.884806854136708	3	3	0.47952552983652497	-5.684601486202627	3	3
pseudo_1923	0.7939627348044759	5.280645211391271	3	3	0.4484356587967735	-5.746318188986314	3	3
pseudo_1924	0.06706154863744006	10.017267432299029	4	4	0.6962042642088917	-5.028556949420994	4	4
pseudo_1925	0.9692930318119534	5.801499703150548	4	4	0.6962042642088917	-3.420447820971084	4	4
pseudo_1926	0.21418423325840896	4.536687124260339	3	3	0.0475847141506155	2.1789810746822513	3	3
pseudo_1927	0.9342576676788042	5.129352199345795	4	4	0.43810362203912545	-1.671026310346863	4	4
pseudo_1928	0.9441383108438608	2.656244721217012	3	3	0.6328301273737177	-2.14175345518646	3	3
pseudo_1929	0.355671732082395	3.4566150962546716	3	3	0.09640047463717424	1.3543206190155799	3	3
pseudo_193	0.5862496429511876	2.6775769060664776	5	5	0.4472369563836288	-1.8252436055410224	5	5
pseudo_1930	0.02910816324889967	-2.1048680148408874	5	5	0.04285598406959551	-9.679277049218634	5	5
pseudo_1931	0.9734278736976961	0.04745980770676894	1	1	0.31231071483551287	1.4928642654937736	1	1
pseudo_1932	0.06740367450485447	9.943631013084156	5	5	0.46501801590221736	-1.9364886125518768	5	5
pseudo_1933	0.9080607505232974	3.6643852239904504	4	4	0.3089783242720313	-1.0153874460956802	4	4
pseudo_1934	0.6237894835418731	2.7210568958636903	3	3	0.8835194679006785	-4.862283116870677	3	3
pseudo_1935	0.6148048985724859	2.3150710886517873	3	3	0.823575428985576	-2.788272773293736	3	3
pseudo_1936	0.7483051842516462	4.828743430748216	2	2	0.8941571594861715	-3.5689451502385756	2	2
pseudo_1937	0.025933261575431132	10.19767800001978	4	4	0.34141317928544646	-1.4235739610707299	4	4
pseudo_1938	0.275079199014283	10.495734204242183	7	7	0.8080053342447642	-9.45740706846981	7	7
pseudo_1939	0.5937356275442023	-0.7172744350738439	4	4	0.27864883817032504	-8.462815450461227	4	4
pseudo_194	0.7364732305332813	-0.48502111746308874	2	2	0.7841477744787879	-3.4194446720231904	2	2
pseudo_1940	0.5467623484376667	-0.6615930518754718	2	2	0.8326469135559165	-4.057689258958175	2	2
pseudo_1941	0.8136744315211889	0.2703661457124135	3	3	0.5199864687885873	-1.7096721287991763	3	3
pseudo_1942	0.6897921945374528	4.447702245522499	2	2	0.6782957532946885	-3.8690248877088877	2	2
pseudo_1943	0.8559936975460414	5.832368803669328	4	4	0.23273414781875612	-6.279831217717388	4	4
pseudo_1944	0.2986352334663952	6.305325353493252	4	4	0.27379791792564645	0.539391884506207	4	4
pseudo_1945	0.8177340417764759	6.3848288116413	5	5	0.24123060493596005	1.525617335899052	5	5
pseudo_1946	0.8906497557151821	5.145505330328606	4	4	0.98245020329149	-5.170333853568237	4	4
pseudo_1947	0.6058777293488364	-0.43603449470455047	3	3	0.8734726407958983	-2.2736378461120035	3	3
pseudo_1948	0.4381039639059322	4.827970441811405	4	4	0.3249324271367361	-6.367862181820545	4	4
pseudo_1949	0.7372809216368013	5.985342547931611	4	4	0.43163430269944913	-1.5142557508016499	4	4
pseudo_195	0.49877920367946926	-0.5512186766211024	4	4	0.9255159741473985	-5.291387269438077	4	4
pseudo_1950	0.1585110165344632	-1.9558803179083029	1	1	0.21778176625108836	1.8672719609222903	1	1
pseudo_1951	0.00896151388104489	10.869318255556308	5	5	0.7277331368144526	-2.0973051484588416	5	5
pseudo_1952	0.4484360039565284	2.137464415787683	3	3	0.9847534425778272	-2.5317613201192817	3	3
pseudo_1953	0.07040997057268684	7.856921042837655	4	4	0.06228542477118414	0.16984847918822657	4	4
pseudo_1954	0.9745918394402936	2.6133624088616654	3	3	0.5282848737890815	-1.9115103137485565	3	3
pseudo_1955	0.1973511171236063	11.00930597540169	7	7	0.05980601945685189	-9.98765777042116	7	7
pseudo_1956	0.9868372175516741	2.6270448292309303	4	4	0.5748465220332696	-1.7490412030399074	4	4
pseudo_1957	0.5671251852558766	6.900964643866881	8	8	0.2352941090321955	-10.070573092783103	8	8
pseudo_1958	0.07062887951823708	-1.7752588210022218	2	2	0.9812684522369975	-3.8175538654424654	2	2
pseudo_1959	0.05518417974110054	-2.084275902238498	2	2	0.8694550763317828	-4.036322276027848	2	2
pseudo_196	0.5711041068775493	5.891891418305751	4	4	0.8732912400122477	-2.159772320167179	4	4
pseudo_1960	0.7643415996288302	-0.4237362678680121	1	1	0.10264559243671365	-10.331995452722676	1	1
pseudo_1961	0.6560004079214095	2.002612415625311	4	4	0.3909531486195985	-9.001197923736465	4	4
pseudo_1962	0.3925839468367248	9.449990554784524	1	1	0.9204013128104409	-0.08882858945281225	1	1
pseudo_1963	0.5861462667400477	2.578875423980651	4	4	0.36420460781020747	-9.064131360196148	4	4
pseudo_1964	0.487478140751221	5.614096608803938	3	3	0.4333303547498636	0.6675267941625669	3	3
pseudo_1965	0.1839057835875434	7.235118514420399	5	5	0.46501801590221736	-4.511617412305526	5	5
pseudo_1966	0.6090476540125188	6.281650914001212	4	4	0.5861459871843508	-1.9700113380868938	4	4
pseudo_1967	0.01552323298969878	1.8489551843552505	12	12	0.8452314926908864	-9.45193639672618	12	12
pseudo_1968	0.052035826972999875	-1.7152541972716826	3	3	0.21418388472787053	-6.17053333212005	3	3
pseudo_1969	0.5117561233281838	2.3703678648701287	3	3	0.24892544680122708	-6.060745540184201	3	3
pseudo_197	0.18641066123404215	10.444143929438747	1	1	0.6330525207599099	0.6389842973648086	1	1
pseudo_1970	0.43050838529928037	9.119151149950415	1	1	0.8852313926458717	-0.16661252449974961	1	1
pseudo_1971	0.30525256004930135	6.209959407804558	2	2	0.2191778957083278	2.2938779756901204	2	2
pseudo_1972	0.04479900439933528	-2.0930328706244308	3	3	0.4484356587967735	-5.730708311739176	3	3
pseudo_1973	0.9949175431024609	2.7373670239355405	3	3	0.38283483307058375	0.688752610098145	3	3
pseudo_1974	0.6782959887179232	-0.32111254720554694	2	2	0.8326469135559165	-3.39663127264264	2	2
pseudo_1975	0.09135750180030819	-1.8227337768666956	4	4	0.10474131936056386	-8.912945242584762	4	4
pseudo_1976	0.26496070671314587	-0.8015242766521723	3	3	0.5621394485443971	-5.592119497558126	3	3
pseudo_1977	0.09646128908810297	-1.3775555669846529	5	5	0.2076051818720962	-9.814011498668545	5	5
pseudo_1978	0.11860877454455647	7.668634597674178	3	3	0.487477809628571	-1.6629410008515544	3	3
pseudo_1979	0.9692930318119534	5.518262167872259	4	4	0.4918238200917766	-3.5092310726877156	4	4
pseudo_198	0.42926620136317595	4.836350403853945	2	2	0.1808038035370435	1.360035209478646	2	2
pseudo_1980	0.843460770637108	2.4796000576694137	3	3	0.9238784183842361	-2.4952163769778193	3	3
pseudo_1981	0.9413675127754205	6.54987276762282	5	5	0.07193113738372275	-9.166450552233188	5	5
pseudo_1982	0.8835195558663655	2.9490944027443704	3	3	0.04215181362733158	-9.388088478217744	3	3
pseudo_1983	0.8935851452839595	3.2265916197141986	3	3	0.04903139476255368	1.7554450239111	3	3
pseudo_1984	0.9644343470292127	2.6065800577611338	3	3	0.4638355320437084	0.5574107068338917	3	3
pseudo_1985	0.3695457948342714	7.690216552438304	5	5	0.11102336285197147	-3.7053783668425857	5	5
pseudo_1986	0.3017954437215481	-1.5211683089364865	1	1	0.2261861360842793	-9.428910676647567	1	1
pseudo_1987	0.24357142957089084	5.872714230632549	2	2	0.031380702954616195	3.3783226179288435	2	2
pseudo_1988	0.7130552275541522	1.7886120113893886	5	5	0.2785178156795366	-1.8496420892610814	5	5
pseudo_1989	0.7452810779709649	5.682044574791515	3	3	0.944138268423627	-2.5824222751365706	3	3
pseudo_199	0.1850658308769667	10.935253015583072	6	6	0.5588381490267024	-9.066824032403135	6	6
pseudo_1990	0.9557276754651368	0.06766460333711066	1	1	0.17911679487049026	2.1944155424731546	1	1
pseudo_1991	0.4401049260125942	10.419990252511647	8	8	0.3161169929734978	-9.640422316535426	8	8
pseudo_1992	0.8335048526435102	2.894786370659757	3	3	0.5707639780693832	-1.5363633563109964	3	3
pseudo_1993	0.7717759396798963	3.8906399477293525	6	6	0.41927152449631455	-1.4949051881206585	6	6
pseudo_1994	0.3939982784077606	8.712243980793028	4	4	0.7875718112359956	-2.4330334931892197	4	4
pseudo_1995	0.5711041068775493	1.5137793301943754	4	4	0.9517636592801187	-5.749213368976048	4	4
pseudo_1996	0.843460770637108	3.181500778640937	3	3	0.6602793984849139	-1.9629419520250628	3	3
pseudo_1997	0.5712174139951564	7.871977873222616	1	1	0.6812074511284081	0.6153275953027051	1	1
pseudo_1998	0.5365436943075463	11.028777390320116	10	10	0.43826786969689835	-9.710671173573227	10	10
pseudo_1999	0.03390503465286126	-1.8219270926084576	3	3	0.020069819624714793	-9.730316046356613	3	3
pseudo_2	0.5488915951340037	4.006901230657662	4	4	0.35841944213245436	-0.8508962780176036	4	4
pseudo_20	0.33611808391391906	5.921553553864911	3	3	0.6602793984849139	0.3737211425338361	3	3
pseudo_200	0.4982215125326509	-1.2062890794605394	1	1	0.5268128442596066	0.837981717717868	1	1
pseudo_2000	0.9937556456740251	0.027847890978948797	2	2	0.7483049957305546	-3.363335148296678	2	2
pseudo_2001	0.7057554325186974	10.085051632685781	5	5	0.6483772537063865	-2.242840641485756	5	5
pseudo_2002	0.018864695854035034	-2.078574672622414	4	4	0.11199402369988364	-9.116385589099796	4	4
pseudo_2003	0.39688118178771004	-0.6475701465277908	3	3	0.19160615236038936	-6.170831361213575	3	3
pseudo_2004	0.9911411686564054	-0.007836995048887019	1	1	0.45693087911108343	1.107712958496787	1	1
pseudo_2005	0.9542826230594712	2.910283034518986	3	3	0.8434606531092605	-2.174794877094817	3	3
pseudo_2006	0.24995694450383366	-1.1505305985969017	2	2	0.5261303536922683	-4.4808639117819276	2	2
pseudo_2007	0.04215197009176986	10.020015355402956	3	3	0.38981935808788337	0.71059719536863	3	3
pseudo_2008	0.6148048985724859	3.08559335872197	3	3	0.8634461759711842	-5.115935725333928	3	3
pseudo_2009	0.5128446633821904	6.552590873884213	4	4	0.47127466235383664	-1.8367238651154956	4	4
pseudo_201	0.6328303860434424	2.227294956440904	3	3	0.41852360085902807	-5.722554828046378	3	3
pseudo_2010	0.27167667748959157	9.671313378486465	1	1	0.4176362684243977	1.1219373770521943	1	1
pseudo_2011	0.6880905542257846	5.530406013886508	4	4	0.22845667528461522	-8.715954961375251	4	4
pseudo_2012	0.738673836491113	6.8691339662157676	7	7	0.744898794724981	-8.680530005301929	7	7
pseudo_2013	0.3340580621555014	1.8966373419750369	5	5	0.22962052707546943	-1.6562054911555408	5	5
pseudo_2014	0.3959739135740128	6.33412679904264	8	8	0.20089264057494127	-9.813782540792383	8	8
pseudo_2015	0.42018496269561056	4.849599012217412	2	2	0.3598409744389197	0.947114081803669	2	2
pseudo_2016	0.317270133769078	3.929163281416907	3	3	0.9542825883238296	-4.711212812821366	3	3
pseudo_2017	0.978063798261942	6.264892474164159	4	4	0.6880903336673745	-2.9105821145076427	4	4
pseudo_2018	0.4704769528294327	8.829448088504927	1	1	0.3017950616869052	1.539705111460239	1	1
pseudo_2019	0.7247034361808362	4.2049710810325305	2	2	0.438460137698387	0.7809348208622786	2	2
pseudo_202	0.5677868989864119	-0.7080464608171821	2	2	0.9189623325536505	-4.010439489205169	2	2
pseudo_2020	0.4023648062920543	-0.8328588304037394	2	2	0.1612457705705984	-8.740185555625391	2	2
pseudo_2021	0.8941572410577566	3.9875492942847677	2	2	0.40236444150163575	-5.482206719173047	2	2
pseudo_2022	0.21418423325840896	6.82589941216403	3	3	0.024538151232875196	2.440585968572163	3	3
pseudo_2023	0.44360743729230256	9.00585547762187	1	1	0.8156326268749085	0.3876443660264359	1	1
pseudo_2024	0.25041160799395945	2.1310380440420897	4	4	0.7960468961922018	0.051950150064077216	4	4
pseudo_2025	0.4590480467919541	5.479199135055619	5	5	0.7351102165833914	-2.3962230943243568	5	5
pseudo_2026	0.6413413513853161	5.970862913585935	5	5	0.6732480921840358	-1.5825668287161208	5	5
pseudo_2027	0.5621397459324885	2.1948709915455624	3	3	0.27603762701587886	-6.050228711256889	3	3
pseudo_2028	0.28363389713796483	-1.0263999003170152	2	2	0.6897919665504586	0.09619646351207195	2	2
pseudo_2029	0.5937356275442023	2.3022922456768065	4	4	0.9517636592801187	-4.905827918857186	4	4
pseudo_203	0.24919702245280495	10.408648394951888	5	5	0.6625436149067292	-7.870130766009029	5	5
pseudo_2030	0.5711041068775493	2.2266429486597157	4	4	0.33036752652954593	-8.823457225480363	4	4
pseudo_2031	0.3037777124835368	6.317038338757594	4	4	1.0	-4.739861369638699	4	4
pseudo_2032	0.8083054102970643	3.893825300054802	2	2	0.3357354997873272	-4.772759082021357	2	2
pseudo_2033	0.49594684331732863	-0.7146349377542682	2	2	0.8083052645788188	-4.125908137382441	2	2
pseudo_2034	0.04283287961573201	10.875168286327792	9	9	0.8426050034639915	-8.354968495939428	9	9
pseudo_2035	0.9441801898855828	7.775351924711937	7	7	0.22436593578671693	1.721026712295524	7	7
pseudo_2036	0.03963819185382736	10.28382493801589	3	3	0.8235751650168527	-4.799539741136814	3	3
pseudo_2037	0.6237894835418731	2.9873941758474705	3	3	0.25953813316350227	0.7669358899238611	3	3
pseudo_2038	0.18716310867839026	7.781633646808107	5	5	0.507996107084218	-4.524289544763103	5	5
pseudo_2039	0.18595820354982961	6.005374638779153	2	2	0.7129981300215451	-4.165600437888216	2	2
pseudo_204	0.33611808391391906	-0.8487212063229504	3	3	0.545081669526831	-5.124014724956403	3	3
pseudo_2040	0.21596135610780398	1.3119045490339474	4	4	0.4001289468498347	-6.222160160850272	4	4
pseudo_2041	0.04961781579085862	11.058991737518697	4	4	0.43163430269944913	-8.407160957474085	4	4
pseudo_2042	0.9430072402677193	5.8898771121241085	4	4	0.025933150530270756	-10.127437489466594	4	4
pseudo_2043	0.8216131846494005	5.191708070920799	4	4	0.9605259485521521	-5.384512606090262	4	4
pseudo_2044	0.39362730644413557	-0.8219777843806497	2	2	0.7841477744787879	-4.052717237978141	2	2
pseudo_2045	0.6510766250779694	5.84206061093371	3	3	0.6695340962844726	-2.9044040011748176	3	3
pseudo_2046	0.2835582636203615	6.605007606622048	4	4	0.41256176372618947	-1.5140669579169366	4	4
pseudo_2047	0.9340030500905637	3.363739479167307	3	3	0.11563065565023944	1.9187770888361522	3	3
pseudo_2048	0.6768315260182501	5.685924129037184	5	5	0.5862488200685507	-5.813485682100082	5	5
pseudo_2049	0.12274961032919621	-2.2843706679427545	1	1	0.3017950616869052	-9.192113035653835	1	1
pseudo_205	0.08505513036876403	9.832295770716934	9	9	0.019500623649787156	2.3211989450253214	9	9
pseudo_2050	0.32433635517218196	10.377989716493731	5	5	0.18069031142666847	-1.1818299943540642	5	5
pseudo_2051	0.6554451728196959	7.034062950699109	5	5	0.13734921012240792	-0.798793367698926	5	5
pseudo_2052	0.21190756234024455	9.826306616577858	4	4	0.16082022688856923	1.4516831980401992	4	4
pseudo_2053	0.047699819143888836	10.799974940701052	2	2	0.126981579334235	1.8792802350064295	2	2
pseudo_2054	0.20061876999290107	10.206300617371975	5	5	0.5661710441866105	-5.000164581841279	5	5
pseudo_2055	0.8935851452839595	-0.11434329139333362	3	3	0.4040189157233782	-1.7317200301275462	3	3
pseudo_2056	0.5035939706570036	3.6092306631979176	3	3	0.16300923618006757	-8.457427105826318	3	3
pseudo_2057	0.6696729660455274	1.9704167576048282	5	5	0.4770871289565408	-9.441387714524451	5	5
pseudo_2058	0.6810918092388398	8.901849975534882	8	8	0.10923383914441763	-1.7160222643254304	8	8
pseudo_2059	0.4512084998749135	2.3266058302613817	4	4	0.6013693738999246	-5.442506467764345	4	4
pseudo_206	0.11271218561602217	7.14347367207426	3	3	0.4333303547498636	-5.878136447783323	3	3
pseudo_2060	0.6109596242554641	3.554069420059009	2	2	0.9687858517289359	-0.013904945085434217	2	2
pseudo_2061	0.15435549335198978	10.236606316972678	4	4	0.15756258317245253	-8.519883355557704	4	4
pseudo_2062	0.9080607505232974	3.34214477682346	4	4	0.5271137465837036	-1.3180666244479466	4	4
pseudo_2063	0.3297569279560979	7.052447227921917	3	3	0.4258894283097314	-0.9065824712340392	3	3
pseudo_2064	0.17892860662784138	6.87344978321122	3	3	0.23861998149191832	0.9722146214389743	3	3
pseudo_2065	0.2874270084673507	-0.8907980485864968	3	3	0.5282848737890815	-5.063174211632309	3	3
pseudo_2066	0.6173280935781877	2.4179680830391934	1	1	0.10264559243671365	3.987309352327449	1	1
pseudo_2067	0.13045682656422475	9.805585361278569	4	4	0.8387648536648162	-2.7510030301228325	4	4
pseudo_2068	0.2386203386495669	6.795236941444029	3	3	0.9847534425778272	-1.9859402508646875	3	3
pseudo_2069	0.843460770637108	1.8770555604588035	3	3	0.4955007436709008	-5.7194765566193375	3	3
pseudo_207	0.6219760581199807	-0.5190690049813753	2	2	0.05927880370362385	-9.719601749914606	2	2
pseudo_2070	0.33573587443236674	-1.038457488018702	2	2	0.4860945394522699	-4.5097043878529535	2	2
pseudo_2071	0.12164641488968106	7.351791948078424	3	3	0.7356585830928153	-4.960647807868301	3	3
pseudo_2072	0.6328303860434424	3.528372233424594	3	3	0.4112332977845511	-1.4669406572521524	3	3
pseudo_2073	0.57945131225895	-0.5794983518212113	3	3	0.0820347804414872	1.665680731215689	3	3
pseudo_2074	0.1830833272049679	6.925206668198954	3	3	0.254193250251763	-6.19249362851268	3	3
pseudo_2075	0.5035939706570036	6.343319850768708	3	3	0.35567136618263373	-5.8833532663586245	3	3
pseudo_2076	0.784147937674607	0.4957579971593673	2	2	0.16597861597178343	1.4255464257856598	2	2
pseudo_2077	0.9182534384843613	6.275688050886525	6	6	0.8269186099788302	-8.467896743661575	6	6
pseudo_2078	0.7165394359421664	5.4692787502475335	3	3	0.5035936460977835	-3.0784606847484084	3	3
pseudo_2079	0.17484442169729864	6.839026330608225	3	3	0.9644343199950572	-2.843913059240723	3	3
pseudo_208	0.9080607505232974	-0.2398649362390485	4	4	0.8045461078414105	-5.059173522970007	4	4
pseudo_2080	0.515966108849099	4.749837985631252	2	2	0.6442626278341119	0.5084188633728466	2	2
pseudo_2081	0.22373283946602662	-1.0597539050972706	3	3	0.8734726407958983	-2.7931028173866808	3	3
pseudo_2082	0.006705096721848908	-2.0600481716505232	4	4	0.4918238200917766	-4.435825353231096	4	4
pseudo_2083	0.1276833033100859	-1.3102248440398139	4	4	0.2414588435033772	-6.519208574732011	4	4
pseudo_2084	0.12313074973964343	10.061248272046722	2	2	0.126981579334235	-9.140672021733504	2	2
pseudo_2085	0.8634462788170921	2.8518731333301033	3	3	0.545081669526831	-5.1934097704587705	3	3
pseudo_2086	0.5891908230895129	1.2931143318794063	2	2	0.02899780547950456	3.2074967620417274	2	2
pseudo_2087	0.21892044806456556	4.127711082197667	3	3	0.031818702467168725	2.234011037587561	3	3
pseudo_2088	0.931396151277268	4.408788994562233	2	2	0.956310894288569	-1.734944177575619	2	2
pseudo_2089	0.8473702169655161	3.131042217643753	4	4	0.26427006675815845	-1.4038519513132306	4	4
pseudo_209	0.9238784761080852	2.937890139391128	3	3	0.4560990411855481	-1.8193511661712052	3	3
pseudo_2090	0.03181909270976712	10.43973138480851	3	3	0.016329077810313612	2.8225915183568318	3	3
pseudo_2091	0.8235755609694935	5.21570958001118	3	3	0.10161365206496846	-6.6232270063176415	3	3
pseudo_2092	0.16124609538461931	-1.466525088355124	2	2	0.053226687345683026	2.33223824967967	2	2
pseudo_2093	0.4893260401884806	6.218630544464037	5	5	0.15361042792344656	1.5573456968482648	5	5
pseudo_2094	0.578442322367537	3.5074634293339395	2	2	0.21336358857646465	-5.215817326640268	2	2
pseudo_2095	0.1282276297248383	11.507397965639203	1	1	0.4436070770871666	1.1134838877843865	1	1
pseudo_2096	0.7549432859734774	3.289061392545994	3	3	0.9137661536782785	-5.056035105545611	3	3
pseudo_2097	0.8387649723530849	5.823235007604604	4	4	0.7290007205458839	-5.470080196119075	4	4
pseudo_2098	0.08926671812269196	1.6509962343497933	4	4	0.016252804281563248	-9.690286046359738	4	4
pseudo_2099	0.5271140549348696	1.4022021359930201	4	4	0.7207521990285262	-2.319095312601659	4	4
pseudo_21	0.7260777722937153	2.4933367790146708	3	3	0.34907522374253297	-6.021021164378964	3	3
pseudo_210	0.6366215169808229	9.369054450655087	8	8	0.13716806897166578	-4.409861623364125	8	8
pseudo_2100	0.9137662190137511	3.206585323456487	3	3	0.12164613137932691	-8.3917934525522	3	3
pseudo_2101	0.018837329286165404	-2.3755002508345924	5	5	0.043361569707922945	-9.842843845361358	5	5
pseudo_2102	0.43105971679315946	11.81700739258172	8	8	0.785082010384161	-9.04191252145674	8	8
pseudo_2103	0.10161391221171832	9.434150222819499	3	3	0.8935850648239405	-2.3945582998619943	3	3
pseudo_2104	0.7247034361808362	0.3313772685532044	2	2	0.07310010446046354	1.9723181108625305	2	2
pseudo_2105	0.5143019212365523	1.9516946748754815	5	5	0.07835248524052825	-9.33295793371956	5	5
pseudo_2106	0.6975650868538984	-0.6183184562131778	1	1	0.7813360253573487	0.509654717489997	1	1
pseudo_2107	0.5467623484376667	4.74791570989718	2	2	0.4763493947540003	0.712447699671664	2	2
pseudo_2108	0.5199867862466294	5.843165958759794	3	3	0.5881996188696557	-3.0004937967912855	3	3
pseudo_2109	0.09844284834137412	10.589437312197374	5	5	0.7351102165833914	-8.051093212799831	5	5
pseudo_211	0.6219760581199807	5.156288356890453	2	2	0.4763493947540003	-1.8553499092368133	2	2
pseudo_2110	0.9847534541733001	0.09470071781173199	3	3	0.3297565600982677	-1.3886764482057226	3	3
pseudo_2111	0.5535786766025621	3.8164787416917125	3	3	0.7549431055524083	-2.3066031231087436	3	3
pseudo_2112	0.5677868989864119	3.332001881477682	2	2	0.8448797482194375	0.22433153265418987	2	2
pseudo_2113	0.2489258067711232	7.281959116633135	3	3	0.20493274362919034	-6.12321764579719	3	3
pseudo_2114	0.34528935688232665	-1.4495222358634923	1	1	0.2527800385324096	-9.357264603574572	1	1
pseudo_2115	0.38283519497378626	2.119788644715395	3	3	0.9036678300309984	-1.1323439409764866	3	3
pseudo_2116	0.8571502120108423	4.091732062316849	2	2	0.5363962814462242	-0.13388760869014438	2	2
pseudo_2117	0.6416403032881162	5.776435055906805	7	7	0.4761393257283697	-9.193668876292298	7	7
pseudo_2118	0.47952586403811104	5.8032182116691	3	3	0.6602793984849139	-2.9129664965477926	3	3
pseudo_2119	0.9167833751981491	0.12050643673876078	4	4	0.27864883817032504	-1.4237712081303773	4	4
pseudo_212	0.34255766836814205	6.864819452028963	3	3	0.010638467896614863	2.9621683616953374	3	3
pseudo_2120	0.08936094802360071	-3.646719322257443	1	1	0.28147841613619473	-9.23253359508116	1	1
pseudo_2121	0.6245329074023043	2.5486751596582238	4	4	0.8301788390173457	-2.986900654051386	4	4
pseudo_2122	0.10264586408090749	-2.423736267868012	1	1	0.9911411616559694	0.02497333464266327	1	1
pseudo_2123	0.515966108849099	-0.7094277775306788	2	2	0.7247032314358239	-4.099312374534631	2	2
pseudo_2124	0.3758826275289755	6.587992292598881	7	7	0.5725809919114901	-5.457679863169347	7	7
pseudo_2125	0.6066520345757962	6.578817460611153	5	5	0.24123060493596005	-8.859095776554865	5	5
pseudo_2126	0.9255160295777137	6.391350110607988	4	4	0.9692930089047249	-2.552184589167912	4	4
pseudo_2127	0.8216131846494005	2.5391403126606176	4	4	0.08721441119988528	-9.31181656093448	4	4
pseudo_2128	0.3291739515579436	1.4471205025395928	5	5	0.4955078320215518	-3.804272963923996	5	5
pseudo_2129	0.8387649723530849	5.1471976599402955	4	4	0.8216130537489852	-2.6673210193710997	4	4
pseudo_213	0.5271140549348696	5.869512490150204	4	4	0.27379791792564645	0.9445144948066679	4	4
pseudo_2130	0.5035939706570036	-0.016555203931228075	3	3	0.7646438178298653	-1.815505779182228	3	3
pseudo_2131	0.5488915951340037	6.341192253257162	4	4	0.9167833133140313	-4.739587201297984	4	4
pseudo_2132	0.5891908230895129	3.2544835978830333	2	2	0.1808038035370435	-8.797088922701015	2	2
pseudo_2133	0.43810328017170674	9.625444777433389	4	4	0.9167831895453813	-2.3985615515461567	4	4
pseudo_2134	0.8387649723530849	5.076477198013301	4	4	0.1778754559650495	-0.10225157454048883	4	4
pseudo_2135	0.2690053919759029	10.587013890520513	4	4	0.6167687100753977	-5.346921665773277	4	4
pseudo_2136	0.6912373756642168	2.667250619687175	5	5	0.05583323013915973	-9.77452905852986	5	5
pseudo_2137	0.33611808391391906	6.583123225500512	3	3	0.039638342237363774	-9.47254200448232	3	3
pseudo_2138	0.8646344074336696	5.877780308195459	4	4	0.4780712835786858	-5.923961009429994	4	4
pseudo_2139	0.9949175431024609	2.8993289523772248	3	3	0.7646438178298653	-3.2414143218966056	3	3
pseudo_214	0.9340030500905637	2.9237299324432313	3	3	0.6695340962844726	-5.296632673792178	3	3
pseudo_2140	0.17540630752866881	10.325062926720685	7	7	0.9704308973192879	-8.395680973537202	7	7
pseudo_2141	0.9438466727424188	0.03719542983018531	2	2	0.7129981300215451	-3.1183029476835182	2	2
pseudo_2142	0.10704913819523666	9.37599350820013	3	3	0.944138268423627	-0.1865598532414122	3	3
pseudo_2143	0.660279640669321	1.226173431354581	3	3	0.18730878021076403	-0.6303667842497355	3	3
pseudo_2144	0.931396151277268	0.49626315673674837	2	2	0.0809417364187101	2.383920256360498	2	2
pseudo_2145	0.25497368356893624	1.9754842133527681	4	4	0.008434607064166046	-9.86074924694178	4	4
pseudo_2146	0.7706979938675931	2.2315540365475783	4	4	0.2159610133995329	-1.5237046591026229	4	4
pseudo_2147	0.5366505267314757	3.7639927374571704	3	3	0.9137661536782785	-2.609033381502148	3	3
pseudo_2148	0.12495586047038033	7.8856400594328795	4	4	0.5861459871843508	-3.753623543158156	4	4
pseudo_2149	0.5535786766025621	5.783020133171958	3	3	0.4484356587967735	0.6187585303897557	3	3
pseudo_215	0.9342576676788042	5.8914752556579755	4	4	0.4578427237860069	0.8218702639199708	4	4
pseudo_2150	0.6695343327503589	5.44585011595733	3	3	0.21892079849466628	1.1264764402346696	3	3
pseudo_2151	0.4780716120554118	2.518835256951469	4	4	0.9430071978028474	-5.269006006689721	4	4
pseudo_2152	0.043458464399462285	-1.7303958382230107	3	3	0.7356585830928153	0.336644479504504	3	3
pseudo_2153	0.35841980086087233	-0.8601293811901609	4	4	0.34702363392464297	-2.1062474482887334	4	4
pseudo_2154	0.7623009813579934	2.843895479616758	4	4	0.5343236655601391	-1.9205611765791513	4	4
pseudo_2155	0.0471176373417234	10.331065381292907	4	4	0.18506230383029565	1.8503966224026671	4	4
pseudo_2156	0.061419138399932995	10.964461013193194	2	2	0.4860945394522699	0.6520159155855076	2	2
pseudo_2157	0.03610737083621059	-1.7777273331020513	3	3	0.9949175392366759	-2.5824195459697723	3	3
pseudo_2158	0.9563109281246511	4.074651281780613	2	2	0.39362693971918994	-4.636795786495342	2	2
pseudo_2159	0.20041799593449694	1.529622062276437	3	3	0.944138268423627	-2.6215341873945532	3	3
pseudo_216	0.487478140751221	-0.7100135230275691	3	3	0.04617408825753285	1.756159948359964	3	3
pseudo_2160	0.14464207381811042	7.0672942854657075	3	3	0.6148046294909981	-4.930647013530131	3	3
pseudo_2161	0.42984938684271046	1.8745192863374023	5	5	0.8025299521917185	-7.293387982034434	5	5
pseudo_2162	0.11963744779481916	7.332837554724919	4	4	0.002628778190196361	3.024991393918105	4	4
pseudo_2163	0.15178909470267166	7.101595920100258	3	3	0.3297565600982677	-5.6402265195476025	3	3
pseudo_2164	0.505904365240037	-0.7565558371543961	2	2	0.6611911529230974	-4.086312303031237	2	2
pseudo_2165	0.41121758381309437	-0.9569310204440757	2	2	0.3396784685064034	-8.363210908420871	2	2
pseudo_2166	0.978063798261942	3.106877935814126	4	4	0.700273950534364	-5.629832260389674	4	4
pseudo_2167	0.28169345195627227	-0.9992629009269353	3	3	0.833504727857697	-5.077024766883928	3	3
pseudo_2168	0.42926620136317595	-0.6849769657040579	2	2	0.256458116459342	1.4253926310278116	2	2
pseudo_2169	0.7949556743019461	5.898617110421608	5	5	0.7573860242219841	-3.755812538220567	5	5
pseudo_217	0.18730911569494924	-0.8522211931621152	3	3	0.7260775723278972	-1.883130822047083	3	3
pseudo_2170	0.0767051693155534	9.530098035974326	5	5	0.6625436149067292	-1.4622246804680394	5	5
pseudo_2171	0.0755323252823372	-1.5033191819457066	3	3	0.23861998149191832	-6.093134156911877	3	3
pseudo_2172	0.18716310867839026	10.554776170338904	5	5	0.7351102165833914	-5.462605716499719	5	5
pseudo_2173	0.26427042326917094	7.741904902833163	4	4	0.1511976416283848	1.9225665379867145	4	4
pseudo_2174	0.1282276297248383	-2.2310173437893486	1	1	0.7984357054175515	0.43926002174157097	1	1
pseudo_2175	0.5268131708862551	-1.1878412025875669	1	1	0.1651699546587052	2.2929719336839156	1	1
pseudo_2176	0.9750809775970173	5.175690722851328	6	6	0.9821992678532382	-6.162731304600277	6	6
pseudo_2177			0	0			0	0
pseudo_2178	0.33573587443236674	5.036954207471461	2	2	0.8817917447372052	-3.7091144935404508	2	2
pseudo_2179	0.4333307045735425	3.38948219517121	3	3	0.4333303547498636	-1.5229320211741404	3	3
pseudo_218	0.6328303860434424	3.574992423126883	3	3	0.8734726407958983	-2.1749486010631727	3	3
pseudo_2180	0.600030558209957	4.644534662769803	2	2	0.5784420278265521	-4.36241713304698	2	2
pseudo_2181	0.5621397459324885	2.1201909833234414	3	3	0.2991285610794532	-6.1137246613799645	3	3
pseudo_2182	0.5677868989864119	5.162147400287549	2	2	0.3126951976325886	-8.34908068772075	2	2
pseudo_2183	0.3414135396140514	4.550536356206558	4	4	0.6962042642088917	-3.8030499727140303	4	4
pseudo_2184	0.0892662404159774	-1.7546271264660003	4	4	0.8387646162874927	-2.8760554204024675	4	4
pseudo_2185	0.038430211941318	-1.7506300199417815	3	3	0.8734726407958983	-2.2946505658928587	3	3
pseudo_2186	0.9956122289303828	0.6846456790772658	4	4	0.09348722613474937	-0.28931704726635266	4	4
pseudo_2187	0.21190756234024455	1.7933306282201933	4	4	0.9868372077283507	-3.1460786801919975	4	4
pseudo_2188	0.6782959887179232	-0.43269709877710216	2	2	0.8448797482194375	0.2548273587449985	2	2
pseudo_2189	0.6668741783389699	-0.5932268866830706	2	2	0.0809417364187101	1.9455524877945067	2	2
pseudo_219	0.32347426508380983	1.4742576720761373	3	3	0.6602793984849139	-2.0900797657646275	3	3
pseudo_2190	0.018864695854035034	10.644148262476053	4	4	0.3879241135834779	-1.251508087320904	4	4
pseudo_2191	0.7277333283105119	5.8185882155674875	5	5	0.18390546240184857	-1.2388864618830182	5	5
pseudo_2192	0.24590683899642274	-1.1059703333488713	4	4	0.3249324271367361	1.0577617757974045	4	4
pseudo_2193	0.6510766250779694	-0.3775248960713882	3	3	0.6695340962844726	-2.9863223613643624	3	3
pseudo_2194	0.7573989730679858	9.223818186620608	7	7	0.5072652826329639	-1.8525202582750049	7	7
pseudo_2195	0.05051498621495768	7.846709474856582	3	3	0.9542825883238296	-4.7012278677845645	3	3
pseudo_2196	0.8935851452839595	-0.1021539953503711	3	3	0.7549431055524083	-4.959134748959255	3	3
pseudo_2197	0.35269277636817786	2.0041182127954875	4	4	0.20396519261579682	-6.585246635294387	4	4
pseudo_2198	0.33611808391391906	1.7488133227298814	3	3	0.944138268423627	-2.7124316784695766	3	3
pseudo_2199	0.47127499331066824	2.655453648126974	4	4	0.737280732798394	-5.4219852402040045	4	4
pseudo_22	0.6058777293488364	6.0301351206920915	3	3	0.4112332977845511	0.7154959941832688	3	3
pseudo_220	0.47127499331066824	9.625692811647717	4	4	0.8646343073767568	-2.512638458146539	4	4
pseudo_2200	0.4484360039565284	-0.596976722077286	3	3	0.5241266221374845	-5.506786643490063	3	3
pseudo_2201	0.5117561233281838	-0.6463871916572028	3	3	0.4955007436709008	-1.891960735456079	3	3
pseudo_2202	0.1592019253125445	-0.6886861082394091	3	3	0.08430065267914744	2.0249232979091034	3	3
pseudo_2203	0.5572263345257428	4.456349507694144	2	2	0.6219757880441257	-2.642393164683739	2	2
pseudo_2204	0.5488915951340037	-0.1806187950680093	4	4	0.5711038195586173	-4.595999950445977	4	4
pseudo_2205	0.9745918394402936	2.819969768038794	3	3	0.4040189157233782	-5.569015239590829	3	3
pseudo_2206	0.03241775989250008	10.343710117597189	4	4	0.7539316782140046	-4.824255315842004	4	4
pseudo_2207	0.8448798669496154	4.979200926737193	2	2	0.9313960982233942	-0.36971778516713855	2	2
pseudo_2208	0.26427042326917094	2.3012249137827827	4	4	0.8216130537489852	-5.33945300966613	4	4
pseudo_2209	0.26427042326917094	6.84814279868876	4	4	0.27864883817032504	1.6366422726357135	4	4
pseudo_221	0.5363965973495703	-0.6051988261688708	2	2	0.9313960982233942	-3.936530604294676	2	2
pseudo_2210	0.6078323266886982	1.8168046078574374	6	6	0.4615553927537003	-4.524778421970406	6	6
pseudo_2211	0.7207523987220974	2.440619866296592	4	4	0.40631696812996265	-6.195872106035778	4	4
pseudo_2212	0.06589149436381626	10.381686527022774	2	2	0.8326469135559165	-2.9904636286732966	2	2
pseudo_2213	0.6013696453267374	3.8559215339139143	4	4	0.5343236655601391	-2.2592175359942233	4	4
pseudo_2214	0.26496070671314587	5.712399824863115	3	3	0.07981855533011227	1.5423492229812128	3	3
pseudo_2215	0.5711041068775493	-0.14129965848799278	4	4	0.7125360424274507	-4.72716822634726	4	4
pseudo_2216	0.9692930318119534	5.427820850208637	4	4	0.010891212261207607	-9.840656440622652	4	4
pseudo_2217	0.043458464399462285	8.380113415017535	3	3	0.09897967132016496	1.9108633102575203	3	3
pseudo_2218	0.16688546188882625	-1.1968814465940696	3	3	0.5199864687885873	-3.016189550115619	3	3
pseudo_2219	0.38283519497378626	1.7974982671807744	3	3	0.254193250251763	-6.195045129954448	3	3
pseudo_222	0.17751740944311334	10.608449344079792	5	5	0.08523285290170966	-9.292532018823582	5	5
pseudo_2220	0.3850056956643204	-0.9008657630061814	2	2	0.202070630147977	-8.809693680238073	2	2
pseudo_2221	0.49594684331732863	3.1073615172335964	2	2	0.03526919306661027	-9.944525521567968	2	2
pseudo_2222	0.9137662190137511	2.5568968468716196	3	3	0.8935850648239405	-2.6717679085221047	3	3
pseudo_2223	0.9438466727424188	0.14966483442208212	2	2	0.05518399104854512	2.4907398607636697	2	2
pseudo_2224	0.57945131225895	0.6757623516920832	3	3	0.02620790562835372	2.0077628438279906	3	3
pseudo_2225	0.505904365240037	4.491389245586826	2	2	0.11937116156447065	1.9249542678829408	2	2
pseudo_2226	0.8571502120108423	0.38609927205836536	2	2	0.3765001508546695	-8.182607143096394	2	2
pseudo_2227	0.25959323588795846	6.831747708351234	4	4	0.1641285038364818	-0.9397170114072463	4	4
pseudo_2228	0.3489891632163473	6.915436546535695	5	5	0.9726188566508682	-7.478945113814249	5	5
pseudo_2229	0.37480026258712795	9.505142157163844	5	5	0.764857351956646	-2.2863929967125762	5	5
pseudo_223	0.28363389713796483	5.36674148078292	2	2	0.9937556408331882	-3.5641037784670666	2	2
pseudo_2230	0.8329189469139309	0.2467261531248912	1	1	0.17203764650322928	2.284427621791723	1	1
pseudo_2231	0.7646439915622384	2.330426247234309	3	3	0.15920160813812634	1.2557381638176663	3	3
pseudo_2232	0.7130552275541522	2.9557563921394725	5	5	0.7057552270451148	-2.2843326497426073	5	5
pseudo_2233	0.7721451858018434	5.025668910804364	2	2	0.7841477744787879	-2.4855200575690786	2	2
pseudo_2234	0.6330778380292496	4.554707436543041	2	2	0.9937556408331882	-0.10901731869401679	2	2
pseudo_2235	0.7601967119093626	4.310993860919942	2	2	0.7781394428092866	-3.900292002537255	2	2
pseudo_2236	0.7057554325186974	6.304110202220289	5	5	0.034568912394406216	-9.771329391416058	5	5
pseudo_2237	0.9036679029464081	2.626598965454002	3	3	0.6058774552405207	0.48751851183230926	3	3
pseudo_2238	0.3850056956643204	-0.8952564346603493	2	2	0.126981579334235	1.5589176889823144	2	2
pseudo_2239	0.26981154121737394	5.557105240416806	2	2	0.7247032314358239	-3.1880447551852384	2	2
pseudo_224	0.7013604458727786	0.31650111621377475	2	2	0.7721450140396893	-2.901676063013375	2	2
pseudo_2240	0.9644343470292127	5.121732813562516	3	3	0.545081669526831	0.28721390984244893	3	3
pseudo_2241	0.7070451186452502	2.251499673583373	3	3	0.597008769476381	-2.082146084276601	3	3
pseudo_2242	0.18873561568507102	-1.1558457422838355	4	4	0.022477284645384475	-9.699604417220607	4	4
pseudo_2243	0.9956122289303828	5.937869124556968	4	4	0.036150687161106254	-9.651290786554632	4	4
pseudo_2244	0.6510766250779694	5.477714752525261	3	3	0.4258894283097314	-3.206206368079066	3	3
pseudo_2245	0.3111445466725553	6.069450593005411	3	3	0.21892079849466628	0.6415135371446091	3	3
pseudo_2246	0.2868685855068447	10.717805790697762	9	9	0.1580681429591405	-9.476390654357237	9	9
pseudo_2247	0.42984938684271046	6.9465247303065	5	5	0.10147523951194906	-9.532777392678247	5	5
pseudo_2248	0.6800123752678305	6.496577348629461	4	4	0.9255159741473985	-2.853348097226314	4	4
pseudo_2249	0.8734727362247308	3.3522271269646122	3	3	0.5881996188696557	-1.6936323860021638	3	3
pseudo_225	0.4408462735151849	1.8630169987048906	3	3	0.6975959323089513	0.2507806295556894	3	3
pseudo_2250	0.5450819753359017	3.192039942790011	3	3	0.16300923618006757	-6.371628536519126	3	3
pseudo_2251	0.25419361148241637	6.824720258860599	3	3	0.3759275304764539	-5.662969142148296	3	3
pseudo_2252	0.10099394365822521	10.4037543670183	8	8	0.01267651492730475	0.6418564022943657	8	8
pseudo_2253	0.36909806927299815	-0.8458751911098545	3	3	0.7356585830928153	-5.193673346645393	3	3
pseudo_2254	0.9491737805314759	6.34191567545859	5	5	0.6912371611526913	-4.655446858306886	5	5
pseudo_2255	0.5232201028500525	10.459056922052378	7	7	0.7762674329280979	-5.884141324817148	7	7
pseudo_2256	0.9204013755044466	-0.09783974544220442	1	1	0.45693087911108343	-8.590544613874439	1	1
pseudo_2257	0.671970758134422	5.924680665894162	4	4	0.8819633704719028	-4.9817891394696865	4	4
pseudo_2258	0.5057861990646024	6.5515333911693325	4	4	0.3195558539161887	-8.25174762977361	4	4
pseudo_2259	0.40728736795767406	1.935006994631454	5	5	0.8869227693241661	-5.575489051735779	5	5
pseudo_226	0.5930150435629138	5.744023231922017	5	5	0.03212973764641104	-10.145354923526616	5	5
pseudo_2260	0.19392134090778113	-1.75072120523045	1	1	0.9734278527067415	-0.03732745966688711	1	1
pseudo_2261	0.047699819143888836	10.816450410775762	2	2	0.09551726657435788	2.704364583945101	2	2
pseudo_2262	0.45784305940500625	7.171828297647285	4	4	0.7791218067215205	-4.706291832815205	4	4
pseudo_2263	0.3050974909620878	6.463213495531977	3	3	0.12790358662222406	1.365923554866501	3	3
pseudo_2264	0.9137662190137511	3.012850842876521	3	3	0.20952134070679385	-6.157775832744079	3	3
pseudo_2265	0.19597595418350167	6.5258781318056736	3	3	0.7549431055524083	-2.1191966517805003	3	3
pseudo_2266	0.729000526245633	2.877566254307285	4	4	0.8732910524683728	-5.957916360470854	4	4
pseudo_2267	0.4090681828483358	10.576999912136593	6	6	0.3110821726584102	-8.894911624379192	6	6
pseudo_2268	0.26496070671314587	-0.9717099277768829	3	3	0.944138268423627	-2.5311955268848485	3	3
pseudo_2269	0.46383587199615917	2.0393829182952707	3	3	0.9340030000063576	-2.6253345350067274	3	3
pseudo_227	0.556248198351191	3.484736104224828	4	4	0.4645316804662827	-2.1525772324181	4	4
pseudo_2270	0.9189623951615823	3.31871008586401	2	2	0.6897919665504586	-4.264075332550126	2	2
pseudo_2271	0.7962022604994996	4.099276203366981	2	2	0.8571501024574661	-3.8332045712540896	2	2
pseudo_2272	0.38283519497378626	6.119335428988062	3	3	0.7260775723278972	-2.7639096124336056	3	3
pseudo_2273	0.2873103487285983	9.470291479388258	5	5	0.4531206135242414	-2.046932841172989	5	5
pseudo_2274	0.8734727362247308	3.300424366744743	3	3	0.6602793984849139	-2.8890851585604516	3	3
pseudo_2275	0.9911411686564054	0.0013874292214257622	1	1	0.28147841613619473	1.5981330419050979	1	1
pseudo_2276	0.6975650868538984	-0.6183184562131778	1	1	0.7813360253573487	0.509654717489997	1	1
pseudo_2277	0.2549729743053659	9.062532371991775	4	4	0.07938334963891597	-9.442412092195566	4	4
pseudo_2278	0.5488915951340037	7.412744936995104	4	4	0.6090473867849373	-1.723383989725775	4	4
pseudo_2279	0.5035939706570036	-0.5473402546942143	3	3	0.8734726407958983	-2.365855014598449	3	3
pseudo_228	0.1708302264833429	6.955277588864831	3	3	0.09897967132016496	1.8441548746808365	3	3
pseudo_2280	0.3414135396140514	6.59909185200246	4	4	0.1511976416283848	-1.1121832753412477	4	4
pseudo_2281	0.3340580621555014	1.6969760564510838	5	5	0.1871627856967507	-9.306826033753914	5	5
pseudo_2282	0.9342576676788042	2.447202112754523	4	4	0.6013693738999246	-2.1111017224726063	4	4
pseudo_2283	0.7260777722937153	3.365843130394937	3	3	0.9949175392366759	-2.0705807325962744	3	3
pseudo_2284	0.5970090484899082	0.8992820767611326	3	3	0.5881996188696557	-3.216147183743331	3	3
pseudo_2285	0.3209084090285078	1.5817536773628678	7	7	0.4609779107760652	-4.881113611769491	7	7
pseudo_2286	0.8045459649152962	3.183249743031247	4	4	0.03331823611395728	1.855413392038354	4	4
pseudo_2287	0.6148048985724859	3.29990768024235	3	3	0.5035936460977835	-1.694952528638409	3	3
pseudo_2288	0.0938755823281384	7.221891255061003	3	3	0.6881936177750709	-2.2678982498600524	3	3
pseudo_2289	0.20007672903673634	7.752101764402574	4	4	0.9167833133140313	-4.524289544763103	4	4
pseudo_229	0.9238784761080852	2.6595870898054215	3	3	0.9745918201207777	-2.5295439757347093	3	3
pseudo_2290	0.5937356275442023	2.2589947263706454	4	4	0.12227377802986523	-9.242201695711934	4	4
pseudo_2291	0.25959323588795846	6.844625088682489	4	4	0.7960468961922018	-5.203651640082809	4	4
pseudo_2292	0.3939982784077606	6.7168033542262435	4	4	0.4780712835786858	-1.6308637449219996	4	4
pseudo_2293	0.053576065420034534	-1.5905738474841964	4	4	0.031537710287781136	-9.498040597848656	4	4
pseudo_2294	0.11704558514304744	1.2267962473009153	4	4	0.1332765779268827	-9.407292127576317	4	4
pseudo_2295	0.8935851452839595	0.24353539465419663	3	3	0.4638355320437084	-1.7367935343606975	3	3
pseudo_2296	0.5930150435629138	3.3695987985616527	5	5	0.4955078320215518	-8.887389835915869	5	5
pseudo_2297	0.3279372527875506	5.255904266387929	2	2	0.19659035366481614	1.4166999199189816	2	2
pseudo_2298	0.5861462667400477	3.5316417694653066	4	4	0.578601930837772	-2.074566233855504	4	4
pseudo_2299	0.9557276754651368	-0.05131132155445073	1	1	0.4049941104146785	1.1337034516543232	1	1
pseudo_23	0.33611808391391906	3.6426123055857915	3	3	0.08430065267914744	1.497869479923767	3	3
pseudo_230	0.8473702169655161	3.134594134930623	4	4	0.7706978275165746	-5.018910190699297	4	4
pseudo_2300	0.515966108849099	-0.6748157964516439	2	2	0.4763493947540003	-4.4945962931308445	2	2
pseudo_2301	0.843460770637108	2.901494116451485	3	3	0.36909770511229323	-1.1054168333312895	3	3
pseudo_2302	0.9937556456740251	3.780239308255716	2	2	0.7841477744787879	-0.13967084297829752	2	2
pseudo_2303	0.7573861963449914	9.373621999692999	5	5	0.6204271725181084	-6.028263631316373	5	5
pseudo_2304	0.7939627348044759	2.4660377761938936	3	3	0.5366502169074818	0.5607936866676461	3	3
pseudo_2305	0.06384532368620428	-1.532608110444955	4	4	0.6800121496786873	-2.1425941449988053	4	4
pseudo_2306	0.07213492570837922	9.922172272648544	4	4	0.4446283489783789	0.7553762845630514	4	4
pseudo_2307	0.30084639390266943	1.4279968887523948	5	5	0.08885188105883603	2.0174574372655054	5	5
pseudo_2308	0.42588978026204316	2.0007650193266957	3	3	0.5199864687885873	-3.1755754018490823	3	3
pseudo_2309	0.38190806061426585	6.892127303869439	4	4	0.08322452007724086	2.4949918611775135	4	4
pseudo_231	0.8732913337838728	2.5671935124927745	4	4	0.663966270240231	-2.290324886743155	4	4
pseudo_2310	0.588199902665204	2.1347337370047117	3	3	0.9340030000063576	-2.6485773174144556	3	3
pseudo_2311	0.14765894204018953	-1.5251490616938606	2	2	0.46671227821231664	-4.552947337794023	2	2
pseudo_2312	0.7165394359421664	-0.11031128512504591	3	3	0.487477809628571	-1.6308380043327009	3	3
pseudo_2313	0.10161391221171832	-1.29808900430203	3	3	0.5117558022526043	-5.618399037346638	3	3
pseudo_2314	0.9167833751981491	0.6425544868681431	4	4	0.8863046464821133	-4.20202283456156	4	4
pseudo_2315	0.7364732305332813	3.721763947529115	2	2	0.44776661173807664	-4.811768442798715	2	2
pseudo_2316	0.9080607505232974	3.0046246948196083	4	4	0.6880903336673745	-5.643870460715891	4	4
pseudo_2317	0.9137662190137511	2.840334556294652	3	3	0.44084592595561156	-5.727333227767176	3	3
pseudo_232	0.4112336535890947	1.7676947307521367	3	3	0.487477809628571	-1.871040655534402	3	3
pseudo_233	0.39688118178771004	2.036036298372214	3	3	0.15546165943649548	-6.51146741399992	3	3
pseudo_234	0.6442628845706757	0.6225823909646486	2	2	0.038084026126982064	2.6791383353892195	2	2
pseudo_235	0.7841551691354719	3.3646754559882797	3	3	0.8434606531092605	-2.237246271346796	3	3
pseudo_236	0.9734278736976961	0.04745980770676894	1	1	0.31231071483551287	1.4928642654937736	1	1
pseudo_237	0.43560060996513195	2.4380830597261447	5	5	0.7648570176427745	-5.992449333872848	5	5
pseudo_238	0.060225699452984206	-1.5950808887191303	3	3	0.7549431055524083	-2.264996961793529	3	3
pseudo_239	0.44139732412334	1.6543498774883456	5	5	0.6912371611526913	-5.50577880038884	5	5
pseudo_24	0.2690053919759029	-1.10153244013949	4	4	0.5937353520076949	-1.876117437196284	4	4
pseudo_240	0.5661713285910526	6.847068753269471	5	5	0.05157596809378787	-9.233121308665423	5	5
pseudo_241	0.13614385982320515	7.442198607041459	4	4	0.09348722613474937	-1.1960604064101161	4	4
pseudo_242	0.19246208034937407	10.918475167416029	4	4	0.8559935912397985	-4.785911189000733	4	4
pseudo_243	0.7207523987220974	6.342304529443289	4	4	0.07213471311897064	-9.259712996194713	4	4
pseudo_244	0.09867082578351709	10.31978775151281	2	2	0.7247032314358239	-0.393054117016874	2	2
pseudo_245	0.6880905542257846	2.635477718169502	4	4	0.27379791792564645	0.4918682252314146	4	4
pseudo_246	0.6788394811147185	3.4799498441257484	3	3	0.28742664183437105	1.5168501266153978	3	3
pseudo_247	0.6554451728196959	5.737559678815461	5	5	0.507996107084218	-8.426380279781508	5	5
pseudo_248	0.03541650083136066	-1.9263860459721311	5	5	0.7573860242219841	-2.400347267106964	5	5
pseudo_249	0.43846049268631504	-0.9444213139424162	2	2	0.28363352386831375	1.2791436719083584	2	2
pseudo_25	0.6237894835418731	2.270961378523157	3	3	0.9542825883238296	-2.527462674892502	3	3
pseudo_250	0.2690053919759029	-1.0843304379070204	4	4	0.07751819153517549	-9.992431725914296	4	4
pseudo_251	0.1830833272049679	6.802572309542917	3	3	0.05359459829130867	1.86000709155881	3	3
pseudo_252	0.9036679029464081	2.7466534787630135	3	3	0.5881996188696557	-5.349125460060855	3	3
pseudo_253	0.15205702678320304	11.029979794971416	1	1	0.6330525207599099	-7.760405622101504	1	1
pseudo_254	0.21418423325840896	-1.0776759954068822	3	3	0.9238784183842361	-2.7422772113949345	3	3
pseudo_255	0.7351104033126857	2.653232180960755	5	5	0.9413674699070516	-5.172961752807903	5	5
pseudo_256	0.47164489843328683	6.0685054019555595	3	3	0.9847534425778272	-2.57646829168712	3	3
pseudo_257	0.660279640669321	2.259725858619785	3	3	0.5117558022526043	-3.0729834943526324	3	3
pseudo_258	0.47127499331066824	-0.4473463390975789	4	4	0.22007034999938613	-8.871772994652968	4	4
pseudo_259	0.3358614852673807	-0.9585003614180927	4	4	0.5488912968703755	-1.9948315518408348	4	4
pseudo_26	0.21313346690338209	10.187403642241577	6	6	0.6846882013210807	-3.917925689574874	6	6
pseudo_260	0.8935851452839595	2.9840743514225694	3	3	0.8434606531092605	-2.280786845694568	3	3
pseudo_261	0.19659070065683737	9.509150820455158	2	2	0.3436525143684146	0.9956058617504121	2	2
pseudo_262	0.81306862081223	2.951673797268219	4	4	0.7960468961922018	-5.078859404776778	4	4
pseudo_263	0.2873103487285983	1.3853221722269173	5	5	0.4413969895985582	-5.2204529540118845	5	5
pseudo_264	0.5970090484899082	3.176684674272952	3	3	0.09640047463717424	1.4767976125487587	3	3
pseudo_265	0.4982215125326509	-1.2062890794605394	1	1	0.5268128442596066	0.837981717717868	1	1
pseudo_266	0.23071204589557004	10.770187127658295	7	7	0.060932309989477455	1.7114906578959257	7	7
pseudo_267	0.8869912192051169	10.351917998852192	8	8	0.45387450006709606	-5.4244626138236525	8	8
pseudo_268	0.6510766250779694	2.5570148652203524	3	3	0.5199864687885873	-5.5299078649329685	3	3
pseudo_269	0.7791219672993955	2.731246267217564	4	4	0.5861459871843508	-7.470678856919619	4	4
pseudo_27	0.12274961032919621	-2.2843706679427545	1	1	0.3017950616869052	-9.192113035653835	1	1
pseudo_270	0.3623459490147627	6.155803703462763	3	3	0.6510763772853647	-1.8501880230983774	3	3
pseudo_271	0.2704604709831542	-0.9929162546007083	3	3	0.8935850648239405	-2.7992907207662685	3	3
pseudo_272	0.8204546080030211	3.915618110504253	2	2	0.3436525143684146	0.9736836121887826	2	2
pseudo_273	0.9080607505232974	5.633855413758735	4	4	0.17436090697486117	-6.886333648643125	4	4
pseudo_274	0.3249407163969049	10.527892102499953	7	7	0.6124401469194757	-8.376441818222519	7	7
pseudo_275	0.7743817675238063	-0.23861895459795454	3	3	0.8136742924023634	-2.365737791097839	3	3
pseudo_276	0.5035939706570036	2.13314410599148	3	3	0.7646438178298653	-2.062237113386123	3	3
pseudo_277	0.4077570676798412	9.502571613867124	7	7	0.4124382174932918	-5.254816833501028	7	7
pseudo_278	0.6330778380292496	-0.5645936988076237	2	2	0.8694550763317828	-3.500148282023493	2	2
pseudo_279	0.7207523987220974	3.4569196286325337	4	4	0.11449774721537541	1.882036132825454	4	4
pseudo_28	0.021409463828688066	11.563179688406995	8	8	0.20361099607234	-8.451359896478792	8	8
pseudo_280	0.11860877454455647	-1.407176908547391	3	3	0.14818236212556973	-6.526108472776744	3	3
pseudo_281	0.0306784796934223	-2.0566673163500098	4	4	0.40631696812996265	-5.764209671481592	4	4
pseudo_282	0.7984358612717375	-0.32589801303302224	1	1	0.2716762986841802	-9.234746317970272	1	1
pseudo_283	0.6148048985724859	-0.4502636270720822	3	3	0.4638355320437084	-5.7186223848840365	3	3
pseudo_284	0.4241418501163027	2.1723141395432815	5	5	0.017867625708049832	-9.396769887664966	5	5
pseudo_285	0.42926620136317595	5.006886080267974	2	2	0.21336358857646465	1.2779204388409182	2	2
pseudo_286	0.735658776633437	2.5421749031037897	3	3	0.5366502169074818	-1.698956283609279	3	3
pseudo_287	0.016748251627008756	10.340871594390315	4	4	0.7207521990285262	-2.2979641696254363	4	4
pseudo_288	0.8136744315211889	4.75570596039455	3	3	0.07553210295669815	1.5230838500293542	3	3
pseudo_289	0.663966505657736	2.3145459006555846	4	4	0.7084399557763682	-5.535873397962117	4	4
pseudo_29	0.2737982760136065	1.8744211667419013	4	4	0.4645316804662827	-5.926900700035179	4	4
pseudo_290	0.16324518517109798	10.308358003740151	8	8	0.35863392714409825	-9.795207918528657	8	8
pseudo_291	0.3962762848831327	9.794423603420915	5	5	0.7874003822620905	-8.406348287371884	5	5
pseudo_292	0.5261306744344558	4.497407768546266	2	2	0.16597861597178343	1.3951342642512887	2	2
pseudo_293	0.16124609538461931	9.460679695662845	2	2	0.5677865988077717	0.23618072333810636	2	2
pseudo_294	0.7207523987220974	2.5065679489164765	4	4	0.7207521990285262	-5.341017030057752	4	4
pseudo_295	0.3681122648036719	-0.959949281776491	2	2	0.7962021059869522	-4.151072810441534	2	2
pseudo_296	0.6219760581199807	4.962649748285765	2	2	0.22510510600633526	1.2610317242752171	2	2
pseudo_297	0.5285949382348951	9.793616202391322	7	7	0.384828430286438	-9.242732612585622	7	7
pseudo_298	0.18212445844721514	1.5270307957349332	6	6	0.3240448872688316	-9.782006790020299	6	6
pseudo_299	0.810123111776222	5.917249750368716	5	5	0.06594739966832902	1.5397820630574888	5	5
pseudo_3	0.5079964178276415	2.6941216984207124	5	5	0.1871627856967507	-9.295510988492476	5	5
pseudo_30	0.07346062451858174	7.36566192209662	3	3	0.16300923618006757	1.3550185335048939	3	3
pseudo_300	0.3623459490147627	1.9043251513856354	3	3	0.21892079849466628	-6.16079164300638	3	3
pseudo_301	0.4176366363994872	-1.3080867369165627	1	1	0.12274931456390163	-10.216389048372644	1	1
pseudo_302	0.46383587199615917	2.4151476757128694	3	3	0.3425573012392241	-5.855899356821691	3	3
pseudo_303	0.6880905542257846	-0.2900000980268406	4	4	0.22423548826535356	1.142390671778789	4	4
pseudo_304	0.5970090484899082	3.519433756085028	3	3	0.8434606531092605	-5.1547676570931635	3	3
pseudo_305	0.09551752355248028	9.846834098157531	2	2	0.36811189349395546	0.8394028175119651	2	2
pseudo_306	0.5636525660406543	5.71597498864494	4	4	0.4918238200917766	-2.071759114576267	4	4
pseudo_307	0.9692929859974453	2.656272037035956	4	4	0.2242347966245597	-1.5242989128725153	4	4
pseudo_308	0.1390582323256998	10.223379041057742	4	4	0.17089847325187935	-9.443147051233717	4	4
pseudo_309	0.512413367303471	-1.1927028585476016	1	1	0.12822732812582757	-10.10044522625868	1	1
pseudo_31	0.07564208441587517	10.1660837921232	2	2	0.6219757880441257	0.5055124491763859	2	2
pseudo_310	0.4780716120554118	2.202064068279936	4	4	0.29863487282265777	-6.105690338990374	4	4
pseudo_311	0.6560004079214095	5.670847615281253	4	4	0.41256176372618947	-6.687474881881022	4	4
pseudo_312	0.5535786766025621	2.140314489926579	3	3	0.34907522374253297	1.046071504479113	3	3
pseudo_313	0.005672426972873962	-2.134934043717472	4	4	0.15756258317245253	-6.516392738688267	4	4
pseudo_314	0.9937556456740251	0.0028605759863555846	2	2	0.5891905343803715	-2.8519275374391446	2	2
pseudo_315	0.5467623484376667	-0.6906359492772847	2	2	0.6442626278341119	-4.382244417470135	2	2
pseudo_316	0.1071165322210056	7.748102326904416	4	4	0.2119072212797949	-1.2953806222110422	4	4
pseudo_317	0.9517636952380226	6.604070227915908	4	4	0.6401855223564878	-2.1792611007819658	4	4
pseudo_318	0.9605259779900552	2.7472971317287214	4	4	0.8045461078414105	-5.215049960037279	4	4
pseudo_319	0.8817918357046438	3.3288526359032025	2	2	0.02184319873622898	-10.380982876173473	2	2
pseudo_32	0.39362730644413557	-0.7359067125537853	2	2	0.7483049957305546	-3.8568254865182032	2	2
pseudo_320	0.8336278169005644	5.692431804265456	7	7	0.738673303486131	-9.338107044450586	7	7
pseudo_321	0.8906497557151821	3.280302482090317	4	4	0.20396519261579682	1.2105011503899121	4	4
pseudo_322	0.9024354859218694	6.0647315410629075	5	5	0.2962875883594869	-8.567293924043662	5	5
pseudo_323	0.023808505383730326	-2.2021812635002216	4	4	0.022477284645384475	-9.650434111753675	4	4
pseudo_324	0.8559936975460414	5.644482093800466	4	4	0.23706813207896527	-8.933971370824711	4	4
pseudo_325	0.4780716120554118	1.9728557108477804	4	4	0.4918238200917766	-5.773895108329101	4	4
pseudo_326	0.21596135610780398	-1.1394575394282576	4	4	0.5861459871843508	-3.2321437536757203	4	4
pseudo_327	0.1659789442369134	-1.4591117891788645	2	2	0.0924451799865546	-9.367443252488584	2	2
pseudo_328	0.6555290617878633	4.443398850516822	2	2	0.9189623325536505	-3.8840263116910485	2	2
pseudo_329	0.27419145027085023	6.307164687587702	5	5	0.014412894460464386	2.435484173529175	5	5
pseudo_33	0.8714534209676544	5.4054635996828795	5	5	0.6625436149067292	-9.059340063749435	5	5
pseudo_330	0.23730140607699457	-1.2568303939414367	2	2	0.9438466292814971	-3.919967555018503	2	2
pseudo_331	0.3111445466725553	6.283335525812041	3	3	0.6788392504754945	-2.9696410422905832	3	3
pseudo_332	0.730698192885433	-0.4593055438291742	1	1	0.7306979883409489	0.5783959248376579	1	1
pseudo_333	0.55297175996274	2.137566702508384	5	5	0.334057708104453	-1.4574255202037312	5	5
pseudo_334	0.9812684667559504	4.028312152134278	2	2	0.6555288119856878	0.4949628129248659	2	2
pseudo_335	0.33573587443236674	-0.9359546009363129	2	2	0.17081519937902723	-8.843696968647391	2	2
pseudo_336	0.5143019212365523	2.2737471284600743	5	5	0.5143016131177078	-8.939242354352215	5	5
pseudo_337	0.3050974909620878	-0.9556197988354397	3	3	0.07553210295669815	-9.196695499879853	3	3
pseudo_338	0.20952168725574305	-1.0970034916106897	3	3	0.7646438178298653	-2.1839007375476256	3	3
pseudo_339	0.359841346876107	5.651629318584206	2	2	0.3279368777903855	1.0778617155757364	2	2
pseudo_34	0.4560993838096178	-0.5773675922701168	3	3	0.4560990411855481	-5.672033821300114	3	3
pseudo_340	0.20041799593449694	6.664340862175277	3	3	0.8038028405332809	-2.7432902431149606	3	3
pseudo_341	0.26981154121737394	-1.1461038314958207	2	2	0.8448797482194375	-4.042200038578524	2	2
pseudo_342	0.17892860662784138	-0.40234968271097643	3	3	0.35567136618263373	1.283910099582602	3	3
pseudo_343			0	0			0	0
pseudo_344	0.34396570885624955	2.0616905868222593	5	5	0.6204271725181084	-1.6262292422229347	5	5
pseudo_345	0.28363389713796483	5.899098107081016	2	2	0.19659035366481614	2.171881826466802	2	2
pseudo_346	0.11860877454455647	-1.2490291689338449	3	3	0.03181896262874189	-9.490036218967605	3	3
pseudo_347	0.48609487749592595	-0.742448039980979	2	2	0.11570239608603779	-9.150190407692058	2	2
pseudo_348	0.5271140549348696	2.0571384966244928	4	4	0.43163430269944913	-5.642158767404555	4	4
pseudo_349	0.8038029867205339	2.7768873908251295	3	3	0.8038028405332809	-2.3267720810855956	3	3
pseudo_35	0.027866042592912477	-2.801299820082873	2	2	0.9189623325536505	-3.682630817079435	2	2
pseudo_350	0.21917825297831617	5.73471717941249	2	2	0.46671227821231664	-7.781229715966635	2	2
pseudo_351	0.9745918394402936	4.9897331735402695	3	3	0.3425573012392241	-5.856859793054267	3	3
pseudo_352	0.3026327106789354	10.387853562376796	6	6	0.0707225003887281	-9.639089952218681	6	6
pseudo_353	0.04472428687253447	10.792538139288318	4	4	0.17089847325187935	-0.48069082000787117	4	4
pseudo_354	0.09565709711028678	8.040803543280207	4	4	0.25959288027948324	-1.027216823094698	4	4
pseudo_355	0.9189623951615823	4.430007235049347	2	2	0.2191778957083278	1.2348750061881288	2	2
pseudo_356	0.632338748067762	-0.22327121478928338	4	4	0.663966270240231	-5.025132763644362	4	4
pseudo_357	0.6058777293488364	-0.4427646807468868	3	3	0.20493274362919034	-8.155519548217582	3	3
pseudo_358	0.38283519497378626	6.816004254074445	3	3	0.38981935808788337	-7.787673867744622	3	3
pseudo_359	0.1830833272049679	6.968104985295568	3	3	0.34907522374253297	0.7762285570690991	3	3
pseudo_36	0.05518417974110054	-1.9674181768936752	2	2	0.26307616806158596	-5.157376650554585	2	2
pseudo_360	0.6560004079214095	2.627150601002946	4	4	0.17436090697486117	-9.127708136774258	4	4
pseudo_361	0.7646439915622384	2.883700903768792	3	3	0.41852360085902807	0.6815701296359596	3	3
pseudo_362	0.578442322367537	-0.6390023771734894	2	2	0.28716200238790424	-8.546855222564492	2	2
pseudo_363	0.55297175996274	7.322658728362266	5	5	0.8637366268242942	-5.173923899529709	5	5
pseudo_364	0.38935024773228943	2.1071465084734236	7	7	0.8432834979906575	-9.508857346752725	7	7
pseudo_365	0.11704558514304744	-1.584878474387817	4	4	0.6245326488376759	-3.1504154430688245	4	4
pseudo_366	0.03610737083621059	-1.7082135165171894	3	3	0.8136742924023634	-2.832118584868103	3	3
pseudo_367	0.30897868535960826	-1.2453584962852329	4	4	0.48836525632920047	-1.599780301286792	4	4
pseudo_368	0.6109596242554641	0.36715110308803034	2	2	0.8694550763317828	-2.802049446123382	2	2
pseudo_369	0.1585110165344632	10.811982207992617	1	1	0.15205670299187998	2.3658397502257227	1	1
pseudo_37	0.3623459490147627	-0.7929422474469003	3	3	0.5199864687885873	-5.612380717466491	3	3
pseudo_370	0.31690893629412087	2.1256560153355806	7	7	0.305107180256585	-3.895315963148324	7	7
pseudo_371	0.4408462735151849	5.958824533169923	3	3	0.3623455839202313	-3.598303636480494	3	3
pseudo_372	0.5621397459324885	6.349248582032982	3	3	0.6695340962844726	-1.9248208353236056	3	3
pseudo_373	0.1778757796916458	10.064099406746282	4	4	0.07568845684230013	-9.225543148195328	4	4
pseudo_374	0.641926482642926	-0.4383402655606948	3	3	0.21418388472787053	-8.0121930264849	3	3
pseudo_375	0.7452810779709649	0.21458449584947323	3	3	0.8136742924023634	-4.763280441239321	3	3
pseudo_376	0.561933330902836	10.21085978526488	8	8	0.6867332483684916	-9.489595015301775	8	8
pseudo_377	0.10264586408090749	-2.423736267868012	1	1	0.9911411616559694	0.02497333464266327	1	1
pseudo_378	0.3279372527875506	-0.9182804183443141	2	2	0.12313045918210541	-9.118088393926543	2	2
pseudo_379	0.05926071485713883	-1.522659300253985	4	4	0.9956122256555455	-5.600272000899172	4	4
pseudo_38	0.9542826230594712	2.9797087859484583	3	3	0.7356585830928153	-2.8079401139586717	3	3
pseudo_380	0.08926671812269196	10.843149141945903	4	4	0.1641285038364818	1.5683908670940045	4	4
pseudo_381	0.33405818109571594	-1.4800016628686894	1	1	0.15851068754244746	2.3316447903623136	1	1
pseudo_382	0.6912373756642168	5.589164893968907	5	5	0.0817339497009081	-9.743980399699689	5	5
pseudo_383	0.2704604709831542	6.497320516380199	3	3	0.41852360085902807	-1.69578879525393	3	3
pseudo_384	0.08721464713368664	9.904713745679826	4	4	0.578601930837772	-1.9110629123238165	4	4
pseudo_385	0.2311462933381092	-1.1772966268314464	2	2	0.2435710641090275	1.268415783156708	2	2
pseudo_386	0.2311462933381092	-1.37263481444465	2	2	0.9189623325536505	-3.586099430164449	2	2
pseudo_387	0.5017317151566306	2.3505869874564636	5	5	0.4356009461877097	-1.9674814865939838	5	5
pseudo_388	0.15756289318968164	1.7290742227542157	4	4	0.7539316782140046	-2.412396238948411	4	4
pseudo_389	0.5621397459324885	3.315300524730265	3	3	0.9542825883238296	-2.6631785689803014	3	3
pseudo_39	0.47164489843328683	-0.42313159253942195	3	3	0.9593575685464392	-4.94889657831033	3	3
pseudo_390	0.9036679029464081	2.1811057119390926	3	3	0.14818236212556973	1.2914851854392604	3	3
pseudo_391	0.5199867862466294	5.938430958222867	3	3	0.3759275304764539	-3.2770167980986815	3	3
pseudo_392	0.12009338190904256	-1.901626267497288	5	5	0.7573860242219841	-6.193363786960923	5	5
pseudo_393	0.13909886734145985	-1.5234039140814932	2	2	0.03526919306661027	-9.931010611175646	2	2
pseudo_394	0.05518417974110054	10.53900789290753	2	2	0.9189623325536505	-3.598344329914613	2	2
pseudo_395	0.9340030500905637	2.967764634769726	3	3	0.08661690825430314	-8.870229649647458	3	3
pseudo_396	0.19624234715835387	1.6188790090904626	4	4	0.19624201326963597	-6.402476727941774	4	4
pseudo_397	0.3195452908098657	1.4989624889830193	5	5	0.7949555274666122	-5.926156000098017	5	5
pseudo_398	0.2595384955552519	1.758870404925699	3	3	0.34907522374253297	-5.881309602447126	3	3
pseudo_399	0.2111643511182153	6.913022730703164	5	5	0.07835248524052825	-0.9215536714972048	5	5
pseudo_4	0.5128446633821904	2.781095985404834	4	4	0.9080606822077523	-5.149407428472952	4	4
pseudo_40	0.5937356275442023	8.818863198676311	4	4	0.3759488790157549	-6.101584637600282	4	4
pseudo_400	0.6881938424817546	5.46209136964007	3	3	0.15920160813812634	1.1480657314399443	3	3
pseudo_401	0.2096046397649105	10.087586349540297	1	1	0.6812074511284081	-7.53165092482087	1	1
pseudo_402	0.0227606034558587	11.720299727534792	2	2	0.8083052645788188	-3.6857119194549934	2	2
pseudo_403	0.009903980188225081	-2.2396608856911473	4	4	0.7706978275165746	-2.5183764889764406	4	4
pseudo_404	0.6273657987231103	7.14564166382772	5	5	0.0711592619996322	-9.052854865010843	5	5
pseudo_405	0.6442628845706757	2.675420001432515	2	2	0.5677865988077717	-1.2188192930076558	2	2
pseudo_406	0.7939627348044759	2.4322889568518806	3	3	0.7356585830928153	-2.0143052734320417	3	3
pseudo_407	0.0852330816186735	-1.5917173862837621	5	5	0.18390546240184857	1.5519290379939592	5	5
pseudo_408	0.17892860662784138	-1.1856385178880344	3	3	0.5035936460977835	-5.6102039502237915	3	3
pseudo_409	0.5572263345257428	-0.3955017189328074	2	2	0.5784420278265521	-5.917829563627642	2	2
pseudo_41	0.3803395348389601	9.68941713879315	7	7	0.19168501109049862	-2.3454632015007872	7	7
pseudo_410	0.09640072795706195	6.982806568443741	3	3	0.1446417683108256	1.4318055637233582	3	3
pseudo_411	0.8329189469139309	0.2467261531248912	1	1	0.17203764650322928	2.284427621791723	1	1
pseudo_412	0.71253624744538	6.163516001078205	4	4	0.25959288027948324	-1.4951789875440191	4	4
pseudo_413	0.9189623951615823	-0.06864584807870688	2	2	0.2766635096965293	1.1114003659918816	2	2
pseudo_414	0.7452810779709649	-0.28603523559419664	3	3	0.8136742924023634	-4.855538293351938	3	3
pseudo_415	0.045968171926231614	-2.031350727331601	2	2	0.15208690558863178	-8.939144464492376	2	2
pseudo_416	0.8235755609694935	3.336699106984595	3	3	0.18308299414901752	1.144949116260624	3	3
pseudo_417	0.7266991832058207	10.032272433483437	8	8	0.10260085764901292	-2.9145311574706816	8	8
pseudo_418	0.38327383344402466	5.8123719558198035	8	8	0.7850817199206658	-9.08230499866982	8	8
pseudo_419	0.5725812628534613	9.780057297104088	7	7	0.2120495252655431	-4.759891196872929	7	7
pseudo_42	0.24123094959612545	9.494505095127415	5	5	0.980440159631217	-5.675318854215605	5	5
pseudo_420	0.9569849297046433	5.57669471203799	5	5	0.8177339106213867	-2.8928270897023443	5	5
pseudo_421	0.2348197957832654	9.88802365480765	1	1	0.8329188168246346	0.3720406009879634	1	1
pseudo_422	0.0112392906180215	-1.8987112001992514	4	4	0.20007639327089455	-7.56067105574611	4	4
pseudo_423	0.931396151277268	3.6708499968336374	2	2	0.04266324206724399	-9.881317013840427	2	2
pseudo_424	0.2299949598525557	1.6923866824184237	6	6	0.3745364157434201	-6.4089148599938675	6	6
pseudo_425	0.5621397459324885	3.3235999876544464	3	3	0.08430065267914744	1.7386845321488262	3	3
pseudo_426	0.6401857719128591	-0.41724385499011724	4	4	0.9868372077283507	-4.886723148980931	4	4
pseudo_427	0.21917825297831617	-1.3031213975341878	2	2	0.8941571594861715	-3.9667274227944453	2	2
pseudo_428	0.03331836774965953	-2.0339141519152757	4	4	0.29355012459395324	-6.129134581281938	4	4
pseudo_429	0.6788394811147185	0.16293421738009664	3	3	0.44084592595561156	-1.3126532165665026	3	3
pseudo_43	0.4512084998749135	6.729267076858633	4	4	0.9430071978028474	-4.687596135153659	4	4
pseudo_430	0.8406673659205106	10.188675768942586	5	5	0.1971901216940819	-8.872524257670213	5	5
pseudo_431	0.47952586403811104	-0.5736836272904071	3	3	0.5750991647372206	-5.476520018381483	3	3
pseudo_432	0.33405818109571594	9.56766596343556	1	1	0.867726473803445	-0.3118850781581778	1	1
pseudo_433	0.5861462667400477	2.6339144355297104	4	4	0.13045653955236816	-8.853442225983661	4	4
pseudo_434	0.9949175431024609	5.0916543428965735	3	3	0.1708299011009473	-6.227446053173645	3	3
pseudo_435	0.3101027840968791	-1.3711456233694121	5	5	0.4893257220315721	-9.12945525070598	5	5
pseudo_436	0.3623459490147627	-0.7840888572699285	3	3	0.9137661536782785	-2.645751518020612	3	3
pseudo_437	0.6245329074023043	6.0273566721313045	4	4	0.5937353520076949	-5.598116830395207	4	4
pseudo_438	0.4446286888619255	4.03771282735211	4	4	0.18873528571028442	-0.9058438334766356	4	4
pseudo_439	0.355671732082395	3.910423171671935	3	3	0.2649603432619808	-1.270517255347473	3	3
pseudo_44	0.4063173184291574	9.441905227345474	4	4	0.7960468961922018	-2.7692823667756383	4	4
pseudo_440	0.832647041376752	4.425844628982884	2	2	0.438460137698387	0.7809133665810419	2	2
pseudo_441	0.6013696453267374	2.4846221373339152	4	4	0.48492114217326077	-1.8506019552232427	4	4
pseudo_442	0.9342576676788042	2.620199321067081	4	4	0.3195558539161887	-1.7613420977367962	4	4
pseudo_443	0.9745918394402936	3.010727616133313	3	3	0.7646438178298653	-2.5992443605894637	3	3
pseudo_444	0.6881938424817546	2.498544438335348	3	3	0.15178878326619466	-6.402317056849625	3	3
pseudo_445	0.37004815460456886	-0.9058429684835012	4	4	0.3526924170137554	-8.060453315355344	4	4
pseudo_446	0.7623009813579934	3.06067065016595	4	4	0.4446283489783789	-1.582307594258901	4	4
pseudo_447	0.22373283946602662	6.814512619488145	3	3	0.9340030000063576	-2.339365592400547	3	3
pseudo_448	0.14464207381811042	8.997190627020016	3	3	0.2932384297494359	-3.5220092389746114	3	3
pseudo_449	0.17436122852398084	10.771878185061007	4	4	0.8819633704719028	-5.128851457059557	4	4
pseudo_45	0.35841980086087233	4.397213289117455	4	4	0.08926647926934468	-0.2860719212866318	4	4
pseudo_450	0.17129577373999416	11.911294930513778	5	5	0.9569848982285107	-2.99480386229186	5	5
pseudo_451	0.016058840005849662	-2.0732046508067463	5	5	0.37479991275903624	-9.055824897323431	5	5
pseudo_452	0.36420496581903994	10.079026749397663	4	4	0.4578427237860069	-8.319340851764968	4	4
pseudo_453	0.8387649723530849	2.8358514428517334	4	4	0.48492114217326077	-1.762193356597546	4	4
pseudo_454	0.7165394359421664	-0.3553956262942499	3	3	0.21892079849466628	-1.1458602722963962	3	3
pseudo_455	0.5366505267314757	6.014042256817558	3	3	0.6148046294909981	-2.985512967927502	3	3
pseudo_456	0.5399248999769672	6.730860214702037	5	5	0.5143016131177078	-5.753933946594921	5	5
pseudo_457	0.6219760581199807	-0.6083841940255343	2	2	0.9937556408331882	-3.8909729404177265	2	2
pseudo_458	0.735658776633437	2.5591541526844455	3	3	0.6602793984849139	0.4101719079684319	3	3
pseudo_459	0.30525256004930135	-1.1056836187519048	2	2	0.26307616806158596	-8.513425986462984	2	2
pseudo_46	0.2874270084673507	-0.8694088927922738	3	3	0.9949175392366759	-2.5539276148581256	3	3
pseudo_460	0.3627064974483897	1.803997714043905	7	7	0.6124401469194757	-8.938725289849236	7	7
pseudo_461	0.5450819753359017	-0.5158469829646464	3	3	0.36909770511229323	-6.0019521196509045	3	3
pseudo_462	0.3249327882439551	1.988943631899047	4	4	0.8130684838747385	-5.226544227685165	4	4
pseudo_463	0.03499155183214866	-2.1972431643214687	3	3	0.2816930859565683	-6.013394683780646	3	3
pseudo_464	0.5206472699341692	6.572982575857047	5	5	0.3908377605249437	-9.159826473159002	5	5
pseudo_465	0.4560993838096178	1.8243483557429947	3	3	0.9137661536782785	-2.6958402824569503	3	3
pseudo_466	0.6090476540125188	2.5001859441551066	4	4	0.3249324271367361	-1.9940117880122958	4	4
pseudo_467	0.23706848208482456	7.27431045519003	4	4	0.5343236655601391	-1.487140682993094	4	4
pseudo_468	0.8734727362247308	5.325824951087572	3	3	0.4716445612883676	0.6244047925556888	3	3
pseudo_469	0.2189211489243702	6.352427440821639	3	3	0.9644343199950572	-2.0516745732069412	3	3
pseudo_47	0.5621397459324885	-0.5079779212408368	3	3	0.6695340962844726	-5.012824690182248	3	3
pseudo_470	0.07193134567869204	10.071535836811861	5	5	0.23731552008930967	0.8549463766352784	5	5
pseudo_471	0.23358207522488517	6.592272635272607	3	3	0.2437344538207431	-1.1336334569423978	3	3
pseudo_472	0.22845702256532707	10.828828923275156	4	4	0.978063781893697	-1.9366212037484012	4	4
pseudo_473	0.4188634394562466	7.126660013109969	4	4	0.05635856251571871	-0.5360668295579162	4	4
pseudo_474	0.2386203386495669	6.592910900252924	3	3	0.025361138801705634	2.0828321780867713	3	3
pseudo_475	0.660279640669321	0.60221671027334	3	3	0.037253237802075984	1.882917678788825	3	3
pseudo_476	0.4512084998749135	2.2013905502469346	4	4	0.27864883817032504	-0.045400205605056865	4	4
pseudo_477	0.09867082578351709	-1.7530033394824258	2	2	0.3765001508546695	-8.160431188975988	2	2
pseudo_478	0.660279640669321	-0.235392386815071	3	3	0.4040189157233782	-1.4441194449904298	3	3
pseudo_479	0.9605259779900552	2.7972104156331117	4	4	0.6800121496786873	-5.349764465333547	4	4
pseudo_48	0.5128446633821904	4.1238193403560075	4	4	0.27379791792564645	-2.849003663919376	4	4
pseudo_480	0.9080606138920547	6.486690349095222	4	4	0.1674871604916327	-8.40707056440283	4	4
pseudo_481	0.1566158939295903	9.514690706715925	2	2	0.5891905343803715	0.5934073570895453	2	2
pseudo_482	0.3050974909620878	6.303041601735097	3	3	0.45225748911566266	-1.8101229599549733	3	3
pseudo_483	0.1566158939295903	6.853606762675804	2	2	0.41121722116263426	-1.9669821017221178	2	2
pseudo_484	0.7743817675238063	3.044528040191715	3	3	0.30509712310334247	-5.8566460311153845	3	3
pseudo_485	0.3414135396140514	6.366208630257314	4	4	0.12768301899693493	-1.3070121546914335	4	4
pseudo_486	0.06543714492083456	1.2808849203573551	4	4	0.33036752652954593	-6.053890390429058	4	4
pseudo_487	0.9137662190137511	2.5561875732338506	3	3	0.1446417683108256	-6.342550416170542	3	3
pseudo_488	0.28363389713796483	-1.146983786287966	2	2	0.3279368777903855	-5.0070731379985265	2	2
pseudo_489	0.19380521377173643	-1.5843535974299492	5	5	0.9882633433367192	-5.156110392423968	5	5
pseudo_49	0.6483774938920984	2.2896221996362534	5	5	0.028392001717035483	-10.086553279869696	5	5
pseudo_490	0.5711041068775493	5.765477687226693	4	4	0.3358611245890457	-1.7125907635084883	4	4
pseudo_491	0.297928032792127	-1.0121264594796653	2	2	0.5261303536922683	-4.446678044818597	2	2
pseudo_492	0.9517636952380226	5.572807703206472	4	4	0.3195558539161887	-6.0588267170439245	4	4
pseudo_493	0.167488111674994	7.083586295874028	4	4	0.41886309223412466	-1.8059922401505164	4	4
pseudo_494	0.5970090484899082	5.881896686140827	3	3	0.833504727857697	-2.7611529620542883	3	3
pseudo_495	0.19450308373709668	1.5333494541411319	7	7	0.865903251763153	-7.709276047273551	7	7
pseudo_496	0.16124609538461931	-1.4764409721646192	2	2	0.03016904222627332	-10.17697371709785	2	2
pseudo_497	0.6245329074023043	5.9521724462678804	4	4	0.23706813207896527	-1.4665500808697989	4	4
pseudo_498	0.5795202571669548	5.58052708943906	5	5	0.4955078320215518	-8.717639712576181	5	5
pseudo_499	0.34528935688232665	-1.4495222358634923	1	1	0.2527800385324096	-9.357264603574572	1	1
pseudo_5	0.22510546553035604	5.928279073623257	2	2	0.46671227821231664	-2.216061473522445	2	2
pseudo_50	0.36975513969968876	9.690192502660937	6	6	0.5233979476561623	-1.6984917312683103	6	6
pseudo_500	0.9438466727424188	3.822213978708694	2	2	0.5363962814462242	-4.505211183499177	2	2
pseudo_501	0.8935851452839595	2.4905202694478628	3	3	0.23861998149191832	-5.880740413674997	3	3
pseudo_502	0.8473702169655161	3.483498616222286	4	4	0.3195558539161887	-8.29744663266481	4	4
pseudo_503	0.9167833751981491	5.309819901153851	4	4	0.08520058264426594	1.3366776965912344	4	4
pseudo_504	0.13327686761269103	0.9978360461084756	4	4	0.8646343073767568	-2.412651815911524	4	4
pseudo_505	0.660279640669321	2.4656836732254885	3	3	0.6881936177750709	-2.7842972211160846	3	3
pseudo_506	0.22373283946602662	-0.5523926511991091	3	3	0.7165392296445288	-5.000101600235698	3	3
pseudo_507	0.8993491979100128	0.7176960828037041	4	4	0.5452304857856894	-4.56319898768112	4	4
pseudo_508	0.17751740944311334	7.466535947139691	5	5	0.5464287442907269	-4.107672940173251	5	5
pseudo_509	0.5271140549348696	1.4285853223200673	4	4	0.7207521990285262	-6.137268480612836	4	4
pseudo_51	0.7960470450555048	2.552609678305059	4	4	0.8863046464821133	-5.075479494735565	4	4
pseudo_510	0.359841346876107	5.198204990457482	2	2	0.7601965317035771	-3.837277831191208	2	2
pseudo_511	0.5450819753359017	2.3733619077062937	3	3	0.06378792734663837	-9.027772205506222	3	3
pseudo_512	0.38792446776510914	6.569885940931648	4	4	0.5899344912872162	-4.067615599825896	4	4
pseudo_513	0.9692930318119534	3.1388604224221495	4	4	0.40631696812996265	-6.1050181125231475	4	4
pseudo_514	0.21418423325840896	-1.047485971108579	3	3	0.9340030000063576	-2.417939942493094	3	3
pseudo_515	0.7165394359421664	2.396170867179915	3	3	0.9238784183842361	-2.398868629445206	3	3
pseudo_516	0.4408462735151849	6.425248899647305	3	3	0.8534416560581137	-1.6777645025875945	3	3
pseudo_517	0.016906523850344288	-2.0118737447072306	3	3	0.1411663644042437	-6.467465455677725	3	3
pseudo_518	0.6788394811147185	3.41903165297016	3	3	0.31726976567187226	-0.9073035920552152	3	3
pseudo_519	0.21917825297831617	8.875284732198745	2	2	0.4860945394522699	0.6672983867665003	2	2
pseudo_52	0.1592019253125445	6.8090932537350755	3	3	0.9644343199950572	-2.343615557118141	3	3
pseudo_520	0.1276833033100859	0.6431448462108085	4	4	0.9080606822077523	-5.6605259839358935	4	4
pseudo_521	0.3358614852673807	6.380030584616571	4	4	0.3819077053322998	-1.868727546539248	4	4
pseudo_522	0.20790904593709947	-1.4367324382846813	4	4	0.9956122256555455	-5.0414290244492195	4	4
pseudo_523	0.06589149436381626	-1.9422929659900685	2	2	0.04769964667086828	-9.850035333701149	2	2
pseudo_524	0.42926620136317595	5.488381216315361	2	2	0.19659035366481614	2.413772551758667	2	2
pseudo_525	0.8301789638339876	5.645721808328239	4	4	0.6167687100753977	-1.6530611429887136	4	4
pseudo_526	0.996439572561807	5.781461988796777	6	6	0.6203734940758691	-5.757923279003012	6	6
pseudo_527	0.1916064902041289	6.313696163665413	3	3	0.20493274362919034	1.0998248035146496	3	3
pseudo_528	0.7070451186452502	5.741628629062959	3	3	0.9949175392366759	-2.6821693507970963	3	3
pseudo_529	0.7875719659839832	2.291328549595059	4	4	0.8559935912397985	-2.4655538252420883	4	4
pseudo_53	0.1708155310083176	6.110711178642234	2	2	0.03016904222627332	3.098445301358196	2	2
pseudo_530	0.1458050748664057	11.15035655858242	1	1	0.697564859644185	-7.497166418901919	1	1
pseudo_531	0.09362618041589783	11.88174695299989	1	1	0.9380492347361683	0.1832592761285552	1	1
pseudo_532	0.17484442169729864	-1.1989338217868564	3	3	0.20041765358694874	-6.148379360124603	3	3
pseudo_533	0.8646344074336696	2.502638534721484	4	4	0.2221452381098784	-9.394837154494223	4	4
pseudo_534	0.38792446776510914	8.178642446920854	4	4	0.541583030659261	-1.820276949709873	4	4
pseudo_535	0.34255766836814205	5.9301291077277325	3	3	0.09140351307059498	1.418515878223437	3	3
pseudo_536	0.30525256004930135	-1.0899521665468885	2	2	0.07062866132903413	-9.498179473785774	2	2
pseudo_537	0.22373283946602662	1.359884303017629	3	3	0.2816930859565683	-4.7827207698134675	3	3
pseudo_538	0.29085752174901747	10.648209451303922	8	8	0.9357134936204351	-9.198137933499956	8	8
pseudo_539	0.9949175431024609	2.6905942273994508	3	3	0.6788392504754945	-2.9399119925568673	3	3
pseudo_54	0.1585110165344632	-1.9558803179083029	1	1	0.21778176625108836	1.8672719609222903	1	1
pseudo_540	0.43050838529928037	9.119151149950415	1	1	0.8852313926458717	-0.16661252449974961	1	1
pseudo_541	0.13775580316483152	-1.3183193435035463	3	3	0.6237892196071664	-1.874763908118626	3	3
pseudo_542	0.8817918357046438	0.3389212201719358	2	2	0.11212285960689347	1.8395449158881338	2	2
pseudo_543	0.04215197009176986	-1.64241892639319	3	3	0.47952552983652497	-3.089819861938777	3	3
pseudo_544	0.25419361148241637	-0.9187192646555632	3	3	0.4295998300566136	-5.6337883879526425	3	3
pseudo_545	0.3850056956643204	-0.7178553533745116	2	2	0.7601965317035771	-4.299713085376596	2	2
pseudo_546	0.6768319726486265	5.404198218327747	5	5	0.4770871289565408	-5.943916815515203	5	5
pseudo_547	0.08292721932992358	1.3486884641767467	7	7	0.3939035698913529	-9.366540284380566	7	7
pseudo_548	0.33611808391391906	-0.9100121843482096	3	3	0.5366502169074818	-1.9519939210359156	3	3
pseudo_549	0.8301789638339876	5.7115264292512435	4	4	0.7125360424274507	-4.786392531053514	4	4
pseudo_55	0.08370282883626606	10.52539122581199	2	2	0.5572260289060554	-2.831792700736826	2	2
pseudo_550	0.9335668736332334	5.455095063149142	5	5	0.7425118139699247	-2.0115531346601743	5	5
pseudo_551	0.9745918394402936	2.8061168095291755	3	3	0.41852360085902807	-0.5526947368493086	3	3
pseudo_552	0.1622715131032979	9.394703014435857	5	5	0.2491966757478733	1.4825691624746662	5	5
pseudo_553	0.7601967119093626	3.2944051029762385	2	2	0.3516877500508625	-4.769661820361656	2	2
pseudo_554	0.5199541146275353	2.0526572330853106	4	4	0.39399792542305734	-1.8738187137288165	4	4
pseudo_555	0.6357538699242957	2.351525798790903	7	7	0.491570050824482	-9.304007489612784	7	7
pseudo_556	0.35269277636817786	2.214470139989252	4	4	0.044724127431176944	-9.30248473502122	4	4
pseudo_557	0.024538260147132007	10.74615328074311	3	3	0.9137661536782785	-2.388958495811314	3	3
pseudo_558	0.9102061742613444	2.6880618228038613	5	5	0.9179854017988573	-8.501148702073346	5	5
pseudo_559	0.15080329523833705	1.4949118842280953	5	5	0.029839576276888158	-9.903823222652367	5	5
pseudo_56	0.12474455156834924	7.681468863326888	3	3	0.8534416560581137	-2.755558455321166	3	3
pseudo_560	0.8646344074336696	3.018109337436456	4	4	0.8819633704719028	-4.959083610467082	4	4
pseudo_561	0.6800123752678305	2.208874166764702	4	4	0.7207521990285262	-5.182650779416839	4	4
pseudo_562	0.9238784761080852	2.947457032838242	3	3	0.8434606531092605	-2.44813289135023	3	3
pseudo_563	0.3745367591337919	6.839928283935108	6	6	0.04511334663339514	1.9505174258706486	6	6
pseudo_564	0.1390582323256998	7.3567494560168045	4	4	0.1511976416283848	1.2018376526707335	4	4
pseudo_565	0.1592019253125445	6.76751476563583	3	3	0.1411663644042437	-0.696521762497886	3	3
pseudo_566	0.15546197376699772	-1.1925864195186708	3	3	0.7356585830928153	-5.118304496292103	3	3
pseudo_567	0.31955621510432475	-0.20452878653277828	4	4	0.541583030659261	-1.4272366974967465	4	4
pseudo_568	0.9949175431024609	2.7546179009141305	3	3	0.5707639780693832	-2.06288900331336	3	3
pseudo_569	0.03526933506047524	-2.18591843930356	2	2	0.8326469135559165	-3.8043364221761236	2	2
pseudo_57	0.6480732420345119	2.1482753642708565	4	4	0.9517636592801187	-2.4496294463587134	4	4
pseudo_570	0.6810918092388398	5.193479573735636	8	8	0.625697484029335	-9.210429922903389	8	8
pseudo_571	0.14765894204018953	9.558074283652694	2	2	0.13909856093439757	-9.021371561438112	2	2
pseudo_572	0.5707642710535605	3.39705011862979	3	3	0.6881936177750709	-4.968950125436327	3	3
pseudo_573	0.047699819143888836	10.823219425804997	2	2	0.5467620375757467	-7.543167019929706	2	2
pseudo_574	0.5711041068775493	2.1976669320547906	4	4	0.9342576187223479	-5.525494224164358	4	4
pseudo_575	0.515966108849099	4.9674252635133165	2	2	0.1808038035370435	-8.680038834782705	2	2
pseudo_576	0.5017317151566306	0.9658779354510406	5	5	0.6912371611526913	-9.762519599249101	5	5
pseudo_577	0.12698187393094743	-1.6787939614344198	2	2	0.2766635096965293	-8.585624915965962	2	2
pseudo_578	0.6560004079214095	3.5504442422001574	4	4	0.43163430269944913	-8.702689159309069	4	4
pseudo_579	0.09897992805927923	9.471822607256053	3	3	0.7452808909461914	-2.038954509747832	3	3
pseudo_58	0.3037777124835368	-0.002931574776157279	4	4	0.43810362203912545	-1.0174334941208245	4	4
pseudo_580	0.8634462788170921	2.5718745992212035	3	3	0.2991285610794532	-6.001716093855144	3	3
pseudo_581	0.466712623660712	5.027441724340502	2	2	0.3765001508546695	-4.870447176468491	2	2
pseudo_582	0.1511973364971257	-1.3142780477989788	4	4	0.0259329284404374	-9.888687082176725	4	4
pseudo_583	0.038084175465701024	-2.1066429060039162	2	2	0.6330775745335708	-4.54569836361892	2	2
pseudo_584	0.3123110972307548	-1.5153587908543642	1	1	0.23481942591411076	-9.424071037621056	1	1
pseudo_585	0.4188634394562466	1.9555493509520439	4	4	0.3526924170137554	-1.4760787790548087	4	4
pseudo_586	0.5262475703820393	10.42809261260193	8	8	0.647624656313818	-4.719336122399416	8	8
pseudo_587	0.32347426508380983	6.2909404712267145	3	3	0.5035936460977835	-5.4926336183777815	3	3
pseudo_588	0.6800123752678305	6.235785748624778	4	4	0.7623008092924886	-4.980060685161136	4	4
pseudo_589	0.0590509509483308	11.148514792600162	5	5	0.08885188105883603	2.035261576120769	5	5
pseudo_59	0.028896498624539354	-1.7423378553006945	3	3	0.09387533243717877	-6.68002634497211	3	3
pseudo_590	0.7743817675238063	5.743300110008467	3	3	0.6881936177750709	0.3547681252388503	3	3
pseudo_591	0.9563109281246511	4.028066082944246	2	2	0.17081519937902723	-9.06990681731132	2	2
pseudo_592	0.7165394359421664	0.30556555628672893	3	3	0.07553210295669815	1.9344529421368033	3	3
pseudo_593	0.43560128240969853	6.708223542359565	5	5	0.5728270570923006	-1.6100605224083206	5	5
pseudo_594	0.5891908230895129	3.5174784058252717	2	2	0.9812684522369975	-3.7011813914687037	2	2
pseudo_595	0.12274961032919621	11.558852502069694	1	1	0.6649985815354151	-7.554683115038542	1	1
pseudo_596	0.8634462788170921	5.429185837010265	3	3	0.7356585830928153	-0.8959656226588142	3	3
pseudo_597	0.08094197183282517	10.545407144378999	2	2	0.49594650928868533	-2.2448347699176523	2	2
pseudo_598	0.3142381811761258	2.510908286759473	4	4	0.5128443487899497	-1.389817850536467	4	4
pseudo_599	0.08653944810757223	10.114263370818538	2	2	0.6442626278341119	-3.9430199031781012	2	2
pseudo_6	0.5414167675183484	8.14623863225421	1	1	0.9380492347361683	-0.07415284671049893	1	1
pseudo_60	0.6480732420345119	1.6368451570960347	4	4	0.7043531136793767	-5.959686959982107	4	4
pseudo_600	0.4128606532851785	6.688814165023814	5	5	0.003108901056208613	3.183639949448945	5	5
pseudo_601	0.2564584851523011	-1.2898594461016994	2	2	0.10190642780318476	1.775340833532513	2	2
pseudo_602	0.8732913337838728	5.72438778660437	4	4	0.9255159741473985	-2.54818377906884	4	4
pseudo_603	0.5488915951340037	-0.6621325863837478	4	4	0.978063781893697	-5.455988980877035	4	4
pseudo_604	0.641926482642926	3.131514732723694	3	3	0.5282848737890815	-5.436153051338134	3	3
pseudo_605	0.2189211489243702	6.849333626273267	3	3	0.3759275304764539	0.774996077480904	3	3
pseudo_606	0.8335048526435102	2.9289647161051664	3	3	0.9542825883238296	-2.4915349046813176	3	3
pseudo_607	0.11234353407741195	-2.3418517146665057	1	1	0.9734278527067415	0.06101869928194381	1	1
pseudo_608	0.1144974767190447	9.68747585432241	4	4	0.11704476524802084	-9.792071613845083	4	4
pseudo_609	0.22373283946602662	-1.112642584664825	3	3	0.6148046294909981	0.4260570793993401	3	3
pseudo_61	0.784147937674607	3.8792875891582277	2	2	0.28363352386831375	-4.843563665451434	2	2
pseudo_610	0.6840203005314386	3.6439264850393527	5	5	0.6912371611526913	-7.989072862311038	5	5
pseudo_611	0.059279000701403385	10.622964599165366	2	2	0.3279368777903855	0.9728950241513233	2	2
pseudo_612	0.39362730644413557	-0.8436771057547148	2	2	0.5363962814462242	-4.675277052312503	2	2
pseudo_613	0.05051463547776132	-1.5951235933796937	3	3	0.011442741643364744	-9.836372248336046	3	3
pseudo_614	0.0755323252823372	-1.6399000157104109	3	3	0.27046010657623687	0.9177406034167467	3	3
pseudo_615	0.954282553588109	0.18407845884343446	3	3	0.8335044782852292	-4.418789136984262	3	3
pseudo_616	0.7311464766217575	7.197228671215605	6	6	0.9608508618154896	-8.618083583178924	6	6
pseudo_617	0.31955621510432475	1.7591173519019758	4	4	0.22845667528461522	-6.274632118055465	4	4
pseudo_618	0.9734278736976961	-0.011968821379213068	1	1	0.3804064179883996	-8.92108583906651	1	1
pseudo_619	0.6800123752678305	2.1643551836523733	4	4	0.8906496746131148	-2.597687677301067	4	4
pseudo_62	0.8734727362247308	-0.2201372950531256	3	3	0.03390517037209851	1.8473796756770493	3	3
pseudo_620	0.784147937674607	-0.4551763978459942	2	2	0.7601965317035771	-3.3901968473681183	2	2
pseudo_621	0.17089879257859764	-0.3238902822140301	4	4	0.5199538031071079	-5.424611214388414	4	4
pseudo_622	0.13092609698623772	-1.5532138495939742	2	2	0.9438466292814971	-3.600812509080188	2	2
pseudo_623	0.641926482642926	-0.42562565139614367	3	3	0.8634461759711842	-2.5278087945588132	3	3
pseudo_624	0.05682981141469835	-2.006474438840564	3	3	0.3297565600982677	-6.057202957351279	3	3
pseudo_625	0.5199534915860795	3.5184471692759787	4	4	0.20396451743914734	-8.301408064171513	4	4
pseudo_626	0.31955621510432475	-1.4090113928782195	4	4	0.8045461078414105	-5.8068351311002075	4	4
pseudo_627	0.6124403978010906	6.356226041823406	7	7	0.5232198096751125	-1.864032485493673	7	7
pseudo_628	0.1708155310083176	9.442223534398373	2	2	0.5677865988077717	0.5534567721283656	2	2
pseudo_629	0.8216131846494005	2.889114912150807	4	4	0.3358611245890457	-8.785106613401036	4	4
pseudo_63	0.18716246271481318	5.288638653683267	5	5	0.015632358243535417	0.09407309439851745	5	5
pseudo_630	0.3230653457790158	9.610063365256384	1	1	0.4176362684243977	-8.725690150108079	1	1
pseudo_631	0.8534417662715168	2.7902364323298534	3	3	0.28454936012125287	-1.3563058121043143	3	3
pseudo_632	0.42984938684271046	2.252193817102801	5	5	0.7499372962913642	-5.672988068021699	5	5
pseudo_633	0.3425569341097201	5.959844367088695	3	3	0.06022511411361925	1.5984389343468752	3	3
pseudo_634	0.058284179807178364	11.49583524826267	8	8	0.9540566894711525	-9.494810815831148	8	8
pseudo_635	0.9644343470292127	2.6115519287871316	3	3	0.7939625816185074	-2.383345356292819	3	3
pseudo_636	0.1174561437439979	11.598884339203709	1	1	0.7643414189112353	-6.380767253400195	1	1
pseudo_637	0.7960470450555048	2.282770957830745	4	4	0.8732912400122477	-2.397972573933684	4	4
pseudo_638	0.39688118178771004	-0.7238388459596656	3	3	0.71178606297962	-2.086018434533282	3	3
pseudo_639	0.7648571847998883	6.507082393154392	5	5	0.6840196437008312	-5.206381776258595	5	5
pseudo_64	0.6343372782173256	3.221848397885882	5	5	0.5998157304534668	-4.200653534519058	5	5
pseudo_640	0.2874270084673507	6.305678048116898	3	3	0.8136742924023634	-0.32985038097430064	3	3
pseudo_641	0.5535786766025621	2.3600530677360143	3	3	0.9644343199950572	-2.608525321168086	3	3
pseudo_642	0.749937473332898	3.3777652692738553	5	5	0.34396535542765305	-4.8735308777485615	5	5
pseudo_643	0.3962762848831327	6.88963880962611	5	5	0.9648001859261734	-4.075008286566059	5	5
pseudo_644	0.4333307045735425	-0.6785694933465791	3	3	0.11563065565023944	-8.919869078561497	3	3
pseudo_645	0.9441383108438608	2.7586067185841507	3	3	0.9949175392366759	-2.5670035226717784	3	3
pseudo_646	0.9687858759153365	4.582773125486349	2	2	0.5677865988077717	0.5872512935331651	2	2
pseudo_647	0.6510766250779694	2.3182704007713597	3	3	0.8038028405332809	-2.7212083353699534	3	3
pseudo_648	0.39688118178771004	6.607188163412953	3	3	0.07981855533011227	1.7703116010650088	3	3
pseudo_649	0.5117561233281838	-0.7015160408537113	3	3	0.08898428321308834	1.3734365301890616	3	3
pseudo_65	0.30897868535960826	1.9521898658290706	4	4	0.32223610128018587	-8.986995944167449	4	4
pseudo_650	0.4460905205477127	6.767984599564646	7	7	0.491570050824482	-9.317127604399609	7	7
pseudo_651	0.8714534209676544	5.93768492671661	5	5	0.8560329025386317	-5.4304404921710985	5	5
pseudo_652	0.4446680555896674	9.663447833666483	8	8	0.5162682704592578	-4.624157224582185	8	8
pseudo_653	0.15208722325711063	-1.5031986284529593	2	2	0.3516877500508625	-4.755634605334274	2	2
pseudo_654	0.278649196930255	6.608483137121695	4	4	0.23273414781875612	0.9255869043509685	4	4
pseudo_655	0.8534417662715168	4.767681986552769	3	3	0.944138268423627	-2.78893952963003	3	3
pseudo_656	0.6768319726486265	6.353923886356481	5	5	0.4298490490008646	-1.9619653100424286	5	5
pseudo_657	0.9937556456740251	4.679909224469778	2	2	0.256458116459342	1.7137946624349536	2	2
pseudo_658	0.0755323252823372	9.795354811259186	3	3	0.3425573012392241	0.8137511404922954	3	3
pseudo_659	0.0175017287261918	11.032483515683275	3	3	0.9949175392366759	-2.3785563911046816	3	3
pseudo_66	0.4512084998749135	1.6413294627196084	4	4	0.7960468961922018	-2.377921630161626	4	4
pseudo_660	0.8534417662715168	2.895186622006556	3	3	0.7939625816185074	-2.1140448752028465	3	3
pseudo_661	0.09987526417712732	10.32133875167255	14	14	0.6481882524864107	-9.353633626838253	14	14
pseudo_662	0.7960470450555048	2.225903669037296	4	4	0.8906496746131148	-2.336682211260604	4	4
pseudo_663	0.17129577373999416	-1.0772945131152232	5	5	0.9374663058606376	-5.130324178850599	5	5
pseudo_664	0.48424149877563616	8.766767695971971	1	1	0.8156326268749085	-1.117323403674463	1	1
pseudo_665	0.14116666688092497	6.915995811036631	3	3	0.4484356587967735	-1.78433511635758	3	3
pseudo_666	0.7043533239506321	3.759327517712629	4	4	0.022477284645384475	2.3623184566646174	4	4
pseudo_667	0.6695343327503589	0.4169504449945404	3	3	0.4258894283097314	-1.6102199492819471	3	3
pseudo_668	0.9080607505232974	6.072611467406328	4	4	0.9080606822077523	-5.416390829486382	4	4
pseudo_669	0.9342576676788042	5.594064579044072	4	4	0.09786660123792229	-9.12384936743942	4	4
pseudo_67	0.5282851874963459	2.0742380451623426	3	3	0.7988784188725789	-2.190633598440097	3	3
pseudo_670	0.21778212986797463	10.031932348305308	1	1	0.4982211730080518	0.9100409788952325	1	1
pseudo_671	0.07921138202372897	-2.07832104866887	8	8	0.2588051055425481	-8.323030455632821	8	8
pseudo_672	0.1311250755706822	9.03895850232623	3	3	0.5035936460977835	-3.267382749859607	3	3
pseudo_673	0.380406794439513	9.453054580752921	1	1	0.9557276405146987	-0.05524714273033138	1	1
pseudo_674	0.4112336535890947	1.9531733372625826	3	3	0.20493274362919034	1.259027998679244	3	3
pseudo_675	0.2311462933381092	-1.2199931363652414	2	2	0.8694550763317828	-4.074781249790741	2	2
pseudo_676	0.8473702169655161	5.562449975258886	4	4	0.5861459871843508	-5.571054859466497	4	4
pseudo_677	0.47164489843328683	2.136071853570002	3	3	0.944138268423627	-2.4650420551762697	3	3
pseudo_678	0.749937473332898	5.671870096934165	5	5	0.82536206658563	-5.738098361698989	5	5
pseudo_679	0.38792446776510914	-0.8594220522264019	4	4	0.1332765779268827	-0.046743807518906465	4	4
pseudo_68	0.22436560878052159	10.33405376464532	7	7	0.3939029023810312	-7.682168587846206	7	7
pseudo_680	0.663966505657736	0.1433108286867828	4	4	0.5128443487899497	-8.99241872738147	4	4
pseudo_681	0.9687858759153365	3.6974634935372075	2	2	0.3765001508546695	0.8714176077600428	2	2
pseudo_682	0.8473702169655161	6.190052569961281	4	4	0.451208162073945	-8.813263970891875	4	4
pseudo_683	0.42588978026204316	-0.8130050553601998	3	3	0.2649603432619808	-8.054080756404613	3	3
pseudo_684	0.2704604709831542	1.7383684939180857	3	3	0.7070449061118225	-1.9723269835860553	3	3
pseudo_685	0.9340030500905637	3.1355070813550863	3	3	0.4258894283097314	-5.580904388628053	3	3
pseudo_686	0.014809842960404362	-1.9240789572946067	5	5	0.8637366268242942	-5.382513128032717	5	5
pseudo_687	0.010255506201575601	11.147093368141952	3	3	0.4040189157233782	0.672535527175532	3	3
pseudo_688	0.052035826972999875	8.007503737654579	3	3	0.5282848737890815	-1.8323282265204874	3	3
pseudo_689	0.13909886734145985	-1.5782198106700136	2	2	0.08370258910178932	-9.486917161646947	2	2
pseudo_69	0.9542826230594712	3.1171650076997763	3	3	0.823575428985576	-2.319391261585569	3	3
pseudo_690	0.1433298856138318	9.62204900547183	2	2	0.9065483514213344	0.20583100256751402	2	2
pseudo_691	0.5707642710535605	5.996330754197449	3	3	0.5707639780693832	-2.0281630620370574	3	3
pseudo_692	0.47127499331066824	6.807562398556965	4	4	0.6560001677091096	-5.586543309147577	4	4
pseudo_693	0.578442322367537	0.2161800042677866	2	2	0.8817917447372052	-2.79515831050452	2	2
pseudo_694	0.9517636952380226	2.7991466049220395	4	4	0.47127466235383664	-6.725000478759694	4	4
pseudo_695	0.45784305940500625	5.235734175516543	4	4	0.6167687100753977	-2.244571488087509	4	4
pseudo_696	0.19624234715835387	6.866454790618221	4	4	0.49877888323756503	-8.762754652040607	4	4
pseudo_697	0.5707642710535605	-0.4965879409882075	3	3	0.545081669526831	-1.9764613888456697	3	3
pseudo_698	0.12313074973964343	9.872561485728959	2	2	0.7841477744787879	-3.2274600500553468	2	2
pseudo_699	0.09640072795706195	-1.5330611440670783	3	3	0.6695340962844726	-2.1854859036787904	3	3
pseudo_7	0.3925839468367248	9.449990554784524	1	1	0.9204013128104409	-0.08882858945281225	1	1
pseudo_70	0.7962022604994996	4.288829139301655	2	2	0.39362693971918994	0.8659654571868901	2	2
pseudo_700	0.4893260401884806	2.2782653202826406	5	5	0.7949555274666122	-5.834960183978005	5	5
pseudo_701	0.13975182170432077	-2.177251072860514	1	1	0.8852313926458717	0.2867832037663317	1	1
pseudo_702	0.03181883254787573	-1.7463543819626899	3	3	0.9644342659265611	-2.695847536212336	3	3
pseudo_703			0	0			0	0
pseudo_704	0.2096046397649105	-1.6914153764680684	1	1	0.15851068754244746	-9.598298741450055	1	1
pseudo_705	0.5199867862466294	-0.04475813015134911	3	3	0.8136742924023634	-4.687917802612134	3	3
pseudo_706	0.5271140549348696	2.3205584311164693	4	4	0.737280732798394	-2.3877992903560137	4	4
pseudo_707	0.8329189469139309	0.2467261531248912	1	1	0.17203764650322928	2.284427621791723	1	1
pseudo_708	0.8335048526435102	5.115239287121468	3	3	0.2991285610794532	-6.121045398696212	3	3
pseudo_709	0.7290009148457173	2.4991840017883398	4	4	0.48492114217326077	-8.949962274093869	4	4
pseudo_71	0.317270133769078	6.63362032251451	3	3	0.12474426481480622	-8.44094881729364	3	3
pseudo_710	0.7452810779709649	5.397591312035356	3	3	0.3111441786356186	-4.74484185264109	3	3
pseudo_711	0.07765146709517047	-1.5153261503163744	3	3	0.4638355320437084	-5.638931411537122	3	3
pseudo_712	0.380406794439513	9.453054580752921	1	1	0.9557276405146987	-0.05524714273033138	1	1
pseudo_713	0.3695457948342714	9.708128215674238	5	5	0.7425118139699247	-5.109722596277906	5	5
pseudo_714	0.9911411686564054	0.0	1	1	0.3452889756770269	1.3413710850026503	1	1
pseudo_715	0.7646439915622384	2.120385936592113	3	3	0.13440853098540942	-6.510542225090721	3	3
pseudo_716	0.012750835316638781	-2.0870835734564186	3	3	0.12790358662222406	-6.468819363420164	3	3
pseudo_717	0.6245329074023043	2.6874791206257225	4	4	0.12094929854936784	-9.380215391993891	4	4
pseudo_718	0.9960876585599804	6.208874011563995	5	5	0.04814609326282808	-1.0025651227121994	5	5
pseudo_719	0.8038029867205339	0.2931863353117941	3	3	0.36909770511229323	-1.657589223015397	3	3
pseudo_72	0.8734727362247308	2.5900162985713777	3	3	0.36909770511229323	0.7469985455895962	3	3
pseudo_720	0.13440882728017506	6.953249263823789	3	3	0.6237892196071664	-1.7596782813519865	3	3
pseudo_721	0.7875719659839832	5.249504957600831	4	4	0.3249324271367361	0.8439715515337746	4	4
pseudo_722	0.7452810779709649	5.076678903852616	3	3	0.6881936177750709	-2.963134672187526	3	3
pseudo_723	0.2874270084673507	6.331273728370475	3	3	0.9036678300309984	-2.5335731323375907	3	3
pseudo_724	0.7636730828424946	6.6129995272177515	7	7	0.1414652462609913	-10.07722592514155	7	7
pseudo_725	0.6880905542257846	6.03397679647268	4	4	0.7706978275165746	0.2858777755021286	4	4
pseudo_726	0.978063798261942	2.9677216626229512	4	4	0.3759488790157549	0.1953007000237679	4	4
pseudo_727	0.15208722325711063	-1.5629822428066156	2	2	0.3598409744389197	0.9593000541020886	2	2
pseudo_728	0.5595526613680977	7.078053269219005	5	5	0.3695454442226338	-8.873603490461248	5	5
pseudo_729	0.9342576676788042	0.2453170603607635	4	4	0.12227377802986523	-0.837727445400728	4	4
pseudo_73	0.3962762848831327	5.776530454831153	5	5	0.2076051818720962	-9.553301486170005	5	5
pseudo_730	0.38283519497378626	-0.8386296540995151	3	3	0.2932384297494359	-6.0719412480583435	3	3
pseudo_731	0.46383587199615917	1.8906624568436126	3	3	0.9542825883238296	-2.413253146010568	3	3
pseudo_732	0.01874747412851201	-1.8910513084959557	3	3	0.4955007436709008	-3.0654553931251236	3	3
pseudo_733	0.4333307045735425	2.2965164959117335	3	3	0.8734726407958983	-2.2643996564942537	3	3
pseudo_734	0.4192718588372081	2.255220569786607	6	6	0.7513748785919361	-8.254381712970222	6	6
pseudo_735	0.6109596242554641	0.36715110308803034	2	2	0.8694550763317828	-2.802049446123382	2	2
pseudo_736	0.7277333283105119	9.58756900553379	5	5	0.24123060493596005	-9.83430585003935	5	5
pseudo_737	0.7474597596582546	0.44351420361804017	1	1	0.7140640305833901	-6.879265663371882	1	1
pseudo_738	0.33036788746713075	6.460981100846515	4	4	0.6090473867849373	-6.556888095076441	4	4
pseudo_739	0.1912200768169372	8.678220342670668	2	2	0.15661557264924275	1.4129507418294678	2	2
pseudo_74	0.3925839468367248	-1.3402094890584593	1	1	0.1397515087561778	-9.832914357490695	1	1
pseudo_740	0.16082053929322127	10.307236955656624	4	4	0.4645316804662827	-2.170039092511862	4	4
pseudo_741	0.2835582636203615	6.307604347771764	4	4	0.5057858814984134	-5.480951561238649	4	4
pseudo_742	0.49182414331084556	6.645489106983528	4	4	0.7875718112359956	-2.5081705125199636	4	4
pseudo_743	0.22861969203027743	6.3940512114395345	3	3	0.9340030000063576	-2.7718823238028265	3	3
pseudo_744	0.5079964178276415	4.590257961110965	5	5	0.2873099956838695	-4.460265363715	5	5
pseudo_745	0.25959323588795846	2.510944778846008	4	4	0.9692930089047249	-5.546305412773145	4	4
pseudo_746	0.8560330068363078	5.548488757094951	5	5	0.8025299521917185	-8.596520305468543	5	5
pseudo_747	0.6401857719128591	2.258203565805408	4	4	0.9956122256555455	-2.5067326412455038	4	4
pseudo_748	0.37594923530198443	2.0916821307714604	4	4	0.14202011223984978	-6.915577185708883	4	4
pseudo_749	0.1659789442369134	-1.538858314826924	2	2	0.6782957532946885	-4.3416172308821235	2	2
pseudo_75	0.6237894835418731	3.581899620738844	3	3	0.11563065565023944	1.8052193687836438	3	3
pseudo_750	0.25278041349522384	-1.5946373240961407	1	1	0.2016514739373909	-9.50237969180722	1	1
pseudo_751	0.1830833272049679	6.642878800712025	3	3	0.4484356587967735	0.5911014093217631	3	3
pseudo_752	0.04108781557908721	-2.0665656953844085	2	2	0.3279368777903855	1.077027582344311	2	2
pseudo_753	0.7129983426647144	-0.4460291764675226	2	2	0.7962021059869522	-4.278090224219653	2	2
pseudo_754	0.4571846757144489	4.751064737762132	2	2	0.8326469135559165	-3.972811737698704	2	2
pseudo_755	0.4063173184291574	2.521228872045256	4	4	0.41256176372618947	-1.5240587190639843	4	4
pseudo_756	0.8941572410577566	0.17437305275764192	2	2	0.07825528073950114	1.8955462311635916	2	2
pseudo_757	0.07346062451858174	7.389821383121789	3	3	0.17892827606648487	1.0738920194136428	3	3
pseudo_758	0.2885255721327852	1.0006719855095	4	4	0.33036752652954593	-1.823701664573315	4	4
pseudo_759	0.57945131225895	5.730147681071091	3	3	0.47952552983652497	-5.686162248703835	3	3
pseudo_76	0.5621397459324885	2.077298000892887	3	3	0.5158619807307823	-5.512879605077644	3	3
pseudo_760	0.359841346876107	-0.9991084882389023	2	2	0.02786592140976181	-10.199900664040042	2	2
pseudo_761	0.26651460668710203	-1.494643669851443	6	6	0.9182533799233406	-8.761489310271022	6	6
pseudo_762	0.3765005208377059	-0.8462385347691725	2	2	0.15208690558863178	-9.04646215284083	2	2
pseudo_763	0.2595384955552519	-0.9891727602011766	3	3	0.2991285610794532	-5.643619066838309	3	3
pseudo_764	0.6135226745164639	3.7079789495925617	5	5	0.2656760266295498	-0.9422912711079195	5	5
pseudo_765	0.9726188766984795	5.033311693910003	5	5	0.5529714691820806	-1.570839993158731	5	5
pseudo_766	0.49877920367946926	0.9501093638582555	4	4	0.9342576187223479	-5.351986166373674	4	4
pseudo_767	0.299128928643692	6.850843709817347	3	3	0.5366502169074818	-1.8640041192063286	3	3
pseudo_768	0.7266991832058207	6.364241912258106	8	8	0.8386922270394789	-9.25193705222036	8	8
pseudo_769	0.8688198893201894	6.77057345861401	8	8	0.26369700479881064	-5.117915098236195	8	8
pseudo_77	0.9937556456740251	-0.0032247829137306283	2	2	0.19659035366481614	1.3529230002009425	2	2
pseudo_770	0.906548423537471	0.605839501789327	2	2	0.10863123749693995	2.4126455350226585	2	2
pseudo_771	0.57945131225895	3.0360173778134283	3	3	0.5282848737890815	-1.6520318088914372	3	3
pseudo_772	0.660279640669321	3.3097702428752114	3	3	0.18308299414901752	-8.173945609690266	3	3
pseudo_773	0.5035939706570036	3.402097477793717	3	3	0.9745918201207777	-2.31546506190569	3	3
pseudo_774	0.71253624744538	2.1966070543327993	4	4	0.978063781893697	-0.0602028663702329	4	4
pseudo_775	0.9342576676788042	2.9987381780546087	4	4	0.8993491231877209	-5.400069642612885	4	4
pseudo_776	0.6812076891989833	0.9993529893676216	1	1	0.2261861360842793	1.7433798930745326	1	1
pseudo_777	0.7474597596582546	-0.45796005989776134	1	1	0.24368349917526455	-9.365702427608841	1	1
pseudo_778	0.26496070671314587	-0.9124400811784964	3	3	0.5035936460977835	-4.305679055018592	3	3
pseudo_779	0.8734727362247308	2.62074793672453	3	3	0.037253237802075984	1.8495278750881008	3	3
pseudo_78	0.6090476540125188	3.6908342773849756	4	4	0.15756258317245253	-0.6895219158866176	4	4
pseudo_780	0.8534417662715168	3.2557347276027486	3	3	0.7070449061118225	-1.8517200253510302	3	3
pseudo_781	0.8758893991386851	2.9244760267764183	6	6	0.4040219115150637	-5.835395456495586	6	6
pseudo_782	0.6668741783389699	4.759280695309666	2	2	0.5261303536922683	-2.4685799869812772	2	2
pseudo_783	0.6442628845706757	0.6296327840269007	2	2	0.7962021059869522	-3.9826289630128784	2	2
pseudo_784	0.6625438467823529	2.2805968299090957	5	5	0.03898566449667718	-9.65617578189158	5	5
pseudo_785	0.9167832514297753	2.8054578910118	4	4	0.7372803551203586	-2.623423226428242	4	4
pseudo_786	0.19597595418350167	6.560340597794263	3	3	0.9542825883238296	-2.133334288513924	3	3
pseudo_787	0.2111643511182153	10.517776031907617	5	5	0.42414151073182227	-1.8278418065602888	5	5
pseudo_788	0.051327898884250926	-1.9847655846178016	2	2	0.13496437744637446	-9.0997473805629	2	2
pseudo_789	0.3470239938122085	2.831096308453921	4	4	0.8819633704719028	-3.886845547683013	4	4
pseudo_79	0.16688546188882625	-1.1635793289790548	3	3	0.3657111891045014	-5.78730243126746	3	3
pseudo_790	0.3037769906668968	2.6430777601802613	4	4	0.31423709763071606	0.9406843103688646	4	4
pseudo_791	0.38283519497378626	6.149747836856548	3	3	0.12790358662222406	1.6186417677492724	3	3
pseudo_792	0.47952586403811104	3.315507409216737	3	3	0.12164613137932691	1.2494340014388976	3	3
pseudo_793	0.578442322367537	4.516048627091308	2	2	0.256458116459342	1.157678127993058	2	2
pseudo_794	0.6013696453267374	1.865908576327657	4	4	0.2159610133995329	-9.002717619456156	4	4
pseudo_795	0.5415833323814839	1.9207089955187733	4	4	0.14503051206595458	-8.798564461539916	4	4
pseudo_796	0.2564584851523011	-1.1014780296246647	2	2	0.38500532720899194	0.9336359804611452	2	2
pseudo_797	0.4023648062920543	-0.8181030345781819	2	2	0.7962021059869522	-4.04927198954022	2	2
pseudo_798	0.40012929854053825	1.9377230230738498	4	4	0.5636522749793662	-6.068260149746037	4	4
pseudo_799	0.57945131225895	6.060609679541777	3	3	0.4112332977845511	-5.740578882361525	3	3
pseudo_8	0.31269557277370696	5.429053223426632	2	2	0.6000302755242151	-2.688013666509293	2	2
pseudo_80	0.32347426508380983	-0.9035672167565311	3	3	0.07765124132684814	-8.811838627508711	3	3
pseudo_800	0.4316346464503191	1.9059226538324079	4	4	0.43163430269944913	-5.789702571489406	4	4
pseudo_801	0.81306862081223	3.3403476436309383	4	4	0.5199538031071079	-4.213222358970773	4	4
pseudo_802	0.3436528884710327	-0.998598027819873	2	2	0.9065483514213344	-3.7742657256692884	2	2
pseudo_803	0.23706848208482456	10.793417397658274	4	4	0.6962042642088917	-5.732495764770338	4	4
pseudo_804	0.37004815460456886	1.710671764018188	4	4	0.8559935912397985	-4.781329382720561	4	4
pseudo_805	0.30525256004930135	6.209959407804558	2	2	0.2191778957083278	2.2938779756901204	2	2
pseudo_806	0.7841551691354719	-0.2529436153238465	3	3	0.20493274362919034	-5.933778784823519	3	3
pseudo_807	0.0767051693155534	-0.5729225482413568	5	5	0.4017588462908819	-1.555371495881977	5	5
pseudo_808	0.71253624744538	3.573199371168996	4	4	0.34421039049132074	-0.8623940706099757	4	4
pseudo_809	0.5128446633821904	6.3434719828890636	4	4	0.3249324271367361	-1.7415888082299287	4	4
pseudo_81	0.5937356275442023	1.9691272482508893	4	4	0.13045653955236816	-9.006058103761116	4	4
pseudo_810	0.299128928643692	6.523727531167306	3	3	0.8136742924023634	-2.1235788670733515	3	3
pseudo_811	0.09140375952478061	7.529824634548521	3	3	0.09387533243717877	1.9627695383595818	3	3
pseudo_812	0.5292238970320959	5.707746781181565	6	6	0.109159061471597	-9.814494832361667	6	6
pseudo_813	0.09451177003002602	10.021369800270998	5	5	0.15934425469539115	-9.404499110529063	5	5
pseudo_814	0.33573587443236674	5.4893342367084825	2	2	0.8083052645788188	-3.3133510852235903	2	2
pseudo_815	0.14765894204018953	9.588109213612814	2	2	0.6897919665504586	-3.9172792344060015	2	2
pseudo_816	0.3037777124835368	-0.964070037009872	4	4	0.10474131936056386	1.7885037147873837	4	4
pseudo_817	0.8038029867205339	3.3260201124365607	3	3	0.8835194679006785	-5.09833476856732	3	3
pseudo_818	0.6401857719128591	3.363845959779946	4	4	0.49877888323756503	-2.1007102242448927	4	4
pseudo_819	0.57945131225895	2.1013670645422367	3	3	0.5117558022526043	-5.557842999259652	3	3
pseudo_82	0.19659070065683737	9.216467252752203	2	2	0.5059040354339592	0.7138372621323484	2	2
pseudo_820	0.11199429137745226	0.9355329081160558	4	4	0.7706978275165746	-2.495341628199497	4	4
pseudo_821	0.6554451728196959	6.404114541209921	5	5	0.7798651922232136	-5.558314897010496	5	5
pseudo_822	0.8817918357046438	3.2840020222411384	2	2	0.515965783472218	0.6282004852268669	2	2
pseudo_823	0.3111445466725553	6.576526657155273	3	3	0.6237892196071664	-5.311797043411652	3	3
pseudo_824	0.6800123752678305	2.3872992971594242	4	4	0.07389412137430693	-9.601604020377977	4	4
pseudo_825	0.9542826230594712	3.0436814350826165	3	3	0.7165392296445288	-5.20415173097055	3	3
pseudo_826	0.5399248999769672	5.655405245447096	5	5	0.2785178156795366	-6.898078100957561	5	5
pseudo_827	0.03771729688519145	-2.4663016583277595	8	8	0.8627775624236825	-9.664479908150467	8	8
pseudo_828	0.7013604458727786	0.3451201783714657	2	2	0.4860945394522699	-2.2974190207900795	2	2
pseudo_829	0.5786022143212335	-0.4323168336563903	4	4	0.23706813207896527	-1.0466176721963327	4	4
pseudo_83	0.9563109281246511	4.014162846209029	2	2	0.5891905343803715	-4.399130584611302	2	2
pseudo_830	0.4704769528294327	8.829448088504927	1	1	0.3017950616869052	1.539705111460239	1	1
pseudo_831	0.5079964178276415	10.69483971978525	5	5	0.579519979430906	-5.448823861768435	5	5
pseudo_832	0.7203813967520198	9.479014073115545	5	5	0.9726188566508682	-5.292797540425213	5	5
pseudo_833	0.6343372782173256	5.34104931079536	5	5	0.7351102165833914	-5.546314573676206	5	5
pseudo_834	0.4333307045735425	-0.6884685343277658	3	3	0.9340030000063576	-4.588237116141582	3	3
pseudo_835	0.8038029867205339	-0.2341506429089364	3	3	0.4040189157233782	-1.7756107290410252	3	3
pseudo_836	0.8734727362247308	3.178924879621546	3	3	0.8534416560581137	-3.3550972027816925	3	3
pseudo_837	0.053576065420034534	9.706225255064943	4	4	0.14808955189813447	-0.9382586912012684	4	4
pseudo_838	0.3489891632163473	10.271352008764072	5	5	0.6732480921840358	-5.640806841840209	5	5
pseudo_839	0.8571502120108423	3.7423435843426915	2	2	0.49594650928868533	-4.520633155310565	2	2
pseudo_84	0.6560004079214095	5.503111123885826	4	4	0.9649088961123923	-2.38772056476899	4	4
pseudo_840	0.7452807039210061	-0.19823523638071094	3	3	0.32347316096810497	1.0315442928516314	3	3
pseudo_841	0.27419145027085023	-1.1312317816510005	5	5	0.698482406160033	-5.546289902626042	5	5
pseudo_842	0.36420496581903994	9.18996636492893	4	4	0.6090473867849373	-4.681051292495018	4	4
pseudo_843	0.1839057835875434	11.042392258121145	5	5	0.9335668250864477	-4.352385889030538	5	5
pseudo_844	0.03138057160235238	-2.2310173437893486	2	2	0.71299770473379	0.43926002174157097	2	2
pseudo_845	0.42926620136317595	-0.7949323894892739	2	2	0.9937556408331882	-3.685428103776791	2	2
pseudo_846	0.42588978026204316	3.713939754964517	3	3	0.14818236212556973	1.2641227534883468	3	3
pseudo_847	0.578442322367537	0.2161800042677866	2	2	0.8817917447372052	-2.79515831050452	2	2
pseudo_848	0.22510546553035604	-1.2086960290945825	2	2	0.1912197326884093	-8.615603986625352	2	2
pseudo_849	0.8835195558663655	3.2225720794506425	3	3	0.2649603432619808	1.3345561628783182	3	3
pseudo_85	0.784147937674607	-0.3166684109800775	2	2	0.29792765823507306	1.229865476302978	2	2
pseudo_850	0.040244296197769196	-1.9330085468568068	4	4	0.28852521226785255	-1.2773472518099915	4	4
pseudo_851	0.7962022604994996	3.85276689844851	2	2	0.05518399104854512	-9.856788641755664	2	2
pseudo_852	0.5862496429511876	1.7368602763397867	5	5	0.6066517710346164	-2.0886025000588977	5	5
pseudo_853	0.3470239938122085	1.6825228101217462	4	4	0.01530055736933775	-9.760154402983824	4	4
pseudo_854	0.37004815460456886	4.184239296990579	4	4	0.22007034999938613	-0.7729358799184224	4	4
pseudo_855	0.6058777293488364	2.1538040685786424	3	3	0.18308299414901752	-6.412130788160156	3	3
pseudo_856	0.8080054670824672	9.385301640761883	7	7	0.14597906728276458	-9.809274121094079	7	7
pseudo_857	0.36103914533184156	10.092456214325487	9	9	0.13595526339781677	-4.207938338200057	9	9
pseudo_858	0.11271218561602217	9.329953306676119	3	3	0.9137661536782785	-0.41129949526654125	3	3
pseudo_859	0.477087451670279	2.1591754288791853	5	5	0.5529714691820806	-4.955532649098363	5	5
pseudo_86	0.1585110165344632	-1.9558803179083029	1	1	0.21778176625108836	1.8672719609222903	1	1
pseudo_860	0.8906497557151821	5.598330724306787	4	4	0.578601930837772	-6.255699042286015	4	4
pseudo_861	0.38792446776510914	6.471250268495513	4	4	0.2835579042677202	1.5230647201938445	4	4
pseudo_862	0.6984826161813684	2.4421785716999227	5	5	0.7798651922232136	-5.103856418953235	5	5
pseudo_863	0.7721451858018434	0.2605592836801298	2	2	0.42018460239164224	-2.0151084141692843	2	2
pseudo_864	0.8694551766287135	3.9617871757821854	2	2	0.3516877500508625	1.0144724360461232	2	2
pseudo_865	0.8301789638339876	3.554543206214911	4	4	0.4780712835786858	-1.4494616888971057	4	4
pseudo_866	0.8434605355811484	0.37391937430156413	3	3	0.6788387891955578	-5.0132282090489015	3	3
pseudo_867	0.9644343470292127	3.483208344552232	3	3	0.9847534425778272	-4.399925344075876	3	3
pseudo_868	0.8734727362247308	2.388085731476006	3	3	0.9644343199950572	-2.534224772777153	3	3
pseudo_869	0.20493308811638522	6.461159832332437	3	3	0.7260775723278972	-2.394533738368786	3	3
pseudo_87	0.8473702169655161	3.124238776664557	4	4	0.4032151442169992	-8.41067282140651	4	4
pseudo_870	0.04108781557908721	11.140472951965808	2	2	0.40236444150163575	-7.781262898005531	2	2
pseudo_871	0.1659789442369134	9.566921452385108	2	2	0.9687858517289359	-3.723589383337833	2	2
pseudo_872	0.44776696375521363	-0.7833350562044075	2	2	0.8083052645788188	-4.145183792983366	2	2
pseudo_873	0.3990137547400101	5.310680451950087	6	6	0.614088671611417	-2.1008168088875903	6	6
pseudo_874	0.3898197186655634	5.886154084022796	3	3	0.3425573012392241	-5.796795870231006	3	3
pseudo_875	0.22373283946602662	-0.980033310637929	3	3	0.195975614051205	-6.252368504438299	3	3
pseudo_876	0.38283519497378626	6.28684723846316	3	3	0.5535783749391339	-5.581428819136675	3	3
pseudo_877	0.1174561437439979	-2.3120017869199447	1	1	0.4436070770871666	-8.63422301109906	1	1
pseudo_878	0.660279640669321	2.35965008721603	3	3	0.2816930859565683	-6.080113822808268	3	3
pseudo_879	0.9937556456740251	4.663917579140173	2	2	0.9065483514213344	-3.5577115466484854	2	2
pseudo_88	0.7130552275541522	9.448232381449127	5	5	0.2532479301783257	-6.280949242001436	5	5
pseudo_880	0.35269277636817786	1.762977077645005	4	4	0.7706978275165746	-5.685376909788006	4	4
pseudo_881	0.7446124017360399	6.295403887801792	6	6	0.0735499081715848	-1.021881571928617	6	6
pseudo_882	0.6695343327503589	5.691847388566724	3	3	0.6419262293545441	-2.9296927760074603	3	3
pseudo_883	0.8045462507672113	5.733599707667003	4	4	0.7623008092924886	-4.936014389379746	4	4
pseudo_884	0.0938755823281384	-1.4879680397071529	3	3	0.44084592595561156	-5.808911256873877	3	3
pseudo_885	0.23273449649527655	6.83608234174982	4	4	0.7125360424274507	-1.6619207383414103	4	4
pseudo_886	0.5707642710535605	6.119029286377201	3	3	0.47952552983652497	-5.501061793878633	3	3
pseudo_887	0.5450819753359017	5.894449576713214	3	3	0.833504727857697	-2.4917607834624116	3	3
pseudo_888	0.5343239706450643	2.5227676356389424	4	4	0.8473701044480968	-2.398499792116564	4	4
pseudo_889	0.0306784796934223	-1.976146971111853	4	4	0.17436090697486117	-8.79148932201141	4	4
pseudo_89	0.9949175431024609	2.8480578563224133	3	3	0.8835194679006785	-4.806233767942518	3	3
pseudo_890	0.1632457683133075	10.953856834207542	8	8	0.36673480419311877	-4.517724782974901	8	8
pseudo_891	0.6881938424817546	6.0011227730294365	3	3	0.5282848737890815	-3.2703918936487693	3	3
pseudo_892	0.24357142957089084	-1.124621556279263	2	2	0.3516877500508625	-5.078720582216552	2	2
pseudo_893	0.4531209444221952	6.178228980923779	5	5	0.15934425469539115	-9.129233504880746	5	5
pseudo_894	0.6273657987231103	6.452364103342347	5	5	0.2962875883594869	-1.0804016638934029	5	5
pseudo_895	0.3939982784077606	-0.0523904553442609	4	4	0.5271137465837036	-1.304714517252465	4	4
pseudo_896	0.466712623660712	4.689451845255653	2	2	0.438460137698387	0.19241774998679428	2	2
pseudo_897	0.13775580316483152	6.74102530342313	3	3	0.5117558022526043	-2.053326797385592	3	3
pseudo_898	0.42588978026204316	1.9973850326826053	3	3	0.8634461759711842	-2.7175016184537415	3	3
pseudo_899	0.7601967119093626	3.72493202075976	2	2	0.820454471184068	0.28761565186516413	2	2
pseudo_9	0.3249327882439551	-0.9813885324141177	4	4	0.43810362203912545	-8.88899869516654	4	4
pseudo_90	0.9167833751981491	2.7178018125370573	4	4	0.9956122256555455	-5.330533753926616	4	4
pseudo_900	0.1622715131032979	10.799848562233114	5	5	0.3908384545852861	-3.968995563918753	5	5
pseudo_901	0.1708155310083176	-1.449525889323688	2	2	0.9812684522369975	-3.5165757622269425	2	2
pseudo_902	0.6204274285432665	9.982805754868343	5	5	0.7949555274666122	-3.4736132849397627	5	5
pseudo_903	0.35841980086087233	7.073226994582413	4	4	0.978063781893697	-5.258369047592663	4	4
pseudo_904	0.9812684667559504	0.017956373739538734	2	2	0.22510510600633526	1.1828255952646574	2	2
pseudo_905	0.8984038652388713	9.859903282213375	7	7	0.384828430286438	-8.99190431679042	7	7
pseudo_906	0.2489258067711232	6.214713122042618	3	3	0.15178878326619466	1.1636032272090588	3	3
pseudo_907	0.477087451670279	2.0156955217267605	5	5	0.407287024406925	-9.587296499329135	5	5
pseudo_908	0.9949175431024609	2.7115471486941556	3	3	0.9036678300309984	-2.656849660287766	3	3
pseudo_909	0.27167667748959157	9.671313378486465	1	1	0.4176362684243977	1.1219373770521943	1	1
pseudo_91	0.16124609538461931	9.38701404957249	2	2	0.1476586280574255	-8.686501717913284	2	2
pseudo_910	0.9882633519326851	5.3853691401107895	5	5	0.9257725544694854	-5.9478930339059914	5	5
pseudo_911	0.8483429822981854	6.14200820456657	5	5	0.8483428725634992	-5.009362544817898	5	5
pseudo_912	0.9102061742613444	5.946689017013385	5	5	0.04704625999008782	-10.002274062699682	5	5
pseudo_913	0.23071270399405186	10.87664322545784	7	7	0.4411891525909397	-8.106944903160572	7	7
pseudo_914	0.3765005208377059	-0.910896712804254	2	2	0.21336358857646465	1.2634270818015383	2	2
pseudo_915	0.05140085464946663	10.56469288542925	7	7	0.7573988072494231	-5.751547269403006	7	7
pseudo_916	0.13327686761269103	-1.2889714313508858	4	4	0.18873528571028442	-8.862824192275093	4	4
pseudo_917	0.5677868989864119	4.526151024906479	2	2	0.17081519937902723	1.5084537664827484	2	2
pseudo_918	0.36420496581903994	1.586262329909535	4	4	0.4001289468498347	-5.951920808236205	4	4
pseudo_919	0.18716310867839026	8.984049189451857	5	5	0.1971901216940819	1.9034499687089805	5	5
pseudo_92	0.23358207522488517	-1.0017893842751715	3	3	0.2932384297494359	-6.099819360181016	3	3
pseudo_920	0.0960213126558765	1.0086387790994866	6	6	0.07646865984551215	-9.483484559670098	6	6
pseudo_921	0.19659070065683737	6.007916922649843	2	2	0.6668739356425906	0.4214207394046708	2	2
pseudo_922	0.278518167738273	1.8568634369823052	5	5	0.10045653159115399	-9.841039431306063	5	5
pseudo_923	0.2189211489243702	-1.0196567175444926	3	3	0.9238784183842361	-2.3758787010108136	3	3
pseudo_924	0.0330326613093818	-2.0978791883962864	8	8	0.10587615561300252	-9.60521279794202	8	8
pseudo_925	0.8993491979100128	5.662164029881764	4	4	0.5636522749793662	-5.914431323663055	4	4
pseudo_926	0.08945319474572257	10.053875194460023	2	2	0.8694550763317828	0.2464255265222055	2	2
pseudo_927	0.4244293306378094	2.1972913790864976	6	6	0.711102933886864	-9.233782527288634	6	6
pseudo_928	0.26900467729959276	-1.136902211634694	4	4	0.5975457281307592	-8.806419512579561	4	4
pseudo_929	0.08173417330285708	-1.7561380028334987	5	5	0.7425118139699247	-5.062466392522289	5	5
pseudo_93	0.6880905542257846	6.627266977209618	4	4	0.8002932543246339	-5.541470822768274	4	4
pseudo_930	0.1157026784362022	-1.594121663554958	2	2	0.0682261719869611	-9.501448388776609	2	2
pseudo_931	0.47952586403811104	3.4348491352156447	3	3	0.9238784183842361	-2.4145459458288134	3	3
pseudo_932	0.8083054102970643	4.218253699526371	2	2	0.820454471184068	-4.217497793911939	2	2
pseudo_933	0.5970090484899082	3.4178870910473336	3	3	0.195975614051205	-8.069782146588166	3	3
pseudo_934	0.12474455156834924	6.941553536622358	3	3	0.8136742924023634	-5.099269735896371	3	3
pseudo_935	0.7623009813579934	3.3593557003142034	4	4	0.5128443487899497	-1.017347925765417	4	4
pseudo_936	0.4955081477842256	3.4027806963588687	5	5	0.41847853393510914	-1.3197001755588447	5	5
pseudo_937	0.43846049268631504	-0.7650421404871102	2	2	0.42018460239164224	0.8392895602266301	2	2
pseudo_938	0.7573861963449914	2.4665828843580093	5	5	0.1564574208459501	-1.7265872583883173	5	5
pseudo_939	0.7013604458727786	-0.24907722861103077	2	2	0.1912197326884093	-8.94930084668269	2	2
pseudo_94	0.25497368356893624	9.496947468893367	4	4	0.39399792542305734	0.8149356486827859	4	4
pseudo_940	0.25959323588795846	8.338484970539941	4	4	0.20396519261579682	-0.16113272456461689	4	4
pseudo_941	0.1566158939295903	-1.4708875725106578	2	2	0.09551726657435788	-9.378180642467914	2	2
pseudo_942	0.9438466727424188	4.016238895141947	2	2	0.438460137698387	-4.606965795921612	2	2
pseudo_943	0.671970758134422	3.014527778051417	4	4	0.9868372077283507	-4.479526856973565	4	4
pseudo_944	0.7452810779709649	-0.2207162676448755	3	3	0.5794510238060537	-5.390478090856919	3	3
pseudo_945	0.6668741783389699	0.29523075644050545	2	2	0.9687858517289359	-3.4224614832588385	2	2
pseudo_946	0.32347426508380983	6.200397185636208	3	3	0.1446417683108256	1.1576744865734452	3	3
pseudo_947	0.37594923530198443	6.230732568750373	4	4	0.35841944213245436	-8.329410374831966	4	4
pseudo_948	0.3111445466725553	-0.3451644797796929	3	3	0.597008769476381	-5.125907230313732	3	3
pseudo_949	0.5020041606621458	9.7502227055192	7	7	0.7889207565433625	-9.026410953150368	7	7
pseudo_95	0.6560004079214095	5.63642964535967	4	4	0.4918238200917766	-5.70606417096809	4	4
pseudo_950	0.8734727362247308	5.227075023100376	3	3	0.8434606531092605	-2.5187891219999394	3	3
pseudo_951	0.4241418501163027	1.8187469593082959	5	5	0.11102336285197147	-10.086024662892216	5	5
pseudo_952	0.843460770637108	5.575282063599896	3	3	0.2932384297494359	0.8920874147967816	3	3
pseudo_953	0.21841326222082824	2.204887020459127	5	5	0.020377735006600693	-9.681801888807357	5	5
pseudo_954	0.4185239548048252	2.1237764457378177	3	3	0.20493274362919034	-6.18864908599145	3	3
pseudo_955	0.9956122289303828	3.0039042999484944	4	4	0.6323384939646746	-1.9414149283917699	4	4
pseudo_956	0.38010066304528634	8.021738255410089	5	5	0.4831853862642045	-9.380100443866661	5	5
pseudo_957	0.09805319533322185	-2.4350636961166447	1	1	0.09805292985944149	-10.342806063827725	1	1
pseudo_958	0.16688546188882625	-1.1736796253117614	3	3	0.025361138801705634	-9.609992424177978	3	3
pseudo_959	0.15080329523833705	10.301269743097379	5	5	0.8714533276317544	-5.500184007632579	5	5
pseudo_96	0.8694551766287135	3.924880647756945	2	2	0.9189623325536505	-3.7937791495370314	2	2
pseudo_960	0.167488111674994	1.0447064975119487	4	4	0.31423781999485834	-2.110422399176933	4	4
pseudo_961	0.9036679029464081	2.584287749367766	3	3	0.022961369756463672	-9.705011936981162	3	3
pseudo_962	0.2614878428774643	6.917784522946591	5	5	0.12244883949348409	-0.9542381322713963	5	5
pseudo_963	0.9847534541733001	0.0439815567458807	3	3	0.7549431055524083	-4.971187597084861	3	3
pseudo_964	0.7962022604994996	4.099276203366981	2	2	0.8571501024574661	-3.8332045712540896	2	2
pseudo_965	0.9569849297046433	5.990263128232589	5	5	0.4531206135242414	0.636901664458377	5	5
pseudo_966	0.6782959887179232	5.408647832754371	2	2	0.7129981300215451	0.3195376923061054	2	2
pseudo_967	0.7452810779709649	-0.3667129759501731	3	3	0.4484356587967735	-1.8598495651555556	3	3
pseudo_968	0.9644343470292127	2.6419273244946697	3	3	0.8136742924023634	-2.227913692390015	3	3
pseudo_969	0.6800123752678305	-0.5578870953328524	4	4	0.737280732798394	-5.873995935973116	4	4
pseudo_97	0.4144449236477481	10.05857584606859	10	10	0.10628449279075462	-9.840569348776354	10	10
pseudo_970	0.20207097989021616	-1.8722795338498237	2	2	0.19659035366481614	-8.9115391044778	2	2
pseudo_971	0.7452810779709649	5.643669648662254	3	3	0.6148046294909981	-3.1905563916527218	3	3
pseudo_972	0.7717759396798963	6.549438761217945	6	6	0.31968543763380597	-9.356992064688727	6	6
pseudo_973	0.12474455156834924	7.085690255841894	3	3	0.7939625816185074	-4.623087501329983	3	3
pseudo_974	0.9507383188985108	9.42985687434369	7	7	0.16766479466242434	-9.327653753739964	7	7
pseudo_975	0.25278041349522384	-1.5946373240961407	1	1	0.2016514739373909	-9.50237969180722	1	1
pseudo_976	0.8083054102970643	0.2426637240918339	2	2	0.07825528073950114	2.143569438991461	2	2
pseudo_977	0.41329634771151413	9.779985625118455	8	8	0.9724242931446309	-9.641536252663546	8	8
pseudo_978	0.7791219672993955	3.2490343225565677	4	4	0.1778754559650495	-0.3193961821783821	4	4
pseudo_979	0.006696194508621525	-2.2099962852187325	5	5	0.2873099956838695	-7.6944861844939	5	5
pseudo_98	0.4484360039565284	1.8199356833075384	3	3	0.41852360085902807	-5.553682412090436	3	3
pseudo_980	0.9238784761080852	3.119409445806984	3	3	0.2816930859565683	-1.3346217444115407	3	3
pseudo_981	0.6237894835418731	5.966878954818455	3	3	0.6419262293545441	-5.4949557863115395	3	3
pseudo_982	0.17751740944311334	-1.4628691366524411	5	5	0.10458283767832273	-9.704268130715391	5	5
pseudo_983	0.9167833751981491	2.300348952944283	4	4	0.18506230383029565	1.2039488768540896	4	4
pseudo_984	0.8634462788170921	2.4255109296360597	3	3	0.7452808909461914	-3.1295165797710975	3	3
pseudo_985	0.05090905896839894	10.456449306733516	4	4	0.3879241135834779	-1.4543377720027248	4	4
pseudo_986	0.22007069429458026	10.421861116802488	4	4	0.34702363392464297	-8.365265201511251	4	4
pseudo_987	0.7165394359421664	5.791976678708906	3	3	0.8734726407958983	-2.6707318697225	3	3
pseudo_988	0.07389433687099314	10.829059471317299	4	4	0.7706978275165746	0.22480272838524973	4	4
pseudo_989	0.5861462667400477	6.391649212935924	4	4	0.37004779740958493	-5.822379984328051	4	4
pseudo_99	0.1912200768169372	9.530026960020454	2	2	0.515965783472218	-4.407259369780446	2	2
pseudo_990	0.8025300938398481	6.053459317328634	5	5	0.8025299521917185	-8.43028489098986	5	5
pseudo_991	0.20396553020359753	-1.0679271635861103	4	4	0.43810362203912545	-8.548521661452988	4	4
pseudo_992	0.600030558209957	4.672590563452495	2	2	0.30895812520673605	-8.449157378085276	2	2
pseudo_993	0.04132701701621358	1.050847836387739	4	4	0.2935508451868195	-6.306530501392952	4	4
pseudo_994	0.07568867525132784	10.292286177234205	4	4	0.34141317928544646	-2.055008104447975	4	4
pseudo_995	0.05682981141469835	-1.608221188578143	3	3	0.8634461759711842	-2.35272536883055	3	3
pseudo_996	0.2690053919759029	9.985738366339003	4	4	0.35841944213245436	-6.696817688646342	4	4
pseudo_997	0.7962022604994996	1.04053937240784	2	2	0.038084026126982064	2.875801386994076	2	2
pseudo_998	0.15719619821811107	9.616488614801952	6	6	0.8269186099788302	-5.6350223605162055	6	6
pseudo_999	0.355671732082395	6.76486743524005	3	3	0.8835194679006785	-2.631237917959991	3	3
