	Diff	Lower	Upper
	Rep1	Rep1	Rep1
	/projects/health_sciences/bms/biochemistry/hughes_lab/AlixGibson/Final_ScreenProcessing/ScreenProcessing/R2/step1/output/count_files/21062D-07-04_S105_L006_R2_001_CRISPRi_v2_human.trim_1_39_reverse.fa_h1_top5_Diff20.counts	/projects/health_sciences/bms/biochemistry/hughes_lab/AlixGibson/Final_ScreenProcessing/ScreenProcessing/R2/step1/output/count_files/21062D-07-02_S103_L006_R2_001_CRISPRi_v2_human.trim_1_39_reverse.fa_h1_top5_Diff20.counts	/projects/health_sciences/bms/biochemistry/hughes_lab/AlixGibson/Final_ScreenProcessing/ScreenProcessing/R2/step1/output/count_files/21062D-07-01_S102_L006_R2_001_CRISPRi_v2_human.trim_1_39_reverse.fa_h1_top5_Diff20.counts
sgId			
AADACL2_+_151451732.23-P1P2	0	0	0
AADACL2_+_151451926.23-P1P2	0	0	0
AADACL2_+_151452121.23-P1P2	0	0	0
AADACL2_-_151451828.23-P1P2	1214	2	3
AADACL2_-_151451961.23-P1P2	0	0	0
AADAT_+_171010904.23-P1P2	1974	2054	5
AADAT_+_171010929.23-P1P2	827	1	3
AADAT_+_171011392.23-P1P2	2221	0	2391
AADAT_-_171011321.23-P1P2	0	0	0
AADAT_-_171011368.23-P1P2	7631	1699	469
AAK1_+_69870290.23-P1P2	2045	2727	2495
AAK1_+_69870701.23-P1P2	2995	8	5538
AAK1_-_69870541.23-P1P2	2556	4	1090
AAK1_-_69870791.23-P1P2	2154	6	2955
AAK1_-_69870794.23-P1P2	1591	1	0
AANAT_+_74463718.23-P1P2	0	0	0
AANAT_+_74463735.23-P1P2	0	0	0
AANAT_+_74464088.23-P1P2	1768	1	1
AANAT_-_74464175.23-P1P2	1502	6	3968
AANAT_-_74464185.23-P1P2	0	0	0
AARS2_+_44280650.23-P1P2	1476	2297	2159
AARS2_+_44281006.23-P1P2	0	0	0
AARS2_+_44281027.23-P1P2	0	0	0
AARS2_+_44281044.23-P1P2	0	0	0
AARS2_+_44281056.23-P1P2	0	0	0
AARS_+_70323318.23-P1P2	0	0	0
AARS_+_70323322.23-P1P2	0	0	0
AARS_+_70323353.23-P1P2	0	0	0
AARS_+_70323362.23-P1P2	0	0	0
AARS_-_70323332.23-P1P2	0	0	0
AASS_+_121784000.23-P1P2	0	0	0
AASS_+_121784219.23-P1P2	1484	4474	2336
AASS_+_121784247.23-P1P2	0	0	0
AASS_-_121784277.23-P1P2	465	2	2066
AASS_-_121784328.23-P1P2	1217	0	0
AATK_+_79139571.23-ENST00000326724.4	1436	0	0
AATK_+_79139589.23-ENST00000326724.4	0	0	0
AATK_+_79139592.23-ENST00000326724.4	5651	7	1709
AATK_-_79139586.23-ENST00000326724.4	0	0	0
AATK_-_79139956.23-ENST00000326724.4	340	1	1
ABAT_+_8768492.23-P1	2075	5985	1110
ABAT_+_8768682.23-P1	1585	0	0
ABAT_+_8807445.23-P2	1209	1655	4149
ABAT_+_8807450.23-P2	7032	2	3
ABAT_+_8807464.23-P2	3998	0	0
ABAT_+_8807492.23-P2	0	0	0
ABAT_+_8807696.23-P2	1956	2	3454
ABAT_-_8768504.23-P1	2045	0	1055
ABAT_-_8768523.23-P1	791	1362	4103
ABAT_-_8768533.23-P1	1283	0	2651
ABCC2_+_101542515.23-P1P2	0	0	0
ABCC2_+_101542910.23-P1P2	0	0	0
ABCC2_+_101542914.23-P1P2	0	0	0
ABCC2_+_101542981.23-P1P2	1436	3	1517
ABCC2_-_101542808.23-P1P2	0	0	0
ABCC8_+_17497953.23-P1P2	1309	9179	10
ABCC8_+_17498387.23-P1P2	1978	3	1453
ABCC8_-_17497979.23-P1P2	588	2	1637
ABCC8_-_17497997.23-P1P2	843	0	333
ABCC8_-_17498220.23-P1P2	0	0	0
ABCC9_+_22093672.23-P1P2	1551	5	2871
ABCC9_+_22093678.23-P1P2	0	0	0
ABCC9_+_22093937.23-P1P2	0	0	0
ABCC9_+_22093941.23-P1P2	1243	2	857
ABCC9_+_22094309.23-P1P2	0	0	0
ABCE1_+_146019317.23-P1P2	0	0	0
ABCE1_+_146019463.23-P1P2	1160	0	0
ABCE1_+_146019842.23-P1P2	456	1	2078
ABCE1_-_146019502.23-P1P2	0	0	0
ABCE1_-_146019516.23-P1P2	0	0	0
ABCG1_+_43639544.23-P1P2	3995	3	5004
ABCG1_+_43639681.23-P1P2	0	0	0
ABCG1_-_43639282.23-P1P2	4918	2448	5817
ABCG1_-_43639541.23-P1P2	3132	3089	3112
ABCG1_-_43639626.23-P1P2	0	0	0
ABL1_+_133589617.23-ENST00000372348.2	807	0	1
ABL1_+_133589629.23-ENST00000372348.2	0	0	0
ABL1_+_133589636.23-ENST00000372348.2	1501	0	1623
ABL1_-_133589228.23-ENST00000372348.2	853	2505	2
ABL1_-_133589268.23-ENST00000372348.2	1339	4630	3
ABL2_+_179112168.23-P1	1518	589	0
ABL2_+_179112186.23-P1	0	0	0
ABL2_+_179198340.23-P2	3215	3	956
ABL2_+_179198398.23-P2	1272	1	1865
ABL2_+_179198565.23-P2	1514	1	3225
ABL2_+_179198740.23-P2	1354	3	4
ABL2_-_179112151.23-P1	0	0	0
ABL2_-_179112154.23-P1	0	0	0
ABL2_-_179112158.23-P1	1594	1	1989
ABL2_-_179198834.23-P2	1788	0	1516
ABO_+_136150190.23-P1	1446	2188	1687
ABO_+_136150601.23-P1	1424	8763	7693
ABO_-_136130692.23-P2	4901	7608	1691
ABO_-_136130921.23-P2	1495	2	1934
ABO_-_136130955.23-P2	1560	3	0
ABO_-_136130959.23-P2	0	0	0
ABO_-_136130966.23-P2	0	0	0
ABO_-_136150219.23-P1	0	0	0
ABO_-_136150600.23-P1	820	3459	3204
ABO_-_136150606.23-P1	1515	0	1033
ACACA_+_35715534.23-P1P2	3337	4731	3
ACACA_+_35715655.23-P1P2	0	0	0
ACACA_-_35715847.23-P1P2	0	0	0
ACACA_-_35715992.23-P1P2	0	0	0
ACACA_-_35716002.23-P1P2	0	0	0
ACACB_+_109569160.23-P1	0	0	0
ACACB_+_109569170.23-P1	5923	3	1559
ACACB_+_109592574.23-P2	1324	1	3
ACACB_+_109592655.23-P2	0	0	0
ACACB_+_109592908.23-P2	0	0	0
ACACB_-_109569178.23-P1	423	0	2
ACACB_-_109569231.23-P1	1602	1	1
ACACB_-_109569639.23-P1	2207	6334	0
ACACB_-_109592496.23-P2	1562	1	752
ACACB_-_109592519.23-P2	838	0	1
ACAD8_+_134123511.23-P1P2	3640	2	1928
ACAD8_-_134123448.23-P1P2	1056	0	1364
ACAD8_-_134123455.23-P1P2	1131	2	1
ACAD8_-_134123502.23-P1P2	0	0	0
ACAD8_-_134123507.23-P1P2	0	0	0
ACADSB_+_124768874.23-P1P2	1379	4848	2010
ACADSB_+_124768891.23-P1P2	0	0	0
ACADSB_+_124768941.23-P1P2	1247	2634	1
ACADSB_+_124768944.23-P1P2	0	0	0
ACADSB_-_124768552.23-P1P2	2157	11384	4
ACADS_+_121163685.23-P1P2	5456	20630	7
ACADS_+_121164090.23-P1P2	0	0	0
ACADS_-_121163653.23-P1P2	2643	4113	4818
ACADS_-_121163657.23-P1P2	1281	3390	1914
ACADS_-_121163671.23-P1P2	26	11375	5402
ACAN_+_89347139.23-P1P2	545	1	0
ACAN_+_89347148.23-P1P2	0	0	0
ACAN_+_89347151.23-P1P2	0	0	0
ACAN_-_89346701.23-P1P2	0	0	0
ACAN_-_89347101.23-P1P2	1440	3	3557
ACAT1_+_107992288.23-P1P2	0	0	0
ACAT1_+_107992310.23-P1P2	1670	9	5774
ACAT1_+_107992321.23-P1P2	2521	3	3
ACAT1_-_107992364.23-P1P2	1248	0	3435
ACAT1_-_107992733.23-P1P2	3241	4912	4266
ACAT2_+_160183436.23-P1P2	0	0	0
ACAT2_+_160183505.23-P1P2	2934	2	1
ACAT2_-_160183054.23-P1P2	0	0	0
ACAT2_-_160183095.23-P1P2	1347	1	1
ACAT2_-_160183174.23-P1P2	917	0	883
ACCS_+_44087946.23-P1P2	645	1	3956
ACCS_+_44088028.23-P1P2	663	2	0
ACCS_+_44088091.23-P1P2	4621	5696	3560
ACCS_+_44088215.23-P1P2	0	0	0
ACCS_-_44088090.23-P1P2	1089	4507	3
ACE2_+_15619016.23-P1P2	0	0	0
ACE2_+_15619087.23-P1P2	1035	1	1
ACE2_-_15618594.23-P1P2	0	0	0
ACE2_-_15618975.23-P1P2	0	0	0
ACE2_-_15619013.23-P1P2	3171	1	2
ACE_+_61554448.23-P1	3285	4	1676
ACE_+_61554829.23-P1	5467	2227	1407
ACE_+_61562272.23-P2	1504	1	1318
ACE_+_61562293.23-P2	0	0	0
ACE_-_61554428.23-P1	1980	4	2287
ACE_-_61554458.23-P1	5654	5	5355
ACE_-_61554461.23-P1	2804	4326	4775
ACE_-_61562238.23-P2	6276	2	0
ACE_-_61562443.23-P2	4456	2	2
ACE_-_61562661.23-P2	0	0	0
ACHE_+_100493456.23-P1	2090	7246	10507
ACHE_+_100493473.23-P1	1009	0	0
ACHE_+_100494559.23-P2	1691	2318	3
ACHE_+_100494570.23-P2	3551	2666	86
ACHE_-_100493122.23-P1	0	0	0
ACHE_-_100493427.23-P1	0	0	0
ACHE_-_100493486.23-P1	1588	3	568
ACHE_-_100494233.23-P2	2998	2	2
ACHE_-_100494236.23-P2	1055	3	2323
ACHE_-_100494578.23-P2	2502	7	5274
ACOT13_+_24667341.23-P1P2	3809	5812	4
ACOT13_-_24667329.23-P1P2	1944	4043	1655
ACOT13_-_24667371.23-P1P2	1360	0	1
ACOT13_-_24667386.23-P1P2	0	0	0
ACOT13_-_24667473.23-P1P2	2822	2721	3107
ACOX1_+_73975227.23-P1P2	0	0	0
ACOX1_-_73975169.23-P1P2	2380	8492	2064
ACOX1_-_73975193.23-P1P2	3308	2	3
ACOX1_-_73975196.23-P1P2	1260	1	3
ACOX1_-_73975245.23-P1P2	3568	4316	4
ACP1_+_264980.23-P1P2	3719	3	1217
ACP1_+_265303.23-P1P2	0	0	0
ACP1_-_264967.23-P1P2	868	4066	3225
ACP1_-_264970.23-P1P2	0	0	0
ACP1_-_265107.23-P1P2	3213	2436	3
ACP2_+_47270320.23-P1P2	0	0	0
ACP2_+_47270332.23-P1P2	0	0	0
ACP2_-_47269915.23-P1P2	2968	1	1812
ACP2_-_47269958.23-P1P2	1268	0	0
ACP2_-_47270385.23-P1P2	0	0	0
ACP5_+_11688472.23-P1	1702	0	762
ACP5_-_11688086.23-P1	1293	2	1221
ACP5_-_11688414.23-P1	3022	4995	2901
ACP5_-_11688437.23-P1	801	3006	3160
ACP5_-_11688455.23-P1	982	4755	3
ACP5_-_11689356.23-P2	0	0	0
ACP5_-_11689724.23-P2	2154	4	3602
ACP5_-_11689727.23-P2	2775	6	2993
ACP5_-_11689744.23-P2	0	0	0
ACP5_-_11689771.23-P2	2618	1	1420
ACP6_+_147141956.23-P1P2	3941	5283	1126
ACP6_+_147142159.23-P1P2	0	0	0
ACP6_-_147142348.23-P1P2	1819	1407	0
ACP6_-_147142356.23-P1P2	2604	5137	2900
ACP6_-_147142393.23-P1P2	2157	4915	2045
ACPP_+_132036268.23-P1P2	0	0	0
ACPP_+_132036293.23-P1P2	1254	1	1
ACPP_+_132036338.23-P1P2	0	0	0
ACPP_+_132036504.23-P1P2	1571	0	1242
ACPP_+_132036703.23-P1P2	1545	1	1
ACPT_+_51293697.23-ENST00000270593.1	2914	6190	1842
ACPT_+_51293761.23-ENST00000270593.1	0	0	0
ACPT_+_51294074.23-ENST00000270593.1	0	0	0
ACPT_-_51293910.23-ENST00000270593.1	0	0	0
ACPT_-_51294122.23-ENST00000270593.1	0	0	0
ACSL1_+_185746700.23-P1P2	1581	1	0
ACSL1_+_185747071.23-P1P2	1535	4	0
ACSL1_+_185747074.23-P1P2	2261	1	3
ACSL1_+_185747085.23-P1P2	0	0	0
ACSL1_-_185746686.23-P1P2	881	6	4650
ACSL3_+_223725692.23-P1P2	0	0	0
ACSL3_+_223726215.23-P1P2	1294	1	1
ACSL3_-_223725802.23-P1P2	812	0	1
ACSL3_-_223725834.23-P1P2	1592	2	3
ACSL3_-_223726162.23-P1P2	5486	2235	2301
ACSL4_+_108976382.23-P1P2	1132	2783	3
ACSL4_-_108976096.23-P1P2	0	0	0
ACSL4_-_108976106.23-P1P2	0	0	0
ACSL4_-_108976456.23-P1P2	1220	0	2450
ACSL4_-_108976463.23-P1P2	6881	3584	916
ACSS2_+_33464457.23-P1P2	1412	2	3329
ACSS2_-_33464420.23-P1P2	6872	4	1186
ACSS2_-_33464423.23-P1P2	0	0	0
ACSS2_-_33464453.23-P1P2	0	0	0
ACSS2_-_33464808.23-P1P2	0	0	0
ACTA1_+_229568301.23-P2	4690	5	3658
ACTA1_+_229569744.23-P1	0	0	0
ACTA1_-_229568328.23-P2	0	0	0
ACTA1_-_229568723.23-P2	1545	2566	0
ACTA1_-_229568745.23-P2	965	2415	4360
ACTA1_-_229568779.23-P2	2704	1	2
ACTA1_-_229569627.23-P1	1025	0	0
ACTA1_-_229569754.23-P1	0	0	0
ACTA1_-_229569824.23-P1	0	0	0
ACTA1_-_229569839.23-P1	6084	2	3
ACTR2_+_65455294.23-P1P2	4061	0	0
ACTR2_+_65455348.23-P1P2	0	0	0
ACTR2_-_65454953.23-P1P2	0	0	0
ACTR2_-_65454971.23-P1P2	0	0	0
ACTR2_-_65455345.23-P1P2	0	0	0
ACVR1B_+_52345561.23-P1P2	0	0	0
ACVR1B_+_52345897.23-P1P2	0	0	0
ACVR1B_+_52345907.23-P1P2	2432	3	2
ACVR1B_-_52345530.23-P1P2	0	0	0
ACVR1B_-_52345917.23-P1P2	2498	5726	4
ACVR1C_+_158484889.23-P1P2	0	0	0
ACVR1C_+_158484901.23-P1P2	1210	3	2971
ACVR1C_+_158484938.23-P1P2	4621	4	5
ACVR1C_+_158485339.23-P1P2	0	0	0
ACVR1C_-_158485307.23-P1P2	0	0	0
ACVR1_+_158732079.23-P1P2	0	0	0
ACVR1_+_158732198.23-P1P2	4321	3	1
ACVR1_+_158732232.23-P1P2	0	0	0
ACVR1_+_158732258.23-P1P2	0	0	0
ACVR1_-_158732511.23-P1P2	600	2	2799
ACVR2A_+_148602294.23-P1P2	0	0	0
ACVR2A_+_148602343.23-P1P2	0	0	0
ACVR2A_+_148602346.23-P1P2	1513	1	2
ACVR2A_-_148602102.23-P1P2	1672	2	5035
ACVR2A_-_148602669.23-P1P2	1275	1	0
ACVR2B_+_38495339.23-P1P2	0	0	0
ACVR2B_+_38495450.23-P1P2	4679	3	1865
ACVR2B_+_38495606.23-P1P2	3340	4932	1705
ACVR2B_+_38495842.23-P1P2	1084	5051	3676
ACVR2B_-_38495819.23-P1P2	0	0	0
ACVRL1_+_52300726.23-P1P2	0	0	0
ACVRL1_+_52300742.23-P1P2	0	0	0
ACVRL1_+_52300819.23-P1P2	1546	2	3
ACVRL1_-_52300776.23-P1P2	0	0	0
ACVRL1_-_52301119.23-P1P2	0	0	0
ACY1_+_52017535.23-P1P2	908	0	1737
ACY1_+_52017980.23-P1P2	4159	3979	2403
ACY1_-_52017547.23-P1P2	2882	9035	6
ACY1_-_52017921.23-P1P2	0	0	0
ACY1_-_52017938.23-P1P2	0	0	0
ACY3_+_67414985.23-P2	3077	0	0
ACY3_+_67415013.23-P2	1116	0	1
ACY3_+_67417722.23-P1	0	0	0
ACY3_+_67417960.23-P1	2879	4672	1303
ACY3_+_67418110.23-P1	1603	3876	6583
ACY3_-_67414577.23-P2	1561	2199	3132
ACY3_-_67414607.23-P2	0	0	0
ACY3_-_67414970.23-P2	0	0	0
ACY3_-_67417956.23-P1	0	0	0
ACY3_-_67418149.23-P1	1375	2	1474
ACYP2_+_54342830.23-P1P2	476	4	1
ACYP2_-_54342821.23-P1P2	0	0	0
ACYP2_-_54343153.23-P1P2	0	0	0
ACYP2_-_54343157.23-P1P2	3556	3	3089
ACYP2_-_54343180.23-P1P2	2467	4	2021
ADAM33_+_3662271.23-P1P2	2326	2	1
ADAM33_+_3662642.23-P1P2	5239	4	2
ADAM33_-_3662191.23-P1P2	1644	1	1
ADAM33_-_3662194.23-P1P2	0	0	0
ADAM33_-_3662638.23-P1P2	6402	4	4
ADAMTS5_+_28339356.23-P1P2	840	5114	1607
ADAMTS5_+_28339363.23-P1P2	2392	2	2
ADAMTS5_-_28338950.23-P1P2	746	5035	0
ADAMTS5_-_28339372.23-P1P2	3408	7	3316
ADAMTS5_-_28339421.23-P1P2	0	0	0
ADCK1_+_78266506.23-P1P2	2800	5949	3
ADCK1_-_78266512.23-P1P2	672	1	1922
ADCK1_-_78266523.23-P1P2	1664	1	3
ADCK1_-_78266828.23-P1P2	2675	2982	2
ADCK1_-_78266900.23-P1P2	2275	5641	2
ADCK2_+_140372748.23-P1P2	929	0	1
ADCK2_+_140373084.23-P1P2	1364	2	3820
ADCK2_+_140373152.23-P1P2	4378	5268	2108
ADCK2_-_140373160.23-P1P2	3011	1	1
ADCK2_-_140373404.23-P1P2	0	0	0
ADCK3_+_227128242.23-P1P2	0	0	0
ADCK3_+_227128400.23-P1P2	2347	3490	3348
ADCK3_-_227128046.23-P1P2	2888	2800	1476
ADCK3_-_227128055.23-P1P2	2951	4	4627
ADCK3_-_227128078.23-P1P2	0	0	0
ADCK4_+_41222752.23-P1P2	1590	1	0
ADCK4_-_41222351.23-P1P2	1777	1	0
ADCK4_-_41222709.23-P1P2	0	0	0
ADCK4_-_41222769.23-P1P2	0	0	0
ADCK4_-_41222791.23-P1P2	2553	2	5354
ADCK5_+_145597793.23-P1P2	0	0	0
ADCK5_-_145597191.23-P1P2	647	0	0
ADCK5_-_145597250.23-P1P2	802	1	0
ADCK5_-_145597781.23-P1P2	2581	1275	1710
ADCK5_-_145597789.23-P1P2	0	0	0
ADC_+_33546832.23-P1P2	3646	3	3
ADC_+_33546850.23-P1P2	1728	5264	1
ADC_+_33546977.23-P1P2	0	0	0
ADC_-_33546826.23-P1P2	2178	3119	4
ADC_-_33546829.23-P1P2	0	0	0
ADH1B_+_100242040.23-P1P2	0	0	0
ADH1B_+_100242511.23-P1P2	0	0	0
ADH1B_-_100242120.23-P1P2	0	0	0
ADH1B_-_100242280.23-P1P2	0	0	0
ADH1B_-_100242333.23-P1P2	0	0	0
ADH1C_+_100273655.23-P1P2	1906	2354	438
ADH1C_-_100273471.23-P1P2	0	0	0
ADH1C_-_100273518.23-P1P2	0	0	0
ADH1C_-_100273879.23-P1P2	3067	2	2906
ADH1C_-_100273923.23-P1P2	4674	6	2090
ADH4_+_100065429.23-P1P2	0	0	0
ADH4_+_100065433.23-P1P2	1424	1	1
ADH4_+_100065444.23-P1P2	1122	5250	5
ADH4_+_100065450.23-P1P2	0	0	0
ADH4_-_100065227.23-P1P2	0	0	0
ADH5_+_100009684.23-P1P2	0	0	0
ADH5_+_100009798.23-P1P2	0	0	0
ADH5_+_100009821.23-P1P2	1364	1	1785
ADH5_+_100009838.23-P1P2	1665	0	0
ADH5_-_100009831.23-P1P2	0	0	0
ADK_+_75911404.23-P2	0	0	0
ADK_+_75911444.23-P2	1361	1	1798
ADK_+_75936517.23-P1	2605	6	2224
ADK_+_75936538.23-P1	4334	0	2
ADK_+_75936570.23-P1	2105	4419	1535
ADK_+_75936748.23-P1	0	0	0
ADK_-_75911021.23-P2	0	0	0
ADK_-_75911025.23-P2	0	0	0
ADK_-_75911437.23-P2	717	1	2
ADK_-_75936578.23-P1	0	0	0
ADORA1_+_203096891.23-P1P2	4421	1	7
ADORA1_+_203097450.23-P1P2	4065	4	2249
ADORA1_+_203097472.23-P1P2	2888	4647	2498
ADORA1_+_203097506.23-P1P2	0	0	0
ADORA1_-_203096974.23-P1P2	0	0	0
ADORA2A_+_24820308.23-P1P2	2445	8	5521
ADORA2A_-_24819888.23-P1P2	1992	2062	2
ADORA2A_-_24819903.23-P1P2	0	0	0
ADORA2A_-_24819947.23-P1P2	1659	4739	1633
ADORA2A_-_24820281.23-P1P2	0	0	0
ADORA2B_+_15848686.23-P1P2	1693	4	3063
ADORA2B_+_15848965.23-P1P2	0	0	0
ADORA2B_-_15848659.23-P1P2	5207	2188	2
ADORA2B_-_15848791.23-P1P2	0	0	0
ADORA2B_-_15848949.23-P1P2	1657	2	1734
ADORA3_+_112031013.23-P1	0	0	0
ADORA3_+_112031386.23-P1	32	3282	1885
ADORA3_+_112031407.23-P1	0	0	0
ADORA3_+_112031411.23-P1	887	0	0
ADORA3_+_112031418.23-P1	1368	3	862
ADORA3_+_112045890.23-P2	0	0	0
ADORA3_+_112046055.23-P2	1633	3	1871
ADORA3_+_112046115.23-P2	629	0	0
ADORA3_+_112046284.23-P2	0	0	0
ADORA3_-_112046251.23-P2	0	0	0
ADRA1A_+_26724406.23-P1P2	5227	3001	4171
ADRA1A_-_26724311.23-P1P2	1415	1	3640
ADRA1A_-_26724340.23-P1P2	371	0	0
ADRA1A_-_26724356.23-P1P2	5495	4	0
ADRA1A_-_26724373.23-P1P2	0	0	0
ADRA1B_+_159343520.23-P1P2	4369	4	1973
ADRA1B_+_159344209.23-P1P2	2700	0	2235
ADRA1B_+_159344222.23-P1P2	0	0	0
ADRA1B_-_159343504.23-P1P2	6041	5738	1607
ADRA1B_-_159343900.23-P1P2	1152	2682	1
ADRA1D_+_4229485.23-P1P2	1359	9	3993
ADRA1D_-_4229164.23-P1P2	0	0	0
ADRA1D_-_4229250.23-P1P2	2844	2	2
ADRA1D_-_4229495.23-P1P2	2385	939	1575
ADRA1D_-_4229926.23-P1P2	421	3188	1295
ADRA2A_-_112837142.23-P1P2	2959	1	2
ADRA2A_-_112837201.23-P1P2	2019	5	3393
ADRA2A_-_112837216.23-P1P2	0	0	0
ADRA2A_-_112837238.23-P1P2	843	0	0
ADRA2A_-_112837251.23-P1P2	3317	0	0
ADRA2B_+_96781839.23-P1P2	2506	7	3313
ADRA2B_-_96781873.23-P1P2	0	0	0
ADRA2B_-_96781894.23-P1P2	0	0	0
ADRA2B_-_96782243.23-P1P2	0	0	0
ADRA2B_-_96782246.23-P1P2	1207	0	0
ADRA2C_+_3768074.23-P1P2	957	2	2570
ADRA2C_+_3768082.23-P1P2	3942	6	3790
ADRA2C_+_3768098.23-P1P2	536	0	2
ADRA2C_-_3767700.23-P1P2	0	0	0
ADRA2C_-_3767888.23-P1P2	1943	1	2
ADRB1_+_115804002.23-P1P2	0	0	0
ADRB1_-_115803895.23-P1P2	3330	1737	652
ADRB1_-_115804061.23-P1P2	3174	5168	7154
ADRB1_-_115804069.23-P1P2	855	3	2191
ADRB1_-_115804075.23-P1P2	1519	3167	1581
ADRB2_+_148206220.23-P1P2	5883	2197	1937
ADRB2_+_148206227.23-P1P2	3057	5085	2
ADRB2_-_148206186.23-P1P2	2952	2	3222
ADRB2_-_148206207.23-P1P2	2349	1	1966
ADRB2_-_148206413.23-P1P2	1139	3	1
ADRB3_+_37822768.23-P1P2	1227	3119	1533
ADRB3_-_37822919.23-P1P2	1476	1	1254
ADRB3_-_37823380.23-P1P2	523	1	3788
ADRB3_-_37823667.23-P1P2	1408	6111	3489
ADRB3_-_37823742.23-P1P2	1571	0	2133
ADRBK1_+_67033933.23-P1P2	1424	4656	2862
ADRBK1_+_67034195.23-P1P2	0	0	0
ADRBK1_+_67034566.23-P1P2	5413	3	2
ADRBK1_-_67033953.23-P1P2	0	0	0
ADRBK1_-_67034001.23-P1P2	2022	2	1357
ADRBK2_+_25960616.23-P1P2	5283	5642	7998
ADRBK2_-_25960625.23-P1P2	4246	2869	1950
ADRBK2_-_25960628.23-P1P2	0	0	0
ADRBK2_-_25960707.23-P1P2	4453	6	3263
ADRBK2_-_25960854.23-P1P2	2299	1	57
ADSSL1_+_105190776.23-P1P2	3574	10	3313
ADSSL1_+_105190789.23-P1P2	4870	3	1552
ADSSL1_+_105190984.23-P1P2	1499	2	1
ADSSL1_-_105190591.23-P1P2	2664	1602	1748
ADSSL1_-_105190615.23-P1P2	2787	4942	1932
AFG3L2_+_12377215.23-P1P2	0	0	0
AFG3L2_-_12377072.23-P1P2	0	0	0
AFG3L2_-_12377209.23-P1P2	0	0	0
AFG3L2_-_12377212.23-P1P2	0	0	0
AFG3L2_-_12377232.23-P1P2	0	0	0
AGTR1_+_148416039.23-P1P2	1626	2	2
AGTR1_+_148416061.23-P1P2	1571	2	2080
AGTR1_-_148415743.23-P1P2	0	0	0
AGTR1_-_148415748.23-P1P2	1093	1	2
AGTR1_-_148415793.23-P1P2	0	0	0
AGTR2_+_115301983.23-P1P2	1775	0	1
AGTR2_+_115302459.23-P1P2	0	0	0
AGTR2_-_115301994.23-P1P2	0	0	0
AGTR2_-_115302232.23-P1P2	0	0	0
AGTR2_-_115302383.23-P1P2	1480	1	0
AGXT2_+_35048018.23-P1P2	0	0	0
AGXT2_-_35047934.23-P1P2	2747	1	1624
AGXT2_-_35047958.23-P1P2	0	0	0
AGXT2_-_35047966.23-P1P2	0	0	0
AGXT2_-_35048026.23-P1P2	0	0	0
AGXT_+_241808192.23-P1P2	0	0	0
AGXT_+_241808286.23-P1P2	2795	1	0
AGXT_+_241808483.23-P1P2	117	0	0
AGXT_+_241808706.23-P1P2	0	0	0
AGXT_-_241808273.23-P1P2	878	0	0
AHCY_-_32890731.23-P1P2	1182	1518	2055
AHCY_-_32890950.23-P1P2	1514	2	4
AHCY_-_32891095.23-P1P2	3535	5042	3560
AHCY_-_32891101.23-P1P2	0	0	0
AHCY_-_32891145.23-P1P2	1818	0	1639
AK1_+_130639930.23-P1P2	2502	3	1363
AK1_+_130639945.23-P1P2	2139	1396	1182
AK1_-_130639512.23-P1P2	0	0	0
AK1_-_130639710.23-P1P2	2616	0	1238
AK1_-_130639906.23-P1P2	2548	2717	1478
AK2_+_33502042.23-P1P2	1439	2	991
AK2_+_33502056.23-P1P2	0	0	0
AK2_+_33502088.23-P1P2	0	0	0
AK2_+_33502194.23-P1P2	1157	3	2337
AK2_+_33502475.23-P1P2	1106	2264	1
AK3_+_4740766.23-P1P2	3156	4	5
AK3_+_4740798.23-P1P2	5164	3	1
AK3_-_4740765.23-P1P2	2631	4664	1466
AK3_-_4741156.23-P1P2	1249	3956	5
AK3_-_4741205.23-P1P2	3236	0	2
AK4_+_65613321.23-P1P2	4050	2	3
AK4_+_65614269.23-P1P2	6556	10356	3501
AK4_-_65613240.23-P1P2	773	0	0
AK4_-_65613440.23-P1P2	1731	4966	1556
AK4_-_65613504.23-P1P2	1264	0	0
AK5_-_77747738.23-P1P2	2457	7623	1949
AK5_-_77747887.23-P1P2	502	0	0
AK5_-_77748084.23-P1P2	462	3	2195
AK5_-_77748096.23-P1P2	1179	1	1692
AK5_-_77748351.23-P1P2	86	4735	3
AK7_+_96858465.23-P1P2	2504	9234	1304
AK7_+_96858485.23-P1P2	932	3	2220
AK7_+_96858941.23-P1P2	0	0	0
AK7_-_96858547.23-P1P2	0	0	0
AK7_-_96858913.23-P1P2	0	0	0
AK8_+_135753659.23-P1P2	0	0	0
AK8_+_135753664.23-P1P2	0	0	0
AK8_-_135753610.23-P1P2	1000	0	0
AK8_-_135753634.23-P1P2	3571	3	2658
AK8_-_135754341.23-P1P2	1352	4	3771
AKAP10_+_19881070.23-P1P2	967	1030	3
AKAP10_+_19881078.23-P1P2	1792	1	1381
AKAP10_+_19881106.23-P1P2	2765	2847	1
AKAP10_+_19881109.23-P1P2	0	0	0
AKAP10_+_19881129.23-P1P2	5484	4408	1524
AKAP11_+_42846358.23-P1P2	2222	1	2
AKAP11_+_42846376.23-P1P2	816	3418	6933
AKAP11_+_42846479.23-P1P2	0	0	0
AKAP11_+_42846688.23-P1P2	820	0	1
AKAP11_-_42846604.23-P1P2	0	0	0
AKAP12_+_151561539.23-P1	1322	659	844
AKAP12_+_151646838.23-P2	0	0	0
AKAP12_+_151646850.23-P2	293	5686	2089
AKAP12_+_151647266.23-P2	2725	1	1
AKAP12_-_151561572.23-P1	2560	3552	3612
AKAP12_-_151561599.23-P1	2683	1724	1
AKAP12_-_151561609.23-P1	0	0	0
AKAP12_-_151562006.23-P1	1265	0	1
AKAP12_-_151646835.23-P2	3521	8000	3245
AKAP12_-_151646844.23-P2	0	0	0
AKAP13_+_85923789.23-P1P2	2415	3	3789
AKAP13_+_85923863.23-P1P2	5220	1737	3242
AKAP13_+_85923876.23-P1P2	722	0	1366
AKAP13_+_85924198.23-P1P2	1121	6	3499
AKAP13_+_85924290.23-P1P2	1446	1	1
AKAP14_+_119030176.23-P1P2	2988	5662	1935
AKAP14_+_119030185.23-P1P2	1026	3	1733
AKAP14_+_119030227.23-P1P2	3597	1	3741
AKAP14_+_119030337.23-P1P2	1539	1	2
AKAP14_-_119030368.23-P1P2	0	0	0
AKAP1_+_55162988.23-P1P2	1239	7377	4
AKAP1_+_55162999.23-P1P2	2193	7	2262
AKAP1_+_55163111.23-P1P2	1929	1797	6111
AKAP1_-_55162653.23-P1P2	0	0	0
AKAP1_-_55162661.23-P1P2	0	0	0
AKAP3_+_4754219.23-P2	0	0	0
AKAP3_+_4757792.23-P1	94	0	0
AKAP3_+_4757813.23-P1	1415	4787	1503
AKAP3_+_4758137.23-P1	0	0	0
AKAP3_-_4754118.23-P2	0	0	0
AKAP3_-_4754189.23-P2	2781	1	1861
AKAP3_-_4754248.23-P2	1305	5	3041
AKAP3_-_4754290.23-P2	0	0	0
AKAP3_-_4758021.23-P1	0	0	0
AKAP3_-_4758224.23-P1	0	0	0
AKAP4_+_49964966.23-P1P2	0	0	0
AKAP4_+_49964995.23-P1P2	0	0	0
AKAP4_+_49965047.23-P1P2	506	2	1
AKAP4_+_49965636.23-P1P2	1703	7375	1150
AKAP4_+_49965647.23-P1P2	0	0	0
AKAP5_+_64932286.23-P1P2	1090	1	2138
AKAP5_+_64932289.23-P1P2	0	0	0
AKAP5_+_64932523.23-P1P2	0	0	0
AKAP5_-_64932236.23-P1P2	987	1	2969
AKAP5_-_64932248.23-P1P2	1322	1	1732
AKAP6_+_32798551.23-P1P2	0	0	0
AKAP6_+_32798898.23-P1P2	0	0	0
AKAP6_-_32798545.23-P1P2	1621	1	2061
AKAP6_-_32798602.23-P1P2	0	0	0
AKAP6_-_32798679.23-P1P2	0	0	0
AKAP7_+_131456600.23-P1P2	1051	2	2728
AKAP7_+_131456616.23-P1P2	5844	8953	454
AKAP7_-_131456586.23-P1P2	2329	3922	529
AKAP7_-_131456595.23-P1P2	2821	5672	3506
AKAP7_-_131456599.23-P1P2	4992	4003	1807
AKAP8L_+_15529720.23-P1P2	555	2118	2
AKAP8L_+_15529754.23-P1P2	2335	9	3545
AKAP8L_+_15529786.23-P1P2	0	0	0
AKAP8L_-_15529435.23-P1P2	1779	1	0
AKAP8L_-_15529738.23-P1P2	0	0	0
AKAP8_+_15490522.23-P1P2	1611	5304	1685
AKAP8_+_15490531.23-P1P2	0	0	0
AKAP8_+_15490538.23-P1P2	2424	5	1845
AKAP8_+_15490555.23-P1P2	1892	1	0
AKAP8_+_15490566.23-P1P2	1524	2380	1973
AKAP9_+_91570225.23-P1P2	2587	5	2142
AKAP9_+_91570245.23-P1P2	4942	1	2
AKAP9_+_91570248.23-P1P2	4255	2	2122
AKAP9_-_91570201.23-P1P2	0	0	0
AKAP9_-_91570233.23-P1P2	3893	2348	0
AKR1A1_+_46016701.23-P1P2	0	0	0
AKR1A1_+_46016723.23-P1P2	0	0	0
AKR1A1_+_46017142.23-P1P2	1221	3001	3
AKR1A1_-_46016592.23-P1P2	0	0	0
AKR1A1_-_46016934.23-P1P2	3540	1	1151
AKR1B10_+_134212298.23-P1P2	2648	1	1840
AKR1B10_+_134212317.23-P1P2	0	0	0
AKR1B10_+_134212752.23-P1P2	1176	1	3003
AKR1B10_-_134212336.23-P1P2	1989	5433	2
AKR1B10_-_134212770.23-P1P2	0	0	0
AKR1B1_+_134143398.23-P1P2	2623	2	1331
AKR1B1_+_134143462.23-P1P2	3991	0	1
AKR1B1_+_134143839.23-P1P2	2173	5719	837
AKR1B1_-_134143472.23-P1P2	1762	2983	1963
AKR1B1_-_134143848.23-P1P2	5305	1612	1545
AKT1_+_105261633.23-P1P2	0	0	0
AKT1_+_105261705.23-P1P2	0	0	0
AKT1_+_105261975.23-P1P2	1188	0	3135
AKT1_+_105262011.23-P1P2	0	0	0
AKT1_+_105262020.23-P1P2	2684	4	3526
AKT2_+_40791162.23-P1P2	2518	1	1
AKT2_+_40791298.23-P1P2	1102	0	1
AKT2_-_40791096.23-P1P2	0	0	0
AKT2_-_40791188.23-P1P2	2751	2645	2662
AKT2_-_40791241.23-P1P2	0	0	0
AKT3_+_244013158.23-P1P2	3930	2	305
AKT3_-_244013164.23-P1P2	1460	1	1
AKT3_-_244013349.23-P1P2	0	0	0
AKT3_-_244013352.23-P1P2	2887	14288	3566
AKT3_-_244013548.23-P1P2	4437	5	3697
ALAS1_+_52232183.23-P1P2	1303	1	1
ALAS1_+_52232365.23-P1P2	0	0	0
ALAS1_+_52232583.23-P1P2	1566	2606	3
ALAS1_+_52232611.23-P1P2	2788	3771	3214
ALAS1_-_52232194.23-P1P2	0	0	0
ALAS2_+_55057316.23-P1P2	0	0	0
ALAS2_+_55057338.23-P1P2	0	0	0
ALAS2_-_55056927.23-P1P2	2725	1	1642
ALAS2_-_55057349.23-P1P2	3263	30	887
ALAS2_-_55057412.23-P1P2	3402	3098	3339
ALDH18A1_+_97416086.23-P1P2	1129	8608	2002
ALDH18A1_+_97416090.23-P1P2	2870	1469	1348
ALDH18A1_+_97416448.23-P1P2	2860	5805	4
ALDH18A1_-_97416063.23-P1P2	0	0	0
ALDH18A1_-_97416501.23-P1P2	0	0	0
ALDH1A2_+_58357459.23-P1P2	1335	3	6101
ALDH1A2_+_58357493.23-P1P2	2331	3954	1770
ALDH1A2_-_58357473.23-P1P2	763	1	0
ALDH1A2_-_58357549.23-P1P2	4943	6741	1074
ALDH1A2_-_58357877.23-P1P2	1993	2	3748
ALDH1B1_+_38392764.23-P1P2	1352	0	0
ALDH1B1_+_38392957.23-P1P2	0	0	0
ALDH1B1_+_38392963.23-P1P2	0	0	0
ALDH1B1_+_38393145.23-P1P2	1214	6	1297
ALDH1B1_-_38393107.23-P1P2	192	5231	1841
ALDH1L1_+_125899006.23-P1P2	4588	4865	1471
ALDH1L1_-_125899035.23-P1P2	4663	3884	1596
ALDH1L1_-_125899333.23-P1P2	6969	5763	2886
ALDH1L1_-_125899391.23-P1P2	1315	1394	1938
ALDH1L1_-_125899408.23-P1P2	0	0	0
ALDH3A1_+_19651350.23-P1P2	0	0	0
ALDH3A1_+_19651570.23-P1P2	1685	758	2
ALDH3A1_+_19651582.23-P1P2	867	2303	1
ALDH3A1_+_19651663.23-P1P2	1718	1	3
ALDH3A1_-_19651612.23-P1P2	2589	2	2
ALDH3A2_+_19552078.23-P1P2	1841	3	2334
ALDH3A2_-_19552105.23-P1P2	680	1	1
ALDH3A2_-_19552119.23-P1P2	0	0	0
ALDH3A2_-_19552301.23-P1P2	1360	3	0
ALDH3A2_-_19552304.23-P1P2	1667	3069	2
ALDH3B1_+_67777809.23-P1P2	0	0	0
ALDH3B1_+_67777830.23-P1P2	0	0	0
ALDH3B1_+_67777856.23-P1P2	2989	7	2035
ALDH3B1_+_67778195.23-P1P2	4777	7190	1458
ALDH3B1_-_67778165.23-P1P2	0	0	0
ALDH4A1_-_19228655.23-P1P2	0	0	0
ALDH4A1_-_19228763.23-P1P2	1324	2780	0
ALDH4A1_-_19228783.23-P1P2	1306	3	2349
ALDH4A1_-_19228972.23-P1P2	2346	3	3058
ALDH4A1_-_19229034.23-P1P2	1643	3	0
ALDH5A1_+_24495207.23-P1P2	1337	5112	1358
ALDH5A1_+_24495265.23-P1P2	2523	1	8
ALDH5A1_+_24495477.23-P1P2	466	0	1954
ALDH5A1_+_24495537.23-P1P2	3130	2234	2
ALDH5A1_+_24495662.23-P1P2	1385	5686	3394
ALDH9A1_-_165667549.23-P1P2	0	0	0
ALDH9A1_-_165667740.23-P1P2	606	0	1113
ALDH9A1_-_165667761.23-P1P2	1149	0	1054
ALDH9A1_-_165667800.23-P1P2	0	0	0
ALDH9A1_-_165667803.23-P1P2	910	1	0
ALK_+_30144436.23-P1P2	4821	2776	3
ALK_-_30144068.23-P1P2	0	0	0
ALK_-_30144392.23-P1P2	3104	2934	1747
ALK_-_30144395.23-P1P2	0	0	0
ALK_-_30144402.23-P1P2	0	0	0
ALLC_+_3705780.23-P1P2	0	0	0
ALLC_+_3706035.23-P1P2	0	0	0
ALLC_-_3705821.23-P1P2	0	0	0
ALLC_-_3705832.23-P1P2	2893	3283	899
ALLC_-_3706094.23-P1P2	1089	2	460
ALOX5_+_45869730.23-P1P2	1221	3312	1
ALOX5_+_45869734.23-P1P2	672	5528	1
ALOX5_-_45870075.23-P1P2	2364	6	1
ALOX5_-_45870079.23-P1P2	1319	7	1626
ALOX5_-_45870102.23-P1P2	1825	1	2
ALPI_+_233320899.23-P1P2	869	3469	1
ALPI_+_233320902.23-P1P2	0	0	0
ALPI_+_233321300.23-P1P2	1260	8154	3601
ALPI_-_233320917.23-P1P2	0	0	0
ALPI_-_233321239.23-P1P2	688	1	1066
ALPK1_+_113218522.23-P1P2	3143	1	2
ALPK1_+_113218559.23-P1P2	0	0	0
ALPK1_-_113218809.23-P1P2	0	0	0
ALPK1_-_113218819.23-P1P2	0	0	0
ALPK1_-_113218916.23-P1P2	0	0	0
ALPK2_+_56295811.23-ENST00000361673.3	0	0	0
ALPK2_+_56296241.23-ENST00000361673.3	1607	0	1
ALPK2_+_56296244.23-ENST00000361673.3	0	0	0
ALPK2_-_56296080.23-ENST00000361673.3	0	0	0
ALPK2_-_56296111.23-ENST00000361673.3	0	0	0
ALPK3_+_85360868.23-P1P2	0	0	0
ALPK3_-_85360394.23-P1P2	2402	5	4
ALPK3_-_85360414.23-P1P2	1145	3	2713
ALPK3_-_85360424.23-P1P2	0	0	0
ALPK3_-_85360833.23-P1P2	5074	3	1486
ALPL_+_21835943.23-P1	937	2	3309
ALPL_+_21835964.23-P1	1237	5	1665
ALPL_+_21835978.23-P1	0	0	0
ALPL_+_21836361.23-P1	2378	3	3950
ALPL_+_21877779.23-P2	1097	9	3377
ALPL_+_21878169.23-P2	0	0	0
ALPL_-_21836424.23-P1	1760	0	0
ALPL_-_21877787.23-P2	944	1	2297
ALPL_-_21877856.23-P2	1344	2497	1
ALPL_-_21877871.23-P2	283	1141	1651
ALPPL2_+_233271563.23-P1P2	4453	1705	1707
ALPPL2_+_233271581.23-P1P2	0	0	0
ALPPL2_+_233271588.23-P1P2	1217	1	1
ALPPL2_+_233271948.23-P1P2	2839	3146	3673
ALPPL2_-_233271568.23-P1P2	0	0	0
AMHR2_+_53818923.23-P1P2	2676	2	1162
AMHR2_+_53819137.23-P1P2	3209	5	4556
AMHR2_+_53819383.23-P1P2	1649	6947	1767
AMHR2_-_53818886.23-P1P2	0	0	0
AMHR2_-_53819370.23-P1P2	0	0	0
AMN_+_103389039.23-P1	882	1	1452
AMN_+_103389216.23-P1	5851	1	2065
AMN_+_103395231.23-P2	2404	1	1
AMN_+_103395370.23-P2	1385	2	1279
AMN_+_103395419.23-P2	1510	3	1
AMN_-_103389029.23-P1	2527	1	1673
AMN_-_103389054.23-P1	0	0	0
AMN_-_103389087.23-P1	2548	0	2621
AMN_-_103395024.23-P2	1476	6	5555
AMN_-_103395326.23-P2	2497	1	0
AMT_+_49459848.23-P1P2	1718	4	3762
AMT_+_49459858.23-P1P2	1422	4	3
AMT_+_49459861.23-P1P2	1131	3	14
AMT_-_49459829.23-P1P2	0	0	0
AMT_-_49459857.23-P1P2	714	4	0
AMY2A_+_104159553.23-P1P2	2822	1	3805
AMY2A_+_104159726.23-P1P2	0	0	0
AMY2A_+_104159834.23-P1P2	0	0	0
AMY2A_-_104159734.23-P1P2	1690	5398	4
AMY2A_-_104159817.23-P1P2	0	0	0
AMY2B_+_104104473.23-P1P2	0	0	0
AMY2B_-_104104404.23-P1P2	0	0	0
AMY2B_-_104104409.23-P1P2	0	0	0
AMY2B_-_104104458.23-P1P2	0	0	0
AMY2B_-_104104488.23-P1P2	0	0	0
ANKK1_+_113258562.23-P1P2	5725	2305	2815
ANKK1_+_113258924.23-P1P2	33	1	0
ANKK1_+_113258955.23-P1P2	0	0	0
ANKK1_-_113258522.23-P1P2	1534	0	0
ANKK1_-_113259026.23-P1P2	0	0	0
ANXA2_+_60689732.23-P1P2	1322	3	5373
ANXA2_+_60690063.23-P1P2	3716	4	2100
ANXA2_-_60689707.23-P1P2	240	3520	1
ANXA2_-_60689776.23-P1P2	964	11734	1404
ANXA2_-_60690116.23-P1P2	4997	5	1932
ANXA3_+_79472940.23-P1P2	2645	4	2017
ANXA3_+_79473255.23-P1P2	1257	0	2
ANXA3_+_79473355.23-P1P2	0	0	0
ANXA3_-_79473131.23-P1P2	3947	4674	3
ANXA3_-_79473265.23-P1P2	560	0	1
ANXA5_-_122617573.23-P1P2	930	0	1433
ANXA5_-_122617717.23-P1P2	2737	2797	2083
ANXA5_-_122617764.23-P1P2	0	0	0
ANXA5_-_122618086.23-P1P2	1501	0	0
ANXA5_-_122618118.23-P1P2	0	0	0
APCS_+_159557645.23-P1P2	0	0	0
APCS_+_159557663.23-P1P2	0	0	0
APCS_+_159557720.23-P1P2	0	0	0
APCS_-_159557617.23-P1P2	0	0	0
APCS_-_159557638.23-P1P2	2621	6372	1354
APOE_+_45409173.23-P1P2	0	0	0
APOE_-_45409117.23-P1P2	2090	1	3736
APOE_-_45409137.23-P1P2	1470	5502	3
APOE_-_45409305.23-P1P2	0	0	0
APOE_-_45409519.23-P1P2	0	0	0
APOH_+_64223962.23-P2	1389	4	1576
APOH_+_64224198.23-P2	0	0	0
APOH_+_64224202.23-P2	1489	1	3
APOH_+_64225521.23-P1	2717	1	2
APOH_-_64224067.23-P2	5418	1995	1281
APOH_-_64224106.23-P2	0	0	0
APOH_-_64225455.23-P1	676	0	1521
APOH_-_64225487.23-P1	395	2585	2
APOH_-_64225515.23-P1	1722	1	1
APOH_-_64225529.23-P1	1981	1	1805
APRT_+_88877892.23-P1P2	1428	2629	1574
APRT_+_88877930.23-P1P2	6107	4	6
APRT_-_88878107.23-P1P2	0	0	0
APRT_-_88878302.23-P1P2	1264	3112	4740
APRT_-_88878308.23-P1P2	2428	2963	3836
ARAF_+_47420611.23-P1P2	3414	2	2
ARAF_-_47420581.23-P1P2	1516	2	2299
ARAF_-_47420629.23-P1P2	3931	3	1
ARAF_-_47420650.23-P1P2	5710	6466	3280
ARAF_-_47420655.23-P1P2	4060	2	3693
ARF1_+_228270829.23-P1P2	0	0	0
ARF1_-_228270444.23-P1P2	3334	2	4511
ARF1_-_228270479.23-P1P2	1647	1	0
ARF1_-_228270510.23-P1P2	4303	2	1939
ARF1_-_228270878.23-P1P2	2794	5	2255
ARF4_+_57583046.23-P1P2	0	0	0
ARF4_-_57582621.23-P1P2	0	0	0
ARF4_-_57583010.23-P1P2	0	0	0
ARF4_-_57583033.23-P1P2	0	0	0
ARF4_-_57583055.23-P1P2	0	0	0
ARF6_+_50361360.23-P2	0	0	0
ARF6_+_50361377.23-P2	0	0	0
ARF6_+_50361520.23-P2	0	0	0
ARF6_-_50359824.23-P1	0	0	0
ARF6_-_50359827.23-P1	0	0	0
ARF6_-_50359865.23-P1	0	0	0
ARF6_-_50360206.23-P1	1789	1	1261
ARF6_-_50360232.23-P1	6369	2	1987
ARF6_-_50361209.23-P2	2631	4	1
ARF6_-_50361303.23-P2	0	0	0
ARHGAP26_+_142150361.23-P1P2	4103	4721	2605
ARHGAP26_-_142149986.23-P1P2	2191	1	3
ARHGAP26_-_142150010.23-P1P2	0	0	0
ARHGAP26_-_142150016.23-P1P2	0	0	0
ARHGAP26_-_142150021.23-P1P2	0	0	0
ARL1_+_101801462.23-P1P2	0	0	0
ARL1_+_101801468.23-P1P2	906	2742	0
ARL1_+_101801483.23-P1P2	3065	3	1566
ARL1_-_101801214.23-P1P2	0	0	0
ARL1_-_101801545.23-P1P2	0	0	0
ARL3_+_104474074.23-P1P2	5086	7	2023
ARL3_+_104474107.23-P1P2	1095	7180	1625
ARL3_-_104474009.23-P1P2	2763	1020	6
ARL3_-_104474089.23-P1P2	1673	1	2072
ARL3_-_104474101.23-P1P2	0	0	0
ARL5B_-_18948336.23-P1P2	1088	0	1
ARL5B_-_18948344.23-P1P2	1345	0	0
ARL5B_-_18948348.23-P1P2	4149	5940	2178
ARL5B_-_18948364.23-P1P2	828	1290	870
ARL5B_-_18948378.23-P1P2	0	0	0
ARPC1B_+_98972315.23-P1P2	4332	3	5
ARPC1B_+_98972356.23-P1P2	1421	5375	1929
ARPC1B_+_98972769.23-P1P2	1530	2	0
ARPC1B_-_98972364.23-P1P2	0	0	0
ARPC1B_-_98972410.23-P1P2	0	0	0
ARPC2_+_219082121.23-P1	0	0	0
ARPC2_+_219082260.23-P1	0	0	0
ARPC2_+_219103598.23-P2	1586	0	0
ARPC2_-_219081891.23-P1	1386	5683	1859
ARPC2_-_219081923.23-P1	0	0	0
ARPC2_-_219081929.23-P1	0	0	0
ARPC2_-_219103608.23-P2	0	0	0
ARPC2_-_219103625.23-P2	0	0	0
ARPC2_-_219103724.23-P2	1719	0	0
ARPC2_-_219103871.23-P2	2564	4	1569
ARPC3_+_110883121.23-P2	0	0	0
ARPC3_+_110887749.23-P1	0	0	0
ARPC3_+_110888087.23-P1	0	0	0
ARPC3_-_110882890.23-P2	0	0	0
ARPC3_-_110882896.23-P2	1835	1	2115
ARPC3_-_110882946.23-P2	0	0	0
ARPC3_-_110883364.23-P2	0	0	0
ARPC3_-_110888115.23-P1	691	0	1
ARPC3_-_110888131.23-P1	0	0	0
ARPC3_-_110888149.23-P1	0	0	0
ARPC4_+_9834769.23-P1P2	0	0	0
ARPC4_+_9834836.23-P1P2	2710	3	2835
ARPC4_-_9834275.23-P1P2	0	0	0
ARPC4_-_9834393.23-P1P2	0	0	0
ARPC4_-_9834808.23-P1P2	0	0	0
ARPC5_+_183604702.23-P1P2	1033	2613	4
ARPC5_+_183604818.23-P1P2	0	0	0
ARPC5_+_183604896.23-P1P2	3353	3	2471
ARPC5_-_183604403.23-P1P2	0	0	0
ARPC5_-_183604444.23-P1P2	0	0	0
ARSA_+_51066539.23-P1P2	1549	1	1
ARSA_+_51066550.23-P1P2	1866	2260	6845
ARSA_-_51066477.23-P1P2	0	0	0
ARSA_-_51066480.23-P1P2	0	0	0
ARSA_-_51066507.23-P1P2	0	0	0
ART1_+_3666404.23-P1P2	0	0	0
ART1_+_3666757.23-P1P2	0	0	0
ART1_+_3666779.23-P1P2	0	0	0
ART1_-_3666414.23-P1P2	2093	0	0
ART1_-_3666702.23-P1P2	0	0	0
ASGR2_+_7017555.23-P1P2	1447	603	1548
ASGR2_-_7017722.23-P1P2	1399	0	0
ASGR2_-_7017726.23-P1P2	1757	3462	0
ASGR2_-_7017962.23-P1P2	2340	5295	1781
ASGR2_-_7017981.23-P1P2	1483	6765	5
ASNA1_+_12848373.23-P1P2	2287	8308	1659
ASNA1_+_12848385.23-P1P2	0	0	0
ASNA1_+_12848698.23-P1P2	1238	9971	5
ASNA1_-_12847970.23-P1P2	1304	2	1830
ASNA1_-_12848537.23-P1P2	0	0	0
ASPA_+_3379320.23-P1P2	0	0	0
ASPA_+_3379346.23-P1P2	0	0	0
ASPA_+_3379511.23-P1P2	0	0	0
ASPA_+_3379614.23-P1P2	0	0	0
ASPA_-_3379286.23-P1P2	0	0	0
ASRGL1_+_62105004.23-P1P2	3847	5143	4
ASRGL1_+_62105040.23-P1P2	3932	2	1210
ASRGL1_+_62105366.23-P1P2	0	0	0
ASRGL1_-_62104973.23-P1P2	1578	2410	2
ASRGL1_-_62105346.23-P1P2	1523	2	1
ASS1_+_133320398.23-P1P2	0	0	0
ASS1_+_133320409.23-P1P2	0	0	0
ASS1_+_133320415.23-P1P2	559	3	1
ASS1_+_133320791.23-P1P2	1208	1	1025
ASS1_-_133320387.23-P1P2	3764	3683	5067
ATM_+_108094013.23-P1P2	1242	2	2019
ATM_-_108093795.23-P1P2	247	1	1992
ATM_-_108093813.23-P1P2	0	0	0
ATM_-_108093829.23-P1P2	2088	2	0
ATM_-_108093839.23-P1P2	675	0	0
ATOX1_-_151137774.23-P1P2	4664	3181	5
ATOX1_-_151138108.23-P1P2	5747	2	4
ATOX1_-_151138119.23-P1P2	4171	1	2039
ATOX1_-_151138125.23-P1P2	2799	3	2901
ATOX1_-_151138136.23-P1P2	3926	6	3418
ATP1A1_+_116916023.23-P1P2	1733	0	0
ATP1A1_+_116916694.23-P1P2	4200	2	1953
ATP1A1_-_116915929.23-P1P2	1275	5537	3221
ATP1A1_-_116915944.23-P1P2	2227	6	1486
ATP1A1_-_116916334.23-P1P2	1546	1	0
ATP2A1_+_28889799.23-P1P2	0	0	0
ATP2A1_+_28890222.23-P1P2	2474	1	1
ATP2A1_-_28889826.23-P1P2	0	0	0
ATP2A1_-_28889833.23-P1P2	3688	2	1345
ATP2A1_-_28889864.23-P1P2	0	0	0
ATP2C1_+_130613032.23-P1P2	0	0	0
ATP2C1_+_130613095.23-P1P2	3210	0	1005
ATP2C1_+_130613395.23-P1P2	1296	6946	1674
ATP2C1_-_130613451.23-P1P2	0	0	0
ATP2C1_-_130613510.23-P1P2	625	1	6895
ATP4A_+_36048513.23-P2	0	0	0
ATP4A_+_36048542.23-P2	2662	6	1044
ATP4A_+_36048719.23-P2	1983	3690	2243
ATP4A_+_36054077.23-P1	1219	0	2863
ATP4A_+_36054145.23-P1	928	0	1
ATP4A_+_36054525.23-P1	2301	1478	3316
ATP4A_+_36054542.23-P1	0	0	0
ATP4A_+_36054554.23-P1	2045	1	2
ATP4A_-_36048282.23-P2	3179	1	1
ATP4A_-_36048687.23-P2	2170	4164	1721
ATP5A1_+_43669273.23-P2	0	0	0
ATP5A1_+_43669663.23-P2	1505	3	1974
ATP5A1_+_43669671.23-P2	0	0	0
ATP5A1_+_43678149.23-P1	1272	1	2
ATP5A1_+_43678210.23-P1	0	0	0
ATP5A1_+_43678237.23-P1	2814	3441	2
ATP5A1_-_43669651.23-P2	1869	1	1751
ATP5A1_-_43669654.23-P2	2190	4284	3438
ATP5A1_-_43678030.23-P1	0	0	0
ATP5A1_-_43678159.23-P1	0	0	0
ATP5B_+_57039359.23-P1P2	0	0	0
ATP5B_+_57039710.23-P1P2	0	0	0
ATP5B_-_57039683.23-P1P2	0	0	0
ATP5B_-_57039709.23-P1P2	0	0	0
ATP5B_-_57039762.23-P1P2	0	0	0
ATP5C1_+_7830138.23-P1P2	3511	2	0
ATP5C1_+_7830168.23-P1P2	0	0	0
ATP5C1_+_7830547.23-P1P2	0	0	0
ATP5C1_-_7830158.23-P1P2	0	0	0
ATP5C1_-_7830375.23-P1P2	0	0	0
ATP6V1A_+_113465895.23-P1P2	0	0	0
ATP6V1A_+_113465921.23-P1P2	0	0	0
ATP6V1A_-_113465905.23-P1P2	0	0	0
ATP6V1A_-_113465930.23-P1P2	0	0	0
ATP6V1A_-_113466376.23-P1P2	0	0	0
ATP6V1B2_+_20054954.23-P1P2	0	0	0
ATP6V1B2_+_20054959.23-P1P2	0	0	0
ATP6V1B2_+_20054974.23-P1P2	0	0	0
ATP6V1B2_+_20055090.23-P1P2	0	0	0
ATP6V1B2_-_20054985.23-P1P2	0	0	0
ATP6V1C1_+_104033380.23-P1P2	0	0	0
ATP6V1C1_+_104033390.23-P1P2	0	0	0
ATP6V1C1_-_104033344.23-P1P2	0	0	0
ATP6V1C1_-_104033361.23-P1P2	1662	0	3
ATP6V1C1_-_104033365.23-P1P2	0	0	0
ATP8A1_-_42658683.23-P1P2	2362	3	3971
ATP8A1_-_42658751.23-P1P2	0	0	0
ATP8A1_-_42659062.23-P1P2	1401	2	5925
ATP8A1_-_42659065.23-P1P2	1623	4	3
ATP8A1_-_42659112.23-P1P2	2728	4	6478
ATR_+_142297571.23-P1P2	0	0	0
ATR_+_142297576.23-P1P2	0	0	0
ATR_-_142297227.23-P1P2	0	0	0
ATR_-_142297369.23-P1P2	0	0	0
ATR_-_142297649.23-P1P2	0	0	0
AURKAIP1_+_1310184.23-P1P2	1811	3286	6
AURKAIP1_+_1310516.23-P1P2	0	0	0
AURKAIP1_+_1310564.23-P1P2	0	0	0
AURKAIP1_-_1310201.23-P1P2	2204	2	2
AURKAIP1_-_1310542.23-P1P2	0	0	0
AURKA_+_54967179.23-P1P2	0	0	0
AURKA_+_54967204.23-P1P2	0	0	0
AURKA_-_54966756.23-P1P2	0	0	0
AURKA_-_54967035.23-P1P2	0	0	0
AURKA_-_54967215.23-P1P2	0	0	0
AURKB_+_8113488.23-P1P2	0	0	0
AURKB_+_8113717.23-P1P2	0	0	0
AURKB_+_8113846.23-P1P2	0	0	0
AURKB_-_8113518.23-P1P2	0	0	0
AURKB_-_8113837.23-P1P2	0	0	0
AURKC_+_57742445.23-P1P2	855	3037	0
AURKC_+_57742897.23-P1P2	0	0	0
AURKC_+_57742907.23-P1P2	0	0	0
AURKC_-_57742432.23-P1P2	1476	4	2284
AURKC_-_57742487.23-P1P2	4998	3	1902
AVPR1A_+_63544503.23-P1P2	846	0	0
AVPR1A_+_63544953.23-P1P2	0	0	0
AVPR1A_+_63544956.23-P1P2	467	0	0
AVPR1A_-_63544766.23-P1P2	1161	0	1
AVPR1A_-_63544900.23-P1P2	2101	4084	4700
AVPR1B_+_206223991.23-P1P2	3627	5462	1606
AVPR1B_+_206223995.23-P1P2	2311	4913	4
AVPR1B_+_206224162.23-P1P2	693	3063	3
AVPR1B_-_206223975.23-P1P2	0	0	0
AVPR1B_-_206223987.23-P1P2	6088	3014	1443
AVPR2_+_153170186.23-P1P2	848	2726	3357
AVPR2_+_153170422.23-P1P2	2609	5	2142
AVPR2_+_153170553.23-P1P2	1049	1	1972
AVPR2_+_153170634.23-P1P2	0	0	0
AVPR2_-_153170663.23-P1P2	2463	7934	5
AXL_+_41725166.23-P1P2	3111	3	1874
AXL_-_41725144.23-P1P2	0	0	0
AXL_-_41725205.23-P1P2	0	0	0
AXL_-_41725322.23-P1P2	1642	4	2
AXL_-_41725592.23-P1P2	1613	3	2
AZGP1_+_99573256.23-P1P2	863	1	0
AZGP1_+_99573270.23-P1P2	0	0	0
AZGP1_+_99573276.23-P1P2	998	1	2414
AZGP1_+_99573447.23-P1P2	2540	1	3
AZGP1_-_99573392.23-P1P2	2415	2	0
B2M_+_45003739.23-P1	0	0	0
B2M_+_45003754.23-P1	3790	2	1791
B2M_+_45003760.23-P1	2334	3	2227
B2M_+_45004135.23-P1	2024	2	2
B2M_+_45007848.23-P2	2805	11018	3478
B2M_+_45007852.23-P2	935	2	1775
B2M_+_45007880.23-P2	0	0	0
B2M_+_45008205.23-P2	1132	2	2008
B2M_-_45003947.23-P1	1439	6	3109
B2M_-_45008269.23-P2	1900	2	2
B4GALT1_+_33167161.23-P1P2	0	0	0
B4GALT1_-_33166777.23-P1P2	166	1	1
B4GALT1_-_33167098.23-P1P2	2919	5	1665
B4GALT1_-_33167114.23-P1P2	2106	2	1677
B4GALT1_-_33167151.23-P1P2	0	0	0
B4GALT2_+_44444940.23-P1P2	4226	2	4
B4GALT2_+_44444945.23-P1P2	2066	4	2937
B4GALT2_+_44445285.23-P1P2	3072	6	3124
B4GALT2_+_44445388.23-P1P2	3269	1	2
B4GALT2_+_44445508.23-P1P2	458	2	1427
B4GALT3_+_161146860.23-P1P2	1492	1	0
B4GALT3_+_161147226.23-P1P2	1953	1	1
B4GALT3_-_161146827.23-P1P2	0	0	0
B4GALT3_-_161146830.23-P1P2	818	0	0
B4GALT3_-_161146833.23-P1P2	0	0	0
B4GALT4_-_118959253.23-P1P2	3811	2470	2
B4GALT4_-_118959700.23-P1P2	2159	3297	4
B4GALT4_-_118959703.23-P1P2	0	0	0
B4GALT4_-_118959706.23-P1P2	1289	1	3
B4GALT4_-_118959748.23-P1P2	0	0	0
BACE1_+_117186573.23-P1P2	0	0	0
BACE1_+_117186910.23-P1P2	2226	0	1
BACE1_+_117186913.23-P1P2	0	0	0
BACE1_-_117186930.23-P1P2	3116	2	1
BACE1_-_117186976.23-P1P2	2382	4	1081
BAG1_+_33264282.23-P1P2	3245	1074	3293
BAG1_+_33264334.23-P1P2	3099	0	1332
BAG1_+_33264347.23-P1P2	1516	7	2811
BAG1_+_33264674.23-P1P2	1615	3669	0
BAG1_-_33264226.23-P1P2	2894	2	0
BAIAP2L1_+_98030294.23-P1P2	1245	4	3454
BAIAP2L1_-_98030007.23-P1P2	0	0	0
BAIAP2L1_-_98030202.23-P1P2	0	0	0
BAIAP2L1_-_98030369.23-P1P2	1431	1	1232
BAIAP2L1_-_98030377.23-P1P2	2069	4	1629
BBOX1_+_27062979.23-P2	0	0	0
BBOX1_+_27076906.23-P1	0	0	0
BBOX1_+_27077219.23-P1	1830	1	1646
BBOX1_+_27077310.23-P1	2696	2	3
BBOX1_-_27062990.23-P2	831	1	1
BBOX1_-_27063389.23-P2	2946	3363	2
BBOX1_-_27063410.23-P2	1055	5904	805
BBOX1_-_27063414.23-P2	0	0	0
BBOX1_-_27076980.23-P1	0	0	0
BBOX1_-_27076998.23-P1	0	0	0
BCAT2_+_49313840.23-P1P2	4149	4954	488
BCAT2_+_49313857.23-P1P2	1521	1	0
BCAT2_+_49314196.23-P1P2	0	0	0
BCAT2_+_49314243.23-P1P2	1928	3	1415
BCAT2_-_49314274.23-P1P2	2972	5316	3
BCKDK_+_31119819.23-P1P2	4244	3	4638
BCKDK_+_31119948.23-P1P2	3635	1	2
BCKDK_+_31120200.23-P1P2	0	0	0
BCKDK_-_31119715.23-P1P2	3736	5	2
BCKDK_-_31120143.23-P1P2	0	0	0
BCR_+_23522602.23-P1P2	738	3	2020
BCR_+_23523092.23-P1P2	1356	2073	2
BCR_+_23523145.23-P1P2	2622	2993	1901
BCR_-_23522662.23-P1P2	2488	3391	2723
BCR_-_23523163.23-P1P2	3035	5	5316
BDH1_+_197282785.23-P1	0	0	0
BDH1_+_197282818.23-P1	1975	3830	1772
BDH1_+_197282821.23-P1	1560	0	1338
BDH1_+_197299833.23-P2	1638	2	1
BDH1_+_197300005.23-P2	2612	2	1
BDH1_+_197300050.23-P2	0	0	0
BDH1_+_197300152.23-P2	0	0	0
BDH1_-_197282430.23-P1	3612	3494	1938
BDH1_-_197282459.23-P1	2510	0	1
BDH1_-_197300158.23-P2	1437	1	5274
BDKRB2_+_96671243.23-P1P2	0	0	0
BDKRB2_-_96671208.23-P1P2	0	0	0
BDKRB2_-_96671212.23-P1P2	1507	1	2077
BDKRB2_-_96671239.23-P1P2	1181	3	0
BDKRB2_-_96671258.23-P1P2	1139	2060	5662
BEGAIN_+_101014112.23-P2	1200	2	1244
BEGAIN_+_101014427.23-P2	0	0	0
BEGAIN_+_101053258.23-P1	0	0	0
BEGAIN_+_101053274.23-P1	0	0	0
BEGAIN_+_101053379.23-P1	1445	5	3018
BEGAIN_+_101053679.23-P1	2936	5408	3862
BEGAIN_-_101013991.23-P2	0	0	0
BEGAIN_-_101014000.23-P2	0	0	0
BEGAIN_-_101014193.23-P2	3257	5071	2
BEGAIN_-_101053338.23-P1	0	0	0
BGLAP_+_156182825.23-P1P2	1236	3458	3
BGLAP_-_156182790.23-P1P2	1379	1	1
BGLAP_-_156182809.23-P1P2	0	0	0
BGLAP_-_156182834.23-P1P2	0	0	0
BGLAP_-_156182840.23-P1P2	0	0	0
BHMT2_+_78365650.23-P1P2	4152	2	3
BHMT2_+_78365811.23-P1P2	399	1	1541
BHMT2_+_78366015.23-P1P2	2904	1	4
BHMT2_-_78365608.23-P1P2	6888	7071	1603
BHMT2_-_78365638.23-P1P2	0	0	0
BHMT_+_78407660.23-P1P2	680	3	810
BHMT_+_78407670.23-P1P2	2184	2611	3621
BHMT_+_78407841.23-P1P2	0	0	0
BHMT_+_78408068.23-P1P2	0	0	0
BHMT_-_78407639.23-P1P2	1877	2	2
BLK_+_11351913.23-P1P2	3738	4507	3960
BLK_-_11351904.23-P1P2	469	2	1812
BLK_-_11352324.23-P1P2	0	0	0
BLK_-_11352367.23-P1P2	0	0	0
BLK_-_11352383.23-P1P2	0	0	0
BLVRA_+_43798323.23-P1	2570	3	5196
BLVRA_+_43798673.23-P1	2669	2515	2739
BLVRA_+_43803794.23-P2	1077	1	0
BLVRA_+_43804242.23-P2	1374	0	1762
BLVRA_+_43804270.23-P2	2465	0	0
BLVRA_-_43798305.23-P1	0	0	0
BLVRA_-_43798338.23-P1	3589	2399	2450
BLVRA_-_43798688.23-P1	0	0	0
BLVRA_-_43803827.23-P2	2911	2511	1
BLVRA_-_43804199.23-P2	3402	1	2224
BLVRB_+_40971387.23-P1P2	1373	1	2879
BLVRB_+_40971620.23-P1P2	0	0	0
BLVRB_+_40971674.23-P1P2	0	0	0
BLVRB_-_40971612.23-P1P2	0	0	0
BLVRB_-_40971633.23-P1P2	1874	2	1060
BMP2K_+_79697485.23-P1P2	0	0	0
BMP2K_+_79697951.23-P1P2	0	0	0
BMP2K_+_79697973.23-P1P2	0	0	0
BMP2K_-_79697740.23-P1P2	0	0	0
BMP2K_-_79697913.23-P1P2	1135	2	0
BMPR1A_+_88516399.23-P1P2	0	0	0
BMPR1A_-_88516383.23-P1P2	0	0	0
BMPR1A_-_88516386.23-P1P2	2496	1	1490
BMPR1A_-_88516389.23-P1P2	0	0	0
BMPR1A_-_88516862.23-P1P2	3840	3183	1480
BMPR1B_-_95679116.23-P1P2	0	0	0
BMPR1B_-_95679183.23-P1P2	1201	4	4410
BMPR1B_-_95679535.23-P1P2	2842	5	3316
BMPR1B_-_95679541.23-P1P2	3400	4096	6099
BMPR1B_-_95679577.23-P1P2	0	0	0
BMPR2_+_203241081.23-P1P2	0	0	0
BMPR2_+_203241093.23-P1P2	1167	1	2
BMPR2_+_203241440.23-P1P2	561	0	1576
BMPR2_+_203241453.23-P1P2	0	0	0
BMPR2_-_203241426.23-P1P2	263	0	1
BMX_+_15518931.23-P1P2	3618	1	2658
BMX_+_15518990.23-P1P2	5149	7717	1849
BMX_+_15519408.23-P1P2	2007	0	3
BMX_+_15519413.23-P1P2	0	0	0
BMX_-_15518995.23-P1P2	3403	2667	2
BPHL_+_3118965.23-P1P2	1390	2781	3404
BPHL_+_3118994.23-P1P2	7247	1299	4
BPHL_+_3119347.23-P1P2	0	0	0
BPHL_-_3118980.23-P1P2	3926	1	3136
BPHL_-_3118993.23-P1P2	1638	1	1911
BPI_+_36932636.23-P1P2	2005	14495	1575
BPI_+_36932649.23-P1P2	1377	0	2
BPI_+_36933020.23-P1P2	0	0	0
BPI_+_36933042.23-P1P2	2912	1	1911
BPI_-_36932865.23-P1P2	0	0	0
BRAF_+_140624087.23-P1P2	1135	5856	2
BRAF_-_140624520.23-P1P2	0	0	0
BRAF_-_140624678.23-P1P2	923	2	1630
BRAF_-_140624717.23-P1P2	3096	2792	827
BRAF_-_140624725.23-P1P2	942	3	2521
BRD2_+_32938718.23-P2	959	5	1397
BRD2_+_32938730.23-P2	821	6391	2725
BRD2_+_32938799.23-P2	710	3457	3
BRD2_+_32940025.23-P1	0	0	0
BRD2_+_32940029.23-P1	0	0	0
BRD2_+_32940040.23-P1	0	0	0
BRD2_+_32940409.23-P1	1125	5434	1
BRD2_+_32940413.23-P1	0	0	0
BRD2_-_32938736.23-P2	5617	4377	7058
BRD2_-_32938775.23-P2	1493	2	1057
BRD3_+_136932685.23-P1P2	1939	1	3
BRD3_+_136933110.23-P1P2	313	1	1586
BRD3_+_136933116.23-P1P2	2359	6266	3
BRD3_-_136933086.23-P1P2	5216	3853	1757
BRD3_-_136933100.23-P1P2	3496	2	1707
BRD4_+_15391148.23-ENST00000263377.2,ENST00000371835.4	0	0	0
BRD4_-_15390745.23-ENST00000263377.2,ENST00000371835.4	0	0	0
BRD4_-_15390749.23-ENST00000263377.2,ENST00000371835.4	0	0	0
BRD4_-_15390773.23-ENST00000263377.2,ENST00000371835.4	0	0	0
BRD4_-_15390857.23-ENST00000263377.2,ENST00000371835.4	0	0	0
BRDT_+_92414997.23-P1P2	2206	3	6694
BRDT_+_92415088.23-P1P2	0	0	0
BRDT_+_92415234.23-P1P2	1687	9392	5624
BRDT_-_92414973.23-P1P2	1772	0	0
BRDT_-_92415096.23-P1P2	0	0	0
BRSK1_-_55795395.23-P1P2	1343	1	1033
BRSK1_-_55795401.23-P1P2	0	0	0
BRSK1_-_55795404.23-P1P2	743	2	0
BRSK1_-_55795754.23-P1P2	2334	0	0
BRSK1_-_55795805.23-P1P2	2517	4	2001
BRSK2_+_1411183.23-P1P2	3665	1	1320
BRSK2_+_1411277.23-P1P2	730	5876	1798
BRSK2_-_1411536.23-P1P2	0	0	0
BRSK2_-_1411539.23-P1P2	0	0	0
BRSK2_-_1411573.23-P1P2	0	0	0
BST1_+_15704762.23-P1P2	2498	5	1
BST1_-_15704748.23-P1P2	1727	1	1420
BST1_-_15704751.23-P1P2	0	0	0
BST1_-_15704960.23-P1P2	862	11999	5545
BST1_-_15705074.23-P1P2	0	0	0
BTK_+_100640836.23-P1P2	0	0	0
BTK_+_100640925.23-P1P2	0	0	0
BTK_+_100641187.23-P1P2	1853	2	2986
BTK_-_100641113.23-P1P2	2919	5	5
BTK_-_100641135.23-P1P2	4491	6330	2070
BUB1B_-_40453273.23-P1P2	0	0	0
BUB1B_-_40453297.23-P1P2	0	0	0
BUB1B_-_40453430.23-P1P2	0	0	0
BUB1B_-_40453465.23-P1P2	0	0	0
BUB1B_-_40453637.23-P1P2	0	0	0
BUB1_+_111435409.23-P1P2	0	0	0
BUB1_+_111435626.23-P1P2	0	0	0
BUB1_+_111435629.23-P1P2	0	0	0
BUB1_-_111435255.23-P1P2	0	0	0
BUB1_-_111435363.23-P1P2	0	0	0
C17orf75_+_30669166.23-P1P2	5741	3264	6680
C17orf75_+_30669177.23-P1P2	1284	2618	1808
C17orf75_+_30669187.23-P1P2	0	0	0
C17orf75_-_30668957.23-P1P2	612	0	0
C17orf75_-_30669152.23-P1P2	1113	1	4692
C1QA_+_22963136.23-P1P2	2387	5401	1641
C1QA_-_22963175.23-P1P2	991	1	2010
C1QA_-_22963188.23-P1P2	0	0	0
C1QA_-_22963535.23-P1P2	0	0	0
C1QA_-_22963573.23-P1P2	0	0	0
C1QB_+_22979710.23-P1P2	0	0	0
C1QB_+_22980169.23-P1P2	0	0	0
C1QB_-_22979726.23-P1P2	2425	7	3064
C1QB_-_22979740.23-P1P2	458	0	0
C1QB_-_22979843.23-P1P2	785	6	1481
C1QC_+_22970540.23-P1P2	0	0	0
C1QC_+_22970582.23-P1P2	0	0	0
C1QC_-_22970169.23-P1P2	1665	0	0
C1QC_-_22970394.23-P1P2	476	0	0
C1QC_-_22970626.23-P1P2	0	0	0
C1R_+_7244994.23-P1P2	0	0	0
C1R_+_7245016.23-P1P2	5739	6880	5
C1R_-_7244605.23-P1P2	218	1	0
C1R_-_7244637.23-P1P2	2629	3	0
C1R_-_7245010.23-P1P2	0	0	0
C1S_-_7168019.23-P1P2	0	0	0
C1S_-_7168049.23-P1P2	0	0	0
C1S_-_7168083.23-P1P2	3762	6	3099
C1S_-_7168284.23-P1P2	1718	2765	4
C1S_-_7168456.23-P1P2	1512	1	2
C3_+_6720438.23-P1P2	2719	3042	1
C3_+_6720583.23-P1P2	1419	2655	2
C3_-_6720213.23-P1P2	0	0	0
C3_-_6720601.23-P1P2	2422	3	0
C3_-_6720634.23-P1P2	0	0	0
C4A_+_31949813.23-ENST00000428956.2	4623	5214	835
C4A_+_31949863.23-ENST00000428956.2	0	0	0
C4A_+_31949878.23-ENST00000428956.2	5512	4463	4492
C4A_-_31950166.23-ENST00000428956.2	4841	1824	7115
C4A_-_31950176.23-ENST00000428956.2	1024	1	0
C4B_+_31982551.23-ENST00000435363.2	4623	5214	835
C4B_+_31982601.23-ENST00000435363.2	0	0	0
C4B_+_31982616.23-ENST00000435363.2	5512	4463	4492
C4B_-_31982904.23-ENST00000435363.2	4841	1824	7115
C4B_-_31982914.23-ENST00000435363.2	1024	1	0
C5_+_123812097.23-P1P2	1220	5837	4
C5_+_123812471.23-P1P2	1057	0	0
C5_-_123812525.23-P1P2	0	0	0
C5_-_123812529.23-P1P2	0	0	0
C5_-_123812532.23-P1P2	0	0	0
C8G_+_139839778.23-P1P2	0	0	0
C8G_+_139840046.23-P1P2	2403	5	2
C8G_+_139840055.23-P1P2	1506	0	1686
C8G_-_139839725.23-P1P2	933	9915	2
C8G_-_139839737.23-P1P2	3070	5	4157
C9orf96_+_136243280.23-P1P2	2014	2112	1563
C9orf96_+_136243653.23-P1P2	1428	0	0
C9orf96_+_136243686.23-P1P2	0	0	0
C9orf96_-_136243249.23-P1P2	1083	2	3
C9orf96_-_136243277.23-P1P2	811	1	78
CA10_+_50235397.23-P1P2	0	0	0
CA10_+_50235658.23-P1P2	1604	1	1014
CA10_+_50235675.23-P1P2	2851	4	1636
CA10_+_50236049.23-P1P2	666	1	0
CA10_-_50235685.23-P1P2	6191	2812	4414
CA11_+_49148840.23-P1P2	3369	4	0
CA11_+_49148889.23-P1P2	4428	0	1
CA11_+_49149263.23-P1P2	0	0	0
CA11_+_49149355.23-P1P2	1539	0	882
CA11_-_49148908.23-P1P2	2480	6360	2074
CA12_+_63673833.23-P1P2	1260	1901	0
CA12_+_63673971.23-P1P2	1635	0	0
CA12_+_63674021.23-P1P2	3652	4302	2793
CA12_+_63674036.23-P1P2	0	0	0
CA12_+_63674039.23-P1P2	0	0	0
CA13_+_86157720.23-P1P2	2763	2743	1053
CA13_+_86158000.23-P1P2	1159	1	0
CA13_-_86157748.23-P1P2	2413	2	1226
CA13_-_86157765.23-P1P2	3700	2	1853
CA13_-_86158065.23-P1P2	1386	3181	1663
CA14_+_150230498.23-P1P2	0	0	0
CA14_+_150230512.23-P1P2	0	0	0
CA14_-_150230678.23-P1P2	0	0	0
CA14_-_150230691.23-P1P2	0	0	0
CA14_-_150230796.23-P1P2	0	0	0
CA1_+_86290323.23-P1P2	0	0	0
CA1_-_86290107.23-P1P2	0	0	0
CA1_-_86290317.23-P1P2	0	0	0
CA1_-_86290329.23-P1P2	741	7433	4661
CA1_-_86290335.23-P1P2	0	0	0
CA2_+_86376258.23-P1P2	0	0	0
CA2_+_86376261.23-P1P2	1580	4	0
CA2_+_86376264.23-P1P2	3349	2751	1324
CA2_+_86376646.23-P1P2	2010	5	1472
CA2_-_86376327.23-P1P2	0	0	0
CA3_-_86351097.23-P1P2	1398	4419	1514
CA3_-_86351128.23-P1P2	0	0	0
CA3_-_86351132.23-P1P2	3264	1	1
CA3_-_86351141.23-P1P2	2448	399	1
CA3_-_86351154.23-P1P2	2391	1	3859
CA4_+_58227730.23-P1P2	2736	3770	1845
CA4_-_58227374.23-P1P2	622	1806	1599
CA4_-_58227431.23-P1P2	0	0	0
CA4_-_58227726.23-P1P2	1289	1	0
CA4_-_58227740.23-P1P2	0	0	0
CA5A_+_87969813.23-P1P2	1062	4	1306
CA5A_+_87969837.23-P1P2	1348	2	1
CA5A_+_87969844.23-P1P2	0	0	0
CA5A_-_87969821.23-P1P2	1143	2	779
CA5A_-_87969831.23-P1P2	1139	3	3518
CA5B_-_15756390.23-P1P2	1750	2	0
CA5B_-_15756434.23-P1P2	0	0	0
CA5B_-_15756445.23-P1P2	1533	11110	2622
CA5B_-_15756485.23-P1P2	445	3	2174
CA5B_-_15756902.23-P1P2	0	0	0
CA6_+_9005952.23-P1P2	1439	2	0
CA6_+_9005970.23-P1P2	2135	2	1888
CA6_+_9005994.23-P1P2	0	0	0
CA6_+_9006029.23-P1P2	3309	1	4
CA6_-_9005951.23-P1P2	2665	6	1780
CA7_+_66878691.23-P1P2	1538	2	1878
CA7_+_66878722.23-P1P2	0	0	0
CA7_-_66878344.23-P1P2	2638	7	1870
CA7_-_66878359.23-P1P2	2625	1280	999
CA7_-_66878370.23-P1P2	2941	1	1723
CA8_-_61193459.23-P1P2	0	0	0
CA8_-_61193488.23-P1P2	1464	0	0
CA8_-_61193708.23-P1P2	574	2	2311
CA8_-_61193712.23-P1P2	0	0	0
CA8_-_61193912.23-P1P2	667	7	5359
CA9_+_35673915.23-P1P2	2617	2359	1869
CA9_+_35673940.23-P1P2	0	0	0
CA9_+_35673977.23-P1P2	2493	3672	1
CA9_+_35673986.23-P1P2	1377	1	2700
CA9_+_35674418.23-P1P2	0	0	0
CACNA1A_+_13616881.23-P1P2	969	0	0
CACNA1A_+_13617110.23-P1P2	0	0	0
CACNA1A_-_13616825.23-P1P2	0	0	0
CACNA1A_-_13617085.23-P1P2	1281	4	6553
CACNA1A_-_13617196.23-P1P2	3368	5249	1530
CACNA1B_+_140772223.23-P1P2	2402	1	1441
CACNA1B_+_140772667.23-P1P2	0	0	0
CACNA1B_-_140772283.23-P1P2	4137	2505	1476
CACNA1B_-_140772666.23-P1P2	0	0	0
CACNA1B_-_140772681.23-P1P2	3753	4101	4
CACNA1C_+_2162254.23-P1P2	1517	0	0
CACNA1C_+_2162389.23-P1P2	1118	3	2906
CACNA1C_-_2162196.23-P1P2	0	0	0
CACNA1C_-_2162574.23-P1P2	0	0	0
CACNA1C_-_2162603.23-P1P2	0	0	0
CACNA1D_+_53528694.23-P1P2	808	2670	1539
CACNA1D_+_53528698.23-P1P2	2876	5	4428
CACNA1D_+_53528720.23-P1P2	1131	4732	3296
CACNA1D_-_53528740.23-P1P2	0	0	0
CACNA1D_-_53529084.23-P1P2	0	0	0
CACNA1I_+_39966778.23-P1P2	0	0	0
CACNA1I_+_39966811.23-P1P2	5031	7	5272
CACNA1I_+_39966957.23-P1P2	2638	10669	9
CACNA1I_-_39967145.23-P1P2	0	0	0
CACNA1I_-_39967156.23-P1P2	1681	2	1966
CACNA1S_+_201081196.23-P1P2	1555	1	1
CACNA1S_+_201081501.23-P1P2	3459	3	3488
CACNA1S_+_201081522.23-P1P2	0	0	0
CACNA1S_+_201081538.23-P1P2	0	0	0
CACNA1S_+_201081543.23-P1P2	1324	0	0
CACNA2D1_-_82072818.23-P1P2	1940	2	1
CACNA2D1_-_82072843.23-P1P2	4804	4	1853
CACNA2D1_-_82073236.23-P1P2	1215	1	1
CACNA2D1_-_82073246.23-P1P2	0	0	0
CACNA2D1_-_82073256.23-P1P2	1602	1430	4909
CACNA2D2_+_50540967.23-P1P2	4274	4	1657
CACNA2D2_-_50540593.23-P1P2	1115	4504	2402
CACNA2D2_-_50540709.23-P1P2	3887	2	4
CACNA2D2_-_50540994.23-P1P2	2465	1	1721
CACNA2D2_-_50541020.23-P1P2	1181	1	2691
CACNB1_+_37353849.23-P1P2	1489	2336	1
CACNB1_+_37353862.23-P1P2	6494	5	3566
CACNB1_+_37353871.23-P1P2	331	4	5930
CACNB1_-_37353807.23-P1P2	5524	9199	3049
CACNB1_-_37353836.23-P1P2	2240	8852	3
CACNB2_+_18429385.23-P1	0	0	0
CACNB2_+_18429774.23-P1	0	0	0
CACNB2_-_18429734.23-P1	0	0	0
CACNB2_-_18429752.23-P1	1906	0	1
CACNB2_-_18429764.23-P1	8142	10678	5295
CACNB2_-_18689826.23-P2	0	0	0
CACNB2_-_18689893.23-P2	1421	1	1781
CACNB2_-_18689946.23-P2	4383	8004	3505
CACNB2_-_18690041.23-P2	0	0	0
CACNB2_-_18690056.23-P2	3034	3	1
CACNB3_+_49209404.23-P2	1372	0	0
CACNB3_+_49209796.23-P2	0	0	0
CACNB3_+_49212301.23-P1	2973	2459	1976
CACNB3_+_49212320.23-P1	4212	6	2667
CACNB3_+_49212331.23-P1	5980	3	1359
CACNB3_+_49212707.23-P1	857	6164	4
CACNB3_-_49209408.23-P2	4533	760	8329
CACNB3_-_49209594.23-P2	0	0	0
CACNB3_-_49209628.23-P2	1554	4759	1599
CACNB3_-_49212309.23-P1	1998	2974	5
CACNB4_+_152830050.23-ENST00000360283.6,ENST00000534999.1	0	0	0
CACNB4_+_152830465.23-ENST00000360283.6,ENST00000534999.1	2618	2	3689
CACNB4_+_152830507.23-ENST00000360283.6,ENST00000534999.1	0	0	0
CACNB4_-_152830409.23-ENST00000360283.6,ENST00000534999.1	0	0	0
CACNB4_-_152830517.23-ENST00000360283.6,ENST00000534999.1	1217	2	1585
CACNG1_+_65040694.23-P1P2	1272	6498	3
CACNG1_+_65040715.23-P1P2	991	0	3497
CACNG1_+_65040719.23-P1P2	0	0	0
CACNG1_+_65040747.23-P1P2	1434	7172	1
CACNG1_-_65040753.23-P1P2	4538	3	2
CALM1_+_90863400.23-P1P2	0	0	0
CALM1_+_90863405.23-P1P2	1212	5074	814
CALM1_+_90863779.23-P1P2	0	0	0
CALM1_-_90863396.23-P1P2	0	0	0
CALM1_-_90863816.23-P1P2	0	0	0
CALM2_+_47403639.23-P1P2	0	0	0
CALM2_+_47403965.23-P1P2	0	0	0
CALM2_+_47404016.23-P1P2	5535	4	1614
CALM2_-_47403403.23-P1P2	0	0	0
CALM2_-_47403900.23-P1P2	1203	7154	4
CALM3_+_47104530.23-ENST00000291295.9	1671	2	1342
CALM3_-_47104549.23-ENST00000291295.9	1299	4	1887
CALM3_-_47104749.23-ENST00000291295.9	1554	1	0
CALM3_-_47104879.23-ENST00000291295.9	0	0	0
CALM3_-_47104989.23-ENST00000291295.9	0	0	0
CALR_+_13049424.23-P1P2	0	0	0
CALR_+_13049478.23-P1P2	0	0	0
CALR_-_13049450.23-P1P2	5789	5	4884
CALR_-_13049826.23-P1P2	0	0	0
CALR_-_13050827.23-P1P2	1384	2697	1114
CALY_+_135139581.23-P2	2076	0	1
CALY_+_135139764.23-P2	1590	2	1858
CALY_+_135149991.23-P1	3508	3033	2
CALY_+_135150007.23-P1	3770	5	2
CALY_-_135139307.23-P2	604	721	7191
CALY_-_135139731.23-P2	0	0	0
CALY_-_135139792.23-P2	0	0	0
CALY_-_135150342.23-P1	1258	5	2148
CALY_-_135150351.23-P1	858	3	1891
CALY_-_135150376.23-P1	1125	6106	4923
CAMK1D_+_12391983.23-P1P2	1820	7427	5
CAMK1D_+_12392022.23-P1P2	1465	2	1221
CAMK1D_+_12392167.23-P1P2	1515	2902	1
CAMK1D_-_12391587.23-P1P2	0	0	0
CAMK1D_-_12391597.23-P1P2	0	0	0
CAMK1G_+_209757057.23-P1	0	0	0
CAMK1G_+_209757104.23-P1	0	0	0
CAMK1G_+_209757456.23-P1	0	0	0
CAMK1G_+_209781037.23-P2	0	0	0
CAMK1G_+_209781053.23-P2	1390	4	2252
CAMK1G_+_209781059.23-P2	0	0	0
CAMK1G_+_209781088.23-P2	0	0	0
CAMK1G_-_209757073.23-P1	0	0	0
CAMK1G_-_209757484.23-P1	788	0	1547
CAMK1G_-_209781067.23-P2	0	0	0
CAMK1_+_9811178.23-P1P2	1166	3	1177
CAMK1_+_9811259.23-P1P2	2505	3	1
CAMK1_+_9811576.23-P1P2	4167	3	2964
CAMK1_-_9811423.23-P1P2	675	6	2500
CAMK1_-_9811451.23-P1P2	0	0	0
CAMK2A_+_149668898.23-P1P2	0	0	0
CAMK2A_+_149669087.23-P1P2	0	0	0
CAMK2A_+_149669255.23-P1P2	0	0	0
CAMK2A_+_149669276.23-P1P2	0	0	0
CAMK2A_+_149669307.23-P1P2	0	0	0
CAMK2B_+_44364942.23-P1P2	669	0	0
CAMK2B_+_44364958.23-P1P2	0	0	0
CAMK2B_-_44364988.23-P1P2	0	0	0
CAMK2B_-_44365012.23-P1P2	0	0	0
CAMK2B_-_44365131.23-P1P2	2874	9484	3476
CAMK2D_+_114682914.23-P1P2	1213	0	0
CAMK2D_-_114682323.23-P1P2	2333	1352	4069
CAMK2D_-_114682840.23-P1P2	0	0	0
CAMK2D_-_114682878.23-P1P2	5156	6	3168
CAMK2D_-_114682883.23-P1P2	1470	5	2
CAMK2G_+_75634255.23-P1P2	0	0	0
CAMK2G_-_75633906.23-P1P2	0	0	0
CAMK2G_-_75634117.23-P1P2	2894	0	2
CAMK2G_-_75634264.23-P1P2	5543	0	4
CAMK2G_-_75634301.23-P1P2	0	0	0
CAMK2N1_-_20812260.23-P1P2	1309	3	1
CAMK2N1_-_20812324.23-P1P2	2272	3	3883
CAMK2N1_-_20812336.23-P1P2	50	0	1
CAMK2N1_-_20812403.23-P1P2	0	0	0
CAMK2N1_-_20812471.23-P1P2	0	0	0
CAMK4_+_110560439.23-P1P2	1606	5	2147
CAMK4_+_110560518.23-P1P2	1463	1073	788
CAMK4_+_110560576.23-P1P2	1281	2	1793
CAMK4_-_110560134.23-P1P2	3813	9908	3226
CAMK4_-_110560347.23-P1P2	3588	2095	1019
CAMKK1_+_3796149.23-P1P2	0	0	0
CAMKK1_+_3796272.23-P1P2	3571	3	4709
CAMKK1_-_3795976.23-P1P2	0	0	0
CAMKK1_-_3796085.23-P1P2	1116	1	1733
CAMKK1_-_3796331.23-P1P2	497	1	3214
CAMKK2_+_121734109.23-P1P2	1837	3490	3231
CAMKK2_+_121734321.23-P1P2	3755	688	2642
CAMKK2_-_121734139.23-P1P2	3142	5106	1887
CAMKK2_-_121734444.23-P1P2	4672	5724	2
CAMKK2_-_121734488.23-P1P2	2479	2	1615
CAMKV_+_49906896.23-P1P2	2646	1	1
CAMKV_+_49907271.23-P1P2	778	2146	2009
CAMKV_+_49907311.23-P1P2	4681	2787	3564
CAMKV_-_49906913.23-P1P2	0	0	0
CAMKV_-_49907319.23-P1P2	942	1	1250
CAMLG_+_134074236.23-P1P2	1457	1	0
CAMLG_+_134074249.23-P1P2	0	0	0
CAMLG_+_134074282.23-P1P2	406	0	0
CAMLG_+_134074669.23-P1P2	0	0	0
CAMLG_-_134074322.23-P1P2	1202	2	1
CAMP_+_48265026.23-P1P2	2217	5958	1774
CAMP_+_48265373.23-P1P2	0	0	0
CAMP_-_48264975.23-P1P2	1378	0	1
CAMP_-_48264983.23-P1P2	1192	0	2
CAMP_-_48265020.23-P1P2	0	0	0
CANT1_+_77005768.23-P1P2	3271	3	1438
CANT1_-_77005380.23-P1P2	1245	2	1943
CANT1_-_77005406.23-P1P2	1510	1	0
CANT1_-_77005439.23-P1P2	1347	1	1
CANT1_-_77005778.23-P1P2	1899	0	1
CANX_+_179125981.23-P1	1967	10	3869
CANX_+_179126015.23-P1	0	0	0
CANX_+_179126021.23-P1	0	0	0
CANX_+_179133102.23-P2	936	0	0
CANX_-_179125947.23-P1	0	0	0
CANX_-_179126011.23-P1	5820	10249	1355
CANX_-_179132749.23-P2	0	0	0
CANX_-_179132963.23-P2	0	0	0
CANX_-_179133132.23-P2	0	0	0
CANX_-_179133208.23-P2	1782	0	0
CAPN1_+_64949419.23-P1P2	0	0	0
CAPN1_+_64949444.23-P1P2	0	0	0
CAPN1_+_64949477.23-P1P2	0	0	0
CAPN1_+_64949856.23-P1P2	2898	2	1607
CAPN1_-_64949451.23-P1P2	1682	10301	5742
CAPNS1_+_36631379.23-P1P2	1323	0	1
CAPNS1_+_36631398.23-P1P2	0	0	0
CAPNS1_+_36631483.23-P1P2	0	0	0
CAPNS1_-_36631046.23-P1P2	0	0	0
CAPNS1_-_36631056.23-P1P2	1262	2	529
CARTPT_+_71015180.23-P1P2	0	0	0
CARTPT_+_71015560.23-P1P2	1909	1865	2006
CARTPT_-_71015511.23-P1P2	5533	5	5
CARTPT_-_71015526.23-P1P2	1178	0	4
CARTPT_-_71015538.23-P1P2	1370	1	3102
CASK_+_41782332.23-P1P2	0	0	0
CASK_+_41782335.23-P1P2	0	0	0
CASK_-_41782259.23-P1P2	2208	0	2
CASK_-_41782289.23-P1P2	0	0	0
CASK_-_41782698.23-P1P2	2980	1	1278
CASP7_+_115439705.23-P1P2	1616	1	0
CASP7_+_115439715.23-P1P2	1570	2	4077
CASP7_+_115439718.23-P1P2	3835	6564	1876
CASP7_+_115440132.23-P1P2	0	0	0
CASP7_-_115439692.23-P1P2	0	0	0
CASR_+_121902901.23-P1P2	1109	3583	1660
CASR_+_121902954.23-P1P2	716	0	1
CASR_-_121902593.23-P1P2	1534	2	4
CASR_-_121902759.23-P1P2	2254	1	1351
CASR_-_121903029.23-P1P2	1301	2	2489
CAST_+_95998193.23-P2	1717	3	1866
CAST_+_95998268.23-P2	671	1194	144
CAST_+_96038587.23-P1	2760	3	3628
CAST_+_96038681.23-P1	2301	0	1075
CAST_+_96038695.23-P1	1325	4776	1373
CAST_-_95997966.23-P2	0	0	0
CAST_-_95997979.23-P2	2608	3	3475
CAST_-_95998431.23-P2	0	0	0
CAST_-_96038519.23-P1	0	0	0
CAST_-_96038545.23-P1	4261	5952	3043
CAT_+_34460511.23-P1	1484	4	3998
CAT_+_34460525.23-P1	0	0	0
CAT_+_34460551.23-P1	0	0	0
CAT_+_34478217.23-P2	1562	0	1
CAT_-_34460507.23-P1	0	0	0
CAT_-_34460861.23-P1	1851	4524	3325
CAT_-_34478248.23-P2	1270	2	0
CAT_-_34478256.23-P2	0	0	0
CAT_-_34478267.23-P2	0	0	0
CAT_-_34478703.23-P2	0	0	0
CBR1_+_37442295.23-P1P2	758	7600	3
CBR1_+_37442368.23-P1P2	0	0	0
CBR1_-_37442302.23-P1P2	2377	1	0
CBR1_-_37442339.23-P1P2	0	0	0
CBR1_-_37442702.23-P1P2	2884	5068	3392
CBS_-_44495505.23-P1P2	1612	1	3455
CBS_-_44495867.23-P1P2	2692	4429	2
CBS_-_44495886.23-P1P2	5108	5	1999
CBS_-_44495894.23-P1P2	0	0	0
CBS_-_44495934.23-P1P2	2570	2542	1978
CCBL1_+_131644175.23-P1P2	0	0	0
CCBL1_+_131644186.23-P1P2	0	0	0
CCBL1_+_131644194.23-P1P2	0	0	0
CCBL1_+_131644214.23-P1P2	0	0	0
CCBL1_-_131644221.23-P1P2	843	11904	3
CCBL2_+_89458258.23-P1P2	2289	1	0
CCBL2_+_89458266.23-P1P2	1570	4998	2712
CCBL2_+_89458283.23-P1P2	1205	0	0
CCBL2_+_89458288.23-P1P2	0	0	0
CCBL2_+_89458291.23-P1P2	4591	4172	1879
CCKAR_+_26491666.23-P1P2	2110	4	4253
CCKAR_+_26491712.23-P1P2	0	0	0
CCKAR_+_26492035.23-P1P2	0	0	0
CCKAR_+_26492061.23-P1P2	1282	4	0
CCKAR_-_26491843.23-P1P2	1688	3	6025
CCL8_+_32646505.23-P1P2	0	0	0
CCL8_+_32646511.23-P1P2	2425	3426	1059
CCL8_+_32646710.23-P1P2	0	0	0
CCL8_-_32646449.23-P1P2	1584	5514	1
CCL8_-_32646459.23-P1P2	0	0	0
CCR5_+_46412474.23-P1P2	998	3007	3
CCR5_+_46412818.23-P1P2	2394	1	2
CCR5_+_46412844.23-P1P2	1002	1	0
CCR5_+_46412888.23-P1P2	0	0	0
CCR5_-_46412917.23-P1P2	1716	0	2
CCT3_+_156308067.23-P1P2	0	0	0
CCT3_-_156307687.23-P1P2	0	0	0
CCT3_-_156307863.23-P1P2	0	0	0
CCT3_-_156307976.23-P1P2	0	0	0
CCT3_-_156307996.23-P1P2	2855	5600	3858
CD1A_+_158224667.23-P1P2	404	1	2
CD1A_-_158224219.23-P1P2	1549	7169	9
CD1A_-_158224222.23-P1P2	3555	2	2
CD1A_-_158224302.23-P1P2	1120	3307	0
CD1A_-_158224724.23-P1P2	0	0	0
CD1D_+_158150733.23-P1P2	2616	6285	5223
CD1D_+_158151143.23-P1P2	4646	1	5
CD1D_-_158150703.23-P1P2	1659	1	0
CD1D_-_158150719.23-P1P2	0	0	0
CD1D_-_158150739.23-P1P2	0	0	0
CD209_+_7811980.23-P1P2	1116	2	0
CD209_+_7812402.23-P1P2	0	0	0
CD209_+_7812451.23-P1P2	0	0	0
CD209_+_7812455.23-P1P2	0	0	0
CD209_-_7812435.23-P1P2	0	0	0
CD247_+_167487323.23-P1P2	0	0	0
CD247_+_167487350.23-P1P2	1384	2	3027
CD247_+_167487623.23-P1P2	1148	7	5922
CD247_-_167487282.23-P1P2	942	3	2782
CD247_-_167487768.23-P1P2	39	0	1874
CD33_+_51729005.23-P1P2	0	0	0
CD33_+_51729086.23-P1P2	829	2	3693
CD33_+_51729159.23-P1P2	0	0	0
CD33_+_51729507.23-P1P2	0	0	0
CD33_-_51728897.23-P1P2	1431	1	0
CD3D_+_118213247.23-P1P2	2521	4695	5688
CD3D_+_118213387.23-P1P2	1662	1	1311
CD3D_+_118213391.23-P1P2	0	0	0
CD3D_-_118213331.23-P1P2	0	0	0
CD3D_-_118213377.23-P1P2	0	0	0
CD3E_+_118175516.23-P1P2	0	0	0
CD3E_+_118175886.23-P1P2	2798	15961	4691
CD3E_-_118175491.23-P1P2	0	0	0
CD3E_-_118175687.23-P1P2	691	4	970
CD3E_-_118175913.23-P1P2	0	0	0
CD3G_+_118215108.23-P1P2	2200	1	1
CD3G_+_118215119.23-P1P2	48	0	0
CD3G_+_118215516.23-P1P2	0	0	0
CD3G_-_118215053.23-P1P2	0	0	0
CD3G_-_118215076.23-P1P2	5963	4	1068
CD46_+_207925463.23-P1P2	0	0	0
CD46_+_207925964.23-P1P2	2330	2	797
CD46_-_207925473.23-P1P2	852	1	0
CD46_-_207925851.23-P1P2	0	0	0
CD46_-_207925976.23-P1P2	2432	2	0
CD4_+_6898750.23-P1P2	1489	2965	1332
CD4_+_6898908.23-P1P2	0	0	0
CD4_-_6899142.23-P1P2	2992	3	907
CD4_-_6899161.23-P1P2	0	0	0
CD4_-_6899175.23-P1P2	0	0	0
CD52_+_26644443.23-P1P2	1224	1815	4
CD52_+_26644446.23-P1P2	0	0	0
CD52_+_26644480.23-P1P2	0	0	0
CD52_+_26644903.23-P1P2	0	0	0
CD52_-_26644811.23-P1P2	0	0	0
CD55_+_207495045.23-P1P2	2052	7	6532
CD55_+_207495088.23-P1P2	1433	8045	1220
CD55_+_207495720.23-P1P2	0	0	0
CD55_-_207495079.23-P1P2	0	0	0
CD55_-_207495267.23-P1P2	807	2	2
CD80_+_119278427.23-P1P2	0	0	0
CD80_-_119278036.23-P1P2	0	0	0
CD80_-_119278157.23-P1P2	0	0	0
CD80_-_119278188.23-P1P2	0	0	0
CD80_-_119278501.23-P1P2	0	0	0
CD86_+_121774694.23-P1	2743	2	2
CD86_+_121796717.23-P2	1655	0	1
CD86_-_121774225.23-P1	1357	2	1
CD86_-_121774236.23-P1	1433	2	2103
CD86_-_121774287.23-P1	0	0	0
CD86_-_121774297.23-P1	0	0	0
CD86_-_121796729.23-P2	1205	2	0
CD86_-_121796768.23-P2	5359	5	2
CD86_-_121796926.23-P2	0	0	0
CD86_-_121797180.23-P2	0	0	0
CDA_+_20915608.23-P1P2	1387	2	2176
CDA_+_20915714.23-P1P2	0	0	0
CDA_+_20916096.23-P1P2	0	0	0
CDA_-_20915533.23-P1P2	0	0	0
CDA_-_20915957.23-P1P2	1966	4	3572
CDC14A_+_100818072.23-P1P2	2437	2220	1
CDC14A_+_100818076.23-P1P2	3018	2	1
CDC14A_+_100818093.23-P1P2	2083	4570	4383
CDC14A_+_100818104.23-P1P2	4355	7	2024
CDC14A_-_100818042.23-P1P2	0	0	0
CDC14B_-_99381314.23-P1P2	0	0	0
CDC14B_-_99381352.23-P1P2	0	0	0
CDC14B_-_99381431.23-P1P2	2573	5	0
CDC14B_-_99382080.23-P1P2	0	0	0
CDC14B_-_99382112.23-P1P2	0	0	0
CDC25A_+_48229063.23-P1P2	1168	3330	3787
CDC25A_+_48229841.23-P1P2	3009	3	1256
CDC25A_+_48229851.23-P1P2	0	0	0
CDC25A_-_48229649.23-P1P2	2505	5359	1701
CDC25A_-_48229900.23-P1P2	0	0	0
CDC25B_+_3776964.23-P1P2	3267	2	4863
CDC25B_+_3777015.23-P1P2	0	0	0
CDC25B_-_3776960.23-P1P2	0	0	0
CDC25B_-_3776969.23-P1P2	0	0	0
CDC25B_-_3777393.23-P1P2	1242	0	1931
CDC25C_+_137667466.23-P1P2	2652	2717	3
CDC25C_-_137667079.23-P1P2	0	0	0
CDC25C_-_137667425.23-P1P2	1021	1	0
CDC25C_-_137667439.23-P1P2	840	3	3542
CDC25C_-_137667477.23-P1P2	0	0	0
CDC42BPA_+_227505740.23-P1P2	3923	2	2
CDC42BPA_+_227506098.23-P1P2	1045	2035	1682
CDC42BPA_+_227506138.23-P1P2	1522	1	1
CDC42BPA_+_227506150.23-P1P2	1862	4	1996
CDC42BPA_-_227506038.23-P1P2	0	0	0
CDC42BPB_+_103523492.23-P1P2	2627	3	3213
CDC42BPB_+_103523823.23-P1P2	1708	5183	4
CDC42BPB_+_103523826.23-P1P2	2474	2	1007
CDC42BPB_-_103523702.23-P1P2	0	0	0
CDC42BPB_-_103523842.23-P1P2	0	0	0
CDC42BPG_+_64612032.23-P1P2	1273	2570	2968
CDC42BPG_+_64612114.23-P1P2	0	0	0
CDC42BPG_+_64612119.23-P1P2	0	0	0
CDC42BPG_-_64611754.23-P1P2	4046	7	1691
CDC42BPG_-_64612078.23-P1P2	4626	6625	9
CDC42SE2_+_130599905.23-P1P2	1891	2	1781
CDC42SE2_+_130600194.23-P1P2	0	0	0
CDC42SE2_-_130600145.23-P1P2	1384	2	2
CDC42SE2_-_130600179.23-P1P2	1559	0	1
CDC42SE2_-_130600227.23-P1P2	1536	3	1030
CDC7_+_91966479.23-P1P2	0	0	0
CDC7_+_91966603.23-P1P2	0	0	0
CDC7_+_91966764.23-P1P2	0	0	0
CDC7_-_91966438.23-P1P2	878	1	1291
CDC7_-_91966696.23-P1P2	0	0	0
CDH5_+_66400649.23-P1P2	1225	6	3037
CDH5_+_66400984.23-P1P2	0	0	0
CDH5_-_66400630.23-P1P2	2900	2	1846
CDH5_-_66400656.23-P1P2	0	0	0
CDH5_-_66400791.23-P1P2	1887	1	2114
CDK10_+_89753127.23-P1P2	0	0	0
CDK10_-_89753103.23-P1P2	4020	2	1
CDK10_-_89753124.23-P1P2	6864	5	1392
CDK10_-_89753136.23-P1P2	1275	6651	2903
CDK10_-_89753493.23-P1P2	0	0	0
CDK11A_+_1655695.23-P1P2	7883	3723	2
CDK11A_+_1655742.23-P1P2	0	0	0
CDK11A_+_1655752.23-P1P2	0	0	0
CDK11A_+_1655770.23-P1P2	1583	0	1927
CDK11A_-_1655704.23-P1P2	5498	8	6566
CDK11B_+_1588334.23-ENST00000341832.6	1877	1	2
CDK11B_+_1588352.23-ENST00000341832.6	2561	0	876
CDK11B_+_1588642.23-ENST00000341832.6	0	0	0
CDK11B_+_1588798.23-ENST00000317673.7,ENST00000340677.5,ENST00000407249.3	866	0	1498
CDK11B_+_1588853.23-ENST00000317673.7,ENST00000340677.5,ENST00000407249.3	0	0	0
CDK11B_+_1588866.23-ENST00000317673.7,ENST00000340677.5,ENST00000407249.3	0	0	0
CDK11B_-_1588329.23-ENST00000341832.6	0	0	0
CDK11B_-_1588699.23-ENST00000317673.7,ENST00000340677.5,ENST00000407249.3	778	3	1788
CDK11B_-_1588699.23-ENST00000341832.6	778	3	1788
CDK11B_-_1588818.23-ENST00000317673.7,ENST00000340677.5,ENST00000407249.3	0	0	0
CDK12_+_37617979.23-P1P2	0	0	0
CDK12_+_37617986.23-P1P2	0	0	0
CDK12_+_37618135.23-P1P2	0	0	0
CDK12_-_37617819.23-P1P2	0	0	0
CDK12_-_37618045.23-P1P2	0	0	0
CDK13_-_39989713.23-P1P2	2240	2237	3563
CDK13_-_39989840.23-P1P2	0	0	0
CDK13_-_39989849.23-P1P2	2034	0	5024
CDK13_-_39989852.23-P1P2	2442	4559	1
CDK13_-_39990121.23-P1P2	0	0	0
CDK14_+_90225779.23-P1P2	1955	5393	2800
CDK14_+_90225794.23-P1P2	2962	1	0
CDK14_+_90225797.23-P1P2	1469	6	7315
CDK14_-_90226163.23-P1P2	5038	3	2
CDK14_-_90226184.23-P1P2	1340	2	1577
CDK15_+_202671879.23-ENST00000374598.4	1267	0	2919
CDK15_-_202671315.23-ENST00000374598.4	1081	2	1150
CDK15_-_202671459.23-ENST00000374598.4	0	0	0
CDK15_-_202671495.23-ENST00000374598.4	2740	0	77
CDK15_-_202671498.23-ENST00000374598.4	0	0	0
CDK16_+_47078092.23-P1P2	2676	4	2041
CDK16_+_47078142.23-P1P2	1197	1	1892
CDK16_+_47078157.23-P1P2	377	2754	3255
CDK16_+_47078188.23-P1P2	1366	2	0
CDK16_+_47078205.23-P1P2	0	0	0
CDK17_-_96793729.23-P1P2	2635	2	4791
CDK17_-_96793807.23-P1P2	0	0	0
CDK17_-_96793860.23-P1P2	0	0	0
CDK17_-_96793869.23-P1P2	0	0	0
CDK17_-_96794161.23-P1P2	1216	1	0
CDK18_+_205473806.23-P1P2	1241	2	1750
CDK18_+_205473874.23-P1P2	0	0	0
CDK18_+_205474222.23-P1P2	0	0	0
CDK18_+_205474225.23-P1P2	985	1	718
CDK18_-_205474006.23-P1P2	2370	0	0
CDK19_+_111136210.23-P1P2	1461	0	0
CDK19_+_111136227.23-P1P2	2002	1	0
CDK19_+_111136250.23-P1P2	2754	4	2202
CDK19_+_111136611.23-P1P2	2450	1	1
CDK19_-_111136247.23-P1P2	30	13849	4073
CDK1_+_62538309.23-P1P2	0	0	0
CDK1_+_62538726.23-P1P2	0	0	0
CDK1_-_62538284.23-P1P2	0	0	0
CDK1_-_62538382.23-P1P2	0	0	0
CDK1_-_62538605.23-P1P2	0	0	0
CDK20_+_90589064.23-P1P2	548	0	0
CDK20_+_90589392.23-P1P2	1130	0	0
CDK20_+_90589421.23-P1P2	781	2	2041
CDK20_+_90589424.23-P1P2	1176	259	0
CDK20_-_90589076.23-P1P2	1205	0	0
CDK2_+_56360661.23-P1P2	1132	0	795
CDK2_-_56360602.23-P1P2	0	0	0
CDK2_-_56360605.23-P1P2	5834	4	3122
CDK2_-_56360608.23-P1P2	1649	0	1996
CDK2_-_56361096.23-P1P2	3431	2	2
CDK3_+_73975301.23-P1P2	0	0	0
CDK3_+_73975344.23-P1P2	0	0	0
CDK3_+_73975365.23-P1P2	810	2	2441
CDK3_-_73975343.23-P1P2	4997	4	2913
CDK3_-_73975358.23-P1P2	0	0	0
CDK4_+_58146066.23-P1P2	2298	1	1
CDK4_+_58146071.23-P1P2	1576	1	854
CDK4_-_58146046.23-P1P2	1297	2	2353
CDK4_-_58146064.23-P1P2	1392	954	4234
CDK4_-_58146099.23-P1P2	66	2	2399
CDK5R1_+_30813615.23-P1P2	1338	0	1404
CDK5R1_-_30813603.23-P1P2	2012	3429	2
CDK5R1_-_30813611.23-P1P2	0	0	0
CDK5R1_-_30813629.23-P1P2	1320	1	1785
CDK5R1_-_30813632.23-P1P2	0	0	0
CDK5R2_+_219824399.23-P1P2	747	0	2
CDK5R2_+_219824820.23-P1P2	2362	179	3313
CDK5R2_-_219824623.23-P1P2	3193	2	3
CDK5R2_-_219824813.23-P1P2	3564	6822	1228
CDK5R2_-_219824882.23-P1P2	2176	6	4953
CDK5_+_150754783.23-P1P2	1290	0	0
CDK5_+_150754952.23-P1P2	2325	1	1000
CDK5_+_150754962.23-P1P2	1594	0	0
CDK5_-_150754512.23-P1P2	0	0	0
CDK5_-_150754596.23-P1P2	0	0	0
CDK6_+_92463061.23-P2	2407	3	2040
CDK6_+_92463239.23-P2	1141	6	1513
CDK6_+_92465848.23-P1	2522	3282	4955
CDK6_+_92465903.23-P1	0	0	0
CDK6_-_92463228.23-P2	1618	1	1086
CDK6_-_92463237.23-P2	0	0	0
CDK6_-_92463259.23-P2	0	0	0
CDK6_-_92465826.23-P1	1098	1	1
CDK6_-_92465843.23-P1	1320	3	1888
CDK6_-_92465893.23-P1	0	0	0
CDK7_+_68530767.23-P1P2	0	0	0
CDK7_+_68531106.23-P1P2	0	0	0
CDK7_-_68530696.23-P1P2	0	0	0
CDK7_-_68530717.23-P1P2	0	0	0
CDK7_-_68530895.23-P1P2	0	0	0
CDK8_+_26828253.23-P1P2	4443	4229	283
CDK8_+_26828274.23-P1P2	5257	4689	6609
CDK8_+_26828294.23-P1P2	0	0	0
CDK8_-_26828288.23-P1P2	1615	1	2022
CDK8_-_26828453.23-P1P2	2815	5000	1349
CDK9_+_130548739.23-P1P2	0	0	0
CDK9_+_130548853.23-P1P2	1448	4	2987
CDK9_-_130547862.23-P1P2	0	0	0
CDK9_-_130548401.23-P1P2	0	0	0
CDK9_-_130548749.23-P1P2	2514	1	0
CDKL1_+_50863545.23-P1P2	3776	2598	1195
CDKL1_+_50863573.23-P1P2	919	0	0
CDKL1_+_50863588.23-P1P2	1342	5158	2
CDKL1_-_50863559.23-P1P2	1818	1	1290
CDKL1_-_50863564.23-P1P2	1867	4048	1708
CDKL2_+_76555613.23-P1P2	0	0	0
CDKL2_+_76555663.23-P1P2	929	7223	2
CDKL2_+_76555675.23-P1P2	1433	4470	2191
CDKL2_-_76555646.23-P1P2	2844	5650	5
CDKL2_-_76555682.23-P1P2	0	0	0
CDKL3_+_133702210.23-P2	0	0	0
CDKL3_+_133702827.23-P2	1360	1	1
CDKL3_+_133702841.23-P2	5282	3	2
CDKL3_+_133706658.23-P1	1287	1	3348
CDKL3_+_133706664.23-P1	0	0	0
CDKL3_-_133702224.23-P2	0	0	0
CDKL3_-_133702889.23-P2	0	0	0
CDKL3_-_133706263.23-P1	0	0	0
CDKL3_-_133706274.23-P1	2972	2	1856
CDKL3_-_133706536.23-P1	1501	0	1
CDKL4_+_39456624.23-ENST00000378803.1,ENST00000395035.3	0	0	0
CDKL4_+_39456634.23-ENST00000378803.1,ENST00000395035.3	1586	0	0
CDKL4_-_39456218.23-ENST00000378803.1,ENST00000395035.3	1042	4162	1
CDKL4_-_39456253.23-ENST00000378803.1,ENST00000395035.3	2772	2	0
CDKL4_-_39456599.23-ENST00000378803.1,ENST00000395035.3	1522	5381	1
CDKL5_+_18443738.23-P1P2	1103	1219	832
CDKL5_+_18443786.23-P1P2	1113	2	0
CDKL5_+_18444159.23-P1P2	1354	1	3301
CDKL5_-_18443804.23-P1P2	3579	2271	559
CDKL5_-_18444186.23-P1P2	3233	2	1
CDKN1A_+_36646518.23-P1P2	1391	4168	1868
CDKN1A_+_36646528.23-P1P2	5646	10712	938
CDKN1A_-_36646538.23-P1P2	899	4409	4853
CDKN1A_-_36646575.23-P1P2	4385	3	2
CDKN1A_-_36646586.23-P1P2	0	0	0
CDKN1B_+_12870313.23-P1P2	0	0	0
CDKN1B_+_12870316.23-P1P2	1407	4914	2
CDKN1B_+_12870802.23-P1P2	0	0	0
CDKN1B_-_12870352.23-P1P2	0	0	0
CDKN1B_-_12870766.23-P1P2	0	0	0
CDKN1C_+_2906927.23-P1P2	0	0	0
CDKN1C_+_2906930.23-P1P2	3750	7	2
CDKN1C_+_2907024.23-P1P2	2185	5	1648
CDKN1C_-_2906542.23-P1P2	2447	1	2211
CDKN1C_-_2906877.23-P1P2	4797	6578	1738
CDKN2A_+_21974424.23-P2	0	0	0
CDKN2A_+_21974625.23-P2	1081	3	2130
CDKN2A_+_21974671.23-P2	0	0	0
CDKN2A_+_21994035.23-P1	0	0	0
CDKN2A_+_21994326.23-P1	0	0	0
CDKN2A_+_21994362.23-P1	0	0	0
CDKN2A_+_21994383.23-P1	0	0	0
CDKN2A_-_21974525.23-P2	0	0	0
CDKN2A_-_21974795.23-P2	5541	4194	1595
CDKN2A_-_21994389.23-P1	4557	0	1
CDKN2B_+_22008827.23-P1P2	3420	662	6112
CDKN2B_+_22008917.23-P1P2	0	0	0
CDKN2B_+_22008932.23-P1P2	2325	4	5262
CDKN2B_+_22009247.23-P1P2	638	0	0
CDKN2B_+_22009282.23-P1P2	4248	7	9875
CDKN2C_+_51434837.23-P2	0	0	0
CDKN2C_+_51434858.23-P2	0	0	0
CDKN2C_+_51435928.23-P1	0	0	0
CDKN2C_+_51435933.23-P1	460	2	4109
CDKN2C_+_51435947.23-P1	1369	2	1673
CDKN2C_-_51434505.23-P2	1606	3	1749
CDKN2C_-_51434601.23-P2	0	0	0
CDKN2C_-_51434930.23-P2	0	0	0
CDKN2C_-_51435973.23-P1	0	0	0
CDKN2C_-_51435981.23-P1	0	0	0
CDKN2D_+_10679551.23-P1P2	0	0	0
CDKN2D_+_10679612.23-P1P2	1204	3	1
CDKN2D_+_10679629.23-P1P2	0	0	0
CDKN2D_+_10679673.23-P1P2	0	0	0
CDKN2D_-_10679219.23-P1P2	2090	7104	5762
CDKN3_+_54863725.23-P1P2	949	7527	3625
CDKN3_+_54864161.23-P1P2	2760	10997	9
CDKN3_-_54863739.23-P1P2	1297	1	1
CDKN3_-_54863776.23-P1P2	1850	9852	7
CDKN3_-_54864170.23-P1P2	0	0	0
CDO1_+_115151952.23-P1P2	1998	3	1444
CDO1_-_115151890.23-P1P2	920	6553	2047
CDO1_-_115151965.23-P1P2	0	0	0
CDO1_-_115152304.23-P1P2	0	0	0
CDO1_-_115152311.23-P1P2	0	0	0
CEACAM1_+_43025120.23-P2	1234	0	1
CEACAM1_+_43025380.23-P2	1503	4661	4
CEACAM1_+_43025552.23-P2	0	0	0
CEACAM1_+_43032394.23-P1	650	1	1038
CEACAM1_+_43032520.23-P1	1578	1	3030
CEACAM1_-_43025183.23-P2	1360	1	2
CEACAM1_-_43025224.23-P2	0	0	0
CEACAM1_-_43032561.23-P1	0	0	0
CEACAM1_-_43032571.23-P1	0	0	0
CEACAM1_-_43032594.23-P1	1270	2	0
CEACAM5_+_42212565.23-P1P2	2529	7695	5
CEACAM5_+_42212648.23-P1P2	0	0	0
CEACAM5_+_42213012.23-P1P2	3733	4	1323
CEACAM5_-_42212542.23-P1P2	0	0	0
CEACAM5_-_42212807.23-P1P2	0	0	0
CELA1_+_51740006.23-ENST00000293636.1	1705	1	0
CELA1_+_51740031.23-ENST00000293636.1	4279	5638	2806
CELA1_+_51740172.23-ENST00000293636.1	1769	0	0
CELA1_+_51740445.23-ENST00000293636.1	0	0	0
CELA1_-_51740036.23-ENST00000293636.1	0	0	0
CELA2A_+_15783246.23-P1P2	3232	1	3
CELA2A_+_15783596.23-P1P2	4211	0	1867
CELA2A_+_15783605.23-P1P2	0	0	0
CELA2A_+_15783609.23-P1P2	1208	0	1
CELA2A_-_15783624.23-P1P2	547	2	0
CEL_+_135939882.23-P1P2	0	0	0
CEL_+_135940196.23-P1P2	357	0	0
CEL_+_135940322.23-P1P2	1261	4	1
CEL_-_135939878.23-P1P2	1204	0	0
CEL_-_135939951.23-P1P2	0	0	0
CERKL_+_182521806.23-P1	389	4788	1902
CERKL_+_182521818.23-P1	4338	1	1683
CERKL_+_182545155.23-P2	0	0	0
CERKL_+_182545238.23-P2	4167	1817	4107
CERKL_+_182545306.23-P2	621	4	1581
CERKL_+_182545337.23-P2	4645	5	5971
CERKL_-_182521384.23-P1	0	0	0
CERKL_-_182521424.23-P1	1496	2	2511
CERKL_-_182521656.23-P1	5817	8670	2667
CERKL_-_182545320.23-P2	1053	4063	857
CERK_+_47133794.23-P1P2	0	0	0
CERK_+_47133805.23-P1P2	5149	2708	2034
CERK_+_47134030.23-P1P2	0	0	0
CERK_+_47134113.23-P1P2	1336	2	2
CERK_-_47134133.23-P1P2	1424	2770	3
CES1_+_55866580.23-P1P2	3091	5003	5
CES1_-_55866619.23-P1P2	1033	0	0
CES1_-_55866971.23-P1P2	2871	1	6
CES1_-_55866975.23-P1P2	0	0	0
CES1_-_55866991.23-P1P2	1573	2	0
CFB_+_31914158.23-P1P2	1638	4	1086
CFB_+_31914286.23-P1P2	0	0	0
CFB_-_31913896.23-P1P2	0	0	0
CFB_-_31913901.23-P1P2	1521	1	1865
CFB_-_31914221.23-P1P2	1539	1	1
CFD_+_859428.23-P1P2	0	0	0
CFD_+_859706.23-P1P2	1582	5919	4
CFD_+_859721.23-P1P2	1294	2	1474
CFD_-_859613.23-P1P2	0	0	0
CFD_-_860068.23-P1P2	2710	3	986
CFL1_+_65625628.23-P1P2	1260	1	0
CFL1_-_65625251.23-P1P2	0	0	0
CFL1_-_65625594.23-P1P2	0	0	0
CFL1_-_65625654.23-P1P2	0	0	0
CFL1_-_65625699.23-P1P2	4202	5195	1
CFTR_+_117120108.23-P1P2	2774	2217	1
CFTR_+_117120117.23-P1P2	1458	2	1473
CFTR_+_117120137.23-P1P2	0	0	0
CFTR_-_117120085.23-P1P2	1382	3	1241
CFTR_-_117120156.23-P1P2	977	2	0
CGA_+_87797914.23-P2	709	2412	1327
CGA_+_87804729.23-P1	0	0	0
CGA_+_87804779.23-P1	0	0	0
CGA_-_87797547.23-P2	0	0	0
CGA_-_87797847.23-P2	0	0	0
CGA_-_87797852.23-P2	1579	3000	1956
CGA_-_87797940.23-P2	0	0	0
CGA_-_87804516.23-P1	2348	1	3
CGA_-_87804776.23-P1	619	0	0
CGA_-_87804788.23-P1	0	0	0
CHD1_+_98261781.23-P1P2	0	0	0
CHD1_+_98262046.23-P1P2	0	0	0
CHD1_+_98262226.23-P1P2	0	0	0
CHD1_-_98261946.23-P1P2	0	0	0
CHD1_-_98262220.23-P1P2	0	0	0
CHEK1_+_125496255.23-P1P2	0	0	0
CHEK1_+_125496272.23-P1P2	0	0	0
CHEK1_+_125496278.23-P1P2	0	0	0
CHEK1_-_125495912.23-P1P2	0	0	0
CHEK1_-_125495934.23-P1P2	0	0	0
CHEK2_+_29137301.23-P1P2	3057	324	932
CHEK2_+_29137741.23-P1P2	4734	5	1836
CHEK2_+_29137755.23-P1P2	0	0	0
CHEK2_+_29137765.23-P1P2	1449	0	0
CHEK2_+_29138256.23-P1P2	2960	2	1891
CHIA_+_111833460.23-P1P2	0	0	0
CHIA_+_111833487.23-P1P2	0	0	0
CHIA_+_111833752.23-P1P2	2968	4	1573
CHIA_-_111833513.23-P1P2	2729	5	3518
CHIA_-_111833713.23-P1P2	2919	1	3
CHIT1_+_203198297.23-P1P2	1566	0	1
CHIT1_+_203198719.23-P1P2	0	0	0
CHIT1_-_203198582.23-P1P2	1652	2770	1
CHIT1_-_203198733.23-P1P2	1522	2	3193
CHIT1_-_203198778.23-P1P2	1525	2	1335
CHKA_+_67888380.23-P1P2	1258	7153	5
CHKA_-_67888411.23-P1P2	1556	3	1972
CHKA_-_67888689.23-P1P2	1109	0	0
CHKA_-_67888695.23-P1P2	2031	2	1554
CHKA_-_67888823.23-P1P2	2025	5619	9405
CHKB_+_51021054.23-P1P2	727	3	2782
CHKB_+_51021203.23-P1P2	2497	2376	2
CHKB_+_51021206.23-P1P2	2234	1	2329
CHKB_+_51021247.23-P1P2	0	0	0
CHKB_-_51020899.23-P1P2	0	0	0
CHM_+_85302314.23-P1P2	0	0	0
CHM_+_85302319.23-P1P2	3174	5529	503
CHM_+_85302486.23-P1P2	0	0	0
CHM_+_85302529.23-P1P2	0	0	0
CHM_-_85302521.23-P1P2	0	0	0
CHRM1_+_62688731.23-P1P2	0	0	0
CHRM1_+_62688777.23-P1P2	3947	7501	2012
CHRM1_+_62688793.23-P1P2	582	3	1591
CHRM1_+_62688821.23-P1P2	1601	2263	1
CHRM1_-_62688831.23-P1P2	1653	4	4681
CHRM2_+_136553808.23-P1P2	0	0	0
CHRM2_+_136553913.23-P1P2	1490	1	0
CHRM2_-_136553465.23-P1P2	0	0	0
CHRM2_-_136553479.23-P1P2	819	1	1
CHRM2_-_136553862.23-P1P2	1433	6868	1978
CHRM4_+_46407764.23-P1P2	3315	4	2480
CHRM4_+_46408072.23-P1P2	0	0	0
CHRM4_+_46408103.23-P1P2	1682	4	1
CHRM4_+_46408115.23-P1P2	0	0	0
CHRM4_-_46408121.23-P1P2	0	0	0
CHRM5_+_34260704.23-P1P2	0	0	0
CHRM5_+_34261127.23-P1P2	1676	3280	3792
CHRM5_+_34261170.23-P1P2	0	0	0
CHRM5_+_34261347.23-P1P2	0	0	0
CHRM5_-_34261117.23-P1P2	1370	1	1
CHRNA10_+_3692257.23-ENST00000250699.2	0	0	0
CHRNA10_-_3692563.23-ENST00000250699.2	3710	4	2007
CHRNA10_-_3692566.23-ENST00000250699.2	2674	85	2004
CHRNA10_-_3692605.23-ENST00000250699.2	1253	1	1617
CHRNA10_-_3692638.23-ENST00000250699.2	916	0	1403
CHRNA1_+_175628734.23-P1P2	0	0	0
CHRNA1_+_175629161.23-P1P2	2831	6	5869
CHRNA1_-_175628781.23-P1P2	0	0	0
CHRNA1_-_175629142.23-P1P2	4885	3090	832
CHRNA1_-_175629149.23-P1P2	2138	2228	2
CHRNA2_+_27336305.23-P1P2	0	0	0
CHRNA2_+_27336330.23-P1P2	0	0	0
CHRNA2_-_27336407.23-P1P2	0	0	0
CHRNA2_-_27336502.23-P1P2	0	0	0
CHRNA2_-_27336543.23-P1P2	0	0	0
CHRNA3_+_78912882.23-P1P2	5963	4434	2620
CHRNA3_+_78913131.23-P1P2	4020	6	3672
CHRNA3_+_78913301.23-P1P2	2573	8302	1452
CHRNA3_-_78912872.23-P1P2	345	2029	3
CHRNA3_-_78913435.23-P1P2	1512	6	1489
CHRNA4_+_61992225.23-P1P2	0	0	0
CHRNA4_+_61992566.23-P1P2	2780	3	2
CHRNA4_+_61992587.23-P1P2	558	1	3848
CHRNA4_+_61992626.23-P1P2	4620	4	3
CHRNA4_+_61992634.23-P1P2	3424	5	2009
CHRNA5_+_78857876.23-P1P2	0	0	0
CHRNA5_+_78857951.23-P1P2	1394	2	0
CHRNA5_-_78857911.23-P1P2	4389	2	1038
CHRNA5_-_78857914.23-P1P2	3966	7166	2088
CHRNA5_-_78857923.23-P1P2	0	0	0
CHRNA6_-_42623374.23-P1P2	2416	5	2123
CHRNA6_-_42623377.23-P1P2	0	0	0
CHRNA6_-_42623731.23-P1P2	1184	6	3904
CHRNA6_-_42623756.23-P1P2	803	0	0
CHRNA6_-_42623769.23-P1P2	0	0	0
CHRNA7_+_32322752.23-P1P2	2599	9439	2931
CHRNA7_+_32322912.23-P1P2	1115	0	0
CHRNA7_+_32323079.23-P1P2	0	0	0
CHRNA7_+_32323159.23-P1P2	1359	1	2004
CHRNA7_-_32323125.23-P1P2	998	1597	3754
CHRNA9_+_40337357.23-P1P2	0	0	0
CHRNA9_+_40337570.23-P1P2	3201	9640	1236
CHRNA9_+_40337768.23-P1P2	0	0	0
CHRNA9_-_40337393.23-P1P2	5458	5760	4022
CHRNA9_-_40337555.23-P1P2	0	0	0
CHRNB1_-_7348409.23-P1P2	2768	1	2
CHRNB1_-_7348458.23-P1P2	7392	4845	3817
CHRNB1_-_7348808.23-P1P2	0	0	0
CHRNB1_-_7348837.23-P1P2	0	0	0
CHRNB1_-_7348933.23-P1P2	0	0	0
CHRNB2_+_154540730.23-P1P2	5136	9	1835
CHRNB2_-_154540333.23-P1P2	0	0	0
CHRNB2_-_154540371.23-P1P2	4020	4462	2
CHRNB2_-_154540703.23-P1P2	1365	7454	1996
CHRNB2_-_154540770.23-P1P2	519	0	2
CHRNB3_+_42552570.23-P1P2	0	0	0
CHRNB3_+_42552721.23-P1P2	0	0	0
CHRNB3_-_42552516.23-P1P2	0	0	0
CHRNB3_-_42552534.23-P1P2	2870	4	1539
CHRNB3_-_42552810.23-P1P2	0	0	0
CHRNB4_+_78933119.23-P1P2	0	0	0
CHRNB4_+_78933497.23-P1P2	2591	3	3663
CHRNB4_+_78933530.23-P1P2	0	0	0
CHRNB4_+_78933567.23-P1P2	3660	1	2
CHRNB4_-_78933202.23-P1P2	1733	2	1
CHRND_-_233390895.23-P1P2	1230	3	1777
CHRND_-_233390918.23-P1P2	1076	2	4
CHRND_-_233390951.23-P1P2	0	0	0
CHRND_-_233391275.23-P1P2	1125	1	72
CHRND_-_233391333.23-P1P2	861	2	0
CHRNE_+_4806299.23-P1P2	4764	7	3422
CHRNE_-_4805906.23-P1P2	535	2394	1
CHRNE_-_4805971.23-P1P2	0	0	0
CHRNE_-_4806328.23-P1P2	2597	9354	4
CHRNE_-_4806409.23-P1P2	0	0	0
CHRNG_+_233404878.23-P1P2	4185	14484	3
CHRNG_-_233404465.23-P1P2	1532	4	2
CHRNG_-_233404525.23-P1P2	1647	1	1680
CHRNG_-_233404859.23-P1P2	1097	2	1888
CHRNG_-_233404863.23-P1P2	0	0	0
CHUK_+_101988955.23-P1P2	528	2413	1675
CHUK_+_101989308.23-P1P2	2813	2664	3
CHUK_+_101989317.23-P1P2	4737	4	2478
CHUK_-_101989292.23-P1P2	0	0	0
CHUK_-_101989295.23-P1P2	3207	1	1583
CIB2_+_78423551.23-P1P2	2324	2	1
CIB2_+_78423672.23-P1P2	1286	3	2108
CIB2_-_78423608.23-P1P2	2578	1	2158
CIB2_-_78423715.23-P1P2	877	5700	3255
CIB2_-_78423718.23-P1P2	0	0	0
CIB3_+_16284224.23-ENST00000269878.4	0	0	0
CIB3_+_16284300.23-ENST00000269878.4	0	0	0
CIB3_-_16284159.23-ENST00000269878.4	1109	4589	1620
CIB3_-_16284312.23-ENST00000269878.4	743	2	1046
CIB3_-_16284326.23-ENST00000269878.4	872	0	3397
CINP_+_102829149.23-P1P2	0	0	0
CINP_+_102829180.23-P1P2	0	0	0
CINP_-_102829164.23-P1P2	0	0	0
CINP_-_102829679.23-P1P2	1417	2799	2253
CINP_-_102829702.23-P1P2	0	0	0
CIT_+_120315063.23-P1P2	0	0	0
CIT_+_120315100.23-P1P2	0	0	0
CIT_+_120315103.23-P1P2	0	0	0
CIT_-_120314748.23-P1P2	2344	3	2242
CIT_-_120314912.23-P1P2	1557	10009	965
CKB_+_103988681.23-P1P2	3582	2700	3102
CKB_+_103989130.23-P1P2	1823	2	2655
CKB_+_103989134.23-P1P2	2819	6	1273
CKB_-_103988726.23-P1P2	0	0	0
CKB_-_103988769.23-P1P2	4356	7	5745
CKMT1A_+_43985088.23-ENST00000434505.1	4615	5	1592
CKMT1A_+_43986155.23-ENST00000413453.2	3812	6895	1771
CKMT1A_+_43986181.23-ENST00000413453.2	1090	5791	2596
CKMT1A_+_43986191.23-ENST00000413453.2	0	0	0
CKMT1A_-_43985147.23-ENST00000434505.1	1672	941	1
CKMT1A_-_43985155.23-ENST00000434505.1	0	0	0
CKMT1A_-_43985329.23-ENST00000434505.1	1156	0	0
CKMT1A_-_43985510.23-ENST00000434505.1	1559	0	0
CKMT1A_-_43985748.23-ENST00000413453.2	1406	1	0
CKMT1A_-_43985782.23-ENST00000413453.2	0	0	0
CKMT1B_+_43885256.23-ENST00000300283.6	4615	5	1592
CKMT1B_+_43886076.23-ENST00000441322.1	3738	2	0
CKMT1B_+_43886104.23-ENST00000441322.1	1379	1	3533
CKMT1B_+_43886110.23-ENST00000441322.1	2307	5	3123
CKMT1B_+_43886511.23-ENST00000441322.1	0	0	0
CKMT1B_-_43885315.23-ENST00000300283.6	1672	941	1
CKMT1B_-_43885323.23-ENST00000300283.6	0	0	0
CKMT1B_-_43885497.23-ENST00000300283.6	1156	0	0
CKMT1B_-_43885678.23-ENST00000300283.6	1559	0	0
CKMT1B_-_43886093.23-ENST00000441322.1	0	0	0
CKMT2_+_80529359.23-P1P2	1154	5	4461
CKMT2_-_80529188.23-P1P2	0	0	0
CKMT2_-_80529200.23-P1P2	2990	1405	5
CKMT2_-_80529327.23-P1P2	1344	3	1769
CKMT2_-_80529402.23-P1P2	807	16420	2150
CKM_+_45822546.23-P2	3448	7639	1278
CKM_+_45822549.23-P2	0	0	0
CKM_+_45822737.23-P2	2121	3297	1892
CKM_+_45825712.23-P1	0	0	0
CKM_+_45825893.23-P1	899	2456	2
CKM_+_45826067.23-P1	5515	2	2359
CKM_-_45822967.23-P2	1417	2	3670
CKM_-_45822996.23-P2	1121	1	1716
CKM_-_45825740.23-P1	2613	2473	4
CKM_-_45826086.23-P1	1459	2	2
CKS2_+_91925760.23-P1P2	1655	6972	9
CKS2_+_91925796.23-P1P2	3325	3	1757
CKS2_+_91926515.23-P1P2	6781	7	7
CKS2_-_91926343.23-P1P2	1327	0	0
CKS2_-_91926551.23-P1P2	1356	3482	1
CLCN2_+_184078983.23-P1P2	1681	6	0
CLCN2_+_184079046.23-P1P2	7017	7	4405
CLCN2_+_184079122.23-P1P2	0	0	0
CLCN2_-_184079183.23-P1P2	3591	3911	5
CLCN2_-_184079348.23-P1P2	2203	2	2956
CLCNKA_+_16349005.23-P2	0	0	0
CLCNKA_+_16355002.23-P1	3805	5983	3658
CLCNKA_+_16355040.23-P1	0	0	0
CLCNKA_+_16355052.23-P1	1423	0	0
CLCNKA_+_16355070.23-P1	0	0	0
CLCNKA_-_16348573.23-P2	0	0	0
CLCNKA_-_16348583.23-P2	1874	3037	949
CLCNKA_-_16348633.23-P2	1117	2296	3
CLCNKA_-_16348753.23-P2	0	0	0
CLCNKA_-_16355446.23-P1	2593	1	4
CLC_+_40228273.23-P1P2	1510	2	0
CLC_+_40228277.23-P1P2	0	0	0
CLC_+_40228563.23-P1P2	0	0	0
CLC_+_40228670.23-P1P2	842	0	0
CLC_-_40228442.23-P1P2	980	0	0
CLEC3B_+_45067786.23-P1P2	5315	2659	2414
CLEC3B_+_45067835.23-P1P2	3094	5	6355
CLEC3B_+_45068274.23-P1P2	1370	2	1
CLEC3B_-_45067791.23-P1P2	1905	7012	1487
CLEC3B_-_45067868.23-P1P2	0	0	0
CLK1_+_201728942.23-P1P2	0	0	0
CLK1_+_201728945.23-P1P2	3391	4	1655
CLK1_+_201728988.23-P1P2	1163	16060	1872
CLK1_-_201729161.23-P1P2	0	0	0
CLK1_-_201729341.23-P1P2	739	6085	3
CLK2_+_155242888.23-P1P2	1456	6425	0
CLK2_+_155243222.23-P1P2	0	0	0
CLK2_+_155243267.23-P1P2	1364	3037	1824
CLK2_+_155243270.23-P1P2	3631	1	0
CLK2_+_155243273.23-P1P2	0	0	0
CLK3_+_74890844.23-P2	0	0	0
CLK3_+_74890865.23-P2	1240	2	3491
CLK3_+_74908222.23-P1	0	0	0
CLK3_+_74908403.23-P1	0	0	0
CLK3_+_74908610.23-P1	1103	5433	1922
CLK3_-_74890853.23-P2	0	0	0
CLK3_-_74890906.23-P2	1424	0	0
CLK3_-_74891315.23-P2	0	0	0
CLK3_-_74908201.23-P1	0	0	0
CLK3_-_74908249.23-P1	3951	3886	1825
CLK4_+_178053616.23-P1P2	2991	2	1
CLK4_+_178054000.23-P1P2	0	0	0
CLK4_+_178054052.23-P1P2	0	0	0
CLK4_-_178053564.23-P1P2	3749	5909	1567
CLK4_-_178053661.23-P1P2	2019	2	2023
CLPB_+_72145177.23-P1P2	1233	4911	1446
CLPB_+_72145509.23-P1P2	0	0	0
CLPB_+_72145538.23-P1P2	569	0	0
CLPB_+_72145548.23-P1P2	0	0	0
CLPB_-_72145578.23-P1P2	0	0	0
CLPP_+_6361975.23-P1P2	0	0	0
CLPP_-_6361603.23-P1P2	0	0	0
CLPP_-_6361609.23-P1P2	1456	4	978
CLPP_-_6361738.23-P1P2	493	1270	1791
CLPP_-_6361788.23-P1P2	1671	5555	1549
CLPS_-_35765033.23-P1P2	0	0	0
CLPS_-_35765047.23-P1P2	1085	2	0
CLPS_-_35765053.23-P1P2	1494	1	1
CLPS_-_35765088.23-P1P2	0	0	0
CLPS_-_35765091.23-P1P2	1758	4	5674
CLPX_+_65477605.23-P1P2	0	0	0
CLPX_-_65477238.23-P1P2	1113	5275	3096
CLPX_-_65477262.23-P1P2	1473	0	2
CLPX_-_65477273.23-P1P2	0	0	0
CLPX_-_65477612.23-P1P2	2222	2	3
CMA1_+_24977022.23-P1P2	0	0	0
CMA1_+_24977370.23-P1P2	0	0	0
CMA1_-_24977003.23-P1P2	1070	0	0
CMA1_-_24977210.23-P1P2	0	0	0
CMA1_-_24977472.23-P1P2	1064	2081	1317
CMAS_-_22199180.23-P1P2	3539	4849	2
CMAS_-_22199189.23-P1P2	2357	7601	3926
CMAS_-_22199201.23-P1P2	3047	2932	4
CMAS_-_22199218.23-P1P2	1193	1	2
CMAS_-_22199637.23-P1P2	622	1	1964
CMPK1_+_47799460.23-P1P2	580	6027	2759
CMPK1_+_47799533.23-P1P2	904	1933	1863
CMPK1_+_47799577.23-P1P2	1615	0	1486
CMPK1_+_47799589.23-P1P2	0	0	0
CMPK1_+_47799884.23-P1P2	0	0	0
CNKSR1_+_26504044.23-P1P2	0	0	0
CNKSR1_+_26504060.23-P1P2	3057	5278	0
CNKSR1_-_26504025.23-P1P2	0	0	0
CNKSR1_-_26504071.23-P1P2	2658	4265	2062
CNKSR1_-_26504158.23-P1P2	0	0	0
CNKSR3_+_154831262.23-P1P2	7970	2	4
CNKSR3_+_154831317.23-P1P2	0	0	0
CNKSR3_+_154831695.23-P1P2	0	0	0
CNKSR3_+_154831730.23-P1P2	1982	1	0
CNKSR3_+_154831733.23-P1P2	2271	6918	1257
CNR1_+_88875608.23-P1P2	0	0	0
CNR1_+_88875611.23-P1P2	0	0	0
CNR1_+_88876040.23-P1P2	0	0	0
CNR1_+_88876049.23-P1P2	3201	5	6147
CNR1_-_88875699.23-P1P2	0	0	0
CNR2_+_24239806.23-P1P2	1290	7442	2
CNR2_+_24239813.23-P1P2	1323	1	1640
CNR2_+_24239827.23-P1P2	1044	0	2
CNR2_-_24239369.23-P1P2	1443	5514	4
CNR2_-_24239824.23-P1P2	0	0	0
COL2A1_+_48398243.23-P1P2	660	17693	2449
COL2A1_-_48397828.23-P1P2	0	0	0
COL2A1_-_48398051.23-P1P2	0	0	0
COL2A1_-_48398156.23-P1P2	4243	2772	2604
COL2A1_-_48398202.23-P1P2	4990	4	4661
COMP_+_18901612.23-P1P2	1342	2967	1986
COMP_-_18902064.23-P1P2	1159	2707	1854
COMP_-_18902079.23-P1P2	0	0	0
COMP_-_18902082.23-P1P2	0	0	0
COMP_-_18902085.23-P1P2	0	0	0
COMTD1_+_76995169.23-P1P2	1748	1	1881
COMTD1_-_76995333.23-P1P2	109	0	2
COMTD1_-_76995490.23-P1P2	1690	4	2037
COMTD1_-_76995670.23-P1P2	2354	3	1377
COMTD1_-_76995693.23-P1P2	2462	4	2
COX5A_+_75230394.23-P1P2	0	0	0
COX5A_-_75229980.23-P1P2	0	0	0
COX5A_-_75230226.23-P1P2	0	0	0
COX5A_-_75230411.23-P1P2	1142	0	1
COX5A_-_75230432.23-P1P2	0	0	0
COX5B_+_98262102.23-P1P2	0	0	0
COX5B_+_98262901.23-P1P2	0	0	0
COX5B_+_98262928.23-P1P2	2277	4768	1
COX5B_+_98262943.23-P1P2	0	0	0
COX5B_-_98262552.23-P1P2	2298	0	0
COX6A2_+_31439590.23-P1P2	0	0	0
COX6A2_-_31439172.23-P1P2	641	4	4023
COX6A2_-_31439531.23-P1P2	0	0	0
COX6A2_-_31439627.23-P1P2	0	0	0
COX6A2_-_31439650.23-P1P2	0	0	0
COX7A1_+_36643313.23-P1P2	0	0	0
COX7A1_+_36643328.23-P1P2	0	0	0
COX7A1_+_36643337.23-P1P2	0	0	0
COX7A1_+_36643347.23-P1P2	565	6	995
COX7A1_+_36643368.23-P1P2	0	0	0
COX7B_+_77155209.23-P1P2	0	0	0
COX7B_+_77155376.23-P1P2	1811	3736	1
COX7B_+_77155383.23-P1P2	0	0	0
COX7B_-_77155002.23-P1P2	0	0	0
COX7B_-_77155090.23-P1P2	1852	2567	3
COX7C_+_85913816.23-P1P2	0	0	0
COX7C_+_85913832.23-P1P2	0	0	0
COX7C_+_85914209.23-P1P2	0	0	0
COX7C_-_85913960.23-P1P2	0	0	0
COX7C_-_85914143.23-P1P2	0	0	0
COX8A_+_63742101.23-P1P2	34	1	0
COX8A_+_63742123.23-P1P2	1630	1	3
COX8A_+_63742147.23-P1P2	0	0	0
COX8A_+_63742472.23-P1P2	4729	1	4
COX8A_+_63742532.23-P1P2	0	0	0
CPA1_+_130020387.23-P1P2	0	0	0
CPA1_+_130020777.23-P1P2	0	0	0
CPA1_-_130020369.23-P1P2	975	1	1
CPA1_-_130020579.23-P1P2	0	0	0
CPA1_-_130020584.23-P1P2	0	0	0
CPB1_+_148545587.23-P1P2	900	0	0
CPB1_+_148546004.23-P1P2	0	0	0
CPB1_+_148546025.23-P1P2	1223	0	0
CPB1_-_148545616.23-P1P2	1725	0	0
CPB1_-_148545662.23-P1P2	0	0	0
CPD_+_28705973.23-P1P2	4659	7	7064
CPD_+_28706022.23-P1P2	2922	2524	3042
CPD_-_28705985.23-P1P2	2421	2573	1
CPD_-_28706001.23-P1P2	0	0	0
CPD_-_28706033.23-P1P2	4220	2465	5091
CPE_+_166300703.23-P1P2	0	0	0
CPE_-_166300245.23-P1P2	2245	6	2745
CPE_-_166300260.23-P1P2	0	0	0
CPE_-_166300264.23-P1P2	911	4	1717
CPE_-_166300607.23-P1P2	4030	1	1
CPO_+_207804343.23-P1P2	1557	3	1644
CPO_+_207804464.23-P1P2	0	0	0
CPO_+_207804482.23-P1P2	0	0	0
CPO_-_207804267.23-P1P2	829	0	0
CPO_-_207804391.23-P1P2	1533	2703	2014
CPS1_+_211421342.23-P1P2	1488	1	0
CPS1_+_211421360.23-P1P2	692	0	1
CPS1_+_211421556.23-P1P2	2403	3	2256
CPS1_+_211421710.23-P1P2	0	0	0
CPS1_+_211421724.23-P1P2	2918	3	1926
CPT2_+_53662504.23-P1P2	0	0	0
CPT2_-_53662475.23-P1P2	0	0	0
CPT2_-_53662531.23-P1P2	0	0	0
CPT2_-_53662544.23-P1P2	1166	2649	0
CPT2_-_53662888.23-P1P2	1680	1	3
CP_+_148939169.23-P1P2	3422	2417	1
CP_+_148939524.23-P1P2	0	0	0
CP_+_148939586.23-P1P2	0	0	0
CP_-_148939198.23-P1P2	804	3	2153
CP_-_148939201.23-P1P2	0	0	0
CRAT_+_131872466.23-P1P2	0	0	0
CRAT_+_131872612.23-P1P2	0	0	0
CRAT_+_131872945.23-P1P2	2158	4795	112
CRAT_-_131872671.23-P1P2	0	0	0
CRAT_-_131872684.23-P1P2	98	2	3507
CRB2_+_126118494.23-P1	0	0	0
CRB2_+_126118497.23-P1	1693	1	0
CRB2_+_126118537.23-P1	416	313	0
CRB2_+_126131139.23-P2	0	0	0
CRB2_-_126118533.23-P1	6028	4	3437
CRB2_-_126118542.23-P1	6035	6155	933
CRB2_-_126131078.23-P2	0	0	0
CRB2_-_126131081.23-P2	4230	2128	1574
CRB2_-_126131448.23-P2	0	0	0
CRB2_-_126131454.23-P2	1080	0	0
CRH_+_67090521.23-P1P2	936	1	1
CRH_-_67090243.23-P1P2	1292	4249	8261
CRH_-_67090252.23-P1P2	1422	1	0
CRH_-_67090475.23-P1P2	2561	2216	2333
CRH_-_67090591.23-P1P2	1207	2	137
CROT_+_86974994.23-P1P2	0	0	0
CROT_+_86975004.23-P1P2	0	0	0
CROT_+_86975329.23-P1P2	929	0	0
CROT_+_86975420.23-P1P2	0	0	0
CROT_-_86975012.23-P1P2	0	0	0
CRP_+_159683917.23-P1P2	1374	4	4075
CRP_+_159684375.23-P1P2	1561	0	2071
CRP_+_159684386.23-P1P2	0	0	0
CRP_-_159683185.23-P1P2	3022	2	5
CRP_-_159684353.23-P1P2	3063	3	4
CRYBB1_+_27013623.23-P1P2	3050	0	0
CRYBB1_+_27013674.23-P1P2	0	0	0
CRYBB1_+_27013939.23-P1P2	0	0	0
CRYBB1_-_27013972.23-P1P2	2156	0	3
CRYBB1_-_27014053.23-P1P2	0	0	0
CRYZ_+_75198714.23-P1P2	692	1	1829
CRYZ_-_75198250.23-P1P2	1223	1	0
CRYZ_-_75198379.23-P1P2	0	0	0
CRYZ_-_75198654.23-P1P2	1470	0	1952
CRYZ_-_75198672.23-P1P2	0	0	0
CSAD_+_53574198.23-P1P2	1545	5227	4
CSAD_+_53574247.23-P1P2	2462	0	0
CSAD_+_53574400.23-P1P2	1231	1	190
CSAD_-_53574431.23-P1P2	0	0	0
CSAD_-_53574460.23-P1P2	2592	2	1
CSF1R_+_149466064.23-P1P2	0	0	0
CSF1R_+_149466139.23-P1P2	0	0	0
CSF1R_-_149465687.23-P1P2	0	0	0
CSF1R_-_149465864.23-P1P2	936	0	1
CSF1R_-_149466077.23-P1P2	0	0	0
CSF2RA_+_1387764.23-P1P2	1771	1	2
CSF2RA_-_1387717.23-P1P2	1420	0	1
CSF2RA_-_1387742.23-P1P2	0	0	0
CSF2RA_-_1387770.23-P1P2	4718	2406	436
CSF2RA_-_1388200.23-P1P2	0	0	0
CSF2RB_+_37309709.23-P1P2	2885	0	0
CSF2RB_+_37310056.23-P1P2	232	0	2
CSF2RB_-_37309724.23-P1P2	0	0	0
CSF2RB_-_37309900.23-P1P2	2508	7	1939
CSF2RB_-_37309916.23-P1P2	1450	2	1654
CSK_+_75074460.23-P1P2	1873	6689	1815
CSK_+_75074463.23-P1P2	4159	5	1304
CSK_+_75074484.23-P1P2	605	4042	1320
CSK_+_75074850.23-P1P2	0	0	0
CSK_+_75074929.23-P1P2	4516	3	4473
CSNK1A1L_+_37678717.23-P1P2	1115	0	0
CSNK1A1L_+_37679620.23-P1P2	886	3853	1436
CSNK1A1L_+_37679715.23-P1P2	4433	9808	4
CSNK1A1L_-_37679672.23-P1P2	1086	4934	1446
CSNK1A1L_-_37679730.23-P1P2	1486	1	1279
CSNK1A1_+_148930876.23-P1P2	0	0	0
CSNK1A1_+_148930955.23-P1P2	0	0	0
CSNK1A1_+_148930963.23-P1P2	0	0	0
CSNK1A1_+_148930972.23-P1P2	2600	4054	1
CSNK1A1_-_148930574.23-P1P2	0	0	0
CSNK1D_+_80230863.23-P1P2	2453	0	1803
CSNK1D_+_80230869.23-P1P2	0	0	0
CSNK1D_+_80231240.23-P1P2	0	0	0
CSNK1D_+_80231268.23-P1P2	0	0	0
CSNK1D_-_80230878.23-P1P2	3872	4	1819
CSNK1E_+_38712980.23-P1P2	3135	1	0
CSNK1E_+_38712985.23-P1P2	0	0	0
CSNK1E_+_38713028.23-P1P2	1435	2743	3
CSNK1E_+_38713240.23-P1P2	1623	4	3928
CSNK1E_-_38712904.23-P1P2	0	0	0
CSNK1G1_+_64647962.23-P1P2	3627	2	1
CSNK1G1_+_64648259.23-P1P2	4499	5	8102
CSNK1G1_-_64647905.23-P1P2	0	0	0
CSNK1G1_-_64647926.23-P1P2	3151	4536	2
CSNK1G1_-_64648302.23-P1P2	0	0	0
CSNK1G2_+_1941499.23-P1P2	1549	1	0
CSNK1G2_+_1941562.23-P1P2	847	2	1488
CSNK1G2_+_1941626.23-P1P2	911	4711	1692
CSNK1G2_-_1941178.23-P1P2	2787	4100	1249
CSNK1G2_-_1941181.23-P1P2	2158	5	3063
CSNK1G3_+_122848340.23-P1P2	0	0	0
CSNK1G3_-_122847913.23-P1P2	0	0	0
CSNK1G3_-_122847968.23-P1P2	1232	2	2064
CSNK1G3_-_122847980.23-P1P2	0	0	0
CSNK1G3_-_122848041.23-P1P2	0	0	0
CSNK2A1_+_524079.23-P1P2	1503	1348	3
CSNK2A1_+_524305.23-P1P2	1710	1	1
CSNK2A1_-_524311.23-P1P2	1454	2	2
CSNK2A1_-_524386.23-P1P2	0	0	0
CSNK2A1_-_524399.23-P1P2	0	0	0
CSNK2A2_+_58231580.23-P1P2	0	0	0
CSNK2A2_-_58231975.23-P1P2	1536	2	2
CSNK2A2_-_58232002.23-P1P2	2694	1	3336
CSNK2A2_-_58232005.23-P1P2	1438	9333	3498
CSNK2A2_-_58232041.23-P1P2	1101	0	0
CSNK2B_+_31633873.23-P1P2	1236	1	3
CSNK2B_+_31633923.23-P1P2	1753	1	2
CSNK2B_-_31634048.23-P1P2	0	0	0
CSNK2B_-_31634088.23-P1P2	1327	0	1
CSNK2B_-_31634099.23-P1P2	1639	6676	1772
CS_+_56693610.23-P1P2	1700	2	1628
CS_+_56693700.23-P1P2	0	0	0
CS_+_56693703.23-P1P2	1621	2196	2090
CS_+_56693904.23-P1P2	1505	3	2
CS_-_56694134.23-P1P2	0	0	0
CTDNEP1_+_7155258.23-P1P2	1570	3034	1025
CTDNEP1_-_7154864.23-P1P2	0	0	0
CTDNEP1_-_7155050.23-P1P2	2011	4	1356
CTDNEP1_-_7155071.23-P1P2	2666	3	2
CTDNEP1_-_7155271.23-P1P2	1126	4	3
CTDP1_+_77439863.23-P1P2	1527	0	1
CTDP1_+_77439877.23-P1P2	627	3012	4
CTDP1_-_77439825.23-P1P2	2882	0	1
CTDP1_-_77439836.23-P1P2	2337	0	3312
CTDP1_-_77439882.23-P1P2	581	0	1
CTDSP1_+_219264658.23-P1P2	1154	0	1
CTDSP1_+_219264661.23-P1P2	0	0	0
CTDSP1_+_219264682.23-P1P2	3451	3106	1024
CTDSP1_+_219264983.23-P1P2	0	0	0
CTDSP1_-_219265044.23-P1P2	0	0	0
CTDSP2_+_58240147.23-P1P2	0	0	0
CTDSP2_+_58240445.23-P1P2	3131	4915	3315
CTDSP2_+_58240467.23-P1P2	1284	0	3
CTDSP2_+_58240671.23-P1P2	0	0	0
CTDSP2_-_58240085.23-P1P2	1259	3	1546
CTDSPL_+_37903425.23-P1P2	0	0	0
CTDSPL_+_37903820.23-P1P2	758	1886	3091
CTDSPL_-_37903405.23-P1P2	4296	5305	6116
CTDSPL_-_37903769.23-P1P2	3321	8800	3034
CTDSPL_-_37903774.23-P1P2	2321	3	4852
CTH_+_70876932.23-P1P2	0	0	0
CTH_+_70876951.23-P1P2	1305	0	1
CTH_+_70876980.23-P1P2	2825	1	2
CTH_+_70876996.23-P1P2	0	0	0
CTH_-_70877335.23-P1P2	2994	0	2
CTLA4_+_204732673.23-P1P2	0	0	0
CTLA4_-_204732544.23-P1P2	1711	1	1415
CTLA4_-_204732923.23-P1P2	0	0	0
CTLA4_-_204732957.23-P1P2	1580	2399	1055
CTLA4_-_204733000.23-P1P2	0	0	0
CTNS_-_3540051.23-P1P2	1235	4	1895
CTNS_-_3540066.23-P1P2	1444	3822	1262
CTNS_-_3540097.23-P1P2	2659	4964	4
CTNS_-_3540100.23-P1P2	718	0	0
CTNS_-_3540452.23-P1P2	588	2411	0
CTRB1_+_75252936.23-P1P2	546	5	1475
CTRB1_+_75252951.23-P1P2	0	0	0
CTRB1_+_75252970.23-P1P2	0	0	0
CTRB1_+_75253108.23-P1P2	2877	0	2
CTRB1_-_75252897.23-P1P2	0	0	0
CTSF_+_66335640.23-P1P2	0	0	0
CTSF_+_66335996.23-P1P2	2541	0	0
CTSF_+_66335999.23-P1P2	2607	3089	3356
CTSF_+_66336004.23-P1P2	4232	2	4604
CTSF_-_66336011.23-P1P2	677	8202	3792
CTSG_+_25045383.23-P1P2	3025	0	2
CTSG_+_25045445.23-P1P2	1306	5178	5
CTSG_-_25045032.23-P1P2	485	0	0
CTSG_-_25045355.23-P1P2	1300	7027	1359
CTSG_-_25045396.23-P1P2	2623	6163	1898
CTSH_+_79237133.23-P1P2	0	0	0
CTSH_+_79237182.23-P1P2	0	0	0
CTSH_+_79237358.23-P1P2	778	4927	954
CTSH_-_79237212.23-P1P2	1225	2250	1
CTSH_-_79237366.23-P1P2	0	0	0
CTSK_+_150780359.23-P1P2	0	0	0
CTSK_-_150780713.23-P1P2	1439	5121	2
CTSK_-_150780724.23-P1P2	2688	4757	1693
CTSK_-_150780752.23-P1P2	0	0	0
CTSK_-_150780800.23-P1P2	0	0	0
CTSL_+_90341065.23-P1	2497	2652	3
CTSL_+_90341431.23-P1	2380	1	1641
CTSL_+_90342816.23-P2	584	2	1
CTSL_+_90342836.23-P2	2905	3964	3
CTSL_-_90341061.23-P1	4017	5511	882
CTSL_-_90341070.23-P1	5208	5197	5604
CTSL_-_90341450.23-P1	3048	1022	3
CTSL_-_90342596.23-P2	1316	1	1464
CTSL_-_90342644.23-P2	0	0	0
CTSL_-_90342824.23-P2	0	0	0
CTSS_+_150738182.23-P1P2	4957	4	2031
CTSS_+_150738194.23-P1P2	0	0	0
CTSS_+_150738208.23-P1P2	0	0	0
CTSS_-_150737888.23-P1P2	1237	2697	1380
CTSS_-_150738222.23-P1P2	0	0	0
CTSV_+_99801008.23-P1P2	0	0	0
CTSV_+_99801205.23-P1P2	3338	2	2
CTSV_+_99801412.23-P1P2	0	0	0
CTSV_-_99800937.23-P1P2	2834	2	2
CTSV_-_99801856.23-P1P2	6376	3167	1887
CUBN_+_17171371.23-P1P2	0	0	0
CUBN_+_17171560.23-P1P2	0	0	0
CUBN_+_17171795.23-P1P2	1710	1	0
CUBN_+_17171800.23-P1P2	0	0	0
CUBN_-_17171723.23-P1P2	0	0	0
CUTA_+_33385267.23-P1P2	0	0	0
CUTA_+_33385646.23-P1P2	0	0	0
CUTA_+_33385660.23-P1P2	2401	2	0
CUTA_-_33385272.23-P1P2	1198	1	0
CUTA_-_33385302.23-P1P2	0	0	0
CXCL10_-_76944225.23-P1P2	3808	0	4
CXCL10_-_76944230.23-P1P2	2956	5	4
CXCL10_-_76944597.23-P1P2	3155	3	2
CXCL10_-_76944615.23-P1P2	4842	5468	2152
CXCL10_-_76944661.23-P1P2	1753	1	0
CXCR1_+_219031625.23-P1P2	8636	3	2
CXCR1_+_219031652.23-P1P2	0	0	0
CXCR1_-_219031618.23-P1P2	1744	2	0
CXCR1_-_219031621.23-P1P2	0	0	0
CXCR1_-_219031662.23-P1P2	1610	1	1770
CYB5A_+_71959106.23-P1P2	0	0	0
CYB5A_+_71959187.23-P1P2	1640	1	1
CYB5A_-_71958867.23-P1P2	4345	2	0
CYB5A_-_71959191.23-P1P2	0	0	0
CYB5A_-_71959222.23-P1P2	3262	6211	1335
CYB5B_-_69458558.23-P1P2	0	0	0
CYB5B_-_69458581.23-P1P2	2204	2	2847
CYB5B_-_69458593.23-P1P2	1627	0	1
CYB5B_-_69458601.23-P1P2	1123	3	0
CYB5B_-_69458620.23-P1P2	0	0	0
CYB5R1_+_202936351.23-P1P2	3334	1908	1566
CYB5R1_+_202936354.23-P1P2	1279	1	1856
CYB5R1_-_202935961.23-P1P2	0	0	0
CYB5R1_-_202936137.23-P1P2	0	0	0
CYB5R1_-_202936337.23-P1P2	5601	2	3
CYC1_+_145150397.23-P1P2	0	0	0
CYC1_-_145149982.23-P1P2	0	0	0
CYC1_-_145150131.23-P1P2	1478	0	1
CYC1_-_145150142.23-P1P2	0	0	0
CYC1_-_145150183.23-P1P2	967	2631	2
CYGB_+_74533350.23-P1P2	2126	4	2723
CYGB_+_74533414.23-P1P2	0	0	0
CYGB_+_74533557.23-P1P2	1705	0	3
CYGB_-_74533364.23-P1P2	4516	5718	589
CYGB_-_74533754.23-P1P2	2155	1	1956
CYP2C18_+_96443542.23-P1P2	0	0	0
CYP2C18_+_96443673.23-P1P2	0	0	0
CYP2C18_+_96443678.23-P1P2	0	0	0
CYP2C18_-_96443514.23-P1P2	0	0	0
CYP2C18_-_96443670.23-P1P2	0	0	0
CYP2C8_+_96829014.23-P1P2	0	0	0
CYP2C8_+_96829078.23-P1P2	0	0	0
CYP2C8_-_96828869.23-P1P2	0	0	0
CYP2C8_-_96828981.23-P1P2	1517	0	1
CYP2C8_-_96829141.23-P1P2	0	0	0
CYP2C9_+_96698676.23-P1P2	0	0	0
CYP2C9_+_96698778.23-P1P2	0	0	0
CYP2C9_-_96698454.23-P1P2	1399	2	2
CYP2C9_-_96698706.23-P1P2	0	0	0
CYP2C9_-_96698919.23-P1P2	0	0	0
CYP2D6_+_42526470.23-P1P2	0	0	0
CYP2D6_+_42526787.23-P1P2	0	0	0
CYP2D6_+_42526794.23-P1P2	4018	3228	2093
CYP2D6_-_42526481.23-P1P2	0	0	0
CYP2D6_-_42526814.23-P1P2	3849	5802	3
CYP3A5_+_99277143.23-P1P2	0	0	0
CYP3A5_+_99277149.23-P1P2	0	0	0
CYP3A5_+_99277556.23-P1P2	3183	1429	20
CYP3A5_+_99277628.23-P1P2	0	0	0
CYP3A5_-_99277257.23-P1P2	602	0	0
CYP4A11_+_47406643.23-P1P2	0	0	0
CYP4A11_+_47406647.23-P1P2	0	0	0
CYP4A11_+_47406982.23-P1P2	0	0	0
CYP4A11_+_47407055.23-P1P2	195	1	1040
CYP4A11_+_47407154.23-P1P2	1166	0	0
CYSLTR1_+_77582557.23-P1P2	0	0	0
CYSLTR1_+_77582570.23-P1P2	0	0	0
CYSLTR1_+_77583083.23-P1P2	0	0	0
CYSLTR1_-_77582695.23-P1P2	0	0	0
CYSLTR1_-_77583040.23-P1P2	0	0	0
CYSLTR2_+_49281226.23-ENST00000282018.3	2480	5835	550
CYSLTR2_+_49281378.23-ENST00000282018.3	1230	2	2948
CYSLTR2_+_49281416.23-ENST00000282018.3	0	0	0
CYSLTR2_+_49281423.23-ENST00000282018.3	0	0	0
CYSLTR2_-_49281431.23-ENST00000282018.3	704	0	0
CYTH2_+_48972662.23-P1P2	3946	12	2083
CYTH2_-_48972593.23-P1P2	0	0	0
CYTH2_-_48972650.23-P1P2	0	0	0
CYTH2_-_48972707.23-P1P2	1503	0	333
CYTH2_-_48973064.23-P1P2	483	2	1319
CYTH3_+_6311871.23-P1P2	6426	4666	1528
CYTH3_+_6311923.23-P1P2	0	0	0
CYTH3_+_6311994.23-P1P2	0	0	0
CYTH3_-_6312213.23-P1P2	0	0	0
CYTH3_-_6312231.23-P1P2	1256	5142	1798
DAO_+_109273872.23-P1P2	1821	1	3717
DAO_+_109273913.23-P1P2	0	0	0
DAO_+_109273929.23-P1P2	1136	4	1818
DAO_-_109273923.23-P1P2	0	0	0
DAO_-_109274296.23-P1P2	2459	0	0
DAPK1_+_90112820.23-P1P2	1664	0	0
DAPK1_+_90112838.23-P1P2	0	0	0
DAPK1_-_90112796.23-P1P2	1397	2	1869
DAPK1_-_90112825.23-P1P2	771	6186	2379
DAPK1_-_90112867.23-P1P2	4741	6729	2
DAPK2_+_64338238.23-P1P2	1342	2	1912
DAPK2_+_64338395.23-P1P2	2849	2727	2
DAPK2_-_64338287.23-P1P2	5020	4	2117
DAPK2_-_64338497.23-P1P2	3039	3488	2
DAPK2_-_64338687.23-P1P2	2056	3	2129
DAPK3_+_3970693.23-P1P2	1164	1	0
DAPK3_+_3971008.23-P1P2	0	0	0
DAPK3_+_3971028.23-P1P2	1216	2176	6258
DAPK3_-_3971041.23-P1P2	0	0	0
DAPK3_-_3971045.23-P1P2	0	0	0
DAPP1_+_100738030.23-P1P2	0	0	0
DAPP1_+_100738052.23-P1P2	783	4	1657
DAPP1_-_100737993.23-P1P2	962	5	2782
DAPP1_-_100738017.23-P1P2	1637	1	0
DAPP1_-_100738024.23-P1P2	0	0	0
DARS2_+_173793647.23-P1P2	0	0	0
DARS2_+_173793665.23-P1P2	0	0	0
DARS2_+_173793774.23-P1P2	1697	0	0
DARS2_-_173793815.23-P1P2	0	0	0
DARS2_-_173793832.23-P1P2	0	0	0
DARS_+_136743129.23-P1P2	1458	1	1
DARS_-_136743091.23-P1P2	3970	2	0
DARS_-_136743104.23-P1P2	0	0	0
DARS_-_136743145.23-P1P2	2974	9645	3
DARS_-_136743164.23-P1P2	0	0	0
DBF4_+_87505817.23-P1P2	3783	1	1
DBF4_+_87505826.23-P1P2	671	0	0
DBF4_+_87506208.23-P1P2	804	0	2
DBF4_+_87506231.23-P1P2	0	0	0
DBF4_-_87505724.23-P1P2	0	0	0
DBH_+_136501496.23-P1P2	1245	0	1
DBH_+_136501500.23-P1P2	992	6674	4985
DBH_+_136501863.23-P1P2	0	0	0
DBH_+_136501907.23-P1P2	1484	2	1847
DBH_-_136501544.23-P1P2	2921	1	3
DBI_+_120124588.23-P1	1587	1	0
DBI_+_120124600.23-P1	1133	2278	5927
DBI_-_120124984.23-P1	0	0	0
DBI_-_120124997.23-P1	3072	2999	1408
DBI_-_120125000.23-P1	2615	1	1167
DBI_-_120125823.23-P2	0	0	0
DBI_-_120125842.23-P2	1586	0	2893
DBI_-_120125881.23-P2	0	0	0
DBI_-_120126220.23-P2	0	0	0
DBI_-_120126235.23-P2	986	0	255
DCD_-_55041665.23-P1P2	0	0	0
DCD_-_55041682.23-P1P2	1164	0	2
DCD_-_55041698.23-P1P2	0	0	0
DCD_-_55041900.23-P1P2	2380	4	1255
DCD_-_55042144.23-P1P2	0	0	0
DCK_+_71859153.23-P1P2	1715	2	0
DCK_+_71859234.23-P1P2	0	0	0
DCK_+_71859804.23-P1P2	1690	2	5366
DCK_-_71859323.23-P1P2	5987	3	5443
DCK_-_71859688.23-P1P2	2326	1667	3
DCLK1_+_36705061.23-ENST00000255448.4	0	0	0
DCLK1_+_36705267.23-ENST00000255448.4	0	0	0
DCLK1_+_36705270.23-ENST00000255448.4	3441	4	0
DCLK1_+_36705492.23-ENST00000255448.4	618	2	0
DCLK1_-_36705511.23-ENST00000255448.4	0	0	0
DCLK2_+_151000068.23-P1P2	62	4	5853
DCLK2_-_150999587.23-P1P2	3043	0	3156
DCLK2_-_150999592.23-P1P2	0	0	0
DCLK2_-_150999622.23-P1P2	978	1962	3
DCLK2_-_150999968.23-P1P2	1529	2	1
DCLK3_+_36781225.23-P1P2	2819	0	1681
DCLK3_-_36781235.23-P1P2	5362	2	2037
DCLK3_-_36781240.23-P1P2	0	0	0
DCLK3_-_36781293.23-P1P2	0	0	0
DCLK3_-_36781316.23-P1P2	1260	0	1
DCPS_-_126173845.23-P1P2	0	0	0
DCPS_-_126173865.23-P1P2	0	0	0
DCPS_-_126174007.23-P1P2	0	0	0
DCPS_-_126174029.23-P1P2	0	0	0
DCPS_-_126174186.23-P1P2	0	0	0
DCTD_+_183838462.23-P1P2	420	0	1386
DCTD_+_183838478.23-P1P2	0	0	0
DCTD_+_183838508.23-P1P2	2691	0	0
DCTD_-_183838133.23-P1P2	490	3	1801
DCTD_-_183838536.23-P1P2	2517	1	2
DCXR_+_79995174.23-P1P2	1322	5995	2
DCXR_+_79995501.23-P1P2	1458	1	4
DCXR_+_79995505.23-P1P2	0	0	0
DCXR_-_79995537.23-P1P2	0	0	0
DCXR_-_79995562.23-P1P2	0	0	0
DDAH1_+_85930405.23-P1P2	2817	1	0
DDAH1_+_85930831.23-P1P2	0	0	0
DDAH1_-_85930365.23-P1P2	4880	2894	4
DDAH1_-_85930417.23-P1P2	1571	4051	0
DDAH1_-_85930827.23-P1P2	2965	275	1388
DDAH2_+_31697839.23-P1P2	5693	5004	5224
DDAH2_-_31696730.23-P1P2	1529	3609	7183
DDAH2_-_31697596.23-P1P2	4626	1	2
DDAH2_-_31697971.23-P1P2	0	0	0
DDAH2_-_31697994.23-P1P2	0	0	0
DDC_+_50632705.23-P1P2	873	5	3139
DDC_+_50633113.23-P1P2	815	1	2
DDC_+_50633123.23-P1P2	2692	3	1601
DDC_-_50632675.23-P1P2	1176	4480	1122
DDC_-_50633079.23-P1P2	0	0	0
DDR1_+_30850728.23-P2	854	6	2069
DDR1_+_30850899.23-P2	1628	4	3747
DDR1_+_30851171.23-P2	5049	3	3
DDR1_+_30852305.23-P1	3926	3	1443
DDR1_+_30852315.23-P1	4317	1	6
DDR1_+_30852745.23-P1	6129	6	4
DDR1_-_30850727.23-P2	994	2489	3609
DDR1_-_30850759.23-P2	0	0	0
DDR1_-_30852454.23-P1	0	0	0
DDR1_-_30852492.23-P1	1879	0	3
DDR2_+_162602272.23-P1P2	721	0	0
DDR2_+_162602286.23-P1P2	0	0	0
DDR2_+_162602290.23-P1P2	2409	4408	6
DDR2_+_162602592.23-P1P2	0	0	0
DDR2_-_162602245.23-P1P2	0	0	0
DDX39B_-_31509349.23-P1P2	0	0	0
DDX39B_-_31509735.23-P1P2	0	0	0
DDX39B_-_31509748.23-P1P2	0	0	0
DDX39B_-_31509751.23-P1P2	0	0	0
DDX39B_-_31509769.23-P1P2	0	0	0
DECR1_+_91013765.23-P1P2	0	0	0
DECR1_-_91014077.23-P1P2	4613	6143	2638
DECR1_-_91014106.23-P1P2	2800	2	1
DECR1_-_91014120.23-P1P2	0	0	0
DECR1_-_91014135.23-P1P2	0	0	0
DGKA_+_56324982.23-P1P2	0	0	0
DGKA_+_56325081.23-P1P2	0	0	0
DGKA_+_56325365.23-P1P2	1543	0	4
DGKA_-_56325140.23-P1P2	1429	5	3250
DGKA_-_56326234.23-P1P2	0	0	0
DGKB_+_14942616.23-P1P2	499	2	2192
DGKB_+_14942911.23-P1P2	1481	2777	1
DGKB_+_14942915.23-P1P2	2062	5402	2
DGKB_-_14942495.23-P1P2	503	3	2495
DGKB_-_14942561.23-P1P2	2834	1	3
DGKD_+_234263221.23-P1P2	1703	2302	2873
DGKD_+_234263224.23-P1P2	5808	5	3426
DGKD_-_234263173.23-P1P2	983	5	1552
DGKD_-_234263257.23-P1P2	1663	5031	1
DGKD_-_234263522.23-P1P2	1021	7876	2931
DGKE_+_54911526.23-P1P2	1176	1	1
DGKE_+_54911823.23-P1P2	2412	1	2697
DGKE_+_54911838.23-P1P2	144	3101	0
DGKE_+_54911843.23-P1P2	3439	12095	1193
DGKE_-_54911871.23-P1P2	0	0	0
DGKG_+_186079543.23-P1P2	2008	3	1829
DGKG_+_186079624.23-P1P2	3011	1669	7
DGKG_+_186079946.23-P1P2	1588	3	1531
DGKG_+_186079982.23-P1P2	0	0	0
DGKG_-_186080016.23-P1P2	0	0	0
DGKH_+_42614250.23-P2	1064	5994	5936
DGKH_+_42614259.23-P2	0	0	0
DGKH_+_42614467.23-P2	0	0	0
DGKH_+_42622843.23-P1	1222	1	1909
DGKH_+_42622867.23-P1	6306	6	1574
DGKH_-_42614236.23-P2	1458	2	1017
DGKH_-_42614276.23-P2	0	0	0
DGKH_-_42622785.23-P1	1046	1	0
DGKH_-_42622801.23-P1	0	0	0
DGKH_-_42623106.23-P1	2837	2666	3
DGKI_+_137531202.23-P1P2	1467	1	0
DGKI_+_137531206.23-P1P2	1290	1953	3533
DGKI_+_137531588.23-P1P2	0	0	0
DGKI_-_137531157.23-P1P2	1356	2	1535
DGKI_-_137531574.23-P1P2	6403	1740	5
DGKK_+_50213751.23-P1P2	0	0	0
DGKK_-_50213637.23-P1P2	4175	3	3249
DGKK_-_50213743.23-P1P2	1171	1	1
DGKK_-_50213780.23-P1P2	3023	4	1472
DGKK_-_50213840.23-P1P2	0	0	0
DGKQ_+_966926.23-P1	0	0	0
DGKQ_+_967291.23-P1	2282	3	3133
DGKQ_+_967322.23-P1	3477	4	4
DGKQ_+_967337.23-P1	4858	2	4
DGKQ_+_980664.23-P2	1351	0	1451
DGKQ_+_980716.23-P2	855	5429	2455
DGKQ_-_967335.23-P1	5004	3	1245
DGKQ_-_980377.23-P2	0	0	0
DGKQ_-_980401.23-P2	1455	1578	5370
DGKQ_-_980679.23-P2	1576	1	3
DGKZ_+_46369421.23-P1P2	0	0	0
DGKZ_+_46369445.23-P1P2	4462	3	1744
DGKZ_-_46369028.23-P1P2	0	0	0
DGKZ_-_46369057.23-P1P2	2092	4558	1952
DGKZ_-_46369488.23-P1P2	0	0	0
DGUOK_+_74154041.23-P1P2	3167	4	1863
DGUOK_+_74154076.23-P1P2	0	0	0
DGUOK_+_74154214.23-P1P2	0	0	0
DGUOK_-_74153989.23-P1P2	0	0	0
DGUOK_-_74154035.23-P1P2	1581	2	0
DHCR7_+_71159363.23-P1P2	0	0	0
DHCR7_+_71159403.23-P1P2	1438	2	1
DHCR7_+_71159406.23-P1P2	2341	1	1747
DHCR7_-_71158984.23-P1P2	0	0	0
DHCR7_-_71159000.23-P1P2	0	0	0
DHFRL1_+_93781704.23-P1P2	0	0	0
DHFRL1_+_93781711.23-P1P2	1292	1824	2481
DHFRL1_+_93781714.23-P1P2	1639	1	3
DHFRL1_+_93781735.23-P1P2	3216	2	0
DHFRL1_-_93781340.23-P1P2	1551	5	2560
DHODH_+_72049721.23-P2	6979	1020	3332
DHODH_+_72050082.23-P2	0	0	0
DHODH_-_72042655.23-P1	0	0	0
DHODH_-_72042659.23-P1	2763	4085	1752
DHODH_-_72042709.23-P1	7485	8	2548
DHODH_-_72042714.23-P1	0	0	0
DHODH_-_72042728.23-P1	0	0	0
DHODH_-_72049691.23-P2	0	0	0
DHODH_-_72050053.23-P2	0	0	0
DHODH_-_72050090.23-P2	1211	2164	2002
DHPS_+_12792224.23-P1P2	0	0	0
DHPS_+_12792300.23-P1P2	2245	3	2672
DHPS_+_12792543.23-P1P2	0	0	0
DHPS_+_12792611.23-P1P2	2981	7789	1113
DHPS_-_12792690.23-P1P2	1646	4	3347
DHRS11_+_34948687.23-P1P2	0	0	0
DHRS11_+_34948809.23-P1P2	1263	1	0
DHRS11_-_34948321.23-P1P2	0	0	0
DHRS11_-_34948355.23-P1P2	0	0	0
DHRS11_-_34948705.23-P1P2	3728	3	5
DHRS4L1_+_24506017.23-P1P2	746	3494	5
DHRS4L1_+_24506061.23-P1P2	1511	2241	3
DHRS4L1_+_24506064.23-P1P2	0	0	0
DHRS4L1_+_24506110.23-P1P2	1454	4094	5
DHRS4L1_-_24505684.23-P1P2	0	0	0
DHRS4L2_+_24458116.23-ENST00000382755.4	0	0	0
DHRS4L2_+_24458437.23-ENST00000382755.4	1226	0	1593
DHRS4L2_+_24458467.23-ENST00000382755.4	787	1	1704
DHRS4L2_-_24458057.23-ENST00000382755.4	1204	4979	1817
DHRS4L2_-_24458131.23-ENST00000382755.4	0	0	0
DHRS4_+_24422957.23-P1P2	0	0	0
DHRS4_+_24423319.23-P1P2	0	0	0
DHRS4_+_24423363.23-P1P2	0	0	0
DHRS4_-_24423009.23-P1P2	0	0	0
DHRS4_-_24423338.23-P1P2	1785	1	1
DLAT_+_111896129.23-P1P2	0	0	0
DLAT_+_111896480.23-P1P2	0	0	0
DLAT_+_111896544.23-P1P2	1650	1	0
DLAT_-_111896155.23-P1P2	0	0	0
DLAT_-_111896201.23-P1P2	0	0	0
DLD_+_107532066.23-P1P2	0	0	0
DLD_-_107531631.23-P1P2	0	0	0
DLD_-_107531642.23-P1P2	0	0	0
DLD_-_107531670.23-P1P2	875	1	0
DLD_-_107531673.23-P1P2	0	0	0
DLG4_+_7108079.23-P2	652	3989	1
DLG4_+_7108461.23-P2	1286	3738	5
DLG4_+_7108469.23-P2	0	0	0
DLG4_+_7120524.23-P1	0	0	0
DLG4_+_7120527.23-P1	1290	0	1
DLG4_-_7108418.23-P2	1300	1	3
DLG4_-_7108426.23-P2	207	3	1864
DLG4_-_7120514.23-P1	0	0	0
DLG4_-_7120929.23-P1	0	0	0
DLG4_-_7120934.23-P1	4358	5	1583
DMPK_+_46285229.23-P1P2	0	0	0
DMPK_+_46285701.23-P1P2	7099	10	3949
DMPK_-_46285333.23-P1P2	0	0	0
DMPK_-_46285540.23-P1P2	6696	5531	6
DMPK_-_46285672.23-P1P2	1433	1	1153
DNASE1_+_3704851.23-P1P2	2593	8491	6
DNASE1_+_3704866.23-P1P2	1556	1	1845
DNASE1_+_3705194.23-P1P2	0	0	0
DNASE1_+_3705260.23-P1P2	0	0	0
DNASE1_-_3704881.23-P1P2	1511	6	2093
DNPEP_+_220252560.23-P1P2	0	0	0
DNPEP_+_220252581.23-P1P2	730	2105	1769
DNPEP_+_220252606.23-P1P2	0	0	0
DNPEP_-_220252268.23-P1P2	1296	1	1868
DNPEP_-_220252618.23-P1P2	1010	3558	1680
DNTT_+_98064245.23-P1P2	720	1	0
DNTT_+_98064251.23-P1P2	349	1822	1
DNTT_+_98064273.23-P1P2	0	0	0
DNTT_-_98064235.23-P1P2	1324	1	0
DNTT_-_98064304.23-P1P2	1114	0	0
DOK1_+_74781491.23-P1P2	1976	3	1747
DOK1_+_74781500.23-P1P2	1354	4	3953
DOK1_-_74781509.23-P1P2	0	0	0
DOK1_-_74781904.23-P1P2	811	1	1937
DOK1_-_74782111.23-P1P2	2811	6394	3
DOLPP1_+_131843438.23-P1P2	2307	2	1728
DOLPP1_+_131843452.23-P1P2	1399	4	2244
DOLPP1_-_131843423.23-P1P2	2469	2	3466
DOLPP1_-_131843451.23-P1P2	2175	0	0
DOLPP1_-_131843622.23-P1P2	0	0	0
DPEP1_+_89680095.23-P2	2139	1675	559
DPEP1_+_89680572.23-P2	0	0	0
DPEP1_+_89696684.23-P1	0	0	0
DPEP1_+_89696690.23-P1	0	0	0
DPEP1_+_89696743.23-P1	0	0	0
DPEP1_+_89696906.23-P1	535	5993	2
DPEP1_-_89680046.23-P2	3472	3577	3259
DPEP1_-_89680073.23-P2	92	1540	1662
DPEP1_-_89680121.23-P2	0	0	0
DPEP1_-_89696965.23-P1	0	0	0
DPH5_+_101490943.23-P1P2	0	0	0
DPH5_+_101491288.23-P1P2	1348	3	1417
DPH5_-_101490901.23-P1P2	0	0	0
DPH5_-_101491256.23-P1P2	0	0	0
DPH5_-_101491365.23-P1P2	1453	2	2073
DPP4_+_162930180.23-P1P2	0	0	0
DPP4_+_162930574.23-P1P2	690	4064	1675
DPP4_-_162930173.23-P1P2	0	0	0
DPP4_-_162930550.23-P1P2	1106	0	1
DPP4_-_162930554.23-P1P2	4087	3	1671
DPP6_-_153750142.23-ENST00000377770.3	2306	4798	2
DPP6_-_153750145.23-ENST00000377770.3	313	4893	1455
DPP6_-_153750172.23-ENST00000377770.3	5754	3	1544
DPP6_-_153750222.23-ENST00000377770.3	3624	2	4
DPP6_-_153750330.23-ENST00000377770.3	0	0	0
DRD1_+_174870696.23-P1P2	2698	5500	6
DRD1_+_174870700.23-P1P2	0	0	0
DRD1_+_174871080.23-P1P2	2411	0	2
DRD1_+_174871119.23-P1P2	3143	2286	0
DRD1_-_174871153.23-P1P2	3065	5021	3
DRD2_+_113345655.23-P1P2	3930	13536	1373
DRD2_+_113345727.23-P1P2	0	0	0
DRD2_+_113345743.23-P1P2	0	0	0
DRD2_-_113345666.23-P1P2	0	0	0
DRD2_-_113345669.23-P1P2	664	2489	2
DRD3_+_113897246.23-P1P2	0	0	0
DRD3_+_113897531.23-P1P2	0	0	0
DRD3_+_113897698.23-P1P2	0	0	0
DRD3_+_113897708.23-P1P2	0	0	0
DRD3_-_113897274.23-P1P2	0	0	0
DRD4_+_637505.23-P1P2	2238	2	1872
DRD4_+_637546.23-P1P2	0	0	0
DRD4_+_637647.23-P1P2	1141	5447	1
DRD4_+_637674.23-P1P2	0	0	0
DRD4_+_637851.23-P1P2	2933	3	2
DRD5_+_9783346.23-P1P2	1447	3	1654
DRD5_+_9783764.23-P1P2	1696	1	2
DRD5_+_9783903.23-P1P2	0	0	0
DRD5_-_9783675.23-P1P2	0	0	0
DRD5_-_9783776.23-P1P2	1495	0	1
DSTN_+_17550778.23-P1P2	524	1	1786
DSTN_+_17551017.23-P1P2	1065	1	1847
DSTN_+_17551106.23-P1P2	645	0	1470
DSTN_+_17551118.23-P1P2	0	0	0
DSTN_-_17550792.23-P1P2	3271	4	2816
DSTYK_+_205180408.23-P1P2	2256	8354	1103
DSTYK_+_205180637.23-P1P2	3006	6	4273
DSTYK_+_205180672.23-P1P2	2194	1	1599
DSTYK_-_205180469.23-P1P2	0	0	0
DSTYK_-_205180561.23-P1P2	0	0	0
DTYMK_+_242626160.23-P1P2	0	0	0
DTYMK_+_242626164.23-P1P2	0	0	0
DTYMK_+_242626181.23-P1P2	2178	3746	4
DTYMK_+_242626191.23-P1P2	1482	0	0
DTYMK_+_242626194.23-P1P2	647	0	0
DUSP10_+_221914980.23-P1P2	0	0	0
DUSP10_+_221915343.23-P1P2	0	0	0
DUSP10_+_221915358.23-P1P2	0	0	0
DUSP10_+_221915387.23-P1P2	0	0	0
DUSP10_-_221915401.23-P1P2	917	0	1
DUSP11_+_74007021.23-P1P2	2528	5	1243
DUSP11_+_74007168.23-P1P2	0	0	0
DUSP11_+_74007204.23-P1P2	2531	1	1191
DUSP11_+_74007207.23-P1P2	4547	2	1420
DUSP11_-_74007156.23-P1P2	1195	3905	6
DUSP12_+_161719571.23-P1P2	0	0	0
DUSP12_+_161719608.23-P1P2	0	0	0
DUSP12_+_161719994.23-P1P2	959	4	1
DUSP12_-_161719619.23-P1P2	0	0	0
DUSP12_-_161719818.23-P1P2	0	0	0
DUSP13_+_76868493.23-P1P2	2882	3	1
DUSP13_+_76868578.23-P1P2	1741	0	837
DUSP13_+_76868587.23-P1P2	760	1	0
DUSP13_+_76868592.23-P1P2	6901	4	1972
DUSP13_+_76868735.23-P1P2	0	0	0
DUSP14_+_35850028.23-P1	2235	5243	4765
DUSP14_+_35850061.23-P1	1170	1	1370
DUSP14_+_35850412.23-P1	1196	1	1647
DUSP14_+_35850421.23-P1	0	0	0
DUSP14_+_35851647.23-P2	0	0	0
DUSP14_+_35851655.23-P2	0	0	0
DUSP14_+_35852026.23-P2	0	0	0
DUSP14_-_35850145.23-P1	1295	4705	2
DUSP14_-_35851878.23-P2	637	5756	1998
DUSP14_-_35852044.23-P2	0	0	0
DUSP15_-_30457626.23-P1P2	0	0	0
DUSP15_-_30457629.23-P1P2	0	0	0
DUSP15_-_30457650.23-P1P2	0	0	0
DUSP15_-_30458018.23-P1P2	5164	2070	2985
DUSP15_-_30458031.23-P1P2	0	0	0
DUSP16_+_12715747.23-P1P2	4814	3	1627
DUSP16_+_12715774.23-P1P2	0	0	0
DUSP16_-_12715408.23-P1P2	1196	0	3
DUSP16_-_12715572.23-P1P2	785	5531	3390
DUSP16_-_12715800.23-P1P2	2891	0	1
DUSP18_+_31063779.23-P1P2	0	0	0
DUSP18_+_31063837.23-P1P2	2112	6582	3
DUSP18_+_31063843.23-P1P2	0	0	0
DUSP18_-_31063389.23-P1P2	0	0	0
DUSP18_-_31063814.23-P1P2	1032	6	2238
DUSP19_+_183943540.23-P1P2	1082	1	768
DUSP19_+_183943556.23-P1P2	0	0	0
DUSP19_+_183943871.23-P1P2	1253	0	1
DUSP19_-_183943520.23-P1P2	2630	5	0
DUSP19_-_183943549.23-P1P2	1326	1	1
DUSP21_+_44703280.23-P1P2	4396	3	1719
DUSP21_+_44703285.23-P1P2	2663	3615	2437
DUSP21_+_44703718.23-P1P2	0	0	0
DUSP21_+_44703749.23-P1P2	2401	5	2
DUSP21_-_44703299.23-P1P2	1622	1	1
DUSP22_+_292484.23-P1P2	1716	2047	2
DUSP22_+_292534.23-P1P2	1224	1	0
DUSP22_+_292594.23-P1P2	1378	0	2
DUSP22_-_292514.23-P1P2	1489	4530	4
DUSP22_-_292543.23-P1P2	1415	6816	1959
DUSP23_-_159750739.23-P1P2	0	0	0
DUSP23_-_159750742.23-P1P2	1345	1	2
DUSP23_-_159750770.23-P1P2	3726	205	670
DUSP23_-_159750802.23-P1P2	0	0	0
DUSP23_-_159751151.23-P1P2	0	0	0
DUSP27_+_167063306.23-P1P2	1229	2	2068
DUSP27_+_167063446.23-P1P2	0	0	0
DUSP27_-_167063313.23-P1P2	0	0	0
DUSP27_-_167063514.23-P1P2	0	0	0
DUSP27_-_167063674.23-P1P2	0	0	0
DUSP2_+_96810812.23-P1P2	0	0	0
DUSP2_+_96811110.23-P1P2	0	0	0
DUSP2_+_96811162.23-P1P2	0	0	0
DUSP2_-_96810722.23-P1P2	0	0	0
DUSP2_-_96810902.23-P1P2	448	1	1646
DUSP3_-_41855892.23-P1P2	1606	6	5276
DUSP3_-_41855896.23-P1P2	1288	0	1666
DUSP3_-_41856116.23-P1P2	4350	0	439
DUSP3_-_41856293.23-P1P2	4398	6	1365
DUSP3_-_41856343.23-P1P2	1340	1	0
DUSP6_+_89745717.23-P1P2	0	0	0
DUSP6_+_89745983.23-P1P2	5706	6847	2
DUSP6_+_89746249.23-P1P2	2380	1173	10731
DUSP6_-_89745866.23-P1P2	2272	4	1058
DUSP6_-_89746275.23-P1P2	0	0	0
DUSP7_+_52083956.23-P2	3142	0	2
DUSP7_+_52084365.23-P2	0	0	0
DUSP7_+_52090327.23-P1	0	0	0
DUSP7_+_52090457.23-P1	0	0	0
DUSP7_+_52090575.23-P1	1177	0	0
DUSP7_-_52083932.23-P2	0	0	0
DUSP7_-_52083953.23-P2	5150	3	1475
DUSP7_-_52084341.23-P2	955	2	3
DUSP7_-_52090147.23-P1	0	0	0
DUSP7_-_52090591.23-P1	1394	0	2
DUSP8_+_1593122.23-P1P2	1429	7880	1599
DUSP8_+_1593483.23-P1P2	2285	0	1025
DUSP8_+_1593493.23-P1P2	0	0	0
DUSP8_-_1593052.23-P1P2	8315	615	7823
DUSP8_-_1593467.23-P1P2	1480	1	1
DUT_+_48623815.23-P1P2	401	1	2042
DUT_+_48624411.23-P1P2	0	0	0
DUT_+_48624414.23-P1P2	0	0	0
DUT_-_48624688.23-P1P2	0	0	0
DUT_-_48624886.23-P1P2	0	0	0
DYRK1A_+_38792983.23-ENST00000398960.2	0	0	0
DYRK1A_-_38792686.23-ENST00000398960.2	3356	1	1848
DYRK1A_-_38792743.23-ENST00000398960.2	574	0	0
DYRK1A_-_38793061.23-ENST00000398960.2	2963	5613	2206
DYRK1A_-_38793111.23-ENST00000398960.2	0	0	0
DYRK1B_+_40324364.23-P1P2	1581	1082	2022
DYRK1B_-_40324738.23-P1P2	1103	3	1222
DYRK1B_-_40324741.23-P1P2	0	0	0
DYRK1B_-_40324747.23-P1P2	2265	2571	2038
DYRK1B_-_40324757.23-P1P2	1570	4652	6
DYRK2_+_68042594.23-P1P2	0	0	0
DYRK2_+_68042950.23-P1P2	1081	4070	6148
DYRK2_+_68043017.23-P1P2	159	0	742
DYRK2_-_68042870.23-P1P2	0	0	0
DYRK2_-_68042967.23-P1P2	6672	2795	1167
DYRK3_+_206808943.23-P1P2	4574	5774	4782
DYRK3_+_206808960.23-P1P2	931	2168	3524
DYRK3_+_206808972.23-P1P2	3488	3	2754
DYRK3_-_206808950.23-P1P2	3444	9656	2034
DYRK3_-_206809170.23-P1P2	2422	0	0
DYRK4_+_4714112.23-P1P2	0	0	0
DYRK4_+_4714134.23-P1P2	2982	3	1899
DYRK4_+_4714148.23-P1P2	0	0	0
DYRK4_-_4714130.23-P1P2	0	0	0
DYRK4_-_4714147.23-P1P2	5461	9600	1988
EARS2_+_23568615.23-P1P2	0	0	0
EARS2_+_23568646.23-P1P2	1184	4	2804
EARS2_+_23568657.23-P1P2	0	0	0
EARS2_-_23568607.23-P1P2	0	0	0
EARS2_-_23568672.23-P1P2	1312	4	3432
ECE1_+_21671513.23-P1P2	1608	6640	8
ECE1_+_21671607.23-P1P2	0	0	0
ECE1_+_21671951.23-P1P2	1583	356	1767
ECE1_+_21671976.23-P1P2	4082	5045	1660
ECE1_-_21671544.23-P1P2	0	0	0
EDA_+_68836005.23-P1P2	0	0	0
EDA_+_68836018.23-P1P2	0	0	0
EDA_+_68836408.23-P1P2	2945	10906	4
EDA_-_68835992.23-P1P2	0	0	0
EDA_-_68836167.23-P1P2	1443	3	2053
EEA1_+_93322865.23-P1P2	0	0	0
EEA1_+_93322992.23-P1P2	1333	0	1
EEA1_-_93323009.23-P1P2	3685	1826	1327
EEA1_-_93323020.23-P1P2	3361	1	2
EEA1_-_93323052.23-P1P2	0	0	0
EEF2K_+_22217635.23-P1P2	0	0	0
EEF2K_+_22217639.23-P1P2	4741	2	1969
EEF2K_+_22217643.23-P1P2	1794	4446	1728
EEF2K_+_22217677.23-P1P2	794	2212	1627
EEF2K_+_22217680.23-P1P2	0	0	0
EEF2_+_3983722.23-P2	3231	3	1935
EEF2_+_3983737.23-P2	1610	0	1290
EEF2_+_3984158.23-P2	1623	4	2125
EEF2_+_3984167.23-P2	0	0	0
EEF2_+_3984171.23-P2	0	0	0
EEF2_+_3985054.23-P1	0	0	0
EEF2_+_3985431.23-P1	0	0	0
EEF2_-_3985048.23-P1	671	1	0
EEF2_-_3985225.23-P1	1015	4118	1
EEF2_-_3985443.23-P1	0	0	0
EFNB2_+_107186987.23-P1P2	1314	2	701
EFNB2_-_107187051.23-P1P2	2609	0	0
EFNB2_-_107187354.23-P1P2	0	0	0
EFNB2_-_107187363.23-P1P2	46	0	0
EFNB2_-_107187393.23-P1P2	3755	1	2
EFTUD1_+_82554613.23-P1P2	1729	0	0
EFTUD1_+_82554982.23-P1P2	0	0	0
EFTUD1_+_82555000.23-P1P2	0	0	0
EFTUD1_+_82555084.23-P1P2	0	0	0
EFTUD1_-_82554823.23-P1P2	0	0	0
EGFR_+_55087181.23-P1P2	1540	5652	5369
EGFR_-_55086719.23-P1P2	0	0	0
EGFR_-_55086784.23-P1P2	2639	4422	4526
EGFR_-_55086816.23-P1P2	10514	7912	4
EGFR_-_55087258.23-P1P2	0	0	0
EGLN1_+_231557802.23-P1P2	614	5541	3413
EGLN1_-_231557638.23-P1P2	3965	4	3532
EGLN1_-_231557682.23-P1P2	59	6533	1516
EGLN1_-_231557776.23-P1P2	0	0	0
EGLN1_-_231558017.23-P1P2	0	0	0
EGLN2_+_41284591.23-P2	74	0	906
EGLN2_+_41305438.23-P1	1705	7526	1645
EGLN2_+_41305518.23-P1	0	0	0
EGLN2_-_41284185.23-P2	544	0	1
EGLN2_-_41284213.23-P2	0	0	0
EGLN2_-_41284588.23-P2	1096	0	1
EGLN2_-_41284625.23-P2	0	0	0
EGLN2_-_41305138.23-P1	975	8486	1970
EGLN2_-_41305141.23-P1	0	0	0
EGLN2_-_41305172.23-P1	0	0	0
EGLN3_+_34420264.23-P1P2	3230	2	1184
EGLN3_-_34419914.23-P1P2	2343	2	2019
EGLN3_-_34420217.23-P1P2	974	4	0
EGLN3_-_34420230.23-P1P2	1150	4315	3683
EGLN3_-_34420234.23-P1P2	2748	13273	2145
EHHADH_+_184971776.23-P1P2	2047	0	0
EHHADH_+_184971792.23-P1P2	1964	0	0
EHHADH_+_184971806.23-P1P2	0	0	0
EHHADH_+_184971814.23-P1P2	1465	1	0
EHHADH_-_184971438.23-P1P2	5045	3	2
EIF2AK1_+_6098590.23-P1P2	1576	1	0
EIF2AK1_+_6098754.23-P1P2	1347	0	2657
EIF2AK1_+_6098764.23-P1P2	1386	2	1528
EIF2AK1_+_6098771.23-P1P2	1375	1	0
EIF2AK1_+_6098815.23-P1P2	1672	2	0
EIF2AK2_+_37383698.23-P1P2	0	0	0
EIF2AK2_+_37383706.23-P1P2	0	0	0
EIF2AK2_+_37384040.23-P1P2	0	0	0
EIF2AK2_+_37384079.23-P1P2	4001	3	1847
EIF2AK2_-_37384096.23-P1P2	1848	2842	953
EIF2AK3_+_88926608.23-P1P2	3731	5746	1896
EIF2AK3_+_88926929.23-P1P2	7819	6	3309
EIF2AK3_+_88926936.23-P1P2	0	0	0
EIF2AK3_-_88926550.23-P1P2	4790	4705	1177
EIF2AK3_-_88926935.23-P1P2	1628	4274	7150
EIF2AK4_+_40226372.23-P1P2	2808	7166	1598
EIF2AK4_+_40226377.23-P1P2	2326	5529	4713
EIF2AK4_+_40226467.23-P1P2	0	0	0
EIF2AK4_+_40226656.23-P1P2	1435	2	1
EIF2AK4_-_40226368.23-P1P2	1010	2350	3
ELANE_+_852322.23-P1P2	1172	2	0
ELANE_+_852326.23-P1P2	0	0	0
ELANE_+_852365.23-P1P2	1471	2520	1
ELANE_+_852646.23-P1P2	5348	1669	2580
ELANE_-_853519.23-P1P2	2293	6	3721
ELOVL4_-_80656842.23-P1P2	2789	2328	2
ELOVL4_-_80656918.23-P1P2	0	0	0
ELOVL4_-_80657202.23-P1P2	1288	2	1074
ELOVL4_-_80657222.23-P1P2	0	0	0
ELOVL4_-_80657225.23-P1P2	150	0	0
ELSPBP1_+_48497906.23-P1P2	1094	6276	1363
ELSPBP1_+_48497986.23-P1P2	0	0	0
ELSPBP1_+_48497995.23-P1P2	1193	0	1
ELSPBP1_+_48498343.23-P1P2	4933	1	5
ELSPBP1_-_48498155.23-P1P2	1326	4	3942
EN2_+_155251036.23-P1P2	0	0	0
EN2_+_155251468.23-P1P2	6541	4442	1361
EN2_-_155251027.23-P1P2	1388	2	379
EN2_-_155251032.23-P1P2	859	0	0
EN2_-_155251054.23-P1P2	1179	1	1447
ENO3_+_4851652.23-P2	4163	3	1540
ENO3_+_4851729.23-P2	0	0	0
ENO3_+_4854429.23-P1	1610	1	0
ENO3_+_4854432.23-P1	0	0	0
ENO3_-_4851690.23-P2	1571	8402	4
ENO3_-_4851904.23-P2	1078	6324	2746
ENO3_-_4852067.23-P2	2795	2	1710
ENO3_-_4854442.23-P1	2112	2525	1868
ENO3_-_4854477.23-P1	3139	2599	4
ENO3_-_4854481.23-P1	3014	0	870
ENOPH1_+_83351734.23-P1P2	3781	1494	1968
ENOPH1_+_83351756.23-P1P2	0	0	0
ENOPH1_-_83351791.23-P1P2	2801	1	0
ENOPH1_-_83352157.23-P1P2	453	1	3131
ENOPH1_-_83352167.23-P1P2	0	0	0
ENPEP_+_111397349.23-P1P2	0	0	0
ENPEP_+_111397849.23-P1P2	1653	0	0
ENPEP_-_111397345.23-P1P2	0	0	0
ENPEP_-_111397397.23-P1P2	6792	2	1634
ENPEP_-_111397410.23-P1P2	0	0	0
ENPP1_+_132129566.23-P1P2	1292	3	3942
ENPP1_+_132129578.23-P1P2	0	0	0
ENPP1_-_132129188.23-P1P2	0	0	0
ENPP1_-_132129531.23-P1P2	237	4	6848
ENPP1_-_132129718.23-P1P2	0	0	0
ENPP2_+_120650962.23-P1P2	2903	1	2
ENPP2_+_120651008.23-P1P2	0	0	0
ENPP2_+_120651062.23-P1P2	3637	2414	2160
ENPP2_-_120651026.23-P1P2	3259	1	1172
ENPP2_-_120651034.23-P1P2	1366	0	0
ENPP3_+_131949659.23-P2	0	0	0
ENPP3_+_131949691.23-P2	1097	1	3254
ENPP3_+_131949800.23-P2	0	0	0
ENPP3_+_131958457.23-P1	628	0	0
ENPP3_+_131958835.23-P1	690	5394	2160
ENPP3_-_131949650.23-P2	4291	4	3592
ENPP3_-_131950023.23-P2	0	0	0
ENPP3_-_131958476.23-P1	1042	0	2030
ENPP3_-_131958520.23-P1	875	2421	2378
ENPP3_-_131958855.23-P1	0	0	0
EPHA10_+_38230362.23-P2	1609	5436	1577
EPHA10_+_38230376.23-P2	1157	8758	1254
EPHA10_-_38218479.23-P1	0	0	0
EPHA10_-_38218850.23-P1	3819	7470	5490
EPHA10_-_38218863.23-P1	0	0	0
EPHA10_-_38218883.23-P1	1215	1	1
EPHA10_-_38218906.23-P1	2037	0	0
EPHA10_-_38230764.23-P2	0	0	0
EPHA10_-_38230767.23-P2	3157	6	4115
EPHA10_-_38230770.23-P2	2714	7035	1626
EPHA1_+_143105889.23-P1P2	2555	2665	1140
EPHA1_-_143105477.23-P1P2	0	0	0
EPHA1_-_143105481.23-P1P2	0	0	0
EPHA1_-_143105513.23-P1P2	1002	6233	4
EPHA1_-_143105934.23-P1P2	2617	5699	2
EPHA2_+_16482099.23-P1P2	677	0	0
EPHA2_+_16482142.23-P1P2	1566	0	0
EPHA2_+_16482159.23-P1P2	3244	7	3084
EPHA2_+_16482540.23-P1P2	0	0	0
EPHA2_-_16482174.23-P1P2	7766	3	784
EPHA3_+_89156833.23-P1P2	5593	1	2
EPHA3_+_89156967.23-P1P2	0	0	0
EPHA3_+_89157018.23-P1P2	1460	3	1854
EPHA3_+_89157080.23-P1P2	0	0	0
EPHA3_-_89156849.23-P1P2	1051	1948	1108
EPHA4_+_222436584.23-P1P2	2745	4	3521
EPHA4_+_222436959.23-P1P2	3457	2	186
EPHA4_+_222436964.23-P1P2	2576	7793	1779
EPHA4_+_222436980.23-P1P2	759	0	2
EPHA4_+_222436995.23-P1P2	1591	0	1
EPHA5_+_66536184.23-P1P2	1060	1	2
EPHA5_-_66535727.23-P1P2	2264	1	1369
EPHA5_-_66535737.23-P1P2	1513	2377	519
EPHA5_-_66535745.23-P1P2	932	3	4717
EPHA5_-_66536089.23-P1P2	0	0	0
EPHA6_+_96533426.23-P1P2	2470	1	1
EPHA6_+_96533476.23-P1P2	0	0	0
EPHA6_-_96533463.23-P1P2	2648	1	0
EPHA6_-_96533466.23-P1P2	8012	5566	6666
EPHA6_-_96533913.23-P1P2	0	0	0
EPHA7_+_94128782.23-P1P2	2206	4	2
EPHA7_+_94128885.23-P1P2	1581	1	1
EPHA7_+_94128956.23-P1P2	0	0	0
EPHA7_+_94129220.23-P1P2	1130	2	1
EPHA7_-_94128832.23-P1P2	2591	3	3848
EPHA8_+_22889976.23-P1P2	1966	4	3780
EPHA8_+_22889995.23-P1P2	1572	0	0
EPHA8_+_22890006.23-P1P2	1260	251	1308
EPHA8_-_22890011.23-P1P2	1314	8156	6800
EPHA8_-_22890387.23-P1P2	2326	3	2
EPHB1_+_134514118.23-P1P2	0	0	0
EPHB1_+_134514121.23-P1P2	549	2494	5
EPHB1_-_134514128.23-P1P2	2361	5213	3307
EPHB1_-_134514518.23-P1P2	2423	2	5060
EPHB1_-_134514558.23-P1P2	3062	2	2686
EPHB2_+_23037514.23-P1P2	4066	2329	1420
EPHB2_+_23037770.23-P1P2	0	0	0
EPHB2_-_23037351.23-P1P2	2698	0	1
EPHB2_-_23037753.23-P1P2	3056	5445	1
EPHB2_-_23037808.23-P1P2	1321	4040	6
EPHB3_+_184279633.23-P1P2	0	0	0
EPHB3_+_184279650.23-P1P2	0	0	0
EPHB3_+_184280015.23-P1P2	4205	3387	4
EPHB3_-_184279594.23-P1P2	0	0	0
EPHB3_-_184279954.23-P1P2	6990	4624	1824
EPHB4_+_100424702.23-P1P2	0	0	0
EPHB4_+_100424757.23-P1P2	3077	6697	3367
EPHB4_-_100424673.23-P1P2	2627	0	2
EPHB4_-_100424909.23-P1P2	4150	6	3562
EPHB4_-_100425081.23-P1P2	0	0	0
EPHB6_+_142552855.23-P1P2	5439	4	3340
EPHB6_+_142553246.23-P1P2	1727	0	0
EPHB6_-_142552874.23-P1P2	2482	2969	1824
EPHB6_-_142553113.23-P1P2	2561	1	1980
EPHB6_-_142553312.23-P1P2	2430	1	0
EPHX2_+_27348679.23-P1P2	11171	7	1674
EPHX2_+_27348720.23-P1P2	5259	2	1724
EPHX2_+_27348723.23-P1P2	1341	4085	1714
EPHX2_+_27348741.23-P1P2	0	0	0
EPHX2_+_27349105.23-P1P2	697	0	1
EPM2A_-_146056117.23-P1P2	3485	2	3
EPM2A_-_146056127.23-P1P2	2898	2	0
EPM2A_-_146056174.23-P1P2	3467	3652	1982
EPM2A_-_146056194.23-P1P2	3445	4843	4118
EPM2A_-_146056625.23-P1P2	0	0	0
EPN1_+_56186684.23-P1P2	1199	0	3585
EPN1_+_56186947.23-P1P2	1554	11255	11809
EPN1_+_56187100.23-P1P2	4898	4464	4935
EPN1_-_56186615.23-P1P2	1373	0	0
EPN1_-_56186656.23-P1P2	1513	1	0
EPOR_+_11491430.23-P1	0	0	0
EPOR_+_11491868.23-P1	1901	8602	4
EPOR_+_11491872.23-P1	874	4111	0
EPOR_+_11494535.23-P2	0	0	0
EPOR_+_11494968.23-P2	3350	4466	2565
EPOR_+_11494971.23-P2	1299	0	1
EPOR_-_11491517.23-P1	1115	1	1735
EPOR_-_11491902.23-P1	1505	1	0
EPOR_-_11494957.23-P2	0	0	0
EPOR_-_11494977.23-P2	415	9930	5071
EPRS_+_220219441.23-P1P2	94	0	0
EPRS_+_220219853.23-P1P2	0	0	0
EPRS_-_220219785.23-P1P2	0	0	0
EPRS_-_220219788.23-P1P2	0	0	0
EPRS_-_220219801.23-P1P2	0	0	0
EPS8L1_-_55587247.23-P1	2343	0	3477
EPS8L1_-_55587259.23-P1	0	0	0
EPS8L1_-_55587300.23-P1	1349	1540	3144
EPS8L1_-_55587306.23-P1	0	0	0
EPS8L1_-_55587734.23-P1	0	0	0
EPS8L1_-_55591777.23-P2	0	0	0
EPS8L1_-_55591798.23-P2	170	0	0
EPS8L1_-_55591802.23-P2	1622	1	2
EPS8L1_-_55592168.23-P2	0	0	0
EPS8L1_-_55592240.23-P2	1248	2515	1
EPX_+_56270148.23-P1P2	2209	2656	1147
EPX_-_56270118.23-P1P2	0	0	0
EPX_-_56270137.23-P1P2	0	0	0
EPX_-_56270492.23-P1P2	0	0	0
EPX_-_56270540.23-P1P2	0	0	0
ERBB2_+_37856367.23-P1P2	2504	10874	1180
ERBB2_+_37856373.23-P1P2	3373	5473	1815
ERBB2_-_37856345.23-P1P2	0	0	0
ERBB2_-_37856706.23-P1P2	1158	2	0
ERBB2_-_37856751.23-P1P2	877	0	2803
ERBB3_+_56474016.23-P1P2	0	0	0
ERBB3_+_56474277.23-P1P2	2668	2526	3446
ERBB3_+_56474395.23-P1P2	0	0	0
ERBB3_+_56474409.23-P1P2	0	0	0
ERBB3_-_56474350.23-P1P2	3814	2	1987
ERBB4_+_213403805.23-P1P2	3971	1	1835
ERBB4_+_213403841.23-P1P2	5546	4	2
ERBB4_+_213403862.23-P1P2	1551	1	2
ERBB4_-_213403401.23-P1P2	0	0	0
ERBB4_-_213403823.23-P1P2	1153	0	1542
ERN1_-_62207431.23-P1P2	3531	5137	1461
ERN1_-_62207436.23-P1P2	0	0	0
ERN1_-_62207440.23-P1P2	1764	6	0
ERN1_-_62207482.23-P1P2	1180	3	0
ERN1_-_62207499.23-P1P2	4179	7480	5822
ERN2_+_23724488.23-P1P2	2751	1	1
ERN2_+_23724495.23-P1P2	0	0	0
ERN2_+_23724504.23-P1P2	0	0	0
ERN2_+_23724548.23-P1P2	733	0	0
ERN2_-_23724305.23-P1P2	1142	2523	1614
ERO1LB_+_236444840.23-P1P2	0	0	0
ERO1LB_-_236445015.23-P1P2	670	2461	1555
ERO1LB_-_236445193.23-P1P2	2424	1671	1
ERO1LB_-_236445200.23-P1P2	792	3	1467
ERO1LB_-_236445220.23-P1P2	3003	3232	1
ESD_+_47371228.23-P1P2	827	1	0
ESD_+_47371238.23-P1P2	3013	1736	1143
ESD_-_47371244.23-P1P2	1679	4	1
ESD_-_47371269.23-P1P2	3116	0	1
ESD_-_47371282.23-P1P2	0	0	0
ESRRG_+_216978369.23-ENST00000360012.3	0	0	0
ESRRG_+_216978651.23-ENST00000360012.3	0	0	0
ESRRG_+_216978690.23-ENST00000360012.3	0	0	0
ESRRG_+_217112607.23-ENST00000361395.2,ENST00000366938.2,ENST00000487276.1	0	0	0
ESRRG_+_217112620.23-ENST00000361395.2,ENST00000366938.2,ENST00000487276.1	820	394	2
ESRRG_+_217112922.23-ENST00000361395.2,ENST00000366938.2,ENST00000487276.1	0	0	0
ESRRG_+_217250274.23-ENST00000493748.1	1720	0	1
ESRRG_+_217262979.23-ENST00000359162.2,ENST00000361525.3	2764	2	972
ESRRG_+_217263157.23-ENST00000359162.2,ENST00000361525.3	1388	0	0
ESRRG_+_217263184.23-ENST00000359162.2,ENST00000361525.3	0	0	0
ESRRG_+_217310765.23-ENST00000366940.2,ENST00000493603.1	0	0	0
ESRRG_+_217310891.23-ENST00000366940.2,ENST00000493603.1	0	0	0
ESRRG_+_217311037.23-ENST00000366940.2,ENST00000493603.1	585	0	1
ESRRG_+_217311105.23-ENST00000366940.2,ENST00000493603.1	611	4837	1
ESRRG_-_216978269.23-ENST00000360012.3	1095	6014	1
ESRRG_-_216978635.23-ENST00000360012.3	0	0	0
ESRRG_-_217112601.23-ENST00000361395.2,ENST00000366938.2,ENST00000487276.1	0	0	0
ESRRG_-_217112951.23-ENST00000361395.2,ENST00000366938.2,ENST00000487276.1	2007	2	0
ESRRG_-_217250254.23-ENST00000493748.1	0	0	0
ESRRG_-_217250304.23-ENST00000493748.1	0	0	0
ESRRG_-_217250321.23-ENST00000493748.1	1077	1	0
ESRRG_-_217250324.23-ENST00000493748.1	676	0	0
ESRRG_-_217262665.23-ENST00000359162.2,ENST00000361525.3	0	0	0
ESRRG_-_217263115.23-ENST00000359162.2,ENST00000361525.3	1424	4169	2544
ESRRG_-_217311078.23-ENST00000366940.2,ENST00000493603.1	2045	3669	2755
ETFDH_+_159593530.23-P1P2	1469	1519	2388
ETFDH_-_159593461.23-P1P2	0	0	0
ETFDH_-_159593465.23-P1P2	3200	5	3704
ETFDH_-_159593860.23-P1P2	1523	1	1
ETFDH_-_159593941.23-P1P2	955	2679	2196
ETNK1_+_22778206.23-P1P2	1565	32	1
ETNK1_+_22778284.23-P1P2	1404	3598	6699
ETNK1_+_22778498.23-P1P2	0	0	0
ETNK1_+_22778526.23-P1P2	5597	5	1
ETNK1_-_22778158.23-P1P2	885	5765	3
ETNK2_+_204120715.23-P1P2	0	0	0
ETNK2_+_204121100.23-P1P2	1331	4665	1951
ETNK2_+_204121162.23-P1P2	0	0	0
ETNK2_+_204121274.23-P1P2	0	0	0
ETNK2_-_204120701.23-P1P2	3098	3	2
EXTL2_+_101360354.23-P1P2	3022	7214	339
EXTL2_+_101360390.23-P1P2	1169	6	3557
EXTL2_+_101360403.23-P1P2	2509	2	0
EXTL2_-_101360345.23-P1P2	0	0	0
EXTL2_-_101360384.23-P1P2	5340	1	1
F10_+_113777162.23-P1P2	905	0	0
F10_+_113777186.23-P1P2	0	0	0
F10_-_113777161.23-P1P2	0	0	0
F10_-_113777639.23-P1P2	0	0	0
F10_-_113777653.23-P1P2	799	1	0
F11_+_187187404.23-P1P2	0	0	0
F11_+_187187431.23-P1P2	0	0	0
F11_+_187187596.23-P1P2	0	0	0
F11_-_187187371.23-P1P2	0	0	0
F11_-_187187374.23-P1P2	3381	3396	2
F13A1_+_6320844.23-P1P2	0	0	0
F13A1_+_6320869.23-P1P2	2045	2	1257
F13A1_-_6320799.23-P1P2	2368	6	1783
F13A1_-_6320813.23-P1P2	1215	0	1
F13A1_-_6320855.23-P1P2	5873	2996	6
F2R_+_76011955.23-P1P2	1229	3549	3087
F2R_+_76011973.23-P1P2	1412	3	735
F2R_+_76011989.23-P1P2	1772	2	1679
F2R_+_76012309.23-P1P2	0	0	0
F2R_-_76012007.23-P1P2	0	0	0
F2_+_46740834.23-P1P2	0	0	0
F2_+_46741184.23-P1P2	56	5819	1306
F2_+_46741237.23-P1P2	0	0	0
F2_+_46741243.23-P1P2	1336	4617	1
F2_-_46740801.23-P1P2	0	0	0
F3_+_94997411.23-P2	1540	2	0
F3_+_94997899.23-P2	1288	7486	2133
F3_+_94997912.23-P2	0	0	0
F3_+_95007061.23-P1	3176	4255	3
F3_+_95007264.23-P1	4148	14809	8
F3_-_94997459.23-P2	2019	5576	2
F3_-_94997916.23-P2	0	0	0
F3_-_95006865.23-P1	787	4	3242
F3_-_95007077.23-P1	2263	3	2215
F3_-_95007293.23-P1	1570	2	3618
F5_+_169555628.23-P1P2	2830	9	3594
F5_+_169555656.23-P1P2	81	1422	4276
F5_+_169555679.23-P1P2	0	0	0
F5_+_169555691.23-P1P2	2920	3923	4
F5_-_169555669.23-P1P2	2251	0	1
F7_-_113760127.23-P1P2	2307	4510	2249
F7_-_113760133.23-P1P2	0	0	0
F7_-_113760523.23-P1P2	0	0	0
F7_-_113760553.23-P1P2	2029	4955	1331
F7_-_113760584.23-P1P2	1295	0	0
F9_+_138612956.23-P1P2	0	0	0
F9_+_138612961.23-P1P2	1987	0	2
F9_+_138612976.23-P1P2	3041	1	2
F9_-_138612947.23-P1P2	0	0	0
F9_-_138612960.23-P1P2	0	0	0
FAAH_-_46859998.23-P1P2	1007	3	2
FAAH_-_46860023.23-P1P2	1540	1	1035
FAAH_-_46860266.23-P1P2	2613	2	2
FAAH_-_46860391.23-P1P2	0	0	0
FAAH_-_46860426.23-P1P2	5522	2	0
FABP6_+_159640693.23-P1P2	2066	5	1905
FABP6_+_159640780.23-P1P2	0	0	0
FABP6_-_159640788.23-P1P2	4255	7	1995
FABP6_-_159640843.23-P1P2	1297	2608	2181
FABP6_-_159640920.23-P1P2	0	0	0
FADS1_+_61583853.23-P1P2	922	4280	694
FADS1_+_61584128.23-P1P2	0	0	0
FADS1_-_61583890.23-P1P2	1478	1	0
FADS1_-_61583908.23-P1P2	0	0	0
FADS1_-_61584296.23-P1P2	1348	3921	1449
FADS2_+_61583821.23-P2	0	0	0
FADS2_+_61583853.23-P2	922	4280	694
FADS2_+_61584025.23-P2	0	0	0
FADS2_+_61584196.23-P2	1206	2669	1729
FADS2_+_61584226.23-P2	3413	5	2970
FADS2_-_61595787.23-P1	0	0	0
FADS2_-_61595853.23-P1	2192	2205	3007
FADS2_-_61595969.23-P1	2164	9832	2
FADS2_-_61596156.23-P1	1370	2969	939
FADS2_-_61596187.23-P1	1714	0	385
FAH_+_80445358.23-P1P2	1658	2	114
FAH_+_80445380.23-P1P2	1036	11815	1935
FAH_+_80445805.23-P1P2	2337	1139	1062
FAH_-_80445797.23-P1P2	4917	2106	1907
FAH_-_80445858.23-P1P2	2298	3051	1
FARS2_+_5261243.23-P1P2	4582	4579	3
FARS2_+_5261818.23-P1P2	0	0	0
FARS2_-_5261304.23-P1P2	1000	0	0
FARS2_-_5261743.23-P1P2	0	0	0
FARS2_-_5261803.23-P1P2	0	0	0
FARSA_+_13044144.23-P1P2	1546	3	3025
FARSA_+_13044503.23-P1P2	0	0	0
FARSA_+_13044506.23-P1P2	0	0	0
FARSA_-_13044104.23-P1P2	0	0	0
FARSA_-_13044550.23-P1P2	1410	0	4
FARSB_+_223520838.23-P1P2	0	0	0
FARSB_+_223521061.23-P1P2	0	0	0
FARSB_-_223520722.23-P1P2	0	0	0
FARSB_-_223520739.23-P1P2	0	0	0
FARSB_-_223520751.23-P1P2	0	0	0
FASTK_+_150777860.23-P1P2	0	0	0
FASTK_+_150777887.23-P1P2	0	0	0
FASTK_-_150777448.23-P1P2	0	0	0
FASTK_-_150777466.23-P1P2	717	2	0
FASTK_-_150777855.23-P1P2	3217	11384	9
FBP1_+_97401758.23-P1P2	887	1176	1642
FBP1_+_97401761.23-P1P2	2277	1410	3420
FBP1_-_97401323.23-P1P2	661	1	1
FBP1_-_97401397.23-P1P2	1565	1558	3704
FBP1_-_97401424.23-P1P2	3383	1615	3579
FBP2_+_97356076.23-P1P2	1028	10678	1968
FBP2_-_97355853.23-P1P2	0	0	0
FBP2_-_97356067.23-P1P2	1439	0	1800
FBP2_-_97356086.23-P1P2	0	0	0
FBP2_-_97356130.23-P1P2	0	0	0
FCER1A_+_159272164.23-P1P2	872	4528	1660
FCER1A_+_159272174.23-P1P2	0	0	0
FCER1A_+_159272194.23-P1P2	0	0	0
FCER1A_+_159272573.23-P1P2	0	0	0
FCER1A_-_159272370.23-P1P2	0	0	0
FCER1G_+_161185094.23-P1P2	903	0	1750
FCER1G_+_161185105.23-P1P2	958	4558	1
FCER1G_+_161185117.23-P1P2	1054	3	1061
FCER1G_+_161185306.23-P1P2	2407	2	2
FCER1G_-_161185046.23-P1P2	0	0	0
FCGR1B_+_120935888.23-P1P2	2237	6023	1
FCGR1B_-_120935520.23-P1P2	1356	0	1824
FCGR1B_-_120935535.23-P1P2	0	0	0
FCGR1B_-_120935672.23-P1P2	1692	3	5861
FCGR1B_-_120935736.23-P1P2	0	0	0
FCGR3A_+_161519295.23-P1P2	0	0	0
FCGR3A_+_161519345.23-P1P2	866	6172	7
FCGR3A_+_161519475.23-P1P2	0	0	0
FCGR3A_-_161519304.23-P1P2	1668	788	3
FCGR3A_-_161519350.23-P1P2	0	0	0
FCGR3B_+_161600520.23-P1P2	0	0	0
FCGR3B_+_161600703.23-P1P2	0	0	0
FCGR3B_-_161600528.23-P1P2	1716	2	2259
FCGR3B_-_161600662.23-P1P2	0	0	0
FCGR3B_-_161600958.23-P1P2	1152	2	3136
FCRL2_+_157746672.23-P1P2	1487	1	2
FCRL2_+_157746696.23-P1P2	5064	8984	1408
FCRL2_+_157746732.23-P1P2	0	0	0
FCRL2_+_157746907.23-P1P2	0	0	0
FCRL2_-_157746496.23-P1P2	3006	1	1674
FDX1_+_110300796.23-P1P2	0	0	0
FDX1_+_110300809.23-P1P2	682	10122	476
FDX1_+_110301114.23-P1P2	622	2546	3072
FDX1_-_110300684.23-P1P2	714	2883	1
FDX1_-_110301034.23-P1P2	0	0	0
FDXR_+_72868669.23-P1P2	1497	0	0
FDXR_+_72868706.23-P1P2	0	0	0
FDXR_+_72868908.23-P1P2	0	0	0
FDXR_+_72868925.23-P1P2	3101	0	1491
FDXR_+_72869065.23-P1P2	0	0	0
FECH_+_55253730.23-P1P2	0	0	0
FECH_+_55253870.23-P1P2	3703	3	1552
FECH_+_55253900.23-P1P2	855	3151	1010
FECH_+_55253923.23-P1P2	0	0	0
FECH_-_55253880.23-P1P2	0	0	0
FER_+_108083965.23-P2	0	0	0
FER_+_108084006.23-P2	3723	2	2225
FER_+_108084027.23-P2	0	0	0
FER_+_108084110.23-P2	1389	0	0
FER_+_108084710.23-P1	2523	2	4991
FER_+_108084713.23-P1	0	0	0
FER_+_108085135.23-P1	0	0	0
FER_-_108083701.23-P2	0	0	0
FER_-_108084698.23-P1	0	0	0
FER_-_108085027.23-P1	0	0	0
FES_+_91427657.23-P1P2	2248	2985	2668
FES_+_91427765.23-P1P2	2918	6	5448
FES_+_91428120.23-P1P2	3691	2889	3222
FES_+_91428156.23-P1P2	1669	0	4
FES_-_91427739.23-P1P2	2660	4	2
FFAR1_+_35842483.23-ENST00000246553.2	2528	2240	1487
FFAR1_+_35842497.23-ENST00000246553.2	2385	2124	3761
FFAR1_+_35842864.23-ENST00000246553.2	1664	7679	5
FFAR1_-_35842482.23-ENST00000246553.2	1103	0	1
FFAR1_-_35842493.23-ENST00000246553.2	0	0	0
FGA_+_155511795.23-P1P2	0	0	0
FGA_+_155511862.23-P1P2	1821	6135	1929
FGA_+_155511898.23-P1P2	2918	0	2
FGA_-_155511476.23-P1P2	0	0	0
FGA_-_155511831.23-P1P2	0	0	0
FGB_+_155484408.23-P1P2	0	0	0
FGB_-_155484182.23-P1P2	2393	4	1039
FGB_-_155484281.23-P1P2	1512	3444	3187
FGB_-_155484284.23-P1P2	1565	0	1
FGB_-_155484592.23-P1P2	0	0	0
FGF4_+_69589653.23-P1P2	5524	5	2874
FGF4_+_69589698.23-P1P2	0	0	0
FGF4_+_69589742.23-P1P2	3928	3519	678
FGF4_+_69590093.23-P1P2	1084	2	1897
FGF4_+_69590126.23-P1P2	0	0	0
FGFR1_+_38325799.23-P1P2	0	0	0
FGFR1_+_38326106.23-P1P2	1525	3684	2418
FGFR1_-_38325683.23-P1P2	3720	1162	3258
FGFR1_-_38325695.23-P1P2	0	0	0
FGFR1_-_38326082.23-P1P2	1141	2066	1430
FGFR2_+_123357591.23-P1P2	3139	6997	2324
FGFR2_+_123357876.23-P1P2	1393	5245	1020
FGFR2_-_123357455.23-P1P2	2233	7	8460
FGFR2_-_123357673.23-P1P2	933	1	0
FGFR2_-_123357892.23-P1P2	3363	1	835
FGFR3_+_1795055.23-P1P2	2921	0	3
FGFR3_+_1795504.23-P1P2	5288	7	1332
FGFR3_+_1795546.23-P1P2	0	0	0
FGFR3_+_1795549.23-P1P2	653	1	1742
FGFR3_-_1795030.23-P1P2	4841	5	2972
FGFR4_+_176513963.23-P1P2	0	0	0
FGFR4_+_176514298.23-P1P2	2175	7	3317
FGFR4_+_176514335.23-P1P2	1630	1	1187
FGFR4_-_176513946.23-P1P2	4953	4349	1635
FGFR4_-_176514342.23-P1P2	398	3258	3
FGGY_+_59762509.23-P1P2	1245	5550	5
FGGY_+_59762591.23-P1P2	0	0	0
FGGY_+_59762742.23-P1P2	0	0	0
FGGY_+_59762753.23-P1P2	1124	3242	2
FGGY_+_59762964.23-P1P2	0	0	0
FGG_+_155533495.23-P1P2	0	0	0
FGG_+_155533773.23-P1P2	2310	0	0
FGG_+_155533787.23-P1P2	0	0	0
FGG_-_155533743.23-P1P2	0	0	0
FGG_-_155533817.23-P1P2	489	0	1714
FGR_+_27961158.23-P1P2	2780	0	1589
FGR_+_27961203.23-P1P2	1479	0	0
FGR_+_27961218.23-P1P2	1440	3	0
FGR_+_27961627.23-P1P2	3381	3067	5131
FGR_-_27961174.23-P1P2	0	0	0
FLT1_+_29068777.23-P1P2	1531	0	4
FLT1_+_29068815.23-P1P2	5288	8	5
FLT1_+_29068834.23-P1P2	0	0	0
FLT1_+_29068870.23-P1P2	2290	6090	320
FLT1_-_29068808.23-P1P2	5310	98	3746
FLT3LG_+_49977519.23-P1P2	1034	14138	4388
FLT3LG_-_49977874.23-P1P2	1723	1592	1460
FLT3LG_-_49977882.23-P1P2	1679	1498	2
FLT3LG_-_49977908.23-P1P2	1162	2	1166
FLT3LG_-_49977957.23-P1P2	0	0	0
FLT3_+_28674290.23-P1P2	658	2156	1735
FLT3_+_28674687.23-P1P2	4476	2	2267
FLT3_+_28674697.23-P1P2	2030	0	0
FLT3_-_28674256.23-P1P2	5454	2501	1789
FLT3_-_28674369.23-P1P2	1189	5	3388
FLT4_-_180076146.23-P1P2	1506	3	2826
FLT4_-_180076214.23-P1P2	835	0	1
FLT4_-_180076521.23-P1P2	0	0	0
FLT4_-_180076531.23-P1P2	5688	2	3273
FLT4_-_180076578.23-P1P2	0	0	0
FN3KRP_-_80674606.23-P1P2	1365	1	3
FN3KRP_-_80674676.23-P1P2	3180	3	1993
FN3KRP_-_80674730.23-P1P2	0	0	0
FN3KRP_-_80675002.23-P1P2	382	2050	3
FN3KRP_-_80675016.23-P1P2	1562	4	2128
FN3K_+_80693768.23-P1P2	1161	4193	1835
FN3K_+_80693967.23-P1P2	0	0	0
FN3K_-_80693475.23-P1P2	4210	4175	3241
FN3K_-_80693883.23-P1P2	837	1	0
FN3K_-_80693887.23-P1P2	1017	2627	3470
FNTA_+_42911840.23-P1P2	658	0	1
FNTA_+_42911947.23-P1P2	0	0	0
FNTA_-_42911495.23-P1P2	0	0	0
FNTA_-_42911527.23-P1P2	1131	1851	2536
FNTA_-_42911755.23-P1P2	0	0	0
FNTB_+_65381194.23-P1P2	6559	11213	1714
FNTB_+_65381421.23-P1P2	2823	3544	3189
FNTB_+_65381596.23-P1P2	826	2341	3
FNTB_-_65381231.23-P1P2	7061	6	1
FNTB_-_65381264.23-P1P2	1658	4649	1559
FOLH1_+_49229681.23-P1P2	0	0	0
FOLH1_+_49229684.23-P1P2	3907	3824	0
FOLH1_+_49229732.23-P1P2	0	0	0
FOLH1_+_49230103.23-P1P2	496	1	1930
FOLH1_-_49230113.23-P1P2	0	0	0
FOLR2_+_71927884.23-P1P2	1541	3	0
FOLR2_+_71927905.23-P1P2	0	0	0
FOLR2_-_71927871.23-P1P2	0	0	0
FOLR2_-_71927878.23-P1P2	0	0	0
FOLR2_-_71927891.23-P1P2	0	0	0
FOLR3_+_71826225.23-P1	0	0	0
FOLR3_+_71826241.23-P1	882	5024	3
FOLR3_+_71826247.23-P1	4562	4	3867
FOLR3_+_71826251.23-P1	0	0	0
FOLR3_+_71846807.23-P2	0	0	0
FOLR3_-_71825982.23-P1	1202	2	2033
FOLR3_-_71846795.23-P2	1503	6	5515
FOLR3_-_71846798.23-P2	3600	6	3217
FOLR3_-_71846801.23-P2	0	0	0
FOLR3_-_71846819.23-P2	0	0	0
FPGS_+_130565231.23-P1P2	1591	2032	1
FPGS_-_130565211.23-P1P2	0	0	0
FPGS_-_130565579.23-P1P2	1007	6470	2843
FPGS_-_130565615.23-P1P2	1601	1	1
FPGS_-_130565661.23-P1P2	0	0	0
FPR1_-_52255098.23-P1P2	1925	4296	3
FPR1_-_52255109.23-P1P2	0	0	0
FPR1_-_52255115.23-P1P2	0	0	0
FPR1_-_52255125.23-P1P2	3182	1	1
FPR1_-_52255138.23-P1P2	1314	0	0
FRK_+_116381516.23-P1P2	6383	6	1652
FRK_+_116381900.23-P1P2	894	0	2142
FRK_+_116381959.23-P1P2	2310	6	5343
FRK_+_116381964.23-P1P2	5525	5324	2085
FRK_-_116381891.23-P1P2	1634	0	5
FSHR_+_49381159.23-P1P2	961	3081	0
FSHR_-_49381435.23-P1P2	2632	3441	3666
FSHR_-_49381544.23-P1P2	0	0	0
FSHR_-_49381671.23-P1P2	0	0	0
FSHR_-_49381691.23-P1P2	0	0	0
FST_+_52776503.23-P1P2	1301	0	0
FST_+_52776524.23-P1P2	2330	5	5211
FST_+_52776677.23-P1P2	0	0	0
FST_-_52776650.23-P1P2	1069	791	1
FST_-_52776718.23-P1P2	1626	1	1751
FTCD_+_47562172.23-P2	1090	2362	2012
FTCD_+_47562228.23-P2	0	0	0
FTCD_+_47562608.23-P2	2075	2	2366
FTCD_+_47562611.23-P2	2281	3	2
FTCD_+_47575039.23-P1	0	0	0
FTCD_+_47575061.23-P1	0	0	0
FTCD_+_47575266.23-P1	0	0	0
FTCD_+_47575445.23-P1	63	3068	0
FTCD_+_47575452.23-P1	1447	2	2
FTCD_-_47562204.23-P2	0	0	0
FTH1_+_61734611.23-P1P2	7905	2245	5
FTH1_+_61734626.23-P1P2	1103	3	0
FTH1_+_61734636.23-P1P2	3787	4	2368
FTH1_-_61734588.23-P1P2	2554	0	1
FTH1_-_61734683.23-P1P2	965	0	0
FTL_+_49468653.23-P1P2	989	0	0
FTL_+_49468852.23-P1P2	767	3062	1582
FTL_+_49469010.23-P1P2	5025	3	1
FTL_+_49469019.23-P1P2	1694	2	2521
FTL_-_49468967.23-P1P2	0	0	0
FUK_+_70488509.23-P1P2	2165	1	1550
FUK_+_70488543.23-P1P2	720	2	1295
FUK_+_70488701.23-P1P2	0	0	0
FUK_-_70488529.23-P1P2	368	4489	2061
FUK_-_70488551.23-P1P2	0	0	0
FXYD2_+_117695367.23-P1	0	0	0
FXYD2_+_117695370.23-P1	0	0	0
FXYD2_+_117698373.23-P2	1218	4336	526
FXYD2_+_117698708.23-P2	0	0	0
FXYD2_+_117698783.23-P2	402	4757	3
FXYD2_-_117695004.23-P1	1482	9925	3028
FXYD2_-_117695307.23-P1	0	0	0
FXYD2_-_117695409.23-P1	549	2	858
FXYD2_-_117698401.23-P2	0	0	0
FXYD2_-_117698753.23-P2	0	0	0
FYN_+_112194476.23-P1P2	1473	4	1782
FYN_+_112194573.23-P1P2	0	0	0
FYN_+_112194611.23-P1P2	0	0	0
FYN_-_112194552.23-P1P2	3889	7491	5286
FYN_-_112194589.23-P1P2	0	0	0
G6PC2_+_169757849.23-P1P2	3338	4962	5541
G6PC2_+_169757897.23-P1P2	2224	2	1
G6PC2_-_169757858.23-P1P2	0	0	0
G6PC2_-_169757948.23-P1P2	1233	2553	3
G6PC2_-_169758033.23-P1P2	1351	3	529
G6PC3_+_42148275.23-P1P2	0	0	0
G6PC3_+_42148290.23-P1P2	727	2624	1583
G6PC3_+_42148328.23-P1P2	1154	2	3473
G6PC3_+_42148587.23-P1P2	0	0	0
G6PC3_+_42148615.23-P1P2	0	0	0
G6PC_+_41053017.23-P1P2	0	0	0
G6PC_+_41053224.23-P1P2	0	0	0
G6PC_+_41053248.23-P1P2	0	0	0
G6PC_-_41052854.23-P1P2	0	0	0
G6PC_-_41052899.23-P1P2	1916	1	0
GAA_+_78075599.23-P1P2	1512	2439	3495
GAA_+_78075602.23-P1P2	0	0	0
GAA_+_78075795.23-P1P2	0	0	0
GAA_+_78075802.23-P1P2	1635	2	1404
GAA_-_78075387.23-P1P2	847	0	1813
GABBR1_+_29595399.23-P1	0	0	0
GABBR1_+_29595758.23-P1	5668	6	3
GABBR1_+_29595761.23-P1	3776	5	4517
GABBR1_+_29595764.23-P1	4258	2874	2
GABBR1_+_29600388.23-P2	0	0	0
GABBR1_+_29600584.23-P2	2282	3	3543
GABBR1_+_29600743.23-P2	0	0	0
GABBR1_+_29600967.23-P2	1429	0	1
GABBR1_-_29595723.23-P1	0	0	0
GABBR1_-_29600936.23-P2	0	0	0
GABBR2_+_101470817.23-P1P2	2735	3	4
GABBR2_+_101470820.23-P1P2	1103	3	2210
GABBR2_-_101470734.23-P1P2	0	0	0
GABBR2_-_101470780.23-P1P2	2607	0	3
GABBR2_-_101471174.23-P1P2	0	0	0
GABRA1_+_161275363.23-P1P2	1326	8389	4
GABRA1_+_161275377.23-P1P2	1287	1	0
GABRA1_-_161275214.23-P1P2	1385	2	1719
GABRA1_-_161275421.23-P1P2	0	0	0
GABRA1_-_161275618.23-P1P2	0	0	0
GABRA2_+_46391640.23-P1P2	0	0	0
GABRA2_+_46391927.23-P1P2	0	0	0
GABRA2_-_46391974.23-P1P2	2076	1	1
GABRA2_-_46391977.23-P1P2	0	0	0
GABRA2_-_46392008.23-P1P2	0	0	0
GABRA3_+_151619477.23-P1P2	0	0	0
GABRA3_+_151619682.23-P1P2	1267	0	0
GABRA3_+_151619738.23-P1P2	1865	1	1098
GABRA3_-_151619272.23-P1P2	0	0	0
GABRA3_-_151619548.23-P1P2	1541	1	0
GABRA4_+_46995154.23-P1P2	2904	4	2020
GABRA4_+_46995178.23-P1P2	1776	1	1626
GABRA4_-_46995083.23-P1P2	0	0	0
GABRA4_-_46995086.23-P1P2	0	0	0
GABRA4_-_46995518.23-P1P2	1022	2	1263
GABRA5_+_27112611.23-P1P2	0	0	0
GABRA5_-_27112253.23-P1P2	898	3200	1
GABRA5_-_27112425.23-P1P2	726	2040	886
GABRA5_-_27112595.23-P1P2	0	0	0
GABRA5_-_27112641.23-P1P2	0	0	0
GABRA6_+_161112696.23-P1P2	0	0	0
GABRA6_+_161112773.23-P1P2	0	0	0
GABRA6_+_161113094.23-P1P2	0	0	0
GABRA6_-_161112962.23-P1P2	0	0	0
GABRA6_-_161113235.23-P1P2	0	0	0
GABRB1_+_47033598.23-P1P2	3188	1	2
GABRB1_+_47033606.23-P1P2	1250	1	0
GABRB1_+_47034051.23-P1P2	361	4331	0
GABRB1_-_47033589.23-P1P2	2623	4	1247
GABRB1_-_47034022.23-P1P2	0	0	0
GABRB2_+_160973696.23-P1P2	1145	0	0
GABRB2_-_160973248.23-P1P2	0	0	0
GABRB2_-_160973253.23-P1P2	0	0	0
GABRB2_-_160973456.23-P1P2	0	0	0
GABRB2_-_160973590.23-P1P2	1559	5	1792
GABRB3_+_27017780.23-P1P2	1138	3225	4
GABRB3_+_27018023.23-P1P2	2887	0	1
GABRB3_+_27018148.23-P1P2	3110	632	2984
GABRB3_+_27018151.23-P1P2	1805	1	4501
GABRB3_+_27018161.23-P1P2	1381	1749	1434
GABRD_+_1950823.23-P1P2	0	0	0
GABRD_+_1951088.23-P1P2	0	0	0
GABRD_+_1951115.23-P1P2	2981	3	1478
GABRD_-_1951194.23-P1P2	2027	8853	3
GABRD_-_1951258.23-P1P2	2581	0	1119
GABRE_+_151142699.23-P1P2	1377	1587	1
GABRE_+_151142720.23-P1P2	153	5	5679
GABRE_-_151142725.23-P1P2	0	0	0
GABRE_-_151143078.23-P1P2	0	0	0
GABRE_-_151143149.23-P1P2	0	0	0
GABRG1_+_46125536.23-P1P2	0	0	0
GABRG1_+_46125809.23-P1P2	0	0	0
GABRG1_+_46125869.23-P1P2	1521	0	0
GABRG1_-_46126023.23-P1P2	0	0	0
GABRG1_-_46126061.23-P1P2	0	0	0
GABRG2_+_161495106.23-P1P2	0	0	0
GABRG2_-_161495256.23-P1P2	0	0	0
GABRG2_-_161495269.23-P1P2	1741	1	0
GABRG2_-_161495518.23-P1P2	0	0	0
GABRG2_-_161495543.23-P1P2	3320	1	1758
GABRG3_+_27216363.23-P1P2	5398	7	1500
GABRG3_+_27216537.23-P1P2	3874	4	1910
GABRG3_+_27216711.23-P1P2	1211	6	1222
GABRG3_-_27216525.23-P1P2	0	0	0
GABRG3_-_27216788.23-P1P2	1135	1	1964
GABRP_+_170209722.23-P1P2	0	0	0
GABRP_+_170210726.23-P1P2	0	0	0
GABRP_-_170210741.23-P1P2	0	0	0
GABRP_-_170210765.23-P1P2	2178	3	1942
GABRP_-_170210772.23-P1P2	1399	1	2
GABRQ_+_151806345.23-P1P2	1084	4	3695
GABRQ_+_151806402.23-P1P2	0	0	0
GABRQ_+_151806567.23-P1P2	0	0	0
GABRQ_+_151806596.23-P1P2	2919	3	3571
GABRQ_+_151806776.23-P1P2	1284	3259	1874
GABRR1_+_89926587.23-P1P2	0	0	0
GABRR1_+_89927012.23-P1P2	1750	0	1
GABRR1_+_89927034.23-P1P2	0	0	0
GABRR1_-_89926688.23-P1P2	2591	3085	5
GABRR1_-_89927043.23-P1P2	1421	0	1
GABRR2_+_90024955.23-P1P2	2873	0	1
GABRR2_+_90024973.23-P1P2	1220	0	1504
GABRR2_-_90024557.23-P1P2	1382	0	980
GABRR2_-_90024949.23-P1P2	3352	3878	934
GABRR2_-_90024984.23-P1P2	1166	6	6026
GABRR3_+_97753732.23-P1P2	0	0	0
GABRR3_+_97754091.23-P1P2	0	0	0
GABRR3_-_97753709.23-P1P2	0	0	0
GABRR3_-_97753738.23-P1P2	0	0	0
GABRR3_-_97754160.23-P1P2	164	2	1849
GAD1_+_171673381.23-P1P2	1950	3290	0
GAD1_+_171673475.23-P1P2	1785	2	0
GAD1_+_171673776.23-P1P2	1796	5	3298
GAD1_-_171673442.23-P1P2	0	0	0
GAD1_-_171673809.23-P1P2	0	0	0
GAD2_+_26505385.23-P1P2	711	0	0
GAD2_+_26505735.23-P1P2	0	0	0
GAD2_+_26505978.23-P1P2	0	0	0
GAD2_+_26506126.23-P1P2	2192	1	1
GAD2_-_26505751.23-P1P2	0	0	0
GADL1_+_30936068.23-P1P2	1518	0	1
GADL1_+_30936182.23-P1P2	2077	1	0
GADL1_-_30936158.23-P1P2	1368	0	0
GADL1_-_30936244.23-P1P2	1655	4613	4
GADL1_-_30936250.23-P1P2	872	2	3
GAK_+_925744.23-P1P2	0	0	0
GAK_+_926062.23-P1P2	3032	0	1
GAK_+_926066.23-P1P2	813	4	2
GAK_+_926096.23-P1P2	2113	2708	3116
GAK_-_926017.23-P1P2	1385	0	0
GALE_+_24127194.23-P1P2	2733	6	5822
GALE_+_24127219.23-P1P2	0	0	0
GALE_-_24126807.23-P1P2	1271	2	1857
GALE_-_24126869.23-P1P2	2014	1	1
GALE_-_24127237.23-P1P2	1829	2	3465
GALK1_+_73761090.23-P1P2	9566	2807	3369
GALK1_+_73761141.23-P1P2	735	3065	0
GALK1_+_73761186.23-P1P2	2682	5	1471
GALK1_+_73761213.23-P1P2	2620	6801	3348
GALK1_-_73761198.23-P1P2	3343	5087	5109
GALK2_+_49447955.23-P1	0	0	0
GALK2_+_49448017.23-P1	3577	5480	4053
GALK2_+_49462866.23-P2	1443	1	0
GALK2_+_49462885.23-P2	1573	4029	1
GALK2_-_49448020.23-P1	0	0	0
GALK2_-_49448043.23-P1	1439	2886	3
GALK2_-_49448049.23-P1	0	0	0
GALK2_-_49462496.23-P2	2095	0	1
GALK2_-_49462522.23-P2	456	1	0
GALK2_-_49462558.23-P2	1241	2	0
GALM_+_38893290.23-P1P2	0	0	0
GALM_+_38893299.23-P1P2	0	0	0
GALM_-_38893274.23-P1P2	3263	2	2063
GALM_-_38893591.23-P1P2	0	0	0
GALM_-_38893652.23-P1P2	2176	14217	2799
GALNT1_+_33234666.23-ENST00000269195.5	0	0	0
GALNT1_+_33234913.23-ENST00000269195.5	0	0	0
GALNT1_-_33234653.23-ENST00000269195.5	4221	3	918
GALNT1_-_33234676.23-ENST00000269195.5	0	0	0
GALNT1_-_33235055.23-ENST00000269195.5	0	0	0
GAPDHS_+_36024581.23-P1P2	0	0	0
GAPDHS_+_36024827.23-P1P2	0	0	0
GAPDHS_-_36024772.23-P1P2	3103	2	1039
GAPDHS_-_36024815.23-P1P2	0	0	0
GAPDHS_-_36024834.23-P1P2	1302	1	0
GAPDH_+_6647523.23-P2	1690	0	0
GAPDH_+_6647534.23-P2	0	0	0
GAPDH_+_6647546.23-P2	0	0	0
GAPDH_-_6643745.23-P1	0	0	0
GAPDH_-_6643761.23-P1	0	0	0
GAPDH_-_6643770.23-P1	0	0	0
GAPDH_-_6643785.23-P1	0	0	0
GAPDH_-_6643947.23-P1	0	0	0
GAPDH_-_6647118.23-P2	417	3258	4150
GAPDH_-_6647601.23-P2	0	0	0
GARS_+_30634546.23-P1P2	0	0	0
GARS_+_30634632.23-P1P2	0	0	0
GARS_+_30634659.23-P1P2	1129	3039	3
GARS_+_30634882.23-P1P2	0	0	0
GARS_+_30634903.23-P1P2	0	0	0
GART_+_34914420.23-P1P2	1842	4	3357
GART_-_34914357.23-P1P2	1223	2	2030
GART_-_34914382.23-P1P2	981	6427	3490
GART_-_34915123.23-P1P2	1257	0	0
GART_-_34915135.23-P1P2	0	0	0
GATM_+_45670367.23-P1	352	0	1
GATM_+_45670690.23-P1	0	0	0
GATM_+_45694014.23-P2	0	0	0
GATM_+_45694355.23-P2	5652	2909	3554
GATM_+_45694358.23-P2	0	0	0
GATM_-_45670271.23-P1	4083	5	4
GATM_-_45670281.23-P1	1431	1	182
GATM_-_45670345.23-P1	234	3491	5
GATM_-_45694388.23-P2	0	0	0
GATM_-_45694399.23-P2	0	0	0
GBA_+_155210903.23-P1	0	0	0
GBA_+_155211024.23-P1	2227	2	3653
GBA_+_155211038.23-P1	5448	1313	3
GBA_+_155214346.23-P2	5080	4916	4
GBA_-_155210938.23-P1	1381	0	1
GBA_-_155211054.23-P1	0	0	0
GBA_-_155214327.23-P2	4063	3	3
GBA_-_155214372.23-P2	1851	2	1
GBA_-_155214386.23-P2	1371	2	2179
GBA_-_155214411.23-P2	1207	0	0
GCAT_+_38203937.23-P1P2	4015	2	1715
GCAT_+_38204376.23-P1P2	0	0	0
GCAT_+_38204395.23-P1P2	1419	0	0
GCAT_-_38203942.23-P1P2	1642	3	803
GCAT_-_38203979.23-P1P2	1873	7	1662
GCA_+_163200647.23-P1P2	0	0	0
GCA_+_163200688.23-P1P2	0	0	0
GCA_+_163200740.23-P1P2	1106	9	7161
GCA_+_163200865.23-P1P2	0	0	0
GCA_+_163201074.23-P1P2	3206	1	1
GCDH_+_13002036.23-P1P2	3118	11	1796
GCDH_-_13002021.23-P1P2	0	0	0
GCDH_-_13002025.23-P1P2	0	0	0
GCDH_-_13002046.23-P1P2	3960	2367	1264
GCDH_-_13002084.23-P1P2	0	0	0
GCGR_+_79762062.23-P1P2	1622	2	4
GCGR_+_79762359.23-P1P2	2763	2	2424
GCGR_-_79762052.23-P1P2	0	0	0
GCGR_-_79762059.23-P1P2	2434	3	1661
GCGR_-_79762088.23-P1P2	1412	4	4633
GCH1_+_55369117.23-P1P2	3018	4	1764
GCH1_+_55369485.23-P1P2	766	0	1
GCH1_-_55369160.23-P1P2	0	0	0
GCH1_-_55369491.23-P1P2	1513	5510	3867
GCH1_-_55369495.23-P1P2	803	1869	1919
GCK_+_44228636.23-P1P2	889	1	893
GCK_+_44228655.23-P1P2	0	0	0
GCK_+_44229002.23-P1P2	1717	3	0
GCK_+_44229021.23-P1P2	2891	2	2867
GCK_-_44228603.23-P1P2	4302	3	2
GCSH_+_81129725.23-P1P2	2714	5400	1388
GCSH_+_81129734.23-P1P2	975	0	2
GCSH_-_81129522.23-P1P2	0	0	0
GCSH_-_81129970.23-P1P2	958	2	1
GCSH_-_81129987.23-P1P2	0	0	0
GDI1_+_153665494.23-P1P2	0	0	0
GDI1_+_153665932.23-P1P2	0	0	0
GDI1_-_153665561.23-P1P2	2102	3642	1712
GDI1_-_153665564.23-P1P2	0	0	0
GDI1_-_153665603.23-P1P2	511	2464	4212
GFER_-_2034199.23-P1P2	802	0	0
GFER_-_2034222.23-P1P2	0	0	0
GFER_-_2034225.23-P1P2	0	0	0
GFER_-_2034253.23-P1P2	0	0	0
GFER_-_2034422.23-P1P2	587	0	0
GGCX_+_85788198.23-P1P2	1331	2	1615
GGCX_+_85788544.23-P1P2	0	0	0
GGCX_+_85788584.23-P1P2	1892	5644	1017
GGCX_-_85788211.23-P1P2	0	0	0
GGCX_-_85788600.23-P1P2	5947	7	1602
GGPS1_+_235491914.23-P1P2	0	0	0
GGPS1_+_235492325.23-P1P2	743	886	1070
GGPS1_-_235491895.23-P1P2	1594	0	0
GGPS1_-_235491899.23-P1P2	1559	0	2
GGPS1_-_235492301.23-P1P2	1755	1	3
GHRHR_+_31003705.23-P2	2576	3	1412
GHRHR_+_31023845.23-P1	2360	2	3681
GHRHR_-_31003652.23-P2	0	0	0
GHRHR_-_31003659.23-P2	3402	4197	1606
GHRHR_-_31003662.23-P2	1573	5147	1
GHRHR_-_31003676.23-P2	0	0	0
GHRHR_-_31023471.23-P1	5054	5	5388
GHRHR_-_31023490.23-P1	5527	6	6193
GHRHR_-_31023809.23-P1	2771	1	3
GHRHR_-_31023974.23-P1	0	0	0
GIT1_+_27916614.23-P1P2	1100	2647	438
GIT1_+_27916617.23-P1P2	5198	4	2093
GIT1_-_27916157.23-P1P2	582	0	0
GIT1_-_27916185.23-P1P2	3836	2742	2
GIT1_-_27916201.23-P1P2	1240	1	0
GIT2_+_110433842.23-P1P2	1547	7281	1491
GIT2_+_110434146.23-P1P2	1316	3	2950
GIT2_-_110433758.23-P1P2	0	0	0
GIT2_-_110434123.23-P1P2	1200	5	3921
GIT2_-_110434126.23-P1P2	6044	5	1573
GK2_+_80329298.23-P1P2	2416	1	1269
GK2_+_80329313.23-P1P2	3509	2	1170
GK2_+_80329350.23-P1P2	2497	4	3302
GK2_-_80329365.23-P1P2	0	0	0
GK2_-_80329369.23-P1P2	0	0	0
GK5_+_141944328.23-P1P2	0	0	0
GK5_-_141943971.23-P1P2	0	0	0
GK5_-_141943975.23-P1P2	0	0	0
GK5_-_141944378.23-P1P2	0	0	0
GK5_-_141944423.23-P1P2	1397	0	0
GKAP1_+_86432161.23-P1P2	541	1045	2
GKAP1_+_86432288.23-P1P2	4109	2	1354
GKAP1_+_86432624.23-P1P2	0	0	0
GKAP1_+_86432634.23-P1P2	0	0	0
GKAP1_-_86432300.23-P1P2	2820	6	3653
GK_+_30671519.23-P1P2	2519	2869	6255
GK_+_30671976.23-P1P2	0	0	0
GK_-_30671518.23-P1P2	3671	3	682
GK_-_30671549.23-P1P2	1229	6402	1344
GK_-_30671988.23-P1P2	892	1837	3
GLA_+_100662763.23-P1P2	0	0	0
GLA_+_100662879.23-P1P2	3298	12372	4175
GLA_-_100662322.23-P1P2	1661	2	1
GLA_-_100662505.23-P1P2	1617	4735	1412
GLA_-_100662510.23-P1P2	0	0	0
GLDC_+_6645226.23-P1P2	0	0	0
GLDC_+_6645604.23-P1P2	1005	3	7294
GLDC_+_6645718.23-P1P2	773	0	0
GLDC_-_6645257.23-P1P2	1285	11875	9
GLDC_-_6645734.23-P1P2	0	0	0
GLIPR2_-_36136750.23-P1P2	4758	8566	3564
GLIPR2_-_36136779.23-P1P2	7259	2766	7230
GLIPR2_-_36136800.23-P1P2	2729	1	1887
GLIPR2_-_36137096.23-P1P2	1191	1	0
GLIPR2_-_36137256.23-P1P2	6282	6872	3141
GLP1R_+_39016550.23-P1P2	6043	5	1185
GLP1R_+_39016576.23-P1P2	2618	1	1553
GLP1R_+_39016921.23-P1P2	1099	1	1
GLP1R_+_39017038.23-P1P2	3357	1	1
GLP1R_-_39016671.23-P1P2	4504	6	5466
GLP2R_+_9746298.23-P1P2	0	0	0
GLP2R_+_9746308.23-P1P2	1617	0	0
GLP2R_-_9745879.23-P1P2	1625	0	1838
GLP2R_-_9745887.23-P1P2	0	0	0
GLP2R_-_9746317.23-P1P2	1382	0	1490
GLRA1_+_151304321.23-P1P2	4838	1737	1793
GLRA1_+_151304334.23-P1P2	0	0	0
GLRA1_-_151303990.23-P1P2	0	0	0
GLRA1_-_151304299.23-P1P2	896	0	810
GLRA1_-_151304326.23-P1P2	7415	5036	3545
GLRA2_+_14547655.23-P1P2	2521	1	0
GLRA2_+_14547715.23-P1P2	1341	2	1954
GLRA2_+_14547718.23-P1P2	3202	8050	2698
GLRA2_+_14547829.23-P1P2	909	1	0
GLRA2_+_14547976.23-P1P2	1705	0	876
GLRA3_+_175750226.23-P1P2	2322	2	3
GLRA3_+_175750367.23-P1P2	4809	2	1229
GLRA3_-_175749968.23-P1P2	1013	0	2
GLRA3_-_175750339.23-P1P2	0	0	0
GLRA3_-_175750436.23-P1P2	2696	4	5111
GLRB_+_157997351.23-P1P2	911	4366	1
GLRB_+_157997365.23-P1P2	0	0	0
GLRB_+_157997389.23-P1P2	578	0	546
GLRB_+_157997405.23-P1P2	2605	2	1965
GLRB_-_157997703.23-P1P2	0	0	0
GLRX2_+_193074229.23-P1P2	1482	2	685
GLRX2_+_193074503.23-P1P2	0	0	0
GLRX2_+_193074520.23-P1P2	0	0	0
GLRX2_+_193074552.23-P1P2	1547	4690	2
GLRX2_-_193074513.23-P1P2	2031	2	0
GLRX_+_95157952.23-P1P2	0	0	0
GLRX_+_95157978.23-P1P2	0	0	0
GLRX_+_95158285.23-P1P2	3052	3	4478
GLRX_-_95158301.23-P1P2	0	0	0
GLRX_-_95158447.23-P1P2	443	4334	2
GLS2_-_56881684.23-P1P2	1663	0	0
GLS2_-_56881785.23-P1P2	3367	1546	3938
GLS2_-_56881814.23-P1P2	3293	3493	3327
GLS2_-_56882109.23-P1P2	0	0	0
GLS2_-_56882125.23-P1P2	0	0	0
GLS_+_191745555.23-P1P2	1793	2206	894
GLS_+_191745776.23-P1P2	3952	941	1
GLS_+_191745897.23-P1P2	0	0	0
GLS_-_191745585.23-P1P2	0	0	0
GLS_-_191745808.23-P1P2	2511	2608	3
GLT6D1_+_138530911.23-ENST00000371763.1	0	0	0
GLT6D1_-_138531123.23-ENST00000371763.1	714	0	0
GLT6D1_-_138531145.23-ENST00000371763.1	0	0	0
GLT6D1_-_138531193.23-ENST00000371763.1	1285	2	763
GLT6D1_-_138531351.23-ENST00000371763.1	0	0	0
GLTP_+_110318264.23-P1P2	0	0	0
GLTP_-_110317840.23-P1P2	1315	3315	2
GLTP_-_110317845.23-P1P2	1585	0	0
GLTP_-_110317889.23-P1P2	1428	1	1
GLTP_-_110318088.23-P1P2	929	1	1692
GLUD1_-_88854537.23-P1P2	770	1	3821
GLUD1_-_88854542.23-P1P2	926	2	2142
GLUD1_-_88854545.23-P1P2	0	0	0
GLUD1_-_88854555.23-P1P2	0	0	0
GLUD1_-_88854597.23-P1P2	1392	4	1706
GLUD2_+_120181448.23-P1P2	1632	2	3726
GLUD2_+_120181453.23-P1P2	0	0	0
GLUD2_+_120181508.23-P1P2	1320	1	0
GLUD2_+_120181533.23-P1P2	0	0	0
GLUD2_+_120181543.23-P1P2	1211	8535	0
GLUL_+_182360122.23-P1P2	689	1	996
GLUL_+_182360471.23-P1P2	0	0	0
GLUL_+_182360879.23-P1P2	1333	2	1
GLUL_+_182360910.23-P1P2	2732	1553	2589
GLUL_-_182360635.23-P1P2	1636	6	4332
GLYATL1_+_58706973.23-P1	745	0	0
GLYATL1_+_58707008.23-P1	0	0	0
GLYATL1_+_58707092.23-P1	0	0	0
GLYATL1_+_58710900.23-P2	0	0	0
GLYATL1_-_58706972.23-P1	1322	0	3357
GLYATL1_-_58707043.23-P1	1464	4049	2324
GLYATL1_-_58711031.23-P2	1869	2	2093
GLYATL1_-_58711083.23-P2	1688	4	1849
GLYATL1_-_58711243.23-P2	2070	1987	2
GLYATL1_-_58711254.23-P2	1631	1	1
GLYATL2_+_58611924.23-P1P2	2066	5686	5
GLYATL2_-_58611705.23-P1P2	1047	1	2
GLYATL2_-_58611808.23-P1P2	0	0	0
GLYATL2_-_58611961.23-P1P2	1581	0	1428
GLYATL2_-_58612130.23-P1P2	2783	1	1
GLYAT_+_58499186.23-P1P2	1007	0	981
GLYAT_+_58499380.23-P1P2	1549	5276	0
GLYAT_+_58499391.23-P1P2	0	0	0
GLYAT_-_58498968.23-P1P2	0	0	0
GLYAT_-_58499365.23-P1P2	1648	1	0
GM2A_+_150632764.23-P1P2	939	1	1809
GM2A_+_150632774.23-P1P2	0	0	0
GM2A_+_150632784.23-P1P2	1239	0	0
GM2A_+_150632799.23-P1P2	0	0	0
GM2A_+_150633210.23-P1P2	0	0	0
GMDS_+_2245477.23-P1P2	1899	2	1990
GMDS_+_2245796.23-P1P2	1676	3	667
GMDS_+_2245799.23-P1P2	0	0	0
GMDS_-_2245355.23-P1P2	1008	0	1
GMDS_-_2245815.23-P1P2	0	0	0
GMPR_+_16238978.23-P1P2	0	0	0
GMPR_+_16239228.23-P1P2	2955	1	1
GMPR_-_16238986.23-P1P2	0	0	0
GMPR_-_16239014.23-P1P2	1155	5	0
GMPR_-_16239175.23-P1P2	1436	3	3
GNAT1_+_50229101.23-P1	1915	7135	3
GNAT1_+_50229466.23-P1	1927	1	3
GNAT1_+_50229504.23-P1	957	2716	3433
GNAT1_+_50230300.23-P2	0	0	0
GNAT1_+_50230333.23-P2	0	0	0
GNAT1_+_50230550.23-P2	0	0	0
GNAT1_+_50230568.23-P2	744	1	0
GNAT1_-_50229164.23-P1	2000	6	3696
GNAT1_-_50229448.23-P1	0	0	0
GNAT1_-_50230342.23-P2	1312	4236	3533
GNB1_+_1821866.23-P1P2	1310	0	0
GNB1_+_1822478.23-P1P2	1765	5697	2013
GNB1_-_1822119.23-P1P2	2741	1	1563
GNB1_-_1822505.23-P1P2	1449	3	1672
GNB1_-_1822511.23-P1P2	1332	0	1739
GNE_+_36257972.23-P1P2	2356	0	1890
GNE_+_36258064.23-P1P2	0	0	0
GNE_+_36258410.23-P1P2	2688	4	3147
GNE_-_36258002.23-P1P2	6520	4	3
GNE_-_36258191.23-P1P2	5203	1551	1826
GNG2_+_52327375.23-P1P2	0	0	0
GNG2_+_52327382.23-P1P2	1325	2	3620
GNG2_+_52327394.23-P1P2	931	3669	2
GNG2_-_52327408.23-P1P2	0	0	0
GNG2_-_52327621.23-P1P2	1980	1	1701
GNGT1_-_93535912.23-P1P2	0	0	0
GNGT1_-_93535922.23-P1P2	0	0	0
GNGT1_-_93536213.23-P1P2	1643	2132	1300
GNGT1_-_93536227.23-P1P2	0	0	0
GNGT1_-_93536346.23-P1P2	0	0	0
GNLY_+_85921534.23-P1P2	1691	4804	2
GNLY_+_85921539.23-P1P2	2001	0	2
GNLY_+_85921558.23-P1P2	1677	1	0
GNLY_+_85921603.23-P1P2	0	0	0
GNLY_-_85921510.23-P1P2	0	0	0
GNMT_+_42928548.23-P1P2	2016	0	1
GNMT_-_42928174.23-P1P2	0	0	0
GNMT_-_42928541.23-P1P2	1098	2	1962
GNMT_-_42928807.23-P1P2	0	0	0
GNMT_-_42928897.23-P1P2	1059	5494	2
GNPDA1_+_141392542.23-P1P2	0	0	0
GNPDA1_+_141392550.23-P1P2	1626	1137	4
GNPDA1_-_141392135.23-P1P2	0	0	0
GNPDA1_-_141392164.23-P1P2	1474	4	4734
GNPDA1_-_141392562.23-P1P2	0	0	0
GNRHR_+_68620049.23-P1P2	0	0	0
GNRHR_+_68620058.23-P1P2	715	2	736
GNRHR_-_68619634.23-P1P2	2768	4	4
GNRHR_-_68619639.23-P1P2	0	0	0
GNRHR_-_68619673.23-P1P2	0	0	0
GOT1_+_101190059.23-P1P2	985	3	3750
GOT1_+_101190144.23-P1P2	0	0	0
GOT1_+_101190383.23-P1P2	0	0	0
GOT1_-_101190312.23-P1P2	4926	1	0
GOT1_-_101190398.23-P1P2	2353	2237	3701
GOT2_+_58767777.23-P1P2	2383	4	3881
GOT2_-_58767684.23-P1P2	3615	1265	3
GOT2_-_58767838.23-P1P2	0	0	0
GOT2_-_58768144.23-P1P2	1182	5	3494
GOT2_-_58768198.23-P1P2	4336	7933	4
GP1BA_+_4835561.23-P1P2	0	0	0
GP1BA_+_4835616.23-P1P2	0	0	0
GP1BA_+_4835635.23-P1P2	0	0	0
GP1BA_-_4835599.23-P1P2	0	0	0
GP1BA_-_4835613.23-P1P2	747	7183	1
GP9_+_128779619.23-P1P2	0	0	0
GP9_+_128779645.23-P1P2	1070	2	5523
GP9_+_128780061.23-P1P2	0	0	0
GP9_-_128779684.23-P1P2	0	0	0
GP9_-_128779693.23-P1P2	1640	0	1
GPD1_+_50498182.23-P1P2	0	0	0
GPD1_-_50497793.23-P1P2	2829	2941	1
GPD1_-_50497828.23-P1P2	0	0	0
GPD1_-_50497836.23-P1P2	1712	7679	4428
GPD1_-_50498241.23-P1P2	983	3	1617
GPR18_+_99910168.23-P1P2	0	0	0
GPR18_+_99910456.23-P1P2	1481	10173	6
GPR18_-_99910598.23-P1P2	0	0	0
GPR18_-_99910604.23-P1P2	1510	2	3
GPR18_-_99910611.23-P1P2	2919	1	4
GPRC5A_+_13044515.23-P1	1236	5962	1628
GPRC5A_+_13044579.23-P1	0	0	0
GPRC5A_+_13061925.23-P2	1229	2542	1018
GPRC5A_+_13061934.23-P2	0	0	0
GPRC5A_+_13061969.23-P2	0	0	0
GPRC5A_-_13044529.23-P1	1573	6029	0
GPRC5A_-_13044967.23-P1	4163	2	2
GPRC5A_-_13044976.23-P1	1417	4237	1669
GPRC5A_-_13061940.23-P2	2026	1453	0
GPRC5A_-_13062126.23-P2	0	0	0
GPT2_+_46918362.23-P1P2	1128	5482	3377
GPT2_+_46918601.23-P1P2	0	0	0
GPT2_-_46918266.23-P1P2	1250	1	0
GPT2_-_46918372.23-P1P2	0	0	0
GPT2_-_46918639.23-P1P2	3170	5	2061
GPX1_+_49395777.23-P1P2	1011	2	1072
GPX1_+_49395780.23-P1P2	761	0	1
GPX1_-_49395380.23-P1P2	6007	7	3562
GPX1_-_49395761.23-P1P2	2324	3	0
GPX1_-_49395766.23-P1P2	0	0	0
GPX2_+_65409062.23-P1P2	0	0	0
GPX2_+_65409440.23-P1P2	3918	9333	1775
GPX2_+_65409481.23-P1P2	0	0	0
GPX2_-_65408975.23-P1P2	0	0	0
GPX2_-_65408990.23-P1P2	0	0	0
GPX3_+_150400191.23-P1P2	1174	4895	2
GPX3_+_150400210.23-P1P2	2169	3	1795
GPX3_+_150400590.23-P1P2	1231	1	3552
GPX3_-_150400175.23-P1P2	0	0	0
GPX3_-_150400548.23-P1P2	1123	10039	4
GPX5_+_28493823.23-P1P2	0	0	0
GPX5_+_28493918.23-P1P2	0	0	0
GPX5_+_28494133.23-P1P2	0	0	0
GPX5_-_28493808.23-P1P2	1665	4	0
GPX5_-_28494213.23-P1P2	0	0	0
GPX6_-_28483123.23-ENST00000361902.1	1350	4725	2
GPX6_-_28483145.23-ENST00000361902.1	1807	0	0
GPX6_-_28483156.23-ENST00000361902.1	0	0	0
GPX6_-_28483521.23-ENST00000361902.1	1258	1	0
GPX6_-_28483526.23-ENST00000361902.1	0	0	0
GPX7_+_53068038.23-P1P2	0	0	0
GPX7_+_53068116.23-P1P2	3329	4	1
GPX7_+_53068476.23-P1P2	1585	0	1477
GPX7_-_53068084.23-P1P2	2503	1532	2425
GPX7_-_53068090.23-P1P2	4605	9	3718
GPX8_+_54456002.23-P1P2	1489	0	1
GPX8_+_54456012.23-P1P2	0	0	0
GPX8_+_54456015.23-P1P2	0	0	0
GPX8_+_54456026.23-P1P2	4921	0	1
GPX8_+_54456041.23-P1P2	0	0	0
GRIA1_-_152870211.23-P1P2	1501	2	2
GRIA1_-_152870655.23-P1P2	782	1	2043
GRIA1_-_152870666.23-P1P2	0	0	0
GRIA1_-_152870689.23-P1P2	1400	3267	0
GRIA1_-_152870717.23-P1P2	0	0	0
GRIA2_+_158141963.23-P1P2	0	0	0
GRIA2_+_158141968.23-P1P2	1439	0	4
GRIA2_+_158142047.23-P1P2	0	0	0
GRIA2_-_158141995.23-P1P2	0	0	0
GRIA2_-_158142037.23-P1P2	938	0	0
GRIA3_+_122318551.23-P1P2	0	0	0
GRIA3_+_122318566.23-P1P2	0	0	0
GRIA3_-_122318116.23-P1P2	0	0	0
GRIA3_-_122318521.23-P1P2	3974	5480	7
GRIA3_-_122318561.23-P1P2	0	0	0
GRID1_-_88126110.23-P1P2	2672	3925	2991
GRID1_-_88126122.23-P1P2	1178	5	5413
GRID1_-_88126467.23-P1P2	1799	800	4594
GRID1_-_88126538.23-P1P2	0	0	0
GRID1_-_88126555.23-P1P2	3511	3	0
GRID2_+_93225136.23-P1P2	0	0	0
GRID2_-_93225131.23-P1P2	0	0	0
GRID2_-_93225173.23-P1P2	2435	2468	3567
GRID2_-_93225352.23-P1P2	1430	1	4934
GRID2_-_93225563.23-P1P2	0	0	0
GRIK2_+_101847042.23-P1P2	0	0	0
GRIK2_+_101847076.23-P1P2	0	0	0
GRIK2_+_101847183.23-P1P2	955	4595	0
GRIK2_-_101847118.23-P1P2	5045	4204	4363
GRIK2_-_101847140.23-P1P2	0	0	0
GRIK3_+_37500085.23-P1P2	1389	1	1591
GRIK3_+_37500088.23-P1P2	3526	0	2
GRIK3_+_37500091.23-P1P2	1452	5834	3
GRIK3_-_37499612.23-P1P2	1848	4	2048
GRIK3_-_37499714.23-P1P2	632	4	4331
GRIK4_+_120382491.23-P1P2	3913	2789	2959
GRIK4_+_120382849.23-P1P2	0	0	0
GRIK4_+_120382860.23-P1P2	3141	3007	2
GRIK4_+_120382871.23-P1P2	0	0	0
GRIK4_-_120382484.23-P1P2	0	0	0
GRIK5_+_42546649.23-P1P2	2127	5	4636
GRIK5_-_42546540.23-P1P2	2271	5604	5671
GRIK5_-_42546915.23-P1P2	0	0	0
GRIK5_-_42546953.23-P1P2	0	0	0
GRIK5_-_42546984.23-P1P2	0	0	0
GRIN1_+_140033612.23-P1P2	3768	3047	4774
GRIN1_+_140033621.23-P1P2	1417	0	0
GRIN1_-_140033629.23-P1P2	0	0	0
GRIN1_-_140033647.23-P1P2	841	0	0
GRIN1_-_140034093.23-P1P2	0	0	0
GRIN2C_+_72855632.23-P1P2	1278	1	2
GRIN2C_+_72855972.23-P1P2	3431	9101	5
GRIN2C_-_72855987.23-P1P2	0	0	0
GRIN2C_-_72856661.23-P1P2	2288	4363	1687
GRIN2C_-_72856682.23-P1P2	0	0	0
GRIN2D_+_48917318.23-P1P2	0	0	0
GRIN2D_-_48917356.23-P1P2	1550	0	1
GRIN2D_-_48917359.23-P1P2	1725	1	1
GRIN2D_-_48917386.23-P1P2	0	0	0
GRIN2D_-_48917786.23-P1P2	0	0	0
GRIN3A_+_104500339.23-P1P2	1174	3	2353
GRIN3A_+_104500895.23-P1P2	0	0	0
GRIN3A_+_104500898.23-P1P2	0	0	0
GRIN3A_+_104500908.23-P1P2	3254	1	4922
GRIN3A_-_104500645.23-P1P2	1661	2397	3631
GRIN3B_+_1000372.23-P1P2	2811	1192	1549
GRIN3B_+_1000392.23-P1P2	0	0	0
GRIN3B_+_1000749.23-P1P2	2362	1	1
GRIN3B_-_1000365.23-P1P2	891	0	1717
GRIN3B_-_1000399.23-P1P2	2437	1	1856
GRK1_+_114321548.23-P1P2	2681	4283	3
GRK1_-_114321559.23-P1P2	1780	5593	3
GRK1_-_114321565.23-P1P2	6169	2	968
GRK1_-_114321587.23-P1P2	2504	3	1
GRK1_-_114321980.23-P1P2	0	0	0
GRK4_+_2965344.23-P1P2	1599	0	1413
GRK4_+_2965359.23-P1P2	3159	4117	3
GRK4_+_2965362.23-P1P2	1036	2389	1
GRK4_-_2965719.23-P1P2	2950	1	1824
GRK4_-_2965781.23-P1P2	4112	3	2466
GRK5_+_120967565.23-P1P2	5426	2541	2864
GRK5_+_120967585.23-P1P2	1267	5750	2811
GRK5_-_120967155.23-P1P2	1211	1	2
GRK5_-_120967160.23-P1P2	3021	11986	3070
GRK5_-_120967208.23-P1P2	3295	0	4
GRK6_+_176853720.23-P1P2	1286	4589	4
GRK6_+_176853751.23-P1P2	1127	3	1341
GRK6_+_176854069.23-P1P2	3419	3	1
GRK6_-_176853915.23-P1P2	2999	5	1123
GRK6_-_176854096.23-P1P2	1369	0	2
GRK7_+_141497034.23-P1P2	810	4	1720
GRK7_+_141497099.23-P1P2	9639	1504	6783
GRK7_+_141497478.23-P1P2	0	0	0
GRK7_-_141497062.23-P1P2	1518	4	1905
GRK7_-_141497421.23-P1P2	0	0	0
GRM2_+_51741136.23-P1P2	0	0	0
GRM2_+_51741145.23-P1P2	1397	4892	3715
GRM2_+_51741150.23-P1P2	1314	1	0
GRM2_+_51741481.23-P1P2	2156	3	1951
GRM2_-_51741188.23-P1P2	1019	4	3219
GRM4_+_34073246.23-P1	1317	1308	0
GRM4_+_34073323.23-P1	2115	0	1
GRM4_+_34113630.23-P2	516	0	1176
GRM4_+_34113795.23-P2	1574	0	4
GRM4_-_34073342.23-P1	5939	2	3
GRM4_-_34073440.23-P1	0	0	0
GRM4_-_34073516.23-P1	0	0	0
GRM4_-_34113406.23-P2	0	0	0
GRM4_-_34113458.23-P2	3015	5	4326
GRM4_-_34113791.23-P2	0	0	0
GRM7_+_6902886.23-P1	3417	3	1405
GRM7_+_6903012.23-P1	3143	4	3416
GRM7_+_6904920.23-P2	1584	8223	1375
GRM7_-_6902837.23-P1	1697	3	2
GRM7_-_6903017.23-P1	1247	2	2
GRM7_-_6903277.23-P1	6590	3	1277
GRM7_-_6904485.23-P2	2133	1	3
GRM7_-_6904500.23-P2	1064	0	3204
GRM7_-_6904511.23-P2	4034	5156	3971
GRM7_-_6904514.23-P2	1364	2	229
GRM8_+_126892530.23-P1P2	1793	1	1
GRM8_+_126892553.23-P1P2	0	0	0
GRM8_-_126892954.23-P1P2	2625	4728	1916
GRM8_-_126892966.23-P1P2	4510	3	2655
GRM8_-_126892977.23-P1P2	0	0	0
GSG2_+_3627223.23-P1P2	4599	3	885
GSG2_+_3627244.23-P1P2	4520	5	4
GSG2_+_3627407.23-P1P2	1357	0	1725
GSG2_+_3627637.23-P1P2	1387	1	2
GSG2_-_3627392.23-P1P2	3088	5239	1703
GSK3A_+_42746307.23-P1P2	578	1	2
GSK3A_+_42746320.23-P1P2	0	0	0
GSK3A_+_42746705.23-P1P2	1238	5452	5547
GSK3A_+_42746716.23-P1P2	1779	2432	2935
GSK3A_-_42746335.23-P1P2	0	0	0
GSK3B_+_119813213.23-P1P2	5606	7	2
GSK3B_-_119812857.23-P1P2	1497	3	4
GSK3B_-_119812860.23-P1P2	3134	4	3
GSK3B_-_119812883.23-P1P2	35	1	1942
GSK3B_-_119812886.23-P1P2	1221	0	0
GSR_+_30584949.23-P1P2	956	1	0
GSR_-_30584836.23-P1P2	1718	10296	6
GSR_-_30585038.23-P1P2	2511	4633	7
GSR_-_30585161.23-P1P2	0	0	0
GSR_-_30585170.23-P1P2	0	0	0
GSS_+_33543524.23-P1P2	0	0	0
GSS_+_33543544.23-P1P2	991	1	0
GSS_+_33543563.23-P1P2	3608	2887	3828
GSS_-_33543186.23-P1P2	5517	2420	1484
GSS_-_33543190.23-P1P2	4031	5449	3432
GSTA2_+_52627787.23-P1P2	1794	3	1065
GSTA2_+_52628258.23-P1P2	3666	2	2
GSTA2_-_52628184.23-P1P2	0	0	0
GSTA2_-_52628266.23-P1P2	218	0	0
GSTA2_-_52628270.23-P1P2	2950	2683	3695
GSTA3_+_52774023.23-P1P2	1324	1	645
GSTA3_+_52774140.23-P1P2	889	1	1720
GSTA3_+_52774186.23-P1P2	3682	4	8082
GSTA3_+_52774271.23-P1P2	0	0	0
GSTA3_-_52774456.23-P1P2	0	0	0
GSTA4_+_52858840.23-P2	0	0	0
GSTA4_+_52859037.23-P2	0	0	0
GSTA4_+_52860045.23-P1	0	0	0
GSTA4_+_52860053.23-P1	0	0	0
GSTA4_-_52858967.23-P2	541	5441	3
GSTA4_-_52859013.23-P2	0	0	0
GSTA4_-_52859020.23-P2	0	0	0
GSTA4_-_52860063.23-P1	1608	0	1587
GSTA4_-_52860094.23-P1	1232	1	0
GSTA4_-_52860100.23-P1	0	0	0
GSTA5_+_52710455.23-P1P2	2657	1	0
GSTA5_-_52710472.23-P1P2	3292	5	3
GSTA5_-_52710823.23-P1P2	1661	2	3
GSTA5_-_52710834.23-P1P2	5492	9	1895
GSTA5_-_52710887.23-P1P2	1136	8650	792
GSTK1_+_142960618.23-P1P2	1191	1	1
GSTK1_+_142960625.23-P1P2	1467	3	1
GSTK1_+_142960782.23-P1P2	0	0	0
GSTK1_+_142960953.23-P1P2	0	0	0
GSTK1_-_142961014.23-P1P2	550	5352	2775
GSTM4_+_110198783.23-P1P2	2621	7551	2784
GSTM4_+_110198946.23-P1P2	3424	2	2005
GSTM4_+_110199130.23-P1P2	0	0	0
GSTM4_+_110199134.23-P1P2	1639	1	1974
GSTM4_-_110198757.23-P1P2	2615	2977	1
GSTO1_+_106014654.23-P1P2	3060	1	2
GSTO1_+_106015060.23-P1P2	2535	2	1373
GSTO1_-_106014695.23-P1P2	800	1334	1161
GSTO1_-_106015033.23-P1P2	0	0	0
GSTO1_-_106015047.23-P1P2	0	0	0
GSTO2_+_106034926.23-P1P2	3022	1	1
GSTO2_+_106034962.23-P1P2	2270	2	2
GSTO2_+_106035044.23-P1P2	3080	2	4
GSTO2_-_106034934.23-P1P2	914	0	2
GSTO2_-_106035014.23-P1P2	5125	2910	2
GSTT2_+_24322350.23-P1P2	0	0	0
GSTT2_+_24322377.23-P1P2	4525	3794	1
GSTT2_+_24322380.23-P1P2	4235	4178	2
GSTT2_+_24322393.23-P1P2	0	0	0
GSTT2_-_24322392.23-P1P2	1777	5	3055
GUCA1A_+_42123160.23-P1	2561	1	2
GUCA1A_+_42123169.23-P1	1755	5	2944
GUCA1A_+_42123381.23-P1	0	0	0
GUCA1A_+_42123385.23-P1	2202	2	0
GUCA1A_+_42141199.23-P2	3512	0	0
GUCA1A_-_42123588.23-P1	922	0	0
GUCA1A_-_42141381.23-P2	0	0	0
GUCA1A_-_42141519.23-P2	4889	2	1684
GUCA1A_-_42141562.23-P2	1280	0	2
GUCA1A_-_42141603.23-P2	1683	1	237
GUCY2C_+_14849470.23-P1P2	3042	3	3
GUCY2C_-_14849137.23-P1P2	93	4	1886
GUCY2C_-_14849446.23-P1P2	0	0	0
GUCY2C_-_14849454.23-P1P2	0	0	0
GUCY2C_-_14849479.23-P1P2	742	0	0
GUCY2D_+_7906002.23-P1P2	0	0	0
GUCY2D_+_7906010.23-P1P2	2672	1	1
GUCY2D_+_7906037.23-P1P2	0	0	0
GUCY2D_+_7906206.23-P1P2	0	0	0
GUCY2D_-_7905995.23-P1P2	3342	1	2
GUCY2F_+_108725202.23-P1P2	3244	1	2
GUCY2F_-_108725033.23-P1P2	1703	3	442
GUCY2F_-_108725150.23-P1P2	0	0	0
GUCY2F_-_108725311.23-P1P2	0	0	0
GUCY2F_-_108725317.23-P1P2	3996	3388	1
GUK1_+_228328394.23-P1P2	2234	3762	6
GUK1_-_228327984.23-P1P2	0	0	0
GUK1_-_228327987.23-P1P2	0	0	0
GUK1_-_228327993.23-P1P2	0	0	0
GUK1_-_228328011.23-P1P2	0	0	0
GUSB_+_65447180.23-P1P2	2758	1	0
GUSB_+_65447191.23-P1P2	4817	1	86
GUSB_-_65446788.23-P1P2	1402	2	0
GUSB_-_65446877.23-P1P2	1240	5161	2
GUSB_-_65447165.23-P1P2	3832	3	1739
GYG1_+_148709329.23-P1P2	0	0	0
GYG1_+_148709332.23-P1P2	0	0	0
GYG1_+_148709356.23-P1P2	5977	4024	920
GYG1_+_148709361.23-P1P2	1943	5228	1948
GYG1_+_148709771.23-P1P2	390	2	3554
GZMB_+_25103146.23-P1P2	0	0	0
GZMB_+_25103382.23-P1P2	1602	0	2
GZMB_-_25103117.23-P1P2	4269	4	2093
GZMB_-_25103326.23-P1P2	1338	6	6370
GZMB_-_25103391.23-P1P2	1603	5	2004
H6PD_+_9294901.23-P1	3505	6467	2949
H6PD_+_9295077.23-P1	5714	5	1560
H6PD_+_9295297.23-P1	1803	1101	978
H6PD_+_9295321.23-P1	849	0	2
H6PD_+_9299953.23-P2	0	0	0
H6PD_+_9300087.23-P2	0	0	0
H6PD_+_9300142.23-P2	0	0	0
H6PD_-_9295306.23-P1	2456	2715	1743
H6PD_-_9299938.23-P2	1672	15724	6117
H6PD_-_9299966.23-P2	1235	2844	1
HADHA_+_26467495.23-P1P2	3934	3	5326
HADHA_-_26467264.23-P1P2	0	0	0
HADHA_-_26467327.23-P1P2	0	0	0
HADHA_-_26467402.23-P1P2	1358	4	3329
HADHA_-_26467504.23-P1P2	5367	2	0
HADH_+_108911006.23-P1P2	2453	5141	843
HADH_+_108911030.23-P1P2	2903	3	1832
HADH_+_108911047.23-P1P2	1305	1609	3509
HADH_+_108911260.23-P1P2	0	0	0
HADH_-_108911026.23-P1P2	3274	5	3396
HAGH_+_1876390.23-P1P2	0	0	0
HAGH_+_1876430.23-P1P2	795	3689	2
HAGH_+_1876571.23-P1P2	2453	1	0
HAGH_+_1876777.23-P1P2	3170	5	1961
HAGH_-_1876447.23-P1P2	1573	3	1
HAL_+_96389614.23-P1P2	1022	3	943
HAL_+_96389648.23-P1P2	746	2	4
HAL_-_96389300.23-P1P2	1500	2	0
HAL_-_96389642.23-P1P2	2042	6626	1732
HAL_-_96389684.23-P1P2	1650	6	4035
HAO1_-_7920716.23-P1P2	0	0	0
HAO1_-_7920865.23-P1P2	724	0	0
HAO1_-_7921063.23-P1P2	0	0	0
HAO1_-_7921077.23-P1P2	2979	6	2
HAO1_-_7921096.23-P1P2	0	0	0
HAO2_+_119911461.23-P1P2	2161	6028	3
HAO2_+_119911496.23-P1P2	0	0	0
HAO2_-_119911660.23-P1P2	1682	2818	5
HAO2_-_119911675.23-P1P2	0	0	0
HAO2_-_119911685.23-P1P2	0	0	0
HARS_+_140070519.23-P1P2	1091	1	0
HARS_+_140070722.23-P1P2	0	0	0
HARS_+_140070885.23-P1P2	0	0	0
HARS_+_140070907.23-P1P2	0	0	0
HARS_+_140070910.23-P1P2	0	0	0
HBA1_+_222905.23-P2	0	0	0
HBA1_+_223098.23-P2	1438	1	2
HBA1_+_223275.23-P2	6771	6223	2984
HBA1_+_226672.23-P1	0	0	0
HBA1_+_226709.23-P1	0	0	0
HBA1_+_227079.23-P1	6771	6223	2984
HBA1_-_222868.23-P2	558	5162	1688
HBA1_-_222872.23-P2	1626	3	4017
HBA1_-_226676.23-P1	1254	3	2441
HBA1_-_226718.23-P1	362	5490	1801
HBB_+_5247794.23-P1	0	0	0
HBB_+_5248109.23-P1	981	0	1934
HBB_+_5255521.23-P2	325	0	1
HBB_+_5255731.23-P2	0	0	0
HBB_+_5255765.23-P2	1682	1	1641
HBB_-_5247867.23-P1	0	0	0
HBB_-_5248035.23-P1	0	0	0
HBB_-_5248038.23-P1	0	0	0
HBB_-_5255449.23-P2	4531	0	2
HBB_-_5255468.23-P2	1253	0	0
HBG1_+_5269094.23-P1P2	1462	1	0
HBG1_+_5269104.23-P1P2	0	0	0
HBG1_+_5269138.23-P1P2	0	0	0
HBG1_+_5269180.23-P1P2	1765	1	1627
HBG1_+_5269261.23-P1P2	892	5159	1
HCK_+_30640471.23-P1P2	3234	5179	2
HCK_-_30640089.23-P1P2	783	1	0
HCK_-_30640097.23-P1P2	0	0	0
HCK_-_30640102.23-P1P2	1655	1	1
HCK_-_30640478.23-P1P2	1113	4	2
HCN2_+_589880.23-P1P2	0	0	0
HCN2_+_589972.23-P1P2	0	0	0
HCN2_+_590106.23-P1P2	1449	2687	4
HCN2_+_590306.23-P1P2	2206	5894	2262
HCN2_-_590253.23-P1P2	3842	3	1987
HCRT_+_40337450.23-P1P2	661	1	891
HCRT_-_40337223.23-P1P2	27	2	3977
HCRT_-_40337400.23-P1P2	2601	0	1
HCRT_-_40337405.23-P1P2	4604	4126	3674
HCRT_-_40337418.23-P1P2	1558	0	0
HDC_+_50557724.23-P1P2	0	0	0
HDC_+_50557899.23-P1P2	2018	0	0
HDC_+_50557907.23-P1P2	1704	2	2
HDC_-_50557885.23-P1P2	2819	1	4119
HDC_-_50557927.23-P1P2	2484	2684	1542
HDHD1_+_7065786.23-P1P2	3816	2	2
HDHD1_+_7065795.23-P1P2	867	0	0
HDHD1_-_7065801.23-P1P2	1668	2376	3265
HDHD1_-_7065953.23-P1P2	2639	6466	4
HDHD1_-_7066179.23-P1P2	0	0	0
HEXB_+_73981118.23-P1P2	2318	6241	7416
HEXB_+_73981464.23-P1P2	3852	6001	4414
HEXB_+_73981521.23-P1P2	159	0	0
HEXB_-_73981067.23-P1P2	1158	87	1587
HEXB_-_73981105.23-P1P2	3009	5403	3974
HGS_+_79651094.23-P1P2	0	0	0
HGS_+_79651279.23-P1P2	0	0	0
HGS_-_79651058.23-P1P2	2177	2687	1
HGS_-_79651112.23-P1P2	0	0	0
HGS_-_79651479.23-P1P2	2498	1	1
HIBADH_-_27702157.23-P1P2	0	0	0
HIBADH_-_27702365.23-P1P2	1419	5431	4250
HIBADH_-_27702375.23-P1P2	1286	3608	3356
HIBADH_-_27702396.23-P1P2	0	0	0
HIBADH_-_27702399.23-P1P2	1628	3	2036
HIBCH_+_191184452.23-P1P2	1938	4	1738
HIBCH_+_191184455.23-P1P2	1780	0	2
HIBCH_+_191184517.23-P1P2	0	0	0
HIBCH_-_191184325.23-P1P2	0	0	0
HIBCH_-_191184520.23-P1P2	690	5169	1787
HIF1AN_+_102295743.23-P1P2	5801	2	1
HIF1AN_-_102295706.23-P1P2	2302	1	2
HIF1AN_-_102295772.23-P1P2	0	0	0
HIF1AN_-_102295874.23-P1P2	3074	8	1961
HIF1AN_-_102296116.23-P1P2	1475	0	3
HINT1_+_130500615.23-P1P2	0	0	0
HINT1_+_130500894.23-P1P2	1633	1	1676
HINT1_-_130500928.23-P1P2	3106	6580	805
HINT1_-_130500946.23-P1P2	0	0	0
HINT1_-_130500949.23-P1P2	0	0	0
HIPK1_+_114472056.23-P1P2	4448	4	0
HIPK1_+_114472488.23-P1P2	2677	4	4095
HIPK1_-_114472261.23-P1P2	3474	0	1385
HIPK1_-_114472284.23-P1P2	0	0	0
HIPK1_-_114472297.23-P1P2	1171	4	0
HIPK2_+_139477395.23-P1P2	783	2	1
HIPK2_+_139477491.23-P1P2	0	0	0
HIPK2_+_139477507.23-P1P2	819	8903	1
HIPK2_-_139477426.23-P1P2	1161	1	2
HIPK2_-_139477832.23-P1P2	1846	7078	3373
HIPK3_+_33279270.23-P1	2023	3748	2530
HIPK3_+_33279922.23-P2	3984	8465	521
HIPK3_+_33280138.23-P2	0	0	0
HIPK3_+_33280265.23-P2	2747	1	2
HIPK3_+_33280376.23-P2	1319	2	3416
HIPK3_-_33279241.23-P1	668	10334	5
HIPK3_-_33279289.23-P1	0	0	0
HIPK3_-_33279435.23-P1	0	0	0
HIPK3_-_33279441.23-P1	0	0	0
HIPK3_-_33279933.23-P2	1362	3	1718
HIPK4_+_40895601.23-P1P2	1524	3	1608
HIPK4_+_40896058.23-P1P2	1759	2	2150
HIPK4_+_40896062.23-P1P2	0	0	0
HIPK4_-_40896070.23-P1P2	3736	3700	5348
HIPK4_-_40896089.23-P1P2	0	0	0
HK1_+_71075626.23-P2	0	0	0
HK1_+_71078695.23-P1	0	0	0
HK1_+_71079028.23-P1	0	0	0
HK1_+_71079078.23-P1	1413	5437	1549
HK1_-_71075601.23-P2	1624	4	1999
HK1_-_71075613.23-P2	1477	7893	4
HK1_-_71075952.23-P2	1002	7	5050
HK1_-_71076005.23-P2	1195	8716	3140
HK1_-_71078648.23-P1	0	0	0
HK1_-_71078999.23-P1	0	0	0
HK2_+_75061095.23-P1P2	4011	1	1201
HK2_+_75061648.23-P1P2	1558	3	3538
HK2_+_75061651.23-P1P2	202	2	1740
HK2_+_75061689.23-P1P2	4516	4	6533
HK2_-_75061288.23-P1P2	3199	8861	2034
HK3_+_176325831.23-P1P2	1142	1	1975
HK3_-_176326211.23-P1P2	0	0	0
HK3_-_176326271.23-P1P2	4280	3	3
HK3_-_176326300.23-P1P2	0	0	0
HK3_-_176326327.23-P1P2	0	0	0
HLA-A_+_29910324.23-P1P2	826	1	0
HLA-A_+_29910753.23-P1P2	861	0	911
HLA-A_-_29910342.23-P1P2	1293	0	1668
HLA-A_-_29910667.23-P1P2	5319	2717	2115
HLA-A_-_29911131.23-P1P2	785	3292	0
HLA-B_+_31324800.23-P1P2	11155	3480	5625
HLA-B_+_31324814.23-P1P2	0	0	0
HLA-B_+_31324842.23-P1P2	1239	7595	3289
HLA-B_+_31324922.23-P1P2	2716	2623	2097
HLA-B_-_31324642.23-P1P2	7527	5305	9
HLA-DQA2_+_32709257.23-P1P2	2969	2903	1426
HLA-DQA2_+_32709464.23-P1P2	909	0	2
HLA-DQA2_+_32709532.23-P1P2	0	0	0
HLA-DQA2_-_32709561.23-P1P2	1398	2	1
HLA-DQA2_-_32709592.23-P1P2	0	0	0
HLA-DQB1_+_32632396.23-P2	0	0	0
HLA-DQB1_+_32632625.23-P2	3339	1864	2755
HLA-DQB1_+_32632674.23-P2	0	0	0
HLA-DQB1_+_32632695.23-P2	5725	4183	3866
HLA-DQB1_+_32633987.23-P1	0	0	0
HLA-DQB1_+_32634466.23-P1	3513	4	2063
HLA-DQB1_-_32632280.23-P2	2421	4	1
HLA-DQB1_-_32634086.23-P1	0	0	0
HLA-DQB1_-_32634357.23-P1	1271	2	1479
HLA-DQB1_-_32634450.23-P1	1793	3	908
HLA-DRB1_+_32557252.23-P1P2	1560	3	1
HLA-DRB1_+_32557601.23-P1P2	1025	1	1967
HLA-DRB1_-_32557272.23-P1P2	352	0	0
HLA-DRB1_-_32557613.23-P1P2	0	0	0
HLA-DRB1_-_32557616.23-P1P2	0	0	0
HLCS_+_38338857.23-P1	1344	7	1892
HLCS_+_38338905.23-P1	0	0	0
HLCS_+_38362446.23-P2	4085	2	2
HLCS_+_38362476.23-P2	2827	1	2921
HLCS_+_38362527.23-P2	0	0	0
HLCS_-_38338547.23-P1	2212	2	71
HLCS_-_38338867.23-P1	2885	2	4
HLCS_-_38338917.23-P1	3645	8207	1815
HLCS_-_38362080.23-P2	2315	3053	2
HLCS_-_38362464.23-P2	0	0	0
HMGCL_+_24151717.23-P1P2	1802	5338	4564
HMGCL_+_24151864.23-P1P2	2826	4216	1416
HMGCL_+_24151875.23-P1P2	0	0	0
HMGCL_+_24151890.23-P1P2	2464	0	5
HMGCL_-_24151926.23-P1P2	0	0	0
HMGCR_+_74633053.23-P1P2	0	0	0
HMGCR_+_74633092.23-P1P2	0	0	0
HMGCR_+_74633106.23-P1P2	0	0	0
HMGCR_+_74633228.23-P1P2	0	0	0
HMGCR_-_74633122.23-P1P2	0	0	0
HMGCS1_+_43313122.23-P1P2	0	0	0
HMGCS1_+_43313522.23-P1P2	0	0	0
HMGCS1_-_43313473.23-P1P2	1699	0	1
HMGCS1_-_43313515.23-P1P2	0	0	0
HMGCS1_-_43313565.23-P1P2	0	0	0
HMOX2_+_4524765.23-P2	1176	2	1
HMOX2_+_4526369.23-P1	2122	2	5126
HMOX2_+_4526391.23-P1	843	385	1801
HMOX2_+_4526421.23-P1	2908	1	1983
HMOX2_-_4524757.23-P2	0	0	0
HMOX2_-_4524776.23-P2	2612	3244	4045
HMOX2_-_4524785.23-P2	0	0	0
HMOX2_-_4524797.23-P2	742	8324	1248
HMOX2_-_4526456.23-P1	1397	7990	1688
HMOX2_-_4526484.23-P1	1318	0	2
HNF4G_+_76320274.23-P1	0	0	0
HNF4G_+_76320311.23-P1	1019	0	3
HNF4G_+_76452441.23-P2	1351	0	2
HNF4G_-_76320290.23-P1	1404	1	0
HNF4G_-_76320293.23-P1	0	0	0
HNF4G_-_76320305.23-P1	2770	15272	1571
HNF4G_-_76452161.23-P2	0	0	0
HNF4G_-_76452390.23-P2	0	0	0
HNF4G_-_76452396.23-P2	0	0	0
HNF4G_-_76452577.23-P2	1892	4	2379
HNMT_+_138722071.23-P1P2	0	0	0
HNMT_+_138722132.23-P1P2	300	3	2010
HNMT_+_138722602.23-P1P2	0	0	0
HNMT_-_138722123.23-P1P2	0	0	0
HNMT_-_138722198.23-P1P2	0	0	0
HPD_+_122296694.23-P1P2	0	0	0
HPD_+_122296746.23-P1P2	1721	1	0
HPD_+_122296749.23-P1P2	1159	5287	1400
HPD_-_122296705.23-P1P2	819	4	1570
HPD_-_122296765.23-P1P2	0	0	0
HPGDS_+_95263944.23-P1P2	1627	3	1844
HPGDS_+_95264002.23-P1P2	0	0	0
HPGDS_-_95263807.23-P1P2	0	0	0
HPGDS_-_95263963.23-P1P2	518	0	0
HPGDS_-_95264054.23-P1P2	2814	9867	5
HPN_+_35532619.23-P1	3454	4	5672
HPN_+_35532679.23-P1	1187	0	0
HPN_+_35532707.23-P1	1233	0	1
HPN_+_35532857.23-P1	0	0	0
HPN_+_35540170.23-P2	2876	1	4
HPN_+_35540217.23-P2	359	3	5549
HPN_+_35540222.23-P2	1736	2	1639
HPN_+_35540590.23-P2	0	0	0
HPN_+_35540622.23-P2	1493	3724	2
HPN_-_35532735.23-P1	2482	3	1871
HPRT1_+_133594302.23-P1P2	0	0	0
HPRT1_+_133594305.23-P1P2	5492	4739	3619
HPRT1_+_133594330.23-P1P2	1080	2	1338
HPRT1_+_133594336.23-P1P2	1353	3674	1962
HPRT1_+_133594783.23-P1P2	1343	5427	6711
HPX_+_6461716.23-P1P2	0	0	0
HPX_+_6462052.23-P1P2	5006	6	3797
HPX_+_6462157.23-P1P2	1198	3927	3864
HPX_-_6461965.23-P1P2	0	0	0
HPX_-_6462148.23-P1P2	934	3	1757
HRH1_+_11196214.23-P1	2563	8359	862
HRH1_+_11196584.23-P1	0	0	0
HRH1_+_11196617.23-P1	1392	7036	3
HRH1_+_11196621.23-P1	941	2406	5
HRH1_+_11267884.23-P2	0	0	0
HRH1_+_11267888.23-P2	0	0	0
HRH1_-_11196253.23-P1	4586	5175	4
HRH1_-_11267695.23-P2	5335	4	4143
HRH1_-_11267702.23-P2	0	0	0
HRH1_-_11267713.23-P2	759	0	0
HRH2_+_175085064.23-P1P2	1845	0	2871
HRH2_+_175085246.23-P1P2	5852	8104	516
HRH2_-_175085125.23-P1P2	0	0	0
HRH2_-_175085130.23-P1P2	1480	4	2
HRH2_-_175085145.23-P1P2	3587	1	1
HRH3_+_60795285.23-P1P2	1078	2217	1725
HRH3_+_60795291.23-P1P2	0	0	0
HRH3_-_60794844.23-P1P2	2915	2834	3349
HRH3_-_60794853.23-P1P2	1631	9275	2653
HRH3_-_60794925.23-P1P2	3548	5195	3450
HRH4_+_22040695.23-P1P2	0	0	0
HRH4_-_22040648.23-P1P2	1597	0	0
HRH4_-_22040988.23-P1P2	2697	3	1394
HRH4_-_22041050.23-P1P2	0	0	0
HRH4_-_22041078.23-P1P2	1589	0	1
HRSP12_+_99129335.23-P1P2	0	0	0
HRSP12_+_99129347.23-P1P2	0	0	0
HRSP12_-_99129016.23-P1P2	1579	0	0
HRSP12_-_99129325.23-P1P2	0	0	0
HRSP12_-_99129395.23-P1P2	5180	2	1057
HS3ST1_+_11430080.23-P1P2	0	0	0
HS3ST1_+_11430466.23-P1P2	5202	1553	1449
HS3ST1_-_11430034.23-P1P2	1457	3	3278
HS3ST1_-_11430129.23-P1P2	0	0	0
HS3ST1_-_11430259.23-P1P2	0	0	0
HS3ST3A1_+_13505194.23-P1P2	1556	1	1486
HS3ST3A1_+_13505251.23-P1P2	2676	11366	2
HS3ST3A1_-_13505222.23-P1P2	3560	5	6041
HS3ST3A1_-_13505261.23-P1P2	694	1906	5
HS3ST3A1_-_13505271.23-P1P2	0	0	0
HSD11B2_+_67465052.23-P1P2	0	0	0
HSD11B2_+_67465075.23-P1P2	1049	5347	2269
HSD11B2_-_67464577.23-P1P2	1301	4033	4
HSD11B2_-_67465416.23-P1P2	2662	2957	3950
HSD11B2_-_67465496.23-P1P2	3855	6	4
HSD17B10_+_53461257.23-P1P2	0	0	0
HSD17B10_+_53461264.23-P1P2	0	0	0
HSD17B10_+_53461274.23-P1P2	0	0	0
HSD17B10_+_53461288.23-P1P2	0	0	0
HSD17B10_-_53461152.23-P1P2	0	0	0
HSD17B11_+_88311908.23-P1P2	0	0	0
HSD17B11_+_88312368.23-P1P2	4077	2	2013
HSD17B11_-_88311941.23-P1P2	0	0	0
HSD17B11_-_88312169.23-P1P2	2485	3	1
HSD17B11_-_88312321.23-P1P2	1598	4696	2
HSD17B6_+_57157156.23-P1P2	0	0	0
HSD17B6_+_57157195.23-P1P2	0	0	0
HSD17B6_-_57157117.23-P1P2	675	1	0
HSD17B6_-_57157142.23-P1P2	2045	4	1715
HSD17B6_-_57157210.23-P1P2	0	0	0
HSD17B7_+_162760631.23-P2	0	0	0
HSD17B7_+_162760634.23-P2	0	0	0
HSD17B7_+_162761076.23-P2	0	0	0
HSD17B7_+_162767102.23-P1	3121	2	0
HSD17B7_-_162760641.23-P2	0	0	0
HSD17B7_-_162760645.23-P2	0	0	0
HSD17B7_-_162767234.23-P1	1288	0	0
HSD17B7_-_162767504.23-P1	0	0	0
HSD17B7_-_162767509.23-P1	2379	1	1
HSD17B7_-_162767513.23-P1	1450	3	4460
HSD17B8_+_33172465.23-P1P2	0	0	0
HSD17B8_+_33172471.23-P1P2	0	0	0
HSD17B8_+_33172837.23-P1P2	227	1	0
HSD17B8_-_33172484.23-P1P2	3574	4	3401
HSD17B8_-_33172506.23-P1P2	0	0	0
HSPG2_+_22263355.23-P1P2	3564	2502	4087
HSPG2_+_22263430.23-P1P2	1141	1533	2061
HSPG2_+_22263476.23-P1P2	2286	2251	1134
HSPG2_-_22263400.23-P1P2	940	6801	1502
HSPG2_-_22263413.23-P1P2	3920	5	0
HTR1A_+_63256650.23-P1P2	3064	4	3913
HTR1A_+_63256965.23-P1P2	0	0	0
HTR1A_-_63256596.23-P1P2	3272	3638	1233
HTR1A_-_63256605.23-P1P2	0	0	0
HTR1A_-_63256950.23-P1P2	1459	1	1559
HTR1B_+_78173107.23-P1P2	1617	1	1412
HTR1B_+_78173116.23-P1P2	1324	0	3
HTR1B_-_78172810.23-P1P2	2806	4	4678
HTR1B_-_78173157.23-P1P2	877	9153	489
HTR1B_-_78173180.23-P1P2	1477	5	3145
HTR1D_-_23520365.23-P1P2	3633	3	1685
HTR1D_-_23520410.23-P1P2	0	0	0
HTR1D_-_23520422.23-P1P2	1527	4	2013
HTR1D_-_23520435.23-P1P2	3407	2609	2060
HTR1D_-_23520815.23-P1P2	2122	1	498
HTR1E_+_87647282.23-P1P2	3417	3	1935
HTR1E_+_87647294.23-P1P2	2004	4	3531
HTR1E_+_87647320.23-P1P2	0	0	0
HTR1E_-_87647265.23-P1P2	2028	4	1
HTR1E_-_87647300.23-P1P2	944	1529	4152
HTR1F_+_88039846.23-ENST00000319595.4	0	0	0
HTR1F_+_88039979.23-ENST00000319595.4	3244	5	1777
HTR1F_+_88040023.23-ENST00000319595.4	0	0	0
HTR1F_+_88040089.23-ENST00000319595.4	0	0	0
HTR1F_-_88040174.23-ENST00000319595.4	0	0	0
HTR2A_+_47470987.23-P1P2	1067	1	0
HTR2A_+_47471013.23-P1P2	3494	5604	7
HTR2A_-_47471019.23-P1P2	1357	0	0
HTR2A_-_47471124.23-P1P2	1822	1	1
HTR2A_-_47471153.23-P1P2	0	0	0
HTR2B_+_231989684.23-P1P2	0	0	0
HTR2B_+_231989764.23-P1P2	1450	1	258
HTR2B_+_231989768.23-P1P2	911	1	1461
HTR2B_-_231989299.23-P1P2	4891	5	1331
HTR2B_-_231989482.23-P1P2	1831	1	1575
HTR2C_+_113818592.23-P1P2	0	0	0
HTR2C_+_113818615.23-P1P2	1679	4	3636
HTR2C_+_113819100.23-P1P2	0	0	0
HTR2C_+_113819106.23-P1P2	0	0	0
HTR2C_-_113818931.23-P1P2	742	1	2001
HTR3A_+_113845989.23-P1	2727	4811	989
HTR3A_+_113848233.23-P2	0	0	0
HTR3A_+_113848245.23-P2	0	0	0
HTR3A_-_113845952.23-P1	0	0	0
HTR3A_-_113845969.23-P1	2882	0	2
HTR3A_-_113845999.23-P1	2760	0	2915
HTR3A_-_113846021.23-P1	4841	5007	797
HTR3A_-_113848445.23-P2	0	0	0
HTR3A_-_113848644.23-P2	662	0	900
HTR3A_-_113848672.23-P2	2723	2	2277
HTR4_+_148033614.23-P1P2	1593	3	3941
HTR4_+_148033652.23-P1P2	1453	2808	9233
HTR4_+_148033681.23-P1P2	4346	4	1853
HTR4_-_148033642.23-P1P2	0	0	0
HTR4_-_148033670.23-P1P2	1656	2	1024
HTR6_+_19991375.23-P1P2	804	1	1502
HTR6_+_19991408.23-P1P2	902	2960	2
HTR6_+_19991734.23-P1P2	1177	7646	5801
HTR6_+_19991854.23-P1P2	0	0	0
HTR6_+_19991859.23-P1P2	0	0	0
HTR7_+_92617550.23-P1P2	3565	2	569
HTR7_+_92617714.23-P1P2	6216	4	2526
HTR7_+_92617726.23-P1P2	1104	3	1803
HTR7_-_92617318.23-P1P2	3240	5150	1484
HTR7_-_92617706.23-P1P2	0	0	0
HUNK_+_33245444.23-P1P2	1278	0	1884
HUNK_+_33245782.23-P1P2	1439	3	0
HUNK_+_33245793.23-P1P2	0	0	0
HUNK_-_33245366.23-P1P2	0	0	0
HUNK_-_33245746.23-P1P2	1999	6377	0
IARS2_+_220267504.23-P1P2	0	0	0
IARS2_-_220267478.23-P1P2	0	0	0
IARS2_-_220267547.23-P1P2	0	0	0
IARS2_-_220267871.23-P1P2	1439	1	1
IARS2_-_220267910.23-P1P2	0	0	0
IARS_+_95055891.23-P1P2	0	0	0
IARS_+_95055951.23-P1P2	1502	0	0
IARS_-_95055573.23-P1P2	0	0	0
IARS_-_95055772.23-P1P2	0	0	0
IARS_-_95055898.23-P1P2	0	0	0
IBTK_+_82950100.23-P2	0	0	0
IBTK_+_82950510.23-P2	3415	1	4
IBTK_+_82957399.23-P1	3735	5	3758
IBTK_-_82950110.23-P2	0	0	0
IBTK_-_82950489.23-P2	1471	1	1
IBTK_-_82950492.23-P2	0	0	0
IBTK_-_82957071.23-P1	2604	4	2341
IBTK_-_82957256.23-P1	5878	5088	5638
IBTK_-_82957413.23-P1	4609	2709	5316
IBTK_-_82957417.23-P1	5855	10926	6
ICK_+_52926280.23-P1P2	1971	5	2718
ICK_+_52926421.23-P1P2	2243	4	1
ICK_-_52926239.23-P1P2	0	0	0
ICK_-_52926526.23-P1P2	1443	1	4192
ICK_-_52926543.23-P1P2	3763	2840	2792
IDE_+_94333764.23-P1P2	706	2	2648
IDE_+_94333770.23-P1P2	0	0	0
IDE_-_94333343.23-P1P2	4932	1	1
IDE_-_94333725.23-P1P2	1109	1	0
IDE_-_94333767.23-P1P2	0	0	0
IDH3A_+_78423861.23-P2	0	0	0
IDH3A_+_78423872.23-P2	0	0	0
IDH3A_+_78424258.23-P2	2627	2	3
IDH3A_+_78441707.23-P1	5552	3	1974
IDH3A_+_78441754.23-P1	1586	2919	4
IDH3A_+_78442193.23-P1	1373	0	2033
IDH3A_-_78423878.23-P2	2732	5221	1797
IDH3A_-_78423902.23-P2	9273	6	1816
IDH3A_-_78441693.23-P1	1534	4206	0
IDH3A_-_78441772.23-P1	2070	5	1998
IDH3B_+_2644623.23-P1P2	2609	9255	1676
IDH3B_+_2644775.23-P1P2	0	0	0
IDH3B_+_2644817.23-P1P2	0	0	0
IDH3B_+_2644830.23-P1P2	0	0	0
IDH3B_-_2644813.23-P1P2	4654	2	5
IDH3G_+_153059799.23-P1P2	6298	6	9599
IDH3G_+_153059808.23-P1P2	1470	3	1
IDH3G_-_153059366.23-P1P2	1449	3510	2131
IDH3G_-_153059412.23-P1P2	2466	3	1
IDH3G_-_153059722.23-P1P2	1873	6	3978
IFNAR2_+_34602240.23-P1P2	2684	2	1289
IFNAR2_+_34602250.23-P1P2	0	0	0
IFNAR2_+_34602610.23-P1P2	3176	1	3334
IFNAR2_+_34602657.23-P1P2	0	0	0
IFNAR2_-_34602496.23-P1P2	2064	2	2
IFNGR1_+_137540471.23-P1P2	2023	1	1423
IFNGR1_+_137540487.23-P1P2	1093	1	0
IFNGR1_+_137540523.23-P1P2	0	0	0
IFNGR1_+_137540537.23-P1P2	0	0	0
IFNGR1_-_137540477.23-P1P2	1481	5970	1790
IFNGR2_-_34775766.23-P1P2	292	1296	1692
IFNGR2_-_34775775.23-P1P2	3258	5174	5280
IFNGR2_-_34775787.23-P1P2	706	8715	794
IFNGR2_-_34775978.23-P1P2	1370	2686	2683
IFNGR2_-_34776092.23-P1P2	4823	4	2065
IGF1R_+_99191762.23-P1	6823	1058	2
IGF1R_+_99191967.23-P1	1110	2606	3019
IGF1R_+_99192030.23-P1	6225	8219	7
IGF1R_+_99192323.23-P2	3981	6	1741
IGF1R_+_99192837.23-P2	1049	1	2
IGF1R_-_99191775.23-P1	2839	1486	1482
IGF1R_-_99191897.23-P1	0	0	0
IGF1R_-_99192446.23-P2	3059	1	3
IGF1R_-_99193200.23-P2	2387	0	1783
IGF1R_-_99193205.23-P2	1441	0	0
IGFBP7_+_57976128.23-P1P2	804	1	0
IGFBP7_+_57976155.23-P1P2	3708	11213	3030
IGFBP7_-_57976337.23-P1P2	4561	2	4114
IGFBP7_-_57976518.23-P1P2	2525	2488	1634
IGFBP7_-_57976521.23-P1P2	2155	2897	2
IGSF10_-_151163679.23-P1P2	1812	6492	5
IGSF10_-_151163801.23-P1P2	0	0	0
IGSF10_-_151163883.23-P1P2	0	0	0
IGSF10_-_151163891.23-P1P2	0	0	0
IGSF10_-_151163894.23-P1P2	0	0	0
IKBKAP_+_111695963.23-P1P2	0	0	0
IKBKAP_+_111696204.23-P1P2	0	0	0
IKBKAP_-_111696022.23-P1P2	0	0	0
IKBKAP_-_111696163.23-P1P2	0	0	0
IKBKAP_-_111696315.23-P1P2	0	0	0
IKBKB_+_42128863.23-P1P2	0	0	0
IKBKB_+_42129073.23-P1P2	0	0	0
IKBKB_+_42129261.23-P1P2	725	0	1809
IKBKB_-_42129255.23-P1P2	0	0	0
IKBKB_-_42129287.23-P1P2	0	0	0
IKBKE_+_206644242.23-P1P2	2614	0	0
IKBKE_+_206644266.23-P1P2	0	0	0
IKBKE_+_206644277.23-P1P2	1278	0	1
IKBKE_-_206643852.23-P1P2	0	0	0
IKBKE_-_206644197.23-P1P2	0	0	0
IKBKG_+_153775897.23-P1P2	1040	2	2108
IKBKG_+_153775925.23-P1P2	1498	5272	0
IKBKG_-_153775854.23-P1P2	3288	2	5934
IKBKG_-_153775860.23-P1P2	0	0	0
IKBKG_-_153775876.23-P1P2	0	0	0
IL11RA_+_34652221.23-P1	1030	4420	2
IL11RA_-_34650941.23-P1	2332	1	1
IL11RA_-_34650948.23-P1	0	0	0
IL11RA_-_34652609.23-P1	572	0	733
IL11RA_-_34652612.23-P1	0	0	0
IL11RA_-_34653935.23-P2	2410	0	0
IL11RA_-_34653964.23-P2	0	0	0
IL11RA_-_34653970.23-P2	873	1	1
IL11RA_-_34654001.23-P2	869	2	0
IL11RA_-_34654006.23-P2	0	0	0
IL2RB_+_37545497.23-P1P2	0	0	0
IL2RB_+_37545511.23-P1P2	4205	2	1578
IL2RB_+_37545900.23-P1P2	1298	4585	4640
IL2RB_+_37545905.23-P1P2	2785	0	1
IL2RB_+_37545910.23-P1P2	0	0	0
IL2RG_+_70329096.23-P2	0	0	0
IL2RG_+_70329139.23-P2	0	0	0
IL2RG_+_70329189.23-P2	0	0	0
IL2RG_+_70331406.23-P1	3541	3	3353
IL2RG_-_70328757.23-P2	1571	6966	2055
IL2RG_-_70329159.23-P2	0	0	0
IL2RG_-_70331197.23-P1	0	0	0
IL2RG_-_70331219.23-P1	0	0	0
IL2RG_-_70331360.23-P1	0	0	0
IL2RG_-_70331412.23-P1	1357	0	0
IL3RA_+_1455676.23-P1P2	1727	2	0
IL3RA_+_1455736.23-P1P2	0	0	0
IL3RA_+_1456154.23-P1P2	0	0	0
IL3RA_-_1455747.23-P1P2	0	0	0
IL3RA_-_1455915.23-P1P2	0	0	0
IL4I1_+_50399642.23-ENST00000391826.2	1009	2	0
IL4I1_+_50400069.23-ENST00000391826.2	2552	4	1213
IL4I1_+_50400079.23-ENST00000391826.2	0	0	0
IL4I1_+_50400190.23-ENST00000391826.2	1502	0	1768
IL4I1_+_50400194.23-ENST00000391826.2	0	0	0
IL5_+_131878809.23-P1	0	0	0
IL5_+_131879067.23-P1	3534	1	0
IL5_+_131879164.23-P1	0	0	0
IL5_+_131892527.23-P2	6141	6	6
IL5_+_131892549.23-P2	4229	2970	4
IL5_+_131892554.23-P2	528	0	1435
IL5_-_131878821.23-P1	1623	0	0
IL5_-_131878826.23-P1	1418	0	2
IL5_-_131892516.23-P2	0	0	0
IL5_-_131892533.23-P2	0	0	0
IL6R_+_154378041.23-P1P2	1318	3	0
IL6R_+_154378078.23-P1P2	0	0	0
IL6R_+_154378243.23-P1P2	1673	0	2
IL6R_+_154378501.23-P1P2	0	0	0
IL6R_-_154378088.23-P1P2	0	0	0
ILKAP_+_239112103.23-P1P2	1109	6309	1084
ILKAP_-_239111833.23-P1P2	1323	6157	5352
ILKAP_-_239111927.23-P1P2	272	0	0
ILKAP_-_239111971.23-P1P2	0	0	0
ILKAP_-_239112268.23-P1P2	1448	2	2225
ILK_+_6625007.23-P1P2	1528	3	3614
ILK_+_6625020.23-P1P2	0	0	0
ILK_+_6625041.23-P1P2	1765	6286	1718
ILK_+_6625437.23-P1P2	1782	1673	790
ILK_-_6625025.23-P1P2	935	1	2054
IMPA1_+_82598098.23-P1P2	1552	1	4
IMPA1_+_82598528.23-P1P2	5173	5473	464
IMPA1_-_82598318.23-P1P2	0	0	0
IMPA1_-_82598464.23-P1P2	1131	1	0
IMPA1_-_82598506.23-P1P2	2889	1	3305
INPP1_+_191208702.23-P1P2	870	8280	1810
INPP1_+_191208713.23-P1P2	1964	2906	0
INPP1_+_191208746.23-P1P2	0	0	0
INPP1_+_191208789.23-P1P2	1386	2	0
INPP1_-_191208427.23-P1P2	7085	8589	1647
INPP4B_+_143326357.23-P1	0	0	0
INPP4B_+_143326616.23-P1	0	0	0
INPP4B_+_143767253.23-P2	1157	2420	2798
INPP4B_+_143767410.23-P2	1850	3	1827
INPP4B_-_143326342.23-P1	0	0	0
INPP4B_-_143326486.23-P1	1254	4	1
INPP4B_-_143326589.23-P1	0	0	0
INPP4B_-_143766987.23-P2	0	0	0
INPP4B_-_143767032.23-P2	2317	1396	3332
INPP4B_-_143767035.23-P2	0	0	0
INPP5A_+_134351359.23-P1P2	2926	3	1312
INPP5A_-_134351314.23-P1P2	2624	2192	4010
INPP5A_-_134351317.23-P1P2	2932	6	4306
INPP5A_-_134351347.23-P1P2	0	0	0
INPP5A_-_134351369.23-P1P2	558	0	1
INPP5B_+_38397146.23-P2	1085	4	3186
INPP5B_+_38397398.23-P2	1416	3133	1749
INPP5B_+_38397417.23-P2	1151	0	2
INPP5B_+_38412643.23-P1	1561	0	1831
INPP5B_+_38412656.23-P1	1196	0	0
INPP5B_+_38412660.23-P1	3143	5	1713
INPP5B_+_38412700.23-P1	6305	2748	2784
INPP5B_-_38396961.23-P2	0	0	0
INPP5B_-_38397370.23-P2	0	0	0
INPP5B_-_38412690.23-P1	1942	7840	6
INPP5D_+_233925116.23-P1P2	0	0	0
INPP5D_-_233925064.23-P1P2	0	0	0
INPP5D_-_233925087.23-P1P2	0	0	0
INPP5D_-_233925093.23-P1P2	0	0	0
INPP5D_-_233925097.23-P1P2	2477	3	1472
INPP5E_+_139334227.23-P1P2	1581	2446	1106
INPP5E_-_139333888.23-P1P2	1490	2	516
INPP5E_-_139334230.23-P1P2	0	0	0
INPP5E_-_139334239.23-P1P2	1478	0	2
INPP5E_-_139334242.23-P1P2	1249	4862	1473
INPP5F_+_121485591.23-ENST00000361976.2	1575	4342	3
INPP5F_+_121485614.23-ENST00000361976.2	1388	2	2958
INPP5F_+_121485618.23-ENST00000361976.2	0	0	0
INPP5F_+_121485629.23-ENST00000361976.2	3931	9137	3376
INPP5F_+_121485648.23-ENST00000361976.2	2666	4181	2012
INPP5J_+_31519127.23-P1P2	0	0	0
INPP5J_+_31519183.23-P1P2	1236	2	1861
INPP5J_+_31519317.23-P1P2	1567	1	0
INPP5J_-_31518949.23-P1P2	504	1	4454
INPP5J_-_31519427.23-P1P2	850	0	1
INPP5K_+_1419448.23-P1P2	1554	859	1538
INPP5K_+_1419490.23-P1P2	1420	2	5143
INPP5K_+_1419864.23-P1P2	687	6579	1789
INPP5K_+_1419876.23-P1P2	0	0	0
INPP5K_-_1419649.23-P1P2	885	0	1
INPPL1_+_71934965.23-P1P2	1785	1	2
INPPL1_+_71935911.23-P1P2	5332	1	2957
INPPL1_+_71935916.23-P1P2	0	0	0
INPPL1_-_71935307.23-P1P2	2720	2006	1130
INPPL1_-_71935867.23-P1P2	3486	2804	3
INSRR_+_156828448.23-P1P2	0	0	0
INSRR_-_156828800.23-P1P2	0	0	0
INSRR_-_156828836.23-P1P2	5357	3	1580
INSRR_-_156828849.23-P1P2	1770	1	1651
INSRR_-_156828859.23-P1P2	1392	3286	5395
INSR_-_7293986.23-P1P2	0	0	0
INSR_-_7294287.23-P1P2	0	0	0
INSR_-_7294300.23-P1P2	0	0	0
INSR_-_7294303.23-P1P2	0	0	0
INSR_-_7294350.23-P1P2	1490	1	0
INS_+_2181939.23-P1P2	1510	4323	1
INS_+_2182029.23-P1P2	4357	8	7257
INS_+_2182348.23-P1P2	0	0	0
INS_+_2182408.23-P1P2	1236	0	1153
INS_-_2182120.23-P1P2	4044	4	2
IP6K1_+_49823755.23-P1P2	0	0	0
IP6K1_-_49823569.23-P1P2	5604	2	5
IP6K1_-_49823766.23-P1P2	1120	3	3254
IP6K1_-_49823914.23-P1P2	1387	2	3
IP6K1_-_49823953.23-P1P2	1175	6993	2
IP6K2_+_48754429.23-P1P2	1141	0	1
IP6K2_+_48754592.23-P1P2	0	0	0
IP6K2_+_48754601.23-P1P2	2417	1	2627
IP6K2_+_48754608.23-P1P2	0	0	0
IP6K2_+_48754623.23-P1P2	0	0	0
IP6K3_+_33714188.23-P1P2	0	0	0
IP6K3_+_33714600.23-P1P2	1152	0	0
IP6K3_+_33714664.23-P1P2	0	0	0
IP6K3_-_33714264.23-P1P2	1316	2	2197
IP6K3_-_33714614.23-P1P2	0	0	0
IRAK1BP1_+_79577309.23-P1P2	2352	5	3759
IRAK1BP1_+_79577314.23-P1P2	2635	5683	8
IRAK1BP1_+_79577465.23-P1P2	6978	2422	5257
IRAK1BP1_-_79577625.23-P1P2	2622	2690	3634
IRAK1BP1_-_79577766.23-P1P2	448	1	1
IRAK1_+_153279785.23-P2	0	0	0
IRAK1_+_153284852.23-P1	3567	5	1
IRAK1_+_153285122.23-P1	4660	2	2
IRAK1_+_153285357.23-P1	0	0	0
IRAK1_-_153279342.23-P2	809	4738	1
IRAK1_-_153279408.23-P2	0	0	0
IRAK1_-_153279421.23-P2	1521	2491	1805
IRAK1_-_153279765.23-P2	0	0	0
IRAK1_-_153284952.23-P1	5017	2312	5
IRAK1_-_153284971.23-P1	1467	0	2
IRAK2_+_10206599.23-P1P2	0	0	0
IRAK2_+_10206626.23-P1P2	2874	1	4
IRAK2_+_10206636.23-P1P2	0	0	0
IRAK2_+_10206662.23-P1P2	0	0	0
IRAK2_-_10206984.23-P1P2	0	0	0
IRAK3_+_66582936.23-P1P2	6160	7	1955
IRAK3_+_66583352.23-P1P2	0	0	0
IRAK3_+_66583378.23-P1P2	2562	5	5725
IRAK3_-_66582971.23-P1P2	4563	221	2
IRAK3_-_66583446.23-P1P2	1860	2	1
IRAK4_+_44152829.23-P1P2	2821	3	1652
IRAK4_+_44153187.23-P1P2	3652	3	1547
IRAK4_+_44153198.23-P1P2	4487	7	1717
IRAK4_-_44152824.23-P1P2	907	2597	43
IRAK4_-_44153180.23-P1P2	0	0	0
IRGC_+_44220301.23-P1P2	1701	4690	1749
IRGC_-_44220256.23-P1P2	928	4	2177
IRGC_-_44220270.23-P1P2	0	0	0
IRGC_-_44220308.23-P1P2	0	0	0
IRGC_-_44220484.23-P1P2	0	0	0
ISG20_+_89182652.23-P1P2	1606	19	2
ISG20_-_89182420.23-P1P2	0	0	0
ISG20_-_89182477.23-P1P2	0	0	0
ISG20_-_89182482.23-P1P2	3657	3227	1831
ISG20_-_89182700.23-P1P2	1180	2	1873
ISPD_+_16460681.23-P1P2	1035	2	2731
ISPD_+_16461078.23-P1P2	1353	1	0
ISPD_+_16461156.23-P1P2	1367	3	2853
ISPD_-_16460724.23-P1P2	0	0	0
ISPD_-_16461140.23-P1P2	0	0	0
ISYNA1_+_18548478.23-P1P2	0	0	0
ISYNA1_-_18548521.23-P1P2	11916	25199	3032
ISYNA1_-_18548778.23-P1P2	0	0	0
ISYNA1_-_18548921.23-P1P2	2703	1124	1
ISYNA1_-_18548951.23-P1P2	2373	1742	1818
ITGA2B_+_42466445.23-P1P2	0	0	0
ITGA2B_+_42466453.23-P1P2	877	10016	3
ITGA2B_+_42466468.23-P1P2	1623	2900	1351
ITGA2B_+_42466805.23-P1P2	1392	1	2
ITGA2B_-_42466836.23-P1P2	0	0	0
ITGA4_+_182322245.23-P1P2	0	0	0
ITGA4_+_182322634.23-P1P2	2783	5511	1647
ITGA4_-_182322158.23-P1P2	7333	7520	13
ITGA4_-_182322163.23-P1P2	0	0	0
ITGA4_-_182322489.23-P1P2	1134	4118	2511
ITGAL_+_30484079.23-P1P2	0	0	0
ITGAL_+_30484102.23-P1P2	1075	3	3385
ITGAL_+_30484132.23-P1P2	4023	5	4133
ITGAL_-_30484109.23-P1P2	0	0	0
ITGAL_-_30484442.23-P1P2	0	0	0
ITK_+_156607897.23-P1P2	0	0	0
ITK_+_156607967.23-P1P2	0	0	0
ITK_-_156607962.23-P1P2	0	0	0
ITK_-_156608278.23-P1P2	1713	1	0
ITK_-_156608310.23-P1P2	1601	0	0
ITPA_+_3190185.23-P1P2	2196	7721	1997
ITPA_-_3190200.23-P1P2	1459	7870	1890
ITPA_-_3190203.23-P1P2	1370	6	2301
ITPA_-_3190347.23-P1P2	0	0	0
ITPA_-_3190420.23-P1P2	912	2	1
ITPK1_+_93581845.23-P1P2	2683	2	2049
ITPK1_+_93582024.23-P1P2	0	0	0
ITPK1_-_93581593.23-P1P2	1574	1712	133
ITPK1_-_93582058.23-P1P2	0	0	0
ITPK1_-_93582180.23-P1P2	2880	1980	4346
ITPKA_+_41786134.23-P1P2	2600	4237	3776
ITPKA_+_41786478.23-P1P2	0	0	0
ITPKA_+_41786481.23-P1P2	0	0	0
ITPKA_+_41786489.23-P1P2	2604	1365	1650
ITPKA_-_41786539.23-P1P2	2688	7867	880
ITPKB_+_226925001.23-P1P2	1331	1	1
ITPKB_+_226926956.23-P1P2	2655	2	477
ITPKB_+_226926966.23-P1P2	0	0	0
ITPKB_+_226926980.23-P1P2	3126	480	3451
ITPKB_-_226926932.23-P1P2	945	0	0
ITPKC_-_41223032.23-P1P2	1648	7	3436
ITPKC_-_41223038.23-P1P2	1673	1	2276
ITPKC_-_41223076.23-P1P2	5438	2246	2420
ITPKC_-_41223079.23-P1P2	5089	4	1183
ITPKC_-_41223402.23-P1P2	2887	2465	1431
IYD_+_150690144.23-P1P2	0	0	0
IYD_+_150690160.23-P1P2	0	0	0
IYD_-_150690412.23-P1P2	1810	5	2042
IYD_-_150690429.23-P1P2	1665	1	0
IYD_-_150690678.23-P1P2	981	0	0
JAK1_+_65432014.23-P1P2	0	0	0
JAK1_+_65432190.23-P1P2	1866	1	1168
JAK1_-_65432134.23-P1P2	1186	2533	1408
JAK1_-_65432165.23-P1P2	3114	4978	1324
JAK1_-_65432205.23-P1P2	0	0	0
JAK2_+_4985292.23-P1P2	3377	7	2363
JAK2_+_4985359.23-P1P2	0	0	0
JAK2_+_4985690.23-P1P2	1389	2	3357
JAK2_-_4985114.23-P1P2	0	0	0
JAK2_-_4985311.23-P1P2	3960	2988	3
JAK3_+_17958397.23-P1P2	1673	3912	3420
JAK3_-_17958431.23-P1P2	0	0	0
JAK3_-_17958737.23-P1P2	3336	2608	2764
JAK3_-_17958773.23-P1P2	0	0	0
JAK3_-_17958785.23-P1P2	0	0	0
JAKMIP1_+_6201881.23-P1P2	0	0	0
JAKMIP1_+_6201893.23-P1P2	2389	5321	3
JAKMIP1_-_6201808.23-P1P2	3656	3	2092
JAKMIP1_-_6201814.23-P1P2	0	0	0
JAKMIP1_-_6202215.23-P1P2	2210	8215	6110
KALRN_+_123813485.23-ENST00000360013.3	1257	0	1
KALRN_+_123813522.23-ENST00000360013.3	1152	2	1
KALRN_-_123813683.23-ENST00000360013.3	0	0	0
KALRN_-_123813710.23-ENST00000360013.3	1263	1	1
KALRN_-_123813719.23-ENST00000360013.3	0	0	0
KARS_+_75681221.23-P1P2	1016	1	0
KARS_+_75681360.23-P1P2	0	0	0
KARS_-_75681566.23-P1P2	0	0	0
KARS_-_75681928.23-P1P2	1166	8262	6
KARS_-_75682058.23-P1P2	5192	4455	1164
KAT2A_+_40273052.23-P1P2	0	0	0
KAT2A_+_40273327.23-P1P2	2004	3	0
KAT2A_-_40273323.23-P1P2	2658	6	1906
KAT2A_-_40273345.23-P1P2	812	1	784
KAT2A_-_40273376.23-P1P2	1754	2	5223
KAT5_+_65479809.23-P1P2	0	0	0
KAT5_-_65479710.23-P1P2	1700	0	1
KAT5_-_65479954.23-P1P2	0	0	0
KAT5_-_65480075.23-P1P2	0	0	0
KAT5_-_65480114.23-P1P2	0	0	0
KCNA1_-_5019086.23-P1P2	0	0	0
KCNA1_-_5019322.23-P1P2	1356	1	873
KCNA1_-_5019414.23-P1P2	1441	1	883
KCNA1_-_5019494.23-P1P2	0	0	0
KCNA1_-_5019497.23-P1P2	3138	1	0
KCNA4_+_30037828.23-P1P2	0	0	0
KCNA4_+_30037995.23-P1P2	494	2391	0
KCNA4_+_30038176.23-P1P2	3637	4145	3078
KCNA4_-_30038072.23-P1P2	3542	6	4033
KCNA4_-_30038287.23-P1P2	2060	1	2
KCNC4_+_110752981.23-P1P2	0	0	0
KCNC4_-_110752941.23-P1P2	1519	2	0
KCNC4_-_110752988.23-P1P2	1211	0	1
KCNC4_-_110753308.23-P1P2	2666	6602	2
KCNC4_-_110753353.23-P1P2	1554	1193	1582
KCND2_+_119913222.23-P1P2	1116	8387	1673
KCND2_+_119913227.23-P1P2	4195	6067	2660
KCND2_+_119913746.23-P1P2	1248	2	3948
KCND2_+_119913752.23-P1P2	1017	4	2467
KCND2_-_119913216.23-P1P2	65	0	0
KCND3_+_112531684.23-P1P2	0	0	0
KCND3_+_112531819.23-P1P2	1429	4	1
KCND3_+_112531836.23-P1P2	0	0	0
KCND3_+_112532291.23-P1P2	0	0	0
KCND3_-_112531850.23-P1P2	0	0	0
KCNE1_+_35884464.23-P1P2	1499	1	0
KCNE1_+_35884476.23-P1P2	1354	1	0
KCNE1_-_35884072.23-P1P2	1543	2912	1399
KCNE1_-_35884473.23-P1P2	0	0	0
KCNE1_-_35884479.23-P1P2	694	2	1
KCNH2_+_150652414.23-P2	2419	5	2038
KCNH2_+_150652478.23-P2	1950	1	2
KCNH2_+_150652851.23-P2	2561	1531	6458
KCNH2_+_150674914.23-P1	0	0	0
KCNH2_+_150674984.23-P1	1877	2	0
KCNH2_-_150652462.23-P2	0	0	0
KCNH2_-_150652789.23-P2	2297	0	0
KCNH2_-_150674997.23-P1	5386	4297	3
KCNH2_-_150675014.23-P1	0	0	0
KCNH2_-_150675385.23-P1	0	0	0
KCNH6_+_61600777.23-P1P2	2787	1367	898
KCNH6_-_61600728.23-P1P2	2846	2148	1434
KCNH6_-_61600747.23-P1P2	0	0	0
KCNH6_-_61600780.23-P1P2	2417	1	1
KCNH6_-_61601164.23-P1P2	2004	4445	2320
KCNH7_+_163695219.23-P1P2	0	0	0
KCNH7_+_163695224.23-P1P2	1928	6	1726
KCNH7_+_163695228.23-P1P2	3540	9828	6
KCNH7_+_163695253.23-P1P2	2463	3	3
KCNH7_-_163694912.23-P1P2	1097	0	0
KCNJ11_+_17410438.23-P1P2	1633	2451	2
KCNJ11_+_17410460.23-P1P2	0	0	0
KCNJ11_-_17410845.23-P1P2	2166	8	4233
KCNJ11_-_17410851.23-P1P2	1763	2	761
KCNJ11_-_17410861.23-P1P2	1741	1	0
KCNJ12_+_21279686.23-P1P2	0	0	0
KCNJ12_+_21279951.23-P1P2	0	0	0
KCNJ12_+_21280077.23-P1P2	3779	3582	1876
KCNJ12_+_21280385.23-P1P2	0	0	0
KCNJ12_-_21280051.23-P1P2	0	0	0
KCNJ1_+_128736754.23-P1P2	5021	5	3
KCNJ1_+_128737130.23-P1P2	0	0	0
KCNJ1_-_128736790.23-P1P2	1778	0	1
KCNJ1_-_128736857.23-P1P2	2660	0	1
KCNJ1_-_128737204.23-P1P2	1483	9503	1750
KCNJ3_+_155554546.23-P1P2	2388	2691	3055
KCNJ3_+_155555275.23-P1P2	0	0	0
KCNJ3_+_155555630.23-P1P2	0	0	0
KCNJ3_-_155554344.23-P1P2	1040	3	1649
KCNJ3_-_155554823.23-P1P2	727	0	0
KCNJ5_+_128761452.23-P1P2	833	0	1125
KCNJ5_+_128761813.23-P1P2	573	4	3326
KCNJ5_-_128761270.23-P1P2	938	1	0
KCNJ5_-_128761671.23-P1P2	1263	3522	3
KCNJ5_-_128761704.23-P1P2	1775	2	0
KCNJ6_+_39288469.23-P1P2	1196	1	0
KCNJ6_-_39288204.23-P1P2	3154	2	13
KCNJ6_-_39288604.23-P1P2	2332	2	2229
KCNJ6_-_39288642.23-P1P2	503	1	0
KCNJ6_-_39288645.23-P1P2	0	0	0
KCNJ8_-_21927237.23-P1P2	1486	1	1803
KCNJ8_-_21927578.23-P1P2	2832	1410	2856
KCNJ8_-_21927604.23-P1P2	0	0	0
KCNJ8_-_21927607.23-P1P2	2634	0	1834
KCNJ8_-_21927679.23-P1P2	796	0	0
KCNK1_+_233749927.23-P1P2	2385	3855	4
KCNK1_+_233749967.23-P1P2	1557	2628	1
KCNK1_+_233750266.23-P1P2	3147	4	3234
KCNK1_-_233749936.23-P1P2	0	0	0
KCNK1_-_233749964.23-P1P2	0	0	0
KCNK2_+_215256151.23-P1P2	1269	0	2
KCNK2_+_215256458.23-P1P2	1475	3	3848
KCNK2_+_215256491.23-P1P2	0	0	0
KCNK2_-_215256074.23-P1P2	0	0	0
KCNK2_-_215256119.23-P1P2	2974	2	1
KCNK3_+_26916020.23-P1P2	2321	7	4486
KCNK3_-_26915657.23-P1P2	4889	7	1840
KCNK3_-_26915669.23-P1P2	0	0	0
KCNK3_-_26915751.23-P1P2	6292	1	770
KCNK3_-_26915856.23-P1P2	4075	2	3429
KCNK6_+_38810521.23-P1P2	735	5	3435
KCNK6_+_38810906.23-P1P2	1357	2183	2
KCNK6_-_38810505.23-P1P2	1064	2	3057
KCNK6_-_38810536.23-P1P2	1621	2	1966
KCNK6_-_38810912.23-P1P2	0	0	0
KCNK9_+_140715226.23-ENST00000303015.1,ENST00000520439.1	4272	3	5
KCNK9_-_140714957.23-ENST00000303015.1,ENST00000520439.1	879	2	1085
KCNK9_-_140714960.23-ENST00000303015.1,ENST00000520439.1	0	0	0
KCNK9_-_140715164.23-ENST00000303015.1,ENST00000520439.1	2715	2	1872
KCNK9_-_140715167.23-ENST00000303015.1,ENST00000520439.1	1160	3	1560
KCNMA1_+_79397032.23-P1P2	712	4	959
KCNMA1_+_79397135.23-P1P2	1610	4856	0
KCNMA1_+_79397479.23-P1P2	1820	0	0
KCNMA1_-_79397061.23-P1P2	828	1414	3123
KCNMA1_-_79397295.23-P1P2	1159	1	0
KCNMB1_+_169815957.23-P1P2	2833	1	1
KCNMB1_+_169815960.23-P1P2	880	2	1639
KCNMB1_+_169815968.23-P1P2	995	5690	2
KCNMB1_-_169816143.23-P1P2	1430	2484	48
KCNMB1_-_169816148.23-P1P2	1647	2	1978
KCNMB2_+_178254284.23-P2	2130	0	2
KCNMB2_+_178254689.23-P2	0	0	0
KCNMB2_+_178276652.23-P1	0	0	0
KCNMB2_+_178276657.23-P1	0	0	0
KCNMB2_-_178254030.23-P2	0	0	0
KCNMB2_-_178254189.23-P2	2463	0	1
KCNMB2_-_178254499.23-P2	0	0	0
KCNMB2_-_178276701.23-P1	0	0	0
KCNMB2_-_178276709.23-P1	0	0	0
KCNMB2_-_178276756.23-P1	2336	1294	975
KCNMB3_+_178977357.23-P1P2	0	0	0
KCNMB3_+_178977629.23-P1P2	1394	2795	1825
KCNMB3_+_178977723.23-P1P2	3302	2	1
KCNMB3_+_178977741.23-P1P2	1727	2	1
KCNMB3_-_178977600.23-P1P2	0	0	0
KCNMB4_+_70760330.23-P1P2	0	0	0
KCNMB4_-_70760118.23-P1P2	855	1632	2
KCNMB4_-_70760511.23-P1P2	1335	2	174
KCNMB4_-_70760532.23-P1P2	0	0	0
KCNMB4_-_70760746.23-P1P2	1607	8501	1551
KCNN1_+_18063076.23-P1P2	2383	5	4024
KCNN1_+_18063134.23-P1P2	4816	3	1045
KCNN1_+_18063519.23-P1P2	2765	0	0
KCNN1_-_18063147.23-P1P2	1171	94	56
KCNN1_-_18063456.23-P1P2	0	0	0
KCNN2_+_113697798.23-P1P2	3080	3	5
KCNN2_+_113697829.23-P1P2	0	0	0
KCNN2_+_113697843.23-P1P2	3945	2391	779
KCNN2_+_113698151.23-P1P2	4524	5204	1477
KCNN2_+_113698242.23-P1P2	117	3724	1725
KCNN3_+_154842706.23-P1P2	0	0	0
KCNN3_-_154842280.23-P1P2	0	0	0
KCNN3_-_154842704.23-P1P2	0	0	0
KCNN3_-_154842713.23-P1P2	0	0	0
KCNN3_-_154842724.23-P1P2	0	0	0
KCNN4_+_44284906.23-P1P2	6134	4917	5
KCNN4_+_44284937.23-P1P2	0	0	0
KCNN4_+_44285161.23-P1P2	2209	3	3
KCNN4_-_44285079.23-P1P2	3863	12452	10366
KCNN4_-_44285120.23-P1P2	1492	150	2535
KCNQ1_+_2466544.23-P1P2	604	3992	1395
KCNQ1_+_2466618.23-P1P2	1237	5	1546
KCNQ1_+_2466621.23-P1P2	3382	4	1323
KCNQ1_+_2466638.23-P1P2	721	4792	4695
KCNQ1_-_2466650.23-P1P2	4473	5405	1636
KCNQ2_+_62103790.23-P1P2	3743	0	0
KCNQ2_+_62103793.23-P1P2	0	0	0
KCNQ2_+_62103935.23-P1P2	5337	8	5714
KCNQ2_+_62103978.23-P1P2	0	0	0
KCNQ2_-_62103929.23-P1P2	2557	2	1
KCNQ3_+_133492647.23-P1P2	1357	0	1
KCNQ3_+_133492754.23-P1P2	1393	2	1449
KCNQ3_+_133492805.23-P1P2	2812	8	6002
KCNQ3_-_133492956.23-P1P2	0	0	0
KCNQ3_-_133493125.23-P1P2	971	0	1
KDM5D_+_21906295.23-P1P2	0	0	0
KDM5D_+_21906541.23-P1P2	3200	1	1
KDM5D_+_21906586.23-P1P2	0	0	0
KDM5D_-_21906378.23-P1P2	0	0	0
KDM5D_-_21906567.23-P1P2	0	0	0
KDR_+_55991343.23-P1P2	1572	2	2035
KDR_+_55991723.23-P1P2	0	0	0
KDR_-_55991556.23-P1P2	0	0	0
KDR_-_55991659.23-P1P2	699	0	1
KDR_-_55991711.23-P1P2	1363	2029	1903
KHK_+_27309661.23-P1P2	2273	3	1599
KHK_-_27309646.23-P1P2	3327	3	8
KHK_-_27309660.23-P1P2	776	2	2626
KHK_-_27309691.23-P1P2	5837	4650	3182
KHK_-_27310225.23-P1P2	902	2	2059
KIAA1804_+_233463529.23-P1P2	1204	1755	4
KIAA1804_-_233463488.23-P1P2	1524	2	1601
KIAA1804_-_233463497.23-P1P2	1913	1	1
KIAA1804_-_233463538.23-P1P2	0	0	0
KIAA1804_-_233463924.23-P1P2	452	0	1009
KIDINS220_+_8977705.23-P1P2	3024	1	3
KIDINS220_+_8977718.23-P1P2	0	0	0
KIDINS220_-_8977662.23-P1P2	2009	5673	5
KIDINS220_-_8977666.23-P1P2	0	0	0
KIDINS220_-_8977717.23-P1P2	3932	4279	1821
KIF1A_+_241759146.23-P1P2	3251	2	1235
KIF1A_+_241759532.23-P1P2	0	0	0
KIF1A_-_241759231.23-P1P2	455	1	0
KIF1A_-_241759412.23-P1P2	1999	9448	4434
KIF1A_-_241759571.23-P1P2	0	0	0
KIF3B_+_30865451.23-P1P2	0	0	0
KIF3B_+_30865924.23-P1P2	0	0	0
KIF3B_-_30865450.23-P1P2	0	0	0
KIF3B_-_30865486.23-P1P2	1262	3	1425
KIF3B_-_30865877.23-P1P2	562	2518	1013
KIF5B_+_32344894.23-P1P2	0	0	0
KIF5B_+_32344897.23-P1P2	1687	1527	3744
KIF5B_+_32344939.23-P1P2	1409	0	0
KIF5B_+_32345321.23-P1P2	0	0	0
KIF5B_+_32345338.23-P1P2	0	0	0
KIT_+_55524150.23-P1P2	2635	1	0
KIT_+_55524176.23-P1P2	4244	2952	1688
KIT_+_55524359.23-P1P2	1018	1	1862
KIT_-_55524160.23-P1P2	0	0	0
KIT_-_55524188.23-P1P2	3008	11460	2174
KLK1_+_51324527.23-P2	0	0	0
KLK1_+_51324544.23-P2	1121	3199	4
KLK1_+_51324956.23-P2	2177	4	1874
KLK1_+_51326601.23-P1	0	0	0
KLK1_-_51324594.23-P2	0	0	0
KLK1_-_51324924.23-P2	994	5	1925
KLK1_-_51326562.23-P1	0	0	0
KLK1_-_51326846.23-P1	1215	6220	1617
KLK1_-_51326972.23-P1	1126	0	501
KLK1_-_51327024.23-P1	5070	3	2190
KLK6_+_51471528.23-P1P2	0	0	0
KLK6_+_51472052.23-P1P2	0	0	0
KLK6_+_51472749.23-P1P2	0	0	0
KLK6_+_51472771.23-P1P2	2340	1	4
KLK6_+_51472790.23-P1P2	800	2	2821
KRT12_+_39022993.23-P1P2	0	0	0
KRT12_-_39023394.23-P1P2	7805	6003	3188
KRT12_-_39023397.23-P1P2	4277	5244	2
KRT12_-_39023418.23-P1P2	4162	6	1849
KRT12_-_39023468.23-P1P2	0	0	0
KRT7_+_52627078.23-P1P2	0	0	0
KRT7_+_52627099.23-P1P2	2673	4	0
KRT7_+_52627457.23-P1P2	948	0	1
KRT7_+_52627460.23-P1P2	1434	4	1766
KRT7_-_52627069.23-P1P2	913	1	2
KRT8_+_53298420.23-P1	826	1	1
KRT8_-_53298394.23-P1	1356	4907	2
KRT8_-_53298402.23-P1	1357	0	1
KRT8_-_53298430.23-P1	1181	5	1447
KRT8_-_53298844.23-P1	0	0	0
KRT8_-_53343612.23-P2	0	0	0
KRT8_-_53343627.23-P2	0	0	0
KRT8_-_53343631.23-P2	1964	2	2
KRT8_-_53343656.23-P2	0	0	0
KRT8_-_53343659.23-P2	0	0	0
KRTAP5-3_+_1629259.23-ENST00000399685.1	0	0	0
KRTAP5-3_+_1629268.23-ENST00000399685.1	4269	3	1580
KRTAP5-3_+_1629271.23-ENST00000399685.1	1576	2	357
KRTAP5-3_-_1629335.23-ENST00000399685.1	0	0	0
KRTAP5-3_-_1629695.23-ENST00000399685.1	1402	2612	1
KSR1_+_25783466.23-P1P2	1313	2400	2
KSR1_+_25783477.23-P1P2	4597	2687	1302
KSR1_-_25783482.23-P1P2	164	3050	2671
KSR1_-_25783511.23-P1P2	7132	5755	1773
KSR1_-_25783532.23-P1P2	2257	8773	5
KSR2_+_118406731.23-P1P2	2031	0	2
KSR2_+_118406762.23-P1P2	0	0	0
KSR2_+_118406769.23-P1P2	2046	3	1414
KSR2_+_118406774.23-P1P2	0	0	0
KSR2_-_118406394.23-P1P2	0	0	0
KYNU_+_143635215.23-P1P2	0	0	0
KYNU_+_143635278.23-P1P2	1020	2	0
KYNU_-_143635275.23-P1P2	3770	2877	2059
KYNU_-_143635293.23-P1P2	1182	1	0
KYNU_-_143635645.23-P1P2	0	0	0
L3MBTL1_+_42136344.23-P2	1030	2402	1231
L3MBTL1_+_42136365.23-P2	2629	5017	5539
L3MBTL1_+_42143141.23-P1	742	0	0
L3MBTL1_-_42136354.23-P2	8319	17154	898
L3MBTL1_-_42136364.23-P2	2362	2	1180
L3MBTL1_-_42136371.23-P2	2664	2601	3194
L3MBTL1_-_42143151.23-P1	2571	1	1737
L3MBTL1_-_42143161.23-P1	1015	5108	5611
L3MBTL1_-_42143172.23-P1	1498	8197	4851
L3MBTL1_-_42143564.23-P1	985	6	3741
LALBA_+_48963797.23-ENST00000301046.2	0	0	0
LALBA_+_48963811.23-ENST00000301046.2	0	0	0
LALBA_-_48963595.23-ENST00000301046.2	0	0	0
LALBA_-_48963761.23-ENST00000301046.2	826	0	1010
LALBA_-_48963787.23-ENST00000301046.2	27	2	1344
LAMTOR3_+_100815555.23-P1P2	1273	6130	497
LAMTOR3_-_100815535.23-P1P2	2714	0	2
LAMTOR3_-_100815552.23-P1P2	0	0	0
LAMTOR3_-_100815640.23-P1P2	1237	2	1226
LAMTOR3_-_100815661.23-P1P2	0	0	0
LAP3_+_17579100.23-P1P2	2821	0	0
LAP3_-_17579200.23-P1P2	1217	0	1
LAP3_-_17579203.23-P1P2	1569	0	2609
LAP3_-_17579493.23-P1P2	0	0	0
LAP3_-_17579614.23-P1P2	0	0	0
LARS2_+_45430021.23-P1P2	0	0	0
LARS2_+_45430090.23-P1P2	376	8664	1317
LARS2_+_45430506.23-P1P2	0	0	0
LARS2_-_45430125.23-P1P2	762	3776	2
LARS2_-_45430128.23-P1P2	724	2	0
LARS_+_145561989.23-P1P2	0	0	0
LARS_+_145562128.23-P1P2	0	0	0
LARS_+_145562134.23-P1P2	482	0	0
LARS_-_145562114.23-P1P2	0	0	0
LARS_-_145562203.23-P1P2	0	0	0
LATS1_+_150039161.23-P1P2	2609	13900	11
LATS1_+_150039188.23-P1P2	0	0	0
LATS1_+_150039222.23-P1P2	2092	4274	3210
LATS1_-_150038761.23-P1P2	0	0	0
LATS1_-_150038990.23-P1P2	2240	3247	1866
LATS2_+_21635251.23-P1P2	2226	4747	1846
LATS2_-_21635178.23-P1P2	3304	4132	1964
LATS2_-_21635258.23-P1P2	4853	4092	3
LATS2_-_21635336.23-P1P2	0	0	0
LATS2_-_21635690.23-P1P2	0	0	0
LAT_+_28996465.23-P1P2	6615	6	2625
LAT_+_28996485.23-P1P2	0	0	0
LAT_+_28996688.23-P1P2	0	0	0
LAT_+_28996937.23-P1P2	0	0	0
LAT_-_28996455.23-P1P2	0	0	0
LCK_+_32716915.23-P1P2	1684	2	4000
LCK_+_32717338.23-P1P2	0	0	0
LCK_-_32716887.23-P1P2	2183	2788	3298
LCK_-_32716924.23-P1P2	1010	2876	1965
LCK_-_32717116.23-P1P2	2056	1	4473
LCMT1_+_25123085.23-P1P2	0	0	0
LCMT1_+_25123226.23-P1P2	1182	1	1
LCMT1_+_25123445.23-P1P2	1677	1	2
LCMT1_+_25123449.23-P1P2	4712	2	4139
LCMT1_-_25123277.23-P1P2	2701	4305	2
LCMT2_+_43622733.23-P1P2	469	0	0
LCMT2_+_43622751.23-P1P2	3043	7767	1894
LCMT2_-_43622704.23-P1P2	0	0	0
LCMT2_-_43622722.23-P1P2	2876	3	3
LCMT2_-_43622770.23-P1P2	6415	2713	1
LCN2_+_130911773.23-P1P2	1438	1	1393
LCN2_+_130911807.23-P1P2	0	0	0
LCN2_+_130912126.23-P1P2	0	0	0
LCN2_+_130912149.23-P1P2	3911	7	1260
LCN2_-_130911824.23-P1P2	3451	2	380
LCN9_+_138555199.23-P1P2	0	0	0
LCN9_-_138555161.23-P1P2	2510	0	2165
LCN9_-_138555439.23-P1P2	0	0	0
LCN9_-_138555579.23-P1P2	0	0	0
LCN9_-_138555590.23-P1P2	0	0	0
LCTL_+_66857933.23-P1P2	1220	5494	2
LCTL_+_66857974.23-P1P2	0	0	0
LCTL_+_66858295.23-P1P2	0	0	0
LCTL_-_66858269.23-P1P2	1307	0	1
LCTL_-_66858312.23-P1P2	1063	2757	1031
LCT_+_136594672.23-P1P2	0	0	0
LCT_-_136594275.23-P1P2	3971	2	1
LCT_-_136594360.23-P1P2	4303	3276	1
LCT_-_136594534.23-P1P2	0	0	0
LCT_-_136594647.23-P1P2	0	0	0
LDHAL6A_+_18477783.23-P1P2	863	0	1
LDHAL6A_+_18477799.23-P1P2	1148	2755	1336
LDHAL6A_-_18477532.23-P1P2	2797	8950	5531
LDHAL6A_-_18477811.23-P1P2	0	0	0
LDHAL6A_-_18477819.23-P1P2	3168	5576	1932
LDHAL6B_+_59499201.23-P1P2	2823	4771	2
LDHAL6B_+_59499247.23-P1P2	0	0	0
LDHAL6B_-_59499053.23-P1P2	0	0	0
LDHAL6B_-_59499074.23-P1P2	4649	5223	8
LDHAL6B_-_59499089.23-P1P2	1336	6189	1566
LDHC_+_18434083.23-P1P2	1265	3	2629
LDHC_-_18433878.23-P1P2	1403	3	2093
LDHC_-_18433892.23-P1P2	0	0	0
LDHC_-_18433955.23-P1P2	1111	2	1355
LDHC_-_18434413.23-P1P2	2489	3	2148
LEPRE1_+_43232635.23-P1P2	0	0	0
LEPRE1_+_43232646.23-P1P2	1717	0	0
LEPRE1_+_43232654.23-P1P2	3204	2329	1625
LEPRE1_+_43232678.23-P1P2	2383	1	0
LEPRE1_-_43232661.23-P1P2	0	0	0
LEPREL1_+_189838039.23-P1P2	5166	2501	1744
LEPREL1_+_189838649.23-P1P2	926	2	3180
LEPREL1_+_189838670.23-P1P2	2750	4	1814
LEPREL1_-_189838684.23-P1P2	0	0	0
LEPREL1_-_189838687.23-P1P2	1432	1	2
LEPREL2_+_6937569.23-P1P2	1503	6	4586
LEPREL2_+_6937961.23-P1P2	862	0	0
LEPREL2_+_6937964.23-P1P2	3258	2	1402
LEPREL2_+_6938059.23-P1P2	2259	4568	2
LEPREL2_-_6938000.23-P1P2	1266	2	1640
LGALS2_+_37976013.23-P1P2	441	2	0
LGALS2_+_37976049.23-P1P2	0	0	0
LGALS2_-_37975827.23-P1P2	0	0	0
LGALS2_-_37975929.23-P1P2	5882	6	4
LGALS2_-_37976033.23-P1P2	0	0	0
LGALS7_+_39263633.23-ENST00000378626.4	0	0	0
LGALS7_+_39264103.23-ENST00000378626.4	0	0	0
LGALS7_-_39263666.23-ENST00000378626.4	908	0	443
LGALS7_-_39263857.23-ENST00000378626.4	0	0	0
LGALS7_-_39264038.23-ENST00000378626.4	0	0	0
LGALS9_+_25958315.23-P1P2	0	0	0
LGALS9_-_25958240.23-P1P2	840	1	2069
LGALS9_-_25958253.23-P1P2	0	0	0
LGALS9_-_25958483.23-P1P2	0	0	0
LGALS9_-_25958621.23-P1P2	0	0	0
LGSN_+_64029422.23-P1P2	4719	5	2
LGSN_+_64029425.23-P1P2	0	0	0
LGSN_-_64029669.23-P1P2	0	0	0
LGSN_-_64029738.23-P1P2	0	0	0
LGSN_-_64029830.23-P1P2	0	0	0
LHCGR_+_48982338.23-P1P2	0	0	0
LHCGR_+_48982838.23-P1P2	1325	1	1
LHCGR_-_48982427.23-P1P2	0	0	0
LHCGR_-_48982440.23-P1P2	0	0	0
LHCGR_-_48982811.23-P1P2	5180	4820	3434
LHPP_+_126150437.23-P1P2	2609	4659	4720
LHPP_+_126150786.23-P1P2	1534	0	1
LHPP_-_126150444.23-P1P2	715	1	1516
LHPP_-_126150451.23-P1P2	3351	2931	1
LHPP_-_126150782.23-P1P2	1386	1	1
LIAS_+_39460679.23-P1P2	0	0	0
LIAS_+_39460685.23-P1P2	0	0	0
LIAS_+_39461140.23-P1P2	0	0	0
LIAS_-_39460775.23-P1P2	0	0	0
LIAS_-_39461156.23-P1P2	0	0	0
LIMK1_+_73498172.23-P1	3753	1	1389
LIMK1_+_73498175.23-P1	0	0	0
LIMK1_+_73498555.23-P1	0	0	0
LIMK1_+_73507537.23-P2	0	0	0
LIMK1_+_73507595.23-P2	2776	2	1389
LIMK1_+_73507614.23-P2	0	0	0
LIMK1_+_73507647.23-P2	0	0	0
LIMK1_-_73498189.23-P1	3137	1	1
LIMK1_-_73498366.23-P1	0	0	0
LIMK1_-_73507588.23-P2	4637	3473	1453
LIMK2_-_31608303.23-P1P2	0	0	0
LIMK2_-_31608420.23-P1P2	0	0	0
LIMK2_-_31608608.23-P1P2	2395	2	3480
LIMK2_-_31608641.23-P1P2	0	0	0
LIMK2_-_31608698.23-P1P2	0	0	0
LIPA_+_91011062.23-P1P2	3863	0	3
LIPA_+_91011512.23-P1P2	1584	4763	4994
LIPA_+_91011586.23-P1P2	3086	3	4648
LIPA_-_91011199.23-P1P2	1108	6	3700
LIPA_-_91011546.23-P1P2	1206	6212	1
LIPF_+_90424226.23-P1P2	0	0	0
LIPF_+_90424306.23-P1P2	0	0	0
LIPF_-_90424381.23-P1P2	0	0	0
LIPF_-_90424448.23-P1P2	0	0	0
LIPF_-_90424616.23-P1P2	1437	1	1896
LIPJ_-_90346531.23-P1P2	2103	5198	2507
LIPJ_-_90346602.23-P1P2	1144	0	1
LIPJ_-_90346894.23-P1P2	0	0	0
LIPJ_-_90346942.23-P1P2	0	0	0
LIPJ_-_90346948.23-P1P2	0	0	0
LIPT1_+_99771478.23-P1P2	813	8902	1585
LIPT1_+_99771489.23-P1P2	0	0	0
LIPT1_+_99771539.23-P1P2	1276	3916	1626
LIPT1_-_99771504.23-P1P2	0	0	0
LIPT1_-_99771518.23-P1P2	0	0	0
LMAN1_+_57026445.23-P1P2	1606	0	1
LMAN1_-_57026050.23-P1P2	4164	1	1894
LMAN1_-_57026107.23-P1P2	0	0	0
LMAN1_-_57026186.23-P1P2	1529	3097	1497
LMAN1_-_57026283.23-P1P2	1556	5	3341
LMTK2_+_97736187.23-P1P2	1448	2339	0
LMTK2_+_97736224.23-P1P2	0	0	0
LMTK2_-_97736196.23-P1P2	828	663	2887
LMTK2_-_97736236.23-P1P2	2622	1	2803
LMTK2_-_97736262.23-P1P2	0	0	0
LMTK3_+_49016391.23-P1P2	0	0	0
LMTK3_+_49016507.23-P1P2	2471	6634	3241
LMTK3_+_49016817.23-P1P2	1625	2	5493
LMTK3_+_49016834.23-P1P2	2981	2	6423
LMTK3_-_49016875.23-P1P2	1575	5	1648
LPA_+_161084930.23-P1P2	1516	5175	3801
LPA_+_161085281.23-P1P2	0	0	0
LPA_+_161085286.23-P1P2	0	0	0
LPA_-_161084950.23-P1P2	6199	3	5380
LPA_-_161085028.23-P1P2	0	0	0
LPL_+_19796807.23-P1P2	0	0	0
LPL_+_19797226.23-P1P2	1590	1	2584
LPL_+_19797288.23-P1P2	0	0	0
LPL_-_19796954.23-P1P2	1352	1	1488
LPL_-_19797196.23-P1P2	0	0	0
LPPR2_+_11466136.23-P1P2	2659	2083	1942
LPPR2_+_11466298.23-P1P2	2610	3	4
LPPR2_-_11466214.23-P1P2	0	0	0
LPPR2_-_11466222.23-P1P2	0	0	0
LPPR2_-_11466260.23-P1P2	0	0	0
LRAT_+_155665197.23-P1P2	0	0	0
LRAT_+_155665234.23-P1P2	0	0	0
LRAT_+_155665352.23-P1P2	2452	3	1
LRAT_-_155665206.23-P1P2	3983	5	1619
LRAT_-_155665581.23-P1P2	0	0	0
LRP1_+_57522332.23-P1P2	2029	2	2105
LRP1_+_57522866.23-P1P2	0	0	0
LRP1_-_57522286.23-P1P2	761	1	0
LRP1_-_57522313.23-P1P2	1409	1	0
LRP1_-_57522328.23-P1P2	2654	340	1
LRRK1_+_101459591.23-P1P2	2529	2	1640
LRRK1_+_101459594.23-P1P2	3525	4	1394
LRRK1_-_101459569.23-P1P2	0	0	0
LRRK1_-_101459969.23-P1P2	3526	5	4343
LRRK1_-_101459997.23-P1P2	2073	4090	3
LRRK2_+_40618843.23-P1P2	3534	4	2
LRRK2_+_40618865.23-P1P2	0	0	0
LRRK2_+_40618871.23-P1P2	4331	4	1
LRRK2_+_40619209.23-P1P2	0	0	0
LRRK2_+_40619340.23-P1P2	1113	1	1
LSM6_+_147096955.23-P1P2	0	0	0
LSM6_-_147096910.23-P1P2	0	0	0
LSM6_-_147096913.23-P1P2	0	0	0
LSM6_-_147096927.23-P1P2	0	0	0
LSM6_-_147096958.23-P1P2	0	0	0
LSS_+_47648301.23-P1P2	1559	5013	6
LSS_+_47648648.23-P1P2	0	0	0
LSS_+_47648683.23-P1P2	0	0	0
LSS_+_47648696.23-P1P2	0	0	0
LSS_-_47648468.23-P1P2	0	0	0
LTA4H_+_96429127.23-P1P2	0	0	0
LTA4H_-_96428948.23-P1P2	1110	2	3
LTA4H_-_96428968.23-P1P2	2417	1	1
LTA4H_-_96429091.23-P1P2	1525	2207	0
LTA4H_-_96429293.23-P1P2	0	0	0
LTA_+_31540068.23-P1P2	0	0	0
LTA_+_31540111.23-P1P2	0	0	0
LTA_+_31540542.23-P1P2	0	0	0
LTA_-_31540065.23-P1P2	1337	5399	1608
LTA_-_31540552.23-P1P2	0	0	0
LTC4S_+_179221418.23-P1P2	0	0	0
LTC4S_+_179221448.23-P1P2	1086	0	1093
LTC4S_-_179221023.23-P1P2	1745	0	3
LTC4S_-_179221076.23-P1P2	2457	4586	1756
LTC4S_-_179221093.23-P1P2	1214	3767	2
LTF_-_46505940.23-P1P2	0	0	0
LTF_-_46506319.23-P1P2	0	0	0
LTF_-_46506342.23-P1P2	1534	2873	2
LTF_-_46506380.23-P1P2	0	0	0
LTF_-_46506390.23-P1P2	0	0	0
LTK_+_41805579.23-P1P2	0	0	0
LTK_+_41805774.23-P1P2	3701	3	5
LTK_+_41806006.23-P1P2	3098	3	1931
LTK_+_41806026.23-P1P2	0	0	0
LTK_-_41806018.23-P1P2	1514	1	2565
LY96_+_74903948.23-P1P2	3360	3	0
LY96_+_74903968.23-P1P2	0	0	0
LY96_+_74904029.23-P1P2	1408	1	1
LY96_+_74904116.23-P1P2	0	0	0
LY96_-_74903941.23-P1P2	0	0	0
LYN_+_56792380.23-P1P2	0	0	0
LYN_+_56792447.23-P1P2	2431	4473	1889
LYN_+_56792814.23-P1P2	2570	2673	3
LYN_+_56792854.23-P1P2	1882	4886	1244
LYN_-_56792769.23-P1P2	941	3	4846
LYZ_+_69742152.23-P1P2	0	0	0
LYZ_-_69742194.23-P1P2	0	0	0
LYZ_-_69742245.23-P1P2	1170	0	2127
LYZ_-_69742379.23-P1P2	0	0	0
LYZ_-_69742515.23-P1P2	1652	3	1852
M6PR_+_9101865.23-P1P2	1075	0	3
M6PR_+_9102204.23-P1P2	3597	1	3
M6PR_+_9102212.23-P1P2	0	0	0
M6PR_+_9102222.23-P1P2	0	0	0
M6PR_-_9102165.23-P1P2	4719	5	1597
MADD_+_47291222.23-P1P2	628	3080	4
MADD_+_47291231.23-P1P2	0	0	0
MADD_+_47291677.23-P1P2	3664	2	2
MADD_+_47291704.23-P1P2	1947	4737	4
MADD_-_47291717.23-P1P2	0	0	0
MAGI2_+_79082466.23-P1P2	0	0	0
MAGI2_+_79082500.23-P1P2	0	0	0
MAGI2_+_79082947.23-P1P2	1351	4	5415
MAGI2_-_79082928.23-P1P2	3787	4	8385
MAGI2_-_79082978.23-P1P2	2807	1	0
MAGI3_+_113933181.23-P1P2	0	0	0
MAGI3_+_113933190.23-P1P2	1147	2	4004
MAGI3_+_113933544.23-P1P2	3899	4	14
MAGI3_+_113933548.23-P1P2	3863	7518	2935
MAGI3_-_113933189.23-P1P2	3311	6	3
MAK_+_10838700.23-P1P2	1588	0	1585
MAK_+_10838734.23-P1P2	1440	3	2945
MAK_+_10838745.23-P1P2	0	0	0
MAK_-_10838377.23-P1P2	3804	2853	1562
MAK_-_10838380.23-P1P2	0	0	0
MAN1A1_+_119670517.23-P1P2	2171	0	1688
MAN1A1_+_119670521.23-P1P2	0	0	0
MAN1A1_-_119670721.23-P1P2	2115	2	1775
MAN1A1_-_119670850.23-P1P2	0	0	0
MAN1A1_-_119670897.23-P1P2	3272	3	3376
MAN1B1_+_139981719.23-P1P2	7423	7	2024
MAN1B1_-_139981488.23-P1P2	7686	2	951
MAN1B1_-_139981842.23-P1P2	2241	5	1714
MAN1B1_-_139981868.23-P1P2	3293	2868	2732
MAN1B1_-_139981992.23-P1P2	2148	3	4351
MAN2A1_+_109025632.23-P1P2	0	0	0
MAN2A1_+_109025637.23-P1P2	1369	2	2
MAN2A1_+_109025693.23-P1P2	1589	5871	1664
MAN2A1_-_109025121.23-P1P2	2915	5060	3
MAN2A1_-_109026039.23-P1P2	3083	7	1843
MAOB_+_43741293.23-P1P2	0	0	0
MAOB_+_43741686.23-P1P2	0	0	0
MAOB_+_43741701.23-P1P2	1341	1562	1491
MAOB_-_43741243.23-P1P2	1693	2	1
MAOB_-_43741476.23-P1P2	0	0	0
MAP1A_+_43809808.23-P1P2	949	4	1773
MAP1A_+_43809833.23-P1P2	688	7229	8
MAP1A_+_43809863.23-P1P2	0	0	0
MAP1A_+_43809866.23-P1P2	0	0	0
MAP1A_-_43810238.23-P1P2	2768	4892	7264
MAP2K1_-_66679278.23-P1P2	7135	4	4877
MAP2K1_-_66679290.23-P1P2	3470	2269	1779
MAP2K1_-_66679293.23-P1P2	1409	0	2839
MAP2K1_-_66679296.23-P1P2	0	0	0
MAP2K1_-_66679776.23-P1P2	0	0	0
MAP2K2_+_4123670.23-P1P2	2181	1	0
MAP2K2_+_4123678.23-P1P2	1556	6456	6829
MAP2K2_+_4123712.23-P1P2	0	0	0
MAP2K2_+_4124064.23-P1P2	2101	1406	2829
MAP2K2_-_4124092.23-P1P2	1886	3	1383
MAP2K3_+_21188019.23-P1P2	0	0	0
MAP2K3_+_21188070.23-P1P2	1154	5	3049
MAP2K3_+_21188189.23-P1P2	0	0	0
MAP2K3_+_21188207.23-P1P2	1588	2	0
MAP2K3_-_21188034.23-P1P2	3599	2841	1
MAP2K4_+_11924171.23-P1P2	798	2077	4
MAP2K4_+_11924555.23-P1P2	1438	1	1
MAP2K4_+_11924585.23-P1P2	587	0	0
MAP2K4_+_11924631.23-P1P2	1305	2	1492
MAP2K4_-_11924225.23-P1P2	793	2	0
MAP2K5_+_67835091.23-P1P2	1453	2	1
MAP2K5_+_67835094.23-P1P2	2426	3869	2902
MAP2K5_+_67835452.23-P1P2	1531	1	2
MAP2K5_+_67835554.23-P1P2	800	0	0
MAP2K5_+_67835580.23-P1P2	0	0	0
MAP2K6_+_67410867.23-P1P2	0	0	0
MAP2K6_+_67410873.23-P1P2	1223	7659	3
MAP2K6_+_67410896.23-P1P2	0	0	0
MAP2K6_+_67410900.23-P1P2	0	0	0
MAP2K6_+_67410971.23-P1P2	0	0	0
MAP2K7_+_7968839.23-P1P2	0	0	0
MAP2K7_+_7969168.23-P1P2	3278	925	1592
MAP2K7_+_7969219.23-P1P2	3538	2	0
MAP2K7_-_7968835.23-P1P2	0	0	0
MAP2K7_-_7968965.23-P1P2	0	0	0
MAP3K10_+_40697325.23-P1P2	3301	4204	4977
MAP3K10_+_40697392.23-P1P2	5236	683	4323
MAP3K10_-_40697353.23-P1P2	0	0	0
MAP3K10_-_40697420.23-P1P2	0	0	0
MAP3K10_-_40697755.23-P1P2	5077	2	3
MAP3K11_+_65381272.23-P1	1417	3	1542
MAP3K11_+_65381663.23-P1	2013	2	1
MAP3K11_+_65381709.23-P1	0	0	0
MAP3K11_+_65381712.23-P1	1167	1	902
MAP3K11_+_65382758.23-P2	1531	2559	2
MAP3K11_+_65382822.23-P2	0	0	0
MAP3K11_-_65381254.23-P1	4187	2	1
MAP3K11_-_65382786.23-P2	1389	1	1
MAP3K11_-_65382790.23-P2	0	0	0
MAP3K11_-_65382826.23-P2	1264	0	0
MAP3K12_+_53893257.23-P1P2	0	0	0
MAP3K12_-_53893214.23-P1P2	1556	1	1
MAP3K12_-_53893217.23-P1P2	0	0	0
MAP3K12_-_53893240.23-P1P2	2805	11554	7
MAP3K12_-_53893243.23-P1P2	1249	0	1
MAP3K13_+_185000798.23-P1	1525	2	0
MAP3K13_+_185001157.23-P1	0	0	0
MAP3K13_+_185080978.23-P2	4249	3	4001
MAP3K13_+_185081308.23-P2	828	0	0
MAP3K13_+_185081407.23-P2	0	0	0
MAP3K13_-_185000771.23-P1	0	0	0
MAP3K13_-_185000815.23-P1	1562	2	2063
MAP3K13_-_185000826.23-P1	4946	6	6771
MAP3K13_-_185080952.23-P2	1198	5129	1
MAP3K13_-_185081028.23-P2	3571	5	4418
MAP3K14_+_43394273.23-P1P2	545	0	0
MAP3K14_+_43394373.23-P1P2	1137	6132	4
MAP3K14_+_43394416.23-P1P2	2389	5	1
MAP3K14_-_43393956.23-P1P2	2352	5	6339
MAP3K14_-_43393975.23-P1P2	3234	7224	2
MAP3K15_+_19533217.23-P1P2	1441	3	0
MAP3K15_+_19533399.23-P1P2	0	0	0
MAP3K15_+_19533557.23-P1P2	0	0	0
MAP3K15_-_19533438.23-P1P2	0	0	0
MAP3K15_-_19533551.23-P1P2	3299	1328	2
MAP3K19_+_135804528.23-P1P2	0	0	0
MAP3K19_+_135804993.23-P1P2	0	0	0
MAP3K19_-_135804560.23-P1P2	0	0	0
MAP3K19_-_135804563.23-P1P2	3377	2485	2173
MAP3K19_-_135804678.23-P1P2	0	0	0
MAP3K1_+_56111425.23-P1P2	833	4	4499
MAP3K1_+_56111803.23-P1P2	1394	3	1783
MAP3K1_-_56111403.23-P1P2	716	1	0
MAP3K1_-_56111787.23-P1P2	2578	2	1460
MAP3K1_-_56111820.23-P1P2	3115	2841	3428
MAP3K2_+_128145488.23-P1P2	0	0	0
MAP3K2_+_128145501.23-P1P2	1335	1	1773
MAP3K2_+_128145529.23-P1P2	2478	2761	0
MAP3K2_-_128145498.23-P1P2	2276	16041	3548
MAP3K2_-_128145517.23-P1P2	2463	0	1
MAP3K3_-_61699751.23-P1P2	1181	1699	1565
MAP3K3_-_61699772.23-P1P2	4341	3	2
MAP3K3_-_61699810.23-P1P2	2316	2087	3
MAP3K3_-_61699829.23-P1P2	1201	1	1
MAP3K3_-_61699843.23-P1P2	456	1	1727
MAP3K4_+_161412813.23-P1P2	1278	1	1
MAP3K4_+_161412953.23-P1P2	1363	1	2
MAP3K4_+_161413018.23-P1P2	0	0	0
MAP3K4_-_161412851.23-P1P2	3751	6763	1444
MAP3K4_-_161412865.23-P1P2	0	0	0
MAP3K5_+_137113501.23-P1P2	2102	4063	3
MAP3K5_-_137113110.23-P1P2	6128	7	3
MAP3K5_-_137113480.23-P1P2	2349	5708	1601
MAP3K5_-_137113498.23-P1P2	1332	1	0
MAP3K5_-_137113656.23-P1P2	0	0	0
MAP3K6_+_27693402.23-P1P2	0	0	0
MAP3K6_+_27693436.23-P1P2	2526	3541	4247
MAP3K6_-_27692805.23-P1P2	0	0	0
MAP3K6_-_27693217.23-P1P2	0	0	0
MAP3K6_-_27693370.23-P1P2	1552	3	3
MAP3K7_+_91296756.23-P1P2	761	1889	2396
MAP3K7_+_91296774.23-P1P2	0	0	0
MAP3K7_-_91296403.23-P1P2	0	0	0
MAP3K7_-_91296731.23-P1P2	1628	11837	6489
MAP3K7_-_91296743.23-P1P2	3168	1	902
MAP3K8_+_30723118.23-P1P2	0	0	0
MAP3K8_+_30723123.23-P1P2	3045	6	8863
MAP3K8_+_30723542.23-P1P2	0	0	0
MAP3K8_+_30723548.23-P1P2	2193	2	3349
MAP3K8_-_30723515.23-P1P2	1393	0	1
MAP3K9_+_71275895.23-P1P2	0	0	0
MAP3K9_+_71276168.23-P1P2	1887	7246	6326
MAP3K9_+_71276221.23-P1P2	843	5023	1099
MAP3K9_-_71275881.23-P1P2	2268	1	2
MAP3K9_-_71275994.23-P1P2	1354	4517	1016
MAP4K1_+_39108201.23-P1P2	0	0	0
MAP4K1_+_39108603.23-P1P2	1705	2	1
MAP4K1_-_39108543.23-P1P2	3100	4717	2051
MAP4K1_-_39108568.23-P1P2	0	0	0
MAP4K1_-_39108597.23-P1P2	0	0	0
MAP4K2_+_64570318.23-P1P2	1672	1	1
MAP4K2_-_64570024.23-P1P2	729	1	0
MAP4K2_-_64570252.23-P1P2	948	0	3467
MAP4K2_-_64570267.23-P1P2	2535	12745	7
MAP4K2_-_64570446.23-P1P2	0	0	0
MAP4K3_+_39664019.23-P1P2	1492	0	0
MAP4K3_+_39664025.23-P1P2	741	4185	3406
MAP4K3_-_39663962.23-P1P2	0	0	0
MAP4K3_-_39664372.23-P1P2	2986	2	1
MAP4K3_-_39664377.23-P1P2	875	1	1
MAP4K4_+_102314194.23-P1P2	0	0	0
MAP4K4_+_102314209.23-P1P2	6284	6	3076
MAP4K4_-_102314371.23-P1P2	0	0	0
MAP4K4_-_102314429.23-P1P2	0	0	0
MAP4K4_-_102314572.23-P1P2	0	0	0
MAP4K5_+_50999154.23-P1P2	0	0	0
MAP4K5_+_50999160.23-P1P2	1406	5969	1
MAP4K5_+_50999233.23-P1P2	2834	5180	1542
MAP4K5_-_50998897.23-P1P2	3289	1	2110
MAP4K5_-_50999269.23-P1P2	0	0	0
MAPK10_+_87280698.23-P1P2	2982	1	0
MAPK10_+_87280805.23-P1P2	1510	0	2
MAPK10_+_87280809.23-P1P2	2161	1	1944
MAPK10_+_87281193.23-P1P2	579	0	1
MAPK10_-_87281220.23-P1P2	0	0	0
MAPK11_+_50708400.23-P1P2	2781	1	0
MAPK11_+_50708466.23-P1P2	0	0	0
MAPK11_-_50708384.23-P1P2	2368	0	1179
MAPK11_-_50708414.23-P1P2	5129	2818	2
MAPK11_-_50708798.23-P1P2	1654	1	4199
MAPK12_+_50699693.23-P1P2	0	0	0
MAPK12_+_50699710.23-P1P2	5566	2	2665
MAPK12_-_50699638.23-P1P2	2135	1638	2951
MAPK12_-_50699664.23-P1P2	1764	3	3489
MAPK12_-_50700104.23-P1P2	1384	4734	3335
MAPK13_+_36095562.23-P2	337	1	1726
MAPK13_+_36095584.23-P2	0	0	0
MAPK13_+_36098337.23-P1	5247	5318	5851
MAPK13_+_36098340.23-P1	4266	5	3
MAPK13_+_36098354.23-P1	1562	1	0
MAPK13_+_36098714.23-P1	0	0	0
MAPK13_-_36095589.23-P2	1670	2	2
MAPK13_-_36095915.23-P2	1875	3	3622
MAPK13_-_36095987.23-P2	0	0	0
MAPK13_-_36098350.23-P1	0	0	0
MAPK14_+_35995582.23-P1P2	1426	2	0
MAPK14_+_35995634.23-P1P2	370	5353	2209
MAPK14_+_35995994.23-P1P2	1178	0	1
MAPK14_-_35995588.23-P1P2	3161	5	5780
MAPK14_-_35995742.23-P1P2	0	0	0
MAPK15_+_144798542.23-P1P2	0	0	0
MAPK15_+_144798554.23-P1P2	1436	0	1
MAPK15_-_144798562.23-P1P2	1344	0	1659
MAPK15_-_144798594.23-P1P2	0	0	0
MAPK15_-_144798966.23-P1P2	1189	2	1621
MAPK1_+_22221893.23-P1P2	5926	8835	1543
MAPK1_+_22221900.23-P1P2	1374	5	2
MAPK1_-_22221517.23-P1P2	1613	3	2404
MAPK1_-_22221858.23-P1P2	0	0	0
MAPK1_-_22221879.23-P1P2	4558	1	597
MAPK3_+_30134158.23-P1P2	3578	2	1
MAPK3_+_30134224.23-P1P2	0	0	0
MAPK3_+_30134473.23-P1P2	1609	2	3264
MAPK3_-_30134173.23-P1P2	3818	4	1580
MAPK3_-_30134490.23-P1P2	0	0	0
MAPK4_+_48086657.23-P1P2	2773	520	1599
MAPK4_+_48086820.23-P1P2	2041	2	768
MAPK4_+_48086890.23-P1P2	4046	5515	5036
MAPK4_-_48086502.23-P1P2	2106	5453	1827
MAPK4_-_48086531.23-P1P2	0	0	0
MAPK6_+_52312067.23-P1P2	1975	1	1017
MAPK6_+_52312100.23-P1P2	0	0	0
MAPK6_-_52311450.23-P1P2	0	0	0
MAPK6_-_52311453.23-P1P2	615	4	1344
MAPK6_-_52311462.23-P1P2	0	0	0
MAPK7_+_19281101.23-P1P2	1256	0	0
MAPK7_+_19282166.23-P1P2	1601	1	1
MAPK7_-_19281081.23-P1P2	5331	3	3973
MAPK7_-_19281094.23-P1P2	2358	1	0
MAPK7_-_19281159.23-P1P2	2327	3	1
MAPK8IP1_+_45907239.23-P2	2329	3	2
MAPK8IP1_+_45907688.23-P2	0	0	0
MAPK8IP1_+_45921668.23-P1	2326	4	0
MAPK8IP1_+_45922088.23-P1	5821	7	3068
MAPK8IP1_-_45907276.23-P2	1497	3443	3499
MAPK8IP1_-_45907580.23-P2	0	0	0
MAPK8IP1_-_45907653.23-P2	5282	5420	1613
MAPK8IP1_-_45921715.23-P1	1145	4	2650
MAPK8IP1_-_45922057.23-P1	1560	5	2915
MAPK8IP1_-_45922095.23-P1	2862	3	1876
MAPK8IP2_+_51039278.23-P1P2	1463	1	5178
MAPK8IP2_-_51039250.23-P1P2	1516	2	2946
MAPK8IP2_-_51039253.23-P1P2	0	0	0
MAPK8IP2_-_51039587.23-P1P2	3174	5752	5
MAPK8IP2_-_51039617.23-P1P2	0	0	0
MAPK8IP3_-_1756208.23-P1P2	1522	4440	4
MAPK8IP3_-_1756242.23-P1P2	2866	12775	3614
MAPK8IP3_-_1756275.23-P1P2	3884	2808	1
MAPK8IP3_-_1756368.23-P1P2	0	0	0
MAPK8IP3_-_1756404.23-P1P2	1303	2699	1143
MAPK8_+_49515119.23-P1P2	670	3	2846
MAPK8_+_49515127.23-P1P2	2346	0	1542
MAPK8_-_49514766.23-P1P2	1040	4808	1787
MAPK8_-_49514791.23-P1P2	5489	7760	3379
MAPK8_-_49515026.23-P1P2	0	0	0
MAPK9_+_179718994.23-P1P2	5549	6	962
MAPK9_+_179719015.23-P1P2	0	0	0
MAPK9_+_179719045.23-P1P2	738	4	6880
MAPK9_-_179718613.23-P1P2	2353	3	1756
MAPK9_-_179719011.23-P1P2	3953	4	0
MAPKAP1_+_128412327.23-P2	1309	2	0
MAPKAP1_+_128412632.23-P2	1143	3410	577
MAPKAP1_+_128412671.23-P2	0	0	0
MAPKAP1_+_128412686.23-P2	1717	5516	4
MAPKAP1_+_128469261.23-P1	0	0	0
MAPKAP1_+_128469415.23-P1	669	2	0
MAPKAP1_+_128469461.23-P1	444	5368	0
MAPKAP1_+_128469476.23-P1	1307	0	1571
MAPKAP1_-_128412268.23-P2	0	0	0
MAPKAP1_-_128469133.23-P1	1367	1	3004
MAPKAPK2_+_206858711.23-P1P2	1373	5	2410
MAPKAPK2_-_206858257.23-P1P2	2173	3733	1275
MAPKAPK2_-_206858409.23-P1P2	910	4548	2778
MAPKAPK2_-_206858786.23-P1P2	0	0	0
MAPKAPK2_-_206858800.23-P1P2	998	4	0
MAPKAPK3_+_50654590.23-P1P2	0	0	0
MAPKAPK3_+_50654634.23-P1P2	3159	3420	3
MAPKAPK3_+_50654641.23-P1P2	2479	4859	1876
MAPKAPK3_+_50654647.23-P1P2	5907	1	3180
MAPKAPK3_+_50654665.23-P1P2	0	0	0
MAPKAPK5_+_112280458.23-P1P2	3132	2	1167
MAPKAPK5_-_112280047.23-P1P2	4224	3892	1487
MAPKAPK5_-_112280058.23-P1P2	435	2	3997
MAPKAPK5_-_112280061.23-P1P2	952	4936	2
MAPKAPK5_-_112280444.23-P1P2	0	0	0
MAPKBP1_+_42066684.23-P1P2	1625	10052	7
MAPKBP1_+_42066764.23-P1P2	2392	7551	1
MAPKBP1_+_42067047.23-P1P2	0	0	0
MAPKBP1_-_42066728.23-P1P2	1638	3125	3154
MAPKBP1_-_42066929.23-P1P2	958	0	0
MARCKS_+_114178579.23-P1P2	1402	4960	3
MARCKS_+_114178793.23-P1P2	0	0	0
MARCKS_+_114178796.23-P1P2	1537	2	4159
MARCKS_+_114178858.23-P1P2	0	0	0
MARCKS_-_114178610.23-P1P2	0	0	0
MARK1_+_220701807.23-P1P2	1847	1	892
MARK1_+_220701920.23-P1P2	1445	0	0
MARK1_+_220701924.23-P1P2	1594	0	1
MARK1_+_220702229.23-P1P2	1789	3700	4
MARK1_-_220701952.23-P1P2	881	3	541
MARK2_+_63606628.23-P1	4585	7420	2060
MARK2_+_63656051.23-P2	1799	3146	1693
MARK2_+_63656055.23-P2	0	0	0
MARK2_+_63656113.23-P2	2531	5199	1851
MARK2_+_63656366.23-P2	2748	4	5
MARK2_-_63606604.23-P1	4748	3	4523
MARK2_-_63606618.23-P1	1265	0	1
MARK2_-_63607026.23-P1	3341	3	2013
MARK2_-_63607048.23-P1	3469	3	2
MARK2_-_63656296.23-P2	0	0	0
MARK3_+_103851946.23-P1	2448	3	1386
MARK3_+_103871446.23-P2	1921	3544	5718
MARK3_+_103871459.23-P2	0	0	0
MARK3_+_103871494.23-P2	2077	1	1
MARK3_+_103871511.23-P2	0	0	0
MARK3_-_103851740.23-P1	2794	1	2
MARK3_-_103851762.23-P1	486	5784	4423
MARK3_-_103851778.23-P1	4568	6	1520
MARK3_-_103851786.23-P1	1506	1	1860
MARK3_-_103871548.23-P2	0	0	0
MARK4_+_45754564.23-P1P2	5529	8125	5562
MARK4_+_45754924.23-P1P2	1411	2	1
MARK4_+_45754957.23-P1P2	2103	2	3
MARK4_+_45754981.23-P1P2	2270	2	3129
MARK4_+_45755019.23-P1P2	1540	5079	2168
MASP2_+_11107250.23-P1P2	1743	0	1741
MASP2_+_11107254.23-P1P2	0	0	0
MASP2_+_11107258.23-P1P2	1877	4	0
MASP2_+_11107300.23-P1P2	1236	3524	3
MASP2_-_11107265.23-P1P2	0	0	0
MAST1_+_12944770.23-P2	786	6	9506
MAST1_+_12944776.23-P2	0	0	0
MAST1_+_12944779.23-P2	3145	2866	540
MAST1_+_12945172.23-P2	1311	1	3760
MAST1_+_12945186.23-P2	3956	944	700
MAST1_+_12949344.23-P1	0	0	0
MAST1_+_12949376.23-P1	1825	3340	1626
MAST1_+_12949519.23-P1	4260	3	1652
MAST1_+_12949693.23-P1	3855	4927	3218
MAST1_+_12949712.23-P1	2940	3	12
MAST2_+_46269318.23-P1P2	3187	8137	4675
MAST2_-_46269291.23-P1P2	3634	2649	1678
MAST2_-_46269333.23-P1P2	2604	1	1
MAST2_-_46269336.23-P1P2	3433	2252	6
MAST2_-_46269769.23-P1P2	0	0	0
MAST3_+_18208647.23-P1P2	5922	864	3249
MAST3_+_18209026.23-P1P2	0	0	0
MAST3_-_18208625.23-P1P2	1418	2	2670
MAST3_-_18208658.23-P1P2	2284	4609	3
MAST3_-_18208662.23-P1P2	5745	4	3
MAST4_+_65892185.23-ENST00000403625.2,ENST00000404260.3	0	0	0
MAST4_+_65892577.23-ENST00000403625.2,ENST00000404260.3	1546	1	1
MAST4_+_65892684.23-ENST00000403625.2,ENST00000404260.3	1833	1814	2
MAST4_-_65892199.23-ENST00000403625.2,ENST00000404260.3	1222	2	1022
MAST4_-_65892226.23-ENST00000403625.2,ENST00000404260.3	2559	1	1971
MASTL_+_27444335.23-P1P2	1536	3433	1008
MASTL_-_27444305.23-P1P2	0	0	0
MASTL_-_27444315.23-P1P2	0	0	0
MASTL_-_27444320.23-P1P2	0	0	0
MASTL_-_27444413.23-P1P2	0	0	0
MAT1A_+_82049318.23-P1P2	0	0	0
MAT1A_+_82049410.23-P1P2	0	0	0
MAT1A_-_82049347.23-P1P2	2925	3	1
MAT1A_-_82049366.23-P1P2	0	0	0
MAT1A_-_82049387.23-P1P2	0	0	0
MAT2A_+_85766276.23-P1P2	0	0	0
MAT2A_+_85766280.23-P1P2	1506	2106	1663
MAT2A_+_85766302.23-P1P2	1703	5260	5
MAT2A_+_85766367.23-P1P2	1341	0	1
MAT2A_+_85766721.23-P1P2	0	0	0
MATK_+_3785894.23-P1P2	857	1769	1394
MATK_+_3786153.23-P1P2	3841	3063	2213
MATK_+_3786205.23-P1P2	317	0	1609
MATK_-_3785860.23-P1P2	0	0	0
MATK_-_3786253.23-P1P2	3899	3	4837
MBL2_+_54530976.23-P1P2	1232	1	2
MBL2_+_54531349.23-P1P2	0	0	0
MBL2_+_54531352.23-P1P2	0	0	0
MBL2_-_54531299.23-P1P2	3445	1495	2
MBL2_-_54531362.23-P1P2	2704	1	28
MB_+_36012953.23-P1P2	0	0	0
MB_-_36012912.23-P1P2	0	0	0
MB_-_36013180.23-P1P2	0	0	0
MB_-_36013357.23-P1P2	569	1	1729
MB_-_36013372.23-P1P2	0	0	0
MC2R_+_13915038.23-P1P2	2255	1078	3298
MC2R_+_13915064.23-P1P2	1494	4692	1737
MC2R_+_13915087.23-P1P2	0	0	0
MC2R_-_13915128.23-P1P2	0	0	0
MC2R_-_13915463.23-P1P2	0	0	0
MCCC1_+_182817256.23-P1P2	2206	2	2748
MCCC1_+_182817292.23-P1P2	0	0	0
MCCC1_+_182817298.23-P1P2	4203	7	1903
MCCC1_+_182817301.23-P1P2	0	0	0
MCCC1_-_182817269.23-P1P2	1137	0	0
MCCC2_+_70883215.23-P1P2	734	2704	4635
MCCC2_+_70883259.23-P1P2	0	0	0
MCCC2_+_70883650.23-P1P2	1463	4	2435
MCCC2_-_70883196.23-P1P2	2867	2	1106
MCCC2_-_70883385.23-P1P2	0	0	0
MCFD2_+_47142860.23-P1	5301	1	5
MCFD2_+_47142889.23-P1	406	1228	0
MCFD2_+_47142972.23-P1	3799	3	1
MCFD2_+_47168832.23-P2	0	0	0
MCFD2_-_47142505.23-P1	797	1	1
MCFD2_-_47142680.23-P1	0	0	0
MCFD2_-_47168422.23-P2	188	5619	942
MCFD2_-_47168823.23-P2	0	0	0
MCFD2_-_47168874.23-P2	948	0	1
MCFD2_-_47168880.23-P2	0	0	0
ME2_+_48405483.23-P1P2	0	0	0
ME2_+_48405494.23-P1P2	0	0	0
ME2_+_48405509.23-P1P2	4305	4	1
ME2_-_48405558.23-P1P2	1330	1	1795
ME2_-_48405886.23-P1P2	0	0	0
ME3_+_86383140.23-P1P2	0	0	0
ME3_+_86383360.23-P1P2	1044	4371	1986
ME3_-_86382994.23-P1P2	3865	1	3937
ME3_-_86383003.23-P1P2	1964	1334	0
ME3_-_86383407.23-P1P2	0	0	0
MED1_+_37607247.23-P1P2	0	0	0
MED1_+_37607423.23-P1P2	0	0	0
MED1_-_37607464.23-P1P2	640	0	1
MED1_-_37607477.23-P1P2	0	0	0
MED1_-_37607487.23-P1P2	0	0	0
MELK_+_36572924.23-P1P2	0	0	0
MELK_+_36572933.23-P1P2	1787	2869	2
MELK_+_36572955.23-P1P2	3154	0	2
MELK_+_36572996.23-P1P2	1816	1724	1257
MELK_-_36572919.23-P1P2	0	0	0
MERTK_+_112656178.23-P1P2	4364	4	0
MERTK_+_112656181.23-P1P2	0	0	0
MERTK_+_112656639.23-P1P2	215	0	1
MERTK_-_112656217.23-P1P2	1960	2445	3401
MERTK_-_112656461.23-P1P2	1460	2	3417
METAP1_+_99916870.23-P1P2	0	0	0
METAP1_+_99917305.23-P1P2	4139	8	2697
METAP1_-_99916925.23-P1P2	1116	1	1
METAP1_-_99916941.23-P1P2	1286	3209	0
METAP1_-_99917396.23-P1P2	2053	1456	3
METAP2_+_95868341.23-P1P2	0	0	0
METAP2_-_95867958.23-P1P2	0	0	0
METAP2_-_95867961.23-P1P2	0	0	0
METAP2_-_95868001.23-P1P2	0	0	0
METAP2_-_95868024.23-P1P2	0	0	0
MET_+_116312278.23-P1P2	0	0	0
MET_-_116312458.23-P1P2	0	0	0
MET_-_116312513.23-P1P2	0	0	0
MET_-_116312516.23-P1P2	3853	5579	1565
MET_-_116312812.23-P1P2	0	0	0
MGAM_+_141695687.23-P1P2	1105	0	0
MGAM_+_141695743.23-P1P2	4057	5500	3928
MGAM_+_141696072.23-P1P2	0	0	0
MGAM_-_141695722.23-P1P2	1468	3785	4
MGAM_-_141695730.23-P1P2	4496	4	4829
MGAT1_+_180229772.23-P1	1641	2689	2
MGAT1_+_180229780.23-P1	2356	2	3932
MGAT1_+_180229792.23-P1	0	0	0
MGAT1_+_180230842.23-P2	3124	0	2
MGAT1_-_180229395.23-P1	3155	6	1478
MGAT1_-_180229581.23-P1	0	0	0
MGAT1_-_180230445.23-P2	1296	3	3161
MGAT1_-_180230817.23-P2	1473	0	0
MGAT1_-_180230834.23-P2	0	0	0
MGAT1_-_180230838.23-P2	0	0	0
MGST1_+_16500628.23-P1P2	4972	1	3
MGST1_+_16500631.23-P1P2	1565	5232	7090
MGST1_+_16500637.23-P1P2	6697	9	3865
MGST1_-_16500605.23-P1P2	163	1266	3497
MGST1_-_16500686.23-P1P2	1377	0	986
MGST2_+_140587008.23-P1P2	0	0	0
MGST2_+_140587025.23-P1P2	3571	5	1608
MGST2_+_140587342.23-P1P2	1170	0	1537
MGST2_+_140587387.23-P1P2	0	0	0
MGST2_-_140587238.23-P1P2	1173	0	0
MGST3_+_165600134.23-P1P2	4088	5178	5533
MGST3_+_165600864.23-P1P2	0	0	0
MGST3_+_165600872.23-P1P2	0	0	0
MGST3_+_165600896.23-P1P2	4083	3684	1625
MGST3_-_165600861.23-P1P2	5354	3	732
MINK1_+_4736779.23-P1P2	1461	6110	5
MINK1_+_4736865.23-P1P2	0	0	0
MINK1_+_4737064.23-P1P2	0	0	0
MINK1_-_4736680.23-P1P2	0	0	0
MINK1_-_4736718.23-P1P2	1605	5829	1718
MINPP1_+_89264602.23-P1P2	0	0	0
MINPP1_+_89264692.23-P1P2	0	0	0
MINPP1_+_89264695.23-P1P2	0	0	0
MINPP1_+_89264698.23-P1P2	2749	0	1810
MINPP1_+_89265043.23-P1P2	2019	9225	31
MKNK1_+_47069708.23-P1	1377	4	1508
MKNK1_+_47069868.23-P1	1073	1	1710
MKNK1_+_47069893.23-P1	1277	0	3003
MKNK1_+_47069897.23-P1	2402	3	1473
MKNK1_+_47082286.23-P2	1342	5078	3
MKNK1_+_47082452.23-P2	0	0	0
MKNK1_+_47082506.23-P2	606	8971	4
MKNK1_+_47082514.23-P2	3423	3	3512
MKNK1_-_47069690.23-P1	1677	1	1
MKNK1_-_47082123.23-P2	0	0	0
MKNK2_+_2041978.23-P2	1208	0	0
MKNK2_+_2042002.23-P2	5494	2	2757
MKNK2_+_2051133.23-P1	1369	2	835
MKNK2_+_2051207.23-P1	1504	1	0
MKNK2_+_2051224.23-P1	2839	8865	8
MKNK2_+_2051227.23-P1	2412	9837	3632
MKNK2_-_2041617.23-P2	5322	5	3
MKNK2_-_2041671.23-P2	0	0	0
MKNK2_-_2042010.23-P2	0	0	0
MKNK2_-_2051055.23-P1	0	0	0
MLKL_+_74734415.23-P1P2	0	0	0
MLKL_+_74734719.23-P1P2	2394	1	0
MLKL_+_74734747.23-P1P2	0	0	0
MLKL_+_74734780.23-P1P2	0	0	0
MLKL_-_74734733.23-P1P2	1737	3	2859
MMAA_+_146540893.23-P1P2	3026	2618	2
MMAA_-_146540515.23-P1P2	4384	1466	2
MMAA_-_146540518.23-P1P2	0	0	0
MMAA_-_146540569.23-P1P2	0	0	0
MMAA_-_146540596.23-P1P2	3108	4	5076
MMAB_+_110010915.23-P1P2	3011	1	3
MMAB_+_110010982.23-P1P2	0	0	0
MMAB_+_110011271.23-P1P2	1633	1	1
MMAB_-_110011077.23-P1P2	2284	2	1579
MMAB_-_110011243.23-P1P2	2708	4	1286
MMACHC_+_45966055.23-P1P2	0	0	0
MMACHC_+_45966075.23-P1P2	0	0	0
MMACHC_-_45966007.23-P1P2	1501	3	1564
MMACHC_-_45966210.23-P1P2	0	0	0
MMACHC_-_45966249.23-P1P2	0	0	0
MME_+_154797717.23-P1P2	1398	2724	2695
MME_-_154797687.23-P1P2	2411	9770	9
MME_-_154797897.23-P1P2	1342	1655	2
MME_-_154798029.23-P1P2	1235	1	0
MME_-_154798084.23-P1P2	3623	2449	2138
MMP10_+_102650935.23-P1P2	0	0	0
MMP10_+_102651203.23-P1P2	3118	2	1080
MMP10_+_102651366.23-P1P2	0	0	0
MMP10_-_102651272.23-P1P2	0	0	0
MMP10_-_102651285.23-P1P2	1251	2	1
MMP11_+_24115046.23-P1P2	3831	3650	4453
MMP11_-_24115012.23-P1P2	0	0	0
MMP11_-_24115015.23-P1P2	0	0	0
MMP11_-_24115499.23-P1P2	0	0	0
MMP11_-_24115540.23-P1P2	7116	3808	1773
MMP12_+_102745314.23-P1P2	0	0	0
MMP12_+_102745435.23-P1P2	371	0	0
MMP12_+_102745705.23-P1P2	0	0	0
MMP12_+_102745714.23-P1P2	1508	8438	5
MMP12_-_102745615.23-P1P2	1530	2	1
MMP13_+_102825968.23-P1P2	1274	0	0
MMP13_+_102826448.23-P1P2	0	0	0
MMP13_-_102826216.23-P1P2	0	0	0
MMP13_-_102826407.23-P1P2	0	0	0
MMP13_-_102826411.23-P1P2	3495	5824	1540
MMP16_+_89339468.23-P1P2	0	0	0
MMP16_+_89339656.23-P1P2	0	0	0
MMP16_+_89339686.23-P1P2	2995	3	1664
MMP16_-_89339699.23-P1P2	129	3	1645
MMP16_-_89339702.23-P1P2	2001	0	0
MMP17_+_132313414.23-P1P2	414	5064	6
MMP17_-_132312997.23-P1P2	0	0	0
MMP17_-_132313198.23-P1P2	1702	1	1790
MMP17_-_132313401.23-P1P2	0	0	0
MMP17_-_132313404.23-P1P2	986	2	1
MMP19_+_56236657.23-P1P2	0	0	0
MMP19_+_56236733.23-P1P2	0	0	0
MMP19_-_56236239.23-P1P2	1415	1	1683
MMP19_-_56236324.23-P1P2	2682	1	2033
MMP19_-_56236640.23-P1P2	1476	2	104
MMP1_+_102668518.23-P1P2	0	0	0
MMP1_+_102668868.23-P1P2	1792	5658	1874
MMP1_+_102668884.23-P1P2	1257	1	4178
MMP1_-_102668827.23-P1P2	0	0	0
MMP1_-_102668900.23-P1P2	0	0	0
MMP20_+_102495608.23-ENST00000260228.2	1665	2	1726
MMP20_+_102496043.23-ENST00000260228.2	1620	5898	1864
MMP20_-_102495976.23-ENST00000260228.2	3429	3	2
MMP20_-_102495982.23-ENST00000260228.2	0	0	0
MMP20_-_102496014.23-ENST00000260228.2	0	0	0
MMP21_+_127463906.23-ENST00000368808.3	0	0	0
MMP21_+_127464121.23-ENST00000368808.3	1092	3241	3
MMP21_-_127464306.23-ENST00000368808.3	0	0	0
MMP21_-_127464320.23-ENST00000368808.3	0	0	0
MMP21_-_127464329.23-ENST00000368808.3	1535	2908	3
MMP24_+_33814533.23-P1P2	5949	4791	8
MMP24_+_33814610.23-P1P2	850	0	0
MMP24_+_33814919.23-P1P2	4921	1483	1693
MMP24_-_33814642.23-P1P2	361	6553	1510
MMP24_-_33814898.23-P1P2	0	0	0
MMP25_+_3096630.23-P1P2	0	0	0
MMP25_+_3096797.23-P1P2	1035	3276	0
MMP25_-_3096589.23-P1P2	1036	5187	927
MMP25_-_3096594.23-P1P2	0	0	0
MMP25_-_3097062.23-P1P2	0	0	0
MMP26_+_4788493.23-ENST00000380390.1	0	0	0
MMP26_+_4788522.23-ENST00000380390.1	2371	4	1883
MMP26_+_4788604.23-ENST00000380390.1	0	0	0
MMP26_+_4788747.23-ENST00000380390.1	0	0	0
MMP26_+_5009477.23-ENST00000300762.1	4244	1	3
MMP26_+_5009839.23-ENST00000300762.1	2797	2931	2182
MMP26_-_4788571.23-ENST00000380390.1	0	0	0
MMP26_-_5009434.23-ENST00000300762.1	0	0	0
MMP26_-_5009869.23-ENST00000300762.1	622	1	0
MMP26_-_5009885.23-ENST00000300762.1	0	0	0
MMP27_+_102576008.23-P1P2	1397	0	0
MMP27_+_102576062.23-P1P2	1320	3	0
MMP27_+_102576446.23-P1P2	1510	1	8
MMP27_+_102576467.23-P1P2	1383	0	3
MMP27_-_102576005.23-P1P2	0	0	0
MMP28_+_34122550.23-P1P2	0	0	0
MMP28_+_34122553.23-P1P2	0	0	0
MMP28_+_34122577.23-P1P2	1527	1	3258
MMP28_-_34122159.23-P1P2	1571	2912	210
MMP28_-_34122638.23-P1P2	0	0	0
MMP3_+_102713883.23-P1P2	3076	5392	10
MMP3_+_102714331.23-P1P2	0	0	0
MMP3_+_102714334.23-P1P2	1028	0	941
MMP3_-_102713930.23-P1P2	4504	1290	1930
MMP3_-_102714259.23-P1P2	1201	3	1
MMP7_+_102401009.23-P1P2	0	0	0
MMP7_-_102401119.23-P1P2	2101	1	0
MMP7_-_102401243.23-P1P2	2939	3	3
MMP7_-_102401370.23-P1P2	3405	2644	3545
MMP7_-_102401376.23-P1P2	620	2489	1536
MMP8_+_102595232.23-P1P2	0	0	0
MMP8_+_102595642.23-P1P2	3074	0	142
MMP8_+_102595647.23-P1P2	0	0	0
MMP8_-_102595636.23-P1P2	0	0	0
MMP8_-_102595652.23-P1P2	1214	0	0
MOCOS_+_33767554.23-P1P2	3020	1703	4787
MOCOS_+_33767899.23-P1P2	1224	2818	1671
MOCOS_+_33767931.23-P1P2	0	0	0
MOCOS_-_33767865.23-P1P2	0	0	0
MOCOS_-_33767974.23-P1P2	0	0	0
MOK_+_102771420.23-P1P2	1326	3	0
MOK_+_102771458.23-P1P2	0	0	0
MOK_+_102771461.23-P1P2	0	0	0
MOK_-_102771425.23-P1P2	1478	0	2
MOK_-_102771439.23-P1P2	1659	4878	5
MOS_+_57026051.23-P1P2	0	0	0
MOS_+_57026123.23-P1P2	625	0	1
MOS_+_57026136.23-P1P2	0	0	0
MOS_-_57025709.23-P1P2	0	0	0
MOS_-_57026097.23-P1P2	0	0	0
MPRIP_+_16945765.23-P1P2	2819	4	1869
MPRIP_+_16945768.23-P1P2	1953	3	2
MPRIP_+_16945787.23-P1P2	2304	2	3595
MPRIP_+_16945792.23-P1P2	467	9911	1478
MPRIP_-_16945782.23-P1P2	1345	4565	5
MR1_+_181003519.23-P1P2	0	0	0
MR1_-_181003146.23-P1P2	0	0	0
MR1_-_181003149.23-P1P2	801	3	0
MR1_-_181003158.23-P1P2	0	0	0
MR1_-_181003570.23-P1P2	1582	1691	7
MS4A1_+_60223356.23-P1P2	1156	1	0
MS4A1_+_60223379.23-P1P2	0	0	0
MS4A1_+_60223388.23-P1P2	767	1	1
MS4A1_-_60223423.23-P1P2	4240	1	4707
MS4A1_-_60223562.23-P1P2	0	0	0
MS4A2_+_59856151.23-P1P2	0	0	0
MS4A2_+_59856276.23-P1P2	1700	1	1
MS4A2_-_59856359.23-P1P2	1744	1	0
MS4A2_-_59856581.23-P1P2	1613	1	2174
MS4A2_-_59856606.23-P1P2	1610	0	1
MSRA_+_9911819.23-P1P2	6089	5822	5
MSRA_+_9911857.23-P1P2	1284	11	1695
MSRA_-_9911825.23-P1P2	1440	3	1383
MSRA_-_9912190.23-P1P2	2231	5402	1641
MSRA_-_9912264.23-P1P2	1291	0	2
MST1R_+_49940854.23-P1P2	0	0	0
MST1R_+_49941057.23-P1P2	1630	1	1
MST1R_+_49941068.23-P1P2	1494	1	1188
MST1R_+_49941291.23-P1P2	1721	2947	3227
MST1R_-_49941307.23-P1P2	6064	5	2439
MST4_+_131157354.23-P1P2	3815	2516	2
MST4_+_131157714.23-P1P2	0	0	0
MST4_-_131157387.23-P1P2	1573	2	1288
MST4_-_131157577.23-P1P2	6021	3	424
MST4_-_131157771.23-P1P2	3547	7	7852
MTAP_+_21802673.23-P1P2	2773	1596	1495
MTAP_+_21802676.23-P1P2	1574	2	3971
MTAP_+_21802875.23-P1P2	4290	4727	1917
MTAP_-_21802667.23-P1P2	6210	5479	1910
MTAP_-_21803113.23-P1P2	2696	4	2
MTFMT_+_65321719.23-P1P2	0	0	0
MTFMT_+_65321922.23-P1P2	4306	5	2305
MTFMT_-_65321519.23-P1P2	0	0	0
MTFMT_-_65321712.23-P1P2	0	0	0
MTFMT_-_65321920.23-P1P2	1460	5428	910
MTHFD2_+_74433642.23-P2	1508	3082	1952
MTHFD2_-_74425723.23-P1	5095	0	1495
MTHFD2_-_74425764.23-P1	1071	7125	856
MTHFD2_-_74425771.23-P1	1978	2	4026
MTHFD2_-_74425956.23-P1	4198	1636	380
MTHFD2_-_74426186.23-P1	1618	1	2288
MTHFD2_-_74433554.23-P2	0	0	0
MTHFD2_-_74433575.23-P2	0	0	0
MTHFD2_-_74433613.23-P2	0	0	0
MTHFD2_-_74433617.23-P2	1117	1	2122
MTM1_+_149737106.23-P1P2	799	0	1843
MTM1_+_149737435.23-P1P2	1488	5880	2
MTM1_+_149737484.23-P1P2	0	0	0
MTM1_+_149737489.23-P1P2	0	0	0
MTM1_-_149737096.23-P1P2	1388	3710	4
MTMR10_+_31284093.23-P1P2	3002	7	1594
MTMR10_-_31283432.23-P1P2	0	0	0
MTMR10_-_31283442.23-P1P2	1627	1	887
MTMR10_-_31283789.23-P1P2	0	0	0
MTMR10_-_31283836.23-P1P2	0	0	0
MTMR11_+_149903036.23-P1P2	0	0	0
MTMR11_+_149903204.23-P1P2	735	2493	3
MTMR11_-_149902999.23-P1P2	0	0	0
MTMR11_-_149903008.23-P1P2	6883	9	6606
MTMR11_-_149903289.23-P1P2	2620	3554	3
MTMR12_+_32313043.23-P1P2	0	0	0
MTMR12_-_32312982.23-P1P2	1247	1	3401
MTMR12_-_32312985.23-P1P2	5189	5112	4770
MTMR12_-_32313034.23-P1P2	1297	3857	1319
MTMR12_-_32313040.23-P1P2	1160	9129	3
MTMR14_+_9691184.23-P1P2	0	0	0
MTMR14_-_9691172.23-P1P2	0	0	0
MTMR14_-_9691202.23-P1P2	2989	1	3
MTMR14_-_9691251.23-P1P2	825	1	1512
MTMR14_-_9691403.23-P1P2	2596	1	1099
MTMR1_+_149861886.23-P1P2	5379	2665	5075
MTMR1_+_149862340.23-P1P2	978	1	1469
MTMR1_-_149861879.23-P1P2	1426	5	3719
MTMR1_-_149861882.23-P1P2	3113	5	6
MTMR1_-_149861920.23-P1P2	1629	3	1
MTMR2_-_95657171.23-P1P2	2498	3157	1010
MTMR2_-_95657174.23-P1P2	3157	6535	5
MTMR2_-_95657187.23-P1P2	1252	4326	30
MTMR2_-_95657200.23-P1P2	2432	4585	2
MTMR2_-_95657205.23-P1P2	4255	7748	3777
MTMR3_+_30279230.23-P1P2	2285	2804	2
MTMR3_+_30279316.23-P1P2	0	0	0
MTMR3_-_30279250.23-P1P2	1466	6620	3333
MTMR3_-_30279598.23-P1P2	0	0	0
MTMR3_-_30279601.23-P1P2	0	0	0
MTMR4_+_56591601.23-P2	1319	3	0
MTMR4_+_56594799.23-P1	858	1	1761
MTMR4_+_56595105.23-P1	4331	5391	4446
MTMR4_+_56595188.23-P1	2856	5	2205
MTMR4_-_56591546.23-P2	738	5341	2081
MTMR4_-_56591953.23-P2	0	0	0
MTMR4_-_56591993.23-P2	2205	3	1743
MTMR4_-_56591997.23-P2	0	0	0
MTMR4_-_56595139.23-P1	3899	1	1591
MTMR4_-_56595184.23-P1	1423	0	1557
MTMR6_+_25861145.23-P1P2	1129	0	0
MTMR6_+_25861543.23-P1P2	2545	8192	1458
MTMR6_+_25861587.23-P1P2	1252	4850	6373
MTMR6_-_25861605.23-P1P2	2678	2	225
MTMR6_-_25861638.23-P1P2	3310	5726	819
MTMR7_+_17270772.23-P1P2	0	0	0
MTMR7_+_17270797.23-P1P2	3480	1	1
MTMR7_+_17270807.23-P1P2	1292	1	2799
MTMR7_-_17270782.23-P1P2	2593	1	1357
MTMR7_-_17270802.23-P1P2	1952	2392	3988
MTMR8_+_63615257.23-P1P2	3006	2	1
MTMR8_+_63615291.23-P1P2	2417	5	3940
MTMR8_-_63614850.23-P1P2	1024	2622	2
MTMR8_-_63614904.23-P1P2	0	0	0
MTMR8_-_63614975.23-P1P2	0	0	0
MTMR9_+_11142057.23-P1P2	1681	3	867
MTMR9_+_11142322.23-P1P2	1146	5	2184
MTMR9_+_11142357.23-P1P2	2517	5	1619
MTMR9_-_11142001.23-P1P2	4665	3009	1
MTMR9_-_11142092.23-P1P2	1345	4	1303
MTNR1A_+_187476277.23-P1P2	4184	2944	2351
MTNR1A_+_187476505.23-P1P2	0	0	0
MTNR1A_+_187476511.23-P1P2	1034	4980	1338
MTNR1A_-_187476145.23-P1P2	770	0	0
MTNR1A_-_187476494.23-P1P2	0	0	0
MTNR1B_+_92703042.23-P1P2	965	3077	3
MTNR1B_+_92703045.23-P1P2	1557	2	1447
MTNR1B_+_92703064.23-P1P2	0	0	0
MTNR1B_+_92703076.23-P1P2	2986	3	3532
MTNR1B_-_92702681.23-P1P2	723	2	2273
MTOR_+_11322468.23-P1P2	0	0	0
MTOR_+_11322541.23-P1P2	0	0	0
MTOR_+_11322572.23-P1P2	0	0	0
MTOR_+_11322584.23-P1P2	0	0	0
MTOR_-_11322168.23-P1P2	788	1	2249
MTRR_+_7869336.23-P1P2	0	0	0
MTRR_+_7869735.23-P1P2	1199	5	2846
MTRR_-_7869328.23-P1P2	0	0	0
MTRR_-_7869343.23-P1P2	1285	4446	2657
MTRR_-_7869349.23-P1P2	4523	4	3825
MTR_+_236958639.23-P1P2	1665	4277	1
MTR_+_236958804.23-P1P2	0	0	0
MTR_-_236958613.23-P1P2	779	3	2
MTR_-_236958736.23-P1P2	1588	5358	2872
MTR_-_236958874.23-P1P2	3530	2	2
MTTP_+_100495996.23-P1P2	0	0	0
MTTP_+_100496358.23-P1P2	890	1	1576
MTTP_+_100496427.23-P1P2	3518	0	1
MTTP_-_100495992.23-P1P2	454	0	0
MTTP_-_100496052.23-P1P2	2603	3	2388
MUC2_+_1074918.23-P1P2	1070	5725	5060
MUC2_+_1075112.23-P1P2	1560	0	3196
MUC2_-_1074928.23-P1P2	4722	6971	4678
MUC2_-_1075285.23-P1P2	1669	6075	2119
MUC2_-_1075332.23-P1P2	0	0	0
MURC_+_103340546.23-P1P2	1705	1	976
MURC_+_103340814.23-P1P2	0	0	0
MURC_-_103340393.23-P1P2	0	0	0
MURC_-_103340673.23-P1P2	5352	1753	2147
MURC_-_103340746.23-P1P2	1557	2	1
MUSK_+_113431128.23-P1P2	0	0	0
MUSK_+_113431444.23-P1P2	0	0	0
MUSK_+_113431483.23-P1P2	0	0	0
MUSK_-_113431402.23-P1P2	3690	1	937
MUSK_-_113431516.23-P1P2	0	0	0
MUT_+_49430502.23-P1P2	1127	0	0
MUT_+_49430923.23-P1P2	1330	0	1508
MUT_-_49430450.23-P1P2	0	0	0
MUT_-_49430521.23-P1P2	2909	1	1
MUT_-_49430970.23-P1P2	1187	2	0
MVK_+_110011102.23-P1P2	706	2	1638
MVK_+_110011169.23-P1P2	0	0	0
MVK_-_110011093.23-P1P2	1477	4	2
MVK_-_110011114.23-P1P2	0	0	0
MVK_-_110011650.23-P1P2	0	0	0
MYH14_+_50706905.23-P1P2	2430	6	2645
MYH14_+_50706916.23-P1P2	0	0	0
MYH14_+_50707141.23-P1P2	3915	6538	3
MYH14_-_50707313.23-P1P2	3743	2	2597
MYH14_-_50707336.23-P1P2	1327	1	1
MYH7_+_23894054.23-P2	3035	6	5833
MYH7_+_23894532.23-P2	0	0	0
MYH7_+_23894573.23-P2	1627	1	2242
MYH7_+_23904465.23-P1	2015	3	1
MYH7_+_23904652.23-P1	3209	3	2
MYH7_+_23904818.23-P1	0	0	0
MYH7_+_23904873.23-P1	0	0	0
MYH7_-_23894538.23-P2	1933	7686	1280
MYH7_-_23894544.23-P2	3596	3	2
MYH7_-_23904408.23-P1	4928	2	3
MYL12A_+_3247938.23-P1	843	0	1
MYL12A_+_3252296.23-P2	0	0	0
MYL12A_-_3247860.23-P1	1502	2	1806
MYL12A_-_3247870.23-P1	0	0	0
MYL12A_-_3247880.23-P1	1423	11217	2
MYL12A_-_3247977.23-P1	1533	0	0
MYL12A_-_3252323.23-P2	0	0	0
MYL12A_-_3252328.23-P2	718	0	1636
MYL12A_-_3252494.23-P2	0	0	0
MYL12A_-_3252737.23-P2	0	0	0
MYL6B_+_56546800.23-P1P2	0	0	0
MYL6B_-_56546414.23-P1P2	4434	1318	2
MYL6B_-_56546429.23-P1P2	3322	2	2219
MYL6B_-_56546797.23-P1P2	1400	5254	5
MYL6B_-_56546806.23-P1P2	3369	3	2
MYLK2_+_30407165.23-P1P2	2988	3	5554
MYLK2_+_30407207.23-P1P2	0	0	0
MYLK2_+_30407241.23-P1P2	0	0	0
MYLK2_-_30407515.23-P1P2	3367	5	1811
MYLK2_-_30407687.23-P1P2	0	0	0
MYLK3_+_46781792.23-P1	944	3	1798
MYLK3_+_46782202.23-P1	0	0	0
MYLK3_+_46782235.23-P1	6091	2986	3761
MYLK3_+_46797152.23-P2	0	0	0
MYLK3_-_46781779.23-P1	3172	2	1245
MYLK3_-_46782222.23-P1	1541	2	1361
MYLK3_-_46797068.23-P2	0	0	0
MYLK3_-_46797079.23-P2	1470	2	1880
MYLK3_-_46797129.23-P2	0	0	0
MYLK3_-_46797172.23-P2	1776	5455	2
MYLK4_+_2751126.23-P1P2	1899	1	0
MYLK4_+_2751160.23-P1P2	0	0	0
MYLK4_-_2750786.23-P1P2	0	0	0
MYLK4_-_2750927.23-P1P2	2066	0	1722
MYLK4_-_2751138.23-P1P2	0	0	0
MYLK_+_123512423.23-ENST00000475616.1	1516	2	1
MYLK_+_123512803.23-ENST00000475616.1	6658	3206	3
MYLK_+_123602889.23-ENST00000360304.3	1621	1	0
MYLK_+_123602897.23-ENST00000360304.3	1695	2	1
MYLK_+_123602990.23-ENST00000360304.3	1394	5651	1913
MYLK_-_123512455.23-ENST00000475616.1	2570	2615	4792
MYLK_-_123512779.23-ENST00000475616.1	0	0	0
MYLK_-_123512851.23-ENST00000475616.1	0	0	0
MYLK_-_123602882.23-ENST00000360304.3	4392	5656	1451
MYLK_-_123602964.23-ENST00000360304.3	0	0	0
MYO1D_+_31204155.23-P1P2	0	0	0
MYO1D_-_31204146.23-P1P2	2868	3660	496
MYO1D_-_31204163.23-P1P2	2349	1	1
MYO1D_-_31204169.23-P1P2	3653	1	1539
MYO1D_-_31204175.23-P1P2	3601	4	3599
MYO3A_+_26223140.23-P1P2	1412	2029	3275
MYO3A_+_26223188.23-P1P2	0	0	0
MYO3A_-_26223234.23-P1P2	1147	5	2027
MYO3A_-_26223545.23-P1P2	1359	0	0
MYO3A_-_26223636.23-P1P2	0	0	0
MYO3B_+_171034758.23-P1P2	0	0	0
MYO3B_+_171034951.23-P1P2	0	0	0
MYO3B_+_171034958.23-P1P2	0	0	0
MYO3B_-_171034650.23-P1P2	1524	6043	1581
MYO3B_-_171034919.23-P1P2	1385	1	0
NADK_+_1709806.23-P1	0	0	0
NADK_+_1709820.23-P1	5800	3	1772
NADK_+_1709845.23-P1	2416	7236	2
NADK_+_1709876.23-P1	2762	8	8528
NADK_+_1711070.23-P2	0	0	0
NADK_+_1711438.23-P2	0	0	0
NADK_-_1709434.23-P1	5909	1	1
NADK_-_1711464.23-P2	0	0	0
NADK_-_1711477.23-P2	0	0	0
NADK_-_1711485.23-P2	1487	0	1677
NADSYN1_+_71164275.23-P1P2	1685	1	0
NADSYN1_+_71164305.23-P1P2	0	0	0
NADSYN1_+_71164322.23-P1P2	2191	4	3204
NADSYN1_+_71164518.23-P1P2	2005	4745	5
NADSYN1_-_71164648.23-P1P2	552	0	0
NAGA_+_42466751.23-P1P2	2944	1	1627
NAGA_+_42466765.23-P1P2	2946	3341	2050
NAGA_+_42466783.23-P1P2	1248	7657	1996
NAGA_+_42466786.23-P1P2	1747	0	1862
NAGA_-_42466629.23-P1P2	2288	3	1366
NAGK_+_71296014.23-P1P2	0	0	0
NAGK_-_71295802.23-P1P2	1773	2	0
NAGK_-_71295832.23-P1P2	921	1	1
NAGK_-_71295842.23-P1P2	0	0	0
NAGK_-_71296257.23-P1P2	0	0	0
NAGLU_+_40688309.23-P1P2	1550	0	1
NAGLU_+_40688325.23-P1P2	1793	1	1
NAGLU_+_40688676.23-P1P2	2008	1	2
NAGLU_+_40689018.23-P1P2	1340	1	0
NAGLU_-_40688749.23-P1P2	1393	2745	3551
NAGPA_-_5083759.23-P1P2	2690	4	1765
NAGPA_-_5083861.23-P1P2	0	0	0
NAGPA_-_5083882.23-P1P2	2696	0	2
NAGPA_-_5083904.23-P1P2	1563	1	1673
NAGPA_-_5083907.23-P1P2	1579	1	1
NAGS_+_42081968.23-P1	1578	4	0
NAGS_+_42081999.23-P1	3251	0	1
NAGS_+_42082378.23-P1	3545	2040	6
NAGS_+_42082393.23-P1	2347	3	3123
NAGS_+_42083466.23-P2	968	4404	4287
NAGS_-_42082012.23-P1	0	0	0
NAGS_-_42083396.23-P2	796	4333	1
NAGS_-_42083399.23-P2	1068	1	1520
NAGS_-_42083433.23-P2	1138	3878	4013
NAGS_-_42083447.23-P2	1764	4	1917
NAPB_+_23402063.23-P1P2	2363	1553	1385
NAPB_+_23402100.23-P1P2	0	0	0
NAPB_-_23401600.23-P1P2	3750	12887	9
NAPB_-_23401616.23-P1P2	0	0	0
NAPB_-_23402111.23-P1P2	0	0	0
NARS2_+_78285660.23-P1P2	1762	2	1
NARS2_+_78285829.23-P1P2	1215	2	1383
NARS2_-_78285456.23-P1P2	1067	4	2
NARS2_-_78285761.23-P1P2	0	0	0
NARS2_-_78285846.23-P1P2	0	0	0
NARS_+_55288934.23-P1P2	1691	1	2164
NARS_+_55288993.23-P1P2	0	0	0
NARS_-_55288621.23-P1P2	0	0	0
NARS_-_55288674.23-P1P2	2427	10623	7
NARS_-_55288977.23-P1P2	0	0	0
NCAN_+_19322844.23-P1P2	0	0	0
NCAN_+_19323007.23-P1P2	2429	3560	1
NCAN_-_19322814.23-P1P2	2996	6	6250
NCAN_-_19322879.23-P1P2	0	0	0
NCAN_-_19323235.23-P1P2	1277	1	2
NCOA5_+_44718511.23-P1P2	1187	2	1218
NCOA5_+_44718514.23-P1P2	883	2280	1337
NCOA5_+_44718554.23-P1P2	0	0	0
NCOA5_-_44718548.23-P1P2	4504	4	3
NCOA5_-_44718565.23-P1P2	2344	5348	5461
NDST1_+_149865942.23-P1P2	3060	2	1470
NDST1_-_149865520.23-P1P2	2731	4109	3611
NDST1_-_149865528.23-P1P2	2077	3521	2783
NDST1_-_149865550.23-P1P2	2506	0	1981
NDST1_-_149865566.23-P1P2	825	3721	5191
NDUFA10_-_240964364.23-P1P2	0	0	0
NDUFA10_-_240964703.23-P1P2	2083	5482	1668
NDUFA10_-_240964719.23-P1P2	0	0	0
NDUFA10_-_240964753.23-P1P2	0	0	0
NDUFA10_-_240964760.23-P1P2	0	0	0
NDUFA11_+_5903372.23-P1P2	0	0	0
NDUFA11_+_5903375.23-P1P2	1970	4106	2
NDUFA11_+_5903777.23-P1P2	4235	6	3861
NDUFA11_-_5903392.23-P1P2	834	1183	0
NDUFA11_-_5903762.23-P1P2	2421	2	1
NDUFA12_+_95397400.23-P1P2	0	0	0
NDUFA12_+_95397403.23-P1P2	6013	3	1288
NDUFA12_+_95397427.23-P1P2	0	0	0
NDUFA12_+_95397515.23-P1P2	1196	5331	4647
NDUFA12_-_95397049.23-P1P2	1092	0	0
NDUFA1_+_119005445.23-P1P2	0	0	0
NDUFA1_-_119005458.23-P1P2	0	0	0
NDUFA1_-_119005848.23-P1P2	0	0	0
NDUFA1_-_119005868.23-P1P2	0	0	0
NDUFA1_-_119006194.23-P1P2	0	0	0
NDUFA2_+_140027134.23-P1P2	0	0	0
NDUFA2_+_140027158.23-P1P2	0	0	0
NDUFA2_+_140027188.23-P1P2	0	0	0
NDUFA2_+_140027194.23-P1P2	0	0	0
NDUFA2_-_140027105.23-P1P2	0	0	0
NDUFA4L2_+_57630847.23-P1P2	491	0	0
NDUFA4L2_+_57630864.23-P1P2	1235	1	2
NDUFA4L2_-_57630457.23-P1P2	0	0	0
NDUFA4L2_-_57630816.23-P1P2	0	0	0
NDUFA4L2_-_57630857.23-P1P2	2605	15712	1081
NDUFA5_+_123197681.23-P1P2	697	0	0
NDUFA5_+_123197812.23-P1P2	0	0	0
NDUFA5_+_123197815.23-P1P2	0	0	0
NDUFA5_-_123197695.23-P1P2	0	0	0
NDUFA5_-_123197867.23-P1P2	844	5223	1481
NDUFA6_+_42486506.23-P1P2	0	0	0
NDUFA6_+_42486741.23-P1P2	0	0	0
NDUFA6_-_42486693.23-P1P2	5536	3	2957
NDUFA6_-_42486710.23-P1P2	0	0	0
NDUFA6_-_42486713.23-P1P2	0	0	0
NDUFA7_+_8386212.23-P1P2	0	0	0
NDUFA7_+_8386270.23-P1P2	0	0	0
NDUFA7_-_8385846.23-P1P2	0	0	0
NDUFA7_-_8386227.23-P1P2	2041	0	2
NDUFA7_-_8386231.23-P1P2	0	0	0
NDUFA8_+_124921973.23-P1P2	0	0	0
NDUFA8_+_124922003.23-P1P2	0	0	0
NDUFA8_+_124922010.23-P1P2	0	0	0
NDUFA8_+_124922020.23-P1P2	1414	1	0
NDUFA8_+_124922029.23-P1P2	0	0	0
NDUFA9_+_4758311.23-ENST00000266544.5	0	0	0
NDUFA9_+_4758351.23-ENST00000266544.5	0	0	0
NDUFA9_+_4758364.23-ENST00000266544.5	0	0	0
NDUFA9_-_4758360.23-ENST00000266544.5	0	0	0
NDUFA9_-_4758484.23-ENST00000266544.5	0	0	0
NDUFAB1_+_23607618.23-P1P2	655	2	2
NDUFAB1_-_23607550.23-P1P2	0	0	0
NDUFAB1_-_23607564.23-P1P2	0	0	0
NDUFAB1_-_23607588.23-P1P2	0	0	0
NDUFAB1_-_23607596.23-P1P2	0	0	0
NDUFB10_+_2009533.23-P1P2	0	0	0
NDUFB10_-_2009544.23-P1P2	0	0	0
NDUFB10_-_2009574.23-P1P2	0	0	0
NDUFB10_-_2009580.23-P1P2	0	0	0
NDUFB10_-_2009586.23-P1P2	0	0	0
NDUFB1_+_92587991.23-P1P2	891	4	3403
NDUFB1_+_92588040.23-P1P2	0	0	0
NDUFB1_-_92587615.23-P1P2	0	0	0
NDUFB1_-_92587652.23-P1P2	0	0	0
NDUFB1_-_92587655.23-P1P2	0	0	0
NDUFB3_+_201936620.23-P1P2	0	0	0
NDUFB3_+_201936719.23-P1P2	0	0	0
NDUFB3_-_201936798.23-P1P2	0	0	0
NDUFB3_-_201936802.23-P1P2	0	0	0
NDUFB3_-_201937061.23-P1P2	1472	1	1752
NDUFB4_+_120315191.23-P1P2	0	0	0
NDUFB4_+_120315227.23-P1P2	1486	0	1
NDUFB4_+_120315547.23-P1P2	901	1	2
NDUFB4_-_120315417.23-P1P2	1322	0	0
NDUFB4_-_120315562.23-P1P2	0	0	0
NDUFB5_+_179322591.23-P1P2	713	2929	3
NDUFB5_+_179322610.23-P1P2	0	0	0
NDUFB5_-_179322609.23-P1P2	0	0	0
NDUFB5_-_179322648.23-P1P2	0	0	0
NDUFB5_-_179323021.23-P1P2	1730	3	0
NDUFB6_+_32572720.23-P1P2	0	0	0
NDUFB6_+_32573039.23-P1P2	0	0	0
NDUFB6_+_32573050.23-P1P2	991	2751	0
NDUFB6_-_32573089.23-P1P2	0	0	0
NDUFB6_-_32573107.23-P1P2	0	0	0
NDUFB7_+_14682513.23-P1P2	0	0	0
NDUFB7_+_14682616.23-P1P2	0	0	0
NDUFB7_+_14682640.23-P1P2	0	0	0
NDUFB7_-_14682804.23-P1P2	0	0	0
NDUFB7_-_14682848.23-P1P2	0	0	0
NDUFB9_+_125551368.23-P1P2	3650	8022	3
NDUFB9_+_125551406.23-P1P2	0	0	0
NDUFB9_+_125551422.23-P1P2	0	0	0
NDUFB9_+_125551590.23-P1P2	0	0	0
NDUFB9_-_125551516.23-P1P2	0	0	0
NDUFC1_+_140216887.23-P1	0	0	0
NDUFC1_+_140216962.23-P1	0	0	0
NDUFC1_+_140223231.23-P2	1633	1	1646
NDUFC1_+_140223568.23-P2	722	2031	3
NDUFC1_+_140223605.23-P2	0	0	0
NDUFC1_+_140223611.23-P2	0	0	0
NDUFC1_+_140223614.23-P2	0	0	0
NDUFC1_-_140216734.23-P1	2812	1	1
NDUFC1_-_140216886.23-P1	0	0	0
NDUFC1_-_140216941.23-P1	969	0	1408
NDUFC2_+_77790541.23-P1P2	0	0	0
NDUFC2_+_77790703.23-P1P2	0	0	0
NDUFC2_-_77790523.23-P1P2	0	0	0
NDUFC2_-_77790873.23-P1P2	1505	1	6316
NDUFC2_-_77790912.23-P1P2	0	0	0
NDUFS1_+_207024119.23-P1P2	0	0	0
NDUFS1_+_207024173.23-P1P2	0	0	0
NDUFS1_-_207024125.23-P1P2	0	0	0
NDUFS1_-_207024128.23-P1P2	0	0	0
NDUFS1_-_207024153.23-P1P2	0	0	0
NDUFS2_+_161171919.23-P1P2	0	0	0
NDUFS2_+_161172138.23-P1P2	3329	2827	0
NDUFS2_-_161171911.23-P1P2	2909	2	3
NDUFS2_-_161172178.23-P1P2	0	0	0
NDUFS2_-_161172181.23-P1P2	0	0	0
NDUFS3_+_47600835.23-P1P2	127	4499	974
NDUFS3_+_47600951.23-P1P2	0	0	0
NDUFS3_-_47600652.23-P1P2	1132	1	0
NDUFS3_-_47600655.23-P1P2	1358	1	1441
NDUFS3_-_47600710.23-P1P2	0	0	0
NDUFS4_+_52856445.23-P1P2	3018	2	0
NDUFS4_+_52856689.23-P1P2	2917	3	4263
NDUFS4_-_52856474.23-P1P2	946	1	4
NDUFS4_-_52856498.23-P1P2	4288	3	1825
NDUFS4_-_52856546.23-P1P2	3932	2591	1054
NDUFS5_+_39492224.23-P1	0	0	0
NDUFS5_+_39494729.23-P2	2770	0	1
NDUFS5_+_39494965.23-P2	0	0	0
NDUFS5_-_39492036.23-P1	1651	2430	2
NDUFS5_-_39492056.23-P1	0	0	0
NDUFS5_-_39492074.23-P1	0	0	0
NDUFS5_-_39492080.23-P1	1240	2	2204
NDUFS5_-_39494549.23-P2	0	0	0
NDUFS5_-_39494617.23-P2	0	0	0
NDUFS5_-_39495011.23-P2	1873	7	1743
NDUFS6_+_1801200.23-P1P2	0	0	0
NDUFS6_+_1801594.23-P1P2	2084	2	958
NDUFS6_+_1801700.23-P1P2	1471	3652	841
NDUFS6_-_1801537.23-P1P2	0	0	0
NDUFS6_-_1801582.23-P1P2	0	0	0
NDUFS8_+_67798148.23-P1P2	1965	2	1
NDUFS8_+_67798151.23-P1P2	0	0	0
NDUFS8_+_67798556.23-P1P2	717	1	1765
NDUFS8_-_67798187.23-P1P2	0	0	0
NDUFS8_-_67798204.23-P1P2	386	0	0
NDUFV1_+_67374424.23-P1	0	0	0
NDUFV1_+_67374457.23-P1	174	0	0
NDUFV1_+_67374470.23-P1	3959	4	1780
NDUFV1_-_67374453.23-P1	0	0	0
NDUFV1_-_67374465.23-P1	0	0	0
NDUFV1_-_67377960.23-P2	0	0	0
NDUFV1_-_67377965.23-P2	1228	6532	3519
NDUFV1_-_67378002.23-P2	1662	2	1880
NDUFV1_-_67378165.23-P2	1500	4918	1
NDUFV1_-_67378183.23-P2	5631	3	5152
NDUFV2_+_9102636.23-P1P2	0	0	0
NDUFV2_+_9102739.23-P1P2	0	0	0
NDUFV2_+_9102968.23-P1P2	0	0	0
NDUFV2_+_9103150.23-P1P2	0	0	0
NDUFV2_-_9103147.23-P1P2	0	0	0
NDUFV3_+_44313428.23-P1P2	1223	0	1714
NDUFV3_+_44313438.23-P1P2	1587	12458	3879
NDUFV3_+_44313450.23-P1P2	2543	6	4268
NDUFV3_+_44313839.23-P1P2	847	0	3
NDUFV3_-_44313446.23-P1P2	1869	2	1468
NEDD8-MDP1_+_24701134.23-P1P2	0	0	0
NEDD8-MDP1_+_24701278.23-P1P2	3457	1	2
NEDD8-MDP1_+_24701319.23-P1P2	2431	2678	2
NEDD8-MDP1_+_24701514.23-P1P2	0	0	0
NEDD8-MDP1_+_24701539.23-P1P2	0	0	0
NEK10_+_27410827.23-P1P2	1169	2	1613
NEK10_+_27410847.23-P1P2	208	0	2
NEK10_+_27410855.23-P1P2	2178	2892	3
NEK10_-_27410862.23-P1P2	0	0	0
NEK10_-_27410887.23-P1P2	4227	2742	2194
NEK11_+_130745741.23-P1P2	2521	12514	3
NEK11_+_130745773.23-P1P2	772	0	1803
NEK11_+_130745791.23-P1P2	1437	0	0
NEK11_+_130745920.23-P1P2	0	0	0
NEK11_-_130745769.23-P1P2	2909	5	1443
NEK1_+_170533409.23-P1P2	862	2790	1
NEK1_-_170533689.23-P1P2	0	0	0
NEK1_-_170533710.23-P1P2	905	3462	2
NEK1_-_170533724.23-P1P2	0	0	0
NEK1_-_170533743.23-P1P2	0	0	0
NEK2_+_211848564.23-P1P2	6520	1671	2
NEK2_+_211848635.23-P1P2	0	0	0
NEK2_+_211848955.23-P1P2	1362	3	3442
NEK2_-_211848697.23-P1P2	4018	3	2110
NEK2_-_211848902.23-P1P2	1140	1807	1
NEK3_+_52733683.23-P1P2	0	0	0
NEK3_+_52733692.23-P1P2	0	0	0
NEK3_+_52733699.23-P1P2	3355	4221	1160
NEK3_-_52733662.23-P1P2	2295	6493	7165
NEK3_-_52733709.23-P1P2	0	0	0
NEK4_+_52804709.23-P1P2	0	0	0
NEK4_+_52804921.23-P1P2	1790	2189	3495
NEK4_+_52804927.23-P1P2	6609	3331	2967
NEK4_-_52804518.23-P1P2	789	0	1
NEK4_-_52804941.23-P1P2	6934	4	675
NEK5_+_52702988.23-P1P2	1272	5372	2
NEK5_+_52703149.23-P1P2	0	0	0
NEK5_-_52702778.23-P1P2	0	0	0
NEK5_-_52702784.23-P1P2	1647	2	1
NEK5_-_52703145.23-P1P2	2878	2	1732
NEK6_+_127020678.23-P1P2	0	0	0
NEK6_-_127020260.23-P1P2	0	0	0
NEK6_-_127020292.23-P1P2	489	5293	3827
NEK6_-_127020340.23-P1P2	1460	651	3
NEK6_-_127020629.23-P1P2	1279	5289	4556
NEK7_+_198126182.23-P1P2	0	0	0
NEK7_+_198126185.23-P1P2	843	3	3405
NEK7_+_198126513.23-P1P2	0	0	0
NEK7_-_198126181.23-P1P2	1448	0	1
NEK7_-_198126230.23-P1P2	2693	2857	3498
NEK8_+_27055851.23-P1P2	0	0	0
NEK8_+_27055871.23-P1P2	1260	1	1
NEK8_-_27055848.23-P1P2	0	0	0
NEK8_-_27055858.23-P1P2	1174	1	0
NEK8_-_27055861.23-P1P2	0	0	0
NEK9_+_75593513.23-P1P2	3311	1115	4041
NEK9_+_75593688.23-P1P2	889	0	905
NEK9_-_75593358.23-P1P2	0	0	0
NEK9_-_75593381.23-P1P2	2678	9	5292
NEK9_-_75593752.23-P1P2	1091	3	3470
NEU1_+_31830543.23-P1P2	1067	4	1761
NEU1_+_31830568.23-P1P2	0	0	0
NEU1_+_31830574.23-P1P2	0	0	0
NEU1_+_31830590.23-P1P2	0	0	0
NEU1_-_31830181.23-P1P2	4246	3	6
NEU2_+_233897419.23-ENST00000233840.3	0	0	0
NEU2_+_233897430.23-ENST00000233840.3	0	0	0
NEU2_+_233897436.23-ENST00000233840.3	1329	4	2107
NEU2_+_233897622.23-ENST00000233840.3	3520	0	1
NEU2_+_233897733.23-ENST00000233840.3	0	0	0
NFS1_+_34287085.23-P1P2	0	0	0
NFS1_+_34287226.23-P1P2	0	0	0
NFS1_-_34287137.23-P1P2	1216	0	1
NFS1_-_34287196.23-P1P2	0	0	0
NFS1_-_34287220.23-P1P2	0	0	0
NGB_+_77737046.23-P1P2	1465	2	0
NGB_+_77737479.23-P1P2	4631	8	5410
NGB_+_77737500.23-P1P2	2535	2	1849
NGB_-_77737470.23-P1P2	1367	2	847
NGB_-_77737473.23-P1P2	6675	2	3286
NGF_+_115880459.23-P1P2	0	0	0
NGF_+_115880788.23-P1P2	798	1	1
NGF_+_115880823.23-P1P2	0	0	0
NGF_+_115880835.23-P1P2	617	2	2
NGF_-_115880803.23-P1P2	2251	0	1166
NHP2L1_+_42084485.23-P1P2	0	0	0
NHP2L1_+_42084750.23-P1P2	0	0	0
NHP2L1_-_42084601.23-P1P2	0	0	0
NHP2L1_-_42084801.23-P1P2	0	0	0
NHP2L1_-_42084816.23-P1P2	0	0	0
NID1_+_236227988.23-P1P2	0	0	0
NID1_+_236228134.23-P1P2	1108	2870	2
NID1_+_236228351.23-P1P2	2925	2541	4123
NID1_+_236228372.23-P1P2	2840	2415	1
NID1_-_236227982.23-P1P2	0	0	0
NIM1_+_43192347.23-P1P2	877	1	0
NIM1_+_43192363.23-P1P2	2804	1	2147
NIM1_+_43192800.23-P1P2	1060	2753	5743
NIM1_+_43192818.23-P1P2	2412	4	2
NIM1_-_43192399.23-P1P2	3183	5390	4
NISCH_+_52490060.23-P1P2	1714	4	2217
NISCH_+_52490104.23-P1P2	3459	0	1
NISCH_-_52489660.23-P1P2	1186	7765	4668
NISCH_-_52490002.23-P1P2	0	0	0
NISCH_-_52490054.23-P1P2	1200	2	1965
NLK_+_26368778.23-P1P2	0	0	0
NLK_+_26369136.23-P1P2	0	0	0
NLK_+_26369168.23-P1P2	0	0	0
NLK_+_26369181.23-P1P2	940	6	1
NLK_-_26368790.23-P1P2	3641	3	2007
NME1_+_49230952.23-P1	0	0	0
NME1_+_49231214.23-P1	3592	3	5535
NME1_+_49233013.23-P2	3366	8501	4471
NME1_+_49233019.23-P2	0	0	0
NME1_+_49233034.23-P2	0	0	0
NME1_+_49233051.23-P2	2859	3843	2442
NME1_+_49233492.23-P2	0	0	0
NME1_-_49230960.23-P1	0	0	0
NME1_-_49230967.23-P1	1866	2	1855
NME1_-_49231401.23-P1	811	3	2
NME2_+_49243785.23-P1P2	0	0	0
NME2_+_49243844.23-P1P2	0	0	0
NME2_+_49243878.23-P1P2	859	35	1
NME2_+_49243944.23-P1P2	0	0	0
NME2_+_49244167.23-P1P2	1642	3	1843
NME3_+_1821311.23-P1P2	0	0	0
NME3_-_1821109.23-P1P2	3380	3	1534
NME3_-_1821123.23-P1P2	0	0	0
NME3_-_1821455.23-P1P2	3522	5463	3
NME3_-_1821526.23-P1P2	1303	0	2
NME4_+_447230.23-P1P2	3168	4	0
NME4_-_447226.23-P1P2	0	0	0
NME4_-_447229.23-P1P2	1878	3758	1665
NME4_-_447607.23-P1P2	0	0	0
NME4_-_447633.23-P1P2	0	0	0
NME5_+_137474920.23-P1P2	0	0	0
NME5_+_137475058.23-P1P2	1309	2742	3721
NME5_+_137475071.23-P1P2	0	0	0
NME5_-_137474728.23-P1P2	0	0	0
NME5_-_137475066.23-P1P2	0	0	0
NME6_+_48342625.23-P1P2	0	0	0
NME6_+_48342664.23-P1P2	894	2715	4650
NME6_+_48342808.23-P1P2	2477	1696	4449
NME6_+_48342866.23-P1P2	0	0	0
NME6_-_48342835.23-P1P2	925	1	2
NME7_+_169337005.23-P1P2	1651	3	1929
NME7_+_169337008.23-P1P2	0	0	0
NME7_+_169337011.23-P1P2	1499	0	1962
NME7_-_169336814.23-P1P2	5399	5879	1910
NME7_-_169336977.23-P1P2	978	1	2
NMNAT1_+_10003524.23-P1P2	0	0	0
NMNAT1_+_10003537.23-P1P2	0	0	0
NMNAT1_-_10003540.23-P1P2	0	0	0
NMNAT1_-_10003551.23-P1P2	2309	2	1
NMNAT1_-_10003568.23-P1P2	2298	0	3
NMNAT3_+_139396400.23-P1P2	0	0	0
NMNAT3_+_139396422.23-P1P2	1217	4	1598
NMNAT3_+_139396785.23-P1P2	2435	2	5723
NMNAT3_+_139396837.23-P1P2	1707	5162	4338
NMNAT3_-_139396409.23-P1P2	3989	6116	2603
NMRAL1_+_4524234.23-P1P2	0	0	0
NMRAL1_+_4524548.23-P1P2	5365	2	5
NMRAL1_+_4524565.23-P1P2	5013	3	1
NMRAL1_+_4524606.23-P1P2	0	0	0
NMRAL1_-_4524069.23-P1P2	0	0	0
NMT1_+_43138745.23-P1P2	1111	5153	4
NMT1_-_43138700.23-P1P2	0	0	0
NMT1_-_43138703.23-P1P2	0	0	0
NMT1_-_43138733.23-P1P2	0	0	0
NMT1_-_43138762.23-P1P2	2356	2	3143
NMT2_+_15210668.23-P1P2	2372	5140	2
NMT2_+_15210678.23-P1P2	2960	4578	2
NMT2_+_15210685.23-P1P2	1305	0	1
NMT2_-_15210363.23-P1P2	1569	3915	4962
NMT2_-_15210618.23-P1P2	3764	3	2
NNMT_+_114167427.23-P1P2	0	0	0
NNMT_+_114167530.23-P1P2	0	0	0
NNMT_-_114167169.23-P1P2	1879	3	914
NNMT_-_114167222.23-P1P2	0	0	0
NNMT_-_114167501.23-P1P2	0	0	0
NNT_+_43603290.23-P1P2	0	0	0
NNT_+_43603323.23-P1P2	3391	0	2258
NNT_-_43602867.23-P1P2	0	0	0
NNT_-_43603363.23-P1P2	2018	3507	7
NNT_-_43603694.23-P1P2	2657	1	1
NOXO1_+_2031074.23-P1P2	1332	1	0
NOXO1_+_2031230.23-P1P2	0	0	0
NOXO1_+_2031366.23-P1P2	5596	2303	1637
NOXO1_-_2031380.23-P1P2	1406	5022	3070
NOXO1_-_2031478.23-P1P2	1156	1	1612
NPC1L1_+_44580434.23-P1P2	0	0	0
NPC1L1_+_44580437.23-P1P2	0	0	0
NPC1L1_+_44580454.23-P1P2	3478	5	1752
NPC1L1_+_44580506.23-P1P2	577	3	2066
NPC1L1_-_44580541.23-P1P2	0	0	0
NPPB_+_11918591.23-P1P2	0	0	0
NPPB_+_11918956.23-P1P2	2314	2	1
NPPB_+_11918983.23-P1P2	985	2	1
NPPB_-_11918541.23-P1P2	1297	1	2
NPPB_-_11918570.23-P1P2	0	0	0
NPR1_+_153651128.23-P1P2	1647	1	1651
NPR1_+_153651152.23-P1P2	4540	3	3734
NPR1_+_153651168.23-P1P2	0	0	0
NPR1_+_153651338.23-P1P2	0	0	0
NPR1_-_153651551.23-P1P2	1791	4715	3
NPR2_+_35791765.23-P1P2	0	0	0
NPR2_+_35792158.23-P1P2	0	0	0
NPR2_+_35792161.23-P1P2	4031	5	1864
NPR2_+_35792186.23-P1P2	0	0	0
NPR2_-_35791781.23-P1P2	2579	4776	1870
NPR3_+_32710763.23-P1P2	0	0	0
NPR3_+_32710803.23-P1P2	386	3087	1670
NPR3_-_32710867.23-P1P2	0	0	0
NPR3_-_32711588.23-P1P2	0	0	0
NPR3_-_32711848.23-P1P2	2711	1660	2
NPSR1_+_34697864.23-P1P2	2500	2	0
NPSR1_+_34697917.23-P1P2	1583	3160	4842
NPSR1_-_34697842.23-P1P2	1385	0	0
NPSR1_-_34697876.23-P1P2	0	0	0
NPSR1_-_34698064.23-P1P2	0	0	0
NPY2R_+_156130027.23-P1P2	4768	1607	3
NPY2R_+_156130030.23-P1P2	6868	10	8357
NPY2R_+_156130267.23-P1P2	0	0	0
NPY2R_-_156129798.23-P1P2	2619	2	3
NPY2R_-_156130017.23-P1P2	0	0	0
NQO1_+_69751994.23-P2	0	0	0
NQO1_+_69752002.23-P2	0	0	0
NQO1_+_69752343.23-P2	0	0	0
NQO1_+_69752399.23-P2	0	0	0
NQO1_+_69752413.23-P2	0	0	0
NQO1_+_69760261.23-P1	1546	2	798
NQO1_+_69760444.23-P1	0	0	0
NQO1_+_69760870.23-P1	0	0	0
NQO1_-_69760452.23-P1	1895	3	1703
NQO1_-_69760700.23-P1	1890	7275	1601
NQO2_+_3000154.23-P1P2	1266	1	1551
NQO2_+_3000491.23-P1P2	0	0	0
NQO2_-_3000105.23-P1P2	0	0	0
NQO2_-_3000151.23-P1P2	0	0	0
NQO2_-_3000174.23-P1P2	339	2278	6479
NR1H2_+_50879938.23-P1P2	0	0	0
NR1H2_-_50879724.23-P1P2	0	0	0
NR1H2_-_50879745.23-P1P2	449	0	1
NR1H2_-_50879791.23-P1P2	1442	2042	1870
NR1H2_-_50879837.23-P1P2	0	0	0
NR1H3_+_47270872.23-P2	1667	6	1
NR1H3_+_47270891.23-P2	0	0	0
NR1H3_+_47270902.23-P2	2136	6	5546
NR1H3_+_47279565.23-P1	0	0	0
NR1H3_+_47279581.23-P1	1238	1518	828
NR1H3_+_47279584.23-P1	0	0	0
NR1H3_+_47279647.23-P1	1164	1607	0
NR1H3_-_47270471.23-P2	0	0	0
NR1H3_-_47270499.23-P2	3967	3	2545
NR1H3_-_47279596.23-P1	2711	6157	4
NR1H4_+_100867649.23-P1P2	0	0	0
NR1H4_+_100867652.23-P1P2	2554	3572	3530
NR1H4_+_100867696.23-P1P2	413	2	0
NR1H4_+_100867707.23-P1P2	2451	1	2
NR1H4_-_100868114.23-P1P2	3217	1	2
NR1I2_+_119500946.23-P1P2	0	0	0
NR1I2_+_119501027.23-P1P2	0	0	0
NR1I2_+_119501344.23-P1P2	0	0	0
NR1I2_-_119500931.23-P1P2	0	0	0
NR1I2_-_119501113.23-P1P2	3372	2	1819
NR1I3_+_161207918.23-P1P2	0	0	0
NR1I3_+_161207937.23-P1P2	0	0	0
NR1I3_+_161208007.23-P1P2	0	0	0
NR1I3_-_161207947.23-P1P2	0	0	0
NR1I3_-_161208057.23-P1P2	0	0	0
NR3C2_+_149363300.23-P1P2	1576	4098	1890
NR3C2_+_149363470.23-P1P2	1417	3366	4
NR3C2_+_149363506.23-P1P2	827	7	5883
NR3C2_-_149363071.23-P1P2	7271	2826	4535
NR3C2_-_149363475.23-P1P2	1594	5144	1824
NRBP1_-_27651509.23-P1P2	4709	3	26
NRBP1_-_27651525.23-P1P2	0	0	0
NRBP1_-_27651543.23-P1P2	1227	1	2045
NRBP1_-_27651598.23-P1P2	1182	1	1661
NRBP1_-_27651960.23-P1P2	1497	2433	2498
NRBP2_+_144922760.23-P1P2	0	0	0
NRBP2_+_144922902.23-P1P2	3385	2	3
NRBP2_+_144923092.23-P1P2	4972	1	1
NRBP2_-_144922734.23-P1P2	0	0	0
NRBP2_-_144923112.23-P1P2	1836	3	1746
NRGN_+_124610218.23-P1P2	0	0	0
NRGN_+_124610223.23-P1P2	1734	3	3687
NRGN_-_124610013.23-P1P2	0	0	0
NRGN_-_124610018.23-P1P2	0	0	0
NRGN_-_124610249.23-P1P2	3132	5559	2
NRIP1_+_16437286.23-P1P2	1624	2	1
NRIP1_+_16437289.23-P1P2	3462	8625	2138
NRIP1_+_16437292.23-P1P2	0	0	0
NRIP1_-_16436888.23-P1P2	2285	2110	2888
NRIP1_-_16436902.23-P1P2	1672	2	4745
NRK_+_105066557.23-P1P2	1806	1	1
NRK_+_105066577.23-P1P2	959	7	5420
NRK_+_105066892.23-P1P2	0	0	0
NRK_-_105066529.23-P1P2	2499	1819	4
NRK_-_105066962.23-P1P2	2154	11657	1815
NSDHL_+_151999635.23-P1P2	1215	3	1979
NSDHL_+_151999679.23-P1P2	1468	1	1
NSDHL_+_151999973.23-P1P2	1657	1	1
NSDHL_-_151999595.23-P1P2	0	0	0
NSDHL_-_151999611.23-P1P2	0	0	0
NSF_+_44668460.23-ENST00000398238.4	1337	0	0
NSF_-_44668038.23-ENST00000398238.4	0	0	0
NSF_-_44668057.23-ENST00000398238.4	2152	8554	3
NSF_-_44668285.23-ENST00000398238.4	0	0	0
NSF_-_44668515.23-ENST00000398238.4	0	0	0
NT5C2_+_104952991.23-P1P2	0	0	0
NT5C2_+_104953005.23-P1P2	1545	2955	1349
NT5C2_+_104953030.23-P1P2	182	5245	2
NT5C2_-_104952665.23-P1P2	0	0	0
NT5C2_-_104952994.23-P1P2	2517	1793	3
NT5C_+_73127807.23-P1P2	5676	10576	8
NT5C_-_73127350.23-P1P2	927	10555	3738
NT5C_-_73127430.23-P1P2	1069	1	1361
NT5C_-_73127442.23-P1P2	0	0	0
NT5C_-_73127464.23-P1P2	3107	8	4935
NT5M_+_17206657.23-P1P2	2654	6421	9
NT5M_+_17206695.23-P1P2	2440	3	1
NT5M_+_17206759.23-P1P2	0	0	0
NT5M_+_17207056.23-P1P2	1417	0	3727
NT5M_-_17207108.23-P1P2	0	0	0
NTRK1_+_156830696.23-P1P2	3422	2	3
NTRK1_+_156830848.23-P1P2	0	0	0
NTRK1_+_156831077.23-P1P2	3433	0	2
NTRK1_+_156831139.23-P1P2	0	0	0
NTRK1_-_156830714.23-P1P2	4689	6	2841
NTRK2_+_87284740.23-P1P2	0	0	0
NTRK2_-_87284745.23-P1P2	2466	3149	1977
NTRK2_-_87284924.23-P1P2	5031	1809	4344
NTRK2_-_87285096.23-P1P2	1177	2	2090
NTRK2_-_87285108.23-P1P2	1518	5947	3
NTRK3_+_88799513.23-P1P2	2479	3	1
NTRK3_+_88799925.23-P1P2	6226	16831	1955
NTRK3_+_88799928.23-P1P2	2507	1	1
NTRK3_-_88799682.23-P1P2	3498	4629	2
NTRK3_-_88799744.23-P1P2	1130	6017	2
NTSR2_+_11809888.23-P1P2	2977	8510	5781
NTSR2_+_11810276.23-P1P2	1380	3	0
NTSR2_+_11810280.23-P1P2	3053	5781	2155
NTSR2_+_11810291.23-P1P2	1926	4997	1119
NTSR2_+_11810311.23-P1P2	1980	2877	1664
NUAK1_+_106532511.23-P1P2	1133	4851	1698
NUAK1_-_106532272.23-P1P2	0	0	0
NUAK1_-_106532463.23-P1P2	816	0	1345
NUAK1_-_106532673.23-P1P2	0	0	0
NUAK1_-_106532681.23-P1P2	3815	0	1337
NUAK2_+_205290460.23-P1P2	254	2	0
NUAK2_+_205290502.23-P1P2	2684	6	1553
NUAK2_-_205290787.23-P1P2	2063	1	1879
NUAK2_-_205290797.23-P1P2	4046	4	1211
NUAK2_-_205290848.23-P1P2	5984	5473	5788
NUCKS1_+_205718662.23-P1P2	2341	3	1849
NUCKS1_+_205719241.23-P1P2	0	0	0
NUCKS1_-_205718947.23-P1P2	852	4	5609
NUCKS1_-_205718968.23-P1P2	1054	8409	7
NUCKS1_-_205719091.23-P1P2	1307	0	2244
NUDT9_+_88343954.23-P1P2	0	0	0
NUDT9_+_88344115.23-P1P2	1004	2826	2139
NUDT9_+_88344143.23-P1P2	0	0	0
NUDT9_+_88344169.23-P1P2	1543	0	2
NUDT9_-_88343937.23-P1P2	4737	2	933
OAS1_+_113344981.23-P1P2	2678	3731	1725
OAS1_+_113344992.23-P1P2	0	0	0
OAS1_+_113345251.23-P1P2	646	1	0
OAS1_-_113344811.23-P1P2	1586	0	0
OAS1_-_113345024.23-P1P2	1081	1	1235
OAT_+_126107429.23-P1P2	0	0	0
OAT_-_126106977.23-P1P2	0	0	0
OAT_-_126107009.23-P1P2	0	0	0
OAT_-_126107437.23-P1P2	2459	0	2101
OAT_-_126107465.23-P1P2	3024	6	1776
OAZ2_+_64995355.23-P1P2	2602	10804	3125
OAZ2_+_64995379.23-P1P2	3304	1309	1697
OAZ2_+_64995382.23-P1P2	1344	4603	3473
OAZ2_+_64995389.23-P1P2	0	0	0
OAZ2_-_64995364.23-P1P2	1501	4	1852
OAZ3_+_151735582.23-P2	1972	5285	3392
OAZ3_+_151735606.23-P2	1773	2	1
OAZ3_+_151736018.23-P2	1374	0	1
OAZ3_+_151739231.23-P1	0	0	0
OAZ3_+_151739274.23-P1	0	0	0
OAZ3_+_151739565.23-P1	0	0	0
OAZ3_+_151739571.23-P1	0	0	0
OAZ3_+_151739589.23-P1	0	0	0
OAZ3_-_151735643.23-P2	0	0	0
OAZ3_-_151735963.23-P2	0	0	0
OBSCN_+_228396123.23-P1P2	0	0	0
OBSCN_+_228396139.23-P1P2	3165	1	1
OBSCN_+_228396151.23-P1P2	0	0	0
OBSCN_-_228395757.23-P1P2	1731	1	0
OBSCN_-_228395769.23-P1P2	3120	1	1737
ODC1_+_10588457.23-P1P2	2652	1	5656
ODC1_+_10588469.23-P1P2	0	0	0
ODC1_+_10588474.23-P1P2	0	0	0
ODC1_-_10588033.23-P1P2	0	0	0
ODC1_-_10588446.23-P1P2	594	2929	2581
OGDH_+_44646202.23-P1P2	2945	1475	3
OGDH_+_44646274.23-P1P2	1702	1691	5000
OGDH_+_44646669.23-P1P2	1530	11734	1400
OGDH_-_44646234.23-P1P2	3657	2	4
OGDH_-_44646661.23-P1P2	0	0	0
OGFOD1_+_56485469.23-P1P2	0	0	0
OGFOD1_+_56485972.23-P1P2	0	0	0
OGFOD1_-_56485446.23-P1P2	943	1	1
OGFOD1_-_56485475.23-P1P2	0	0	0
OGFOD1_-_56485479.23-P1P2	0	0	0
OGFOD2_+_123459816.23-P1P2	4627	2	1833
OGFOD2_+_123459830.23-P1P2	4227	2741	5076
OGFOD2_-_123459769.23-P1P2	0	0	0
OGFOD2_-_123459781.23-P1P2	0	0	0
OGFOD2_-_123459788.23-P1P2	1121	1	1903
OPLAH_+_145115186.23-P1P2	1403	2	2288
OPLAH_-_145115130.23-P1P2	0	0	0
OPLAH_-_145115237.23-P1P2	647	0	2
OPLAH_-_145115430.23-P1P2	1189	11828	7
OPLAH_-_145115571.23-P1P2	2783	2294	1404
OPRD1_+_29138931.23-P1P2	0	0	0
OPRD1_+_29139119.23-P1P2	0	0	0
OPRD1_-_29138693.23-P1P2	0	0	0
OPRD1_-_29138705.23-P1P2	1610	5717	5
OPRD1_-_29138771.23-P1P2	4352	3	5
OPRK1_+_54163871.23-P1P2	1306	1	0
OPRK1_+_54164133.23-P1P2	0	0	0
OPRK1_+_54164165.23-P1P2	4832	9884	3147
OPRK1_-_54163744.23-P1P2	733	0	0
OPRK1_-_54163761.23-P1P2	2248	3	3353
OPRL1_+_62711456.23-P2	0	0	0
OPRL1_+_62711508.23-P2	3752	11	3145
OPRL1_+_62723328.23-P1	10399	10932	672
OPRL1_+_62723384.23-P1	2617	4	1960
OPRL1_+_62723396.23-P1	7210	2896	5006
OPRL1_+_62723743.23-P1	0	0	0
OPRL1_-_62711474.23-P2	1382	1	764
OPRL1_-_62711505.23-P2	1517	2	2010
OPRL1_-_62711551.23-P2	2581	10456	648
OPRL1_-_62723358.23-P1	2294	4369	3059
OPRM1_+_154360695.23-P1P2	4916	9	6819
OPRM1_+_154360725.23-P1P2	937	3	1
OPRM1_+_154360759.23-P1P2	0	0	0
OPRM1_-_154360466.23-P1P2	0	0	0
OPRM1_-_154360470.23-P1P2	0	0	0
OTC_+_38211884.23-P1P2	3052	4	2025
OTC_+_38212227.23-P1P2	0	0	0
OTC_-_38211916.23-P1P2	886	0	0
OTC_-_38212236.23-P1P2	0	0	0
OTC_-_38212240.23-P1P2	4494	4902	3584
OXCT1_+_41870453.23-P1P2	0	0	0
OXCT1_+_41870456.23-P1P2	3602	2	1768
OXCT1_-_41870437.23-P1P2	4327	4	5158
OXCT1_-_41870442.23-P1P2	4345	5	1
OXCT1_-_41870469.23-P1P2	1183	5777	5095
OXCT2_+_40236920.23-P1P2	1097	3658	292
OXCT2_+_40236923.23-P1P2	808	4909	2
OXCT2_+_40236946.23-P1P2	1446	2	3491
OXCT2_-_40236821.23-P1P2	6842	15	5372
OXCT2_-_40236932.23-P1P2	441	2	0
OXSR1_+_38207141.23-P1P2	4228	3	1753
OXSR1_+_38207359.23-P1P2	4292	5	4700
OXSR1_+_38207391.23-P1P2	1557	0	2
OXSR1_-_38207118.23-P1P2	0	0	0
OXSR1_-_38207239.23-P1P2	0	0	0
OXTR_+_8810846.23-P1P2	0	0	0
OXTR_+_8811070.23-P1P2	1559	1	2929
OXTR_-_8811226.23-P1P2	4972	3679	1901
OXTR_-_8811257.23-P1P2	1284	7817	1302
OXTR_-_8811262.23-P1P2	0	0	0
OXT_+_3052263.23-P1P2	2522	2445	2466
OXT_+_3052315.23-P1P2	1439	1	1
OXT_+_3052375.23-P1P2	1252	3	997
OXT_-_3052275.23-P1P2	0	0	0
OXT_-_3052304.23-P1P2	8697	4879	4754
P2RY12_+_151102143.23-P1P2	0	0	0
P2RY12_+_151102478.23-P1P2	0	0	0
P2RY12_+_151102525.23-P1P2	0	0	0
P2RY12_+_151102549.23-P1P2	0	0	0
P2RY12_-_151102496.23-P1P2	0	0	0
P2RY2_+_72929373.23-P1P2	3908	3	3448
P2RY2_+_72929718.23-P1P2	3583	1650	2143
P2RY2_-_72929358.23-P1P2	0	0	0
P2RY2_-_72929731.23-P1P2	1279	1742	1505
P2RY2_-_72929757.23-P1P2	0	0	0
P4HA1_+_74856559.23-P1P2	0	0	0
P4HA1_+_74856569.23-P1P2	0	0	0
P4HA1_+_74856572.23-P1P2	0	0	0
P4HA1_-_74856543.23-P1P2	0	0	0
P4HA1_-_74856579.23-P1P2	2192	2263	1540
P4HA2_+_131563481.23-P1P2	934	2209	2311
P4HA2_-_131563166.23-P1P2	4472	1	2
P4HA2_-_131563174.23-P1P2	0	0	0
P4HA2_-_131563299.23-P1P2	2851	2526	1849
P4HA2_-_131563457.23-P1P2	2888	3	2
P4HB_-_79818351.23-P1P2	0	0	0
P4HB_-_79818357.23-P1P2	3422	5535	1206
P4HB_-_79818363.23-P1P2	0	0	0
P4HB_-_79818367.23-P1P2	3240	4616	5580
P4HB_-_79818400.23-P1P2	1184	1	0
P4HTM_+_49027397.23-P1P2	0	0	0
P4HTM_+_49028008.23-P1P2	483	1	1
P4HTM_+_49028162.23-P1P2	0	0	0
P4HTM_-_49027718.23-P1P2	0	0	0
P4HTM_-_49027734.23-P1P2	1154	1	1
PACSIN1_+_34433900.23-P1	1509	2792	0
PACSIN1_+_34434040.23-P1	704	3	4689
PACSIN1_+_34482690.23-P2	1375	0	1
PACSIN1_+_34482830.23-P2	1051	3468	1778
PACSIN1_+_34483075.23-P2	795	0	1844
PACSIN1_+_34483083.23-P2	0	0	0
PACSIN1_-_34433926.23-P1	0	0	0
PACSIN1_-_34433929.23-P1	0	0	0
PACSIN1_-_34433932.23-P1	2771	8262	7
PACSIN1_-_34482698.23-P2	0	0	0
PACSIN2_+_43411093.23-P1P2	2641	2609	1433
PACSIN2_+_43411099.23-P1P2	1251	0	3679
PACSIN2_+_43411127.23-P1P2	3203	2149	1716
PACSIN2_-_43410906.23-P1P2	3945	4	1730
PACSIN2_-_43411063.23-P1P2	0	0	0
PACSIN3_+_47207214.23-P1P2	2809	2	3
PACSIN3_+_47207948.23-P1P2	2247	1	1
PACSIN3_-_47207369.23-P1P2	1905	5396	1991
PACSIN3_-_47207543.23-P1P2	1254	3	0
PACSIN3_-_47207924.23-P1P2	2501	0	1
PADI1_+_17531653.23-P1P2	1291	7	4355
PADI1_+_17532030.23-P1P2	0	0	0
PADI1_+_17532049.23-P1P2	0	0	0
PADI1_-_17531689.23-P1P2	0	0	0
PADI1_-_17531692.23-P1P2	1110	2052	2106
PADI2_+_17445874.23-P1P2	0	0	0
PADI2_-_17445505.23-P1P2	0	0	0
PADI2_-_17445521.23-P1P2	0	0	0
PADI2_-_17445679.23-P1P2	0	0	0
PADI2_-_17445902.23-P1P2	0	0	0
PADI3_+_17575671.23-P1P2	3437	5650	3118
PADI3_+_17575769.23-P1P2	0	0	0
PADI3_-_17575589.23-P1P2	2459	1	1
PADI3_-_17575973.23-P1P2	0	0	0
PADI3_-_17576004.23-P1P2	3849	1	0
PADI4_+_17634710.23-P1P2	1633	2	5822
PADI4_+_17634745.23-P1P2	0	0	0
PADI4_-_17634720.23-P1P2	2451	3201	3
PADI4_-_17634727.23-P1P2	2981	5123	1685
PADI4_-_17635159.23-P1P2	2324	1	1904
PADI6_+_17698733.23-P1P2	1070	7870	2112
PADI6_+_17699050.23-P1P2	362	0	1
PADI6_+_17699095.23-P1P2	0	0	0
PADI6_+_17699105.23-P1P2	0	0	0
PADI6_-_17698752.23-P1P2	1343	1	1
PAEP_+_138453607.23-P1P2	0	0	0
PAEP_+_138453678.23-P1P2	0	0	0
PAEP_+_138454049.23-P1P2	1737	1	1
PAEP_+_138454054.23-P1P2	307	0	1
PAEP_-_138453613.23-P1P2	4797	5	4
PAH_+_103310646.23-P1P2	4729	3	2
PAH_-_103310935.23-P1P2	0	0	0
PAH_-_103310962.23-P1P2	1724	1	1
PAH_-_103310982.23-P1P2	2571	3852	3857
PAH_-_103311030.23-P1P2	2619	2	0
PAICS_+_57302308.23-P1P2	0	0	0
PAICS_+_57302798.23-P1P2	0	0	0
PAICS_+_57302814.23-P1P2	3145	0	0
PAICS_-_57302494.23-P1P2	1570	2523	3413
PAICS_-_57302506.23-P1P2	1259	11	6797
PAK1_+_77184442.23-ENST00000356341.3	2312	2	745
PAK1_-_77184580.23-ENST00000356341.3	0	0	0
PAK1_-_77184783.23-ENST00000356341.3	1059	5713	1478
PAK1_-_77184851.23-ENST00000356341.3	1537	2774	1
PAK1_-_77184913.23-ENST00000356341.3	2828	10208	5777
PAK2_+_196466826.23-P1P2	1244	7768	11
PAK2_+_196466830.23-P1P2	8358	5	3472
PAK2_+_196466852.23-P1P2	0	0	0
PAK2_+_196466855.23-P1P2	7587	4	2
PAK2_+_196467081.23-P1P2	1648	7	2201
PAK3_+_110339446.23-P1P2	0	0	0
PAK3_+_110339764.23-P1P2	1144	0	1
PAK3_+_110339770.23-P1P2	0	0	0
PAK3_-_110339388.23-P1P2	829	2	2037
PAK3_-_110339425.23-P1P2	0	0	0
PAK4_+_39616866.23-P1P2	0	0	0
PAK4_-_39616450.23-P1P2	0	0	0
PAK4_-_39616453.23-P1P2	0	0	0
PAK4_-_39616471.23-P1P2	3099	2411	3
PAK4_-_39616832.23-P1P2	0	0	0
PAK6_+_40531331.23-P2	0	0	0
PAK6_+_40544850.23-P1	1458	1	4
PAK6_+_40544857.23-P1	1141	2108	2
PAK6_+_40544886.23-P1	2491	8866	2928
PAK6_+_40544908.23-P1	4305	1855	7172
PAK6_+_40545236.23-P1	0	0	0
PAK6_-_40531314.23-P2	2698	2	1715
PAK6_-_40531346.23-P2	1099	0	902
PAK6_-_40531479.23-P2	3182	5581	3
PAK6_-_40531485.23-P2	1061	2	1391
PAK7_+_9819404.23-P1P2	0	0	0
PAK7_+_9819484.23-P1P2	0	0	0
PAK7_-_9819106.23-P1P2	0	0	0
PAK7_-_9819498.23-P1P2	1721	6223	4
PAK7_-_9819510.23-P1P2	0	0	0
PAM_+_102201561.23-ENST00000304400.7	0	0	0
PAM_+_102201571.23-ENST00000304400.7	1321	0	1
PAM_+_102201705.23-ENST00000304400.7	4138	1	2284
PAM_+_102201705.23-ENST00000438793.3	4138	1	2284
PAM_+_102201913.23-ENST00000304400.7	2904	1	1862
PAM_-_102201259.23-ENST00000438793.3	0	0	0
PAM_-_102201299.23-ENST00000438793.3	0	0	0
PAM_-_102201336.23-ENST00000438793.3	0	0	0
PAM_-_102201645.23-ENST00000438793.3	2558	3	2
PAM_-_102201810.23-ENST00000304400.7	0	0	0
PANK1_+_91403234.23-P2	927	1	0
PANK1_+_91403603.23-P2	0	0	0
PANK1_+_91403653.23-P2	0	0	0
PANK1_+_91403677.23-P2	0	0	0
PANK1_+_91404945.23-P1	0	0	0
PANK1_+_91404988.23-P1	1490	2	2017
PANK1_+_91404991.23-P1	1852	2	2837
PANK1_-_91403656.23-P2	1271	2	0
PANK1_-_91404521.23-P1	0	0	0
PANK1_-_91404979.23-P1	0	0	0
PANK2_+_3870450.23-P1P2	0	0	0
PANK2_+_3870453.23-P1P2	3820	2	1348
PANK2_-_3870084.23-P1P2	0	0	0
PANK2_-_3870120.23-P1P2	0	0	0
PANK2_-_3870502.23-P1P2	4137	3951	1606
PANK3_+_168006315.23-P1P2	0	0	0
PANK3_+_168006318.23-P1P2	3192	1345	3
PANK3_-_168006328.23-P1P2	2651	9286	3
PANK3_-_168006355.23-P1P2	5358	2	2162
PANK3_-_168006361.23-P1P2	0	0	0
PANK4_+_2457612.23-P1P2	1422	1	0
PANK4_+_2457615.23-P1P2	1357	1	3378
PANK4_+_2457809.23-P1P2	0	0	0
PANK4_-_2457646.23-P1P2	1133	0	2089
PANK4_-_2457959.23-P1P2	0	0	0
PANX1_+_93862442.23-P1P2	0	0	0
PANX1_+_93862451.23-P1P2	2859	2	2
PANX1_-_93862074.23-P1P2	2597	4	3
PANX1_-_93862077.23-P1P2	746	2930	1640
PANX1_-_93862343.23-P1P2	1553	2871	2240
PAPOLA_+_96969141.23-P1P2	0	0	0
PAPOLA_-_96968732.23-P1P2	99	0	1365
PAPOLA_-_96968755.23-P1P2	2337	7	1782
PAPOLA_-_96968764.23-P1P2	0	0	0
PAPOLA_-_96968788.23-P1P2	0	0	0
PAPSS1_+_108640926.23-P1P2	542	2130	7274
PAPSS1_+_108641032.23-P1P2	1464	0	2107
PAPSS1_+_108641321.23-P1P2	0	0	0
PAPSS1_+_108641357.23-P1P2	6120	7	3987
PAPSS1_-_108641393.23-P1P2	0	0	0
PARK7_+_8021784.23-P1P2	4638	2592	2631
PARK7_+_8021999.23-P1P2	2787	4679	1493
PARK7_+_8022079.23-P1P2	2094	3	1978
PARK7_+_8022187.23-P1P2	0	0	0
PARK7_-_8021812.23-P1P2	0	0	0
PARP15_+_122296686.23-P1P2	0	0	0
PARP15_-_122296481.23-P1P2	3775	2785	3806
PARP15_-_122296517.23-P1P2	1209	2	4
PARP15_-_122296661.23-P1P2	3210	2314	3338
PARP15_-_122296715.23-P1P2	1545	3003	7377
PARS2_+_55229784.23-P1P2	0	0	0
PARS2_+_55230118.23-P1P2	0	0	0
PARS2_+_55230144.23-P1P2	0	0	0
PARS2_+_55230150.23-P1P2	0	0	0
PARS2_-_55230112.23-P1P2	2768	4133	3726
PASK_+_242088878.23-P1P2	2709	1	1255
PASK_-_242088573.23-P1P2	2721	1	1495
PASK_-_242088837.23-P1P2	0	0	0
PASK_-_242088843.23-P1P2	1541	0	1
PASK_-_242088870.23-P1P2	1833	2	1
PBK_+_27695273.23-P1P2	2394	3	2
PBK_+_27695282.23-P1P2	0	0	0
PBK_+_27695305.23-P1P2	1573	0	2
PBK_-_27694848.23-P1P2	1357	1	2228
PBK_-_27694931.23-P1P2	1117	0	0
PCBD1_+_72647971.23-P1P2	2155	1	1
PCBD1_+_72648274.23-P1P2	1181	1	1472
PCBD1_-_72647950.23-P1P2	2596	5	4372
PCBD1_-_72647964.23-P1P2	0	0	0
PCBD1_-_72648323.23-P1P2	2927	6241	732
PCCB_+_135975133.23-P2	4416	2	0
PCCB_+_135975190.23-P2	1080	0	2
PCCB_-_135969197.23-P1	2816	7	5802
PCCB_-_135969220.23-P1	1173	2	2600
PCCB_-_135969223.23-P1	0	0	0
PCCB_-_135969238.23-P1	0	0	0
PCCB_-_135969241.23-P1	3075	1	4
PCCB_-_135974715.23-P2	1734	6367	3877
PCCB_-_135974925.23-P2	0	0	0
PCCB_-_135975138.23-P2	2739	8102	1568
PCK1_+_56136219.23-P1P2	0	0	0
PCK1_-_56136181.23-P1P2	1125	697	3343
PCK1_-_56136542.23-P1P2	1315	3	5360
PCK1_-_56136617.23-P1P2	6142	2030	1464
PCK1_-_56136670.23-P1P2	861	6351	1
PCMT1_+_150071253.23-P1P2	0	0	0
PCMT1_-_150070885.23-P1P2	0	0	0
PCMT1_-_150070924.23-P1P2	2083	1	1692
PCMT1_-_150070953.23-P1P2	1353	5	2
PCMT1_-_150071298.23-P1P2	3042	4	1
PCSK1_+_95768830.23-P1P2	0	0	0
PCSK1_+_95768834.23-P1P2	3919	3	3
PCSK1_-_95768486.23-P1P2	0	0	0
PCSK1_-_95768732.23-P1P2	0	0	0
PCSK1_-_95768888.23-P1P2	0	0	0
PCSK2_+_17207675.23-P1P2	1442	2	5816
PCSK2_+_17207711.23-P1P2	420	2	2980
PCSK2_+_17207884.23-P1P2	0	0	0
PCSK2_+_17208090.23-P1P2	0	0	0
PCSK2_-_17208074.23-P1P2	0	0	0
PCTP_+_53828474.23-P1P2	0	0	0
PCTP_+_53828832.23-P1P2	5060	4807	3299
PCTP_-_53828491.23-P1P2	4166	1707	1771
PCTP_-_53828494.23-P1P2	1410	3	1
PCTP_-_53828576.23-P1P2	0	0	0
PCYT1A_+_196014484.23-P1P2	595	3837	1
PCYT1A_-_196014551.23-P1P2	3213	1258	3140
PCYT1A_-_196014561.23-P1P2	0	0	0
PCYT1A_-_196015078.23-P1P2	3049	1	0
PCYT1A_-_196015117.23-P1P2	1539	2411	4480
PCYT1B_+_24665088.23-P1P2	983	0	1
PCYT1B_+_24665251.23-P1P2	1499	10495	6
PCYT1B_-_24664979.23-P1P2	0	0	0
PCYT1B_-_24664982.23-P1P2	1402	3	2046
PCYT1B_-_24665218.23-P1P2	0	0	0
PDC_+_186429806.23-P1P2	0	0	0
PDC_+_186430206.23-P1P2	2637	1	1
PDC_+_186430235.23-P1P2	0	0	0
PDC_-_186430196.23-P1P2	1217	0	1977
PDC_-_186430226.23-P1P2	0	0	0
PDE10A_+_166075550.23-P1P2	3612	2767	2
PDE10A_+_166076033.23-P1P2	3175	5364	1714
PDE10A_-_166075991.23-P1P2	0	0	0
PDE10A_-_166076003.23-P1P2	2666	2682	3
PDE10A_-_166076012.23-P1P2	752	4659	2528
PDE11A_+_178937050.23-P1P2	1374	2	1490
PDE11A_+_178937216.23-P1P2	1070	3	1
PDE11A_+_178937442.23-P1P2	0	0	0
PDE11A_+_178937459.23-P1P2	1491	3	984
PDE11A_-_178937468.23-P1P2	0	0	0
PDE1B_+_54943625.23-P1	1873	6132	2
PDE1B_+_54955298.23-P2	3373	2	2
PDE1B_+_54955706.23-P2	1327	3	0
PDE1B_+_54955725.23-P2	0	0	0
PDE1B_-_54943445.23-P1	4499	1	1962
PDE1B_-_54943459.23-P1	0	0	0
PDE1B_-_54943464.23-P1	5015	4	1772
PDE1B_-_54943795.23-P1	1193	0	0
PDE1B_-_54955290.23-P2	0	0	0
PDE1B_-_54955310.23-P2	0	0	0
PDE3A_+_20522634.23-P1P2	0	0	0
PDE3A_+_20522685.23-P1P2	2471	5289	4473
PDE3A_+_20522689.23-P1P2	2888	4654	1729
PDE3A_+_20523098.23-P1P2	1252	1	0
PDE3A_+_20523107.23-P1P2	3986	2	3350
PDE3B_+_14665450.23-P1P2	469	3	3575
PDE3B_-_14665360.23-P1P2	1162	1	0
PDE3B_-_14665370.23-P1P2	2981	1	0
PDE3B_-_14665376.23-P1P2	0	0	0
PDE3B_-_14665379.23-P1P2	728	0	1
PDE4B_+_66458383.23-ENST00000423207.2	0	0	0
PDE4B_+_66458395.23-ENST00000423207.2	1624	2	2
PDE4B_-_66458125.23-ENST00000423207.2	0	0	0
PDE4B_-_66458348.23-ENST00000423207.2	426	9412	1431
PDE4B_-_66458359.23-ENST00000423207.2	0	0	0
PDE4C_+_18337023.23-P2	1093	2	1458
PDE4C_+_18365781.23-P1	0	0	0
PDE4C_+_18365981.23-P1	0	0	0
PDE4C_+_18366113.23-P1	0	0	0
PDE4C_-_18336912.23-P2	0	0	0
PDE4C_-_18336953.23-P2	0	0	0
PDE4C_-_18337181.23-P2	5286	10601	5
PDE4C_-_18337243.23-P2	1768	2541	6
PDE4C_-_18365780.23-P1	2771	5570	3267
PDE4C_-_18366154.23-P1	3082	3	3
PDE6G_+_79623156.23-P1P2	1571	3	3726
PDE6G_+_79623213.23-P1P2	2488	4	1698
PDE6G_-_79623329.23-P1P2	0	0	0
PDE6G_-_79623478.23-P1P2	1194	0	1752
PDE6G_-_79623545.23-P1P2	1271	0	0
PDE6H_+_15126187.23-P1P2	1425	0	0
PDE6H_+_15126280.23-P1P2	0	0	0
PDE6H_+_15126392.23-P1P2	0	0	0
PDE6H_+_15126406.23-P1P2	2484	2386	1657
PDE6H_-_15126469.23-P1P2	0	0	0
PDE7A_+_66754050.23-P1P2	3120	5849	1474
PDE7A_+_66754223.23-P1P2	1668	0	1696
PDE7A_+_66754248.23-P1P2	1045	1	1461
PDE7A_+_66754256.23-P1P2	1296	0	2752
PDE7A_+_66754271.23-P1P2	3378	4	3269
PDE7B_+_136172909.23-P1P2	0	0	0
PDE7B_+_136173031.23-P1P2	0	0	0
PDE7B_+_136173426.23-P1P2	0	0	0
PDE7B_-_136173437.23-P1P2	0	0	0
PDE7B_-_136173440.23-P1P2	0	0	0
PDE8A_+_85523698.23-P2	0	0	0
PDE8A_+_85525133.23-P1	0	0	0
PDE8A_+_85525465.23-P1	1022	0	1
PDE8A_-_85523733.23-P2	1178	5405	2
PDE8A_-_85523738.23-P2	783	2	1908
PDE8A_-_85523756.23-P2	6141	1	3
PDE8A_-_85524138.23-P2	0	0	0
PDE8A_-_85525116.23-P1	614	3	3497
PDE8A_-_85525119.23-P1	0	0	0
PDE8A_-_85525144.23-P1	0	0	0
PDE8B_+_76506167.23-P1P2	4506	4	6
PDE8B_+_76506517.23-P1P2	3862	3779	5083
PDE8B_+_76506875.23-P1P2	2343	2	5
PDE8B_-_76506559.23-P1P2	0	0	0
PDE8B_-_76506581.23-P1P2	0	0	0
PDE9A_+_44073765.23-P1P2	2327	3823	2117
PDE9A_+_44074099.23-P1P2	3535	0	1731
PDE9A_-_44073738.23-P1P2	4237	2	1872
PDE9A_-_44073934.23-P1P2	1272	1	0
PDE9A_-_44074130.23-P1P2	0	0	0
PDF_+_69364456.23-P1P2	752	2011	4962
PDF_-_69363984.23-P1P2	1561	0	1
PDF_-_69364269.23-P1P2	1526	0	0
PDF_-_69364402.23-P1P2	2511	9	4842
PDF_-_69364439.23-P1P2	1297	0	1420
PDGFRA_+_55095456.23-ENST00000257290.5	0	0	0
PDGFRA_+_55095855.23-ENST00000257290.5	0	0	0
PDGFRA_-_55095588.23-ENST00000257290.5	715	8015	183
PDGFRA_-_55095767.23-ENST00000257290.5	1592	2	1757
PDGFRA_-_55095795.23-ENST00000257290.5	0	0	0
PDGFRB_+_149535029.23-P1P2	0	0	0
PDGFRB_+_149535375.23-P1P2	0	0	0
PDGFRB_-_149535078.23-P1P2	0	0	0
PDGFRB_-_149535385.23-P1P2	655	0	0
PDGFRB_-_149535388.23-P1P2	0	0	0
PDHA1_+_19362076.23-P1P2	0	0	0
PDHA1_+_19362098.23-P1P2	0	0	0
PDHA1_+_19362209.23-P1P2	2266	1	1
PDHA1_-_19362083.23-P1P2	0	0	0
PDHA1_-_19362094.23-P1P2	0	0	0
PDHA2_+_96761276.23-P1P2	2926	0	3
PDHA2_+_96761311.23-P1P2	0	0	0
PDHA2_+_96761687.23-P1P2	2629	0	0
PDHA2_-_96761722.23-P1P2	0	0	0
PDHA2_-_96761725.23-P1P2	0	0	0
PDHB_+_58419178.23-P1P2	1981	2	0
PDHB_+_58419323.23-P1P2	0	0	0
PDHB_+_58419509.23-P1P2	1839	2135	1
PDHB_+_58419529.23-P1P2	0	0	0
PDHB_-_58419313.23-P1P2	1204	1	0
PDIK1L_+_26438347.23-P1P2	0	0	0
PDIK1L_-_26438328.23-P1P2	1373	1	1806
PDIK1L_-_26438357.23-P1P2	0	0	0
PDIK1L_-_26438360.23-P1P2	0	0	0
PDIK1L_-_26438381.23-P1P2	0	0	0
PDK1_+_173421211.23-P1P2	0	0	0
PDK1_+_173421230.23-P1P2	2169	0	3169
PDK1_-_173420828.23-P1P2	1691	4	5200
PDK1_-_173421270.23-P1P2	0	0	0
PDK1_-_173421274.23-P1P2	2160	2338	3
PDK2_+_48172791.23-P1P2	1247	3	2614
PDK2_+_48173134.23-P1P2	1271	2	827
PDK2_-_48172712.23-P1P2	0	0	0
PDK2_-_48172744.23-P1P2	1296	9530	6655
PDK2_-_48173164.23-P1P2	1080	1	0
PDK3_+_24483492.23-P1P2	0	0	0
PDK3_+_24483732.23-P1P2	0	0	0
PDK3_+_24483735.23-P1P2	2262	2	0
PDK3_-_24483392.23-P1P2	7449	6	1787
PDK3_-_24483395.23-P1P2	1551	7221	1948
PDK4_+_95225535.23-P1P2	1185	2274	1127
PDK4_+_95225558.23-P1P2	1443	6	5505
PDK4_+_95225598.23-P1P2	2126	0	1823
PDK4_-_95225897.23-P1P2	0	0	0
PDK4_-_95225906.23-P1P2	763	0	2273
PDLIM5_+_95373101.23-P1P2	4093	3949	3
PDLIM5_+_95373172.23-P1P2	0	0	0
PDLIM5_+_95373497.23-P1P2	0	0	0
PDLIM5_-_95373153.23-P1P2	943	6264	1878
PDLIM5_-_95373156.23-P1P2	1079	5251	2015
PDP1_+_94929358.23-P1P2	0	0	0
PDP1_+_94929648.23-P1P2	1223	7	2951
PDP1_-_94929250.23-P1P2	0	0	0
PDP1_-_94929614.23-P1P2	0	0	0
PDP1_-_94929617.23-P1P2	0	0	0
PDP2_+_66914472.23-P1P2	0	0	0
PDP2_+_66914808.23-P1P2	0	0	0
PDP2_+_66914838.23-P1P2	1847	2	1
PDP2_-_66914442.23-P1P2	2619	0	1
PDP2_-_66914511.23-P1P2	1931	4	3335
PDPK1_+_2588033.23-P1P2	1410	3	1986
PDPK1_+_2588099.23-P1P2	181	4921	1689
PDPK1_-_2588030.23-P1P2	1830	2	0
PDPK1_-_2588046.23-P1P2	0	0	0
PDPK1_-_2588084.23-P1P2	1147	2	1381
PDPR_+_70148140.23-P1P2	2434	3263	3340
PDPR_+_70148257.23-P1P2	4179	3	2030
PDPR_+_70148512.23-P1P2	0	0	0
PDPR_+_70148646.23-P1P2	0	0	0
PDPR_+_70148649.23-P1P2	2943	2	3
PDXDC1_+_15068850.23-P1P2	0	0	0
PDXDC1_+_15068853.23-P1P2	2154	3	2534
PDXDC1_-_15068867.23-P1P2	3318	2752	1912
PDXDC1_-_15069212.23-P1P2	2472	7042	2
PDXDC1_-_15069319.23-P1P2	0	0	0
PDXK_+_45138997.23-P1P2	750	2	2763
PDXK_+_45139322.23-P1P2	0	0	0
PDXK_+_45139466.23-P1P2	0	0	0
PDXK_-_45139017.23-P1P2	0	0	0
PDXK_-_45139534.23-P1P2	0	0	0
PDXP_+_38054777.23-P1P2	4461	5679	5712
PDXP_+_38054984.23-P1P2	2039	0	1
PDXP_-_38054806.23-P1P2	2256	3	3547
PDXP_-_38054814.23-P1P2	665	5347	7040
PDXP_-_38055132.23-P1P2	761	2110	1234
PEAK1_+_77712031.23-P1P2	0	0	0
PEAK1_+_77712040.23-P1P2	0	0	0
PEAK1_+_77712044.23-P1P2	0	0	0
PEAK1_+_77712398.23-P1P2	793	0	0
PEAK1_+_77712420.23-P1P2	0	0	0
PECR_+_216946095.23-P1P2	4028	2	1
PECR_+_216946220.23-P1P2	0	0	0
PECR_+_216946291.23-P1P2	0	0	0
PECR_-_216946476.23-P1P2	0	0	0
PECR_-_216946526.23-P1P2	0	0	0
PFAS_+_8152638.23-P1P2	997	2	1
PFAS_+_8152653.23-P1P2	0	0	0
PFAS_+_8152681.23-P1P2	0	0	0
PFAS_+_8152719.23-P1P2	2063	1	2
PFAS_-_8152679.23-P1P2	0	0	0
PFKFB1_+_55020305.23-P1P2	0	0	0
PFKFB1_+_55024833.23-P1P2	642	2	1801
PFKFB1_-_55020408.23-P1P2	342	1	3470
PFKFB1_-_55024789.23-P1P2	1522	2	1
PFKFB1_-_55024929.23-P1P2	605	1	0
PFKFB2_+_207226602.23-P1P2	1393	1538	16
PFKFB2_-_207226640.23-P1P2	1059	5649	1419
PFKFB2_-_207226662.23-P1P2	6239	2826	4
PFKFB2_-_207226698.23-P1P2	0	0	0
PFKFB2_-_207226710.23-P1P2	1592	0	0
PFKFB3_+_6244956.23-P1P2	599	0	0
PFKFB3_+_6244965.23-P1P2	777	0	0
PFKFB3_+_6245137.23-P1P2	3240	10	8379
PFKFB3_-_6244912.23-P1P2	1239	0	0
PFKFB3_-_6245363.23-P1P2	1680	2	1725
PFKFB4_+_48594194.23-P1P2	6124	2271	2925
PFKFB4_+_48594217.23-P1P2	2485	1	1
PFKFB4_-_48593798.23-P1P2	0	0	0
PFKFB4_-_48594158.23-P1P2	2280	2481	1246
PFKFB4_-_48594179.23-P1P2	0	0	0
PFKL_+_45719969.23-P1	1240	1165	1602
PFKL_+_45719980.23-P1	736	2	1358
PFKL_+_45719983.23-P1	7306	8	3499
PFKL_+_45720318.23-P1	0	0	0
PFKL_+_45725117.23-P2	0	0	0
PFKL_+_45725515.23-P2	194	4604	2026
PFKL_+_45725534.23-P2	2474	1	1
PFKL_-_45720376.23-P1	0	0	0
PFKL_-_45725083.23-P2	0	0	0
PFKL_-_45725095.23-P2	0	0	0
PFKM_+_48513457.23-P1	832	4	0
PFKM_+_48513520.23-P1	1540	3086	3
PFKM_+_48516450.23-P2	0	0	0
PFKM_+_48516470.23-P2	0	0	0
PFKM_+_48516482.23-P2	0	0	0
PFKM_-_48513168.23-P1	3881	2	4
PFKM_-_48513189.23-P1	662	0	1
PFKM_-_48513356.23-P1	3731	4762	3504
PFKM_-_48516460.23-P2	0	0	0
PFKM_-_48516647.23-P2	3211	0	1
PFKP_+_3109737.23-P1P2	0	0	0
PFKP_+_3109755.23-P1P2	968	2	0
PFKP_-_3109728.23-P1P2	1030	3989	3022
PFKP_-_3109818.23-P1P2	3243	4	1
PFKP_-_3110102.23-P1P2	4379	5380	43
PFN1_+_4851416.23-P1P2	1410	3260	4108
PFN1_+_4851797.23-P1P2	2849	4734	1625
PFN1_+_4851806.23-P1P2	2040	2	1611
PFN1_-_4851389.23-P1P2	1424	1	0
PFN1_-_4851398.23-P1P2	0	0	0
PFN2_+_149688497.23-P1P2	0	0	0
PFN2_+_149688635.23-P1P2	6862	1302	5017
PFN2_+_149688639.23-P1P2	1526	3	3505
PFN2_+_149688650.23-P1P2	4772	16837	1410
PFN2_-_149688267.23-P1P2	1363	1	0
PGA3_+_60970994.23-P1P2	1913	2	0
PGA3_+_60971009.23-P1P2	0	0	0
PGA3_+_60971178.23-P1P2	3438	2	1862
PGA3_-_60971044.23-P1P2	0	0	0
PGA3_-_60971460.23-P1P2	0	0	0
PGAM2_+_44105142.23-P1P2	0	0	0
PGAM2_-_44104758.23-P1P2	2584	5	1
PGAM2_-_44105113.23-P1P2	830	0	1
PGAM2_-_44105116.23-P1P2	1203	5637	1692
PGAM2_-_44105123.23-P1P2	812	1	0
PGD_+_10459120.23-P1P2	1161	1	0
PGD_+_10459169.23-P1P2	1410	7	1
PGD_+_10459517.23-P1P2	2953	7413	5943
PGD_-_10459200.23-P1P2	581	1	1
PGD_-_10459558.23-P1P2	5729	2679	4625
PGGT1B_+_114598325.23-P1P2	804	0	0
PGGT1B_+_114598476.23-P1P2	0	0	0
PGGT1B_+_114598567.23-P1P2	0	0	0
PGGT1B_-_114598133.23-P1P2	0	0	0
PGGT1B_-_114598174.23-P1P2	0	0	0
PGK1_+_77359734.23-P1P2	72	2804	3
PGK1_+_77359747.23-P1P2	1099	0	1
PGK1_+_77359761.23-P1P2	0	0	0
PGK1_+_77359789.23-P1P2	0	0	0
PGK1_-_77359779.23-P1P2	0	0	0
PGK2_+_49754950.23-P1P2	3520	7	5317
PGK2_+_49754993.23-P1P2	734	5195	2776
PGK2_+_49755022.23-P1P2	0	0	0
PGK2_-_49754563.23-P1P2	2777	2	0
PGK2_-_49754968.23-P1P2	0	0	0
PGLYRP3_+_153283136.23-ENST00000290722.1	0	0	0
PGLYRP3_-_153282723.23-ENST00000290722.1	0	0	0
PGLYRP3_-_153282773.23-ENST00000290722.1	0	0	0
PGLYRP3_-_153283115.23-ENST00000290722.1	0	0	0
PGLYRP3_-_153283176.23-ENST00000290722.1	2933	2543	2
PHGDH_+_120254555.23-P1P2	1373	3	1925
PHGDH_+_120255020.23-P1P2	0	0	0
PHGDH_-_120254620.23-P1P2	0	0	0
PHGDH_-_120254704.23-P1P2	3590	1	1
PHGDH_-_120254967.23-P1P2	0	0	0
PHKA1_+_71933897.23-P1P2	0	0	0
PHKA1_+_71934119.23-P1P2	0	0	0
PHKA1_+_71934125.23-P1P2	2955	3	208
PHKA1_-_71933583.23-P1P2	0	0	0
PHKA1_-_71934135.23-P1P2	2445	1	0
PHKA2_+_19002149.23-P1P2	1241	2	2
PHKA2_+_19002235.23-P1P2	2596	4247	4265
PHKA2_+_19002457.23-P1P2	1303	624	850
PHKA2_-_19001909.23-P1P2	0	0	0
PHKA2_-_19002158.23-P1P2	0	0	0
PHKB_-_47495264.23-P1P2	2793	3	2274
PHKB_-_47495299.23-P1P2	1511	2	1520
PHKB_-_47495303.23-P1P2	0	0	0
PHKB_-_47495588.23-P1P2	0	0	0
PHKB_-_47495651.23-P1P2	4012	2	1
PHKG1_+_56160396.23-P1P2	0	0	0
PHKG1_+_56160577.23-P1P2	0	0	0
PHKG1_+_56160610.23-P1P2	2709	2	2176
PHKG1_-_56160585.23-P1P2	0	0	0
PHKG1_-_56160590.23-P1P2	1042	2901	2007
PHKG2_+_30759805.23-P1P2	0	0	0
PHKG2_+_30760130.23-P1P2	1642	0	3
PHKG2_+_30760174.23-P1P2	0	0	0
PHKG2_-_30759762.23-P1P2	0	0	0
PHKG2_-_30760262.23-P1P2	0	0	0
PHOSPHO1_+_47307801.23-P1P2	594	1	2
PHOSPHO1_+_47308056.23-P1P2	0	0	0
PHOSPHO1_-_47307692.23-P1P2	1483	1	1955
PHOSPHO1_-_47307835.23-P1P2	1738	4	1928
PHOSPHO1_-_47307951.23-P1P2	0	0	0
PHOSPHO2_+_170551289.23-P1P2	6601	2430	2013
PHOSPHO2_+_170551384.23-P1P2	1450	0	2
PHOSPHO2_-_170550970.23-P1P2	0	0	0
PHOSPHO2_-_170550973.23-P1P2	1712	2	1644
PHOSPHO2_-_170551007.23-P1P2	1204	1	2
PHPT1_+_139744197.23-P1P2	1598	0	3
PHPT1_+_139744291.23-P1P2	0	0	0
PHPT1_-_139743934.23-P1P2	0	0	0
PHPT1_-_139744072.23-P1P2	4435	9567	4
PHPT1_-_139744240.23-P1P2	0	0	0
PHYH_+_13341614.23-P1P2	1621	1	2
PHYH_+_13342081.23-P1P2	2328	3	0
PHYH_-_13342019.23-P1P2	3381	5	0
PHYH_-_13342022.23-P1P2	0	0	0
PHYH_-_13342043.23-P1P2	2294	2	1508
PI4K2A_+_99344086.23-P1P2	3927	11240	1753
PI4K2A_+_99344293.23-P1P2	1407	0	1
PI4K2A_-_99344137.23-P1P2	2643	1	2
PI4K2A_-_99344156.23-P1P2	2453	0	3
PI4K2A_-_99344347.23-P1P2	355	6	5498
PI4K2B_+_25235662.23-P1P2	1364	3310	3225
PI4K2B_+_25235692.23-P1P2	4303	4002	3101
PI4K2B_+_25235804.23-P1P2	977	1918	1862
PI4K2B_-_25235680.23-P1P2	1232	3023	1928
PI4K2B_-_25235696.23-P1P2	1020	1	2
PI4KA_+_21212657.23-P1P2	0	0	0
PI4KA_+_21212689.23-P1P2	1044	2	1
PI4KA_+_21212709.23-P1P2	2482	1	0
PI4KA_+_21213006.23-P1P2	0	0	0
PI4KA_+_21213067.23-P1P2	0	0	0
PI4KB_-_151299634.23-P1P2	1391	6	0
PI4KB_-_151299661.23-P1P2	872	5305	1324
PI4KB_-_151299684.23-P1P2	848	1	1
PI4KB_-_151299754.23-P1P2	0	0	0
PI4KB_-_151299873.23-P1P2	0	0	0
PICK1_+_38453768.23-P1P2	0	0	0
PICK1_-_38453443.23-P1P2	1586	0	1301
PICK1_-_38453447.23-P1P2	1144	0	1534
PICK1_-_38453509.23-P1P2	0	0	0
PICK1_-_38453539.23-P1P2	0	0	0
PIGA_+_15353234.23-P1P2	1536	0	2
PIGA_+_15353621.23-P1P2	0	0	0
PIGA_+_15353640.23-P1P2	1360	0	955
PIGA_-_15353282.23-P1P2	1463	2	1
PIGA_-_15353624.23-P1P2	5609	3554	3150
PIK3AP1_+_98460181.23-P2	0	0	0
PIK3AP1_+_98460526.23-P2	4492	5369	3887
PIK3AP1_+_98460548.23-P2	2136	6847	5
PIK3AP1_+_98460558.23-P2	5063	5349	3339
PIK3AP1_+_98460599.23-P2	0	0	0
PIK3AP1_+_98480264.23-P1	1546	5	5566
PIK3AP1_-_98479840.23-P1	0	0	0
PIK3AP1_-_98479865.23-P1	0	0	0
PIK3AP1_-_98479872.23-P1	3007	0	0
PIK3AP1_-_98479875.23-P1	790	2	0
PIK3C2A_+_17190869.23-ENST00000265970.7	0	0	0
PIK3C2A_+_17191262.23-ENST00000265970.7	0	0	0
PIK3C2A_-_17190927.23-ENST00000265970.7	0	0	0
PIK3C2A_-_17190936.23-ENST00000265970.7	2898	2	3943
PIK3C2A_-_17190945.23-ENST00000265970.7	3550	1	1
PIK3C2B_+_204463513.23-P1P2	2982	1	1
PIK3C2B_-_204463541.23-P1P2	6496	7	8582
PIK3C2B_-_204463802.23-P1P2	0	0	0
PIK3C2B_-_204463857.23-P1P2	2532	8	2
PIK3C2B_-_204463896.23-P1P2	0	0	0
PIK3C2G_+_18414841.23-P1P2	0	0	0
PIK3C2G_+_18414917.23-P1P2	0	0	0
PIK3C2G_-_18414511.23-P1P2	0	0	0
PIK3C2G_-_18414934.23-P1P2	0	0	0
PIK3C2G_-_18414948.23-P1P2	1160	6380	3167
PIK3C3_+_39535215.23-P1P2	0	0	0
PIK3C3_+_39535224.23-P1P2	0	0	0
PIK3C3_+_39535239.23-P1P2	0	0	0
PIK3C3_+_39535554.23-P1P2	0	0	0
PIK3C3_-_39535233.23-P1P2	0	0	0
PIK3CA_+_178866166.23-P1P2	0	0	0
PIK3CA_+_178866554.23-P1P2	814	5443	1770
PIK3CA_-_178866181.23-P1P2	1997	0	1060
PIK3CA_-_178866358.23-P1P2	2427	2196	5218
PIK3CA_-_178866523.23-P1P2	3006	2088	4669
PIK3CB_+_138553280.23-P1P2	832	0	2
PIK3CB_+_138553747.23-P1P2	2256	2	2790
PIK3CB_+_138553761.23-P1P2	2004	1	1265
PIK3CB_-_138553324.23-P1P2	2528	6	5750
PIK3CB_-_138553360.23-P1P2	4090	392	4862
PIK3CD_+_9711852.23-P1P2	2793	2	4302
PIK3CD_+_9711871.23-P1P2	1876	5513	1905
PIK3CD_+_9712078.23-P1P2	6132	5	1194
PIK3CD_-_9711860.23-P1P2	1543	3041	1719
PIK3CD_-_9712244.23-P1P2	476	2492	1854
PIK3CG_+_106506218.23-P1P2	1437	1	1688
PIK3CG_-_106505757.23-P1P2	0	0	0
PIK3CG_-_106505799.23-P1P2	1289	2	4989
PIK3CG_-_106505923.23-P1P2	0	0	0
PIK3CG_-_106506280.23-P1P2	0	0	0
PIK3R1_+_67511795.23-P1P2	942	1	1427
PIK3R1_+_67512066.23-P1P2	1592	3	0
PIK3R1_-_67511608.23-P1P2	945	6055	3425
PIK3R1_-_67511611.23-P1P2	368	1311	0
PIK3R1_-_67511650.23-P1P2	4170	6	4847
PIK3R2_+_18264032.23-P1	4900	2	2739
PIK3R2_+_18266458.23-P2	3281	8079	7
PIK3R2_+_18266838.23-P2	1518	9721	871
PIK3R2_-_18263993.23-P1	1247	1	0
PIK3R2_-_18264316.23-P1	3445	2204	1
PIK3R2_-_18264410.23-P1	0	0	0
PIK3R2_-_18264440.23-P1	5689	6788	2153
PIK3R2_-_18266386.23-P2	1107	3	1167
PIK3R2_-_18266797.23-P2	0	0	0
PIK3R2_-_18266852.23-P2	1050	4398	1649
PIK3R3_+_46597820.23-P1P2	0	0	0
PIK3R3_+_46598268.23-P1P2	3002	2	2
PIK3R3_+_46598273.23-P1P2	794	1	1
PIK3R3_+_46598278.23-P1P2	4085	4	1823
PIK3R3_+_46598285.23-P1P2	1394	4077	1795
PIK3R4_+_130465669.23-P1P2	1927	6807	4229
PIK3R4_-_130465229.23-P1P2	0	0	0
PIK3R4_-_130465552.23-P1P2	0	0	0
PIK3R4_-_130465574.23-P1P2	702	2	1
PIK3R4_-_130465652.23-P1P2	632	3041	1
PIK3R5_+_8868972.23-P1P2	2148	5490	3300
PIK3R5_-_8868596.23-P1P2	3556	4073	2512
PIK3R5_-_8868612.23-P1P2	0	0	0
PIK3R5_-_8868655.23-P1P2	1201	2284	1
PIK3R5_-_8868978.23-P1P2	33	7860	5
PIKFYVE_+_209131046.23-P1P2	0	0	0
PIKFYVE_+_209131049.23-P1P2	1444	0	1
PIKFYVE_+_209131413.23-P1P2	0	0	0
PIKFYVE_-_209131032.23-P1P2	1532	1	3
PIKFYVE_-_209131200.23-P1P2	0	0	0
PIM1_+_37138171.23-P1P2	826	1	2
PIM1_+_37138184.23-P1P2	0	0	0
PIM1_-_37137966.23-P1P2	2909	10515	5415
PIM1_-_37137999.23-P1P2	1726	3	4
PIM1_-_37138008.23-P1P2	0	0	0
PIM2_+_48775858.23-P1P2	0	0	0
PIM2_+_48775907.23-P1P2	0	0	0
PIM2_+_48776288.23-P1P2	1730	1	0
PIM2_+_48776320.23-P1P2	0	0	0
PIM2_-_48776115.23-P1P2	827	0	1363
PIM3_+_50354860.23-P1P2	3244	2816	873
PIM3_+_50354868.23-P1P2	3265	2	1691
PIM3_-_50354801.23-P1P2	1301	2	0
PIM3_-_50354814.23-P1P2	848	2776	1
PIM3_-_50354856.23-P1P2	990	2	1706
PINK1_+_20960036.23-P1P2	1341	9116	1653
PINK1_+_20960411.23-P1P2	1366	3595	3
PINK1_-_20960047.23-P1P2	1079	2370	1118
PINK1_-_20960428.23-P1P2	916	0	0
PINK1_-_20960460.23-P1P2	2241	3	1897
PIP4K2A_+_23003104.23-P1P2	1466	1	0
PIP4K2A_+_23003459.23-P1P2	1136	2038	5108
PIP4K2A_+_23003464.23-P1P2	2160	2352	4
PIP4K2A_-_23003014.23-P1P2	1603	2768	3
PIP4K2A_-_23003048.23-P1P2	1447	2	3235
PIP4K2B_+_36955229.23-P1P2	543	3	0
PIP4K2B_-_36955387.23-P1P2	0	0	0
PIP4K2B_-_36955417.23-P1P2	1459	2	1749
PIP4K2B_-_36955739.23-P1P2	3165	0	4
PIP4K2B_-_36956199.23-P1P2	1444	7050	732
PIP4K2C_+_57985002.23-P1P2	1802	1	87
PIP4K2C_+_57985008.23-P1P2	0	0	0
PIP4K2C_+_57985353.23-P1P2	0	0	0
PIP4K2C_+_57985384.23-P1P2	0	0	0
PIP4K2C_-_57985075.23-P1P2	1532	0	3
PIP5K1A_+_151171080.23-P1P2	0	0	0
PIP5K1A_-_151171063.23-P1P2	0	0	0
PIP5K1A_-_151171090.23-P1P2	0	0	0
PIP5K1A_-_151171094.23-P1P2	0	0	0
PIP5K1A_-_151171106.23-P1P2	1614	3002	2
PIP5K1B_+_71320149.23-P1P2	0	0	0
PIP5K1B_+_71320232.23-P1P2	3481	0	1312
PIP5K1B_+_71320559.23-P1P2	0	0	0
PIP5K1B_-_71320180.23-P1P2	4348	972	1917
PIP5K1B_-_71320195.23-P1P2	2627	4	6851
PIP5K1C_+_3700009.23-P1P2	1097	6095	2
PIP5K1C_+_3700441.23-P1P2	1175	5037	2
PIP5K1C_+_3700444.23-P1P2	3296	2923	3802
PIP5K1C_-_3700005.23-P1P2	1321	3	1728
PIP5K1C_-_3700037.23-P1P2	0	0	0
PIP5KL1_+_130690685.23-P1P2	3024	7245	2086
PIP5KL1_-_130690615.23-P1P2	1667	1	1553
PIP5KL1_-_130690658.23-P1P2	0	0	0
PIP5KL1_-_130690789.23-P1P2	0	0	0
PIP5KL1_-_130691053.23-P1P2	1212	10577	2806
PIPOX_+_27370163.23-P1P2	1323	1	1947
PIPOX_+_27370166.23-P1P2	0	0	0
PIPOX_+_27370206.23-P1P2	1017	2	1214
PIPOX_+_27370599.23-P1P2	0	0	0
PIPOX_-_27370267.23-P1P2	0	0	0
PIP_+_142829204.23-P1P2	1490	4873	3259
PIP_+_142829428.23-P1P2	0	0	0
PIP_+_142829643.23-P1P2	4321	5831	1399
PIP_-_142829182.23-P1P2	0	0	0
PIP_-_142829550.23-P1P2	0	0	0
PISD_+_32023824.23-ENST00000382151.2	4355	4777	3828
PISD_+_32023938.23-ENST00000382151.2	0	0	0
PISD_+_32024094.23-ENST00000382151.2	1624	1	0
PISD_+_32026626.23-ENST00000266095.5	4888	1	217
PISD_+_32026789.23-ENST00000266095.5	0	0	0
PISD_+_32026821.23-ENST00000266095.5	1014	1	1
PISD_-_32023781.23-ENST00000382151.2	0	0	0
PISD_-_32023968.23-ENST00000382151.2	0	0	0
PISD_-_32026798.23-ENST00000266095.5	0	0	0
PISD_-_32026827.23-ENST00000266095.5	883	1	1
PITPNA_+_1465444.23-P1P2	1396	0	0
PITPNA_+_1465502.23-P1P2	1214	2	1
PITPNA_+_1465684.23-P1P2	811	0	0
PITPNA_+_1465731.23-P1P2	0	0	0
PITPNA_+_1466054.23-P1P2	0	0	0
PKDCC_+_42275174.23-P1P2	2758	3	1360
PKDCC_+_42275401.23-P1P2	0	0	0
PKDCC_+_42275596.23-P1P2	1849	2	1332
PKDCC_-_42275537.23-P1P2	2235	4753	3338
PKDCC_-_42275772.23-P1P2	1873	1319	3377
PKIA_+_79429022.23-P1P2	0	0	0
PKIA_-_79428572.23-P1P2	1378	5	1497
PKIA_-_79428638.23-P1P2	1755	0	1085
PKIA_-_79428794.23-P1P2	2393	3	1
PKIA_-_79428977.23-P1P2	963	0	1
PKIB_+_122931982.23-P1	0	0	0
PKIB_+_123039146.23-P2	0	0	0
PKIB_+_123039229.23-P2	0	0	0
PKIB_-_122931556.23-P1	0	0	0
PKIB_-_122931570.23-P1	3691	10958	2835
PKIB_-_122931580.23-P1	1395	4027	1753
PKIB_-_122931583.23-P1	3708	3	1329
PKIB_-_123038738.23-P2	0	0	0
PKIB_-_123038981.23-P2	0	0	0
PKIB_-_123039104.23-P2	0	0	0
PKIG_+_43160504.23-P1P2	2650	3807	10
PKIG_+_43160731.23-P1P2	0	0	0
PKIG_-_43160518.23-P1P2	1455	3	1455
PKIG_-_43160524.23-P1P2	0	0	0
PKIG_-_43160637.23-P1P2	3072	4129	1988
PKLR_+_155270361.23-P1P2	328	1	0
PKLR_+_155270540.23-P1P2	320	0	2
PKLR_+_155270652.23-P1P2	1575	2036	1
PKLR_-_155270743.23-P1P2	632	9634	3
PKLR_-_155271229.23-P1P2	0	0	0
PKMYT1_+_3030383.23-P1P2	0	0	0
PKMYT1_+_3030402.23-P1P2	875	1	1162
PKMYT1_+_3030417.23-P1P2	0	0	0
PKMYT1_-_3029976.23-P1P2	2974	2	3
PKMYT1_-_3030080.23-P1P2	0	0	0
PKM_+_72500660.23-P2	1612	1	1
PKM_+_72500668.23-P2	0	0	0
PKM_+_72500912.23-P2	4864	8334	1286
PKM_+_72501079.23-P2	0	0	0
PKM_+_72523385.23-P1	0	0	0
PKM_+_72523549.23-P1	0	0	0
PKM_-_72500954.23-P2	6174	5	2198
PKM_-_72523138.23-P1	0	0	0
PKM_-_72523477.23-P1	6538	11066	2955
PKM_-_72523504.23-P1	0	0	0
PKN1_+_14544594.23-P1	0	0	0
PKN1_+_14551296.23-P2	1220	3	2374
PKN1_+_14551457.23-P2	926	0	0
PKN1_+_14551497.23-P2	1773	5	1912
PKN1_-_14544383.23-P1	1556	3	5628
PKN1_-_14544473.23-P1	1753	1	3
PKN1_-_14544565.23-P1	1480	1	1629
PKN1_-_14544641.23-P1	0	0	0
PKN1_-_14551111.23-P2	2898	5069	1794
PKN1_-_14551126.23-P2	0	0	0
PKN2_+_89150003.23-P1P2	0	0	0
PKN2_+_89150054.23-P1P2	1370	2650	0
PKN2_-_89149990.23-P1P2	0	0	0
PKN2_-_89150033.23-P1P2	0	0	0
PKN2_-_89150042.23-P1P2	48	0	1
PKN3_+_131464783.23-P1P2	1727	1	1852
PKN3_+_131464789.23-P1P2	2290	1290	832
PKN3_+_131465264.23-P1P2	2891	2565	3197
PKN3_-_131464879.23-P1P2	1898	3	1679
PKN3_-_131465067.23-P1P2	0	0	0
PLA2G1B_+_120763804.23-P2	3628	3098	1714
PLA2G1B_+_120763865.23-P2	5635	1554	4136
PLA2G1B_+_120763892.23-P2	505	1	1
PLA2G1B_+_120763934.23-P2	0	0	0
PLA2G1B_+_120765517.23-P1	934	8583	7
PLA2G1B_-_120763872.23-P2	0	0	0
PLA2G1B_-_120765185.23-P1	1664	4	0
PLA2G1B_-_120765374.23-P1	662	1	1
PLA2G1B_-_120765462.23-P1	934	1	1092
PLA2G1B_-_120765494.23-P1	0	0	0
PLA2G2D_-_20445628.23-P1P2	0	0	0
PLA2G2D_-_20445639.23-P1P2	0	0	0
PLA2G2D_-_20445794.23-P1P2	1938	4	1721
PLA2G2D_-_20445804.23-P1P2	985	0	1
PLA2G2D_-_20446014.23-P1P2	0	0	0
PLA2G2E_+_20249667.23-P1P2	3932	2859	2
PLA2G2E_+_20250115.23-P1P2	4896	3	0
PLA2G2E_-_20249761.23-P1P2	2889	2	0
PLA2G2E_-_20249882.23-P1P2	1584	6	3800
PLA2G2E_-_20250093.23-P1P2	0	0	0
PLA2G7_+_46702836.23-P1P2	0	0	0
PLA2G7_+_46703279.23-P1P2	3482	0	1
PLA2G7_-_46703088.23-P1P2	1606	3	14
PLA2G7_-_46703118.23-P1P2	3469	4587	5
PLA2G7_-_46703419.23-P1P2	2828	6	7061
PLAUR_+_44174210.23-P1P2	0	0	0
PLAUR_+_44174267.23-P1P2	1187	3	2058
PLAUR_+_44174287.23-P1P2	2495	7810	2134
PLAUR_+_44174301.23-P1P2	2771	0	1884
PLAUR_-_44174281.23-P1P2	0	0	0
PLAU_+_75670964.23-P1P2	1141	0	5
PLAU_+_75670973.23-P1P2	1247	5	3046
PLAU_+_75671284.23-P1P2	0	0	0
PLAU_+_75671308.23-P1P2	1232	0	1
PLAU_-_75670897.23-P1P2	2488	5203	1329
PLCL1_+_198669340.23-P1P2	1208	0	1
PLCL1_+_198669400.23-P1P2	0	0	0
PLCL1_+_198669751.23-P1P2	5036	10141	1100
PLCL1_-_198669379.23-P1P2	3781	4	3489
PLCL1_-_198669764.23-P1P2	1587	6467	3
PLEKHA1_+_124134185.23-P1P2	6047	6	3034
PLEKHA1_-_124134278.23-P1P2	656	10189	3623
PLEKHA1_-_124134286.23-P1P2	3629	7	9119
PLEKHA1_-_124134362.23-P1P2	1433	6334	1854
PLEKHA1_-_124134639.23-P1P2	3184	3	3752
PLEKHA4_+_49371353.23-P1P2	2846	4620	7300
PLEKHA4_+_49371495.23-P1P2	516	5863	1
PLEKHA4_+_49371684.23-P1P2	0	0	0
PLEKHA4_+_49371892.23-P1P2	5001	1662	862
PLEKHA4_-_49371930.23-P1P2	0	0	0
PLIN3_+_4867585.23-P1P2	1496	2	2
PLIN3_+_4867619.23-P1P2	3260	2068	4331
PLIN3_+_4867629.23-P1P2	1445	2	2030
PLIN3_+_4867637.23-P1P2	4162	7041	3529
PLIN3_-_4867188.23-P1P2	0	0	0
PLK1_+_23690651.23-P1P2	0	0	0
PLK1_-_23690230.23-P1P2	0	0	0
PLK1_-_23690276.23-P1P2	0	0	0
PLK1_-_23690679.23-P1P2	0	0	0
PLK1_-_23690749.23-P1P2	0	0	0
PLK2_+_57754817.23-P2	1681	1	1
PLK2_+_57755846.23-P1	1249	0	0
PLK2_+_57755850.23-P1	0	0	0
PLK2_+_57755864.23-P1	0	0	0
PLK2_+_57755870.23-P1	0	0	0
PLK2_+_57755896.23-P1	3034	5208	2561
PLK2_-_57754365.23-P2	0	0	0
PLK2_-_57754371.23-P2	3103	4	1
PLK2_-_57754828.23-P2	0	0	0
PLK2_-_57754849.23-P2	1312	2	0
PLK3_+_45266145.23-P1P2	2094	3688	2450
PLK3_+_45266472.23-P1P2	1341	5671	1881
PLK3_+_45266498.23-P1P2	0	0	0
PLK3_-_45266040.23-P1P2	0	0	0
PLK3_-_45266066.23-P1P2	32	2924	2
PLK4_-_128802078.23-P1P2	0	0	0
PLK4_-_128802148.23-P1P2	0	0	0
PLK4_-_128802273.23-P1P2	0	0	0
PLK4_-_128802512.23-P1P2	0	0	0
PLK4_-_128802557.23-P1P2	0	0	0
PLOD1_+_11994800.23-P1P2	3255	9251	977
PLOD1_+_11994812.23-P1P2	5416	5	1600
PLOD1_+_11994820.23-P1P2	0	0	0
PLOD1_+_11994823.23-P1P2	0	0	0
PLOD1_-_11994894.23-P1P2	0	0	0
PLOD2_+_145878561.23-P1P2	3749	4	1
PLOD2_-_145878946.23-P1P2	3133	1	2
PLOD2_-_145878953.23-P1P2	3714	15465	5547
PLOD2_-_145878956.23-P1P2	0	0	0
PLOD2_-_145878959.23-P1P2	1709	4995	5
PLOD3_+_100860355.23-P1P2	0	0	0
PLOD3_+_100860432.23-P1P2	1563	6254	1425
PLOD3_-_100860450.23-P1P2	1459	3	1798
PLOD3_-_100860500.23-P1P2	720	1	1883
PLOD3_-_100860829.23-P1P2	598	1754	1428
PMP2_+_82359260.23-P1P2	0	0	0
PMP2_+_82359456.23-P1P2	0	0	0
PMP2_+_82359601.23-P1P2	0	0	0
PMP2_-_82359629.23-P1P2	1099	0	1
PMP2_-_82359656.23-P1P2	0	0	0
PMVK_+_154909114.23-P1P2	0	0	0
PMVK_+_154909206.23-P1P2	0	0	0
PMVK_-_154909154.23-P1P2	0	0	0
PMVK_-_154909252.23-P1P2	0	0	0
PMVK_-_154909257.23-P1P2	0	0	0
PNCK_+_152938802.23-P1P2	1117	7751	1
PNCK_+_152938805.23-P1P2	2405	5	2582
PNCK_+_152938864.23-P1P2	1991	5	2189
PNCK_+_152939246.23-P1P2	4123	1900	2983
PNCK_-_152938917.23-P1P2	2349	1498	1
PNKP_+_50370409.23-P1P2	1451	1	1
PNKP_+_50370456.23-P1P2	2520	1928	1
PNKP_+_50370774.23-P1P2	2700	4278	4
PNKP_-_50370388.23-P1P2	0	0	0
PNKP_-_50370765.23-P1P2	4193	4	1
PNLIPRP2_+_118380825.23-P1P2	2970	2	2090
PNLIPRP2_-_118380490.23-P1P2	943	1446	1958
PNLIPRP2_-_118380523.23-P1P2	0	0	0
PNLIPRP2_-_118380553.23-P1P2	0	0	0
PNLIPRP2_-_118380939.23-P1P2	812	1	846
PNLIP_+_118305465.23-P1P2	785	2	0
PNLIP_+_118305610.23-P1P2	1103	2	1210
PNLIP_-_118305715.23-P1P2	1238	6	1859
PNLIP_-_118305793.23-P1P2	0	0	0
PNLIP_-_118305807.23-P1P2	0	0	0
PNMT_-_37824323.23-P1P2	2285	2	1
PNMT_-_37824490.23-P1P2	0	0	0
PNMT_-_37824686.23-P1P2	2235	0	3
PNMT_-_37824713.23-P1P2	0	0	0
PNMT_-_37824758.23-P1P2	0	0	0
PNPO_+_46018940.23-P1P2	0	0	0
PNPO_+_46019182.23-P1P2	1957	9700	1627
PNPO_+_46019349.23-P1P2	2003	0	2
PNPO_-_46018968.23-P1P2	0	0	0
PNPO_-_46019078.23-P1P2	4791	3086	1959
PNP_-_20937584.23-P1P2	803	6348	5
PNP_-_20937615.23-P1P2	0	0	0
PNP_-_20937630.23-P1P2	1436	0	3121
PNP_-_20937635.23-P1P2	2525	2	1297
PNP_-_20937699.23-P1P2	0	0	0
POMC_+_25391359.23-P1P2	0	0	0
POMC_+_25391409.23-P1P2	0	0	0
POMC_+_25391433.23-P1P2	0	0	0
POMC_+_25391444.23-P1P2	1437	3630	1684
POMC_-_25391424.23-P1P2	1386	2	0
PON1_+_95025646.23-P1P2	2316	3	0
PON1_+_95025656.23-P1P2	4456	1677	1741
PON1_-_95025618.23-P1P2	0	0	0
PON1_-_95025623.23-P1P2	0	0	0
PON1_-_95025663.23-P1P2	2102	18434	442
POR_+_75544568.23-P1P2	1290	3055	1202
POR_+_75544696.23-P1P2	0	0	0
POR_-_75544497.23-P1P2	4898	6	2025
POR_-_75544904.23-P1P2	3364	2782	1836
POR_-_75544919.23-P1P2	0	0	0
PPA1_+_71993075.23-P1P2	0	0	0
PPA1_+_71993087.23-P1P2	1110	3	1711
PPA1_-_71992928.23-P1P2	1290	4	2319
PPA1_-_71993135.23-P1P2	0	0	0
PPA1_-_71993150.23-P1P2	0	0	0
PPAP2A_+_54830371.23-P1P2	113	4	1742
PPAP2A_+_54830753.23-P1P2	1485	3	1
PPAP2A_+_54830764.23-P1P2	919	1	2
PPAP2A_-_54830435.23-P1P2	0	0	0
PPAP2A_-_54830796.23-P1P2	0	0	0
PPAP2B_+_57044605.23-P1P2	1510	1	1
PPAP2B_+_57044636.23-P1P2	1483	0	0
PPAP2B_+_57044758.23-P1P2	4108	5	3548
PPAP2B_+_57045051.23-P1P2	0	0	0
PPAP2B_-_57044575.23-P1P2	1693	1	1846
PPAP2C_+_290938.23-P1P2	0	0	0
PPAP2C_+_291160.23-P1P2	0	0	0
PPAP2C_+_291324.23-P1P2	1650	5	5218
PPAP2C_+_291356.23-P1P2	0	0	0
PPAP2C_-_290882.23-P1P2	2361	5278	1
PPARD_+_35310739.23-P1P2	1552	1	2
PPARD_+_35310845.23-P1P2	1473	1	0
PPARD_-_35310354.23-P1P2	2402	3601	4712
PPARD_-_35310380.23-P1P2	3209	5	4
PPARD_-_35310604.23-P1P2	6260	2	6
PPAT_+_57301347.23-P1P2	1410	2	1
PPAT_-_57301266.23-P1P2	5234	740	3
PPAT_-_57301292.23-P1P2	0	0	0
PPAT_-_57301411.23-P1P2	1587	2	3322
PPAT_-_57301766.23-P1P2	1309	0	0
PPBP_+_74853499.23-P1P2	5372	4	2
PPBP_+_74853665.23-P1P2	1621	3423	3
PPBP_+_74853862.23-P1P2	0	0	0
PPBP_-_74853598.23-P1P2	3034	3783	7198
PPBP_-_74853875.23-P1P2	0	0	0
PPCDC_+_75316147.23-P1	1113	5	0
PPCDC_+_75335668.23-P2	1464	8737	3
PPCDC_+_75335905.23-P2	959	3682	1863
PPCDC_+_75336103.23-P2	0	0	0
PPCDC_+_75336118.23-P2	0	0	0
PPCDC_-_75315977.23-P1	0	0	0
PPCDC_-_75315982.23-P1	0	0	0
PPCDC_-_75316006.23-P1	3148	0	2
PPCDC_-_75316009.23-P1	1713	3856	2134
PPCDC_-_75335652.23-P2	0	0	0
PPEF1_+_18726028.23-P1P2	1413	0	599
PPEF1_-_18725799.23-P1P2	0	0	0
PPEF1_-_18725809.23-P1P2	0	0	0
PPEF1_-_18725828.23-P1P2	1472	1	0
PPEF1_-_18726233.23-P1P2	0	0	0
PPEF2_+_76823539.23-P1P2	0	0	0
PPEF2_+_76823587.23-P1P2	1489	0	2
PPEF2_-_76823184.23-P1P2	0	0	0
PPEF2_-_76823192.23-P1P2	4137	5	2076
PPEF2_-_76823265.23-P1P2	0	0	0
PPFIA1_+_70116839.23-P1P2	1177	1	1
PPFIA1_+_70116850.23-P1P2	3778	6	4
PPFIA1_-_70116849.23-P1P2	1192	5360	6
PPFIA1_-_70116878.23-P1P2	0	0	0
PPFIA1_-_70117025.23-P1P2	5005	5	2393
PPFIA2_+_82152568.23-ENST00000548586.1	986	2	3787
PPFIA2_+_82153068.23-ENST00000549396.1	0	0	0
PPFIA2_+_82153096.23-ENST00000549396.1	0	0	0
PPFIA2_+_82153267.23-ENST00000549396.1	371	6531	2576
PPFIA2_-_82152075.23-ENST00000548586.1	0	0	0
PPFIA2_-_82152306.23-ENST00000548586.1	0	0	0
PPFIA2_-_82152489.23-ENST00000548586.1	1578	1	0
PPFIA2_-_82152575.23-ENST00000548586.1	1909	4740	2637
PPFIA2_-_82152816.23-ENST00000549396.1	1456	0	1
PPFIA2_-_82153064.23-ENST00000549396.1	0	0	0
PPFIA3_+_49623064.23-P2	0	0	0
PPFIA3_+_49623161.23-P2	0	0	0
PPFIA3_+_49623240.23-P2	0	0	0
PPFIA3_+_49631826.23-P1	0	0	0
PPFIA3_+_49631881.23-P1	1576	1	1
PPFIA3_+_49631936.23-P1	1546	1	1
PPFIA3_+_49632090.23-P1	3168	4	1826
PPFIA3_-_49622827.23-P2	0	0	0
PPFIA3_-_49622853.23-P2	568	2003	0
PPFIA3_-_49632209.23-P1	2522	3	1490
PPFIA4_+_202995653.23-P1P2	3922	3	2853
PPFIA4_-_202995685.23-P1P2	0	0	0
PPFIA4_-_202995695.23-P1P2	336	5	4802
PPFIA4_-_202995702.23-P1P2	0	0	0
PPFIA4_-_202996060.23-P1P2	0	0	0
PPIA_+_44836650.23-P1P2	2071	7900	7071
PPIA_+_44836665.23-P1P2	1288	1	1281
PPIA_+_44836713.23-P1P2	2871	0	3
PPIA_+_44836735.23-P1P2	330	5309	2698
PPIA_+_44837515.23-P1P2	0	0	0
PPIB_+_64455154.23-P1P2	1574	4	1
PPIB_-_64455141.23-P1P2	870	5689	1
PPIB_-_64455144.23-P1P2	0	0	0
PPIB_-_64455191.23-P1P2	3687	7	5009
PPIB_-_64455194.23-P1P2	0	0	0
PPIC_-_122371987.23-P1P2	0	0	0
PPIC_-_122372328.23-P1P2	747	10789	6370
PPIC_-_122372331.23-P1P2	2602	156	4
PPIC_-_122372361.23-P1P2	3491	1777	4781
PPIC_-_122372378.23-P1P2	1997	8668	2538
PPIF_+_81107272.23-P1P2	0	0	0
PPIF_+_81107276.23-P1P2	1368	3	0
PPIF_+_81107464.23-P1P2	0	0	0
PPIF_+_81107670.23-P1P2	1337	4689	1
PPIF_-_81107756.23-P1P2	0	0	0
PPIG_-_170440898.23-P1P2	725	4	5790
PPIG_-_170441066.23-P1P2	891	0	1330
PPIG_-_170441134.23-P1P2	0	0	0
PPIG_-_170441329.23-P1P2	3951	4	2
PPIG_-_170441355.23-P1P2	765	1	0
PPIH_+_43124090.23-P1P2	1018	5712	1
PPIH_+_43124361.23-P1P2	0	0	0
PPIH_+_43124465.23-P1P2	0	0	0
PPIH_+_43124501.23-P1P2	0	0	0
PPIH_-_43124126.23-P1P2	0	0	0
PPM1A_-_60715976.23-P1P2	2281	1	1499
PPM1A_-_60716010.23-P1P2	1678	5	1
PPM1A_-_60716043.23-P1P2	1713	5239	4325
PPM1A_-_60716058.23-P1P2	0	0	0
PPM1A_-_60716404.23-P1P2	717	0	1802
PPM1B_+_44396382.23-P1P2	2701	1819	2166
PPM1B_+_44396407.23-P1P2	0	0	0
PPM1B_-_44396044.23-P1P2	1127	2	1
PPM1B_-_44396209.23-P1P2	1399	2877	1849
PPM1B_-_44396281.23-P1P2	1499	2	1978
PPM1D_+_58677707.23-P1P2	0	0	0
PPM1D_+_58677989.23-P1P2	0	0	0
PPM1D_+_58678050.23-P1P2	0	0	0
PPM1D_+_58678053.23-P1P2	0	0	0
PPM1D_-_58677985.23-P1P2	0	0	0
PPM1E_+_56833246.23-P1P2	2035	4864	2625
PPM1E_+_56833255.23-P1P2	0	0	0
PPM1E_+_56833262.23-P1P2	2184	5423	3
PPM1E_+_56833265.23-P1P2	443	2584	9
PPM1E_-_56833222.23-P1P2	1941	8941	2
PPM1F_+_22306828.23-P1P2	1745	1	2
PPM1F_+_22306836.23-P1P2	4522	0	2
PPM1F_+_22307004.23-P1P2	1637	2993	2
PPM1F_+_22307083.23-P1P2	1508	1	3655
PPM1F_+_22307162.23-P1P2	6176	3	4
PPM1G_+_27607559.23-P2	0	0	0
PPM1G_+_27607655.23-P2	696	6442	1
PPM1G_+_27607660.23-P2	2417	2833	3958
PPM1G_+_27632407.23-P1	2038	0	3
PPM1G_-_27607619.23-P2	1111	3	1536
PPM1G_-_27607633.23-P2	1643	0	0
PPM1G_-_27632090.23-P1	0	0	0
PPM1G_-_27632410.23-P1	0	0	0
PPM1G_-_27632417.23-P1	0	0	0
PPM1G_-_27632451.23-P1	1698	0	421
PPM1L_+_160473629.23-P1P2	0	0	0
PPM1L_+_160473697.23-P1P2	3224	3	3575
PPM1L_+_160473761.23-P1P2	3327	2197	3411
PPM1L_-_160473396.23-P1P2	2414	4676	4
PPM1L_-_160473832.23-P1P2	289	4790	4593
PPM1M_+_52279796.23-P1P2	3244	5971	3032
PPM1M_+_52280168.23-P1P2	5908	3380	1978
PPM1M_+_52280189.23-P1P2	1162	2	2034
PPM1M_+_52280195.23-P1P2	1368	1	3
PPM1M_+_52280215.23-P1P2	1377	5020	2007
PPME1_+_73882513.23-P1P2	1434	2435	0
PPME1_+_73882581.23-P1P2	0	0	0
PPME1_-_73882369.23-P1P2	1807	2	3
PPME1_-_73882402.23-P1P2	3905	4	1412
PPME1_-_73882418.23-P1P2	2379	1	0
PPP1CA_+_67168772.23-P1	2414	1	0
PPP1CA_+_67168941.23-P1	0	0	0
PPP1CA_+_67169098.23-P1	0	0	0
PPP1CA_-_67168840.23-P1	0	0	0
PPP1CA_-_67168891.23-P1	1093	2909	1886
PPP1CA_-_67188217.23-P2	2450	3912	2163
PPP1CA_-_67188220.23-P2	0	0	0
PPP1CA_-_67188475.23-P2	1311	6	3023
PPP1CA_-_67188610.23-P2	0	0	0
PPP1CA_-_67188663.23-P2	0	0	0
PPP1CB_+_28974937.23-P1P2	0	0	0
PPP1CB_+_28975362.23-P1P2	0	0	0
PPP1CB_+_28975374.23-P1P2	0	0	0
PPP1CB_+_28975409.23-P1P2	0	0	0
PPP1CB_-_28975080.23-P1P2	0	0	0
PPP1CC_+_111180646.23-P1P2	0	0	0
PPP1CC_+_111180675.23-P1P2	0	0	0
PPP1CC_+_111180706.23-P1P2	1365	2301	1752
PPP1CC_+_111180709.23-P1P2	0	0	0
PPP1CC_-_111180279.23-P1P2	0	0	0
PPP1R10_+_30584999.23-P1P2	0	0	0
PPP1R10_-_30584622.23-P1P2	0	0	0
PPP1R10_-_30584626.23-P1P2	0	0	0
PPP1R10_-_30584990.23-P1P2	0	0	0
PPP1R10_-_30585037.23-P1P2	0	0	0
PPP1R11_-_30035005.23-P1P2	3744	2825	1512
PPP1R11_-_30035028.23-P1P2	0	0	0
PPP1R11_-_30035364.23-P1P2	1676	1	0
PPP1R11_-_30035370.23-P1P2	0	0	0
PPP1R11_-_30035402.23-P1P2	0	0	0
PPP1R12A_+_80328425.23-P1P2	173	0	0
PPP1R12A_+_80328722.23-P1P2	811	1	0
PPP1R12A_-_80328443.23-P1P2	0	0	0
PPP1R12A_-_80328459.23-P1P2	0	0	0
PPP1R12A_-_80328826.23-P1P2	0	0	0
PPP1R12B_+_202317869.23-P1P2	1488	3	2680
PPP1R12B_+_202318266.23-P1P2	1140	1	1239
PPP1R12B_-_202317836.23-P1P2	3583	18901	4669
PPP1R12B_-_202317839.23-P1P2	1281	2	633
PPP1R12B_-_202317905.23-P1P2	713	0	0
PPP1R12C_+_55628528.23-P1P2	1676	1	1531
PPP1R12C_+_55628898.23-P1P2	2830	1	1
PPP1R12C_-_55628495.23-P1P2	1192	1	1046
PPP1R12C_-_55628615.23-P1P2	4064	2	1619
PPP1R12C_-_55628753.23-P1P2	5086	2	2
PPP1R13B_+_104313706.23-P1P2	0	0	0
PPP1R13B_+_104313719.23-P1P2	838	2370	2828
PPP1R13B_+_104313722.23-P1P2	1341	0	0
PPP1R13B_+_104313901.23-P1P2	3813	2409	1282
PPP1R13B_-_104313915.23-P1P2	1489	1	1568
PPP1R14A_+_38746626.23-P1P2	0	0	0
PPP1R14A_+_38746636.23-P1P2	4867	3084	1505
PPP1R14A_+_38746782.23-P1P2	1528	2283	1420
PPP1R14A_+_38746975.23-P1P2	1087	2	2645
PPP1R14A_-_38746713.23-P1P2	1141	3768	833
PPP1R14C_+_150464221.23-P1P2	1755	2	1745
PPP1R14C_+_150464229.23-P1P2	4154	2	2
PPP1R14C_+_150464246.23-P1P2	1217	5	3375
PPP1R14C_+_150464251.23-P1P2	989	2673	1
PPP1R14C_-_150464642.23-P1P2	1837	2	1142
PPP1R14D_+_41120491.23-P1P2	0	0	0
PPP1R14D_+_41120873.23-P1P2	1344	0	1
PPP1R14D_+_41120876.23-P1P2	709	4451	2
PPP1R14D_-_41120420.23-P1P2	1528	4	0
PPP1R14D_-_41120717.23-P1P2	0	0	0
PPP1R15B_-_204380472.23-P1P2	0	0	0
PPP1R15B_-_204380714.23-P1P2	0	0	0
PPP1R15B_-_204380747.23-P1P2	0	0	0
PPP1R15B_-_204380902.23-P1P2	3891	6136	2027
PPP1R15B_-_204380908.23-P1P2	0	0	0
PPP1R16B_+_37434787.23-P1P2	4747	2	3
PPP1R16B_+_37434797.23-P1P2	2112	8128	6
PPP1R16B_-_37434398.23-P1P2	0	0	0
PPP1R16B_-_37434404.23-P1P2	2140	4214	4592
PPP1R16B_-_37434450.23-P1P2	0	0	0
PPP1R1A_+_54982432.23-P1P2	0	0	0
PPP1R1A_+_54982444.23-P1P2	3007	2902	4169
PPP1R1A_+_54982447.23-P1P2	1074	0	1
PPP1R1A_-_54982026.23-P1P2	775	0	0
PPP1R1A_-_54982106.23-P1P2	1232	3	2076
PPP1R1B_-_37783163.23-P1P2	0	0	0
PPP1R1B_-_37783208.23-P1P2	0	0	0
PPP1R1B_-_37783231.23-P1P2	4277	2027	2
PPP1R1B_-_37783448.23-P1P2	0	0	0
PPP1R1B_-_37783657.23-P1P2	4797	3	1087
PPP1R1C_-_182850503.23-ENST00000409137.3,ENST00000409702.1,ENST00000452904.1	0	0	0
PPP1R1C_-_182850544.23-ENST00000409137.3,ENST00000409702.1,ENST00000452904.1	2227	0	1
PPP1R1C_-_182850564.23-ENST00000409137.3,ENST00000409702.1,ENST00000452904.1	3149	0	3
PPP1R1C_-_182850616.23-ENST00000409137.3,ENST00000409702.1,ENST00000452904.1	0	0	0
PPP1R1C_-_182850788.23-ENST00000409137.3,ENST00000409702.1,ENST00000452904.1	0	0	0
PPP1R21_+_48668000.23-P1P2	2738	3260	22
PPP1R21_+_48668006.23-P1P2	1413	0	1
PPP1R21_+_48668289.23-P1P2	5237	4970	2866
PPP1R21_-_48667940.23-P1P2	0	0	0
PPP1R21_-_48668149.23-P1P2	1903	0	1
PPP1R26_+_138371487.23-P1P2	1862	4	3381
PPP1R26_+_138371563.23-P1P2	1283	0	0
PPP1R26_+_138372038.23-P1P2	0	0	0
PPP1R26_+_138372066.23-P1P2	1766	2582	3659
PPP1R26_-_138371647.23-P1P2	1767	3	3700
PPP1R2_+_195269711.23-P1P2	2889	5103	5
PPP1R2_+_195269725.23-P1P2	0	0	0
PPP1R2_+_195270077.23-P1P2	4363	0	407
PPP1R2_+_195270106.23-P1P2	0	0	0
PPP1R2_-_195270091.23-P1P2	1565	4451	7230
PPP1R32_+_61248653.23-P1P2	1620	4	4242
PPP1R32_+_61248658.23-P1P2	2225	1	0
PPP1R32_+_61248700.23-P1P2	2531	6318	3544
PPP1R32_-_61249046.23-P1P2	0	0	0
PPP1R32_-_61249067.23-P1P2	1917	0	3
PPP1R37_-_45596434.23-P1P2	0	0	0
PPP1R37_-_45596465.23-P1P2	0	0	0
PPP1R37_-_45596468.23-P1P2	0	0	0
PPP1R37_-_45596471.23-P1P2	0	0	0
PPP1R37_-_45596868.23-P1P2	1512	6	3357
PPP1R3A_+_113558637.23-P1P2	0	0	0
PPP1R3A_-_113558730.23-P1P2	1483	2	3899
PPP1R3A_-_113559044.23-P1P2	1327	4573	1715
PPP1R3A_-_113559054.23-P1P2	1438	3	1480
PPP1R3A_-_113559097.23-P1P2	0	0	0
PPP1R3B_+_9008097.23-P1P2	3432	2	558
PPP1R3B_+_9008111.23-P1P2	0	0	0
PPP1R3B_+_9008124.23-P1P2	1176	4560	3403
PPP1R3B_-_9008172.23-P1P2	2356	1	0
PPP1R3B_-_9008175.23-P1P2	3720	5	0
PPP1R3C_+_93392840.23-P1P2	0	0	0
PPP1R3C_-_93392737.23-P1P2	0	0	0
PPP1R3C_-_93392743.23-P1P2	0	0	0
PPP1R3C_-_93392812.23-P1P2	2706	2728	1729
PPP1R3C_-_93392831.23-P1P2	3763	1	1
PPP1R3D_+_58515127.23-P1P2	0	0	0
PPP1R3D_+_58515319.23-P1P2	0	0	0
PPP1R3D_-_58514908.23-P1P2	9152	7	5650
PPP1R3D_-_58514948.23-P1P2	1799	3	0
PPP1R3D_-_58515012.23-P1P2	2754	4953	2476
PPP1R3E_+_23770357.23-P1	0	0	0
PPP1R3E_+_23770681.23-P1	1279	0	0
PPP1R3E_+_23770690.23-P1	1347	4398	3
PPP1R3E_+_23770729.23-P1	0	0	0
PPP1R3E_+_23771651.23-P2	719	0	0
PPP1R3E_+_23771676.23-P2	3278	3960	3192
PPP1R3E_+_23771980.23-P2	5490	3	2
PPP1R3E_+_23772028.23-P2	1362	1586	3
PPP1R3E_-_23770725.23-P1	2333	0	1723
PPP1R3E_-_23772007.23-P2	2925	1	1
PPP1R3F_+_49126297.23-P1P2	2477	902	1584
PPP1R3F_+_49126300.23-P1P2	905	7762	5
PPP1R3F_+_49126321.23-P1P2	3113	6	3481
PPP1R3F_+_49126324.23-P1P2	1568	8675	2
PPP1R3F_+_49126680.23-P1P2	0	0	0
PPP1R3G_+_5085519.23-P1P2	4867	4983	5048
PPP1R3G_+_5085952.23-P1P2	819	5	1934
PPP1R3G_-_5085554.23-P1P2	3500	3028	1604
PPP1R3G_-_5085557.23-P1P2	1281	3	1
PPP1R3G_-_5085734.23-P1P2	0	0	0
PPP1R42_+_67940724.23-P1P2	3299	2	1901
PPP1R42_-_67940743.23-P1P2	1349	2	4016
PPP1R42_-_67940761.23-P1P2	0	0	0
PPP1R42_-_67940774.23-P1P2	0	0	0
PPP1R42_-_67940800.23-P1P2	0	0	0
PPP1R7_+_242089597.23-P1P2	1128	1	2075
PPP1R7_-_242089015.23-P1P2	0	0	0
PPP1R7_-_242089036.23-P1P2	3773	7	1861
PPP1R7_-_242089223.23-P1P2	395	2	1808
PPP1R7_-_242089462.23-P1P2	3587	4	0
PPP1R8_+_28157356.23-P1P2	0	0	0
PPP1R8_+_28157375.23-P1P2	0	0	0
PPP1R8_+_28157378.23-P1P2	1206	0	0
PPP1R8_-_28157334.23-P1P2	0	0	0
PPP1R8_-_28157368.23-P1P2	0	0	0
PPP1R9A_+_94536952.23-P1P2	3879	10391	8
PPP1R9A_+_94536988.23-P1P2	0	0	0
PPP1R9A_+_94537358.23-P1P2	2587	4	1636
PPP1R9A_-_94537340.23-P1P2	2345	4	2
PPP1R9A_-_94537377.23-P1P2	1041	0	1764
PPP1R9B_+_48228075.23-P1P2	1003	2	0
PPP1R9B_+_48228450.23-P1P2	672	2	1646
PPP1R9B_+_48228468.23-P1P2	2473	6	4966
PPP1R9B_-_48228086.23-P1P2	937	1	1887
PPP1R9B_-_48228464.23-P1P2	563	0	1
PPP2CA_+_133561693.23-P1P2	0	0	0
PPP2CA_+_133561724.23-P1P2	0	0	0
PPP2CA_+_133561727.23-P1P2	0	0	0
PPP2CA_+_133561730.23-P1P2	0	0	0
PPP2CA_-_133561768.23-P1P2	0	0	0
PPP2CB_+_30670275.23-P1P2	0	0	0
PPP2CB_+_30670289.23-P1P2	0	0	0
PPP2CB_+_30670300.23-P1P2	680	1	0
PPP2CB_-_30670087.23-P1P2	1373	4395	5
PPP2CB_-_30670303.23-P1P2	0	0	0
PPP2R1A_+_52693317.23-P1	0	0	0
PPP2R1A_+_52693758.23-P1	1023	0	1
PPP2R1A_+_52716072.23-P2	1893	0	2233
PPP2R1A_+_52716105.23-P2	0	0	0
PPP2R1A_+_52716196.23-P2	1763	2	2798
PPP2R1A_+_52716201.23-P2	2142	2350	1959
PPP2R1A_-_52693331.23-P1	0	0	0
PPP2R1A_-_52693336.23-P1	0	0	0
PPP2R1A_-_52693475.23-P1	0	0	0
PPP2R1A_-_52716005.23-P2	2800	545	1766
PPP2R1B_+_111637056.23-P1P2	0	0	0
PPP2R1B_+_111637061.23-P1P2	1458	2	9136
PPP2R1B_+_111637401.23-P1P2	0	0	0
PPP2R1B_-_111636677.23-P1P2	0	0	0
PPP2R1B_-_111636732.23-P1P2	2105	3494	1821
PPP2R2A_+_26149078.23-P1P2	0	0	0
PPP2R2A_-_26149133.23-P1P2	0	0	0
PPP2R2A_-_26149443.23-P1P2	0	0	0
PPP2R2A_-_26149483.23-P1P2	0	0	0
PPP2R2A_-_26149523.23-P1P2	0	0	0
PPP2R2B_+_146257913.23-P1	960	0	1
PPP2R2B_+_146257919.23-P1	152	2	1982
PPP2R2B_+_146257929.23-P1	1194	2338	1
PPP2R2B_+_146258018.23-P1	2139	3	860
PPP2R2B_+_146460845.23-P2	0	0	0
PPP2R2B_+_146460856.23-P2	390	2	1
PPP2R2B_+_146460883.23-P2	951	4774	2017
PPP2R2B_+_146460914.23-P2	0	0	0
PPP2R2B_-_146258221.23-P1	0	0	0
PPP2R2B_-_146460864.23-P2	888	0	0
PPP2R2C_+_6474257.23-P1P2	1886	6517	354
PPP2R2C_+_6474314.23-P1P2	1194	1	1
PPP2R2C_-_6473914.23-P1P2	2885	2	1
PPP2R2C_-_6474061.23-P1P2	1129	3318	1288
PPP2R2C_-_6474098.23-P1P2	506	5358	0
PPP2R2D_+_133753983.23-P1P2	1589	0	0
PPP2R2D_+_133754000.23-P1P2	0	0	0
PPP2R2D_-_133753721.23-P1P2	3856	10865	6
PPP2R2D_-_133753830.23-P1P2	3444	2	1132
PPP2R2D_-_133753844.23-P1P2	0	0	0
PPP2R3A_+_135684595.23-P1P2	1055	4082	3
PPP2R3A_+_135684607.23-P1P2	1874	2	1597
PPP2R3A_+_135684621.23-P1P2	1404	1907	1
PPP2R3A_+_135684961.23-P1P2	878	4062	1335
PPP2R3A_-_135684695.23-P1P2	6570	8686	2441
PPP2R3B_-_347315.23-P1P2	920	1391	2543
PPP2R3B_-_347634.23-P1P2	2264	0	2
PPP2R3B_-_347649.23-P1P2	0	0	0
PPP2R3B_-_347675.23-P1P2	3275	8	4538
PPP2R3B_-_347890.23-P1P2	1117	2110	1931
PPP2R4_+_131873661.23-P1P2	0	0	0
PPP2R4_-_131873702.23-P1P2	2396	1	1893
PPP2R4_-_131873861.23-P1P2	0	0	0
PPP2R4_-_131874120.23-P1P2	0	0	0
PPP2R4_-_131874178.23-P1P2	2119	2171	1904
PPP2R5A_+_212458795.23-P1P2	2210	5677	6
PPP2R5A_+_212459031.23-P1P2	998	4823	1565
PPP2R5A_+_212459206.23-P1P2	1669	1	1504
PPP2R5A_-_212458812.23-P1P2	3477	6	3245
PPP2R5A_-_212458999.23-P1P2	0	0	0
PPP2R5B_+_64685366.23-P2	3363	1	4
PPP2R5B_+_64685448.23-P2	1484	2457	0
PPP2R5B_+_64692191.23-P1	1311	3607	2924
PPP2R5B_+_64692220.23-P1	985	3	2
PPP2R5B_+_64692233.23-P1	1658	2113	2
PPP2R5B_+_64692250.23-P1	0	0	0
PPP2R5B_-_64685063.23-P2	0	0	0
PPP2R5B_-_64685101.23-P2	5078	5	4
PPP2R5B_-_64685466.23-P2	2192	1	1268
PPP2R5B_-_64692586.23-P1	2275	1	2
PPP2R5C_+_102276242.23-P1P2	0	0	0
PPP2R5C_+_102276252.23-P1P2	0	0	0
PPP2R5C_+_102276339.23-P1P2	0	0	0
PPP2R5C_-_102276337.23-P1P2	0	0	0
PPP2R5C_-_102276689.23-P1P2	628	0	0
PPP2R5E_+_64009644.23-P1P2	908	2	1912
PPP2R5E_+_64009656.23-P1P2	1444	1885	5943
PPP2R5E_+_64009680.23-P1P2	1513	2	2065
PPP2R5E_+_64010030.23-P1P2	0	0	0
PPP2R5E_-_64010065.23-P1P2	4797	3432	1713
PPP3CA_+_102268239.23-P1P2	1537	0	0
PPP3CA_+_102268420.23-P1P2	1107	4909	1890
PPP3CA_+_102268585.23-P1P2	0	0	0
PPP3CA_+_102268646.23-P1P2	1283	1	0
PPP3CA_-_102268640.23-P1P2	1889	2	1
PPP3CB_+_75255561.23-P1P2	926	1	3202
PPP3CB_+_75255728.23-P1P2	2890	5159	2530
PPP3CB_-_75255322.23-P1P2	605	1	1872
PPP3CB_-_75255743.23-P1P2	0	0	0
PPP3CB_-_75255778.23-P1P2	0	0	0
PPP3CC_+_22298625.23-P1P2	0	0	0
PPP3CC_+_22298637.23-P1P2	0	0	0
PPP3CC_+_22298640.23-P1P2	0	0	0
PPP3CC_+_22298683.23-P1P2	3622	4708	748
PPP3CC_+_22299066.23-P1P2	0	0	0
PPP3R1_-_68479212.23-P1P2	1107	3	852
PPP3R1_-_68479222.23-P1P2	1085	1	3
PPP3R1_-_68479587.23-P1P2	734	0	1
PPP3R1_-_68479635.23-P1P2	6339	1324	2032
PPP3R1_-_68479660.23-P1P2	1227	2	5213
PPP4C_-_30087330.23-P1P2	2544	1	4
PPP4C_-_30087361.23-P1P2	0	0	0
PPP4C_-_30087373.23-P1P2	0	0	0
PPP4C_-_30087724.23-P1P2	0	0	0
PPP4C_-_30087761.23-P1P2	1280	1	2358
PPP4R1_+_9614116.23-P1P2	1316	2	3
PPP4R1_+_9614474.23-P1P2	897	0	1851
PPP4R1_-_9614043.23-P1P2	0	0	0
PPP4R1_-_9614411.23-P1P2	1441	3416	1
PPP4R1_-_9614465.23-P1P2	0	0	0
PPP5C_-_46850339.23-P1P2	1058	1	1688
PPP5C_-_46850692.23-P1P2	965	2700	887
PPP5C_-_46850703.23-P1P2	0	0	0
PPP5C_-_46850724.23-P1P2	0	0	0
PPP5C_-_46850774.23-P1P2	4564	3537	3053
PPP6C_+_127951685.23-P1P2	1385	2	1801
PPP6C_+_127952072.23-P1P2	0	0	0
PPP6C_-_127951604.23-P1P2	0	0	0
PPP6C_-_127951681.23-P1P2	1354	1	0
PPP6C_-_127952026.23-P1P2	0	0	0
PPT1_+_40562469.23-P1P2	1325	4932	1863
PPT1_+_40563349.23-P1P2	0	0	0
PPT1_-_40562529.23-P1P2	0	0	0
PPT1_-_40562864.23-P1P2	2878	4038	6331
PPT1_-_40562868.23-P1P2	1608	2323	1653
PPTC7_+_111020687.23-P1P2	5475	3	2
PPTC7_+_111020727.23-P1P2	2634	1	4
PPTC7_+_111021110.23-P1P2	0	0	0
PPTC7_+_111021115.23-P1P2	4231	3667	3340
PPTC7_-_111021044.23-P1P2	1221	1	1
PRDX2_+_12912130.23-P1P2	2404	4	1967
PRDX2_+_12912160.23-P1P2	0	0	0
PRDX2_+_12912205.23-P1P2	1644	0	0
PRDX2_+_12912209.23-P1P2	0	0	0
PRDX2_-_12912186.23-P1P2	1419	22187	3629
PRDX5_+_64085608.23-P1P2	1308	1	1663
PRDX5_+_64085984.23-P1P2	1425	0	1
PRDX5_+_64086008.23-P1P2	0	0	0
PRDX5_+_64086021.23-P1P2	1342	2	0
PRDX5_-_64085742.23-P1P2	0	0	0
PRDX6_+_173446488.23-P1P2	719	2666	2886
PRDX6_+_173446518.23-P1P2	4099	2846	3529
PRDX6_-_173446514.23-P1P2	0	0	0
PRDX6_-_173446546.23-P1P2	5721	5313	1054
PRDX6_-_173446908.23-P1P2	3939	8339	1835
PREP_+_105850497.23-P1P2	2331	1	0
PREP_+_105850963.23-P1P2	1299	4628	3316
PREP_-_105850722.23-P1P2	0	0	0
PREP_-_105850748.23-P1P2	0	0	0
PREP_-_105850922.23-P1P2	1709	4	1470
PRG2_+_57157933.23-P1P2	1853	1	96
PRG2_+_57158067.23-P1P2	0	0	0
PRG2_+_57158083.23-P1P2	1292	1	1
PRG2_-_57157649.23-P1P2	464	4	2
PRG2_-_57157692.23-P1P2	0	0	0
PRKAA1_+_40797806.23-P1P2	5017	7023	3068
PRKAA1_+_40798202.23-P1P2	0	0	0
PRKAA1_+_40798231.23-P1P2	3422	2312	4
PRKAA1_-_40798155.23-P1P2	5631	2640	1792
PRKAA1_-_40798216.23-P1P2	677	0	0
PRKAA2_-_57111005.23-P1P2	0	0	0
PRKAA2_-_57111027.23-P1P2	3761	11266	1545
PRKAA2_-_57111034.23-P1P2	1323	1	1161
PRKAA2_-_57111063.23-P1P2	4977	7	7081
PRKAA2_-_57111086.23-P1P2	1742	5095	1
PRKAB1_+_120105816.23-P1P2	6057	4	5958
PRKAB1_+_120105831.23-P1P2	4256	5	1741
PRKAB1_+_120105979.23-P1P2	0	0	0
PRKAB1_-_120105780.23-P1P2	1490	0	1
PRKAB1_-_120105788.23-P1P2	1001	2	0
PRKAB2_+_146643609.23-P1P2	0	0	0
PRKAB2_+_146643991.23-P1P2	5873	4006	7194
PRKAB2_+_146643994.23-P1P2	0	0	0
PRKAB2_+_146644006.23-P1P2	5274	2667	1907
PRKAB2_+_146644023.23-P1P2	1598	2	0
PRKACA_+_14228134.23-P1P2	1294	1	0
PRKACA_+_14228330.23-P1P2	0	0	0
PRKACA_+_14228550.23-P1P2	0	0	0
PRKACA_+_14228563.23-P1P2	3138	5147	1443
PRKACA_-_14228145.23-P1P2	0	0	0
PRKACB_+_84610062.23-ENST00000370685.3	0	0	0
PRKACB_+_84610124.23-ENST00000370685.3	1254	3	2201
PRKACB_+_84610213.23-ENST00000370685.3	1787	2	1595
PRKACB_-_84610047.23-ENST00000370685.3	2887	6	1884
PRKACB_-_84610430.23-ENST00000370685.3	1705	0	1
PRKACG_+_71628971.23-P1P2	2208	7120	3
PRKACG_-_71628547.23-P1P2	0	0	0
PRKACG_-_71628562.23-P1P2	393	12532	1408
PRKACG_-_71628577.23-P1P2	1120	4	3759
PRKACG_-_71628940.23-P1P2	0	0	0
PRKAG1_+_49412500.23-P1P2	3120	5	2185
PRKAG1_+_49412508.23-P1P2	0	0	0
PRKAG1_+_49412513.23-P1P2	0	0	0
PRKAG1_+_49412519.23-P1P2	3998	4	1887
PRKAG1_-_49412137.23-P1P2	1408	2	1612
PRKAG2_+_151573819.23-ENST00000287878.4	4447	1149	2900
PRKAG2_+_151574227.23-ENST00000287878.4	0	0	0
PRKAG2_+_151574231.23-ENST00000287878.4	0	0	0
PRKAG2_-_151573827.23-ENST00000287878.4	0	0	0
PRKAG2_-_151573838.23-ENST00000287878.4	21091	5303	6193
PRKAG3_+_219696451.23-P1P2	3385	4896	2
PRKAG3_+_219696501.23-P1P2	0	0	0
PRKAG3_-_219696104.23-P1P2	1450	0	1
PRKAG3_-_219696486.23-P1P2	3288	1672	2
PRKAG3_-_219696537.23-P1P2	1957	1	1
PRKAR1A_+_66508565.23-P1P2	4163	3	2385
PRKAR1A_-_66508201.23-P1P2	624	0	0
PRKAR1A_-_66508255.23-P1P2	2312	1	5
PRKAR1A_-_66508601.23-P1P2	2951	10797	1753
PRKAR1A_-_66508606.23-P1P2	3721	4292	5848
PRKAR1B_+_766502.23-P2	1666	1	1031
PRKAR1B_+_766840.23-P2	2196	0	2
PRKAR1B_+_766877.23-P2	0	0	0
PRKAR1B_+_766905.23-P2	2041	8127	1727
PRKAR1B_-_751683.23-P1	1406	0	1
PRKAR1B_-_751696.23-P1	5376	2	1
PRKAR1B_-_751731.23-P1	5962	6	3518
PRKAR1B_-_751753.23-P1	0	0	0
PRKAR1B_-_751919.23-P1	624	1	1
PRKAR1B_-_766826.23-P2	6268	3	3932
PRKAR2A_+_48884705.23-P1P2	0	0	0
PRKAR2A_+_48885155.23-P1P2	3234	1181	3567
PRKAR2A_+_48885226.23-P1P2	2831	4815	1
PRKAR2A_+_48885249.23-P1P2	2607	5	4874
PRKAR2A_-_48885055.23-P1P2	0	0	0
PRKAR2B_+_106685162.23-P1P2	3611	5388	6
PRKAR2B_+_106685165.23-P1P2	0	0	0
PRKAR2B_+_106685589.23-P1P2	0	0	0
PRKAR2B_-_106685141.23-P1P2	5384	6	2973
PRKAR2B_-_106685619.23-P1P2	0	0	0
PRKCA_+_64298779.23-P1P2	775	5282	2
PRKCA_-_64298813.23-P1P2	970	4349	3440
PRKCA_-_64298956.23-P1P2	0	0	0
PRKCA_-_64298960.23-P1P2	2609	4	2097
PRKCA_-_64299002.23-P1P2	2421	2885	1789
PRKCB_+_23847768.23-P1P2	922	1	0
PRKCB_-_23847312.23-P1P2	1339	5158	1657
PRKCB_-_23847339.23-P1P2	0	0	0
PRKCB_-_23847375.23-P1P2	1605	3	1565
PRKCB_-_23847726.23-P1P2	4942	4	1083
PRKCDBP_+_6341364.23-P1P2	1489	2	0
PRKCDBP_+_6341687.23-P1P2	0	0	0
PRKCDBP_+_6341699.23-P1P2	0	0	0
PRKCDBP_+_6341709.23-P1P2	1516	0	3
PRKCDBP_+_6341715.23-P1P2	3542	3884	1452
PRKCD_+_53195217.23-P1P2	0	0	0
PRKCD_+_53195267.23-P1P2	0	0	0
PRKCD_+_53195680.23-P1P2	2075	12591	1553
PRKCD_+_53195724.23-P1P2	0	0	0
PRKCD_-_53195638.23-P1P2	2303	4	0
PRKCE_+_45878467.23-P1P2	2016	1840	1379
PRKCE_+_45878490.23-P1P2	517	3414	2
PRKCE_+_45878760.23-P1P2	0	0	0
PRKCE_-_45878483.23-P1P2	4286	1	3876
PRKCE_-_45878486.23-P1P2	2241	1	1
PRKCG_+_54385486.23-P1P2	724	3	1
PRKCG_+_54385571.23-P1P2	1837	1221	4763
PRKCG_+_54385632.23-P1P2	4664	3	8
PRKCG_+_54385665.23-P1P2	0	0	0
PRKCG_-_54385825.23-P1P2	0	0	0
PRKCH_+_61788505.23-P1P2	600	4333	3
PRKCH_-_61788470.23-P1P2	0	0	0
PRKCH_-_61788479.23-P1P2	0	0	0
PRKCH_-_61788489.23-P1P2	0	0	0
PRKCH_-_61788881.23-P1P2	2680	4	1722
PRKCI_+_169940357.23-P1P2	3432	4426	1750
PRKCI_+_169940750.23-P1P2	3539	0	0
PRKCI_-_169940251.23-P1P2	1368	3032	1480
PRKCI_-_169940693.23-P1P2	0	0	0
PRKCI_-_169940714.23-P1P2	0	0	0
PRKCQ_+_6621958.23-P1P2	0	0	0
PRKCQ_+_6622034.23-P1P2	4067	3	3023
PRKCQ_+_6622166.23-P1P2	1590	2943	3887
PRKCQ_-_6622186.23-P1P2	1194	4	3618
PRKCQ_-_6622322.23-P1P2	2867	6	1930
PRKCZ_+_1981918.23-P2	1406	2	3768
PRKCZ_+_1981929.23-P2	630	1	1502
PRKCZ_+_1981952.23-P2	2436	2500	1640
PRKCZ_+_2005137.23-P1	2161	3	1604
PRKCZ_+_2005493.23-P1	0	0	0
PRKCZ_+_2005499.23-P1	5648	2	2
PRKCZ_-_1981944.23-P2	2658	2351	1344
PRKCZ_-_1981949.23-P2	1325	10644	3592
PRKCZ_-_2005163.23-P1	3267	1	75
PRKCZ_-_2005535.23-P1	1431	2	2
PRKD1_+_30396666.23-P1P2	0	0	0
PRKD1_+_30397008.23-P1P2	1103	1	1955
PRKD1_-_30396656.23-P1P2	2742	2512	1580
PRKD1_-_30396710.23-P1P2	4867	3	1198
PRKD1_-_30397048.23-P1P2	0	0	0
PRKD2_+_47217137.23-P2	3434	3798	1145
PRKD2_+_47217145.23-P2	0	0	0
PRKD2_+_47217531.23-P2	0	0	0
PRKD2_+_47220325.23-P1	1172	0	0
PRKD2_-_47217337.23-P2	0	0	0
PRKD2_-_47217562.23-P2	0	0	0
PRKD2_-_47219929.23-P1	1039	0	946
PRKD2_-_47220163.23-P1	0	0	0
PRKD2_-_47220343.23-P1	0	0	0
PRKD2_-_47220374.23-P1	1654	1	0
PRKD3_+_37551505.23-P1P2	0	0	0
PRKD3_+_37551857.23-P1P2	1235	3	4535
PRKD3_-_37551496.23-P1P2	3184	1	1388
PRKD3_-_37551827.23-P1P2	3803	5051	2026
PRKD3_-_37551883.23-P1P2	2659	2935	0
PRKDC_+_48872269.23-P1P2	0	0	0
PRKDC_+_48872295.23-P1P2	2678	2722	1744
PRKDC_+_48872679.23-P1P2	0	0	0
PRKDC_-_48872617.23-P1P2	1068	2	0
PRKDC_-_48872669.23-P1P2	0	0	0
PRKG1_+_52751163.23-ENST00000401604.2	0	0	0
PRKG1_+_52751266.23-ENST00000401604.2	2650	4674	3565
PRKG1_+_52751578.23-ENST00000401604.2	1396	13037	6
PRKG1_-_52750786.23-ENST00000401604.2	0	0	0
PRKG1_-_52750832.23-ENST00000401604.2	0	0	0
PRKG2_-_82135960.23-P1P2	1414	0	1
PRKG2_-_82135965.23-P1P2	1459	6	2063
PRKG2_-_82135978.23-P1P2	0	0	0
PRKG2_-_82136299.23-P1P2	2543	4	1398
PRKG2_-_82136320.23-P1P2	0	0	0
PRKRA_+_179315439.23-P1P2	0	0	0
PRKRA_-_179315237.23-P1P2	2642	4052	1865
PRKRA_-_179315508.23-P1P2	3015	4	1
PRKRA_-_179315799.23-P1P2	3114	1	1700
PRKRA_-_179315903.23-P1P2	2247	3096	4
PRKRIR_+_76091746.23-P1P2	0	0	0
PRKRIR_+_76092079.23-P1P2	0	0	0
PRKRIR_+_76092097.23-P1P2	0	0	0
PRKRIR_-_76091725.23-P1P2	1059	1	1
PRKRIR_-_76092044.23-P1P2	0	0	0
PRKX_+_3631215.23-P1P2	1608	5182	1594
PRKX_+_3631236.23-P1P2	2495	3	2
PRKX_-_3631195.23-P1P2	2131	2	1
PRKX_-_3631473.23-P1P2	0	0	0
PRKX_-_3631511.23-P1P2	2922	5347	4700
PRLR_-_35230168.23-P1P2	1620	0	2
PRLR_-_35230172.23-P1P2	2503	2386	0
PRLR_-_35230190.23-P1P2	0	0	0
PRLR_-_35230215.23-P1P2	1331	4	3
PRLR_-_35230536.23-P1P2	1715	2	1400
PRNP_+_4667136.23-P1P2	1431	0	2513
PRNP_-_4667154.23-P1P2	0	0	0
PRNP_-_4667171.23-P1P2	1904	4	0
PRNP_-_4667175.23-P1P2	0	0	0
PRNP_-_4667533.23-P1P2	0	0	0
PROC_+_128176063.23-P1	1173	2	2
PROC_+_128176463.23-P1	0	0	0
PROC_-_128176025.23-P1	659	1	244
PROC_-_128176410.23-P1	1361	1	0
PROC_-_128176438.23-P1	0	0	0
PROC_-_128180882.23-P2	2346	0	0
PROC_-_128180885.23-P2	3242	3	3621
PROC_-_128180911.23-P2	2210	1	973
PROC_-_128181281.23-P2	0	0	0
PROC_-_128181311.23-P2	0	0	0
PRODH_+_18905874.23-P2	3329	1	920
PRODH_+_18905892.23-P2	1374	2	3169
PRODH_-_18905846.23-P2	1545	0	0
PRODH_-_18905861.23-P2	1406	3	2
PRODH_-_18905900.23-P2	4019	7573	4
PRODH_-_18923688.23-P1	1036	10249	1294
PRODH_-_18923746.23-P1	2755	2	3
PRODH_-_18923755.23-P1	4038	5	4
PRODH_-_18923767.23-P1	2477	1	1807
PRODH_-_18923809.23-P1	1266	460	4927
PROS1_+_93692339.23-P1P2	1599	0	1964
PROS1_+_93692674.23-P1P2	3982	2035	1537
PROS1_+_93692682.23-P1P2	3683	1	1872
PROS1_-_93692709.23-P1P2	1321	4649	1550
PROS1_-_93692736.23-P1P2	5913	3994	5
PROSC_+_37620168.23-P1P2	1537	1712	1561
PROSC_+_37620521.23-P1P2	0	0	0
PROSC_+_37620546.23-P1P2	3753	9670	1659
PROSC_+_37620601.23-P1P2	0	0	0
PROSC_-_37620176.23-P1P2	981	1	975
PROZ_+_113812949.23-P1P2	4117	5	1080
PROZ_+_113813020.23-P1P2	1593	0	1098
PROZ_+_113813024.23-P1P2	0	0	0
PROZ_-_113813034.23-P1P2	0	0	0
PROZ_-_113813408.23-P1P2	1354	0	0
PRPF4B_+_4021599.23-P1P2	0	0	0
PRPF4B_+_4021605.23-P1P2	0	0	0
PRPF4B_+_4021634.23-P1P2	0	0	0
PRPF4B_+_4021955.23-P1P2	0	0	0
PRPF4B_+_4022014.23-P1P2	0	0	0
PRPS1L1_+_18067428.23-P1P2	2139	8277	1723
PRPS1L1_-_18067089.23-P1P2	0	0	0
PRPS1L1_-_18067423.23-P1P2	0	0	0
PRPS1L1_-_18067455.23-P1P2	2710	5443	5230
PRPS1L1_-_18067459.23-P1P2	1921	6840	3013
PRSS1_+_142457357.23-P1	0	0	0
PRSS1_+_142457400.23-P1	1603	2982	1197
PRSS1_+_142457405.23-P1	392	1	0
PRSS1_+_142457408.23-P1	2604	5245	2748
PRSS1_+_142457433.23-P1	1110	6504	3243
PRSS1_+_142458550.23-P2	0	0	0
PRSS1_+_142458577.23-P2	4298	7	3
PRSS1_+_142458902.23-P2	1515	4	1
PRSS1_-_142458549.23-P2	0	0	0
PRSS1_-_142458612.23-P2	2295	3	2411
PRSS2_+_142478813.23-P1P2	0	0	0
PRSS2_+_142478816.23-P1P2	1499	1	1
PRSS2_+_142478912.23-P1P2	0	0	0
PRSS2_+_142479058.23-P1P2	2812	1	1
PRSS2_+_142479087.23-P1P2	0	0	0
PRSS3_+_33795984.23-ENST00000379405.3	0	0	0
PRSS3_-_33795525.23-ENST00000379405.3	0	0	0
PRSS3_-_33795532.23-ENST00000379405.3	2440	5	1
PRSS3_-_33795537.23-ENST00000379405.3	0	0	0
PRSS3_-_33795888.23-ENST00000379405.3	0	0	0
PRSS8_+_31146545.23-P1P2	2465	2700	3009
PRSS8_-_31146536.23-P1P2	568	1	1403
PRSS8_-_31146660.23-P1P2	0	0	0
PRSS8_-_31146993.23-P1P2	4107	4038	3009
PRSS8_-_31147027.23-P1P2	0	0	0
PRX_+_40909704.23-P1P2	3816	6	4
PRX_-_40910141.23-P1P2	1425	0	2155
PRX_-_40910146.23-P1P2	0	0	0
PRX_-_40910162.23-P1P2	0	0	0
PRX_-_40910206.23-P1P2	1776	5	3601
PSAP_+_73610595.23-P1P2	0	0	0
PSAP_+_73610873.23-P1P2	1367	0	1
PSAP_+_73610982.23-P1P2	1497	2	2
PSAP_+_73610992.23-P1P2	1523	3	1
PSAP_+_73611056.23-P1P2	1843	2	0
PSAT1_+_80912254.23-P1P2	4126	6773	5814
PSAT1_+_80912287.23-P1P2	3061	1	2
PSAT1_+_80912504.23-P1P2	6326	3820	1371
PSAT1_-_80912059.23-P1P2	1001	6712	1997
PSAT1_-_80912498.23-P1P2	1430	6271	3070
PSKH1_+_67927206.23-P1P2	0	0	0
PSKH1_+_67927364.23-P1P2	0	0	0
PSKH1_-_67927181.23-P1P2	1354	1	4766
PSKH1_-_67927184.23-P1P2	1604	961	1658
PSKH1_-_67927187.23-P1P2	0	0	0
PSKH2_+_87081709.23-P1P2	951	3010	3376
PSKH2_+_87081815.23-P1P2	3535	8842	4023
PSKH2_-_87081602.23-P1P2	3272	1	2
PSKH2_-_87081683.23-P1P2	0	0	0
PSKH2_-_87081885.23-P1P2	4637	5	1643
PSPH_+_56101642.23-P1	4028	2	2681
PSPH_+_56101774.23-P1	1692	6179	1170
PSPH_+_56101777.23-P1	0	0	0
PSPH_+_56119106.23-P2	2831	4714	2
PSPH_+_56119260.23-P2	1611	3	1758
PSPH_-_56101635.23-P1	0	0	0
PSPH_-_56101769.23-P1	7353	2	6
PSPH_-_56118936.23-P2	0	0	0
PSPH_-_56119094.23-P2	0	0	0
PSPH_-_56119277.23-P2	0	0	0
PSTPIP1_+_77287587.23-P1P2	0	0	0
PSTPIP1_+_77287737.23-P1P2	0	0	0
PSTPIP1_+_77287750.23-P1P2	0	0	0
PSTPIP1_+_77287907.23-P1P2	0	0	0
PSTPIP1_-_77287900.23-P1P2	4010	1	0
PSTPIP2_+_43651809.23-P1P2	4717	12158	4984
PSTPIP2_-_43651770.23-P1P2	0	0	0
PSTPIP2_-_43652170.23-P1P2	4483	8	7383
PSTPIP2_-_43652207.23-P1P2	0	0	0
PSTPIP2_-_43652233.23-P1P2	6036	3944	1
PTDSS1_+_97274138.23-P1P2	0	0	0
PTDSS1_+_97274156.23-P1P2	0	0	0
PTDSS1_+_97274175.23-P1P2	0	0	0
PTDSS1_+_97274204.23-P1P2	0	0	0
PTDSS1_-_97274195.23-P1P2	0	0	0
PTDSS2_+_450293.23-P1P2	1954	1	1706
PTDSS2_+_450673.23-P1P2	0	0	0
PTDSS2_+_450723.23-P1P2	0	0	0
PTDSS2_+_450731.23-P1P2	0	0	0
PTDSS2_-_450465.23-P1P2	1531	2701	3082
PTEN_+_89623388.23-P1P2	7162	4	5
PTEN_+_89623582.23-P1P2	0	0	0
PTEN_-_89623395.23-P1P2	1574	0	2166
PTEN_-_89623478.23-P1P2	0	0	0
PTEN_-_89623526.23-P1P2	0	0	0
PTGDR_+_52734453.23-P1P2	4008	4	3
PTGDR_+_52734501.23-P1P2	1034	4489	2530
PTGDR_+_52734788.23-P1P2	1160	1	3241
PTGDR_-_52734459.23-P1P2	2518	3560	1295
PTGDR_-_52734936.23-P1P2	0	0	0
PTGER1_+_14585731.23-P1P2	843	1683	5
PTGER1_+_14585743.23-P1P2	0	0	0
PTGER1_+_14585797.23-P1P2	0	0	0
PTGER1_+_14586134.23-P1P2	4823	4212	1916
PTGER1_-_14586108.23-P1P2	0	0	0
PTGER2_+_52781055.23-P1P2	1461	3	5404
PTGER2_+_52781454.23-P1P2	2357	2	1358
PTGER2_+_52781466.23-P1P2	0	0	0
PTGER2_+_52781514.23-P1P2	3077	2	2245
PTGER2_-_52781108.23-P1P2	2036	6	1479
PTGER3_+_71513066.23-P1P2	2826	3	1417
PTGER3_-_71512832.23-P1P2	1455	1	0
PTGER3_-_71513448.23-P1P2	3850	2	1377
PTGER3_-_71513458.23-P1P2	2124	3	7206
PTGER3_-_71513492.23-P1P2	0	0	0
PTGER4_+_40680091.23-P1	2277	1	2
PTGER4_+_40680118.23-P1	3165	2182	3
PTGER4_+_40681087.23-P2	0	0	0
PTGER4_+_40681099.23-P2	1430	5903	2
PTGER4_+_40681104.23-P2	1355	8252	3112
PTGER4_+_40681123.23-P2	829	2	0
PTGER4_+_40681478.23-P2	1568	0	0
PTGER4_-_40680066.23-P1	1946	4	5317
PTGER4_-_40680495.23-P1	0	0	0
PTGER4_-_40680532.23-P1	1662	6058	1466
PTGFR_+_78956729.23-P1	0	0	0
PTGFR_+_78957106.23-P1	4592	1	8
PTGFR_+_78957184.23-P1	695	4988	1620
PTGFR_+_78958341.23-P2	1059	0	0
PTGFR_+_78958349.23-P2	0	0	0
PTGFR_+_78958790.23-P2	0	0	0
PTGFR_-_78956708.23-P1	1575	1	1682
PTGFR_-_78956776.23-P1	0	0	0
PTGFR_-_78958617.23-P2	0	0	0
PTGFR_-_78958804.23-P2	0	0	0
PTGIR_+_47128252.23-P1P2	3275	2	4485
PTGIR_+_47128276.23-P1P2	2968	4083	6920
PTGIR_+_47128281.23-P1P2	2583	2	1831
PTGIR_+_47128295.23-P1P2	0	0	0
PTGIR_+_47128312.23-P1P2	3216	2781	1670
PTGIS_+_48184271.23-P1P2	0	0	0
PTGIS_+_48184276.23-P1P2	780	0	0
PTGIS_+_48184439.23-P1P2	0	0	0
PTGIS_-_48184220.23-P1P2	1162	1	4674
PTGIS_-_48184590.23-P1P2	1564	7546	2048
PTGR1_+_114361533.23-P1P2	0	0	0
PTGR1_+_114361887.23-P1P2	0	0	0
PTGR1_+_114361903.23-P1P2	3038	4197	1756
PTGR1_-_114361683.23-P1P2	868	4881	1879
PTGR1_-_114361694.23-P1P2	1254	1	1
PTGR2_+_74318668.23-P1P2	4853	7	1724
PTGR2_-_74318646.23-P1P2	3893	4	1
PTGR2_-_74318679.23-P1P2	0	0	0
PTGR2_-_74318707.23-P1P2	1947	2007	2
PTGR2_-_74318712.23-P1P2	928	3	1150
PTGS1_+_125133327.23-P1P2	4989	5447	2403
PTGS1_+_125133368.23-P1P2	499	0	659
PTGS1_+_125133810.23-P1P2	0	0	0
PTGS1_-_125133538.23-P1P2	0	0	0
PTGS1_-_125133678.23-P1P2	3503	5	3
PTH1R_+_46924836.23-P1P2	0	0	0
PTH1R_+_46924840.23-P1P2	325	3	1944
PTH1R_+_46925168.23-P1P2	982	3	0
PTH1R_-_46925175.23-P1P2	4810	5	2012
PTH1R_-_46925195.23-P1P2	1592	2	2580
PTH_+_13517131.23-P1P2	0	0	0
PTH_+_13517163.23-P1P2	0	0	0
PTH_-_13517064.23-P1P2	0	0	0
PTH_-_13517558.23-P1P2	0	0	0
PTH_-_13517596.23-P1P2	0	0	0
PTK2B_+_27183067.23-P1P2	0	0	0
PTK2B_+_27183086.23-P1P2	3151	2	2349
PTK2B_+_27183089.23-P1P2	0	0	0
PTK2B_+_27183095.23-P1P2	816	0	0
PTK2B_+_27183126.23-P1P2	2831	2	1242
PTK2_+_142011368.23-P1P2	3534	5209	3
PTK2_-_142011269.23-P1P2	1031	0	1517
PTK2_-_142011334.23-P1P2	1152	0	1
PTK2_-_142011340.23-P1P2	4054	3181	933
PTK2_-_142011343.23-P1P2	425	0	1015
PTK6_+_62168447.23-P1P2	0	0	0
PTK6_+_62168623.23-P1P2	2942	2	0
PTK6_-_62168636.23-P1P2	1584	1	2
PTK6_-_62168668.23-P1P2	1381	0	1
PTK6_-_62168672.23-P1P2	731	4129	1
PTK7_+_43044489.23-P1P2	6245	8260	2609
PTK7_-_43044417.23-P1P2	532	0	4
PTK7_-_43044422.23-P1P2	0	0	0
PTK7_-_43044433.23-P1P2	3484	7	3
PTK7_-_43044454.23-P1P2	0	0	0
PTP4A1_+_64282692.23-P1P2	3690	11839	6349
PTP4A1_-_64282833.23-P1P2	0	0	0
PTP4A1_-_64282867.23-P1P2	1008	8704	1
PTP4A1_-_64282902.23-P1P2	4620	10499	6393
PTP4A1_-_64282965.23-P1P2	3132	4894	2
PTP4A2_+_32403849.23-P1P2	999	0	2
PTP4A2_+_32403888.23-P1P2	1051	1	1708
PTP4A2_+_32403897.23-P1P2	0	0	0
PTP4A2_-_32403484.23-P1P2	0	0	0
PTP4A2_-_32403917.23-P1P2	0	0	0
PTP4A3_+_142402150.23-P1P2	1614	1	1
PTP4A3_+_142402153.23-P1P2	2464	8	3004
PTP4A3_+_142402168.23-P1P2	6231	1647	5903
PTP4A3_+_142402180.23-P1P2	1581	0	1874
PTP4A3_+_142402502.23-P1P2	0	0	0
PTPDC1_+_96793098.23-P1P2	928	8076	2359
PTPDC1_+_96793126.23-P1P2	0	0	0
PTPDC1_+_96793142.23-P1P2	1114	4504	1
PTPDC1_+_96793154.23-P1P2	5581	2708	7687
PTPDC1_-_96793136.23-P1P2	1313	58	1193
PTPLA_+_17659313.23-P1P2	4814	4201	1
PTPLA_+_17659316.23-P1P2	0	0	0
PTPLA_-_17659256.23-P1P2	633	0	0
PTPLA_-_17659268.23-P1P2	3355	7	1843
PTPLA_-_17659391.23-P1P2	2737	811	2
PTPLB_+_123303861.23-P1P2	0	0	0
PTPLB_+_123303870.23-P1P2	0	0	0
PTPLB_+_123303882.23-P1P2	0	0	0
PTPLB_+_123303889.23-P1P2	4380	5929	4077
PTPLB_-_123303937.23-P1P2	954	1	3019
PTPMT1_+_47587224.23-P1P2	0	0	0
PTPMT1_+_47587324.23-P1P2	1028	4	3649
PTPMT1_+_47587389.23-P1P2	0	0	0
PTPMT1_+_47587437.23-P1P2	0	0	0
PTPMT1_-_47587624.23-P1P2	0	0	0
PTPN11_+_112857139.23-P1P2	1585	1401	5210
PTPN11_+_112857175.23-P1P2	2724	5908	6490
PTPN11_-_112856894.23-P1P2	1744	8363	1708
PTPN11_-_112856929.23-P1P2	3232	1860	1949
PTPN11_-_112857218.23-P1P2	0	0	0
PTPN12_+_77166700.23-P1P2	947	1	3685
PTPN12_+_77167035.23-P1P2	0	0	0
PTPN12_-_77166570.23-P1P2	0	0	0
PTPN12_-_77166641.23-P1P2	1632	1	0
PTPN12_-_77166759.23-P1P2	887	5099	1398
PTPN13_+_87515518.23-P1P2	338	2120	115
PTPN13_+_87515528.23-P1P2	3377	3	3912
PTPN13_-_87515481.23-P1P2	4590	5	3247
PTPN13_-_87515492.23-P1P2	1654	4	1782
PTPN13_-_87515661.23-P1P2	4307	5	2731
PTPN14_+_214724445.23-P1P2	1208	2	2
PTPN14_+_214724894.23-P1P2	2222	9072	3916
PTPN14_+_214724909.23-P1P2	4980	6549	6850
PTPN14_-_214724508.23-P1P2	5205	5	1563
PTPN14_-_214724712.23-P1P2	2897	3	3254
PTPN18_+_131113855.23-P2	1393	1	1
PTPN18_+_131114016.23-P2	0	0	0
PTPN18_+_131114024.23-P2	1504	2	1668
PTPN18_+_131129791.23-P1	2185	5	4946
PTPN18_+_131129822.23-P1	836	4194	1584
PTPN18_+_131129861.23-P1	2717	2924	3
PTPN18_-_131114058.23-P2	0	0	0
PTPN18_-_131114079.23-P2	1131	2	0
PTPN18_-_131129881.23-P1	432	1	3
PTPN18_-_131130253.23-P1	3959	5004	1922
PTPN1_+_49127138.23-P1P2	1303	3	3344
PTPN1_+_49127347.23-P1P2	0	0	0
PTPN1_-_49126945.23-P1P2	2529	3	2569
PTPN1_-_49127012.23-P1P2	4189	2	3
PTPN1_-_49127127.23-P1P2	1516	2924	2
PTPN20B_+_48806691.23-ENST00000374233.3	0	0	0
PTPN20B_+_48806914.23-ENST00000374233.3	0	0	0
PTPN20B_+_48827463.23-ENST00000331650.4,ENST00000395668.1	0	0	0
PTPN20B_+_48827518.23-ENST00000331650.4,ENST00000395668.1	1294	1	0
PTPN20B_+_48827518.23-ENST00000509631.1,ENST00000514491.1	1294	1	0
PTPN20B_+_48827527.23-ENST00000509631.1,ENST00000514491.1	2098	5534	3
PTPN20B_+_48827567.23-ENST00000509631.1,ENST00000514491.1	1235	0	0
PTPN20B_+_48827846.23-ENST00000331650.4,ENST00000395668.1	0	0	0
PTPN20B_+_48827877.23-ENST00000331650.4,ENST00000395668.1	1174	0	2
PTPN20B_-_48806491.23-ENST00000374233.3	0	0	0
PTPN20B_-_48806831.23-ENST00000374233.3	1492	1	2
PTPN20B_-_48806852.23-ENST00000374233.3	1837	1	1
PTPN20B_-_48827138.23-ENST00000509631.1,ENST00000514491.1	6051	4	1591
PTPN20B_-_48827547.23-ENST00000331650.4,ENST00000395668.1	2371	6168	7793
PTPN20B_-_48827547.23-ENST00000509631.1,ENST00000514491.1	2371	6168	7793
PTPN21_+_89020854.23-P1P2	1887	6242	3794
PTPN21_-_89020899.23-P1P2	1626	1	1922
PTPN21_-_89021192.23-P1P2	0	0	0
PTPN21_-_89021266.23-P1P2	2142	9977	1472
PTPN21_-_89021300.23-P1P2	4051	3786	5
PTPN22_+_114414389.23-P1P2	0	0	0
PTPN22_-_114414140.23-P1P2	0	0	0
PTPN22_-_114414151.23-P1P2	1242	0	2119
PTPN22_-_114414171.23-P1P2	0	0	0
PTPN22_-_114414284.23-P1P2	1331	0	0
PTPN23_+_47422581.23-P1P2	0	0	0
PTPN23_+_47422702.23-P1P2	1675	0	2
PTPN23_+_47422904.23-P1P2	1711	3	3555
PTPN23_+_47422915.23-P1P2	1336	2232	1
PTPN23_+_47422954.23-P1P2	2798	4	949
PTPN2_+_12884205.23-P1P2	5551	2776	2507
PTPN2_+_12884256.23-P1P2	1045	4	1182
PTPN2_-_12883808.23-P1P2	2240	6365	3
PTPN2_-_12884182.23-P1P2	0	0	0
PTPN2_-_12884209.23-P1P2	0	0	0
PTPN3_+_112260332.23-P1P2	0	0	0
PTPN3_+_112260578.23-P1P2	1624	3934	4
PTPN3_-_112260154.23-P1P2	1195	1	0
PTPN3_-_112260513.23-P1P2	666	4	5086
PTPN3_-_112260548.23-P1P2	2601	2	986
PTPN4_+_120517494.23-P1P2	0	0	0
PTPN4_+_120517508.23-P1P2	2549	3	2119
PTPN4_+_120517893.23-P1P2	3296	4	2936
PTPN4_-_120517874.23-P1P2	3347	2011	3
PTPN4_-_120517960.23-P1P2	1451	1	0
PTPN5_+_18812703.23-P1P2	1338	1	2
PTPN5_+_18813061.23-P1P2	0	0	0
PTPN5_+_18813175.23-P1P2	4795	8	1904
PTPN5_-_18812712.23-P1P2	0	0	0
PTPN5_-_18813046.23-P1P2	1750	4	1912
PTPN6_+_7060612.23-P1P2	653	1	3491
PTPN6_+_7060616.23-P1P2	1323	4	1592
PTPN6_+_7060928.23-P1P2	712	3	1
PTPN6_+_7061043.23-P1P2	2952	1	1
PTPN6_-_7060554.23-P1P2	3857	5	1
PTPN7_+_202129509.23-P1P2	2054	3	0
PTPN7_+_202129592.23-P1P2	1667	0	2
PTPN7_-_202128782.23-P1P2	0	0	0
PTPN7_-_202129293.23-P1P2	1355	5402	1361
PTPN7_-_202129311.23-P1P2	3065	0	2
PTPN9_+_75871311.23-P1P2	4366	1454	7
PTPN9_-_75871422.23-P1P2	0	0	0
PTPN9_-_75871564.23-P1P2	0	0	0
PTPN9_-_75871589.23-P1P2	0	0	0
PTPN9_-_75871641.23-P1P2	1092	4343	2
PTPRA_+_2854206.23-P1P2	1527	0	3
PTPRA_+_2854209.23-P1P2	4731	5	1862
PTPRA_+_2854528.23-P1P2	1148	2386	3074
PTPRA_-_2854133.23-P1P2	0	0	0
PTPRA_-_2854679.23-P1P2	4021	1	2242
PTPRB_+_71031111.23-P1P2	6952	8	2394
PTPRB_+_71031153.23-P1P2	1699	0	1176
PTPRB_-_71030803.23-P1P2	0	0	0
PTPRB_-_71030962.23-P1P2	0	0	0
PTPRB_-_71031143.23-P1P2	0	0	0
PTPRC_+_198608179.23-P1P2	4120	7966	8831
PTPRC_+_198608590.23-P1P2	0	0	0
PTPRC_-_198608218.23-P1P2	0	0	0
PTPRC_-_198608231.23-P1P2	0	0	0
PTPRC_-_198608263.23-P1P2	0	0	0
PTPRD_+_10033716.23-ENST00000381196.4	0	0	0
PTPRD_+_10033730.23-ENST00000381196.4	0	0	0
PTPRD_+_8733454.23-ENST00000356435.5,ENST00000540109.1	0	0	0
PTPRD_+_8733645.23-ENST00000356435.5,ENST00000540109.1	0	0	0
PTPRD_+_8733732.23-ENST00000356435.5,ENST00000540109.1	1632	2	2
PTPRD_+_8733896.23-ENST00000356435.5,ENST00000540109.1	2489	2298	3016
PTPRD_-_10033370.23-ENST00000381196.4	0	0	0
PTPRD_-_10033402.23-ENST00000381196.4	0	0	0
PTPRD_-_10033759.23-ENST00000381196.4	0	0	0
PTPRD_-_8733960.23-ENST00000356435.5,ENST00000540109.1	2779	5003	3025
PTPRE_+_129705239.23-ENST00000254667.3	1262	4300	2
PTPRE_+_129705603.23-ENST00000254667.3	1504	1	1
PTPRE_+_129785535.23-ENST00000419012.2	1580	1	0
PTPRE_+_129785582.23-ENST00000419012.2	0	0	0
PTPRE_+_129785797.23-ENST00000419012.2	0	0	0
PTPRE_+_129785808.23-ENST00000419012.2	0	0	0
PTPRE_-_129705436.23-ENST00000254667.3	1325	2	4715
PTPRE_-_129705746.23-ENST00000254667.3	1126	4991	1876
PTPRE_-_129705947.23-ENST00000254667.3	2181	1	2525
PTPRE_-_129786028.23-ENST00000419012.2	1372	3077	0
PTPRF_+_43997037.23-P1P2	0	0	0
PTPRF_+_43997040.23-P1P2	1101	5883	1836
PTPRF_-_43996596.23-P1P2	0	0	0
PTPRF_-_43996761.23-P1P2	3538	1361	2024
PTPRF_-_43996980.23-P1P2	5020	3	3561
PTPRG_+_61547253.23-P1P2	811	1	1417
PTPRG_+_61547682.23-P1P2	1303	3	0
PTPRG_+_61547717.23-P1P2	646	0	1907
PTPRG_+_61547724.23-P1P2	2149	1	1913
PTPRG_-_61547264.23-P1P2	0	0	0
PTPRH_+_55720802.23-P1P2	0	0	0
PTPRH_+_55720831.23-P1P2	0	0	0
PTPRH_+_55720837.23-P1P2	1132	0	2
PTPRH_+_55720847.23-P1P2	0	0	0
PTPRH_-_55720820.23-P1P2	1620	2825	1
PTPRJ_+_48002160.23-P1P2	959	12433	1353
PTPRJ_+_48002288.23-P1P2	2712	3	353
PTPRJ_-_48002135.23-P1P2	6152	5576	4703
PTPRJ_-_48002138.23-P1P2	0	0	0
PTPRJ_-_48002766.23-P1P2	10817	8	5143
PTPRK_+_128812664.23-P2	1638	4864	2
PTPRK_+_128812887.23-P2	3672	3997	1424
PTPRK_+_128812975.23-P2	5595	3	7025
PTPRK_+_128841306.23-P1	0	0	0
PTPRK_+_128841326.23-P1	1344	2	371
PTPRK_+_128841714.23-P1	3043	3	3893
PTPRK_-_128812763.23-P2	3206	1	2
PTPRK_-_128812941.23-P2	1489	2	3820
PTPRK_-_128841669.23-P1	0	0	0
PTPRK_-_128841729.23-P1	2481	10514	316
PTPRM_+_7567308.23-P1P2	0	0	0
PTPRM_+_7567311.23-P1P2	2743	3	2100
PTPRM_+_7567639.23-P1P2	1185	9904	1444
PTPRM_+_7567648.23-P1P2	0	0	0
PTPRM_-_7567324.23-P1P2	560	7391	2
PTPRN2_+_158380111.23-ENST00000389416.4,ENST00000389418.4,ENST00000409483.1	1197	4	1433
PTPRN2_+_158380139.23-ENST00000389416.4,ENST00000389418.4,ENST00000409483.1	387	3535	2
PTPRN2_-_158380061.23-ENST00000389416.4,ENST00000389418.4,ENST00000409483.1	0	0	0
PTPRN2_-_158380151.23-ENST00000389416.4,ENST00000389418.4,ENST00000409483.1	2439	1	2
PTPRN2_-_158380293.23-ENST00000389416.4,ENST00000389418.4,ENST00000409483.1	2118	1	1461
PTPRN_+_220173668.23-P1P2	1045	2	734
PTPRN_+_220173680.23-P1P2	0	0	0
PTPRN_+_220173717.23-P1P2	669	1	1
PTPRN_+_220173737.23-P1P2	1287	0	1
PTPRN_+_220174048.23-P1P2	0	0	0
PTPRO_+_15475672.23-P1P2	0	0	0
PTPRO_+_15475859.23-P1P2	3197	6204	4804
PTPRO_-_15475488.23-P1P2	1483	4502	4
PTPRO_-_15475496.23-P1P2	0	0	0
PTPRO_-_15475504.23-P1P2	688	0	1
PTPRR_-_71314411.23-P1P2	1179	4883	3200
PTPRR_-_71314414.23-P1P2	0	0	0
PTPRR_-_71314459.23-P1P2	0	0	0
PTPRR_-_71314464.23-P1P2	1324	1	1
PTPRR_-_71314467.23-P1P2	0	0	0
PTPRS_+_5340389.23-P1P2	1268	4719	7
PTPRS_+_5340586.23-P1P2	1914	8699	3823
PTPRS_+_5340598.23-P1P2	2163	5	8134
PTPRS_+_5340836.23-P1P2	0	0	0
PTPRS_-_5340748.23-P1P2	0	0	0
PTPRZ1_+_121513259.23-P1P2	1657	2	1
PTPRZ1_+_121513591.23-P1P2	1646	1	1
PTPRZ1_-_121513222.23-P1P2	2656	3	3920
PTPRZ1_-_121513629.23-P1P2	307	1	0
PTPRZ1_-_121513634.23-P1P2	1389	1	0
PTS_+_112097213.23-P1P2	475	0	17
PTS_+_112097553.23-P1P2	0	0	0
PTS_+_112097564.23-P1P2	0	0	0
PTS_-_112097179.23-P1P2	0	0	0
PTS_-_112097185.23-P1P2	1272	2920	3
PURA_+_139487386.23-P1	4814	7397	2225
PURA_+_139487400.23-P1	3808	1544	1957
PURA_+_139487809.23-P1	0	0	0
PURA_+_139494073.23-P2	0	0	0
PURA_+_139494085.23-P2	3770	4947	3
PURA_-_139487453.23-P1	2884	3	1976
PURA_-_139487457.23-P1	1606	4337	3
PURA_-_139493769.23-P2	1101	6183	402
PURA_-_139493772.23-P2	0	0	0
PURA_-_139493785.23-P2	760	4	1560
PVALB_+_37212683.23-P1P2	1126	0	1
PVALB_+_37212687.23-P1P2	1171	0	1
PVALB_+_37213006.23-P1P2	0	0	0
PVALB_-_37212674.23-P1P2	746	4856	1646
PVALB_-_37212882.23-P1P2	0	0	0
PVR_+_45147202.23-P1P2	1692	4953	2
PVR_+_45147543.23-P1P2	0	0	0
PVR_+_45147646.23-P1P2	827	2	2931
PVR_-_45147624.23-P1P2	0	0	0
PVR_-_45147640.23-P1P2	0	0	0
PXK_+_58318664.23-P1P2	2058	0	0
PXK_+_58318673.23-P1P2	2643	4	1
PXK_+_58319125.23-P1P2	0	0	0
PXK_-_58318628.23-P1P2	0	0	0
PXK_-_58318644.23-P1P2	5473	1	1586
PYCR1_+_79895081.23-P1P2	1803	1	1
PYCR1_+_79895132.23-P1P2	2609	4802	1957
PYCR1_-_79894753.23-P1P2	1700	3	3200
PYCR1_-_79894778.23-P1P2	0	0	0
PYCR1_-_79894942.23-P1P2	1003	2	1025
PYCR2_+_226111957.23-P1P2	1227	2252	3
PYCR2_-_226111420.23-P1P2	4255	9117	3766
PYCR2_-_226111879.23-P1P2	2130	5908	2127
PYCR2_-_226111910.23-P1P2	2433	3	1473
PYCR2_-_226111925.23-P1P2	1491	4	1469
PYCRL_+_144691674.23-P1P2	2553	1	3
PYCRL_+_144691714.23-P1P2	1578	3	2145
PYCRL_+_144691725.23-P1P2	0	0	0
PYCRL_+_144691734.23-P1P2	6767	3406	7
PYCRL_-_144691702.23-P1P2	1585	1	3
PYGL_+_51410734.23-P1P2	731	0	1
PYGL_+_51411102.23-P1P2	0	0	0
PYGL_-_51410773.23-P1P2	0	0	0
PYGL_-_51410795.23-P1P2	0	0	0
PYGL_-_51411111.23-P1P2	1122	2	1634
PYGM_+_64526960.23-P1P2	0	0	0
PYGM_-_64527403.23-P1P2	5136	10	3482
PYGM_-_64527411.23-P1P2	0	0	0
PYGM_-_64527415.23-P1P2	0	0	0
PYGM_-_64527418.23-P1P2	1202	1	1
QDPR_+_17513214.23-P1P2	1387	3	2
QDPR_+_17513292.23-P1P2	0	0	0
QDPR_+_17513483.23-P1P2	0	0	0
QDPR_+_17513624.23-P1P2	0	0	0
QDPR_-_17513476.23-P1P2	0	0	0
QPCT_+_37572065.23-P1P2	0	0	0
QPCT_-_37571869.23-P1P2	0	0	0
QPCT_-_37571894.23-P1P2	0	0	0
QPCT_-_37571905.23-P1P2	8218	1690	0
QPCT_-_37572354.23-P1P2	0	0	0
QPRT_+_29690469.23-P1	3717	3348	1807
QPRT_+_29690910.23-P1	0	0	0
QPRT_+_29690950.23-P1	1400	12014	4
QPRT_+_29706450.23-P2	4194	1	1
QPRT_-_29690521.23-P1	2099	2	0
QPRT_-_29690538.23-P1	2890	1	3
QPRT_-_29706085.23-P2	829	3	1771
QPRT_-_29706127.23-P2	0	0	0
QPRT_-_29706423.23-P2	0	0	0
QPRT_-_29706468.23-P2	2428	5	4
RAB5A_+_19989183.23-P1P2	0	0	0
RAB5A_-_19988642.23-P1P2	0	0	0
RAB5A_-_19988651.23-P1P2	1726	2	3786
RAB5A_-_19988839.23-P1P2	3032	9	4748
RAB5A_-_19989006.23-P1P2	5335	1	3674
RAB7A_+_128445197.23-P1P2	0	0	0
RAB7A_+_128445491.23-P1P2	2692	2	4
RAB7A_-_128445050.23-P1P2	1025	3008	2
RAB7A_-_128445053.23-P1P2	2100	1	3
RAB7A_-_128445444.23-P1P2	1438	3	3207
RAB8B_+_63481787.23-P1P2	5059	6428	1529
RAB8B_+_63481798.23-P1P2	1520	3	1340
RAB8B_-_63481813.23-P1P2	1866	7741	68
RAB8B_-_63481991.23-P1P2	1507	5	4084
RAB8B_-_63482247.23-P1P2	2531	3	2
RAB9A_+_13707244.23-P1P2	3259	1334	3018
RAB9A_+_13707254.23-P1P2	9323	5759	554
RAB9A_+_13707356.23-P1P2	652	2294	2
RAB9A_+_13707571.23-P1P2	1747	2	3382
RAB9A_-_13707307.23-P1P2	3940	4694	246
RABGGTA_+_24740407.23-P1P2	519	1	2
RABGGTA_-_24740348.23-P1P2	0	0	0
RABGGTA_-_24740361.23-P1P2	148	0	0
RABGGTA_-_24740700.23-P1P2	0	0	0
RABGGTA_-_24740777.23-P1P2	0	0	0
RABGGTB_+_76251918.23-P1P2	0	0	0
RABGGTB_-_76251922.23-P1P2	0	0	0
RABGGTB_-_76251992.23-P1P2	0	0	0
RABGGTB_-_76251996.23-P1P2	0	0	0
RABGGTB_-_76252008.23-P1P2	0	0	0
RAF1_+_12705570.23-P1P2	0	0	0
RAF1_+_12705583.23-P1P2	0	0	0
RAF1_-_12705166.23-P1P2	854	5352	6204
RAF1_-_12705175.23-P1P2	1330	0	1
RAF1_-_12705598.23-P1P2	0	0	0
RALA_+_39663547.23-P1P2	1635	3451	1037
RALA_+_39663630.23-P1P2	347	5181	3020
RALA_-_39663173.23-P1P2	983	2431	0
RALA_-_39663198.23-P1P2	1793	1	1
RALA_-_39663201.23-P1P2	1025	1	3
RAMP1_+_238768719.23-P1P2	1599	3678	3787
RAMP1_-_238768303.23-P1P2	0	0	0
RAMP1_-_238768347.23-P1P2	3273	7	5309
RAMP1_-_238768547.23-P1P2	2698	2	4608
RAMP1_-_238768667.23-P1P2	4253	2389	1470
RAMP2_+_40913311.23-P1P2	885	1960	3
RAMP2_-_40913297.23-P1P2	0	0	0
RAMP2_-_40913338.23-P1P2	1623	1	1965
RAMP2_-_40913676.23-P1P2	1271	1	4798
RAMP2_-_40913723.23-P1P2	1754	2	1734
RAMP3_+_45197836.23-P1P2	0	0	0
RAMP3_-_45197416.23-P1P2	759	5123	2101
RAMP3_-_45197447.23-P1P2	2314	1920	891
RAMP3_-_45197828.23-P1P2	0	0	0
RAMP3_-_45197918.23-P1P2	1222	2	2
RARG_+_53614095.23-P1	1563	2	1071
RARG_+_53614104.23-P1	1210	1	88
RARG_+_53614111.23-P1	0	0	0
RARG_+_53625569.23-P2	0	0	0
RARG_+_53625616.23-P2	0	0	0
RARG_+_53625742.23-P2	0	0	0
RARG_-_53613910.23-P1	1455	2	3970
RARG_-_53614032.23-P1	7233	1502	3293
RARG_-_53625531.23-P2	0	0	0
RARG_-_53625986.23-P2	0	0	0
RARRES1_+_158449752.23-P1P2	1470	0	3407
RARRES1_+_158449857.23-P1P2	1545	2	1256
RARRES1_-_158449770.23-P1P2	0	0	0
RARRES1_-_158450220.23-P1P2	2889	2	2
RARRES1_-_158450242.23-P1P2	2862	2912	58
RBKS_+_28113185.23-P1P2	2477	0	2449
RBKS_+_28113231.23-P1P2	0	0	0
RBKS_+_28113235.23-P1P2	1381	4	0
RBKS_-_28113696.23-P1P2	3789	3	0
RBKS_-_28113758.23-P1P2	3246	1	0
RBP1_+_139258060.23-P1P2	0	0	0
RBP1_+_139258429.23-P1P2	0	0	0
RBP1_+_139258444.23-P1P2	2388	2562	2026
RBP1_-_139258247.23-P1P2	1306	4246	1
RBP1_-_139258440.23-P1P2	0	0	0
RBP3_+_48390485.23-P1P2	1394	2	0
RBP3_+_48390915.23-P1P2	2580	8090	5468
RBP3_+_48390958.23-P1P2	1052	0	2193
RBP3_-_48390580.23-P1P2	2472	2	1
RBP3_-_48390593.23-P1P2	0	0	0
RCVRN_+_9808115.23-P1P2	768	0	1
RCVRN_+_9808163.23-P1P2	1349	0	1
RCVRN_+_9808421.23-P1P2	0	0	0
RCVRN_-_9808512.23-P1P2	0	0	0
RCVRN_-_9808584.23-P1P2	4624	5	2376
RDH12_+_68189384.23-P1P2	0	0	0
RDH12_+_68189400.23-P1P2	1299	1	1942
RDH12_+_68189715.23-P1P2	1302	3013	2794
RDH12_-_68189276.23-P1P2	0	0	0
RDH12_-_68189674.23-P1P2	0	0	0
RDH13_+_55574459.23-P1	0	0	0
RDH13_+_55580854.23-P2	1683	0	0
RDH13_+_55580857.23-P2	0	0	0
RDH13_-_55574432.23-P1	3289	3	1774
RDH13_-_55574436.23-P1	1377	5159	4008
RDH13_-_55574478.23-P1	0	0	0
RDH13_-_55574502.23-P1	2258	5854	1264
RDH13_-_55580388.23-P2	1005	5283	5
RDH13_-_55580828.23-P2	0	0	0
RDH13_-_55580864.23-P2	0	0	0
RDH14_+_18741501.23-P1P2	0	0	0
RDH14_+_18741620.23-P1P2	0	0	0
RDH14_+_18741677.23-P1P2	2390	1	1
RDH14_+_18741900.23-P1P2	1709	2091	1969
RDH14_-_18741934.23-P1P2	4332	3140	4247
RDH5_+_56114174.23-P1P2	0	0	0
RDH5_-_56114211.23-P1P2	0	0	0
RDH5_-_56114214.23-P1P2	1402	0	2116
RDH5_-_56114444.23-P1P2	1638	6	3342
RDH5_-_56114600.23-P1P2	0	0	0
RDH8_+_10124185.23-P1P2	0	0	0
RDH8_-_10124161.23-P1P2	0	0	0
RDH8_-_10124166.23-P1P2	3398	5153	2288
RDH8_-_10124176.23-P1P2	1350	0	1830
RDH8_-_10124230.23-P1P2	0	0	0
RDX_+_110167318.23-P1P2	1298	4	1
RDX_+_110167330.23-P1P2	896	0	1486
RDX_-_110166897.23-P1P2	1392	5	1526
RDX_-_110166909.23-P1P2	0	0	0
RDX_-_110167265.23-P1P2	0	0	0
REG1A_+_79348065.23-P1P2	0	0	0
REG1A_-_79347608.23-P1P2	0	0	0
REG1A_-_79347640.23-P1P2	1353	2	1
REG1A_-_79347850.23-P1P2	0	0	0
REG1A_-_79347869.23-P1P2	0	0	0
RENBP_+_153210023.23-P1P2	0	0	0
RENBP_+_153210027.23-P1P2	5325	10630	1826
RENBP_+_153210051.23-P1P2	902	0	1
RENBP_+_153210072.23-P1P2	0	0	0
RENBP_-_153209720.23-P1P2	3485	3	1703
REN_+_204135200.23-P1P2	0	0	0
REN_-_204135064.23-P1P2	0	0	0
REN_-_204135359.23-P1P2	0	0	0
REN_-_204135438.23-P1P2	1986	1	1937
REN_-_204135460.23-P1P2	0	0	0
RETSAT_+_85581239.23-P1P2	0	0	0
RETSAT_+_85581363.23-P1P2	5679	1324	1492
RETSAT_+_85581624.23-P1P2	1274	4	4335
RETSAT_+_85581678.23-P1P2	1564	6150	9
RETSAT_-_85581272.23-P1P2	1442	2	1981
RET_+_43572526.23-P1	0	0	0
RET_+_43572556.23-P1	3016	1	1995
RET_+_43572575.23-P1	3492	4	1769
RET_+_43572860.23-P1	0	0	0
RET_+_43600290.23-P2	1959	3	2
RET_+_43600615.23-P2	0	0	0
RET_+_43600686.23-P2	1450	3	3539
RET_-_43572536.23-P1	2605	0	2287
RET_-_43600274.23-P2	1225	3	3
RET_-_43600278.23-P2	0	0	0
RFK_+_79008960.23-P1P2	5669	7	1385
RFK_+_79009263.23-P1P2	0	0	0
RFK_+_79009270.23-P1P2	1555	2	2
RFK_+_79009281.23-P1P2	2756	1	25
RFK_-_79009318.23-P1P2	4690	7658	3048
RIOK1_+_7390080.23-P1P2	0	0	0
RIOK1_+_7390314.23-P1P2	0	0	0
RIOK1_-_7390078.23-P1P2	0	0	0
RIOK1_-_7390114.23-P1P2	0	0	0
RIOK1_-_7390405.23-P1P2	0	0	0
RIOK2_+_96518889.23-P1P2	0	0	0
RIOK2_+_96518902.23-P1P2	0	0	0
RIOK2_+_96518912.23-P1P2	0	0	0
RIOK2_+_96518986.23-P1P2	0	0	0
RIOK2_-_96518949.23-P1P2	0	0	0
RIOK3_+_21033325.23-P1P2	2402	3	1439
RIOK3_+_21033328.23-P1P2	1092	1	0
RIOK3_-_21033300.23-P1P2	0	0	0
RIOK3_-_21033647.23-P1P2	0	0	0
RIOK3_-_21033673.23-P1P2	0	0	0
RIPK1_+_3064184.23-P2	5168	3	3799
RIPK1_+_3068801.23-P1	2742	4	1704
RIPK1_+_3069245.23-P1	0	0	0
RIPK1_-_3064202.23-P2	0	0	0
RIPK1_-_3064211.23-P2	3176	4	1383
RIPK1_-_3064286.23-P2	1279	2	1630
RIPK1_-_3064289.23-P2	0	0	0
RIPK1_-_3068799.23-P1	1439	3368	2759
RIPK1_-_3069149.23-P1	6579	5	0
RIPK1_-_3069240.23-P1	2660	1	1
RIPK2_+_90770127.23-P1P2	0	0	0
RIPK2_+_90770141.23-P1P2	1633	3	1538
RIPK2_+_90770318.23-P1P2	1677	3302	2
RIPK2_+_90770447.23-P1P2	4123	5	1888
RIPK2_-_90770465.23-P1P2	1767	9901	1472
RIPK3_+_24808765.23-P1P2	3194	4	3055
RIPK3_+_24808862.23-P1P2	1482	1	0
RIPK3_-_24808785.23-P1P2	0	0	0
RIPK3_-_24808791.23-P1P2	1357	0	2
RIPK3_-_24809163.23-P1P2	715	2	0
RIPK4_+_43186762.23-P1P2	1223	3	0
RIPK4_+_43187115.23-P1P2	2681	4	446
RIPK4_+_43187173.23-P1P2	5277	5	1805
RIPK4_+_43187193.23-P1P2	5993	5250	2892
RIPK4_-_43187180.23-P1P2	0	0	0
RLBP1_+_89764782.23-P1P2	2739	0	1
RLBP1_+_89764785.23-P1P2	1503	1	1670
RLBP1_+_89764796.23-P1P2	0	0	0
RLBP1_+_89764803.23-P1P2	0	0	0
RLBP1_+_89764834.23-P1P2	0	0	0
RNASE2_+_21424066.23-P1P2	0	0	0
RNASE2_-_21423687.23-P1P2	1155	1	0
RNASE2_-_21423694.23-P1P2	0	0	0
RNASE2_-_21423740.23-P1P2	0	0	0
RNASE2_-_21423896.23-P1P2	1902	2	1
RNASE3_+_21359960.23-P1P2	3604	6304	1
RNASE3_+_21359982.23-P1P2	0	0	0
RNASE3_+_21359986.23-P1P2	0	0	0
RNASE3_-_21359811.23-P1P2	0	0	0
RNASE3_-_21359955.23-P1P2	0	0	0
RNASE4_+_21152724.23-P1P2	3487	3219	2467
RNASE4_+_21152942.23-P1P2	1381	3	1
RNASE4_+_21153194.23-P1P2	1351	3	3589
RNASE4_-_21153201.23-P1P2	1616	3421	2068
RNASE4_-_21153211.23-P1P2	0	0	0
RNASEL_+_182558346.23-P1P2	4037	3	2
RNASEL_+_182558365.23-P1P2	1109	4	2165
RNASEL_-_182558138.23-P1P2	2634	3	3026
RNASEL_-_182558152.23-P1P2	0	0	0
RNASEL_-_182558334.23-P1P2	0	0	0
RNGTT_+_89673250.23-P1P2	0	0	0
RNGTT_+_89673254.23-P1P2	0	0	0
RNGTT_-_89673106.23-P1P2	0	0	0
RNGTT_-_89673280.23-P1P2	0	0	0
RNGTT_-_89673283.23-P1P2	0	0	0
ROCK1_-_18691281.23-P1P2	0	0	0
ROCK1_-_18691378.23-P1P2	4523	4	1244
ROCK1_-_18691680.23-P1P2	1585	5	0
ROCK1_-_18691698.23-P1P2	1130	1	1
ROCK1_-_18691767.23-P1P2	6072	4	1
ROCK2_+_11484269.23-P1P2	1039	7727	5057
ROCK2_+_11484687.23-P1P2	4239	3467	2
ROCK2_+_11484706.23-P1P2	0	0	0
ROCK2_+_11484752.23-P1P2	2230	2	2
ROCK2_-_11484367.23-P1P2	1501	4969	0
ROR1_+_64239737.23-P1P2	0	0	0
ROR1_+_64240173.23-P1P2	0	0	0
ROR1_-_64239678.23-P1P2	1270	5636	4237
ROR1_-_64239704.23-P1P2	0	0	0
ROR1_-_64239913.23-P1P2	1332	1	1932
ROR2_+_94712030.23-P1P2	3150	6	2388
ROR2_+_94712390.23-P1P2	0	0	0
ROR2_-_94712079.23-P1P2	4122	690	0
ROR2_-_94712082.23-P1P2	0	0	0
ROR2_-_94712437.23-P1P2	0	0	0
RORA_+_61521246.23-ENST00000335670.6	0	0	0
RORA_-_61521289.23-ENST00000335670.6	2400	5	3900
RORA_-_61521637.23-ENST00000335670.6	2822	3	2
RORA_-_61521640.23-ENST00000335670.6	0	0	0
RORA_-_61521672.23-ENST00000335670.6	2589	0	2
ROS1_+_117746571.23-P1P2	1292	2934	1639
ROS1_+_117746582.23-P1P2	1426	0	0
ROS1_+_117746961.23-P1P2	0	0	0
ROS1_+_117746996.23-P1P2	0	0	0
ROS1_-_117746762.23-P1P2	1173	0	3460
RPIA_+_88991242.23-P1P2	0	0	0
RPIA_-_88991373.23-P1P2	0	0	0
RPIA_-_88991376.23-P1P2	0	0	0
RPIA_-_88991501.23-P1P2	0	0	0
RPIA_-_88991603.23-P1P2	741	2337	3960
RPS6KA1_+_26856736.23-P2	0	0	0
RPS6KA1_+_26872412.23-P1	325	3	3625
RPS6KA1_+_26872431.23-P1	4132	2899	4
RPS6KA1_-_26856271.23-P2	2794	2	829
RPS6KA1_-_26856314.23-P2	0	0	0
RPS6KA1_-_26856533.23-P2	2974	684	3857
RPS6KA1_-_26856712.23-P2	0	0	0
RPS6KA1_-_26872423.23-P1	3385	6	5029
RPS6KA1_-_26872747.23-P1	1404	3	2
RPS6KA1_-_26872758.23-P1	1528	1	0
RPS6KA2_+_167040194.23-P1P2	0	0	0
RPS6KA2_+_167040304.23-P1P2	0	0	0
RPS6KA2_+_167040728.23-P1P2	1392	5385	1317
RPS6KA2_-_167040333.23-P1P2	1854	0	0
RPS6KA2_-_167040666.23-P1P2	1476	0	1
RPS6KA3_+_20284908.23-P1P2	1453	0	1
RPS6KA3_+_20284937.23-P1P2	0	0	0
RPS6KA3_-_20284594.23-P1P2	1570	4113	2001
RPS6KA3_-_20284919.23-P1P2	917	1	1160
RPS6KA3_-_20285005.23-P1P2	4129	3	2723
RPS6KA4_+_64126701.23-P1P2	0	0	0
RPS6KA4_+_64127018.23-P1P2	0	0	0
RPS6KA4_+_64127052.23-P1P2	2425	4	441
RPS6KA4_-_64126660.23-P1P2	1312	2	3651
RPS6KA4_-_64126713.23-P1P2	1391	3828	1813
RPS6KA5_+_91526931.23-P1P2	788	1	4405
RPS6KA5_+_91526950.23-P1P2	0	0	0
RPS6KA5_+_91526956.23-P1P2	2306	5610	1251
RPS6KA5_-_91526887.23-P1P2	3537	1	3
RPS6KA5_-_91526900.23-P1P2	0	0	0
RPS6KA6_+_83443137.23-P1P2	2899	3513	4
RPS6KA6_+_83443152.23-P1P2	129	1	1933
RPS6KA6_+_83443191.23-P1P2	0	0	0
RPS6KA6_-_83442779.23-P1P2	2012	2722	1584
RPS6KA6_-_83443071.23-P1P2	3954	10	6969
RPS6KB1_+_57970498.23-P1P2	0	0	0
RPS6KB1_+_57970582.23-P1P2	940	1	1322
RPS6KB1_-_57970507.23-P1P2	0	0	0
RPS6KB1_-_57970510.23-P1P2	1504	3	0
RPS6KB1_-_57970559.23-P1P2	1517	5	4615
RPS6KB2_+_67195953.23-P1P2	0	0	0
RPS6KB2_+_67196335.23-P1P2	0	0	0
RPS6KB2_+_67196434.23-P1P2	0	0	0
RPS6KB2_-_67195987.23-P1P2	4538	3	1778
RPS6KB2_-_67196161.23-P1P2	0	0	0
RPS6KC1_+_213224613.23-P1P2	1395	11517	3727
RPS6KC1_+_213224641.23-P1P2	1332	2711	1589
RPS6KC1_+_213224657.23-P1P2	6287	6731	1588
RPS6KC1_+_213224690.23-P1P2	1278	0	0
RPS6KC1_+_213224698.23-P1P2	3554	4	3188
RPS6KL1_+_75389876.23-P1P2	1728	5362	3
RPS6KL1_+_75389921.23-P1P2	1424	1	1
RPS6KL1_+_75389935.23-P1P2	1873	2	1808
RPS6KL1_-_75389910.23-P1P2	1747	1	0
RPS6KL1_-_75389934.23-P1P2	0	0	0
RSL24D1_+_55488725.23-P1P2	0	0	0
RSL24D1_-_55488741.23-P1P2	0	0	0
RSL24D1_-_55488847.23-P1P2	0	0	0
RSL24D1_-_55488919.23-P1P2	0	0	0
RSL24D1_-_55489054.23-P1P2	0	0	0
RTCA_+_100731796.23-P1P2	764	0	1
RTCA_-_100731784.23-P1P2	0	0	0
RTCA_-_100731838.23-P1P2	3696	4148	1969
RTCA_-_100732018.23-P1P2	0	0	0
RTCA_-_100732189.23-P1P2	1107	1	1382
RXRA_+_137218484.23-P1P2	1542	4429	2816
RXRA_-_137218681.23-P1P2	937	2	1653
RXRA_-_137218769.23-P1P2	0	0	0
RXRA_-_137218786.23-P1P2	3048	2631	1195
RXRA_-_137218789.23-P1P2	0	0	0
RXRB_+_33168184.23-P1P2	0	0	0
RXRB_+_33168378.23-P1P2	0	0	0
RXRB_+_33168411.23-P1P2	674	1	2051
RXRB_-_33167833.23-P1P2	1125	3080	1
RXRB_-_33168450.23-P1P2	0	0	0
RXRG_+_165413902.23-P1P2	0	0	0
RXRG_+_165414304.23-P1P2	5316	7573	7
RXRG_-_165414269.23-P1P2	2938	4741	5
RXRG_-_165414297.23-P1P2	0	0	0
RXRG_-_165414315.23-P1P2	0	0	0
RYK_+_133969666.23-P1P2	0	0	0
RYK_+_133969669.23-P1P2	2602	7999	4
RYK_+_133969686.23-P1P2	0	0	0
RYK_-_133969297.23-P1P2	0	0	0
RYK_-_133969698.23-P1P2	0	0	0
RYR1_+_38924326.23-P1P2	0	0	0
RYR1_+_38924336.23-P1P2	3896	6514	2633
RYR1_+_38924343.23-P1P2	758	1	1312
RYR1_+_38924366.23-P1P2	0	0	0
RYR1_+_38924742.23-P1P2	0	0	0
S100A11_+_152009025.23-P1P2	2906	6500	1584
S100A11_+_152009172.23-P1P2	1513	1	1807
S100A11_+_152009236.23-P1P2	1032	0	1823
S100A11_+_152009488.23-P1P2	1698	2451	2
S100A11_-_152009089.23-P1P2	2508	2	1656
S100A12_+_153346925.23-P2	0	0	0
S100A12_+_153346950.23-P2	0	0	0
S100A12_+_153347905.23-P1	1760	0	0
S100A12_+_153347983.23-P1	1273	0	1932
S100A12_+_153347992.23-P1	0	0	0
S100A12_+_153348064.23-P1	2627	1	0
S100A12_-_153346536.23-P2	685	921	1
S100A12_-_153346899.23-P2	3018	3	3
S100A12_-_153346988.23-P2	0	0	0
S100A12_-_153348041.23-P1	1131	4131	1786
S100A13_+_153599607.23-P1P2	0	0	0
S100A13_+_153599935.23-P1P2	5143	2975	2053
S100A13_-_153599940.23-P1P2	0	0	0
S100A13_-_153599961.23-P1P2	3716	2908	1915
S100A13_-_153599973.23-P1P2	751	2	1
S100A1_+_153600923.23-P1	3858	4	5
S100A1_+_153600937.23-P1	2923	5879	7
S100A1_+_153600949.23-P1	0	0	0
S100A1_+_153601219.23-P1	889	6289	1627
S100A1_+_153603287.23-P2	1267	3302	1
S100A1_-_153601102.23-P1	5826	980	3
S100A1_-_153603069.23-P2	1038	3	4661
S100A1_-_153603127.23-P2	0	0	0
S100A1_-_153603152.23-P2	1468	0	2329
S100A1_-_153603155.23-P2	0	0	0
S100A2_+_153537850.23-P1P2	0	0	0
S100A2_+_153537932.23-P1P2	3317	3	3117
S100A2_+_153537957.23-P1P2	773	181	1
S100A2_-_153537893.23-P1P2	0	0	0
S100A2_-_153537989.23-P1P2	0	0	0
S100A4_+_153517914.23-P1P2	827	0	1
S100A4_-_153517520.23-P1P2	1208	5466	1789
S100A4_-_153517830.23-P1P2	807	4600	5
S100A4_-_153517933.23-P1P2	4021	1	2
S100A4_-_153518261.23-P1P2	1635	3153	1646
S100A7_+_153432620.23-P1P2	1505	2779	1470
S100A7_-_153432672.23-P1P2	1643	5403	3
S100A7_-_153432768.23-P1P2	0	0	0
S100A7_-_153432779.23-P1P2	0	0	0
S100A7_-_153432782.23-P1P2	785	2	1
S100B_+_48024930.23-P1P2	0	0	0
S100B_+_48024942.23-P1P2	1799	0	2
S100B_+_48024946.23-P1P2	773	0	1911
S100B_-_48024993.23-P1P2	247	0	1
S100B_-_48025006.23-P1P2	1147	3757	0
S100G_+_16668322.23-P1P2	1298	5	2386
S100G_+_16668356.23-P1P2	718	4	4925
S100G_+_16668570.23-P1P2	0	0	0
S100G_-_16668326.23-P1P2	0	0	0
S100G_-_16668520.23-P1P2	2599	2	1268
S100P_+_6695596.23-P1P2	0	0	0
S100P_-_6695684.23-P1P2	0	0	0
S100P_-_6695907.23-P1P2	3117	4296	4
S100P_-_6695980.23-P1P2	0	0	0
S100P_-_6695983.23-P1P2	1350	2	0
SAA1_+_18287752.23-P1P2	938	9940	6
SAA1_+_18287761.23-P1P2	0	0	0
SAA1_-_18287768.23-P1P2	1605	0	1
SAA1_-_18287808.23-P1P2	4393	1	1
SAA1_-_18288218.23-P1P2	4739	2	1359
SACM1L_-_45730829.23-P1P2	0	0	0
SACM1L_-_45730878.23-P1P2	4013	1	2939
SACM1L_-_45730905.23-P1P2	0	0	0
SACM1L_-_45730908.23-P1P2	0	0	0
SACM1L_-_45730966.23-P1P2	0	0	0
SAR1B_+_133968072.23-P1P2	1316	5	0
SAR1B_+_133968297.23-P1P2	2717	4166	4523
SAR1B_+_133968380.23-P1P2	4800	5689	3498
SAR1B_+_133968439.23-P1P2	1148	2	1163
SAR1B_-_133968335.23-P1P2	0	0	0
SARS_+_109756585.23-P1P2	0	0	0
SARS_+_109756924.23-P1P2	0	0	0
SARS_+_109756978.23-P1P2	0	0	0
SARS_-_109756557.23-P1P2	0	0	0
SARS_-_109756597.23-P1P2	0	0	0
SBF1_+_50912969.23-P1P2	3714	1154	4
SBF1_+_50913006.23-P1P2	1320	3	1659
SBF1_+_50913049.23-P1P2	1549	0	1464
SBF1_+_50913077.23-P1P2	953	0	0
SBF1_+_50913422.23-P1P2	1275	0	1735
SBF2_+_10315554.23-P1P2	3047	3024	6040
SBF2_+_10315672.23-P1P2	0	0	0
SBF2_+_10315739.23-P1P2	1221	5319	5
SBF2_-_10315286.23-P1P2	1170	1	3
SBF2_-_10315514.23-P1P2	0	0	0
SBK1_+_28303849.23-P1P2	3995	14586	2123
SBK1_+_28304073.23-P1P2	1499	2	2
SBK1_+_28304264.23-P1P2	1427	2	0
SBK1_-_28304002.23-P1P2	0	0	0
SBK1_-_28304204.23-P1P2	0	0	0
SBK2_+_56048200.23-P1P2	0	0	0
SBK2_+_56048245.23-P1P2	740	0	3297
SBK2_+_56048448.23-P1P2	4214	1	1504
SBK2_-_56048060.23-P1P2	1139	9238	1742
SBK2_-_56048071.23-P1P2	0	0	0
SCARB1_+_125347917.23-P1P2	0	0	0
SCARB1_-_125348347.23-P1P2	4977	4	5251
SCARB1_-_125348377.23-P1P2	955	2306	1115
SCARB1_-_125348382.23-P1P2	2626	2	2
SCARB1_-_125348396.23-P1P2	4676	4843	5
SCGB1A1_+_62186533.23-P1P2	671	4226	4279
SCGB1A1_+_62186562.23-P1P2	0	0	0
SCGB1A1_+_62186589.23-P1P2	3420	0	1
SCGB1A1_+_62186952.23-P1P2	0	0	0
SCGB1A1_-_62186542.23-P1P2	0	0	0
SCLY_+_238969776.23-ENST00000254663.6,ENST00000555827.1	3704	3	1
SCLY_-_238969756.23-ENST00000254663.6,ENST00000555827.1	1516	4054	1786
SCLY_-_238969931.23-ENST00000254663.6,ENST00000555827.1	1308	2670	853
SCLY_-_238969949.23-ENST00000254663.6,ENST00000555827.1	2197	3	1812
SCLY_-_238969978.23-ENST00000254663.6,ENST00000555827.1	7808	1	5
SCMH1_+_41626493.23-ENST00000326197.7	1289	1	0
SCMH1_+_41626545.23-ENST00000326197.7	0	0	0
SCMH1_+_41626552.23-ENST00000326197.7	0	0	0
SCMH1_+_41627029.23-ENST00000402904.2	0	0	0
SCMH1_+_41627034.23-ENST00000402904.2	0	0	0
SCMH1_-_41626430.23-ENST00000326197.7	0	0	0
SCMH1_-_41626498.23-ENST00000326197.7	1111	0	0
SCMH1_-_41626628.23-ENST00000402904.2	0	0	0
SCMH1_-_41626645.23-ENST00000402904.2	1585	6058	1812
SCMH1_-_41627112.23-ENST00000402904.2	1302	1	4073
SCN10A_+_38835213.23-ENST00000449082.2	4396	5	2
SCN10A_-_38835251.23-ENST00000449082.2	1622	0	1
SCN10A_-_38835269.23-ENST00000449082.2	0	0	0
SCN10A_-_38835311.23-ENST00000449082.2	0	0	0
SCN10A_-_38835462.23-ENST00000449082.2	0	0	0
SCN11A_+_38991609.23-ENST00000302328.3,ENST00000450244.1	0	0	0
SCN11A_+_38992029.23-ENST00000302328.3,ENST00000450244.1	0	0	0
SCN11A_+_38992032.23-ENST00000302328.3,ENST00000450244.1	0	0	0
SCN11A_-_38991624.23-ENST00000302328.3,ENST00000450244.1	0	0	0
SCN11A_-_38991801.23-ENST00000302328.3,ENST00000450244.1	0	0	0
SCN1A_+_166929645.23-ENST00000303395.4,ENST00000423058.2	581	3604	2
SCN1A_+_166930061.23-ENST00000303395.4,ENST00000423058.2	0	0	0
SCN1A_+_166930127.23-ENST00000303395.4,ENST00000423058.2	2906	5146	1702
SCN1A_-_166929817.23-ENST00000303395.4,ENST00000423058.2	1749	1	1
SCN1A_-_166930100.23-ENST00000303395.4,ENST00000423058.2	0	0	0
SCN1B_-_35521391.23-P1P2	0	0	0
SCN1B_-_35521422.23-P1P2	0	0	0
SCN1B_-_35521430.23-P1P2	4759	2066	1
SCN1B_-_35521446.23-P1P2	0	0	0
SCN1B_-_35521732.23-P1P2	1452	1	3400
SCN2A_+_166095938.23-P1P2	1379	3	2103
SCN2A_-_166095976.23-P1P2	1444	0	1573
SCN2A_-_166095992.23-P1P2	2886	2	1
SCN2A_-_166096383.23-P1P2	1138	0	0
SCN2A_-_166096427.23-P1P2	1537	1	1
SCN2B_+_118046952.23-P1P2	1368	0	0
SCN2B_+_118047292.23-P1P2	1528	1	0
SCN2B_-_118046909.23-P1P2	0	0	0
SCN2B_-_118047107.23-P1P2	1401	1	1
SCN2B_-_118047358.23-P1P2	0	0	0
SCN3A_+_166060129.23-P1P2	0	0	0
SCN3A_+_166060199.23-P1P2	0	0	0
SCN3A_+_166060543.23-P1P2	466	3	1
SCN3A_+_166060552.23-P1P2	0	0	0
SCN3A_-_166060301.23-P1P2	0	0	0
SCN4A_+_62049807.23-P1P2	0	0	0
SCN4A_-_62049835.23-P1P2	0	0	0
SCN4A_-_62049839.23-P1P2	1367	0	0
SCN4A_-_62050214.23-P1P2	818	2	1356
SCN4A_-_62050234.23-P1P2	0	0	0
SCN4B_+_118023016.23-P1P2	1522	0	2
SCN4B_+_118023499.23-P1P2	1088	0	1
SCN4B_-_118023129.23-P1P2	3952	14395	3962
SCN4B_-_118023437.23-P1P2	1568	3	0
SCN4B_-_118023465.23-P1P2	0	0	0
SCN5A_+_38691118.23-P1P2	0	0	0
SCN5A_+_38691154.23-P1P2	0	0	0
SCN5A_+_38691168.23-P1P2	1023	2	4474
SCN5A_-_38690758.23-P1P2	2672	5545	1777
SCN5A_-_38690762.23-P1P2	1289	0	0
SCN9A_+_167232010.23-P1P2	0	0	0
SCN9A_+_167232052.23-P1P2	0	0	0
SCN9A_+_167232416.23-P1P2	3682	4	1878
SCN9A_+_167232419.23-P1P2	2347	3	3103
SCN9A_-_167232085.23-P1P2	1691	1	1
SCNN1A_+_6484217.23-P1P2	0	0	0
SCNN1A_+_6484231.23-P1P2	0	0	0
SCNN1A_+_6484256.23-P1P2	902	0	0
SCNN1A_+_6484591.23-P1P2	4219	4	1
SCNN1A_-_6484198.23-P1P2	0	0	0
SCNN1B_+_23313619.23-P1P2	1138	0	0
SCNN1B_+_23313704.23-P1P2	0	0	0
SCNN1B_+_23313707.23-P1P2	1329	3	5143
SCNN1B_+_23313895.23-P1P2	4519	8	1512
SCNN1B_-_23314049.23-P1P2	0	0	0
SCNN1D_+_1217412.23-P2	2800	5	1127
SCNN1D_+_1217472.23-P2	0	0	0
SCNN1D_+_1217814.23-P2	1021	1	0
SCNN1D_+_1217823.23-P2	1511	5202	1866
SCNN1D_+_1219839.23-P1	2686	3	0
SCNN1D_+_1219842.23-P1	0	0	0
SCNN1D_-_1217792.23-P2	0	0	0
SCNN1D_-_1219407.23-P1	5946	5122	3739
SCNN1D_-_1219430.23-P1	1902	9806	1777
SCNN1D_-_1219456.23-P1	0	0	0
SCNN1G_+_23194059.23-P1P2	1302	5910	4866
SCNN1G_+_23194100.23-P1P2	2273	3	3314
SCNN1G_+_23194313.23-P1P2	2936	3	0
SCNN1G_+_23194468.23-P1P2	1199	0	1
SCNN1G_-_23194053.23-P1P2	1132	4383	1077
SCPEP1_+_55055504.23-P1P2	1596	6129	3
SCPEP1_+_55055545.23-P1P2	6229	1939	3
SCPEP1_+_55055973.23-P1P2	3610	3	3831
SCPEP1_-_55055523.23-P1P2	0	0	0
SCPEP1_-_55055935.23-P1P2	0	0	0
SCTR_+_120281511.23-P1P2	1482	3	2917
SCTR_+_120281514.23-P1P2	2337	6	1464
SCTR_+_120281965.23-P1P2	2095	2301	703
SCTR_-_120281574.23-P1P2	0	0	0
SCTR_-_120281927.23-P1P2	2392	2	3478
SCYL1_+_65292574.23-P1P2	0	0	0
SCYL1_+_65292982.23-P1P2	829	0	1
SCYL1_-_65292594.23-P1P2	0	0	0
SCYL1_-_65292911.23-P1P2	1616	1	1
SCYL1_-_65293013.23-P1P2	0	0	0
SCYL2_+_100661199.23-P1P2	742	7226	1434
SCYL2_-_100661185.23-P1P2	0	0	0
SCYL2_-_100661215.23-P1P2	880	2	1304
SCYL2_-_100661218.23-P1P2	1130	2	1
SCYL2_-_100661262.23-P1P2	0	0	0
SCYL3_+_169862650.23-P1P2	1739	6	3720
SCYL3_+_169862653.23-P1P2	0	0	0
SCYL3_+_169862869.23-P1P2	0	0	0
SCYL3_+_169863015.23-P1P2	603	0	3
SCYL3_+_169863030.23-P1P2	1854	2341	4
SDF2_+_26988585.23-P1P2	0	0	0
SDF2_+_26988890.23-P1P2	1791	0	1
SDF2_+_26988894.23-P1P2	0	0	0
SDF2_+_26989101.23-P1P2	1052	2	1915
SDF2_-_26988637.23-P1P2	0	0	0
SDHA_+_218895.23-P1P2	4730	14369	1679
SDHA_+_218905.23-P1P2	1968	7579	4108
SDHA_-_218477.23-P1P2	747	6179	1
SDHA_-_218484.23-P1P2	0	0	0
SDHA_-_218663.23-P1P2	2263	0	1904
SDSL_+_113860559.23-P1P2	0	0	0
SDSL_-_113860273.23-P1P2	1236	6289	1933
SDSL_-_113860507.23-P1P2	0	0	0
SDSL_-_113860565.23-P1P2	2834	3894	1777
SDSL_-_113860660.23-P1P2	939	6448	810
SDS_+_113841691.23-P1P2	0	0	0
SDS_-_113841621.23-P1P2	0	0	0
SDS_-_113841624.23-P1P2	0	0	0
SDS_-_113841656.23-P1P2	0	0	0
SDS_-_113841659.23-P1P2	0	0	0
SEC14L2_+_30793323.23-P1P2	1476	4399	0
SEC14L2_+_30793386.23-P1P2	1262	3831	3074
SEC14L2_-_30793282.23-P1P2	2153	9	7070
SEC14L2_-_30793394.23-P1P2	4661	2	16
SEC14L2_-_30793453.23-P1P2	1984	2	2220
SEC14L3_+_30867557.23-P1P2	1246	2	2
SEC14L3_+_30867610.23-P1P2	0	0	0
SEC14L3_+_30867852.23-P1P2	1328	3	0
SEC14L3_-_30867533.23-P1P2	1515	5308	3
SEC14L3_-_30867970.23-P1P2	0	0	0
SEC14L4_+_30901645.23-P1P2	597	6024	2
SEC14L4_+_30901648.23-P1P2	1996	5	8380
SEC14L4_+_30901656.23-P1P2	977	4974	4
SEC14L4_+_30901673.23-P1P2	2542	1	1757
SEC14L4_-_30901625.23-P1P2	3204	3	1687
SELE_+_169702866.23-P1P2	454	1	1
SELE_+_169703166.23-P1P2	0	0	0
SELE_-_169702845.23-P1P2	0	0	0
SELE_-_169703154.23-P1P2	2899	0	1342
SELE_-_169703233.23-P1P2	0	0	0
SELP_+_169598943.23-P1P2	0	0	0
SELP_+_169599242.23-P1P2	1521	7	2134
SELP_+_169599347.23-P1P2	0	0	0
SELP_+_169599351.23-P1P2	0	0	0
SELP_+_169599378.23-P1P2	1702	0	1
SEPSECS_-_25161998.23-P1P2	0	0	0
SEPSECS_-_25162001.23-P1P2	0	0	0
SEPSECS_-_25162021.23-P1P2	0	0	0
SEPSECS_-_25162054.23-P1P2	0	0	0
SEPSECS_-_25162088.23-P1P2	0	0	0
SERPINA1_+_94854859.23-P1	0	0	0
SERPINA1_+_94856474.23-P2	0	0	0
SERPINA1_+_94856519.23-P2	683	3117	0
SERPINA1_+_94856939.23-P2	1658	6066	3567
SERPINA1_-_94854496.23-P1	3144	1	1
SERPINA1_-_94854886.23-P1	900	0	633
SERPINA1_-_94854918.23-P1	1075	2	0
SERPINA1_-_94854936.23-P1	1520	2	0
SERPINA1_-_94856929.23-P2	2526	2	1906
SERPINA1_-_94856932.23-P2	0	0	0
SERPINA5_+_95027799.23-P2	0	0	0
SERPINA5_+_95027829.23-P2	0	0	0
SERPINA5_+_95047767.23-P1	0	0	0
SERPINA5_+_95047854.23-P1	1364	0	3630
SERPINA5_-_95027806.23-P2	1098	3	3671
SERPINA5_-_95027873.23-P2	0	0	0
SERPINA5_-_95027877.23-P2	0	0	0
SERPINA5_-_95047820.23-P1	0	0	0
SERPINA5_-_95047861.23-P1	0	0	0
SERPINA5_-_95048169.23-P1	1537	3	1
SERPINB2_+_61554915.23-P1	0	0	0
SERPINB2_+_61554925.23-P1	0	0	0
SERPINB2_+_61554989.23-P1	1247	0	3
SERPINB2_+_61558764.23-P2	2674	2	0
SERPINB2_+_61558769.23-P2	2700	1	0
SERPINB2_+_61559023.23-P2	2272	2	2097
SERPINB2_+_61559228.23-P2	0	0	0
SERPINB2_-_61555004.23-P1	0	0	0
SERPINB2_-_61555133.23-P1	0	0	0
SERPINB2_-_61558820.23-P2	0	0	0
SERPINB3_+_61328668.23-P1P2	1039	0	0
SERPINB3_+_61328716.23-P1P2	0	0	0
SERPINB3_-_61328735.23-P1P2	0	0	0
SERPINB3_-_61328746.23-P1P2	1251	0	2
SERPINB3_-_61328751.23-P1P2	0	0	0
SERPINB6_+_2971493.23-P1P2	4311	5	3236
SERPINB6_+_2971503.23-P1P2	3483	7619	3393
SERPINB6_-_2971134.23-P1P2	0	0	0
SERPINB6_-_2971548.23-P1P2	1280	6093	4758
SERPINB6_-_2971798.23-P1P2	959	3	0
SERPINC1_+_173886066.23-P1P2	0	0	0
SERPINC1_+_173886399.23-P1P2	1599	0	1
SERPINC1_-_173886008.23-P1P2	0	0	0
SERPINC1_-_173886417.23-P1P2	0	0	0
SERPINC1_-_173886447.23-P1P2	1217	4946	1921
SERPIND1_+_21128376.23-P1P2	1836	1	2166
SERPIND1_+_21128603.23-P1P2	0	0	0
SERPIND1_-_21128433.23-P1P2	3246	2	0
SERPIND1_-_21128441.23-P1P2	1809	3	1062
SERPIND1_-_21128636.23-P1P2	0	0	0
SFTPA1_+_81370683.23-ENST00000372308.3,ENST00000398636.3,ENST00000428376.2	0	0	0
SFTPA1_+_81371011.23-ENST00000372308.3,ENST00000398636.3,ENST00000428376.2	1673	3	1521
SFTPA1_+_81371021.23-ENST00000372308.3,ENST00000398636.3,ENST00000428376.2	2530	0	1
SFTPA1_+_81371024.23-ENST00000372308.3,ENST00000398636.3,ENST00000428376.2	1020	4	1616
SFTPA1_-_81370974.23-ENST00000372308.3,ENST00000398636.3,ENST00000428376.2	4206	7	2833
SFTPD_+_81708444.23-P1P2	0	0	0
SFTPD_+_81708840.23-P1P2	3755	2	0
SFTPD_+_81708863.23-P1P2	1395	3	1695
SFTPD_-_81708420.23-P1P2	0	0	0
SFTPD_-_81708648.23-P1P2	1357	5731	3
SGK1_+_134495926.23-P1	0	0	0
SGK1_+_134495938.23-P1	1432	4519	4
SGK1_+_134498526.23-P2	0	0	0
SGK1_+_134498581.23-P2	0	0	0
SGK1_+_134498914.23-P2	1506	3	1619
SGK1_+_134498929.23-P2	0	0	0
SGK1_+_134498971.23-P2	0	0	0
SGK1_-_134495913.23-P1	0	0	0
SGK1_-_134495988.23-P1	1328	3	1884
SGK1_-_134495993.23-P1	3568	4	2739
SGK223_+_8243645.23-P1P2	3608	10	4969
SGK223_+_8243878.23-P1P2	1395	2156	2
SGK223_+_8243881.23-P1P2	1326	4	2148
SGK223_+_8243886.23-P1P2	2864	4	1243
SGK223_-_8243728.23-P1P2	0	0	0
SGK2_+_42187706.23-P1P2	0	0	0
SGK2_+_42187748.23-P1P2	0	0	0
SGK2_+_42187765.23-P1P2	2596	1280	1758
SGK2_+_42187916.23-P1P2	0	0	0
SGK2_-_42187758.23-P1P2	2849	1919	2
SGK3_+_67624712.23-ENST00000521198.2	0	0	0
SGK3_+_67687519.23-ENST00000396596.1,ENST00000522398.1	4200	3	4506
SGK3_+_67706009.23-ENST00000345714.4	2602	2	3055
SGK3_-_67624700.23-ENST00000521198.2	1803	6691	6
SGK3_-_67625061.23-ENST00000521198.2	0	0	0
SGK3_-_67625072.23-ENST00000521198.2	693	0	0
SGK3_-_67625115.23-ENST00000521198.2	922	2548	2924
SGK3_-_67687499.23-ENST00000396596.1,ENST00000522398.1	2733	9203	9
SGK3_-_67687510.23-ENST00000396596.1,ENST00000522398.1	0	0	0
SGK3_-_67687513.23-ENST00000396596.1,ENST00000522398.1	1228	1	1512
SGK3_-_67687752.23-ENST00000396596.1,ENST00000522398.1	0	0	0
SGK3_-_67705861.23-ENST00000345714.4	0	0	0
SGK3_-_67705911.23-ENST00000345714.4	1661	1	2
SGK3_-_67706001.23-ENST00000345714.4	1534	585	1
SGK3_-_67706236.23-ENST00000345714.4	1442	1	0
SGK494_+_26940759.23-P1P2	0	0	0
SGK494_+_26941121.23-P1P2	1932	2	752
SGK494_+_26941152.23-P1P2	4156	5175	4
SGK494_+_26941158.23-P1P2	0	0	0
SGK494_+_26941194.23-P1P2	0	0	0
SGPL1_+_72575692.23-P1P2	344	1	2067
SGPL1_+_72576116.23-P1P2	3339	1	3
SGPL1_+_72576137.23-P1P2	3598	2786	2020
SGPL1_-_72575755.23-P1P2	827	5314	3222
SGPL1_-_72576216.23-P1P2	0	0	0
SGPP1_+_64194704.23-P1P2	0	0	0
SGPP1_+_64194760.23-P1P2	0	0	0
SGPP1_+_64194764.23-P1P2	4367	9	3583
SGPP1_+_64194774.23-P1P2	912	3491	793
SGPP1_-_64194767.23-P1P2	2257	2	1863
SH3KBP1_+_19905629.23-P1P2	3383	4	4068
SH3KBP1_+_19905685.23-P1P2	875	0	1
SH3KBP1_-_19905255.23-P1P2	1341	7156	3
SH3KBP1_-_19905277.23-P1P2	1345	1	0
SH3KBP1_-_19905471.23-P1P2	0	0	0
SHARPIN_+_145158677.23-P1P2	4372	5326	3298
SHARPIN_-_145158289.23-P1P2	2653	0	1
SHARPIN_-_145158579.23-P1P2	1230	6	1
SHARPIN_-_145158606.23-P1P2	1099	0	2302
SHARPIN_-_145158621.23-P1P2	1414	974	1
SHMT1_+_18266268.23-P1P2	799	3871	1619
SHMT1_+_18266463.23-P1P2	1094	0	2
SHMT1_+_18266657.23-P1P2	1428	2914	3039
SHMT1_-_18266401.23-P1P2	2665	0	2
SHMT1_-_18266618.23-P1P2	2788	1	1428
SHMT2_+_57623513.23-P1P2	0	0	0
SHMT2_+_57623923.23-P1P2	893	5	1362
SHMT2_+_57624167.23-P1P2	0	0	0
SHMT2_-_57623529.23-P1P2	3392	3368	1
SHMT2_-_57623532.23-P1P2	0	0	0
SHPK_+_3539475.23-P1P2	4588	6	1653
SHPK_+_3539487.23-P1P2	1198	1	3352
SHPK_+_3539509.23-P1P2	0	0	0
SHPK_+_3539518.23-P1P2	0	0	0
SHPK_+_3539553.23-P1P2	1894	0	1612
SIGLEC1_+_3687427.23-P1P2	385	0	0
SIGLEC1_+_3687496.23-P1P2	1150	1	429
SIGLEC1_+_3687508.23-P1P2	0	0	0
SIGLEC1_-_3687573.23-P1P2	0	0	0
SIGLEC1_-_3687813.23-P1P2	1114	5178	1568
SIGLEC7_+_51645723.23-P1P2	991	2	0
SIGLEC7_+_51645963.23-P1P2	0	0	0
SIGLEC7_-_51645741.23-P1P2	2646	0	3
SIGLEC7_-_51645847.23-P1P2	1455	1	0
SIGLEC7_-_51645851.23-P1P2	1743	2	1834
SIGMAR1_+_34637367.23-P1P2	3808	8	3518
SIGMAR1_+_34637739.23-P1P2	3909	6	1071
SIGMAR1_+_34637779.23-P1P2	868	1	0
SIGMAR1_-_34637242.23-P1P2	0	0	0
SIGMAR1_-_34637345.23-P1P2	2607	9287	1661
SIK1_+_44846560.23-P1P2	3761	5904	1745
SIK1_+_44846607.23-P1P2	0	0	0
SIK1_+_44846934.23-P1P2	4023	1	2
SIK1_+_44847002.23-P1P2	567	4	1778
SIK1_-_44846966.23-P1P2	1131	1	0
SIK2_+_111473263.23-P1P2	0	0	0
SIK2_-_111473134.23-P1P2	0	0	0
SIK2_-_111473357.23-P1P2	0	0	0
SIK2_-_111473372.23-P1P2	2270	6595	3398
SIK2_-_111473540.23-P1P2	0	0	0
SIK3_+_116968685.23-P1P2	0	0	0
SIK3_+_116968907.23-P1P2	0	0	0
SIK3_+_116968913.23-P1P2	1694	1	1
SIK3_+_116969124.23-P1P2	0	0	0
SIK3_-_116968953.23-P1P2	4460	5	4
SIRPA_+_1875667.23-P1P2	1036	2	1771
SIRPA_+_1876008.23-P1P2	2723	6	5602
SIRPA_+_1876041.23-P1P2	4387	2	1863
SIRPA_+_1876462.23-P1P2	1986	2	1950
SIRPA_+_1876526.23-P1P2	0	0	0
SIRPD_+_1538325.23-P1P2	1088	1	0
SIRPD_+_1538338.23-P1P2	3063	2980	3818
SIRPD_+_1538348.23-P1P2	0	0	0
SIRPD_-_1538262.23-P1P2	0	0	0
SIRPD_-_1538303.23-P1P2	0	0	0
SIRT3_-_235923.23-P1P2	0	0	0
SIRT3_-_235976.23-P1P2	4063	4267	2
SIRT3_-_236305.23-P1P2	2771	5252	1990
SIRT3_-_236754.23-P1P2	0	0	0
SIRT3_-_236847.23-P1P2	1332	3	1
SI_+_164796208.23-P1P2	0	0	0
SI_+_164796255.23-P1P2	3991	4	1
SI_-_164796264.23-P1P2	1863	0	0
SI_-_164796270.23-P1P2	3907	3	1
SI_-_164796291.23-P1P2	1569	3	1
SKP1_+_133512375.23-P1P2	0	0	0
SKP1_+_133512521.23-P1P2	560	3	7575
SKP1_-_133512401.23-P1P2	0	0	0
SKP1_-_133512593.23-P1P2	4382	6	3311
SKP1_-_133512608.23-P1P2	0	0	0
SKP2_+_36152259.23-P1P2	2205	2335	2039
SKP2_+_36152621.23-P1P2	0	0	0
SKP2_-_36152222.23-P1P2	2654	6385	2700
SKP2_-_36152306.23-P1P2	1074	5367	1
SKP2_-_36152309.23-P1P2	2255	5	2424
SLC12A1_+_48483849.23-P2	0	0	0
SLC12A1_+_48483912.23-P2	3333	4	4
SLC12A1_+_48483918.23-P2	37	0	0
SLC12A1_+_48484258.23-P2	5824	7986	759
SLC12A1_+_48498465.23-P1	2368	2	3815
SLC12A1_+_48498504.23-P1	0	0	0
SLC12A1_+_48498519.23-P1	0	0	0
SLC12A1_-_48483917.23-P2	615	3244	1999
SLC12A1_-_48498516.23-P1	1431	5962	1
SLC12A1_-_48498605.23-P1	1244	1	3
SLC12A2_+_127419487.23-P1P2	3544	7471	1371
SLC12A2_+_127419680.23-P1P2	724	2024	1228
SLC12A2_+_127419772.23-P1P2	2751	4974	1973
SLC12A2_-_127419157.23-P1P2	2748	18695	1143
SLC12A2_-_127419495.23-P1P2	1137	3	3586
SLC12A3_+_56899159.23-P1P2	5372	4310	4880
SLC12A3_+_56899174.23-P1P2	3246	3131	0
SLC12A3_+_56899184.23-P1P2	2594	2452	3892
SLC12A3_+_56899521.23-P1P2	3315	3	1412
SLC12A3_-_56899179.23-P1P2	0	0	0
SLC12A4_+_68000197.23-P2	4704	2	1786
SLC12A4_+_68000214.23-P2	3970	6	1740
SLC12A4_+_68000345.23-P2	0	0	0
SLC12A4_+_68002091.23-P1	0	0	0
SLC12A4_+_68002547.23-P1	0	0	0
SLC12A4_-_68000659.23-P2	1615	1	2055
SLC12A4_-_68000698.23-P2	0	0	0
SLC12A4_-_68002110.23-P1	1270	0	1
SLC12A4_-_68002434.23-P1	786	1	2437
SLC12A4_-_68002462.23-P1	0	0	0
SLC12A5_+_44650330.23-P1	0	0	0
SLC12A5_+_44650334.23-P1	0	0	0
SLC12A5_+_44650352.23-P1	23	4911	444
SLC12A5_+_44650365.23-P1	295	2	0
SLC12A5_+_44657866.23-P2	2275	3	3
SLC12A5_+_44658268.23-P2	3318	6	1836
SLC12A5_-_44650525.23-P1	1689	7	3928
SLC12A5_-_44657914.23-P2	0	0	0
SLC12A5_-_44657932.23-P2	2653	1	1800
SLC12A5_-_44658309.23-P2	0	0	0
SLC12A6_+_34610517.23-P1	0	0	0
SLC12A6_+_34610922.23-P1	2833	1	2038
SLC12A6_+_34610943.23-P1	1360	0	0
SLC12A6_+_34629770.23-P2	1640	3	3479
SLC12A6_+_34630130.23-P2	0	0	0
SLC12A6_+_34630144.23-P2	1495	0	2
SLC12A6_-_34610620.23-P1	0	0	0
SLC12A6_-_34610999.23-P1	256	0	1
SLC12A6_-_34629888.23-P2	1248	1	2
SLC12A6_-_34630182.23-P2	0	0	0
SLC12A7_+_1111744.23-P1P2	0	0	0
SLC12A7_+_1111766.23-P1P2	1074	4	3145
SLC12A7_+_1112118.23-P1P2	0	0	0
SLC12A7_-_1112081.23-P1P2	3984	7	4
SLC12A7_-_1112102.23-P1P2	0	0	0
SLC13A1_+_122839639.23-P1P2	0	0	0
SLC13A1_-_122839554.23-P1P2	3174	2	1701
SLC13A1_-_122839558.23-P1P2	0	0	0
SLC13A1_-_122839921.23-P1P2	0	0	0
SLC13A1_-_122839927.23-P1P2	4633	643	1152
SLC13A2_+_26800672.23-P1P2	0	0	0
SLC13A2_+_26800749.23-P1P2	0	0	0
SLC13A2_+_26801133.23-P1P2	1155	2114	6457
SLC13A2_+_26801144.23-P1P2	0	0	0
SLC13A2_+_26801153.23-P1P2	558	5	1751
SLC13A3_+_45280053.23-P1P2	2662	5	5853
SLC13A3_+_45280056.23-P1P2	2063	1	1585
SLC13A3_-_45279824.23-P1P2	2991	3	3054
SLC13A3_-_45279975.23-P1P2	1683	2	1831
SLC13A3_-_45280083.23-P1P2	914	2828	5
SLC16A1_+_113478527.23-P2	1091	1	0
SLC16A1_+_113478552.23-P2	0	0	0
SLC16A1_+_113498757.23-P1	2665	2	1
SLC16A1_+_113498772.23-P1	0	0	0
SLC16A1_+_113498778.23-P1	4159	7900	3
SLC16A1_+_113498791.23-P1	0	0	0
SLC16A1_-_113478273.23-P2	1835	1	0
SLC16A1_-_113478612.23-P2	0	0	0
SLC16A1_-_113478654.23-P2	0	0	0
SLC16A1_-_113498857.23-P1	1460	3374	2
SLC16A2_+_73640768.23-P1P2	0	0	0
SLC16A2_+_73641544.23-P1P2	884	6693	4
SLC16A2_+_73641712.23-P1P2	1153	4241	3297
SLC16A2_+_73641791.23-P1P2	1320	7	1908
SLC16A2_-_73641731.23-P1P2	1880	3	1072
SLC16A3_+_80187376.23-P1P2	1420	0	0
SLC16A3_+_80187380.23-P1P2	0	0	0
SLC16A3_-_80186288.23-P1P2	3854	4	3461
SLC16A3_-_80186928.23-P1P2	1678	0	0
SLC16A3_-_80187314.23-P1P2	4507	7	2904
SLC16A4_+_110933139.23-P1P2	0	0	0
SLC16A4_+_110933229.23-P1P2	1326	1694	0
SLC16A4_+_110933631.23-P1P2	0	0	0
SLC16A4_-_110933396.23-P1P2	1571	0	0
SLC16A4_-_110933639.23-P1P2	2868	3	1
SLC16A5_+_73084113.23-P1P2	0	0	0
SLC16A5_+_73084285.23-P1P2	0	0	0
SLC16A5_-_73084264.23-P1P2	0	0	0
SLC16A5_-_73084461.23-P1P2	4179	2	1962
SLC16A5_-_73084495.23-P1P2	1188	4761	3367
SLC16A6_+_66286815.23-P1P2	5522	2339	4
SLC16A6_+_66287127.23-P1P2	0	0	0
SLC16A6_+_66287263.23-P1P2	1184	3	1806
SLC16A6_+_66287286.23-P1P2	919	0	0
SLC16A6_-_66286812.23-P1P2	0	0	0
SLC16A7_+_59990162.23-P1P2	0	0	0
SLC16A7_-_59989906.23-P1P2	1386	4717	2725
SLC16A7_-_59990082.23-P1P2	0	0	0
SLC16A7_-_59990273.23-P1P2	0	0	0
SLC16A7_-_59990406.23-P1P2	4001	4	3680
SLC16A8_+_38479702.23-P1P2	0	0	0
SLC16A8_+_38479814.23-P1P2	3831	1	3
SLC16A8_+_38479879.23-P1P2	0	0	0
SLC16A8_-_38478943.23-P1P2	1537	0	2
SLC16A8_-_38480095.23-P1P2	0	0	0
SLC18A1_+_20040178.23-P1P2	0	0	0
SLC18A1_+_20040572.23-P1P2	1723	1	2
SLC18A1_+_20040580.23-P1P2	2655	1	0
SLC18A1_-_20040184.23-P1P2	0	0	0
SLC18A1_-_20040614.23-P1P2	3103	1799	3857
SLC18A2_+_119000666.23-P1P2	5045	3	0
SLC18A2_+_119001112.23-P1P2	1579	0	5
SLC18A2_-_119000662.23-P1P2	1187	3196	1797
SLC18A2_-_119000674.23-P1P2	4085	2903	2351
SLC18A2_-_119000707.23-P1P2	1212	1	1
SLC19A2_+_169454745.23-P1P2	0	0	0
SLC19A2_+_169455154.23-P1P2	2263	4	2044
SLC19A2_+_169455167.23-P1P2	1624	2	5025
SLC19A2_+_169455177.23-P1P2	4437	1477	6
SLC19A2_-_169455185.23-P1P2	0	0	0
SLC19A3_+_228582681.23-P1P2	585	1	3
SLC19A3_+_228582697.23-P1P2	2326	4921	1191
SLC19A3_-_228582383.23-P1P2	1398	1	1644
SLC19A3_-_228582668.23-P1P2	0	0	0
SLC19A3_-_228582749.23-P1P2	2179	0	0
SLC1A1_+_4490573.23-P1P2	0	0	0
SLC1A1_+_4490877.23-P1P2	1411	3	1887
SLC1A1_-_4490518.23-P1P2	5588	4215	5110
SLC1A1_-_4490670.23-P1P2	0	0	0
SLC1A1_-_4490847.23-P1P2	1326	1	1
SLC1A2_+_35440631.23-P1P2	0	0	0
SLC1A2_+_35440634.23-P1P2	1647	0	0
SLC1A2_+_35440646.23-P1P2	2675	4	4
SLC1A2_+_35441046.23-P1P2	0	0	0
SLC1A2_-_35440725.23-P1P2	4744	5	3
SLC1A3_+_36606734.23-P1	2121	4488	6594
SLC1A3_+_36606767.23-P1	0	0	0
SLC1A3_+_36607166.23-P1	0	0	0
SLC1A3_+_36608348.23-P2	0	0	0
SLC1A3_+_36608387.23-P2	0	0	0
SLC1A3_+_36608766.23-P2	2195	0	1
SLC1A3_-_36606936.23-P1	0	0	0
SLC1A3_-_36607116.23-P1	0	0	0
SLC1A3_-_36608368.23-P2	1586	1	1813
SLC1A3_-_36608560.23-P2	0	0	0
SLC1A4_+_65215738.23-P1P2	1303	1	1
SLC1A4_+_65216520.23-P1P2	3052	5698	1884
SLC1A4_+_65216740.23-P1P2	3700	2557	4
SLC1A4_+_65216746.23-P1P2	1687	0	0
SLC1A4_-_65216546.23-P1P2	1395	2	1920
SLC1A5_+_47287944.23-P2	0	0	0
SLC1A5_+_47288025.23-P2	6554	2888	4
SLC1A5_+_47291829.23-P1	1183	5761	1670
SLC1A5_-_47287974.23-P2	4540	2781	1827
SLC1A5_-_47288007.23-P2	1526	0	2
SLC1A5_-_47288033.23-P2	0	0	0
SLC1A5_-_47291608.23-P1	595	1	769
SLC1A5_-_47291784.23-P1	902	3688	1576
SLC1A5_-_47291800.23-P1	0	0	0
SLC1A5_-_47291808.23-P1	1456	1	1
SLC1A6_-_15090161.23-P1P2	1598	1110	1152
SLC1A6_-_15090475.23-P1P2	0	0	0
SLC1A6_-_15090481.23-P1P2	763	0	0
SLC1A6_-_15090509.23-P1P2	1030	4925	1562
SLC1A6_-_15090514.23-P1P2	1174	3	1
SLC1A7_+_53607936.23-P1P2	858	127	4
SLC1A7_+_53608281.23-P1P2	2200	6056	1829
SLC1A7_-_53608028.23-P1P2	0	0	0
SLC1A7_-_53608263.23-P1P2	11203	4	1807
SLC1A7_-_53608290.23-P1P2	1125	1	714
SLC22A11_+_64323147.23-P1P2	318	3	0
SLC22A11_+_64323847.23-P1P2	4816	1	2907
SLC22A11_+_64323882.23-P1P2	0	0	0
SLC22A11_-_64323437.23-P1P2	0	0	0
SLC22A11_-_64323801.23-P1P2	3142	1	799
SLC22A4_+_131630131.23-P1P2	0	0	0
SLC22A4_+_131630151.23-P1P2	1404	3214	1630
SLC22A4_+_131630452.23-P1P2	4910	2	1284
SLC22A4_-_131630098.23-P1P2	0	0	0
SLC22A4_-_131630297.23-P1P2	1681	1524	1
SLC22A5_+_131705454.23-P1P2	0	0	0
SLC22A5_+_131705460.23-P1P2	2137	3	3716
SLC22A5_+_131705464.23-P1P2	2473	0	1926
SLC22A5_+_131705776.23-P1P2	1467	1	64
SLC22A5_-_131705498.23-P1P2	1554	3153	1427
SLC22A6_+_62751976.23-P1P2	1784	6	2
SLC22A6_+_62752206.23-P1P2	1372	3121	2
SLC22A6_+_62752351.23-P1P2	1526	1207	1757
SLC22A6_-_62751928.23-P1P2	730	3033	1917
SLC22A6_-_62752460.23-P1P2	3199	2	0
SLC22A8_+_62783251.23-P1P2	1358	6	3180
SLC22A8_-_62782889.23-P1P2	0	0	0
SLC22A8_-_62783111.23-P1P2	0	0	0
SLC22A8_-_62783227.23-P1P2	3633	2928	797
SLC22A8_-_62783290.23-P1P2	0	0	0
SLC23A1_+_138718508.23-P1P2	0	0	0
SLC23A1_+_138718916.23-P1P2	1430	5650	2
SLC23A1_+_138718935.23-P1P2	0	0	0
SLC23A1_-_138718586.23-P1P2	0	0	0
SLC23A1_-_138718981.23-P1P2	0	0	0
SLC25A10_+_79670445.23-P1P2	2182	1	894
SLC25A10_+_79670494.23-P1P2	0	0	0
SLC25A10_-_79670475.23-P1P2	1226	0	174
SLC25A10_-_79670688.23-P1P2	0	0	0
SLC25A10_-_79670886.23-P1P2	807	2004	1766
SLC25A12_+_172750283.23-P1P2	0	0	0
SLC25A12_+_172750360.23-P1P2	0	0	0
SLC25A12_+_172750711.23-P1P2	3262	3	5316
SLC25A12_+_172750720.23-P1P2	1691	4347	5012
SLC25A12_+_172750738.23-P1P2	1447	2	4
SLC25A13_+_95950956.23-P1P2	5337	1	1
SLC25A13_-_95951309.23-P1P2	3176	2	3
SLC25A13_-_95951335.23-P1P2	3237	4	0
SLC25A13_-_95951352.23-P1P2	4546	6114	2726
SLC25A13_-_95951355.23-P1P2	0	0	0
SLC25A15_+_41363705.23-P1P2	3088	4	3323
SLC25A15_+_41363767.23-P1P2	0	0	0
SLC25A15_-_41363758.23-P1P2	2303	3163	3
SLC25A15_-_41363761.23-P1P2	688	1	0
SLC25A15_-_41364180.23-P1P2	3431	1938	2789
SLC25A18_+_18043228.23-P1P2	0	0	0
SLC25A18_+_18043431.23-P1P2	3464	3	1667
SLC25A18_+_18043621.23-P1P2	0	0	0
SLC25A18_-_18043219.23-P1P2	0	0	0
SLC25A18_-_18043604.23-P1P2	0	0	0
SLC25A20_+_48935934.23-P1P2	0	0	0
SLC25A20_+_48935995.23-P1P2	0	0	0
SLC25A20_+_48936025.23-P1P2	0	0	0
SLC25A20_+_48936316.23-P1P2	0	0	0
SLC25A20_-_48935919.23-P1P2	0	0	0
SLC25A22_+_797857.23-P1P2	1422	2	1199
SLC25A22_+_797860.23-P1P2	1429	1922	2
SLC25A22_+_798051.23-P1P2	2573	3187	2637
SLC25A22_-_798194.23-P1P2	2001	7777	1087
SLC25A22_-_798278.23-P1P2	3952	1484	4511
SLC25A29_+_100772343.23-P1P2	0	0	0
SLC25A29_+_100772379.23-P1P2	2743	2370	2017
SLC25A29_-_100772412.23-P1P2	1759	2	1962
SLC25A29_-_100772719.23-P1P2	3363	11265	2261
SLC25A29_-_100772767.23-P1P2	1434	1	0
SLC25A2_+_140683235.23-P1P2	0	0	0
SLC25A2_+_140683351.23-P1P2	3096	0	1
SLC25A2_+_140683592.23-P1P2	0	0	0
SLC25A2_+_140683600.23-P1P2	3079	3471	1066
SLC25A2_-_140683588.23-P1P2	0	0	0
SLC25A4_+_186064885.23-P1P2	851	2	1543
SLC25A4_-_186064440.23-P1P2	2918	9630	3134
SLC25A4_-_186064446.23-P1P2	0	0	0
SLC25A4_-_186064476.23-P1P2	4551	2	3
SLC25A4_-_186064492.23-P1P2	4122	10462	4868
SLC25A5_+_118602439.23-P1P2	0	0	0
SLC25A5_+_118602445.23-P1P2	0	0	0
SLC25A5_-_118602796.23-P1P2	682	1	1
SLC25A5_-_118602803.23-P1P2	3321	2203	4
SLC25A5_-_118602838.23-P1P2	0	0	0
SLC25A6_+_1508042.23-P2	0	0	0
SLC25A6_+_1508096.23-P2	869	6	5621
SLC25A6_+_1508123.23-P2	2362	2391	1
SLC25A6_+_1510986.23-P1	548	1185	1
SLC25A6_-_1508485.23-P2	0	0	0
SLC25A6_-_1508504.23-P2	1479	4	1989
SLC25A6_-_1510526.23-P1	0	0	0
SLC25A6_-_1510946.23-P1	2168	7383	1626
SLC25A6_-_1510951.23-P1	2520	3175	1944
SLC25A6_-_1511005.23-P1	6100	4	3
SLC29A1_+_44191710.23-P1	3929	5538	8
SLC29A1_+_44191715.23-P1	550	4701	3215
SLC29A1_-_44187378.23-P2	1962	3334	1023
SLC29A1_-_44187438.23-P2	467	1373	0
SLC29A1_-_44187454.23-P2	0	0	0
SLC29A1_-_44187764.23-P2	1006	5291	1854
SLC29A1_-_44187768.23-P2	1709	4	0
SLC29A1_-_44191323.23-P1	975	3910	1896
SLC29A1_-_44191358.23-P1	2797	8196	521
SLC29A1_-_44191745.23-P1	2852	8362	2135
SLC2A2_+_170744475.23-P1P2	501	2	1
SLC2A2_+_170744514.23-P1P2	0	0	0
SLC2A2_+_170744525.23-P1P2	675	6047	3
SLC2A2_+_170744529.23-P1P2	2899	418	3653
SLC2A2_-_170744470.23-P1P2	0	0	0
SLC32A1_+_37352873.23-P1P2	1171	0	1
SLC32A1_+_37352942.23-P1P2	1249	1	1
SLC32A1_+_37353184.23-P1P2	0	0	0
SLC32A1_-_37353487.23-P1P2	4182	3	2
SLC32A1_-_37353566.23-P1P2	809	0	0
SLC36A1_+_150838225.23-P2	0	0	0
SLC36A1_+_150838660.23-P2	0	0	0
SLC36A1_-_150827177.23-P1	0	0	0
SLC36A1_-_150827197.23-P1	1370	1	1
SLC36A1_-_150827206.23-P1	0	0	0
SLC36A1_-_150827230.23-P1	0	0	0
SLC36A1_-_150827233.23-P1	1328	6020	2102
SLC36A1_-_150838296.23-P2	0	0	0
SLC36A1_-_150838431.23-P2	1508	3	2007
SLC36A1_-_150838671.23-P2	3631	4	0
SLC38A3_+_50242755.23-P1P2	0	0	0
SLC38A3_-_50242741.23-P1P2	3875	3	1
SLC38A3_-_50242750.23-P1P2	4384	1642	4
SLC38A3_-_50243132.23-P1P2	4029	5	2790
SLC38A3_-_50243156.23-P1P2	1381	2327	3171
SLC3A1_-_44502646.23-P1P2	834	3	2124
SLC3A1_-_44502667.23-P1P2	3040	2812	2526
SLC3A1_-_44502677.23-P1P2	0	0	0
SLC3A1_-_44502855.23-P1P2	2398	3915	2350
SLC3A1_-_44503027.23-P1P2	0	0	0
SLC5A6_+_27434464.23-P1P2	0	0	0
SLC5A6_+_27434733.23-P1P2	4747	5310	9
SLC5A6_+_27434770.23-P1P2	1841	2	1
SLC5A6_-_27434615.23-P1P2	1593	0	0
SLC5A6_-_27434788.23-P1P2	0	0	0
SLC6A14_-_115567792.23-P1P2	0	0	0
SLC6A14_-_115567798.23-P1P2	0	0	0
SLC6A14_-_115567847.23-P1P2	1319	2	3
SLC6A14_-_115567852.23-P1P2	854	1408	3
SLC6A14_-_115567880.23-P1P2	1422	1501	1
SLC6A1_+_11034491.23-P1P2	2615	4	0
SLC6A1_-_11034625.23-P1P2	1319	2	3574
SLC6A1_-_11034784.23-P1P2	0	0	0
SLC6A1_-_11034841.23-P1P2	1598	0	0
SLC6A1_-_11034915.23-P1P2	0	0	0
SLC6A2_+_55690003.23-P1P2	1147	0	1
SLC6A2_+_55690547.23-P1P2	2869	2884	1770
SLC6A2_-_55689983.23-P1P2	2192	2140	1
SLC6A2_-_55690060.23-P1P2	2987	3	1684
SLC6A2_-_55690490.23-P1P2	0	0	0
SLC6A3_+_1445204.23-P1P2	0	0	0
SLC6A3_+_1445502.23-P1P2	306	0	0
SLC6A3_-_1445063.23-P1P2	0	0	0
SLC6A3_-_1445118.23-P1P2	1023	5013	1
SLC6A3_-_1445300.23-P1P2	6930	4917	5904
SLC6A4_+_28562493.23-P1P2	2347	2426	3865
SLC6A4_+_28562686.23-P1P2	2399	4	4459
SLC6A4_-_28562610.23-P1P2	2156	1	2
SLC6A4_-_28562623.23-P1P2	0	0	0
SLC6A4_-_28562704.23-P1P2	2530	4845	1942
SLC6A5_+_20621183.23-P1P2	0	0	0
SLC6A5_+_20621190.23-P1P2	914	4445	4
SLC6A5_+_20621493.23-P1P2	3629	2089	2
SLC6A5_-_20621527.23-P1P2	3973	3	1057
SLC6A5_-_20621634.23-P1P2	0	0	0
SLC6A7_+_149569837.23-P1P2	0	0	0
SLC6A7_+_149570018.23-P1P2	2405	3	1128
SLC6A7_-_149569705.23-P1P2	2275	2	4
SLC6A7_-_149570069.23-P1P2	0	0	0
SLC6A7_-_149570072.23-P1P2	1823	1	2
SLC6A8_+_152953523.23-P1P2	2650	2239	5
SLC6A8_+_152953978.23-P1P2	2216	3	0
SLC6A8_-_152953397.23-P1P2	0	0	0
SLC6A8_-_152953407.23-P1P2	3348	5487	4115
SLC6A8_-_152953471.23-P1P2	0	0	0
SLC6A9_+_44496903.23-P1P2	1673	6	1
SLC6A9_+_44496971.23-P1P2	1384	2	1653
SLC6A9_+_44496990.23-P1P2	1267	7813	5
SLC6A9_+_44497105.23-P1P2	1216	3	1793
SLC6A9_-_44497020.23-P1P2	789	0	3415
SLC7A11_+_139163002.23-P1P2	651	4601	1
SLC7A11_+_139163382.23-P1P2	600	1	1772
SLC7A11_+_139163446.23-P1P2	2765	0	1812
SLC7A11_+_139163449.23-P1P2	1787	0	1
SLC7A11_+_139163486.23-P1P2	2543	1	1778
SLC7A1_+_30169732.23-P1P2	0	0	0
SLC7A1_-_30169339.23-P1P2	0	0	0
SLC7A1_-_30169354.23-P1P2	1698	4730	3635
SLC7A1_-_30169565.23-P1P2	1604	1482	1749
SLC7A1_-_30169779.23-P1P2	3654	1738	4929
SLC7A2_+_17355010.23-P1P2	0	0	0
SLC7A2_+_17355040.23-P1P2	2820	4	1
SLC7A2_-_17354635.23-P1P2	0	0	0
SLC7A2_-_17354649.23-P1P2	0	0	0
SLC7A2_-_17354864.23-P1P2	1602	5226	2
SLC7A3_+_70150891.23-P1P2	0	0	0
SLC7A3_+_70150910.23-P1P2	1381	1	1395
SLC7A3_-_70150870.23-P1P2	2901	1	2
SLC7A3_-_70150880.23-P1P2	0	0	0
SLC7A3_-_70150900.23-P1P2	1068	5998	1817
SLC7A4_+_21386392.23-P1P2	1638	3	1951
SLC7A4_+_21386834.23-P1P2	3298	3	2
SLC7A4_+_21386840.23-P1P2	0	0	0
SLC7A4_-_21386412.23-P1P2	0	0	0
SLC7A4_-_21386596.23-P1P2	0	0	0
SLC7A8_+_23652457.23-P1P2	0	0	0
SLC7A8_+_23652805.23-P1P2	1446	1	0
SLC7A8_+_23652828.23-P1P2	0	0	0
SLC7A8_+_23652834.23-P1P2	3661	1	2
SLC7A8_-_23652854.23-P1P2	0	0	0
SLC7A9_+_33360594.23-P1P2	2903	3	0
SLC7A9_+_33360628.23-P1P2	1145	5	3304
SLC7A9_+_33360637.23-P1P2	685	4854	1270
SLC7A9_+_33360640.23-P1P2	0	0	0
SLC7A9_+_33360646.23-P1P2	3080	4	2020
SLC8A1_+_40678789.23-P1	0	0	0
SLC8A1_+_40679071.23-P1	0	0	0
SLC8A1_+_40739483.23-P2	231	6	3936
SLC8A1_+_40739487.23-P2	1080	0	1
SLC8A1_-_40679142.23-P1	0	0	0
SLC8A1_-_40679162.23-P1	0	0	0
SLC8A1_-_40679182.23-P1	0	0	0
SLC8A1_-_40739158.23-P2	1324	5357	2
SLC8A1_-_40739316.23-P2	0	0	0
SLC8A1_-_40739521.23-P2	5233	7	3895
SLC9A1_+_27481273.23-P1P2	1025	1	1
SLC9A1_-_27481140.23-P1P2	2225	2	1
SLC9A1_-_27481162.23-P1P2	0	0	0
SLC9A1_-_27481359.23-P1P2	4017	5696	2052
SLC9A1_-_27481416.23-P1P2	1853	11456	5135
SLCO2B1_+_74862217.23-P1P2	0	0	0
SLCO2B1_-_74862138.23-P1P2	4018	7	5472
SLCO2B1_-_74862532.23-P1P2	1828	5	1582
SLCO2B1_-_74862537.23-P1P2	1202	5019	1988
SLCO2B1_-_74862558.23-P1P2	1745	2	0
SLK_+_105726970.23-P1P2	3309	1	6966
SLK_-_105726938.23-P1P2	2838	5485	2088
SLK_-_105726964.23-P1P2	0	0	0
SLK_-_105726985.23-P1P2	3073	2	3
SLK_-_105727036.23-P1P2	1279	0	0
SMG1_+_18937054.23-P1P2	2682	6519	4
SMG1_+_18937155.23-P1P2	676	5	3283
SMG1_+_18937294.23-P1P2	766	0	7
SMG1_-_18937299.23-P1P2	4824	6	5553
SMG1_-_18937307.23-P1P2	1021	5	3782
SMOX_+_4129500.23-P1P2	1748	4477	101
SMOX_+_4129946.23-P1P2	3586	6	4130
SMOX_-_4129508.23-P1P2	3012	7	3374
SMOX_-_4129514.23-P1P2	1474	11774	3166
SMOX_-_4129517.23-P1P2	1337	2846	2794
SMPD1_+_6411694.23-P1P2	624	2374	0
SMPD1_+_6411907.23-P1P2	1501	1	2
SMPD1_+_6412123.23-P1P2	901	1	1885
SMPD1_-_6411725.23-P1P2	2031	1	1461
SMPD1_-_6411732.23-P1P2	0	0	0
SMPD4_+_130939639.23-P1P2	0	0	0
SMPD4_+_130939645.23-P1P2	996	6077	3421
SMPD4_-_130938950.23-P1P2	1838	4	1880
SMPD4_-_130939137.23-P1P2	0	0	0
SMPD4_-_130939619.23-P1P2	2121	4591	1
SMS_+_21958791.23-P1P2	2715	5304	2585
SMS_+_21958820.23-P1P2	3435	3	1692
SMS_+_21958838.23-P1P2	2972	3	6
SMS_+_21959263.23-P1P2	0	0	0
SMS_+_21959308.23-P1P2	0	0	0
SNAP23_+_42787858.23-P1P2	0	0	0
SNAP23_+_42787881.23-P1P2	0	0	0
SNAP23_+_42788285.23-P1P2	0	0	0
SNAP23_-_42787861.23-P1P2	813	0	2
SNAP23_-_42788282.23-P1P2	878	0	1797
SNAP25_+_10199550.23-P1P2	0	0	0
SNAP25_+_10199968.23-P1P2	1213	0	0
SNAP25_-_10199529.23-P1P2	0	0	0
SNAP25_-_10199534.23-P1P2	0	0	0
SNAP25_-_10199709.23-P1P2	2220	4	2
SNRK_+_43328108.23-P1P2	1465	2	1
SNRK_+_43328134.23-P1P2	3195	972	6854
SNRK_+_43328248.23-P1P2	0	0	0
SNRK_+_43328462.23-P1P2	1398	3910	1536
SNRK_-_43328125.23-P1P2	1482	2605	2713
SNRPA_+_41257136.23-P1P2	2306	3	7464
SNRPA_+_41257164.23-P1P2	0	0	0
SNRPA_+_41257167.23-P1P2	0	0	0
SNRPA_+_41257176.23-P1P2	0	0	0
SNRPA_-_41257121.23-P1P2	0	0	0
SNX3_+_108582163.23-P1P2	1312	5	2234
SNX3_+_108582191.23-P1P2	1276	3	1574
SNX3_+_108582201.23-P1P2	1185	5517	1454
SNX3_-_108581815.23-P1P2	3660	4	2353
SNX3_-_108582218.23-P1P2	3712	3876	3
SOAT1_+_179262959.23-P1P2	2424	3	1520
SOAT1_+_179262980.23-P1P2	0	0	0
SOAT1_-_179262901.23-P1P2	1398	2	1
SOAT1_-_179262965.23-P1P2	1391	7542	2778
SOAT1_-_179263274.23-P1P2	6305	2845	5513
SOAT2_+_53497344.23-P1P2	4963	3	1606
SOAT2_+_53497700.23-P1P2	0	0	0
SOAT2_-_53497317.23-P1P2	0	0	0
SOAT2_-_53497332.23-P1P2	1295	4703	1
SOAT2_-_53497766.23-P1P2	1341	2	2169
SOD1_+_33032036.23-P1P2	0	0	0
SOD1_+_33032477.23-P1P2	0	0	0
SOD1_+_33032480.23-P1P2	0	0	0
SOD1_-_33031987.23-P1P2	0	0	0
SOD1_-_33032085.23-P1P2	0	0	0
SORCS3_+_106401150.23-P1P2	1610	1	0
SORCS3_+_106401490.23-P1P2	0	0	0
SORCS3_-_106401091.23-P1P2	2659	3	2
SORCS3_-_106401415.23-P1P2	1813	2837	0
SORCS3_-_106401464.23-P1P2	4379	5962	1357
SORD_+_45315351.23-P1P2	5240	4716	7
SORD_+_45315403.23-P1P2	4895	4617	3065
SORD_+_45315432.23-P1P2	0	0	0
SORD_+_45315749.23-P1P2	974	2645	7
SORD_-_45315717.23-P1P2	0	0	0
SPEG_+_220306801.23-P1	0	0	0
SPEG_+_220307127.23-P1	1436	0	437
SPEG_+_220307179.23-P1	2140	1	1860
SPEG_+_220325432.23-P2	3811	5139	3283
SPEG_+_220325454.23-P2	612	4832	1
SPEG_+_220325500.23-P2	0	0	0
SPEG_-_220306787.23-P1	0	0	0
SPEG_-_220306811.23-P1	0	0	0
SPEG_-_220325667.23-P2	0	0	0
SPEG_-_220325908.23-P2	1804	5862	4
SPHK1_+_74380758.23-P1P2	1697	1	1935
SPHK1_+_74380896.23-P1P2	1616	1	1475
SPHK1_+_74380913.23-P1P2	2976	1	3
SPHK1_+_74381390.23-P1P2	0	0	0
SPHK1_-_74380803.23-P1P2	1645	2351	4
SPHK2_+_49122749.23-P1P2	0	0	0
SPHK2_+_49123032.23-P1P2	0	0	0
SPHK2_-_49122766.23-P1P2	1539	0	3
SPHK2_-_49123107.23-P1P2	0	0	0
SPHK2_-_49123143.23-P1P2	0	0	0
SPHKAP_+_229046002.23-P1P2	341	1582	2057
SPHKAP_-_229045989.23-P1P2	2027	9890	4837
SPHKAP_-_229046343.23-P1P2	787	0	1738
SPHKAP_-_229046353.23-P1P2	0	0	0
SPHKAP_-_229046371.23-P1P2	0	0	0
SPINK6_+_147582612.23-P1P2	3671	3108	1446
SPINK6_+_147582631.23-P1P2	0	0	0
SPINK6_+_147582742.23-P1P2	1319	0	3
SPINK6_-_147582672.23-P1P2	0	0	0
SPINK6_-_147583066.23-P1P2	0	0	0
SPIRE2_+_89895295.23-P1P2	2991	2	1
SPIRE2_+_89895315.23-P1P2	0	0	0
SPIRE2_+_89895332.23-P1P2	0	0	0
SPIRE2_-_89894924.23-P1P2	7711	6125	6587
SPIRE2_-_89894950.23-P1P2	1122	5	6528
SPRYD3_+_53473108.23-P1P2	1029	0	0
SPRYD3_+_53473111.23-P1P2	1682	1	1810
SPRYD3_+_53473124.23-P1P2	0	0	0
SPRYD3_+_53473134.23-P1P2	1225	1	2003
SPRYD3_-_53472713.23-P1P2	1100	1490	0
SPR_+_73114520.23-P1P2	4100	1538	1721
SPR_+_73114917.23-P1P2	0	0	0
SPR_+_73114976.23-P1P2	0	0	0
SPR_-_73114266.23-P1P2	1731	0	0
SPR_-_73114568.23-P1P2	0	0	0
SPTBN1_+_54683431.23-P1P2	1408	3	5838
SPTBN1_+_54683522.23-P1P2	2022	1	1
SPTBN1_+_54683684.23-P1P2	0	0	0
SPTBN1_-_54683871.23-P1P2	0	0	0
SPTBN1_-_54683919.23-P1P2	0	0	0
SPTLC1_+_94877225.23-P1P2	0	0	0
SPTLC1_+_94877253.23-P1P2	1763	1	1731
SPTLC1_+_94877266.23-P1P2	1286	6208	3
SPTLC1_+_94877476.23-P1P2	914	1	3
SPTLC1_-_94877454.23-P1P2	0	0	0
SPTLC2_-_78082598.23-P1P2	0	0	0
SPTLC2_-_78082889.23-P1P2	1382	1197	1319
SPTLC2_-_78082929.23-P1P2	0	0	0
SPTLC2_-_78082962.23-P1P2	0	0	0
SPTLC2_-_78082965.23-P1P2	1234	0	1
SPTLC3_+_12989573.23-P1P2	1709	1	0
SPTLC3_+_12989588.23-P1P2	0	0	0
SPTLC3_+_12989679.23-P1P2	0	0	0
SPTLC3_+_12990027.23-P1P2	0	0	0
SPTLC3_-_12990032.23-P1P2	0	0	0
SQLE_+_126010828.23-P1P2	0	0	0
SQLE_+_126011191.23-P1P2	0	0	0
SQLE_-_126010776.23-P1P2	0	0	0
SQLE_-_126010795.23-P1P2	0	0	0
SQLE_-_126010862.23-P1P2	0	0	0
SRC_+_35974581.23-P1P2	1573	1	2
SRC_+_35974587.23-P1P2	3777	3524	2
SRC_+_35974609.23-P1P2	3531	4943	4
SRC_+_35974613.23-P1P2	1586	2900	3650
SRC_+_35974629.23-P1P2	0	0	0
SRMS_+_62179067.23-P1P2	1715	1	1
SRMS_+_62179070.23-P1P2	0	0	0
SRMS_+_62179075.23-P1P2	2113	4	3982
SRMS_+_62179081.23-P1P2	1579	4	5665
SRMS_+_62179084.23-P1P2	4280	6315	2019
SRPK1_+_35888819.23-P1P2	0	0	0
SRPK1_+_35888824.23-P1P2	0	0	0
SRPK1_+_35888829.23-P1P2	0	0	0
SRPK1_+_35888840.23-P1P2	2861	4	1512
SRPK1_+_35888883.23-P1P2	4473	2395	1875
SRPK2_+_104909105.23-P2	5457	4	2081
SRPK2_+_105028878.23-P1	0	0	0
SRPK2_+_105029324.23-P1	0	0	0
SRPK2_+_105029327.23-P1	0	0	0
SRPK2_-_104909011.23-P2	1226	0	0
SRPK2_-_104909049.23-P2	0	0	0
SRPK2_-_104909446.23-P2	2010	1260	4
SRPK2_-_104909488.23-P2	0	0	0
SRPK2_-_105028891.23-P1	0	0	0
SRPK2_-_105029317.23-P1	6258	6	1515
SRPK3_+_153046503.23-P1P2	0	0	0
SRPK3_+_153046626.23-P1P2	0	0	0
SRPK3_-_153046560.23-P1P2	1519	1593	6841
SRPK3_-_153046605.23-P1P2	3538	6	3924
SRPK3_-_153046616.23-P1P2	1344	5870	1981
SRR_+_2207007.23-P1P2	0	0	0
SRR_+_2207364.23-P1P2	0	0	0
SRR_-_2207166.23-P1P2	0	0	0
SRR_-_2207258.23-P1P2	0	0	0
SRR_-_2207311.23-P1P2	0	0	0
SSB_+_170655344.23-P1P2	0	0	0
SSB_+_170655814.23-P1P2	0	0	0
SSB_+_170655817.23-P1P2	0	0	0
SSB_+_170655820.23-P1P2	3581	5	3595
SSB_-_170655758.23-P1P2	0	0	0
SSH2_+_28257171.23-P1P2	0	0	0
SSH2_+_28257175.23-P1P2	2741	2	1760
SSH2_+_28257178.23-P1P2	4616	5854	4746
SSH2_+_28257189.23-P1P2	984	3	2997
SSH2_-_28257209.23-P1P2	3457	1031	0
SSH3_+_67071035.23-P1P2	4046	2	3112
SSH3_+_67071072.23-P1P2	6262	3668	1722
SSH3_+_67071188.23-P1P2	0	0	0
SSH3_+_67071403.23-P1P2	2620	4	2580
SSH3_+_67071444.23-P1P2	961	4565	2
SSTR1_+_38678301.23-P1P2	999	8555	1
SSTR1_+_38678346.23-P1P2	6003	5	2902
SSTR1_+_38678351.23-P1P2	5706	415	3603
SSTR1_-_38678311.23-P1P2	840	4404	1353
SSTR1_-_38678760.23-P1P2	3083	0	1462
SSTR2_+_71161207.23-P1P2	2102	377	0
SSTR2_+_71161543.23-P1P2	0	0	0
SSTR2_+_71161555.23-P1P2	1544	1	0
SSTR2_+_71161569.23-P1P2	2401	0	3693
SSTR2_-_71161158.23-P1P2	1426	1	1404
SSTR5_+_1122794.23-P2	1638	3	2294
SSTR5_+_1122811.23-P2	0	0	0
SSTR5_+_1122814.23-P2	0	0	0
SSTR5_+_1123173.23-P2	836	0	1
SSTR5_+_1128821.23-P1	0	0	0
SSTR5_+_1128926.23-P1	2767	3	52
SSTR5_+_1129275.23-P1	2772	4697	1146
SSTR5_-_1122791.23-P2	600	1	1784
SSTR5_-_1128859.23-P1	5212	4	2
SSTR5_-_1128978.23-P1	0	0	0
SST_+_187387949.23-P1P2	1226	0	0
SST_+_187388155.23-P1P2	2606	5904	1
SST_-_187387929.23-P1P2	1275	1	257
SST_-_187388126.23-P1P2	1664	1	1
SST_-_187388152.23-P1P2	0	0	0
ST14_+_130029743.23-P1P2	3410	4088	1161
ST14_+_130029768.23-P1P2	2295	1	1
ST14_+_130030177.23-P1P2	3719	7416	4000
ST14_+_130030195.23-P1P2	777	5857	1787
ST14_-_130029737.23-P1P2	1955	8623	4
STK10_+_171614834.23-P1P2	0	0	0
STK10_+_171615183.23-P1P2	2248	9663	6
STK10_+_171615188.23-P1P2	1917	7	6791
STK10_-_171614824.23-P1P2	0	0	0
STK10_-_171615025.23-P1P2	1719	2	1834
STK11IP_+_220462587.23-P1P2	0	0	0
STK11IP_+_220463053.23-P1P2	995	2	0
STK11IP_-_220462637.23-P1P2	1610	0	0
STK11IP_-_220462640.23-P1P2	1044	0	0
STK11IP_-_220463012.23-P1P2	846	1	4568
STK11_+_1206158.23-P1	3520	2524	1040
STK11_+_1206230.23-P1	1761	9500	3
STK11_-_1205791.23-P1	1262	2	0
STK11_-_1205806.23-P1	131	1	0
STK11_-_1205821.23-P1	798	0	1
STK11_-_1206851.23-P2	1413	10501	3068
STK11_-_1206870.23-P2	0	0	0
STK11_-_1206878.23-P2	1489	3	213
STK11_-_1206882.23-P2	0	0	0
STK11_-_1207247.23-P2	1432	2	1596
STK16_+_220110240.23-P1P2	5130	4556	4
STK16_+_220110286.23-P1P2	0	0	0
STK16_+_220110663.23-P1P2	0	0	0
STK16_-_220110217.23-P1P2	2616	4455	1828
STK16_-_220110297.23-P1P2	0	0	0
STK17A_+_43622689.23-P1P2	2603	1266	0
STK17A_+_43622781.23-P1P2	7671	13509	10
STK17A_-_43622775.23-P1P2	907	1482	1
STK17A_-_43623146.23-P1P2	2172	2	2571
STK17A_-_43623211.23-P1P2	1269	1	1
STK17B_+_197035846.23-P1P2	1316	4773	5
STK17B_+_197036067.23-P1P2	1576	2	0
STK17B_-_197035883.23-P1P2	721	2	3876
STK17B_-_197035911.23-P1P2	2981	2	3191
STK17B_-_197036270.23-P1P2	1458	0	2917
STK19_+_31940153.23-P1P2	0	0	0
STK19_+_31940380.23-P1P2	1639	3	0
STK19_+_31940392.23-P1P2	1962	3588	2396
STK19_+_31940465.23-P1P2	196	0	1785
STK19_+_31940504.23-P1P2	3431	5	1647
STK24_+_99228925.23-P1P2	993	5422	3
STK24_+_99228936.23-P1P2	1755	6	1649
STK24_+_99229297.23-P1P2	0	0	0
STK24_+_99229345.23-P1P2	1328	5122	4
STK24_-_99229362.23-P1P2	0	0	0
STK25_-_242447568.23-P1P2	1426	2	2
STK25_-_242447613.23-P1P2	0	0	0
STK25_-_242447975.23-P1P2	1417	3	3828
STK25_-_242447978.23-P1P2	1465	1913	368
STK25_-_242448005.23-P1P2	2807	5224	5
STK31_+_23749899.23-P1P2	1392	7008	3
STK31_+_23750089.23-P1P2	1581	5810	4
STK31_-_23749909.23-P1P2	0	0	0
STK31_-_23749917.23-P1P2	817	1	0
STK31_-_23750099.23-P1P2	838	2	1717
STK32A_+_146614610.23-P1P2	0	0	0
STK32A_+_146614702.23-P1P2	1447	0	1943
STK32A_-_146614653.23-P1P2	1452	15809	2841
STK32A_-_146615012.23-P1P2	1688	1	3
STK32A_-_146615015.23-P1P2	1654	2	0
STK32B_+_5053250.23-P1P2	4447	5	1
STK32B_+_5053272.23-P1P2	1429	1	0
STK32B_+_5053695.23-P1P2	0	0	0
STK32B_-_5053574.23-P1P2	1927	2193	8326
STK32B_-_5053594.23-P1P2	4466	3	2
STK32C_+_134121026.23-P1	2026	5041	956
STK32C_+_134144953.23-P2	1022	0	1
STK32C_+_134145287.23-P2	0	0	0
STK32C_+_134145306.23-P2	3075	1384	3511
STK32C_+_134145317.23-P2	1453	893	0
STK32C_-_134120990.23-P1	0	0	0
STK32C_-_134121414.23-P1	2627	8442	3
STK32C_-_134121456.23-P1	1500	3	5936
STK32C_-_134121459.23-P1	3896	4	0
STK32C_-_134145295.23-P2	1485	3	1
STK33_-_8615373.23-P1P2	1408	2	3
STK33_-_8615519.23-P1P2	1592	8250	1257
STK33_-_8615708.23-P1P2	2856	2508	3671
STK33_-_8615755.23-P1P2	1417	1	77
STK33_-_8615776.23-P1P2	2233	1	2
STK35_-_2083549.23-P1P2	3967	4	1820
STK35_-_2083647.23-P1P2	2366	3	3194
STK35_-_2083960.23-P1P2	1554	2	1
STK35_-_2084011.23-P1P2	1255	1	1
STK35_-_2084015.23-P1P2	1050	1	0
STK36_+_219536856.23-P1P2	1460	5	973
STK36_+_219537453.23-P1P2	2367	7124	4
STK36_+_219537467.23-P1P2	0	0	0
STK36_+_219537487.23-P1P2	0	0	0
STK36_-_219537043.23-P1P2	0	0	0
STK38L_+_27397614.23-P1P2	0	0	0
STK38L_+_27397625.23-P1P2	1162	2	2091
STK38L_+_27397643.23-P1P2	2781	3	3704
STK38L_-_27397233.23-P1P2	3298	5399	1463
STK38L_-_27397261.23-P1P2	921	1126	1310
STK38_+_36514611.23-P1P2	5565	2	2
STK38_-_36514776.23-P1P2	1742	1	0
STK38_-_36514898.23-P1P2	4944	2762	2
STK38_-_36514950.23-P1P2	0	0	0
STK38_-_36515194.23-P1P2	1818	1	1
STK39_+_169104017.23-P1P2	0	0	0
STK39_+_169104020.23-P1P2	2156	1340	7941
STK39_+_169104069.23-P1P2	2198	4474	2
STK39_-_169104033.23-P1P2	990	1493	1633
STK39_-_169104097.23-P1P2	866	0	1285
STK3_+_99837498.23-P1P2	2105	3622	1738
STK3_+_99837502.23-P1P2	683	0	0
STK3_+_99837886.23-P1P2	0	0	0
STK3_-_99837855.23-P1P2	994	9105	1514
STK3_-_99837866.23-P1P2	0	0	0
STK40_+_36851113.23-P1P2	1269	2	0
STK40_+_36851316.23-P1P2	2291	1	0
STK40_+_36851483.23-P1P2	0	0	0
STK40_+_36851486.23-P1P2	3640	4	666
STK40_-_36851520.23-P1P2	2013	1	1637
STK4_+_43599011.23-P2	1417	0	0
STK4_+_43599415.23-P2	0	0	0
STK4_-_43595191.23-P1	1730	0	1
STK4_-_43595194.23-P1	1244	0	0
STK4_-_43595218.23-P1	1384	2241	1776
STK4_-_43595562.23-P1	0	0	0
STK4_-_43595565.23-P1	0	0	0
STK4_-_43599099.23-P2	0	0	0
STK4_-_43599153.23-P2	0	0	0
STK4_-_43599456.23-P2	0	0	0
STMN4_+_27115874.23-P1P2	4730	2980	4
STMN4_+_27115899.23-P1P2	3375	2948	673
STMN4_+_27115906.23-P1P2	0	0	0
STMN4_+_27115922.23-P1P2	1352	2	1866
STMN4_-_27115504.23-P1P2	0	0	0
STRADA_+_61818798.23-P1P2	1620	0	1
STRADA_+_61819123.23-P1P2	2193	5	1690
STRADA_+_61819143.23-P1P2	0	0	0
STRADA_+_61819146.23-P1P2	3804	2366	0
STRADA_-_61818790.23-P1P2	1416	1	1968
STRADB_+_202316477.23-P1P2	0	0	0
STRADB_+_202316845.23-P1P2	2706	3	1547
STRADB_+_202316902.23-P1P2	4778	2	2
STRADB_-_202316671.23-P1P2	0	0	0
STRADB_-_202316674.23-P1P2	2198	2	3
STYK1_+_10826573.23-P1P2	1204	0	0
STYK1_-_10826265.23-P1P2	0	0	0
STYK1_-_10826613.23-P1P2	5718	7	3258
STYK1_-_10826616.23-P1P2	2071	1	1919
STYK1_-_10826632.23-P1P2	0	0	0
STYXL1_+_75677069.23-P1P2	0	0	0
STYXL1_+_75677277.23-P1P2	0	0	0
STYXL1_-_75676863.23-P1P2	561	5984	1758
STYXL1_-_75676887.23-P1P2	0	0	0
STYXL1_-_75676924.23-P1P2	0	0	0
SUCLA2_+_48575023.23-P1P2	460	0	0
SUCLA2_+_48575401.23-P1P2	1302	0	0
SUCLA2_-_48575361.23-P1P2	2770	2	3650
SUCLA2_-_48575370.23-P1P2	0	0	0
SUCLA2_-_48575397.23-P1P2	0	0	0
SUCLG1_+_84686343.23-P1P2	1490	1011	2117
SUCLG1_-_84686322.23-P1P2	1595	5	1972
SUCLG1_-_84686325.23-P1P2	1536	0	1946
SUCLG1_-_84686370.23-P1P2	0	0	0
SUCLG1_-_84686376.23-P1P2	0	0	0
SUCLG2_+_67704915.23-P1P2	7565	1	2
SUCLG2_-_67704590.23-P1P2	0	0	0
SUCLG2_-_67705002.23-P1P2	1985	1867	2
SUCLG2_-_67705027.23-P1P2	0	0	0
SUCLG2_-_67705042.23-P1P2	3084	1	1
SUCNR1_+_151591462.23-P1P2	0	0	0
SUCNR1_-_151591430.23-P1P2	1202	2	1260
SUCNR1_-_151591454.23-P1P2	1166	0	0
SUCNR1_-_151591472.23-P1P2	1544	3746	2
SUCNR1_-_151591506.23-P1P2	990	1	1
SULT1A1_+_28620868.23-P1P2	0	0	0
SULT1A1_+_28620872.23-P1P2	4922	6	2214
SULT1A1_-_28620951.23-P1P2	5348	4	2
SULT1A1_-_28621367.23-P1P2	0	0	0
SULT1A1_-_28621371.23-P1P2	1306	1	1
SULT1B1_+_70626237.23-P1P2	2221	1	1497
SULT1B1_-_70625872.23-P1P2	767	5387	3610
SULT1B1_-_70626252.23-P1P2	1444	1	1
SULT1B1_-_70626255.23-P1P2	0	0	0
SULT1B1_-_70626281.23-P1P2	4508	4	530
SULT2A1_+_48389155.23-P1P2	0	0	0
SULT2A1_+_48389174.23-P1P2	2929	2	1204
SULT2A1_+_48389184.23-P1P2	3141	2	696
SULT2A1_-_48389569.23-P1P2	0	0	0
SULT2A1_-_48389575.23-P1P2	1060	3	0
SUOX_+_56391458.23-P1P2	3498	4	2500
SUOX_-_56391117.23-P1P2	1734	2	2380
SUOX_-_56391128.23-P1P2	0	0	0
SUOX_-_56391138.23-P1P2	1395	2921	1
SUOX_-_56391545.23-P1P2	5354	6	2
SV2A_+_149888990.23-P1P2	1660	2	1958
SV2A_-_149889308.23-P1P2	1585	0	2022
SV2A_-_149889313.23-P1P2	4806	1	4
SV2A_-_149889322.23-P1P2	0	0	0
SV2A_-_149889332.23-P1P2	4553	3	1641
SYK_+_93564499.23-P1	0	0	0
SYK_+_93589721.23-P2	3894	1	2
SYK_+_93589798.23-P2	4282	2	1
SYK_+_93589899.23-P2	5410	2046	5438
SYK_+_93589904.23-P2	3647	7445	5111
SYK_+_93590091.23-P2	3955	4222	3241
SYK_-_93564431.23-P1	2846	5	1
SYK_-_93564444.23-P1	0	0	0
SYK_-_93564454.23-P1	0	0	0
SYK_-_93564527.23-P1	0	0	0
SYN1_+_47478859.23-P1P2	1410	4064	4961
SYN1_+_47478862.23-P1P2	7722	5398	8
SYN1_+_47479243.23-P1P2	1175	3	1815
SYN1_-_47479221.23-P1P2	0	0	0
SYN1_-_47479259.23-P1P2	4357	8722	3430
SYNC_+_33167945.23-P1P2	1273	0	2
SYNC_+_33168305.23-P1P2	2377	2	0
SYNC_+_33168313.23-P1P2	2103	0	2
SYNC_+_33168338.23-P1P2	0	0	0
SYNC_+_33168356.23-P1P2	2313	0	1735
SYT2_+_202679090.23-P1P2	5394	2699	1
SYT2_+_202679166.23-P1P2	1575	0	2
SYT2_+_202679546.23-P1P2	2764	7	2111
SYT2_-_202679331.23-P1P2	0	0	0
SYT2_-_202679405.23-P1P2	2053	3	3936
SYTL4_+_99986398.23-P1P2	2031	5448	6872
SYTL4_+_99987090.23-P1P2	1659	2	2690
SYTL4_+_99987094.23-P1P2	1222	0	1924
SYTL4_-_99987047.23-P1P2	3482	4	1834
SYTL4_-_99987086.23-P1P2	0	0	0
TAAR1_+_132966642.23-ENST00000275216.1	0	0	0
TAAR1_-_132966910.23-ENST00000275216.1	0	0	0
TAAR1_-_132966945.23-ENST00000275216.1	1717	1	0
TAAR1_-_132967035.23-ENST00000275216.1	1210	8220	2239
TAAR1_-_132967076.23-ENST00000275216.1	882	2311	1926
TAB1_+_39795788.23-ENST00000216160.6	0	0	0
TAB1_+_39795987.23-ENST00000216160.6	1651	0	0
TAB1_+_39796194.23-ENST00000216160.6	0	0	0
TAB1_-_39795821.23-ENST00000216160.6	3824	9977	2252
TAB1_-_39795845.23-ENST00000216160.6	0	0	0
TAB2_+_149639219.23-P1P2	779	0	0
TAB2_+_149639243.23-P1P2	2178	6848	1587
TAB2_-_149639030.23-P1P2	3952	2	2
TAB2_-_149639465.23-P1P2	0	0	0
TAB2_-_149639613.23-P1P2	0	0	0
TACR1_+_75426600.23-P1P2	1486	1	2785
TACR1_+_75426603.23-P1P2	2487	7	4
TACR1_+_75426822.23-P1P2	3928	6	4723
TACR1_-_75426168.23-P1P2	0	0	0
TACR1_-_75426186.23-P1P2	0	0	0
TAF1L_+_32635035.23-P1P2	0	0	0
TAF1L_-_32634794.23-P1P2	1364	1	1
TAF1L_-_32634814.23-P1P2	0	0	0
TAF1L_-_32635053.23-P1P2	1153	0	0
TAF1L_-_32635067.23-P1P2	0	0	0
TAF1_+_70586600.23-P1P2	0	0	0
TAF1_+_70586648.23-P1P2	0	0	0
TAF1_-_70586261.23-P1P2	1443	0	1
TAF1_-_70586580.23-P1P2	0	0	0
TAF1_-_70586615.23-P1P2	1500	2	1359
TAOK1_+_27717866.23-P1P2	0	0	0
TAOK1_+_27717965.23-P1P2	2789	5545	1956
TAOK1_+_27718098.23-P1P2	2888	1	1
TAOK1_-_27717907.23-P1P2	2509	2	643
TAOK1_-_27717915.23-P1P2	4316	4843	1855
TAOK2_+_29985182.23-P1P2	0	0	0
TAOK2_+_29985625.23-P1P2	1721	4429	6548
TAOK2_-_29985240.23-P1P2	0	0	0
TAOK2_-_29985252.23-P1P2	0	0	0
TAOK2_-_29985259.23-P1P2	2519	2	0
TAOK3_+_118796709.23-P2	0	0	0
TAOK3_+_118796747.23-P2	0	0	0
TAOK3_+_118796894.23-P2	0	0	0
TAOK3_+_118810268.23-P1	1432	5893	5
TAOK3_+_118810329.23-P1	0	0	0
TAOK3_+_118810333.23-P1	386	4376	3861
TAOK3_+_118810348.23-P1	1402	2	1446
TAOK3_-_118796467.23-P2	0	0	0
TAOK3_-_118796900.23-P2	1462	3	1080
TAOK3_-_118810719.23-P1	2974	6	2715
TAP1_+_32821462.23-P1P2	2143	4	3850
TAP1_+_32821492.23-P1P2	0	0	0
TAP1_-_32821224.23-P1P2	3530	2	3552
TAP1_-_32821415.23-P1P2	0	0	0
TAP1_-_32821472.23-P1P2	4821	4273	2431
TARS2_+_150459930.23-P1P2	0	0	0
TARS2_-_150459811.23-P1P2	0	0	0
TARS2_-_150459929.23-P1P2	0	0	0
TARS2_-_150459943.23-P1P2	0	0	0
TARS2_-_150459949.23-P1P2	0	0	0
TARS_+_33441064.23-P1P2	0	0	0
TARS_+_33441121.23-P1P2	0	0	0
TARS_+_33441125.23-P1P2	0	0	0
TARS_+_33441139.23-P1P2	0	0	0
TARS_+_33441144.23-P1P2	0	0	0
TAS1R2_+_19185789.23-ENST00000375371.3	0	0	0
TAS1R2_+_19185805.23-ENST00000375371.3	0	0	0
TAS1R2_+_19185953.23-ENST00000375371.3	0	0	0
TAS1R2_-_19185823.23-ENST00000375371.3	531	0	0
TAS1R2_-_19186066.23-ENST00000375371.3	0	0	0
TAT_+_71610876.23-P1P2	0	0	0
TAT_+_71610934.23-P1P2	1175	1	1818
TAT_+_71610945.23-P1P2	2457	5340	1321
TAT_+_71610960.23-P1P2	0	0	0
TAT_-_71610990.23-P1P2	1494	1	0
TBCK_+_107237176.23-P1P2	0	0	0
TBCK_-_107236934.23-P1P2	4839	0	3
TBCK_-_107236938.23-P1P2	0	0	0
TBCK_-_107236961.23-P1P2	583	0	432
TBCK_-_107237291.23-P1P2	2472	2	3157
TBK1_+_64845924.23-P1P2	0	0	0
TBK1_+_64846196.23-P1P2	1834	2	4292
TBK1_-_64845920.23-P1P2	0	0	0
TBK1_-_64845923.23-P1P2	1651	3927	1
TBK1_-_64846281.23-P1P2	3611	1	0
TBXA2R_+_3606552.23-P1P2	1274	2	2853
TBXA2R_+_3606843.23-P1P2	1623	1	1452
TBXA2R_-_3606387.23-P1P2	424	3205	2470
TBXA2R_-_3606692.23-P1P2	1419	4458	1
TBXA2R_-_3606829.23-P1P2	0	0	0
TBXAS1_+_139529094.23-P1P2	0	0	0
TBXAS1_+_139529292.23-P1P2	2897	1	1
TBXAS1_+_139529588.23-P1P2	638	0	0
TBXAS1_-_139529128.23-P1P2	1102	0	2755
TBXAS1_-_139529131.23-P1P2	0	0	0
TCN1_+_59633863.23-P1P2	4158	3464	1652
TCN1_+_59633911.23-P1P2	123	4340	0
TCN1_+_59633947.23-P1P2	0	0	0
TCN1_-_59633607.23-P1P2	0	0	0
TCN1_-_59633921.23-P1P2	1476	1	1533
TEC_+_48271833.23-P1P2	4755	8	2
TEC_-_48271388.23-P1P2	0	0	0
TEC_-_48271495.23-P1P2	2361	5	1980
TEC_-_48271636.23-P1P2	3392	5446	2464
TEC_-_48271836.23-P1P2	272	1885	1404
TEK_+_27109436.23-P1P2	0	0	0
TEK_+_27109461.23-P1P2	0	0	0
TEK_+_27109514.23-P1P2	0	0	0
TEK_-_27109502.23-P1P2	0	0	0
TEK_-_27109619.23-P1P2	1061	0	0
TENC1_+_53443835.23-P1P2	1660	4605	2
TENC1_+_53443842.23-P1P2	2045	2	2
TENC1_+_53443919.23-P1P2	2826	4	675
TENC1_+_53444311.23-P1P2	5750	2937	1907
TENC1_-_53443871.23-P1P2	3953	3597	3968
TESK1_+_35605734.23-P1P2	3154	2	1558
TESK1_-_35605273.23-P1P2	0	0	0
TESK1_-_35605284.23-P1P2	0	0	0
TESK1_-_35605481.23-P1P2	0	0	0
TESK1_-_35605808.23-P1P2	2925	1	0
TESK2_+_45956384.23-P1P2	2073	3	1819
TESK2_+_45956395.23-P1P2	731	1122	3262
TESK2_-_45956402.23-P1P2	935	5	5021
TESK2_-_45956412.23-P1P2	853	1	0
TESK2_-_45956797.23-P1P2	1373	4	6289
TEX14_+_56769428.23-P1P2	1785	6	2
TEX14_-_56769391.23-P1P2	0	0	0
TEX14_-_56769395.23-P1P2	0	0	0
TEX14_-_56769461.23-P1P2	0	0	0
TEX14_-_56769896.23-P1P2	0	0	0
TFF2_+_43770833.23-P1P2	1942	12225	5
TFF2_+_43771038.23-P1P2	1168	5	1854
TFF2_-_43770676.23-P1P2	0	0	0
TFF2_-_43770707.23-P1P2	2618	1	3378
TFF2_-_43770714.23-P1P2	0	0	0
TFPI_+_188418825.23-P1P2	2411	3	0
TFPI_+_188419180.23-P1P2	0	0	0
TFPI_-_188419120.23-P1P2	1445	0	0
TFPI_-_188419191.23-P1P2	1655	1	2
TFPI_-_188419207.23-P1P2	2050	3	1
TF_+_133465271.23-P1	0	0	0
TF_+_133465449.23-P1	2890	2	2142
TF_+_133465622.23-P1	1237	7858	1929
TF_+_133483153.23-P2	2415	5	4919
TF_-_133465289.23-P1	1969	2730	2434
TF_-_133465300.23-P1	0	0	0
TF_-_133483076.23-P2	0	0	0
TF_-_133483086.23-P2	585	1	1121
TF_-_133483103.23-P2	2883	2	1
TF_-_133483131.23-P2	0	0	0
TGFBR1_-_101867432.23-P1P2	7809	8	3455
TGFBR1_-_101867493.23-P1P2	0	0	0
TGFBR1_-_101867854.23-P1P2	0	0	0
TGFBR1_-_101867864.23-P1P2	0	0	0
TGFBR1_-_101867886.23-P1P2	0	0	0
TGFBR2_+_30648131.23-P1P2	7273	8	6666
TGFBR2_+_30648147.23-P1P2	0	0	0
TGFBR2_+_30648526.23-P1P2	7179	8	6053
TGFBR2_+_30648531.23-P1P2	6077	1713	1261
TGFBR2_-_30648144.23-P1P2	6258	9	3545
TGM2_+_36793621.23-P1P2	4638	4	1764
TGM2_+_36793654.23-P1P2	0	0	0
TGM2_-_36793660.23-P1P2	3594	4778	7
TGM2_-_36793663.23-P1P2	1466	7055	1275
TGM2_-_36793688.23-P1P2	0	0	0
THNSL1_+_25305603.23-P1P2	2003	7999	1593
THNSL1_+_25305974.23-P1P2	3181	4	3
THNSL1_+_25305986.23-P1P2	3003	4	2799
THNSL1_+_25305989.23-P1P2	4249	2666	3079
THNSL1_-_25305575.23-P1P2	0	0	0
THRA_+_38219267.23-P1P2	4171	8727	4
THRA_+_38219603.23-P1P2	1757	0	0
THRA_+_38219623.23-P1P2	2586	6914	4483
THRA_+_38219634.23-P1P2	1938	2687	2998
THRA_-_38219609.23-P1P2	690	0	2
TH_+_2187669.23-P2	0	0	0
TH_+_2187988.23-P2	804	0	2
TH_+_2192967.23-P1	1467	1	2105
TH_+_2192978.23-P1	3183	3753	1223
TH_-_2187539.23-P2	0	0	0
TH_-_2187967.23-P2	0	0	0
TH_-_2188006.23-P2	3226	7113	1361
TH_-_2192700.23-P1	0	0	0
TH_-_2192862.23-P1	0	0	0
TH_-_2192974.23-P1	4798	2270	3
TIE1_+_43766703.23-P1P2	2020	4416	3017
TIE1_+_43766722.23-P1P2	0	0	0
TIE1_+_43766732.23-P1P2	1753	4	1800
TIE1_-_43766668.23-P1P2	1312	2744	1763
TIE1_-_43766750.23-P1P2	2651	2	1
TK1_+_76183079.23-P1P2	0	0	0
TK1_+_76183098.23-P1P2	0	0	0
TK1_+_76183131.23-P1P2	0	0	0
TK1_-_76182693.23-P1P2	0	0	0
TK1_-_76182696.23-P1P2	0	0	0
TK2_+_66583987.23-P1P2	0	0	0
TK2_-_66583970.23-P1P2	1241	2	1728
TK2_-_66583977.23-P1P2	1729	6	2996
TK2_-_66583986.23-P1P2	5067	2	3681
TK2_-_66583992.23-P1P2	1420	4669	3088
TLK1_-_172016879.23-P1P2	2665	5755	4
TLK1_-_172016998.23-P1P2	1363	2243	1502
TLK1_-_172017100.23-P1P2	0	0	0
TLK1_-_172017103.23-P1P2	3376	1	1
TLK1_-_172017299.23-P1P2	2299	5960	2794
TLK2_+_60556701.23-P1P2	0	0	0
TLK2_+_60556744.23-P1P2	5142	4840	7155
TLK2_-_60556687.23-P1P2	717	2	0
TLK2_-_60556721.23-P1P2	1706	0	1715
TLK2_-_60556908.23-P1P2	587	1	0
TLL2_+_98273601.23-P1P2	4253	5521	1849
TLL2_+_98273633.23-P1P2	2515	4224	1346
TLL2_-_98273256.23-P1P2	2948	9624	1680
TLL2_-_98273269.23-P1P2	2398	2318	360
TLL2_-_98273618.23-P1P2	2756	4425	1653
TLR2_+_154605798.23-P1P2	4277	956	0
TLR2_+_154605845.23-P1P2	4975	3	2757
TLR2_+_154605903.23-P1P2	51	4	2882
TLR2_-_154605469.23-P1P2	1173	4055	5442
TLR2_-_154605805.23-P1P2	0	0	0
TLR7_+_12885208.23-P1P2	2983	0	4
TLR7_+_12885665.23-P1P2	812	1	0
TLR7_-_12885218.23-P1P2	0	0	0
TLR7_-_12885242.23-P1P2	0	0	0
TLR7_-_12885633.23-P1P2	1321	1	0
TLR8_+_12924753.23-P1P2	1827	2	1524
TLR8_+_12924756.23-P1P2	0	0	0
TLR8_-_12924771.23-P1P2	0	0	0
TLR8_-_12924799.23-P1P2	0	0	0
TLR8_-_12925181.23-P1P2	0	0	0
TMLHE_+_154842174.23-P1P2	0	0	0
TMLHE_+_154842196.23-P1P2	2909	2	3
TMLHE_+_154842396.23-P1P2	2107	5098	1612
TMLHE_-_154842517.23-P1P2	0	0	0
TMLHE_-_154842521.23-P1P2	1495	4	1
TMPRSS15_+_19776049.23-P1P2	267	4880	1410
TMPRSS15_+_19776065.23-P1P2	3275	0	5
TMPRSS15_-_19775629.23-P1P2	0	0	0
TMPRSS15_-_19775862.23-P1P2	0	0	0
TMPRSS15_-_19776100.23-P1P2	0	0	0
TNFSF11_+_43148338.23-P1P2	5105	8689	3
TNFSF11_+_43148361.23-P1P2	6544	6069	373
TNFSF11_-_43148334.23-P1P2	0	0	0
TNFSF11_-_43148349.23-P1P2	2454	7	6319
TNFSF11_-_43148390.23-P1P2	0	0	0
TNFSF13B_+_108922422.23-P1P2	2566	3	2
TNFSF13B_+_108922454.23-P1P2	1659	3	5276
TNFSF13B_+_108922476.23-P1P2	1643	2294	2936
TNFSF13B_-_108922432.23-P1P2	1164	1	1
TNFSF13B_-_108922464.23-P1P2	1443	0	2
TNIK_+_171177833.23-P1P2	1518	11855	1815
TNIK_+_171177915.23-P1P2	1528	0	0
TNIK_-_171178091.23-P1P2	2873	6816	1
TNIK_-_171178114.23-P1P2	2085	3271	3204
TNIK_-_171178123.23-P1P2	1075	5800	5
TNK1_+_7284663.23-P1P2	0	0	0
TNK1_-_7284438.23-P1P2	7685	3317	4
TNK1_-_7284456.23-P1P2	2350	4767	4
TNK1_-_7284770.23-P1P2	0	0	0
TNK1_-_7284801.23-P1P2	3513	5	1452
TNK2_+_195603579.23-P1	0	0	0
TNK2_+_195619165.23-P2	1431	1	0
TNK2_+_195619210.23-P2	1162	0	0
TNK2_-_195603171.23-P1	3769	4865	5
TNK2_-_195603348.23-P1	3134	1901	1
TNK2_-_195603507.23-P1	5677	1	5
TNK2_-_195603595.23-P1	633	2969	1776
TNK2_-_195619174.23-P2	6407	9	3424
TNK2_-_195619539.23-P2	1769	6011	2943
TNK2_-_195619544.23-P2	2511	0	2
TNNC1_+_52487994.23-P1P2	0	0	0
TNNC1_+_52488001.23-P1P2	0	0	0
TNNC1_+_52488006.23-P1P2	1016	0	1
TNNC1_+_52488012.23-P1P2	0	0	0
TNNC1_-_52487614.23-P1P2	2744	2	0
TNNC2_+_44455868.23-P1P2	0	0	0
TNNC2_+_44455883.23-P1P2	1977	9158	4
TNNC2_+_44455907.23-P1P2	1544	3	0
TNNC2_+_44455943.23-P1P2	0	0	0
TNNC2_-_44455986.23-P1P2	1353	3150	1028
TNNI3K_+_74701487.23-ENST00000326637.3	0	0	0
TNNI3K_-_74701083.23-ENST00000326637.3	0	0	0
TNNI3K_-_74701111.23-ENST00000326637.3	0	0	0
TNNI3K_-_74701252.23-ENST00000326637.3	0	0	0
TNNI3K_-_74701440.23-ENST00000326637.3	0	0	0
TNNI3_+_55668650.23-P1P2	0	0	0
TNNI3_+_55669027.23-P1P2	805	1	1
TNNI3_+_55669049.23-P1P2	0	0	0
TNNI3_+_55669057.23-P1P2	3632	1	374
TNNI3_-_55669047.23-P1P2	0	0	0
TOP1MT_+_144416598.23-P1P2	663	6681	5
TOP1MT_+_144416842.23-P1P2	0	0	0
TOP1MT_+_144416903.23-P1P2	4418	3	2
TOP1MT_+_144416976.23-P1P2	2188	1671	2265
TOP1MT_+_144417016.23-P1P2	0	0	0
TP53RK_+_45318043.23-P1P2	0	0	0
TP53RK_+_45318049.23-P1P2	0	0	0
TP53RK_-_45317658.23-P1P2	1166	6162	1145
TP53RK_-_45317703.23-P1P2	0	0	0
TP53RK_-_45318042.23-P1P2	0	0	0
TPD52L3_+_6328794.23-P1P2	1889	2	0
TPD52L3_-_6328378.23-P1P2	920	5277	4
TPD52L3_-_6328404.23-P1P2	1209	1	0
TPD52L3_-_6328626.23-P1P2	0	0	0
TPD52L3_-_6328807.23-P1P2	2557	8	8308
TPH1_+_18047661.23-P1P2	0	0	0
TPH1_-_18048045.23-P1P2	0	0	0
TPH1_-_18048055.23-P1P2	0	0	0
TPH1_-_18048102.23-P1P2	1281	0	4
TPH1_-_18048148.23-P1P2	1563	2458	421
TPI1_-_6976675.23-P1P2	0	0	0
TPI1_-_6976921.23-P1P2	0	0	0
TPI1_-_6977036.23-P1P2	1214	4152	4
TPI1_-_6977151.23-P1P2	1916	4	4866
TPI1_-_6977161.23-P1P2	0	0	0
TPK1_+_144532869.23-P1P2	0	0	0
TPK1_+_144533076.23-P1P2	1411	3	2108
TPK1_-_144533065.23-P1P2	3037	3498	2
TPK1_-_144533096.23-P1P2	129	3	2547
TPK1_-_144533190.23-P1P2	0	0	0
TPMT_+_18155239.23-P1P2	2465	2	1756
TPMT_+_18155248.23-P1P2	0	0	0
TPMT_+_18155258.23-P1P2	0	0	0
TPMT_+_18155262.23-P1P2	0	0	0
TPMT_+_18155297.23-P1P2	3359	2040	2
TPSAB1_+_1291232.23-P1P2	1424	0	2
TPSAB1_-_1291180.23-P1P2	3984	5	1444
TPSAB1_-_1291192.23-P1P2	0	0	0
TPSAB1_-_1291246.23-P1P2	1589	2	2007
TPSAB1_-_1291339.23-P1P2	1639	1	2
TPSB2_+_1279233.23-P1P2	0	0	0
TPSB2_+_1279634.23-P1P2	0	0	0
TPSB2_-_1279243.23-P1P2	0	0	0
TPSB2_-_1279247.23-P1P2	1358	4	0
TPSB2_-_1279649.23-P1P2	2545	3	1402
TPTE2_+_20077053.23-ENST00000400230.2	2683	1	0
TPTE2_+_20077192.23-ENST00000400230.2	599	6270	1578
TPTE2_+_20110537.23-ENST00000382977.4	3794	1763	2
TPTE2_+_20110578.23-ENST00000382977.4	0	0	0
TPTE2_+_20110856.23-ENST00000382977.4	2298	3539	3
TPTE2_+_20110876.23-ENST00000382977.4	0	0	0
TPTE2_-_20077014.23-ENST00000400230.2	0	0	0
TPTE2_-_20077136.23-ENST00000400230.2	0	0	0
TPTE2_-_20077226.23-ENST00000400230.2	2561	2	3360
TPTE2_-_20110867.23-ENST00000382977.4	0	0	0
TPTE_-_10990450.23-P1P2	1402	5	1967
TPTE_-_10990785.23-P1P2	2270	3	1815
TPTE_-_10990794.23-P1P2	992	6	2942
TPTE_-_10990826.23-P1P2	0	0	0
TPTE_-_10990844.23-P1P2	2312	3	3046
TRAF3IP3_+_209929530.23-P1	1679	3	1
TRAF3IP3_+_209929854.23-P1	0	0	0
TRAF3IP3_+_209942001.23-P2	0	0	0
TRAF3IP3_+_209942277.23-P2	1543	2	1
TRAF3IP3_-_209929509.23-P1	1656	1	0
TRAF3IP3_-_209929536.23-P1	1218	4714	7
TRAF3IP3_-_209929938.23-P1	159	1	2069
TRAF3IP3_-_209941903.23-P2	0	0	0
TRAF3IP3_-_209941926.23-P2	789	6040	3
TRAF3IP3_-_209941953.23-P2	0	0	0
TRAPPC1_+_7835084.23-P1P2	0	0	0
TRAPPC1_+_7835186.23-P1P2	0	0	0
TRAPPC1_+_7835244.23-P1P2	0	0	0
TRAPPC1_+_7835274.23-P1P2	1123	4475	1718
TRAPPC1_-_7835236.23-P1P2	0	0	0
TRAPPC2_+_13752454.23-ENST00000358231.5,ENST00000359680.5,ENST00000380579.1	911	3697	1
TRAPPC2_+_13752701.23-ENST00000358231.5,ENST00000359680.5,ENST00000380579.1	889	14334	718
TRAPPC2_+_13752723.23-ENST00000358231.5,ENST00000359680.5,ENST00000380579.1	981	0	1662
TRAPPC2_+_13752743.23-ENST00000358231.5,ENST00000359680.5,ENST00000380579.1	1344	2	1169
TRAPPC2_-_13752487.23-ENST00000358231.5,ENST00000359680.5,ENST00000380579.1	0	0	0
TRAPPC3_+_36615009.23-P1P2	0	0	0
TRAPPC3_+_36615028.23-P1P2	0	0	0
TRAPPC3_+_36615040.23-P1P2	4557	2	1
TRAPPC3_-_36615015.23-P1P2	1369	2	0
TRAPPC3_-_36615043.23-P1P2	0	0	0
TRAPPC4_+_118889221.23-P1P2	0	0	0
TRAPPC4_-_118889508.23-P1P2	557	0	3
TRAPPC4_-_118889684.23-P1P2	1625	5174	1651
TRAPPC4_-_118889743.23-P1P2	1081	0	2
TRAPPC4_-_118889894.23-P1P2	2421	3	2
TRAPPC5_+_7745760.23-P1P2	0	0	0
TRAPPC5_+_7746133.23-P1P2	1363	1	1613
TRAPPC5_+_7746208.23-P1P2	1473	1	3
TRAPPC5_-_7745764.23-P1P2	0	0	0
TRAPPC5_-_7745970.23-P1P2	1103	6	5030
TRAPPC6A_+_45681430.23-P1P2	0	0	0
TRAPPC6A_+_45681477.23-P1P2	0	0	0
TRAPPC6A_-_45681105.23-P1P2	0	0	0
TRAPPC6A_-_45681253.23-P1P2	2711	3	1342
TRAPPC6A_-_45681291.23-P1P2	3536	2	3238
TRAPPC6B_+_39639557.23-P1P2	0	0	0
TRAPPC6B_-_39639165.23-P1P2	0	0	0
TRAPPC6B_-_39639506.23-P1P2	859	2	3519
TRAPPC6B_-_39639522.23-P1P2	0	0	0
TRAPPC6B_-_39639542.23-P1P2	1513	3	1505
TRDMT1_+_17243598.23-P1P2	1347	0	1763
TRDMT1_+_17243655.23-P1P2	0	0	0
TRDMT1_-_17243223.23-P1P2	0	0	0
TRDMT1_-_17243243.23-P1P2	0	0	0
TRDMT1_-_17243626.23-P1P2	903	3	2143
TREM1_+_41254327.23-P1P2	0	0	0
TREM1_+_41254372.23-P1P2	0	0	0
TREM1_+_41254378.23-P1P2	3549	2891	3954
TREM1_+_41254411.23-P1P2	1530	0	0
TREM1_-_41254447.23-P1P2	0	0	0
TRIB1_+_126442659.23-P1P2	3368	6468	4
TRIB1_+_126442827.23-P1P2	4716	3	2
TRIB1_+_126442830.23-P1P2	1722	1	3
TRIB1_+_126442999.23-P1P2	0	0	0
TRIB1_-_126442863.23-P1P2	0	0	0
TRIB2_+_12857119.23-P1P2	2430	1	2
TRIB2_+_12857156.23-P1P2	1765	9398	3745
TRIB2_+_12857161.23-P1P2	3644	4	1
TRIB2_+_12857504.23-P1P2	3003	3	250
TRIB2_+_12857586.23-P1P2	1084	4	1255
TRIB3_+_361672.23-P1P2	2754	6360	3
TRIB3_-_361456.23-P1P2	1326	4	1030
TRIB3_-_361463.23-P1P2	0	0	0
TRIB3_-_361498.23-P1P2	0	0	0
TRIB3_-_361656.23-P1P2	0	0	0
TRIM24_+_138145572.23-P1P2	0	0	0
TRIM24_-_138145197.23-P1P2	885	4544	898
TRIM24_-_138145240.23-P1P2	0	0	0
TRIM24_-_138145308.23-P1P2	0	0	0
TRIM24_-_138145400.23-P1P2	0	0	0
TRIM28_+_59055390.23-P1P2	0	0	0
TRIM28_+_59055947.23-P1P2	3264	3433	6975
TRIM28_-_59055460.23-P1P2	2748	2	1615
TRIM28_-_59055912.23-P1P2	5023	2	5
TRIM28_-_59056127.23-P1P2	1136	7312	1823
TRIM33_+_115053499.23-P1P2	2670	7785	5
TRIM33_+_115053781.23-P1P2	2157	2	2730
TRIM33_+_115053799.23-P1P2	1582	2	0
TRIM33_-_115053636.23-P1P2	0	0	0
TRIM33_-_115053795.23-P1P2	1520	1	1747
TRIO_+_14143488.23-P1P2	1478	5202	956
TRIO_+_14143496.23-P1P2	2925	4	1847
TRIO_-_14143475.23-P1P2	0	0	0
TRIO_-_14143500.23-P1P2	495	2	2
TRIO_-_14143841.23-P1P2	2927	1	2
TRPA1_+_72987396.23-P1P2	0	0	0
TRPA1_-_72987334.23-P1P2	2694	2	0
TRPA1_-_72987392.23-P1P2	0	0	0
TRPA1_-_72987403.23-P1P2	1392	1	1
TRPA1_-_72987798.23-P1P2	2215	4	1826
TRPM6_+_77502325.23-P1P2	1741	1	1591
TRPM6_+_77502333.23-P1P2	0	0	0
TRPM6_+_77502354.23-P1P2	0	0	0
TRPM6_+_77502357.23-P1P2	0	0	0
TRPM6_+_77502525.23-P1P2	0	0	0
TRPM7_+_50978794.23-P1P2	4404	2	1910
TRPM7_+_50978930.23-P1P2	1853	6	1658
TRPM7_-_50978595.23-P1P2	1459	1	0
TRPM7_-_50978757.23-P1P2	0	0	0
TRPM7_-_50978805.23-P1P2	0	0	0
TRPM8_+_234826008.23-P1P2	0	0	0
TRPM8_+_234826065.23-P1P2	1118	0	0
TRPM8_-_234826037.23-P1P2	0	0	0
TRPM8_-_234826077.23-P1P2	2335	1	1685
TRPM8_-_234826256.23-P1P2	2696	5	1891
TRPV1_+_3499964.23-P1P2	1541	5066	1794
TRPV1_+_3500317.23-P1P2	1176	0	0
TRPV1_+_3500355.23-P1P2	1060	3	1292
TRPV1_-_3500224.23-P1P2	950	2	2820
TRPV1_-_3500391.23-P1P2	2308	1639	3234
TRPV3_+_3438861.23-P2	2442	5	5099
TRPV3_+_3438877.23-P2	3065	3246	1245
TRPV3_-_3438848.23-P2	4126	2	1314
TRPV3_-_3438855.23-P2	2882	3849	3711
TRPV3_-_3438888.23-P2	2387	0	1980
TRPV3_-_3460656.23-P1	0	0	0
TRPV3_-_3461053.23-P1	1341	3005	3
TRPV3_-_3461082.23-P1	0	0	0
TRPV3_-_3461104.23-P1	1320	3	3277
TRPV3_-_3461113.23-P1	3152	7	3679
TRRAP_-_98476108.23-P1P2	0	0	0
TRRAP_-_98476196.23-P1P2	0	0	0
TRRAP_-_98476562.23-P1P2	0	0	0
TRRAP_-_98476572.23-P1P2	0	0	0
TRRAP_-_98476600.23-P1P2	1205	0	0
TSKS_+_50266488.23-P1P2	1275	1	686
TSKS_+_50266500.23-P1P2	4689	4	3977
TSKS_+_50266521.23-P1P2	0	0	0
TSKS_+_50266535.23-P1P2	0	0	0
TSKS_+_50266539.23-P1P2	0	0	0
TSPO_+_43547582.23-P1P2	1258	2	1528
TSPO_+_43547598.23-P1P2	1354	2	0
TSPO_+_43547937.23-P1P2	788	0	0
TSPO_-_43547927.23-P1P2	0	0	0
TSPO_-_43547972.23-P1P2	2025	0	1
TSSK1B_+_112770265.23-P1P2	0	0	0
TSSK1B_+_112770660.23-P1P2	2265	0	3
TSSK1B_-_112770593.23-P1P2	5220	5175	3624
TSSK1B_-_112770636.23-P1P2	0	0	0
TSSK1B_-_112770670.23-P1P2	1748	1	0
TSSK2_+_19118825.23-P1P2	0	0	0
TSSK2_+_19119276.23-P1P2	1800	2	1
TSSK2_-_19118809.23-P1P2	3177	2	1
TSSK2_-_19118871.23-P1P2	575	3689	803
TSSK2_-_19118875.23-P1P2	3085	5189	2
TSSK3_-_32827757.23-P1P2	0	0	0
TSSK3_-_32827801.23-P1P2	3222	1	1977
TSSK3_-_32828258.23-P1P2	0	0	0
TSSK3_-_32828592.23-P1P2	1050	2622	0
TSSK3_-_32828601.23-P1P2	3478	3	1624
TSSK4_+_24674949.23-P1P2	0	0	0
TSSK4_+_24674952.23-P1P2	0	0	0
TSSK4_+_24674955.23-P1P2	0	0	0
TSSK4_+_24675310.23-P1P2	0	0	0
TSSK4_-_24675358.23-P1P2	1136	1	1
TSSK6_+_19626893.23-P1P2	0	0	0
TSSK6_+_19626896.23-P1P2	1480	3843	1655
TSSK6_+_19626935.23-P1P2	1227	3	1338
TSSK6_-_19626546.23-P1P2	0	0	0
TSSK6_-_19626774.23-P1P2	3425	2705	2942
TSTA3_+_144699299.23-P1P2	0	0	0
TSTA3_-_144699275.23-P1P2	0	0	0
TSTA3_-_144699285.23-P1P2	0	0	0
TSTA3_-_144699631.23-P1P2	10517	1796	1654
TSTA3_-_144699678.23-P1P2	410	2	1679
TST_+_37415273.23-P1P2	3453	3	4
TST_+_37415316.23-P1P2	1484	1	1
TST_-_37415026.23-P1P2	1882	1	3327
TST_-_37415055.23-P1P2	0	0	0
TST_-_37415067.23-P1P2	0	0	0
TTBK1_+_43211259.23-P1P2	0	0	0
TTBK1_+_43211658.23-P1P2	1518	1	1
TTBK1_+_43211663.23-P1P2	3730	4	1791
TTBK1_+_43211699.23-P1P2	2151	2725	18
TTBK1_-_43211275.23-P1P2	22	2075	0
TTBK2_+_43212572.23-P1P2	173	3	3478
TTBK2_+_43212941.23-P1P2	986	4	2
TTBK2_+_43212945.23-P1P2	2360	0	1663
TTBK2_+_43212957.23-P1P2	0	0	0
TTBK2_+_43212981.23-P1P2	1692	2	2
TTK_+_80714409.23-P1P2	0	0	0
TTK_-_80714359.23-P1P2	0	0	0
TTK_-_80714487.23-P1P2	0	0	0
TTK_-_80714560.23-P1P2	0	0	0
TTK_-_80714765.23-P1P2	0	0	0
TTN_+_179659671.23-P2	4088	5422	1672
TTN_+_179659695.23-P2	5268	4804	1162
TTN_+_179672111.23-P1	312	0	0
TTN_+_179672118.23-P1	1280	4	2077
TTN_+_179672155.23-P1	0	0	0
TTN_-_179659664.23-P2	0	0	0
TTN_-_179659706.23-P2	2014	3	1
TTN_-_179659709.23-P2	0	0	0
TTN_-_179672124.23-P1	2078	3	2097
TTN_-_179672160.23-P1	1632	0	2
TUBA1B_+_49524988.23-P1P2	0	0	0
TUBA1B_-_49524730.23-P1P2	0	0	0
TUBA1B_-_49524741.23-P1P2	0	0	0
TUBA1B_-_49525087.23-P1P2	0	0	0
TUBA1B_-_49525184.23-P1P2	0	0	0
TUBA3C_+_19755878.23-P1P2	0	0	0
TUBA3C_+_19755898.23-P1P2	4239	0	1
TUBA3C_+_19755904.23-P1P2	0	0	0
TUBA3C_+_19755911.23-P1P2	0	0	0
TUBA3C_-_19756039.23-P1P2	1597	2	0
TUBA4A_+_220117971.23-P1P2	4320	1	1204
TUBA4A_+_220118576.23-P1P2	4230	2537	2497
TUBA4A_-_220118407.23-P1P2	0	0	0
TUBA4A_-_220118432.23-P1P2	0	0	0
TUBA4A_-_220118594.23-P1P2	410	0	1657
TUBA8_+_18593940.23-P1P2	2521	10124	4
TUBA8_-_18593584.23-P1P2	0	0	0
TUBA8_-_18593613.23-P1P2	4441	5	2000
TUBA8_-_18593840.23-P1P2	0	0	0
TUBA8_-_18593989.23-P1P2	0	0	0
TUBB1_+_57594465.23-P1P2	2181	7794	1908
TUBB1_+_57594481.23-P1P2	1560	3	1746
TUBB1_+_57594503.23-P1P2	0	0	0
TUBB1_+_57594511.23-P1P2	0	0	0
TUBB1_+_57594915.23-P1P2	0	0	0
TUBB2B_+_3227830.23-P1	2611	2	2719
TUBB2B_+_3227874.23-P1	2261	2632	2553
TUBB2B_+_3231512.23-P2	0	0	0
TUBB2B_+_3231543.23-P2	0	0	0
TUBB2B_-_3227590.23-P1	0	0	0
TUBB2B_-_3227808.23-P1	1499	3	4967
TUBB2B_-_3227863.23-P1	3656	2	2468
TUBB2B_-_3231506.23-P2	0	0	0
TUBB2B_-_3231720.23-P2	1126	1	1671
TUBB2B_-_3231942.23-P2	4551	1329	1
TUBB3_+_89988390.23-P2	0	0	0
TUBB3_+_89988412.23-P2	1291	1	2
TUBB3_+_89988811.23-P2	0	0	0
TUBB3_+_89989787.23-P1	4292	3	1952
TUBB3_+_89989791.23-P1	842	0	1
TUBB3_+_89990023.23-P1	1897	2477	989
TUBB3_+_89990057.23-P1	2814	5225	3186
TUBB3_+_89990181.23-P1	0	0	0
TUBB3_-_89988505.23-P2	1256	1	1
TUBB3_-_89988795.23-P2	2689	4	3
TUBB_+_30688126.23-P1	0	0	0
TUBB_+_30688137.23-P1	0	0	0
TUBB_+_30688145.23-P1	0	0	0
TUBB_+_30688173.23-P1	0	0	0
TUBB_+_30689418.23-P2	819	3649	1788
TUBB_+_30689424.23-P2	799	2301	3457
TUBB_+_30689435.23-P2	0	0	0
TUBB_+_30689619.23-P2	0	0	0
TUBB_-_30688042.23-P1	0	0	0
TUBB_-_30689493.23-P2	4679	2	3614
TUB_+_8060356.23-ENST00000305253.4	2381	1	1
TUB_+_8060398.23-ENST00000305253.4	469	0	0
TUB_-_8060341.23-ENST00000305253.4	1152	2	0
TUB_-_8060770.23-ENST00000305253.4	1539	0	1
TUB_-_8060822.23-ENST00000305253.4	0	0	0
TUFM_+_28857223.23-P1P2	1528	4586	2
TUFM_+_28857597.23-P1P2	0	0	0
TUFM_+_28857614.23-P1P2	0	0	0
TUFM_-_28857611.23-P1P2	0	0	0
TUFM_-_28857649.23-P1P2	2815	1	1390
TWF1_+_44199657.23-P1P2	0	0	0
TWF1_+_44199676.23-P1P2	0	0	0
TWF1_-_44199706.23-P1P2	0	0	0
TWF1_-_44199727.23-P1P2	4155	4	1
TWF1_-_44199731.23-P1P2	1685	3	1613
TWF2_+_52273138.23-P1P2	0	0	0
TWF2_-_52272724.23-P1P2	0	0	0
TWF2_-_52273083.23-P1P2	1389	6898	3102
TWF2_-_52273112.23-P1P2	0	0	0
TWF2_-_52273115.23-P1P2	0	0	0
TXK_+_48116534.23-P2	3450	5877	5
TXK_+_48135793.23-P1	1105	7	3312
TXK_+_48136192.23-P1	2885	3030	2326
TXK_-_48116139.23-P2	0	0	0
TXK_-_48116294.23-P2	1138	1	0
TXK_-_48116487.23-P2	0	0	0
TXK_-_48116550.23-P2	1293	2	1
TXK_-_48136176.23-P1	1564	2	0
TXK_-_48136204.23-P1	3585	5761	908
TXK_-_48136235.23-P1	0	0	0
TXNDC12_+_52520810.23-P1P2	2561	3	3558
TXNDC12_+_52520830.23-P1P2	1086	2	1
TXNDC12_+_52521390.23-P1P2	0	0	0
TXNDC12_-_52521215.23-P1P2	0	0	0
TXNDC12_-_52521320.23-P1P2	1227	3419	4
TXNRD1_+_104609660.23-ENST00000429002.2,ENST00000525566.1	90	0	0
TXNRD1_-_104609584.23-ENST00000429002.2,ENST00000525566.1	3254	1	1
TXNRD1_-_104609607.23-ENST00000429002.2,ENST00000525566.1	1598	10341	1554
TXNRD1_-_104609641.23-ENST00000429002.2,ENST00000525566.1	3196	3008	2128
TXNRD1_-_104609903.23-ENST00000429002.2,ENST00000525566.1	0	0	0
TYK2_+_10491137.23-P1P2	0	0	0
TYK2_+_10491168.23-P1P2	2998	3	1
TYK2_+_10491184.23-P1P2	0	0	0
TYK2_-_10491130.23-P1P2	752	3	3693
TYK2_-_10491195.23-P1P2	0	0	0
TYRO3_+_41851407.23-P1P2	3385	1	1640
TYRO3_+_41851449.23-P1P2	5011	2686	5326
TYRO3_+_41851894.23-P1P2	1573	3	4118
TYRO3_-_41851466.23-P1P2	2043	916	3
TYRO3_-_41851477.23-P1P2	1481	1	1
TYROBP_+_36399122.23-P1P2	2960	2	2
TYROBP_+_36399151.23-P1P2	211	6910	4
TYROBP_-_36398939.23-P1P2	2515	1	1
TYROBP_-_36399090.23-P1P2	1944	3	1501
TYROBP_-_36399163.23-P1P2	1344	2	3515
TYR_+_88911077.23-P1P2	1014	3197	5649
TYR_+_88911085.23-P1P2	1626	1	1
TYR_+_88911144.23-P1P2	1502	0	0
TYR_-_88911116.23-P1P2	424	8	3671
TYR_-_88911475.23-P1P2	0	0	0
UAP1_-_162531574.23-P1P2	1519	2231	1944
UAP1_-_162531807.23-P1P2	1436	9843	3786
UAP1_-_162531891.23-P1P2	1567	2	1565
UAP1_-_162531958.23-P1P2	1256	0	1371
UAP1_-_162531975.23-P1P2	0	0	0
UBA1_+_47050494.23-P2	0	0	0
UBA1_+_47053222.23-P1	0	0	0
UBA1_-_47050253.23-P2	0	0	0
UBA1_-_47050273.23-P2	0	0	0
UBA1_-_47050276.23-P2	0	0	0
UBA1_-_47050698.23-P2	1529	1	932
UBA1_-_47053254.23-P1	1164	5032	3
UBA1_-_47053257.23-P1	1302	0	1
UBA1_-_47053260.23-P1	0	0	0
UBA1_-_47053322.23-P1	1313	3	3318
UBC_+_125399203.23-P1P2	1395	0	0
UBC_+_125399326.23-P1P2	0	0	0
UBC_-_125398724.23-P1P2	3298	3	1823
UBC_-_125398739.23-P1P2	2742	3	3930
UBC_-_125399182.23-P1P2	0	0	0
UCK1_+_134406648.23-P1P2	2201	1	2
UCK1_-_134406166.23-P1P2	2241	0	2
UCK1_-_134406179.23-P1P2	1727	3	2140
UCK1_-_134406411.23-P1P2	8411	3855	1565
UCK1_-_134406644.23-P1P2	0	0	0
UCK2_+_165797244.23-P1P2	0	0	0
UCK2_+_165797262.23-P1P2	0	0	0
UCK2_-_165796883.23-P1P2	2561	2	6
UCK2_-_165797009.23-P1P2	0	0	0
UCK2_-_165797258.23-P1P2	5288	7	3332
UCKL1_+_62587336.23-P1P2	1648	2	933
UCKL1_+_62587737.23-P1P2	0	0	0
UCKL1_-_62587346.23-P1P2	2299	0	1287
UCKL1_-_62587371.23-P1P2	1914	0	0
UCKL1_-_62587685.23-P1P2	3169	3	1144
UGCG_+_114659078.23-P1P2	0	0	0
UGCG_+_114659235.23-P1P2	2589	4	2129
UGCG_+_114659529.23-P1P2	0	0	0
UGCG_+_114659740.23-P1P2	3631	7	2824
UGCG_-_114659148.23-P1P2	0	0	0
UGDH_+_39528570.23-P1P2	1399	2	1
UGDH_+_39528999.23-P1P2	0	0	0
UGDH_+_39529031.23-P1P2	2892	2	1916
UGDH_+_39529046.23-P1P2	14598	10	5658
UGDH_+_39529150.23-P1P2	2394	0	2
UGP2_+_64068535.23-P1P2	0	0	0
UGP2_+_64068539.23-P1P2	121	2	3411
UGP2_-_64068201.23-P1P2	1593	2	0
UGP2_-_64068857.23-P1P2	822	3290	1456
UGP2_-_64068866.23-P1P2	4166	3899	1414
UGT1A9_+_234580518.23-P1P2	0	0	0
UGT1A9_+_234580548.23-P1P2	4838	6	5496
UGT1A9_+_234580603.23-P1P2	1516	2	2
UGT1A9_-_234580537.23-P1P2	0	0	0
UGT1A9_-_234580593.23-P1P2	0	0	0
UGT3A1_+_35991091.23-P1P2	1371	0	3
UGT3A1_+_35991473.23-P1P2	0	0	0
UGT3A1_-_35991106.23-P1P2	0	0	0
UGT3A1_-_35991431.23-P1P2	1806	3	2
UGT3A1_-_35991456.23-P1P2	805	5151	143
UHMK1_+_162467695.23-P1P2	3091	3	3607
UHMK1_+_162467742.23-P1P2	5108	3000	1546
UHMK1_+_162467890.23-P1P2	1406	4350	1
UHMK1_-_162467669.23-P1P2	1538	2860	2
UHMK1_-_162467672.23-P1P2	0	0	0
ULK1_+_132379226.23-P1P2	1252	0	1
ULK1_+_132379246.23-P1P2	1608	3	2
ULK1_-_132379318.23-P1P2	1279	0	1
ULK1_-_132379580.23-P1P2	2121	1	963
ULK1_-_132379643.23-P1P2	4272	2	3996
ULK2_+_19771021.23-P1P2	566	5	3873
ULK2_+_19771156.23-P1P2	0	0	0
ULK2_+_19771159.23-P1P2	4458	5276	5
ULK2_-_19770755.23-P1P2	0	0	0
ULK2_-_19771204.23-P1P2	5467	9545	2758
ULK3_+_75134980.23-P1P2	622	5897	2323
ULK3_+_75135243.23-P1P2	0	0	0
ULK3_+_75135271.23-P1P2	1563	0	2
ULK3_+_75135439.23-P1P2	2968	1468	1402
ULK3_-_75135226.23-P1P2	1391	2	1492
ULK4_+_42003532.23-P1P2	780	5808	2824
ULK4_-_42003081.23-P1P2	6548	4	5540
ULK4_-_42003123.23-P1P2	3551	1614	1870
ULK4_-_42003171.23-P1P2	0	0	0
ULK4_-_42003544.23-P1P2	1368	4	1261
UPP1_+_48128906.23-P1P2	1400	2474	2119
UPP1_+_48128909.23-P1P2	0	0	0
UPP1_+_48128917.23-P1P2	2199	3	2
UPP1_+_48128921.23-P1P2	1454	2642	460
UPP1_+_48129281.23-P1P2	1622	1	0
UQCR10_+_30163554.23-P1P2	876	1	1634
UQCR10_+_30163762.23-P1P2	0	0	0
UQCR10_-_30163537.23-P1P2	0	0	0
UQCR10_-_30163599.23-P1P2	0	0	0
UQCR10_-_30163605.23-P1P2	0	0	0
UQCRB_+_97247411.23-P1P2	0	0	0
UQCRB_+_97247725.23-P1P2	1069	0	0
UQCRB_-_97247570.23-P1P2	1451	1	0
UQCRB_-_97247585.23-P1P2	0	0	0
UQCRB_-_97247802.23-P1P2	0	0	0
UQCRC1_+_48642777.23-P2	0	0	0
UQCRC1_+_48642976.23-P2	2523	1	3
UQCRC1_+_48643236.23-P2	0	0	0
UQCRC1_+_48647013.23-P1	0	0	0
UQCRC1_+_48647028.23-P1	2811	3	4
UQCRC1_+_48647049.23-P1	1298	5592	3
UQCRC1_+_48647230.23-P1	2680	2	1881
UQCRC1_-_48643022.23-P2	0	0	0
UQCRC1_-_48643052.23-P2	1473	5	3693
UQCRC1_-_48647042.23-P1	1493	2910	1937
UQCRQ_+_132202723.23-P1P2	0	0	0
UQCRQ_+_132202789.23-P1P2	0	0	0
UQCRQ_+_132202792.23-P1P2	0	0	0
UQCRQ_-_132202352.23-P1P2	872	4764	4
UQCRQ_-_132202364.23-P1P2	0	0	0
UROD_+_45478049.23-P1P2	0	0	0
UROD_+_45478318.23-P1P2	0	0	0
UROD_-_45477940.23-P1P2	0	0	0
UROD_-_45477955.23-P1P2	0	0	0
UROD_-_45478371.23-P1P2	0	0	0
VAMP1_+_6579358.23-P1P2	0	0	0
VAMP1_+_6579392.23-P1P2	837	0	1
VAMP1_-_6579453.23-P1P2	0	0	0
VAMP1_-_6579770.23-P1P2	0	0	0
VAMP1_-_6579820.23-P1P2	3838	1683	2013
VAMP2_+_8065808.23-P1P2	0	0	0
VAMP2_+_8065818.23-P1P2	0	0	0
VAMP2_+_8065840.23-P1P2	0	0	0
VAMP2_+_8066260.23-P1P2	0	0	0
VAMP2_-_8066267.23-P1P2	1320	4	1960
VARS_+_31763449.23-P1P2	0	0	0
VARS_+_31763457.23-P1P2	0	0	0
VARS_+_31763486.23-P1P2	0	0	0
VARS_-_31763104.23-P1P2	0	0	0
VARS_-_31763433.23-P1P2	0	0	0
VDAC1_+_133340041.23-P1P2	2664	5	1858
VDAC1_+_133340336.23-P1P2	6114	6	2
VDAC1_+_133340407.23-P1P2	1258	1	0
VDAC1_-_133340399.23-P1P2	0	0	0
VDAC1_-_133340412.23-P1P2	0	0	0
VDAC2_+_76970763.23-P1P2	0	0	0
VDAC2_+_76970821.23-P1P2	0	0	0
VDAC2_+_76970831.23-P1P2	0	0	0
VDAC2_+_76971070.23-P1P2	0	0	0
VDAC2_-_76970971.23-P1P2	0	0	0
VDAC3_+_42249411.23-P1P2	5760	3	1
VDAC3_+_42249432.23-P1P2	3672	1	3823
VDAC3_+_42249786.23-P1P2	0	0	0
VDAC3_-_42249431.23-P1P2	4294	2967	1877
VDAC3_-_42249854.23-P1P2	0	0	0
VKORC1L1_+_65338056.23-P1P2	0	0	0
VKORC1L1_+_65338072.23-P1P2	787	2768	2
VKORC1L1_+_65338081.23-P1P2	461	0	833
VKORC1L1_+_65338090.23-P1P2	835	4	4550
VKORC1L1_-_65338303.23-P1P2	925	0	1
VKORC1_+_31105741.23-P1P2	4080	8816	5339
VKORC1_+_31106045.23-P1P2	950	1	1568
VKORC1_-_31105910.23-P1P2	2854	1	3585
VKORC1_-_31106029.23-P1P2	676	1	2700
VKORC1_-_31106059.23-P1P2	2746	4	1476
VRK1_-_97263729.23-P1P2	0	0	0
VRK1_-_97263738.23-P1P2	0	0	0
VRK1_-_97263741.23-P1P2	0	0	0
VRK1_-_97263789.23-P1P2	0	0	0
VRK1_-_97263792.23-P1P2	1420	1263	0
VRK2_+_58273999.23-P1P2	4469	4	1968
VRK2_-_58273952.23-P1P2	4904	4	3709
VRK2_-_58273960.23-P1P2	2423	5	4537
VRK2_-_58273963.23-P1P2	1308	2	0
VRK2_-_58274358.23-P1P2	694	0	0
VRK3_+_50528570.23-P1P2	4549	2	5596
VRK3_+_50528591.23-P1P2	3236	3228	0
VRK3_+_50528601.23-P1P2	1316	1	1
VRK3_+_50528627.23-P1P2	0	0	0
VRK3_-_50528244.23-P1P2	0	0	0
VTN_+_26697269.23-P1P2	3235	0	1044
VTN_-_26696845.23-P1P2	0	0	0
VTN_-_26697217.23-P1P2	597	1	1946
VTN_-_26697296.23-P1P2	1661	2980	8
VTN_-_26697301.23-P1P2	1218	0	1475
VWF_+_6233480.23-P1P2	1664	0	0
VWF_+_6233658.23-P1P2	0	0	0
VWF_+_6233837.23-P1P2	1448	0	2
VWF_-_6233427.23-P1P2	3720	5	4
VWF_-_6233451.23-P1P2	0	0	0
WARS2_+_119683202.23-P1P2	0	0	0
WARS2_+_119683216.23-P1P2	1412	1	1
WARS2_+_119683246.23-P1P2	0	0	0
WARS2_-_119683058.23-P1P2	0	0	0
WARS2_-_119683199.23-P1P2	0	0	0
WARS_+_100841441.23-P1P2	0	0	0
WARS_+_100841618.23-P1P2	1236	0	0
WARS_-_100841623.23-P1P2	1676	0	1
WARS_-_100841647.23-P1P2	0	0	0
WARS_-_100841664.23-P1P2	1409	2	1
WDSUB1_+_160142791.23-P1P2	1924	2	0
WDSUB1_+_160142794.23-P1P2	676	2	1
WDSUB1_+_160143132.23-P1P2	0	0	0
WDSUB1_-_160142848.23-P1P2	0	0	0
WDSUB1_-_160143003.23-P1P2	0	0	0
WEE1_+_9595254.23-P1P2	0	0	0
WEE1_+_9595305.23-P1P2	0	0	0
WEE1_+_9595640.23-P1P2	0	0	0
WEE1_-_9595630.23-P1P2	0	0	0
WEE1_-_9595639.23-P1P2	0	0	0
WNK1_+_861813.23-P1P2	872	1	1
WNK1_+_862246.23-P1P2	1958	5	4533
WNK1_+_862268.23-P1P2	2053	4	2634
WNK1_-_861739.23-P1P2	725	2	4919
WNK1_-_861781.23-P1P2	1054	0	0
WNK2_+_95946840.23-P1P2	0	0	0
WNK2_+_95946928.23-P1P2	4378	4	2702
WNK2_+_95947922.23-P1P2	0	0	0
WNK2_-_95947569.23-P1P2	0	0	0
WNK2_-_95947868.23-P1P2	954	0	0
WNK3_+_54384033.23-P1P2	1364	1406	1
WNK3_+_54384079.23-P1P2	0	0	0
WNK3_+_54384185.23-P1P2	1440	0	2
WNK3_+_54384244.23-P1P2	1038	2	3255
WNK3_-_54384475.23-P1P2	1238	1	1693
WNK4_+_40932692.23-P1P2	1398	5	817
WNK4_+_40932966.23-P1P2	1185	5194	3
WNK4_+_40933056.23-P1P2	1843	1824	3370
WNK4_-_40933038.23-P1P2	3617	5	5728
WNK4_-_40933067.23-P1P2	1147	0	0
XYLB_+_38388525.23-P1P2	0	0	0
XYLB_+_38388704.23-P1P2	2637	0	1742
XYLB_-_38388318.23-P1P2	3624	1359	2799
XYLB_-_38388365.23-P1P2	0	0	0
XYLB_-_38388790.23-P1P2	1937	4	1504
YARS2_+_32908426.23-P1P2	0	0	0
YARS2_+_32908437.23-P1P2	0	0	0
YARS2_-_32908373.23-P1P2	1324	5472	1959
YARS2_-_32908772.23-P1P2	0	0	0
YARS2_-_32908798.23-P1P2	0	0	0
YARS_+_33282894.23-P1P2	0	0	0
YARS_+_33282919.23-P1P2	0	0	0
YARS_-_33282508.23-P1P2	3142	5	907
YARS_-_33282520.23-P1P2	0	0	0
YARS_-_33282523.23-P1P2	1281	1	0
YES1_+_811844.23-P1P2	0	0	0
YES1_+_812201.23-P1P2	2912	0	0
YES1_-_811863.23-P1P2	0	0	0
YES1_-_812244.23-P1P2	2107	1499	1593
YES1_-_812277.23-P1P2	1732	2587	1
ZAK_+_173940948.23-P1P2	1503	0	2
ZAK_-_173940595.23-P1P2	6112	4167	1435
ZAK_-_173940598.23-P1P2	0	0	0
ZAK_-_173940994.23-P1P2	2632	1	1
ZAK_-_173941145.23-P1P2	0	0	0
ZAP70_+_98330099.23-P1P2	0	0	0
ZAP70_+_98330268.23-P1P2	0	0	0
ZAP70_+_98330467.23-P1P2	0	0	0
ZAP70_+_98330488.23-P1P2	4247	3184	3165
ZAP70_-_98330506.23-P1P2	4448	6	3625
ZC3HC1_+_129691069.23-P1P2	0	0	0
ZC3HC1_+_129691168.23-P1P2	1296	2	1479
ZC3HC1_+_129691186.23-P1P2	5581	2980	3
ZC3HC1_+_129691202.23-P1P2	4260	4	1543
ZC3HC1_-_129691196.23-P1P2	2061	1	1
ZFY_+_2803455.23-P1P2	854	2	1416
ZFY_+_2803472.23-P1P2	0	0	0
ZFY_+_2803480.23-P1P2	4419	4105	3594
ZFY_+_2803658.23-P1P2	2417	11190	3560
ZFY_-_2803487.23-P1P2	0	0	0
ZMYND8_+_45985399.23-P1P2	508	0	1
ZMYND8_-_45985017.23-P1P2	0	0	0
ZMYND8_-_45985021.23-P1P2	3674	3315	1929
ZMYND8_-_45985363.23-P1P2	1598	0	0
ZMYND8_-_45985407.23-P1P2	0	0	0
non-targeting_00000	1971	1	0
non-targeting_00001	0	0	0
non-targeting_00002	0	0	0
non-targeting_00003	0	0	0
non-targeting_00004	1170	1817	0
non-targeting_00005	1617	3	1638
non-targeting_00006	1635	3	3306
non-targeting_00007	1488	10795	780
non-targeting_00008	0	0	0
non-targeting_00009	0	0	0
non-targeting_00010	736	961	2498
non-targeting_00011	2779	4525	1
non-targeting_00012	4291	6	2958
non-targeting_00013	900	5037	899
non-targeting_00014	0	0	0
non-targeting_00015	3946	2	961
non-targeting_00016	1629	9448	4
non-targeting_00017	0	0	0
non-targeting_00018	2589	2	2
non-targeting_00019	1314	6	6184
non-targeting_00020	1301	5	2011
non-targeting_00021	0	0	0
non-targeting_00022	1464	1	867
non-targeting_00023	0	0	0
non-targeting_00024	2232	5	3385
non-targeting_00025	1605	0	1
non-targeting_00026	0	0	0
non-targeting_00027	0	0	0
non-targeting_00028	989	2	2
non-targeting_00029	0	0	0
non-targeting_00030	1476	5088	6
non-targeting_00031	1640	0	0
non-targeting_00032	1679	0	1
non-targeting_00033	0	0	0
non-targeting_00034	0	0	0
non-targeting_00035	2694	1	1
non-targeting_00036	0	0	0
non-targeting_00037	982	2	4
non-targeting_00038	1934	0	3470
non-targeting_00039	2626	3783	1877
non-targeting_00040	1423	5	3
non-targeting_00041	1559	3	2179
non-targeting_00042	1350	1	0
non-targeting_00043	2783	6	3057
non-targeting_00044	2160	1	2
non-targeting_00045	5354	6	1642
non-targeting_00046	1189	4	3246
non-targeting_00047	1538	0	1
non-targeting_00048	0	0	0
non-targeting_00049	0	0	0
non-targeting_00050	0	0	0
non-targeting_00051	2004	4192	5
non-targeting_00052	1736	2851	1427
non-targeting_00053	352	3	1999
non-targeting_00054	0	0	0
non-targeting_00055	2813	1	1
non-targeting_00056	0	0	0
non-targeting_00057	2759	4993	2097
non-targeting_00058	0	0	0
non-targeting_00059	3063	2	1
non-targeting_00060	2018	1	3399
non-targeting_00061	0	0	0
non-targeting_00062	1536	4	4919
non-targeting_00063	0	0	0
non-targeting_00064	2293	0	4
non-targeting_00065	1160	1	1
non-targeting_00066	0	0	0
non-targeting_00067	2910	722	4139
non-targeting_00068	0	0	0
non-targeting_00069	889	959	110
non-targeting_00070	0	0	0
non-targeting_00071	0	0	0
non-targeting_00072	1472	3	1774
non-targeting_00073	0	0	0
non-targeting_00074	0	0	0
non-targeting_00075	1681	2635	1689
non-targeting_00076	1040	6665	1
non-targeting_00077	1224	1	0
non-targeting_00078	1246	2	1
non-targeting_00079	1207	2	2
non-targeting_00080	814	0	1
non-targeting_00081	0	0	0
non-targeting_00082	0	0	0
non-targeting_00083	0	0	0
non-targeting_00084	1365	13982	1005
non-targeting_00085	0	0	0
non-targeting_00086	0	0	0
non-targeting_00087	1535	0	692
non-targeting_00088	0	0	0
non-targeting_00089	0	0	0
non-targeting_00090	5133	7277	2540
non-targeting_00091	6515	1	5
non-targeting_00092	0	0	0
non-targeting_00093	140	2	1450
non-targeting_00094	3121	6	3651
non-targeting_00095	0	0	0
non-targeting_00096	0	0	0
non-targeting_00097	1250	0	2
non-targeting_00098	1208	0	1
non-targeting_00099	6475	3112	2
non-targeting_00100	1735	0	1
non-targeting_00101	3259	1	3852
non-targeting_00102	5386	5323	3253
non-targeting_00103	0	0	0
non-targeting_00104	1049	2	0
non-targeting_00105	0	0	0
non-targeting_00106	2426	5316	3371
non-targeting_00107	0	0	0
non-targeting_00108	0	0	0
non-targeting_00109	1304	2	0
non-targeting_00110	0	0	0
non-targeting_00111	2967	5662	2463
non-targeting_00112	3290	2	91
non-targeting_00113	0	0	0
non-targeting_00114	1852	3	855
non-targeting_00115	2432	1	1343
non-targeting_00116	2780	2	0
non-targeting_00117	0	0	0
non-targeting_00118	0	0	0
non-targeting_00119	4262	3	3
non-targeting_00120	2333	3	0
non-targeting_00121	3520	4743	1564
non-targeting_00122	0	0	0
non-targeting_00123	0	0	0
non-targeting_00124	1670	3	2
non-targeting_00125	7058	3	3975
non-targeting_00126	0	0	0
non-targeting_00127	493	3105	5377
non-targeting_00128	2791	1	1311
non-targeting_00129	2729	7	3982
non-targeting_00130	0	0	0
non-targeting_00131	807	3	1
non-targeting_00132	4801	4	3962
non-targeting_00133	0	0	0
non-targeting_00134	231	2	1773
non-targeting_00135	923	5043	1
non-targeting_00136	2298	4186	1373
non-targeting_00137	2576	2	0
non-targeting_00138	0	0	0
non-targeting_00139	1429	2	1
non-targeting_00140	0	0	0
non-targeting_00141	0	0	0
non-targeting_00142	0	0	0
non-targeting_00143	1083	6458	6
non-targeting_00144	1649	2	1
non-targeting_00145	1078	7306	5263
non-targeting_00146	1863	1	1961
non-targeting_00147	0	0	0
non-targeting_00148	664	1	0
non-targeting_00149	1451	1	3372
non-targeting_00150	0	0	0
non-targeting_00151	2637	1	1270
non-targeting_00152	0	0	0
non-targeting_00153	864	0	2
non-targeting_00154	4367	6045	7478
non-targeting_00155	3077	2691	4130
non-targeting_00156	2843	4322	1603
non-targeting_00157	1670	0	0
non-targeting_00158	0	0	0
non-targeting_00159	905	0	0
non-targeting_00160	4228	5	2346
non-targeting_00161	0	0	0
non-targeting_00162	0	0	0
non-targeting_00163	4403	4707	1811
non-targeting_00164	1436	4283	3
non-targeting_00165	0	0	0
non-targeting_00166	2441	0	1528
non-targeting_00167	2294	4	2069
non-targeting_00168	0	0	0
non-targeting_00169	0	0	0
non-targeting_00170	1510	3	1962
non-targeting_00171	0	0	0
non-targeting_00172	0	0	0
non-targeting_00173	1569	3	1561
non-targeting_00174	1003	0	1435
non-targeting_00175	0	0	0
non-targeting_00176	1504	5198	3579
non-targeting_00177	2534	1	2
non-targeting_00178	0	0	0
non-targeting_00179	0	0	0
non-targeting_00180	0	0	0
non-targeting_00181	3815	3	6529
non-targeting_00182	2875	4334	1890
non-targeting_00183	0	0	0
non-targeting_00184	0	0	0
non-targeting_00185	0	0	0
non-targeting_00186	2378	2	1
non-targeting_00187	4765	7254	2055
non-targeting_00188	1422	3	1037
non-targeting_00189	1024	1	3286
non-targeting_00190	0	0	0
non-targeting_00191	2751	4133	3
non-targeting_00192	7902	6	4
non-targeting_00193	1185	2385	1028
non-targeting_00194	2896	7239	3077
non-targeting_00195	0	0	0
non-targeting_00196	1409	5664	3
non-targeting_00197	4791	6	3149
non-targeting_00198	0	0	0
non-targeting_00199	0	0	0
non-targeting_00200	4734	2132	3348
non-targeting_00201	0	0	0
non-targeting_00202	3853	3	2774
non-targeting_00203	1174	5130	3
non-targeting_00204	3439	5017	1279
non-targeting_00205	1188	8498	4169
non-targeting_00206	0	0	0
non-targeting_00207	0	0	0
non-targeting_00208	1890	8637	1352
non-targeting_00209	0	0	0
non-targeting_00210	2192	5	4930
non-targeting_00211	3698	2666	2580
non-targeting_00212	1530	0	0
non-targeting_00213	2791	4	0
non-targeting_00214	0	0	0
non-targeting_00215	624	0	0
non-targeting_00216	0	0	0
non-targeting_00217	0	0	0
non-targeting_00218	2101	5	1446
non-targeting_00219	1571	1	1
non-targeting_00220	4681	6294	2032
non-targeting_00221	4830	3468	4635
non-targeting_00222	3501	2	1575
non-targeting_00223	2156	5	3076
non-targeting_00224	0	0	0
non-targeting_00225	0	0	0
non-targeting_00226	1911	5242	1329
non-targeting_00227	0	0	0
non-targeting_00228	3239	2501	2
non-targeting_00229	0	0	0
non-targeting_00230	0	0	0
non-targeting_00231	1340	1	2
non-targeting_00232	0	0	0
non-targeting_00233	1487	1	0
non-targeting_00234	0	0	0
non-targeting_00235	1707	3	1707
non-targeting_00236	1493	1	1
non-targeting_00237	7514	6292	1599
non-targeting_00238	4467	9	9439
non-targeting_00239	2909	2833	2375
non-targeting_00240	0	0	0
non-targeting_00241	292	3	2138
non-targeting_00242	0	0	0
non-targeting_00243	1158	0	1184
non-targeting_00244	2437	6527	1752
non-targeting_00245	3628	1976	1591
non-targeting_00246	765	2	3
non-targeting_00247	0	0	0
non-targeting_00248	1185	1	2681
non-targeting_00249	2582	0	3
