	Diff	Lower	T0	Upper
	Rep1	Rep1	Rep1	Rep1
sgId				
AADACL2_+_151451732.23-P1P2	0	0	286	0
AADACL2_+_151451926.23-P1P2	3	0	591	0
AADACL2_+_151452121.23-P1P2	3	1	595	1802
AADACL2_-_151451828.23-P1P2	1180	2	1491	1
AADACL2_-_151451961.23-P1P2	0	0	0	0
AADAT_+_171010904.23-P1P2	1938	1962	1675	5
AADAT_+_171010929.23-P1P2	784	1	1098	3
AADAT_+_171011392.23-P1P2	2145	0	953	2319
AADAT_-_171011321.23-P1P2	10	5303	1433	1
AADAT_-_171011368.23-P1P2	7318	1636	870	450
AAK1_+_69870290.23-P1P2	1973	2653	2027	2409
AAK1_+_69870701.23-P1P2	2922	8	1814	5346
AAK1_-_69870541.23-P1P2	2480	4	605	1059
AAK1_-_69870791.23-P1P2	2072	5	2293	2860
AAK1_-_69870794.23-P1P2	1547	0	221	0
AANAT_+_74463718.23-P1P2	1	1	858	0
AANAT_+_74463735.23-P1P2	8	5534	1251	1687
AANAT_+_74464088.23-P1P2	1713	0	408	1
AANAT_-_74464175.23-P1P2	12	3	729	3816
AANAT_-_74464185.23-P1P2	0	0	343	0
AARS2_+_44280650.23-P1P2	1425	2236	1422	2050
AARS2_+_44281006.23-P1P2	1	4	276	1047
AARS2_+_44281027.23-P1P2	0	0	92	0
AARS2_+_44281044.23-P1P2	0	0	0	0
AARS2_+_44281056.23-P1P2	0	0	133	0
AARS_+_70323318.23-P1P2	0	0	0	0
AARS_+_70323322.23-P1P2	0	0	0	0
AARS_+_70323353.23-P1P2	0	0	0	0
AARS_+_70323362.23-P1P2	0	0	0	0
AARS_-_70323332.23-P1P2	0	0	0	0
AASS_+_121784000.23-P1P2	1	1	730	0
AASS_+_121784219.23-P1P2	1413	4323	832	2255
AASS_+_121784247.23-P1P2	5	3	572	3353
AASS_-_121784277.23-P1P2	448	2	3194	2007
AASS_-_121784328.23-P1P2	1165	0	796	0
AATK_+_79139571.23-ENST00000326724.4	1392	0	571	0
AATK_+_79139589.23-ENST00000326724.4	10	4168	2174	2729
AATK_+_79139592.23-ENST00000326724.4	4464	5	1400	1634
AATK_-_79139586.23-ENST00000326724.4	1	0	877	0
AATK_-_79139956.23-ENST00000326724.4	325	1	1403	1
ABAT_+_8768492.23-P1	2007	5765	1744	1062
ABAT_+_8768682.23-P1	1565	1	1047	0
ABAT_+_8807445.23-P2	1178	1583	2331	3988
ABAT_+_8807450.23-P2	6803	2	2158	2
ABAT_+_8807464.23-P2	3903	0	2620	0
ABAT_+_8807492.23-P2	1	0	347	0
ABAT_+_8807696.23-P2	1878	2	760	3355
ABAT_-_8768504.23-P1	1985	0	1664	1006
ABAT_-_8768523.23-P1	762	1306	1354	3946
ABAT_-_8768533.23-P1	1239	0	1273	2548
ABCC2_+_101542515.23-P1P2	5	6001	258	2
ABCC2_+_101542910.23-P1P2	1	0	905	0
ABCC2_+_101542914.23-P1P2	2	1	572	0
ABCC2_+_101542981.23-P1P2	1415	3	1	1472
ABCC2_-_101542808.23-P1P2	0	0	118	1
ABCC8_+_17497953.23-P1P2	1278	8812	2585	10
ABCC8_+_17498387.23-P1P2	1924	3	1129	1420
ABCC8_-_17497979.23-P1P2	575	2	1500	1589
ABCC8_-_17497997.23-P1P2	809	0	305	315
ABCC8_-_17498220.23-P1P2	1	0	767	1
ABCC9_+_22093672.23-P1P2	1491	3	1898	2765
ABCC9_+_22093678.23-P1P2	6	3341	911	3810
ABCC9_+_22093937.23-P1P2	1	0	842	0
ABCC9_+_22093941.23-P1P2	1208	1	593	824
ABCC9_+_22094309.23-P1P2	0	0	424	0
ABCE1_+_146019317.23-P1P2	0	1	123	0
ABCE1_+_146019463.23-P1P2	1128	0	1	0
ABCE1_+_146019842.23-P1P2	437	1	321	1989
ABCE1_-_146019502.23-P1P2	0	0	0	0
ABCE1_-_146019516.23-P1P2	0	0	0	0
ABCG1_+_43639544.23-P1P2	3859	3	563	4864
ABCG1_+_43639681.23-P1P2	0	0	120	0
ABCG1_-_43639282.23-P1P2	4754	2375	3056	5631
ABCG1_-_43639541.23-P1P2	3021	2984	1692	3008
ABCG1_-_43639626.23-P1P2	12	4958	3072	3693
ABL1_+_133589617.23-ENST00000372348.2	782	0	683	1
ABL1_+_133589629.23-ENST00000372348.2	6	4924	1036	1
ABL1_+_133589636.23-ENST00000372348.2	1444	0	862	1564
ABL1_-_133589228.23-ENST00000372348.2	829	2451	1001	2
ABL1_-_133589268.23-ENST00000372348.2	1280	4448	845	2
ABL2_+_179112168.23-P1	1447	562	1632	0
ABL2_+_179112186.23-P1	0	0	189	0
ABL2_+_179198340.23-P2	3085	3	1540	939
ABL2_+_179198398.23-P2	1235	1	1382	1824
ABL2_+_179198565.23-P2	1452	0	668	3116
ABL2_+_179198740.23-P2	1309	3	1308	3
ABL2_-_179112151.23-P1	4	2	1468	1154
ABL2_-_179112154.23-P1	0	0	128	0
ABL2_-_179112158.23-P1	1542	2	607	1942
ABL2_-_179198834.23-P2	1733	0	1259	1465
ABO_+_136150190.23-P1	1401	2120	705	1657
ABO_+_136150601.23-P1	1384	8426	2785	7499
ABO_-_136130692.23-P2	4728	7345	2096	1656
ABO_-_136130921.23-P2	1470	1	1496	1843
ABO_-_136130955.23-P2	1508	3	224	0
ABO_-_136130959.23-P2	0	0	547	1494
ABO_-_136130966.23-P2	1	3	1090	1920
ABO_-_136150219.23-P1	0	0	1035	122
ABO_-_136150600.23-P1	787	3368	2407	3086
ABO_-_136150606.23-P1	1464	0	2008	996
ACACA_+_35715534.23-P1P2	3243	4549	561	2
ACACA_+_35715655.23-P1P2	1	0	198	0
ACACA_-_35715847.23-P1P2	0	0	0	0
ACACA_-_35715992.23-P1P2	0	0	0	0
ACACA_-_35716002.23-P1P2	0	0	0	0
ACACB_+_109569160.23-P1	6	1732	631	2
ACACB_+_109569170.23-P1	5702	3	2286	1523
ACACB_+_109592574.23-P2	1274	1	2206	2
ACACB_+_109592655.23-P2	3	0	652	0
ACACB_+_109592908.23-P2	0	0	252	0
ACACB_-_109569178.23-P1	414	0	793	2
ACACB_-_109569231.23-P1	1546	1	451	1
ACACB_-_109569639.23-P1	2140	6103	1843	0
ACACB_-_109592496.23-P2	1531	1	585	713
ACACB_-_109592519.23-P2	813	0	1605	1
ACAD8_+_134123511.23-P1P2	3538	2	1357	1869
ACAD8_-_134123448.23-P1P2	1027	0	2421	1328
ACAD8_-_134123455.23-P1P2	1102	2	757	1
ACAD8_-_134123502.23-P1P2	2	2	1304	1482
ACAD8_-_134123507.23-P1P2	4	1	1270	1979
ACADSB_+_124768874.23-P1P2	1336	4707	1675	1945
ACADSB_+_124768891.23-P1P2	0	0	679	0
ACADSB_+_124768941.23-P1P2	1216	2564	259	1
ACADSB_+_124768944.23-P1P2	3	0	1676	0
ACADSB_-_124768552.23-P1P2	2092	10993	1480	5
ACADS_+_121163685.23-P1P2	5295	19960	4141	7
ACADS_+_121164090.23-P1P2	0	0	0	0
ACADS_-_121163653.23-P1P2	2518	3930	2172	4674
ACADS_-_121163657.23-P1P2	1267	3275	1202	1856
ACADS_-_121163671.23-P1P2	26	10986	1952	5186
ACAN_+_89347139.23-P1P2	533	1	216	0
ACAN_+_89347148.23-P1P2	0	1	215	0
ACAN_+_89347151.23-P1P2	0	1	400	0
ACAN_-_89346701.23-P1P2	2	3940	952	1
ACAN_-_89347101.23-P1P2	1369	4	3127	3442
ACAT1_+_107992288.23-P1P2	1	2	431	0
ACAT1_+_107992310.23-P1P2	1613	10	1006	5589
ACAT1_+_107992321.23-P1P2	2439	3	1225	3
ACAT1_-_107992364.23-P1P2	1197	0	1905	3345
ACAT1_-_107992733.23-P1P2	3115	4741	1561	4171
ACAT2_+_160183436.23-P1P2	0	0	129	0
ACAT2_+_160183505.23-P1P2	2825	1	809	1
ACAT2_-_160183054.23-P1P2	3	4359	428	1
ACAT2_-_160183095.23-P1P2	1312	1	1472	0
ACAT2_-_160183174.23-P1P2	887	0	1336	855
ACCS_+_44087946.23-P1P2	633	1	525	3802
ACCS_+_44088028.23-P1P2	628	2	960	0
ACCS_+_44088091.23-P1P2	4435	5468	1681	3479
ACCS_+_44088215.23-P1P2	0	0	451	0
ACCS_-_44088090.23-P1P2	1040	4356	1447	3
ACE2_+_15619016.23-P1P2	0	0	316	0
ACE2_+_15619087.23-P1P2	988	1	221	1
ACE2_-_15618594.23-P1P2	7	5755	938	1221
ACE2_-_15618975.23-P1P2	1	0	414	0
ACE2_-_15619013.23-P1P2	3075	1	707	2
ACE_+_61554448.23-P1	3218	4	866	1618
ACE_+_61554829.23-P1	5302	2138	2830	1358
ACE_+_61562272.23-P2	1442	0	1654	1279
ACE_+_61562293.23-P2	8	5658	589	1456
ACE_-_61554428.23-P1	1894	4	1306	2204
ACE_-_61554458.23-P1	5464	3	1586	5209
ACE_-_61554461.23-P1	2725	4189	1420	4610
ACE_-_61562238.23-P2	6059	2	1372	0
ACE_-_61562443.23-P2	4305	3	938	2
ACE_-_61562661.23-P2	1	1	776	1527
ACHE_+_100493456.23-P1	2045	7028	2050	10171
ACHE_+_100493473.23-P1	983	0	1842	0
ACHE_+_100494559.23-P2	1625	2236	823	3
ACHE_+_100494570.23-P2	3430	2584	1468	87
ACHE_-_100493122.23-P1	1	4715	182	0
ACHE_-_100493427.23-P1	0	0	494	0
ACHE_-_100493486.23-P1	1556	2	1220	551
ACHE_-_100494233.23-P2	2902	1	1597	2
ACHE_-_100494236.23-P2	1014	2	1534	2226
ACHE_-_100494578.23-P2	2412	6	2710	5059
ACOT13_+_24667341.23-P1P2	3661	5648	1301	4
ACOT13_-_24667329.23-P1P2	1874	3927	2071	1609
ACOT13_-_24667371.23-P1P2	1327	0	1100	1
ACOT13_-_24667386.23-P1P2	1	0	248	0
ACOT13_-_24667473.23-P1P2	2724	2626	1137	2997
ACOX1_+_73975227.23-P1P2	5	3449	1864	2
ACOX1_-_73975169.23-P1P2	2307	8231	1682	1989
ACOX1_-_73975193.23-P1P2	3190	2	916	3
ACOX1_-_73975196.23-P1P2	1190	0	1603	2
ACOX1_-_73975245.23-P1P2	3440	4127	2871	4
ACP1_+_264980.23-P1P2	3611	2	2333	1185
ACP1_+_265303.23-P1P2	3	0	522	0
ACP1_-_264967.23-P1P2	842	3962	835	3098
ACP1_-_264970.23-P1P2	0	0	0	0
ACP1_-_265107.23-P1P2	3080	2336	236	2
ACP2_+_47270320.23-P1P2	2	2053	1339	1
ACP2_+_47270332.23-P1P2	0	0	0	0
ACP2_-_47269915.23-P1P2	2887	1	917	1747
ACP2_-_47269958.23-P1P2	1239	0	1370	0
ACP2_-_47270385.23-P1P2	3	0	1585	1
ACP5_+_11688472.23-P1	1653	0	230	728
ACP5_-_11688086.23-P1	1261	2	448	1203
ACP5_-_11688414.23-P1	2949	4827	2523	2822
ACP5_-_11688437.23-P1	753	2921	1785	3019
ACP5_-_11688455.23-P1	954	4582	533	1
ACP5_-_11689356.23-P2	8	4550	1695	3424
ACP5_-_11689724.23-P2	2081	3	2366	3500
ACP5_-_11689727.23-P2	2667	6	1244	2895
ACP5_-_11689744.23-P2	4	3132	604	0
ACP5_-_11689771.23-P2	2510	1	1509	1378
ACP6_+_147141956.23-P1P2	3764	5183	2518	1074
ACP6_+_147142159.23-P1P2	0	0	471	0
ACP6_-_147142348.23-P1P2	1721	1350	1397	0
ACP6_-_147142356.23-P1P2	2505	4936	1661	1876
ACP6_-_147142393.23-P1P2	2071	4764	1794	1966
ACPP_+_132036268.23-P1P2	9	4	2779	6916
ACPP_+_132036293.23-P1P2	1213	2	1345	1
ACPP_+_132036338.23-P1P2	0	0	786	0
ACPP_+_132036504.23-P1P2	1516	0	596	1207
ACPP_+_132036703.23-P1P2	1497	1	1564	1
ACPT_+_51293697.23-ENST00000270593.1	2813	5991	740	1761
ACPT_+_51293761.23-ENST00000270593.1	8	3	1348	3093
ACPT_+_51294074.23-ENST00000270593.1	10	5312	1016	0
ACPT_-_51293910.23-ENST00000270593.1	0	0	1159	0
ACPT_-_51294122.23-ENST00000270593.1	0	0	0	0
ACSL1_+_185746700.23-P1P2	1527	1	81	0
ACSL1_+_185747071.23-P1P2	1475	3	1627	0
ACSL1_+_185747074.23-P1P2	2165	1	3196	3
ACSL1_+_185747085.23-P1P2	4	2127	727	1786
ACSL1_-_185746686.23-P1P2	850	6	1192	4479
ACSL3_+_223725692.23-P1P2	0	0	144	0
ACSL3_+_223726215.23-P1P2	1273	1	1786	1
ACSL3_-_223725802.23-P1P2	788	0	612	1
ACSL3_-_223725834.23-P1P2	1536	2	790	3
ACSL3_-_223726162.23-P1P2	5285	2130	2569	2253
ACSL4_+_108976382.23-P1P2	1097	2657	922	3
ACSL4_-_108976096.23-P1P2	8	9244	1274	2983
ACSL4_-_108976106.23-P1P2	2	7	610	3857
ACSL4_-_108976456.23-P1P2	1182	0	2333	2396
ACSL4_-_108976463.23-P1P2	6710	3486	1677	887
ACSS2_+_33464457.23-P1P2	1372	2	1700	3211
ACSS2_-_33464420.23-P1P2	6664	3	1584	1144
ACSS2_-_33464423.23-P1P2	3	3011	2081	2398
ACSS2_-_33464453.23-P1P2	5	0	753	1491
ACSS2_-_33464808.23-P1P2	2	3	666	3969
ACTA1_+_229568301.23-P2	4565	5	3354	3522
ACTA1_+_229569744.23-P1	3	3155	875	0
ACTA1_-_229568328.23-P2	4	1	1509	3945
ACTA1_-_229568723.23-P2	1493	2495	1645	0
ACTA1_-_229568745.23-P2	919	2282	2064	4198
ACTA1_-_229568779.23-P2	2601	1	1120	1
ACTA1_-_229569627.23-P1	992	0	1377	0
ACTA1_-_229569754.23-P1	6	3995	1890	0
ACTA1_-_229569824.23-P1	1	0	1429	1584
ACTA1_-_229569839.23-P1	5903	2	2806	1
ACTR2_+_65455294.23-P1P2	3909	0	118	0
ACTR2_+_65455348.23-P1P2	1	1021	1091	1675
ACTR2_-_65454953.23-P1P2	0	0	319	0
ACTR2_-_65454971.23-P1P2	0	0	530	0
ACTR2_-_65455345.23-P1P2	1	1	735	0
ACVR1B_+_52345561.23-P1P2	1	0	462	0
ACVR1B_+_52345897.23-P1P2	0	0	0	0
ACVR1B_+_52345907.23-P1P2	2327	3	261	2
ACVR1B_-_52345530.23-P1P2	3	2	1509	1214
ACVR1B_-_52345917.23-P1P2	2414	5526	856	4
ACVR1C_+_158484889.23-P1P2	0	1767	1184	5
ACVR1C_+_158484901.23-P1P2	1188	3	2112	2896
ACVR1C_+_158484938.23-P1P2	4470	3	1777	4
ACVR1C_+_158485339.23-P1P2	5	1	2879	2997
ACVR1C_-_158485307.23-P1P2	0	0	204	0
ACVR1_+_158732079.23-P1P2	0	0	593	0
ACVR1_+_158732198.23-P1P2	4153	2	1804	1
ACVR1_+_158732232.23-P1P2	0	0	1123	0
ACVR1_+_158732258.23-P1P2	1	0	465	0
ACVR1_-_158732511.23-P1P2	569	2	2399	2720
ACVR2A_+_148602294.23-P1P2	4	0	626	1488
ACVR2A_+_148602343.23-P1P2	2	0	2104	1753
ACVR2A_+_148602346.23-P1P2	1470	1	2114	2
ACVR2A_-_148602102.23-P1P2	1621	1	1300	4837
ACVR2A_-_148602669.23-P1P2	1240	2	1964	0
ACVR2B_+_38495339.23-P1P2	3	1	1066	931
ACVR2B_+_38495450.23-P1P2	4501	2	1576	1798
ACVR2B_+_38495606.23-P1P2	3216	4789	2116	1643
ACVR2B_+_38495842.23-P1P2	1035	4888	2210	3556
ACVR2B_-_38495819.23-P1P2	4	0	1404	1
ACVRL1_+_52300726.23-P1P2	0	1	480	1459
ACVRL1_+_52300742.23-P1P2	1	1	399	1692
ACVRL1_+_52300819.23-P1P2	1528	0	757	3
ACVRL1_-_52300776.23-P1P2	1	1	1481	0
ACVRL1_-_52301119.23-P1P2	6	5487	1469	2
ACY1_+_52017535.23-P1P2	886	0	1150	1680
ACY1_+_52017980.23-P1P2	4070	3821	2944	2320
ACY1_-_52017547.23-P1P2	2754	8769	1114	6
ACY1_-_52017921.23-P1P2	0	0	207	0
ACY1_-_52017938.23-P1P2	1	1	624	1466
ACY3_+_67414985.23-P2	2982	0	1087	0
ACY3_+_67415013.23-P2	1061	0	5	1
ACY3_+_67417722.23-P1	0	0	153	0
ACY3_+_67417960.23-P1	2802	4499	1577	1270
ACY3_+_67418110.23-P1	1571	3753	2554	6350
ACY3_-_67414577.23-P2	1513	2123	1850	3010
ACY3_-_67414607.23-P2	2	1	2453	1495
ACY3_-_67414970.23-P2	1	0	1295	0
ACY3_-_67417956.23-P1	0	0	130	0
ACY3_-_67418149.23-P1	1334	2	573	1429
ACYP2_+_54342830.23-P1P2	469	4	1673	1
ACYP2_-_54342821.23-P1P2	0	0	524	0
ACYP2_-_54343153.23-P1P2	0	1	695	2
ACYP2_-_54343157.23-P1P2	3446	3	1007	2981
ACYP2_-_54343180.23-P1P2	2378	2	1292	1961
ADAM33_+_3662271.23-P1P2	2240	2	1902	1
ADAM33_+_3662642.23-P1P2	5074	4	1758	2
ADAM33_-_3662191.23-P1P2	1573	1	894	1
ADAM33_-_3662194.23-P1P2	4	5792	353	1
ADAM33_-_3662638.23-P1P2	6183	2	1730	4
ADAMTS5_+_28339356.23-P1P2	812	4939	1562	1569
ADAMTS5_+_28339363.23-P1P2	2337	3	2274	2
ADAMTS5_-_28338950.23-P1P2	728	4903	1126	0
ADAMTS5_-_28339372.23-P1P2	3302	6	2143	3199
ADAMTS5_-_28339421.23-P1P2	10	5903	2119	3197
ADCK1_+_78266506.23-P1P2	2743	5726	1150	4
ADCK1_-_78266512.23-P1P2	634	1	1721	1832
ADCK1_-_78266523.23-P1P2	1594	1	1186	3
ADCK1_-_78266828.23-P1P2	2597	2895	777	2
ADCK1_-_78266900.23-P1P2	2165	5461	1352	2
ADCK2_+_140372748.23-P1P2	887	0	957	1
ADCK2_+_140373084.23-P1P2	1327	2	2310	2668
ADCK2_+_140373152.23-P1P2	4227	5036	2009	2013
ADCK2_-_140373160.23-P1P2	2920	1	2195	1
ADCK2_-_140373404.23-P1P2	3	1743	845	4179
ADCK3_+_227128242.23-P1P2	3	3	2173	5015
ADCK3_+_227128400.23-P1P2	2240	3341	3117	3240
ADCK3_-_227128046.23-P1P2	2879	2802	645	1457
ADCK3_-_227128055.23-P1P2	2853	4	1535	4468
ADCK3_-_227128078.23-P1P2	4	4	1700	1313
ADCK4_+_41222752.23-P1P2	1534	1	220	0
ADCK4_-_41222351.23-P1P2	1741	1	1141	0
ADCK4_-_41222709.23-P1P2	0	0	587	0
ADCK4_-_41222769.23-P1P2	0	0	703	0
ADCK4_-_41222791.23-P1P2	2479	2	2717	5175
ADCK5_+_145597793.23-P1P2	0	0	0	0
ADCK5_-_145597191.23-P1P2	626	0	420	0
ADCK5_-_145597250.23-P1P2	764	0	446	0
ADCK5_-_145597781.23-P1P2	2490	1212	2362	1637
ADCK5_-_145597789.23-P1P2	6	4929	607	1704
ADC_+_33546832.23-P1P2	3525	3	688	2
ADC_+_33546850.23-P1P2	1657	5067	605	1
ADC_+_33546977.23-P1P2	4	0	861	1228
ADC_-_33546826.23-P1P2	2095	3025	858	4
ADC_-_33546829.23-P1P2	0	0	348	0
ADH1B_+_100242040.23-P1P2	3	3097	461	3
ADH1B_+_100242511.23-P1P2	5	3	1533	2003
ADH1B_-_100242120.23-P1P2	0	0	178	0
ADH1B_-_100242280.23-P1P2	1	0	359	0
ADH1B_-_100242333.23-P1P2	1	0	513	0
ADH1C_+_100273655.23-P1P2	1835	2250	419	420
ADH1C_-_100273471.23-P1P2	0	0	92	0
ADH1C_-_100273518.23-P1P2	0	0	382	0
ADH1C_-_100273879.23-P1P2	2942	1	730	2823
ADH1C_-_100273923.23-P1P2	4484	3	1727	2030
ADH4_+_100065429.23-P1P2	8	6383	991	2
ADH4_+_100065433.23-P1P2	1391	1	855	1
ADH4_+_100065444.23-P1P2	1090	5107	198	5
ADH4_+_100065450.23-P1P2	0	0	0	0
ADH4_-_100065227.23-P1P2	2	0	366	2187
ADH5_+_100009684.23-P1P2	2	2115	808	2
ADH5_+_100009798.23-P1P2	1	1	362	1063
ADH5_+_100009821.23-P1P2	1333	1	649	1724
ADH5_+_100009838.23-P1P2	1592	0	3742	0
ADH5_-_100009831.23-P1P2	5	1	2145	0
ADK_+_75911404.23-P2	1	0	1386	1
ADK_+_75911444.23-P2	4	1	553	1754
ADK_+_75936517.23-P1	2540	6	1986	2138
ADK_+_75936538.23-P1	4152	0	1377	2
ADK_+_75936570.23-P1	2020	4319	1498	1475
ADK_+_75936748.23-P1	0	0	203	0
ADK_-_75911021.23-P2	1	2439	855	0
ADK_-_75911025.23-P2	4	2108	365	0
ADK_-_75911437.23-P2	684	1	882	2
ADK_-_75936578.23-P1	0	0	583	1
ADORA1_+_203096891.23-P1P2	4282	1	1232	7
ADORA1_+_203097450.23-P1P2	3959	4	2098	2163
ADORA1_+_203097472.23-P1P2	2753	4470	2145	2420
ADORA1_+_203097506.23-P1P2	5	5237	1021	1
ADORA1_-_203096974.23-P1P2	1	3	610	2818
ADORA2A_+_24820308.23-P1P2	2377	5	2458	3654
ADORA2A_-_24819888.23-P1P2	1929	1987	1502	2
ADORA2A_-_24819903.23-P1P2	2	3922	1755	1716
ADORA2A_-_24819947.23-P1P2	1620	4578	1392	1588
ADORA2A_-_24820281.23-P1P2	3	4	864	3921
ADORA2B_+_15848686.23-P1P2	1645	3	253	2947
ADORA2B_+_15848965.23-P1P2	1	1	1	1703
ADORA2B_-_15848659.23-P1P2	5024	2106	2611	1
ADORA2B_-_15848791.23-P1P2	0	0	296	0
ADORA2B_-_15848949.23-P1P2	1587	2	1205	1687
ADORA3_+_112031013.23-P1	6	7364	814	3
ADORA3_+_112031386.23-P1	29	4	1775	1815
ADORA3_+_112031407.23-P1	1	0	1209	0
ADORA3_+_112031411.23-P1	856	0	817	0
ADORA3_+_112031418.23-P1	1314	2	1459	840
ADORA3_+_112045890.23-P2	1	0	867	0
ADORA3_+_112046055.23-P2	1580	3	348	1803
ADORA3_+_112046115.23-P2	603	0	639	0
ADORA3_+_112046284.23-P2	1	0	841	0
ADORA3_-_112046251.23-P2	1	0	575	341
ADRA1A_+_26724406.23-P1P2	5061	2890	2276	4005
ADRA1A_-_26724311.23-P1P2	1362	1	1557	3492
ADRA1A_-_26724340.23-P1P2	367	0	519	1
ADRA1A_-_26724356.23-P1P2	5297	2	1074	0
ADRA1A_-_26724373.23-P1P2	1	0	559	0
ADRA1B_+_159343520.23-P1P2	4234	4	2982	1926
ADRA1B_+_159344209.23-P1P2	2587	0	422	2140
ADRA1B_+_159344222.23-P1P2	2	0	656	1378
ADRA1B_-_159343504.23-P1P2	5813	5528	1587	1563
ADRA1B_-_159343900.23-P1P2	1133	2598	710	1
ADRA1D_+_4229485.23-P1P2	1325	6	1312	3869
ADRA1D_-_4229164.23-P1P2	4	0	2747	2
ADRA1D_-_4229250.23-P1P2	2768	2	1069	2
ADRA1D_-_4229495.23-P1P2	2279	887	1296	1541
ADRA1D_-_4229926.23-P1P2	395	3072	1322	1244
ADRA2A_-_112837142.23-P1P2	2838	0	1775	2
ADRA2A_-_112837201.23-P1P2	1930	5	1683	3268
ADRA2A_-_112837216.23-P1P2	0	0	0	0
ADRA2A_-_112837238.23-P1P2	799	0	906	0
ADRA2A_-_112837251.23-P1P2	3219	0	318	0
ADRA2B_+_96781839.23-P1P2	2434	7	1268	3193
ADRA2B_-_96781873.23-P1P2	2	0	1299	0
ADRA2B_-_96781894.23-P1P2	0	0	881	0
ADRA2B_-_96782243.23-P1P2	1	1	805	1944
ADRA2B_-_96782246.23-P1P2	1175	0	0	0
ADRA2C_+_3768074.23-P1P2	929	2	1553	2485
ADRA2C_+_3768082.23-P1P2	3810	6	3578	3654
ADRA2C_+_3768098.23-P1P2	515	0	828	2
ADRA2C_-_3767700.23-P1P2	1	0	539	1867
ADRA2C_-_3767888.23-P1P2	1902	1	3074	2
ADRB1_+_115804002.23-P1P2	3	1	962	1851
ADRB1_-_115803895.23-P1P2	3247	1672	1712	638
ADRB1_-_115804061.23-P1P2	3052	5026	3193	6959
ADRB1_-_115804069.23-P1P2	824	3	1597	2127
ADRB1_-_115804075.23-P1P2	1474	3079	1509	1518
ADRB2_+_148206220.23-P1P2	5724	2091	2315	1899
ADRB2_+_148206227.23-P1P2	2988	4929	1811	2
ADRB2_-_148206186.23-P1P2	2842	1	1422	3132
ADRB2_-_148206207.23-P1P2	2270	1	1781	1894
ADRB2_-_148206413.23-P1P2	1091	3	1878	1
ADRB3_+_37822768.23-P1P2	1184	3069	859	1493
ADRB3_-_37822919.23-P1P2	1411	1	546	1222
ADRB3_-_37823380.23-P1P2	524	0	1424	3710
ADRB3_-_37823667.23-P1P2	1374	5864	1851	3408
ADRB3_-_37823742.23-P1P2	1526	0	776	2080
ADRBK1_+_67033933.23-P1P2	1368	4502	1822	2756
ADRBK1_+_67034195.23-P1P2	1	0	296	0
ADRBK1_+_67034566.23-P1P2	5219	2	1624	2
ADRBK1_-_67033953.23-P1P2	2	5026	881	2
ADRBK1_-_67034001.23-P1P2	1965	2	1364	1319
ADRBK2_+_25960616.23-P1P2	5097	5465	2081	7756
ADRBK2_-_25960625.23-P1P2	4125	2776	2313	1876
ADRBK2_-_25960628.23-P1P2	0	0	113	0
ADRBK2_-_25960707.23-P1P2	4335	6	4146	3139
ADRBK2_-_25960854.23-P1P2	2207	1	989	57
ADSSL1_+_105190776.23-P1P2	3415	8	2087	3195
ADSSL1_+_105190789.23-P1P2	4707	3	2886	1492
ADSSL1_+_105190984.23-P1P2	1455	1	599	1
ADSSL1_-_105190591.23-P1P2	2586	1563	1994	1695
ADSSL1_-_105190615.23-P1P2	2686	4807	1276	1867
AFG3L2_+_12377215.23-P1P2	0	0	26	0
AFG3L2_-_12377072.23-P1P2	0	0	0	0
AFG3L2_-_12377209.23-P1P2	0	0	76	0
AFG3L2_-_12377212.23-P1P2	0	0	97	0
AFG3L2_-_12377232.23-P1P2	0	0	0	0
AGTR1_+_148416039.23-P1P2	1588	2	313	2
AGTR1_+_148416061.23-P1P2	1533	3	2069	1999
AGTR1_-_148415743.23-P1P2	3	1	2439	1511
AGTR1_-_148415748.23-P1P2	1067	1	1599	2
AGTR1_-_148415793.23-P1P2	4	3964	2172	1585
AGTR2_+_115301983.23-P1P2	1736	0	136	1
AGTR2_+_115302459.23-P1P2	0	0	443	0
AGTR2_-_115301994.23-P1P2	0	0	847	0
AGTR2_-_115302232.23-P1P2	0	0	105	0
AGTR2_-_115302383.23-P1P2	1425	1	184	0
AGXT2_+_35048018.23-P1P2	1	0	433	0
AGXT2_-_35047934.23-P1P2	2661	1	659	1557
AGXT2_-_35047958.23-P1P2	3	1	1245	2103
AGXT2_-_35047966.23-P1P2	0	0	0	0
AGXT2_-_35048026.23-P1P2	2	1	684	1910
AGXT_+_241808192.23-P1P2	2	1104	1321	3518
AGXT_+_241808286.23-P1P2	2735	1	699	0
AGXT_+_241808483.23-P1P2	106	0	873	0
AGXT_+_241808706.23-P1P2	4	2317	1464	1550
AGXT_-_241808273.23-P1P2	857	0	1210	0
AHCY_-_32890731.23-P1P2	1140	1477	2437	1970
AHCY_-_32890950.23-P1P2	1483	2	1210	3
AHCY_-_32891095.23-P1P2	3449	4884	2397	3434
AHCY_-_32891101.23-P1P2	2	0	695	0
AHCY_-_32891145.23-P1P2	1750	0	2045	1558
AK1_+_130639930.23-P1P2	2460	2	1647	1302
AK1_+_130639945.23-P1P2	2096	1350	1007	1136
AK1_-_130639512.23-P1P2	2	0	404	0
AK1_-_130639710.23-P1P2	2518	0	1303	1183
AK1_-_130639906.23-P1P2	2471	2618	1922	1434
AK2_+_33502042.23-P1P2	1364	2	2259	954
AK2_+_33502056.23-P1P2	2	0	263	1901
AK2_+_33502088.23-P1P2	0	2	326	0
AK2_+_33502194.23-P1P2	1115	2	1098	2269
AK2_+_33502475.23-P1P2	1068	2190	1141	1
AK3_+_4740766.23-P1P2	3037	5	1033	4
AK3_+_4740798.23-P1P2	4991	4	1475	1
AK3_-_4740765.23-P1P2	2537	4476	1300	1427
AK3_-_4741156.23-P1P2	1201	3831	2267	5
AK3_-_4741205.23-P1P2	3112	0	989	2
AK4_+_65613321.23-P1P2	3920	2	2677	3
AK4_+_65614269.23-P1P2	6286	10015	1696	3350
AK4_-_65613240.23-P1P2	742	0	516	0
AK4_-_65613440.23-P1P2	1656	4776	1591	1486
AK4_-_65613504.23-P1P2	1224	0	909	0
AK5_-_77747738.23-P1P2	2358	7389	1410	1850
AK5_-_77747887.23-P1P2	483	0	966	0
AK5_-_77748084.23-P1P2	456	3	2131	2119
AK5_-_77748096.23-P1P2	1142	2	1161	1620
AK5_-_77748351.23-P1P2	77	4595	1446	4
AK7_+_96858465.23-P1P2	2416	8946	2239	1238
AK7_+_96858485.23-P1P2	896	3	1690	2153
AK7_+_96858941.23-P1P2	0	0	178	0
AK7_-_96858547.23-P1P2	0	0	347	0
AK7_-_96858913.23-P1P2	1	1	764	0
AK8_+_135753659.23-P1P2	0	0	453	1353
AK8_+_135753664.23-P1P2	1	0	435	0
AK8_-_135753610.23-P1P2	953	0	1447	0
AK8_-_135753634.23-P1P2	3460	2	1058	2566
AK8_-_135754341.23-P1P2	1324	2	2589	3630
AKAP10_+_19881070.23-P1P2	943	991	1599	3
AKAP10_+_19881078.23-P1P2	1726	1	113	1333
AKAP10_+_19881106.23-P1P2	2641	2746	1381	1
AKAP10_+_19881109.23-P1P2	0	0	79	0
AKAP10_+_19881129.23-P1P2	5281	4189	1525	1482
AKAP11_+_42846358.23-P1P2	2144	1	675	2
AKAP11_+_42846376.23-P1P2	800	3320	2482	6712
AKAP11_+_42846479.23-P1P2	0	0	0	0
AKAP11_+_42846688.23-P1P2	793	0	1481	1
AKAP11_-_42846604.23-P1P2	3	3	462	3236
AKAP12_+_151561539.23-P1	1262	625	1731	799
AKAP12_+_151646838.23-P2	0	0	506	0
AKAP12_+_151646850.23-P2	280	5498	1004	2010
AKAP12_+_151647266.23-P2	2619	1	531	1
AKAP12_-_151561572.23-P1	2478	3444	948	3509
AKAP12_-_151561599.23-P1	2592	1679	1714	1
AKAP12_-_151561609.23-P1	0	0	1338	0
AKAP12_-_151562006.23-P1	1213	0	706	1
AKAP12_-_151646835.23-P2	3428	7729	2161	3143
AKAP12_-_151646844.23-P2	0	0	585	0
AKAP13_+_85923789.23-P1P2	2353	3	644	3649
AKAP13_+_85923863.23-P1P2	5055	1658	1842	3133
AKAP13_+_85923876.23-P1P2	712	0	2116	1300
AKAP13_+_85924198.23-P1P2	1082	5	1876	3352
AKAP13_+_85924290.23-P1P2	1394	1	1117	1
AKAP14_+_119030176.23-P1P2	2849	5468	2000	1891
AKAP14_+_119030185.23-P1P2	984	3	673	1649
AKAP14_+_119030227.23-P1P2	3488	1	1270	3640
AKAP14_+_119030337.23-P1P2	1494	1	693	2
AKAP14_-_119030368.23-P1P2	0	0	287	1493
AKAP1_+_55162988.23-P1P2	1212	7097	2135	4
AKAP1_+_55162999.23-P1P2	2120	7	3042	2178
AKAP1_+_55163111.23-P1P2	1863	1737	1333	5886
AKAP1_-_55162653.23-P1P2	7	5224	1017	3414
AKAP1_-_55162661.23-P1P2	0	0	868	0
AKAP3_+_4754219.23-P2	0	1	309	0
AKAP3_+_4757792.23-P1	92	0	67	0
AKAP3_+_4757813.23-P1	1356	4654	209	1453
AKAP3_+_4758137.23-P1	1	1	519	1
AKAP3_-_4754118.23-P2	6	3236	515	3
AKAP3_-_4754189.23-P2	2700	1	528	1796
AKAP3_-_4754248.23-P2	1251	5	857	2949
AKAP3_-_4754290.23-P2	1	0	286	0
AKAP3_-_4758021.23-P1	0	0	427	0
AKAP3_-_4758224.23-P1	0	0	370	0
AKAP4_+_49964966.23-P1P2	2	1	532	1239
AKAP4_+_49964995.23-P1P2	0	0	404	0
AKAP4_+_49965047.23-P1P2	493	2	883	1
AKAP4_+_49965636.23-P1P2	1641	7103	2066	1102
AKAP4_+_49965647.23-P1P2	1	0	960	572
AKAP5_+_64932286.23-P1P2	1055	0	694	2056
AKAP5_+_64932289.23-P1P2	2	1	2427	3080
AKAP5_+_64932523.23-P1P2	0	0	616	0
AKAP5_-_64932236.23-P1P2	952	0	1481	2855
AKAP5_-_64932248.23-P1P2	1288	1	1669	1651
AKAP6_+_32798551.23-P1P2	0	0	85	0
AKAP6_+_32798898.23-P1P2	0	0	170	1
AKAP6_-_32798545.23-P1P2	1564	2	859	1992
AKAP6_-_32798602.23-P1P2	0	0	842	1
AKAP6_-_32798679.23-P1P2	0	0	1235	0
AKAP7_+_131456600.23-P1P2	1020	2	1056	2641
AKAP7_+_131456616.23-P1P2	5670	8607	2784	443
AKAP7_-_131456586.23-P1P2	2272	3773	1982	515
AKAP7_-_131456595.23-P1P2	2729	5479	2674	3406
AKAP7_-_131456599.23-P1P2	4856	3839	1317	1750
AKAP8L_+_15529720.23-P1P2	555	2139	901	2
AKAP8L_+_15529754.23-P1P2	2200	9	1397	3386
AKAP8L_+_15529786.23-P1P2	3	2170	2290	1809
AKAP8L_-_15529435.23-P1P2	1715	1	511	0
AKAP8L_-_15529738.23-P1P2	0	0	465	0
AKAP8_+_15490522.23-P1P2	1554	5094	2472	1633
AKAP8_+_15490531.23-P1P2	1	1	744	0
AKAP8_+_15490538.23-P1P2	2362	5	1542	1781
AKAP8_+_15490555.23-P1P2	1820	1	883	0
AKAP8_+_15490566.23-P1P2	1455	2269	476	1889
AKAP9_+_91570225.23-P1P2	2481	5	2360	2087
AKAP9_+_91570245.23-P1P2	4754	1	2559	1
AKAP9_+_91570248.23-P1P2	4125	1	2825	2039
AKAP9_-_91570201.23-P1P2	0	0	147	0
AKAP9_-_91570233.23-P1P2	3767	2273	2265	1
AKR1A1_+_46016701.23-P1P2	0	0	0	0
AKR1A1_+_46016723.23-P1P2	4	1600	1275	4613
AKR1A1_+_46017142.23-P1P2	1169	2892	738	4
AKR1A1_-_46016592.23-P1P2	5	3726	578	2932
AKR1A1_-_46016934.23-P1P2	3406	1	1600	1091
AKR1B10_+_134212298.23-P1P2	2556	0	539	1782
AKR1B10_+_134212317.23-P1P2	1	0	239	0
AKR1B10_+_134212752.23-P1P2	1140	0	1093	2899
AKR1B10_-_134212336.23-P1P2	1927	5267	1	1
AKR1B10_-_134212770.23-P1P2	3	0	309	1883
AKR1B1_+_134143398.23-P1P2	2527	2	1757	1288
AKR1B1_+_134143462.23-P1P2	3831	0	1453	1
AKR1B1_+_134143839.23-P1P2	2134	5573	2807	793
AKR1B1_-_134143472.23-P1P2	1719	2876	814	1915
AKR1B1_-_134143848.23-P1P2	5108	1553	2517	1511
AKT1_+_105261633.23-P1P2	0	0	285	0
AKT1_+_105261705.23-P1P2	0	0	938	0
AKT1_+_105261975.23-P1P2	1141	0	714	3022
AKT1_+_105262011.23-P1P2	0	0	805	0
AKT1_+_105262020.23-P1P2	2622	4	1575	3420
AKT2_+_40791162.23-P1P2	2414	1	690	1
AKT2_+_40791298.23-P1P2	1081	0	1177	1
AKT2_-_40791096.23-P1P2	1	0	763	1469
AKT2_-_40791188.23-P1P2	2634	2563	3373	2564
AKT2_-_40791241.23-P1P2	1	1	422	1897
AKT3_+_244013158.23-P1P2	3776	2	1137	295
AKT3_-_244013164.23-P1P2	1405	1	2366	1
AKT3_-_244013349.23-P1P2	7	4	2104	2494
AKT3_-_244013352.23-P1P2	2796	13883	1689	3448
AKT3_-_244013548.23-P1P2	4272	5	663	3593
ALAS1_+_52232183.23-P1P2	1261	1	2928	1
ALAS1_+_52232365.23-P1P2	1	2	65	1994
ALAS1_+_52232583.23-P1P2	1503	2527	961	2
ALAS1_+_52232611.23-P1P2	2708	3639	2581	3146
ALAS1_-_52232194.23-P1P2	2	1	2037	0
ALAS2_+_55057316.23-P1P2	3	5296	841	1
ALAS2_+_55057338.23-P1P2	0	0	207	0
ALAS2_-_55056927.23-P1P2	2606	1	820	1590
ALAS2_-_55057349.23-P1P2	1761	27	784	876
ALAS2_-_55057412.23-P1P2	3295	2945	650	3250
ALDH18A1_+_97416086.23-P1P2	1094	8367	692	1924
ALDH18A1_+_97416090.23-P1P2	213	112	153	83
ALDH18A1_+_97416448.23-P1P2	2775	5604	1480	2
ALDH18A1_-_97416063.23-P1P2	2	2801	576	0
ALDH18A1_-_97416501.23-P1P2	0	0	244	0
ALDH1A2_+_58357459.23-P1P2	1287	3	1608	1951
ALDH1A2_+_58357493.23-P1P2	2261	3838	1875	1723
ALDH1A2_-_58357473.23-P1P2	721	1	1283	0
ALDH1A2_-_58357549.23-P1P2	4768	6498	1881	1048
ALDH1A2_-_58357877.23-P1P2	1904	2	1161	3644
ALDH1B1_+_38392764.23-P1P2	1303	0	790	0
ALDH1B1_+_38392957.23-P1P2	4	2	1226	1520
ALDH1B1_+_38392963.23-P1P2	3	4941	2159	0
ALDH1B1_+_38393145.23-P1P2	1172	6	2108	1273
ALDH1B1_-_38393107.23-P1P2	183	5071	1136	1779
ALDH1L1_+_125899006.23-P1P2	4456	4685	2284	1416
ALDH1L1_-_125899035.23-P1P2	4523	3784	1724	1551
ALDH1L1_-_125899333.23-P1P2	6791	5594	2609	2816
ALDH1L1_-_125899391.23-P1P2	1086	1204	655	1580
ALDH1L1_-_125899408.23-P1P2	10	8900	1361	3122
ALDH3A1_+_19651350.23-P1P2	1	2409	954	2594
ALDH3A1_+_19651570.23-P1P2	1628	730	1702	2
ALDH3A1_+_19651582.23-P1P2	856	2225	382	1
ALDH3A1_+_19651663.23-P1P2	1673	1	1117	3
ALDH3A1_-_19651612.23-P1P2	2497	3	598	3
ALDH3A2_+_19552078.23-P1P2	1789	2	1328	2264
ALDH3A2_-_19552105.23-P1P2	657	1	1113	1
ALDH3A2_-_19552119.23-P1P2	1	3090	929	4
ALDH3A2_-_19552301.23-P1P2	1288	3	870	0
ALDH3A2_-_19552304.23-P1P2	1621	2977	1703	2
ALDH3B1_+_67777809.23-P1P2	0	842	1081	508
ALDH3B1_+_67777830.23-P1P2	0	1	513	2
ALDH3B1_+_67777856.23-P1P2	2878	7	1401	1962
ALDH3B1_+_67778195.23-P1P2	4587	6892	1857	1417
ALDH3B1_-_67778165.23-P1P2	0	0	0	0
ALDH4A1_-_19228655.23-P1P2	4	3058	1202	3244
ALDH4A1_-_19228763.23-P1P2	1291	2692	432	0
ALDH4A1_-_19228783.23-P1P2	1268	3	611	2278
ALDH4A1_-_19228972.23-P1P2	2284	3	2417	2941
ALDH4A1_-_19229034.23-P1P2	1573	3	1497	0
ALDH5A1_+_24495207.23-P1P2	1274	4814	685	1288
ALDH5A1_+_24495265.23-P1P2	2418	1	828	7
ALDH5A1_+_24495477.23-P1P2	451	0	1394	1899
ALDH5A1_+_24495537.23-P1P2	3021	2199	1888	2
ALDH5A1_+_24495662.23-P1P2	1347	5475	521	3305
ALDH9A1_-_165667549.23-P1P2	0	0	156	0
ALDH9A1_-_165667740.23-P1P2	592	0	2179	1067
ALDH9A1_-_165667761.23-P1P2	1106	0	770	1012
ALDH9A1_-_165667800.23-P1P2	0	1	128	1024
ALDH9A1_-_165667803.23-P1P2	879	1	685	0
ALK_+_30144436.23-P1P2	4648	2653	2259	3
ALK_-_30144068.23-P1P2	10	13783	2074	2962
ALK_-_30144392.23-P1P2	2988	2852	1576	1691
ALK_-_30144395.23-P1P2	2	2720	790	2
ALK_-_30144402.23-P1P2	6	4159	620	1320
ALLC_+_3705780.23-P1P2	1	0	808	0
ALLC_+_3706035.23-P1P2	0	0	216	0
ALLC_-_3705821.23-P1P2	7	3183	2413	1
ALLC_-_3705832.23-P1P2	2768	3138	1448	870
ALLC_-_3706094.23-P1P2	1051	2	1023	442
ALOX5_+_45869730.23-P1P2	1189	3189	1499	1
ALOX5_+_45869734.23-P1P2	650	5308	468	1
ALOX5_-_45870075.23-P1P2	2254	6	373	1
ALOX5_-_45870079.23-P1P2	1265	8	1377	1583
ALOX5_-_45870102.23-P1P2	1759	1	742	3
ALPI_+_233320899.23-P1P2	824	3313	1448	1
ALPI_+_233320902.23-P1P2	2	4	1215	1730
ALPI_+_233321300.23-P1P2	1229	7868	1553	3503
ALPI_-_233320917.23-P1P2	2	4867	1137	2012
ALPI_-_233321239.23-P1P2	679	1	946	1031
ALPK1_+_113218522.23-P1P2	3080	1	746	2
ALPK1_+_113218559.23-P1P2	0	0	0	0
ALPK1_-_113218809.23-P1P2	4	6184	755	2
ALPK1_-_113218819.23-P1P2	0	0	0	0
ALPK1_-_113218916.23-P1P2	0	1	128	0
ALPK2_+_56295811.23-ENST00000361673.3	2	2	366	893
ALPK2_+_56296241.23-ENST00000361673.3	1550	0	645	1
ALPK2_+_56296244.23-ENST00000361673.3	2	1	1075	1797
ALPK2_-_56296080.23-ENST00000361673.3	2	0	1016	0
ALPK2_-_56296111.23-ENST00000361673.3	0	0	0	0
ALPK3_+_85360868.23-P1P2	1	0	149	1706
ALPK3_-_85360394.23-P1P2	2328	5	1572	4
ALPK3_-_85360414.23-P1P2	1108	2	489	2660
ALPK3_-_85360424.23-P1P2	0	0	136	0
ALPK3_-_85360833.23-P1P2	4885	2	982	1438
ALPL_+_21835943.23-P1	897	2	1731	3185
ALPL_+_21835964.23-P1	1185	4	1960	1619
ALPL_+_21835978.23-P1	2	2156	1561	1516
ALPL_+_21836361.23-P1	2303	3	2405	3808
ALPL_+_21877779.23-P2	1081	9	2283	3269
ALPL_+_21878169.23-P2	6	5689	1974	9
ALPL_-_21836424.23-P1	1704	0	272	0
ALPL_-_21877787.23-P2	918	2	621	2211
ALPL_-_21877856.23-P2	1299	2392	557	0
ALPL_-_21877871.23-P2	276	1115	1423	1613
ALPPL2_+_233271563.23-P1P2	4309	1635	1985	1659
ALPPL2_+_233271581.23-P1P2	2	1280	529	0
ALPPL2_+_233271588.23-P1P2	1194	1	577	0
ALPPL2_+_233271948.23-P1P2	2769	3054	1788	3529
ALPPL2_-_233271568.23-P1P2	3	0	638	0
AMHR2_+_53818923.23-P1P2	2615	2	689	1130
AMHR2_+_53819137.23-P1P2	3092	3	2680	4412
AMHR2_+_53819383.23-P1P2	1599	6721	2269	1703
AMHR2_-_53818886.23-P1P2	0	0	0	0
AMHR2_-_53819370.23-P1P2	3	3273	269	1330
AMN_+_103389039.23-P1	814	1	1732	1375
AMN_+_103389216.23-P1	5663	1	2984	1990
AMN_+_103395231.23-P2	2308	1	985	0
AMN_+_103395370.23-P2	1348	0	1122	1245
AMN_+_103395419.23-P2	1476	2	2017	1
AMN_-_103389029.23-P1	2461	1	1280	1618
AMN_-_103389054.23-P1	5	2	1532	3129
AMN_-_103389087.23-P1	2448	0	1829	2537
AMN_-_103395024.23-P2	1441	6	1955	5379
AMN_-_103395326.23-P2	2418	1	1806	0
AMT_+_49459848.23-P1P2	1656	1	1922	3624
AMT_+_49459858.23-P1P2	1374	4	1556	2
AMT_+_49459861.23-P1P2	1089	3	1179	10
AMT_-_49459829.23-P1P2	4	2	2130	1089
AMT_-_49459857.23-P1P2	692	4	1105	0
AMY2A_+_104159553.23-P1P2	2695	0	840	3674
AMY2A_+_104159726.23-P1P2	0	0	915	1
AMY2A_+_104159834.23-P1P2	1	1680	0	0
AMY2A_-_104159734.23-P1P2	1604	5212	587	4
AMY2A_-_104159817.23-P1P2	0	210	465	0
AMY2B_+_104104473.23-P1P2	1	0	923	0
AMY2B_-_104104404.23-P1P2	2	1	1244	2967
AMY2B_-_104104409.23-P1P2	0	3	862	1961
AMY2B_-_104104458.23-P1P2	4	2097	854	1814
AMY2B_-_104104488.23-P1P2	1	0	237	1685
ANKK1_+_113258562.23-P1P2	5554	2241	2810	2702
ANKK1_+_113258924.23-P1P2	33	1	804	0
ANKK1_+_113258955.23-P1P2	0	0	0	0
ANKK1_-_113258522.23-P1P2	1474	0	1006	0
ANKK1_-_113259026.23-P1P2	1	0	732	4
ANXA2_+_60689732.23-P1P2	1265	3	1909	5237
ANXA2_+_60690063.23-P1P2	3616	4	1680	2002
ANXA2_-_60689707.23-P1P2	238	3392	1306	1
ANXA2_-_60689776.23-P1P2	940	11310	2690	1370
ANXA2_-_60690116.23-P1P2	4876	4	2327	1876
ANXA3_+_79472940.23-P1P2	2536	3	2048	1948
ANXA3_+_79473255.23-P1P2	1198	0	323	2
ANXA3_+_79473355.23-P1P2	3	2949	906	2711
ANXA3_-_79473131.23-P1P2	3827	4527	870	3
ANXA3_-_79473265.23-P1P2	541	0	935	1
ANXA5_-_122617573.23-P1P2	891	0	1441	1356
ANXA5_-_122617717.23-P1P2	2652	2675	349	1993
ANXA5_-_122617764.23-P1P2	0	0	901	0
ANXA5_-_122618086.23-P1P2	1449	0	1270	0
ANXA5_-_122618118.23-P1P2	5	5202	361	1264
APCS_+_159557645.23-P1P2	1	0	430	2
APCS_+_159557663.23-P1P2	1	0	356	0
APCS_+_159557720.23-P1P2	4	1	1	2144
APCS_-_159557617.23-P1P2	0	0	471	0
APCS_-_159557638.23-P1P2	2528	6165	783	1306
APOE_+_45409173.23-P1P2	0	0	142	0
APOE_-_45409117.23-P1P2	2029	1	773	3622
APOE_-_45409137.23-P1P2	1415	5333	1107	3
APOE_-_45409305.23-P1P2	1	0	593	1883
APOE_-_45409519.23-P1P2	0	0	514	0
APOH_+_64223962.23-P2	1331	4	364	1512
APOH_+_64224198.23-P2	0	0	689	0
APOH_+_64224202.23-P2	1435	1	2108	3
APOH_+_64225521.23-P1	2601	1	363	2
APOH_-_64224067.23-P2	5272	1921	1455	1240
APOH_-_64224106.23-P2	0	0	0	0
APOH_-_64225455.23-P1	642	0	499	1449
APOH_-_64225487.23-P1	399	2505	528	2
APOH_-_64225515.23-P1	1665	1	491	1
APOH_-_64225529.23-P1	1926	1	810	1751
APRT_+_88877892.23-P1P2	1378	2524	1105	1524
APRT_+_88877930.23-P1P2	5931	4	1893	5
APRT_-_88878107.23-P1P2	1	1814	2254	2
APRT_-_88878302.23-P1P2	1230	2954	1010	4598
APRT_-_88878308.23-P1P2	2367	2870	1266	3736
ARAF_+_47420611.23-P1P2	3323	2	1332	2
ARAF_-_47420581.23-P1P2	1468	2	910	2223
ARAF_-_47420629.23-P1P2	3755	3	1071	1
ARAF_-_47420650.23-P1P2	4550	5091	1983	2578
ARAF_-_47420655.23-P1P2	3056	2	1753	2733
ARF1_+_228270829.23-P1P2	0	191	614	0
ARF1_-_228270444.23-P1P2	3204	2	2261	4347
ARF1_-_228270479.23-P1P2	1587	0	1363	0
ARF1_-_228270510.23-P1P2	4156	2	2039	1886
ARF1_-_228270878.23-P1P2	2708	4	661	2165
ARF4_+_57583046.23-P1P2	0	0	0	0
ARF4_-_57582621.23-P1P2	0	0	1224	1
ARF4_-_57583010.23-P1P2	0	0	596	0
ARF4_-_57583033.23-P1P2	0	0	403	0
ARF4_-_57583055.23-P1P2	2	2636	142	0
ARF6_+_50361360.23-P2	1	0	251	0
ARF6_+_50361377.23-P2	0	0	0	0
ARF6_+_50361520.23-P2	0	0	0	0
ARF6_-_50359824.23-P1	1	0	841	0
ARF6_-_50359827.23-P1	0	0	0	0
ARF6_-_50359865.23-P1	1	2337	1646	1532
ARF6_-_50360206.23-P1	1734	1	1422	1245
ARF6_-_50360232.23-P1	6152	1	1752	1932
ARF6_-_50361209.23-P2	2553	4	169	2
ARF6_-_50361303.23-P2	0	0	708	1
ARHGAP26_+_142150361.23-P1P2	3968	4559	684	2503
ARHGAP26_-_142149986.23-P1P2	2126	0	1590	1
ARHGAP26_-_142150010.23-P1P2	0	2	437	1106
ARHGAP26_-_142150016.23-P1P2	0	0	513	0
ARHGAP26_-_142150021.23-P1P2	0	0	86	0
ARL1_+_101801462.23-P1P2	0	0	381	1554
ARL1_+_101801468.23-P1P2	898	2658	1619	0
ARL1_+_101801483.23-P1P2	2978	2	2859	1516
ARL1_-_101801214.23-P1P2	1	0	1082	0
ARL1_-_101801545.23-P1P2	3	0	1085	1948
ARL3_+_104474074.23-P1P2	4921	6	1504	1968
ARL3_+_104474107.23-P1P2	1071	6950	1026	1579
ARL3_-_104474009.23-P1P2	2698	987	2355	2
ARL3_-_104474089.23-P1P2	1618	1	2719	2009
ARL3_-_104474101.23-P1P2	0	0	0	0
ARL5B_-_18948336.23-P1P2	1047	0	623	1
ARL5B_-_18948344.23-P1P2	1303	0	1019	0
ARL5B_-_18948348.23-P1P2	3990	5732	918	2116
ARL5B_-_18948364.23-P1P2	795	1258	2037	848
ARL5B_-_18948378.23-P1P2	1	0	316	1
ARPC1B_+_98972315.23-P1P2	4187	3	2537	5
ARPC1B_+_98972356.23-P1P2	1348	5179	1973	1868
ARPC1B_+_98972769.23-P1P2	1468	2	1752	2
ARPC1B_-_98972364.23-P1P2	0	0	1040	1191
ARPC1B_-_98972410.23-P1P2	0	0	0	0
ARPC2_+_219082121.23-P1	1	1047	673	0
ARPC2_+_219082260.23-P1	3	0	883	0
ARPC2_+_219103598.23-P2	1528	0	242	0
ARPC2_-_219081891.23-P1	1327	5458	2111	1790
ARPC2_-_219081923.23-P1	1	0	305	0
ARPC2_-_219081929.23-P1	4	0	1379	0
ARPC2_-_219103608.23-P2	3	0	990	0
ARPC2_-_219103625.23-P2	2	0	664	1844
ARPC2_-_219103724.23-P2	1660	0	740	0
ARPC2_-_219103871.23-P2	2478	4	1576	1520
ARPC3_+_110883121.23-P2	4	2	761	1672
ARPC3_+_110887749.23-P1	0	0	374	0
ARPC3_+_110888087.23-P1	0	0	0	0
ARPC3_-_110882890.23-P2	1	0	770	935
ARPC3_-_110882896.23-P2	1788	1	386	2061
ARPC3_-_110882946.23-P2	2	3	721	1357
ARPC3_-_110883364.23-P2	3	2	970	2088
ARPC3_-_110888115.23-P1	658	0	558	1
ARPC3_-_110888131.23-P1	3	4482	1169	3
ARPC3_-_110888149.23-P1	1	1	519	1575
ARPC4_+_9834769.23-P1P2	0	0	235	1
ARPC4_+_9834836.23-P1P2	2645	3	1250	2775
ARPC4_-_9834275.23-P1P2	3	2610	550	1
ARPC4_-_9834393.23-P1P2	4	5007	1361	3694
ARPC4_-_9834808.23-P1P2	0	1	434	0
ARPC5_+_183604702.23-P1P2	1021	2501	545	3
ARPC5_+_183604818.23-P1P2	1	2	1448	0
ARPC5_+_183604896.23-P1P2	3259	3	1893	2369
ARPC5_-_183604403.23-P1P2	0	0	473	2145
ARPC5_-_183604444.23-P1P2	3	3076	918	1977
ARSA_+_51066539.23-P1P2	1498	1	1786	1
ARSA_+_51066550.23-P1P2	1818	2178	2236	6648
ARSA_-_51066477.23-P1P2	12	9759	2341	1566
ARSA_-_51066480.23-P1P2	1	2519	496	0
ARSA_-_51066507.23-P1P2	8	2613	930	2926
ART1_+_3666404.23-P1P2	0	0	0	0
ART1_+_3666757.23-P1P2	3	0	810	1957
ART1_+_3666779.23-P1P2	4	2	1150	1911
ART1_-_3666414.23-P1P2	2027	0	1090	0
ART1_-_3666702.23-P1P2	1	1	1896	1
ASGR2_+_7017555.23-P1P2	1383	582	1589	1497
ASGR2_-_7017722.23-P1P2	1344	0	864	0
ASGR2_-_7017726.23-P1P2	1698	3366	763	0
ASGR2_-_7017962.23-P1P2	2255	5116	2794	1696
ASGR2_-_7017981.23-P1P2	1435	6554	2662	5
ASNA1_+_12848373.23-P1P2	2211	8005	1902	1595
ASNA1_+_12848385.23-P1P2	0	0	599	0
ASNA1_+_12848698.23-P1P2	1189	9523	860	4
ASNA1_-_12847970.23-P1P2	1269	2	922	1770
ASNA1_-_12848537.23-P1P2	0	0	352	0
ASPA_+_3379320.23-P1P2	6	2	722	2054
ASPA_+_3379346.23-P1P2	0	0	0	0
ASPA_+_3379511.23-P1P2	0	0	758	1
ASPA_+_3379614.23-P1P2	0	0	0	0
ASPA_-_3379286.23-P1P2	13	8895	793	1572
ASRGL1_+_62105004.23-P1P2	3708	4971	1710	4
ASRGL1_+_62105040.23-P1P2	3808	2	2642	1196
ASRGL1_+_62105366.23-P1P2	2	2	1295	1243
ASRGL1_-_62104973.23-P1P2	1523	2329	1703	2
ASRGL1_-_62105346.23-P1P2	1475	2	253	1
ASS1_+_133320398.23-P1P2	0	0	964	0
ASS1_+_133320409.23-P1P2	4	3059	726	1732
ASS1_+_133320415.23-P1P2	533	3	2660	1
ASS1_+_133320791.23-P1P2	1167	1	876	1000
ASS1_-_133320387.23-P1P2	3654	3532	1327	4906
ATM_+_108094013.23-P1P2	1195	2	1622	1946
ATM_-_108093795.23-P1P2	234	1	740	1916
ATM_-_108093813.23-P1P2	0	0	441	0
ATM_-_108093829.23-P1P2	2040	2	722	0
ATM_-_108093839.23-P1P2	660	0	852	0
ATOX1_-_151137774.23-P1P2	4542	3066	1494	5
ATOX1_-_151138108.23-P1P2	5586	2	1852	4
ATOX1_-_151138119.23-P1P2	4033	1	2375	1976
ATOX1_-_151138125.23-P1P2	2706	3	1939	2812
ATOX1_-_151138136.23-P1P2	3724	6	1323	3243
ATP1A1_+_116916023.23-P1P2	1690	0	1167	0
ATP1A1_+_116916694.23-P1P2	4114	2	1395	1898
ATP1A1_-_116915929.23-P1P2	1218	5354	1448	3126
ATP1A1_-_116915944.23-P1P2	2159	6	2178	1446
ATP1A1_-_116916334.23-P1P2	1501	1	717	0
ATP2A1_+_28889799.23-P1P2	6	1405	1903	3195
ATP2A1_+_28890222.23-P1P2	2413	1	870	1
ATP2A1_-_28889826.23-P1P2	4	1	1394	0
ATP2A1_-_28889833.23-P1P2	3534	2	282	1301
ATP2A1_-_28889864.23-P1P2	0	0	612	0
ATP2C1_+_130613032.23-P1P2	0	0	456	0
ATP2C1_+_130613095.23-P1P2	3043	0	1825	956
ATP2C1_+_130613395.23-P1P2	1246	6740	2193	1625
ATP2C1_-_130613451.23-P1P2	1	1	580	1567
ATP2C1_-_130613510.23-P1P2	600	2	1320	6668
ATP4A_+_36048513.23-P2	0	1	771	0
ATP4A_+_36048542.23-P2	2591	5	3599	1032
ATP4A_+_36048719.23-P2	1918	3562	1414	2167
ATP4A_+_36054077.23-P1	1178	1	2311	2730
ATP4A_+_36054145.23-P1	881	0	817	1
ATP4A_+_36054525.23-P1	2228	1432	1578	3214
ATP4A_+_36054542.23-P1	0	0	517	0
ATP4A_+_36054554.23-P1	1964	1	716	2
ATP4A_-_36048282.23-P2	3049	1	1285	0
ATP4A_-_36048687.23-P2	2107	3982	1715	1662
ATP5A1_+_43669273.23-P2	3	7	1866	1752
ATP5A1_+_43669663.23-P2	1458	2	1465	1931
ATP5A1_+_43669671.23-P2	0	0	0	0
ATP5A1_+_43678149.23-P1	1235	2	977	2
ATP5A1_+_43678210.23-P1	0	0	359	1
ATP5A1_+_43678237.23-P1	2707	3343	632	1
ATP5A1_-_43669651.23-P2	1793	1	1022	1701
ATP5A1_-_43669654.23-P2	2111	4182	751	3322
ATP5A1_-_43678030.23-P1	0	0	542	0
ATP5A1_-_43678159.23-P1	5	5139	101	1
ATP5B_+_57039359.23-P1P2	0	0	446	0
ATP5B_+_57039710.23-P1P2	0	0	289	0
ATP5B_-_57039683.23-P1P2	0	0	108	0
ATP5B_-_57039709.23-P1P2	0	0	0	0
ATP5B_-_57039762.23-P1P2	0	0	103	0
ATP5C1_+_7830138.23-P1P2	3420	2	752	0
ATP5C1_+_7830168.23-P1P2	0	0	77	0
ATP5C1_+_7830547.23-P1P2	0	0	479	0
ATP5C1_-_7830158.23-P1P2	0	0	0	0
ATP5C1_-_7830375.23-P1P2	2	0	413	0
ATP6V1A_+_113465895.23-P1P2	1	2	182	1768
ATP6V1A_+_113465921.23-P1P2	1	0	394	0
ATP6V1A_-_113465905.23-P1P2	4	0	1047	1
ATP6V1A_-_113465930.23-P1P2	2	0	635	0
ATP6V1A_-_113466376.23-P1P2	1	0	448	0
ATP6V1B2_+_20054954.23-P1P2	2	0	869	0
ATP6V1B2_+_20054959.23-P1P2	0	0	148	0
ATP6V1B2_+_20054974.23-P1P2	1	0	795	2
ATP6V1B2_+_20055090.23-P1P2	0	0	358	0
ATP6V1B2_-_20054985.23-P1P2	2	1	1543	0
ATP6V1C1_+_104033380.23-P1P2	0	0	592	1
ATP6V1C1_+_104033390.23-P1P2	0	0	196	0
ATP6V1C1_-_104033344.23-P1P2	7	5253	373	5
ATP6V1C1_-_104033361.23-P1P2	1589	0	1068	3
ATP6V1C1_-_104033365.23-P1P2	1	0	532	1
ATP8A1_-_42658683.23-P1P2	2273	3	2135	3862
ATP8A1_-_42658751.23-P1P2	0	0	0	0
ATP8A1_-_42659062.23-P1P2	1354	3	2830	5723
ATP8A1_-_42659065.23-P1P2	1554	4	1360	3
ATP8A1_-_42659112.23-P1P2	2656	5	844	6286
ATR_+_142297571.23-P1P2	0	0	0	0
ATR_+_142297576.23-P1P2	0	0	0	0
ATR_-_142297227.23-P1P2	0	0	0	0
ATR_-_142297369.23-P1P2	0	0	0	0
ATR_-_142297649.23-P1P2	0	0	0	0
AURKAIP1_+_1310184.23-P1P2	1761	3190	1353	6
AURKAIP1_+_1310516.23-P1P2	3	0	1279	2
AURKAIP1_+_1310564.23-P1P2	2	2	283	3826
AURKAIP1_-_1310201.23-P1P2	2132	2	901	2
AURKAIP1_-_1310542.23-P1P2	1	2	2979	907
AURKA_+_54967179.23-P1P2	0	0	0	0
AURKA_+_54967204.23-P1P2	0	0	0	0
AURKA_-_54966756.23-P1P2	0	0	117	0
AURKA_-_54967035.23-P1P2	0	0	0	0
AURKA_-_54967215.23-P1P2	0	0	97	0
AURKB_+_8113488.23-P1P2	1	0	220	0
AURKB_+_8113717.23-P1P2	0	0	0	0
AURKB_+_8113846.23-P1P2	0	0	0	0
AURKB_-_8113518.23-P1P2	0	0	0	0
AURKB_-_8113837.23-P1P2	0	0	0	0
AURKC_+_57742445.23-P1P2	824	2903	1559	0
AURKC_+_57742897.23-P1P2	4	5778	764	1
AURKC_+_57742907.23-P1P2	2	1	78	1688
AURKC_-_57742432.23-P1P2	1421	3	2704	2191
AURKC_-_57742487.23-P1P2	4780	2	884	1813
AVPR1A_+_63544503.23-P1P2	826	0	786	0
AVPR1A_+_63544953.23-P1P2	0	0	685	0
AVPR1A_+_63544956.23-P1P2	450	0	1297	0
AVPR1A_-_63544766.23-P1P2	1144	0	131	1
AVPR1A_-_63544900.23-P1P2	2038	3922	2538	4493
AVPR1B_+_206223991.23-P1P2	3513	5320	2172	1578
AVPR1B_+_206223995.23-P1P2	2209	4722	3535	2
AVPR1B_+_206224162.23-P1P2	683	2987	1376	3
AVPR1B_-_206223975.23-P1P2	3	3100	1166	1568
AVPR1B_-_206223987.23-P1P2	5886	2908	2950	1397
AVPR2_+_153170186.23-P1P2	776	2530	1504	3089
AVPR2_+_153170422.23-P1P2	2512	4	1995	2067
AVPR2_+_153170553.23-P1P2	1025	1	1235	1896
AVPR2_+_153170634.23-P1P2	7	2157	1422	1595
AVPR2_-_153170663.23-P1P2	2367	7720	2020	5
AXL_+_41725166.23-P1P2	3006	4	1297	1805
AXL_-_41725144.23-P1P2	4	3	2231	1931
AXL_-_41725205.23-P1P2	7	2801	707	1724
AXL_-_41725322.23-P1P2	1603	4	1675	2
AXL_-_41725592.23-P1P2	1564	3	1080	2
AZGP1_+_99573256.23-P1P2	814	1	216	0
AZGP1_+_99573270.23-P1P2	0	2992	967	1
AZGP1_+_99573276.23-P1P2	976	1	729	2325
AZGP1_+_99573447.23-P1P2	2445	1	1546	3
AZGP1_-_99573392.23-P1P2	2371	2	718	0
B2M_+_45003739.23-P1	0	0	574	0
B2M_+_45003754.23-P1	2233	2	1789	1724
B2M_+_45003760.23-P1	2238	3	2303	2136
B2M_+_45004135.23-P1	1958	2	535	2
B2M_+_45007848.23-P2	2705	10624	2139	1583
B2M_+_45007852.23-P2	890	2	800	1739
B2M_+_45007880.23-P2	0	0	164	0
B2M_+_45008205.23-P2	1092	2	593	1931
B2M_-_45003947.23-P1	1403	5	1153	3024
B2M_-_45008269.23-P2	11	1	695	0
B4GALT1_+_33167161.23-P1P2	2	0	918	1533
B4GALT1_-_33166777.23-P1P2	156	1	846	1
B4GALT1_-_33167098.23-P1P2	2805	4	619	1619
B4GALT1_-_33167114.23-P1P2	2024	2	1630	1622
B4GALT1_-_33167151.23-P1P2	2	1091	607	1660
B4GALT2_+_44444940.23-P1P2	4092	2	2225	3
B4GALT2_+_44444945.23-P1P2	1988	7	2153	2835
B4GALT2_+_44445285.23-P1P2	2955	6	2021	3021
B4GALT2_+_44445388.23-P1P2	3167	1	1129	2
B4GALT2_+_44445508.23-P1P2	433	1	1649	1365
B4GALT3_+_161146860.23-P1P2	1442	1	758	0
B4GALT3_+_161147226.23-P1P2	1915	0	2242	1
B4GALT3_-_161146827.23-P1P2	2	0	961	1631
B4GALT3_-_161146830.23-P1P2	788	0	900	0
B4GALT3_-_161146833.23-P1P2	4	2936	939	0
B4GALT4_-_118959253.23-P1P2	3678	2399	1236	2
B4GALT4_-_118959700.23-P1P2	2112	3152	1907	3
B4GALT4_-_118959703.23-P1P2	2	2	2212	1466
B4GALT4_-_118959706.23-P1P2	1253	1	988	2
B4GALT4_-_118959748.23-P1P2	0	1	1589	1
BACE1_+_117186573.23-P1P2	9	2	1250	4436
BACE1_+_117186910.23-P1P2	2179	0	784	1
BACE1_+_117186913.23-P1P2	1	0	1487	2
BACE1_-_117186930.23-P1P2	3024	2	1147	0
BACE1_-_117186976.23-P1P2	2289	4	1205	1060
BAG1_+_33264282.23-P1P2	3112	1034	1895	3199
BAG1_+_33264334.23-P1P2	3002	0	1643	1278
BAG1_+_33264347.23-P1P2	1476	7	97	2726
BAG1_+_33264674.23-P1P2	1575	3518	616	1
BAG1_-_33264226.23-P1P2	2816	2	1184	0
BAIAP2L1_+_98030294.23-P1P2	1210	4	1855	3324
BAIAP2L1_-_98030007.23-P1P2	1	0	564	0
BAIAP2L1_-_98030202.23-P1P2	0	0	809	0
BAIAP2L1_-_98030369.23-P1P2	1404	1	737	1175
BAIAP2L1_-_98030377.23-P1P2	1968	4	1939	1572
BBOX1_+_27062979.23-P2	0	0	220	0
BBOX1_+_27076906.23-P1	0	2	847	0
BBOX1_+_27077219.23-P1	1778	1	355	1591
BBOX1_+_27077310.23-P1	2595	2	520	3
BBOX1_-_27062990.23-P2	793	0	413	0
BBOX1_-_27063389.23-P2	2833	3200	590	2
BBOX1_-_27063410.23-P2	1015	5712	1070	792
BBOX1_-_27063414.23-P2	6	0	588	1608
BBOX1_-_27076980.23-P1	4	7386	339	2
BBOX1_-_27076998.23-P1	0	0	0	0
BCAT2_+_49313840.23-P1P2	3991	4797	1481	479
BCAT2_+_49313857.23-P1P2	1475	2	944	0
BCAT2_+_49314196.23-P1P2	3	3948	499	2
BCAT2_+_49314243.23-P1P2	1850	2	1771	1382
BCAT2_-_49314274.23-P1P2	2859	5147	1270	3
BCKDK_+_31119819.23-P1P2	4100	3	2838	4493
BCKDK_+_31119948.23-P1P2	3509	1	1724	2
BCKDK_+_31120200.23-P1P2	5	5892	572	622
BCKDK_-_31119715.23-P1P2	3628	3	2000	2
BCKDK_-_31120143.23-P1P2	4	2707	630	0
BCR_+_23522602.23-P1P2	713	2	2210	1963
BCR_+_23523092.23-P1P2	1286	1991	939	2
BCR_+_23523145.23-P1P2	2535	2907	1691	1810
BCR_-_23522662.23-P1P2	2417	3290	1524	2647
BCR_-_23523163.23-P1P2	2938	4	940	5103
BDH1_+_197282785.23-P1	0	0	894	0
BDH1_+_197282818.23-P1	1918	3664	1024	1709
BDH1_+_197282821.23-P1	1501	0	1588	1297
BDH1_+_197299833.23-P2	1572	2	687	1
BDH1_+_197300005.23-P2	2512	2	793	1
BDH1_+_197300050.23-P2	4	3043	1038	1758
BDH1_+_197300152.23-P2	0	1	116	0
BDH1_-_197282430.23-P1	3503	3359	3069	1863
BDH1_-_197282459.23-P1	2412	1	843	1
BDH1_-_197300158.23-P2	1380	0	2127	5110
BDKRB2_+_96671243.23-P1P2	6	2684	1209	3016
BDKRB2_-_96671208.23-P1P2	0	0	0	0
BDKRB2_-_96671212.23-P1P2	1466	1	3	2023
BDKRB2_-_96671239.23-P1P2	1146	3	464	0
BDKRB2_-_96671258.23-P1P2	1100	1977	2115	5522
BEGAIN_+_101014112.23-P2	1157	2	734	1199
BEGAIN_+_101014427.23-P2	0	0	774	1
BEGAIN_+_101053258.23-P1	3	9656	1418	3
BEGAIN_+_101053274.23-P1	1	0	1172	1
BEGAIN_+_101053379.23-P1	1425	4	630	2935
BEGAIN_+_101053679.23-P1	2848	5235	1142	3749
BEGAIN_-_101013991.23-P2	3	0	1960	4841
BEGAIN_-_101014000.23-P2	0	0	68	0
BEGAIN_-_101014193.23-P2	3151	4855	300	2
BEGAIN_-_101053338.23-P1	5	2	1238	1810
BGLAP_+_156182825.23-P1P2	1185	3340	871	2
BGLAP_-_156182790.23-P1P2	1319	1	961	1
BGLAP_-_156182809.23-P1P2	0	0	113	0
BGLAP_-_156182834.23-P1P2	0	0	0	0
BGLAP_-_156182840.23-P1P2	0	0	0	0
BHMT2_+_78365650.23-P1P2	3989	2	857	2
BHMT2_+_78365811.23-P1P2	383	0	1150	1511
BHMT2_+_78366015.23-P1P2	2820	1	1229	4
BHMT2_-_78365608.23-P1P2	6600	6874	3248	1543
BHMT2_-_78365638.23-P1P2	2	1	297	1406
BHMT_+_78407660.23-P1P2	657	3	2293	782
BHMT_+_78407670.23-P1P2	2150	2534	1424	3563
BHMT_+_78407841.23-P1P2	1	0	373	1048
BHMT_+_78408068.23-P1P2	1	0	1692	1
BHMT_-_78407639.23-P1P2	1825	2	747	2
BLK_+_11351913.23-P1P2	3623	4340	3488	3807
BLK_-_11351904.23-P1P2	463	2	1255	1760
BLK_-_11352324.23-P1P2	3	6332	717	6
BLK_-_11352367.23-P1P2	1	1	1054	0
BLK_-_11352383.23-P1P2	0	0	539	0
BLVRA_+_43798323.23-P1	2047	1	2727	3963
BLVRA_+_43798673.23-P1	2596	2436	1053	2673
BLVRA_+_43803794.23-P2	1045	1	349	0
BLVRA_+_43804242.23-P2	1334	0	1676	1682
BLVRA_+_43804270.23-P2	2363	0	478	0
BLVRA_-_43798305.23-P1	2	0	1630	0
BLVRA_-_43798338.23-P1	3459	2342	2794	2373
BLVRA_-_43798688.23-P1	0	0	1031	1
BLVRA_-_43803827.23-P2	2778	2443	1822	1
BLVRA_-_43804199.23-P2	1821	1	861	2015
BLVRB_+_40971387.23-P1P2	1315	1	1290	2763
BLVRB_+_40971620.23-P1P2	4	4621	1048	5
BLVRB_+_40971674.23-P1P2	3	4	731	1120
BLVRB_-_40971612.23-P1P2	0	2	1297	0
BLVRB_-_40971633.23-P1P2	1835	2	477	1041
BMP2K_+_79697485.23-P1P2	0	0	137	0
BMP2K_+_79697951.23-P1P2	0	0	621	0
BMP2K_+_79697973.23-P1P2	7	5002	1296	1906
BMP2K_-_79697740.23-P1P2	0	0	0	0
BMP2K_-_79697913.23-P1P2	1091	2	1587	0
BMPR1A_+_88516399.23-P1P2	1	1	590	0
BMPR1A_-_88516383.23-P1P2	0	0	473	0
BMPR1A_-_88516386.23-P1P2	2419	1	2336	1459
BMPR1A_-_88516389.23-P1P2	0	1	1095	1
BMPR1A_-_88516862.23-P1P2	3690	3078	2618	1456
BMPR1B_-_95679116.23-P1P2	0	1	1070	0
BMPR1B_-_95679183.23-P1P2	1157	4	1542	4214
BMPR1B_-_95679535.23-P1P2	2763	4	2609	3229
BMPR1B_-_95679541.23-P1P2	3317	3940	3475	5920
BMPR1B_-_95679577.23-P1P2	3	5220	737	2739
BMPR2_+_203241081.23-P1P2	6	4526	1376	1865
BMPR2_+_203241093.23-P1P2	1110	1	956	2
BMPR2_+_203241440.23-P1P2	539	0	2190	1513
BMPR2_+_203241453.23-P1P2	3	5093	510	3652
BMPR2_-_203241426.23-P1P2	262	0	1537	1
BMX_+_15518931.23-P1P2	3532	2	1531	2558
BMX_+_15518990.23-P1P2	4948	7432	2983	1779
BMX_+_15519408.23-P1P2	1933	0	1803	2
BMX_+_15519413.23-P1P2	3	0	152	2170
BMX_-_15518995.23-P1P2	3263	2558	1634	2
BPHL_+_3118965.23-P1P2	1326	2686	815	3285
BPHL_+_3118994.23-P1P2	7022	1240	1393	5
BPHL_+_3119347.23-P1P2	0	0	572	0
BPHL_-_3118980.23-P1P2	3755	1	2576	3026
BPHL_-_3118993.23-P1P2	1577	1	1263	1871
BPI_+_36932636.23-P1P2	1942	14083	3330	1551
BPI_+_36932649.23-P1P2	1343	0	843	2
BPI_+_36933020.23-P1P2	0	0	173	0
BPI_+_36933042.23-P1P2	2816	1	388	1854
BPI_-_36932865.23-P1P2	2	0	1483	0
BRAF_+_140624087.23-P1P2	1104	5629	415	2
BRAF_-_140624520.23-P1P2	0	0	384	0
BRAF_-_140624678.23-P1P2	878	2	1436	1567
BRAF_-_140624717.23-P1P2	2968	2709	1806	785
BRAF_-_140624725.23-P1P2	910	5	994	2474
BRD2_+_32938718.23-P2	912	4	2412	1365
BRD2_+_32938730.23-P2	778	6230	1347	2635
BRD2_+_32938799.23-P2	688	3374	2630	3
BRD2_+_32940025.23-P1	0	0	124	0
BRD2_+_32940029.23-P1	1	1	782	0
BRD2_+_32940040.23-P1	4	2	1125	1627
BRD2_+_32940409.23-P1	1080	5233	903	1
BRD2_+_32940413.23-P1	0	1	696	0
BRD2_-_32938736.23-P2	5418	4241	1658	6864
BRD2_-_32938775.23-P2	1431	2	1526	1020
BRD3_+_136932685.23-P1P2	1757	2	1624	2
BRD3_+_136933110.23-P1P2	305	1	950	1526
BRD3_+_136933116.23-P1P2	2267	6039	985	3
BRD3_-_136933086.23-P1P2	5060	3687	3097	1694
BRD3_-_136933100.23-P1P2	3380	2	1258	1666
BRD4_+_15391148.23-ENST00000263377.2,ENST00000371835.4	1	2	873	1369
BRD4_-_15390745.23-ENST00000263377.2,ENST00000371835.4	2	0	1393	1
BRD4_-_15390749.23-ENST00000263377.2,ENST00000371835.4	3	2257	150	1787
BRD4_-_15390773.23-ENST00000263377.2,ENST00000371835.4	3	0	1987	1941
BRD4_-_15390857.23-ENST00000263377.2,ENST00000371835.4	0	0	497	0
BRDT_+_92414997.23-P1P2	2122	3	1940	6502
BRDT_+_92415088.23-P1P2	0	1	597	0
BRDT_+_92415234.23-P1P2	1651	9103	2417	5473
BRDT_-_92414973.23-P1P2	1712	0	178	0
BRDT_-_92415096.23-P1P2	0	0	0	0
BRSK1_-_55795395.23-P1P2	1288	0	1329	1017
BRSK1_-_55795401.23-P1P2	3	3076	1618	2104
BRSK1_-_55795404.23-P1P2	699	2	2338	0
BRSK1_-_55795754.23-P1P2	2244	0	1230	0
BRSK1_-_55795805.23-P1P2	2415	3	925	1962
BRSK2_+_1411183.23-P1P2	3564	1	2585	1276
BRSK2_+_1411277.23-P1P2	701	5716	1724	1750
BRSK2_-_1411536.23-P1P2	2	5	498	2196
BRSK2_-_1411539.23-P1P2	0	0	0	0
BRSK2_-_1411573.23-P1P2	3	0	709	1996
BST1_+_15704762.23-P1P2	2418	5	1080	1
BST1_-_15704748.23-P1P2	1663	1	2236	1362
BST1_-_15704751.23-P1P2	2	1	1427	1926
BST1_-_15704960.23-P1P2	836	11579	2528	5391
BST1_-_15705074.23-P1P2	1	0	1067	0
BTK_+_100640836.23-P1P2	0	2	1066	1356
BTK_+_100640925.23-P1P2	2	4	1301	2126
BTK_+_100641187.23-P1P2	1775	1	1570	1365
BTK_-_100641113.23-P1P2	2829	4	1521	5
BTK_-_100641135.23-P1P2	4324	6137	3225	2006
BUB1B_-_40453273.23-P1P2	0	0	188	0
BUB1B_-_40453297.23-P1P2	0	0	238	0
BUB1B_-_40453430.23-P1P2	0	0	0	0
BUB1B_-_40453465.23-P1P2	0	1	225	0
BUB1B_-_40453637.23-P1P2	0	0	521	0
BUB1_+_111435409.23-P1P2	1	1	183	0
BUB1_+_111435626.23-P1P2	0	0	0	0
BUB1_+_111435629.23-P1P2	0	0	0	0
BUB1_-_111435255.23-P1P2	0	0	0	0
BUB1_-_111435363.23-P1P2	0	1	107	0
C17orf75_+_30669166.23-P1P2	5518	3164	3647	6453
C17orf75_+_30669177.23-P1P2	1244	2509	2696	1760
C17orf75_+_30669187.23-P1P2	4	1205	1108	2009
C17orf75_-_30668957.23-P1P2	582	0	1353	0
C17orf75_-_30669152.23-P1P2	1086	1	2	4590
C1QA_+_22963136.23-P1P2	2292	5237	1496	1573
C1QA_-_22963175.23-P1P2	968	0	813	1958
C1QA_-_22963188.23-P1P2	0	0	293	0
C1QA_-_22963535.23-P1P2	4	4029	603	1949
C1QA_-_22963573.23-P1P2	2	3950	858	3
C1QB_+_22979710.23-P1P2	0	0	322	0
C1QB_+_22980169.23-P1P2	0	0	257	0
C1QB_-_22979726.23-P1P2	2358	7	2593	2965
C1QB_-_22979740.23-P1P2	443	0	978	0
C1QB_-_22979843.23-P1P2	760	2	1393	66
C1QC_+_22970540.23-P1P2	0	1	552	0
C1QC_+_22970582.23-P1P2	1	0	1118	2005
C1QC_-_22970169.23-P1P2	1621	0	330	0
C1QC_-_22970394.23-P1P2	471	0	1190	0
C1QC_-_22970626.23-P1P2	0	0	0	0
C1R_+_7244994.23-P1P2	0	0	280	0
C1R_+_7245016.23-P1P2	5510	6627	1724	4
C1R_-_7244605.23-P1P2	209	1	99	0
C1R_-_7244637.23-P1P2	2530	4	665	0
C1R_-_7245010.23-P1P2	3	3	848	1542
C1S_-_7168019.23-P1P2	1	2	1073	3767
C1S_-_7168049.23-P1P2	0	0	79	0
C1S_-_7168083.23-P1P2	3658	6	1575	3002
C1S_-_7168284.23-P1P2	1661	2699	704	3
C1S_-_7168456.23-P1P2	1459	1	497	2
C3_+_6720438.23-P1P2	2634	2926	1109	1
C3_+_6720583.23-P1P2	1358	2566	571	2
C3_-_6720213.23-P1P2	0	0	0	0
C3_-_6720601.23-P1P2	2346	3	865	0
C3_-_6720634.23-P1P2	2	1	586	1
C4A_+_31949813.23-ENST00000428956.2	4471	5044	3069	803
C4A_+_31949863.23-ENST00000428956.2	0	1	1200	1694
C4A_+_31949878.23-ENST00000428956.2	5313	4312	4119	4343
C4A_-_31950166.23-ENST00000428956.2	4685	1752	2774	6884
C4A_-_31950176.23-ENST00000428956.2	986	2	895	0
C4B_+_31982551.23-ENST00000435363.2	4471	5044	3069	803
C4B_+_31982601.23-ENST00000435363.2	0	1	1200	1694
C4B_+_31982616.23-ENST00000435363.2	5313	4312	4119	4343
C4B_-_31982904.23-ENST00000435363.2	4685	1752	2774	6884
C4B_-_31982914.23-ENST00000435363.2	986	2	895	0
C5_+_123812097.23-P1P2	1169	5609	962	4
C5_+_123812471.23-P1P2	1027	0	68	0
C5_-_123812525.23-P1P2	8	4972	328	2
C5_-_123812529.23-P1P2	0	0	135	0
C5_-_123812532.23-P1P2	1	0	503	3
C8G_+_139839778.23-P1P2	1	1	849	0
C8G_+_139840046.23-P1P2	2318	5	2410	1
C8G_+_139840055.23-P1P2	1463	0	1006	1621
C8G_-_139839725.23-P1P2	901	9580	1572	1
C8G_-_139839737.23-P1P2	2956	4	1745	4018
C9orf96_+_136243280.23-P1P2	1973	2030	2504	1500
C9orf96_+_136243653.23-P1P2	1402	0	118	0
C9orf96_+_136243686.23-P1P2	3	0	861	0
C9orf96_-_136243249.23-P1P2	1037	1	2685	2
C9orf96_-_136243277.23-P1P2	777	1	1647	74
CA10_+_50235397.23-P1P2	4	0	2215	1661
CA10_+_50235658.23-P1P2	1553	1	849	1002
CA10_+_50235675.23-P1P2	2748	4	2476	1574
CA10_+_50236049.23-P1P2	649	1	672	0
CA10_-_50235685.23-P1P2	6018	2710	2951	4282
CA11_+_49148840.23-P1P2	3215	4	1548	1
CA11_+_49148889.23-P1P2	4229	0	2033	1
CA11_+_49149263.23-P1P2	0	0	658	1
CA11_+_49149355.23-P1P2	1477	0	658	828
CA11_-_49148908.23-P1P2	2358	6146	2541	2007
CA12_+_63673833.23-P1P2	1211	1829	1769	0
CA12_+_63673971.23-P1P2	1602	0	1313	0
CA12_+_63674021.23-P1P2	3546	4120	2291	2653
CA12_+_63674036.23-P1P2	0	0	297	0
CA12_+_63674039.23-P1P2	2	1950	332	0
CA13_+_86157720.23-P1P2	2660	2685	1286	1019
CA13_+_86158000.23-P1P2	1123	1	716	0
CA13_-_86157748.23-P1P2	2332	1	561	1168
CA13_-_86157765.23-P1P2	3543	2	1147	1783
CA13_-_86158065.23-P1P2	1348	3079	1013	1611
CA14_+_150230498.23-P1P2	1	0	1289	214
CA14_+_150230512.23-P1P2	1	2	407	2030
CA14_-_150230678.23-P1P2	4	3	1262	1901
CA14_-_150230691.23-P1P2	3	0	541	0
CA14_-_150230796.23-P1P2	1	0	697	1
CA1_+_86290323.23-P1P2	1	1	449	0
CA1_-_86290107.23-P1P2	0	0	0	0
CA1_-_86290317.23-P1P2	3	3470	1013	1177
CA1_-_86290329.23-P1P2	731	7197	1754	4522
CA1_-_86290335.23-P1P2	3	1	512	0
CA2_+_86376258.23-P1P2	1	0	1593	0
CA2_+_86376261.23-P1P2	1517	4	448	0
CA2_+_86376264.23-P1P2	1646	102	1627	1274
CA2_+_86376646.23-P1P2	1942	5	991	1427
CA2_-_86376327.23-P1P2	0	0	49	0
CA3_-_86351097.23-P1P2	1355	4273	2365	1462
CA3_-_86351128.23-P1P2	1	2445	1943	2841
CA3_-_86351132.23-P1P2	3213	1	734	1
CA3_-_86351141.23-P1P2	2407	392	1094	1
CA3_-_86351154.23-P1P2	2305	1	1863	3729
CA4_+_58227730.23-P1P2	2641	3663	216	1815
CA4_-_58227374.23-P1P2	594	1737	970	1513
CA4_-_58227431.23-P1P2	2	5084	538	3
CA4_-_58227726.23-P1P2	1256	1	1514	0
CA4_-_58227740.23-P1P2	0	0	104	0
CA5A_+_87969813.23-P1P2	1033	4	1201	1252
CA5A_+_87969837.23-P1P2	1313	2	1245	1
CA5A_+_87969844.23-P1P2	0	0	860	1
CA5A_-_87969821.23-P1P2	1103	2	222	749
CA5A_-_87969831.23-P1P2	1104	2	602	3379
CA5B_-_15756390.23-P1P2	1681	1	1319	0
CA5B_-_15756434.23-P1P2	4	1	1957	1519
CA5B_-_15756445.23-P1P2	1472	10690	2481	2521
CA5B_-_15756485.23-P1P2	428	3	978	2116
CA5B_-_15756902.23-P1P2	2	5291	1189	79
CA6_+_9005952.23-P1P2	1370	2	1333	0
CA6_+_9005970.23-P1P2	2052	2	1472	1831
CA6_+_9005994.23-P1P2	3	3	760	1983
CA6_+_9006029.23-P1P2	3208	1	752	4
CA6_-_9005951.23-P1P2	2572	5	1533	1731
CA7_+_66878691.23-P1P2	1496	2	1772	1839
CA7_+_66878722.23-P1P2	1	2	953	1661
CA7_-_66878344.23-P1P2	2556	5	867	1804
CA7_-_66878359.23-P1P2	2558	1236	1693	970
CA7_-_66878370.23-P1P2	2850	1	2587	1676
CA8_-_61193459.23-P1P2	1	713	1631	1
CA8_-_61193488.23-P1P2	1428	0	142	0
CA8_-_61193708.23-P1P2	549	2	1867	2238
CA8_-_61193712.23-P1P2	0	0	591	0
CA8_-_61193912.23-P1P2	651	7	1914	5217
CA9_+_35673915.23-P1P2	2542	2287	881	1812
CA9_+_35673940.23-P1P2	0	0	657	1
CA9_+_35673977.23-P1P2	2416	3515	895	1
CA9_+_35673986.23-P1P2	1343	1	423	2612
CA9_+_35674418.23-P1P2	0	0	1144	0
CACNA1A_+_13616881.23-P1P2	930	0	282	0
CACNA1A_+_13617110.23-P1P2	3	4	1135	1637
CACNA1A_-_13616825.23-P1P2	0	1	515	0
CACNA1A_-_13617085.23-P1P2	1234	4	1991	6347
CACNA1A_-_13617196.23-P1P2	3274	5037	1422	1501
CACNA1B_+_140772223.23-P1P2	2318	1	1004	1402
CACNA1B_+_140772667.23-P1P2	1	0	177	0
CACNA1B_-_140772283.23-P1P2	2171	2408	2405	1425
CACNA1B_-_140772666.23-P1P2	2	0	1249	1
CACNA1B_-_140772681.23-P1P2	3624	3909	1838	3
CACNA1C_+_2162254.23-P1P2	1445	1	638	0
CACNA1C_+_2162389.23-P1P2	1077	3	592	2800
CACNA1C_-_2162196.23-P1P2	0	0	230	0
CACNA1C_-_2162574.23-P1P2	2	0	298	0
CACNA1C_-_2162603.23-P1P2	0	0	650	0
CACNA1D_+_53528694.23-P1P2	778	2609	260	1486
CACNA1D_+_53528698.23-P1P2	2783	4	1981	4294
CACNA1D_+_53528720.23-P1P2	1078	4551	1317	3162
CACNA1D_-_53528740.23-P1P2	2	0	1092	1
CACNA1D_-_53529084.23-P1P2	0	0	0	0
CACNA1I_+_39966778.23-P1P2	0	0	291	0
CACNA1I_+_39966811.23-P1P2	4843	7	1516	5113
CACNA1I_+_39966957.23-P1P2	2568	10295	1280	7
CACNA1I_-_39967145.23-P1P2	3	1	820	2689
CACNA1I_-_39967156.23-P1P2	1625	2	1343	1883
CACNA1S_+_201081196.23-P1P2	1516	1	378	1
CACNA1S_+_201081501.23-P1P2	3334	2	562	3383
CACNA1S_+_201081522.23-P1P2	2	2	931	4163
CACNA1S_+_201081538.23-P1P2	3	1291	2153	1604
CACNA1S_+_201081543.23-P1P2	1277	0	1411	0
CACNA2D1_-_82072818.23-P1P2	1888	2	656	1
CACNA2D1_-_82072843.23-P1P2	4649	4	2631	1779
CACNA2D1_-_82073236.23-P1P2	1171	1	1164	1
CACNA2D1_-_82073246.23-P1P2	0	0	257	0
CACNA2D1_-_82073256.23-P1P2	1564	1366	908	4724
CACNA2D2_+_50540967.23-P1P2	4151	4	1015	1583
CACNA2D2_-_50540593.23-P1P2	1094	4396	1204	2319
CACNA2D2_-_50540709.23-P1P2	3770	1	252	3
CACNA2D2_-_50540994.23-P1P2	2354	1	503	1661
CACNA2D2_-_50541020.23-P1P2	1138	1	3497	2590
CACNB1_+_37353849.23-P1P2	1436	2259	1720	0
CACNB1_+_37353862.23-P1P2	6311	5	1855	3440
CACNB1_+_37353871.23-P1P2	323	3	1025	5683
CACNB1_-_37353807.23-P1P2	5185	8442	1382	2770
CACNB1_-_37353836.23-P1P2	2174	8521	2849	3
CACNB2_+_18429385.23-P1	0	0	0	0
CACNB2_+_18429774.23-P1	11	8939	1526	3841
CACNB2_-_18429734.23-P1	1	0	582	0
CACNB2_-_18429752.23-P1	1857	0	619	1
CACNB2_-_18429764.23-P1	7884	10257	2920	5095
CACNB2_-_18689826.23-P2	0	1	734	0
CACNB2_-_18689893.23-P2	1338	1	885	1730
CACNB2_-_18689946.23-P2	4226	7696	1800	3386
CACNB2_-_18690041.23-P2	2	2	557	1822
CACNB2_-_18690056.23-P2	2937	2	1526	1
CACNB3_+_49209404.23-P2	1332	0	989	0
CACNB3_+_49209796.23-P2	0	0	618	1
CACNB3_+_49212301.23-P1	2871	2344	910	1906
CACNB3_+_49212320.23-P1	4064	5	1884	2580
CACNB3_+_49212331.23-P1	5787	4	2308	2
CACNB3_+_49212707.23-P1	842	5973	861	2
CACNB3_-_49209408.23-P2	4373	742	2816	8111
CACNB3_-_49209594.23-P2	0	0	378	0
CACNB3_-_49209628.23-P2	1503	4632	1463	1521
CACNB3_-_49212309.23-P1	1935	2851	2950	4
CACNB4_+_152830050.23-ENST00000360283.6,ENST00000534999.1	3	5879	272	3
CACNB4_+_152830465.23-ENST00000360283.6,ENST00000534999.1	2547	2	682	3563
CACNB4_+_152830507.23-ENST00000360283.6,ENST00000534999.1	4	4959	2305	2
CACNB4_-_152830409.23-ENST00000360283.6,ENST00000534999.1	0	0	0	0
CACNB4_-_152830517.23-ENST00000360283.6,ENST00000534999.1	1158	1	931	1532
CACNG1_+_65040694.23-P1P2	1249	6301	988	3
CACNG1_+_65040715.23-P1P2	960	0	2508	3371
CACNG1_+_65040719.23-P1P2	3	0	833	0
CACNG1_+_65040747.23-P1P2	1396	6932	863	1
CACNG1_-_65040753.23-P1P2	4388	3	2232	2
CALM1_+_90863400.23-P1P2	1	1	484	1764
CALM1_+_90863405.23-P1P2	1174	4943	536	784
CALM1_+_90863779.23-P1P2	0	0	383	0
CALM1_-_90863396.23-P1P2	12	1	2391	0
CALM1_-_90863816.23-P1P2	5	0	1304	1881
CALM2_+_47403639.23-P1P2	0	3	1569	0
CALM2_+_47403965.23-P1P2	0	0	682	0
CALM2_+_47404016.23-P1P2	5287	5	916	1551
CALM2_-_47403403.23-P1P2	1	2	1075	1896
CALM2_-_47403900.23-P1P2	1107	6802	1419	4
CALM3_+_47104530.23-ENST00000291295.9	1592	2	1359	1295
CALM3_-_47104549.23-ENST00000291295.9	1252	4	2534	1837
CALM3_-_47104749.23-ENST00000291295.9	1485	0	1389	0
CALM3_-_47104879.23-ENST00000291295.9	2	1	412	1658
CALM3_-_47104989.23-ENST00000291295.9	0	0	238	0
CALR_+_13049424.23-P1P2	2	2	851	1681
CALR_+_13049478.23-P1P2	1	0	434	0
CALR_-_13049450.23-P1P2	5573	4	2643	4718
CALR_-_13049826.23-P1P2	0	0	497	0
CALR_-_13050827.23-P1P2	1310	2571	1024	1085
CALY_+_135139581.23-P2	2016	0	677	1
CALY_+_135139764.23-P2	1545	2	2056	1821
CALY_+_135149991.23-P1	3381	2925	960	2
CALY_+_135150007.23-P1	3661	5	1333	2
CALY_-_135139307.23-P2	597	689	2193	6969
CALY_-_135139731.23-P2	1	1	422	0
CALY_-_135139792.23-P2	0	0	0	0
CALY_-_135150342.23-P1	1203	5	653	2059
CALY_-_135150351.23-P1	831	3	1140	1840
CALY_-_135150376.23-P1	1065	5863	2914	4767
CAMK1D_+_12391983.23-P1P2	1776	7086	2184	6
CAMK1D_+_12392022.23-P1P2	1418	2	1488	1167
CAMK1D_+_12392167.23-P1P2	1454	2799	653	1
CAMK1D_-_12391587.23-P1P2	1	4201	2028	4
CAMK1D_-_12391597.23-P1P2	0	0	691	0
CAMK1G_+_209757057.23-P1	4	1	1388	2631
CAMK1G_+_209757104.23-P1	1	0	635	0
CAMK1G_+_209757456.23-P1	0	0	162	0
CAMK1G_+_209781037.23-P2	0	0	379	0
CAMK1G_+_209781053.23-P2	1342	3	1192	2180
CAMK1G_+_209781059.23-P2	0	1	711	945
CAMK1G_+_209781088.23-P2	2	2	398	1997
CAMK1G_-_209757073.23-P1	1	4813	554	3
CAMK1G_-_209757484.23-P1	743	0	1310	1509
CAMK1G_-_209781067.23-P2	6	4400	969	931
CAMK1_+_9811178.23-P1P2	1119	3	791	1142
CAMK1_+_9811259.23-P1P2	2377	3	1352	1
CAMK1_+_9811576.23-P1P2	4033	4	2737	2856
CAMK1_-_9811423.23-P1P2	652	5	1780	2428
CAMK1_-_9811451.23-P1P2	1	4352	2	3
CAMK2A_+_149668898.23-P1P2	1	0	1252	81
CAMK2A_+_149669087.23-P1P2	4	2929	402	1
CAMK2A_+_149669255.23-P1P2	6	6254	730	1605
CAMK2A_+_149669276.23-P1P2	1	1	1169	0
CAMK2A_+_149669307.23-P1P2	1	0	1416	0
CAMK2B_+_44364942.23-P1P2	642	0	0	0
CAMK2B_+_44364958.23-P1P2	1	0	455	0
CAMK2B_-_44364988.23-P1P2	0	0	809	1577
CAMK2B_-_44365012.23-P1P2	2	2	2185	763
CAMK2B_-_44365131.23-P1P2	2746	9214	2525	3373
CAMK2D_+_114682914.23-P1P2	1179	0	466	0
CAMK2D_-_114682323.23-P1P2	2257	1315	3577	3977
CAMK2D_-_114682840.23-P1P2	0	1	623	0
CAMK2D_-_114682878.23-P1P2	4942	6	2556	3080
CAMK2D_-_114682883.23-P1P2	1445	5	2089	2
CAMK2G_+_75634255.23-P1P2	4	5427	2931	4327
CAMK2G_-_75633906.23-P1P2	1	0	1597	0
CAMK2G_-_75634117.23-P1P2	2792	0	756	2
CAMK2G_-_75634264.23-P1P2	5347	0	2368	4
CAMK2G_-_75634301.23-P1P2	5	2373	217	1591
CAMK2N1_-_20812260.23-P1P2	1280	2	1428	1
CAMK2N1_-_20812324.23-P1P2	2217	4	1774	3776
CAMK2N1_-_20812336.23-P1P2	53	0	263	1
CAMK2N1_-_20812403.23-P1P2	5	3499	1057	4
CAMK2N1_-_20812471.23-P1P2	5	3	887	2121
CAMK4_+_110560439.23-P1P2	1546	5	1184	2079
CAMK4_+_110560518.23-P1P2	1412	1050	1597	753
CAMK4_+_110560576.23-P1P2	1266	3	640	1723
CAMK4_-_110560134.23-P1P2	3676	9557	2210	3136
CAMK4_-_110560347.23-P1P2	3488	2036	1714	992
CAMKK1_+_3796149.23-P1P2	0	0	91	0
CAMKK1_+_3796272.23-P1P2	3427	3	2106	4543
CAMKK1_-_3795976.23-P1P2	1	0	935	1263
CAMKK1_-_3796085.23-P1P2	1085	0	1871	1659
CAMKK1_-_3796331.23-P1P2	471	1	2016	3104
CAMKK2_+_121734109.23-P1P2	1764	3371	1994	3145
CAMKK2_+_121734321.23-P1P2	3620	689	1510	2512
CAMKK2_-_121734139.23-P1P2	3068	4932	1412	1821
CAMKK2_-_121734444.23-P1P2	4496	5528	791	2
CAMKK2_-_121734488.23-P1P2	419	1	207	243
CAMKV_+_49906896.23-P1P2	1574	1	2119	0
CAMKV_+_49907271.23-P1P2	745	2074	2027	1938
CAMKV_+_49907311.23-P1P2	4507	2707	2275	3458
CAMKV_-_49906913.23-P1P2	2	2	401	1470
CAMKV_-_49907319.23-P1P2	893	2	2118	1202
CAMLG_+_134074236.23-P1P2	1403	1	707	0
CAMLG_+_134074249.23-P1P2	4	4	1764	1551
CAMLG_+_134074282.23-P1P2	394	0	585	0
CAMLG_+_134074669.23-P1P2	0	0	597	0
CAMLG_-_134074322.23-P1P2	1166	2	691	2
CAMP_+_48265026.23-P1P2	2150	5762	3367	1714
CAMP_+_48265373.23-P1P2	2	1	1155	901
CAMP_-_48264975.23-P1P2	1331	0	297	0
CAMP_-_48264983.23-P1P2	1145	0	1393	2
CAMP_-_48265020.23-P1P2	0	0	258	0
CANT1_+_77005768.23-P1P2	3175	3	1798	1401
CANT1_-_77005380.23-P1P2	1202	2	977	1880
CANT1_-_77005406.23-P1P2	1462	1	1226	0
CANT1_-_77005439.23-P1P2	1294	0	1033	0
CANT1_-_77005778.23-P1P2	1847	1	2370	1
CANX_+_179125981.23-P1	1889	9	1286	3718
CANX_+_179126015.23-P1	1	2757	501	2
CANX_+_179126021.23-P1	0	0	103	0
CANX_+_179133102.23-P2	890	0	1	0
CANX_-_179125947.23-P1	2	2	320	1811
CANX_-_179126011.23-P1	5601	9906	1209	1296
CANX_-_179132749.23-P2	0	0	120	0
CANX_-_179132963.23-P2	1	0	1365	292
CANX_-_179133132.23-P2	5	4321	1516	1
CANX_-_179133208.23-P2	1738	0	679	0
CAPN1_+_64949419.23-P1P2	3	2	2987	2613
CAPN1_+_64949444.23-P1P2	1	4	3748	2270
CAPN1_+_64949477.23-P1P2	0	0	138	0
CAPN1_+_64949856.23-P1P2	2767	2	2187	1560
CAPN1_-_64949451.23-P1P2	1599	9957	2706	5498
CAPNS1_+_36631379.23-P1P2	1293	0	1186	1
CAPNS1_+_36631398.23-P1P2	0	0	68	0
CAPNS1_+_36631483.23-P1P2	0	0	0	0
CAPNS1_-_36631046.23-P1P2	0	0	0	0
CAPNS1_-_36631056.23-P1P2	1222	2	2112	506
CARTPT_+_71015180.23-P1P2	0	0	686	2
CARTPT_+_71015560.23-P1P2	1858	1782	982	1941
CARTPT_-_71015511.23-P1P2	5335	4	1488	5
CARTPT_-_71015526.23-P1P2	1141	0	1069	4
CARTPT_-_71015538.23-P1P2	1332	1	1097	2989
CASK_+_41782332.23-P1P2	6	1	1524	1773
CASK_+_41782335.23-P1P2	1	0	730	1512
CASK_-_41782259.23-P1P2	2146	0	548	2
CASK_-_41782289.23-P1P2	0	0	404	0
CASK_-_41782698.23-P1P2	1628	0	1305	1242
CASP7_+_115439705.23-P1P2	1586	1	266	0
CASP7_+_115439715.23-P1P2	1524	2	1616	3968
CASP7_+_115439718.23-P1P2	3684	6335	1558	1797
CASP7_+_115440132.23-P1P2	2	1	1772	2039
CASP7_-_115439692.23-P1P2	1	0	1751	17
CASR_+_121902901.23-P1P2	1067	3449	1488	1583
CASR_+_121902954.23-P1P2	689	0	1138	1
CASR_-_121902593.23-P1P2	1491	0	1083	3
CASR_-_121902759.23-P1P2	2185	1	1496	1305
CASR_-_121903029.23-P1P2	1257	2	406	2385
CAST_+_95998193.23-P2	1644	2	1076	1776
CAST_+_95998268.23-P2	658	1169	2937	138
CAST_+_96038587.23-P1	2696	4	1988	3493
CAST_+_96038681.23-P1	2208	0	1614	1046
CAST_+_96038695.23-P1	1292	4717	1464	1331
CAST_-_95997966.23-P2	1	1387	505	1
CAST_-_95997979.23-P2	2524	3	1341	3353
CAST_-_95998431.23-P2	2	1	799	0
CAST_-_96038519.23-P1	4	1	801	2283
CAST_-_96038545.23-P1	4080	5749	1476	2931
CAT_+_34460511.23-P1	1443	4	2505	3842
CAT_+_34460525.23-P1	4	1	1607	1948
CAT_+_34460551.23-P1	3	5763	1858	2041
CAT_+_34478217.23-P2	1513	0	202	1
CAT_-_34460507.23-P1	8	5399	2037	3
CAT_-_34460861.23-P1	1780	4382	1739	3241
CAT_-_34478248.23-P2	1231	2	444	0
CAT_-_34478256.23-P2	0	0	0	0
CAT_-_34478267.23-P2	0	0	0	0
CAT_-_34478703.23-P2	1	0	513	1
CBR1_+_37442295.23-P1P2	730	7205	1165	3
CBR1_+_37442368.23-P1P2	3	2	739	3210
CBR1_-_37442302.23-P1P2	2296	1	2088	0
CBR1_-_37442339.23-P1P2	0	4	1816	5565
CBR1_-_37442702.23-P1P2	2792	4878	1676	3294
CBS_-_44495505.23-P1P2	1553	1	896	3346
CBS_-_44495867.23-P1P2	2808	4606	1257	2
CBS_-_44495886.23-P1P2	4914	5	1867	1931
CBS_-_44495894.23-P1P2	0	0	758	0
CBS_-_44495934.23-P1P2	2465	2460	2120	1919
CCBL1_+_131644175.23-P1P2	0	0	0	0
CCBL1_+_131644186.23-P1P2	1	0	830	1803
CCBL1_+_131644194.23-P1P2	3	1	879	1990
CCBL1_+_131644214.23-P1P2	0	2	1049	1755
CCBL1_-_131644221.23-P1P2	814	11439	1170	4
CCBL2_+_89458258.23-P1P2	2212	1	1855	0
CCBL2_+_89458266.23-P1P2	1510	4823	1983	2598
CCBL2_+_89458283.23-P1P2	1165	0	2343	0
CCBL2_+_89458288.23-P1P2	1	2	943	0
CCBL2_+_89458291.23-P1P2	4425	4064	1596	1789
CCKAR_+_26491666.23-P1P2	2025	4	922	4088
CCKAR_+_26491712.23-P1P2	0	3	554	0
CCKAR_+_26492035.23-P1P2	0	0	0	0
CCKAR_+_26492061.23-P1P2	1234	4	1293	0
CCKAR_-_26491843.23-P1P2	1636	3	893	5790
CCL8_+_32646505.23-P1P2	0	0	131	0
CCL8_+_32646511.23-P1P2	2339	3291	1041	1033
CCL8_+_32646710.23-P1P2	1	0	352	1617
CCL8_-_32646449.23-P1P2	1525	5300	2220	1
CCL8_-_32646459.23-P1P2	4	4881	2217	784
CCR5_+_46412474.23-P1P2	973	2927	658	5
CCR5_+_46412818.23-P1P2	2307	1	420	1
CCR5_+_46412844.23-P1P2	1007	1	67	0
CCR5_+_46412888.23-P1P2	1	1	138	0
CCR5_-_46412917.23-P1P2	1641	0	771	2
CCT3_+_156308067.23-P1P2	0	0	0	0
CCT3_-_156307687.23-P1P2	0	0	0	0
CCT3_-_156307863.23-P1P2	1	0	0	0
CCT3_-_156307976.23-P1P2	0	0	0	0
CCT3_-_156307996.23-P1P2	2753	5402	3395	3720
CD1A_+_158224667.23-P1P2	397	1	746	2
CD1A_-_158224219.23-P1P2	1489	6941	727	10
CD1A_-_158224222.23-P1P2	3430	2	414	1
CD1A_-_158224302.23-P1P2	1086	3206	1538	0
CD1A_-_158224724.23-P1P2	0	0	675	1
CD1D_+_158150733.23-P1P2	2516	6029	1771	5048
CD1D_+_158151143.23-P1P2	4501	1	1243	4
CD1D_-_158150703.23-P1P2	1589	1	989	0
CD1D_-_158150719.23-P1P2	1	1	452	985
CD1D_-_158150739.23-P1P2	4	3028	1531	1457
CD209_+_7811980.23-P1P2	1060	2	1184	0
CD209_+_7812402.23-P1P2	0	0	86	0
CD209_+_7812451.23-P1P2	0	0	575	0
CD209_+_7812455.23-P1P2	4	2545	294	0
CD209_-_7812435.23-P1P2	4	6	1021	3978
CD247_+_167487323.23-P1P2	2	0	1094	0
CD247_+_167487350.23-P1P2	1340	2	1572	2901
CD247_+_167487623.23-P1P2	1130	7	1981	5751
CD247_-_167487282.23-P1P2	909	1	1848	2695
CD247_-_167487768.23-P1P2	35	0	1210	1810
CD33_+_51729005.23-P1P2	0	0	565	0
CD33_+_51729086.23-P1P2	803	2	1355	3577
CD33_+_51729159.23-P1P2	0	0	0	0
CD33_+_51729507.23-P1P2	0	0	1931	0
CD33_-_51728897.23-P1P2	1372	1	694	0
CD3D_+_118213247.23-P1P2	2420	4544	1539	5522
CD3D_+_118213387.23-P1P2	1609	1	791	1268
CD3D_+_118213391.23-P1P2	6	1	1322	1865
CD3D_-_118213331.23-P1P2	0	0	724	0
CD3D_-_118213377.23-P1P2	0	0	406	0
CD3E_+_118175516.23-P1P2	0	1	469	0
CD3E_+_118175886.23-P1P2	2697	15451	2358	4512
CD3E_-_118175491.23-P1P2	0	0	477	0
CD3E_-_118175687.23-P1P2	672	4	1801	938
CD3E_-_118175913.23-P1P2	4	0	746	1768
CD3G_+_118215108.23-P1P2	2094	0	1452	1
CD3G_+_118215119.23-P1P2	45	0	35	0
CD3G_+_118215516.23-P1P2	0	0	432	0
CD3G_-_118215053.23-P1P2	7	4	1493	6643
CD3G_-_118215076.23-P1P2	5781	4	3369	1030
CD46_+_207925463.23-P1P2	3	1	610	2163
CD46_+_207925964.23-P1P2	2234	2	247	768
CD46_-_207925473.23-P1P2	836	1	866	0
CD46_-_207925851.23-P1P2	2	5768	930	4
CD46_-_207925976.23-P1P2	2358	2	1248	0
CD4_+_6898750.23-P1P2	1430	2875	1176	1278
CD4_+_6898908.23-P1P2	1	2	864	1554
CD4_-_6899142.23-P1P2	2894	3	1698	871
CD4_-_6899161.23-P1P2	0	0	1482	0
CD4_-_6899175.23-P1P2	1	2	886	1
CD52_+_26644443.23-P1P2	1190	1760	580	4
CD52_+_26644446.23-P1P2	7	5438	220	2
CD52_+_26644480.23-P1P2	4	2	1346	3624
CD52_+_26644903.23-P1P2	4	0	711	1683
CD52_-_26644811.23-P1P2	0	0	294	0
CD55_+_207495045.23-P1P2	1962	6	2333	6311
CD55_+_207495088.23-P1P2	1391	7812	440	1199
CD55_+_207495720.23-P1P2	4	1	738	1439
CD55_-_207495079.23-P1P2	2	2	1329	2111
CD55_-_207495267.23-P1P2	780	0	634	1
CD80_+_119278427.23-P1P2	0	0	886	0
CD80_-_119278036.23-P1P2	0	1	555	0
CD80_-_119278157.23-P1P2	5	3	875	1958
CD80_-_119278188.23-P1P2	2	5712	855	2
CD80_-_119278501.23-P1P2	2	0	1585	1050
CD86_+_121774694.23-P1	2618	2	749	2
CD86_+_121796717.23-P2	1605	0	422	1
CD86_-_121774225.23-P1	1318	2	464	1
CD86_-_121774236.23-P1	1398	2	2048	2011
CD86_-_121774287.23-P1	2	2118	681	1653
CD86_-_121774297.23-P1	0	1	844	3804
CD86_-_121796729.23-P2	1152	2	471	0
CD86_-_121796768.23-P2	5181	5	1072	2
CD86_-_121796926.23-P2	1	0	432	0
CD86_-_121797180.23-P2	3	2879	597	1874
CDA_+_20915608.23-P1P2	1350	2	1517	2085
CDA_+_20915714.23-P1P2	0	0	403	0
CDA_+_20916096.23-P1P2	7	1	876	2787
CDA_-_20915533.23-P1P2	3	5	1481	1906
CDA_-_20915957.23-P1P2	1896	3	3095	3481
CDC14A_+_100818072.23-P1P2	2356	2154	3297	1
CDC14A_+_100818076.23-P1P2	2918	2	2390	1
CDC14A_+_100818093.23-P1P2	2019	4422	2792	4220
CDC14A_+_100818104.23-P1P2	4228	7	1985	1968
CDC14A_-_100818042.23-P1P2	0	1	430	0
CDC14B_-_99381314.23-P1P2	1	0	900	832
CDC14B_-_99381352.23-P1P2	0	0	165	0
CDC14B_-_99381431.23-P1P2	2273	4	1051	0
CDC14B_-_99382080.23-P1P2	3	1	186	1532
CDC14B_-_99382112.23-P1P2	0	0	0	0
CDC25A_+_48229063.23-P1P2	1121	3243	1400	3624
CDC25A_+_48229841.23-P1P2	2918	3	450	1187
CDC25A_+_48229851.23-P1P2	1	0	380	0
CDC25A_-_48229649.23-P1P2	2418	5143	2178	1657
CDC25A_-_48229900.23-P1P2	1	0	1401	1
CDC25B_+_3776964.23-P1P2	3141	1	2218	4723
CDC25B_+_3777015.23-P1P2	0	0	67	0
CDC25B_-_3776960.23-P1P2	1	0	639	69
CDC25B_-_3776969.23-P1P2	3	2466	881	0
CDC25B_-_3777393.23-P1P2	1190	0	714	1883
CDC25C_+_137667466.23-P1P2	2552	2633	1734	3
CDC25C_-_137667079.23-P1P2	0	0	544	1
CDC25C_-_137667425.23-P1P2	986	0	839	0
CDC25C_-_137667439.23-P1P2	812	3	748	3435
CDC25C_-_137667477.23-P1P2	0	0	292	0
CDC42BPA_+_227505740.23-P1P2	3784	2	1376	2
CDC42BPA_+_227506098.23-P1P2	1027	1956	1920	1625
CDC42BPA_+_227506138.23-P1P2	1488	1	805	1
CDC42BPA_+_227506150.23-P1P2	1804	4	893	1942
CDC42BPA_-_227506038.23-P1P2	2	2	1261	3
CDC42BPB_+_103523492.23-P1P2	2540	3	1548	3099
CDC42BPB_+_103523823.23-P1P2	1668	4985	1348	4
CDC42BPB_+_103523826.23-P1P2	2375	3	1269	980
CDC42BPB_-_103523702.23-P1P2	0	0	2376	1434
CDC42BPB_-_103523842.23-P1P2	0	2	1308	1514
CDC42BPG_+_64612032.23-P1P2	1213	2503	4008	2861
CDC42BPG_+_64612114.23-P1P2	1	0	927	1
CDC42BPG_+_64612119.23-P1P2	3	2788	1435	1
CDC42BPG_-_64611754.23-P1P2	3901	6	1475	1641
CDC42BPG_-_64612078.23-P1P2	4453	6399	1619	8
CDC42SE2_+_130599905.23-P1P2	1829	3	666	1722
CDC42SE2_+_130600194.23-P1P2	1	1	752	1949
CDC42SE2_-_130600145.23-P1P2	1348	1	2759	2
CDC42SE2_-_130600179.23-P1P2	1486	0	396	1
CDC42SE2_-_130600227.23-P1P2	1497	3	1326	994
CDC7_+_91966479.23-P1P2	0	0	228	0
CDC7_+_91966603.23-P1P2	1	1	343	0
CDC7_+_91966764.23-P1P2	0	0	72	0
CDC7_-_91966438.23-P1P2	850	1	644	1259
CDC7_-_91966696.23-P1P2	1	0	549	0
CDH5_+_66400649.23-P1P2	1164	6	2483	2936
CDH5_+_66400984.23-P1P2	7	5510	1274	6137
CDH5_-_66400630.23-P1P2	2861	2	499	1776
CDH5_-_66400656.23-P1P2	1	820	931	1
CDH5_-_66400791.23-P1P2	1822	1	1401	2030
CDK10_+_89753127.23-P1P2	1	1	285	0
CDK10_-_89753103.23-P1P2	3867	1	546	1
CDK10_-_89753124.23-P1P2	6655	5	2645	1344
CDK10_-_89753136.23-P1P2	1206	6444	2416	2833
CDK10_-_89753493.23-P1P2	0	0	163	0
CDK11A_+_1655695.23-P1P2	6091	2855	987	3
CDK11A_+_1655742.23-P1P2	5	1	1358	3376
CDK11A_+_1655752.23-P1P2	0	1	191	0
CDK11A_+_1655770.23-P1P2	1526	1	1435	1862
CDK11A_-_1655704.23-P1P2	5337	8	1042	6380
CDK11B_+_1588334.23-ENST00000341832.6	1813	1	180	1
CDK11B_+_1588352.23-ENST00000341832.6	2500	0	447	840
CDK11B_+_1588642.23-ENST00000341832.6	2	2	167	1857
CDK11B_+_1588798.23-ENST00000317673.7,ENST00000340677.5,ENST00000407249.3	832	0	1408	1473
CDK11B_+_1588853.23-ENST00000317673.7,ENST00000340677.5,ENST00000407249.3	2	3996	866	5
CDK11B_+_1588866.23-ENST00000317673.7,ENST00000340677.5,ENST00000407249.3	2	2	2	1742
CDK11B_-_1588329.23-ENST00000341832.6	1	0	294	1567
CDK11B_-_1588699.23-ENST00000317673.7,ENST00000340677.5,ENST00000407249.3	750	3	659	1711
CDK11B_-_1588699.23-ENST00000341832.6	750	3	659	1711
CDK11B_-_1588818.23-ENST00000317673.7,ENST00000340677.5,ENST00000407249.3	0	0	626	0
CDK12_+_37617979.23-P1P2	0	0	206	0
CDK12_+_37617986.23-P1P2	0	0	105	0
CDK12_+_37618135.23-P1P2	0	0	0	0
CDK12_-_37617819.23-P1P2	0	0	0	0
CDK12_-_37618045.23-P1P2	0	0	59	0
CDK13_-_39989713.23-P1P2	2161	2152	2223	3431
CDK13_-_39989840.23-P1P2	1	3	734	1674
CDK13_-_39989849.23-P1P2	1965	0	2642	4854
CDK13_-_39989852.23-P1P2	2341	4412	1226	1
CDK13_-_39990121.23-P1P2	3	0	623	0
CDK14_+_90225779.23-P1P2	1879	5203	2162	2708
CDK14_+_90225794.23-P1P2	2852	1	1847	0
CDK14_+_90225797.23-P1P2	1402	6	1311	7075
CDK14_-_90226163.23-P1P2	4875	2	1424	3
CDK14_-_90226184.23-P1P2	1287	2	1930	1547
CDK15_+_202671879.23-ENST00000374598.4	1225	0	847	2827
CDK15_-_202671315.23-ENST00000374598.4	1019	1	200	1112
CDK15_-_202671459.23-ENST00000374598.4	0	1	341	0
CDK15_-_202671495.23-ENST00000374598.4	2670	0	1098	72
CDK15_-_202671498.23-ENST00000374598.4	2	1	1569	0
CDK16_+_47078092.23-P1P2	2591	4	1961	1993
CDK16_+_47078142.23-P1P2	1152	1	998	1821
CDK16_+_47078157.23-P1P2	373	2652	938	3142
CDK16_+_47078188.23-P1P2	1334	2	809	0
CDK16_+_47078205.23-P1P2	2	3961	1411	1647
CDK17_-_96793729.23-P1P2	2574	2	1279	4605
CDK17_-_96793807.23-P1P2	0	0	384	0
CDK17_-_96793860.23-P1P2	5	2	1907	1
CDK17_-_96793869.23-P1P2	0	0	324	0
CDK17_-_96794161.23-P1P2	1159	1	723	0
CDK18_+_205473806.23-P1P2	1203	2	763	1703
CDK18_+_205473874.23-P1P2	16	11996	2607	1
CDK18_+_205474222.23-P1P2	1	1	1099	0
CDK18_+_205474225.23-P1P2	956	1	1721	683
CDK18_-_205474006.23-P1P2	2299	0	862	0
CDK19_+_111136210.23-P1P2	1416	0	496	0
CDK19_+_111136227.23-P1P2	1917	1	1105	0
CDK19_+_111136250.23-P1P2	2657	4	826	2121
CDK19_+_111136611.23-P1P2	2361	1	746	1
CDK19_-_111136247.23-P1P2	29	13365	1409	3965
CDK1_+_62538309.23-P1P2	0	0	104	0
CDK1_+_62538726.23-P1P2	1	2325	1111	2
CDK1_-_62538284.23-P1P2	0	0	0	0
CDK1_-_62538382.23-P1P2	0	0	200	0
CDK1_-_62538605.23-P1P2	1	0	634	0
CDK20_+_90589064.23-P1P2	516	0	73	0
CDK20_+_90589392.23-P1P2	1093	0	70	0
CDK20_+_90589421.23-P1P2	764	2	1631	1986
CDK20_+_90589424.23-P1P2	1108	253	609	0
CDK20_-_90589076.23-P1P2	1164	0	0	0
CDK2_+_56360661.23-P1P2	1095	0	1009	758
CDK2_-_56360602.23-P1P2	1	1	557	932
CDK2_-_56360605.23-P1P2	5646	2	2249	3029
CDK2_-_56360608.23-P1P2	1599	0	575	1928
CDK2_-_56361096.23-P1P2	3312	2	436	2
CDK3_+_73975301.23-P1P2	0	0	1	1902
CDK3_+_73975344.23-P1P2	1	1	840	0
CDK3_+_73975365.23-P1P2	768	1	3631	2375
CDK3_-_73975343.23-P1P2	4813	4	1867	2833
CDK3_-_73975358.23-P1P2	2	0	802	1
CDK4_+_58146066.23-P1P2	2225	1	1312	1
CDK4_+_58146071.23-P1P2	1533	1	1808	827
CDK4_-_58146046.23-P1P2	1253	2	1871	2265
CDK4_-_58146064.23-P1P2	1366	928	2215	4102
CDK4_-_58146099.23-P1P2	56	0	1141	2295
CDK5R1_+_30813615.23-P1P2	1312	0	504	1353
CDK5R1_-_30813603.23-P1P2	1948	3307	1087	2
CDK5R1_-_30813611.23-P1P2	1	0	1273	0
CDK5R1_-_30813629.23-P1P2	1283	1	452	1710
CDK5R1_-_30813632.23-P1P2	2	1	1069	0
CDK5R2_+_219824399.23-P1P2	715	0	622	2
CDK5R2_+_219824820.23-P1P2	2314	175	2969	3191
CDK5R2_-_219824623.23-P1P2	3113	3	473	3
CDK5R2_-_219824813.23-P1P2	3468	6587	2411	1187
CDK5R2_-_219824882.23-P1P2	2108	3	1398	4780
CDK5_+_150754783.23-P1P2	1238	0	817	0
CDK5_+_150754952.23-P1P2	2661	1	1397	1183
CDK5_+_150754962.23-P1P2	1551	0	673	0
CDK5_-_150754512.23-P1P2	3	4694	1260	1681
CDK5_-_150754596.23-P1P2	1	2	171	880
CDK6_+_92463061.23-P2	2326	3	964	1957
CDK6_+_92463239.23-P2	1096	6	1360	1456
CDK6_+_92465848.23-P1	2421	3151	1478	4757
CDK6_+_92465903.23-P1	0	2401	1145	3
CDK6_-_92463228.23-P2	1565	1	1120	1059
CDK6_-_92463237.23-P2	2	5	1416	2341
CDK6_-_92463259.23-P2	7	6416	1183	3665
CDK6_-_92465826.23-P1	1048	1	788	1
CDK6_-_92465843.23-P1	1281	3	2215	1821
CDK6_-_92465893.23-P1	0	0	676	0
CDK7_+_68530767.23-P1P2	0	0	0	0
CDK7_+_68531106.23-P1P2	2	3	193	2061
CDK7_-_68530696.23-P1P2	0	0	0	0
CDK7_-_68530717.23-P1P2	2	0	575	2831
CDK7_-_68530895.23-P1P2	0	0	113	0
CDK8_+_26828253.23-P1P2	4295	4096	2007	269
CDK8_+_26828274.23-P1P2	5050	4552	3857	6398
CDK8_+_26828294.23-P1P2	0	2	483	3950
CDK8_-_26828288.23-P1P2	1574	0	1145	1953
CDK8_-_26828453.23-P1P2	2728	4846	2133	1313
CDK9_+_130548739.23-P1P2	1	0	1049	0
CDK9_+_130548853.23-P1P2	1394	3	1210	2889
CDK9_-_130547862.23-P1P2	13	5716	1290	4712
CDK9_-_130548401.23-P1P2	1	0	751	1120
CDK9_-_130548749.23-P1P2	2430	1	690	0
CDKL1_+_50863545.23-P1P2	3654	2523	2808	1163
CDKL1_+_50863573.23-P1P2	896	0	708	0
CDKL1_+_50863588.23-P1P2	1290	4971	1988	2
CDKL1_-_50863559.23-P1P2	1722	1	729	1236
CDKL1_-_50863564.23-P1P2	1786	3891	2000	1643
CDKL2_+_76555613.23-P1P2	1	0	107	0
CDKL2_+_76555663.23-P1P2	885	6919	289	2
CDKL2_+_76555675.23-P1P2	1398	4318	1922	2091
CDKL2_-_76555646.23-P1P2	2729	5423	1822	5
CDKL2_-_76555682.23-P1P2	1	1	844	1676
CDKL3_+_133702210.23-P2	4	5606	1	2
CDKL3_+_133702827.23-P2	1298	1	1464	1
CDKL3_+_133702841.23-P2	5119	3	1518	2
CDKL3_+_133706658.23-P1	1225	1	1718	3235
CDKL3_+_133706664.23-P1	0	0	299	0
CDKL3_-_133702224.23-P2	0	0	124	0
CDKL3_-_133702889.23-P2	2	3	1626	3113
CDKL3_-_133706263.23-P1	0	0	167	0
CDKL3_-_133706274.23-P1	2851	1	629	1791
CDKL3_-_133706536.23-P1	1440	0	313	1
CDKL4_+_39456624.23-ENST00000378803.1,ENST00000395035.3	0	1	1103	0
CDKL4_+_39456634.23-ENST00000378803.1,ENST00000395035.3	1529	0	1885	0
CDKL4_-_39456218.23-ENST00000378803.1,ENST00000395035.3	996	3968	553	1
CDKL4_-_39456253.23-ENST00000378803.1,ENST00000395035.3	2680	2	1449	0
CDKL4_-_39456599.23-ENST00000378803.1,ENST00000395035.3	1474	5184	835	1
CDKL5_+_18443738.23-P1P2	1078	1158	949	820
CDKL5_+_18443786.23-P1P2	1102	2	507	0
CDKL5_+_18444159.23-P1P2	8	2	853	1865
CDKL5_-_18443804.23-P1P2	3480	2220	1131	537
CDKL5_-_18444186.23-P1P2	3118	2	366	1
CDKN1A_+_36646518.23-P1P2	1354	4007	2703	1823
CDKN1A_+_36646528.23-P1P2	5480	10347	2865	903
CDKN1A_-_36646538.23-P1P2	866	4238	2130	4682
CDKN1A_-_36646575.23-P1P2	4238	3	3046	1
CDKN1A_-_36646586.23-P1P2	2	1	1231	307
CDKN1B_+_12870313.23-P1P2	0	0	81	0
CDKN1B_+_12870316.23-P1P2	1365	4766	1618	1
CDKN1B_+_12870802.23-P1P2	11	5002	1404	0
CDKN1B_-_12870352.23-P1P2	1	0	233	0
CDKN1B_-_12870766.23-P1P2	5	6643	1542	0
CDKN1C_+_2906927.23-P1P2	12	9122	1374	2770
CDKN1C_+_2906930.23-P1P2	3600	7	2705	2
CDKN1C_+_2907024.23-P1P2	2105	4	201	1593
CDKN1C_-_2906542.23-P1P2	2345	1	1277	2171
CDKN1C_-_2906877.23-P1P2	4624	6329	1123	1678
CDKN2A_+_21974424.23-P2	0	0	59	0
CDKN2A_+_21974625.23-P2	1028	2	2238	2053
CDKN2A_+_21974671.23-P2	4	6	988	2423
CDKN2A_+_21994035.23-P1	1	2	910	0
CDKN2A_+_21994326.23-P1	3	1	821	1031
CDKN2A_+_21994362.23-P1	8	10051	2102	4
CDKN2A_+_21994383.23-P1	6	4141	1104	1708
CDKN2A_-_21974525.23-P2	5	2304	517	2
CDKN2A_-_21974795.23-P2	5338	4040	2222	1552
CDKN2A_-_21994389.23-P1	4430	0	1341	3
CDKN2B_+_22008827.23-P1P2	3334	641	1218	5915
CDKN2B_+_22008917.23-P1P2	6	5366	653	1
CDKN2B_+_22008932.23-P1P2	2238	5	171	5098
CDKN2B_+_22009247.23-P1P2	619	0	238	0
CDKN2B_+_22009282.23-P1P2	4098	7	2838	9552
CDKN2C_+_51434837.23-P2	1	1	1493	0
CDKN2C_+_51434858.23-P2	1	0	242	0
CDKN2C_+_51435928.23-P1	0	0	496	1
CDKN2C_+_51435933.23-P1	444	2	587	3961
CDKN2C_+_51435947.23-P1	1314	2	1461	1612
CDKN2C_-_51434505.23-P2	1540	3	827	1690
CDKN2C_-_51434601.23-P2	4	0	695	1800
CDKN2C_-_51434930.23-P2	6	0	614	2846
CDKN2C_-_51435973.23-P1	9	0	2457	3656
CDKN2C_-_51435981.23-P1	0	0	502	0
CDKN2D_+_10679551.23-P1P2	1	1	951	1201
CDKN2D_+_10679612.23-P1P2	1158	3	537	1
CDKN2D_+_10679629.23-P1P2	5	4	1232	685
CDKN2D_+_10679673.23-P1P2	6	5799	2605	1273
CDKN2D_-_10679219.23-P1P2	2005	6855	1124	5597
CDKN3_+_54863725.23-P1P2	921	7260	1229	3507
CDKN3_+_54864161.23-P1P2	2669	10618	3441	7
CDKN3_-_54863739.23-P1P2	1255	1	1074	1
CDKN3_-_54863776.23-P1P2	1783	9459	2696	6
CDKN3_-_54864170.23-P1P2	2	2	2688	0
CDO1_+_115151952.23-P1P2	1929	1	2015	1415
CDO1_-_115151890.23-P1P2	887	6353	1439	1976
CDO1_-_115151965.23-P1P2	2	2	575	793
CDO1_-_115152304.23-P1P2	0	0	680	2
CDO1_-_115152311.23-P1P2	7	8403	1335	4
CEACAM1_+_43025120.23-P2	1201	0	1706	1
CEACAM1_+_43025380.23-P2	1418	4511	511	4
CEACAM1_+_43025552.23-P2	0	0	0	0
CEACAM1_+_43032394.23-P1	633	0	874	1000
CEACAM1_+_43032520.23-P1	1533	1	666	2930
CEACAM1_-_43025183.23-P2	1293	1	544	2
CEACAM1_-_43025224.23-P2	3	1	344	2113
CEACAM1_-_43032561.23-P1	4	3108	1399	1033
CEACAM1_-_43032571.23-P1	0	0	0	0
CEACAM1_-_43032594.23-P1	1225	2	911	0
CEACAM5_+_42212565.23-P1P2	2418	7434	3549	6
CEACAM5_+_42212648.23-P1P2	2	4095	498	0
CEACAM5_+_42213012.23-P1P2	3617	3	1478	1270
CEACAM5_-_42212542.23-P1P2	2	2903	1011	5
CEACAM5_-_42212807.23-P1P2	5	5269	1725	3
CELA1_+_51740006.23-ENST00000293636.1	1664	1	575	0
CELA1_+_51740031.23-ENST00000293636.1	4177	5488	1924	2751
CELA1_+_51740172.23-ENST00000293636.1	1701	0	97	0
CELA1_+_51740445.23-ENST00000293636.1	5	4675	754	1662
CELA1_-_51740036.23-ENST00000293636.1	0	0	665	0
CELA2A_+_15783246.23-P1P2	3083	1	868	3
CELA2A_+_15783596.23-P1P2	4083	1	1419	1799
CELA2A_+_15783605.23-P1P2	0	0	626	0
CELA2A_+_15783609.23-P1P2	1202	0	1770	1
CELA2A_-_15783624.23-P1P2	537	2	765	0
CEL_+_135939882.23-P1P2	2	3	852	1662
CEL_+_135940196.23-P1P2	342	0	957	0
CEL_+_135940322.23-P1P2	1232	4	967	1
CEL_-_135939878.23-P1P2	1164	0	0	0
CEL_-_135939951.23-P1P2	1	0	66	0
CERKL_+_182521806.23-P1	369	4660	1487	1831
CERKL_+_182521818.23-P1	4194	1	838	1626
CERKL_+_182545155.23-P2	2	0	565	1509
CERKL_+_182545238.23-P2	4064	1753	2626	3966
CERKL_+_182545306.23-P2	596	4	348	1515
CERKL_+_182545337.23-P2	4495	3	2214	4316
CERKL_-_182521384.23-P1	5	0	1892	3709
CERKL_-_182521424.23-P1	1450	2	1325	2428
CERKL_-_182521656.23-P1	5634	8413	933	2591
CERKL_-_182545320.23-P2	1016	3949	1851	831
CERK_+_47133794.23-P1P2	2	3	1370	1866
CERK_+_47133805.23-P1P2	4955	2641	1750	1979
CERK_+_47134030.23-P1P2	0	0	218	0
CERK_+_47134113.23-P1P2	1269	2	2566	2
CERK_-_47134133.23-P1P2	1248	2349	1212	2
CES1_+_55866580.23-P1P2	2986	4828	1298	4
CES1_-_55866619.23-P1P2	1021	0	268	0
CES1_-_55866971.23-P1P2	2760	1	2071	6
CES1_-_55866975.23-P1P2	4	2383	1315	0
CES1_-_55866991.23-P1P2	1528	2	1162	0
CFB_+_31914158.23-P1P2	1597	4	361	1042
CFB_+_31914286.23-P1P2	0	0	484	0
CFB_-_31913896.23-P1P2	0	0	692	0
CFB_-_31913901.23-P1P2	1475	1	889	1812
CFB_-_31914221.23-P1P2	1488	1	371	1
CFD_+_859428.23-P1P2	0	0	233	0
CFD_+_859706.23-P1P2	1526	5724	1278	4
CFD_+_859721.23-P1P2	1253	2	1154	1437
CFD_-_859613.23-P1P2	0	1	556	0
CFD_-_860068.23-P1P2	2635	3	912	963
CFL1_+_65625628.23-P1P2	1223	1	286	0
CFL1_-_65625251.23-P1P2	0	1	580	0
CFL1_-_65625594.23-P1P2	0	0	149	0
CFL1_-_65625654.23-P1P2	1	1	813	0
CFL1_-_65625699.23-P1P2	4067	5001	823	2
CFTR_+_117120108.23-P1P2	2697	2167	1198	1
CFTR_+_117120117.23-P1P2	1413	2	1352	1403
CFTR_+_117120137.23-P1P2	0	0	233	1
CFTR_-_117120085.23-P1P2	1185	2	1022	1036
CFTR_-_117120156.23-P1P2	940	2	1093	0
CGA_+_87797914.23-P2	686	2345	3387	1281
CGA_+_87804729.23-P1	0	1	102	1
CGA_+_87804779.23-P1	0	0	0	0
CGA_-_87797547.23-P2	1	1	397	3992
CGA_-_87797847.23-P2	2	1	889	0
CGA_-_87797852.23-P2	1530	2889	2852	1886
CGA_-_87797940.23-P2	10	6696	2666	2007
CGA_-_87804516.23-P1	2294	1	1265	3
CGA_-_87804776.23-P1	581	0	886	0
CGA_-_87804788.23-P1	0	1	912	0
CHD1_+_98261781.23-P1P2	0	0	131	0
CHD1_+_98262046.23-P1P2	2	6286	4	4
CHD1_+_98262226.23-P1P2	0	0	169	0
CHD1_-_98261946.23-P1P2	0	0	49	0
CHD1_-_98262220.23-P1P2	0	0	283	0
CHEK1_+_125496255.23-P1P2	0	0	175	0
CHEK1_+_125496272.23-P1P2	0	1	129	0
CHEK1_+_125496278.23-P1P2	0	0	175	0
CHEK1_-_125495912.23-P1P2	0	0	0	0
CHEK1_-_125495934.23-P1P2	0	0	0	0
CHEK2_+_29137301.23-P1P2	1581	321	819	887
CHEK2_+_29137741.23-P1P2	4612	7	3802	1772
CHEK2_+_29137755.23-P1P2	1	3	1955	1664
CHEK2_+_29137765.23-P1P2	1415	0	1118	0
CHEK2_+_29138256.23-P1P2	2853	2	2299	1822
CHIA_+_111833460.23-P1P2	0	0	865	0
CHIA_+_111833487.23-P1P2	7	2109	2109	1832
CHIA_+_111833752.23-P1P2	2880	3	1310	1505
CHIA_-_111833513.23-P1P2	2644	5	1835	3416
CHIA_-_111833713.23-P1P2	2822	1	790	3
CHIT1_+_203198297.23-P1P2	1512	0	385	1
CHIT1_+_203198719.23-P1P2	3	0	836	0
CHIT1_-_203198582.23-P1P2	1601	2663	1521	1
CHIT1_-_203198733.23-P1P2	1495	2	1367	3077
CHIT1_-_203198778.23-P1P2	1475	2	1100	1289
CHKA_+_67888380.23-P1P2	1199	6881	3134	4
CHKA_-_67888411.23-P1P2	1522	3	2331	1922
CHKA_-_67888689.23-P1P2	1084	0	1037	0
CHKA_-_67888695.23-P1P2	1960	2	1523	1508
CHKA_-_67888823.23-P1P2	1966	5447	602	9127
CHKB_+_51021054.23-P1P2	694	2	782	2691
CHKB_+_51021203.23-P1P2	2419	2315	2382	0
CHKB_+_51021206.23-P1P2	2144	1	2014	2259
CHKB_+_51021247.23-P1P2	0	0	0	0
CHKB_-_51020899.23-P1P2	3	1	560	1264
CHM_+_85302314.23-P1P2	1	0	798	0
CHM_+_85302319.23-P1P2	3068	5349	240	488
CHM_+_85302486.23-P1P2	4	4014	261	2
CHM_+_85302529.23-P1P2	0	0	231	0
CHM_-_85302521.23-P1P2	0	0	282	0
CHRM1_+_62688731.23-P1P2	0	0	251	0
CHRM1_+_62688777.23-P1P2	3809	7229	3337	1970
CHRM1_+_62688793.23-P1P2	563	3	1718	1558
CHRM1_+_62688821.23-P1P2	1544	2198	1193	0
CHRM1_-_62688831.23-P1P2	1590	4	725	4574
CHRM2_+_136553808.23-P1P2	2	0	879	1
CHRM2_+_136553913.23-P1P2	1461	1	1228	0
CHRM2_-_136553465.23-P1P2	3	1	2247	1912
CHRM2_-_136553479.23-P1P2	802	1	918	1
CHRM2_-_136553862.23-P1P2	1381	6617	1292	1932
CHRM4_+_46407764.23-P1P2	3179	3	1029	2406
CHRM4_+_46408072.23-P1P2	2	0	894	1528
CHRM4_+_46408103.23-P1P2	1611	4	1053	0
CHRM4_+_46408115.23-P1P2	2	1	2514	789
CHRM4_-_46408121.23-P1P2	1	1	1453	0
CHRM5_+_34260704.23-P1P2	1	1	479	1
CHRM5_+_34261127.23-P1P2	1626	3173	867	3621
CHRM5_+_34261170.23-P1P2	0	2401	102	1
CHRM5_+_34261347.23-P1P2	0	0	0	0
CHRM5_-_34261117.23-P1P2	1331	1	719	0
CHRNA10_+_3692257.23-ENST00000250699.2	1	2	385	1334
CHRNA10_-_3692563.23-ENST00000250699.2	3591	5	2032	1950
CHRNA10_-_3692566.23-ENST00000250699.2	2574	78	2355	1944
CHRNA10_-_3692605.23-ENST00000250699.2	1205	1	199	1569
CHRNA10_-_3692638.23-ENST00000250699.2	885	0	1364	1372
CHRNA1_+_175628734.23-P1P2	6	0	1828	1209
CHRNA1_+_175629161.23-P1P2	2726	6	2222	5682
CHRNA1_-_175628781.23-P1P2	0	0	161	1
CHRNA1_-_175629142.23-P1P2	4753	2993	580	806
CHRNA1_-_175629149.23-P1P2	2070	2163	853	2
CHRNA2_+_27336305.23-P1P2	0	0	148	0
CHRNA2_+_27336330.23-P1P2	0	0	443	1
CHRNA2_-_27336407.23-P1P2	3	2	808	2052
CHRNA2_-_27336502.23-P1P2	0	0	386	0
CHRNA2_-_27336543.23-P1P2	1	0	876	2259
CHRNA3_+_78912882.23-P1P2	5728	4258	1328	2522
CHRNA3_+_78913131.23-P1P2	3868	4	3294	3557
CHRNA3_+_78913301.23-P1P2	2474	8004	2768	1409
CHRNA3_-_78912872.23-P1P2	331	1938	2042	2
CHRNA3_-_78913435.23-P1P2	1471	6	2419	1456
CHRNA4_+_61992225.23-P1P2	1	2	2053	1355
CHRNA4_+_61992566.23-P1P2	2707	3	1247	1
CHRNA4_+_61992587.23-P1P2	547	1	1117	3746
CHRNA4_+_61992626.23-P1P2	4396	3	1538	3
CHRNA4_+_61992634.23-P1P2	3288	4	1259	1942
CHRNA5_+_78857876.23-P1P2	6	0	384	2829
CHRNA5_+_78857951.23-P1P2	1342	2	1409	0
CHRNA5_-_78857911.23-P1P2	4224	2	1672	1026
CHRNA5_-_78857914.23-P1P2	3813	6927	2222	2012
CHRNA5_-_78857923.23-P1P2	0	0	139	0
CHRNA6_-_42623374.23-P1P2	2326	5	320	2047
CHRNA6_-_42623377.23-P1P2	2	1	544	1695
CHRNA6_-_42623731.23-P1P2	1157	6	1205	3764
CHRNA6_-_42623756.23-P1P2	800	0	396	1
CHRNA6_-_42623769.23-P1P2	3	1731	1001	1749
CHRNA7_+_32322752.23-P1P2	2503	9167	2349	1425
CHRNA7_+_32322912.23-P1P2	1084	0	68	0
CHRNA7_+_32323079.23-P1P2	0	0	228	0
CHRNA7_+_32323159.23-P1P2	1309	1	1599	1945
CHRNA7_-_32323125.23-P1P2	969	1539	1564	3636
CHRNA9_+_40337357.23-P1P2	1	0	104	1668
CHRNA9_+_40337570.23-P1P2	3075	9290	585	1211
CHRNA9_+_40337768.23-P1P2	0	0	344	0
CHRNA9_-_40337393.23-P1P2	5261	5558	1443	3887
CHRNA9_-_40337555.23-P1P2	0	0	269	0
CHRNB1_-_7348409.23-P1P2	2680	1	1862	2
CHRNB1_-_7348458.23-P1P2	7166	4715	2706	3674
CHRNB1_-_7348808.23-P1P2	7	6556	486	3
CHRNB1_-_7348837.23-P1P2	2	0	536	0
CHRNB1_-_7348933.23-P1P2	1	0	586	0
CHRNB2_+_154540730.23-P1P2	4931	9	757	1779
CHRNB2_-_154540333.23-P1P2	4	6	712	2279
CHRNB2_-_154540371.23-P1P2	3844	4265	1954	2
CHRNB2_-_154540703.23-P1P2	1326	7210	899	1930
CHRNB2_-_154540770.23-P1P2	501	0	935	2
CHRNB3_+_42552570.23-P1P2	0	0	260	1
CHRNB3_+_42552721.23-P1P2	0	1	360	1745
CHRNB3_-_42552516.23-P1P2	0	0	466	0
CHRNB3_-_42552534.23-P1P2	2813	4	2037	1489
CHRNB3_-_42552810.23-P1P2	7	2	1834	6740
CHRNB4_+_78933119.23-P1P2	2	5113	728	5
CHRNB4_+_78933497.23-P1P2	2496	3	1712	3537
CHRNB4_+_78933530.23-P1P2	3	3151	1553	3651
CHRNB4_+_78933567.23-P1P2	3530	1	1726	2
CHRNB4_-_78933202.23-P1P2	1704	1	944	1
CHRND_-_233390895.23-P1P2	1172	2	915	1720
CHRND_-_233390918.23-P1P2	1052	2	1585	3
CHRND_-_233390951.23-P1P2	3	2097	1280	507
CHRND_-_233391275.23-P1P2	1071	1	1443	69
CHRND_-_233391333.23-P1P2	835	2	619	0
CHRNE_+_4806299.23-P1P2	4606	7	1789	3318
CHRNE_-_4805906.23-P1P2	523	2308	672	1
CHRNE_-_4805971.23-P1P2	0	0	394	0
CHRNE_-_4806328.23-P1P2	2497	9057	992	4
CHRNE_-_4806409.23-P1P2	0	0	1175	0
CHRNG_+_233404878.23-P1P2	4047	14041	1070	3
CHRNG_-_233404465.23-P1P2	1468	4	336	2
CHRNG_-_233404525.23-P1P2	1598	2	1450	1643
CHRNG_-_233404859.23-P1P2	1040	0	1320	1836
CHRNG_-_233404863.23-P1P2	0	0	150	0
CHUK_+_101988955.23-P1P2	514	2339	1636	1648
CHUK_+_101989308.23-P1P2	2726	2569	412	2
CHUK_+_101989317.23-P1P2	4597	5	1159	2418
CHUK_-_101989292.23-P1P2	2	1636	1821	1
CHUK_-_101989295.23-P1P2	3126	1	959	1519
CIB2_+_78423551.23-P1P2	2236	2	1566	1
CIB2_+_78423672.23-P1P2	1228	1	1890	2051
CIB2_-_78423608.23-P1P2	2496	1	1018	2109
CIB2_-_78423715.23-P1P2	845	5464	1496	3153
CIB2_-_78423718.23-P1P2	1	0	849	0
CIB3_+_16284224.23-ENST00000269878.4	1	0	1018	0
CIB3_+_16284300.23-ENST00000269878.4	0	0	90	0
CIB3_-_16284159.23-ENST00000269878.4	1051	4448	884	1574
CIB3_-_16284312.23-ENST00000269878.4	728	2	1716	1009
CIB3_-_16284326.23-ENST00000269878.4	833	0	1563	3276
CINP_+_102829149.23-P1P2	0	6	320	1720
CINP_+_102829180.23-P1P2	1	0	247	0
CINP_-_102829164.23-P1P2	0	0	0	0
CINP_-_102829679.23-P1P2	1369	2707	1949	2176
CINP_-_102829702.23-P1P2	7	11236	436	573
CIT_+_120315063.23-P1P2	1	2955	1097	1
CIT_+_120315100.23-P1P2	3	1	1030	1847
CIT_+_120315103.23-P1P2	2	0	840	3156
CIT_-_120314748.23-P1P2	2265	3	976	2176
CIT_-_120314912.23-P1P2	1496	9726	657	912
CKB_+_103988681.23-P1P2	3462	2606	3406	3029
CKB_+_103989130.23-P1P2	1773	2	2049	2592
CKB_+_103989134.23-P1P2	2704	6	2249	1226
CKB_-_103988726.23-P1P2	1	0	2310	1
CKB_-_103988769.23-P1P2	4186	7	1325	5580
CKMT1A_+_43985088.23-ENST00000434505.1	4487	5	682	1530
CKMT1A_+_43986155.23-ENST00000413453.2	3673	6674	1026	1694
CKMT1A_+_43986181.23-ENST00000413453.2	1057	5636	827	2518
CKMT1A_+_43986191.23-ENST00000413453.2	0	0	184	0
CKMT1A_-_43985147.23-ENST00000434505.1	1618	890	257	1
CKMT1A_-_43985155.23-ENST00000434505.1	0	0	317	0
CKMT1A_-_43985329.23-ENST00000434505.1	1128	0	1355	0
CKMT1A_-_43985510.23-ENST00000434505.1	1500	0	1289	0
CKMT1A_-_43985748.23-ENST00000413453.2	1345	1	520	0
CKMT1A_-_43985782.23-ENST00000413453.2	1	0	212	0
CKMT1B_+_43885256.23-ENST00000300283.6	4487	5	682	1530
CKMT1B_+_43886076.23-ENST00000441322.1	3644	2	493	0
CKMT1B_+_43886104.23-ENST00000441322.1	1334	2	1096	3406
CKMT1B_+_43886110.23-ENST00000441322.1	2221	5	793	3011
CKMT1B_+_43886511.23-ENST00000441322.1	0	0	652	1
CKMT1B_-_43885315.23-ENST00000300283.6	1618	890	257	1
CKMT1B_-_43885323.23-ENST00000300283.6	0	0	317	0
CKMT1B_-_43885497.23-ENST00000300283.6	1128	0	1355	0
CKMT1B_-_43885678.23-ENST00000300283.6	1500	0	1289	0
CKMT1B_-_43886093.23-ENST00000441322.1	0	0	607	3
CKMT2_+_80529359.23-P1P2	1088	5	2706	4304
CKMT2_-_80529188.23-P1P2	10	4759	1466	1713
CKMT2_-_80529200.23-P1P2	2880	1357	1620	5
CKMT2_-_80529327.23-P1P2	1306	3	1003	1704
CKMT2_-_80529402.23-P1P2	769	15920	993	2098
CKM_+_45822546.23-P2	3372	7411	1066	1228
CKM_+_45822549.23-P2	0	1	2256	1
CKM_+_45822737.23-P2	2030	3204	1505	1836
CKM_+_45825712.23-P1	3	0	1926	550
CKM_+_45825893.23-P1	862	2369	727	1
CKM_+_45826067.23-P1	5317	1	1777	2296
CKM_-_45822967.23-P2	1377	2	962	3545
CKM_-_45822996.23-P2	1086	0	894	1658
CKM_-_45825740.23-P1	2515	2413	1866	4
CKM_-_45826086.23-P1	1410	2	1715	2
CKS2_+_91925760.23-P1P2	1611	5249	1009	4
CKS2_+_91925796.23-P1P2	3213	3	1658	1707
CKS2_+_91926515.23-P1P2	6577	5	1705	5
CKS2_-_91926343.23-P1P2	1271	0	113	0
CKS2_-_91926551.23-P1P2	1320	3387	331	1
CLCN2_+_184078983.23-P1P2	1610	6	767	0
CLCN2_+_184079046.23-P1P2	6786	6	2450	4261
CLCN2_+_184079122.23-P1P2	1	0	486	1715
CLCN2_-_184079183.23-P1P2	3455	3776	3897	5
CLCN2_-_184079348.23-P1P2	2144	2	2852	2856
CLCNKA_+_16349005.23-P2	1	0	701	0
CLCNKA_+_16355002.23-P1	3650	5776	1656	3524
CLCNKA_+_16355040.23-P1	0	0	0	0
CLCNKA_+_16355052.23-P1	1380	0	994	0
CLCNKA_+_16355070.23-P1	1	2976	549	0
CLCNKA_-_16348573.23-P2	7	1527	884	5557
CLCNKA_-_16348583.23-P2	1803	2973	2076	899
CLCNKA_-_16348633.23-P2	1088	2246	715	3
CLCNKA_-_16348753.23-P2	1	2	1156	792
CLCNKA_-_16355446.23-P1	2505	2	597	2
CLC_+_40228273.23-P1P2	1470	2	1469	0
CLC_+_40228277.23-P1P2	0	1	705	1456
CLC_+_40228563.23-P1P2	1	0	1268	1
CLC_+_40228670.23-P1P2	821	0	369	0
CLC_-_40228442.23-P1P2	945	0	409	0
CLEC3B_+_45067786.23-P1P2	5143	2536	3280	2307
CLEC3B_+_45067835.23-P1P2	2985	5	1689	6155
CLEC3B_+_45068274.23-P1P2	1328	2	808	1
CLEC3B_-_45067791.23-P1P2	1837	6774	1624	1447
CLEC3B_-_45067868.23-P1P2	16	10664	1261	1452
CLK1_+_201728942.23-P1P2	3	1	1028	1
CLK1_+_201728945.23-P1P2	3250	4	969	1581
CLK1_+_201728988.23-P1P2	1114	15499	1503	1798
CLK1_-_201729161.23-P1P2	0	1	1098	1
CLK1_-_201729341.23-P1P2	719	5890	483	3
CLK2_+_155242888.23-P1P2	1415	6205	1031	0
CLK2_+_155243222.23-P1P2	2	1	1335	0
CLK2_+_155243267.23-P1P2	1328	2929	1669	1742
CLK2_+_155243270.23-P1P2	3510	1	923	0
CLK2_+_155243273.23-P1P2	0	0	367	0
CLK3_+_74890844.23-P2	5	5237	906	1
CLK3_+_74890865.23-P2	1193	1	2815	3404
CLK3_+_74908222.23-P1	0	1	276	1647
CLK3_+_74908403.23-P1	0	2	435	0
CLK3_+_74908610.23-P1	1050	5249	2482	1842
CLK3_-_74890853.23-P2	1	1	1517	0
CLK3_-_74890906.23-P2	1383	0	314	0
CLK3_-_74891315.23-P2	5	5187	129	2
CLK3_-_74908201.23-P1	0	0	222	0
CLK3_-_74908249.23-P1	3843	3788	1067	1787
CLK4_+_178053616.23-P1P2	2911	1	1768	1
CLK4_+_178054000.23-P1P2	5	4	3608	3344
CLK4_+_178054052.23-P1P2	0	0	576	0
CLK4_-_178053564.23-P1P2	3621	5810	2207	1518
CLK4_-_178053661.23-P1P2	1934	2	1571	1943
CLPB_+_72145177.23-P1P2	1183	4734	1137	1387
CLPB_+_72145509.23-P1P2	0	0	0	0
CLPB_+_72145538.23-P1P2	558	0	0	0
CLPB_+_72145548.23-P1P2	0	0	0	0
CLPB_-_72145578.23-P1P2	2	6044	680	6
CLPP_+_6361975.23-P1P2	1	1	341	0
CLPP_-_6361603.23-P1P2	0	0	236	1
CLPP_-_6361609.23-P1P2	1396	4	856	958
CLPP_-_6361738.23-P1P2	475	1258	1183	1718
CLPP_-_6361788.23-P1P2	1636	5381	1941	1490
CLPS_-_35765033.23-P1P2	0	0	122	0
CLPS_-_35765047.23-P1P2	1070	2	497	0
CLPS_-_35765053.23-P1P2	1455	2	838	1
CLPS_-_35765088.23-P1P2	2	0	726	0
CLPS_-_35765091.23-P1P2	1663	4	2117	5489
CLPX_+_65477605.23-P1P2	2	4554	401	0
CLPX_-_65477238.23-P1P2	1096	5083	2756	2997
CLPX_-_65477262.23-P1P2	1408	0	1024	2
CLPX_-_65477273.23-P1P2	0	1	530	0
CLPX_-_65477612.23-P1P2	2141	2	1887	2
CMA1_+_24977022.23-P1P2	0	1	278	1
CMA1_+_24977370.23-P1P2	0	2926	620	1
CMA1_-_24977003.23-P1P2	1031	0	1717	0
CMA1_-_24977210.23-P1P2	0	0	562	0
CMA1_-_24977472.23-P1P2	1039	2024	2681	1282
CMAS_-_22199180.23-P1P2	3404	4694	1550	3
CMAS_-_22199189.23-P1P2	2275	7252	1266	3793
CMAS_-_22199201.23-P1P2	2938	2833	653	4
CMAS_-_22199218.23-P1P2	1137	1	97	2
CMAS_-_22199637.23-P1P2	604	1	1030	1877
CMPK1_+_47799460.23-P1P2	543	5742	2430	2638
CMPK1_+_47799533.23-P1P2	867	1856	281	1812
CMPK1_+_47799577.23-P1P2	1564	0	859	1440
CMPK1_+_47799589.23-P1P2	1	4604	668	3
CMPK1_+_47799884.23-P1P2	1	1	1250	2
CNKSR1_+_26504044.23-P1P2	1	0	422	0
CNKSR1_+_26504060.23-P1P2	2978	5111	1401	0
CNKSR1_-_26504025.23-P1P2	1	0	248	0
CNKSR1_-_26504071.23-P1P2	2570	4108	1033	1999
CNKSR1_-_26504158.23-P1P2	0	0	0	0
CNKSR3_+_154831262.23-P1P2	7721	2	1587	3
CNKSR3_+_154831317.23-P1P2	0	0	60	0
CNKSR3_+_154831695.23-P1P2	1	3	1579	1330
CNKSR3_+_154831730.23-P1P2	1905	1	125	0
CNKSR3_+_154831733.23-P1P2	2229	6721	1424	1227
CNR1_+_88875608.23-P1P2	0	0	533	0
CNR1_+_88875611.23-P1P2	0	0	153	0
CNR1_+_88876040.23-P1P2	0	0	0	0
CNR1_+_88876049.23-P1P2	3081	4	2426	5947
CNR1_-_88875699.23-P1P2	4	9472	1324	3
CNR2_+_24239806.23-P1P2	1255	7149	1736	2
CNR2_+_24239813.23-P1P2	1271	1	2479	1575
CNR2_+_24239827.23-P1P2	1011	0	487	2
CNR2_-_24239369.23-P1P2	1401	5305	623	4
CNR2_-_24239824.23-P1P2	0	1	2038	2
COL2A1_+_48398243.23-P1P2	645	17069	2828	2377
COL2A1_-_48397828.23-P1P2	6	2207	1439	1
COL2A1_-_48398051.23-P1P2	8	5995	1029	4430
COL2A1_-_48398156.23-P1P2	4095	2656	1088	2516
COL2A1_-_48398202.23-P1P2	4826	4	3079	4507
COMP_+_18901612.23-P1P2	1293	2867	760	1914
COMP_-_18902064.23-P1P2	1136	2615	774	1805
COMP_-_18902079.23-P1P2	4	0	498	1718
COMP_-_18902082.23-P1P2	0	0	84	0
COMP_-_18902085.23-P1P2	0	0	137	0
COMTD1_+_76995169.23-P1P2	1687	1	567	1815
COMTD1_-_76995333.23-P1P2	109	0	1614	2
COMTD1_-_76995490.23-P1P2	1627	4	1451	1966
COMTD1_-_76995670.23-P1P2	2272	2	2100	1340
COMTD1_-_76995693.23-P1P2	2414	4	799	2
COX5A_+_75230394.23-P1P2	0	0	194	0
COX5A_-_75229980.23-P1P2	3	1013	1055	1713
COX5A_-_75230226.23-P1P2	0	0	755	0
COX5A_-_75230411.23-P1P2	1118	0	236	1
COX5A_-_75230432.23-P1P2	3	2	74	1885
COX5B_+_98262102.23-P1P2	0	0	0	0
COX5B_+_98262901.23-P1P2	3	5539	1757	4
COX5B_+_98262928.23-P1P2	2183	4638	2049	1
COX5B_+_98262943.23-P1P2	0	0	866	1
COX5B_-_98262552.23-P1P2	2236	0	529	0
COX6A2_+_31439590.23-P1P2	2	3	1523	1863
COX6A2_-_31439172.23-P1P2	623	4	1975	3914
COX6A2_-_31439531.23-P1P2	0	0	1222	0
COX6A2_-_31439627.23-P1P2	0	0	214	0
COX6A2_-_31439650.23-P1P2	2	1	1047	1861
COX7A1_+_36643313.23-P1P2	2	3841	263	0
COX7A1_+_36643328.23-P1P2	0	0	678	0
COX7A1_+_36643337.23-P1P2	2	0	1	819
COX7A1_+_36643347.23-P1P2	550	6	1760	947
COX7A1_+_36643368.23-P1P2	1	1	868	1
COX7B_+_77155209.23-P1P2	2	0	418	0
COX7B_+_77155376.23-P1P2	1744	3539	619	1
COX7B_+_77155383.23-P1P2	1	0	183	0
COX7B_-_77155002.23-P1P2	1	0	97	1
COX7B_-_77155090.23-P1P2	1788	2465	530	2
COX7C_+_85913816.23-P1P2	0	0	376	0
COX7C_+_85913832.23-P1P2	4	1	830	1884
COX7C_+_85914209.23-P1P2	0	0	0	0
COX7C_-_85913960.23-P1P2	0	1	460	0
COX7C_-_85914143.23-P1P2	0	0	437	0
COX8A_+_63742101.23-P1P2	29	1	1167	0
COX8A_+_63742123.23-P1P2	1609	1	699	3
COX8A_+_63742147.23-P1P2	3	0	1670	0
COX8A_+_63742472.23-P1P2	4565	1	913	4
COX8A_+_63742532.23-P1P2	1	0	779	1
CPA1_+_130020387.23-P1P2	8	5134	2924	1
CPA1_+_130020777.23-P1P2	0	0	0	0
CPA1_-_130020369.23-P1P2	928	1	1279	1
CPA1_-_130020579.23-P1P2	8	0	220	0
CPA1_-_130020584.23-P1P2	1	1	932	1
CPB1_+_148545587.23-P1P2	864	0	869	1
CPB1_+_148546004.23-P1P2	1	1	485	0
CPB1_+_148546025.23-P1P2	1185	0	672	0
CPB1_-_148545616.23-P1P2	1679	0	68	0
CPB1_-_148545662.23-P1P2	1	1	690	1504
CPD_+_28705973.23-P1P2	4526	8	2949	6773
CPD_+_28706022.23-P1P2	2821	2445	1419	2940
CPD_-_28705985.23-P1P2	2350	2456	826	1
CPD_-_28706001.23-P1P2	6	3615	642	1403
CPD_-_28706033.23-P1P2	4024	2407	2627	4900
CPE_+_166300703.23-P1P2	1	3	979	784
CPE_-_166300245.23-P1P2	2195	6	1743	2669
CPE_-_166300260.23-P1P2	0	0	307	0
CPE_-_166300264.23-P1P2	870	3	1119	1663
CPE_-_166300607.23-P1P2	3879	1	1930	0
CPO_+_207804343.23-P1P2	1503	2	561	1588
CPO_+_207804464.23-P1P2	1	1	594	0
CPO_+_207804482.23-P1P2	3	5568	230	0
CPO_-_207804267.23-P1P2	782	0	350	0
CPO_-_207804391.23-P1P2	1440	2606	1711	1932
CPS1_+_211421342.23-P1P2	1454	1	1017	0
CPS1_+_211421360.23-P1P2	671	0	230	1
CPS1_+_211421556.23-P1P2	2301	3	1565	2184
CPS1_+_211421710.23-P1P2	2	5011	283	3
CPS1_+_211421724.23-P1P2	2814	3	562	1841
CPT2_+_53662504.23-P1P2	0	0	741	1
CPT2_-_53662475.23-P1P2	4	0	1517	1328
CPT2_-_53662531.23-P1P2	2	2535	2413	1
CPT2_-_53662544.23-P1P2	1126	2546	1564	1
CPT2_-_53662888.23-P1P2	1615	0	2131	3
CP_+_148939169.23-P1P2	3312	2327	342	1
CP_+_148939524.23-P1P2	0	0	235	0
CP_+_148939586.23-P1P2	0	0	395	1
CP_-_148939198.23-P1P2	789	3	701	2083
CP_-_148939201.23-P1P2	0	0	230	0
CRAT_+_131872466.23-P1P2	0	1	1171	1513
CRAT_+_131872612.23-P1P2	1	1	1711	0
CRAT_+_131872945.23-P1P2	2080	4629	1438	110
CRAT_-_131872671.23-P1P2	0	1124	682	1
CRAT_-_131872684.23-P1P2	98	1	2036	3417
CRB2_+_126118494.23-P1	7	3881	1292	1360
CRB2_+_126118497.23-P1	1613	1	1516	0
CRB2_+_126118537.23-P1	363	273	226	1
CRB2_+_126131139.23-P2	1	2	1223	0
CRB2_-_126118533.23-P1	5844	4	2387	3349
CRB2_-_126118542.23-P1	5856	5945	2874	905
CRB2_-_126131078.23-P2	1	0	972	1291
CRB2_-_126131081.23-P2	4080	2056	1991	1536
CRB2_-_126131448.23-P2	1	1	540	1786
CRB2_-_126131454.23-P2	1016	0	1146	0
CRH_+_67090521.23-P1P2	905	1	564	1
CRH_-_67090243.23-P1P2	1274	4090	2483	6410
CRH_-_67090252.23-P1P2	1366	1	53	0
CRH_-_67090475.23-P1P2	2467	2135	1300	2257
CRH_-_67090591.23-P1P2	1173	1	1413	128
CROT_+_86974994.23-P1P2	0	0	608	0
CROT_+_86975004.23-P1P2	2	0	676	310
CROT_+_86975329.23-P1P2	896	0	764	0
CROT_+_86975420.23-P1P2	0	0	670	0
CROT_-_86975012.23-P1P2	1	0	476	0
CRP_+_159683917.23-P1P2	1322	4	2511	3929
CRP_+_159684375.23-P1P2	1495	0	567	2012
CRP_+_159684386.23-P1P2	1	0	404	0
CRP_-_159683185.23-P1P2	2904	2	1796	4
CRP_-_159684353.23-P1P2	2936	3	1322	4
CRYBB1_+_27013623.23-P1P2	2969	0	885	0
CRYBB1_+_27013674.23-P1P2	6	8785	1182	2
CRYBB1_+_27013939.23-P1P2	5	5024	473	4
CRYBB1_-_27013972.23-P1P2	2072	0	453	2
CRYBB1_-_27014053.23-P1P2	1	3	872	1054
CRYZ_+_75198714.23-P1P2	679	1	763	1759
CRYZ_-_75198250.23-P1P2	1195	1	1004	0
CRYZ_-_75198379.23-P1P2	1	0	650	0
CRYZ_-_75198654.23-P1P2	1402	0	612	1895
CRYZ_-_75198672.23-P1P2	5	3271	811	3
CSAD_+_53574198.23-P1P2	1494	5051	2357	4
CSAD_+_53574247.23-P1P2	1655	0	814	0
CSAD_+_53574400.23-P1P2	1197	1	834	186
CSAD_-_53574431.23-P1P2	0	0	0	0
CSAD_-_53574460.23-P1P2	2529	2	862	1
CSF1R_+_149466064.23-P1P2	8	7235	1260	1783
CSF1R_+_149466139.23-P1P2	2	2	325	1894
CSF1R_-_149465687.23-P1P2	2	2	1090	0
CSF1R_-_149465864.23-P1P2	912	0	587	1
CSF1R_-_149466077.23-P1P2	0	0	807	0
CSF2RA_+_1387764.23-P1P2	1734	1	486	2
CSF2RA_-_1387717.23-P1P2	1379	0	734	1
CSF2RA_-_1387742.23-P1P2	0	0	0	0
CSF2RA_-_1387770.23-P1P2	4544	2300	3250	421
CSF2RA_-_1388200.23-P1P2	0	0	212	0
CSF2RB_+_37309709.23-P1P2	2806	0	301	0
CSF2RB_+_37310056.23-P1P2	226	0	741	1
CSF2RB_-_37309724.23-P1P2	0	0	0	0
CSF2RB_-_37309900.23-P1P2	2396	6	1175	1889
CSF2RB_-_37309916.23-P1P2	1406	2	1062	1615
CSK_+_75074460.23-P1P2	1838	6487	1611	1753
CSK_+_75074463.23-P1P2	4010	4	2385	1268
CSK_+_75074484.23-P1P2	596	3901	1273	1279
CSK_+_75074850.23-P1P2	7	2997	2001	1891
CSK_+_75074929.23-P1P2	4390	3	728	4334
CSNK1A1L_+_37678717.23-P1P2	1094	0	606	0
CSNK1A1L_+_37679620.23-P1P2	864	3763	1069	1393
CSNK1A1L_+_37679715.23-P1P2	4304	9553	2366	5
CSNK1A1L_-_37679672.23-P1P2	1038	4744	2947	1378
CSNK1A1L_-_37679730.23-P1P2	1453	1	2703	1236
CSNK1A1_+_148930876.23-P1P2	0	0	86	0
CSNK1A1_+_148930955.23-P1P2	0	0	0	0
CSNK1A1_+_148930963.23-P1P2	0	0	0	0
CSNK1A1_+_148930972.23-P1P2	2502	3887	972	1
CSNK1A1_-_148930574.23-P1P2	0	0	169	0
CSNK1D_+_80230863.23-P1P2	2342	0	864	1715
CSNK1D_+_80230869.23-P1P2	0	0	887	0
CSNK1D_+_80231240.23-P1P2	2	1	595	3549
CSNK1D_+_80231268.23-P1P2	2	1	668	0
CSNK1D_-_80230878.23-P1P2	3710	4	2114	1767
CSNK1E_+_38712980.23-P1P2	3031	1	484	0
CSNK1E_+_38712985.23-P1P2	8	2520	1840	3214
CSNK1E_+_38713028.23-P1P2	1383	2660	1996	2
CSNK1E_+_38713240.23-P1P2	1562	4	2210	3793
CSNK1E_-_38712904.23-P1P2	1	1	1865	0
CSNK1G1_+_64647962.23-P1P2	3454	2	1242	1
CSNK1G1_+_64648259.23-P1P2	4333	4	1678	7845
CSNK1G1_-_64647905.23-P1P2	0	0	657	0
CSNK1G1_-_64647926.23-P1P2	3055	4369	3446	2
CSNK1G1_-_64648302.23-P1P2	0	0	721	0
CSNK1G2_+_1941499.23-P1P2	1495	0	1274	0
CSNK1G2_+_1941562.23-P1P2	822	2	1497	1457
CSNK1G2_+_1941626.23-P1P2	861	4560	2206	1622
CSNK1G2_-_1941178.23-P1P2	2710	3948	1836	1220
CSNK1G2_-_1941181.23-P1P2	2067	5	2031	2947
CSNK1G3_+_122848340.23-P1P2	4	0	2074	3400
CSNK1G3_-_122847913.23-P1P2	2	3	586	1871
CSNK1G3_-_122847968.23-P1P2	1188	1	1285	1984
CSNK1G3_-_122847980.23-P1P2	0	301	1240	603
CSNK1G3_-_122848041.23-P1P2	0	0	958	0
CSNK2A1_+_524079.23-P1P2	1452	1301	331	3
CSNK2A1_+_524305.23-P1P2	1641	1	323	1
CSNK2A1_-_524311.23-P1P2	1421	2	3404	2
CSNK2A1_-_524386.23-P1P2	0	1871	992	1
CSNK2A1_-_524399.23-P1P2	2	5076	447	2
CSNK2A2_+_58231580.23-P1P2	1	0	515	1909
CSNK2A2_-_58231975.23-P1P2	1476	2	1840	2
CSNK2A2_-_58232002.23-P1P2	2579	3	2120	3220
CSNK2A2_-_58232005.23-P1P2	1397	6339	1781	3387
CSNK2A2_-_58232041.23-P1P2	1058	0	649	0
CSNK2B_+_31633873.23-P1P2	1195	1	1700	3
CSNK2B_+_31633923.23-P1P2	1700	1	530	2
CSNK2B_-_31634048.23-P1P2	0	0	1059	0
CSNK2B_-_31634088.23-P1P2	1270	0	856	1
CSNK2B_-_31634099.23-P1P2	1593	6456	3540	1715
CS_+_56693610.23-P1P2	1640	2	649	1589
CS_+_56693700.23-P1P2	2	2	1140	1783
CS_+_56693703.23-P1P2	1531	2127	2231	2025
CS_+_56693904.23-P1P2	1448	3	267	2
CS_-_56694134.23-P1P2	0	0	198	0
CTDNEP1_+_7155258.23-P1P2	1501	2931	563	992
CTDNEP1_-_7154864.23-P1P2	1	0	838	72
CTDNEP1_-_7155050.23-P1P2	1917	4	2044	1304
CTDNEP1_-_7155071.23-P1P2	2594	2	776	2
CTDNEP1_-_7155271.23-P1P2	1102	3	1572	3
CTDP1_+_77439863.23-P1P2	1483	0	422	0
CTDP1_+_77439877.23-P1P2	603	2876	1420	4
CTDP1_-_77439825.23-P1P2	2750	0	785	2
CTDP1_-_77439836.23-P1P2	2267	1	1137	3206
CTDP1_-_77439882.23-P1P2	564	1	1977	1
CTDSP1_+_219264658.23-P1P2	1109	1	1204	1
CTDSP1_+_219264661.23-P1P2	2	0	421	1520
CTDSP1_+_219264682.23-P1P2	3338	3019	3100	972
CTDSP1_+_219264983.23-P1P2	0	3	1504	0
CTDSP1_-_219265044.23-P1P2	9	10192	1039	1451
CTDSP2_+_58240147.23-P1P2	0	0	571	0
CTDSP2_+_58240445.23-P1P2	3070	4717	2921	3204
CTDSP2_+_58240467.23-P1P2	1250	0	464	3
CTDSP2_+_58240671.23-P1P2	3	3489	138	2
CTDSP2_-_58240085.23-P1P2	1197	3	2310	1513
CTDSPL_+_37903425.23-P1P2	3	1	1861	1432
CTDSPL_+_37903820.23-P1P2	746	1804	1327	2952
CTDSPL_-_37903405.23-P1P2	4191	5156	1540	5911
CTDSPL_-_37903769.23-P1P2	3237	8525	1797	2932
CTDSPL_-_37903774.23-P1P2	2244	1	2027	4713
CTH_+_70876932.23-P1P2	1	4	2367	0
CTH_+_70876951.23-P1P2	1254	0	731	1
CTH_+_70876980.23-P1P2	2710	1	418	2
CTH_+_70876996.23-P1P2	0	0	340	0
CTH_-_70877335.23-P1P2	2867	0	1707	2
CTLA4_+_204732673.23-P1P2	0	0	700	0
CTLA4_-_204732544.23-P1P2	1644	1	1081	1382
CTLA4_-_204732923.23-P1P2	0	0	1142	1
CTLA4_-_204732957.23-P1P2	1513	2344	1679	1021
CTLA4_-_204733000.23-P1P2	0	1	722	0
CTNS_-_3540051.23-P1P2	1187	4	2040	1834
CTNS_-_3540066.23-P1P2	1398	3662	1108	1225
CTNS_-_3540097.23-P1P2	2546	4761	2252	4
CTNS_-_3540100.23-P1P2	671	0	731	0
CTNS_-_3540452.23-P1P2	571	2331	2984	0
CTRB1_+_75252936.23-P1P2	522	4	1285	1435
CTRB1_+_75252951.23-P1P2	0	0	63	1745
CTRB1_+_75252970.23-P1P2	1	1	1589	1
CTRB1_+_75253108.23-P1P2	2785	0	753	2
CTRB1_-_75252897.23-P1P2	3	1	658	1590
CTSF_+_66335640.23-P1P2	0	1500	676	0
CTSF_+_66335996.23-P1P2	2464	1	620	0
CTSF_+_66335999.23-P1P2	2528	2990	1331	3205
CTSF_+_66336004.23-P1P2	4076	2	1250	4451
CTSF_-_66336011.23-P1P2	650	7859	1534	3681
CTSG_+_25045383.23-P1P2	2913	0	1040	2
CTSG_+_25045445.23-P1P2	1250	4958	1019	4
CTSG_-_25045032.23-P1P2	472	0	647	0
CTSG_-_25045355.23-P1P2	1253	6807	1648	1319
CTSG_-_25045396.23-P1P2	2549	5956	1497	1847
CTSH_+_79237133.23-P1P2	0	0	0	0
CTSH_+_79237182.23-P1P2	0	0	89	0
CTSH_+_79237358.23-P1P2	748	4759	2254	906
CTSH_-_79237212.23-P1P2	1207	2152	1369	1
CTSH_-_79237366.23-P1P2	2	0	1666	2
CTSK_+_150780359.23-P1P2	0	0	231	0
CTSK_-_150780713.23-P1P2	1381	4955	752	2
CTSK_-_150780724.23-P1P2	2599	4578	1047	1659
CTSK_-_150780752.23-P1P2	3	2	710	1784
CTSK_-_150780800.23-P1P2	0	0	475	0
CTSL_+_90341065.23-P1	2424	2576	1774	3
CTSL_+_90341431.23-P1	2287	1	812	1552
CTSL_+_90342816.23-P2	556	2	1466	1
CTSL_+_90342836.23-P2	2825	3829	1829	3
CTSL_-_90341061.23-P1	3860	5358	1113	857
CTSL_-_90341070.23-P1	5032	5001	2426	5428
CTSL_-_90341450.23-P1	2995	987	1916	3
CTSL_-_90342596.23-P2	1285	1	59	1415
CTSL_-_90342644.23-P2	0	0	543	0
CTSL_-_90342824.23-P2	0	0	130	0
CTSS_+_150738182.23-P1P2	4761	3	1413	1968
CTSS_+_150738194.23-P1P2	0	0	0	0
CTSS_+_150738208.23-P1P2	0	0	339	0
CTSS_-_150737888.23-P1P2	1176	2307	130	1173
CTSS_-_150738222.23-P1P2	2	1458	476	1
CTSV_+_99801008.23-P1P2	11	8338	1987	5
CTSV_+_99801205.23-P1P2	3237	2	104	2
CTSV_+_99801412.23-P1P2	5	2487	1290	266
CTSV_-_99800937.23-P1P2	2706	2	1499	2
CTSV_-_99801856.23-P1P2	6210	3088	956	1828
CUBN_+_17171371.23-P1P2	0	0	445	0
CUBN_+_17171560.23-P1P2	0	1	375	0
CUBN_+_17171795.23-P1P2	1660	1	1306	0
CUBN_+_17171800.23-P1P2	5	2	340	2468
CUBN_-_17171723.23-P1P2	0	0	150	0
CUTA_+_33385267.23-P1P2	3	5	2459	3693
CUTA_+_33385646.23-P1P2	6	4406	2561	774
CUTA_+_33385660.23-P1P2	2308	2	1123	0
CUTA_-_33385272.23-P1P2	1148	1	444	0
CUTA_-_33385302.23-P1P2	2	2	251	1827
CXCL10_-_76944225.23-P1P2	3714	0	758	4
CXCL10_-_76944230.23-P1P2	2866	5	289	5
CXCL10_-_76944597.23-P1P2	3064	3	947	2
CXCL10_-_76944615.23-P1P2	4664	5332	1574	2084
CXCL10_-_76944661.23-P1P2	1686	1	363	0
CXCR1_+_219031625.23-P1P2	8329	3	2942	2
CXCR1_+_219031652.23-P1P2	3	0	861	1146
CXCR1_-_219031618.23-P1P2	1715	0	776	0
CXCR1_-_219031621.23-P1P2	4	5072	937	2
CXCR1_-_219031662.23-P1P2	1569	1	645	1725
CYB5A_+_71959106.23-P1P2	0	0	615	1500
CYB5A_+_71959187.23-P1P2	1584	1	1019	1
CYB5A_-_71958867.23-P1P2	4229	2	1833	0
CYB5A_-_71959191.23-P1P2	2	2	1669	3883
CYB5A_-_71959222.23-P1P2	3137	6021	1598	1286
CYB5B_-_69458558.23-P1P2	0	0	89	0
CYB5B_-_69458581.23-P1P2	2126	2	1082	2745
CYB5B_-_69458593.23-P1P2	1583	0	427	1
CYB5B_-_69458601.23-P1P2	1099	2	775	0
CYB5B_-_69458620.23-P1P2	1	0	151	651
CYB5R1_+_202936351.23-P1P2	3234	1836	2691	1517
CYB5R1_+_202936354.23-P1P2	1231	0	657	1777
CYB5R1_-_202935961.23-P1P2	2	1	1459	0
CYB5R1_-_202936137.23-P1P2	0	0	854	0
CYB5R1_-_202936337.23-P1P2	5389	2	708	3
CYC1_+_145150397.23-P1P2	2	0	440	0
CYC1_-_145149982.23-P1P2	0	0	0	0
CYC1_-_145150131.23-P1P2	1445	0	557	1
CYC1_-_145150142.23-P1P2	4	5584	317	3
CYC1_-_145150183.23-P1P2	920	2527	1475	2
CYGB_+_74533350.23-P1P2	2047	2	2327	2637
CYGB_+_74533414.23-P1P2	1	2	1011	1490
CYGB_+_74533557.23-P1P2	1652	0	2324	3
CYGB_-_74533364.23-P1P2	4367	5586	3947	567
CYGB_-_74533754.23-P1P2	2072	1	1376	1891
CYP2C18_+_96443542.23-P1P2	0	0	0	0
CYP2C18_+_96443673.23-P1P2	0	0	111	0
CYP2C18_+_96443678.23-P1P2	2	0	470	2510
CYP2C18_-_96443514.23-P1P2	0	0	451	2448
CYP2C18_-_96443670.23-P1P2	5	1	547	3402
CYP2C8_+_96829014.23-P1P2	3	3045	752	736
CYP2C8_+_96829078.23-P1P2	2	5766	1636	3
CYP2C8_-_96828869.23-P1P2	2	1	99	1733
CYP2C8_-_96828981.23-P1P2	1483	0	417	1
CYP2C8_-_96829141.23-P1P2	0	0	226	0
CYP2C9_+_96698676.23-P1P2	0	0	91	0
CYP2C9_+_96698778.23-P1P2	1	0	604	0
CYP2C9_-_96698454.23-P1P2	1341	1	517	2
CYP2C9_-_96698706.23-P1P2	3	0	1565	0
CYP2C9_-_96698919.23-P1P2	1	0	449	926
CYP2D6_+_42526470.23-P1P2	0	0	196	0
CYP2D6_+_42526787.23-P1P2	4	0	1024	1793
CYP2D6_+_42526794.23-P1P2	3863	3121	2361	2012
CYP2D6_-_42526481.23-P1P2	0	0	325	0
CYP2D6_-_42526814.23-P1P2	3716	5634	1598	3
CYP3A5_+_99277143.23-P1P2	7	5180	797	1957
CYP3A5_+_99277149.23-P1P2	1	0	459	0
CYP3A5_+_99277556.23-P1P2	3097	1371	1808	18
CYP3A5_+_99277628.23-P1P2	4	2	966	1777
CYP3A5_-_99277257.23-P1P2	590	0	602	0
CYP4A11_+_47406643.23-P1P2	3	5477	1582	1602
CYP4A11_+_47406647.23-P1P2	1	2706	474	1
CYP4A11_+_47406982.23-P1P2	0	0	513	0
CYP4A11_+_47407055.23-P1P2	195	1	1333	1025
CYP4A11_+_47407154.23-P1P2	1125	0	1297	0
CYSLTR1_+_77582557.23-P1P2	1	0	915	1
CYSLTR1_+_77582570.23-P1P2	1	0	1031	0
CYSLTR1_+_77583083.23-P1P2	0	0	109	0
CYSLTR1_-_77582695.23-P1P2	0	0	478	0
CYSLTR1_-_77583040.23-P1P2	0	0	192	0
CYSLTR2_+_49281226.23-ENST00000282018.3	2405	5659	335	539
CYSLTR2_+_49281378.23-ENST00000282018.3	1182	2	2236	2844
CYSLTR2_+_49281416.23-ENST00000282018.3	0	0	89	0
CYSLTR2_+_49281423.23-ENST00000282018.3	0	0	0	0
CYSLTR2_-_49281431.23-ENST00000282018.3	677	0	1212	0
CYTH2_+_48972662.23-P1P2	3784	12	2121	2014
CYTH2_-_48972593.23-P1P2	2	5933	700	2
CYTH2_-_48972650.23-P1P2	0	0	1518	1
CYTH2_-_48972707.23-P1P2	1463	0	873	338
CYTH2_-_48973064.23-P1P2	460	2	1358	1274
CYTH3_+_6311871.23-P1P2	6232	4499	1821	1470
CYTH3_+_6311923.23-P1P2	0	1	1371	0
CYTH3_+_6311994.23-P1P2	0	0	0	0
CYTH3_-_6312213.23-P1P2	4	5663	1870	1250
CYTH3_-_6312231.23-P1P2	1214	4975	1908	1719
DAO_+_109273872.23-P1P2	1728	1	2494	3552
DAO_+_109273913.23-P1P2	1	1	278	1632
DAO_+_109273929.23-P1P2	1077	4	876	1749
DAO_-_109273923.23-P1P2	0	0	0	0
DAO_-_109274296.23-P1P2	2361	0	1673	0
DAPK1_+_90112820.23-P1P2	1618	0	575	0
DAPK1_+_90112838.23-P1P2	10	8099	2730	5377
DAPK1_-_90112796.23-P1P2	1365	2	1544	1829
DAPK1_-_90112825.23-P1P2	761	5979	3125	2313
DAPK1_-_90112867.23-P1P2	4514	6520	4037	2
DAPK2_+_64338238.23-P1P2	1323	1	1302	1832
DAPK2_+_64338395.23-P1P2	2756	2616	1227	2
DAPK2_-_64338287.23-P1P2	4860	3	1850	2044
DAPK2_-_64338497.23-P1P2	2925	3364	2123	2
DAPK2_-_64338687.23-P1P2	1985	3	1189	2049
DAPK3_+_3970693.23-P1P2	1133	1	902	0
DAPK3_+_3971008.23-P1P2	2	2	849	23
DAPK3_+_3971028.23-P1P2	1187	2139	817	6038
DAPK3_-_3971041.23-P1P2	1	0	1989	1
DAPK3_-_3971045.23-P1P2	1	1	2317	1260
DAPP1_+_100738030.23-P1P2	4	1	830	2008
DAPP1_+_100738052.23-P1P2	762	4	1492	1598
DAPP1_-_100737993.23-P1P2	934	4	930	2687
DAPP1_-_100738017.23-P1P2	1576	1	845	0
DAPP1_-_100738024.23-P1P2	16	11739	1561	7
DARS2_+_173793647.23-P1P2	0	1	284	0
DARS2_+_173793665.23-P1P2	0	0	238	0
DARS2_+_173793774.23-P1P2	1634	0	159	0
DARS2_-_173793815.23-P1P2	1	0	544	0
DARS2_-_173793832.23-P1P2	1	2	442	758
DARS_+_136743129.23-P1P2	1404	1	1277	0
DARS_-_136743091.23-P1P2	3833	2	2511	0
DARS_-_136743104.23-P1P2	0	0	0	0
DARS_-_136743145.23-P1P2	2862	9338	856	3
DARS_-_136743164.23-P1P2	0	0	0	0
DBF4_+_87505817.23-P1P2	3642	1	1998	1
DBF4_+_87505826.23-P1P2	642	0	406	0
DBF4_+_87506208.23-P1P2	778	0	1627	2
DBF4_+_87506231.23-P1P2	0	1	735	1
DBF4_-_87505724.23-P1P2	7	3	946	3613
DBH_+_136501496.23-P1P2	1230	0	1230	1
DBH_+_136501500.23-P1P2	973	6413	1763	4806
DBH_+_136501863.23-P1P2	0	2	473	929
DBH_+_136501907.23-P1P2	1425	2	119	1763
DBH_-_136501544.23-P1P2	2854	1	1245	3
DBI_+_120124588.23-P1	1529	0	327	0
DBI_+_120124600.23-P1	1084	2219	950	5759
DBI_-_120124984.23-P1	0	0	409	0
DBI_-_120124997.23-P1	2994	2889	2166	1367
DBI_-_120125000.23-P1	2549	1	1918	1132
DBI_-_120125823.23-P2	5	5899	1464	2
DBI_-_120125842.23-P2	1534	0	2032	2780
DBI_-_120125881.23-P2	3	2950	134	1015
DBI_-_120126220.23-P2	3	4494	1097	0
DBI_-_120126235.23-P2	960	0	330	246
DCD_-_55041665.23-P1P2	1	2	586	1818
DCD_-_55041682.23-P1P2	1138	0	1839	2
DCD_-_55041698.23-P1P2	1	3	523	1838
DCD_-_55041900.23-P1P2	2262	4	455	1200
DCD_-_55042144.23-P1P2	0	0	126	0
DCK_+_71859153.23-P1P2	1682	2	1145	0
DCK_+_71859234.23-P1P2	0	1	463	1
DCK_+_71859804.23-P1P2	1635	1	1827	5165
DCK_-_71859323.23-P1P2	5817	3	2294	5230
DCK_-_71859688.23-P1P2	2226	1610	2472	2
DCLK1_+_36705061.23-ENST00000255448.4	2	4142	989	2
DCLK1_+_36705267.23-ENST00000255448.4	2	0	1550	0
DCLK1_+_36705270.23-ENST00000255448.4	3325	4	1921	0
DCLK1_+_36705492.23-ENST00000255448.4	616	2	349	0
DCLK1_-_36705511.23-ENST00000255448.4	0	0	720	1
DCLK2_+_151000068.23-P1P2	57	3	1884	5632
DCLK2_-_150999587.23-P1P2	2962	0	2110	3067
DCLK2_-_150999592.23-P1P2	5	1	983	2474
DCLK2_-_150999622.23-P1P2	951	1883	1933	3
DCLK2_-_150999968.23-P1P2	1478	2	599	1
DCLK3_+_36781225.23-P1P2	2738	0	408	1640
DCLK3_-_36781235.23-P1P2	5190	2	832	1965
DCLK3_-_36781240.23-P1P2	1	1	1406	894
DCLK3_-_36781293.23-P1P2	4	0	793	0
DCLK3_-_36781316.23-P1P2	1215	0	861	1
DCPS_-_126173845.23-P1P2	2	3608	178	0
DCPS_-_126173865.23-P1P2	0	0	588	0
DCPS_-_126174007.23-P1P2	0	0	142	0
DCPS_-_126174029.23-P1P2	3	0	992	1450
DCPS_-_126174186.23-P1P2	1	1	1	935
DCTD_+_183838462.23-P1P2	410	0	1719	1328
DCTD_+_183838478.23-P1P2	2	1580	1398	3420
DCTD_+_183838508.23-P1P2	2590	0	580	0
DCTD_-_183838133.23-P1P2	470	2	1385	1733
DCTD_-_183838536.23-P1P2	2445	1	643	2
DCXR_+_79995174.23-P1P2	1291	5795	1710	2
DCXR_+_79995501.23-P1P2	1415	1	2226	4
DCXR_+_79995505.23-P1P2	0	0	676	0
DCXR_-_79995537.23-P1P2	2	3	683	1718
DCXR_-_79995562.23-P1P2	2	1	802	0
DDAH1_+_85930405.23-P1P2	2739	1	824	1
DDAH1_+_85930831.23-P1P2	4	4096	1573	2
DDAH1_-_85930365.23-P1P2	4696	2778	1639	4
DDAH1_-_85930417.23-P1P2	1524	3931	1788	0
DDAH1_-_85930827.23-P1P2	2882	265	1330	1364
DDAH2_+_31697839.23-P1P2	5440	4799	2733	5036
DDAH2_-_31696730.23-P1P2	1487	3468	2354	7022
DDAH2_-_31697596.23-P1P2	4447	1	108	0
DDAH2_-_31697971.23-P1P2	0	0	858	0
DDAH2_-_31697994.23-P1P2	0	0	720	0
DDC_+_50632705.23-P1P2	853	5	906	3042
DDC_+_50633113.23-P1P2	771	1	776	2
DDC_+_50633123.23-P1P2	2600	3	966	1556
DDC_-_50632675.23-P1P2	1107	4331	1077	1074
DDC_-_50633079.23-P1P2	3	4	1420	1629
DDR1_+_30850728.23-P2	839	6	357	2002
DDR1_+_30850899.23-P2	1565	3	1181	3602
DDR1_+_30851171.23-P2	4856	3	523	3
DDR1_+_30852305.23-P1	3730	3	885	1385
DDR1_+_30852315.23-P1	4198	1	982	6
DDR1_+_30852745.23-P1	5934	5	1831	4
DDR1_-_30850727.23-P2	969	2367	2183	3449
DDR1_-_30850759.23-P2	0	0	392	0
DDR1_-_30852454.23-P1	4	2688	1612	901
DDR1_-_30852492.23-P1	1809	0	507	3
DDR2_+_162602272.23-P1P2	704	0	697	0
DDR2_+_162602286.23-P1P2	12	8967	1210	3246
DDR2_+_162602290.23-P1P2	2339	4272	1825	6
DDR2_+_162602592.23-P1P2	1	0	417	0
DDR2_-_162602245.23-P1P2	0	0	0	0
DDX39B_-_31509349.23-P1P2	0	0	142	0
DDX39B_-_31509735.23-P1P2	0	0	0	0
DDX39B_-_31509748.23-P1P2	0	0	0	0
DDX39B_-_31509751.23-P1P2	0	0	0	0
DDX39B_-_31509769.23-P1P2	0	0	0	0
DECR1_+_91013765.23-P1P2	3	5253	1145	1059
DECR1_-_91014077.23-P1P2	4435	5914	1658	2549
DECR1_-_91014106.23-P1P2	2692	2	956	1
DECR1_-_91014120.23-P1P2	0	0	660	0
DECR1_-_91014135.23-P1P2	2	0	1087	1879
DGKA_+_56324982.23-P1P2	6	2	1344	3657
DGKA_+_56325081.23-P1P2	0	0	0	0
DGKA_+_56325365.23-P1P2	1499	0	2074	4
DGKA_-_56325140.23-P1P2	1410	5	1060	3149
DGKA_-_56326234.23-P1P2	3	2158	2188	1
DGKB_+_14942616.23-P1P2	478	2	851	2110
DGKB_+_14942911.23-P1P2	1429	2685	1514	1
DGKB_+_14942915.23-P1P2	1986	5186	1374	1
DGKB_-_14942495.23-P1P2	485	2	1165	2415
DGKB_-_14942561.23-P1P2	2731	0	1078	3
DGKD_+_234263221.23-P1P2	1655	2253	1011	2796
DGKD_+_234263224.23-P1P2	5636	5	2265	3315
DGKD_-_234263173.23-P1P2	942	5	832	1492
DGKD_-_234263257.23-P1P2	1602	4866	1454	2
DGKD_-_234263522.23-P1P2	982	7624	1789	2851
DGKE_+_54911526.23-P1P2	1121	0	1369	1
DGKE_+_54911823.23-P1P2	2330	1	1172	2614
DGKE_+_54911838.23-P1P2	134	3009	599	0
DGKE_+_54911843.23-P1P2	3326	11761	1800	1163
DGKE_-_54911871.23-P1P2	4	2	1850	2933
DGKG_+_186079543.23-P1P2	1954	2	1114	1782
DGKG_+_186079624.23-P1P2	2917	1623	2224	6
DGKG_+_186079946.23-P1P2	1546	3	728	1469
DGKG_+_186079982.23-P1P2	3	1	504	2355
DGKG_-_186080016.23-P1P2	4	1	1132	3662
DGKH_+_42614250.23-P2	1034	5763	1339	5732
DGKH_+_42614259.23-P2	4	5151	331	1
DGKH_+_42614467.23-P2	2	2274	844	1
DGKH_+_42622843.23-P1	1151	1	1568	1843
DGKH_+_42622867.23-P1	6136	6	2724	1539
DGKH_-_42614236.23-P2	1422	2	1571	986
DGKH_-_42614276.23-P2	2	1	663	1674
DGKH_-_42622785.23-P1	993	1	2041	0
DGKH_-_42622801.23-P1	0	0	376	0
DGKH_-_42623106.23-P1	2718	2569	1179	3
DGKI_+_137531202.23-P1P2	1405	1	122	0
DGKI_+_137531206.23-P1P2	1262	1889	672	3378
DGKI_+_137531588.23-P1P2	6	0	645	3690
DGKI_-_137531157.23-P1P2	1319	3	660	1448
DGKI_-_137531574.23-P1P2	6221	1675	1887	4
DGKK_+_50213751.23-P1P2	11	4244	817	4143
DGKK_-_50213637.23-P1P2	4084	2	1237	3170
DGKK_-_50213743.23-P1P2	1140	1	1011	1
DGKK_-_50213780.23-P1P2	2940	4	2512	1414
DGKK_-_50213840.23-P1P2	0	0	258	2
DGKQ_+_966926.23-P1	2	0	715	0
DGKQ_+_967291.23-P1	2196	3	2015	3056
DGKQ_+_967322.23-P1	3370	4	999	3
DGKQ_+_967337.23-P1	4702	2	659	3
DGKQ_+_980664.23-P2	1301	0	1024	1428
DGKQ_+_980716.23-P2	823	5278	2146	2374
DGKQ_-_967335.23-P1	4842	4	2371	1215
DGKQ_-_980377.23-P2	0	0	10	0
DGKQ_-_980401.23-P2	1408	1547	274	5178
DGKQ_-_980679.23-P2	1525	1	1549	2
DGKZ_+_46369421.23-P1P2	0	0	0	0
DGKZ_+_46369445.23-P1P2	4311	2	1076	1695
DGKZ_-_46369028.23-P1P2	6	4	2333	4532
DGKZ_-_46369057.23-P1P2	2024	4404	1864	1893
DGKZ_-_46369488.23-P1P2	5	2	3035	1818
DGUOK_+_74154041.23-P1P2	3030	4	1344	1810
DGUOK_+_74154076.23-P1P2	0	0	336	0
DGUOK_+_74154214.23-P1P2	4	8	2508	1218
DGUOK_-_74153989.23-P1P2	0	1	191	0
DGUOK_-_74154035.23-P1P2	1532	2	2381	0
DHCR7_+_71159363.23-P1P2	2	2279	802	0
DHCR7_+_71159403.23-P1P2	1375	2	517	1
DHCR7_+_71159406.23-P1P2	2295	1	1093	1677
DHCR7_-_71158984.23-P1P2	0	0	146	0
DHCR7_-_71159000.23-P1P2	3	0	1208	0
DHFRL1_+_93781704.23-P1P2	1	2	2095	2
DHFRL1_+_93781711.23-P1P2	1254	1763	1058	2385
DHFRL1_+_93781714.23-P1P2	1605	1	736	3
DHFRL1_+_93781735.23-P1P2	3112	2	368	0
DHFRL1_-_93781340.23-P1P2	1495	5	1069	2483
DHODH_+_72049721.23-P2	6742	997	2054	3209
DHODH_+_72050082.23-P2	0	0	423	0
DHODH_-_72042655.23-P1	1	0	883	1
DHODH_-_72042659.23-P1	2663	3951	872	1650
DHODH_-_72042709.23-P1	7259	7	1376	2463
DHODH_-_72042714.23-P1	2	1	894	0
DHODH_-_72042728.23-P1	1	4003	563	0
DHODH_-_72049691.23-P2	8	8985	895	6
DHODH_-_72050053.23-P2	6	0	2753	452
DHODH_-_72050090.23-P2	1190	2105	1809	1952
DHPS_+_12792224.23-P1P2	4	2294	390	1925
DHPS_+_12792300.23-P1P2	2176	3	1445	2552
DHPS_+_12792543.23-P1P2	0	0	78	0
DHPS_+_12792611.23-P1P2	2877	7552	1621	1083
DHPS_-_12792690.23-P1P2	1585	4	547	3239
DHRS11_+_34948687.23-P1P2	0	0	0	0
DHRS11_+_34948809.23-P1P2	1226	1	373	0
DHRS11_-_34948321.23-P1P2	0	0	1764	0
DHRS11_-_34948355.23-P1P2	2	1	466	1710
DHRS11_-_34948705.23-P1P2	3622	3	1115	5
DHRS4L1_+_24506017.23-P1P2	724	3421	2160	4
DHRS4L1_+_24506061.23-P1P2	1448	2189	917	3
DHRS4L1_+_24506064.23-P1P2	2	0	1246	1940
DHRS4L1_+_24506110.23-P1P2	1420	3978	1530	4
DHRS4L1_-_24505684.23-P1P2	3	0	2135	1376
DHRS4L2_+_24458116.23-ENST00000382755.4	3	1	688	1275
DHRS4L2_+_24458437.23-ENST00000382755.4	1161	0	718	1560
DHRS4L2_+_24458467.23-ENST00000382755.4	747	1	1374	1644
DHRS4L2_-_24458057.23-ENST00000382755.4	1164	4831	1669	1768
DHRS4L2_-_24458131.23-ENST00000382755.4	1	3	696	0
DHRS4_+_24422957.23-P1P2	0	0	281	0
DHRS4_+_24423319.23-P1P2	2	0	1011	1
DHRS4_+_24423363.23-P1P2	1	0	459	758
DHRS4_-_24423009.23-P1P2	2	0	851	2
DHRS4_-_24423338.23-P1P2	1742	2	475	1
DLAT_+_111896129.23-P1P2	0	0	0	0
DLAT_+_111896480.23-P1P2	0	0	228	0
DLAT_+_111896544.23-P1P2	1572	1	252	0
DLAT_-_111896155.23-P1P2	0	0	0	0
DLAT_-_111896201.23-P1P2	1	0	429	0
DLD_+_107532066.23-P1P2	0	0	1047	1
DLD_-_107531631.23-P1P2	0	0	183	0
DLD_-_107531642.23-P1P2	0	0	0	0
DLD_-_107531670.23-P1P2	856	0	274	0
DLD_-_107531673.23-P1P2	0	5	109	0
DLG4_+_7108079.23-P2	621	3856	70	1
DLG4_+_7108461.23-P2	1220	3634	1955	2
DLG4_+_7108469.23-P2	3	2	2275	2883
DLG4_+_7120524.23-P1	1	3	163	2057
DLG4_+_7120527.23-P1	1227	0	124	1
DLG4_-_7108418.23-P2	1254	1	1027	3
DLG4_-_7108426.23-P2	192	3	1010	1811
DLG4_-_7120514.23-P1	0	0	40	0
DLG4_-_7120929.23-P1	1	5	3268	2
DLG4_-_7120934.23-P1	4206	5	1313	1535
DMPK_+_46285229.23-P1P2	4	2338	1185	0
DMPK_+_46285701.23-P1P2	6877	9	1197	3781
DMPK_-_46285333.23-P1P2	0	0	0	0
DMPK_-_46285540.23-P1P2	6458	5333	2155	5
DMPK_-_46285672.23-P1P2	1388	1	2398	1097
DNASE1_+_3704851.23-P1P2	2530	8214	1678	6
DNASE1_+_3704866.23-P1P2	1496	1	1428	1758
DNASE1_+_3705194.23-P1P2	8	1597	2500	2884
DNASE1_+_3705260.23-P1P2	6	5917	1089	65
DNASE1_-_3704881.23-P1P2	1464	6	1620	2003
DNPEP_+_220252560.23-P1P2	2	0	1211	0
DNPEP_+_220252581.23-P1P2	702	2038	1576	1680
DNPEP_+_220252606.23-P1P2	5	0	1064	1537
DNPEP_-_220252268.23-P1P2	1228	0	586	1808
DNPEP_-_220252618.23-P1P2	1002	3428	586	1630
DNTT_+_98064245.23-P1P2	685	1	488	0
DNTT_+_98064251.23-P1P2	323	1761	846	2
DNTT_+_98064273.23-P1P2	0	1	1196	2
DNTT_-_98064235.23-P1P2	1279	1	223	0
DNTT_-_98064304.23-P1P2	1074	0	321	0
DOK1_+_74781491.23-P1P2	1905	3	1703	1699
DOK1_+_74781500.23-P1P2	1330	4	1381	3839
DOK1_-_74781509.23-P1P2	1	2	679	1832
DOK1_-_74781904.23-P1P2	798	1	2370	1860
DOK1_-_74782111.23-P1P2	2715	6207	1151	4
DOLPP1_+_131843438.23-P1P2	2240	2	1352	1664
DOLPP1_+_131843452.23-P1P2	1357	4	2139	2188
DOLPP1_-_131843423.23-P1P2	2376	1	892	3385
DOLPP1_-_131843451.23-P1P2	2095	0	917	0
DOLPP1_-_131843622.23-P1P2	0	0	635	2
DPEP1_+_89680095.23-P2	2081	1610	3364	529
DPEP1_+_89680572.23-P2	0	0	0	0
DPEP1_+_89696684.23-P1	0	2	1211	0
DPEP1_+_89696690.23-P1	2	1	1340	0
DPEP1_+_89696743.23-P1	7	4203	2062	3
DPEP1_+_89696906.23-P1	515	5776	790	1
DPEP1_-_89680046.23-P2	3372	3457	1235	3109
DPEP1_-_89680073.23-P2	86	1464	2268	1592
DPEP1_-_89680121.23-P2	1	2411	891	3
DPEP1_-_89696965.23-P1	0	1	282	0
DPH5_+_101490943.23-P1P2	3	1	1162	1595
DPH5_+_101491288.23-P1P2	1284	3	1217	1381
DPH5_-_101490901.23-P1P2	1	0	832	0
DPH5_-_101491256.23-P1P2	2	0	920	0
DPH5_-_101491365.23-P1P2	1428	2	2944	2016
DPP4_+_162930180.23-P1P2	0	0	387	1
DPP4_+_162930574.23-P1P2	644	3937	1225	1642
DPP4_-_162930173.23-P1P2	0	0	98	0
DPP4_-_162930550.23-P1P2	1070	0	912	1
DPP4_-_162930554.23-P1P2	3944	3	2241	1616
DPP6_-_153750142.23-ENST00000377770.3	1258	4598	1163	2
DPP6_-_153750145.23-ENST00000377770.3	299	4723	1239	1430
DPP6_-_153750172.23-ENST00000377770.3	5605	3	1607	1485
DPP6_-_153750222.23-ENST00000377770.3	3509	2	2643	4
DPP6_-_153750330.23-ENST00000377770.3	3	0	608	3761
DRD1_+_174870696.23-P1P2	2604	5334	1383	6
DRD1_+_174870700.23-P1P2	0	0	147	0
DRD1_+_174871080.23-P1P2	2345	0	801	1
DRD1_+_174871119.23-P1P2	3049	2224	737	0
DRD1_-_174871153.23-P1P2	2975	4822	1114	3
DRD2_+_113345655.23-P1P2	3800	13096	2364	1306
DRD2_+_113345727.23-P1P2	5	1	894	1877
DRD2_+_113345743.23-P1P2	3	0	1600	1
DRD2_-_113345666.23-P1P2	0	0	246	0
DRD2_-_113345669.23-P1P2	648	2410	1755	1
DRD3_+_113897246.23-P1P2	0	0	0	0
DRD3_+_113897531.23-P1P2	2	0	228	0
DRD3_+_113897698.23-P1P2	0	0	272	0
DRD3_+_113897708.23-P1P2	0	0	201	0
DRD3_-_113897274.23-P1P2	5	0	376	1914
DRD4_+_637505.23-P1P2	2173	2	1248	1807
DRD4_+_637546.23-P1P2	0	0	316	0
DRD4_+_637647.23-P1P2	1109	5282	936	2
DRD4_+_637674.23-P1P2	6	5572	155	1714
DRD4_+_637851.23-P1P2	2828	3	467	2
DRD5_+_9783346.23-P1P2	1394	3	1319	1639
DRD5_+_9783764.23-P1P2	1631	1	1448	2
DRD5_+_9783903.23-P1P2	0	1	363	0
DRD5_-_9783675.23-P1P2	0	1	632	1
DRD5_-_9783776.23-P1P2	1457	0	1077	1
DSTN_+_17550778.23-P1P2	499	1	996	1711
DSTN_+_17551017.23-P1P2	1038	1	194	1753
DSTN_+_17551106.23-P1P2	628	0	1409	1432
DSTN_+_17551118.23-P1P2	0	0	229	0
DSTN_-_17550792.23-P1P2	3148	3	2136	2737
DSTYK_+_205180408.23-P1P2	2156	8037	4321	1074
DSTYK_+_205180637.23-P1P2	2862	6	2019	4157
DSTYK_+_205180672.23-P1P2	2113	0	1746	1544
DSTYK_-_205180469.23-P1P2	2	0	771	0
DSTYK_-_205180561.23-P1P2	0	0	743	1
DTYMK_+_242626160.23-P1P2	0	0	314	0
DTYMK_+_242626164.23-P1P2	0	1	230	1284
DTYMK_+_242626181.23-P1P2	2101	3668	1179	4
DTYMK_+_242626191.23-P1P2	1419	0	317	0
DTYMK_+_242626194.23-P1P2	627	0	1698	0
DUSP10_+_221914980.23-P1P2	1	1	1522	2
DUSP10_+_221915343.23-P1P2	0	0	125	0
DUSP10_+_221915358.23-P1P2	2	0	333	0
DUSP10_+_221915387.23-P1P2	4	1	1447	1408
DUSP10_-_221915401.23-P1P2	897	0	1148	1
DUSP11_+_74007021.23-P1P2	2428	5	1222	1212
DUSP11_+_74007168.23-P1P2	1	2959	454	1
DUSP11_+_74007204.23-P1P2	2444	1	814	1147
DUSP11_+_74007207.23-P1P2	4343	2	2431	1375
DUSP11_-_74007156.23-P1P2	1156	3744	3339	6
DUSP12_+_161719571.23-P1P2	4	4004	704	709
DUSP12_+_161719608.23-P1P2	1	1	824	2
DUSP12_+_161719994.23-P1P2	932	4	1242	1
DUSP12_-_161719619.23-P1P2	0	0	293	0
DUSP12_-_161719818.23-P1P2	0	0	679	0
DUSP13_+_76868493.23-P1P2	2793	3	534	1
DUSP13_+_76868578.23-P1P2	1694	0	212	795
DUSP13_+_76868587.23-P1P2	748	1	230	0
DUSP13_+_76868592.23-P1P2	6653	4	2739	1917
DUSP13_+_76868735.23-P1P2	9	0	1507	3273
DUSP14_+_35850028.23-P1	2181	5103	2331	4641
DUSP14_+_35850061.23-P1	1126	1	1443	1335
DUSP14_+_35850412.23-P1	1144	2	2439	1589
DUSP14_+_35850421.23-P1	0	0	358	1
DUSP14_+_35851647.23-P2	0	0	443	0
DUSP14_+_35851655.23-P2	4	1	462	1793
DUSP14_+_35852026.23-P2	0	0	0	0
DUSP14_-_35850145.23-P1	1271	4548	1153	2
DUSP14_-_35851878.23-P2	636	5524	1604	1924
DUSP14_-_35852044.23-P2	1	3	1312	1360
DUSP15_-_30457626.23-P1P2	0	0	103	0
DUSP15_-_30457629.23-P1P2	1	0	361	0
DUSP15_-_30457650.23-P1P2	3	3	1793	1804
DUSP15_-_30458018.23-P1P2	5010	2003	1683	2920
DUSP15_-_30458031.23-P1P2	2	0	104	1381
DUSP16_+_12715747.23-P1P2	4638	2	1377	1567
DUSP16_+_12715774.23-P1P2	3	0	756	1
DUSP16_-_12715408.23-P1P2	1142	0	416	2
DUSP16_-_12715572.23-P1P2	765	5371	1929	3310
DUSP16_-_12715800.23-P1P2	2804	0	1660	1
DUSP18_+_31063779.23-P1P2	1	1	956	1
DUSP18_+_31063837.23-P1P2	2059	6400	2578	3
DUSP18_+_31063843.23-P1P2	0	0	1485	0
DUSP18_-_31063389.23-P1P2	3	0	230	1581
DUSP18_-_31063814.23-P1P2	1005	6	2225	2146
DUSP19_+_183943540.23-P1P2	1039	0	1906	739
DUSP19_+_183943556.23-P1P2	6	4677	124	3606
DUSP19_+_183943871.23-P1P2	1205	0	1164	1
DUSP19_-_183943520.23-P1P2	2546	5	127	0
DUSP19_-_183943549.23-P1P2	1273	1	533	1
DUSP21_+_44703280.23-P1P2	4226	3	2358	1653
DUSP21_+_44703285.23-P1P2	2573	3476	842	2391
DUSP21_+_44703718.23-P1P2	2	1	1274	1087
DUSP21_+_44703749.23-P1P2	2323	5	1645	2
DUSP21_-_44703299.23-P1P2	1576	1	980	1
DUSP22_+_292484.23-P1P2	1675	1977	1817	2
DUSP22_+_292534.23-P1P2	1192	1	548	0
DUSP22_+_292594.23-P1P2	1306	0	908	2
DUSP22_-_292514.23-P1P2	1462	4390	1215	3
DUSP22_-_292543.23-P1P2	1352	6615	1243	1908
DUSP23_-_159750739.23-P1P2	18	16982	1520	1664
DUSP23_-_159750742.23-P1P2	1307	1	402	1
DUSP23_-_159750770.23-P1P2	3576	200	3176	644
DUSP23_-_159750802.23-P1P2	0	0	596	0
DUSP23_-_159751151.23-P1P2	7	4974	1993	4353
DUSP27_+_167063306.23-P1P2	1185	3	50	1984
DUSP27_+_167063446.23-P1P2	0	0	145	0
DUSP27_-_167063313.23-P1P2	3	2720	1039	1793
DUSP27_-_167063514.23-P1P2	0	0	324	0
DUSP27_-_167063674.23-P1P2	1	0	350	0
DUSP2_+_96810812.23-P1P2	0	2997	1320	1507
DUSP2_+_96811110.23-P1P2	4	3987	694	1
DUSP2_+_96811162.23-P1P2	1	0	1621	1
DUSP2_-_96810722.23-P1P2	1	0	783	0
DUSP2_-_96810902.23-P1P2	443	1	2534	1604
DUSP3_-_41855892.23-P1P2	1527	6	1040	5085
DUSP3_-_41855896.23-P1P2	1231	0	1899	1622
DUSP3_-_41856116.23-P1P2	4224	0	1975	423
DUSP3_-_41856293.23-P1P2	4277	6	3535	1321
DUSP3_-_41856343.23-P1P2	1298	0	506	0
DUSP6_+_89745717.23-P1P2	0	1	1300	0
DUSP6_+_89745983.23-P1P2	5515	6601	915	2
DUSP6_+_89746249.23-P1P2	2289	1142	2951	10432
DUSP6_-_89745866.23-P1P2	2209	4	1679	1034
DUSP6_-_89746275.23-P1P2	3	2644	2482	1358
DUSP7_+_52083956.23-P2	3027	0	583	2
DUSP7_+_52084365.23-P2	3	1	911	1873
DUSP7_+_52090327.23-P1	0	0	709	1620
DUSP7_+_52090457.23-P1	2	3778	1525	1
DUSP7_+_52090575.23-P1	1150	0	622	0
DUSP7_-_52083932.23-P2	0	0	0	0
DUSP7_-_52083953.23-P2	4924	3	1977	1448
DUSP7_-_52084341.23-P2	933	2	766	3
DUSP7_-_52090147.23-P1	2	3	1500	4580
DUSP7_-_52090591.23-P1	1343	0	433	2
DUSP8_+_1593122.23-P1P2	1385	7703	3046	1535
DUSP8_+_1593483.23-P1P2	2221	0	1312	991
DUSP8_+_1593493.23-P1P2	3	1	1723	2583
DUSP8_-_1593052.23-P1P2	8031	590	4719	7560
DUSP8_-_1593467.23-P1P2	1431	1	1430	1
DUT_+_48623815.23-P1P2	383	1	430	1974
DUT_+_48624411.23-P1P2	0	0	0	0
DUT_+_48624414.23-P1P2	0	0	0	0
DUT_-_48624688.23-P1P2	0	0	164	0
DUT_-_48624886.23-P1P2	0	0	379	0
DYRK1A_+_38792983.23-ENST00000398960.2	7	3	360	2018
DYRK1A_-_38792686.23-ENST00000398960.2	3244	0	791	1781
DYRK1A_-_38792743.23-ENST00000398960.2	554	0	474	0
DYRK1A_-_38793061.23-ENST00000398960.2	2862	5442	1410	2114
DYRK1A_-_38793111.23-ENST00000398960.2	0	0	89	0
DYRK1B_+_40324364.23-P1P2	1553	1032	1632	1948
DYRK1B_-_40324738.23-P1P2	1072	3	1043	1177
DYRK1B_-_40324741.23-P1P2	8	1	1905	3382
DYRK1B_-_40324747.23-P1P2	2189	2476	1094	1982
DYRK1B_-_40324757.23-P1P2	1526	4504	2720	7
DYRK2_+_68042594.23-P1P2	0	0	672	0
DYRK2_+_68042950.23-P1P2	1072	3915	2055	5941
DYRK2_+_68043017.23-P1P2	272	1	855	1278
DYRK2_-_68042870.23-P1P2	5	1	1035	1706
DYRK2_-_68042967.23-P1P2	6433	2716	3532	1130
DYRK3_+_206808943.23-P1P2	4426	5612	2345	4634
DYRK3_+_206808960.23-P1P2	868	2108	1366	3398
DYRK3_+_206808972.23-P1P2	3346	2	2077	2632
DYRK3_-_206808950.23-P1P2	3325	9269	1029	1952
DYRK3_-_206809170.23-P1P2	2318	0	1102	0
DYRK4_+_4714112.23-P1P2	2	0	1213	1456
DYRK4_+_4714134.23-P1P2	2873	3	1870	1838
DYRK4_+_4714148.23-P1P2	0	0	362	0
DYRK4_-_4714130.23-P1P2	1	0	529	1786
DYRK4_-_4714147.23-P1P2	5304	9253	3321	1940
EARS2_+_23568615.23-P1P2	1	1	921	0
EARS2_+_23568646.23-P1P2	1145	4	1190	2702
EARS2_+_23568657.23-P1P2	0	0	0	0
EARS2_-_23568607.23-P1P2	0	0	342	0
EARS2_-_23568672.23-P1P2	1264	3	1302	3288
ECE1_+_21671513.23-P1P2	1560	6393	1291	7
ECE1_+_21671607.23-P1P2	2	0	1065	1
ECE1_+_21671951.23-P1P2	1554	351	3210	1714
ECE1_+_21671976.23-P1P2	3949	4920	1998	1590
ECE1_-_21671544.23-P1P2	3	3388	736	2
EDA_+_68836005.23-P1P2	0	0	0	0
EDA_+_68836018.23-P1P2	1	0	954	0
EDA_+_68836408.23-P1P2	2830	10472	1981	5
EDA_-_68835992.23-P1P2	1	0	553	800
EDA_-_68836167.23-P1P2	1382	3	316	1996
EEA1_+_93322865.23-P1P2	7	1966	1708	1887
EEA1_+_93322992.23-P1P2	1289	0	1464	1
EEA1_-_93323009.23-P1P2	3580	1804	2012	1293
EEA1_-_93323020.23-P1P2	3270	1	863	1
EEA1_-_93323052.23-P1P2	0	0	1002	0
EEF2K_+_22217635.23-P1P2	0	0	773	0
EEF2K_+_22217639.23-P1P2	4566	2	746	1871
EEF2K_+_22217643.23-P1P2	1739	4297	1147	1662
EEF2K_+_22217677.23-P1P2	772	2128	2482	1565
EEF2K_+_22217680.23-P1P2	3	2890	316	1749
EEF2_+_3983722.23-P2	3135	3	842	1885
EEF2_+_3983737.23-P2	1573	0	217	1272
EEF2_+_3984158.23-P2	1558	4	685	2068
EEF2_+_3984167.23-P2	0	0	103	0
EEF2_+_3984171.23-P2	5	0	1472	1716
EEF2_+_3985054.23-P1	0	0	110	0
EEF2_+_3985431.23-P1	1	1	502	1
EEF2_-_3985048.23-P1	648	1	1287	0
EEF2_-_3985225.23-P1	982	3979	516	1
EEF2_-_3985443.23-P1	0	0	256	0
EFNB2_+_107186987.23-P1P2	1280	2	1378	685
EFNB2_-_107187051.23-P1P2	2536	0	276	0
EFNB2_-_107187354.23-P1P2	4	12587	1224	4
EFNB2_-_107187363.23-P1P2	43	0	823	0
EFNB2_-_107187393.23-P1P2	3644	1	447	2
EFTUD1_+_82554613.23-P1P2	1665	0	366	0
EFTUD1_+_82554982.23-P1P2	0	0	1003	1
EFTUD1_+_82555000.23-P1P2	0	0	822	0
EFTUD1_+_82555084.23-P1P2	1	3765	657	4
EFTUD1_-_82554823.23-P1P2	4	5192	1066	1951
EGFR_+_55087181.23-P1P2	1446	5518	2447	5217
EGFR_-_55086719.23-P1P2	2	1	2210	1512
EGFR_-_55086784.23-P1P2	2542	4246	1881	4318
EGFR_-_55086816.23-P1P2	10258	7675	2541	5
EGFR_-_55087258.23-P1P2	0	0	0	0
EGLN1_+_231557802.23-P1P2	599	5338	1542	3285
EGLN1_-_231557638.23-P1P2	3814	4	2417	3409
EGLN1_-_231557682.23-P1P2	55	6250	1229	1458
EGLN1_-_231557776.23-P1P2	4	5518	787	1521
EGLN1_-_231558017.23-P1P2	1	0	953	2
EGLN2_+_41284591.23-P2	75	1	814	886
EGLN2_+_41305438.23-P1	1631	7275	553	1589
EGLN2_+_41305518.23-P1	1	0	1411	1
EGLN2_-_41284185.23-P2	521	0	322	0
EGLN2_-_41284213.23-P2	0	1	720	0
EGLN2_-_41284588.23-P2	1068	0	234	0
EGLN2_-_41284625.23-P2	1	0	484	0
EGLN2_-_41305138.23-P1	948	8191	1595	1910
EGLN2_-_41305141.23-P1	1	1	410	0
EGLN2_-_41305172.23-P1	1	3088	129	0
EGLN3_+_34420264.23-P1P2	3136	2	1549	1131
EGLN3_-_34419914.23-P1P2	2259	2	1224	1970
EGLN3_-_34420217.23-P1P2	937	4	2037	0
EGLN3_-_34420230.23-P1P2	1117	4178	2314	3554
EGLN3_-_34420234.23-P1P2	2655	12846	1452	2073
EHHADH_+_184971776.23-P1P2	1996	0	1663	0
EHHADH_+_184971792.23-P1P2	1891	0	1504	0
EHHADH_+_184971806.23-P1P2	1	1	244	0
EHHADH_+_184971814.23-P1P2	1386	1	1192	0
EHHADH_-_184971438.23-P1P2	4858	3	2194	2
EIF2AK1_+_6098590.23-P1P2	1538	1	953	0
EIF2AK1_+_6098754.23-P1P2	1298	0	1079	2548
EIF2AK1_+_6098764.23-P1P2	1341	2	1481	1495
EIF2AK1_+_6098771.23-P1P2	1332	1	1706	0
EIF2AK1_+_6098815.23-P1P2	1636	3	2428	0
EIF2AK2_+_37383698.23-P1P2	0	0	797	0
EIF2AK2_+_37383706.23-P1P2	3	3946	471	1
EIF2AK2_+_37384040.23-P1P2	7	6481	2004	2302
EIF2AK2_+_37384079.23-P1P2	3876	3	1281	1810
EIF2AK2_-_37384096.23-P1P2	1794	2750	1566	913
EIF2AK3_+_88926608.23-P1P2	3605	5517	1698	1835
EIF2AK3_+_88926929.23-P1P2	7553	6	2006	3207
EIF2AK3_+_88926936.23-P1P2	3	2	2987	1890
EIF2AK3_-_88926550.23-P1P2	4644	4602	3278	1129
EIF2AK3_-_88926935.23-P1P2	1575	4165	1645	6887
EIF2AK4_+_40226372.23-P1P2	2712	6890	1981	1535
EIF2AK4_+_40226377.23-P1P2	2222	5387	4238	4582
EIF2AK4_+_40226467.23-P1P2	9	8447	1417	777
EIF2AK4_+_40226656.23-P1P2	1370	1	1313	1
EIF2AK4_-_40226368.23-P1P2	960	2244	1748	2
ELANE_+_852322.23-P1P2	1134	2	1353	0
ELANE_+_852326.23-P1P2	1	2021	409	756
ELANE_+_852365.23-P1P2	1434	2455	1319	1
ELANE_+_852646.23-P1P2	5212	1637	2020	2513
ELANE_-_853519.23-P1P2	2206	6	2428	3598
ELOVL4_-_80656842.23-P1P2	2690	2258	590	2
ELOVL4_-_80656918.23-P1P2	1	1388	1013	1509
ELOVL4_-_80657202.23-P1P2	1238	2	1127	1037
ELOVL4_-_80657222.23-P1P2	2	1	804	1405
ELOVL4_-_80657225.23-P1P2	139	0	1805	0
ELSPBP1_+_48497906.23-P1P2	1057	6035	1162	57
ELSPBP1_+_48497986.23-P1P2	0	0	362	1
ELSPBP1_+_48497995.23-P1P2	1136	0	325	0
ELSPBP1_+_48498343.23-P1P2	4804	1	1149	5
ELSPBP1_-_48498155.23-P1P2	1304	4	714	3771
EN2_+_155251036.23-P1P2	3	3097	374	0
EN2_+_155251468.23-P1P2	6281	4279	1331	1319
EN2_-_155251027.23-P1P2	1327	2	1179	366
EN2_-_155251032.23-P1P2	838	0	467	0
EN2_-_155251054.23-P1P2	1156	1	1720	1395
ENO3_+_4851652.23-P2	4008	2	1445	1494
ENO3_+_4851729.23-P2	7	1	3314	5451
ENO3_+_4854429.23-P1	1552	1	252	0
ENO3_+_4854432.23-P1	2	0	849	1083
ENO3_-_4851690.23-P2	1549	8089	2028	4
ENO3_-_4851904.23-P2	1039	6069	1124	2627
ENO3_-_4852067.23-P2	2668	2	1151	1637
ENO3_-_4854442.23-P1	2048	2420	1143	1804
ENO3_-_4854477.23-P1	2991	2516	1779	3
ENO3_-_4854481.23-P1	2888	0	2333	852
ENOPH1_+_83351734.23-P1P2	3641	1450	1583	1890
ENOPH1_+_83351756.23-P1P2	5	5624	1468	1855
ENOPH1_-_83351791.23-P1P2	2708	1	863	0
ENOPH1_-_83352157.23-P1P2	443	1	147	3003
ENOPH1_-_83352167.23-P1P2	0	0	75	0
ENPEP_+_111397349.23-P1P2	0	0	0	0
ENPEP_+_111397849.23-P1P2	1582	0	376	0
ENPEP_-_111397345.23-P1P2	1	0	524	0
ENPEP_-_111397397.23-P1P2	6553	2	1304	1587
ENPEP_-_111397410.23-P1P2	1	1	2037	0
ENPP1_+_132129566.23-P1P2	1246	3	1745	3814
ENPP1_+_132129578.23-P1P2	2	0	198	923
ENPP1_-_132129188.23-P1P2	0	1	645	0
ENPP1_-_132129531.23-P1P2	231	5	527	6615
ENPP1_-_132129718.23-P1P2	17	12394	984	1680
ENPP2_+_120650962.23-P1P2	2822	1	1200	1
ENPP2_+_120651008.23-P1P2	3	0	630	1587
ENPP2_+_120651062.23-P1P2	3506	2315	1543	2110
ENPP2_-_120651026.23-P1P2	3115	1	1701	1129
ENPP2_-_120651034.23-P1P2	1327	0	522	1
ENPP3_+_131949659.23-P2	0	0	0	0
ENPP3_+_131949691.23-P2	1086	1	531	3156
ENPP3_+_131949800.23-P2	0	0	259	0
ENPP3_+_131958457.23-P1	616	0	393	0
ENPP3_+_131958835.23-P1	676	5249	2269	2087
ENPP3_-_131949650.23-P2	4161	2	2050	3482
ENPP3_-_131950023.23-P2	1	0	386	0
ENPP3_-_131958476.23-P1	1010	0	802	1973
ENPP3_-_131958520.23-P1	848	2324	1579	2300
ENPP3_-_131958855.23-P1	3	2	762	2832
EPHA10_+_38230362.23-P2	1580	5236	1640	1538
EPHA10_+_38230376.23-P2	1104	8456	2650	1235
EPHA10_-_38218479.23-P1	11	944	1451	4190
EPHA10_-_38218850.23-P1	3704	7231	3841	5325
EPHA10_-_38218863.23-P1	5	2494	2066	2996
EPHA10_-_38218883.23-P1	1165	0	506	1
EPHA10_-_38218906.23-P1	1987	0	832	0
EPHA10_-_38230764.23-P2	6	5386	1436	4
EPHA10_-_38230767.23-P2	3050	6	1747	3968
EPHA10_-_38230770.23-P2	2629	6799	1784	1565
EPHA1_+_143105889.23-P1P2	2474	2593	1777	1101
EPHA1_-_143105477.23-P1P2	0	0	76	0
EPHA1_-_143105481.23-P1P2	0	0	487	0
EPHA1_-_143105513.23-P1P2	958	6014	1267	5
EPHA1_-_143105934.23-P1P2	2516	5475	2663	2
EPHA2_+_16482099.23-P1P2	634	0	687	0
EPHA2_+_16482142.23-P1P2	1512	0	607	0
EPHA2_+_16482159.23-P1P2	3117	4	2910	3003
EPHA2_+_16482540.23-P1P2	0	0	0	0
EPHA2_-_16482174.23-P1P2	7539	3	2727	765
EPHA3_+_89156833.23-P1P2	5394	1	1091	2
EPHA3_+_89156967.23-P1P2	0	0	320	407
EPHA3_+_89157018.23-P1P2	1384	2	1046	1785
EPHA3_+_89157080.23-P1P2	6	4025	607	1420
EPHA3_-_89156849.23-P1P2	996	1874	644	1056
EPHA4_+_222436584.23-P1P2	2659	4	895	3359
EPHA4_+_222436959.23-P1P2	3325	2	3722	180
EPHA4_+_222436964.23-P1P2	2464	7537	1861	1726
EPHA4_+_222436980.23-P1P2	731	0	2736	2
EPHA4_+_222436995.23-P1P2	1540	0	936	1
EPHA5_+_66536184.23-P1P2	1047	1	1343	2
EPHA5_-_66535727.23-P1P2	2204	1	839	1317
EPHA5_-_66535737.23-P1P2	1476	2332	899	502
EPHA5_-_66535745.23-P1P2	902	3	553	4552
EPHA5_-_66536089.23-P1P2	2	2	562	1586
EPHA6_+_96533426.23-P1P2	2381	0	130	1
EPHA6_+_96533476.23-P1P2	3	1	870	1101
EPHA6_-_96533463.23-P1P2	2552	1	883	0
EPHA6_-_96533466.23-P1P2	7688	5429	1092	6432
EPHA6_-_96533913.23-P1P2	0	1059	515	1
EPHA7_+_94128782.23-P1P2	2138	3	1857	2
EPHA7_+_94128885.23-P1P2	1545	1	1757	1
EPHA7_+_94128956.23-P1P2	0	0	619	0
EPHA7_+_94129220.23-P1P2	1097	2	1696	1
EPHA7_-_94128832.23-P1P2	2500	2	1641	3767
EPHA8_+_22889976.23-P1P2	1913	4	1788	3667
EPHA8_+_22889995.23-P1P2	1539	0	1485	0
EPHA8_+_22890006.23-P1P2	1203	239	1289	1254
EPHA8_-_22890011.23-P1P2	1289	7895	3400	6594
EPHA8_-_22890387.23-P1P2	2202	2	538	2
EPHB1_+_134514118.23-P1P2	5	5381	1194	1830
EPHB1_+_134514121.23-P1P2	521	2400	2699	4
EPHB1_-_134514128.23-P1P2	2309	4997	1543	3178
EPHB1_-_134514518.23-P1P2	2324	1	1954	4885
EPHB1_-_134514558.23-P1P2	2952	2	1350	2606
EPHB2_+_23037514.23-P1P2	3938	2234	2637	1368
EPHB2_+_23037770.23-P1P2	5	7980	911	4
EPHB2_-_23037351.23-P1P2	2607	0	1729	0
EPHB2_-_23037753.23-P1P2	2944	5320	1482	2
EPHB2_-_23037808.23-P1P2	1256	3910	1176	6
EPHB3_+_184279633.23-P1P2	0	0	0	0
EPHB3_+_184279650.23-P1P2	3	0	677	1563
EPHB3_+_184280015.23-P1P2	4078	3216	1639	4
EPHB3_-_184279594.23-P1P2	2	0	820	0
EPHB3_-_184279954.23-P1P2	5435	4497	3092	1756
EPHB4_+_100424702.23-P1P2	2	0	572	1
EPHB4_+_100424757.23-P1P2	2971	6472	3153	3253
EPHB4_-_100424673.23-P1P2	2569	1	2451	2
EPHB4_-_100424909.23-P1P2	4016	6	3271	3424
EPHB4_-_100425081.23-P1P2	2	2910	502	1
EPHB6_+_142552855.23-P1P2	5245	3	3174	3229
EPHB6_+_142553246.23-P1P2	1658	0	955	0
EPHB6_-_142552874.23-P1P2	2250	2637	1256	1622
EPHB6_-_142553113.23-P1P2	2450	0	1162	1933
EPHB6_-_142553312.23-P1P2	2328	1	436	0
EPHX2_+_27348679.23-P1P2	10842	7	1795	1629
EPHX2_+_27348720.23-P1P2	5025	2	1290	1661
EPHX2_+_27348723.23-P1P2	1296	3925	3772	1645
EPHX2_+_27348741.23-P1P2	2	0	1126	1
EPHX2_+_27349105.23-P1P2	685	0	245	1
EPM2A_-_146056117.23-P1P2	3372	3	1428	3
EPM2A_-_146056127.23-P1P2	2766	3	1529	0
EPM2A_-_146056174.23-P1P2	3361	3547	1602	1926
EPM2A_-_146056194.23-P1P2	3285	4688	3067	3988
EPM2A_-_146056625.23-P1P2	0	0	142	0
EPN1_+_56186684.23-P1P2	1174	0	1160	3463
EPN1_+_56186947.23-P1P2	1493	10852	2495	11383
EPN1_+_56187100.23-P1P2	4746	4316	2714	4768
EPN1_-_56186615.23-P1P2	1343	0	1698	0
EPN1_-_56186656.23-P1P2	1440	1	1761	0
EPOR_+_11491430.23-P1	5	1998	275	1
EPOR_+_11491868.23-P1	1850	8318	1828	4
EPOR_+_11491872.23-P1	842	3942	1289	0
EPOR_+_11494535.23-P2	0	2	738	0
EPOR_+_11494968.23-P2	3224	4323	2362	2493
EPOR_+_11494971.23-P2	1245	0	1605	1
EPOR_-_11491517.23-P1	1087	2	636	1686
EPOR_-_11491902.23-P1	1458	1	882	0
EPOR_-_11494957.23-P2	4	1	1111	1771
EPOR_-_11494977.23-P2	400	9600	3050	4922
EPRS_+_220219441.23-P1P2	90	0	208	0
EPRS_+_220219853.23-P1P2	0	0	81	0
EPRS_-_220219785.23-P1P2	0	0	0	0
EPRS_-_220219788.23-P1P2	0	0	0	0
EPRS_-_220219801.23-P1P2	0	0	0	0
EPS8L1_-_55587247.23-P1	2257	0	625	3372
EPS8L1_-_55587259.23-P1	2	0	338	0
EPS8L1_-_55587300.23-P1	1278	1485	1220	3000
EPS8L1_-_55587306.23-P1	4	2145	777	3
EPS8L1_-_55587734.23-P1	7	2	795	1595
EPS8L1_-_55591777.23-P2	0	0	272	1
EPS8L1_-_55591798.23-P2	165	0	291	0
EPS8L1_-_55591802.23-P2	1571	1	853	2
EPS8L1_-_55592168.23-P2	2	1	233	0
EPS8L1_-_55592240.23-P2	1198	2421	468	1
EPX_+_56270148.23-P1P2	2119	2557	2371	1108
EPX_-_56270118.23-P1P2	7	4800	2072	3
EPX_-_56270137.23-P1P2	0	0	435	0
EPX_-_56270492.23-P1P2	0	0	173	0
EPX_-_56270540.23-P1P2	2	3	875	1612
ERBB2_+_37856367.23-P1P2	2422	10452	2174	1138
ERBB2_+_37856373.23-P1P2	3224	5303	3154	1786
ERBB2_-_37856345.23-P1P2	0	0	362	0
ERBB2_-_37856706.23-P1P2	1124	2	678	0
ERBB2_-_37856751.23-P1P2	869	0	860	2712
ERBB3_+_56474016.23-P1P2	1	2	1299	0
ERBB3_+_56474277.23-P1P2	2551	2448	1379	3329
ERBB3_+_56474395.23-P1P2	1	0	542	0
ERBB3_+_56474409.23-P1P2	0	0	858	1
ERBB3_-_56474350.23-P1P2	3689	2	1176	1923
ERBB4_+_213403805.23-P1P2	3851	1	848	1770
ERBB4_+_213403841.23-P1P2	5344	4	2089	2
ERBB4_+_213403862.23-P1P2	1487	1	1538	2
ERBB4_-_213403401.23-P1P2	7	1	1816	3452
ERBB4_-_213403823.23-P1P2	1119	0	275	1512
ERN1_-_62207431.23-P1P2	3435	5004	1107	1393
ERN1_-_62207436.23-P1P2	7	1	823	2891
ERN1_-_62207440.23-P1P2	1700	5	1033	0
ERN1_-_62207482.23-P1P2	1135	3	2929	0
ERN1_-_62207499.23-P1P2	4068	7250	2194	5621
ERN2_+_23724488.23-P1P2	2690	1	1945	1
ERN2_+_23724495.23-P1P2	2	0	1248	865
ERN2_+_23724504.23-P1P2	4	6357	633	2
ERN2_+_23724548.23-P1P2	716	0	539	0
ERN2_-_23724305.23-P1P2	1060	2418	923	1581
ERO1LB_+_236444840.23-P1P2	5	4065	787	1581
ERO1LB_-_236445015.23-P1P2	649	2364	1425	1492
ERO1LB_-_236445193.23-P1P2	2321	1614	1194	1
ERO1LB_-_236445200.23-P1P2	776	2	1958	1420
ERO1LB_-_236445220.23-P1P2	2894	3127	1104	1
ESD_+_47371228.23-P1P2	794	1	359	0
ESD_+_47371238.23-P1P2	2914	1702	2089	1085
ESD_-_47371244.23-P1P2	1636	4	424	1
ESD_-_47371269.23-P1P2	3003	0	1129	1
ESD_-_47371282.23-P1P2	3	0	407	0
ESRRG_+_216978369.23-ENST00000360012.3	1	0	280	1
ESRRG_+_216978651.23-ENST00000360012.3	4	2708	359	1932
ESRRG_+_216978690.23-ENST00000360012.3	0	1	260	0
ESRRG_+_217112607.23-ENST00000361395.2,ENST00000366938.2,ENST00000487276.1	1	1	1471	812
ESRRG_+_217112620.23-ENST00000361395.2,ENST00000366938.2,ENST00000487276.1	790	387	760	0
ESRRG_+_217112922.23-ENST00000361395.2,ENST00000366938.2,ENST00000487276.1	0	0	644	0
ESRRG_+_217250274.23-ENST00000493748.1	1650	0	845	1
ESRRG_+_217262979.23-ENST00000359162.2,ENST00000361525.3	2664	2	628	950
ESRRG_+_217263157.23-ENST00000359162.2,ENST00000361525.3	1322	0	1563	0
ESRRG_+_217263184.23-ENST00000359162.2,ENST00000361525.3	0	0	333	1
ESRRG_+_217310765.23-ENST00000366940.2,ENST00000493603.1	9	9907	1948	1534
ESRRG_+_217310891.23-ENST00000366940.2,ENST00000493603.1	1	4169	436	0
ESRRG_+_217311037.23-ENST00000366940.2,ENST00000493603.1	557	0	1644	1
ESRRG_+_217311105.23-ENST00000366940.2,ENST00000493603.1	592	4665	350	1
ESRRG_-_216978269.23-ENST00000360012.3	1061	5831	460	0
ESRRG_-_216978635.23-ENST00000360012.3	1	1	421	1566
ESRRG_-_217112601.23-ENST00000361395.2,ENST00000366938.2,ENST00000487276.1	0	0	0	0
ESRRG_-_217112951.23-ENST00000361395.2,ENST00000366938.2,ENST00000487276.1	1925	2	360	0
ESRRG_-_217250254.23-ENST00000493748.1	1	0	2525	1556
ESRRG_-_217250304.23-ENST00000493748.1	0	0	125	0
ESRRG_-_217250321.23-ENST00000493748.1	1026	1	751	0
ESRRG_-_217250324.23-ENST00000493748.1	665	0	188	0
ESRRG_-_217262665.23-ENST00000359162.2,ENST00000361525.3	0	0	85	0
ESRRG_-_217263115.23-ENST00000359162.2,ENST00000361525.3	1389	4020	2635	2442
ESRRG_-_217311078.23-ENST00000366940.2,ENST00000493603.1	1979	3538	784	2634
ETFDH_+_159593530.23-P1P2	1418	1480	1886	2287
ETFDH_-_159593461.23-P1P2	0	0	813	679
ETFDH_-_159593465.23-P1P2	3071	4	2254	3569
ETFDH_-_159593860.23-P1P2	1479	1	1138	1
ETFDH_-_159593941.23-P1P2	926	2591	665	90
ETNK1_+_22778206.23-P1P2	1506	31	1632	1
ETNK1_+_22778284.23-P1P2	1344	3490	1889	6432
ETNK1_+_22778498.23-P1P2	0	0	919	2
ETNK1_+_22778526.23-P1P2	5434	5	1426	1
ETNK1_-_22778158.23-P1P2	849	5568	813	3
ETNK2_+_204120715.23-P1P2	1	3	398	1274
ETNK2_+_204121100.23-P1P2	1282	4531	2447	1895
ETNK2_+_204121162.23-P1P2	1	1125	1364	0
ETNK2_+_204121274.23-P1P2	4	1	1090	3420
ETNK2_-_204120701.23-P1P2	3004	3	858	2
EXTL2_+_101360354.23-P1P2	2945	6977	3255	331
EXTL2_+_101360390.23-P1P2	1121	5	1363	3488
EXTL2_+_101360403.23-P1P2	2405	2	1812	0
EXTL2_-_101360345.23-P1P2	0	0	117	0
EXTL2_-_101360384.23-P1P2	5196	1	1610	1
F10_+_113777162.23-P1P2	875	0	295	0
F10_+_113777186.23-P1P2	2	0	1648	1896
F10_-_113777161.23-P1P2	1	0	759	1
F10_-_113777639.23-P1P2	8	2723	1578	1
F10_-_113777653.23-P1P2	763	0	619	0
F11_+_187187404.23-P1P2	0	0	129	0
F11_+_187187431.23-P1P2	2	2	990	1571
F11_+_187187596.23-P1P2	0	0	0	0
F11_-_187187371.23-P1P2	1	0	247	2
F11_-_187187374.23-P1P2	3244	3305	626	1
F13A1_+_6320844.23-P1P2	0	1	967	0
F13A1_+_6320869.23-P1P2	1990	2	718	1202
F13A1_-_6320799.23-P1P2	2274	6	717	1710
F13A1_-_6320813.23-P1P2	1173	0	1616	1
F13A1_-_6320855.23-P1P2	5698	2904	2009	6
F2R_+_76011955.23-P1P2	1185	3411	2014	2979
F2R_+_76011973.23-P1P2	1370	3	702	708
F2R_+_76011989.23-P1P2	1695	2	265	1631
F2R_+_76012309.23-P1P2	0	0	511	0
F2R_-_76012007.23-P1P2	0	0	0	0
F2_+_46740834.23-P1P2	1	1	2228	1
F2_+_46741184.23-P1P2	56	5604	362	1255
F2_+_46741237.23-P1P2	1	2979	578	0
F2_+_46741243.23-P1P2	1282	4445	1701	1
F2_-_46740801.23-P1P2	10	5083	2484	4398
F3_+_94997411.23-P2	1490	2	380	0
F3_+_94997899.23-P2	1234	7216	2242	2065
F3_+_94997912.23-P2	0	0	829	0
F3_+_95007061.23-P1	3084	4130	2276	3
F3_+_95007264.23-P1	4027	14321	2005	7
F3_-_94997459.23-P2	1941	5369	1426	2
F3_-_94997916.23-P2	2	0	885	0
F3_-_95006865.23-P1	769	3	1207	3177
F3_-_95007077.23-P1	2130	3	1124	2107
F3_-_95007293.23-P1	1516	2	1313	3497
F5_+_169555628.23-P1P2	2716	8	2316	3451
F5_+_169555656.23-P1P2	81	1351	2006	4126
F5_+_169555679.23-P1P2	1	0	885	959
F5_+_169555691.23-P1P2	2824	3776	2005	4
F5_-_169555669.23-P1P2	2184	0	1651	1
F7_-_113760127.23-P1P2	2230	4379	1093	2176
F7_-_113760133.23-P1P2	5	8819	742	5
F7_-_113760523.23-P1P2	0	0	624	0
F7_-_113760553.23-P1P2	1124	4812	2118	1296
F7_-_113760584.23-P1P2	1256	0	1654	0
F9_+_138612956.23-P1P2	2	3	2106	1
F9_+_138612961.23-P1P2	1935	0	1488	2
F9_+_138612976.23-P1P2	2930	1	1205	1
F9_-_138612947.23-P1P2	0	0	708	0
F9_-_138612960.23-P1P2	2	0	1112	825
FAAH_-_46859998.23-P1P2	966	3	2674	2
FAAH_-_46860023.23-P1P2	1472	1	1482	1002
FAAH_-_46860266.23-P1P2	2537	2	1466	2
FAAH_-_46860391.23-P1P2	1	3	1211	0
FAAH_-_46860426.23-P1P2	5336	1	694	0
FABP6_+_159640693.23-P1P2	1993	5	1040	1850
FABP6_+_159640780.23-P1P2	2	0	1793	1
FABP6_-_159640788.23-P1P2	4108	6	2500	1936
FABP6_-_159640843.23-P1P2	1263	2523	1984	2071
FABP6_-_159640920.23-P1P2	1	0	1019	0
FADS1_+_61583853.23-P1P2	883	4127	1477	675
FADS1_+_61584128.23-P1P2	0	0	478	0
FADS1_-_61583890.23-P1P2	1414	1	123	0
FADS1_-_61583908.23-P1P2	0	0	0	0
FADS1_-_61584296.23-P1P2	1311	3812	1009	1399
FADS2_+_61583821.23-P2	9	6200	706	3688
FADS2_+_61583853.23-P2	883	4127	1477	675
FADS2_+_61584025.23-P2	2	2	2616	1844
FADS2_+_61584196.23-P2	1155	2559	2750	1655
FADS2_+_61584226.23-P2	3310	5	1266	2891
FADS2_-_61595787.23-P1	1	0	766	0
FADS2_-_61595853.23-P1	2124	2126	1870	2894
FADS2_-_61595969.23-P1	2079	9550	1229	2
FADS2_-_61596156.23-P1	1318	2862	1291	879
FADS2_-_61596187.23-P1	1664	0	176	370
FAH_+_80445358.23-P1P2	1596	2	1224	114
FAH_+_80445380.23-P1P2	1006	11418	2061	1858
FAH_+_80445805.23-P1P2	2246	1095	1464	1013
FAH_-_80445797.23-P1P2	4693	2019	4202	1840
FAH_-_80445858.23-P1P2	2206	2948	1355	1
FARS2_+_5261243.23-P1P2	3349	154	1028	2
FARS2_+_5261818.23-P1P2	0	0	1345	0
FARS2_-_5261304.23-P1P2	972	0	695	0
FARS2_-_5261743.23-P1P2	2	2	708	3903
FARS2_-_5261803.23-P1P2	0	0	290	0
FARSA_+_13044144.23-P1P2	1508	3	2097	2925
FARSA_+_13044503.23-P1P2	0	0	129	0
FARSA_+_13044506.23-P1P2	0	0	0	0
FARSA_-_13044104.23-P1P2	6	0	1217	1917
FARSA_-_13044550.23-P1P2	1351	0	490	3
FARSB_+_223520838.23-P1P2	0	0	0	0
FARSB_+_223521061.23-P1P2	0	0	0	0
FARSB_-_223520722.23-P1P2	0	0	0	0
FARSB_-_223520739.23-P1P2	0	0	8	0
FARSB_-_223520751.23-P1P2	0	0	57	0
FASTK_+_150777860.23-P1P2	1	0	1432	811
FASTK_+_150777887.23-P1P2	2	0	1548	0
FASTK_-_150777448.23-P1P2	0	0	369	0
FASTK_-_150777466.23-P1P2	687	1	466	0
FASTK_-_150777855.23-P1P2	3103	10958	2123	9
FBP1_+_97401758.23-P1P2	848	1099	826	1637
FBP1_+_97401761.23-P1P2	2191	1342	1292	3295
FBP1_-_97401323.23-P1P2	648	1	2440	1
FBP1_-_97401397.23-P1P2	1520	1483	814	3571
FBP1_-_97401424.23-P1P2	3258	1561	2399	3458
FBP2_+_97356076.23-P1P2	984	10285	1914	1917
FBP2_-_97355853.23-P1P2	10	5067	2628	1811
FBP2_-_97356067.23-P1P2	1389	0	128	1772
FBP2_-_97356086.23-P1P2	8	3	2150	5548
FBP2_-_97356130.23-P1P2	0	0	361	0
FCER1A_+_159272164.23-P1P2	793	4114	1000	1518
FCER1A_+_159272174.23-P1P2	1	2806	607	1
FCER1A_+_159272194.23-P1P2	1	1	676	1704
FCER1A_+_159272573.23-P1P2	0	0	82	0
FCER1A_-_159272370.23-P1P2	0	0	0	0
FCER1G_+_161185094.23-P1P2	885	0	1450	1686
FCER1G_+_161185105.23-P1P2	924	4435	624	1
FCER1G_+_161185117.23-P1P2	1030	3	1424	1024
FCER1G_+_161185306.23-P1P2	2326	1	2071	2
FCER1G_-_161185046.23-P1P2	0	0	0	0
FCGR1B_+_120935888.23-P1P2	2151	5862	1061	1
FCGR1B_-_120935520.23-P1P2	1303	0	992	1744
FCGR1B_-_120935535.23-P1P2	3	564	575	0
FCGR1B_-_120935672.23-P1P2	1636	3	1944	5667
FCGR1B_-_120935736.23-P1P2	0	0	0	0
FCGR3A_+_161519295.23-P1P2	1	3188	986	1
FCGR3A_+_161519345.23-P1P2	829	6025	1590	7
FCGR3A_+_161519475.23-P1P2	5	2398	785	8567
FCGR3A_-_161519304.23-P1P2	1609	759	628	3
FCGR3A_-_161519350.23-P1P2	4	3	1690	1915
FCGR3B_+_161600520.23-P1P2	1	0	1113	0
FCGR3B_+_161600703.23-P1P2	2	0	516	0
FCGR3B_-_161600528.23-P1P2	1669	2	380	2179
FCGR3B_-_161600662.23-P1P2	1	4586	311	4
FCGR3B_-_161600958.23-P1P2	1139	3	1555	3035
FCRL2_+_157746672.23-P1P2	1432	1	298	2
FCRL2_+_157746696.23-P1P2	4876	8707	1423	1377
FCRL2_+_157746732.23-P1P2	0	0	0	0
FCRL2_+_157746907.23-P1P2	0	5254	1047	3
FCRL2_-_157746496.23-P1P2	2922	1	459	1617
FDX1_+_110300796.23-P1P2	4	2026	1630	2
FDX1_+_110300809.23-P1P2	3	9749	506	474
FDX1_+_110301114.23-P1P2	606	2474	1430	2970
FDX1_-_110300684.23-P1P2	697	2742	2033	1
FDX1_-_110301034.23-P1P2	9	4877	1018	1
FDXR_+_72868669.23-P1P2	1467	0	947	0
FDXR_+_72868706.23-P1P2	3	1	1860	2
FDXR_+_72868908.23-P1P2	0	0	241	0
FDXR_+_72868925.23-P1P2	3008	0	737	1428
FDXR_+_72869065.23-P1P2	5	5	3011	3825
FECH_+_55253730.23-P1P2	0	0	362	0
FECH_+_55253870.23-P1P2	3583	2	2140	1502
FECH_+_55253900.23-P1P2	826	3064	628	980
FECH_+_55253923.23-P1P2	5	4243	1146	1
FECH_-_55253880.23-P1P2	0	0	114	0
FER_+_108083965.23-P2	0	0	995	0
FER_+_108084006.23-P2	3616	2	1343	2149
FER_+_108084027.23-P2	2	2435	1036	2
FER_+_108084110.23-P2	1346	0	2937	0
FER_+_108084710.23-P1	2416	3	1978	4769
FER_+_108084713.23-P1	0	0	1770	0
FER_+_108085135.23-P1	0	0	597	0
FER_-_108083701.23-P2	0	0	973	0
FER_-_108084698.23-P1	0	0	1035	952
FER_-_108085027.23-P1	8	3913	1694	6450
FES_+_91427657.23-P1P2	2167	2860	3411	2580
FES_+_91427765.23-P1P2	2823	6	788	5266
FES_+_91428120.23-P1P2	3563	2768	2891	3109
FES_+_91428156.23-P1P2	1605	0	1617	4
FES_-_91427739.23-P1P2	2486	4	2620	1
FFAR1_+_35842483.23-ENST00000246553.2	2451	2169	1716	1435
FFAR1_+_35842497.23-ENST00000246553.2	2309	2043	2114	3627
FFAR1_+_35842864.23-ENST00000246553.2	1599	7402	840	5
FFAR1_-_35842482.23-ENST00000246553.2	1055	0	2549	2
FFAR1_-_35842493.23-ENST00000246553.2	3	2523	133	1
FGA_+_155511795.23-P1P2	1	0	213	0
FGA_+_155511862.23-P1P2	1760	5906	1080	1860
FGA_+_155511898.23-P1P2	2812	0	891	2
FGA_-_155511476.23-P1P2	0	0	0	0
FGA_-_155511831.23-P1P2	2	2	1260	2967
FGB_+_155484408.23-P1P2	0	0	88	0
FGB_-_155484182.23-P1P2	2320	4	905	1009
FGB_-_155484281.23-P1P2	1458	3331	849	3102
FGB_-_155484284.23-P1P2	1513	0	681	1
FGB_-_155484592.23-P1P2	0	2	325	0
FGF4_+_69589653.23-P1P2	5357	5	1777	2755
FGF4_+_69589698.23-P1P2	4	7789	1093	5
FGF4_+_69589742.23-P1P2	3832	3381	2350	653
FGF4_+_69590093.23-P1P2	1041	1	962	1838
FGF4_+_69590126.23-P1P2	0	0	0	0
FGFR1_+_38325799.23-P1P2	0	1	1273	1
FGFR1_+_38326106.23-P1P2	1484	3582	1955	2316
FGFR1_-_38325683.23-P1P2	3584	1119	2085	3121
FGFR1_-_38325695.23-P1P2	0	0	350	0
FGFR1_-_38326082.23-P1P2	1092	1977	1732	1404
FGFR2_+_123357591.23-P1P2	3041	6813	1249	2248
FGFR2_+_123357876.23-P1P2	1343	5095	921	992
FGFR2_-_123357455.23-P1P2	2155	7	2513	8189
FGFR2_-_123357673.23-P1P2	874	1	878	0
FGFR2_-_123357892.23-P1P2	3236	0	1618	808
FGFR3_+_1795055.23-P1P2	2825	0	1609	0
FGFR3_+_1795504.23-P1P2	5098	5	1721	1294
FGFR3_+_1795546.23-P1P2	0	0	499	1344
FGFR3_+_1795549.23-P1P2	626	0	1054	1669
FGFR3_-_1795030.23-P1P2	4648	5	2405	2878
FGFR4_+_176513963.23-P1P2	2	5	1802	2298
FGFR4_+_176514298.23-P1P2	2114	6	2860	3207
FGFR4_+_176514335.23-P1P2	1584	1	1180	1142
FGFR4_-_176513946.23-P1P2	4817	4251	2967	1584
FGFR4_-_176514342.23-P1P2	381	3181	492	3
FGGY_+_59762509.23-P1P2	1198	5323	2593	5
FGGY_+_59762591.23-P1P2	2	2344	333	3
FGGY_+_59762742.23-P1P2	1	1	821	0
FGGY_+_59762753.23-P1P2	1092	3118	1076	2
FGGY_+_59762964.23-P1P2	0	2	423	1508
FGG_+_155533495.23-P1P2	1	0	357	0
FGG_+_155533773.23-P1P2	2195	0	950	0
FGG_+_155533787.23-P1P2	8	5757	413	5359
FGG_-_155533743.23-P1P2	0	0	691	0
FGG_-_155533817.23-P1P2	453	0	361	1664
FGR_+_27961158.23-P1P2	2695	0	591	1544
FGR_+_27961203.23-P1P2	1440	0	1614	1
FGR_+_27961218.23-P1P2	1385	3	235	0
FGR_+_27961627.23-P1P2	3302	2964	1599	4986
FGR_-_27961174.23-P1P2	1	1	1037	977
FLT1_+_29068777.23-P1P2	1465	0	1088	4
FLT1_+_29068815.23-P1P2	5108	8	1497	5
FLT1_+_29068834.23-P1P2	0	0	283	0
FLT1_+_29068870.23-P1P2	2210	5889	1829	318
FLT1_-_29068808.23-P1P2	5127	102	2983	3640
FLT3LG_+_49977519.23-P1P2	985	13715	1127	4219
FLT3LG_-_49977874.23-P1P2	1688	1556	1669	1401
FLT3LG_-_49977882.23-P1P2	1607	1432	940	2
FLT3LG_-_49977908.23-P1P2	1149	2	2210	1133
FLT3LG_-_49977957.23-P1P2	0	0	0	0
FLT3_+_28674290.23-P1P2	642	2090	1240	1664
FLT3_+_28674687.23-P1P2	4313	2	2549	2211
FLT3_+_28674697.23-P1P2	1966	0	246	0
FLT3_-_28674256.23-P1P2	5259	2401	3083	1700
FLT3_-_28674369.23-P1P2	1134	4	1326	3279
FLT4_-_180076146.23-P1P2	1460	3	568	2746
FLT4_-_180076214.23-P1P2	806	0	1521	1
FLT4_-_180076521.23-P1P2	2	4	2169	3620
FLT4_-_180076531.23-P1P2	5459	1	2386	3170
FLT4_-_180076578.23-P1P2	1	1189	1761	1
FN3KRP_-_80674606.23-P1P2	1341	1	875	3
FN3KRP_-_80674676.23-P1P2	3063	2	2848	1928
FN3KRP_-_80674730.23-P1P2	2	6982	2210	1719
FN3KRP_-_80675002.23-P1P2	367	2112	120	3
FN3KRP_-_80675016.23-P1P2	1518	4	727	2083
FN3K_+_80693768.23-P1P2	1128	4032	964	1760
FN3K_+_80693967.23-P1P2	2	3	985	1516
FN3K_-_80693475.23-P1P2	4060	4056	2975	3106
FN3K_-_80693883.23-P1P2	806	1	346	0
FN3K_-_80693887.23-P1P2	977	2514	1172	3343
FNTA_+_42911840.23-P1P2	630	0	0	1
FNTA_+_42911947.23-P1P2	4	3043	422	1698
FNTA_-_42911495.23-P1P2	0	0	0	0
FNTA_-_42911527.23-P1P2	1080	1776	1451	2449
FNTA_-_42911755.23-P1P2	0	0	2	0
FNTB_+_65381194.23-P1P2	6328	10878	3119	1656
FNTB_+_65381421.23-P1P2	2735	3426	836	3071
FNTB_+_65381596.23-P1P2	783	2279	1534	3
FNTB_-_65381231.23-P1P2	6832	5	2433	1
FNTB_-_65381264.23-P1P2	1601	4505	2674	1507
FOLH1_+_49229681.23-P1P2	2	0	759	1925
FOLH1_+_49229684.23-P1P2	3788	3689	554	0
FOLH1_+_49229732.23-P1P2	2	0	976	1032
FOLH1_+_49230103.23-P1P2	488	1	1715	1863
FOLH1_-_49230113.23-P1P2	0	0	412	1781
FOLR2_+_71927884.23-P1P2	1475	3	143	0
FOLR2_+_71927905.23-P1P2	0	0	62	0
FOLR2_-_71927871.23-P1P2	4	2	897	1638
FOLR2_-_71927878.23-P1P2	3	0	1963	2
FOLR2_-_71927891.23-P1P2	2	0	921	0
FOLR3_+_71826225.23-P1	2	1526	362	0
FOLR3_+_71826241.23-P1	863	4860	190	3
FOLR3_+_71826247.23-P1	4391	3	2075	3754
FOLR3_+_71826251.23-P1	4	4781	78	0
FOLR3_+_71846807.23-P2	0	1	1	1507
FOLR3_-_71825982.23-P1	1153	1	697	2000
FOLR3_-_71846795.23-P2	1466	6	1423	5329
FOLR3_-_71846798.23-P2	3500	6	1124	3085
FOLR3_-_71846801.23-P2	6	3630	1446	3208
FOLR3_-_71846819.23-P2	0	0	0	0
FPGS_+_130565231.23-P1P2	1533	1946	562	0
FPGS_-_130565211.23-P1P2	1	1	1371	1552
FPGS_-_130565579.23-P1P2	980	6276	1122	2759
FPGS_-_130565615.23-P1P2	1557	1	891	1
FPGS_-_130565661.23-P1P2	3	1	1283	2118
FPR1_-_52255098.23-P1P2	1869	4134	576	1
FPR1_-_52255109.23-P1P2	1	0	408	0
FPR1_-_52255115.23-P1P2	0	1	881	2
FPR1_-_52255125.23-P1P2	3032	1	787	1
FPR1_-_52255138.23-P1P2	1260	0	273	0
FRK_+_116381516.23-P1P2	6157	6	1380	1600
FRK_+_116381900.23-P1P2	868	0	1857	2078
FRK_+_116381959.23-P1P2	2248	6	1517	5156
FRK_+_116381964.23-P1P2	5292	5089	739	2015
FRK_-_116381891.23-P1P2	1605	0	1120	4
FSHR_+_49381159.23-P1P2	937	2972	1011	0
FSHR_-_49381435.23-P1P2	2533	3364	483	3545
FSHR_-_49381544.23-P1P2	7	2841	1935	1928
FSHR_-_49381671.23-P1P2	3	5647	239	1
FSHR_-_49381691.23-P1P2	0	0	199	0
FST_+_52776503.23-P1P2	1252	0	1662	0
FST_+_52776524.23-P1P2	2237	6	1518	5050
FST_+_52776677.23-P1P2	0	0	536	0
FST_-_52776650.23-P1P2	1047	755	845	1
FST_-_52776718.23-P1P2	1579	1	816	1686
FTCD_+_47562172.23-P2	1054	2273	491	1970
FTCD_+_47562228.23-P2	6	3	1148	1864
FTCD_+_47562608.23-P2	2014	2	1630	2296
FTCD_+_47562611.23-P2	2196	3	1845	2
FTCD_+_47575039.23-P1	0	0	532	1
FTCD_+_47575061.23-P1	1	1	711	1921
FTCD_+_47575266.23-P1	0	0	791	0
FTCD_+_47575445.23-P1	57	2973	1033	0
FTCD_+_47575452.23-P1	1384	1	1243	2
FTCD_-_47562204.23-P2	0	0	94	0
FTH1_+_61734611.23-P1P2	7651	2161	1854	5
FTH1_+_61734626.23-P1P2	1062	4	596	1
FTH1_+_61734636.23-P1P2	3667	4	1638	2283
FTH1_-_61734588.23-P1P2	2495	1	255	1
FTH1_-_61734683.23-P1P2	928	0	874	0
FTL_+_49468653.23-P1P2	963	0	300	0
FTL_+_49468852.23-P1P2	8	2951	1025	1537
FTL_+_49469010.23-P1P2	4837	3	1575	1
FTL_+_49469019.23-P1P2	1618	2	521	2442
FTL_-_49468967.23-P1P2	1	0	579	0
FUK_+_70488509.23-P1P2	2093	1	1272	1497
FUK_+_70488543.23-P1P2	697	2	1753	1268
FUK_+_70488701.23-P1P2	4	0	839	1894
FUK_-_70488529.23-P1P2	361	4374	1521	1999
FUK_-_70488551.23-P1P2	0	0	1161	1
FXYD2_+_117695367.23-P1	0	1	249	0
FXYD2_+_117695370.23-P1	5	4738	865	8
FXYD2_+_117698373.23-P2	1201	4189	984	508
FXYD2_+_117698708.23-P2	0	0	335	0
FXYD2_+_117698783.23-P2	392	4615	1655	3
FXYD2_-_117695004.23-P1	1454	9604	793	2935
FXYD2_-_117695307.23-P1	4	2864	630	1445
FXYD2_-_117695409.23-P1	526	2	780	828
FXYD2_-_117698401.23-P2	1	0	605	0
FXYD2_-_117698753.23-P2	5	0	742	1417
FYN_+_112194476.23-P1P2	1450	4	461	1735
FYN_+_112194573.23-P1P2	0	2	589	1633
FYN_+_112194611.23-P1P2	2	3	1447	2934
FYN_-_112194552.23-P1P2	3795	7190	2791	5073
FYN_-_112194589.23-P1P2	0	0	1287	160
G6PC2_+_169757849.23-P1P2	3224	4791	2384	5341
G6PC2_+_169757897.23-P1P2	2163	1	1	1
G6PC2_-_169757858.23-P1P2	1	2	682	1627
G6PC2_-_169757948.23-P1P2	1193	2485	261	3
G6PC2_-_169758033.23-P1P2	1300	3	1101	492
G6PC3_+_42148275.23-P1P2	0	1	777	1100
G6PC3_+_42148290.23-P1P2	703	2540	1772	1560
G6PC3_+_42148328.23-P1P2	1091	2	1529	3354
G6PC3_+_42148587.23-P1P2	6	10885	719	5
G6PC3_+_42148615.23-P1P2	1	0	833	0
G6PC_+_41053017.23-P1P2	1	0	497	0
G6PC_+_41053224.23-P1P2	1	2	1299	0
G6PC_+_41053248.23-P1P2	1	1	1281	1023
G6PC_-_41052854.23-P1P2	0	0	702	0
G6PC_-_41052899.23-P1P2	1853	1	711	0
GAA_+_78075599.23-P1P2	1468	2349	295	3400
GAA_+_78075602.23-P1P2	4	3419	1190	1922
GAA_+_78075795.23-P1P2	1	0	804	1
GAA_+_78075802.23-P1P2	1568	2	779	1364
GAA_-_78075387.23-P1P2	816	0	1295	1740
GABBR1_+_29595399.23-P1	8	4755	2524	1730
GABBR1_+_29595758.23-P1	5474	5	2679	3
GABBR1_+_29595761.23-P1	3666	5	992	4393
GABBR1_+_29595764.23-P1	4108	2755	2357	2
GABBR1_+_29600388.23-P2	0	0	146	0
GABBR1_+_29600584.23-P2	2212	3	715	3420
GABBR1_+_29600743.23-P2	0	0	259	1
GABBR1_+_29600967.23-P2	1372	1	119	1
GABBR1_-_29595723.23-P1	0	0	0	0
GABBR1_-_29600936.23-P2	0	0	243	0
GABBR2_+_101470817.23-P1P2	2649	2	4770	4
GABBR2_+_101470820.23-P1P2	1050	3	1597	2148
GABBR2_-_101470734.23-P1P2	3	0	921	2029
GABBR2_-_101470780.23-P1P2	2509	0	1172	3
GABBR2_-_101471174.23-P1P2	3	5732	1602	2054
GABRA1_+_161275363.23-P1P2	1280	8048	780	3
GABRA1_+_161275377.23-P1P2	1243	1	795	0
GABRA1_-_161275214.23-P1P2	1334	2	858	1663
GABRA1_-_161275421.23-P1P2	6	0	1476	1907
GABRA1_-_161275618.23-P1P2	1	0	806	1129
GABRA2_+_46391640.23-P1P2	6	3	794	4161
GABRA2_+_46391927.23-P1P2	1	0	308	1811
GABRA2_-_46391974.23-P1P2	1994	1	1292	1
GABRA2_-_46391977.23-P1P2	0	1	667	0
GABRA2_-_46392008.23-P1P2	1	0	485	0
GABRA3_+_151619477.23-P1P2	2	0	1006	0
GABRA3_+_151619682.23-P1P2	1216	0	323	0
GABRA3_+_151619738.23-P1P2	1791	1	1974	1081
GABRA3_-_151619272.23-P1P2	0	0	0	0
GABRA3_-_151619548.23-P1P2	1476	1	528	0
GABRA4_+_46995154.23-P1P2	2650	4	927	1849
GABRA4_+_46995178.23-P1P2	1706	1	711	1587
GABRA4_-_46995083.23-P1P2	0	0	34	0
GABRA4_-_46995086.23-P1P2	3	8557	799	6
GABRA4_-_46995518.23-P1P2	1000	2	1077	1231
GABRA5_+_27112611.23-P1P2	0	1	561	0
GABRA5_-_27112253.23-P1P2	866	3127	1189	1
GABRA5_-_27112425.23-P1P2	690	1985	2042	850
GABRA5_-_27112595.23-P1P2	0	0	0	0
GABRA5_-_27112641.23-P1P2	0	1	112	0
GABRA6_+_161112696.23-P1P2	0	0	0	0
GABRA6_+_161112773.23-P1P2	1	0	851	0
GABRA6_+_161113094.23-P1P2	0	1	259	0
GABRA6_-_161112962.23-P1P2	1	1	1006	1435
GABRA6_-_161113235.23-P1P2	0	0	487	1
GABRB1_+_47033598.23-P1P2	3103	1	1350	2
GABRB1_+_47033606.23-P1P2	1207	1	331	0
GABRB1_+_47034051.23-P1P2	348	4158	627	0
GABRB1_-_47033589.23-P1P2	2476	2	1067	1208
GABRB1_-_47034022.23-P1P2	9	14085	1061	13
GABRB2_+_160973696.23-P1P2	1119	0	1194	0
GABRB2_-_160973248.23-P1P2	0	1	304	0
GABRB2_-_160973253.23-P1P2	4	1461	398	0
GABRB2_-_160973456.23-P1P2	0	0	789	0
GABRB2_-_160973590.23-P1P2	1509	4	3364	1737
GABRB3_+_27017780.23-P1P2	1106	3097	1335	3
GABRB3_+_27018023.23-P1P2	2785	0	1329	1
GABRB3_+_27018148.23-P1P2	3029	615	1528	2895
GABRB3_+_27018151.23-P1P2	1736	0	2085	4312
GABRB3_+_27018161.23-P1P2	1339	1705	2129	1392
GABRD_+_1950823.23-P1P2	3	1	1107	1796
GABRD_+_1951088.23-P1P2	3	9588	1253	1747
GABRD_+_1951115.23-P1P2	2884	2	1210	1445
GABRD_-_1951194.23-P1P2	1929	8575	2251	1
GABRD_-_1951258.23-P1P2	2501	0	2309	1082
GABRE_+_151142699.23-P1P2	1329	1529	1558	1
GABRE_+_151142720.23-P1P2	148	4	1111	5506
GABRE_-_151142725.23-P1P2	7	1876	2744	1607
GABRE_-_151143078.23-P1P2	3	4466	1516	776
GABRE_-_151143149.23-P1P2	5	2290	1046	1454
GABRG1_+_46125536.23-P1P2	0	0	127	0
GABRG1_+_46125809.23-P1P2	2	2	1080	1961
GABRG1_+_46125869.23-P1P2	1456	0	514	0
GABRG1_-_46126023.23-P1P2	4	1	1149	1858
GABRG1_-_46126061.23-P1P2	3	4137	1415	0
GABRG2_+_161495106.23-P1P2	4	0	331	1852
GABRG2_-_161495256.23-P1P2	0	0	931	1
GABRG2_-_161495269.23-P1P2	1698	1	523	1
GABRG2_-_161495518.23-P1P2	4	2215	1475	1
GABRG2_-_161495543.23-P1P2	3188	1	659	1706
GABRG3_+_27216363.23-P1P2	5235	7	1939	1437
GABRG3_+_27216537.23-P1P2	3739	4	298	1845
GABRG3_+_27216711.23-P1P2	1172	6	2583	1178
GABRG3_-_27216525.23-P1P2	1	0	978	0
GABRG3_-_27216788.23-P1P2	1088	1	679	1947
GABRP_+_170209722.23-P1P2	0	0	0	0
GABRP_+_170210726.23-P1P2	1	0	341	0
GABRP_-_170210741.23-P1P2	1	0	239	0
GABRP_-_170210765.23-P1P2	2105	2	1516	1881
GABRP_-_170210772.23-P1P2	1373	1	793	2
GABRQ_+_151806345.23-P1P2	1059	4	3676	3573
GABRQ_+_151806402.23-P1P2	0	1	234	1408
GABRQ_+_151806567.23-P1P2	1	2	725	1820
GABRQ_+_151806596.23-P1P2	2830	3	1229	3433
GABRQ_+_151806776.23-P1P2	1254	3182	1483	1816
GABRR1_+_89926587.23-P1P2	5	4	909	1621
GABRR1_+_89927012.23-P1P2	1680	0	487	1
GABRR1_+_89927034.23-P1P2	0	0	0	0
GABRR1_-_89926688.23-P1P2	1583	3003	621	4
GABRR1_-_89927043.23-P1P2	1380	0	277	1
GABRR2_+_90024955.23-P1P2	2785	0	139	1
GABRR2_+_90024973.23-P1P2	1190	1	726	1458
GABRR2_-_90024557.23-P1P2	1320	0	1199	947
GABRR2_-_90024949.23-P1P2	3211	3773	2278	903
GABRR2_-_90024984.23-P1P2	1128	6	1550	5780
GABRR3_+_97753732.23-P1P2	2	3046	825	0
GABRR3_+_97754091.23-P1P2	3	0	1232	0
GABRR3_-_97753709.23-P1P2	0	0	247	2
GABRR3_-_97753738.23-P1P2	5	5421	1761	1571
GABRR3_-_97754160.23-P1P2	155	2	193	1779
GAD1_+_171673381.23-P1P2	1871	3175	646	0
GAD1_+_171673475.23-P1P2	1721	2	2731	0
GAD1_+_171673776.23-P1P2	1717	5	1290	3169
GAD1_-_171673442.23-P1P2	0	0	966	0
GAD1_-_171673809.23-P1P2	0	2	611	2813
GAD2_+_26505385.23-P1P2	24	0	636	0
GAD2_+_26505735.23-P1P2	3	2	1915	0
GAD2_+_26505978.23-P1P2	1	0	355	1968
GAD2_+_26506126.23-P1P2	2103	1	737	0
GAD2_-_26505751.23-P1P2	2	0	1917	1
GADL1_+_30936068.23-P1P2	1424	0	172	1
GADL1_+_30936182.23-P1P2	1991	1	873	0
GADL1_-_30936158.23-P1P2	1308	0	903	1
GADL1_-_30936244.23-P1P2	1599	4422	496	4
GADL1_-_30936250.23-P1P2	850	2	2129	2
GAK_+_925744.23-P1P2	0	0	1294	54
GAK_+_926062.23-P1P2	2919	0	1725	1
GAK_+_926066.23-P1P2	803	4	839	2
GAK_+_926096.23-P1P2	2031	2623	691	3022
GAK_-_926017.23-P1P2	1339	0	0	0
GALE_+_24127194.23-P1P2	2649	5	2151	5658
GALE_+_24127219.23-P1P2	1	1	1301	1736
GALE_-_24126807.23-P1P2	1224	1	470	1798
GALE_-_24126869.23-P1P2	1947	1	1672	1
GALE_-_24127237.23-P1P2	1772	2	1825	3351
GALK1_+_73761090.23-P1P2	9232	2726	2807	3293
GALK1_+_73761141.23-P1P2	705	2941	264	0
GALK1_+_73761186.23-P1P2	2613	5	1322	1434
GALK1_+_73761213.23-P1P2	2542	6536	3223	3244
GALK1_-_73761198.23-P1P2	3211	4922	2721	4928
GALK2_+_49447955.23-P1	0	2	1226	1458
GALK2_+_49448017.23-P1	3424	5247	1989	3876
GALK2_+_49462866.23-P2	1393	1	695	0
GALK2_+_49462885.23-P2	1510	3872	1685	1
GALK2_-_49448020.23-P1	6	4	1341	3543
GALK2_-_49448043.23-P1	1372	2788	3433	3
GALK2_-_49448049.23-P1	11	5981	2375	5277
GALK2_-_49462496.23-P2	2029	0	343	1
GALK2_-_49462522.23-P2	439	1	240	0
GALK2_-_49462558.23-P2	1202	2	628	0
GALM_+_38893290.23-P1P2	0	0	179	0
GALM_+_38893299.23-P1P2	6	1	1642	1834
GALM_-_38893274.23-P1P2	3165	1	1755	2021
GALM_-_38893591.23-P1P2	0	0	148	0
GALM_-_38893652.23-P1P2	2070	13636	1843	2687
GALNT1_+_33234666.23-ENST00000269195.5	1	2552	490	2
GALNT1_+_33234913.23-ENST00000269195.5	2	3249	1044	1953
GALNT1_-_33234653.23-ENST00000269195.5	4089	2	1825	903
GALNT1_-_33234676.23-ENST00000269195.5	1	0	380	0
GALNT1_-_33235055.23-ENST00000269195.5	0	0	992	0
GAPDHS_+_36024581.23-P1P2	0	0	86	0
GAPDHS_+_36024827.23-P1P2	0	2	822	0
GAPDHS_-_36024772.23-P1P2	2989	2	2330	1008
GAPDHS_-_36024815.23-P1P2	0	0	922	0
GAPDHS_-_36024834.23-P1P2	1248	1	219	0
GAPDH_+_6647523.23-P2	1641	0	339	0
GAPDH_+_6647534.23-P2	2	1	374	0
GAPDH_+_6647546.23-P2	0	0	427	0
GAPDH_-_6643745.23-P1	0	1	316	0
GAPDH_-_6643761.23-P1	0	0	0	0
GAPDH_-_6643770.23-P1	4	5738	126	4
GAPDH_-_6643785.23-P1	0	0	455	0
GAPDH_-_6643947.23-P1	0	2	717	0
GAPDH_-_6647118.23-P2	404	3191	1723	4000
GAPDH_-_6647601.23-P2	1	0	1012	0
GARS_+_30634546.23-P1P2	1	2	1317	2122
GARS_+_30634632.23-P1P2	1	0	500	0
GARS_+_30634659.23-P1P2	1094	2976	1607	3
GARS_+_30634882.23-P1P2	0	0	771	0
GARS_+_30634903.23-P1P2	0	0	122	0
GART_+_34914420.23-P1P2	1788	4	1893	3239
GART_-_34914357.23-P1P2	1194	3	778	1973
GART_-_34914382.23-P1P2	942	6212	1357	3361
GART_-_34915123.23-P1P2	1192	0	904	0
GART_-_34915135.23-P1P2	0	0	733	26
GATM_+_45670367.23-P1	342	0	937	1
GATM_+_45670690.23-P1	4	5399	2282	4827
GATM_+_45694014.23-P2	2	0	1000	0
GATM_+_45694355.23-P2	5467	2805	1635	3402
GATM_+_45694358.23-P2	0	0	112	0
GATM_-_45670271.23-P1	3929	5	2247	4
GATM_-_45670281.23-P1	1367	1	120	175
GATM_-_45670345.23-P1	223	3369	285	4
GATM_-_45694388.23-P2	0	0	0	0
GATM_-_45694399.23-P2	0	0	0	0
GBA_+_155210903.23-P1	0	1	390	0
GBA_+_155211024.23-P1	2132	2	1518	3576
GBA_+_155211038.23-P1	5242	1248	2363	3
GBA_+_155214346.23-P2	4884	4700	1578	3
GBA_-_155210938.23-P1	1332	0	105	1
GBA_-_155211054.23-P1	2	6	1236	1944
GBA_-_155214327.23-P2	3943	3	2444	1
GBA_-_155214372.23-P2	1787	2	2111	1
GBA_-_155214386.23-P2	1316	3	671	2134
GBA_-_155214411.23-P2	1175	0	640	0
GCAT_+_38203937.23-P1P2	3883	2	1705	1653
GCAT_+_38204376.23-P1P2	0	1	587	0
GCAT_+_38204395.23-P1P2	0	0	85	0
GCAT_-_38203942.23-P1P2	1601	3	1932	772
GCAT_-_38203979.23-P1P2	1808	6	459	1614
GCA_+_163200647.23-P1P2	2	2513	1687	2
GCA_+_163200688.23-P1P2	1	0	785	1776
GCA_+_163200740.23-P1P2	1076	9	2196	6934
GCA_+_163200865.23-P1P2	0	0	485	0
GCA_+_163201074.23-P1P2	3101	1	870	1
GCDH_+_13002036.23-P1P2	3004	10	1234	1706
GCDH_-_13002021.23-P1P2	2	0	535	1932
GCDH_-_13002025.23-P1P2	2	3150	237	2
GCDH_-_13002046.23-P1P2	3852	2304	3275	1217
GCDH_-_13002084.23-P1P2	3	550	2038	3
GCGR_+_79762062.23-P1P2	1555	2	2427	3
GCGR_+_79762359.23-P1P2	2671	1	1780	2355
GCGR_-_79762052.23-P1P2	2	1	663	0
GCGR_-_79762059.23-P1P2	2362	4	1822	1609
GCGR_-_79762088.23-P1P2	1360	3	2043	4503
GCH1_+_55369117.23-P1P2	2912	4	960	1693
GCH1_+_55369485.23-P1P2	751	0	735	0
GCH1_-_55369160.23-P1P2	5	0	1373	1196
GCH1_-_55369491.23-P1P2	1466	5313	3204	3744
GCH1_-_55369495.23-P1P2	788	1832	939	1836
GCK_+_44228636.23-P1P2	849	1	1058	852
GCK_+_44228655.23-P1P2	10	5703	899	4920
GCK_+_44229002.23-P1P2	1655	2	1466	0
GCK_+_44229021.23-P1P2	2792	2	651	2791
GCK_-_44228603.23-P1P2	4187	3	709	2
GCSH_+_81129725.23-P1P2	2646	5223	1762	1339
GCSH_+_81129734.23-P1P2	942	0	1122	2
GCSH_-_81129522.23-P1P2	2	7824	397	1
GCSH_-_81129970.23-P1P2	934	2	1939	1
GCSH_-_81129987.23-P1P2	7	9401	1460	1607
GDI1_+_153665494.23-P1P2	0	0	349	0
GDI1_+_153665932.23-P1P2	2	2264	1110	0
GDI1_-_153665561.23-P1P2	2024	3520	1253	1665
GDI1_-_153665564.23-P1P2	1	1	1361	3526
GDI1_-_153665603.23-P1P2	502	2403	1335	4086
GFER_-_2034199.23-P1P2	768	0	276	0
GFER_-_2034222.23-P1P2	2	1	1126	2
GFER_-_2034225.23-P1P2	0	0	364	0
GFER_-_2034253.23-P1P2	0	0	109	0
GFER_-_2034422.23-P1P2	559	0	488	0
GGCX_+_85788198.23-P1P2	1281	2	2252	1575
GGCX_+_85788544.23-P1P2	0	0	1127	0
GGCX_+_85788584.23-P1P2	1810	5405	1927	990
GGCX_-_85788211.23-P1P2	1	8	1153	9560
GGCX_-_85788600.23-P1P2	5672	7	2040	1548
GGPS1_+_235491914.23-P1P2	0	0	172	0
GGPS1_+_235492325.23-P1P2	716	857	453	1037
GGPS1_-_235491895.23-P1P2	1555	0	175	0
GGPS1_-_235491899.23-P1P2	1520	0	210	1
GGPS1_-_235492301.23-P1P2	1719	1	167	3
GHRHR_+_31003705.23-P2	2517	3	883	1374
GHRHR_+_31023845.23-P1	2280	2	1272	3520
GHRHR_-_31003652.23-P2	1	0	307	0
GHRHR_-_31003659.23-P2	3277	3995	1235	1556
GHRHR_-_31003662.23-P2	1535	4977	680	1
GHRHR_-_31003676.23-P2	1	0	635	1
GHRHR_-_31023471.23-P1	4900	5	3108	5212
GHRHR_-_31023490.23-P1	5363	6	4631	5992
GHRHR_-_31023809.23-P1	2640	1	1298	2
GHRHR_-_31023974.23-P1	2	0	297	1320
GIT1_+_27916614.23-P1P2	1071	2578	1527	418
GIT1_+_27916617.23-P1P2	4976	4	1082	2022
GIT1_-_27916157.23-P1P2	554	0	981	0
GIT1_-_27916185.23-P1P2	3701	2675	2492	2
GIT1_-_27916201.23-P1P2	1203	1	2274	0
GIT2_+_110433842.23-P1P2	1459	6890	1208	1438
GIT2_+_110434146.23-P1P2	1296	2	2436	2840
GIT2_-_110433758.23-P1P2	0	0	0	0
GIT2_-_110434123.23-P1P2	1144	4	1109	3828
GIT2_-_110434126.23-P1P2	5824	4	1216	1539
GK2_+_80329298.23-P1P2	2353	1	482	1226
GK2_+_80329313.23-P1P2	3349	2	1393	1136
GK2_+_80329350.23-P1P2	2410	4	980	3185
GK2_-_80329365.23-P1P2	1	2	1253	0
GK2_-_80329369.23-P1P2	1	304	1561	0
GK5_+_141944328.23-P1P2	1	0	950	1
GK5_-_141943971.23-P1P2	0	2	682	0
GK5_-_141943975.23-P1P2	1	1	1499	3
GK5_-_141944378.23-P1P2	1	0	897	0
GK5_-_141944423.23-P1P2	1346	0	514	0
GKAP1_+_86432161.23-P1P2	521	1012	1951	2
GKAP1_+_86432288.23-P1P2	3985	2	1099	1314
GKAP1_+_86432624.23-P1P2	10	4	1588	3052
GKAP1_+_86432634.23-P1P2	0	0	0	0
GKAP1_-_86432300.23-P1P2	2715	6	1974	3578
GK_+_30671519.23-P1P2	2434	2778	1922	6083
GK_+_30671976.23-P1P2	1	0	450	0
GK_-_30671518.23-P1P2	3287	3	967	615
GK_-_30671549.23-P1P2	1188	6182	880	1268
GK_-_30671988.23-P1P2	857	1809	1818	3
GLA_+_100662763.23-P1P2	0	0	234	0
GLA_+_100662879.23-P1P2	3172	11983	2251	4041
GLA_-_100662322.23-P1P2	1608	1	781	1
GLA_-_100662505.23-P1P2	1551	4592	975	1365
GLA_-_100662510.23-P1P2	0	0	357	0
GLDC_+_6645226.23-P1P2	4	3733	880	3
GLDC_+_6645604.23-P1P2	964	3	1782	7096
GLDC_+_6645718.23-P1P2	739	0	802	0
GLDC_-_6645257.23-P1P2	1245	4347	3926	4
GLDC_-_6645734.23-P1P2	1	5068	679	2
GLIPR2_-_36136750.23-P1P2	4623	8266	3164	3457
GLIPR2_-_36136779.23-P1P2	7019	2687	3337	6991
GLIPR2_-_36136800.23-P1P2	2633	1	893	1836
GLIPR2_-_36137096.23-P1P2	1159	1	262	0
GLIPR2_-_36137256.23-P1P2	6084	6601	2571	3055
GLP1R_+_39016550.23-P1P2	5865	5	3907	1149
GLP1R_+_39016576.23-P1P2	2531	1	1689	1485
GLP1R_+_39016921.23-P1P2	1049	1	1355	1
GLP1R_+_39017038.23-P1P2	3231	1	1312	1
GLP1R_-_39016671.23-P1P2	4329	6	1458	5252
GLP2R_+_9746298.23-P1P2	0	0	644	1
GLP2R_+_9746308.23-P1P2	1558	0	554	0
GLP2R_-_9745879.23-P1P2	1590	0	320	1745
GLP2R_-_9745887.23-P1P2	2	1	685	1
GLP2R_-_9746317.23-P1P2	1339	0	669	1441
GLRA1_+_151304321.23-P1P2	4657	1669	1601	1720
GLRA1_+_151304334.23-P1P2	12	12182	1092	2
GLRA1_-_151303990.23-P1P2	2	1	656	1570
GLRA1_-_151304299.23-P1P2	884	0	844	792
GLRA1_-_151304326.23-P1P2	7176	4890	2352	3439
GLRA2_+_14547655.23-P1P2	2448	1	248	0
GLRA2_+_14547715.23-P1P2	1306	2	222	1891
GLRA2_+_14547718.23-P1P2	3071	7782	2905	2614
GLRA2_+_14547829.23-P1P2	868	1	1300	0
GLRA2_+_14547976.23-P1P2	1641	0	783	848
GLRA3_+_175750226.23-P1P2	2216	2	2923	3
GLRA3_+_175750367.23-P1P2	4653	2	995	1192
GLRA3_-_175749968.23-P1P2	982	0	553	2
GLRA3_-_175750339.23-P1P2	0	2	1525	0
GLRA3_-_175750436.23-P1P2	2601	3	1413	4978
GLRB_+_157997351.23-P1P2	878	4211	951	1
GLRB_+_157997365.23-P1P2	4	0	1407	3715
GLRB_+_157997389.23-P1P2	557	0	416	530
GLRB_+_157997405.23-P1P2	2522	2	1701	1898
GLRB_-_157997703.23-P1P2	5	2	551	2587
GLRX2_+_193074229.23-P1P2	1419	2	1584	670
GLRX2_+_193074503.23-P1P2	0	0	535	0
GLRX2_+_193074520.23-P1P2	0	0	675	1
GLRX2_+_193074552.23-P1P2	1487	4518	515	2
GLRX2_-_193074513.23-P1P2	1923	1	1204	0
GLRX_+_95157952.23-P1P2	5	1	1472	1602
GLRX_+_95157978.23-P1P2	2	0	1371	2109
GLRX_+_95158285.23-P1P2	2957	2	1729	4324
GLRX_-_95158301.23-P1P2	11	9648	1423	5
GLRX_-_95158447.23-P1P2	422	4165	1742	2
GLS2_-_56881684.23-P1P2	1610	0	508	0
GLS2_-_56881785.23-P1P2	3227	1473	1893	3799
GLS2_-_56881814.23-P1P2	3161	3346	1800	3167
GLS2_-_56882109.23-P1P2	0	0	968	0
GLS2_-_56882125.23-P1P2	8	8783	494	2989
GLS_+_191745555.23-P1P2	1740	2163	780	873
GLS_+_191745776.23-P1P2	3832	890	1798	2
GLS_+_191745897.23-P1P2	2	0	876	1816
GLS_-_191745585.23-P1P2	2	3388	1033	1401
GLS_-_191745808.23-P1P2	2409	2495	400	3
GLT6D1_+_138530911.23-ENST00000371763.1	1	1	485	0
GLT6D1_-_138531123.23-ENST00000371763.1	692	0	593	0
GLT6D1_-_138531145.23-ENST00000371763.1	1	1098	832	1982
GLT6D1_-_138531193.23-ENST00000371763.1	1258	1	1077	735
GLT6D1_-_138531351.23-ENST00000371763.1	3	3	1510	1080
GLTP_+_110318264.23-P1P2	4	2407	1851	1652
GLTP_-_110317840.23-P1P2	1250	3206	1520	1
GLTP_-_110317845.23-P1P2	1533	0	924	0
GLTP_-_110317889.23-P1P2	1365	1	623	0
GLTP_-_110318088.23-P1P2	900	1	358	1647
GLUD1_-_88854537.23-P1P2	747	1	1362	3710
GLUD1_-_88854542.23-P1P2	902	2	116	2076
GLUD1_-_88854545.23-P1P2	0	1	113	0
GLUD1_-_88854555.23-P1P2	1	0	214	1346
GLUD1_-_88854597.23-P1P2	1366	4	1033	1665
GLUD2_+_120181448.23-P1P2	1590	2	462	3569
GLUD2_+_120181453.23-P1P2	0	0	513	0
GLUD2_+_120181508.23-P1P2	1277	1	577	0
GLUD2_+_120181533.23-P1P2	0	4	877	0
GLUD2_+_120181543.23-P1P2	1167	8235	1366	0
GLUL_+_182360122.23-P1P2	642	1	1732	948
GLUL_+_182360471.23-P1P2	0	0	72	0
GLUL_+_182360879.23-P1P2	1296	2	472	1
GLUL_+_182360910.23-P1P2	2639	1508	1328	2501
GLUL_-_182360635.23-P1P2	1572	6	902	4170
GLYATL1_+_58706973.23-P1	716	0	896	0
GLYATL1_+_58707008.23-P1	1	0	483	2016
GLYATL1_+_58707092.23-P1	1	0	325	0
GLYATL1_+_58710900.23-P2	4	7254	641	1810
GLYATL1_-_58706972.23-P1	1300	1	1271	3247
GLYATL1_-_58707043.23-P1	1435	3914	1401	2238
GLYATL1_-_58711031.23-P2	1785	3	1356	1993
GLYATL1_-_58711083.23-P2	1626	3	1360	1792
GLYATL1_-_58711243.23-P2	1992	1922	1439	2
GLYATL1_-_58711254.23-P2	1595	1	765	0
GLYATL2_+_58611924.23-P1P2	1991	5504	2114	5
GLYATL2_-_58611705.23-P1P2	1018	2	683	2
GLYATL2_-_58611808.23-P1P2	0	0	608	0
GLYATL2_-_58611961.23-P1P2	1530	0	216	1406
GLYATL2_-_58612130.23-P1P2	2706	1	107	1
GLYAT_+_58499186.23-P1P2	960	0	1153	946
GLYAT_+_58499380.23-P1P2	1470	5096	806	0
GLYAT_+_58499391.23-P1P2	1	2241	1694	0
GLYAT_-_58498968.23-P1P2	0	0	702	2
GLYAT_-_58499365.23-P1P2	1605	1	1376	0
GM2A_+_150632764.23-P1P2	916	1	1584	1745
GM2A_+_150632774.23-P1P2	0	0	641	0
GM2A_+_150632784.23-P1P2	1191	0	884	0
GM2A_+_150632799.23-P1P2	0	0	0	0
GM2A_+_150633210.23-P1P2	9	4943	1050	1367
GMDS_+_2245477.23-P1P2	1814	2	2220	1929
GMDS_+_2245796.23-P1P2	1641	3	1536	649
GMDS_+_2245799.23-P1P2	1	0	846	0
GMDS_-_2245355.23-P1P2	982	0	351	1
GMDS_-_2245815.23-P1P2	5	5165	2083	2055
GMPR_+_16238978.23-P1P2	7	3	1907	2199
GMPR_+_16239228.23-P1P2	2845	1	1894	2
GMPR_-_16238986.23-P1P2	0	0	803	1
GMPR_-_16239014.23-P1P2	1126	5	2500	0
GMPR_-_16239175.23-P1P2	1383	2	1778	3
GNAT1_+_50229101.23-P1	1846	6873	1342	3
GNAT1_+_50229466.23-P1	1852	1	1192	4
GNAT1_+_50229504.23-P1	917	2641	1944	3298
GNAT1_+_50230300.23-P2	0	0	0	0
GNAT1_+_50230333.23-P2	0	1	289	0
GNAT1_+_50230550.23-P2	0	0	647	1
GNAT1_+_50230568.23-P2	724	1	765	0
GNAT1_-_50229164.23-P1	1937	7	1138	3595
GNAT1_-_50229448.23-P1	0	1	1449	0
GNAT1_-_50230342.23-P2	1277	4060	652	3419
GNB1_+_1821866.23-P1P2	1273	0	710	0
GNB1_+_1822478.23-P1P2	1707	5499	781	1955
GNB1_-_1822119.23-P1P2	2635	1	2452	1517
GNB1_-_1822505.23-P1P2	1387	3	1246	1630
GNB1_-_1822511.23-P1P2	1285	0	1146	1663
GNE_+_36257972.23-P1P2	2280	0	925	1828
GNE_+_36258064.23-P1P2	4	2	1044	1816
GNE_+_36258410.23-P1P2	2586	4	1106	3045
GNE_-_36258002.23-P1P2	6343	4	1687	3
GNE_-_36258191.23-P1P2	5035	1508	2913	1770
GNG2_+_52327375.23-P1P2	1	0	1206	0
GNG2_+_52327382.23-P1P2	1286	2	278	3511
GNG2_+_52327394.23-P1P2	907	3550	2712	2
GNG2_-_52327408.23-P1P2	1	0	242	0
GNG2_-_52327621.23-P1P2	1908	1	946	1662
GNGT1_-_93535912.23-P1P2	0	0	551	0
GNGT1_-_93535922.23-P1P2	2	1	1006	1302
GNGT1_-_93536213.23-P1P2	1597	2066	1420	1253
GNGT1_-_93536227.23-P1P2	1	2023	153	0
GNGT1_-_93536346.23-P1P2	1	0	795	0
GNLY_+_85921534.23-P1P2	1640	4593	1528	4
GNLY_+_85921539.23-P1P2	1936	0	1412	2
GNLY_+_85921558.23-P1P2	1614	1	1408	0
GNLY_+_85921603.23-P1P2	1	1917	416	1
GNLY_-_85921510.23-P1P2	0	0	105	0
GNMT_+_42928548.23-P1P2	1947	0	480	1
GNMT_-_42928174.23-P1P2	0	0	566	0
GNMT_-_42928541.23-P1P2	1065	2	1798	1892
GNMT_-_42928807.23-P1P2	1	3	1617	1220
GNMT_-_42928897.23-P1P2	1017	5268	1306	3
GNPDA1_+_141392542.23-P1P2	3	1	1063	3828
GNPDA1_+_141392550.23-P1P2	1574	1104	1209	4
GNPDA1_-_141392135.23-P1P2	3	957	716	1753
GNPDA1_-_141392164.23-P1P2	1404	4	1794	4571
GNPDA1_-_141392562.23-P1P2	1	1718	1588	1105
GNRHR_+_68620049.23-P1P2	2	0	687	938
GNRHR_+_68620058.23-P1P2	690	1	58	713
GNRHR_-_68619634.23-P1P2	2708	4	1447	4
GNRHR_-_68619639.23-P1P2	0	0	367	0
GNRHR_-_68619673.23-P1P2	0	0	1460	0
GOT1_+_101190059.23-P1P2	918	2	773	3587
GOT1_+_101190144.23-P1P2	2	4258	1028	3
GOT1_+_101190383.23-P1P2	1	0	708	0
GOT1_-_101190312.23-P1P2	4773	1	1976	0
GOT1_-_101190398.23-P1P2	2281	2183	1920	3585
GOT2_+_58767777.23-P1P2	2270	4	1120	3782
GOT2_-_58767684.23-P1P2	3500	1227	318	3
GOT2_-_58767838.23-P1P2	2	5198	287	2
GOT2_-_58768144.23-P1P2	1156	5	626	3386
GOT2_-_58768198.23-P1P2	4178	7714	2003	4
GP1BA_+_4835561.23-P1P2	0	0	406	0
GP1BA_+_4835616.23-P1P2	2	0	405	876
GP1BA_+_4835635.23-P1P2	1	2	1505	1486
GP1BA_-_4835599.23-P1P2	0	0	451	0
GP1BA_-_4835613.23-P1P2	725	6949	862	1
GP9_+_128779619.23-P1P2	2	2	532	1838
GP9_+_128779645.23-P1P2	1031	3	2571	5353
GP9_+_128780061.23-P1P2	1	0	586	1554
GP9_-_128779684.23-P1P2	1	0	566	0
GP9_-_128779693.23-P1P2	1568	0	1466	1
GPD1_+_50498182.23-P1P2	0	0	343	0
GPD1_-_50497793.23-P1P2	2711	2873	1118	1
GPD1_-_50497828.23-P1P2	1	0	360	0
GPD1_-_50497836.23-P1P2	1657	7464	2465	4266
GPD1_-_50498241.23-P1P2	946	3	1117	1562
GPR18_+_99910168.23-P1P2	0	0	265	0
GPR18_+_99910456.23-P1P2	1418	9770	1019	5
GPR18_-_99910598.23-P1P2	4	4	1782	1341
GPR18_-_99910604.23-P1P2	1468	1	1942	2
GPR18_-_99910611.23-P1P2	2823	1	1467	3
GPRC5A_+_13044515.23-P1	1175	5705	1781	1568
GPRC5A_+_13044579.23-P1	0	0	387	1455
GPRC5A_+_13061925.23-P2	1183	2483	1236	999
GPRC5A_+_13061934.23-P2	0	1494	521	1
GPRC5A_+_13061969.23-P2	0	1	724	1914
GPRC5A_-_13044529.23-P1	1517	5837	708	0
GPRC5A_-_13044967.23-P1	3999	1	673	2
GPRC5A_-_13044976.23-P1	1342	4117	1730	1589
GPRC5A_-_13061940.23-P2	1967	1418	1731	0
GPRC5A_-_13062126.23-P2	5	3136	1603	3685
GPT2_+_46918362.23-P1P2	1066	5266	1927	3242
GPT2_+_46918601.23-P1P2	1	4139	285	1
GPT2_-_46918266.23-P1P2	1208	1	1700	0
GPT2_-_46918372.23-P1P2	0	0	137	0
GPT2_-_46918639.23-P1P2	3070	5	1707	1983
GPX1_+_49395777.23-P1P2	966	2	808	1004
GPX1_+_49395780.23-P1P2	523	0	300	1
GPX1_-_49395380.23-P1P2	5860	7	3512	3449
GPX1_-_49395761.23-P1P2	2265	3	1457	1
GPX1_-_49395766.23-P1P2	0	0	0	0
GPX2_+_65409062.23-P1P2	0	0	0	0
GPX2_+_65409440.23-P1P2	3735	8986	2159	1743
GPX2_+_65409481.23-P1P2	0	0	0	0
GPX2_-_65408975.23-P1P2	1	1	925	2
GPX2_-_65408990.23-P1P2	4	3	1681	3411
GPX3_+_150400191.23-P1P2	1127	4727	1855	1
GPX3_+_150400210.23-P1P2	2107	3	1746	1746
GPX3_+_150400590.23-P1P2	1192	1	856	3442
GPX3_-_150400175.23-P1P2	2	2	1126	1742
GPX3_-_150400548.23-P1P2	1080	9750	1646	4
GPX5_+_28493823.23-P1P2	0	0	339	0
GPX5_+_28493918.23-P1P2	1	2	1186	0
GPX5_+_28494133.23-P1P2	2	1704	205	3973
GPX5_-_28493808.23-P1P2	1	0	330	0
GPX5_-_28494213.23-P1P2	1	1	674	0
GPX6_-_28483123.23-ENST00000361902.1	1297	4584	877	2
GPX6_-_28483145.23-ENST00000361902.1	1741	0	590	0
GPX6_-_28483156.23-ENST00000361902.1	0	3	476	1383
GPX6_-_28483521.23-ENST00000361902.1	1201	1	629	0
GPX6_-_28483526.23-ENST00000361902.1	3	2	1058	1995
GPX7_+_53068038.23-P1P2	1	3626	921	3
GPX7_+_53068116.23-P1P2	3212	4	2717	1
GPX7_+_53068476.23-P1P2	1446	0	741	1348
GPX7_-_53068084.23-P1P2	2445	1500	1285	2326
GPX7_-_53068090.23-P1P2	4400	9	1062	3593
GPX8_+_54456002.23-P1P2	1450	0	1187	1
GPX8_+_54456012.23-P1P2	7	7813	1244	1418
GPX8_+_54456015.23-P1P2	1	0	649	0
GPX8_+_54456026.23-P1P2	4783	0	1258	1
GPX8_+_54456041.23-P1P2	1	3	389	0
GRIA1_-_152870211.23-P1P2	1475	2	1209	1
GRIA1_-_152870655.23-P1P2	741	2	1231	1975
GRIA1_-_152870666.23-P1P2	0	0	415	0
GRIA1_-_152870689.23-P1P2	1360	3178	1719	0
GRIA1_-_152870717.23-P1P2	5	2	1200	1917
GRIA2_+_158141963.23-P1P2	0	0	414	0
GRIA2_+_158141968.23-P1P2	1397	0	1527	4
GRIA2_+_158142047.23-P1P2	0	0	109	0
GRIA2_-_158141995.23-P1P2	0	0	344	1
GRIA2_-_158142037.23-P1P2	900	0	519	0
GRIA3_+_122318551.23-P1P2	4	2	1054	3355
GRIA3_+_122318566.23-P1P2	0	0	0	0
GRIA3_-_122318116.23-P1P2	0	0	1060	0
GRIA3_-_122318521.23-P1P2	3834	5302	3049	7
GRIA3_-_122318561.23-P1P2	8	10	979	3526
GRID1_-_88126110.23-P1P2	2580	3785	1376	2906
GRID1_-_88126122.23-P1P2	1134	5	814	5266
GRID1_-_88126467.23-P1P2	1756	775	2161	4404
GRID1_-_88126538.23-P1P2	5	8197	1405	490
GRID1_-_88126555.23-P1P2	3435	3	1769	0
GRID2_+_93225136.23-P1P2	4	3	1446	1150
GRID2_-_93225131.23-P1P2	3	2739	1351	1790
GRID2_-_93225173.23-P1P2	2368	2354	3367	3450
GRID2_-_93225352.23-P1P2	1373	1	1082	4778
GRID2_-_93225563.23-P1P2	0	0	251	751
GRIK2_+_101847042.23-P1P2	5	7517	2023	1710
GRIK2_+_101847076.23-P1P2	1	1	477	2190
GRIK2_+_101847183.23-P1P2	920	4438	2561	0
GRIK2_-_101847118.23-P1P2	3232	4072	1166	4221
GRIK2_-_101847140.23-P1P2	2	1	1769	0
GRIK3_+_37500085.23-P1P2	1333	1	1604	1515
GRIK3_+_37500088.23-P1P2	3406	0	1639	1
GRIK3_+_37500091.23-P1P2	1396	5663	1525	3
GRIK3_-_37499612.23-P1P2	1778	4	1243	2003
GRIK3_-_37499714.23-P1P2	617	4	1354	4225
GRIK4_+_120382491.23-P1P2	3796	2703	3611	2848
GRIK4_+_120382849.23-P1P2	6	3	624	3665
GRIK4_+_120382860.23-P1P2	3017	2894	416	1
GRIK4_+_120382871.23-P1P2	9	5564	1355	2
GRIK4_-_120382484.23-P1P2	2	0	1288	1395
GRIK5_+_42546649.23-P1P2	2055	4	1206	4472
GRIK5_-_42546540.23-P1P2	2192	5420	3573	5518
GRIK5_-_42546915.23-P1P2	0	0	1280	1202
GRIK5_-_42546953.23-P1P2	0	2	86	0
GRIK5_-_42546984.23-P1P2	0	0	441	1581
GRIN1_+_140033612.23-P1P2	3681	2953	2258	4611
GRIN1_+_140033621.23-P1P2	1351	0	1799	0
GRIN1_-_140033629.23-P1P2	6	2467	1630	2
GRIN1_-_140033647.23-P1P2	807	0	1319	0
GRIN1_-_140034093.23-P1P2	0	0	109	0
GRIN2C_+_72855632.23-P1P2	1257	0	326	2
GRIN2C_+_72855972.23-P1P2	3328	8873	2272	5
GRIN2C_-_72855987.23-P1P2	1	0	1615	999
GRIN2C_-_72856661.23-P1P2	2229	4248	2415	1610
GRIN2C_-_72856682.23-P1P2	3	2	527	1994
GRIN2D_+_48917318.23-P1P2	4	3269	825	6
GRIN2D_-_48917356.23-P1P2	1492	0	372	1
GRIN2D_-_48917359.23-P1P2	1655	1	2079	1
GRIN2D_-_48917386.23-P1P2	2	2142	1059	2
GRIN2D_-_48917786.23-P1P2	0	0	369	0
GRIN3A_+_104500339.23-P1P2	1144	3	1941	2282
GRIN3A_+_104500895.23-P1P2	1	4672	796	1
GRIN3A_+_104500898.23-P1P2	5	2948	721	3701
GRIN3A_+_104500908.23-P1P2	3070	0	1501	4738
GRIN3A_-_104500645.23-P1P2	1611	2294	2899	3498
GRIN3B_+_1000372.23-P1P2	2732	1153	1253	1501
GRIN3B_+_1000392.23-P1P2	4	4828	610	2
GRIN3B_+_1000749.23-P1P2	2323	1	1551	1
GRIN3B_-_1000365.23-P1P2	868	1	1805	1647
GRIN3B_-_1000399.23-P1P2	2375	0	2049	1800
GRK1_+_114321548.23-P1P2	2590	4127	1424	3
GRK1_-_114321559.23-P1P2	1720	5429	540	6
GRK1_-_114321565.23-P1P2	5964	3	2480	950
GRK1_-_114321587.23-P1P2	2401	3	1580	2
GRK1_-_114321980.23-P1P2	0	0	114	0
GRK4_+_2965344.23-P1P2	1541	0	981	1382
GRK4_+_2965359.23-P1P2	3014	3995	1977	3
GRK4_+_2965362.23-P1P2	989	2298	938	1
GRK4_-_2965719.23-P1P2	2836	1	1385	1782
GRK4_-_2965781.23-P1P2	3970	1	2572	2377
GRK5_+_120967565.23-P1P2	5231	2445	1946	2747
GRK5_+_120967585.23-P1P2	1215	5541	2164	2680
GRK5_-_120967155.23-P1P2	1186	1	1701	1
GRK5_-_120967160.23-P1P2	2927	11571	1619	2954
GRK5_-_120967208.23-P1P2	3155	0	682	4
GRK6_+_176853720.23-P1P2	1260	4405	2320	4
GRK6_+_176853751.23-P1P2	1085	2	1974	1299
GRK6_+_176854069.23-P1P2	3325	3	1815	0
GRK6_-_176853915.23-P1P2	2888	5	1287	1080
GRK6_-_176854096.23-P1P2	1321	0	262	2
GRK7_+_141497034.23-P1P2	776	4	715	1677
GRK7_+_141497099.23-P1P2	9313	1464	4055	6567
GRK7_+_141497478.23-P1P2	11	7515	2177	3689
GRK7_-_141497062.23-P1P2	1461	3	1522	1823
GRK7_-_141497421.23-P1P2	0	2	616	0
GRM2_+_51741136.23-P1P2	0	0	348	35
GRM2_+_51741145.23-P1P2	1355	4680	1433	1870
GRM2_+_51741150.23-P1P2	1258	1	898	0
GRM2_+_51741481.23-P1P2	2082	3	630	1853
GRM2_-_51741188.23-P1P2	980	3	1485	3128
GRM4_+_34073246.23-P1	1289	1246	1339	0
GRM4_+_34073323.23-P1	2050	0	366	1
GRM4_+_34113630.23-P2	502	0	1117	1139
GRM4_+_34113795.23-P2	1518	0	854	3
GRM4_-_34073342.23-P1	5736	2	2181	3
GRM4_-_34073440.23-P1	1	0	552	0
GRM4_-_34073516.23-P1	7	2879	531	1556
GRM4_-_34113406.23-P2	8	8436	928	2
GRM4_-_34113458.23-P2	2864	6	1619	4191
GRM4_-_34113791.23-P2	2	1	992	1757
GRM7_+_6902886.23-P1	3268	4	1588	1358
GRM7_+_6903012.23-P1	3072	3	2315	3279
GRM7_+_6904920.23-P2	1537	7949	1229	1302
GRM7_-_6902837.23-P1	1639	3	1125	1
GRM7_-_6903017.23-P1	1190	2	220	2
GRM7_-_6903277.23-P1	6364	3	2896	1223
GRM7_-_6904485.23-P2	2055	1	1222	1
GRM7_-_6904500.23-P2	1050	0	2778	3122
GRM7_-_6904511.23-P2	3904	4980	5597	3855
GRM7_-_6904514.23-P2	1312	2	1377	223
GRM8_+_126892530.23-P1P2	1698	1	1007	1
GRM8_+_126892553.23-P1P2	4	2922	486	0
GRM8_-_126892954.23-P1P2	2517	4586	1501	1865
GRM8_-_126892966.23-P1P2	4325	1	2690	2546
GRM8_-_126892977.23-P1P2	1	1	290	0
GSG2_+_3627223.23-P1P2	4419	3	1230	862
GSG2_+_3627244.23-P1P2	4361	5	1946	3
GSG2_+_3627407.23-P1P2	1322	0	934	1660
GSG2_+_3627637.23-P1P2	1357	1	1394	2
GSG2_-_3627392.23-P1P2	3036	5087	2827	1632
GSK3A_+_42746307.23-P1P2	552	1	810	2
GSK3A_+_42746320.23-P1P2	3	0	560	913
GSK3A_+_42746705.23-P1P2	1205	5265	2042	5391
GSK3A_+_42746716.23-P1P2	1712	2348	3362	2832
GSK3A_-_42746335.23-P1P2	0	0	550	0
GSK3B_+_119813213.23-P1P2	5419	6	2012	2
GSK3B_-_119812857.23-P1P2	1448	0	1811	4
GSK3B_-_119812860.23-P1P2	3021	4	1245	3
GSK3B_-_119812883.23-P1P2	33	0	743	1871
GSK3B_-_119812886.23-P1P2	1166	0	201	0
GSR_+_30584949.23-P1P2	925	1	1290	0
GSR_-_30584836.23-P1P2	1654	9951	2548	4
GSR_-_30585038.23-P1P2	2413	4477	1711	7
GSR_-_30585161.23-P1P2	1	0	532	0
GSR_-_30585170.23-P1P2	0	0	364	0
GSS_+_33543524.23-P1P2	1	0	552	1
GSS_+_33543544.23-P1P2	968	1	879	0
GSS_+_33543563.23-P1P2	3244	2535	1578	3424
GSS_-_33543186.23-P1P2	5358	2320	2101	1422
GSS_-_33543190.23-P1P2	3907	5235	1473	3354
GSTA2_+_52627787.23-P1P2	1739	3	1028	1050
GSTA2_+_52628258.23-P1P2	3518	2	1211	2
GSTA2_-_52628184.23-P1P2	3	3	419	3804
GSTA2_-_52628266.23-P1P2	217	0	927	0
GSTA2_-_52628270.23-P1P2	2858	2617	3175	3539
GSTA3_+_52774023.23-P1P2	1278	1	503	633
GSTA3_+_52774140.23-P1P2	854	1	1465	1655
GSTA3_+_52774186.23-P1P2	3557	5	2030	7853
GSTA3_+_52774271.23-P1P2	0	0	196	0
GSTA3_-_52774456.23-P1P2	0	0	3	0
GSTA4_+_52858840.23-P2	6	2	489	3290
GSTA4_+_52859037.23-P2	0	0	123	0
GSTA4_+_52860045.23-P1	6	4570	1603	1976
GSTA4_+_52860053.23-P1	0	0	1125	0
GSTA4_-_52858967.23-P2	509	5223	321	2
GSTA4_-_52859013.23-P2	1	0	395	1
GSTA4_-_52859020.23-P2	0	1	917	2000
GSTA4_-_52860063.23-P1	1515	0	1053	1536
GSTA4_-_52860094.23-P1	1216	1	24	0
GSTA4_-_52860100.23-P1	8	4	2778	1951
GSTA5_+_52710455.23-P1P2	2589	1	910	0
GSTA5_-_52710472.23-P1P2	3212	4	1035	3
GSTA5_-_52710823.23-P1P2	1594	2	844	3
GSTA5_-_52710834.23-P1P2	5270	10	1477	1828
GSTA5_-_52710887.23-P1P2	1097	8236	1622	751
GSTK1_+_142960618.23-P1P2	1121	1	625	1
GSTK1_+_142960625.23-P1P2	1421	3	361	1
GSTK1_+_142960782.23-P1P2	0	0	492	0
GSTK1_+_142960953.23-P1P2	0	1	458	0
GSTK1_-_142961014.23-P1P2	529	5152	1757	2682
GSTM4_+_110198783.23-P1P2	2558	7343	2070	2703
GSTM4_+_110198946.23-P1P2	3373	2	1840	1915
GSTM4_+_110199130.23-P1P2	0	0	0	0
GSTM4_+_110199134.23-P1P2	1579	1	678	1921
GSTM4_-_110198757.23-P1P2	2538	2884	856	1
GSTO1_+_106014654.23-P1P2	2980	0	1340	2
GSTO1_+_106015060.23-P1P2	2456	2	1397	1338
GSTO1_-_106014695.23-P1P2	764	1290	2031	1118
GSTO1_-_106015033.23-P1P2	6	5448	573	0
GSTO1_-_106015047.23-P1P2	0	1	312	0
GSTO2_+_106034926.23-P1P2	2941	0	2013	1
GSTO2_+_106034962.23-P1P2	2175	2	2006	2
GSTO2_+_106035044.23-P1P2	2999	2	768	2
GSTO2_-_106034934.23-P1P2	857	0	327	3
GSTO2_-_106035014.23-P1P2	4895	2764	2700	2
GSTT2_+_24322350.23-P1P2	4	3599	1059	1
GSTT2_+_24322377.23-P1P2	4420	3708	1155	1
GSTT2_+_24322380.23-P1P2	4070	4013	1220	2
GSTT2_+_24322393.23-P1P2	0	0	194	0
GSTT2_-_24322392.23-P1P2	1713	5	1858	2955
GUCA1A_+_42123160.23-P1	2466	1	1433	2
GUCA1A_+_42123169.23-P1	1707	5	1117	2867
GUCA1A_+_42123381.23-P1	5	0	1835	0
GUCA1A_+_42123385.23-P1	2127	1	1124	0
GUCA1A_+_42141199.23-P2	3402	0	1641	0
GUCA1A_-_42123588.23-P1	876	0	110	0
GUCA1A_-_42141381.23-P2	1	1	595	0
GUCA1A_-_42141519.23-P2	4735	2	1556	1621
GUCA1A_-_42141562.23-P2	1234	0	293	2
GUCA1A_-_42141603.23-P2	1623	1	1344	219
GUCY2C_+_14849470.23-P1P2	2955	3	81	3
GUCY2C_-_14849137.23-P1P2	87	4	357	1845
GUCY2C_-_14849446.23-P1P2	0	0	0	0
GUCY2C_-_14849454.23-P1P2	0	0	71	222
GUCY2C_-_14849479.23-P1P2	720	0	296	0
GUCY2D_+_7906002.23-P1P2	2	1	1257	2481
GUCY2D_+_7906010.23-P1P2	2566	1	1344	1
GUCY2D_+_7906037.23-P1P2	6	2736	852	1733
GUCY2D_+_7906206.23-P1P2	2	0	834	0
GUCY2D_-_7905995.23-P1P2	3225	1	1428	1
GUCY2F_+_108725202.23-P1P2	3110	1	971	2
GUCY2F_-_108725033.23-P1P2	1633	3	1743	426
GUCY2F_-_108725150.23-P1P2	8	2515	2772	1708
GUCY2F_-_108725311.23-P1P2	6	1	1369	2726
GUCY2F_-_108725317.23-P1P2	3870	3264	779	1
GUK1_+_228328394.23-P1P2	2187	3647	1348	3
GUK1_-_228327984.23-P1P2	6	6151	638	4
GUK1_-_228327987.23-P1P2	0	3	1353	0
GUK1_-_228327993.23-P1P2	4	5016	863	1
GUK1_-_228328011.23-P1P2	0	2	839	0
GUSB_+_65447180.23-P1P2	2653	1	749	0
GUSB_+_65447191.23-P1P2	4648	1	1766	81
GUSB_-_65446788.23-P1P2	1350	2	2672	0
GUSB_-_65446877.23-P1P2	1198	5048	1184	2
GUSB_-_65447165.23-P1P2	3728	3	3010	1691
GYG1_+_148709329.23-P1P2	0	0	295	0
GYG1_+_148709332.23-P1P2	1	2	1054	1103
GYG1_+_148709356.23-P1P2	5786	3882	3049	893
GYG1_+_148709361.23-P1P2	698	5079	1743	1893
GYG1_+_148709771.23-P1P2	385	2	1025	3440
GZMB_+_25103146.23-P1P2	0	0	0	0
GZMB_+_25103382.23-P1P2	1537	0	2072	3
GZMB_-_25103117.23-P1P2	4129	4	672	1995
GZMB_-_25103326.23-P1P2	1271	4	1074	6165
GZMB_-_25103391.23-P1P2	1542	2	523	1923
H6PD_+_9294901.23-P1	3379	6234	2518	2861
H6PD_+_9295077.23-P1	5488	5	2266	1512
H6PD_+_9295297.23-P1	1722	1034	2971	954
H6PD_+_9295321.23-P1	823	0	1410	2
H6PD_+_9299953.23-P2	3	1560	1865	1492
H6PD_+_9300087.23-P2	0	1	622	0
H6PD_+_9300142.23-P2	1	0	1377	0
H6PD_-_9295306.23-P1	2375	2639	1657	1667
H6PD_-_9299938.23-P2	1605	15238	1221	5890
H6PD_-_9299966.23-P2	1195	2761	1148	1
HADHA_+_26467495.23-P1P2	3776	2	1541	5121
HADHA_-_26467264.23-P1P2	0	3	114	698
HADHA_-_26467327.23-P1P2	0	0	0	0
HADHA_-_26467402.23-P1P2	1339	4	1363	3180
HADHA_-_26467504.23-P1P2	5198	2	1135	0
HADH_+_108911006.23-P1P2	2339	4988	1605	804
HADH_+_108911030.23-P1P2	2843	3	1233	1770
HADH_+_108911047.23-P1P2	1263	1559	1148	3399
HADH_+_108911260.23-P1P2	0	2	790	0
HADH_-_108911026.23-P1P2	3175	5	1032	3279
HAGH_+_1876390.23-P1P2	6	4966	493	1480
HAGH_+_1876430.23-P1P2	788	3587	1562	1
HAGH_+_1876571.23-P1P2	2369	1	1047	0
HAGH_+_1876777.23-P1P2	3057	5	3271	1879
HAGH_-_1876447.23-P1P2	1533	3	1112	1
HAL_+_96389614.23-P1P2	988	2	1477	912
HAL_+_96389648.23-P1P2	707	2	1398	4
HAL_-_96389300.23-P1P2	1453	2	1001	0
HAL_-_96389642.23-P1P2	1999	6432	1517	1647
HAL_-_96389684.23-P1P2	1610	6	1217	3889
HAO1_-_7920716.23-P1P2	0	0	224	0
HAO1_-_7920865.23-P1P2	700	0	120	0
HAO1_-_7921063.23-P1P2	0	0	129	0
HAO1_-_7921077.23-P1P2	2884	5	1114	2
HAO1_-_7921096.23-P1P2	2	2	317	1722
HAO2_+_119911461.23-P1P2	2097	5838	1867	3
HAO2_+_119911496.23-P1P2	2	0	1070	1717
HAO2_-_119911660.23-P1P2	1633	2706	954	5
HAO2_-_119911675.23-P1P2	0	0	698	0
HAO2_-_119911685.23-P1P2	0	0	101	0
HARS_+_140070519.23-P1P2	1033	0	376	0
HARS_+_140070722.23-P1P2	0	0	0	0
HARS_+_140070885.23-P1P2	0	0	0	0
HARS_+_140070907.23-P1P2	0	0	149	0
HARS_+_140070910.23-P1P2	0	0	0	0
HBA1_+_222905.23-P2	0	0	1430	0
HBA1_+_223098.23-P2	1395	1	586	2
HBA1_+_223275.23-P2	6585	5994	4230	2889
HBA1_+_226672.23-P1	0	0	523	0
HBA1_+_226709.23-P1	0	0	1430	0
HBA1_+_227079.23-P1	6585	5994	4230	2889
HBA1_-_222868.23-P2	543	5011	3114	1637
HBA1_-_222872.23-P2	1554	3	2129	3890
HBA1_-_226676.23-P1	1225	3	1295	2332
HBA1_-_226718.23-P1	346	5319	440	1738
HBB_+_5247794.23-P1	4	5692	816	2
HBB_+_5248109.23-P1	960	0	796	1904
HBB_+_5255521.23-P2	317	0	897	1
HBB_+_5255731.23-P2	1	0	692	1299
HBB_+_5255765.23-P2	1619	1	1275	1595
HBB_-_5247867.23-P1	5	2085	2620	3
HBB_-_5248035.23-P1	0	0	276	0
HBB_-_5248038.23-P1	1	51	1607	2
HBB_-_5255449.23-P2	4370	0	916	2
HBB_-_5255468.23-P2	1219	0	545	0
HBG1_+_5269094.23-P1P2	1437	2	124	0
HBG1_+_5269104.23-P1P2	0	0	140	0
HBG1_+_5269138.23-P1P2	0	0	0	0
HBG1_+_5269180.23-P1P2	1680	1	683	1563
HBG1_+_5269261.23-P1P2	849	4982	684	1
HCK_+_30640471.23-P1P2	3123	5016	1150	2
HCK_-_30640089.23-P1P2	762	1	210	1
HCK_-_30640097.23-P1P2	0	0	701	0
HCK_-_30640102.23-P1P2	1625	1	589	1
HCK_-_30640478.23-P1P2	1089	4	745	1
HCN2_+_589880.23-P1P2	3	2047	1254	1
HCN2_+_589972.23-P1P2	5	2	1951	1283
HCN2_+_590106.23-P1P2	1395	2614	1685	4
HCN2_+_590306.23-P1P2	2179	5717	1446	2198
HCN2_-_590253.23-P1P2	3699	3	1928	1936
HCRT_+_40337450.23-P1P2	624	1	330	861
HCRT_-_40337223.23-P1P2	26	2	2273	3858
HCRT_-_40337400.23-P1P2	2510	0	1138	1
HCRT_-_40337405.23-P1P2	4452	3997	1891	3547
HCRT_-_40337418.23-P1P2	1488	0	1488	0
HDC_+_50557724.23-P1P2	6	0	2725	1720
HDC_+_50557899.23-P1P2	1956	0	611	0
HDC_+_50557907.23-P1P2	1654	2	2118	2
HDC_-_50557885.23-P1P2	2727	1	1908	3964
HDC_-_50557927.23-P1P2	2372	2596	1632	1519
HDHD1_+_7065786.23-P1P2	3672	2	508	1
HDHD1_+_7065795.23-P1P2	836	0	1707	0
HDHD1_-_7065801.23-P1P2	1616	2284	1831	3136
HDHD1_-_7065953.23-P1P2	2549	6251	1426	4
HDHD1_-_7066179.23-P1P2	1	0	1569	1504
HEXB_+_73981118.23-P1P2	2225	6032	3072	7192
HEXB_+_73981464.23-P1P2	3728	5804	2598	4278
HEXB_+_73981521.23-P1P2	154	0	137	0
HEXB_-_73981067.23-P1P2	1108	87	2492	1527
HEXB_-_73981105.23-P1P2	2903	5237	2566	3842
HGS_+_79651094.23-P1P2	1	0	1214	0
HGS_+_79651279.23-P1P2	1	0	1097	0
HGS_-_79651058.23-P1P2	2085	2562	1579	1
HGS_-_79651112.23-P1P2	0	0	0	0
HGS_-_79651479.23-P1P2	2400	1	558	1
HIBADH_-_27702157.23-P1P2	2	0	724	1451
HIBADH_-_27702365.23-P1P2	1376	5224	2961	4103
HIBADH_-_27702375.23-P1P2	1261	3501	881	3260
HIBADH_-_27702396.23-P1P2	0	0	680	1685
HIBADH_-_27702399.23-P1P2	1582	3	707	2018
HIBCH_+_191184452.23-P1P2	1867	3	1512	1685
HIBCH_+_191184455.23-P1P2	1705	0	844	2
HIBCH_+_191184517.23-P1P2	4	2	1241	4597
HIBCH_-_191184325.23-P1P2	0	0	0	0
HIBCH_-_191184520.23-P1P2	653	4996	1327	1732
HIF1AN_+_102295743.23-P1P2	5587	2	982	1
HIF1AN_-_102295706.23-P1P2	2247	1	1783	2
HIF1AN_-_102295772.23-P1P2	0	0	112	0
HIF1AN_-_102295874.23-P1P2	2975	6	501	1866
HIF1AN_-_102296116.23-P1P2	1421	0	850	2
HINT1_+_130500615.23-P1P2	1	1	1693	1
HINT1_+_130500894.23-P1P2	1582	1	1506	1619
HINT1_-_130500928.23-P1P2	2975	6352	1029	784
HINT1_-_130500946.23-P1P2	2	2	549	1715
HINT1_-_130500949.23-P1P2	0	0	43	0
HIPK1_+_114472056.23-P1P2	4291	3	1128	0
HIPK1_+_114472488.23-P1P2	2568	3	1171	3978
HIPK1_-_114472261.23-P1P2	3361	0	1583	1327
HIPK1_-_114472284.23-P1P2	0	0	133	0
HIPK1_-_114472297.23-P1P2	1109	3	1282	0
HIPK2_+_139477395.23-P1P2	747	2	845	0
HIPK2_+_139477491.23-P1P2	1	0	811	0
HIPK2_+_139477507.23-P1P2	793	8599	683	1
HIPK2_-_139477426.23-P1P2	1126	1	1373	2
HIPK2_-_139477832.23-P1P2	1776	6826	946	3296
HIPK3_+_33279270.23-P1	1949	3602	1746	2463
HIPK3_+_33279922.23-P2	3900	8194	2556	498
HIPK3_+_33280138.23-P2	0	0	229	0
HIPK3_+_33280265.23-P2	2632	2	1229	2
HIPK3_+_33280376.23-P2	1270	1	407	3307
HIPK3_-_33279241.23-P1	641	9924	3223	4
HIPK3_-_33279289.23-P1	4	3	669	3681
HIPK3_-_33279435.23-P1	1	5861	856	1327
HIPK3_-_33279441.23-P1	2	2990	427	1554
HIPK3_-_33279933.23-P2	1329	3	3077	1671
HIPK4_+_40895601.23-P1P2	1481	3	381	1564
HIPK4_+_40896058.23-P1P2	1704	2	1271	2095
HIPK4_+_40896062.23-P1P2	0	0	928	0
HIPK4_-_40896070.23-P1P2	3579	3514	2158	5179
HIPK4_-_40896089.23-P1P2	2	0	1574	1616
HK1_+_71075626.23-P2	2	1	1506	824
HK1_+_71078695.23-P1	5	2727	2172	4851
HK1_+_71079028.23-P1	0	1	562	1037
HK1_+_71079078.23-P1	1365	5257	795	1524
HK1_-_71075601.23-P2	1583	4	432	1908
HK1_-_71075613.23-P2	1423	7676	1453	3
HK1_-_71075952.23-P2	966	7	690	4888
HK1_-_71076005.23-P2	1163	8414	1440	3060
HK1_-_71078648.23-P1	3	0	1360	2
HK1_-_71078999.23-P1	3	5580	654	2048
HK2_+_75061095.23-P1P2	3815	1	1661	1160
HK2_+_75061648.23-P1P2	1498	3	1540	3420
HK2_+_75061651.23-P1P2	194	2	815	1676
HK2_+_75061689.23-P1P2	4363	4	2701	6342
HK2_-_75061288.23-P1P2	3107	8525	1787	1996
HK3_+_176325831.23-P1P2	1097	1	1263	1924
HK3_-_176326211.23-P1P2	1	2	240	49
HK3_-_176326271.23-P1P2	4131	2	1028	3
HK3_-_176326300.23-P1P2	1	0	200	0
HK3_-_176326327.23-P1P2	0	0	0	0
HLA-A_+_29910324.23-P1P2	797	1	1257	0
HLA-A_+_29910753.23-P1P2	824	0	1028	880
HLA-A_-_29910342.23-P1P2	1245	0	1492	1609
HLA-A_-_29910667.23-P1P2	5160	2643	3225	2028
HLA-A_-_29911131.23-P1P2	751	3180	1014	0
HLA-B_+_31324800.23-P1P2	10775	3359	3451	5414
HLA-B_+_31324814.23-P1P2	0	0	835	0
HLA-B_+_31324842.23-P1P2	1201	7379	2480	3198
HLA-B_+_31324922.23-P1P2	2623	2534	2056	2007
HLA-B_-_31324642.23-P1P2	7267	5161	1820	8
HLA-DQA2_+_32709257.23-P1P2	2854	2805	1310	1394
HLA-DQA2_+_32709464.23-P1P2	857	0	941	2
HLA-DQA2_+_32709532.23-P1P2	0	0	156	0
HLA-DQA2_-_32709561.23-P1P2	1354	2	670	1
HLA-DQA2_-_32709592.23-P1P2	1	0	258	1968
HLA-DQB1_+_32632396.23-P2	1	1	1459	0
HLA-DQB1_+_32632625.23-P2	3208	1813	2193	2633
HLA-DQB1_+_32632674.23-P2	0	0	542	0
HLA-DQB1_+_32632695.23-P2	5526	4052	2800	3728
HLA-DQB1_+_32633987.23-P1	1	0	477	0
HLA-DQB1_+_32634466.23-P1	3411	2	1799	1995
HLA-DQB1_-_32632280.23-P2	2335	4	563	2
HLA-DQB1_-_32634086.23-P1	0	1	425	0
HLA-DQB1_-_32634357.23-P1	1226	3	1903	1401
HLA-DQB1_-_32634450.23-P1	1731	4	1155	886
HLA-DRB1_+_32557252.23-P1P2	1508	3	1546	2
HLA-DRB1_+_32557601.23-P1P2	993	1	1264	1899
HLA-DRB1_-_32557272.23-P1P2	339	0	97	0
HLA-DRB1_-_32557613.23-P1P2	0	0	141	0
HLA-DRB1_-_32557616.23-P1P2	1	2417	658	4
HLCS_+_38338857.23-P1	1281	5	1650	1816
HLCS_+_38338905.23-P1	0	0	341	1
HLCS_+_38362446.23-P2	3944	2	1504	2
HLCS_+_38362476.23-P2	2728	1	1553	2816
HLCS_+_38362527.23-P2	7	4	2948	4356
HLCS_-_38338547.23-P1	2113	2	1246	71
HLCS_-_38338867.23-P1	2785	2	2245	3
HLCS_-_38338917.23-P1	3519	3022	1508	1761
HLCS_-_38362080.23-P2	2246	3009	1635	2
HLCS_-_38362464.23-P2	1	0	342	0
HMGCL_+_24151717.23-P1P2	1760	5152	1478	4403
HMGCL_+_24151864.23-P1P2	2743	4063	2309	1379
HMGCL_+_24151875.23-P1P2	5	5560	795	2
HMGCL_+_24151890.23-P1P2	2370	0	2106	5
HMGCL_-_24151926.23-P1P2	0	0	427	0
HMGCR_+_74633053.23-P1P2	0	0	236	0
HMGCR_+_74633092.23-P1P2	0	0	0	0
HMGCR_+_74633106.23-P1P2	0	0	0	0
HMGCR_+_74633228.23-P1P2	1	0	260	0
HMGCR_-_74633122.23-P1P2	0	0	86	0
HMGCS1_+_43313122.23-P1P2	0	1	787	0
HMGCS1_+_43313522.23-P1P2	0	0	190	1477
HMGCS1_-_43313473.23-P1P2	1638	0	407	2
HMGCS1_-_43313515.23-P1P2	0	0	586	0
HMGCS1_-_43313565.23-P1P2	0	1	300	1
HMOX2_+_4524765.23-P2	1127	1	1364	1
HMOX2_+_4526369.23-P1	2056	2	2968	4920
HMOX2_+_4526391.23-P1	820	367	1019	1755
HMOX2_+_4526421.23-P1	2833	1	1829	1912
HMOX2_-_4524757.23-P2	0	0	292	0
HMOX2_-_4524776.23-P2	2543	3111	896	3859
HMOX2_-_4524785.23-P2	0	0	0	0
HMOX2_-_4524797.23-P2	713	8045	413	1213
HMOX2_-_4526456.23-P1	1367	7705	1800	1609
HMOX2_-_4526484.23-P1	1251	0	2184	2
HNF4G_+_76320274.23-P1	0	0	0	0
HNF4G_+_76320311.23-P1	988	0	681	3
HNF4G_+_76452441.23-P2	1280	0	594	2
HNF4G_-_76320290.23-P1	1365	1	897	0
HNF4G_-_76320293.23-P1	0	2	440	1
HNF4G_-_76320305.23-P1	2680	14751	1183	1544
HNF4G_-_76452161.23-P2	0	0	0	0
HNF4G_-_76452390.23-P2	1	1	232	3648
HNF4G_-_76452396.23-P2	0	2	1052	2106
HNF4G_-_76452577.23-P2	1825	4	828	2289
HNMT_+_138722071.23-P1P2	0	0	0	0
HNMT_+_138722132.23-P1P2	293	3	1642	1945
HNMT_+_138722602.23-P1P2	3	3841	340	1
HNMT_-_138722123.23-P1P2	0	0	369	0
HNMT_-_138722198.23-P1P2	2	0	190	1094
HPD_+_122296694.23-P1P2	3	0	791	3237
HPD_+_122296746.23-P1P2	1656	1	1256	0
HPD_+_122296749.23-P1P2	1123	5045	2383	1354
HPD_-_122296705.23-P1P2	788	4	949	1533
HPD_-_122296765.23-P1P2	3	5908	1203	1525
HPGDS_+_95263944.23-P1P2	1580	3	264	1769
HPGDS_+_95264002.23-P1P2	0	1	2	2008
HPGDS_-_95263807.23-P1P2	0	1	178	0
HPGDS_-_95263963.23-P1P2	502	0	186	0
HPGDS_-_95264054.23-P1P2	2718	9542	1008	4
HPN_+_35532619.23-P1	3329	5	2434	5519
HPN_+_35532679.23-P1	1143	0	211	0
HPN_+_35532707.23-P1	1218	0	1303	1
HPN_+_35532857.23-P1	2	0	282	1380
HPN_+_35540170.23-P2	2778	1	644	4
HPN_+_35540217.23-P2	346	3	2339	5366
HPN_+_35540222.23-P2	1662	2	957	1589
HPN_+_35540590.23-P2	3	1	1059	1059
HPN_+_35540622.23-P2	1439	3576	1965	2
HPN_-_35532735.23-P1	2412	3	3306	1785
HPRT1_+_133594302.23-P1P2	0	2547	1166	0
HPRT1_+_133594305.23-P1P2	4447	4612	2063	1758
HPRT1_+_133594330.23-P1P2	1048	2	1522	1280
HPRT1_+_133594336.23-P1P2	1307	3573	1982	1887
HPRT1_+_133594783.23-P1P2	1278	5241	2004	6558
HPX_+_6461716.23-P1P2	0	0	250	0
HPX_+_6462052.23-P1P2	4851	6	355	3642
HPX_+_6462157.23-P1P2	1154	3810	1772	3732
HPX_-_6461965.23-P1P2	4	0	353	1488
HPX_-_6462148.23-P1P2	892	3	1187	1694
HRH1_+_11196214.23-P1	2489	8098	1373	831
HRH1_+_11196584.23-P1	0	3	1559	2066
HRH1_+_11196617.23-P1	1347	6759	1343	3
HRH1_+_11196621.23-P1	915	2319	1100	5
HRH1_+_11267884.23-P2	3	4	748	5642
HRH1_+_11267888.23-P2	1	0	668	1
HRH1_-_11196253.23-P1	4448	5000	1674	4
HRH1_-_11267695.23-P2	5158	4	1019	4039
HRH1_-_11267702.23-P2	0	0	244	0
HRH1_-_11267713.23-P2	742	0	287	0
HRH2_+_175085064.23-P1P2	1786	0	1983	2787
HRH2_+_175085246.23-P1P2	5637	7837	2788	512
HRH2_-_175085125.23-P1P2	13	6323	1145	1293
HRH2_-_175085130.23-P1P2	1436	4	1455	1
HRH2_-_175085145.23-P1P2	3491	1	1738	0
HRH3_+_60795285.23-P1P2	1042	2123	2455	1658
HRH3_+_60795291.23-P1P2	3	4060	1587	3
HRH3_-_60794844.23-P1P2	2837	2770	1670	3253
HRH3_-_60794853.23-P1P2	1581	8978	2057	2551
HRH3_-_60794925.23-P1P2	3405	5001	2766	3318
HRH4_+_22040695.23-P1P2	2	2	951	0
HRH4_-_22040648.23-P1P2	1539	0	274	0
HRH4_-_22040988.23-P1P2	2637	3	371	1324
HRH4_-_22041050.23-P1P2	3	0	428	0
HRH4_-_22041078.23-P1P2	1555	0	412	1
HRSP12_+_99129335.23-P1P2	0	0	261	0
HRSP12_+_99129347.23-P1P2	0	0	388	0
HRSP12_-_99129016.23-P1P2	1525	0	669	0
HRSP12_-_99129325.23-P1P2	0	0	605	0
HRSP12_-_99129395.23-P1P2	5003	2	602	1041
HS3ST1_+_11430080.23-P1P2	2	5	818	5981
HS3ST1_+_11430466.23-P1P2	5029	1492	2429	1392
HS3ST1_-_11430034.23-P1P2	1400	4	1615	3188
HS3ST1_-_11430129.23-P1P2	0	0	638	1
HS3ST1_-_11430259.23-P1P2	0	0	424	1
HS3ST3A1_+_13505194.23-P1P2	1495	1	1282	1434
HS3ST3A1_+_13505251.23-P1P2	2571	10970	1655	1
HS3ST3A1_-_13505222.23-P1P2	3437	4	3334	5846
HS3ST3A1_-_13505261.23-P1P2	673	1856	1434	5
HS3ST3A1_-_13505271.23-P1P2	5	4304	1042	1
HSD11B2_+_67465052.23-P1P2	0	0	1438	0
HSD11B2_+_67465075.23-P1P2	1035	5129	1904	2203
HSD11B2_-_67464577.23-P1P2	1260	3944	2447	3
HSD11B2_-_67465416.23-P1P2	2561	2835	1585	3844
HSD11B2_-_67465496.23-P1P2	3717	5	716	4
HSD17B10_+_53461257.23-P1P2	0	0	295	0
HSD17B10_+_53461264.23-P1P2	0	0	0	0
HSD17B10_+_53461274.23-P1P2	1	5897	113	3
HSD17B10_+_53461288.23-P1P2	0	0	374	0
HSD17B10_-_53461152.23-P1P2	1	1	340	0
HSD17B11_+_88311908.23-P1P2	4	1	1098	2887
HSD17B11_+_88312368.23-P1P2	3961	2	1132	1960
HSD17B11_-_88311941.23-P1P2	1	2	832	2092
HSD17B11_-_88312169.23-P1P2	2403	3	411	1
HSD17B11_-_88312321.23-P1P2	1558	4559	823	2
HSD17B6_+_57157156.23-P1P2	1	0	1130	0
HSD17B6_+_57157195.23-P1P2	1	0	451	0
HSD17B6_-_57157117.23-P1P2	645	1	1610	0
HSD17B6_-_57157142.23-P1P2	1977	4	846	1663
HSD17B6_-_57157210.23-P1P2	0	0	392	0
HSD17B7_+_162760631.23-P2	0	0	0	0
HSD17B7_+_162760634.23-P2	0	0	192	0
HSD17B7_+_162761076.23-P2	0	0	66	0
HSD17B7_+_162767102.23-P1	3042	2	502	0
HSD17B7_-_162760641.23-P2	0	0	0	0
HSD17B7_-_162760645.23-P2	0	0	53	0
HSD17B7_-_162767234.23-P1	1244	0	455	0
HSD17B7_-_162767504.23-P1	2	0	1111	0
HSD17B7_-_162767509.23-P1	2301	1	1025	1
HSD17B7_-_162767513.23-P1	1387	2	1221	4329
HSD17B8_+_33172465.23-P1P2	5	8182	2354	1738
HSD17B8_+_33172471.23-P1P2	0	0	447	0
HSD17B8_+_33172837.23-P1P2	220	1	1673	0
HSD17B8_-_33172484.23-P1P2	3445	3	3238	3297
HSD17B8_-_33172506.23-P1P2	5	3510	1426	2098
HSPG2_+_22263355.23-P1P2	3396	2404	2395	3944
HSPG2_+_22263430.23-P1P2	1119	1460	1024	2007
HSPG2_+_22263476.23-P1P2	2281	2233	1115	1114
HSPG2_-_22263400.23-P1P2	912	6579	2651	1453
HSPG2_-_22263413.23-P1P2	3801	5	2564	0
HTR1A_+_63256650.23-P1P2	2968	5	1560	3758
HTR1A_+_63256965.23-P1P2	3	3	603	1864
HTR1A_-_63256596.23-P1P2	3150	3532	209	1191
HTR1A_-_63256605.23-P1P2	0	0	105	0
HTR1A_-_63256950.23-P1P2	1419	1	571	1520
HTR1B_+_78173107.23-P1P2	1575	1	1324	1352
HTR1B_+_78173116.23-P1P2	1267	0	903	3
HTR1B_-_78172810.23-P1P2	2732	4	2110	4510
HTR1B_-_78173157.23-P1P2	863	8838	1652	470
HTR1B_-_78173180.23-P1P2	1412	5	1325	3039
HTR1D_-_23520365.23-P1P2	1096	2	986	5
HTR1D_-_23520410.23-P1P2	1	0	636	0
HTR1D_-_23520422.23-P1P2	1485	4	567	1957
HTR1D_-_23520435.23-P1P2	3293	2499	1056	1988
HTR1D_-_23520815.23-P1P2	2035	1	241	468
HTR1E_+_87647282.23-P1P2	3302	3	3008	1866
HTR1E_+_87647294.23-P1P2	1805	4	1580	3161
HTR1E_+_87647320.23-P1P2	4	5805	1583	2015
HTR1E_-_87647265.23-P1P2	1980	2	2396	0
HTR1E_-_87647300.23-P1P2	929	1480	1549	4012
HTR1F_+_88039846.23-ENST00000319595.4	0	1	680	0
HTR1F_+_88039979.23-ENST00000319595.4	3153	5	776	1720
HTR1F_+_88040023.23-ENST00000319595.4	1	0	424	1
HTR1F_+_88040089.23-ENST00000319595.4	0	0	461	0
HTR1F_-_88040174.23-ENST00000319595.4	4	2	927	2052
HTR2A_+_47470987.23-P1P2	1022	1	847	0
HTR2A_+_47471013.23-P1P2	3391	5412	2391	7
HTR2A_-_47471019.23-P1P2	1296	0	1166	0
HTR2A_-_47471124.23-P1P2	1761	1	664	1
HTR2A_-_47471153.23-P1P2	1	2	295	1138
HTR2B_+_231989684.23-P1P2	0	0	0	0
HTR2B_+_231989764.23-P1P2	1411	0	320	253
HTR2B_+_231989768.23-P1P2	884	1	990	1403
HTR2B_-_231989299.23-P1P2	4730	5	1466	1278
HTR2B_-_231989482.23-P1P2	1767	1	1066	1523
HTR2C_+_113818592.23-P1P2	7	5132	972	1275
HTR2C_+_113818615.23-P1P2	1615	4	488	3503
HTR2C_+_113819100.23-P1P2	0	1676	821	1
HTR2C_+_113819106.23-P1P2	4	0	300	2832
HTR2C_-_113818931.23-P1P2	699	2	1008	1943
HTR3A_+_113845989.23-P1	2651	4602	2241	960
HTR3A_+_113848233.23-P2	1	2600	954	1
HTR3A_+_113848245.23-P2	1	0	773	0
HTR3A_-_113845952.23-P1	1	2	1307	0
HTR3A_-_113845969.23-P1	2798	0	1191	2
HTR3A_-_113845999.23-P1	2619	1	1289	2789
HTR3A_-_113846021.23-P1	4654	4843	2949	779
HTR3A_-_113848445.23-P2	2	1	675	1
HTR3A_-_113848644.23-P2	636	0	496	2
HTR3A_-_113848672.23-P2	2635	2	2252	2187
HTR4_+_148033614.23-P1P2	1552	3	1611	3818
HTR4_+_148033652.23-P1P2	1399	2702	2205	8940
HTR4_+_148033681.23-P1P2	4204	6	539	1799
HTR4_-_148033642.23-P1P2	2	2455	1058	0
HTR4_-_148033670.23-P1P2	1583	2	1791	1011
HTR6_+_19991375.23-P1P2	761	1	1239	1441
HTR6_+_19991408.23-P1P2	884	2864	1114	2
HTR6_+_19991734.23-P1P2	1154	7435	2085	5596
HTR6_+_19991854.23-P1P2	2	0	636	0
HTR6_+_19991859.23-P1P2	0	0	978	0
HTR7_+_92617550.23-P1P2	3429	2	646	555
HTR7_+_92617714.23-P1P2	6027	5	2617	2439
HTR7_+_92617726.23-P1P2	1050	3	1269	1733
HTR7_-_92617318.23-P1P2	3129	5066	2144	1438
HTR7_-_92617706.23-P1P2	0	0	267	0
HUNK_+_33245444.23-P1P2	1195	0	1121	1787
HUNK_+_33245782.23-P1P2	1372	3	1427	0
HUNK_+_33245793.23-P1P2	0	0	791	1732
HUNK_-_33245366.23-P1P2	1	0	1773	0
HUNK_-_33245746.23-P1P2	1910	6161	843	0
IARS2_+_220267504.23-P1P2	0	0	0	0
IARS2_-_220267478.23-P1P2	0	0	74	0
IARS2_-_220267547.23-P1P2	0	0	0	0
IARS2_-_220267871.23-P1P2	1358	1	332	0
IARS2_-_220267910.23-P1P2	0	0	0	0
IARS_+_95055891.23-P1P2	0	0	0	0
IARS_+_95055951.23-P1P2	1456	0	117	0
IARS_-_95055573.23-P1P2	6	4992	332	1
IARS_-_95055772.23-P1P2	0	0	0	0
IARS_-_95055898.23-P1P2	0	0	0	0
IBTK_+_82950100.23-P2	1	0	465	1351
IBTK_+_82950510.23-P2	3306	1	1035	4
IBTK_+_82957399.23-P1	3593	3	3344	3654
IBTK_-_82950110.23-P2	3	4	619	4529
IBTK_-_82950489.23-P2	1417	1	616	1
IBTK_-_82950492.23-P2	0	0	529	0
IBTK_-_82957071.23-P1	2538	3	442	2266
IBTK_-_82957256.23-P1	5701	4883	2405	5420
IBTK_-_82957413.23-P1	4482	2610	2824	5115
IBTK_-_82957417.23-P1	5611	10550	1855	5
ICK_+_52926280.23-P1P2	1922	6	755	2647
ICK_+_52926421.23-P1P2	2141	4	1169	2
ICK_-_52926239.23-P1P2	0	0	341	1
ICK_-_52926526.23-P1P2	1397	1	1393	4092
ICK_-_52926543.23-P1P2	3625	2792	3171	2709
IDE_+_94333764.23-P1P2	686	2	1502	2534
IDE_+_94333770.23-P1P2	2	0	1165	1392
IDE_-_94333343.23-P1P2	4774	1	720	1
IDE_-_94333725.23-P1P2	1078	1	642	0
IDE_-_94333767.23-P1P2	4	6419	1836	2623
IDH3A_+_78423861.23-P2	5	2	1235	1876
IDH3A_+_78423872.23-P2	0	5	1637	2419
IDH3A_+_78424258.23-P2	2509	2	2764	1
IDH3A_+_78441707.23-P1	5369	3	4975	1924
IDH3A_+_78441754.23-P1	1532	2808	756	3
IDH3A_+_78442193.23-P1	1345	0	1161	1964
IDH3A_-_78423878.23-P2	2618	5025	3259	1730
IDH3A_-_78423902.23-P2	8994	6	3719	1760
IDH3A_-_78441693.23-P1	1455	4074	1407	0
IDH3A_-_78441772.23-P1	2009	5	943	1909
IDH3B_+_2644623.23-P1P2	2505	8942	2824	1623
IDH3B_+_2644775.23-P1P2	3	2	1130	3358
IDH3B_+_2644817.23-P1P2	2	0	1774	1864
IDH3B_+_2644830.23-P1P2	7	4842	816	3
IDH3B_-_2644813.23-P1P2	4469	2	1604	5
IDH3G_+_153059799.23-P1P2	6086	6	2285	9288
IDH3G_+_153059808.23-P1P2	1400	3	1837	1
IDH3G_-_153059366.23-P1P2	1396	3395	377	2067
IDH3G_-_153059412.23-P1P2	2373	2	1445	1
IDH3G_-_153059722.23-P1P2	1829	6	1091	3864
IFNAR2_+_34602240.23-P1P2	2600	2	579	1251
IFNAR2_+_34602250.23-P1P2	3	3	701	1228
IFNAR2_+_34602610.23-P1P2	3042	0	1641	3230
IFNAR2_+_34602657.23-P1P2	3	2916	928	0
IFNAR2_-_34602496.23-P1P2	2005	2	891	2
IFNGR1_+_137540471.23-P1P2	1947	1	2941	1376
IFNGR1_+_137540487.23-P1P2	1054	1	864	0
IFNGR1_+_137540523.23-P1P2	12	16340	1404	3087
IFNGR1_+_137540537.23-P1P2	3	1594	1558	1880
IFNGR1_-_137540477.23-P1P2	1428	5816	1629	1710
IFNGR2_-_34775766.23-P1P2	291	1274	1714	1649
IFNGR2_-_34775775.23-P1P2	3146	5001	2579	5079
IFNGR2_-_34775787.23-P1P2	659	8470	1770	755
IFNGR2_-_34775978.23-P1P2	1328	2620	1970	2600
IFNGR2_-_34776092.23-P1P2	4706	4	997	1980
IGF1R_+_99191762.23-P1	6595	1018	1912	2
IGF1R_+_99191967.23-P1	1063	2543	1118	2921
IGF1R_+_99192030.23-P1	6003	7982	2678	7
IGF1R_+_99192323.23-P2	3833	6	2299	1687
IGF1R_+_99192837.23-P2	1024	1	420	2
IGF1R_-_99191775.23-P1	2747	1441	1464	1440
IGF1R_-_99191897.23-P1	4	1	266	3105
IGF1R_-_99192446.23-P2	2920	1	1879	3
IGF1R_-_99193200.23-P2	2318	0	1079	1716
IGF1R_-_99193205.23-P2	1384	0	2409	0
IGFBP7_+_57976128.23-P1P2	773	1	845	0
IGFBP7_+_57976155.23-P1P2	3589	10867	2917	2956
IGFBP7_-_57976337.23-P1P2	4431	3	1139	3996
IGFBP7_-_57976518.23-P1P2	2407	2370	913	1585
IGFBP7_-_57976521.23-P1P2	2076	2845	1138	2
IGSF10_-_151163679.23-P1P2	1760	6320	1074	3
IGSF10_-_151163801.23-P1P2	0	0	207	0
IGSF10_-_151163883.23-P1P2	0	0	77	0
IGSF10_-_151163891.23-P1P2	5	1482	270	3566
IGSF10_-_151163894.23-P1P2	3	3670	1375	4
IKBKAP_+_111695963.23-P1P2	7	5191	1202	2
IKBKAP_+_111696204.23-P1P2	1	0	418	1983
IKBKAP_-_111696022.23-P1P2	0	0	0	0
IKBKAP_-_111696163.23-P1P2	1	4	615	1210
IKBKAP_-_111696315.23-P1P2	2	0	346	0
IKBKB_+_42128863.23-P1P2	4	2676	694	2769
IKBKB_+_42129073.23-P1P2	1	0	1448	1
IKBKB_+_42129261.23-P1P2	687	0	843	1739
IKBKB_-_42129255.23-P1P2	3	3	1277	1306
IKBKB_-_42129287.23-P1P2	0	0	0	0
IKBKE_+_206644242.23-P1P2	2532	0	794	0
IKBKE_+_206644266.23-P1P2	0	0	76	0
IKBKE_+_206644277.23-P1P2	1231	0	304	1
IKBKE_-_206643852.23-P1P2	0	0	680	0
IKBKE_-_206644197.23-P1P2	2	5021	1180	1318
IKBKG_+_153775897.23-P1P2	1006	2	1483	2002
IKBKG_+_153775925.23-P1P2	1441	5109	320	0
IKBKG_-_153775854.23-P1P2	3084	2	2072	5546
IKBKG_-_153775860.23-P1P2	1	0	83	0
IKBKG_-_153775876.23-P1P2	1	1	1049	0
IL11RA_+_34652221.23-P1	1002	4298	1287	2
IL11RA_-_34650941.23-P1	2233	1	374	1
IL11RA_-_34650948.23-P1	1	0	771	1
IL11RA_-_34652609.23-P1	554	0	1186	720
IL11RA_-_34652612.23-P1	2	0	907	1
IL11RA_-_34653935.23-P2	2322	0	588	0
IL11RA_-_34653964.23-P2	0	0	527	0
IL11RA_-_34653970.23-P2	841	1	122	1
IL11RA_-_34654001.23-P2	838	2	1012	0
IL11RA_-_34654006.23-P2	0	2	356	0
IL2RB_+_37545497.23-P1P2	2	2048	801	0
IL2RB_+_37545511.23-P1P2	4076	2	1406	1518
IL2RB_+_37545900.23-P1P2	1264	4444	869	4520
IL2RB_+_37545905.23-P1P2	2691	0	1532	1
IL2RB_+_37545910.23-P1P2	1	0	1264	0
IL2RG_+_70329096.23-P2	3	1	1766	190
IL2RG_+_70329139.23-P2	1	2	355	0
IL2RG_+_70329189.23-P2	3	3219	331	0
IL2RG_+_70331406.23-P1	3380	3	1085	3222
IL2RG_-_70328757.23-P2	1530	6754	477	1992
IL2RG_-_70329159.23-P2	2	2	473	1224
IL2RG_-_70331197.23-P1	1	0	638	0
IL2RG_-_70331219.23-P1	0	0	0	0
IL2RG_-_70331360.23-P1	5	4871	426	0
IL2RG_-_70331412.23-P1	1314	0	407	0
IL3RA_+_1455676.23-P1P2	1687	2	515	0
IL3RA_+_1455736.23-P1P2	3	0	289	1972
IL3RA_+_1456154.23-P1P2	0	1	1851	0
IL3RA_-_1455747.23-P1P2	1	0	352	0
IL3RA_-_1455915.23-P1P2	1	3	1122	5458
IL4I1_+_50399642.23-ENST00000391826.2	971	2	566	0
IL4I1_+_50400069.23-ENST00000391826.2	2450	4	1215	1181
IL4I1_+_50400079.23-ENST00000391826.2	0	2	1100	2044
IL4I1_+_50400190.23-ENST00000391826.2	1415	0	940	1701
IL4I1_+_50400194.23-ENST00000391826.2	0	0	478	0
IL5_+_131878809.23-P1	0	0	258	1
IL5_+_131879067.23-P1	3401	1	1845	0
IL5_+_131879164.23-P1	0	0	292	0
IL5_+_131892527.23-P2	5954	5	3460	6
IL5_+_131892549.23-P2	4107	2866	1814	4
IL5_+_131892554.23-P2	515	0	452	1383
IL5_-_131878821.23-P1	1588	0	212	0
IL5_-_131878826.23-P1	1354	0	1159	2
IL5_-_131892516.23-P2	4	2	1051	1928
IL5_-_131892533.23-P2	0	2	1111	1257
IL6R_+_154378041.23-P1P2	1269	3	1100	0
IL6R_+_154378078.23-P1P2	0	0	1367	0
IL6R_+_154378243.23-P1P2	1627	0	1682	2
IL6R_+_154378501.23-P1P2	1	0	1006	0
IL6R_-_154378088.23-P1P2	0	1	1092	1
ILKAP_+_239112103.23-P1P2	1073	6121	881	1059
ILKAP_-_239111833.23-P1P2	1270	5877	2810	5105
ILKAP_-_239111927.23-P1P2	257	0	742	0
ILKAP_-_239111971.23-P1P2	2	3	2307	1
ILKAP_-_239112268.23-P1P2	1403	2	1532	2152
ILK_+_6625007.23-P1P2	1477	3	1395	3499
ILK_+_6625020.23-P1P2	0	1878	1148	2107
ILK_+_6625041.23-P1P2	1719	6075	733	1692
ILK_+_6625437.23-P1P2	1731	1589	308	759
ILK_-_6625025.23-P1P2	899	1	1142	1971
IMPA1_+_82598098.23-P1P2	1491	1	3396	3
IMPA1_+_82598528.23-P1P2	4997	5280	1542	461
IMPA1_-_82598318.23-P1P2	11	2898	1847	4978
IMPA1_-_82598464.23-P1P2	1087	1	463	0
IMPA1_-_82598506.23-P1P2	2784	1	1593	3241
INPP1_+_191208702.23-P1P2	842	8047	2507	1760
INPP1_+_191208713.23-P1P2	1917	2800	902	0
INPP1_+_191208746.23-P1P2	0	0	80	1
INPP1_+_191208789.23-P1P2	1340	1	1576	0
INPP1_-_191208427.23-P1P2	6832	8333	1626	1567
INPP4B_+_143326357.23-P1	0	0	374	0
INPP4B_+_143326616.23-P1	1	0	250	2058
INPP4B_+_143767253.23-P2	1128	2339	641	2706
INPP4B_+_143767410.23-P2	1775	3	713	1784
INPP4B_-_143326342.23-P1	4	2371	241	3
INPP4B_-_143326486.23-P1	1220	4	1566	1
INPP4B_-_143326589.23-P1	2	0	1051	2324
INPP4B_-_143766987.23-P2	6	10405	1959	1380
INPP4B_-_143767032.23-P2	2248	1331	1354	3213
INPP4B_-_143767035.23-P2	0	1	592	329
INPP5A_+_134351359.23-P1P2	2842	3	1981	1279
INPP5A_-_134351314.23-P1P2	2533	2133	1813	3898
INPP5A_-_134351317.23-P1P2	2837	6	2990	4191
INPP5A_-_134351347.23-P1P2	3	1	1328	0
INPP5A_-_134351369.23-P1P2	547	0	739	1
INPP5B_+_38397146.23-P2	1047	1	1757	3036
INPP5B_+_38397398.23-P2	1373	2966	1149	1724
INPP5B_+_38397417.23-P2	1124	0	1446	2
INPP5B_+_38412643.23-P1	1508	0	109	1783
INPP5B_+_38412656.23-P1	1159	0	1160	0
INPP5B_+_38412660.23-P1	3026	4	1489	1655
INPP5B_+_38412700.23-P1	6103	2659	3410	1099
INPP5B_-_38396961.23-P2	0	0	438	0
INPP5B_-_38397370.23-P2	7	1518	1248	3255
INPP5B_-_38412690.23-P1	1871	7519	2222	6
INPP5D_+_233925116.23-P1P2	0	0	227	0
INPP5D_-_233925064.23-P1P2	0	0	236	0
INPP5D_-_233925087.23-P1P2	3	2	1292	2637
INPP5D_-_233925093.23-P1P2	0	0	831	0
INPP5D_-_233925097.23-P1P2	2387	2	1559	1425
INPP5E_+_139334227.23-P1P2	1537	2349	1446	1070
INPP5E_-_139333888.23-P1P2	1420	1	1825	505
INPP5E_-_139334230.23-P1P2	4	1517	1929	1685
INPP5E_-_139334239.23-P1P2	1436	0	654	2
INPP5E_-_139334242.23-P1P2	1208	4703	1067	1411
INPP5F_+_121485591.23-ENST00000361976.2	1518	4238	1414	3
INPP5F_+_121485614.23-ENST00000361976.2	1344	2	2162	2840
INPP5F_+_121485618.23-ENST00000361976.2	0	0	0	0
INPP5F_+_121485629.23-ENST00000361976.2	3811	8781	1951	3271
INPP5F_+_121485648.23-ENST00000361976.2	2591	4055	674	1927
INPP5J_+_31519127.23-P1P2	1	2036	240	0
INPP5J_+_31519183.23-P1P2	1208	2	2404	1792
INPP5J_+_31519317.23-P1P2	1502	1	242	0
INPP5J_-_31518949.23-P1P2	485	0	1222	4311
INPP5J_-_31519427.23-P1P2	811	0	0	1
INPP5K_+_1419448.23-P1P2	1537	828	1811	1505
INPP5K_+_1419490.23-P1P2	1373	2	952	4965
INPP5K_+_1419864.23-P1P2	677	6380	2214	1737
INPP5K_+_1419876.23-P1P2	1	0	1752	0
INPP5K_-_1419649.23-P1P2	853	0	1167	1
INPPL1_+_71934965.23-P1P2	1737	1	936	2
INPPL1_+_71935911.23-P1P2	5097	1	1903	2861
INPPL1_+_71935916.23-P1P2	2	3	1414	1740
INPPL1_-_71935307.23-P1P2	2638	1975	2002	1095
INPPL1_-_71935867.23-P1P2	3345	2714	1848	2
INSRR_+_156828448.23-P1P2	3	0	243	1313
INSRR_-_156828800.23-P1P2	0	3	1374	1222
INSRR_-_156828836.23-P1P2	5149	1	2164	1520
INSRR_-_156828849.23-P1P2	1716	1	1081	1609
INSRR_-_156828859.23-P1P2	1332	3178	745	5185
INSR_-_7293986.23-P1P2	1	0	1217	0
INSR_-_7294287.23-P1P2	1	0	1537	1444
INSR_-_7294300.23-P1P2	4	7986	1190	0
INSR_-_7294303.23-P1P2	8	3	1433	5704
INSR_-_7294350.23-P1P2	1445	1	239	0
INS_+_2181939.23-P1P2	1447	4159	1710	0
INS_+_2182029.23-P1P2	4193	8	1137	7031
INS_+_2182348.23-P1P2	0	0	93	0
INS_+_2182408.23-P1P2	1186	0	999	1124
INS_-_2182120.23-P1P2	3896	4	1512	1
IP6K1_+_49823755.23-P1P2	4	2	2739	3261
IP6K1_-_49823569.23-P1P2	5395	2	1772	5
IP6K1_-_49823766.23-P1P2	1078	3	1005	3185
IP6K1_-_49823914.23-P1P2	1314	2	1098	1
IP6K1_-_49823953.23-P1P2	1133	6746	986	3
IP6K2_+_48754429.23-P1P2	1103	0	420	1
IP6K2_+_48754592.23-P1P2	0	0	170	0
IP6K2_+_48754601.23-P1P2	2350	2	1523	2527
IP6K2_+_48754608.23-P1P2	7	4417	1515	4
IP6K2_+_48754623.23-P1P2	1	0	715	0
IP6K3_+_33714188.23-P1P2	0	0	826	1
IP6K3_+_33714600.23-P1P2	1128	0	102	0
IP6K3_+_33714664.23-P1P2	3	2783	2075	1668
IP6K3_-_33714264.23-P1P2	1292	2	983	2119
IP6K3_-_33714614.23-P1P2	2	1371	1143	0
IRAK1BP1_+_79577309.23-P1P2	2271	5	994	3641
IRAK1BP1_+_79577314.23-P1P2	2575	5498	1740	8
IRAK1BP1_+_79577465.23-P1P2	6718	2324	2491	5053
IRAK1BP1_-_79577625.23-P1P2	2519	2575	1345	3531
IRAK1BP1_-_79577766.23-P1P2	423	1	1101	1
IRAK1_+_153279785.23-P2	1	3736	532	4
IRAK1_+_153284852.23-P1	3456	5	1591	1
IRAK1_+_153285122.23-P1	4481	2	3002	2
IRAK1_+_153285357.23-P1	1	0	1649	0
IRAK1_-_153279342.23-P2	783	4544	134	1
IRAK1_-_153279408.23-P2	0	1	165	0
IRAK1_-_153279421.23-P2	1474	2408	1348	1734
IRAK1_-_153279765.23-P2	3	2	415	1539
IRAK1_-_153284952.23-P1	4803	2217	2117	3
IRAK1_-_153284971.23-P1	1417	0	635	2
IRAK2_+_10206599.23-P1P2	2	3	1657	3202
IRAK2_+_10206626.23-P1P2	2789	1	2215	4
IRAK2_+_10206636.23-P1P2	4	5473	226	0
IRAK2_+_10206662.23-P1P2	2	2810	1110	0
IRAK2_-_10206984.23-P1P2	0	0	336	0
IRAK3_+_66582936.23-P1P2	5904	7	1720	1887
IRAK3_+_66583352.23-P1P2	0	0	263	0
IRAK3_+_66583378.23-P1P2	2443	2	1647	5529
IRAK3_-_66582971.23-P1P2	4392	217	474	2
IRAK3_-_66583446.23-P1P2	1791	2	514	1
IRAK4_+_44152829.23-P1P2	2718	3	2120	1589
IRAK4_+_44153187.23-P1P2	3565	3	1061	1517
IRAK4_+_44153198.23-P1P2	4317	7	2632	1670
IRAK4_-_44152824.23-P1P2	878	2484	765	43
IRAK4_-_44153180.23-P1P2	0	0	740	0
IRGC_+_44220301.23-P1P2	1658	4502	2451	1714
IRGC_-_44220256.23-P1P2	895	3	613	2101
IRGC_-_44220270.23-P1P2	1	0	468	0
IRGC_-_44220308.23-P1P2	4	5295	871	3
IRGC_-_44220484.23-P1P2	0	0	622	0
ISG20_+_89182652.23-P1P2	1565	17	1879	2
ISG20_-_89182420.23-P1P2	0	1	550	0
ISG20_-_89182477.23-P1P2	0	0	366	0
ISG20_-_89182482.23-P1P2	3522	3143	1541	1797
ISG20_-_89182700.23-P1P2	1154	1	729	1794
ISPD_+_16460681.23-P1P2	1008	2	1082	2651
ISPD_+_16461078.23-P1P2	1304	1	1846	0
ISPD_+_16461156.23-P1P2	1324	3	1698	2772
ISPD_-_16460724.23-P1P2	0	0	737	0
ISPD_-_16461140.23-P1P2	0	0	366	0
ISYNA1_+_18548478.23-P1P2	1	2	1329	1832
ISYNA1_-_18548521.23-P1P2	11576	24332	3098	2938
ISYNA1_-_18548778.23-P1P2	0	0	0	0
ISYNA1_-_18548921.23-P1P2	2615	1081	2201	0
ISYNA1_-_18548951.23-P1P2	1504	1675	1690	1758
ITGA2B_+_42466445.23-P1P2	1	1	579	1773
ITGA2B_+_42466453.23-P1P2	851	9658	1610	2
ITGA2B_+_42466468.23-P1P2	1582	2780	1217	1298
ITGA2B_+_42466805.23-P1P2	6	0	545	1
ITGA2B_-_42466836.23-P1P2	0	0	454	0
ITGA4_+_182322245.23-P1P2	0	0	140	0
ITGA4_+_182322634.23-P1P2	2697	5359	338	1583
ITGA4_-_182322158.23-P1P2	7055	7283	1675	12
ITGA4_-_182322163.23-P1P2	2	0	1232	1404
ITGA4_-_182322489.23-P1P2	1097	3973	1439	2433
ITGAL_+_30484079.23-P1P2	2	0	533	1941
ITGAL_+_30484102.23-P1P2	1034	3	2162	3278
ITGAL_+_30484132.23-P1P2	3929	4	1346	4017
ITGAL_-_30484109.23-P1P2	2	2459	2927	1416
ITGAL_-_30484442.23-P1P2	1	1	1209	1511
ITK_+_156607897.23-P1P2	1	0	478	0
ITK_+_156607967.23-P1P2	0	0	0	0
ITK_-_156607962.23-P1P2	1	0	1387	0
ITK_-_156608278.23-P1P2	1664	1	361	0
ITK_-_156608310.23-P1P2	1532	0	851	0
ITPA_+_3190185.23-P1P2	2120	7447	2013	1945
ITPA_-_3190200.23-P1P2	1417	7674	1693	1811
ITPA_-_3190203.23-P1P2	1326	6	259	2229
ITPA_-_3190347.23-P1P2	0	0	742	1
ITPA_-_3190420.23-P1P2	890	3	1047	1
ITPK1_+_93581845.23-P1P2	2600	2	341	1977
ITPK1_+_93582024.23-P1P2	1	0	1255	1
ITPK1_-_93581593.23-P1P2	1523	1648	1068	129
ITPK1_-_93582058.23-P1P2	2	0	1787	0
ITPK1_-_93582180.23-P1P2	2791	1902	1466	4204
ITPKA_+_41786134.23-P1P2	2533	4103	2542	3688
ITPKA_+_41786478.23-P1P2	0	0	681	1
ITPKA_+_41786481.23-P1P2	0	0	758	0
ITPKA_+_41786489.23-P1P2	2528	1318	2453	1585
ITPKA_-_41786539.23-P1P2	2617	7627	2117	853
ITPKB_+_226925001.23-P1P2	1288	1	724	1
ITPKB_+_226926956.23-P1P2	2584	2	2616	450
ITPKB_+_226926966.23-P1P2	0	2	377	1
ITPKB_+_226926980.23-P1P2	2982	462	2736	3330
ITPKB_-_226926932.23-P1P2	909	0	403	0
ITPKC_-_41223032.23-P1P2	1606	6	2362	3327
ITPKC_-_41223038.23-P1P2	1615	1	945	2191
ITPKC_-_41223076.23-P1P2	5247	2146	2451	2349
ITPKC_-_41223079.23-P1P2	4950	3	963	1142
ITPKC_-_41223402.23-P1P2	2819	2371	3063	1399
IYD_+_150690144.23-P1P2	1	2	1585	1
IYD_+_150690160.23-P1P2	2	3326	759	0
IYD_-_150690412.23-P1P2	1773	5	1499	1981
IYD_-_150690429.23-P1P2	1595	1	1426	0
IYD_-_150690678.23-P1P2	948	0	318	0
JAK1_+_65432014.23-P1P2	3	2	899	1475
JAK1_+_65432190.23-P1P2	1786	2	1633	1125
JAK1_-_65432134.23-P1P2	1168	2447	2311	1374
JAK1_-_65432165.23-P1P2	3009	4745	1125	1263
JAK1_-_65432205.23-P1P2	0	2498	102	1
JAK2_+_4985292.23-P1P2	3274	7	1343	2256
JAK2_+_4985359.23-P1P2	7	5173	2534	3478
JAK2_+_4985690.23-P1P2	1350	2	2174	3249
JAK2_-_4985114.23-P1P2	12	3106	1311	1910
JAK2_-_4985311.23-P1P2	3836	2887	1957	3
JAK3_+_17958397.23-P1P2	1619	3802	1646	3330
JAK3_-_17958431.23-P1P2	0	1	299	0
JAK3_-_17958737.23-P1P2	3248	2508	2419	2685
JAK3_-_17958773.23-P1P2	8	4944	2003	2
JAK3_-_17958785.23-P1P2	0	0	665	1
JAKMIP1_+_6201881.23-P1P2	3	1011	1496	0
JAKMIP1_+_6201893.23-P1P2	2303	5130	979	2
JAKMIP1_-_6201808.23-P1P2	3557	3	539	2050
JAKMIP1_-_6201814.23-P1P2	1	0	1540	1
JAKMIP1_-_6202215.23-P1P2	2121	7918	1146	5952
KALRN_+_123813485.23-ENST00000360013.3	1220	0	224	1
KALRN_+_123813522.23-ENST00000360013.3	1109	2	1463	1
KALRN_-_123813683.23-ENST00000360013.3	8	7696	633	1480
KALRN_-_123813710.23-ENST00000360013.3	1223	1	1967	1
KALRN_-_123813719.23-ENST00000360013.3	0	0	344	0
KARS_+_75681221.23-P1P2	978	1	304	0
KARS_+_75681360.23-P1P2	0	0	271	0
KARS_-_75681566.23-P1P2	0	0	0	0
KARS_-_75681928.23-P1P2	1120	7967	1768	6
KARS_-_75682058.23-P1P2	5030	4328	1382	1133
KAT2A_+_40273052.23-P1P2	6	5148	1696	0
KAT2A_+_40273327.23-P1P2	1931	2	1679	0
KAT2A_-_40273323.23-P1P2	2531	6	1105	1864
KAT2A_-_40273345.23-P1P2	777	1	920	747
KAT2A_-_40273376.23-P1P2	1713	2	1205	5049
KAT5_+_65479809.23-P1P2	2	0	997	0
KAT5_-_65479710.23-P1P2	1655	0	793	1
KAT5_-_65479954.23-P1P2	0	0	423	1
KAT5_-_65480075.23-P1P2	0	0	310	1
KAT5_-_65480114.23-P1P2	0	1	550	0
KCNA1_-_5019086.23-P1P2	2	4378	770	4
KCNA1_-_5019322.23-P1P2	1297	1	337	836
KCNA1_-_5019414.23-P1P2	1395	1	0	859
KCNA1_-_5019494.23-P1P2	13	11641	2269	1838
KCNA1_-_5019497.23-P1P2	3016	1	948	0
KCNA4_+_30037828.23-P1P2	2	0	540	1
KCNA4_+_30037995.23-P1P2	481	2336	734	0
KCNA4_+_30038176.23-P1P2	3550	3962	3379	2965
KCNA4_-_30038072.23-P1P2	3414	5	1711	3887
KCNA4_-_30038287.23-P1P2	2002	1	769	2
KCNC4_+_110752981.23-P1P2	0	0	347	0
KCNC4_-_110752941.23-P1P2	1469	2	487	0
KCNC4_-_110752988.23-P1P2	1190	0	581	1
KCNC4_-_110753308.23-P1P2	2595	6394	1470	2
KCNC4_-_110753353.23-P1P2	0	0	0	0
KCND2_+_119913222.23-P1P2	1073	8090	1280	1614
KCND2_+_119913227.23-P1P2	4045	5863	1747	2571
KCND2_+_119913746.23-P1P2	1191	2	629	3802
KCND2_+_119913752.23-P1P2	981	2	2377	2355
KCND2_-_119913216.23-P1P2	64	0	530	0
KCND3_+_112531684.23-P1P2	1	4	1718	3293
KCND3_+_112531819.23-P1P2	1393	4	2148	1
KCND3_+_112531836.23-P1P2	1	0	1107	0
KCND3_+_112532291.23-P1P2	4	2368	2142	1577
KCND3_-_112531850.23-P1P2	0	1	1102	4209
KCNE1_+_35884464.23-P1P2	1450	1	430	0
KCNE1_+_35884476.23-P1P2	1296	1	357	0
KCNE1_-_35884072.23-P1P2	1498	2840	2149	1362
KCNE1_-_35884473.23-P1P2	4	1	420	2129
KCNE1_-_35884479.23-P1P2	672	2	792	1
KCNH2_+_150652414.23-P2	2379	4	1843	1991
KCNH2_+_150652478.23-P2	1869	1	1638	1
KCNH2_+_150652851.23-P2	2501	1478	1668	6268
KCNH2_+_150674914.23-P1	4	1	1585	1785
KCNH2_+_150674984.23-P1	1811	2	902	0
KCNH2_-_150652462.23-P2	1	1	975	0
KCNH2_-_150652789.23-P2	2239	0	1247	0
KCNH2_-_150674997.23-P1	5211	4186	1833	3
KCNH2_-_150675014.23-P1	7	5818	1972	14
KCNH2_-_150675385.23-P1	4	0	1084	0
KCNH6_+_61600777.23-P1P2	2682	1339	1668	867
KCNH6_-_61600728.23-P1P2	2741	2056	2378	1397
KCNH6_-_61600747.23-P1P2	4	3	1377	3435
KCNH6_-_61600780.23-P1P2	2310	1	1783	1
KCNH6_-_61601164.23-P1P2	1976	4282	3086	2237
KCNH7_+_163695219.23-P1P2	15	9126	1000	1023
KCNH7_+_163695224.23-P1P2	1851	6	1709	1670
KCNH7_+_163695228.23-P1P2	3413	9469	2383	6
KCNH7_+_163695253.23-P1P2	2388	3	1484	2
KCNH7_-_163694912.23-P1P2	1059	0	300	0
KCNJ11_+_17410438.23-P1P2	1567	2375	1638	2
KCNJ11_+_17410460.23-P1P2	0	1	1654	1720
KCNJ11_-_17410845.23-P1P2	2100	6	1623	4069
KCNJ11_-_17410851.23-P1P2	1690	2	1623	728
KCNJ11_-_17410861.23-P1P2	1687	1	806	0
KCNJ12_+_21279686.23-P1P2	9	3669	3671	4271
KCNJ12_+_21279951.23-P1P2	6	2	1505	1665
KCNJ12_+_21280077.23-P1P2	3589	3421	2432	1776
KCNJ12_+_21280385.23-P1P2	0	0	0	439
KCNJ12_-_21280051.23-P1P2	1	0	257	1
KCNJ1_+_128736754.23-P1P2	4849	5	1675	3
KCNJ1_+_128737130.23-P1P2	0	0	125	0
KCNJ1_-_128736790.23-P1P2	1726	0	629	1
KCNJ1_-_128736857.23-P1P2	2586	0	617	1
KCNJ1_-_128737204.23-P1P2	1413	9168	1490	1711
KCNJ3_+_155554546.23-P1P2	2322	2624	1728	2987
KCNJ3_+_155555275.23-P1P2	1	2	943	1628
KCNJ3_+_155555630.23-P1P2	5	2	990	1897
KCNJ3_-_155554344.23-P1P2	1013	3	1681	1591
KCNJ3_-_155554823.23-P1P2	7	0	1845	0
KCNJ5_+_128761452.23-P1P2	806	0	491	1073
KCNJ5_+_128761813.23-P1P2	560	4	3582	3195
KCNJ5_-_128761270.23-P1P2	901	1	1035	0
KCNJ5_-_128761671.23-P1P2	1211	3441	1391	1
KCNJ5_-_128761704.23-P1P2	1715	2	1051	0
KCNJ6_+_39288469.23-P1P2	1169	1	1381	0
KCNJ6_-_39288204.23-P1P2	3041	2	745	13
KCNJ6_-_39288604.23-P1P2	2274	2	785	2169
KCNJ6_-_39288642.23-P1P2	484	1	477	0
KCNJ6_-_39288645.23-P1P2	1	1	127	1091
KCNJ8_-_21927237.23-P1P2	1436	1	437	1743
KCNJ8_-_21927578.23-P1P2	2725	1351	1510	2731
KCNJ8_-_21927604.23-P1P2	2	0	483	1074
KCNJ8_-_21927607.23-P1P2	2553	0	926	1783
KCNJ8_-_21927679.23-P1P2	761	0	299	0
KCNK1_+_233749927.23-P1P2	2289	3726	1895	4
KCNK1_+_233749967.23-P1P2	1487	2525	347	1
KCNK1_+_233750266.23-P1P2	3016	3	634	3152
KCNK1_-_233749936.23-P1P2	8	0	2240	0
KCNK1_-_233749964.23-P1P2	1	1713	508	1271
KCNK2_+_215256151.23-P1P2	1208	0	1775	2
KCNK2_+_215256458.23-P1P2	1421	3	1261	3722
KCNK2_+_215256491.23-P1P2	1	2	1740	1496
KCNK2_-_215256074.23-P1P2	1	0	119	0
KCNK2_-_215256119.23-P1P2	2859	1	1921	2
KCNK3_+_26916020.23-P1P2	2230	7	2200	4338
KCNK3_-_26915657.23-P1P2	4695	7	2488	1791
KCNK3_-_26915669.23-P1P2	6	1	1453	3312
KCNK3_-_26915751.23-P1P2	6071	1	1182	762
KCNK3_-_26915856.23-P1P2	3947	2	1035	3292
KCNK6_+_38810521.23-P1P2	711	4	2059	3340
KCNK6_+_38810906.23-P1P2	1308	2097	1899	2
KCNK6_-_38810505.23-P1P2	1020	2	1893	2950
KCNK6_-_38810536.23-P1P2	1569	2	2316	1920
KCNK6_-_38810912.23-P1P2	3	0	670	1896
KCNK9_+_140715226.23-ENST00000303015.1,ENST00000520439.1	4133	0	1713	5
KCNK9_-_140714957.23-ENST00000303015.1,ENST00000520439.1	851	1	967	1048
KCNK9_-_140714960.23-ENST00000303015.1,ENST00000520439.1	1	0	727	0
KCNK9_-_140715164.23-ENST00000303015.1,ENST00000520439.1	2653	3	1035	1808
KCNK9_-_140715167.23-ENST00000303015.1,ENST00000520439.1	1110	3	475	1499
KCNMA1_+_79397032.23-P1P2	684	4	2068	934
KCNMA1_+_79397135.23-P1P2	1540	4719	1464	0
KCNMA1_+_79397479.23-P1P2	1792	0	1583	0
KCNMA1_-_79397061.23-P1P2	793	1350	1341	2983
KCNMA1_-_79397295.23-P1P2	1108	1	661	0
KCNMB1_+_169815957.23-P1P2	2713	1	778	1
KCNMB1_+_169815960.23-P1P2	867	2	314	1574
KCNMB1_+_169815968.23-P1P2	961	5464	949	2
KCNMB1_-_169816143.23-P1P2	1349	2371	2036	48
KCNMB1_-_169816148.23-P1P2	1576	2	909	1902
KCNMB2_+_178254284.23-P2	2085	0	418	2
KCNMB2_+_178254689.23-P2	9	0	3375	3642
KCNMB2_+_178276652.23-P1	0	0	840	0
KCNMB2_+_178276657.23-P1	2	2	1315	2984
KCNMB2_-_178254030.23-P2	3	2875	426	1
KCNMB2_-_178254189.23-P2	2363	0	696	1
KCNMB2_-_178254499.23-P2	2	0	860	0
KCNMB2_-_178276701.23-P1	0	1	450	0
KCNMB2_-_178276709.23-P1	0	0	0	0
KCNMB2_-_178276756.23-P1	2234	1225	1478	940
KCNMB3_+_178977357.23-P1P2	1	1	1014	2300
KCNMB3_+_178977629.23-P1P2	1351	2692	1457	1761
KCNMB3_+_178977723.23-P1P2	3195	2	214	1
KCNMB3_+_178977741.23-P1P2	1660	2	1077	1
KCNMB3_-_178977600.23-P1P2	0	0	233	0
KCNMB4_+_70760330.23-P1P2	2	1	975	1
KCNMB4_-_70760118.23-P1P2	848	1588	922	2
KCNMB4_-_70760511.23-P1P2	1319	2	1502	164
KCNMB4_-_70760532.23-P1P2	8	4202	1171	6951
KCNMB4_-_70760746.23-P1P2	1557	8275	1469	1506
KCNN1_+_18063076.23-P1P2	2291	4	2191	3828
KCNN1_+_18063134.23-P1P2	4652	3	2275	1008
KCNN1_+_18063519.23-P1P2	2689	0	849	0
KCNN1_-_18063147.23-P1P2	1118	89	2377	51
KCNN1_-_18063456.23-P1P2	0	0	663	0
KCNN2_+_113697798.23-P1P2	2988	3	2530	4
KCNN2_+_113697829.23-P1P2	0	0	139	0
KCNN2_+_113697843.23-P1P2	3803	2326	1108	769
KCNN2_+_113698151.23-P1P2	4384	5012	4964	1419
KCNN2_+_113698242.23-P1P2	113	3600	1811	1659
KCNN3_+_154842706.23-P1P2	0	0	1392	0
KCNN3_-_154842280.23-P1P2	0	0	0	0
KCNN3_-_154842704.23-P1P2	1	0	137	0
KCNN3_-_154842713.23-P1P2	0	0	155	0
KCNN3_-_154842724.23-P1P2	3	6134	949	1
KCNN4_+_44284906.23-P1P2	5935	4743	2053	5
KCNN4_+_44284937.23-P1P2	0	0	225	0
KCNN4_+_44285161.23-P1P2	2145	3	1397	3
KCNN4_-_44285079.23-P1P2	3739	12000	3443	10067
KCNN4_-_44285120.23-P1P2	1435	144	1699	2443
KCNQ1_+_2466544.23-P1P2	564	3885	1379	1356
KCNQ1_+_2466618.23-P1P2	1205	5	1326	1506
KCNQ1_+_2466621.23-P1P2	3272	4	900	1269
KCNQ1_+_2466638.23-P1P2	699	4593	2666	4520
KCNQ1_-_2466650.23-P1P2	2349	5202	488	1616
KCNQ2_+_62103790.23-P1P2	3603	0	1501	0
KCNQ2_+_62103793.23-P1P2	0	2	1246	1488
KCNQ2_+_62103935.23-P1P2	5176	8	1029	5508
KCNQ2_+_62103978.23-P1P2	5	4679	1649	5296
KCNQ2_-_62103929.23-P1P2	2482	2	1782	1
KCNQ3_+_133492647.23-P1P2	1324	0	927	1
KCNQ3_+_133492754.23-P1P2	1340	1	512	4
KCNQ3_+_133492805.23-P1P2	2711	8	1778	5822
KCNQ3_-_133492956.23-P1P2	0	1	621	0
KCNQ3_-_133493125.23-P1P2	941	0	688	1
KDM5D_+_21906295.23-P1P2	0	1	366	1
KDM5D_+_21906541.23-P1P2	3097	1	654	1
KDM5D_+_21906586.23-P1P2	0	0	111	0
KDM5D_-_21906378.23-P1P2	0	0	808	0
KDM5D_-_21906567.23-P1P2	1	0	146	0
KDR_+_55991343.23-P1P2	1507	2	721	1976
KDR_+_55991723.23-P1P2	0	1	1303	0
KDR_-_55991556.23-P1P2	6	7652	1153	5
KDR_-_55991659.23-P1P2	680	0	401	1
KDR_-_55991711.23-P1P2	1335	1935	1417	1827
KHK_+_27309661.23-P1P2	2182	2	2205	1571
KHK_-_27309646.23-P1P2	3235	3	3711	9
KHK_-_27309660.23-P1P2	734	2	1821	2525
KHK_-_27309691.23-P1P2	5647	4461	3029	3081
KHK_-_27310225.23-P1P2	856	2	638	1989
KIAA1804_+_233463529.23-P1P2	1170	1722	3338	4
KIAA1804_-_233463488.23-P1P2	1482	2	604	1550
KIAA1804_-_233463497.23-P1P2	1824	1	1947	1
KIAA1804_-_233463538.23-P1P2	0	0	130	0
KIAA1804_-_233463924.23-P1P2	441	0	510	972
KIDINS220_+_8977705.23-P1P2	2903	1	1145	2
KIDINS220_+_8977718.23-P1P2	1	1	1772	0
KIDINS220_-_8977662.23-P1P2	1922	5478	1252	5
KIDINS220_-_8977666.23-P1P2	0	0	1297	0
KIDINS220_-_8977717.23-P1P2	3772	4178	533	1746
KIF1A_+_241759146.23-P1P2	3129	3	856	1179
KIF1A_+_241759532.23-P1P2	0	0	0	0
KIF1A_-_241759231.23-P1P2	440	1	783	0
KIF1A_-_241759412.23-P1P2	1964	9134	1846	4308
KIF1A_-_241759571.23-P1P2	2	4208	1871	1389
KIF3B_+_30865451.23-P1P2	0	0	0	0
KIF3B_+_30865924.23-P1P2	2	0	352	1358
KIF3B_-_30865450.23-P1P2	5	5	754	2166
KIF3B_-_30865486.23-P1P2	1226	4	1032	1386
KIF3B_-_30865877.23-P1P2	552	2451	2184	995
KIF5B_+_32344894.23-P1P2	0	0	180	0
KIF5B_+_32344897.23-P1P2	1629	1468	769	3622
KIF5B_+_32344939.23-P1P2	1351	0	333	0
KIF5B_+_32345321.23-P1P2	4	0	566	0
KIF5B_+_32345338.23-P1P2	4	2936	1429	921
KIT_+_55524150.23-P1P2	2562	1	1307	0
KIT_+_55524176.23-P1P2	4090	2883	3516	1635
KIT_+_55524359.23-P1P2	971	1	1345	1794
KIT_-_55524160.23-P1P2	0	0	808	0
KIT_-_55524188.23-P1P2	2918	11067	1511	2115
KLK1_+_51324527.23-P2	0	0	141	0
KLK1_+_51324544.23-P2	1090	3084	415	4
KLK1_+_51324956.23-P2	2095	3	1241	1858
KLK1_+_51326601.23-P1	5	2	809	1956
KLK1_-_51324594.23-P2	0	0	0	0
KLK1_-_51324924.23-P2	960	3	966	1821
KLK1_-_51326562.23-P1	5	1	868	1394
KLK1_-_51326846.23-P1	1158	6033	656	1566
KLK1_-_51326972.23-P1	1108	0	154	481
KLK1_-_51327024.23-P1	4913	2	847	2119
KLK6_+_51471528.23-P1P2	1	3312	605	1
KLK6_+_51472052.23-P1P2	0	0	0	0
KLK6_+_51472749.23-P1P2	1	1	1540	0
KLK6_+_51472771.23-P1P2	2262	1	1273	4
KLK6_+_51472790.23-P1P2	779	2	1166	2714
KRT12_+_39022993.23-P1P2	0	0	40	0
KRT12_-_39023394.23-P1P2	7566	5820	4182	3072
KRT12_-_39023397.23-P1P2	4134	5041	1571	2
KRT12_-_39023418.23-P1P2	4022	5	2217	1785
KRT12_-_39023468.23-P1P2	0	1	1067	0
KRT7_+_52627078.23-P1P2	4	1	408	3129
KRT7_+_52627099.23-P1P2	2607	4	1616	0
KRT7_+_52627457.23-P1P2	924	0	387	0
KRT7_+_52627460.23-P1P2	1383	4	878	1698
KRT7_-_52627069.23-P1P2	887	1	1573	2
KRT8_+_53298420.23-P1	797	1	809	0
KRT8_-_53298394.23-P1	1308	4734	400	2
KRT8_-_53298402.23-P1	1318	0	1	1
KRT8_-_53298430.23-P1	1143	5	2338	1394
KRT8_-_53298844.23-P1	0	0	492	0
KRT8_-_53343612.23-P2	0	1	434	0
KRT8_-_53343627.23-P2	7	6937	1228	137
KRT8_-_53343631.23-P2	1890	2	1043	2
KRT8_-_53343656.23-P2	1	0	444	1754
KRT8_-_53343659.23-P2	3	0	949	0
KRTAP5-3_+_1629259.23-ENST00000399685.1	3	2678	1100	1434
KRTAP5-3_+_1629268.23-ENST00000399685.1	4124	3	1715	1504
KRTAP5-3_+_1629271.23-ENST00000399685.1	1526	2	409	342
KRTAP5-3_-_1629335.23-ENST00000399685.1	0	0	1094	1
KRTAP5-3_-_1629695.23-ENST00000399685.1	1341	2519	464	1
KSR1_+_25783466.23-P1P2	1242	2303	1767	2
KSR1_+_25783477.23-P1P2	4444	2606	2526	1257
KSR1_-_25783482.23-P1P2	161	2970	2100	2588
KSR1_-_25783511.23-P1P2	6870	5603	3353	1716
KSR1_-_25783532.23-P1P2	2187	8510	1228	5
KSR2_+_118406731.23-P1P2	1954	0	1203	2
KSR2_+_118406762.23-P1P2	4	4586	708	3
KSR2_+_118406769.23-P1P2	1981	2	2443	1366
KSR2_+_118406774.23-P1P2	1	1187	421	1
KSR2_-_118406394.23-P1P2	0	0	258	0
KYNU_+_143635215.23-P1P2	0	0	127	0
KYNU_+_143635278.23-P1P2	982	2	1196	0
KYNU_-_143635275.23-P1P2	3649	2800	921	1977
KYNU_-_143635293.23-P1P2	1160	1	767	0
KYNU_-_143635645.23-P1P2	1	0	749	0
L3MBTL1_+_42136344.23-P2	1012	2340	980	1214
L3MBTL1_+_42136365.23-P2	2517	4890	4349	5351
L3MBTL1_+_42143141.23-P1	718	0	1342	0
L3MBTL1_-_42136354.23-P2	8061	16594	4226	844
L3MBTL1_-_42136364.23-P2	2285	3	2773	1148
L3MBTL1_-_42136371.23-P2	2589	2534	1507	3074
L3MBTL1_-_42143151.23-P1	2481	2	2469	1682
L3MBTL1_-_42143161.23-P1	984	4873	1268	5399
L3MBTL1_-_42143172.23-P1	1471	7895	919	4662
L3MBTL1_-_42143564.23-P1	952	5	244	3605
LALBA_+_48963797.23-ENST00000301046.2	0	0	109	0
LALBA_+_48963811.23-ENST00000301046.2	1	1555	242	1099
LALBA_-_48963595.23-ENST00000301046.2	1	1	987	0
LALBA_-_48963761.23-ENST00000301046.2	806	0	927	984
LALBA_-_48963787.23-ENST00000301046.2	27	2	1045	1306
LAMTOR3_+_100815555.23-P1P2	1225	5952	1256	490
LAMTOR3_-_100815535.23-P1P2	2607	0	756	2
LAMTOR3_-_100815552.23-P1P2	2	0	399	1840
LAMTOR3_-_100815640.23-P1P2	1143	1	480	1118
LAMTOR3_-_100815661.23-P1P2	1	3273	1	0
LAP3_+_17579100.23-P1P2	2742	0	401	0
LAP3_-_17579200.23-P1P2	1193	0	387	0
LAP3_-_17579203.23-P1P2	1501	0	1140	2514
LAP3_-_17579493.23-P1P2	1	1	1588	3175
LAP3_-_17579614.23-P1P2	3	0	1522	3279
LARS2_+_45430021.23-P1P2	2	0	645	0
LARS2_+_45430090.23-P1P2	364	8341	646	1291
LARS2_+_45430506.23-P1P2	2	4580	149	1
LARS2_-_45430125.23-P1P2	738	3650	1398	2
LARS2_-_45430128.23-P1P2	689	2	362	1
LARS_+_145561989.23-P1P2	0	0	116	1412
LARS_+_145562128.23-P1P2	0	0	222	0
LARS_+_145562134.23-P1P2	469	0	236	0
LARS_-_145562114.23-P1P2	0	0	117	0
LARS_-_145562203.23-P1P2	0	0	0	0
LATS1_+_150039161.23-P1P2	2497	13349	761	9
LATS1_+_150039188.23-P1P2	1	0	1400	0
LATS1_+_150039222.23-P1P2	2019	4113	3917	3105
LATS1_-_150038761.23-P1P2	3	0	1077	1610
LATS1_-_150038990.23-P1P2	2177	3138	1752	1801
LATS2_+_21635251.23-P1P2	2164	4617	2124	1799
LATS2_-_21635178.23-P1P2	3197	3978	2588	1895
LATS2_-_21635258.23-P1P2	4681	3939	1953	2
LATS2_-_21635336.23-P1P2	8	4284	2709	3130
LATS2_-_21635690.23-P1P2	3	1	714	908
LAT_+_28996465.23-P1P2	6403	6	1557	2517
LAT_+_28996485.23-P1P2	1	0	1593	1
LAT_+_28996688.23-P1P2	0	0	78	0
LAT_+_28996937.23-P1P2	0	0	498	0
LAT_-_28996455.23-P1P2	0	0	820	0
LCK_+_32716915.23-P1P2	1624	2	1056	3843
LCK_+_32717338.23-P1P2	2	0	1080	2124
LCK_-_32716887.23-P1P2	2075	2720	1430	3204
LCK_-_32716924.23-P1P2	964	2789	1993	1911
LCK_-_32717116.23-P1P2	2005	2	1534	4360
LCMT1_+_25123085.23-P1P2	0	0	0	0
LCMT1_+_25123226.23-P1P2	1149	1	1587	1
LCMT1_+_25123445.23-P1P2	1632	1	1769	2
LCMT1_+_25123449.23-P1P2	4597	2	2305	4046
LCMT1_-_25123277.23-P1P2	2645	4156	2731	2
LCMT2_+_43622733.23-P1P2	452	0	812	0
LCMT2_+_43622751.23-P1P2	2942	7493	1849	1894
LCMT2_-_43622704.23-P1P2	1	0	160	0
LCMT2_-_43622722.23-P1P2	2778	3	1201	2
LCMT2_-_43622770.23-P1P2	6207	2657	925	1
LCN2_+_130911773.23-P1P2	1389	2	1116	1360
LCN2_+_130911807.23-P1P2	1	0	774	0
LCN2_+_130912126.23-P1P2	5	1	835	3420
LCN2_+_130912149.23-P1P2	3773	7	803	1224
LCN2_-_130911824.23-P1P2	3302	2	244	366
LCN9_+_138555199.23-P1P2	5	6872	751	0
LCN9_-_138555161.23-P1P2	2403	0	1860	2096
LCN9_-_138555439.23-P1P2	0	0	677	0
LCN9_-_138555579.23-P1P2	5	4751	123	1
LCN9_-_138555590.23-P1P2	0	0	0	0
LCTL_+_66857933.23-P1P2	1191	5328	1206	2
LCTL_+_66857974.23-P1P2	5	2975	938	1073
LCTL_+_66858295.23-P1P2	2	3	935	1
LCTL_-_66858269.23-P1P2	1274	0	577	1
LCTL_-_66858312.23-P1P2	6	2655	1176	988
LCT_+_136594672.23-P1P2	3	0	2022	1554
LCT_-_136594275.23-P1P2	3831	2	1358	1
LCT_-_136594360.23-P1P2	4151	3195	2285	1
LCT_-_136594534.23-P1P2	1	0	500	0
LCT_-_136594647.23-P1P2	0	0	322	0
LDHAL6A_+_18477783.23-P1P2	823	0	863	1
LDHAL6A_+_18477799.23-P1P2	1114	2672	1225	1312
LDHAL6A_-_18477532.23-P1P2	2679	8609	1462	5343
LDHAL6A_-_18477811.23-P1P2	1	0	805	0
LDHAL6A_-_18477819.23-P1P2	3050	5398	1509	1870
LDHAL6B_+_59499201.23-P1P2	2756	4608	1108	2
LDHAL6B_+_59499247.23-P1P2	4	0	1138	0
LDHAL6B_-_59499053.23-P1P2	9	4	2329	1984
LDHAL6B_-_59499074.23-P1P2	4469	5082	2723	8
LDHAL6B_-_59499089.23-P1P2	1308	5960	669	1508
LDHC_+_18434083.23-P1P2	1225	3	1307	2565
LDHC_-_18433878.23-P1P2	1345	3	4322	2053
LDHC_-_18433892.23-P1P2	9	5184	1771	4899
LDHC_-_18433955.23-P1P2	1082	3	987	1288
LDHC_-_18434413.23-P1P2	2416	4	790	2106
LEPRE1_+_43232635.23-P1P2	0	0	994	0
LEPRE1_+_43232646.23-P1P2	1657	0	827	0
LEPRE1_+_43232654.23-P1P2	3089	2281	2724	1578
LEPRE1_+_43232678.23-P1P2	2307	1	683	0
LEPRE1_-_43232661.23-P1P2	0	1	176	2
LEPREL1_+_189838039.23-P1P2	5004	2407	1164	1695
LEPREL1_+_189838649.23-P1P2	890	2	1389	3081
LEPREL1_+_189838670.23-P1P2	2676	5	1402	1748
LEPREL1_-_189838684.23-P1P2	0	1	1916	1
LEPREL1_-_189838687.23-P1P2	1383	0	861	2
LEPREL2_+_6937569.23-P1P2	1471	5	1244	4436
LEPREL2_+_6937961.23-P1P2	823	0	1012	0
LEPREL2_+_6937964.23-P1P2	3120	2	2752	1361
LEPREL2_+_6938059.23-P1P2	2165	4446	1061	2
LEPREL2_-_6938000.23-P1P2	1235	2	2310	1588
LGALS2_+_37976013.23-P1P2	431	2	339	0
LGALS2_+_37976049.23-P1P2	4	2633	1284	2944
LGALS2_-_37975827.23-P1P2	0	0	0	0
LGALS2_-_37975929.23-P1P2	5681	6	1764	4
LGALS2_-_37976033.23-P1P2	1	1	905	0
LGALS7_+_39263633.23-ENST00000378626.4	15	2	763	1745
LGALS7_+_39264103.23-ENST00000378626.4	0	0	0	0
LGALS7_-_39263666.23-ENST00000378626.4	867	0	2325	418
LGALS7_-_39263857.23-ENST00000378626.4	2	3349	1805	2
LGALS7_-_39264038.23-ENST00000378626.4	5	6	2003	2664
LGALS9_+_25958315.23-P1P2	2	6246	816	742
LGALS9_-_25958240.23-P1P2	827	1	780	2019
LGALS9_-_25958253.23-P1P2	0	0	689	0
LGALS9_-_25958483.23-P1P2	3	1	1058	1989
LGALS9_-_25958621.23-P1P2	0	0	401	0
LGSN_+_64029422.23-P1P2	4584	6	1612	2
LGSN_+_64029425.23-P1P2	4	4442	1107	2742
LGSN_-_64029669.23-P1P2	0	0	346	1886
LGSN_-_64029738.23-P1P2	0	0	398	0
LGSN_-_64029830.23-P1P2	1	0	333	0
LHCGR_+_48982338.23-P1P2	0	0	608	1
LHCGR_+_48982838.23-P1P2	1269	1	621	1
LHCGR_-_48982427.23-P1P2	3	4023	938	4135
LHCGR_-_48982440.23-P1P2	0	0	141	0
LHCGR_-_48982811.23-P1P2	5007	4723	3187	3318
LHPP_+_126150437.23-P1P2	2500	4482	2605	4547
LHPP_+_126150786.23-P1P2	1490	0	194	2
LHPP_-_126150444.23-P1P2	692	1	1666	1459
LHPP_-_126150451.23-P1P2	3252	2851	2765	2
LHPP_-_126150782.23-P1P2	1335	1	1871	1
LIAS_+_39460679.23-P1P2	0	0	0	0
LIAS_+_39460685.23-P1P2	0	0	0	0
LIAS_+_39461140.23-P1P2	1	1	1475	0
LIAS_-_39460775.23-P1P2	1	0	178	0
LIAS_-_39461156.23-P1P2	4	1	624	3625
LIMK1_+_73498172.23-P1	3601	1	981	1338
LIMK1_+_73498175.23-P1	5	3169	631	0
LIMK1_+_73498555.23-P1	3	1	2885	1
LIMK1_+_73507537.23-P2	0	0	0	0
LIMK1_+_73507595.23-P2	2673	2	1377	1319
LIMK1_+_73507614.23-P2	0	0	0	0
LIMK1_+_73507647.23-P2	0	0	394	1
LIMK1_-_73498189.23-P1	3066	1	1987	1
LIMK1_-_73498366.23-P1	0	0	726	0
LIMK1_-_73507588.23-P2	4472	3390	1262	1408
LIMK2_-_31608303.23-P1P2	0	2	647	2591
LIMK2_-_31608420.23-P1P2	1	0	1241	1551
LIMK2_-_31608608.23-P1P2	2329	2	479	3381
LIMK2_-_31608641.23-P1P2	0	0	110	0
LIMK2_-_31608698.23-P1P2	0	0	868	0
LIPA_+_91011062.23-P1P2	3752	0	1493	2
LIPA_+_91011512.23-P1P2	1537	4607	1800	4863
LIPA_+_91011586.23-P1P2	2955	2	848	4469
LIPA_-_91011199.23-P1P2	1047	5	2029	3559
LIPA_-_91011546.23-P1P2	1144	6062	913	1
LIPF_+_90424226.23-P1P2	0	0	174	0
LIPF_+_90424306.23-P1P2	0	0	0	0
LIPF_-_90424381.23-P1P2	0	0	298	0
LIPF_-_90424448.23-P1P2	0	0	0	0
LIPF_-_90424616.23-P1P2	1367	1	680	1844
LIPJ_-_90346531.23-P1P2	2030	5063	1557	2414
LIPJ_-_90346602.23-P1P2	1110	0	933	0
LIPJ_-_90346894.23-P1P2	0	1	327	0
LIPJ_-_90346942.23-P1P2	3	2	704	2982
LIPJ_-_90346948.23-P1P2	4	4029	2	1688
LIPT1_+_99771478.23-P1P2	773	8568	1961	1531
LIPT1_+_99771489.23-P1P2	0	2	1020	0
LIPT1_+_99771539.23-P1P2	1207	3801	2966	1579
LIPT1_-_99771504.23-P1P2	4	1685	2274	1320
LIPT1_-_99771518.23-P1P2	6	3	2344	2345
LMAN1_+_57026445.23-P1P2	1557	0	797	0
LMAN1_-_57026050.23-P1P2	4005	0	748	1830
LMAN1_-_57026107.23-P1P2	0	0	0	0
LMAN1_-_57026186.23-P1P2	1471	2986	1858	1463
LMAN1_-_57026283.23-P1P2	1520	5	1364	3212
LMTK2_+_97736187.23-P1P2	1409	2249	1372	0
LMTK2_+_97736224.23-P1P2	1	0	1174	0
LMTK2_-_97736196.23-P1P2	804	642	2308	2800
LMTK2_-_97736236.23-P1P2	2553	1	2540	2735
LMTK2_-_97736262.23-P1P2	2	3	2817	0
LMTK3_+_49016391.23-P1P2	7	2	1991	1805
LMTK3_+_49016507.23-P1P2	2386	6439	1295	3138
LMTK3_+_49016817.23-P1P2	1566	2	3093	5286
LMTK3_+_49016834.23-P1P2	2853	3	2142	6221
LMTK3_-_49016875.23-P1P2	1524	5	1158	1578
LPA_+_161084930.23-P1P2	1462	5016	1483	3669
LPA_+_161085281.23-P1P2	2	0	147	1840
LPA_+_161085286.23-P1P2	0	0	0	0
LPA_-_161084950.23-P1P2	5953	2	1711	5220
LPA_-_161085028.23-P1P2	5	5	1320	6581
LPL_+_19796807.23-P1P2	2	1	1326	2287
LPL_+_19797226.23-P1P2	1523	1	1317	2486
LPL_+_19797288.23-P1P2	7	4	1025	5989
LPL_-_19796954.23-P1P2	1315	1	1316	1421
LPL_-_19797196.23-P1P2	2	2	867	0
LPPR2_+_11466136.23-P1P2	2564	2022	2938	1883
LPPR2_+_11466298.23-P1P2	2524	2	1769	4
LPPR2_-_11466214.23-P1P2	1	0	409	1
LPPR2_-_11466222.23-P1P2	0	0	0	0
LPPR2_-_11466260.23-P1P2	1	0	177	0
LRAT_+_155665197.23-P1P2	3	0	519	1924
LRAT_+_155665234.23-P1P2	0	0	385	0
LRAT_+_155665352.23-P1P2	2359	3	775	1
LRAT_-_155665206.23-P1P2	3849	5	1800	1575
LRAT_-_155665581.23-P1P2	1	0	74	0
LRP1_+_57522332.23-P1P2	1981	2	1609	2042
LRP1_+_57522866.23-P1P2	0	0	474	28
LRP1_-_57522286.23-P1P2	743	1	320	0
LRP1_-_57522313.23-P1P2	1357	1	2787	0
LRP1_-_57522328.23-P1P2	2549	312	1638	0
LRRK1_+_101459591.23-P1P2	2438	2	1930	1578
LRRK1_+_101459594.23-P1P2	3405	4	1525	1332
LRRK1_-_101459569.23-P1P2	0	0	310	0
LRRK1_-_101459969.23-P1P2	3356	5	4115	4195
LRRK1_-_101459997.23-P1P2	2005	3931	1253	3
LRRK2_+_40618843.23-P1P2	3413	5	1948	1
LRRK2_+_40618865.23-P1P2	3	0	1249	1304
LRRK2_+_40618871.23-P1P2	4125	3	2249	1
LRRK2_+_40619209.23-P1P2	1	2	706	2114
LRRK2_+_40619340.23-P1P2	1067	1	338	1
LSM6_+_147096955.23-P1P2	0	0	242	0
LSM6_-_147096910.23-P1P2	0	0	0	0
LSM6_-_147096913.23-P1P2	0	0	0	0
LSM6_-_147096927.23-P1P2	0	0	0	0
LSM6_-_147096958.23-P1P2	0	0	0	0
LSS_+_47648301.23-P1P2	1509	4859	1090	5
LSS_+_47648648.23-P1P2	0	0	0	0
LSS_+_47648683.23-P1P2	0	0	119	0
LSS_+_47648696.23-P1P2	0	0	0	0
LSS_-_47648468.23-P1P2	0	0	395	0
LTA4H_+_96429127.23-P1P2	0	0	1534	0
LTA4H_-_96428948.23-P1P2	1086	2	1008	3
LTA4H_-_96428968.23-P1P2	2306	1	1446	1
LTA4H_-_96429091.23-P1P2	1469	2153	1879	0
LTA4H_-_96429293.23-P1P2	4	1	690	3434
LTA_+_31540068.23-P1P2	4	3	2446	1755
LTA_+_31540111.23-P1P2	0	0	237	0
LTA_+_31540542.23-P1P2	0	0	295	1
LTA_-_31540065.23-P1P2	1293	5241	2955	1558
LTA_-_31540552.23-P1P2	0	0	96	0
LTC4S_+_179221418.23-P1P2	0	0	129	0
LTC4S_+_179221448.23-P1P2	1043	0	1643	1062
LTC4S_-_179221023.23-P1P2	1679	0	1689	3
LTC4S_-_179221076.23-P1P2	2385	4414	3197	1705
LTC4S_-_179221093.23-P1P2	1163	3600	1156	2
LTF_-_46505940.23-P1P2	6	4949	142	1156
LTF_-_46506319.23-P1P2	2	2	1592	1
LTF_-_46506342.23-P1P2	1479	2805	1689	2
LTF_-_46506380.23-P1P2	9	1	1989	3339
LTF_-_46506390.23-P1P2	1	0	1190	3631
LTK_+_41805579.23-P1P2	0	0	917	0
LTK_+_41805774.23-P1P2	3532	3	850	3
LTK_+_41806006.23-P1P2	2956	3	995	1873
LTK_+_41806026.23-P1P2	6	5	1123	5620
LTK_-_41806018.23-P1P2	1465	1	631	2471
LY96_+_74903948.23-P1P2	3284	3	681	0
LY96_+_74903968.23-P1P2	0	0	118	0
LY96_+_74904029.23-P1P2	1362	0	1444	1
LY96_+_74904116.23-P1P2	4	0	588	0
LY96_-_74903941.23-P1P2	4	0	735	0
LYN_+_56792380.23-P1P2	0	0	239	0
LYN_+_56792447.23-P1P2	2343	4301	2803	1832
LYN_+_56792814.23-P1P2	2473	2590	2103	3
LYN_+_56792854.23-P1P2	1806	4692	1962	1196
LYN_-_56792769.23-P1P2	902	2	1324	4689
LYZ_+_69742152.23-P1P2	4	1	1324	1
LYZ_-_69742194.23-P1P2	1	5491	560	2
LYZ_-_69742245.23-P1P2	1128	1	858	2068
LYZ_-_69742379.23-P1P2	2	3	865	1972
LYZ_-_69742515.23-P1P2	1581	3	904	1803
M6PR_+_9101865.23-P1P2	1043	0	609	3
M6PR_+_9102204.23-P1P2	3461	1	1104	4
M6PR_+_9102212.23-P1P2	0	2	1340	1
M6PR_+_9102222.23-P1P2	0	0	78	0
M6PR_-_9102165.23-P1P2	4556	3	628	1564
MADD_+_47291222.23-P1P2	599	2988	204	3
MADD_+_47291231.23-P1P2	0	0	92	0
MADD_+_47291677.23-P1P2	3524	1	2116	2
MADD_+_47291704.23-P1P2	1743	4259	1175	2
MADD_-_47291717.23-P1P2	5	2514	1641	0
MAGI2_+_79082466.23-P1P2	0	0	435	0
MAGI2_+_79082500.23-P1P2	0	0	282	0
MAGI2_+_79082947.23-P1P2	1306	3	746	5245
MAGI2_-_79082928.23-P1P2	3595	4	840	7924
MAGI2_-_79082978.23-P1P2	2741	1	78	0
MAGI3_+_113933181.23-P1P2	6	4850	2700	3007
MAGI3_+_113933190.23-P1P2	1121	2	1596	3898
MAGI3_+_113933544.23-P1P2	3762	4	1677	13
MAGI3_+_113933548.23-P1P2	3703	7234	3947	2809
MAGI3_-_113933189.23-P1P2	3145	5	2456	3
MAK_+_10838700.23-P1P2	1525	0	728	1555
MAK_+_10838734.23-P1P2	1378	3	1877	2855
MAK_+_10838745.23-P1P2	8	5517	1525	705
MAK_-_10838377.23-P1P2	3701	2756	1276	1509
MAK_-_10838380.23-P1P2	0	0	84	0
MAN1A1_+_119670517.23-P1P2	2074	0	1407	1641
MAN1A1_+_119670521.23-P1P2	5	3339	654	3336
MAN1A1_-_119670721.23-P1P2	2058	2	1916	1722
MAN1A1_-_119670850.23-P1P2	4	3	1041	3246
MAN1A1_-_119670897.23-P1P2	3146	3	3120	3262
MAN1B1_+_139981719.23-P1P2	7170	5	876	1969
MAN1B1_-_139981488.23-P1P2	7414	1	699	928
MAN1B1_-_139981842.23-P1P2	2183	3	1858	1679
MAN1B1_-_139981868.23-P1P2	3175	2742	1795	2646
MAN1B1_-_139981992.23-P1P2	2098	3	1639	4202
MAN2A1_+_109025632.23-P1P2	0	0	121	0
MAN2A1_+_109025637.23-P1P2	1337	1	961	2
MAN2A1_+_109025693.23-P1P2	1536	5745	1209	1613
MAN2A1_-_109025121.23-P1P2	2820	4900	937	3
MAN2A1_-_109026039.23-P1P2	2973	5	1534	1795
MAOB_+_43741293.23-P1P2	2	0	1848	0
MAOB_+_43741686.23-P1P2	1	0	609	0
MAOB_+_43741701.23-P1P2	1298	1514	1794	1443
MAOB_-_43741243.23-P1P2	1640	2	1265	1
MAOB_-_43741476.23-P1P2	8	4287	1657	497
MAP1A_+_43809808.23-P1P2	922	4	1141	1705
MAP1A_+_43809833.23-P1P2	665	7039	2162	8
MAP1A_+_43809863.23-P1P2	1	3722	1	2
MAP1A_+_43809866.23-P1P2	0	0	1505	1
MAP1A_-_43810238.23-P1P2	2684	4713	1866	5524
MAP2K1_-_66679278.23-P1P2	6893	4	3336	4725
MAP2K1_-_66679290.23-P1P2	3331	2190	1951	1719
MAP2K1_-_66679293.23-P1P2	1362	0	1485	2765
MAP2K1_-_66679296.23-P1P2	2	2707	1259	2
MAP2K1_-_66679776.23-P1P2	5	2006	735	1656
MAP2K2_+_4123670.23-P1P2	2103	1	1050	0
MAP2K2_+_4123678.23-P1P2	1480	6294	4297	6633
MAP2K2_+_4123712.23-P1P2	0	0	962	0
MAP2K2_+_4124064.23-P1P2	2023	1384	1378	2742
MAP2K2_-_4124092.23-P1P2	1856	2	2107	1344
MAP2K3_+_21188019.23-P1P2	7	3	1760	5547
MAP2K3_+_21188070.23-P1P2	1133	4	2260	2946
MAP2K3_+_21188189.23-P1P2	0	0	269	0
MAP2K3_+_21188207.23-P1P2	1533	2	1214	0
MAP2K3_-_21188034.23-P1P2	3466	2740	1545	1
MAP2K4_+_11924171.23-P1P2	768	2004	2889	3
MAP2K4_+_11924555.23-P1P2	1390	1	1785	1
MAP2K4_+_11924585.23-P1P2	564	0	1	0
MAP2K4_+_11924631.23-P1P2	1237	1	1681	1441
MAP2K4_-_11924225.23-P1P2	765	2	531	0
MAP2K5_+_67835091.23-P1P2	1395	2	2822	1
MAP2K5_+_67835094.23-P1P2	2314	3701	941	2802
MAP2K5_+_67835452.23-P1P2	1493	1	1404	2
MAP2K5_+_67835554.23-P1P2	759	0	460	0
MAP2K5_+_67835580.23-P1P2	4	6320	1740	3
MAP2K6_+_67410867.23-P1P2	6	2	1898	1789
MAP2K6_+_67410873.23-P1P2	1183	7483	815	3
MAP2K6_+_67410896.23-P1P2	1	2921	453	1
MAP2K6_+_67410900.23-P1P2	0	0	762	2169
MAP2K6_+_67410971.23-P1P2	1	0	771	851
MAP2K7_+_7968839.23-P1P2	0	0	270	0
MAP2K7_+_7969168.23-P1P2	3183	864	1742	1537
MAP2K7_+_7969219.23-P1P2	3398	2	593	0
MAP2K7_-_7968835.23-P1P2	0	0	0	0
MAP2K7_-_7968965.23-P1P2	0	0	236	0
MAP3K10_+_40697325.23-P1P2	3218	4038	1595	4801
MAP3K10_+_40697392.23-P1P2	5068	664	1873	4178
MAP3K10_-_40697353.23-P1P2	4	2	922	4108
MAP3K10_-_40697420.23-P1P2	0	0	981	1
MAP3K10_-_40697755.23-P1P2	4894	2	1533	3
MAP3K11_+_65381272.23-P1	1370	3	728	1494
MAP3K11_+_65381663.23-P1	1929	2	994	0
MAP3K11_+_65381709.23-P1	3	2	841	1260
MAP3K11_+_65381712.23-P1	1122	1	731	855
MAP3K11_+_65382758.23-P2	1471	2477	1139	2
MAP3K11_+_65382822.23-P2	1	1	101	444
MAP3K11_-_65381254.23-P1	4066	2	1695	2
MAP3K11_-_65382786.23-P2	1349	1	118	1
MAP3K11_-_65382790.23-P2	0	1	600	0
MAP3K11_-_65382826.23-P2	1211	0	262	0
MAP3K12_+_53893257.23-P1P2	6	2468	1547	5190
MAP3K12_-_53893214.23-P1P2	1501	1	452	1
MAP3K12_-_53893217.23-P1P2	2	3373	1347	0
MAP3K12_-_53893240.23-P1P2	2727	11210	3762	8
MAP3K12_-_53893243.23-P1P2	1216	0	392	1
MAP3K13_+_185000798.23-P1	1469	2	130	0
MAP3K13_+_185001157.23-P1	0	0	0	0
MAP3K13_+_185080978.23-P2	4126	3	1412	3860
MAP3K13_+_185081308.23-P2	822	0	455	0
MAP3K13_+_185081407.23-P2	5	3070	2394	2
MAP3K13_-_185000771.23-P1	3	2125	808	1
MAP3K13_-_185000815.23-P1	1502	1	963	2000
MAP3K13_-_185000826.23-P1	4793	8	3223	6594
MAP3K13_-_185080952.23-P2	1158	4934	1301	1
MAP3K13_-_185081028.23-P2	3427	4	951	4267
MAP3K14_+_43394273.23-P1P2	532	0	813	0
MAP3K14_+_43394373.23-P1P2	1110	5874	1584	4
MAP3K14_+_43394416.23-P1P2	2303	5	1850	1
MAP3K14_-_43393956.23-P1P2	2257	6	2105	6053
MAP3K14_-_43393975.23-P1P2	3151	6983	1316	2
MAP3K15_+_19533217.23-P1P2	1409	2	1154	0
MAP3K15_+_19533399.23-P1P2	2	0	1793	1065
MAP3K15_+_19533557.23-P1P2	18	2	2049	3055
MAP3K15_-_19533438.23-P1P2	2	0	1094	0
MAP3K15_-_19533551.23-P1P2	3177	1291	1420	2
MAP3K19_+_135804528.23-P1P2	1	0	217	0
MAP3K19_+_135804993.23-P1P2	2	0	135	0
MAP3K19_-_135804560.23-P1P2	0	0	518	0
MAP3K19_-_135804563.23-P1P2	3274	2387	1399	2096
MAP3K19_-_135804678.23-P1P2	0	0	0	0
MAP3K1_+_56111425.23-P1P2	809	3	1347	4338
MAP3K1_+_56111803.23-P1P2	1359	3	2869	1735
MAP3K1_-_56111403.23-P1P2	678	1	798	0
MAP3K1_-_56111787.23-P1P2	2481	2	1200	1409
MAP3K1_-_56111820.23-P1P2	2964	10	2747	3298
MAP3K2_+_128145488.23-P1P2	6	0	1086	1418
MAP3K2_+_128145501.23-P1P2	1307	1	333	1713
MAP3K2_+_128145529.23-P1P2	2389	2692	1707	0
MAP3K2_-_128145498.23-P1P2	2190	15510	1656	3438
MAP3K2_-_128145517.23-P1P2	2369	0	1049	1
MAP3K3_-_61699751.23-P1P2	1153	1652	1494	1514
MAP3K3_-_61699772.23-P1P2	4200	3	1632	2
MAP3K3_-_61699810.23-P1P2	2258	2013	581	2
MAP3K3_-_61699829.23-P1P2	1179	1	638	1
MAP3K3_-_61699843.23-P1P2	435	1	334	1669
MAP3K4_+_161412813.23-P1P2	1220	1	512	0
MAP3K4_+_161412953.23-P1P2	1329	1	1153	2
MAP3K4_+_161413018.23-P1P2	1	1	1022	2575
MAP3K4_-_161412851.23-P1P2	3609	6519	1118	1393
MAP3K4_-_161412865.23-P1P2	1	1	1010	975
MAP3K5_+_137113501.23-P1P2	2031	3935	638	4
MAP3K5_-_137113110.23-P1P2	5929	7	1241	4
MAP3K5_-_137113480.23-P1P2	2270	5521	1474	1575
MAP3K5_-_137113498.23-P1P2	1287	1	1208	0
MAP3K5_-_137113656.23-P1P2	2	1	2269	2891
MAP3K6_+_27693402.23-P1P2	1	0	535	1
MAP3K6_+_27693436.23-P1P2	2441	3406	2181	4101
MAP3K6_-_27692805.23-P1P2	8	2967	2070	2325
MAP3K6_-_27693217.23-P1P2	0	0	0	0
MAP3K6_-_27693370.23-P1P2	1488	3	2910	3
MAP3K7_+_91296756.23-P1P2	734	1810	1472	2312
MAP3K7_+_91296774.23-P1P2	6	5240	1222	1
MAP3K7_-_91296403.23-P1P2	0	0	0	0
MAP3K7_-_91296731.23-P1P2	1585	11438	2081	6294
MAP3K7_-_91296743.23-P1P2	3051	1	593	852
MAP3K8_+_30723118.23-P1P2	1	2	600	837
MAP3K8_+_30723123.23-P1P2	2944	7	1531	8620
MAP3K8_+_30723542.23-P1P2	0	0	0	0
MAP3K8_+_30723548.23-P1P2	2107	2	1617	3213
MAP3K8_-_30723515.23-P1P2	1335	0	1099	1
MAP3K9_+_71275895.23-P1P2	2	3	992	1943
MAP3K9_+_71276168.23-P1P2	1820	7001	1752	6111
MAP3K9_+_71276221.23-P1P2	800	4894	822	1071
MAP3K9_-_71275881.23-P1P2	2196	0	1227	2
MAP3K9_-_71275994.23-P1P2	1290	4300	2705	972
MAP4K1_+_39108201.23-P1P2	0	1	611	0
MAP4K1_+_39108603.23-P1P2	1649	2	1017	1
MAP4K1_-_39108543.23-P1P2	3016	4554	2809	2001
MAP4K1_-_39108568.23-P1P2	6	1908	1396	0
MAP4K1_-_39108597.23-P1P2	3	3	296	1957
MAP4K2_+_64570318.23-P1P2	1627	1	647	1
MAP4K2_-_64570024.23-P1P2	705	1	542	0
MAP4K2_-_64570252.23-P1P2	921	0	1079	3337
MAP4K2_-_64570267.23-P1P2	2450	12331	1453	6
MAP4K2_-_64570446.23-P1P2	4	2923	937	2
MAP4K3_+_39664019.23-P1P2	1451	0	355	1
MAP4K3_+_39664025.23-P1P2	11	4074	2040	3283
MAP4K3_-_39663962.23-P1P2	6	3	1325	3165
MAP4K3_-_39664372.23-P1P2	2921	2	862	1
MAP4K3_-_39664377.23-P1P2	842	1	356	1
MAP4K4_+_102314194.23-P1P2	6	3747	2125	1271
MAP4K4_+_102314209.23-P1P2	6090	6	3275	2971
MAP4K4_-_102314371.23-P1P2	0	0	685	391
MAP4K4_-_102314429.23-P1P2	4	2441	1076	0
MAP4K4_-_102314572.23-P1P2	0	0	440	0
MAP4K5_+_50999154.23-P1P2	1	0	748	0
MAP4K5_+_50999160.23-P1P2	1353	5787	1553	1
MAP4K5_+_50999233.23-P1P2	2749	5020	839	1488
MAP4K5_-_50998897.23-P1P2	3197	1	1526	2027
MAP4K5_-_50999269.23-P1P2	6	2136	1679	5247
MAPK10_+_87280698.23-P1P2	2852	1	1117	1
MAPK10_+_87280805.23-P1P2	1450	0	608	2
MAPK10_+_87280809.23-P1P2	2083	1	686	1871
MAPK10_+_87281193.23-P1P2	567	0	391	1
MAPK10_-_87281220.23-P1P2	2	1	1096	1869
MAPK11_+_50708400.23-P1P2	2676	1	1739	0
MAPK11_+_50708466.23-P1P2	6	6486	1667	3633
MAPK11_-_50708384.23-P1P2	2291	0	1081	1147
MAPK11_-_50708414.23-P1P2	4988	2731	1427	2
MAPK11_-_50708798.23-P1P2	1572	1	3002	4053
MAPK12_+_50699693.23-P1P2	1	0	1082	0
MAPK12_+_50699710.23-P1P2	5380	2	3106	2568
MAPK12_-_50699638.23-P1P2	2046	1555	3871	2850
MAPK12_-_50699664.23-P1P2	1701	3	2260	3385
MAPK12_-_50700104.23-P1P2	1327	4549	2671	3205
MAPK13_+_36095562.23-P2	325	1	1172	1699
MAPK13_+_36095584.23-P2	2	1	242	1611
MAPK13_+_36098337.23-P1	5023	5148	1492	5618
MAPK13_+_36098340.23-P1	4143	5	3074	3
MAPK13_+_36098354.23-P1	1521	1	1198	0
MAPK13_+_36098714.23-P1	0	0	646	0
MAPK13_-_36095589.23-P2	1587	2	1757	2
MAPK13_-_36095915.23-P2	1809	2	944	3490
MAPK13_-_36095987.23-P2	1	0	1074	521
MAPK13_-_36098350.23-P1	4	3	1034	1165
MAPK14_+_35995582.23-P1P2	1363	2	1440	0
MAPK14_+_35995634.23-P1P2	350	5205	460	2116
MAPK14_+_35995994.23-P1P2	1129	0	114	1
MAPK14_-_35995588.23-P1P2	3048	5	2735	5579
MAPK14_-_35995742.23-P1P2	1	1	643	0
MAPK15_+_144798542.23-P1P2	0	0	1101	0
MAPK15_+_144798554.23-P1P2	1385	0	208	1
MAPK15_-_144798562.23-P1P2	1312	0	1142	1600
MAPK15_-_144798594.23-P1P2	0	0	0	0
MAPK15_-_144798966.23-P1P2	1176	2	1015	1564
MAPK1_+_22221893.23-P1P2	5731	8601	2716	1486
MAPK1_+_22221900.23-P1P2	1323	5	3009	1
MAPK1_-_22221517.23-P1P2	1583	3	1963	2354
MAPK1_-_22221858.23-P1P2	3	2163	1930	1650
MAPK1_-_22221879.23-P1P2	4410	1	2208	587
MAPK3_+_30134158.23-P1P2	3487	2	1650	1
MAPK3_+_30134224.23-P1P2	0	0	219	0
MAPK3_+_30134473.23-P1P2	1532	2	193	3155
MAPK3_-_30134173.23-P1P2	3720	3	1180	1538
MAPK3_-_30134490.23-P1P2	1	1	1369	0
MAPK4_+_48086657.23-P1P2	2661	509	2112	1547
MAPK4_+_48086820.23-P1P2	1979	2	1864	743
MAPK4_+_48086890.23-P1P2	3892	5331	3031	4817
MAPK4_-_48086502.23-P1P2	2043	5215	3177	1767
MAPK4_-_48086531.23-P1P2	1	1	760	3376
MAPK6_+_52312067.23-P1P2	1879	1	811	986
MAPK6_+_52312100.23-P1P2	2	0	1708	1992
MAPK6_-_52311450.23-P1P2	2	0	928	0
MAPK6_-_52311453.23-P1P2	598	4	1011	1304
MAPK6_-_52311462.23-P1P2	3	1	2454	0
MAPK7_+_19281101.23-P1P2	1191	0	1389	0
MAPK7_+_19282166.23-P1P2	1554	1	437	1
MAPK7_-_19281081.23-P1P2	5186	3	3585	3850
MAPK7_-_19281094.23-P1P2	2255	1	647	0
MAPK7_-_19281159.23-P1P2	2242	3	754	1
MAPK8IP1_+_45907239.23-P2	2259	3	1562	1
MAPK8IP1_+_45907688.23-P2	1	537	481	1
MAPK8IP1_+_45921668.23-P1	2240	5	1960	0
MAPK8IP1_+_45922088.23-P1	5603	7	2552	2957
MAPK8IP1_-_45907276.23-P2	1473	3348	2699	3393
MAPK8IP1_-_45907580.23-P2	0	0	1228	0
MAPK8IP1_-_45907653.23-P2	5098	5283	2275	1571
MAPK8IP1_-_45921715.23-P1	1100	4	1109	2580
MAPK8IP1_-_45922057.23-P1	1493	3	464	2802
MAPK8IP1_-_45922095.23-P1	2721	3	871	1805
MAPK8IP2_+_51039278.23-P1P2	1420	1	1568	4997
MAPK8IP2_-_51039250.23-P1P2	1487	2	1103	2857
MAPK8IP2_-_51039253.23-P1P2	0	0	0	0
MAPK8IP2_-_51039587.23-P1P2	3076	5509	584	5
MAPK8IP2_-_51039617.23-P1P2	1	0	984	1
MAPK8IP3_-_1756208.23-P1P2	1469	4295	1672	4
MAPK8IP3_-_1756242.23-P1P2	2760	12344	3342	3520
MAPK8IP3_-_1756275.23-P1P2	3751	2721	2422	1
MAPK8IP3_-_1756368.23-P1P2	3	2880	574	2168
MAPK8IP3_-_1756404.23-P1P2	1265	2601	482	1095
MAPK8_+_49515119.23-P1P2	642	3	1966	2762
MAPK8_+_49515127.23-P1P2	2269	0	985	1473
MAPK8_-_49514766.23-P1P2	1000	4646	1388	1738
MAPK8_-_49514791.23-P1P2	5204	7404	2225	3208
MAPK8_-_49515026.23-P1P2	0	0	1058	0
MAPK9_+_179718994.23-P1P2	5339	6	1636	915
MAPK9_+_179719015.23-P1P2	7	3	2524	2120
MAPK9_+_179719045.23-P1P2	709	4	2191	6639
MAPK9_-_179718613.23-P1P2	2284	3	1577	1712
MAPK9_-_179719011.23-P1P2	3791	4	2340	0
MAPKAP1_+_128412327.23-P2	1277	2	610	0
MAPKAP1_+_128412632.23-P2	1106	3266	363	553
MAPKAP1_+_128412671.23-P2	1	2	589	2040
MAPKAP1_+_128412686.23-P2	1666	5362	1294	4
MAPKAP1_+_128469261.23-P1	0	1	1009	1
MAPKAP1_+_128469415.23-P1	647	0	740	0
MAPKAP1_+_128469461.23-P1	428	5207	150	0
MAPKAP1_+_128469476.23-P1	196	0	43	239
MAPKAP1_-_128412268.23-P2	0	121	154	0
MAPKAP1_-_128469133.23-P1	1300	1	819	2929
MAPKAPK2_+_206858711.23-P1P2	1336	4	1903	2332
MAPKAPK2_-_206858257.23-P1P2	2070	3642	3244	1227
MAPKAPK2_-_206858409.23-P1P2	874	4396	1837	2679
MAPKAPK2_-_206858786.23-P1P2	1	5070	2241	1
MAPKAPK2_-_206858800.23-P1P2	973	3	1352	0
MAPKAPK3_+_50654590.23-P1P2	1	1	1202	1
MAPKAPK3_+_50654634.23-P1P2	3032	3310	975	3
MAPKAPK3_+_50654641.23-P1P2	2402	4712	1517	1822
MAPKAPK3_+_50654647.23-P1P2	5709	1	2425	3076
MAPKAPK3_+_50654665.23-P1P2	0	0	236	0
MAPKAPK5_+_112280458.23-P1P2	3014	2	1437	1121
MAPKAPK5_-_112280047.23-P1P2	4074	3728	1412	1437
MAPKAPK5_-_112280058.23-P1P2	426	2	2315	3878
MAPKAPK5_-_112280061.23-P1P2	935	4786	1650	2
MAPKAPK5_-_112280444.23-P1P2	12	12840	2141	4547
MAPKBP1_+_42066684.23-P1P2	11	9698	679	4
MAPKBP1_+_42066764.23-P1P2	2313	7328	3261	1
MAPKBP1_+_42067047.23-P1P2	0	0	289	1
MAPKBP1_-_42066728.23-P1P2	1551	3016	2446	3047
MAPKBP1_-_42066929.23-P1P2	943	0	179	0
MARCKS_+_114178579.23-P1P2	1355	4796	846	3
MARCKS_+_114178793.23-P1P2	1	0	1102	0
MARCKS_+_114178796.23-P1P2	1471	2	2388	4001
MARCKS_+_114178858.23-P1P2	0	0	0	0
MARCKS_-_114178610.23-P1P2	1	1	1233	0
MARK1_+_220701807.23-P1P2	1787	1	622	855
MARK1_+_220701920.23-P1P2	1400	0	233	0
MARK1_+_220701924.23-P1P2	1557	0	723	0
MARK1_+_220702229.23-P1P2	1719	3574	350	4
MARK1_-_220701952.23-P1P2	858	3	613	524
MARK2_+_63606628.23-P1	4463	7182	2797	2005
MARK2_+_63656051.23-P2	1723	3038	833	1618
MARK2_+_63656055.23-P2	2	2	480	3949
MARK2_+_63656113.23-P2	2439	5034	1685	1798
MARK2_+_63656366.23-P2	2661	2	2339	4
MARK2_-_63606604.23-P1	4617	3	1735	4370
MARK2_-_63606618.23-P1	1239	0	483	1
MARK2_-_63607026.23-P1	3204	3	838	1956
MARK2_-_63607048.23-P1	3294	3	2511	1
MARK2_-_63656296.23-P2	0	6	1160	4020
MARK3_+_103851946.23-P1	1181	2	1133	1344
MARK3_+_103871446.23-P2	1856	3408	2018	5571
MARK3_+_103871459.23-P2	0	1	250	1651
MARK3_+_103871494.23-P2	2026	2	1121	1
MARK3_+_103871511.23-P2	2	0	773	0
MARK3_-_103851740.23-P1	2703	1	1568	2
MARK3_-_103851762.23-P1	473	5564	1781	4319
MARK3_-_103851778.23-P1	4392	6	749	1459
MARK3_-_103851786.23-P1	1452	3	709	1781
MARK3_-_103871548.23-P2	0	0	444	1
MARK4_+_45754564.23-P1P2	5318	7829	2637	5398
MARK4_+_45754924.23-P1P2	1351	2	1912	1
MARK4_+_45754957.23-P1P2	2059	1	1329	2
MARK4_+_45754981.23-P1P2	2183	2	1728	3038
MARK4_+_45755019.23-P1P2	1494	4874	1569	2100
MASP2_+_11107250.23-P1P2	1681	0	975	1684
MASP2_+_11107254.23-P1P2	5	2808	1498	1851
MASP2_+_11107258.23-P1P2	1818	4	1346	0
MASP2_+_11107300.23-P1P2	1191	3350	1194	3
MASP2_-_11107265.23-P1P2	0	3	0	0
MAST1_+_12944770.23-P2	766	6	1740	9207
MAST1_+_12944776.23-P2	4	3	2543	2612
MAST1_+_12944779.23-P2	3020	2766	2301	519
MAST1_+_12945172.23-P2	1252	0	853	3610
MAST1_+_12945186.23-P2	3810	919	1128	680
MAST1_+_12949344.23-P1	0	0	575	0
MAST1_+_12949376.23-P1	1738	3221	750	1569
MAST1_+_12949519.23-P1	4143	2	1986	1599
MAST1_+_12949693.23-P1	3730	4767	1908	3096
MAST1_+_12949712.23-P1	2848	3	2629	11
MAST2_+_46269318.23-P1P2	3067	7869	2194	4519
MAST2_-_46269291.23-P1P2	3542	2571	1621	1633
MAST2_-_46269333.23-P1P2	2524	0	1721	1
MAST2_-_46269336.23-P1P2	3298	2154	853	6
MAST2_-_46269769.23-P1P2	0	0	0	0
MAST3_+_18208647.23-P1P2	4978	826	4589	3097
MAST3_+_18209026.23-P1P2	4	1767	1345	1921
MAST3_-_18208625.23-P1P2	1377	2	1206	2566
MAST3_-_18208658.23-P1P2	2199	4473	1844	3
MAST3_-_18208662.23-P1P2	5534	3	2177	3
MAST4_+_65892185.23-ENST00000403625.2,ENST00000404260.3	2	4617	1975	1798
MAST4_+_65892577.23-ENST00000403625.2,ENST00000404260.3	1489	1	1494	1
MAST4_+_65892684.23-ENST00000403625.2,ENST00000404260.3	1772	1763	1488	2
MAST4_-_65892199.23-ENST00000403625.2,ENST00000404260.3	1169	2	1406	994
MAST4_-_65892226.23-ENST00000403625.2,ENST00000404260.3	2486	1	1941	1916
MASTL_+_27444335.23-P1P2	1498	3320	1193	987
MASTL_-_27444305.23-P1P2	0	0	0	0
MASTL_-_27444315.23-P1P2	0	0	0	0
MASTL_-_27444320.23-P1P2	0	1	171	0
MASTL_-_27444413.23-P1P2	0	0	149	0
MAT1A_+_82049318.23-P1P2	5	3	2186	1979
MAT1A_+_82049410.23-P1P2	0	0	340	1
MAT1A_-_82049347.23-P1P2	2812	3	1471	1
MAT1A_-_82049366.23-P1P2	5	1	1730	1938
MAT1A_-_82049387.23-P1P2	0	0	849	0
MAT2A_+_85766276.23-P1P2	1	1	1805	1681
MAT2A_+_85766280.23-P1P2	1474	2007	861	1619
MAT2A_+_85766302.23-P1P2	1662	5081	713	5
MAT2A_+_85766367.23-P1P2	1255	0	744	1
MAT2A_+_85766721.23-P1P2	1	1	983	1869
MATK_+_3785894.23-P1P2	813	1682	1540	1348
MATK_+_3786153.23-P1P2	3709	2951	496	2132
MATK_+_3786205.23-P1P2	9	0	1286	1553
MATK_-_3785860.23-P1P2	3	1	2113	1412
MATK_-_3786253.23-P1P2	3762	3	3625	4686
MBL2_+_54530976.23-P1P2	1176	1	1320	2
MBL2_+_54531349.23-P1P2	0	0	0	0
MBL2_+_54531352.23-P1P2	0	0	0	0
MBL2_-_54531299.23-P1P2	3348	1443	2546	2
MBL2_-_54531362.23-P1P2	2595	1	1409	25
MB_+_36012953.23-P1P2	1	1	1700	1497
MB_-_36012912.23-P1P2	1	0	84	0
MB_-_36013180.23-P1P2	0	0	321	0
MB_-_36013357.23-P1P2	555	1	855	1670
MB_-_36013372.23-P1P2	1	2	205	1767
MC2R_+_13915038.23-P1P2	2185	1028	2082	3205
MC2R_+_13915064.23-P1P2	1442	4520	1322	1680
MC2R_+_13915087.23-P1P2	3	3459	1243	2
MC2R_-_13915128.23-P1P2	1	1	190	1910
MC2R_-_13915463.23-P1P2	0	0	138	0
MCCC1_+_182817256.23-P1P2	2141	3	849	2652
MCCC1_+_182817292.23-P1P2	0	0	199	0
MCCC1_+_182817298.23-P1P2	4101	5	1318	1853
MCCC1_+_182817301.23-P1P2	0	0	1202	1
MCCC1_-_182817269.23-P1P2	1095	0	1322	0
MCCC2_+_70883215.23-P1P2	708	2609	2404	4436
MCCC2_+_70883259.23-P1P2	0	1	942	1
MCCC2_+_70883650.23-P1P2	1413	4	431	2390
MCCC2_-_70883196.23-P1P2	2752	2	1329	1053
MCCC2_-_70883385.23-P1P2	0	0	272	0
MCFD2_+_47142860.23-P1	5103	1	725	5
MCFD2_+_47142889.23-P1	389	1209	1415	0
MCFD2_+_47142972.23-P1	3677	3	2108	0
MCFD2_+_47168832.23-P2	5	4	1445	2507
MCFD2_-_47142505.23-P1	767	1	1228	1
MCFD2_-_47142680.23-P1	0	1	1395	2
MCFD2_-_47168422.23-P2	186	5401	657	910
MCFD2_-_47168823.23-P2	9	4942	964	3154
MCFD2_-_47168874.23-P2	913	0	458	1
MCFD2_-_47168880.23-P2	0	0	163	0
ME2_+_48405483.23-P1P2	2	0	1059	0
ME2_+_48405494.23-P1P2	2	3578	434	1487
ME2_+_48405509.23-P1P2	4150	4	2179	1
ME2_-_48405558.23-P1P2	1269	1	1370	1735
ME2_-_48405886.23-P1P2	0	1	1287	0
ME3_+_86383140.23-P1P2	0	0	125	0
ME3_+_86383360.23-P1P2	1004	4214	3053	1915
ME3_-_86382994.23-P1P2	3769	1	2129	3805
ME3_-_86383003.23-P1P2	1892	1282	1725	0
ME3_-_86383407.23-P1P2	0	0	919	138
MED1_+_37607247.23-P1P2	0	0	121	0
MED1_+_37607423.23-P1P2	0	0	298	0
MED1_-_37607464.23-P1P2	618	0	1	1
MED1_-_37607477.23-P1P2	3	2684	90	0
MED1_-_37607487.23-P1P2	0	0	508	0
MELK_+_36572924.23-P1P2	3	1650	1133	2050
MELK_+_36572933.23-P1P2	1747	2815	830	2
MELK_+_36572955.23-P1P2	3033	0	689	2
MELK_+_36572996.23-P1P2	1747	1668	1156	1219
MELK_-_36572919.23-P1P2	1	1	1765	0
MERTK_+_112656178.23-P1P2	4242	4	686	0
MERTK_+_112656181.23-P1P2	8	8782	1104	1563
MERTK_+_112656639.23-P1P2	205	0	949	1
MERTK_-_112656217.23-P1P2	1883	2352	1692	3272
MERTK_-_112656461.23-P1P2	1418	2	1018	3321
METAP1_+_99916870.23-P1P2	0	1	1114	0
METAP1_+_99917305.23-P1P2	4002	7	1513	2603
METAP1_-_99916925.23-P1P2	1081	1	919	1
METAP1_-_99916941.23-P1P2	1247	3114	1831	0
METAP1_-_99917396.23-P1P2	1964	1411	1073	3
METAP2_+_95868341.23-P1P2	0	0	202	0
METAP2_-_95867958.23-P1P2	0	0	430	0
METAP2_-_95867961.23-P1P2	1	1	1013	0
METAP2_-_95868001.23-P1P2	0	0	235	0
METAP2_-_95868024.23-P1P2	1	0	140	0
MET_+_116312278.23-P1P2	1	1782	2957	0
MET_-_116312458.23-P1P2	2	2454	2065	3
MET_-_116312513.23-P1P2	1	1	780	1751
MET_-_116312516.23-P1P2	3728	5374	1413	1504
MET_-_116312812.23-P1P2	1	1	932	0
MGAM_+_141695687.23-P1P2	1057	0	776	0
MGAM_+_141695743.23-P1P2	2753	5344	2806	3803
MGAM_+_141696072.23-P1P2	0	0	199	0
MGAM_-_141695722.23-P1P2	1417	3652	190	4
MGAM_-_141695730.23-P1P2	4292	3	2143	4657
MGAT1_+_180229772.23-P1	1576	2605	746	2
MGAT1_+_180229780.23-P1	2259	2	2217	3830
MGAT1_+_180229792.23-P1	6	5370	991	1
MGAT1_+_180230842.23-P2	3000	0	2473	2
MGAT1_-_180229395.23-P1	3021	4	2079	1422
MGAT1_-_180229581.23-P1	2	1	816	1909
MGAT1_-_180230445.23-P2	1242	2	1175	3058
MGAT1_-_180230817.23-P2	1419	0	1601	0
MGAT1_-_180230834.23-P2	3	2	1375	1347
MGAT1_-_180230838.23-P2	1	0	512	0
MGST1_+_16500628.23-P1P2	4828	1	1012	2
MGST1_+_16500631.23-P1P2	1510	5034	2102	6899
MGST1_+_16500637.23-P1P2	6503	10	2946	3703
MGST1_-_16500605.23-P1P2	155	1227	2415	3343
MGST1_-_16500686.23-P1P2	1326	0	1038	946
MGST2_+_140587008.23-P1P2	3	1	476	3728
MGST2_+_140587025.23-P1P2	3460	5	325	1561
MGST2_+_140587342.23-P1P2	1128	0	666	1500
MGST2_+_140587387.23-P1P2	0	0	990	0
MGST2_-_140587238.23-P1P2	1147	0	313	0
MGST3_+_165600134.23-P1P2	3939	4989	2416	5321
MGST3_+_165600864.23-P1P2	3	3	1373	3802
MGST3_+_165600872.23-P1P2	1	2375	379	1
MGST3_+_165600896.23-P1P2	3935	3547	2523	1554
MGST3_-_165600861.23-P1P2	5111	3	1591	714
MINK1_+_4736779.23-P1P2	1395	5873	2473	3
MINK1_+_4736865.23-P1P2	0	0	0	0
MINK1_+_4737064.23-P1P2	1	3	798	0
MINK1_-_4736680.23-P1P2	4	0	832	2173
MINK1_-_4736718.23-P1P2	1551	5608	429	1640
MINPP1_+_89264602.23-P1P2	0	0	300	0
MINPP1_+_89264692.23-P1P2	0	0	732	0
MINPP1_+_89264695.23-P1P2	1	1	335	2071
MINPP1_+_89264698.23-P1P2	2656	0	377	73
MINPP1_+_89265043.23-P1P2	1939	8872	1890	29
MKNK1_+_47069708.23-P1	1311	4	954	1449
MKNK1_+_47069868.23-P1	1026	1	772	1649
MKNK1_+_47069893.23-P1	1234	0	753	2896
MKNK1_+_47069897.23-P1	2306	3	971	1432
MKNK1_+_47082286.23-P2	1294	4909	1265	3
MKNK1_+_47082452.23-P2	0	0	267	0
MKNK1_+_47082506.23-P2	580	8614	1526	3
MKNK1_+_47082514.23-P2	3289	2	2991	3389
MKNK1_-_47069690.23-P1	1630	1	941	1
MKNK1_-_47082123.23-P2	1	0	1171	1
MKNK2_+_2041978.23-P2	1169	0	261	0
MKNK2_+_2042002.23-P2	5306	1	1369	2666
MKNK2_+_2051133.23-P1	1331	2	704	803
MKNK2_+_2051207.23-P1	1450	1	299	0
MKNK2_+_2051224.23-P1	2777	8535	1854	8
MKNK2_+_2051227.23-P1	2332	9543	1306	3515
MKNK2_-_2041617.23-P2	5099	5	885	3
MKNK2_-_2041671.23-P2	1	1	301	0
MKNK2_-_2042010.23-P2	0	0	0	0
MKNK2_-_2051055.23-P1	1	2	591	1448
MLKL_+_74734415.23-P1P2	2	0	93	0
MLKL_+_74734719.23-P1P2	2351	2	1003	0
MLKL_+_74734747.23-P1P2	1	0	1876	0
MLKL_+_74734780.23-P1P2	3	1	522	1967
MLKL_-_74734733.23-P1P2	1702	3	2876	2758
MMAA_+_146540893.23-P1P2	2913	2519	2072	2
MMAA_-_146540515.23-P1P2	4198	1412	1380	2
MMAA_-_146540518.23-P1P2	3	0	825	2037
MMAA_-_146540569.23-P1P2	2	0	1038	1686
MMAA_-_146540596.23-P1P2	3023	4	1747	4951
MMAB_+_110010915.23-P1P2	2934	1	1631	3
MMAB_+_110010982.23-P1P2	12	4505	1881	2625
MMAB_+_110011271.23-P1P2	1577	1	1721	1
MMAB_-_110011077.23-P1P2	2179	2	2557	1525
MMAB_-_110011243.23-P1P2	2632	5	1493	1254
MMACHC_+_45966055.23-P1P2	0	0	618	0
MMACHC_+_45966075.23-P1P2	3	5368	619	1161
MMACHC_-_45966007.23-P1P2	1438	2	1335	1509
MMACHC_-_45966210.23-P1P2	5	4	1110	3176
MMACHC_-_45966249.23-P1P2	4	3613	677	0
MME_+_154797717.23-P1P2	1369	2631	2451	2562
MME_-_154797687.23-P1P2	2321	9420	1825	9
MME_-_154797897.23-P1P2	1304	1592	1614	2
MME_-_154798029.23-P1P2	1196	1	375	0
MME_-_154798084.23-P1P2	3523	2411	1904	2060
MMP10_+_102650935.23-P1P2	0	0	108	0
MMP10_+_102651203.23-P1P2	2995	2	668	1043
MMP10_+_102651366.23-P1P2	1	5239	546	4
MMP10_-_102651272.23-P1P2	0	0	1378	0
MMP10_-_102651285.23-P1P2	1208	1	988	1
MMP11_+_24115046.23-P1P2	3675	3499	3530	4291
MMP11_-_24115012.23-P1P2	5	1	382	3219
MMP11_-_24115015.23-P1P2	1	0	813	1521
MMP11_-_24115499.23-P1P2	1	0	669	0
MMP11_-_24115540.23-P1P2	6837	3652	3966	1736
MMP12_+_102745314.23-P1P2	0	0	351	0
MMP12_+_102745435.23-P1P2	367	0	472	0
MMP12_+_102745705.23-P1P2	1	0	834	0
MMP12_+_102745714.23-P1P2	1445	8194	1874	5
MMP12_-_102745615.23-P1P2	1499	1	1355	1
MMP13_+_102825968.23-P1P2	1226	0	664	0
MMP13_+_102826448.23-P1P2	0	0	139	0
MMP13_-_102826216.23-P1P2	1	0	617	0
MMP13_-_102826407.23-P1P2	0	0	148	0
MMP13_-_102826411.23-P1P2	3389	5662	878	1488
MMP16_+_89339468.23-P1P2	9	4647	557	1946
MMP16_+_89339656.23-P1P2	6	5152	2513	3441
MMP16_+_89339686.23-P1P2	2886	3	2085	1606
MMP16_-_89339699.23-P1P2	130	2	1545	1592
MMP16_-_89339702.23-P1P2	1945	0	779	0
MMP17_+_132313414.23-P1P2	403	4895	1371	6
MMP17_-_132312997.23-P1P2	2	0	1275	0
MMP17_-_132313198.23-P1P2	1641	1	597	1725
MMP17_-_132313401.23-P1P2	5	3024	2230	2699
MMP17_-_132313404.23-P1P2	947	1	184	1
MMP19_+_56236657.23-P1P2	0	0	189	0
MMP19_+_56236733.23-P1P2	0	1	253	0
MMP19_-_56236239.23-P1P2	1362	1	481	1649
MMP19_-_56236324.23-P1P2	2589	2	625	1978
MMP19_-_56236640.23-P1P2	1438	2	398	102
MMP1_+_102668518.23-P1P2	2	0	625	0
MMP1_+_102668868.23-P1P2	1724	5438	326	1818
MMP1_+_102668884.23-P1P2	1217	1	752	4024
MMP1_-_102668827.23-P1P2	5	4471	1521	1
MMP1_-_102668900.23-P1P2	0	1	390	0
MMP20_+_102495608.23-ENST00000260228.2	1594	2	669	1661
MMP20_+_102496043.23-ENST00000260228.2	1559	5735	833	1793
MMP20_-_102495976.23-ENST00000260228.2	3331	3	704	2
MMP20_-_102495982.23-ENST00000260228.2	0	0	514	975
MMP20_-_102496014.23-ENST00000260228.2	5	0	79	1830
MMP21_+_127463906.23-ENST00000368808.3	0	0	1203	1
MMP21_+_127464121.23-ENST00000368808.3	1058	3151	686	3
MMP21_-_127464306.23-ENST00000368808.3	0	0	294	0
MMP21_-_127464320.23-ENST00000368808.3	2	1	457	1520
MMP21_-_127464329.23-ENST00000368808.3	1490	2806	1439	3
MMP24_+_33814533.23-P1P2	5702	4630	1132	8
MMP24_+_33814610.23-P1P2	820	0	748	0
MMP24_+_33814919.23-P1P2	4749	1431	1466	1632
MMP24_-_33814642.23-P1P2	345	6303	834	1442
MMP24_-_33814898.23-P1P2	2	1	1220	2042
MMP25_+_3096630.23-P1P2	1	0	781	0
MMP25_+_3096797.23-P1P2	1006	3148	667	0
MMP25_-_3096589.23-P1P2	994	4931	2574	898
MMP25_-_3096594.23-P1P2	0	0	0	0
MMP25_-_3097062.23-P1P2	0	0	454	0
MMP26_+_4788493.23-ENST00000380390.1	0	0	797	1
MMP26_+_4788522.23-ENST00000380390.1	2290	4	220	1805
MMP26_+_4788604.23-ENST00000380390.1	0	0	743	0
MMP26_+_4788747.23-ENST00000380390.1	1	0	325	0
MMP26_+_5009477.23-ENST00000300762.1	4100	1	2177	3
MMP26_+_5009839.23-ENST00000300762.1	2722	2844	647	2128
MMP26_-_4788571.23-ENST00000380390.1	0	0	164	0
MMP26_-_5009434.23-ENST00000300762.1	5	3	1396	1314
MMP26_-_5009869.23-ENST00000300762.1	602	1	926	0
MMP26_-_5009885.23-ENST00000300762.1	5	4668	1190	4
MMP27_+_102576008.23-P1P2	1356	0	372	0
MMP27_+_102576062.23-P1P2	1274	2	750	0
MMP27_+_102576446.23-P1P2	1472	2	1099	8
MMP27_+_102576467.23-P1P2	1335	0	793	3
MMP27_-_102576005.23-P1P2	0	0	141	0
MMP28_+_34122550.23-P1P2	0	0	1364	0
MMP28_+_34122553.23-P1P2	1	1	888	0
MMP28_+_34122577.23-P1P2	1503	1	1487	3135
MMP28_-_34122159.23-P1P2	1519	2828	1141	206
MMP28_-_34122638.23-P1P2	1	0	1096	1
MMP3_+_102713883.23-P1P2	2985	5220	1639	10
MMP3_+_102714331.23-P1P2	0	0	868	0
MMP3_+_102714334.23-P1P2	997	0	577	920
MMP3_-_102713930.23-P1P2	4382	1251	1568	1864
MMP3_-_102714259.23-P1P2	1167	3	1387	1
MMP7_+_102401009.23-P1P2	3	5244	1124	3667
MMP7_-_102401119.23-P1P2	2027	1	674	0
MMP7_-_102401243.23-P1P2	2813	3	510	3
MMP7_-_102401370.23-P1P2	3310	2594	2346	3458
MMP7_-_102401376.23-P1P2	592	2409	1341	1500
MMP8_+_102595232.23-P1P2	0	0	94	0
MMP8_+_102595642.23-P1P2	2977	0	1887	144
MMP8_+_102595647.23-P1P2	1	0	1581	1
MMP8_-_102595636.23-P1P2	0	0	583	0
MMP8_-_102595652.23-P1P2	1164	0	140	0
MOCOS_+_33767554.23-P1P2	2916	1664	1826	4632
MOCOS_+_33767899.23-P1P2	1196	2671	2169	1616
MOCOS_+_33767931.23-P1P2	0	0	314	0
MOCOS_-_33767865.23-P1P2	1	0	482	0
MOCOS_-_33767974.23-P1P2	1	1	966	2
MOK_+_102771420.23-P1P2	1282	3	1707	1
MOK_+_102771458.23-P1P2	0	1	973	0
MOK_+_102771461.23-P1P2	3	2648	370	1181
MOK_-_102771425.23-P1P2	1415	0	873	2
MOK_-_102771439.23-P1P2	1617	4702	1419	5
MOS_+_57026051.23-P1P2	0	0	201	0
MOS_+_57026123.23-P1P2	609	0	676	1
MOS_+_57026136.23-P1P2	1	0	771	0
MOS_-_57025709.23-P1P2	3	3747	1082	1
MOS_-_57026097.23-P1P2	4	4	750	1877
MPRIP_+_16945765.23-P1P2	2700	4	975	1833
MPRIP_+_16945768.23-P1P2	1900	3	1890	2
MPRIP_+_16945787.23-P1P2	2206	2	1238	3483
MPRIP_+_16945792.23-P1P2	447	9535	1376	1399
MPRIP_-_16945782.23-P1P2	1296	4406	2635	5
MR1_+_181003519.23-P1P2	0	0	525	0
MR1_-_181003146.23-P1P2	1	0	847	0
MR1_-_181003149.23-P1P2	780	2	602	0
MR1_-_181003158.23-P1P2	2	2287	1514	2
MR1_-_181003570.23-P1P2	1531	1629	685	7
MS4A1_+_60223356.23-P1P2	1107	1	881	0
MS4A1_+_60223379.23-P1P2	1	0	1028	2
MS4A1_+_60223388.23-P1P2	732	1	906	1
MS4A1_-_60223423.23-P1P2	4109	1	895	4557
MS4A1_-_60223562.23-P1P2	4	0	738	1069
MS4A2_+_59856151.23-P1P2	0	0	0	0
MS4A2_+_59856276.23-P1P2	1628	1	372	1
MS4A2_-_59856359.23-P1P2	1683	1	690	0
MS4A2_-_59856581.23-P1P2	1571	2	280	2144
MS4A2_-_59856606.23-P1P2	1574	0	1184	1
MSRA_+_9911819.23-P1P2	5859	5634	548	3
MSRA_+_9911857.23-P1P2	1228	11	1631	1642
MSRA_-_9911825.23-P1P2	1387	1	847	1334
MSRA_-_9912190.23-P1P2	2175	5240	1825	1586
MSRA_-_9912264.23-P1P2	1258	0	1614	2
MST1R_+_49940854.23-P1P2	3	5274	363	1
MST1R_+_49941057.23-P1P2	4	0	377	0
MST1R_+_49941068.23-P1P2	1441	1	1399	1149
MST1R_+_49941291.23-P1P2	1672	2842	1548	3102
MST1R_-_49941307.23-P1P2	5890	5	2647	2358
MST4_+_131157354.23-P1P2	3685	2436	767	2
MST4_+_131157714.23-P1P2	0	0	601	0
MST4_-_131157387.23-P1P2	1507	2	1481	1250
MST4_-_131157577.23-P1P2	5834	3	3425	405
MST4_-_131157771.23-P1P2	3450	6	2397	7649
MTAP_+_21802673.23-P1P2	2660	1558	2738	1449
MTAP_+_21802676.23-P1P2	1530	2	1056	3830
MTAP_+_21802875.23-P1P2	4153	4537	2313	1845
MTAP_-_21802667.23-P1P2	5982	5342	2144	1834
MTAP_-_21803113.23-P1P2	2622	4	1217	2
MTFMT_+_65321719.23-P1P2	0	1	163	0
MTFMT_+_65321922.23-P1P2	4092	5	1070	2206
MTFMT_-_65321519.23-P1P2	2	2	684	1198
MTFMT_-_65321712.23-P1P2	2	0	664	0
MTFMT_-_65321920.23-P1P2	1426	5254	409	873
MTHFD2_+_74433642.23-P2	1472	2968	693	1866
MTHFD2_-_74425723.23-P1	4917	0	1131	1439
MTHFD2_-_74425764.23-P1	1050	6891	2333	827
MTHFD2_-_74425771.23-P1	1912	2	1084	3919
MTHFD2_-_74425956.23-P1	1278	8	1875	0
MTHFD2_-_74426186.23-P1	1575	1	1625	2225
MTHFD2_-_74433554.23-P2	4	6399	604	1303
MTHFD2_-_74433575.23-P2	6	3	1482	2275
MTHFD2_-_74433613.23-P2	1	0	509	1687
MTHFD2_-_74433617.23-P2	1064	2	252	2059
MTM1_+_149737106.23-P1P2	769	0	1901	1748
MTM1_+_149737435.23-P1P2	1451	5663	500	2
MTM1_+_149737484.23-P1P2	0	0	648	1407
MTM1_+_149737489.23-P1P2	2	0	1002	1340
MTM1_-_149737096.23-P1P2	1334	3621	2809	3
MTMR10_+_31284093.23-P1P2	2890	7	1519	1530
MTMR10_-_31283432.23-P1P2	1	1	943	0
MTMR10_-_31283442.23-P1P2	1565	1	295	862
MTMR10_-_31283789.23-P1P2	0	0	668	0
MTMR10_-_31283836.23-P1P2	0	0	737	0
MTMR11_+_149903036.23-P1P2	8	8882	1027	3
MTMR11_+_149903204.23-P1P2	698	2396	587	3
MTMR11_-_149902999.23-P1P2	0	0	0	0
MTMR11_-_149903008.23-P1P2	6242	8	2137	5971
MTMR11_-_149903289.23-P1P2	2550	3410	1029	1
MTMR12_+_32313043.23-P1P2	1	0	691	1783
MTMR12_-_32312982.23-P1P2	1219	1	1161	3294
MTMR12_-_32312985.23-P1P2	4992	4930	2085	4638
MTMR12_-_32313034.23-P1P2	1247	3747	1241	1285
MTMR12_-_32313040.23-P1P2	1144	8786	2539	4
MTMR14_+_9691184.23-P1P2	2	1	375	1701
MTMR14_-_9691172.23-P1P2	2	0	1305	0
MTMR14_-_9691202.23-P1P2	2899	1	366	3
MTMR14_-_9691251.23-P1P2	809	1	281	1445
MTMR14_-_9691403.23-P1P2	2519	1	657	1056
MTMR1_+_149861886.23-P1P2	5181	2556	2990	4901
MTMR1_+_149862340.23-P1P2	956	0	1395	1415
MTMR1_-_149861879.23-P1P2	1378	3	2395	3593
MTMR1_-_149861882.23-P1P2	3002	5	1027	6
MTMR1_-_149861920.23-P1P2	1576	3	1020	1
MTMR2_-_95657171.23-P1P2	2409	3025	1982	978
MTMR2_-_95657174.23-P1P2	3035	6309	1896	5
MTMR2_-_95657187.23-P1P2	1204	4196	958	28
MTMR2_-_95657200.23-P1P2	2350	4439	1613	3
MTMR2_-_95657205.23-P1P2	4080	7521	2728	3694
MTMR3_+_30279230.23-P1P2	2215	2700	1239	2
MTMR3_+_30279316.23-P1P2	2	2152	525	36
MTMR3_-_30279250.23-P1P2	1424	6363	2096	3200
MTMR3_-_30279598.23-P1P2	3	2312	813	0
MTMR3_-_30279601.23-P1P2	1	1028	863	1
MTMR4_+_56591601.23-P2	1284	3	1005	0
MTMR4_+_56594799.23-P1	839	1	946	1689
MTMR4_+_56595105.23-P1	4251	5221	2012	4350
MTMR4_+_56595188.23-P1	2758	5	1880	2136
MTMR4_-_56591546.23-P2	715	5103	1475	2002
MTMR4_-_56591953.23-P2	0	0	147	0
MTMR4_-_56591993.23-P2	2120	2	1739	1702
MTMR4_-_56591997.23-P2	2	4460	493	1
MTMR4_-_56595139.23-P1	3739	1	2300	1535
MTMR4_-_56595184.23-P1	1376	0	684	1511
MTMR6_+_25861145.23-P1P2	1102	0	911	1
MTMR6_+_25861543.23-P1P2	2476	7883	1815	1419
MTMR6_+_25861587.23-P1P2	1231	4738	1281	6139
MTMR6_-_25861605.23-P1P2	2586	2	2010	215
MTMR6_-_25861638.23-P1P2	3176	5562	1375	817
MTMR7_+_17270772.23-P1P2	7	4756	1048	1933
MTMR7_+_17270797.23-P1P2	3335	1	2350	1
MTMR7_+_17270807.23-P1P2	1252	1	426	2698
MTMR7_-_17270782.23-P1P2	2496	1	834	1294
MTMR7_-_17270802.23-P1P2	1870	2336	1809	3880
MTMR8_+_63615257.23-P1P2	2899	2	109	1
MTMR8_+_63615291.23-P1P2	2299	5	1693	3823
MTMR8_-_63614850.23-P1P2	984	2539	1014	1
MTMR8_-_63614904.23-P1P2	0	0	426	0
MTMR8_-_63614975.23-P1P2	3	3312	2956	751
MTMR9_+_11142057.23-P1P2	1633	3	1229	835
MTMR9_+_11142322.23-P1P2	1117	5	2428	2099
MTMR9_+_11142357.23-P1P2	2417	3	1635	1556
MTMR9_-_11142001.23-P1P2	4538	2904	806	1
MTMR9_-_11142092.23-P1P2	1301	4	439	1274
MTNR1A_+_187476277.23-P1P2	4042	2832	1289	2297
MTNR1A_+_187476505.23-P1P2	1	0	806	1
MTNR1A_+_187476511.23-P1P2	1021	4843	1427	1289
MTNR1A_-_187476145.23-P1P2	753	0	0	0
MTNR1A_-_187476494.23-P1P2	3	2	102	1391
MTNR1B_+_92703042.23-P1P2	939	2972	1251	3
MTNR1B_+_92703045.23-P1P2	1500	2	1414	1381
MTNR1B_+_92703064.23-P1P2	1	0	932	0
MTNR1B_+_92703076.23-P1P2	2859	3	1792	3397
MTNR1B_-_92702681.23-P1P2	691	2	1427	2198
MTOR_+_11322468.23-P1P2	0	0	872	857
MTOR_+_11322541.23-P1P2	0	0	0	0
MTOR_+_11322572.23-P1P2	0	0	88	0
MTOR_+_11322584.23-P1P2	0	0	3	0
MTOR_-_11322168.23-P1P2	755	1	1336	2187
MTRR_+_7869336.23-P1P2	0	0	1262	1958
MTRR_+_7869735.23-P1P2	1168	4	1510	2756
MTRR_-_7869328.23-P1P2	6	1	1021	2354
MTRR_-_7869343.23-P1P2	1229	4320	1542	2587
MTRR_-_7869349.23-P1P2	4370	3	1399	3705
MTR_+_236958639.23-P1P2	1624	4170	2694	1
MTR_+_236958804.23-P1P2	1	4085	389	0
MTR_-_236958613.23-P1P2	760	3	1291	0
MTR_-_236958736.23-P1P2	1546	5190	2191	2775
MTR_-_236958874.23-P1P2	3383	3	1389	2
MTTP_+_100495996.23-P1P2	3	0	521	0
MTTP_+_100496358.23-P1P2	841	1	923	1543
MTTP_+_100496427.23-P1P2	3412	0	740	1
MTTP_-_100495992.23-P1P2	436	0	825	0
MTTP_-_100496052.23-P1P2	2485	3	820	2293
MUC2_+_1074918.23-P1P2	1018	5547	1273	4840
MUC2_+_1075112.23-P1P2	1481	0	1350	3071
MUC2_-_1074928.23-P1P2	4556	6742	2358	4512
MUC2_-_1075285.23-P1P2	1592	5900	703	2044
MUC2_-_1075332.23-P1P2	2	4797	189	1
MURC_+_103340546.23-P1P2	1636	1	348	961
MURC_+_103340814.23-P1P2	0	0	155	1276
MURC_-_103340393.23-P1P2	1	3	989	2008
MURC_-_103340673.23-P1P2	5156	1710	1433	2081
MURC_-_103340746.23-P1P2	1491	1	130	1
MUSK_+_113431128.23-P1P2	1	1	608	1705
MUSK_+_113431444.23-P1P2	2	0	778	507
MUSK_+_113431483.23-P1P2	0	1	317	2
MUSK_-_113431402.23-P1P2	3583	0	643	899
MUSK_-_113431516.23-P1P2	0	1	313	0
MUT_+_49430502.23-P1P2	1067	0	976	0
MUT_+_49430923.23-P1P2	1275	0	1222	1450
MUT_-_49430450.23-P1P2	2	2386	66	1
MUT_-_49430521.23-P1P2	2817	1	988	1
MUT_-_49430970.23-P1P2	1149	2	1180	0
MVK_+_110011102.23-P1P2	681	2	1808	1569
MVK_+_110011169.23-P1P2	3	5306	1291	3
MVK_-_110011093.23-P1P2	1413	4	1162	2
MVK_-_110011114.23-P1P2	0	0	785	0
MVK_-_110011650.23-P1P2	0	0	267	0
MYH14_+_50706905.23-P1P2	2360	7	1509	2558
MYH14_+_50706916.23-P1P2	0	0	437	0
MYH14_+_50707141.23-P1P2	3740	6380	1408	3
MYH14_-_50707313.23-P1P2	3620	2	947	2495
MYH14_-_50707336.23-P1P2	1249	1	286	2
MYH7_+_23894054.23-P2	2959	6	1110	5626
MYH7_+_23894532.23-P2	0	2	1244	1847
MYH7_+_23894573.23-P2	1567	1	971	2180
MYH7_+_23904465.23-P1	1973	3	1888	0
MYH7_+_23904652.23-P1	3088	3	1244	2
MYH7_+_23904818.23-P1	1	0	1057	0
MYH7_+_23904873.23-P1	7	4487	1985	100
MYH7_-_23894538.23-P2	1879	7426	3564	1232
MYH7_-_23894544.23-P2	3508	3	1816	2
MYH7_-_23904408.23-P1	4775	2	334	2
MYL12A_+_3247938.23-P1	812	0	293	0
MYL12A_+_3252296.23-P2	0	0	266	0
MYL12A_-_3247860.23-P1	1467	2	758	1764
MYL12A_-_3247870.23-P1	4	6272	1277	2
MYL12A_-_3247880.23-P1	1380	10851	661	1
MYL12A_-_3247977.23-P1	1454	0	665	0
MYL12A_-_3252323.23-P2	0	0	263	0
MYL12A_-_3252328.23-P2	707	0	691	1586
MYL12A_-_3252494.23-P2	7	2696	659	1
MYL12A_-_3252737.23-P2	1	0	565	0
MYL6B_+_56546800.23-P1P2	3	1	605	5670
MYL6B_-_56546414.23-P1P2	4324	1265	1455	2
MYL6B_-_56546429.23-P1P2	3198	2	919	2148
MYL6B_-_56546797.23-P1P2	1345	5082	516	5
MYL6B_-_56546806.23-P1P2	3288	2	810	2
MYLK2_+_30407165.23-P1P2	2867	3	1082	5372
MYLK2_+_30407207.23-P1P2	0	0	616	0
MYLK2_+_30407241.23-P1P2	5	3112	627	1
MYLK2_-_30407515.23-P1P2	3272	5	983	1755
MYLK2_-_30407687.23-P1P2	0	0	304	0
MYLK3_+_46781792.23-P1	912	2	2065	1737
MYLK3_+_46782202.23-P1	3	1	721	1581
MYLK3_+_46782235.23-P1	5894	2870	3767	3647
MYLK3_+_46797152.23-P2	1	0	727	1315
MYLK3_-_46781779.23-P1	3078	2	1362	1207
MYLK3_-_46782222.23-P1	1495	2	1533	1325
MYLK3_-_46797068.23-P2	0	0	326	0
MYLK3_-_46797079.23-P2	1413	2	1357	1850
MYLK3_-_46797129.23-P2	2	5237	1419	3
MYLK3_-_46797172.23-P2	1711	5265	1556	2
MYLK4_+_2751126.23-P1P2	1866	1	289	0
MYLK4_+_2751160.23-P1P2	2	0	409	1828
MYLK4_-_2750786.23-P1P2	0	0	40	726
MYLK4_-_2750927.23-P1P2	1993	0	316	1655
MYLK4_-_2751138.23-P1P2	0	0	7	0
MYLK_+_123512423.23-ENST00000475616.1	1442	2	817	0
MYLK_+_123512803.23-ENST00000475616.1	6459	3115	579	2
MYLK_+_123602889.23-ENST00000360304.3	1569	1	154	0
MYLK_+_123602897.23-ENST00000360304.3	1629	1	723	1
MYLK_+_123602990.23-ENST00000360304.3	1347	5456	676	1840
MYLK_-_123512455.23-ENST00000475616.1	2472	2541	3012	4606
MYLK_-_123512779.23-ENST00000475616.1	3	2	1096	1686
MYLK_-_123512851.23-ENST00000475616.1	0	2	817	0
MYLK_-_123602882.23-ENST00000360304.3	4253	5440	2118	1410
MYLK_-_123602964.23-ENST00000360304.3	2	1	1284	1
MYO1D_+_31204155.23-P1P2	3	2057	1597	1
MYO1D_-_31204146.23-P1P2	2767	3490	2354	479
MYO1D_-_31204163.23-P1P2	2263	1	1135	1
MYO1D_-_31204169.23-P1P2	3525	1	1089	1485
MYO1D_-_31204175.23-P1P2	3477	4	2168	3475
MYO3A_+_26223140.23-P1P2	1358	1968	1237	3159
MYO3A_+_26223188.23-P1P2	1	0	615	0
MYO3A_-_26223234.23-P1P2	1103	5	535	1946
MYO3A_-_26223545.23-P1P2	1308	0	338	0
MYO3A_-_26223636.23-P1P2	0	0	558	0
MYO3B_+_171034758.23-P1P2	3	1	859	3869
MYO3B_+_171034951.23-P1P2	0	0	3	0
MYO3B_+_171034958.23-P1P2	10	0	653	3071
MYO3B_-_171034650.23-P1P2	1458	5796	1589	1530
MYO3B_-_171034919.23-P1P2	1322	0	716	0
NADK_+_1709806.23-P1	2	1	415	0
NADK_+_1709820.23-P1	5604	4	2993	1724
NADK_+_1709845.23-P1	2322	7047	1258	3
NADK_+_1709876.23-P1	2685	8	1772	8247
NADK_+_1711070.23-P2	0	0	553	1
NADK_+_1711438.23-P2	0	0	769	0
NADK_-_1709434.23-P1	5724	1	2098	1
NADK_-_1711464.23-P2	3	0	241	2064
NADK_-_1711477.23-P2	1	2	1363	3383
NADK_-_1711485.23-P2	1444	0	575	2
NADSYN1_+_71164275.23-P1P2	1629	0	362	0
NADSYN1_+_71164305.23-P1P2	1	0	629	0
NADSYN1_+_71164322.23-P1P2	2112	3	2166	3081
NADSYN1_+_71164518.23-P1P2	1942	4482	549	6
NADSYN1_-_71164648.23-P1P2	525	0	146	0
NAGA_+_42466751.23-P1P2	2834	1	451	1575
NAGA_+_42466765.23-P1P2	2827	3223	2486	1977
NAGA_+_42466783.23-P1P2	1209	7422	562	1934
NAGA_+_42466786.23-P1P2	1662	0	547	1817
NAGA_-_42466629.23-P1P2	2211	3	762	1305
NAGK_+_71296014.23-P1P2	5	1	630	1826
NAGK_-_71295802.23-P1P2	1727	2	888	0
NAGK_-_71295832.23-P1P2	893	1	821	1
NAGK_-_71295842.23-P1P2	2	2825	693	1449
NAGK_-_71296257.23-P1P2	1	0	332	0
NAGLU_+_40688309.23-P1P2	1504	0	1902	1
NAGLU_+_40688325.23-P1P2	1728	1	1669	1
NAGLU_+_40688676.23-P1P2	1916	1	628	2
NAGLU_+_40689018.23-P1P2	1282	0	1458	0
NAGLU_-_40688749.23-P1P2	1322	2671	1496	3416
NAGPA_-_5083759.23-P1P2	2617	3	2181	1719
NAGPA_-_5083861.23-P1P2	2	2618	1673	842
NAGPA_-_5083882.23-P1P2	2613	0	972	2
NAGPA_-_5083904.23-P1P2	1522	1	745	1613
NAGPA_-_5083907.23-P1P2	1527	1	1214	1
NAGS_+_42081968.23-P1	1529	4	1096	0
NAGS_+_42081999.23-P1	3146	0	465	1
NAGS_+_42082378.23-P1	3408	1941	1789	6
NAGS_+_42082393.23-P1	2265	2	2950	3022
NAGS_+_42083466.23-P2	938	4259	803	4140
NAGS_-_42082012.23-P1	0	0	0	0
NAGS_-_42083396.23-P2	773	4161	2201	0
NAGS_-_42083399.23-P2	1025	1	1210	1485
NAGS_-_42083433.23-P2	8	3750	2117	3928
NAGS_-_42083447.23-P2	1722	4	726	1854
NAPB_+_23402063.23-P1P2	2303	1482	2309	1354
NAPB_+_23402100.23-P1P2	2	0	771	1
NAPB_-_23401600.23-P1P2	2626	12382	2775	9
NAPB_-_23401616.23-P1P2	5	3152	665	1642
NAPB_-_23402111.23-P1P2	1	0	830	1
NARS2_+_78285660.23-P1P2	1681	2	283	1
NARS2_+_78285829.23-P1P2	1191	4	828	1356
NARS2_-_78285456.23-P1P2	1034	4	1180	2
NARS2_-_78285761.23-P1P2	0	0	255	0
NARS2_-_78285846.23-P1P2	0	0	216	0
NARS_+_55288934.23-P1P2	1628	1	129	2112
NARS_+_55288993.23-P1P2	0	0	0	0
NARS_-_55288621.23-P1P2	0	0	0	0
NARS_-_55288674.23-P1P2	2354	10221	829	8
NARS_-_55288977.23-P1P2	0	3	1095	1104
NCAN_+_19322844.23-P1P2	0	0	1150	1
NCAN_+_19323007.23-P1P2	2319	3482	874	2
NCAN_-_19322814.23-P1P2	2912	7	1991	6086
NCAN_-_19322879.23-P1P2	2	1	538	1
NCAN_-_19323235.23-P1P2	1246	2	1197	1
NCOA5_+_44718511.23-P1P2	1148	2	831	1185
NCOA5_+_44718514.23-P1P2	863	2200	1259	1278
NCOA5_+_44718554.23-P1P2	0	3495	2104	0
NCOA5_-_44718548.23-P1P2	4329	4	1429	3
NCOA5_-_44718565.23-P1P2	2275	5158	1764	5272
NDST1_+_149865942.23-P1P2	2949	2	368	1402
NDST1_-_149865520.23-P1P2	2652	3981	2924	3454
NDST1_-_149865528.23-P1P2	2003	3385	2142	2686
NDST1_-_149865550.23-P1P2	2449	0	2641	6
NDST1_-_149865566.23-P1P2	808	3569	2701	5006
NDUFA10_-_240964364.23-P1P2	0	0	101	0
NDUFA10_-_240964703.23-P1P2	1988	5313	2496	1604
NDUFA10_-_240964719.23-P1P2	2	0	707	0
NDUFA10_-_240964753.23-P1P2	0	0	129	0
NDUFA10_-_240964760.23-P1P2	1	0	116	0
NDUFA11_+_5903372.23-P1P2	1	4907	1549	2
NDUFA11_+_5903375.23-P1P2	1916	3992	947	2
NDUFA11_+_5903777.23-P1P2	4069	7	2732	3773
NDUFA11_-_5903392.23-P1P2	807	1162	2072	0
NDUFA11_-_5903762.23-P1P2	2348	2	228	1
NDUFA12_+_95397400.23-P1P2	1	2	1507	0
NDUFA12_+_95397403.23-P1P2	5815	2	1824	1259
NDUFA12_+_95397427.23-P1P2	2	0	1464	1681
NDUFA12_+_95397515.23-P1P2	1144	5169	1598	4497
NDUFA12_-_95397049.23-P1P2	1047	0	646	0
NDUFA1_+_119005445.23-P1P2	0	0	0	0
NDUFA1_-_119005458.23-P1P2	0	0	74	0
NDUFA1_-_119005848.23-P1P2	0	0	283	0
NDUFA1_-_119005868.23-P1P2	0	0	470	0
NDUFA1_-_119006194.23-P1P2	0	0	224	0
NDUFA2_+_140027134.23-P1P2	0	0	0	0
NDUFA2_+_140027158.23-P1P2	0	0	0	0
NDUFA2_+_140027188.23-P1P2	0	0	140	0
NDUFA2_+_140027194.23-P1P2	0	0	123	0
NDUFA2_-_140027105.23-P1P2	0	0	0	0
NDUFA4L2_+_57630847.23-P1P2	470	0	641	0
NDUFA4L2_+_57630864.23-P1P2	1201	1	245	2
NDUFA4L2_-_57630457.23-P1P2	2	0	927	1645
NDUFA4L2_-_57630816.23-P1P2	2	2	1453	1855
NDUFA4L2_-_57630857.23-P1P2	2493	15082	2308	1052
NDUFA5_+_123197681.23-P1P2	671	0	455	0
NDUFA5_+_123197812.23-P1P2	1	0	431	0
NDUFA5_+_123197815.23-P1P2	1	0	78	0
NDUFA5_-_123197695.23-P1P2	0	0	280	0
NDUFA5_-_123197867.23-P1P2	805	5032	1376	1455
NDUFA6_+_42486506.23-P1P2	6	4649	492	5
NDUFA6_+_42486741.23-P1P2	0	0	613	0
NDUFA6_-_42486693.23-P1P2	5333	3	1145	2863
NDUFA6_-_42486710.23-P1P2	0	0	97	0
NDUFA6_-_42486713.23-P1P2	1	0	502	0
NDUFA7_+_8386212.23-P1P2	1	0	755	1
NDUFA7_+_8386270.23-P1P2	5	0	5	0
NDUFA7_-_8385846.23-P1P2	1	0	851	1
NDUFA7_-_8386227.23-P1P2	1974	1	1900	2
NDUFA7_-_8386231.23-P1P2	0	0	0	0
NDUFA8_+_124921973.23-P1P2	0	0	141	0
NDUFA8_+_124922003.23-P1P2	0	0	103	0
NDUFA8_+_124922010.23-P1P2	0	0	0	0
NDUFA8_+_124922020.23-P1P2	1373	1	100	0
NDUFA8_+_124922029.23-P1P2	0	0	127	0
NDUFA9_+_4758311.23-ENST00000266544.5	0	0	0	0
NDUFA9_+_4758351.23-ENST00000266544.5	0	0	0	0
NDUFA9_+_4758364.23-ENST00000266544.5	0	0	399	0
NDUFA9_-_4758360.23-ENST00000266544.5	0	0	0	0
NDUFA9_-_4758484.23-ENST00000266544.5	2	0	375	0
NDUFAB1_+_23607618.23-P1P2	629	2	918	2
NDUFAB1_-_23607550.23-P1P2	0	0	0	0
NDUFAB1_-_23607564.23-P1P2	0	0	224	0
NDUFAB1_-_23607588.23-P1P2	0	0	0	0
NDUFAB1_-_23607596.23-P1P2	0	0	0	0
NDUFB10_+_2009533.23-P1P2	5	0	837	1612
NDUFB10_-_2009544.23-P1P2	1	1	1038	1
NDUFB10_-_2009574.23-P1P2	1	3	624	1373
NDUFB10_-_2009580.23-P1P2	0	0	212	0
NDUFB10_-_2009586.23-P1P2	0	0	164	1593
NDUFB1_+_92587991.23-P1P2	867	4	2020	3281
NDUFB1_+_92588040.23-P1P2	1	0	202	0
NDUFB1_-_92587615.23-P1P2	0	0	302	0
NDUFB1_-_92587652.23-P1P2	2	0	751	1219
NDUFB1_-_92587655.23-P1P2	1	0	248	0
NDUFB3_+_201936620.23-P1P2	5	2100	736	2
NDUFB3_+_201936719.23-P1P2	2	0	1187	1450
NDUFB3_-_201936798.23-P1P2	1	1	739	0
NDUFB3_-_201936802.23-P1P2	0	0	248	0
NDUFB3_-_201937061.23-P1P2	1414	1	492	1697
NDUFB4_+_120315191.23-P1P2	3	3076	525	0
NDUFB4_+_120315227.23-P1P2	1426	0	201	1
NDUFB4_+_120315547.23-P1P2	889	1	333	2
NDUFB4_-_120315417.23-P1P2	1293	0	410	0
NDUFB4_-_120315562.23-P1P2	0	0	227	0
NDUFB5_+_179322591.23-P1P2	688	2852	1183	3
NDUFB5_+_179322610.23-P1P2	7	5238	1405	2
NDUFB5_-_179322609.23-P1P2	0	0	486	0
NDUFB5_-_179322648.23-P1P2	0	1	779	0
NDUFB5_-_179323021.23-P1P2	1671	2	229	0
NDUFB6_+_32572720.23-P1P2	1	0	613	0
NDUFB6_+_32573039.23-P1P2	0	0	107	0
NDUFB6_+_32573050.23-P1P2	955	2658	725	0
NDUFB6_-_32573089.23-P1P2	0	0	221	0
NDUFB6_-_32573107.23-P1P2	0	1	577	1587
NDUFB7_+_14682513.23-P1P2	3	1	734	1381
NDUFB7_+_14682616.23-P1P2	3	6730	742	0
NDUFB7_+_14682640.23-P1P2	2	3354	1102	3
NDUFB7_-_14682804.23-P1P2	0	0	2	0
NDUFB7_-_14682848.23-P1P2	0	0	398	0
NDUFB9_+_125551368.23-P1P2	3531	7737	1230	3
NDUFB9_+_125551406.23-P1P2	0	0	253	1
NDUFB9_+_125551422.23-P1P2	0	0	0	0
NDUFB9_+_125551590.23-P1P2	0	0	166	1
NDUFB9_-_125551516.23-P1P2	1	0	1486	0
NDUFC1_+_140216887.23-P1	1	1476	698	0
NDUFC1_+_140216962.23-P1	0	1	374	0
NDUFC1_+_140223231.23-P2	1562	1	1680	1570
NDUFC1_+_140223568.23-P2	696	1992	994	3
NDUFC1_+_140223605.23-P2	0	1	655	0
NDUFC1_+_140223611.23-P2	0	1	543	0
NDUFC1_+_140223614.23-P2	0	0	105	0
NDUFC1_-_140216734.23-P1	2713	1	864	0
NDUFC1_-_140216886.23-P1	0	0	261	0
NDUFC1_-_140216941.23-P1	938	0	185	1355
NDUFC2_+_77790541.23-P1P2	0	1	181	0
NDUFC2_+_77790703.23-P1P2	0	1	710	0
NDUFC2_-_77790523.23-P1P2	0	0	448	0
NDUFC2_-_77790873.23-P1P2	1445	1	1612	6102
NDUFC2_-_77790912.23-P1P2	0	0	73	0
NDUFS1_+_207024119.23-P1P2	0	0	557	0
NDUFS1_+_207024173.23-P1P2	0	0	0	0
NDUFS1_-_207024125.23-P1P2	0	0	0	0
NDUFS1_-_207024128.23-P1P2	0	0	198	0
NDUFS1_-_207024153.23-P1P2	0	0	0	0
NDUFS2_+_161171919.23-P1P2	0	0	0	0
NDUFS2_+_161172138.23-P1P2	3187	2744	572	0
NDUFS2_-_161171911.23-P1P2	2816	2	2332	3
NDUFS2_-_161172178.23-P1P2	0	0	239	1
NDUFS2_-_161172181.23-P1P2	0	0	38	0
NDUFS3_+_47600835.23-P1P2	129	4363	1462	948
NDUFS3_+_47600951.23-P1P2	2	0	961	1118
NDUFS3_-_47600652.23-P1P2	1078	1	548	0
NDUFS3_-_47600655.23-P1P2	1270	1	1383	1401
NDUFS3_-_47600710.23-P1P2	4	4531	958	1595
NDUFS4_+_52856445.23-P1P2	2907	2	1365	1
NDUFS4_+_52856689.23-P1P2	2807	3	1619	4138
NDUFS4_-_52856474.23-P1P2	900	1	1312	4
NDUFS4_-_52856498.23-P1P2	4152	2	1489	1798
NDUFS4_-_52856546.23-P1P2	3795	2498	1662	1032
NDUFS5_+_39492224.23-P1	0	0	100	0
NDUFS5_+_39494729.23-P2	2720	1	1509	1
NDUFS5_+_39494965.23-P2	0	1	271	0
NDUFS5_-_39492036.23-P1	1588	2363	3	2
NDUFS5_-_39492056.23-P1	0	0	20	0
NDUFS5_-_39492074.23-P1	0	0	37	0
NDUFS5_-_39492080.23-P1	1213	2	1633	2124
NDUFS5_-_39494549.23-P2	0	0	538	0
NDUFS5_-_39494617.23-P2	0	0	65	0
NDUFS5_-_39495011.23-P2	1806	7	1118	1683
NDUFS6_+_1801200.23-P1P2	0	1	610	0
NDUFS6_+_1801594.23-P1P2	2016	2	2017	917
NDUFS6_+_1801700.23-P1P2	1415	3544	1321	804
NDUFS6_-_1801537.23-P1P2	2	2	1304	1
NDUFS6_-_1801582.23-P1P2	1	1	1866	231
NDUFS8_+_67798148.23-P1P2	1910	2	125	1
NDUFS8_+_67798151.23-P1P2	0	0	113	0
NDUFS8_+_67798556.23-P1P2	690	1	422	1700
NDUFS8_-_67798187.23-P1P2	0	0	330	0
NDUFS8_-_67798204.23-P1P2	379	0	419	0
NDUFV1_+_67374424.23-P1	0	1	522	0
NDUFV1_+_67374457.23-P1	169	0	666	0
NDUFV1_+_67374470.23-P1	3837	3	1242	1706
NDUFV1_-_67374453.23-P1	0	0	135	0
NDUFV1_-_67374465.23-P1	5	4847	563	1
NDUFV1_-_67377960.23-P2	1	4	1270	1
NDUFV1_-_67377965.23-P2	1187	6270	638	3394
NDUFV1_-_67378002.23-P2	1605	1	1406	1825
NDUFV1_-_67378165.23-P2	1472	4777	618	1
NDUFV1_-_67378183.23-P2	5455	3	1822	4990
NDUFV2_+_9102636.23-P1P2	0	0	111	0
NDUFV2_+_9102739.23-P1P2	0	0	37	0
NDUFV2_+_9102968.23-P1P2	3	1	122	1353
NDUFV2_+_9103150.23-P1P2	0	0	0	0
NDUFV2_-_9103147.23-P1P2	1	0	415	0
NDUFV3_+_44313428.23-P1P2	1192	0	1086	1664
NDUFV3_+_44313438.23-P1P2	1521	12053	2188	3746
NDUFV3_+_44313450.23-P1P2	2453	7	1854	4130
NDUFV3_+_44313839.23-P1P2	838	0	1160	3
NDUFV3_-_44313446.23-P1P2	1828	2	2829	1428
NEDD8-MDP1_+_24701134.23-P1P2	2	3	411	1353
NEDD8-MDP1_+_24701278.23-P1P2	3319	1	789	2
NEDD8-MDP1_+_24701319.23-P1P2	2360	2572	858	2
NEDD8-MDP1_+_24701514.23-P1P2	0	0	0	405
NEDD8-MDP1_+_24701539.23-P1P2	0	0	300	0
NEK10_+_27410827.23-P1P2	1135	2	1569	1573
NEK10_+_27410847.23-P1P2	200	0	599	2
NEK10_+_27410855.23-P1P2	2093	2758	1604	2
NEK10_-_27410862.23-P1P2	1	1	1373	1911
NEK10_-_27410887.23-P1P2	3749	2450	2010	1990
NEK11_+_130745741.23-P1P2	2432	12049	2317	3
NEK11_+_130745773.23-P1P2	744	0	1030	1722
NEK11_+_130745791.23-P1P2	1381	0	718	0
NEK11_+_130745920.23-P1P2	5	2	1601	6231
NEK11_-_130745769.23-P1P2	2816	5	2098	1393
NEK1_+_170533409.23-P1P2	840	2730	1058	1
NEK1_-_170533689.23-P1P2	0	0	145	0
NEK1_-_170533710.23-P1P2	877	3356	294	2
NEK1_-_170533724.23-P1P2	2	0	681	2034
NEK1_-_170533743.23-P1P2	1	0	1011	0
NEK2_+_211848564.23-P1P2	6301	1623	1297	2
NEK2_+_211848635.23-P1P2	2	1	1541	1506
NEK2_+_211848955.23-P1P2	1329	3	1404	3349
NEK2_-_211848697.23-P1P2	3894	3	428	2021
NEK2_-_211848902.23-P1P2	1089	1728	304	1
NEK3_+_52733683.23-P1P2	1	1	1296	0
NEK3_+_52733692.23-P1P2	2	0	1681	0
NEK3_+_52733699.23-P1P2	3240	4094	302	1140
NEK3_-_52733662.23-P1P2	2230	6288	1830	6890
NEK3_-_52733709.23-P1P2	4	3	306	2972
NEK4_+_52804709.23-P1P2	0	1	692	1
NEK4_+_52804921.23-P1P2	1736	2154	2552	3370
NEK4_+_52804927.23-P1P2	6327	3174	3177	2840
NEK4_-_52804518.23-P1P2	755	0	563	1
NEK4_-_52804941.23-P1P2	6698	4	2864	660
NEK5_+_52702988.23-P1P2	1253	5175	995	1
NEK5_+_52703149.23-P1P2	3	0	724	3666
NEK5_-_52702778.23-P1P2	3	3	2434	4072
NEK5_-_52702784.23-P1P2	1580	1	1020	1
NEK5_-_52703145.23-P1P2	2773	1	1171	1672
NEK6_+_127020678.23-P1P2	2	2502	683	0
NEK6_-_127020260.23-P1P2	10	10354	1414	5
NEK6_-_127020292.23-P1P2	469	5102	1291	3725
NEK6_-_127020340.23-P1P2	1411	635	1486	3
NEK6_-_127020629.23-P1P2	1228	5078	838	4386
NEK7_+_198126182.23-P1P2	6	4765	2049	1827
NEK7_+_198126185.23-P1P2	813	3	757	3261
NEK7_+_198126513.23-P1P2	5	5287	625	3398
NEK7_-_198126181.23-P1P2	1405	0	1089	1
NEK7_-_198126230.23-P1P2	2623	2771	2053	3367
NEK8_+_27055851.23-P1P2	0	0	689	46
NEK8_+_27055871.23-P1P2	1217	0	470	0
NEK8_-_27055848.23-P1P2	0	0	406	1
NEK8_-_27055858.23-P1P2	1147	1	1623	0
NEK8_-_27055861.23-P1P2	2	1	549	2083
NEK9_+_75593513.23-P1P2	3204	1106	1245	3918
NEK9_+_75593688.23-P1P2	855	0	470	875
NEK9_-_75593358.23-P1P2	1	0	938	1427
NEK9_-_75593381.23-P1P2	2591	8	2282	5123
NEK9_-_75593752.23-P1P2	1058	3	823	3353
NEU1_+_31830543.23-P1P2	1051	4	1738	1707
NEU1_+_31830568.23-P1P2	2	2129	533	1779
NEU1_+_31830574.23-P1P2	3	1	1196	1859
NEU1_+_31830590.23-P1P2	1	2	385	1825
NEU1_-_31830181.23-P1P2	4116	1	392	4
NEU2_+_233897419.23-ENST00000233840.3	0	0	135	0
NEU2_+_233897430.23-ENST00000233840.3	1	5926	2241	2024
NEU2_+_233897436.23-ENST00000233840.3	1289	4	1293	2044
NEU2_+_233897622.23-ENST00000233840.3	3394	0	448	1
NEU2_+_233897733.23-ENST00000233840.3	2	0	1358	1
NFS1_+_34287085.23-P1P2	0	0	253	0
NFS1_+_34287226.23-P1P2	0	0	84	0
NFS1_-_34287137.23-P1P2	1178	0	79	1
NFS1_-_34287196.23-P1P2	0	0	345	0
NFS1_-_34287220.23-P1P2	0	0	0	0
NGB_+_77737046.23-P1P2	1417	1	1187	0
NGB_+_77737479.23-P1P2	4500	8	2193	3480
NGB_+_77737500.23-P1P2	2445	2	1926	1779
NGB_-_77737470.23-P1P2	1312	1	1159	807
NGB_-_77737473.23-P1P2	6441	2	2430	3166
NGF_+_115880459.23-P1P2	0	0	129	0
NGF_+_115880788.23-P1P2	762	1	1371	0
NGF_+_115880823.23-P1P2	3	5232	973	2
NGF_+_115880835.23-P1P2	600	2	1367	2
NGF_-_115880803.23-P1P2	2156	0	676	1122
NHP2L1_+_42084485.23-P1P2	0	0	0	0
NHP2L1_+_42084750.23-P1P2	0	1	136	1212
NHP2L1_-_42084601.23-P1P2	0	0	103	0
NHP2L1_-_42084801.23-P1P2	0	0	176	0
NHP2L1_-_42084816.23-P1P2	3	0	1518	0
NID1_+_236227988.23-P1P2	1	0	456	0
NID1_+_236228134.23-P1P2	1061	2774	997	2
NID1_+_236228351.23-P1P2	2832	2478	2979	3974
NID1_+_236228372.23-P1P2	2745	2340	1937	1
NID1_-_236227982.23-P1P2	0	0	81	0
NIM1_+_43192347.23-P1P2	854	1	1083	0
NIM1_+_43192363.23-P1P2	2716	1	1614	2050
NIM1_+_43192800.23-P1P2	1050	2654	1870	5560
NIM1_+_43192818.23-P1P2	2333	4	1342	2
NIM1_-_43192399.23-P1P2	3079	5193	1788	3
NISCH_+_52490060.23-P1P2	1660	1	3292	2123
NISCH_+_52490104.23-P1P2	3320	0	747	1
NISCH_-_52489660.23-P1P2	1152	7518	3037	4512
NISCH_-_52490002.23-P1P2	9	5344	968	3533
NISCH_-_52490054.23-P1P2	1166	2	521	1910
NLK_+_26368778.23-P1P2	1	0	120	0
NLK_+_26369136.23-P1P2	3	1705	818	1551
NLK_+_26369168.23-P1P2	0	0	0	0
NLK_+_26369181.23-P1P2	908	4	2518	1
NLK_-_26368790.23-P1P2	3485	3	1156	1919
NME1_+_49230952.23-P1	5	2	2026	3097
NME1_+_49231214.23-P1	3466	3	501	5303
NME1_+_49233013.23-P2	3252	8181	2017	4330
NME1_+_49233019.23-P2	1	1	1162	1
NME1_+_49233034.23-P2	10	6095	835	1719
NME1_+_49233051.23-P2	2781	3705	3183	2355
NME1_+_49233492.23-P2	0	0	244	956
NME1_-_49230960.23-P1	2	4	2764	3472
NME1_-_49230967.23-P1	1797	2	1020	1791
NME1_-_49231401.23-P1	792	3	1983	2
NME2_+_49243785.23-P1P2	4	540	1591	5069
NME2_+_49243844.23-P1P2	0	0	580	4
NME2_+_49243878.23-P1P2	824	35	1266	1
NME2_+_49243944.23-P1P2	1	2	663	3284
NME2_+_49244167.23-P1P2	1578	3	642	1789
NME3_+_1821311.23-P1P2	8	2725	1147	3731
NME3_-_1821109.23-P1P2	3287	2	1590	1485
NME3_-_1821123.23-P1P2	0	1407	748	1
NME3_-_1821455.23-P1P2	3402	5314	2229	3
NME3_-_1821526.23-P1P2	1263	0	738	2
NME4_+_447230.23-P1P2	3044	4	507	0
NME4_-_447226.23-P1P2	1	0	448	0
NME4_-_447229.23-P1P2	1783	3647	695	1625
NME4_-_447607.23-P1P2	0	2	428	1612
NME4_-_447633.23-P1P2	5	5213	1967	1747
NME5_+_137474920.23-P1P2	0	0	431	0
NME5_+_137475058.23-P1P2	1275	2657	1014	3573
NME5_+_137475071.23-P1P2	0	0	121	0
NME5_-_137474728.23-P1P2	5	2545	586	845
NME5_-_137475066.23-P1P2	0	0	0	0
NME6_+_48342625.23-P1P2	0	0	277	0
NME6_+_48342664.23-P1P2	863	2642	2286	4506
NME6_+_48342808.23-P1P2	2373	1641	1055	4255
NME6_+_48342866.23-P1P2	0	1	1311	1421
NME6_-_48342835.23-P1P2	893	1	1406	2
NME7_+_169337005.23-P1P2	1608	3	1302	1886
NME7_+_169337008.23-P1P2	0	0	197	0
NME7_+_169337011.23-P1P2	1461	0	85	1879
NME7_-_169336814.23-P1P2	5218	5687	1363	1848
NME7_-_169336977.23-P1P2	945	1	425	2
NMNAT1_+_10003524.23-P1P2	4	5543	1842	416
NMNAT1_+_10003537.23-P1P2	4	2	1973	1485
NMNAT1_-_10003540.23-P1P2	5	4982	1848	1282
NMNAT1_-_10003551.23-P1P2	2236	2	766	1
NMNAT1_-_10003568.23-P1P2	2225	0	1416	3
NMNAT3_+_139396400.23-P1P2	0	0	1331	2544
NMNAT3_+_139396422.23-P1P2	1162	4	1158	1534
NMNAT3_+_139396785.23-P1P2	2403	2	2663	5507
NMNAT3_+_139396837.23-P1P2	1652	5037	1875	4240
NMNAT3_-_139396409.23-P1P2	3872	5957	2601	2518
NMRAL1_+_4524234.23-P1P2	1	0	526	0
NMRAL1_+_4524548.23-P1P2	5170	2	1860	2
NMRAL1_+_4524565.23-P1P2	4812	3	2519	1
NMRAL1_+_4524606.23-P1P2	1	2	996	2
NMRAL1_-_4524069.23-P1P2	3	1	1091	1394
NMT1_+_43138745.23-P1P2	1066	4988	646	2
NMT1_-_43138700.23-P1P2	0	0	325	0
NMT1_-_43138703.23-P1P2	2	0	116	1678
NMT1_-_43138733.23-P1P2	0	0	0	0
NMT1_-_43138762.23-P1P2	2292	2	979	3062
NMT2_+_15210668.23-P1P2	2276	4982	806	2
NMT2_+_15210678.23-P1P2	2872	4452	1852	2
NMT2_+_15210685.23-P1P2	1259	0	222	1
NMT2_-_15210363.23-P1P2	1511	3808	1940	4758
NMT2_-_15210618.23-P1P2	3661	3	956	1
NNMT_+_114167427.23-P1P2	0	0	99	0
NNMT_+_114167530.23-P1P2	0	1	55	0
NNMT_-_114167169.23-P1P2	1803	2	753	894
NNMT_-_114167222.23-P1P2	0	1	751	0
NNMT_-_114167501.23-P1P2	13	5380	1878	1
NNT_+_43603290.23-P1P2	0	0	291	0
NNT_+_43603323.23-P1P2	3273	0	2517	2178
NNT_-_43602867.23-P1P2	4	1	908	1910
NNT_-_43603363.23-P1P2	1937	3404	1322	7
NNT_-_43603694.23-P1P2	2570	1	846	1
NOXO1_+_2031074.23-P1P2	1299	1	1	0
NOXO1_+_2031230.23-P1P2	6	4330	2422	2
NOXO1_+_2031366.23-P1P2	5432	2228	2051	1576
NOXO1_-_2031380.23-P1P2	1355	4869	1437	2950
NOXO1_-_2031478.23-P1P2	1102	1	489	1566
NPC1L1_+_44580434.23-P1P2	10	88	1422	5592
NPC1L1_+_44580437.23-P1P2	1	0	147	0
NPC1L1_+_44580454.23-P1P2	3353	4	1025	1687
NPC1L1_+_44580506.23-P1P2	557	3	688	2032
NPC1L1_-_44580541.23-P1P2	0	0	176	0
NPPB_+_11918591.23-P1P2	5	3331	413	1681
NPPB_+_11918956.23-P1P2	2251	2	889	1
NPPB_+_11918983.23-P1P2	946	2	2057	1
NPPB_-_11918541.23-P1P2	1254	1	1036	2
NPPB_-_11918570.23-P1P2	1	0	624	0
NPR1_+_153651128.23-P1P2	412	0	396	373
NPR1_+_153651152.23-P1P2	4407	2	1828	3601
NPR1_+_153651168.23-P1P2	4	6	2960	2860
NPR1_+_153651338.23-P1P2	2	0	917	1
NPR1_-_153651551.23-P1P2	1708	4544	769	2
NPR2_+_35791765.23-P1P2	0	0	750	0
NPR2_+_35792158.23-P1P2	3	0	471	1846
NPR2_+_35792161.23-P1P2	3935	5	291	1817
NPR2_+_35792186.23-P1P2	1	0	852	0
NPR2_-_35791781.23-P1P2	2492	4654	2150	1807
NPR3_+_32710763.23-P1P2	2	3	478	3366
NPR3_+_32710803.23-P1P2	376	2987	2515	1597
NPR3_-_32710867.23-P1P2	3	3093	1632	1
NPR3_-_32711588.23-P1P2	0	0	286	1672
NPR3_-_32711848.23-P1P2	2611	1602	1991	2
NPSR1_+_34697864.23-P1P2	2399	2	650	0
NPSR1_+_34697917.23-P1P2	1533	3030	1677	4690
NPSR1_-_34697842.23-P1P2	1352	0	987	0
NPSR1_-_34697876.23-P1P2	1	2	482	1862
NPSR1_-_34698064.23-P1P2	4	3003	1121	1
NPY2R_+_156130027.23-P1P2	4623	1584	1253	3
NPY2R_+_156130030.23-P1P2	6649	9	3770	8056
NPY2R_+_156130267.23-P1P2	7	12415	621	2076
NPY2R_-_156129798.23-P1P2	2508	2	1160	1
NPY2R_-_156130017.23-P1P2	2	2	2439	3
NQO1_+_69751994.23-P2	1	0	591	0
NQO1_+_69752002.23-P2	0	0	382	0
NQO1_+_69752343.23-P2	1	0	728	0
NQO1_+_69752399.23-P2	3	1	842	2
NQO1_+_69752413.23-P2	1	3540	874	2
NQO1_+_69760261.23-P1	1479	1	1348	761
NQO1_+_69760444.23-P1	3	2843	1115	1
NQO1_+_69760870.23-P1	2	0	1083	717
NQO1_-_69760452.23-P1	1844	3	1889	1661
NQO1_-_69760700.23-P1	1831	7024	816	1536
NQO2_+_3000154.23-P1P2	1226	1	782	1498
NQO2_+_3000491.23-P1P2	7	2962	1478	2765
NQO2_-_3000105.23-P1P2	5	4460	1159	5
NQO2_-_3000151.23-P1P2	1	1	1141	0
NQO2_-_3000174.23-P1P2	327	2178	2868	6218
NR1H2_+_50879938.23-P1P2	1	0	578	0
NR1H2_-_50879724.23-P1P2	4	2	810	3612
NR1H2_-_50879745.23-P1P2	443	0	513	2
NR1H2_-_50879791.23-P1P2	1317	1947	1827	1808
NR1H2_-_50879837.23-P1P2	0	0	0	0
NR1H3_+_47270872.23-P2	1606	6	882	1
NR1H3_+_47270891.23-P2	0	0	489	0
NR1H3_+_47270902.23-P2	2073	4	1522	5367
NR1H3_+_47279565.23-P1	4	4	1948	3380
NR1H3_+_47279581.23-P1	1178	1456	1451	790
NR1H3_+_47279584.23-P1	8	3115	1119	3207
NR1H3_+_47279647.23-P1	1135	1553	826	0
NR1H3_-_47270471.23-P2	1	0	130	0
NR1H3_-_47270499.23-P2	3840	4	2089	2473
NR1H3_-_47279596.23-P1	2613	2787	1694	3
NR1H4_+_100867649.23-P1P2	2	1	909	1999
NR1H4_+_100867652.23-P1P2	2491	3431	724	3439
NR1H4_+_100867696.23-P1P2	393	3	1077	0
NR1H4_+_100867707.23-P1P2	2378	0	1043	2
NR1H4_-_100868114.23-P1P2	3109	1	832	2
NR1I2_+_119500946.23-P1P2	0	0	171	0
NR1I2_+_119501027.23-P1P2	4	2146	2142	1
NR1I2_+_119501344.23-P1P2	1	2	782	0
NR1I2_-_119500931.23-P1P2	1	0	1145	1
NR1I2_-_119501113.23-P1P2	3255	1	1403	1771
NR1I3_+_161207918.23-P1P2	1	0	369	0
NR1I3_+_161207937.23-P1P2	1	0	1157	1650
NR1I3_+_161208007.23-P1P2	3	1	2531	2099
NR1I3_-_161207947.23-P1P2	1	3749	968	4
NR1I3_-_161208057.23-P1P2	1	0	1142	1974
NR3C2_+_149363300.23-P1P2	1507	3931	670	1817
NR3C2_+_149363470.23-P1P2	1377	3284	1767	4
NR3C2_+_149363506.23-P1P2	801	5	2178	5685
NR3C2_-_149363071.23-P1P2	7091	2750	1173	4370
NR3C2_-_149363475.23-P1P2	1557	4994	1500	1788
NRBP1_-_27651509.23-P1P2	4546	2	3083	25
NRBP1_-_27651525.23-P1P2	1	1	802	0
NRBP1_-_27651543.23-P1P2	1199	1	1067	1960
NRBP1_-_27651598.23-P1P2	1156	2	1058	1621
NRBP1_-_27651960.23-P1P2	1428	2349	1374	2413
NRBP2_+_144922760.23-P1P2	7	7215	1289	2
NRBP2_+_144922902.23-P1P2	3286	1	1415	3
NRBP2_+_144923092.23-P1P2	4816	1	2092	0
NRBP2_-_144922734.23-P1P2	0	3209	972	1152
NRBP2_-_144923112.23-P1P2	1776	2	1801	1677
NRGN_+_124610218.23-P1P2	1	0	637	1
NRGN_+_124610223.23-P1P2	1689	4	598	3567
NRGN_-_124610013.23-P1P2	0	1	688	0
NRGN_-_124610018.23-P1P2	0	0	313	0
NRGN_-_124610249.23-P1P2	3030	5318	882	2
NRIP1_+_16437286.23-P1P2	1573	2	1775	1
NRIP1_+_16437289.23-P1P2	3369	8389	968	2054
NRIP1_+_16437292.23-P1P2	0	0	1503	0
NRIP1_-_16436888.23-P1P2	2196	2029	2692	2797
NRIP1_-_16436902.23-P1P2	1614	2	2322	4605
NRK_+_105066557.23-P1P2	1765	0	561	1
NRK_+_105066577.23-P1P2	928	5	1514	5234
NRK_+_105066892.23-P1P2	7	3411	450	3738
NRK_-_105066529.23-P1P2	2419	1766	1488	4
NRK_-_105066962.23-P1P2	2052	11243	2625	1741
NSDHL_+_151999635.23-P1P2	1147	3	227	1895
NSDHL_+_151999679.23-P1P2	1429	1	346	0
NSDHL_+_151999973.23-P1P2	1618	1	1161	1
NSDHL_-_151999595.23-P1P2	1	0	580	1
NSDHL_-_151999611.23-P1P2	0	0	0	0
NSF_+_44668460.23-ENST00000398238.4	1308	0	1763	0
NSF_-_44668038.23-ENST00000398238.4	2	4767	367	3
NSF_-_44668057.23-ENST00000398238.4	2082	8298	705	3
NSF_-_44668285.23-ENST00000398238.4	0	0	0	0
NSF_-_44668515.23-ENST00000398238.4	0	0	0	0
NT5C2_+_104952991.23-P1P2	5	2878	2742	3
NT5C2_+_104953005.23-P1P2	1319	2589	745	1165
NT5C2_+_104953030.23-P1P2	179	5082	1873	2
NT5C2_-_104952665.23-P1P2	0	0	397	0
NT5C2_-_104952994.23-P1P2	2442	1757	708	3
NT5C_+_73127807.23-P1P2	5466	10219	2775	8
NT5C_-_73127350.23-P1P2	889	10159	670	3623
NT5C_-_73127430.23-P1P2	1036	1	662	1
NT5C_-_73127442.23-P1P2	0	0	509	1948
NT5C_-_73127464.23-P1P2	2989	8	2723	4757
NT5M_+_17206657.23-P1P2	2552	6138	1208	8
NT5M_+_17206695.23-P1P2	2339	3	1698	0
NT5M_+_17206759.23-P1P2	1	1	256	2975
NT5M_+_17207056.23-P1P2	1372	1	1139	3623
NT5M_-_17207108.23-P1P2	1	1	603	1997
NTRK1_+_156830696.23-P1P2	3313	2	1646	3
NTRK1_+_156830848.23-P1P2	0	0	0	0
NTRK1_+_156831077.23-P1P2	3295	0	1626	2
NTRK1_+_156831139.23-P1P2	0	0	580	0
NTRK1_-_156830714.23-P1P2	4557	5	2101	2751
NTRK2_+_87284740.23-P1P2	0	2	743	0
NTRK2_-_87284745.23-P1P2	2389	3037	1644	1897
NTRK2_-_87284924.23-P1P2	4867	1748	3840	4207
NTRK2_-_87285096.23-P1P2	1136	2	319	2031
NTRK2_-_87285108.23-P1P2	1454	5768	1002	4
NTRK3_+_88799513.23-P1P2	2391	3	1451	2
NTRK3_+_88799925.23-P1P2	5988	16304	1773	1862
NTRK3_+_88799928.23-P1P2	2442	1	2177	1
NTRK3_-_88799682.23-P1P2	3398	4504	2280	1
NTRK3_-_88799744.23-P1P2	1098	5773	1631	2
NTSR2_+_11809888.23-P1P2	2858	8241	2865	5581
NTSR2_+_11810276.23-P1P2	1320	3	721	0
NTSR2_+_11810280.23-P1P2	2974	5604	1481	2090
NTSR2_+_11810291.23-P1P2	1855	4851	2316	1084
NTSR2_+_11810311.23-P1P2	1892	2776	1200	1617
NUAK1_+_106532511.23-P1P2	1102	4706	1177	1641
NUAK1_-_106532272.23-P1P2	2	0	794	0
NUAK1_-_106532463.23-P1P2	800	0	753	1310
NUAK1_-_106532673.23-P1P2	0	0	1676	1
NUAK1_-_106532681.23-P1P2	3705	0	249	1301
NUAK2_+_205290460.23-P1P2	237	2	477	0
NUAK2_+_205290502.23-P1P2	2599	7	2527	1501
NUAK2_-_205290787.23-P1P2	1982	1	444	1816
NUAK2_-_205290797.23-P1P2	3901	4	1074	1156
NUAK2_-_205290848.23-P1P2	5758	5219	2207	5597
NUCKS1_+_205718662.23-P1P2	2247	3	1421	1775
NUCKS1_+_205719241.23-P1P2	3	2737	849	1516
NUCKS1_-_205718947.23-P1P2	830	4	2042	5393
NUCKS1_-_205718968.23-P1P2	1017	8005	1283	7
NUCKS1_-_205719091.23-P1P2	1263	0	1975	2145
NUDT9_+_88343954.23-P1P2	1	3755	1462	4
NUDT9_+_88344115.23-P1P2	976	2707	714	2062
NUDT9_+_88344143.23-P1P2	4	0	2214	1180
NUDT9_+_88344169.23-P1P2	1497	0	1330	2
NUDT9_-_88343937.23-P1P2	4583	2	1459	897
OAS1_+_113344981.23-P1P2	2607	3619	196	1680
OAS1_+_113344992.23-P1P2	1	1	1090	0
OAS1_+_113345251.23-P1P2	631	0	0	0
OAS1_-_113344811.23-P1P2	1517	0	909	0
OAS1_-_113345024.23-P1P2	1042	1	848	1191
OAT_+_126107429.23-P1P2	9	2365	1246	1061
OAT_-_126106977.23-P1P2	2	0	504	0
OAT_-_126107009.23-P1P2	1	0	989	0
OAT_-_126107437.23-P1P2	2365	0	1729	2029
OAT_-_126107465.23-P1P2	2882	5	2146	1713
OAZ2_+_64995355.23-P1P2	2506	10439	2000	3027
OAZ2_+_64995379.23-P1P2	3163	1256	769	1640
OAZ2_+_64995382.23-P1P2	1303	4451	2046	3368
OAZ2_+_64995389.23-P1P2	1	2	1844	1657
OAZ2_-_64995364.23-P1P2	1443	3	278	1810
OAZ3_+_151735582.23-P2	1919	5094	1113	3252
OAZ3_+_151735606.23-P2	1711	2	796	1
OAZ3_+_151736018.23-P2	1306	0	821	1
OAZ3_+_151739231.23-P1	0	0	287	0
OAZ3_+_151739274.23-P1	0	0	129	0
OAZ3_+_151739565.23-P1	0	0	0	0
OAZ3_+_151739571.23-P1	1	1715	1237	1166
OAZ3_+_151739589.23-P1	2	0	264	0
OAZ3_-_151735643.23-P2	0	0	0	0
OAZ3_-_151735963.23-P2	1	3567	473	2
OBSCN_+_228396123.23-P1P2	0	0	0	0
OBSCN_+_228396139.23-P1P2	3091	1	174	1
OBSCN_+_228396151.23-P1P2	3	1	1868	1683
OBSCN_-_228395757.23-P1P2	1673	1	1066	0
OBSCN_-_228395769.23-P1P2	3049	1	849	1668
ODC1_+_10588457.23-P1P2	2557	2	2067	5444
ODC1_+_10588469.23-P1P2	2	0	569	1335
ODC1_+_10588474.23-P1P2	3	2920	230	1
ODC1_-_10588033.23-P1P2	2	2	1513	2
ODC1_-_10588446.23-P1P2	570	2839	1780	2508
OGDH_+_44646202.23-P1P2	2883	1412	2904	2
OGDH_+_44646274.23-P1P2	1654	1626	1768	4863
OGDH_+_44646669.23-P1P2	1472	11285	1853	1350
OGDH_-_44646234.23-P1P2	3521	2	2320	4
OGDH_-_44646661.23-P1P2	2	3200	454	993
OGFOD1_+_56485469.23-P1P2	0	0	0	0
OGFOD1_+_56485972.23-P1P2	13	10898	1144	1
OGFOD1_-_56485446.23-P1P2	909	1	357	1
OGFOD1_-_56485475.23-P1P2	0	0	1367	0
OGFOD1_-_56485479.23-P1P2	1	0	1029	0
OGFOD2_+_123459816.23-P1P2	4501	2	1352	1764
OGFOD2_+_123459830.23-P1P2	4088	2689	3129	4893
OGFOD2_-_123459769.23-P1P2	0	0	342	0
OGFOD2_-_123459781.23-P1P2	0	0	86	0
OGFOD2_-_123459788.23-P1P2	1089	1	2810	1842
OPLAH_+_145115186.23-P1P2	1335	2	2244	2197
OPLAH_-_145115130.23-P1P2	2	4563	888	0
OPLAH_-_145115237.23-P1P2	631	0	398	2
OPLAH_-_145115430.23-P1P2	1167	11416	976	7
OPLAH_-_145115571.23-P1P2	2691	2223	2202	1370
OPRD1_+_29138931.23-P1P2	0	0	0	0
OPRD1_+_29139119.23-P1P2	1	0	129	0
OPRD1_-_29138693.23-P1P2	3	2	2190	1046
OPRD1_-_29138705.23-P1P2	1564	5504	1750	5
OPRD1_-_29138771.23-P1P2	4241	3	2827	5
OPRK1_+_54163871.23-P1P2	1270	1	894	0
OPRK1_+_54164133.23-P1P2	1	1	1616	0
OPRK1_+_54164165.23-P1P2	4647	9534	2179	3036
OPRK1_-_54163744.23-P1P2	695	0	958	0
OPRK1_-_54163761.23-P1P2	2176	3	1674	3225
OPRL1_+_62711456.23-P2	0	0	516	1
OPRL1_+_62711508.23-P2	3644	9	2406	3063
OPRL1_+_62723328.23-P1	10075	10541	3010	652
OPRL1_+_62723384.23-P1	2552	4	1675	1886
OPRL1_+_62723396.23-P1	6962	2834	2148	4819
OPRL1_+_62723743.23-P1	4	5487	959	8
OPRL1_-_62711474.23-P2	1331	1	1507	730
OPRL1_-_62711505.23-P2	1485	2	616	1950
OPRL1_-_62711551.23-P2	2505	10052	1015	635
OPRL1_-_62723358.23-P1	2193	4232	883	2960
OPRM1_+_154360695.23-P1P2	4775	7	4636	6615
OPRM1_+_154360725.23-P1P2	907	3	1441	1
OPRM1_+_154360759.23-P1P2	1	0	572	3
OPRM1_-_154360466.23-P1P2	3	2	86	2092
OPRM1_-_154360470.23-P1P2	0	0	0	0
OTC_+_38211884.23-P1P2	2962	4	616	1941
OTC_+_38212227.23-P1P2	7	2993	793	3014
OTC_-_38211916.23-P1P2	840	0	703	0
OTC_-_38212236.23-P1P2	0	0	670	0
OTC_-_38212240.23-P1P2	4328	4733	2567	3492
OXCT1_+_41870453.23-P1P2	0	0	470	0
OXCT1_+_41870456.23-P1P2	3477	2	2056	1679
OXCT1_-_41870437.23-P1P2	4143	4	1387	4979
OXCT1_-_41870442.23-P1P2	4211	6	633	0
OXCT1_-_41870469.23-P1P2	1143	5525	962	4911
OXCT2_+_40236920.23-P1P2	1059	3526	1923	271
OXCT2_+_40236923.23-P1P2	776	4760	1180	2
OXCT2_+_40236946.23-P1P2	1385	2	1940	3379
OXCT2_-_40236821.23-P1P2	6542	15	5418	5167
OXCT2_-_40236932.23-P1P2	418	2	1015	0
OXSR1_+_38207141.23-P1P2	4104	4	1770	1716
OXSR1_+_38207359.23-P1P2	4111	4	2436	4539
OXSR1_+_38207391.23-P1P2	1515	0	345	2
OXSR1_-_38207118.23-P1P2	0	0	1630	0
OXSR1_-_38207239.23-P1P2	5	1	1994	1410
OXTR_+_8810846.23-P1P2	0	0	894	0
OXTR_+_8811070.23-P1P2	1483	1	1725	2809
OXTR_-_8811226.23-P1P2	4796	3569	1716	1844
OXTR_-_8811257.23-P1P2	1242	7513	1565	1251
OXTR_-_8811262.23-P1P2	1	1574	2100	1331
OXT_+_3052263.23-P1P2	2452	2368	1451	2394
OXT_+_3052315.23-P1P2	1387	1	1713	1
OXT_+_3052375.23-P1P2	1190	2	1028	971
OXT_-_3052275.23-P1P2	6	8238	954	3
OXT_-_3052304.23-P1P2	8416	4762	3789	4635
P2RY12_+_151102143.23-P1P2	0	1	514	1040
P2RY12_+_151102478.23-P1P2	0	1	328	0
P2RY12_+_151102525.23-P1P2	1	0	792	0
P2RY12_+_151102549.23-P1P2	0	0	146	0
P2RY12_-_151102496.23-P1P2	0	0	100	0
P2RY2_+_72929373.23-P1P2	3775	3	2353	3302
P2RY2_+_72929718.23-P1P2	3461	1602	2864	2094
P2RY2_-_72929358.23-P1P2	5	2444	380	0
P2RY2_-_72929731.23-P1P2	1237	1687	1767	1460
P2RY2_-_72929757.23-P1P2	4	4	1138	5093
P4HA1_+_74856559.23-P1P2	6	1217	1055	4053
P4HA1_+_74856569.23-P1P2	1	0	512	0
P4HA1_+_74856572.23-P1P2	8	8985	2209	1
P4HA1_-_74856543.23-P1P2	4	4554	537	2
P4HA1_-_74856579.23-P1P2	2118	2158	2568	1495
P4HA2_+_131563481.23-P1P2	916	2137	2485	2246
P4HA2_-_131563166.23-P1P2	4339	1	2631	1
P4HA2_-_131563174.23-P1P2	1	2	578	0
P4HA2_-_131563299.23-P1P2	2766	2448	1893	1763
P4HA2_-_131563457.23-P1P2	2812	3	715	2
P4HB_-_79818351.23-P1P2	0	0	1191	1539
P4HB_-_79818357.23-P1P2	3259	5365	1710	1159
P4HB_-_79818363.23-P1P2	0	0	783	2955
P4HB_-_79818367.23-P1P2	3142	4497	3055	5402
P4HB_-_79818400.23-P1P2	1134	1	733	0
P4HTM_+_49027397.23-P1P2	2	1	1271	2
P4HTM_+_49028008.23-P1P2	464	1	906	0
P4HTM_+_49028162.23-P1P2	8	9222	565	6
P4HTM_-_49027718.23-P1P2	0	4	1712	1583
P4HTM_-_49027734.23-P1P2	1097	1	1161	1
PACSIN1_+_34433900.23-P1	1458	2702	794	0
PACSIN1_+_34434040.23-P1	691	3	1135	4551
PACSIN1_+_34482690.23-P2	1354	0	976	1
PACSIN1_+_34482830.23-P2	991	3241	2638	1657
PACSIN1_+_34483075.23-P2	760	0	883	1792
PACSIN1_+_34483083.23-P2	2	5916	1181	5
PACSIN1_-_34433926.23-P1	0	0	1330	1460
PACSIN1_-_34433929.23-P1	4	7291	852	5
PACSIN1_-_34433932.23-P1	2669	7988	2744	7
PACSIN1_-_34482698.23-P2	0	102	873	0
PACSIN2_+_43411093.23-P1P2	1048	2538	2166	1378
PACSIN2_+_43411099.23-P1P2	1206	0	1145	3571
PACSIN2_+_43411127.23-P1P2	3110	2043	1027	1654
PACSIN2_-_43410906.23-P1P2	3751	4	1671	1666
PACSIN2_-_43411063.23-P1P2	2	1	1574	1
PACSIN3_+_47207214.23-P1P2	2713	2	1265	2
PACSIN3_+_47207948.23-P1P2	2176	1	382	0
PACSIN3_-_47207369.23-P1P2	1833	5253	1885	1926
PACSIN3_-_47207543.23-P1P2	1214	2	605	0
PACSIN3_-_47207924.23-P1P2	2404	0	473	1
PADI1_+_17531653.23-P1P2	1280	7	2388	4216
PADI1_+_17532030.23-P1P2	3	2213	2118	1
PADI1_+_17532049.23-P1P2	0	1	1	1005
PADI1_-_17531689.23-P1P2	1	0	588	0
PADI1_-_17531692.23-P1P2	1075	1964	724	2039
PADI2_+_17445874.23-P1P2	7	3879	3350	449
PADI2_-_17445505.23-P1P2	0	1	986	1
PADI2_-_17445521.23-P1P2	1	0	168	0
PADI2_-_17445679.23-P1P2	0	1	272	0
PADI2_-_17445902.23-P1P2	5	7906	1627	4
PADI3_+_17575671.23-P1P2	3318	5514	2160	3041
PADI3_+_17575769.23-P1P2	5	5132	1171	5
PADI3_-_17575589.23-P1P2	2365	1	1572	1
PADI3_-_17575973.23-P1P2	0	0	428	1786
PADI3_-_17576004.23-P1P2	3723	1	1649	0
PADI4_+_17634710.23-P1P2	1592	2	2818	5637
PADI4_+_17634745.23-P1P2	0	0	1129	2005
PADI4_-_17634720.23-P1P2	2388	3092	1942	3
PADI4_-_17634727.23-P1P2	2896	4997	3344	1633
PADI4_-_17635159.23-P1P2	2255	1	687	1855
PADI6_+_17698733.23-P1P2	1034	7589	1900	2054
PADI6_+_17699050.23-P1P2	348	0	2132	1
PADI6_+_17699095.23-P1P2	3	3036	297	0
PADI6_+_17699105.23-P1P2	1	0	1058	0
PADI6_-_17698752.23-P1P2	1312	1	883	1
PAEP_+_138453607.23-P1P2	0	1	637	1629
PAEP_+_138453678.23-P1P2	0	0	1468	929
PAEP_+_138454049.23-P1P2	1683	1	1022	1
PAEP_+_138454054.23-P1P2	303	2169	1511	2
PAEP_-_138453613.23-P1P2	4662	3	1257	4
PAH_+_103310646.23-P1P2	4600	3	1442	2
PAH_-_103310935.23-P1P2	0	0	111	1
PAH_-_103310962.23-P1P2	1676	1	264	1
PAH_-_103310982.23-P1P2	2484	3739	1341	3699
PAH_-_103311030.23-P1P2	2541	2	646	0
PAICS_+_57302308.23-P1P2	0	0	112	0
PAICS_+_57302798.23-P1P2	0	0	629	0
PAICS_+_57302814.23-P1P2	3074	0	718	0
PAICS_-_57302494.23-P1P2	1496	2462	1446	3323
PAICS_-_57302506.23-P1P2	1210	11	912	6590
PAK1_+_77184442.23-ENST00000356341.3	2229	2	1184	729
PAK1_-_77184580.23-ENST00000356341.3	0	0	108	0
PAK1_-_77184783.23-ENST00000356341.3	1041	5463	408	1455
PAK1_-_77184851.23-ENST00000356341.3	1483	2643	1315	1
PAK1_-_77184913.23-ENST00000356341.3	2739	9905	1329	5563
PAK2_+_196466826.23-P1P2	1194	7514	1228	11
PAK2_+_196466830.23-P1P2	8075	5	3129	3344
PAK2_+_196466852.23-P1P2	0	0	308	0
PAK2_+_196466855.23-P1P2	7358	3	1131	1
PAK2_+_196467081.23-P1P2	1589	7	1288	2137
PAK3_+_110339446.23-P1P2	3	1102	538	874
PAK3_+_110339764.23-P1P2	1094	0	1199	1
PAK3_+_110339770.23-P1P2	0	2781	667	1
PAK3_-_110339388.23-P1P2	806	2	876	1986
PAK3_-_110339425.23-P1P2	2	1	911	0
PAK4_+_39616866.23-P1P2	4	1	1123	4179
PAK4_-_39616450.23-P1P2	0	0	168	0
PAK4_-_39616453.23-P1P2	2	0	1230	1
PAK4_-_39616471.23-P1P2	3002	2342	1446	3
PAK4_-_39616832.23-P1P2	1	0	343	0
PAK6_+_40531331.23-P2	1	0	858	1540
PAK6_+_40544850.23-P1	1406	1	2374	4
PAK6_+_40544857.23-P1	1118	2054	1711	2
PAK6_+_40544886.23-P1	2396	8538	1927	2829
PAK6_+_40544908.23-P1	4143	1777	1514	6969
PAK6_+_40545236.23-P1	5	1	993	1943
PAK6_-_40531314.23-P2	2612	1	1646	1670
PAK6_-_40531346.23-P2	1069	0	737	863
PAK6_-_40531479.23-P2	3076	5412	1204	3
PAK6_-_40531485.23-P2	1025	2	2079	1359
PAK7_+_9819404.23-P1P2	12	6614	3231	2412
PAK7_+_9819484.23-P1P2	0	3	1428	0
PAK7_-_9819106.23-P1P2	2	0	783	0
PAK7_-_9819498.23-P1P2	1682	6052	1581	2
PAK7_-_9819510.23-P1P2	1	0	98	975
PAM_+_102201561.23-ENST00000304400.7	1	0	1318	0
PAM_+_102201571.23-ENST00000304400.7	1269	0	983	1
PAM_+_102201705.23-ENST00000304400.7	4017	1	2208	2212
PAM_+_102201705.23-ENST00000438793.3	4017	1	2208	2212
PAM_+_102201913.23-ENST00000304400.7	2812	1	1073	1810
PAM_-_102201259.23-ENST00000438793.3	0	0	637	1448
PAM_-_102201299.23-ENST00000438793.3	0	2	1929	1
PAM_-_102201336.23-ENST00000438793.3	0	0	393	0
PAM_-_102201645.23-ENST00000438793.3	1569	1	2515	2
PAM_-_102201810.23-ENST00000304400.7	1	1	706	1
PANK1_+_91403234.23-P2	881	1	98	0
PANK1_+_91403603.23-P2	0	0	0	0
PANK1_+_91403653.23-P2	1	3	536	1490
PANK1_+_91403677.23-P2	0	2	1420	1602
PANK1_+_91404945.23-P1	0	0	0	0
PANK1_+_91404988.23-P1	1442	2	1167	1957
PANK1_+_91404991.23-P1	1783	3	1884	2747
PANK1_-_91403656.23-P2	1225	2	1225	0
PANK1_-_91404521.23-P1	2	3	2713	2363
PANK1_-_91404979.23-P1	18	0	874	1190
PANK2_+_3870450.23-P1P2	0	0	440	0
PANK2_+_3870453.23-P1P2	3690	2	1341	1293
PANK2_-_3870084.23-P1P2	0	0	306	0
PANK2_-_3870120.23-P1P2	5	6268	2043	3252
PANK2_-_3870502.23-P1P2	3976	3806	1827	1551
PANK3_+_168006315.23-P1P2	0	1931	1861	0
PANK3_+_168006318.23-P1P2	3090	1329	2432	3
PANK3_-_168006328.23-P1P2	2534	8982	1851	2
PANK3_-_168006355.23-P1P2	5183	2	1228	2110
PANK3_-_168006361.23-P1P2	2	3827	592	4
PANK4_+_2457612.23-P1P2	1386	1	633	0
PANK4_+_2457615.23-P1P2	1307	2	2751	3254
PANK4_+_2457809.23-P1P2	0	0	119	0
PANK4_-_2457646.23-P1P2	1107	0	2763	2011
PANK4_-_2457959.23-P1P2	1	0	989	1405
PANX1_+_93862442.23-P1P2	7	1	400	2926
PANX1_+_93862451.23-P1P2	2756	1	2187	2
PANX1_-_93862074.23-P1P2	2545	4	2267	2
PANX1_-_93862077.23-P1P2	717	2820	1782	1584
PANX1_-_93862343.23-P1P2	1508	2785	1331	2171
PAPOLA_+_96969141.23-P1P2	2	1	690	1813
PAPOLA_-_96968732.23-P1P2	95	0	1375	1334
PAPOLA_-_96968755.23-P1P2	2244	7	2904	1707
PAPOLA_-_96968764.23-P1P2	0	0	1163	0
PAPOLA_-_96968788.23-P1P2	1	0	1401	3
PAPSS1_+_108640926.23-P1P2	537	2046	1823	7001
PAPSS1_+_108641032.23-P1P2	1436	0	2578	2025
PAPSS1_+_108641321.23-P1P2	1	0	426	1504
PAPSS1_+_108641357.23-P1P2	5894	7	2453	3879
PAPSS1_-_108641393.23-P1P2	1	0	734	0
PARK7_+_8021784.23-P1P2	4490	2509	2688	2547
PARK7_+_8021999.23-P1P2	2703	4532	1620	1432
PARK7_+_8022079.23-P1P2	2020	2	1562	1926
PARK7_+_8022187.23-P1P2	1	1	2120	10
PARK7_-_8021812.23-P1P2	0	0	283	0
PARP15_+_122296686.23-P1P2	0	0	59	0
PARP15_-_122296481.23-P1P2	3639	2680	2691	3683
PARP15_-_122296517.23-P1P2	1171	2	1841	4
PARP15_-_122296661.23-P1P2	3092	2250	2497	3235
PARP15_-_122296715.23-P1P2	1494	2920	1979	7104
PARS2_+_55229784.23-P1P2	0	0	1078	2
PARS2_+_55230118.23-P1P2	0	0	114	0
PARS2_+_55230144.23-P1P2	1	1659	578	1
PARS2_+_55230150.23-P1P2	0	0	556	0
PARS2_-_55230112.23-P1P2	2662	3983	2034	3591
PASK_+_242088878.23-P1P2	2636	1	92	1189
PASK_-_242088573.23-P1P2	2617	0	2092	1444
PASK_-_242088837.23-P1P2	0	0	824	0
PASK_-_242088843.23-P1P2	1497	0	587	1
PASK_-_242088870.23-P1P2	1758	1	2721	1
PBK_+_27695273.23-P1P2	2336	3	574	2
PBK_+_27695282.23-P1P2	3	1	1312	4929
PBK_+_27695305.23-P1P2	1521	0	248	2
PBK_-_27694848.23-P1P2	1308	1	1109	2155
PBK_-_27694931.23-P1P2	1083	0	290	0
PCBD1_+_72647971.23-P1P2	2097	1	1381	1
PCBD1_+_72648274.23-P1P2	1133	1	1195	1386
PCBD1_-_72647950.23-P1P2	2485	5	2496	4201
PCBD1_-_72647964.23-P1P2	0	0	271	0
PCBD1_-_72648323.23-P1P2	2811	6068	1484	718
PCCB_+_135975133.23-P2	4293	2	913	0
PCCB_+_135975190.23-P2	1055	0	478	2
PCCB_-_135969197.23-P1	2769	7	2412	5580
PCCB_-_135969220.23-P1	1150	2	1849	2502
PCCB_-_135969223.23-P1	3	4	816	3873
PCCB_-_135969238.23-P1	10	5548	1275	1258
PCCB_-_135969241.23-P1	2958	1	2483	4
PCCB_-_135974715.23-P2	1675	6139	675	3759
PCCB_-_135974925.23-P2	3	0	969	0
PCCB_-_135975138.23-P2	2628	7782	1005	1494
PCK1_+_56136219.23-P1P2	0	0	0	0
PCK1_-_56136181.23-P1P2	1090	650	1808	3229
PCK1_-_56136542.23-P1P2	1272	3	1408	5149
PCK1_-_56136617.23-P1P2	5942	1958	1490	1418
PCK1_-_56136670.23-P1P2	828	6137	591	1
PCMT1_+_150071253.23-P1P2	1	0	229	0
PCMT1_-_150070885.23-P1P2	4	2349	1298	2566
PCMT1_-_150070924.23-P1P2	1988	1	1385	1638
PCMT1_-_150070953.23-P1P2	1275	4	1304	2
PCMT1_-_150071298.23-P1P2	2936	4	2379	2
PCSK1_+_95768830.23-P1P2	0	2	720	5691
PCSK1_+_95768834.23-P1P2	3775	3	1446	2
PCSK1_-_95768486.23-P1P2	2	3	438	1892
PCSK1_-_95768732.23-P1P2	0	0	1049	0
PCSK1_-_95768888.23-P1P2	2	4046	1083	5
PCSK2_+_17207675.23-P1P2	1403	2	1116	5614
PCSK2_+_17207711.23-P1P2	407	2	758	2900
PCSK2_+_17207884.23-P1P2	0	0	0	0
PCSK2_+_17208090.23-P1P2	1	0	1005	2
PCSK2_-_17208074.23-P1P2	2	5249	768	1706
PCTP_+_53828474.23-P1P2	3	4	1716	5599
PCTP_+_53828832.23-P1P2	4901	4652	1472	3137
PCTP_-_53828491.23-P1P2	3987	1640	1557	1713
PCTP_-_53828494.23-P1P2	1361	1	1509	1
PCTP_-_53828576.23-P1P2	4	5757	930	1414
PCYT1A_+_196014484.23-P1P2	568	3669	1685	1
PCYT1A_-_196014551.23-P1P2	3077	1217	1710	3017
PCYT1A_-_196014561.23-P1P2	3	0	542	3397
PCYT1A_-_196015078.23-P1P2	2952	1	590	0
PCYT1A_-_196015117.23-P1P2	1481	2367	732	4325
PCYT1B_+_24665088.23-P1P2	951	0	516	1
PCYT1B_+_24665251.23-P1P2	1454	10154	435	6
PCYT1B_-_24664979.23-P1P2	0	2	614	0
PCYT1B_-_24664982.23-P1P2	1358	3	614	1995
PCYT1B_-_24665218.23-P1P2	0	0	920	69
PDC_+_186429806.23-P1P2	3	0	1275	1
PDC_+_186430206.23-P1P2	2555	1	1216	1
PDC_+_186430235.23-P1P2	0	0	48	1604
PDC_-_186430196.23-P1P2	1176	0	1269	1894
PDC_-_186430226.23-P1P2	0	0	552	0
PDE10A_+_166075550.23-P1P2	3496	2664	1355	2
PDE10A_+_166076033.23-P1P2	3041	5123	2934	1655
PDE10A_-_166075991.23-P1P2	1	2292	281	1
PDE10A_-_166076003.23-P1P2	2570	2562	2507	2
PDE10A_-_166076012.23-P1P2	719	4473	2654	2439
PDE11A_+_178937050.23-P1P2	1335	2	411	1446
PDE11A_+_178937216.23-P1P2	1026	3	1031	1
PDE11A_+_178937442.23-P1P2	0	0	0	0
PDE11A_+_178937459.23-P1P2	1418	3	2893	950
PDE11A_-_178937468.23-P1P2	3	1	1304	1510
PDE1B_+_54943625.23-P1	1787	5937	2217	2
PDE1B_+_54955298.23-P2	3262	2	967	2
PDE1B_+_54955706.23-P2	1267	2	1063	0
PDE1B_+_54955725.23-P2	0	0	341	28
PDE1B_-_54943445.23-P1	4360	1	1519	1891
PDE1B_-_54943459.23-P1	2	0	262	0
PDE1B_-_54943464.23-P1	4855	4	1880	1692
PDE1B_-_54943795.23-P1	1157	0	1283	0
PDE1B_-_54955290.23-P2	2	1	609	1801
PDE1B_-_54955310.23-P2	0	0	680	1
PDE3A_+_20522634.23-P1P2	1	1	1252	4285
PDE3A_+_20522685.23-P1P2	2382	5097	2189	4339
PDE3A_+_20522689.23-P1P2	2785	4509	3169	1665
PDE3A_+_20523098.23-P1P2	1220	0	2213	0
PDE3A_+_20523107.23-P1P2	3855	2	1655	3201
PDE3B_+_14665450.23-P1P2	451	3	1039	3449
PDE3B_-_14665360.23-P1P2	1120	1	706	0
PDE3B_-_14665370.23-P1P2	2882	1	1782	0
PDE3B_-_14665376.23-P1P2	1	0	1632	2021
PDE3B_-_14665379.23-P1P2	691	0	308	1
PDE4B_+_66458383.23-ENST00000423207.2	0	0	106	0
PDE4B_+_66458395.23-ENST00000423207.2	1577	1	970	2
PDE4B_-_66458125.23-ENST00000423207.2	0	0	210	0
PDE4B_-_66458348.23-ENST00000423207.2	421	9086	1144	1390
PDE4B_-_66458359.23-ENST00000423207.2	0	0	562	0
PDE4C_+_18337023.23-P2	1061	1	810	1416
PDE4C_+_18365781.23-P1	0	0	512	0
PDE4C_+_18365981.23-P1	0	1	817	0
PDE4C_+_18366113.23-P1	10	11326	1384	1376
PDE4C_-_18336912.23-P2	0	0	91	0
PDE4C_-_18336953.23-P2	0	0	424	0
PDE4C_-_18337181.23-P2	5041	10089	2983	6
PDE4C_-_18337243.23-P2	1696	2460	2279	5
PDE4C_-_18365780.23-P1	2698	5411	3019	3183
PDE4C_-_18366154.23-P1	3075	3	1562	3
PDE6G_+_79623156.23-P1P2	1523	3	84	3623
PDE6G_+_79623213.23-P1P2	2407	4	2201	1638
PDE6G_-_79623329.23-P1P2	2	0	969	0
PDE6G_-_79623478.23-P1P2	1164	0	651	1707
PDE6G_-_79623545.23-P1P2	1232	0	1226	0
PDE6H_+_15126187.23-P1P2	1382	0	569	0
PDE6H_+_15126280.23-P1P2	1	0	928	1
PDE6H_+_15126392.23-P1P2	3	2	852	1531
PDE6H_+_15126406.23-P1P2	2401	2284	1218	1615
PDE6H_-_15126469.23-P1P2	8	4805	856	2
PDE7A_+_66754050.23-P1P2	3030	5646	1723	1430
PDE7A_+_66754223.23-P1P2	1639	0	422	1636
PDE7A_+_66754248.23-P1P2	1015	1	2564	1416
PDE7A_+_66754256.23-P1P2	1250	0	1689	2628
PDE7A_+_66754271.23-P1P2	3283	4	2387	3133
PDE7B_+_136172909.23-P1P2	6	0	774	1962
PDE7B_+_136173031.23-P1P2	1	2	565	1555
PDE7B_+_136173426.23-P1P2	0	0	117	0
PDE7B_-_136173437.23-P1P2	0	1	939	1583
PDE7B_-_136173440.23-P1P2	0	0	0	0
PDE8A_+_85523698.23-P2	0	1	1573	1
PDE8A_+_85525133.23-P1	0	0	561	0
PDE8A_+_85525465.23-P1	988	0	857	0
PDE8A_-_85523733.23-P2	1144	5246	1923	2
PDE8A_-_85523738.23-P2	754	2	812	1846
PDE8A_-_85523756.23-P2	5987	1	836	3
PDE8A_-_85524138.23-P2	3	2298	933	2
PDE8A_-_85525116.23-P1	603	3	764	3388
PDE8A_-_85525119.23-P1	0	0	1227	0
PDE8A_-_85525144.23-P1	1	1	362	1
PDE8B_+_76506167.23-P1P2	4361	3	1579	5
PDE8B_+_76506517.23-P1P2	3752	3664	2701	4904
PDE8B_+_76506875.23-P1P2	2257	2	2323	5
PDE8B_-_76506559.23-P1P2	2	6099	1210	2
PDE8B_-_76506581.23-P1P2	4	2952	1702	4138
PDE9A_+_44073765.23-P1P2	2277	3723	1824	2071
PDE9A_+_44074099.23-P1P2	3399	0	4423	1659
PDE9A_-_44073738.23-P1P2	4079	2	2239	1806
PDE9A_-_44073934.23-P1P2	1227	1	903	0
PDE9A_-_44074130.23-P1P2	2	2	1962	1451
PDF_+_69364456.23-P1P2	727	1944	2066	4845
PDF_-_69363984.23-P1P2	1478	0	545	1
PDF_-_69364269.23-P1P2	1453	0	939	1
PDF_-_69364402.23-P1P2	2430	8	1203	4684
PDF_-_69364439.23-P1P2	1270	0	1854	1393
PDGFRA_+_55095456.23-ENST00000257290.5	0	0	390	0
PDGFRA_+_55095855.23-ENST00000257290.5	1	0	118	0
PDGFRA_-_55095588.23-ENST00000257290.5	705	7768	1332	181
PDGFRA_-_55095767.23-ENST00000257290.5	1513	2	572	1702
PDGFRA_-_55095795.23-ENST00000257290.5	0	2	573	1275
PDGFRB_+_149535029.23-P1P2	0	0	674	0
PDGFRB_+_149535375.23-P1P2	1	1	1782	1
PDGFRB_-_149535078.23-P1P2	0	0	685	0
PDGFRB_-_149535385.23-P1P2	641	0	913	0
PDGFRB_-_149535388.23-P1P2	0	1	551	1705
PDHA1_+_19362076.23-P1P2	0	0	0	0
PDHA1_+_19362098.23-P1P2	0	1	267	0
PDHA1_+_19362209.23-P1P2	2190	1	528	1
PDHA1_-_19362083.23-P1P2	0	0	151	0
PDHA1_-_19362094.23-P1P2	0	0	342	0
PDHA2_+_96761276.23-P1P2	2824	1	934	3
PDHA2_+_96761311.23-P1P2	0	0	918	0
PDHA2_+_96761687.23-P1P2	2537	0	971	0
PDHA2_-_96761722.23-P1P2	1	0	1467	2
PDHA2_-_96761725.23-P1P2	3	3031	391	0
PDHB_+_58419178.23-P1P2	1903	2	708	0
PDHB_+_58419323.23-P1P2	0	0	433	0
PDHB_+_58419509.23-P1P2	1777	2072	971	1
PDHB_+_58419529.23-P1P2	0	0	0	0
PDHB_-_58419313.23-P1P2	1175	1	786	0
PDIK1L_+_26438347.23-P1P2	11	6	1972	9165
PDIK1L_-_26438328.23-P1P2	1322	1	725	1752
PDIK1L_-_26438357.23-P1P2	0	0	496	0
PDIK1L_-_26438360.23-P1P2	4	3823	1500	3050
PDIK1L_-_26438381.23-P1P2	0	0	0	0
PDK1_+_173421211.23-P1P2	2	0	753	1
PDK1_+_173421230.23-P1P2	2091	0	1677	3063
PDK1_-_173420828.23-P1P2	1637	4	2550	5033
PDK1_-_173421270.23-P1P2	1	4979	531	1
PDK1_-_173421274.23-P1P2	2100	2288	1476	2
PDK2_+_48172791.23-P1P2	1204	3	2030	2545
PDK2_+_48173134.23-P1P2	1238	2	530	800
PDK2_-_48172712.23-P1P2	1	2	364	1272
PDK2_-_48172744.23-P1P2	1243	9165	2925	6445
PDK2_-_48173164.23-P1P2	1027	1	579	0
PDK3_+_24483492.23-P1P2	6	1526	2333	3
PDK3_+_24483732.23-P1P2	8	2087	1337	1
PDK3_+_24483735.23-P1P2	2162	2	1519	0
PDK3_-_24483392.23-P1P2	7166	6	1095	1713
PDK3_-_24483395.23-P1P2	1510	6960	347	1868
PDK4_+_95225535.23-P1P2	1136	2185	914	1082
PDK4_+_95225558.23-P1P2	1409	6	1167	5326
PDK4_+_95225598.23-P1P2	2031	0	1045	1794
PDK4_-_95225897.23-P1P2	2	1104	721	0
PDK4_-_95225906.23-P1P2	745	0	1020	2200
PDLIM5_+_95373101.23-P1P2	3993	3810	1572	2
PDLIM5_+_95373172.23-P1P2	2	0	244	0
PDLIM5_+_95373497.23-P1P2	1	0	953	0
PDLIM5_-_95373153.23-P1P2	918	6078	1059	1822
PDLIM5_-_95373156.23-P1P2	1062	5004	2280	1962
PDP1_+_94929358.23-P1P2	0	0	737	407
PDP1_+_94929648.23-P1P2	1200	7	4929	2844
PDP1_-_94929250.23-P1P2	1	1	1284	1
PDP1_-_94929614.23-P1P2	2	2	986	1947
PDP1_-_94929617.23-P1P2	2	5453	4	1
PDP2_+_66914472.23-P1P2	0	5	1486	3697
PDP2_+_66914808.23-P1P2	4	1	728	3291
PDP2_+_66914838.23-P1P2	1790	2	426	1
PDP2_-_66914442.23-P1P2	2547	0	1	1
PDP2_-_66914511.23-P1P2	1876	4	1234	3195
PDPK1_+_2588033.23-P1P2	1369	3	109	1902
PDPK1_+_2588099.23-P1P2	185	4723	2005	1642
PDPK1_-_2588030.23-P1P2	1765	2	397	0
PDPK1_-_2588046.23-P1P2	0	0	404	1
PDPK1_-_2588084.23-P1P2	1096	2	2281	1330
PDPR_+_70148140.23-P1P2	2367	3179	1572	3250
PDPR_+_70148257.23-P1P2	4021	3	2289	1964
PDPR_+_70148512.23-P1P2	4	1211	572	1
PDPR_+_70148646.23-P1P2	3	2838	1270	172
PDPR_+_70148649.23-P1P2	1241	2	1359	3
PDXDC1_+_15068850.23-P1P2	3	1	441	969
PDXDC1_+_15068853.23-P1P2	2061	3	423	2447
PDXDC1_-_15068867.23-P1P2	3185	2620	2328	1849
PDXDC1_-_15069212.23-P1P2	2377	6809	1829	2
PDXDC1_-_15069319.23-P1P2	1	0	627	0
PDXK_+_45138997.23-P1P2	732	2	1891	2668
PDXK_+_45139322.23-P1P2	2	3334	422	1317
PDXK_+_45139466.23-P1P2	3	2578	709	3
PDXK_-_45139017.23-P1P2	2	3898	1263	858
PDXK_-_45139534.23-P1P2	4	1	668	2047
PDXP_+_38054777.23-P1P2	4316	5462	3615	5553
PDXP_+_38054984.23-P1P2	1969	0	1370	1
PDXP_-_38054806.23-P1P2	2173	3	1826	3457
PDXP_-_38054814.23-P1P2	639	5177	1329	6807
PDXP_-_38055132.23-P1P2	751	2059	2188	1180
PEAK1_+_77712031.23-P1P2	0	0	400	0
PEAK1_+_77712040.23-P1P2	5	3477	470	380
PEAK1_+_77712044.23-P1P2	2	1	1050	0
PEAK1_+_77712398.23-P1P2	777	0	1041	0
PEAK1_+_77712420.23-P1P2	0	0	1803	1
PECR_+_216946095.23-P1P2	3888	2	908	1
PECR_+_216946220.23-P1P2	3	2	1505	4120
PECR_+_216946291.23-P1P2	5	1	1613	0
PECR_-_216946476.23-P1P2	1	0	1572	0
PECR_-_216946526.23-P1P2	0	0	537	0
PFAS_+_8152638.23-P1P2	979	1	400	1
PFAS_+_8152653.23-P1P2	0	0	71	0
PFAS_+_8152681.23-P1P2	0	1	875	1
PFAS_+_8152719.23-P1P2	2000	1	892	2
PFAS_-_8152679.23-P1P2	0	1	876	1
PFKFB1_+_55020305.23-P1P2	2	0	690	0
PFKFB1_+_55024833.23-P1P2	614	1	764	1744
PFKFB1_-_55020408.23-P1P2	323	1	1037	3335
PFKFB1_-_55024789.23-P1P2	1453	2	1981	1
PFKFB1_-_55024929.23-P1P2	591	1	1953	0
PFKFB2_+_207226602.23-P1P2	761	857	793	11
PFKFB2_-_207226640.23-P1P2	1004	5449	1757	1378
PFKFB2_-_207226662.23-P1P2	6034	2708	2581	2
PFKFB2_-_207226698.23-P1P2	1	1	697	2084
PFKFB2_-_207226710.23-P1P2	1538	0	157	0
PFKFB3_+_6244956.23-P1P2	576	0	603	0
PFKFB3_+_6244965.23-P1P2	744	0	995	0
PFKFB3_+_6245137.23-P1P2	3122	10	1504	8035
PFKFB3_-_6244912.23-P1P2	1201	0	551	0
PFKFB3_-_6245363.23-P1P2	1607	1	1013	1660
PFKFB4_+_48594194.23-P1P2	5884	2170	2472	2853
PFKFB4_+_48594217.23-P1P2	2399	1	1861	1
PFKFB4_-_48593798.23-P1P2	2	2	1213	1590
PFKFB4_-_48594158.23-P1P2	2202	2376	2686	1202
PFKFB4_-_48594179.23-P1P2	0	0	382	1
PFKL_+_45719969.23-P1	1210	1122	1499	1542
PFKL_+_45719980.23-P1	714	2	1753	1306
PFKL_+_45719983.23-P1	7052	8	2078	3350
PFKL_+_45720318.23-P1	7	6	1526	3976
PFKL_+_45725117.23-P2	0	0	3	0
PFKL_+_45725515.23-P2	183	4485	1025	1969
PFKL_+_45725534.23-P2	2382	0	874	1
PFKL_-_45720376.23-P1	0	0	0	0
PFKL_-_45725083.23-P2	0	0	0	0
PFKL_-_45725095.23-P2	1	0	353	944
PFKM_+_48513457.23-P1	805	4	1447	0
PFKM_+_48513520.23-P1	1490	2981	231	2
PFKM_+_48516450.23-P2	1	0	1026	0
PFKM_+_48516470.23-P2	4	0	726	1379
PFKM_+_48516482.23-P2	0	2	699	2
PFKM_-_48513168.23-P1	3728	2	771	3
PFKM_-_48513189.23-P1	634	0	1104	1
PFKM_-_48513356.23-P1	3577	4541	1735	3352
PFKM_-_48516460.23-P2	4	6433	1853	2
PFKM_-_48516647.23-P2	3120	0	125	1
PFKP_+_3109737.23-P1P2	4	1446	2059	3016
PFKP_+_3109755.23-P1P2	925	2	1887	0
PFKP_-_3109728.23-P1P2	984	3814	2190	2920
PFKP_-_3109818.23-P1P2	3151	4	1934	2
PFKP_-_3110102.23-P1P2	4212	5181	1708	42
PFN1_+_4851416.23-P1P2	1350	3147	1450	3959
PFN1_+_4851797.23-P1P2	2743	4555	1524	1572
PFN1_+_4851806.23-P1P2	1956	2	2013	1553
PFN1_-_4851389.23-P1P2	1376	1	3	0
PFN1_-_4851398.23-P1P2	5	4977	357	880
PFN2_+_149688497.23-P1P2	0	0	637	0
PFN2_+_149688635.23-P1P2	6633	1257	1051	4872
PFN2_+_149688639.23-P1P2	1481	3	1736	3392
PFN2_+_149688650.23-P1P2	4639	16233	2031	1356
PFN2_-_149688267.23-P1P2	1311	1	1073	0
PGA3_+_60970994.23-P1P2	1850	2	1352	0
PGA3_+_60971009.23-P1P2	2	1	808	474
PGA3_+_60971178.23-P1P2	3310	2	1071	1810
PGA3_-_60971044.23-P1P2	0	0	0	0
PGA3_-_60971460.23-P1P2	0	0	0	0
PGAM2_+_44105142.23-P1P2	8	7938	1100	3
PGAM2_-_44104758.23-P1P2	2508	5	1803	1
PGAM2_-_44105113.23-P1P2	803	0	1830	1
PGAM2_-_44105116.23-P1P2	1146	5427	1224	1630
PGAM2_-_44105123.23-P1P2	776	0	348	0
PGD_+_10459120.23-P1P2	1125	1	681	0
PGD_+_10459169.23-P1P2	1333	6	1510	1
PGD_+_10459517.23-P1P2	2859	7197	2873	5773
PGD_-_10459200.23-P1P2	563	1	1268	1
PGD_-_10459558.23-P1P2	5547	2604	1389	4467
PGGT1B_+_114598325.23-P1P2	790	1	554	0
PGGT1B_+_114598476.23-P1P2	1	0	269	0
PGGT1B_+_114598567.23-P1P2	3	3668	815	0
PGGT1B_-_114598133.23-P1P2	0	0	308	0
PGGT1B_-_114598174.23-P1P2	0	0	59	0
PGK1_+_77359734.23-P1P2	72	2682	953	3
PGK1_+_77359747.23-P1P2	1052	0	649	1
PGK1_+_77359761.23-P1P2	2	2014	339	932
PGK1_+_77359789.23-P1P2	0	0	664	0
PGK1_-_77359779.23-P1P2	0	0	563	0
PGK2_+_49754950.23-P1P2	3375	5	1859	5155
PGK2_+_49754993.23-P1P2	715	4986	433	2700
PGK2_+_49755022.23-P1P2	1	0	581	1871
PGK2_-_49754563.23-P1P2	2684	2	1727	0
PGK2_-_49754968.23-P1P2	3	1	478	1667
PGLYRP3_+_153283136.23-ENST00000290722.1	0	0	1111	1
PGLYRP3_-_153282723.23-ENST00000290722.1	0	1	1234	2032
PGLYRP3_-_153282773.23-ENST00000290722.1	0	0	144	0
PGLYRP3_-_153283115.23-ENST00000290722.1	1	0	225	0
PGLYRP3_-_153283176.23-ENST00000290722.1	2829	2453	928	2
PHGDH_+_120254555.23-P1P2	1332	3	612	1846
PHGDH_+_120255020.23-P1P2	4	1	1194	1949
PHGDH_-_120254620.23-P1P2	1	0	632	0
PHGDH_-_120254704.23-P1P2	3477	1	1603	1
PHGDH_-_120254967.23-P1P2	1	0	431	0
PHKA1_+_71933897.23-P1P2	6	3	1402	3000
PHKA1_+_71934119.23-P1P2	1	0	1819	2
PHKA1_+_71934125.23-P1P2	2856	3	1162	0
PHKA1_-_71933583.23-P1P2	5	1	938	2091
PHKA1_-_71934135.23-P1P2	2358	1	1822	0
PHKA2_+_19002149.23-P1P2	1200	2	226	2
PHKA2_+_19002235.23-P1P2	2506	4099	839	4095
PHKA2_+_19002457.23-P1P2	1277	600	2476	811
PHKA2_-_19001909.23-P1P2	1	2	1854	1650
PHKA2_-_19002158.23-P1P2	0	0	265	0
PHKB_-_47495264.23-P1P2	2698	3	1915	2192
PHKB_-_47495299.23-P1P2	1456	2	2237	1512
PHKB_-_47495303.23-P1P2	2	0	1635	1
PHKB_-_47495588.23-P1P2	1	0	708	0
PHKB_-_47495651.23-P1P2	3882	2	1774	1
PHKG1_+_56160396.23-P1P2	2	0	1212	3329
PHKG1_+_56160577.23-P1P2	0	0	248	1
PHKG1_+_56160610.23-P1P2	2622	1	1059	2113
PHKG1_-_56160585.23-P1P2	0	0	371	0
PHKG1_-_56160590.23-P1P2	999	2771	1093	1928
PHKG2_+_30759805.23-P1P2	4	3	2696	2
PHKG2_+_30760130.23-P1P2	1578	0	140	3
PHKG2_+_30760174.23-P1P2	4	2	1718	0
PHKG2_-_30759762.23-P1P2	0	1	1602	19
PHKG2_-_30760262.23-P1P2	1	1	972	1711
PHOSPHO1_+_47307801.23-P1P2	569	0	766	2
PHOSPHO1_+_47308056.23-P1P2	0	0	227	0
PHOSPHO1_-_47307692.23-P1P2	1419	1	1234	1908
PHOSPHO1_-_47307835.23-P1P2	1702	3	1928	1883
PHOSPHO1_-_47307951.23-P1P2	5	5459	403	1600
PHOSPHO2_+_170551289.23-P1P2	6341	2367	1933	1924
PHOSPHO2_+_170551384.23-P1P2	1420	0	396	2
PHOSPHO2_-_170550970.23-P1P2	0	0	340	0
PHOSPHO2_-_170550973.23-P1P2	1646	2	721	1562
PHOSPHO2_-_170551007.23-P1P2	1176	1	751	1
PHPT1_+_139744197.23-P1P2	1546	0	842	3
PHPT1_+_139744291.23-P1P2	2	0	902	1546
PHPT1_-_139743934.23-P1P2	2	1	670	0
PHPT1_-_139744072.23-P1P2	4272	9205	3220	3
PHPT1_-_139744240.23-P1P2	3	0	948	0
PHYH_+_13341614.23-P1P2	1570	1	1190	2
PHYH_+_13342081.23-P1P2	2252	3	1422	0
PHYH_-_13342019.23-P1P2	3260	5	1395	0
PHYH_-_13342022.23-P1P2	1	0	223	0
PHYH_-_13342043.23-P1P2	2237	2	2578	1468
PI4K2A_+_99344086.23-P1P2	3783	10876	2718	1692
PI4K2A_+_99344293.23-P1P2	1381	0	979	1
PI4K2A_-_99344137.23-P1P2	2542	1	87	2
PI4K2A_-_99344156.23-P1P2	2375	0	1279	2
PI4K2A_-_99344347.23-P1P2	334	4	1118	5331
PI4K2B_+_25235662.23-P1P2	1348	3232	2915	3177
PI4K2B_+_25235692.23-P1P2	4166	3896	1149	2998
PI4K2B_+_25235804.23-P1P2	947	1839	1521	1782
PI4K2B_-_25235680.23-P1P2	1198	2924	1492	1845
PI4K2B_-_25235696.23-P1P2	977	1	1804	2
PI4KA_+_21212657.23-P1P2	1	0	275	0
PI4KA_+_21212689.23-P1P2	998	2	634	1
PI4KA_+_21212709.23-P1P2	2406	1	716	0
PI4KA_+_21213006.23-P1P2	0	0	0	0
PI4KA_+_21213067.23-P1P2	0	0	0	0
PI4KB_-_151299634.23-P1P2	1349	6	1093	0
PI4KB_-_151299661.23-P1P2	835	5153	381	1259
PI4KB_-_151299684.23-P1P2	837	1	1205	1
PI4KB_-_151299754.23-P1P2	1	0	359	0
PI4KB_-_151299873.23-P1P2	0	0	358	0
PICK1_+_38453768.23-P1P2	3	0	140	842
PICK1_-_38453443.23-P1P2	1542	0	756	1280
PICK1_-_38453447.23-P1P2	1092	0	1668	1485
PICK1_-_38453509.23-P1P2	0	0	265	0
PICK1_-_38453539.23-P1P2	0	0	0	0
PIGA_+_15353234.23-P1P2	1477	0	482	1
PIGA_+_15353621.23-P1P2	2	1	766	1581
PIGA_+_15353640.23-P1P2	1322	0	781	918
PIGA_-_15353282.23-P1P2	1420	2	924	2
PIGA_-_15353624.23-P1P2	5444	3412	2185	3013
PIK3AP1_+_98460181.23-P2	0	0	511	1
PIK3AP1_+_98460526.23-P2	3069	5203	853	3761
PIK3AP1_+_98460548.23-P2	2085	6662	1069	5
PIK3AP1_+_98460558.23-P2	4871	5193	1886	3241
PIK3AP1_+_98460599.23-P2	0	0	233	0
PIK3AP1_+_98480264.23-P1	1499	5	669	5359
PIK3AP1_-_98479840.23-P1	0	0	198	0
PIK3AP1_-_98479865.23-P1	0	0	352	0
PIK3AP1_-_98479872.23-P1	2897	0	1657	1
PIK3AP1_-_98479875.23-P1	772	2	743	0
PIK3C2A_+_17190869.23-ENST00000265970.7	0	0	0	0
PIK3C2A_+_17191262.23-ENST00000265970.7	0	0	207	0
PIK3C2A_-_17190927.23-ENST00000265970.7	1	0	363	0
PIK3C2A_-_17190936.23-ENST00000265970.7	2789	2	963	3789
PIK3C2A_-_17190945.23-ENST00000265970.7	3470	1	800	1
PIK3C2B_+_204463513.23-P1P2	2880	1	1085	0
PIK3C2B_-_204463541.23-P1P2	6246	5	3280	8320
PIK3C2B_-_204463802.23-P1P2	0	1	746	1460
PIK3C2B_-_204463857.23-P1P2	2416	7	1328	1
PIK3C2B_-_204463896.23-P1P2	4	0	771	632
PIK3C2G_+_18414841.23-P1P2	0	0	421	725
PIK3C2G_+_18414917.23-P1P2	0	0	0	0
PIK3C2G_-_18414511.23-P1P2	2	3407	501	1
PIK3C2G_-_18414934.23-P1P2	3	0	1065	0
PIK3C2G_-_18414948.23-P1P2	1118	6169	1927	3050
PIK3C3_+_39535215.23-P1P2	1	0	2373	2
PIK3C3_+_39535224.23-P1P2	4	1	1889	1
PIK3C3_+_39535239.23-P1P2	3	2	1662	230
PIK3C3_+_39535554.23-P1P2	0	0	0	0
PIK3C3_-_39535233.23-P1P2	0	0	141	0
PIK3CA_+_178866166.23-P1P2	0	0	890	2
PIK3CA_+_178866554.23-P1P2	786	5246	895	1709
PIK3CA_-_178866181.23-P1P2	1918	0	727	1019
PIK3CA_-_178866358.23-P1P2	2375	2112	1521	5029
PIK3CA_-_178866523.23-P1P2	2910	2008	2576	4508
PIK3CB_+_138553280.23-P1P2	760	0	1204	2
PIK3CB_+_138553747.23-P1P2	2199	2	1531	2683
PIK3CB_+_138553761.23-P1P2	1937	1	1088	1221
PIK3CB_-_138553324.23-P1P2	2390	5	1497	5574
PIK3CB_-_138553360.23-P1P2	3940	389	4427	4674
PIK3CD_+_9711852.23-P1P2	2684	2	1944	4162
PIK3CD_+_9711871.23-P1P2	1810	5326	3731	1856
PIK3CD_+_9712078.23-P1P2	3010	2	1412	1095
PIK3CD_-_9711860.23-P1P2	1493	2932	1486	7
PIK3CD_-_9712244.23-P1P2	448	2456	816	1790
PIK3CG_+_106506218.23-P1P2	1402	1	246	1642
PIK3CG_-_106505757.23-P1P2	0	0	0	0
PIK3CG_-_106505799.23-P1P2	1245	1	775	4816
PIK3CG_-_106505923.23-P1P2	2	2	2337	1
PIK3CG_-_106506280.23-P1P2	5	2	516	5626
PIK3R1_+_67511795.23-P1P2	906	0	687	1374
PIK3R1_+_67512066.23-P1P2	1521	3	516	0
PIK3R1_-_67511608.23-P1P2	906	5855	2554	3297
PIK3R1_-_67511611.23-P1P2	367	1270	737	0
PIK3R1_-_67511650.23-P1P2	4000	6	1525	4682
PIK3R2_+_18264032.23-P1	4739	2	2456	2633
PIK3R2_+_18266458.23-P2	3189	7774	2276	6
PIK3R2_+_18266838.23-P2	1455	9375	2155	830
PIK3R2_-_18263993.23-P1	1200	1	799	0
PIK3R2_-_18264316.23-P1	3297	2128	2205	1
PIK3R2_-_18264410.23-P1	1	0	479	1
PIK3R2_-_18264440.23-P1	5545	6579	1250	2065
PIK3R2_-_18266386.23-P2	1082	3	1249	1132
PIK3R2_-_18266797.23-P2	0	0	953	4
PIK3R2_-_18266852.23-P2	955	4277	2354	1594
PIK3R3_+_46597820.23-P1P2	0	1	1303	0
PIK3R3_+_46598268.23-P1P2	2895	2	1195	2
PIK3R3_+_46598273.23-P1P2	767	0	2920	1
PIK3R3_+_46598278.23-P1P2	3956	4	1329	1753
PIK3R3_+_46598285.23-P1P2	1369	3890	1541	1735
PIK3R4_+_130465669.23-P1P2	1846	6589	1863	4085
PIK3R4_-_130465229.23-P1P2	2	1	280	1374
PIK3R4_-_130465552.23-P1P2	0	0	160	0
PIK3R4_-_130465574.23-P1P2	698	2	345	1
PIK3R4_-_130465652.23-P1P2	614	2945	1416	1
PIK3R5_+_8868972.23-P1P2	2076	5287	2701	3177
PIK3R5_-_8868596.23-P1P2	3441	3923	1499	2418
PIK3R5_-_8868612.23-P1P2	3	0	2207	1
PIK3R5_-_8868655.23-P1P2	1155	2223	1854	1
PIK3R5_-_8868978.23-P1P2	32	7560	1579	5
PIKFYVE_+_209131046.23-P1P2	0	0	1052	0
PIKFYVE_+_209131049.23-P1P2	1405	0	367	0
PIKFYVE_+_209131413.23-P1P2	0	0	0	0
PIKFYVE_-_209131032.23-P1P2	1482	1	3120	2
PIKFYVE_-_209131200.23-P1P2	2	0	695	1
PIM1_+_37138171.23-P1P2	796	0	1122	1
PIM1_+_37138184.23-P1P2	9	5970	990	6762
PIM1_-_37137966.23-P1P2	2821	10156	2180	5230
PIM1_-_37137999.23-P1P2	1655	3	838	2
PIM1_-_37138008.23-P1P2	1	1574	602	0
PIM2_+_48775858.23-P1P2	0	0	858	0
PIM2_+_48775907.23-P1P2	0	0	180	0
PIM2_+_48776288.23-P1P2	1656	1	277	0
PIM2_+_48776320.23-P1P2	0	2	438	0
PIM2_-_48776115.23-P1P2	810	0	1176	1317
PIM3_+_50354860.23-P1P2	3173	2748	1840	875
PIM3_+_50354868.23-P1P2	3136	1	1364	1647
PIM3_-_50354801.23-P1P2	1241	1	606	0
PIM3_-_50354814.23-P1P2	804	2653	1043	0
PIM3_-_50354856.23-P1P2	952	2	1720	1640
PINK1_+_20960036.23-P1P2	1299	8827	4112	1601
PINK1_+_20960411.23-P1P2	1328	3474	519	3
PINK1_-_20960047.23-P1P2	1046	2301	1994	1095
PINK1_-_20960428.23-P1P2	895	0	1709	0
PINK1_-_20960460.23-P1P2	2166	3	1987	1823
PIP4K2A_+_23003104.23-P1P2	1420	1	740	0
PIP4K2A_+_23003459.23-P1P2	1086	1986	1866	4922
PIP4K2A_+_23003464.23-P1P2	2073	2316	1343	4
PIP4K2A_-_23003014.23-P1P2	1540	2690	1074	3
PIP4K2A_-_23003048.23-P1P2	1391	2	2197	3135
PIP4K2B_+_36955229.23-P1P2	519	1	603	0
PIP4K2B_-_36955387.23-P1P2	0	2	398	0
PIP4K2B_-_36955417.23-P1P2	1399	1	350	1693
PIP4K2B_-_36955739.23-P1P2	3041	0	967	4
PIP4K2B_-_36956199.23-P1P2	1390	6821	2126	711
PIP4K2C_+_57985002.23-P1P2	1722	3	1764	82
PIP4K2C_+_57985008.23-P1P2	0	0	1076	2
PIP4K2C_+_57985353.23-P1P2	3	3	954	1666
PIP4K2C_+_57985384.23-P1P2	1	0	294	0
PIP4K2C_-_57985075.23-P1P2	1474	0	54	2
PIP5K1A_+_151171080.23-P1P2	0	0	724	0
PIP5K1A_-_151171063.23-P1P2	1	1	2323	3
PIP5K1A_-_151171090.23-P1P2	8	3	3599	4380
PIP5K1A_-_151171094.23-P1P2	2	0	1093	0
PIP5K1A_-_151171106.23-P1P2	1547	2901	1176	2
PIP5K1B_+_71320149.23-P1P2	1	2	901	2111
PIP5K1B_+_71320232.23-P1P2	3381	0	1129	1263
PIP5K1B_+_71320559.23-P1P2	2	1	1191	1
PIP5K1B_-_71320180.23-P1P2	4213	955	1765	1863
PIP5K1B_-_71320195.23-P1P2	2524	3	3563	6662
PIP5K1C_+_3700009.23-P1P2	1049	5903	2163	2
PIP5K1C_+_3700441.23-P1P2	1139	4754	2543	2
PIP5K1C_+_3700444.23-P1P2	3061	2705	2963	3574
PIP5K1C_-_3700005.23-P1P2	1268	3	1255	1685
PIP5K1C_-_3700037.23-P1P2	3	0	1461	1967
PIP5KL1_+_130690685.23-P1P2	2933	7012	857	1990
PIP5KL1_-_130690615.23-P1P2	1607	1	172	1538
PIP5KL1_-_130690658.23-P1P2	4	6819	946	4
PIP5KL1_-_130690789.23-P1P2	2	2212	790	1341
PIP5KL1_-_130691053.23-P1P2	1180	10189	969	2716
PIPOX_+_27370163.23-P1P2	1260	1	918	1882
PIPOX_+_27370166.23-P1P2	3	0	771	1991
PIPOX_+_27370206.23-P1P2	964	2	851	1163
PIPOX_+_27370599.23-P1P2	2	0	894	1791
PIPOX_-_27370267.23-P1P2	3	1	1175	3107
PIP_+_142829204.23-P1P2	1414	4734	628	1779
PIP_+_142829428.23-P1P2	2	1	1655	0
PIP_+_142829643.23-P1P2	4177	5603	1119	1332
PIP_-_142829182.23-P1P2	1	2	137	1738
PIP_-_142829550.23-P1P2	0	0	0	0
PISD_+_32023824.23-ENST00000382151.2	4245	4622	2227	3700
PISD_+_32023938.23-ENST00000382151.2	0	1	513	0
PISD_+_32024094.23-ENST00000382151.2	1584	1	518	0
PISD_+_32026626.23-ENST00000266095.5	4707	1	2998	200
PISD_+_32026789.23-ENST00000266095.5	4	6448	861	5
PISD_+_32026821.23-ENST00000266095.5	984	0	645	1
PISD_-_32023781.23-ENST00000382151.2	0	0	294	0
PISD_-_32023968.23-ENST00000382151.2	1	0	608	0
PISD_-_32026798.23-ENST00000266095.5	2	1	1015	30
PISD_-_32026827.23-ENST00000266095.5	858	1	1315	1
PITPNA_+_1465444.23-P1P2	1340	0	356	0
PITPNA_+_1465502.23-P1P2	1166	2	1507	1
PITPNA_+_1465684.23-P1P2	768	0	1466	0
PITPNA_+_1465731.23-P1P2	0	0	0	0
PITPNA_+_1466054.23-P1P2	5	4734	1496	0
PKDCC_+_42275174.23-P1P2	2637	3	1715	1313
PKDCC_+_42275401.23-P1P2	2	0	2405	0
PKDCC_+_42275596.23-P1P2	1782	1	664	1270
PKDCC_-_42275537.23-P1P2	2154	4599	1610	3252
PKDCC_-_42275772.23-P1P2	1807	1300	2365	3287
PKIA_+_79429022.23-P1P2	0	0	151	0
PKIA_-_79428572.23-P1P2	1339	3	2646	1431
PKIA_-_79428638.23-P1P2	1685	0	2208	1049
PKIA_-_79428794.23-P1P2	2295	3	1554	1
PKIA_-_79428977.23-P1P2	940	0	1733	1
PKIB_+_122931982.23-P1	1	2	296	1868
PKIB_+_123039146.23-P2	9	6619	946	1650
PKIB_+_123039229.23-P2	0	0	0	0
PKIB_-_122931556.23-P1	2	2	1074	2861
PKIB_-_122931570.23-P1	3548	10497	2927	2742
PKIB_-_122931580.23-P1	1351	3872	2102	1712
PKIB_-_122931583.23-P1	3549	3	1436	1303
PKIB_-_123038738.23-P2	3	1	1248	1383
PKIB_-_123038981.23-P2	3	1	2518	1
PKIB_-_123039104.23-P2	0	0	1165	0
PKIG_+_43160504.23-P1P2	2559	3694	1786	9
PKIG_+_43160731.23-P1P2	0	0	105	0
PKIG_-_43160518.23-P1P2	1410	3	2528	1404
PKIG_-_43160524.23-P1P2	1	3	946	3585
PKIG_-_43160637.23-P1P2	2975	3986	1091	1938
PKLR_+_155270361.23-P1P2	305	1	335	0
PKLR_+_155270540.23-P1P2	308	0	521	2
PKLR_+_155270652.23-P1P2	1506	1975	1156	1
PKLR_-_155270743.23-P1P2	607	9295	1226	5
PKLR_-_155271229.23-P1P2	2	1	1	1548
PKMYT1_+_3030383.23-P1P2	0	0	112	0
PKMYT1_+_3030402.23-P1P2	834	0	714	1120
PKMYT1_+_3030417.23-P1P2	0	0	93	0
PKMYT1_-_3029976.23-P1P2	2863	1	1240	2
PKMYT1_-_3030080.23-P1P2	0	0	0	0
PKM_+_72500660.23-P2	1563	1	982	1
PKM_+_72500668.23-P2	1	1	445	0
PKM_+_72500912.23-P2	4723	8129	1839	1239
PKM_+_72501079.23-P2	2	1	998	1796
PKM_+_72523385.23-P1	9	5462	863	3
PKM_+_72523549.23-P1	3	4742	279	2
PKM_-_72500954.23-P2	5975	4	1124	2128
PKM_-_72523138.23-P1	2	1	608	2323
PKM_-_72523477.23-P1	6341	10694	3153	2850
PKM_-_72523504.23-P1	0	0	0	0
PKN1_+_14544594.23-P1	0	0	702	0
PKN1_+_14551296.23-P2	1191	3	1621	2282
PKN1_+_14551457.23-P2	897	0	117	0
PKN1_+_14551497.23-P2	1717	5	639	1852
PKN1_-_14544383.23-P1	1509	3	963	5431
PKN1_-_14544473.23-P1	1691	1	794	3
PKN1_-_14544565.23-P1	1427	1	1199	1570
PKN1_-_14544641.23-P1	0	0	546	0
PKN1_-_14551111.23-P2	2813	4871	2922	1726
PKN1_-_14551126.23-P2	0	0	473	0
PKN2_+_89150003.23-P1P2	4	1	763	1996
PKN2_+_89150054.23-P1P2	1308	2578	1119	0
PKN2_-_89149990.23-P1P2	1	0	2120	1
PKN2_-_89150033.23-P1P2	0	0	906	0
PKN2_-_89150042.23-P1P2	43	0	434	1
PKN3_+_131464783.23-P1P2	1668	1	1283	1792
PKN3_+_131464789.23-P1P2	2202	1242	1593	806
PKN3_+_131465264.23-P1P2	2785	2486	2322	3106
PKN3_-_131464879.23-P1P2	1843	3	861	1613
PKN3_-_131465067.23-P1P2	0	2	816	0
PLA2G1B_+_120763804.23-P2	3499	3022	2610	1655
PLA2G1B_+_120763865.23-P2	5432	1495	1859	3980
PLA2G1B_+_120763892.23-P2	478	1	766	1
PLA2G1B_+_120763934.23-P2	0	0	296	0
PLA2G1B_+_120765517.23-P1	898	8303	2308	7
PLA2G1B_-_120763872.23-P2	0	4952	460	1123
PLA2G1B_-_120765185.23-P1	1608	4	575	0
PLA2G1B_-_120765374.23-P1	638	1	138	1
PLA2G1B_-_120765462.23-P1	905	1	1102	1054
PLA2G1B_-_120765494.23-P1	5	4021	312	3
PLA2G2D_-_20445628.23-P1P2	3	1	71	2101
PLA2G2D_-_20445639.23-P1P2	2	0	991	1
PLA2G2D_-_20445794.23-P1P2	1846	4	646	1653
PLA2G2D_-_20445804.23-P1P2	952	0	761	1
PLA2G2D_-_20446014.23-P1P2	0	0	719	0
PLA2G2E_+_20249667.23-P1P2	3809	2772	1893	2
PLA2G2E_+_20250115.23-P1P2	4782	3	1950	0
PLA2G2E_-_20249761.23-P1P2	2788	2	870	0
PLA2G2E_-_20249882.23-P1P2	1546	6	1503	3681
PLA2G2E_-_20250093.23-P1P2	0	0	1059	0
PLA2G7_+_46702836.23-P1P2	0	0	0	0
PLA2G7_+_46703279.23-P1P2	3400	0	1989	1
PLA2G7_-_46703088.23-P1P2	1556	3	2758	12
PLA2G7_-_46703118.23-P1P2	3326	4504	776	4
PLA2G7_-_46703419.23-P1P2	2726	6	1807	6853
PLAUR_+_44174210.23-P1P2	0	0	1457	0
PLAUR_+_44174267.23-P1P2	1144	3	1428	1983
PLAUR_+_44174287.23-P1P2	2398	7510	2702	2068
PLAUR_+_44174301.23-P1P2	2681	0	1058	1814
PLAUR_-_44174281.23-P1P2	0	0	740	0
PLAU_+_75670964.23-P1P2	1118	0	1917	5
PLAU_+_75670973.23-P1P2	1200	4	1747	2937
PLAU_+_75671284.23-P1P2	1	3	1697	0
PLAU_+_75671308.23-P1P2	1183	0	889	1
PLAU_-_75670897.23-P1P2	2405	5050	1205	1262
PLCL1_+_198669340.23-P1P2	1177	0	605	1
PLCL1_+_198669400.23-P1P2	3	2426	1106	0
PLCL1_+_198669751.23-P1P2	4859	9817	2374	1063
PLCL1_-_198669379.23-P1P2	3632	4	2141	3428
PLCL1_-_198669764.23-P1P2	1543	6223	1408	3
PLEKHA1_+_124134185.23-P1P2	5827	6	2365	2957
PLEKHA1_-_124134278.23-P1P2	630	9822	1078	3517
PLEKHA1_-_124134286.23-P1P2	3450	6	2568	8823
PLEKHA1_-_124134362.23-P1P2	1390	6118	2878	1761
PLEKHA1_-_124134639.23-P1P2	3086	3	2094	3658
PLEKHA4_+_49371353.23-P1P2	2763	4496	2779	7085
PLEKHA4_+_49371495.23-P1P2	489	5692	1291	2
PLEKHA4_+_49371684.23-P1P2	3	3	1053	3819
PLEKHA4_+_49371892.23-P1P2	4842	1598	1276	837
PLEKHA4_-_49371930.23-P1P2	2	2204	1828	3
PLIN3_+_4867585.23-P1P2	1459	2	285	2
PLIN3_+_4867619.23-P1P2	3158	1984	2461	4187
PLIN3_+_4867629.23-P1P2	1380	2	2249	1975
PLIN3_+_4867637.23-P1P2	3994	6811	3164	3385
PLIN3_-_4867188.23-P1P2	3	1	413	3389
PLK1_+_23690651.23-P1P2	0	0	0	0
PLK1_-_23690230.23-P1P2	3	2805	0	1
PLK1_-_23690276.23-P1P2	0	0	0	0
PLK1_-_23690679.23-P1P2	0	0	0	0
PLK1_-_23690749.23-P1P2	0	0	0	0
PLK2_+_57754817.23-P2	1631	1	154	1
PLK2_+_57755846.23-P1	1190	0	570	0
PLK2_+_57755850.23-P1	4	9516	872	6
PLK2_+_57755864.23-P1	2	2796	374	619
PLK2_+_57755870.23-P1	0	0	817	0
PLK2_+_57755896.23-P1	2931	5048	2487	2511
PLK2_-_57754365.23-P2	0	0	528	1
PLK2_-_57754371.23-P2	2967	4	1400	1
PLK2_-_57754828.23-P2	0	0	0	0
PLK2_-_57754849.23-P2	1284	2	203	0
PLK3_+_45266145.23-P1P2	2000	3608	1223	2378
PLK3_+_45266472.23-P1P2	1303	5498	1069	1811
PLK3_+_45266498.23-P1P2	5	2	544	5278
PLK3_-_45266040.23-P1P2	4	5287	1695	1
PLK3_-_45266066.23-P1P2	31	2821	1844	2
PLK4_-_128802078.23-P1P2	0	0	37	0
PLK4_-_128802148.23-P1P2	0	0	0	0
PLK4_-_128802273.23-P1P2	0	0	0	0
PLK4_-_128802512.23-P1P2	0	0	0	0
PLK4_-_128802557.23-P1P2	0	0	0	0
PLOD1_+_11994800.23-P1P2	3113	8965	2413	964
PLOD1_+_11994812.23-P1P2	5221	5	1114	1550
PLOD1_+_11994820.23-P1P2	1	1	1304	3
PLOD1_+_11994823.23-P1P2	1	0	592	1862
PLOD1_-_11994894.23-P1P2	1	6	2390	2967
PLOD2_+_145878561.23-P1P2	3595	3	1187	2
PLOD2_-_145878946.23-P1P2	3019	1	1432	2
PLOD2_-_145878953.23-P1P2	3569	14975	2051	5356
PLOD2_-_145878956.23-P1P2	4	0	1773	0
PLOD2_-_145878959.23-P1P2	1642	4836	1237	5
PLOD3_+_100860355.23-P1P2	1	0	339	0
PLOD3_+_100860432.23-P1P2	1501	6049	1154	1380
PLOD3_-_100860450.23-P1P2	1431	2	2259	1737
PLOD3_-_100860500.23-P1P2	688	2	2426	1802
PLOD3_-_100860829.23-P1P2	581	1715	82	1386
PMP2_+_82359260.23-P1P2	3	1	610	1831
PMP2_+_82359456.23-P1P2	2	1	570	2078
PMP2_+_82359601.23-P1P2	1	1	516	0
PMP2_-_82359629.23-P1P2	1067	0	396	0
PMP2_-_82359656.23-P1P2	0	1	118	0
PMVK_+_154909114.23-P1P2	0	0	618	0
PMVK_+_154909206.23-P1P2	1	0	201	0
PMVK_-_154909154.23-P1P2	3	2220	1101	1
PMVK_-_154909252.23-P1P2	0	0	451	0
PMVK_-_154909257.23-P1P2	0	0	357	0
PNCK_+_152938802.23-P1P2	1083	7448	1383	0
PNCK_+_152938805.23-P1P2	2319	5	907	2495
PNCK_+_152938864.23-P1P2	1943	5	2012	2121
PNCK_+_152939246.23-P1P2	3975	1838	3281	2907
PNCK_-_152938917.23-P1P2	2285	1436	3208	1
PNKP_+_50370409.23-P1P2	1403	1	2099	1
PNKP_+_50370456.23-P1P2	2424	1867	1214	1
PNKP_+_50370774.23-P1P2	8	4113	1267	3
PNKP_-_50370388.23-P1P2	0	0	739	0
PNKP_-_50370765.23-P1P2	4106	4	1013	1
PNLIPRP2_+_118380825.23-P1P2	2846	2	756	2050
PNLIPRP2_-_118380490.23-P1P2	910	1407	584	1901
PNLIPRP2_-_118380523.23-P1P2	1	2043	722	0
PNLIPRP2_-_118380553.23-P1P2	10	0	324	6364
PNLIPRP2_-_118380939.23-P1P2	788	1	344	822
PNLIP_+_118305465.23-P1P2	748	2	1475	0
PNLIP_+_118305610.23-P1P2	1068	2	447	1168
PNLIP_-_118305715.23-P1P2	1213	6	1138	1790
PNLIP_-_118305793.23-P1P2	1	1	618	0
PNLIP_-_118305807.23-P1P2	2	2	2717	1925
PNMT_-_37824323.23-P1P2	2202	2	603	1
PNMT_-_37824490.23-P1P2	2	5443	773	2
PNMT_-_37824686.23-P1P2	2178	0	951	3
PNMT_-_37824713.23-P1P2	0	1	549	0
PNMT_-_37824758.23-P1P2	6	0	1168	1580
PNPO_+_46018940.23-P1P2	0	0	115	0
PNPO_+_46019182.23-P1P2	1912	9393	1658	1559
PNPO_+_46019349.23-P1P2	1927	0	742	1
PNPO_-_46018968.23-P1P2	0	1	455	0
PNPO_-_46019078.23-P1P2	4627	3010	1000	1916
PNP_-_20937584.23-P1P2	773	6162	1177	5
PNP_-_20937615.23-P1P2	2	2582	512	0
PNP_-_20937630.23-P1P2	1378	0	778	2994
PNP_-_20937635.23-P1P2	2447	2	572	1238
PNP_-_20937699.23-P1P2	0	0	168	0
POMC_+_25391359.23-P1P2	4	4	1351	2079
POMC_+_25391409.23-P1P2	2	2620	757	3
POMC_+_25391433.23-P1P2	14	10499	1681	2
POMC_+_25391444.23-P1P2	1399	3502	2302	1646
POMC_-_25391424.23-P1P2	1343	2	1762	0
PON1_+_95025646.23-P1P2	2232	3	286	0
PON1_+_95025656.23-P1P2	4328	1619	1596	1678
PON1_-_95025618.23-P1P2	0	0	248	0
PON1_-_95025623.23-P1P2	2	1	1358	0
PON1_-_95025663.23-P1P2	2037	17863	1817	420
POR_+_75544568.23-P1P2	1247	2930	1244	1163
POR_+_75544696.23-P1P2	0	1	971	0
POR_-_75544497.23-P1P2	4716	6	3243	1963
POR_-_75544904.23-P1P2	3259	2681	2076	1779
POR_-_75544919.23-P1P2	2	4	1734	1899
PPA1_+_71993075.23-P1P2	0	0	0	0
PPA1_+_71993087.23-P1P2	1071	3	990	1657
PPA1_-_71992928.23-P1P2	1236	4	797	2272
PPA1_-_71993135.23-P1P2	0	0	119	0
PPA1_-_71993150.23-P1P2	2	2029	197	0
PPAP2A_+_54830371.23-P1P2	112	4	1782	1693
PPAP2A_+_54830753.23-P1P2	1426	3	932	1
PPAP2A_+_54830764.23-P1P2	881	0	2207	0
PPAP2A_-_54830435.23-P1P2	2	2864	823	1575
PPAP2A_-_54830796.23-P1P2	0	0	918	1
PPAP2B_+_57044605.23-P1P2	1453	1	1264	1
PPAP2B_+_57044636.23-P1P2	1437	1	248	0
PPAP2B_+_57044758.23-P1P2	3980	5	1810	3452
PPAP2B_+_57045051.23-P1P2	0	0	1135	2024
PPAP2B_-_57044575.23-P1P2	1637	1	683	1805
PPAP2C_+_290938.23-P1P2	1	0	494	1783
PPAP2C_+_291160.23-P1P2	2	0	992	1
PPAP2C_+_291324.23-P1P2	1573	4	2210	5039
PPAP2C_+_291356.23-P1P2	0	0	1982	0
PPAP2C_-_290882.23-P1P2	3143	5096	3223	1
PPARD_+_35310739.23-P1P2	1478	1	329	2
PPARD_+_35310845.23-P1P2	1444	1	216	0
PPARD_-_35310354.23-P1P2	2330	3478	2495	4582
PPARD_-_35310380.23-P1P2	3115	3	936	4
PPARD_-_35310604.23-P1P2	6027	2	3117	6
PPAT_+_57301347.23-P1P2	1357	2	941	1
PPAT_-_57301266.23-P1P2	5071	717	1411	3
PPAT_-_57301292.23-P1P2	0	0	302	0
PPAT_-_57301411.23-P1P2	1541	1	1299	3192
PPAT_-_57301766.23-P1P2	1265	0	327	0
PPBP_+_74853499.23-P1P2	5202	4	1084	2
PPBP_+_74853665.23-P1P2	1574	3327	677	2
PPBP_+_74853862.23-P1P2	2	0	495	0
PPBP_-_74853598.23-P1P2	2967	3669	2010	6949
PPBP_-_74853875.23-P1P2	3	3212	476	3
PPCDC_+_75316147.23-P1	1087	3	1249	0
PPCDC_+_75335668.23-P2	1424	8415	2584	3
PPCDC_+_75335905.23-P2	925	3569	1112	1807
PPCDC_+_75336103.23-P2	0	0	194	0
PPCDC_+_75336118.23-P2	0	0	487	0
PPCDC_-_75315977.23-P1	0	2	750	863
PPCDC_-_75315982.23-P1	4	7115	779	1218
PPCDC_-_75316006.23-P1	3056	0	651	3
PPCDC_-_75316009.23-P1	1641	3717	1070	2035
PPCDC_-_75335652.23-P2	3	1	1533	1
PPEF1_+_18726028.23-P1P2	1376	0	654	584
PPEF1_-_18725799.23-P1P2	2	0	767	0
PPEF1_-_18725809.23-P1P2	0	1949	205	1
PPEF1_-_18725828.23-P1P2	1434	1	737	0
PPEF1_-_18726233.23-P1P2	1	0	584	0
PPEF2_+_76823539.23-P1P2	5	5134	1048	3922
PPEF2_+_76823587.23-P1P2	1448	0	414	2
PPEF2_-_76823184.23-P1P2	9	6	1540	3622
PPEF2_-_76823192.23-P1P2	3998	4	905	2008
PPEF2_-_76823265.23-P1P2	0	0	549	1
PPFIA1_+_70116839.23-P1P2	1135	1	796	2
PPFIA1_+_70116850.23-P1P2	3630	6	1152	4
PPFIA1_-_70116849.23-P1P2	1165	5164	2712	4
PPFIA1_-_70116878.23-P1P2	0	1	641	1
PPFIA1_-_70117025.23-P1P2	4828	5	1325	2331
PPFIA2_+_82152568.23-ENST00000548586.1	937	3	1020	3667
PPFIA2_+_82153068.23-ENST00000549396.1	9	5871	1336	2423
PPFIA2_+_82153096.23-ENST00000549396.1	2	0	2140	1
PPFIA2_+_82153267.23-ENST00000549396.1	365	6305	1767	2482
PPFIA2_-_82152075.23-ENST00000548586.1	0	0	83	0
PPFIA2_-_82152306.23-ENST00000548586.1	1	0	805	0
PPFIA2_-_82152489.23-ENST00000548586.1	1525	1	106	1
PPFIA2_-_82152575.23-ENST00000548586.1	1844	4612	726	2567
PPFIA2_-_82152816.23-ENST00000549396.1	1418	0	1042	1
PPFIA2_-_82153064.23-ENST00000549396.1	0	0	217	0
PPFIA3_+_49623064.23-P2	1	0	810	0
PPFIA3_+_49623161.23-P2	1	0	267	0
PPFIA3_+_49623240.23-P2	1	0	915	0
PPFIA3_+_49631826.23-P1	6	5821	1293	4
PPFIA3_+_49631881.23-P1	1536	1	178	1
PPFIA3_+_49631936.23-P1	1489	0	687	1
PPFIA3_+_49632090.23-P1	3052	4	1296	1764
PPFIA3_-_49622827.23-P2	2	2	653	2953
PPFIA3_-_49622853.23-P2	544	1947	894	0
PPFIA3_-_49632209.23-P1	2444	3	312	1442
PPFIA4_+_202995653.23-P1P2	3773	2	2401	2742
PPFIA4_-_202995685.23-P1P2	4	0	702	4794
PPFIA4_-_202995695.23-P1P2	326	4	2337	4655
PPFIA4_-_202995702.23-P1P2	5	7582	868	5
PPFIA4_-_202996060.23-P1P2	0	1	1272	0
PPIA_+_44836650.23-P1P2	1992	7667	1994	6825
PPIA_+_44836665.23-P1P2	1243	1	1297	1238
PPIA_+_44836713.23-P1P2	2781	0	855	2
PPIA_+_44836735.23-P1P2	320	5133	996	2589
PPIA_+_44837515.23-P1P2	0	0	324	0
PPIB_+_64455154.23-P1P2	1518	4	1608	1
PPIB_-_64455141.23-P1P2	838	5456	1893	0
PPIB_-_64455144.23-P1P2	0	2	2207	2714
PPIB_-_64455191.23-P1P2	3529	6	1520	4817
PPIB_-_64455194.23-P1P2	11	5368	744	1823
PPIC_-_122371987.23-P1P2	1	0	616	1
PPIC_-_122372328.23-P1P2	732	10348	1321	6146
PPIC_-_122372331.23-P1P2	2500	152	1425	4
PPIC_-_122372361.23-P1P2	3358	1719	2669	4562
PPIC_-_122372378.23-P1P2	1911	8326	1905	2465
PPIF_+_81107272.23-P1P2	4	1	374	3190
PPIF_+_81107276.23-P1P2	1318	3	1163	0
PPIF_+_81107464.23-P1P2	0	0	488	0
PPIF_+_81107670.23-P1P2	1278	4516	1089	1
PPIF_-_81107756.23-P1P2	0	0	0	0
PPIG_-_170440898.23-P1P2	712	3	2136	5601
PPIG_-_170441066.23-P1P2	857	0	3235	1268
PPIG_-_170441134.23-P1P2	0	0	0	0
PPIG_-_170441329.23-P1P2	3805	4	483	2
PPIG_-_170441355.23-P1P2	737	1	356	0
PPIH_+_43124090.23-P1P2	1003	5548	986	1
PPIH_+_43124361.23-P1P2	1	0	357	1
PPIH_+_43124465.23-P1P2	0	1	854	0
PPIH_+_43124501.23-P1P2	4	0	554	2011
PPIH_-_43124126.23-P1P2	0	0	129	0
PPM1A_-_60715976.23-P1P2	2194	0	2410	1464
PPM1A_-_60716010.23-P1P2	1637	4	287	0
PPM1A_-_60716043.23-P1P2	1659	5035	1719	4186
PPM1A_-_60716058.23-P1P2	1	0	1898	2
PPM1A_-_60716404.23-P1P2	696	0	1172	1764
PPM1B_+_44396382.23-P1P2	2621	1772	1067	2091
PPM1B_+_44396407.23-P1P2	1	3289	1335	2
PPM1B_-_44396044.23-P1P2	1079	2	2414	1
PPM1B_-_44396209.23-P1P2	1373	2799	1781	1788
PPM1B_-_44396281.23-P1P2	1446	2	1571	1894
PPM1D_+_58677707.23-P1P2	0	0	0	0
PPM1D_+_58677989.23-P1P2	1	0	704	1
PPM1D_+_58678050.23-P1P2	0	0	273	1290
PPM1D_+_58678053.23-P1P2	1	0	263	0
PPM1D_-_58677985.23-P1P2	0	0	0	0
PPM1E_+_56833246.23-P1P2	1984	4698	2597	2535
PPM1E_+_56833255.23-P1P2	0	0	993	1
PPM1E_+_56833262.23-P1P2	2129	5261	542	2
PPM1E_+_56833265.23-P1P2	422	2494	1579	8
PPM1E_-_56833222.23-P1P2	1900	8720	1860	2
PPM1F_+_22306828.23-P1P2	1694	0	943	2
PPM1F_+_22306836.23-P1P2	4340	1	1095	2
PPM1F_+_22307004.23-P1P2	1573	2912	305	2
PPM1F_+_22307083.23-P1P2	1462	1	1885	3527
PPM1F_+_22307162.23-P1P2	5959	4	1931	3
PPM1G_+_27607559.23-P2	0	0	497	1
PPM1G_+_27607655.23-P2	684	6251	438	1
PPM1G_+_27607660.23-P2	2324	2756	930	3840
PPM1G_+_27632407.23-P1	1995	1	739	3
PPM1G_-_27607619.23-P2	1050	2	940	1472
PPM1G_-_27607633.23-P2	1612	0	943	0
PPM1G_-_27632090.23-P1	0	0	0	0
PPM1G_-_27632410.23-P1	2	1	520	1814
PPM1G_-_27632417.23-P1	0	0	108	0
PPM1G_-_27632451.23-P1	1654	0	680	407
PPM1L_+_160473629.23-P1P2	2	1	1658	1942
PPM1L_+_160473697.23-P1P2	3129	3	740	3435
PPM1L_+_160473761.23-P1P2	3213	2125	2389	3278
PPM1L_-_160473396.23-P1P2	2335	4516	2665	2
PPM1L_-_160473832.23-P1P2	274	4641	2248	4435
PPM1M_+_52279796.23-P1P2	3162	5803	1772	2958
PPM1M_+_52280168.23-P1P2	5690	3273	1102	1917
PPM1M_+_52280189.23-P1P2	1116	1	752	1977
PPM1M_+_52280195.23-P1P2	1313	1	1555	3
PPM1M_+_52280215.23-P1P2	1311	4892	1371	1946
PPME1_+_73882513.23-P1P2	1378	2366	1218	0
PPME1_+_73882581.23-P1P2	1	1	1363	0
PPME1_-_73882369.23-P1P2	1753	2	1882	3
PPME1_-_73882402.23-P1P2	3771	4	1279	1356
PPME1_-_73882418.23-P1P2	2296	1	770	0
PPP1CA_+_67168772.23-P1	2359	1	691	0
PPP1CA_+_67168941.23-P1	0	0	146	0
PPP1CA_+_67169098.23-P1	1	1	743	0
PPP1CA_-_67168840.23-P1	2	0	1022	1252
PPP1CA_-_67168891.23-P1	1039	2832	3721	1800
PPP1CA_-_67188217.23-P2	2358	3794	1889	2075
PPP1CA_-_67188220.23-P2	11	2420	2622	3730
PPP1CA_-_67188475.23-P2	1251	6	2205	2900
PPP1CA_-_67188610.23-P2	5	1596	1984	886
PPP1CA_-_67188663.23-P2	2	2221	810	0
PPP1CB_+_28974937.23-P1P2	0	0	64	0
PPP1CB_+_28975362.23-P1P2	1	0	895	0
PPP1CB_+_28975374.23-P1P2	0	0	0	0
PPP1CB_+_28975409.23-P1P2	0	0	127	0
PPP1CB_-_28975080.23-P1P2	0	0	253	0
PPP1CC_+_111180646.23-P1P2	0	0	0	0
PPP1CC_+_111180675.23-P1P2	2	2	1000	1579
PPP1CC_+_111180706.23-P1P2	1316	2222	1713	1664
PPP1CC_+_111180709.23-P1P2	0	0	611	0
PPP1CC_-_111180279.23-P1P2	11	3	1207	6891
PPP1R10_+_30584999.23-P1P2	0	1	386	0
PPP1R10_-_30584622.23-P1P2	2	3	717	1435
PPP1R10_-_30584626.23-P1P2	3	5084	4	1237
PPP1R10_-_30584990.23-P1P2	0	0	174	0
PPP1R10_-_30585037.23-P1P2	0	0	570	1
PPP1R11_-_30035005.23-P1P2	3614	2736	2047	1468
PPP1R11_-_30035028.23-P1P2	0	0	77	0
PPP1R11_-_30035364.23-P1P2	1622	1	124	0
PPP1R11_-_30035370.23-P1P2	0	0	902	0
PPP1R11_-_30035402.23-P1P2	0	0	389	0
PPP1R12A_+_80328425.23-P1P2	167	0	159	0
PPP1R12A_+_80328722.23-P1P2	780	1	0	0
PPP1R12A_-_80328443.23-P1P2	0	0	0	0
PPP1R12A_-_80328459.23-P1P2	0	0	139	0
PPP1R12A_-_80328826.23-P1P2	0	0	112	0
PPP1R12B_+_202317869.23-P1P2	1448	2	2677	2604
PPP1R12B_+_202318266.23-P1P2	1124	1	433	1209
PPP1R12B_-_202317836.23-P1P2	3460	18245	1941	4518
PPP1R12B_-_202317839.23-P1P2	1250	1	758	612
PPP1R12B_-_202317905.23-P1P2	688	0	605	0
PPP1R12C_+_55628528.23-P1P2	1625	1	2512	1482
PPP1R12C_+_55628898.23-P1P2	2729	1	2389	1
PPP1R12C_-_55628495.23-P1P2	1160	1	702	999
PPP1R12C_-_55628615.23-P1P2	3903	1	1461	1567
PPP1R12C_-_55628753.23-P1P2	4963	2	1257	2
PPP1R13B_+_104313706.23-P1P2	0	0	527	0
PPP1R13B_+_104313719.23-P1P2	795	2268	838	2707
PPP1R13B_+_104313722.23-P1P2	1292	0	652	0
PPP1R13B_+_104313901.23-P1P2	3673	6	2326	1249
PPP1R13B_-_104313915.23-P1P2	1431	1	1303	1521
PPP1R14A_+_38746626.23-P1P2	0	2	450	0
PPP1R14A_+_38746636.23-P1P2	4733	2988	2574	1449
PPP1R14A_+_38746782.23-P1P2	1450	2202	866	1388
PPP1R14A_+_38746975.23-P1P2	1047	2	1900	2542
PPP1R14A_-_38746713.23-P1P2	1103	3611	1523	814
PPP1R14C_+_150464221.23-P1P2	1686	2	1336	1665
PPP1R14C_+_150464229.23-P1P2	3974	3	2618	2
PPP1R14C_+_150464246.23-P1P2	1169	5	2241	3233
PPP1R14C_+_150464251.23-P1P2	950	2579	946	0
PPP1R14C_-_150464642.23-P1P2	1785	1	913	1116
PPP1R14D_+_41120491.23-P1P2	0	0	686	0
PPP1R14D_+_41120873.23-P1P2	1323	1	891	1
PPP1R14D_+_41120876.23-P1P2	674	4280	720	2
PPP1R14D_-_41120420.23-P1P2	1457	3	139	0
PPP1R14D_-_41120717.23-P1P2	4	1	427	1810
PPP1R15B_-_204380472.23-P1P2	0	0	151	1
PPP1R15B_-_204380714.23-P1P2	0	0	0	0
PPP1R15B_-_204380747.23-P1P2	0	0	0	0
PPP1R15B_-_204380902.23-P1P2	3746	5925	1523	1966
PPP1R15B_-_204380908.23-P1P2	1	0	166	0
PPP1R16B_+_37434787.23-P1P2	4587	3	1081	3
PPP1R16B_+_37434797.23-P1P2	2031	7876	2492	6
PPP1R16B_-_37434398.23-P1P2	2	0	975	1807
PPP1R16B_-_37434404.23-P1P2	2057	4068	3272	4430
PPP1R16B_-_37434450.23-P1P2	4	2748	1012	4
PPP1R1A_+_54982432.23-P1P2	0	1	62	1893
PPP1R1A_+_54982444.23-P1P2	2930	2819	2652	3986
PPP1R1A_+_54982447.23-P1P2	1047	0	1769	0
PPP1R1A_-_54982026.23-P1P2	761	0	1842	0
PPP1R1A_-_54982106.23-P1P2	1194	3	653	1996
PPP1R1B_-_37783163.23-P1P2	0	0	0	0
PPP1R1B_-_37783208.23-P1P2	0	0	0	0
PPP1R1B_-_37783231.23-P1P2	4151	1947	844	2
PPP1R1B_-_37783448.23-P1P2	0	0	825	1
PPP1R1B_-_37783657.23-P1P2	4657	3	2592	1054
PPP1R1C_-_182850503.23-ENST00000409137.3,ENST00000409702.1,ENST00000452904.1	5	2739	1393	1756
PPP1R1C_-_182850544.23-ENST00000409137.3,ENST00000409702.1,ENST00000452904.1	2152	0	843	1
PPP1R1C_-_182850564.23-ENST00000409137.3,ENST00000409702.1,ENST00000452904.1	3029	0	780	3
PPP1R1C_-_182850616.23-ENST00000409137.3,ENST00000409702.1,ENST00000452904.1	0	0	490	1
PPP1R1C_-_182850788.23-ENST00000409137.3,ENST00000409702.1,ENST00000452904.1	2	0	1070	0
PPP1R21_+_48668000.23-P1P2	2636	3154	1374	21
PPP1R21_+_48668006.23-P1P2	1345	0	1358	1
PPP1R21_+_48668289.23-P1P2	5081	4784	2561	2773
PPP1R21_-_48667940.23-P1P2	0	0	0	0
PPP1R21_-_48668149.23-P1P2	1825	0	603	1
PPP1R26_+_138371487.23-P1P2	1816	4	1136	3256
PPP1R26_+_138371563.23-P1P2	1239	0	1171	0
PPP1R26_+_138372038.23-P1P2	0	1	1082	0
PPP1R26_+_138372066.23-P1P2	1709	2513	1240	3578
PPP1R26_-_138371647.23-P1P2	1728	3	1929	3597
PPP1R2_+_195269711.23-P1P2	2792	4918	867	4
PPP1R2_+_195269725.23-P1P2	0	0	304	0
PPP1R2_+_195270077.23-P1P2	4200	0	1284	391
PPP1R2_+_195270106.23-P1P2	0	0	978	1
PPP1R2_-_195270091.23-P1P2	1507	4320	1776	6970
PPP1R32_+_61248653.23-P1P2	1586	2	2130	4108
PPP1R32_+_61248658.23-P1P2	2157	1	986	0
PPP1R32_+_61248700.23-P1P2	2428	6122	1681	3419
PPP1R32_-_61249046.23-P1P2	1	0	694	0
PPP1R32_-_61249067.23-P1P2	1827	0	662	3
PPP1R37_-_45596434.23-P1P2	1	3	867	920
PPP1R37_-_45596465.23-P1P2	3	3	919	3616
PPP1R37_-_45596468.23-P1P2	5	3054	1034	2202
PPP1R37_-_45596471.23-P1P2	0	0	692	0
PPP1R37_-_45596868.23-P1P2	1456	4	1478	3198
PPP1R3A_+_113558637.23-P1P2	0	0	285	1
PPP1R3A_-_113558730.23-P1P2	1423	1	840	3804
PPP1R3A_-_113559044.23-P1P2	1306	4459	1949	1670
PPP1R3A_-_113559054.23-P1P2	1377	3	878	1441
PPP1R3A_-_113559097.23-P1P2	1	0	732	0
PPP1R3B_+_9008097.23-P1P2	3335	2	1809	535
PPP1R3B_+_9008111.23-P1P2	2	0	363	1759
PPP1R3B_+_9008124.23-P1P2	1131	4390	1411	3295
PPP1R3B_-_9008172.23-P1P2	2281	1	1421	0
PPP1R3B_-_9008175.23-P1P2	3632	5	1725	0
PPP1R3C_+_93392840.23-P1P2	2	4756	599	2
PPP1R3C_-_93392737.23-P1P2	0	0	717	0
PPP1R3C_-_93392743.23-P1P2	0	2	1940	0
PPP1R3C_-_93392812.23-P1P2	2637	2640	1998	1693
PPP1R3C_-_93392831.23-P1P2	3608	1	576	1
PPP1R3D_+_58515127.23-P1P2	0	0	0	0
PPP1R3D_+_58515319.23-P1P2	0	0	0	0
PPP1R3D_-_58514908.23-P1P2	8860	6	3489	5459
PPP1R3D_-_58514948.23-P1P2	1747	3	119	0
PPP1R3D_-_58515012.23-P1P2	2654	4768	1084	2376
PPP1R3E_+_23770357.23-P1	5	0	556	1396
PPP1R3E_+_23770681.23-P1	1221	0	806	0
PPP1R3E_+_23770690.23-P1	1317	4261	869	2
PPP1R3E_+_23770729.23-P1	3	2281	632	1
PPP1R3E_+_23771651.23-P2	708	0	265	0
PPP1R3E_+_23771676.23-P2	3170	3830	2012	3086
PPP1R3E_+_23771980.23-P2	5280	3	1166	2
PPP1R3E_+_23772028.23-P2	1305	1522	1650	4
PPP1R3E_-_23770725.23-P1	2283	0	663	1660
PPP1R3E_-_23772007.23-P2	2827	1	1085	1
PPP1R3F_+_49126297.23-P1P2	2407	868	1293	1519
PPP1R3F_+_49126300.23-P1P2	871	7516	2381	4
PPP1R3F_+_49126321.23-P1P2	3006	6	1436	3358
PPP1R3F_+_49126324.23-P1P2	1527	8451	2326	2
PPP1R3F_+_49126680.23-P1P2	1	2236	579	1
PPP1R3G_+_5085519.23-P1P2	4716	4790	1728	4906
PPP1R3G_+_5085952.23-P1P2	777	3	2332	1866
PPP1R3G_-_5085554.23-P1P2	3365	2961	1971	1550
PPP1R3G_-_5085557.23-P1P2	1221	3	2032	0
PPP1R3G_-_5085734.23-P1P2	2	0	376	0
PPP1R42_+_67940724.23-P1P2	3166	1	2230	1827
PPP1R42_-_67940743.23-P1P2	1292	2	1350	3904
PPP1R42_-_67940761.23-P1P2	0	0	170	0
PPP1R42_-_67940774.23-P1P2	1	2	1416	1
PPP1R42_-_67940800.23-P1P2	0	2	831	0
PPP1R7_+_242089597.23-P1P2	1085	1	1639	2009
PPP1R7_-_242089015.23-P1P2	0	0	517	1
PPP1R7_-_242089036.23-P1P2	3664	2	1758	1802
PPP1R7_-_242089223.23-P1P2	385	2	1181	1740
PPP1R7_-_242089462.23-P1P2	3480	4	2345	0
PPP1R8_+_28157356.23-P1P2	0	0	79	0
PPP1R8_+_28157375.23-P1P2	0	0	0	0
PPP1R8_+_28157378.23-P1P2	1158	0	230	0
PPP1R8_-_28157334.23-P1P2	0	0	438	0
PPP1R8_-_28157368.23-P1P2	0	1	409	1
PPP1R9A_+_94536952.23-P1P2	3765	10027	1564	8
PPP1R9A_+_94536988.23-P1P2	5	5095	550	2
PPP1R9A_+_94537358.23-P1P2	2504	4	2312	1598
PPP1R9A_-_94537340.23-P1P2	2265	4	2612	2
PPP1R9A_-_94537377.23-P1P2	1022	0	1434	1697
PPP1R9B_+_48228075.23-P1P2	973	1	1120	0
PPP1R9B_+_48228450.23-P1P2	655	1	1276	1600
PPP1R9B_+_48228468.23-P1P2	2404	6	910	4786
PPP1R9B_-_48228086.23-P1P2	898	0	1125	1809
PPP1R9B_-_48228464.23-P1P2	545	0	1870	1
PPP2CA_+_133561693.23-P1P2	0	0	427	0
PPP2CA_+_133561724.23-P1P2	0	0	0	0
PPP2CA_+_133561727.23-P1P2	0	0	9	0
PPP2CA_+_133561730.23-P1P2	0	0	0	0
PPP2CA_-_133561768.23-P1P2	1	0	571	0
PPP2CB_+_30670275.23-P1P2	0	1	1119	0
PPP2CB_+_30670289.23-P1P2	3	1	1267	1468
PPP2CB_+_30670300.23-P1P2	648	1	147	0
PPP2CB_-_30670087.23-P1P2	1337	4239	1774	5
PPP2CB_-_30670303.23-P1P2	2	0	3550	0
PPP2R1A_+_52693317.23-P1	0	0	357	0
PPP2R1A_+_52693758.23-P1	999	0	826	1
PPP2R1A_+_52716072.23-P2	1838	0	441	2142
PPP2R1A_+_52716105.23-P2	4	3	1588	3602
PPP2R1A_+_52716196.23-P2	1693	2	732	2729
PPP2R1A_+_52716201.23-P2	2078	2281	1952	1875
PPP2R1A_-_52693331.23-P1	0	0	752	0
PPP2R1A_-_52693336.23-P1	0	1	355	0
PPP2R1A_-_52693475.23-P1	0	0	1444	0
PPP2R1A_-_52716005.23-P2	2713	528	1275	1708
PPP2R1B_+_111637056.23-P1P2	1	1	756	1497
PPP2R1B_+_111637061.23-P1P2	1409	2	1850	8855
PPP2R1B_+_111637401.23-P1P2	0	0	568	1
PPP2R1B_-_111636677.23-P1P2	4	1960	1695	1631
PPP2R1B_-_111636732.23-P1P2	2022	3371	2042	1796
PPP2R2A_+_26149078.23-P1P2	0	0	860	0
PPP2R2A_-_26149133.23-P1P2	1	2	627	0
PPP2R2A_-_26149443.23-P1P2	0	0	1039	1
PPP2R2A_-_26149483.23-P1P2	0	0	0	0
PPP2R2A_-_26149523.23-P1P2	4	0	1556	996
PPP2R2B_+_146257913.23-P1	918	0	204	0
PPP2R2B_+_146257919.23-P1	150	1	1880	1902
PPP2R2B_+_146257929.23-P1	1138	2277	1008	1
PPP2R2B_+_146258018.23-P1	2072	3	2396	833
PPP2R2B_+_146460845.23-P2	0	0	218	0
PPP2R2B_+_146460856.23-P2	374	2	966	1
PPP2R2B_+_146460883.23-P2	930	4581	1759	1955
PPP2R2B_+_146460914.23-P2	2	0	1210	1699
PPP2R2B_-_146258221.23-P1	0	0	251	0
PPP2R2B_-_146460864.23-P2	849	0	228	0
PPP2R2C_+_6474257.23-P1P2	1825	6286	1778	338
PPP2R2C_+_6474314.23-P1P2	1152	1	1904	1
PPP2R2C_-_6473914.23-P1P2	2815	2	1850	1
PPP2R2C_-_6474061.23-P1P2	1110	3209	1474	1255
PPP2R2C_-_6474098.23-P1P2	494	5192	991	0
PPP2R2D_+_133753983.23-P1P2	1532	0	892	0
PPP2R2D_+_133754000.23-P1P2	0	0	164	0
PPP2R2D_-_133753721.23-P1P2	3736	10504	1706	6
PPP2R2D_-_133753830.23-P1P2	3322	2	1	1075
PPP2R2D_-_133753844.23-P1P2	0	1480	0	0
PPP2R3A_+_135684595.23-P1P2	1015	3889	2021	3
PPP2R3A_+_135684607.23-P1P2	1799	2	2572	1518
PPP2R3A_+_135684621.23-P1P2	1362	1828	1824	1
PPP2R3A_+_135684961.23-P1P2	845	3926	1597	1285
PPP2R3A_-_135684695.23-P1P2	6343	8373	971	2351
PPP2R3B_-_347315.23-P1P2	874	1302	2152	2418
PPP2R3B_-_347634.23-P1P2	2182	0	3310	2
PPP2R3B_-_347649.23-P1P2	0	2	997	1373
PPP2R3B_-_347675.23-P1P2	3155	6	1490	4397
PPP2R3B_-_347890.23-P1P2	1084	2059	806	1875
PPP2R4_+_131873661.23-P1P2	0	0	155	0
PPP2R4_-_131873702.23-P1P2	2332	1	2082	1843
PPP2R4_-_131873861.23-P1P2	1	0	1790	0
PPP2R4_-_131874120.23-P1P2	0	0	0	0
PPP2R4_-_131874178.23-P1P2	2051	10	1739	1856
PPP2R5A_+_212458795.23-P1P2	2133	5467	1853	6
PPP2R5A_+_212459031.23-P1P2	980	4638	1259	1517
PPP2R5A_+_212459206.23-P1P2	1605	0	498	1464
PPP2R5A_-_212458812.23-P1P2	3356	6	1484	3120
PPP2R5A_-_212458999.23-P1P2	0	0	92	0
PPP2R5B_+_64685366.23-P2	3276	1	1629	4
PPP2R5B_+_64685448.23-P2	1421	2374	21	0
PPP2R5B_+_64692191.23-P1	1238	3456	1897	2828
PPP2R5B_+_64692220.23-P1	960	3	2181	1
PPP2R5B_+_64692233.23-P1	1612	2045	1349	2
PPP2R5B_+_64692250.23-P1	0	0	1358	0
PPP2R5B_-_64685063.23-P2	0	0	0	0
PPP2R5B_-_64685101.23-P2	4897	5	968	4
PPP2R5B_-_64685466.23-P2	2115	1	125	1233
PPP2R5B_-_64692586.23-P1	2214	1	458	2
PPP2R5C_+_102276242.23-P1P2	0	0	108	0
PPP2R5C_+_102276252.23-P1P2	2	0	570	0
PPP2R5C_+_102276339.23-P1P2	0	0	108	0
PPP2R5C_-_102276337.23-P1P2	3	1	812	1
PPP2R5C_-_102276689.23-P1P2	606	0	567	0
PPP2R5E_+_64009644.23-P1P2	887	2	522	1844
PPP2R5E_+_64009656.23-P1P2	1389	1806	1038	5759
PPP2R5E_+_64009680.23-P1P2	1470	2	1844	2009
PPP2R5E_+_64010030.23-P1P2	1	2305	363	5
PPP2R5E_-_64010065.23-P1P2	4632	3343	2029	1655
PPP3CA_+_102268239.23-P1P2	1484	0	674	0
PPP3CA_+_102268420.23-P1P2	1074	4741	1049	1810
PPP3CA_+_102268585.23-P1P2	6	4421	1980	2
PPP3CA_+_102268646.23-P1P2	1248	0	1448	0
PPP3CA_-_102268640.23-P1P2	1826	2	1768	1
PPP3CB_+_75255561.23-P1P2	902	1	1193	3110
PPP3CB_+_75255728.23-P1P2	2768	4918	1666	2425
PPP3CB_-_75255322.23-P1P2	583	1	474	1792
PPP3CB_-_75255743.23-P1P2	0	0	180	0
PPP3CB_-_75255778.23-P1P2	0	0	741	1
PPP3CC_+_22298625.23-P1P2	3	7118	1046	4
PPP3CC_+_22298637.23-P1P2	2	0	701	3
PPP3CC_+_22298640.23-P1P2	6	4430	1970	629
PPP3CC_+_22298683.23-P1P2	3517	4551	2202	716
PPP3CC_+_22299066.23-P1P2	0	1	929	0
PPP3R1_-_68479212.23-P1P2	1083	3	546	815
PPP3R1_-_68479222.23-P1P2	1035	1	2896	3
PPP3R1_-_68479587.23-P1P2	706	0	1629	1
PPP3R1_-_68479635.23-P1P2	6117	1254	1893	1961
PPP3R1_-_68479660.23-P1P2	1189	2	1854	5053
PPP4C_-_30087330.23-P1P2	2473	1	1025	4
PPP4C_-_30087361.23-P1P2	0	0	90	0
PPP4C_-_30087373.23-P1P2	0	0	0	0
PPP4C_-_30087724.23-P1P2	7	2	1467	2871
PPP4C_-_30087761.23-P1P2	1236	1	1531	2270
PPP4R1_+_9614116.23-P1P2	1287	2	1049	3
PPP4R1_+_9614474.23-P1P2	873	0	1995	1785
PPP4R1_-_9614043.23-P1P2	11	5759	1704	3241
PPP4R1_-_9614411.23-P1P2	1372	3317	961	1
PPP4R1_-_9614465.23-P1P2	2	0	1038	1254
PPP5C_-_46850339.23-P1P2	1034	1	1688	1639
PPP5C_-_46850692.23-P1P2	931	2571	2062	857
PPP5C_-_46850703.23-P1P2	0	0	77	0
PPP5C_-_46850724.23-P1P2	5	3	1917	0
PPP5C_-_46850774.23-P1P2	4402	3416	1509	2963
PPP6C_+_127951685.23-P1P2	1366	2	1663	1729
PPP6C_+_127952072.23-P1P2	1	1	506	0
PPP6C_-_127951604.23-P1P2	3	0	844	0
PPP6C_-_127951681.23-P1P2	1305	1	1818	0
PPP6C_-_127952026.23-P1P2	0	1	781	2
PPT1_+_40562469.23-P1P2	1277	4746	1036	1792
PPT1_+_40563349.23-P1P2	0	1	289	1330
PPT1_-_40562529.23-P1P2	3	1	987	1668
PPT1_-_40562864.23-P1P2	2807	3901	2276	6135
PPT1_-_40562868.23-P1P2	1572	2229	2263	1566
PPTC7_+_111020687.23-P1P2	5290	1	662	2
PPTC7_+_111020727.23-P1P2	2569	1	2199	4
PPTC7_+_111021110.23-P1P2	1	1	1043	1469
PPTC7_+_111021115.23-P1P2	4095	3520	2644	3249
PPTC7_-_111021044.23-P1P2	1190	1	1811	1
PRDX2_+_12912130.23-P1P2	2296	4	3019	1920
PRDX2_+_12912160.23-P1P2	3	2990	1185	1
PRDX2_+_12912205.23-P1P2	1589	0	397	0
PRDX2_+_12912209.23-P1P2	0	0	0	0
PRDX2_-_12912186.23-P1P2	1380	21423	2678	3553
PRDX5_+_64085608.23-P1P2	1264	1	444	1620
PRDX5_+_64085984.23-P1P2	1353	0	1	1
PRDX5_+_64086008.23-P1P2	3	2659	349	1
PRDX5_+_64086021.23-P1P2	1290	2	1088	0
PRDX5_-_64085742.23-P1P2	1	3	140	1925
PRDX6_+_173446488.23-P1P2	711	2588	2561	2780
PRDX6_+_173446518.23-P1P2	3968	2731	929	3410
PRDX6_-_173446514.23-P1P2	8	3	2190	3385
PRDX6_-_173446546.23-P1P2	5512	5172	3654	1007
PRDX6_-_173446908.23-P1P2	3805	8051	1508	1752
PREP_+_105850497.23-P1P2	2294	1	582	0
PREP_+_105850963.23-P1P2	1277	4479	1974	3215
PREP_-_105850722.23-P1P2	0	0	421	1
PREP_-_105850748.23-P1P2	3	0	1113	1823
PREP_-_105850922.23-P1P2	1660	4	1058	1415
PRG2_+_57157933.23-P1P2	1793	1	893	103
PRG2_+_57158067.23-P1P2	0	0	578	1
PRG2_+_57158083.23-P1P2	1252	0	582	1
PRG2_-_57157649.23-P1P2	449	3	1418	2
PRG2_-_57157692.23-P1P2	0	2	430	0
PRKAA1_+_40797806.23-P1P2	4848	6749	1438	2971
PRKAA1_+_40798202.23-P1P2	3	6818	1182	1948
PRKAA1_+_40798231.23-P1P2	3346	2240	1198	4
PRKAA1_-_40798155.23-P1P2	5427	2572	1339	1733
PRKAA1_-_40798216.23-P1P2	638	0	263	0
PRKAA2_-_57111005.23-P1P2	1	1	841	1551
PRKAA2_-_57111027.23-P1P2	3627	10891	1094	1475
PRKAA2_-_57111034.23-P1P2	1282	0	2378	40
PRKAA2_-_57111063.23-P1P2	4825	6	3172	6880
PRKAA2_-_57111086.23-P1P2	1674	4853	1796	0
PRKAB1_+_120105816.23-P1P2	5841	3	1707	5769
PRKAB1_+_120105831.23-P1P2	4130	6	2541	1663
PRKAB1_+_120105979.23-P1P2	0	0	261	0
PRKAB1_-_120105780.23-P1P2	1457	0	743	1
PRKAB1_-_120105788.23-P1P2	961	2	806	0
PRKAB2_+_146643609.23-P1P2	1	2	1112	2
PRKAB2_+_146643991.23-P1P2	5678	3892	3347	6925
PRKAB2_+_146643994.23-P1P2	0	0	265	0
PRKAB2_+_146644006.23-P1P2	5050	2585	1540	1835
PRKAB2_+_146644023.23-P1P2	1544	2	822	0
PRKACA_+_14228134.23-P1P2	1267	1	2	0
PRKACA_+_14228330.23-P1P2	4	1186	2134	2838
PRKACA_+_14228550.23-P1P2	0	0	355	0
PRKACA_+_14228563.23-P1P2	3031	5005	924	1425
PRKACA_-_14228145.23-P1P2	0	0	238	0
PRKACB_+_84610062.23-ENST00000370685.3	0	3265	59	2
PRKACB_+_84610124.23-ENST00000370685.3	1208	3	324	2142
PRKACB_+_84610213.23-ENST00000370685.3	1710	2	512	1544
PRKACB_-_84610047.23-ENST00000370685.3	2731	6	779	1816
PRKACB_-_84610430.23-ENST00000370685.3	1647	0	135	0
PRKACG_+_71628971.23-P1P2	2170	6852	981	3
PRKACG_-_71628547.23-P1P2	1	3	394	1676
PRKACG_-_71628562.23-P1P2	378	12120	1085	1361
PRKACG_-_71628577.23-P1P2	1107	3	1840	3598
PRKACG_-_71628940.23-P1P2	0	0	0	0
PRKAG1_+_49412500.23-P1P2	3010	5	1992	2114
PRKAG1_+_49412508.23-P1P2	3	1	1059	2006
PRKAG1_+_49412513.23-P1P2	4	1	838	1508
PRKAG1_+_49412519.23-P1P2	3872	4	3389	1805
PRKAG1_-_49412137.23-P1P2	1364	2	904	1534
PRKAG2_+_151573819.23-ENST00000287878.4	4281	1115	2726	2788
PRKAG2_+_151574227.23-ENST00000287878.4	0	0	706	1996
PRKAG2_+_151574231.23-ENST00000287878.4	1	2331	517	3
PRKAG2_-_151573827.23-ENST00000287878.4	7	2132	1229	3918
PRKAG2_-_151573838.23-ENST00000287878.4	20478	5133	1372	5987
PRKAG3_+_219696451.23-P1P2	3244	4726	2697	2
PRKAG3_+_219696501.23-P1P2	0	0	329	1
PRKAG3_-_219696104.23-P1P2	1407	2	1384	1
PRKAG3_-_219696486.23-P1P2	3170	1599	1192	2
PRKAG3_-_219696537.23-P1P2	1885	2	1836	1
PRKAR1A_+_66508565.23-P1P2	4014	3	1165	2313
PRKAR1A_-_66508201.23-P1P2	599	0	1102	0
PRKAR1A_-_66508255.23-P1P2	2213	1	443	5
PRKAR1A_-_66508601.23-P1P2	2843	10485	1953	1673
PRKAR1A_-_66508606.23-P1P2	3576	4189	2983	5682
PRKAR1B_+_766502.23-P2	1618	2	645	1002
PRKAR1B_+_766840.23-P2	2136	0	1058	1
PRKAR1B_+_766877.23-P2	2	1	1082	1931
PRKAR1B_+_766905.23-P2	1951	7815	1266	1686
PRKAR1B_-_751683.23-P1	1355	0	292	1
PRKAR1B_-_751696.23-P1	5215	1	843	1
PRKAR1B_-_751731.23-P1	5776	6	845	3399
PRKAR1B_-_751753.23-P1	8	5363	2033	3179
PRKAR1B_-_751919.23-P1	609	0	1361	1
PRKAR1B_-_766826.23-P2	6041	3	1296	3761
PRKAR2A_+_48884705.23-P1P2	1	1524	666	1
PRKAR2A_+_48885155.23-P1P2	3115	1151	2008	3448
PRKAR2A_+_48885226.23-P1P2	1471	4675	1161	2
PRKAR2A_+_48885249.23-P1P2	2541	7	1595	4744
PRKAR2A_-_48885055.23-P1P2	2	2688	1141	1
PRKAR2B_+_106685162.23-P1P2	3463	5245	1931	8
PRKAR2B_+_106685165.23-P1P2	2	0	2855	0
PRKAR2B_+_106685589.23-P1P2	1	0	591	0
PRKAR2B_-_106685141.23-P1P2	5165	5	4636	2888
PRKAR2B_-_106685619.23-P1P2	0	0	1037	1643
PRKCA_+_64298779.23-P1P2	755	5103	1985	2
PRKCA_-_64298813.23-P1P2	960	4216	3028	3309
PRKCA_-_64298956.23-P1P2	0	0	333	0
PRKCA_-_64298960.23-P1P2	2547	4	1831	2030
PRKCA_-_64299002.23-P1P2	2345	2796	1245	1732
PRKCB_+_23847768.23-P1P2	884	1	430	0
PRKCB_-_23847312.23-P1P2	1294	4942	2024	1604
PRKCB_-_23847339.23-P1P2	0	0	1654	1
PRKCB_-_23847375.23-P1P2	1532	3	925	1510
PRKCB_-_23847726.23-P1P2	4795	4	3360	1066
PRKCDBP_+_6341364.23-P1P2	1433	2	920	0
PRKCDBP_+_6341687.23-P1P2	1	0	986	0
PRKCDBP_+_6341699.23-P1P2	5	1	770	2961
PRKCDBP_+_6341709.23-P1P2	1464	0	1045	3
PRKCDBP_+_6341715.23-P1P2	3457	3757	1521	1409
PRKCD_+_53195217.23-P1P2	9	4757	1063	3631
PRKCD_+_53195267.23-P1P2	0	0	1042	1
PRKCD_+_53195680.23-P1P2	2008	12228	1076	1503
PRKCD_+_53195724.23-P1P2	0	0	733	0
PRKCD_-_53195638.23-P1P2	2271	4	1016	0
PRKCE_+_45878467.23-P1P2	1933	1778	1634	1349
PRKCE_+_45878490.23-P1P2	509	3314	1962	1
PRKCE_+_45878760.23-P1P2	4	1314	556	1
PRKCE_-_45878483.23-P1P2	4108	1	982	3736
PRKCE_-_45878486.23-P1P2	2166	2	1735	1
PRKCG_+_54385486.23-P1P2	701	3	1392	1
PRKCG_+_54385571.23-P1P2	1760	1174	1765	4625
PRKCG_+_54385632.23-P1P2	4480	1	791	8
PRKCG_+_54385665.23-P1P2	2	2900	1280	1
PRKCG_-_54385825.23-P1P2	3	4986	1108	1694
PRKCH_+_61788505.23-P1P2	578	4172	685	3
PRKCH_-_61788470.23-P1P2	15	9927	354	0
PRKCH_-_61788479.23-P1P2	0	0	429	0
PRKCH_-_61788489.23-P1P2	1	0	524	0
PRKCH_-_61788881.23-P1P2	2575	5	1608	1687
PRKCI_+_169940357.23-P1P2	3317	4298	1174	1692
PRKCI_+_169940750.23-P1P2	3450	0	1434	0
PRKCI_-_169940251.23-P1P2	1329	2906	1525	1444
PRKCI_-_169940693.23-P1P2	2	0	1606	1
PRKCI_-_169940714.23-P1P2	5	0	2240	1599
PRKCQ_+_6621958.23-P1P2	1	0	1618	185
PRKCQ_+_6622034.23-P1P2	3925	3	1880	2952
PRKCQ_+_6622166.23-P1P2	1551	2855	1415	3724
PRKCQ_-_6622186.23-P1P2	1155	1	740	1824
PRKCQ_-_6622322.23-P1P2	2795	7	2335	1865
PRKCZ_+_1981918.23-P2	1380	2	926	3648
PRKCZ_+_1981929.23-P2	613	1	1430	1460
PRKCZ_+_1981952.23-P2	2355	2420	2455	1592
PRKCZ_+_2005137.23-P1	2080	3	1809	1546
PRKCZ_+_2005493.23-P1	3	5336	239	2
PRKCZ_+_2005499.23-P1	5489	2	2124	2
PRKCZ_-_1981944.23-P2	2579	2275	1917	1291
PRKCZ_-_1981949.23-P2	1272	10342	1695	3485
PRKCZ_-_2005163.23-P1	3166	1	1631	69
PRKCZ_-_2005535.23-P1	1378	2	1973	1
PRKD1_+_30396666.23-P1P2	4	3	2362	1799
PRKD1_+_30397008.23-P1P2	1058	1	409	1874
PRKD1_-_30396656.23-P1P2	2656	2415	2208	1514
PRKD1_-_30396710.23-P1P2	4686	3	935	1152
PRKD1_-_30397048.23-P1P2	3	1266	1371	2
PRKD2_+_47217137.23-P2	3325	3696	1390	1111
PRKD2_+_47217145.23-P2	1	1	906	1467
PRKD2_+_47217531.23-P2	1	1	600	0
PRKD2_+_47220325.23-P1	1146	0	297	0
PRKD2_-_47217337.23-P2	6	2	2134	0
PRKD2_-_47217562.23-P2	4	0	972	1968
PRKD2_-_47219929.23-P1	995	0	1068	943
PRKD2_-_47220163.23-P1	1	1	1171	1318
PRKD2_-_47220343.23-P1	2	4235	731	0
PRKD2_-_47220374.23-P1	1593	1	596	0
PRKD3_+_37551505.23-P1P2	0	0	1285	0
PRKD3_+_37551857.23-P1P2	1195	4	1081	4354
PRKD3_-_37551496.23-P1P2	3058	1	2170	1318
PRKD3_-_37551827.23-P1P2	3659	4900	2235	1955
PRKD3_-_37551883.23-P1P2	2579	2834	1545	0
PRKDC_+_48872269.23-P1P2	5	1	479	1733
PRKDC_+_48872295.23-P1P2	2582	2616	1391	1691
PRKDC_+_48872679.23-P1P2	1	0	777	1203
PRKDC_-_48872617.23-P1P2	1037	2	2116	0
PRKDC_-_48872669.23-P1P2	1	2	790	0
PRKG1_+_52751163.23-ENST00000401604.2	0	0	82	0
PRKG1_+_52751266.23-ENST00000401604.2	2530	4496	2147	3478
PRKG1_+_52751578.23-ENST00000401604.2	1337	12671	2175	6
PRKG1_-_52750786.23-ENST00000401604.2	0	0	638	0
PRKG1_-_52750832.23-ENST00000401604.2	0	0	295	0
PRKG2_-_82135960.23-P1P2	1351	0	737	1
PRKG2_-_82135965.23-P1P2	1376	6	1289	1995
PRKG2_-_82135978.23-P1P2	4	2802	1114	1829
PRKG2_-_82136299.23-P1P2	2471	6	1285	1355
PRKG2_-_82136320.23-P1P2	2	2	3020	1
PRKRA_+_179315439.23-P1P2	0	0	174	0
PRKRA_-_179315237.23-P1P2	2553	3881	2111	1807
PRKRA_-_179315508.23-P1P2	2923	3	1693	1
PRKRA_-_179315799.23-P1P2	3024	0	520	1636
PRKRA_-_179315903.23-P1P2	2188	2970	1504	4
PRKRIR_+_76091746.23-P1P2	0	0	240	0
PRKRIR_+_76092079.23-P1P2	4	2721	692	0
PRKRIR_+_76092097.23-P1P2	0	0	138	0
PRKRIR_-_76091725.23-P1P2	1048	1	1299	1
PRKRIR_-_76092044.23-P1P2	0	0	269	0
PRKX_+_3631215.23-P1P2	1555	4987	1824	1542
PRKX_+_3631236.23-P1P2	1491	1	1442	2
PRKX_-_3631195.23-P1P2	2057	2	1905	1
PRKX_-_3631473.23-P1P2	2	0	693	1163
PRKX_-_3631511.23-P1P2	2802	5078	2506	4519
PRLR_-_35230168.23-P1P2	1566	0	546	2
PRLR_-_35230172.23-P1P2	2419	2297	1537	0
PRLR_-_35230190.23-P1P2	2	0	302	0
PRLR_-_35230215.23-P1P2	1255	4	2630	3
PRLR_-_35230536.23-P1P2	1665	1	2417	1365
PRNP_+_4667136.23-P1P2	1375	0	1265	2428
PRNP_-_4667154.23-P1P2	2	1	810	1050
PRNP_-_4667171.23-P1P2	1847	4	1818	0
PRNP_-_4667175.23-P1P2	0	0	77	0
PRNP_-_4667533.23-P1P2	0	0	109	0
PROC_+_128176063.23-P1	1124	2	2243	2
PROC_+_128176463.23-P1	0	0	0	0
PROC_-_128176025.23-P1	636	1	2082	231
PROC_-_128176410.23-P1	1291	1	598	0
PROC_-_128176438.23-P1	2	5299	276	1
PROC_-_128180882.23-P2	2243	0	382	0
PROC_-_128180885.23-P2	3130	4	2577	3461
PROC_-_128180911.23-P2	2147	1	1293	944
PROC_-_128181281.23-P2	2	2	1929	2
PROC_-_128181311.23-P2	2	0	678	0
PRODH_+_18905874.23-P2	3229	1	1542	876
PRODH_+_18905892.23-P2	1321	1	1260	3047
PRODH_-_18905846.23-P2	1479	0	559	0
PRODH_-_18905861.23-P2	1357	3	2947	2
PRODH_-_18905900.23-P2	3927	7283	3060	4
PRODH_-_18923688.23-P1	1008	9872	1635	1265
PRODH_-_18923746.23-P1	2640	1	1273	3
PRODH_-_18923755.23-P1	3902	5	745	4
PRODH_-_18923767.23-P1	2400	1	824	1735
PRODH_-_18923809.23-P1	1215	448	858	4737
PROS1_+_93692339.23-P1P2	1567	0	2170	1920
PROS1_+_93692674.23-P1P2	3868	1974	2154	1478
PROS1_+_93692682.23-P1P2	3560	1	3267	1797
PROS1_-_93692709.23-P1P2	1253	4480	1971	1502
PROS1_-_93692736.23-P1P2	5673	3821	1289	5
PROSC_+_37620168.23-P1P2	1473	1653	2333	1486
PROSC_+_37620521.23-P1P2	1	2182	1283	1
PROSC_+_37620546.23-P1P2	3634	9332	2292	1600
PROSC_+_37620601.23-P1P2	4	1	538	1631
PROSC_-_37620176.23-P1P2	925	0	1393	932
PROZ_+_113812949.23-P1P2	3970	5	1219	1052
PROZ_+_113813020.23-P1P2	1518	1	1541	1057
PROZ_+_113813024.23-P1P2	0	0	629	935
PROZ_-_113813034.23-P1P2	4	3	1198	3676
PROZ_-_113813408.23-P1P2	1311	0	519	0
PRPF4B_+_4021599.23-P1P2	0	0	40	0
PRPF4B_+_4021605.23-P1P2	0	0	0	0
PRPF4B_+_4021634.23-P1P2	0	0	125	0
PRPF4B_+_4021955.23-P1P2	0	0	1	0
PRPF4B_+_4022014.23-P1P2	0	0	0	0
PRPS1L1_+_18067428.23-P1P2	2067	8012	1853	1680
PRPS1L1_-_18067089.23-P1P2	0	0	78	0
PRPS1L1_-_18067423.23-P1P2	3	2439	1182	1053
PRPS1L1_-_18067455.23-P1P2	2603	5274	2960	5047
PRPS1L1_-_18067459.23-P1P2	1851	6595	2308	2884
PRSS1_+_142457357.23-P1	10	8501	3179	445
PRSS1_+_142457400.23-P1	1547	2854	880	1142
PRSS1_+_142457405.23-P1	368	1	658	0
PRSS1_+_142457408.23-P1	2532	5074	1737	2638
PRSS1_+_142457433.23-P1	1072	6263	879	3099
PRSS1_+_142458550.23-P2	2	0	485	3097
PRSS1_+_142458577.23-P2	4133	6	2950	2
PRSS1_+_142458902.23-P2	1448	4	1482	1
PRSS1_-_142458549.23-P2	1	1	714	0
PRSS1_-_142458612.23-P2	2208	3	1828	2346
PRSS2_+_142478813.23-P1P2	13	12198	984	5
PRSS2_+_142478816.23-P1P2	1444	0	1057	1
PRSS2_+_142478912.23-P1P2	3	2629	574	2170
PRSS2_+_142479058.23-P1P2	2704	1	1001	1
PRSS2_+_142479087.23-P1P2	0	0	0	0
PRSS3_+_33795984.23-ENST00000379405.3	0	1	675	1
PRSS3_-_33795525.23-ENST00000379405.3	0	0	0	0
PRSS3_-_33795532.23-ENST00000379405.3	2338	5	494	0
PRSS3_-_33795537.23-ENST00000379405.3	0	2	553	0
PRSS3_-_33795888.23-ENST00000379405.3	4	5016	696	5
PRSS8_+_31146545.23-P1P2	2392	2642	1212	2915
PRSS8_-_31146536.23-P1P2	554	0	332	4
PRSS8_-_31146660.23-P1P2	3	0	383	1550
PRSS8_-_31146993.23-P1P2	3975	3946	2310	2892
PRSS8_-_31147027.23-P1P2	1	3	817	2085
PRX_+_40909704.23-P1P2	3690	6	2861	3
PRX_-_40910141.23-P1P2	1368	0	459	2064
PRX_-_40910146.23-P1P2	3	1	636	3179
PRX_-_40910162.23-P1P2	0	0	152	8
PRX_-_40910206.23-P1P2	1706	5	2743	3491
PSAP_+_73610595.23-P1P2	0	0	95	0
PSAP_+_73610873.23-P1P2	1345	0	971	2
PSAP_+_73610982.23-P1P2	1447	1	860	2
PSAP_+_73610992.23-P1P2	1469	3	1307	1
PSAP_+_73611056.23-P1P2	1774	2	1944	0
PSAT1_+_80912254.23-P1P2	3992	6595	3944	5667
PSAT1_+_80912287.23-P1P2	2929	2	922	2
PSAT1_+_80912504.23-P1P2	6091	3732	1107	1322
PSAT1_-_80912059.23-P1P2	971	6509	1080	1920
PSAT1_-_80912498.23-P1P2	1376	6042	1603	2990
PSKH1_+_67927206.23-P1P2	0	3	1959	1
PSKH1_+_67927364.23-P1P2	1	1	2104	1897
PSKH1_-_67927181.23-P1P2	1315	1	1756	4637
PSKH1_-_67927184.23-P1P2	1549	906	1255	1587
PSKH1_-_67927187.23-P1P2	3	1537	706	2
PSKH2_+_87081709.23-P1P2	909	2918	327	3235
PSKH2_+_87081815.23-P1P2	3372	8576	2073	3866
PSKH2_-_87081602.23-P1P2	3154	1	814	2
PSKH2_-_87081683.23-P1P2	2	2	1224	1858
PSKH2_-_87081885.23-P1P2	4439	4	2105	1563
PSPH_+_56101642.23-P1	3902	1	1078	2604
PSPH_+_56101774.23-P1	1631	5935	637	1139
PSPH_+_56101777.23-P1	2	2	1414	1
PSPH_+_56119106.23-P2	2719	4567	2838	2
PSPH_+_56119260.23-P2	1546	3	874	1698
PSPH_-_56101635.23-P1	0	0	277	0
PSPH_-_56101769.23-P1	7052	2	1923	5
PSPH_-_56118936.23-P2	2	0	633	0
PSPH_-_56119094.23-P2	0	0	277	0
PSPH_-_56119277.23-P2	0	0	0	0
PSTPIP1_+_77287587.23-P1P2	2	0	1115	1635
PSTPIP1_+_77287737.23-P1P2	1	1	843	1
PSTPIP1_+_77287750.23-P1P2	5	0	1123	1838
PSTPIP1_+_77287907.23-P1P2	4	3618	1193	1
PSTPIP1_-_77287900.23-P1P2	3861	1	2082	0
PSTPIP2_+_43651809.23-P1P2	4560	11716	3334	4805
PSTPIP2_-_43651770.23-P1P2	4	4600	686	4
PSTPIP2_-_43652170.23-P1P2	4301	6	3362	7165
PSTPIP2_-_43652207.23-P1P2	1	0	1217	0
PSTPIP2_-_43652233.23-P1P2	5854	3835	2362	1
PTDSS1_+_97274138.23-P1P2	0	0	0	0
PTDSS1_+_97274156.23-P1P2	0	0	0	0
PTDSS1_+_97274175.23-P1P2	0	0	0	0
PTDSS1_+_97274204.23-P1P2	0	0	0	0
PTDSS1_-_97274195.23-P1P2	0	0	0	0
PTDSS2_+_450293.23-P1P2	1898	1	1101	1636
PTDSS2_+_450673.23-P1P2	0	4776	1401	453
PTDSS2_+_450723.23-P1P2	3	2	1509	1600
PTDSS2_+_450731.23-P1P2	5	6460	488	686
PTDSS2_-_450465.23-P1P2	1481	2617	2645	2961
PTEN_+_89623388.23-P1P2	6904	4	4824	6
PTEN_+_89623582.23-P1P2	6	0	557	3431
PTEN_-_89623395.23-P1P2	1474	0	1686	2115
PTEN_-_89623478.23-P1P2	12	5642	1262	1204
PTEN_-_89623526.23-P1P2	4	6518	4410	3
PTGDR_+_52734453.23-P1P2	3872	4	1285	3
PTGDR_+_52734501.23-P1P2	1005	4336	675	2464
PTGDR_+_52734788.23-P1P2	1127	1	769	3122
PTGDR_-_52734459.23-P1P2	2447	3447	1413	1255
PTGDR_-_52734936.23-P1P2	0	2656	447	2
PTGER1_+_14585731.23-P1P2	826	1646	1116	5
PTGER1_+_14585743.23-P1P2	2	5274	1031	1
PTGER1_+_14585797.23-P1P2	0	1	1073	0
PTGER1_+_14586134.23-P1P2	4660	4083	1422	1840
PTGER1_-_14586108.23-P1P2	0	0	142	0
PTGER2_+_52781055.23-P1P2	1433	3	1086	5161
PTGER2_+_52781454.23-P1P2	2273	2	648	1322
PTGER2_+_52781466.23-P1P2	1	1	769	0
PTGER2_+_52781514.23-P1P2	2960	2	1096	2158
PTGER2_-_52781108.23-P1P2	1966	5	1604	1432
PTGER3_+_71513066.23-P1P2	2751	4	887	1372
PTGER3_-_71512832.23-P1P2	1413	1	1364	0
PTGER3_-_71513448.23-P1P2	3752	3	2013	1353
PTGER3_-_71513458.23-P1P2	2069	3	1795	6943
PTGER3_-_71513492.23-P1P2	0	0	244	0
PTGER4_+_40680091.23-P1	2187	1	1518	1
PTGER4_+_40680118.23-P1	3063	2086	1418	3
PTGER4_+_40681087.23-P2	1	0	755	1
PTGER4_+_40681099.23-P2	1383	5669	509	2
PTGER4_+_40681104.23-P2	1306	7964	2990	3028
PTGER4_+_40681123.23-P2	787	1	1432	0
PTGER4_+_40681478.23-P2	1538	0	747	0
PTGER4_-_40680066.23-P1	1876	4	1732	5122
PTGER4_-_40680495.23-P1	1	0	994	0
PTGER4_-_40680532.23-P1	1594	5822	1381	1408
PTGFR_+_78956729.23-P1	3	0	1625	2051
PTGFR_+_78957106.23-P1	4469	1	1023	8
PTGFR_+_78957184.23-P1	670	4819	1545	1544
PTGFR_+_78958341.23-P2	1011	0	453	0
PTGFR_+_78958349.23-P2	2	4311	973	4
PTGFR_+_78958790.23-P2	0	0	134	0
PTGFR_-_78956708.23-P1	1527	0	1213	1628
PTGFR_-_78956776.23-P1	0	0	1	0
PTGFR_-_78958617.23-P2	1	0	1261	1
PTGFR_-_78958804.23-P2	0	0	117	0
PTGIR_+_47128252.23-P1P2	3168	2	2305	4312
PTGIR_+_47128276.23-P1P2	2884	3964	2727	6720
PTGIR_+_47128281.23-P1P2	2520	2	1953	1778
PTGIR_+_47128295.23-P1P2	0	0	353	0
PTGIR_+_47128312.23-P1P2	3104	2708	1949	1605
PTGIS_+_48184271.23-P1P2	8	7891	1485	4
PTGIS_+_48184276.23-P1P2	762	0	0	0
PTGIS_+_48184439.23-P1P2	0	0	1518	0
PTGIS_-_48184220.23-P1P2	1132	1	1194	4553
PTGIS_-_48184590.23-P1P2	1485	7340	2051	1970
PTGR1_+_114361533.23-P1P2	0	0	1173	0
PTGR1_+_114361887.23-P1P2	2	0	1299	866
PTGR1_+_114361903.23-P1P2	2934	4080	1958	1701
PTGR1_-_114361683.23-P1P2	854	4730	1517	1833
PTGR1_-_114361694.23-P1P2	1225	1	517	1
PTGR2_+_74318668.23-P1P2	4717	8	2590	1676
PTGR2_-_74318646.23-P1P2	3755	5	3972	1
PTGR2_-_74318679.23-P1P2	1	0	1633	0
PTGR2_-_74318707.23-P1P2	1873	1917	2031	2
PTGR2_-_74318712.23-P1P2	894	3	60	1111
PTGS1_+_125133327.23-P1P2	4853	5240	1681	2343
PTGS1_+_125133368.23-P1P2	488	0	2177	634
PTGS1_+_125133810.23-P1P2	1	0	785	1
PTGS1_-_125133538.23-P1P2	1	2658	362	1
PTGS1_-_125133678.23-P1P2	3391	5	1225	2
PTH1R_+_46924836.23-P1P2	1	0	457	0
PTH1R_+_46924840.23-P1P2	312	3	1769	1877
PTH1R_+_46925168.23-P1P2	938	3	942	0
PTH1R_-_46925175.23-P1P2	4673	5	1097	1934
PTH1R_-_46925195.23-P1P2	1536	1	1321	2489
PTH_+_13517131.23-P1P2	3	1	654	1472
PTH_+_13517163.23-P1P2	0	0	655	0
PTH_-_13517064.23-P1P2	0	0	120	0
PTH_-_13517558.23-P1P2	6	4869	884	3
PTH_-_13517596.23-P1P2	0	1	733	0
PTK2B_+_27183067.23-P1P2	1	0	1127	1
PTK2B_+_27183086.23-P1P2	3063	2	1821	2270
PTK2B_+_27183089.23-P1P2	1	1	733	1495
PTK2B_+_27183095.23-P1P2	779	0	1340	0
PTK2B_+_27183126.23-P1P2	2725	2	1498	1185
PTK2_+_142011368.23-P1P2	3422	5039	2601	2
PTK2_-_142011269.23-P1P2	969	0	1502	1470
PTK2_-_142011334.23-P1P2	1127	0	808	1
PTK2_-_142011340.23-P1P2	3894	3060	2078	898
PTK2_-_142011343.23-P1P2	412	0	916	1007
PTK6_+_62168447.23-P1P2	0	0	0	0
PTK6_+_62168623.23-P1P2	2830	2	1141	0
PTK6_-_62168636.23-P1P2	1533	1	906	2
PTK6_-_62168668.23-P1P2	1335	0	610	1
PTK6_-_62168672.23-P1P2	699	3961	1479	1
PTK7_+_43044489.23-P1P2	6023	7909	3442	2537
PTK7_-_43044417.23-P1P2	513	0	341	4
PTK7_-_43044422.23-P1P2	0	0	248	0
PTK7_-_43044433.23-P1P2	3305	6	1307	3
PTK7_-_43044454.23-P1P2	15	7350	1674	9997
PTP4A1_+_64282692.23-P1P2	3588	11463	2182	6119
PTP4A1_-_64282833.23-P1P2	1	0	654	0
PTP4A1_-_64282867.23-P1P2	968	332	1318	0
PTP4A1_-_64282902.23-P1P2	4469	10132	2802	6191
PTP4A1_-_64282965.23-P1P2	3013	4728	911	2
PTP4A2_+_32403849.23-P1P2	972	0	1351	2
PTP4A2_+_32403888.23-P1P2	1028	1	716	1625
PTP4A2_+_32403897.23-P1P2	0	0	0	0
PTP4A2_-_32403484.23-P1P2	2	1	1104	2900
PTP4A2_-_32403917.23-P1P2	1	0	963	1
PTP4A3_+_142402150.23-P1P2	1545	1	1010	1
PTP4A3_+_142402153.23-P1P2	2381	8	1171	2886
PTP4A3_+_142402168.23-P1P2	6006	1586	2242	5698
PTP4A3_+_142402180.23-P1P2	8	0	1905	1821
PTP4A3_+_142402502.23-P1P2	0	0	404	0
PTPDC1_+_96793098.23-P1P2	910	7877	3145	2275
PTPDC1_+_96793126.23-P1P2	2	5625	2640	1850
PTPDC1_+_96793142.23-P1P2	1080	4375	1047	1
PTPDC1_+_96793154.23-P1P2	5391	2624	2272	7426
PTPDC1_-_96793136.23-P1P2	1334	68	2539	1197
PTPLA_+_17659313.23-P1P2	4642	4079	1082	1
PTPLA_+_17659316.23-P1P2	5	5743	1693	20
PTPLA_-_17659256.23-P1P2	617	0	858	0
PTPLA_-_17659268.23-P1P2	3228	6	1713	1789
PTPLA_-_17659391.23-P1P2	2657	787	502	2
PTPLB_+_123303861.23-P1P2	2	0	330	1
PTPLB_+_123303870.23-P1P2	3	2	795	1
PTPLB_+_123303882.23-P1P2	0	0	251	1982
PTPLB_+_123303889.23-P1P2	4251	5738	282	3956
PTPLB_-_123303937.23-P1P2	929	0	936	2935
PTPMT1_+_47587224.23-P1P2	0	0	111	0
PTPMT1_+_47587324.23-P1P2	1007	3	98	3530
PTPMT1_+_47587389.23-P1P2	0	0	0	0
PTPMT1_+_47587437.23-P1P2	0	0	0	0
PTPMT1_-_47587624.23-P1P2	3	792	111	0
PTPN11_+_112857139.23-P1P2	1510	1339	2613	5056
PTPN11_+_112857175.23-P1P2	2611	5701	2215	6273
PTPN11_-_112856894.23-P1P2	1680	8068	1520	1638
PTPN11_-_112856929.23-P1P2	3109	1787	2214	1892
PTPN11_-_112857218.23-P1P2	2	0	651	2651
PTPN12_+_77166700.23-P1P2	918	1	1113	3554
PTPN12_+_77167035.23-P1P2	0	0	98	0
PTPN12_-_77166570.23-P1P2	0	0	0	0
PTPN12_-_77166641.23-P1P2	2	0	609	0
PTPN12_-_77166759.23-P1P2	841	4975	1749	1366
PTPN13_+_87515518.23-P1P2	311	2039	2229	109
PTPN13_+_87515528.23-P1P2	3232	2	2047	2924
PTPN13_-_87515481.23-P1P2	4412	5	1435	3153
PTPN13_-_87515492.23-P1P2	1608	4	2271	1699
PTPN13_-_87515661.23-P1P2	4169	6	1554	2608
PTPN14_+_214724445.23-P1P2	1180	1	1593	2
PTPN14_+_214724894.23-P1P2	2134	8710	1112	3787
PTPN14_+_214724909.23-P1P2	4826	6301	1205	6640
PTPN14_-_214724508.23-P1P2	5036	4	2479	1512
PTPN14_-_214724712.23-P1P2	2801	3	736	3156
PTPN18_+_131113855.23-P2	1348	1	1289	1
PTPN18_+_131114016.23-P2	6	0	1796	1784
PTPN18_+_131114024.23-P2	1444	2	1088	1613
PTPN18_+_131129791.23-P1	2148	5	1270	4764
PTPN18_+_131129822.23-P1	810	4059	1340	1530
PTPN18_+_131129861.23-P1	2629	2816	2222	2
PTPN18_-_131114058.23-P2	5	3826	2127	3103
PTPN18_-_131114079.23-P2	1080	2	1028	0
PTPN18_-_131129881.23-P1	417	1	2524	4
PTPN18_-_131130253.23-P1	3836	4858	1802	1886
PTPN1_+_49127138.23-P1P2	1274	3	1671	3204
PTPN1_+_49127347.23-P1P2	1	0	605	0
PTPN1_-_49126945.23-P1P2	2466	3	1323	2464
PTPN1_-_49127012.23-P1P2	4042	1	1287	2
PTPN1_-_49127127.23-P1P2	1451	2824	306	2
PTPN20B_+_48806691.23-ENST00000374233.3	1	2	508	1472
PTPN20B_+_48806914.23-ENST00000374233.3	1	3	612	1128
PTPN20B_+_48827463.23-ENST00000331650.4,ENST00000395668.1	0	0	175	0
PTPN20B_+_48827518.23-ENST00000331650.4,ENST00000395668.1	1247	1	1950	1
PTPN20B_+_48827518.23-ENST00000509631.1,ENST00000514491.1	1247	1	1950	1
PTPN20B_+_48827527.23-ENST00000509631.1,ENST00000514491.1	2020	5335	1001	3
PTPN20B_+_48827567.23-ENST00000509631.1,ENST00000514491.1	1203	0	1270	0
PTPN20B_+_48827846.23-ENST00000331650.4,ENST00000395668.1	1	0	361	0
PTPN20B_+_48827877.23-ENST00000331650.4,ENST00000395668.1	1140	0	1380	2
PTPN20B_-_48806491.23-ENST00000374233.3	2	2	1745	3456
PTPN20B_-_48806831.23-ENST00000374233.3	1443	1	564	2
PTPN20B_-_48806852.23-ENST00000374233.3	1771	1	1001	1
PTPN20B_-_48827138.23-ENST00000509631.1,ENST00000514491.1	5846	4	2260	1549
PTPN20B_-_48827547.23-ENST00000331650.4,ENST00000395668.1	2299	5948	2804	7543
PTPN20B_-_48827547.23-ENST00000509631.1,ENST00000514491.1	2299	5948	2804	7543
PTPN21_+_89020854.23-P1P2	1822	5999	1107	3705
PTPN21_-_89020899.23-P1P2	1559	1	897	1849
PTPN21_-_89021192.23-P1P2	5	0	1152	1239
PTPN21_-_89021266.23-P1P2	2027	9640	2929	1414
PTPN21_-_89021300.23-P1P2	3904	3680	684	5
PTPN22_+_114414389.23-P1P2	0	0	48	0
PTPN22_-_114414140.23-P1P2	0	0	616	0
PTPN22_-_114414151.23-P1P2	1196	0	468	2087
PTPN22_-_114414171.23-P1P2	2	4861	1145	2028
PTPN22_-_114414284.23-P1P2	1292	0	421	0
PTPN23_+_47422581.23-P1P2	0	0	0	0
PTPN23_+_47422702.23-P1P2	1609	0	1027	2
PTPN23_+_47422904.23-P1P2	1653	3	1087	3448
PTPN23_+_47422915.23-P1P2	1301	2170	2059	1
PTPN23_+_47422954.23-P1P2	2663	4	1111	922
PTPN2_+_12884205.23-P1P2	3916	2662	1206	1403
PTPN2_+_12884256.23-P1P2	1007	4	1941	1141
PTPN2_-_12883808.23-P1P2	2176	6100	2924	3
PTPN2_-_12884182.23-P1P2	5	4	1994	1801
PTPN2_-_12884209.23-P1P2	6	6	3142	4872
PTPN3_+_112260332.23-P1P2	0	0	2177	0
PTPN3_+_112260578.23-P1P2	1555	3829	1553	5
PTPN3_-_112260154.23-P1P2	1151	1	871	0
PTPN3_-_112260513.23-P1P2	639	4	529	4908
PTPN3_-_112260548.23-P1P2	2531	2	1337	946
PTPN4_+_120517494.23-P1P2	0	0	801	0
PTPN4_+_120517508.23-P1P2	2444	3	1679	2085
PTPN4_+_120517893.23-P1P2	3150	4	1363	2814
PTPN4_-_120517874.23-P1P2	3215	1940	682	3
PTPN4_-_120517960.23-P1P2	1398	1	262	0
PTPN5_+_18812703.23-P1P2	1310	1	894	2
PTPN5_+_18813061.23-P1P2	6	2634	2343	2137
PTPN5_+_18813175.23-P1P2	4627	6	2310	1859
PTPN5_-_18812712.23-P1P2	1	1	865	2159
PTPN5_-_18813046.23-P1P2	1694	4	1862	1858
PTPN6_+_7060612.23-P1P2	618	1	288	1579
PTPN6_+_7060616.23-P1P2	1275	4	1501	1556
PTPN6_+_7060928.23-P1P2	695	2	768	0
PTPN6_+_7061043.23-P1P2	2857	1	1354	1
PTPN6_-_7060554.23-P1P2	3749	5	761	1
PTPN7_+_202129509.23-P1P2	1992	2	1164	0
PTPN7_+_202129592.23-P1P2	1603	0	1116	2
PTPN7_-_202128782.23-P1P2	2	2	334	1857
PTPN7_-_202129293.23-P1P2	1307	5231	996	1328
PTPN7_-_202129311.23-P1P2	2946	0	99	2
PTPN9_+_75871311.23-P1P2	4204	1379	966	7
PTPN9_-_75871422.23-P1P2	2	0	594	2
PTPN9_-_75871564.23-P1P2	1	1	2146	1843
PTPN9_-_75871589.23-P1P2	0	3	768	1929
PTPN9_-_75871641.23-P1P2	1065	4211	2867	2
PTPRA_+_2854206.23-P1P2	1467	0	2010	3
PTPRA_+_2854209.23-P1P2	3279	4	430	1813
PTPRA_+_2854528.23-P1P2	1100	2316	1342	2972
PTPRA_-_2854133.23-P1P2	0	0	0	0
PTPRA_-_2854679.23-P1P2	3866	1	2224	2183
PTPRB_+_71031111.23-P1P2	6759	5	951	2299
PTPRB_+_71031153.23-P1P2	1644	0	687	1143
PTPRB_-_71030803.23-P1P2	0	1	490	0
PTPRB_-_71030962.23-P1P2	0	0	95	0
PTPRB_-_71031143.23-P1P2	0	0	0	0
PTPRC_+_198608179.23-P1P2	3996	7701	2409	8528
PTPRC_+_198608590.23-P1P2	0	0	192	0
PTPRC_-_198608218.23-P1P2	0	0	431	1
PTPRC_-_198608231.23-P1P2	0	0	238	0
PTPRC_-_198608263.23-P1P2	0	0	377	0
PTPRD_+_10033716.23-ENST00000381196.4	0	0	477	0
PTPRD_+_10033730.23-ENST00000381196.4	4	0	79	1686
PTPRD_+_8733454.23-ENST00000356435.5,ENST00000540109.1	1	0	282	0
PTPRD_+_8733645.23-ENST00000356435.5,ENST00000540109.1	1	2	747	0
PTPRD_+_8733732.23-ENST00000356435.5,ENST00000540109.1	1568	2	1264	2
PTPRD_+_8733896.23-ENST00000356435.5,ENST00000540109.1	2403	2230	1525	2908
PTPRD_-_10033370.23-ENST00000381196.4	7	5639	748	1
PTPRD_-_10033402.23-ENST00000381196.4	2	2377	413	1
PTPRD_-_10033759.23-ENST00000381196.4	0	0	174	0
PTPRD_-_8733960.23-ENST00000356435.5,ENST00000540109.1	2681	4801	2114	2949
PTPRE_+_129705239.23-ENST00000254667.3	1232	4160	1311	2
PTPRE_+_129705603.23-ENST00000254667.3	1434	1	1093	1
PTPRE_+_129785535.23-ENST00000419012.2	1540	1	719	0
PTPRE_+_129785582.23-ENST00000419012.2	1	2301	600	1
PTPRE_+_129785797.23-ENST00000419012.2	0	1	806	0
PTPRE_+_129785808.23-ENST00000419012.2	1	1	903	1592
PTPRE_-_129705436.23-ENST00000254667.3	1280	2	1817	4551
PTPRE_-_129705746.23-ENST00000254667.3	1086	4826	1338	1825
PTPRE_-_129705947.23-ENST00000254667.3	2119	1	1459	2421
PTPRE_-_129786028.23-ENST00000419012.2	1320	2969	2143	0
PTPRF_+_43997037.23-P1P2	0	0	685	0
PTPRF_+_43997040.23-P1P2	1070	5683	2246	1781
PTPRF_-_43996596.23-P1P2	0	1	1228	0
PTPRF_-_43996761.23-P1P2	3402	1295	1622	1965
PTPRF_-_43996980.23-P1P2	4877	3	2510	3437
PTPRG_+_61547253.23-P1P2	766	1	1494	1363
PTPRG_+_61547682.23-P1P2	1252	2	2101	0
PTPRG_+_61547717.23-P1P2	625	0	754	1847
PTPRG_+_61547724.23-P1P2	2074	1	852	1858
PTPRG_-_61547264.23-P1P2	0	0	115	0
PTPRH_+_55720802.23-P1P2	6	2942	2294	1533
PTPRH_+_55720831.23-P1P2	0	0	279	2
PTPRH_+_55720837.23-P1P2	1093	1	1146	2
PTPRH_+_55720847.23-P1P2	2	0	980	1
PTPRH_-_55720820.23-P1P2	1559	2717	1517	0
PTPRJ_+_48002160.23-P1P2	935	11997	1646	1321
PTPRJ_+_48002288.23-P1P2	2643	3	1776	338
PTPRJ_-_48002135.23-P1P2	5938	5369	4806	4558
PTPRJ_-_48002138.23-P1P2	3	1618	1002	1
PTPRJ_-_48002766.23-P1P2	10442	6	2338	5027
PTPRK_+_128812664.23-P2	1576	4681	373	2
PTPRK_+_128812887.23-P2	3527	3888	876	1392
PTPRK_+_128812975.23-P2	5412	1	3155	6792
PTPRK_+_128841306.23-P1	0	1	1133	1499
PTPRK_+_128841326.23-P1	1290	2	1348	359
PTPRK_+_128841714.23-P1	2935	1	1805	3763
PTPRK_-_128812763.23-P2	3085	1	600	2
PTPRK_-_128812941.23-P2	1450	2	812	3702
PTPRK_-_128841669.23-P1	0	0	154	0
PTPRK_-_128841729.23-P1	2344	10147	2855	311
PTPRM_+_7567308.23-P1P2	11	4508	2210	8938
PTPRM_+_7567311.23-P1P2	2649	3	1824	2020
PTPRM_+_7567639.23-P1P2	1151	9558	2588	1396
PTPRM_+_7567648.23-P1P2	2	0	788	2167
PTPRM_-_7567324.23-P1P2	530	7161	627	2
PTPRN2_+_158380111.23-ENST00000389416.4,ENST00000389418.4,ENST00000409483.1	1165	3	922	1373
PTPRN2_+_158380139.23-ENST00000389416.4,ENST00000389418.4,ENST00000409483.1	366	3434	1703	1
PTPRN2_-_158380061.23-ENST00000389416.4,ENST00000389418.4,ENST00000409483.1	2	6	2073	2840
PTPRN2_-_158380151.23-ENST00000389416.4,ENST00000389418.4,ENST00000409483.1	2353	1	1225	2
PTPRN2_-_158380293.23-ENST00000389416.4,ENST00000389418.4,ENST00000409483.1	2065	1	2056	1391
PTPRN_+_220173668.23-P1P2	1014	2	1196	714
PTPRN_+_220173680.23-P1P2	2	1401	1039	0
PTPRN_+_220173717.23-P1P2	651	1	270	1
PTPRN_+_220173737.23-P1P2	1255	0	806	1
PTPRN_+_220174048.23-P1P2	1	3	0	1310
PTPRO_+_15475672.23-P1P2	6	2	3307	4258
PTPRO_+_15475859.23-P1P2	3074	5969	2434	4651
PTPRO_-_15475488.23-P1P2	1436	4315	681	2
PTPRO_-_15475496.23-P1P2	0	0	0	0
PTPRO_-_15475504.23-P1P2	658	0	1067	1
PTPRR_-_71314411.23-P1P2	1136	4703	343	3083
PTPRR_-_71314414.23-P1P2	1	2	1085	0
PTPRR_-_71314459.23-P1P2	2	1	1322	1
PTPRR_-_71314464.23-P1P2	1291	0	1588	1
PTPRR_-_71314467.23-P1P2	6	5312	729	1719
PTPRS_+_5340389.23-P1P2	1256	4542	477	6
PTPRS_+_5340586.23-P1P2	1925	8941	2102	3825
PTPRS_+_5340598.23-P1P2	2106	5	1979	7863
PTPRS_+_5340836.23-P1P2	0	0	213	0
PTPRS_-_5340748.23-P1P2	1	2	831	0
PTPRZ1_+_121513259.23-P1P2	1602	2	906	1
PTPRZ1_+_121513591.23-P1P2	1595	0	472	0
PTPRZ1_-_121513222.23-P1P2	2575	3	1459	3786
PTPRZ1_-_121513629.23-P1P2	301	1	926	0
PTPRZ1_-_121513634.23-P1P2	1347	0	641	0
PTS_+_112097213.23-P1P2	453	0	757	17
PTS_+_112097553.23-P1P2	0	0	384	0
PTS_+_112097564.23-P1P2	3	2593	937	1758
PTS_-_112097179.23-P1P2	2	4265	1396	1
PTS_-_112097185.23-P1P2	1214	2856	1092	2
PURA_+_139487386.23-P1	4651	7142	2233	2149
PURA_+_139487400.23-P1	3691	1494	1910	1892
PURA_+_139487809.23-P1	1	0	1209	0
PURA_+_139494073.23-P2	1	1	2065	1648
PURA_+_139494085.23-P2	3614	4791	1471	3
PURA_-_139487453.23-P1	2784	3	2749	1917
PURA_-_139487457.23-P1	1555	4235	1458	2
PURA_-_139493769.23-P2	1059	16	1616	394
PURA_-_139493772.23-P2	0	0	1421	0
PURA_-_139493785.23-P2	737	4	1176	1507
PVALB_+_37212683.23-P1P2	1074	0	108	1
PVALB_+_37212687.23-P1P2	1127	0	942	1
PVALB_+_37213006.23-P1P2	3	5897	669	2
PVALB_-_37212674.23-P1P2	710	4673	604	1592
PVALB_-_37212882.23-P1P2	4	1	459	2979
PVR_+_45147202.23-P1P2	1657	4768	914	2
PVR_+_45147543.23-P1P2	0	284	0	0
PVR_+_45147646.23-P1P2	794	3	713	2847
PVR_-_45147624.23-P1P2	0	0	759	0
PVR_-_45147640.23-P1P2	6	2069	1771	4741
PXK_+_58318664.23-P1P2	1992	0	2022	0
PXK_+_58318673.23-P1P2	2532	3	1614	1
PXK_+_58319125.23-P1P2	5	3136	1105	3
PXK_-_58318628.23-P1P2	2	0	1046	1874
PXK_-_58318644.23-P1P2	5266	1	804	1514
PYCR1_+_79895081.23-P1P2	1722	1	1384	1
PYCR1_+_79895132.23-P1P2	2545	4631	1707	1894
PYCR1_-_79894753.23-P1P2	1624	4	2139	3050
PYCR1_-_79894778.23-P1P2	1	0	89	0
PYCR1_-_79894942.23-P1P2	981	1	1979	991
PYCR2_+_226111957.23-P1P2	1169	2189	819	3
PYCR2_-_226111420.23-P1P2	4123	8829	2500	3628
PYCR2_-_226111879.23-P1P2	2062	5685	744	2047
PYCR2_-_226111910.23-P1P2	2353	2	935	1421
PYCR2_-_226111925.23-P1P2	1437	5	1530	1431
PYCRL_+_144691674.23-P1P2	2425	1	2963	3
PYCRL_+_144691714.23-P1P2	1516	4	1284	2056
PYCRL_+_144691725.23-P1P2	1	1	1978	779
PYCRL_+_144691734.23-P1P2	6534	3296	2281	7
PYCRL_-_144691702.23-P1P2	1537	1	1219	3
PYGL_+_51410734.23-P1P2	716	0	637	1
PYGL_+_51411102.23-P1P2	5	5447	1365	1
PYGL_-_51410773.23-P1P2	1	0	1144	0
PYGL_-_51410795.23-P1P2	4	5378	60	1867
PYGL_-_51411111.23-P1P2	1099	2	455	1562
PYGM_+_64526960.23-P1P2	1	0	1034	1
PYGM_-_64527403.23-P1P2	3900	7	1567	3372
PYGM_-_64527411.23-P1P2	5	1	759	1823
PYGM_-_64527415.23-P1P2	1	0	869	0
PYGM_-_64527418.23-P1P2	1154	1	166	1
QDPR_+_17513214.23-P1P2	1336	3	1091	2
QDPR_+_17513292.23-P1P2	0	0	0	0
QDPR_+_17513483.23-P1P2	4	5151	608	1921
QDPR_+_17513624.23-P1P2	2	2	1773	1937
QDPR_-_17513476.23-P1P2	0	0	532	0
QPCT_+_37572065.23-P1P2	1	0	484	0
QPCT_-_37571869.23-P1P2	1	0	1013	1
QPCT_-_37571894.23-P1P2	0	1	74	1678
QPCT_-_37571905.23-P1P2	6659	1309	1702	0
QPCT_-_37572354.23-P1P2	3	2931	1623	0
QPRT_+_29690469.23-P1	3581	3250	1569	1744
QPRT_+_29690910.23-P1	2	2283	1	1
QPRT_+_29690950.23-P1	1357	11641	860	4
QPRT_+_29706450.23-P2	4045	1	2301	2
QPRT_-_29690521.23-P1	2028	2	2045	0
QPRT_-_29690538.23-P1	2810	1	126	1
QPRT_-_29706085.23-P2	802	3	2262	1715
QPRT_-_29706127.23-P2	0	0	93	0
QPRT_-_29706423.23-P2	0	0	360	2
QPRT_-_29706468.23-P2	2323	6	2391	4
RAB5A_+_19989183.23-P1P2	4	1	804	1565
RAB5A_-_19988642.23-P1P2	4	3	200	6158
RAB5A_-_19988651.23-P1P2	1669	2	2317	3667
RAB5A_-_19988839.23-P1P2	2939	7	2104	4610
RAB5A_-_19989006.23-P1P2	5167	1	2587	3538
RAB7A_+_128445197.23-P1P2	4	4071	719	4
RAB7A_+_128445491.23-P1P2	2593	1	1330	4
RAB7A_-_128445050.23-P1P2	988	2899	907	1
RAB7A_-_128445053.23-P1P2	2003	1	693	2
RAB7A_-_128445444.23-P1P2	1378	3	2052	3084
RAB8B_+_63481787.23-P1P2	4894	6186	932	74
RAB8B_+_63481798.23-P1P2	1447	3	964	1275
RAB8B_-_63481813.23-P1P2	1812	7469	2047	66
RAB8B_-_63481991.23-P1P2	1444	5	684	3902
RAB8B_-_63482247.23-P1P2	2450	3	1758	1
RAB9A_+_13707244.23-P1P2	3148	1290	976	2893
RAB9A_+_13707254.23-P1P2	9061	5597	5149	531
RAB9A_+_13707356.23-P1P2	467	1634	1455	2
RAB9A_+_13707571.23-P1P2	1664	2	1321	3300
RAB9A_-_13707307.23-P1P2	3828	4509	513	238
RABGGTA_+_24740407.23-P1P2	499	1	490	2
RABGGTA_-_24740348.23-P1P2	0	0	55	0
RABGGTA_-_24740361.23-P1P2	138	0	382	0
RABGGTA_-_24740700.23-P1P2	1	0	190	444
RABGGTA_-_24740777.23-P1P2	0	0	118	0
RABGGTB_+_76251918.23-P1P2	0	0	0	0
RABGGTB_-_76251922.23-P1P2	0	0	44	0
RABGGTB_-_76251992.23-P1P2	0	0	0	0
RABGGTB_-_76251996.23-P1P2	0	0	0	0
RABGGTB_-_76252008.23-P1P2	0	0	164	0
RAF1_+_12705570.23-P1P2	2	0	823	0
RAF1_+_12705583.23-P1P2	0	0	48	0
RAF1_-_12705166.23-P1P2	820	5220	2407	6005
RAF1_-_12705175.23-P1P2	1279	0	1173	1
RAF1_-_12705598.23-P1P2	0	0	116	0
RALA_+_39663547.23-P1P2	1582	3333	1545	1008
RALA_+_39663630.23-P1P2	337	5013	1392	2911
RALA_-_39663173.23-P1P2	941	2357	1431	0
RALA_-_39663198.23-P1P2	1752	1	1700	1
RALA_-_39663201.23-P1P2	990	1	260	3
RAMP1_+_238768719.23-P1P2	1554	3549	2103	3673
RAMP1_-_238768303.23-P1P2	3	5	2633	2020
RAMP1_-_238768347.23-P1P2	3172	5	1778	5150
RAMP1_-_238768547.23-P1P2	2588	1	1191	4473
RAMP1_-_238768667.23-P1P2	4106	2299	4241	1412
RAMP2_+_40913311.23-P1P2	846	1892	552	3
RAMP2_-_40913297.23-P1P2	3	2	1273	1743
RAMP2_-_40913338.23-P1P2	1550	1	802	1898
RAMP2_-_40913676.23-P1P2	1240	1	1792	4685
RAMP2_-_40913723.23-P1P2	1673	2	1768	1662
RAMP3_+_45197836.23-P1P2	0	0	0	0
RAMP3_-_45197416.23-P1P2	740	4954	3168	2040
RAMP3_-_45197447.23-P1P2	2275	1838	1244	859
RAMP3_-_45197828.23-P1P2	0	0	325	0
RAMP3_-_45197918.23-P1P2	1185	2	1641	3
RARG_+_53614095.23-P1	1522	2	840	1023
RARG_+_53614104.23-P1	1169	1	813	85
RARG_+_53614111.23-P1	0	0	371	0
RARG_+_53625569.23-P2	0	1628	91	0
RARG_+_53625616.23-P2	2	0	468	0
RARG_+_53625742.23-P2	0	0	542	0
RARG_-_53613910.23-P1	1402	1	3273	3860
RARG_-_53614032.23-P1	7001	1442	2347	3156
RARG_-_53625531.23-P2	0	0	0	0
RARG_-_53625986.23-P2	1	2	1493	1745
RARRES1_+_158449752.23-P1P2	1426	0	845	3294
RARRES1_+_158449857.23-P1P2	1491	2	831	1192
RARRES1_-_158449770.23-P1P2	0	0	1176	1864
RARRES1_-_158450220.23-P1P2	2774	2	945	2
RARRES1_-_158450242.23-P1P2	2762	2809	1802	55
RBKS_+_28113185.23-P1P2	2392	0	1320	2381
RBKS_+_28113231.23-P1P2	1	0	664	833
RBKS_+_28113235.23-P1P2	1324	2	981	0
RBKS_-_28113696.23-P1P2	3649	3	1197	0
RBKS_-_28113758.23-P1P2	3176	1	799	1
RBP1_+_139258060.23-P1P2	3	4809	242	1
RBP1_+_139258429.23-P1P2	6	2809	1834	0
RBP1_+_139258444.23-P1P2	2331	2497	2819	1957
RBP1_-_139258247.23-P1P2	1259	4076	463	1
RBP1_-_139258440.23-P1P2	1	0	673	0
RBP3_+_48390485.23-P1P2	1329	2	1028	0
RBP3_+_48390915.23-P1P2	2502	7810	1365	5246
RBP3_+_48390958.23-P1P2	999	0	1636	2116
RBP3_-_48390580.23-P1P2	2355	2	1336	1
RBP3_-_48390593.23-P1P2	1	0	149	0
RCVRN_+_9808115.23-P1P2	748	0	1258	1
RCVRN_+_9808163.23-P1P2	1289	0	105	1
RCVRN_+_9808421.23-P1P2	0	0	392	0
RCVRN_-_9808512.23-P1P2	7	3445	1206	1030
RCVRN_-_9808584.23-P1P2	4467	3	1595	2294
RDH12_+_68189384.23-P1P2	2	0	1241	976
RDH12_+_68189400.23-P1P2	1252	1	601	1900
RDH12_+_68189715.23-P1P2	1262	2942	1171	2713
RDH12_-_68189276.23-P1P2	2	1	587	0
RDH12_-_68189674.23-P1P2	0	0	610	0
RDH13_+_55574459.23-P1	1	0	2157	882
RDH13_+_55580854.23-P2	1635	0	569	0
RDH13_+_55580857.23-P2	0	0	534	991
RDH13_-_55574432.23-P1	3165	1	2332	1732
RDH13_-_55574436.23-P1	1342	4977	730	3860
RDH13_-_55574478.23-P1	2	0	1271	1217
RDH13_-_55574502.23-P1	2191	5679	2167	1224
RDH13_-_55580388.23-P2	983	5128	1266	4
RDH13_-_55580828.23-P2	0	0	0	0
RDH13_-_55580864.23-P2	0	0	219	0
RDH14_+_18741501.23-P1P2	1	1	818	0
RDH14_+_18741620.23-P1P2	15	0	829	1547
RDH14_+_18741677.23-P1P2	2310	1	673	1
RDH14_+_18741900.23-P1P2	1632	2028	986	1923
RDH14_-_18741934.23-P1P2	4176	3018	1871	4097
RDH5_+_56114174.23-P1P2	2	1	1084	1970
RDH5_-_56114211.23-P1P2	0	0	202	0
RDH5_-_56114214.23-P1P2	1337	0	138	2060
RDH5_-_56114444.23-P1P2	1572	6	735	3240
RDH5_-_56114600.23-P1P2	0	1	285	1923
RDH8_+_10124185.23-P1P2	0	2	1463	0
RDH8_-_10124161.23-P1P2	7	5395	430	1
RDH8_-_10124166.23-P1P2	1811	4977	2077	2213
RDH8_-_10124176.23-P1P2	1278	0	398	1774
RDH8_-_10124230.23-P1P2	0	0	355	0
RDX_+_110167318.23-P1P2	1259	4	1292	1
RDX_+_110167330.23-P1P2	886	0	1302	1440
RDX_-_110166897.23-P1P2	1334	5	3556	1445
RDX_-_110166909.23-P1P2	0	0	0	0
RDX_-_110167265.23-P1P2	0	0	1672	0
REG1A_+_79348065.23-P1P2	5	2534	966	0
REG1A_-_79347608.23-P1P2	3	5017	155	2
REG1A_-_79347640.23-P1P2	1309	2	1393	1
REG1A_-_79347850.23-P1P2	9	2	2230	5625
REG1A_-_79347869.23-P1P2	2	0	1206	1
RENBP_+_153210023.23-P1P2	1	0	736	0
RENBP_+_153210027.23-P1P2	5152	10269	1480	1773
RENBP_+_153210051.23-P1P2	882	0	530	0
RENBP_+_153210072.23-P1P2	0	0	299	1
RENBP_-_153209720.23-P1P2	3406	3	1165	1663
REN_+_204135200.23-P1P2	2	1	1024	1
REN_-_204135064.23-P1P2	0	0	297	1678
REN_-_204135359.23-P1P2	1	0	489	0
REN_-_204135438.23-P1P2	1830	1	1004	1801
REN_-_204135460.23-P1P2	1	0	771	0
RETSAT_+_85581239.23-P1P2	3	0	154	1849
RETSAT_+_85581363.23-P1P2	5503	1267	786	1457
RETSAT_+_85581624.23-P1P2	1195	4	612	4069
RETSAT_+_85581678.23-P1P2	1521	5950	569	8
RETSAT_-_85581272.23-P1P2	1408	1	1023	1929
RET_+_43572526.23-P1	0	6	1340	253
RET_+_43572556.23-P1	2897	1	918	1927
RET_+_43572575.23-P1	3370	3	1480	1711
RET_+_43572860.23-P1	4	5	1058	3363
RET_+_43600290.23-P2	1918	3	1944	1
RET_+_43600615.23-P2	4	6535	789	6
RET_+_43600686.23-P2	1381	3	496	3419
RET_-_43572536.23-P1	2518	0	2681	2193
RET_-_43600274.23-P2	1173	3	1040	3
RET_-_43600278.23-P2	0	0	682	0
RFK_+_79008960.23-P1P2	5479	7	2083	1326
RFK_+_79009263.23-P1P2	0	2	1048	0
RFK_+_79009270.23-P1P2	1484	2	1035	2
RFK_+_79009281.23-P1P2	2619	1	1200	26
RFK_-_79009318.23-P1P2	4519	7386	1902	2960
RIOK1_+_7390080.23-P1P2	0	0	50	0
RIOK1_+_7390314.23-P1P2	1	0	95	1575
RIOK1_-_7390078.23-P1P2	0	0	0	0
RIOK1_-_7390114.23-P1P2	3	1	255	0
RIOK1_-_7390405.23-P1P2	0	0	62	0
RIOK2_+_96518889.23-P1P2	0	0	0	0
RIOK2_+_96518902.23-P1P2	0	0	0	0
RIOK2_+_96518912.23-P1P2	0	0	0	0
RIOK2_+_96518986.23-P1P2	0	0	0	0
RIOK2_-_96518949.23-P1P2	0	0	0	0
RIOK3_+_21033325.23-P1P2	2328	3	806	1387
RIOK3_+_21033328.23-P1P2	1059	1	964	0
RIOK3_-_21033300.23-P1P2	3	1591	478	0
RIOK3_-_21033647.23-P1P2	0	0	190	0
RIOK3_-_21033673.23-P1P2	4	4	810	2510
RIPK1_+_3064184.23-P2	5010	4	2288	3704
RIPK1_+_3068801.23-P1	2643	4	2375	1639
RIPK1_+_3069245.23-P1	3	2	342	1912
RIPK1_-_3064202.23-P2	0	0	88	0
RIPK1_-_3064211.23-P2	3076	4	1061	1316
RIPK1_-_3064286.23-P2	1229	1	2637	1578
RIPK1_-_3064289.23-P2	0	1	845	1
RIPK1_-_3068799.23-P1	1400	3263	693	2644
RIPK1_-_3069149.23-P1	6317	5	416	0
RIPK1_-_3069240.23-P1	2549	1	445	1
RIPK2_+_90770127.23-P1P2	0	0	0	0
RIPK2_+_90770141.23-P1P2	1592	3	378	1476
RIPK2_+_90770318.23-P1P2	1619	3208	957	2
RIPK2_+_90770447.23-P1P2	4001	5	1568	1812
RIPK2_-_90770465.23-P1P2	1704	9552	2543	1438
RIPK3_+_24808765.23-P1P2	3094	4	2161	2956
RIPK3_+_24808862.23-P1P2	1419	1	1430	0
RIPK3_-_24808785.23-P1P2	0	0	476	0
RIPK3_-_24808791.23-P1P2	1311	0	1322	2
RIPK3_-_24809163.23-P1P2	703	2	721	0
RIPK4_+_43186762.23-P1P2	1177	3	979	0
RIPK4_+_43187115.23-P1P2	2590	4	851	433
RIPK4_+_43187173.23-P1P2	5080	5	1361	1735
RIPK4_+_43187193.23-P1P2	5832	5071	2106	2788
RIPK4_-_43187180.23-P1P2	8	4513	2416	818
RLBP1_+_89764782.23-P1P2	2629	0	411	0
RLBP1_+_89764785.23-P1P2	1473	1	874	1616
RLBP1_+_89764796.23-P1P2	0	0	482	0
RLBP1_+_89764803.23-P1P2	0	0	0	0
RLBP1_+_89764834.23-P1P2	3	5561	3102	875
RNASE2_+_21424066.23-P1P2	1	1	851	0
RNASE2_-_21423687.23-P1P2	1129	1	584	0
RNASE2_-_21423694.23-P1P2	6	3	2569	3693
RNASE2_-_21423740.23-P1P2	0	0	717	0
RNASE2_-_21423896.23-P1P2	1823	2	360	1
RNASE3_+_21359960.23-P1P2	3496	6073	728	1
RNASE3_+_21359982.23-P1P2	0	2	1355	456
RNASE3_+_21359986.23-P1P2	0	1	1200	1
RNASE3_-_21359811.23-P1P2	3	2953	718	1
RNASE3_-_21359955.23-P1P2	3	0	644	0
RNASE4_+_21152724.23-P1P2	3380	3130	2930	2389
RNASE4_+_21152942.23-P1P2	1361	3	1130	1
RNASE4_+_21153194.23-P1P2	1297	3	1048	3467
RNASE4_-_21153201.23-P1P2	1566	3285	1047	1983
RNASE4_-_21153211.23-P1P2	0	0	269	0
RNASEL_+_182558346.23-P1P2	3876	3	2581	3
RNASEL_+_182558365.23-P1P2	1068	3	898	2074
RNASEL_-_182558138.23-P1P2	2549	3	1339	2931
RNASEL_-_182558152.23-P1P2	3	4443	354	1523
RNASEL_-_182558334.23-P1P2	4	1	359	1985
RNGTT_+_89673250.23-P1P2	0	0	0	0
RNGTT_+_89673254.23-P1P2	0	0	0	0
RNGTT_-_89673106.23-P1P2	0	1	107	0
RNGTT_-_89673280.23-P1P2	0	0	0	0
RNGTT_-_89673283.23-P1P2	0	0	0	0
ROCK1_-_18691281.23-P1P2	4	4663	952	1433
ROCK1_-_18691378.23-P1P2	4360	4	2062	1214
ROCK1_-_18691680.23-P1P2	1543	5	1634	0
ROCK1_-_18691698.23-P1P2	1096	1	2082	1
ROCK1_-_18691767.23-P1P2	5868	5	1355	1
ROCK2_+_11484269.23-P1P2	1002	7472	2102	4874
ROCK2_+_11484687.23-P1P2	4120	3341	2739	3
ROCK2_+_11484706.23-P1P2	1	4	1173	1831
ROCK2_+_11484752.23-P1P2	2168	2	1483	2
ROCK2_-_11484367.23-P1P2	1459	4817	376	0
ROR1_+_64239737.23-P1P2	3	1	1422	1517
ROR1_+_64240173.23-P1P2	7	1	1078	3436
ROR1_-_64239678.23-P1P2	1214	5415	2468	4109
ROR1_-_64239704.23-P1P2	0	0	67	0
ROR1_-_64239913.23-P1P2	1289	1	3671	1878
ROR2_+_94712030.23-P1P2	3049	5	1232	2316
ROR2_+_94712390.23-P1P2	6	1	1332	1265
ROR2_-_94712079.23-P1P2	3968	668	1036	0
ROR2_-_94712082.23-P1P2	1	0	441	0
ROR2_-_94712437.23-P1P2	5	2746	1700	1548
RORA_+_61521246.23-ENST00000335670.6	1	0	758	0
RORA_-_61521289.23-ENST00000335670.6	2317	5	1104	3765
RORA_-_61521637.23-ENST00000335670.6	2696	3	1184	2
RORA_-_61521640.23-ENST00000335670.6	0	4	867	1842
RORA_-_61521672.23-ENST00000335670.6	2501	0	1212	2
ROS1_+_117746571.23-P1P2	1270	2858	472	1598
ROS1_+_117746582.23-P1P2	1366	0	419	0
ROS1_+_117746961.23-P1P2	1	0	594	1764
ROS1_+_117746996.23-P1P2	0	0	980	0
ROS1_-_117746762.23-P1P2	1143	0	1305	3348
RPIA_+_88991242.23-P1P2	5	4916	1681	1202
RPIA_-_88991373.23-P1P2	1	1	1922	0
RPIA_-_88991376.23-P1P2	0	0	0	0
RPIA_-_88991501.23-P1P2	1	0	757	1031
RPIA_-_88991603.23-P1P2	710	2273	1207	3805
RPS6KA1_+_26856736.23-P2	0	0	177	1
RPS6KA1_+_26872412.23-P1	298	2	1892	3495
RPS6KA1_+_26872431.23-P1	4016	2791	777	3
RPS6KA1_-_26856271.23-P2	2700	2	1793	803
RPS6KA1_-_26856314.23-P2	1	0	366	0
RPS6KA1_-_26856533.23-P2	2913	679	1127	3865
RPS6KA1_-_26856712.23-P2	3	1813	1137	1254
RPS6KA1_-_26872423.23-P1	3272	7	3162	4863
RPS6KA1_-_26872747.23-P1	1167	2	1298	2
RPS6KA1_-_26872758.23-P1	1480	1	468	0
RPS6KA2_+_167040194.23-P1P2	0	0	0	0
RPS6KA2_+_167040304.23-P1P2	5	2	2074	2597
RPS6KA2_+_167040728.23-P1P2	1331	5184	1282	1268
RPS6KA2_-_167040333.23-P1P2	1799	0	384	0
RPS6KA2_-_167040666.23-P1P2	1438	0	655	1
RPS6KA3_+_20284908.23-P1P2	1413	0	541	0
RPS6KA3_+_20284937.23-P1P2	1	2580	1652	2820
RPS6KA3_-_20284594.23-P1P2	1523	3976	1754	1970
RPS6KA3_-_20284919.23-P1P2	888	1	1411	1127
RPS6KA3_-_20285005.23-P1P2	4002	3	2039	2631
RPS6KA4_+_64126701.23-P1P2	6	2173	1468	2
RPS6KA4_+_64127018.23-P1P2	0	0	0	0
RPS6KA4_+_64127052.23-P1P2	2332	4	1241	412
RPS6KA4_-_64126660.23-P1P2	1268	2	1754	3542
RPS6KA4_-_64126713.23-P1P2	1334	3668	2195	1738
RPS6KA5_+_91526931.23-P1P2	771	1	2136	4216
RPS6KA5_+_91526950.23-P1P2	6	4312	2159	1734
RPS6KA5_+_91526956.23-P1P2	2249	5425	2623	1216
RPS6KA5_-_91526887.23-P1P2	3436	2	2391	3
RPS6KA5_-_91526900.23-P1P2	7	1878	1888	1
RPS6KA6_+_83443137.23-P1P2	2809	3415	1080	3
RPS6KA6_+_83443152.23-P1P2	124	1	1202	1878
RPS6KA6_+_83443191.23-P1P2	1	1	314	0
RPS6KA6_-_83442779.23-P1P2	1939	2616	1098	1546
RPS6KA6_-_83443071.23-P1P2	3845	10	936	6714
RPS6KB1_+_57970498.23-P1P2	3	3798	322	2
RPS6KB1_+_57970582.23-P1P2	910	1	520	1284
RPS6KB1_-_57970507.23-P1P2	0	0	1268	0
RPS6KB1_-_57970510.23-P1P2	1464	3	459	0
RPS6KB1_-_57970559.23-P1P2	1458	5	1225	4446
RPS6KB2_+_67195953.23-P1P2	5	3	2004	1913
RPS6KB2_+_67196335.23-P1P2	0	0	190	0
RPS6KB2_+_67196434.23-P1P2	2	1	191	1650
RPS6KB2_-_67195987.23-P1P2	4407	3	4329	1715
RPS6KB2_-_67196161.23-P1P2	1	0	133	1878
RPS6KC1_+_213224613.23-P1P2	1340	11059	3138	3567
RPS6KC1_+_213224641.23-P1P2	1279	2600	1263	1525
RPS6KC1_+_213224657.23-P1P2	6111	6508	1551	1544
RPS6KC1_+_213224690.23-P1P2	1254	0	396	0
RPS6KC1_+_213224698.23-P1P2	3440	3	2016	3085
RPS6KL1_+_75389876.23-P1P2	1659	5205	1164	2
RPS6KL1_+_75389921.23-P1P2	1383	1	1881	1
RPS6KL1_+_75389935.23-P1P2	1834	2	1338	1785
RPS6KL1_-_75389910.23-P1P2	1702	1	2401	0
RPS6KL1_-_75389934.23-P1P2	8	3575	2014	2895
RSL24D1_+_55488725.23-P1P2	0	0	0	0
RSL24D1_-_55488741.23-P1P2	0	0	0	0
RSL24D1_-_55488847.23-P1P2	0	0	0	0
RSL24D1_-_55488919.23-P1P2	0	0	0	0
RSL24D1_-_55489054.23-P1P2	0	0	0	0
RTCA_+_100731796.23-P1P2	737	0	906	1
RTCA_-_100731784.23-P1P2	5	5667	637	2342
RTCA_-_100731838.23-P1P2	3555	3969	1295	1899
RTCA_-_100732018.23-P1P2	0	1	670	0
RTCA_-_100732189.23-P1P2	1070	1	228	1350
RXRA_+_137218484.23-P1P2	1484	4300	1887	2706
RXRA_-_137218681.23-P1P2	914	2	2057	1629
RXRA_-_137218769.23-P1P2	3	0	983	1610
RXRA_-_137218786.23-P1P2	2956	2552	675	1150
RXRA_-_137218789.23-P1P2	5	0	832	2863
RXRB_+_33168184.23-P1P2	7	2258	2080	2
RXRB_+_33168378.23-P1P2	0	1	1360	1784
RXRB_+_33168411.23-P1P2	644	1	948	1983
RXRB_-_33167833.23-P1P2	1085	3006	813	0
RXRB_-_33168450.23-P1P2	1	0	672	0
RXRG_+_165413902.23-P1P2	3	3489	276	1
RXRG_+_165414304.23-P1P2	5129	7315	1132	7
RXRG_-_165414269.23-P1P2	2814	4572	2682	5
RXRG_-_165414297.23-P1P2	0	0	574	0
RXRG_-_165414315.23-P1P2	1	0	447	0
RYK_+_133969666.23-P1P2	6	5385	1264	4
RYK_+_133969669.23-P1P2	2501	7766	1689	4
RYK_+_133969686.23-P1P2	0	0	316	886
RYK_-_133969297.23-P1P2	0	3	821	0
RYK_-_133969698.23-P1P2	0	1	516	0
RYR1_+_38924326.23-P1P2	1	2	1643	1606
RYR1_+_38924336.23-P1P2	3735	6343	1146	2535
RYR1_+_38924343.23-P1P2	725	1	685	1252
RYR1_+_38924366.23-P1P2	2	0	1520	2668
RYR1_+_38924742.23-P1P2	0	0	86	0
S100A11_+_152009025.23-P1P2	2829	6265	1727	1527
S100A11_+_152009172.23-P1P2	1445	1	1085	1750
S100A11_+_152009236.23-P1P2	989	0	419	1768
S100A11_+_152009488.23-P1P2	1651	2353	1351	2
S100A11_-_152009089.23-P1P2	2428	2	1738	1601
S100A12_+_153346925.23-P2	0	2209	83	0
S100A12_+_153346950.23-P2	0	0	613	0
S100A12_+_153347905.23-P1	1698	0	1003	0
S100A12_+_153347983.23-P1	1243	0	500	1867
S100A12_+_153347992.23-P1	1	1	364	1718
S100A12_+_153348064.23-P1	2538	1	1622	0
S100A12_-_153346536.23-P2	652	884	820	1
S100A12_-_153346899.23-P2	2930	3	2711	3
S100A12_-_153346988.23-P2	1	0	439	1
S100A12_-_153348041.23-P1	1094	3982	1283	1738
S100A13_+_153599607.23-P1P2	0	0	1440	1
S100A13_+_153599935.23-P1P2	4958	2902	2417	1999
S100A13_-_153599940.23-P1P2	1	0	381	1
S100A13_-_153599961.23-P1P2	3614	2823	1462	1840
S100A13_-_153599973.23-P1P2	726	2	617	1
S100A1_+_153600923.23-P1	3713	4	1839	5
S100A1_+_153600937.23-P1	2823	5713	1362	7
S100A1_+_153600949.23-P1	0	0	220	0
S100A1_+_153601219.23-P1	866	6115	227	1580
S100A1_+_153603287.23-P2	1229	3180	306	0
S100A1_-_153601102.23-P1	5630	956	1209	3
S100A1_-_153603069.23-P2	994	2	1230	4512
S100A1_-_153603127.23-P2	1	0	550	84
S100A1_-_153603152.23-P2	1416	0	932	2267
S100A1_-_153603155.23-P2	6	8939	700	6
S100A2_+_153537850.23-P1P2	2	0	887	119
S100A2_+_153537932.23-P1P2	3184	2	896	3015
S100A2_+_153537957.23-P1P2	747	174	982	1
S100A2_-_153537893.23-P1P2	3	1917	793	0
S100A2_-_153537989.23-P1P2	0	0	405	1760
S100A4_+_153517914.23-P1P2	803	0	1694	1
S100A4_-_153517520.23-P1P2	1149	5308	728	1721
S100A4_-_153517830.23-P1P2	769	4447	731	4
S100A4_-_153517933.23-P1P2	3878	1	1851	1
S100A4_-_153518261.23-P1P2	1584	3056	1513	1627
S100A7_+_153432620.23-P1P2	1460	2687	1224	1407
S100A7_-_153432672.23-P1P2	1592	5194	521	3
S100A7_-_153432768.23-P1P2	0	0	147	0
S100A7_-_153432779.23-P1P2	3	8021	2092	3
S100A7_-_153432782.23-P1P2	752	2	981	1
S100B_+_48024930.23-P1P2	0	0	0	0
S100B_+_48024942.23-P1P2	1768	0	222	2
S100B_+_48024946.23-P1P2	759	0	1144	1830
S100B_-_48024993.23-P1P2	237	0	1687	1
S100B_-_48025006.23-P1P2	1127	3648	1200	0
S100G_+_16668322.23-P1P2	1260	5	379	2304
S100G_+_16668356.23-P1P2	686	3	860	4729
S100G_+_16668570.23-P1P2	1	0	601	0
S100G_-_16668326.23-P1P2	3	4	1043	427
S100G_-_16668520.23-P1P2	2499	2	2119	1233
S100P_+_6695596.23-P1P2	0	3574	723	2
S100P_-_6695684.23-P1P2	3	4	1148	3846
S100P_-_6695907.23-P1P2	3021	4177	847	4
S100P_-_6695980.23-P1P2	2	5259	192	1666
S100P_-_6695983.23-P1P2	1296	2	469	0
SAA1_+_18287752.23-P1P2	915	9596	610	5
SAA1_+_18287761.23-P1P2	1	0	172	0
SAA1_-_18287768.23-P1P2	1541	0	787	1
SAA1_-_18287808.23-P1P2	4219	1	1131	1
SAA1_-_18288218.23-P1P2	4577	2	841	1322
SACM1L_-_45730829.23-P1P2	0	0	892	0
SACM1L_-_45730878.23-P1P2	3920	1	2379	2845
SACM1L_-_45730905.23-P1P2	1	0	283	0
SACM1L_-_45730908.23-P1P2	1	0	996	0
SACM1L_-_45730966.23-P1P2	0	0	0	0
SAR1B_+_133968072.23-P1P2	1239	5	715	0
SAR1B_+_133968297.23-P1P2	2642	4026	1373	4360
SAR1B_+_133968380.23-P1P2	4623	5469	1704	3386
SAR1B_+_133968439.23-P1P2	1118	2	3326	1096
SAR1B_-_133968335.23-P1P2	0	0	436	0
SARS_+_109756585.23-P1P2	0	0	0	0
SARS_+_109756924.23-P1P2	0	0	0	0
SARS_+_109756978.23-P1P2	0	0	119	0
SARS_-_109756557.23-P1P2	0	0	0	0
SARS_-_109756597.23-P1P2	0	0	134	0
SBF1_+_50912969.23-P1P2	3615	1124	1948	4
SBF1_+_50913006.23-P1P2	1279	3	872	1611
SBF1_+_50913049.23-P1P2	1519	0	697	1428
SBF1_+_50913077.23-P1P2	931	0	832	0
SBF1_+_50913422.23-P1P2	1231	0	2480	1701
SBF2_+_10315554.23-P1P2	2929	2904	823	5833
SBF2_+_10315672.23-P1P2	0	0	1157	1
SBF2_+_10315739.23-P1P2	1172	5134	439	5
SBF2_-_10315286.23-P1P2	1150	1	1286	3
SBF2_-_10315514.23-P1P2	3	5185	718	860
SBK1_+_28303849.23-P1P2	3874	14187	2885	2056
SBK1_+_28304073.23-P1P2	1439	2	463	2
SBK1_+_28304264.23-P1P2	1384	2	880	0
SBK1_-_28304002.23-P1P2	9	6576	1204	2
SBK1_-_28304204.23-P1P2	0	0	1189	0
SBK2_+_56048200.23-P1P2	0	0	435	0
SBK2_+_56048245.23-P1P2	5	0	494	3181
SBK2_+_56048448.23-P1P2	4062	1	514	1469
SBK2_-_56048060.23-P1P2	1113	8907	1724	1664
SBK2_-_56048071.23-P1P2	2	0	1418	2
SCARB1_+_125347917.23-P1P2	0	0	0	0
SCARB1_-_125348347.23-P1P2	4867	4	1894	5119
SCARB1_-_125348377.23-P1P2	915	2196	1322	1074
SCARB1_-_125348382.23-P1P2	2527	2	1661	2
SCARB1_-_125348396.23-P1P2	4518	4724	974	5
SCGB1A1_+_62186533.23-P1P2	640	4067	1482	4148
SCGB1A1_+_62186562.23-P1P2	1	4	1721	1529
SCGB1A1_+_62186589.23-P1P2	3310	0	331	1
SCGB1A1_+_62186952.23-P1P2	0	0	85	0
SCGB1A1_-_62186542.23-P1P2	1	0	479	2029
SCLY_+_238969776.23-ENST00000254663.6,ENST00000555827.1	3544	4	2274	1
SCLY_-_238969756.23-ENST00000254663.6,ENST00000555827.1	1479	3954	2378	1728
SCLY_-_238969931.23-ENST00000254663.6,ENST00000555827.1	1274	2586	590	823
SCLY_-_238969949.23-ENST00000254663.6,ENST00000555827.1	2140	3	834	1761
SCLY_-_238969978.23-ENST00000254663.6,ENST00000555827.1	7573	1	1958	4
SCMH1_+_41626493.23-ENST00000326197.7	1267	1	554	0
SCMH1_+_41626545.23-ENST00000326197.7	0	0	139	0
SCMH1_+_41626552.23-ENST00000326197.7	1	2756	1213	0
SCMH1_+_41627029.23-ENST00000402904.2	0	0	192	0
SCMH1_+_41627034.23-ENST00000402904.2	1	1	477	1605
SCMH1_-_41626430.23-ENST00000326197.7	4	1	1240	0
SCMH1_-_41626498.23-ENST00000326197.7	1087	0	419	0
SCMH1_-_41626628.23-ENST00000402904.2	2	0	4	2267
SCMH1_-_41626645.23-ENST00000402904.2	1540	5842	676	1774
SCMH1_-_41627112.23-ENST00000402904.2	1268	1	943	3911
SCN10A_+_38835213.23-ENST00000449082.2	4264	5	958	2
SCN10A_-_38835251.23-ENST00000449082.2	1577	0	608	1
SCN10A_-_38835269.23-ENST00000449082.2	0	0	323	0
SCN10A_-_38835311.23-ENST00000449082.2	1	0	382	1551
SCN10A_-_38835462.23-ENST00000449082.2	2	0	330	0
SCN11A_+_38991609.23-ENST00000302328.3,ENST00000450244.1	1	0	915	0
SCN11A_+_38992029.23-ENST00000302328.3,ENST00000450244.1	2	0	93	0
SCN11A_+_38992032.23-ENST00000302328.3,ENST00000450244.1	3	2043	588	2
SCN11A_-_38991624.23-ENST00000302328.3,ENST00000450244.1	0	0	100	0
SCN11A_-_38991801.23-ENST00000302328.3,ENST00000450244.1	1	0	791	1
SCN1A_+_166929645.23-ENST00000303395.4,ENST00000423058.2	554	3473	933	2
SCN1A_+_166930061.23-ENST00000303395.4,ENST00000423058.2	4	5140	263	2
SCN1A_+_166930127.23-ENST00000303395.4,ENST00000423058.2	2801	4957	947	1664
SCN1A_-_166929817.23-ENST00000303395.4,ENST00000423058.2	1702	1	299	1
SCN1A_-_166930100.23-ENST00000303395.4,ENST00000423058.2	0	0	321	0
SCN1B_-_35521391.23-P1P2	2	0	2347	844
SCN1B_-_35521422.23-P1P2	2	1	1206	1
SCN1B_-_35521430.23-P1P2	4566	1993	2261	2
SCN1B_-_35521446.23-P1P2	3	0	1398	1591
SCN1B_-_35521732.23-P1P2	1422	1	962	3288
SCN2A_+_166095938.23-P1P2	1327	3	1216	2029
SCN2A_-_166095976.23-P1P2	1390	0	437	1504
SCN2A_-_166095992.23-P1P2	2784	2	1090	1
SCN2A_-_166096383.23-P1P2	1106	0	569	0
SCN2A_-_166096427.23-P1P2	1457	1	272	1
SCN2B_+_118046952.23-P1P2	1328	0	238	0
SCN2B_+_118047292.23-P1P2	1473	1	313	0
SCN2B_-_118046909.23-P1P2	0	0	376	1
SCN2B_-_118047107.23-P1P2	1354	1	1246	1
SCN2B_-_118047358.23-P1P2	0	0	387	0
SCN3A_+_166060129.23-P1P2	1	1	403	1407
SCN3A_+_166060199.23-P1P2	0	0	0	0
SCN3A_+_166060543.23-P1P2	456	3	171	1
SCN3A_+_166060552.23-P1P2	4	2	738	2604
SCN3A_-_166060301.23-P1P2	1	0	506	0
SCN4A_+_62049807.23-P1P2	0	0	299	0
SCN4A_-_62049835.23-P1P2	8	6370	1207	1232
SCN4A_-_62049839.23-P1P2	1331	0	1009	0
SCN4A_-_62050214.23-P1P2	793	2	805	1335
SCN4A_-_62050234.23-P1P2	0	0	418	0
SCN4B_+_118023016.23-P1P2	1475	0	361	1
SCN4B_+_118023499.23-P1P2	1061	0	1516	1
SCN4B_-_118023129.23-P1P2	3840	14011	4870	3792
SCN4B_-_118023437.23-P1P2	1525	3	1563	0
SCN4B_-_118023465.23-P1P2	6	5783	2092	4761
SCN5A_+_38691118.23-P1P2	7	3	2106	1812
SCN5A_+_38691154.23-P1P2	5	7400	1718	1864
SCN5A_+_38691168.23-P1P2	997	2	1255	4351
SCN5A_-_38690758.23-P1P2	2607	5356	2453	1699
SCN5A_-_38690762.23-P1P2	1245	0	1695	0
SCN9A_+_167232010.23-P1P2	0	1	404	0
SCN9A_+_167232052.23-P1P2	1	1	533	0
SCN9A_+_167232416.23-P1P2	3561	4	2154	1802
SCN9A_+_167232419.23-P1P2	2257	2	888	1354
SCN9A_-_167232085.23-P1P2	1632	1	416	1
SCNN1A_+_6484217.23-P1P2	0	0	0	0
SCNN1A_+_6484231.23-P1P2	3	1	709	3421
SCNN1A_+_6484256.23-P1P2	849	0	639	0
SCNN1A_+_6484591.23-P1P2	4054	3	1133	1
SCNN1A_-_6484198.23-P1P2	1	2	884	1639
SCNN1B_+_23313619.23-P1P2	1087	0	1404	0
SCNN1B_+_23313704.23-P1P2	4	0	2159	2753
SCNN1B_+_23313707.23-P1P2	1283	3	2412	4951
SCNN1B_+_23313895.23-P1P2	4371	7	2060	1477
SCNN1B_-_23314049.23-P1P2	2	0	1401	1
SCNN1D_+_1217412.23-P2	2697	6	410	1083
SCNN1D_+_1217472.23-P2	4	1	924	1
SCNN1D_+_1217814.23-P2	992	1	878	0
SCNN1D_+_1217823.23-P2	1464	4983	1409	1815
SCNN1D_+_1219839.23-P1	2598	3	1277	0
SCNN1D_+_1219842.23-P1	4	2	910	5053
SCNN1D_-_1217792.23-P2	1	1	1344	1761
SCNN1D_-_1219407.23-P1	5727	4976	3259	3592
SCNN1D_-_1219430.23-P1	1809	9482	1590	1726
SCNN1D_-_1219456.23-P1	1	0	376	0
SCNN1G_+_23194059.23-P1P2	1251	5653	2866	4737
SCNN1G_+_23194100.23-P1P2	2222	3	1139	3168
SCNN1G_+_23194313.23-P1P2	2812	3	1578	0
SCNN1G_+_23194468.23-P1P2	1150	0	1052	1
SCNN1G_-_23194053.23-P1P2	1103	4255	3194	1035
SCPEP1_+_55055504.23-P1P2	1547	5889	950	2
SCPEP1_+_55055545.23-P1P2	6058	1886	1296	3
SCPEP1_+_55055973.23-P1P2	3481	3	651	3699
SCPEP1_-_55055523.23-P1P2	3	4939	1772	3
SCPEP1_-_55055935.23-P1P2	0	0	373	0
SCTR_+_120281511.23-P1P2	1434	2	1540	2814
SCTR_+_120281514.23-P1P2	2248	6	3191	1411
SCTR_+_120281965.23-P1P2	710	2226	1038	684
SCTR_-_120281574.23-P1P2	0	0	1342	0
SCTR_-_120281927.23-P1P2	2277	2	2003	3303
SCYL1_+_65292574.23-P1P2	6	5151	1620	2112
SCYL1_+_65292982.23-P1P2	810	0	720	1
SCYL1_-_65292594.23-P1P2	2	0	370	0
SCYL1_-_65292911.23-P1P2	1561	1	877	1
SCYL1_-_65293013.23-P1P2	2	1	1273	0
SCYL2_+_100661199.23-P1P2	695	6986	992	1382
SCYL2_-_100661185.23-P1P2	7	6343	1468	5
SCYL2_-_100661215.23-P1P2	811	1	2047	1178
SCYL2_-_100661218.23-P1P2	1102	2	516	1
SCYL2_-_100661262.23-P1P2	0	0	90	0
SCYL3_+_169862650.23-P1P2	1688	5	541	3605
SCYL3_+_169862653.23-P1P2	3	0	833	0
SCYL3_+_169862869.23-P1P2	0	0	533	0
SCYL3_+_169863015.23-P1P2	581	0	761	3
SCYL3_+_169863030.23-P1P2	1810	2290	1790	3
SDF2_+_26988585.23-P1P2	3	1	781	0
SDF2_+_26988890.23-P1P2	1757	0	3	1
SDF2_+_26988894.23-P1P2	0	0	176	0
SDF2_+_26989101.23-P1P2	1004	3	994	1859
SDF2_-_26988637.23-P1P2	0	0	116	1
SDHA_+_218895.23-P1P2	4580	13853	2451	1609
SDHA_+_218905.23-P1P2	1902	7283	2591	3996
SDHA_-_218477.23-P1P2	716	5965	1788	1
SDHA_-_218484.23-P1P2	1	3	1802	0
SDHA_-_218663.23-P1P2	2206	0	805	1846
SDSL_+_113860559.23-P1P2	2	0	622	1307
SDSL_-_113860273.23-P1P2	1189	6103	761	1866
SDSL_-_113860507.23-P1P2	1	0	264	0
SDSL_-_113860565.23-P1P2	2744	3759	1787	1717
SDSL_-_113860660.23-P1P2	897	6210	1838	796
SDS_+_113841691.23-P1P2	0	0	409	0
SDS_-_113841621.23-P1P2	1	0	736	0
SDS_-_113841624.23-P1P2	1	1	2161	920
SDS_-_113841656.23-P1P2	0	0	655	0
SDS_-_113841659.23-P1P2	0	0	816	0
SEC14L2_+_30793323.23-P1P2	1425	4249	1624	0
SEC14L2_+_30793386.23-P1P2	1219	3731	1604	2970
SEC14L2_-_30793282.23-P1P2	2062	10	1817	6835
SEC14L2_-_30793394.23-P1P2	4466	2	1948	16
SEC14L2_-_30793453.23-P1P2	1924	2	1266	2161
SEC14L3_+_30867557.23-P1P2	1197	2	1182	1
SEC14L3_+_30867610.23-P1P2	1	0	705	1
SEC14L3_+_30867852.23-P1P2	1284	3	1179	0
SEC14L3_-_30867533.23-P1P2	1459	5151	566	3
SEC14L3_-_30867970.23-P1P2	2	2	995	1542
SEC14L4_+_30901645.23-P1P2	581	5806	879	3
SEC14L4_+_30901648.23-P1P2	1892	6	2153	8064
SEC14L4_+_30901656.23-P1P2	942	4826	1747	4
SEC14L4_+_30901673.23-P1P2	2476	0	401	1695
SEC14L4_-_30901625.23-P1P2	3079	3	1265	1628
SELE_+_169702866.23-P1P2	437	1	845	1
SELE_+_169703166.23-P1P2	2	1	553	906
SELE_-_169702845.23-P1P2	0	0	766	1975
SELE_-_169703154.23-P1P2	2797	0	217	1316
SELE_-_169703233.23-P1P2	0	0	228	0
SELP_+_169598943.23-P1P2	0	0	0	0
SELP_+_169599242.23-P1P2	1475	7	782	2081
SELP_+_169599347.23-P1P2	0	0	1061	1
SELP_+_169599351.23-P1P2	1	0	514	7
SELP_+_169599378.23-P1P2	1645	0	715	1
SEPSECS_-_25161998.23-P1P2	1	0	616	0
SEPSECS_-_25162001.23-P1P2	1	0	1299	1
SEPSECS_-_25162021.23-P1P2	1	0	730	0
SEPSECS_-_25162054.23-P1P2	1	1	1104	1
SEPSECS_-_25162088.23-P1P2	2	2	1627	0
SERPINA1_+_94854859.23-P1	9	5261	814	2768
SERPINA1_+_94856474.23-P2	1	9061	546	7
SERPINA1_+_94856519.23-P2	658	3039	851	0
SERPINA1_+_94856939.23-P2	1625	5891	1032	3456
SERPINA1_-_94854496.23-P1	3036	1	201	1
SERPINA1_-_94854886.23-P1	876	0	988	620
SERPINA1_-_94854918.23-P1	1038	2	968	0
SERPINA1_-_94854936.23-P1	1473	2	646	0
SERPINA1_-_94856929.23-P2	2452	3	2216	1839
SERPINA1_-_94856932.23-P2	0	2	943	1
SERPINA5_+_95027799.23-P2	5	1	684	0
SERPINA5_+_95027829.23-P2	3	1	432	3448
SERPINA5_+_95047767.23-P1	0	0	726	0
SERPINA5_+_95047854.23-P1	1312	0	2057	3517
SERPINA5_-_95027806.23-P2	1068	2	1860	3553
SERPINA5_-_95027873.23-P2	0	0	203	0
SERPINA5_-_95027877.23-P2	0	0	350	1
SERPINA5_-_95047820.23-P1	0	0	141	0
SERPINA5_-_95047861.23-P1	3	5061	1097	1
SERPINA5_-_95048169.23-P1	1504	3	1257	1
SERPINB2_+_61554915.23-P1	0	0	374	1950
SERPINB2_+_61554925.23-P1	5	5362	236	0
SERPINB2_+_61554989.23-P1	1177	0	72	3
SERPINB2_+_61558764.23-P2	2573	2	1030	0
SERPINB2_+_61558769.23-P2	2627	1	1121	1
SERPINB2_+_61559023.23-P2	2174	2	811	2030
SERPINB2_+_61559228.23-P2	0	0	215	0
SERPINB2_-_61555004.23-P1	2	0	1031	1771
SERPINB2_-_61555133.23-P1	0	0	0	0
SERPINB2_-_61558820.23-P2	5	5771	976	2
SERPINB3_+_61328668.23-P1P2	1000	0	43	0
SERPINB3_+_61328716.23-P1P2	3	3383	474	0
SERPINB3_-_61328735.23-P1P2	0	0	0	0
SERPINB3_-_61328746.23-P1P2	1207	0	743	2
SERPINB3_-_61328751.23-P1P2	0	0	553	0
SERPINB6_+_2971493.23-P1P2	4167	5	1703	3121
SERPINB6_+_2971503.23-P1P2	3391	7377	1517	3264
SERPINB6_-_2971134.23-P1P2	3	3289	1352	1
SERPINB6_-_2971548.23-P1P2	1246	5884	3242	4599
SERPINB6_-_2971798.23-P1P2	929	2	1758	0
SERPINC1_+_173886066.23-P1P2	5	3807	1771	1918
SERPINC1_+_173886399.23-P1P2	1533	0	925	1
SERPINC1_-_173886008.23-P1P2	1	0	521	0
SERPINC1_-_173886417.23-P1P2	2	3169	1168	1
SERPINC1_-_173886447.23-P1P2	1162	4795	480	1865
SERPIND1_+_21128376.23-P1P2	1768	1	216	2072
SERPIND1_+_21128603.23-P1P2	0	3	437	1732
SERPIND1_-_21128433.23-P1P2	3158	2	829	0
SERPIND1_-_21128441.23-P1P2	1714	3	809	1005
SERPIND1_-_21128636.23-P1P2	0	0	0	0
SFTPA1_+_81370683.23-ENST00000372308.3,ENST00000398636.3,ENST00000428376.2	2	2	488	2029
SFTPA1_+_81371011.23-ENST00000372308.3,ENST00000398636.3,ENST00000428376.2	920	2	992	1466
SFTPA1_+_81371021.23-ENST00000372308.3,ENST00000398636.3,ENST00000428376.2	2448	0	1233	1
SFTPA1_+_81371024.23-ENST00000372308.3,ENST00000398636.3,ENST00000428376.2	959	3	2023	1564
SFTPA1_-_81370974.23-ENST00000372308.3,ENST00000398636.3,ENST00000428376.2	4061	7	1494	2741
SFTPD_+_81708444.23-P1P2	2	1	1462	1455
SFTPD_+_81708840.23-P1P2	3628	2	692	0
SFTPD_+_81708863.23-P1P2	1353	2	1307	1611
SFTPD_-_81708420.23-P1P2	2	5739	1262	1
SFTPD_-_81708648.23-P1P2	1312	5563	571	3
SGK1_+_134495926.23-P1	0	0	222	0
SGK1_+_134495938.23-P1	1367	4303	2049	3
SGK1_+_134498526.23-P2	1	2	496	1695
SGK1_+_134498581.23-P2	1	0	428	1646
SGK1_+_134498914.23-P2	1449	3	1333	1569
SGK1_+_134498929.23-P2	1	2	724	0
SGK1_+_134498971.23-P2	1	0	507	0
SGK1_-_134495913.23-P1	0	1	0	885
SGK1_-_134495988.23-P1	1278	3	233	1812
SGK1_-_134495993.23-P1	3446	4	1323	2654
SGK223_+_8243645.23-P1P2	3488	10	1354	4758
SGK223_+_8243878.23-P1P2	1349	2076	2148	2
SGK223_+_8243881.23-P1P2	1284	4	2953	2090
SGK223_+_8243886.23-P1P2	2751	4	535	1199
SGK223_-_8243728.23-P1P2	3	0	2216	1
SGK2_+_42187706.23-P1P2	3	2	1277	2158
SGK2_+_42187748.23-P1P2	0	0	318	0
SGK2_+_42187765.23-P1P2	2480	1254	1788	1667
SGK2_+_42187916.23-P1P2	5	1	258	4019
SGK2_-_42187758.23-P1P2	2727	1860	2035	2
SGK3_+_67624712.23-ENST00000521198.2	0	0	176	0
SGK3_+_67687519.23-ENST00000396596.1,ENST00000522398.1	4077	3	2966	4387
SGK3_+_67706009.23-ENST00000345714.4	2558	2	741	2991
SGK3_-_67624700.23-ENST00000521198.2	1760	6485	1306	6
SGK3_-_67625061.23-ENST00000521198.2	1	1265	1085	15
SGK3_-_67625072.23-ENST00000521198.2	665	0	58	0
SGK3_-_67625115.23-ENST00000521198.2	722	2027	1320	2308
SGK3_-_67687499.23-ENST00000396596.1,ENST00000522398.1	2685	8882	1301	8
SGK3_-_67687510.23-ENST00000396596.1,ENST00000522398.1	0	0	284	0
SGK3_-_67687513.23-ENST00000396596.1,ENST00000522398.1	1180	0	1246	1483
SGK3_-_67687752.23-ENST00000396596.1,ENST00000522398.1	0	0	199	0
SGK3_-_67705861.23-ENST00000345714.4	0	1	198	676
SGK3_-_67705911.23-ENST00000345714.4	1607	1	0	1
SGK3_-_67706001.23-ENST00000345714.4	1456	571	882	1
SGK3_-_67706236.23-ENST00000345714.4	1387	2	1317	0
SGK494_+_26940759.23-P1P2	2	0	1037	1770
SGK494_+_26941121.23-P1P2	1897	2	426	719
SGK494_+_26941152.23-P1P2	4015	4976	2366	3
SGK494_+_26941158.23-P1P2	0	0	380	0
SGK494_+_26941194.23-P1P2	0	0	332	0
SGPL1_+_72575692.23-P1P2	337	1	1600	1999
SGPL1_+_72576116.23-P1P2	3219	1	1491	4
SGPL1_+_72576137.23-P1P2	3487	2681	1954	1968
SGPL1_-_72575755.23-P1P2	812	5087	1454	3140
SGPL1_-_72576216.23-P1P2	1	1	976	0
SGPP1_+_64194704.23-P1P2	5	2475	1773	3
SGPP1_+_64194760.23-P1P2	2	1	1201	1789
SGPP1_+_64194764.23-P1P2	4203	8	2725	3428
SGPP1_+_64194774.23-P1P2	883	3373	1939	753
SGPP1_-_64194767.23-P1P2	2188	1	1045	1786
SH3KBP1_+_19905629.23-P1P2	3247	4	2233	3923
SH3KBP1_+_19905685.23-P1P2	863	0	1491	1
SH3KBP1_-_19905255.23-P1P2	1302	6927	1352	4
SH3KBP1_-_19905277.23-P1P2	1306	1	259	0
SH3KBP1_-_19905471.23-P1P2	0	2	1314	965
SHARPIN_+_145158677.23-P1P2	4209	5162	1471	3213
SHARPIN_-_145158289.23-P1P2	2543	0	675	1
SHARPIN_-_145158579.23-P1P2	1200	4	1361	1
SHARPIN_-_145158606.23-P1P2	1055	0	2181	2236
SHARPIN_-_145158621.23-P1P2	1370	939	912	1
SHMT1_+_18266268.23-P1P2	764	3732	303	1549
SHMT1_+_18266463.23-P1P2	1046	0	1396	2
SHMT1_+_18266657.23-P1P2	1373	2826	1074	2933
SHMT1_-_18266401.23-P1P2	2576	0	1019	2
SHMT1_-_18266618.23-P1P2	2715	1	1528	1383
SHMT2_+_57623513.23-P1P2	0	0	1	1576
SHMT2_+_57623923.23-P1P2	864	4	882	1322
SHMT2_+_57624167.23-P1P2	0	1	1264	1
SHMT2_-_57623529.23-P1P2	3286	3281	1674	1
SHMT2_-_57623532.23-P1P2	1	0	541	0
SHPK_+_3539475.23-P1P2	4407	6	1933	1593
SHPK_+_3539487.23-P1P2	1166	2	2103	3223
SHPK_+_3539509.23-P1P2	9	2028	1209	2589
SHPK_+_3539518.23-P1P2	1	2	1521	2929
SHPK_+_3539553.23-P1P2	1851	0	610	1569
SIGLEC1_+_3687427.23-P1P2	390	0	783	0
SIGLEC1_+_3687496.23-P1P2	1114	1	1730	417
SIGLEC1_+_3687508.23-P1P2	0	0	516	1
SIGLEC1_-_3687573.23-P1P2	0	0	166	0
SIGLEC1_-_3687813.23-P1P2	1077	4995	96	1495
SIGLEC7_+_51645723.23-P1P2	950	2	765	0
SIGLEC7_+_51645963.23-P1P2	2	0	200	1527
SIGLEC7_-_51645741.23-P1P2	2529	0	2478	3
SIGLEC7_-_51645847.23-P1P2	1394	1	267	0
SIGLEC7_-_51645851.23-P1P2	1667	1	573	1757
SIGMAR1_+_34637367.23-P1P2	3682	7	1451	3420
SIGMAR1_+_34637739.23-P1P2	3750	6	2408	1018
SIGMAR1_+_34637779.23-P1P2	830	0	518	0
SIGMAR1_-_34637242.23-P1P2	0	0	0	0
SIGMAR1_-_34637345.23-P1P2	2531	8969	790	1624
SIK1_+_44846560.23-P1P2	3623	5698	1833	1686
SIK1_+_44846607.23-P1P2	0	0	934	0
SIK1_+_44846934.23-P1P2	3888	1	1258	1
SIK1_+_44847002.23-P1P2	549	4	1584	1709
SIK1_-_44846966.23-P1P2	1096	1	1080	0
SIK2_+_111473263.23-P1P2	0	0	681	0
SIK2_-_111473134.23-P1P2	0	3	3397	1707
SIK2_-_111473357.23-P1P2	1	0	356	1
SIK2_-_111473372.23-P1P2	2213	6370	1923	3310
SIK2_-_111473540.23-P1P2	1	1	1467	1641
SIK3_+_116968685.23-P1P2	0	0	339	0
SIK3_+_116968907.23-P1P2	1	1533	2241	0
SIK3_+_116968913.23-P1P2	1644	0	2174	1
SIK3_+_116969124.23-P1P2	0	0	106	0
SIK3_-_116968953.23-P1P2	4290	5	1926	4
SIRPA_+_1875667.23-P1P2	996	2	2462	1697
SIRPA_+_1876008.23-P1P2	2607	6	1850	5451
SIRPA_+_1876041.23-P1P2	4214	2	2255	1800
SIRPA_+_1876462.23-P1P2	1928	2	3508	1875
SIRPA_+_1876526.23-P1P2	2	1	519	926
SIRPD_+_1538325.23-P1P2	1054	1	318	0
SIRPD_+_1538338.23-P1P2	2985	2843	713	3660
SIRPD_+_1538348.23-P1P2	2	4907	894	2
SIRPD_-_1538262.23-P1P2	13	15547	1122	7
SIRPD_-_1538303.23-P1P2	4	2743	786	1
SIRT3_-_235923.23-P1P2	0	0	534	0
SIRT3_-_235976.23-P1P2	3909	4119	1436	2
SIRT3_-_236305.23-P1P2	2657	5082	2888	1910
SIRT3_-_236754.23-P1P2	1	0	141	1954
SIRT3_-_236847.23-P1P2	1278	3	687	1
SI_+_164796208.23-P1P2	0	0	142	0
SI_+_164796255.23-P1P2	3871	4	947	1
SI_-_164796264.23-P1P2	1796	0	628	0
SI_-_164796270.23-P1P2	3790	3	276	1
SI_-_164796291.23-P1P2	1520	3	626	1
SKP1_+_133512375.23-P1P2	0	0	0	0
SKP1_+_133512521.23-P1P2	548	4	1558	7295
SKP1_-_133512401.23-P1P2	0	0	227	0
SKP1_-_133512593.23-P1P2	4313	3	2587	3156
SKP1_-_133512608.23-P1P2	0	0	0	0
SKP2_+_36152259.23-P1P2	2109	2250	2014	1971
SKP2_+_36152621.23-P1P2	4	4941	595	3
SKP2_-_36152222.23-P1P2	2480	5949	856	2533
SKP2_-_36152306.23-P1P2	1022	5109	1428	1
SKP2_-_36152309.23-P1P2	2194	5	1404	2319
SLC12A1_+_48483849.23-P2	19	0	447	0
SLC12A1_+_48483912.23-P2	3215	0	628	3
SLC12A1_+_48483918.23-P2	37	0	732	0
SLC12A1_+_48484258.23-P2	5661	7763	3278	757
SLC12A1_+_48498465.23-P1	2300	1	903	3674
SLC12A1_+_48498504.23-P1	0	0	295	0
SLC12A1_+_48498519.23-P1	0	0	132	0
SLC12A1_-_48483917.23-P2	582	3097	983	1923
SLC12A1_-_48498516.23-P1	1395	5754	654	1
SLC12A1_-_48498605.23-P1	1198	1	174	2
SLC12A2_+_127419487.23-P1P2	3435	7221	2344	1327
SLC12A2_+_127419680.23-P1P2	697	1936	1334	1203
SLC12A2_+_127419772.23-P1P2	2660	4833	2162	1897
SLC12A2_-_127419157.23-P1P2	2650	18031	3137	1091
SLC12A2_-_127419495.23-P1P2	1093	3	1038	3487
SLC12A3_+_56899159.23-P1P2	5200	4175	2902	4723
SLC12A3_+_56899174.23-P1P2	3130	3005	2688	0
SLC12A3_+_56899184.23-P1P2	2509	2323	3313	3771
SLC12A3_+_56899521.23-P1P2	3201	4	891	1354
SLC12A3_-_56899179.23-P1P2	1	4	2255	1189
SLC12A4_+_68000197.23-P2	4536	2	2340	1731
SLC12A4_+_68000214.23-P2	3815	6	449	1677
SLC12A4_+_68000345.23-P2	1	0	1434	0
SLC12A4_+_68002091.23-P1	0	2	524	0
SLC12A4_+_68002547.23-P1	0	0	420	0
SLC12A4_-_68000659.23-P2	1544	1	1846	1968
SLC12A4_-_68000698.23-P2	1	0	663	0
SLC12A4_-_68002110.23-P1	1226	0	747	1
SLC12A4_-_68002434.23-P1	742	1	3683	2355
SLC12A4_-_68002462.23-P1	4	1	1384	0
SLC12A5_+_44650330.23-P1	1	0	556	1
SLC12A5_+_44650334.23-P1	0	0	0	0
SLC12A5_+_44650352.23-P1	24	4748	1943	436
SLC12A5_+_44650365.23-P1	278	2	1449	0
SLC12A5_+_44657866.23-P2	2182	3	1400	3
SLC12A5_+_44658268.23-P2	3237	6	2420	1789
SLC12A5_-_44650525.23-P1	1628	6	1275	3780
SLC12A5_-_44657914.23-P2	1	2759	160	0
SLC12A5_-_44657932.23-P2	2572	1	1263	1740
SLC12A5_-_44658309.23-P2	1	2	384	872
SLC12A6_+_34610517.23-P1	0	0	79	0
SLC12A6_+_34610922.23-P1	2752	1	1315	1958
SLC12A6_+_34610943.23-P1	1319	0	1055	0
SLC12A6_+_34629770.23-P2	1597	3	660	3355
SLC12A6_+_34630130.23-P2	0	0	0	0
SLC12A6_+_34630144.23-P2	1451	0	0	2
SLC12A6_-_34610620.23-P1	0	2590	833	0
SLC12A6_-_34610999.23-P1	243	0	1253	1
SLC12A6_-_34629888.23-P2	1214	1	2944	2
SLC12A6_-_34630182.23-P2	2	1	1994	0
SLC12A7_+_1111744.23-P1P2	4	1	1546	1769
SLC12A7_+_1111766.23-P1P2	1052	3	2443	3044
SLC12A7_+_1112118.23-P1P2	1	1	1409	0
SLC12A7_-_1112081.23-P1P2	3842	6	2137	4
SLC12A7_-_1112102.23-P1P2	1	2	1343	1387
SLC13A1_+_122839639.23-P1P2	3	2	1382	1018
SLC13A1_-_122839554.23-P1P2	3077	2	510	1669
SLC13A1_-_122839558.23-P1P2	0	0	498	0
SLC13A1_-_122839921.23-P1P2	1	0	2041	0
SLC13A1_-_122839927.23-P1P2	4491	632	748	1117
SLC13A2_+_26800672.23-P1P2	1	0	510	0
SLC13A2_+_26800749.23-P1P2	3	2	857	1548
SLC13A2_+_26801133.23-P1P2	1107	2048	1679	6224
SLC13A2_+_26801144.23-P1P2	1	3	1031	1695
SLC13A2_+_26801153.23-P1P2	538	3	1716	1681
SLC13A3_+_45280053.23-P1P2	2576	5	2718	5687
SLC13A3_+_45280056.23-P1P2	1963	1	3674	1550
SLC13A3_-_45279824.23-P1P2	2910	3	2570	2941
SLC13A3_-_45279975.23-P1P2	1628	2	1348	1763
SLC13A3_-_45280083.23-P1P2	886	2685	1951	4
SLC16A1_+_113478527.23-P2	1045	0	1610	0
SLC16A1_+_113478552.23-P2	1	1	943	1912
SLC16A1_+_113498757.23-P1	2574	2	669	1
SLC16A1_+_113498772.23-P1	1	2	1511	1
SLC16A1_+_113498778.23-P1	3987	7615	1702	3
SLC16A1_+_113498791.23-P1	0	0	1310	863
SLC16A1_-_113478273.23-P2	1771	1	585	0
SLC16A1_-_113478612.23-P2	0	0	0	0
SLC16A1_-_113478654.23-P2	2	5316	2	0
SLC16A1_-_113498857.23-P1	1397	3254	2202	2
SLC16A2_+_73640768.23-P1P2	9	2908	2072	667
SLC16A2_+_73641544.23-P1P2	839	6428	1563	4
SLC16A2_+_73641712.23-P1P2	1126	4064	3630	3192
SLC16A2_+_73641791.23-P1P2	1282	7	2013	1832
SLC16A2_-_73641731.23-P1P2	1796	3	846	1043
SLC16A3_+_80187376.23-P1P2	1404	0	1285	0
SLC16A3_+_80187380.23-P1P2	0	0	424	0
SLC16A3_-_80186288.23-P1P2	3723	4	1622	3324
SLC16A3_-_80186928.23-P1P2	1623	0	1044	0
SLC16A3_-_80187314.23-P1P2	4346	7	2907	2815
SLC16A4_+_110933139.23-P1P2	0	2	1	1646
SLC16A4_+_110933229.23-P1P2	1264	1642	896	1
SLC16A4_+_110933631.23-P1P2	1	0	773	1707
SLC16A4_-_110933396.23-P1P2	1530	0	194	0
SLC16A4_-_110933639.23-P1P2	2789	3	407	0
SLC16A5_+_73084113.23-P1P2	11	0	827	6791
SLC16A5_+_73084285.23-P1P2	1	1	688	0
SLC16A5_-_73084264.23-P1P2	0	0	0	0
SLC16A5_-_73084461.23-P1P2	4032	2	2523	1887
SLC16A5_-_73084495.23-P1P2	1143	4602	1457	3273
SLC16A6_+_66286815.23-P1P2	5333	2237	933	4
SLC16A6_+_66287127.23-P1P2	0	0	446	0
SLC16A6_+_66287263.23-P1P2	1143	3	828	1754
SLC16A6_+_66287286.23-P1P2	912	0	140	0
SLC16A6_-_66286812.23-P1P2	1	0	137	0
SLC16A7_+_59990162.23-P1P2	11	4877	2037	3444
SLC16A7_-_59989906.23-P1P2	1335	4570	616	2608
SLC16A7_-_59990082.23-P1P2	0	0	810	0
SLC16A7_-_59990273.23-P1P2	0	0	0	0
SLC16A7_-_59990406.23-P1P2	3855	4	2597	3560
SLC16A8_+_38479702.23-P1P2	0	0	127	0
SLC16A8_+_38479814.23-P1P2	3709	1	1207	3
SLC16A8_+_38479879.23-P1P2	0	1	1021	0
SLC16A8_-_38478943.23-P1P2	1488	0	985	1
SLC16A8_-_38480095.23-P1P2	0	0	440	819
SLC18A1_+_20040178.23-P1P2	2	5313	152	2111
SLC18A1_+_20040572.23-P1P2	1641	1	709	1
SLC18A1_+_20040580.23-P1P2	2561	1	574	0
SLC18A1_-_20040184.23-P1P2	7	4986	1220	5
SLC18A1_-_20040614.23-P1P2	3006	1703	259	3731
SLC18A2_+_119000666.23-P1P2	4863	2	2026	0
SLC18A2_+_119001112.23-P1P2	1534	0	2123	5
SLC18A2_-_119000662.23-P1P2	1136	3033	2212	1733
SLC18A2_-_119000674.23-P1P2	3962	2814	2000	2278
SLC18A2_-_119000707.23-P1P2	1159	1	355	1
SLC19A2_+_169454745.23-P1P2	12	4942	720	1741
SLC19A2_+_169455154.23-P1P2	2215	4	651	1988
SLC19A2_+_169455167.23-P1P2	1558	2	1173	4778
SLC19A2_+_169455177.23-P1P2	2974	1423	1647	5
SLC19A2_-_169455185.23-P1P2	0	0	61	0
SLC19A3_+_228582681.23-P1P2	558	1	830	3
SLC19A3_+_228582697.23-P1P2	2260	4772	2769	1157
SLC19A3_-_228582383.23-P1P2	1352	1	455	1576
SLC19A3_-_228582668.23-P1P2	0	0	473	0
SLC19A3_-_228582749.23-P1P2	2129	0	763	0
SLC1A1_+_4490573.23-P1P2	3	0	1745	0
SLC1A1_+_4490877.23-P1P2	1382	3	1051	1814
SLC1A1_-_4490518.23-P1P2	5397	4086	1754	4926
SLC1A1_-_4490670.23-P1P2	1	0	345	0
SLC1A1_-_4490847.23-P1P2	1280	1	541	1
SLC1A2_+_35440631.23-P1P2	2	0	844	221
SLC1A2_+_35440634.23-P1P2	1606	0	1495	0
SLC1A2_+_35440646.23-P1P2	2571	4	1317	3
SLC1A2_+_35441046.23-P1P2	0	0	745	0
SLC1A2_-_35440725.23-P1P2	4602	4	1744	2
SLC1A3_+_36606734.23-P1	2057	4345	2329	6392
SLC1A3_+_36606767.23-P1	0	0	731	0
SLC1A3_+_36607166.23-P1	1	1	1296	1741
SLC1A3_+_36608348.23-P2	1	2	257	1330
SLC1A3_+_36608387.23-P2	0	0	67	0
SLC1A3_+_36608766.23-P2	2143	0	841	1
SLC1A3_-_36606936.23-P1	5	4562	1016	0
SLC1A3_-_36607116.23-P1	1	0	1004	0
SLC1A3_-_36608368.23-P2	1526	1	2071	1763
SLC1A3_-_36608560.23-P2	0	0	235	0
SLC1A4_+_65215738.23-P1P2	1269	1	843	1
SLC1A4_+_65216520.23-P1P2	2949	5489	1275	1820
SLC1A4_+_65216740.23-P1P2	3602	2486	2763	4
SLC1A4_+_65216746.23-P1P2	1621	0	2331	0
SLC1A4_-_65216546.23-P1P2	1361	2	1284	1882
SLC1A5_+_47287944.23-P2	15	0	1022	1821
SLC1A5_+_47288025.23-P2	6288	2779	1639	5
SLC1A5_+_47291829.23-P1	1128	5576	3468	1596
SLC1A5_-_47287974.23-P2	4392	2665	2832	1766
SLC1A5_-_47288007.23-P2	1481	0	2485	2
SLC1A5_-_47288033.23-P2	6	5167	937	3
SLC1A5_-_47291608.23-P1	581	1	921	733
SLC1A5_-_47291784.23-P1	881	3548	1410	1538
SLC1A5_-_47291800.23-P1	8	4013	1391	3945
SLC1A5_-_47291808.23-P1	1407	1	1106	1
SLC1A6_-_15090161.23-P1P2	1555	1075	772	1108
SLC1A6_-_15090475.23-P1P2	1	2038	903	1511
SLC1A6_-_15090481.23-P1P2	748	0	1086	0
SLC1A6_-_15090509.23-P1P2	990	4806	1706	1497
SLC1A6_-_15090514.23-P1P2	1140	3	2296	1
SLC1A7_+_53607936.23-P1P2	771	109	1547	4
SLC1A7_+_53608281.23-P1P2	2118	5855	1577	1781
SLC1A7_-_53608028.23-P1P2	0	1	915	0
SLC1A7_-_53608263.23-P1P2	10814	2	1572	1762
SLC1A7_-_53608290.23-P1P2	1097	1	1827	706
SLC22A11_+_64323147.23-P1P2	303	2	876	0
SLC22A11_+_64323847.23-P1P2	4679	1	1623	2830
SLC22A11_+_64323882.23-P1P2	2	1	566	3715
SLC22A11_-_64323437.23-P1P2	0	0	497	1
SLC22A11_-_64323801.23-P1P2	3026	1	1264	775
SLC22A4_+_131630131.23-P1P2	2	3	1176	2545
SLC22A4_+_131630151.23-P1P2	1361	3086	898	1583
SLC22A4_+_131630452.23-P1P2	4675	2	2313	1258
SLC22A4_-_131630098.23-P1P2	2	1	867	3522
SLC22A4_-_131630297.23-P1P2	1636	1460	1527	1
SLC22A5_+_131705454.23-P1P2	0	3	1629	0
SLC22A5_+_131705460.23-P1P2	2056	2	2184	3584
SLC22A5_+_131705464.23-P1P2	2387	0	1882	1846
SLC22A5_+_131705776.23-P1P2	1423	1	898	65
SLC22A5_-_131705498.23-P1P2	1522	3099	2134	1375
SLC22A6_+_62751976.23-P1P2	1735	5	1839	2
SLC22A6_+_62752206.23-P1P2	1311	3009	821	2
SLC22A6_+_62752351.23-P1P2	1444	1158	680	1675
SLC22A6_-_62751928.23-P1P2	711	2947	1151	1875
SLC22A6_-_62752460.23-P1P2	3095	2	335	0
SLC22A8_+_62783251.23-P1P2	1306	4	614	3059
SLC22A8_-_62782889.23-P1P2	0	2	265	740
SLC22A8_-_62783111.23-P1P2	3	2	1395	1607
SLC22A8_-_62783227.23-P1P2	3495	2825	1765	766
SLC22A8_-_62783290.23-P1P2	12	4417	551	3585
SLC23A1_+_138718508.23-P1P2	12	0	701	5798
SLC23A1_+_138718916.23-P1P2	1385	5496	1174	2
SLC23A1_+_138718935.23-P1P2	15	5252	1039	2082
SLC23A1_-_138718586.23-P1P2	0	0	410	1
SLC23A1_-_138718981.23-P1P2	4	4382	1261	3564
SLC25A10_+_79670445.23-P1P2	2127	0	309	871
SLC25A10_+_79670494.23-P1P2	0	0	139	0
SLC25A10_-_79670475.23-P1P2	1166	0	631	170
SLC25A10_-_79670688.23-P1P2	0	0	87	0
SLC25A10_-_79670886.23-P1P2	775	1937	1997	1711
SLC25A12_+_172750283.23-P1P2	0	0	82	0
SLC25A12_+_172750360.23-P1P2	0	0	873	0
SLC25A12_+_172750711.23-P1P2	3142	2	1838	5168
SLC25A12_+_172750720.23-P1P2	1639	4153	3702	4796
SLC25A12_+_172750738.23-P1P2	1379	3	2509	4
SLC25A13_+_95950956.23-P1P2	5151	2	1014	1
SLC25A13_-_95951309.23-P1P2	3098	2	2410	3
SLC25A13_-_95951335.23-P1P2	3114	4	1610	0
SLC25A13_-_95951352.23-P1P2	4406	5982	819	2625
SLC25A13_-_95951355.23-P1P2	4	1	582	2543
SLC25A15_+_41363705.23-P1P2	3005	3	1383	3210
SLC25A15_+_41363767.23-P1P2	6	8142	958	2907
SLC25A15_-_41363758.23-P1P2	2227	3058	2140	2
SLC25A15_-_41363761.23-P1P2	652	2	1287	0
SLC25A15_-_41364180.23-P1P2	3310	1870	579	2712
SLC25A18_+_18043228.23-P1P2	1	1	625	1634
SLC25A18_+_18043431.23-P1P2	3328	3	538	1601
SLC25A18_+_18043621.23-P1P2	0	0	839	0
SLC25A18_-_18043219.23-P1P2	2	2703	1165	2
SLC25A18_-_18043604.23-P1P2	9	6272	1241	2
SLC25A20_+_48935934.23-P1P2	2	1	1172	1949
SLC25A20_+_48935995.23-P1P2	0	1	345	0
SLC25A20_+_48936025.23-P1P2	0	0	0	0
SLC25A20_+_48936316.23-P1P2	0	2	576	1575
SLC25A20_-_48935919.23-P1P2	1	0	243	0
SLC25A22_+_797857.23-P1P2	1385	2	672	1158
SLC25A22_+_797860.23-P1P2	1369	1833	1825	2
SLC25A22_+_798051.23-P1P2	2448	3075	1835	2552
SLC25A22_-_798194.23-P1P2	1920	7530	1177	1040
SLC25A22_-_798278.23-P1P2	3853	1425	3347	4347
SLC25A29_+_100772343.23-P1P2	4	2076	1771	3487
SLC25A29_+_100772379.23-P1P2	2601	2300	2122	1921
SLC25A29_-_100772412.23-P1P2	1705	2	1082	1934
SLC25A29_-_100772719.23-P1P2	3244	10835	1885	2180
SLC25A29_-_100772767.23-P1P2	1353	0	878	0
SLC25A2_+_140683235.23-P1P2	0	0	6	0
SLC25A2_+_140683351.23-P1P2	3007	0	1132	1
SLC25A2_+_140683592.23-P1P2	7	4943	1159	1340
SLC25A2_+_140683600.23-P1P2	2977	3323	1104	1028
SLC25A2_-_140683588.23-P1P2	1	0	1340	0
SLC25A4_+_186064885.23-P1P2	834	2	2235	1481
SLC25A4_-_186064440.23-P1P2	2799	9270	1085	1580
SLC25A4_-_186064446.23-P1P2	2	0	780	0
SLC25A4_-_186064476.23-P1P2	4159	1	1429	3
SLC25A4_-_186064492.23-P1P2	3985	10086	2214	4725
SLC25A5_+_118602439.23-P1P2	1	1	778	0
SLC25A5_+_118602445.23-P1P2	11	2426	2281	1781
SLC25A5_-_118602796.23-P1P2	656	1	841	0
SLC25A5_-_118602803.23-P1P2	3217	2134	1047	3
SLC25A5_-_118602838.23-P1P2	0	1	2010	1
SLC25A6_+_1508042.23-P2	2	0	1972	1
SLC25A6_+_1508096.23-P2	849	6	1341	5480
SLC25A6_+_1508123.23-P2	2273	2342	517	1
SLC25A6_+_1510986.23-P1	525	1133	604	1
SLC25A6_-_1508485.23-P2	2	0	711	0
SLC25A6_-_1508504.23-P2	1412	3	2009	1915
SLC25A6_-_1510526.23-P1	2	2559	1284	1
SLC25A6_-_1510946.23-P1	2079	7088	1682	1575
SLC25A6_-_1510951.23-P1	2432	3064	1943	1917
SLC25A6_-_1511005.23-P1	5900	4	1104	1
SLC29A1_+_44191710.23-P1	3821	5374	3026	7
SLC29A1_+_44191715.23-P1	521	4569	2313	3127
SLC29A1_-_44187378.23-P2	1893	3233	1840	978
SLC29A1_-_44187438.23-P2	443	1332	727	0
SLC29A1_-_44187454.23-P2	4	3022	844	2
SLC29A1_-_44187764.23-P2	989	5100	1579	1802
SLC29A1_-_44187768.23-P2	1660	4	633	0
SLC29A1_-_44191323.23-P1	931	3792	2101	1812
SLC29A1_-_44191358.23-P1	2700	7918	3114	508
SLC29A1_-_44191745.23-P1	2750	8090	1052	2074
SLC2A2_+_170744475.23-P1P2	482	2	585	1
SLC2A2_+_170744514.23-P1P2	2	0	385	0
SLC2A2_+_170744525.23-P1P2	641	5812	829	2
SLC2A2_+_170744529.23-P1P2	2768	395	1419	3544
SLC2A2_-_170744470.23-P1P2	4	0	421	0
SLC32A1_+_37352873.23-P1P2	1122	0	483	1
SLC32A1_+_37352942.23-P1P2	1194	1	1357	0
SLC32A1_+_37353184.23-P1P2	1	2	970	0
SLC32A1_-_37353487.23-P1P2	4024	3	601	2
SLC32A1_-_37353566.23-P1P2	790	0	415	0
SLC36A1_+_150838225.23-P2	0	0	142	0
SLC36A1_+_150838660.23-P2	0	1	295	1645
SLC36A1_-_150827177.23-P1	0	0	1139	3
SLC36A1_-_150827197.23-P1	1311	1	1358	1
SLC36A1_-_150827206.23-P1	0	0	1131	4
SLC36A1_-_150827230.23-P1	1	1795	1131	1
SLC36A1_-_150827233.23-P1	1270	5826	848	2038
SLC36A1_-_150838296.23-P2	0	0	323	0
SLC36A1_-_150838431.23-P2	1467	2	1307	1914
SLC36A1_-_150838671.23-P2	3519	4	1794	0
SLC38A3_+_50242755.23-P1P2	8	2	2298	5125
SLC38A3_-_50242741.23-P1P2	3745	4	1536	1
SLC38A3_-_50242750.23-P1P2	4215	1614	2505	3
SLC38A3_-_50243132.23-P1P2	3898	5	1666	2664
SLC38A3_-_50243156.23-P1P2	1327	2201	738	3072
SLC3A1_-_44502646.23-P1P2	808	3	1383	2066
SLC3A1_-_44502667.23-P1P2	2959	2705	807	2474
SLC3A1_-_44502677.23-P1P2	2	3	717	1834
SLC3A1_-_44502855.23-P1P2	2316	3762	2253	2287
SLC3A1_-_44503027.23-P1P2	1	0	1583	1
SLC5A6_+_27434464.23-P1P2	5	1	1236	2692
SLC5A6_+_27434733.23-P1P2	4641	5101	3093	9
SLC5A6_+_27434770.23-P1P2	1777	2	711	1
SLC5A6_-_27434615.23-P1P2	1533	0	1492	1
SLC5A6_-_27434788.23-P1P2	12	4090	3045	3097
SLC6A14_-_115567792.23-P1P2	1	0	714	1291
SLC6A14_-_115567798.23-P1P2	3	0	598	1751
SLC6A14_-_115567847.23-P1P2	1291	2	1338	3
SLC6A14_-_115567852.23-P1P2	812	1346	1675	2
SLC6A14_-_115567880.23-P1P2	1392	1468	808	1
SLC6A1_+_11034491.23-P1P2	2568	4	1396	0
SLC6A1_-_11034625.23-P1P2	1285	2	868	3469
SLC6A1_-_11034784.23-P1P2	2	0	1236	0
SLC6A1_-_11034841.23-P1P2	1536	0	1557	0
SLC6A1_-_11034915.23-P1P2	2	0	1329	1
SLC6A2_+_55690003.23-P1P2	1109	0	1307	1
SLC6A2_+_55690547.23-P1P2	2765	2825	3024	2
SLC6A2_-_55689983.23-P1P2	2120	2074	2280	1
SLC6A2_-_55690060.23-P1P2	2889	2	1248	1649
SLC6A2_-_55690490.23-P1P2	11	5405	2031	1219
SLC6A3_+_1445204.23-P1P2	6	0	840	4072
SLC6A3_+_1445502.23-P1P2	295	0	1563	0
SLC6A3_-_1445063.23-P1P2	0	1	1212	0
SLC6A3_-_1445118.23-P1P2	992	4853	1649	1
SLC6A3_-_1445300.23-P1P2	6727	4734	2929	5730
SLC6A4_+_28562493.23-P1P2	2283	2368	1937	3735
SLC6A4_+_28562686.23-P1P2	2325	4	1832	4326
SLC6A4_-_28562610.23-P1P2	2076	1	596	1
SLC6A4_-_28562623.23-P1P2	0	0	552	340
SLC6A4_-_28562704.23-P1P2	2444	4670	2537	1887
SLC6A5_+_20621183.23-P1P2	2	3152	866	577
SLC6A5_+_20621190.23-P1P2	875	4332	2247	4
SLC6A5_+_20621493.23-P1P2	3496	2027	1036	2
SLC6A5_-_20621527.23-P1P2	3808	3	459	1016
SLC6A5_-_20621634.23-P1P2	1	0	668	1
SLC6A7_+_149569837.23-P1P2	1	0	264	0
SLC6A7_+_149570018.23-P1P2	2307	3	2201	1093
SLC6A7_-_149569705.23-P1P2	2202	2	2503	3
SLC6A7_-_149570069.23-P1P2	0	0	318	0
SLC6A7_-_149570072.23-P1P2	1770	1	263	2
SLC6A8_+_152953523.23-P1P2	2566	2185	1158	5
SLC6A8_+_152953978.23-P1P2	2144	4	3882	0
SLC6A8_-_152953397.23-P1P2	4	3339	649	1
SLC6A8_-_152953407.23-P1P2	3241	5300	621	3985
SLC6A8_-_152953471.23-P1P2	1	0	790	0
SLC6A9_+_44496903.23-P1P2	1614	6	1737	1
SLC6A9_+_44496971.23-P1P2	1330	2	752	1604
SLC6A9_+_44496990.23-P1P2	6	7588	1683	4
SLC6A9_+_44497105.23-P1P2	1192	3	1178	1725
SLC6A9_-_44497020.23-P1P2	752	0	852	3329
SLC7A11_+_139163002.23-P1P2	639	4489	352	1
SLC7A11_+_139163382.23-P1P2	574	1	1278	1709
SLC7A11_+_139163446.23-P1P2	2687	0	753	1752
SLC7A11_+_139163449.23-P1P2	1748	0	1260	1
SLC7A11_+_139163486.23-P1P2	2442	1	1177	1732
SLC7A1_+_30169732.23-P1P2	1	0	813	1546
SLC7A1_-_30169339.23-P1P2	0	0	232	0
SLC7A1_-_30169354.23-P1P2	1641	4622	2803	3515
SLC7A1_-_30169565.23-P1P2	1585	1413	5786	1709
SLC7A1_-_30169779.23-P1P2	3538	1676	1924	4750
SLC7A2_+_17355010.23-P1P2	4	2527	1343	2510
SLC7A2_+_17355040.23-P1P2	2748	3	1220	0
SLC7A2_-_17354635.23-P1P2	0	2	1719	1745
SLC7A2_-_17354649.23-P1P2	12	4611	750	6533
SLC7A2_-_17354864.23-P1P2	1593	5048	1286	2
SLC7A3_+_70150891.23-P1P2	6	3	1125	3568
SLC7A3_+_70150910.23-P1P2	1335	1	1050	1345
SLC7A3_-_70150870.23-P1P2	2809	3	1580	2
SLC7A3_-_70150880.23-P1P2	1	0	1458	0
SLC7A3_-_70150900.23-P1P2	1022	5820	1892	1741
SLC7A4_+_21386392.23-P1P2	1581	3	1073	1883
SLC7A4_+_21386834.23-P1P2	3235	2	1393	2
SLC7A4_+_21386840.23-P1P2	0	0	1434	0
SLC7A4_-_21386412.23-P1P2	0	1	59	0
SLC7A4_-_21386596.23-P1P2	2	5276	1471	4
SLC7A8_+_23652457.23-P1P2	5	1	1458	1909
SLC7A8_+_23652805.23-P1P2	1384	1	847	0
SLC7A8_+_23652828.23-P1P2	0	0	516	0
SLC7A8_+_23652834.23-P1P2	3551	1	306	2
SLC7A8_-_23652854.23-P1P2	1	1	851	0
SLC7A9_+_33360594.23-P1P2	2826	2	1491	0
SLC7A9_+_33360628.23-P1P2	1121	5	1347	3206
SLC7A9_+_33360637.23-P1P2	661	4700	1048	1230
SLC7A9_+_33360640.23-P1P2	2	4781	535	0
SLC7A9_+_33360646.23-P1P2	2968	4	1394	1937
SLC8A1_+_40678789.23-P1	7	3883	794	3278
SLC8A1_+_40679071.23-P1	1	0	1157	0
SLC8A1_+_40739483.23-P2	219	6	989	3797
SLC8A1_+_40739487.23-P2	1044	0	896	1
SLC8A1_-_40679142.23-P1	0	0	470	0
SLC8A1_-_40679162.23-P1	0	2	545	1677
SLC8A1_-_40679182.23-P1	8	1	2026	4051
SLC8A1_-_40739158.23-P2	1271	5191	400	2
SLC8A1_-_40739316.23-P2	3	2719	1021	0
SLC8A1_-_40739521.23-P2	5057	7	2325	3776
SLC9A1_+_27481273.23-P1P2	993	1	974	1
SLC9A1_-_27481140.23-P1P2	2144	1	835	1
SLC9A1_-_27481162.23-P1P2	0	1391	291	0
SLC9A1_-_27481359.23-P1P2	3861	5469	1859	1943
SLC9A1_-_27481416.23-P1P2	1784	11062	1666	4946
SLCO2B1_+_74862217.23-P1P2	1	0	979	2
SLCO2B1_-_74862138.23-P1P2	3872	6	2455	5248
SLCO2B1_-_74862532.23-P1P2	1774	5	1254	1547
SLCO2B1_-_74862537.23-P1P2	1177	4842	967	1917
SLCO2B1_-_74862558.23-P1P2	1688	2	858	0
SLK_+_105726970.23-P1P2	3207	1	1115	6724
SLK_-_105726938.23-P1P2	2711	5308	2386	1999
SLK_-_105726964.23-P1P2	0	0	0	0
SLK_-_105726985.23-P1P2	2948	2	2504	4
SLK_-_105727036.23-P1P2	1260	0	867	0
SMG1_+_18937054.23-P1P2	2588	6345	2486	3
SMG1_+_18937155.23-P1P2	650	6	1818	3201
SMG1_+_18937294.23-P1P2	756	0	663	7
SMG1_-_18937299.23-P1P2	3017	6	1935	5371
SMG1_-_18937307.23-P1P2	989	4	796	3666
SMOX_+_4129500.23-P1P2	1674	4317	2406	96
SMOX_+_4129946.23-P1P2	3497	5	3584	3966
SMOX_-_4129508.23-P1P2	2875	4	3220	3254
SMOX_-_4129514.23-P1P2	1451	11357	3618	3082
SMOX_-_4129517.23-P1P2	1271	2651	1740	2622
SMPD1_+_6411694.23-P1P2	600	2299	1990	0
SMPD1_+_6411907.23-P1P2	1447	1	1308	2
SMPD1_+_6412123.23-P1P2	855	1	822	1811
SMPD1_-_6411725.23-P1P2	1943	0	1007	1420
SMPD1_-_6411732.23-P1P2	0	0	1502	2
SMPD4_+_130939639.23-P1P2	0	0	79	0
SMPD4_+_130939645.23-P1P2	975	5942	1903	3350
SMPD4_-_130938950.23-P1P2	1769	4	2364	1825
SMPD4_-_130939137.23-P1P2	1	1	762	3051
SMPD4_-_130939619.23-P1P2	2044	4426	1506	1
SMS_+_21958791.23-P1P2	2628	5054	902	2490
SMS_+_21958820.23-P1P2	3359	3	1054	1657
SMS_+_21958838.23-P1P2	2898	3	2371	5
SMS_+_21959263.23-P1P2	0	0	173	0
SMS_+_21959308.23-P1P2	3	2	1783	3180
SNAP23_+_42787858.23-P1P2	0	0	0	0
SNAP23_+_42787881.23-P1P2	0	0	249	0
SNAP23_+_42788285.23-P1P2	4	1	946	0
SNAP23_-_42787861.23-P1P2	786	0	262	2
SNAP23_-_42788282.23-P1P2	858	0	124	1727
SNAP25_+_10199550.23-P1P2	5	3776	1145	1858
SNAP25_+_10199968.23-P1P2	1178	0	378	0
SNAP25_-_10199529.23-P1P2	1	0	1224	0
SNAP25_-_10199534.23-P1P2	4	0	1461	1
SNAP25_-_10199709.23-P1P2	2152	3	1404	2
SNRK_+_43328108.23-P1P2	1429	2	1566	1
SNRK_+_43328134.23-P1P2	3091	935	2399	6621
SNRK_+_43328248.23-P1P2	0	1	1259	0
SNRK_+_43328462.23-P1P2	1344	3843	3742	1498
SNRK_-_43328125.23-P1P2	1424	2500	1106	2617
SNRPA_+_41257136.23-P1P2	2246	4	1859	7222
SNRPA_+_41257164.23-P1P2	0	0	0	0
SNRPA_+_41257167.23-P1P2	1	0	135	0
SNRPA_+_41257176.23-P1P2	0	0	118	0
SNRPA_-_41257121.23-P1P2	3	1	1440	0
SNX3_+_108582163.23-P1P2	1260	5	1021	2138
SNX3_+_108582191.23-P1P2	1222	2	1168	1492
SNX3_+_108582201.23-P1P2	1141	5343	1567	1400
SNX3_-_108581815.23-P1P2	3545	4	708	2297
SNX3_-_108582218.23-P1P2	3604	3781	1620	3
SOAT1_+_179262959.23-P1P2	2356	2	913	1477
SOAT1_+_179262980.23-P1P2	1	4973	502	1
SOAT1_-_179262901.23-P1P2	1342	2	2083	1
SOAT1_-_179262965.23-P1P2	1354	7275	2472	2671
SOAT1_-_179263274.23-P1P2	6149	2742	3093	5377
SOAT2_+_53497344.23-P1P2	4803	3	1724	1557
SOAT2_+_53497700.23-P1P2	4	3075	1246	2
SOAT2_-_53497317.23-P1P2	1	2	457	1203
SOAT2_-_53497332.23-P1P2	1249	4507	1126	1
SOAT2_-_53497766.23-P1P2	1325	2	960	2098
SOD1_+_33032036.23-P1P2	3	0	707	0
SOD1_+_33032477.23-P1P2	2	1	2499	2
SOD1_+_33032480.23-P1P2	4	0	1436	1
SOD1_-_33031987.23-P1P2	2	0	346	0
SOD1_-_33032085.23-P1P2	0	0	487	1576
SORCS3_+_106401150.23-P1P2	1536	2	396	0
SORCS3_+_106401490.23-P1P2	2	1	1085	3935
SORCS3_-_106401091.23-P1P2	2548	3	1292	2
SORCS3_-_106401415.23-P1P2	1761	2716	1028	0
SORCS3_-_106401464.23-P1P2	4203	5743	1025	1328
SORD_+_45315351.23-P1P2	5042	4547	2450	7
SORD_+_45315403.23-P1P2	4733	4451	1294	2977
SORD_+_45315432.23-P1P2	2	1358	1417	1797
SORD_+_45315749.23-P1P2	959	2579	1337	6
SORD_-_45315717.23-P1P2	0	0	58	0
SPEG_+_220306801.23-P1	6	3	2381	3804
SPEG_+_220307127.23-P1	1371	0	806	417
SPEG_+_220307179.23-P1	2076	1	1065	1817
SPEG_+_220325432.23-P2	3710	4971	1466	3174
SPEG_+_220325454.23-P2	605	4679	1493	1
SPEG_+_220325500.23-P2	1	2	397	1704
SPEG_-_220306787.23-P1	3	4563	824	2087
SPEG_-_220306811.23-P1	0	0	0	0
SPEG_-_220325667.23-P2	14	11584	2272	961
SPEG_-_220325908.23-P2	1736	5699	1511	4
SPHK1_+_74380758.23-P1P2	1643	1	873	1883
SPHK1_+_74380896.23-P1P2	1577	1	1044	1423
SPHK1_+_74380913.23-P1P2	2874	1	2187	2
SPHK1_+_74381390.23-P1P2	3	1	3070	1869
SPHK1_-_74380803.23-P1P2	1578	2260	763	3
SPHK2_+_49122749.23-P1P2	3	0	2114	1696
SPHK2_+_49123032.23-P1P2	0	1	541	0
SPHK2_-_49122766.23-P1P2	1482	0	677	3
SPHK2_-_49123107.23-P1P2	1	0	904	0
SPHK2_-_49123143.23-P1P2	1	0	581	1784
SPHKAP_+_229046002.23-P1P2	324	1519	721	1992
SPHKAP_-_229045989.23-P1P2	1955	9529	3223	4715
SPHKAP_-_229046343.23-P1P2	758	1	534	1688
SPHKAP_-_229046353.23-P1P2	0	0	303	0
SPHKAP_-_229046371.23-P1P2	1	0	294	0
SPINK6_+_147582612.23-P1P2	3555	2964	1490	1406
SPINK6_+_147582631.23-P1P2	0	0	210	365
SPINK6_+_147582742.23-P1P2	1270	1	618	3
SPINK6_-_147582672.23-P1P2	0	0	277	0
SPINK6_-_147583066.23-P1P2	9	9329	327	3
SPIRE2_+_89895295.23-P1P2	2920	1	1233	1
SPIRE2_+_89895315.23-P1P2	0	0	425	0
SPIRE2_+_89895332.23-P1P2	0	0	72	0
SPIRE2_-_89894924.23-P1P2	7438	5966	2877	6388
SPIRE2_-_89894950.23-P1P2	1080	4	1673	6326
SPRYD3_+_53473108.23-P1P2	985	0	875	0
SPRYD3_+_53473111.23-P1P2	1611	1	548	1755
SPRYD3_+_53473124.23-P1P2	0	2788	700	7
SPRYD3_+_53473134.23-P1P2	1172	2	1674	1931
SPRYD3_-_53472713.23-P1P2	926	1221	959	0
SPR_+_73114520.23-P1P2	4007	1476	2917	1671
SPR_+_73114917.23-P1P2	0	0	0	0
SPR_+_73114976.23-P1P2	0	0	32	0
SPR_-_73114266.23-P1P2	1660	0	745	0
SPR_-_73114568.23-P1P2	0	0	0	0
SPTBN1_+_54683431.23-P1P2	1351	3	3139	5680
SPTBN1_+_54683522.23-P1P2	1968	1	1486	1
SPTBN1_+_54683684.23-P1P2	2	0	88	1905
SPTBN1_-_54683871.23-P1P2	6	2113	1189	4568
SPTBN1_-_54683919.23-P1P2	0	2	1313	1426
SPTLC1_+_94877225.23-P1P2	0	0	135	0
SPTLC1_+_94877253.23-P1P2	1699	1	455	1664
SPTLC1_+_94877266.23-P1P2	1232	5953	939	3
SPTLC1_+_94877476.23-P1P2	873	1	1483	2
SPTLC1_-_94877454.23-P1P2	1	0	788	1798
SPTLC2_-_78082598.23-P1P2	0	0	460	0
SPTLC2_-_78082889.23-P1P2	1350	5	1987	1280
SPTLC2_-_78082929.23-P1P2	0	0	1164	0
SPTLC2_-_78082962.23-P1P2	0	0	85	0
SPTLC2_-_78082965.23-P1P2	1198	0	414	1
SPTLC3_+_12989573.23-P1P2	1645	1	684	0
SPTLC3_+_12989588.23-P1P2	0	1	612	0
SPTLC3_+_12989679.23-P1P2	0	0	279	0
SPTLC3_+_12990027.23-P1P2	11	4988	1534	1
SPTLC3_-_12990032.23-P1P2	4	2691	840	1844
SQLE_+_126010828.23-P1P2	0	0	555	0
SQLE_+_126011191.23-P1P2	0	0	501	0
SQLE_-_126010776.23-P1P2	0	0	0	0
SQLE_-_126010795.23-P1P2	1	0	141	0
SQLE_-_126010862.23-P1P2	0	0	343	0
SRC_+_35974581.23-P1P2	1525	1	1283	1
SRC_+_35974587.23-P1P2	3622	3427	1533	2
SRC_+_35974609.23-P1P2	3411	4752	2345	3
SRC_+_35974613.23-P1P2	1531	2823	3050	3530
SRC_+_35974629.23-P1P2	0	0	0	0
SRMS_+_62179067.23-P1P2	1662	1	605	1
SRMS_+_62179070.23-P1P2	5	5042	1520	2710
SRMS_+_62179075.23-P1P2	2008	4	2146	3850
SRMS_+_62179081.23-P1P2	1534	4	1934	3862
SRMS_+_62179084.23-P1P2	4127	6120	1581	1970
SRPK1_+_35888819.23-P1P2	0	0	207	0
SRPK1_+_35888824.23-P1P2	0	0	962	2092
SRPK1_+_35888829.23-P1P2	9	8797	2137	3
SRPK1_+_35888840.23-P1P2	2766	4	1011	1470
SRPK1_+_35888883.23-P1P2	4324	2300	2323	1792
SRPK2_+_104909105.23-P2	5225	4	1195	1989
SRPK2_+_105028878.23-P1	0	0	813	1
SRPK2_+_105029324.23-P1	2	0	1002	0
SRPK2_+_105029327.23-P1	2	2	910	1353
SRPK2_-_104909011.23-P2	1184	0	1219	0
SRPK2_-_104909049.23-P2	0	0	226	0
SRPK2_-_104909446.23-P2	1959	1200	1570	4
SRPK2_-_104909488.23-P2	2	0	739	1982
SRPK2_-_105028891.23-P1	2	0	1200	1943
SRPK2_-_105029317.23-P1	6035	5	1688	1464
SRPK3_+_153046503.23-P1P2	0	0	898	0
SRPK3_+_153046626.23-P1P2	1	4	1320	3470
SRPK3_-_153046560.23-P1P2	1450	1536	2111	6624
SRPK3_-_153046605.23-P1P2	3426	6	1613	3790
SRPK3_-_153046616.23-P1P2	1308	5663	1152	1916
SRR_+_2207007.23-P1P2	0	0	277	0
SRR_+_2207364.23-P1P2	1	0	1341	0
SRR_-_2207166.23-P1P2	0	0	327	0
SRR_-_2207258.23-P1P2	0	0	140	0
SRR_-_2207311.23-P1P2	3	0	1729	1461
SSB_+_170655344.23-P1P2	2	0	1384	0
SSB_+_170655814.23-P1P2	2	0	922	0
SSB_+_170655817.23-P1P2	3	5	781	3651
SSB_+_170655820.23-P1P2	3456	4	714	3485
SSB_-_170655758.23-P1P2	1	0	575	0
SSH2_+_28257171.23-P1P2	2	0	448	1369
SSH2_+_28257175.23-P1P2	2661	2	749	1706
SSH2_+_28257178.23-P1P2	4426	5626	699	4546
SSH2_+_28257189.23-P1P2	952	3	1383	2945
SSH2_-_28257209.23-P1P2	3362	1006	1394	0
SSH3_+_67071035.23-P1P2	3933	2	2232	3055
SSH3_+_67071072.23-P1P2	6083	3582	2611	1660
SSH3_+_67071188.23-P1P2	10	2081	2778	1641
SSH3_+_67071403.23-P1P2	2541	4	1300	2494
SSH3_+_67071444.23-P1P2	930	4385	895	2
SSTR1_+_38678301.23-P1P2	961	8279	1927	1
SSTR1_+_38678346.23-P1P2	5826	6	3251	2803
SSTR1_+_38678351.23-P1P2	5538	404	2142	4540
SSTR1_-_38678311.23-P1P2	819	4233	2802	1318
SSTR1_-_38678760.23-P1P2	2973	0	2407	1411
SSTR2_+_71161207.23-P1P2	2032	369	914	0
SSTR2_+_71161543.23-P1P2	2	0	600	0
SSTR2_+_71161555.23-P1P2	1483	1	955	0
SSTR2_+_71161569.23-P1P2	2282	0	650	3573
SSTR2_-_71161158.23-P1P2	1396	2	931	1351
SSTR5_+_1122794.23-P2	1584	3	495	2209
SSTR5_+_1122811.23-P2	8	4349	2605	3356
SSTR5_+_1122814.23-P2	4	3	926	2983
SSTR5_+_1123173.23-P2	797	0	1406	1
SSTR5_+_1128821.23-P1	3	0	298	1704
SSTR5_+_1128926.23-P1	2680	3	1954	50
SSTR5_+_1129275.23-P1	2702	4564	1407	1101
SSTR5_-_1122791.23-P2	589	1	1460	1708
SSTR5_-_1128859.23-P1	5040	4	1958	2
SSTR5_-_1128978.23-P1	0	0	1336	358
SST_+_187387949.23-P1P2	1176	0	663	0
SST_+_187388155.23-P1P2	2541	5724	1376	1
SST_-_187387929.23-P1P2	1235	1	1518	252
SST_-_187388126.23-P1P2	1619	1	745	1
SST_-_187388152.23-P1P2	0	0	720	1
ST14_+_130029743.23-P1P2	3290	3942	1059	1114
ST14_+_130029768.23-P1P2	2215	1	1012	1
ST14_+_130030177.23-P1P2	3539	7175	1139	3849
ST14_+_130030195.23-P1P2	753	5661	463	1711
ST14_-_130029737.23-P1P2	1867	8312	2116	3
STK10_+_171614834.23-P1P2	0	1	309	1342
STK10_+_171615183.23-P1P2	2170	9338	2089	6
STK10_+_171615188.23-P1P2	1841	7	1784	6544
STK10_-_171614824.23-P1P2	6	3	2233	1405
STK10_-_171615025.23-P1P2	1645	2	465	1777
STK11IP_+_220462587.23-P1P2	5	4906	69	1
STK11IP_+_220463053.23-P1P2	963	2	452	0
STK11IP_-_220462637.23-P1P2	1524	0	1384	0
STK11IP_-_220462640.23-P1P2	1004	0	0	0
STK11IP_-_220463012.23-P1P2	805	0	754	4419
STK11_+_1206158.23-P1	3392	2387	1206	1018
STK11_+_1206230.23-P1	1702	9162	3876	2
STK11_-_1205791.23-P1	1246	2	545	0
STK11_-_1205806.23-P1	114	0	1549	0
STK11_-_1205821.23-P1	785	0	105	1
STK11_-_1206851.23-P2	1358	10139	1470	2921
STK11_-_1206870.23-P2	0	1564	906	3
STK11_-_1206878.23-P2	1428	3	3047	208
STK11_-_1206882.23-P2	4	0	2739	3194
STK11_-_1207247.23-P2	1396	2	217	1545
STK16_+_220110240.23-P1P2	4963	4413	2778	3
STK16_+_220110286.23-P1P2	1	0	320	31
STK16_+_220110663.23-P1P2	1	2	1007	1386
STK16_-_220110217.23-P1P2	2534	4340	3083	1753
STK16_-_220110297.23-P1P2	9	8727	829	1386
STK17A_+_43622689.23-P1P2	2502	1244	1800	1
STK17A_+_43622781.23-P1P2	7411	13045	2114	9
STK17A_-_43622775.23-P1P2	873	1392	1122	1
STK17A_-_43623146.23-P1P2	2114	2	1532	2492
STK17A_-_43623211.23-P1P2	1208	1	675	1
STK17B_+_197035846.23-P1P2	1252	4614	3427	4
STK17B_+_197036067.23-P1P2	1516	2	1273	0
STK17B_-_197035883.23-P1P2	712	2	2273	3725
STK17B_-_197035911.23-P1P2	2883	1	1183	3076
STK17B_-_197036270.23-P1P2	1424	1	1466	2820
STK19_+_31940153.23-P1P2	1	0	651	0
STK19_+_31940380.23-P1P2	1580	3	714	0
STK19_+_31940392.23-P1P2	1908	3442	1047	2313
STK19_+_31940465.23-P1P2	190	0	848	1744
STK19_+_31940504.23-P1P2	3200	6	1602	1514
STK24_+_99228925.23-P1P2	958	5243	531	3
STK24_+_99228936.23-P1P2	1687	6	2262	1584
STK24_+_99229297.23-P1P2	1	1512	808	0
STK24_+_99229345.23-P1P2	1279	4922	1235	4
STK24_-_99229362.23-P1P2	0	0	0	0
STK25_-_242447568.23-P1P2	1376	2	2424	2
STK25_-_242447613.23-P1P2	0	0	950	1754
STK25_-_242447975.23-P1P2	1364	2	1194	3665
STK25_-_242447978.23-P1P2	1421	1868	1708	354
STK25_-_242448005.23-P1P2	2701	5101	881	5
STK31_+_23749899.23-P1P2	1335	6774	1014	3
STK31_+_23750089.23-P1P2	1544	5585	1156	4
STK31_-_23749909.23-P1P2	3	6	790	2830
STK31_-_23749917.23-P1P2	804	1	400	0
STK31_-_23750099.23-P1P2	810	2	1209	1666
STK32A_+_146614610.23-P1P2	0	3	1277	0
STK32A_+_146614702.23-P1P2	1406	0	335	1871
STK32A_-_146614653.23-P1P2	1407	15333	1999	2737
STK32A_-_146615012.23-P1P2	1623	1	1593	2
STK32A_-_146615015.23-P1P2	1601	3	636	0
STK32B_+_5053250.23-P1P2	4288	4	1245	1
STK32B_+_5053272.23-P1P2	1383	1	652	1
STK32B_+_5053695.23-P1P2	1	3	2535	1
STK32B_-_5053574.23-P1P2	1851	2125	1941	8010
STK32B_-_5053594.23-P1P2	4330	3	1021	2
STK32C_+_134121026.23-P1	1940	4900	493	907
STK32C_+_134144953.23-P2	980	0	0	1
STK32C_+_134145287.23-P2	1	3	628	1
STK32C_+_134145306.23-P2	2961	1324	814	3407
STK32C_+_134145317.23-P2	1423	878	691	0
STK32C_-_134120990.23-P1	4	3933	1349	2
STK32C_-_134121414.23-P1	2529	8113	2849	3
STK32C_-_134121456.23-P1	1431	3	2170	5727
STK32C_-_134121459.23-P1	3769	4	2136	0
STK32C_-_134145295.23-P2	1439	3	1508	1
STK33_-_8615373.23-P1P2	1353	2	915	2
STK33_-_8615519.23-P1P2	1542	7992	1356	1202
STK33_-_8615708.23-P1P2	2766	2423	1981	3540
STK33_-_8615755.23-P1P2	1379	1	1308	76
STK33_-_8615776.23-P1P2	2121	1	1067	1
STK35_-_2083549.23-P1P2	2802	3	1203	1771
STK35_-_2083647.23-P1P2	2275	3	2367	3076
STK35_-_2083960.23-P1P2	1499	2	1501	1
STK35_-_2084011.23-P1P2	1214	1	918	1
STK35_-_2084015.23-P1P2	1021	1	925	0
STK36_+_219536856.23-P1P2	1413	5	2164	933
STK36_+_219537453.23-P1P2	2263	6871	2685	4
STK36_+_219537467.23-P1P2	0	0	214	0
STK36_+_219537487.23-P1P2	5	4807	386	3
STK36_-_219537043.23-P1P2	6	4954	889	1421
STK38L_+_27397614.23-P1P2	3	4	1346	3966
STK38L_+_27397625.23-P1P2	1116	2	1360	2032
STK38L_+_27397643.23-P1P2	2686	1	1743	3591
STK38L_-_27397233.23-P1P2	3184	5248	2166	1412
STK38L_-_27397261.23-P1P2	913	1127	764	1282
STK38_+_36514611.23-P1P2	5374	1	1413	3
STK38_-_36514776.23-P1P2	1679	1	1245	0
STK38_-_36514898.23-P1P2	4797	2667	1413	1
STK38_-_36514950.23-P1P2	0	0	72	770
STK38_-_36515194.23-P1P2	1763	1	2019	1
STK39_+_169104017.23-P1P2	4	4171	995	0
STK39_+_169104020.23-P1P2	2052	1268	2878	7649
STK39_+_169104069.23-P1P2	2136	4347	1358	2
STK39_-_169104033.23-P1P2	953	1450	3697	1589
STK39_-_169104097.23-P1P2	836	0	1768	1242
STK3_+_99837498.23-P1P2	2035	3507	1960	1702
STK3_+_99837502.23-P1P2	645	0	1083	0
STK3_+_99837886.23-P1P2	0	0	560	1672
STK3_-_99837855.23-P1P2	947	8744	1225	1457
STK3_-_99837866.23-P1P2	0	0	55	0
STK40_+_36851113.23-P1P2	1234	2	2797	0
STK40_+_36851316.23-P1P2	2199	1	823	0
STK40_+_36851483.23-P1P2	0	0	239	1
STK40_+_36851486.23-P1P2	3499	4	1479	637
STK40_-_36851520.23-P1P2	5	0	2	0
STK4_+_43599011.23-P2	1361	0	572	0
STK4_+_43599415.23-P2	1	0	252	0
STK4_-_43595191.23-P1	1676	0	1138	1
STK4_-_43595194.23-P1	1213	1	372	0
STK4_-_43595218.23-P1	1338	2153	1664	1724
STK4_-_43595562.23-P1	1	1	191	1576
STK4_-_43595565.23-P1	0	0	730	1
STK4_-_43599099.23-P2	1	0	499	1
STK4_-_43599153.23-P2	0	0	208	0
STK4_-_43599456.23-P2	1	2	1318	2160
STMN4_+_27115874.23-P1P2	4547	2915	1174	4
STMN4_+_27115899.23-P1P2	3261	2815	835	644
STMN4_+_27115906.23-P1P2	0	0	102	543
STMN4_+_27115922.23-P1P2	1311	2	865	1807
STMN4_-_27115504.23-P1P2	0	0	379	0
STRADA_+_61818798.23-P1P2	1587	0	229	1
STRADA_+_61819123.23-P1P2	2103	4	1202	1636
STRADA_+_61819143.23-P1P2	0	0	347	1
STRADA_+_61819146.23-P1P2	3684	2295	1208	0
STRADA_-_61818790.23-P1P2	1370	1	1503	1900
STRADB_+_202316477.23-P1P2	1	3	2604	1964
STRADB_+_202316845.23-P1P2	2654	4	1867	1501
STRADB_+_202316902.23-P1P2	4604	2	2625	2
STRADB_-_202316671.23-P1P2	1	1	399	0
STRADB_-_202316674.23-P1P2	2115	2	888	3
STYK1_+_10826573.23-P1P2	1170	0	1276	0
STYK1_-_10826265.23-P1P2	0	0	220	0
STYK1_-_10826613.23-P1P2	5559	6	2327	3157
STYK1_-_10826616.23-P1P2	2004	1	1752	1850
STYK1_-_10826632.23-P1P2	0	0	405	0
STYXL1_+_75677069.23-P1P2	6	11840	1569	820
STYXL1_+_75677277.23-P1P2	0	0	318	0
STYXL1_-_75676863.23-P1P2	535	5751	2023	1701
STYXL1_-_75676887.23-P1P2	0	0	404	0
STYXL1_-_75676924.23-P1P2	0	0	556	0
SUCLA2_+_48575023.23-P1P2	432	0	333	0
SUCLA2_+_48575401.23-P1P2	1264	0	55	0
SUCLA2_-_48575361.23-P1P2	2711	1	1639	3498
SUCLA2_-_48575370.23-P1P2	2	0	1972	1405
SUCLA2_-_48575397.23-P1P2	6	8	1786	4762
SUCLG1_+_84686343.23-P1P2	1450	975	820	2020
SUCLG1_-_84686322.23-P1P2	1530	5	2695	1907
SUCLG1_-_84686325.23-P1P2	1504	0	643	1896
SUCLG1_-_84686370.23-P1P2	0	0	496	0
SUCLG1_-_84686376.23-P1P2	5	1	1646	1215
SUCLG2_+_67704915.23-P1P2	7271	1	2743	2
SUCLG2_-_67704590.23-P1P2	2	4440	144	2
SUCLG2_-_67705002.23-P1P2	1887	1796	1530	2
SUCLG2_-_67705027.23-P1P2	0	0	0	0
SUCLG2_-_67705042.23-P1P2	2973	1	1275	1
SUCNR1_+_151591462.23-P1P2	4	3040	522	1
SUCNR1_-_151591430.23-P1P2	1165	2	1413	1210
SUCNR1_-_151591454.23-P1P2	1136	0	543	0
SUCNR1_-_151591472.23-P1P2	1499	3627	610	2
SUCNR1_-_151591506.23-P1P2	33	0	96	0
SULT1A1_+_28620868.23-P1P2	4	2	1659	1964
SULT1A1_+_28620872.23-P1P2	4749	5	2806	2154
SULT1A1_-_28620951.23-P1P2	5151	4	1621	2
SULT1A1_-_28621367.23-P1P2	0	2630	524	1
SULT1A1_-_28621371.23-P1P2	1242	1	1379	2
SULT1B1_+_70626237.23-P1P2	2142	1	865	1449
SULT1B1_-_70625872.23-P1P2	761	5201	985	3524
SULT1B1_-_70626252.23-P1P2	1404	1	781	1
SULT1B1_-_70626255.23-P1P2	4	0	1639	2011
SULT1B1_-_70626281.23-P1P2	4364	3	723	507
SULT2A1_+_48389155.23-P1P2	0	0	572	0
SULT2A1_+_48389174.23-P1P2	2845	2	1701	1169
SULT2A1_+_48389184.23-P1P2	2996	2	1712	675
SULT2A1_-_48389569.23-P1P2	6	2	2369	3107
SULT2A1_-_48389575.23-P1P2	1027	3	1532	0
SUOX_+_56391458.23-P1P2	3366	3	1379	2414
SUOX_-_56391117.23-P1P2	1655	2	1380	2274
SUOX_-_56391128.23-P1P2	3	1	802	1642
SUOX_-_56391138.23-P1P2	1344	2801	1686	1
SUOX_-_56391545.23-P1P2	5204	6	2227	2
SV2A_+_149888990.23-P1P2	1599	2	1042	1883
SV2A_-_149889308.23-P1P2	1539	0	1314	1949
SV2A_-_149889313.23-P1P2	4571	2	462	4
SV2A_-_149889322.23-P1P2	3	4320	780	1832
SV2A_-_149889332.23-P1P2	4416	3	872	1588
SYK_+_93564499.23-P1	5	7202	2337	0
SYK_+_93589721.23-P2	3759	0	1119	2
SYK_+_93589798.23-P2	4155	1	522	0
SYK_+_93589899.23-P2	5188	1963	2302	5294
SYK_+_93589904.23-P2	3479	7195	2154	4907
SYK_+_93590091.23-P2	3747	4076	2796	3123
SYK_-_93564431.23-P1	2755	3	1424	1
SYK_-_93564444.23-P1	8	11563	2800	6
SYK_-_93564454.23-P1	4	3121	1293	2887
SYK_-_93564527.23-P1	1	0	1164	0
SYN1_+_47478859.23-P1P2	1373	3933	2302	4801
SYN1_+_47478862.23-P1P2	7446	5222	3028	9
SYN1_+_47479243.23-P1P2	1131	3	2239	1768
SYN1_-_47479221.23-P1P2	6	7281	2371	1696
SYN1_-_47479259.23-P1P2	4181	8425	1252	3312
SYNC_+_33167945.23-P1P2	1212	0	0	2
SYNC_+_33168305.23-P1P2	2305	2	1264	0
SYNC_+_33168313.23-P1P2	2061	0	582	3
SYNC_+_33168338.23-P1P2	8	5104	1606	5
SYNC_+_33168356.23-P1P2	2222	0	1520	1692
SYT2_+_202679090.23-P1P2	5205	2642	1500	2
SYT2_+_202679166.23-P1P2	1530	1	515	2
SYT2_+_202679546.23-P1P2	2658	7	1289	2043
SYT2_-_202679331.23-P1P2	0	0	387	0
SYT2_-_202679405.23-P1P2	1958	3	1686	3859
SYTL4_+_99986398.23-P1P2	1989	5259	2672	6667
SYTL4_+_99987090.23-P1P2	1573	1	606	2623
SYTL4_+_99987094.23-P1P2	1172	0	340	1837
SYTL4_-_99987047.23-P1P2	3331	4	1566	1795
SYTL4_-_99987086.23-P1P2	4	1	409	1653
TAAR1_+_132966642.23-ENST00000275216.1	0	0	241	0
TAAR1_-_132966910.23-ENST00000275216.1	1	2	824	1639
TAAR1_-_132966945.23-ENST00000275216.1	1640	1	539	0
TAAR1_-_132967035.23-ENST00000275216.1	1162	7918	1988	2160
TAAR1_-_132967076.23-ENST00000275216.1	853	2225	1055	1862
TAB1_+_39795788.23-ENST00000216160.6	1	0	435	0
TAB1_+_39795987.23-ENST00000216160.6	1561	0	1002	0
TAB1_+_39796194.23-ENST00000216160.6	0	0	765	1
TAB1_-_39795821.23-ENST00000216160.6	3686	9644	2255	2177
TAB1_-_39795845.23-ENST00000216160.6	0	0	1219	1
TAB2_+_149639219.23-P1P2	757	0	896	0
TAB2_+_149639243.23-P1P2	2088	6598	2223	1525
TAB2_-_149639030.23-P1P2	3833	2	2014	2
TAB2_-_149639465.23-P1P2	0	0	416	1
TAB2_-_149639613.23-P1P2	1	1	2137	1
TACR1_+_75426600.23-P1P2	1423	1	631	2697
TACR1_+_75426603.23-P1P2	2401	7	2234	4
TACR1_+_75426822.23-P1P2	3819	5	2480	4581
TACR1_-_75426168.23-P1P2	0	0	0	0
TACR1_-_75426186.23-P1P2	0	1	1458	1
TAF1L_+_32635035.23-P1P2	0	1	696	1983
TAF1L_-_32634794.23-P1P2	1306	1	902	1
TAF1L_-_32634814.23-P1P2	0	0	489	1
TAF1L_-_32635053.23-P1P2	1115	0	913	0
TAF1L_-_32635067.23-P1P2	0	2	1	3636
TAF1_+_70586600.23-P1P2	0	0	0	0
TAF1_+_70586648.23-P1P2	0	0	0	0
TAF1_-_70586261.23-P1P2	1399	0	0	1
TAF1_-_70586580.23-P1P2	0	0	162	0
TAF1_-_70586615.23-P1P2	1447	2	1164	1332
TAOK1_+_27717866.23-P1P2	0	1	348	0
TAOK1_+_27717965.23-P1P2	2713	5421	1631	1910
TAOK1_+_27718098.23-P1P2	2800	1	4153	1
TAOK1_-_27717907.23-P1P2	2428	2	826	628
TAOK1_-_27717915.23-P1P2	4183	4701	2113	1802
TAOK2_+_29985182.23-P1P2	0	0	189	0
TAOK2_+_29985625.23-P1P2	1676	4290	1203	6348
TAOK2_-_29985240.23-P1P2	0	0	980	0
TAOK2_-_29985252.23-P1P2	0	0	63	0
TAOK2_-_29985259.23-P1P2	2449	1	561	0
TAOK3_+_118796709.23-P2	3	0	1679	0
TAOK3_+_118796747.23-P2	4	0	360	1795
TAOK3_+_118796894.23-P2	2	0	1344	0
TAOK3_+_118810268.23-P1	1366	5692	1301	3
TAOK3_+_118810329.23-P1	1	5493	6	1234
TAOK3_+_118810333.23-P1	369	4217	600	3768
TAOK3_+_118810348.23-P1	1376	2	1985	1391
TAOK3_-_118796467.23-P2	1	2275	390	1
TAOK3_-_118796900.23-P2	1396	3	2	1047
TAOK3_-_118810719.23-P1	2826	6	2489	2631
TAP1_+_32821462.23-P1P2	2030	4	1268	3712
TAP1_+_32821492.23-P1P2	0	4903	548	3
TAP1_-_32821224.23-P1P2	3388	2	1831	3431
TAP1_-_32821415.23-P1P2	0	0	424	0
TAP1_-_32821472.23-P1P2	4628	4108	1728	2328
TARS2_+_150459930.23-P1P2	0	0	0	0
TARS2_-_150459811.23-P1P2	0	0	295	0
TARS2_-_150459929.23-P1P2	0	0	96	0
TARS2_-_150459943.23-P1P2	0	0	0	0
TARS2_-_150459949.23-P1P2	0	0	0	0
TARS_+_33441064.23-P1P2	0	0	91	0
TARS_+_33441121.23-P1P2	0	0	0	0
TARS_+_33441125.23-P1P2	0	0	0	0
TARS_+_33441139.23-P1P2	0	0	85	0
TARS_+_33441144.23-P1P2	0	0	415	0
TAS1R2_+_19185789.23-ENST00000375371.3	4	8128	740	7
TAS1R2_+_19185805.23-ENST00000375371.3	0	0	769	0
TAS1R2_+_19185953.23-ENST00000375371.3	2	3	774	1921
TAS1R2_-_19185823.23-ENST00000375371.3	520	0	932	0
TAS1R2_-_19186066.23-ENST00000375371.3	4	1	1350	1084
TAT_+_71610876.23-P1P2	4	4	2035	3775
TAT_+_71610934.23-P1P2	1133	0	523	1761
TAT_+_71610945.23-P1P2	2395	5137	1778	1293
TAT_+_71610960.23-P1P2	0	0	400	0
TAT_-_71610990.23-P1P2	1422	1	582	0
TBCK_+_107237176.23-P1P2	5	1	1176	1973
TBCK_-_107236934.23-P1P2	4669	0	694	3
TBCK_-_107236938.23-P1P2	2	1	549	0
TBCK_-_107236961.23-P1P2	569	0	878	412
TBCK_-_107237291.23-P1P2	2410	2	869	3046
TBK1_+_64845924.23-P1P2	3	3811	819	1562
TBK1_+_64846196.23-P1P2	1730	1	1497	4154
TBK1_-_64845920.23-P1P2	7	5003	1035	1537
TBK1_-_64845923.23-P1P2	1567	3811	1745	1
TBK1_-_64846281.23-P1P2	3463	2	1314	0
TBXA2R_+_3606552.23-P1P2	1228	2	1615	2762
TBXA2R_+_3606843.23-P1P2	1536	0	2168	1396
TBXA2R_-_3606387.23-P1P2	400	3100	1778	2403
TBXA2R_-_3606692.23-P1P2	1367	4311	1352	1
TBXA2R_-_3606829.23-P1P2	1	1	644	0
TBXAS1_+_139529094.23-P1P2	3	0	1053	2811
TBXAS1_+_139529292.23-P1P2	2819	1	951	1
TBXAS1_+_139529588.23-P1P2	605	0	334	0
TBXAS1_-_139529128.23-P1P2	1070	0	1845	2672
TBXAS1_-_139529131.23-P1P2	1	0	704	0
TCN1_+_59633863.23-P1P2	4020	3365	1914	1587
TCN1_+_59633911.23-P1P2	110	4186	775	2
TCN1_+_59633947.23-P1P2	1	0	343	0
TCN1_-_59633607.23-P1P2	4	0	452	2173
TCN1_-_59633921.23-P1P2	1441	1	809	1477
TEC_+_48271833.23-P1P2	4617	8	2764	2
TEC_-_48271388.23-P1P2	2	0	1154	1758
TEC_-_48271495.23-P1P2	2275	5	1304	1927
TEC_-_48271636.23-P1P2	3241	5281	1564	2384
TEC_-_48271836.23-P1P2	264	1831	1516	1336
TEK_+_27109436.23-P1P2	0	0	180	0
TEK_+_27109461.23-P1P2	0	0	255	1
TEK_+_27109514.23-P1P2	2	0	887	0
TEK_-_27109502.23-P1P2	0	0	0	0
TEK_-_27109619.23-P1P2	1013	0	78	0
TENC1_+_53443835.23-P1P2	1599	4480	1800	2
TENC1_+_53443842.23-P1P2	1984	1	976	2
TENC1_+_53443919.23-P1P2	2767	4	1406	636
TENC1_+_53444311.23-P1P2	5546	2821	2185	1835
TENC1_-_53443871.23-P1P2	3822	3478	2856	3809
TESK1_+_35605734.23-P1P2	3052	2	2184	1508
TESK1_-_35605273.23-P1P2	0	1	321	522
TESK1_-_35605284.23-P1P2	0	0	1146	0
TESK1_-_35605481.23-P1P2	1	0	842	1621
TESK1_-_35605808.23-P1P2	2823	0	1097	0
TESK2_+_45956384.23-P1P2	2012	1	1555	1732
TESK2_+_45956395.23-P1P2	700	1068	2145	3171
TESK2_-_45956402.23-P1P2	895	5	1407	4839
TESK2_-_45956412.23-P1P2	828	1	628	0
TESK2_-_45956797.23-P1P2	1324	4	1772	6038
TEX14_+_56769428.23-P1P2	1742	6	1259	2
TEX14_-_56769391.23-P1P2	0	0	0	0
TEX14_-_56769395.23-P1P2	0	0	323	0
TEX14_-_56769461.23-P1P2	0	0	106	0
TEX14_-_56769896.23-P1P2	0	0	135	0
TFF2_+_43770833.23-P1P2	1872	11859	973	5
TFF2_+_43771038.23-P1P2	1143	4	1327	1801
TFF2_-_43770676.23-P1P2	0	2	116	3511
TFF2_-_43770707.23-P1P2	2519	1	941	3261
TFF2_-_43770714.23-P1P2	0	1	944	0
TFPI_+_188418825.23-P1P2	2331	2	1156	0
TFPI_+_188419180.23-P1P2	0	0	157	0
TFPI_-_188419120.23-P1P2	1396	0	522	0
TFPI_-_188419191.23-P1P2	1581	1	580	2
TFPI_-_188419207.23-P1P2	2009	4	1423	1
TF_+_133465271.23-P1	1	0	1117	0
TF_+_133465449.23-P1	2793	2	670	2093
TF_+_133465622.23-P1	1196	7604	826	1863
TF_+_133483153.23-P2	2335	4	1691	4789
TF_-_133465289.23-P1	1907	2656	2241	2350
TF_-_133465300.23-P1	1	2513	1	1
TF_-_133483076.23-P2	0	0	698	0
TF_-_133483086.23-P2	562	1	863	1077
TF_-_133483103.23-P2	2745	1	1267	1
TF_-_133483131.23-P2	1	0	1660	0
TGFBR1_-_101867432.23-P1P2	7516	7	2305	3357
TGFBR1_-_101867493.23-P1P2	0	0	0	0
TGFBR1_-_101867854.23-P1P2	1	0	1068	1327
TGFBR1_-_101867864.23-P1P2	0	0	116	0
TGFBR1_-_101867886.23-P1P2	4	2	1455	1963
TGFBR2_+_30648131.23-P1P2	7031	4	1185	6414
TGFBR2_+_30648147.23-P1P2	0	0	1642	0
TGFBR2_+_30648526.23-P1P2	6977	9	1390	5899
TGFBR2_+_30648531.23-P1P2	5900	1653	4147	1201
TGFBR2_-_30648144.23-P1P2	6019	7	3134	3443
TGM2_+_36793621.23-P1P2	4524	4	1169	1693
TGM2_+_36793654.23-P1P2	1	4009	792	2
TGM2_-_36793660.23-P1P2	3465	4608	1464	7
TGM2_-_36793663.23-P1P2	1415	6823	3528	1248
TGM2_-_36793688.23-P1P2	3	3007	700	3
THNSL1_+_25305603.23-P1P2	1947	7713	523	1557
THNSL1_+_25305974.23-P1P2	3030	4	1584	3
THNSL1_+_25305986.23-P1P2	2905	2	1725	2702
THNSL1_+_25305989.23-P1P2	4063	2584	2129	2979
THNSL1_-_25305575.23-P1P2	0	0	111	0
THRA_+_38219267.23-P1P2	4046	8477	2240	5
THRA_+_38219603.23-P1P2	1683	0	1408	0
THRA_+_38219623.23-P1P2	2517	6681	2227	4318
THRA_+_38219634.23-P1P2	1849	2595	2790	2916
THRA_-_38219609.23-P1P2	658	0	2968	2
TH_+_2187669.23-P2	1	3	1278	0
TH_+_2187988.23-P2	787	0	2221	2
TH_+_2192967.23-P1	1440	1	1258	2046
TH_+_2192978.23-P1	3075	3644	3693	1189
TH_-_2187539.23-P2	0	0	987	0
TH_-_2187967.23-P2	5	3	2236	2746
TH_-_2188006.23-P2	3095	6887	2404	1304
TH_-_2192700.23-P1	1	2	1685	0
TH_-_2192862.23-P1	3	2	393	3730
TH_-_2192974.23-P1	4647	2203	1376	4
TIE1_+_43766703.23-P1P2	1951	4299	1951	2889
TIE1_+_43766722.23-P1P2	0	1	865	0
TIE1_+_43766732.23-P1P2	1695	4	1279	1772
TIE1_-_43766668.23-P1P2	1261	2655	2508	1698
TIE1_-_43766750.23-P1P2	2549	2	1762	1
TK1_+_76183079.23-P1P2	3	3	1388	4554
TK1_+_76183098.23-P1P2	3	4930	480	3
TK1_+_76183131.23-P1P2	1	0	490	0
TK1_-_76182693.23-P1P2	0	0	367	0
TK1_-_76182696.23-P1P2	3	3176	640	0
TK2_+_66583987.23-P1P2	1	0	930	1
TK2_-_66583970.23-P1P2	1207	2	1466	1677
TK2_-_66583977.23-P1P2	1672	6	1339	2891
TK2_-_66583986.23-P1P2	4893	2	1105	3564
TK2_-_66583992.23-P1P2	1384	4485	1877	2982
TLK1_-_172016879.23-P1P2	2582	5514	1184	4
TLK1_-_172016998.23-P1P2	1313	2200	1726	1450
TLK1_-_172017100.23-P1P2	2	0	397	0
TLK1_-_172017103.23-P1P2	3224	1	298	1
TLK1_-_172017299.23-P1P2	2223	5711	1799	2707
TLK2_+_60556701.23-P1P2	1	0	651	1628
TLK2_+_60556744.23-P1P2	4963	4648	2275	6885
TLK2_-_60556687.23-P1P2	692	2	436	0
TLK2_-_60556721.23-P1P2	1659	0	610	1670
TLK2_-_60556908.23-P1P2	549	1	689	0
TLL2_+_98273601.23-P1P2	4098	5317	1236	1783
TLL2_+_98273633.23-P1P2	2410	4098	2410	1306
TLL2_-_98273256.23-P1P2	2822	9219	2771	1624
TLL2_-_98273269.23-P1P2	2305	2237	2441	351
TLL2_-_98273618.23-P1P2	2681	4258	2499	1598
TLR2_+_154605798.23-P1P2	4125	932	1378	0
TLR2_+_154605845.23-P1P2	4810	3	2909	2649
TLR2_+_154605903.23-P1P2	51	4	1879	2787
TLR2_-_154605469.23-P1P2	1131	3926	1161	5276
TLR2_-_154605805.23-P1P2	4	1177	1525	1263
TLR7_+_12885208.23-P1P2	2922	0	493	4
TLR7_+_12885665.23-P1P2	781	1	618	0
TLR7_-_12885218.23-P1P2	0	0	151	0
TLR7_-_12885242.23-P1P2	1	1511	366	2
TLR7_-_12885633.23-P1P2	1275	1	239	0
TLR8_+_12924753.23-P1P2	1769	1	904	1467
TLR8_+_12924756.23-P1P2	0	0	811	0
TLR8_-_12924771.23-P1P2	2	6151	453	1
TLR8_-_12924799.23-P1P2	1	0	554	0
TLR8_-_12925181.23-P1P2	0	0	0	0
TMLHE_+_154842174.23-P1P2	4	1	198	1674
TMLHE_+_154842196.23-P1P2	2799	2	428	2
TMLHE_+_154842396.23-P1P2	2049	4907	2121	1552
TMLHE_-_154842517.23-P1P2	0	1	247	0
TMLHE_-_154842521.23-P1P2	1436	4	680	1
TMPRSS15_+_19776049.23-P1P2	251	4746	901	1364
TMPRSS15_+_19776065.23-P1P2	3156	0	251	5
TMPRSS15_-_19775629.23-P1P2	1	0	1171	0
TMPRSS15_-_19775862.23-P1P2	0	0	361	0
TMPRSS15_-_19776100.23-P1P2	5	1	891	2025
TNFSF11_+_43148338.23-P1P2	4962	8406	2263	3
TNFSF11_+_43148361.23-P1P2	6306	5829	1975	356
TNFSF11_-_43148334.23-P1P2	1	0	1422	0
TNFSF11_-_43148349.23-P1P2	2393	7	2184	6125
TNFSF11_-_43148390.23-P1P2	1	0	478	0
TNFSF13B_+_108922422.23-P1P2	2619	3	1809	2
TNFSF13B_+_108922454.23-P1P2	1605	3	1845	5101
TNFSF13B_+_108922476.23-P1P2	1571	2214	1740	2839
TNFSF13B_-_108922432.23-P1P2	1118	1	1807	1
TNFSF13B_-_108922464.23-P1P2	1387	0	591	2
TNIK_+_171177833.23-P1P2	1466	11463	2466	1760
TNIK_+_171177915.23-P1P2	1464	0	875	0
TNIK_-_171178091.23-P1P2	2785	6650	1455	1
TNIK_-_171178114.23-P1P2	2036	3145	1864	3132
TNIK_-_171178123.23-P1P2	1037	5577	1671	5
TNK1_+_7284663.23-P1P2	3	3	1233	1701
TNK1_-_7284438.23-P1P2	7359	3213	801	4
TNK1_-_7284456.23-P1P2	2264	4675	2198	4
TNK1_-_7284770.23-P1P2	6	2	288	2012
TNK1_-_7284801.23-P1P2	3389	5	745	1417
TNK2_+_195603579.23-P1	1	2489	2086	1
TNK2_+_195619165.23-P2	1378	1	1298	0
TNK2_+_195619210.23-P2	1112	0	1061	0
TNK2_-_195603171.23-P1	3647	4738	790	5
TNK2_-_195603348.23-P1	3047	1858	1039	1
TNK2_-_195603507.23-P1	5510	1	1703	4
TNK2_-_195603595.23-P1	610	2859	717	1739
TNK2_-_195619174.23-P2	6208	9	4131	3300
TNK2_-_195619539.23-P2	1712	5777	3649	2861
TNK2_-_195619544.23-P2	2443	0	2464	2
TNNC1_+_52487994.23-P1P2	0	2	932	1418
TNNC1_+_52488001.23-P1P2	1	2	652	1819
TNNC1_+_52488006.23-P1P2	984	0	333	1
TNNC1_+_52488012.23-P1P2	4	6628	751	3
TNNC1_-_52487614.23-P1P2	2640	2	482	0
TNNC2_+_44455868.23-P1P2	6	2868	770	0
TNNC2_+_44455883.23-P1P2	1905	8817	2458	4
TNNC2_+_44455907.23-P1P2	1500	3	1589	1
TNNC2_+_44455943.23-P1P2	0	0	105	0
TNNC2_-_44455986.23-P1P2	1294	3004	745	971
TNNI3K_+_74701487.23-ENST00000326637.3	0	0	723	1
TNNI3K_-_74701083.23-ENST00000326637.3	4	3	982	1969
TNNI3K_-_74701111.23-ENST00000326637.3	2	1	720	1744
TNNI3K_-_74701252.23-ENST00000326637.3	0	0	388	0
TNNI3K_-_74701440.23-ENST00000326637.3	4	0	618	1365
TNNI3_+_55668650.23-P1P2	1	1	420	1906
TNNI3_+_55669027.23-P1P2	770	1	928	1
TNNI3_+_55669049.23-P1P2	5	9047	647	0
TNNI3_+_55669057.23-P1P2	3546	1	1258	357
TNNI3_-_55669047.23-P1P2	0	0	807	0
TOP1MT_+_144416598.23-P1P2	638	6507	1003	5
TOP1MT_+_144416842.23-P1P2	4	1189	733	3150
TOP1MT_+_144416903.23-P1P2	4262	3	978	2
TOP1MT_+_144416976.23-P1P2	2140	1613	1682	2183
TOP1MT_+_144417016.23-P1P2	1	2	1829	0
TP53RK_+_45318043.23-P1P2	1	0	362	0
TP53RK_+_45318049.23-P1P2	0	0	209	819
TP53RK_-_45317658.23-P1P2	1134	5952	2091	1112
TP53RK_-_45317703.23-P1P2	4	1972	1813	1518
TP53RK_-_45318042.23-P1P2	1	0	766	484
TPD52L3_+_6328794.23-P1P2	1804	2	944	0
TPD52L3_-_6328378.23-P1P2	896	5096	619	4
TPD52L3_-_6328404.23-P1P2	1168	1	518	0
TPD52L3_-_6328626.23-P1P2	0	1	431	0
TPD52L3_-_6328807.23-P1P2	2470	8	1696	8060
TPH1_+_18047661.23-P1P2	5	4279	1509	2263
TPH1_-_18048045.23-P1P2	0	2	416	1218
TPH1_-_18048055.23-P1P2	1	3111	1	2
TPH1_-_18048102.23-P1P2	1236	0	1018	4
TPH1_-_18048148.23-P1P2	1516	2406	235	400
TPI1_-_6976675.23-P1P2	0	0	0	0
TPI1_-_6976921.23-P1P2	1	2257	946	1
TPI1_-_6977036.23-P1P2	1192	4003	849	4
TPI1_-_6977151.23-P1P2	1857	4	2568	4732
TPI1_-_6977161.23-P1P2	1	0	290	0
TPK1_+_144532869.23-P1P2	4	1	1542	2186
TPK1_+_144533076.23-P1P2	1362	3	1587	2069
TPK1_-_144533065.23-P1P2	2980	3384	966	2
TPK1_-_144533096.23-P1P2	125	3	1202	2502
TPK1_-_144533190.23-P1P2	2	2	884	1779
TPMT_+_18155239.23-P1P2	2391	1	2869	1706
TPMT_+_18155248.23-P1P2	0	1	876	0
TPMT_+_18155258.23-P1P2	6	6	1083	5916
TPMT_+_18155262.23-P1P2	1	0	1216	0
TPMT_+_18155297.23-P1P2	3264	1971	1397	2
TPSAB1_+_1291232.23-P1P2	1388	0	1522	2
TPSAB1_-_1291180.23-P1P2	3865	5	1688	1400
TPSAB1_-_1291192.23-P1P2	0	0	918	1
TPSAB1_-_1291246.23-P1P2	1548	2	668	1970
TPSAB1_-_1291339.23-P1P2	1588	1	2217	2
TPSB2_+_1279233.23-P1P2	1	0	861	0
TPSB2_+_1279634.23-P1P2	2	0	1524	0
TPSB2_-_1279243.23-P1P2	2	5411	637	0
TPSB2_-_1279247.23-P1P2	1296	4	971	0
TPSB2_-_1279649.23-P1P2	2448	3	1609	1357
TPTE2_+_20077053.23-ENST00000400230.2	2619	1	818	0
TPTE2_+_20077192.23-ENST00000400230.2	577	6054	614	1535
TPTE2_+_20110537.23-ENST00000382977.4	3702	1720	1133	2
TPTE2_+_20110578.23-ENST00000382977.4	1	0	827	0
TPTE2_+_20110856.23-ENST00000382977.4	2226	3435	1573	3
TPTE2_+_20110876.23-ENST00000382977.4	0	0	797	0
TPTE2_-_20077014.23-ENST00000400230.2	0	0	0	0
TPTE2_-_20077136.23-ENST00000400230.2	7	2	1592	2084
TPTE2_-_20077226.23-ENST00000400230.2	2464	2	628	3241
TPTE2_-_20110867.23-ENST00000382977.4	0	0	153	2
TPTE_-_10990450.23-P1P2	1359	4	2032	1917
TPTE_-_10990785.23-P1P2	2165	4	1379	1756
TPTE_-_10990794.23-P1P2	955	6	1458	2829
TPTE_-_10990826.23-P1P2	7	1	1363	4949
TPTE_-_10990844.23-P1P2	2254	3	2555	2932
TRAF3IP3_+_209929530.23-P1	1625	2	382	1
TRAF3IP3_+_209929854.23-P1	0	0	1213	1
TRAF3IP3_+_209942001.23-P2	6	6704	1111	1516
TRAF3IP3_+_209942277.23-P2	1471	2	989	1
TRAF3IP3_-_209929509.23-P1	1610	1	268	0
TRAF3IP3_-_209929536.23-P1	1173	4549	1036	7
TRAF3IP3_-_209929938.23-P1	154	1	545	1984
TRAF3IP3_-_209941903.23-P2	1	0	206	0
TRAF3IP3_-_209941926.23-P2	765	5872	1424	3
TRAF3IP3_-_209941953.23-P2	6	0	361	5132
TRAPPC1_+_7835084.23-P1P2	0	0	83	0
TRAPPC1_+_7835186.23-P1P2	0	0	711	1
TRAPPC1_+_7835244.23-P1P2	0	0	1299	0
TRAPPC1_+_7835274.23-P1P2	1057	4295	1130	1636
TRAPPC1_-_7835236.23-P1P2	5	0	115	3444
TRAPPC2_+_13752454.23-ENST00000358231.5,ENST00000359680.5,ENST00000380579.1	879	3573	504	1
TRAPPC2_+_13752701.23-ENST00000358231.5,ENST00000359680.5,ENST00000380579.1	872	13887	1221	692
TRAPPC2_+_13752723.23-ENST00000358231.5,ENST00000359680.5,ENST00000380579.1	948	0	1297	1593
TRAPPC2_+_13752743.23-ENST00000358231.5,ENST00000359680.5,ENST00000380579.1	1326	2	1738	1137
TRAPPC2_-_13752487.23-ENST00000358231.5,ENST00000359680.5,ENST00000380579.1	0	1	1588	2
TRAPPC3_+_36615009.23-P1P2	0	0	51	0
TRAPPC3_+_36615028.23-P1P2	0	0	0	0
TRAPPC3_+_36615040.23-P1P2	4420	1	338	1
TRAPPC3_-_36615015.23-P1P2	1331	2	1955	0
TRAPPC3_-_36615043.23-P1P2	1	2	1057	2780
TRAPPC4_+_118889221.23-P1P2	0	0	0	0
TRAPPC4_-_118889508.23-P1P2	541	0	1058	3
TRAPPC4_-_118889684.23-P1P2	1566	4997	1841	1617
TRAPPC4_-_118889743.23-P1P2	1056	0	1657	1
TRAPPC4_-_118889894.23-P1P2	2332	2	201	2
TRAPPC5_+_7745760.23-P1P2	0	0	1	0
TRAPPC5_+_7746133.23-P1P2	1327	1	1476	1552
TRAPPC5_+_7746208.23-P1P2	1394	1	1	2
TRAPPC5_-_7745764.23-P1P2	0	0	917	1
TRAPPC5_-_7745970.23-P1P2	1078	6	1002	4917
TRAPPC6A_+_45681430.23-P1P2	1	0	429	0
TRAPPC6A_+_45681477.23-P1P2	3	1	1169	1783
TRAPPC6A_-_45681105.23-P1P2	2	3468	782	2
TRAPPC6A_-_45681253.23-P1P2	2655	3	313	1309
TRAPPC6A_-_45681291.23-P1P2	3393	2	2546	3118
TRAPPC6B_+_39639557.23-P1P2	4	3115	730	0
TRAPPC6B_-_39639165.23-P1P2	2	0	131	0
TRAPPC6B_-_39639506.23-P1P2	850	1	1173	3439
TRAPPC6B_-_39639522.23-P1P2	0	0	171	0
TRAPPC6B_-_39639542.23-P1P2	1434	3	1672	1462
TRDMT1_+_17243598.23-P1P2	1301	0	2396	1713
TRDMT1_+_17243655.23-P1P2	7	3821	1674	5565
TRDMT1_-_17243223.23-P1P2	2	2929	1472	2
TRDMT1_-_17243243.23-P1P2	0	1	385	18
TRDMT1_-_17243626.23-P1P2	884	3	1710	2081
TREM1_+_41254327.23-P1P2	0	0	219	0
TREM1_+_41254372.23-P1P2	0	0	106	0
TREM1_+_41254378.23-P1P2	3404	2758	931	3820
TREM1_+_41254411.23-P1P2	1475	0	397	0
TREM1_-_41254447.23-P1P2	7	7150	3829	1619
TRIB1_+_126442659.23-P1P2	3230	6291	2323	5
TRIB1_+_126442827.23-P1P2	4565	2	807	2
TRIB1_+_126442830.23-P1P2	1665	0	1556	3
TRIB1_+_126442999.23-P1P2	2	1	1744	3729
TRIB1_-_126442863.23-P1P2	2	0	896	0
TRIB2_+_12857119.23-P1P2	2327	0	2085	2
TRIB2_+_12857156.23-P1P2	1713	9057	3340	3605
TRIB2_+_12857161.23-P1P2	3527	4	1923	1
TRIB2_+_12857504.23-P1P2	2896	3	2290	248
TRIB2_+_12857586.23-P1P2	1029	3	1271	1199
TRIB3_+_361672.23-P1P2	2687	6172	1464	3
TRIB3_-_361456.23-P1P2	1300	4	1772	1005
TRIB3_-_361463.23-P1P2	0	1	508	1
TRIB3_-_361498.23-P1P2	2	1555	680	1
TRIB3_-_361656.23-P1P2	5	5667	1025	2
TRIM24_+_138145572.23-P1P2	1	0	1307	1
TRIM24_-_138145197.23-P1P2	862	4348	2366	862
TRIM24_-_138145240.23-P1P2	0	1	1233	0
TRIM24_-_138145308.23-P1P2	1	0	126	0
TRIM24_-_138145400.23-P1P2	7	5351	1213	1
TRIM28_+_59055390.23-P1P2	0	0	694	0
TRIM28_+_59055947.23-P1P2	3165	3329	2241	6735
TRIM28_-_59055460.23-P1P2	2647	2	488	1573
TRIM28_-_59055912.23-P1P2	4781	3	2895	5
TRIM28_-_59056127.23-P1P2	1060	2544	1394	1715
TRIM33_+_115053499.23-P1P2	2587	7529	2487	4
TRIM33_+_115053781.23-P1P2	2096	3	2771	2660
TRIM33_+_115053799.23-P1P2	1545	2	165	0
TRIM33_-_115053636.23-P1P2	13	13427	1513	2693
TRIM33_-_115053795.23-P1P2	1470	2	1699	1698
TRIO_+_14143488.23-P1P2	1418	4994	626	940
TRIO_+_14143496.23-P1P2	2846	3	2458	1760
TRIO_-_14143475.23-P1P2	0	0	1	0
TRIO_-_14143500.23-P1P2	456	2	1616	1
TRIO_-_14143841.23-P1P2	2829	1	2357	2
TRPA1_+_72987396.23-P1P2	0	0	75	0
TRPA1_-_72987334.23-P1P2	2608	2	1184	0
TRPA1_-_72987392.23-P1P2	0	0	575	1
TRPA1_-_72987403.23-P1P2	1345	1	840	1
TRPA1_-_72987798.23-P1P2	2139	3	1643	1773
TRPM6_+_77502325.23-P1P2	1689	1	1107	1543
TRPM6_+_77502333.23-P1P2	2	1913	1654	3131
TRPM6_+_77502354.23-P1P2	0	0	805	1
TRPM6_+_77502357.23-P1P2	0	0	0	0
TRPM6_+_77502525.23-P1P2	0	0	900	1
TRPM7_+_50978794.23-P1P2	4264	1	1111	1863
TRPM7_+_50978930.23-P1P2	1784	6	1407	1598
TRPM7_-_50978595.23-P1P2	1431	1	1337	0
TRPM7_-_50978757.23-P1P2	1	0	1130	1
TRPM7_-_50978805.23-P1P2	0	0	669	0
TRPM8_+_234826008.23-P1P2	0	0	297	0
TRPM8_+_234826065.23-P1P2	1095	0	0	0
TRPM8_-_234826037.23-P1P2	2	0	1634	1706
TRPM8_-_234826077.23-P1P2	2242	1	1050	1624
TRPM8_-_234826256.23-P1P2	2618	5	1321	1815
TRPV1_+_3499964.23-P1P2	1496	4894	804	1716
TRPV1_+_3500317.23-P1P2	1144	0	246	0
TRPV1_+_3500355.23-P1P2	1033	3	341	1255
TRPV1_-_3500224.23-P1P2	930	1	1208	2711
TRPV1_-_3500391.23-P1P2	2215	1585	3801	3111
TRPV3_+_3438861.23-P2	2341	4	1101	4915
TRPV3_+_3438877.23-P2	2975	3136	1292	1194
TRPV3_-_3438848.23-P2	3994	2	2798	1299
TRPV3_-_3438855.23-P2	2765	3710	2366	3548
TRPV3_-_3438888.23-P2	2311	0	537	1919
TRPV3_-_3460656.23-P1	3	1	1052	1328
TRPV3_-_3461053.23-P1	1261	2912	1752	1
TRPV3_-_3461082.23-P1	5	6245	1823	2005
TRPV3_-_3461104.23-P1	1271	2	1153	3189
TRPV3_-_3461113.23-P1	3043	7	885	3559
TRRAP_-_98476108.23-P1P2	1	1	778	0
TRRAP_-_98476196.23-P1P2	1	0	1175	0
TRRAP_-_98476562.23-P1P2	0	0	421	0
TRRAP_-_98476572.23-P1P2	0	0	539	0
TRRAP_-_98476600.23-P1P2	1150	0	774	0
TSKS_+_50266488.23-P1P2	1263	1	1	679
TSKS_+_50266500.23-P1P2	4553	4	1569	3818
TSKS_+_50266521.23-P1P2	3	2148	870	0
TSKS_+_50266535.23-P1P2	1	0	1003	1
TSKS_+_50266539.23-P1P2	1	0	470	0
TSPO_+_43547582.23-P1P2	1218	2	452	1467
TSPO_+_43547598.23-P1P2	1315	2	513	0
TSPO_+_43547937.23-P1P2	766	0	1027	0
TSPO_-_43547927.23-P1P2	0	0	0	0
TSPO_-_43547972.23-P1P2	1967	0	1113	1
TSSK1B_+_112770265.23-P1P2	3	5942	95	1
TSSK1B_+_112770660.23-P1P2	2169	0	339	3
TSSK1B_-_112770593.23-P1P2	5062	5027	2766	3499
TSSK1B_-_112770636.23-P1P2	6	3608	1791	1664
TSSK1B_-_112770670.23-P1P2	1690	1	997	0
TSSK2_+_19118825.23-P1P2	8	4094	559	1986
TSSK2_+_19119276.23-P1P2	1755	2	1372	1
TSSK2_-_19118809.23-P1P2	3050	2	2871	1
TSSK2_-_19118871.23-P1P2	547	3537	1928	777
TSSK2_-_19118875.23-P1P2	3011	5004	2176	2
TSSK3_-_32827757.23-P1P2	0	0	353	0
TSSK3_-_32827801.23-P1P2	3117	1	1761	1876
TSSK3_-_32828258.23-P1P2	1	0	1128	0
TSSK3_-_32828592.23-P1P2	1027	2547	509	0
TSSK3_-_32828601.23-P1P2	3360	3	1293	1569
TSSK4_+_24674949.23-P1P2	2	0	537	0
TSSK4_+_24674952.23-P1P2	0	0	452	0
TSSK4_+_24674955.23-P1P2	3	0	899	1812
TSSK4_+_24675310.23-P1P2	2	2	205	1334
TSSK4_-_24675358.23-P1P2	1114	1	1432	1
TSSK6_+_19626893.23-P1P2	3	2	1725	1254
TSSK6_+_19626896.23-P1P2	1424	3760	905	1589
TSSK6_+_19626935.23-P1P2	1189	2	1131	1273
TSSK6_-_19626546.23-P1P2	0	0	443	0
TSSK6_-_19626774.23-P1P2	3322	2601	914	2858
TSTA3_+_144699299.23-P1P2	0	0	1539	2
TSTA3_-_144699275.23-P1P2	5	8873	1085	4
TSTA3_-_144699285.23-P1P2	1	1	1	1613
TSTA3_-_144699631.23-P1P2	10189	1756	1943	1589
TSTA3_-_144699678.23-P1P2	400	2	976	1635
TST_+_37415273.23-P1P2	3322	2	638	4
TST_+_37415316.23-P1P2	1432	1	1068	1
TST_-_37415026.23-P1P2	1848	1	1314	3192
TST_-_37415055.23-P1P2	0	0	888	0
TST_-_37415067.23-P1P2	4	2	571	981
TTBK1_+_43211259.23-P1P2	1	1	919	3
TTBK1_+_43211658.23-P1P2	1427	1	1736	1
TTBK1_+_43211663.23-P1P2	3585	4	3342	1705
TTBK1_+_43211699.23-P1P2	2070	2617	753	18
TTBK1_-_43211275.23-P1P2	24	2011	1848	0
TTBK2_+_43212572.23-P1P2	170	3	959	3344
TTBK2_+_43212941.23-P1P2	947	4	607	2
TTBK2_+_43212945.23-P1P2	2288	0	834	1603
TTBK2_+_43212957.23-P1P2	2	0	2443	0
TTBK2_+_43212981.23-P1P2	1611	2	1127	2
TTK_+_80714409.23-P1P2	0	0	0	0
TTK_-_80714359.23-P1P2	0	0	250	0
TTK_-_80714487.23-P1P2	0	0	0	0
TTK_-_80714560.23-P1P2	0	0	142	0
TTK_-_80714765.23-P1P2	0	0	0	0
TTN_+_179659671.23-P2	3958	5133	2125	1628
TTN_+_179659695.23-P2	3964	4660	3834	1122
TTN_+_179672111.23-P1	307	0	1565	0
TTN_+_179672118.23-P1	1249	2	1736	2002
TTN_+_179672155.23-P1	0	0	0	0
TTN_-_179659664.23-P2	0	0	236	1422
TTN_-_179659706.23-P2	1961	5	2038	1
TTN_-_179659709.23-P2	0	0	667	0
TTN_-_179672124.23-P1	1993	3	1902	2040
TTN_-_179672160.23-P1	1597	0	1138	2
TUBA1B_+_49524988.23-P1P2	0	0	100	0
TUBA1B_-_49524730.23-P1P2	0	0	12	0
TUBA1B_-_49524741.23-P1P2	0	0	0	0
TUBA1B_-_49525087.23-P1P2	0	0	0	0
TUBA1B_-_49525184.23-P1P2	0	0	0	0
TUBA3C_+_19755878.23-P1P2	0	0	1430	0
TUBA3C_+_19755898.23-P1P2	4104	0	2193	1
TUBA3C_+_19755904.23-P1P2	1	0	1236	1694
TUBA3C_+_19755911.23-P1P2	0	0	488	0
TUBA3C_-_19756039.23-P1P2	1537	2	1820	0
TUBA4A_+_220117971.23-P1P2	4171	0	1493	1176
TUBA4A_+_220118576.23-P1P2	4103	2490	2594	2451
TUBA4A_-_220118407.23-P1P2	0	0	48	0
TUBA4A_-_220118432.23-P1P2	2	5537	585	7
TUBA4A_-_220118594.23-P1P2	402	0	827	1581
TUBA8_+_18593940.23-P1P2	1652	9711	1495	3
TUBA8_-_18593584.23-P1P2	3	0	2155	1
TUBA8_-_18593613.23-P1P2	4289	5	3737	1949
TUBA8_-_18593840.23-P1P2	0	1	401	1967
TUBA8_-_18593989.23-P1P2	2	0	1604	3275
TUBB1_+_57594465.23-P1P2	2115	7517	1968	1855
TUBB1_+_57594481.23-P1P2	1511	3	648	1657
TUBB1_+_57594503.23-P1P2	5	3	1730	5977
TUBB1_+_57594511.23-P1P2	2	0	637	1
TUBB1_+_57594915.23-P1P2	0	0	334	0
TUBB2B_+_3227830.23-P1	2537	2	1312	2630
TUBB2B_+_3227874.23-P1	2198	2530	1341	2441
TUBB2B_+_3231512.23-P2	3	1710	1237	0
TUBB2B_+_3231543.23-P2	0	4930	409	6
TUBB2B_-_3227590.23-P1	0	0	1444	0
TUBB2B_-_3227808.23-P1	1442	2	1676	4789
TUBB2B_-_3227863.23-P1	3515	2	1705	2402
TUBB2B_-_3231506.23-P2	1	1	1401	1
TUBB2B_-_3231720.23-P2	1088	1	1575	1624
TUBB2B_-_3231942.23-P2	4412	1281	1351	1
TUBB3_+_89988390.23-P2	4	4554	305	3
TUBB3_+_89988412.23-P2	1248	1	1663	2
TUBB3_+_89988811.23-P2	0	0	797	0
TUBB3_+_89989787.23-P1	4161	3	1685	1920
TUBB3_+_89989791.23-P1	812	0	831	1
TUBB3_+_89990023.23-P1	1815	2389	1247	965
TUBB3_+_89990057.23-P1	2740	5064	1162	3088
TUBB3_+_89990181.23-P1	2	1	1224	1
TUBB3_-_89988505.23-P2	1211	1	2086	1
TUBB3_-_89988795.23-P2	2542	3	496	3
TUBB_+_30688126.23-P1	4	5057	563	3
TUBB_+_30688137.23-P1	0	0	365	0
TUBB_+_30688145.23-P1	0	0	483	0
TUBB_+_30688173.23-P1	0	0	93	0
TUBB_+_30689418.23-P2	794	3534	2124	1745
TUBB_+_30689424.23-P2	763	2207	1462	3352
TUBB_+_30689435.23-P2	2	2	1294	994
TUBB_+_30689619.23-P2	0	0	472	0
TUBB_-_30688042.23-P1	2	1	1758	0
TUBB_-_30689493.23-P2	4486	2	2203	3497
TUB_+_8060356.23-ENST00000305253.4	2296	1	606	1
TUB_+_8060398.23-ENST00000305253.4	448	0	1057	0
TUB_-_8060341.23-ENST00000305253.4	1113	2	545	0
TUB_-_8060770.23-ENST00000305253.4	1488	0	875	0
TUB_-_8060822.23-ENST00000305253.4	2	0	716	1
TUFM_+_28857223.23-P1P2	1464	4382	1109	1
TUFM_+_28857597.23-P1P2	3	0	336	1495
TUFM_+_28857614.23-P1P2	1	1464	579	2
TUFM_-_28857611.23-P1P2	0	0	501	0
TUFM_-_28857649.23-P1P2	2674	0	537	1355
TWF1_+_44199657.23-P1P2	5	0	1822	1506
TWF1_+_44199676.23-P1P2	0	0	0	0
TWF1_-_44199706.23-P1P2	1	2	311	1456
TWF1_-_44199727.23-P1P2	4003	4	949	1
TWF1_-_44199731.23-P1P2	1641	3	107	1552
TWF2_+_52273138.23-P1P2	4	9	1666	8257
TWF2_-_52272724.23-P1P2	0	0	518	0
TWF2_-_52273083.23-P1P2	1340	6613	2210	3031
TWF2_-_52273112.23-P1P2	0	0	206	0
TWF2_-_52273115.23-P1P2	0	0	358	0
TXK_+_48116534.23-P2	3311	5697	836	5
TXK_+_48135793.23-P1	1086	7	1388	3214
TXK_+_48136192.23-P1	2801	2912	2198	2238
TXK_-_48116139.23-P2	0	2	812	0
TXK_-_48116294.23-P2	1078	1	1194	0
TXK_-_48116487.23-P2	0	0	589	1
TXK_-_48116550.23-P2	1263	1	305	1
TXK_-_48136176.23-P1	1483	2	554	0
TXK_-_48136204.23-P1	3442	5604	835	890
TXK_-_48136235.23-P1	7	2600	114	3214
TXNDC12_+_52520810.23-P1P2	2503	3	798	3388
TXNDC12_+_52520830.23-P1P2	1051	2	787	1
TXNDC12_+_52521390.23-P1P2	0	0	845	0
TXNDC12_-_52521215.23-P1P2	0	0	120	0
TXNDC12_-_52521320.23-P1P2	1200	3291	443	4
TXNRD1_+_104609660.23-ENST00000429002.2,ENST00000525566.1	85	0	108	0
TXNRD1_-_104609584.23-ENST00000429002.2,ENST00000525566.1	3111	1	1298	1
TXNRD1_-_104609607.23-ENST00000429002.2,ENST00000525566.1	1544	9992	1183	1501
TXNRD1_-_104609641.23-ENST00000429002.2,ENST00000525566.1	3083	2911	1377	2062
TXNRD1_-_104609903.23-ENST00000429002.2,ENST00000525566.1	1	0	970	0
TYK2_+_10491137.23-P1P2	0	1	446	0
TYK2_+_10491168.23-P1P2	2922	3	907	1
TYK2_+_10491184.23-P1P2	2	2071	274	2
TYK2_-_10491130.23-P1P2	729	3	1658	3588
TYK2_-_10491195.23-P1P2	0	0	393	1928
TYRO3_+_41851407.23-P1P2	3277	1	1558	1583
TYRO3_+_41851449.23-P1P2	4831	2604	2472	5162
TYRO3_+_41851894.23-P1P2	1527	3	439	3931
TYRO3_-_41851466.23-P1P2	1958	900	3118	4
TYRO3_-_41851477.23-P1P2	1431	0	351	0
TYROBP_+_36399122.23-P1P2	2875	2	561	2
TYROBP_+_36399151.23-P1P2	207	6621	953	3
TYROBP_-_36398939.23-P1P2	2437	1	909	1
TYROBP_-_36399090.23-P1P2	1846	3	2401	1453
TYROBP_-_36399163.23-P1P2	1289	2	1717	3417
TYR_+_88911077.23-P1P2	935	3073	809	5460
TYR_+_88911085.23-P1P2	1581	1	642	2
TYR_+_88911144.23-P1P2	1453	0	213	1
TYR_-_88911116.23-P1P2	411	4	1839	1584
TYR_-_88911475.23-P1P2	3	3	1129	0
UAP1_-_162531574.23-P1P2	1457	2144	1393	1880
UAP1_-_162531807.23-P1P2	1386	9467	1853	3661
UAP1_-_162531891.23-P1P2	1504	2	274	1490
UAP1_-_162531958.23-P1P2	1191	0	1105	1321
UAP1_-_162531975.23-P1P2	0	1	863	1
UBA1_+_47050494.23-P2	2	0	341	4178
UBA1_+_47053222.23-P1	5	5206	324	1
UBA1_-_47050253.23-P2	0	3	2396	1956
UBA1_-_47050273.23-P2	0	1	584	0
UBA1_-_47050276.23-P2	1	1	324	1960
UBA1_-_47050698.23-P2	1470	1	825	895
UBA1_-_47053254.23-P1	1	4833	1293	1
UBA1_-_47053257.23-P1	1267	0	304	1
UBA1_-_47053260.23-P1	0	1	691	1
UBA1_-_47053322.23-P1	1263	3	1383	3221
UBC_+_125399203.23-P1P2	1334	0	683	0
UBC_+_125399326.23-P1P2	1	1	57	1769
UBC_-_125398724.23-P1P2	3172	2	1246	1750
UBC_-_125398739.23-P1P2	2686	3	1776	3817
UBC_-_125399182.23-P1P2	15	5314	503	3
UCK1_+_134406648.23-P1P2	2111	0	2174	1
UCK1_-_134406166.23-P1P2	2130	0	842	2
UCK1_-_134406179.23-P1P2	1673	3	256	2077
UCK1_-_134406411.23-P1P2	8110	3734	1899	1525
UCK1_-_134406644.23-P1P2	1	0	1127	0
UCK2_+_165797244.23-P1P2	0	2849	857	0
UCK2_+_165797262.23-P1P2	2	2546	548	4
UCK2_-_165796883.23-P1P2	2441	2	1651	6
UCK2_-_165797009.23-P1P2	3	5	1339	3957
UCK2_-_165797258.23-P1P2	5085	7	944	3227
UCKL1_+_62587336.23-P1P2	1607	2	1502	909
UCKL1_+_62587737.23-P1P2	4	3436	1582	1014
UCKL1_-_62587346.23-P1P2	2235	0	2193	1237
UCKL1_-_62587371.23-P1P2	1843	0	321	0
UCKL1_-_62587685.23-P1P2	3082	3	1981	1098
UGCG_+_114659078.23-P1P2	1	0	1000	0
UGCG_+_114659235.23-P1P2	2512	4	910	2073
UGCG_+_114659529.23-P1P2	0	0	181	0
UGCG_+_114659740.23-P1P2	3515	6	2273	2699
UGCG_-_114659148.23-P1P2	2	2515	1020	0
UGDH_+_39528570.23-P1P2	1359	2	1260	1
UGDH_+_39528999.23-P1P2	7	5844	1010	1644
UGDH_+_39529031.23-P1P2	2779	2	602	1885
UGDH_+_39529046.23-P1P2	14107	9	2644	5585
UGDH_+_39529150.23-P1P2	2314	0	800	2
UGP2_+_64068535.23-P1P2	0	0	281	0
UGP2_+_64068539.23-P1P2	119	1	2960	3328
UGP2_-_64068201.23-P1P2	1527	2	291	0
UGP2_-_64068857.23-P1P2	795	3180	294	1416
UGP2_-_64068866.23-P1P2	4025	3711	607	1365
UGT1A9_+_234580518.23-P1P2	0	0	205	0
UGT1A9_+_234580548.23-P1P2	4660	6	1225	5298
UGT1A9_+_234580603.23-P1P2	1464	1	740	2
UGT1A9_-_234580537.23-P1P2	6	5876	1	1
UGT1A9_-_234580593.23-P1P2	0	2	527	1735
UGT3A1_+_35991091.23-P1P2	1328	0	214	3
UGT3A1_+_35991473.23-P1P2	2	1	736	2103
UGT3A1_-_35991106.23-P1P2	2	3115	708	1
UGT3A1_-_35991431.23-P1P2	1739	2	798	1
UGT3A1_-_35991456.23-P1P2	788	5017	739	139
UHMK1_+_162467695.23-P1P2	2977	3	1815	3504
UHMK1_+_162467742.23-P1P2	4927	2876	3793	1491
UHMK1_+_162467890.23-P1P2	1355	4199	1452	0
UHMK1_-_162467669.23-P1P2	1500	2761	1947	2
UHMK1_-_162467672.23-P1P2	4	1582	284	0
ULK1_+_132379226.23-P1P2	1196	0	649	1
ULK1_+_132379246.23-P1P2	1557	3	1191	1
ULK1_-_132379318.23-P1P2	1242	0	1513	1
ULK1_-_132379580.23-P1P2	2024	1	843	951
ULK1_-_132379643.23-P1P2	4172	3	894	3895
ULK2_+_19771021.23-P1P2	549	4	1024	3735
ULK2_+_19771156.23-P1P2	4	6	1334	4589
ULK2_+_19771159.23-P1P2	4282	5098	2973	4
ULK2_-_19770755.23-P1P2	0	0	464	0
ULK2_-_19771204.23-P1P2	5287	9176	4232	2661
ULK3_+_75134980.23-P1P2	590	5747	1971	2243
ULK3_+_75135243.23-P1P2	2	0	1098	0
ULK3_+_75135271.23-P1P2	1516	0	353	1
ULK3_+_75135439.23-P1P2	2852	1416	1586	1370
ULK3_-_75135226.23-P1P2	1345	2	2068	1424
ULK4_+_42003532.23-P1P2	749	5607	2138	2747
ULK4_-_42003081.23-P1P2	6383	4	2650	5357
ULK4_-_42003123.23-P1P2	3425	1549	2360	1807
ULK4_-_42003171.23-P1P2	0	1	751	1
ULK4_-_42003544.23-P1P2	1327	4	782	1226
UPP1_+_48128906.23-P1P2	1351	2404	1821	2025
UPP1_+_48128909.23-P1P2	2	3	1236	1613
UPP1_+_48128917.23-P1P2	2130	3	1167	1
UPP1_+_48128921.23-P1P2	1396	2563	1348	449
UPP1_+_48129281.23-P1P2	1565	1	607	0
UQCR10_+_30163554.23-P1P2	852	2	540	1560
UQCR10_+_30163762.23-P1P2	2	1	996	1152
UQCR10_-_30163537.23-P1P2	1	3	1873	1773
UQCR10_-_30163599.23-P1P2	0	1	976	1
UQCR10_-_30163605.23-P1P2	0	0	160	0
UQCRB_+_97247411.23-P1P2	0	0	293	0
UQCRB_+_97247725.23-P1P2	1030	0	145	0
UQCRB_-_97247570.23-P1P2	1415	1	1154	0
UQCRB_-_97247585.23-P1P2	0	1	1428	1
UQCRB_-_97247802.23-P1P2	0	0	0	0
UQCRC1_+_48642777.23-P2	0	0	408	0
UQCRC1_+_48642976.23-P2	2422	1	1475	3
UQCRC1_+_48643236.23-P2	1	0	772	0
UQCRC1_+_48647013.23-P1	0	1	1048	0
UQCRC1_+_48647028.23-P1	2724	3	1115	4
UQCRC1_+_48647049.23-P1	1247	5427	617	2
UQCRC1_+_48647230.23-P1	2585	2	1470	1816
UQCRC1_-_48643022.23-P2	1	0	1296	1084
UQCRC1_-_48643052.23-P2	1419	4	1351	3575
UQCRC1_-_48647042.23-P1	1467	2808	156	1876
UQCRQ_+_132202723.23-P1P2	0	2	1338	0
UQCRQ_+_132202789.23-P1P2	1	3	347	1766
UQCRQ_+_132202792.23-P1P2	0	1	790	1402
UQCRQ_-_132202352.23-P1P2	839	4626	1147	3
UQCRQ_-_132202364.23-P1P2	0	0	462	0
UROD_+_45478049.23-P1P2	0	2	1434	2
UROD_+_45478318.23-P1P2	0	0	0	0
UROD_-_45477940.23-P1P2	3	5099	369	1
UROD_-_45477955.23-P1P2	5	2459	1096	1
UROD_-_45478371.23-P1P2	1	2178	271	0
VAMP1_+_6579358.23-P1P2	2	1	499	0
VAMP1_+_6579392.23-P1P2	808	0	656	0
VAMP1_-_6579453.23-P1P2	0	0	1191	1
VAMP1_-_6579770.23-P1P2	2	2	599	1
VAMP1_-_6579820.23-P1P2	3730	1625	3523	1935
VAMP2_+_8065808.23-P1P2	0	0	391	0
VAMP2_+_8065818.23-P1P2	0	1	810	1
VAMP2_+_8065840.23-P1P2	6	1225	1893	5251
VAMP2_+_8066260.23-P1P2	3	1917	1870	870
VAMP2_-_8066267.23-P1P2	1273	3	1525	1905
VARS_+_31763449.23-P1P2	0	0	0	0
VARS_+_31763457.23-P1P2	0	0	0	0
VARS_+_31763486.23-P1P2	0	0	0	0
VARS_-_31763104.23-P1P2	0	0	0	0
VARS_-_31763433.23-P1P2	0	0	96	1
VDAC1_+_133340041.23-P1P2	2559	3	1484	1789
VDAC1_+_133340336.23-P1P2	5911	5	1218	3
VDAC1_+_133340407.23-P1P2	1208	1	1255	0
VDAC1_-_133340399.23-P1P2	1	2	1349	0
VDAC1_-_133340412.23-P1P2	2	2134	404	2
VDAC2_+_76970763.23-P1P2	0	0	110	0
VDAC2_+_76970821.23-P1P2	0	0	0	0
VDAC2_+_76970831.23-P1P2	0	0	0	0
VDAC2_+_76971070.23-P1P2	0	0	314	0
VDAC2_-_76970971.23-P1P2	7	4941	2	2
VDAC3_+_42249411.23-P1P2	5575	3	2297	1
VDAC3_+_42249432.23-P1P2	3547	1	928	3687
VDAC3_+_42249786.23-P1P2	1	1	1460	0
VDAC3_-_42249431.23-P1P2	4142	2866	2042	1815
VDAC3_-_42249854.23-P1P2	3	1	1730	2159
VKORC1L1_+_65338056.23-P1P2	1	0	774	1573
VKORC1L1_+_65338072.23-P1P2	761	2663	737	2
VKORC1L1_+_65338081.23-P1P2	444	0	1154	803
VKORC1L1_+_65338090.23-P1P2	807	4	1249	4422
VKORC1L1_-_65338303.23-P1P2	899	0	1062	1
VKORC1_+_31105741.23-P1P2	3910	8506	2309	5129
VKORC1_+_31106045.23-P1P2	907	1	728	1531
VKORC1_-_31105910.23-P1P2	2755	1	1644	3438
VKORC1_-_31106029.23-P1P2	657	1	1229	2614
VKORC1_-_31106059.23-P1P2	2672	4	502	1441
VRK1_-_97263729.23-P1P2	6	5890	741	1878
VRK1_-_97263738.23-P1P2	2	1	1561	439
VRK1_-_97263741.23-P1P2	3	2663	1048	1824
VRK1_-_97263789.23-P1P2	0	0	443	0
VRK1_-_97263792.23-P1P2	1389	1246	1535	0
VRK2_+_58273999.23-P1P2	4305	5	953	1896
VRK2_-_58273952.23-P1P2	4716	3	1343	3574
VRK2_-_58273960.23-P1P2	2345	5	2189	4396
VRK2_-_58273963.23-P1P2	1259	2	649	1
VRK2_-_58274358.23-P1P2	675	0	1537	0
VRK3_+_50528570.23-P1P2	4403	2	812	5430
VRK3_+_50528591.23-P1P2	3123	3117	423	0
VRK3_+_50528601.23-P1P2	1265	1	422	1
VRK3_+_50528627.23-P1P2	2	2	2401	2
VRK3_-_50528244.23-P1P2	0	2	1062	1640
VTN_+_26697269.23-P1P2	3098	0	1401	999
VTN_-_26696845.23-P1P2	0	0	259	0
VTN_-_26697217.23-P1P2	574	1	0	1870
VTN_-_26697296.23-P1P2	1598	2881	1394	7
VTN_-_26697301.23-P1P2	1157	0	693	1417
VWF_+_6233480.23-P1P2	1620	0	112	0
VWF_+_6233658.23-P1P2	0	1	450	0
VWF_+_6233837.23-P1P2	1412	0	971	2
VWF_-_6233427.23-P1P2	3610	4	1368	4
VWF_-_6233451.23-P1P2	0	1	398	0
WARS2_+_119683202.23-P1P2	0	0	412	0
WARS2_+_119683216.23-P1P2	1379	1	1084	1
WARS2_+_119683246.23-P1P2	0	0	283	0
WARS2_-_119683058.23-P1P2	2	0	947	2
WARS2_-_119683199.23-P1P2	0	0	122	1
WARS_+_100841441.23-P1P2	2	1	818	0
WARS_+_100841618.23-P1P2	1202	0	645	0
WARS_-_100841623.23-P1P2	1603	0	173	0
WARS_-_100841647.23-P1P2	2	0	858	0
WARS_-_100841664.23-P1P2	1360	2	1953	1
WDSUB1_+_160142791.23-P1P2	1855	1	1170	0
WDSUB1_+_160142794.23-P1P2	655	2	1091	1
WDSUB1_+_160143132.23-P1P2	0	2	1711	1394
WDSUB1_-_160142848.23-P1P2	0	0	208	0
WDSUB1_-_160143003.23-P1P2	0	0	143	0
WEE1_+_9595254.23-P1P2	0	0	0	0
WEE1_+_9595305.23-P1P2	0	0	11	0
WEE1_+_9595640.23-P1P2	0	0	4	0
WEE1_-_9595630.23-P1P2	0	0	398	0
WEE1_-_9595639.23-P1P2	1	0	789	0
WNK1_+_861813.23-P1P2	834	1	214	2
WNK1_+_862246.23-P1P2	1901	5	2558	4340
WNK1_+_862268.23-P1P2	1988	4	1751	2533
WNK1_-_861739.23-P1P2	711	2	991	4753
WNK1_-_861781.23-P1P2	1015	0	1055	0
WNK2_+_95946840.23-P1P2	2	1068	3060	2724
WNK2_+_95946928.23-P1P2	4233	3	711	2634
WNK2_+_95947922.23-P1P2	5	1	1118	1298
WNK2_-_95947569.23-P1P2	1	0	1582	1
WNK2_-_95947868.23-P1P2	921	0	404	0
WNK3_+_54384033.23-P1P2	1301	1357	888	1
WNK3_+_54384079.23-P1P2	5	5096	507	1
WNK3_+_54384185.23-P1P2	1394	0	930	2
WNK3_+_54384244.23-P1P2	1002	2	1417	3152
WNK3_-_54384475.23-P1P2	1182	0	1284	1638
WNK4_+_40932692.23-P1P2	1357	4	1087	783
WNK4_+_40932966.23-P1P2	1138	5007	753	3
WNK4_+_40933056.23-P1P2	1758	1772	1167	3250
WNK4_-_40933038.23-P1P2	3494	5	2172	5526
WNK4_-_40933067.23-P1P2	1137	0	1162	0
XYLB_+_38388525.23-P1P2	0	0	0	0
XYLB_+_38388704.23-P1P2	2553	0	943	1704
XYLB_-_38388318.23-P1P2	3491	1285	2335	2708
XYLB_-_38388365.23-P1P2	1	0	497	0
XYLB_-_38388790.23-P1P2	1861	4	594	1431
YARS2_+_32908426.23-P1P2	0	0	187	927
YARS2_+_32908437.23-P1P2	0	0	522	0
YARS2_-_32908373.23-P1P2	1274	5300	967	1884
YARS2_-_32908772.23-P1P2	0	0	70	0
YARS2_-_32908798.23-P1P2	0	0	380	0
YARS_+_33282894.23-P1P2	1	2	270	1722
YARS_+_33282919.23-P1P2	0	0	158	0
YARS_-_33282508.23-P1P2	3010	5	2637	869
YARS_-_33282520.23-P1P2	0	0	349	0
YARS_-_33282523.23-P1P2	1252	1	1142	0
YES1_+_811844.23-P1P2	0	0	527	0
YES1_+_812201.23-P1P2	2816	0	245	0
YES1_-_811863.23-P1P2	1	2	1071	0
YES1_-_812244.23-P1P2	2021	1450	1347	1533
YES1_-_812277.23-P1P2	1666	2496	612	1
ZAK_+_173940948.23-P1P2	1450	0	1174	2
ZAK_-_173940595.23-P1P2	5899	4015	3204	1391
ZAK_-_173940598.23-P1P2	0	1	1185	0
ZAK_-_173940994.23-P1P2	1341	0	550	1
ZAK_-_173941145.23-P1P2	6	2	2801	3324
ZAP70_+_98330099.23-P1P2	3	7174	2035	1928
ZAP70_+_98330268.23-P1P2	2	4	1276	2856
ZAP70_+_98330467.23-P1P2	1	0	1787	3
ZAP70_+_98330488.23-P1P2	4108	3040	1614	3041
ZAP70_-_98330506.23-P1P2	4370	6	1993	3501
ZC3HC1_+_129691069.23-P1P2	0	0	538	0
ZC3HC1_+_129691168.23-P1P2	1255	2	820	1418
ZC3HC1_+_129691186.23-P1P2	5397	2877	1746	3
ZC3HC1_+_129691202.23-P1P2	4130	3	1981	1501
ZC3HC1_-_129691196.23-P1P2	2003	1	755	1
ZFY_+_2803455.23-P1P2	813	2	1590	1373
ZFY_+_2803472.23-P1P2	0	1	1128	1953
ZFY_+_2803480.23-P1P2	4300	3998	1269	3452
ZFY_+_2803658.23-P1P2	2346	10881	3139	3427
ZFY_-_2803487.23-P1P2	2	6352	1681	2
ZMYND8_+_45985399.23-P1P2	480	0	1096	1
ZMYND8_-_45985017.23-P1P2	0	1	596	1081
ZMYND8_-_45985021.23-P1P2	3525	3265	507	1858
ZMYND8_-_45985363.23-P1P2	1537	0	435	0
ZMYND8_-_45985407.23-P1P2	0	0	349	0
non-targeting_00000	1905	1	944	0
non-targeting_00001	2	0	662	1894
non-targeting_00002	5	1645	1625	4125
non-targeting_00003	2	2946	1355	1435
non-targeting_00004	3	1768	1014	0
non-targeting_00005	1582	3	755	1577
non-targeting_00006	1568	3	878	3208
non-targeting_00007	1432	10476	2004	741
non-targeting_00008	1	3305	181	3
non-targeting_00009	3	6045	1296	6
non-targeting_00010	719	927	2239	2408
non-targeting_00011	2663	4387	475	1
non-targeting_00012	4159	6	2989	2891
non-targeting_00013	874	4882	1140	858
non-targeting_00014	9	4366	908	3383
non-targeting_00015	3852	2	2782	918
non-targeting_00016	1571	9161	1327	4
non-targeting_00017	0	2292	186	0
non-targeting_00018	2505	1	684	2
non-targeting_00019	1270	6	1592	5966
non-targeting_00020	1238	5	1006	1947
non-targeting_00021	0	0	239	0
non-targeting_00022	1436	0	1182	828
non-targeting_00023	4	0	659	0
non-targeting_00024	2139	5	946	3270
non-targeting_00025	1545	0	1528	1
non-targeting_00026	0	0	1119	0
non-targeting_00027	1	2	1412	796
non-targeting_00028	959	2	1538	3
non-targeting_00029	0	0	334	0
non-targeting_00030	1446	4898	860	6
non-targeting_00031	1587	0	238	0
non-targeting_00032	1629	0	1352	1
non-targeting_00033	1	4031	1120	1612
non-targeting_00034	2	0	640	0
non-targeting_00035	2618	2	1421	1
non-targeting_00036	1	0	393	0
non-targeting_00037	961	2	1846	4
non-targeting_00038	1847	0	1619	3372
non-targeting_00039	2544	3646	1080	1796
non-targeting_00040	1375	4	2379	3
non-targeting_00041	1521	3	1529	2125
non-targeting_00042	1314	1	949	0
non-targeting_00043	2686	6	1898	2967
non-targeting_00044	2105	1	1407	2
non-targeting_00045	5168	6	1607	1608
non-targeting_00046	1164	4	2420	3162
non-targeting_00047	1494	0	235	1
non-targeting_00048	7	5586	1393	3
non-targeting_00049	0	0	0	0
non-targeting_00050	1	0	1190	2149
non-targeting_00051	1936	4020	527	5
non-targeting_00052	1654	2746	1752	1390
non-targeting_00053	335	3	1042	1955
non-targeting_00054	0	0	116	1111
non-targeting_00055	2709	1	1784	1
non-targeting_00056	0	0	163	0
non-targeting_00057	2675	4809	2897	2014
non-targeting_00058	5	6310	1450	4
non-targeting_00059	2963	2	713	1
non-targeting_00060	660	0	1106	3305
non-targeting_00061	0	0	149	0
non-targeting_00062	1504	4	1366	4727
non-targeting_00063	1	2	581	1
non-targeting_00064	2221	0	769	3
non-targeting_00065	1115	1	1719	1
non-targeting_00066	2	0	1131	1
non-targeting_00067	2807	694	3116	3998
non-targeting_00068	0	0	808	0
non-targeting_00069	866	926	1363	105
non-targeting_00070	2	3	515	4451
non-targeting_00071	14	12728	1220	1192
non-targeting_00072	1429	3	1318	1747
non-targeting_00073	2	4	2274	1703
non-targeting_00074	0	0	1090	1
non-targeting_00075	1617	2534	403	1630
non-targeting_00076	989	275	990	0
non-targeting_00077	1199	1	594	0
non-targeting_00078	1206	3	2237	1
non-targeting_00079	1158	2	532	1
non-targeting_00080	791	0	1242	1
non-targeting_00081	0	0	128	0
non-targeting_00082	0	0	90	0
non-targeting_00083	0	0	818	0
non-targeting_00084	1327	13384	2159	978
non-targeting_00085	1	1	992	1
non-targeting_00086	2	1	433	1586
non-targeting_00087	1492	0	332	673
non-targeting_00088	0	0	548	0
non-targeting_00089	6	3973	1078	2
non-targeting_00090	4950	7059	1952	2455
non-targeting_00091	6344	1	2396	4
non-targeting_00092	1	0	119	0
non-targeting_00093	135	2	624	1411
non-targeting_00094	3015	6	1746	3517
non-targeting_00095	1	1	1339	2
non-targeting_00096	2	0	1012	1527
non-targeting_00097	1214	0	967	3
non-targeting_00098	1171	0	600	1
non-targeting_00099	6273	3003	945	2
non-targeting_00100	1673	0	627	0
non-targeting_00101	3164	1	1725	3735
non-targeting_00102	5177	5139	1347	3125
non-targeting_00103	0	0	471	0
non-targeting_00104	1007	1	363	0
non-targeting_00105	0	0	186	0
non-targeting_00106	2332	5145	654	3295
non-targeting_00107	3	4	1618	3768
non-targeting_00108	0	0	399	1803
non-targeting_00109	1227	3	767	0
non-targeting_00110	3	1	1186	1750
non-targeting_00111	2390	4529	1525	1973
non-targeting_00112	3179	2	1171	86
non-targeting_00113	3	0	607	1621
non-targeting_00114	1780	3	893	822
non-targeting_00115	2326	0	641	1301
non-targeting_00116	2721	2	2034	0
non-targeting_00117	0	0	184	0
non-targeting_00118	0	1	936	0
non-targeting_00119	4085	2	1662	2
non-targeting_00120	2233	3	231	0
non-targeting_00121	3432	4592	3373	1511
non-targeting_00122	1	0	134	0
non-targeting_00123	7	2458	1700	4522
non-targeting_00124	1606	3	151	2
non-targeting_00125	6785	2	1501	3857
non-targeting_00126	0	0	0	0
non-targeting_00127	463	3019	562	5202
non-targeting_00128	2685	1	1092	1263
non-targeting_00129	2607	8	1934	3855
non-targeting_00130	1	0	869	1446
non-targeting_00131	773	3	531	1
non-targeting_00132	4647	3	1925	3840
non-targeting_00133	0	1	479	830
non-targeting_00134	224	2	1102	1711
non-targeting_00135	884	4859	1782	1
non-targeting_00136	2228	4055	1193	1320
non-targeting_00137	2487	2	769	0
non-targeting_00138	0	4918	895	3
non-targeting_00139	1382	2	554	1
non-targeting_00140	6	3199	324	1636
non-targeting_00141	0	1	1462	1
non-targeting_00142	1	1	909	1950
non-targeting_00143	1026	6194	843	5
non-targeting_00144	1585	2	1153	1
non-targeting_00145	1027	7103	1960	5067
non-targeting_00146	1818	1	508	1888
non-targeting_00147	0	0	0	0
non-targeting_00148	628	1	1355	0
non-targeting_00149	1384	1	1150	3263
non-targeting_00150	0	0	1001	0
non-targeting_00151	2536	1	2196	1201
non-targeting_00152	0	0	750	0
non-targeting_00153	848	0	872	2
non-targeting_00154	4215	5815	1629	7235
non-targeting_00155	2956	2568	2085	3973
non-targeting_00156	2716	4197	1524	1531
non-targeting_00157	1610	0	642	0
non-targeting_00158	0	0	121	0
non-targeting_00159	868	0	617	0
non-targeting_00160	4084	4	1097	2269
non-targeting_00161	1	0	525	1
non-targeting_00162	4	2857	339	1
non-targeting_00163	4261	4549	823	1746
non-targeting_00164	1393	4158	3535	3
non-targeting_00165	3	4455	1517	1397
non-targeting_00166	2363	0	1562	1503
non-targeting_00167	2208	4	1697	1998
non-targeting_00168	0	0	111	0
non-targeting_00169	0	0	0	0
non-targeting_00170	1477	3	391	1880
non-targeting_00171	1	2	1464	0
non-targeting_00172	5	1	659	1581
non-targeting_00173	1511	3	974	1529
non-targeting_00174	968	0	1938	1381
non-targeting_00175	0	0	632	0
non-targeting_00176	1464	4988	2649	3480
non-targeting_00177	2442	0	189	2
non-targeting_00178	1	0	1125	0
non-targeting_00179	1	0	516	0
non-targeting_00180	2	0	195	0
non-targeting_00181	3440	3	1890	5777
non-targeting_00182	2784	4140	2159	1825
non-targeting_00183	2	4638	563	4
non-targeting_00184	0	0	255	0
non-targeting_00185	5	3	2214	1736
non-targeting_00186	2302	3	977	1
non-targeting_00187	4608	7087	5074	2017
non-targeting_00188	1379	3	642	1012
non-targeting_00189	1002	1	996	3184
non-targeting_00190	9	4714	823	1662
non-targeting_00191	2677	3956	1804	3
non-targeting_00192	7658	5	2751	3
non-targeting_00193	1147	2316	1651	1005
non-targeting_00194	2759	6877	2555	2947
non-targeting_00195	0	0	699	0
non-targeting_00196	1364	5493	1249	2
non-targeting_00197	4624	4	2508	3038
non-targeting_00198	3	0	1008	1323
non-targeting_00199	3	2	2018	1999
non-targeting_00200	4463	2026	4635	3173
non-targeting_00201	3	1027	1139	2573
non-targeting_00202	3722	2	1727	2681
non-targeting_00203	1147	4941	2106	3
non-targeting_00204	3310	4825	1519	1242
non-targeting_00205	1131	8188	5561	4050
non-targeting_00206	0	1	827	0
non-targeting_00207	5	1	1446	1095
non-targeting_00208	1834	8259	1872	1301
non-targeting_00209	0	1	556	0
non-targeting_00210	2142	5	1740	4745
non-targeting_00211	3604	2561	2403	2498
non-targeting_00212	1495	0	863	0
non-targeting_00213	2689	3	783	0
non-targeting_00214	3	4932	1814	1559
non-targeting_00215	605	0	449	0
non-targeting_00216	0	0	370	0
non-targeting_00217	0	1	186	1039
non-targeting_00218	2038	5	1675	1405
non-targeting_00219	1516	1	373	1
non-targeting_00220	4504	6096	1947	1957
non-targeting_00221	4668	3324	3295	4468
non-targeting_00222	3375	2	466	1511
non-targeting_00223	2064	4	2041	2998
non-targeting_00224	1	0	723	0
non-targeting_00225	0	0	591	1
non-targeting_00226	1834	5051	1857	1259
non-targeting_00227	8	2597	1479	3303
non-targeting_00228	3133	2429	1965	1
non-targeting_00229	3	1	706	1477
non-targeting_00230	0	0	1134	1102
non-targeting_00231	1304	1	1121	2
non-targeting_00232	1	0	604	0
non-targeting_00233	1441	1	110	0
non-targeting_00234	0	1	59	97
non-targeting_00235	1657	2	248	1647
non-targeting_00236	1454	1	1308	1
non-targeting_00237	7310	6111	2152	1542
non-targeting_00238	4215	10	1830	8983
non-targeting_00239	2797	2722	1322	2301
non-targeting_00240	5	1	2244	1776
non-targeting_00241	280	2	1892	2054
non-targeting_00242	0	0	418	0
non-targeting_00243	1104	0	1221	1141
non-targeting_00244	2357	6330	1784	1675
non-targeting_00245	3463	1904	2567	1552
non-targeting_00246	751	2	1278	3
non-targeting_00247	0	0	560	1
non-targeting_00248	1165	0	788	2599
non-targeting_00249	2481	0	427	3
