index,epsilon,pvalue,gene,product
NTC_506,6.567353333333333,0.0037614858565133964,NTC,15.923471308664112
NTC_2110,6.606306833333333,0.004911003607253329,NTC,15.252837733739094
NTC_2124,6.896396666666666,0.007106055331571956,NTC,14.816021466429376
NTC_1741,6.921093333333332,0.008504835039806773,NTC,14.328975575809421
NTC_1552,7.088062,0.010876079516553038,NTC,13.917605550983211
NTC_1983,6.454716666666666,0.008504835039806773,NTC,13.363420056768971
NTC_2158,6.983596666666666,0.012480362225993389,NTC,13.295181447549869
NTC_296,6.297166666666666,0.007918190399002078,NTC,13.232702681757644
NTC_324,7.095083333333333,0.016328998404692194,NTC,12.679200936860356
NTC_173,7.072855333333333,0.016876849658956698,NTC,12.538111605668364
NTC_1491,6.7372266666666665,0.017440768576707347,NTC,11.846971000354761
NTC_1616,7.2064786666666665,0.023304931798992515,NTC,11.76495233975177
NTC_1193,7.605946666666666,0.03273495544651307,NTC,11.294741398428574
NTC_1694,7.118263333333333,0.026418363339395727,NTC,11.233289305498143
NTC_1349,6.7428099999999995,0.021871349442936176,NTC,11.193903544127968
NTC_841,7.465223333333332,0.03176008213922947,NTC,11.183788309264758
NTC_680,7.197496666666666,0.028983448293392087,NTC,11.06866985865878
NTC_1140,7.104213499999999,0.028983448293392087,NTC,10.925214345857304
NTC_2143,6.953433333333333,0.028105566701146795,NTC,10.786219004561106
NTC_820,7.63944,0.04272012966148202,NTC,10.461200379285689
PRKACB,6.327873333333333,0.023258392700127396,PRKACB,10.336076764985476
NTC_484,6.821883333333333,0.03081020930569987,NTC,10.309948787898865
NTC_2164,6.3298,0.024051828687961636,NTC,10.247008744784075
NTC_1030,7.40363,0.04525895740482678,NTC,9.952666157784561
CLPS,6.343443333333333,0.027374824729319493,CLPS,9.912573178735437
NTC_871,7.193303333333333,0.04397407686260872,NTC,9.75989747625249
ISPD,6.617353333333333,0.03405122513778379,ISPD,9.713396291805008
NTC_1312,7.566916666666666,0.05216748413768318,NTC,9.705328128860877
NTC_1854,7.15079,0.04397407686260872,NTC,9.702215246617556
NTC_157,6.950816666666666,0.04149655018474361,NTC,9.60594527117637
NTC_1020,8.14172,0.06682250816674404,NTC,9.567149762672
AXL,6.329783333333332,0.030861276687211704,AXL,9.561682793751409
GLUD1,6.180389999999999,0.02849719809061607,GLUD1,9.549925270412361
NTC_1396,7.6507499999999995,0.056720990206299025,NTC,9.534794592050874
NTC_1093,7.419656833333333,0.05216748413768318,NTC,9.516452650821426
NTC_1518,7.4088199999999995,0.053650100906934374,NTC,9.412383168584103
SFTPA1,6.041525399999999,0.02849719809061607,SFTPA1,9.335351990618415
NTC_1818,7.89417,0.06682250816674404,NTC,9.27625939506547
NTC_973,7.6471599999999995,0.06330230490668344,NTC,9.1657366770851
PDE11A,6.151906666666666,0.03339178851999607,PDE11A,9.082430887531988
LDHC,6.0605166666666666,0.03210517052163228,LDHC,9.050927218391317
NTC_618,7.335796666666666,0.059936769763103706,NTC,8.966593170928938
NTC_1902,6.8472566666666665,0.049304926230381026,NTC,8.950115515978695
NTC_1800,7.446875333333333,0.06330230490668344,NTC,8.925679385865298
NTC_812,7.521586666666666,0.06682250816674404,NTC,8.838445204811377
ATP8A1,6.327326666666666,0.04050611195077098,ATP8A1,8.81067230186822
NTC_1910,7.551146666666666,0.06864215678664154,NTC,8.785072589581874
NTC_1218,7.679641999999999,0.07240366002686001,NTC,8.756630997063295
NTC_619,7.205786666666667,0.061600511883859656,NTC,8.721997160495105
NTC_1202,7.804053333333333,0.07836081770508005,NTC,8.630510703289511
NTC_548,7.774083333333333,0.08254952192567716,NTC,8.421551265310248
NTC_1705,7.521386666666666,0.07633227464821728,NTC,8.40358361536609
NTC_854,6.93486,0.061600511883859656,NTC,8.394063275316379
NTC_1456,7.510229999999999,0.07633227464821728,NTC,8.39111836323145
NTC_197,7.7180833333333325,0.08254952192567716,NTC,8.360887280807376
NTC_176,7.624929999999999,0.08043302346293653,NTC,8.345986125691569
CCKAR,6.038709666666666,0.04207352268066752,CCKAR,8.309210904048323
NTC_1163,6.755229999999999,0.059936769763103706,NTC,8.256962663821692
NTC_1455,7.514516666666666,0.08043302346293653,NTC,8.225131488587838
NTC_41,6.882249999999999,0.06504276432407888,NTC,8.167861247371475
NTC_170,7.758749999999999,0.08917107738797121,NTC,8.144949431908348
GPX1,6.647666666666666,0.06076364664434455,GPX1,8.085930369146755
PPP1R9B,6.555009999999999,0.058628418766727794,PPP1R9B,8.075063190911425
PKIA,6.443966666666666,0.05618019218004315,PKIA,8.057644046579213
NTC_1681,7.724003333333333,0.0914710498527344,NTC,8.023048443977203
NTC_1010,7.435803333333332,0.08471094346009332,NTC,7.971630900521622
NTC_243,5.8006866666666665,0.04272012966148202,NTC,7.943271438410508
NTC_2034,7.373513333333333,0.08471094346009332,NTC,7.904852253140306
NTC_1808,7.000186666666666,0.07434676491742771,NTC,7.9013761683525585
SCNN1B,6.268891666666666,0.05618019218004315,SCNN1B,7.838727328907149
WNK1,6.170916666666666,0.05454467934234397,WNK1,7.795395712387612
NTC_278,7.777983333333333,0.10115163891365406,NTC,7.739304014601013
NTC_1536,6.913259999999999,0.07633227464821728,NTC,7.724128679919718
SERPINA5,6.270381666666666,0.05872478671285831,SERPINA5,7.7199594201991175
CHRND,6.678987333333333,0.06995853000706172,CHRND,7.715294497279357
DPH5,6.3641016666666665,0.061364358527695395,DPH5,7.713824540116848
NTC_579,5.985383333333333,0.053650100906934374,NTC,7.604007297274125
PTPN5,6.802106666666666,0.08026565302977899,PTPN5,7.4515055355430855
NTC_2000,7.67955,0.10893430623591754,NTC,7.394142044040151
NTC_1037,6.723803333333333,0.08043302346293653,NTC,7.359643869763882
IL4I1,6.345869166666666,0.06987818815017964,IL4I1,7.333656780766016
NTC_1960,7.668616666666666,0.11163130592036051,NTC,7.302164109446293
RPS6KB1,6.2340599999999995,0.06755898299349222,RPS6KB1,7.295825753360163
NTC_1568,5.538016666666666,0.049304926230381026,NTC,7.238795229829066
SLC6A9,5.951829999999999,0.06296291005968697,SLC6A9,7.147643160570504
NTC_2082,8.003016666666666,0.12893508366344167,NTC,7.119714862618287
NTC_1226,7.600339999999999,0.1171831470057294,NTC,7.076941392644237
AGTR1,6.807143333333332,0.09177375713660986,AGTR1,7.060923767864368
NTC_1777,7.470273333333333,0.11438071674012397,NTC,7.034361865789929
CDC42SE2,6.781321333333333,0.09177375713660986,CDC42SE2,7.034139085273513
NTC_648,7.622586666666666,0.12003920108966419,NTC,7.017939490041932
PDP2,6.589566666666666,0.08620530825082429,PDP2,7.014369611226063
PFKFB1,6.297175666666666,0.0775797591611716,PFKFB1,6.991449189115261
DSTN,6.918449999999999,0.09800601002915765,DSTN,6.978967696948651
PTPRN,6.418211666666666,0.08271409517771654,PTPRN,6.947203731842506
HTR2C,5.816896666666667,0.06410142374261388,HTR2C,6.940327440432328
NTC_369,7.7969833333333325,0.12893508366344167,NTC,6.93642165624051
CSF2RB,6.301981666666666,0.07933836831331695,CSF2RB,6.935436291269987
HSD17B6,6.392651666666666,0.08271409517771654,HSD17B6,6.919537064457863
RORA,6.585031666666666,0.0898146015959491,RORA,6.8922434929462435
PDE6G,6.364176666666666,0.08271409517771654,PDE6G,6.88871514138362
PRKAG1,6.771862333333333,0.09800601002915765,PRKAG1,6.831097785272228
MAP3K8,6.627221666666666,0.093544566768083,MAP3K8,6.81928804084048
NTC_1151,5.633796666666666,0.061600511883859656,NTC,6.81923581734404
NTC_257,6.852583333333333,0.10115163891365406,NTC,6.818505958320984
PANK1,6.757097999999999,0.09800601002915765,PANK1,6.8162043040155424
NTC_839,7.919536666666666,0.13833488704715732,NTC,6.803422744089921
KRT7,6.4411033333333325,0.08877926632828166,KRT7,6.774033970003839
NPPB,7.013423333333333,0.10972126312934466,NPPB,6.7308469060943565
CAMK1G,6.0629566666666665,0.07793798365409076,CAMK1G,6.719276782941012
DUSP2,6.059046666666666,0.07793798365409076,DUSP2,6.714943522179683
QDPR,6.056586666666666,0.07793798365409076,QDPR,6.712217225127799
P4HTM,6.726126666666666,0.10137684785021212,P4HTM,6.686181657205408
ALPK3,6.991339666666666,0.11148225987829749,ALPK3,6.661308137735048
NTC_1153,7.1056833333333325,0.1171831470057294,NTC,6.616349334988822
NTC_150,6.36546,0.0914710498527344,NTC,6.611907290070969
NTC_1942,6.357883333333333,0.0914710498527344,NTC,6.604037282629593
NTC_1707,7.70745,0.14158282637153027,NTC,6.543543522461559
NTC_363,7.798683333333333,0.14488904069839076,NTC,6.542818174896967
TRAPPC6B,6.563006666666666,0.10137684785021212,TRAPPC6B,6.5240303915552404
ADRA2C,6.931123333333333,0.11507008167743717,ADRA2C,6.508585272196985
CAMKK1,6.773086666666666,0.10972271537701327,CAMKK1,6.500154662660036
NTC_313,7.73166,0.14488904069839076,NTC,6.486587980038154
KCNK9,6.599866666666666,0.10457184807122047,KCNK9,6.471731685783545
NTC_138,6.964006666666666,0.12003920108966419,NTC,6.411600094838579
NTC_1583,7.7206166666666665,0.14825408305313825,NTC,6.400339773668694
SI,6.9844599999999994,0.12251767269561514,SI,6.368439438886516
EARS2,5.702301666666666,0.07933836831331695,EARS2,6.275478415297833
SELE,6.040236666666666,0.09292861503306811,SELE,6.2326214380468405
ABCE1,6.040236666666666,0.09292861503306811,ABCE1,6.2326214380468405
CA5A,6.0840716666666665,0.09484887607014585,CA5A,6.223809474818063
HLA-DRB1,6.708561666666666,0.11860248812898412,HLA-DRB1,6.211498839790651
NTC_1626,7.662383333333333,0.1551628259111541,NTC,6.200494989212642
ACAN,5.997791666666666,0.093544566768083,ACAN,6.171616258087945
BAIAP2L1,6.460699999999999,0.11148225987829749,BAIAP2L1,6.155717721834546
NTC_1817,7.787349999999999,0.1623133217374061,NTC,6.149248488009441
NTC_580,7.672703333333333,0.15870759330131579,NTC,6.133576646633042
NTC_1534,8.025253333333334,0.1735013417629031,NTC,6.104787437149146
PSAP,6.983689999999999,0.134388703765249,PSAP,6.08724424164132
GABRA4,6.934196666666666,0.134388703765249,GABRA4,6.0441040094241165
ABCC2,6.1382666666666665,0.10414962008542579,ABCC2,6.0298790562548925
VAMP2,5.987966666666666,0.09841145728855316,VAMP2,6.029609005177784
IL6R,5.9834966666666665,0.09841145728855316,IL6R,6.025107919291122
NTC_778,7.89915,0.1735013417629031,NTC,6.008860989329933
CHRM4,6.603386666666666,0.12324884450821619,CHRM4,6.003912363560752
PRNP,6.106986666666666,0.10414962008542579,PRNP,5.99915138880051
PLA2G2D,6.106216666666666,0.10414962008542579,PLA2G2D,5.99839498522187
NTC_837,6.016489999999999,0.10115163891365406,NTC,5.9865704534560376
NTC_774,5.698486666666666,0.0914710498527344,NTC,5.919111192860459
KAT2A,6.995886666666666,0.14278418563491305,KAT2A,5.913762155228758
UQCR10,5.996486666666666,0.10414962008542579,UQCR10,5.890602563554051
GZMB,6.557036666666666,0.12638009264088185,GZMB,5.89032590332001
CAMK2N1,6.470147666666666,0.12324884450821619,CAMK2N1,5.882769180556404
PRKAB1,7.0043533333333325,0.14494411940798685,PRKAB1,5.875247372723854
PRSS3,6.1243566666666664,0.11015043908849662,PRSS3,5.867218002511328
NTC_1072,5.460846666666666,0.08471094346009332,NTC,5.854357905872152
C1QB,5.744811666666666,0.09739778975924561,C1QB,5.810594921513694
NTC_641,8.343983333333332,0.20183104604257962,NTC,5.799168785957428
NTC_43,7.394053333333333,0.16598052281417575,NTC,5.766939190916041
NTC_307,7.723249999999999,0.18127394752524995,NTC,5.728061181440687
NTC_1376,6.824339999999999,0.14488904069839076,NTC,5.725378743464349
NTC_2125,7.711883333333333,0.18127394752524995,NTC,5.719630927066465
FCGR3B,6.3901216666666665,0.12803612943198014,FCGR3B,5.70425369755129
NTC_608,7.993753333333333,0.19341306260941848,NTC,5.703656499888041
SHPK,6.605893316666666,0.13804313194833034,SHPK,5.680970458124175
SCN2A,7.153506666666666,0.16077523262348958,SCN2A,5.678316626454521
NTC_337,7.920463333333332,0.19341306260941848,NTC,5.6513630443052065
PTPRZ1,6.471819999999999,0.134388703765249,PTPRZ1,5.641079290165963
TSPO,6.556401666666666,0.13804313194833034,TSPO,5.638408371802791
UGCG,6.496797066666666,0.13804313194833034,UGCG,5.587149298194383
NTC_511,7.802373333333333,0.19341306260941848,NTC,5.567104152644997
MAGI2,7.239706666666666,0.1703896480381759,MAGI2,5.564125746486116
NTC_2017,7.174183333333333,0.16970969870166808,NTC,5.526225624206458
GNRHR,6.664851666666666,0.148642398199764,GNRHR,5.5175460815208215
NTC_1118,8.34704,0.21946209759299762,NTC,5.497698383605431
SLC12A7,6.146156666666666,0.12803612943198014,SLC12A7,5.486474079898246
PTGER2,7.012303333333333,0.1655299201947933,PTGER2,5.477474883028528
RAB5A,7.487903333333333,0.1856097972077464,RAB5A,5.476645787030313
CDA,6.601701666666666,0.148642398199764,CDA,5.46526689325461
RNASEL,6.765473333333333,0.1561244699213053,RNASEL,5.456550598650566
PIPOX,6.848246666666666,0.15985211748360506,PIPOX,5.453132857205063
NTC_897,6.575783333333333,0.14825408305313825,NTC,5.451280568438321
SLC6A1,6.578046666666666,0.148642398199764,SLC6A1,5.44568392890881
NTC_2121,5.388976666666666,0.09865813368764705,NTC,5.420594354997657
NTC_969,6.768716666666666,0.15870759330131579,NTC,5.410927631461816
NTC_836,6.354026666666666,0.14158282637153027,NTC,5.3945014286456185
NTC_1457,7.354349999999999,0.1852558424686861,NTC,5.3850616291148485
NTC_800,6.72988,0.15870759330131579,NTC,5.379881511033196
MVK,5.703501666666666,0.11409460623326646,MVK,5.376889994414564
PRX,6.095529666666666,0.13296676387296263,PRX,5.341249935152708
ABCC9,6.839316666666666,0.16569135519506428,ABCC9,5.339455547107496
STK11IP,6.1693066666666665,0.1369240541317054,STK11IP,5.327321238120966
MMP27,6.668506666666666,0.15985211748360506,MMP27,5.31000920125896
LCN2,6.9806833333333325,0.17535550346283935,LCN2,5.277959238949247
RIPK3,6.755269999999999,0.1655299201947933,RIPK3,5.276700107536152
TACR1,6.7353,0.1655299201947933,TACR1,5.2611010713544015
UBA1,6.860791666666666,0.1716896399173221,UBA1,5.250261371648129
GMDS,6.709075666666666,0.16569135519506428,GMDS,5.237776378880042
RABGGTA,6.223706666666666,0.14434496236070676,RABGGTA,5.2316376693785385
FOLR2,6.197356666666666,0.14434496236070676,FOLR2,5.209487902371291
NTC_1972,8.453836666666666,0.24302099120945375,NTC,5.193667072336063
NTC_713,8.100383333333333,0.22868102137037205,NTC,5.190481630051446
GSTA3,7.082233333333333,0.1856097972077464,GSTA3,5.179939112608602
HIPK1,6.835466666666666,0.17535550346283935,HIPK1,5.168163734571776
NTC_1230,8.868016666666666,0.2631074737748075,NTC,5.142268582195794
LYZ,6.832446666666666,0.17784898828699147,LYZ,5.12398381908625
FARSA,6.228856666666666,0.1520703096460148,FARSA,5.0949280036390725
TWF1,6.781850666666666,0.17784898828699147,TWF1,5.086039419669962
NTC_1767,8.045583333333333,0.23339250056869476,NTC,5.08410952908768
BRSK1,6.309636666666666,0.15985211748360506,BRSK1,5.024247621146701
NTC_1297,6.2780466666666666,0.15870759330131579,NTC,5.01868490781464
CYB5B,6.825878666666666,0.18417134841660276,CYB5B,5.015505012052857
DGUOK,6.821541666666667,0.18417134841660276,DGUOK,5.012318280160962
NTC_333,3.460153333333333,0.03601104260100494,NTC,4.994953840583526
CDKN2C,5.985029999999999,0.14713012563251374,CDKN2C,4.981330858179127
PAK3,5.918316666666666,0.14434496236070676,PAK3,4.974927333653926
NTC_658,3.2600033333333323,0.030042908902389483,NTC,4.962566216464285
DUSP19,6.8933116666666665,0.190658595842763,DUSP19,4.961417022320863
MTMR10,6.889611666666666,0.190658595842763,MTMR10,4.958753970964669
PPA1,5.639056666666666,0.13296676387296263,PPA1,4.941262318821041
CDK18,6.809504666666666,0.190658595842763,CDK18,4.901097469615841
TFPI,7.167563333333333,0.20743630276251135,TFPI,4.896271723802039
CD33,6.779891666666666,0.190658595842763,CD33,4.879783702099359
SIGLEC7,7.247813333333332,0.21317283447313318,SIGLEC7,4.865226176235494
DUSP7,7.0236616666666665,0.20413486757133825,DUSP7,4.846908169647243
SIRPA,7.216216666666666,0.21317283447313318,SIRPA,4.84401634056803
DRD5,7.004911666666667,0.20413486757133825,DRD5,4.8339691169858385
LRAT,6.853101666666666,0.19731252947760647,LRAT,4.830376746075544
SCN4A,5.895436666666666,0.1520703096460148,SCN4A,4.822205257574919
DUSP27,5.886286666666666,0.1520703096460148,DUSP27,4.814720964111759
NTC_1205,7.835183333333333,0.24302099120945375,NTC,4.813593553859725
NTC_2008,8.17895,0.2579815697082657,NTC,4.81258675814975
ADRA2A,5.850296666666666,0.1520703096460148,ADRA2A,4.78528274315666
NDUFS8,6.909071666666666,0.20413486757133825,NDUFS8,4.767831580608826
NARS2,5.908356666666666,0.1561244699213053,NARS2,4.765261130762133
PYGM,6.888021666666666,0.20413486757133825,PYGM,4.753305337487623
OPRM1,6.086821666666666,0.16569135519506428,OPRM1,4.751982587783491
MYLK2,6.876206666666667,0.20413486757133825,MYLK2,4.745152009103918
MCCC1,6.829296666666666,0.20413486757133825,MCCC1,4.712780224552105
SLC16A3,6.820427166666666,0.20413486757133825,SLC16A3,4.706659535081155
CD86,7.185549999999999,0.2219903117318196,CD86,4.696949574988553
ITGAL,6.4404216666666665,0.190658595842763,ITGAL,4.635452338886574
GCAT,6.65607,0.20181260257884093,GCAT,4.626312881254749
TPSB2,6.261486666666666,0.18417134841660276,TPSB2,4.600802225349958
CALM3,6.218111666666666,0.18417134841660276,CALM3,4.568931232541345
CFB,7.137183333333333,0.23106732231494476,CFB,4.5411147477304405
VRK2,7.136383333333333,0.23106732231494476,VRK2,4.54060573855574
NTC_2069,4.242353333333332,0.08523720316889372,NTC,4.53664881586423
CD46,7.251783333333333,0.23726287353716924,CD46,4.530698225604866
NTC_2146,7.061716666666666,0.22868102137037205,NTC,4.5249353180768965
LRRK2,7.208203333333333,0.23726287353716924,LRRK2,4.503470739675401
SPTBN1,7.1166366666666665,0.23313958216867903,SPTBN1,4.500447063635902
GSK3B,6.939721666666666,0.22562819699107795,GSK3B,4.487270019637581
KALRN,6.926235166666666,0.22562819699107795,KALRN,4.478549559361699
MLKL,6.920344166666666,0.22562819699107795,MLKL,4.474740399721672
CPS1,7.227053333333333,0.24040363140654242,CPS1,4.473972238946427
STK35,7.271446666666666,0.24357488805323435,STK35,4.46006897881804
NTC_0,3.0762899999999997,0.03601104260100494,NTC,4.440822434723133
CRP,6.8511,0.22498759537262103,CRP,4.438426393201934
NGF,6.1597566666666665,0.190658595842763,NGF,4.433445498647035
NTC_1632,6.7259166666666665,0.21946209759299762,NTC,4.429960942633336
ACVR1C,6.836846666666666,0.22562819699107795,ACVR1C,4.420750362878501
TPSAB1,7.1807799999999995,0.24357488805323435,TPSAB1,4.404456993204975
NTC_1997,3.6036866666666665,0.06029390103169052,NTC,4.395512543977531
MAP3K1,6.110743333333333,0.19090025674897404,MAP3K1,4.39480680915935
NTC_287,8.276583333333333,0.2953358649900435,NTC,4.383972193691079
NTC_2131,4.4630633333333325,0.1043516746516043,NTC,4.380499236490293
AATK,6.343186666666666,0.20413486757133825,AATK,4.377324070459562
NTC_716,6.640916666666667,0.21946209759299762,NTC,4.373976502327975
PNLIP,5.685573333333333,0.1703896480381759,PNLIP,4.369686014102076
NTC_981,2.9870266666666665,0.0349512312981095,NTC,4.350716412863582
CD209,6.305046666666666,0.2051565418768514,CD209,4.337333844970534
DCLK1,6.2447566666666665,0.20413486757133825,DCLK1,4.309399219608255
MTTP,6.947856666666667,0.24082661360931124,MTTP,4.295828658460035
PTPRG,7.199703333333333,0.2565506298979843,PTPRG,4.2537785072051255
GABRB2,5.818886666666666,0.18614041315498242,GABRB2,4.248714369323323
NAGK,7.018571666666666,0.24869044244879335,NAGK,4.241609952879526
PHGDH,7.513921666666667,0.2733525840081884,PHGDH,4.232417874758988
PRKG2,5.524476666666666,0.1716896399173221,PRKG2,4.227638419993526
NTC_229,7.367916666666666,0.268303247115237,NTC,4.209836542739987
CDK9,7.289611666666666,0.2649525535857582,CDK9,4.20488047828192
NTC_467,7.693283333333333,0.28431150733672583,NTC,4.202114147837098
PPIG,6.359016666666666,0.2190230086661119,PPIG,4.193836732220838
NTC_949,6.7917499999999995,0.24302099120945375,NTC,4.1725538036029945
RIOK3,7.063941666666667,0.256732111896706,RIOK3,4.171397467122453
NTC_1661,7.836949999999999,0.2953358649900435,NTC,4.151105534692935
NTC_890,3.059693333333333,0.044224049048045694,NTC,4.1438696493479
DUSP13,7.280883333333333,0.2699987092725139,DUSP13,4.140189208380224
YARS,7.0014001666666665,0.256732111896706,YARS,4.134465472635423
SLC1A2,6.997216666666667,0.256732111896706,SLC1A2,4.1319950330243405
NTC_1837,3.6639119999999994,0.07480203376989383,NTC,4.125882185065295
CHRNA4,7.252136666666666,0.2699987092725139,CHRNA4,4.1238427523718775
PCMT1,6.841453333333333,0.2500039585143743,PCMT1,4.11891828867216
NTC_283,6.6953499999999995,0.24302099120945375,NTC,4.113329864755521
NTC_895,3.8849166666666664,0.08745931886466404,NTC,4.110995154704281
GCGR,7.301770666666666,0.2769009573896416,GCGR,4.072018918995974
VDAC1,7.3016266666666665,0.2769009573896416,VDAC1,4.071938613717831
CRYZ,7.051816666666666,0.2649525535857582,CRYZ,4.067712738893922
COMTD1,7.273688333333332,0.2769009573896416,COMTD1,4.056358088514827
CHIA,7.376623333333333,0.2839224842420607,CHIA,4.033539214969912
ROCK1,7.3698533333333325,0.2839224842420607,ROCK1,4.029837377523237
ATM,6.301633333333333,0.23106732231494476,ATM,4.009486477829452
MMP19,7.317189999999999,0.2839224842420607,MMP19,4.001041055602996
NTC_267,6.69117,0.2529253354594867,NTC,3.994679779965179
MB,6.3714786666666665,0.23626809742205646,MB,3.9923361392993413
PTGER3,7.299219999999999,0.2839224842420607,PTGER3,3.9912150557630044
UCKL1,7.073226666666666,0.2733525840081884,UCKL1,3.9841845981743567
NSDHL,7.142033333333333,0.2769009573896416,NSDHL,3.9829373149444143
PYGL,6.356220666666666,0.23626809742205646,PYGL,3.982775554072537
BMP2K,6.345870666666666,0.23626809742205646,BMP2K,3.976290296692971
KCNQ2,7.053351666666666,0.2733525840081884,KCNQ2,3.9729894714492535
TRPA1,7.311249999999999,0.2910635776638726,TRPA1,3.9189187347654806
DUT,5.858906666666666,0.21517774845613213,DUT,3.90907800197084
STK40,7.287101333333333,0.2910635776638726,STK40,3.9059747563459757
NTC_79,8.238116666666667,0.33614960309260056,NTC,3.9004796560011914
PIP4K2C,6.417929666666666,0.24734472786178263,PIP4K2C,3.8937408709511923
CDC14B,6.403476666666666,0.24734472786178263,CDC14B,3.884972274264921
NTC_1302,3.377426666666666,0.07093133732654903,NTC,3.881209883142673
DCD,6.3965396666666665,0.24734472786178263,DCD,3.880763614802341
PRDX5,7.056876666666666,0.28193290104792657,PRDX5,3.880253554971921
PHOSPHO1,7.0479441666666665,0.28193290104792657,PHOSPHO1,3.8753419819748327
SNRPA,6.386389666666666,0.24734472786178263,SNRPA,3.8746056367793935
NTC_570,3.166726666666667,0.06029390103169052,NTC,3.862540801738633
UCK2,7.124586666666666,0.290694080617209,UCK2,3.822795378276306
PPP6C,7.1202016666666665,0.290694080617209,PPP6C,3.8204425459622344
NTC_562,3.532706666666666,0.08306095981381979,NTC,3.8174536153311562
SULT1A1,7.40745,0.3057053395662872,SULT1A1,3.812592112310269
AADACL2,6.457027666666666,0.2587799510687855,AADACL2,3.7907231875145553
MAPK15,6.452211666666666,0.2587799510687855,MAPK15,3.7878958614113523
CAMLG,7.059308316666666,0.290694080617209,CAMLG,3.787769377982277
KCNK2,7.419651666666666,0.3087607017548747,KCNK2,3.786826834918614
PITPNA,6.440099966666666,0.2587799510687855,PITPNA,3.7807854532792584
PHYH,7.33597,0.3057053395662872,PHYH,3.775801572490501
HAO1,6.424811666666666,0.2587799510687855,HAO1,3.7718101605750234
OAT,6.423817666666666,0.2587799510687855,OAT,3.7712266136176766
RDX,5.442736666666666,0.20413486757133825,RDX,3.755939005448288
FGFR3,7.175921666666666,0.299636573406297,FGFR3,3.755914557913297
NTC_15,2.797386833333333,0.045517463212197545,NTC,3.7535950559436464
GABBR2,6.662506666666666,0.2733525840081884,GABBR2,3.7528355441600403
CDK3,7.152546666666666,0.299636573406297,CDK3,3.7436799618754053
KCNQ3,6.637491666666666,0.2733525840081884,KCNQ3,3.738745174598859
HTR2B,7.388576666666666,0.3132063044547281,HTR2B,3.7250950385928214
CPE,6.784823333333333,0.2839224842420607,CPE,3.709942848508763
DUSP3,5.991806666666666,0.24082661360931124,DUSP3,3.7047072254827595
PHKB,7.324439999999999,0.3132063044547281,PHKB,3.692759287125324
PTPN6,7.024743333333333,0.29832447051283395,PTPN6,3.6901757988202752
NTC_248,8.001883333333332,0.34844759761485666,NTC,3.6637625109041245
SLC6A7,7.396926666666666,0.3208274266349712,SLC6A7,3.652073597884117
ULK1,7.3866733333333325,0.3208274266349712,ULK1,3.6470112348725006
EPHA7,7.356626666666666,0.3208274266349712,EPHA7,3.6321763388430113
PDXK,5.782936666666666,0.23626809742205646,PDXK,3.6235587143056587
SLC7A4,7.096346666666666,0.3087607017548747,SLC7A4,3.6218190818776432
PPP1R37,5.7680066666666665,0.23626809742205646,PPP1R37,3.61420365221127
CACNA1C,6.7356316666666665,0.290694080617209,CACNA1C,3.614096200917134
MAN1A1,7.264431666666666,0.3180666566536047,MAN1A1,3.613922949544649
RNASE2,7.222971666666666,0.3180666566536047,RNASE2,3.593297351787891
NTC_1573,3.569580166666666,0.09928013485418265,NTC,3.5807802298853146
TLR7,7.196046666666666,0.3180666566536047,TLR7,3.5799026528105466
CAPNS1,6.506650666666666,0.2827363308780514,CAPNS1,3.569668162425106
PI4KA,7.333896666666666,0.32755449488420063,PI4KA,3.5548602583786018
EIF2AK1,7.350823333333333,0.3285687084048473,EIF2AK1,3.5531954036069004
NTC_1622,3.9397199999999994,0.12672343897258512,NTC,3.5344924164569242
NTC_916,8.890383333333332,0.4004489522740602,NTC,3.5335080892135475
NTC_1666,3.4030899999999993,0.09204370132105075,NTC,3.5256214050802273
STRADB,7.438753333333333,0.3364300919613368,STRADB,3.5193126283924765
OXSR1,7.251451666666666,0.32755449488420063,OXSR1,3.51489781176627
PBK,7.216146666666666,0.32755449488420063,PBK,3.497784897973458
SULT2A1,7.060829999999999,0.3208274266349712,SULT2A1,3.486133090700026
NTC_664,3.97618,0.1328620937716403,NTC,3.48551504521879
NTC_1597,4.016779999999999,0.1360165397828271,NTC,3.480171441546035
NTC_154,3.86894,0.12672343897258512,NTC,3.470992631386711
ADRA2B,5.699346666666666,0.24734472786178263,ADRA2B,3.457778474728186
PANK4,7.131626666666666,0.32755449488420063,PANK4,3.456816664755261
LTK,7.45874,0.34441145850400723,LTK,3.452817882063846
BACE1,7.106661666666666,0.32755449488420063,BACE1,3.4447157189164974
CA2,4.322593333333332,0.16077523262348958,CA2,3.431191824904727
NTC_1989,3.2699,0.08972794054779297,NTC,3.4238217142327345
NTC_1087,3.7242733333333327,0.1208078649059611,NTC,3.4185283360143255
WARS,6.658626666666666,0.30815270328655187,WARS,3.404116465457232
NTC_750,2.958120166666666,0.07093133732654903,NTC,3.3993588490617066
NTC_1530,4.006863333333333,0.14249854272149579,NTC,3.390565989120407
DOLPP1,7.156059999999999,0.3364300919613368,DOLPP1,3.385568952082598
SLC12A6,7.474616666666666,0.3525126273855861,SLC12A6,3.3846956951233347
NTC_2084,4.75644,0.19467715126498042,NTC,3.380330644482258
DGKK,7.462113333333333,0.3525126273855861,DGKK,3.379033869186929
AKT1,6.607856666666666,0.30815270328655187,AKT1,3.3781611143611205
REG1A,6.604306666666666,0.30815270328655187,REG1A,3.376346233597063
SCN9A,7.440429999999999,0.3525126273855861,SCN9A,3.369215106799213
ACPP,7.133438166666666,0.3372241363062318,ACPP,3.367563112484234
INPP5J,7.132907666666666,0.3372241363062318,INPP5J,3.3673126733286076
IP6K3,6.585736666666667,0.30815270328655187,IP6K3,3.36685261788198
NTC_426,3.5831533333333323,0.1151106132782499,NTC,3.364167599741518
NTC_291,3.454806666666666,0.10696349702393618,NTC,3.3538033445659243
HTR1F,6.552606666666666,0.30815270328655187,HTR1F,3.34991543486417
KCND3,5.705076666666666,0.2587799510687855,KCND3,3.3492757849751995
NTC_352,4.002593333333333,0.14582722919216687,NTC,3.3468139491364663
FLT4,7.903061666666666,0.3777142001674576,FLT4,3.341704416732266
NTC_1678,3.4573199999999993,0.109626849655023,NTC,3.319314385831313
ACAD8,7.1924996666666665,0.34707536129869965,ACAD8,3.3055017773391393
MAPK3,7.4507666666666665,0.36073335531145434,MAPK3,3.29930154554297
MGST2,6.685836666666666,0.3214110010165294,MGST2,3.2957113963974387
CA6,7.59136,0.36907333558980415,CA6,3.2862035622874
NTC_785,5.656816666666666,0.2631074737748075,NTC,3.2802002650244835
IDE,7.475666666666666,0.36907333558980415,IDE,3.236121384109458
MTOR,6.801986666666666,0.3350363625902745,MTOR,3.2303182580506506
GCK,7.44748,0.36907333558980415,GCK,3.223919733231485
CLC,6.769256666666666,0.3350363625902745,CLC,3.2147745174102695
IYD,6.795111666666666,0.3372241363062318,IYD,3.207845481973351
NTC_816,6.999483333333333,0.34844759761485666,NTC,3.2048011154496847
TAF1,6.746816666666666,0.3350363625902745,TAF1,3.2041175806559106
UGDH,7.399973333333333,0.36907333558980415,UGDH,3.203354699135829
MMACHC,6.737936666666666,0.3350363625902745,MMACHC,3.1999003971274482
SNAP25,6.736176666666666,0.3350363625902745,SNAP25,3.199064558950636
ACVR2A,7.3854463333333324,0.36907333558980415,ACVR2A,3.197066144891352
NTC_3,2.7494199999999993,0.06905847146859047,NTC,3.1914801017096934
CHRNB3,6.708546666666666,0.3350363625902745,CHRNB3,3.1859428493907904
KLK6,7.115096666666666,0.35710780836423284,KLK6,3.1818758798237416
NTC_633,3.349203333333333,0.11234235028469856,NTC,3.1799228565842137
NTC_271,2.942411999999999,0.08306095981381979,NTC,3.1795793953626994
NTC_1948,4.242613333333333,0.1785130696289604,NTC,3.174874759438657
NTC_1099,6.690483333333333,0.33614960309260056,NTC,3.1677257298470365
NTC_91,3.8323366666666665,0.14921511341485919,NTC,3.1662274489179616
NTC_168,3.946803333333333,0.159739374760403,NTC,3.1439762517703365
NTC_1372,4.6334833333333325,0.21051304444418062,NTC,3.1355754188903306
PPP1R12A,6.847776666666666,0.3490283321784774,PPP1R12A,3.1303879552142035
CUTA,7.403301666666666,0.3777142001674576,CUTA,3.130387553756236
TUBA3C,6.832706666666666,0.3490283321784774,TUBA3C,3.123498865691948
NTC_1129,3.826313333333333,0.1526627416804393,NTC,3.1232930851135663
RET,7.554679999999999,0.38610950531984944,RET,3.1222699704555956
NTC_416,3.871236666666666,0.15617065220730733,NTC,3.121767477742669
GP9,5.689056666666666,0.2827363308780514,GP9,3.1211210648313523
KCNJ6,7.539633333333333,0.38610950531984944,KCNJ6,3.1160513410114907
NTC_1000,3.1721866666666663,0.1043516746516043,NTC,3.1135030434263804
NTC_1955,3.8657333333333326,0.159739374760403,NTC,3.079396861006582
SERPIND1,7.4270076666666665,0.38610950531984944,SERPIND1,3.069504334793375
NTC_1287,3.340193333333333,0.1208078649059611,NTC,3.065979463850526
NTC_1447,4.416853333333332,0.20315081307394822,NTC,3.0572638791133424
NTC_644,2.9447553333333327,0.09204370132105075,NTC,3.0507839745420076
NTC_1165,4.894839999999999,0.2381723959230574,NTC,3.0500167746972586
NTC_1790,2.7340233333333326,0.07680112516526916,NTC,3.0474310371108158
NTC_1772,3.6370966666666664,0.14582722919216687,NTC,3.0411997534159716
PGGT1B,6.865696666666667,0.3633858782070015,PGGT1B,3.0183796419751294
NTC_935,2.7637333333333327,0.08092995489641576,NTC,3.0176947284979287
NTC_394,4.4181366666666655,0.2074869993812909,NTC,3.0176275921615865
AKAP6,6.857506666666666,0.3633858782070015,AKAP6,3.0147790562708705
BLVRB,7.335871666666666,0.38828669339382993,BLVRB,3.013924479511634
NTC_1379,2.5698866666666667,0.06722642246619535,NTC,3.0130893202396067
CNR1,6.838936666666666,0.3633858782070015,CNR1,3.006615090882826
LGSN,6.828246666666666,0.3633858782070015,LGSN,3.0019154252932627
UGT1A9,7.295441666666666,0.38828669339382993,UGT1A9,2.9973139153900803
PTPMT1,5.655736666666666,0.2952613637567787,PTPMT1,2.9963718374050288
SDF2,5.651516666666666,0.2952613637567787,SDF2,2.994136109347113
NTC_1453,4.894816666666666,0.24460897593916364,NTC,2.9933155402401646
NTC_1922,3.577879999999999,0.14582722919216687,NTC,2.9916850639343107
MS4A1,7.771946666666666,0.4125467669607923,MS4A1,2.9885218748202482
NTC_1498,3.6611399999999996,0.1526627416804393,NTC,2.9884675533540594
NTC_72,6.7046166666666664,0.3610277657077827,NTC,2.9665206430865965
NTC_901,3.6266599999999998,0.1526627416804393,NTC,2.9603226691814664
ME2,7.401021666666666,0.39903750213584777,ME2,2.9529061529848883
IFNAR2,7.397616666666666,0.39903750213584777,IFNAR2,2.951547604678484
PIK3C2B,7.3094866666666665,0.3948047583961536,PIK3C2B,2.9502376236896377
NTC_1519,3.640296666666666,0.15617065220730733,NTC,2.935537328726577
NTC_1746,4.174026666666666,0.19888099645871127,NTC,2.9276903231551903
TPTE,5.687113333333333,0.3057053395662872,TPTE,2.9271400328697763
GLRA3,7.593389999999999,0.4125467669607923,GLRA3,2.919862049024353
TRPM8,7.316671666666666,0.39903750213584777,TRPM8,2.9192516596970104
NTC_2156,3.8625568333333327,0.1785130696289604,NTC,2.8904670856281913
NTC_714,4.274283333333333,0.21188994019269414,NTC,2.8803953491320113
CHRNA6,5.488806666666666,0.299636573406297,CHRNA6,2.8728698308772267
NTC_886,3.3893199999999992,0.14249854272149579,NTC,2.8680072571094035
NEU2,5.594796666666666,0.30815270328655187,NEU2,2.860250380041115
NTC_14,3.6773133333333323,0.16706133044047877,NTC,2.857728683262691
PAPOLA,5.5830866666666665,0.30815270328655187,PAPOLA,2.854263829689816
NTC_74,2.331439999999999,0.06029390103169052,NTC,2.8437194222021627
NTC_1484,3.8387533333333326,0.1824572676423385,NTC,2.836220033460062
NTC_1646,3.782729999999999,0.1785130696289604,NTC,2.830730272875379
AK8,7.306706666666666,0.40996552578854895,AK8,2.829541605590606
NTC_241,4.490716666666666,0.23491844057076317,NTC,2.8250330221672164
NTC_1855,3.4599753333333325,0.1526627416804393,NTC,2.8242634859830713
NTC_917,3.71697,0.1746326631976861,NTC,2.8169968651264865
CDK17,7.488086666666666,0.42106951131953385,CDK17,2.812871329397221
CACNB4,7.479921666666666,0.42106951131953385,CACNB4,2.809804178143915
LGALS9,6.930116666666666,0.39319061871730443,LGALS9,2.8094474855901694
NTC_905,2.515923333333333,0.07680112516526916,NTC,2.804329706887884
TSKS,7.464216666666666,0.42106951131953385,TSKS,2.8039046545146236
RBKS,7.652909999999999,0.4307528911038382,RBKS,2.7992186582549152
NTC_2048,6.664683333333333,0.3804246833719701,NTC,2.7973762807311853
NTC_1881,3.780173333333333,0.1824572676423385,NTC,2.792938854615518
NTC_700,5.02795,0.2807206036200546,NTC,2.774049288366248
NTC_2079,3.397676666666666,0.1526627416804393,NTC,2.7734111438299296
TUB,7.3776356666666665,0.42106951131953385,TUB,2.7713808305510645
PROC,7.568996666666666,0.4307528911038382,PROC,2.768525527361826
GALE,7.555173333333332,0.4307528911038382,GALE,2.7634693418603704
MAP4K3,7.352776666666666,0.42106951131953385,MAP4K3,2.7620426415729966
NTC_1825,4.077323499999999,0.21188994019269414,NTC,2.7476661536959384
ALDH9A1,7.016056666666666,0.408632762788824,ALDH9A1,2.7269084058540565
NTC_1421,3.038039999999999,0.12672343897258512,NTC,2.725556471244858
DHRS4,7.011126666666666,0.408632762788824,DHRS4,2.724992278450934
NTC_2118,3.000796666666666,0.12373806232362734,NTC,2.7232130396558962
SSB,7.0036266666666664,0.408632762788824,SSB,2.7220772773305653
SIK3,6.994426666666666,0.408632762788824,SIK3,2.7185015426229127
SCN10A,6.985696666666666,0.408632762788824,SCN10A,2.715108481318803
CDC7,6.968766666666666,0.408632762788824,CDC7,2.7085283521230905
IL3RA,6.965386666666666,0.408632762788824,IL3RA,2.707214658284844
NTC_1286,4.419183333333333,0.24460897593916364,NTC,2.702452624409562
CD247,6.102329999999999,0.36073335531145434,CD247,2.702195317763259
NTC_615,4.060026666666666,0.2163600064824006,NTC,2.699199166338787
TYK2,6.187166666666666,0.3673209719035345,TYK2,2.69113459330851
NTC_227,3.722653333333333,0.19053886614462134,NTC,2.6803715390074627
PFKFB3,6.7075716666666665,0.39903750213584777,PFKFB3,2.6762291124338606
PROZ,7.336876666666666,0.43234805220974426,PROZ,2.6718446470575152
NTC_373,2.522963333333333,0.08745931886466404,NTC,2.669784432655328
NTC_332,3.4289333333333327,0.16706133044047877,NTC,2.664706608174687
NTC_1830,4.0053166666666655,0.2163600064824006,NTC,2.66282669923092
NTC_376,8.331283333333333,0.479106534786101,NTC,2.662410765214681
NTC_607,4.6616133333333325,0.27005214848745396,NTC,2.6503712769840075
NDUFAB1,5.570486666666666,0.3350363625902745,NDUFAB1,2.645468988309451
NTC_1325,8.092283333333333,0.4716244721610132,NTC,2.64135096128292
NTC_1339,3.394783333333333,0.16706133044047877,NTC,2.638167821379231
GABRP,7.464536666666666,0.44379958760972804,GABRP,2.633586363692302
NTC_1488,3.2212899999999993,0.1526627416804393,NTC,2.6294325387567525
OGFOD1,7.063406666666666,0.4244303643874696,OGFOD1,2.6289544276328596
NNMT,7.060226666666666,0.4244303643874696,NNMT,2.6277708521324814
CEL,5.530576666666666,0.3350363625902745,CEL,2.626515407834119
NAGPA,7.536453333333332,0.44941672581924974,NAGPA,2.6177928578308447
NDUFB4,7.032016666666666,0.4244303643874696,NDUFB4,2.6172712719860476
ARPC4,7.031266666666666,0.4244303643874696,ARPC4,2.6169921268208642
HRH4,7.026926666666666,0.4244303643874696,HRH4,2.6153768067983356
NTC_1367,4.0990166666666665,0.23017645250618612,NTC,2.6149230343487684
NTC_1784,6.565449999999999,0.4004489522740602,NTC,2.6094567370728767
NTC_494,2.5151419999999995,0.09204370132105075,NTC,2.605702015525976
AZGP1,7.69546,0.45891798758189406,AZGP1,2.60310415759842
NTC_2104,3.6463066666666664,0.19467715126498042,NTC,2.5913755170912043
NTC_1856,3.504449999999999,0.1824572676423385,NTC,2.5892237487497973
NTC_192,3.444049999999999,0.1785130696289604,NTC,2.5772858745658427
WDSUB1,6.851776666666666,0.42106951131953385,WDSUB1,2.5738438935134553
NTC_2088,2.9241399999999995,0.1328620937716403,NTC,2.5632979302561933
KSR2,7.194616666666666,0.44057935054667574,KSR2,2.5611098667763437
DHRS11,7.484366666666666,0.4554224017164139,DHRS11,2.556551958818158
MAT1A,7.118946666666666,0.44057935054667574,MAT1A,2.534173173329304
CSNK1D,7.105366666666666,0.44057935054667574,CSNK1D,2.529339021128817
CPA1,7.092606666666666,0.44057935054667574,CPA1,2.52479676913484
NTC_1926,1.9902133333333323,0.053964768496875974,NTC,2.523370949668427
GM2A,7.074236666666666,0.44057935054667574,GM2A,2.5182574925573045
VWF,7.066166666666666,0.44057935054667574,VWF,2.515384767354217
NTC_431,3.078019999999999,0.1526627416804393,NTC,2.51248597392475
NTC_574,4.336475333333333,0.26482354600032254,NTC,2.502334485581866
MS4A2,7.563899999999999,0.4685307849210065,MS4A2,2.490503846554986
NTC_206,6.6257166666666665,0.4210936529128788,NTC,2.4887603381890666
NTC_430,4.00408,0.23972918833451395,NTC,2.483647078779646
NTC_1688,3.538253333333332,0.19888099645871127,NTC,2.481754639374192
HIF1AN,7.746393333333333,0.4782540124627913,HIF1AN,2.4814903121020278
NTC_521,4.236116666666666,0.25966513100205546,NTC,2.48061216252106
NTC_321,4.04468,0.24460897593916364,NTC,2.4734334958337403
NTC_1718,3.0990433333333325,0.159739374760403,NTC,2.46866079211966
NTC_500,3.2140833333333325,0.1708155773795199,NTC,2.4667206569529703
NTC_1306,3.9714066666666663,0.23972918833451395,NTC,2.463380493474825
NTC_1742,4.197506666666666,0.25966513100205546,NTC,2.4580026729504376
NTC_1738,2.9375999999999998,0.14582722919216687,NTC,2.456307658114144
NTC_1819,3.3651066666666662,0.18646571705481607,NTC,2.4545121825970435
NTC_1509,4.187716666666667,0.25966513100205546,NTC,2.4522697824325315
NTC_1609,3.950913333333333,0.23972918833451395,NTC,2.4506689074256474
NTC_539,7.999949999999999,0.4942631138321548,NTC,2.448319090888103
FTL,7.401491666666666,0.4672146233750035,FTL,2.446071409140224
B4GALT1,6.198123333333333,0.4036173899554144,B4GALT1,2.442247344936907
NTC_301,4.343416666666666,0.2753511149950475,NTC,2.4328048368200026
NTC_184,4.395516666666666,0.2807206036200546,NTC,2.42511955790504
NTC_1442,4.061283333333332,0.2545767088497949,NTC,2.4131387420211157
MUT,7.546545666666666,0.4791742259101396,MUT,2.4111707708550987
NTC_146,3.026516666666666,0.159739374760403,NTC,2.4108869183382464
NTC_924,4.054483333333334,0.2545767088497949,NTC,2.4090983089611866
TRDMT1,5.471736666666666,0.3633858782070015,TRDMT1,2.405550283207315
NTC_1969,4.045583333333333,0.2545767088497949,NTC,2.4038100951033363
NTC_2102,7.062916666666666,0.456855486443439,NTC,2.4029536675263548
NTC_22,3.923363333333332,0.24460897593916364,NTC,2.399245004547351
NTC_803,3.7565066666666667,0.23017645250618612,NTC,2.396422510606538
TEX14,5.442676666666666,0.3633858782070015,TEX14,2.3927745786205317
NTC_1589,3.846646666666666,0.23972918833451395,NTC,2.385994474826709
UBC,7.460801666666666,0.4791742259101396,UBC,2.3837750012264336
HSD17B7,7.62637,0.48808649698467166,HSD17B7,2.3756387129610186
GK2,7.616507333333333,0.48808649698467166,GK2,2.372566460664531
NTC_1931,2.5526433333333327,0.11793224928724295,NTC,2.369790900977194
NTC_73,7.398083333333333,0.479106534786101,NTC,2.3641899957735975
NTC_1852,8.211383333333334,0.5174703547015127,NTC,2.349396045327412
PTP4A2,7.237256666666666,0.473912034572171,PTP4A2,2.3470587123115276
NTC_710,3.67854,0.23017645250618612,NTC,2.3466845248510784
NTC_1480,6.621316666666666,0.4423499927788408,NTC,2.345495325759732
CDK15,7.224816666666666,0.473912034572171,CDK15,2.3430243921642773
NTC_51,3.384599999999999,0.20315081307394822,NTC,2.3427572854083945
PPEF2,7.212666666666666,0.473912034572171,PPEF2,2.339084119673193
NTC_357,2.8960234999999996,0.15617065220730733,NTC,2.335355018442469
SLC32A1,7.541116666666666,0.491299027190057,SLC32A1,2.327596546078918
DHCR7,7.527371666666666,0.491299027190057,DHCR7,2.323354095532135
ACSS2,7.514466666666666,0.491299027190057,ACSS2,2.3193709144258245
SLC12A4,7.658006666666666,0.49802699752322654,SLC12A4,2.318439416958581
FER,7.478936666666666,0.491299027190057,FER,2.308404434402019
ARF1,7.597566666666666,0.49802699752322654,ARF1,2.3001413813913216
NTC_763,4.10305,0.2753511149950475,NTC,2.298172303458716
NTC_58,3.0672133333333327,0.1785130696289604,NTC,2.295287698575809
NTC_1758,3.106359999999999,0.1824572676423385,NTC,2.2950993976705103
NTC_1289,3.0975299999999995,0.1824572676423385,NTC,2.2885754507740046
NTC_1628,4.338483333333333,0.2972535000442741,NTC,2.2858298292014885
NTC_1382,3.5802833333333326,0.23017645250618612,NTC,2.2840027546025237
NTC_821,3.9860166666666657,0.27005214848745396,NTC,2.2662591955816875
NTC_835,4.292703333333332,0.2972535000442741,NTC,2.2617095822071445
NTC_1314,3.2949499999999996,0.2074869993812909,NTC,2.2504808666985903
MAPK9,6.311396666666666,0.44002803711837335,MAPK9,2.2501369358927503
PRKRIR,7.264526666666666,0.4910844294507152,PRKRIR,2.2436042794874034
PGA3,7.513131666666666,0.503586689926947,PGA3,2.238355439640955
S100G,5.96165,0.42159218963392353,S100G,2.2362592899944693
NTRK1,7.505876666666666,0.503586689926947,NTRK1,2.2361939882735253
MAP4K4,7.236516666666666,0.4910844294507152,MAP4K4,2.2349535636524958
TRAPPC6A,7.500791666666666,0.503586689926947,TRAPPC6A,2.2346790357989037
NTC_1145,3.0901866666666664,0.19053886614462134,NTC,2.2249851516893884
NTC_1870,4.2038166666666665,0.2972535000442741,NTC,2.2148775954333595
NTC_403,4.192516666666666,0.2972535000442741,NTC,2.2089239302731127
NTC_719,4.122683333333333,0.29167168554274614,NTC,2.2060714688981147
CANT1,7.7000866666666665,0.5182267452226441,CANT1,2.1982221062002623
CYTH2,5.346231666666666,0.38828669339382993,CYTH2,2.196485874544827
NTC_355,4.906129999999999,0.35697798214385956,NTC,2.194799299470983
SV2A,7.6826566666666665,0.5182267452226441,SV2A,2.193246186711338
NTC_347,3.2523833333333325,0.21188994019269414,NTC,2.1917475039311385
AKAP9,5.544916666666666,0.4027152497686869,AKAP9,2.1902527544696038
NTC_2011,3.3743633333333327,0.225502927947542,NTC,2.1826995486297482
NTC_2042,3.0657933333333323,0.19467715126498042,NTC,2.1788133886511916
GABRG3,6.437673333333333,0.45891798758189406,GABRG3,2.1776390520203446
NTC_47,8.109483333333333,0.5412291616604187,NTC,2.1621408079706566
TSSK4,7.351016666666666,0.5085856027024465,TSSK4,2.1585226757387352
BMPR2,7.345926666666666,0.5085856027024465,BMPR2,2.1570280688132293
PNMT,7.345746666666666,0.5085856027024465,PNMT,2.156975214344351
LY96,7.341316666666666,0.5085856027024465,LY96,2.1556744071380654
TGFBR1,7.317926666666666,0.5085856027024465,TGFBR1,2.1488062625432547
NTC_2041,2.6291753333333325,0.1526627416804393,NTC,2.146108910269891
LAT,7.308586666666666,0.5085856027024465,LAT,2.146063702880342
TRPM7,7.483896666666666,0.5182267452226441,TRPM7,2.136504146687326
NTC_1206,3.444049999999999,0.23972918833451395,NTC,2.1362721827913123
NTC_364,4.386616666666666,0.3262279527181464,NTC,2.1339961407798236
CAMK1,6.139053333333333,0.44941672581924974,CAMK1,2.13240489379301
NTC_884,4.16662,0.30863008214201737,NTC,2.127316780334201
NTC_1866,4.423383333333334,0.332236061950532,NTC,2.116824380069751
NTC_297,3.3503199999999986,0.23491844057076317,NTC,2.107628990508701
PIK3CG,7.593116666666666,0.5286404783172589,PIK3CG,2.1020752724994085
SERPINB2,7.823259999999999,0.538841981493692,SERPINB2,2.1008470961190997
DGKA,5.402916666666666,0.408632762788824,DGKA,2.0999344182124595
NTC_684,3.7368533333333325,0.2753511149950475,NTC,2.0930607311034586
NTC_1050,2.8262033333333325,0.1824572676423385,NTC,2.0881087729779297
SUCLG2,5.3753166666666665,0.41165001131035694,SUCLG2,2.0720333583112684
NTC_256,4.258583333333332,0.3262279527181464,NTC,2.0717106346628444
NTC_293,3.8101833333333333,0.28616075370794514,NTC,2.0704152509230025
NTC_1764,4.39325,0.33831519431430357,NTC,2.0678083063550496
SYNC,7.411106666666666,0.5264083237498143,SYNC,2.06530684107788
NEK8,7.3923966666666665,0.5264083237498143,NEK8,2.0600927896906063
NTC_1048,8.535016666666666,0.5737326174539783,NTC,2.0594180908064414
NMNAT1,7.3676466666666665,0.5264083237498143,NMNAT1,2.0531955277004927
NTC_1269,7.341083333333333,0.5253295672923998,NTC,2.052333123006499
SLC25A18,7.360406666666666,0.5264083237498143,SLC25A18,2.051177904395102
NTC_1883,4.13955,0.32029090905395674,NTC,2.046822801050461
NTC_1398,6.978083333333332,0.5096724426675956,NTC,2.0425467303962193
NTC_225,4.128416666666666,0.32029090905395674,NTC,2.041317864398322
NTC_1089,3.8603833333333326,0.2972535000442741,NTC,2.033931836890528
NTC_616,3.919916666666666,0.3029062784728793,NTC,2.033228336746302
CDK11B,6.174783333333333,0.46853016702327466,CDK11B,2.0331242340231968
NTC_868,3.110093333333333,0.225502927947542,NTC,2.0117570766030104
NTC_2155,3.5830833333333323,0.2753511149950475,NTC,2.006932130403285
NTC_1141,4.11825,0.3262279527181464,NTC,2.003441438944937
HADHA,7.448166666666666,0.538841981493692,HADHA,2.0001200667084746
LEPREL1,3.5633399999999997,0.2759796796272982,LEPREL1,1.992344972545892
NTC_1895,3.033993333333333,0.22089755501023,NTC,1.9897204102193873
PPP1R42,7.713476666666666,0.5543138161945164,PPP1R42,1.9765344023529785
NTC_1763,3.923346666666666,0.3144249521389604,NTC,1.9714149894477362
ATOX1,5.231783333333333,0.4207013377085057,ATOX1,1.9672871197626027
NTC_2005,2.691506666666666,0.18646571705481607,NTC,1.9631876660297523
NTC_1403,3.667936666666666,0.29167168554274614,NTC,1.9627339224999707
TRAPPC3,7.974006666666666,0.5673753477398331,TRAPPC3,1.9626385774607416
CDKN2B,4.049422233333333,0.3276408663709106,CDKN2B,1.9623578472571561
NTC_1479,3.8981866666666662,0.3144249521389604,NTC,1.9587725172553296
NTC_575,4.090383333333332,0.332236061950532,NTC,1.9574661546020893
NTC_588,3.246206666666666,0.24955806711903972,NTC,1.9569055278682999
NTC_1132,3.7113166666666664,0.2972535000442741,NTC,1.9553926315907568
NTC_860,3.1924833333333322,0.24460897593916364,NTC,1.9522917045495851
NTC_1471,3.7573966666666654,0.3029062784728793,NTC,1.9489305576384102
LIMK1,5.159983333333333,0.4207013377085057,LIMK1,1.9402884452764102
NTC_1335,4.404516666666666,0.3633403495683998,NTC,1.9366059461486684
NTC_1508,6.6150166666666665,0.5096724426675956,NTC,1.9362739048234114
NTC_853,4.980083333333333,0.409839111699952,NTC,1.929217542428778
ENPP1,4.4255716666666665,0.3673209719035345,ENPP1,1.924921316811572
NTC_429,3.017086666666666,0.23017645250618612,NTC,1.9247175756689308
EFNB2,7.807651666666667,0.5673753477398331,EFNB2,1.921693698154544
NTC_86,4.436169999999999,0.3697732012656574,NTC,1.9167118695211278
NTC_1166,3.5214499999999997,0.28616075370794514,NTC,1.9135204654271596
DAO,6.657566666666666,0.5160347222162704,DAO,1.912859212851049
ARF6,8.11497,0.5812685128005497,ARF6,1.9120752159554644
NTC_452,3.1108533333333326,0.24460897593916364,NTC,1.9023727057005027
NTC_671,3.110019999999999,0.24460897593916364,NTC,1.9018630993583787
SPTLC2,5.3410166666666665,0.44057935054667574,SPTLC2,1.901273009720263
EPHA2,7.695406666666666,0.5673753477398331,EPHA2,1.894066888153497
NTC_527,3.4227866666666658,0.2807206036200546,NTC,1.8884394070935762
NTC_295,3.5237166666666657,0.29167168554274614,NTC,1.8855609743203092
RDH5,5.296316666666666,0.44057935054667574,RDH5,1.8853608887068798
GAPDHS,7.647616666666666,0.5673753477398331,GAPDHS,1.8823043575289702
NTC_1266,3.6825933333333327,0.30863008214201737,NTC,1.8801912804975873
MMP10,7.625966666666666,0.5673753477398331,MMP10,1.8769756530296813
NTC_950,2.1116899999999994,0.12976458717262415,NTC,1.8727392063428625
NTC_233,4.5464166666666666,0.3894928031678686,NTC,1.8617601826776187
PPTC7,5.1993833333333335,0.4391505587583333,PPTC7,1.858189725346766
LIMK2,7.425926666666666,0.5629863687700438,LIMK2,1.852784448649778
NTC_1873,3.9185833333333324,0.33831519431430357,NTC,1.8443929131761503
NTC_1582,3.4993499999999993,0.2972535000442741,NTC,1.8437131131423568
NTC_1782,4.089603333333333,0.35697798214385956,NTC,1.8295190977642657
ENPP2,5.11805,0.4391505587583333,ENPP2,1.8291222851064421
NTC_1811,3.264736666666666,0.2753511149950475,NTC,1.8286219727810926
NTC_1682,3.81695,0.332236061950532,NTC,1.8266137498462118
NTC_2160,3.810843333333333,0.332236061950532,NTC,1.8236913847905887
NTC_400,4.0049399999999995,0.350686251015462,NTC,1.822573144262501
NTC_1567,4.140506666666666,0.3633403495683998,NTC,1.8205243475224
NTC_1778,3.9188066666666663,0.34446528588280934,NTC,1.8138374506587436
PFAS,7.676001666666666,0.580582505904226,PFAS,1.8125807475669076
STYK1,7.646036666666666,0.580582505904226,STYK1,1.8055049306951236
NTC_1355,3.122553333333333,0.26482354600032254,NTC,1.8018488031067494
PPAP2A,4.218101666666666,0.3777142001674576,PPAP2A,1.7835681365334657
NTC_1732,3.4868833333333327,0.30863008214201737,NTC,1.7802692412717385
NTC_1675,3.9743833333333325,0.35697798214385956,NTC,1.777974443365575
GMPR,6.8180033333333325,0.5493015930089618,GMPR,1.773970434014585
NTC_842,3.5223166666666663,0.3144249521389604,NTC,1.769904233353902
NTC_1904,3.2075499999999995,0.2807206036200546,NTC,1.7696878041546071
ADCK4,7.768883333333333,0.5921142797122065,ADCK4,1.7681548469656438
NTC_52,4.152146666666666,0.376276362706789,NTC,1.7625574555409218
NTC_427,5.012116666666666,0.4451202197915808,NTC,1.7618726693156628
NTC_275,4.222503333333332,0.38284963668721994,NTC,1.7606646494710632
NTC_294,2.825786666666666,0.23972918833451395,NTC,1.7527763680848378
CSNK1G3,7.442216666666666,0.5817241358185741,CSNK1G3,1.7510264454377722
IP6K2,7.438716666666666,0.5817241358185741,IP6K2,1.750202955228668
NTC_1584,4.344883333333332,0.3962056191281431,NTC,1.7469879509393724
PLA2G7,3.060106666666666,0.2690801015890343,PLA2G7,1.744623168727055
NTC_410,2.9784466666666662,0.25966513100205546,NTC,1.744137758266095
NTC_1925,4.749016666666666,0.43080431072447634,NTC,1.7368101839688705
NTC_911,4.014883333333334,0.3697732012656574,NTC,1.7346888283682893
NTC_1152,4.287719999999999,0.3962056191281431,NTC,1.7240037539178499
TNNI3,7.916676666666666,0.6074199793302146,TNNI3,1.7140470063693252
NTC_956,4.249549999999999,0.3962056191281431,NTC,1.7086563843864802
NTC_553,3.6176833333333325,0.33831519431430357,NTC,1.7027657534692742
NTC_110,4.199606666666666,0.3962056191281431,NTC,1.688575200412285
NTC_1209,4.198583333333332,0.3962056191281431,NTC,1.688163739190895
PHKA1,7.780201666666667,0.6074199793302146,PHKA1,1.6844986775637298
ACVR1,6.842766666666666,0.5673753477398331,ACVR1,1.6842069988106079
NTC_1004,4.266416666666666,0.4029878184309522,NTC,1.6839891376846232
NTC_1390,3.4611066666666663,0.3262279527181464,NTC,1.6837551194338811
NTC_996,2.430090166666666,0.20315081307394822,NTC,1.6820632991070241
NTC_2052,4.5949833333333325,0.43080431072447634,NTC,1.680477119509069
NTC_1427,3.748849999999999,0.35697798214385956,NTC,1.6770801739500978
SCN2B,7.6878166666666665,0.6074199793302146,SCN2B,1.6644963155435433
TBCK,7.474816666666666,0.6007483564279988,TBCK,1.6542323069893128
INPP5D,7.461116666666666,0.6007483564279988,INPP5D,1.6512003954901564
PPAP2B,7.779649999999999,0.6140797169425561,PPAP2B,1.6475373013409553
NTC_1356,3.949149999999999,0.38284963668721994,NTC,1.6466840287772377
NTC_1726,3.026186666666666,0.28616075370794514,NTC,1.6443993578978728
AMT,6.105526666666666,0.538841981493692,AMT,1.639569433707226
NTC_1300,3.566916666666666,0.350686251015462,NTC,1.6232369335093622
NTC_270,4.036703333333333,0.3962056191281431,NTC,1.623075130866606
NTC_1294,4.34304,0.4237477057857657,NTC,1.619487651651546
CHRNA10,5.503093333333332,0.508074205550988,CHRNA10,1.6183103582450644
NTC_1121,4.789883333333333,0.4597035627385483,NTC,1.6166916271321314
NTC_1485,4.332849999999999,0.4237477057857657,NTC,1.615687875648946
PCSK2,5.834801666666666,0.5286404783172589,PCSK2,1.6153040762934416
MYO1D,4.761349999999999,0.4580559802067078,MYO1D,1.6144854262476787
KCNK3,8.199813333333333,0.6363969945484661,KCNK3,1.6093927787614861
NTC_1440,4.001863333333333,0.3962056191281431,NTC,1.609066685635458
NTC_2091,3.356416666666666,0.332236061950532,NTC,1.606224035826071
NTC_152,3.7502133333333325,0.376276362706789,NTC,1.5919395438509651
LPL,7.6908666666666665,0.6210430756242424,LPL,1.5910732374068621
NTC_1095,4.178053333333333,0.4167591862092488,NTC,1.5881399852022815
PADI3,4.675249999999999,0.4580559802067078,PADI3,1.5852905140484232
MTMR7,4.787883333333332,0.46767730113508554,MTMR7,1.580258648592131
NTC_645,3.0914833333333327,0.30863008214201737,NTC,1.5783931270726652
NTC_567,3.4567533333333333,0.350686251015462,NTC,1.5731036648921621
GUSB,4.394116666666667,0.4391505587583333,GUSB,1.570398241196869
NTC_2031,3.4482366666666664,0.350686251015462,NTC,1.56922788948846
AKAP5,7.556916666666666,0.6200487630860052,AKAP5,1.5686205878891526
PCSK1,7.541216666666666,0.6200487630860052,PCSK1,1.565361673663131
GLT6D1,7.523416666666666,0.6200487630860052,GLT6D1,1.5616668537126097
NTC_1620,5.031083333333333,0.48965724869124283,NTC,1.5601782444265568
NTC_1211,3.1029499999999994,0.3144249521389604,NTC,1.5591796140472385
NTC_590,2.5702234999999996,0.24955806711903972,NTC,1.5494036860480263
NTC_1143,3.7692166666666655,0.3894928031678686,NTC,1.5434963454482151
NTC_1588,4.057993333333332,0.4167591862092488,NTC,1.5425034000725115
NTC_1003,8.46755,0.6587920257567802,NTC,1.5347575471386043
PPP1R26,3.0730809999999997,0.31989916631258875,PPP1R26,1.521134812214734
NTC_139,3.0065533333333327,0.3144249521389604,NTC,1.510741928126172
NTC_1134,3.9641266666666657,0.4167591862092488,NTC,1.5068232890931588
NTC_2039,3.444049999999999,0.3697732012656574,NTC,1.4880519714583165
NTC_1961,4.068186666666666,0.43080431072447634,NTC,1.487817063803322
NTC_805,3.3813166666666663,0.3633403495683998,NTC,1.4867188520446653
NLK,6.262566666666666,0.580582505904226,NLK,1.4788177834364196
PXK,8.270186666666666,0.6626835755301252,PXK,1.4778310256974945
ADORA3,4.588636666666666,0.47740957746009427,ADORA3,1.4734519473868575
NTC_1627,3.8760499999999993,0.4167591862092488,NTC,1.4733440429139177
TAF1L,7.576616666666666,0.6396145173145387,TAF1L,1.4704825492911613
EEA1,3.5685666666666664,0.38735391998780433,EEA1,1.4698642208132728
NTC_2090,3.933359999999999,0.4237477057857657,NTC,1.466720994856166
HK3,7.7882766666666665,0.6486788949777553,HK3,1.4639641702094877
VDAC3,4.965483333333332,0.5072600572625402,VDAC3,1.4636722132128168
NTC_11,4.408416666666666,0.4670943710206624,NTC,1.4574021231023193
NTC_264,3.9073833333333323,0.4237477057857657,NTC,1.4570344870418848
PTK2B,7.734416666666666,0.6486788949777553,PTK2B,1.4538400935257518
STK38,5.23675,0.527691813305303,STK38,1.4538246680161926
NTC_1717,4.135583333333333,0.4451202197915808,NTC,1.4537513252905194
NTC_1448,3.751283333333333,0.409839111699952,NTC,1.453196890270384
NTC_1699,3.1879533333333328,0.350686251015462,NTC,1.4507778220136767
CACNA2D2,4.2602166666666665,0.4580559802067078,CACNA2D2,1.4445604126961469
CHRNB4,7.9669333333333325,0.6590492392087824,CHRNB4,1.4426693131157518
JAK2,3.480856666666666,0.3851981421728512,JAK2,1.4421739707976424
LGALS2,6.0910866666666665,0.580582505904226,LGALS2,1.4383251728182476
NTC_743,3.1564833333333335,0.350686251015462,NTC,1.4364564147391756
NTC_1557,4.3439499999999995,0.4670943710206624,NTC,1.4360897418159175
NTC_1516,4.244716666666666,0.4597035627385483,NTC,1.432685812364576
NTC_742,3.8374199999999994,0.4237477057857657,NTC,1.4309456749651566
NTC_1346,4.068859999999999,0.4451202197915808,NTC,1.430296560522679
NTC_1122,3.492749999999999,0.3894928031678686,NTC,1.430283089916363
ESD,3.6150999999999995,0.4027152497686869,ESD,1.427971457223535
ACE2,7.990271666666667,0.6626835755301252,ACE2,1.4278119525820816
BHMT2,4.690316666666666,0.4972022318847321,BHMT2,1.4233560020333318
NCAN,3.0564169999999997,0.343485874826726,NCAN,1.4184559817906144
NTC_1719,2.1924633333333325,0.225502927947542,NTC,1.4181901162749533
NTC_1133,3.3272499999999994,0.376276362706789,NTC,1.4123945430512728
NTC_1803,2.7142833333333325,0.3029062784728793,NTC,1.4078763036522566
NTC_1393,4.6286499999999995,0.4973065275274299,NTC,1.4042205831309373
SIK1,3.378816666666666,0.3851981421728512,SIK1,1.3998971849163342
PRKAR1B,4.346483333333333,0.47740957746009427,PRKAR1B,1.3956943634931187
NTC_1992,3.4671366666666663,0.3962056191281431,NTC,1.394064124681545
NTC_231,8.47445,0.68526642089517,NTC,1.3910008734087689
CDK14,4.325283333333333,0.47740957746009427,CDK14,1.3888868553913079
GART,2.173303333333333,0.23017294701034163,GART,1.3864495636242218
NTC_808,4.1014833333333325,0.4597035627385483,NTC,1.3843413925506851
NTC_1822,2.8213766666666658,0.3262279527181464,NTC,1.3725400179377976
ADK,2.9387233333333325,0.343485874826726,ADK,1.3638353964770904
NTC_1596,4.39645,0.48965724869124283,NTC,1.363373490012251
SLC1A7,1.8475166666666665,0.183889219335304,SLC1A7,1.3587445502436755
NTC_1595,4.0189499999999985,0.4597035627385483,NTC,1.356484566053316
ACYP2,6.346903333333333,0.6140797169425561,ACYP2,1.344117021931824
CYB5R1,3.353866666666666,0.3981104548886796,CYB5R1,1.341534650227681
NTC_1537,3.659083333333333,0.43080431072447634,NTC,1.3381998092217184
NTC_702,2.1528866666666664,0.23972918833451395,NTC,1.3353905717693741
PPP1R3C,3.145366666666666,0.37677649238967104,PPP1R3C,1.3333718889401036
NTC_864,4.024926666666666,0.4670943710206624,NTC,1.3306221060466474
KCNA1,8.002916666666666,0.6820186543155984,KCNA1,1.3301147331120913
NTC_1341,2.270596666666666,0.25966513100205546,NTC,1.3296304494713578
NTC_1740,2.822036666666666,0.33831519431430357,NTC,1.3282719763664368
NTC_175,3.7757833333333326,0.4451202197915808,NTC,1.3272734660188659
NTC_1397,4.470349999999999,0.5050189913195979,NTC,1.3263183779805452
MMAB,7.969256666666666,0.6820186543155984,MMAB,1.3245203150041243
NTC_2106,4.647416666666666,0.5206309690811622,NTC,1.3174032117719097
NTC_1581,2.615226666666666,0.3144249521389604,NTC,1.314106932041889
NTC_1119,3.59144,0.43080431072447634,NTC,1.3134612920807807
NTC_1524,3.5872066666666664,0.43080431072447634,NTC,1.3119130775846986
IRAK3,5.38111,0.5705165971316859,IRAK3,1.3115471787165145
NR1H4,3.3198499999999993,0.4027152497686869,NR1H4,1.311347139017884
TYRO3,1.8099833333333342,0.18916440207321206,TYRO3,1.308908611616018
SAA1,3.846949999999999,0.4580559802067078,SAA1,1.3044293552256203
DDR1,3.215516666666666,0.39389775011702877,DDR1,1.3010510987365271
NTC_1715,3.1728166666666664,0.3894928031678686,NTC,1.2992702099314681
CNKSR3,4.311283333333333,0.5022172293722302,CNKSR3,1.289541026129205
NTC_1229,3.457916666666666,0.4237477057857657,NTC,1.28943167507247
NTC_758,4.34575,0.5050189913195979,NTC,1.289350518663853
HK2,2.9618833333333328,0.3681547871925044,HK2,1.2853671711880377
NTC_843,4.326983333333333,0.5050189913195979,NTC,1.2837825933574596
SCNN1A,7.643516666666666,0.6794959622305243,SCNN1A,1.2826823767949258
LIPF,7.641516666666666,0.6794959622305243,LIPF,1.2823467505556612
SEC14L3,2.643573999999999,0.3276408663709106,SEC14L3,1.281081073986873
IARS2,7.632116666666667,0.6794959622305243,IARS2,1.2807693072311175
BCKDK,8.044216666666665,0.6936164966418046,BCKDK,1.278069860786992
CYP2C9,7.614216666666666,0.6794959622305243,CYP2C9,1.277765452389699
NTC_830,4.120126666666666,0.48965724869124283,NTC,1.2776834657111702
ADH5,7.605716666666666,0.6794959622305243,ADH5,1.2763390408728243
TNNC1,7.605316666666666,0.6794959622305243,TNNC1,1.2762719156249716
PDIK1L,7.593916666666666,0.6794959622305243,PDIK1L,1.274358846061163
NTC_1365,3.837983333333333,0.4670943710206624,NTC,1.2688195062697454
NTC_1792,4.357559999999999,0.5127940197666918,NTC,1.263940991071592
NTC_1828,2.005816666666666,0.23491844057076317,NTC,1.2618249469639304
NTC_1467,3.4490266666666662,0.43080431072447634,NTC,1.261377893552744
NTC_1745,1.7981568333333326,0.19888099645871127,NTC,1.2612392734590527
NTC_581,4.440726666666666,0.5206309690811622,NTC,1.258812797059549
PISD,4.799483333333333,0.5485350689271726,PISD,1.2516841447267115
INSRR,4.508283333333333,0.527691813305303,INSRR,1.251588011726026
BPHL,1.7001833333333325,0.183889219335304,BPHL,1.2503891738902446
MTMR1,3.6838809999999995,0.4580559802067078,MTMR1,1.2491356834785774
NTC_160,2.839649999999999,0.3633403495683998,NTC,1.2485554014585933
NEDD8-MDP1,3.024916666666666,0.38735391998780433,NEDD8-MDP1,1.2459391107377609
MAP3K10,1.871883333333332,0.2172195465873883,MAP3K10,1.2412478920942591
NTC_1171,2.423990166666666,0.30863008214201737,NTC,1.237596650742111
HSD17B8,6.260786666666666,0.6347973658152116,HSD17B8,1.2356594347294858
KCNN1,5.061629666666666,0.5705165971316859,KCNN1,1.2336796885818127
NTC_1809,4.1474166666666665,0.5050189913195979,NTC,1.2305065478414026
GRM8,4.546083333333333,0.5380627851733623,GRM8,1.2236558156198742
ALAS2,3.093549999999999,0.4027152497686869,ALAS2,1.2219582035058134
NGB,8.053749999999999,0.7052865599636244,NGB,1.2212254849816646
CHRNB1,3.2315666666666667,0.4201563174764108,CHRNB1,1.2169727890970934
NTC_1913,3.065886666666666,0.4029878184309522,NTC,1.2101302445156046
NTC_1945,3.7210499999999986,0.47455060918382497,NTC,1.2045688722449561
NTC_322,2.7343066666666664,0.3633403495683998,NTC,1.2022373735886145
MAN1B1,5.089883333333333,0.5805430056197741,MAN1B1,1.2020553663676623
NTC_1528,4.8960833333333325,0.5689140190476767,NTC,1.199312084472441
TST,7.904383333333333,0.7052865599636244,TST,1.1985763612889633
NTC_1038,3.8410399999999996,0.48965724869124283,NTC,1.1911365101562978
NTC_370,4.19815,0.5206309690811622,NTC,1.1900495888755926
RAB7A,4.156783333333333,0.5174237330085798,RAB7A,1.189478744280016
WARS2,7.653916666666666,0.6997872815490593,WARS2,1.1866169718447686
PTPRB,7.647816666666666,0.6997872815490593,PTPRB,1.1856712647194512
NDUFA8,7.647716666666666,0.6997872815490593,NDUFA8,1.185655761323954
EPHA6,3.1454166666666667,0.4201563174764108,EPHA6,1.1845296379586214
GPX7,3.6851199999999995,0.47740957746009427,GPX7,1.1833247290635178
NTC_744,5.671749999999999,0.6192383271499124,NTC,1.1805303598527657
DUSP11,4.123916666666666,0.5174237330085798,DUSP11,1.1800738274824916
EHHADH,7.782266666666667,0.7053937334008287,EHHADH,1.1795457292229876
NTC_1503,3.5638166666666664,0.4670943710206624,NTC,1.1781812766520325
NTC_1076,1.8700699999999992,0.23491844057076317,NTC,1.1764290414887553
INPPL1,1.5897166666666651,0.183889219335304,INPPL1,1.1691471564162017
NTC_991,3.07544,0.4167591862092488,NTC,1.1690203179368635
NME2,4.068491666666667,0.5160347222162704,NME2,1.1689634000897806
PDE8A,3.2573499999999993,0.4391505587583333,PDE8A,1.1641331122969623
NTC_522,3.748149999999999,0.48965724869124283,NTC,1.162330595500783
NTC_1850,3.056783333333333,0.4167591862092488,NTC,1.161928642469838
MTMR14,8.042589999999999,0.7170263785100828,MTMR14,1.1618716937494362
TTBK2,5.093439999999999,0.5921142797122065,TTBK2,1.1592387525099515
NTC_377,2.879916666666666,0.3962056191281431,NTC,1.157955077361375
NTC_125,4.084193333333333,0.5206309690811622,NTC,1.1577462923482413
HPN,2.9269166666666666,0.4027152497686869,HPN,1.1561377161549755
CD1D,4.40165,0.5485350689271726,CD1D,1.1479309611040764
PDE1B,4.24865,0.5380627851733623,PDE1B,1.143596564302615
SLC18A1,4.840416666666666,0.5805430056197741,SLC18A1,1.143139920618116
NTC_1923,4.22575,0.536487938320422,NTC,1.1428119892533681
NTC_127,3.8432499999999994,0.5050189913195979,NTC,1.1402626430086527
NTC_1182,2.5479533333333326,0.35697798214385956,NTC,1.1398487588149426
FAAH,8.295216666666667,0.7288334370302765,FAAH,1.1395281086749562
NTC_1496,3.928416666666666,0.5127940197666918,NTC,1.1394649425386745
TPMT,3.2142666666666657,0.4429034803076083,TPMT,1.1368568928120273
NTC_1569,3.9192833333333326,0.5127940197666918,NTC,1.1368157548315354
B4GALT2,7.495083333333333,0.7052865599636244,B4GALT2,1.136512404622442
FABP6,2.9480599999999995,0.41165001131035694,FABP6,1.136394196119258
NTC_1540,4.754783333333332,0.5771644393622931,NTC,1.1349688490156593
F2R,2.9388833333333326,0.41165001131035694,F2R,1.1328568492743087
STK19,3.00831,0.4207013377085057,STK19,1.1312030980996988
SPHK1,4.452916666666666,0.5591070187018657,SPHK1,1.1243839715171517
INPP5A,3.5954199999999994,0.4872516351465881,INPP5A,1.1226580113384168
NTC_1353,2.4628199999999993,0.350686251015462,NTC,1.1207832304984775
NTC_1212,4.45545,0.560720365371821,NTC,1.1194481641492182
NTC_1064,3.8590266666666664,0.5127940197666918,NTC,1.1193378839622103
CS,3.2978299999999994,0.4580559802067078,CS,1.1182329535199853
NTC_177,4.808136666666666,0.5854707993197406,NTC,1.1178665838699455
NTC_896,2.4090033333333336,0.34446528588280934,NTC,1.1150181257802332
NTC_565,2.574293333333333,0.3697732012656574,NTC,1.1122609340104437
PAM,9.01225,0.7526386427379244,PAM,1.1122332023176855
NTC_1776,4.204216666666666,0.5445065541749263,NTC,1.1099001177991898
NUAK2,3.2684166666666665,0.4580559802067078,NUAK2,1.1082594380245836
MAPK11,4.856083333333333,0.5914034258791492,MAPK11,1.1077511021782613
NTC_1890,4.514116666666666,0.5689140190476767,NTC,1.1057480644157993
NTC_592,4.286516666666666,0.5525842830212663,NTC,1.1042130019861347
PPEF1,7.709616666666666,0.7202952486435902,PPEF1,1.0985390385016367
WNK2,7.705616666666666,0.7202952486435902,WNK2,1.0979690807016587
AGTR2,7.700616666666666,0.7202952486435902,AGTR2,1.0972566334516862
UQCRB,7.690616666666666,0.7202952486435902,UQCRB,1.0958317389517414
NDUFB3,7.689616666666666,0.7202952486435902,NDUFB3,1.095689249501747
NTC_1515,4.13725,0.5445065541749263,NTC,1.092221126178408
NTC_80,2.985316666666666,0.43080431072447634,NTC,1.0917898910382153
NTC_768,4.13195,0.5445065541749263,NTC,1.090821942670342
NTC_1419,4.567083333333333,0.5771644393622931,NTC,1.0901647774049152
HIPK4,3.4900433333333325,0.4872516351465881,HIPK4,1.0897544954650358
NTC_1523,4.027849999999999,0.536487938320422,NTC,1.0892919057952264
NTC_5,2.4575833333333326,0.3633403495683998,NTC,1.0805658955744364
NTC_1711,1.7406419999999994,0.23972918833451395,NTC,1.0796838271216256
LEPRE1,3.043766666666666,0.4429034803076083,LEPRE1,1.0765525931611633
NTC_134,4.062569999999999,0.5445065541749263,NTC,1.0725058385590946
PPP4C,7.992866666666666,0.734402348376104,PPP4C,1.0715712075338635
NTC_1908,3.1510833333333323,0.4597035627385483,NTC,1.0635603597990777
PPM1F,4.48735,0.5805430056197741,PPM1F,1.059757718402831
BMPR1A,2.989016666666666,0.4429034803076083,BMPR1A,1.0571880160005487
NTC_1255,4.314449999999999,0.5689140190476767,NTC,1.0568390426739993
NTC_103,4.19125,0.560720365371821,NTC,1.0530669445264589
NPC1L1,5.892176666666666,0.6626835755301252,NPC1L1,1.0528953985993275
NTC_1607,4.086716666666666,0.5525842830212663,NTC,1.0527442279317945
CA3,1.454183333333332,0.18916440207321206,CA3,1.0516080744031624
PTH1R,6.317259999999999,0.6820186543155984,PTH1R,1.0499522797604652
PI4K2A,2.65755,0.4027152497686869,PI4K2A,1.0497373644282055
NTC_392,3.702883333333333,0.5206309690811622,NTC,1.0496563458875021
NTC_1794,3.043316666666666,0.4523786862711131,NTC,1.0484160940635026
NTC_1875,4.060083333333333,0.5525842830212663,NTC,1.0458834420676943
DHPS,2.837036666666666,0.4298684643527768,DHPS,1.0402403870483068
NEU1,7.261466666666666,0.7198476152081501,NEU1,1.0366428407647519
DGKG,3.849273333333333,0.5380627851733623,DGKG,1.0360975272290431
NTC_1263,4.12205,0.560720365371821,NTC,1.0356801905601645
TESK2,3.2118499999999996,0.47740957746009427,TESK2,1.0313535328680368
AKAP14,4.35675,0.5805430056197741,AKAP14,1.0289144906574113
EPHB6,4.483716666666666,0.5914034258791492,EPHB6,1.0228082465680586
NTC_195,2.5364166666666663,0.3962056191281431,NTC,1.0198408139601312
AKT2,2.878016666666666,0.4429034803076083,AKT2,1.0179283253187543
SLC1A1,3.770813333333333,0.5380627851733623,SLC1A1,1.0149786809048735
NTC_1981,2.431516666666666,0.38284963668721994,NTC,1.0138737856768334
AKR1A1,2.458066666666666,0.38735391998780433,AKR1A1,1.0124581052263033
NTC_1943,4.22785,0.5771644393622931,NTC,1.009189633241793
NTC_458,1.6931266666666662,0.2545767088497949,NTC,1.0060242586249186
INSR,7.720416666666666,0.7410064593345835,INSR,1.0050284492414723
NDUFC2,7.720416666666666,0.7410064593345835,NDUFC2,1.0050284492414723
B4GALT3,7.717516666666667,0.7410064593345835,B4GALT3,1.004650933023289
ADAM33,8.074349999999999,0.7526389751815059,ADAM33,0.9964821435340465
PTPRN2,3.581983333333333,0.527691813305303,PTPRN2,0.9944289359665571
ADH1C,4.499583333333333,0.6023562799446456,ADH1C,0.9905677810370669
GABRA3,7.888466666666666,0.7490531290570936,GABRA3,0.9899029940494196
ADORA2B,3.914646,0.5591070187018657,ADORA2B,0.9884679067795413
SLC22A11,7.580749999999999,0.7407051723827234,SLC22A11,0.9881858055544755
NTC_1022,4.882816666666666,0.6278112152555473,NTC,0.9871635880095005
MAP2K7,3.555066666666666,0.5278297741274242,MAP2K7,0.9865527409763456
NTC_1380,4.47825,0.6022479199235115,NTC,0.9862212238896172
NTC_1501,4.125016666666665,0.5771644393622931,NTC,0.9846432718638587
NTC_1907,3.819026666666666,0.5525842830212663,NTC,0.983786889960792
NTC_2132,3.1657833333333323,0.48965724869124283,NTC,0.9817341427263548
FPR1,2.4512166666666664,0.3981104548886796,FPR1,0.9804778842974067
TLK2,3.1378913333333327,0.4872516351465881,TLK2,0.979796197405603
F13A1,3.7515666666666667,0.5485350689271726,F13A1,0.9783920869021124
AAK1,3.045867,0.47740957746009427,AAK1,0.9780549188462003
KYNU,3.749373333333333,0.5485350689271726,KYNU,0.9778200752152778
NTC_407,4.080783333333333,0.5771644393622931,NTC,0.9740847559648254
SLC19A2,3.8481903333333327,0.5591070187018657,SLC19A2,0.9716875149577421
KIF1A,2.7906333333333326,0.44854672033248466,KIF1A,0.9716770790733218
S100A2,3.6333666666666664,0.5406058735510506,S100A2,0.9705421430336212
SGK1,2.9302433333333333,0.46767730113508554,SGK1,0.967137678092846
NTC_1535,4.15255,0.5854707993197406,NTC,0.965446118666027
CFTR,3.5850796666666658,0.5380627851733623,CFTR,0.9649852987539955
NTC_238,2.582286666666666,0.4237477057857657,NTC,0.9629156926233922
NDUFC1,4.07615,0.5805430056197741,NDUFC1,0.9626464224693193
IMPA1,4.533683333333332,0.6133996014553871,IMPA1,0.9623038041720225
NTC_448,4.013016666666665,0.5771644393622931,NTC,0.9579088231669842
HGS,2.706966666666666,0.4429034803076083,HGS,0.9574294956690165
C8G,2.2552899999999996,0.3766169889601454,C8G,0.956468699015288
NEK5,3.9093499999999994,0.5697769230516869,NEK5,0.955035222822961
NTC_1425,3.896616666666666,0.5689140190476767,NTC,0.95448936195055
CACNA1S,7.864216666666666,0.7564126716290287,CACNA1S,0.9534670999186803
ERBB4,8.17095,0.7646321914974805,ERBB4,0.9523031566511886
PYCRL,4.8373833333333325,0.6357494747752097,PYCRL,0.9515809763921792
ACE,1.3364166666666657,0.19455030698796405,ACE,0.9501495910063179
PFKFB4,1.432316666666666,0.2172195465873883,PFKFB4,0.9497707531513588
SLK,4.305716666666665,0.6023562799446456,SLK,0.9478887017555659
LCMT1,4.302116666666667,0.6023562799446456,LCMT1,0.9470961741485507
TSTA3,2.3676166666666667,0.3981104548886796,TSTA3,0.947038183824609
NNT,2.4983666666666657,0.4201563174764108,NNT,0.940857659500719
DCK,4.5972833333333325,0.6245313625273223,DCK,0.9398950274289996
NTC_196,2.7825833333333327,0.4597035627385483,NTC,0.9391834547391376
NTC_566,3.466083333333333,0.536487938320422,NTC,0.9373677072909216
SLC13A1,3.956466666666666,0.5798381549286264,SLC13A1,0.936468796706619
NEK9,3.3730033333333327,0.527691813305303,NEK9,0.9364119828712166
PTPN23,3.1755376666666666,0.5072600572625402,PTPN23,0.9360511218533272
PPARD,4.409983333333333,0.6133996014553871,PPARD,0.9360476738197162
SLC25A13,4.40565,0.6133996014553871,SLC25A13,0.9351278956074285
ADRB2,1.312549999999999,0.19455030698796405,ADRB2,0.933181152840563
NTC_1561,3.808216666666666,0.5689140190476767,NTC,0.9328354845449985
NTC_435,4.34165,0.6107169170181717,NTC,0.9298079800704203
PPP1R7,6.759729999999999,0.7288334370302765,PPP1R7,0.9285956776760937
EXTL2,3.5492499999999993,0.5485350689271726,EXTL2,0.925628790044334
NTC_704,3.7700499999999995,0.5689140190476767,NTC,0.9234864311402637
NADK,4.350783333333332,0.6133996014553871,NADK,0.923482088396462
NTC_1407,4.053916666666666,0.5938322498274633,NTC,0.9175481763334836
RPS6KB2,7.763416666666666,0.7619070668327663,RPS6KB2,0.9168439678712857
NTC_409,5.127249999999999,0.6625981239050711,NTC,0.9164949024276079
ALDH4A1,3.1084833333333326,0.5072600572625402,ALDH4A1,0.9162855607010706
CDK4,4.657516666666666,0.6357494747752097,CDK4,0.916198686734119
PIKFYVE,7.7564166666666665,0.7619070668327663,PIKFYVE,0.9160172818835743
NTC_1936,4.15845,0.6022479199235115,NTC,0.9157933676064933
RLBP1,7.747716666666666,0.7619070668327663,RLBP1,0.9149898292988472
CD3G,7.742416666666666,0.7619070668327663,CD3G,0.9143639099081514
AK2,3.0945739999999997,0.5072600572625402,AK2,0.9121855157834599
ERN2,2.3489666666666666,0.40904500319401826,ERN2,0.9119367644416037
NTC_993,4.241016666666665,0.6107169170181717,NTC,0.9082563403955454
NTC_900,3.2783833333333328,0.5285291720850152,NTC,0.9078860957867444
NTC_1593,1.8066533333333323,0.3144249521389604,NTC,0.907812580603562
PRKCG,4.112716666666666,0.6023562799446456,PRKCG,0.9054004161572357
NTC_659,2.5607833333333327,0.4451202197915808,NTC,0.9001734131698971
NTC_637,3.9748499999999996,0.5938322498274633,NTC,0.8996525258369431
NTC_1714,3.4880499999999994,0.5525842830212663,NTC,0.8985268135147195
LCT,2.8882166666666667,0.4904468602389195,LCT,0.8936374619830239
CDKL3,8.079149999999998,0.776682124612732,CDKL3,0.8867407623761081
EPHX2,4.0167166666666665,0.6023562799446456,EPHX2,0.8842663466368228
CYB5A,4.151116666666667,0.6133996014553871,CYB5A,0.8811015384610497
NTC_2045,4.925583333333333,0.6625981239050711,NTC,0.8804470264727458
NTC_1807,4.041183333333333,0.6071329188847545,NTC,0.8757899720562983
TRAPPC5,6.676349999999999,0.7407051723827234,TRAPPC5,0.8702930848416875
NTC_1359,4.280883333333333,0.6278112152555473,NTC,0.8654701660278195
CSF2RA,3.1108166666666657,0.5278297741274242,CSF2RA,0.8632706491697011
NTC_1161,3.0415166666666664,0.5206309690811622,NTC,0.8621787355680309
CAT,2.7471729999999996,0.4872516351465881,CAT,0.8577956892331334
NTC_2097,3.687016666666666,0.5854707993197406,NTC,0.8572120577212281
NTC_19,4.239983333333333,0.6278112152555473,NTC,0.8572013749783388
PPP1R3B,3.877683333333333,0.6023562799446456,PPP1R3B,0.8536586369251413
LPA,2.133216666666666,0.3981104548886796,LPA,0.8532790236472904
NTC_59,2.9761833333333327,0.5206309690811622,NTC,0.8436586954376865
FCRL2,4.285349999999999,0.6357494747752097,FCRL2,0.8429882968096855
TXNDC12,3.022156666666666,0.527691813305303,TXNDC12,0.8390100563535761
PPIB,2.2881209999999994,0.4298684643527768,PPIB,0.8389725457619601
PPP1R9A,2.9291959999999997,0.5174237330085798,PPP1R9A,0.8382001418957877
NTC_852,5.009249999999999,0.6802746335505446,NTC,0.8381262851656185
NTC_2166,4.541383333333332,0.6538290863265948,NTC,0.8380476396027269
PPP3R1,4.419492999999999,0.6470517904033399,PPP3R1,0.8355535749564764
NTC_1542,3.3188166666666663,0.560720365371821,NTC,0.8338648676672004
TRIB1,2.345466666666666,0.4429034803076083,TRIB1,0.829570232772903
NTC_1239,3.298616666666666,0.560720365371821,NTC,0.8287895435325305
MAST3,1.3939166666666658,0.25468826524621424,MAST3,0.8279740449084851
RCVRN,7.782816666666666,0.7829828091709646,RCVRN,0.8269069386375657
PHKG1,2.190666666666666,0.4201563174764108,PHKG1,0.8249811928111334
MAST4,4.511483333333333,0.6584361033641737,MAST4,0.818772706010247
FRK,3.4579366666666664,0.5805430056197741,FRK,0.8166456978502139
RPS6KA4,2.9381493666666665,0.527691813305303,RPS6KA4,0.815687979677501
NTC_1533,3.6002166666666664,0.5938322498274633,NTC,0.8148594331174577
MAP2K1,2.931016666666666,0.5278297741274242,MAP2K1,0.8133750496045133
SIGMAR1,2.7572099999999993,0.5072600572625402,SIGMAR1,0.8127409543198233
NTC_33,4.541183333333333,0.6625981239050711,NTC,0.8117356040741553
NAGLU,4.119349999999999,0.6357494747752097,NAGLU,0.8103337744788588
PAK2,3.6757499999999994,0.6023562799446456,PAK2,0.8092037087464391
NTC_78,3.7749499999999996,0.6107169170181717,NTC,0.8084434798675235
NDUFS4,4.620516666666666,0.6699001505839621,NDUFS4,0.8039233463803374
PTGFR,1.8925166666666664,0.37677649238967104,PTGFR,0.8022684761767982
NTC_375,2.4758166666666654,0.47455060918382497,NTC,0.8014650945437263
TUBB2B,1.374016666666666,0.26134587178004565,TUBB2B,0.8007554177063214
CDK6,3.167483333333333,0.5591070187018657,CDK6,0.799805555919765
NTC_944,4.616949999999999,0.6714136580527146,NTC,0.7987777275953689
GRIA1,2.8744666666666663,0.527691813305303,GRIA1,0.7980084112073859
PPP1R1B,3.097316666666666,0.553534734624747,PPP1R1B,0.795561649360887
ADRA1A,4.769216666666666,0.6814416132543133,ADRA1A,0.7944148543852517
NTC_617,2.3499866666666653,0.4597035627385483,NTC,0.7931725061930135
MYH7,3.8587833333333332,0.6245313625273223,MYH7,0.7889118429201086
DGKZ,2.226866666666666,0.4429034803076083,DGKZ,0.7876224911975805
NTC_488,1.6929866666666662,0.34446528588280934,NTC,0.7836065620654699
TRIO,3.0868499999999988,0.5591070187018657,TRIO,0.7794452315847783
ERBB3,2.704216666666666,0.5152093943436552,ERBB3,0.7788582803431605
PANK2,2.7041666666666657,0.5152093943436552,PANK2,0.7788438795318285
TAOK2,2.1938166666666667,0.4429034803076083,TAOK2,0.7759330067198033
NME7,3.5242533333333323,0.6023562799446456,NME7,0.7758522391063956
STK17B,3.933616666666666,0.6357494747752097,STK17B,0.7737974294131227
NTC_1478,3.3196499999999993,0.5854707993197406,NTC,0.7718012324546788
GPR18,3.6359833333333325,0.6133996014553871,GPR18,0.7717611346710889
NTC_1402,4.180549999999999,0.6538290863265948,NTC,0.7714609850319866
NTC_46,2.9192266666666664,0.5445065541749263,NTC,0.7706667562841758
NDUFA12,1.9203666666666654,0.3981104548886796,NDUFA12,0.7681397862593116
NTC_1420,4.280883333333333,0.6625981239050711,NTC,0.7652070316226645
NTC_77,4.2776499999999995,0.6625981239050711,NTC,0.7646290739420659
MAPKAPK3,1.0389166666666663,0.183889219335304,MAPKAPK3,0.7640647494333789
NTC_2116,3.887693333333333,0.6364346254545068,NTC,0.7629450451244427
NTC_787,2.7529399999999993,0.5285291720850152,NTC,0.7623745286656004
NTC_1743,3.0338499999999997,0.560720365371821,NTC,0.7622659468300857
CDK10,3.8709499999999992,0.6357494747752097,CDK10,0.7614700193765858
GSTK1,2.5091333333333328,0.4972022318847321,GSTK1,0.7614389909498436
NTC_1057,4.256283333333332,0.6625981239050711,NTC,0.7608097865888316
ITPKC,1.3303833333333328,0.26812283349068844,ITPKC,0.7605351842854233
NRBP2,8.45881,0.8131446540081472,NRBP2,0.7598734178621993
NTC_242,4.532116666666666,0.6802746335505446,NTC,0.7582943765574726
IL5,4.729383333333333,0.6930581181885589,IL5,0.7530613396589516
NTC_1028,4.073483333333333,0.6538290863265948,NTC,0.7517033559806039
NTC_2024,4.329983333333333,0.6714136580527146,NTC,0.7491296738162252
NTC_1493,2.0397499999999997,0.43080431072447634,NTC,0.7459772878070556
NUDT9,2.1033166666666663,0.4429034803076083,NUDT9,0.7439239796323943
NTC_1683,2.4482266666666663,0.4973065275274299,NTC,0.7427328222059083
NPR1,2.099166666666666,0.4429034803076083,NPR1,0.742456162368165
NTC_1017,2.8068499999999994,0.5445065541749263,NTC,0.7409996659650405
SCYL1,7.830316666666667,0.8042190381515653,SCYL1,0.7409488052760965
PPP1R11,2.773666666666666,0.5406058735510506,PPP1R11,0.7408997323128008
NTC_833,3.0185499999999994,0.5689140190476767,NTC,0.7394039778566447
TESK1,7.813016666666666,0.8042190381515653,TESK1,0.739311781528916
NTC_636,3.5519499999999997,0.6192383271499124,NTC,0.739310585212506
SBK2,1.7384666666666657,0.37677649238967104,SBK2,0.7369641853708856
NTC_857,2.5923166666666657,0.5206309690811622,NTC,0.7348440106718465
NTC_1172,5.2645833333333325,0.7252229025687815,NTC,0.7345593594126656
CKB,3.727936666666666,0.6357494747752097,CKB,0.7333372959612888
ADRBK2,1.1045833333333324,0.2172195465873883,ADRBK2,0.7324504202411743
PPP1R3A,3.1004633333333333,0.5805430056197741,PPP1R3A,0.7322227925445909
NTC_782,4.690183333333333,0.6981285939832242,NTC,0.7319714628472817
DUSP12,5.135416666666666,0.7202952486435902,DUSP12,0.7317426963258371
HLA-DQB1,1.2544166666666658,0.26134587178004565,HLA-DQB1,0.731054408773138
PPP1R12C,8.760183333333334,0.8253936955897397,PPP1R12C,0.7300636276986788
KCNH2,1.2282166666666674,0.25468826524621424,KCNH2,0.7295497254910154
PPP3CB,3.308921666666666,0.6023562799446456,PPP3CB,0.7284477139680651
TYR,2.469416666666667,0.5072600572625402,TYR,0.72790830523607
NTC_123,2.2889166666666663,0.48207175154406523,NTC,0.7253309492766965
NTC_174,4.461749999999999,0.6891799763562867,NTC,0.7213192951328636
NTC_69,2.0917499999999993,0.4523786862711131,NTC,0.7206034090298407
HNF4G,2.8441733333333326,0.5591070187018657,HNF4G,0.7181681463197924
NTC_1520,2.9298833333333327,0.5689140190476767,NTC,0.7176847795539422
CHIT1,3.3680533333333327,0.6133996014553871,CHIT1,0.7148912478053373
NTC_609,2.9086499999999993,0.5689140190476767,NTC,0.712483603118295
ZC3HC1,4.673983333333333,0.7047472392416703,ZC3HC1,0.7102894338977257
NTC_552,4.703016666666667,0.7071193758918113,NTC,0.7078381636155608
NTC_2142,3.49475,0.6278112152555473,NTC,0.7065368586839295
GCA,6.493516666666666,0.7786231018287713,GCA,0.705668085181609
SGK223,2.9727399999999995,0.5805430056197741,SGK223,0.7020589345169936
INS,3.070676666666666,0.5914034258791492,INS,0.7004709821563473
HLCS,0.9841166666666661,0.19455030698796405,HLCS,0.6996755365735494
CELA2A,7.786416666666666,0.8131446540081472,CELA2A,0.6994708529212966
GALM,1.6939666666666664,0.38735391998780433,GALM,0.6977313939070748
NTC_1270,5.191016666666666,0.734333339692488,NTC,0.6961503941299242
TSSK1B,2.606016666666666,0.5406058735510506,TSSK1B,0.6961171917087
NTC_142,3.7679499999999995,0.6538290863265948,NTC,0.695321529117287
BRSK2,1.6386166666666666,0.37677649238967104,BRSK2,0.6946361526739022
GGPS1,2.5006666666666657,0.5278297741274242,GGPS1,0.6939502928031864
TBK1,3.9867499999999993,0.6699001505839621,TBK1,0.6936543318420688
DDAH2,0.9393166666666657,0.183889219335304,DDAH2,0.6908145538351772
MTMR8,3.251276666666666,0.6133996014553871,MTMR8,0.6901046400275861
ACAT2,8.130516666666665,0.8235726002081625,ACAT2,0.6853871927463565
P4HA2,0.9317166666666656,0.183889219335304,P4HA2,0.6852251814802943
NTC_749,2.710749999999999,0.560720365371821,NTC,0.6810858860423734
PTDSS2,2.2800666666666665,0.5027475393591438,PTDSS2,0.6809420156380942
NTC_630,4.87365,0.7252229025687815,NTC,0.6800130219868374
RDH14,1.025083333333333,0.2172195465873883,RDH14,0.679733883016725
ATP1A1,3.718683333333333,0.6584361033641737,ATP1A1,0.6748903167018694
GAD1,3.0608633333333324,0.6023562799446456,GAD1,0.6738385258244769
GBA,1.4155499999999988,0.3345366200003661,GBA,0.6731737704543008
DOK1,3.1707033333333325,0.6133996014553871,DOK1,0.6730024254526479
IDH3B,1.894216666666666,0.4429034803076083,IDH3B,0.6699672109696629
NTC_169,2.9592499999999995,0.5938322498274633,NTC,0.6697854603527111
HPD,2.641549999999999,0.5591070187018657,HPD,0.6670047302242647
NTC_439,2.296083333333333,0.5127940197666918,NTC,0.6659951541496382
NTC_88,2.4527499999999995,0.536487938320422,NTC,0.6633218024353543
NTC_485,3.590383333333333,0.6538290863265948,NTC,0.6625541287571638
NTC_147,4.938516666666666,0.734333339692488,NTC,0.6622884387934026
CHRNG,2.711016666666666,0.5697769230516869,CHRNG,0.6622882080977045
NTC_1405,2.994783333333333,0.6022479199235115,NTC,0.659525235144136
SACM1L,9.147616666666666,0.8471126156087598,SACM1L,0.659166741706913
NTC_2147,5.338683333333332,0.7526656690237663,NTC,0.6587822735464001
NTC_1671,4.376283333333333,0.7071193758918113,NTC,0.6586624240742046
PSTPIP1,9.125816666666665,0.8471126156087598,PSTPIP1,0.6575958587662697
PKN3,1.1479833333333334,0.26812283349068844,PKN3,0.6562632694636344
PRKD3,0.9196166666666654,0.19455030698796405,PRKD3,0.6538180954412367
SLC16A8,9.068216666666666,0.8471126156087598,SLC16A8,0.6534452689781481
DBF4,9.042016666666665,0.8471126156087598,DBF4,0.6515573270953566
NTC_1722,4.023149999999999,0.6891799763562867,NTC,0.6504119957894952
ACACB,3.901483333333333,0.6814416132543133,ACACB,0.6498753423804371
HTR4,3.300966666666666,0.6357494747752097,HTR4,0.6493463236745839
SBK1,2.936546666666666,0.6023562799446456,SBK1,0.6464706396174005
CELA1,2.3936666666666655,0.5406058735510506,CELA1,0.6393944210717728
NTC_1323,3.8199833333333326,0.6802746335505446,NTC,0.6391432730570931
SULT1B1,3.5164499999999994,0.6584361033641737,SULT1B1,0.6381877243736686
PRKD2,2.484116666666666,0.553534734624747,PRKD2,0.6380580887342922
CA5B,2.2691166666666662,0.527691813305303,CA5B,0.6299513600241898
NTC_1348,4.509183333333333,0.7252229025687815,NTC,0.6291595385784127
LMTK2,0.9149166666666675,0.20565803834415308,LMTK2,0.6284144567070948
NTC_2151,5.299483333333333,0.7618851567840039,NTC,0.6259245592891215
RAMP1,0.9097499999999998,0.20565803834415308,RAMP1,0.6248657094335865
PTGR2,3.1751799999999992,0.6357494747752097,PTGR2,0.624602326592735
TRIM33,3.1108566666666655,0.6301292804102205,TRIM33,0.6239455775244062
NTC_1123,2.197516666666666,0.5206309690811622,NTC,0.622930053884194
AKAP11,1.7592166666666662,0.4429034803076083,AKAP11,0.6222189385188323
MMP16,5.307436666666666,0.7637950492790943,MMP16,0.6210930152088342
MAPK7,8.058816666666665,0.8376853934343459,MAPK7,0.6198765801825739
CDC42BPA,4.078249999999999,0.7047472392416703,CDC42BPA,0.6197578547477489
NTC_1290,2.9744166666666665,0.6192383271499124,NTC,0.6191015432365784
NTC_2113,4.608149999999999,0.734333339692488,NTC,0.6179840375603642
BPI,1.5412666666666661,0.3981104548886796,BPI,0.6165011445220194
NEK4,1.055016666666666,0.26134587178004565,NEK4,0.6148472082607906
NTC_990,4.39715,0.7252229025687815,NTC,0.6135276968246433
IL2RB,1.8451166666666659,0.4663388575229288,IL2RB,0.6112841913638548
SLC25A12,3.2951833333333336,0.652733384820904,SLC25A12,0.6104794191900111
NTC_1938,3.643983333333333,0.6802746335505446,NTC,0.6096957058186544
SCN1B,3.076366666666666,0.6341314245377808,SCN1B,0.6085690834753382
NTC_149,5.150716666666666,0.7618851567840039,NTC,0.6083536557852746
ALDH3A2,3.349773333333333,0.6584361033641737,ALDH3A2,0.6079381821915848
NTC_632,1.915916666666666,0.48207175154406523,NTC,0.6071316071948347
CTLA4,2.272266666666666,0.5406058735510506,CTLA4,0.6069661453226656
NME3,2.2686166666666665,0.5406058735510506,NME3,0.6059911600962716
DHFRL1,4.165049999999999,0.7165064987923708,DHFRL1,0.6030153815092447
GGCX,3.0589633333333333,0.6357494747752097,GGCX,0.6017408823946574
RIPK4,3.7623399999999996,0.6930581181885589,RIPK4,0.5990786960919767
MURC,4.8376166666666665,0.752179592886056,MURC,0.5983089476744221
GUCY2D,8.703916666666666,0.8538738021718082,GUCY2D,0.5971436128126307
MBL2,4.819913333333333,0.752179592886056,MBL2,0.5961194267870025
NTC_687,4.826816666666666,0.7526656690237663,NTC,0.5956190054960474
NTC_971,3.3285499999999995,0.6625981239050711,NTC,0.594977640543257
NTC_388,3.021849999999999,0.6364346254545068,NTC,0.5930265807855121
PACSIN3,3.899283333333333,0.7047472392416703,PACSIN3,0.5925608959039584
KCNJ8,2.9935666666666663,0.6341314245377808,KCNJ8,0.5921895274693059
APOE,1.7818166666666668,0.4663388575229288,APOE,0.5903130029222938
ARAF,4.282349999999999,0.7283333692859887,ARAF,0.5895502336649178
CACNA1B,0.8876499999999989,0.2172195465873883,CACNA1B,0.5886016888966381
SCYL2,2.4093019999999994,0.5697769230516869,SCYL2,0.5885807800319248
NTC_1940,4.561516666666666,0.7434813266772644,NTC,0.5872037429612631
NTC_1806,4.206683333333332,0.7252229025687815,NTC,0.5869521705583418
RIPK1,4.044449999999999,0.7165064987923708,RIPK1,0.5855549296515203
NTC_523,3.1678166666666665,0.6538290863265948,NTC,0.5845754664021269
DGKI,1.1749166666666655,0.318931399437403,DGKI,0.5831143391875224
NTC_1299,4.523016666666666,0.7434813266772644,NTC,0.5822476404725422
NTC_1667,3.597816666666666,0.6891799763562867,NTC,0.5816494832783704
NTC_1449,4.322649999999999,0.734333339692488,NTC,0.5796965593481784
TAB2,1.8735166666666663,0.4904468602389195,TAB2,0.5796811223706305
MAGI3,3.3228399999999993,0.6699001505839621,MAGI3,0.5781406810103719
CA8,4.604816666666666,0.7490531290570936,CA8,0.5778463671075074
ENOPH1,4.421793333333333,0.7402252748364925,ENOPH1,0.5776457922699156
NTC_634,2.35785,0.5689140190476767,NTC,0.5775632900529359
GLUL,3.3191866666666665,0.6699001505839621,GLUL,0.5775050378192188
SLC16A5,1.7403166666666658,0.4663388575229288,SLC16A5,0.5765641195048403
BMPR1B,3.0458499999999997,0.6470517904033399,BMPR1B,0.5758513151352845
NTC_999,3.960116666666666,0.7161511938938191,NTC,0.5741982238409856
MAPK14,2.2016823333333333,0.5485350689271726,MAPK14,0.574189069314734
PPP1R14D,2.80104,0.6245313625273223,PPP1R14D,0.5726607165020774
VRK3,4.378316666666667,0.7402252748364925,VRK3,0.5719661705262669
NTC_1710,4.841716666666666,0.7618851567840039,NTC,0.5718575151891149
PAH,4.143716666666666,0.7283333692859887,PAH,0.5704646115040919
PANK3,0.8302499999999986,0.20565803834415308,PANK3,0.5702607917089689
MAP3K11,4.122616666666666,0.7283333692859887,MAP3K11,0.5675597788934155
DLAT,7.840316666666666,0.8471126156087598,DLAT,0.5649642064636587
CD3D,2.114866666666666,0.5406058735510506,CD3D,0.5649215769296715
CFD,2.977423333333333,0.6470517904033399,CFD,0.5629145040676601
SSH2,1.1773166666666661,0.3345366200003661,SSH2,0.5598803995045669
CTSS,2.0898166666666667,0.5406058735510506,CTSS,0.558230239964967
PCTP,1.170283333333333,0.3345366200003661,PCTP,0.5565356532795223
SLCO2B1,2.929773333333333,0.6470517904033399,SLCO2B1,0.5539057494782363
SCLY,0.7338166666666668,0.1787237754666403,SCLY,0.5487610697551782
CDKL5,0.9765166666666669,0.2750195639066131,CDKL5,0.547470799200734
MAP2K3,3.2803099999999996,0.6814416132543133,MAP2K3,0.5464056622132535
STRADA,3.9601299999999995,0.7283333692859887,STRADA,0.545190273294675
ENPEP,8.910316666666667,0.8687390162947656,ENPEP,0.5445154505592235
EN2,3.946103333333333,0.7283333692859887,EN2,0.5432592250125697
NR1I2,8.880916666666666,0.8687390162947656,NR1I2,0.5427187967650513
ARSA,2.3898666666666664,0.5932060488700738,ARSA,0.5420084464311633
NTC_1853,3.880783333333333,0.7252229025687815,NTC,0.5414798358881233
NTC_483,3.458749999999999,0.6981285939832242,NTC,0.5397883445472356
GUCY2C,4.587261666666667,0.7637950492790943,GUCY2C,0.5368158602806821
CACNA1I,2.953076666666666,0.6584361033641737,CACNA1I,0.5359431465827691
GLP1R,8.278183333333333,0.8623850732173023,GLP1R,0.5322769993328395
NEK2,1.1377499999999996,0.3425207246084554,NEK2,0.5294100317384793
ME3,0.7110166666666666,0.183889219335304,ME3,0.5229127500694215
NTC_673,3.4742499999999996,0.7071193758918113,NTC,0.5228998564626312
DARS,3.7921833333333326,0.7283333692859887,DARS,0.5220690906317498
NTC_166,3.7365499999999994,0.7252229025687815,NTC,0.5213551767781678
PAEP,3.42935,0.7047472392416703,PAEP,0.5211467171407327
C9orf96,3.772789999999999,0.7283333692859887,C9orf96,0.5193992144660444
NTC_662,4.8045833333333325,0.7804246543648781,NTC,0.517304775552548
KCNH7,2.7344833333333334,0.6470517904033399,KCNH7,0.5169840352333558
HINT1,2.0088166666666663,0.553534734624747,HINT1,0.5159748493901622
NTC_2087,3.1910499999999993,0.6891799763562867,NTC,0.5158885945500586
AMN,8.870516666666667,0.8747871419431998,AMN,0.5153558094951088
COX8A,6.6879833333333325,0.8376853934343459,COX8A,0.5144333725982994
NTC_1031,1.7093166666666653,0.5003393642122913,NTC,0.514051907795549
GRK6,3.0853769999999994,0.6814416132543133,GRK6,0.5139354094163482
CSNK2A2,2.953786666666666,0.6699001505839621,CSNK2A2,0.5139291193756013
HTR3A,0.7463500000000005,0.20565803834415308,HTR3A,0.512633715015947
NDUFS2,2.587766666666666,0.6341314245377808,NDUFS2,0.51191387738177
GRK4,0.6956499999999997,0.183889219335304,GRK4,0.5116114314045046
DUSP16,1.4463666666666661,0.4429034803076083,DUSP16,0.5115667382503699
NTC_1500,4.143016666666666,0.7526656690237663,NTC,0.5112395264139339
GABRB1,3.3603833333333326,0.7047472392416703,GABRB1,0.5106660861390931
NTC_779,3.9543499999999994,0.7434813266772644,NTC,0.5090432175655474
ADORA1,4.345676666666666,0.7641936559204028,ADORA1,0.5075601376864942
FLT3,0.7642833333333332,0.2172195465873883,FLT3,0.5067971168766436
NTC_1136,1.451183333333332,0.4478768895743862,NTC,0.5062327480926692
OXT,1.0183166666666663,0.318931399437403,OXT,0.5053933330026024
GRIK3,2.4716166666666664,0.6245313625273223,GRIK3,0.5053115168836608
MERTK,3.654349999999999,0.7283333692859887,MERTK,0.5030936043045039
CAMK2D,3.472986666666666,0.7165064987923708,CAMK2D,0.5028185447417246
TSSK3,4.054386666666666,0.752179592886056,TSSK3,0.501440272585717
NDUFV3,2.3585199999999995,0.6133996014553871,NDUFV3,0.5006112252103622
NTC_1305,1.4006833333333324,0.44064607632579555,NTC,0.4985173349286652
TYROBP,2.8606499999999997,0.6699001505839621,TYROBP,0.4977242777661038
NRBP1,4.131683333333333,0.7581789979636554,NRBP1,0.4967450566133095
NTC_1337,3.7006166666666656,0.734333339692488,NTC,0.4962776882544715
NTC_1510,4.396716666666666,0.7711385650353001,NTC,0.49624675710741745
STK38L,0.7090499999999995,0.20004788203161716,STK38L,0.49553096727135987
DAPP1,5.944749999999999,0.8253936955897397,DAPP1,0.4954286440841292
NTC_723,2.9575166666666663,0.6802746335505446,NTC,0.4948390392072139
PPP2R2D,1.851866666666666,0.5406058735510506,PPP2R2D,0.49466921678127584
PTPN3,2.707016666666666,0.6584361033641737,PTPN3,0.49128661187891015
NTC_747,4.3433166666666665,0.7711385650353001,NTC,0.4902196284933677
GNLY,1.8310666666666657,0.5406058735510506,GNLY,0.48911313658703
GKAP1,3.540926666666666,0.7283333692859887,GKAP1,0.48747863759937227
NTC_372,1.8011166666666663,0.536487938320422,NTC,0.4870940592109634
PLA2G2E,4.4276833333333325,0.7762647532380857,PLA2G2E,0.48700147777504543
TRPM6,7.942616666666666,0.8687390162947656,TRPM6,0.48537865203472347
MTNR1B,3.187306666666666,0.7047472392416703,MTNR1B,0.48436421066794133
ITK,7.921416666666666,0.8687390162947656,ITK,0.48408310576137487
NTC_1734,4.495716666666666,0.7804246543648781,NTC,0.4840494044640393
CUBN,7.9180166666666665,0.8687390162947656,CUBN,0.483875329472253
PIM2,7.914516666666666,0.8687390162947656,PIM2,0.4836614421158039
GRIN2D,7.913716666666666,0.8687390162947656,GRIN2D,0.48361255357718697
SPTLC3,7.905016666666667,0.8687390162947656,SPTLC3,0.48308089071972793
HBB,7.882316666666666,0.8687390162947656,HBB,0.4816936784364726
NTC_236,1.1399833333333325,0.3786465470907311,NTC,0.48080620964181275
CDK19,1.9038499999999994,0.5591070187018657,CDK19,0.4807317505394432
TAOK1,0.6738833333333334,0.19455030698796405,TAOK1,0.4791095393547232
DBI,0.6969499999999993,0.20565803834415308,DBI,0.47870311205247357
ISG20,2.8730533333333326,0.6814416132543133,ISG20,0.47856836981077855
PSKH1,2.8158166666666666,0.6762074083088621,PSKH1,0.47846378074851725
FECH,1.7196166666666661,0.5278297741274242,FECH,0.4772041412993493
NTC_1154,4.432083333333333,0.7804246543648781,NTC,0.4771980658704755
AKAP13,3.8543833333333324,0.752179592886056,AKAP13,0.4767041696359773
NTC_554,2.103816666666666,0.5938322498274633,NTC,0.4761699128431323
NTC_2013,4.639916666666666,0.7897421713647597,NTC,0.47565952832026553
LMTK3,3.2770733333333326,0.7165064987923708,LMTK3,0.4744542385646684
PIP4K2B,2.9769566666666663,0.6930581181885589,PIP4K2B,0.4740218369921336
PDK2,2.718402333333333,0.6699001505839621,PDK2,0.47297461697027765
NTC_393,4.38725,0.7804246543648781,NTC,0.47237090483938937
ABCG1,1.0377166666666664,0.3506256225132205,ABCG1,0.47232333068406895
SLC1A3,1.9931666666666654,0.5798381549286264,SLC1A3,0.47176901696018547
GABRR2,3.099483333333333,0.7047472392416703,GABRR2,0.4710179958298459
MMP28,2.0758166666666664,0.5932060488700738,MMP28,0.4707836559539929
AKT3,3.5833499999999994,0.7402252748364925,AKT3,0.468114833437957
DCTD,6.818116666666666,0.8538738021718082,DCTD,0.467765831732229
NTC_1180,4.794816666666666,0.7990898491366505,NTC,0.4670361741415532
BDH1,0.7024833333333325,0.2172195465873883,BDH1,0.4658174690719765
HNMT,3.942216666666666,0.7619070668327663,HNMT,0.4655678969794202
PDPK1,2.0368006666666663,0.5914034258791492,PDPK1,0.4646271549604277
NTC_515,2.232149999999999,0.6192383271499124,NTC,0.464604547581496
NTC_915,2.5135833333333326,0.6538290863265948,NTC,0.4638460188954366
GRID2,2.4606666666666657,0.6480343354094945,GRID2,0.46359447922868685
SLC18A2,0.6988499999999984,0.2172195465873883,SLC18A2,0.46340820175228425
EEF2,3.041886666666666,0.7047472392416703,EEF2,0.46226522526061775
CDC42BPB,3.180219999999999,0.7165064987923708,CDC42BPB,0.46043182592845944
BDKRB2,3.33769,0.7283333692859887,BDKRB2,0.45949908797764305
IKBKG,3.1687666666666665,0.7165064987923708,IKBKG,0.45877361386148496
ASS1,3.163179999999999,0.7165064987923708,ASS1,0.45796477700925864
ALPPL2,1.0762833333333317,0.375662441189733,ALPPL2,0.45763806657873274
NTC_1160,3.8474166666666663,0.7618851567840039,NTC,0.45442025760088955
COX7A1,3.8148166666666663,0.7619070668327663,COX7A1,0.4505222120030715
PDE9A,4.091116666666666,0.7762647532380857,PDE9A,0.44998246541647846
BMX,0.7689833333333329,0.26134587178004565,BMX,0.448151456405817
MGST3,0.7684833333333332,0.26134587178004565,MGST3,0.44786006422800284
NTC_128,2.6753833333333326,0.6802746335505446,NTC,0.4476336965734743
GLYAT,1.6745666666666663,0.5406058735510506,GLYAT,0.44730897551013316
NTC_329,2.672449999999999,0.6802746335505446,NTC,0.44714290378616695
APOH,0.6492166666666659,0.20565803834415308,APOH,0.44591726627400335
NTC_1497,3.4622833333333323,0.7434813266772644,NTC,0.44569950766208566
CDC25B,8.829816666666666,0.8904640748964395,CDC25B,0.4448779256794976
CTSV,4.60115,0.8005670029594837,CTSV,0.4444817380542619
PKN1,4.039316666666666,0.7762647532380857,PKN1,0.44428497653807764
KDM5D,8.809616666666667,0.8904640748964395,KDM5D,0.4438601770174387
CTDNEP1,3.2232266666666667,0.7283333692859887,CTDNEP1,0.4437409446888573
ALPK1,8.801716666666666,0.8904640748964395,ALPK1,0.44346214660009875
NTC_1316,3.9248499999999997,0.7711385650353001,NTC,0.4429883097538043
CDH5,6.8801499999999995,0.8623850732173023,CDH5,0.4423851767348112
PIM3,0.6210499999999994,0.19455030698796405,PIM3,0.44154672581740245
HPX,2.6494099999999996,0.6814416132543133,HPX,0.4413157980570177
MYL6B,0.7695833333333342,0.26812283349068844,MYL6B,0.4399447795043969
F9,8.730116666666666,0.8904640748964395,F9,0.4398546810454739
DAPK2,0.7678166666666666,0.26812283349068844,DAPK2,0.4389348358849602
ACP2,8.709016666666667,0.8904640748964395,ACP2,0.4387915871459966
NTC_1985,1.885416666666666,0.5854707993197406,NTC,0.43834949679150675
SLC12A5,1.1656166666666667,0.4207013377085057,SLC12A5,0.43830229747930816
PKMYT1,8.697016666666666,0.8904640748964395,PKMYT1,0.438186983980417
PDHA2,8.677416666666666,0.8904640748964395,PDHA2,0.43719946547663696
TBXAS1,8.674816666666667,0.8904640748964395,TBXAS1,0.4370684681240948
CIB2,3.528016666666666,0.752179592886056,CIB2,0.4363396450479035
IRAK2,8.659516666666667,0.8904640748964395,IRAK2,0.4362975990879808
AGXT,8.631516666666666,0.8904640748964395,AGXT,0.4348868583682951
GABRR3,3.680816666666666,0.7619070668327663,GABRR3,0.4346970802383091
GADL1,3.324599999999999,0.7402252748364925,GADL1,0.43431274512616175
SUCLA2,8.618916666666667,0.8904640748964395,SUCLA2,0.4342520250444366
CTH,8.618316666666665,0.8904640748964395,CTH,0.43422179488615753
SLC22A4,0.6509499999999999,0.2172195465873883,SLC22A4,0.4316456591981828
ALDH3A1,0.7549833333333327,0.26812283349068844,ALDH3A1,0.43159845298905547
NTC_2111,0.9489999999999998,0.35290659676163993,NTC,0.4292708720509844
DUSP21,4.125783333333333,0.7883901327717678,DUSP21,0.42602351793048077
ADSSL1,0.7575499999999993,0.2750195639066131,ADSSL1,0.4247101130902517
NTC_1098,3.742416666666666,0.7711385650353001,NTC,0.42239750144875166
RPS6KA1,0.5634833333333331,0.1787237754666403,RPS6KA1,0.42138279332605355
NTC_34,3.412916666666666,0.7526656690237663,NTC,0.4211467248961638
NTC_1296,1.9629499999999993,0.6107169170181717,NTC,0.4203854696899177
SLC19A3,3.397339,0.752179592886056,SLC19A3,0.4201776333352733
SBF1,2.470381666666666,0.6762074083088621,SBF1,0.4197674394492384
MGAT1,3.579716666666666,0.7641936559204028,MGAT1,0.41809863539747283
MAPK12,0.5955833333333329,0.20004788203161716,MAPK12,0.41623296700848655
NTC_600,1.4050500000000001,0.5080913746088376,NTC,0.4131664424896987
RPS6KL1,3.74395,0.7762647532380857,RPS6KL1,0.4117975576503623
PPP2R1A,1.2424599999999995,0.4667866877037191,PPP2R1A,0.4111070758285364
ABCC8,2.170536666666666,0.6470517904033399,ABCC8,0.4103637388739946
CTRB1,4.323016666666666,0.8042190381515653,CTRB1,0.40906826258903783
NTC_732,3.982983333333333,0.7897421713647597,NTC,0.40831422410046425
PFN2,0.8970499999999992,0.3506256225132205,PFN2,0.4082980040699714
P2RY2,0.9140833333333322,0.3588510824186264,P2RY2,0.40684545633353125
HAL,2.5547466666666665,0.6930581181885589,HAL,0.40679319304262523
OGFOD2,4.517833333333333,0.8127925346637745,OGFOD2,0.4066966846812862
NARS,1.5187166666666663,0.5406058735510506,NARS,0.4056784419393063
NTC_1976,2.9064166666666655,0.7252229025687815,NTC,0.4055279268418763
NDUFA6,8.037416666666665,0.8904640748964395,NDUFA6,0.40495396331239286
ARPC3,8.023916666666667,0.8904640748964395,ARPC3,0.4042737847511159
NTC_2100,3.5800833333333326,0.7711385650353001,NTC,0.40407533144224583
TLR8,8.008616666666667,0.8904640748964395,TLR8,0.40350291571500196
PTEN,7.997716666666666,0.8904640748964395,PTEN,0.40295373450626715
NTC_509,4.363483333333333,0.80846640780647,NTC,0.4029154136635046
SCTR,3.2572733333333335,0.752179592886056,SCTR,0.40285452830173757
NTC_940,2.6735833333333328,0.7071193758918113,NTC,0.40239370835169685
NTC_2006,1.847316666666666,0.6057899174987997,NTC,0.4021201219029276
ATP5C1,7.976216666666666,0.8904640748964395,ATP5C1,0.40187048716793705
DECR1,2.238666666666666,0.662061075314119,DECR1,0.40094955404606414
NTC_1541,3.2455166666666666,0.7526656690237663,NTC,0.4004899176450001
CDO1,1.2887166666666658,0.4904468602389195,CDO1,0.3987392997577127
NTC_825,1.2952500000000002,0.49265053722306695,NTC,0.39823891113615617
PTGIR,0.7098500000000003,0.2750195639066131,PTGIR,0.39796775628950637
NTC_584,5.135716666666666,0.8367563868886794,NTC,0.39750942096208197
NTC_116,0.8928266666666662,0.35923546989226773,NTC,0.3969692968675176
ARL1,1.7485166666666663,0.5932060488700738,ARL1,0.39655383929047483
NTC_1417,0.9393833333333328,0.3786465470907311,NTC,0.39619995020455706
CALR,1.9960166666666659,0.6341314245377808,CALR,0.3948534635343098
FST,3.7995199999999993,0.7883901327717678,FST,0.39233395117223485
CDK16,2.8429933333333324,0.7283333692859887,CDK16,0.3913943007868273
RETSAT,0.7881833333333343,0.318931399437403,RETSAT,0.39117753336431216
LPPR2,2.5738166666666658,0.7048412800197497,LPPR2,0.390985063529245
SLC6A2,0.7549499999999991,0.30381055745142993,SLC6A2,0.3906089696564889
MAPK1,3.7670499999999993,0.7883901327717678,MAPK1,0.38898113729191247
NTC_520,1.9474833333333326,0.6314675443561545,NTC,0.3888130338835394
ITPK1,0.852616666666667,0.3506256225132205,ITPK1,0.38807389023665634
XYLB,2.4103416666666657,0.6904689717150485,XYLB,0.3877175165247522
SLC6A4,0.59335,0.22317252373914098,SLC6A4,0.38648402602259063
NTC_1625,3.7672166666666658,0.7897421713647597,NTC,0.3861949753580868
NTC_2044,1.200849999999999,0.47746484760383845,NTC,0.38554321616836734
PDE7A,3.504483333333333,0.7762647532380857,PDE7A,0.3854585871854771
SPINK6,2.5300666666666665,0.7048412800197497,SPINK6,0.38433905926991385
CA13,0.5785833333333326,0.2172195465873883,CA13,0.3836592431334946
TAT,1.9309166666666666,0.6341314245377808,TAT,0.381975334355654
PREP,3.2665933333333332,0.7641936559204028,PREP,0.38152690345096646
PADI4,0.5744499999999997,0.2172195465873883,PADI4,0.3809184252652216
COX6A2,4.569416666666666,0.8256007497126744,COX6A2,0.38031218974525766
SCN3A,4.546616666666666,0.8256007497126744,SCN3A,0.3784145475386612
NTC_57,0.9276033333333329,0.39193908525828014,NTC,0.3773318060517318
RBP3,3.2299633333333326,0.7641936559204028,RBP3,0.3772486450186111
NTC_1785,2.070949999999999,0.6575977578543897,NTC,0.3769950675012382
KIDINS220,0.5290499999999998,0.19455030698796405,KIDINS220,0.3761376624968954
PKDCC,0.645083333333333,0.26134587178004565,PKDCC,0.3759444747434307
KIT,0.547183333333332,0.20565803834415308,KIT,0.3758352314081531
AK1,0.862216666666666,0.3671968088018793,AK1,0.3751514216383759
TAP1,3.8785366666666663,0.8005670029594837,TAP1,0.37467561777103187
CLK4,4.153253333333334,0.8127925346637745,CLK4,0.3738770859131961
LHCGR,2.439316666666666,0.7048412800197497,LHCGR,0.3705533475777009
AURKC,3.35744,0.7762647532380857,AURKC,0.36928527142660356
PTPRA,4.087053333333333,0.8127925346637745,PTPRA,0.3679177424537426
NTC_603,3.7734833333333326,0.7990898491366505,NTC,0.3675538277487666
NTC_23,1.9898166666666661,0.6538290863265948,NTC,0.3671923373000516
NTC_1462,2.737616666666666,0.734333339692488,NTC,0.36713288433736146
NTC_1787,4.458783333333333,0.8273009866165959,NTC,0.3671204255171503
ANKK1,0.7521666666666658,0.326603684214692,ANKK1,0.3655371447505639
NTC_1563,1.7269499999999995,0.6142972223543169,NTC,0.3654596603312259
NPY2R,4.372249999999999,0.8250638631365106,NPY2R,0.36513723988492147
NDUFS5,3.531383333333333,0.7883901327717678,NDUFS5,0.36464647541543244
AKAP3,3.113683333333333,0.7641936559204028,AKAP3,0.3636675396264661
NTC_1032,1.1976499999999994,0.4973065275274299,NTC,0.3633380751162361
PHOSPHO2,4.345713333333332,0.8250638631365106,PHOSPHO2,0.36292109825934815
ACSL3,4.3138033333333325,0.8250638631365106,ACSL3,0.36025621648801126
SRMS,3.4844733333333333,0.7883901327717678,SRMS,0.35980260417656823
GOT1,4.286949999999999,0.8250638631365106,GOT1,0.35801362925831415
AADAT,1.1743333333333323,0.49634147371726,AADAT,0.3572550221628551
PDE3B,6.865519999999999,0.8872200447499231,PDE3B,0.3567918391556155
NTC_767,5.262116666666666,0.8557367774679557,NTC,0.3560337754400363
NTC_1659,4.578283333333332,0.8367563868886794,NTC,0.3543635435821064
PDPR,3.6666276666666664,0.8005670029594837,PDPR,0.3542047179678652
GNB1,3.423393333333333,0.7883901327717678,GNB1,0.3534955554605198
PCBD1,3.9265733333333324,0.8127925346637745,PCBD1,0.3534712856807349
TRIB2,3.020373333333333,0.7641936559204028,TRIB2,0.35276925149315813
SLC7A8,8.332416666666667,0.9073964585541741,SLC7A8,0.35165231448496304
PPP1R14C,3.0001166666666665,0.7641936559204028,PPP1R14C,0.3504033422663474
NTC_1486,1.2765166666666667,0.5317200562013096,NTC,0.3501701688580768
CHRM5,1.9549166666666657,0.662061075314119,CHRM5,0.35012937717267034
SPIRE2,3.8813166666666663,0.8127925346637745,SPIRE2,0.34939726724422937
NTC_1965,4.513883333333333,0.8367563868886794,NTC,0.3493789214988611
GPT2,2.9851683333333328,0.7641936559204028,GPT2,0.3486574281759026
NTC_477,2.9422499999999996,0.7618851567840039,NTC,0.3475105814532393
PTPN1,4.1449333333333325,0.8250638631365106,PTPN1,0.34615347174574657
NTC_349,1.1237499999999994,0.49265053722306695,NTC,0.3455093428984792
PIK3CB,5.360776666666666,0.8621234899822964,PIK3CB,0.3453976372076984
NTC_807,2.160949999999999,0.6930946767126172,NTC,0.34403931038526364
PRSS2,8.615216666666665,0.9122716921439435,PRSS2,0.34353866637174185
GAK,0.911716666666667,0.4201563174764108,GAK,0.3433425607908358
SHMT2,1.146166666666666,0.5027475393591438,SHMT2,0.3423027281032113
EIF2AK2,2.1159166666666662,0.6904689717150485,EIF2AK2,0.34035753790368534
MAP3K12,1.499366666666667,0.5932060488700738,MAP3K12,0.3400480072656796
EPHA5,4.0661033333333325,0.8250638631365106,EPHA5,0.33957018656760524
PDP1,4.691216666666666,0.8471126156087598,PDP1,0.33804368039119465
MYH14,4.020349999999999,0.8250638631365106,MYH14,0.33574921433388843
ASRGL1,0.5423833333333326,0.24172920524017172,ASRGL1,0.33447200520214804
BST1,2.529406666666666,0.7402252748364925,BST1,0.33043179719076415
SMG1,1.7458166666666655,0.6470517904033399,SMG1,0.33006576932058307
VKORC1,3.947143333333333,0.8250638631365106,VKORC1,0.3296355474100296
CHEK2,4.63444,0.8497322854319831,CHEK2,0.32773777405499127
MAPK10,8.466716666666667,0.91508300968435,MAPK10,0.3263030956018379
TMLHE,3.148186666666666,0.7883901327717678,TMLHE,0.325078039847423
MYLK4,8.084816666666667,0.9122716921439435,MYLK4,0.3223885414597851
G6PC,8.074816666666667,0.9122716921439435,G6PC,0.32198978344862456
STK10,2.463659999999999,0.7402252748364925,STK10,0.32184290972072416
MAK,1.893301666666666,0.6762074083088621,MAK,0.32170996224806375
REN,8.057016666666666,0.9122716921439435,REN,0.32127999418875874
GABRA1,2.920276666666666,0.7762647532380857,GABRA1,0.3212016183433738
PIK3C2A,8.328266666666666,0.91508300968435,PIK3C2A,0.3209673007046336
CFL1,2.2225666666666664,0.7193197289952867,CFL1,0.3180004557928861
MYLK3,0.589783333333334,0.2891737179535875,MYLK3,0.3177995479726538
NTC_156,4.377016666666666,0.8462354294131724,NTC,0.31737220847916064
NTC_366,4.675749999999999,0.8557367774679557,NTC,0.31636032246474
OPRK1,3.5037199999999995,0.8127925346637745,OPRK1,0.31540590431656385
NTC_1463,4.65705,0.8557367774679557,NTC,0.3150950841542892
NTC_1375,4.653616666666666,0.8557367774679557,NTC,0.3148627854983597
PPFIA4,5.896516666666666,0.8843921436645188,PPFIA4,0.3146093782223444
DNTT,3.035226666666666,0.7883901327717678,DNTT,0.3134139235578876
HTR1A,3.7524936666666666,0.8250638631365106,HTR1A,0.31337987995478656
OPRD1,1.5822666666666665,0.6341314245377808,OPRD1,0.3130051386853253
GRM2,3.232849999999999,0.8005670029594837,GRM2,0.31230079151271317
MAP3K3,0.628216666666666,0.318931399437403,MAP3K3,0.31178564135038345
NTC_1188,4.017383333333333,0.8367563868886794,NTC,0.3109493428601757
TNFSF13B,3.7164766666666664,0.8250638631365106,TNFSF13B,0.3103720126167031
MMP20,3.21283,0.8005670029594837,MMP20,0.3103668131821119
PRKACA,2.0362166666666663,0.7048412800197497,PRKACA,0.30931896319058244
PTK6,3.433549999999999,0.8127925346637745,PTK6,0.309089180290131
HTR7,4.00995,0.8373780900271335,HTR7,0.30908055653908123
CAMKV,0.5503833333333334,0.2750195639066131,CAMKV,0.30856493662859213
NTC_1252,4.249783333333333,0.8462354294131724,NTC,0.30814667267079077
CDK5R1,2.0277666666666665,0.7048412800197497,CDK5R1,0.30803533493935165
NTC_32,1.5860833333333328,0.6401286420752945,NTC,0.3072762703348641
GABRQ,2.7921399999999994,0.7762647532380857,GABRQ,0.3071078493617389
MMAA,1.0385800000000005,0.5064103445122262,MMAA,0.30689772241588137
CHUK,0.4313833333333337,0.19455030698796405,CHUK,0.30669978005882104
NTC_1529,3.9484499999999993,0.8367563868886794,NTC,0.3056138364066811
MCCC2,2.9337966666666664,0.7883901327717678,MCCC2,0.30294038146114916
CYP4A11,4.953116666666666,0.8687390162947656,CYP4A11,0.30268829429059557
B4GALT4,0.6946166666666667,0.3671968088018793,B4GALT4,0.30222847698031435
ACTA1,0.421216666666667,0.19455030698796405,ACTA1,0.2994716045831852
HDC,4.2331199999999995,0.8497322854319831,HDC,0.2993572742570116
DUSP8,1.175983333333333,0.5591070187018657,DUSP8,0.29694173723693723
BRD3,0.5089499999999996,0.26134587178004565,BRD3,0.2966080977971874
NTC_199,1.4854833333333328,0.6314675443561545,NTC,0.2965752115722512
PRKCE,0.40311666666666657,0.183889219335304,PRKCE,0.29646962532357646
NTC_1532,3.598983333333333,0.8273009866165959,NTC,0.2963275391483773
MAP3K13,3.5435166666666666,0.8250638631365106,MAP3K13,0.29592770201907126
GABRD,1.4235666666666669,0.6203564482276593,GABRD,0.29518893220432063
SUOX,3.5341366666666665,0.8250638631365106,SUOX,0.29514435538744666
CBS,0.546549999999999,0.2891737179535875,CBS,0.2945036475730411
STK32B,4.155149999999999,0.8497322854319831,STK32B,0.29384340111525814
NTC_1148,4.331983333333332,0.8557367774679557,NTC,0.29310113762395607
CYGB,4.126686666666666,0.8497322854319831,CYGB,0.2918305345102634
NTC_501,5.020983333333333,0.8748009953216476,NTC,0.2916725947189172
NTC_186,3.335483333333333,0.8178705550481868,NTC,0.2912391514511311
ADRBK1,3.7737899999999995,0.8373780900271335,ADRBK1,0.2908777200368132
STK4,2.029916666666666,0.7193197289952867,STK4,0.2904364736962862
GSTO1,2.0183166666666663,0.7193197289952867,GSTO1,0.28877676857134177
CCBL2,0.43538333333333323,0.2172195465873883,CCBL2,0.2887031660197693
MMP12,1.2709166666666665,0.5932060488700738,MMP12,0.2882368199244613
NTC_356,1.321649999999999,0.6057899174987997,NTC,0.287694074709987
HTR1E,3.7183233333333323,0.8373780900271335,HTR1E,0.28660243775082433
BGLAP,1.6864666666666661,0.6762074083088621,BGLAP,0.2865645434206829
FGR,1.7626066666666658,0.6904689717150485,FGR,0.2835255635584049
NTC_1233,3.657816666666666,0.8367563868886794,NTC,0.28311853622872224
FGF4,4.003193333333333,0.8497322854319831,FGF4,0.28309734772236717
PRKAB2,0.9555366666666654,0.5064103445122262,PRKAB2,0.28235863071199396
NTC_2038,4.129849999999999,0.8557367774679557,NTC,0.27942483617195246
SMS,3.6186699999999994,0.8373780900271335,SMS,0.2789213176052761
CA9,0.5856499999999984,0.3345366200003661,CA9,0.2785095677768787
CCR5,3.7630633333333328,0.8435501605785929,CCR5,0.27804931616169315
FTH1,4.300216666666666,0.8621234899822964,FTH1,0.27706520314180183
DCXR,1.399916666666666,0.6341314245377808,DCXR,0.2769325295343589
SGPL1,0.3821833333333329,0.18916440207321206,SGPL1,0.276379924059769
NTC_17,2.8251499999999994,0.7990898491366505,NTC,0.27518200154528166
NTC_2078,2.3242499999999993,0.7618851567840039,NTC,0.27451830026091983
NTC_1929,3.542349999999999,0.8367563868886794,NTC,0.2741813049159054
PTPRF,0.4783166666666663,0.26812283349068844,PTPRF,0.27343747107735056
NTC_962,0.7531299999999996,0.433482653905647,NTC,0.27340748582038904
PPP1R3D,3.544205999999999,0.8373780900271335,PPP1R3D,0.273181751136336
MAP2K2,0.41818333333333246,0.22317252373914098,MAP2K2,0.27238759295898435
NTC_2064,1.0393833333333324,0.5477761909438807,NTC,0.2716915274599604
SST,3.823916666666666,0.8497322854319831,SST,0.2704192818345076
ADH4,1.358766666666667,0.6341314245377808,ADH4,0.2687922067125204
NPSR1,1.8782666666666668,0.7193197289952867,NPSR1,0.2687386907481973
SLC38A3,0.7693233333333334,0.4476389497928538,SLC38A3,0.26854933603365916
NTC_954,4.608983333333333,0.8748009953216476,NTC,0.2677392133379406
G6PC2,0.40144999999999964,0.2172195465873883,G6PC2,0.2662019354560417
SSH3,0.41488333333333305,0.22924132975593214,SSH3,0.2654038061234739
NTC_683,1.1362166666666669,0.5854707993197406,NTC,0.2641644220531925
DRD4,3.1603566666666656,0.8250638631365106,DRD4,0.2639290777788501
NTC_1264,2.3328499999999996,0.7711385650353001,NTC,0.2633031271027332
FN3KRP,3.4125499999999995,0.8373780900271335,FN3KRP,0.2630339164372228
NTC_731,4.526883333333333,0.8748009953216476,NTC,0.26296996428119745
NTC_933,1.462883333333333,0.6625981239050711,NTC,0.2614901005112501
PSPH,0.35451666666666615,0.183889219335304,PSPH,0.26072706000156226
GHRHR,0.37698333333333345,0.20565803834415308,GHRHR,0.25893262767570396
SLC25A15,0.7025599999999992,0.4289457348782749,SLC25A15,0.2582594022594535
PPME1,4.001266666666666,0.8621234899822964,PPME1,0.2578036986875515
ICK,3.630973333333333,0.8497322854319831,ICK,0.2567747382466271
PPP1R13B,3.3309999999999995,0.8373780900271335,PPP1R13B,0.2567481723791268
GSG2,3.97205,0.8621234899822964,GSG2,0.25592125361266155
RDH12,1.7854666666666663,0.7193197289952867,RDH12,0.2554610497486412
NTC_350,2.621749999999999,0.7990898491366505,NTC,0.25536994940139185
AGXT2,8.592216666666666,0.9341455821407698,AGXT2,0.2542044742994866
CDK5,8.592216666666666,0.9341455821407698,CDK5,0.2542044742994866
NIM1,0.3572833333333332,0.19455030698796405,NIM1,0.2540170453626294
BLK,1.0723666666666665,0.5798381549286264,BLK,0.253821908932622
DCLK3,8.575116666666666,0.9341455821407698,DCLK3,0.25369856334784774
NTC_1360,4.3671500000000005,0.8748009953216476,NTC,0.2536909381017768
PADI1,0.5965166666666661,0.37677649238967104,PADI1,0.25287307932861675
B2M,3.277959999999999,0.8373780900271335,B2M,0.2526599336931499
PDC,8.534016666666666,0.9341455821407698,PDC,0.25248260193776817
NTC_1053,2.5892499999999994,0.7990898491366505,NTC,0.2522043068513603
NTC_560,3.7267166666666665,0.8557367774679557,NTC,0.25214891437766945
SLC1A4,0.5659499999999991,0.3588510824186264,SLC1A4,0.2518962742404543
SLC7A9,2.4154166666666663,0.7883901327717678,SLC7A9,0.24941307443061286
PDHB,3.87046,0.8621234899822964,PDHB,0.24937575691586514
NTC_235,1.14527,0.6057899174987997,NTC,0.2493000362751916
KCNJ5,2.4139533333333327,0.7883901327717678,KCNJ5,0.24926197235757502
PPFIA1,3.2236066666666665,0.8373780900271335,PPFIA1,0.24847046536650727
SLC13A2,0.5835666666666661,0.37677649238967104,SLC13A2,0.24738336452214768
SSTR2,4.727103333333333,0.8870049544975823,SSTR2,0.24615896316565583
ATP5A1,0.42238333333333333,0.26134587178004565,ATP5A1,0.24615839874493653
NTC_2094,0.8341499999999993,0.5080913746088376,NTC,0.24528862887639716
ACAT1,2.723546666666666,0.8127925346637745,ACAT1,0.24517447151837563
NTC_718,0.5702399999999992,0.37210561738248615,NTC,0.24482329113218124
PGK2,2.923433333333332,0.8250638631365106,PGK2,0.24414303352299357
NTC_1234,1.281649999999999,0.6451075813470952,NTC,0.24398496035900613
CDK5R2,1.529963333333333,0.6930581181885589,CDK5R2,0.2436165893571202
NTC_1216,4.9990499999999995,0.8939381628918769,NTC,0.24341635194815667
PRKAG3,0.6972766666666654,0.4476389497928538,PRKAG3,0.24339985250903964
NTC_936,3.3365499999999995,0.8462354294131724,NTC,0.24192922322308044
GRIN3B,4.6346766666666666,0.8870049544975823,GRIN3B,0.24134594114536484
NTC_379,0.7846166666666656,0.49265053722306695,NTC,0.24123905577503438
MYO3A,0.8965666666666667,0.5406058735510506,MYO3A,0.23949020670613402
CTDSP1,2.3755316666666664,0.7931351886569584,CTDSP1,0.23910386992268715
KHK,4.083493333333333,0.8745487169684032,KHK,0.23772461939900022
GRM4,4.0655,0.8745487169684032,GRM4,0.23667711963122312
SCPEP1,0.5697333333333328,0.38424755348969575,SCPEP1,0.23666089634781223
NTC_1246,2.8699166666666662,0.8273009866165959,NTC,0.23629877235540972
LHPP,0.4938833333333337,0.3345366200003661,LHPP,0.2348693480728613
PDK1,1.5388866666666665,0.7048412800197497,PDK1,0.2337702249438803
MMP7,0.36414999999999953,0.22924132975593214,MMP7,0.23294933354725333
LALBA,1.788616666666666,0.7410064593345835,LALBA,0.23283855164822076
RFK,3.99438,0.8745487169684032,RFK,0.23253679820749357
C1S,3.602743,0.8621234899822964,C1S,0.23212661094503875
LRRK1,3.589946666666666,0.8621234899822964,LRRK1,0.23130213651286588
NTC_2019,4.717216666666666,0.8939381628918769,NTC,0.2296931761732817
CLCN2,3.9442499999999994,0.8745487169684032,CLCN2,0.2296184304772972
IFNGR1,3.555113333333333,0.8621234899822964,IFNGR1,0.22905780667457726
CSNK2B,3.5515499999999993,0.8621234899822964,CSNK2B,0.2288282192490145
NOXO1,0.5140166666666657,0.3588510824186264,NOXO1,0.22878148817180105
CAPN1,1.1524166666666664,0.6341314245377808,CAPN1,0.22797190016850108
RARRES1,3.901526666666666,0.8745487169684032,RARRES1,0.2271312492020843
NQO1,3.199436333333333,0.8497322854319831,NQO1,0.22625735625390117
PARK7,0.6130666666666666,0.4289457348782749,PARK7,0.2253618635825113
NTC_1256,0.7324166666666647,0.49265053722306695,NTC,0.22518958952426602
NTC_2035,5.102483333333333,0.9035306682071188,NTC,0.22480062742485668
ARL3,0.3923166666666651,0.26812283349068844,ARL3,0.22427417790479579
CEACAM5,1.5620166666666666,0.7193197289952867,CEACAM5,0.2234902643892578
PPAT,4.849406666666666,0.8994891676829799,PPAT,0.22309240681793488
FARS2,1.7039166666666663,0.7410064593345835,FARS2,0.22181247451713942
MMP1,1.5443166666666661,0.7193197289952867,MMP1,0.2209577832934372
CDC14A,0.4264499999999982,0.30381055745142993,CDC14A,0.22064400968277262
EPHA3,4.219943333333333,0.8870049544975823,EPHA3,0.21974913647987843
CANX,0.7056666666666658,0.4904468602389195,CANX,0.21833894121725161
TPD52L3,3.0854533333333323,0.8497322854319831,TPD52L3,0.21819672008208532
NTC_218,0.9237166666666656,0.5805905001493481,NTC,0.21811728535729094
NTC_1978,0.9978166666666661,0.6057899174987997,NTC,0.21720269560539493
EPS8L1,0.38681666666666636,0.2750195639066131,EPS8L1,0.21686350768291757
NTC_1841,2.598149999999999,0.8273009866165959,NTC,0.21392246768902964
NTC_799,0.7594199999999995,0.5237823891958175,NTC,0.21328242934990826
SIRPD,2.3027116666666663,0.808147715837206,SIRPD,0.2130221297753127
CEACAM1,3.6567499999999993,0.8745487169684032,CEACAM1,0.21288133248345223
CA7,4.599383333333333,0.8994891676829799,CA7,0.211590317793853
MAPK8IP2,3.6341533333333325,0.8745487169684032,MAPK8IP2,0.21156584509446352
PRKCB,3.279996666666666,0.8621234899822964,PRKCB,0.21133189632020857
C17orf75,0.5465299999999997,0.4107145121996345,C17orf75,0.2112119572934044
DDC,2.33631,0.8127925346637745,DDC,0.2103153129570375
ALDH3B1,1.3054816666666662,0.6904689717150485,ALDH3B1,0.2099943409137409
GLUD2,2.9613099999999997,0.8497322854319831,GLUD2,0.20941756667187109
CES1,4.012726666666666,0.8870049544975823,CES1,0.20895854524028698
GPX6,1.4554166666666664,0.7193197289952867,GPX6,0.20823814660312984
EPHA8,0.5380266666666662,0.4107145121996345,EPHA8,0.2079257595058143
TRIM28,0.36224999999999863,0.26812283349068844,TRIM28,0.20708608083439134
DAPK3,1.9011016666666665,0.7781989402780134,DAPK3,0.20704777519872772
NRGN,1.2151266666666665,0.6762074083088621,NRGN,0.20647441500867475
STK32A,2.6757033333333333,0.8373780900271335,STK32A,0.20623894946324553
PTPLA,0.9298566666666668,0.6016299285319466,PTPLA,0.20519199839613866
DPP4,1.144616666666666,0.662061075314119,DPP4,0.2050030711973015
FOLH1,1.7457116666666659,0.76334418933581,FOLH1,0.2047363589262348
NTC_1295,0.7264166666666663,0.5237823891958175,NTC,0.20401347263296885
ROR1,1.3386166666666668,0.7048412800197497,ROR1,0.20334747584636553
RTCA,2.1979766666666656,0.808147715837206,RTCA,0.20333317345265073
MATK,0.45528333333333215,0.3588510824186264,MATK,0.20264011907490306
NTC_228,0.7716499999999993,0.5477761909438807,NTC,0.20170687795437528
NTC_1598,1.2234166666666653,0.6841532725565742,NTC,0.20167606724972953
NDUFB1,5.033416666666666,0.9122716921439435,NDUFB1,0.20071152193424793
NTC_1410,0.7583499999999992,0.5445065541749263,NTC,0.20020204025316207
NTC_351,0.38638333333333286,0.3048383204950984,NTC,0.1993469230909606
RENBP,1.8284216666666664,0.7781989402780134,RENBP,0.19913224255505346
ATP2A1,8.237766666666666,0.9459010132407644,ATP2A1,0.1989775641709378
RAMP2,3.8161833333333335,0.8870049544975823,RAMP2,0.19872375667340814
GLRA2,3.7974433333333333,0.8870049544975823,GLRA2,0.19774789076897664
NTC_551,0.883049999999999,0.5973357613133881,NTC,0.19761023955296492
NTC_877,1.6305499999999995,0.7568230191999874,NTC,0.1973057904787949
MAPK6,6.303466666666666,0.9304789806437815,MAPK6,0.19725711216810035
CDK11A,4.260883333333333,0.8994891676829799,CDK11A,0.19601794267692374
NTC_724,3.106716666666667,0.8652590846248831,NTC,0.19526904811160337
NTC_159,4.9402833333333325,0.9131372751321897,NTC,0.19496298845163879
GLRB,1.2820166666666664,0.7048412800197497,GLRB,0.19474944519315063
SPRYD3,3.7358706666666657,0.8870049544975823,SPRYD3,0.19454155853605637
NTC_728,1.1029166666666663,0.6664037342130539,NTC,0.1944029349995796
NTC_215,4.9127166666666655,0.9131372751321897,NTC,0.19387509948812112
SYT2,4.213213333333333,0.8994891676829799,SYT2,0.19382492902308618
GCSH,1.2041666666666666,0.6904689717150485,GCSH,0.19369723219677262
GLRX,0.8924666666666665,0.6067133781438527,GLRX,0.19367992871196257
KCNK6,2.7367966666666663,0.8497322854319831,KCNK6,0.1935404595969423
ODC1,1.2728666666666655,0.7048412800197497,ODC1,0.19335948087377033
NTC_1766,0.9386499999999982,0.6228567477361,NTC,0.1929975407082114
SSTR5,3.7008733333333335,0.8870049544975823,SSTR5,0.19271910899784817
MAP2K5,3.6831633333333333,0.8870049544975823,MAP2K5,0.19179687926639236
SLC13A3,3.6704833333333333,0.8870049544975823,SLC13A3,0.1911365815252936
NTC_1369,1.0841499999999993,0.6664037342130539,NTC,0.1910950739522123
PTPRH,1.896986666666666,0.7931351886569584,PTPRH,0.19093698457330818
GRK7,3.6621066666666664,0.8870049544975823,GRK7,0.19070037536772752
GSTA5,3.274253333333333,0.8745487169684032,GSTA5,0.19061390920582075
OBSCN,8.507716666666667,0.9497407710932091,OBSCN,0.19052961642213667
TRAPPC4,1.5124916666666666,0.7485760646674907,TRAPPC4,0.19021709776946488
ARPC1B,3.2631499999999996,0.8745487169684032,ARPC1B,0.18996751762996572
KRTAP5-3,3.618603333333333,0.8870049544975823,KRTAP5-3,0.18843498477385787
GIT1,0.4227166666666653,0.3588510824186264,GIT1,0.18814516016022123
GUCA1A,8.39945,0.9497407710932091,GUCA1A,0.18810499330884892
QPRT,0.25558333333333305,0.183889219335304,QPRT,0.18796716022396498
NTC_848,3.2336499999999995,0.8748009953216476,NTC,0.18784509393833743
GLYATL1,0.33504999999999985,0.2750195639066131,GLYATL1,0.1878412294777756
NTC_389,3.84705,0.8939381628918769,NTC,0.18732256664009286
OAS1,2.023556666666666,0.808147715837206,OAS1,0.18719771002782912
NTC_1937,0.9371166666666655,0.6314675443561545,NTC,0.18709437356049047
CSNK1G1,4.021573333333333,0.8994891676829799,CSNK1G1,0.18500871050784737
NTC_1458,2.55085,0.8462354294131724,NTC,0.1849590622225337
PDE3A,0.29444999999999943,0.2354266701850556,PDE3A,0.18495710087953804
DMPK,4.008583333333332,0.8994891676829799,DMPK,0.18441111773748128
PPP1CA,0.2776499999999995,0.2172195465873883,PPP1CA,0.18411001962727594
NTC_1727,0.7780499999999995,0.5805905001493481,NTC,0.18372100449875353
S100A12,0.26578333333333326,0.20565803834415308,S100A12,0.18255442829234048
NTC_1189,4.139483333333333,0.9035306682071188,NTC,0.18237363843384832
NT5M,3.500083333333333,0.8870049544975823,NT5M,0.18226317970484937
NTC_1712,0.8848499999999984,0.6228567477361,NTC,0.18193562445603884
IL11RA,3.4920999999999993,0.8870049544975823,IL11RA,0.1818474559693258
GSTA2,3.9462573999999995,0.8994891676829799,GSTA2,0.1815438716122837
NTC_873,4.120483333333333,0.9035306682071188,NTC,0.1815365535004847
SH3KBP1,3.118,0.8745487169684032,SH3KBP1,0.18151746624281237
PRKAR2B,1.961641666666666,0.808147715837206,PRKAR2B,0.18146999979994338
NTC_878,5.181816666666666,0.9227565912296347,NTC,0.1809119567410693
NTC_2105,4.09825,0.9035306682071188,NTC,0.18055701727144347
CDK20,2.626231666666666,0.8535895523051098,CDK20,0.1805558148342028
IRAK4,3.438193333333333,0.8870049544975823,IRAK4,0.17904032267041692
STMN4,0.6603366666666668,0.5372494546866919,STMN4,0.17817469174082745
CACNB2,0.3433833333333327,0.30381055745142993,CACNB2,0.17766555405065756
NTC_1549,0.8842833333333315,0.6314675443561545,NTC,0.17654625318795125
NTC_604,5.050249999999999,0.9227565912296347,NTC,0.17631859023667734
NTC_203,3.975383333333333,0.9035306682071188,NTC,0.17514386803569207
PPP1R1A,1.6077216666666665,0.7781989402780134,PPP1R1A,0.17509594571329634
TXNRD1,0.246083333333333,0.19455030698796405,TXNRD1,0.17495739491436396
NTC_1443,0.9306499999999991,0.6488390502101954,NTC,0.17483471966481398
NTC_1014,1.0250199999999996,0.675255928951412,NTC,0.1747982943658344
LCMT2,0.4990833333333331,0.4476389497928538,LCMT2,0.17421608312776854
NTC_1319,3.2494833333333326,0.8843611454402809,NTC,0.17342605137212652
EPM2A,0.43715666666666575,0.40177418174434865,EPM2A,0.17312189776921463
WNK3,1.7198216666666655,0.7931351886569584,WNK3,0.17310483452906422
NTC_550,0.8908499999999986,0.6401286420752945,NTC,0.17258681159742342
PNLIPRP2,3.743586666666667,0.8994891676829799,PNLIPRP2,0.1722201945526388
CA10,4.302233333333332,0.911998300860942,CA10,0.17211502111891666
AURKAIP1,1.8558916666666656,0.808147715837206,AURKAIP1,0.1716871465882997
NTC_205,1.0062833333333332,0.675255928951412,NTC,0.17160310073504237
NTC_541,0.7231166666666669,0.5805905001493481,NTC,0.17074959240381782
PIP5K1B,3.182571666666666,0.8841662945551653,PIP5K1B,0.17015951970400056
NTC_1507,0.5776499999999993,0.5080913746088376,NTC,0.16986270631235484
SLC25A4,0.22935000000000105,0.183889219335304,SLC25A4,0.16867401968320814
CSNK1E,3.658993333333333,0.8994891676829799,CSNK1E,0.1683285575687153
CARTPT,4.18675,0.911998300860942,CARTPT,0.1674949982574069
ARPC5,1.6592916666666664,0.7931351886569584,ARPC5,0.16701232166152227
SLC16A6,2.1733666666666664,0.8383803159009594,SLC16A6,0.16639061980457415
HRSP12,8.522316666666667,0.9560693088355956,HRSP12,0.1662757079467869
NTC_740,0.9424166666666656,0.6664037342130539,NTC,0.16611279122857905
TK2,3.150616666666666,0.8870049544975823,TK2,0.1640650684596348
NTC_447,0.82125,0.6314675443561545,NTC,0.16396171336178667
PRKAR1A,0.24708333333333332,0.2172195465873883,PRKAR1A,0.16384122942399726
IDH3G,3.5598333333333323,0.8994891676829799,IDH3G,0.16376679474273384
GLYATL2,3.554756666666666,0.8994891676829799,GLYATL2,0.16353324745269857
NTC_120,0.6089499999999992,0.539718232464586,NTC,0.16309685090351692
HDHD1,0.2733166666666653,0.25468826524621424,HDHD1,0.1623476578281125
KRT12,0.5035166666666671,0.47652836730664905,KRT12,0.16208767507859168
THNSL1,0.31214999999999815,0.30381055745142993,THNSL1,0.1615055167604112
NTC_1328,3.3060499999999995,0.8939381628918769,NTC,0.1609799122549691
NTC_1847,4.607449999999999,0.9227565912296347,NTC,0.16085918292876172
PADI6,0.9941666666666658,0.6904689717150485,PADI6,0.15991750727387513
NTC_1697,0.358953333333333,0.35923546989226773,NTC,0.1595981142382078
NTC_655,0.35848333333333304,0.35923546989226773,NTC,0.15938914246743363
MASP2,0.9348116666666666,0.6762074083088621,MASP2,0.1588432690295258
NTC_1810,0.7054799999999988,0.5973357613133881,NTC,0.15787336141761577
NTC_2112,0.866883333333333,0.6575977578543897,NTC,0.15780716133450753
NTC_408,4.487049999999999,0.9227565912296347,NTC,0.15665567651531764
KCNE1,3.880083333333333,0.911998300860942,KCNE1,0.1552265005446373
NISCH,2.976444433333333,0.8870049544975823,NISCH,0.15499523153281072
PPIF,0.7457666666666656,0.6203564482276593,PPIF,0.15464120589615882
TUBB3,0.31014999999999926,0.318931399437403,TUBB3,0.15392828906930406
DBH,3.326586666666666,0.8994891676829799,DBH,0.15303650053857817
NTC_1649,0.6144833333333333,0.5640684308968058,NTC,0.1528024679113183
ABL2,4.462013333333333,0.9245292798340614,ABL2,0.152062425674897
NDUFA4L2,1.0624166666666666,0.7193197289952867,NDUFA4L2,0.15200848159423433
ACP1,0.2558500000000006,0.25468826524621424,ACP1,0.15197261389837022
MAP3K6,1.4969316666666659,0.7931351886569584,MAP3K6,0.15067033604820443
NTC_436,0.39156333333333215,0.41240079546865027,NTC,0.1506267810759085
ELSPBP1,3.2726899999999994,0.8994891676829799,ELSPBP1,0.1505570349229639
CDKN2A,1.9609416666666668,0.8383803159009594,CDKN2A,0.15012758975350748
DCLK2,1.665306666666666,0.8127925346637745,DCLK2,0.14991139564931058
NTC_183,0.5583299999999989,0.539718232464586,NTC,0.1495391489694729
NQO2,1.0450666666666661,0.7193197289952867,NQO2,0.14952607780821814
PKM,0.2703833333333332,0.28203642339448665,PKM,0.14862831271985935
SLC36A1,3.229956666666666,0.8994891676829799,SLC36A1,0.14859112799042787
GSTM4,0.2598166666666666,0.26812283349068844,GSTM4,0.14852840644708248
TFF2,2.8477166666666656,0.8870049544975823,TFF2,0.14829186768843441
NTC_1472,0.9302166666666656,0.6930946767126172,NTC,0.14809741109645225
PPP1R32,3.6998133333333327,0.911998300860942,PPP1R32,0.14801462418806888
AKAP8L,2.8388166666666663,0.8870049544975823,AKAP8L,0.14782840949476103
NTC_1775,0.892406666666667,0.6841532725565742,NTC,0.14711019706077835
MOK,0.8645916666666666,0.6762074083088621,MOK,0.14691148132406648
NTC_1183,1.5435499999999989,0.8034082314239692,NTC,0.14673560957601084
NTC_595,0.8313499999999996,0.6664037342130539,NTC,0.14653589423066155
NTC_1791,1.2053499999999984,0.7568230191999874,NTC,0.14585418083077192
NTC_1422,0.7982833333333321,0.6575977578543897,NTC,0.14531923954470802
NTC_1016,2.4992499999999995,0.8748009953216476,NTC,0.14518326071943155
NTC_1653,0.45184999999999853,0.47746484760383845,NTC,0.14507032703974382
NTC_1578,1.1943833333333318,0.7568230191999874,NTC,0.14452715201498334
NTC_1275,1.7484833333333327,0.8273009866165959,NTC,0.14396392409206815
NTC_1900,1.1332499999999994,0.7476051588081926,NTC,0.14316087787622295
PTPN4,4.1940566666666665,0.9245292798340614,PTPN4,0.1429306419563903
NTC_151,0.6360166666666673,0.5973357613133881,NTC,0.14232875359229774
LRP1,5.040016666666666,0.9370790141371959,LRP1,0.1422483620517277
HUNK,0.8363016666666665,0.6762074083088621,HUNK,0.14210444238662062
PTP4A3,4.156806666666666,0.9245292798340614,PTP4A3,0.14166118690701274
NTC_2010,3.1998833333333327,0.9035306682071188,NTC,0.14097758562392987
NMRAL1,8.229616666666665,0.9613433464964286,NMRAL1,0.14090317702902952
DUSP23,4.499316666666666,0.9304789806437815,DUSP23,0.14079906491609961
SGK494,2.0415866666666656,0.8535895523051098,SGK494,0.14036093952919
ADCK2,4.11865,0.9245292798340614,ADCK2,0.14036083326493448
PLOD1,1.5063916666666657,0.808147715837206,PLOD1,0.13935516363350575
ELANE,0.6090263333333334,0.590661299479627,ELANE,0.13926086485397476
CTDSP2,1.2716016666666654,0.7781989402780134,CTDSP2,0.13848932997042623
NTC_1606,0.7830166666666667,0.6664037342130539,NTC,0.13801653629339256
SLC16A4,2.002696666666666,0.8535895523051098,SLC16A4,0.13768721667068282
STK33,0.20674999999999866,0.2172195465873883,STK33,0.1370961518384265
FLT1,1.777473333333333,0.8373780900271335,FLT1,0.1370048123044034
OXCT1,3.422979999999999,0.911998300860942,OXCT1,0.13693963793757413
IL2RG,1.2559266666666664,0.7781989402780134,IL2RG,0.1367821756750274
SLC8A1,1.5183199999999992,0.8127925346637745,SLC8A1,0.13667961270932755
PAICS,0.3034666666666652,0.3561625750546412,PAICS,0.13605980116936692
NTC_1412,3.443316666666666,0.9131372751321897,NTC,0.13588680288620464
NTC_865,3.8742833333333326,0.9227565912296347,NTC,0.1352622494947356
PRKDC,1.7595566666666658,0.8383803159009594,PRKDC,0.13470977025564196
HTR2A,3.939369999999999,0.9245292798340614,HTR2A,0.13425109094943363
NDUFS6,1.5839266666666658,0.8232312188312165,NDUFS6,0.13380722381050691
NMT1,1.2281166666666659,0.7781989402780134,NMT1,0.13375340623610907
NTC_1408,0.689449999999999,0.6401286420752945,NTC,0.1335690377233469
PPP2R5E,0.4645299999999981,0.5165856088187704,PPP2R5E,0.13325400584201155
NTC_1614,1.3213833333333316,0.7940292666160922,NTC,0.13235436615679733
TPI1,0.821956666666666,0.6904689717150485,TPI1,0.13221652427876965
PDK4,0.7373666666666665,0.662061075314119,PDK4,0.1320638041252678
ETFDH,0.25471666666666604,0.30381055745142993,ETFDH,0.1317896744433431
NTC_1413,0.6403833333333333,0.6228567477361,NTC,0.13167038666580763
ALAS1,0.29548333333333243,0.3588510824186264,ALAS1,0.13151541791115257
DNASE1,2.843349999999999,0.8994891676829799,DNASE1,0.13080565077908674
CP,1.5412166666666662,0.8232312188312165,CP,0.13019916123462166
LAMTOR3,1.1918316666666655,0.7781989402780134,LAMTOR3,0.12980162992934346
ULK4,0.22604999999999897,0.26812283349068844,ULK4,0.12922514443785818
NTC_328,0.6661499999999991,0.6401286420752945,NTC,0.12905506487694185
MR1,1.5271516666666658,0.8232312188312165,MR1,0.129010975794916
PNP,0.8959166666666665,0.7193197289952867,PNP,0.12818598993016025
PTGIS,1.1704766666666657,0.7781989402780134,PTGIS,0.12747587044109826
SLC5A6,2.081111666666666,0.8688534061816273,SLC5A6,0.1270591344320905
METAP1,0.33608333333333373,0.4197719506402656,METAP1,0.12669890795624483
GNE,4.487299999999999,0.9370790141371959,GNE,0.12664860401282751
NTC_277,0.7386600000000003,0.675255928951412,NTC,0.1259648671404142
NTC_712,0.5593833333333338,0.5973357613133881,NTC,0.12517963252583234
CKMT1B,4.419713333333332,0.9370790141371959,CKMT1B,0.12474105225938699
NTC_918,0.29530999999999974,0.3786465470907311,NTC,0.12455171722041876
NTC_1199,0.37888333333333346,0.46996913250602823,NTC,0.12424746365310066
DUSP6,0.5433243333333326,0.590661299479627,DUSP6,0.12423734806684739
DYRK4,1.802551666666666,0.8535895523051098,DYRK4,0.1239270659502939
NTC_1877,0.585183333333334,0.6142972223543169,NTC,0.12383734458524849
NTC_1621,0.5529166666666665,0.5973357613133881,NTC,0.12373251226185035
UPP1,0.22468333333333312,0.28203642339448665,UPP1,0.12350726029565573
SCN5A,1.2217866666666666,0.7931351886569584,SCN5A,0.1229762264671727
PPAP2C,1.221426666666666,0.7931351886569584,PPAP2C,0.12293999146581273
HSD17B11,3.6010233333333335,0.9245292798340614,HSD17B11,0.12272046317923072
MTMR4,0.16671666666666507,0.183889219335304,MTMR4,0.12261072733748325
HCRT,1.9024856666666663,0.8621234899822964,HCRT,0.12257814397941956
PPM1A,0.8015366666666663,0.7048412800197497,PPM1A,0.1217603680154709
SIGLEC1,1.208616666666666,0.7931351886569584,SIGLEC1,0.12165062933408939
NTC_1250,0.463849999999999,0.5477761909438807,NTC,0.12124892806212254
MST1R,3.8904166666666664,0.9308019000287235,MST1R,0.12115823033421284
GLTP,3.5353333333333326,0.9245292798340614,GLTP,0.12048179197940222
RPS6KA3,3.5142199999999986,0.9245292798340614,RPS6KA3,0.11976226372143733
TNK1,0.442546666666666,0.5372494546866919,TNK1,0.11940971915477042
NTC_1473,0.7772499999999978,0.7020790346886914,NTC,0.11939647805414354
EDA,0.7399616666666669,0.6904689717150485,EDA,0.11902715025470803
PHKA2,0.4668346666666663,0.5583206102028193,PHKA2,0.11816348222596929
PRKD1,4.176833333333333,0.9370790141371959,PRKD1,0.11788605862342874
CD4,1.7126666666666654,0.8535895523051098,CD4,0.11774739047750084
NTC_888,1.467183333333332,0.8317102608346989,NTC,0.11741566061904864
NTC_1271,0.5878499999999987,0.6314675443561545,NTC,0.1173636446876421
PPBP,0.246083333333333,0.3345366200003661,PPBP,0.1170264881819522
NTC_65,4.4989833333333324,0.9420277539100123,NTC,0.11668698991383224
TPK1,1.9987399999999997,0.8745487169684032,TPK1,0.11635863389293097
ALLC,1.6876466666666659,0.8535895523051098,ALLC,0.11602724272949752
PACSIN2,0.331223333333333,0.4476389497928538,PACSIN2,0.11562083507869071
CXCL10,4.082649999999999,0.9370790141371959,CXCL10,0.11522784818776775
HTR1D,4.073527333333333,0.9370790141371959,HTR1D,0.11497037197752827
NTC_1824,0.6066399999999996,0.6488390502101954,NTC,0.11396522251916702
NTC_279,3.2393833333333326,0.9227565912296347,NTC,0.11309608486105081
IP6K1,3.3149199999999994,0.9245292798340614,IP6K1,0.1129702532156402
PLIN3,0.3937333333333326,0.5165856088187704,PLIN3,0.11294543710889457
ETNK2,1.333896666666666,0.8232312188312165,ETNK2,0.11268514734484077
SCARB1,0.2529166666666658,0.3588510824186264,SCARB1,0.11256960160199331
NTC_338,3.6961499999999994,0.9323872184837436,NTC,0.11237659355788085
MKNK2,0.15261666666666507,0.183889219335304,MKNK2,0.1122409707317138
NTC_675,1.1791166666666655,0.8034082314239692,NTC,0.11209122013836109
CRH,0.2355833333333326,0.3345366200003661,CRH,0.1120331466611508
NTC_469,0.7035166666666663,0.6930946767126172,NTC,0.11200508519148496
NTC_2138,0.22024999999999917,0.3164274890208848,NTC,0.11006460635965017
CLPX,1.1854016666666665,0.808147715837206,CLPX,0.10966061940272098
CDKN1C,3.8370833333333327,0.9370790141371959,CDKN1C,0.10829702664131072
S100A13,0.473306666666665,0.590661299479627,S100A13,0.10822700453754605
NTC_391,2.7402833333333336,0.9131372751321897,NTC,0.10814234565579268
PRG2,6.2766166666666665,0.9613433464964286,PRG2,0.10746493611407872
MARK4,0.16398333333333248,0.22317252373914098,MARK4,0.10681206516772701
ANXA3,1.9945166666666658,0.8841662945551653,ANXA3,0.10663891770176134
AK4,0.16658333333333264,0.22924132975593214,AK4,0.1065645379104211
NTC_161,4.91205,0.9516767901682434,NTC,0.10566076100253884
AASS,0.3795666666666664,0.5278297741274242,AASS,0.1053320712363354
NTC_1332,2.9947499999999994,0.9227565912296347,NTC,0.10455523946562832
NTC_638,0.7049166666666666,0.7111052217399418,NTC,0.10437428440321096
MAP2K4,3.690316666666666,0.9370790141371959,MAP2K4,0.10415471535190522
MAP4K5,0.14218333333333355,0.18916440207321206,MAP4K5,0.10282138293811417
GSTA4,0.7127166666666662,0.7193197289952867,GSTA4,0.10197409519827813
PRLR,3.6061566666666667,0.9370790141371959,PRLR,0.1017794013515666
SOAT1,0.23774999999999924,0.375662441189733,SOAT1,0.10109182866571088
S100A11,0.19858333333333356,0.31131043218835164,S100A11,0.10064328949610526
NTC_1848,1.251149999999999,0.8317102608346989,NTC,0.10012695785588445
GRIN3A,1.298586666666667,0.8383803159009594,GRIN3A,0.09941840171314367
MTRR,2.8898066666666664,0.9245292798340614,MTRR,0.09848267556308403
NTC_495,2.8180833333333326,0.9227565912296347,NTC,0.09838730369839309
NAGA,0.1381833333333331,0.19455030698796405,NAGA,0.0982439391286821
CERK,0.3632866666666663,0.5372494546866919,CERK,0.0980234675951449
NTC_1933,0.48384999999999945,0.6314675443561545,NTC,0.09660015221930032
MMP26,4.299009,0.949644399323675,MMP26,0.09646541452225604
NTC_399,0.3350833333333316,0.5159059352130565,NTC,0.09631282684248853
EPHA4,3.4049833333333326,0.9370790141371959,EPHA4,0.09610152783491427
PTPN7,1.2383716666666658,0.8383803159009594,PTPN7,0.09480840592863148
PDE4B,0.3665666666666665,0.553534734624747,PDE4B,0.09415452577792252
SOAT2,3.310936666666666,0.9370790141371959,SOAT2,0.09344717465028364
PDK3,3.2857566666666664,0.9370790141371959,PDK3,0.09273649966776788
SLC7A2,1.346591666666666,0.8535895523051098,SLC7A2,0.092579401394754
NTC_1245,0.3219399999999988,0.5159059352130565,NTC,0.0925350454324918
NTC_1615,0.5388166666666665,0.675255928951412,NTC,0.0918852649794323
MAOB,1.9890616666666663,0.8995225794584284,MAOB,0.09147283007287087
SLC16A7,1.3298016666666657,0.8535895523051098,SLC16A7,0.0914250736294072
NTC_1249,1.0112833333333322,0.8128155909119045,NTC,0.0910235645999101
CHRM2,3.21208,0.9370790141371959,CHRM2,0.09065706504524393
CALM2,0.9769216666666658,0.808147715837206,CALM2,0.0903742909151231
SLC7A3,3.1654833333333325,0.9370790141371959,SLC7A3,0.08934193060248671
DSTYK,0.7603416666666654,0.76334418933581,DSTYK,0.08917256345687367
FES,0.34088299999999894,0.5477349357233071,FES,0.08911689200024853
NTC_1919,0.5588833333333323,0.6930946767126172,NTC,0.08897838292686881
ADRA1B,0.23551333333333435,0.4197719506402656,ADRA1B,0.08878536714843094
NTC_1917,0.5983833333333326,0.7111052217399418,NTC,0.08860030577913414
CDC25C,1.285566666666666,0.8535895523051098,CDC25C,0.08838387716126463
FOLR3,2.5824499999999997,0.9245292798340614,FOLR3,0.08800816623530283
NTC_398,0.5938833333333333,0.7111052217399418,NTC,0.08793400818393701
P4HB,0.22115666666666467,0.40177418174434865,P4HB,0.0875820152294296
NTC_1669,0.6377833333333331,0.7292784965118114,NTC,0.08744429916878073
NTC_312,0.2230033333333319,0.4055108811355096,NTC,0.08741674643907472
NTC_253,1.0907366666666656,0.8317102608346989,NTC,0.08728940914774502
NEK7,1.269166666666667,0.8535895523051098,NEK7,0.0872563622505031
NEK10,0.3815763333333333,0.590661299479627,NEK10,0.0872518104380958
NTC_298,2.209716666666666,0.9131372751321897,NTC,0.0872041006348611
NTC_667,0.4637499999999992,0.6488390502101954,NTC,0.08712147557573462
PYCR1,3.847169999999999,0.949644399323675,PYCR1,0.0863266042912652
BHMT,3.0538199999999995,0.9370790141371959,BHMT,0.08619036835211663
NTC_1127,0.6807499999999989,0.7476051588081926,NTC,0.08599758889409986
SLC6A5,0.1931166666666666,0.3588510824186264,SLC6A5,0.08595347438301816
NTC_113,1.0717499999999998,0.8317102608346989,NTC,0.0857699453159447
NTC_335,0.9014833333333323,0.8034082314239692,NTC,0.08569836185370139
NTC_306,0.5783166666666668,0.7111052217399418,NTC,0.08562911205832884
GRK1,0.13375000000000004,0.22924132975593214,GRK1,0.08556082208415539
M6PR,8.390066666666666,0.9768001965813023,M6PR,0.08553053495561536
GRIK5,1.1097916666666663,0.8383803159009594,GRIK5,0.08496445910520604
EPHB4,3.7731099999999995,0.949644399323675,EPHB4,0.08466477278555813
NTC_223,0.6701833333333331,0.7476051588081926,NTC,0.08466272608692996
PASK,8.289216666666666,0.9768001965813023,PASK,0.08450244366707489
PPP5C,0.22964333333333364,0.4289457348782749,PPP5C,0.08441634878093722
CXCR1,8.258116666666666,0.9768001965813023,CXCR1,0.08418540212940896
NTC_682,1.284583333333333,0.8602322219313321,NTC,0.08399157433585085
NTC_624,0.4743499999999994,0.6664037342130539,NTC,0.08361015388021201
PSKH2,0.11738333333333184,0.19455030698796405,PSKH2,0.08345580307360999
NTC_1560,0.3185833333333319,0.5477761909438807,NTC,0.0832766792392464
NTC_2162,0.8715499999999983,0.8034082314239692,NTC,0.08285278774641061
NTC_1265,0.5594966666666661,0.7111052217399418,NTC,0.08284250744908163
MAP4K1,1.8004116666666663,0.8995225794584284,MAP4K1,0.08279720694743713
NTC_943,0.2186833333333329,0.4193596309319826,NTC,0.08253401567883673
PANX1,0.11561666666666603,0.19455030698796405,PANX1,0.08219975946636897
NTC_319,0.9658500000000005,0.8222500397463057,NTC,0.08209348014467624
NTC_29,4.734283333333333,0.9613329161788365,NTC,0.08108022227950756
TUBB1,0.8344516666666664,0.8006319679980246,TUBB1,0.08058055515746243
PDHA1,8.313516666666667,0.9780263230610036,PDHA1,0.08022091534954262
NTC_2098,0.659983333333332,0.7568230191999874,NTC,0.07986172352038459
NTC_1765,0.34555000000000025,0.5889356605190252,NTC,0.07945305374503935
NTC_1729,0.9909166666666653,0.8317102608346989,NTC,0.07930102011911183
NTC_1896,0.22687666666666662,0.4478768895743862,NTC,0.0791439619010494
TGFBR2,4.70526,0.9622223192688764,TGFBR2,0.07869346727325872
PPM1B,0.2735566666666669,0.5165856088187704,PPM1B,0.07847183531337348
NTC_260,0.8668633333333329,0.8128155909119045,NTC,0.0780246129053448
NTC_423,2.999183333333333,0.9420277539100123,NTC,0.07778772434507064
NTC_1352,0.366016666666666,0.6142972223543169,NTC,0.07745697714211026
PRKRA,0.2198466666666663,0.4476389497928538,PRKRA,0.07674234460917571
PPP3CA,1.1077666666666657,0.8535895523051098,PPP3CA,0.07615996550678834
OAZ3,1.4223716666666668,0.8841662945551653,OAZ3,0.07604858742869226
VKORC1L1,0.2078166666666661,0.43144299569147426,VKORC1L1,0.07586899735570216
NTC_708,1.1589833333333317,0.8602322219313321,NTC,0.07577930700928609
SLC16A1,0.12991666666666557,0.26134587178004565,SLC16A1,0.0757134008687513
NTC_232,0.44301666666666595,0.675255928951412,NTC,0.075548338285078
SMPD1,3.353886666666666,0.949644399323675,SMPD1,0.07525782513148206
NTC_1999,1.4611833333333326,0.8889377062678172,NTC,0.07470836315426067
NTC_1793,0.23738333333333195,0.4850255031232348,NTC,0.07459425267629162
NTC_926,0.4844166666666663,0.7020790346886914,NTC,0.07441317968572293
NPR2,1.6168216666666666,0.8995225794584284,NPR2,0.07435428275131534
NTC_230,0.34028666666666574,0.6057899174987997,NTC,0.07407290712579899
MMP3,0.46290666666666613,0.6924750238260622,MMP3,0.07387799965051406
GSTO2,4.39978,0.9622223192688764,GSTO2,0.07358444452369013
NTC_690,0.3363499999999986,0.6057899174987997,NTC,0.07321598155994687
NTC_1555,0.25434999999999963,0.5159059352130565,NTC,0.07310768716454727
PPP1R12B,3.246773333333333,0.949644399323675,PPP1R12B,0.07285431025145725
SRPK2,4.352183333333333,0.9622223192688764,SRPK2,0.07278841056793646
NTC_314,0.8023833333333332,0.8128155909119045,NTC,0.07222089870187182
NTC_982,0.3226166666666668,0.5973357613133881,NTC,0.07219563646880599
NTC_669,2.773916666666666,0.9420277539100123,NTC,0.0719451400735302
NTC_1651,0.9539166666666663,0.8411949258761567,NTC,0.07164234268737664
MST4,4.276326666666666,0.9622223192688764,MST4,0.07151974016166947
NTC_858,0.892269999999999,0.8317102608346989,NTC,0.07140653054075849
NTC_939,3.316683333333333,0.9516767901682434,NTC,0.07134359076239802
MAP4K2,3.1761099999999995,0.949644399323675,MAP4K2,0.07126869651081973
NTC_437,0.8296499999999982,0.8222500397463057,NTC,0.07051701175340938
NTC_1843,0.12171666666666603,0.2665182279634343,NTC,0.06989860541282376
PDE8B,4.141383333333332,0.9622223192688764,PDE8B,0.06926287044875006
SCN4B,0.8190166666666663,0.8232312188312165,SCN4B,0.06918902795659859
NTC_563,0.6889499999999993,0.7940292666160922,NTC,0.06900763636370386
ADCK3,0.23990333333333336,0.5165856088187704,ADCK3,0.06881811762753358
CACNA2D1,4.105853333333332,0.9622223192688764,CACNA2D1,0.06866864634801623
KCNA4,0.10668333333333369,0.22924132975593214,KCNA4,0.06824608375834022
PPP2R4,6.672716666666666,0.9768001965813023,PPP2R4,0.06802341969160959
NDUFS3,2.4082066666666657,0.9370790141371959,NDUFS3,0.06796871448481669
NTC_317,1.3214499999999996,0.8889377062678172,NTC,0.06756398340856004
CSNK2A1,4.017919999999999,0.9622223192688764,CSNK2A1,0.0671979988409932
PTPRD,0.21899333333333182,0.49634147371726,PTPRD,0.06662202794792822
NTC_797,5.201616666666666,0.9709947177418217,NTC,0.06649295594085479
CLK2,0.08751666666666669,0.183889219335304,CLK2,0.06436358384975815
NTC_1774,0.46908333333333285,0.7292784965118114,NTC,0.06431441712455462
NTC_28,0.36421666666666663,0.6664037342130539,NTC,0.06419776862177279
HRH2,3.8374199999999994,0.9622223192688764,HRH2,0.0641792133025058
NTC_845,0.6394833333333327,0.7940292666160922,NTC,0.06405288239685883
MAP3K4,3.829849999999999,0.9622223192688764,MAP3K4,0.06405260828019915
CA11,1.391591666666666,0.8995225794584284,CA11,0.063996421121093
LTA4H,3.8158659999999993,0.9622223192688764,LTA4H,0.06381873184269107
DUSP18,0.14621666666666666,0.3663791137633292,DUSP18,0.06376059834091041
NTC_42,0.9664166666666656,0.8602322219313321,NTC,0.06318847146110032
NTC_1932,1.1289499999999988,0.8793510987504163,NTC,0.06303795947653089
NTC_1600,0.5445833333333336,0.7660756059076415,NTC,0.06302373967104263
PAPSS1,1.1722466666666662,0.8841662945551653,PAPSS1,0.06267539294206487
NTC_474,0.593916666666666,0.7846799895210607,NTC,0.0625438332807462
NTC_473,0.3435499999999987,0.6575977578543897,NTC,0.06253973077092635
NTC_102,0.5919833333333333,0.7846799895210607,NTC,0.06234023893079351
NTC_131,0.23231999999999875,0.539718232464586,NTC,0.062222941788167986
CASP7,3.7174166666666664,0.9622223192688764,CASP7,0.06217220871947562
NTC_208,0.4187166666666666,0.7111052217399418,NTC,0.06199775734866695
MTFMT,1.1588966666666662,0.8841662945551653,MTFMT,0.06196162124232883
NTC_6,2.388349999999999,0.9420277539100123,NTC,0.061944966609649106
PTPN12,0.8997616666666666,0.8535895523051098,PTPN12,0.06185943264014423
SKP1,6.061516666666666,0.9768001965813023,SKP1,0.061792686964232915
NTC_1499,1.0172499999999989,0.8697821453661551,NTC,0.06163468072541546
GIT2,2.737249999999999,0.949644399323675,GIT2,0.06142112191461922
NTC_2154,0.86625,0.85070269591985,NTC,0.06082997285997725
KCNJ1,0.8727866666666664,0.8535895523051098,KCNJ1,0.06000487686466898
NTC_751,0.40101666666666613,0.7111052217399418,NTC,0.05937698680755776
NTC_989,0.2789166666666656,0.6142972223543169,NTC,0.05902474898562054
BCAT2,0.16895999999999933,0.4476389497928538,BCAT2,0.05897922739409118
NTC_960,0.5884166666666664,0.7940292666160922,NTC,0.05893786684618056
NDUFB5,1.097506666666666,0.8841662945551653,NDUFB5,0.05867934074444155
NTC_1748,0.36731666666666474,0.6930946767126172,NTC,0.05847954496541482
PGAM2,0.6294966666666655,0.808147715837206,PGAM2,0.05823426465455287
ACOX1,0.10171666666666557,0.26812283349068844,ACOX1,0.05814798027753768
NTC_533,0.40738333333333365,0.7201720955210006,NTC,0.058078079485629805
NDUFA11,0.13638333333333286,0.375662441189733,NDUFA11,0.05799049659807304
NME6,0.16922666666666597,0.4571565132308594,NME6,0.057526081883258494
UCK1,2.3760441666666665,0.9457947401287234,UCK1,0.05750764779610691
NTC_1013,0.5191833333333333,0.7753616803378135,NTC,0.05736750837611166
NUCKS1,2.0247199999999994,0.9370790141371959,NUCKS1,0.057145268093698236
NTC_558,0.538716666666665,0.7846799895210607,NTC,0.056730863564853524
NTC_1386,0.29244999999999965,0.6401286420752945,NTC,0.0566571398682904
CGA,0.08508333333333162,0.2172195465873883,CGA,0.056418851683608044
AMHR2,3.348596666666667,0.9622223192688764,AMHR2,0.05600385147678909
NTC_194,1.0004166666666654,0.8793510987504163,NTC,0.055860955129084046
NTC_1340,1.3351499999999996,0.9081583422894611,NTC,0.055860570867821965
NTC_1849,0.5044499999999994,0.7753616803378135,NTC,0.05573953889184198
PLAUR,0.7272866666666662,0.8383803159009594,PLAUR,0.05568028676351712
NTC_919,0.14193666666666527,0.4055108811355096,NTC,0.055638816760918794
SGPP1,3.318366666666666,0.9622223192688764,SGPP1,0.055498267616243505
SFTPD,3.301143333333332,0.9622223192688764,SFTPD,0.055210214709920984
NTC_1920,0.29348333333333265,0.6488390502101954,NTC,0.05513466535177394
HCK,3.273916666666666,0.9622223192688764,HCK,0.05475486031881545
NTC_247,0.23801666666666588,0.5889356605190252,NTC,0.054727683428973245
CTDP1,3.2676703333333332,0.9622223192688764,CTDP1,0.05465039305712439
NTC_1788,0.8353499999999991,0.8602322219313321,NTC,0.05461876999399516
NTC_1619,0.28071666666666495,0.6401286420752945,NTC,0.05438400905007184
GAA,1.7277316666666662,0.9303425494613142,GAA,0.054176682316832
NTC_181,0.2976066666666659,0.6575977578543897,NTC,0.054176221245717304
RARG,4.877756666666666,0.9748096484883232,RARG,0.05404642624490627
NTC_1257,0.6692499999999999,0.8317102608346989,NTC,0.05355869923274644
NTC_1679,1.2730499999999996,0.9081583422894611,NTC,0.05326240478094653
LEPREL2,3.1786599999999994,0.9622223192688764,LEPREL2,0.05316173318431214
NTC_1604,1.0378499999999997,0.8889377062678172,NTC,0.05306389207353592
NTC_117,1.1371166666666648,0.8985405843528181,NTC,0.05283305837106997
ALDH1A2,0.15085000000000015,0.4476389497928538,ALDH1A2,0.05265753108664002
NTC_1550,0.38314999999999877,0.7292784965118114,NTC,0.05253239066535381
HBG1,3.1353966666666664,0.9622223192688764,HBG1,0.05243817238091366
NTC_1231,0.3400833333333333,0.7020790346886914,NTC,0.05224155965894297
NTC_1196,0.09920333333333264,0.2991507221852363,NTC,0.05199345351588244
CDKN2D,0.6734116666666656,0.8383803159009594,CDKN2D,0.05155567457568034
NTC_734,0.4600833333333343,0.7753616803378135,NTC,0.050837214494641125
NTC_1804,0.2695166666666662,0.6488390502101954,NTC,0.050632214969818665
NTC_762,1.2058166666666663,0.9081583422894611,NTC,0.0504494681211356
NTC_368,0.7678166666666666,0.8602322219313321,NTC,0.05020315067244
NTC_4,0.3968499999999988,0.7476051588081926,NTC,0.05013315189515018
NTC_1313,0.8967499999999999,0.8793510987504163,NTC,0.05007244799200951
NTC_1813,0.8200166666666657,0.8697821453661551,NTC,0.04968440937775319
NTC_2032,1.0619833333333322,0.8985405843528181,NTC,0.04934219072135971
PCYT1B,0.27451166666666627,0.662061075314119,PCYT1B,0.04916557340549807
POR,0.1518533333333325,0.47652836730664905,POR,0.048883294997717895
NTC_1288,0.4416500000000001,0.7753616803378135,NTC,0.048800411044864794
MMP17,2.9146866666666664,0.9622223192688764,MMP17,0.04874689173714882
NTC_1351,0.19544999999999924,0.5640684308968058,NTC,0.048602200797310015
NTC_976,0.5714833333333322,0.8222500397463057,NTC,0.04857385274940547
TTN,0.17944666666666542,0.5372494546866919,TTN,0.04841902037433247
NTC_639,0.20998333333333274,0.5889356605190252,NTC,0.048281918879744715
PSTPIP2,0.16762000000000032,0.5165856088187704,PSTPIP2,0.048083087118675025
NTC_2086,3.755916666666666,0.9709947177418217,NTC,0.04801238104195596
SORCS3,0.1437366666666664,0.4667866877037191,SORCS3,0.047559809348127355
CRAT,0.10041666666666682,0.3362744379863223,CRAT,0.047527825340601744
AKAP8,0.07968333333333266,0.25468826524621424,AKAP8,0.047331188003915066
TRPV1,0.13552666666666635,0.4476389497928538,TRPV1,0.04730858245322291
NTC_1571,0.40805000000000025,0.7660756059076415,NTC,0.047222960011205406
NTC_141,0.721616666666665,0.8602322219313321,NTC,0.04718239628957933
NTC_546,0.5209733333333322,0.8128155909119045,NTC,0.046891754564164785
NTC_1950,0.1397133333333338,0.4625388957766985,NTC,0.0467832528711395
NTC_1690,0.2934466666666662,0.6930946767126172,NTC,0.046718891614731584
HPGDS,0.8737416666666666,0.8841662945551653,HPGDS,0.0467155112020121
NTC_2089,0.42068333333333197,0.7753616803378135,NTC,0.0464836852403271
NTC_1701,0.19645333333333248,0.5805905001493481,NTC,0.04638854024436518
NTC_442,0.31278333333333386,0.7111052217399418,NTC,0.04631261840394996
NTC_1170,0.33658333333333257,0.7292784965118114,NTC,0.04614779370511206
NTC_1874,1.0999166666666662,0.9081583422894611,NTC,0.046018779093758636
NTC_1094,0.15628333333333178,0.5080913746088376,NTC,0.04595639219512788
ACVR1B,1.459086666666666,0.9303425494613142,ACVR1B,0.04575274988461287
TUBA8,0.8546516666666664,0.8841662945551653,TUBA8,0.04569484440441202
GRID1,0.08461666666666634,0.2891737179535875,GRID1,0.04559494461404344
GOT2,0.08978333333333222,0.31131043218835164,GOT2,0.045502761268611976
NTC_401,0.8149033333333318,0.8793510987504163,NTC,0.045502319238191744
NTC_510,0.4540500000000005,0.7940292666160922,NTC,0.04547923258718311
NTC_1159,0.8872499999999999,0.8889377062678172,NTC,0.04536391409379462
NTC_1056,0.20157999999999898,0.5973357613133881,NTC,0.0451098715690918
PVR,0.5328666666666662,0.8232312188312165,PVR,0.04501560004534643
NTC_2047,0.2092166666666655,0.6142972223543169,NTC,0.044274734031460615
NTC_1884,0.25831666666666653,0.675255928951412,NTC,0.044051152894188525
UGT3A1,0.8139466666666664,0.8841662945551653,UGT3A1,0.04351850904577867
NTC_1029,0.5370499999999989,0.8317102608346989,NTC,0.04297900548815304
KDR,1.7717816666666666,0.9457947401287234,KDR,0.04288261871882964
MAPK8IP1,0.12238666666666553,0.4476389497928538,MAPK8IP1,0.04272177464096907
AHCY,0.148506666666667,0.5165856088187704,AHCY,0.04260028034266417
NTC_1716,0.44791666666666696,0.8034082314239692,NTC,0.042580625909486754
NTC_1987,0.6059499999999991,0.85070269591985,NTC,0.042551136570855026
BTK,3.828166666666666,0.9748096484883232,BTK,0.04241677917578409
NTC_1771,4.995083333333333,0.9806607781581795,NTC,0.04236427129309813
GNPDA1,1.7495416666666657,0.9457947401287234,GNPDA1,0.04234434165103433
NTC_1998,4.985949999999999,0.9806607781581795,NTC,0.04228680972032284
NTC_1062,0.17379666666666616,0.5723011433007226,NTC,0.0421240342539167
NTC_729,0.4421499999999998,0.8034082314239692,NTC,0.04203242510707992
NTC_261,0.4420166666666656,0.8034082314239692,NTC,0.042019749944018414
CHRNA1,0.40408999999999917,0.787976636685661,CHRNA1,0.04181792405333336
CHRNA5,3.772706666666666,0.9748096484883232,CHRNA5,0.04180227234316039
NTC_1401,0.7437499999999995,0.8793510987504163,NTC,0.041529281509960464
PLK2,3.718713333333333,0.9748096484883232,PLK2,0.04120401644252096
NTC_1868,0.12758666666666674,0.47746484760383845,NTC,0.04096279619175431
NTC_1861,0.43008333333333315,0.8034082314239692,NTC,0.04088532285002063
NTC_598,0.4540500000000005,0.8128155909119045,NTC,0.04086812087603798
NTC_1962,0.8729166666666659,0.8985405843528181,NTC,0.040557718090855406
HS3ST1,2.361911666666666,0.9612673513193749,HS3ST1,0.04052050283933529
NTC_1725,0.5369833333333327,0.8411949258761567,NTC,0.04032925026722436
EEF2K,0.06081666666666674,0.2172195465873883,EEF2K,0.04032759839245644
NTC_421,0.5022499999999992,0.8317102608346989,NTC,0.04019403315599083
PIGA,2.3261216666666655,0.9612673513193749,PIGA,0.03990649647445437
NTC_1662,4.701783333333332,0.9806607781581795,NTC,0.039876737063719435
NTC_1544,0.22524999999999817,0.6664037342130539,NTC,0.03970314569730711
NTC_1069,0.09565000000000001,0.3852577796052985,NTC,0.039622876935779386
DGKQ,0.059316666666665796,0.2172195465873883,DGKQ,0.039332946746711485
PTK7,1.611676666666666,0.9457947401287234,PTK7,0.039007580502131614
CPO,1.6090366666666664,0.9457947401287234,CPO,0.038943684303436504
ZAP70,2.2269016666666657,0.9612673513193749,ZAP70,0.03820429721422851
PFN1,0.07858333333333256,0.3266734765351271,PFN1,0.03818255136896118
NTC_654,0.4730166666666671,0.8317102608346989,NTC,0.03785454969305387
NTC_1545,0.5027833333333325,0.8411949258761567,NTC,0.037760715503626946
PPFIA3,3.397256666666666,0.9748096484883232,PPFIA3,0.03764221842486665
GSTT2,0.15774666666666626,0.5797856067504636,GSTT2,0.03734377385018887
NTC_1102,0.8915833333333323,0.9081583422894611,NTC,0.03730244090644164
NTC_856,4.394983333333332,0.9806607781581795,NTC,0.037274706713997706
NME4,1.5289216666666663,0.9457947401287234,NME4,0.0370046525009896
NTC_1654,0.11164999999999914,0.46996913250602823,NTC,0.036613458804914206
NTC_1779,0.16324999999999967,0.5973357613133881,NTC,0.03653232728273766
NTC_1898,0.13578333333333337,0.539718232464586,NTC,0.03636724537622012
NTC_1222,0.6421166666666673,0.8793510987504163,NTC,0.035854311008050414
MARK1,3.2219833333333328,0.9748096484883232,MARK1,0.035700158184872675
NTC_124,0.35548333333333293,0.7940292666160922,NTC,0.03560645126645473
KCNK1,0.09670666666666516,0.4289457348782749,KCNK1,0.03554914303096845
NTC_1977,0.21464999999999979,0.6841532725565742,NTC,0.03538432082432078
PTPN13,3.1867099999999997,0.9748096484883232,PTPN13,0.035309323270650776
NTC_1789,0.27924999999999933,0.7476051588081926,NTC,0.03527701314532114
NTC_2127,0.38835,0.8128155909119045,NTC,0.034954596943528975
NTC_1439,0.3150166666666667,0.7753616803378135,NTC,0.03480797649567868
SLC7A11,3.1242989999999993,0.9748096484883232,SLC7A11,0.034617798100602476
NTC_1967,0.4313833333333337,0.8317102608346989,NTC,0.03452271976693257
NTC_970,0.8230500000000003,0.9081583422894611,NTC,0.03443511429634191
VTN,1.4192901666666664,0.9457947401287234,VTN,0.03435122973309399
NTC_1374,0.6675166666666659,0.8889377062678172,NTC,0.034129240600555395
NTC_129,1.435249999999999,0.946750141926887,NTC,0.034108172436991706
NTC_202,1.98975,0.9613329161788365,NTC,0.03407683083620193
FCGR1B,1.0825561666666657,0.9303425494613142,FCGR1B,0.03394583931240908
NTC_2122,0.5583499999999999,0.8697821453661551,NTC,0.03383015382947727
NTC_1190,3.9773166666666664,0.9806607781581795,NTC,0.03373239464511318
OTC,1.9564516666666654,0.9612673513193749,OTC,0.033564508966616266
NTC_748,0.6545166666666651,0.8889377062678172,NTC,0.03346456786658034
C3,0.109306666666666,0.49634147371726,C3,0.03325321228147682
PRKCDBP,1.9370516666666662,0.9612673513193749,PRKCDBP,0.03323168629328044
NTC_512,0.13661666666666594,0.5723011433007226,NTC,0.03311251738423775
FYN,1.0501716666666656,0.9303425494613142,FYN,0.03293035478877678
NTC_1409,0.11037333333333255,0.5080913746088376,NTC,0.032456181259786256
HADH,0.09292666666666616,0.4476389497928538,HADH,0.03243810963724099
NTC_1872,0.16545000000000076,0.6401286420752945,NTC,0.032053081864280054
C1R,2.864153333333333,0.9748096484883232,C1R,0.03173533705400825
NTC_1104,0.4852833333333333,0.8602322219313321,NTC,0.03172990814060291
NTC_1383,0.23108333333333242,0.7292784965118114,NTC,0.03168304826548045
NTC_1371,1.1198499999999987,0.937086893511813,NTC,0.031602319638009926
HLA-A,0.10364666666666533,0.49634147371726,HLA-A,0.031531330284222774
NTC_330,0.44368333333333165,0.85070269591985,NTC,0.031156415728820556
NTC_2012,0.1757833333333334,0.6664037342130539,NTC,0.030984023504957575
NTC_1358,0.9406499999999998,0.9274329027309123,NTC,0.030775716949551522
SLC6A14,0.11352333333333409,0.5372494546866919,SLC6A14,0.030631321783420578
NTC_10,0.3777499999999998,0.8317102608346989,NTC,0.03023055455385874
GCDH,1.7450116666666666,0.9612673513193749,GCDH,0.02993708494341373
NTC_2015,0.7073166666666655,0.9081583422894611,NTC,0.029593014106523527
AKAP4,0.19376666666666598,0.7048412800197497,AKAP4,0.029434836388184782
NTC_1281,0.5185499999999994,0.8793510987504163,NTC,0.028954633851415112
SUCLG1,1.682221666666666,0.9612673513193749,SUCLG1,0.028859871765127262
STK36,0.5345666666666666,0.8841662945551653,STK36,0.028581165414898302
GNMT,0.6099666666666659,0.8995225794584284,GNMT,0.028051104792351202
CDK2,8.313166666666666,0.9922657633133416,CDK2,0.028031940517165486
G6PC3,0.8930436666666663,0.9303425494613142,G6PC3,0.028003273863355792
PIM1,0.8882846666666664,0.9303425494613142,PIM1,0.027854045348233866
RYR1,1.620781666666666,0.9612673513193749,RYR1,0.027805818927511078
NTC_1517,0.8472166666666654,0.9274329027309123,NTC,0.027718811809148827
ITPKB,5.028083333333333,0.9874032544674298,ITPKB,0.027681839694039104
NME1,0.0664033333333327,0.38424755348969575,NME1,0.027583206857855883
NTC_1814,0.3656499999999996,0.8411949258761567,NTC,0.027461541997350482
NTC_1880,0.32284999999999986,0.8222500397463057,NTC,0.027440989868725677
NTC_191,0.2364499999999996,0.7660756059076415,NTC,0.0273639722942029
SHARPIN,0.09241999999999972,0.5064103445122262,SHARPIN,0.027309872619996203
NTC_1315,0.5318500000000004,0.8889377062678172,NTC,0.027192784120354682
NTC_50,1.1406166666666664,0.946750141926887,NTC,0.027106322906234714
SLC6A8,0.12272666666666598,0.6016299285319466,SLC6A8,0.027082163189842846
NTC_210,0.6450499999999995,0.9081583422894611,NTC,0.02698787494909826
MAP3K15,2.6350366666666662,0.9767545651182151,MAP3K15,0.026915714598930485
NTC_1652,0.5753833333333329,0.8985405843528181,NTC,0.02673363439905683
NTC_908,0.8145833333333332,0.9274329027309123,NTC,0.026651130705883003
NTC_1423,0.935083333333333,0.937086893511813,NTC,0.026388179120574902
NTC_1970,0.9244166666666667,0.937086893511813,NTC,0.026087164333351526
CLEC3B,0.0965066666666674,0.5372494546866919,CLEC3B,0.026039816433437866
NTC_440,0.693016666666666,0.9177895828154303,NTC,0.02581963600543029
NTC_1911,0.16438333333333155,0.7020790346886914,NTC,0.025251580637890174
NTC_769,0.08758333333333201,0.5159059352130565,NTC,0.02517403158703169
NTC_1389,0.8906166666666655,0.937086893511813,NTC,0.025133323726337396
NTC_1272,0.5951499999999994,0.9081583422894611,NTC,0.024900137626472096
SRPK1,2.427316666666666,0.9767545651182151,SRPK1,0.02479394820865008
NTC_2103,0.7552499999999993,0.9274329027309123,NTC,0.024709892336308693
PRKCH,0.356866666666666,0.8535895523051098,PRKCH,0.024534907793929982
NRIP1,0.07588999999999846,0.47652836730664905,NRIP1,0.024429844086685106
NTC_691,0.10511666666666564,0.5889356605190252,NTC,0.024169700958373504
NTC_1668,0.738716666666666,0.9274329027309123,NTC,0.02416896299287676
NADSYN1,1.3852916666666664,0.9612673513193749,NADSYN1,0.023765797724219516
NTC_1591,0.7256166666666664,0.9274329027309123,NTC,0.02374036373487525
NTC_676,0.7162166666666661,0.9274329027309123,NTC,0.0234328192291337
KCNC4,1.3657516666666663,0.9612673513193749,KCNC4,0.023430573237777128
NTC_1318,0.3076833333333324,0.8411949258761567,NTC,0.02310805081421607
NTC_756,0.06724999999999959,0.4551746514385373,NTC,0.02298752490612896
NTC_1274,0.28241666666666543,0.8317102608346989,NTC,0.022601224218624944
GRM7,0.033916666666665485,0.2172195465873883,GRM7,0.022490178878773883
NTC_1434,0.4818166666666661,0.8985405843528181,NTC,0.022386311642740592
ACVR2B,0.032983333333332254,0.2172195465873883,ACVR2B,0.02187128452142192
NTC_1821,0.14218333333333355,0.7020790346886914,NTC,0.021841349936311847
NTC_463,0.359916666666666,0.8697821453661551,NTC,0.0218071750678356
NTC_406,0.6654833333333325,0.9274329027309123,NTC,0.021772951364812304
NTC_1338,0.464716666666666,0.8985405843528181,NTC,0.021591806272598005
FGB,1.2564812666666665,0.9612673513193749,FGB,0.021555951245793813
CYSLTR2,1.2448231666666665,0.9612673513193749,CYSLTR2,0.02135594712166925
NTC_738,0.28394999999999904,0.8411949258761567,NTC,0.021325597839867778
KCNJ11,3.8600833333333324,0.9874032544674298,KCNJ11,0.02125147913332756
KIAA1804,3.8510199999999997,0.9874032544674298,KIAA1804,0.021201581443930948
OXTR,0.040583333333332305,0.30381055745142993,OXTR,0.020997700534550356
SUCNR1,1.2180499666666664,0.9612673513193749,SUCNR1,0.020896631245496306
NTC_1450,0.6376833333333325,0.9274329027309123,NTC,0.020863404847831987
NTC_140,0.3713500000000005,0.8793510987504163,NTC,0.02073532596803207
NTC_1728,0.2176500000000008,0.8034082314239692,NTC,0.0206906193023996
SLC22A5,3.7308433333333326,0.9874032544674298,SLC22A5,0.020539955332928284
PLAU,0.8437216666666663,0.9457947401287234,PLAU,0.020420684566937117
KCNMB3,3.7000733333333327,0.9874032544674298,KCNMB3,0.020370552769184196
NTC_817,0.28498333333333203,0.85070269591985,NTC,0.020012154034300074
NTC_396,0.7051833333333324,0.937086893511813,NTC,0.019900369784700892
RPS6KA5,3.603196666666666,0.9874032544674298,RPS6KA5,0.01983720354265463
NTC_1404,0.46961666666666524,0.9081583422894611,NTC,0.019648020888322352
NTC_1311,0.27888333333333204,0.85070269591985,NTC,0.01958379866986041
NTC_1291,0.4193833333333332,0.8985405843528181,NTC,0.019485515232843822
NTC_1640,0.6900166666666658,0.937086893511813,NTC,0.019472364384117646
NTC_1308,0.07618333333333371,0.5558931814677173,NTC,0.019427409210048794
NTC_1067,0.8131833333333329,0.946750141926887,NTC,0.01932499380332419
NTC_549,0.9968833333333338,0.9564212306583271,NTC,0.019290482003028468
CASR,3.4813899999999993,0.9874032544674298,CASR,0.019166603555184538
NTC_2117,0.37471666666666614,0.8889377062678172,NTC,0.01915876548456435
SCMH1,3.472183333333333,0.9874032544674298,SCMH1,0.01911591675190633
MARCKS,1.110221666666666,0.9612673513193749,MARCKS,0.01904674964409121
CACNA1A,1.0864966666666662,0.9612673513193749,CACNA1A,0.018639728101570968
NTC_1115,0.9611833333333326,0.9564212306583271,NTC,0.01859965872965164
NTC_2157,1.23135,0.9660987389253592,NTC,0.018443757241672753
HAGH,3.345807666666666,0.9874032544674298,HAGH,0.018420162383098997
GNG2,3.3373199999999987,0.9874032544674298,GNG2,0.018373433995268685
NTC_790,0.10068333333333168,0.6575977578543897,NTC,0.018328361402375266
SPTLC1,3.3202433333333325,0.9874032544674298,SPTLC1,0.01827941933444527
NTC_846,0.4320499999999994,0.9081583422894611,NTC,0.01807629078638539
NTC_433,0.27431666666666565,0.8602322219313321,NTC,0.017936001582792918
NTC_1238,1.3792833333333325,0.9709947177418217,NTC,0.01763156183749705
NTC_1631,0.6233833333333338,0.937086893511813,NTC,0.017591962635181608
NTC_1002,0.25021666666666587,0.85070269591985,NTC,0.017570762530963648
NTC_1370,0.33754999999999935,0.8889377062678172,NTC,0.017258483181020398
DHRS4L2,1.0056166666666666,0.9612673513193749,DHRS4L2,0.0172521663583028
NTC_1128,0.03328333333333244,0.3048383204950984,NTC,0.01717188480406497
NTC_1195,0.36648333333333305,0.8985405843528181,NTC,0.01702765943866004
NTC_468,1.1310833333333319,0.9660987389253592,NTC,0.016941914500427986
CIT,0.6902766666666666,0.9457947401287234,CIT,0.01670683903331091
PPP2R1B,1.6193366666666655,0.9767545651182151,PPP2R1B,0.016540795849615025
NEK11,0.6734236666666664,0.9457947401287234,NEK11,0.016298944095201467
NTC_1572,0.08579333333333228,0.6488390502101954,NTC,0.016117394705252357
NTC_861,0.041649999999998855,0.41240079546865027,NTC,0.016021943061943413
IRGC,0.6591966666666655,0.9457947401287234,IRGC,0.0159546065123092
LMAN1,0.8805016666666665,0.9612673513193749,LMAN1,0.015105717452405203
NTC_1303,0.5347499999999998,0.937086893511813,NTC,0.015090717887597286
NTC_1547,0.1425166666666664,0.7846799895210607,NTC,0.015008062814189992
NTC_1096,0.18671666666666642,0.8317102608346989,NTC,0.014942550305178874
NTC_90,0.11828333333333241,0.7476051588081926,NTC,0.014942462685308433
NTC_1082,0.13074999999999992,0.7753616803378135,NTC,0.014447308375673195
NTC_681,0.5057833333333326,0.937086893511813,NTC,0.014273274606043768
NTC_299,1.1086166666666664,0.9709947177418217,NTC,0.014171593928547334
FUK,2.5650766666666662,0.9874032544674298,FUK,0.01412189026758112
NTC_1065,0.427249999999999,0.9274329027309123,NTC,0.013978552135965409
NTC_1301,0.7210499999999991,0.9564212306583271,NTC,0.013952888550934064
NTC_280,0.0710500000000005,0.6401286420752945,NTC,0.01376471119043278
NTC_1871,1.6075166666666663,0.9806607781581795,NTC,0.013633660868155711
NTC_1979,0.2930833333333336,0.8985405843528181,NTC,0.013617326446352144
NTC_1638,1.2429833333333322,0.9757812431103883,NTC,0.013234707725860018
BRDT,0.7616666666666658,0.9612673513193749,BRDT,0.013067007020144144
PRKCD,0.5317171666666667,0.9457947401287234,PRKCD,0.012869206716265676
NTC_502,0.09988333333333266,0.7476051588081926,NTC,0.012618032812886225
NTC_326,0.6472499999999988,0.9564212306583271,NTC,0.012524800103449231
PI4KB,2.22896,0.9874032544674298,PI4KB,0.0122714182152428
PDF,0.6892266666666664,0.9612673513193749,PDF,0.011824240295584973
CIB3,0.4872316666666663,0.9457947401287234,CIB3,0.011792519463594487
NTC_910,0.7825499999999996,0.9660987389253592,NTC,0.01172141326955862
NTC_1664,2.6300166666666662,0.9903296788529972,NTC,0.01109921088465916
NTC_1113,1.0166166666666658,0.9757812431103883,NTC,0.010824460869068821
ROR2,3.167525166666666,0.9922505470962678,ROR2,0.010701968293490656
NTC_1815,0.11091666666666633,0.8034082314239692,NTC,0.01054415127172589
AK7,0.43348666666666613,0.9457947401287234,AK7,0.01049172355493183
NTC_2123,0.059316666666666684,0.6664037342130539,NTC,0.010455308585772637
NTC_697,0.03481666666666694,0.5159059352130565,NTC,0.010007336248393988
CA4,0.02208333333333279,0.3588510824186264,CA4,0.009828976746137592
NTC_1377,0.9057833333333329,0.9757812431103883,NTC,0.0096443591463725
NTC_2036,0.020526666666666138,0.34046194389286044,NTC,0.009605072395033156
NTC_93,0.4926833333333329,0.9564212306583271,NTC,0.00953381269107926
NTC_2023,0.044916666666666494,0.6228567477361,NTC,0.009235397862331162
NTC_881,0.32674999999999876,0.937086893511813,NTC,0.009220929536741274
NTC_1058,0.057893333333331576,0.6930946767126172,NTC,0.009217049203315024
NTC_1630,0.24695,0.9177895828154303,NTC,0.00920058552445735
MYL12A,0.5322816666666661,0.9612673513193749,MYL12A,0.009131722024105941
NTC_1482,0.4677499999999979,0.9564212306583271,NTC,0.00905133294459384
NTC_1049,0.09291666666666565,0.8034082314239692,NTC,0.008833004258432964
NTC_947,0.12578333333333358,0.85070269591985,NTC,0.0088327812443338
NTC_2003,1.0292833333333329,0.9806607781581795,NTC,0.008729551733364009
NTC_316,0.23414999999999875,0.9177895828154303,NTC,0.008723697511851293
NTC_2067,0.19978333333333342,0.9081583422894611,NTC,0.008358619668109482
TF,0.011650000000000382,0.19455030698796405,TF,0.008282778126999296
NTC_36,0.22101666666666553,0.9177895828154303,NTC,0.008234390540583673
NTC_1823,0.09101666666666652,0.8128155909119045,NTC,0.008192225823295629
PDGFRA,0.32075666666666613,0.9457947401287234,PDGFRA,0.007763307464438927
SLC25A5,2.2293916666666664,0.9922505470962678,SLC25A5,0.007532340762913894
NTC_1005,0.17795000000000094,0.9081583422894611,NTC,0.007445147426078698
NTC_1415,0.36868333333333236,0.9564212306583271,NTC,0.007134314486633197
NTC_167,0.6588499999999993,0.9757812431103883,NTC,0.00701512799998622
NTC_594,1.0893833333333323,0.9854673173872311,NTC,0.006926053404346409
ELOVL4,2.0206151666666665,0.9922505470962678,ELOVL4,0.00682695742233661
HLA-DQA2,1.9701316666666662,0.9922505470962678,HLA-DQA2,0.006656391195419147
NTC_1858,0.0174533333333331,0.4193596309319826,NTC,0.006587121501324352
NTC_540,0.33378333333333376,0.9564212306583271,NTC,0.006458971846833489
PTGS1,1.9025316666666665,0.9922505470962678,PTGS1,0.006427994255040205
KIF3B,0.3389316666666664,0.9612673513193749,KIF3B,0.005814646565885107
NTC_752,0.020553333333333867,0.5237823891958175,NTC,0.0057723853263963254
S100P,1.692521666666666,0.9922505470962678,S100P,0.005718443346031597
NTC_274,0.0912500000000005,0.8697821453661551,NTC,0.005528792938013465
ATP2C1,0.17238666666666624,0.9303425494613142,ATP2C1,0.00540554870634286
SLC22A8,1.5907666666666662,0.9922505470962678,SLC22A8,0.005374648513660897
NTC_1074,0.06288333333333274,0.8222500397463057,NTC,0.005344837890387747
NTC_70,0.12401666666666689,0.9081583422894611,NTC,0.0051886617961460525
NTC_361,0.26514999999999933,0.9564212306583271,NTC,0.0051308624912005584
NTC_425,0.7721166666666663,0.9854673173872311,NTC,0.004908943531709932
NTC_1865,0.7677500000000004,0.9854673173872311,NTC,0.004881181250420235
NTC_382,0.13045999999999847,0.9177895828154303,NTC,0.004860532040982756
PRKAR2A,0.02117999999999931,0.6016299285319466,PRKAR2A,0.0046738026212248575
KCNJ3,1.376526666666666,0.9922505470962678,KCNJ3,0.004650805902613784
NTC_965,0.3060166666666655,0.9660987389253592,NTC,0.004583665986036358
POMC,1.2949816666666667,0.9922505470962678,POMC,0.0043752936466492755
SCYL3,1.2942816666666666,0.9922505470962678,SCYL3,0.004372928589574346
PPP4R1,1.2902266666666664,0.9922505470962678,PPP4R1,0.004359228151804573
NTC_1739,0.274983333333334,0.9660987389253592,NTC,0.004118833674833307
RXRB,1.1941266666666657,0.9922505470962678,RXRB,0.0040345396019463384
NTC_144,0.3651166666666672,0.9757812431103883,NTC,0.00388759224648247
NTC_806,0.13451666666666728,0.937086893511813,NTC,0.0037960786682499077
PPP2CB,1.0984566666666664,0.9922505470962678,PPP2CB,0.00371130387286271
NTC_1034,0.08781666666666599,0.9081583422894611,NTC,0.003674110872717819
FASTK,1.0558766666666664,0.9922505470962678,FASTK,0.003567440829647689
NTC_1191,0.32374999999999865,0.9757812431103883,NTC,0.003447139242612934
NTC_84,0.12134999999999874,0.937086893511813,NTC,0.0034245135402709904
NTC_974,0.0517499999999993,0.8602322219313321,NTC,0.003383637214567803
NTC_765,0.024749999999998273,0.7568230191999874,NTC,0.0029948902605561522
NTC_1750,0.0784933333333333,0.9177895828154303,NTC,0.0029244163856370596
TRIB3,0.8355416666666668,0.9922505470962678,TRIB3,0.0028230053287838677
NTC_1504,0.041649999999998855,0.8697821453661551,NTC,0.0025235531602000355
NTC_108,0.1229166666666659,0.9564212306583271,NTC,0.002378534846477087
NTC_1431,1.06365,0.9951555343509789,NTC,0.002243277644907357
NTC_1131,0.35084999999999944,0.9854673173872311,NTC,0.0022306251275935342
NTC_651,1.0503166666666655,0.9951555343509789,NTC,0.0022151571460602105
NTC_564,1.0460833333333328,0.9951555343509789,NTC,0.0022062288876762435
NTC_1436,0.3346500000000008,0.9854673173872311,NTC,0.0021276291832668637
NTC_98,0.02624999999999922,0.8317102608346989,NTC,0.0021007334402085207
NTC_646,0.06734999999999935,0.937086893511813,NTC,0.001900626179952628
GLDC,0.5331316666666659,0.9922505470962678,GLDC,0.0018012668858845128
NTC_1075,0.26314999999999866,0.9854673173872311,NTC,0.0016730483178744092
NTC_775,0.15108333333333324,0.9757812431103883,NTC,0.0016086649798860415
NTC_766,0.024783333333332713,0.8889377062678172,NTC,0.0012671389172061787
NTC_1657,0.3425833333333328,0.9951555343509789,NTC,0.0007225210672538061
NTC_1201,0.32791666666666597,0.9951555343509789,NTC,0.0006915885185219473
CD55,0.19830666666666552,0.9922505470962678,CD55,0.000670009407151085
NTC_305,0.0991166666666663,0.9854673173872311,NTC,0.000630161400113948
NTC_977,0.05008333333333237,0.9757812431103883,NTC,0.0005332640115341936
NTC_96,0.08035000000000014,0.9854673173872311,NTC,0.0005108471683116462
NTC_100,0.020016666666665905,0.946750141926887,NTC,0.0004756884990631772
NTC_1124,0.0020833333333323267,0.6575977578543897,NTC,0.0003792493254917793
NTC_1605,0.00491666666666557,0.8793510987504163,NTC,0.00027453530634029386
NTC_1963,0.0007499999999982521,0.6228567477361,NTC,0.00015420886968606134
NTC_1078,0.07198333333333373,0.9951555343509789,NTC,0.00015181554315101973
NTC_1521,0.00024999999999941735,0.6488390502101954,NTC,4.6965755027240824e-05
NTC_819,0.0016499999999997073,0.9854673173872311,NTC,1.0490327662900625e-05
NTC_2066,3.218316666666666,1.0,NTC,-0.0
GLRX2,3.5053499999999995,1.0,GLRX2,-0.0
ARPC2,0.8806096666666665,1.0,ARPC2,-0.0
NTC_289,2.361583333333333,1.0,NTC,-0.0
NTC_2145,-0.4987166666666685,1.0,NTC,0.0
PRKCQ,3.79686,1.0,PRKCQ,-0.0
GABRG2,8.400666666666666,1.0,GABRG2,-0.0
GAD2,8.255616666666667,1.0,GAD2,-0.0
ACSL1,6.840283333333333,1.0,ACSL1,-0.0
MAPK13,4.027166666666666,1.0,MAPK13,-0.0
SELP,4.984416666666666,1.0,SELP,-0.0
NTC_582,-4.688749999999999,1.0,NTC,0.0
NTC_1490,-0.5551166666666685,1.0,NTC,0.0
HTR1B,2.3927500000000004,1.0,HTR1B,-0.0
CSAD,3.503983333333333,1.0,CSAD,-0.0
CHKB,3.773196666666666,1.0,CHKB,-0.0
KRT8,2.550503333333333,1.0,KRT8,-0.0
PNKP,4.190286666666666,1.0,PNKP,-0.0
SYTL4,3.552109999999999,1.0,SYTL4,-0.0
GABBR1,4.275836666666666,1.0,GABBR1,-0.0
NTC_2030,-3.017383333333335,1.0,NTC,0.0
PIK3R3,3.567346666666666,1.0,PIK3R3,-0.0
MTMR9,3.292526666666666,1.0,MTMR9,-0.0
HIBCH,0.44724166666666587,1.0,HIBCH,-0.0
NTC_383,-0.1660833333333347,1.0,NTC,0.0
GALNT1,8.232616666666667,1.0,GALNT1,-0.0
FCER1G,3.0362066666666663,1.0,FCER1G,-0.0
GUCY2F,4.221304666666667,1.0,GUCY2F,-0.0
NDUFA7,8.165116666666666,1.0,NDUFA7,-0.0
NTC_788,0.7465166666666656,1.0,NTC,-0.0
GABRA2,8.179516666666666,1.0,GABRA2,-0.0
PECR,8.160216666666667,1.0,PECR,-0.0
NTC_1768,-0.00025000000000030553,0.7753616803378135,NTC,-2.7623916588319045e-05
NTC_1368,-0.0031500000000006523,0.9564212306583271,NTC,-6.095499470973089e-05
NTC_2148,-0.003083333333334437,0.946750141926887,NTC,-7.327424839860337e-05
NTC_1310,-0.016683333333333827,0.9660987389253592,NTC,-0.00024989105451895583
NTC_692,-0.17498333333333527,0.9951555343509789,NTC,-0.0003690463967452107
NTC_1092,-0.07008333333333461,0.9757812431103883,NTC,-0.0007462146983365618
NTC_2149,-0.07285000000000164,0.9757812431103883,NTC,-0.0007756728766775565
NTC_789,-0.12711666666666677,0.9854673173872311,NTC,-0.0008081790816662355
NTC_1007,-0.41178333333333406,0.9951555343509789,NTC,-0.0008684664562704863
NTC_643,-0.47061666666666646,0.9951555343509789,NTC,-0.0009925481574335074
NTC_1400,-0.5477499999999997,0.9951555343509789,NTC,-0.0011552252432642355
NTC_1633,-0.004250000000000753,0.5159059352130565,NTC,-0.0012215752720636185
NTC_1889,-0.5848166666666677,0.9951555343509789,NTC,-0.0012334002300592986
NTC_705,-0.04561666666666664,0.937086893511813,NTC,-0.0012873085509850011
NTC_1876,-0.03641666666666854,0.9081583422894611,NTC,-0.001523615915143084
NTC_258,-0.06128333333333291,0.937086893511813,NTC,-0.001729424019719335
NTC_1906,-0.17631666666666668,0.9757812431103883,NTC,-0.001877337763068334
NTC_1755,-0.31331666666666713,0.9854673173872311,NTC,-0.0019919966639889305
NTC_623,-0.0646500000000021,0.9274329027309123,NTC,-0.002115186414488461
NTC_1006,-0.07541666666666647,0.937086893511813,NTC,-0.0021282686127903246
NTC_158,-1.0201833333333337,0.9951555343509789,NTC,-0.002151604818665668
NTC_1173,-1.0290833333333333,0.9951555343509789,NTC,-0.002170375251646136
NTC_1446,-0.3552833333333343,0.9854673173872311,NTC,-0.0022588112605059886
PRDX2,-0.13245483333333308,0.9612673513193749,PRDX2,-0.0022723696766109684
NTC_1863,-0.021716666666667273,0.7753616803378135,NTC,-0.0023995975543024484
NTC_745,-0.3882500000000002,0.9854673173872311,NTC,-0.002468405887952662
NTC_1164,-0.025516666666667298,0.7940292666160922,NTC,-0.0025558383838409494
NTC_1162,-0.4227833333333333,0.9854673173872311,NTC,-0.0026879610285338116
NTC_1043,-0.0880833333333344,0.9177895828154303,NTC,-0.0032817098263317594
PDXDC1,-0.011910000000001197,0.5268658177508283,PDXDC1,-0.0033145527245885898
NTC_1838,-0.017083333333333783,0.6314675443561545,NTC,-0.0034106698365466417
NTC_696,-0.22795000000000076,0.9660987389253592,NTC,-0.00341434560704862
NTC_1395,-0.5426500000000001,0.9854673173872311,NTC,-0.003450046246226688
PPP1R3G,-0.009183333333334431,0.4197719506402656,PPP1R3G,-0.003461993468083271
NTC_365,-0.027216666666666,0.7384232484555244,NTC,-0.0035842890771859122
TSSK6,-0.015153666666667398,0.5797856067504636,TSSK6,-0.0035873664588866585
NTC_1445,-0.5654166666666667,0.9854673173872311,NTC,-0.0035947915753936042
NTC_1362,-0.13285000000000036,0.937086893511813,NTC,-0.0037490451077462467
NTC_967,-0.1722500000000009,0.946750141926887,NTC,-0.004093455984861074
NTC_165,-0.38865000000000105,0.9757812431103883,NTC,-0.004138164221286567
NTC_432,-0.7346500000000002,0.9854673173872311,NTC,-0.004670738919728069
NTC_913,-0.0822166666666666,0.8697821453661551,NTC,-0.004981467682779955
NTC_1692,-0.03908333333333491,0.7384232484555244,NTC,-0.005147065453766999
NTC_453,-0.18528333333333524,0.937086893511813,NTC,-0.005228720921191236
NTC_1556,-0.04875000000000096,0.7753616803378135,NTC,-0.005386663734715736
NTC_1617,-0.5644499999999999,0.9757812431103883,NTC,-0.006010000758279161
SLC25A29,-0.018616666666667392,0.4667866877037191,SLC25A29,-0.006159911300974053
NTC_810,-0.9816166666666666,0.9854673173872311,NTC,-0.006240897256181491
NTC_1689,-0.03565000000000129,0.6575977578543897,NTC,-0.0064897144578186985
NTC_578,-0.2352166666666653,0.937086893511813,NTC,-0.006637846393880609
NTC_1126,-0.016986666666666927,0.4055108811355096,NTC,-0.006658730659534753
NTC_534,-0.12108333333333388,0.8793510987504163,NTC,-0.006761013561229453
NTC_353,-0.04764999999999997,0.7201720955210006,NTC,-0.006793160792432
NTC_688,-0.04298333333333382,0.6930946767126172,NTC,-0.006843266321784442
NTC_348,-0.12625000000000064,0.8793510987504163,NTC,-0.0070495082899261026
NTC_1562,-0.07131666666666714,0.7846799895210607,NTC,-0.007510174340067772
NTC_105,-0.5066166666666678,0.9660987389253592,NTC,-0.007588350034178314
NTC_38,-1.2213166666666675,0.9854673173872311,NTC,-0.0077648557657558764
NTC_1277,-0.32881666666666653,0.946750141926887,NTC,-0.007814203495435285
NTC_1642,-0.04495000000000182,0.6664037342130539,NTC,-0.00792300288166056
NTC_1224,-0.41671666666666685,0.9564212306583271,NTC,-0.008063797527656543
NTC_1832,-1.279416666666667,0.9854673173872311,NTC,-0.008134242454976865
NTC_780,-0.07771666666666643,0.7846799895210607,NTC,-0.00818414184335959
NTC_67,-0.1306166666666666,0.8602322219313321,NTC,-0.00854027853480458
NTC_1077,-0.16805000000000003,0.8889377062678172,NTC,-0.00859217330342315
NTC_1454,-0.4609966666666683,0.9564212306583271,NTC,-0.008920650596147467
STK25,-0.033336666666666126,0.5372494546866919,STK25,-0.008995033301699568
NTC_823,-0.46781666666666855,0.9564212306583271,NTC,-0.009052622997392006
NTC_1117,-0.854750000000001,0.9757812431103883,NTC,-0.009100979977215201
NTC_672,-0.0836166666666669,0.7753616803378135,NTC,-0.009239279301561843
NTC_200,-0.062416666666666565,0.7111052217399418,NTC,-0.009241794422272713
NTC_496,-0.03925000000000001,0.5723011433007226,NTC,-0.009513233919712129
NTC_1676,-0.11200666666666681,0.8222500397463057,NTC,-0.009520129488089637
NTC_445,-0.0772833333333347,0.7476051588081926,NTC,-0.009763026556541774
NTC_282,-0.1162833333333344,0.8222500397463057,NTC,-0.009883629462294197
PKIG,-0.09724333333333313,0.787976636685661,PKIG,-0.01006338768102728
NTC_107,-0.042316666666666336,0.5723011433007226,NTC,-0.010256518438279788
NTC_1613,-0.686416666666668,0.9660987389253592,NTC,-0.010281481598764146
RNASE4,-0.11420999999999903,0.8124247573707021,RNASE4,-0.010303666509556792
MGAM,-0.020383333333334086,0.31131043218835164,MGAM,-0.010330402270561572
NTC_1751,-0.3684833333333346,0.937086893511813,NTC,-0.010398649891752834
MADD,-0.014249999999999652,0.183889219335304,MADD,-0.010480073165405042
BAG1,-0.01688333333333336,0.2354266701850556,BAG1,-0.010605170271748045
NTC_1984,-0.09235000000000149,0.7660756059076415,NTC,-0.010687514660053639
NTC_450,-0.3269833333333354,0.9274329027309123,NTC,-0.010698077408055694
NTC_1125,-0.4820500000000001,0.946750141926887,NTC,-0.011455735602335388
NTC_529,-0.274116666666667,0.9081583422894611,NTC,-0.011468609133344186
UQCRC1,-0.01735000000000131,0.2172195465873883,UQCRC1,-0.011504804035777
NTC_701,-0.27548333333333286,0.9081583422894611,NTC,-0.01152578831185295
NTC_1008,-0.35808333333333486,0.9274329027309123,NTC,-0.01171559167705164
NTC_1506,-0.4298833333333336,0.937086893511813,NTC,-0.012131366260707408
NTC_1795,-0.2217500000000019,0.8793510987504163,NTC,-0.012382007630028663
NTC_1935,-0.830750000000001,0.9660987389253592,NTC,-0.012443376236260737
ILK,-0.03699000000000119,0.4571565132308594,ILK,-0.012574198917793544
NTC_1278,-0.30088333333333317,0.9081583422894611,NTC,-0.012588484263650647
NTC_1696,-0.5343833333333334,0.946750141926887,NTC,-0.012699417440019347
NTC_12,-0.16025000000000045,0.8317102608346989,NTC,-0.012824477477844815
NTC_597,-0.25558333333333483,0.8889377062678172,NTC,-0.013067636378854977
NTC_703,-0.3199500000000013,0.9081583422894611,NTC,-0.013386203534553958
NTC_538,-3.177316666666668,0.990292007834794,NTC,-0.013461419863239352
NTC_1845,-0.48185000000000056,0.937086893511813,NTC,-0.013597872677211338
NTC_770,-0.15461666666666662,0.8128155909119045,NTC,-0.013916733009103394
NTC_1601,-0.17474999999999863,0.8317102608346989,NTC,-0.0139848826162456
NTC_798,-0.2749499999999996,0.8889377062678172,NTC,-0.0140578283235715
NTC_213,-3.3653166666666667,0.990292007834794,NTC,-0.014257924335342852
NTC_1186,-0.05761666666666709,0.5640684308968058,NTC,-0.01432743311642386
NTC_76,-0.38968333333333316,0.9177895828154303,NTC,-0.014518383623360814
NTC_1831,-0.6210833333333339,0.946750141926887,NTC,-0.014759810089583672
NTC_1364,-0.0818500000000002,0.6575977578543897,NTC,-0.014899947499928262
NTC_818,-0.4599833333333345,0.9274329027309123,NTC,-0.01504950498929242
NTC_599,-0.10888333333333389,0.7201720955210006,NTC,-0.015522811982147083
NTC_269,-0.8052500000000018,0.9564212306583271,NTC,-0.015582225234920873
JAK1,-0.04592000000000063,0.4571565132308594,JAK1,-0.015609819256692858
SIRT3,-0.16451000000000082,0.8001762229968399,SIRT3,-0.015926929985094714
NTC_1441,-3.8809499999999986,0.990292007834794,NTC,-0.01644252144154304
NTC_49,-0.05781666666666663,0.5159059352130565,NTC,-0.01661821419132525
NTC_1068,-0.7024166666666671,0.946750141926887,NTC,-0.016692665939232625
NTC_1677,-0.18578333333333497,0.8128155909119045,NTC,-0.016721981551415
TIE1,-0.038483333333334535,0.3588510824186264,TIE1,-0.017128382873081487
NTC_694,-0.42751666666666743,0.9081583422894611,NTC,-0.01788662326742943
NTC_621,-0.12761666666666738,0.7201720955210006,NTC,-0.018193505487111628
NTC_1511,-0.7993500000000013,0.946750141926887,NTC,-0.018996249878076563
NTC_2133,-0.0739166666666673,0.5477761909438807,NTC,-0.019321583700029434
NTC_434,-1.0169499999999996,0.9564212306583271,NTC,-0.019678787895253323
LCK,-0.053916666666666835,0.4289457348782749,LCK,-0.019819639753409807
NTC_1225,-0.23475000000000001,0.8222500397463057,NTC,-0.019952833736048805
NTC_188,-0.617983333333334,0.9274329027309123,NTC,-0.020218870085799225
RXRA,-0.23087000000000035,0.8124247573707021,RXRA,-0.02082836430313808
BBOX1,-0.03618333333333279,0.26134587178004565,BBOX1,-0.021087080601162024
NTC_85,-0.2666500000000003,0.8317102608346989,NTC,-0.021339450355490258
NTC_1559,-0.4195166666666683,0.8889377062678172,NTC,-0.021449329983186046
NTC_1648,-0.46275000000000066,0.8985405843528181,NTC,-0.021500430411314612
NTC_828,-0.9050166666666666,0.946750141926887,NTC,-0.021507378174546683
MAP3K5,-0.04925000000000157,0.3588510824186264,MAP3K5,-0.021920472667802438
NTC_1704,-0.14915000000000145,0.7111052217399418,NTC,-0.022084063627481828
INPP4B,-0.07842666666666709,0.5165856088187704,INPP4B,-0.022497292958839236
NTC_1465,-0.32131666666666625,0.85070269591985,NTC,-0.022563560303367005
NTC_418,-0.1967833333333333,0.7660756059076415,NTC,-0.02277341375045141
NTC_189,-0.2706833333333334,0.8222500397463057,NTC,-0.023007026816270405
NTC_1698,-0.11235000000000106,0.6228567477361,NTC,-0.023100488679026043
NTC_281,-0.15618333333333378,0.7111052217399418,NTC,-0.023125462091086246
ADC,-0.05441666666666656,0.375662441189733,ADC,-0.023138087668667817
NTC_657,-0.41568333333333296,0.8793510987504163,NTC,-0.023210796865880644
NTC_1827,-0.11418333333333397,0.6228567477361,NTC,-0.023477443693814985
NTC_794,-2.771183333333333,0.9805854527863508,NTC,-0.023595389863634516
NTC_759,-0.46431666666666693,0.8889377062678172,NTC,-0.023739894481807557
NTC_286,-0.3671833333333341,0.8602322219313321,NTC,-0.024008023019048124
SBF2,-0.06089000000000144,0.40177418174434865,SBF2,-0.024113534480775963
NTC_2074,-0.4398833333333334,0.8793510987504163,NTC,-0.024562068949969467
NTC_2016,-0.20351666666666723,0.7568230191999874,NTC,-0.024626670014581704
NTC_893,-0.378983333333335,0.8602322219313321,NTC,-0.024779557688263655
NTC_1169,-1.042716666666668,0.946750141926887,NTC,-0.02477976650032534
NTC_555,-0.6694166666666677,0.9177895828154303,NTC,-0.024940373732188027
NTC_2152,-0.7695500000000006,0.9274329027309123,NTC,-0.025177752595043214
NTC_422,-0.2804166666666683,0.8128155909119045,NTC,-0.025239736216251595
NTC_1686,-0.10765000000000136,0.5805905001493481,NTC,-0.025419402524633483
NTC_518,-0.14658333333333395,0.6664037342130539,NTC,-0.025837156226993733
NTC_1477,-0.9256500000000001,0.937086893511813,NTC,-0.02612196916812423
NTC_8,-0.8272500000000003,0.9274329027309123,NTC,-0.027065552380286517
NTC_115,-0.4288500000000015,0.8602322219313321,NTC,-0.028040054482462357
NTC_1019,-0.4022833333333349,0.85070269591985,NTC,-0.028249217025902388
NTC_1260,-0.5099166666666672,0.8793510987504163,NTC,-0.028472568466044654
NTC_92,-0.47201666666666675,0.8697821453661551,NTC,-0.02859925932374037
NTC_986,-0.8902166666666664,0.9274329027309123,NTC,-0.029125664335413377
NTC_2092,-2.3112166666666667,0.9708817713332363,NTC,-0.029661352422424344
NTC_1680,-0.35348333333333404,0.8222500397463057,NTC,-0.030044703635630804
NTC_1326,-3.5606500000000008,0.9805854527863508,NTC,-0.030317346350698653
NTC_1261,-0.4069166666666666,0.8411949258761567,NTC,-0.030560807140950486
NTC_1418,-0.6821166666666683,0.8985405843528181,NTC,-0.03169271080294882
NTC_354,-0.1190833333333341,0.539718232464586,NTC,-0.031894435769374535
NTC_323,-1.648883333333334,0.9564212306583271,NTC,-0.031907198368341584
NTC_514,-0.4610166666666675,0.85070269591985,NTC,-0.032373600370944375
NTC_18,-0.53505,0.8697821453661551,NTC,-0.03241841820804481
NTC_1489,-0.12225000000000019,0.539718232464586,NTC,-0.032742573319574676
NMNAT3,-0.07608333333333395,0.3671968088018793,NMNAT3,-0.03310394216030775
NTC_1100,-0.1944600000000003,0.675255928951412,NTC,-0.033161573747224664
NTC_219,-0.3312833333333334,0.7940292666160922,NTC,-0.03318249481097668
KCNMB1,-0.04808333333333348,0.19455030698796405,KCNMB1,-0.03418571515935945
SHMT1,-0.048183333333333245,0.19455030698796405,SHMT1,-0.03425681196731636
NTC_1200,-0.405450000000001,0.8222500397463057,NTC,-0.03446166746871568
NTC_1215,-4.054116666666669,0.9805854527863508,NTC,-0.034518994882808844
NTC_1492,-0.2993966666666683,0.7660756059076415,NTC,-0.03464868721354801
NTC_2101,-0.82965,0.9081583422894611,NTC,-0.0347112478901161
NTC_1342,-0.33365000000000133,0.7846799895210607,NTC,-0.035135821480209474
NTC_1035,-2.7753500000000013,0.9708817713332363,NTC,-0.03561787851084585
HCN2,-0.08218333333333483,0.3671968088018793,HCN2,-0.03575805888115645
NTC_739,-0.37808333333333444,0.8034082314239692,NTC,-0.0359420092560636
TNFSF11,-0.15197666666666798,0.5797856067504636,TNFSF11,-0.03597782691978024
NTC_951,-0.2874166666666662,0.7476051588081926,NTC,-0.036308689447392635
NTC_1851,-0.2874833333333333,0.7476051588081926,NTC,-0.03631711129475654
NTC_318,-0.10525333333333453,0.4478768895743862,NTC,-0.0367167145290035
NTC_757,-0.1115166666666676,0.4625388957766985,NTC,-0.03734154995476403
PON1,-0.13310333333333357,0.5165856088187704,PON1,-0.03818171562136205
NTC_66,-0.6887500000000006,0.8793510987504163,NTC,-0.0384582085915769
PCCB,-0.054250000000000576,0.19455030698796405,PCCB,-0.0385700183167126
NTC_1612,-0.24241666666666628,0.6930946767126172,NTC,-0.03859453611878768
NTC_45,-0.7614500000000017,0.8889377062678172,NTC,-0.038931927175790366
CDC42BPG,-0.1453266666666675,0.5372494546866919,CDC42BPG,-0.03921262492625801
ADORA2A,-0.2849166666666667,0.7278111307223496,ADORA2A,-0.039313174010142005
NTC_220,-0.8623166666666675,0.8985405843528181,NTC,-0.04006521768597177
NTC_24,-0.23190333333333335,0.6664037342130539,NTC,-0.040875879383017025
NTC_244,-0.10882666666666818,0.4193596309319826,NTC,-0.04107263994943532
PRKX,-0.07984999999999953,0.30381055745142993,PRKX,-0.0413141615035042
NTC_1475,-0.22011666666666674,0.6488390502101954,NTC,-0.041351781776414354
BEGAIN,-0.18245150000000088,0.590661299479627,BEGAIN,-0.0417196306518302
NTC_182,-0.4691166666666664,0.8128155909119045,NTC,-0.042224241026973496
NTC_1320,-0.7010500000000004,0.8697821453661551,NTC,-0.04247627714185557
NTC_1258,-0.4110833333333348,0.7846799895210607,NTC,-0.043290126220558785
PPP2R3B,-0.2143066666666673,0.6238380374945042,PPP2R3B,-0.04391746838601347
CLK3,-0.10418333333333418,0.375662441189733,CLK3,-0.04429898499750199
NTC_666,-1.5922166666666673,0.937086893511813,NTC,-0.04493257135595551
NTC_736,-0.15648333333333486,0.5159059352130565,NTC,-0.0449779224682486
NTC_720,-0.37685000000000013,0.7568230191999874,NTC,-0.04560098564406728
NTC_663,-0.16671333333333305,0.5317200562013096,NTC,-0.04573229446088397
NTC_489,-0.40603666666666705,0.7660756059076415,NTC,-0.04698996023301837
NTC_145,-0.2127133333333342,0.5973357613133881,NTC,-0.0476013054256383
NTC_1251,-0.36205000000000087,0.7384232484555244,NTC,-0.0476800438602031
NTC_942,-0.37868333333333304,0.7476051588081926,NTC,-0.04783819848850152
NTC_75,-0.5142833333333341,0.8034082314239692,NTC,-0.04888968832331289
NTC_471,-0.23875000000000046,0.6228567477361,NTC,-0.04908982351684403
NTC_1116,-3.9606166666666667,0.9708817713332363,NTC,-0.05082917947695409
NTC_1643,-1.555950000000001,0.9274329027309123,NTC,-0.050906795075378444
PTPN14,-0.11484999999999967,0.3588510824186264,PTPN14,-0.05111809717557406
NTC_583,-4.027783333333334,0.9708817713332363,NTC,-0.05169117316182692
NTC_1083,-0.8553500000000005,0.8697821453661551,NTC,-0.05182523878936761
INPP5E,-0.10948333333333249,0.318931399437403,INPP5E,-0.054336876290840615
NTC_1001,-0.34428333333333416,0.6930946767126172,NTC,-0.05481246700624272
NTC_1608,-0.23241666666666738,0.5805905001493481,NTC,-0.05488056482520677
NTC_415,-4.284116666666668,0.9708817713332363,NTC,-0.05498086618250786
NTC_272,-1.0077500000000006,0.8793510987504163,NTC,-0.05627043151820197
NTC_325,-4.480116666666667,0.9708817713332363,NTC,-0.057496262146305495
NTC_2109,-0.7787500000000005,0.8411949258761567,NTC,-0.0584867382208033
NTC_627,-1.4213166666666677,0.9081583422894611,NTC,-0.059465648342096326
NTC_1406,-0.37441666666666684,0.6930946767126172,NTC,-0.059609917766144174
NTC_571,-1.1670500000000006,0.8889377062678172,NTC,-0.05966971647581071
DGKH,-0.15187666666666733,0.40177418174434865,DGKH,-0.06014588994074418
NTC_602,-0.7610166666666656,0.8317102608346989,NTC,-0.060902596579913634
NTC_2093,-0.358083333333334,0.675255928951412,NTC,-0.06106452157762711
NTC_284,-0.12438000000000038,0.32232910718413077,NTC,-0.06115770505047694
SEC14L2,-0.09378333333333355,0.2172195465873883,SEC14L2,-0.06218783122892646
AK3,-0.14011666666666667,0.3588510824186264,AK3,-0.062363930192287385
CHRNA7,-0.13791666666666647,0.3506256225132205,CHRNA7,-0.06277364665066999
NTC_1079,-0.2092233333333331,0.5003393642122913,NTC,-0.06292084770054937
NTC_1460,-0.3975833333333343,0.6930946767126172,NTC,-0.0632982233835465
NTC_1142,-0.44462666666666717,0.7201720955210006,NTC,-0.06338762726694097
NTC_753,-0.3696166666666665,0.6664037342130539,NTC,-0.06514958654304007
NTC_1273,-0.5909500000000003,0.7753616803378135,NTC,-0.06529741403138879
NTC_81,-0.45321666666666705,0.7111052217399418,NTC,-0.0671060389118458
NTC_862,-1.4582500000000005,0.8985405843528181,NTC,-0.06775365239827012
NTC_1176,-0.9156500000000003,0.8411949258761567,NTC,-0.06876838761075894
NTC_240,-0.624550000000001,0.7753616803378135,NTC,-0.06901006842085441
NTC_1111,-0.29471666666666696,0.5805905001493481,NTC,-0.06959146846928141
NTC_454,-0.3823300000000014,0.6575977578543897,NTC,-0.06959922941536444
NTC_2057,-0.9389166666666666,0.8411949258761567,NTC,-0.07051579235246552
NTC_48,-0.5371500000000013,0.7384232484555244,NTC,-0.07073977505733489
NTC_1554,-0.4798833333333343,0.7111052217399418,NTC,-0.07105446910560727
NTC_1574,-0.5872833333333327,0.7568230191999874,NTC,-0.07106461152271003
GABRE,-0.14668333333333372,0.326603684214692,GABRE,-0.07128500799799968
SLC9A1,-0.10751666666666715,0.2172195465873883,SLC9A1,-0.07129441962996365
NTC_665,-0.8496166666666669,0.8222500397463057,NTC,-0.07221410048722471
NTC_717,-0.3069499999999996,0.5805905001493481,NTC,-0.07248012638119962
SMPD4,-1.0423800000000005,0.8494350722276471,SMPD4,-0.07387327404872146
NTC_2058,-0.16716000000000086,0.35290659676163993,NTC,-0.07561319175136241
ZFY,-0.5512266666666665,0.7278111307223496,ZFY,-0.07605897583748653
PLOD2,-0.10751666666666715,0.19455030698796405,PLOD2,-0.07644091802184684
EPHB1,-0.11538333333333295,0.2172195465873883,EPHB1,-0.07651081492764447
NTC_336,-0.21599666666666728,0.433482653905647,NTC,-0.07841289761252129
EPN1,-0.15945000000000054,0.318931399437403,EPN1,-0.07913546894115968
NTC_266,-0.33822666666666823,0.5805905001493481,NTC,-0.07986548801267966
NTC_1363,-0.7997166666666669,0.7940292666160922,NTC,-0.08010241226116085
DYRK2,-0.2310166666666671,0.4476389497928538,DYRK2,-0.08064148032172334
NTC_652,-0.8505166666666684,0.8034082314239692,NTC,-0.08085328077347056
NTC_945,-0.8087500000000007,0.7940292666160922,NTC,-0.08100722245321954
SLC3A1,-0.23244999999999916,0.4476389497928538,SLC3A1,-0.08114181704401337
NTC_930,-0.24338333333333484,0.4625388957766985,NTC,-0.08149733283357016
NTC_544,-1.2511500000000009,0.8602322219313321,NTC,-0.08180555943974042
NTC_2029,-0.7445166666666667,0.7753616803378135,NTC,-0.0822658651943528
SLC1A6,-0.4541566666666679,0.6577958775588585,SLC1A6,-0.08261511812990957
NTC_1426,-0.2629966666666679,0.4850255031232348,NTC,-0.08264286936609976
NTC_1494,-0.9214166666666674,0.8128155909119045,NTC,-0.08293484794742718
FGFR4,-0.14815000000000023,0.2750195639066131,FGFR4,-0.08305828427736907
NTC_614,-0.6927166666666675,0.7568230191999874,NTC,-0.08382264235656849
MTMR11,-0.2606200000000003,0.47652836730664905,MTMR11,-0.0838965076541311
NCOA5,-0.21756666666666735,0.4107145121996345,NCOA5,-0.08408080344806051
NTC_961,-0.5979166666666682,0.7201720955210006,NTC,-0.08524121840800937
NTC_891,-0.3037166666666673,0.5237823891958175,NTC,-0.08529855481910292
WNK4,-0.3003666666666671,0.5165856088187704,WNK4,-0.08616249016155202
NTC_87,-0.4753466666666677,0.6575977578543897,NTC,-0.08653195329992952
NTC_390,-1.4327500000000013,0.8697821453661551,NTC,-0.08680962281576719
NTC_1735,-0.3522500000000006,0.5640684308968058,NTC,-0.08759337544565131
NTC_1860,-1.3441500000000008,0.8602322219313321,NTC,-0.08788629878186235
MAN2A1,-0.1852500000000008,0.3345366200003661,MAN2A1,-0.08809681111699331
NTC_941,-0.27462000000000053,0.47746484760383845,NTC,-0.0881691118992025
NTC_1753,-0.6732500000000003,0.7384232484555244,NTC,-0.08866341535390602
NTC_907,-0.4455033333333338,0.6314675443561545,NTC,-0.08894427986815291
NTC_2021,-0.299383333333334,0.5003393642122913,NTC,-0.0900351448408377
NTC_1663,-0.41385000000000094,0.6057899174987997,NTC,-0.09008602339403658
PFKP,-0.28024000000000093,0.47652836730664905,PFKP,-0.0902124062044116
NTC_1146,-1.201616666666668,0.8411949258761567,NTC,-0.09024544388454271
PTGDR,-0.23000333333333334,0.40177418174434865,PTGDR,-0.09108545424579749
NTC_596,-1.3948833333333335,0.8602322219313321,NTC,-0.09120346196419549
NTC_904,-0.248120000000001,0.42638704062471033,NTC,-0.09185303238609929
NTC_2059,-0.44931666666666725,0.6228567477361,NTC,-0.09238482039724938
NTC_1709,-0.4180733333333331,0.5973357613133881,NTC,-0.09355707100470709
NTC_334,-0.816650000000001,0.7660756059076415,NTC,-0.09450957062406794
NTC_118,-0.7578166666666677,0.7476051588081926,NTC,-0.09573324444670922
NTC_727,-0.5434500000000009,0.6664037342130539,NTC,-0.09578989802087351
ULK3,-0.3556000000000008,0.5372494546866919,ULK3,-0.09594942032050072
NTC_1636,-0.2929133333333338,0.46996913250602823,NTC,-0.09605526433864937
NTC_824,-0.3269166666666674,0.5080913746088376,NTC,-0.09613251923935634
NTC_1433,-0.4201133333333349,0.5889356605190252,NTC,-0.09659756114119826
NTC_964,-0.7338833333333339,0.7384232484555244,NTC,-0.0966485002668287
SLC2A2,-0.20351666666666723,0.3345366200003661,SLC2A2,-0.09678364017540293
SRPK3,-0.41328833333333304,0.5797856067504636,SRPK3,-0.09783880940910428
NTC_741,-0.6230833333333328,0.6930946767126172,NTC,-0.09919950036444677
NTC_1459,-0.724050000000001,0.7292784965118114,NTC,-0.0992720278252632
NTC_1713,-1.5185500000000003,0.8602322219313321,NTC,-0.09928931965569097
INPP5K,-0.36820333333333277,0.5372494546866919,INPP5K,-0.09935010234367068
TGM2,-0.25224333333333426,0.40177418174434865,TGM2,-0.09989289400359791
RAB8B,-0.3108066666666671,0.47652836730664905,RAB8B,-0.10005215980720966
ERN1,-0.39534,0.5583206102028193,ERN1,-0.10006701386761066
NTC_2139,-1.1774833333333339,0.8222500397463057,NTC,-0.10008148744182552
NTC_1650,-2.9355166666666683,0.9224566198166262,NTC,-0.10290174263313157
NTC_268,-3.3765833333333344,0.9321244530261452,NTC,-0.10307391625986957
NTC_1414,-0.5044166666666667,0.6228567477361,NTC,-0.10371403202354498
NTC_456,-0.7887500000000012,0.7384232484555244,NTC,-0.10387414609787367
PPP1R16B,-0.19455000000000044,0.2891737179535875,PPP1R16B,-0.10483155179825338
NTC_1513,-0.3015933333333347,0.4478768895743862,NTC,-0.10520822451086762
CDC25A,-0.3018700000000001,0.4476389497928538,CDC25A,-0.10537440443569117
KARS,-0.30320666666666707,0.4476389497928538,KARS,-0.10584099751857146
NTC_237,-0.40933666666666735,0.5477761909438807,NTC,-0.10699931454102811
NTC_746,-2.308883333333334,0.8985405843528181,NTC,-0.10727603551848168
GATM,-0.22581666666666766,0.3345366200003661,GATM,-0.1073885464529143
NTC_1629,-0.42117000000000093,0.5558931814677173,NTC,-0.10740199436004673
NTC_250,-1.1478833333333345,0.8034082314239692,NTC,-0.10912206319122167
TOP1MT,-0.22105000000000086,0.318931399437403,TOP1MT,-0.10970771658478115
NTC_2037,-0.4211033333333356,0.5477761909438807,NTC,-0.11007508412213804
NTC_385,-0.6277500000000007,0.6664037342130539,NTC,-0.11064883334732416
NTC_2141,-2.276416666666668,0.8935274321300338,NTC,-0.11129881340283636
RAMP3,-0.47184700000000124,0.5797856067504636,RAMP3,-0.11170155308019288
NTC_1147,-0.7611500000000015,0.7111052217399418,NTC,-0.1127005365743055
CSNK1G2,-0.8173600000000016,0.7278111307223496,CSNK1G2,-0.11278040096728773
NTC_1387,-0.28446333333333307,0.39869021117365955,NTC,-0.1136045361776503
NTC_709,-0.9845166666666669,0.7660756059076415,NTC,-0.11393650577224661
PTPRS,-1.1838733333333336,0.8001762229968399,PTPRS,-0.11461593636387213
FPGS,-0.21418333333333361,0.2891737179535875,FPGS,-0.1154108003220554
NTC_773,-0.26591666666666747,0.3656351970843993,NTC,-0.11619282053085346
NTC_204,-0.3717166666666669,0.4850255031232348,NTC,-0.11680654478967512
NTC_1980,-0.6040833333333335,0.6401286420752945,NTC,-0.11703071946920776
NTC_1232,-0.9814500000000006,0.7568230191999874,NTC,-0.11876101196860778
NTC_470,-3.8971166666666672,0.9321244530261452,NTC,-0.11896376819416334
NTC_1384,-0.43791666666666806,0.5317200562013096,NTC,-0.12012796786497103
NTC_413,-3.0452833333333356,0.9128002300515562,NTC,-0.12066709594039997
NTC_1592,-3.44505,0.9224566198166262,NTC,-0.12076294864331767
NTC_1693,-1.6101833333333353,0.8411949258761567,NTC,-0.12093017156233346
NTC_1307,-0.3867866666666675,0.4850255031232348,NTC,-0.12154207264686152
GSK3A,-0.5576440000000007,0.6016299285319466,GSK3A,-0.12305561798443826
NTC_1198,-3.525649999999999,0.9224566198166262,NTC,-0.1235883049257087
NTC_829,-1.068616666666668,0.7660756059076415,NTC,-0.12366926140744433
NTC_1708,-0.8447500000000003,0.7111052217399418,NTC,-0.12507886523174724
NTC_1840,-0.6277833333333342,0.6314675443561545,NTC,-0.12533629339824306
PGD,-0.21935000000000038,0.26812283349068844,PGD,-0.1253949808999972
CD3E,-0.2896833333333344,0.3663791137633292,CD3E,-0.12632200612827632
NTC_130,-2.5939499999999995,0.8935274321300338,NTC,-0.12682368797142607
CHRNB2,-0.5691620000000004,0.590661299479627,CHRNB2,-0.13014542725632228
NTC_1737,-3.2852500000000013,0.9128002300515562,NTC,-0.13017559732423328
NTC_311,-2.2343166666666683,0.8743173012409875,NTC,-0.13032976368098734
NTC_1039,-0.41568000000000005,0.4850255031232348,NTC,-0.13062138153119884
NTC_25,-0.5552900000000003,0.5805905001493481,NTC,-0.13112066909339112
NTC_826,-4.318783333333334,0.9321244530261452,NTC,-0.13183560649903117
NTC_1130,-1.7556166666666684,0.8411949258761567,NTC,-0.1318527029205941
PTGR1,-0.30335,0.3671968088018793,PTGR1,-0.1319879192244812
NTC_1538,-0.43051333333333286,0.49265053722306695,NTC,-0.13236607689346727
NTC_104,-0.34901666666666653,0.41240079546865027,NTC,-0.13425990782719732
NTC_863,-1.6815500000000014,0.8317102608346989,NTC,-0.13457098348124746
MAP3K2,-0.2958166666666662,0.3506256225132205,MAP3K2,-0.13464283436891136
NTC_693,-3.3993166666666674,0.9128002300515562,NTC,-0.13469540448293277
TNNC2,-0.8870966666666673,0.7041840326995468,TNNC2,-0.13511708798551367
NTC_611,-0.30325333333333315,0.35290659676163993,NTC,-0.13717368056097765
NTC_870,-0.603416666666666,0.5889356605190252,NTC,-0.1387448903120216
NTC_1924,-0.8429166666666683,0.6841532725565742,NTC,-0.13895193925693214
NTC_983,-0.4254133333333341,0.46996913250602823,NTC,-0.13950607751958247
MGST1,-0.19125000000000103,0.183889219335304,MGST1,-0.14065361353570344
NTC_2140,-0.9904166666666665,0.7201720955210006,NTC,-0.14119747467305763
NTC_1247,-0.41166000000000036,0.4478768895743862,NTC,-0.14360402872127015
CKS2,-0.3033500000000009,0.3345366200003661,CKS2,-0.1442600143176242
NTC_2043,-0.6317833333333329,0.5889356605190252,NTC,-0.1452672989105871
ERBB2,-0.6376250000000008,0.590661299479627,ERBB2,-0.14580027839931783
NTC_979,-1.260016666666667,0.7660756059076415,NTC,-0.14581967078410077
NTC_1428,-1.8255499999999998,0.8317102608346989,NTC,-0.14609500692467728
NTC_902,-0.7112166666666679,0.6228567477361,NTC,-0.14623455769174765
NTC_1786,-0.8958500000000003,0.6841532725565742,NTC,-0.1476778188235165
NTC_894,-2.762683333333335,0.8839138347758245,NTC,-0.1480523893262414
NTC_1968,-0.5041133333333345,0.5080913746088376,NTC,-0.14823864812281232
PPM1G,-0.23238333333333383,0.22924132975593214,PPM1G,-0.14865726384042127
NTC_499,-0.40232000000000134,0.42638704062471033,NTC,-0.14893725612435693
NTC_1899,-0.49565000000000037,0.5003393642122913,NTC,-0.14905946514622662
SAR1B,-0.3693833333333334,0.39295165337777704,SAR1B,-0.14984436789314315
NTC_764,-0.6400500000000005,0.5805905001493481,NTC,-0.15113505421171822
S100A7,-0.7405900000000019,0.6238380374945042,S100A7,-0.15176773741055358
NTC_556,-0.44711666666666794,0.4551746514385373,NTC,-0.15283428269063867
PTPN2,-0.386283333333334,0.40177418174434865,PTPN2,-0.1529751433352308
JAKMIP1,-0.3559166666666673,0.3671968088018793,JAKMIP1,-0.15485973380796664
NTC_678,-3.183950000000001,0.8935274321300338,NTC,-0.1556700326978632
NTC_1023,-3.184616666666667,0.8935274321300338,NTC,-0.15570262743766702
MTR,-0.39388666666666605,0.40177418174434865,MTR,-0.15598620000302735
NTC_786,-3.1950166666666675,0.8935274321300338,NTC,-0.15621110537860766
NTC_1334,-1.236816666666667,0.7476051588081926,NTC,-0.156244217755962
NTC_54,-1.5758166666666682,0.7940292666160922,NTC,-0.15783929676928293
NTC_589,-0.6380500000000007,0.5640684308968058,NTC,-0.158662748624834
PKIB,-0.3653166666666676,0.3671968088018793,PKIB,-0.15894968416468383
NTC_850,-0.7317833333333343,0.6057899174987997,NTC,-0.15929310253964643
CAMK1D,-0.5601833333333337,0.5165856088187704,CAMK1D,-0.16069290072244602
NTC_733,-0.7239833333333348,0.5973357613133881,NTC,-0.1620140648121335
NTC_1672,-0.5165533333333334,0.4850255031232348,NTC,-0.1623193563186727
NTC_457,-0.7487500000000002,0.6057899174987997,NTC,-0.16298637191321677
TUBB,-0.24698333333333444,0.2172195465873883,TUBB,-0.1637749193142817
PLCL1,-0.4738966666666675,0.4476389497928538,PLCL1,-0.1654241197007299
OPLAH,-0.6137700000000006,0.5372494546866919,OPLAH,-0.16560988669885726
NTC_1385,-4.198816666666666,0.9128002300515562,NTC,-0.16637499966160235
NTC_1080,-2.640550000000001,0.8647392193333072,NTC,-0.16665790029569783
GCH1,-0.5848233333333344,0.5165856088187704,GCH1,-0.1677610743688139
NTC_1114,-3.4480166666666676,0.8935274321300338,NTC,-0.1685808091341815
NTC_1637,-1.6862166666666667,0.7940292666160922,NTC,-0.1688973460537779
NTC_612,-0.3567166666666681,0.3343463740341851,NTC,-0.16972699653541912
SERPINA1,-0.23915000000000042,0.19455030698796405,SERPINA1,-0.17002801622934077
FGFR2,-0.5145166666666681,0.4667866877037191,FGFR2,-0.1702440660450878
NTC_1085,-2.0036166666666677,0.8222500397463057,NTC,-0.17029959625463828
NTC_1329,-0.9066500000000008,0.6488390502101954,NTC,-0.17032600718218868
HIBADH,-0.8504966666666665,0.6294445107733326,HIBADH,-0.17098601818692474
CTSF,-0.2648500000000009,0.2172195465873883,CTSF,-0.1756223255835919
NTC_517,-3.982216666666666,0.9031566979715817,NTC,-0.176160892266322
NTC_259,-0.9423166666666676,0.6488390502101954,NTC,-0.177026454899424
NTC_461,-0.589083333333333,0.5003393642122913,NTC,-0.17715816925899905
NTC_1700,-0.6515499999999994,0.5317200562013096,NTC,-0.17873121399601496
PRKAA2,-0.5632366666666675,0.47652836730664905,PRKAA2,-0.18131221439677425
NTC_1990,-3.7265499999999996,0.8935274321300338,NTC,-0.18219889142424403
KLK1,-0.27608333333333324,0.2172195465873883,KLK1,-0.183071161241721
NTC_1304,-3.150283333333334,0.8743173012409875,NTC,-0.18375894898282974
SCN1A,-0.3168500000000005,0.26134587178004565,SCN1A,-0.1846552230809295
MAP3K14,-1.0660033333333327,0.6692785349261146,MAP3K14,-0.18590362958597875
NTC_193,-1.0932833333333347,0.675255928951412,NTC,-0.1864393494031931
NTC_524,-3.197750000000001,0.8743173012409875,NTC,-0.18652772367877296
NTC_1543,-1.0592300000000012,0.6664037342130539,NTC,-0.18670261050814205
NTC_30,-1.0257833333333348,0.6575977578543897,NTC,-0.18673326588843084
NTC_1052,-4.730116666666667,0.9128002300515562,NTC,-0.18742736854018552
TSSK2,-0.3486833333333328,0.2891737179535875,TSSK2,-0.1878849391905466
NTC_1781,-2.7779500000000006,0.8551809687344771,NTC,-0.18873940255025745
MAP3K7,-0.26715,0.19455030698796405,MAP3K7,-0.18993512245732094
NTC_1461,-3.01445,0.8647392193333072,NTC,-0.19025654032166256
PTPRJ,-0.3274500000000007,0.26134587178004565,PTPRJ,-0.190832737250593
NTC_1954,-2.058250000000001,0.8077348308775438,NTC,-0.19086397019165918
NTC_2050,-1.167883333333334,0.6841532725565742,NTC,-0.19252158654574378
KCND2,-0.813359000000001,0.5797856067504636,KCND2,-0.19254856661534878
KCNMB4,-0.7141466666666663,0.5372494546866919,KCNMB4,-0.19269392207672756
TEC,-0.8172593333333342,0.5797856067504636,TEC,-0.19347190255022545
NTC_122,-4.916116666666667,0.9128002300515562,NTC,-0.1947974807393507
NTC_1174,-0.5940833333333329,0.46996913250602823,NTC,-0.194818142872246
UAP1,-0.6605533333333335,0.5064103445122262,UAP1,-0.19519181337424027
NTC_1930,-0.7200166666666679,0.5317200562013096,NTC,-0.19751278172158346
AVPR2,-0.5408133333333343,0.4289457348782749,AVPR2,-0.19880170832471197
NTC_1991,-0.3917246666666667,0.3105972313249675,NTC,-0.1989187336706101
GPD1,-0.7178833333333348,0.5268658177508283,GPD1,-0.1997869150660373
NTC_1859,-1.1787599999999996,0.675255928951412,NTC,-0.20101582160998904
NTC_1879,-0.734116666666667,0.5317200562013096,NTC,-0.20138065082962375
NTC_1892,-0.7177600000000011,0.5237823891958175,NTC,-0.2015822555242033
NTC_1655,-1.0132166666666667,0.6314675443561545,NTC,-0.20228765987626782
NTC_955,-2.7933166666666676,0.8456439204042223,NTC,-0.20338828337128584
ADRB3,-0.4099833333333338,0.318931399437403,ADRB3,-0.20347584409779268
PPP2R5A,-0.8906236666666674,0.590661299479627,PPP2R5A,-0.20365132883594775
NTC_374,-1.0914166666666665,0.6488390502101954,NTC,-0.2050368311977355
GLA,-0.3593166666666665,0.26812283349068844,GLA,-0.20540919331532817
DAPK1,-0.7637400000000012,0.5372494546866919,DAPK1,-0.20607539447575693
SERPINB6,-0.6236366666666671,0.4667866877037191,SERPINB6,-0.20634985948263065
NTC_1575,-0.8116833333333338,0.5558931814677173,NTC,-0.20698627344970072
NTC_221,-0.7932166666666678,0.5477761909438807,NTC,-0.20734433664836402
NTC_94,-1.1390200000000004,0.6575977578543897,NTC,-0.20734683202649057
NTC_642,-1.2246166666666678,0.675255928951412,NTC,-0.20883583206699108
QPCT,-0.3959833333333336,0.29428867223531785,QPCT,-0.21035682218772306
NTC_1502,-0.5608466666666683,0.4193596309319826,NTC,-0.21167103534832804
HS3ST3A1,-0.409250000000001,0.2964316980441112,HS3ST3A1,-0.21611484035059822
ACCS,-0.7534333333333354,0.5165856088187704,ACCS,-0.21612815060720925
GSR,-0.6191766666666672,0.4476389497928538,GSR,-0.2161373190130735
PLOD3,-0.7558566666666655,0.5165856088187704,PLOD3,-0.21682330242551318
NTC_1378,-0.5896133333333342,0.42638704062471033,NTC,-0.21827249960479803
NTC_528,-1.8865499999999997,0.7660756059076415,NTC,-0.21832735010204507
RIPK2,-0.6794233333333342,0.47652836730664905,RIPK2,-0.21871400846211062
NTC_185,-1.382253333333333,0.6930946767126172,NTC,-0.22006501010098894
NTC_2053,-0.5721913333333335,0.41240079546865027,NTC,-0.2201108514574887
NTC_1531,-0.7487500000000002,0.5080913746088376,NTC,-0.2201760605061471
CLPP,-0.9438100000000009,0.5797856067504636,CLPP,-0.2234305671385357
AKAP1,-0.8005433333333345,0.5165856088187704,AKAP1,-0.22964201669813356
NTC_883,-4.707116666666668,0.8935274321300338,NTC,-0.2301408644647864
NTC_1344,-0.7982833333333348,0.5080913746088376,NTC,-0.23474174223846284
CACNA1D,-0.8534600000000001,0.5268658177508283,CACNA1D,-0.2375178982642396
NTC_1944,-3.0635166666666667,0.8361294359908146,NTC,-0.23811638815947286
NTC_1527,-1.7469500000000018,0.7292784965118114,NTC,-0.23951836062335957
NTC_1996,-1.1350500000000006,0.6142972223543169,NTC,-0.24020092501749227
NTC_121,-2.909116666666666,0.8266388672484026,NTC,-0.24053792243210997
NTC_1317,-0.6774266666666673,0.44064607632579555,NTC,-0.2411029876914433
NTC_980,-0.7701833333333337,0.4850255031232348,NTC,-0.2420188872024246
NTC_1063,-3.8373166666666663,0.8647392193333072,NTC,-0.24219164130062015
CD1A,-0.4170500000000015,0.26134587178004565,CD1A,-0.24305021551491807
NTC_1219,-1.4393166666666675,0.675255928951412,NTC,-0.2454489652744842
NTC_300,-3.399216666666666,0.8456439204042223,NTC,-0.24750535837578888
FADS1,-0.5046499999999998,0.318931399437403,FADS1,-0.25045916839859567
NTC_1721,-0.5319500000000001,0.3343463740341851,NTC,-0.2531036092333295
CHRNE,-0.9385500000000011,0.5372494546866919,CHRNE,-0.2532433308262257
NTC_573,-0.4639866666666679,0.28251515348380474,NTC,-0.25470930977729805
NTC_847,-0.4751600000000007,0.28798922364898494,NTC,-0.2568827871919127
CDKL4,-0.5425833333333339,0.3345366200003661,CDKL4,-0.25802894160267276
NTC_89,-3.8025166666666674,0.8551809687344771,NTC,-0.25835048285752554
CBR1,-0.39048333333333396,0.2172195465873883,CBR1,-0.25892992675715604
NTC_2055,-2.5244833333333343,0.7889424057697929,NTC,-0.2599074240370965
CHKA,-0.7557233333333331,0.4476389497928538,CHKA,-0.2638019550407635
NTC_531,-3.902850000000001,0.8551809687344771,NTC,-0.26516732743327714
MAPKAPK2,-0.9952966666666674,0.5372494546866919,MAPKAPK2,-0.268554944357686
NTC_1309,-0.606670000000002,0.35923546989226773,NTC,-0.2697380939905668
NTC_304,-2.781783333333335,0.7983240121464086,NTC,-0.27211629261816284
NTC_1522,-2.210883333333335,0.7517337785236873,NTC,-0.27400789233863954
NTC_2119,-1.02625,0.539718232464586,NTC,-0.27486352449254364
NTC_1611,-1.2629833333333336,0.6057899174987997,NTC,-0.27492363443988094
NTC_476,-2.127316666666669,0.7425173687958465,NTC,-0.275047968492651
NTC_1157,-1.6852166666666673,0.6841532725565742,NTC,-0.27780222311589037
NTC_1097,-1.121336666666667,0.5640684308968058,NTC,-0.2788407768468654
NTC_851,-0.892383333333334,0.4850255031232348,NTC,-0.28041845615717953
SCNN1G,-0.8165399999999989,0.4476389497928538,SCNN1G,-0.28503135852492506
NTC_2063,-0.7304800000000009,0.4055108811355096,NTC,-0.28634632489267337
NTC_1135,-1.6888833333333348,0.675255928951412,NTC,-0.2880079667221635
MARK3,-0.41231666666666733,0.20004788203161716,MARK3,-0.28815411699518606
STK31,-0.9207200000000011,0.4863803772020814,STK31,-0.2882074156613802
PIK3R1,-1.0786666666666678,0.5372494546866919,PIK3R1,-0.29105017262574046
NDUFV1,-0.4932166666666671,0.25468826524621424,NDUFV1,-0.29296629295123855
NTC_859,-1.9072166666666668,0.7020790346886914,NTC,-0.29297517257788885
NTC_1373,-1.4708833333333349,0.6314675443561545,NTC,-0.2936603366680421
NTC_1769,-3.1840833333333336,0.8077348308775438,NTC,-0.2952638340440141
TBXA2R,-1.1666550000000004,0.5583206102028193,TBXA2R,-0.29529944367814376
HTR6,-1.0024866666666679,0.5064103445122262,HTR6,-0.296232235121309
NTC_464,-4.728116666666665,0.8647392193333072,NTC,-0.29841434398885075
COL2A1,-0.6870833333333346,0.3671968088018793,COL2A1,-0.2989507153469176
NTC_1228,-2.6778166666666667,0.7702719920983566,NTC,-0.3035463002282081
NTC_212,-1.1675133333333338,0.5477761909438807,NTC,-0.30518430562660903
SPHKAP,-1.0330033333333342,0.5064103445122262,SPHKAP,-0.30524983173950354
NTC_1579,-1.4849166666666678,0.6228567477361,NTC,-0.30531642766025924
NTC_1220,-0.7508299999999997,0.39193908525828014,NTC,-0.30542369756234355
NTC_310,-1.888250000000001,0.6880326689474217,NTC,-0.306634692913923
NTC_1687,-1.8188833333333339,0.675255928951412,NTC,-0.31017707392744565
PIK3R4,-1.2711200000000007,0.5690047613114231,PIK3R4,-0.31127707656331705
NTC_923,-4.279116666666667,0.8456439204042223,NTC,-0.31157304990320656
ALPI,-1.1561500000000011,0.5372494546866919,ALPI,-0.31195703684911913
NTC_2025,-1.0192166666666678,0.49265053722306695,NTC,-0.31336941559170534
NTC_1730,-1.4402833333333342,0.6057899174987997,NTC,-0.3135179365970942
F5,-1.3257866666666676,0.5797856067504636,F5,-0.3138568852184677
PFKL,-0.9305566666666669,0.4571565132308594,PFKL,-0.31632886269113797
NTC_1194,-3.659783333333335,0.8171735554615721,NTC,-0.32091064882162107
ILKAP,-1.1548933333333347,0.5268658177508283,ILKAP,-0.3214067879604381
TAAR1,-0.562283333333335,0.26812283349068844,TAAR1,-0.3214383763105548
NTC_1645,-1.0234166666666678,0.4850255031232348,NTC,-0.3215937713675292
NT5C,-0.8751133333333341,0.4289457348782749,NT5C,-0.32168960142328773
NTC_1812,-0.9845500000000005,0.46996913250602823,NTC,-0.3228641367342461
NTC_82,-2.85065,0.7702719920983566,NTC,-0.32313797711277525
SNX3,-0.8380166666666664,0.4107145121996345,SNX3,-0.3238598803563595
NTC_735,-1.322983333333334,0.5640684308968058,NTC,-0.3289838916252826
NTC_1995,-1.2125233333333343,0.5317200562013096,NTC,-0.3326157123247053
EGLN3,-0.5945499999999999,0.2750195639066131,EGLN3,-0.3333263781107641
ASNA1,-1.251780000000001,0.5372494546866919,ASNA1,-0.33776030756129416
NTC_1137,-3.874083333333335,0.8171735554615721,NTC,-0.3397016934761243
NTC_1086,-4.387783333333335,0.8361294359908146,NTC,-0.3410469839214191
ENPP3,-0.523950000000001,0.22317252373914098,ENPP3,-0.34127969231404187
NTC_1915,-1.088683333333334,0.4850255031232348,NTC,-0.3421028701164134
NTC_722,-3.68985,0.8077348308775438,NTC,-0.34216417850683506
NTC_1760,-3.711450000000001,0.8077348308775438,NTC,-0.344167172193773
CNR2,-0.7811833333333338,0.3588510824186264,CNR2,-0.34769356156092585
NTC_1888,-0.9646166666666671,0.433482653905647,NTC,-0.35018312590625505
NTC_1844,-3.4335500000000003,0.7889424057697929,NTC,-0.35350010991129766
NTC_1388,-1.394116666666668,0.5558931814677173,NTC,-0.3555118132121953
NTC_2027,-4.0546500000000005,0.8171735554615721,NTC,-0.355534807318626
NTC_21,-3.908716666666667,0.8077348308775438,NTC,-0.36245994478528254
NTC_1090,-0.8521300000000007,0.3656351970843993,NTC,-0.3723399115974526
ADRA1D,-0.6515833333333338,0.26812283349068844,ADRA1D,-0.372488167942055
PIP5KL1,-0.6519500000000003,0.26812283349068844,PIP5KL1,-0.3726977788819379
NTC_292,-2.2219166666666688,0.6790983847180388,NTC,-0.37343154061569084
NTC_132,-1.25195,0.5003393642122913,NTC,-0.376505593442587
NTC_2077,-3.851583333333334,0.7983240121464086,NTC,-0.3767649927360405
NTC_339,-1.202586666666667,0.4850255031232348,NTC,-0.3778953324937435
NTC_1452,-4.095883333333333,0.8077348308775438,NTC,-0.3798161323657702
CSK,-0.7342500000000012,0.30381055745142993,CSK,-0.37989884889102293
NTC_1576,-1.9642166666666672,0.6401286420752945,NTC,-0.38053307715835405
NTC_707,-2.4591833333333337,0.6970107083889447,NTC,-0.38550293102745037
NTC_622,-1.676846666666668,0.5889356605190252,NTC,-0.3855609559509673
NTC_163,-0.8989166666666666,0.37210561738248615,NTC,-0.3859352847694016
TAOK3,-1.4314366666666674,0.5372494546866919,TAOK3,-0.38623599097912326
NTC_446,-4.169550000000001,0.8077348308775438,NTC,-0.38664732997091333
NTC_686,-4.6897833333333345,0.8266388672484026,NTC,-0.3877708833689732
NTC_569,-1.6166166666666673,0.5723011433007226,NTC,-0.39182808938866986
ADAMTS5,-1.3074900000000005,0.49634147371726,ADAMTS5,-0.3977638679486619
NTC_948,-0.9125500000000004,0.3656351970843993,NTC,-0.39874055170954575
NTC_1891,-1.1696600000000013,0.4551746514385373,NTC,-0.3998154406201188
NTC_620,-3.8893833333333347,0.7889424057697929,NTC,-0.4004302939582947
NTC_1685,-4.584050000000001,0.8171735554615721,NTC,-0.4019556147852337
NTC_610,-4.124750000000001,0.7983240121464086,NTC,-0.4034863767164109
CACNG1,-0.7801166666666672,0.30381055745142993,CACNG1,-0.40363013097360334
NTC_2002,-0.7978579999999997,0.3105972313249675,NTC,-0.4051542231421872
NTC_1051,-1.2385600000000005,0.46996913250602823,NTC,-0.40616180508208605
NTC_164,-3.2815833333333337,0.7517337785236873,NTC,-0.4067060975780148
NTC_1088,-3.5933833333333354,0.7702719920983566,NTC,-0.4073311775644486
NTC_9,-1.68675,0.5723011433007226,NTC,-0.40882668316113197
NTC_1952,-2.37645,0.6702089585918445,NTC,-0.4130027020219843
PKLR,-1.4024100000000015,0.5064103445122262,PKLR,-0.41440855292154327
NTC_781,-1.5317500000000006,0.5317200562013096,NTC,-0.4201850004426311
TCN1,-0.8402166666666684,0.3151050991098706,TCN1,-0.42140610587158567
DGKB,-0.8553499999999996,0.318931399437403,DGKB,-0.4245125328242124
NTC_726,-1.095650000000001,0.4055108811355096,NTC,-0.4294920475148634
NTC_519,-1.5324833333333334,0.5237823891958175,NTC,-0.43039657669218456
PFKM,-0.627416666666667,0.20565803834415308,PFKM,-0.4309438422941721
NTC_1762,-2.5737500000000004,0.6790983847180388,NTC,-0.4325632198895699
TRAPPC2,-1.60764,0.5372494546866919,TRAPPC2,-0.43377988212612323
NTC_449,-3.8437833333333344,0.7702719920983566,NTC,-0.43571549323597564
NTC_226,-0.8341633333333336,0.2935343815750411,NTC,-0.444059361951133
NTC_755,-3.6247833333333332,0.7517337785236873,NTC,-0.4492409103529785
HIPK2,-1.1524533333333347,0.40177418174434865,HIPK2,-0.456392235027392
RPS6KA6,-0.6024833333333346,0.1736670532656972,RPS6KA6,-0.4580575738189865
GPX3,-1.0791833333333347,0.375662441189733,GPX3,-0.4588711530272327
PRKACG,-2.092600000000001,0.6016299285319466,PRKACG,-0.4617752297061123
NTC_772,-0.9272833333333335,0.3164274890208848,NTC,-0.46338740098614306
NTC_2153,-1.1196166666666674,0.3852577796052985,NTC,-0.46379961734010333
NTC_2085,-2.530516666666669,0.6525689979024777,NTC,-0.46909088926367365
NTC_2135,-3.112450000000001,0.7060313817639303,NTC,-0.47052772547645716
NTC_1451,-3.5341500000000003,0.7333377255965178,NTC,-0.47603577198927
NTC_2128,-1.2185466666666667,0.4055108811355096,NTC,-0.47766723210795237
NTC_2168,-2.4983166666666676,0.6438205736704035,NTC,-0.4777659607223909
SEC14L4,-1.2812166666666673,0.4197719506402656,SEC14L4,-0.48300149523036956
NTC_1634,-0.7734500000000013,0.2364223475120989,NTC,-0.4844206101334846
NTC_922,-3.6071833333333334,0.7333377255965178,NTC,-0.4858730678636055
NTC_1361,-2.909483333333334,0.6790983847180388,NTC,-0.4889890155926977
STK24,-1.48055,0.4667866877037191,STK24,-0.4898866612349209
NTC_137,-3.505116666666666,0.7241960557369067,NTC,-0.49122052633217894
ALDH1B1,-1.2549333333333337,0.3981104548886796,ALDH1B1,-0.5019688370812968
CHRM1,-0.6875500000000008,0.183889219335304,CHRM1,-0.5056543371841699
NTC_35,-3.645616666666667,0.7241960557369067,NTC,-0.5109107365343134
NTC_1,-2.7864833333333348,0.6525689979024777,NTC,-0.5165403421244956
NTC_1168,-3.718016666666667,0.7241960557369067,NTC,-0.521057150901819
NTC_815,-1.4730833333333333,0.44064607632579555,NTC,-0.5242852256359408
NTC_1204,-4.080583333333333,0.7425173687958465,NTC,-0.5275924236784849
NTC_1435,-1.252346666666667,0.3786465470907311,NTC,-0.528197243197321
NTC_273,-2.762483333333334,0.6438205736704035,NTC,-0.5282839126596945
PLEKHA1,-1.4254666666666669,0.4197719506402656,PLEKHA1,-0.5373818100511627
NTC_668,-1.2150765000000003,0.35923546989226773,NTC,-0.5402482719810242
NTC_1177,-1.3049500000000007,0.3852577796052985,NTC,-0.5405736880015194
NTC_561,-4.55735,0.7609857322280642,NTC,-0.5406087428699149
ULK2,-0.7120166666666661,0.1736670532656972,ULK2,-0.5413338573991221
NTC_685,-4.195450000000001,0.7425173687958465,NTC,-0.5424439236028917
PPFIA2,-1.01215,0.2891737179535875,PPFIA2,-0.5453881015296937
MPRIP,-1.4137433333333336,0.4107145121996345,MPRIP,-0.5463551800337316
LARS2,-2.1681833333333334,0.5583206102028193,LARS2,-0.548802629848204
MCFD2,-0.7473833333333344,0.183889219335304,MCFD2,-0.5496583870833572
NTC_1934,-4.639516666666665,0.7609857322280642,NTC,-0.5503556392839445
NTC_995,-4.11045,0.7333377255965178,NTC,-0.5536610610679498
NTC_2004,-4.112116666666667,0.7333377255965178,NTC,-0.5538855543558169
PPIA,-1.2777166666666675,0.3671968088018793,PPIA,-0.5559359294273066
NTC_1026,-2.9995499999999993,0.6525689979024777,NTC,-0.5560372691574912
NTC_1644,-1.4752833333333344,0.4193596309319826,NTC,-0.5567916672390527
NTC_1747,-2.7125500000000002,0.6178737696349987,NTC,-0.5671948596358636
NTC_1799,-2.0497500000000013,0.5269242595267852,NTC,-0.5703466395605872
NTC_840,-3.3986833333333326,0.6790983847180388,NTC,-0.5712075399909403
CLK1,-1.7820233333333348,0.47652836730664905,CLK1,-0.5736533428932552
NTC_1041,-3.9477166666666683,0.7150935498165476,NTC,-0.5749341621072134
NTC_653,-2.3530500000000014,0.5674095007280882,NTC,-0.579093597450962
NTC_1586,-0.9404966666666663,0.2412640320891033,NTC,-0.5807636686199846
NTC_178,-1.018016666666667,0.2665182279634343,NTC,-0.5846195696591417
MAPKAPK5,-0.8847833333333339,0.2172195465873883,MAPKAPK5,-0.5867007990847722
PTPRM,-1.730713333333334,0.4571565132308594,PTPRM,-0.5883301898623997
NTC_1181,-3.391583333333335,0.6702089585918445,NTC,-0.5894224918678682
NTC_135,-1.4232166666666668,0.3852577796052985,NTC,-0.5895654870494875
NTC_486,-3.0888500000000008,0.6438205736704035,NTC,-0.5906966908828039
TTBK1,-1.2078833333333332,0.318931399437403,TTBK1,-0.5994757855725562
NTC_1112,-4.281983333333335,0.7241960557369067,NTC,-0.6000936079385715
NTC_358,-0.8497700000000012,0.19591883783179986,NTC,-0.6015724109769457
NTC_246,-2.722150000000001,0.600834417656914,NTC,-0.6022626145322224
NTC_64,-3.0678833333333344,0.6351212274747993,NTC,-0.6048128643717819
NTC_832,-1.3402833333333337,0.34046194389286044,NTC,-0.6271606908017224
NTC_1103,-3.862783333333333,0.6880326689474217,NTC,-0.6272810174551493
DPP6,-1.039883333333334,0.2481495484363142,DPP6,-0.6294273544329175
NTC_1241,-3.6219833333333327,0.6702089585918445,NTC,-0.6294636551769487
NTC_1585,-2.1439500000000002,0.5080913746088376,NTC,-0.6304460299461154
NTC_1243,-3.636116666666666,0.6702089585918445,NTC,-0.6319198839447512
MKNK1,-1.1064500000000006,0.26812283349068844,MKNK1,-0.6325200666368896
NTC_1381,-1.7822833333333339,0.44064607632579555,NTC,-0.6343326262808239
NTC_1073,-3.2261500000000005,0.6351212274747993,NTC,-0.6360140886690685
NTC_417,-3.358616666666668,0.6438205736704035,NTC,-0.6422855596561289
NTC_791,-2.989416666666667,0.6093276064637467,NTC,-0.643170440161704
NTC_1610,-1.4282166666666667,0.35290659676163993,NTC,-0.6460398461304007
NTC_2054,-3.096216666666667,0.6178737696349987,NTC,-0.6474196522284276
NRK,-0.88605,0.183889219335304,NRK,-0.6516399177689378
NTC_921,-3.0392166666666665,0.6093276064637467,NTC,-0.653884867587362
NTC_1187,-1.335650000000002,0.32232910718413077,NTC,-0.6567397391113475
NTC_679,-4.053316666666667,0.6880326689474217,NTC,-0.6582219046027903
NTC_992,-1.277960000000001,0.3048383204950984,NTC,-0.6593384648233392
NTC_1081,-3.448050000000002,0.6438205736704035,NTC,-0.6593883565075846
NTC_1744,-2.756449999999999,0.5756817996381141,NTC,-0.6610449497632063
NTC_1430,-2.6214166666666685,0.5591945617726568,NTC,-0.6617427184718936
MSRA,-0.8713833333333332,0.1736670532656972,MSRA,-0.6624975554504416
NTC_880,-4.243883333333335,0.6970107083889447,NTC,-0.6652734839907068
NTC_1321,-3.482850000000001,0.6438205736704035,NTC,-0.6660433397028582
PRKAG2,-0.7745833333333341,0.13646520318602218,PRKAG2,-0.6699975996880426
NTC_2018,-4.133050000000001,0.6880326689474217,NTC,-0.6711698755715022
MAPK8,-1.0542500000000006,0.22924132975593214,MAPK8,-0.6744111901474455
NTC_1107,-4.15845,0.6880326689474217,NTC,-0.6752946054536754
NTC_925,-4.059383333333333,0.6790983847180388,NTC,-0.682249606773277
NTC_27,-3.0056166666666666,0.5923951243375403,NTC,-0.683442739236542
FTCD,-1.3948166666666664,0.32278662296707006,FTCD,-0.6849728059472328
NTC_1468,-3.4944166666666696,0.6351212274747993,NTC,-0.6889010838553711
SPR,-1.2991833333333336,0.29428867223531785,SPR,-0.6901605558464242
NTC_698,-4.108316666666667,0.6790983847180388,NTC,-0.6904737001104685
GYG1,-0.9485833333333336,0.183889219335304,GYG1,-0.6976296657415703
NTC_2120,-3.006583333333335,0.5840106258773228,NTC,-0.7022754829890504
NTC_1603,-2.9288500000000006,0.5756817996381141,NTC,-0.702389486881303
NTC_1120,-2.596583333333335,0.5349018892513441,NTC,-0.7055588605832172
DGKE,-1.0641500000000006,0.2172195465873883,DGKE,-0.7056390325458892
BRAF,-0.9647166666666669,0.183889219335304,BRAF,-0.7094948246001812
NTC_1391,-3.1370166666666677,0.5923951243375403,NTC,-0.713321591364175
NTC_285,-4.40865,0.6880326689474217,NTC,-0.7159248187024841
NTC_526,-3.4329500000000017,0.6178737696349987,NTC,-0.7178306734942909
NTC_460,-2.7070833333333333,0.542939980542733,NTC,-0.7180489190642332
CKMT2,-1.2327833333333347,0.26134587178004565,CKMT2,-0.7184468405463733
NTC_190,-1.1582166666666671,0.2364223475120989,NTC,-0.725404388562204
NTC_1105,-1.2119500000000007,0.2511558274326474,NTC,-0.7272387668766547
NTC_405,-4.499383333333332,0.6880326689474217,NTC,-0.7306590900138694
NTC_985,-3.83305,0.6438205736704035,NTC,-0.7330138889840332
NTC_958,-3.8706500000000013,0.6438205736704035,NTC,-0.7402043305973178
NTC_635,-3.1734500000000008,0.5840106258773228,NTC,-0.7412520740014749
NTC_649,-2.903550000000001,0.5510377927002101,NTC,-0.7514927873139851
NTC_1966,-3.3053166666666662,0.5923951243375403,NTC,-0.7515910800481973
DUSP15,-1.4187833333333337,0.29428867223531785,DUSP15,-0.753695239798573
NTC_1156,-4.2306500000000025,0.6613654746746445,NTC,-0.7596490848804563
NTC_591,-3.639683333333334,0.6178737696349987,NTC,-0.7610586633864784
NTC_340,-3.9834500000000013,0.6438205736704035,NTC,-0.7617756554371709
NTC_1864,-3.3506833333333343,0.5923951243375403,NTC,-0.7619069394458912
UGP2,-1.0030166666666664,0.1736670532656972,UGP2,-0.7625760837091029
NTC_1857,-1.6589933333333349,0.3466487160871101,NTC,-0.7633200928272332
NTC_1466,-3.6536500000000007,0.6178737696349987,NTC,-0.7639790967571374
ANXA2,-1.7569166666666671,0.3671968088018793,ANXA2,-0.7644363773995213
NTC_153,-2.5126833333333334,0.49563234831298,NTC,-0.7659672828064463
NTC_320,-1.3751166666666679,0.2771120565439763,NTC,-0.7664138191045603
KCNMA1,-1.0406833333333347,0.1787237754666403,KCNMA1,-0.7782413853728934
MAP1A,-1.5120833333333348,0.30381055745142993,MAP1A,-0.7823475897318815
NTC_978,-4.706783333333334,0.6790983847180388,NTC,-0.7910563784319493
NTC_1526,-4.419783333333333,0.6613654746746445,NTC,-0.7936095787967706
NTC_606,-4.190783333333334,0.6438205736704035,NTC,-0.8014250763898558
NTC_414,-4.675650000000001,0.6702089585918445,NTC,-0.8125801442105204
NTC_1432,-3.797383333333334,0.6093276064637467,NTC,-0.817003777759112
VAMP1,-1.5406833333333338,0.29428867223531785,VAMP1,-0.8184517445959553
NTC_994,-1.34755,0.246175105415968,NTC,-0.8203289691645521
CYP3A5,-1.5621833333333335,0.29428867223531785,CYP3A5,-0.8298731133666173
NTC_344,-4.2296499999999995,0.6351212274747993,NTC,-0.8338474621884056
NTC_792,-3.337950000000001,0.5591945617726568,NTC,-0.8426222871055434
NTC_869,-2.6480833333333322,0.4803666879730528,NTC,-0.8432215421476879
NTC_216,-2.6492166666666677,0.4803666879730528,NTC,-0.8435824262139379
NTC_975,-3.528383333333334,0.5756817996381141,NTC,-0.8461680724586583
NTC_699,-5.0647833333333345,0.6790983847180388,NTC,-0.8512244727381042
NTC_1956,-3.9771166666666673,0.6093276064637467,NTC,-0.8556732507705903
NTC_1971,-2.9387500000000024,0.5111532304169357,NTC,-0.8564954260175714
NTC_1066,-3.177616666666669,0.5349018892513441,NTC,-0.863440647531785
NTC_249,-4.251450000000002,0.626471964569363,NTC,-0.8634625203887591
NTC_20,-2.7183166666666665,0.4803666879730528,NTC,-0.865585740017911
NTC_2167,-2.5013500000000004,0.450619414075875,NTC,-0.8659426102913048
NTC_1350,-3.6152500000000014,0.5756817996381141,NTC,-0.8670002193514967
NTC_1647,-1.7366166666666665,0.3164274890208848,NTC,-0.8678321444461984
NTC_1684,-4.568783333333334,0.6438205736704035,NTC,-0.8737119628212785
NTC_1673,-3.979116666666666,0.600834417656914,NTC,-0.8803604530225767
ITPA,-1.5517833333333346,0.26812283349068844,ITPA,-0.8871020808947672
NTC_1411,-1.8112500000000011,0.32232910718413077,NTC,-0.8905924849065452
NTC_914,-3.7139500000000005,0.5756817996381141,NTC,-0.8906702066691073
NTC_1885,-2.8673166666666674,0.4879673131901797,NTC,-0.8934824491239992
ADCK5,-1.6967833333333342,0.29428867223531785,ADCK5,-0.9013761941355074
NTC_2051,-3.4928166666666662,0.5510377927002101,NTC,-0.9040059693857775
NTC_532,-4.4511166666666675,0.626471964569363,NTC,-0.9040144928305428
NTC_1964,-2.7105500000000013,0.4625388957766985,NTC,-0.9076323858605726
NTC_1577,-3.689983333333334,0.5674095007280882,NTC,-0.9081174318582654
NTC_13,-4.484450000000001,0.626471964569363,NTC,-0.9107844381463666
EGLN1,-2.611176666666667,0.4476389497928538,EGLN1,-0.9114890056195489
NTC_783,-3.552716666666667,0.5510377927002101,NTC,-0.919509204377463
NTC_2083,-3.7373833333333337,0.5674095007280882,NTC,-0.9197827328587438
NTC_2130,-1.8824500000000022,0.3243468225966102,NTC,-0.9204998884953585
NTC_801,-3.649116666666668,0.5591945617726568,NTC,-0.9211722858585729
NTC_1887,-3.026516666666666,0.49563234831298,NTC,-0.9226044192603217
NTC_1476,-2.1542833333333338,0.37210561738248615,NTC,-0.9249065931851035
NTC_2163,-2.2537166666666675,0.3876483497213373,NTC,-0.9275442752268719
NTC_760,-3.4328166666666675,0.5349018892513441,NTC,-0.9327850890944163
NTC_60,-3.0067500000000003,0.4879673131901797,NTC,-0.936931168131732
NTC_1749,-4.143050000000001,0.5923951243375403,NTC,-0.9420820266924554
NTC_2001,-4.439116666666669,0.6093276064637467,NTC,-0.9550721558038047
NTC_601,-3.524750000000001,0.5349018892513441,NTC,-0.9577657539102129
NTC_2072,-3.162483333333334,0.49563234831298,NTC,-0.9640525463829533
LIPA,-1.4863500000000007,0.22317252373914098,LIPA,-0.9681478589006115
NTC_1036,-3.203150000000001,0.49563234831298,NTC,-0.9764493875424556
NTC_1505,-4.985116666666666,0.6351212274747993,NTC,-0.9827827080758749
NTC_543,-4.099283333333332,0.5756817996381141,NTC,-0.9830798835997323
NTC_1958,-1.399350000000001,0.19833072837339993,NTC,-0.9831972939307394
NTC_1040,-4.324616666666667,0.5923951243375403,NTC,-0.9833682031356862
NTC_1070,-2.0834833333333336,0.33643670647513724,NTC,-0.9856889377706738
TLR2,-1.23895,0.15913856701263807,TLR2,-0.9889603148057728
NTC_1330,-3.1088500000000003,0.4803666879730528,NTC,-0.9899421435525723
NTC_1253,-3.9267833333333346,0.5591945617726568,NTC,-0.9912656430747203
KCNMB2,-1.8673833333333345,0.29428867223531785,KCNMB2,-0.9920034272645757
NTC_62,-2.8756500000000003,0.450619414075875,NTC,-0.9955215652684312
NTC_482,-3.026016666666667,0.4653609410170858,NTC,-1.0052732117165808
NTC_1054,-2.908916666666668,0.450619414075875,NTC,-1.0070381559770585
NTC_761,-3.3064833333333326,0.49563234831298,NTC,-1.0079495577018462
NTC_593,-3.167816666666667,0.4803666879730528,NTC,-1.008718729234786
NTC_419,-3.719216666666666,0.5349018892513441,NTC,-1.0106073777446423
NTC_155,-2.458683333333333,0.3876483497213373,NTC,-1.011900778904057
NTC_2170,-4.856116666666669,0.6178737696349987,NTC,-1.0154151669555873
NTC_99,-4.863116666666668,0.6178737696349987,NTC,-1.016878868644939
NTC_1867,-4.901316666666666,0.6178737696349987,NTC,-1.0248664978639723
NTC_171,-4.170750000000002,0.5674095007280882,NTC,-1.0264357415136098
PPP2R2B,-1.3749833333333346,0.1787237754666403,PPP2R2B,-1.0282368323998383
NTC_1481,-4.088216666666668,0.5591945617726568,NTC,-1.0320173992569293
NTC_1139,-3.107350000000002,0.4653609410170858,NTC,-1.032292964158884
NTC_875,-3.1757500000000007,0.4728310471191989,NTC,-1.0330524664415446
ALPL,-1.3611166666666668,0.1736670532656972,ALPL,-1.0348332701063678
NTC_198,-4.101183333333335,0.5591945617726568,NTC,-1.0352906664786679
NTC_2033,-4.321116666666667,0.5756817996381141,NTC,-1.036279399168358
NTC_1941,-1.795416666666668,0.2645826048806206,NTC,-1.036743087725838
NTC_2071,-1.3339833333333342,0.1664004261591866,NTC,-1.0389670040119259
NTC_1259,-4.235950000000001,0.5674095007280882,NTC,-1.0424816829741832
NTC_1839,-3.8381500000000006,0.5349018892513441,NTC,-1.0429246410016266
NTC_771,-4.359216666666667,0.5756817996381141,NTC,-1.0454164459444573
NTC_2026,-2.038616666666668,0.30674920018720586,NTC,-1.0462518348063297
NTC_1084,-3.863316666666668,0.5349018892513441,NTC,-1.0497630753511287
NTC_1394,-4.072083333333335,0.5510377927002101,NTC,-1.0539309653153865
OXCT2,-1.5930500000000016,0.2172195465873883,OXCT2,-1.0563532028353422
NTC_1949,-3.998450000000002,0.542939980542733,NTC,-1.0605815731934312
TUBA4A,-2.0195833333333333,0.29428867223531785,TUBA4A,-1.0728560936317744
NTC_2169,-3.875283333333334,0.5269242595267852,NTC,-1.0783045866626741
NTC_872,-4.903316666666667,0.600834417656914,NTC,-1.0848352646055828
NTC_530,-2.7419833333333337,0.4011579284116409,NTC,-1.0877026167949142
NTC_492,-3.578616666666667,0.49563234831298,NTC,-1.0909067800183851
NTC_1829,-4.22345,0.5510377927002101,NTC,-1.0931074762209188
NTC_101,-3.294549999999999,0.4653609410170858,NTC,-1.094482689452314
NTC_674,-3.1853499999999997,0.450619414075875,NTC,-1.1027366396911296
NTC_1184,-2.7378166666666672,0.3943681388482423,NTC,-1.1063467297910687
NTC_472,-3.674950000000001,0.49563234831298,NTC,-1.1202730676831079
NTC_1909,-3.112450000000001,0.4361460278753738,NTC,-1.121627625716091
NTC_1525,-2.942816666666669,0.4149463395845463,NTC,-1.1241796921056029
NTC_438,-3.9892166666666675,0.5190078086648755,NTC,-1.13623305705927
NTC_37,-3.161016666666667,0.4361460278753738,NTC,-1.1391295020586116
MTHFD2,-1.527916666666668,0.1787237754666403,MTHFD2,-1.1426030813737764
NTC_928,-2.6392500000000005,0.3679114961244174,NTC,-1.1461118412487865
NTC_2115,-4.660116666666667,0.5674095007280882,NTC,-1.1468705403800108
NTC_737,-3.407483333333335,0.45795689595022604,NTC,-1.1557345122064933
NTC_71,-3.9701833333333347,0.5111532304169357,NTC,-1.1571055263126138
NTC_498,-3.4902500000000014,0.4653609410170858,NTC,-1.1594962003493472
ZAK,-2.1871833333333335,0.29428867223531785,ZAK,-1.1618896473974945
NTC_1213,-3.362516666666666,0.450619414075875,NTC,-1.1640699860000998
NTC_1284,-3.4331166666666686,0.45795689595022604,NTC,-1.1644287082151488
NTC_1042,-3.3037166666666664,0.4433489734181395,NTC,-1.1670520947415375
NTC_252,-3.392083333333334,0.450619414075875,NTC,-1.1743056733333186
NTC_1283,-2.863783333333334,0.3876483497213373,NTC,-1.178624569632442
NTC_1959,-3.7210833333333326,0.4803666879730528,NTC,-1.1848938389879697
NTC_384,-1.8857166666666672,0.23309994249713561,NTC,-1.1926362778107031
NTC_1565,-3.764316666666666,0.4803666879730528,NTC,-1.1986605046916616
NTC_97,-4.533850000000001,0.542939980542733,NTC,-1.2025954471415266
MAP3K19,-2.2824833333333334,0.29428867223531785,MAP3K19,-1.2125155285065226
NTC_1862,-3.892150000000001,0.4879673131901797,NTC,-1.2128300144820559
NTC_1570,-3.3025166666666674,0.4290110072417276,NTC,-1.2137791185131541
NTC_1262,-4.001216666666668,0.49563234831298,NTC,-1.2197323146250825
NTC_963,-3.0188500000000005,0.3943681388482423,NTC,-1.2199117880658314
NTC_1973,-3.7553833333333344,0.4728310471191989,NTC,-1.2216037203600627
NTC_1816,-2.825316666666666,0.3679114961244174,NTC,-1.2269125270225312
NTC_1702,-4.519116666666667,0.5349018892513441,NTC,-1.2279608997115277
NTC_1761,-3.632883333333334,0.45795689595022604,NTC,-1.232184646680521
NTC_1495,-4.348216666666666,0.5190078086648755,NTC,-1.2384856298244185
NTC_1724,-3.89105,0.4803666879730528,NTC,-1.2390158346881437
NTC_1756,-4.3566166666666675,0.5190078086648755,NTC,-1.2408781691314585
NTC_2126,-3.8274500000000025,0.4728310471191989,NTC,-1.2450465756692721
NTC_545,-3.8275500000000005,0.4728310471191989,NTC,-1.2450791050707182
NTC_1602,-4.3787166666666675,0.5190078086648755,NTC,-1.2471728261178368
NTC_462,-2.5974833333333347,0.33035596793134125,NTC,-1.2494358307173579
NTC_1805,-3.094716666666667,0.3943681388482423,NTC,-1.2505693699224747
NTC_1046,-3.92755,0.4803666879730528,NTC,-1.2506384244688245
NTC_371,-3.6373833333333323,0.450619414075875,NTC,-1.2592261052218812
NTC_1893,-4.989116666666666,0.5591945617726568,NTC,-1.2594379473338575
NTC_1223,-5.122116666666667,0.5674095007280882,NTC,-1.2605703096251795
NTC_1292,-2.667816666666667,0.33643670647513724,NTC,-1.262135066915294
NTC_109,-3.372083333333334,0.42194431724270076,NTC,-1.263670889338809
PAK4,-2.379383333333333,0.29428867223531785,PAK4,-1.2639913719426696
NTC_814,-4.765450000000001,0.542939980542733,NTC,-1.2640269249270681
NTC_1801,-4.655016666666667,0.5349018892513441,NTC,-1.2648884451988383
NTC_804,-3.6549166666666686,0.450619414075875,NTC,-1.2652959716675112
NTC_1546,-3.8100500000000004,0.4653609410170858,NTC,-1.2657369810589583
NTC_1720,-3.453150000000001,0.4290110072417276,NTC,-1.2691416232349162
NTC_1624,-3.3257166666666684,0.4149463395845463,NTC,-1.2704505791040797
NTC_997,-4.07845,0.4879673131901797,NTC,-1.270882821207903
NTC_1285,-3.392916666666668,0.42194431724270076,NTC,-1.2714780738769211
NTC_360,-2.831916666666668,0.35510779202807996,NTC,-1.2733424379386873
NTC_327,-4.36965,0.5111532304169357,NTC,-1.2735296429766663
NTC_577,-2.9908833333333344,0.3744198006286381,NTC,-1.276034031409651
NTC_988,-4.099150000000002,0.4879673131901797,NTC,-1.277333133066331
GRIN1,-2.421383333333333,0.29428867223531785,GRIN1,-1.2863028830295444
NTC_443,-2.6309500000000003,0.3243468225966102,NTC,-1.286509167115653
NTC_909,-4.322283333333335,0.50336119486517,NTC,-1.2885602663065228
NTC_309,-2.3608166666666683,0.2842877749295677,NTC,-1.2895767823793836
TREM1,-2.435083333333333,0.29428867223531785,TREM1,-1.2935806854555012
NTC_715,-3.6051833333333345,0.4361460278753738,NTC,-1.2991929902288841
NTC_1723,-4.082983333333335,0.4803666879730528,NTC,-1.3001326127312116
NTC_179,-3.6500833333333347,0.4361460278753738,NTC,-1.315373516950487
NTC_1138,-4.133816666666668,0.4803666879730528,NTC,-1.3163193245262235
NTC_725,-3.9764833333333343,0.4653609410170858,NTC,-1.3210278105443751
NTC_1237,-3.742116666666668,0.4433489734181395,NTC,-1.321918776711246
ALOX5,-1.7680833333333332,0.1787237754666403,ALOX5,-1.3222039584132748
NTC_505,-5.387783333333335,0.5674095007280882,NTC,-1.325951778664429
NTC_83,-2.90015,0.34881270953062127,NTC,-1.3265509390087487
SLC16A2,-1.812850000000001,0.183889219335304,SLC16A2,-1.3332491675722808
NTC_44,-3.24005,0.3876483497213373,NTC,-1.3334816542816645
NTC_2068,-3.786883333333334,0.4433489734181395,NTC,-1.3377327938862242
NTC_1268,-2.740216666666667,0.3243468225966102,NTC,-1.3399395129325014
NTC_822,-3.144116666666667,0.3744198006286381,NTC,-1.34140968344545
NTC_2144,-4.0413499999999996,0.4653609410170858,NTC,-1.3425771704840146
PGLYRP3,-2.5311833333333347,0.29428867223531785,PGLYRP3,-1.34463154772809
NTC_1293,-3.3325500000000012,0.3943681388482423,NTC,-1.3466773868588329
NTC_1986,-2.0751166666666663,0.22370071738051867,NTC,-1.349516065222257
NTC_793,-4.2388166666666685,0.4803666879730528,NTC,-1.3497541718405102
NTC_827,-3.4701166666666676,0.40801743201735496,NTC,-1.3509902688128224
NTC_2136,-2.771016666666668,0.3243468225966102,NTC,-1.355000415780204
VRK1,-2.5696833333333338,0.29428867223531785,VRK1,-1.3650837662243913
NTC_695,-2.5046500000000016,0.2842877749295677,NTC,-1.3681445635280967
KIF5B,-2.5792833333333345,0.29428867223531785,KIF5B,-1.370183540187106
NTC_39,-3.747083333333334,0.4290110072417276,NTC,-1.3771714012027185
NTC_640,-4.527683333333334,0.49563234831298,NTC,-1.3802206009145737
NTC_628,-2.297816666666666,0.24923763842313051,NTC,-1.3864712629989666
NTC_2009,-4.091650000000001,0.45795689595022604,NTC,-1.387787012957666
NTC_143,-3.1408500000000004,0.3614741032742147,NTC,-1.3880132608600724
NTC_217,-3.089483333333334,0.35510779202807996,NTC,-1.3891546619089334
NTC_112,-3.9425500000000007,0.4433489734181395,NTC,-1.392722712134288
NTC_1399,-2.999383333333334,0.34258898030950113,NTC,-1.3953929421419018
ZMYND8,-2.6284833333333335,0.29428867223531785,ZMYND8,-1.396319881746016
NTC_1974,-4.124316666666669,0.45795689595022604,NTC,-1.3988667425915833
PDE6H,-2.6630833333333346,0.29428867223531785,PDE6H,-1.4147003170699661
TRAF3IP3,-1.8931500000000003,0.1787237754666403,TRAF3IP3,-1.4157310216543857
NTC_1210,-3.706316666666666,0.4149463395845463,NTC,-1.4158428475596032
NTC_1347,-4.262016666666668,0.4653609410170858,NTC,-1.4158848594873115
KCNJ12,-2.6699833333333345,0.29428867223531785,KCNJ12,-1.418365779605667
NTC_1267,-3.449416666666668,0.3876483497213373,NTC,-1.419649031025266
NTC_959,-2.4128833333333333,0.25781351040123823,NTC,-1.4204507317735227
NTC_1227,-3.331283333333335,0.3744198006286381,NTC,-1.4212626932738202
NTC_966,-3.869950000000001,0.4290110072417276,NTC,-1.4223287794732242
NTC_885,-3.430883333333334,0.3809988238543651,NTC,-1.437802116044831
NTC_1106,-3.495816666666668,0.3876483497213373,NTC,-1.438745510634738
NTC_1424,-2.7665500000000005,0.3010265754851178,NTC,-1.4424657853133582
NTC_953,-4.356783333333336,0.4653609410170858,NTC,-1.4473673005502083
NTC_214,-3.2820833333333326,0.3614741032742147,NTC,-1.4504274925305232
NTC_647,-3.529416666666668,0.3876483497213373,NTC,-1.452573995869183
NTC_938,-4.037716666666668,0.4361460278753738,NTC,-1.4550641964200626
NTC_1061,-4.1211833333333345,0.4433489734181395,NTC,-1.455825703973983
NTC_1109,-4.786883333333334,0.49563234831298,NTC,-1.4592352212885817
ANXA5,-2.748683333333334,0.29428867223531785,ANXA5,-1.4601733015708347
NTC_16,-4.225616666666667,0.450619414075875,NTC,-1.4628666625717215
NTC_1770,-3.4335500000000003,0.3744198006286381,NTC,-1.4648938658746098
P4HA1,-2.760483333333333,0.29428867223531785,P4HA1,-1.4664417737333373
F11,-2.7651833333333347,0.29428867223531785,F11,-1.4689385380692501
NTC_2095,-2.7323500000000003,0.2897959417239123,NTC,-1.4697521058513556
NTC_2076,-3.780616666666667,0.40801743201735496,NTC,-1.4718745268251987
NTC_1691,-3.8563833333333335,0.4149463395845463,NTC,-1.4731695240867337
NTC_656,-3.655750000000001,0.3943681388482423,NTC,-1.4772819183535666
NTC_1641,-4.958783333333335,0.50336119486517,NTC,-1.4783138169770638
NTC_1240,-1.8590500000000016,0.15905759099029693,NTC,-1.4843502916549343
NTC_2070,-3.4881833333333354,0.3744198006286381,NTC,-1.4882026963481096
NTC_359,-3.6831833333333357,0.3943681388482423,NTC,-1.4883676784010265
GLRA1,-1.7251833333333337,0.13646520318602218,GLRA1,-1.4922457566715208
NTC_508,-3.70205,0.3943681388482423,NTC,-1.4959916640472732
NTC_362,-3.513416666666668,0.3744198006286381,NTC,-1.498968275767535
NTC_1015,-3.516583333333335,0.3744198006286381,NTC,-1.5003193062098674
NTC_876,-4.445116666666669,0.45795689595022604,NTC,-1.5076742099352758
NTC_629,-3.6818166666666663,0.3876483497213373,NTC,-1.515296053896844
NTC_1276,-3.702983333333334,0.3876483497213373,NTC,-1.524007450845131
NTC_1192,-4.328316666666666,0.4433489734181395,NTC,-1.5289964431588792
NTC_345,-4.513116666666667,0.45795689595022604,NTC,-1.530738136928327
NTC_2159,-4.824116666666667,0.4803666879730528,NTC,-1.5361295635838619
SLC25A2,-2.8960833333333333,0.29428867223531785,SLC25A2,-1.5384760809566764
NTC_251,-4.451183333333333,0.450619414075875,NTC,-1.5409556097914392
NTC_2081,-4.660450000000001,0.4653609410170858,NTC,-1.5482484254474933
NTC_263,-2.8001166666666677,0.2788509030606501,NTC,-1.5530229517657221
NTC_1331,-3.472550000000002,0.35510779202807996,NTC,-1.5613966805275539
ARHGAP26,-2.9401833333333336,0.29428867223531785,ARHGAP26,-1.5619031675978952
NTC_1324,-4.012416666666667,0.40801743201735496,NTC,-1.5621191999564994
NTC_1336,-2.7195166666666672,0.2645826048806206,NTC,-1.5703542015995602
NTC_887,-3.1661833333333327,0.31840930663578915,NTC,-1.573638225153367
NTC_420,-4.459650000000002,0.4433489734181395,NTC,-1.5753905069484673
NTC_493,-3.6297499999999996,0.3679114961244174,NTC,-1.5762430447183031
NTC_245,-4.378316666666667,0.4361460278753738,NTC,-1.5778055639340465
NTC_346,-2.6649166666666666,0.2542819516162561,NTC,-1.5847845395606437
NTC_1706,-3.5916833333333322,0.3614741032742147,NTC,-1.5872467948092943
NTC_898,-3.308883333333334,0.33035596793134125,NTC,-1.5916319243614598
NTC_777,-3.8759499999999996,0.3876483497213373,NTC,-1.5951939685847494
NTC_2129,-2.6452166666666663,0.24923763842313051,NTC,-1.5960876887796025
EPX,-3.0045833333333345,0.29428867223531785,EPX,-1.5961141512644372
NTC_2165,-2.8486166666666684,0.275167317645161,NTC,-1.596373752245855
NTC_605,-3.37495,0.33643670647513724,NTC,-1.5966774618767297
NTC_1009,-4.1162833333333335,0.40801743201735496,NTC,-1.6025567037639674
NTC_1754,-3.5674166666666665,0.35510779202807996,NTC,-1.6040525093640123
NTC_1947,-3.2673500000000004,0.31840930663578915,NTC,-1.6239194998041349
NTC_1150,-2.6969833333333337,0.24771834646050073,NTC,-1.6344847083473797
NTC_1110,-3.347216666666668,0.3243468225966102,NTC,-1.6367566567167626
NTC_784,-3.64855,0.35510779202807996,NTC,-1.6405332849746739
NTC_2137,-3.849683333333335,0.3744198006286381,NTC,-1.6424334873701336
NTC_1594,-4.559116666666668,0.4361460278753738,NTC,-1.6429601125145765
GNGT1,-3.1005833333333346,0.29428867223531785,GNGT1,-1.64711189089158
NTC_2099,-3.4822500000000005,0.33643670647513724,NTC,-1.647440729972368
NTC_838,-4.007716666666667,0.3876483497213373,NTC,-1.6494241294297511
NTC_1429,-3.5507500000000007,0.34258898030950113,NTC,-1.6519033876886995
PPP3CC,-3.110783333333334,0.29428867223531785,PPP3CC,-1.6525304007269637
DLG4,-2.0843500000000006,0.15913856701263807,DLG4,-1.6637793552325866
NTC_2028,-2.244616666666669,0.1807592223913329,NTC,-1.6675246793331613
NTC_2040,-3.201716666666668,0.3010265754851178,NTC,-1.669359579958505
NTC_795,-3.9157166666666683,0.3744198006286381,NTC,-1.6706060274360286
NTC_626,-3.1159500000000016,0.2897959417239123,NTC,-1.6760934998179347
PTPLB,-3.1730833333333344,0.29428867223531785,PTPLB,-1.6856258088391618
NTC_1438,-2.4649500000000018,0.20697156819591556,NTC,-1.6862459440190143
NTC_1047,-4.807783333333333,0.4433489734181395,NTC,-1.6983701014201535
SGK2,-1.968183333333334,0.13646520318602218,SGK2,-1.7024354286123848
GRIA3,-3.2072833333333346,0.29428867223531785,GRIA3,-1.7037937535813314
NTC_1590,-3.9242833333333333,0.3679114961244174,NTC,-1.7041461008803982
NTC_1024,-3.1851833333333346,0.2897959417239123,NTC,-1.7133346429591043
NTC_1144,-4.485783333333334,0.4149463395845463,NTC,-1.7136053984059856
ACACA,-3.2264833333333343,0.29428867223531785,ACACA,-1.7139933015067599
NTC_1214,-3.45125,0.31840930663578915,NTC,-1.7153204198200436
NTC_1366,-2.2616499999999995,0.17295943084695442,NTC,-1.7235033926638597
NTC_661,-3.7068166666666666,0.34258898030950113,NTC,-1.7245097540541008
NTC_559,-4.5271500000000024,0.4149463395845463,NTC,-1.7294077985770588
MET,-3.266983333333334,0.29428867223531785,MET,-1.7355079729119605
NTC_40,-4.141450000000001,0.3809988238543651,NTC,-1.7355838117959512
NTC_68,-3.3972499999999997,0.30674920018720586,NTC,-1.7435249617612276
CD52,-3.287583333333334,0.29428867223531785,CD52,-1.7464512378736181
NR1H2,-3.2892833333333336,0.29428867223531785,NR1H2,-1.7473543228461819
NTC_576,-3.522583333333335,0.31840930663578915,NTC,-1.7507741027698445
NTC_1483,-3.71645,0.33643670647513724,NTC,-1.7582399600562295
PARS2,-3.317683333333333,0.29428867223531785,PARS2,-1.7624411541525449
NTC_95,-3.391583333333335,0.3010265754851178,NTC,-1.7683551413754912
NTC_1912,-3.05115,0.2629666772765983,NTC,-1.7699699216405302
ETNK1,-2.2189499999999995,0.15913856701263807,ETNK1,-1.7712203805950757
NTC_1757,-3.8731833333333334,0.34881270953062127,NTC,-1.7716238773119903
CSNK1A1,-3.3711833333333345,0.29428867223531785,CSNK1A1,-1.7908617694655886
NTC_1101,-4.056383333333335,0.3614741032742147,NTC,-1.7926083250707454
AARS2,-3.3768833333333337,0.29428867223531785,AARS2,-1.7938897602559498
NTC_1988,-3.6130833333333356,0.31840930663578915,NTC,-1.7957538921197074
NTC_874,-4.139783333333334,0.3679114961244174,NTC,-1.797728407137522
NTC_689,-5.0924499999999995,0.4433489734181395,NTC,-1.798929823441238
NTC_1185,-3.748049999999999,0.33035596793134125,NTC,-1.8028789271616206
TPH1,-3.3944833333333335,0.29428867223531785,TPH1,-1.8032393458542593
NTC_516,-4.46555,0.3943681388482423,NTC,-1.804520623812834
PPP1R15B,-3.4008833333333346,0.29428867223531785,PPP1R15B,-1.8066391951627359
NTC_1674,-3.029716666666669,0.2527308072576755,NTC,-1.8097764539190777
NTC_1343,-2.954416666666667,0.24277588903096126,NTC,-1.8163589603243624
EGLN2,-2.3127166666666668,0.16387554438122198,EGLN2,-1.8166062227586421
NTC_302,-3.4356166666666663,0.29537551225945224,NTC,-1.8195902367276648
FNTA,-3.438083333333333,0.29428867223531785,FNTA,-1.826400819268253
NTC_1354,-4.627683333333334,0.4011579284116409,NTC,-1.835730804842557
NTC_796,-3.5219166666666677,0.3010265754851178,NTC,-1.8363103108172774
GUK1,-3.471683333333333,0.29428867223531785,GUK1,-1.844250028137753
NTC_255,-4.10585,0.35510779202807996,NTC,-1.8461535645977893
MMP13,-3.4790833333333335,0.29428867223531785,MMP13,-1.8481811039006788
PPP1CC,-3.4809833333333344,0.29428867223531785,PPP1CC,-1.849190434164133
NTC_395,-2.893816666666666,0.2283658906427949,NTC,-1.85600361584872
NTC_1905,-2.937850000000001,0.23309994249713561,NTC,-1.8580662464842763
NTC_1878,-3.455116666666667,0.2897959417239123,NTC,-1.8585338616192837
NTC_114,-5.158783333333332,0.4361460278753738,NTC,-1.8590608368810444
NTC_412,-4.286783333333332,0.3679114961244174,NTC,-1.861564133447485
NTC_677,-4.2899833333333355,0.3679114961244174,NTC,-1.8629537547004924
NTC_889,-3.0366833333333325,0.24277588903096126,NTC,-1.866936050151237
NTC_1566,-4.796116666666668,0.40801743201735496,NTC,-1.8672302885371745
NTC_920,-3.2746166666666667,0.2681905113316041,NTC,-1.8716287411045345
NTC_2007,-2.839616666666668,0.21910410111195155,NTC,-1.8722998106024553
NTC_53,-3.710983333333335,0.3125434347018089,NTC,-1.8743791596938066
RNASE3,-3.5355833333333333,0.29428867223531785,RNASE3,-1.8781953985770699
DTYMK,-3.5372833333333347,0.29428867223531785,DTYMK,-1.8790984835496345
CHM,-3.5396833333333344,0.29428867223531785,CHM,-1.880373427040313
NTC_984,-3.6749833333333335,0.30674920018720586,NTC,-1.8860623079617778
NTC_1327,-2.6057500000000005,0.1888172255671301,NTC,-1.8864545697140502
NTC_31,-3.8068500000000007,0.31840930663578915,NTC,-1.8920586860389523
NTC_1798,-4.72945,0.3943681388482423,NTC,-1.9111621332851736
NTC_535,-3.908716666666667,0.3243468225966102,NTC,-1.9113247394760084
NTC_2107,-3.262783333333335,0.25939686802053763,NTC,-1.9121061179926404
DDR2,-3.6037833333333342,0.29428867223531785,DDR2,-1.9144250427705196
GLS2,-2.2134333333333345,0.13646520318602218,GLS2,-1.9145713012193684
NTC_730,-3.303283333333333,0.2629666772765983,NTC,-1.9162322870578206
NTC_111,-3.745016666666668,0.30674920018720586,NTC,-1.922004574448499
NTC_343,-4.072316666666666,0.33643670647513724,NTC,-1.9265992797794445
PIP5K1A,-3.6357833333333343,0.29428867223531785,PIP5K1A,-1.9314242893129006
NTC_404,-2.89105,0.21457570481633836,NTC,-1.9324340574984238
NTC_1797,-3.449583333333335,0.275167317645161,NTC,-1.9331573651016916
LTF,-3.650783333333333,0.29428867223531785,LTF,-1.939392686129641
GABRR1,-3.6527833333333337,0.29428867223531785,GABRR1,-1.9404551390385403
NTC_1894,-4.0342833333333346,0.33035596793134125,NTC,-1.9405622678101973
NTC_1512,-2.959616666666669,0.22044005712021686,NTC,-1.9436083372972823
NTC_613,-3.2112166666666653,0.24771834646050073,NTC,-1.946131617494945
DYRK1A,-3.6637833333333347,0.29428867223531785,DYRK1A,-1.9462986300374843
NTC_106,-3.6759833333333347,0.29537551225945224,NTC,-1.9468945556713118
NTC_536,-5.745116666666666,0.45795689595022604,NTC,-1.9486022259789162
MMP11,-2.2533833333333337,0.13646520318602218,MMP11,-1.9491271752689048
AVPR1A,-3.677783333333334,0.29428867223531785,AVPR1A,-1.9537358003997756
NTC_1539,-3.471283333333334,0.27348519773825253,NTC,-1.95456222774935
NTC_1623,-4.5019833333333334,0.3679114961244174,NTC,-1.9550161627121398
CMA1,-3.6817833333333336,0.29428867223531785,CMA1,-1.9558607062175728
NTC_670,-5.22545,0.42194431724270076,NTC,-1.9582105173445132
PTPRC,-3.6867833333333344,0.29428867223531785,PTPRC,-1.9585168384898202
NTC_1091,-3.7663833333333336,0.3010265754851178,NTC,-1.9637740480771393
NTC_1802,-4.447450000000002,0.3614741032742147,NTC,-1.9654296056838532
NTC_1487,-3.03655,0.22506628766383818,NTC,-1.9667417104506744
PKN2,-3.703783333333334,0.29428867223531785,PKN2,-1.96754768821546
NTC_1558,-4.615783333333333,0.3744198006286381,NTC,-1.9692833048029759
CCT3,-3.7087833333333347,0.29428867223531785,CCT3,-1.9702038204877073
CINP,-3.709783333333334,0.29428867223531785,CINP,-1.9707350469421563
NTC_1869,-2.9120166666666663,0.21011517642684074,NTC,-1.9730152788375253
NTC_386,-3.430483333333335,0.2645826048806206,NTC,-1.9808938779626033
NTC_1993,-3.7538833333333343,0.29537551225945224,NTC,-1.988152383069911
ALK,-2.3011333333333344,0.13646520318602218,ALK,-1.990429878294322
NTC_234,-2.707883333333335,0.1818460932814605,NTC,-2.004635267130178
NTC_1759,-4.036983333333335,0.31840930663578915,NTC,-2.0064382314059706
NTC_998,-3.4621166666666667,0.2629666772765983,NTC,-2.008371389545048
NME5,-3.783783333333334,0.29428867223531785,NME5,-2.010045804571412
NTC_1044,-4.473116666666668,0.35510779202807996,NTC,-2.0112912744080886
NTC_2060,-3.4813833333333335,0.2629666772765983,NTC,-2.019547969028284
NTC_1221,-4.346549999999999,0.34258898030950113,NTC,-2.022130724426759
NTC_2161,-3.6489833333333337,0.2788509030606501,NTC,-2.0238281264270856
COX5B,-3.820783333333333,0.29428867223531785,COX5B,-2.0297011833860394
AK5,-2.7153166666666664,0.1787237754666403,AK5,-2.0305617825397775
NTC_451,-3.403316666666667,0.2527308072576755,NTC,-2.032943356165436
ACPT,-3.8277833333333344,0.29428867223531785,ACPT,-2.033419768567186
NTC_1175,-3.474450000000001,0.25939686802053763,NTC,-2.0361502505507656
NTC_1826,-4.382116666666667,0.34258898030950113,NTC,-2.038677284211442
PHPT1,-3.847783333333334,0.29428867223531785,PHPT1,-2.044044297656174
NTC_1208,-3.861550000000001,0.29537551225945224,NTC,-2.0451753965476502
NTC_1416,-4.258283333333335,0.33035596793134125,NTC,-2.0483102646843596
NTC_625,-4.724383333333334,0.3679114961244174,NTC,-2.0515948397960577
NTC_2075,-3.55555,0.2645826048806206,NTC,-2.0531122128922354
NTC_475,-3.085183333333333,0.215882429435444,NTC,-2.0540616996616508
NDUFB9,-3.8707833333333337,0.29428867223531785,NDUFB9,-2.05626250610851
MASTL,-3.8757833333333345,0.29428867223531785,MASTL,-2.0589186383807574
NTC_172,-2.807383333333334,0.18475571679879188,NTC,-2.0589408731030807
NTC_987,-4.223816666666668,0.3243468225966102,NTC,-2.0654055994536376
ROS1,-3.8947833333333346,0.29428867223531785,ROS1,-2.069011941015296
CPT2,-3.898783333333334,0.29428867223531785,CPT2,-2.0711368468330935
NTC_308,-3.289583333333333,0.23309994249713561,NTC,-2.080522748494272
NTC_1018,-3.9331500000000013,0.29537551225945224,NTC,-2.083096583219534
NTC_1514,-3.9349500000000006,0.29537551225945224,NTC,-2.0840499091414526
NTC_507,-3.1737833333333345,0.22044005712021686,NTC,-2.0842536186922263
C1QA,-3.9267833333333346,0.29428867223531785,C1QA,-2.086011187557677
NTC_586,-2.572816666666668,0.1545642384064894,NTC,-2.086273832551762
DDAH1,-1.7909166666666678,0.06829005755686243,DDAH1,-2.0875686186735987
NTC_2065,-4.071483333333333,0.30674920018720586,NTC,-2.0895526743870705
NTC_1444,-4.585116666666668,0.34881270953062127,NTC,-2.097267665338459
PTS,-3.9577833333333334,0.29428867223531785,PTS,-2.102479207645608
EPHB3,-2.4330333333333325,0.13646520318602218,EPHB3,-2.104520486232592
NTC_222,-3.2496166666666664,0.22370071738051867,NTC,-2.11333173113833
NTC_1835,-2.7836500000000015,0.1739952671708348,NTC,-2.114077968396296
NTC_931,-4.061116666666669,0.3010265754851178,NTC,-2.11744658214473
NTC_504,-3.360683333333334,0.23309994249713561,NTC,-2.125490500464262
NTC_1731,-2.621316666666665,0.1545642384064894,NTC,-2.1256020451639137
GPX2,-4.0057833333333335,0.29428867223531785,GPX2,-2.1279780774591797
NTC_2114,-4.021183333333333,0.29537551225945224,NTC,-2.129721282474861
GRIK4,-2.463633333333334,0.13646520318602218,GRIK4,-2.130988815291813
APCS,-4.0217833333333335,0.29428867223531785,APCS,-2.13647770073037
SLC25A10,-4.031783333333333,0.29428867223531785,SLC25A10,-2.1417899652748638
LIPJ,-4.051783333333335,0.29428867223531785,LIPJ,-2.152414494363853
NTC_1012,-2.5370833333333334,0.14177548196652828,NTC,-2.1524586271412525
NTC_126,-4.789550000000002,0.35510779202807996,NTC,-2.153572294486975
NTC_441,-3.7340833333333343,0.2629666772765983,NTC,-2.166139057371552
NTC_1179,-3.4873833333333337,0.23790317874676448,NTC,-2.1747313925784617
NTC_1254,-3.3114166666666662,0.21910410111195155,NTC,-2.18338090158618
NTC_2134,-4.002016666666666,0.2842877749295677,NTC,-2.1860688501981635
NTC_1703,-3.5582166666666684,0.24277588903096126,NTC,-2.1875718473276127
NTC_2073,-3.2299500000000005,0.21011517642684074,NTC,-2.1884286490626543
TAB1,-4.126783333333334,0.29428867223531785,TAB1,-2.1922564784475576
NDUFA10,-4.150783333333333,0.29428867223531785,NDUFA10,-2.2050059133543427
CAMP,-4.155783333333334,0.29428867223531785,CAMP,-2.20766204562659
NTC_957,-4.305716666666667,0.30674920018720586,NTC,-2.20976510018535
GARS,-4.164783333333334,0.29428867223531785,GARS,-2.212443083716635
CYC1,-4.1737833333333345,0.29428867223531785,CYC1,-2.2172241218066797
NTC_1773,-2.437683333333336,0.12298441994586007,NTC,-2.218657249062279
AKR1B10,-4.182783333333333,0.29428867223531785,AKR1B10,-2.2220051598967236
RDH8,-4.1897833333333345,0.29428867223531785,RDH8,-2.2257237450778704
NDUFB6,-4.193783333333334,0.29428867223531785,NDUFB6,-2.2278486508956674
NTC_497,-3.3860166666666682,0.21910410111195155,NTC,-2.232568373793443
NTC_1178,-3.987116666666667,0.27348519773825253,NTC,-2.2450105295245932
NTC_1244,-2.706283333333335,0.14763712598776402,NTC,-2.2483921488487466
NTC_721,-3.564983333333334,0.23309994249713561,NTC,-2.2547016358716987
SIK2,-4.259783333333333,0.29428867223531785,SIK2,-2.262909596889328
NTC_209,-3.8096500000000013,0.2527308072576755,NTC,-2.275663247170355
NTC_1670,-3.1136833333333342,0.18475571679879188,NTC,-2.2835819407989093
NTC_906,-3.71645,0.24277588903096126,NTC,-2.284852821966257
TUFM,-4.308783333333334,0.29428867223531785,TUFM,-2.2889396931573494
NTC_892,-3.3400500000000015,0.205722149210116,NTC,-2.2936756195543615
NTC_1470,-3.1296833333333343,0.18475571679879188,NTC,-2.2953163746321876
NTC_1242,-3.8056166666666655,0.24923763842313051,NTC,-2.296257235342209
NTC_1553,-4.1501833333333344,0.2788509030606501,NTC,-2.3018076523129047
NTC_1736,-4.036116666666668,0.2681905113316041,NTC,-2.3068690856795553
NTC_1282,-3.6314833333333336,0.22976145567091377,NTC,-2.3195112969620455
RYK,-4.369783333333334,0.29428867223531785,RYK,-2.321344506878763
NTC_1796,-2.2628166666666676,0.09364304766317061,NTC,-2.327362291064624
RPIA,-4.385783333333334,0.29428867223531785,RPIA,-2.329844130149953
NTC_1939,-3.8023833333333332,0.24277588903096126,NTC,-2.33768415809822
NTC_1783,-3.50605,0.21457570481633836,NTC,-2.3435120206472906
NTC_148,-4.100483333333335,0.2681905113316041,NTC,-2.3436582782982622
NTC_444,-3.5078166666666686,0.21457570481633836,NTC,-2.344692895012977
LSS,-4.414783333333334,0.29428867223531785,LSS,-2.345249697328986
S100B,-4.415783333333334,0.29428867223531785,S100B,-2.345780923783435
NTC_811,-4.237483333333335,0.2788509030606501,NTC,-2.350226671885595
AMY2A,-4.429783333333335,0.29428867223531785,AMY2A,-2.3532180941457272
NTC_397,-4.185783333333333,0.27348519773825253,NTC,-2.356873009562102
NTC_26,-3.1784500000000016,0.1807592223913329,NTC,-2.361269029021949
NTC_1882,-3.1108166666666683,0.17295943084695442,NTC,-2.370615735836793
NTC_802,-3.9817166666666672,0.2527308072576755,NTC,-2.3784458622127986
FGA,-4.477783333333333,0.29428867223531785,FGA,-2.3787169639592975
NTC_1587,-2.577416666666668,0.11936714739891754,NTC,-2.3792524621754114
CAMK2B,-4.482783333333334,0.29428867223531785,CAMK2B,-2.381373096231545
NTC_290,-3.5235166666666657,0.21011517642684074,NTC,-2.3873325651428274
CDKN1B,-4.529783333333334,0.29428867223531785,CDKN1B,-2.4063407395906675
YES1,-2.7834833333333346,0.13646520318602218,YES1,-2.407652052206568
NTC_1833,-3.8257166666666684,0.23309994249713561,NTC,-2.419604475022779
PRSS8,-2.803933333333335,0.13646520318602218,PRSS8,-2.4253408538164063
KCNN4,-2.0837166666666675,0.06829005755686243,KCNN4,-2.428868748894228
IGSF10,-4.574783333333334,0.29428867223531785,IGSF10,-2.4302459300408903
PAK7,-4.576783333333333,0.29428867223531785,PAK7,-2.431308382949789
NTC_1975,-2.9347499999999993,0.14763712598776402,NTC,-2.438203264809863
PPP1R21,-2.8248333333333324,0.13646520318602218,PPP1R21,-2.443418895559466
NTC_831,-4.173083333333334,0.25939686802053763,NTC,-2.445574026028836
PTK2,-2.8444833333333346,0.13646520318602218,PTK2,-2.4604157147102415
NTC_481,-4.034683333333334,0.2442636933501543,NTC,-2.4697954151701538
NTC_1298,-4.2662166666666685,0.2629666772765983,NTC,-2.4748292215071457
NTC_1994,-5.14645,0.33035596793134125,NTC,-2.475534279076032
NTC_465,-2.9251500000000004,0.14177548196652828,NTC,-2.48169394771512
NTC_487,-4.003116666666667,0.23935986381170515,NTC,-2.485729973686647
RPS6KA2,-4.686783333333334,0.29428867223531785,RPS6KA2,-2.489743292939224
NTC_1248,-3.4408166666666684,0.1888172255671301,NTC,-2.491008087645247
NTC_2022,-3.0744500000000006,0.1545642384064894,NTC,-2.4930437786688113
CYP2D6,-2.885883333333334,0.13646520318602218,CYP2D6,-2.496225806966833
SLC23A1,-4.714783333333333,0.29428867223531785,SLC23A1,-2.5046176336638064
NTC_1658,-4.382450000000002,0.2681905113316041,NTC,-2.5048181852695954
NTC_968,-3.7475500000000004,0.21457570481633836,NTC,-2.5049353183716017
ACSL4,-2.8974833333333336,0.13646520318602218,ACSL4,-2.506259552623269
MYO3B,-4.718783333333334,0.29428867223531785,MYO3B,-2.5067425394816047
NTC_1580,-4.7331166666666675,0.29537551225945224,NTC,-2.5067793387775095
CLPB,-4.7237833333333334,0.29428867223531785,CLPB,-2.5093986717538512
GLS,-2.154583333333335,0.06829005755686243,GLS,-2.511473948899814
NSF,-4.727783333333333,0.29428867223531785,NSF,-2.5115235775716487
NTC_972,-2.9264166666666664,0.13849896519334,NTC,-2.5124851880908365
MOCOS,-2.904883333333334,0.13646520318602218,MOCOS,-2.5126603903696165
TRAPPC1,-4.742783333333334,0.29428867223531785,TRAPPC1,-2.51949197438839
LTA,-4.743783333333333,0.29428867223531785,LTA,-2.520023200842839
PTPN9,-2.917983333333334,0.13646520318602218,PTPN9,-2.5239916031367984
NTC_480,-4.491416666666666,0.27348519773825253,NTC,-2.528964801418464
SERPINC1,-4.7667833333333345,0.29428867223531785,SERPINC1,-2.532241409295176
NTC_331,-3.5464833333333345,0.1929441953161154,NTC,-2.5342045045939017
PTPRR,-4.7717833333333335,0.29428867223531785,PTPRR,-2.5348975415674224
YARS2,-4.780783333333334,0.29428867223531785,YARS2,-2.5396785796574672
NTC_2150,-3.7540499999999994,0.21011517642684074,NTC,-2.543528714071009
NTC_1897,-3.5788833333333336,0.1941105744916637,NTC,-2.5479888703951508
CALM1,-4.796783333333334,0.29428867223531785,CALM1,-2.548178202928658
NTC_1953,-3.5806166666666677,0.1941105744916637,NTC,-2.5492229184572612
NUAK1,-4.815783333333334,0.29428867223531785,NUAK1,-2.5582715055631966
NTC_387,-3.616483333333333,0.1941105744916637,NTC,-2.5747582206655393
NTC_1322,-4.877450000000001,0.29537551225945224,NTC,-2.583221954368411
NTC_1279,-3.360683333333334,0.16915518232014415,NTC,-2.593488704890781
C4A,-2.2257500000000014,0.06829005755686243,C4A,-2.5944288416617725
C4B,-2.2257500000000014,0.06829005755686243,C4B,-2.5944288416617725
LCTL,-4.884783333333333,0.29428867223531785,LCTL,-2.594926130920205
NTC_1357,-3.20955,0.1545642384064894,NTC,-2.6025951502956572
MC2R,-3.010983333333334,0.13646520318602218,MC2R,-2.6044345640030553
MINPP1,-4.925783333333333,0.29428867223531785,MINPP1,-2.6167064155526307
NTC_903,-3.322583333333334,0.1626977630484241,NTC,-2.6202504126391055
SSTR1,-3.2902500000000003,0.15913856701263807,SSTR1,-2.6263583484318933
MELK,-3.041383333333334,0.13646520318602218,MELK,-2.630729897447509
STK16,-3.0419833333333326,0.13646520318602218,STK16,-2.6312488842918063
CRB2,-2.2578500000000012,0.06829005755686243,CRB2,-2.631845966593747
NTC_711,-5.138116666666667,0.30674920018720586,NTC,-2.6369665655382226
NTC_119,-4.084216666666666,0.22506628766383818,NTC,-2.6453044648865163
C5,-4.9847833333333345,0.29428867223531785,C5,-2.648048776365146
DHODH,-2.278883333333333,0.06829005755686243,DHODH,-2.656363314290605
NTC_927,-4.046183333333335,0.21910410111195155,NTC,-2.6678489310163265
TWF2,-5.028783333333333,0.29428867223531785,TWF2,-2.671422740360919
NTC_899,-3.478316666666668,0.17016609327109822,NTC,-2.6752671644570913
TRIM24,-5.0487833333333345,0.29428867223531785,TRIM24,-2.6820472694499076
NTC_912,-4.0293833333333335,0.215882429435444,NTC,-2.6826937280620804
NTC_56,-3.828216666666666,0.19833072837339993,NTC,-2.6897432859879364
NTC_1903,-5.002783333333333,0.2897959417239123,NTC,-2.6910356796474577
NTC_424,-3.06395,0.13212129897155359,NTC,-2.6932952825828957
NTC_2061,-3.8247833333333343,0.19713706032672806,NTC,-2.697358543543987
FCER1A,-5.0857833333333335,0.29428867223531785,FCER1A,-2.701702648264535
PTGER1,-3.128533333333335,0.13646520318602218,PTGER1,-2.706112736581857
NTC_341,-4.345783333333335,0.23790317874676448,NTC,-2.7100294223494044
CA12,-3.1368333333333336,0.13646520318602218,CA12,-2.7132920545946506
NTC_402,-3.22875,0.14426377824261832,NTC,-2.7148708608510694
TP53RK,-5.113783333333334,0.29428867223531785,TP53RK,-2.716576988989119
NTC_1280,-4.324383333333335,0.23309994249713561,NTC,-2.734990114718529
JAK3,-3.163033333333333,0.13646520318602218,JAK3,-2.7359544801290148
PRKAA1,-2.34755,0.06829005755686243,PRKAA1,-2.736404100749451
NTC_1469,-3.8435500000000005,0.1941105744916637,NTC,-2.7364185168019675
NTC_1957,-4.172783333333333,0.22044005712021686,NTC,-2.740306394319694
NTC_2,-2.8808500000000006,0.11157861985272893,NTC,-2.7437763187946107
UQCRQ,-5.175783333333333,0.29428867223531785,UQCRQ,-2.7495130291649814
GSS,-2.359516666666666,0.06829005755686243,GSS,-2.7503529562536855
NTC_7,-3.8016166666666678,0.1888172255671301,NTC,-2.752212274060992
PIK3C2G,-5.185783333333333,0.29428867223531785,PIK3C2G,-2.7548252937094753
PPIH,-5.185783333333333,0.29428867223531785,PPIH,-2.7548252937094753
CDK13,-3.1882833333333327,0.13646520318602218,CDK13,-2.7577951764932402
NTC_866,-4.388716666666667,0.23452588008471353,NTC,-2.7640542453141648
NTC_1071,-4.4401166666666665,0.23790317874676448,NTC,-2.7688556659130783
NTC_2046,-3.8421166666666675,0.18995670840724455,NTC,-2.7714930474910813
NTC_265,-3.358383333333334,0.14850674756106172,NTC,-2.7815938022543754
NTC_1345,-4.67515,0.2527308072576755,NTC,-2.792662588428985
NTC_1011,-3.0418166666666675,0.12005097010437644,NTC,-2.8004008372146556
NTC_1733,-5.133116666666666,0.2842877749295677,NTC,-2.8039229678619604
NTC_428,-3.7832833333333333,0.1807592223913329,NTC,-2.8105994314885927
NTC_239,-4.714483333333334,0.2527308072576755,NTC,-2.8161580331694123
NTC_63,-3.583616666666668,0.1626977630484241,NTC,-2.8261061070674054
NTC_315,-4.82245,0.25781351040123823,NTC,-2.8389489606934544
NDUFA5,-5.355783333333333,0.29428867223531785,NDUFA5,-2.845133790965874
CPD,-2.4425500000000007,0.06829005755686243,CPD,-2.847140140267757
NTC_572,-3.164883333333334,0.12597355606126392,NTC,-2.8475107661884547
SCGB1A1,-5.369783333333334,0.29428867223531785,SCGB1A1,-2.852570961328166
RAF1,-5.382783333333334,0.29428867223531785,RAF1,-2.8594769052360083
MAP2K6,-5.383783333333334,0.29428867223531785,MAP2K6,-2.8600081316904573
NTC_1437,-4.170750000000002,0.205722149210116,NTC,-2.864133048983205
BLVRA,-2.4572833333333346,0.06829005755686243,BLVRA,-2.864313940080772
ARL5B,-3.3178833333333326,0.13646520318602218,ARL5B,-2.869896334861701
MTAP,-2.470483333333334,0.06829005755686243,MTAP,-2.8797004213612096
PVALB,-5.424783333333334,0.29428867223531785,PVALB,-2.881788416322883
NTC_1836,-3.7538833333333343,0.17016609327109822,NTC,-2.887212920292689
NTC_180,-2.6649166666666666,0.08230793689014067,NTC,-2.8902574472438203
NTC_809,-3.535916666666669,0.15196261981317624,NTC,-2.8933105851809917
RXRG,-3.3453833333333325,0.13646520318602218,RXRG,-2.8936832318920453
NTC_380,-4.402049999999999,0.21910410111195155,NTC,-2.9024894373991326
NTC_1033,-2.45495,0.06472066700410557,NTC,-2.9188300254014505
NTC_367,-3.6028166666666674,0.1545642384064894,NTC,-2.9214915436964786
NTC_455,-3.1434500000000014,0.11650753230999485,NTC,-2.9348695068386004
NTC_867,-4.7278166666666674,0.23790317874676448,NTC,-2.9482653154530367
NTC_1921,-3.431650000000001,0.1376947182104962,NTC,-2.954934510571735
MAPK4,-2.542883333333334,0.06829005755686243,MAPK4,-2.9640929398993707
NTC_585,-4.891116666666667,0.24771834646050073,NTC,-2.964221283684737
NTC_1901,-4.898150000000001,0.24771834646050073,NTC,-2.9684837778722097
NTC_813,-3.2263166666666674,0.12005097010437644,NTC,-2.970257870390917
NTC_946,-5.136783333333334,0.2629666772765983,NTC,-2.9798443190221335
NTC_61,-3.3091500000000007,0.12525110198856984,NTC,-2.985576165349805
CNKSR1,-3.4646333333333335,0.13646520318602218,CNKSR1,-2.996831867196359
GABRB3,-2.5728500000000007,0.06829005755686243,GABRB3,-2.999023360786022
NTC_2049,-3.655383333333333,0.15107042992541544,NTC,-3.000413702736756
SLC12A3,-2.576183333333333,0.06829005755686243,SLC12A3,-3.0029088358568385
COX7B,-3.473033333333335,0.13646520318602218,COX7B,-3.0040976830165387
GAPDH,-5.658783333333334,0.29428867223531785,GAPDH,-3.0060954066640435
PRKCI,-3.483033333333333,0.13646520318602218,PRKCI,-3.012747463754844
NTC_136,-4.45045,0.21011517642684074,NTC,-3.0153693652288385
PROSC,-3.496833333333333,0.13646520318602218,PROSC,-3.024684161173708
GLIPR2,-2.598883333333333,0.06829005755686243,GLIPR2,-3.0293689210891075
FBP1,-2.6022833333333324,0.06829005755686243,FBP1,-3.0333321056613407
IRAK1BP1,-2.6028833333333345,0.06829005755686243,IRAK1BP1,-3.0340314911740904
CYTH3,-3.5156333333333336,0.13646520318602218,CYTH3,-3.0409457489617258
NTC_1333,-3.5047500000000014,0.13528109754327639,NTC,-3.0447967104794533
ACY1,-3.528383333333334,0.13646520318602218,ACY1,-3.0519742194030677
NAPB,-3.5362333333333336,0.13646520318602218,NAPB,-3.0587642972826385
NTC_162,-4.607116666666666,0.215882429435444,NTC,-3.0673385884813498
NTC_276,-4.18665,0.18475571679879188,NTC,-3.070497963006006
KCNH6,-2.634616666666666,0.06829005755686243,KCNH6,-3.0710212138482733
NTC_207,-4.386883333333335,0.19833072837339993,NTC,-3.08226806883424
PNPO,-3.5746833333333345,0.13646520318602218,PNPO,-3.09202270422143
CHRNA9,-3.576833333333335,0.13646520318602218,CHRNA9,-3.0938824070801667
NTC_303,-4.078650000000001,0.1739952671708348,NTC,-3.0975819897614825
SYK,-2.6623833333333344,0.06829005755686243,SYK,-3.103387221188187
AKAP10,-2.662749999999999,0.06829005755686243,AKAP10,-3.1038146234459743
NTC_568,-4.841116666666668,0.2283658906427949,NTC,-3.104941008038579
MTNR1A,-3.5957833333333333,0.13646520318602218,MTNR1A,-3.1102737415792574
FCGR3A,-3.6095333333333333,0.13646520318602218,FCGR3A,-3.1221671900944297
NTC_706,-4.43885,0.19713706032672806,NTC,-3.1304178374400884
SLC6A3,-3.6223833333333335,0.13646520318602218,SLC6A3,-3.1332821583431545
RBP1,-3.626383333333335,0.13646520318602218,RBP1,-3.1367420706384785
NTC_1060,-5.267450000000002,0.2527308072576755,NTC,-3.1464681457108887
NTC_1927,-4.14545,0.17295943084695442,NTC,-3.159064019241881
NEK3,-3.6527833333333337,0.13646520318602218,NEK3,-3.1595774917876085
IBTK,-2.7107166666666664,0.06829005755686243,IBTK,-3.1597266097150425
GP1BA,-5.968783333333334,0.29428867223531785,GP1BA,-3.170775607543359
ISYNA1,-2.7206166666666682,0.06829005755686243,ISYNA1,-3.171266470675373
ALDH1L1,-2.7219499999999996,0.06829005755686243,ALDH1L1,-3.172820660703698
NTC_1951,-4.13805,0.17016609327109822,NTC,-3.1826858652552223
CA1,-6.007783333333334,0.29428867223531785,CA1,-3.1914934392668854
NTC_478,-5.588116666666668,0.2681905113316041,NTC,-3.193924915988722
PARP15,-2.7572833333333335,0.06829005755686243,PARP15,-3.2140066964543665
NTC_537,-3.6915166666666686,0.13449787066033939,NTC,-3.216361590040562
NTC_631,-3.9823500000000003,0.15547938727202432,NTC,-3.2190417434668093
NTC_1203,-4.464350000000001,0.18995670840724455,NTC,-3.220338178148367
NTC_882,-3.4272833333333335,0.1143486865273046,NTC,-3.227708579188795
NTC_1207,-4.34845,0.1807592223913329,NTC,-3.230461485708596
NTC_211,-2.890616666666668,0.07605869400535979,NTC,-3.234169741467337
FBP2,-6.103783333333334,0.29428867223531785,FBP2,-3.2424911788940283
MAT2A,-3.7573333333333334,0.13646520318602218,MAT2A,-3.2500109494066094
STYXL1,-6.119783333333334,0.29428867223531785,STYXL1,-3.2509908021652185
FSHR,-3.7634333333333334,0.13646520318602218,FSHR,-3.255287315656977
CAMK4,-2.7931500000000007,0.06829005755686243,CAMK4,-3.255814408216366
NTC_660,-4.345783333333335,0.1778884400849925,NTC,-3.258695511432595
ECE1,-2.8010166666666674,0.06829005755686243,ECE1,-3.264984129383496
HMGCL,-3.792083333333334,0.13646520318602218,HMGCL,-3.2800689374722274
SLC7A1,-2.8160500000000006,0.06829005755686243,SLC7A1,-3.2825076219528837
NTC_2062,-4.1188166666666675,0.15905759099029693,NTC,-3.2886510424355806
PIP,-3.816883333333335,0.13646520318602218,PIP,-3.30152039370323
MAST2,-2.832483333333334,0.06829005755686243,MAST2,-3.3016630140520156
PROS1,-2.834316666666666,0.06829005755686243,PROS1,-3.3038000253409634
NTC_879,-4.339950000000002,0.17295943084695442,NTC,-3.307283863105044
NTC_55,-4.247316666666668,0.1664004261591866,NTC,-3.3080037523631614
NTC_2056,-2.8415833333333325,0.06833407534862823,NTC,-3.311475162496155
HAO2,-3.834433333333335,0.13646520318602218,HAO2,-3.316700758898959
TH,-2.846216666666667,0.06829005755686243,TH,-3.317671171343784
NPR3,-3.8465833333333332,0.13646520318602218,NPR3,-3.3272102424960006
TENC1,-2.8620500000000018,0.06829005755686243,TENC1,-3.3361271779301696
AKR1B1,-2.8718500000000002,0.06829005755686243,AKR1B1,-3.347550474638372
CCL8,-3.8766333333333325,0.13646520318602218,CCL8,-3.353202833614613
FGFR1,-2.878450000000001,0.06829005755686243,FGFR1,-3.355243715278592
NTC_855,-3.6130833333333356,0.11717259705208889,NTC,-3.36440905795216
STK17A,-2.891350000000001,0.06829005755686243,STK17A,-3.3702805038026566
COMP,-3.8992833333333348,0.13646520318602218,COMP,-3.3727945869868807
PPP1R2,-3.900683333333335,0.13646520318602218,PPP1R2,-3.374005556290244
GRIN2C,-3.908783333333334,0.13646520318602218,GRIN2C,-3.381011878688272
PCK1,-2.905850000000001,0.06829005755686243,PCK1,-3.3871823203607136
NTC_1660,-4.044283333333333,0.14511122088461642,NTC,-3.3903186900886055
NTC_224,-3.069516666666667,0.07809729486977679,NTC,-3.3990722814862986
SNRK,-2.9311500000000006,0.06829005755686243,SNRK,-3.41667307614822
NTC_1464,-3.3948833333333326,0.09851402605643984,NTC,-3.416956633526143
NTC_1158,-3.252483333333334,0.08896717731639027,NTC,-3.41761252422371
MTMR3,-3.9532833333333333,0.13646520318602218,MTMR3,-3.419503402973738
CDK8,-2.943150000000001,0.06829005755686243,CDK8,-3.4306607864031644
NTC_525,-4.033116666666668,0.14094983031881597,NTC,-3.4319219158621497
MMP21,-3.967783333333333,0.13646520318602218,MMP21,-3.4320455850442837
NTC_1108,-4.449516666666668,0.16915518232014415,NTC,-3.4337573858163606
NTC_934,-3.7216166666666677,0.11936714739891754,NTC,-3.4354808564543484
LTC4S,-3.9877833333333346,0.13646520318602218,LTC4S,-3.449345146520899
NTC_2080,-3.67235,0.1143486865273046,NTC,-3.4585047245730984
NTC_1780,-5.272449999999999,0.22044005712021686,NTC,-3.4624679247818286
PTPRO,-4.004783333333334,0.13646520318602218,PTPRO,-3.4640497737760207
CCBL1,-6.524783333333334,0.29428867223531785,CCBL1,-3.4661375162172265
IGF1R,-2.97935,0.06829005755686243,IGF1R,-3.472857045672244
GRIK2,-4.028683333333335,0.13646520318602218,GRIK2,-3.484722749740576
MAPKBP1,-4.043283333333333,0.13646520318602218,MAPKBP1,-3.4973514296185026
NTC_187,-4.556116666666668,0.17016609327109822,NTC,-3.5042322145584865
ADRB1,-3.0096500000000006,0.06829005755686243,ADRB1,-3.5081760140659775
NR1H3,-3.0105500000000003,0.06829005755686243,NR1H3,-3.509225092335098
CTSK,-4.061283333333334,0.13646520318602218,CTSK,-3.512921034947456
NTRK2,-3.020316666666668,0.06829005755686243,NTRK2,-3.520609534292595
STK39,-3.0399833333333337,0.06829005755686243,STK39,-3.543533837210419
NTC_1564,-4.379883333333336,0.1545642384064894,NTC,-3.55160789587142
NID1,-3.0524833333333348,0.06829005755686243,NID1,-3.5581043687259863
NTC_1059,-3.0284166666666685,0.06650716126113454,NTC,-3.564844922536461
PNCK,-3.06475,0.06829005755686243,PNCK,-3.572402916986594
NTC_201,-3.367750000000001,0.08670079983306367,NTC,-3.57647269166438
CTSL,-3.0704833333333337,0.06829005755686243,CTSL,-3.579085934108401
NTC_542,-4.386783333333332,0.15196261981317624,NTC,-3.589543490343063
NTC_411,-3.999616666666668,0.12597355606126392,NTC,-3.598537550818655
NTC_776,-4.57375,0.1617355199738879,NTC,-3.6187262600722225
MAST1,-3.108316666666667,0.06829005755686243,MAST1,-3.6231860761621824
PLA2G1B,-3.110616666666669,0.06829005755686243,PLA2G1B,-3.6258670539610485
DYRK1B,-3.1134833333333347,0.06829005755686243,DYRK1B,-3.629208562521951
LATS2,-3.124083333333335,0.06829005755686243,LATS2,-3.6415643732471517
ATP4A,-3.1243499999999997,0.06829005755686243,ATP4A,-3.641875211252815
NTC_1886,-4.508283333333335,0.15547938727202432,NTC,-3.644167951429607
SORD,-3.1298833333333356,0.06829005755686243,SORD,-3.6483250998703753
TMPRSS15,-6.876783333333334,0.29428867223531785,TMPRSS15,-3.653129228183417
NTC_1639,-2.125916666666667,0.018974964104817436,NTC,-3.660443787725535
NTC_1635,-4.648783333333332,0.1626977630484241,NTC,-3.6661161588432063
GDI1,-4.2405333333333335,0.13646520318602218,GDI1,-3.6679683546816113
BCR,-3.15625,0.06829005755686243,BCR,-3.679059207680541
SRC,-3.162416666666669,0.06829005755686243,SRC,-3.6862473365615562
DRD1,-3.162483333333334,0.06829005755686243,DRD1,-3.686325046062971
F7,-4.263783333333334,0.13646520318602218,F7,-3.6880790948981765
NTC_490,-3.664316666666668,0.09851402605643984,NTC,-3.6881418040405154
ITPKA,-3.16915,0.06829005755686243,ITPKA,-3.6940959962046054
RAB9A,-3.172550000000001,0.06829005755686243,RAB9A,-3.698059180776841
NTC_1834,-3.7743166666666674,0.10358523739189261,NTC,-3.7165776772709775
NTC_1928,-3.543683333333334,0.08896717731639027,NTC,-3.7235968030221493
PFKFB2,-3.2087166666666658,0.06829005755686243,PFKFB2,-3.7402165852952107
ERO1LB,-3.209083333333334,0.06829005755686243,ERO1LB,-3.7406439875530024
NTC_834,-3.466116666666668,0.08230793689014067,NTC,-3.7592055444570236
NTC_1021,-3.0526833333333343,0.05796623431269163,NTC,-3.775634795072003
DNPEP,-4.368283333333332,0.13646520318602218,DNPEP,-3.7784693036134844
NTC_1982,-2.832150000000002,0.046207358879152526,NTC,-3.7817383283709844
TXK,-3.252083333333335,0.06829005755686243,TXK,-3.7907666159665525
NTC_1149,-3.57845,0.08670079983306367,NTC,-3.800231223661613
GABRA5,-4.3982833333333335,0.13646520318602218,GABRA5,-3.804418645828407
ABL1,-4.399283333333335,0.13646520318602218,ABL1,-3.8052836239022385
NTC_1946,-3.169783333333333,0.06297395798506543,NTC,-3.8063994797139156
NTC_1392,-3.70875,0.09364304766317061,NTC,-3.8145400925038504
PPP1R14A,-3.27975,0.06829005755686243,PPP1R14A,-3.823016059054338
ACOT13,-3.282416666666668,0.06829005755686243,ACOT13,-3.826124439110994
NTC_466,-3.1550166666666684,0.06126640204769099,NTC,-3.826333614944874
MTM1,-4.4287833333333335,0.13646520318602218,MTM1,-3.8308004770802437
EPHB2,-3.291850000000002,0.06829005755686243,EPHB2,-3.8371203335614084
TRPV3,-3.3020500000000013,0.06829005755686243,TRPV3,-3.8490098872781098
UHMK1,-3.310083333333335,0.06829005755686243,UHMK1,-3.858373882198781
CTSH,-4.468183333333334,0.13646520318602218,CTSH,-3.8648806131891744
PIP4K2A,-3.3393499999999996,0.06829005755686243,PIP4K2A,-3.8924883533205583
NTC_937,-4.376816666666667,0.12901898279292978,NTC,-3.892506086777713
NTC_1055,-3.9565166666666656,0.10358523739189261,NTC,-3.8959904061443096
ACHE,-3.344616666666667,0.06829005755686243,ACHE,-3.8986274039324513
FFAR1,-3.352316666666667,0.06829005755686243,FFAR1,-3.90760285134604
NTC_1916,-4.556116666666666,0.13849896519334,NTC,-3.911669780521273
OGDH,-3.359416666666668,0.06829005755686243,OGDH,-3.915878913246883
NTC_1618,-3.2613166666666658,0.06297395798506543,NTC,-3.9163162770901225
NEK1,-4.532283333333334,0.13646520318602218,NEK1,-3.920325707721723
NTC_1599,-3.2990499999999994,0.06472066700410557,NTC,-3.9224286422536725
INPP5B,-3.373450000000002,0.06829005755686243,INPP5B,-3.9322367632950264
CAMKK2,-3.3754166666666663,0.06829005755686243,CAMKK2,-3.9345291935868065
NTC_929,-4.41295,0.12827665022930324,NTC,-3.935700002715064
FGGY,-4.554783333333335,0.13646520318602218,FGGY,-3.939787714382915
NTC_491,-4.002316666666669,0.10358523739189261,NTC,-3.941089763896227
DRD2,-4.561283333333334,0.13646520318602218,DRD2,-3.945410071862814
PPM1M,-3.394283333333334,0.06829005755686243,PPM1M,-3.956520982487636
PCYT1A,-3.3971833333333343,0.06829005755686243,PCYT1A,-3.959901345799248
EIF2AK3,-3.404250000000001,0.06829005755686243,EIF2AK3,-3.9681385529493816
NTC_1548,-3.9867166666666662,0.10102428343868829,NTC,-3.9690723409932964
PIK3CA,-3.4054833333333345,0.06829005755686243,PIK3CA,-3.969576178725584
SYN1,-3.409016666666666,0.06829005755686243,SYN1,-3.9736947823006488
IGFBP7,-3.412816666666668,0.06829005755686243,IGFBP7,-3.978124223881383
HLA-B,-3.426216666666667,0.06829005755686243,HLA-B,-3.9937438336660693
NTC_1918,-4.654816666666667,0.13849896519334,NTC,-3.9964090081538957
CMAS,-3.431283333333333,0.06829005755686243,CMAS,-3.9996497557737114
MMP24,-3.4363166666666665,0.06829005755686243,MMP24,-4.005516823130646
IRAK1,-3.4364500000000007,0.06829005755686243,IRAK1,-4.00567224213348
NTC_1695,-5.1307833333333335,0.16541404616356237,NTC,-4.009335783368316
NTC_1842,-3.2147166666666678,0.05637237236902312,NTC,-4.014967942348275
NTC_2020,-3.8753166666666665,0.09128104526820778,NTC,-4.028854370032501
PPP1R3E,-3.4588833333333344,0.06829005755686243,PPP1R3E,-4.031821489360084
PGK1,-7.6097833333333345,0.29428867223531785,PGK1,-4.04251821929483
NTC_1045,-3.901883333333334,0.09128104526820778,NTC,-4.05647359197063
MINK1,-4.691783333333333,0.13646520318602218,MINK1,-4.058289710497722
MMP25,-4.696783333333334,0.13646520318602218,MMP25,-4.062614600866876
EGFR,-3.486883333333335,0.06829005755686243,EGFR,-4.064459479954953
FDX1,-4.7057833333333345,0.13646520318602218,FDX1,-4.070399403531353
STK3,-4.720983333333335,0.13646520318602218,STK3,-4.08354707025358
STK32C,-3.5056166666666666,0.06829005755686243,STK32C,-4.086295849852947
LYN,-3.507250000000001,0.06829005755686243,LYN,-4.088199732637649
AKAP7,-3.5174166666666675,0.06829005755686243,AKAP7,-4.100050431603643
NTC_1820,-3.561916666666667,0.07020204606432916,NTC,-4.1092059817910265
APRT,-3.533516666666669,0.06829005755686243,APRT,-4.118817276195695
CKMT1A,-3.534183333333335,0.06829005755686243,CKMT1A,-4.119594371209857
PRKG1,-4.767283333333333,0.13646520318602218,PRKG1,-4.123595555071941
MYLK,-3.53815,0.06829005755686243,MYLK,-4.124218086544128
CALY,-3.5388166666666674,0.06829005755686243,CALY,-4.124995181558293
CLCNKA,-3.540283333333335,0.06829005755686243,CLCNKA,-4.126704790589454
ACY3,-3.5405166666666688,0.06829005755686243,ACY3,-4.126976773844412
PURA,-3.559816666666668,0.06829005755686243,PURA,-4.149473674504446
OAZ2,-3.565716666666667,0.06829005755686243,OAZ2,-4.156350965379791
NTC_254,-3.643383333333336,0.07211171217381102,NTC,-4.160722608481717
NTC_952,-3.211783333333333,0.05035730781757664,NTC,-4.168694017434905
CDKL1,-3.576816666666666,0.06829005755686243,CDKL1,-4.169289597365613
PIK3AP1,-3.5805500000000006,0.06829005755686243,PIK3AP1,-4.173641329444931
PPP2R5B,-3.581516666666669,0.06829005755686243,PPP2R5B,-4.1747681172154705
PDE4C,-3.5834166666666682,0.06829005755686243,PDE4C,-4.176982838005835
MARK2,-3.5854833333333342,0.06829005755686243,MARK2,-4.179391832549741
ADCK1,-3.5867833333333348,0.06829005755686243,ADCK1,-4.180907167827361
PLEKHA4,-3.6035833333333347,0.06829005755686243,PLEKHA4,-4.200489962184282
ACP6,-3.6165166666666675,0.06829005755686243,ACP6,-4.215565605459054
NTC_342,-3.7684499999999996,0.07605869400535979,NTC,-4.216334563754877
ITGA2B,-4.8800333333333334,0.13646520318602218,ITGA2B,-4.221121832896354
ABAT,-3.630183333333333,0.06829005755686243,ABAT,-4.231496053249406
SLC25A22,-3.6384500000000006,0.06829005755686243,SLC25A22,-4.2411320314250345
PRODH,-3.641916666666667,0.06829005755686243,PRODH,-4.245172925498685
PTPN18,-3.6508166666666675,0.06829005755686243,PTPN18,-4.255547143937769
NTC_547,-3.7064833333333347,0.07020204606432916,NTC,-4.275985350043398
CMPK1,-4.9542833333333345,0.13646520318602218,CMPK1,-4.285346454878286
PRDX6,-3.68055,0.06829005755686243,PRDX6,-4.290205581569462
PPT1,-3.6876833333333323,0.06829005755686243,PPT1,-4.298520498221011
FAH,-3.691016666666668,0.06829005755686243,FAH,-4.302405973291831
PRKCZ,-3.6923166666666667,0.06829005755686243,PRKCZ,-4.303921308569449
TPTE2,-3.694116666666666,0.06829005755686243,TPTE2,-4.306019465107689
SLC22A6,-3.696783333333334,0.06829005755686243,SLC22A6,-4.309127845164346
ITGA4,-3.6978500000000007,0.06829005755686243,ITGA4,-4.310371197187007
NTC_754,-3.168816666666668,0.043603818566757525,NTC,-4.3110973632624665
ALDH18A1,-3.698716666666666,0.06829005755686243,ALDH18A1,-4.311381420705418
NTC_262,-4.032816666666667,0.08448126808692419,NTC,-4.328178448945065
HEXB,-3.7132166666666677,0.06829005755686243,HEXB,-4.328283237263477
CTDSPL,-3.718916666666665,0.06829005755686243,CTDSPL,-4.334927399634572
THRA,-3.7237166666666663,0.06829005755686243,THRA,-4.340522483736551
GALK2,-3.730050000000002,0.06829005755686243,GALK2,-4.347904886371108
OPRL1,-3.7440499999999997,0.06829005755686243,OPRL1,-4.364223881668539
NTC_849,-3.468583333333333,0.05481516363055755,NTC,-4.374227962068938
GRK5,-3.759316666666667,0.06829005755686243,GRK5,-4.382019357492886
DYRK3,-3.764916666666668,0.06829005755686243,DYRK3,-4.388546955611861
NMT2,-3.7653500000000015,0.06829005755686243,NMT2,-4.389052067371067
LDHAL6B,-3.7724166666666683,0.06829005755686243,LDHAL6B,-4.3972892745212
TLL2,-3.7832166666666662,0.06829005755686243,TLL2,-4.409878213750647
CAST,-3.786783333333334,0.06829005755686243,CAST,-4.414035672076424
NTC_503,-3.676983333333336,0.06297395798506543,NTC,-4.415465025553823
NTC_2096,-4.79645,0.12005097010437644,NTC,-4.415776513703401
SLC25A6,-3.791383333333334,0.06829005755686243,SLC25A6,-4.419397627674153
HSPG2,-3.7919166666666655,0.06829005755686243,HSPG2,-4.420019303685481
FN3K,-3.793050000000001,0.06829005755686243,FN3K,-4.421340365209562
TLK1,-3.798816666666667,0.06829005755686243,TLK1,-4.4280622370820755
PTPN11,-3.803750000000001,0.06829005755686243,PTPN11,-4.4338127401868865
NTC_932,-4.610150000000001,0.10886177429259476,NTC,-4.440148835858138
MME,-3.812516666666667,0.06829005755686243,MME,-4.444031539623137
CKM,-3.812949999999999,0.06829005755686243,CKM,-4.444536651382341
IDH3A,-3.8307833333333345,0.06829005755686243,IDH3A,-4.465323943011219
NTC_1025,-5.449449999999999,0.15107042992541544,NTC,-4.47302046362091
CACNB1,-3.8434500000000007,0.06829005755686243,CACNB1,-4.480088748280325
INPP5F,-3.84525,0.06829005755686243,INPP5F,-4.482186904818566
PDE10A,-3.8554166666666667,0.06829005755686243,PDE10A,-4.494037603784561
PYCR2,-3.8874499999999994,0.06829005755686243,PYCR2,-4.531377019215118
NDST1,-3.8889500000000012,0.06829005755686243,NDST1,-4.533125482996988
ALDH5A1,-3.890316666666667,0.06829005755686243,ALDH5A1,-4.534718527776023
PI4K2B,-3.890783333333335,0.06829005755686243,PI4K2B,-4.535262494285939
FLT3LG,-3.8977500000000003,0.06829005755686243,FLT3LG,-4.5433831371839455
PAK6,-3.9068166666666677,0.06829005755686243,PAK6,-4.553951629376571
PTP4A1,-3.9080499999999994,0.06829005755686243,PTP4A1,-4.555389255152772
HPRT1,-3.9099500000000003,0.06829005755686243,HPRT1,-4.557603975943139
NTC_1914,-4.206850000000001,0.08230793689014067,NTC,-4.562574017425561
LIPT1,-5.279283333333334,0.13646520318602218,LIPT1,-4.566464328873268
SLC1A5,-3.923816666666667,0.06829005755686243,SLC1A5,-4.573767552237741
GK,-3.9401833333333336,0.06829005755686243,GK,-4.592845234835456
NTC_844,-3.9451500000000017,0.06833407534862823,NTC,-4.597530568282371
SKP2,-3.9551499999999997,0.06829005755686243,SKP2,-4.610291017903426
NTC_587,-4.68965,0.1030084980161463,NTC,-4.629279879034689
CHRNA3,-3.9852833333333333,0.06829005755686243,CHRNA3,-4.6454157125436195
NAGS,-3.988383333333335,0.06829005755686243,NAGS,-4.649029204359482
LDHAL6A,-3.988616666666667,0.06829005755686243,LDHAL6A,-4.649301187614437
MTMR2,-3.990449999999999,0.06829005755686243,MTMR2,-4.651438198903386
FNTB,-3.99925,0.06829005755686243,FNTB,-4.661695853090346
AVPR1B,-4.000416666666666,0.06829005755686243,AVPR1B,-4.6630557693651316
PTPRK,-4.009383333333334,0.06829005755686243,PTPRK,-4.673507697305632
EPHA1,-4.009616666666668,0.06829005755686243,EPHA1,-4.67377968056059
EIF2AK4,-4.011783333333334,0.06829005755686243,EIF2AK4,-4.676305239356621
NTSR2,-4.011783333333334,0.06829005755686243,NTSR2,-4.676305239356621
PTPN21,-4.029350000000001,0.06829005755686243,PTPN21,-4.6967816929798305
SCNN1D,-4.05165,0.06829005755686243,SCNN1D,-4.722775521203601
LATS1,-4.058316666666666,0.06829005755686243,LATS1,-4.730546471345235
NTC_1665,-3.8341499999999993,0.05796623431269163,NTC,-4.742172236292218
GALK1,-4.072983333333333,0.06829005755686243,GALK1,-4.747642561656834
PTPDC1,-4.090216666666667,0.06829005755686243,PTPDC1,-4.767730467772961
HRH3,-4.091283333333333,0.06829005755686243,HRH3,-4.768973819795623
INPP1,-4.092650000000001,0.06829005755686243,INPP1,-4.7705668645746595
HSD11B2,-4.094016666666667,0.06829005755686243,HSD11B2,-4.772159909353694
PPP1R3F,-4.094783333333334,0.06829005755686243,PPP1R3F,-4.773053568619982
NTC_2171,-3.901716666666667,0.05959736969612398,NTC,-4.7787168650368335
DUSP22,-4.099883333333334,0.06829005755686243,DUSP22,-4.7789983454783345
PTPN20B,-4.115116666666665,0.06829005755686243,PTPN20B,-4.796754966551968
RPS6KC1,-4.117283333333333,0.06829005755686243,RPS6KC1,-4.799280525348001
NTC_557,-3.5623166666666677,0.04488967258734513,NTC,-4.801481208882022
PACSIN1,-4.121116666666667,0.06829005755686243,PACSIN1,-4.803748821679442
NTRK3,-4.149583333333334,0.06829005755686243,NTRK3,-4.836930778784226
KCNN2,-4.155916666666668,0.06829005755686243,KCNN2,-4.84431318141878
NEK6,-4.158816666666667,0.06829005755686243,NEK6,-4.84769354473039
CTNS,-4.160450000000001,0.06829005755686243,CTNS,-4.849597427515092
DHRS4L1,-4.1613500000000005,0.06829005755686243,DHRS4L1,-4.850646505784212
NR3C2,-4.166783333333333,0.06829005755686243,NR3C2,-4.856979830149644
ROCK2,-4.16845,0.06829005755686243,ROCK2,-4.858922567685053
TNK2,-4.176783333333333,0.06829005755686243,TNK2,-4.868636255362097
ASGR2,-4.184116666666666,0.06829005755686243,ASGR2,-4.8771843005178965
PIP5K1C,-4.184650000000001,0.06829005755686243,PIP5K1C,-4.877805976529229
PPM1L,-4.185083333333335,0.06829005755686243,PPM1L,-4.878311088288436
PRSS1,-4.2057833333333345,0.06829005755686243,PRSS1,-4.902439888478214
MTMR6,-4.206683333333334,0.06829005755686243,MTMR6,-4.903488966747334
NTC_381,-3.9497833333333325,0.05637237236902312,NTC,-4.933017465268013
MTMR12,-4.23265,0.06829005755686243,MTMR12,-4.9337568175490025
PPP2R3A,-4.24535,0.06829005755686243,PPP2R3A,-4.948560477568819
MAPK8IP3,-4.312783333333334,0.06829005755686243,MAPK8IP3,-5.027163638251462
CDKN1A,-4.318116666666668,0.06829005755686243,CDKN1A,-5.033380398364772
PDXP,-4.321583333333335,0.06829005755686243,PDXP,-5.037421292438422
NTC_1027,-4.035116666666667,0.05637237236902312,NTC,-5.0395931399766365
PRPS1L1,-4.335783333333335,0.06829005755686243,PRPS1L1,-5.053973416240106
STK11,-4.338750000000001,0.06829005755686243,STK11,-5.0574314890531324
NTC_133,-2.9382166666666674,0.018974964104817436,NTC,-5.059077391474249
PDLIM5,-4.357283333333333,0.06829005755686243,PDLIM5,-5.079034730446878
SLC12A1,-4.359383333333334,0.06829005755686243,SLC12A1,-5.081482579741493
MUC2,-4.363283333333333,0.06829005755686243,MUC2,-5.086028585574351
ACP5,-4.364616666666668,0.06829005755686243,ACP5,-5.087582775602679
PIK3CD,-4.376116666666666,0.06829005755686243,PIK3CD,-5.100987664596998
PPIC,-4.386050000000001,0.06829005755686243,PPIC,-5.112566380308036
DGKD,-4.393783333333335,0.06829005755686243,DGKD,-5.1215806824723344
CACNB3,-4.394316666666667,0.06829005755686243,CACNB3,-5.122202358483663
PTPRE,-4.415783333333334,0.06829005755686243,PTPRE,-5.14722481793973
SPEG,-4.41935,0.06829005755686243,SPEG,-5.151382276265504
PAK1,-4.420983333333336,0.06829005755686243,PAK1,-5.153286159050208
GNAT1,-4.421116666666668,0.06829005755686243,GNAT1,-5.153441578053039
SGK3,-4.423783333333333,0.06829005755686243,SGK3,-5.156549958109691
PRKCA,-4.435383333333334,0.06829005755686243,PRKCA,-5.170071411356139
ENO3,-4.450816666666666,0.06829005755686243,ENO3,-5.188061160934024
NT5C2,-4.459650000000002,0.06829005755686243,NT5C2,-5.198357669871693
S100A1,-4.460783333333335,0.06829005755686243,S100A1,-5.199678731395771
PINK1,-4.486450000000001,0.06829005755686243,PINK1,-5.2295968894410665
ABO,-4.488250000000001,0.06829005755686243,ABO,-5.231695045979308
ACADSB,-4.4897833333333335,0.06829005755686243,ACADSB,-5.233482364511883
SLC12A2,-4.497783333333334,0.06829005755686243,SLC12A2,-5.2428075046818465
H6PD,-4.509449999999999,0.06829005755686243,H6PD,-5.256406667429707
NTC_378,-4.013883333333334,0.04894058221838718,NTC,-5.2595152338150335
HRH1,-4.516116666666667,0.06829005755686243,HRH1,-5.2641776175713435
SMOX,-4.525783333333335,0.06829005755686243,SMOX,-5.275445495276716
CSNK1A1L,-4.546449999999998,0.06829005755686243,CSNK1A1L,-5.299535440715783
NTC_1155,-4.20665,0.05481516363055755,NTC,-5.305003307778093
NTC_1846,-3.084616666666669,0.018974964104817436,NTC,-5.3111516984899
FADS2,-4.580449999999999,0.06829005755686243,FADS2,-5.3391672864381245
CDKL2,-4.587783333333334,0.06829005755686243,CDKL2,-5.347715331593926
SDSL,-4.593416666666666,0.06829005755686243,SDSL,-5.3542817844636055
PSAT1,-4.5959166666666675,0.06829005755686243,PSAT1,-5.357195890766721
NTC_459,-5.387116666666667,0.10102428343868829,NTC,-5.363274480513374
RDH13,-4.608450000000001,0.06829005755686243,RDH13,-5.371805277032996
CTSG,-4.612450000000001,0.06829005755686243,CTSG,-5.3764678471179765
S100A4,-4.616116666666667,0.06829005755686243,S100A4,-5.380741869695875
PPCDC,-4.6207833333333355,0.06829005755686243,PPCDC,-5.386181534795022
GPRC5A,-4.672116666666668,0.06829005755686243,GPRC5A,-5.446017850885614
F3,-4.680783333333334,0.06829005755686243,F3,-5.45612008606974
AKAP12,-4.687983333333335,0.06829005755686243,AKAP12,-5.4645127122227075
HIPK3,-4.6947833333333335,0.06829005755686243,HIPK3,-5.472439081367174
L3MBTL1,-4.701783333333335,0.06829005755686243,L3MBTL1,-5.480598579015893
PPM1E,-4.737116666666669,0.06829005755686243,PPM1E,-5.5217846147665615
EPHA10,-4.741116666666667,0.06829005755686243,EPHA10,-5.52644718485154
ST14,-4.754783333333334,0.06829005755686243,ST14,-5.542377632641894
PIK3R2,-4.772783333333335,0.06829005755686243,PIK3R2,-5.56335919802431
CERKL,-4.775683333333333,0.06829005755686243,CERKL,-5.56673956133592
DUSP14,-4.7814499999999995,0.06829005755686243,DUSP14,-5.5734614332084345
RALA,-4.800783333333333,0.06829005755686243,RALA,-5.595997188619178
HMOX2,-4.8167500000000025,0.06829005755686243,HMOX2,-5.6146086142083975
MAP3K9,-4.820116666666667,0.06829005755686243,MAP3K9,-5.618532944029921
PTGER4,-4.897783333333333,0.06829005755686243,PTGER4,-5.709064513179973
NTC_2108,-4.762116666666667,0.06297395798506543,NTC,-5.718535463203153
SDHA,-4.9241166666666665,0.06829005755686243,SDHA,-5.739759766239433
KCNQ1,-4.928116666666668,0.06829005755686243,KCNQ1,-5.7444223363244165
TNIK,-4.9447833333333335,0.06829005755686243,TNIK,-5.763849711678504
NTC_650,-4.5278833333333335,0.05329399135444213,NTC,-5.7654523427587705
PPP2R2C,-4.95045,0.06829005755686243,PPP2R2C,-5.770455019298894
IFNGR2,-4.958116666666667,0.06829005755686243,IFNGR2,-5.779391611961775
NTC_1474,-3.3626166666666677,0.018974964104817436,NTC,-5.789817390773712
MAPKAP1,-4.994783333333334,0.06829005755686243,MAPKAP1,-5.822131837740771
NTC_1167,-5.722116666666668,0.0960538274133276,NTC,-5.822169738114421
F2,-6.733283333333334,0.13646520318602218,F2,-5.824142448223129
KSR1,-5.030116666666668,0.06829005755686243,KSR1,-5.8633178734914395
ESRRG,-5.038450000000001,0.06829005755686243,ESRRG,-5.873031561168483
HBA1,-5.038550000000001,0.06829005755686243,HBA1,-5.873148125420607
HK1,-5.136116666666666,0.06829005755686243,HK1,-5.986875980743441
DPEP1,-5.162016666666666,0.06829005755686243,DPEP1,-6.017066122043695
NTC_1236,-4.551816666666667,0.04755746475438015,NTC,-6.021057991746834
CDKN3,-5.187449999999998,0.06829005755686243,CDKN3,-6.046712296834032
SLC29A1,-5.2174499999999995,0.06829005755686243,SLC29A1,-6.0816815724713935
NTC_1217,-3.544550000000001,0.018974964104817436,NTC,-6.103073667570482
BRD2,-5.236116666666666,0.06829005755686243,BRD2,-6.103440232867973
NTC_1656,-3.6111500000000003,0.018974964104817436,NTC,-6.2177468154341575
FXYD2,-5.4027833333333355,0.06829005755686243,FXYD2,-6.297713986408863
NTC_513,-3.679283333333334,0.018974964104817436,NTC,-6.3350600858212225
NTC_288,-3.7350833333333338,0.018974964104817436,NTC,-6.431137588085383
NTC_2014,-3.7539499999999997,0.018974964104817436,NTC,-6.463622573916633
NTC_1197,-3.804450000000001,0.018974964104817436,NTC,-6.550574435284739
PLK3,-5.638783333333334,0.06829005755686243,PLK3,-6.572805621422757
EPOR,-5.70011666666667,0.06829005755686243,EPOR,-6.644298362725806
NTC_1235,-3.8851166666666668,0.018974964104817436,NTC,-6.689467837602103
NTC_479,-3.9284500000000016,0.018974964104817436,NTC,-6.764079995871764
PIK3R5,-5.891449999999999,0.06829005755686243,PIK3R5,-6.867324631790739
NTC_1551,-4.273183333333334,0.018974964104817436,NTC,-7.357648411890852
ACADS,-6.463783333333335,0.06829005755686243,ACADS,-7.534460701450147
NTC_1752,-4.489383333333334,0.018974964104817436,NTC,-7.729905687688554
