index,epsilon,pvalue,gene,product
NTC_57,6.560056333333335,0.004588245322652536,NTC,15.339729830822868
NTC_1419,6.456723000000001,0.004588245322652536,NTC,15.09809998264651
NTC_1753,6.451120333333334,0.0070167245735527056,NTC,13.89484597668948
NTC_1383,6.346763000000001,0.006545150953353901,NTC,13.861840244580842
NTC_810,6.952200000000001,0.01283853848115633,NTC,13.149977935000797
NTC_512,6.809647166666667,0.012028420076436156,NTC,13.07310215717822
NTC_605,6.550970000000001,0.010198047560531758,NTC,13.046145171994013
NTC_1780,7.016862000000001,0.014144277850663115,NTC,12.977119453567715
NTC_2035,6.902816666666667,0.014144277850663115,NTC,12.76620182204117
NTC_1370,6.972580000000001,0.015078600743376958,NTC,12.70152336607509
NTC_292,7.037366666666667,0.017655997008344203,NTC,12.337262067090151
NTC_1262,6.924456666666668,0.017655997008344203,NTC,12.139318670649939
NTC_78,6.952137166666668,0.018790467632205193,NTC,11.999822643814213
NTC_1558,7.103226666666668,0.02327816688674553,NTC,11.599932992229197
NTC_499,6.0630233333333345,0.01283853848115633,NTC,11.468114129732792
NTC_1969,6.291483000000001,0.015078600743376958,NTC,11.460810536668523
NTC_841,6.847196666666667,0.021909642232226755,NTC,11.36199653902988
NTC_1531,7.253100000000001,0.02866854980885324,NTC,11.188590537246217
NTC_1488,7.600812,0.03510105303383692,NTC,11.056748094063186
PRKACB,6.241530000000001,0.020617376732857788,PRKACB,10.521762765181425
NTC_2077,7.034703333333335,0.03314823989937783,NTC,10.408121640660973
NTC_740,7.33201,0.03930249675892238,NTC,10.305725585226435
NTC_2085,6.906626666666668,0.032207208833601106,NTC,10.305010981486925
NTC_602,7.058695333333334,0.03510105303383692,NTC,10.26814190028724
NTC_786,7.2699733333333345,0.03930249675892238,NTC,10.21852809601286
NTC_513,7.070920000000001,0.03715123613454832,NTC,10.111604615347197
NTC_830,7.992783000000001,0.0545490724932301,NTC,10.096584429595412
NTC_493,7.476756666666668,0.04514783907937459,NTC,10.058952015469085
NTC_364,6.184753666666667,0.02398983793349724,NTC,10.01913200936439
NTC_1514,7.473960000000001,0.046400888656014966,NTC,9.966329108953564
NTC_1738,5.276046666666668,0.013696566722723912,NTC,9.83132353656921
NTC_1463,7.430736666666667,0.05033695357013259,NTC,9.645936400232666
NTC_1946,6.736220000000001,0.03715123613454832,NTC,9.632974668359152
TRAPPC6B,5.969260000000001,0.024676592882561906,TRAPPC6B,9.596867670299698
NTC_1246,7.4593733333333345,0.05170963668530998,NTC,9.595950549539824
NTC_1811,5.735383333333334,0.021252022401467608,NTC,9.593000643331466
NTC_101,7.3809000000000005,0.05033695357013259,NTC,9.58124277177686
NTC_1028,7.377916333333334,0.05033695357013259,NTC,9.577369635074914
NTC_1448,7.249506666666668,0.04899494086064482,NTC,9.495757333974096
LDHC,6.329155666666668,0.032798970127341995,LDHC,9.39335177923381
GLUD1,6.064260000000001,0.02928480049397474,GLUD1,9.298679949587678
NTC_1288,6.802410000000001,0.04392343998293836,NTC,9.232935950908297
CHRND,6.391814666666668,0.036668161677153296,CHRND,9.176797747558323
NTC_346,7.194086666666667,0.05311350398048195,NTC,9.17098604714091
NTC_1408,7.316923333333334,0.05601686238921922,NTC,9.158455528094201
AXL,6.357752333333334,0.036668161677153296,AXL,9.127894085592022
PDE11A,6.057660000000001,0.031589445460584516,PDE11A,9.08926439546636
NTC_1346,7.6689033333333345,0.06552973796714558,NTC,9.076619259007662
NTC_1762,7.587980000000001,0.06385753935093051,NTC,9.066026084859775
NTC_1000,7.437500000000001,0.06061880598267275,NTC,9.054357627946676
NTC_500,6.432356666666667,0.03930249675892238,NTC,9.041190979413352
NTC_360,7.072453333333334,0.0545490724932301,NTC,8.934012371457289
NTC_1844,5.994710000000001,0.03314823989937783,NTC,8.869410396432745
NTC_2132,7.061763333333334,0.05751739682226475,NTC,8.758004379333556
NTC_1647,7.3384566666666675,0.06723787435872139,NTC,8.603504038809755
NTC_1309,6.845833333333334,0.05601686238921922,NTC,8.56880102193384
SCNN1B,6.070525000000001,0.03925183713316461,SCNN1B,8.536008095331066
ISPD,6.510803333333334,0.04893194634757068,ISPD,8.531805578460265
NTC_255,7.250193333333335,0.06723787435872139,NTC,8.500025340317
NTC_920,7.404843333333334,0.07444061709737386,NTC,8.354070461732409
ACAN,6.103008000000001,0.042912692529021086,ACAN,8.345340016051194
CCKAR,5.939774000000001,0.03945825137699505,CCKAR,8.3386239857901
NTC_511,6.7066766666666675,0.05751739682226475,NTC,8.317625619112249
NTC_1257,5.526430666666667,0.032207208833601106,NTC,8.24569380350071
WNK1,6.192440000000001,0.04723175366487187,WNK1,8.209725970806478
PTPN5,6.555422333333334,0.05625481555567292,PTPN5,8.193230982353636
NTC_535,7.608643333333334,0.08431783457566891,NTC,8.172295857335715
NTC_368,7.545760000000001,0.08431783457566891,NTC,8.10475409174341
NTC_1970,7.255613333333335,0.0782717206093876,NTC,8.027575178726847
NTC_247,6.627860000000001,0.062220740632451504,NTC,7.993628802122496
NTC_1161,5.74403,0.041558614828289465,NTC,7.934452289413025
CLPS,6.562530333333334,0.06232723952124459,CLPS,7.909962892704723
NTC_2037,7.654560000000001,0.09296131756826875,NTC,7.897192172519681
NTC_35,7.500940000000001,0.08855460766360884,NTC,7.896905896931048
PPP1R9B,6.180356666666667,0.05434351054053623,PPP1R9B,7.817238406395009
GPX1,6.541776666666667,0.06666932874117841,GPX1,7.693612912024358
NTC_2145,6.305640000000001,0.06061880598267275,NTC,7.676439614532528
PHOSPHO1,6.596183000000001,0.0689320645738688,PHOSPHO1,7.66198576527781
NTC_1451,7.96271,0.10978601543902199,NTC,7.6398458134244835
CAMK2N1,6.26918,0.060566656902228774,CAMK2N1,7.634396743425969
DPH5,6.259470000000001,0.060566656902228774,DPH5,7.622572231706948
NTC_447,7.594996666666668,0.0998995749770304,NTC,7.598310815439579
CDC42SE2,6.537373333333334,0.0689320645738688,CDC42SE2,7.5936737083108135
NTC_583,7.901376666666668,0.10978601543902199,NTC,7.580999364176673
ALPK3,6.504036666666668,0.0689320645738688,ALPK3,7.554950545921018
NTC_1924,7.776926666666667,0.10724470489657498,NTC,7.540695842545041
NTC_667,7.348320000000001,0.09522976586091292,NTC,7.504304871578211
NTC_1827,7.221626666666667,0.09296131756826875,NTC,7.450535835483606
RPS6KB1,6.129346666666668,0.06232723952124459,RPS6KB1,7.387837042610757
SERPINA5,5.865605,0.0556682119141054,SERPINA5,7.357772258415324
HTR2C,6.222625000000001,0.06581706056322051,HTR2C,7.353036500391147
PSAP,6.558330000000001,0.07610137698349304,PSAP,7.336197027129095
NTC_947,6.674243333333334,0.08024661651253813,NTC,7.312122593225371
NTC_618,7.771576666666667,0.11501124381092308,NTC,7.299528766635483
NTC_269,6.994343333333334,0.0907364469194907,NTC,7.289632135517408
NTC_248,7.501036666666668,0.10724470489657498,NTC,7.273186238151221
NTC_569,7.578013333333335,0.10978601543902199,NTC,7.270747451400539
NTC_1719,6.615270000000001,0.08024661651253813,NTC,7.247512985584783
NTC_1856,6.746276666666668,0.08641525275303617,NTC,7.174055340979876
KRT7,6.332210000000001,0.07364688841678078,KRT7,7.173416220239285
IL4I1,6.2506900000000005,0.07143702245408105,IL4I1,7.1637698894250965
NTC_1106,7.93491,0.12893074303266688,NTC,7.059241219431202
CHRM4,6.307265000000001,0.07744433551010482,CHRM4,7.007436646159327
CDA,6.289845000000001,0.07744433551010482,CDA,6.988082845997751
NTC_1221,7.809610000000001,0.12893074303266688,NTC,6.947768887067669
NTC_644,7.455443333333334,0.11769622066266065,NTC,6.927877394290966
CAMKK1,6.859323333333334,0.09822641659070315,CAMKK1,6.9126319310751665
DSTN,6.682800000000001,0.09520751464697028,DSTN,6.825335916011243
ATP8A1,6.593423333333334,0.09226338814717895,ATP8A1,6.823999310163023
NTC_1928,6.2864,0.08226180518276582,NTC,6.819497811770027
PTPRN,6.306885000000001,0.0872208175834978,PTPRN,6.68138686438366
PFKFB1,5.889020000000001,0.07364688841678078,PFKFB1,6.6713503799326865
HSD17B6,6.296965000000001,0.0872208175834978,HSD17B6,6.6708778163045075
NTC_6,6.300410000000001,0.08855460766360884,NTC,6.63300131477966
MVK,5.608785000000001,0.06581706056322051,MVK,6.6276853944832546
NTC_1553,6.818376666666667,0.10724470489657498,NTC,6.61126262172625
P4HTM,6.637915000000001,0.10177949015014158,P4HTM,6.587066772182695
PRKAG1,6.667903333333334,0.10449334135421567,PRKAG1,6.54062228232695
PDE6G,6.258490000000001,0.09069277692773722,PDE6G,6.524020834087372
NPPB,6.909886666666668,0.1144843705705933,NPPB,6.503957077371435
INPP5J,6.713610000000001,0.10774374909189682,INPP5J,6.496142185324023
NTC_812,7.699743333333334,0.144125061032597,NTC,6.477489894029951
ACVR1C,6.516820000000001,0.10177949015014158,ACVR1C,6.466899392700212
RORA,6.491465000000001,0.10177949015014158,RORA,6.441738618871578
NTC_1333,7.563076666666667,0.14098120614178009,NTC,6.434958910623958
PDP2,6.481040000000001,0.10177949015014158,PDP2,6.43139347719682
SFTPA1,5.8896250000000006,0.08121053188653915,SFTPA1,6.421974334264102
NTC_2134,7.798110000000001,0.15057365194266673,NTC,6.412003872688491
NTC_1682,6.682776666666667,0.10978601543902199,NTC,6.411809966567181
NTC_1100,7.535260000000001,0.14098120614178009,NTC,6.411291411943238
NTC_1188,6.273726666666668,0.09522976586091292,NTC,6.406900840956409
DUSP2,5.922690000000001,0.08305839332020806,DUSP2,6.40015638515375
NTC_1661,7.598410000000001,0.144125061032597,NTC,6.392242163790238
BRSK1,6.504880000000001,0.10449334135421567,BRSK1,6.38071083891882
IL6R,5.885830000000001,0.08305839332020806,IL6R,6.3603248619173876
NTC_1301,7.724476666666668,0.15057365194266673,NTC,6.35145878952189
CA5A,5.9744437333333344,0.0865946450032071,CA5A,6.347900020639478
UGCG,6.279685000000001,0.09796987540847607,UGCG,6.335620944091452
NTC_1746,6.252110000000001,0.09754233701552728,NTC,6.319675573465808
STK11IP,6.437090000000001,0.1057061168729383,STK11IP,6.281955363317957
ADRA2C,6.819906666666667,0.12155252916058626,ADRA2C,6.241824100020729
NTC_571,7.498810000000001,0.14732238433873085,NTC,6.236994696717332
FGFR3,6.708030000000001,0.11797692755142775,FGFR3,6.226413021778383
NTC_515,7.613993333333334,0.15387933325236713,NTC,6.188803808422118
NTC_432,7.7932933333333345,0.1606557804584171,NTC,6.188682632768915
NTC_374,7.824410000000001,0.16412745010872232,NTC,6.1407438921780715
ABCE1,5.9471300000000005,0.09282348409864016,ABCE1,6.139472878420025
KAT2A,6.701560000000001,0.12155252916058626,KAT2A,6.133508970171867
SELE,5.941060000000001,0.09282348409864016,SELE,6.133206561663538
NTC_1662,8.04531,0.17488150460800767,NTC,6.092360225854967
NTC_966,7.945293333333334,0.1712398837835537,NTC,6.089233684729019
NTC_459,7.654560000000001,0.1606557804584171,NTC,6.078513987260108
PTPRG,6.918303333333334,0.13278901896032705,PTPRG,6.066230134899889
PRX,5.996905000000001,0.09796987540847607,PRX,6.050322097004348
NTC_562,5.7873366666666675,0.0907364469194907,NTC,6.0316677826402865
QDPR,5.958370000000001,0.09804068358639485,QDPR,6.009574261354132
KCNQ3,6.052015000000001,0.10177949015014158,KCNQ3,6.005654924965332
NTC_21,6.67611,0.12604688603308112,NTC,6.004946501847248
GPX5,5.807600000000001,0.09282348409864016,GPX5,5.9954301803915735
CDK3,6.577610000000001,0.12262670788867447,CDK3,5.994931963736202
NTC_700,7.088143333333334,0.144125061032597,NTC,5.962974974806836
CSF2RB,6.094505000000001,0.1057061168729383,CSF2RB,5.947626702674361
NTC_2124,6.460576666666667,0.12043013993377041,NTC,5.93898077563078
SIGLEC7,6.832336666666667,0.13670815473076783,SIGLEC7,5.904543462957117
BAIAP2L1,6.355463333333335,0.11797692755142775,BAIAP2L1,5.899159612897038
NTC_2027,7.681710000000001,0.1712398837835537,NTC,5.887224716056603
NTC_1242,6.003393333333334,0.10475021926469626,NTC,5.882395296635983
PPA1,5.5432950000000005,0.0872208175834978,PPA1,5.872455007250586
NTC_753,8.23921,0.1939600011912107,NTC,5.868688944988388
PAK3,5.806360000000001,0.09804068358639485,PAK3,5.856257937683657
SCN4A,5.787550000000001,0.09804068358639485,SCN4A,5.837286290764103
GNRHR,6.066200000000001,0.10975196632862033,GNRHR,5.821050845970744
NTC_1481,7.7474033333333345,0.17858061852097362,NTC,5.796341261214068
VDAC1,6.87405,0.14481347743782272,VDAC1,5.7686410140362865
NTC_2001,8.096010000000001,0.1939600011912107,NTC,5.766689328893844
NTC_1587,7.661543333333334,0.17858061852097362,NTC,5.7321037561720125
NTC_863,7.550243333333334,0.17488150460800767,NTC,5.717467963263893
TACR1,6.547436666666668,0.13670815473076783,TACR1,5.658331293582685
NTC_1382,7.644843333333334,0.18233763231287914,NTC,5.650484805536004
SI,6.877186666666668,0.15112985386761277,SI,5.643761433321792
ABCC2,6.007750000000001,0.11510758526309177,ABCC2,5.640652784361705
MAP3K8,6.639090000000001,0.1415928683112964,MAP3K8,5.636312687463968
HIPK1,6.335870000000001,0.1289574450339798,HIPK1,5.636095840292778
PRNP,5.998940000000001,0.11510758526309177,PRNP,5.632381110102585
NTC_1994,7.8094366666666675,0.19002694044012014,NTC,5.632047208148946
NTC_433,7.973776666666668,0.1979524940472106,NTC,5.609065660885025
NTC_1672,7.773543333333334,0.19002694044012014,NTC,5.606161480865438
PRKAB1,6.854046666666668,0.1532819804970744,PRKAB1,5.58268198962087
TSPO,6.448520000000001,0.1366522239532515,TSPO,5.573992971710285
NARS2,6.1326816666666675,0.12521232295811532,NARS2,5.533843253998863
AGTR1,6.881916666666667,0.15765502445295754,AGTR1,5.521307950990719
PLA2G2D,6.024210000000001,0.1212893222787449,PLA2G2D,5.519245239325973
NTC_183,7.559043333333334,0.18615294358382517,NTC,5.51908500451607
HLA-DRB1,6.603440000000001,0.14666962123757732,HLA-DRB1,5.505022664813234
OPRM1,5.7987945000000005,0.11391923366021878,OPRM1,5.470599810001189
DUSP19,6.915176666666667,0.16212194426656745,DUSP19,5.464083523904838
CHRNA4,6.913116666666667,0.16212194426656745,CHRNA4,5.462455798019901
CYB5B,6.427035000000001,0.1415928683112964,CYB5B,5.456286767203785
DUT,5.770080000000001,0.11510758526309177,DUT,5.417505358576803
GABRA4,6.855646666666668,0.16212194426656745,GABRA4,5.417045406462953
PNLIP,5.5815660000000005,0.10774374909189682,PNLIP,5.400767448923942
DOLPP1,6.726110000000001,0.15765502445295754,DOLPP1,5.3963054801455295
NTC_340,7.954743333333334,0.21029008952850003,NTC,5.386802589200743
SLC6A1,6.458065000000001,0.14666962123757732,SLC6A1,5.383829367093073
NTC_986,7.650143333333334,0.1979524940472106,NTC,5.381409345364388
CD33,6.680535000000001,0.1572392773790189,CD33,5.3674020974847405
ITGAL,6.173750000000001,0.1366522239532515,ITGAL,5.336486373477382
PANK1,6.841003333333334,0.16668372429166078,PANK1,5.323031243024661
NTC_319,6.010046666666668,0.13186560223441224,NTC,5.288050609995139
NTC_991,7.687010000000001,0.2061171966088351,NTC,5.272410795842971
ABCC9,5.883195000000001,0.12717120194441653,ABCC9,5.269055475021346
FCGR3B,6.5547453,0.1572392773790189,FCGR3B,5.266337751646873
GABBR2,6.280425000000001,0.14666962123757732,GABBR2,5.235738034972629
MMP27,6.759600000000001,0.16837640091929507,MMP27,5.2300294507720695
NTC_2095,5.492143333333334,0.11237468472977534,NTC,5.213864743991559
NTC_504,7.885910000000001,0.21881858238742768,NTC,5.2040366052983416
NTC_1828,7.762643333333334,0.21452378038386477,NTC,5.189517706522184
NTC_1401,8.272846666666668,0.2366147438844417,NTC,5.178456185222754
MMACHC,6.070750000000001,0.1413987235957725,MMACHC,5.157433046994062
PRSS3,6.034040000000001,0.1413987235957725,PRSS3,5.126245900899238
VRK2,7.009126666666668,0.18589832527718153,VRK2,5.121740737954447
GMDS,6.605255500000001,0.16837640091929507,GMDS,5.110610212863808
RIPK3,6.6473433333333345,0.1713413264673278,RIPK3,5.092781497519188
PYGM,6.706760000000001,0.1741623062883173,PYGM,5.090738230420757
CDKN2C,5.889123333333334,0.13670815473076783,CDKN2C,5.089413238376948
SLC7A4,6.6955420000000005,0.1741623062883173,SLC7A4,5.082223254267016
PIPOX,6.7689900000000005,0.18009542463357398,PIPOX,5.039494916769075
NTC_1228,6.2451766666666675,0.15723989090318272,NTC,5.0176076678515535
HAO1,6.058490000000001,0.14864294745698517,HAO1,5.015555428959762
NTC_1722,7.311276666666668,0.2061171966088351,NTC,5.014700648070986
NTC_1706,7.748010000000001,0.2275927129497809,NTC,4.9807435114626815
TWF1,6.675998000000001,0.18009542463357398,TWF1,4.970262621951061
MTMR10,6.792915000000001,0.1861774221380279,MTMR10,4.95932374684531
NTC_1912,8.580043333333334,0.2651877497969314,NTC,4.945936307993928
NTC_224,7.116443333333335,0.20200477681724704,NTC,4.943354530712577
RABGGTA,6.126380000000001,0.15616720212750737,RABGGTA,4.940375139729187
TPSB2,6.171035000000001,0.16273598430466618,TPSB2,4.865962332823305
NTC_1688,7.514143333333334,0.2275927129497809,NTC,4.83040427822119
FARSA,6.112800000000001,0.1639769250593912,FARSA,4.7998760782823195
CDK18,6.700955,0.19240990374951483,CDK18,4.79635983311008
FOLR2,6.1081900000000005,0.1639769250593912,FOLR2,4.7962562267051565
OAT,6.079970000000001,0.1639769250593912,OAT,4.774097395575539
LRRK2,7.086050000000001,0.21215887931412114,LRRK2,4.771312314037832
NTC_564,7.214143333333334,0.21881858238742768,NTC,4.760727168143647
AATK,6.150375000000001,0.16837640091929507,AATK,4.7586606283348525
SCN2A,7.062620000000001,0.21215887931412114,SCN2A,4.755535986250432
ATM,6.203263333333334,0.1713413264673278,ATM,4.75255498987403
MCCC1,6.763896000000001,0.19879440998905018,MCCC1,4.745521241247899
PFKFB3,6.126570000000001,0.16837640091929507,PFKFB3,4.7402422528280725
KCNK9,6.921863333333334,0.2067031339901202,KCNK9,4.7390740720296
NTC_1523,7.994410000000001,0.2554105279196478,NTC,4.738776106935202
NTC_465,3.148163833333334,0.031922550969894645,NTC,4.709345868298658
NTC_1458,6.595510000000001,0.1939600011912107,NTC,4.697901452148977
NTC_963,7.591403333333334,0.24121937351130895,NTC,4.688358195979361
EPHA7,6.9303023333333345,0.21215887931412114,EPHA7,4.666441369033305
NTC_508,7.190010000000001,0.2275927129497809,NTC,4.622037872286148
NTC_1729,2.631850000000001,0.018024161386521406,NTC,4.5903278409629795
WDSUB1,6.260550000000001,0.1861774221380279,WDSUB1,4.570658440936242
NTC_1074,6.259576666666668,0.18615294358382517,NTC,4.570305287611618
SDF2,6.142750000000001,0.18047353342602523,SDF2,4.567665841960952
DUSP7,6.9208300000000005,0.21887444858990235,DUSP7,4.566397788466378
NTC_1824,8.365876666666667,0.28550780887761673,NTC,4.554232746327474
CDC14B,6.110000000000001,0.18047353342602523,CDC14B,4.543313384783919
NTC_635,6.505576666666667,0.20200477681724704,NTC,4.519023110804604
UGT1A9,6.707930000000001,0.2120253172292066,UGT1A9,4.5185440101995225
NGF,6.0600000000000005,0.18009542463357398,NGF,4.5116537615834265
KALRN,6.824300300000001,0.21887444858990235,KALRN,4.502707016029933
EARS2,5.395630000000001,0.14666962123757732,EARS2,4.498119986090012
CFB,7.028006666666667,0.22914848653897668,CFB,4.497102037691835
GCGR,7.012496666666667,0.22914848653897668,GCGR,4.487177452256335
SIRPA,7.116566666666667,0.23502128090254704,SIRPA,4.475557616306144
MYLK2,6.774895000000001,0.21887444858990235,MYLK2,4.470109155273562
PDXK,5.665490000000001,0.1639769250593912,PDXK,4.448640544880856
SLC1A2,6.736280000000001,0.21887444858990235,SLC1A2,4.444630787707586
CACNA1C,5.652300000000001,0.1639769250593912,CACNA1C,4.438283529196957
DGUOK,6.724140000000001,0.21887444858990235,DGUOK,4.436620755796388
SLC16A3,6.719950000000001,0.21887444858990235,SLC16A3,4.433856173118635
NSDHL,7.0416033333333345,0.23502128090254704,NSDHL,4.428413714877502
SLC12A7,5.719420000000001,0.16837640091929507,SLC12A7,4.425222652425409
KCNK2,6.835095000000001,0.22588105903908073,KCNK2,4.416292844176325
CD46,7.143773333333334,0.24099984848656109,CD46,4.414732122209347
NDUFS8,6.804525000000001,0.22588105903908073,NDUFS8,4.396540950128551
COMTD1,6.972992333333334,0.23502128090254704,COMTD1,4.385264750215836
CD86,7.0841866666666675,0.24099984848656109,CD86,4.3779085614503215
DRD5,6.907655000000001,0.23304631964865175,DRD5,4.369490712948269
LRAT,6.753875000000001,0.22588105903908073,LRAT,4.363814962771019
CDK15,6.181250000000001,0.19817204621988915,CDK15,4.345156703954434
NTC_295,6.404910000000001,0.21029008952850003,NTC,4.337284601882952
GP9,6.1667700000000005,0.19817204621988915,GP9,4.334977877815179
TFPI,7.0081033333333345,0.24099984848656109,TFPI,4.330890337332802
CRP,6.757130000000001,0.22914848653897668,CRP,4.32377266175264
AK8,6.410595000000001,0.2120253172292066,AK8,4.318255503421325
DCLK1,6.120110000000001,0.19879440998905018,DCLK1,4.293843666989215
DUSP3,6.418030000000001,0.21492488545707644,DUSP3,4.285403965411033
CALM3,6.642223333333334,0.22914848653897668,CALM3,4.250245838384367
SPTBN1,7.013675000000001,0.24785705685039572,SPTBN1,4.248875278497906
GSTA3,7.089133333333335,0.2532763842347471,GSTA3,4.227996709499064
NTC_343,8.096910000000001,0.30142170026083204,NTC,4.2170770754937
STK35,7.1778666666666675,0.25957529423929726,STK35,4.204339539757149
CRYZ,6.929670000000001,0.24785705685039572,CRYZ,4.197985157730945
YARS,6.896750000000001,0.24785705685039572,YARS,4.178042264145463
AMT,5.286850000000001,0.16212194426656745,AMT,4.17744786154265
NTC_534,6.664643333333334,0.2366147438844417,NTC,4.171788125949825
PTGER2,6.826136666666668,0.24708471928010178,PTGER2,4.144516948270583
TRPA1,7.0710673333333345,0.25957529423929726,TRPA1,4.141783256559769
PYGL,6.233988000000001,0.21710773705204878,PYGL,4.135158215852169
CD209,6.226389000000001,0.21710773705204878,CD209,4.130117611461808
LYZ,6.207283000000001,0.21710773705204878,LYZ,4.1174441297560245
DGKK,7.154826666666668,0.26598185911302985,DGKK,4.1150841242702185
CHIA,7.133712333333334,0.26598185911302985,CHIA,4.1029402580464085
RDX,5.343235000000001,0.1741623062883173,RDX,4.055760261083184
MB,6.254310000000001,0.22704930883251706,MB,4.027023970816239
KCNQ2,6.9452300000000005,0.26331431205137457,KCNQ2,4.024938130283732
BMP2K,6.2503150000000005,0.22704930883251706,BMP2K,4.024451670952079
NTC_2039,7.609076666666668,0.296052706837856,NTC,4.022393531687402
NTC_142,3.998973333333334,0.09933882440817829,NTC,4.010494310811247
SNAP25,6.218306000000001,0.22704930883251706,SNAP25,4.003841721927829
CACNB4,6.8954795,0.26331431205137457,CACNB4,3.996106445163055
NTC_691,3.2962100000000008,0.06178858528327938,NTC,3.9854203117137206
MTTP,6.869290000000001,0.26331431205137457,MTTP,3.9809289611685634
NTC_2113,3.4520266666666677,0.07029844163627928,NTC,3.9803741994423216
SHPK,6.990160000000001,0.2712873752869718,SHPK,3.960417860715777
RIOK3,6.956365000000001,0.2712873752869718,RIOK3,3.9412706134992765
NTC_1172,3.319550000000001,0.06508424154962744,NTC,3.938726248032669
NTC_676,7.903576666666668,0.3179154934453675,NTC,3.933517686170174
GCAT,6.475649666666667,0.24708471928010178,GCAT,3.9317173249138118
ADRA2B,5.589690000000001,0.19817204621988915,ADRA2B,3.929315102370403
NTC_1128,6.360976666666668,0.24121937351130895,NTC,3.928461679627984
AKAP5,7.212700000000001,0.28585094452927373,AKAP5,3.922701679304659
TPSAB1,7.071066666666668,0.27911938149851756,TPSAB1,3.918855899146931
NAGK,6.907370000000001,0.2712873752869718,NAGK,3.9135114959560777
NTC_728,6.956543333333334,0.27521979216360104,NTC,3.8978927080071446
RNASEL,6.5299433333333345,0.2532763842347471,RNASEL,3.894492828443818
EPHA2,7.1929300000000005,0.28772551196011253,EPHA2,3.891530702347115
NTC_727,5.8106100000000005,0.21452378038386477,NTC,3.884535484351104
KLK6,7.006270000000001,0.27942426589151614,KLK6,3.879623093647163
GALE,7.1272833333333345,0.28585094452927373,GALE,3.876246939502097
NTC_1456,7.782376666666668,0.3179154934453675,NTC,3.873197863427835
PRKG2,5.725665000000001,0.2120253172292066,PRKG2,3.8568782456225765
UCKL1,6.95959,0.27942426589151614,UCKL1,3.8537747027042717
NTC_2062,4.249723333333334,0.1254203978293845,NTC,3.8316858089883845
NTC_888,3.5543266666666677,0.08380458820600598,NTC,3.827057984076104
DCD,6.317832000000001,0.24789671274081282,DCD,3.826895526525234
MAPK15,6.316224000000001,0.24789671274081282,MAPK15,3.825921513919857
KCND3,5.589940000000001,0.20748321213762833,KCND3,3.8180242565071083
NTC_112,3.3682600000000007,0.07396139424341473,NTC,3.809484917466494
CPS1,7.124403333333334,0.29269137160689507,CPS1,3.8015109457143916
NTC_2143,8.12761,0.34081018450210165,NTC,3.799555556444606
NTC_1008,8.35641,0.35264393031602703,NTC,3.7826425233956993
PKIA,5.977645000000001,0.23304631964865175,PKIA,3.781205678743605
NTC_425,6.462843333333334,0.2602673678426264,NTC,3.7780507656802906
NTC_573,2.899346666666667,0.04995689313902557,NTC,3.773223026934742
NTC_1734,4.509773333333334,0.14665294750433294,NTC,3.7598395356284566
NTC_296,3.254046666666668,0.07029844163627928,NTC,3.7520925086851267
CSNK1G3,6.3666350000000005,0.25880823649868334,CSNK1G3,3.73735421559259
DUSP27,6.363175000000001,0.25880823649868334,DUSP27,3.735323119796153
NTC_655,7.863476666666667,0.33498982327712734,NTC,3.734902822930645
AADACL2,6.345747000000001,0.25880823649868334,AADACL2,3.725092502009937
PITPNA,6.345747000000001,0.25880823649868334,PITPNA,3.725092502009937
NTC_388,8.30901,0.3586571342135525,NTC,3.7001727036719423
PRDX5,6.957510000000001,0.29619153877348425,PRDX5,3.6765385859173154
NTC_550,6.6342766666666675,0.28033174116598014,NTC,3.664294941811823
PFAS,7.0714950000000005,0.3048226662989548,PFAS,3.6485572384158713
PHGDH,7.406725000000001,0.3225809624709164,PHGDH,3.6393777776278
PHYH,7.227323333333334,0.31386750430715804,PHYH,3.6371768172383763
UCK2,7.035575000000001,0.3048226662989548,UCK2,3.63002421590735
ADRA2A,7.177840000000001,0.3136191067872164,ADRA2A,3.6147421819459944
DUSP13,7.169260000000001,0.31386750430715804,DUSP13,3.6079562330481596
CAMLG,6.955980500000001,0.3048226662989548,CAMLG,3.588957215349039
RNASE2,7.117640000000001,0.3136191067872164,RNASE2,3.584425613263334
RAB5A,7.262130000000001,0.32114481824955665,RAB5A,3.5824020554030236
CAMK1G,5.550590000000001,0.22704930883251706,CAMK1G,3.5739128668346956
UBC,7.063640000000001,0.3136191067872164,UBC,3.557231348996496
HSD17B7,7.331690000000001,0.328531472248742,HSD17B7,3.5443077223067094
GLT6D1,6.426440000000001,0.28161837462744943,GLT6D1,3.5367206427752405
CNR1,6.422860000000001,0.28161837462744943,CNR1,3.534750429110889
SCN9A,7.148060000000001,0.32114481824955665,SCN9A,3.5261314292286334
PIK3CG,6.995730000000001,0.3136191067872164,PIK3CG,3.5230320436935143
CAPNS1,6.400790000000001,0.28161837462744943,CAPNS1,3.52260444710747
NNMT,6.390930000000001,0.28161837462744943,NNMT,3.5171781044453176
NTC_1018,6.3081433333333345,0.28033174116598014,NTC,3.484162459593531
GZMB,5.835033333333334,0.2532763842347471,GZMB,3.4800448197453413
NTC_2155,3.4686533333333345,0.10173454749342319,NTC,3.442747842565947
PPP6C,7.004475000000001,0.3225809624709164,PPP6C,3.4417277081232918
MAN1A1,7.1605550000000004,0.33170822337100236,MAN1A1,3.4316513145069907
NTC_793,2.783739000000001,0.058632276108228215,NTC,3.429185760979778
NTC_130,7.696676666666668,0.3586571342135525,NTC,3.4274881015895704
NTC_1007,2.366570333333334,0.035806541596141224,NTC,3.422149741007398
IDE,7.366296666666668,0.34363254540691224,IDE,3.4172670918668904
MAPK3,7.210280000000001,0.33602741517830814,MAPK3,3.4149709470125322
LCN2,7.208968666666667,0.33602741517830814,LCN2,3.4143498663838767
CYTH2,5.258640000000001,0.22588105903908073,CYTH2,3.397713448327988
MAGI2,7.003446666666668,0.328531472248742,MAGI2,3.3856273387758966
SLC6A7,7.294706666666667,0.34363254540691224,SLC6A7,3.384056082023398
NTC_773,3.553293333333334,0.11178059292117627,NTC,3.381433294934551
WARS,6.557380000000001,0.3057552682222969,WARS,3.3745985759420973
CYP2C9,6.547250000000001,0.3057552682222969,CYP2C9,3.3693854140429407
IYD,6.688840000000001,0.3136191067872164,IYD,3.36848301108518
NTC_1891,3.6532233333333344,0.11981647002937072,NTC,3.3663849486479855
SULT1A1,7.2276266666666675,0.34363254540691224,SULT1A1,3.3529372869360747
KSR2,6.512510000000001,0.3057552682222969,KSR2,3.3515073050225346
PHKB,7.222760000000001,0.34363254540691224,PHKB,3.3506796124763505
REG1A,6.499710000000001,0.3057552682222969,REG1A,3.344920091566542
GLRA3,7.3600633333333345,0.35134671012625096,GLRA3,3.3434126098868773
NTC_1673,3.166206666666668,0.08802774063969637,NTC,3.3415526002008797
AKT1,6.489880000000001,0.3057552682222969,AKT1,3.33986131748276
NTC_251,4.049940000000001,0.14989837095990258,NTC,3.337973049670692
NTC_1645,4.186446666666667,0.1599634852159033,NTC,3.3323242266549467
PAPOLA,5.489800000000001,0.24789671274081282,PAPOLA,3.3253323389286433
NTC_1045,4.327863333333334,0.17053143024640038,NTC,3.3246454207601865
IP6K3,6.460300000000001,0.3057552682222969,IP6K3,3.324638678886801
NTC_172,3.9792166666666673,0.14665294750433294,NTC,3.317509559423167
HTR1F,6.4419900000000005,0.3057552682222969,HTR1F,3.3152158758884234
SULT2A1,6.960653333333334,0.33602741517830814,SULT2A1,3.296741444931303
NTC_325,8.594543333333334,0.41563884833699427,NTC,3.2769607189744505
RET,7.312403333333334,0.3591697047158302,RET,3.251827973433799
NTC_1607,8.062676666666668,0.3960764078149719,NTC,3.242978076816437
ACVR2A,7.275226666666668,0.3591697047158302,ACVR2A,3.2352954985257742
TLR7,7.0967400000000005,0.350458347484466,TLR7,3.2315970122107185
NEU2,5.486790000000001,0.25880823649868334,NEU2,3.220865926281508
GMPR,6.522123333333334,0.32114481824955665,GMPR,3.2173574467718633
VAMP2,5.477130000000001,0.25880823649868334,VAMP2,3.215195294664865
PCMT1,6.650686666666667,0.328531472248742,PCMT1,3.2150950342020646
PI4KA,7.236275000000001,0.3600806115625821,PI4KA,3.2100134892413275
ROCK1,7.3731100000000005,0.3671012721457876,ROCK1,3.208881510250539
NTC_1334,2.486753333333334,0.05132319506882693,NTC,3.2071317426119825
SLC12A6,7.362371,0.3671012721457876,SLC12A6,3.204207745917906
NTC_1582,3.1268500000000006,0.0946825252192812,NTC,3.2010506751479215
BACE1,7.005122000000001,0.350458347484466,BACE1,3.189877510712183
NTC_267,3.490626666666667,0.12259341794038986,NTC,3.1818208616392
NTC_1496,4.442990000000001,0.19322220636056586,NTC,3.1720414455701187
CHRNB3,6.585840000000001,0.3312257468912987,CHRNB3,3.1603859758170127
SSB,6.583740000000001,0.3312257468912987,SSB,3.1593782364019622
MGST2,6.5797300000000005,0.3312257468912987,MGST2,3.1574539339951277
ACAD8,7.079710500000001,0.3600806115625821,ACAD8,3.140561435949223
GABRP,7.062180000000001,0.3600806115625821,GABRP,3.1327849015481473
PIK3C2B,6.990990000000001,0.3591697047158302,PIK3C2B,3.1088953669125594
UGDH,7.247190000000001,0.37514110241898,UGDH,3.085892272075443
FLT4,7.315345000000001,0.37981715016111206,FLT4,3.075557060935119
RBKS,7.220456666666667,0.37514110241898,RBKS,3.074509075727596
CUTA,7.310060000000001,0.37981715016111206,CUTA,3.0733351125421122
NTC_505,7.722743333333334,0.40253458798875674,NTC,3.0520034272165124
NTC_1801,3.408920333333334,0.1282979262029088,NTC,3.0400082138951685
NTC_2071,6.196576666666668,0.3235424410064208,NTC,3.036748533234774
NTC_996,3.020262000000001,0.09933882440817829,NTC,3.02896332596018
NDUFAB1,5.475580000000001,0.28161837462744943,NDUFAB1,3.013425289455321
NEK8,7.32366,0.38993010234661485,NEK8,2.9954738779438075
MTOR,6.710250000000001,0.35802946907196553,MTOR,2.9933165434839557
PBK,7.108145,0.37981715016111206,PBK,2.988444912017227
TYK2,6.075915000000001,0.3225809624709164,TYK2,2.9854692903753572
ACVRL1,6.689430000000001,0.35802946907196553,ACVRL1,2.9840291323688204
NTC_1482,3.4188400000000008,0.13420667210968298,NTC,2.9820007706542175
SNRPA,6.683510000000001,0.35802946907196553,SNRPA,2.9813883315137963
NTC_1276,4.494060000000001,0.21805609096243894,NTC,2.9725140947559665
CLC,6.655890000000001,0.35802946907196553,CLC,2.9690675680651877
TAF1,6.6464300000000005,0.35802946907196553,TAF1,2.964847639671855
NTC_16,8.211243333333334,0.4357606708086399,NTC,2.9622222019392748
NTC_736,3.5938366666666677,0.14989837095990258,NTC,2.962051274402013
VWF,6.638380000000001,0.35802946907196553,VWF,2.961256685806493
MMP10,7.040235000000001,0.37981715016111206,MMP10,2.959893821124302
KCNJ6,7.428176666666667,0.3999062652430496,KCNJ6,2.9567247503372545
NTC_648,4.086736666666667,0.18929373515155268,NTC,2.954153829602511
NTC_129,3.3474300000000006,0.13122651516065992,NTC,2.9523609692460333
LTK,7.367486666666668,0.3999062652430496,LTK,2.932567593991848
TSKS,7.34036,0.4002050889586025,TSKS,2.9193888445666265
NTC_1705,2.2422433333333345,0.04995689313902557,NTC,2.9180657403245727
NTC_383,3.6066300000000004,0.15655317698186386,NTC,2.9045566045695583
NTC_1810,2.030763666666667,0.037895175805532574,NTC,2.8865601178664955
TRPM8,7.215082000000001,0.4002050889586025,TRPM8,2.8695636049776123
NTC_1372,3.5820953333333345,0.1599634852159033,NTC,2.851273170752833
CA6,7.496643333333334,0.4169495771580153,CA6,2.8480982140181776
NTC_1289,3.9853933333333345,0.19322220636056586,NTC,2.8453435254709514
CHRNA6,5.380955000000001,0.29619153877348425,CHRNA6,2.843443801961436
STRADB,7.469526666666668,0.4169495771580153,STRADB,2.837796145949919
CD247,5.472963333333334,0.3066995317505483,CD247,2.809200312416898
NTC_1570,2.697720333333334,0.09242085662189663,NTC,2.790063328534759
PPP1R12A,6.750730000000001,0.38615853941495226,PPP1R12A,2.7896335697375005
NTC_781,2.8397300000000008,0.10417604520444766,NTC,2.7892740565960024
CPE,6.546923333333334,0.37514110241898,CPE,2.7877149792131477
CEL,5.412180000000001,0.3057552682222969,CEL,2.7852488220512313
TUBA3C,6.735660000000001,0.38615853941495226,TUBA3C,2.783406127979951
NTC_517,6.353343333333334,0.36473440795171175,NTC,2.782912188708206
F10,6.729760000000001,0.38615853941495226,F10,2.780968045274606
MS4A1,7.677423333333334,0.43441389156397503,MS4A1,2.779966547613895
HADHA,7.1460300000000005,0.4083749703424395,HADHA,2.7793832256937523
NTC_1124,3.531700000000001,0.1634296686454516,NTC,2.77827925985886
CDK9,6.983870000000001,0.4002050889586025,CDK9,2.777606571054217
GABRB2,5.394470000000001,0.3057552682222969,GABRB2,2.7761347946836032
NTC_1209,8.62021,0.477645599279799,NTC,2.7661755573814406
NTC_1685,2.8386800000000005,0.10666385936436397,NTC,2.759147869320697
ME2,7.309025000000001,0.4212371518471608,ME2,2.744343972855282
PPAP2A,5.0429900000000005,0.28585094452927373,PPAP2A,2.7426823993395817
NTC_1629,4.868343333333335,0.27521979216360104,NTC,2.7278317793475777
GCK,7.347083333333334,0.4256294485160448,GCK,2.7255352465849736
NTC_110,6.296676666666667,0.3708756154195644,NTC,2.7124302381074537
NTC_704,2.676520333333334,0.09698833215429727,NTC,2.7120658854044244
NAGPA,7.2894000000000005,0.4256294485160448,NAGPA,2.7041365566548867
ACSS2,7.200005000000001,0.4212371518471608,ACSS2,2.703409870164337
OXSR1,7.198050000000001,0.4212371518471608,OXSR1,2.702675819799626
NTC_1813,2.360043666666668,0.07211087204174413,NTC,2.695168103092667
DHRS11,7.374460000000001,0.431991905013121,DHRS11,2.688170542246766
NTC_1947,4.011800000000001,0.21376504833756538,NTC,2.6881599576058406
PPP1R42,7.134255000000001,0.4212371518471608,PPP1R42,2.678722498563442
NTC_1908,2.8389233333333346,0.11441058377659193,NTC,2.672942269449271
CHRNB4,7.533200000000001,0.44330215756575286,CHRNB4,2.661480727423122
NTC_1097,7.515410000000001,0.44259077293731,NTC,2.6604374368302572
NTC_1098,2.6251870000000013,0.09698833215429727,NTC,2.6600508192815973
SERPIND1,7.332122333333334,0.43441389156397503,SERPIND1,2.654934334698152
NTC_826,2.7024953333333346,0.10417604520444766,NTC,2.6544777571594604
EIF2AK1,7.330360000000001,0.43441389156397503,EIF2AK1,2.654296200326801
TUB,7.276300300000001,0.431991905013121,TUB,2.6523889373596585
ACVR1,6.468305000000001,0.38993010234661485,ACVR1,2.6456223612337717
BLVRB,7.229780000000001,0.431991905013121,BLVRB,2.635431153321711
CANT1,7.428020000000001,0.44330215756575286,CANT1,2.6243206171233338
NTC_15,3.8149766666666673,0.20536642245336056,NTC,2.6226841544659125
B4GALT1,6.004546000000001,0.3671012721457876,B4GALT1,2.61326314633158
NTC_907,3.6569900000000004,0.19322220636056586,NTC,2.610882276582992
NTC_1192,6.377376666666668,0.38968119980411464,NTC,2.610199979660622
NTC_1557,3.608933333333334,0.18929373515155268,NTC,2.608767115925459
NTC_922,3.7387286666666673,0.20125819381591736,NTC,2.603076483870136
NTC_1153,3.388426666666667,0.17053143024640038,NTC,2.602974339357998
NTC_1174,4.425903333333334,0.2594782737974045,NTC,2.5931323367221104
LGALS9,6.800210000000001,0.4155971914721298,LGALS9,2.5931063714552076
NTC_1460,3.9188700000000005,0.21805609096243894,NTC,2.592065150557917
PPEF2,6.790870000000001,0.4155971914721298,PPEF2,2.589544773576702
INPP5D,6.785840000000001,0.4155971914721298,INPP5D,2.5876266967748944
NTC_1019,3.4088800000000012,0.17416787276805956,NTC,2.5874488421175728
PROZ,6.783920000000001,0.4155971914721298,PROZ,2.586894548174602
NTC_837,3.173526666666668,0.15319829199826326,NTC,2.5856184006792287
HIF1AN,7.502320000000001,0.45229344174548913,HIF1AN,2.5851472460112555
NTC_1949,3.708740000000001,0.20125819381591736,NTC,2.5821969817873556
NTC_1973,2.7087633333333345,0.11178059292117627,NTC,2.577750178265956
MLKL,7.2839115,0.442904044903747,MLKL,2.5762492327282716
NTC_1540,3.6055800000000007,0.19322220636056586,NTC,2.574178468850641
TRDMT1,5.3502600000000005,0.3312257468912987,TRDMT1,2.567460896556055
TEX14,5.3260700000000005,0.3312257468912987,TEX14,2.5558526982464977
PTPRZ1,7.384013333333335,0.45229344174548913,PTPRZ1,2.5443811691819405
CDK17,7.387210000000001,0.45397209061694865,CDK17,2.5335976629949917
NTC_136,3.6838933333333346,0.20536642245336056,NTC,2.5325682215817693
ALDH9A1,6.913080000000001,0.4308004696616111,ALDH9A1,2.528278107851928
HRH4,6.907650000000001,0.4308004696616111,HRH4,2.5262922274446953
NTC_785,2.801453333333334,0.1254203978293845,NTC,2.525879484360913
NDUFB4,6.899050000000001,0.4308004696616111,NDUFB4,2.523147002490329
SCN10A,6.878070000000001,0.4308004696616111,SCN10A,2.5154741164970047
PTPRB,6.862580000000001,0.4308004696616111,PTPRB,2.5098090543408276
CDC7,6.862570000000001,0.4308004696616111,CDC7,2.5098053971025083
UQCR10,6.859360000000001,0.4308004696616111,UQCR10,2.5086314236020995
DLD,6.857750000000001,0.4308004696616111,DLD,2.508042608232736
NTC_1326,3.1866600000000007,0.1634296686454516,NTC,2.5068469536545672
IL3RA,6.8472100000000005,0.4308004696616111,IL3RA,2.504187879044478
NTC_196,2.6249933333333346,0.11178059292117627,NTC,2.498031832341799
NTC_1605,3.8214766666666673,0.2224086972996202,NTC,2.4948442917967806
NTC_610,2.646020333333334,0.11441058377659193,NTC,2.491317575133148
NTC_811,2.758786666666667,0.1254203978293845,NTC,2.487409859785312
NTC_1004,3.2738433333333345,0.17416787276805956,NTC,2.4849516973632593
NTC_1427,5.231676666666667,0.33498982327712734,NTC,2.4848810239144075
NTC_547,3.849910000000001,0.22682316010218007,NTC,2.4805455344080167
CDK11B,6.074043333333334,0.39154347049535343,CDK11B,2.473472011664045
NTC_1105,3.6872203333333347,0.21376504833756538,NTC,2.470671034183341
NTC_1135,3.414376666666668,0.18929373515155268,NTC,2.4681291524873044
NTC_1475,4.035610000000001,0.24510498733429142,NTC,2.464336576975544
NTC_2076,2.781556666666668,0.13122651516065992,NTC,2.4532729097883355
LY96,7.377125000000001,0.4651944327603157,LY96,2.451901775414692
NTC_441,2.688853666666668,0.12259341794038986,NTC,2.450978436678531
NTC_1302,4.009806666666668,0.24510498733429142,NTC,2.4485798269077166
ULK1,7.476210000000001,0.47058156474240287,ULK1,2.4474501634005583
NTC_1877,4.533043333333334,0.2899493193178392,NTC,2.4373172493591686
TLR8,6.927500000000001,0.44632154348325526,TLR8,2.42706451707584
NTC_1859,2.603510000000001,0.11708903346602521,NTC,2.42512733333861
NGB,7.597913333333334,0.47987651309297963,NGB,2.422750465372282
ARPC4,6.914540000000001,0.44632154348325526,ARPC4,2.4225239532156735
NTC_45,4.436773333333334,0.2847101573673938,NTC,2.4206903916672373
NTC_352,3.3745100000000012,0.19322220636056586,NTC,2.4092076683699095
NTC_282,2.569793333333334,0.11708903346602521,NTC,2.3937208052582872
NTC_1352,4.318776666666667,0.27953541754767897,NTC,2.390715652642104
HK3,7.402115000000001,0.47656933329949924,HK3,2.3825476784576662
NTC_455,6.459476666666667,0.42899175516510646,NTC,2.3741874602454818
NTC_305,2.945800000000001,0.15655317698186386,NTC,2.3723650182416844
NTC_209,3.4926100000000013,0.20953526446110826,NTC,2.370584154248012
NTC_435,2.7481466666666674,0.13723889947603937,NTC,2.3703390841648138
TRPM7,7.049780000000001,0.4613868831802105,TRPM7,2.3682661258899156
NTC_894,3.0798933333333336,0.17053143024640038,NTC,2.3659604008821504
NTC_187,2.9682433333333345,0.1599634852159033,NTC,2.3626597823469315
NTC_858,3.4702433333333347,0.20953526446110826,NTC,2.3554029386003026
AZGP1,7.581133333333334,0.4892706987252493,AZGP1,2.353568850163502
NTC_537,3.4215200000000006,0.20536642245336056,NTC,2.352194278563925
DGKA,5.270530000000001,0.35802946907196553,DGKA,2.351084481491523
LGSN,6.979900000000001,0.46215613274904355,LGSN,2.339741210203744
NTC_1200,4.910043333333334,0.3341894557670032,NTC,2.337216258553979
OGFOD1,6.963370000000001,0.46215613274904355,OGFOD1,2.33420016775261
NTC_658,4.096043333333334,0.26937875434319747,NTC,2.3332564422729205
GM2A,6.957370000000001,0.46215613274904355,GM2A,2.3321889000752476
PKMYT1,7.241030000000001,0.47656933329949924,PKMYT1,2.3306986200757915
RCVRN,6.950690000000001,0.46215613274904355,RCVRN,2.329949688727784
NTC_2030,3.0274100000000006,0.17053143024640038,NTC,2.3256429369527836
TRAPPC3,7.376515000000001,0.48809492558155665,TRAPPC3,2.2977527581366433
NTC_752,3.661663333333334,0.23583876330827114,NTC,2.29727195894871
GABRG3,6.338536666666668,0.43441389156397503,GABRG3,2.2951606455843154
NTC_1250,4.515676666666668,0.31155179497757557,NTC,2.2870535974668678
NTC_892,3.900860000000001,0.2594782737974045,NTC,2.2855099728098773
NTC_640,7.730410000000001,0.5067483011414156,NTC,2.2820765452712446
TPTE,5.4740133333333345,0.38328883205352815,TPTE,2.279783323953508
NTC_1819,4.3672433333333345,0.3006212636428548,NTC,2.2796150027815356
SUCLG2,5.265610000000001,0.37027771446508695,SUCLG2,2.271965519027594
NTC_689,7.376443333333334,0.4920815321384827,NTC,2.271671129711963
PPIG,6.114420000000001,0.4256294485160448,PPIG,2.2682561863447983
NTC_1497,3.920526666666668,0.2643965668572409,NTC,2.265061497082875
NTRK1,7.267450000000001,0.48809492558155665,NTRK1,2.263779478808102
NEU1,6.366910000000001,0.442904044903747,NEU1,2.2519146481049312
NTC_2149,3.738210000000001,0.24983267604611425,NTC,2.251713635001048
TGFBR1,7.0298300000000005,0.47829943420481635,TGFBR1,2.251655483040138
NTC_1874,4.009460000000001,0.27442499130627174,NTC,2.25161787570494
MAT1A,7.023890000000001,0.47829943420481635,MAT1A,2.2497529002509014
CSNK1D,7.0152600000000005,0.47829943420481635,CSNK1D,2.2469887101042496
CPA1,7.0105200000000005,0.47829943420481635,CPA1,2.245470487474455
ACYP2,5.905606666666667,0.4169495771580153,ACYP2,2.2436371922936855
NTC_1749,3.718426666666667,0.24983267604611425,NTC,2.239797129129939
NTC_1637,3.2967766666666676,0.20953526446110826,NTC,2.2376636744711207
NTC_925,2.875773333333334,0.16695217155153963,NTC,2.2356489875799204
NTC_1325,3.2925100000000005,0.20953526446110826,NTC,2.2347677048691725
NTC_960,3.3273766666666673,0.21376504833756538,NTC,2.2295529984558873
NTC_792,2.6586800000000013,0.14665294750433294,NTC,2.216565986298942
PNMT,7.247050000000001,0.49474612118147954,PNMT,2.2148260424639186
TSSK4,7.226850000000001,0.49474612118147954,TSSK4,2.208652566903826
NTC_794,8.534243333333334,0.5520895550553835,NTC,2.201753441575957
LAT,7.204040000000001,0.49474612118147954,LAT,2.201681429402553
WNK2,7.191590000000001,0.49474612118147954,WNK2,2.197876490257842
NTC_1149,6.709176666666668,0.4705154403396591,NTC,2.1967596862590635
HARS,7.169580000000001,0.49474612118147954,HARS,2.1911498468381567
NTC_1359,3.143053333333334,0.20125819381591736,NTC,2.1883396600813265
NTC_1305,4.186176666666668,0.3006212636428548,NTC,2.1851017690703443
SCNN1A,7.138460000000001,0.49474612118147954,SCNN1A,2.18163902706439
NTC_682,3.296443333333334,0.21805609096243894,NTC,2.180372373955326
MAP4K4,7.130220000000001,0.49474612118147954,MAP4K4,2.1791207380240354
PRKRIR,7.127420000000001,0.49474612118147954,PRKRIR,2.1782650087384776
PTP4A2,7.116690000000001,0.49474612118147954,PTP4A2,2.1749857318691808
PPAP2B,7.402030000000001,0.5083523835949257,PPAP2B,2.174976489909853
NTC_1854,3.607410000000001,0.24983267604611425,NTC,2.172926155576902
PPP1R7,6.298830000000001,0.45229344174548913,PPP1R7,2.1704490114515345
NTC_2061,4.092676666666668,0.2952529959629516,NTC,2.1683233724819897
MUT,7.440873000000001,0.511590077052974,MUT,2.165873596312209
DHCR7,7.421685000000001,0.511590077052974,DHCR7,2.160288393800885
NTC_1608,2.9116133333333343,0.1816139782373567,NTC,2.157070858511752
NTC_660,4.130503333333335,0.3006212636428548,NTC,2.1560413856122382
NTC_208,3.7835766666666673,0.26937875434319747,NTC,2.1552639740139883
ATOX1,5.104876666666668,0.37837452141326744,ATOX1,2.1546567225714566
MMP19,7.537930000000001,0.5180375441004361,MMP19,2.153125009703653
NTC_1011,3.716276666666668,0.2643965668572409,NTC,2.1470572466048328
NTC_1511,4.303070000000001,0.31711412815867945,NTC,2.1463042256772864
NTC_1823,3.6084133333333344,0.2546237051192821,NTC,2.143762570824891
HTR2B,7.503586666666668,0.5180375441004361,HTR2B,2.143315222412369
NTC_2022,4.096710000000001,0.3006212636428548,NTC,2.138401931205683
NTC_241,4.087876666666668,0.3006212636428548,NTC,2.133791105187004
LIMK1,5.044710000000001,0.37837452141326744,LIMK1,2.129261689297773
NTC_698,4.246276666666668,0.31711412815867945,NTC,2.117976596490768
NTC_1147,4.117043333333334,0.3060541822443682,NTC,2.1169906046862086
SLC25A18,7.266350000000001,0.5114903446964445,SLC25A18,2.1156890676143427
BMPR2,7.265020000000001,0.5114903446964445,BMPR2,2.1153018214095867
NTC_1376,2.7207800000000018,0.16695217155153963,NTC,2.115155941507107
NMNAT1,7.261990000000001,0.5114903446964445,NMNAT1,2.1144195988528875
NTC_788,3.7611100000000013,0.27442499130627174,NTC,2.112150391447379
PTPN6,6.765066666666668,0.4892706987252493,PTPN6,2.100220306895113
NTC_1884,3.7330766666666673,0.27442499130627174,NTC,2.0964075346913744
SLC32A1,7.449060000000001,0.5235552625480824,SLC32A1,2.0934649815888444
NTC_100,3.2902266666666677,0.2312997596197156,NTC,2.0920077733988904
ENPP1,4.4766200000000005,0.3410007652166468,ENPP1,2.0916767291268563
ENPP2,4.998876666666668,0.38246291604550586,ENPP2,2.086584448980761
GK2,7.516706666666668,0.5278172648760656,GK2,2.086009435123231
PTGER3,7.515863333333334,0.5278172648760656,PTGER3,2.085775396285705
NTC_1112,2.185380000000001,0.11178059292117627,NTC,2.079681017258376
NTC_2126,3.8081266666666678,0.2847101573673938,NTC,2.077702631999483
NTC_1567,4.160776666666668,0.31711412815867945,NTC,2.0753305295442837
NTC_1861,8.225176666666668,0.5598356468849575,NTC,2.0722465002958117
NTC_760,4.872376666666667,0.37629039426570743,NTC,2.0682111870337736
NTC_542,3.626403333333334,0.26937875434319747,NTC,2.06573228142443
SIK3,7.346915000000001,0.5235552625480824,SIK3,2.0647584091428723
NTC_1852,3.8361766666666672,0.2899493193178392,NTC,2.06262743894407
NTC_662,3.947110000000001,0.3006212636428548,NTC,2.0603136777270694
NTC_1426,4.173160000000001,0.32274119099935983,NTC,2.0496291832441407
NTC_1206,4.571410000000001,0.3578612016748721,NTC,2.0401534675844317
NTC_1601,4.347910000000001,0.3400105887943864,NTC,2.0370286952539978
NTC_1259,2.911493333333334,0.20125819381591736,NTC,2.0271168369385126
SYNC,7.303510000000001,0.5285257360292301,SYNC,2.022589218102389
NTC_1831,3.055510000000001,0.21805609096243894,NTC,2.0210114109886836
NTC_1331,2.2867766666666673,0.13122651516065992,NTC,2.0168876350063227
NTC_67,4.036823333333334,0.31711412815867945,NTC,2.013504539467404
NTC_798,4.087946666666667,0.32274119099935983,NTC,2.007777029288502
NTC_244,2.7772766666666677,0.18929373515155268,NTC,2.007592651520414
NTC_809,3.947143333333334,0.31155179497757557,NTC,1.9991086666710038
NTC_238,4.198493333333334,0.3341894557670032,NTC,1.9985132948786923
NTC_466,3.1843766666666675,0.23583876330827114,NTC,1.9978295537084412
NTC_1517,3.1311766666666676,0.2312997596197156,NTC,1.990879836004782
NTC_1896,3.8686433333333343,0.3060541822443682,NTC,1.989262907008979
NTC_803,3.642993333333334,0.2847101573673938,NTC,1.9876063743563945
NTC_231,3.5375266666666674,0.27442499130627174,NTC,1.9865912812322801
RDH5,5.203510000000001,0.4155971914721298,RDH5,1.9842409182850071
DAO,6.581110000000001,0.4997692145356273,DAO,1.9824310535404766
CA2,2.9612466666666672,0.21413026004769697,CA2,1.9820274098806403
NTC_1634,7.163276666666667,0.5291718850601091,NTC,1.9799528651294882
NTC_1957,2.9503066666666675,0.21376504833756538,NTC,1.9768922289224027
NTC_1542,3.138710000000001,0.23583876330827114,NTC,1.9691789806650455
NTC_1697,3.506040000000001,0.27442499130627174,NTC,1.9689091141791035
NTC_1055,4.131576666666668,0.3341894557670032,NTC,1.966660475935159
NTC_474,3.6558433333333347,0.2899493193178392,NTC,1.9656661898124488
NTC_51,3.4436433333333345,0.26937875434319747,NTC,1.961625485502724
NTC_178,3.749810000000001,0.3006212636428548,NTC,1.9573269637475883
BCKDK,7.696586666666668,0.5577104365118222,BCKDK,1.9517868674428815
CACNA1S,7.468645,0.547908967389982,CACNA1S,1.9514941391190213
NTC_1505,6.319310000000001,0.4920815321384827,NTC,1.9461132469939357
NTC_1318,3.9549700000000008,0.32274119099935983,NTC,1.9424661241972696
NTC_2099,4.078410000000001,0.3341894557670032,NTC,1.941352756774543
PGA3,7.412680000000001,0.547908967389982,PGA3,1.936870955195325
NTC_949,2.889293333333334,0.21376504833756538,NTC,1.9360094332828583
NTC_1855,4.127503333333335,0.3400105887943864,NTC,1.933766506150433
TRAPPC6A,7.393785000000001,0.547908967389982,TRAPPC6A,1.9319338505721098
NTC_725,4.398860000000001,0.3639401522506668,NTC,1.9309676954827621
MAPK9,6.217220000000001,0.4892706987252493,MAPK9,1.930140875147981
PROC,7.609796666666668,0.5577104365118222,PROC,1.9297776847282886
PTH1R,5.8898833333333345,0.47058156474240287,PTH1R,1.9281421905720801
NRBP2,7.834968666666668,0.5678547737121222,NRBP2,1.925543202302735
LIMK2,7.314310000000001,0.5458454107894442,LIMK2,1.923153990923844
SLC12A4,7.571933333333334,0.5577104365118222,SLC12A4,1.920175875516203
GSK3B,5.431846666666668,0.44330215756575286,GSK3B,1.9190722691088595
NTC_590,4.031026666666667,0.3341894557670032,NTC,1.918797946249894
NTC_1785,3.1632433333333343,0.24983267604611425,NTC,1.9053820262887402
NTC_2041,4.268193333333334,0.3578612016748721,NTC,1.9048323010451378
NTC_1088,3.397576666666667,0.27953541754767897,NTC,1.8807732709922296
NTC_1990,3.995010000000001,0.3400105887943864,NTC,1.8716923781372372
TST,7.604436666666667,0.5678547737121222,TST,1.8688870311808525
NTC_1146,2.2659600000000006,0.14989837095990258,NTC,1.8676112267420755
PAEP,7.417085000000001,0.5602923557908046,PAEP,1.8660295747327373
NTC_1598,3.6274433333333342,0.3060541822443682,NTC,1.8652374614383356
PXK,7.971475000000001,0.5854584499252948,PXK,1.8533991971847696
NTC_2052,2.984173333333334,0.24044042554307055,NTC,1.84718094804456
NTC_1423,6.619176666666667,0.5291718850601091,NTC,1.8295618633509323
NTC_1053,4.025143333333334,0.3518465500858653,NTC,1.8259930020500206
NTC_1952,4.966610000000001,0.42899175516510646,NTC,1.8254827427087457
NTC_121,4.283876666666668,0.37629039426570743,NTC,1.8184065502337916
NTC_755,3.0883933333333347,0.2594782737974045,NTC,1.8094865653453018
NTC_1307,3.857180000000001,0.3400105887943864,NTC,1.8071179814577156
MTMR7,4.683776666666668,0.41183819961908175,MTMR7,1.8045344362524252
NTC_1596,4.720710000000001,0.4148664444840364,NTC,1.803744065008519
STYK1,7.427560000000001,0.5728098076834048,STYK1,1.797391936318791
NTC_1742,3.769043333333334,0.3341894557670032,NTC,1.7940919783860327
EFNB2,7.696075,0.5854584499252948,EFNB2,1.7893676172193698
NTC_1993,3.936480000000001,0.3518465500858653,NTC,1.7857711732111896
AKAP9,5.101643333333334,0.44699703615133857,AKAP9,1.7840209840935242
NTC_330,3.859310000000001,0.3458963133099039,NTC,1.7793505706625208
SERPINB2,7.724003333333334,0.5884043025242143,SERPINB2,1.7790245818195387
NTC_1584,3.6678433333333342,0.3284329754028583,NTC,1.7735975468262861
NTC_1280,4.039543333333334,0.3639401522506668,NTC,1.7732384484092292
NTC_567,3.710810000000001,0.3341894557670032,NTC,1.7663724891235906
NTC_2000,3.857343333333334,0.3518465500858653,NTC,1.7498710852957535
NTC_1857,3.3496433333333338,0.3006212636428548,NTC,1.748447845429684
NTC_697,2.7105100000000006,0.22682316010218007,NTC,1.7464157542561445
NTC_2019,3.776843333333334,0.3458963133099039,NTC,1.7413289786178368
NTC_1058,2.3488133333333345,0.1816139782373567,NTC,1.7401200686276512
NTC_2089,4.025076666666667,0.3700832674571427,NTC,1.737627811516545
TBCK,7.359610000000001,0.5813075296281432,TBCK,1.733880338293341
HSD17B8,5.950825000000001,0.511590077052974,HSD17B8,1.7321535717347414
NTC_1042,3.039493333333334,0.26937875434319747,NTC,1.7314068294961709
NTC_1119,2.9523766666666673,0.2594782737974045,NTC,1.729794536373479
GUSB,4.283710000000001,0.394892035755554,GUSB,1.7285696206326382
PCSK2,5.724360000000001,0.4997692145356273,PCSK2,1.7243518229667887
NTC_1773,3.5605100000000003,0.3284329754028583,NTC,1.7216961651716656
NTC_1381,3.2957100000000006,0.3006212636428548,NTC,1.7202957077005405
NTC_194,4.045076666666668,0.37629039426570743,NTC,1.717041474162703
PADI3,4.563243333333334,0.42047061110383477,PADI3,1.7169858046159168
KCNN1,4.834746666666668,0.44330215756575286,KCNN1,1.7081167465760254
NTC_205,2.9078233333333343,0.2594782737974045,NTC,1.703690782930583
NTC_280,2.4125100000000006,0.1972102387306871,NTC,1.7009897312917943
NTC_820,8.06211,0.6154833115244448,NTC,1.6993615224809369
NTC_669,3.8049100000000013,0.3578612016748721,NTC,1.6980757206959516
NTC_984,3.7819433333333343,0.3578612016748721,NTC,1.6878260330418458
NTC_2032,4.110743333333334,0.38889597641640805,NTC,1.6860894114354423
NTC_2029,2.6434433333333343,0.2312997596197156,NTC,1.6807668778258869
ACPP,7.515410000000001,0.5982352891154832,ACPP,1.6768981927015851
NTC_47,3.461876666666668,0.3284329754028583,NTC,1.6740016967505413
NR1H4,4.554576666666668,0.42920837665393186,NR1H4,1.6730408939676398
NTC_1321,5.202343333333333,0.47691617691593147,NTC,1.6728548372831031
NTC_28,3.063313333333334,0.2847101573673938,NTC,1.6713346830127611
NTC_1953,2.924840000000001,0.26937875434319747,NTC,1.6660960876758784
MYO1D,4.6387100000000006,0.4380507769053854,MYO1D,1.6628640957444112
NTC_1073,3.380143333333334,0.32274119099935983,NTC,1.6601425345656833
ARF6,7.683980000000001,0.609290861706979,ARF6,1.653402974331594
NTC_642,4.473810000000001,0.42822720303874784,NTC,1.6478194133354835
PTPMT1,5.122610000000001,0.47829943420481635,PTPMT1,1.6407726636314452
EPHA6,4.799210000000001,0.45604632220456787,EPHA6,1.636487620117844
NTC_1433,4.433443333333334,0.42822720303874784,NTC,1.6329513306531664
NTC_2164,2.9033766666666674,0.27442499130627174,NTC,1.630467644663194
NTC_1740,4.3330366666666675,0.42151577328894974,NTC,1.6256954282376819
NTC_981,4.103043333333335,0.4017552961477443,NTC,1.624962673497412
NTC_1441,3.1113766666666676,0.3006212636428548,NTC,1.624077338329611
NTC_491,8.333876666666667,0.6400541133610698,NTC,1.6149661809833102
NTC_1965,3.797043333333334,0.37629039426570743,NTC,1.611757061677363
PANK4,7.512460000000001,0.6111372134399213,PANK4,1.606624239156644
NTC_549,4.579176666666667,0.4487307395665845,NTC,1.5936184072921407
NTC_1345,4.079543333333334,0.40827952310669324,NTC,1.5871153341220825
NTC_851,4.826276666666668,0.4697802694091292,NTC,1.5835266031000537
NTC_842,3.8519433333333346,0.38889597641640805,NTC,1.5799383082660665
NTC_1889,4.127676666666668,0.4148664444840364,NTC,1.5771509560583359
NTC_105,3.5913766666666675,0.3639401522506668,NTC,1.5765067143859768
NTC_1043,2.649943333333334,0.2546237051192821,NTC,1.5743344256959517
TUBA4A,3.4905600000000008,0.35439465934712744,TUBA4A,1.57254206898815
VDAC3,4.846710000000001,0.4744503631071174,VDAC3,1.5694093684467583
NTC_118,4.989243333333334,0.4848344575325868,NTC,1.5686506444667914
NTC_211,3.9494433333333343,0.4017552961477443,NTC,1.5641311768808672
BHMT2,4.578810000000001,0.45604632220456787,BHMT2,1.561333194394866
NTC_297,3.0823766666666677,0.31155179497757557,NTC,1.5611305158949083
PPP1R37,5.089510000000001,0.49474612118147954,PPP1R37,1.5554438414776413
SYT2,3.451060000000001,0.35440993591996117,SYT2,1.554682207131014
IFNAR2,7.757626666666668,0.6305008013082566,IFNAR2,1.5539639986840235
EEA1,3.448660000000001,0.35439465934712744,EEA1,1.5536655813498905
GAPDHS,7.552810000000001,0.6241609946983385,GAPDHS,1.5460856970950108
ACAT2,7.536810000000001,0.6241609946983385,ACAT2,1.5428104430963638
NTC_1751,2.1778933333333343,0.1972102387306871,NTC,1.5355684311562885
PLA2G7,2.9526033333333346,0.3023178312588336,PLA2G7,1.5339844239240898
NTC_20,4.402076666666668,0.4487307395665845,NTC,1.5319850962242623
NTC_1083,3.797770000000001,0.39529403117577033,NTC,1.530804156815537
NTC_1804,4.395576666666667,0.4487307395665845,NTC,1.529723004061974
GRIN3B,4.9779100000000005,0.4932551104486358,GRIN3B,1.5278619838753142
NTC_1927,5.271910000000001,0.5134698874566608,NTC,1.5261389749824057
NTC_787,4.220880000000001,0.4350004076990802,NTC,1.5258917470482338
NTC_1476,2.715710000000001,0.27442499130627174,NTC,1.525078484691371
NTC_337,4.0558700000000005,0.42151577328894974,NTC,1.5217063283239467
NTC_1777,2.3301536666666682,0.2224086972996202,NTC,1.52123670543394
NTC_1774,3.575976666666667,0.37629039426570743,NTC,1.5179193753982643
NTC_96,2.9885433333333347,0.31155179497757557,NTC,1.5136067717467871
NTC_772,2.937276666666668,0.3060541822443682,NTC,1.5103526009435635
NTC_501,3.676443333333334,0.38889597641640805,NTC,1.5079540787211454
LGALS2,5.980435000000001,0.5602923557908046,LGALS2,1.5045895496366535
AANAT,6.4680100000000005,0.5854584499252948,AANAT,1.5038376889324825
IRAK3,5.102976666666668,0.5083523835949257,IRAK3,1.4994338416027158
NTC_71,3.2749766666666678,0.3518465500858653,NTC,1.4856823670570167
NTC_2146,3.492176666666667,0.37629039426570743,NTC,1.48234821386243
NTC_324,3.1105766666666677,0.3341894557670032,NTC,1.4806570665999503
NTC_1590,3.605443333333334,0.38889597641640805,NTC,1.478832253663086
NTC_558,4.2489766666666675,0.4487307395665845,NTC,1.4787041254479087
ADCK4,7.6578766666666676,0.6412225536451913,ADCK4,1.477902888990308
ADORA2B,3.659170000000001,0.394892035755554,ADORA2B,1.4765542248962538
PPP1R26,2.9467483333333346,0.3166530115895987,PPP1R26,1.4716543770812973
SV2A,7.912606666666668,0.6520196712565391,SV2A,1.4696820354989446
PAM,8.904110000000001,0.684843356101865,PAM,1.4639136227519827
EPHB6,4.516843333333334,0.4744503631071174,EPHB6,1.4625955015133187
C1QB,4.851990000000001,0.4997692145356273,C1QB,1.4615673719885942
NTC_737,3.7562600000000006,0.40827952310669324,NTC,1.4613444098602735
NTC_2058,2.379543333333334,0.24510498733429142,NTC,1.453063024631132
NTC_862,8.70771,0.6818852556056428,NTC,1.4479937775899736
NTC_973,3.0803766666666674,0.3400105887943864,NTC,1.4431797489347433
NTC_559,6.8443433333333346,0.6154833115244448,NTC,1.4426761365592364
NTC_202,4.474076666666667,0.47691617691593147,NTC,1.4386749037213606
NTC_252,3.070643333333334,0.3400105887943864,NTC,1.438619608706341
SIK1,3.2593766666666673,0.36228940835525736,SIK1,1.4372037664814687
NTC_1817,3.6122766666666677,0.4017552961477443,NTC,1.4306002332445071
STK38,4.788943333333334,0.5028050676346334,STK38,1.4299801737995361
NTC_622,4.186943333333335,0.45568711654855787,NTC,1.4291429749898799
NTC_867,3.097443333333334,0.3458963133099039,NTC,1.4280888456126837
NTC_982,4.0991100000000005,0.4487307395665845,NTC,1.4265484005163855
TTBK2,4.991813333333334,0.5180375441004361,TTBK2,1.4258553915693244
NTC_1293,3.867810000000001,0.42822720303874784,NTC,1.4246140102268796
NADK,4.374276666666668,0.4744503631071174,NADK,1.4164311008590829
NTC_2048,3.3868100000000014,0.3825613608411803,NTC,1.4133120751814798
NTC_3,3.904476666666667,0.4350004076990802,NTC,1.41150867170094
NTC_1247,4.476243333333334,0.4841110267424893,NTC,1.410262956141649
NTC_1616,3.8073766666666677,0.42822720303874784,NTC,1.4023548575406366
PISD,4.6740433333333335,0.5028050676346334,PISD,1.3956709931446039
CNKSR3,4.1887766666666675,0.46519774630988364,CNKSR3,1.3921918572642025
TNNI3,7.813245000000001,0.6639294998602412,TNNI3,1.3898046617706443
NTC_1393,3.9107100000000012,0.4418350416340795,NTC,1.38728465337859
NTC_1077,3.9844766666666676,0.4487307395665845,NTC,1.3866543751517264
NTC_1648,3.751743333333334,0.42822720303874784,NTC,1.3818636684433725
ESD,3.5014633333333345,0.4033118054074545,ESD,1.3808338080149896
SLC25A13,4.612610000000001,0.5028050676346334,SLC25A13,1.3773269780743864
SAA1,3.7263766666666673,0.42920837665393186,SAA1,1.368816688340626
PCSK1,7.443410000000001,0.6552846324025917,PCSK1,1.366386899547988
PHKA1,7.67881,0.6639294998602412,PHKA1,1.3658916282352647
NTC_486,4.518510000000001,0.49867560019850854,NTC,1.365411850874391
FER,7.667610000000001,0.6639294998602412,FER,1.363899394251583
NTC_696,3.6953433333333345,0.42822720303874784,NTC,1.361090096272869
PPP1R3C,3.0187600000000008,0.35439465934712744,PPP1R3C,1.359990115104358
CFTR,3.3598166666666676,0.394892035755554,CFTR,1.355758681352196
NTC_1323,3.8955433333333342,0.4487307395665845,NTC,1.3557043141825753
DDR1,3.0733766666666678,0.36228940835525736,DDR1,1.3551881150535723
SLC22A11,7.290410000000001,0.6520196712565391,SLC22A11,1.3541156612218637
ALAS2,3.1977433333333343,0.37837452141326744,ALAS2,1.349697479513
NTC_452,4.279043333333334,0.4841110267424893,NTC,1.3481341051741043
NTC_1847,4.2542100000000005,0.4841110267424893,NTC,1.3403102387152095
NTC_1017,2.2545830000000002,0.2546237051192821,NTC,1.339450390444395
NTC_2053,3.7603766666666676,0.4418350416340795,NTC,1.3339554302389092
KCNK3,8.099973333333335,0.6848437169925277,KCNK3,1.3317046622921038
NTC_572,4.3152766666666675,0.4913643355068512,NTC,1.33167871025184
JAK2,3.356403333333334,0.4033118054074545,JAK2,1.3236280819735948
NTC_347,4.377210000000001,0.49867560019850854,NTC,1.3227135510966874
NTC_2018,4.374910000000001,0.49867560019850854,NTC,1.3220185327705112
FABP6,2.7535893333333346,0.33142704914239196,FABP6,1.320654624709815
CD1D,4.284276666666668,0.4932551104486358,CD1D,1.314966210197463
NTC_1474,4.173160000000001,0.4841110267424893,NTC,1.3147750289235287
NTC_2123,4.17041,0.4841110267424893,NTC,1.3139086276042549
NTC_1790,8.439176666666668,0.6989047302132212,NTC,1.3129841545826295
ADAM33,7.646510000000001,0.6738322487940531,ADAM33,1.3109804373396192
HK2,2.8472433333333345,0.346639576448592,HK2,1.3100788831116823
NTC_430,3.7629766666666673,0.4487307395665845,NTC,1.3095692345445262
NPC1L1,5.631845000000001,0.5854584499252948,NPC1L1,1.3094260474591037
NTC_702,4.420410000000001,0.506044298222878,NTC,1.307607954133955
NEDD8-MDP1,2.894610000000001,0.35439465934712744,NEDD8-MDP1,1.3040589470783455
NTC_397,4.602043333333334,0.5209518063141235,NTC,1.303309955228845
MAPK11,4.745210000000001,0.5320310525236598,MAPK11,1.3004865780761596
TYRO3,1.688343333333334,0.16982722731256972,TYRO3,1.3000120094368552
NTC_1040,3.6643700000000012,0.4418350416340795,NTC,1.2998980403305038
GSTO2,4.740243333333334,0.5320310525236598,GSTO2,1.2991253984154536
SPHK1,4.334010000000001,0.5028050676346334,SPHK1,1.2941369194976753
SLC18A1,4.717876666666667,0.5320310525236598,SLC18A1,1.2929955222252947
NTC_1547,4.666810000000001,0.5284894738243422,NTC,1.292536770283023
NTC_462,4.367026666666668,0.506044298222878,NTC,1.2918165521407345
CHRNB1,3.1058600000000007,0.384009284625055,CHRNB1,1.2909764102356573
NTC_1072,6.856310000000001,0.64833468746197,NTC,1.2903626292330626
NTC_2105,3.703910000000001,0.4487307395665845,NTC,1.289013197049273
EXTL2,3.339843333333334,0.41183819961908175,EXTL2,1.2867527073995317
SCN2B,7.586310000000001,0.6774061800701601,SCN2B,1.2832307510646797
SEC14L3,2.5303866666666677,0.3130274893235582,SEC14L3,1.2763713723011016
NTC_734,4.050310000000001,0.4841110267424893,NTC,1.2760705190788892
S100G,5.727310000000001,0.5988062873893023,S100G,1.2755501048653746
NTC_948,3.212510000000001,0.4017552961477443,NTC,1.2722772864297893
STK40,7.731306666666668,0.6848437169925277,STK40,1.2710927196809731
CXCR1,7.720966666666667,0.6848437169925277,CXCR1,1.2693927355401076
PDE1B,4.1347433333333345,0.4932551104486358,PDE1B,1.2690701824825876
NTC_1122,8.732576666666667,0.7160768997263554,NTC,1.26657585531933
PRKAR1B,3.9047433333333337,0.4744503631071174,PRKAR1B,1.264391879999702
NTC_720,4.089143333333334,0.4913643355068512,NTC,1.261894784691652
NTC_1387,4.428376666666667,0.5209518063141235,NTC,1.2541271294352134
NTC_1568,3.971410000000001,0.4841110267424893,NTC,1.2512126775913675
PPTC7,4.5547433333333345,0.5320310525236598,PPTC7,1.2482867084031828
NTC_857,4.405543333333334,0.5209518063141235,NTC,1.2476606734527496
NTC_2056,3.8628433333333336,0.47691617691593147,NTC,1.2421279684539825
CDKN2B,4.036581000000001,0.4932551104486358,CDKN2B,1.2389413739367325
MAP3K10,1.7329100000000004,0.19451668848932258,MAP3K10,1.2321737549155296
DUSP11,4.006343333333334,0.4932551104486358,DUSP11,1.2296605750912142
NTC_856,3.3314766666666675,0.42822720303874784,NTC,1.2270686342083188
CAMK1,6.094283333333334,0.6305008013082566,CAMK1,1.2207724481602706
CHRNA10,5.4690166666666675,0.5988062873893023,CHRNA10,1.218024654275244
NTC_275,4.810910000000001,0.5591853377427711,NTC,1.2144864447569856
NTC_254,3.7752433333333344,0.47691617691593147,NTC,1.2139594923737806
HPN,2.806710000000001,0.37027771446508695,HPN,1.2110179716898786
IMPA1,4.418043333333334,0.5320310525236598,IMPA1,1.210822293714895
NTC_592,4.173243333333334,0.5134698874566608,NTC,1.2080914323433993
BPHL,1.5684433333333336,0.16982722731256972,BPHL,1.2076898870023507
CDKL3,7.659276666666668,0.695922569120994,CDKL3,1.2058694633394211
CDK14,4.016943333333334,0.5028050676346334,CDK14,1.1994607006436817
NTC_1839,4.053276666666667,0.506044298222878,NTC,1.1990057052714331
NTC_613,4.052943333333333,0.506044298222878,NTC,1.1989071014500579
ZAK,3.041760000000001,0.4045690654263009,ZAK,1.1954339693012679
DUSP12,5.024410000000001,0.5813075296281432,DUSP12,1.1837211089343656
SLK,4.19491,0.5221942936696573,SLK,1.183668854290269
NTC_1039,4.5762100000000006,0.5514308697146476,NTC,1.1829911288667827
PYCRL,4.725810000000001,0.5620936893547654,PYCRL,1.182356502646731
NTC_1641,3.329610000000001,0.4418350416340795,NTC,1.181145330320041
PPARD,4.297543333333334,0.5320310525236598,PPARD,1.1777976999333388
F13A1,3.631930000000001,0.4744503631071174,F13A1,1.1760524082404014
NISCH,2.197716333333334,0.295314709400302,NISCH,1.164163133055766
NTC_1049,3.846710000000001,0.49867560019850854,NTC,1.1624060632547077
AKAP14,4.239810000000001,0.5320310525236598,AKAP14,1.1619751283068784
NTC_993,4.578143333333334,0.5591853377427711,NTC,1.155725844068564
LPL,7.589310000000001,0.7046678270325508,LPL,1.1536931838712703
NTC_1769,3.245276666666667,0.4418350416340795,NTC,1.1512289368514392
NTC_427,3.9765100000000007,0.5134698874566608,NTC,1.1511400792895337
NTC_1610,3.364010000000001,0.45568711654855787,NTC,1.1482484658965304
NTC_23,2.8468766666666676,0.39529403117577033,NTC,1.1475183160840423
NTC_1895,4.647076666666668,0.5669923622655231,NTC,1.1451456034941305
NTC_1693,2.0677433333333344,0.27953541754767897,NTC,1.144626530656373
DGKG,3.533040000000001,0.4744503631071174,DGKG,1.1440309148055352
NTC_1563,3.2601100000000014,0.4487307395665845,NTC,1.1345645044918227
NUAK2,3.162276666666668,0.4380507769053854,NUAK2,1.1335988517950721
INPPL1,1.470976666666667,0.16982722731256972,INPPL1,1.1326412670416919
NTC_2171,3.999043333333334,0.5209518063141235,NTC,1.1325388768014377
CDK4,2.8013433333333344,0.394892035755554,CDK4,1.1304026143137071
NTC_746,3.813543333333334,0.506044298222878,NTC,1.12808983693847
NTC_1265,3.3562766666666675,0.462703767941809,NTC,1.1233356103068899
DHPS,2.7207733333333346,0.3865794423113388,DHPS,1.1230297878664464
PDE8A,3.125710000000001,0.4380507769053854,PDE8A,1.1204905960297722
NDUFC1,3.9703433333333344,0.5221942936696573,NDUFC1,1.1203033544237362
SCYL2,1.997155666666667,0.2749615635086514,SCYL2,1.119861125313299
CELA2A,6.97146,0.6909869138127791,CELA2A,1.1191297104738844
DYRK1A,2.4813600000000005,0.35439465934712744,DYRK1A,1.1178845194766558
NTC_1240,3.538010000000001,0.4841110267424893,NTC,1.1146678296738524
NTC_2142,7.971343333333334,0.7247177955272267,NTC,1.1146415027175967
RIPK1,4.058476666666667,0.5320310525236598,RIPK1,1.1122783675401662
NTC_979,2.446376666666667,0.3518465500858653,NTC,1.1097907089963146
NTC_1951,3.8280766666666675,0.5134698874566608,NTC,1.1081708527309326
SKP1,5.646170000000001,0.6373032905107973,SKP1,1.1046948371308234
SUCLA2,7.5225100000000005,0.7131338137055907,SUCLA2,1.1045224004361567
TNNC1,7.509010000000001,0.7131338137055907,TNNC1,1.1025402093316068
NTC_661,1.2213166666666675,0.1254203978293845,NTC,1.1011779762794753
PDIK1L,7.4958100000000005,0.7131338137055907,PDIK1L,1.100602066918269
SLC13A1,3.8372100000000007,0.5168108961394484,SLC13A1,1.100006615194539
TAF1L,7.486510000000001,0.7131338137055907,TAF1L,1.0992365574906902
ADH5,7.486510000000001,0.7131338137055907,ADH5,1.0992365574906902
GART,2.2422763333333346,0.32398517727341825,GART,1.097537891769866
PTK2B,7.630460000000001,0.718444948365476,PTK2B,1.0957836886877428
BMPR1A,2.8642600000000016,0.41509125296243177,BMPR1A,1.0937360644620535
PPIB,2.0988266666666675,0.3023178312588336,PPIB,1.0904165076412289
NTC_663,2.952543333333334,0.42822720303874784,NTC,1.0874977308783624
TLK2,3.0315143333333334,0.4380507769053854,TLK2,1.086723753076729
PTGFR,3.7380100000000014,0.5124518710850303,PTGFR,1.0853196785275179
LEPRE1,2.926560000000001,0.42577347098160767,LEPRE1,1.085231082233454
NTC_1798,2.3059600000000002,0.3400105887943864,NTC,1.0803596877828447
MMAB,7.8688166666666675,0.7295421602958098,MMAB,1.0776313353783165
NTC_1546,2.368740000000001,0.3518465500858653,NTC,1.0745710911352973
NTC_1025,3.336010000000001,0.47691617691593147,NTC,1.0727205238392197
NTC_2070,3.960826666666668,0.5360822897194435,NTC,1.0724672541451654
M6PR,7.9261050000000015,0.7323142125246366,M6PR,1.072422116060489
NTC_113,3.0696766666666675,0.4487307395665845,NTC,1.0682910043730964
MAST4,4.393810000000001,0.5722938626482075,MAST4,1.0649756727385298
FCRL2,4.168143333333335,0.5570262742866511,FCRL2,1.0592265868009403
AKT2,2.764960000000001,0.41509125296243177,AKT2,1.0558177221324176
NTC_1770,4.174943333333334,0.5591853377427711,NTC,1.0539403326942054
AKR1A1,2.3386600000000004,0.35439465934712744,AKR1A1,1.0535963384270222
NTC_70,2.3857433333333335,0.3639401522506668,NTC,1.047269816811635
NTC_1771,1.6041466666666668,0.2224086972996202,NTC,1.0472643178609402
CACNA2D2,3.817343333333334,0.5320310525236598,CACNA2D2,1.0461926382411963
NTC_633,3.1245100000000012,0.462703767941809,NTC,1.0457640106427404
MAP2K7,3.4044600000000007,0.49314637906045977,MAP2K7,1.0452514422937327
NTC_1745,3.3833766666666674,0.4913643355068512,NTC,1.0440977540480996
PI4K2A,2.3607433333333345,0.36228940835525736,PI4K2A,1.0409564641795575
NME2,3.9747195000000013,0.547908967389982,NME2,1.0385607843045277
NEK9,3.207306666666668,0.4744503631071174,NEK9,1.0385554593009305
EPHX2,3.8984766666666677,0.5419608093782495,EPHX2,1.0371200019192552
NTC_606,4.009676666666667,0.5514308697146476,NTC,1.0365372057424809
PTPRN2,3.471110000000001,0.5028050676346334,PTPRN2,1.0364746741787803
F2R,2.820860000000001,0.42920837665393186,F2R,1.036191611549165
NTC_1506,4.10271,0.5591853377427711,NTC,1.0357054448677967
NTC_476,3.655910000000001,0.5209518063141235,NTC,1.0353626755116792
SLC1A7,1.3626433333333337,0.1745671803116513,SLC1A7,1.0329346135497364
NTC_1203,3.559143333333334,0.5134698874566608,NTC,1.0303186811893215
NTC_63,2.268510000000001,0.3518465500858653,NTC,1.0291020820990622
AK2,2.794050000000001,0.42920837665393186,AK2,1.0263434457041272
PPP1R3A,2.659280000000001,0.41183819961908175,PPP1R3A,1.0245497762070959
FRK,3.33576,0.4932551104486358,FRK,1.0238395011826085
NTC_1724,2.9398433333333345,0.4487307395665845,NTC,1.0231071634904716
FPR1,2.3277100000000006,0.3641018653214051,FPR1,1.021345834448745
IARS2,7.562610000000001,0.7328101522377404,IARS2,1.0210168034811584
LIPF,7.5606100000000005,0.7328101522377404,LIPF,1.0207467864358575
GALNT1,7.55001,0.7328101522377404,GALNT1,1.0193156960957632
NDUFA8,7.537710000000001,0.7328101522377404,NDUFA8,1.0176550912671631
WARS2,7.535710000000001,0.7328101522377404,WARS2,1.0173850742218624
NTC_1726,3.57961,0.5209518063141235,NTC,1.0137543284403505
LCMT1,4.168343333333334,0.5722938626482075,LCMT1,1.010326856559986
NTC_741,3.4847433333333346,0.5134698874566608,NTC,1.0087809956562435
NTC_245,3.481676666666668,0.5134698874566608,NTC,1.007893241593052
CA3,1.3084433333333338,0.16982722731256972,CA3,1.0074917899800733
CS,3.1935633333333344,0.4838031706453061,CS,1.0070304448906584
ACE2,7.893245000000001,0.746271463838379,ACE2,1.0032564196496867
ARAF,4.2733766666666675,0.5825811353228938,ARAF,1.0027204102581413
NTC_846,3.7887766666666676,0.5437296345338649,NTC,1.0025747011490456
NTC_439,3.2398433333333343,0.4913643355068512,NTC,0.9998038885613412
NTC_1926,3.858010000000001,0.5514308697146476,NTC,0.9973300187446242
PPP2R4,2.6852100000000005,0.42577347098160767,PPP2R4,0.9957333368610563
NTC_687,4.461110000000001,0.5987318474074286,NTC,0.9937909486764951
NTC_1900,3.282810000000001,0.49867560019850854,NTC,0.9920057005891234
NTC_1487,3.4255100000000005,0.5134698874566608,NTC,0.9916338329356875
CAT,2.627116666666667,0.42047061110383477,CAT,0.9884903552670253
NTC_1498,4.433043333333335,0.5987318474074286,NTC,0.9875386035666788
HGS,2.5805100000000003,0.41509125296243177,HGS,0.9853843057910149
NTC_891,2.316793333333334,0.37629039426570743,NTC,0.9834251778656824
INPP5A,3.477396666666668,0.5221942936696573,INPP5A,0.9812096393834754
NTC_419,3.3877766666666678,0.5134698874566608,NTC,0.9807105981581586
HIPK4,3.363000000000001,0.5124518710850303,HIPK4,0.9764366812523354
NTC_906,2.9953766666666675,0.47691617691593147,NTC,0.9631871687921927
NTC_2043,2.518476666666668,0.4148664444840364,NTC,0.9622890074506671
NTC_2112,2.7646100000000007,0.4487307395665845,NTC,0.9621234788897114
NTC_1322,2.2281133333333347,0.3700832674571427,NTC,0.9618777518633194
NNT,2.3784100000000006,0.39420806594346236,NNT,0.961530498819631
NTC_524,3.545943333333334,0.5360822897194435,NTC,0.960129899664301
NTC_536,3.379876666666667,0.5209518063141235,NTC,0.9571893587368112
PPM1F,4.061043333333334,0.5825811353228938,PPM1F,0.9528977562496066
NTC_1541,2.6358766666666678,0.4350004076990802,NTC,0.9528966594415562
GPX7,3.573686666666668,0.5419608093782495,GPX7,0.9507154305379497
CYB5A,4.0326433333333345,0.5825811353228938,CYB5A,0.9462338785078058
SLC19A2,3.900065000000001,0.5722938626482075,SLC19A2,0.9453013095921294
NAGLU,4.019176666666667,0.5825811353228938,NAGLU,0.9430740115973741
SLC1A1,3.6475266666666677,0.5519821709451438,SLC1A1,0.9413352613219584
NTC_1944,3.817543333333334,0.5669923622655231,NTC,0.9407296840339757
PPP4C,7.8860600000000005,0.7603124599361254,PPP4C,0.9385033789445901
LCT,2.7703600000000006,0.4587668055450057,LCT,0.9375120239296248
NTC_298,4.0926100000000005,0.5907217318573754,NTC,0.9356404321172044
MYH7,3.7371433333333344,0.5620936893547654,MYH7,0.9350007134204606
FTH1,3.8459233333333342,0.5722938626482075,FTH1,0.9321784030755712
NTC_677,3.6899100000000007,0.5591853377427711,NTC,0.9314964689369057
NTC_624,3.5116100000000015,0.5437296345338649,NTC,0.929231690343849
ERN2,2.235410000000001,0.384009284625055,ERN2,0.9291666646934799
NTC_1067,4.125676666666667,0.5987318474074286,NTC,0.9190672564673694
STK19,2.988097666666668,0.4932551104486358,STK19,0.9171320552212741
NTC_1116,4.0036433333333346,0.5907217318573754,NTC,0.9153011350808323
NTC_2093,4.997243333333334,0.6561265567063654,NTC,0.9145574150039234
ARHGAP26,2.5342600000000006,0.43661443369416253,ARHGAP26,0.9120850179563588
C9orf96,3.3273026666666676,0.5320310525236598,C9orf96,0.9118906137340632
CSF2RA,2.968810000000001,0.49314637906045977,CSF2RA,0.9114963707595498
PPP1R3B,3.7555766666666672,0.5722938626482075,PPP1R3B,0.9102800956583144
NTC_1287,4.188043333333335,0.6067908605865064,NTC,0.9086419403547094
KYNU,3.6271200000000006,0.5620936893547654,KYNU,0.9074738336666118
ACE,1.1951100000000006,0.1745671803116513,ACE,0.9059380806418597
NTC_1784,3.261143333333334,0.5284894738243422,NTC,0.9032181879049456
PFKFB4,1.2907100000000007,0.19975581100850925,PFKFB4,0.9028523909791331
NTC_1752,3.660843333333334,0.5669923622655231,NTC,0.9021152326403332
NTC_1714,3.4002100000000004,0.5437296345338649,NTC,0.8997533569570818
C8G,2.0326846666666682,0.36228940835525736,C8G,0.8963008445385152
NTC_1292,3.160743333333334,0.5209518063141235,NTC,0.8951302614686093
NTC_411,3.5431100000000013,0.5591853377427711,NTC,0.894437656759932
UQCRB,7.574410000000001,0.7626527850556505,UQCRB,0.8913046041350005
NTC_92,4.589343333333335,0.639499907725442,NTC,0.8910646704927199
TUFM,2.027910000000001,0.3641018653214051,TUFM,0.8898004610269128
NTC_653,3.3568100000000007,0.5437296345338649,NTC,0.8882689793180721
GUCY2D,8.60651,0.7886283066118045,GUCY2D,0.8875690532671001
NTC_1578,3.5138100000000008,0.5591853377427711,NTC,0.8870410409780154
CDK6,3.0507100000000014,0.5124518710850303,CDK6,0.8857642425998551
NTC_971,3.2705100000000007,0.5360822897194435,NTC,0.8855512181011802
NTC_1091,3.949310000000001,0.5987318474074286,NTC,0.8797784702725486
NTC_1962,4.804576666666668,0.6561265567063654,NTC,0.8792970290529847
NTC_1617,4.052643333333334,0.6067908605865064,NTC,0.8792654251346277
STRADA,3.7384400000000007,0.5825811353228938,STRADA,0.8772009544034528
MTMR14,7.928850000000001,0.7751792456887121,MTMR14,0.8769138693207632
NTC_300,4.258276666666667,0.623052418393075,NTC,0.874971160655337
NTC_436,4.499743333333334,0.639499907725442,NTC,0.873667978051721
FAAH,7.870276666666667,0.7751792456887121,FAAH,0.8704357838011294
AMY2A,1.9836600000000004,0.3641018653214051,AMY2A,0.8703845745228561
NTC_839,3.619710000000001,0.574851248239896,NTC,0.8703394380829365
NDUFV3,2.312903333333334,0.42047061110383477,NDUFV3,0.8702630784059663
PPAT,4.4048033333333345,0.635265878736946,PPAT,0.86794214165947
NTC_1409,3.999043333333334,0.6067908605865064,NTC,0.8676363171893074
PTPN23,3.0631556666666677,0.5221942936696573,PTPN23,0.8643241353154368
GCA,6.385260000000001,0.7323142125246366,GCA,0.8639418782360815
NTC_398,4.446976666666667,0.639499907725442,NTC,0.8634228277042132
SGK1,2.8124400000000014,0.4932551104486358,SGK1,0.8632177275061804
SCTR,3.4483766666666673,0.5620936893547654,SCTR,0.8627538084283102
MAP2K1,2.8082100000000008,0.49314637906045977,MAP2K1,0.8621882920532723
NTC_384,3.255876666666668,0.5437296345338649,NTC,0.861560303825813
AKAP13,3.6428433333333348,0.5825811353228938,AKAP13,0.8547698100657644
PPP1R1B,2.9596100000000014,0.5168108961394484,PPP1R1B,0.8484264813226042
ALDH3A2,3.034329000000001,0.5320310525236598,ALDH3A2,0.8315973661792113
ACACB,3.7820433333333345,0.6034104927359342,ACACB,0.829731678298206
KCNA1,7.906410000000001,0.7867179845655025,KCNA1,0.8236970806584493
INSRR,3.8776433333333347,0.613949204410037,INSRR,0.821546828023684
ERBB3,2.586210000000001,0.48153549946814933,ERBB3,0.8207898398554208
PANK2,2.579110000000001,0.48153549946814933,PANK2,0.8185365008524111
NTC_2140,4.085776666666668,0.6312533385202614,NTC,0.8163231096826192
PPP1R9A,2.8072433333333344,0.5124518710850303,PPP1R9A,0.8150744465857104
HTR1E,3.257370000000001,0.5620936893547654,HTR1E,0.8149656039972795
SACM1L,9.02941,0.8131635857671071,SACM1L,0.8110403667440064
PSTPIP1,9.028310000000001,0.8131635857671071,PSTPIP1,0.8109415624585196
NTC_714,2.9817433333333336,0.5360822897194435,NTC,0.8073622893366498
NTC_878,4.279376666666668,0.6477912710075082,NTC,0.8069402691932742
TSTA3,2.2397100000000014,0.43661443369416253,TSTA3,0.8060759099567673
SLC16A8,8.962710000000001,0.8131635857671071,SLC16A8,0.8050492341603908
NTC_1198,2.3553600000000015,0.45568711654855787,NTC,0.80396268341475
NTC_722,2.308643333333334,0.4487307395665845,NTC,0.8034406138233625
DBF4,8.94461,0.8131635857671071,DBF4,0.8034234545537424
CD55,1.901763333333335,0.37837452141326744,CD55,0.8026926835790165
AMN,8.762243333333334,0.8099341031504677,AMN,0.8021861303566163
NTC_1513,4.122710000000001,0.639499907725442,NTC,0.8004633693463135
MUSK,8.90891,0.8131635857671071,MUSK,0.8002168063793034
NTC_612,4.6328433333333345,0.6729253269972151,NTC,0.797002519880025
NTC_1191,4.223176666666667,0.6477912710075082,NTC,0.7963429213407452
RPS6KA4,2.8208400000000013,0.5221942936696573,RPS6KA4,0.7959504377772499
CDK2,7.716660000000001,0.7886283066118045,CDK2,0.7958009240196202
EHHADH,7.69711,0.7886283066118045,EHHADH,0.7937847786841273
ENPEP,8.810310000000001,0.8131635857671071,ENPEP,0.7913603495165672
PPP1R11,2.647660000000001,0.5049055747153106,PPP1R11,0.7857985723840812
NTC_487,4.289076666666667,0.6561265567063654,NTC,0.7849541451894433
SLC7A3,3.569010000000001,0.6034104927359342,SLC7A3,0.7829949041205451
FGF4,3.5529750000000004,0.6034104927359342,FGF4,0.7794770312965481
CYB5R1,4.614510000000001,0.6788037616089093,CYB5R1,0.7764178856627568
SGPP1,2.8171266666666677,0.5320310525236598,SGPP1,0.7720702389863529
ALDH4A1,2.9868356666666673,0.5519821709451438,ALDH4A1,0.770827464676725
BMPR1B,2.812263000000001,0.5320310525236598,BMPR1B,0.7707372878165972
NTC_1167,3.955710000000001,0.639499907725442,NTC,0.7680387305332913
AGTR2,7.602610000000001,0.7928530886434683,AGTR2,0.7663984169712109
TUBB2B,1.2330766666666673,0.2393349454108844,TUBB2B,0.7657330699949325
NDUFB3,7.5949100000000005,0.7928530886434683,NDUFB3,0.7656222009334714
PPEF1,7.5949100000000005,0.7928530886434683,PPEF1,0.7656222009334714
PAH,4.020910000000001,0.6460401658923085,PAH,0.7629293935118605
ATP1A1,3.5967100000000007,0.613949204410037,ATP1A1,0.762026168425598
HTR7,4.0071433333333335,0.6460401658923085,HTR7,0.76031729957027
NTC_311,4.283410000000001,0.6645048767642483,NTC,0.7603131027028709
NTC_2016,2.0625766666666667,0.42822720303874784,NTC,0.7597000929467552
PPP3R1,4.296014333333334,0.6678110883077208,PPP3R1,0.7532905369220031
PGAM2,2.5884966666666682,0.5124518710850303,PGAM2,0.7515620263552583
CDC42BPA,3.943943333333334,0.6460401658923085,CDC42BPA,0.7483257012330903
NTC_2038,4.207510000000001,0.6645048767642483,NTC,0.7468407139996769
WNK3,3.517170000000001,0.613949204410037,WNK3,0.7451742227762207
NTC_1701,3.253176666666667,0.5907217318573754,NTC,0.7437316583191671
ABL2,4.609843333333334,0.6898651922873063,ABL2,0.7432716264481288
SMPD1,3.6321766666666675,0.6245682708007091,SMPD1,0.7424898538241991
GAD1,2.9507733333333346,0.5620936893547654,GAD1,0.7382577882951785
DHFRL1,4.036910000000001,0.6568892216982214,DHFRL1,0.7367678213392632
SGK223,2.8535133333333342,0.5519821709451438,SGK223,0.7364203101971453
TSSK1B,2.479660000000001,0.5049055747153106,TSSK1B,0.7359378802406317
BMX,0.9552433333333354,0.16982722731256972,BMX,0.7355303751021189
NTC_66,3.897810000000001,0.6477912710075082,NTC,0.7349901856417336
NTC_951,2.5908100000000003,0.5209518063141235,NTC,0.733723744113617
NCAN,3.3404533333333335,0.6034104927359342,NCAN,0.7328525102066086
NUDT9,1.9646100000000013,0.42577347098160767,NUDT9,0.7285194345807593
NTC_649,2.170176666666668,0.462703767941809,NTC,0.7263515414374182
MBL2,4.706510000000001,0.7009932869362083,MBL2,0.726149265645045
TRIB1,3.898843333333334,0.6514550737534066,TRIB1,0.7256352900015733
NTC_1064,3.8464433333333345,0.6477912710075082,NTC,0.72530423484651
PAK2,3.421943333333334,0.613949204410037,PAK2,0.7249987813500446
NTC_1652,4.343676666666667,0.681386987376694,NTC,0.7236833093607337
TXNDC12,2.8894216666666677,0.5620936893547654,TXNDC12,0.7229081356363648
SBK2,1.6032100000000007,0.35439465934712744,SBK2,0.7222666765282627
NME7,3.401763333333334,0.613949204410037,NME7,0.720723294007771
SLC25A10,1.99066,0.43661443369416253,SLC25A10,0.7164423389253687
ADRB2,1.0553766666666684,0.21054179072894286,ADRB2,0.7141329562825393
CACNA1B,1.0358100000000015,0.2050972586205263,CACNA1B,0.7126788620514812
NTC_2080,3.6660100000000013,0.639499907725442,NTC,0.7117907193708213
ITPKC,1.1664100000000008,0.24541202195135214,ITPKC,0.711631600716565
NTC_665,3.993343333333334,0.6645048767642483,NTC,0.7088257392882052
NTC_1358,2.1555766666666676,0.4697802694091292,NTC,0.7072559723448104
NTC_1118,3.437810000000001,0.623052418393075,NTC,0.7063854327171143
NTC_1178,3.838010000000001,0.6561265567063654,NTC,0.7024033592572455
GGPS1,2.365810000000001,0.5049055747153106,GGPS1,0.7021483576184191
NTC_261,4.067143333333334,0.6729253269972151,NTC,0.699683380626565
NTC_1495,2.3652100000000007,0.506044298222878,NTC,0.6996562330637138
MAPKAPK3,0.9076433333333327,0.16982722731256972,MAPKAPK3,0.698878723493423
GSTO1,4.145310000000001,0.6788037616089093,GSTO1,0.6974722832146171
NTC_1733,2.4590766666666677,0.5209518063141235,NTC,0.6964165411315766
NTC_9,2.568543333333334,0.5360822897194435,NTC,0.6954807285649637
PRLR,3.1694366666666673,0.6034104927359342,PRLR,0.6953336524506254
TYR,2.0332766666666675,0.45604632220456787,TYR,0.6933291298514707
KCNH2,1.094543333333334,0.23336478380823789,KCNH2,0.6917127285719467
NTC_699,3.5555766666666675,0.639499907725442,NTC,0.6903490370579385
GRM8,3.928343333333334,0.6678110883077208,GRM8,0.6888207601683137
COX8A,6.605876666666667,0.7867179845655025,COX8A,0.6882063193691069
KDM5D,8.70461,0.8336005276574016,KDM5D,0.688029950245117
ALPK1,8.67881,0.8336005276574016,ALPK1,0.685990666151249
INSR,7.612210000000001,0.8131635857671071,INSR,0.6837445182057735
BRSK2,1.5155600000000007,0.35439465934712744,BRSK2,0.6827792268506145
NTC_739,3.514676666666668,0.639499907725442,NTC,0.6824079129414559
PTDSS2,2.1500600000000007,0.48153549946814933,PTDSS2,0.682368177015612
F9,8.63151,0.8336005276574016,F9,0.6822519786458244
KCNJ8,2.863160000000001,0.5784438155732001,KCNJ8,0.6806842736327977
NTC_692,4.5198100000000005,0.7070097976278902,NTC,0.6805684371906049
CASK,8.60251,0.8336005276574016,CASK,0.6799597600907015
ACP2,8.596710000000002,0.8336005276574016,ACP2,0.679501316379677
PASK,7.956766666666668,0.821606580132614,PASK,0.6789993658669823
GSTK1,2.4009866666666677,0.5221942936696573,GSTK1,0.6774813135203249
PRKD2,2.362760000000001,0.5168108961394484,PRKD2,0.677328483485931
TBXAS1,8.56201,0.8336005276574016,TBXAS1,0.6767585583154437
NTC_538,4.192910000000001,0.6898889223209421,NTC,0.6759844242247119
IRAK2,8.55061,0.8336005276574016,IRAK2,0.675857479297223
CTH,8.526010000000001,0.8336005276574016,CTH,0.6739130456263256
SCN1B,2.943410000000001,0.5911727914677094,SCN1B,0.6719380072627071
NTC_2073,3.556110000000001,0.6477912710075082,NTC,0.6705575564387246
MGAT1,3.279426666666668,0.6245682708007091,MGAT1,0.6703806697252743
CELA1,2.2573100000000004,0.5049055747153106,CELA1,0.6699466606091077
PACSIN3,3.785243333333334,0.6678110883077208,PACSIN3,0.6637286940182694
ODC1,1.6417100000000007,0.39420806594346236,ODC1,0.6637014792307369
CKB,3.6080600000000005,0.6568892216982214,CKB,0.6584993238544684
ADRBK2,0.97241,0.21054179072894286,ADRBK2,0.6579925916042956
NTC_1683,2.8034766666666675,0.5827612820869876,NTC,0.6574413784560398
PIM1,2.7680678333333346,0.5825811353228938,PIM1,0.6495093528994711
NTC_1277,2.762643333333334,0.5827612820869876,NTC,0.6478655816346092
NTC_1340,2.4479433333333342,0.5437296345338649,NTC,0.6477674119561367
BTK,3.2837226666666672,0.635265878736946,BTK,0.6470393950064541
CA8,4.501360000000001,0.718444948365476,CA8,0.6464245753088881
NTC_1786,2.6839766666666676,0.574851248239896,NTC,0.6453474847140737
MAP3K11,4.002210000000002,0.6898651922873063,MAP3K11,0.6452993997815472
DARS,3.6779433333333342,0.6678110883077208,DARS,0.6449140280650915
GBA,1.269843333333334,0.31215391059541464,GBA,0.6420724337825567
CTLA4,2.163260000000001,0.5049055747153106,CTLA4,0.6420335767038018
NTC_1243,3.7259433333333347,0.6729253269972151,NTC,0.6409856781106017
IDH3B,1.7764100000000003,0.43661443369416253,IDH3B,0.6393333544103033
NTC_1278,2.5267433333333345,0.5591853377427711,NTC,0.6378617616445571
MAST3,1.1887433333333348,0.29098256380410037,MAST3,0.6373245698722658
NTC_1491,3.8177766666666675,0.681386987376694,NTC,0.6360651274381667
IL5,4.520780000000001,0.7234408810480998,IL5,0.6356078943480267
NTC_34,4.373410000000001,0.7156267918201864,NTC,0.6355151141811447
NTC_1151,4.860376666666667,0.7416920234771487,NTC,0.6307621455232507
MAN1B1,4.482186666666668,0.7234408810480998,MAN1B1,0.630181789265304
NTC_281,4.845743333333334,0.7416920234771487,NTC,0.6288630843264525
MST1R,3.899476666666667,0.6898651922873063,MST1R,0.6287351119661756
VRK3,4.261243333333335,0.7121859092141014,VRK3,0.6281354904323004
CKMT1B,4.4674433333333345,0.7234408810480998,CKMT1B,0.6281089215177756
PPP3CB,3.1843526666666677,0.635265878736946,PPP3CB,0.6274590859461099
NTC_1716,3.6351766666666676,0.6729253269972151,NTC,0.6253708047273495
NQO1,2.7547900000000007,0.592953898931788,NQO1,0.6252796747669846
B4GALT3,7.80606,0.8316195538837513,B4GALT3,0.62507265601467
BPI,1.4156600000000008,0.3641018653214051,BPI,0.6211591839171163
PKN3,1.0162433333333345,0.24541202195135214,PKN3,0.6200142917306418
MAGI3,3.1461212333333344,0.635265878736946,MAGI3,0.6199257933981919
DDAH2,0.8027100000000011,0.16982722731256972,DDAH2,0.6180808248490487
MS4A2,7.787210000000001,0.8333186860475641,MS4A2,0.6166604350879001
RDH14,0.8955100000000007,0.2050972586205263,RDH14,0.6161468297812548
SULT1B1,3.3587433333333343,0.6568892216982214,SULT1B1,0.6129970715566547
DCTD,6.427710000000001,0.8028942740836855,DCTD,0.6128284082519919
HPD,2.518743333333334,0.5722938626482075,HPD,0.6104953049568265
PPP1R12C,8.331710000000001,0.8450679003451725,PPP1R12C,0.6091179417812567
NTC_2005,3.3245766666666676,0.6561265567063654,NTC,0.6084387009869496
P4HA2,0.7873766666666686,0.16982722731256972,P4HA2,0.606274270409274
FST,3.755890000000001,0.6898651922873063,FST,0.6055838056087798
PLA2G2E,4.304843333333334,0.7234408810480998,PLA2G2E,0.605247856918085
RPS6KB2,7.654010000000001,0.8336005276574016,RPS6KB2,0.6049884049343541
PIKFYVE,7.651810000000001,0.8336005276574016,PIKFYVE,0.6048145124922414
INS,2.957177000000001,0.6245682708007091,INS,0.6045063662823718
NTC_1455,1.089476666666668,0.27870646227879936,NTC,0.6044993547899515
PKN1,3.9171100000000005,0.7009932869362083,PKN1,0.6043557859116123
NTC_2163,3.400676666666668,0.6645048767642483,NTC,0.6036263228882106
UBA1,2.8477833333333344,0.613949204410037,UBA1,0.603352903627559
NDUFC2,7.626410000000001,0.8336005276574016,NDUFC2,0.6028068452060302
RLBP1,7.624510000000001,0.8336005276574016,RLBP1,0.6026566653696601
LPA,1.7255600000000006,0.4476127264963723,LPA,0.6023888100248271
ARSA,2.2541100000000007,0.5410505155468462,ARSA,0.6013113083857337
CTSV,4.486876666666667,0.7347559838823132,CTSV,0.6005992591793712
DOK1,3.046476666666668,0.635265878736946,DOK1,0.6002913824943233
RAB7A,3.720043333333334,0.6898651922873063,RAB7A,0.59980404080779
NPR1,3.7101433333333342,0.6898651922873063,NPR1,0.5982078067126683
PRKD3,0.7890100000000002,0.1745671803116513,PRKD3,0.598099091303088
TYROBP,2.7256766666666676,0.6034104927359342,TYROBP,0.5979784142606139
IL2RB,1.712060000000001,0.4476127264963723,IL2RB,0.5976759927740013
NTC_89,1.684660000000001,0.4418350416340795,NTC,0.597616024752737
NTC_2064,1.3331033333333338,0.3578612016748721,NTC,0.5949445331196206
ADORA1,4.2262666666666675,0.7234408810480998,ADORA1,0.5942002169876113
NTC_1222,2.006710000000001,0.506044298222878,NTC,0.5936078231748071
TAB2,1.7470100000000004,0.4587668055450057,TAB2,0.5912021834437741
CD3D,1.99186,0.5049055747153106,CD3D,0.5911637991241154
CHIT1,3.236843333333334,0.6568892216982214,CHIT1,0.5907493629326684
DUSP21,4.00431,0.7121859092141014,DUSP21,0.5902618153761768
GLUL,3.216853333333334,0.6568892216982214,GLUL,0.5871010307309171
NDUFS2,2.469360000000001,0.5784438155732001,NDUFS2,0.5870627271748297
ADORA3,1.0858190000000008,0.2884210808736455,ADORA3,0.5863129428245999
AKAP11,1.6261600000000014,0.43661443369416253,AKAP11,0.585258092224126
AKT3,3.470743333333334,0.6788037616089093,AKT3,0.5839725562507776
AGXT,8.510710000000001,0.8541505255970125,AGXT,0.5826907605010707
SUCNR1,3.0685536666666677,0.6460401658923085,SUCNR1,0.5822288456763758
NTC_1869,4.307876666666667,0.7329689201867738,NTC,0.581194768928115
NTC_417,4.290543333333335,0.7329689201867738,NTC,0.578856251964672
CDK10,3.4386766666666673,0.6788037616089093,CDK10,0.5785771548899428
SLCO2B1,2.730779500000001,0.613949204410037,SLCO2B1,0.5785635870559958
APOE,1.6558600000000014,0.4476127264963723,APOE,0.5780567091076002
SMG1,1.6124433333333341,0.4380507769053854,SMG1,0.5780215028364435
HNF4G,2.7221433333333342,0.613949204410037,HNF4G,0.5767338635045043
SBK1,2.8206066666666674,0.6245682708007091,SBK1,0.5765886474764613
NTC_167,3.146776666666667,0.6561265567063654,NTC,0.5758990991422597
PPFIA3,3.563576666666667,0.6898651922873063,PPFIA3,0.5745760177690641
NTC_880,4.247010000000001,0.7329689201867738,NTC,0.5729829766680246
GABRA3,7.79616,0.8460695727982008,GABRA3,0.5659538403112503
DGKI,1.0337766666666681,0.28414521327883113,DGKI,0.5649172413364707
SLC16A5,1.61761,0.4476127264963723,SLC16A5,0.5647037268969264
NEK4,0.9247766666666681,0.24541202195135214,NEK4,0.5642100973116912
NTC_1013,1.3478433333333353,0.3817406796118916,NTC,0.5637106167780975
OBSCN,8.39431,0.856851677694921,OBSCN,0.563210761348972
GRIA1,3.0822633333333345,0.6568892216982214,GRIA1,0.5625372973125226
NTC_249,2.815303333333334,0.6312533385202614,NTC,0.5624872231798875
PRKAG3,0.8881433333333346,0.23336478380823789,PRKAG3,0.5612752183982219
TRAPPC5,6.5743100000000005,0.821606580132614,TRAPPC5,0.5610259176901371
NTC_1758,2.4910766666666673,0.5987318474074286,NTC,0.554931271318696
CPT2,1.863010000000001,0.5049055747153106,CPT2,0.552922428989095
TSSK3,3.93181,0.7234408810480998,TSSK3,0.5528005067878805
NDUFS5,2.703580000000001,0.6245682708007091,NDUFS5,0.55266604662274
GRIK3,2.3551100000000007,0.5825811353228938,GRIK3,0.5526114474821359
PTPN3,2.5955766666666675,0.613949204410037,PTPN3,0.5499184927767004
NTC_1776,4.075676666666668,0.7329689201867738,NTC,0.549867635913991
NTC_1068,3.6497766666666673,0.7070097976278902,NTC,0.5495635440711155
OAS1,3.4073166666666674,0.6898651922873063,OAS1,0.5493813167888896
LMTK2,0.7686100000000016,0.19451668848932258,LMTK2,0.5465148621484249
MAPK10,8.37306,0.8605715503216317,MAPK10,0.5460324905523966
NTC_124,4.370276666666667,0.7504484432642288,NTC,0.544882331832901
NTC_1795,2.3732100000000007,0.5907217318573754,NTC,0.5425562733573125
GABRB1,3.2192100000000012,0.6788037616089093,GABRB1,0.5416506241625664
HINT1,1.8853100000000014,0.5168108961394484,HINT1,0.5404586852667478
BDKRB2,3.2101133333333345,0.6788037616089093,BDKRB2,0.5401200576018887
CDK5R2,1.5782100000000012,0.45604632220456787,CDK5R2,0.5381554728686979
EN2,3.826580000000001,0.7234408810480998,EN2,0.5380054893965802
RIPK4,3.642026666666667,0.7121859092141014,RIPK4,0.5368588525651393
PSKH1,2.6673100000000014,0.6301104796966954,PSKH1,0.5350178348447836
NTC_563,4.098543333333334,0.7416920234771487,NTC,0.5318941645373196
NTC_814,3.7963100000000005,0.7242801688862979,NTC,0.5318379974215469
SSTR2,4.935643333333334,0.7805719907384553,SSTR2,0.5310112397617791
NDUFA12,1.5141600000000013,0.4476127264963723,NDUFA12,0.5285895828526349
SSH2,1.0425766666666672,0.31215391059541464,SSH2,0.5271593118612312
MAPK14,2.1010566666666675,0.5620936893547654,MAPK14,0.5256660788864975
NTC_1913,3.7416433333333345,0.7242801688862979,NTC,0.5241795579037755
PTGR2,3.5444033333333342,0.7121859092141014,PTGR2,0.5224685266522088
PANK3,0.7102100000000018,0.18434222440156023,PANK3,0.5215605939707206
NTC_144,3.7218433333333345,0.7242801688862979,NTC,0.5214057084686802
CFD,2.8556000000000004,0.6568892216982214,CFD,0.5211694564942988
NTC_191,4.015576666666667,0.7416920234771487,NTC,0.5211270499158371
NTC_1915,2.599576666666667,0.6312533385202614,NTC,0.5193858307784104
GRK6,2.955313333333334,0.6678110883077208,GRK6,0.5182034776667229
CDK19,1.783143333333335,0.5124518710850303,CDK19,0.5177301690744062
GGCX,2.9486966666666676,0.6678110883077208,GGCX,0.5170432691573393
SLC1A3,1.8675100000000011,0.5288600249583029,SLC1A3,0.5166639324738941
HBG1,3.3468766666666676,0.7009932869362083,HBG1,0.5163766854217959
KCNH7,2.6169000000000007,0.635265878736946,KCNH7,0.5156456755561543
NTC_1186,4.481110000000001,0.768057026309178,NTC,0.5135644833078935
PTPRA,4.0288900000000005,0.7461289599699807,PTPRA,0.5124188190793558
PPP2R2D,1.7248100000000006,0.5049055747153106,PPP2R2D,0.511906073904424
NEK2,1.0038766666666668,0.31215391059541464,NEK2,0.5075913836490487
MTMR8,3.144370000000001,0.6898651922873063,MTMR8,0.5069849092604095
NTC_1835,3.7515766666666677,0.7329689201867738,NTC,0.5061418658456118
GNLY,1.6962600000000005,0.5049055747153106,GNLY,0.5034327241383794
NTC_1815,4.197343333333334,0.759237131170891,NTC,0.5020969568365918
SIGMAR1,2.8581566666666673,0.6678110883077208,SIGMAR1,0.5011674084359905
KIF1A,2.857006666666668,0.6678110883077208,KIF1A,0.5009657601056443
COX7A1,3.700910000000001,0.7328101522377404,COX7A1,0.4996543915621001
NTC_2060,3.3179433333333344,0.7070097976278902,NTC,0.49959788332997473
MMP28,1.9385100000000008,0.5533797960461103,MMP28,0.49815190473752485
CDKL5,0.8310766666666671,0.25159652057498083,CDKL5,0.49806039779232414
NTC_1336,3.683943333333334,0.7329689201867738,NTC,0.49701715254017714
NTC_1264,4.73521,0.7857861344695468,NTC,0.49575583564775316
CDH5,6.775810000000001,0.8450679003451725,CDH5,0.4953685907335777
TBK1,3.8932600000000006,0.7461289599699807,TBK1,0.49516856791048974
CAMK2D,3.3525300000000007,0.7121859092141014,CAMK2D,0.4941851265019678
GADL1,3.2011466666666677,0.7009932869362083,GADL1,0.4938925660886908
ERBB4,8.071676666666669,0.8686674496380148,ERBB4,0.4935543889910973
AGXT2,8.48591,0.8747999605014708,AGXT2,0.4929570789238177
NTC_1665,2.6929100000000017,0.6561265567063654,NTC,0.49283587853534244
NTC_1624,1.700610000000001,0.5134698874566608,NTC,0.49230112089258543
NTC_1477,2.04701,0.574851248239896,NTC,0.4921923394830391
HTR1D,4.315410000000001,0.7690393130135468,HTR1D,0.4921788051862663
DCLK3,8.470310000000001,0.8747999605014708,DCLK3,0.49205085549801997
NDUFS4,4.309543333333335,0.7690393130135468,NDUFS4,0.49150970329550137
ASS1,3.0441100000000008,0.6898651922873063,ASS1,0.4908194112425398
NTC_1299,4.1001433333333335,0.759237131170891,NTC,0.49046964395586085
GRID2,2.323860000000001,0.6170093629204383,GRID2,0.4873326037046143
GABRR3,3.601610000000001,0.7328101522377404,GABRR3,0.48624804526291515
NTC_488,1.0516766666666681,0.34506459294936564,NTC,0.48597936841036316
RPS6KL1,3.623843333333334,0.7347559838823132,RPS6KL1,0.48507631991565847
NTC_489,2.2350433333333353,0.6067908605865064,NTC,0.4849171676455573
NTC_938,3.8852433333333347,0.7504484432642288,NTC,0.4844087934642354
CTRB1,3.914710000000001,0.7526636750384816,CTRB1,0.4830714689015464
GABBR1,3.772370000000001,0.7461289599699807,GABBR1,0.4797930399019059
NTC_1757,2.8750433333333345,0.681386987376694,NTC,0.4789999426036581
NTC_860,2.250843333333335,0.6148979854349896,NTC,0.47537120149274126
NTC_2138,2.9464766666666677,0.6898889223209421,NTC,0.4750334094956046
MYH14,3.923543333333334,0.7575575137081417,MYH14,0.47311807937222944
NTC_79,3.2555100000000015,0.7156267918201864,NTC,0.4730692547389472
CAMKV,0.6543100000000006,0.18937910008807857,CAMKV,0.4728488673500327
HNMT,3.822610000000001,0.7526636750384816,HNMT,0.4717064170111554
NTC_354,2.1157433333333344,0.5987318474074286,NTC,0.4713191502539288
NTC_686,2.9118766666666676,0.6898889223209421,NTC,0.4694551688278642
PTK6,3.317010000000001,0.7234408810480998,PTK6,0.46636149992508996
DGKZ,1.810810000000001,0.5533797960461103,DGKZ,0.4653359800144221
NTC_268,3.3171766666666676,0.7242801688862979,NTC,0.4647145769163957
SCLY,0.5939766666666682,0.16518442014727497,SCLY,0.4645081172154824
HPX,2.538063333333334,0.6568892216982214,HPX,0.4632165177130697
VKORC1,3.8371133333333343,0.7575575137081417,VKORC1,0.4626959705470923
PRKRA,0.6043433333333343,0.1745671803116513,PRKRA,0.45811485089130227
ABCG1,0.9052100000000021,0.31215391059541464,ABCG1,0.457702436613684
AKR1B10,3.791710000000001,0.7575575137081417,AKR1B10,0.45722103729447183
OXT,0.8863766666666688,0.30498677972039956,OXT,0.45712127542233155
NTC_731,3.968210000000001,0.768057026309178,NTC,0.45478279227852386
KHK,3.7686266666666675,0.7575575137081417,KHK,0.4544375476259896
FCER1G,2.590376666666668,0.6678110883077208,FCER1G,0.4542131563489265
PDE9A,3.9723433333333342,0.7690393130135468,PDE9A,0.45305155143766884
GLYATL2,3.756903333333334,0.7575575137081417,GLYATL2,0.45302389662757053
RARG,4.464843333333334,0.7921531461248976,RARG,0.45180128578054857
PPP1R12B,2.787916666666668,0.6898651922873063,PPP1R12B,0.44951188259510916
COX6A2,4.457910000000001,0.7928530886434683,COX6A2,0.4493897710128668
MERTK,3.530753333333334,0.7461289599699807,MERTK,0.44906275761491776
NTC_632,0.971210000000001,0.34506459294936564,NTC,0.4487957538221462
SBF1,2.341800000000001,0.6433289732301404,SBF1,0.4486113408779597
NTC_1509,2.7739766666666674,0.6898889223209421,NTC,0.44722281657117663
NTC_1539,4.478176666666668,0.7946931666311737,NTC,0.4469243660632136
SCN3A,4.425210000000001,0.7928530886434683,SCN3A,0.4460933730344148
SPIRE2,3.3323766666666677,0.7347559838823132,SPIRE2,0.4460615046933069
NTC_874,4.468276666666668,0.7946931666311737,NTC,0.4459363409017768
GLYAT,1.5538100000000012,0.5168108961394484,GLYAT,0.44542813105236034
NTC_2021,4.456576666666668,0.7946931666311737,NTC,0.4447686748018969
DECR1,2.1162600000000014,0.6170093629204383,DECR1,0.44379717191049683
NTC_1120,3.269576666666668,0.7329689201867738,NTC,0.44111310566986756
MTMR1,3.4674933333333344,0.7461289599699807,MTMR1,0.44101696473028706
TFF2,2.620976666666667,0.6788037616089093,TFF2,0.44099442018865564
SFTPD,2.9900533333333343,0.7121859092141014,SFTPD,0.4407536650771101
PREP,3.1288366666666674,0.7234408810480998,PREP,0.4399049025740909
ME3,0.5708766666666687,0.16982722731256972,ME3,0.43957085500418525
NTC_1034,2.2596100000000012,0.639499907725442,NTC,0.43872477909157415
CACNA1I,2.831656666666667,0.7009932869362083,CACNA1I,0.4368853798374796
STK32B,4.03791,0.7805719907384553,STK32B,0.43442677080525505
PRG2,6.446910000000001,0.856851677694921,PRG2,0.43255122689635017
ABCC8,2.034316666666667,0.613949204410037,ABCC8,0.4310057065663716
EEF2,2.920353333333334,0.7121859092141014,EEF2,0.4304794234395446
NTC_1747,0.6577100000000007,0.2216116350234847,NTC,0.4304103187278499
MMP16,4.889395,0.8172262284422949,MMP16,0.4285931365437833
NTC_637,2.488976666666668,0.6729253269972151,NTC,0.4281864359588933
NTC_492,1.921143333333334,0.5987318474074286,NTC,0.42796856741413186
NLK,5.876560000000001,0.8460695727982008,NLK,0.42660254533250747
PGK2,2.640190000000001,0.6898651922873063,PGK2,0.42569306016157143
SLC25A12,3.177443333333334,0.7347559838823132,SLC25A12,0.42532261389350245
NTC_253,2.817043333333334,0.7070097976278902,NTC,0.4241750823297614
FLT3,0.6251433333333338,0.21054179072894286,FLT3,0.4230105429028376
TRIO,2.9893766666666677,0.7234408810480998,TRIO,0.4202972514727819
PDK2,2.6040066666666677,0.6898651922873063,PDK2,0.4198590126522964
HDC,4.1175033333333335,0.7921531461248976,HDC,0.4166536564266968
SLC12A5,1.0285100000000007,0.394892035755554,SLC12A5,0.4150260266257229
GSG2,3.843943333333334,0.7805719907384553,GSG2,0.413558471946722
NTC_1695,1.0047433333333338,0.388077986170812,NTC,0.4130308862059614
NTC_778,3.595610000000001,0.768057026309178,NTC,0.4120803978984437
NARS,1.388160000000001,0.5049055747153106,NARS,0.4119917762253033
SLC6A9,2.088513333333334,0.635265878736946,SLC6A9,0.4115300044612719
PDP1,4.566810000000001,0.8131635857671071,PDP1,0.410200362731363
TAOK1,0.5401766666666674,0.1745671803116513,TAOK1,0.40947411753522106
NTC_1564,2.168676666666668,0.6477912710075082,NTC,0.4089363170165375
NTC_959,4.303776666666668,0.8036270451041999,NTC,0.4086240382163928
TMLHE,3.029270000000001,0.7347559838823132,TMLHE,0.4054885955236034
CEACAM1,3.554710000000001,0.7690393130135468,CEACAM1,0.40541986058883694
LHCGR,2.328160000000001,0.6701038902519059,LHCGR,0.40476891716202074
NTC_18,3.524176666666667,0.768057026309178,NTC,0.40389367118914754
MAP3K1,3.1629766666666677,0.7461289599699807,MAP3K1,0.4022866765557985
PDPK1,1.8946579000000012,0.613949204410037,PDPK1,0.40141654456831116
PIK3CB,5.251770000000001,0.8389134372587166,PIK3CB,0.4006199792327356
DBI,0.5599433333333348,0.19451668848932258,DBI,0.39814386181235784
EIF2AK2,1.9846600000000008,0.6301104796966954,EIF2AK2,0.39808964691132565
MGST3,0.6387433333333332,0.2393349454108844,MGST3,0.3966557042185505
PPP2R1A,1.1102833333333342,0.44168642491912913,PPP2R1A,0.3940239537743874
NTC_934,3.035643333333334,0.7416920234771487,NTC,0.39395483792614555
NTC_1253,3.7569433333333344,0.7857861344695468,NTC,0.393335582096237
MAPK1,3.6523766666666675,0.7805719907384553,MAPK1,0.39294838197593845
NTC_1838,4.1359433333333335,0.8036270451041999,NTC,0.3926890258480346
PPP1R32,3.2485900000000005,0.7575575137081417,PPP1R32,0.3917292434137759
MTNR1B,3.0706366666666676,0.7461289599699807,MTNR1B,0.3905423117918591
OGFOD2,4.399943333333334,0.8154511277823324,OGFOD2,0.3898440533389227
SHMT2,0.8623100000000008,0.35439465934712744,SHMT2,0.38848171969803486
ALPPL2,0.9270433333333328,0.38160361159,ALPPL2,0.3878633645766408
NTC_2010,3.2279100000000005,0.759237131170891,NTC,0.38613085926790275
NTC_1663,2.243776666666667,0.6729253269972151,NTC,0.3860039135177611
CIB2,3.366676666666667,0.7690393130135468,CIB2,0.38397438464676165
PFN2,0.7593433333333337,0.31215391059541464,PFN2,0.3839476959965344
NTC_2002,0.8557100000000011,0.3570321997152752,NTC,0.3827527630181254
NTC_1367,4.2359100000000005,0.8125866523176904,NTC,0.3817839057622036
ICK,3.7716206666666676,0.7921531461248976,ICK,0.38165349586954295
KCNE1,3.7669100000000015,0.7921531461248976,KCNE1,0.381176819512056
ENOPH1,4.3001433333333345,0.8154511277823324,ENOPH1,0.38100156752132713
CYP4A11,4.801310000000001,0.8336005276574016,CYP4A11,0.3795052369274882
NTC_1400,1.043776666666668,0.43420824131360414,NTC,0.3781623090189879
NTC_1530,2.799743333333334,0.7329689201867738,NTC,0.37772580451654003
NTC_617,3.0282766666666676,0.7504484432642288,NTC,0.37756292734369185
MYL6B,0.6183766666666681,0.24541202195135214,MYL6B,0.3772741807304245
TGFBR2,4.256480000000002,0.8154511277823324,TGFBR2,0.37713290614107714
ADSSL1,0.629010000000001,0.25159652057498083,ADSSL1,0.376962780187167
NTC_586,3.7758766666666674,0.7946931666311737,NTC,0.3768344599140156
NTC_976,1.6028366666666667,0.5827612820869876,NTC,0.3758801206025912
SYTL4,3.1149300000000006,0.7575575137081417,SYTL4,0.3756119338503391
HAL,2.426083333333334,0.7009932869362083,HAL,0.3743110353305705
PDPR,3.9451433333333346,0.8037803462959283,PDPR,0.37424662184068547
CHKB,3.4733433333333346,0.7805719907384553,CHKB,0.3736867161967357
P2RY2,0.7820433333333341,0.33431596373116357,P2RY2,0.372129756056495
CDC25B,7.759010000000001,0.8955350099611261,CDC25B,0.3717918279761268
DLAT,7.757510000000001,0.8955350099611261,DLAT,0.3717199518293034
NTC_1731,3.241443333333334,0.768057026309178,NTC,0.37149058395244694
GLRX2,3.075926666666667,0.7575575137081417,GLRX2,0.37090874069352886
AKAP6,7.732210000000001,0.8955350099611261,AKAP6,0.37050764081954884
SCYL1,7.727810000000001,0.8955350099611261,SCYL1,0.3702968041222002
NTC_127,4.104510000000001,0.8125866523176904,NTC,0.36994078227347194
GKAP1,3.4242733333333346,0.7805719907384553,GKAP1,0.3684074203126239
ALDH3A1,0.6036766666666669,0.24541202195135214,ALDH3A1,0.3683056494845209
SLC38A3,0.7739433333333343,0.33431596373116357,SLC38A3,0.36827542868666785
MAP3K12,1.3719100000000006,0.5410505155468462,MAP3K12,0.36597370895274495
GPT2,2.8724433333333343,0.7461289599699807,GPT2,0.36533487405688303
CHRM5,1.8213100000000013,0.6301104796966954,CHRM5,0.3653243652898062
ZC3HC1,4.413056666666668,0.8271629980831986,ZC3HC1,0.36367515144567253
NTC_1070,4.259810000000001,0.8215708605899796,NTC,0.3635959660859613
SUOX,3.275126666666668,0.7747991752654471,SUOX,0.362919570567865
APOH,0.49374333333333453,0.18434222440156023,APOH,0.36259284747105336
CDK16,2.707406666666667,0.7347559838823132,CDK16,0.36240497769360513
TPMT,2.592560000000001,0.7249001135301691,TPMT,0.3622372333681967
PDC,8.42731,0.9059301531639571,PDC,0.361576136957769
PPP1R3D,3.3479193333333344,0.7805719907384553,PPP1R3D,0.3601927197229464
GUCY2C,4.495955,0.8316195538837513,GUCY2C,0.3600149797942157
MAPK6,6.207010000000001,0.875120698984037,MAPK6,0.3595847751358288
ITPK1,0.709176666666667,0.31215391059541464,ITPK1,0.3585818631288907
MCCC2,2.818373333333334,0.7461289599699807,MCCC2,0.358457921460108
SLC22A4,0.5103100000000005,0.19975581100850925,SLC22A4,0.35696213993891857
NTC_1759,1.5992100000000011,0.5987318474074286,NTC,0.3562522383516521
RBP3,3.121890000000001,0.7690393130135468,RBP3,0.35605610825459294
SLC19A3,3.2824610000000005,0.7805719907384553,SLC19A3,0.3531502516213062
NTC_1483,0.8725766666666663,0.39447897920125985,NTC,0.3525001486850345
CTDNEP1,2.7708400000000006,0.7461289599699807,CTDNEP1,0.3524123420241909
NTC_1480,3.0731100000000007,0.768057026309178,NTC,0.3521984841475261
AADAT,1.0365533333333339,0.45979890865705686,AADAT,0.34976633058124457
NTC_1704,2.8043100000000014,0.7504484432642288,NTC,0.3496389561871346
EPHA5,3.9355933333333337,0.8154511277823324,EPHA5,0.3487016857096588
NPY2R,4.214416666666668,0.8271629980831986,NPY2R,0.3473054472837421
PTGIR,0.5779433333333337,0.25159652057498083,PTGIR,0.34635876333281146
ARF1,7.899076666666668,0.9042807369167761,ARF1,0.34516374489221885
CD3G,7.901860000000001,0.9043411253182105,CD3G,0.3450562018472385
CES1,3.8931366666666674,0.8154511277823324,CES1,0.34493993748458485
RFK,3.8839200000000007,0.8154511277823324,RFK,0.34412332181038136
NTC_1248,1.2665766666666682,0.5353789681150926,NTC,0.3436712581853297
OPRD1,1.4424100000000006,0.5784438155732001,OPRD1,0.3429168482134019
CA7,4.4714566666666675,0.8389134372587166,CA7,0.34109545485428283
HS3ST1,2.439755000000001,0.7249001135301691,HS3ST1,0.3408870387941743
MAPK12,0.4564433333333344,0.1794052107464864,MAPK12,0.34058201572284624
NTC_2151,3.778610000000001,0.8125866523176904,NTC,0.3405673123725765
NTC_771,3.578343333333334,0.8036270451041999,NTC,0.3397474395723851
PCBD1,3.813143333333334,0.8154511277823324,PCBD1,0.3378523631809556
NDUFB1,4.920510000000001,0.8541505255970125,NDUFB1,0.33688560812824353
NTC_738,4.423910000000001,0.8396085215849891,NTC,0.335877236517617
NTC_1130,3.0528766666666676,0.7769070556614767,NTC,0.33468972153792653
NTC_1344,2.301903333333334,0.7156267918201864,NTC,0.334497419569007
NTC_2069,0.9000100000000009,0.4274305921475562,NTC,0.3322246492274468
NTC_301,4.371876666666667,0.8396085215849891,NTC,0.33192670131079766
MMP17,2.4702366666666675,0.7347559838823132,MMP17,0.33065814423196827
NTC_1182,3.668443333333334,0.8125866523176904,NTC,0.3306379559214708
CDK5R1,1.8933600000000004,0.6701038902519059,CDK5R1,0.32917551929329747
NTC_198,3.6069100000000005,0.8125866523176904,NTC,0.3250919371593707
SPRYD3,3.9361766666666673,0.8271629980831986,SPRYD3,0.3243759945752466
AKAP3,3.002976666666668,0.7805719907384553,AKAP3,0.3230813604323844
PHOSPHO2,4.230563333333334,0.8389134372587166,PHOSPHO2,0.32271942502104484
NTC_795,3.395910000000001,0.8036270451041999,NTC,0.32242622354616385
CCR5,3.625686666666667,0.8154511277823324,CCR5,0.3212433159223007
HTR4,3.3797733333333335,0.8037803462959283,HTR4,0.3206141439526657
PPME1,3.8884200000000013,0.8271629980831986,PPME1,0.32044042014364543
PDE7A,3.3773133333333343,0.8037803462959283,PDE7A,0.32038078191434655
S100A2,3.218540000000001,0.7953978756408464,S100A2,0.31997299918575983
HRSP12,8.420710000000001,0.9163416759758223,HRSP12,0.31950330211645267
GABRA1,2.7995866666666673,0.7690393130135468,GABRA1,0.3192969429591631
NTC_365,0.9333433333333332,0.4549098068016869,NTC,0.31927314138735985
NTC_53,3.1969766666666675,0.7946931666311737,NTC,0.31905993810030253
NTC_502,2.558176666666667,0.7504484432642288,NTC,0.31895126411688307
GABRR2,0.8101100000000008,0.4045690654263009,GABRR2,0.3183791662953852
NTC_1140,2.896010000000001,0.7769070556614767,NTC,0.3174922822969322
CDC25C,3.1338433333333344,0.7921531461248976,CDC25C,0.31711626628962725
NTC_42,1.7278100000000016,0.6561265567063654,NTC,0.31621062690255164
BGLAP,1.571460000000001,0.6301104796966954,BGLAP,0.3152086284478309
PHKG1,1.5712600000000005,0.6301104796966954,PHKG1,0.3151685117883615
GRK4,0.4135100000000005,0.1745671803116513,GRK4,0.31345604649464537
NTC_471,5.047943333333334,0.8668207952558951,NTC,0.3133292671736901
RPS6KA5,3.796790000000001,0.8271629980831986,RPS6KA5,0.31288929251397524
NTC_582,4.378876666666668,0.8486596722442242,NTC,0.3120669281311999
DUSP8,1.0411766666666677,0.5028050676346334,DUSP8,0.31089572106498575
GLP1R,8.17521,0.9161983992959927,GLP1R,0.3107435852538384
KIDINS220,0.4094433333333347,0.1745671803116513,KIDINS220,0.31037336105597496
IKBKG,3.066876666666668,0.7921531461248976,IKBKG,0.31033985246149653
GALM,1.0820600000000011,0.5168108961394484,GALM,0.3101923423626551
MAP3K15,2.2178500000000003,0.7249001135301691,MAP3K15,0.30988206561300596
IDH3G,3.2526000000000006,0.8037803462959283,IDH3G,0.3085501487142453
NTC_95,0.9566700000000008,0.47615601245736017,NTC,0.30828760341096867
KCNJ5,2.300693333333334,0.7347559838823132,KCNJ5,0.30796360458587413
ANKK1,0.602310000000001,0.3083413124433254,ANKK1,0.3077613067559491
NTC_1386,3.230810000000001,0.8036270451041999,NTC,0.3067507287575883
SLC6A4,0.4604100000000013,0.21609013402971167,SLC6A4,0.3063407277961541
EPM2A,0.5016766666666674,0.24541202195135214,EPM2A,0.3060750245129507
SST,3.6976766666666676,0.8271629980831986,SST,0.3047214716059533
NTC_102,4.267310000000001,0.8486596722442242,NTC,0.304115969563781
ADRA1A,4.321476666666667,0.8506998995535073,ADRA1A,0.30346972868631594
NTC_807,1.4327766666666673,0.6142877296088447,NTC,0.30321588911552033
NTC_1436,2.245676666666667,0.7329689201867738,NTC,0.3029742103504804
NTC_2156,0.7111100000000006,0.3754672679437766,NTC,0.3025260463689514
MAPK7,7.955743333333334,0.9161983992959927,MAPK7,0.302401553814437
NTC_1014,0.8837933333333332,0.4549098068016869,NTC,0.30232333996836397
NTC_1525,4.234443333333334,0.8486596722442242,NTC,0.3017736794091723
XYLB,2.273990000000001,0.7388357196025277,XYLB,0.2989207981972244
HLCS,0.39357666666666713,0.1745671803116513,HLCS,0.2983458342624706
NTC_114,0.9625433333333335,0.4906168711511032,NTC,0.2976737656176354
TRIB2,3.358940000000001,0.8154511277823324,TRIB2,0.2976090111438347
TRPM6,7.834010000000001,0.9163416759758223,TRPM6,0.29724240162804694
NTC_1803,0.6980766666666671,0.3754672679437766,NTC,0.29698130251168314
PIM2,7.825010000000001,0.9163416759758223,PIM2,0.29690091857981843
MMAA,0.902843333333335,0.4690087954199412,MMAA,0.29687205357375407
GRIN2D,7.820810000000001,0.9163416759758223,GRIN2D,0.2967415598239785
ITK,7.810910000000001,0.9163416759758223,ITK,0.2963659284709272
CUBN,7.808410000000001,0.9163416759758223,CUBN,0.2962710720686415
SPTLC3,7.807510000000001,0.9163416759758223,SPTLC3,0.2962369237638186
NR1I2,7.804410000000001,0.9163416759758223,NR1I2,0.29611930182498436
HBB,7.784810000000001,0.9163416759758223,HBB,0.29537562763106456
DUSP16,1.0303600000000008,0.5168108961394484,DUSP16,0.2953715892619496
TNFSF13B,3.578446666666667,0.8271629980831986,TNFSF13B,0.2948958582993334
PADI4,0.43491000000000124,0.21054179072894286,PADI4,0.29428693453854343
KIT,0.41344333333333516,0.19451668848932258,KIT,0.29397604288631746
NTC_540,2.5649433333333347,0.768057026309178,NTC,0.2939592640433642
ACSL3,4.181706666666667,0.8506998995535073,ACSL3,0.2936545735321395
CFL1,2.0881100000000012,0.7249001135301691,CFL1,0.2917545550993864
NTC_1968,0.7610433333333333,0.4140617032106729,NTC,0.2914300799682218
NTC_972,4.076876666666667,0.8486596722442242,NTC,0.29054446484443097
CDK20,2.515615000000001,0.7669615816125379,CDK20,0.2898652351870676
DCXR,1.261610000000001,0.5911727914677094,DCXR,0.28800734839614744
SLC16A6,2.039815000000001,0.7249001135301691,SLC16A6,0.2850066892118015
IFNGR1,3.443463333333334,0.8271629980831986,IFNGR1,0.2837720301002904
STK10,2.352736666666668,0.7575575137081417,STK10,0.2837033157108723
NTC_1710,1.9464433333333346,0.7151574177881194,NTC,0.2833989423576305
CSNK2B,3.4277433333333343,0.8271629980831986,CSNK2B,0.2824765621712451
RAMP2,3.702343333333334,0.8389134372587166,RAMP2,0.28242529838748787
HLA-DQB1,0.7953900000000003,0.44168642491912913,HLA-DQB1,0.2822727345205667
PRKACA,1.9042600000000007,0.7110550446537616,PRKACA,0.282014770632488
GLRA2,3.685113333333334,0.8389134372587166,GLRA2,0.2811109448948216
NTC_431,3.472143333333334,0.830578532553337,NTC,0.2799217581595402
GAK,0.7743600000000006,0.43661443369416253,GAK,0.27869364410308584
NTC_2067,2.527310000000001,0.7769070556614767,NTC,0.2770713567880842
MTMR9,2.7337400000000005,0.7921531461248976,MTMR9,0.2766294704606395
AURKC,2.911870000000001,0.8037803462959283,AURKC,0.2762276091546915
MMP20,3.1005933333333346,0.8154511277823324,MMP20,0.27471896368869336
NTC_1743,4.094376666666667,0.8577308207153035,NTC,0.27288604577488207
PRKAB2,0.8285600000000013,0.4690087954199412,PRKAB2,0.2724462812400855
PDK1,1.4152000000000005,0.6433289732301404,PDK1,0.27110546144439684
SLC13A3,3.5453300000000008,0.8389134372587166,SLC13A3,0.27044787394977204
CSNK1E,3.5444366666666673,0.8389134372587166,CSNK1E,0.2703797279377708
TESK2,2.671223333333334,0.7921531461248976,TESK2,0.2703033559087933
MYLK3,0.45011000000000134,0.25159652057498083,MYLK3,0.2697488386353889
PNKP,0.507343333333333,0.29444180950065857,PNKP,0.2693995748143945
NTC_603,4.333643333333335,0.8668207952558951,NTC,0.26899218159979627
ACAT1,2.6568533333333346,0.7921531461248976,ACAT1,0.26884924341436467
NRBP1,3.8211433333333344,0.8506998995535073,NRBP1,0.2683345115762571
NTC_363,1.3774433333333347,0.6389220648909971,NTC,0.26798451164518466
NTC_412,3.3009433333333336,0.830578532553337,NTC,0.2661197343384479
MAP3K3,0.4852433333333348,0.28414521327883113,MAP3K3,0.2651659048636365
MYO3B,1.3205600000000013,0.6301104796966954,MYO3B,0.264882279143642
AMHR2,2.981153333333334,0.8154511277823324,AMHR2,0.26413633336751474
ASRGL1,0.4079766666666682,0.22750099069455865,ASRGL1,0.26233581305441184
NTC_1244,4.223843333333335,0.8668207952558951,NTC,0.26217682111258706
LEPREL1,4.078030000000001,0.8625198150487468,LEPREL1,0.2619356142062104
NTC_273,2.380843333333334,0.7769070556614767,NTC,0.2610140792647248
GRK7,3.4155833333333336,0.8389134372587166,GRK7,0.2605504285350801
BRD3,0.41221000000000174,0.23336478380823789,BRD3,0.2605021611856176
NTC_1515,0.664820333333334,0.40747109452396046,NTC,0.25921557148524327
GSTA5,3.1425933333333345,0.8271629980831986,GSTA5,0.2589776639544989
ADH4,1.224310000000001,0.6170093629204383,ADH4,0.2567479022151061
NTC_659,1.3587100000000003,0.647224667271662,NTC,0.2567213781835967
KCNK6,2.5080133333333334,0.7921531461248976,KCNK6,0.2537879975082573
DDC,2.2247366666666677,0.7690393130135468,DDC,0.25373446195241633
GABRQ,2.666190000000001,0.8037803462959283,GABRQ,0.25292176136027605
NTC_695,0.5380766666666679,0.33917786296656005,NTC,0.25266600581416876
NTC_223,2.6291766666666674,0.8036270451041999,NTC,0.24962837756861184
CBS,0.4156433333333345,0.25159652057498083,CBS,0.24909312490992974
NTC_402,1.055673333333334,0.5821109643863822,NTC,0.24807713202498613
SLC22A8,1.1787100000000006,0.6170093629204383,SLC22A8,0.24718520621408602
GABRG2,8.295710000000001,0.9336916818831642,GABRG2,0.24718320795671828
MAK,1.7679550000000006,0.7249001135301691,MAK,0.24702191190154524
NTC_2109,2.4734433333333343,0.7946931666311737,NTC,0.24685093421428558
RDH12,1.6650100000000014,0.7110550446537616,RDH12,0.24658261647611096
SRMS,3.502440000000001,0.8506998995535073,SRMS,0.2459540102897159
NPSR1,1.7493100000000004,0.7249001135301691,NPSR1,0.24441679833960256
PRKCG,3.479710000000001,0.8506998995535073,PRKCG,0.24435782744179124
PPP1R1A,1.476210000000001,0.6836529444605042,PPP1R1A,0.24381720809421006
DBH,3.195293333333334,0.8389134372587166,DBH,0.24374607967266246
BST1,2.4086933333333342,0.7921531461248976,BST1,0.24373772242498293
GPR18,3.189903333333334,0.8389134372587166,GPR18,0.24333491511517719
PPP1R14C,2.9472766666666677,0.8271629980831986,PPP1R14C,0.24288183204135086
DNTT,2.9421933333333343,0.8271629980831986,DNTT,0.2424629201262122
TAP1,3.7731566666666674,0.8625198150487468,TAP1,0.24235331985777223
CLCN2,3.7496400000000008,0.8625198150487468,CLCN2,0.24084282274828162
LALBA,1.6376100000000005,0.7131338137055907,LALBA,0.24044859072015257
B4GALT4,0.5483433333333343,0.36540396985569057,B4GALT4,0.23975036729680357
CAPN1,1.045560000000001,0.5911727914677094,CAPN1,0.23868625263677046
ALDH3B1,1.1799050000000006,0.6301104796966954,ALDH3B1,0.23666923545539678
PACSIN2,0.6194966666666684,0.4152988234299345,PACSIN2,0.23642427376952385
CTSS,1.6849600000000011,0.7249001135301691,CTSS,0.2354256984355528
SELP,4.876810000000001,0.8955350099611261,SELP,0.23368420772653406
GNB1,3.3100633333333342,0.8506998995535073,GNB1,0.23244462464632598
NTC_1882,0.647263333333334,0.4410475733700263,NTC,0.23011154113103344
NTC_690,4.331943333333334,0.8850524986702896,NTC,0.22972714606473993
MAP2K4,3.255966666666668,0.8506998995535073,MAP2K4,0.22864576096558553
NTC_797,1.1415766666666674,0.6306644718339689,NTC,0.228545514093036
FGR,1.6312050000000005,0.7249001135301691,FGR,0.22791495134398787
PDE8B,3.8854300000000004,0.8743705913412991,PDE8B,0.2265378899056921
RAMP1,0.4477100000000007,0.31215391059541464,RAMP1,0.22637615348517176
SLC18A2,0.36814333333333416,0.24541202195135214,SLC18A2,0.2246057814946137
FOLH1,1.601700000000001,0.7249001135301691,FOLH1,0.22379245868401917
SMS,3.4823133333333347,0.8625198150487468,SMS,0.2236721853015164
NTC_1142,0.8426100000000005,0.5430345404569434,NTC,0.22343703867856157
HTR2A,3.8217333333333348,0.8743705913412991,HTR2A,0.22282409028487982
ARPC3,7.90901,0.9372058132896295,ARPC3,0.2227574741018673
PTEN,7.899110000000001,0.9372058132896295,PTEN,0.22247864034219217
PIP4K2C,7.883110000000001,0.9372058132896295,PIP4K2C,0.22202799992251512
CA9,0.43894333333333435,0.31215391059541464,CA9,0.22194345312358366
DHRS4,7.869610000000001,0.9372058132896295,DHRS4,0.2216477720684126
ATP5C1,7.862310000000001,0.9372058132896295,ATP5C1,0.22144216737693495
PTPN13,2.9019566666666674,0.8389134372587166,PTPN13,0.22136952294832002
CA5B,1.8301666666666678,0.7575575137081417,CA5B,0.22068953104406708
TAOK2,1.570710000000001,0.7249001135301691,TAOK2,0.2194624791031877
PDE3B,6.765350000000001,0.9281349265758941,PDE3B,0.21912213716424975
PTPRR,1.260060000000001,0.6701038902519059,PTPRR,0.21907133605902349
CALM2,1.0412100000000013,0.6170093629204383,CALM2,0.2183503224390806
DCK,4.161363333333334,0.8862496152480339,DCK,0.21823829043327803
DAPP1,5.731376666666668,0.9161983992959927,DAPP1,0.2178523284221682
CHUK,0.2873100000000006,0.1745671803116513,CHUK,0.2177917262421142
NTC_270,0.4289286666666676,0.3107174895103376,NTC,0.21773890375645943
NTC_1814,1.2619100000000003,0.6723936976518882,NTC,0.2175234598385436
OPRK1,3.382233333333334,0.8625198150487468,OPRK1,0.2172439549378953
CHRNG,3.091293333333334,0.8506998995535073,CHRNG,0.2170818036326666
IL11RA,3.3779466666666678,0.8625198150487468,IL11RA,0.21696861839887266
ADK,3.3686400000000005,0.8625198150487468,ADK,0.21637084264696646
NTC_38,2.393543333333334,0.8125866523176904,NTC,0.2157308163797352
NTC_509,4.878943333333334,0.9033452673775779,NTC,0.21538693682527132
DAPK2,0.4917100000000003,0.36540396985569057,DAPK2,0.2149887596642818
NTC_349,0.6153100000000009,0.44794822342977536,NTC,0.21460301099199697
GRIN3A,3.680003333333334,0.8743705913412991,GRIN3A,0.21456059946498757
SIRPD,2.158145000000001,0.7953978756408464,SIRPD,0.21455322237031443
ACTA1,0.2827100000000007,0.1745671803116513,ACTA1,0.21430475418853548
NTC_1760,1.1668100000000008,0.6561265567063654,NTC,0.21354067957481793
DRD4,3.039016666666668,0.8506998995535073,DRD4,0.2134107469375497
ROR1,1.2138600000000004,0.6701038902519059,ROR1,0.21103910289081956
RPS6KA1,0.2608100000000011,0.15618639475505636,RPS6KA1,0.21030591695089337
DPP4,1.0443100000000012,0.6301104796966954,DPP4,0.20947114325172414
ADCK2,3.9899133333333343,0.8862496152480339,ADCK2,0.20924677686005352
NTC_1145,1.3329433333333345,0.6979353340271703,NTC,0.20818550699634758
CXCL10,3.969433333333334,0.8862496152480339,CXCL10,0.20817272496165956
CCBL2,0.30654333333333383,0.21054179072894286,CCBL2,0.20742612924488618
NTC_845,4.267576666666667,0.8941918485339186,NTC,0.20727318359241018
CA13,0.32797666666666814,0.23336478380823789,CA13,0.20726966954979645
MAP2K2,0.305810000000001,0.21054179072894286,MAP2K2,0.20692991067400615
PRKCE,0.26847666666666736,0.16982722731256972,PRKCE,0.20672506831365828
B2M,2.709676666666667,0.8389134372587166,B2M,0.20670185669353916
EPHA3,3.9255166666666677,0.8862496152480339,EPHA3,0.2058695619145665
LMAN1,3.525346666666667,0.8743705913412991,LMAN1,0.20554342635248402
NTC_1050,1.087410000000001,0.647224667271662,NTC,0.2054606162099529
RTCA,2.066555000000001,0.7953978756408464,RTCA,0.2054477500147048
NTC_999,1.2222766666666667,0.680867423079235,NTC,0.2040437434086953
NTC_967,0.9641100000000007,0.6142877296088447,NTC,0.20403282497283673
NTC_1794,0.672626666666666,0.49793486558318234,NTC,0.20368982714722828
PTPRF,0.33231000000000144,0.24541202195135214,PTPRF,0.2027437155323793
NTC_1150,0.642076666666668,0.4833570855831263,NTC,0.20272409275382083
DSTYK,3.153846666666668,0.8625198150487468,DSTYK,0.20257446947313848
NTC_1599,0.6974433333333341,0.5127433681583857,NTC,0.20232827480555018
LRRK1,3.469220000000001,0.8743705913412991,LRRK1,0.20227099147806685
NTC_494,4.136043333333334,0.8941918485339186,NTC,0.20088470252270357
GLRB,1.1532600000000004,0.6701038902519059,GLRB,0.20050331652733147
NTC_1807,0.44017666666666777,0.3510160703265972,NTC,0.20013644559606217
NTC_461,1.4796433333333345,0.7329689201867738,NTC,0.19962525201031592
PADI1,0.442260000000001,0.35439465934712744,PADI1,0.1992438048424037
NTC_1636,2.4703433333333344,0.830578532553337,NTC,0.1991573454027049
CTDSP2,1.1404950000000005,0.6701038902519059,CTDSP2,0.19828402093442843
SLC1A4,0.42461000000000126,0.3419234011731158,SLC1A4,0.19789848168204402
MMP1,1.4146600000000005,0.7249001135301691,MMP1,0.1976588871835765
NTC_371,1.263043333333334,0.6979353340271703,NTC,0.1972681884763969
NTC_1129,0.61111,0.47615601245736017,NTC,0.19693064204007327
PDHB,3.751416666666667,0.8862496152480339,PDHB,0.1967390718994111
NTC_24,4.049810000000001,0.8941918485339186,NTC,0.19669641044786043
CSNK2A2,3.187036666666667,0.868441350154042,CSNK2A2,0.195236292231043
NTC_26,4.399476666666668,0.9033452673775779,NTC,0.1942202928231568
PTPN1,3.7013966666666676,0.8862496152480339,PTPN1,0.1941158260030408
NTC_869,3.650010000000001,0.8850524986702896,NTC,0.19356356163656221
NTC_742,4.376476666666667,0.9033452673775779,NTC,0.19320492961671495
OXCT1,3.303893333333335,0.8743705913412991,OXCT1,0.19263170979964048
NTC_1976,0.8616766666666669,0.5981011005441429,NTC,0.19234811725831152
NADSYN1,3.2866093333333337,0.8743705913412991,NADSYN1,0.19162397554908642
NTC_919,1.1817100000000007,0.6893816201535008,NTC,0.19089378750184108
ATP5A1,0.30124333333333464,0.23336478380823789,ATP5A1,0.19037514707574474
DAPK3,1.7735400000000006,0.7811431467918594,DAPK3,0.19024652393482847
CDC42BPB,3.2492066666666672,0.8743705913412991,CDC42BPB,0.18944323334461674
PRKD1,4.059363333333334,0.8981542545334604,PRKD1,0.18936551829436524
PPP1R13B,0.33957666666666864,0.2774174449988791,PPP1R13B,0.1890987789834805
GPX6,1.3437600000000014,0.7249001135301691,GPX6,0.18775260927841525
NTC_600,0.7558100000000021,0.566323413796696,NTC,0.18663630721336658
NTC_1658,0.56691,0.4690141355834663,NTC,0.18640798324302896
NTC_460,1.1925100000000013,0.6979353340271703,NTC,0.1862519529073863
NTC_1686,0.9028766666666677,0.622452746341265,NTC,0.18589653859344193
BLK,0.9250600000000002,0.6301104796966954,BLK,0.1855515850431766
NTC_1003,0.6973100000000008,0.5430345404569434,NTC,0.18490746779761438
NME3,1.8537800000000004,0.7953978756408464,NME3,0.1842946014126212
CALR,1.7167600000000007,0.7811431467918594,CALR,0.18415576893126526
CANX,0.5105600000000008,0.43661443369416253,CANX,0.18375151987870192
SSH3,0.27584333333333433,0.21609013402971167,SSH3,0.1835365163464098
LHPP,0.3629100000000012,0.31215391059541464,LHPP,0.18349862603315498
NTC_724,2.266510000000001,0.830578532553337,NTC,0.18272444515621367
FECH,1.3075100000000006,0.7249001135301691,FECH,0.18268769286004985
HSD17B11,3.477393333333334,0.8862496152480339,HSD17B11,0.18236820855122277
ADRBK1,3.4641700000000015,0.8862496152480339,ADRBK1,0.18167472484664457
RENBP,1.6924600000000005,0.7811431467918594,RENBP,0.18154912316538663
ACSL1,6.742543333333334,0.9400876475365415,ACSL1,0.1809135882888355
PPFIA1,3.099486666666668,0.8743705913412991,PPFIA1,0.18071388990600631
SCPEP1,0.43144333333333407,0.38160361159,SCPEP1,0.18051050784123165
AK1,0.5170433333333353,0.45069114617486594,AK1,0.17895954190499397
SGPL1,0.23237666666666712,0.16982722731256972,SGPL1,0.1789283325347957
NOXO1,0.3754433333333349,0.33431596373116357,NOXO1,0.1786520389488704
NTC_1981,4.042810000000001,0.9033452673775779,NTC,0.1784748054189142
NTC_1154,0.9721766666666669,0.6555714039429963,NTC,0.1782777558064319
NTC_1653,0.6372100000000014,0.5277781712518694,NTC,0.17685672813531092
PRKCQ,3.021070000000001,0.8743705913412991,PRKCQ,0.17614184866472676
GHRHR,0.23844333333333445,0.18434222440156023,GHRHR,0.1751068649578183
SGK494,1.8996850000000007,0.8097212310920854,SGK494,0.17413362489478149
NTC_1906,0.6718433333333342,0.550744248162836,NTC,0.17404103553303915
TPD52L3,2.967750000000001,0.8743705913412991,TPD52L3,0.17303305496884974
SLC16A4,1.8828050000000003,0.8097212310920854,SLC16A4,0.17258632858606504
AURKAIP1,1.7266800000000009,0.7953978756408464,AURKAIP1,0.17165888205026747
SORCS3,0.28564333333333547,0.25159652057498083,SORCS3,0.1711847269125509
NTC_1876,4.820110000000001,0.9216894889651558,NTC,0.17070595603877176
NTC_2165,0.7438766666666679,0.5900810832560743,NTC,0.17041344670032954
MST4,4.161370000000001,0.9100818596587766,MST4,0.1702813552636632
IP6K1,3.207240000000001,0.8862496152480339,IP6K1,0.16820030325219382
NTC_965,3.150110000000001,0.8850524986702896,NTC,0.1670533809899017
SLC6A2,0.43582333333333345,0.4152988234299345,SLC6A2,0.16632731154078773
NTC_1404,0.3596766666666671,0.34506459294936564,NTC,0.16620644427971654
NTC_1834,1.5159433333333343,0.7769070556614767,NTC,0.16619428411256149
PRKCB,3.1583633333333347,0.8862496152480339,PRKCB,0.16563701826095847
NTC_151,0.6703766666666677,0.566323413796696,NTC,0.16553978580420012
CDC14A,0.2917433333333346,0.2707990089579375,CDC14A,0.16552143479077255
NTC_1231,0.8483766666666686,0.6389220648909971,NTC,0.16505347349401178
GOT1,3.9945500000000007,0.9100818596587766,GOT1,0.1634551572363106
SLC5A6,1.9421550000000005,0.824108607044866,SLC5A6,0.16317122057970262
NTC_1230,1.1217766666666673,0.7156267918201864,NTC,0.16300919108942696
NTC_935,2.623010000000001,0.8668207952558951,NTC,0.1628120101234485
C1S,3.4859833333333343,0.8981542545334604,C1S,0.16261787538493783
DCLK2,1.416970000000001,0.7690393130135468,DCLK2,0.1616074953677134
PYCR1,3.454977000000001,0.8981542545334604,PYCR1,0.16117145881663986
SLC8A1,1.411243333333334,0.7690393130135468,SLC8A1,0.16095436068115984
MMP7,0.24007666666666871,0.21609013402971167,MMP7,0.15973862599322727
TK2,3.024843333333334,0.8862496152480339,TK2,0.15863470334525742
NTC_591,0.5586766666666669,0.5202327707516494,NTC,0.15855371960015327
ROR2,2.9128450000000012,0.8822040287565969,ROR2,0.1585489591849627
C17orf75,0.4049933333333353,0.40671429786251057,C17orf75,0.1582351720205228
GRIK5,0.8243150000000004,0.6433289732301404,GRIK5,0.15791146018268654
GCSH,1.0651450000000011,0.7110550446537616,GCSH,0.1577445426913035
DMPK,3.836780000000001,0.9100818596587766,DMPK,0.15699928106573502
NTC_146,0.5644766666666676,0.5277781712518694,NTC,0.15666969503835962
PADI6,0.8571600000000013,0.6566613206371887,PADI6,0.15656761491884907
MYO3A,0.7786600000000012,0.6301104796966954,MYO3A,0.1561861903116772
EPS8L1,0.2596433333333348,0.25159652057498083,EPS8L1,0.15560304731307462
CSNK1G1,3.801783333333334,0.9100818596587766,CSNK1G1,0.15556723348772328
NTC_43,1.9230100000000006,0.830578532553337,NTC,0.1550317162862067
IRAK4,3.310050000000001,0.8981542545334604,IRAK4,0.1544107492628804
IP6K2,8.302710000000001,0.958113158230092,IP6K2,0.15429088242548689
NIM1,0.20597666666666736,0.1794052107464864,NIM1,0.15369256861064795
PTPLB,1.8255300000000005,0.824108607044866,PTPLB,0.15337290705678203
DYRK4,1.6722800000000015,0.8097212310920854,DYRK4,0.15328866535191116
MATK,0.32054333333333496,0.33431596373116357,MATK,0.1525282645533746
NTC_168,2.649243333333335,0.8759284166507446,NTC,0.1524146359325965
BDH1,0.29301000000000066,0.30498677972039956,BDH1,0.15111081998040413
CYGB,3.6875266666666673,0.9100818596587766,CYGB,0.15089190299610428
ARL3,0.24724333333333348,0.24541202195135214,ARL3,0.15084418777831055
NTC_1033,0.4391100000000012,0.4549098068016869,NTC,0.15020842181827052
NTC_1761,0.8709766666666674,0.6723936976518882,NTC,0.1501357925462001
ARPC5,1.5052800000000008,0.7953978756408464,ARPC5,0.14964827412874804
LPPR2,2.162655000000001,0.8530566775745894,LPPR2,0.1492710180053639
FLT1,1.6794700000000002,0.8154511277823324,FLT1,0.14880450557191732
NTC_106,4.777310000000001,0.9308778678268952,NTC,0.14860919234672965
NTC_1341,0.348746666666667,0.3754672679437766,NTC,0.1483665681132557
NTC_498,0.6824100000000008,0.6061702455460161,NTC,0.14835960892167557
G6PC,7.97071,0.958113158230092,G6PC,0.14812126154685068
MYLK4,7.957910000000001,0.958113158230092,MYLK4,0.14788339664550568
NDUFA6,7.939610000000001,0.958113158230092,NDUFA6,0.14754332416936397
HCRT,1.7890800000000011,0.8271629980831986,HCRT,0.14743611720714156
MMP26,4.1775633333333335,0.9220297655503983,MMP26,0.14728023991221256
NTC_1550,0.6421433333333333,0.5900810832560743,NTC,0.14710752953084305
NTC_1405,3.331276666666668,0.9033452673775779,NTC,0.14706329381788966
NTC_1621,0.8787766666666688,0.680867423079235,NTC,0.14670073116578813
STMN4,0.5260266666666684,0.5263542018686631,STMN4,0.14661515501191225
NTC_1377,4.704376666666667,0.9308778678268952,NTC,0.14634043361811006
CD4,1.5916300000000012,0.8097212310920854,CD4,0.1458959255830736
NTC_1484,0.6042766666666672,0.5741914964924808,NTC,0.14559638003202238
ITPKB,4.9091433333333345,0.9339952933859985,ITPKB,0.14558217854160382
PPP3CA,3.117850000000001,0.8981542545334604,PPP3CA,0.14544479829285714
NDUFS6,1.4621700000000004,0.7953978756408464,NDUFS6,0.14536246876516756
GRK1,0.19144333333333385,0.1745671803116513,GRK1,0.14512120721245755
NTC_1324,3.649576666666668,0.9125115507254152,NTC,0.145113115119549
BCAT2,0.2555433333333337,0.2707990089579375,BCAT2,0.14498325874758589
NTC_1961,3.6379766666666673,0.9125115507254152,NTC,0.14465188021776948
HTR3A,0.2833433333333337,0.31215391059541464,HTR3A,0.14326723529889177
PIP4K2B,2.026066666666667,0.8506998995535073,PIP4K2B,0.14227773260383722
GIT1,0.29751000000000083,0.33431596373116357,GIT1,0.1415680167651
PSPH,0.1834766666666674,0.16982722731256972,PSPH,0.14127569044099064
LCMT2,0.36873666666666693,0.4152988234299345,LCMT2,0.14072440308346262
NTC_1809,0.47207666666666803,0.5053105455765465,NTC,0.13994318040383705
MOK,0.728670000000001,0.6433289732301404,MOK,0.13958904507538783
NTC_329,3.1517766666666676,0.9033452673775779,NTC,0.1391390461850068
LEPREL2,2.978343333333334,0.8981542545334604,LEPREL2,0.13893694224017908
NTC_855,4.4497100000000005,0.9308778678268952,NTC,0.13841844244505094
PLOD1,1.3908850000000017,0.7953978756408464,PLOD1,0.1382756296247634
GNPDA1,1.634735000000001,0.824108607044866,GNPDA1,0.13734316018770915
C1QA,1.4847200000000011,0.8097212310920854,C1QA,0.13609607674629218
FOLR3,2.3185433333333347,0.8743705913412991,FOLR3,0.13518141219588137
GSTA2,3.8324626666666677,0.9220297655503983,GSTA2,0.13511369570330029
SLC7A8,8.23356,0.9631326679362927,SLC7A8,0.13432136175227105
NTC_730,1.0702766666666674,0.750032142023777,NTC,0.13369909484440395
NTC_1472,0.8002433333333343,0.680867423079235,NTC,0.1335905771779869
SLC25A15,0.4270233333333344,0.48773098896122524,SLC25A15,0.13315426624174823
GLUD2,2.838123333333334,0.8981542545334604,GLUD2,0.132395809851955
NTC_1421,3.31591,0.9125115507254152,NTC,0.13184598475514428
PRKAR2B,1.7201000000000004,0.8385553327952209,PRKAR2B,0.13153307951317242
IL2RG,1.1344100000000008,0.7669615816125379,IL2RG,0.13071396912824954
ARL1,1.3134000000000006,0.7953978756408464,ARL1,0.1305724139300978
NDUFA4L2,0.9326600000000003,0.7249001135301691,NDUFA4L2,0.1303129640483469
GUCA1A,8.16961,0.9640309326950899,GUCA1A,0.12997057663271924
NTC_339,1.0725100000000003,0.7588345142392072,NTC,0.12854345975680523
NTC_1163,0.5056100000000008,0.5585074320093395,NTC,0.12790468924912474
TAT,3.6278766666666673,0.9220297655503983,TAT,0.1279010042948285
AKAP8L,2.737776666666668,0.8981542545334604,AKAP8L,0.12771473132261787
AAK1,3.608680000000001,0.9220297655503983,AAK1,0.12722422468753397
NTC_1597,3.59181,0.9216894889651558,NTC,0.12720526294205334
NTC_1792,0.8429766666666678,0.7065275947893187,NTC,0.12718062416940581
NMT1,1.102360000000001,0.7669615816125379,NMT1,0.12702096332738355
NQO2,0.90876,0.7249001135301691,NQO2,0.12697361225803155
PTK7,1.3822550000000007,0.8097212310920854,PTK7,0.12670367649317452
NTC_527,2.6031766666666676,0.8941918485339186,NTC,0.1264344515162341
NTC_1363,0.597313333333334,0.6142877296088447,NTC,0.12640832145081135
NTC_1501,4.697876666666668,0.9400754688649955,NTC,0.12607823161028228
NTC_30,2.5861100000000006,0.8941918485339186,NTC,0.1256055355740927
MASP2,0.7957300000000007,0.6973046427052194,MASP2,0.12459336889431677
ISG20,2.3711886666666677,0.8862496152480339,ISG20,0.12435447699626423
NTC_1903,3.9749766666666675,0.9308778678268952,NTC,0.12365077251223575
NTC_2087,0.485310000000001,0.5585074320093395,NTC,0.12276937706827942
NTC_263,0.6090433333333349,0.6306644718339689,NTC,0.12193147055820742
NTC_923,4.526843333333335,0.9400754688649955,NTC,0.12148816215058768
CASR,3.4390200000000006,0.9220297655503983,CASR,0.12124285145397294
SLC22A5,3.421203333333334,0.9220297655503983,SLC22A5,0.12061472382747714
ETNK2,1.2100750000000007,0.7953978756408464,ETNK2,0.12030029982218908
NTC_1485,0.7191100000000006,0.680867423079235,NTC,0.12004638583405311
NTC_1196,0.6516433333333351,0.6555714039429963,NTC,0.11949835357725407
GRM4,4.029225,0.9339952933859985,GRM4,0.11948792559210132
NTC_348,2.988110000000001,0.9125115507254152,NTC,0.11881212261692696
NTC_1980,0.6279766666666671,0.647224667271662,NTC,0.11865301302986497
C1R,2.8879700000000015,0.9100818596587766,C1R,0.1181744102448957
MTRR,2.530833333333334,0.8981542545334604,MTRR,0.11806101758567793
NTC_480,4.394676666666667,0.9400754688649955,NTC,0.11794116830773263
CP,1.3991100000000012,0.824108607044866,CP,0.11754699621053306
NTC_1654,0.7930100000000007,0.7151574177881194,NTC,0.11546094943034113
MAP3K6,1.372015000000001,0.824108607044866,MAP3K6,0.11527059488231413
ADCK5,2.432570000000001,0.8968403155195318,ADCK5,0.11502377373953583
NTC_510,3.247476666666667,0.9216894889651558,NTC,0.11501057218547647
MAOB,1.8609350000000013,0.8676078551897706,MAOB,0.11477600331348836
GLYATL1,0.18981000000000048,0.25159652057498083,GLYATL1,0.11375225402986636
ELANE,0.4757393333333333,0.5767386637792825,ELANE,0.11371165936523071
NTC_40,0.4959766666666674,0.5900810832560743,NTC,0.11362245522278393
PVR,0.6859350000000015,0.6836529444605042,PVR,0.11329198192269545
PTGIS,1.0544200000000004,0.7811431467918594,PTGIS,0.11310697236451495
NTC_410,0.6754433333333338,0.680867423079235,NTC,0.11275678408362041
RARRES1,3.786010000000001,0.9339952933859985,RARRES1,0.11227530881768867
NTC_578,0.8603766666666672,0.7412621996065732,NTC,0.11187318282925691
PDK3,3.1694366666666673,0.9220297655503983,PDK3,0.11173867525325291
NTC_989,4.160276666666667,0.9400754688649955,NTC,0.11165050987066918
KCNJ11,3.7480166666666674,0.9339952933859985,KCNJ11,0.11114860465340665
HTR1A,3.7397633333333338,0.9339952933859985,HTR1A,0.11090384947611567
NTC_735,0.6430766666666683,0.6723936976518882,NTC,0.11085121876740138
SLC16A7,1.209105000000001,0.8097212310920854,SLC16A7,0.11083197294730698
ELSPBP1,3.1391000000000013,0.9220297655503983,ELSPBP1,0.11066915429371348
NTC_1225,2.5052766666666675,0.9033452673775779,NTC,0.11059851083871845
PTPN12,3.1073566666666683,0.9220297655503983,PTPN12,0.10955004121848064
PNP,0.7724100000000007,0.7249001135301691,PNP,0.1079225404333666
NTC_556,4.767143333333334,0.9492810699427627,NTC,0.10776213079677024
MAP2K3,3.0484433333333345,0.9220297655503983,MAP2K3,0.10747304820244939
NTC_181,0.4686733333333333,0.5900810832560743,NTC,0.10736758079502288
SIGLEC1,1.077560000000001,0.7953978756408464,SIGLEC1,0.1071262451305895
NTC_2173,3.956143333333334,0.9400754688649955,NTC,0.10617212644225955
KCNMB3,3.5801433333333343,0.9339952933859985,KCNMB3,0.1061702685311421
NTC_173,0.6351766666666689,0.680867423079235,NTC,0.10603476964505378
SH3KBP1,2.998363333333334,0.9220297655503983,SH3KBP1,0.10570747487027482
PDE3A,0.160843333333335,0.22174298138299298,PDE3A,0.10521568541254166
NTC_1764,0.3315433333333342,0.4833570855831263,NTC,0.10467881009834389
NTC_987,0.4556433333333345,0.5900810832560743,NTC,0.10438256014575968
PPP1CA,0.1516766666666669,0.2050972586205263,PPP1CA,0.1043596356472344
CLPX,1.044995000000001,0.7953978756408464,CLPX,0.10388877698711942
MAPK8IP2,3.5002166666666676,0.9339952933859985,MAPK8IP2,0.10380001827222349
CEACAM5,1.2353500000000013,0.824108607044866,CEACAM5,0.10378860973667693
PPIF,0.6258300000000014,0.6836529444605042,PPIF,0.1033647809875287
NTC_1173,0.5288100000000018,0.6389220648909971,NTC,0.10288110310872349
MAP4K1,1.6671200000000006,0.8676078551897706,MAP4K1,0.10282216769741159
TRIM33,3.4580533333333348,0.9339952933859985,TRIM33,0.10254965145576418
PPP2R5E,0.32877666666666805,0.48773098896122524,PPP2R5E,0.10251902505110863
CPO,1.212555000000001,0.824108607044866,CPO,0.10187347527361174
PIK3R3,3.4345833333333338,0.9339952933859985,PIK3R3,0.10185364127672311
HUNK,0.7268150000000002,0.7249001135301691,HUNK,0.10155192349280473
NTC_65,2.2774433333333346,0.9033452673775779,NTC,0.10054052893142892
LCK,0.15107666666666741,0.21609013402971167,LCK,0.10052113555240706
KRT8,2.4324466666666678,0.9100818596587766,KRT8,0.09953460399017154
NTC_1687,4.402510000000001,0.9492810699427627,NTC,0.09951952884167996
NTC_496,0.2551766666666673,0.40747109452396046,NTC,0.09949419739924649
PIM3,0.16587666666666845,0.25159652057498083,PIM3,0.09940911819342652
SCN5A,1.0810500000000003,0.8097212310920854,SCN5A,0.09909387882333308
NTC_2015,0.5711766666666662,0.6723936976518882,NTC,0.09845735806228634
NTC_226,1.0835100000000004,0.8122692537847673,NTC,0.09784093726299099
NTC_701,5.3066433333333345,0.9584934457195886,NTC,0.0976998278273809
NTC_1170,0.5013100000000019,0.6389220648909971,NTC,0.09753091998909665
NTC_1051,0.2623099999999994,0.4274305921475562,NTC,0.09682764384712535
NTC_789,0.5103433333333349,0.647224667271662,NTC,0.09642679002888356
NTC_905,0.5414766666666679,0.6639613833426178,NTC,0.09630551237265025
DNASE1,2.7211433333333344,0.9220297655503983,DNASE1,0.09593406753909607
QPRT,0.12457666666666789,0.16982722731256972,QPRT,0.09592312153863658
TNK1,0.3225200000000008,0.5068492519277301,TNK1,0.09518248624901905
SPTLC1,3.2080300000000013,0.9339952933859985,SPTLC1,0.09513513143029464
PTPLA,0.7262033333333333,0.7399830115754678,PTPLA,0.09497160153167036
TPI1,0.6794100000000016,0.7249001135301691,TPI1,0.09492841003590544
NTC_467,4.194043333333334,0.9492810699427627,NTC,0.09480710241996547
DUSP6,0.4098103333333345,0.5870819085357336,DUSP6,0.09478966391752597
NTC_2117,0.48564333333333387,0.6389220648909971,NTC,0.09448293687852106
S100A12,0.13204333333333373,0.19451668848932258,S100A12,0.09388850537240637
GABRD,1.0199900000000008,0.8097212310920854,GABRD,0.09349684608576067
NTC_1829,2.9957100000000003,0.9308778678268952,NTC,0.09318843525017666
NTC_2110,0.6168766666666681,0.7065275947893187,NTC,0.09306872017281131
RETSAT,0.31417666666666744,0.5068492519277301,RETSAT,0.09272019178581992
MR1,1.1025100000000005,0.824108607044866,MR1,0.09262798406992644
NTC_29,0.840743333333335,0.7765322725844539,NTC,0.09234765997990309
TUBB3,0.17490999999999968,0.2979297003793875,TUBB3,0.0919827552680177
PAICS,0.19706000000000135,0.3448525381749481,PAICS,0.09111395691084971
NTC_81,0.35801000000000016,0.5585074320093395,NTC,0.09056616324455428
NTC_974,1.0489766666666673,0.8212681347590176,NTC,0.0897032684878816
CLK4,3.7184966666666672,0.9459757523960667,CLK4,0.08969012269559096
MAP3K4,3.7128100000000006,0.9459757523960667,MAP3K4,0.08955296032144273
TXNRD1,0.117510000000002,0.1745671803116513,TXNRD1,0.08907697522088066
OAZ3,1.2893050000000015,0.8530566775745894,OAZ3,0.08899055552984912
PRKDC,1.6264650000000014,0.8822040287565969,PRKDC,0.0885300566630804
NTC_1183,3.279676666666668,0.9400754688649955,NTC,0.08801760108364672
NTC_1270,0.7959766666666681,0.7765322725844539,NTC,0.0874304673625363
PPFIA4,5.3453100000000004,0.9631326679362927,PPFIA4,0.08720277962242723
GAA,1.599990000000001,0.8822040287565969,GAA,0.08708899691070018
NTC_528,3.847043333333334,0.9492810699427627,NTC,0.08696310513022328
CDKN2D,0.5536450000000004,0.6973046427052194,CDKN2D,0.08668831855213954
EDA,0.6187850000000008,0.7249001135301691,EDA,0.08645777395691509
HDHD1,0.13671000000000078,0.23336478380823789,HDHD1,0.08639589154966117
SSTR5,3.579223333333334,0.9459757523960667,SSTR5,0.08633085052873216
PRKAR1A,0.1274433333333338,0.21054179072894286,PRKAR1A,0.08623602100213945
PI4KB,2.1047633333333344,0.9100818596587766,PI4KB,0.0861259520084168
MAP2K5,3.5640133333333344,0.9459757523960667,MAP2K5,0.08596398539787732
CACNB2,0.165843333333334,0.30498677972039956,CACNB2,0.08552855564070692
NTC_1986,0.5292433333333335,0.6893816201535008,NTC,0.08549412665552407
CDKN2A,1.5566150000000007,0.8822040287565969,CDKN2A,0.08472805387918023
KRTAP5-3,3.502643333333334,0.9459757523960667,KRTAP5-3,0.08448374127686738
PLAUR,0.6020600000000007,0.7249001135301691,PLAUR,0.0841209263128555
NTC_1556,0.6208033333333347,0.7325257401844074,NTC,0.08391840051201674
JAK1,0.13261000000000234,0.23336478380823789,JAK1,0.08380483635725773
NTC_91,0.4694433333333343,0.6639613833426178,NTC,0.08349386691933447
NTC_323,0.5138100000000012,0.6893816201535008,NTC,0.08300102136422738
NTC_1075,0.7836100000000012,0.7857861344695468,NTC,0.08204054949451797
GNE,4.369743333333334,0.9579684416789651,GNE,0.08149045913501095
GSTA4,0.5829100000000009,0.7249001135301691,GSTA4,0.08144525322563635
NPR2,1.488760000000001,0.8822040287565969,NPR2,0.08103464086698918
NTC_1316,0.5174433333333353,0.6979353340271703,NTC,0.0808167909302574
METAP1,0.20596666666666774,0.40671429786251057,METAP1,0.08047335165309806
NTC_2135,0.5318766666666672,0.7065275947893187,NTC,0.08024469611394106
PKM,0.13387666666666753,0.25159652057498083,PKM,0.08023166637868642
NTC_1782,0.4794766666666668,0.680867423079235,NTC,0.08004260951049534
NTC_1054,0.6966433333333333,0.7676682504406224,NTC,0.07999306051502054
KRT12,0.2787633333333339,0.5165540127114097,KRT12,0.07997281271152797
PIK3C2A,8.220310000000001,0.9778745599604126,PIK3C2A,0.07987553711607986
NTC_2049,4.334376666666667,0.9584934457195886,NTC,0.0797995696097314
PARK7,0.28575333333333486,0.5263542018686631,PARK7,0.07964571364285217
NTC_522,0.5462766666666674,0.7151574177881194,NTC,0.07953698261683377
PHKA2,0.32179666666666673,0.5664821409997518,PHKA2,0.07942385079590725
CA11,1.2852650000000017,0.8676078551897706,CA11,0.0792706783948449
TESK1,8.14216,0.9778745599604126,TESK1,0.07911616511847616
NMRAL1,8.134060000000002,0.9778745599604126,NMRAL1,0.07903745861584546
PLIN3,0.25321666666666687,0.48773098896122524,PLIN3,0.07895793231481797
NTC_428,4.277543333333334,0.9584934457195886,NTC,0.07875321949107081
FTL,3.2540066666666667,0.9459757523960667,FTL,0.07848662600717787
NTC_1560,4.237576666666667,0.9584934457195886,NTC,0.07801739908504497
NTC_625,0.31004333333333545,0.566323413796696,NTC,0.07656070018848184
TPK1,1.8703266666666671,0.9100818596587766,TPK1,0.07653291093696779
ARPC1B,3.154946666666668,0.9459757523960667,ARPC1B,0.07609729925750795
CDK5,8.247110000000001,0.9790493579540328,CDK5,0.07583558293604481
NTC_638,0.722643333333334,0.785425490787854,NTC,0.0758016781719529
NTC_1849,0.3678766666666675,0.622452746341265,NTC,0.07574345587543539
PDHA1,8.210410000000001,0.9790493579540328,PDHA1,0.075498111277033
FYN,0.8980000000000006,0.824108607044866,FYN,0.07544596393211304
PTP4A3,4.041860000000002,0.9579684416789651,PTP4A3,0.07537582920417953
GAD2,8.16291,0.9790493579540328,GAD2,0.07506132915705858
KCNJ1,0.754970000000001,0.7953978756408464,KCNJ1,0.07505577535008835
ALAS1,0.16097666666666832,0.3419234011731158,ALAS1,0.07502658420567127
CACNA2D1,3.9768766666666675,0.9579684416789651,CACNA2D1,0.07416396817127595
ALLC,1.560401500000001,0.8968403155195318,ALLC,0.07378339331605355
REN,8.02191,0.9790493579540328,REN,0.0737647759167135
NTC_1342,2.3666100000000005,0.9308778678268952,NTC,0.0736188358510739
NTC_1508,0.7006100000000011,0.785425490787854,NTC,0.0734904914974911
PKDCC,0.1961666666666666,0.4239894889394329,PKDCC,0.07310050980653834
PIGA,2.187945000000001,0.9262134977096406,PIGA,0.07283426988814794
ACVR1B,1.3377600000000012,0.8822040287565969,ACVR1B,0.07281556541432029
NTC_1614,0.554610000000002,0.7412621996065732,NTC,0.07211491005365986
MTFMT,1.0376350000000008,0.8530566775745894,MTFMT,0.07161976032607875
NT5M,1.3011100000000013,0.8822040287565969,NT5M,0.07082067061074206
PAPSS1,1.025455000000001,0.8530566775745894,PAPSS1,0.07077907098852593
KIF3B,0.40653500000000076,0.6701038902519059,KIF3B,0.07067930543367396
NEK7,1.1401600000000007,0.8676078551897706,NEK7,0.07032110629221702
NTC_1099,0.4071700000000007,0.6723936976518882,NTC,0.07018648488597438
NTC_1727,0.6053433333333338,0.7676682504406224,NTC,0.06950940829936547
NTC_636,0.2950433333333349,0.5821109643863822,NTC,0.06933347811800274
ZAP70,2.078755000000001,0.9262134977096406,ZAP70,0.06919945551708886
LTA4H,3.7028903333333343,0.9579684416789651,LTA4H,0.0690544524865138
TUBA8,0.9998000000000005,0.8530566775745894,TUBA8,0.06900830867695626
GSTM4,0.11257666666666744,0.24541202195135214,GSTM4,0.06868349337140084
ETFDH,0.12007666666666861,0.2707990089579375,ETFDH,0.06812584858229347
NTC_732,0.6484433333333346,0.785425490787854,NTC,0.0680184685844309
NME4,1.4216650000000008,0.8968403155195318,NME4,0.06722325494987492
NTC_766,0.6400433333333337,0.785425490787854,NTC,0.06713735051791889
PRKAR2A,0.34603666666666655,0.6400397417545671,PRKAR2A,0.06705950405215036
NTC_285,0.21981000000000162,0.49793486558318234,NTC,0.06656450468595648
STK32A,2.7508200000000005,0.9459757523960667,STK32A,0.06634976589468114
EPHA8,0.21256000000000164,0.48773098896122524,EPHA8,0.06628038475418084
NTC_1395,0.17892666666666734,0.4274305921475562,NTC,0.06604798732321841
NTC_2137,0.14757666666666847,0.3570321997152752,NTC,0.06600995304913132
CHEK2,4.98366,0.9699706520274436,CHEK2,0.0659906643834851
NTC_595,0.571810000000001,0.7676682504406224,NTC,0.06565889565644875
KDR,1.6309500000000012,0.9115117917491963,KDR,0.06562569105825658
NTC_457,0.24527666666666814,0.5430345404569434,NTC,0.06504063808517457
PDK4,0.6044600000000004,0.7811431467918594,PDK4,0.06484004525279749
NTC_1131,0.18401333333333447,0.44794822342977536,NTC,0.0641787316897296
NTC_1210,0.7075766666666672,0.8122692537847673,NTC,0.06389416272308483
NTC_1588,0.23504333333333527,0.5353789681150926,NTC,0.0637763510260527
IRGC,0.3164100000000003,0.6301104796966954,IRGC,0.06346656111334567
NTC_2141,1.1010766666666676,0.8757160386541859,NTC,0.06346242128358587
NTC_1700,0.4202433333333344,0.7065275947893187,NTC,0.06340247784995837
RPS6KA3,3.3910366666666674,0.9579684416789651,RPS6KA3,0.0632387565654864
CERK,0.22595333333333478,0.5263542018686631,CERK,0.06297814367863172
NTC_1442,2.2821766666666674,0.9400754688649955,NTC,0.06124741426209898
OTC,1.8282800000000003,0.9262134977096406,OTC,0.06086141971169435
NTC_120,0.5540766666666688,0.7765322725844539,NTC,0.06086005275030215
NTC_1218,0.46804333333333403,0.7412621996065732,NTC,0.06085880688149944
PRKCDBP,1.8063300000000009,0.9262134977096406,PRKCDBP,0.060130728481318445
NTC_302,0.27597666666666854,0.6061702455460161,NTC,0.05999881352584885
FES,0.21504666666666772,0.5263542018686631,FES,0.05993821675985072
NTC_265,0.39391000000000176,0.7065275947893187,NTC,0.05942954490623007
NTC_2159,0.4561100000000007,0.7412621996065732,NTC,0.059307137672553197
NTC_186,0.4065100000000008,0.7151574177881194,NTC,0.059187186230852104
S100A13,0.3424266666666673,0.672742245983283,S100A13,0.058949195549733775
FUK,2.4410966666666676,0.9459757523960667,FUK,0.05887924050269369
UPP1,0.0979100000000015,0.25159652057498083,UPP1,0.05867700959941182
HCK,3.142676666666668,0.9579684416789651,HCK,0.05860714118515408
MAP3K13,3.1244900000000007,0.9579684416789651,MAP3K13,0.0582679817188539
NEK10,0.24356100000000147,0.5767386637792825,NEK10,0.05821617748652651
NTC_978,0.5031100000000013,0.7676682504406224,NTC,0.057770320550035774
NTC_654,0.8067766666666678,0.8484016595270711,NTC,0.05760263628945202
SCARB1,0.12104333333333273,0.33431596373116357,SCARB1,0.05759760896318372
NTC_668,0.35917666666666825,0.6979353340271703,NTC,0.05609794098618226
NTC_1036,0.3358766666666675,0.680867423079235,NTC,0.056070392456400796
PLAU,0.5629100000000005,0.7953978756408464,PLAU,0.055962020348249875
UCK1,4.223299800000001,0.9699706520274436,UCK1,0.055922426428094966
NTC_212,3.036476666666668,0.9584934457195886,NTC,0.055904124113961465
NTC_1037,1.4009100000000014,0.9123611755558263,NTC,0.05580273365744734
AASS,0.2638600000000011,0.6170093629204383,AASS,0.05533361769362182
NTC_779,0.37937666666666736,0.7151574177881194,NTC,0.05523661760261715
BHMT,2.9248500000000015,0.9579684416789651,BHMT,0.05454493575924067
GUCY2F,4.1072483333333345,0.9699706520274436,GUCY2F,0.05438574186534165
PCTP,0.5195600000000011,0.7859797526732188,PCTP,0.05434007458407216
PPBP,0.10641000000000034,0.31215391059541464,PPBP,0.05380421811520217
NTC_2025,1.011543333333334,0.8848555095486732,NTC,0.05374091069925532
TUBB1,0.7017750000000014,0.8385553327952209,TUBB1,0.05366352355988415
NTC_708,0.24587666666666674,0.6061702455460161,NTC,0.05345491143100455
NTC_1023,0.1343433333333337,0.400943431008876,NTC,0.05332313907167976
STK33,0.07814333333333501,0.21054179072894286,STK33,0.05287659980522562
ULK4,0.0864433333333352,0.24541202195135214,ULK4,0.05273943782312984
NTC_1185,0.2240766666666687,0.5821109643863822,NTC,0.05265672160616537
NTC_1615,0.5004766666666676,0.785425490787854,NTC,0.05249750391281791
NTC_1623,0.8441766666666677,0.8665931130538335,NTC,0.0524949290632238
TRAPPC4,1.1010150000000003,0.8968403155195318,TRAPPC4,0.05206135907449119
GCDH,1.5522600000000004,0.9262134977096406,GCDH,0.051673019100835035
NTC_165,1.0585766666666672,0.894010326913491,NTC,0.051507656623630514
NTC_308,0.14196333333333477,0.43420824131360414,NTC,0.05143359077072624
NTC_1076,0.41067666666666724,0.750032142023777,NTC,0.051301780480795034
NTC_44,1.4484433333333344,0.9216894889651558,NTC,0.051297149646927595
MAPK13,3.8673266666666675,0.9699706520274436,MAPK13,0.051208841718998116
NTC_584,0.5667766666666676,0.8122692537847673,NTC,0.05117992476807834
NTC_1766,0.22204333333333448,0.5900810832560743,NTC,0.05086753146825008
NTC_2017,0.16094333333333477,0.4833570855831263,NTC,0.050814946140558495
NTC_288,0.5339766666666677,0.8032950990515961,NTC,0.05079446777238138
NTC_1266,0.26847666666666736,0.647224667271662,NTC,0.050727307428961976
NTC_1930,0.26677666666666777,0.647224667271662,NTC,0.05040610103251828
RYR1,1.5115450000000008,0.9262134977096406,RYR1,0.05031766176849994
NTC_1459,1.1324766666666672,0.9031792857890907,NTC,0.050084948635341506
NTC_139,0.37011000000000216,0.7325257401844074,NTC,0.05003040020216165
NTC_1431,0.27181000000000033,0.6555714039429963,NTC,0.04984451742901287
NTC_1967,0.5516100000000002,0.8122692537847673,NTC,0.04981037498836047
NTC_588,2.1996100000000016,0.9492810699427627,NTC,0.04972257890054713
NTC_1179,0.6942766666666671,0.8484016595270711,NTC,0.04957030609163182
KIAA1804,3.739783333333335,0.9699706520274436,KIAA1804,0.04951998868641746
NTC_552,0.1774433333333345,0.5277781712518694,NTC,0.04924914449358426
HRH2,3.7149866666666678,0.9699706520274436,HRH2,0.049191645960824384
CDKN1C,3.713226666666668,0.9699706520274436,CDKN1C,0.04916834108663254
SLC13A2,0.09991000000000128,0.3262650695381034,SLC13A2,0.04859916335094752
CHRNA5,3.6599233333333347,0.9699706520274436,CHRNA5,0.04846253001996246
NTC_808,0.5990766666666678,0.8302905990370602,NTC,0.048387350086236285
NTC_1229,0.08796200000000098,0.28387978487629806,NTC,0.048103385974231715
NTC_1353,0.7198433333333352,0.8574879249641165,NTC,0.04806536963906568
GLRX,0.4803550000000003,0.7953978756408464,GLRX,0.04775476769711599
NTC_954,0.6678766666666673,0.8484016595270711,NTC,0.04768538593854338
SCN4B,0.6884200000000007,0.8530566775745894,SCN4B,0.047516203100010264
CRH,0.09107666666666869,0.30498677972039956,CRH,0.04696996614819363
NTC_207,0.3332100000000011,0.7238238039627342,NTC,0.04677173425582641
NTC_503,0.44371000000000116,0.785425490787854,NTC,0.04654296396333453
NTC_1646,0.33787666666666816,0.7325257401844074,NTC,0.045673191354747726
SRPK1,2.2952800000000004,0.9556876100711298,SRPK1,0.04518039326464651
GIT2,2.414643333333335,0.9579684416789651,GIT2,0.04503019488115474
NTC_2009,0.3899100000000022,0.7676682504406224,NTC,0.04477196971967268
NTC_1956,0.34121000000000024,0.7412621996065732,NTC,0.04436690369702892
TTN,0.1586333333333334,0.5263542018686631,TTN,0.04421458498312433
NTC_361,3.096476666666667,0.9677113681402292,NTC,0.044137664762680155
NTC_525,0.8238766666666688,0.8848555095486732,NTC,0.043770623473570316
EPHA4,3.2926933333333337,0.9699706520274436,EPHA4,0.0435998885713991
NTC_1424,4.295943333333334,0.976933606925897,NTC,0.043539171863417395
NTC_1918,0.2361433333333336,0.6555714039429963,NTC,0.043303964144360135
PTPN4,4.082123333333334,0.9759744499887528,PTPN4,0.04311355609645604
NTC_14,0.1364100000000006,0.4833570855831263,NTC,0.043068989932482774
NTC_1872,3.005210000000001,0.9677113681402292,NTC,0.042836735360981475
HAGH,3.2188766666666675,0.9699706520274436,HAGH,0.04262245213393997
PPM1B,0.1366666666666685,0.48773098896122524,PPM1B,0.04261535213463539
DUSP23,4.379810000000001,0.9778745599604126,DUSP23,0.042557966331729306
NTC_1649,0.33987666666666794,0.750032142023777,NTC,0.04245743564006815
SLC25A29,0.08217666666666723,0.30498677972039956,SLC25A29,0.042380067176056795
NTC_401,0.6766766666666681,0.8665931130538335,NTC,0.04207898064236803
SOAT2,3.177523333333334,0.9699706520274436,SOAT2,0.0420748758664702
NEK5,3.134270000000001,0.9699706520274436,NEK5,0.04150214092799787
KCNJ3,1.2455950000000007,0.9262134977096406,KCNJ3,0.041464480323466835
NTC_1166,0.48434333333333424,0.8212681347590176,NTC,0.041418633465296895
NTC_416,0.66601,0.8665931130538335,NTC,0.04141567646432339
NTC_1084,0.7786766666666685,0.8848555095486732,NTC,0.04136925411690441
NTC_539,0.1673100000000005,0.566323413796696,NTC,0.04131477561803677
NTC_115,0.4339100000000009,0.8032950990515961,NTC,0.04127563784518801
NTC_1899,0.3555433333333351,0.7676682504406224,NTC,0.04082576839278674
P4HB,0.10051000000000165,0.39823654536444764,P4HB,0.04018981684808518
NTC_242,0.19348000000000098,0.622452746341265,NTC,0.03983629615753272
SLC6A8,0.12656666666666716,0.48773098896122524,SLC6A8,0.039465973672002205
NTC_2034,1.1057100000000002,0.9215547804133774,NTC,0.03922931227509212
NTC_1846,0.20627666666666666,0.647224667271662,NTC,0.03897493221790156
NTC_1504,0.26701000000000175,0.7151574177881194,NTC,0.03887621607217508
NTC_1972,0.10177666666666774,0.42071497098584576,NTC,0.03826925139621973
B4GALT2,7.280476666666667,0.9880066986572713,B4GALT2,0.03815050512490556
NTC_1960,0.3993766666666678,0.8032950990515961,NTC,0.03799065856318526
NTC_1948,2.6302766666666675,0.9677113681402292,NTC,0.037492376737786874
NTC_1444,0.5248766666666675,0.8484016595270711,NTC,0.037475401775980896
NTC_796,0.33721000000000156,0.7765322725844539,NTC,0.037039311746141154
NTC_1389,0.6967100000000013,0.8848555095486732,NTC,0.03701455850625436
NTC_1232,0.7598433333333343,0.894010326913491,NTC,0.03697205004936332
ADRA1B,0.09238333333333415,0.40671429786251057,ADRA1B,0.03609514389165918
MMP3,0.32228666666666683,0.7744032630696267,MMP3,0.03578439929441991
SLC6A5,0.07344333333333353,0.3268185173470073,SLC6A5,0.03567093820302693
NTC_1797,0.28471000000000224,0.750032142023777,NTC,0.03556600875146039
NTC_656,0.6663433333333337,0.8848555095486732,NTC,0.03540124915232907
NTC_234,0.2943766666666674,0.7588345142392072,NTC,0.035281904322579015
HPGDS,0.7437305000000007,0.8968403155195318,HPGDS,0.035167205365186575
GRM2,2.6191766666666676,0.9699706520274436,GRM2,0.03468158108118436
SCYL3,1.0347250000000008,0.9262134977096406,SCYL3,0.03444485117770964
NTC_1806,0.4820433333333334,0.8484016595270711,NTC,0.034417166426588576
NTC_1252,0.13571000000000133,0.5585074320093395,NTC,0.034330700298646905
NTC_2128,0.3247766666666667,0.785425490787854,NTC,0.03406745102160993
NTC_2172,0.6368766666666659,0.8848555095486732,NTC,0.033835754674974544
NTC_407,0.44344333333333363,0.8393354943478087,NTC,0.03373025586435543
ADCK3,0.10781333333333443,0.48773098896122524,ADCK3,0.03361831584006446
CHRNA1,0.26976666666666826,0.7514025139428887,CHRNA1,0.033485423141840595
NTC_1698,0.1424100000000008,0.5821109643863822,NTC,0.0334655269354268
NTC_1111,0.36997666666666795,0.8122692537847673,NTC,0.03340888762642151
CA10,4.179450000000001,0.9819796677645558,CA10,0.03300722451555347
MARCKS,0.9900150000000005,0.9262134977096406,MARCKS,0.032956504712556664
S100A11,0.057643333333333935,0.2707990089579375,S100A11,0.03270411402530589
NTC_1651,0.8192433333333344,0.9123611755558263,NTC,0.03263308672979661
PPP5C,0.08286666666666687,0.40671429786251057,PPP5C,0.032376881729988864
FCGR1B,0.963648000000001,0.9262134977096406,FCGR1B,0.03207877643595887
NTC_568,0.21807666666666758,0.7151574177881194,NTC,0.03175160336179549
NTC_754,0.1829766666666668,0.6723936976518882,NTC,0.03154085283661851
NTC_185,0.08817666666666746,0.4410475733700263,NTC,0.031348089121579964
NTC_1329,0.20717666666666723,0.7065275947893187,NTC,0.03125692420905715
NTC_1717,1.6948766666666675,0.9584934457195886,NTC,0.031204124362728722
NTC_713,0.10987666666666751,0.5202327707516494,NTC,0.031183250056263254
NTC_2122,0.19941000000000209,0.6979353340271703,NTC,0.031144813820649094
NTC_1979,1.1129433333333338,0.9399722491967025,NTC,0.029921445778076518
DHRS4L2,0.8931900000000006,0.9262134977096406,DHRS4L2,0.029733307519793632
PPP2R1B,1.4951100000000004,0.9556876100711298,PPP2R1B,0.02942981151489389
PTPRD,0.08625666666666731,0.45979890865705686,PTPRD,0.029105765056150607
NTC_1263,0.05912033333333433,0.321906837401273,NTC,0.029103154587105568
NTC_1155,0.3155100000000015,0.8122692537847673,NTC,0.02849054841750092
PLK2,3.6044400000000008,0.9819796677645558,PLK2,0.028466080544770612
NTC_2097,0.7982100000000001,0.9215547804133774,NTC,0.028319567835238244
PRSS8,0.12225966666666821,0.5975102351797649,PRSS8,0.02734394307672745
NTC_27,0.4736433333333343,0.8757160386541859,NTC,0.027299236890705694
CIT,0.5713950000000008,0.8968403155195318,CIT,0.027018342409839035
CSAD,3.3767100000000005,0.9819796677645558,CSAD,0.026667581881327576
NTC_2051,0.13247333333333522,0.6306644718339689,NTC,0.026521377805215476
NTC_1059,0.151743333333334,0.6723936976518882,NTC,0.02615696434301987
NTC_1527,0.15621000000000063,0.680867423079235,NTC,0.026077298231338038
PRSS2,8.070110000000001,0.9926240129280786,PRSS2,0.02594720196135444
VKORC1L1,0.07646000000000086,0.4587668055450057,VKORC1L1,0.02587467670254404
NTC_1078,1.8037433333333341,0.9677113681402292,NTC,0.02571084078288526
NTC_1428,0.25711000000000084,0.7943468037284551,NTC,0.025708389721674104
VTN,1.298499500000001,0.9556876100711298,VTN,0.02555972171758866
NTC_39,0.8191433333333347,0.9307588798636308,NTC,0.025526809470528274
NTC_453,0.1687766666666679,0.7065275947893187,NTC,0.025463482751873573
NRGN,1.27967895,0.9556876100711298,NRGN,0.02518925717711561
NUCKS1,1.898456666666668,0.9699706520274436,NUCKS1,0.02513823509962355
NTC_768,0.9311766666666683,0.9399722491967025,NTC,0.025034654781594213
NTC_1677,0.11771000000000154,0.6142877296088447,NTC,0.024910750669065673
NTC_804,0.29124333333333396,0.8212681347590176,NTC,0.02490568165669936
AK4,0.03717666666666908,0.21609013402971167,AK4,0.02473605508938206
SLC36A1,3.1195533333333345,0.9819796677645558,SLC36A1,0.02463668599016056
MARK1,3.1008966666666677,0.9819796677645558,MARK1,0.024489344884182855
CHRM2,3.079223333333334,0.9819796677645558,CHRM2,0.02431817964011156
PPM1A,3.0750000000000015,0.9819796677645558,PPM1A,0.02428482584678054
STK38L,0.06453000000000042,0.4239894889394329,STK38L,0.024046776029648012
MAP4K3,3.043590000000001,0.9819796677645558,MAP4K3,0.02403676523544806
NTC_1462,0.26461000000000023,0.8122692537847673,NTC,0.023894279156777564
PCYT1B,0.14328500000000144,0.6836529444605042,PCYT1B,0.023665568355301224
NTC_2102,2.3103100000000003,0.976933606925897,NTC,0.02341487686005445
PTGS1,1.7663800000000007,0.9704499624813233,PTGS1,0.023010371581926956
NTC_544,0.4683766666666678,0.894010326913491,NTC,0.022790021050770087
GNMT,0.4786305000000004,0.8968403155195318,GNMT,0.022631984418471383
CIB3,0.3656150000000009,0.8676078551897706,CIB3,0.02254986254300184
PDF,0.4762600000000008,0.8968403155195318,PDF,0.0225198956170599
NTC_1109,0.6266433333333339,0.9215547804133774,NTC,0.02223258088326776
NTC_1837,0.4946433333333342,0.9031792857890907,NTC,0.021876111598603185
MMP12,0.6557650000000015,0.9262134977096406,MMP12,0.02182969178530604
NTC_1763,0.196176666666668,0.7765322725844539,NTC,0.02154814125911302
NTC_1606,0.08477666666666828,0.5585074320093395,NTC,0.02144604182191179
NTC_451,0.43877666666666837,0.894010326913491,NTC,0.021349760100318284
NTC_1791,0.21277666666666661,0.7943468037284551,NTC,0.021275506477170823
BRDT,0.6310100000000007,0.9262134977096406,BRDT,0.02100562520635586
G6PC3,0.7813799500000007,0.9409404426870132,G6PC3,0.020658017317015685
NTC_2079,0.11586000000000052,0.6639613833426178,NTC,0.020606532747170298
NTC_1660,0.12924333333333404,0.6979353340271703,NTC,0.020185846016883495
NTC_355,0.10370999999999952,0.6389220648909971,NTC,0.02017699968496365
NTC_1535,0.11317666666666781,0.6639613833426178,NTC,0.020129282650459667
NTC_1102,0.8776100000000024,0.9491936599797758,NTC,0.019873628750045304
NTC_1214,0.24454333333333445,0.8302905990370602,NTC,0.019751735528432988
NTC_1245,0.8673099999999998,0.9491936599797758,NTC,0.01964038348606071
NTC_1552,0.20614333333333512,0.8032950990515961,NTC,0.019609360399314595
NTC_1453,0.6910433333333348,0.9399722491967025,NTC,0.01857867782603603
PIP5K1B,2.864325000000001,0.9852224469278442,PIP5K1B,0.01851987165892146
NTC_594,0.6810766666666677,0.9399722491967025,NTC,0.01831072431275008
NDUFB5,0.687982250000001,0.9409404426870132,NDUFB5,0.01818878157073191
FASTK,0.44461000000000084,0.9115117917491963,FASTK,0.017890087679825556
HIBCH,0.13106000000000062,0.7388357196025277,HIBCH,0.01722811437681274
NTC_2120,0.4812100000000008,0.9215547804133774,NTC,0.0170727743801694
MTMR4,0.021776666666667666,0.16982722731256972,MTMR4,0.016767873946751274
NTC_1709,0.7315100000000019,0.9491936599797758,NTC,0.01656516922886662
NTC_1081,0.4127100000000006,0.9123611755558263,NTC,0.016439561576236234
NTC_1950,0.09361000000000086,0.6723936976518882,NTC,0.01613615160786922
NTC_543,0.5874100000000002,0.9399722491967025,NTC,0.015792498987220006
NTC_83,0.14277666666666633,0.7765322725844539,NTC,0.015682659075180187
NTC_1337,0.689843333333334,0.9491936599797758,NTC,0.015621620426340167
NTC_1465,0.1292766666666676,0.7588345142392072,NTC,0.015494186533608737
NTC_1414,0.03767666666666791,0.388077986170812,NTC,0.015488161509858683
NTC_314,0.38717666666666783,0.9123611755558263,NTC,0.015422487103652849
NME6,0.04225666666666683,0.4327856048359593,NME6,0.01536989875275435
CDK11A,2.3563400000000008,0.9852224469278442,CDK11A,0.015235392067863457
NTC_1628,0.3080100000000012,0.894010326913491,NTC,0.014986985653671273
NTC_1056,0.48064333333333487,0.9307588798636308,NTC,0.014978197702412233
NTC_2046,0.11354333333333422,0.7412621996065732,NTC,0.014763829124116203
FGB,1.129267500000001,0.9704499624813233,FGB,0.014710801067943315
NTC_1269,0.25504333333333307,0.8757160386541859,NTC,0.01469985511051606
CYSLTR2,1.1216195000000004,0.9704499624813233,CYSLTR2,0.014611171700616585
NTC_472,0.18157666666666739,0.8393354943478087,NTC,0.013811522161411375
STK36,0.4124900000000009,0.9262134977096406,STK36,0.013731336019032562
NTC_2091,0.06481000000000048,0.6142877296088447,NTC,0.013715621025079748
NTC_1440,0.19201000000000157,0.8484016595270711,NTC,0.013709224189186296
NTC_1888,0.16854333333333482,0.8302905990370602,NTC,0.013613224698065257
SLC25A5,2.104920000000001,0.9852224469278442,SLC25A5,0.013609785290529869
NTC_898,0.7356100000000003,0.9584218805484315,NTC,0.013567061200548847
NTC_1420,0.09927666666666735,0.7325257401844074,NTC,0.013419932895814595
MYL12A,0.39561500000000116,0.9262134977096406,MYL12A,0.013169585927342653
SLC7A2,0.9872900000000007,0.9704499624813233,SLC7A2,0.012861281128138153
LRP1,4.895613333333334,0.9939927685868994,LRP1,0.012810719236859976
NTC_1449,0.22681000000000218,0.8848555095486732,NTC,0.012049880172243281
HLA-DQA2,1.8449700000000009,0.9852224469278442,HLA-DQA2,0.011929026075798078
NTC_2098,0.6270100000000003,0.9584218805484315,NTC,0.011564120992585926
MURC,4.406983333333335,0.9939927685868994,MURC,0.01153208440308221
NTC_670,0.15034333333333372,0.8393354943478087,NTC,0.011435777064713461
NTC_108,0.790443333333334,0.9676556765001433,NTC,0.01128686000391304
NTC_1678,0.09701000000000093,0.7676682504406224,NTC,0.011139311078211544
NTC_1826,0.3492433333333338,0.9307588798636308,NTC,0.010883404242056367
NTC_304,0.22194333333333383,0.894010326913491,NTC,0.01079919987206468
ANXA3,1.6669650000000011,0.9852224469278442,ANXA3,0.010778098805098592
NTC_137,0.47381000000000206,0.9491936599797758,NTC,0.010729508595001174
NEK11,0.5438405000000008,0.9556876100711298,NEK11,0.010704980509237228
NTC_380,0.16967666666666759,0.8665931130538335,NTC,0.010551303929688068
NTC_1114,0.12334333333333358,0.8212681347590176,NTC,0.010547708540886158
NTC_1939,0.051010000000000666,0.622452746341265,NTC,0.010502633176533804
NTC_840,0.5544766666666687,0.9584218805484315,NTC,0.010226368416610723
CSNK2A1,3.8961066666666677,0.9939927685868994,CSNK2A1,0.010195235045154384
S100P,1.5722800000000001,0.9852224469278442,S100P,0.010165893818574717
NTC_1940,0.44231000000000176,0.9491936599797758,NTC,0.010016185700291187
NTC_1046,4.741810000000001,0.9953861043160683,NTC,0.009523576110961244
PPP1R14D,0.08859500000000153,0.7811431467918594,PPP1R14D,0.009503530108148908
PNLIPRP2,3.630063333333334,0.9939927685868994,PNLIPRP2,0.009499059465893286
NTC_1982,0.23827666666666758,0.9123611755558263,NTC,0.009491323044866835
CASP7,3.590963333333334,0.9939927685868994,CASP7,0.009396743558149777
PPAP2C,0.7141000000000002,0.9704499624813233,PPAP2C,0.009302475314855261
PDGFRA,0.1930550000000002,0.8968403155195318,PDGFRA,0.009128581968570732
TRIB3,0.6942450000000004,0.9704499624813233,TRIB3,0.009043827160007973
NTC_468,0.18481000000000147,0.894010326913491,NTC,0.00899238602206097
NTC_62,0.029676666666667018,0.49793486558318234,NTC,0.008986909682893911
GLTP,3.4279566666666677,0.9939927685868994,GLTP,0.008970191766123087
NTC_1744,4.435010000000001,0.9953861043160683,NTC,0.008907390909351963
NTC_1304,0.2841766666666672,0.9307588798636308,NTC,0.008855743959302798
LMTK3,3.3590166666666676,0.9939927685868994,LMTK3,0.008789791288377884
NTC_2006,0.06987666666666836,0.750032142023777,NTC,0.00872900192543145
STK17B,3.2031433333333346,0.9939927685868994,STK17B,0.008381905825641144
NTC_861,0.20861000000000018,0.9123611755558263,NTC,0.008309604662883475
NTC_574,0.5798433333333346,0.9676556765001433,NTC,0.00827967072596681
EPHB4,1.2614650000000012,0.9852224469278442,EPHB4,0.008156256675559293
ALDH1A2,0.021023333333334726,0.4152988234299345,ALDH1A2,0.008023330201747019
LAMTOR3,0.6146450000000003,0.9704499624813233,LAMTOR3,0.008006889707182767
NTC_111,0.4333433333333332,0.9584218805484315,NTC,0.00799227243265204
MAP4K2,3.0533700000000006,0.9939927685868994,MAP4K2,0.007989982691222444
NTC_1027,0.08824333333333367,0.8122692537847673,NTC,0.007968371718344915
SLC7A11,3.0092013333333343,0.9939927685868994,SLC7A11,0.007874403222582536
NTC_554,0.42281000000000013,0.9584218805484315,NTC,0.007798003216655643
PRKCD,0.3923506500000009,0.9556876100711298,PRKCD,0.007723047586629832
PPP4R1,1.1681050000000006,0.9852224469278442,PPP4R1,0.007552618744082622
NTC_1702,0.7413100000000012,0.9768938111896065,NTC,0.007526254838842666
POMC,1.159440000000001,0.9852224469278442,POMC,0.007496593436924898
ATP2C1,0.5436050000000003,0.9704499624813233,ATP2C1,0.007081462111093539
NTC_0,0.058910000000000906,0.7588345142392072,NTC,0.007060535765888907
NTC_641,1.1631766666666667,0.986135046225572,NTC,0.007053045649121841
NTC_482,0.04837666666666607,0.7151574177881194,NTC,0.007043562960881194
RXRB,1.0824050000000005,0.9852224469278442,RXRB,0.006998508089331653
NTC_1845,3.4565766666666677,0.9953861043160683,NTC,0.006942279629165386
NTC_1117,0.20534333333333432,0.9307588798636308,NTC,0.006399075635167464
PPP2CB,0.9736100000000016,0.9852224469278442,PPP2CB,0.006295072048682516
NTC_169,3.0337766666666672,0.9953861043160683,NTC,0.006093116971928082
AKAP4,0.05991000000000035,0.7953978756408464,AKAP4,0.005955986994481652
NTC_126,0.4047766666666668,0.9676556765001433,NTC,0.005779867293270744
NAGA,0.007610000000001449,0.1745671803116513,NAGA,0.005768664636465146
NTC_13,0.391676666666668,0.9676556765001433,NTC,0.0055928104103595755
MAP4K5,0.007243333333335045,0.16982722731256972,MAP4K5,0.00557731365166041
SLC7A9,2.0959333333333348,0.9939927685868994,SLC7A9,0.005484586229408654
PTPN7,0.8230000000000013,0.9852224469278442,PTPN7,0.005321272682147585
UGT3A1,0.39714450000000134,0.9704499624813233,UGT3A1,0.005173542791878654
NTC_2057,0.04657666666666671,0.7765322725844539,NTC,0.005116003904874594
NTC_1591,0.14201000000000175,0.9215547804133774,NTC,0.005038350594808674
DUSP18,0.011110000000000397,0.35439465934712744,DUSP18,0.0050051975575434796
GSTT2,0.02368000000000059,0.6186153126655007,GSTT2,0.004939158630347835
NTC_49,0.09014333333333369,0.8848555095486732,NTC,0.004789102618902359
NTC_1867,0.04967666666666659,0.8122692537847673,NTC,0.004485802278491052
POR,0.012053333333334137,0.45069114617486594,POR,0.004171911467952389
NTC_1808,1.9901100000000014,0.9953781419688498,NTC,0.004003903080761375
NTC_1464,0.1740766666666671,0.9491936599797758,NTC,0.0039419959291470226
NTC_1190,0.13314333333333472,0.9399722491967025,NTC,0.0035795542411974322
NTC_1141,0.5829766666666671,0.986135046225572,NTC,0.0035349411316477207
NTC_1297,0.2340766666666685,0.9676556765001433,NTC,0.0033424161548784473
NTC_286,0.056710000000000704,0.8757160386541859,NTC,0.00326857703913339
NTC_1964,0.14244333333333437,0.9491936599797758,NTC,0.003225653678268972
NTC_1625,0.5253766666666682,0.986135046225572,NTC,0.0031856773946492617
NTC_86,0.49837666666666713,0.986135046225572,NTC,0.003021960017931225
NTC_1241,0.0965100000000012,0.9307588798636308,NTC,0.0030075229593527104
NTC_1538,0.13137666666666714,0.9491936599797758,NTC,0.00297504711631794
NTC_560,0.48874333333333464,0.986135046225572,NTC,0.002963547274879982
NDUFA11,0.006110000000001392,0.38160361159,NDUFA11,0.0025563477696804713
PRKCH,0.39232500000000137,0.9852224469278442,PRKCH,0.0025366565067114887
CDO1,0.38975500000000096,0.9852224469278442,CDO1,0.0025200396527708794
NTC_2068,1.2222766666666667,0.9953781419688498,NTC,0.0024590988996635397
NTC_161,0.024743333333335116,0.8032950990515961,NTC,0.0023537066805316927
AHCY,0.007356666666668232,0.48773098896122524,AHCY,0.002293953223442904
NTC_1572,0.03691000000000155,0.8757160386541859,NTC,0.002127370455200441
AK7,0.3123950000000013,0.9852224469278442,AK7,0.0020198529520528545
NTC_1398,0.018976666666667086,0.8212681347590176,NTC,0.0016227901716959732
NTC_351,0.5194433333333341,0.9953781419688498,NTC,0.0010450682437726018
NTC_652,0.10271000000000186,0.9768938111896065,NTC,0.0010427778318079384
NTC_988,0.03271000000000068,0.9307588798636308,NTC,0.0010193355714478085
SLC16A1,0.0016100000000012216,0.2393349454108844,SLC16A1,0.000999800155188601
NTC_1843,0.020476666666667143,0.894010326913491,NTC,0.0009963426822776793
NTC_1945,0.08554333333333375,0.9768938111896065,NTC,0.0008684908154897859
NTC_1666,0.012376666666667369,0.8574879249641165,NTC,0.0008264146248019732
NTC_876,0.02651000000000092,0.9307588798636308,NTC,0.0008261261387674038
NTC_328,0.07954333333333352,0.9768938111896065,NTC,0.0008075749651261625
NTC_1080,0.053210000000001756,0.9676556765001433,NTC,0.0007597936442522535
NTC_1643,0.004110000000000724,0.7151574177881194,NTC,0.0005984092283310238
NTC_818,0.010576666666668011,0.9123611755558263,NTC,0.0004213025197790549
NTC_1469,0.005710000000000548,0.9584218805484315,NTC,0.00010531112879806055
NTC_1148,-4.536256666666666,1.0,NTC,0.0
GNG2,3.213836666666667,1.0,GNG2,-0.0
NTC_1249,0.9582766666666664,1.0,NTC,-0.0
ARPC2,0.755650000000001,1.0,ARPC2,-0.0
NTC_924,0.32357666666666773,1.0,NTC,-0.0
NTC_940,4.521576666666668,1.0,NTC,-0.0
NTC_1532,0.32974333333333483,1.0,NTC,-0.0
NTC_1644,0.0,0.4274305921475562,NTC,0.0
NTC_2139,2.4010433333333334,1.0,NTC,-0.0
FN3KRP,3.127703333333334,1.0,FN3KRP,-0.0
ELOVL4,1.901180000000001,1.0,ELOVL4,-0.0
CACNA1A,0.9522700000000013,1.0,CACNA1A,-0.0
ADH1C,3.7284366666666675,1.0,ADH1C,-0.0
CARTPT,3.950533333333334,1.0,CARTPT,-0.0
NTC_1805,1.2539766666666665,1.0,NTC,-0.0
SUCLG1,1.5536950000000012,1.0,SUCLG1,-0.0
HTR1B,2.26572,1.0,HTR1B,-0.0
NTC_1132,0.1917766666666676,1.0,NTC,-0.0
SCMH1,3.3374766666666678,1.0,SCMH1,-0.0
GABRA2,8.08521,1.0,GABRA2,-0.0
SRPK2,4.140693333333334,1.0,SRPK2,-0.0
ATP2A1,8.13446,1.0,ATP2A1,-0.0
PECR,8.059410000000002,1.0,PECR,-0.0
NTC_1897,3.637476666666668,1.0,NTC,-0.0
NDUFS3,2.2899900000000004,1.0,NDUFS3,-0.0
NTC_180,2.7513100000000006,1.0,NTC,-0.0
NTC_149,-2.778623333333333,1.0,NTC,0.0
NTC_148,-1.3813899999999997,1.0,NTC,0.0
NTC_399,-0.00785666666666529,0.986135046225572,NTC,-4.7639735422756834e-05
NTC_174,-0.08668999999999905,0.9953781419688498,NTC,-0.00017441164461823693
NTC_1554,-0.017756666666667087,0.9768938111896065,NTC,-0.00018027707493723167
NTC_647,-0.012823333333331632,0.9676556765001433,NTC,-0.00018310631769955115
NTC_22,-0.05408999999999864,0.986135046225572,NTC,-0.0003279804780251129
NTC_1966,-0.1749233333333322,0.9953781419688498,NTC,-0.00035192832216831085
NTC_1579,-0.12882333333333307,0.986135046225572,NTC,-0.0007811340071631744
NTC_276,-0.4207566666666658,0.9953781419688498,NTC,-0.0008465205008354054
NTC_817,-0.04935666666666538,0.9399722491967025,NTC,-0.0013269523984029354
NTC_141,-0.02008999999999972,0.8574879249641165,NTC,-0.001341449217258589
NTC_1330,-0.24872333333333252,0.986135046225572,NTC,-0.0015081604319221288
PSKH2,-0.0022233333333314675,0.16982722731256972,PSKH2,-0.0017119503937659884
NTC_1113,-0.03228999999999793,0.8848555095486732,NTC,-0.0017154915160782457
NTC_1208,-0.8668899999999988,0.9953781419688498,NTC,-0.0017440963271785081
NTC_782,-0.2077566666666648,0.9768938111896065,NTC,-0.002109279003118542
MAPK8IP1,-0.006193333333332163,0.4239894889394329,MAPK8IP1,-0.002307914141385261
NTC_258,-0.016723333333332313,0.7151574177881194,NTC,-0.002434889779834578
NTC_575,-0.10278999999999883,0.9399722491967025,NTC,-0.0027635058492302233
NTC_1177,-0.27602333333333195,0.9768938111896065,NTC,-0.0028023660117001904
KCNC4,-0.010076666666664735,0.48773098896122524,KCNC4,-0.0031421026708043018
NTC_1689,-0.5190899999999994,0.986135046225572,NTC,-0.0031475575215023097
NTC_799,-0.07168999999999848,0.9031792857890907,NTC,-0.0031705641920518344
NTC_623,-0.23062333333333207,0.9676556765001433,NTC,-0.003293105485490111
PRDX2,-0.25645199999999946,0.9704499624813233,PRDX2,-0.0033407623574362917
NTC_160,-0.3468566666666657,0.9768938111896065,NTC,-0.003521511467381832
NTC_833,-0.19575666666666525,0.9584218805484315,NTC,-0.0036103950151331367
NTC_1909,-0.03878999999999966,0.8032950990515961,NTC,-0.0036898941992920776
NTC_250,-0.07055666666666571,0.8848555095486732,NTC,-0.003748509231013736
NTC_1942,-0.06305666666666632,0.8665931130538335,NTC,-0.003921164105021452
NTC_526,-0.05918999999999919,0.8574879249641165,NTC,-0.003952233905900244
NTC_1519,-0.08652333333333306,0.894010326913491,NTC,-0.004210006023747524
NTC_2119,-0.22988999999999837,0.9584218805484315,NTC,-0.004239925639121479
NTC_1052,-0.011889999999998402,0.4274305921475562,NTC,-0.004389007988037697
NTC_260,-0.30842333333333194,0.9676556765001433,NTC,-0.00440402346186341
NTC_448,-0.7589566666666663,0.986135046225572,NTC,-0.004602014611456567
NTC_1255,-0.06282333333333234,0.8393354943478087,NTC,-0.004778619833240597
NTC_533,-0.13852333333333178,0.9215547804133774,NTC,-0.004914647693084035
NTC_607,-0.35108999999999924,0.9676556765001433,NTC,-0.005013267253533439
NTC_1031,-0.27212333333333305,0.9584218805484315,NTC,-0.005018846831107084
NTC_421,-0.20132333333333197,0.9399722491967025,NTC,-0.005412571351816278
NTC_1201,-0.17835666666666672,0.9307588798636308,NTC,-0.005558095222812265
NTC_98,-0.30238999999999905,0.9584218805484315,NTC,-0.005577063439096737
NTC_225,-0.40138999999999925,0.9676556765001433,NTC,-0.005731508567306923
GLDC,-0.2913199999999989,0.9556876100711298,GLDC,-0.005734355793566262
NTC_153,-0.14402333333333317,0.9123611755558263,NTC,-0.0057369108011633444
NTC_1012,-0.4191899999999986,0.9676556765001433,NTC,-0.005985677461644251
NTC_916,-0.3297566666666665,0.9584218805484315,NTC,-0.006081794535087408
NTC_2092,-0.2738566666666653,0.9491936599797758,NTC,-0.00620153111753307
NTC_1503,-0.3525233333333322,0.9584218805484315,NTC,-0.006501686543079617
NTC_983,-3.259456666666666,0.9953698408230252,NTC,-0.0065695075471884894
NTC_1368,-0.021356666666665802,0.4906168711511032,NTC,-0.006604709801159125
NTC_2059,-0.24928999999999935,0.9399722491967025,NTC,-0.006702153644854639
NTC_717,-0.1691233333333333,0.9123611755558263,NTC,-0.006736724218729022
NTC_1168,-1.1469566666666653,0.986135046225572,NTC,-0.0069546939509601115
SLC6A14,-0.026246666666666307,0.5263542018686631,SLC6A14,-0.007315520953080816
NTC_175,-0.07472333333333214,0.7943468037284551,NTC,-0.007471574713686195
NTC_2086,-0.07519000000000009,0.785425490787854,NTC,-0.007887055645360975
NTC_1223,-0.07202333333333222,0.7676682504406224,NTC,-0.008270181578081669
C3,-0.026056666666666395,0.4690087954199412,C3,-0.008567927410019483
NTC_2121,-0.8452899999999994,0.9768938111896065,NTC,-0.0085819265256442
HLA-A,-0.0258133333333328,0.45979890865705686,HLA-A,-0.00871024634211168
NTC_1830,-0.0494233333333316,0.6639613833426178,NTC,-0.00879029463842229
NTC_229,-0.8729566666666653,0.9768938111896065,NTC,-0.008862816280098667
NTC_1627,-0.056956666666665434,0.6979353340271703,NTC,-0.008895766406790264
NTC_445,-0.9450899999999987,0.9768938111896065,NTC,-0.009595160170025756
NTC_616,-0.27402333333333306,0.9215547804133774,NTC,-0.009722031015361152
NTC_1575,-0.32148999999999806,0.9307588798636308,NTC,-0.01001853234071376
NTC_2031,-0.45248999999999917,0.9491936599797758,NTC,-0.010246713543724384
NTC_159,-1.0400233333333322,0.9768938111896065,NTC,-0.010558984291334606
NTC_576,-0.27035666666666547,0.9123611755558263,NTC,-0.010769172225564233
NTC_813,-0.05395666666666532,0.6306644718339689,NTC,-0.010802212836118114
NTC_1574,-0.1890233333333322,0.8757160386541859,NTC,-0.010894680430149519
NTC_58,-0.12332333333333168,0.8032950990515961,NTC,-0.011731117615468623
PDE4B,-0.26876999999999907,0.8968403155195318,PDE4B,-0.01270875644605291
NTC_1235,-0.1586233333333329,0.8302905990370602,NTC,-0.012811987494943415
CLEC3B,-0.04650666666666581,0.5263542018686631,CLEC3B,-0.012962426763701176
NTC_1935,-0.29715666666666607,0.9031792857890907,NTC,-0.013142060074805891
NTC_485,-0.05348999999999826,0.5585074320093395,NTC,-0.013531421111005417
NTC_561,-0.5992233333333319,0.9491936599797758,NTC,-0.01356951500670144
NTC_1549,-0.6021233333333322,0.9491936599797758,NTC,-0.013635186003357287
NTC_1708,-0.09182333333333226,0.7065275947893187,NTC,-0.013853466303909465
NTC_326,-0.2083566666666643,0.8574879249641165,NTC,-0.013912388621732677
NTC_69,-0.39595666666666496,0.9215547804133774,NTC,-0.014048084691348686
NTC_646,-0.1766233333333327,0.8302905990370602,NTC,-0.014265845323188394
NTC_1286,-0.1639233333333312,0.8122692537847673,NTC,-0.0148022746191607
NTC_463,-0.33552333333333184,0.9031792857890907,NTC,-0.014838865480046814
NTC_2144,-0.0986233333333324,0.7065275947893187,NTC,-0.014879388228619096
HADH,-0.03983333333333228,0.4152988234299345,HADH,-0.015201965421098458
FGFR2,-0.020123333333332383,0.16982722731256972,FGFR2,-0.01549481938106965
NTC_163,-0.09632333333333243,0.6893816201535008,NTC,-0.015560100130152198
NTC_344,-0.060856666666666115,0.550744248162836,NTC,-0.015764921314625247
NTC_915,-0.20882333333333225,0.8393354943478087,NTC,-0.015884023807132535
NTC_1692,-1.1598233333333328,0.9676556765001433,NTC,-0.016561292935953768
NTC_394,-0.04001333333333168,0.3817406796118916,NTC,-0.016734838727062724
NTC_1668,-0.07532333333333341,0.5981011005441429,NTC,-0.016814081096490442
NTC_1417,-0.16945666666666614,0.7943468037284551,NTC,-0.016943946278256232
NTC_585,-0.13745666666666612,0.750032142023777,NTC,-0.01717110396407988
NTC_1437,-0.2031233333333322,0.8212681347590176,NTC,-0.01737009743415331
NTC_1143,-1.2204233333333327,0.9676556765001433,NTC,-0.017426609508810094
NTC_2050,-0.6501233333333332,0.9399722491967025,NTC,-0.017478544940049974
NTC_806,-0.04517333333333262,0.40747109452396046,NTC,-0.017613226955894137
NTC_601,-0.06075666666666635,0.5127433681583857,NTC,-0.017625505846977963
NTC_2084,-1.2794566666666656,0.9676556765001433,NTC,-0.018269555411191025
NTC_1138,-0.8205233333333322,0.9491936599797758,NTC,-0.018580891406679814
NTC_904,-0.11195666666666604,0.680867423079235,NTC,-0.018689759846700855
NTC_506,-0.1484233333333318,0.7412621996065732,NTC,-0.019299210856633598
NTC_1282,-0.13288999999999795,0.7151574177881194,NTC,-0.019348565049366065
NTC_367,-0.4875566666666664,0.9123611755558263,NTC,-0.019420944109837742
NTC_2133,-0.2314899999999982,0.8212681347590176,NTC,-0.01979587371399383
NTC_1413,-0.16605666666666608,0.7588345142392072,NTC,-0.01990237708647547
NTC_379,-0.8830233333333322,0.9491936599797758,NTC,-0.019996214610469455
GOT2,-0.04592333333333265,0.36540396985569057,GOT2,-0.020078909261521116
NTC_599,-0.5056566666666669,0.9123611755558263,NTC,-0.020141925100193882
NRIP1,-0.058973333333331546,0.45069114617486594,NRIP1,-0.02041190754729162
NTC_1022,-0.48842333333333166,0.9031792857890907,NTC,-0.02160102568320953
NTC_1559,-0.34932333333333165,0.8665931130538335,NTC,-0.02172258998329193
NTC_1929,-0.2871566666666654,0.8393354943478087,NTC,-0.021842402651572262
NTC_1373,-0.3277566666666658,0.8574879249641165,NTC,-0.02188496386019359
ACOX1,-0.03635666666666637,0.24541202195135214,ACOX1,-0.02218135380931092
NTC_1892,-0.3614899999999981,0.8665931130538335,NTC,-0.022479171311373978
NTC_60,-0.30232333333333106,0.8393354943478087,NTC,-0.022996046215070093
NTC_873,-0.06653999999999982,0.44794822342977536,NTC,-0.023207300956278
G6PC2,-0.059473333333333045,0.40671429786251057,G6PC2,-0.023236859365505114
GRID1,-0.05318999999999896,0.36540396985569057,GRID1,-0.023256090229084047
NTC_1667,-0.37598999999999894,0.8665931130538335,NTC,-0.02338085042840334
PSTPIP2,-0.10198566666666498,0.5870819085357336,PSTPIP2,-0.023589417546176997
NTC_193,-0.32015666666666576,0.8393354943478087,NTC,-0.024352528207314986
NTC_2104,-0.12214333333333194,0.6306644718339689,NTC,-0.024453294925179555
NTC_950,-0.790123333333332,0.9307588798636308,NTC,-0.024622464674336972
NTC_2023,-1.7577566666666664,0.9676556765001433,NTC,-0.025099273510154407
NTC_675,-0.37728999999999946,0.8574879249641165,NTC,-0.02519240294571923
NTC_896,-0.7108899999999991,0.9215547804133774,NTC,-0.02522155520275678
NTC_721,-4.393256666666665,0.9861101461364247,NTC,-0.026687157003354292
KCNA4,-0.04032333333333327,0.21609013402971167,KCNA4,-0.02682973714841163
NTC_598,-0.35623999999999967,0.8393354943478087,NTC,-0.027097185696296315
RNASE4,-0.26155999999999935,0.7859797526732188,RNASE4,-0.027356205073927647
NTC_400,-0.22885666666666626,0.7588345142392072,NTC,-0.02742914072758594
PFN1,-0.053423333333332046,0.30498677972039956,PFN1,-0.027551427275813944
NTC_310,-0.5665233333333326,0.894010326913491,NTC,-0.027565589004047434
NTC_1680,-1.5043566666666663,0.9584218805484315,NTC,-0.027745271222686364
NTC_443,-0.22298999999999936,0.750032142023777,NTC,-0.027855938644543807
NTC_546,-0.39735666666666525,0.8484016595270711,NTC,-0.028370666248638293
SIRT3,-0.2904099999999987,0.7976037579447004,SIRT3,-0.0285219817148272
NTC_1723,-0.377323333333333,0.8393354943478087,NTC,-0.028700877023576377
NTC_48,-0.35555666666666497,0.8302905990370602,NTC,-0.028718269067668195
PKIG,-0.2331433333333326,0.7514025139428887,PKIG,-0.02893946559755017
NTC_854,-0.2423633333333317,0.7588345142392072,NTC,-0.02904795422407091
NTC_604,-0.22452333333333385,0.7412621996065732,NTC,-0.029194352767316138
NTC_1602,-0.6614566666666661,0.9031792857890907,NTC,-0.029253603318835853
NTC_240,-0.9524899999999983,0.9307588798636308,NTC,-0.029682266537704095
NTC_1555,-0.6738233333333321,0.9031792857890907,NTC,-0.029800531907319225
NTC_420,-0.1495233333333328,0.6306644718339689,NTC,-0.029934815666260616
NTC_1880,-0.1923900000000005,0.6979353340271703,NTC,-0.030048396424224622
NTC_1015,-1.6460566666666665,0.9584218805484315,NTC,-0.030358683998637986
NTC_104,-0.23489000000000004,0.7412621996065732,NTC,-0.03054231121419395
NTC_68,-0.30645666666666393,0.7943468037284551,NTC,-0.03064255540224707
NTC_393,-0.25842333333333123,0.7588345142392072,NTC,-0.030972792187068204
NTC_385,-0.1799900000000001,0.6723936976518882,NTC,-0.031026022090592416
NME1,-0.07425666666666508,0.38160361159,NME1,-0.031068062883337518
NTC_1366,-0.3107866666666661,0.7943468037284551,NTC,-0.0310755114424435
NTC_1936,-0.13235666666666646,0.5821109643863822,NTC,-0.031103051705755263
NTC_184,-0.36538999999999877,0.8212681347590176,NTC,-0.03124633589509801
ACP1,-0.0716566666666667,0.36540396985569057,ACP1,-0.03133021066958888
NTC_54,-0.3524233333333324,0.8122692537847673,NTC,-0.03182382188136771
NTC_213,-3.148556666666665,0.9768523221998656,NTC,-0.032024242972645
NTC_1593,-0.13748999999999967,0.5821109643863822,NTC,-0.03230935537077307
NTC_1772,-0.6857566666666663,0.894010326913491,NTC,-0.03336718069297335
SOAT1,-0.10232999999999848,0.4690087954199412,SOAT1,-0.03364804957914634
NTC_1971,-0.44275666666666513,0.8393354943478087,NTC,-0.03367802496895297
TRIM28,-0.048323333333332386,0.19975581100850925,TRIM28,-0.033802199595634
NTC_1691,-0.2328899999999985,0.7151574177881194,NTC,-0.033908400288561236
NTC_214,-0.36215666666666557,0.8032950990515961,NTC,-0.034450110429706
PROSC,-0.0906966666666662,0.4152988234299345,PROSC,-0.03461341231319471
TSSK6,-0.3401499999999995,0.7859797526732188,TSSK6,-0.035575826410370465
AKAP8,-0.056656666666665245,0.23336478380823789,AKAP8,-0.03580501228072918
NTC_1181,-0.8126566666666655,0.9031792857890907,NTC,-0.03594057926859517
NTC_1825,-0.6935566666666659,0.8848555095486732,NTC,-0.03684702934612107
NTC_1215,-0.48842333333333166,0.8393354943478087,NTC,-0.03715163306124336
NTC_74,-0.2989233333333319,0.750032142023777,NTC,-0.037341540126265005
NTC_774,-0.41995666666666587,0.8122692537847673,NTC,-0.03792208090050674
NTC_1035,-0.6107233333333335,0.8665931130538335,NTC,-0.03797768799649625
CGA,-0.05632333333333239,0.21054179072894286,CGA,-0.03811184178257319
RXRA,-0.3665699999999994,0.7859797526732188,RXRA,-0.03833905831912244
NTC_1768,-0.2661566666666655,0.7151574177881194,NTC,-0.03875197214480019
NTC_1577,-1.0937899999999985,0.9215547804133774,NTC,-0.0388064044581065
NTC_1707,-0.19518999999999842,0.6306644718339689,NTC,-0.03907735695586453
NTC_2075,-0.4911899999999978,0.8302905990370602,NTC,-0.039673357036425355
NTC_1371,-0.21748999999999885,0.6555714039429963,NTC,-0.039883315903152715
NTC_1775,-0.46902333333333246,0.8212681347590176,NTC,-0.040108543244127846
NTC_1060,-0.7570566666666654,0.8848555095486732,NTC,-0.040220634526392816
THNSL1,-0.12266333333333268,0.4690087954199412,THNSL1,-0.040334036172612074
NTC_25,-0.14228999999999914,0.5202327707516494,NTC,-0.0403822284122104
NTC_299,-0.6082566666666667,0.8574879249641165,NTC,-0.0406145061917536
NTC_483,-0.45118999999999865,0.8122692537847673,NTC,-0.04074245044687059
NTC_1670,-0.36305666666666614,0.7676682504406224,NTC,-0.041688497567451924
NTC_1858,-0.1820566666666652,0.5900810832560743,NTC,-0.041707053671226006
NTC_1551,-0.4424899999999994,0.8032950990515961,NTC,-0.042091809338612104
PDXDC1,-0.14365333333333297,0.5068492519277301,PDXDC1,-0.042395142703167805
NTC_800,-0.22482333333333138,0.647224667271662,NTC,-0.04247923102145636
CLK2,-0.05545666666666538,0.16982722731256972,CLK2,-0.04270122743794301
NTC_688,-1.594156666666665,0.9399722491967025,NTC,-0.04285885079212699
NTC_962,-0.2031233333333322,0.6142877296088447,NTC,-0.042986617209549646
NTC_832,-0.8213233333333321,0.8848555095486732,NTC,-0.043634970897817475
NTC_1842,-0.09576333333333142,0.34506459294936564,NTC,-0.04425219815678781
NTC_902,-0.23028999999999833,0.6389220648909971,NTC,-0.044803406204322306
NTC_961,-0.47328999999999866,0.8032950990515961,NTC,-0.045021655725263156
MGAM,-0.11523333333333241,0.40671429786251057,MGAM,-0.045022880185265624
STK25,-0.15778333333333183,0.5165540127114097,STK25,-0.04526555488766017
NTC_747,-0.432623333333332,0.785425490787854,NTC,-0.04538002797554908
NTC_2020,-0.5629566666666657,0.8302905990370602,NTC,-0.045469942044224484
DGKQ,-0.0660899999999991,0.19975581100850925,DGKQ,-0.04622999319739528
NTC_2147,-0.5418233333333315,0.8212681347590176,NTC,-0.04633403724550477
NTC_933,-0.5530899999999983,0.8212681347590176,NTC,-0.047297506555241696
NTC_587,-0.1708899999999982,0.5277781712518694,NTC,-0.04743027615863357
NTC_1308,-0.43312333333333175,0.7765322725844539,NTC,-0.04757447930921684
PPP2R3B,-0.4907799999999991,0.7976037579447004,PPP2R3B,-0.048200882152828514
NTC_1911,-0.38758999999999943,0.750032142023777,NTC,-0.04841779119798533
CA4,-0.11145666666666632,0.36540396985569057,CA4,-0.04873183486807646
NTC_1048,-0.571089999999999,0.8212681347590176,NTC,-0.04883677705008772
NTC_1633,-2.1846566666666662,0.9491025313604491,NTC,-0.0495630180567567
OXTR,-0.08785666666666714,0.26428960986296723,OXTR,-0.05077411690591953
NTC_274,-1.300656666666665,0.9123611755558263,NTC,-0.0518093221904213
NTC_619,-0.5463899999999997,0.8032950990515961,NTC,-0.051975284649425496
NTC_477,-0.11625333333333288,0.3570321997152752,NTC,-0.05199925739257487
NTC_666,-1.340256666666666,0.9123611755558263,NTC,-0.05338671706434965
NTC_843,-0.20898999999999823,0.550744248162836,NTC,-0.054138865731667846
KCNK1,-0.16543333333333354,0.4690087954199412,KCNK1,-0.05439762534978533
NTC_918,-0.6372899999999984,0.8212681347590176,NTC,-0.05449787187002115
NTC_2169,-0.17335666666666505,0.4833570855831263,NTC,-0.054734231591491364
EEF2K,-0.07955666666666605,0.2050972586205263,EEF2K,-0.05473818042749973
NTC_1010,-0.2278233333333315,0.5741914964924808,NTC,-0.05489249287604764
NTC_475,-3.8845899999999984,0.9675976153401901,NTC,-0.05556987817883075
NTC_2036,-0.24152333333333154,0.5821109643863822,NTC,-0.05675658743908873
NTC_1369,-0.21475666666666626,0.5430345404569434,NTC,-0.0569475719923557
NTC_685,-0.6381566666666645,0.8122692537847673,NTC,-0.0576255377313477
NTC_1865,-0.42378999999999856,0.7238238039627342,NTC,-0.0594861896710079
NTC_1470,-0.9574233333333328,0.8665931130538335,NTC,-0.059537146608500416
NTC_235,-0.4175233333333326,0.7151574177881194,NTC,-0.060790709418528564
NTC_519,-0.23495666666666537,0.550744248162836,NTC,-0.06086553150594259
NTC_899,-0.419789999999999,0.7151574177881194,NTC,-0.06112073235061695
TNFSF11,-0.295233333333333,0.6186153126655007,TNFSF11,-0.061579572056573245
NTC_415,-0.1691233333333324,0.4274305921475562,NTC,-0.06242923977827232
NTC_8,-0.5210233333333321,0.7588345142392072,NTC,-0.06244617008763524
NTC_516,-0.26008999999999904,0.5741914964924808,NTC,-0.06266692819932679
NTC_2011,-0.38045666666666555,0.680867423079235,NTC,-0.06351246373962847
NTC_182,-0.2244233333333323,0.5202327707516494,NTC,-0.0636918568254713
INPP4B,-0.22959999999999958,0.5263542018686631,INPP4B,-0.06399454956162212
NTC_2103,-3.471356666666664,0.9583472706250558,NTC,-0.06414056844810764
NTC_469,-0.7528899999999981,0.8212681347590176,NTC,-0.06438340904803186
NTC_628,-0.39242333333333335,0.680867423079235,NTC,-0.06551014849413654
ZFY,-0.6781566666666663,0.7976037579447004,ZFY,-0.06660367083246067
NTC_580,-0.29928999999999917,0.5900810832560743,NTC,-0.06856383960998204
ILK,-0.18464666666666663,0.4239894889394329,ILK,-0.06880764044559703
NTC_313,-0.1947566666666649,0.4410475733700263,NTC,-0.06923883125190033
NTC_1044,-0.14772333333333343,0.33917786296656005,NTC,-0.0693668150119035
NTC_1466,-0.9760899999999992,0.8484016595270711,NTC,-0.0696913527359134
NTC_1925,-0.6970899999999993,0.7943468037284551,NTC,-0.06970192287768552
NTC_1348,-0.4636566666666653,0.7065275947893187,NTC,-0.06995228527516288
GRM7,-0.10372333333333295,0.21054179072894286,GRM7,-0.07018560577311624
NTC_1434,-0.9900233333333333,0.8484016595270711,NTC,-0.07068617170559903
NTC_715,-0.3367566666666644,0.6142877296088447,NTC,-0.07126719360699028
NTC_1360,-0.835189999999999,0.8212681347590176,NTC,-0.07142129581057764
NTC_2090,-2.7047566666666656,0.9398646385893844,NTC,-0.07285178223583795
SLC1A6,-0.587063333333333,0.7514025139428887,SLC1A6,-0.07287061952697128
NTC_521,-0.9123899999999994,0.8302905990370602,NTC,-0.07369363021735839
NTC_1328,-0.4436533333333319,0.680867423079235,NTC,-0.07406235378439584
NTC_1642,-0.4586233333333327,0.6893816201535008,NTC,-0.07408615069409516
NTC_350,-0.8241566666666653,0.8122692537847673,NTC,-0.07442133502986492
NTC_1650,-0.9850233333333316,0.8393354943478087,NTC,-0.07492521945463197
NTC_1611,-0.6007233333333328,0.750032142023777,NTC,-0.07504243381173688
NTC_1545,-0.5355899999999991,0.7238238039627342,NTC,-0.0751792357674678
NTC_548,-0.30142333333333227,0.5585074320093395,NTC,-0.0762513751358461
NTC_237,-0.21866999999999948,0.4410475733700263,NTC,-0.07774036950307125
TIE1,-0.16452333333333247,0.33431596373116357,TIE1,-0.07828725761010817
NTC_2066,-0.23808999999999791,0.461931918969847,NTC,-0.0798606305184748
NTC_868,-0.5719233333333316,0.7238238039627342,NTC,-0.0802792418035861
ADC,-0.1841899999999983,0.36540396985569057,ADC,-0.08053279299295046
SBF2,-0.20247333333333195,0.39823654536444764,SBF2,-0.08096076194694835
CDC42BPG,-0.3410275666666651,0.5767386637792825,CDC42BPG,-0.08151272719714858
NTC_370,-1.550089999999999,0.8848555095486732,NTC,-0.08235262447066882
NTC_835,-0.1546379999999994,0.28911773582655387,NTC,-0.08333832526341864
AK3,-0.13762333333333387,0.24541202195135214,AK3,-0.08396456905886412
PON1,-0.2698299999999989,0.48773098896122524,PON1,-0.08413829609625707
NTC_1065,-1.1115566666666652,0.8393354943478087,NTC,-0.08454990289867169
NTC_1873,-0.37915666666666503,0.5981011005441429,NTC,-0.08463739799453415
NTC_201,-0.528789999999999,0.6893816201535008,NTC,-0.08542089505301494
NTC_1620,-0.19580333333333133,0.3631128672481426,NTC,-0.0861453136465996
MAP3K5,-0.18312333333333175,0.33431596373116357,MAP3K5,-0.08713793527415561
NTC_155,-0.9657566666666657,0.8122692537847673,NTC,-0.08720781297325221
NTC_331,-0.2763233333333339,0.4833570855831263,NTC,-0.08724409399196092
NTC_1385,-0.8734566666666659,0.7943468037284551,NTC,-0.08733679900299857
NTC_216,-0.5537233333333313,0.6893816201535008,NTC,-0.08944863319100625
NTC_565,-0.18855666666666515,0.3333559574385484,NTC,-0.08995883557017419
PPP1R16B,-0.1319566666666656,0.2050972586205263,PPP1R16B,-0.09079148399813261
NTC_1273,-1.2744566666666666,0.8484016595270711,NTC,-0.09099428239537659
NTC_900,-0.7067899999999989,0.7412621996065732,NTC,-0.09190259331210399
NTC_932,-0.5104566666666663,0.6555714039429963,NTC,-0.09360754283662276
NMNAT3,-0.21595666666666524,0.36540396985569057,NMNAT3,-0.09442202905757272
NTC_958,-0.5857233333333323,0.6893816201535008,NTC,-0.09461792277987247
NTC_1347,-0.5359899999999991,0.6639613833426178,NTC,-0.09532966931776057
NTC_61,-1.3380233333333322,0.8484016595270711,NTC,-0.09553284645085593
NTC_1833,-0.7383566666666663,0.7412621996065732,NTC,-0.09600714845420487
NTC_1087,-1.6756233333333324,0.8757160386541859,NTC,-0.09657739293897756
NTC_236,-1.3582233333333322,0.8484016595270711,NTC,-0.09697509596193118
BAG1,-0.16212333333333184,0.25159652057498083,BAG1,-0.09715976290765406
NTC_2045,-0.5648566666666657,0.6723936976518882,NTC,-0.09736793943007031
HCN2,-0.21908999999999867,0.35746762589158765,HCN2,-0.09788136789724415
NTC_1272,-0.9846566666666661,0.7943468037284551,NTC,-0.09845567005838403
NTC_1639,-0.8055899999999996,0.750032142023777,NTC,-0.1006344033932378
TRPV1,-0.47077999999999953,0.6080219512534561,TRPV1,-0.10172649135485129
NTC_1171,-1.5252899999999991,0.8574879249641165,NTC,-0.10184664393192537
NTC_827,-0.5603233333333328,0.6555714039429963,NTC,-0.1027520921018942
NTC_1675,-1.2051566666666655,0.8212681347590176,NTC,-0.10305900548149491
NTC_1296,-0.28462333333333323,0.43420824131360414,NTC,-0.10311958522482226
NTC_454,-0.6430233333333328,0.6893816201535008,NTC,-0.10387418194993585
NTC_1390,-0.44215666666666564,0.5821109643863822,NTC,-0.10390426120364962
NTC_232,-0.2402266666666657,0.36925794042022075,NTC,-0.10393890957448158
NTC_1885,-0.9464899999999989,0.7765322725844539,NTC,-0.1039629256979477
NTC_901,-0.4022566666666645,0.550744248162836,NTC,-0.10420460149449735
NTC_1985,-0.5205899999999986,0.6306644718339689,NTC,-0.10422296868514587
GRIN2C,-0.24005666666666592,0.36540396985569057,GRIN2C,-0.10495919345916986
NTC_1901,-0.31978999999999935,0.4690141355834663,NTC,-0.10515145077929144
NTC_1779,-0.9176199999999994,0.7676682504406224,NTC,-0.10536702022047596
MARK4,-0.2706833333333316,0.40671429786251057,MARK4,-0.10575883672098643
NTC_1452,-1.1127566666666642,0.8032950990515961,NTC,-0.10585084737192442
NTC_849,-0.8174566666666658,0.7412621996065732,NTC,-0.10629237480289033
NTC_429,-0.4137566666666652,0.550744248162836,NTC,-0.10718367683740479
UQCRC1,-0.15368999999999922,0.19975581100850925,UQCRC1,-0.10750624382671722
NTC_2063,-1.0933566666666659,0.7943468037284551,NTC,-0.10932456649471853
BBOX1,-0.17652333333333292,0.2393349454108844,BBOX1,-0.10961991059685806
NTC_1123,-2.0872899999999985,0.8848555095486732,NTC,-0.11089279301936167
NTC_1720,-0.29523666666666504,0.42071497098584576,NTC,-0.11101253939719397
NTC_395,-0.7360566666666664,0.7065275947893187,NTC,-0.1110495106120598
NTC_321,-1.0747233333333321,0.785425490787854,NTC,-0.1127331125597528
PTPRS,-1.326156666666666,0.8209844426252546,PTPRS,-0.11360530704232964
S100A7,-0.8775266666666655,0.7399830115754678,S100A7,-0.1147614023438084
NTC_12,-0.34339999999999904,0.461931918969847,NTC,-0.1151839242305196
DGKH,-0.2777900000000004,0.38160361159,DGKH,-0.1162238702028441
NTC_1630,-0.8282899999999991,0.7238238039627342,NTC,-0.11626469723825301
NTC_1862,-0.5838899999999985,0.622452746341265,NTC,-0.12021922143591898
NTC_1079,-1.2112566666666655,0.7943468037284551,NTC,-0.12111336952916042
NTC_2150,-0.9724566666666661,0.750032142023777,NTC,-0.12147940822971576
SMPD4,-1.1765299999999979,0.7859797526732188,SMPD4,-0.12305167439833352
NTC_706,-3.089323333333332,0.9122044052409962,NTC,-0.12328820518078944
NTC_1030,-0.5184433333333338,0.5741914964924808,NTC,-0.12491541829912643
NTC_203,-3.5194566666666676,0.9214143423882653,NTC,-0.12509919972157937
NTC_1361,-0.47115666666666645,0.5353789681150926,NTC,-0.1278430344543473
NTC_99,-1.3446566666666664,0.8032950990515961,NTC,-0.12791030766622316
NTC_1887,-1.0366566666666657,0.750032142023777,NTC,-0.1294992802463071
NTC_1156,-1.3691566666666652,0.8032950990515961,NTC,-0.13024086729196827
SLC3A1,-0.37728999999999946,0.45069114617486594,SLC3A1,-0.13058798211368775
NTC_1295,-4.187556666666665,0.9306348305921256,NTC,-0.13073843906878302
SRPK3,-0.5490413333333333,0.5767386637792825,SRPK3,-0.13123237180325378
SLC2A2,-0.3371899999999979,0.40671429786251057,SLC2A2,-0.13174369369108832
SHMT1,-0.17968999999999902,0.18434222440156023,SHMT1,-0.13195987543205254
NTC_1756,-1.1559899999999992,0.7676682504406224,NTC,-0.13273819413773458
ULK3,-0.4770299999999992,0.5263542018686631,ULK3,-0.1329587107028772
NTC_1399,-0.3235366666666657,0.388077986170812,NTC,-0.13299977389262493
KCNMB1,-0.17665666666666624,0.1745671803116513,KCNMB1,-0.13391236081414123
NTC_2007,-0.9585566666666665,0.7238238039627342,NTC,-0.13454985649435477
NTC_1357,-0.4557566666666668,0.5053105455765465,NTC,-0.1351052528690635
NTC_2161,-0.9625899999999987,0.7238238039627342,NTC,-0.13511600395340997
MTMR11,-0.42312333333333285,0.478319832501897,MTMR11,-0.13551862313483534
NTC_758,-0.7180233333333321,0.647224667271662,NTC,-0.13566687497796662
NTC_1997,-0.5145566666666657,0.5430345404569434,NTC,-0.13644630117410358
CLK3,-0.5548199999999994,0.5664821409997518,CLK3,-0.1369372198756519
CHRNA7,-0.2715233333333327,0.31215391059541464,CHRNA7,-0.13729067427904643
SLC25A4,-0.20382333333333236,0.21054179072894286,SLC25A4,-0.13791944069829143
NTC_1676,-1.3192866666666667,0.785425490787854,NTC,-0.1383865853462267
NTC_1005,-0.803423333333332,0.6723936976518882,NTC,-0.13849119444467659
MAP3K14,-1.1164533333333324,0.7514025139428887,MAP3K14,-0.13858240066026745
NTC_1009,-1.271023333333332,0.7765322725844539,NTC,-0.13960982616159828
NTC_1294,-1.4020566666666667,0.7943468037284551,NTC,-0.14019143245512766
NCOA5,-0.35928333333333207,0.40671429786251057,NCOA5,-0.14037579232770833
PFKP,-0.41734000000000027,0.45979890865705686,PFKP,-0.1408238975368143
PTPN14,-0.3607099999999983,0.40671429786251057,PTPN14,-0.14093320605982543
NTC_1313,-0.51119,0.5277781712518694,NTC,-0.1418800565833703
PCCB,-0.1875566666666657,0.1745671803116513,PCCB,-0.14217496850631667
NTC_1594,-0.34807966666666523,0.388077986170812,NTC,-0.143088934680109
NTC_378,-1.519756666666666,0.8032950990515961,NTC,-0.1445666746241001
NTC_2153,-2.324956666666666,0.8663557547247301,NTC,-0.14485348516164354
PTPN2,-0.3799233333333323,0.4152988234299345,PTPN2,-0.1449936747113456
NTC_458,-0.5877933333333321,0.566323413796696,NTC,-0.1451470305208561
NTC_1853,-0.8826233333333322,0.680867423079235,NTC,-0.14734288386960434
PTGDR,-0.37306333333333175,0.4024614641813077,PTGDR,-0.14746286916298235
ACCS,-0.5619133333333313,0.5462355558493315,ACCS,-0.14756969867895076
NTC_1983,-1.4189566666666664,0.785425490787854,NTC,-0.1488414707854224
SEC14L2,-0.22072333333333294,0.21054179072894286,SEC14L2,-0.14935502321812666
NTC_279,-1.1063899999999993,0.7325257401844074,NTC,-0.14955860279287042
NTC_50,-3.3909233333333324,0.903006246163906,NTC,-0.15024925488119925
INPP5K,-0.5241133333333323,0.5165540127114097,INPP5K,-0.15035986600203682
NTC_1548,-0.674293333333333,0.5981011005441429,NTC,-0.15051939801065864
NTC_1916,-0.9353899999999991,0.6893816201535008,NTC,-0.15110318089154431
NTC_2040,-2.26429,0.8574879249641165,NTC,-0.15119114226712257
NTC_1063,-0.3961199999999998,0.4140617032106729,NTC,-0.1516881867572306
NTC_629,-1.00629,0.7065275947893187,NTC,-0.15181984906118146
NTC_703,-1.388356666666665,0.7765322725844539,NTC,-0.15249777702766748
NTC_2114,-2.015156666666665,0.8393354943478087,NTC,-0.1532817044795536
PRKX,-0.3939599999999981,0.40671429786251057,PRKX,-0.15392433217634338
RAMP3,-0.6255706666666656,0.5664821409997518,RAMP3,-0.1543994591562875
GSK3A,-0.6904000333333311,0.5975102351797649,GSK3A,-0.15441117848871203
NTC_1438,-0.4620233333333328,0.461931918969847,NTC,-0.15497280320151094
NTC_780,-3.5174233333333325,0.903006246163906,NTC,-0.1558543744530971
NTC_1638,-1.1110233333333328,0.7238238039627342,NTC,-0.15595116622757094
TGM2,-0.3906233333333313,0.39823654536444764,TGM2,-0.15619421175261025
RAB8B,-0.45222333333333253,0.45069114617486594,RAB8B,-0.15652398039896515
NTC_1136,-0.5083399999999987,0.4906168711511032,NTC,-0.15720796848703092
NTC_264,-5.0380899999999995,0.9306348305921256,NTC,-0.1572926828026316
NTC_227,-0.8123133333333321,0.6389220648909971,NTC,-0.15803727577628474
NTC_192,-0.4083066666666655,0.40747109452396046,NTC,-0.1592000735154525
NTC_1821,-0.8205599999999986,0.6389220648909971,NTC,-0.15964168220512795
SHARPIN,-0.24025666666666456,0.21609013402971167,SHARPIN,-0.15985839170422841
NTC_1217,-0.48682333333333183,0.4690141355834663,NTC,-0.16007436059042038
NTC_712,-0.6414566666666666,0.5585074320093395,NTC,-0.16226996225703458
EPN1,-0.2869233333333341,0.2707990089579375,EPN1,-0.16278679367120993
FGFR4,-0.27498999999999896,0.25159652057498083,FGFR4,-0.1648002335792253
NTC_532,-0.31620666666666697,0.29978788893217945,NTC,-0.16543487457841616
KARS,-0.43410666666666575,0.4152988234299345,KARS,-0.16567216407703286
NTC_336,-0.8287899999999988,0.6306644718339689,NTC,-0.16592511230826978
CDC25A,-0.43490666666666655,0.4152988234299345,CDC25A,-0.16597747551645273
ACVR2B,-0.2820900000000002,0.2578889080750859,ACVR2B,-0.16602896000212586
NTC_1736,-0.833456666666665,0.6306644718339689,NTC,-0.16685938660063798
CHRNB2,-0.7032746666666663,0.5767386637792825,CHRNB2,-0.16809736705155653
NTC_1978,-0.9795566666666655,0.6723936976518882,NTC,-0.1688524183509474
NTC_879,-4.824789999999999,0.9214143423882653,NTC,-0.17149731478192526
NTC_372,-0.4052233333333328,0.3754672679437766,NTC,-0.17239331879706488
NTC_147,-1.0679233333333311,0.6893816201535008,NTC,-0.1725126552720977
NTC_1904,-0.684123333333333,0.5585074320093395,NTC,-0.17306339344173413
NTC_639,-0.9177266666666668,0.647224667271662,NTC,-0.1733998091296192
NTC_1739,-0.7623233333333319,0.5900810832560743,NTC,-0.17463936234960603
NTC_37,-0.42011999999999894,0.3817406796118916,NTC,-0.17570744200301228
TNNC2,-1.0267399999999984,0.672742245983283,TNNC2,-0.17675462494762903
NTC_680,-2.8403899999999984,0.8663557547247301,NTC,-0.17696690721903657
INPP5E,-0.5696566666666669,0.48773098896122524,INPP5E,-0.177630142286651
PLOD2,-0.23465666666666607,0.1745671803116513,PLOD2,-0.17787853018535196
ERBB2,-0.771507933333333,0.5870819085357336,ERBB2,-0.17845078994357094
NTC_473,-4.478456666666664,0.9122044052409962,NTC,-0.17872550874029833
MAN2A1,-0.6446199999999997,0.5263542018686631,MAN2A1,-0.17966971488855799
PANX1,-0.3437899999999994,0.2979297003793875,PANX1,-0.18079441674913846
GATM,-0.35282333333333327,0.30498677972039956,GATM,-0.18195769157441496
NTC_1271,-0.5656066666666657,0.47615601245736017,NTC,-0.18226715977289226
ADORA2A,-0.6554000000000002,0.5263542018686631,ADORA2A,-0.18267433703260988
NTC_381,-2.0254899999999987,0.8122692537847673,NTC,-0.18290171758157783
NTC_1425,-3.78339,0.8938210874306238,NTC,-0.18443800564470836
NTC_822,-0.8493566666666661,0.6061702455460161,NTC,-0.18465471329799443
SAR1B,-0.496223333333333,0.4239894889394329,SAR1B,-0.1849150992926073
NTC_1069,-0.5217566666666658,0.4410475733700263,NTC,-0.1854920933706383
NTC_834,-3.4851899999999985,0.8846501460876467,NTC,-0.18551124923470344
NTC_353,-0.6584899999999978,0.5202327707516494,NTC,-0.18688097257120315
NTC_143,-1.1624899999999991,0.6893816201535008,NTC,-0.18778898294252813
CD3E,-0.41853999999999925,0.35439465934712744,CD3E,-0.18855764048012325
NTC_939,-4.766423333333333,0.9122044052409962,NTC,-0.1902176348969092
NTC_1312,-0.7611899999999991,0.5585074320093395,NTC,-0.1925590285190977
ERN1,-0.6176633333333328,0.48773098896122524,ERN1,-0.19259956427306563
NTC_980,-2.3899566666666656,0.8302905990370602,NTC,-0.1930365116110916
NTC_1679,-1.1977233333333324,0.6893816201535008,NTC,-0.19348058616693586
CSNK1G2,-0.3381899999999991,0.26428960986296723,CSNK1G2,-0.195446734413015
PTGR1,-0.4484233333333325,0.36540396985569057,PTGR1,-0.19606267157034812
TOP1MT,-0.3563233333333331,0.2774174449988791,TOP1MT,-0.1984244321556937
NTC_1320,-0.7575233333333315,0.5430345404569434,NTC,-0.20087439067885782
NTC_2130,-0.7427700000000002,0.5353789681150926,NTC,-0.20154224150846275
NTC_1327,-1.039489999999998,0.6389220648909971,NTC,-0.20223497640076096
MAP3K2,-0.42995666666666565,0.33431596373116357,MAP3K2,-0.2045918207621017
NTC_626,-0.5652233333333321,0.43420824131360414,NTC,-0.20478150898634925
NTC_815,-1.1231066666666667,0.6555714039429963,NTC,-0.205955299000431
NTC_709,-1.4202233333333334,0.7151574177881194,NTC,-0.2067821773619379
CLPP,-1.0678699999999974,0.6400397417545671,CLPP,-0.20694579358305862
HIBADH,-0.9972509999999994,0.6186153126655007,HIBADH,-0.20800594946253728
MTR,-0.33572333333333226,0.2393349454108844,MTR,-0.20848213712226418
OPLAH,-0.7486899999999999,0.5263542018686631,OPLAH,-0.20867630362060516
NTC_801,-3.354823333333333,0.8663557547247301,NTC,-0.20901802554095011
BEGAIN,-0.6706699999999985,0.48773098896122524,BEGAIN,-0.20912808450830836
NTC_1391,-0.8969566666666662,0.5821109643863822,NTC,-0.21077963266795718
NTC_215,-0.35410666666666657,0.2538048177341209,NTC,-0.21087056899641934
PPM1G,-1.179759999999999,0.661768568312119,PPM1G,-0.2115237291722653
FPGS,-0.357289999999999,0.25159652057498083,FPGS,-0.2141222424652586
JAKMIP1,-0.4924900000000001,0.36540396985569057,JAKMIP1,-0.21532979652043296
NTC_11,-0.716713333333332,0.49793486558318234,NTC,-0.2170404805748315
NTC_1239,-3.04019,0.8481326856230839,NTC,-0.21748363830102566
NTC_908,-2.4088899999999986,0.8119383827344441,NTC,-0.21794896641934172
NTC_1175,-1.6152233333333328,0.7325257401844074,NTC,-0.21834122229211778
PKIB,-0.5010566666666669,0.36540396985569057,PKIB,-0.21907537224824825
NTC_1115,-2.713689999999999,0.829990438166855,NTC,-0.21961054869685448
CAMK1D,-0.7051199999999982,0.48773098896122524,CAMK1D,-0.21987027144273388
GPD1,-0.8404066666666665,0.5462355558493315,GPD1,-0.22070762733478802
SLC9A1,-0.5657266666666647,0.40671429786251057,SLC9A1,-0.22103538268102246
GABRE,-0.43818999999999964,0.3083413124433254,GABRE,-0.22390119208943732
NTC_634,-0.8107566666666663,0.5277781712518694,NTC,-0.2250243583442777
GCH1,-0.7224299999999992,0.48773098896122524,GCH1,-0.22526786958017708
PLCL1,-0.6093500000000001,0.4239894889394329,PLCL1,-0.22707117578902714
NTC_1984,-0.7840899999999991,0.5127433681583857,NTC,-0.2274644683089429
NTC_1864,-3.687056666666666,0.8663557547247301,NTC,-0.22971740325847173
MKNK2,-0.3132899999999994,0.18434222440156023,MKNK2,-0.23007239898774495
PRKAA2,-0.4866900000000003,0.33431596373116357,PRKAA2,-0.23158797378039855
TEC,-0.9481823333333326,0.5664821409997518,TEC,-0.23402446318062683
TF,-0.4379899999999992,0.29098256380410037,TF,-0.2348209075340229
NTC_1919,-0.9199566666666659,0.550744248162836,NTC,-0.2383148019312874
BRAF,-0.8567066666666658,0.5263542018686631,BRAF,-0.2387829148073699
NTC_1429,-0.7272966666666658,0.4690141355834663,NTC,-0.23914537554940055
NTC_117,-4.516756666666665,0.8846501460876467,NTC,-0.2404199402966577
KCNMB4,-0.8668366666666651,0.5263542018686631,KCNMB4,-0.24160636771267996
NTC_1071,-0.943323333333332,0.550744248162836,NTC,-0.24436793762803502
NTC_1226,-0.9923566666666659,0.566323413796696,NTC,-0.24504807253837838
DNPEP,-0.5534566666666665,0.35746762589158765,DNPEP,-0.24726411796605383
NTC_1220,-0.7372199999999989,0.461931918969847,NTC,-0.24727982708568366
AKAP1,-0.9438066666666654,0.5462355558493315,AKAP1,-0.24786253884558457
MGST1,-0.32368999999999915,0.16982722731256972,MGST1,-0.24923893086592638
NTC_495,-0.6509899999999984,0.4140617032106729,NTC,-0.2492868138369417
NTC_657,-0.716689999999998,0.44794822342977536,NTC,-0.24996153475135077
NTC_230,-2.3898233333333314,0.7850495506945453,NTC,-0.2511774360102117
DAPK1,-0.9058233333333323,0.5263542018686631,DAPK1,-0.25247280574509495
NTC_2116,-0.6366233333333327,0.400943431008876,NTC,-0.2526865583674382
NTC_931,-0.7854399999999995,0.47615601245736017,NTC,-0.25310861135303797
NTC_1609,-0.8213033333333328,0.4906168711511032,NTC,-0.25399423327882986
UAP1,-0.793476666666665,0.478319832501897,UAP1,-0.2541359856218878
TUBB,-0.37752333333333254,0.21054179072894286,TUBB,-0.25545557582819167
NTC_318,-1.8953899999999981,0.7325257401844074,NTC,-0.25621334262563705
NTC_424,-3.5818233333333316,0.8481326856230839,NTC,-0.25623002848007537
PLOD3,-0.8999066666666646,0.5165540127114097,PLOD3,-0.25816905850071786
CKS2,-0.6621866666666651,0.40671429786251057,CKS2,-0.25872332328852127
NTC_479,-0.9757899999999982,0.5430345404569434,NTC,-0.25875271830639685
NTC_1258,-1.258189999999999,0.622452746341265,NTC,-0.2590532843831187
CACNA1D,-1.0852515399999998,0.5767386637792825,CACNA1D,-0.2593978357379294
NTC_1812,-0.5713799999999987,0.3510160703265972,NTC,-0.25979105878248304
NTC_745,-4.191389999999999,0.8663557547247301,NTC,-0.26113925385204073
AVPR2,-0.6697299999999995,0.40671429786251057,AVPR2,-0.26167058327866505
NTC_315,-1.0863566666666653,0.5741914964924808,NTC,-0.26175029885370504
NTC_2047,-1.1757233333333321,0.5981011005441429,NTC,-0.26245130955926926
EPHB1,-0.4643566666666654,0.2707990089579375,EPHB1,-0.2634541151057207
NTC_718,-0.9514899999999997,0.5277781712518694,NTC,-0.264084694611614
NTC_334,-3.738089999999999,0.8481326856230839,NTC,-0.2674087519190185
NTC_387,-1.5258233333333324,0.6639613833426178,NTC,-0.27137863356404035
NTC_107,-0.8962463333333321,0.49793486558318234,NTC,-0.2714080035254877
SERPINB6,-0.7653833333333333,0.44168642491912913,SERPINB6,-0.27162379016138793
NTC_1735,-1.0781233333333322,0.5585074320093395,NTC,-0.27273398453794456
NTC_1268,-1.4041233333333318,0.6389220648909971,NTC,-0.2731751620317894
NTC_994,-1.259456666666666,0.6061702455460161,NTC,-0.2738126617729275
NTC_1267,-0.8184866666666659,0.461931918969847,NTC,-0.274538457184112
CRAT,-0.5376899999999987,0.3083413124433254,CRAT,-0.27474253628464673
SCN1A,-0.45148999999999795,0.24541202195135214,SCN1A,-0.27545593008249264
GSR,-0.7511566666666667,0.4239894889394329,GSR,-0.27991470829862364
PGD,-0.4146566666666658,0.21054179072894286,PGD,-0.28058227982640854
NTC_1988,-3.683823333333332,0.8390508703453938,NTC,-0.28075046737883264
NTC_1397,-3.1046233333333335,0.8119383827344441,NTC,-0.28089678093286613
GLA,-0.8121733333333321,0.45069114617486594,GLA,-0.28111022483115766
NTC_1866,-1.6310899999999986,0.6723936976518882,NTC,-0.281161366585612
RIPK2,-0.8137233333333329,0.45069114617486594,RIPK2,-0.2816467123401728
NTC_1778,-1.7486566666666645,0.6893816201535008,NTC,-0.282478521921913
SERPINA1,-0.3732900000000008,0.1745671803116513,SERPINA1,-0.28296778214791973
NTC_199,-3.51119,0.829990438166855,NTC,-0.284149760097472
MADD,-0.46322333333333265,0.2393349454108844,MADD,-0.28765885748651904
TSSK2,-0.4834566666666662,0.25159652057498083,TSSK2,-0.289733341547331
NTC_440,-4.6630899999999995,0.8663557547247301,NTC,-0.2905279258777906
NTC_1920,-3.816323333333332,0.8390508703453938,NTC,-0.29084851865916783
NTC_1392,-1.2378233333333322,0.5821109643863822,NTC,-0.290881329281414
NTC_1592,-2.004089999999999,0.7151574177881194,NTC,-0.2917922020451848
NTC_1095,-0.6126233333333326,0.3333559574385484,NTC,-0.29227755604744315
NTC_1571,-4.378689999999998,0.8572347083285138,NTC,-0.29293546990490577
PPP1R3G,-0.37508999999999837,0.16518442014727497,PPP1R3G,-0.29333197659788113
ADRB3,-0.5394900000000007,0.28414521327883113,ADRB3,-0.2948095196531287
WNK4,-0.8781899999999982,0.45979890865705686,WNK4,-0.2963294641727479
NTC_1737,-3.4889899999999985,0.8209525562372738,NTC,-0.2989434336452735
NTC_1657,-3.709089999999999,0.829990438166855,NTC,-0.3001651957541267
CHRNE,-1.0773966666666652,0.5263542018686631,CHRNE,-0.3002940521887043
NTC_872,-2.5310233333333327,0.7584148355010288,NTC,-0.3039586414313555
PTPRJ,-0.6060566666666656,0.31215391059541464,PTPRJ,-0.30644117172733343
NTC_64,-1.6246566666666666,0.647224667271662,NTC,-0.3069706549166745
NTC_1528,-3.7980566666666666,0.829990438166855,NTC,-0.30736499325582994
NTC_1349,-4.310956666666667,0.8481326856230839,NTC,-0.3083894560618674
MAP3K7,-0.4083233333333336,0.1745671803116513,MAP3K7,-0.309524359164668
NTC_1622,-3.8268899999999997,0.829990438166855,NTC,-0.30969838585192333
NTC_1671,-3.8329566666666652,0.829990438166855,NTC,-0.31018934244439605
NTC_518,-0.6715166666666654,0.34506459294936564,NTC,-0.31030758396309827
HS3ST3A1,-0.5384233333333315,0.26428960986296723,HS3ST3A1,-0.3111655644216865
PIK3R4,-1.4171733333333325,0.5975102351797649,PIK3R4,-0.3169574072386008
NTC_1910,-1.1977566666666668,0.5430345404569434,NTC,-0.31761218435279054
NTC_885,-0.9754233333333326,0.4690141355834663,NTC,-0.32073291417484134
NTC_1047,-1.082023333333332,0.5053105455765465,NTC,-0.32075676946080894
NTC_1204,-1.017619999999999,0.4833570855831263,NTC,-0.3212951069209947
NTC_630,-0.872726666666666,0.4274305921475562,NTC,-0.3221534324116085
CTSF,-0.4855899999999993,0.21609013402971167,CTSF,-0.32309462003547673
NTC_1516,-1.2205233333333334,0.5430345404569434,NTC,-0.3236492793084425
NTC_2167,-3.7895899999999996,0.8209525562372738,NTC,-0.32469942496475834
NTC_1101,-4.862623333333331,0.8572347083285138,NTC,-0.3253107324612063
PPP2R5A,-0.5381233333333331,0.24541202195135214,PPP2R5A,-0.3283112876972361
QPCT,-0.6131899999999995,0.2866519069154311,QPCT,-0.33274458859805356
NTC_750,-3.9421566666666648,0.8209525562372738,NTC,-0.3377716330230064
CD1A,-0.5483233333333333,0.2393349454108844,CD1A,-0.3405054371178768
NTC_171,-3.588689999999999,0.8029490664196918,NTC,-0.3420452302881562
NTC_859,-5.117756666666664,0.8572347083285138,NTC,-0.34237921707381985
NTC_369,-1.813323333333332,0.647224667271662,NTC,-0.34261826675729656
CDKL4,-0.6821899999999994,0.31215391059541464,CDKL4,-0.34493656193975775
FADS1,-0.6328233333333317,0.28414521327883113,FADS1,-0.3458124208517137
CHKA,-0.8868499999999999,0.40671429786251057,CHKA,-0.34650166004312816
NTC_1533,-0.9781033333333315,0.4410475733700263,NTC,-0.3477299791718985
NTC_277,-3.3240899999999973,0.7850495506945453,NTC,-0.3493716006624693
NTC_1184,-1.5676899999999998,0.5981011005441429,NTC,-0.3499482249080463
STK31,-1.0686899999999984,0.4690087954199412,STK31,-0.3514055907821595
NTC_200,-4.647623333333333,0.8390508703453938,NTC,-0.354203311333452
NTC_287,-3.5674899999999985,0.7939857461996502,NTC,-0.35741716964858544
NTC_1603,-1.290823333333333,0.5277781712518694,NTC,-0.35826617807951633
SNX3,-0.9656566666666659,0.4239894889394329,SNX3,-0.3598470414515672
CBR1,-0.5363566666666646,0.21054179072894286,CBR1,-0.36293200720296986
SCNN1G,-0.9519700000000002,0.4152988234299345,SCNN1G,-0.3633091637302967
ALPI,-1.3041599999999995,0.5263542018686631,ALPI,-0.3634979606109984
COL2A1,-0.8323566666666657,0.36540396985569057,COL2A1,-0.36392859076480527
NTC_1755,-4.509356666666666,0.829990438166855,NTC,-0.36492830494142137
NTC_1500,-3.1895566666666655,0.7672629943354708,NTC,-0.366976826922941
NTC_391,-3.6753899999999993,0.7939857461996502,NTC,-0.3682273786765246
NTC_134,-0.9460133333333314,0.40747109452396046,NTC,-0.3688536203505496
NTC_404,-1.9611566666666649,0.647224667271662,NTC,-0.3705506269186321
NTC_206,-1.1989233333333313,0.4906168711511032,NTC,-0.3707760585533952
NTC_217,-2.024356666666665,0.6555714039429963,NTC,-0.3712265227703354
ASNA1,-1.394963333333333,0.5412300324593127,ASNA1,-0.3719224912498456
HTR6,-1.1385499999999995,0.4690087954199412,HTR6,-0.3743768870159056
NTC_408,-2.770389999999998,0.7320637977509491,NTC,-0.3752522883844168
NTC_418,-4.192756666666665,0.8119383827344441,NTC,-0.3793477418843553
NTC_553,-0.8386733333333334,0.3510160703265972,NTC,-0.38132212054902437
ILKAP,-1.292986666666665,0.5068492519277301,ILKAP,-0.38158776392212734
ENPP3,-0.9932766666666666,0.40671429786251057,ENPP3,-0.38808368256424974
NTC_1883,-0.9956299999999993,0.40747109452396046,NTC,-0.3881993171656688
NTC_90,-3.235889999999997,0.7584148355010288,NTC,-0.38860832109593674
NTC_887,-3.7032566666666655,0.7850495506945453,NTC,-0.389223128524587
NTC_719,-3.705123333333332,0.7850495506945453,NTC,-0.38941932066175433
NTC_673,-0.9910129999999988,0.400943431008876,NTC,-0.39334980538055997
NT5C,-1.0088166666666654,0.40671429786251057,NT5C,-0.3941553246650219
PKLR,-1.5126933333333312,0.5462355558493315,PKLR,-0.39726357456130507
NTC_1403,-1.1013233333333332,0.43420824131360414,NTC,-0.39901157786929636
NTC_438,-1.4728233333333325,0.5353789681150926,NTC,-0.39963395929556333
NTC_1461,-0.6556233333333328,0.24429145641441186,NTC,-0.40130161462916014
PIK3R1,-1.0801033333333336,0.4239894889394329,PIK3R1,-0.40249500922892845
NDUFV1,-0.6380233333333329,0.23336478380823789,NDUFV1,-0.4032082123679295
F5,-1.5409199999999998,0.5462355558493315,F5,-0.40467646271970104
NTC_152,-4.743889999999998,0.8209525562372738,NTC,-0.4064657008003681
NTC_1364,-1.2515566666666667,0.4690141355834663,NTC,-0.4115294387957545
PFKL,-0.5910899999999994,0.19975581100850925,PFKL,-0.4134677966265505
NTC_1402,-3.4564899999999996,0.7584148355010288,NTC,-0.4151008766629569
MARK3,-0.5566566666666661,0.1794052107464864,MARK3,-0.4153576922996499
NTC_1439,-4.593556666666667,0.8119383827344441,NTC,-0.41561089451518224
NTC_135,-2.110356666666667,0.6306644718339689,NTC,-0.4224968531560143
TAAR1,-0.693323333333332,0.24541202195135214,TAAR1,-0.42299945432064473
NTC_1236,-3.3809566666666653,0.749598204606984,NTC,-0.42319928999144196
NTC_1881,-4.949089999999997,0.8209525562372738,NTC,-0.42404763499450737
NTC_1937,-1.0140899999999995,0.3817406796118916,NTC,-0.4241244403047583
NTC_1618,-3.2620233333333344,0.740814172612352,NTC,-0.42501136126193984
NTC_2157,-1.0697566666666667,0.39447897920125985,NTC,-0.4321561628473606
ITGA2B,-0.8605566666666657,0.31215391059541464,ITGA2B,-0.4351243172053798
TAOK3,-1.5656299999999996,0.5263542018686631,TAOK3,-0.4363753773090706
EGLN3,-0.7328233333333323,0.25159652057498083,EGLN3,-0.43917763011615
CNR2,-0.9243566666666654,0.33431596373116357,CNR2,-0.4398485431871133
NTC_1802,-1.0726233333333326,0.388077986170812,NTC,-0.4409350639452117
NTC_1090,-1.9409899999999984,0.5900810832560743,NTC,-0.4446581143525654
NTC_1544,-3.9102566666666645,0.7672629943354708,NTC,-0.4498975042469672
NTC_1521,-2.79089,0.6888528808427894,NTC,-0.4517711910122524
NTC_1350,-3.4966566666666656,0.740814172612352,NTC,-0.45558190665884346
NTC_763,-1.3136233333333331,0.44794822342977536,NTC,-0.45815527562151853
NTC_357,-1.3394233333333334,0.4549098068016869,NTC,-0.45818283584196834
NTC_593,-3.828389999999998,0.7584148355010288,NTC,-0.45976353040445567
NTC_5,-0.9639463333333325,0.3333559574385484,NTC,-0.4598908711729786
NTC_952,-3.160823333333332,0.714668186472228,NTC,-0.46115005908687134
NTC_176,-4.030789999999999,0.7672629943354708,NTC,-0.46376555702915495
NTC_10,-2.972923333333333,0.6974195679535367,NTC,-0.46527995720653126
NTC_2044,-3.308756666666665,0.7233481251524971,NTC,-0.4653853597827489
NTC_1020,-1.5313566666666647,0.4906168711511032,NTC,-0.4735835672890947
NTC_975,-3.7873899999999994,0.749598204606984,NTC,-0.4740731446584707
GYG1,-0.6257899999999985,0.1745671803116513,GYG1,-0.4743722263932757
LARS2,-2.301076666666666,0.6186153126655007,LARS2,-0.47995703873557466
PIP5KL1,-0.7923566666666648,0.24541202195135214,PIP5KL1,-0.4834201035985974
NTC_1158,-1.2436899999999982,0.40747109452396046,NTC,-0.4849187035000655
NTC_1207,-3.2189900000000007,0.7060249995291997,NTC,-0.4866466532891253
TRAPPC2,-1.7583200000000003,0.5263542018686631,TRAPPC2,-0.49008230132923186
NTC_643,-1.1931233333333324,0.388077986170812,NTC,-0.49047032348527825
MAPKAPK2,-1.257723333333332,0.40671429786251057,MAPKAPK2,-0.4914057877600228
NTC_164,-4.271156666666665,0.7672629943354708,NTC,-0.49142112357018236
ALDH1B1,-1.3722899999999996,0.43661443369416253,ALDH1B1,-0.49388979397983274
STK24,-1.6134266666666655,0.48773098896122524,STK24,-0.5030981381225124
NTC_1422,-4.19199,0.7584148355010288,NTC,-0.5034294107497342
CSK,-0.8877233333333319,0.2707990089579375,CSK,-0.5036524336365745
TBXA2R,-0.8484233333333329,0.25159652057498083,TBXA2R,-0.508456174796897
NTC_1144,-1.4598233333333326,0.44794822342977536,NTC,-0.5091457685552101
PFKM,-0.7669233333333318,0.21609013402971167,PFKM,-0.5102839905675044
NTC_73,-3.6467899999999984,0.7233481251524971,NTC,-0.5129306404728456
NTC_2012,-3.0777233333333305,0.6803259124276091,NTC,-0.5148507529903456
HIPK2,-1.2901566666666646,0.39823654536444764,HIPK2,-0.515880610274286
NTC_177,-3.962723333333332,0.740814172612352,NTC,-0.5163060671560036
TCN1,-0.9498233333333328,0.28414521327883113,TCN1,-0.5190401317083413
CACNG1,-0.9253899999999984,0.2707990089579375,CACNG1,-0.525022727309503
ADAMTS5,-1.257556666666666,0.38160361159,ADAMTS5,-0.5261460196529308
NTC_1446,-1.0528566666666652,0.31627968696579234,NTC,-0.52635326435012
GPX3,-1.2087899999999987,0.36540396985569057,GPX3,-0.5285153094193462
NTC_1001,-4.061756666666667,0.740814172612352,NTC,-0.5292091912324637
NTC_1187,-1.1494566666666657,0.34506459294936564,NTC,-0.5311634674298629
NTC_446,-3.3969899999999997,0.6974195679535367,NTC,-0.531648880450224
KCND2,-1.3661899999999996,0.40671429786251057,KCND2,-0.5337848598233311
NTC_2166,-3.9632566666666653,0.7320637977509491,NTC,-0.5368273541347836
NTC_744,-1.4710233333333331,0.42071497098584576,NTC,-0.5531224748931111
NTC_762,-4.607523333333332,0.7584148355010288,NTC,-0.5533321302569068
NTC_621,-1.7178233333333326,0.47615601245736017,NTC,-0.5535698187638101
NTC_1934,-4.087556666666665,0.7320637977509491,NTC,-0.553663922071494
NTC_1850,-4.361123333333333,0.740814172612352,NTC,-0.5682138890886355
NTC_1526,-3.76959,0.7060249995291997,NTC,-0.5698863176872726
NTC_1822,-2.617723333333333,0.6055235257488236,NTC,-0.5703207099918736
NTC_389,-3.9157233333333314,0.714668186472228,NTC,-0.5712866098815522
DPP6,-0.9076899999999997,0.23336478380823789,DPP6,-0.5736280213642856
NTC_1121,-3.22539,0.6633949523327528,NTC,-0.5748542840909091
RPS6KA6,-0.7375899999999982,0.16518442014727497,RPS6KA6,-0.5768181839527355
NTC_1991,-3.180089999999999,0.6549928319049427,NTC,-0.5843843186271105
NTC_88,-3.7358900000000004,0.6974195679535367,NTC,-0.5846887203039124
NTC_672,-1.5884566666666657,0.4274305921475562,NTC,-0.5863539948404262
NTC_1489,-4.207489999999999,0.7233481251524971,NTC,-0.5917945756358589
NTC_1612,-0.9269233333333329,0.2260224669608094,NTC,-0.598651941750734
NTC_970,-2.845723333333333,0.6136517915469697,NTC,-0.6035152946692366
PLEKHA1,-1.5628966666666653,0.40671429786251057,PLEKHA1,-0.610640231691798
NTC_2008,-1.5133233333333322,0.39447897920125985,NTC,-0.611346510154063
NTC_805,-3.927856666666666,0.6974195679535367,NTC,-0.6147326307708535
NTC_866,-3.157523333333333,0.6383198680648725,NTC,-0.6155959201420921
MPRIP,-1.5420966666666667,0.39823654536444764,MPRIP,-0.6166210585551187
PPIA,-1.4107233333333333,0.36540396985569057,PPIA,-0.6168059621785082
NTC_1038,-4.386223333333333,0.7233481251524971,NTC,-0.6169338907981011
NTC_422,-3.9499233333333335,0.6974195679535367,NTC,-0.6181861936687726
CHRM1,-0.8209566666666657,0.1745671803116513,CHRM1,-0.6223158595360575
NTC_1789,-4.331456666666667,0.714668186472228,NTC,-0.6319402532564481
NTC_1311,-4.6790899999999995,0.7320637977509491,NTC,-0.6337877447062117
NTC_375,-1.3093295000000005,0.32759893527277495,NTC,-0.6345763862471713
MAPKAPK5,-1.0362566666666666,0.2393349454108844,MAPKAPK5,-0.6435090535079314
NTC_705,-3.4098566666666654,0.6466341720757869,NTC,-0.6456268589834093
FTCD,-1.660643333333331,0.40671429786251057,FTCD,-0.6488308865530282
NTC_1445,-1.1752899999999986,0.27870646227879936,NTC,-0.6521131369107619
NTC_1875,-4.647856666666665,0.7233481251524971,NTC,-0.6537333098037779
NTC_1162,-4.045556666666665,0.6888528808427894,NTC,-0.6548685020217769
NTC_1851,-3.594156666666666,0.6549928319049427,NTC,-0.660474638984773
NTC_882,-4.705756666666665,0.7233481251524971,NTC,-0.6618770976510018
CLK1,-1.9124100000000004,0.45069114617486594,CLK1,-0.6619252110420047
NTC_1199,-2.9039233333333323,0.5894135159249408,NTC,-0.666682456071883
NTC_1537,-2.8350566666666657,0.581433336722976,NTC,-0.6676560474128013
NTC_651,-4.022989999999999,0.6803259124276091,NTC,-0.6729777846956023
NTC_890,-3.0251566666666667,0.597443836721794,NTC,-0.6767363638432287
PPFIA2,-1.1537566666666645,0.2578889080750859,PPFIA2,-0.6790634884688772
MCFD2,-0.8829899999999995,0.16982722731256972,MCFD2,-0.6798958372680799
CKMT2,-1.3471233333333323,0.31215391059541464,CKMT2,-0.6811476144605261
NTC_1479,-3.2533899999999987,0.6136517915469697,NTC,-0.6899724233641641
NTC_1468,-1.6513233333333321,0.3817406796118916,NTC,-0.6906355298959538
PTPRM,-1.858436666666667,0.4239894889394329,PTPRM,-0.6925369640263237
NTC_1922,-4.278556666666666,0.6888528808427894,NTC,-0.6925850324138222
NTC_1410,-1.3061233333333329,0.2944204107410422,NTC,-0.6935933979571579
MAPK8,-1.1803899999999992,0.2578889080750859,MAPK8,-0.694738998535606
NTC_1494,-1.8803233333333322,0.42071497098584576,NTC,-0.7070242002047988
NTC_884,-4.241923333333333,0.6803259124276091,NTC,-0.7096016066943374
NTC_2168,-3.8814566666666677,0.6549928319049427,NTC,-0.7132698789753299
NTC_123,-4.88929,0.714668186472228,NTC,-0.7133256543051072
NTC_490,-2.9606566666666643,0.5735040541865033,NTC,-0.7148905437066959
NTC_1291,-4.418423333333332,0.6888528808427894,NTC,-0.7152257422171155
NTC_1573,-2.6930233333333318,0.5423103415591464,NTC,-0.7156766431556839
NTC_1164,-4.574089999999997,0.6974195679535367,NTC,-0.7158719418009954
SEC14L4,-1.0091233333333323,0.19451668848932258,SEC14L4,-0.7175302161140552
MAP1A,-1.6500233333333334,0.36540396985569057,MAP1A,-0.7214343207387625
NTC_246,-2.503823333333332,0.5127433681583857,NTC,-0.7263590190618324
NTC_4,-3.563156666666665,0.6218278247735938,NTC,-0.7351855755423892
NTC_278,-3.603556666666667,0.6218278247735938,NTC,-0.7435213014255004
NTC_864,-2.9414566666666664,0.5500288589799025,NTC,-0.7636448703041959
MKNK1,-1.251856666666665,0.24541202195135214,MKNK1,-0.7637629680538588
NTC_1907,-4.0354899999999985,0.6466341720757869,NTC,-0.7640851178961456
ADRA1D,-0.979356666666666,0.16518442014727497,ADRA1D,-0.7658871919476568
NTC_756,-5.072089999999998,0.7060249995291997,NTC,-0.766798164542679
NTC_1365,-2.643723333333333,0.5119865061429876,NTC,-0.7686400480960854
ULK2,-0.9557900000000004,0.15618639475505636,ULK2,-0.7707077656627185
ANXA2,-2.0226799999999985,0.4152988234299345,ANXA2,-0.7719341778564407
NTC_1224,-3.201156666666667,0.5735040541865033,NTC,-0.7729625172986341
NTC_125,-3.29329,0.581433336722976,NTC,-0.7755700301290057
TTBK1,-1.3685566666666666,0.2707990089579375,TTBK1,-0.7764546338418795
MSRA,-1.001223333333332,0.16518442014727497,MSRA,-0.7829876013292457
NTC_1406,-4.5512566666666645,0.6718396217469182,NTC,-0.7861585313913584
NTC_1512,-2.063256666666665,0.4132237042545648,NTC,-0.791908390136605
SPR,-1.4768899999999991,0.2866519069154311,SPR,-0.8014272174278437
NTC_1380,-3.24289,0.5656264049033272,NTC,-0.8025190414233144
PRKACG,-2.3837233333333314,0.45979890865705686,PRKACG,-0.8043446840692151
DGKE,-1.1804899999999998,0.2050972586205263,DGKE,-0.8122245101545185
NTC_1871,-2.857589999999999,0.5194836852139317,NTC,-0.8127788578333566
NTC_294,-2.9958566666666657,0.5346462155315779,NTC,-0.8146737977413983
NTC_911,-3.843356666666664,0.6136517915469697,NTC,-0.8150913702792518
PRKAG2,-0.922439999999999,0.1304487196625097,PRKAG2,-0.8159536915975711
NTC_943,-3.468889999999999,0.581433336722976,NTC,-0.816923842666211
NTC_936,-3.668389999999998,0.597443836721794,NTC,-0.8206295353603262
NTC_1233,-4.622423333333333,0.6633949523327528,NTC,-0.8238445137017375
NTC_998,-4.244556666666665,0.6383198680648725,NTC,-0.8275257190430635
NTC_1300,-3.26879,0.5578011068008928,NTC,-0.828705694687677
NTC_1536,-2.3423566666666664,0.4410475733700263,NTC,-0.8327419068671943
NTC_1818,-3.9564899999999996,0.6136517915469697,NTC,-0.8390844606137237
NTC_145,-2.6874899999999995,0.4825717432476955,NTC,-0.8504242604998971
NTC_1314,-2.863489999999998,0.5045461686945383,NTC,-0.8507402655564682
ITPA,-1.686656666666666,0.31215391059541464,ITPA,-0.8528262680085786
DUSP15,-1.5739899999999993,0.2866519069154311,DUSP15,-0.8541180629290278
NTC_133,-4.260956666666666,0.6300507984241788,NTC,-0.85485201845502
NTC_743,-4.526889999999999,0.6466341720757869,NTC,-0.8571274564805967
NTC_1274,-3.552389999999998,0.5735040541865033,NTC,-0.8577725499719872
NTC_1886,-3.7432566666666665,0.5894135159249408,NTC,-0.859376526781854
NTC_179,-3.8622566666666645,0.597443836721794,NTC,-0.8639980737623287
NTC_1290,-1.465423333333331,0.2538048177341209,NTC,-0.8726597977651623
NTC_557,-3.6021899999999993,0.5656264049033272,NTC,-0.8914351291054117
NTC_1298,-3.0069566666666665,0.5045461686945383,NTC,-0.8933640812843048
NTC_1093,-2.5074566666666653,0.44022745514084827,NTC,-0.8934641704402942
NTC_2003,-3.8002233333333324,0.581433336722976,NTC,-0.8949528663222137
NTC_2115,-1.9701566666666652,0.3510160703265972,NTC,-0.8957770422498192
NTC_1933,-3.7118233333333324,0.5735040541865033,NTC,-0.8962698818763861
KCNMA1,-1.167956666666666,0.16982722731256972,KCNMA1,-0.8993180848890352
NTC_1165,-4.49209,0.6300507984241788,NTC,-0.9012230125742369
NTC_283,-3.745923333333333,0.5735040541865033,NTC,-0.9045037874875508
NTC_1820,-2.362923333333332,0.4132237042545648,NTC,-0.9069248839211574
NRK,-1.1757899999999992,0.16518442014727497,NRK,-0.9195041317124528
DGKB,-1.1763899999999987,0.16518442014727497,DGKB,-0.919973350262557
NTC_1180,-3.466123333333333,0.5423103415591464,NTC,-0.9211296022798134
VAMP1,-1.7015899999999995,0.2866519069154311,VAMP1,-0.9233595859563305
NTC_620,-2.979490000000001,0.4898382533094242,NTC,-0.9234848874297499
NTC_1656,-3.844923333333333,0.5735040541865033,NTC,-0.9284086747457704
NTC_2094,-4.951856666666667,0.6466341720757869,NTC,-0.9375912181556184
NTC_1092,-4.957223333333331,0.6466341720757869,NTC,-0.9386073500584869
NTC_777,-3.028489999999999,0.4898382533094242,NTC,-0.9386723052375141
CYP3A5,-1.7339899999999995,0.2866519069154311,CYP3A5,-0.9409412892955515
NTC_581,-4.023489999999998,0.581433336722976,NTC,-0.9475321822626467
NTC_1176,-3.9401899999999985,0.5735040541865033,NTC,-0.9514120982420636
NTC_481,-4.158423333333331,0.5894135159249408,NTC,-0.9546904525440729
NTC_1898,-4.385423333333333,0.6055235257488236,NTC,-0.9554477042066816
NTC_921,-2.9740233333333324,0.47536421043911814,NTC,-0.9605307811110287
NTC_1212,-3.980623333333333,0.5735040541865033,NTC,-0.9611752727350674
NTC_964,-2.9051566666666657,0.46112799360043744,NTC,-0.9766512463618011
NTC_2083,-4.154889999999999,0.581433336722976,NTC,-0.9784768916441321
NTC_116,-2.8581233333333325,0.4541002181917172,NTC,-0.9799026957955034
NTC_1977,-4.499423333333332,0.6055235257488236,NTC,-0.9802847678150357
NTC_76,-1.710189999999999,0.2635730690451654,NTC,-0.9903692614677102
NTC_17,-4.433889999999997,0.597443836721794,NTC,-0.991874116584877
NTC_132,-3.9211566666666657,0.5578011068008928,NTC,-0.9940941019243251
NTC_1415,-4.888223333333333,0.6218278247735938,NTC,-1.0085863802498358
NTC_520,-3.1923233333333316,0.4825717432476955,NTC,-1.0101727671643672
NTC_2096,-3.262656666666664,0.4898382533094242,NTC,-1.0112516318358464
NTC_1261,-4.09889,0.5656264049033272,NTC,-1.0143536394079382
NTC_1566,-4.017389999999998,0.5578011068008928,NTC,-1.0184912370575427
NTC_1681,-3.1720233333333328,0.47536421043911814,NTC,-1.0244795378434857
NTC_55,-3.278089999999998,0.4825717432476955,NTC,-1.0373126092011902
NTC_790,-3.351356666666665,0.4898382533094242,NTC,-1.0387439575409234
NTC_1781,-3.2228899999999987,0.47536421043911814,NTC,-1.0409081241690292
NTC_957,-4.011923333333333,0.5500288589799025,NTC,-1.0415535636720958
NTC_1041,-4.112489999999998,0.5578011068008928,NTC,-1.0426010488119835
NTC_909,-4.022889999999999,0.5500288589799025,NTC,-1.0444006696108776
OXCT2,-1.7168233333333314,0.24541202195135214,OXCT2,-1.0474410686187074
EGLN1,-2.746949999999999,0.4152988234299345,EGLN1,-1.0483440731419458
NTC_59,-3.771589999999999,0.5270371226316506,NTC,-1.0491009241356544
NTC_1473,-2.955056666666665,0.44022745514084827,NTC,-1.052954289653684
NTC_927,-3.4816233333333306,0.4971632364678622,NTC,-1.0566761404659175
NTC_1343,-3.669723333333333,0.5119865061429876,NTC,-1.0669408117967438
NTC_1750,-2.836123333333332,0.41988104621600153,NTC,-1.068860377496466
NTC_678,-4.544789999999998,0.581433336722976,NTC,-1.070298369481583
NTC_2014,-2.5985233333333317,0.38088622926044735,NTC,-1.0893132690792646
NTC_1029,-3.4571899999999998,0.4825717432476955,NTC,-1.0939866749858194
NTC_1800,-4.02889,0.5346462155315779,NTC,-1.0955901707521642
KCNMB2,-2.0338899999999986,0.2866519069154311,KCNMB2,-1.1036805742163038
NTC_2125,-3.160823333333332,0.4471332372479212,NTC,-1.1049070323989976
NTC_1894,-3.512456666666666,0.4825717432476955,NTC,-1.1114751546193413
NTC_266,-3.061589999999998,0.43338325627663954,NTC,-1.111748660474802
KLK1,-1.6201899999999991,0.2050972586205263,KLK1,-1.114755761681377
NTC_1024,-4.408923333333331,0.5578011068008928,NTC,-1.1177530137374094
NTC_307,-3.8708899999999984,0.5119865061429876,NTC,-1.1254283072136855
NTC_992,-2.893023333333331,0.4066292841021417,NTC,-1.1305974187893708
NTC_233,-3.8887899999999993,0.5119865061429876,NTC,-1.1306325797967673
NTC_239,-3.395956666666666,0.46112799360043744,NTC,-1.1416476602262418
NTC_850,-4.5275566666666665,0.5578011068008928,NTC,-1.1478290109452802
TLR2,-1.3833899999999995,0.14756517883656645,TLR2,-1.1496193784951358
NTC_291,-2.744556666666665,0.38088622926044735,NTC,-1.150531132966527
NTC_2082,-4.142889999999999,0.5270371226316506,NTC,-1.1523812841778562
NTC_289,-3.5062566666666646,0.4682161391251657,NTC,-1.1554995789551614
NTC_1580,-3.2438899999999995,0.44022745514084827,NTC,-1.1558722136173443
NTC_320,-3.3096566666666662,0.4471332372479212,NTC,-1.1569336657515055
NTC_1999,-4.933423333333333,0.581433336722976,NTC,-1.161821547228599
NTC_1631,-4.314756666666665,0.5346462155315779,NTC,-1.1733268947991558
NTC_359,-3.4381233333333325,0.4541002181917172,NTC,-1.1787547036612915
ALPL,-1.509856666666666,0.16518442014727497,ALPL,-1.1807545933317956
NTC_895,-2.923289999999999,0.38722630736212615,NTC,-1.2044982198568295
NTC_2081,-3.1427900000000006,0.4132237042545648,NTC,-1.206249231928209
NTC_757,-4.075789999999999,0.5045461686945383,NTC,-1.2109134891172655
NTC_1694,-3.119489999999998,0.4066292841021417,NTC,-1.2191008974253883
NTC_1788,-2.676356666666666,0.3501515775131159,NTC,-1.2197332590885996
NTC_138,-4.2971233333333325,0.5194836852139317,NTC,-1.2222225703602452
UGP2,-1.4806566666666647,0.14756517883656645,UGP2,-1.2304495456075375
NTC_1351,-3.3298233333333327,0.42660100511784693,NTC,-1.2319617955819302
NTC_1502,-4.088823333333333,0.4971632364678622,NTC,-1.2409619436853665
NTC_406,-3.767223333333333,0.4682161391251657,NTC,-1.241502088788916
NTC_1104,-4.309556666666665,0.5119865061429876,NTC,-1.252966905339113
NTC_2054,-4.28789,0.5045461686945383,NTC,-1.273928205538321
NTC_1157,-4.811923333333332,0.5423103415591464,NTC,-1.278778796936718
NTC_1974,-3.9996899999999984,0.47536421043911814,NTC,-1.2917939536123244
NTC_1356,-2.789556666666665,0.3441988418463231,NTC,-1.292096413089229
NTC_1522,-3.1359899999999987,0.38722630736212615,NTC,-1.2921380952587047
LIPA,-1.6864233333333312,0.16982722731256972,LIPA,-1.2985336234896117
NTC_1868,-4.156156666666665,0.4825717432476955,NTC,-1.3151663670457254
NTC_1703,-3.4518899999999997,0.4132237042545648,NTC,-1.3248863784092046
MAP3K19,-2.4473899999999995,0.2866519069154311,MAP3K19,-1.3280643498572888
NTC_1586,-3.0168566666666647,0.3622516353620022,NTC,-1.3304025512260704
NTC_783,-2.8780233333333323,0.3441988418463231,NTC,-1.3330733410878097
NTC_366,-3.5746899999999995,0.41988104621600153,NTC,-1.3472067515280282
NTC_262,-3.868456666666666,0.4471332372479212,NTC,-1.352269495879487
NTC_1026,-3.74829,0.43338325627663954,NTC,-1.3611085699166439
NTC_386,-4.789556666666665,0.5194836852139317,NTC,-1.362284441456427
NTC_195,-3.365356666666666,0.393630330014514,NTC,-1.3626714331342489
NTC_157,-4.060156666666665,0.46112799360043744,NTC,-1.3649374281332536
NTC_272,-4.698423333333333,0.5119865061429876,NTC,-1.366026577507141
PAK4,-2.5269899999999987,0.2866519069154311,PAK4,-1.3712589049746338
NTC_759,-2.021956666666667,0.20875004632420058,NTC,-1.375685571318277
NTC_1133,-5.436089999999999,0.5578011068008928,NTC,-1.3781609524731577
NTC_290,-4.029056666666665,0.4541002181917172,NTC,-1.3813551861581124
NTC_1793,-3.611656666666666,0.4132237042545648,NTC,-1.3862071853846614
NTC_306,-3.9828900000000003,0.4471332372479212,NTC,-1.3922711604481677
NTC_2160,-2.9600566666666657,0.33831109882624877,NTC,-1.3932505847086074
NTC_442,-3.507956666666666,0.40009807087582205,NTC,-1.39558282806627
NTC_674,-3.116456666666667,0.3561692126190116,NTC,-1.3972434753636054
ALOX5,-1.8453566666666648,0.1745671803116513,ALOX5,-1.398849375119995
GRIN1,-2.58439,0.2866519069154311,GRIN1,-1.4024067374336249
NTC_332,-4.01649,0.4471332372479212,NTC,-1.4040164787951614
NTC_1923,-4.271023333333331,0.4682161391251657,NTC,-1.4075312028044165
TREM1,-2.5944899999999995,0.2866519069154311,TREM1,-1.4078874535980115
NTC_693,-4.190156666666666,0.46112799360043744,NTC,-1.4086406347395646
NTC_769,-3.364423333333332,0.38088622926044735,NTC,-1.4103821708226174
NTC_1600,-3.611256666666667,0.4066292841021417,NTC,-1.4112839737158167
NTC_1699,-4.254956666666668,0.46112799360043744,NTC,-1.4304250023402492
NTC_529,-3.9420899999999994,0.43338325627663954,NTC,-1.431482751436709
NTC_423,-3.1949566666666653,0.3561692126190116,NTC,-1.4324384498322724
SPINK6,-2.650389999999999,0.2866519069154311,SPINK6,-1.4382213183098154
NTC_2074,-4.220356666666665,0.4541002181917172,NTC,-1.44694206392488
SPTLC2,-2.6702899999999987,0.2866519069154311,SPTLC2,-1.4490199570891515
PGLYRP3,-2.68279,0.2866519069154311,PGLYRP3,-1.4558030216490367
NTC_2078,-3.8823566666666656,0.41988104621600153,NTC,-1.4631582355877524
NTC_284,-3.1184899999999987,0.33831109882624877,NTC,-1.4678225808429157
VRK1,-2.709089999999999,0.2866519069154311,VRK1,-1.4700745894830336
NTC_955,-4.130556666666666,0.44022745514084827,NTC,-1.4718118301705296
NTC_377,-4.470523333333332,0.4682161391251657,NTC,-1.4732771500971766
NTC_844,-3.648889999999999,0.393630330014514,NTC,-1.4774773250331747
SLC16A2,-1.954323333333332,0.1745671803116513,SLC16A2,-1.4814501841283223
NTC_221,-5.587423333333333,0.5423103415591464,NTC,-1.4848695611337979
KIF5B,-2.73759,0.2866519069154311,KIF5B,-1.4855399766795712
CTDSP1,-2.738089999999999,0.2866519069154311,CTDSP1,-1.4858112992619659
ZMYND8,-2.7422899999999997,0.2866519069154311,ZMYND8,-1.4880904089540876
NTC_93,-2.654089999999999,0.2727369352991684,NTC,-1.4975863235679794
NTC_1765,-2.732056666666664,0.28301582738793407,NTC,-1.497684166897948
NTC_85,-3.398023333333332,0.3622516353620022,NTC,-1.4984931043433893
NTC_650,-3.7681233333333326,0.40009807087582205,NTC,-1.4990858547385613
NTC_761,-3.097156666666666,0.32673087157871095,NTC,-1.5046291497636606
NTC_1748,-3.8612233333333323,0.4066292841021417,NTC,-1.5089712840324918
PPP2R2B,-1.8452233333333323,0.1518291946288104,PPP2R2B,-1.5105823236670823
KCNJ12,-2.8135899999999987,0.2866519069154311,KCNJ12,-1.5267810092036693
NTC_1893,-4.140023333333331,0.42660100511784693,NTC,-1.53171807297617
PDE6H,-2.828789999999999,0.2866519069154311,PDE6H,-1.535029215708489
NTC_765,-4.48159,0.4541002181917172,NTC,-1.536505465398684
NTC_1902,-4.258356666666667,0.43338325627663954,NTC,-1.5463279929679064
NTC_1002,-4.510889999999999,0.4541002181917172,NTC,-1.5465509202788001
NTC_1589,-3.9050233333333315,0.40009807087582205,NTC,-1.553549266723583
NTC_1227,-3.4103233333333334,0.3501515775131159,NTC,-1.5542340995579431
NTC_1339,-3.058823333333332,0.3098492554605091,NTC,-1.5564808555384824
FARS2,-2.891189999999999,0.2866519069154311,FARS2,-1.5688902739914334
NTC_2131,-3.807856666666665,0.38722630736212615,NTC,-1.5689707748700816
NTC_917,-4.020489999999998,0.4066292841021417,NTC,-1.571212912075307
F11,-2.8962899999999996,0.2866519069154311,F11,-1.5716577643318665
NTC_1103,-3.763756666666665,0.38088622926044735,NTC,-1.5777845925001803
NTC_791,-3.8295233333333316,0.38722630736212615,NTC,-1.5778982030178983
ANXA5,-2.9191899999999995,0.2866519069154311,ANXA5,-1.5840843386055752
NTC_2136,-4.128356666666664,0.4132237042545648,NTC,-1.584524278838982
TRAF3IP3,-2.029323333333333,0.16518442014727497,TRAF3IP3,-1.586993586933456
NTC_150,-3.6616899999999992,0.3683987151896566,NTC,-1.5880086511377343
P4HA1,-2.9312899999999997,0.2866519069154311,P4HA1,-1.5906503450995437
NTC_969,-4.847756666666666,0.4682161391251657,NTC,-1.597595760876152
NTC_926,-3.762223333333334,0.37461030265156403,NTC,-1.6042883373493426
NTC_1860,-4.694089999999998,0.4541002181917172,NTC,-1.609360726901235
NTC_409,-3.7228233333333334,0.3683987151896566,NTC,-1.614521070869121
NTC_2033,-4.99909,0.47536421043911814,NTC,-1.6145736883518065
NTC_664,-4.477589999999998,0.43338325627663954,NTC,-1.6259377266895207
NTC_1432,-4.125556666666665,0.40009807087582205,NTC,-1.6412848239899354
NTC_723,-4.201723333333333,0.4066292841021417,NTC,-1.6420391430650085
GLRA1,-1.8755399999999982,0.1304487196625097,GLRA1,-1.6590279982859684
SLC25A2,-3.061989999999999,0.2866519069154311,SLC25A2,-1.6615740681376974
NTC_1335,-2.2190233333333316,0.17553131588719517,NTC,-1.6767947553035303
NTC_333,-3.349056666666665,0.3154112759878379,NTC,-1.678288602764188
NTC_464,-3.819589999999999,0.3622516353620022,NTC,-1.6843996391291116
NTC_1565,-3.7003233333333325,0.3501515775131159,NTC,-1.6863998342454074
NTC_847,-3.649589999999999,0.3441988418463231,NTC,-1.6904557647438554
NTC_188,-3.130823333333331,0.28825248076179455,NTC,-1.691355129043978
NTC_865,-3.719923333333333,0.3501515775131159,NTC,-1.6953324149346294
NTC_1160,-3.011590000000001,0.2727369352991684,NTC,-1.6993078592640392
NTC_19,-4.0550566666666645,0.38088622926044735,NTC,-1.6998989299826694
GABRR1,-3.1390899999999986,0.2866519069154311,GABRR1,-1.7034120103430657
NTC_1379,-4.147223333333334,0.38722630736212615,NTC,-1.7088017686745787
NTC_84,-2.936956666666666,0.2618257528724969,NTC,-1.709272476251945
EPX,-3.151189999999999,0.2866519069154311,EPX,-1.7099780168370342
NTC_189,-3.371456666666666,0.3098492554605091,NTC,-1.7155641843576848
NTC_2175,-5.543756666666666,0.4898382533094242,NTC,-1.7182724228826374
NTC_2,-2.47089,0.19967434730153555,NTC,-1.7288266976844788
NTC_1096,-4.694756666666666,0.42660100511784693,NTC,-1.736957271873354
NTC_870,-3.5821233333333327,0.32673087157871095,NTC,-1.740230723033676
NTC_1595,-3.3460566666666667,0.2989206959888506,NTC,-1.754819393452819
NTC_1478,-2.8329233333333326,0.23878682530609985,NTC,-1.7620489597383024
GNGT1,-3.2567899999999996,0.2866519069154311,GNGT1,-1.7672813462389403
PPP3CC,-3.2687899999999983,0.2866519069154311,PPP3CC,-1.7737930882164288
NTC_1139,-3.5995566666666674,0.32103848231352905,NTC,-1.776175703227225
NTC_968,-2.4693233333333326,0.19082864838605995,NTC,-1.7763236070703934
NTC_1493,-2.9492900000000004,0.2472846987420928,NTC,-1.7896372993191767
NTC_1730,-2.796223333333333,0.22432452645183232,NTC,-1.8150935509312789
DLG4,-2.184823333333333,0.14756517883656645,DLG4,-1.815623390792429
NTC_1354,-3.6240233333333327,0.3154112759878379,NTC,-1.8160806644512284
GRIA3,-3.3547899999999986,0.2866519069154311,GRIA3,-1.8204605723884353
NTC_1767,-4.135156666666664,0.3622516353620022,NTC,-1.8235612715175376
NTC_1836,-3.537489999999999,0.3043524060989682,NTC,-1.8275496178704735
NTC_1799,-3.7161899999999983,0.32103848231352905,NTC,-1.8337275942063171
NR1H2,-3.3802899999999996,0.2866519069154311,NR1H2,-1.8342980240906006
NTC_119,-3.719523333333332,0.32103848231352905,NTC,-1.8353724038942023
NTC_170,-4.455823333333332,0.38722630736212615,NTC,-1.8359558145091748
NTC_1194,-3.5010233333333316,0.2989206959888506,NTC,-1.8360907343462494
ACACA,-3.3933899999999992,0.2866519069154311,ACACA,-1.8414066757493595
SGK2,-2.0926899999999984,0.1304487196625097,SGK2,-1.8511102411748424
NTC_87,-3.5418899999999978,0.2989206959888506,NTC,-1.85752301310197
NTC_444,-4.589756666666664,0.393630330014514,NTC,-1.8584450072268128
MET,-3.4249899999999984,0.2866519069154311,MET,-1.8585542629567475
CD52,-3.4432899999999984,0.2866519069154311,CD52,-1.8684846694724186
NTC_190,-3.796923333333331,0.32103848231352905,NTC,-1.8735648848468898
NTC_1237,-3.012889999999998,0.23878682530609985,NTC,-1.8739863616638401
NTC_1021,-3.8692899999999986,0.32673087157871095,NTC,-1.879739112182152
PARS2,-3.4663899999999996,0.2866519069154311,PARS2,-1.881019772779086
NTC_2107,-4.513589999999998,0.38088622926044735,NTC,-1.8921182716017477
RDH8,-3.49069,0.2866519069154311,RDH8,-1.894206050283502
NTC_775,-3.6145566666666644,0.2989206959888506,NTC,-1.895632611541996
NTC_1418,-3.7953899999999985,0.3154112759878379,NTC,-1.9019564056481093
NTC_1430,-4.955756666666665,0.4132237042545648,NTC,-1.9020926224118584
NTC_1152,-4.182556666666666,0.3501515775131159,NTC,-1.9061747404205283
NTC_1303,-4.474556666666667,0.37461030265156403,NTC,-1.9080417187200698
AARS2,-3.516989999999999,0.2866519069154311,AARS2,-1.908477618117499
NTC_2106,-3.0669899999999997,0.2379105494267607,NTC,-1.9125329464056795
NTC_358,-3.759923333333332,0.3098492554605091,NTC,-1.913235270194019
NTC_1281,-3.0772233333333316,0.23878682530609985,NTC,-1.9140010284014382
CSNK1A1,-3.5281899999999995,0.2866519069154311,CSNK1A1,-1.914555243963156
NTC_831,-3.2994233333333325,0.26271641724034756,NTC,-1.9153574352296603
NTC_910,-3.0395899999999996,0.23419157886447906,NTC,-1.9162448496892002
TPH1,-3.5330899999999987,0.2866519069154311,TPH1,-1.9172142052706302
NTC_1613,-3.4491233333333318,0.27784401721652574,NTC,-1.918398777770393
NTC_733,-2.673289999999999,0.19082864838605995,NTC,-1.9230483393744349
NTC_450,-3.7263233333333323,0.3043524060989682,NTC,-1.9251053102327251
PPP1R15B,-3.548189999999999,0.2866519069154311,PPP1R15B,-1.925408147258971
NTC_710,-3.524589999999999,0.28301582738793407,NTC,-1.9321424413379085
NTC_1254,-3.6888566666666653,0.2989206959888506,NTC,-1.934598801873564
NTC_726,-3.485623333333332,0.27784401721652574,NTC,-1.938700039459678
STK4,-3.5728899999999983,0.2866519069154311,STK4,-1.9388114828293028
NTC_1279,-3.294489999999999,0.25691448209462286,NTC,-1.9444456018329144
FNTA,-3.58369,0.2866519069154311,FNTA,-1.9446720506090438
NTC_312,-4.132090000000001,0.33831109882624877,NTC,-1.9449076341675642
NTC_1674,-3.654423333333331,0.29355407615045903,NTC,-1.9452929725718737
NTC_1388,-5.007423333333331,0.4066292841021417,NTC,-1.9569077892397466
NTC_204,-3.7899233333333333,0.3043524060989682,NTC,-1.9579625496020416
ETNK1,-2.357923333333331,0.14756517883656645,ETNK1,-1.9594722796939723
NTC_1467,-4.165423333333332,0.33831109882624877,NTC,-1.9605970926431173
NTC_836,-4.101123333333333,0.33248842323042826,NTC,-1.9612534379592745
NTC_1125,-3.3352233333333325,0.25780267277194047,NTC,-1.9634879481399765
NTC_579,-4.5369899999999985,0.3683987151896566,NTC,-1.9676104121663462
MMP13,-3.6268899999999986,0.2866519069154311,MMP13,-1.9681143217280046
PPP1CC,-3.6306899999999986,0.2866519069154311,PPP1CC,-1.9701763733542095
GUK1,-3.637389999999999,0.2866519069154311,GUK1,-1.9738120959583079
NTC_1256,-3.2631233333333336,0.24816732837770994,NTC,-1.9750230008468752
NTC_210,-4.500756666666665,0.3622516353620022,NTC,-1.9847870858236816
NTC_531,-3.331223333333331,0.25295304042388234,NTC,-1.9886074012885298
DTYMK,-3.66749,0.2866519069154311,DTYMK,-1.9901457154185107
NTC_257,-4.593556666666667,0.3683987151896566,NTC,-1.9921423512525862
PTPRH,-3.6828899999999996,0.2866519069154311,PTPRH,-1.9985024509562883
NTC_140,-4.776323333333333,0.38088622926044735,NTC,-2.0022573273331803
CHM,-3.6900899999999988,0.2866519069154311,CHM,-2.0024094961427816
NTC_1062,-3.4517566666666673,0.26271641724034756,NTC,-2.003788883139241
RNASE3,-3.6970899999999984,0.2866519069154311,RNASE3,-2.006208012296317
NTC_342,-3.8290566666666654,0.2989206959888506,NTC,-2.00812585280877
NTC_1251,-4.793089999999997,0.38088622926044735,NTC,-2.0092859932850833
NTC_456,-3.1490233333333313,0.2296593424559652,NTC,-2.0119610234467347
NTC_2028,-5.075423333333332,0.40009807087582205,NTC,-2.0191736450089754
DDR2,-3.7580899999999984,0.2866519069154311,DDR2,-2.0393093673485536
NTC_1914,-3.5158899999999997,0.26271641724034756,NTC,-2.0410191032219607
NTC_41,-2.947189999999998,0.2029299912816771,NTC,-2.0413822446277075
NTC_2055,-3.282356666666664,0.23878682530609985,NTC,-2.0415918362269174
NTC_437,-4.142089999999999,0.32103848231352905,NTC,-2.0438849280273734
NTC_1435,-3.733789999999998,0.28301582738793407,NTC,-2.0468236379388998
NTC_995,-3.2929233333333316,0.23878682530609985,NTC,-2.048164193406098
PIP5K1A,-3.776089999999999,0.2866519069154311,PIP5K1A,-2.049076980314788
NTC_1110,-4.889289999999998,0.38088622926044735,NTC,-2.049613488190046
NTC_1450,-3.686423333333333,0.27784401721652574,NTC,-2.0503847886982665
NTC_1510,-3.9102566666666663,0.2989206959888506,NTC,-2.050710706845423
NTC_1715,-3.534089999999998,0.26271641724034756,NTC,-2.051584435948137
LTF,-3.7850899999999994,0.2866519069154311,LTF,-2.053960786797905
NTC_523,-3.8035566666666663,0.28825248076179455,NTC,-2.0547838034434243
NTC_1975,-2.757889999999999,0.17926705338293636,NTC,-2.0587635611244486
NTC_1127,-4.6698233333333325,0.3622516353620022,NTC,-2.059343735181884
NTC_1534,-4.002089999999998,0.3043524060989682,NTC,-2.0675727847098484
NTC_945,-4.003223333333334,0.3043524060989682,NTC,-2.068158291071777
NTC_293,-3.569189999999998,0.2618257528724969,NTC,-2.0772244612099633
PKN2,-3.82909,0.2866519069154311,PKN2,-2.0778371740486996
CMA1,-3.8390899999999997,0.2866519069154311,CMA1,-2.083263625696607
PTPRC,-3.8430899999999992,0.2866519069154311,PTPRC,-2.08543420635577
NTC_1315,-3.9774900000000004,0.2989206959888506,NTC,-2.085970826136035
AVPR1A,-3.8440899999999987,0.2866519069154311,AVPR1A,-2.0859768515205603
NTC_197,-3.815689999999999,0.28301582738793407,NTC,-2.0917203396674915
CCT3,-3.8600899999999987,0.2866519069154311,CCT3,-2.0946591741572127
CINP,-3.8600899999999987,0.2866519069154311,CINP,-2.0946591741572127
GLS2,-2.3708399999999985,0.1304487196625097,GLS2,-2.0971506549880603
NTC_596,-3.4160233333333325,0.2425657803314194,NTC,-2.1014366682491605
NTC_356,-3.6359233333333334,0.26271641724034756,NTC,-2.1106999881065116
NTC_1879,-4.15009,0.3098492554605091,NTC,-2.111771400253595
MMP11,-2.40674,0.1304487196625097,MMP11,-2.128906365417307
NTC_1016,-3.8288233333333315,0.27784401721652574,NTC,-2.129587519233997
NTC_1921,-3.5269233333333334,0.24816732837770994,NTC,-2.13468937395058
NTC_1216,-2.977289999999999,0.19165724542534968,NTC,-2.1361304222370547
NME5,-3.943089999999999,0.2866519069154311,NME5,-2.139698722834847
COX5B,-3.952089999999999,0.2866519069154311,COX5B,-2.1445825293179643
ACPT,-3.975089999999999,0.2866519069154311,ACPT,-2.157063368108152
EPHB3,-2.43884,0.1304487196625097,EPHB3,-2.1573007471660186
NTC_1711,-3.0087233333333314,0.19165724542534968,NTC,-2.158683045463428
NTC_819,-3.2520566666666655,0.21643800884670739,NTC,-2.1615330251238163
NTC_681,-3.4334566666666655,0.23419157886447906,NTC,-2.1645497103658875
ALK,-2.4520399999999993,0.1304487196625097,ALK,-2.1689769415299747
NTC_1941,-4.138523333333334,0.2989206959888506,NTC,-2.170423794055193
PHPT1,-4.001089999999999,0.2866519069154311,PHPT1,-2.1711721423927117
NTC_1375,-4.620556666666665,0.33831109882624877,NTC,-2.174820958668332
NDUFB9,-4.0270899999999985,0.2866519069154311,NDUFB9,-2.1852809166772715
NTC_1457,-3.6108233333333315,0.24816732837770994,NTC,-2.185470301560135
NTC_103,-5.053423333333332,0.3683987151896566,NTC,-2.1915781978252173
MASTL,-4.040089999999998,0.2866519069154311,MASTL,-2.1923353038195517
NTC_913,-3.1675233333333326,0.2029299912816771,NTC,-2.1939969571390514
NTC_541,-4.125189999999999,0.29355407615045903,NTC,-2.1958876642253005
ROS1,-4.0590899999999985,0.2866519069154311,ROS1,-2.2026455619505763
PTS,-4.0750899999999985,0.2866519069154311,PTS,-2.2113278845872286
AK5,-2.8279566666666662,0.16518442014727497,AK5,-2.211549544819889
NTC_426,-4.485689999999997,0.32103848231352905,NTC,-2.2134319106545504
NTC_2108,-2.5959233333333325,0.13819421133091037,NTC,-2.2312224491478827
NTC_1193,-3.0847566666666664,0.18773863100388355,NTC,-2.240910231465632
GPX2,-4.14309,0.2866519069154311,GPX2,-2.248227755793002
NTC_1721,-2.480789999999998,0.12339263447977145,NTC,-2.2543205745353245
NTC_341,-3.444589999999999,0.22078283894822415,NTC,-2.259770520969369
APCS,-4.16909,0.2866519069154311,APCS,-2.262336530077562
NTC_82,-2.8653900000000005,0.1619505367991687,NTC,-2.2654277882011926
LIPJ,-4.190089999999999,0.2866519069154311,LIPJ,-2.273732078538168
NTC_2026,-3.917789999999999,0.26271641724034756,NTC,-2.274327192378591
NTC_2088,-5.439756666666665,0.38088622926044735,NTC,-2.280371717871455
NTC_1655,-3.0666233333333315,0.17926705338293636,NTC,-2.289232846255891
NTC_1543,-3.305223333333333,0.2029299912816771,NTC,-2.289375380343947
NTC_942,-3.3935899999999988,0.2113022876706131,NTC,-2.2909983593830554
NTC_327,-2.936689999999998,0.16546149585830972,NTC,-2.294444864893696
NTC_1238,-3.051289999999999,0.1763379440987929,NTC,-2.2996176059892606
NTC_2176,-3.418923333333331,0.21215506336338563,NTC,-2.3021203979108043
NTC_930,-3.8554233333333334,0.2520675292511917,NTC,-2.307405691068055
GRIK4,-2.614489999999999,0.1304487196625097,GRIK4,-2.3126737426227564
NTC_1796,-3.879056666666666,0.25295304042388234,NTC,-2.315642040616996
TAB1,-4.274089999999998,0.2866519069154311,TAB1,-2.3193142723805926
NDUFA10,-4.28109,0.2866519069154311,NDUFA10,-2.3231127885341287
NTC_271,-3.450689999999999,0.21215506336338563,NTC,-2.3235103748646515
DDAH1,-1.9480566666666652,0.06410871005026214,DDAH1,-2.3241932172160094
NTC_2100,-4.2438899999999995,0.28301582738793407,NTC,-2.3264549877771703
NTC_551,-4.44189,0.2989206959888506,NTC,-2.3295226268087137
NTC_2154,-4.076623333333333,0.2676944507984411,NTC,-2.3332987053523175
GARS,-4.301089999999999,0.2866519069154311,GARS,-2.333965691829944
CAMP,-4.312089999999999,0.2866519069154311,CAMP,-2.339934788642642
CYC1,-4.31309,0.2866519069154311,CYC1,-2.3404774338074334
NTC_1197,-3.2363566666666648,0.18773863100388355,NTC,-2.3510394986331726
NTC_1561,-3.9949233333333316,0.25780267277194047,NTC,-2.3518616400730328
NTC_953,-2.7797899999999975,0.14205578057531248,NTC,-2.3559862441904036
NDUFB6,-4.34209,0.2866519069154311,NDUFB6,-2.356214143586366
NTC_2129,-4.520289999999998,0.2989206959888506,NTC,-2.3706390376027224
NTC_449,-4.660756666666667,0.3098492554605091,NTC,-2.37162390025468
NTC_507,-4.028556666666666,0.25780267277194047,NTC,-2.37166200666191
NTC_1619,-3.397389999999999,0.19967434730153555,NTC,-2.3770781113065613
NTC_162,-3.8130233333333328,0.2379105494267607,NTC,-2.3777491124567103
NTC_1089,-3.1652233333333326,0.1763379440987929,NTC,-2.385483944240419
SIK2,-4.424089999999999,0.2866519069154311,SIK2,-2.400711047099209
NTC_1057,-3.7615566666666647,0.22879018168669396,NTC,-2.4095125816950955
NTC_1905,-3.4953233333333342,0.20377356317241546,NTC,-2.4147516762453365
NTC_36,-4.3680233333333325,0.27784401721652574,NTC,-2.429489993285026
NTC_821,-3.4317566666666677,0.1956356943305354,NTC,-2.4315777201041566
NTC_484,-5.5384233333333315,0.3622516353620022,NTC,-2.442387341052552
RYK,-4.507089999999999,0.2866519069154311,RYK,-2.445750595776843
RPIA,-4.517089999999999,0.2866519069154311,RPIA,-2.4511770474247503
NTC_749,-3.4165899999999985,0.19165724542534968,NTC,-2.451317083425161
NTC_382,-3.1312566666666646,0.16467269485548164,NTC,-2.4529588602120764
NTC_897,-2.460956666666667,0.1005339254431607,NTC,-2.455265359031567
NTC_97,-3.8351566666666654,0.22879018168669396,NTC,-2.4566579902926247
NTC_1189,-3.6058233333333325,0.20793368972122395,NTC,-2.4594424546786122
NTC_1848,-3.659189999999998,0.21215506336338563,NTC,-2.463903140705477
NTC_2013,-4.305356666666666,0.2676944507984411,NTC,-2.4642166604583613
NTC_608,-3.4098566666666654,0.18773863100388355,NTC,-2.477077940939034
LSS,-4.565089999999999,0.2866519069154311,LSS,-2.4772240153347074
S100B,-4.585089999999998,0.2866519069154311,S100B,-2.4880769186305227
NTC_1338,-3.429923333333332,0.18773863100388355,NTC,-2.491655297762882
CAMK2B,-4.61109,0.2866519069154311,CAMK2B,-2.502185692915084
NTC_1471,-4.146323333333332,0.24816732837770994,NTC,-2.509584565385132
NTC_219,-4.092156666666665,0.24344533023755743,NTC,-2.510941403850679
NTC_729,-4.3151899999999985,0.2618257528724969,NTC,-2.511387239897182
FGA,-4.635089999999999,0.2866519069154311,FGA,-2.5152091768700617
NTC_683,-2.3896566666666663,0.08847862381360788,NTC,-2.516694736382207
NTC_75,-3.5507899999999983,0.19480195547726564,NTC,-2.522504963201915
NTC_1159,-3.554156666666665,0.19480195547726564,NTC,-2.5248966657177254
NTC_751,-3.9723566666666654,0.2296593424559652,NTC,-2.538001767075547
CDKN1B,-4.68209,0.2866519069154311,CDKN1B,-2.5407134996152285
NTC_1718,-3.2859566666666664,0.1682345640642411,NTC,-2.543609019960224
NTC_997,-3.089323333333332,0.1484674206618572,NTC,-2.559099175025174
NTC_1411,-3.704389999999999,0.20377356317241546,NTC,-2.5591858345865353
NTC_392,-3.9952233333333327,0.22879018168669396,NTC,-2.55919071315736
IGSF10,-4.72309,0.2866519069154311,IGSF10,-2.5629619513716504
PAK7,-4.73609,0.2866519069154311,PAK7,-2.57001633851393
NTC_684,-2.4509566666666673,0.08847862381360788,NTC,-2.5812535449726592
NTC_1447,-3.2294899999999975,0.15849610587601926,NTC,-2.5835319430705885
YES1,-2.927089999999999,0.1304487196625097,YES1,-2.589187254605542
NTC_1932,-4.869756666666665,0.29355407615045903,NTC,-2.592229349948063
NTC_615,-3.862523333333333,0.2113022876706131,NTC,-2.607573283674645
NTC_1659,-4.688423333333332,0.27784401721652574,NTC,-2.6076961369904215
NTC_764,-4.378123333333332,0.25295304042388234,NTC,-2.613564925924314
RPS6KA2,-4.82909,0.2866519069154311,RPS6KA2,-2.620482338839472
NTC_838,-3.9091566666666653,0.21215506336338563,NTC,-2.6322173455080917
PPP1R21,-2.978589999999998,0.1304487196625097,PPP1R21,-2.6347421038285526
NTC_1332,-3.4152233333333326,0.16902942743974148,NTC,-2.636681097698634
SLC23A1,-4.860089999999999,0.2866519069154311,SLC23A1,-2.6373043389479855
TRAPPC1,-4.867089999999998,0.2866519069154311,TRAPPC1,-2.6411028551015208
CLPB,-4.869089999999999,0.2866519069154311,CLPB,-2.6421881454311027
NTC_694,-3.9243566666666654,0.21215506336338563,NTC,-2.6424522138091975
NSF,-4.876089999999999,0.2866519069154311,NSF,-2.645986661584638
NTC_1195,-3.6919899999999997,0.19165724542534968,NTC,-2.6489096317775513
PTK2,-2.9957399999999987,0.1304487196625097,PTK2,-2.649912310899906
NTC_1086,-4.698923333333332,0.2727369352991684,NTC,-2.6513958906798423
LTA,-4.89009,0.2866519069154311,LTA,-2.6535836938917092
SERPINC1,-4.898089999999999,0.2866519069154311,SERPINC1,-2.6579248552100347
NTC_338,-4.228223333333333,0.23419157886447906,NTC,-2.66559344708849
NTC_1490,-3.6218233333333307,0.18306158673931905,NTC,-2.6707425859201264
YARS2,-4.924089999999999,0.2866519069154311,YARS2,-2.672033629494595
KCNN4,-2.239656666666666,0.06410871005026214,KCNN4,-2.672096208816283
CYP2D6,-3.029189999999999,0.1304487196625097,CYP2D6,-2.6795008488903864
CALM1,-4.940089999999999,0.2866519069154311,CALM1,-2.6807159521312474
NTC_32,-4.557223333333332,0.25780267277194047,NTC,-2.682894726284884
NTC_1219,-5.221089999999999,0.3043524060989682,NTC,-2.6973365392884086
NUAK1,-4.971089999999999,0.2866519069154311,NUAK1,-2.6975379522397613
NTC_928,-3.4152566666666653,0.1619505367991687,NTC,-2.700162056999585
NTC_611,-3.151823333333332,0.13893076276398555,NTC,-2.7017479408883114
NTC_627,-2.980456666666666,0.12339263447977145,NTC,-2.708373052607291
ACSL4,-3.0621399999999985,0.1304487196625097,ACSL4,-2.708647106791323
MOCOS,-3.070239999999999,0.1304487196625097,MOCOS,-2.715812044241933
NTC_1454,-3.0592566666666654,0.1291574595747507,NTC,-2.719313613239958
NTC_1378,-3.2070566666666656,0.14131237316503037,NTC,-2.7254202874836566
PTPN9,-3.084839999999999,0.1304487196625097,PTPN9,-2.728726622856612
NTC_530,-4.908023333333332,0.27784401721652574,NTC,-2.729837426496367
NTC_1319,-4.047889999999998,0.2113022876706131,NTC,-2.7327135419903623
NTC_1684,-5.385423333333331,0.3098492554605091,NTC,-2.74037020247554
MINPP1,-5.07609,0.2866519069154311,MINPP1,-2.754515694542793
GLS,-2.3146233333333326,0.06410871005026214,GLS,-2.7615376615036418
NTC_158,-3.3070899999999996,0.14523450405360747,NTC,-2.771110565166402
NTC_929,-4.459523333333332,0.23878682530609985,NTC,-2.7737773055731667
CTDP1,-5.117089999999998,0.2866519069154311,CTDP1,-2.7767641462992136
NTC_903,-3.7342233333333317,0.18007937539939678,NTC,-2.780263794612504
NTC_597,-2.3497233333333325,0.06532722993143544,NTC,-2.784200704543635
C5,-5.133089999999998,0.2866519069154311,C5,-2.785446468935866
NTC_1728,-3.8725899999999998,0.19082864838605995,NTC,-2.7857725007679845
MC2R,-3.175489999999999,0.1304487196625097,MC2R,-2.8089120030909034
TWF2,-5.190089999999999,0.2866519069154311,TWF2,-2.8163772433289402
MELK,-3.1864399999999984,0.1304487196625097,MELK,-2.818597937051912
STK16,-3.1885400000000006,0.1304487196625097,STK16,-2.8204555134279983
NTC_1443,-4.794689999999998,0.25780267277194047,NTC,-2.8226943413286456
NTC_1585,-3.3717566666666654,0.14448432498466082,NTC,-2.832880043665191
TRIM24,-5.226089999999998,0.2866519069154311,TRIM24,-2.835912469261408
C4A,-2.3795899999999994,0.06410871005026214,C4A,-2.839048284575079
C4B,-2.3795899999999994,0.06410871005026214,C4B,-2.839048284575079
DYRK2,-3.2114899999999986,0.1304487196625097,DYRK2,-2.840756169538057
FCER1A,-5.242089999999998,0.2866519069154311,FCER1A,-2.8445947918980603
NTC_478,-4.653423333333332,0.24344533023755743,NTC,-2.855333817614878
NTC_222,-4.579356666666665,0.2379105494267607,NTC,-2.8556240803988566
NTC_309,-3.782256666666666,0.17553131588719517,NTC,-2.85804481936279
TP53RK,-5.27509,0.2866519069154311,TP53RK,-2.8625020823361567
SSTR1,-3.4447899999999985,0.14756517883656645,SSTR1,-2.862675990751891
NTC_977,-2.7263899999999976,0.08907424316359681,NTC,-2.8633852603745025
NTC_514,-2.9694899999999995,0.10795520762873964,NTC,-2.870773471095547
NTC_1134,-4.1514566666666655,0.2029299912816771,NTC,-2.8755220832978745
CRB2,-2.4141233333333316,0.06410871005026214,CRB2,-2.8802494161820604
UQCRQ,-5.315089999999999,0.2866519069154311,UQCRQ,-2.884207888927787
NTC_555,-3.1496899999999988,0.12058656788492954,NTC,-2.8936235589388253
PIK3C2G,-5.333089999999999,0.2866519069154311,PIK3C2G,-2.893975501894021
DHODH,-2.428023333333331,0.06410871005026214,DHODH,-2.896833269348191
PTGER1,-3.27959,0.1304487196625097,PTGER1,-2.900994717733924
NTC_1284,-2.8414566666666667,0.09519774237392006,NTC,-2.9021881169001307
NTC_403,-4.098423333333332,0.1956356943305354,NTC,-2.903945656079444
PPIH,-5.35809,0.2866519069154311,PPIH,-2.9075416310137907
NTC_1283,-4.21019,0.20377356317241546,NTC,-2.9086188573335656
NTC_1640,-4.439623333333334,0.22078283894822415,NTC,-2.9125469019170467
CA12,-3.2978899999999998,0.1304487196625097,CA12,-2.917182169011227
NTC_1412,-4.276523333333333,0.20708543515183575,NTC,-2.9245023848686182
NTC_748,-3.092089999999998,0.11246740526523077,NTC,-2.934310926484291
NTC_776,-4.237423333333333,0.2029299912816771,NTC,-2.935067218481953
JAK3,-3.320839999999998,0.1304487196625097,JAK3,-2.937482825121286
NTC_881,-3.727923333333332,0.1619505367991687,NTC,-2.9473618291461015
CDK13,-3.3353399999999995,0.1304487196625097,CDK13,-2.950308947718058
NTC_1870,-3.371323333333332,0.13283986404469353,NTC,-2.9555433450754096
NTC_1713,-4.554556666666666,0.22432452645183232,NTC,-2.956468581915034
NTC_852,-4.023423333333333,0.18387947104516034,NTC,-2.959094099853205
NTC_825,-3.5801566666666647,0.1484674206618572,NTC,-2.965690212245252
NTC_218,-4.580756666666665,0.22518985417312132,NTC,-2.965816310596991
NTC_889,-4.047656666666666,0.18387947104516034,NTC,-2.976916910864005
NDUFA5,-5.494089999999999,0.2866519069154311,NDUFA5,-2.9813413734253356
NTC_570,-4.21019,0.1956356943305354,NTC,-2.9831381405457016
PRKAA1,-2.500923333333332,0.06410871005026214,PRKAA1,-2.9838090172482596
SCGB1A1,-5.510089999999999,0.2866519069154311,SCGB1A1,-2.990023696061988
RAF1,-5.51209,0.2866519069154311,RAF1,-2.99110898639157
MAP2K6,-5.521089999999998,0.2866519069154311,MAP2K6,-2.995992792874686
NTC_577,-3.3905899999999987,0.12987297886722277,NTC,-3.0056942852568986
NTC_829,-3.5436900000000007,0.14131237316503037,NTC,-3.011497962894211
NTC_7,-4.136756666666666,0.18691532025049096,NTC,-3.0130278190503104
PVALB,-5.562089999999999,0.2866519069154311,PVALB,-3.018241244631108
GSS,-2.5330899999999987,0.06410871005026214,GSS,-3.022186519179474
NTC_1840,-4.453923333333331,0.20793368972122395,NTC,-3.03791038086087
NTC_1959,-5.040423333333332,0.24816732837770994,NTC,-3.050743413724869
NTC_2152,-4.365889999999999,0.19967434730153555,NTC,-3.054715989442544
ARL5B,-3.45629,0.1304487196625097,ARL5B,-3.0572965013787043
NTC_1562,-3.529189999999999,0.13585895704724807,NTC,-3.05949618614602
NTC_1998,-3.416923333333332,0.12624942382243678,NTC,-3.0710302181875915
NTC_614,-4.794556666666664,0.22879018168669396,NTC,-3.071213764864218
NAPB,-3.4763899999999994,0.1304487196625097,NAPB,-3.0750761609783646
NTC_893,-3.184756666666668,0.10729846336015632,NTC,-3.087323805928432
RXRG,-3.4912899999999985,0.1304487196625097,RXRG,-3.088256107646769
CPD,-2.589223333333332,0.06410871005026214,CPD,-3.0891582427568474
NTC_2158,-4.088689999999999,0.17553131588719517,NTC,-3.089599755475905
BLVRA,-2.5954900000000007,0.06410871005026214,BLVRA,-3.0966348959828274
NTC_2127,-4.3204233333333315,0.19165724542534968,NTC,-3.099794685528167
MTAP,-2.611956666666665,0.06410871005026214,MTAP,-3.1162809954170423
NTC_1310,-3.9325900000000003,0.16116791237313866,NTC,-3.11744832718505
NTC_1260,-3.4702566666666668,0.12624942382243678,NTC,-3.118964649933697
NTC_631,-4.128756666666665,0.17553131588719517,NTC,-3.119875947492435
NTC_373,-4.29719,0.18773863100388355,NTC,-3.121678005143074
NTC_1374,-3.156256666666665,0.10231952111795779,NTC,-3.1248250882374204
NTC_1995,-4.710889999999998,0.21643800884670739,NTC,-3.1311706272211945
GAPDH,-5.796089999999999,0.2866519069154311,GAPDH,-3.1452202131921485
NTC_1943,-4.79109,0.2199215225083293,NTC,-3.151254484945103
NTC_31,-5.356089999999999,0.25691448209462286,NTC,-3.1612254532632535
NTC_711,-3.3925233333333322,0.11580365086556331,NTC,-3.1763441088646682
ISYNA1,-2.6794233333333315,0.06410871005026214,ISYNA1,-3.1967743258924592
CNKSR1,-3.62334,0.1304487196625097,CNKSR1,-3.205062279295289
MAPK4,-2.689523333333333,0.06410871005026214,MAPK4,-3.208824463804542
COX7B,-3.640489999999999,0.1304487196625097,COX7B,-3.2202324863666405
PRKCI,-3.6410399999999994,0.1304487196625097,PRKCI,-3.2207189944651393
NTC_1355,-3.3623899999999987,0.10985891144543539,NTC,-3.2250858244471865
NTC_1576,-4.055356666666666,0.15849610587601926,NTC,-3.2442099182464115
CYTH3,-3.6706399999999997,0.1304487196625097,CYTH3,-3.2469019757661326
NTC_2072,-3.2944233333333317,0.1029611304392322,NTC,-3.2526721109743053
GABRB3,-2.728256666666666,0.06410871005026214,GABRB3,-3.2550365438502107
ACY1,-3.682389999999999,0.1304487196625097,ACY1,-3.2572955578704113
NTC_156,-3.79089,0.13819421133091037,NTC,-3.258308426000082
NTC_1955,-3.9428899999999993,0.1484674206618572,NTC,-3.2661672015171646
SLC12A3,-2.7396233333333333,0.06410871005026214,SLC12A3,-3.268597920180309
NTC_1669,-4.1543899999999985,0.1619505367991687,NTC,-3.2845338850994623
NTC_883,-3.8771899999999997,0.14205578057531248,NTC,-3.2860778354165596
NTC_414,-4.5814233333333325,0.19165724542534968,NTC,-3.287055597365399
GLIPR2,-2.755656666666666,0.06410871005026214,GLIPR2,-3.287727016997836
NTC_413,-4.364756666666664,0.1763379440987929,NTC,-3.289517311211213
NTC_303,-3.7973566666666647,0.13585895704724807,NTC,-3.2919730133834757
PNPO,-3.725489999999998,0.1304487196625097,PNPO,-3.2954201015890865
CHRNA9,-3.7254899999999997,0.1304487196625097,CHRNA9,-3.295420101589088
IRAK1BP1,-2.7627233333333328,0.06410871005026214,IRAK1BP1,-3.296158136593087
NTC_784,-5.760090000000001,0.2676944507984411,NTC,-3.296848749752736
NTC_609,-4.324356666666666,0.17265476766881238,NTC,-3.298711912907474
FCGR3A,-3.748689999999999,0.1304487196625097,FCGR3A,-3.3159418977439197
NTC_816,-3.3855233333333326,0.10478551584331973,NTC,-3.3167929584627984
FBP1,-2.780223333333333,0.06410871005026214,FBP1,-3.31703708842095
GP1BA,-6.125089999999999,0.2866519069154311,GP1BA,-3.323750472408313
NTC_376,-3.502956666666665,0.11246740526523077,NTC,-3.324212433014884
MTNR1A,-3.76129,0.1304487196625097,MTNR1A,-3.3270873560004244
NTC_131,-3.546223333333333,0.11512448710236631,NTC,-3.3293089787033003
KCNH6,-2.7919566666666666,0.06410871005026214,KCNH6,-3.331035928503632
SYK,-2.79859,0.06410871005026214,SYK,-3.338950045482193
NTC_1712,-4.6016900000000005,0.18773863100388355,NTC,-3.342880919737511
SLC6A3,-3.7811399999999997,0.1304487196625097,SLC6A3,-3.344645875555313
RBP1,-3.7824399999999985,0.1304487196625097,RBP1,-3.345795803788126
NTC_1396,-5.535423333333331,0.24816732837770994,NTC,-3.350344834067302
NTC_1524,-3.2265566666666645,0.09127784280095547,NTC,-3.3544400537185526
CA1,-6.186089999999999,0.2866519069154311,CA1,-3.35685182746055
NEK3,-3.803589999999999,0.1304487196625097,NEK3,-3.364504251575829
AKAP10,-2.822689999999999,0.06410871005026214,AKAP10,-3.367703344856563
NTC_2118,-3.9416233333333315,0.13893076276398555,NTC,-3.378765748690648
NTC_941,-4.037289999999998,0.14523450405360747,NTC,-3.3829671928011207
FBP2,-6.247089999999999,0.2866519069154311,FBP2,-3.3899531825127873
STYXL1,-6.26209,0.2866519069154311,STYXL1,-3.3980928599846494
NTC_33,-4.289823333333332,0.16116791237313866,NTC,-3.4006348422844463
ALDH1L1,-2.8553233333333337,0.06410871005026214,ALDH1L1,-3.406637618836522
NTC_823,-4.264689999999999,0.15771976791599884,NTC,-3.420767003068916
NTC_2101,-3.8061566666666655,0.12624942382243678,NTC,-3.42086169287463
IBTK,-2.8679566666666636,0.06410871005026214,IBTK,-3.421710233584632
NTC_645,-3.9146899999999993,0.13283986404469353,NTC,-3.4318974579319272
GRIK2,-3.8823899999999982,0.1304487196625097,GRIK2,-3.434207593687932
NTC_1583,-3.7739233333333333,0.12128044498725334,NTC,-3.4577033469662743
FSHR,-3.9115899999999977,0.1304487196625097,FSHR,-3.46003675091729
PARP15,-2.902456666666665,0.06410871005026214,PARP15,-3.4628715957595633
NTC_589,-3.6557899999999988,0.11246740526523077,NTC,-3.469247189419457
NTC_166,-3.552623333333332,0.10478551584331973,NTC,-3.4805006186352183
MAT2A,-3.9355899999999986,0.1304487196625097,MAT2A,-3.481266195215393
NTC_1213,-4.629889999999999,0.1763379440987929,NTC,-3.489336168569234
NTC_1066,-3.0960899999999993,0.07428191754106296,NTC,-3.4958475235647892
NTC_1992,-3.936089999999999,0.1291574595747507,NTC,-3.4987136700759556
PIP,-3.9561399999999987,0.1304487196625097,PIP,-3.4994439068956433
HMGCL,-3.957189999999998,0.1304487196625097,HMGCL,-3.500372695083685
CAMK4,-2.937923333333333,0.06410871005026214,CAMK4,-3.5051862714640336
NTC_1832,-4.875423333333333,0.19082864838605995,NTC,-3.507167103050564
NTC_345,-4.4408900000000004,0.1619505367991687,NTC,-3.5110458298328653
NTC_1816,-4.393256666666665,0.15849610587601926,NTC,-3.514523634518501
NTC_946,-4.947756666666666,0.19480195547726564,NTC,-3.514919425925508
NTC_1394,-4.187556666666665,0.14448432498466082,NTC,-3.518298289432846
ECE1,-2.9502233333333328,0.06410871005026214,ECE1,-3.5198611918916165
NTC_1725,-3.7166233333333336,0.11246740526523077,NTC,-3.5269763999839836
NTC_1520,-3.5401566666666655,0.1005339254431607,NTC,-3.5319695575885763
HAO2,-3.9954399999999994,0.1304487196625097,HAO2,-3.534207121933787
NTC_1126,-4.637856666666663,0.17265476766881238,NTC,-3.537856429516839
NPR3,-4.002139999999998,0.1304487196625097,NPR3,-3.540133675133673
NTC_316,-4.002456666666666,0.12987297886722277,NTC,-3.548102580963307
F7,-4.01259,0.1304487196625097,F7,-3.5493773290051402
PROS1,-2.98079,0.06410871005026214,PROS1,-3.556329761084284
SLC7A1,-2.9812899999999987,0.06410871005026214,SLC7A1,-3.5569263025650786
NTC_1954,-4.768023333333331,0.17926705338293636,NTC,-3.559327129529385
NTC_46,-3.7128900000000007,0.10985891144543539,NTC,-3.5612730548008176
MAST2,-2.98609,0.06410871005026214,MAST2,-3.5626531007807225
NTC_1878,-3.4214233333333324,0.09067451794323342,NTC,-3.5668842725166803
CCL8,-4.03259,0.1304487196625097,CCL8,-3.567068532586892
TH,-2.9899233333333326,0.06410871005026214,TH,-3.567226585466825
PPP1R2,-4.04864,0.1304487196625097,PPP1R2,-3.581265723461248
NTC_1082,-4.4796233333333335,0.15849610587601926,NTC,-3.583615361741644
NTC_2065,-5.325756666666666,0.21215506336338563,NTC,-3.5860801373072007
COMP,-4.0590899999999985,0.1304487196625097,COMP,-3.5905093773327126
TENC1,-3.0107566666666647,0.06410871005026214,TENC1,-3.5920824804999936
NTC_990,-4.813923333333332,0.17926705338293636,NTC,-3.593591457495916
NTC_72,-4.390456666666666,0.15175501145043363,NTC,-3.5951559910935664
NTC_707,-3.1240566666666654,0.07058647485158315,NTC,-3.5966592937259354
FGFR1,-3.0312566666666667,0.06410871005026214,FGFR1,-3.6165406812126353
AKR1B1,-3.0323900000000004,0.06410871005026214,AKR1B1,-3.61789284190244
CCBL1,-6.6840899999999985,0.2866519069154311,CCBL1,-3.627089119526355
STK17A,-3.044556666666664,0.06410871005026214,STK17A,-3.632408684601808
NTC_317,-3.281723333333331,0.07813397307141548,NTC,-3.633393105955426
NTC_1696,-4.090189999999999,0.1291574595747507,NTC,-3.635690156019799
MTMR3,-4.117589999999999,0.1304487196625097,MTMR3,-3.642256147809338
MMP21,-4.12109,0.1304487196625097,MMP21,-3.645352108436145
NTC_335,-3.9698233333333315,0.12058656788492954,NTC,-3.6470809261096773
NTC_1529,-3.7809566666666674,0.10729846336015632,NTC,-3.6652839597950897
LTC4S,-4.147589999999998,0.1304487196625097,LTC4S,-3.6687929531819656
PCK1,-3.075623333333332,0.06410871005026214,PCK1,-3.669473795275272
SNRK,-3.075823333333333,0.06410871005026214,SNRK,-3.669712411867592
PTPRO,-4.16359,0.1304487196625097,PTPRO,-3.6829459160473688
NTC_94,-4.144089999999999,0.1291574595747507,NTC,-3.683600815282442
CDK8,-3.0885566666666664,0.06410871005026214,CDK8,-3.6849043349118653
NTC_875,-3.7285899999999996,0.10231952111795779,NTC,-3.691458840720971
NTC_1006,-4.620356666666665,0.15849610587601926,NTC,-3.696199411273138
NTC_1384,-4.621923333333332,0.15849610587601926,NTC,-3.697452715472091
NTC_228,-3.5536899999999987,0.09067451794323342,NTC,-3.7047742227357037
NTC_220,-3.8365899999999984,0.10795520762873964,NTC,-3.70904794812256
NTC_128,-3.597089999999999,0.09291403815166967,NTC,-3.7119043091466826
NTC_824,-3.4896899999999986,0.0863257970151776,NTC,-3.7125395210131003
IGF1R,-3.1176899999999987,0.06410871005026214,IGF1R,-3.719662818526249
CTSK,-4.210639999999999,0.1304487196625097,CTSK,-3.7245644724734395
NTC_243,-4.0742233333333315,0.12128044498725334,NTC,-3.7328409752065497
NTC_848,-3.796289999999998,0.10231952111795779,NTC,-3.758484650347882
NTC_1787,-3.7677233333333335,0.1005339254431607,NTC,-3.759009944404389
ADRB1,-3.1608899999999993,0.06410871005026214,ADRB1,-3.771204002467031
NTRK2,-3.1685566666666665,0.06410871005026214,NTRK2,-3.780350971839238
TMPRSS15,-6.985089999999999,0.2866519069154311,TMPRSS15,-3.7904253141283775
STK39,-3.190689999999999,0.06410871005026214,STK39,-3.806757874722477
NID1,-3.1949899999999998,0.06410871005026214,NID1,-3.811888131457324
NTC_1108,-4.3520233333333325,0.13211726081133054,NTC,-3.8256045019925553
NTC_1211,-3.645556666666667,0.08847862381360788,NTC,-3.8393604412557445
CTSL,-3.2193899999999998,0.06410871005026214,CTSL,-3.8409993557201725
PNCK,-3.226023333333333,0.06410871005026214,PNCK,-3.848913472698734
NTC_671,-3.5316899999999984,0.08012012595668537,NTC,-3.8716447461408454
MAST1,-3.2514233333333324,0.06410871005026214,MAST1,-3.8792177799231737
NTC_770,-3.5058566666666655,0.07813397307141548,NTC,-3.8815445877931642
PLA2G1B,-3.2548899999999987,0.06410871005026214,PLA2G1B,-3.883353800856693
GDI1,-4.394889999999999,0.1304487196625097,GDI1,-3.8875446854703313
NTC_1407,-3.9357566666666655,0.10231952111795779,NTC,-3.896562438372994
NTC_1963,-3.114723333333333,0.05577632267297288,NTC,-3.904461814854969
NTC_1732,-3.7870899999999983,0.09291403815166967,NTC,-3.9079688554154353
LATS2,-3.278923333333334,0.06410871005026214,LATS2,-3.91202756136696
DYRK1B,-3.282889999999999,0.06410871005026214,DYRK1B,-3.9167601237812737
ATP4A,-3.2841566666666653,0.06410871005026214,ATP4A,-3.91827136219929
SORD,-3.2864233333333344,0.06410871005026214,SORD,-3.920975683578902
BCR,-3.300489999999999,0.06410871005026214,BCR,-3.9377583839052956
SRC,-3.305823333333332,0.06410871005026214,SRC,-3.9441214930337862
NTC_944,-3.1511233333333335,0.05577632267297288,NTC,-3.9500910392999615
DRD1,-3.315389999999998,0.06410871005026214,DRD1,-3.9555353200330177
NTC_956,-3.9165899999999985,0.09752618748776634,NTC,-3.9591976151131765
ITPKA,-3.3281899999999984,0.06410871005026214,ITPKA,-3.9708067819413975
NTC_679,-3.4872566666666645,0.07241489820247864,NTC,-3.97607267141605
RAB9A,-3.337723333333332,0.06410871005026214,RAB9A,-3.9821808395085765
NTC_1841,-3.008823333333331,0.04741813729486171,NTC,-3.9838491137650376
PFKFB2,-3.3526566666666655,0.06410871005026214,PFKFB2,-3.9999975450683527
GABRA5,-4.524589999999999,0.1304487196625097,GABRA5,-4.002272140697994
NTC_871,-5.299756666666666,0.17553131588719517,NTC,-4.004736700854096
ERO1LB,-3.3592899999999988,0.06410871005026214,ERO1LB,-4.007911662046914
ABL1,-4.54309,0.1304487196625097,ABL1,-4.018636504011115
NTC_1783,-3.398623333333332,0.06532722993143544,NTC,-4.02704835284655
NTC_1996,-3.0788899999999986,0.04873320962717262,NTC,-4.040042438105436
NTC_80,-3.164256666666666,0.052863427571079424,NTC,-4.0402642954363195
MTM1,-4.578589999999999,0.1304487196625097,MTM1,-4.050038390368725
TXK,-3.3974900000000003,0.06410871005026214,TXK,-4.053487431179736
NTC_56,-3.4960566666666653,0.06879609169744531,NTC,-4.063942943044122
NTC_52,-4.799089999999999,0.14205578057531248,NTC,-4.067425965498016
ACOT13,-3.4253899999999993,0.06410871005026214,ACOT13,-4.086774445808156
PPP1R14A,-3.4300566666666645,0.06410871005026214,PPP1R14A,-4.092342166295585
EPHB2,-3.432956666666665,0.06410871005026214,EPHB2,-4.095802106884202
NTC_1306,-3.2725233333333312,0.05577632267297288,NTC,-4.102272024124741
CTSH,-4.638089999999999,0.1304487196625097,CTSH,-4.102669721024437
TRPV3,-3.4395566666666673,0.06410871005026214,TRPV3,-4.103676454430714
LCTL,-4.646089999999998,0.1304487196625097,LCTL,-4.109746202457138
PIP4K2A,-3.464223333333334,0.06410871005026214,PIP4K2A,-4.133105834149987
UHMK1,-3.469056666666666,0.06410871005026214,UHMK1,-4.138872401797681
NEK1,-4.68059,0.1304487196625097,NEK1,-4.140263528635661
NTC_1492,-4.652756666666666,0.12695779141418498,NTC,-4.170454894274856
FGGY,-4.716589999999999,0.1304487196625097,FGGY,-4.172107695082814
ACHE,-3.497089999999999,0.06410871005026214,ACHE,-4.172318494154314
DRD2,-4.718089999999999,0.1304487196625097,DRD2,-4.173434535351446
FFAR1,-3.5062233333333337,0.06410871005026214,FFAR1,-4.183215318536857
NR1H3,-3.5264566666666655,0.06410871005026214,NR1H3,-4.207355363793069
OGDH,-3.5274233333333322,0.06410871005026214,OGDH,-4.208508677322609
CAMKK2,-3.5277233333333333,0.06410871005026214,CAMKK2,-4.208866602211088
NTC_886,-4.536956666666666,0.1178306960805226,NTC,-4.213660197427334
PPM1M,-3.534023333333333,0.06410871005026214,PPM1M,-4.216383024869118
PCYT1A,-3.534356666666665,0.06410871005026214,PCYT1A,-4.2167807191896465
INPP5B,-3.538989999999999,0.06410871005026214,INPP5B,-4.222308670245025
EIF2AK3,-3.551123333333332,0.06410871005026214,EIF2AK3,-4.2367847435123425
IGFBP7,-3.5548899999999994,0.06410871005026214,IGFBP7,-4.241278689334341
SYN1,-3.5587899999999992,0.06410871005026214,SYN1,-4.24593171288455
PGK1,-7.8250899999999985,0.2866519069154311,PGK1,-4.246247252552626
PIK3AP1,-3.562123333333333,0.06410871005026214,PIK3AP1,-4.249908656089858
PIK3CA,-3.569823333333331,0.06410871005026214,PIK3CA,-4.259095394894115
HLA-B,-3.5728566666666657,0.06410871005026214,HLA-B,-4.262714413210946
MMP24,-3.581856666666666,0.06410871005026214,MMP24,-4.2734521598652755
CMAS,-3.584389999999998,0.06410871005026214,CMAS,-4.276474636701308
MINK1,-4.84209,0.1304487196625097,MINK1,-4.28311999755831
IRAK1,-3.5930899999999992,0.06410871005026214,IRAK1,-4.286854458467161
MMP25,-4.863589999999999,0.1304487196625097,MMP25,-4.302138041408693
STK3,-4.86639,0.1304487196625097,STK3,-4.304614809910139
NTC_2174,-4.397423333333333,0.10478551584331973,NTC,-4.308150117819306
PPP1R3E,-3.6144233333333338,0.06410871005026214,PPP1R3E,-4.312306894981128
NTC_1205,-4.096123333333334,0.08847862381360788,NTC,-4.313879971281374
EGFR,-3.6242566666666667,0.06410871005026214,EGFR,-4.324038877436784
PRKG1,-4.9036399999999984,0.1304487196625097,PRKG1,-4.337564676581151
NTC_1581,-4.692423333333333,0.11851724239467071,NTC,-4.346209123045514
STK32C,-3.6491566666666655,0.06410871005026214,STK32C,-4.353746643180427
LYN,-3.6563566666666665,0.06410871005026214,LYN,-4.362336840503892
CLCNKA,-3.678489999999999,0.06410871005026214,CLCNKA,-4.388743743387131
AKAP7,-3.680956666666666,0.06410871005026214,AKAP7,-4.391686681359058
MTHFD2,-3.6824233333333316,0.06410871005026214,MTHFD2,-4.393436536369392
NTC_122,-4.533923333333333,0.10729846336015632,NTC,-4.395214738934859
MYLK,-3.688723333333333,0.06410871005026214,MYLK,-4.400952959027425
CKMT1A,-3.6930233333333335,0.06410871005026214,CKMT1A,-4.406083215762272
CALY,-3.6999566666666643,0.06410871005026214,CALY,-4.414355257629308
APRT,-3.702656666666667,0.06410871005026214,APRT,-4.417576581625609
ACY3,-3.7050899999999993,0.06410871005026214,ACY3,-4.420479750165483
NTC_1632,-4.767556666666663,0.1178306960805226,NTC,-4.427828000409818
OAZ2,-3.716056666666666,0.06410871005026214,OAZ2,-4.433563893310943
CDKL1,-3.7231899999999998,0.06410871005026214,CDKL1,-4.442074551770301
PPP2R5B,-3.724456666666666,0.06410871005026214,PPP2R5B,-4.443585790188317
NTC_390,-3.680889999999997,0.062003897716100966,NTC,-4.444972859607697
PDE4C,-3.732523333333332,0.06410871005026214,PDE4C,-4.45320999274516
MARK2,-3.7334900000000006,0.06410871005026214,MARK2,-4.4543633062747015
NTC_1202,-3.3676233333333316,0.04741813729486171,NTC,-4.458920230830368
ADCK1,-3.7385233333333323,0.06410871005026214,ADCK1,-4.460368490514713
NTC_1486,-4.195289999999999,0.0863257970151776,NTC,-4.46319871596361
NTC_1938,-2.5310233333333327,0.01719497673163492,NTC,-4.466239743426229
PLEKHA4,-3.7465900000000003,0.06410871005026214,PLEKHA4,-4.469992693071558
NTC_1085,-3.7058899999999992,0.062003897716100966,NTC,-4.475162384828555
NTC_2170,-4.780123333333333,0.11580365086556331,NTC,-4.475523112927706
ACP6,-3.7513566666666653,0.06410871005026214,ACP6,-4.475679721855146
NTC_405,-3.9130233333333324,0.07058647485158315,NTC,-4.504979659481136
CMPK1,-5.0945899999999975,0.1304487196625097,CMPK1,-4.506471442777928
SPHKAP,-5.100089999999999,0.1304487196625097,SPHKAP,-4.511336523762911
SLC25A22,-3.781323333333332,0.06410871005026214,SLC25A22,-4.511432441270857
ABAT,-3.79559,0.06410871005026214,ABAT,-4.528453758189573
NTC_1499,-3.4847233333333323,0.0500787678059784,NTC,-4.531347321389445
PRODH,-3.799123333333333,0.06410871005026214,PRODH,-4.532669317987199
PTPN18,-3.8046566666666655,0.06410871005026214,PTPN18,-4.539271043708007
NTC_2024,-5.236756666666664,0.13585895704724807,NTC,-4.539805748469595
NTC_434,-4.029489999999998,0.07428191754106296,NTC,-4.549765232189335
NTC_1958,-3.7328900000000003,0.060395433809870766,NTC,-4.5503775862036875
NTC_914,-3.231756666666665,0.039023301077239524,NTC,-4.552498039134909
NTC_2042,-4.716756666666666,0.10729846336015632,NTC,-4.572454560245303
PRDX6,-3.836290000000001,0.06410871005026214,PRDX6,-4.577012234726375
PRKCZ,-3.8391899999999994,0.06410871005026214,PRKCZ,-4.58047217531499
SLC22A6,-3.839456666666666,0.06410871005026214,SLC22A6,-4.580790330771415
FAH,-3.8420233333333327,0.06410871005026214,FAH,-4.583852577039502
TPTE2,-3.8440233333333316,0.06410871005026214,TPTE2,-4.586238742962685
ITGA4,-3.846023333333334,0.06410871005026214,ITGA4,-4.588624908885872
PPT1,-3.8537566666666647,0.06410871005026214,PPT1,-4.597851417122182
HEXB,-3.85959,0.06410871005026214,HEXB,-4.604811067731471
THRA,-3.872723333333332,0.06410871005026214,THRA,-4.620480223960381
GALK2,-3.8749899999999995,0.06410871005026214,GALK2,-4.62318454533999
ALDH18A1,-3.878456666666664,0.06410871005026214,ALDH18A1,-4.627320566273507
CTDSPL,-3.8894233333333323,0.06410871005026214,CTDSPL,-4.64040470941897
OPRL1,-3.8959900000000003,0.06410871005026214,OPRL1,-4.648239287533427
DYRK3,-3.8974900000000003,0.06410871005026214,DYRK3,-4.650028911975815
NMT2,-3.906323333333332,0.06410871005026214,NMT2,-4.6605678114698765
GRK5,-3.9112899999999984,0.06410871005026214,GRK5,-4.666493456845784
NTC_396,-4.917523333333333,0.11246740526523077,NTC,-4.666598465193918
NTC_1416,-4.570456666666664,0.09519774237392006,NTC,-4.668142640502573
NTC_1507,-4.885756666666665,0.11052317035805805,NTC,-4.673454249586171
NTC_802,-4.538289999999999,0.09291403815166967,NTC,-4.683146156242212
CAST,-3.9290233333333324,0.06410871005026214,CAST,-4.687650794698019
LDHAL6B,-3.931523333333332,0.06410871005026214,LDHAL6B,-4.690633502101999
TLL2,-3.933723333333332,0.06410871005026214,TLL2,-4.693258284617502
NTC_322,-2.663456666666666,0.01719497673163492,NTC,-4.699931392530377
SLC25A6,-3.9441566666666654,0.06410871005026214,SLC25A6,-4.705706116850114
FN3K,-3.9482566666666647,0.06410871005026214,FN3K,-4.71059775699264
PTPN11,-3.950123333333333,0.06410871005026214,PTPN11,-4.7128248451876145
TLK1,-3.9513566666666664,0.06410871005026214,TLK1,-4.714296314173578
CKM,-3.9584566666666676,0.06410871005026214,CKM,-4.722767203200884
HSPG2,-3.9619899999999992,0.06410871005026214,HSPG2,-4.7269827629985075
HPRT1,-3.9635566666666646,0.06410871005026214,HPRT1,-4.728851926305
IDH3A,-3.9724233333333325,0.06410871005026214,IDH3A,-4.739430595231119
MME,-3.9748566666666667,0.06410871005026214,MME,-4.742333763770994
INPP5F,-3.995989999999998,0.06410871005026214,INPP5F,-4.7675475836926395
LIPT1,-5.40459,0.1304487196625097,LIPT1,-4.780685098295089
CACNB1,-4.008623333333332,0.06410871005026214,CACNB1,-4.782620198440754
PDE10A,-4.0110899999999985,0.06410871005026214,PDE10A,-4.785563136412682
NTC_1987,-2.7241899999999992,0.01719497673163492,NTC,-4.807101335814485
PYCR2,-4.033089999999999,0.06410871005026214,PYCR2,-4.811810961567709
FLT3LG,-4.042789999999999,0.06410871005026214,FLT3LG,-4.823383866295154
ALDH5A1,-4.043289999999998,0.06410871005026214,ALDH5A1,-4.823980407775949
NDST1,-4.053423333333332,0.06410871005026214,NDST1,-4.836070315120083
PI4K2B,-4.05609,0.06410871005026214,PI4K2B,-4.839251869684331
PAK6,-4.059056666666666,0.06410871005026214,PAK6,-4.842791349137053
NTC_77,-4.340423333333333,0.07618808984420936,NTC,-4.853083384436011
GK,-4.079623333333333,0.06410871005026214,GK,-4.867329088713799
SLC1A5,-4.08039,0.06410871005026214,SLC1A5,-4.86824378565102
EGLN2,-5.507089999999999,0.1304487196625097,EGLN2,-4.871352516651568
NTC_1518,-3.6293566666666655,0.04487738616707991,NTC,-4.892272783406766
SKP2,-4.105056666666665,0.06410871005026214,SKP2,-4.897673165370291
NTC_1234,-3.6836899999999977,0.04613303386601212,NTC,-4.921365575907218
NTC_109,-2.790289999999998,0.01719497673163492,NTC,-4.923741290552345
FNTB,-4.133956666666665,0.06410871005026214,FNTB,-4.932153262960305
MTMR2,-4.134756666666665,0.06410871005026214,MTMR2,-4.933107729329579
LDHAL6A,-4.135723333333334,0.06410871005026214,LDHAL6A,-4.93426104285912
CHRNA3,-4.138456666666666,0.06410871005026214,CHRNA3,-4.93752213628747
PTPRK,-4.14469,0.06410871005026214,PTPRK,-4.944959020081395
AVPR1B,-4.1520899999999985,0.06410871005026214,AVPR1B,-4.9537878339971755
EIF2AK4,-4.154423333333333,0.06410871005026214,EIF2AK4,-4.956571694240892
EPHA1,-4.155056666666666,0.06410871005026214,EPHA1,-4.9573273134499
NTSR2,-4.157756666666667,0.06410871005026214,NTSR2,-4.9605486374462
PTPN21,-4.1689566666666655,0.06410871005026214,PTPN21,-4.9739111666160305
NTC_2111,-3.7582566666666652,0.04741813729486171,NTC,-4.976140448304226
NTC_1275,-4.696923333333333,0.08691370252714094,NTC,-4.983021147172829
SCNN1D,-4.196856666666666,0.06410871005026214,SCNN1D,-5.007198181244452
LATS1,-4.212456666666665,0.06410871005026214,LATS1,-5.025810275445289
NTC_1690,-4.050689999999999,0.057282187176543244,NTC,-5.030877618633896
GALK1,-4.225889999999999,0.06410871005026214,GALK1,-5.041837356562677
PTPDC1,-4.242389999999999,0.06410871005026214,PTPDC1,-5.061523225428949
INPP1,-4.245723333333333,0.06410871005026214,INPP1,-5.065500168634256
HRH3,-4.246856666666665,0.06410871005026214,HRH3,-5.066852329324059
PPP1R3F,-4.24819,0.06410871005026214,PPP1R3F,-5.068443106606184
DUSP22,-4.255423333333332,0.06410871005026214,DUSP22,-5.077073073361698
HSD11B2,-4.256123333333332,0.06410871005026214,HSD11B2,-5.077908231434813
NTC_1635,-5.410089999999999,0.11512448710236631,NTC,-5.079167192682808
PTPN20B,-4.271423333333334,0.06410871005026214,PTPN20B,-5.0961624007471755
RPS6KC1,-4.27249,0.06410871005026214,RPS6KC1,-5.097435022572873
PACSIN1,-4.274756666666666,0.06410871005026214,PACSIN1,-5.100139343952481
NTC_877,-3.831723333333332,0.04613303386601212,NTC,-5.119136330436906
DHRS4L1,-4.30239,0.06410871005026214,DHRS4L1,-5.133108203124478
NTRK3,-4.302856666666666,0.06410871005026214,NTRK3,-5.133664975173221
NEK6,-4.304556666666666,0.06410871005026214,NEK6,-5.135693216207927
KCNN2,-4.307956666666665,0.06410871005026214,KCNN2,-5.139749698277339
NR3C2,-4.318423333333333,0.06410871005026214,NR3C2,-5.152237299942005
CTNS,-4.318756666666665,0.06410871005026214,CTNS,-5.1526349942625345
ROCK2,-4.324256666666666,0.06410871005026214,ROCK2,-5.1591969505512925
NTC_1094,-5.052089999999999,0.09519774237392006,NTC,-5.160070092045504
PPM1L,-4.327756666666665,0.06410871005026214,PPM1L,-5.163372740916864
TNK2,-4.329756666666666,0.06410871005026214,TNK2,-5.165758906840049
ASGR2,-4.330756666666665,0.06410871005026214,ASGR2,-5.166951989801641
PIP5K1C,-4.345523333333332,0.06410871005026214,PIP5K1C,-5.184569848201152
MTMR6,-4.36119,0.06410871005026214,MTMR6,-5.203261481266097
PRSS1,-4.365423333333331,0.06410871005026214,PRSS1,-5.208312199136835
NTC_1285,-2.9550566666666667,0.01719497673163492,NTC,-5.214488288166698
MTMR12,-4.389823333333331,0.06410871005026214,MTMR12,-5.237423423399684
PURA,-4.396123333333333,0.06410871005026214,PURA,-5.244939846057716
PPP2R3A,-4.405956666666666,0.06410871005026214,PPP2R3A,-5.256671828513372
NTC_259,-3.7354233333333324,0.039023301077239524,NTC,-5.262001182124518
NTC_767,-5.822423333333332,0.12409378666816397,NTC,-5.276570929981014
NTC_1137,-4.818856666666666,0.08012012595668537,NTC,-5.282711986585967
MAPK8IP3,-4.465089999999999,0.06410871005026214,MAPK8IP3,-5.327222800975521
NTC_1317,-4.465423333333333,0.06364764742935071,NTC,-5.34161818053881
PDXP,-4.478489999999998,0.06410871005026214,PDXP,-5.343210112660855
CDKN1A,-4.479423333333332,0.06410871005026214,CDKN1A,-5.344323656758342
PRPS1L1,-4.482089999999999,0.06410871005026214,PRPS1L1,-5.347505211322587
MUC2,-4.496823333333331,0.06410871005026214,MUC2,-5.365083300290044
STK11,-4.498523333333334,0.06410871005026214,STK11,-5.367111541324754
PIK3CD,-4.507756666666668,0.06410871005026214,PIK3CD,-5.378127674003456
NTC_1626,-3.8856899999999994,0.04128210473456222,NTC,-5.37872040960046
ACP5,-4.509689999999998,0.06410871005026214,ACP5,-5.380434301062531
SLC12A1,-4.512389999999999,0.06410871005026214,SLC12A1,-5.38365562505883
NTC_566,-4.605223333333332,0.06704319433355546,NTC,-5.404898727671806
PDLIM5,-4.531623333333333,0.06410871005026214,PDLIM5,-5.406602587353453
DGKD,-4.537490000000001,0.06410871005026214,DGKD,-5.413602007394796
PPIC,-4.54339,0.06410871005026214,PPIC,-5.420641196868187
NTC_1107,-5.560423333333332,0.10543470901281249,NTC,-5.432624766629135
CACNB3,-4.5543233333333335,0.06410871005026214,CACNB3,-5.433685570581596
PTPRE,-4.569423333333332,0.06410871005026214,PTPRE,-5.4517011233016355
GNAT1,-4.573756666666667,0.06410871005026214,GNAT1,-5.456871149468538
SPEG,-4.579456666666668,0.06410871005026214,SPEG,-5.463671722349614
SGK3,-4.582423333333334,0.06410871005026214,SGK3,-5.4672112018023356
PAK1,-4.591423333333334,0.06410871005026214,PAK1,-5.477948948456666
NTC_154,-4.454423333333334,0.05882171103212573,NTC,-5.481000187901462
PRKCA,-4.600889999999999,0.06410871005026214,PRKCA,-5.489243467159736
NT5C2,-4.602623333333333,0.06410871005026214,NT5C2,-5.491311477626496
S100A1,-4.614423333333334,0.06410871005026214,S100A1,-5.505389856573284
ENO3,-4.621856666666665,0.06410871005026214,ENO3,-5.514258439921117
MAPKBP1,-4.622756666666665,0.06410871005026214,MAPKBP1,-5.51533221458655
ABO,-4.638723333333334,0.06410871005026214,ABO,-5.534381772539975
PINK1,-4.6407566666666655,0.06410871005026214,PINK1,-5.53680770789521
ACADSB,-4.643423333333334,0.06410871005026214,ACADSB,-5.539989262459457
SLC12A2,-4.654089999999999,0.06410871005026214,SLC12A2,-5.552715480716439
H6PD,-4.655423333333331,0.06410871005026214,H6PD,-5.55430625799856
HRH1,-4.676756666666667,0.06410871005026214,HRH1,-5.579758694512529
NTC_912,-4.415856666666667,0.05430358074642345,NTC,-5.586816145570482
CSNK1A1L,-4.693423333333333,0.06410871005026214,CSNK1A1L,-5.599643410539064
SMOX,-4.694423333333332,0.06410871005026214,SMOX,-5.600836493500656
NTC_1931,-5.082889999999998,0.07813397307141548,NTC,-5.627572957398333
FADS2,-4.7240899999999995,0.06410871005026214,FADS2,-5.63623128802789
NTC_1863,-5.5767566666666655,0.09752618748776634,NTC,-5.6374248248433405
SDSL,-4.738623333333332,0.06410871005026214,SDSL,-5.653570760403029
CDKL2,-4.741423333333334,0.06410871005026214,CDKL2,-5.6569113926954895
PSAT1,-4.744223333333333,0.06410871005026214,PSAT1,-5.660252024987946
S100A4,-4.751423333333332,0.06410871005026214,S100A4,-5.668842222311409
NTC_470,-3.214389999999999,0.01719497673163492,NTC,-5.672107475186651
CTSG,-4.764756666666666,0.06410871005026214,CTSG,-5.684749995132638
NTC_1741,-4.452889999999999,0.052863427571079424,NTC,-5.685648913385271
RDH13,-4.769090000000001,0.06410871005026214,RDH13,-5.689920021299539
PPCDC,-4.7724233333333315,0.06410871005026214,PPCDC,-5.693896964504843
KCNQ1,-4.7770899999999985,0.06410871005026214,KCNQ1,-5.699464684992273
GPRC5A,-4.807089999999998,0.06410871005026214,GPRC5A,-5.735257173840037
NTC_2148,-3.254089999999999,0.01719497673163492,NTC,-5.74216203196567
F3,-4.830756666666665,0.06410871005026214,F3,-5.7634934705977185
NTC_2004,-4.392689999999997,0.04873320962717262,NTC,-5.763977932774918
AKAP12,-4.838289999999998,0.06410871005026214,AKAP12,-5.772481362241713
NTC_1664,-4.290089999999998,0.04487738616707991,NTC,-5.782923110899967
HIPK3,-4.853089999999999,0.06410871005026214,HIPK3,-5.790138990073278
NTC_716,-4.2337566666666655,0.042452424825013095,NTC,-5.809126931163016
L3MBTL1,-4.8747566666666655,0.06410871005026214,L3MBTL1,-5.8159891209077745
PTP4A1,-4.8760900000000005,0.06410871005026214,PTP4A1,-5.817579898189899
PPM1E,-4.8874233333333335,0.06410871005026214,PPM1E,-5.831101505087943
PIK3R2,-4.895090000000001,0.06410871005026214,PIK3R2,-5.84024847446015
ST14,-4.895756666666666,0.06410871005026214,ST14,-5.841043863101211
EPHA10,-4.897756666666665,0.06410871005026214,EPHA10,-5.843430029024393
NTC_1032,-4.714523333333331,0.057282187176543244,NTC,-5.855345612770648
CERKL,-4.911823333333333,0.06410871005026214,CERKL,-5.860212729350792
RALA,-4.9500899999999985,0.06410871005026214,RALA,-5.905868037347717
NTC_1362,-3.3493899999999988,0.01719497673163492,NTC,-5.910328260203465
MAP3K9,-4.959423333333333,0.06410871005026214,MAP3K9,-5.917003478322577
DUSP14,-4.960756666666666,0.06410871005026214,DUSP14,-5.9185942556047
HMOX2,-4.980389999999999,0.06410871005026214,HMOX2,-5.9420184510839595
NTC_1754,-5.0157566666666655,0.06532722993143544,NTC,-5.9431989490192905
NTC_1989,-4.2273233333333335,0.039023301077239524,NTC,-5.9549289042355475
NAGS,-5.0010900000000005,0.06410871005026214,NAGS,-5.966715268388919
NTC_985,-3.4103233333333334,0.01719497673163492,NTC,-6.017851123169081
PTGER4,-5.051423333333331,0.06410871005026214,PTGER4,-6.026767110789055
SDHA,-5.077423333333333,0.06410871005026214,SDHA,-6.057787267790452
TNIK,-5.094423333333334,0.06410871005026214,TNIK,-6.0780696781375205
IFNGR2,-5.094756666666666,0.06410871005026214,IFNGR2,-6.078467372458049
PPP2R2C,-5.115423333333335,0.06410871005026214,PPP2R2C,-6.103124420330957
NTC_1917,-4.6552566666666655,0.04873320962717262,NTC,-6.108511344545142
F2,-6.909589999999999,0.1304487196625097,F2,-6.111948167821936
MAPKAP1,-5.148423333333333,0.06410871005026214,MAPKAP1,-6.142496158063495
KSR1,-5.179756666666665,0.06410871005026214,KSR1,-6.179879424193381
NTC_497,-3.503423333333333,0.01719497673163492,NTC,-6.182135234910306
HBA1,-5.190856666666666,0.06410871005026214,HBA1,-6.193122645067056
ESRRG,-5.197756666666668,0.06410871005026214,ESRRG,-6.2013549175020435
NTC_1169,-3.5531566666666654,0.01719497673163492,NTC,-6.269894595711561
NTC_545,-3.561656666666665,0.01719497673163492,NTC,-6.284893682175582
HK1,-5.286756666666666,0.06410871005026214,HK1,-6.307539301083744
DPEP1,-5.313756666666666,0.06410871005026214,DPEP1,-6.339752541046731
CDKN3,-5.344756666666664,0.06410871005026214,CDKN3,-6.376738112856087
SLC29A1,-5.359756666666667,0.06410871005026214,SLC29A1,-6.394634357279972
BRD2,-5.370423333333332,0.06410871005026214,BRD2,-6.407360575536953
NTC_937,-4.581089999999999,0.039023301077239524,NTC,-6.453271515522687
NTC_1890,-3.7176899999999984,0.01719497673163492,NTC,-6.560229853697485
FDX1,-5.502089999999998,0.06410871005026214,FDX1,-6.564449832146586
FXYD2,-5.573756666666665,0.06410871005026214,FXYD2,-6.6499541110606915
NTC_828,-3.8211233333333317,0.01719497673163492,NTC,-6.742748148983207
NTC_1061,-3.8800566666666656,0.01719497673163492,NTC,-6.8467418151337585
PLK3,-5.788123333333334,0.06410871005026214,PLK3,-6.905711328593999
EPOR,-5.856756666666667,0.06410871005026214,EPOR,-6.9875965891912735
NTC_1604,-3.986489999999999,0.01719497673163492,NTC,-7.034553905642077
PIK3R5,-6.048756666666665,0.06410871005026214,PIK3R5,-7.216668517816966
NTC_2162,-4.142656666666666,0.01719497673163492,NTC,-7.3101253569516516
NTC_1569,-4.166856666666665,0.01719497673163492,NTC,-7.352828638413923
NTC_256,-4.221889999999999,0.01719497673163492,NTC,-7.4499403707751
NTC_853,-4.353356666666666,0.01719497673163492,NTC,-7.681926241418634
ACADS,-6.644756666666665,0.06410871005026214,ACADS,-7.927745962925891
NTC_362,-4.502256666666665,0.01719497673163492,NTC,-7.944674944300142
NTC_1,-4.834556666666667,0.01719497673163492,NTC,-8.531050995123016
