index,epsilon,pvalue,gene,product
NTC_766,1.9897133333333332,0.007372401614980067,NTC,4.242846833264159
KRT12,1.8398172666666666,0.01168770453482936,KRT12,3.5550251373752793
NTC_1651,1.6218433333333333,0.010846007702948005,NTC,3.1864844006337507
PDE1B,1.9665611666666667,0.026180458158017762,PDE1B,3.111144519810888
PKM,2.1281033333333332,0.03645071767479335,PKM,3.0608380779701583
DUSP11,1.8546799999999999,0.02358926919518964,DUSP11,3.0180938962140775
NTC_83,1.6051733333333333,0.013694665289556136,NTC,2.991157965193328
LIMK1,1.97514,0.03175076840440452,LIMK1,2.9592451300677696
NTC_1373,1.6098933333333332,0.015007613416494993,NTC,2.935943742310477
NTC_1359,1.5638766666666666,0.014337888066715933,NTC,2.8830298028863117
NTC_727,1.5947233333333333,0.019634580778898028,NTC,2.7221582313280006
GABRD,1.7066291666666666,0.026180458158017762,GABRD,2.699926180391417
NTC_496,1.38096,0.011369503929409074,NTC,2.6849431959238332
NTC_736,1.2757633333333334,0.009401731947379572,NTC,2.585707090292181
SRPK1,1.6951136666666666,0.02992052360916316,SRPK1,2.583405455448188
GIT1,1.9318704166666667,0.04675081813931744,GIT1,2.5697948626446916
NTC_742,1.8087033333333333,0.03850601878524111,NTC,2.5583591028704675
SPR,1.8654496666666667,0.043478260869565216,SPR,2.54023473778974
TNK1,1.8616626666666667,0.043478260869565216,TNK1,2.5350778744747413
NTC_259,1.79176,0.03850601878524111,NTC,2.5343932427609404
SEC14L2,2.289493333333333,0.07870549968667004,SEC14L2,2.5275890081875287
PTK7,1.8509976666666665,0.043478260869565216,PTK7,2.5205550471036133
NDUFA4L2,1.8484046666666667,0.043478260869565216,NDUFA4L2,2.51702408682482
ACSL3,1.8337006666666666,0.043478260869565216,ACSL3,2.497001240724017
UCKL1,1.65862,0.03175076840440452,UCKL1,2.4850203821668355
NTC_1447,1.7301199999999999,0.036986175366317486,NTC,2.4774636308877893
PANK2,2.0390731666666664,0.061711079943899017,PANK2,2.466538049109055
MMP13,1.7911566666666665,0.043478260869565216,MMP13,2.4390678916684845
CCL8,1.7827466666666667,0.043478260869565216,CCL8,2.4276157605675768
CDK5,1.7732166666666667,0.043478260869565216,CDK5,2.414638494290329
EPHA1,1.7717366666666665,0.043478260869565216,EPHA1,2.412623137093023
NTC_1521,1.8039933333333333,0.04692462702564964,NTC,2.3967840464826113
ACACB,2.1071366666666664,0.0729312762973352,ACACB,2.395995996138142
NTC_383,1.2998266666666667,0.015007613416494993,NTC,2.3704787696627645
ALLC,2.0632346666666668,0.0729312762973352,ALLC,2.3460756383908405
RIPK4,2.3349366666666667,0.10108621049804542,RIPK4,2.32398133973981
NTC_271,1.53578,0.03272957398220172,NTC,2.2807249055303216
NTC_1664,1.4391233333333333,0.026566268283769803,NTC,2.2675826651795234
LGALS7,1.6565566666666667,0.043478260869565216,LGALS7,2.2557793249405167
NDUFS6,1.5799266666666667,0.037868162692847124,NDUFS6,2.2462224499052637
NTC_1293,1.295381,0.018786125545901613,NTC,2.2360384676538323
NTC_1592,1.7710466666666667,0.054728929287313065,NTC,2.234676661711394
NTC_1654,1.2845866666666668,0.019634580778898028,NTC,2.1927616505188143
S100A13,1.7458686666666665,0.0565684899485741,S100A13,2.177840944751627
NTC_808,1.2874733333333332,0.020516314955451958,NTC,2.1731270665341724
NTC_468,1.1814899999999997,0.015007613416494993,NTC,2.1546695674055454
NTC_447,1.91228,0.07629220917666418,NTC,2.1370107806472523
DUSP13,2.0469216666666665,0.09163160355306217,DUSP13,2.124611991498676
NTC_1828,1.9673399999999999,0.08486166997753507,NTC,2.10758857216883
CHEK2,1.557441,0.04434364835427172,CHEK2,2.107480223854291
NTC_1935,1.2041166666666667,0.017969915177087722,NTC,2.1017302196381795
NTC_1724,1.2111399999999999,0.018786125545901613,NTC,2.090624788934115
TAOK1,1.8276356666666667,0.07466205126674823,TAOK1,2.059562783419007
AK1,1.4660933333333332,0.04159828116140968,AK1,2.0245643704588274
RENBP,1.8902566666666667,0.08508648901355773,RENBP,2.022838128660187
SULT2A1,2.3199410666666664,0.13510986442262737,SULT2A1,2.016754793501383
NTC_961,1.2932433333333333,0.02771176156279807,NTC,2.014014226980069
PASK,1.6070016666666667,0.0565684899485741,PASK,2.004614719750267
NTC_346,1.1942566666666665,0.021432384265385584,NTC,1.9931301968340485
NTC_1411,1.20649,0.02238386699491396,NTC,1.990786781203755
MURC,1.6421016666666666,0.061711079943899017,MURC,1.986346692973202
NTC_630,2.5521233333333333,0.16855248337352358,NTC,1.9734672522496275
RAB8B,3.7265933333333336,0.29699203246695116,RAB8B,1.9648657189924152
PLOD1,2.3250616666666666,0.14305750350631133,PLOD1,1.9634898344028782
SRPK2,2.3218966666666665,0.14305750350631133,SRPK2,1.9608170255845234
NTC_1594,1.1651666666666665,0.02238386699491396,NTC,1.9226006000043443
EIF2AK2,1.6403216666666665,0.06732117812061711,EIF2AK2,1.922208144195176
KRTAP5-3,2.4094466666666667,0.1598877980364656,KRTAP5-3,1.9183645196999852
NTC_1764,1.6613933333333333,0.070981496003698,NTC,1.9086997916079735
IRAK4,2.7629373333333334,0.20812569007191667,IRAK4,1.8834233980042505
NTC_1343,1.7315066666666667,0.0819226054474877,NTC,1.8814486403707802
CRB2,2.2389533333333334,0.1451165289009579,CRB2,1.8768767818143992
AVPR1B,2.2183016666666666,0.14305750350631133,AVPR1B,1.8733321505331952
NTC_1650,1.1579433333333333,0.02439749607906389,NTC,1.8673628087666907
PANK3,1.9001700666666665,0.10869565217391304,PANK3,1.8313607801397254
NTC_1733,1.2411966666666667,0.03551771797360265,NTC,1.7991827665999844
NTC_1253,1.1255566666666668,0.025461909005551182,NTC,1.794260055397278
PFKP,3.1333266666666666,0.26928471248246844,PFKP,1.7853328783427158
NTC_903,2.1941533333333334,0.15377072840829212,NTC,1.7841238438534839
INPPL1,1.6545156666666665,0.08508648901355773,INPPL1,1.7705623971694997
NTC_414,1.5191433333333333,0.06844204686844685,NTC,1.7693113162434329
NTC_525,1.4456233333333333,0.06126837972576061,NTC,1.7531993647141453
NTC_1075,1.1794799999999999,0.03272957398220172,NTC,1.7515981531045486
MARK1,1.4916316666666667,0.06732117812061711,MARK1,1.7479660215868784
NTC_1755,1.9279333333333333,0.1271905185989361,NTC,1.7265515619411962
NTC_1446,1.6479533333333332,0.09099551181146143,NTC,1.7154865069739982
PON1,2.4255416666666667,0.1963534361851332,PON1,1.7147645608470579
NTC_536,1.6923733333333333,0.0974809293134194,NTC,1.7111254039447206
CHRNA5,2.0854516666666667,0.15147265077138847,CHRNA5,1.7093733552589379
NTC_16,1.1399599999999999,0.03272957398220172,NTC,1.6929085958329613
NTC_1398,1.5237866666666666,0.0790666504034117,NTC,1.6792230541070714
PFKFB4,1.5626366666666667,0.08508648901355773,PFKFB4,1.6722390595505332
NTC_136,1.1853533333333335,0.04007861875001354,NTC,1.656042033719096
BMPR1A,1.6392861666666665,0.09817671809256662,BMPR1A,1.6523865054085158
NTC_481,2.5408466666666665,0.2255218446376277,NTC,1.6434485511466208
KCNMB2,1.8525526666666665,0.13043478260869565,KCNMB2,1.6387802811343644
GCAT,1.4199696666666666,0.07076780758556891,GCAT,1.6331983591797132
SLC13A1,2.0485316666666664,0.1598877980364656,SLC13A1,1.631009526453602
NTC_404,1.0845366666666667,0.03140724243175525,NTC,1.6300262833826362
GCDH,1.8429216666666666,0.13510986442262737,GCDH,1.6020756555845663
FCRL2,1.9425266666666665,0.15147265077138847,FCRL2,1.5922226244578321
DCLK3,1.6740566666666665,0.11220196353436185,DCLK3,1.590353068054938
NTC_966,1.9416333333333333,0.15377072840829212,NTC,1.5787931834089624
NTC_1395,1.3332000000000002,0.06844204686844685,NTC,1.5527473906230562
MTMR10,1.4928766666666666,0.09163160355306217,MTMR10,1.5495383724154426
NTC_655,1.0551966666666663,0.034099294957629464,NTC,1.5482421635519676
LRAT,1.8927599666666666,0.15217391304347827,LRAT,1.5476337200209047
NTC_876,1.1076700000000002,0.04007861875001354,NTC,1.5475116388556136
ENPP2,1.7020716666666666,0.12716222533894342,ENPP2,1.5244466683426399
NTC_1014,1.1654966666666664,0.05070110408218685,NTC,1.5092978841564921
NTC_691,1.0802533333333333,0.04007861875001354,NTC,1.5092081633030647
NTC_501,2.5475933333333334,0.2586751735282048,NTC,1.4960620862273883
PAM,1.389533333333333,0.08528089723629931,PAM,1.4856171165064445
TLL2,2.022883333333333,0.18543164930918205,TLL2,1.4803786703816983
NTC_459,1.5273333333333332,0.10789601102845955,NTC,1.476923102706206
NTC_993,1.026463333333333,0.036986175366317486,NTC,1.4698550255318605
NTC_1333,1.1941566666666668,0.05902016213157248,NTC,1.4676180678249573
CELA2A,1.7861066666666665,0.15217391304347827,CELA2A,1.4604276049622729
NTC_1811,1.6747266666666665,0.13562154156307774,NTC,1.4531123032937825
NTC_460,1.0146966666666666,0.036986175366317486,NTC,1.453005622760119
NTC_617,1.0661733333333334,0.04338766183267796,NTC,1.4528037710092472
NTC_807,1.1341099999999997,0.05268284938865627,NTC,1.4497676800268473
NTC_1494,1.0745066666666667,0.045126935839927856,NTC,1.4458176544055732
TSSK3,1.5193416666666666,0.11220196353436185,TSSK3,1.4433738887813652
PRKCDBP,1.8984746666666665,0.17391304347826086,PRKCDBP,1.4422101582245315
CYB5A,1.8901245666666666,0.17391304347826086,CYB5A,1.4358668557545886
NTC_955,1.1223533333333333,0.05268284938865627,NTC,1.4347387715804163
GSTA5,1.6411116666666665,0.13510986442262737,GSTA5,1.426639610796885
PCTP,1.5349601666666666,0.11968209443665263,PCTP,1.4151884823926393
NTC_1057,2.33342,0.2517879366079583,NTC,1.3976370997235574
DYRK4,1.6514666666666666,0.14305750350631133,DYRK4,1.3946460252402795
GLRA1,1.4896533333333333,0.11636477574527768,GLRA1,1.3916020615004279
NTC_1413,1.4595233333333333,0.11155718335859915,NTC,1.3901995647155923
LAT,1.9506556666666666,0.19565217391304346,LAT,1.3820694282520027
GLRX2,1.6864866666666667,0.15217391304347827,GLRX2,1.3789723365163749
PTGER1,1.9442346666666666,0.19565217391304346,PTGER1,1.3775200513678854
NTC_5,1.1202633333333334,0.05902016213157248,NTC,1.3768031905823184
SPINK6,1.9418596666666665,0.19565217391304346,SPINK6,1.37583732747756
MAGI3,2.8406,0.3278774133866491,MAGI3,1.375669912264167
NTC_1924,1.0348666666666664,0.04692462702564964,NTC,1.3749229950424637
ADRA1B,1.7054033333333334,0.1578287726418191,ADRA1B,1.367415962651504
CERK,1.9277306666666667,0.19565217391304346,CERK,1.3658267144895992
MET,1.9132166666666666,0.19565217391304346,MET,1.355543323102575
NTC_356,0.9934866666666665,0.04338766183267796,NTC,1.3537584655847767
NTC_463,1.6919,0.1585843361106538,NTC,1.353079618013605
PPP1R11,1.9033681666666666,0.19565217391304346,PPP1R11,1.3485655099514724
NTC_758,1.4577333333333333,0.11917306592012594,NTC,1.3466859595918441
NTC_430,0.9706466666666667,0.04170536417096981,NTC,1.3393061156231478
CAPNS1,1.8756866666666665,0.19565217391304346,CAPNS1,1.3289527430588235
POR,1.3501776666666667,0.10602488735042226,POR,1.3158725959466773
SCN9A,1.4637816666666665,0.12716222533894342,SCN9A,1.3110241646293994
NTC_835,1.0776209999999997,0.06126837972576061,NTC,1.306899528417468
NTC_1482,1.0905200000000002,0.06358705943077098,NTC,1.3049503199130155
PPEF1,1.8401286666666665,0.19565217391304346,PPEF1,1.3037593552305335
RPS6KB2,1.9651896666666666,0.21739130434782605,RPS6KB2,1.3024448423230353
SLC22A11,1.9487566666666667,0.21598877980364653,SLC22A11,1.2970316536941593
PRKAA1,1.7803116666666665,0.18700327255726973,PRKAA1,1.2963353523041077
NTC_744,0.9388766666666667,0.04338766183267796,NTC,1.2793450363098482
NTC_794,1.6206133333333335,0.16351115716206643,NTC,1.2745355825051028
PTPRB,1.6439716666666666,0.16877045348293593,PTPRB,1.2703027966345148
NTC_711,1.4382866666666667,0.13135359499575763,NTC,1.2679331699034078
PDE9A,1.3862166666666664,0.12178090776163052,PDE9A,1.2675853436229896
GUSB,4.089771666666667,0.49368863955119224,GUSB,1.253706688600752
CXCL10,1.7658766666666665,0.19565217391304346,CXCL10,1.251150675523402
NTC_1245,1.1019566666666667,0.07359768795363787,NTC,1.2486665806327326
NTC_780,0.9891833333333334,0.054728929287313065,NTC,1.2481347616403196
NTC_724,1.01382,0.05902016213157248,NTC,1.2459843763009584
NTC_1299,0.9868566666666666,0.054728929287313065,NTC,1.245199013081323
NTC_872,0.97365,0.05268284938865627,NTC,1.2446467288518224
NME3,1.7499966666666666,0.19565217391304346,NME3,1.2398994522061952
NTC_1553,2.33342,0.2950623685283952,NTC,1.2369136841816928
SULT1A1,1.7442766666666667,0.19565217391304346,SULT1A1,1.2358467445629697
TUBA8,1.7415866666666666,0.19565217391304346,TUBA8,1.2339408383461379
MAP3K4,1.9769946666666667,0.23913043478260865,MAP3K4,1.2284355807292129
NTC_1867,1.0085966666666666,0.06126837972576061,NTC,1.2231893291148717
MTFMT,1.4036066666666667,0.13510986442262737,MTFMT,1.2201734405511182
NTC_1605,1.0058366666666667,0.06126837972576061,NTC,1.2198421015660097
NTC_799,1.0608466666666665,0.070981496003698,NTC,1.2187588399263347
NTC_1487,1.6015433333333333,0.17370957359720418,NTC,1.2174551985678654
BACE1,1.7143966666666666,0.19565217391304346,BACE1,1.214676306734371
NTC_867,0.9495699999999999,0.05268284938865627,NTC,1.213864524537385
NTC_982,1.0975833333333331,0.0790666504034117,NTC,1.209544142533307
NTC_870,1.73386,0.2012730106544035,NTC,1.207138398676868
NTC_454,0.94157,0.05268284938865627,NTC,1.2036378785857447
NTC_479,1.5799133333333333,0.17370957359720418,NTC,1.2010125863719068
SLC6A7,1.6814866666666666,0.19565217391304346,SLC6A7,1.1913590674793788
NTC_1726,1.1105533333333333,0.08486166997753507,NTC,1.1897229325471625
NTC_50,0.9597533333333331,0.05902016213157248,NTC,1.1795364644967539
PROZ,1.8228816666666665,0.22627395979429638,PROZ,1.1764247977544184
NTC_707,1.2908300000000001,0.12313083950837048,NTC,1.1741817712648306
NTC_1749,0.8943233333333331,0.04878219232028562,NTC,1.1731185140876605
TGFBR1,1.7664466666666665,0.21739130434782605,TGFBR1,1.1707263625811442
UGDH,1.5521751666666666,0.17765310892940625,UGDH,1.164794445534812
CEACAM5,2.1134866666666667,0.28260869565217384,CEACAM5,1.1599120846321158
TTBK1,4.537871666666667,0.5563347358578775,TTBK1,1.1556317477289815
NTC_1309,0.9269866666666666,0.05684085800750737,NTC,1.154412996155576
NTC_1431,0.9555966666666665,0.06358705943077098,NTC,1.143496841758498
NTC_110,1.2568266666666665,0.12313083950837048,NTC,1.1432512117316296
PPME1,2.0791366666666664,0.28260869565217384,PPME1,1.1410603072655934
NTC_1754,1.0335999999999999,0.0790666504034117,NTC,1.139034083112073
EEA1,2.0727866666666666,0.28260869565217384,EEA1,1.1375753353215639
NTC_240,0.9488366666666664,0.06358705943077098,NTC,1.1354076144516976
NTC_1085,1.7767866666666665,0.23189727425853268,NTC,1.1277342371377708
AATK,2.0534966666666667,0.28260869565217384,AATK,1.1269887040144253
PROC,1.4375033333333334,0.16445346304198621,PROC,1.126940767285459
NTC_246,1.0499800000000001,0.08486166997753507,NTC,1.1248314216179351
ATP2A1,2.045236666666667,0.28260869565217384,ATP2A1,1.12245549641479
GAPDHS,2.1716366666666667,0.30434782608695643,GAPDHS,1.121932208093365
ESD,2.0288566666666665,0.28260869565217384,ESD,1.1134659152426316
NTC_1483,1.5936266666666667,0.2012730106544035,NTC,1.1095059246356425
SSTR5,1.8420266666666665,0.24993285786756586,SSTR5,1.1092254378094304
NTC_864,1.3416266666666665,0.14906901107957235,NTC,1.109005546908302
M6PR,2.1460566666666665,0.30434782608695643,M6PR,1.1087168179115994
DRD2,2.1443566666666665,0.30434782608695643,DRD2,1.1078385472583938
CD46,2.1438866666666665,0.30434782608695643,CD46,1.1075957312542721
SLC25A2,2.1375066666666664,0.30434782608695643,SLC25A2,1.1042996331557708
EPHB2,2.1289166666666666,0.30434782608695643,EPHB2,1.0998617832081024
SGK494,2.0031866666666667,0.28260869565217384,SGK494,1.0993778475570823
MMP10,2.1253166666666665,0.30434782608695643,MMP10,1.0980019159424903
MAP4K5,1.3753016666666666,0.1598877980364656,MAP4K5,1.0949941153366842
NTC_186,1.0516966666666665,0.09099551181146143,NTC,1.0947952254490603
AKR1A1,2.2458766666666667,0.326086956521739,AKR1A1,1.0929930999071318
NTC_1315,0.9761799999999999,0.07629220917666418,NTC,1.0909004872990538
NTC_209,2.40226,0.3515151262406778,NTC,1.0907605230248114
NTC_1045,3.3453600000000003,0.47319425686009076,NTC,1.087109975457943
EPHB3,2.2335066666666665,0.326086956521739,EPHB3,1.0869730344037494
PPP2R2D,2.2311666666666667,0.326086956521739,PPP2R2D,1.0858342346238048
NTC_17,0.9038266666666667,0.06358705943077098,NTC,1.0815472415110046
NTC_366,1.3378666666666668,0.1585843361106538,NTC,1.0699451021256983
KIDINS220,1.7149766666666666,0.23913043478260865,KIDINS220,1.065626727767458
NTC_987,0.9758399999999999,0.0819226054474877,NTC,1.0603440786941365
GPX2,1.7032366666666665,0.23913043478260865,GPX2,1.0583319009472738
NTC_1551,1.12406,0.11531568876485654,NTC,1.054493728102889
PRKACA,1.6925566666666665,0.23913043478260865,PRKACA,1.0516957211824045
SELE,1.6914566666666666,0.23913043478260865,SELE,1.0510122195212288
CYP3A5,7.9807266666666665,0.7391304347826083,CYP3A5,1.0477011348330716
DDAH1,1.6829566666666667,0.23913043478260865,DDAH1,1.0457306157757804
ASRGL1,2.2742666666666667,0.3478260869565216,ASRGL1,1.0430647721107336
FDXR,1.6785366666666666,0.23913043478260865,FDXR,1.0429841818281471
NTC_1668,1.52409,0.20714904818668411,NTC,1.042046330725426
NTC_348,0.9323566666666666,0.07629220917666418,NTC,1.0419270441959354
SORCS3,2.2656366666666665,0.3478260869565216,SORCS3,1.039106727473642
PTK2B,1.4206266666666667,0.18700327255726973,PTK2B,1.034430434236296
NTC_1928,0.9652233333333333,0.08486166997753507,NTC,1.0340325855846162
SLC25A18,1.6594066666666667,0.23913043478260865,SLC25A18,1.0310974665751556
MAP2K7,1.6540066666666666,0.23913043478260865,MAP2K7,1.0277420947839295
NTC_938,0.9830333333333333,0.09099551181146143,NTC,1.023318066797405
GABRB1,1.6391666666666667,0.23913043478260865,GABRB1,1.018521036009523
ARF6,1.6783116666666666,0.24731182795698922,ARF6,1.0183241841793895
NTC_529,1.7876233333333333,0.2728385659706112,NTC,1.008388028788079
ADH1C,1.71353,0.2589149831398645,ADH1C,1.0055727716476643
PPFIA3,1.3799166666666665,0.18700327255726973,PPFIA3,1.0047874154433503
NNMT,1.6158966666666665,0.23913043478260865,NNMT,1.0040618690499246
NTC_1295,0.8979666666666667,0.07629220917666418,NTC,1.003495537959161
NTC_1926,1.5114166666666666,0.2192725592713909,NTC,0.9960473343936924
GLS,1.5989066666666667,0.23913043478260865,GLS,0.993504875210493
MINPP1,6.206776666666667,0.6928471248246845,MINPP1,0.9891279488450457
MMAB,1.3961416666666666,0.1963534361851332,MMAB,0.9870183987447254
ALDH3B1,1.7274316666666667,0.26928471248246844,ALDH3B1,0.9842703546998042
KCNA1,1.2707866666666665,0.16877045348293593,KCNA1,0.9819414101373521
NTC_1727,0.8604433333333332,0.07359768795363787,NTC,0.9749991695331912
NTC_1836,1.6861033333333333,0.2656918864313077,NTC,0.9705576800235393
NTC_1490,1.3888666666666665,0.2012730106544035,NTC,0.9669490523892812
NTC_878,0.9841633333333334,0.10433062071164628,NTC,0.9660431235227754
NTC_331,1.4257533333333334,0.21314858758001587,NTC,0.9571332215793245
TH,1.3076983333333332,0.18543164930918205,TH,0.9569947451049392
HLA-DQA2,1.6375066666666667,0.26086956521739124,HLA-DQA2,0.9556105494861631
PNPO,1.3871451666666665,0.20617110799438987,PNPO,0.9512655858724731
NTC_743,0.8494366666666666,0.0790666504034117,NTC,0.9360848633692361
NTC_235,0.8982666666666667,0.09099551181146143,NTC,0.9350776597625197
TNFSF11,1.9983266666666666,0.3408134642356242,TNFSF11,0.9341842571916422
NTC_455,0.7800143333333331,0.06358705943077098,NTC,0.933389533268597
NTRK3,2.288726666666667,0.3913043478260868,NTRK3,0.9326225332150578
PRKAG2,1.8001466666666666,0.30388031790556336,PRKAG2,0.9312112405610398
MYO1D,1.8627866666666666,0.3173584793053027,MYO1D,0.9285058157041897
GUCY2F,2.5414466666666664,0.434782608695652,GUCY2F,0.9193120030874584
TPH1,2.5250066666666666,0.434782608695652,TPH1,0.9133651974633292
NTC_1751,0.9555799999999999,0.11155718335859915,NTC,0.9101923002607647
PPFIA1,1.6541766666666666,0.28260869565217384,PPFIA1,0.9078361061105051
SLC6A5,2.5094466666666664,0.434782608695652,SLC6A5,0.9077367123348954
NTC_14,1.0913933333333334,0.14906901107957235,NTC,0.9021595132218166
ANKK1,1.6431966666666666,0.28260869565217384,ANKK1,0.9018101231269705
MAP4K4,1.6391766666666667,0.28260869565217384,MAP4K4,0.8996038889198841
NTC_989,0.8894666666666666,0.0974809293134194,NTC,0.8993222590535761
NTC_1311,1.9330666666666667,0.34305618987799824,NTC,0.8981699283510672
NTC_635,2.3956233333333334,0.4238621547619892,NTC,0.8930293466902237
NTC_81,1.5829466666666667,0.2728385659706112,NTC,0.8929310996966142
TESK1,1.6208766666666665,0.28260869565217384,TESK1,0.8895605839473263
HSD17B11,1.6187366666666665,0.28260869565217384,HSD17B11,0.8883861209614644
KCNJ12,1.6186866666666666,0.28260869565217384,KCNJ12,0.8883586802374956
PIGA,1.2938466666666666,0.20617110799438987,PIGA,0.8872840687275916
ROCK1,2.4479466666666667,0.434782608695652,ROCK1,0.8854904504198136
NTC_928,1.0874933333333332,0.15377072840829212,NTC,0.8842694612796907
NTC_1430,0.9003266666666666,0.10433062071164628,NTC,0.8837500400585763
TRIO,1.2473116666666666,0.1963534361851332,TRIO,0.8818013195668644
KCNJ6,4.538726666666666,0.6400187003272557,KCNJ6,0.879638526084692
HRH4,1.5977766666666666,0.28260869565217384,HRH4,0.87688296947377
PPEF2,1.5972566666666665,0.28260869565217384,PPEF2,0.876597585944495
RFK,3.6960733333333335,0.5807645250813165,RFK,0.8722730093798422
CACNA1B,1.2703766666666665,0.20617110799438987,CACNA1B,0.8711889953085079
GCSH,1.5864466666666666,0.28260869565217384,GCSH,0.8706649014224541
TUFM,1.5844966666666667,0.28260869565217384,TUFM,0.8695947131876735
NTC_1340,2.332726666666667,0.4238621547619892,NTC,0.8695830192309851
BMX,1.5743616666666667,0.2805049088359046,BMX,0.8691413683432614
PXK,2.4017866666666667,0.434782608695652,PXK,0.8687930935092415
TENC1,1.8441133333333333,0.3386350750499835,TENC1,0.8672276009108641
YARS,2.3956466666666665,0.434782608695652,YARS,0.8665720845960934
SAA1,2.3951066666666665,0.434782608695652,SAA1,0.8663767515646439
NTC_959,0.9232766666666666,0.11531568876485654,NTC,0.8661365534791217
ARL1,1.5778466666666666,0.28260869565217384,ARL1,0.8659450968998315
LEPRE1,1.5728166666666665,0.28260869565217384,LEPRE1,0.8631845600685765
MBL2,7.265726666666667,0.7608695652173909,MBL2,0.8623675528740121
CTDSP1,2.3833066666666665,0.434782608695652,CTDSP1,0.8621083630996362
NTC_493,2.50654,0.45309186047222316,NTC,0.8617828908437137
CALM2,2.3727066666666667,0.434782608695652,CALM2,0.8582740480378499
NTC_335,0.8736666666666666,0.10433062071164628,NTC,0.8575808984122534
DUSP7,2.3692166666666665,0.434782608695652,DUSP7,0.8570116178901483
CTSV,2.3678166666666667,0.434782608695652,CTSV,0.8565051989197238
APCS,1.5566566666666666,0.28260869565217384,APCS,0.8543157180818807
JAK1,1.1658266666666668,0.18543164930918205,JAK1,0.8531707697900824
KCNH6,1.4113633333333333,0.24993285786756586,KCNH6,0.8498900366940999
CA10,1.2463099999999998,0.20812569007191667,CA10,0.8495775082726006
NGF,1.5461366666666665,0.28260869565217384,NGF,0.8485421897588584
NTC_1239,1.4705733333333333,0.2656918864313077,NTC,0.8464939333717089
NPR2,1.3931116666666665,0.24731182795698922,NPR2,0.8452776260840246
EPX,1.5392866666666665,0.28260869565217384,EPX,0.8447828105751415
NTC_327,1.0634033333333335,0.16351115716206643,NTC,0.8363163248201512
AKR1B1,1.4618466666666665,0.26810599504640265,AKR1B1,0.8357282004415624
NTC_1228,1.7561499999999999,0.33472847233967196,NTC,0.8347109931256128
NTC_357,1.5403266666666666,0.28752347491665564,NTC,0.8338199382332486
MUSK,2.5980066666666666,0.4782608695652172,MUSK,0.8322328575003105
CSNK1D,1.3637066666666666,0.24731182795698922,CSNK1D,0.8274359919998935
EFNB2,1.5060166666666666,0.28260869565217384,EFNB2,0.826523752846344
MMP3,1.2788311666666665,0.22627395979429638,MMP3,0.8253134167282098
NTC_839,1.69316,0.3265321669468846,NTC,0.8230011039272696
NTC_164,2.1941533333333334,0.4238621547619892,NTC,0.8179262952320732
BTK,1.3474366666666666,0.24731182795698922,BTK,0.8175640863189272
NTC_1619,0.9096099999999998,0.1271905185989361,NTC,0.8145969256841511
NTC_1461,1.35582,0.2517879366079583,NTC,0.8120888363634466
NTC_1788,1.5972266666666666,0.310534197272332,NTC,0.8112163567253667
RCVRN,1.5651666666666666,0.30434782608695643,RCVRN,0.8086117357112216
NTC_1319,2.28659,0.4432243006646116,NTC,0.8080270260681007
NTC_1632,1.01994,0.16351115716206643,NTC,0.8021344729692387
VAMP1,1.5505966666666666,0.30434782608695643,VAMP1,0.801084439583453
CYP2D6,1.5448466666666665,0.30434782608695643,CYP2D6,0.7981138182564337
NTC_1331,2.522126666666667,0.48342657054454485,NTC,0.7961584213603498
PPP1R15B,1.5338466666666666,0.30434782608695643,PPP1R15B,0.7924308905003971
NTC_1904,2.43186,0.47319425686009076,NTC,0.7902585267107733
NTC_55,2.43186,0.47319425686009076,NTC,0.7902585267107733
ZMYND8,1.5276466666666666,0.30434782608695643,ZMYND8,0.7892277857651764
NTC_1886,0.8150066666666667,0.10789601102845955,NTC,0.7881070546876316
NTC_1223,0.9080799999999999,0.13562154156307774,NTC,0.7879149754039572
CHRNB3,1.5215766666666666,0.30434782608695643,CHRNB3,0.7860918429034361
ELSPBP1,1.9378266666666666,0.3931743805516597,ELSPBP1,0.7856235887465466
DCD,1.5184166666666665,0.30434782608695643,DCD,0.7844592927480656
NTC_786,0.8616466666666667,0.12313083950837048,NTC,0.783782379764263
CKS2,1.5162466666666665,0.30434782608695643,CKS2,0.7833382060907383
NTC_1669,1.4761066666666667,0.2950623685283952,NTC,0.7824637379090883
GABRG2,1.5058266666666666,0.30434782608695643,GABRG2,0.7779549236163836
TUBB3,1.2221433333333334,0.23259526722568707,TUBB3,0.7741045196729128
AKAP10,1.7068466666666666,0.35343618513323993,AKAP10,0.7709638453647143
PPP1R21,4.505216666666667,0.6750818139317438,PPP1R21,0.7687863517553973
NTC_1735,0.6867666666666665,0.07629220917666418,NTC,0.7674753542660303
CA13,1.1811266666666667,0.22423980185610692,CA13,0.7668905431781239
NTC_907,0.9885133333333332,0.16855248337352358,NTC,0.7643826088912056
PARK7,1.2050199999999998,0.23259526722568707,PARK7,0.7632586152984673
CHRNB1,1.5675066666666666,0.326086956521739,CHRNB1,0.7628530970349047
NTC_1806,0.8368899999999997,0.12313083950837048,NTC,0.7612628948458152
NTC_1649,0.8231266666666668,0.11917306592012594,NTC,0.7604224309194431
NTC_924,0.9667166666666667,0.16351115716206643,NTC,0.7602768436645742
NTC_1324,0.9470566666666667,0.1585843361106538,NTC,0.7573988254451041
CNKSR3,1.4651466666666666,0.30434782608695643,CNKSR3,0.7569384235149679
ENPEP,2.6492466666666665,0.5217391304347824,ENPEP,0.7485356116559717
CHRNA9,1.4942421666666665,0.3160355306217859,CHRNA9,0.7475156956998552
CTDNEP1,1.1808616666666667,0.23655913978494622,CTDNEP1,0.739290571187469
SBK1,1.5177466666666666,0.326086956521739,SBK1,0.7386365683810403
NTC_1412,0.9078033333333332,0.15377072840829212,NTC,0.7381587913316626
CDK15,1.8940266666666665,0.4077914714571334,CDK15,0.7378405535980653
NTC_637,1.0969966666666666,0.21314858758001587,NTC,0.7364331045775429
NTC_1858,0.8045833333333332,0.12313083950837048,NTC,0.7318756795732163
NTC_342,1.50416,0.3265321669468846,NTC,0.7311331123362481
NTC_922,0.9127966666666665,0.1585843361106538,NTC,0.7299997429265472
NTC_1078,0.8818933333333334,0.14906901107957235,NTC,0.7289841673153876
GGCX,1.4193466666666665,0.30706335233207005,GGCX,0.7278012474472033
NTC_1122,0.9521599999999998,0.17370957359720418,NTC,0.7238094141703182
NTC_464,0.8208899999999999,0.13135359499575763,NTC,0.7236621766467568
LCN2,2.2126099999999997,0.47093491689296046,LCN2,0.7236100010411496
ALDH1L1,1.48975,0.3278774133866491,ALDH1L1,0.7214687924366481
PRKRA,1.2963466666666665,0.2805049088359046,PRKRA,0.7156605369460166
ALAS2,1.183933333333333,0.24993285786756586,ALAS2,0.712937002361807
NTC_1740,0.8623433333333332,0.14906901107957235,NTC,0.7128238904062195
GLT6D1,1.3794866666666667,0.30434782608695643,GLT6D1,0.7126839151893222
NTC_1385,1.6834266666666668,0.37767618511607093,NTC,0.7118881410537313
GATM,2.4268816666666666,0.509116409537167,GATM,0.7115202166774293
NTC_67,0.8462733333333332,0.14447783177133525,NTC,0.7110378260965629
NTC_54,0.8598433333333333,0.14906901107957235,NTC,0.7107573588321572
NTC_24,0.93339,0.17370957359720418,NTC,0.7095409060372557
CTSS,1.2432966666666667,0.26928471248246844,CTSS,0.7084158955233641
TPSB2,1.4550566666666667,0.326086956521739,TPSB2,0.7081274409431231
TRPM7,1.2806841666666666,0.2805049088359046,TRPM7,0.7070139044917989
NTC_1807,1.2759866666666668,0.2801156405678691,NTC,0.7051901613164832
NTC_242,0.82256,0.13999581052938231,NTC,0.7023716132630636
NDUFS4,1.445795,0.3278774133866491,NDUFS4,0.7001818914320816
NTC_960,0.8832266666666666,0.16351115716206643,NTC,0.6946159154254603
NTC_685,1.1773266666666666,0.2586751735282048,NTC,0.6913794937592618
KYNU,1.4879666666666667,0.3478260869565216,KYNU,0.6824378314218654
PPP1R1B,2.746766666666667,0.5652173913043476,PPP1R1B,0.6806061603739151
NR1I2,1.4818966666666666,0.3478260869565216,NR1I2,0.6796538996782797
TGM2,1.4036116666666667,0.32819074333800846,TGM2,0.679170731832047
HTR1F,1.4781266666666666,0.3478260869565216,HTR1F,0.677924834987453
PGA3,1.4746366666666666,0.3478260869565216,PGA3,0.6763241888943535
OBSCN,1.4740266666666666,0.3478260869565216,OBSCN,0.6760444198064479
SIGMAR1,1.4796699999999998,0.3496165438214317,SIGMAR1,0.6753332620232958
CDKL1,1.3541333333333334,0.3173584793053027,CDKL1,0.6749676158509296
NTC_1865,0.8567066666666665,0.16351115716206643,NTC,0.6737591922621916
NTC_1554,0.8959466666666667,0.1789836519266249,NTC,0.6694393749655475
GK2,1.30322,0.30706335233207005,GK2,0.6682547428146361
ZAK,2.6876966666666666,0.5652173913043476,ZAK,0.6659695309211207
NTC_664,0.7407766666666664,0.1271905185989361,NTC,0.6633990339653476
NTC_1627,0.7829699999999999,0.14447783177133525,NTC,0.6578504423694778
AK3,1.4340066666666667,0.3478260869565216,AK3,0.6576897330884415
NTC_760,0.6790699999999998,0.11155718335859915,NTC,0.6468158451810183
GALNT1,2.7821066666666665,0.5869565217391302,GALNT1,0.643762977881706
KCNMB1,1.82586,0.44512249709050755,KCNMB1,0.64182713857748
NTC_1508,0.87035,0.18437590589369712,NTC,0.6390943781248978
KARS,2.7536766666666663,0.5869565217391302,KARS,0.6371844445420387
NTC_1103,0.7917266666666667,0.1585843361106538,NTC,0.633175256046172
NLK,1.4645966666666665,0.3695652173913042,NLK,0.6331581890005126
AKAP7,1.2657933333333333,0.3173584793053027,AKAP7,0.6309345522548254
PTPLA,1.4552966666666667,0.3695652173913042,PTPLA,0.6291377161346919
NTC_1656,0.7125966666666665,0.13135359499575763,NTC,0.6281953183389045
NTC_1082,1.6000933333333331,0.40500395561541536,NTC,0.6281018132518209
DYRK1A,1.2549566666666667,0.3160355306217859,DYRK1A,0.6278097531200072
GRK4,1.1265333333333332,0.27752081406105455,GRK4,0.6271461076113455
NTC_1382,0.8106666666666666,0.16855248337352358,NTC,0.6268600338634488
NTC_1943,0.7185866666666667,0.13562154156307774,NTC,0.6234970440845282
NTC_334,0.6850799999999999,0.12313083950837048,NTC,0.6231714849035969
MTMR2,2.8835675666666667,0.6096654829757392,MTMR2,0.6197028702538326
NTC_699,0.9222199999999999,0.21314858758001587,NTC,0.6191024625144727
DGKK,1.3145816666666668,0.3408134642356242,DGKK,0.6145449181445565
HRH1,1.5713566666666665,0.40673211781206176,HRH1,0.6139157433444171
NDUFA6,1.5011466666666666,0.3913043478260868,NDUFA6,0.6116952397085453
NTC_1841,2.3987933333333333,0.558295047749257,NTC,0.607221487658945
NTC_1585,1.2420199999999997,0.3265321669468846,NTC,0.6037136662215898
PRKD2,1.4336466666666665,0.37961664329125766,PRKD2,0.6030702877968422
NTC_1531,2.0896266666666667,0.5148311295964891,NTC,0.6025129251104375
NTC_1945,0.8635599999999999,0.2012730106544035,NTC,0.6012229566178331
NTC_1889,0.7952899999999998,0.1789836519266249,NTC,0.5942300589131237
RAB9A,1.6792933333333333,0.44512249709050755,RAB9A,0.5903059571739189
PPP1R2,1.2112266666666667,0.32819074333800846,PPP1R2,0.5860806953593463
MAPKAPK3,1.2493416666666666,0.3408134642356242,MAPKAPK3,0.5840463105065746
CDK8,1.7178933333333333,0.4579391841484885,CDK8,0.5826960086588041
INPP5E,1.2007966666666667,0.3278774133866491,INPP5E,0.5815320161516714
STRADB,1.4261066666666666,0.3913043478260868,STRADB,0.5811175408021121
ALK,1.4251366666666665,0.3913043478260868,ALK,0.5807222800353311
SST,2.8948166666666664,0.6304347826086953,SST,0.5800049861644861
DGKZ,1.3255851666666667,0.3665264142122488,DGKZ,0.5778155775618178
NTC_446,0.84412,0.20714904818668411,NTC,0.577139242887196
SLC6A2,1.4128266666666667,0.3913043478260868,SLC6A2,0.5757061356651527
CLK4,1.2277431666666665,0.3408134642356242,CLK4,0.5739493733963822
EN2,1.8832433333333332,0.49744859896750315,EN2,0.5710969079962883
NTC_88,0.9308333333333333,0.24502962432206343,NTC,0.5685356919286779
NTC_1641,1.41046,0.39576602610453004,NTC,0.5677968789570234
NTC_551,0.7869566666666665,0.1898874846650891,NTC,0.5677921139454415
NTC_372,1.5514933333333334,0.4334807127367144,NTC,0.5632389680352786
CD4,1.5511466666666665,0.4347826086956522,CD4,0.5610929270792356
NTC_844,0.7375933333333331,0.17370957359720418,NTC,0.5607009310367292
NTC_849,0.7103933333333332,0.16351115716206643,NTC,0.5586906896819361
LAMTOR3,1.2811216666666665,0.3665264142122488,LAMTOR3,0.5584341725951911
NTC_731,1.0534333333333334,0.2950623685283952,NTC,0.5584104470575957
SLC1A7,1.7717866666666666,0.48410969532392345,SLC1A7,0.5582124091437929
NTC_1577,1.6210533333333332,0.45309186047222316,NTC,0.5573404086157964
NTC_1248,1.14601,0.3265321669468846,NTC,0.5570456986414103
NTC_1306,0.7974666666666665,0.2012730106544035,NTC,0.5552078224298268
NTC_461,0.7295499999999999,0.17370957359720418,NTC,0.5545865800999367
NTC_811,1.1913933333333335,0.34305618987799824,NTC,0.5535627318447058
NTC_0,0.61344,0.1271905185989361,NTC,0.5493632854648539
CDKL5,2.1489416666666665,0.5563347358578775,CDKL5,0.5472577006219795
NTC_886,0.6943166666666667,0.16351115716206643,NTC,0.5460471532545299
PPP1R12C,1.1592496666666667,0.3386350750499835,PPP1R12C,0.5451580925684534
DMPK,1.2052916666666667,0.35343618513323993,DMPK,0.5444169744515494
DUSP21,1.3338681666666665,0.3931743805516597,DUSP21,0.5407698810410168
NTC_632,0.9193833333333332,0.2586751735282048,NTC,0.5399034962576537
PPP3CC,2.8993266666666666,0.6521739130434779,PPP3CC,0.53822107789439
NTC_1379,0.75318,0.1955194972403641,NTC,0.533861461708656
NTC_1289,1.074253333333333,0.3184673930827593,NTC,0.5338341093728921
NTC_1797,0.7130633333333332,0.1789836519266249,NTC,0.5327913925429152
HRSP12,2.8680166666666667,0.6521739130434779,HRSP12,0.5324087966697125
NTC_857,0.8869100000000001,0.2517879366079583,NTC,0.5312281201480319
NTC_600,0.9963666666666667,0.2950623685283952,NTC,0.5281601959623641
HLCS,2.04896,0.5524007042463668,HLCS,0.5281107860500871
PRKAR1B,1.1569866666666666,0.3496165438214317,PRKAR1B,0.5280579992278411
NTC_1667,2.31466,0.5920225255079181,NTC,0.5269595896640673
NAPB,1.3702166666666666,0.4130434782608694,NAPB,0.5261689970150389
CDKN1C,1.26253,0.38388887231058455,CDKN1C,0.5249530003955796
GRM8,1.2024066666666666,0.3665264142122488,GRM8,0.5241227195618489
PRKAR2B,1.4424466666666667,0.434782608695652,PRKAR2B,0.5217731113041237
NTC_316,0.9634433333333333,0.28752347491665564,NTC,0.5215375920418841
OPRL1,1.64516,0.48410969532392345,OPRL1,0.5183178902428071
NTC_1165,0.8481233333333333,0.24502962432206343,NTC,0.5180179618523081
NTC_795,2.0393933333333334,0.558295047749257,NTC,0.5162443285881518
NTC_1803,1.2150066666666666,0.37767618511607093,NTC,0.5138025043965228
GABRA3,1.3324366666666667,0.4130434782608694,GABRA3,0.5116613171781069
F13A1,1.1733216666666666,0.3665264142122488,F13A1,0.5114447215757629
DECR1,1.4027766666666666,0.434782608695652,DECR1,0.5074233680493058
NTC_320,0.7511999999999999,0.21314858758001587,NTC,0.5042937366798289
AKAP9,1.2369416666666666,0.3931743805516597,AKAP9,0.5014744445169509
FECH,1.1083766666666666,0.35343618513323993,FECH,0.5006415360757991
DUSP15,1.3826066666666668,0.434782608695652,DUSP15,0.5001273175968309
NTC_1071,0.7564500000000001,0.2192725592713909,NTC,0.4985124371850529
AGXT2,1.3770866666666666,0.434782608695652,AGXT2,0.4981305799420138
NTC_1660,0.7019366666666667,0.1955194972403641,NTC,0.4975396782888131
NTC_1197,0.7536266666666664,0.2192725592713909,NTC,0.4966518161512953
LRRK1,1.1571173333333333,0.37225090268866934,LRRK1,0.4965933814523855
NTC_220,1.26296,0.40500395561541536,NTC,0.4957632467675968
NTC_1046,0.5531199999999998,0.1271905185989361,NTC,0.4953439952665622
TAB1,1.3635266666666666,0.434782608695652,TAB1,0.4932255504856152
NTC_324,1.7647266666666668,0.5255300376364578,NTC,0.49306896488115065
RARRES1,2.1874066666666665,0.5951478618960937,RARRES1,0.4929870450020431
EXTL2,1.3613266666666666,0.4347826086956522,EXTL2,0.4924297492463762
NTC_279,0.6945266666666667,0.1955194972403641,NTC,0.49228739672097926
SCN1A,1.3551666666666666,0.434782608695652,SCN1A,0.4902015057765082
RIOK3,1.3510566666666666,0.434782608695652,RIOK3,0.4887148043704759
INPP5D,1.3481666666666667,0.434782608695652,INPP5D,0.4876694109243851
DGUOK,1.3471866666666665,0.434782608695652,DGUOK,0.4873149176450878
AXL,1.3397166666666664,0.434782608695652,AXL,0.4846128107100363
DUSP3,0.9993600000000001,0.3278774133866491,DUSP3,0.4839785550659432
NEK5,1.3337666666666665,0.434782608695652,NEK5,0.48246053008573164
ACP2,1.3285766666666667,0.434782608695652,ACP2,0.48058316261680045
PHOSPHO2,1.5020666666666664,0.47872837774661064,PHOSPHO2,0.4805273909419661
GSG2,1.5788966666666666,0.49744859896750315,GSG2,0.4788032371700841
NGB,1.1142766666666666,0.37225090268866934,NGB,0.4782076992827226
NTC_986,1.37919,0.45309186047222316,NTC,0.4741844715116222
RIPK2,1.1030366666666667,0.37225090268866934,RIPK2,0.4733838932202506
TCN1,1.2567136666666667,0.420757363253857,TCN1,0.4724844695917331
NTC_1060,1.3737933333333334,0.45309186047222316,NTC,0.4723290233636095
NTC_615,0.7137933333333333,0.2192725592713909,NTC,0.4704010235262645
B4GALT1,1.1601816666666664,0.3931743805516597,B4GALT1,0.4703548053306881
NTC_1190,0.69475,0.21314858758001587,NTC,0.4663978614993493
NTC_1023,0.7764466666666665,0.2517879366079583,NTC,0.46506444073078296
HTR1D,1.4205599999999998,0.47093491689296046,HTR1D,0.46457867544619946
NTC_1027,1.1509866666666668,0.39576602610453004,NTC,0.4633429073171031
PIM3,1.271793333333333,0.43248485571901757,PIM3,0.46296977689978835
SLC25A13,1.3509366666666667,0.4565217391304346,SLC25A13,0.4600459959756086
NTC_1850,0.7112499999999999,0.2255218446376277,NTC,0.4600445974713287
NTC_1744,0.6376033333333331,0.1898874846650891,NTC,0.4600331375619918
NTC_369,0.6839199999999999,0.21314858758001587,NTC,0.4591274925320402
NTC_981,1.8744933333333333,0.5694332663215453,NTC,0.4584207753014096
NTC_1511,0.562623333333333,0.15377072840829212,NTC,0.4574838452987148
NTC_900,0.6809266666666665,0.21314858758001587,NTC,0.45711801535978913
NTC_1817,0.7759599999999998,0.2586751735282048,NTC,0.4556788248892434
NTC_238,0.7300733333333334,0.23839962620032018,NTC,0.45461259807431187
NTC_247,0.8683566666666664,0.3027325543237831,NTC,0.45062576815666733
NTC_547,0.8307466666666665,0.28752347491665564,NTC,0.44970534450753546
ADRBK2,2.3104766666666667,0.6390588165080121,ADRBK2,0.4492933730871352
ACP6,1.3710499999999999,0.47093491689296046,ACP6,0.4483869692026467
NTC_295,0.5868466666666665,0.17370957359720418,NTC,0.4461068959080448
NTC_270,1.368993333333333,0.47319425686009076,NTC,0.44486880604840345
HAGH,1.3060266666666664,0.4565217391304346,HAGH,0.4447524102812893
CA11,1.1378166666666667,0.40673211781206176,CA11,0.44453533658155286
TSKS,1.1786766666666666,0.420757363253857,TSKS,0.44314503330524135
SLC22A5,1.8656933333333332,0.5807645250813165,SLC22A5,0.44030347660307306
VDAC3,1.1710766666666665,0.420757363253857,VDAC3,0.4402876744142366
NTC_1188,0.8105933333333333,0.28752347491665564,NTC,0.4387958072523251
NTC_759,0.7771399999999999,0.2728385659706112,NTC,0.4383801990495953
HRH2,2.0127766666666664,0.605890603085554,HRH2,0.4379918426285091
PRKAG1,1.0845766666666665,0.3957357285667392,PRKAG1,0.4366448591336222
MASTL,1.2061166666666665,0.434782608695652,MASTL,0.43628597181808587
STK36,1.2030466666666666,0.434782608695652,STK36,0.4351754673615119
NTC_1341,1.2991533333333334,0.4630822527891689,NTC,0.4343613453120008
NTC_1327,1.5517266666666665,0.5255300376364578,NTC,0.4335562417476237
CKMT1A,1.0763666666666665,0.3957357285667392,CKMT1A,0.4333395563333096
NTC_405,0.6107833333333332,0.1955194972403641,NTC,0.43292929063519814
SLC12A1,0.772293333333333,0.27752081406105455,SLC12A1,0.429939127057218
CALM1,1.1868766666666666,0.434782608695652,CALM1,0.42932632825310746
NTC_631,1.3982266666666665,0.4937778104059273,NTC,0.4285123319787158
NTC_875,0.8056166666666666,0.2950623685283952,NTC,0.42704625794106565
NTRK1,1.3319166666666666,0.4782608695652172,NTRK1,0.42665972634877325
NTC_515,0.75162,0.2728385659706112,NTC,0.4239845139996099
NTC_1498,0.8347833333333332,0.310534197272332,NTC,0.42397858015668244
NTC_1072,1.5636933333333334,0.5363415300892711,NTC,0.4230706374550936
NTC_1763,2.1689933333333333,0.6383910283695007,NTC,0.4227654855458623
OXSR1,1.1613736666666665,0.4347826086956522,OXSR1,0.4201011832511505
NTC_1477,1.25566,0.4630822527891689,NTC,0.41981970323323414
NTC_714,0.6607533333333333,0.23189727425853268,NTC,0.4193830189534511
EPHB6,1.1086166666666668,0.42004118050789285,EPHB6,0.4176249109704691
NTC_750,0.7868733333333333,0.2950623685283952,NTC,0.4171106760538877
ULK1,1.1982466666666667,0.44927536231884063,ULK1,0.4163756150476759
NTC_78,0.5757000000000001,0.1898874846650891,NTC,0.4153696560993076
NTC_1374,2.4251266666666664,0.674133946946755,NTC,0.4153121639664703
PTPN5,1.1951481666666668,0.44927536231884063,PTPN5,0.41529892534837204
ECE1,1.1896031666666667,0.44927536231884063,ECE1,0.41337210773254496
FTH1,1.2875066666666666,0.4782608695652172,FTH1,0.4124336422991087
NQO1,1.0584833333333332,0.4077914714571334,NQO1,0.41234473747694095
NTC_663,2.11512,0.6383910283695007,NTC,0.41226486040579396
CDK2,0.9906233333333333,0.38388887231058455,CDK2,0.41189571027635274
NTC_308,0.55087,0.1789836519266249,NTC,0.4116027015974959
TRIB2,1.3539933333333334,0.49744859896750315,TRIB2,0.41060089921868187
ACPT,1.2796166666666666,0.4782608695652172,ACPT,0.4099061979588283
HIF1AN,1.2768366666666666,0.4782608695652172,HIF1AN,0.40901566623943925
NTC_806,0.8225899999999999,0.3184673930827593,NTC,0.4087737839886129
NTC_761,1.06772,0.4143696036917608,NTC,0.4085226020923488
UGT3A1,3.1030266666666666,0.7391304347826083,UGT3A1,0.40736197289686443
NTC_118,0.5622166666666664,0.1898874846650891,NTC,0.4056413817728543
NTC_1055,0.5228200000000001,0.16855248337352358,NTC,0.40427832595126034
NTC_1781,0.6582699999999999,0.24502962432206343,NTC,0.4020590760170716
CTSK,1.2515866666666666,0.4782608695652172,CTSK,0.4009272036802402
NTC_1009,1.47656,0.5363415300892711,NTC,0.3994959670954405
PROSC,0.99107,0.3957357285667392,PROSC,0.3989995671505248
NTC_1433,0.6285366666666665,0.23189727425853268,NTC,0.3989349602821107
PPP1R3C,1.2432566666666665,0.4782608695652172,PPP1R3C,0.39825881187358164
NTC_374,0.5238233333333333,0.17370957359720418,NTC,0.3981980549789356
NTC_200,0.7058266666666666,0.2728385659706112,NTC,0.3981527583547954
NTC_1251,0.7193966666666667,0.2801156405678691,NTC,0.39758366185948146
NTC_1205,2.3173266666666668,0.674133946946755,NTC,0.3968510040233806
EPHX2,1.9330833333333333,0.6243024678463787,EPHX2,0.3955184155033826
IDH3B,1.2301066666666665,0.4782608695652172,IDH3B,0.39404640463978097
NTC_705,0.6573733333333334,0.2517879366079583,NTC,0.39374367196458737
MST4,1.5932933333333332,0.5665154725314075,MST4,0.39320603251345343
GMDS,1.2287966666666668,0.47872837774661064,GMDS,0.3931053589930662
DHODH,1.1161499999999998,0.44512249709050755,DHODH,0.3923495562218648
NTC_312,0.6273499999999999,0.23839962620032018,NTC,0.39064735058841504
NTC_1739,1.3944266666666665,0.5255300376364578,NTC,0.38960623541474215
NTC_1158,0.5595333333333332,0.2012730106544035,NTC,0.3895551959248902
PHYH,1.2117166666666666,0.4782608695652172,PHYH,0.3881554412154772
ITPKA,1.18683,0.47093491689296046,ITPKA,0.3881398247028024
LATS2,1.1144966666666667,0.44927536231884063,LATS2,0.38727354555705107
PTPN2,1.2546216666666665,0.49368863955119224,PTPN2,0.3846003404012586
MKNK2,0.9807333333333332,0.4077914714571334,MKNK2,0.3820563027617048
HTR7,1.6125,0.5807645250813165,HTR7,0.380549870301544
AK4,1.1361616666666665,0.46376811594202905,AK4,0.3791361397292829
NTC_1941,0.9632333333333333,0.40500395561541536,NTC,0.37810832071333067
AKAP4,1.1786166666666666,0.4782608695652172,AKAP4,0.37755234772203217
NTC_1600,0.6969266666666665,0.28752347491665564,NTC,0.3772650066564476
NTC_1124,1.19266,0.48342657054454485,NTC,0.37648636579961675
NTC_313,1.4851933333333334,0.558295047749257,NTC,0.3759562329926216
NTC_755,0.5803299999999998,0.2255218446376277,NTC,0.37536405096736186
NTC_144,0.5109000000000001,0.18437590589369712,NTC,0.3751517410053546
NTC_1765,0.5908833333333332,0.23189727425853268,NTC,0.37503622559494465
BCAT2,2.3429366666666667,0.6928471248246845,BCAT2,0.3733764341513574
FAAH,1.1591366666666665,0.4782608695652172,FAAH,0.3713122189832916
NTC_1813,0.6067633333333331,0.24502962432206343,NTC,0.37059976174068143
C9orf96,2.4930066666666666,0.7110799438990183,C9orf96,0.36916834251316427
NTC_104,0.7426199999999998,0.3184673930827593,NTC,0.36903388986691266
NTC_301,0.6952533333333333,0.2950623685283952,NTC,0.36854418063312044
ARL5B,1.0155166666666666,0.4347826086956522,ARL5B,0.36734064627313245
CHRND,2.300126666666667,0.6928471248246845,CHRND,0.3665541220618204
ETFDH,1.4204599999999998,0.5524007042463668,ETFDH,0.366117565571171
ZC3HC1,1.2462016666666667,0.509116409537167,ZC3HC1,0.36536502461956605
PIP5K1B,1.0030566666666667,0.43248485571901757,PIP5K1B,0.36514181118356137
DUSP23,3.0760266666666665,0.7608695652173909,DUSP23,0.36509295089207017
WNK2,1.2882366666666667,0.5217391304347824,WNK2,0.3639868772409453
NTC_1335,0.6198066666666666,0.2586751735282048,NTC,0.3639785214768618
STK40,3.0604266666666664,0.7608695652173909,STK40,0.36324139020970186
ADORA1,1.1329516666666666,0.47872837774661064,ADORA1,0.3624435056899508
NTC_502,1.2553199999999998,0.5148311295964891,NTC,0.3619529446167262
CLCNKA,1.1312416666666667,0.47872837774661064,CLCNKA,0.36189645817418764
CFD,1.2314216666666666,0.509116409537167,CFD,0.36103178128638924
TRAPPC6A,1.1749716666666665,0.49368863955119224,TRAPPC6A,0.3601838824945907
NTC_526,0.7898799999999999,0.3515151262406778,NTC,0.35864973896532343
NTC_974,0.7542366666666667,0.33472847233967196,NTC,0.35849422719305596
PTPRN,1.1106266666666667,0.4782608695652172,PTPRN,0.35577276081510373
PRKAB1,1.2688496666666667,0.5245441795231417,PRKAB1,0.35555442409448446
NTC_1832,0.6429866666666666,0.2801156405678691,NTC,0.35535470944655717
SMS,1.1525616666666667,0.49368863955119224,SMS,0.3533141672191554
MAP3K19,1.2472966666666667,0.5217391304347824,MAP3K19,0.3524194198475748
TRPM8,1.1008866666666666,0.47872837774661064,TRPM8,0.35218556499232034
NTC_671,2.1502266666666667,0.6862187793221464,NTC,0.35164248073612314
DUSP19,1.0960966666666665,0.4782608695652172,DUSP19,0.35111829107311704
AADAT,2.5585266666666664,0.7293127629733521,AADAT,0.3507386630679966
LCMT2,1.2392666666666665,0.5217391304347824,LCMT2,0.3501505707301159
CSAD,3.286626666666667,0.7826086956521735,CSAD,0.34987892939172016
NTC_310,0.7191466666666666,0.3265321669468846,NTC,0.3495585181272194
NTC_105,0.76858,0.3515151262406778,NTC,0.3489783465513348
NTC_1346,0.7157399999999998,0.3265321669468846,NTC,0.34790262593310955
NTC_543,0.7824600000000002,0.36010501315221366,NTC,0.3470764336886937
CHM,3.2548266666666663,0.7826086956521735,CHM,0.3464936498686458
NTC_1796,0.48844,0.1955194972403641,NTC,0.34621112132156445
NTC_1856,0.8812866666666668,0.40500395561541536,NTC,0.34594091594322823
NTC_1039,1.0046599999999999,0.45309186047222316,NTC,0.34541591162121704
NTC_954,0.6632233333333333,0.3027325543237831,NTC,0.34417369672533804
NTC_576,0.5419033333333332,0.23189727425853268,NTC,0.3439484062347093
NTC_836,0.6908266666666667,0.3184673930827593,NTC,0.3432959683603904
NTC_168,1.5649933333333332,0.6034692986494639,NTC,0.343273180419673
NTC_610,1.2285600000000003,0.5255300376364578,NTC,0.3432626813752384
PRKDC,1.2145666666666666,0.5217391304347824,PRKDC,0.3431716699578577
PRKCH,1.2140666666666666,0.5217391304347824,PRKCH,0.34303039666287277
XYLB,1.0469433333333331,0.47093491689296046,XYLB,0.342391413996754
ADCK5,1.2090666666666667,0.5217391304347824,ADCK5,0.34161766371302293
NTC_1480,0.48941333333333326,0.2012730106544035,NTC,0.34073663818942024
CRH,0.9337266666666665,0.43248485571901757,CRH,0.3399036739869028
SPEG,1.31521,0.5524007042463668,SPEG,0.33898982260314253
ACSL4,1.5539766666666666,0.605890603085554,ACSL4,0.3381543093711548
CTLA4,1.0132366666666666,0.46376811594202905,CTLA4,0.3381161763353802
HINT1,1.5491516666666665,0.605890603085554,HINT1,0.33710436146800155
ARHGAP26,1.2685766666666667,0.543478260869565,ARHGAP26,0.3359417111873613
PTGR2,1.1941166666666665,0.5245441795231417,PTGR2,0.3346128977073134
NTC_1284,1.3662533333333333,0.5694332663215453,NTC,0.3341270417916318
OAT,1.0898216666666665,0.49368863955119224,OAT,0.3340814168228672
FLT1,2.2483566666666666,0.7110799438990183,FLT1,0.332940186285806
GRK6,1.1839616666666666,0.5245441795231417,GRK6,0.3317672846520136
NTC_344,1.26546,0.5472638215462551,NTC,0.33130155491585755
CD3G,3.0918266666666665,0.7826086956521735,CD3G,0.329141430929617
PRKD1,1.27427,0.5524007042463668,PRKD1,0.3284377105165764
PAK2,1.0263226666666667,0.47872837774661064,PAK2,0.3283317340184199
PLA2G1B,1.0405599999999997,0.48410969532392345,PLA2G1B,0.3278348998705628
BPI,1.0677366666666666,0.49368863955119224,BPI,0.3273113292790033
NTC_996,0.5349633333333335,0.24502962432206343,NTC,0.32674565680193957
DGKE,1.2788866666666667,0.5563347358578775,DGKE,0.32568616794597716
NTC_213,0.5879366666666666,0.2801156405678691,NTC,0.3249306310493385
NTC_1637,2.4321266666666665,0.7353376257693391,NTC,0.32472104197230917
NTC_837,0.5747333333333333,0.2728385659706112,NTC,0.3242037638869497
TSTA3,0.9308266666666666,0.44927536231884063,TSTA3,0.3234505353678802
NTC_1203,1.1567266666666667,0.5255300376364578,NTC,0.3231922716173744
NTC_1147,0.4454,0.1898874846650891,NTC,0.32135772941919677
NTC_1603,0.8153233333333334,0.40500395561541536,NTC,0.3200476205887066
NTC_976,0.59064,0.28752347491665564,NTC,0.31972919704354014
PLEKHA4,1.1905766666666664,0.5404394576905096,PLEKHA4,0.3181851269476652
NTC_787,0.5950899999999999,0.2950623685283952,NTC,0.315448982317664
SORD,1.2726866666666665,0.5652173913043476,SORD,0.31535200862556334
NTC_540,1.4335266666666666,0.6034692986494639,NTC,0.314436648132524
NTC_1812,0.6456533333333334,0.3265321669468846,NTC,0.31383531744646387
STYK1,1.0698216666666667,0.509116409537167,STYK1,0.31365342386816353
NTC_273,0.9365600000000001,0.4630822527891689,NTC,0.31313121486717566
NTC_368,1.4265266666666667,0.6034692986494639,NTC,0.31290123439512507
PIK3R3,1.0204066666666667,0.49368863955119224,PIK3R3,0.31280246609353446
NTC_1471,0.7050933333333333,0.36010501315221366,NTC,0.3127588369386379
HCN2,1.0647716666666667,0.509116409537167,HCN2,0.312172850198844
PISD,2.9791766666666666,0.7858812529219263,PISD,0.3117501958449641
NTC_211,1.89736,0.6862187793221464,NTC,0.31028932325715614
NTC_151,0.7146866666666665,0.36882550643268,NTC,0.30958729316256156
NTC_746,0.8288599999999999,0.4238621547619892,NTC,0.30897858356878255
ADSSL1,1.0140433333333334,0.49744859896750315,ADSSL1,0.3075104539018234
SLC25A10,1.5777528333333333,0.6390588165080121,SLC25A10,0.3068085051942173
MGST3,1.8521793333333332,0.6839992838172538,MGST3,0.30550652179239246
IFNAR2,1.0883566666666666,0.5245441795231417,IFNAR2,0.30497704967890293
NTC_865,2.15886,0.7229466854496152,NTC,0.30416983596164243
NTC_364,1.6958266666666668,0.6621326131582912,NTC,0.30364627862813826
NTC_352,0.7723833333333332,0.40500395561541536,NTC,0.3031919214246787
NTC_1369,0.5058333333333334,0.2517879366079583,NTC,0.30297650356279604
NTC_260,0.7514466666666666,0.39576602610453004,NTC,0.3025034896671951
PRKCI,1.0299216666666666,0.509116409537167,PRKCI,0.301955425966015
NTC_777,0.6069066666666667,0.3184673930827593,NTC,0.3015931808814223
C1QB,2.1959766666666667,0.7293127629733521,C1QB,0.3010380662549993
NTC_756,0.6153066666666667,0.3265321669468846,NTC,0.2990845908954116
NTC_562,0.5994266666666666,0.3184673930827593,NTC,0.2978761068782921
NTC_1900,0.9715166666666666,0.4937778104059273,NTC,0.2977391880116162
NTC_970,0.8129166666666665,0.4334807127367144,NTC,0.29511331734072016
NTC_1629,0.4819933333333333,0.24502962432206343,NTC,0.2943925657350151
MMP28,1.5136266666666665,0.6400187003272557,MMP28,0.2933519526274958
SGK2,1.1770666666666667,0.5652173913043476,SGK2,0.29165885629314087
MAN1B1,1.3567933333333333,0.6096654829757392,MAN1B1,0.29158627414438776
PDE6H,1.1760966666666666,0.5652173913043476,PDE6H,0.2914185053439414
NTC_1313,2.05698,0.7229466854496152,NTC,0.2898155828429723
NTC_1573,0.6497833333333334,0.36010501315221366,NTC,0.28822493418664846
NTC_275,0.6193066666666664,0.34305618987799824,NTC,0.2877513921371938
NTC_933,1.3587933333333333,0.6150145313229105,NTC,0.2868611419797115
GLP1R,1.5510666666666666,0.6539345289606396,GLP1R,0.28611864568143236
NTC_277,1.2106933333333334,0.5806764575913619,NTC,0.2858032675791524
NTC_908,0.5841233333333331,0.3265321669468846,NTC,0.2839271824062756
NTC_997,0.6398166666666667,0.36010501315221366,NTC,0.2838040115549093
NTC_1801,1.2002933333333332,0.5806764575913619,NTC,0.2833481834542241
KSR2,1.1403666666666665,0.5652173913043476,KSR2,0.2825651657409561
FGFR4,1.0958199999999998,0.5524007042463668,FGFR4,0.2824429767147266
NTC_516,0.9729133333333332,0.5148311295964891,NTC,0.28052516159773966
OXT,1.00033,0.5246187818925129,OXT,0.28024861681229973
IL4I1,0.9978316666666666,0.5245441795231417,IL4I1,0.27961032177826123
NTC_1380,0.4575666666666667,0.24502962432206343,NTC,0.27947321192855734
PPP1R3B,1.1526266666666665,0.5726975222066386,PPP1R3B,0.27902174978611094
MELK,1.1233466666666665,0.5652173913043476,MELK,0.278347873828199
NTC_82,0.7870133333333333,0.4432243006646116,NTC,0.27811196725660314
SSH3,1.3588433333333332,0.6243024678463787,SSH3,0.2780260699835331
NTC_264,0.59596,0.34305618987799824,NTC,0.2769037197372579
MAP4K1,1.1958266666666666,0.5869565217391302,MAP4K1,0.2767071964519767
NTC_1830,0.5006666666666666,0.2801156405678691,NTC,0.27669976235314825
PTGS1,0.9417216666666667,0.509116409537167,PTGS1,0.2760966937612656
NTC_1417,0.7018533333333332,0.40500395561541536,NTC,0.2755060233799912
ACSS2,1.2618266666666664,0.605890603085554,ACSS2,0.2745807798569089
NTC_749,0.7169466666666666,0.4143696036917608,NTC,0.2743124768929143
NTC_854,0.6628266666666665,0.38665655063937165,NTC,0.27353174790572304
PDGFRA,1.4990516666666667,0.6573165030388032,PDGFRA,0.27316538534999735
MGST2,0.9729066666666666,0.5245441795231417,MGST2,0.27262588993155046
NTC_1881,0.5224466666666665,0.3027325543237831,NTC,0.2711189301871623
NTC_418,1.4421933333333332,0.6502174411635121,NTC,0.26960561967330904
NTC_789,0.32448333333333323,0.14906901107957235,NTC,0.2682220214361388
CANT1,0.8718516666666667,0.49368863955119224,CANT1,0.26726339635938434
NTC_1321,1.9999933333333333,0.7353376257693391,NTC,0.2670255328550618
PIP4K2B,0.9503216666666665,0.5245441795231417,PIP4K2B,0.26629716803554393
CDC42BPB,1.0989686666666665,0.5726975222066386,CDC42BPB,0.2660325057550661
PTS,5.291226666666667,0.8913043478260865,PTS,0.26442362895741384
CDC42SE2,0.9431466666666666,0.5245441795231417,CDC42SE2,0.26428660440464524
NTC_905,0.6721266666666665,0.40500395561541536,NTC,0.2638370957953925
NTC_419,0.6233266666666666,0.37767618511607093,NTC,0.2635926297170961
SLC22A4,1.4419666666666666,0.6573165030388032,SLC22A4,0.2627630447439667
CHRNA1,1.3538266666666665,0.6400187003272557,CHRNA1,0.2623815402647773
NTC_753,0.6332,0.38665655063937165,NTC,0.2613055742686432
SLC19A3,0.9766466666666666,0.5404394576905096,SLC19A3,0.2610117032499776
MCCC1,1.0226616666666666,0.5563347358578775,MCCC1,0.26043492985193856
PRKD3,0.6886289999999999,0.42004118050789285,PRKD3,0.2594121425951409
NTC_1570,0.3998966666666668,0.2255218446376277,NTC,0.2586577167617474
NTC_100,0.5077233333333331,0.310534197272332,NTC,0.2578678914437893
CDKN1A,0.5171599999999998,0.3173584793053027,CDKN1A,0.25777834694771556
CA2,1.0112866666666667,0.5563347358578775,CA2,0.2575381288632775
NTC_319,0.4375933333333333,0.2586751735282048,NTC,0.2569746068259966
GPX1,0.9589466666666666,0.5404394576905096,GPX1,0.2562813260263574
GNE,1.1343999999999999,0.5951478618960937,GNE,0.2556655387278928
NTC_591,0.6499833333333334,0.40500395561541536,NTC,0.2551449354517629
NTC_1606,0.5018266666666664,0.310534197272332,NTC,0.25487303006939205
ERBB4,0.9480016666666666,0.5404394576905096,ERBB4,0.253356242483277
CYTH2,1.1226733333333332,0.5951478618960937,CYTH2,0.2530226397938169
TPSAB1,1.1627116666666666,0.605890603085554,TPSAB1,0.25301278267120125
NTC_68,0.8245566666666666,0.4937778104059273,NTC,0.2527005874693159
MTAP,1.0234566666666667,0.5665154725314075,MTAP,0.25257705340894165
KCNK3,1.3689933333333333,0.6539345289606396,KCNK3,0.25253235524815804
NTC_1866,0.65859,0.4143696036917608,NTC,0.25198450952684226
NTC_1181,0.5901333333333334,0.37767618511607093,NTC,0.24955581966178625
PIP4K2C,4.986026666666667,0.8913043478260865,PIP4K2C,0.24917157179906063
PSPH,0.9262499999999999,0.5384351407000686,PSPH,0.24903769181331586
NTC_1355,1.5965933333333333,0.6983843829909577,NTC,0.2489176511538336
NTC_341,0.7872866666666665,0.48342657054454485,NTC,0.2485223751746747
MMP8,4.967726666666667,0.8913043478260865,MMP8,0.24825704805725898
NTC_469,2.081793333333333,0.7603242621734322,NTC,0.2477358024485422
RPS6KA4,0.8164933333333333,0.49744859896750315,RPS6KA4,0.2476030631904088
PKIB,1.0959866666666667,0.5951478618960937,PKIB,0.24700812903025465
PIP,1.2628866666666667,0.6400187003272557,PIP,0.24475670108914757
NTC_280,0.6389333333333334,0.4143696036917608,NTC,0.24446363081788428
OTC,1.0636066666666666,0.5890603085553997,OTC,0.2444596109515003
NTC_726,0.57769,0.37767618511607093,NTC,0.24429377789270892
NTC_1040,0.6911533333333333,0.4432243006646116,NTC,0.24423730204819755
NTC_1396,0.4469966666666665,0.28752347491665564,NTC,0.24197122666001664
NTC_1198,0.3670333333333333,0.2192725592713909,NTC,0.2418807343884644
FAH,2.0263216666666666,0.7608248037957683,FAH,0.2405554601810219
ADRB2,1.17489,0.6243024678463787,ADRB2,0.2403883077246726
CIT,0.9900766666666665,0.5726975222066386,CIT,0.23967250797228368
NTC_1247,0.52695,0.3515151262406778,NTC,0.2392647996502978
NTC_442,1.39666,0.674133946946755,NTC,0.23918333623484017
NTC_1207,0.6174266666666666,0.4143696036917608,NTC,0.23623491970542082
ACVR2B,0.775034,0.49744859896750315,ACVR2B,0.23503044622946337
SIGLEC1,1.0765516666666666,0.605890603085554,SIGLEC1,0.2342638684047373
NTC_437,0.5402933333333333,0.36882550643268,NTC,0.23404375425190194
GUCA1A,1.8323233333333333,0.7452925904926738,GUCA1A,0.2339385767909936
UCK2,1.2598366666666667,0.6521739130434779,UCK2,0.23387176633110515
NTC_1468,0.4918933333333333,0.33472847233967196,NTC,0.23380051406687058
FGF4,1.5013133333333333,0.6991883262212406,FGF4,0.2333128467207815
GRK1,3.2533266666666667,0.8478260869565213,GRK1,0.23324147958967995
NTC_1171,0.8061833333333333,0.5148311295964891,NTC,0.23245103352207228
NTC_725,0.7815999999999999,0.5042465118903798,NTC,0.2324143072679902
PRKAR1A,0.9013133333333333,0.5524007042463668,PRKAR1A,0.23230970489618674
NTC_53,0.4197066666666667,0.2801156405678691,NTC,0.23195619492283362
IMPA1,2.2125766666666666,0.7858812529219263,IMPA1,0.2315308175151293
NTC_1166,0.5472399999999997,0.37767618511607093,NTC,0.23141706973291204
NTC_1232,1.9386933333333334,0.7603242621734322,NTC,0.23070673776534295
NTC_1948,2.05856,0.7729138676202455,NTC,0.2302888438560976
NTC_1441,1.4080933333333334,0.6862187793221464,NTC,0.23027592416985349
CA7,0.9277733333333332,0.5665154725314075,CA7,0.22896353348103826
STK11,1.1128266666666664,0.6243024678463787,STK11,0.22768984261580938
METAP1,1.2243866666666667,0.6521739130434779,METAP1,0.2272909496778054
NTC_1135,2.16276,0.7855635194438192,NTC,0.22669767610106065
NTC_1033,0.43668333333333353,0.3027325543237831,NTC,0.22661283096947202
NTC_1639,0.4614166666666666,0.3265321669468846,NTC,0.22428265848301848
CELA1,1.2063466666666667,0.6521739130434779,CELA1,0.2239420658294125
NTC_533,0.6490266666666666,0.45309186047222316,NTC,0.2231442853633532
NTC_1420,0.5671599999999997,0.40500395561541536,NTC,0.22263340330391304
NTC_868,0.6122266666666665,0.4334807127367144,NTC,0.22225678224227735
NTC_1061,0.74562,0.5042465118903798,NTC,0.22171539890629335
NNT,1.1915066666666667,0.6521739130434779,NNT,0.22118721902729774
NTC_191,0.43479333333333336,0.310534197272332,NTC,0.22082743242149602
NTC_134,1.7494599999999998,0.7477978244232752,NTC,0.22080949815277773
CHUK,0.7007266666666665,0.48410969532392345,CHUK,0.22076829457532476
NTC_1914,0.6420999999999999,0.45309186047222316,NTC,0.22076280219376052
NTC_1097,1.3495233333333334,0.6862187793221464,NTC,0.22069753859032631
NTC_1750,0.4076599999999997,0.28752347491665564,NTC,0.22067723904031128
NTC_170,0.6416599999999999,0.45309186047222316,NTC,0.22061152414833884
NTC_477,0.5208399999999997,0.37767618511607093,NTC,0.22025302719042816
NTC_692,0.6199233333333332,0.4432243006646116,NTC,0.21906629847220407
NTC_648,0.6938266666666666,0.48342657054454485,NTC,0.2190199052774432
DUSP8,0.9717733333333333,0.5951478618960937,DUSP8,0.21901353383997432
MYL6B,1.1780766666666667,0.6521739130434779,MYL6B,0.21869411979869924
PTGER3,0.8468066666666667,0.5524007042463668,PTGER3,0.21826084177621202
NTC_1522,1.0288533333333332,0.6150145313229105,NTC,0.21720598334524707
KCNN1,2.5717366666666663,0.823654919280236,KCNN1,0.2166809100799873
ALPPL2,1.1174806666666666,0.6400187003272557,ALPPL2,0.2165759515271109
NTC_819,0.41696333333333313,0.3027325543237831,NTC,0.21637931692027218
NTC_528,0.6293499999999999,0.45309186047222316,NTC,0.216379177013928
AKT3,1.8114933333333332,0.7608248037957683,AKT3,0.21505204212305218
NTC_667,0.6404533333333333,0.4630822527891689,NTC,0.21413036039591576
ERBB2,0.7044333333333332,0.49744859896750315,ERBB2,0.21362066783165853
ACAD8,0.8793816666666665,0.5726975222066386,ACAD8,0.21287604951284592
NTC_932,0.4903899999999999,0.36882550643268,NTC,0.21242667559768183
NTC_734,0.5137599999999998,0.38665655063937165,NTC,0.21201571673445685
CA6,0.9719416666666666,0.605890603085554,CA6,0.21150012744124164
GK,0.9382266666666665,0.5951478618960937,GK,0.21145294973748985
STK16,1.1355866666666667,0.6521739130434779,STK16,0.21080642164358762
NTC_1436,0.5489599999999999,0.4143696036917608,NTC,0.21003874390721888
MAP3K5,1.1313766666666667,0.6521739130434779,MAP3K5,0.21002489165457797
NTC_1780,0.4297599999999999,0.3265321669468846,NTC,0.2088951749532137
NTC_577,0.6224566666666667,0.4630822527891689,NTC,0.20811332134140464
VDAC1,1.1204166666666666,0.6521739130434779,VDAC1,0.2079903147710754
NTC_1617,0.36650666666666676,0.2728385659706112,NTC,0.2067443002371993
P4HA1,1.1066366666666667,0.6521739130434779,P4HA1,0.20543224274054026
NTC_642,0.4414899999999997,0.34305618987799824,NTC,0.20513159142694462
NTC_825,1.5330266666666665,0.7353376257693391,NTC,0.20467931353822139
RTCA,0.8890566666666666,0.5890603085553997,RTCA,0.2043409971548107
NTC_1357,0.5191266666666665,0.40500395561541536,NTC,0.2037783633292476
ATOX1,0.9950466666666665,0.6243024678463787,ATOX1,0.20359147180338275
NTC_36,0.5450166666666665,0.4238621547619892,NTC,0.20316878325416346
MAN2A1,0.9328666666666666,0.605890603085554,MAN2A1,0.20299718146907267
NTC_1164,0.5161866666666668,0.40500395561541536,NTC,0.20262429356813355
HLA-A,0.8987256666666666,0.5951478618960937,HLA-A,0.20255040703183885
NTC_1909,0.45653333333333346,0.36010501315221366,NTC,0.2025048707836119
NTC_489,0.5022599999999999,0.39576602610453004,NTC,0.20219053388607583
NTC_1699,0.4722600000000001,0.37767618511607093,NTC,0.19970949739066063
NTC_1882,1.4155266666666666,0.7229466854496152,NTC,0.19943883067884463
NTC_1463,0.5633600000000001,0.4432243006646116,NTC,0.19907814929905462
NTC_365,0.3736999999999997,0.2950623685283952,NTC,0.19809320387186974
PRDX6,0.8391600000000004,0.5807645250813165,PRDX6,0.19804169250371711
NTC_15,0.44288666666666643,0.36010501315221366,NTC,0.19645160748784576
PKIA,0.8983216666666666,0.605890603085554,PKIA,0.1954799896940611
NTC_1167,0.51935,0.4238621547619892,NTC,0.19360088238839757
NUAK2,1.2444199999999999,0.6991883262212406,NUAK2,0.19339012467946393
NTC_1845,0.5937599999999998,0.47319425686009076,NTC,0.19294856727763468
NTC_1609,0.61049,0.48342657054454485,NTC,0.1927130627815203
GKAP1,1.2050666666666667,0.6928471248246845,GKAP1,0.19204253419056533
NTC_571,0.39505666666666683,0.3265321669468846,NTC,0.19202678587994884
SERPIND1,0.8748616666666666,0.605890603085554,SERPIND1,0.1903749580240142
ITPK1,1.72396,0.7764316194682341,ITPK1,0.18945766436071595
NTC_1389,0.15612099999999973,0.06126837972576061,NTC,0.1893378667231459
TNNC2,1.0187166666666667,0.6521739130434779,TNNC2,0.189111074894049
NTC_712,0.48142666666666667,0.40500395561541536,NTC,0.18897957761700152
NTC_654,0.7448866666666667,0.558295047749257,NTC,0.18855779845032336
MAPK1,2.0316366666666665,0.8078541374474051,MAPK1,0.1882657693161551
PPP2R3A,0.9618766666666666,0.6390588165080121,PPP2R3A,0.18704573748583334
MTMR14,0.8134091666666667,0.5890603085553997,MTMR14,0.18695415764071688
DSTYK,0.9105066666666666,0.6243024678463787,DSTYK,0.18629416947291452
NTC_1562,1.6634266666666666,0.7729138676202455,NTC,0.1860857122969789
KIT,0.9048463333333334,0.6243024678463787,KIT,0.1851360372638077
UHMK1,1.3484616666666667,0.7293127629733521,UHMK1,0.1848554671432423
MTMR6,1.6792233333333333,0.7764316194682341,MTMR6,0.18454124844738237
CHRNB2,1.0688516666666665,0.6750818139317438,CHRNB2,0.18239268700750816
CYB5R1,0.8855716666666666,0.6227208976157083,CYB5R1,0.18216790095077892
CDK10,1.1421266666666665,0.6928471248246845,CDK10,0.1820122533469432
NEK4,1.7842133333333332,0.7921130375100711,NEK4,0.18058529601296447
NTC_674,1.0071833333333333,0.6621326131582912,NTC,0.18034123243508593
NTC_48,0.6044566666666666,0.5042465118903798,NTC,0.17973947985779404
NTC_824,0.45762333333333327,0.40500395561541536,NTC,0.17963579965315093
NTC_1386,0.6218866666666667,0.5148311295964891,NTC,0.1793118170808085
NTC_1194,0.32372,0.2801156405678691,NTC,0.17890795020431657
NTC_180,0.95662,0.6502174411635121,NTC,0.17883186805181986
SBK2,1.0479166666666666,0.6750818139317438,SBK2,0.1788202634228491
NTC_1236,0.6175499999999998,0.5148311295964891,NTC,0.1780614034254686
NTC_686,1.4103933333333334,0.7477978244232752,NTC,0.17801392665814406
PKIG,0.9164766666666666,0.6400187003272557,PKIG,0.17761990167382002
NTC_1108,0.3082233333333333,0.2656918864313077,NTC,0.1774200414738057
NTC_311,0.3204733333333334,0.2801156405678691,NTC,0.17711363882927023
MST1R,0.8561456666666667,0.6243024678463787,MST1R,0.17517163987761547
NTC_1094,0.4236599999999999,0.38665655063937165,NTC,0.17483373277740583
NTC_444,0.49261999999999984,0.4432243006646116,NTC,0.1740803001769743
NTC_633,0.39139999999999997,0.36010501315221366,NTC,0.1736136238858915
NTC_401,0.7321033333333331,0.5806764575913619,NTC,0.17282454533401467
NTC_1350,0.8177933333333334,0.6150145313229105,NTC,0.1726481310648626
BRD3,0.6980466666666665,0.5665154725314075,BRD3,0.17226969734129793
PDE11A,0.8357666666666668,0.6227208976157083,PDE11A,0.1719226857430654
NTC_1893,2.42456,0.8496000294473002,NTC,0.17162364632221636
NTC_94,0.5575066666666666,0.4937778104059273,NTC,0.17085819311152264
ISYNA1,1.4805816666666667,0.7667134174848061,ISYNA1,0.1708101711566798
NTC_1143,0.6110266666666666,0.5255300376364578,NTC,0.17072235136401473
NTC_1925,0.6514599999999999,0.5472638215462551,NTC,0.1705543525401708
NTC_1470,0.4232733333333334,0.39576602610453004,NTC,0.17039354367539847
NTC_1000,0.3912500000000001,0.36882550643268,NTC,0.16948130432429914
NTC_1475,0.3644933333333331,0.34305618987799824,NTC,0.16935626521818947
GHRHR,0.3121933333333333,0.287144519709946,GHRHR,0.16917740125302183
AURKC,0.9911766666666666,0.6750818139317438,AURKC,0.1691379460503362
NTC_680,0.6679199999999998,0.558295047749257,NTC,0.16907474704108003
NTC_1939,0.45253999999999994,0.4238621547619892,NTC,0.16869576069326164
NTC_1106,0.42872999999999983,0.40500395561541536,NTC,0.16829398934777956
NTC_544,1.1276933333333332,0.710627968367698,NTC,0.16730199360364476
NTC_1237,0.3813266666666666,0.36882550643268,NTC,0.16518272419247
ARF1,0.9447899999999999,0.6689146847303868,ARF1,0.1649879878576925
PPP1R3D,1.0330566666666665,0.6928471248246845,PPP1R3D,0.16463057664510242
NTC_757,0.3798733333333333,0.36882550643268,NTC,0.1645531706360449
RDH13,0.6660966666666668,0.5665154725314075,RDH13,0.16438481357509163
PLCL1,1.7415866666666666,0.8050490883590465,PLCL1,0.1640185176878654
PURA,0.7614133333333333,0.6096654829757392,PURA,0.16363411545152448
NTC_1758,0.4145266666666665,0.40500395561541536,NTC,0.1627186024406283
NTC_56,0.24675333333333316,0.2192725592713909,NTC,0.16261432425611164
NTC_1368,0.4478266666666668,0.4334807127367144,NTC,0.16257461387223412
IBTK,0.5565933333333335,0.5109516278236996,IBTK,0.16231386636853087
CPS1,0.9477416666666666,0.6750818139317438,CPS1,0.1617260416605742
ATP1A1,0.7158366666666665,0.5951478618960937,ATP1A1,0.16133177629100173
NTC_1006,0.43212666666666677,0.4238621547619892,NTC,0.16108617304365772
CHRNA3,0.9201033333333332,0.6689146847303868,CHRNA3,0.16067697328276376
NTC_892,0.8241866666666666,0.6383910283695007,NTC,0.16064488118009848
NTC_408,0.4917499999999999,0.47319425686009076,NTC,0.15979934309952987
GSTO1,0.7683066666666667,0.6227208976157083,GSTO1,0.1580457212231908
BBOX1,0.8636116666666667,0.6573165030388032,BBOX1,0.1573720365771828
LHCGR,1.1974366666666665,0.7391304347826083,LHCGR,0.1571981859493242
NDUFA12,0.7206566666666665,0.605890603085554,NDUFA12,0.15681905825080075
SYK,0.5164600000000001,0.49744859896750315,SYK,0.15661741840960355
DAPK2,0.8489850000000001,0.6539345289606396,DAPK2,0.15660863818695794
ABCG1,0.4133933333333333,0.42004118050789285,ABCG1,0.1557286293992081
NTC_150,0.5233166666666664,0.5042465118903798,NTC,0.15561192498097115
UPP1,1.1303166666666666,0.7293127629733521,UPP1,0.15495080105092035
GLRB,0.8458766666666666,0.6573165030388032,GLRB,0.154140267975134
NTC_1358,1.1543933333333336,0.7353376257693391,NTC,0.15412676123470298
SCLY,0.8333766666666667,0.6539345289606396,SCLY,0.1537294355771339
NTC_775,0.5865266666666666,0.5472638215462551,NTC,0.1535545941130352
NTC_1334,1.4644266666666668,0.7855635194438192,NTC,0.15349928894271947
PDPR,0.8922016666666666,0.6750818139317438,PDPR,0.1522484965976668
NTC_1677,0.5447933333333335,0.5255300376364578,NTC,0.15221659535989618
PRKAA2,2.5261798333333334,0.8713705947300884,PRKAA2,0.15105822774169483
OAS1,0.8250516666666665,0.6573165030388032,OAS1,0.15034542268967216
PRKAB2,1.1907516666666664,0.7480130902290791,PRKAB2,0.15014283253234093
NTC_1160,0.44848999999999983,0.4630822527891689,NTC,0.14994898197208886
NTC_1375,0.23148999999999997,0.2255218446376277,NTC,0.149730367477874
FGFR3,1.0229033333333333,0.7144668914684729,FGFR3,0.14936218814167837
NTC_728,0.18645666666666671,0.1585843361106538,NTC,0.14911680082122084
NTC_588,1.50996,0.7982700487108859,NTC,0.1477498355349919
NAGPA,0.8655116666666665,0.6750818139317438,NAGPA,0.147694019144858
PTPRA,0.6861433333333331,0.6096654829757392,PTPRA,0.1474579607523209
CPD,0.2955933333333334,0.3173584793053027,CPD,0.1473384655337454
BRSK1,0.9245366666666666,0.6928471248246845,BRSK1,0.14733654936277213
NTC_1131,0.5596166666666667,0.5472638215462551,NTC,0.146509468354192
IRAK1BP1,0.3516766666666664,0.38388887231058455,IRAK1BP1,0.1462252155083702
TXNRD1,0.9147166666666666,0.6928471248246845,TXNRD1,0.14577160881805704
NTC_1888,0.1812633333333331,0.1585843361106538,NTC,0.1449634859191082
NTC_1312,0.2908366666666664,0.3184673930827593,NTC,0.1445269268480873
MTNR1A,0.8439666666666665,0.6750818139317438,MTNR1A,0.1440175029694828
NTC_1950,0.5149600000000001,0.5255300376364578,NTC,0.14388108875512207
NTC_1575,0.3958233333333332,0.4334807127367144,NTC,0.14369583226758992
TPMT,1.0910266666666666,0.7391304347826083,TPMT,0.14322879664255425
NUDT9,1.2413266666666667,0.7667134174848061,NUDT9,0.14320805475867082
NTC_1336,1.36306,0.7855635194438192,NTC,0.14287416744637024
ITPKC,0.8125633333333333,0.6689146847303868,ITPKC,0.14189734160353745
FRK,0.43357666666666694,0.47093491689296046,FRK,0.14179652637296453
GSS,1.2891433333333333,0.7764316194682341,GSS,0.14167270990018402
CHIA,0.8873666666666666,0.6928471248246845,CHIA,0.14141304222967024
NEK10,0.8258666666666665,0.6750818139317438,NEK10,0.14092885396626667
GRIN2C,1.0734066666666666,0.7391304347826083,GRIN2C,0.14091566216660947
ERBB3,0.8819266666666665,0.6928471248246845,ERBB3,0.14054610978942073
NPR1,0.8227266666666666,0.6750818139317438,NPR1,0.14039303308946566
ERN1,1.0216321666666666,0.7293127629733521,ERN1,0.1400516574450116
TAB2,1.0574166666666667,0.7391304347826083,TAB2,0.13881651232152675
DHCR7,1.0566766666666667,0.7391304347826083,DHCR7,0.13871936592469367
NTC_1036,0.18552999999999997,0.1789836519266249,NTC,0.1386255363831456
NTC_616,0.2728666666666666,0.310534197272332,NTC,0.1385864059401682
IGFBP7,0.9478966666666665,0.7144668914684729,IGFBP7,0.13840987281190117
NTC_927,0.4129566666666664,0.4630822527891689,NTC,0.1380687011198776
NTC_1591,0.5644566666666666,0.5694332663215453,NTC,0.13804192213222913
NTC_790,1.7766600000000001,0.8366985478235334,NTC,0.13756853341286887
NTC_381,0.5034933333333333,0.5363415300892711,NTC,0.1362244379680521
NTC_194,0.29289333333333345,0.34305618987799824,NTC,0.13608841782375433
NTC_737,0.4840266666666666,0.5255300376364578,NTC,0.13523823944871938
NTC_895,0.5718533333333333,0.5806764575913619,NTC,0.13499500388980712
MAST4,0.9092066666666666,0.7110799438990183,MAST4,0.1346367511259172
EEF2,0.8148799999999998,0.6839992838172538,EEF2,0.13440985437957126
FNTB,1.2220766666666667,0.7764316194682341,FNTB,0.13430229874033964
NTC_720,0.28138666666666645,0.33472847233967196,NTC,0.13374514932416876
HNF4G,0.8385316666666667,0.6928471248246845,HNF4G,0.13363057059004071
NTC_604,0.26101666666666645,0.310534197272332,NTC,0.13256790272593286
NTC_1960,0.6531266666666666,0.6266559047543299,NTC,0.13256568368715074
HIPK1,0.9585761666666666,0.7293127629733521,HIPK1,0.13140755088690828
NTC_1428,0.3709633333333331,0.4432243006646116,NTC,0.1310897008268394
ADK,0.9551916666666667,0.7293127629733521,ADK,0.1309435826896566
CKB,0.34755999999999987,0.42004118050789285,CKB,0.1309286775322665
CASK,0.9947066666666666,0.7391304347826083,CASK,0.13058401158449504
NTC_450,0.4643533333333334,0.5255300376364578,NTC,0.12974146179716892
PDXDC1,0.8725066666666668,0.7110799438990183,PDXDC1,0.12920215748788716
SLC25A29,0.8804000000000001,0.7144668914684729,SLC25A29,0.1285541518487576
CCBL2,0.8660361666666667,0.7110799438990183,CCBL2,0.12824399568584702
SIRT3,1.0802166666666666,0.7608695652173909,SIRT3,0.12821068643839098
TRIB3,0.9757666666666666,0.7391304347826083,TRIB3,0.12809758894122633
NTC_1458,0.4733599999999998,0.5363415300892711,NTC,0.12807160629049794
PRKCE,0.9319466666666666,0.7293127629733521,PRKCE,0.12775701429104092
NME1,0.26359333333333335,0.3278774133866491,NME1,0.12765521993243892
NTC_614,0.3018599999999998,0.37767618511607093,NTC,0.12765067734371907
NTC_380,0.36739333333333324,0.45309186047222316,NTC,0.12631487583549755
NTC_1175,0.4823466666666667,0.5472638215462551,NTC,0.1262799303614081
NTC_21,0.3838733333333335,0.47319425686009076,NTC,0.12474368378260003
LPPR2,1.0493766666666666,0.7608695652173909,LPPR2,0.12455029339709374
C4A,1.3411933333333335,0.8078541374474051,C4A,0.12428442488980075
C4B,1.3411933333333335,0.8078541374474051,C4B,0.12428442488980075
PDK3,1.4828866666666667,0.8246844319775599,PDK3,0.1241357108163084
MMP11,1.4807266666666665,0.8246844319775599,MMP11,0.12395489245615282
NTC_818,0.39168333333333316,0.48342657054454485,NTC,0.1236424754003207
NTC_1038,0.3312933333333332,0.4238621547619892,NTC,0.12349799107100576
ISG20,0.7715416666666666,0.6928471248246845,ISG20,0.12295487129365933
MAP3K13,0.20769333333333329,0.2589149831398645,MAP3K13,0.12188334073680775
MARK4,0.27446000000000015,0.36082181970099364,MARK4,0.1215054201921519
NTC_1138,0.3630233333333335,0.4630822527891689,NTC,0.12137389744575722
NTC_1051,0.81806,0.710627968367698,NTC,0.1213655032284761
ACE,0.30142666666666673,0.3957357285667392,ACE,0.12135278994180587
PRKCD,1.0220566666666666,0.7608695652173909,PRKCD,0.12130768840720267
MAST2,0.8828816666666666,0.7293127629733521,MAST2,0.12103088056430054
TSSK1B,1.1365766666666666,0.7826086956521735,TSSK1B,0.1209946451594573
NTC_1229,0.5952533333333332,0.6266559047543299,NTC,0.12081908323100483
NTC_336,0.8573600000000001,0.7229466854496152,NTC,0.12079664756402629
NTC_843,0.4607600000000003,0.5472638215462551,NTC,0.12062847062967666
NTC_564,1.8727933333333333,0.8625419146266329,NTC,0.12027039739393867
MMP26,0.9533216666666666,0.7480130902290791,MMP26,0.12020509343351929
NTC_1249,0.29062333333333346,0.38665655063937165,NTC,0.11993287588839864
GLRA2,0.8212033333333333,0.7144668914684729,GLRA2,0.11991037938668699
NTC_1360,0.21130333333333318,0.2728385659706112,NTC,0.11919499360026455
NTC_861,0.31716999999999995,0.4238621547619892,NTC,0.11823316042577847
NTC_330,0.4997533333333335,0.5806764575913619,NTC,0.11797466106217928
GLS2,0.4849766666666666,0.5726975222066386,GLS2,0.11740057908785337
PPP1R3F,0.8562016666666665,0.7293127629733521,PPP1R3F,0.1173734211160292
MGAM,0.31212666666666644,0.420757363253857,MGAM,0.11734972448943069
HIPK4,0.30112666666666676,0.4077914714571334,HIPK4,0.11730746475048232
KCNJ11,0.7344676666666667,0.6928471248246845,KCNJ11,0.11704666296832657
NTC_593,0.33028333333333326,0.4432243006646116,NTC,0.11671434738767882
TAT,0.7309916666666665,0.6928471248246845,TAT,0.11649271863702004
TLK2,0.3633266666666666,0.47872837774661064,TLK2,0.11623213474300391
NTC_941,0.5501933333333333,0.6150145313229105,NTC,0.1161538580134512
NTC_1934,0.45789333333333304,0.558295047749257,NTC,0.1159093896052375
NTC_60,0.4905933333333332,0.5806764575913619,NTC,0.11581229850599238
MAP3K10,0.4546766666666666,0.5563347358578775,MAP3K10,0.11578969824361585
NTC_1015,0.34535000000000005,0.4630822527891689,NTC,0.11546496226016392
CLK1,0.7789316666666666,0.7110799438990183,CLK1,0.11534542452661574
CAST,0.30602666666666667,0.42004118050789285,CAST,0.1152827332151986
NTC_256,0.20431666666666648,0.2728385659706112,NTC,0.11525385516442735
EIF2AK3,0.8993366666666667,0.7452925904926738,EIF2AK3,0.11482118686619514
MAPK3,0.7202541666666666,0.6928471248246845,MAPK3,0.11478156292430332
NTC_236,0.5225933333333332,0.6034692986494639,NTC,0.1146281404390125
PTPRN2,0.7710016666666666,0.7110799438990183,PTPRN2,0.1141711376724038
PRKG2,0.7697966666666667,0.7110799438990183,PRKG2,0.113992699379929
PLIN3,0.37582666666666675,0.49744859896750315,PLIN3,0.11397010862955494
LEPREL1,0.7326566666666665,0.6991883262212406,LEPREL1,0.11385911839564382
EPHA10,0.24932666666666647,0.3496165438214317,EPHA10,0.11379469145782156
SOAT2,1.0852516666666667,0.7858812529219263,SOAT2,0.1135640673511833
KCNMB4,2.129976666666667,0.8845254791958861,KCNMB4,0.1135057164120308
VRK2,0.82944,0.7298349795589506,VRK2,0.11344692605730831
RETSAT,0.5029266666666665,0.5951478618960937,RETSAT,0.11334715900384053
ARPC5,1.0640866666666666,0.7826086956521735,ARPC5,0.11327769822148064
CFB,0.7639966666666667,0.7110799438990183,CFB,0.11313382627092151
FGB,0.6602556666666666,0.6750818139317438,FGB,0.11266839816120444
NTC_1195,0.42788333333333317,0.5472638215462551,NTC,0.11202125207901747
SGPP1,0.8765666666666665,0.7452925904926738,SGPP1,0.11191406818434078
NTC_1877,1.9345933333333332,0.8755208005048578,NTC,0.11169090524324345
FES,0.28599333333333354,0.4077914714571334,FES,0.11141209524963898
FADS1,0.7516366666666665,0.7110799438990183,FADS1,0.11130353805931247
NTC_1425,1.4342933333333332,0.8366985478235334,NTC,0.11105874525824959
SULT1B1,1.0903333333333332,0.7921130375100711,SULT1B1,0.11035573161251395
CRAT,0.16987666666666668,0.22627395979429638,CRAT,0.10963252682878197
PPP2R2C,1.7313766666666666,0.8644226273959796,PPP2R2C,0.10955090803577154
PTP4A3,0.5032766666666666,0.605890603085554,PTP4A3,0.10951591313422782
NTC_603,0.3468599999999997,0.48342657054454485,NTC,0.10949311693295236
NTC_1362,0.3097266666666665,0.4432243006646116,NTC,0.10945010577351098
BRAF,0.48489666666666675,0.5951478618960937,BRAF,0.10928364554891824
NTC_829,0.32497666666666647,0.4630822527891689,NTC,0.10865330404546261
NTC_1260,0.57376,0.6502174411635121,NTC,0.10725948925739809
TMLHE,1.0049266666666665,0.7826086956521735,TMLHE,0.10697980084459141
YES1,1.0028566666666667,0.7826086956521735,YES1,0.10675943830959886
SYNC,0.9972266666666666,0.7826086956521735,SYNC,0.1061600947965514
P2RY2,0.8305399999999998,0.7452925904926738,P2RY2,0.10603769653172118
NTC_975,0.5217933333333331,0.6266559047543299,NTC,0.10590884357816857
NTC_1546,0.36606000000000005,0.5148311295964891,NTC,0.10554798370646437
SLCO2B1,0.2894933333333334,0.43248485571901757,SLCO2B1,0.10538399631017836
LTC4S,0.8335866666666667,0.7480130902290791,LTC4S,0.10510761126615456
CAMK4,0.3902266666666667,0.5384351407000686,CAMK4,0.10491891859721554
GRIN3B,0.7178333333333333,0.7144668914684729,GRIN3B,0.10481650992211854
NTC_1070,0.22530666666666677,0.34305618987799824,NTC,0.1046853045197706
SLC16A3,0.9989516666666667,0.7858812529219263,SLC16A3,0.10453337031248677
EEF2K,0.7156344333333333,0.7144668914684729,EEF2K,0.1044954311800692
NTC_1217,0.9900866666666666,0.7855635194438192,NTC,0.10377959018660358
AMHR2,0.8063386666666668,0.7452925904926738,AMHR2,0.10294783494809727
CBS,0.8046273333333334,0.7452925904926738,CBS,0.10272934355133778
TUBA4A,0.8033733333333333,0.7452925904926738,TUBA4A,0.10256924136306174
CYGB,1.5076266666666667,0.8554206081585148,CYGB,0.10224767963380965
CDK11A,0.3319766666666666,0.49368863955119224,CDK11A,0.10176640687586443
CDC25A,0.6543857333333334,0.6991883262212406,CDC25A,0.10169535892849342
GNGT1,0.9542866666666666,0.7826086956521735,GNGT1,0.10158890288709192
FADS2,0.3478266666666665,0.5109516278236996,FADS2,0.10143328658759504
NTC_953,1.20206,0.8238408400546916,NTC,0.10116138197615122
NTC_462,0.2842,0.4432243006646116,NTC,0.10042958326965229
NTC_1901,0.44082333333333334,0.5920225255079181,NTC,0.10035861977468816
MAPK9,0.5157366666666665,0.6390588165080121,MAPK9,0.10028972373293046
NTC_803,0.8412600000000001,0.7603242621734322,NTC,0.10011090814387308
NTC_1535,0.26092666666666653,0.4143696036917608,NTC,0.09983370248936944
CACNA1I,0.4587766666666666,0.605890603085554,CACNA1I,0.09983245578908338
PTK2,0.6808666666666667,0.7144668914684729,PTK2,0.0994187151924399
ACPP,0.9331966666666666,0.7826086956521735,ACPP,0.09934375995810961
NTC_1847,0.19896333333333316,0.3184673930827593,NTC,0.09887184945313501
NTC_587,0.32248999999999994,0.4937778104059273,NTC,0.09883300414321192
EPHA2,2.2806766666666665,0.9050958391771857,EPHA2,0.09876568738811775
AHCY,0.3994599999999997,0.5665154725314075,AHCY,0.0985820240766446
BHMT2,0.6644616666666665,0.7110799438990183,BHMT2,0.09839452714935965
NTRK2,0.5059433333333334,0.6390588165080121,NTRK2,0.09838532026909981
PPP2R1A,0.35065999999999975,0.5246187818925129,PPP2R1A,0.09823956091629858
NTC_409,0.5482933333333333,0.6621326131582912,NTC,0.09817467406060602
FGFR1,0.3361933333333331,0.5109516278236996,FGFR1,0.098040771444126
ABCC8,0.715724,0.7298349795589506,ABCC8,0.09789338313252428
NTC_1263,0.12034766666666674,0.15377072840829212,NTC,0.09785785632672189
SSTR1,0.8229899999999999,0.7608248037957683,SSTR1,0.09770153546255614
ATP5A1,0.2766599999999999,0.44512249709050755,ATP5A1,0.09725164917290785
CDC42BPG,0.6100696666666667,0.6928471248246845,CDC42BPG,0.09722227662601804
NTC_1383,0.49691666666666645,0.6383910283695007,NTC,0.09685563004304516
NTC_291,0.36945666666666654,0.5472638215462551,NTC,0.09672496020474476
CLEC3B,0.75633,0.7452925904926738,CLEC3B,0.09656306862744322
NTC_1328,0.3801266666666665,0.558295047749257,NTC,0.09622382921642651
MAPKAPK5,0.5198999999999998,0.6539345289606396,MAPKAPK5,0.09590373327373203
NTC_1348,0.4538599999999997,0.6150145313229105,NTC,0.0958164826872704
SLC12A3,0.8679999999999999,0.7764316194682341,SLC12A3,0.09539041083615712
NTC_1443,0.23670666666666662,0.39576602610453004,NTC,0.09528898838793996
NTC_1209,1.6465266666666667,0.8755208005048578,NTC,0.09505979925521307
GSTA2,0.8138716666666665,0.7667134174848061,GSTA2,0.09389388090687706
HTR1A,0.9252666666666666,0.7921130375100711,HTR1A,0.09364886573219697
EPHA5,0.5922333333333334,0.6991883262212406,EPHA5,0.09203651353455254
SLC1A1,0.4739766666666667,0.6400187003272557,SLC1A1,0.09186015530020948
TIE1,0.2513599999999998,0.43248485571901757,TIE1,0.09150235346534086
PTPRD,0.39787666666666643,0.5890603085553997,PTPRD,0.09144806833981206
RDH14,0.49967666666666655,0.6573165030388032,RDH14,0.09105381237720435
SLC22A8,1.0850366666666664,0.8246844319775599,SLC22A8,0.09083081054413544
NTC_216,0.4470533333333335,0.6266559047543299,NTC,0.09073880121970172
FABP6,0.7641033333333331,0.7608248037957683,FABP6,0.0907107849654601
EPM2A,0.8657166666666667,0.7858812529219263,EPM2A,0.09059125073020718
NTC_230,2.0098599999999998,0.9015758162761423,NTC,0.09043917027931686
ZFY,0.2760466666666668,0.47093491689296046,ZFY,0.0902780556691295
NTC_931,0.3823166666666664,0.5806764575913619,NTC,0.0902518825989264
NOXO1,0.6564433333333333,0.7298349795589506,NOXO1,0.08978525064800305
DOLPP1,0.3474599999999999,0.5524007042463668,DOLPP1,0.08955634747431047
FYN,0.2655266666666667,0.46376811594202905,FYN,0.08860601298980404
STK33,1.9955133333333333,0.9033899316642293,STK33,0.08805153490928645
SCARB1,0.4526266666666665,0.6400187003272557,SCARB1,0.087722368667268
ITPA,0.2782933333333333,0.48410969532392345,ITPA,0.08767804554084195
NTC_1047,0.6186799999999999,0.7229466854496152,NTC,0.08716813230721257
RIPK1,0.3238033333333332,0.5384351407000686,RIPK1,0.08705990254768263
NTC_730,0.26036000000000015,0.4630822527891689,NTC,0.0870492473550204
IL2RG,0.44847666666666663,0.6400187003272557,IL2RG,0.08691806822105225
C8G,0.3089766666666667,0.5245441795231417,C8G,0.08658080122596622
PSTPIP2,0.19807666666666668,0.3665264142122488,PSTPIP2,0.0863405735289884
NTC_139,1.4851933333333334,0.8755208005048578,NTC,0.08574545616541128
SDSL,0.67082,0.7452925904926738,SDSL,0.08564573360393143
NTC_251,0.2074566666666664,0.38665655063937165,NTC,0.0856121026834993
ARPC2,0.7410316666666668,0.7667134174848061,ARPC2,0.0854905532504813
NTC_973,0.43332666666666686,0.6383910283695007,NTC,0.08446109806698504
OPLAH,0.7319916666666666,0.7667134174848061,OPLAH,0.08444763614430587
PIP5K1C,0.2875766666666666,0.509116409537167,PIP5K1C,0.08431256249056483
MAP2K1,0.7633866666666667,0.7764316194682341,MAP2K1,0.0838937416591911
TRIM33,0.32857666666666674,0.5563347358578775,TRIM33,0.08367659014074433
NTC_1397,0.15136666666666643,0.2801156405678691,NTC,0.08365470178732652
NTC_762,0.2570166666666669,0.47319425686009076,NTC,0.08352027351085757
GNB1,0.33779333333333317,0.5665154725314075,GNB1,0.08336341691182274
SUCLG1,0.2279266666666666,0.43248485571901757,SUCLG1,0.08297193832555008
GRK7,0.2957633333333334,0.5246187818925129,GRK7,0.082859921296434
CAMKK2,0.7526300000000001,0.7764316194682341,CAMKK2,0.0827116185571624
ADORA2A,0.3086266666666666,0.5404394576905096,ADORA2A,0.08248138726563999
PTGIR,0.21680999999999995,0.42004118050789285,PTGIR,0.08167408958387243
NTC_103,0.43532666666666664,0.6502174411635121,NTC,0.08138057014569201
RARG,1.5659066666666668,0.8873653427232846,RARG,0.08126669957574696
NTC_784,0.3842333333333334,0.6150145313229105,NTC,0.08111727521968352
NTC_1800,0.29011999999999993,0.5255300376364578,NTC,0.08106024054224793
NTC_1820,0.3992933333333333,0.6266559047543299,NTC,0.0810449127658566
PPM1G,0.8743799999999999,0.8078541374474051,PPM1G,0.08102621205628617
NPY2R,0.3269266666666666,0.5652173913043476,NPY2R,0.08100735531127849
NTC_920,0.3082233333333333,0.5472638215462551,NTC,0.08069387384404247
PTPRF,0.79149,0.7921130375100711,PTPRF,0.08010894956954022
NTC_934,0.3927866666666666,0.6266559047543299,NTC,0.07972424901223393
SLC13A3,0.1800599999999999,0.36082181970099364,SLC13A3,0.07971385979668748
NTC_1286,0.39192666666666676,0.6266559047543299,NTC,0.07954969406938835
NTC_624,0.5345500000000001,0.710627968367698,NTC,0.07930461060409005
NTC_538,1.7591599999999998,0.9015758162761423,NTC,0.07915823529428073
NTC_45,0.2435933333333331,0.47319425686009076,NTC,0.07915821992901159
G6PC2,0.9405966666666665,0.8246844319775599,G6PC2,0.07873941983076946
NTC_657,1.359726666666667,0.8755208005048578,NTC,0.07850182240714396
CTDSP2,0.4046766666666666,0.6400187003272557,CTDSP2,0.07842930688508806
PPM1M,0.17182666666666635,0.3496165438214317,PPM1M,0.07842306953752479
PPP2R5A,0.47372666666666663,0.6839992838172538,PPP2R5A,0.07813853853620947
NTC_1665,0.43535999999999997,0.6621326131582912,NTC,0.07795339374123117
SLC6A4,0.19335666666666662,0.3957357285667392,SLC6A4,0.07784437658860453
CSK,0.26669333333333345,0.5109516278236996,CSK,0.07777316664718358
PGD,0.2533266666666667,0.49368863955119224,PGD,0.07765649583557024
CHRNE,1.0770366666666666,0.8478260869565213,CHRNE,0.07721623170508655
CYSLTR2,1.0495316666666668,0.8443197755960732,CYSLTR2,0.07713327128400138
MAPK4,0.8321433333333332,0.8078541374474051,MAPK4,0.07711226490529459
RAB5A,0.1913499999999999,0.3957357285667392,RAB5A,0.0770365031473588
NTC_1221,0.1816266666666666,0.37767618511607093,NTC,0.07680635733015931
NTC_947,0.78352,0.7982700487108859,NTC,0.0766675614839975
NTC_738,0.44758999999999993,0.674133946946755,NTC,0.07665148960044112
NTC_500,0.25739333333333314,0.5042465118903798,NTC,0.07653773447040113
SACM1L,1.0663066666666667,0.8478260869565213,SACM1L,0.0764469634045376
NME7,0.9057499999999999,0.823654919280236,NME7,0.07631369760704447
PTPN14,0.11752666666666656,0.22423980185610692,PTPN14,0.07630857196059769
PRPS1L1,0.17233333333333345,0.36082181970099364,PRPS1L1,0.07629320877279329
SV2A,0.9039133333333332,0.823654919280236,SV2A,0.07615894980179473
NTC_1674,0.36066,0.6150145313229105,NTC,0.07614059984574752
NTC_1242,0.23377333333333294,0.47319425686009076,NTC,0.07596710747504634
NTC_709,1.95856,0.9146450020035183,NTC,0.07588917520351667
NTC_202,0.26302666666666674,0.5148311295964891,NTC,0.07583984682210286
TLK1,0.39082666666666666,0.6400187003272557,TLK1,0.07574507527542819
PROS1,0.7482966666666666,0.7921130375100711,PROS1,0.07573722969722302
EPHB4,0.6536766666666667,0.7667134174848061,EPHB4,0.07541267451044212
SBF1,0.36796000000000006,0.6243024678463787,SBF1,0.07528643678163109
PPM1B,0.45633999999999997,0.6839992838172538,PPM1B,0.07527070605190157
PPP1R12B,0.15899333333333332,0.3386350750499835,PPP1R12B,0.07476948652513475
NTC_76,0.30529666666666677,0.5694332663215453,NTC,0.07466248726603601
GABBR1,0.15937666666666672,0.3408134642356242,GABBR1,0.0745059231041705
NTC_1887,0.21652666666666653,0.45309186047222316,NTC,0.07444484298864294
NTC_1549,0.20465999999999984,0.4334807127367144,NTC,0.0742977650767218
NTC_1456,0.3654933333333332,0.6266559047543299,NTC,0.07418449757029622
NTC_488,0.5231266666666665,0.7229466854496152,NTC,0.07370526684785524
NTC_772,0.6188266666666669,0.7603242621734322,NTC,0.07364108549514518
PRKCB,1.2309366666666666,0.8713705947300884,PRKCB,0.07360644276998332
LATS1,0.4306266666666665,0.6750818139317438,LATS1,0.07348368092587203
UBC,0.7795366666666665,0.8050490883590465,UBC,0.07341492157534871
ALDH18A1,0.8767581666666666,0.8246844319775599,ALDH18A1,0.07339535831003272
CA12,1.0224866666666665,0.8478260869565213,CA12,0.0733053663001522
ELANE,0.7773716666666666,0.8050490883590465,ELANE,0.07321102699026102
PHOSPHO1,0.31807666666666656,0.5890603085553997,PHOSPHO1,0.07310681723138568
NTC_511,0.3329266666666666,0.6034692986494639,NTC,0.07302573964948965
CPO,0.3529766666666667,0.6227208976157083,CPO,0.07260961576752055
NTC_687,0.24382333333333328,0.5042465118903798,NTC,0.07250259865972228
NTC_1120,2.21476,0.9277373056487046,NTC,0.0721457614798378
CHRM4,1.0058866666666666,0.8478260869565213,CHRM4,0.07211525877087796
NTC_1620,0.18362666666666638,0.40500395561541536,NTC,0.072080946712309
ZAP70,0.9807566666666666,0.8443197755960732,ZAP70,0.07207878755469621
UGT1A9,0.4188266666666667,0.6739130434782605,UGT1A9,0.07178527309412584
NTC_1001,0.41896,0.674133946946755,NTC,0.07174849322594522
ROR2,1.0006666666666666,0.8478260869565213,ROR2,0.07174102013817847
SGK1,0.523913333333333,0.7298349795589506,SGK1,0.0716584167475701
NTC_1454,0.2484266666666668,0.5148311295964891,NTC,0.07163015288637
SLC3A1,0.24542666666666668,0.5109516278236996,SLC3A1,0.07157137678605677
NTC_413,0.4176599999999999,0.674133946946755,NTC,0.07152586328229013
BPHL,0.1898266666666666,0.42004118050789285,BPHL,0.07150924855283991
NTC_1400,0.4578899999999999,0.6983843829909577,NTC,0.07138756056864544
ELOVL4,0.8601266666666667,0.8260869565217387,ELOVL4,0.07136835222547204
PAK6,0.13885999999999998,0.30706335233207005,PAK6,0.07120352172867234
PLK3,0.2422766666666667,0.509116409537167,PLK3,0.07103137690241125
PRKX,0.2656766666666668,0.5404394576905096,PRKX,0.07100287304222262
PPP2R4,0.8459666666666665,0.8246844319775599,PPP2R4,0.07081773398747242
GABRB3,0.17002666666666655,0.38388887231058455,GABRB3,0.07069614885501785
NTC_1891,0.34826,0.6266559047543299,NTC,0.07068663301792473
PDE4C,0.2772266666666665,0.5563347358578775,PDE4C,0.07059960282050276
ANXA3,0.9846066666666666,0.8478260869565213,ANXA3,0.07058962695021796
NTC_1079,0.7202266666666668,0.7982700487108859,NTC,0.0704742983575164
P4HB,0.9587016666666667,0.8443197755960732,P4HB,0.07045789858850464
NTC_157,1.37066,0.888533254349858,NTC,0.07035092499659264
SSTR2,0.3046766666666665,0.5890603085553997,SSTR2,0.07002695802270253
TBCK,0.6687816666666666,0.7858812529219263,TBCK,0.06998336751681555
EPHB1,0.15332666666666683,0.3496165438214317,EPHB1,0.0699795210791316
MC2R,0.21797666666666649,0.47872837774661064,MC2R,0.06973309590312896
NTC_893,1.3581600000000003,0.888533254349858,NTC,0.06970934607661439
MAP3K11,0.7381316666666666,0.8050490883590465,MAP3K11,0.06951549649657032
NTC_373,0.8259933333333334,0.8238408400546916,NTC,0.06951285884488939
PKDCC,0.2814633333333332,0.5665154725314075,PKDCC,0.06946183623731868
NTC_765,1.7892266666666667,0.9146450020035183,NTC,0.06932794297109651
CNKSR1,0.9665366666666666,0.8478260869565213,CNKSR1,0.06929413038070076
NTC_1566,1.5383266666666666,0.9015758162761423,NTC,0.06922123299726378
PKN3,0.5814599999999999,0.7608248037957683,PKN3,0.06902822003919597
INS,0.2702266666666666,0.5563347358578775,INS,0.0688169560582498
UGCG,0.9331266666666667,0.8443197755960732,UGCG,0.06857831412646204
PTPRJ,1.5536433333333333,0.9033899316642293,PTPRJ,0.06855412986545492
NTC_894,0.4185266666666665,0.6862187793221464,NTC,0.06844476333699104
NTC_1467,0.3105599999999997,0.6034692986494639,NTC,0.06811972718380072
NTC_117,0.11136999999999975,0.24502962432206343,NTC,0.06802272516751662
NTC_1077,0.4576266666666664,0.710627968367698,NTC,0.06789244149667513
CDK5R2,0.5714466666666669,0.7608248037957683,CDK5R2,0.06783948379481265
SLC1A4,0.7187016666666666,0.8050490883590465,SLC1A4,0.06768562500084119
S100A4,0.29402666666666666,0.5890603085553997,S100A4,0.06757915947251784
KCNQ2,0.5142266666666666,0.7391304347826083,KCNQ2,0.06750711867859496
SLC25A22,0.6122599999999998,0.7764316194682341,SLC25A22,0.06728540661122759
HS3ST3A1,0.2512266666666667,0.5404394576905096,HS3ST3A1,0.06714106790768519
NTC_1922,1.30666,0.888533254349858,NTC,0.06706604092630392
NTC_417,0.2840933333333331,0.5806764575913619,NTC,0.06706471467929115
KCNA4,0.6402766666666666,0.7858812529219263,KCNA4,0.06700051677419627
NTC_1152,0.1664266666666665,0.39576602610453004,NTC,0.0669969668821194
NTC_1134,0.4286599999999998,0.6983843829909577,NTC,0.06683044336708717
DNASE1,0.2621266666666666,0.5563347358578775,DNASE1,0.06675417909049994
CAMP,0.9311066666666666,0.8478260869565213,CAMP,0.06675403943117145
SAR1B,0.52268,0.7452925904926738,SAR1B,0.06673222629036536
NTC_828,0.13405999999999985,0.3184673930827593,NTC,0.06661910974059178
NTC_1790,0.3035833333333333,0.6034692986494639,NTC,0.0665894314921932
NTC_1868,0.302793333333333,0.6034692986494639,NTC,0.06641614908468668
NTC_1729,0.3021933333333333,0.6034692986494639,NTC,0.06628454219290969
DBI,0.16992000000000007,0.4077914714571334,DBI,0.06619435147026265
DPP4,0.5735439166666667,0.7667134174848061,DPP4,0.06616800462771219
KLK1,0.2095933333333333,0.48410969532392345,KLK1,0.06603368325408514
DPH5,0.30342666666666673,0.605890603085554,DPH5,0.06602739739429268
NTC_1559,0.5220566666666666,0.7477978244232752,NTC,0.06589180122665202
NTC_1784,0.46732666666666667,0.7229466854496152,NTC,0.06584339676519142
SLC18A2,0.6989916666666667,0.8050490883590465,SLC18A2,0.06582938376662499
GLA,0.5217766666666666,0.7480130902290791,GLA,0.06579123832085033
MS4A1,0.4547266666666665,0.7173913043478257,MS4A1,0.06559154410691781
RDH8,0.22347666666666655,0.509116409537167,RDH8,0.06551953829187505
NDUFA10,0.9138266666666666,0.8478260869565213,NDUFA10,0.06551518050913174
BAG1,0.7065823333333332,0.8078541374474051,BAG1,0.06547689788866641
NTC_253,0.4632599999999998,0.7229466854496152,NTC,0.06527042893359941
MYLK3,0.22355999999999998,0.5109516278236996,MYLK3,0.06519461479718659
MMP20,0.4739766666666667,0.7293127629733521,MMP20,0.06497565358921105
NTC_1938,0.46089333333333316,0.7229466854496152,NTC,0.06493698044144341
CA3,0.20267666666666662,0.47872837774661064,CA3,0.06483846023577375
NTC_386,0.24602666666666662,0.5472638215462551,NTC,0.06441058367505258
NTC_545,0.1138300000000001,0.2728385659706112,NTC,0.06421084754074617
NTC_956,0.2026933333333334,0.48342657054454485,NTC,0.06398409977569215
NTC_1719,0.3281933333333331,0.6383910283695007,NTC,0.06396922101477873
IDH3A,1.2310933333333334,0.8873653427232846,IDH3A,0.0638907121346344
PRLR,0.8909266666666666,0.8478260869565213,PRLR,0.06387340566453054
ITGA2B,0.8898266666666665,0.8478260869565213,ITGA2B,0.06379454311740994
NTC_428,0.26961333333333326,0.5806764575913619,NTC,0.06364648216689102
NTC_1550,0.45159333333333307,0.7229466854496152,NTC,0.06362666876099944
CAMK1D,0.8855266666666666,0.8478260869565213,CAMK1D,0.06348626225139312
OXTR,0.7534146666666666,0.823654919280236,OXTR,0.06347872927928479
ASS1,0.5032266666666665,0.7480130902290791,ASS1,0.06345225394531588
MTMR11,0.6678266666666666,0.8043478260869561,MTMR11,0.06314709016121911
NTC_42,0.42519333333333353,0.710627968367698,NTC,0.06308070663446838
SLK,0.2898366666666665,0.605890603085554,SLK,0.06307013480282045
CS,0.4256266666666666,0.7110799438990183,CS,0.06302746525456666
NTC_6,0.4683133333333336,0.7353376257693391,NTC,0.06252601710828881
ALDH1A2,0.2229599999999996,0.5246187818925129,ALDH1A2,0.062463618610328835
NTC_1146,0.6848933333333334,0.8110302412446667,NTC,0.06229991923784908
CKMT1B,0.5245999999999997,0.7608248037957683,CKMT1B,0.06227806595907232
NTC_1162,0.29466000000000014,0.6150145313229105,NTC,0.062207034743381504
PYCR2,0.6712933333333333,0.8078541374474051,PYCR2,0.06220677048724566
BCKDK,0.4719266666666666,0.7391304347826083,BCKDK,0.06195402058935176
SCPEP1,0.5164266666666666,0.7608695652173909,SCPEP1,0.06129457123887812
NDUFC1,0.3359266666666665,0.6573165030388032,NDUFC1,0.061214392665589736
SNX3,0.15625999999999984,0.4077914714571334,SNX3,0.06087293644505194
THNSL1,0.8955966666666665,0.8554206081585148,THNSL1,0.060739626778363205
SKP2,0.5999266666666665,0.7921130375100711,SKP2,0.06072028084425874
NTC_1779,0.24725333333333332,0.5694332663215453,NTC,0.06046757422229181
CYTH3,1.3951816666666665,0.9050958391771857,CYTH3,0.06041894423422571
MTTP,0.2251266666666667,0.5404394576905096,MTTP,0.06016576589997402
NTC_1332,0.26342,0.5920225255079181,NTC,0.05997066312517113
F7,0.5195766666666666,0.7667134174848061,F7,0.05994196832259651
LPL,0.19532666666666643,0.49368863955119224,LPL,0.05987677758589357
ADCK2,0.6357066666666666,0.8050490883590465,ADCK2,0.059869351980355444
CDK5R1,0.3752766666666667,0.6928471248246845,CDK5R1,0.0598050581621388
EPHA4,2.0636766666666664,0.9355286323893643,EPHA4,0.059728820681372426
PNLIP,0.25972666666666666,0.5890603085553997,PNLIP,0.05969563925924684
SLC16A7,0.1788266666666667,0.46376811594202905,SLC16A7,0.059674299943219856
FN3KRP,0.7099766666666665,0.8246844319775599,FN3KRP,0.059433711396011314
JAK3,0.22147666666666677,0.5404394576905096,JAK3,0.059190292630696424
DYRK1B,0.4984266666666668,0.7608248037957683,DYRK1B,0.05917088986356699
SYT2,0.30470166666666665,0.6400187003272557,SYT2,0.05905341842474522
NTC_126,0.5264266666666666,0.7729138676202455,NTC,0.05889077240482955
MAPK15,0.2560266666666666,0.5890603085553997,MAPK15,0.05884523037326716
INPP5F,0.46037666666666666,0.7452925904926738,INPP5F,0.058777760577799223
CHRNA10,0.4020233333333332,0.7144668914684729,CHRNA10,0.058702599545748524
NTC_848,0.2164933333333332,0.5363415300892711,NTC,0.058574127410816704
CSNK1A1L,0.316893333333333,0.6539345289606396,CSNK1A1L,0.058455960215856584
NTC_1157,0.3119266666666667,0.6502174411635121,NTC,0.05831200319372094
CACNB4,0.1605766666666666,0.4347826086956522,CACNB4,0.05808505014825164
NDUFS5,0.25147666666666657,0.5890603085553997,NDUFS5,0.057799457283751604
NTC_1212,0.40925999999999996,0.7229466854496152,NTC,0.05766216756327959
HAL,0.31215999999999977,0.6539345289606396,HAL,0.05758282242494361
TREM1,0.4377266666666666,0.7391304347826083,TREM1,0.057464281708687046
MTMR12,0.14749333333333325,0.4077914714571334,MTMR12,0.05745777746108323
ARL3,0.7544306666666667,0.8395153830085641,ARL3,0.05731510987673477
PIK3C2B,0.19022666666666654,0.4999999999999998,PIK3C2B,0.05726393264184026
NTC_1819,0.34965999999999986,0.6862187793221464,NTC,0.05718248765131402
NTC_916,0.2255933333333333,0.558295047749257,NTC,0.057105844663264134
NTC_203,1.7500266666666666,0.9277373056487046,NTC,0.05700708269821061
NTC_1721,0.4045266666666665,0.7229466854496152,NTC,0.05699527057896758
SLC6A8,0.3059266666666667,0.6521739130434779,SLC6A8,0.05679117920136782
SH3KBP1,0.33122666666666656,0.6739130434782605,SH3KBP1,0.056770971418702194
NTC_684,0.4243266666666665,0.7353376257693391,NTC,0.056653215979692674
STK25,0.8933616666666666,0.8644226273959796,STK25,0.056526453008117004
TNIK,0.16202666666666676,0.44927536231884063,TNIK,0.05630222462886729
RNASE4,0.18506,0.49744859896750315,RNASE4,0.05611977587979946
BLVRA,0.1266933333333331,0.36082181970099364,BLVRA,0.056088051818884335
MYH7,0.33953333333333346,0.6839992838172538,MYH7,0.056004105991488064
VRK3,0.3015266666666665,0.6521739130434779,VRK3,0.05597437826273538
CHRNG,0.17487666666666657,0.47872837774661064,CHRNG,0.05594493921927202
GLP2R,0.48452666666666655,0.7667134174848061,GLP2R,0.055898357197436264
NTC_1947,0.3765866666666666,0.710627968367698,NTC,0.05586953317499252
GALK2,0.42512666666666665,0.7391304347826083,GALK2,0.055810167384231626
NTC_1329,0.27384666666666657,0.6266559047543299,NTC,0.055582894474957276
SCN2A,0.24157666666666655,0.5890603085553997,SCN2A,0.055524038913157346
PHKG1,0.28612666666666664,0.6400187003272557,PHKG1,0.05545344715041795
NTC_1114,0.10452666666666666,0.2950623685283952,NTC,0.05540814099557662
SFTPA1,0.3346433333333332,0.6839992838172538,SFTPA1,0.05519752810527642
NTC_782,0.65506,0.8238408400546916,NTC,0.0551276765529987
GLIPR2,0.91897,0.8713705947300884,GLIPR2,0.054951740852357614
PSKH2,0.43023999999999973,0.7452925904926738,PSKH2,0.05493011601585439
EGLN3,0.23272666666666653,0.5807645250813165,EGLN3,0.05492347461439418
PPP3R1,0.5924733333333332,0.8078541374474051,PPP3R1,0.05490275388773917
NTC_1277,0.45952666666666686,0.7603242621734322,NTC,0.054684202168564844
NTC_1105,0.12599999999999967,0.36882550643268,NTC,0.054580560625844425
SLC18A1,0.2924266666666666,0.6521739130434779,SLC18A1,0.054285085412382
QPRT,0.5755066666666666,0.8050490883590465,QPRT,0.05419985820563115
NADK,0.6448116666666666,0.8246844319775599,NADK,0.053978605636966076
PDE8B,0.21772666666666662,0.5652173913043476,PDE8B,0.05394928969006392
KDR,0.18292666666666646,0.509116409537167,KDR,0.05363097150159625
SPRYD3,0.18287666666666658,0.509116409537167,SPRYD3,0.05361631235635549
PTPN20B,0.10006000000000004,0.2918778783615028,PTPN20B,0.05351196985536053
CDC42BPA,0.22062666666666653,0.5726975222066386,CDC42BPA,0.05340813323436065
IGF1R,0.5735399999999999,0.8078541374474051,IGF1R,0.05314825780869001
SIRPD,0.3100266666666667,0.6739130434782605,SIRPD,0.05313737329633942
SHARPIN,0.2575316666666667,0.6227208976157083,SHARPIN,0.05297595317339913
NTC_1863,0.27162666666666646,0.6383910283695007,NTC,0.0529436295887819
STK35,0.7174666666666667,0.8443197755960732,STK35,0.05272880542327119
CAMK2B,0.3074266666666665,0.6739130434782605,CAMK2B,0.052691743337936414
NTC_1809,0.29369333333333336,0.6621326131582912,NTC,0.05258726583174382
UQCRC1,0.21174999999999966,0.5665154725314075,UQCRC1,0.052257406494341054
NTC_351,0.13282666666666665,0.40500395561541536,NTC,0.05213987737060871
EPHA3,0.3791266666666666,0.7293127629733521,EPHA3,0.05197302882652229
PIK3R5,0.5517216666666664,0.8050490883590465,PIK3R5,0.05195984309879031
GRIN1,0.27902666666666653,0.6521739130434779,GRIN1,0.05179755528109237
SCN4B,0.6221266666666665,0.8260869565217387,SCN4B,0.05162048428005815
SLC25A15,0.7001766666666667,0.8443197755960732,SLC25A15,0.05145811078598022
NAGA,0.5076566666666666,0.7921130375100711,NAGA,0.05138137223292889
NR1H3,0.5505333333333333,0.8078541374474051,NR1H3,0.05101629796052145
ADAMTS5,0.1526266666666667,0.46376811594202905,ADAMTS5,0.0509313831978853
ALAS1,0.38792666666666653,0.7391304347826083,ALAS1,0.05092659175964894
GRIK4,1.0184266666666666,0.8913043478260865,GRIK4,0.05089482874046896
NTC_322,0.38062666666666645,0.7353376257693391,NTC,0.050818688638385096
PCK1,0.09903333333333353,0.30706335233207005,PCK1,0.05078152168992413
CANX,1.1712816666666666,0.9050958391771857,CANX,0.05072285809917534
SERPINB6,0.1337433333333331,0.42004118050789285,SERPINB6,0.050382200949736465
NTC_1713,0.19219333333333322,0.5472638215462551,NTC,0.05031684144721683
MAPK8IP3,0.5329766666666667,0.8050490883590465,MAPK8IP3,0.05019448328471713
SLC12A6,0.3144516666666666,0.6928471248246845,SLC12A6,0.05011182917717988
SDHA,0.8358266666666665,0.8713705947300884,SDHA,0.049980010646872644
CDK18,0.5966466666666665,0.8246844319775599,CDK18,0.04994660734210819
TSSK6,0.5912599999999999,0.823654919280236,TSSK6,0.04981643593391234
COMTD1,0.7320399999999998,0.8554206081585148,COMTD1,0.04964716600869402
NTC_1310,0.4426899999999998,0.7729138676202455,NTC,0.049523243571552834
SLC7A3,0.21532666666666644,0.5890603085553997,SLC7A3,0.049490732627490736
NTC_367,0.6373599999999999,0.8366985478235334,NTC,0.04935141245709708
NTC_1723,0.58626,0.8238408400546916,NTC,0.04933769678496783
SSB,0.5919266666666667,0.8260869565217387,SSB,0.04911466238110229
APOH,0.19819333333333322,0.5665154725314075,APOH,0.04891178080032323
NTSR2,0.5274666666666665,0.8078541374474051,NTSR2,0.048878778089567164
STK3,0.4229266666666667,0.7667134174848061,STK3,0.04879175390756835
PTDSS2,0.2119266666666666,0.5890603085553997,PTDSS2,0.04870927581334729
PDE7A,0.10979333333333341,0.36082181970099364,PDE7A,0.04860630001079817
NTC_917,1.8319933333333334,0.9408492025461549,NTC,0.0485111447341323
NTC_834,0.22959333333333354,0.6150145313229105,NTC,0.04847050995559439
NTC_1161,0.28302666666666654,0.674133946946755,NTC,0.048469392963755915
PTPN21,0.3542366666666663,0.7298349795589506,PTPN21,0.04845083541922341
NTC_370,0.2702933333333333,0.6621326131582912,NTC,0.04839737835116495
CACNA1S,0.5830266666666666,0.8260869565217387,CACNA1S,0.048376191689025884
GABRA4,0.7124266666666665,0.8554206081585148,GABRA4,0.048316984029589255
FLT3,0.17960666666666647,0.5384351407000686,FLT3,0.048290234494953024
CBR1,0.36562666666666654,0.7391304347826083,CBR1,0.04799907196319212
MAPK6,0.5080616666666664,0.8050490883590465,MAPK6,0.04784804744755339
ME3,0.13202666666666674,0.4347826086956522,ME3,0.04775772042994941
NTC_339,0.8192266666666668,0.8755208005048578,NTC,0.047296848605256334
GPRC5A,0.46609333333333325,0.7921130375100711,GPRC5A,0.04717462928741853
NTC_668,1.7771599999999999,0.9408492025461549,NTC,0.047059159226767865
KIF1A,0.7415166666666666,0.8644226273959796,KIF1A,0.046918631699817984
GALM,0.7395216666666666,0.8644226273959796,GALM,0.04679240032236034
PPAP2B,0.6363766666666666,0.8443197755960732,PPAP2B,0.046769254923680406
ADORA2B,0.13992666666666653,0.46376811594202905,ADORA2B,0.04669340447018492
SCTR,0.1197933333333332,0.4077914714571334,SCTR,0.04666691390337208
RPS6KC1,0.1015600000000001,0.3496165438214317,RPS6KC1,0.04635279899645597
BEGAIN,0.1078266666666663,0.37225090268866934,BEGAIN,0.04627534949847123
CACNB3,0.49833000000000016,0.8078541374474051,CACNB3,0.046178769246790985
SLC2A2,0.24762666666666666,0.6521739130434779,SLC2A2,0.04596856676448836
MAPKAP1,0.4540833333333332,0.7921130375100711,MAPKAP1,0.045959063096651515
IFNGR1,0.7247566666666665,0.8644226273959796,IFNGR1,0.04585816158142691
DPP6,0.43619166666666653,0.7858812529219263,DPP6,0.04564443560221043
NTC_171,0.32376000000000005,0.7229466854496152,NTC,0.04561575372693986
PPP1R3E,0.8533166666666667,0.8845254791958861,PPP1R3E,0.04547294864403495
TRIM28,0.2601633333333335,0.6689146847303868,TRIM28,0.045432132940671305
NRIP1,0.2217633333333333,0.6243024678463787,NRIP1,0.04537387535461403
NTC_22,0.3394599999999999,0.7353376257693391,NTC,0.04532239476613884
RDX,0.1970766666666668,0.5890603085553997,RDX,0.045296148257455954
HRH3,0.08542666666666654,0.29699203246695116,HRH3,0.04504165434949305
PRG2,4.717626666666666,0.9782608695652169,PRG2,0.04503124629624447
NTC_1691,0.30225999999999975,0.710627968367698,NTC,0.044842599571961905
KCNK1,0.5404266666666666,0.8260869565217387,KCNK1,0.04484148927526693
PDE6G,0.18885333333333332,0.5807645250813165,PDE6G,0.04456937147659799
CTNS,0.3861766666666666,0.7667134174848061,CTNS,0.04455201899031759
NTC_1402,0.21939333333333333,0.6266559047543299,NTC,0.04453045437291841
NTC_638,0.27192666666666643,0.6862187793221464,NTC,0.04447018034298931
ARPC4,0.5349266666666666,0.8260869565217387,ARPC4,0.044385130982410724
NTC_133,0.12891999999999992,0.45309186047222316,NTC,0.044324467308549435
NTC_1291,0.3959933333333334,0.7729138676202455,NTC,0.04429933881356658
NTC_175,0.42069333333333336,0.7855635194438192,NTC,0.0440965252815271
HTR3A,1.5226933333333332,0.9355286323893643,HTR3A,0.04407118543734464
CAMKV,0.12991333333333288,0.4579391841484885,CAMKV,0.044065588553166196
SUCLA2,0.23652666666666655,0.6521739130434779,SUCLA2,0.04390800076021112
NTC_890,0.10132666666666679,0.36882550643268,NTC,0.04389258946837103
ARAF,0.7315766666666665,0.8713705947300884,ARAF,0.04374616298714677
PRSS8,0.6908466666666666,0.8644226273959796,PRSS8,0.043712544534013964
TLR8,0.8743266666666667,0.8913043478260865,TLR8,0.043693578948467995
PIPOX,0.18027666666666664,0.5726975222066386,PIPOX,0.043640419255966775
SLC38A3,0.2735116666666666,0.6928471248246845,SLC38A3,0.04358752511397861
STK17A,0.3670266666666666,0.7608695652173909,STK17A,0.043562317011582107
PAK1,0.6399766666666666,0.8554206081585148,PAK1,0.043403403928324466
NTC_250,0.44259333333333317,0.7982700487108859,NTC,0.043307830809348476
NTC_693,0.17105999999999977,0.558295047749257,NTC,0.043301482556065266
NDUFA11,0.7129266666666667,0.8695652173913039,NDUFA11,0.043273108997166035
SSH2,0.26234666666666673,0.6839992838172538,SSH2,0.043272601197271506
PRKCQ,0.10064666666666633,0.37225090268866934,PRKCQ,0.04319395025215904
MAP2K5,0.32822666666666667,0.7391304347826083,MAP2K5,0.043089240555681606
EPHA6,0.8611266666666666,0.8913043478260865,EPHA6,0.04303392247897171
BAIAP2L1,0.3123233333333333,0.7298349795589506,BAIAP2L1,0.042718125605997685
NTC_193,0.4071933333333335,0.7855635194438192,NTC,0.04268147292834677
NTC_272,0.21879333333333317,0.6383910283695007,NTC,0.04264571420268587
CTSG,0.7996916666666665,0.8845254791958861,CTSG,0.04261529102841388
NTC_1011,0.20988666666666678,0.6266559047543299,NTC,0.04260087802797384
CA9,0.3688066666666665,0.7667134174848061,CA9,0.042548095302898645
NTC_1127,0.2598266666666669,0.6862187793221464,NTC,0.042491377790278465
NTC_1139,0.35629333333333313,0.7603242621734322,NTC,0.042399316698295005
PFKM,0.6977266666666666,0.8695652173913039,PFKM,0.042350501823791124
NTC_215,0.24629999999999996,0.674133946946755,NTC,0.04217981163249547
LIPJ,0.35442666666666667,0.7608695652173909,LIPJ,0.042066825691207746
WNK4,0.3527666666666667,0.7608248037957683,WNK4,0.041878813829258024
SLC6A3,0.8352266666666666,0.8913043478260865,SLC6A3,0.041739596527460086
NTC_882,0.19015666666666675,0.6034692986494639,NTC,0.04170987975114078
NTC_1525,2.8688933333333333,0.9671176006234639,NTC,0.0416583764072319
NTC_1579,0.32832666666666643,0.7477978244232752,NTC,0.04144001377387363
IP6K2,0.4994266666666667,0.8260869565217387,IP6K2,0.04143954563761161
PRKCA,0.26433666666666666,0.6991883262212406,PRKCA,0.04107945944618422
NTC_1172,0.2766799999999998,0.710627968367698,NTC,0.04104760950694906
NTC_1137,0.44975333333333345,0.8110302412446667,NTC,0.04091089076199714
ADCK3,0.5384,0.8395153830085641,ADCK3,0.04090297030736732
JAK2,0.23961166666666656,0.6750818139317438,JAK2,0.0408881953264616
NTC_597,0.20972333333333348,0.6383910283695007,NTC,0.04087785125217695
MAPK7,1.0335866666666667,0.9130434782608691,MAPK7,0.04083550149025484
ACOT13,0.6452766666666667,0.8644226273959796,ACOT13,0.04082915412261296
MGAT1,0.27959333333333336,0.7144668914684729,MGAT1,0.04082562906546301
PYCR1,0.4386699999999999,0.8078541374474051,PYCR1,0.040650253256857484
GRIK2,0.2189266666666667,0.6521739130434779,GRIK2,0.040640797005681496
HSD17B8,0.6673266666666666,0.8695652173913039,HSD17B8,0.040505287477041324
PNCK,0.6773166666666666,0.8713705947300884,PNCK,0.04050157234909665
AKAP14,0.5327633333333333,0.8395153830085641,AKAP14,0.040474745178654105
HADH,0.34067333333333316,0.7608248037957683,HADH,0.040443149683245076
MAK,0.6761338666666667,0.8713705947300884,MAK,0.04043084433938996
CYB5B,0.23572666666666664,0.6739130434782605,CYB5B,0.04040264025428491
OPRM1,0.13372666666666655,0.4999999999999998,OPRM1,0.040255737886825314
PCBD1,0.9110433333333332,0.9033899316642293,PCBD1,0.04019956295399647
NDUFV1,0.08042666666666687,0.3173584793053027,NDUFV1,0.04008866343848776
CALM3,0.4770216666666667,0.8246844319775599,CALM3,0.039932534965436875
ULK4,0.10232666666666645,0.4077914714571334,ULK4,0.03986256672618718
NTC_1912,0.14249333333333314,0.5255300376364578,NTC,0.03981298730065732
NTC_1269,0.5138199999999999,0.8366985478235334,NTC,0.039785588597818534
NTC_205,0.09631999999999974,0.38665655063937165,NTC,0.039748820141433425
NTC_716,0.3552599999999997,0.7729138676202455,NTC,0.0397425455990193
NTC_1915,1.94106,0.9539771520943121,NTC,0.039718021340152815
NTC_1349,0.18802666666666656,0.6150145313229105,NTC,0.039695178802740566
NTC_682,0.37809333333333317,0.7855635194438192,NTC,0.03963124896704689
PPM1E,0.25082666666666653,0.6956521739130431,PPM1E,0.03953225249919604
ADRA2B,0.2127266666666665,0.6521739130434779,ADRA2B,0.03948985022851761
CDC14A,0.6239316666666666,0.8644226273959796,CDC14A,0.039478573294626236
CHIT1,0.18117666666666654,0.605890603085554,CHIT1,0.03942509041802508
CD3D,0.18107166666666652,0.605890603085554,CD3D,0.0394022418108062
LCMT1,0.7881266666666666,0.8913043478260865,LCMT1,0.03938582230675748
NTC_1578,0.2404266666666668,0.6862187793221464,NTC,0.039318752209898965
GSTM4,0.7556199999999997,0.8873653427232846,GSTM4,0.03921481710282385
NTC_1089,0.4291866666666666,0.8110302412446667,NTC,0.0390400860542201
KAT2A,0.25092666666666674,0.6991883262212406,KAT2A,0.03899546724744778
NTC_1831,0.37105999999999995,0.7855635194438192,NTC,0.03889402416082208
NTC_592,0.16389333333333322,0.5806764575913619,NTC,0.03868960777386995
NTC_1616,0.1296600000000001,0.5042465118903798,NTC,0.03855532123895553
INSRR,0.5684433333333334,0.8554206081585148,INSRR,0.03855199242737473
CSF2RA,4.034026666666667,0.9782608695652169,CSF2RA,0.03850606697554521
PPIB,0.15522666666666662,0.5652173913043476,PPIB,0.03846275945814165
NTC_267,0.1892933333333333,0.6266559047543299,NTC,0.03842103137332174
NTC_307,0.07085999999999992,0.28752347491665564,NTC,0.03835840935680825
INPP1,1.1349016666666665,0.9256661991584854,INPP1,0.038070950891739265
NTC_812,0.3394599999999999,0.7729138676202455,NTC,0.037975016970790684
AAK1,0.06282666666666681,0.24993285786756586,AAK1,0.03783275133880109
GSTA3,0.24343333333333317,0.6991883262212406,GSTA3,0.037830959551012365
ARPC3,0.3994266666666666,0.8043478260869561,ARPC3,0.03776823087746602
NTC_1707,0.5329566666666665,0.8496000294473002,NTC,0.037725594114011336
CFTR,0.7066766666666666,0.8845254791958861,CFTR,0.037658554000591184
MMP25,0.7514266666666667,0.8913043478260865,MMP25,0.037551777425658
GLRA3,1.1179716666666666,0.9256661991584854,GLRA3,0.03750302398007102
NTC_869,0.1260266666666665,0.5042465118903798,NTC,0.037474923785347
SRMS,0.20295333333333332,0.6539345289606396,SRMS,0.037437934885583446
TNNI3,3.9139266666666668,0.9782608695652169,TNNI3,0.03735967429500692
NTC_646,0.15815999999999986,0.5806764575913619,NTC,0.037336163961409465
NTC_608,0.19138333333333346,0.6383910283695007,NTC,0.037303142706164305
NEK11,0.5073216666666667,0.8443197755960732,NEK11,0.03728461082792647
RBKS,0.6108266666666666,0.8695652173913039,RBKS,0.03707585949706225
NTC_1537,0.3311599999999999,0.7729138676202455,NTC,0.03704650509646804
NTC_90,0.1981599999999999,0.6502174411635121,NTC,0.03704430492060442
CDH5,0.3369133333333334,0.7764316194682341,CDH5,0.03702569272217261
NTC_1499,0.22639999999999993,0.6862187793221464,NTC,0.03702486759783074
NTC_285,0.31042666666666663,0.7603242621734322,NTC,0.03694113058040958
IYD,0.4444266666666665,0.8260869565217387,IYD,0.03687596270904957
BHMT,0.11512666666666682,0.47872837774661064,BHMT,0.03683026725035207
VTN,0.48392333333333326,0.8395153830085641,VTN,0.036764304855823826
NTC_605,0.1068933333333335,0.45309186047222316,NTC,0.036751396671076804
SPHK1,0.5802266666666664,0.8644226273959796,SPHK1,0.03671318865713926
NTC_2,0.20418333333333316,0.6621326131582912,NTC,0.03656005094342698
PADI3,0.7297266666666666,0.8913043478260865,PADI3,0.036467342168986096
PRKAR2A,0.08057666666666652,0.35343618513323993,PRKAR2A,0.03639559310932285
SLC7A1,0.0602600000000002,0.24993285786756586,SLC7A1,0.03628716461708653
NTC_492,0.43089333333333335,0.8238408400546916,NTC,0.03626255352004924
NTC_1557,0.3978599999999999,0.8110302412446667,NTC,0.03619051998555098
NTC_185,0.2694599999999998,0.7353376257693391,NTC,0.035976469963129
AKAP3,0.3550266666666666,0.7921130375100711,AKAP3,0.035933256687819125
NTC_1469,0.42569333333333326,0.8238408400546916,NTC,0.035824938770139925
H6PD,0.2293166666666666,0.6991883262212406,H6PD,0.035637147231437724
MYLK,0.6858799999999998,0.8873653427232846,MYLK,0.03559548285445704
MAP3K2,0.08412666666666668,0.37961664329125766,MAP3K2,0.035388282383424806
KCNJ3,0.09742666666666655,0.4347826086956522,KCNJ3,0.03524193730374064
NTC_1772,0.3352599999999999,0.7855635194438192,NTC,0.03514151495757346
PIK3AP1,0.08978000000000019,0.4077914714571334,PIK3AP1,0.034974863906545375
MTMR7,0.2002166666666667,0.6689146847303868,MTMR7,0.0349636903109767
GCGR,0.2738033333333332,0.7452925904926738,GCGR,0.03495734674955293
PIK3C2A,0.16212666666666653,0.6086956521739127,PIK3C2A,0.034954476963018476
TOP1MT,0.5755266666666665,0.8695652173913039,TOP1MT,0.034933225732579745
PCMT1,0.8836266666666666,0.9130434782608691,PCMT1,0.03491080063935511
NTC_1940,0.18646000000000007,0.6502174411635121,NTC,0.03485709071203021
STRADA,0.5496716666666666,0.8644226273959796,STRADA,0.034779855455024766
ALDH3A2,0.26472666666666655,0.7391304347826083,ALDH3A2,0.03475302947608482
PIP5KL1,0.4112666666666669,0.823654919280236,PIP5KL1,0.03465115101943933
NMT1,0.18642666666666652,0.6521739130434779,NMT1,0.034607608254419324
TRPA1,0.8749266666666666,0.9130434782608691,TRPA1,0.03456707633018715
NTC_1113,0.3084266666666666,0.7729138676202455,NTC,0.0345033520912952
MYLK4,0.8723266666666667,0.9130434782608691,MYLK4,0.0344643541228496
OXCT2,0.9437066666666665,0.9194443615529225,OXCT2,0.034421272360602675
DRD4,0.8702266666666667,0.9130434782608691,DRD4,0.034381386186153884
NTC_1684,0.15092666666666665,0.5920225255079181,NTC,0.03436023188547438
S100A2,0.6827266666666667,0.8913043478260865,S100A2,0.03411856534577968
GALK1,0.5693533333333332,0.8713705947300884,GALK1,0.03404567812524817
GABRA1,0.2867266666666666,0.7608695652173909,GABRA1,0.03403152708887881
LRP1,0.5605266666666666,0.8695652173913039,LRP1,0.03402275812727557
TFF2,0.09047666666666654,0.420757363253857,TFF2,0.034016356306377914
HSD17B6,0.8537266666666665,0.9130434782608691,HSD17B6,0.033729495254973256
PPT1,0.06742666666666675,0.3173584793053027,PPT1,0.03360881482235284
NTC_296,0.14751666666666696,0.5920225255079181,NTC,0.033583905254023404
AKAP6,0.25562666666666667,0.7391304347826083,AKAP6,0.03355839135286703
NTC_1012,0.26569333333333334,0.7477978244232752,NTC,0.03353469733281814
RIPK3,0.6698266666666666,0.8913043478260865,RIPK3,0.03347390106877195
COL2A1,0.2446666666666666,0.7298349795589506,COL2A1,0.033464362994335244
NTC_451,0.2983266666666664,0.7729138676202455,NTC,0.033373476196035104
RXRA,0.4918516666666666,0.8554206081585148,RXRA,0.03335752328650461
NTC_943,0.09439333333333333,0.4432243006646116,NTC,0.0333563797681212
GABRB2,0.4016266666666666,0.8260869565217387,GABRB2,0.03332466544827767
SLC7A4,0.3523266666666667,0.8043478260869561,SLC7A4,0.033314638208819344
FCER1G,0.1445266666666667,0.5890603085553997,FCER1G,0.033218043674150065
HTR1B,0.06825999999999954,0.3278774133866491,HTR1B,0.0330575329899146
NARS,0.2290266666666667,0.7173913043478257,NARS,0.03303569772682572
S100A11,0.4334766666666665,0.8395153830085641,S100A11,0.03293180391085294
CASR,0.3548633333333333,0.8078541374474051,CASR,0.03288413698582679
NTC_407,0.1494599999999997,0.6034692986494639,NTC,0.03278327674166294
CLK3,0.1984833333333329,0.6839992838172538,CLK3,0.032738704999638206
RET,0.43089333333333335,0.8395153830085641,RET,0.03273554461176795
NTC_347,0.5666266666666668,0.8755208005048578,NTC,0.03271335853614106
ASGR2,0.7527016666666666,0.9050958391771857,ASGR2,0.032596070540401846
HBB,0.12177666666666642,0.5404394576905096,HBB,0.03254517346714066
LMAN1,0.6238333333333332,0.8873653427232846,LMAN1,0.03237541365939443
TNK2,0.15820999999999974,0.6243024678463787,TNK2,0.03237054887276289
PACSIN3,0.5330266666666665,0.8695652173913039,PACSIN3,0.03235356751755124
NTC_435,0.18885666666666645,0.674133946946755,NTC,0.03234242235298814
NDUFB3,0.34142666666666655,0.8043478260869561,NDUFB3,0.032283976635820416
NTC_563,0.15273999999999988,0.6150145313229105,NTC,0.0322456474808392
AKT2,0.6430266666666666,0.8913043478260865,AKT2,0.032134598539794675
SIGLEC7,0.5286266666666666,0.8695652173913039,SIGLEC7,0.03208649701999535
PARS2,0.17232666666666652,0.6521739130434779,PARS2,0.03199013251925637
FGA,0.5247266666666666,0.8695652173913039,FGA,0.03184977544261626
NTC_891,0.13962666666666634,0.5920225255079181,NTC,0.03178765389855443
NTC_227,0.23765999999999976,0.7353376257693391,NTC,0.031730749838333086
TYRO3,0.4674666666666665,0.8554206081585148,TYRO3,0.031703725484305265
ICK,0.07379333333333338,0.37225090268866934,ICK,0.03166945984905281
HPGDS,0.4415266666666666,0.8478260869565213,HPGDS,0.03165447050453978
NTC_439,0.16915999999999998,0.6502174411635121,NTC,0.03162300474550588
PPP1CC,0.2663266666666666,0.7608695652173909,PPP1CC,0.03161025542732033
CDO1,0.2506616666666668,0.7480130902290791,CDO1,0.03160613055950162
CCT3,0.16992666666666656,0.6521739130434779,CCT3,0.03154460473454779
PPP6C,0.26472666666666655,0.7608695652173909,PPP6C,0.03142035176759024
ADRA1A,0.0940966666666665,0.46376811594202905,ADRA1A,0.03139997414809779
NTC_1748,0.3718266666666665,0.8238408400546916,NTC,0.03129169879672039
NTC_566,0.3712266666666666,0.8238408400546916,NTC,0.031241204787115475
NTC_483,0.3190799999999998,0.7982700487108859,NTC,0.03122203073094995
SLC25A4,0.5214299999999998,0.8713705947300884,SLC25A4,0.03118000177660296
TXNDC12,0.1675266666666666,0.6521739130434779,TXNDC12,0.031099076949839207
KCNJ1,0.3286266666666666,0.8043478260869561,KCNJ1,0.03107365845835381
PTPDC1,0.0621933333333331,0.3173584793053027,PTPDC1,0.031000260379447114
NT5C2,0.7836266666666667,0.9130434782608691,NT5C2,0.030959946510987726
NTC_1281,0.31505666666666676,0.7982700487108859,NTC,0.030828346899389906
DRD5,0.3711266666666666,0.8260869565217387,DRD5,0.030793951278802363
INPP5A,0.5930799999999998,0.8873653427232846,INPP5A,0.030779391396922755
NTC_1534,0.1455599999999999,0.6150145313229105,NTC,0.030729844489399992
NTC_72,0.4783933333333332,0.8625419146266329,NTC,0.03072232012285265
IRAK1,0.3702266666666667,0.8260869565217387,IRAK1,0.030719274467244085
POMC,0.3701266666666667,0.8260869565217387,POMC,0.030710977043737608
FGR,0.7085516666666667,0.9050958391771857,FGR,0.030684135735299243
NTC_286,0.09172666666666651,0.4630822527891689,NTC,0.03066806458641171
AKAP8,0.5908133333333332,0.8873653427232846,AKAP8,0.030661756979138154
PANK1,0.07257666666666651,0.37961664329125766,PANK1,0.030529719959359162
NME2,0.4235266666666666,0.8478260869565213,NME2,0.030363992460748432
CSNK2B,0.4980266666666666,0.8695652173913039,CSNK2B,0.030229143105174827
PPP1R13B,0.5049133333333333,0.8713705947300884,PPP1R13B,0.03019235301068957
NTC_1064,0.5878599999999998,0.888533254349858,NTC,0.030172686711873793
SLC12A4,0.3959866666666667,0.8395153830085641,SLC12A4,0.030083638314970337
HLA-DQB1,0.8242933333333333,0.9194443615529225,HLA-DQB1,0.03006572522361721
ALOX5,0.2813266666666665,0.7826086956521735,ALOX5,0.029948723395013307
GRM7,0.05522666666666698,0.287144519709946,GRM7,0.029927301287237414
ABL1,0.4894266666666667,0.8695652173913039,ABL1,0.029707141678133767
BRSK2,0.6859166666666665,0.9050958391771857,BRSK2,0.029703917291052404
NTC_697,0.16519333333333353,0.6621326131582912,NTC,0.02957869569266767
PNLIPRP2,0.38817999999999997,0.8395153830085641,PNLIPRP2,0.029490555375025717
NTC_1478,0.24690666666666683,0.7603242621734322,NTC,0.029382177479942664
NTC_26,0.16381333333333337,0.6621326131582912,NTC,0.02933159976432581
PINK1,0.5650266666666666,0.8873653427232846,PINK1,0.029323492485047453
PRDX5,0.24682666666666653,0.7608695652173909,PRDX5,0.029295804574359995
SFTPD,0.3529266666666666,0.8260869565217387,SFTPD,0.029283820200623655
NTC_926,0.3210599999999999,0.8110302412446667,NTC,0.02920456529070778
KCNMB3,0.22242666666666655,0.7391304347826083,KCNMB3,0.02919993138684162
KRT7,0.3087266666666666,0.8043478260869561,KRT7,0.02919199191682368
AMY2A,0.15712666666666664,0.6521739130434779,AMY2A,0.02916845654943533
AGTR1,0.22172666666666663,0.7391304347826083,AGTR1,0.029108036146594105
LDHAL6A,0.4289666666666667,0.8554206081585148,LDHAL6A,0.02909264427107278
SHMT1,0.22439999999999993,0.7452925904926738,SHMT1,0.02864986527044842
LDHAL6B,0.3994266666666666,0.8478260869565213,LDHAL6B,0.028636185746561123
NID1,0.11542666666666657,0.5652173913043476,NID1,0.02860093700645354
RLBP1,0.4709266666666665,0.8695652173913039,RLBP1,0.028584231631591937
MAT2A,0.4692266666666667,0.8695652173913039,MAT2A,0.028481045302990806
ACYP2,0.8476766666666666,0.9256661991584854,ACYP2,0.028435817566050424
CXCR1,0.4678266666666666,0.8695652173913039,CXCR1,0.028396068326495747
STK4,0.2391266666666667,0.7608695652173909,STK4,0.028381893211909016
AKR1B10,0.1915566666666666,0.7110799438990183,AKR1B10,0.028366012043294447
SERPINA1,0.5461966666666667,0.8873653427232846,SERPINA1,0.028346261858480964
PYCRL,0.16512666666666664,0.6739130434782605,PYCRL,0.028302072922265418
ALDH9A1,0.24482666666666653,0.7667134174848061,ALDH9A1,0.028244902512674207
SLC16A2,0.19333333333333336,0.7144668914684729,SLC16A2,0.02823012572780532
BDH1,0.10076000000000018,0.5246187818925129,BDH1,0.028228535213386956
PTPN23,0.8388566666666666,0.9256661991584854,PTPN23,0.02813994542423625
NTC_1810,0.48708666666666667,0.8755208005048578,NTC,0.028121233436784635
CLK2,0.21332666666666666,0.7391304347826083,CLK2,0.028005293263623828
NTC_670,0.17122666666666642,0.6862187793221464,NTC,0.02800196405720505
NTC_1274,1.3666933333333333,0.9539771520943121,NTC,0.02796531533222977
CNR2,0.2954266666666665,0.8043478260869561,CNR2,0.027934395685549767
TSPO,0.33652666666666664,0.8260869565217387,TSPO,0.027923042745561528
TRAPPC4,0.5582266666666666,0.8913043478260865,TRAPPC4,0.027896805463030742
NTC_1808,0.18802666666666656,0.710627968367698,NTC,0.027895204533130723
NTC_1275,0.20885999999999982,0.7353376257693391,NTC,0.027885569347951906
LTA,0.3358266666666665,0.8260869565217387,LTA,0.02786496078101618
ADH5,0.23372666666666664,0.7608695652173909,ADH5,0.027740968360319994
CAMK1,0.12905666666666638,0.6096654829757392,CAMK1,0.02773536076741787
FSHR,0.11932666666666658,0.5869565217391302,FSHR,0.027611482763911874
MAP2K4,0.3846266666666667,0.8478260869565213,MAP2K4,0.027575126021666015
NTC_572,0.07765000000000022,0.4432243006646116,NTC,0.0274396802986929
MAOB,0.4519266666666666,0.8695652173913039,MAOB,0.027430972664873314
NTC_887,0.20532666666666644,0.7353376257693391,NTC,0.02741382266741902
TUBB1,0.6324766666666666,0.9050958391771857,TUBB1,0.027389675026393667
ABCC2,0.5476266666666667,0.8913043478260865,ABCC2,0.027367081328435253
NTC_1517,0.1842600000000001,0.710627968367698,NTC,0.02733639051521773
MYH14,0.8144266666666666,0.9256661991584854,MYH14,0.02732042655524303
SMPD1,0.2897316666666667,0.8050490883590465,SMPD1,0.027286243862245197
LIPF,0.17292666666666667,0.6956521739130431,LIPF,0.0272546007223221
OXCT1,0.16500666666666652,0.6839992838172538,OXCT1,0.027216917875423508
PTGER2,0.2925533333333332,0.8078541374474051,PTGER2,0.027110053322857375
NTC_495,0.10708666666666655,0.558295047749257,NTC,0.02710751448996752
NTC_1257,0.18264999999999998,0.710627968367698,NTC,0.027097534611985864
ANXA5,0.5078916666666666,0.8845254791958861,ANXA5,0.027065370427234885
SLC36A1,0.0717766666666666,0.420757363253857,SLC36A1,0.026985749561405738
PRKG1,0.14512666666666663,0.6521739130434779,PRKG1,0.026940817625892385
CLPB,0.3753266666666666,0.8478260869565213,CLPB,0.02690837903237381
SEC14L4,0.39566666666666683,0.8554206081585148,SEC14L4,0.026834228572354808
MS4A2,0.15602666666666654,0.6739130434782605,MS4A2,0.026742368067854953
MYO3B,0.5350266666666665,0.8913043478260865,MYO3B,0.026737409243916075
MMACHC,0.5350266666666665,0.8913043478260865,MMACHC,0.026737409243916075
NTC_1288,0.25492666666666675,0.7855635194438192,NTC,0.026721079967043534
SUOX,0.6148766666666665,0.9050958391771857,SUOX,0.026627499430248572
MMP17,0.5324266666666666,0.8913043478260865,MMP17,0.0266074769090153
KRT8,0.3185266666666666,0.8260869565217387,KRT8,0.02642950651439577
LYZ,0.0728766666666667,0.4347826086956522,LYZ,0.026361518929508786
NTC_1233,0.22135999999999978,0.7603242621734322,NTC,0.026342094746841307
NTC_1736,0.2341200000000001,0.7729138676202455,NTC,0.026190746989929656
MINK1,0.5240266666666666,0.8913043478260865,MINK1,0.026187695519335853
HLA-B,0.59304,0.9033899316642293,HLA-B,0.026167744103908055
NTC_233,0.3099933333333331,0.8238408400546916,NTC,0.026088010584657744
GCK,0.6023766666666668,0.9050958391771857,GCK,0.02608618153525917
PDIK1L,0.19852666666666652,0.7391304347826083,PDIK1L,0.026062365326961885
AK8,0.09259666666666666,0.5245441795231417,AK8,0.025947246040759445
NR1H4,0.13902666666666663,0.6521739130434779,NR1H4,0.025808434506424727
NTC_476,0.2018266666666666,0.7477978244232752,NTC,0.025473714735126614
BLVRB,0.4778016666666667,0.8845254791958861,BLVRB,0.025461884783336754
MUT,0.41922666666666664,0.8695652173913039,MUT,0.02544615328531021
NARS2,0.4176266666666666,0.8695652173913039,NARS2,0.025349036740744426
NTC_1539,0.18965999999999994,0.7353376257693391,NTC,0.025322115687697794
ESRRG,0.6912833333333332,0.9194443615529225,ESRRG,0.0252142458408813
CHRNB4,0.10132666666666656,0.5652173913043476,CHRNB4,0.025107175786131874
NTC_798,0.08435999999999999,0.5042465118903798,NTC,0.02508504473020427
RBP1,0.8564266666666667,0.9347826086956517,RBP1,0.02508420274377172
CMA1,0.3019266666666667,0.8260869565217387,CMA1,0.02505213421232069
SHPK,0.6842533333333334,0.9194443615529225,SHPK,0.024957829781482508
NTC_395,0.9411266666666668,0.9408492025461549,NTC,0.024921014235760406
NTC_1473,0.3218266666666667,0.8366985478235334,NTC,0.02491935572731167
REN,0.6274266666666666,0.9130434782608691,REN,0.024788712362477868
NTC_1791,0.03199333333333332,0.16855248337352358,NTC,0.024739319921962908
NTC_219,0.1845800000000002,0.7353376257693391,NTC,0.024643868573422257
NTC_182,0.31809333333333334,0.8366985478235334,NTC,0.024630280050813042
SLC1A5,0.05899333333333323,0.38388887231058455,SLC1A5,0.02452910214939038
NTC_1728,0.29112666666666676,0.8238408400546916,NTC,0.024500254504858602
ME2,0.15362666666666658,0.6956521739130431,ME2,0.024212769152441884
NTC_257,0.17035999999999984,0.7229466854496152,NTC,0.024002655686068276
MASP2,0.6018266666666665,0.9130434782608691,MASP2,0.023777293705615814
NTC_1492,0.18802666666666656,0.7477978244232752,NTC,0.02373193665817239
CDKN2A,0.9965766666666667,0.9467040673211782,CDKN2A,0.0237043304459726
NTC_1840,0.03589333333333311,0.2192725592713909,NTC,0.023654270710153198
PACSIN2,0.2546666666666668,0.8078541374474051,PACSIN2,0.023599207823830477
MARK2,0.8074299999999999,0.9355286323893643,MARK2,0.023369378770298578
KCNH2,0.06992666666666647,0.46376811594202905,KCNH2,0.023334466600970445
NR1H2,0.14772666666666656,0.6956521739130431,NR1H2,0.023282882817608038
PNP,0.5361166666666666,0.9050958391771857,PNP,0.023216763637499277
GSTA4,0.5846266666666666,0.9130434782608691,GSTA4,0.02309774679553663
MATK,0.5219933333333333,0.9033899316642293,MATK,0.023032827415709976
ARPC1B,0.1341266666666665,0.6739130434782605,ARPC1B,0.022988792648999043
NTC_1044,0.2347933333333332,0.7982700487108859,NTC,0.02297456646845778
PHGDH,0.13402666666666652,0.6739130434782605,PHGDH,0.022971653035214316
NTC_1822,0.14702666666666686,0.6983843829909577,NTC,0.02292226314589252
NTC_1804,0.44602666666666657,0.888533254349858,NTC,0.022892904566520423
NTC_265,0.3951266666666664,0.8755208005048578,NTC,0.0228120578755976
NTC_1421,0.07435999999999976,0.4937778104059273,NTC,0.02278899248996625
NTC_1946,0.3536866666666665,0.8625419146266329,NTC,0.02271368399054754
PIK3R2,0.6192266666666668,0.9194443615529225,PIK3R2,0.0225860116274988
NTC_1387,0.1787599999999998,0.7477978244232752,NTC,0.02256233688669104
PRSS1,0.045259999999999856,0.3173584793053027,PRSS1,0.022559842182020215
MOCOS,0.05362666666666671,0.37961664329125766,MOCOS,0.02255831234584906
NTC_1255,0.11559333333333321,0.6383910283695007,NTC,0.022530669385428262
CTDP1,0.10432666666666668,0.6086956521739127,CTDP1,0.022492808503403783
PICK1,0.5173266666666665,0.9050958391771857,PICK1,0.02240305457775119
KIF3B,0.09227666666666678,0.5726975222066386,KIF3B,0.022337846019320855
FFAR1,0.6645266666666667,0.9256661991584854,FFAR1,0.022291941968174505
FTCD,0.059176666666666655,0.420757363253857,FTCD,0.022248549294740003
NTC_38,0.2632266666666665,0.8238408400546916,NTC,0.022152283058229777
NTC_159,0.34452666666666665,0.8625419146266329,NTC,0.022125430700384655
NTC_1833,0.17339333333333307,0.7477978244232752,NTC,0.021884978745653278
STK32C,0.23556999999999984,0.8078541374474051,STK32C,0.021829576127197922
SCNN1D,0.7478366666666665,0.9355286323893643,SCNN1D,0.02164457392176517
JAKMIP1,0.25738666666666665,0.8246844319775599,JAKMIP1,0.021546405089155094
FGFR2,0.25327333333333324,0.823654919280236,FGFR2,0.02133946957982685
NTC_729,0.2170000000000003,0.7982700487108859,NTC,0.02123348586127665
NTC_376,0.20255999999999985,0.7855635194438192,NTC,0.02123207441927482
OPRK1,0.6273316666666666,0.9256661991584854,OPRK1,0.021044213587814168
NTC_1372,0.11722666666666637,0.6621326131582912,NTC,0.02099002320754939
NTC_785,0.4078866666666665,0.888533254349858,NTC,0.02093531896588274
NTC_719,0.27032333333333347,0.8366985478235334,NTC,0.020931401908043618
NTC_541,0.08229333333333333,0.558295047749257,NTC,0.020831423698198306
PPP1R14C,0.34726999999999997,0.8713705947300884,PPP1R14C,0.020765738866119925
CHRM2,0.12042666666666668,0.6739130434782605,CHRM2,0.02064066556049104
CALR,0.8602266666666667,0.9467040673211782,CALR,0.02046114247618098
NTC_1115,0.04586000000000001,0.36010501315221366,NTC,0.02034215838376849
NTC_906,0.3164866666666668,0.8625419146266329,NTC,0.020324707746654562
GABRG3,0.9438666666666666,0.9516278236996804,GABRG3,0.02032415685698576
NTC_498,0.2076566666666666,0.7982700487108859,NTC,0.020319239150536853
NTC_520,0.03428333333333344,0.2586751735282048,NTC,0.02013272468506059
SELP,0.1081266666666667,0.6521739130434779,SELP,0.020072264278301662
CTSH,0.32912666666666657,0.8695652173913039,CTSH,0.01997727786944977
ST14,0.6902266666666668,0.9355286323893643,ST14,0.019977172523554933
NTC_149,0.08365999999999985,0.5806764575913619,NTC,0.019749263258798135
AK7,0.4546766666666666,0.9050958391771857,AK7,0.019689969288064255
NTC_382,0.2764266666666666,0.8496000294473002,NTC,0.019566994619241915
PFKFB2,0.1484266666666667,0.7391304347826083,PFKFB2,0.01948529170353202
NTC_1709,0.4996266666666662,0.9146450020035183,NTC,0.019359251512854163
NTC_1679,0.49839333333333324,0.9146450020035183,NTC,0.019311463010373953
ACAT2,0.6581266666666665,0.9347826086956517,ACAT2,0.019276119462747543
NTC_63,0.0815999999999999,0.5806764575913619,NTC,0.01926296774943735
CA5A,0.1606966666666665,0.7608248037957683,CA5A,0.019077158989839343
NTC_1927,0.22615999999999992,0.8238408400546916,NTC,0.01903287535374803
CA4,0.2015066666666665,0.8050490883590465,CA4,0.018977421797875562
PPP1R9A,0.5628216666666668,0.9256661991584854,PPP1R9A,0.018880187298876278
NTC_503,0.13182666666666676,0.7229466854496152,NTC,0.018573550658852425
GABRA5,0.30492666666666657,0.8695652173913039,GABRA5,0.018508390132892363
NTC_992,0.2389266666666663,0.8366985478235334,NTC,0.018500327089346676
DUSP22,0.10782666666666652,0.6739130434782605,DUSP22,0.018481074223615016
DYRK3,0.04166000000000003,0.36082181970099364,DYRK3,0.01844318226774411
NTC_474,1.2687933333333332,0.9671176006234639,NTC,0.018423783710903547
NTC_1640,0.3169599999999999,0.8755208005048578,NTC,0.01829922015956761
NEK3,0.5437516666666666,0.9256661991584854,NEK3,0.018240472815384632
NTC_490,0.25746,0.8496000294473002,NTC,0.01822442999229461
NTC_1923,0.05019333333333331,0.4334807127367144,NTC,0.018221696904219636
TXK,0.8408,0.9516278236996804,TXK,0.018104835872319848
CAMK2D,0.5365366666666667,0.9256661991584854,CAMK2D,0.017998441352438006
NTC_137,0.31016,0.8755208005048578,NTC,0.01790663214503878
NTC_567,0.23106000000000004,0.8366985478235334,NTC,0.017891203342438895
SCNN1B,0.41292166666666663,0.9050958391771857,SCNN1B,0.017881750991641618
NTC_921,0.34826,0.888533254349858,NTC,0.01787490197373043
NTC_318,0.27469333333333323,0.8625419146266329,NTC,0.017640748593793398
NTC_1857,0.27412666666666663,0.8625419146266329,NTC,0.017604357378608652
NTC_1730,0.2729933333333332,0.8625419146266329,NTC,0.017531574948239145
NTC_850,0.09966000000000008,0.674133946946755,NTC,0.017067153988203423
TYROBP,0.07410666666666677,0.5890603085553997,TYROBP,0.017032694011801863
PKMYT1,0.18012666666666655,0.8043478260869561,PKMYT1,0.017032076477588778
PPP1R42,0.2034216666666666,0.8246844319775599,PPP1R42,0.017028876012397987
NTC_522,0.1620933333333332,0.7855635194438192,NTC,0.0169904113161614
MAN1A1,0.78505,0.9516278236996804,MAN1A1,0.01690437845095706
GLRX,0.05592666666666668,0.4999999999999998,GLRX,0.0168356042241676
DGKG,0.7076766666666665,0.9467040673211782,DGKG,0.016832625242651743
NTC_1607,0.21682666666666672,0.8366985478235334,NTC,0.016789102325787897
PYGL,0.0979266666666665,0.6739130434782605,PYGL,0.016784252458926726
NTC_1787,0.32679333333333305,0.888533254349858,NTC,0.016773097108487744
NTC_565,0.04042666666666661,0.38665655063937165,NTC,0.016683059616393454
PGAM2,0.09672666666666663,0.6739130434782605,PGAM2,0.016578577093509985
LIMK2,0.06662666666666661,0.5652173913043476,LIMK2,0.016509054201368643
NTC_406,0.0650599999999999,0.558295047749257,NTC,0.016469042763343888
SLC7A11,0.4512033333333332,0.9194443615529225,SLC7A11,0.01645743680240872
RYR1,0.49040666666666644,0.9256661991584854,RYR1,0.016450983086917847
HSPG2,0.028026666666666422,0.2589149831398645,HSPG2,0.01644724800852332
RPS6KA3,0.5679333333333334,0.9355286323893643,RPS6KA3,0.01643764683371303
SOAT1,0.5665933333333333,0.9355286323893643,SOAT1,0.016398863326099734
NTC_1087,0.3163933333333333,0.888533254349858,NTC,0.01623930344706584
NTC_292,0.08222666666666645,0.6383910283695007,NTC,0.01602706477881491
NTC_1738,0.24939333333333313,0.8625419146266329,NTC,0.01601598786878014
LPA,0.035426666666666495,0.35343618513323993,LPA,0.016001835252797837
KSR1,0.5468266666666668,0.9355286323893643,KSR1,0.015826758350610138
PREP,0.05387666666666657,0.509116409537167,PREP,0.015795717635123357
PRDX2,0.051376666666666626,0.49368863955119224,PRDX2,0.01574935617139455
ACP1,0.4687566666666665,0.9256661991584854,ACP1,0.015724720970106416
NTC_51,0.12452666666666645,0.7477978244232752,NTC,0.015717233188129398
TRAPPC2,0.5404633333333333,0.9355286323893643,TRAPPC2,0.015642584927640545
HDC,0.6557916666666666,0.9467040673211782,HDC,0.015598501239625428
PTEN,0.0838266666666665,0.6521739130434779,PTEN,0.015561295458127166
NTC_1838,0.4014266666666666,0.9146450020035183,NTC,0.015554253450509732
NTC_249,0.39935999999999994,0.9146450020035183,NTC,0.015474175419326653
NTC_1028,0.5836533333333334,0.9408492025461549,NTC,0.015455127926898623
NTC_549,0.09399333333333337,0.6862187793221464,NTC,0.015371425449405651
NTC_1876,0.5768599999999999,0.9408492025461549,NTC,0.015275240603858578
NTC_965,0.1971933333333331,0.8366985478235334,NTC,0.01526887399134422
PPP1R14A,0.34537666666666667,0.9033899316642293,PPP1R14A,0.015239660449200871
DDC,0.2548433333333333,0.8713705947300884,DDC,0.015238892250328435
CDKL3,0.2394166666666666,0.8644226273959796,CDKL3,0.015148819859474617
CD86,0.08022666666666667,0.6521739130434779,CD86,0.014893003781064316
NTC_1775,0.25782666666666665,0.8755208005048578,NTC,0.014885243994008033
AARS2,0.08012666666666668,0.6521739130434779,AARS2,0.014874440123368126
NADSYN1,0.059626666666666495,0.5652173913043476,NADSYN1,0.014774562815393319
NTC_1244,0.14034666666666684,0.7855635194438192,NTC,0.014710954142791418
NTC_1472,0.16149333333333327,0.8110302412446667,NTC,0.014689910288878614
NTC_1802,0.12289333333333308,0.7603242621734322,NTC,0.014624448095508738
NTC_1706,0.2845599999999999,0.888533254349858,NTC,0.01460541579752119
NTC_467,0.5487799999999998,0.9408492025461549,NTC,0.01453168279753408
DUSP16,0.3310266666666666,0.9050958391771857,DUSP16,0.014335252670828974
NTC_156,0.0315700000000001,0.3515151262406778,NTC,0.014334547347869672
MYLK2,0.6004116666666666,0.9467040673211782,MYLK2,0.014281246015811275
ASNA1,0.6000216666666667,0.9467040673211782,ASNA1,0.01427196957057315
NTC_1361,0.04511333333333312,0.48342657054454485,NTC,0.014240902617488048
DHPS,0.6537166666666667,0.9516278236996804,DHPS,0.014076395048763114
IL11RA,0.22832666666666657,0.8695652173913039,IL11RA,0.01385893556180569
EIF2AK1,0.03987666666666678,0.44927536231884063,EIF2AK1,0.013856639097167976
EDA,0.07442666666666664,0.6521739130434779,EDA,0.013816311634685222
NTC_91,0.07705999999999968,0.6621326131582912,NTC,0.01379797988262415
GZMB,0.0887566666666666,0.6991883262212406,GZMB,0.01379330357339184
PHKA2,0.5775366666666666,0.9467040673211782,PHKA2,0.013737146823959547
NTC_1276,0.08009333333333335,0.674133946946755,NTC,0.013716287913189898
RAMP3,0.5759566666666667,0.9467040673211782,RAMP3,0.013699565327866621
KCNN2,0.6290066666666665,0.9516278236996804,KCNN2,0.01354431786702545
NTC_1317,0.9222866666666665,0.9671176006234639,NTC,0.013392259889540872
NTC_1031,0.9202266666666666,0.9671176006234639,NTC,0.013362347220986136
SGK223,0.6200186666666665,0.9516278236996804,SGK223,0.013350780444546368
HS3ST1,0.9371266666666667,0.967741935483871,HS3ST1,0.0133450952393443
NTC_1506,0.14532333333333347,0.8110302412446667,NTC,0.013219039358987819
SLC1A6,0.5509666666666666,0.9467040673211782,SLC1A6,0.013105159259915813
PIK3CB,0.019193333333333173,0.20812569007191667,PIK3CB,0.013083602240837872
ACY1,0.5486066666666665,0.9467040673211782,ACY1,0.013049024873346625
NTC_1596,0.1324599999999998,0.7982700487108859,NTC,0.01296123289025206
PLAUR,0.5989366666666667,0.9516278236996804,PLAUR,0.01289682450988861
MAPKAPK2,0.04983666666666675,0.5524007042463668,MAPKAPK2,0.012845190344101177
MME,0.5393516666666667,0.9467040673211782,MME,0.01282888769211875
NTC_263,0.06571333333333329,0.6383910283695007,NTC,0.012808397723753761
NTC_1625,0.16479333333333313,0.8366985478235334,NTC,0.012760110084588315
PTPRZ1,0.04812666666666665,0.543478260869565,PTPRZ1,0.012744799095372296
CDK3,0.17290166666666673,0.8443197755960732,CDK3,0.012707068861307328
NTC_332,0.17656000000000005,0.8496000294473002,NTC,0.012497884562415667
NTC_1013,0.37915999999999994,0.9277373056487046,NTC,0.01235112920709029
C1QA,0.36817166666666656,0.9256661991584854,C1QA,0.012350537366435385
GPT2,0.11763666666666661,0.7858812529219263,GPT2,0.012309862077738059
TEC,0.054246666666666554,0.5951478618960937,TEC,0.012225849133926069
ALPK3,0.8547866666666666,0.967741935483871,ALPK3,0.012172537482647294
NTC_1688,0.3121233333333333,0.9146450020035183,NTC,0.01209397839659697
MAST3,0.4977016666666665,0.9467040673211782,MAST3,0.011838210912200735
NTC_287,0.35996000000000006,0.9277373056487046,NTC,0.011725689601709628
ACADSB,0.06302666666666656,0.6521739130434779,ACADSB,0.011700054657319412
NTC_1768,0.22788666666666657,0.888533254349858,NTC,0.011696582518195735
NTC_1238,0.3006599999999997,0.9146450020035183,NTC,0.011649803639760486
NTC_1610,0.015160000000000062,0.17370957359720418,NTC,0.01152427188584069
GRK5,0.5292033333333332,0.9516278236996804,GRK5,0.011395265810043496
SIK1,0.33810666666666656,0.9256661991584854,SIK1,0.01134198907350533
PTPN13,0.7873699999999999,0.9677419354838707,PTPN13,0.011212494545670772
NTC_1069,0.41989333333333323,0.9408492025461549,NTC,0.011118766589160034
CLPP,0.21328000000000014,0.8873653427232846,CLPP,0.011068706746367592
NTC_1445,0.0926933333333333,0.7603242621734322,NTC,0.011030613340563841
NTC_942,0.11239333333333335,0.7982700487108859,NTC,0.010997706240714672
GPX7,0.75935,0.9677419354838707,GPX7,0.010813477441679391
F2R,0.49719333333333293,0.9516278236996804,F2R,0.010705998687930074
NTC_385,0.23732666666666646,0.9015758162761423,NTC,0.010679165125177538
NTC_195,0.20739333333333332,0.888533254349858,NTC,0.010644735264855374
CAPN1,0.12687666666666653,0.8246844319775599,CAPN1,0.010621125374384964
CHRNA7,0.04934333333333352,0.6096654829757392,CHRNA7,0.010604296444458228
PADI4,0.36567666666666643,0.9355286323893643,PADI4,0.010583749093783418
TGFBR2,1.4939933333333333,0.9838709677419352,TGFBR2,0.010550363525275634
ULK3,0.2880999999999998,0.9194443615529225,ULK3,0.010508316744351662
PHKB,0.7269066666666666,0.967741935483871,PHKB,0.010351470128670938
NTC_1835,0.018636666666666635,0.2801156405678691,NTC,0.010299789422879157
RNASEL,0.025276666666666614,0.3931743805516597,RNASEL,0.01024753447756774
NTC_1224,0.10365999999999986,0.7982700487108859,NTC,0.010143148130783094
NTC_96,0.06475999999999993,0.6983843829909577,NTC,0.010096438931676766
PLAU,0.42404166666666665,0.9467040673211782,PLAU,0.01008615205004562
NTC_678,0.05798666666666663,0.674133946946755,NTC,0.00993043717903493
NTC_1192,0.19339333333333308,0.888533254349858,NTC,0.009926166874479706
NTC_1602,0.13872666666666666,0.8496000294473002,NTC,0.00981983385664203
NTC_1130,0.19122666666666688,0.888533254349858,NTC,0.009814959861683497
NTC_1213,0.03319333333333341,0.5148311295964891,NTC,0.009570806441102319
NTC_124,0.13471999999999995,0.8496000294473002,NTC,0.009536220028594458
P4HA2,0.28270666666666644,0.9256661991584854,P4HA2,0.009483563148731501
TSSK2,0.10022666666666669,0.8043478260869561,TSSK2,0.009477043479183904
IL2RB,0.39774166666666666,0.9467040673211782,IL2RB,0.009460586640397511
NTC_1304,1.092026666666667,0.980266984281327,NTC,0.009452172550715053
NTC_1322,0.16145999999999994,0.8755208005048578,NTC,0.009321656003797913
PDE3A,0.6524299999999998,0.9677419354838707,PDE3A,0.009290889691545247
PCYT1B,0.049926666666666675,0.6521739130434779,PCYT1B,0.009268215499118387
NTC_537,0.27766,0.9277373056487046,NTC,0.009044768793228956
PPTC7,0.9377666666666666,0.9782608695652169,PPTC7,0.008951280955199549
CTSL,1.2449066666666666,0.9838709677419352,CTSL,0.00879134973050246
NTC_1910,0.13625999999999983,0.8625419146266329,NTC,0.00875058879013064
LYN,0.12851333333333326,0.8554206081585148,LYN,0.008715811696533834
NTC_440,0.32225999999999977,0.9408492025461549,NTC,0.008533437986685613
MPRIP,0.023390000000000022,0.43248485571901757,MPRIP,0.008514640545648974
GGPS1,0.07152666666666652,0.7608695652173909,GGPS1,0.008489484855183338
C1S,0.8890266666666666,0.9782608695652169,C1S,0.008486042160449868
PAH,0.029826666666666668,0.5217391304347824,PAH,0.008427422956837587
NTC_677,0.40425999999999984,0.9539771520943121,NTC,0.008271978870807791
NTC_556,0.11632666666666669,0.8496000294473002,NTC,0.008234239077540815
MMP24,0.3453216666666665,0.9467040673211782,MMP24,0.008213737257365043
NTC_1305,0.30525999999999986,0.9408492025461549,NTC,0.008083278346104545
NTC_1507,0.030359999999999943,0.5472638215462551,NTC,0.007948347009976937
NTC_1303,0.03905999999999987,0.6266559047543299,NTC,0.007928041939011459
PLK2,0.8271266666666666,0.9782608695652169,PLK2,0.00789518698205419
NTC_1125,0.020429999999999948,0.4143696036917608,NTC,0.00781676540736023
ACOX1,0.8181266666666667,0.9782608695652169,ACOX1,0.007809279120898115
PYGM,0.8138266666666667,0.9782608695652169,PYGM,0.007768234253901324
UCK1,1.6533266666666666,0.989247311827957,UCK1,0.007762569097046618
KCNK9,0.5446166666666665,0.9677419354838707,KCNK9,0.007755580482468721
STK38L,0.013859999999999983,0.27752081406105455,STK38L,0.007715923527778352
GAK,0.031126666666666525,0.5652173913043476,GAK,0.0077127050296367725
FLT4,0.5406666666666666,0.967741935483871,FLT4,0.0076993307479659295
NTC_116,0.018639999999999768,0.38665655063937165,NTC,0.007692255060592939
LCN9,0.8013266666666665,0.9782608695652169,LCN9,0.007648917780073439
ETNK2,0.041126666666666534,0.6521739130434779,ETNK2,0.007634613621853537
YARS2,0.04042666666666661,0.6521739130434779,YARS2,0.007504668017980213
MTMR9,0.523133333333333,0.9677419354838707,MTMR9,0.007449648382156505
NTC_1342,0.10382666666666651,0.8496000294473002,NTC,0.0073494205624173555
GABRP,0.7665266666666666,0.9782608695652169,GABRP,0.007316740716936614
NTC_1434,0.2761933333333333,0.9408492025461549,NTC,0.007313593627307111
PLA2G2D,0.7636266666666667,0.9782608695652169,PLA2G2D,0.007289059295008546
NTC_297,0.06922666666666655,0.7855635194438192,NTC,0.007256248708851683
NTC_855,0.04235999999999973,0.674133946946755,NTC,0.007254311087099055
MAPK10,0.7590266666666665,0.9782608695652169,MAPK10,0.007245150832639883
STMN4,1.5424766666666665,0.989247311827957,STMN4,0.007242114911097711
KCNH7,0.7527266666666665,0.9782608695652169,KCNH7,0.007185015329830631
KCNE1,0.7417266666666666,0.9782608695652169,KCNE1,0.007080016832862095
NME4,0.7382266666666666,0.9782608695652169,NME4,0.007046608220190287
TRPM6,0.7348266666666665,0.9782608695652169,TRPM6,0.007014154139309102
NTC_47,0.1357933333333332,0.888533254349858,NTC,0.00696977121121987
FER,0.4889366666666666,0.967741935483871,FER,0.006962672832567142
GLYATL2,0.7264266666666666,0.9782608695652169,GLYATL2,0.006933973468896765
TAF1,0.7239266666666666,0.9782608695652169,TAF1,0.006910110174131189
NTC_1782,0.21152666666666686,0.9277373056487046,NTC,0.006890476819139998
UBA1,0.2872066666666666,0.9467040673211782,UBA1,0.006831427988098894
HBG1,0.7085266666666665,0.9782608695652169,HBG1,0.006763112278375236
NTC_355,0.023359999999999603,0.5148311295964891,NTC,0.0067355102971725
SERPINB2,0.7031266666666667,0.9782608695652169,SERPINB2,0.006711567561681593
NTC_252,0.0450600000000001,0.710627968367698,NTC,0.0066849981364143765
PFN2,0.9453799999999998,0.9838709677419352,PFN2,0.006676135995380441
NTC_832,0.035660000000000025,0.6502174411635121,NTC,0.00666632980151774
STK24,0.6952266666666667,0.9782608695652169,STK24,0.00663615955022237
NTC_656,0.45089333333333337,0.9671176006234639,NTC,0.00654729263764128
SPTLC2,0.6814266666666666,0.9782608695652169,SPTLC2,0.0065044341631163875
NTC_122,0.1125933333333331,0.8755208005048578,NTC,0.006500410762134798
RPS6KA2,0.6745266666666665,0.9782608695652169,RPS6KA2,0.006438571469563395
NTC_611,0.4418599999999999,0.9671176006234639,NTC,0.006416122197862411
NTC_181,0.1105933333333331,0.8755208005048578,NTC,0.0063849436990380815
NTC_7,2.225693333333333,0.9934217319324556,NTC,0.006379602022578033
NTC_1583,0.027006666666666623,0.5806764575913619,NTC,0.006375349865438781
PTGR1,0.4470816666666666,0.967741935483871,PTGR1,0.006366639253425131
NTC_1073,0.06049333333333329,0.7855635194438192,NTC,0.006340832124818975
SIK2,0.023526666666666696,0.543478260869565,SIK2,0.006230280649337706
NTC_1344,0.05545999999999984,0.7729138676202455,NTC,0.006204249222883538
ABCC9,0.4350516666666664,0.967741935483871,ABCC9,0.006195326770876367
NTC_130,0.10682666666666663,0.8755208005048578,NTC,0.006167480730205943
NTC_161,0.030360000000000165,0.6266559047543299,NTC,0.006162195424177931
RPS6KL1,0.6434266666666666,0.9782608695652169,RPS6KL1,0.006141712082679622
NTC_679,0.2316933333333333,0.9408492025461549,NTC,0.006135234568139017
CDC7,0.038826666666666565,0.6956521739130431,CDC7,0.00611938758652236
NTC_838,0.045386666666666464,0.7353376257693391,NTC,0.006059719624656257
SPTLC1,0.6344266666666667,0.9782608695652169,SPTLC1,0.006055804221523548
TP53RK,0.6330266666666666,0.9782608695652169,TP53RK,0.0060424407764548245
GLYAT,0.6262266666666667,0.9782608695652169,GLYAT,0.0059775326146924565
PPP1R1A,0.011926666666666641,0.3160355306217859,PPP1R1A,0.005966483030392499
TACR1,0.011976666666666524,0.32819074333800846,TACR1,0.005795193683610296
TRIM24,0.6051266666666666,0.9782608695652169,TRIM24,0.0057761264068709895
NTC_1704,0.05832666666666664,0.7982700487108859,NTC,0.005707273972359725
NTC_225,0.2774599999999998,0.9539771520943121,NTC,0.005677393898714513
NTC_1635,0.39082666666666666,0.9671176006234639,NTC,0.005675081816676262
CACNB2,0.7970999999999999,0.9838709677419352,CACNB2,0.005629004211975873
SLC16A5,0.3933116666666667,0.967741935483871,SLC16A5,0.00560093084223254
PTPN7,0.5816266666666665,0.9782608695652169,PTPN7,0.005551811436074569
CACNA2D2,0.01578333333333304,0.44512249709050755,CACNA2D2,0.005548164520033136
PLOD2,0.01842666666666659,0.4999999999999998,PLOD2,0.005546979386768274
INPP4B,0.00969333333333311,0.26810599504640265,INPP4B,0.005541615415396981
ADRBK1,0.38679166666666664,0.967741935483871,ADRBK1,0.005508083179205281
NTC_531,0.37882666666666664,0.9671176006234639,NTC,0.005500833261988468
GNRHR,0.5583266666666666,0.9782608695652169,GNRHR,0.005329405528859396
SUCNR1,0.5501266666666667,0.9782608695652169,SUCNR1,0.005251133922028305
NTC_206,0.06555999999999984,0.8366985478235334,NTC,0.00507637536194188
NTC_797,0.08739333333333321,0.8755208005048578,NTC,0.005045525767116177
LEPREL2,0.3517349999999999,0.9677419354838707,LEPREL2,0.00500886085197748
MAP3K9,0.018240000000000256,0.5384351407000686,MAP3K9,0.004904126854169982
ERN2,0.0284266666666666,0.6739130434782605,ERN2,0.004872220878539282
ANXA2,0.024766666666666604,0.6390588165080121,ANXA2,0.0048161054241872255
NTC_944,0.023460000000000036,0.6266559047543299,NTC,0.004761696464137473
NTC_507,0.12179333333333342,0.9146450020035183,NTC,0.004719179198979682
NTC_255,0.32122666666666677,0.9671176006234639,NTC,0.004664440199487056
HUNK,0.024426666666666597,0.6521739130434779,HUNK,0.00453448278658962
NTC_64,0.22058999999999984,0.9539771520943121,NTC,0.00451371844632536
MSRA,0.6353866666666665,0.9838709677419352,MSRA,0.004487008183289394
CDKL2,0.02392666666666665,0.6521739130434779,CDKL2,0.004441664498108675
NTC_445,0.008926666666666527,0.3265321669468846,NTC,0.004339020837403029
VAMP2,0.023326666666666496,0.6521739130434779,VAMP2,0.004330282551931499
NTC_573,0.03845999999999994,0.7729138676202455,NTC,0.004302477914029953
SIRPA,0.0071266666666665035,0.26810599504640265,SIRPA,0.004074268830164631
PRKACB,0.5743199999999999,0.9838709677419352,PRKACB,0.004055764269253523
NTC_1849,1.41046,0.9934217319324556,NTC,0.00404286310876854
NTC_1712,0.4647933333333334,0.980266984281327,NTC,0.00402307646982554
NTC_329,0.2764266666666666,0.9671176006234639,NTC,0.0040139122619859535
NTC_46,0.04056000000000015,0.7982700487108859,NTC,0.003968802702918816
NTC_237,0.27192666666666643,0.9671176006234639,NTC,0.003948569053978028
IRAK3,0.8375716666666666,0.989247311827957,IRAK3,0.003932500495704719
NTC_158,0.44906,0.980266984281327,NTC,0.0038868946475276254
PDE10A,0.16282666666666645,0.9467040673211782,PDE10A,0.003872955529846735
EPHA7,0.012826666666666542,0.4999999999999998,EPHA7,0.0038612114110499634
NTC_1829,1.2542933333333333,0.9934217319324556,NTC,0.00359523577053419
NTC_1063,0.04782666666666646,0.8496000294473002,NTC,0.0033854336146643097
NTC_822,0.07518999999999987,0.9015758162761423,NTC,0.003383380540585824
NTC_1715,0.028260000000000174,0.7603242621734322,NTC,0.0033629725223425218
NTC_1875,0.23122666666666647,0.9671176006234639,NTC,0.0033575760393285913
PFN1,0.46565999999999996,0.9838709677419352,PFN1,0.0032884231606431875
ENO3,0.4543566666666665,0.9838709677419352,ENO3,0.0032086006654196255
NTC_79,0.09709333333333325,0.9277373056487046,NTC,0.003162813337765286
NTC_1854,0.2177933333333335,0.9671176006234639,NTC,0.0031625144628308712
NTC_911,0.3598266666666665,0.980266984281327,NTC,0.0031145244392828866
PTPRM,0.6608216666666666,0.989247311827957,PTPRM,0.0031026378221235816
NTC_877,0.21206000000000014,0.9671176006234639,NTC,0.0030792623755911464
DUSP6,0.05762166666666646,0.8845254791958861,DUSP6,0.003070638593469042
NTC_1683,0.14932666666666683,0.9539771520943121,NTC,0.003055526224496182
NTC_639,0.14436000000000004,0.9539771520943121,NTC,0.0029538981590803283
NTC_1388,0.034893333333333,0.8238408400546916,NTC,0.002936507180801682
NTC_98,0.02612666666666663,0.7855635194438192,NTC,0.002738563047957411
LTK,0.5564116666666665,0.989247311827957,LTK,0.0026124202167566416
NTC_106,0.024393333333333267,0.7855635194438192,NTC,0.002556877313721907
MTNR1B,0.005393333333333361,0.3386350750499835,MTNR1B,0.0025363124071799375
NTC_1574,0.17122666666666664,0.9671176006234639,NTC,0.0024863332658896205
NTC_113,0.2831933333333334,0.980266984281327,NTC,0.002451215097200464
NTC_300,0.16469333333333314,0.9671176006234639,NTC,0.0023914646083373742
NPC1L1,0.16738666666666657,0.967741935483871,NPC1L1,0.0023836596352642225
NTC_189,0.08955999999999986,0.9408492025461549,NTC,0.0023715469064965024
FTL,0.01082666666666654,0.6086956521739127,FTL,0.002334227171674057
PI4KB,0.013126666666666509,0.6739130434782605,PI4KB,0.002249859969475552
NTC_880,0.02078666666666673,0.7855635194438192,NTC,0.0021788312282549744
GCH1,0.00808000000000031,0.5384351407000686,GCH1,0.0021724421590841236
NTC_847,0.019759999999999778,0.7855635194438192,NTC,0.0020712173702846864
HMGCL,0.43887166666666655,0.989247311827957,HMGCL,0.002060555669923675
NTC_218,0.14179333333333322,0.9671176006234639,NTC,0.0020589402831415007
CASP7,0.4318666666666666,0.989247311827957,CASP7,0.0020276663458589747
NTC_517,0.7072933333333333,0.9934217319324556,NTC,0.002027345776846747
PTPRO,0.0067266666666665476,0.4999999999999998,PTPRO,0.002024928437499679
MAPK11,0.4201716666666666,0.989247311827957,MAPK11,0.0019727569033269722
NTC_1743,0.03405999999999998,0.8755208005048578,NTC,0.0019664040845370793
SLC7A9,0.006410000000000027,0.49744859896750315,SLC7A9,0.0019438439608209016
NTC_1920,0.012459999999999916,0.6983843829909577,NTC,0.0019425822898192062
NEK2,0.4107816666666666,0.989247311827957,NEK2,0.0019286697151802855
NTC_1852,0.02089333333333343,0.8110302412446667,NTC,0.0019005192720172477
NTC_12,0.00629999999999975,0.5148311295964891,NTC,0.0018165117667887753
NTC_160,0.025293333333333168,0.8496000294473002,NTC,0.001790400771401779
NTC_1756,0.006723333333333192,0.5472638215462551,NTC,0.001760190592789106
SLC9A1,0.3639766666666666,0.989247311827957,SLC9A1,0.001708914567022067
NTC_1110,0.021893333333333098,0.8366985478235334,NTC,0.001695222360038336
NTC_1156,0.0066533333333334,0.558295047749257,NTC,0.0016841996800714615
AK2,0.3501616666666665,0.989247311827957,AK2,0.001644051467528299
NTC_234,0.10879333333333352,0.9671176006234639,NTC,0.0015797567577500698
NTC_1091,0.026526666666666365,0.8755208005048578,NTC,0.0015314781468727646
CGA,0.004026666666666401,0.420757363253857,CGA,0.0015138989211989046
MAP3K7,0.003363333333333385,0.36082181970099364,MAP3K7,0.0014889719081576315
NTC_550,0.03252666666666659,0.9015758162761423,NTC,0.0014636266930459039
NTC_59,0.0925933333333333,0.9671176006234639,NTC,0.001344521208921544
NTC_826,0.025760000000000005,0.888533254349858,NTC,0.0013221658382912076
NTC_1529,0.012426666666666586,0.7855635194438192,NTC,0.0013025469562114283
NTC_10,0.14555666666666678,0.980266984281327,NTC,0.0012598838208226736
NTC_813,0.059926666666666684,0.9539771520943121,NTC,0.0012262210470108557
NTC_1572,0.02089333333333343,0.8755208005048578,NTC,0.0012062459191503696
KIAA1804,0.003726666666666656,0.47872837774661064,KIAA1804,0.0011922010187588581
PTGDR,0.004729999999999679,0.5807645250813165,PTGDR,0.00111627961955112
NTC_84,0.05386000000000002,0.9539771520943121,NTC,0.0011020847523418294
NTC_432,0.37129333333333325,0.9934217319324556,NTC,0.0010642542999199079
NTC_1593,0.027160000000000073,0.9146450020035183,NTC,0.0010523803194834563
NTC_360,0.3668933333333333,0.9934217319324556,NTC,0.0010516423877220565
NTC_994,0.0023600000000001398,0.36882550643268,NTC,0.001022302564103181
NTC_1481,0.06839333333333308,0.9671176006234639,NTC,0.0009931199569678216
NTC_554,0.044426666666666614,0.9539771520943121,NTC,0.0009090596348070231
NTC_1453,0.026726666666666565,0.9277373056487046,NTC,0.0008706206173510707
NTC_177,0.29435999999999996,0.9934217319324556,NTC,0.0008437369260362627
NTC_392,0.09222666666666668,0.980266984281327,NTC,0.0007982793769785356
NTC_1017,0.2733266666666667,0.9934217319324556,NTC,0.0007834481639389579
NTC_176,0.008226666666666382,0.8110302412446667,NTC,0.0007483218831107823
NTC_1050,0.25892000000000004,0.9934217319324556,NTC,0.0007421537059699321
NTC_763,0.25282666666666653,0.9934217319324556,NTC,0.0007246881184716948
NTC_1702,0.18605999999999967,0.9934217319324556,NTC,0.0005333119053482361
NTC_1032,0.005826666666666647,0.8110302412446667,NTC,0.0005300107988969563
NTC_248,0.18376000000000015,0.9934217319324556,NTC,0.0005267193148811788
NTC_1066,0.03295999999999988,0.9671176006234639,NTC,0.00047860269687580756
NTC_978,0.0019299999999997652,0.5694332663215453,NTC,0.0004719953283366952
FLT3LG,0.0017266666666666541,0.5524007042463668,FLT3LG,0.0004450410406156344
NTC_792,0.11659333333333333,0.9934217319324556,NTC,0.0003341965642851882
NTC_178,0.030919999999999837,0.980266984281327,NTC,0.00026763190331259416
NTC_1189,0.0739266666666667,0.9934217319324556,NTC,0.0002118992338817802
NTC_1053,0.011886666666666601,0.9671176006234639,NTC,0.00017260287389352007
NTC_534,0.00025999999999992696,0.8238408400546916,NTC,2.1880737495459403e-05
NTC_1516,0.0022199999999996667,0.9934217319324556,NTC,6.363282972551374e-06
MMP19,1.9116133333333334,0.9999999999999997,MMP19,2.7651318641442267e-16
HTR2B,1.2796599999999998,0.9999999999999997,HTR2B,1.851016928774369e-16
NRBP2,0.6871266666666667,0.9999999999999994,NRBP2,1.6565377941696794e-16
TWF1,0.6848266666666667,0.9999999999999994,TWF1,1.650992911236998e-16
S100A7,0.6578266666666666,0.9999999999999994,S100A7,1.585900807244651e-16
TTN,0.9731033333333331,0.9999999999999997,TTN,1.4075854081918382e-16
OGFOD2,0.7155179999999999,0.9999999999999997,OGFOD2,1.0349904903199122e-16
KCNJ8,0.6826433333333333,0.9999999999999997,KCNJ8,9.874375742892366e-17
NUAK1,0.6794099999999998,0.9999999999999997,NUAK1,9.82760586076453e-17
TAP1,0.63819,0.9999999999999997,TAP1,9.231362188194636e-17
PPP5C,0.6133266666666664,0.9999999999999997,PPP5C,8.871716259543582e-17
PPP1R3G,0.5369966666666668,0.9999999999999997,PPP1R3G,7.767609526713403e-17
FXYD2,0.46292699999999987,0.9999999999999997,FXYD2,6.696198316636701e-17
CACNA2D1,0.4997876666666665,1.0,CACNA2D1,-0.0
NTC_641,0.12219333333333293,1.0,NTC,-0.0
ITPKB,1.7844266666666666,1.0,ITPKB,-0.0
NTC_1636,0.0,0.4937778104059273,NTC,0.0
NTC_814,-0.4346066666666668,1.0,NTC,0.0
NTC_1489,-0.1862466666666669,1.0,NTC,0.0
PTPN4,0.8000266666666667,1.0,PTPN4,-0.0
NTC_1896,0.21965999999999997,1.0,NTC,-0.0
NTC_733,-0.6458733333333333,1.0,NTC,0.0
PPP2R5B,0.39787666666666643,1.0,PPP2R5B,-0.0
ITGA4,0.4143516666666667,1.0,ITGA4,-0.0
CLCN2,0.7328716666666666,1.0,CLCN2,-0.0
NTC_174,0.2545933333333332,1.0,NTC,-0.0
NTC_701,0.34872333333333305,1.0,NTC,-0.0
NTC_676,0.09949000000000008,1.0,NTC,-0.0
CSF2RB,0.6759066666666667,1.0,CSF2RB,-0.0
NTC_1067,0.95626,1.0,NTC,-0.0
EIF2AK4,0.4926516666666667,1.0,EIF2AK4,-0.0
NTC_1030,1.8432933333333332,1.0,NTC,-0.0
NTC_66,-0.37427333333333346,1.0,NTC,0.0
NTC_1823,-0.5975733333333335,1.0,NTC,0.0
NTC_751,0.17912666666666666,1.0,NTC,-0.0
NTC_745,-0.36150666666666664,1.0,NTC,0.0
NTC_929,0.13641999999999999,1.0,NTC,-0.0
NTC_388,-3.333333333332966e-05,0.6150145313229105,NTC,-7.0371540921032856e-06
NTC_1259,-0.00020666666666646627,0.9015758162761423,NTC,-9.299534225123821e-06
NTC_901,-0.0043400000000000105,0.980266984281327,NTC,-3.7565409455907755e-05
NTC_1337,-0.0044399999999999995,0.9408492025461549,NTC,-0.0001175711061282323
NTC_140,-0.008640000000000425,0.9671176006234639,NTC,-0.00012545895937521832
NTC_1126,-0.04810666666666652,0.9934217319324556,NTC,-0.00013789024002984224
ALDH4A1,-0.0003233333333332311,0.3408134642356242,ALDH4A1,-0.00015115291952193442
NTC_1186,-0.05903999999999976,0.9934217319324556,NTC,-0.0001692289309457153
NTC_403,-0.0939133333333333,0.9934217319324556,NTC,-0.0002691878895926265
NTC_93,-0.014140000000000041,0.9539771520943121,NTC,-0.0002893330560362701
NTC_471,-0.10817333333333368,0.9934217319324556,NTC,-0.00031006195048839165
NTC_1271,-0.030246666666666755,0.9671176006234639,NTC,-0.00043920316256584814
NTC_781,-0.18970666666666647,0.9934217319324556,NTC,-0.0005437645053061528
NTC_967,-0.001140000000000363,0.3265321669468846,NTC,-0.0005541243937237982
NTC_478,-0.06687333333333334,0.980266984281327,NTC,-0.0005788304489281256
CACNA1A,-0.014268333333333327,0.9050958391771857,CACNA1A,-0.0006178963332005822
NTC_1098,-0.005206666666666804,0.7603242621734322,NTC,-0.0006195993253006754
NTC_952,-0.0767066666666667,0.980266984281327,NTC,-0.0006639440878643221
NTC_147,-0.021440000000000348,0.9277373056487046,NTC,-0.0006984075593417559
NTC_1826,-0.035306666666666375,0.9539771520943121,NTC,-0.0007224459522716027
NTC_1906,-0.25260666666666687,0.9934217319324556,NTC,-0.0007240575228618033
NTC_1502,-0.2602066666666665,0.9934217319324556,NTC,-0.0007458417348399092
NTC_1647,-0.01550666666666678,0.888533254349858,NTC,-0.0007959000361970421
NTC_1218,-0.28393999999999986,0.9934217319324556,NTC,-0.0008138696248768051
NTC_1202,-0.10294000000000003,0.980266984281327,NTC,-0.0008910099652974967
PPP1CA,-0.002240000000000242,0.3173584793053027,PPP1CA,-0.0011165277615495116
NTC_1399,-0.41900666666666675,0.9934217319324556,NTC,-0.0012010171114350946
NTC_1957,-0.14134000000000002,0.980266984281327,NTC,-0.0012233859383635921
NTC_1282,-0.43577333333333357,0.9934217319324556,NTC,-0.0012490761404920594
NTC_542,-0.0208733333333333,0.8625419146266329,NTC,-0.001340481114628848
NTC_1035,-0.06594000000000011,0.9539771520943121,NTC,-0.0013492660335948817
SHMT2,-0.008073333333333377,0.6739130434782605,SHMT2,-0.0013837381528872222
NTC_913,-0.4847733333333335,0.9934217319324556,NTC,-0.001389526980877223
CPE,-0.003423333333333556,0.37961664329125766,CPE,-0.0014400414457476675
NTC_394,-0.5156066666666672,0.9934217319324556,NTC,-0.0014779059110515622
NTC_831,-0.11030666666666678,0.9671176006234639,NTC,-0.0016017314365912518
NCOA5,-0.0033399999999998986,0.3278774133866491,NCOA5,-0.001617523589017172
NTC_1378,-0.013643333333333452,0.7603242621734322,NTC,-0.0016235723677692825
NTC_241,-0.6002866666666669,0.9934217319324556,NTC,-0.0017206278939865753
NTC_1437,-0.003806666666666736,0.34305618987799824,NTC,-0.0017687095774881663
NTC_702,-0.0241066666666665,0.8366985478235334,NTC,-0.0018666029396768107
NTC_1897,-0.014306666666666468,0.710627968367698,NTC,-0.0021225042167103154
NTC_359,-0.06610666666666654,0.9277373056487046,NTC,-0.0021534233079703747
NTC_470,-0.2556400000000001,0.980266984281327,NTC,-0.0022127237956931422
NTC_510,-0.25580666666666696,0.980266984281327,NTC,-0.0022141663997429103
NTC_1536,-0.11220666666666679,0.9539771520943121,NTC,-0.00229597579733449
SLC16A6,-0.012773333333333303,0.6521739130434779,SLC16A6,-0.002371197876393482
NTC_1163,-0.003306666666666791,0.1898874846650891,NTC,-0.0023857720968706417
NTC_940,-0.16634000000000038,0.9671176006234639,NTC,-0.002415375382230652
NTC_1916,-0.02306000000000008,0.7855635194438192,NTC,-0.0024171190566176907
CKM,-0.0051400000000001445,0.3386350750499835,CKM,-0.0024171778318118377
CD3E,-0.006673333333333531,0.420757363253857,CD3E,-0.002508961622715643
NTC_1381,-0.025806666666666755,0.7982700487108859,NTC,-0.002525186598126024
NTC_636,-0.17390666666666643,0.9671176006234639,NTC,-0.002525248776436558
NTC_1204,-0.18208333333333337,0.9671176006234639,NTC,-0.0026439798055057735
NTC_1905,-0.19451333333333354,0.9671176006234639,NTC,-0.0028244722667365497
NTC_1903,-0.33054000000000006,0.980266984281327,NTC,-0.002861030055658
NTC_89,-0.02163999999999988,0.7353376257693391,NTC,-0.0028892258962447404
NTC_1621,-0.1116400000000004,0.9408492025461549,NTC,-0.002956224839674753
NTC_559,-0.03943999999999992,0.8366985478235334,NTC,-0.0030538780395818767
NTC_293,-0.11567333333333307,0.9408492025461549,NTC,-0.003063027421067499
NTC_1065,-0.022293333333333498,0.7229466854496152,NTC,-0.003140990866956758
NTC_606,-0.016806666666666636,0.6502174411635121,NTC,-0.0031418615497525106
NTC_1936,-0.09970666666666705,0.9277373056487046,NTC,-0.0032479426173865587
NTC_358,-0.3812733333333336,0.980266984281327,NTC,-0.003300158728406784
NTC_377,-0.12544000000000022,0.9408492025461549,NTC,-0.0033216485479111457
NTC_397,-0.16264000000000012,0.9539771520943121,NTC,-0.003327944005214913
NTC_1567,-0.10217333333333323,0.9277373056487046,NTC,-0.0033282942333555865
NTC_950,-0.12587333333333328,0.9408492025461549,NTC,-0.0033331232054161462
NTC_706,-0.06663999999999981,0.888533254349858,NTC,-0.0034203855381881136
HPD,-0.009523333333333328,0.4347826086956522,HPD,-0.003444854758340874
NTC_619,-0.10587333333333371,0.9277373056487046,NTC,-0.0034488216573091684
NTC_29,-0.016873333333333518,0.6034692986494639,NTC,-0.0037010782565301743
NTC_696,-0.4473066666666665,0.980266984281327,NTC,-0.0038717184529240855
CARTPT,-0.0098733333333334,0.3931743805516597,CARTPT,-0.00400279534782486
NTC_774,-0.05738666666666692,0.8496000294473002,NTC,-0.004062142815030754
NTC_1695,-0.12990666666666684,0.9277373056487046,NTC,-0.0042317069966832255
NTC_1266,-0.16014333333333353,0.9408492025461549,NTC,-0.004240592080869874
NTC_1054,-0.04353999999999991,0.7982700487108859,NTC,-0.004260396195391623
PPP1R3A,-0.008106666666666706,0.29699203246695116,PPP1R3A,-0.004274282167081622
NTC_694,-0.11084000000000005,0.9146450020035183,NTC,-0.004294765633709353
NTC_1816,-0.16764,0.9408492025461549,NTC,-0.004439103655706501
COMP,-0.011973333333333391,0.420757363253857,COMP,-0.004501593480916267
NTC_1302,-0.31667333333333314,0.9671176006234639,NTC,-0.004598322553458293
TRAPPC1,-0.024973333333333292,0.6521739130434779,TRAPPC1,-0.004635964115328804
NTC_1418,-0.5405400000000005,0.980266984281327,NTC,-0.004678711158363213
NTC_1438,-0.5413400000000004,0.980266984281327,NTC,-0.004685635657802089
NTC_823,-0.3300466666666666,0.9671176006234639,NTC,-0.004792512887182582
NTC_101,-0.33313999999999977,0.9671176006234639,NTC,-0.004837430292390989
NTC_412,-0.5699399999999999,0.980266984281327,NTC,-0.0049331865127419374
NTC_1540,-0.5876999999999999,0.980266984281327,NTC,-0.005086910400285007
NTC_508,-0.02984000000000009,0.674133946946755,NTC,-0.005110213475897965
AKAP8L,-0.01767333333333343,0.4999999999999998,AKAP8L,-0.0053202034567014595
NTC_379,-0.6150066666666665,0.980266984281327,NTC,-0.005323266647798673
NTC_1225,-0.018620000000000303,0.5042465118903798,NTC,-0.005536789152162294
NTC_131,-0.07280666666666669,0.8366985478235334,NTC,-0.005637491898288329
NTC_521,-0.2137199999999999,0.9408492025461549,NTC,-0.005659301081469775
NTC_1419,-0.013406666666666789,0.37767618511607093,NTC,-0.00566941655377154
NTC_1614,-0.054340000000000055,0.7855635194438192,NTC,-0.005695847768282957
NTC_73,-0.024873333333333525,0.5806764575913619,NTC,-0.005871742865453546
NTC_1689,-0.0698066666666668,0.8238408400546916,NTC,-0.005874697495256928
NTC_613,-0.05264000000000002,0.7729138676202455,NTC,-0.005888778923414903
NTC_1123,-0.15416000000000007,0.9146450020035183,NTC,-0.005973304493798574
NTC_31,-0.4119466666666667,0.9671176006234639,NTC,-0.0059817592729267816
NTC_581,-0.22784000000000004,0.9408492025461549,NTC,-0.006033198382940643
NTC_710,-0.10457333333333363,0.8755208005048578,NTC,-0.0060373878391169955
NTC_859,-0.024206666666666488,0.558295047749257,NTC,-0.006127584206752876
NTC_258,-0.13694000000000006,0.9015758162761423,NTC,-0.006161991371563024
NTC_1345,-0.04167333333333301,0.710627968367698,NTC,-0.006182560045972163
NTC_1815,-0.24370666666666674,0.9408492025461549,NTC,-0.006453347380816309
NTC_1515,-0.3263066666666665,0.9539771520943121,NTC,-0.0066768956910661145
NTC_1956,-0.1527733333333332,0.9015758162761423,NTC,-0.006874455687198192
NTC_1022,-0.8009066666666667,0.980266984281327,NTC,-0.006932347204907715
NTC_61,-0.2635399999999999,0.9408492025461549,NTC,-0.006978533628160886
NTC_1092,-0.058673333333333355,0.7603242621734322,NTC,-0.006982194189463639
GNG2,-0.020223333333333482,0.44927536231884063,GNG2,-0.0070273534567013695
HIBCH,-0.02427333333333337,0.509116409537167,HIBCH,-0.0071165263762277215
NTC_1653,-0.27367333333333344,0.9408492025461549,NTC,-0.007246864080585685
NTC_1571,-0.14227333333333325,0.888533254349858,NTC,-0.007302365723336604
NTC_1509,-0.0943733333333332,0.8366985478235334,NTC,-0.007307420136633042
NTC_302,-0.14294666666666656,0.888533254349858,NTC,-0.007336925441159432
NTC_700,-0.1687400000000001,0.9015758162761423,NTC,-0.007592919702333466
NTC_1913,-0.05157333333333347,0.710627968367698,NTC,-0.007651301314292298
NTC_1560,-0.15110666666666672,0.888533254349858,NTC,-0.007755748160121252
GPX3,-0.02462333333333344,0.47872837774661064,GPX3,-0.00787727095310532
NTC_1842,-0.5476766666666668,0.9671176006234639,NTC,-0.007952655633574647
NTC_169,-0.06330666666666662,0.7477978244232752,NTC,-0.007990301748191922
NTC_362,-0.2062733333333333,0.9146450020035183,NTC,-0.007992562460760317
NTC_1524,-0.3927400000000003,0.9539771520943121,NTC,-0.008036256324447275
NTC_424,-0.15940666666666692,0.888533254349858,NTC,-0.008181756562986829
NTC_586,-0.31097333333333355,0.9408492025461549,NTC,-0.008234567291978271
PTH1R,-0.0645840000000002,0.7452925904926738,PTH1R,-0.008245645715805022
NTC_487,-0.21318666666666664,0.9146450020035183,NTC,-0.008260436390879202
NTC_1527,-0.024873333333333525,0.4630822527891689,NTC,-0.008316196596547944
S100A12,-0.022323333333333473,0.420757363253857,S100A12,-0.008392865128534599
NTC_1246,-0.9731733333333339,0.980266984281327,NTC,-0.008423422750745898
NTC_804,-0.16547666666666627,0.888533254349858,NTC,-0.00849330728652824
NTC_1019,-0.09440666666666675,0.8110302412446667,NTC,-0.008587509065423148
NTC_1354,-0.11220666666666679,0.8366985478235334,NTC,-0.008688272698479164
NTC_290,-0.05600666666666676,0.6983843829909577,NTC,-0.008731746290407323
NTC_548,-0.024873333333333525,0.4432243006646116,NTC,-0.00878964989864123
NTC_326,-0.12760666666666642,0.8496000294473002,NTC,-0.009032699305588195
NTC_532,-0.17864000000000013,0.888533254349858,NTC,-0.009168932661193379
NTC_1384,-0.10970666666666684,0.8238408400546916,NTC,-0.009232549133984146
NTC_752,-0.2837399999999999,0.9277373056487046,NTC,-0.009242824668266163
NTC_1117,-0.28464,0.9277373056487046,NTC,-0.009272142149768386
NTC_276,-0.04497333333333331,0.6150145313229105,NTC,-0.009494528301066793
NTC_1267,-0.2460066666666667,0.9146450020035183,NTC,-0.009532127189312449
NTC_449,-0.47106000000000003,0.9539771520943121,NTC,-0.009638842247273339
NTC_912,-0.24974000000000007,0.9146450020035183,NTC,-0.009676784277901243
NTC_1093,-0.060843333333332916,0.6862187793221464,NTC,-0.009950160604581862
CDC25B,-0.020723333333333205,0.32819074333800846,CDC25B,-0.010027475405233903
NTC_23,-0.1570733333333334,0.8625419146266329,NTC,-0.010087216717269356
NTC_862,-0.38461333333333325,0.9408492025461549,NTC,-0.010184552935060025
NTC_1052,-0.1318733333333335,0.8366985478235334,NTC,-0.0102110820657487
PTP4A2,-0.055373333333333496,0.6521739130434779,PTP4A2,-0.010279316054970962
NTC_1119,-0.07733999999999974,0.7353376257693391,NTC,-0.010325911775211123
NTC_558,-0.392373333333333,0.9408492025461549,NTC,-0.010390037570995849
PTP4A1,-0.01612333333333349,0.22627395979429638,PTP4A1,-0.010405441835661626
NTC_281,-0.14750666666666667,0.8496000294473002,NTC,-0.01044133038166474
NTC_1296,-0.1354733333333331,0.8366985478235334,NTC,-0.01048983361094377
NTC_904,-0.27910666666666684,0.9146450020035183,NTC,-0.01081466726938986
MTMR1,-0.01797333333333362,0.24993285786756586,MTMR1,-0.010823121562967861
NTC_188,-0.16870666666666656,0.8625419146266329,NTC,-0.010834306958415096
NTC_57,-0.03400666666666674,0.47319425686009076,NTC,-0.011050824594485054
NTC_393,-0.2481399999999998,0.9015758162761423,NTC,-0.011165740754634487
NTC_1193,-0.42634000000000016,0.9408492025461549,NTC,-0.011289474186196077
NTC_1090,-1.3103733333333336,0.980266984281327,NTC,-0.011342099264232547
NTC_266,-0.02984000000000009,0.4143696036917608,NTC,-0.011417145362488034
NTC_1871,-0.7869066666666664,0.9671176006234639,NTC,-0.011426445778404735
NTC_1761,-0.11167333333333307,0.7855635194438192,NTC,-0.011705452823764874
NTC_1643,-0.07587333333333324,0.6983843829909577,NTC,-0.011829068507454524
NTC_1611,-0.1133733333333331,0.7855635194438192,NTC,-0.011883644601572773
NTC_852,-0.2082799999999998,0.8755208005048578,NTC,-0.012024739950892035
NTC_1742,-0.20843999999999996,0.8755208005048578,NTC,-0.01203397731593978
NTC_1626,-0.3704066666666668,0.9277373056487046,NTC,-0.012065989553665012
NTC_25,-0.0675066666666666,0.6621326131582912,NTC,-0.012087407586422058
NTC_1250,-0.02189999999999981,0.2801156405678691,NTC,-0.012103311841945196
NTC_1548,-0.3736400000000004,0.9277373056487046,NTC,-0.012171315320543365
NTC_1391,-0.0803400000000003,0.6983843829909577,NTC,-0.012525446321354468
NTC_39,-0.034873333333333534,0.4334807127367144,NTC,-0.012660073914991831
NTC_519,-0.08210666666666655,0.6983843829909577,NTC,-0.012800879337299878
NTC_204,-0.2218066666666667,0.8755208005048578,NTC,-0.012805682187636174
NTC_995,-0.6319066666666666,0.9539771520943121,NTC,-0.01293009101813004
IRGC,-0.03442333333333347,0.420757363253857,IRGC,-0.012942081257634257
NTC_998,-0.09730666666666665,0.7353376257693391,NTC,-0.012991725564260152
NTC_609,-0.22637333333333354,0.8755208005048578,NTC,-0.01306933198170702
NTC_594,-0.29144666666666685,0.9015758162761423,NTC,-0.013114443152262342
NTC_713,-0.34017333333333344,0.9146450020035183,NTC,-0.013180843932735078
NTC_95,-0.053963333333333585,0.5694332663215453,NTC,-0.013197119810783633
NTC_1500,-0.11853999999999987,0.7729138676202455,NTC,-0.013260939467735591
NTC_1154,-0.26131666666666664,0.888533254349858,NTC,-0.01341242118178561
PPCDC,-0.03317333333333328,0.3931743805516597,PPCDC,-0.013448959926250057
NTC_1370,-0.19053999999999993,0.8496000294473002,NTC,-0.01348746558972972
GLUL,-0.02570666666666699,0.29699203246695116,GLUL,-0.013553973714035246
FST,-0.030173333333333385,0.35343618513323993,FST,-0.013628962430215184
CACNB1,-0.17973666666666643,0.8395153830085641,CACNB1,-0.013654835698016038
NTC_1068,-0.07326666666666637,0.6502174411635121,NTC,-0.013696572166513293
NTC_1408,-0.16487333333333343,0.8238408400546916,NTC,-0.013875192794880996
NTC_898,-0.0942400000000001,0.710627968367698,NTC,-0.01398123001277608
NTC_1018,-0.12524000000000024,0.7729138676202455,NTC,-0.014010461101224992
NTC_1320,-0.5381399999999998,0.9408492025461549,NTC,-0.014249935822488045
NTC_623,-0.3684733333333332,0.9146450020035183,NTC,-0.014277396327484029
NTC_1760,-0.9855733333333339,0.9671176006234639,NTC,-0.014311227406013791
PTGFR,-0.04297333333333331,0.46376811594202905,PTGFR,-0.014340163190948215
NTC_1542,-0.09720666666666689,0.710627968367698,NTC,-0.014421357867592547
NTC_1556,-0.06590999999999969,0.6034692986494639,NTC,-0.014457017061708809
NTC_930,-0.3225133333333332,0.9015758162761423,NTC,-0.014512373135782295
NTC_1597,-0.45367333333333315,0.9277373056487046,NTC,-0.014778399508944353
RPS6KA5,-0.17687833333333325,0.8246844319775599,RPS6KA5,-0.01480687508351094
NTC_1501,-0.5606733333333334,0.9408492025461549,NTC,-0.014846618012748447
NEU2,-0.06017333333333341,0.5652173913043476,NEU2,-0.014910018333155261
NTC_919,-0.3871066666666665,0.9146450020035183,NTC,-0.014999390189279867
NTC_1671,-0.38714000000000004,0.9146450020035183,NTC,-0.015000681770427989
NTC_1737,-0.154573333333333,0.7982700487108859,NTC,-0.015125026211353568
NTC_427,-0.7409733333333337,0.9539771520943121,NTC,-0.015161816051960018
NTC_1231,-0.33765333333333336,0.9015758162761423,NTC,-0.015193639014017034
NTC_793,-0.30057333333333336,0.888533254349858,NTC,-0.01542732116594135
NTC_1016,-0.3992066666666667,0.9146450020035183,NTC,-0.015468234146045331
NTC_778,-0.3447066666666667,0.9015758162761423,NTC,-0.01551102311757157
CDK6,-0.025773333333333426,0.24993285786756586,CDK6,-0.015520099392593932
NTC_580,-0.032883333333333375,0.33472847233967196,NTC,-0.01562968984650928
NTC_523,-0.1725733333333337,0.8110302412446667,NTC,-0.015697779794332595
NTC_1187,-0.7684400000000005,0.9539771520943121,NTC,-0.015723839715736272
CINP,-0.06367333333333347,0.5652173913043476,CINP,-0.015777264026142924
NTC_514,-0.15248000000000017,0.7855635194438192,NTC,-0.015982754282439924
NTC_314,-0.07987333333333324,0.6266559047543299,NTC,-0.016211959459173322
PTPN3,-0.15546833333333332,0.7858812529219263,PTPN3,-0.01626868386378233
NTC_561,-0.08814000000000011,0.6502174411635121,NTC,-0.01647701370459265
NTC_584,-0.07535000000000003,0.6034692986494639,NTC,-0.01652763215900113
NTC_1545,-0.15774,0.7855635194438192,NTC,-0.016534100606716097
SERPINC1,-0.0774733333333335,0.6086956521739127,SERPINC1,-0.016703235198291005
PPP1R7,-0.07439666666666667,0.5951478618960937,PPP1R7,-0.016767157848107197
NTC_1613,-0.32733999999999996,0.888533254349858,NTC,-0.016801155493254803
NTC_75,-0.10330666666666666,0.6862187793221464,NTC,-0.016894503777855865
NTC_1026,-0.14427333333333303,0.7603242621734322,NTC,-0.017168692700168416
NTC_1401,-0.38283999999999985,0.9015758162761423,NTC,-0.01722693717459607
NTC_1112,-0.04898999999999987,0.4432243006646116,NTC,-0.017311911626953738
NTC_1007,-0.09757333333333373,0.6621326131582912,NTC,-0.017470995203918045
NTC_1404,-0.04244666666666652,0.38665655063937165,NTC,-0.01751666236437614
NTC_1657,-0.04827333333333339,0.4334807127367144,NTC,-0.017524678879460034
NTC_883,-0.20890666666666657,0.8238408400546916,NTC,-0.01758089205533098
NTC_1658,-0.3924733333333337,0.9015758162761423,NTC,-0.017660415463477287
PIM2,-0.09557333333333329,0.6521739130434779,PIM2,-0.01774190644883978
NTC_681,-0.18245333333333358,0.7982700487108859,NTC,-0.017853088818784002
NTC_1628,-0.31333999999999973,0.8755208005048578,NTC,-0.018090224775362544
NTC_527,-0.3539066666666666,0.888533254349858,NTC,-0.018164724557848608
NTC_223,-0.6864733333333333,0.9408492025461549,NTC,-0.018177799353048363
NTC_1530,-0.11680666666666673,0.6983843829909577,NTC,-0.018210799518417635
UAP1,-0.03467333333333378,0.29699203246695116,UAP1,-0.018281695354433955
NTC_1795,-0.1184400000000001,0.6983843829909577,NTC,-0.01846544513693327
NTC_715,-0.5690399999999998,0.9277373056487046,NTC,-0.018536466304469503
NTC_390,-0.1570066666666663,0.7603242621734322,NTC,-0.018683974020686025
NTC_484,-0.19131333333333345,0.7982700487108859,NTC,-0.018720041282981735
NTC_416,-0.3248733333333331,0.8755208005048578,NTC,-0.01875608483922028
NTC_254,-0.9206099999999995,0.9539771520943121,NTC,-0.01883754630251412
NEU1,-0.09447333333333341,0.6304347826086953,NEU1,-0.018928661363556566
NTC_1879,-0.2954733333333337,0.8625419146266329,NTC,-0.018975235861215377
NTC_1405,-0.9293933333333331,0.9539771520943121,NTC,-0.019017271102762964
PDC,-0.0824733333333334,0.5869565217391302,PDC,-0.01908384006214617
MCCC2,-0.06823333333333337,0.5246187818925129,MCCC2,-0.019115989010785706
NTC_1676,-0.4936400000000001,0.9146450020035183,NTC,-0.019127283538652874
LDHC,-0.03760666666666679,0.30706335233207005,LDHC,-0.01928364616983254
NTC_1692,-0.33430666666666653,0.8755208005048578,NTC,-0.019300704486826463
NTC_433,-0.2126866666666669,0.8110302412446667,NTC,-0.01934660699909574
NTC_1944,-0.7342400000000002,0.9408492025461549,NTC,-0.019442659676484984
NTC_1682,-0.2774399999999999,0.8496000294473002,NTC,-0.01963872390686792
NTC_1599,-0.30731333333333355,0.8625419146266329,NTC,-0.019735598192604967
NTC_625,-0.34264333333333363,0.8755208005048578,NTC,-0.019782009694834634
SLC12A2,-0.05261666666666698,0.42004118050789285,SLC12A2,-0.019821126087072156
NTC_595,-0.05766333333333318,0.45309186047222316,NTC,-0.019825446270829328
NTC_1894,-0.9709400000000001,0.9539771520943121,NTC,-0.019867400100979867
NTC_212,-0.09804000000000013,0.6266559047543299,NTC,-0.01989926348440059
DPEP1,-0.09374666666666687,0.6096654829757392,DPEP1,-0.020146945430246754
NTC_1623,-0.6190600000000002,0.9277373056487046,NTC,-0.020165866776403942
NTC_1261,-0.3207066666666667,0.8625419146266329,NTC,-0.020595715266795107
NTC_740,-0.17424000000000017,0.7603242621734322,NTC,-0.020734760519920667
FBP2,-0.05162333333333313,0.3931743805516597,FBP2,-0.02092886277912321
NTC_1144,-0.09987333333333326,0.6150145313229105,NTC,-0.02108472109076217
CHRM1,-0.0753600000000001,0.5246187818925129,CHRM1,-0.021112568615331877
NTC_948,-0.29980666666666655,0.8496000294473002,NTC,-0.02122195916992881
NTC_458,-0.65354,0.9277373056487046,NTC,-0.021289052067733384
NTC_910,-0.37337333333333333,0.8755208005048578,NTC,-0.021556161119315662
GYG1,-0.028139999999999832,0.17125719912864432,GYG1,-0.021565121727963054
ATP4A,-0.03444000000000025,0.23259526722568707,ATP4A,-0.02181426591332875
NTC_1558,-0.8269733333333336,0.9408492025461549,NTC,-0.02189823638255662
SCN5A,-0.14915833333333328,0.7110799438990183,SCN5A,-0.022087600255926328
NTC_688,-0.21163333333333334,0.7855635194438192,NTC,-0.02218312935886913
NTC_1058,-0.1429066666666663,0.6983843829909577,NTC,-0.02227993256531015
NTC_776,-0.1333066666666669,0.674133946946755,NTC,-0.022829273606804198
NTC_945,-0.5107399999999997,0.9015758162761423,NTC,-0.022982148920053277
NTC_268,-0.45117333333333365,0.888533254349858,NTC,-0.023157063993839495
NTC_1931,-0.08317666666666645,0.5255300376364578,NTC,-0.023239764950718184
NTC_741,-0.2568100000000002,0.8110302412446667,NTC,-0.02336019564039953
NTC_1173,-0.41620666666666706,0.8755208005048578,NTC,-0.02402908072063703
NTC_665,-0.11194000000000015,0.6034692986494639,NTC,-0.024553459109204884
NTC_530,-0.6366733333333334,0.9146450020035183,NTC,-0.024669458245210923
NTC_1183,-0.32177333333333324,0.8366985478235334,NTC,-0.02491522607479025
NTC_1696,-0.06703666666666663,0.4238621547619892,NTC,-0.024989617443041377
NTC_350,-0.3247399999999998,0.8366985478235334,NTC,-0.025144937996293613
NTC_1869,-0.2578400000000003,0.7982700487108859,NTC,-0.025229686610468063
NTC_384,-0.09987333333333326,0.558295047749257,NTC,-0.02528155852419869
NTC_1100,-0.17217333333333373,0.710627968367698,NTC,-0.025543240401100415
NTC_232,-0.13666,0.6502174411635121,NTC,-0.02554740972168855
NTC_964,-0.24377333333333295,0.7855635194438192,NTC,-0.02555200214636659
NTC_422,-0.10474000000000006,0.5694332663215453,NTC,-0.025614917455954143
NTC_1076,-0.07667999999999986,0.4630822527891689,NTC,-0.025637334026666722
GRM2,-0.0521400000000003,0.3173584793053027,GRM2,-0.02598917744963642
DLG4,-0.2824983333333333,0.8050490883590465,DLG4,-0.02660502561799537
NTC_283,-0.07350666666666661,0.4334807127367144,NTC,-0.02668514146180444
NTC_1021,-0.18003999999999998,0.710627968367698,NTC,-0.0267103210048833
NTC_1252,-0.20013999999999976,0.7353376257693391,NTC,-0.026721334143919816
IP6K3,-0.10887333333333338,0.5652173913043476,IP6K3,-0.026977122689869085
NTC_909,-0.24157333333333364,0.7729138676202455,NTC,-0.027024543195144708
SCN4A,-0.14567333333333332,0.6521739130434779,SCN4A,-0.02704229895463157
PTPN1,-0.06002333333333332,0.35343618513323993,PTPN1,-0.027111878753964244
NTC_1595,-0.27947333333333324,0.7982700487108859,NTC,-0.027346511852245067
HTR1E,-0.09377999999999997,0.5109516278236996,HTR1E,-0.027348143566291633
MKNK1,-0.04800666666666675,0.26810599504640265,MKNK1,-0.027445098078593296
NTC_1169,-0.7092066666666672,0.9146450020035183,NTC,-0.02747993882350745
NTC_1722,-0.3553066666666669,0.8366985478235334,NTC,-0.02751174509762612
MLKL,-0.09177333333333348,0.4999999999999998,MLKL,-0.027626526135402497
NTC_121,-0.18699333333333312,0.710627968367698,NTC,-0.027741901572464304
ATP2C1,-0.1238100000000002,0.5951478618960937,ATP2C1,-0.027903693890955983
NTC_1220,-0.18870666666666658,0.710627968367698,NTC,-0.027996087771762813
NTC_162,-0.13997333333333328,0.6266559047543299,NTC,-0.02841050837198926
NTC_1393,-0.16670666666666678,0.674133946946755,NTC,-0.028549150620711398
NTC_197,-0.25543999999999967,0.7729138676202455,NTC,-0.02857579194903306
NTC_1675,-0.34320666666666666,0.8238408400546916,NTC,-0.028883134538565693
RORA,-0.09607333333333345,0.4999999999999998,RORA,-0.028920955116757605
NTC_1698,-0.19660666666666637,0.710627968367698,NTC,-0.02916811363234142
ULK2,-0.2822933333333335,0.7858812529219263,ULK2,-0.029540041360105462
NSDHL,-0.11927333333333356,0.5652173913043476,NSDHL,-0.029554081320460994
STK19,-0.1910733333333332,0.6991883262212406,STK19,-0.029693910220226355
NTC_1088,-0.14137333333333357,0.6150145313229105,NTC,-0.029845977935431794
NTC_1714,-0.23703999999999992,0.7477978244232752,NTC,-0.029918193866755694
NRBP1,-0.04624000000000006,0.22423980185610692,NRBP1,-0.030023044705808993
PBK,-0.11537333333333333,0.543478260869565,PBK,-0.030552914966686943
GABRR2,-0.11886000000000019,0.5524007042463668,GABRR2,-0.030635662985081916
NTC_1792,-0.47953999999999963,0.8625419146266329,NTC,-0.030795958817108834
NTC_1821,-0.24524000000000035,0.7477978244232752,NTC,-0.030953163448714054
NTC_1403,-0.5382400000000005,0.8755208005048578,NTC,-0.031074496020588347
NTC_1423,-0.11574000000000018,0.5363415300892711,NTC,-0.03131444928186213
ENOPH1,-0.30143333333333366,0.7858812529219263,ENOPH1,-0.03154290974157305
NTC_62,-0.4942733333333331,0.8625419146266329,NTC,-0.031742130411912345
NTC_1523,-0.2860066666666663,0.7729138676202455,NTC,-0.03199525134161883
NTC_1771,-0.18687333333333322,0.674133946946755,NTC,-0.03200276897741183
NTC_363,-0.1470733333333336,0.6034692986494639,NTC,-0.03225977377214992
MMAA,-0.1075733333333333,0.4999999999999998,MMAA,-0.03238280006689335
NTC_228,-0.1987066666666668,0.6862187793221464,NTC,-0.032495971838072554
NTC_1929,-0.5073733333333332,0.8625419146266329,NTC,-0.0325834096805951
NTC_1191,-0.25904000000000016,0.7477978244232752,NTC,-0.03269494152566825
OAZ2,-0.05184000000000011,0.23259526722568707,OAZ2,-0.032835410712745546
COX7A1,-0.17717333333333318,0.6521739130434779,COX7A1,-0.032889851128931766
NTC_1533,-0.2770066666666664,0.7603242621734322,NTC,-0.03296411211980494
LIPT1,-0.08132333333333341,0.3931743805516597,LIPT1,-0.03296968200569971
NTC_199,-0.3943066666666666,0.8238408400546916,NTC,-0.03318354102325142
NTC_1687,-0.36590999999999996,0.8110302412446667,NTC,-0.03328425367695411
NTC_1273,-0.6491733333333332,0.888533254349858,NTC,-0.03331967408629518
NTC_1153,-0.7409733333333337,0.9015758162761423,NTC,-0.03334213003182629
CSNK1G3,-0.1347733333333334,0.5652173913043476,CSNK1G3,-0.03339474081797768
NTC_274,-0.09992666666666672,0.4630822527891689,NTC,-0.03340966785999899
NTC_1211,-0.17964000000000002,0.6502174411635121,NTC,-0.0335821504639553
NTC_1846,-0.3999400000000004,0.8238408400546916,NTC,-0.033657623668986544
ADRA2C,-0.07472333333333347,0.35343618513323993,ADRA2C,-0.03375170689329804
PPM1A,-0.09272333333333349,0.43248485571901757,PPM1A,-0.033753991172626154
NTC_399,-0.27124000000000015,0.7477978244232752,NTC,-0.03423477431833793
NTC_1159,-0.3514333333333335,0.7982700487108859,NTC,-0.03438780974430714
NTC_245,-0.08629333333333356,0.39576602610453004,NTC,-0.03473837282976112
FN3K,-0.07181333333333328,0.3278774133866491,FN3K,-0.034778371458869244
NTC_815,-0.20454000000000017,0.674133946946755,NTC,-0.03502825282708336
NTC_1339,-0.33423999999999987,0.7855635194438192,NTC,-0.03503459989088872
NTC_1256,-0.3582399999999999,0.7982700487108859,NTC,-0.03505384320250569
NTC_1773,-0.07256666666666689,0.3265321669468846,NTC,-0.0352727720800096
NTC_846,-0.2657400000000001,0.7353376257693391,NTC,-0.03547980081645479
NTC_375,-0.1480733333333335,0.5694332663215453,NTC,-0.03621239460341148
PPP3CA,-0.1477733333333333,0.5652173913043476,PPP3CA,-0.036615939106217486
NTC_570,-0.2047500000000002,0.6621326131582912,NTC,-0.036661515455065
DUSP27,-0.13847333333333323,0.543478260869565,DUSP27,-0.03667020667820721
NTC_1270,-0.12727333333333357,0.5148311295964891,NTC,-0.036697382158482485
STK32A,-0.08127333333333331,0.35343618513323993,STK32A,-0.03671026977170857
ABL2,-0.060873333333333335,0.2411596192295067,ABL2,-0.037601178623062115
NTC_1140,-0.5859733333333335,0.8625419146266329,NTC,-0.037631085292691616
NTC_1568,-1.17124,0.9277373056487046,NTC,-0.038153118927398554
NTC_820,-0.54244,0.8496000294473002,NTC,-0.03839687642748501
NTC_935,-0.07964000000000016,0.3265321669468846,NTC,-0.03871093571592046
NTC_983,-0.3698066666666664,0.7855635194438192,NTC,-0.038762651399144074
NTC_703,-0.29157333333333346,0.7353376257693391,NTC,-0.03892889211280367
MTMR8,-0.12937333333333356,0.4999999999999998,MTMR8,-0.03894525397236822
NTC_968,-0.1660400000000002,0.5806764575913619,NTC,-0.03919636231760521
NTC_1294,-0.12914000000000048,0.4937778104059273,NTC,-0.03957733311127302
NTC_816,-0.3547500000000001,0.7729138676202455,NTC,-0.03968549245975374
NTC_1645,-0.4719066666666669,0.8238408400546916,NTC,-0.03971409959882116
NTC_1827,-0.5640733333333334,0.8496000294473002,NTC,-0.039928202337658654
NTC_1921,-0.14324000000000003,0.5255300376364578,NTC,-0.04002160780115676
NTC_87,-0.14344,0.5255300376364578,NTC,-0.04007748829236194
NTC_1427,-0.5716733333333335,0.8496000294473002,NTC,-0.040466171994853715
NTC_1287,-0.17180666666666644,0.5806764575913619,NTC,-0.04055767498944036
MAP2K2,-0.10787666666666684,0.42004118050789285,MAP2K2,-0.040638017330118056
MMP7,-0.09677333333333338,0.37961664329125766,MMP7,-0.04070816285583601
NTC_810,-0.7055733333333332,0.8755208005048578,NTC,-0.04073524029968025
NTC_289,-0.7090066666666668,0.8755208005048578,NTC,-0.0409334587579963
SGK3,-0.06444000000000005,0.22423980185610692,SGK3,-0.04184007354762826
NTC_1839,-0.4981066666666667,0.8238408400546916,NTC,-0.04191900468490267
LAP3,-0.13927333333333358,0.4999999999999998,LAP3,-0.04192545092944164
NTC_856,-0.35340666666666687,0.7603242621734322,NTC,-0.04205580004291069
NTC_1429,-0.20890666666666657,0.6266559047543299,NTC,-0.0424019665814753
NTC_1409,-0.3796833333333334,0.7729138676202455,NTC,-0.042474757046072335
MYL12A,-0.11037333333333343,0.40673211781206176,MYL12A,-0.04312192668674916
OGDH,-0.11087333333333316,0.40673211781206176,OGDH,-0.04331727245272551
MAP3K6,-0.14417333333333326,0.4999999999999998,MAP3K6,-0.04340049790819505
NTC_764,-0.8460733333333335,0.888533254349858,NTC,-0.04342582523379281
NTC_1673,-0.1382066666666666,0.48342657054454485,NTC,-0.04362762703755667
NTC_1514,-0.567026666666667,0.8366985478235334,NTC,-0.04390543319448912
NTC_840,-0.18764333333333338,0.5806764575913619,NTC,-0.04429617007839373
NTC_1096,-0.22193999999999958,0.6266559047543299,NTC,-0.04504735350599605
NTC_187,-0.06288000000000049,0.1898874846650891,NTC,-0.04536815003565166
NTC_1422,-0.5404066666666667,0.8238408400546916,NTC,-0.04547883236204957
NTC_1655,-0.7878400000000001,0.8755208005048578,NTC,-0.045484785495058536
NTC_441,-0.3636066666666671,0.7477978244232752,NTC,-0.04589290729234798
NTC_1351,-0.32667666666666717,0.7229466854496152,NTC,-0.04602669377008991
NTC_152,-0.47353666666666694,0.7982700487108859,NTC,-0.04633564108969001
GAA,-0.09597333333333347,0.3278774133866491,GAA,-0.04647878161176037
ADRA2A,-0.1552733333333336,0.4999999999999998,ADRA2A,-0.046741930860065346
OAZ3,-0.15647333333333346,0.4999999999999998,OAZ3,-0.047103166854862086
MAPK8,-0.12954333333333334,0.43248485571901757,MAPK8,-0.04715754247193328
NTC_221,-0.1452066666666667,0.47319425686009076,NTC,-0.04718643608948804
NTC_1177,-0.8231066666666669,0.8755208005048578,NTC,-0.04752085470766397
NTC_1416,-0.15234000000000014,0.48342657054454485,NTC,-0.04808908906638411
SLC19A2,-0.12587333333333328,0.40673211781206176,SLC19A2,-0.0491776454320192
PDP2,-0.16357333333333335,0.4999999999999998,PDP2,-0.04924047982407632
CD55,-0.13107333333333315,0.420757363253857,CD55,-0.049279415049161564
NTC_1185,-0.23345333333333373,0.6150145313229105,NTC,-0.049285412399460084
NTC_239,-0.2638066666666665,0.6502174411635121,NTC,-0.04931638373076428
CAMK2N1,-0.16387333333333354,0.4999999999999998,CAMK2N1,-0.04933078882277557
NTC_957,-0.769906666666667,0.8625419146266329,NTC,-0.04944324560971813
HIPK3,-0.0781400000000001,0.23259526722568707,HIPK3,-0.04949380773715152
NTC_1227,-0.6411733333333336,0.8366985478235334,NTC,-0.04964668261237784
NTC_858,-0.3524733333333332,0.7229466854496152,NTC,-0.04966128233459014
NTC_721,-0.3399066666666668,0.710627968367698,NTC,-0.05042777259701477
NTC_1590,-0.45117333333333365,0.7729138676202455,NTC,-0.05047226474430434
PFKFB3,-0.10097333333333336,0.3160355306217859,PFKFB3,-0.05051333257592231
NTC_1720,-0.13304000000000027,0.4143696036917608,NTC,-0.05090271511479245
CHKA,-0.11992000000000003,0.37225090268866934,CHKA,-0.05146537571277999
NTC_1196,-0.2910400000000002,0.6621326131582912,NTC,-0.05211217317725086
MTRR,-0.08664000000000005,0.24993285786756586,MTRR,-0.05217258450754013
NTC_1128,-0.3924733333333337,0.7353376257693391,NTC,-0.052400375150285027
NTC_1394,-0.5005066666666669,0.7855635194438192,NTC,-0.052462454551786414
NTC_830,-0.5057400000000003,0.7855635194438192,NTC,-0.05301100571092053
NTC_590,-0.54244,0.7982700487108859,NTC,-0.053077843643275995
NTC_1338,-0.9377166666666663,0.8755208005048578,NTC,-0.05413769475842127
NTC_1734,-0.43134000000000006,0.7477978244232752,NTC,-0.054441924327060444
GSTT2,-0.18197333333333354,0.4999999999999998,GSTT2,-0.05477943174429363
NTC_1752,-0.11790666666666683,0.34305618987799824,NTC,-0.054783533428117655
NTC_1265,-0.3903399999999997,0.7229466854496152,NTC,-0.05499645820908601
TST,-0.18397333333333332,0.4999999999999998,TST,-0.05538149173562153
NTC_1824,-0.19930666666666674,0.5255300376364578,NTC,-0.05568677216901157
SYN1,-0.10010333333333321,0.27752081406105455,SYN1,-0.055727970048752205
NTC_18,-1.2390733333333332,0.9015758162761423,NTC,-0.055755507439271434
NTC_192,-0.20697333333333345,0.5363415300892711,NTC,-0.055998409792332865
NTC_1285,-0.3306733333333338,0.674133946946755,NTC,-0.056629065821719074
NTC_345,-0.5084066666666667,0.7729138676202455,NTC,-0.05687489481744475
INPP5B,-0.09707333333333334,0.2589149831398645,INPP5B,-0.056966788356829244
NTC_1003,-0.22507333333333346,0.558295047749257,NTC,-0.05697421382654516
NTC_788,-0.38655333333333397,0.710627968367698,NTC,-0.05734816495690407
NTC_1414,-0.7439066666666667,0.8366985478235334,NTC,-0.05760142578174172
NTC_1121,-0.48517666666666637,0.7603242621734322,NTC,-0.05773658168725145
NTC_278,-0.14344,0.39576602610453004,NTC,-0.057743420102374717
NTC_111,-0.35440666666666676,0.6862187793221464,NTC,-0.057958745181633714
NTC_33,-0.6918733333333331,0.8238408400546916,NTC,-0.058225764564536146
PI4K2A,-0.8108983333333333,0.8443197755960732,PI4K2A,-0.05959538250751008
PTPN22,-0.19817333333333353,0.4999999999999998,PTPN22,-0.05965611767405013
NTC_244,-0.34887666666666695,0.674133946946755,NTC,-0.059746455878899415
NTC_309,-0.1159066666666666,0.3027325543237831,NTC,-0.06014870698424085
CHRNA6,-0.1540233333333334,0.40673211781206176,CHRNA6,-0.06017561205649364
NTC_141,-0.267606666666667,0.5920225255079181,NTC,-0.06092380706368783
NTC_1919,-0.34178,0.6621326131582912,NTC,-0.061197424919326504
NTC_1116,-0.6263933333333336,0.7982700487108859,NTC,-0.06129269118401508
PTPRK,-0.07513999999999998,0.15138312792814299,PTPRK,-0.06160897856382923
NTC_896,-0.5521733333333336,0.7729138676202455,NTC,-0.06177102369690512
HK3,-0.20537333333333319,0.4999999999999998,HK3,-0.06182353364283069
NTC_429,-0.10972999999999988,0.2728385659706112,NTC,-0.061898061149486636
NTC_652,-0.5542066666666665,0.7729138676202455,NTC,-0.061998490461297365
NTC_990,-0.32084,0.6383910283695007,NTC,-0.06253595910047417
NTC_167,-0.3835766666666669,0.6862187793221464,NTC,-0.06272913117027651
NTC_1564,-0.9783066666666671,0.8625419146266329,NTC,-0.06282665015883913
NTC_598,-0.42604,0.710627968367698,NTC,-0.06320631615707889
NTC_3,-0.1900400000000002,0.4630822527891689,NTC,-0.06353832757469689
NTC_546,-0.6519400000000002,0.7982700487108859,NTC,-0.06379243673917366
GBA,-0.11707333333333336,0.2805049088359046,GBA,-0.06463144986582293
PRNP,-0.21547333333333318,0.4999999999999998,PRNP,-0.0648639365990369
NTC_1390,-0.7727733333333338,0.8238408400546916,NTC,-0.06503404019293298
NTC_1624,-0.43854000000000015,0.710627968367698,NTC,-0.06506078745546283
NTC_512,-0.418506666666667,0.6983843829909577,NTC,-0.0652474830528044
NTC_1234,-0.38214000000000015,0.674133946946755,NTC,-0.06544292820642236
NTC_640,-0.3359066666666668,0.6383910283695007,NTC,-0.06547265169007382
NTC_555,-0.26793999999999984,0.5694332663215453,NTC,-0.06552664677437794
NDUFA5,-0.24817333333333336,0.543478260869565,NDUFA5,-0.06572072186235342
NTC_27,-0.34000666666666657,0.6383910283695007,NTC,-0.06627179591246482
NTC_509,-0.3408733333333336,0.6383910283695007,NTC,-0.06644072070744186
DHRS4L2,-0.11703999999999981,0.26810599504640265,DHRS4L2,-0.06691100428659662
NTC_1513,-0.4293800000000001,0.6983843829909577,NTC,-0.0669426953132084
SCYL2,-0.15922333333333327,0.37961664329125766,SCYL2,-0.06697805232621648
GNMT,-0.22377333333333338,0.4999999999999998,GNMT,-0.06736248556304801
NTC_398,-0.2502066666666667,0.5363415300892711,NTC,-0.067695558781036
NTC_1932,-0.15760666666666667,0.36882550643268,NTC,-0.06827190654791489
CHRNA4,-0.4023833333333333,0.6750818139317438,CHRNA4,-0.06866413709451842
THRA,-0.1135233333333332,0.24731182795698922,THRA,-0.06888086289216729
NTC_1148,-0.3875066666666669,0.6621326131582912,NTC,-0.0693850141584406
GLYATL1,-0.10214000000000012,0.20812569007191667,GLYATL1,-0.0696262139395203
NTC_361,-0.2492066666666668,0.5255300376364578,NTC,-0.06962895472470639
NTC_1298,-0.46987333333333314,0.710627968367698,NTC,-0.06970932884341181
APOE,-0.2315733333333334,0.4999999999999998,APOE,-0.06971051952922706
NTC_452,-0.7168066666666664,0.7982700487108859,NTC,-0.07013965079232942
NTC_466,-0.09414000000000011,0.1789836519266249,NTC,-0.0703401498146356
NTC_436,-0.1990733333333332,0.4432243006646116,NTC,-0.07034782514696424
NTC_112,-0.3092999999999999,0.5920225255079181,NTC,-0.07041578507560331
RAMP2,-0.12870666666666697,0.27752081406105455,RAMP2,-0.07165157269229888
NTC_1519,-0.1296733333333333,0.2801156405678691,NTC,-0.07166560689122618
MTR,-0.23917333333333346,0.4999999999999998,MTR,-0.07199834749627335
PPA1,-0.1488733333333334,0.32819074333800846,PPA1,-0.07203588652864076
NTC_1870,-0.34174000000000015,0.6150145313229105,NTC,-0.07214631118306929
NTC_1918,-0.8621733333333332,0.8238408400546916,NTC,-0.0725576476240661
NTC_1862,-0.4918733333333334,0.710627968367698,NTC,-0.07297319832856755
NTC_879,-0.3211733333333333,0.5920225255079181,NTC,-0.07311888914327548
NTC_1561,-0.2018733333333338,0.4334807127367144,NTC,-0.0732861208602306
NTC_120,-0.4482400000000002,0.6862187793221464,NTC,-0.0733040046468713
NTC_1364,-0.4942066666666669,0.710627968367698,NTC,-0.07331936630426591
CDA,-0.1471233333333335,0.3160355306217859,CDA,-0.07360052026619189
PTPRG,-0.13967333333333354,0.29699203246695116,PTPRG,-0.07364349151523582
NTC_1615,-0.7042066666666669,0.7855635194438192,NTC,-0.07381402228088536
NTC_1095,-0.2917399999999999,0.558295047749257,NTC,-0.07384996212385417
NTC_1586,-0.17950666666666626,0.38665655063937165,NTC,-0.07407784683888682
SNRK,-0.1065400000000003,0.20036704365730654,SNRK,-0.0743834270234591
NTC_148,-0.25017333333333314,0.5042465118903798,NTC,-0.07439081622772599
NTC_915,-0.3399399999999999,0.6034692986494639,NTC,-0.07456407798448361
NTC_578,-0.8337400000000001,0.8110302412446667,NTC,-0.0758394513968564
NTC_732,-0.2716400000000001,0.5255300376364578,NTC,-0.07589688315488846
NTC_304,-0.9055733333333338,0.8238408400546916,NTC,-0.07621004765215539
HPX,-0.13008666666666668,0.2589149831398645,HPX,-0.07634042587781122
NTC_353,-0.2580433333333336,0.5042465118903798,NTC,-0.07673101658366151
B4GALT2,-0.1278733333333335,0.24993285786756586,B4GALT2,-0.0770023348291111
NTC_1505,-0.5466066666666665,0.7229466854496152,NTC,-0.07701345160665356
NTC_1214,-0.57714,0.7353376257693391,NTC,-0.07705581486870142
NTC_1174,-0.7904399999999998,0.7982700487108859,NTC,-0.0773446846275921
NTC_1330,-0.41534000000000004,0.6502174411635121,NTC,-0.07764423499053215
DCK,-0.14867333333333344,0.292192613370734,DCK,-0.07944073626626288
S100G,-0.2737633333333336,0.5109516278236996,S100G,-0.07983492155242654
PCYT1A,-0.15437333333333347,0.30388031790556336,PCYT1A,-0.079856928274109
CDK17,-0.23487333333333327,0.4565217391304346,CDK17,-0.0799834213013522
GLTP,-0.26627333333333336,0.4999999999999998,GLTP,-0.0801562603787672
UQCR10,-0.2669733333333335,0.4999999999999998,UQCR10,-0.08036698137573203
NTC_28,-1.2536400000000003,0.8625419146266329,NTC,-0.08050849941919413
DGKI,-0.17257333333333325,0.3408134642356242,DGKI,-0.08067514380919649
NTC_396,-0.38470666666666675,0.6150145313229105,NTC,-0.0812172028077914
PPP4C,-0.2719733333333334,0.4999999999999998,PPP4C,-0.08187213135405191
NTC_143,-0.43840666666666683,0.6502174411635121,NTC,-0.08195634961256458
NTC_1264,-0.7439066666666667,0.7729138676202455,NTC,-0.0832200208900931
NTC_453,-0.12427333333333346,0.21314858758001587,NTC,-0.08342686852545884
NTC_1543,-0.48893999999999993,0.674133946946755,NTC,-0.08373283434670051
PTPLB,-0.1730733333333334,0.32819074333800846,PTPLB,-0.08374562940173044
NTC_620,-0.30047333333333315,0.5255300376364578,NTC,-0.08395298730363654
GAD1,-0.27947333333333324,0.4999999999999998,GAD1,-0.08412985632153172
AK5,-0.1844733333333335,0.3496165438214317,AK5,-0.0841951096908844
NTC_689,-0.34490666666666714,0.5694332663215453,NTC,-0.08434939656936188
SDF2,-0.2833733333333335,0.4999999999999998,SDF2,-0.08530387330462132
NTC_1769,-0.17554000000000025,0.3265321669468846,NTC,-0.08532543515284623
NTC_229,-0.20276666666666676,0.37767618511607093,NTC,-0.08574604897213321
NTC_1745,-0.32776666666666676,0.5472638215462551,NTC,-0.0858103822453924
NTC_1681,-0.3672733333333338,0.5806764575913619,NTC,-0.08670066636309279
NTC_1504,-0.4126833333333333,0.6150145313229105,NTC,-0.08712348623729431
SLC22A6,-0.20107333333333344,0.3665264142122488,SLC22A6,-0.08764680471224341
TRPV1,-0.13893999999999984,0.23259526722568707,TRPV1,-0.08800447462247013
NTC_1460,-0.5203733333333331,0.674133946946755,NTC,-0.08911591221507825
NTC_552,-0.6038933333333336,0.710627968367698,NTC,-0.08959222831616494
NTC_1451,-1.075273333333334,0.8238408400546916,NTC,-0.09049143670208042
NTC_125,-0.43230666666666684,0.6150145313229105,NTC,-0.09126625885131602
NTC_1598,-0.5103399999999998,0.6621326131582912,NTC,-0.09137893918113722
NTC_1476,-0.3495066666666671,0.5472638215462551,NTC,-0.09150198514384107
HIPK2,-0.28747333333333325,0.4782608695652172,HIPK2,-0.0920878136013787
CEACAM1,-0.19162333333333326,0.32819074333800846,CEACAM1,-0.09272148602552432
NTC_1132,-0.3545066666666665,0.5472638215462551,NTC,-0.09281100144983186
NTC_1911,-0.3550066666666667,0.5472638215462551,NTC,-0.092941903080431
NTC_1732,-0.3354733333333333,0.5255300376364578,NTC,-0.09373207326454475
DGKH,-0.26890333333333327,0.44512249709050755,DGKH,-0.09452502217436143
NTC_923,-0.32830666666666675,0.5148311295964891,NTC,-0.09466236874844824
NTC_628,-0.8503733333333332,0.7729138676202455,NTC,-0.09513032983220757
NTC_1843,-0.1873866666666668,0.310534197272332,NTC,-0.09517192030701811
NTC_1442,-0.4689066666666668,0.6266559047543299,NTC,-0.095174391162709
PTPN18,-0.1371733333333336,0.20036704365730654,PTPN18,-0.09577081499497485
PTPN6,-0.2146233333333334,0.35343618513323993,PTPN6,-0.09694299646423594
NTC_1786,-0.8194733333333333,0.7603242621734322,NTC,-0.09751826973787746
GM2A,-0.3242733333333332,0.4999999999999998,GM2A,-0.09761600012727807
NTC_11,-1.1649533333333335,0.8238408400546916,NTC,-0.0980386080043625
NTC_1741,-0.5030666666666668,0.6383910283695007,NTC,-0.0980543463766318
NTC_644,-0.4839733333333336,0.6266559047543299,NTC,-0.09823248551023692
CSNK1G2,-0.1451066666666665,0.20812569007191667,CSNK1G2,-0.09891548675723486
NTC_77,-0.28027333333333315,0.4432243006646116,NTC,-0.0990419917954363
HLA-DRB1,-0.32997333333333323,0.4999999999999998,HLA-DRB1,-0.09933187110256278
FCER1A,-0.33087333333333335,0.4999999999999998,FCER1A,-0.0996027980986604
NTC_524,-0.5565400000000005,0.6621326131582912,NTC,-0.09965128112997251
NTC_1440,-0.28380666666666654,0.4432243006646116,NTC,-0.10029058853793962
SCNN1G,-0.1754733333333336,0.26810599504640265,SCNN1G,-0.1003169596620822
NTC_1701,-0.26227333333333336,0.4143696036917608,NTC,-0.10034895346417348
NTC_596,-0.6221066666666664,0.6862187793221464,NTC,-0.1017377074428496
TRDMT1,-0.2107233333333336,0.32819074333800846,TRDMT1,-0.10196347316916139
NTC_599,-0.30623999999999985,0.4630822527891689,NTC,-0.10238885201260338
NTC_914,-0.5981400000000003,0.674133946946755,NTC,-0.10243374961372659
NTC_1377,-0.7696066666666668,0.7353376257693391,NTC,-0.1027526576365961
CSNK1G1,-0.25237333333333334,0.3913043478260868,CSNK1G1,-0.10283843015297947
NTC_196,-0.6949066666666668,0.710627968367698,NTC,-0.10309475747111814
NTC_1297,-0.40847333333333324,0.558295047749257,NTC,-0.10339939739244235
NTC_1486,-0.8197733333333335,0.7477978244232752,NTC,-0.10346834928055694
PIM1,-0.2863733333333336,0.434782608695652,PIM1,-0.10358920615981161
DYRK2,-0.1245400000000001,0.1451165289009579,DYRK2,-0.10439977954304487
NTC_1716,-1.1477266666666663,0.8110302412446667,NTC,-0.10440060540881166
NTC_1496,-0.19150666666666671,0.2801156405678691,NTC,-0.10583858020448123
MMP16,-0.7722683333333338,0.7293127629733521,MMP16,-0.10586732055287686
NTC_1666,-0.7140733333333338,0.710627968367698,NTC,-0.1059382801286402
NTC_1794,-0.41907333333333296,0.558295047749257,NTC,-0.10608264137171441
NTC_1885,-0.20950666666666695,0.310534197272332,NTC,-0.10640645964025733
NTC_69,-0.38160666666666687,0.5255300376364578,NTC,-0.10662183990254187
NTC_669,-1.2721066666666667,0.8238408400546916,NTC,-0.10705627707525013
NTC_37,-0.8076733333333332,0.7353376257693391,NTC,-0.10783506055328047
NTC_1612,-0.7716733333333332,0.7229466854496152,NTC,-0.10872393356492491
NTC_1851,-0.6981066666666669,0.6983843829909577,NTC,-0.10883865546319392
NTC_74,-0.3897733333333333,0.5255300376364578,NTC,-0.10890362662675372
NTC_1155,-0.3672399999999998,0.5042465118903798,NTC,-0.10920142042105513
NTC_1757,-1.20254,0.8110302412446667,NTC,-0.10938658800438467
NTC_1367,-0.20770666666666626,0.2950623685283952,NTC,-0.110102432607831
NTC_1466,-0.23710666666666658,0.34305618987799824,NTC,-0.11016799445349029
NTC_1184,-0.7825599999999997,0.7229466854496152,NTC,-0.11025779662884246
NTC_473,-0.24357333333333298,0.3515151262406778,NTC,-0.11059592902581859
PRX,-0.2084733333333335,0.292192613370734,PRX,-0.1113937161464646
NTC_1034,-0.7933733333333337,0.7229466854496152,NTC,-0.11178132748596092
NTC_977,-0.38768,0.5148311295964891,NTC,-0.11178179075376196
NTC_421,-0.3003066666666667,0.4238621547619892,NTC,-0.11194692529851749
NTC_873,-0.3769400000000003,0.5042465118903798,NTC,-0.11208578426509251
PARP15,-0.17300666666666675,0.22423980185610692,PARP15,-0.11233103130917656
FARSA,-0.3509733333333336,0.4782608695652172,FARSA,-0.11242909568094868
HDHD1,-0.3517733333333335,0.4782608695652172,HDHD1,-0.11268536380163614
NTC_132,-0.5566733333333334,0.6266559047543299,NTC,-0.11298846730660489
NTC_1488,-0.16607333333333374,0.20714904818668411,NTC,-0.11354717085693168
RALA,-0.6231383333333333,0.6573165030388032,RALA,-0.11355167185788911
NTC_827,-0.3600066666666666,0.48342657054454485,NTC,-0.11364311840505033
NTC_1222,-0.46533999999999986,0.5694332663215453,NTC,-0.11380223113379502
ILK,-0.17967333333333313,0.23259526722568707,ILK,-0.1138049323712966
NTC_612,-0.9046066666666666,0.7477978244232752,NTC,-0.11417565654106052
NTC_294,-0.9057466666666669,0.7477978244232752,NTC,-0.1143195425561133
PANX1,-0.22922333333333356,0.3160355306217859,PANX1,-0.11467220194270607
NTC_1690,-0.21227333333333354,0.28752347491665564,NTC,-0.11490922121837747
NTC_298,-0.779573333333333,0.710627968367698,NTC,-0.11565570973217185
PADI6,-0.3848733333333332,0.4999999999999998,PADI6,-0.11585841786451534
NTC_1767,-0.36754,0.48342657054454485,NTC,-0.11602116184494418
NTC_306,-0.9806733333333333,0.7603242621734322,NTC,-0.11670125525102719
NTC_378,-0.2635399999999999,0.36010501315221366,NTC,-0.11689865722761326
ADRA1D,-0.2729300000000001,0.37225090268866934,ADRA1D,-0.11713179614150306
NTC_1825,-0.7538733333333334,0.6983843829909577,NTC,-0.11753298443822748
KHK,-0.2362000000000002,0.3173584793053027,KHK,-0.117733864856235
NTC_1678,-0.79474,0.710627968367698,NTC,-0.11790580157421106
CSNK2A2,-0.1943733333333335,0.24731182795698922,CSNK2A2,-0.11793701374073075
NTC_1025,-0.3632000000000004,0.47319425686009076,NTC,-0.1180256663218085
NTC_1686,-0.1976066666666667,0.2517879366079583,NTC,-0.11835949314141468
ACTA1,-0.3037983333333334,0.40673211781206176,ACTA1,-0.11869143625474064
NTC_70,-0.94774,0.7477978244232752,NTC,-0.11961976482989813
NTC_539,-0.35780666666666683,0.4630822527891689,NTC,-0.11962974739569056
CIB2,-0.19384000000000023,0.2411596192295067,CIB2,-0.11973407837522236
NTC_569,-0.24124000000000034,0.3184673930827593,NTC,-0.11988060595121887
NTC_1685,-0.2725599999999999,0.36010501315221366,NTC,-0.12089966613780934
SNAP23,-0.40347333333333335,0.4999999999999998,SNAP23,-0.12145757578386544
NTC_560,-0.19167333333333358,0.23189727425853268,NTC,-0.12165589960883727
RDH5,-0.22867333333333306,0.292192613370734,RDH5,-0.1221871976444589
NTC_602,-0.4999066666666665,0.5694332663215453,NTC,-0.12225575713526673
NTC_1495,-0.28997333333333364,0.37767618511607093,NTC,-0.12262403899693929
NTC_43,-1.0315066666666666,0.7603242621734322,NTC,-0.12275048041801505
NTC_486,-0.8012733333333335,0.6983843829909577,NTC,-0.12492290422453817
NTC_1102,-0.8426400000000003,0.710627968367698,NTC,-0.1250121355896183
NTC_1883,-0.3639066666666668,0.45309186047222316,NTC,-0.12511611193011077
NTC_210,-0.3364066666666665,0.4238621547619892,NTC,-0.1254041157369908
MAPKBP1,-0.36937333333333333,0.4565217391304346,MAPKBP1,-0.1257858545208118
NTC_108,-0.4502733333333331,0.5255300376364578,NTC,-0.1258074752163235
NTC_1778,-1.1252133333333334,0.7729138676202455,NTC,-0.1258763784513442
NTC_226,-0.3663733333333332,0.45309186047222316,NTC,-0.12596418582111096
IDH3G,-0.14727333333333315,0.13902897556026378,IDH3G,-0.12619773544735882
SMOX,-0.1664066666666666,0.17125719912864432,SMOX,-0.12752594253771352
NTC_1622,-0.40630666666666704,0.48342657054454485,NTC,-0.1282586154759024
PPP4R1,-0.4261733333333333,0.4999999999999998,PPP4R1,-0.1282909566854378
NTC_888,-0.5441400000000001,0.5806764575913619,NTC,-0.12845283420562323
NTC_1258,-0.3274400000000002,0.40500395561541536,NTC,-0.12853353829225153
NTC_1746,-0.8687733333333338,0.710627968367698,NTC,-0.12888921691743963
NTC_1873,-0.4509733333333332,0.5148311295964891,NTC,-0.13003148674729983
NTC_889,-0.31537333333333306,0.38665655063937165,NTC,-0.13014657292432538
NTC_589,-0.22184000000000026,0.2586751735282048,NTC,-0.1302744864599076
NTC_1705,-0.7614733333333334,0.674133946946755,NTC,-0.1304052040729535
AKAP1,-0.24482333333333361,0.292192613370734,AKAP1,-0.13081663953518255
STK31,-0.43457333333333326,0.4999999999999998,STK31,-0.13081960864901523
NTC_349,-0.5768499999999999,0.5920225255079181,NTC,-0.13132669130572833
HEXB,-0.16090666666666698,0.15138312792814299,HEXB,-0.13193100049832182
NTC_1450,-0.1899733333333331,0.2012730106544035,NTC,-0.1322621811399459
NTC_1518,-0.31325000000000003,0.37767618511607093,NTC,-0.13246728509216202
RDH12,-0.2479233333333335,0.292192613370734,RDH12,-0.1324730649135876
NTC_303,-0.3752066666666667,0.4432243006646116,NTC,-0.13258919483929865
NTC_1462,-0.34667333333333294,0.4143696036917608,NTC,-0.1326414155484222
NTC_1520,-0.42510666666666674,0.48342657054454485,NTC,-0.13419320175953117
NTC_1142,-0.6152066666666665,0.6034692986494639,NTC,-0.1349423953341988
NTC_1439,-0.6680066666666664,0.6266559047543299,NTC,-0.13558589014010744
DHFRL1,-0.22477333333333327,0.24731182795698922,DHFRL1,-0.1363823691618354
NTC_1029,-0.6234066666666669,0.6034692986494639,NTC,-0.1367410228551519
GABBR2,-0.4272733333333334,0.4782608695652172,GABBR2,-0.1368706676915184
FUK,-0.3431200000000003,0.3957357285667392,FUK,-0.1381383065582534
NTC_1670,-1.1616066666666667,0.7603242621734322,NTC,-0.13823253014047648
NTC_650,-0.8476066666666666,0.6862187793221464,NTC,-0.13861539137973494
ITGAL,-0.24352333333333354,0.26928471248246844,ITGAL,-0.1387567463899752
NTC_389,-1.0397400000000006,0.7353376257693391,NTC,-0.13881902649544936
NTC_1493,-0.6108733333333332,0.5920225255079181,NTC,-0.13907250355130094
NTC_583,-0.7140733333333333,0.6383910283695007,NTC,-0.1391823362675246
NTC_165,-0.5512066666666668,0.558295047749257,NTC,-0.1395303744969811
PDK2,-0.3365033333333334,0.38388887231058455,PDK2,-0.13991622731851694
NTC_1465,-0.7196733333333332,0.6383910283695007,NTC,-0.14027385032737574
CNR1,-0.3445733333333334,0.3913043478260868,CNR1,-0.14040857726349582
CAMK1G,-0.25557333333333343,0.2805049088359046,CAMK1G,-0.14109169535084498
NTC_1179,-0.5433066666666666,0.5472638215462551,NTC,-0.14223945716404957
NTC_4,-0.3534733333333331,0.39576602610453004,NTC,-0.1422947516847001
NTC_1084,-0.2635399999999999,0.28752347491665564,NTC,-0.1426612362671924
NTC_722,-0.6518066666666669,0.6034692986494639,NTC,-0.14297041573259892
BCR,-0.19133999999999984,0.17825490137566768,BCR,-0.1433057231706135
NTC_988,-0.48553999999999986,0.5042465118903798,NTC,-0.14437876503441652
NTC_1083,-0.5343733333333334,0.5363415300892711,NTC,-0.14457928671372255
NTC_618,-0.5374400000000001,0.5363415300892711,NTC,-0.14540899967205775
TK2,-0.18577333333333357,0.16445346304198621,TK2,-0.1456383007630203
ILKAP,-0.2634733333333332,0.27752081406105455,ILKAP,-0.14667677428635328
FOLR3,-0.2054733333333334,0.19280236340306167,FOLR3,-0.14689034773601373
NTC_153,-0.2607733333333333,0.2728385659706112,NTC,-0.14710073574065566
NTC_1432,-0.5847400000000005,0.558295047749257,NTC,-0.14801887589052765
PTGER4,-0.22304000000000013,0.21607830264689204,PTGER4,-0.14840832694207726
NTC_1041,-0.49917333333333325,0.5042465118903798,NTC,-0.14843273346125926
PPP2R2B,-0.5314670000000001,0.5246187818925129,PPP2R2B,-0.14889375669167432
NTC_1693,-0.5175733333333334,0.5148311295964891,NTC,-0.1492346111390677
NTC_1002,-0.91594,0.6862187793221464,NTC,-0.14979044711818504
NTC_1884,-0.48907333333333325,0.4937778104059273,NTC,-0.14988553685282582
NTC_1569,-0.7110399999999997,0.6150145313229105,NTC,-0.15011094136949008
NTC_1907,-0.5214733333333332,0.5148311295964891,NTC,-0.15035911842327027
HSD11B2,-0.23307333333333347,0.22627395979429638,HSD11B2,-0.15041747033969932
PPARD,-0.37127333333333334,0.3913043478260868,PPARD,-0.15128843548313556
CDK9,-0.4463733333333333,0.4565217391304346,CDK9,-0.15200732186578125
DNPEP,-0.23417333333333357,0.22423980185610692,DNPEP,-0.15204577109807474
NTC_1648,-0.25017333333333314,0.24502962432206343,NTC,-0.15280122023502635
SMPD4,-0.30777333333333345,0.3160355306217859,SMPD4,-0.15396794610458403
TUBB2B,-0.21547333333333318,0.19280236340306167,TUBB2B,-0.1540392242034877
NIM1,-0.3946033333333334,0.40673211781206176,NIM1,-0.1541681808137246
NTC_723,-1.0976066666666666,0.7229466854496152,NTC,-0.15464589632973197
NTC_972,-0.25434,0.24502962432206343,NTC,-0.15534614275932673
DAO,-0.2645733333333333,0.25806451612903225,DAO,-0.15564100638496448
DUSP18,-0.4889733333333335,0.4782608695652172,DUSP18,-0.15663534649954144
TPTE,-0.20920666666666632,0.17825490137566768,TPTE,-0.15668711539030064
GRM4,-0.2598733333333336,0.24731182795698922,GRM4,-0.15767947361186124
NTC_1455,-0.9231066666666665,0.674133946946755,NTC,-0.15808552706740067
MMP1,-0.2961233333333335,0.292192613370734,MMP1,-0.15822780789395083
NTC_1444,-0.5490400000000002,0.5148311295964891,NTC,-0.1583075587996427
SBF2,-0.3895733333333333,0.3913043478260868,SBF2,-0.15874541695951785
CRYZ,-0.2984233333333335,0.292192613370734,CRYZ,-0.15945676865857397
PPAT,-0.44577333333333335,0.434782608695652,PPAT,-0.16124862322101585
NTC_574,-0.27547666666666704,0.2586751735282048,NTC,-0.1617723642340748
DOK1,-0.2565733333333333,0.23259526722568707,DOK1,-0.16251332519170814
CD1D,-0.40027333333333326,0.3913043478260868,CD1D,-0.1631055099539053
NTC_1081,-0.35137333333333354,0.34305618987799824,NTC,-0.1632602574274775
NTC_1759,-0.6236733333333335,0.5472638215462551,NTC,-0.16327971258901058
NTC_771,-0.43874000000000013,0.4238621547619892,NTC,-0.1635514607472525
HADHA,-0.23917333333333346,0.20617110799438987,HADHA,-0.16401842181026652
NTC_1301,-0.44164000000000003,0.4238621547619892,NTC,-0.1646325092866312
NTC_518,-1.0597400000000001,0.6983843829909577,NTC,-0.16521927414229692
NTC_65,-0.9231399999999996,0.6621326131582912,NTC,-0.16529285165904106
NTC_52,-0.63144,0.5472638215462551,NTC,-0.1653130512509831
NTC_34,-0.8844066666666666,0.6502174411635121,NTC,-0.16533220747787328
AVPR2,-0.2611066666666666,0.23259526722568707,AVPR2,-0.16538473456473624
NTC_325,-0.5097066666666668,0.47319425686009076,NTC,-0.16563455110683153
NTC_601,-0.57484,0.5148311295964891,NTC,-0.1657466069874446
NTC_231,-0.3134399999999995,0.2950623685283952,NTC,-0.16615021092212684
NTC_1292,-1.0194733333333335,0.6862187793221464,NTC,-0.1667220193736124
NTC_1618,-1.0238400000000003,0.6862187793221464,NTC,-0.16743613269153287
NTC_1861,-0.4874733333333334,0.45309186047222316,NTC,-0.16760002968602988
NTC_1604,-0.5493399999999999,0.4937778104059273,NTC,-0.1683553675959938
NTC_1878,-0.44223999999999997,0.4143696036917608,NTC,-0.1692063795277042
TPTE2,-0.2979233333333333,0.26928471248246844,TPTE2,-0.16975322997244346
SLC25A6,-0.32389333333333337,0.29699203246695116,SLC25A6,-0.17077444474135897
SCMH1,-0.30962333333333314,0.2805049088359046,SCMH1,-0.17093051317369998
NTC_1770,-0.43577333333333357,0.40500395561541536,NTC,-0.17105878459180945
NTC_20,-1.3577766666666666,0.7477978244232752,NTC,-0.17137287184057826
PSKH1,-0.32172333333333336,0.292192613370734,PSKH1,-0.17190667553497355
NTC_1930,-0.7551733333333335,0.5920225255079181,NTC,-0.1719240967824991
NTC_261,-0.6825066666666664,0.558295047749257,NTC,-0.1727671607685312
FCGR3B,-0.2944233333333335,0.25806451612903225,FCGR3B,-0.1732009168342081
NTC_805,-0.38214000000000015,0.3515151262406778,NTC,-0.17351295291463104
NTC_1484,-0.2787733333333331,0.23839962620032018,NTC,-0.17359060186716777
NTC_963,-0.93404,0.6502174411635121,NTC,-0.1746107315706569
NTC_1180,-0.7248733333333335,0.5694332663215453,NTC,-0.17727296734156636
MTMR4,-0.2373400000000001,0.17825490137566768,MTMR4,-0.17775781507951005
PVALB,-0.5587733333333333,0.4782608695652172,PVALB,-0.17899474002952528
NTC_1783,-0.33840666666666674,0.2950623685283952,NTC,-0.17938469577629096
NTC_1789,-0.41480666666666677,0.36882550643268,NTC,-0.17968555887305163
NTC_1937,-0.5533399999999999,0.47319425686009076,NTC,-0.17981366245184316
SLC1A3,-0.31742333333333317,0.26928471248246844,SLC1A3,-0.18086410184483553
AKT1,-0.28947333333333347,0.23655913978494622,AKT1,-0.18122775256786278
NTC_768,-0.7169733333333337,0.558295047749257,NTC,-0.18149192263824016
NTC_802,-0.6935066666666669,0.5472638215462551,NTC,-0.1815623069960173
NTC_1898,-0.20350666666666672,0.1271905185989361,NTC,-0.18224943110002756
NTC_1008,-0.23574000000000028,0.16855248337352358,NTC,-0.1822894544197816
NTC_1099,-0.6171066666666669,0.5042465118903798,NTC,-0.18350104713893547
MTHFD2,-0.2239399999999998,0.15138312792814299,MTHFD2,-0.1836134503537917
NTC_1347,-0.7522733333333336,0.5694332663215453,NTC,-0.18397383366095862
NTC_946,-0.4353399999999996,0.37767618511607093,NTC,-0.18409675304715645
NTC_1145,-0.5682066666666663,0.47319425686009076,NTC,-0.1846447424059112
NTC_1151,-0.8474066666666666,0.6034692986494639,NTC,-0.18587426245191696
NTC_897,-0.4010066666666665,0.34305618987799824,NTC,-0.1863216283633778
NTC_1538,-1.322906666666667,0.7229466854496152,NTC,-0.18638925349145535
ADCK4,-0.4574733333333332,0.3913043478260868,ADCK4,-0.1864136706341822
NTC_1700,-0.5299733333333339,0.4432243006646116,NTC,-0.1872800880038538
NTC_1325,-0.5026066666666664,0.4238621547619892,NTC,-0.18735938030414526
NTC_718,-0.59674,0.48342657054454485,NTC,-0.1883726073879088
NTC_179,-0.47997333333333314,0.40500395561541536,NTC,-0.18840908508202892
NTC_1532,-0.6745733333333335,0.5255300376364578,NTC,-0.18847744610294367
NTC_1426,-0.9306733333333335,0.6266559047543299,NTC,-0.18889957035807176
LMTK2,-0.3446233333333333,0.2805049088359046,LMTK2,-0.19025259687027601
ROS1,-0.33587333333333325,0.26928471248246844,ROS1,-0.191376696001022
MVK,-0.5977733333333335,0.4782608695652172,MVK,-0.19148781091304068
NTC_1708,-1.2327400000000002,0.6983843829909577,NTC,-0.19219092230752366
NTC_936,-0.6892733333333334,0.5255300376364578,NTC,-0.1925846622065251
NRGN,-0.4738733333333336,0.3913043478260868,NRGN,-0.193096429990066
NTC_1584,-0.38873999999999986,0.3184673930827593,NTC,-0.19317852245679298
NTC_1290,-0.45684000000000013,0.37767618511607093,NTC,-0.19318868163289163
NTC_553,-0.7148733333333337,0.5363415300892711,NTC,-0.19341510920703617
NTC_145,-0.40780666666666665,0.33472847233967196,NTC,-0.19383350382175732
NTC_1631,-0.4730066666666666,0.38665655063937165,NTC,-0.1951978500730101
NTC_284,-0.5719400000000001,0.45309186047222316,NTC,-0.19664083022379603
MTM1,-0.5785733333333334,0.4565217391304346,MTM1,-0.19702651645026126
NTC_866,-0.60974,0.47319425686009076,NTC,-0.19814143662736625
NTC_1959,-0.3247066666666667,0.24502962432206343,NTC,-0.19832479434970954
SCYL3,-0.48997333333333337,0.3913043478260868,SCYL3,-0.19965694374797602
EPS8L1,-0.3004233333333337,0.21598877980364653,EPS8L1,-0.19995240016710422
NTC_1133,-0.5662733333333332,0.4432243006646116,NTC,-0.20010765265089217
NTC_1080,-0.5375399999999995,0.4238621547619892,NTC,-0.20038166615781097
NDUFV3,-0.23967333333333363,0.1451165289009579,NDUFV3,-0.20091410922070593
GABRQ,-0.25090666666666683,0.1578287726418191,GABRQ,-0.2011804330563133
PDLIM5,-0.33182333333333336,0.24731182795698922,PDLIM5,-0.20133550395885091
NTC_791,-0.5701733333333334,0.4432243006646116,NTC,-0.20148582075346666
STK10,-0.3659233333333334,0.2805049088359046,STK10,-0.202011464948478
AMN,-0.29773999999999967,0.20812569007191667,AMN,-0.20296170881488865
NTC_1630,-0.6075066666666666,0.4630822527891689,NTC,-0.20311491049504746
TF,-0.26594000000000007,0.17125719912864432,TF,-0.20380342829902381
NTC_651,-0.8346066666666667,0.5694332663215453,NTC,-0.20410904024112747
NTC_1777,-0.808006666666667,0.558295047749257,NTC,-0.20453575693821566
PPP1R16B,-0.5022733333333336,0.3913043478260868,PPP1R16B,-0.2046690132648888
NTC_1659,-0.7834733333333337,0.5472638215462551,NTC,-0.2051158737284809
NTC_1314,-0.6544733333333332,0.48342657054454485,NTC,-0.20659725888302433
NTC_658,-0.6551399999999998,0.48342657054454485,NTC,-0.2068077052051388
TRAPPC6B,-0.41692333333333353,0.3160355306217859,TRAPPC6B,-0.20857177137853677
NTC_41,-0.91724,0.5920225255079181,NTC,-0.2088204807718927
NTC_1725,-0.7257066666666665,0.5148311295964891,NTC,-0.20924677765668434
IKBKG,-0.31492333333333367,0.21598877980364653,IKBKG,-0.20960314789782752
NTC_1326,-0.6097733333333335,0.45309186047222316,NTC,-0.20964845003846241
ADRB1,-0.2616400000000003,0.1578287726418191,ADRB1,-0.20978656806589638
PIK3CD,-0.28360666666666656,0.17825490137566768,PIK3CD,-0.21240962926034185
NTC_1107,-1.0068800000000002,0.6150145313229105,NTC,-0.21256709136773214
NTC_333,-1.2450400000000004,0.674133946946755,NTC,-0.21321783465254643
AMT,-0.5251733333333335,0.3913043478260868,AMT,-0.2140004272435311
NTC_138,-1.1001400000000001,0.6383910283695007,NTC,-0.21443183532226548
PPP1R37,-0.5302733333333336,0.3913043478260868,PPP1R37,-0.2160786024090803
NTC_391,-0.9203733333333335,0.5806764575913619,NTC,-0.21726864996865414
NTC_884,-0.5140066666666665,0.37767618511607093,NTC,-0.21736334446162872
CHKB,-0.40982333333333365,0.292192613370734,CHKB,-0.2189812161277123
NTC_19,-0.46247333333333307,0.33472847233967196,NTC,-0.2198169719903078
PIK3R4,-0.5412733333333333,0.3913043478260868,PIK3R4,-0.22056094100144114
NTC_1747,-0.9050400000000005,0.5694332663215453,NTC,-0.22133401655849472
NTC_443,-0.6489400000000001,0.45309186047222316,NTC,-0.22311448817258836
KIF5B,-0.5480733333333334,0.3913043478260868,KIF5B,-0.2233318412221734
NCAN,-0.4592733333333334,0.326086956521739,NCAN,-0.22351297903180267
NTC_717,-0.49307333333333325,0.3515151262406778,NTC,-0.22388289650423088
NTC_146,-0.40570666666666666,0.2801156405678691,NTC,-0.22421891794624757
CHRM5,-0.5502733333333336,0.3913043478260868,CHRM5,-0.2242283089406457
NTC_535,-0.9174400000000005,0.5694332663215453,NTC,-0.22436652540376711
GALE,-0.25167333333333364,0.1273611649906001,GALE,-0.22523831564036012
DGKA,-0.5542733333333336,0.3913043478260868,DGKA,-0.22585825024695874
NTC_1300,-0.49750666666666676,0.3515151262406778,NTC,-0.22589587802388747
NTC_1318,-0.9609066666666668,0.5806764575913619,NTC,-0.22683718296837466
RAB7A,-0.5572733333333333,0.3913043478260868,RAB7A,-0.22708070622669344
UGP2,-0.7489166666666667,0.49744859896750315,UGP2,-0.22711031819939376
NTC_1059,-0.35297333333333336,0.2255218446376277,NTC,-0.2283071705468492
NTC_800,-0.49183999999999983,0.34305618987799824,NTC,-0.2285259505932829
NTC_958,-0.30600666666666676,0.1789836519266249,NTC,-0.2286440915403715
GLUD2,-0.5616733333333332,0.3913043478260868,GLUD2,-0.2288736416636378
MTMR3,-0.5631733333333333,0.3913043478260868,MTMR3,-0.2294848696535052
NTC_208,-0.4528399999999997,0.310534197272332,NTC,-0.22999316418010896
NTC_1464,-0.9771733333333334,0.5806764575913619,NTC,-0.2306771863432625
BLK,-0.3929733333333334,0.25806451612903225,BLK,-0.2311750935435196
NTC_1547,-0.35780666666666683,0.2255218446376277,NTC,-0.2314334255736023
NTC_494,-0.4106066666666668,0.2728385659706112,NTC,-0.23162085629928228
AVPR1A,-0.5359733333333332,0.3695652173913042,AVPR1A,-0.2317060476849608
NTC_1005,-0.982873333333333,0.5806764575913619,NTC,-0.2320227612963481
PPP1R32,-0.32882333333333325,0.1963534361851332,PPP1R32,-0.2324654350524861
NTC_475,-0.4791400000000001,0.3265321669468846,NTC,-0.2328975105339791
TWF2,-0.5725733333333336,0.3913043478260868,TWF2,-0.23331523172334107
PIK3R1,-0.29210666666666674,0.1578287726418191,PIK3R1,-0.2342151624719795
NTC_1111,-0.4152733333333334,0.2728385659706112,NTC,-0.23425329609421167
NTC_1178,-0.55444,0.37767618511607093,NTC,-0.23446180860813506
FNTA,-0.5757733333333332,0.3913043478260868,FNTA,-0.23461918476839136
LHPP,-0.3642733333333332,0.22627395979429638,LHPP,-0.23508941382773674
NTC_634,-0.4289399999999999,0.2801156405678691,NTC,-0.23705911330977242
NTC_851,-0.4135399999999998,0.2656918864313077,NTC,-0.23804260098546803
NTC_513,-0.6740066666666666,0.4432243006646116,NTC,-0.23817807408269098
APRT,-0.2972733333333335,0.1578287726418191,APRT,-0.2383578672126173
DAPK1,-0.40747333333333335,0.25806451612903225,DAPK1,-0.23970503329273332
S100B,-0.6635733333333333,0.434782608695652,S100B,-0.24003294590564764
KCNQ3,-0.49837333333333333,0.326086956521739,KCNQ3,-0.24254164202147505
SRC,-0.6003733333333332,0.3913043478260868,SRC,-0.24464332380221676
NTC_1753,-0.6923733333333337,0.4432243006646116,NTC,-0.2446684213007979
NTC_282,-0.4544066666666664,0.28752347491665564,NTC,-0.24598245744373023
SCN1B,-0.6043733333333332,0.3913043478260868,SCN1B,-0.24627326510852982
NTC_842,-0.5996400000000004,0.38665655063937165,NTC,-0.2474562137625542
NTC_809,-0.7852733333333335,0.48342657054454485,NTC,-0.24788682728188902
NTC_32,-0.9167399999999999,0.5363415300892711,NTC,-0.2480318665513586
TUBB,-0.36529000000000034,0.20812569007191667,TUBB,-0.24900880839991546
BST1,-0.5952233333333332,0.37961664329125766,BST1,-0.2503835256502502
NTC_97,-0.5395400000000001,0.34305618987799824,NTC,-0.25068902769823503
NDUFS8,-0.6944733333333333,0.434782608695652,NDUFS8,-0.2512103360385912
NTC_626,-0.5550400000000004,0.3515151262406778,NTC,-0.25201923218123423
PSAT1,-0.2647400000000002,0.1111127689415416,PSAT1,-0.2526244464784737
PTPRC,-0.4895733333333334,0.30434782608695643,PTPRC,-0.25292817132867335
ERO1LB,-0.4301733333333333,0.25806451612903225,ERO1LB,-0.25305880103805417
BRD2,-0.2891733333333333,0.13310554743218644,BRD2,-0.2532591169393918
TAAR1,-0.40487333333333364,0.23655913978494622,TAAR1,-0.2534751074641044
NRK,-0.5242733333333334,0.32819074333800846,NRK,-0.2536820631632634
MAP1A,-0.35922333333333345,0.1963534361851332,MAP1A,-0.25395706447536454
PTPRE,-0.3188066666666667,0.1578287726418191,PTPRE,-0.255623591486501
NTC_44,-0.6692066666666667,0.4143696036917608,NTC,-0.2560465747613736
NTC_1280,-0.9788400000000004,0.5472638215462551,NTC,-0.25626350419123334
ACCS,-0.5127183333333334,0.3160355306217859,ACCS,-0.2564945697488372
NTC_1731,-0.92224,0.5255300376364578,NTC,-0.25767612104537
NTC_71,-0.6426733333333332,0.39576602610453004,NTC,-0.2587155345458739
HTR4,-0.5045433333333333,0.30706335233207005,HTR4,-0.25871570069175265
NTC_504,-0.5728066666666667,0.3515151262406778,NTC,-0.2600862934592559
PDP1,-0.6396733333333335,0.3913043478260868,PDP1,-0.2606574971367428
TAOK3,-0.48214000000000024,0.287144519709946,TAOK3,-0.2612714095116231
PI4K2B,-0.3188066666666667,0.15138312792814299,PI4K2B,-0.26139676727006284
CRP,-0.3950733333333334,0.21598877980364653,CRP,-0.26294848794041187
NTC_1176,-1.53574,0.674133946946755,NTC,-0.2630013151298766
PLOD3,-0.36837333333333344,0.19280236340306167,PLOD3,-0.2633455453911675
AZGP1,-0.6467733333333334,0.3913043478260868,AZGP1,-0.2635506429554485
NTC_1215,-0.6721066666666666,0.40500395561541536,NTC,-0.26382924498069105
GIT2,-0.3461733333333332,0.17125719912864432,GIT2,-0.2652903366136498
ALPI,-0.4511733333333332,0.25806451612903225,ALPI,-0.265412506881743
NTC_754,-0.3813066666666667,0.2012730106544035,NTC,-0.2654712139416183
NTC_747,-0.49047333333333354,0.28752347491665564,NTC,-0.26550630678236375
NTC_1448,-0.755006666666667,0.4432243006646116,NTC,-0.2668015654438517
NTC_1908,-0.68024,0.40500395561541536,NTC,-0.2670219096259502
SLC6A9,-0.3779066666666666,0.19280236340306167,SLC6A9,-0.27016080762349276
MAPK12,-0.3096399999999999,0.13310554743218644,MAPK12,-0.2711839022816071
NTC_1392,-0.7154400000000001,0.4143696036917608,NTC,-0.2737360079805099
NTC_1953,-0.4006400000000001,0.20714904818668411,NTC,-0.27392440206407415
NTC_109,-0.5101400000000003,0.28752347491665564,NTC,-0.276152398381064
C17orf75,-0.33054000000000006,0.1451165289009579,C17orf75,-0.2770861018962424
NTC_1024,-0.33054000000000006,0.14447783177133525,NTC,-0.2777193062579757
LGALS9,-0.6817733333333336,0.3913043478260868,LGALS9,-0.2778126293856879
MAP3K1,-0.37140666666666666,0.17825490137566768,MAP3K1,-0.2781681872951484
NTC_173,-0.6168066666666667,0.3515151262406778,NTC,-0.2800647566618617
RPS6KB1,-0.44742333333333306,0.23655913978494622,RPS6KB1,-0.2801139718560891
PPP2R3B,-0.30744000000000016,0.12178090776163052,PPP2R3B,-0.2811295286043203
NTC_337,-0.5796733333333335,0.3265321669468846,NTC,-0.28176415297463536
GPD1,-0.43882333333333357,0.22627395979429638,GPD1,-0.2832014061069534
PAK3,-0.6950733333333332,0.3913043478260868,PAK3,-0.28323218422917873
GRIK3,-0.43867333333333347,0.22423980185610692,GRIK3,-0.2848250237437912
ADORA3,-1.2083333333333335,0.5807645250813165,ADORA3,-0.2851665694766093
PIK3CG,-0.48487333333333327,0.25806451612903225,PIK3CG,-0.2852372634023295
NTC_683,-0.46974000000000027,0.24502962432206343,NTC,-0.2869084575755531
MERTK,-0.40767333333333333,0.1963534361851332,MERTK,-0.2882093488680767
PKN1,-0.3601399999999999,0.1578287726418191,PKN1,-0.288765229411603
NTC_783,-0.7014066666666667,0.38665655063937165,NTC,-0.2894527350429377
NTC_1278,-0.820606666666666,0.4432243006646116,NTC,-0.2899830596820258
NUCKS1,-0.4362166666666667,0.21607830264689204,NUCKS1,-0.29025370195592615
MYO3A,-0.41342333333333325,0.1963534361851332,MYO3A,-0.292274377459575
CDK16,-0.5126466666666669,0.26810599504640265,CDK16,-0.29307675419380447
ACVR1C,-0.6802733333333335,0.3695652173913042,ACVR1C,-0.2940882234417272
GRIN3A,-0.30887333333333356,0.1111127689415416,GRIN3A,-0.2947380632518487
WNK3,-0.4567733333333335,0.22627395979429638,WNK3,-0.2947857154484951
DDAH2,-0.45962333333333305,0.22627395979429638,DDAH2,-0.2966250069038371
NTC_13,-0.68574,0.36882550643268,NTC,-0.29704820352037026
FBP1,-0.3182733333333334,0.11636477574527768,FBP1,-0.2973240933823169
AKAP5,-0.36314,0.15138312792814299,AKAP5,-0.29774666589924076
IKBKB,-0.7334733333333334,0.3913043478260868,IKBKB,-0.29887962076978436
NTC_575,-0.6462733333333333,0.34305618987799824,NTC,-0.3002810422964574
NTC_1037,-0.8531400000000002,0.4432243006646116,NTC,-0.301479573084698
NTC_1307,-0.9019066666666666,0.4630822527891689,NTC,-0.30154515485408107
ACP5,-0.35230666666666677,0.13902897556026378,ACP5,-0.3018897074578396
CDK13,-0.38132333333333346,0.1598877980364656,CDK13,-0.3036037955604181
PAPSS1,-0.593536666666667,0.30706335233207005,PAPSS1,-0.3043489913709044
TRPV3,-0.3144400000000003,0.10602488735042226,TRPV3,-0.3064507651729836
SRPK3,-0.35804000000000036,0.13902897556026378,SRPK3,-0.3068025702745855
TBXAS1,-0.7148733333333332,0.3695652173913042,TBXAS1,-0.3090461117382213
CIB3,-0.4040066666666666,0.17125719912864432,CIB3,-0.309610978876166
RAMP1,-0.3054066666666668,0.09631165885828534,RAMP1,-0.31039125066796863
NTC_690,-1.2692066666666668,0.5694332663215453,NTC,-0.3103935841246263
CMPK1,-0.4690400000000001,0.21607830264689204,CMPK1,-0.31209398165760355
NTC_127,-0.7568066666666668,0.38665655063937165,NTC,-0.3123149094183055
NTC_485,-0.7573400000000001,0.38665655063937165,NTC,-0.31253500255308636
NTC_142,-0.7074066666666665,0.36010501315221366,NTC,-0.31378496413142276
CDK20,-0.7720733333333336,0.3913043478260868,CDK20,-0.31460855437570556
PLA2G2E,-0.6466733333333332,0.326086956521739,PLA2G2E,-0.3147142947418949
NTC_796,-0.7842066666666669,0.39576602610453004,NTC,-0.31569140407429086
NTC_1958,-0.6234066666666669,0.310534197272332,NTC,-0.3166223651568794
NTC_1589,-0.7569733333333333,0.37767618511607093,NTC,-0.32010918548708966
SGPL1,-0.6248600000000004,0.30706335233207005,SGPL1,-0.3204107200588955
TBK1,-0.6589733333333334,0.326086956521739,TBK1,-0.3207002935851935
NTC_1020,-0.5163066666666665,0.23839962620032018,NTC,-0.3215012854458743
CTSF,-0.38527333333333313,0.1451165289009579,CTSF,-0.32296813123345103
NTC_119,-0.5846733333333334,0.2801156405678691,NTC,-0.32312710863027244
CP,-0.7944733333333334,0.3913043478260868,CP,-0.32373622569105864
PPM1F,-0.6655733333333336,0.326086956521739,PPM1F,-0.32391229296452445
NTC_675,-0.6683066666666666,0.3265321669468846,NTC,-0.3248465144632642
NTC_1366,-0.5648400000000002,0.2656918864313077,NTC,-0.3251341653543354
NTC_1510,-0.5040733333333334,0.2255218446376277,NTC,-0.3260403707969972
CSNK1E,-0.6750733333333332,0.326086956521739,CSNK1E,-0.32853562540447023
GRIA1,-0.8080733333333332,0.3913043478260868,GRIA1,-0.32927802613252305
NTC_1646,-1.1498400000000002,0.5148311295964891,NTC,-0.33153934760706166
IL5,-0.8177733333333332,0.3913043478260868,IL5,-0.33323063380033224
FCGR1B,-0.5016733333333336,0.21598877980364653,FCGR1B,-0.33389812298145394
NTC_748,-0.5093733333333335,0.2192725592713909,NTC,-0.3356850311812736
NTC_1410,-0.7065733333333335,0.33472847233967196,NTC,-0.33583949479414715
NTC_58,-1.2035066666666667,0.5255300376364578,NTC,-0.33626271851026823
KCNMA1,-0.5743233333333331,0.25806451612903225,KCNMA1,-0.33785816757937576
PTPN11,-0.3859066666666666,0.13310554743218644,PTPN11,-0.33797854212360834
PIK3CA,-0.3399399999999999,0.10108621049804542,PIK3CA,-0.33834503004270666
MAP3K3,-0.5598233333333331,0.24731182795698922,MAP3K3,-0.3396756696171368
PPP2R1B,-0.6357233333333334,0.292192613370734,PPP2R1B,-0.3396865364443937
NTC_1210,-1.0172400000000001,0.4630822527891689,NTC,-0.3401059163443728
PPBP,-0.6235733333333333,0.28260869565217384,PPBP,-0.3422260742853029
B2M,-0.3603066666666668,0.1111127689415416,B2M,-0.34381760304136344
NTC_1262,-1.1247733333333332,0.4937778104059273,NTC,-0.344707518104461
NTC_1323,-0.98014,0.4432243006646116,NTC,-0.3463583805275053
NTC_1652,-0.7459066666666669,0.34305618987799824,NTC,-0.3465741502396453
CTRB1,-0.8516733333333333,0.3913043478260868,CTRB1,-0.34704438637133556
NTC_1697,-0.7847066666666662,0.36010501315221366,NTC,-0.34807298949263726
DGKD,-0.38067333333333364,0.12178090776163052,DGKD,-0.34809561134606853
NISCH,-0.4072066666666667,0.13902897556026378,NISCH,-0.3489332252437706
NTC_323,-0.9378066666666665,0.4238621547619892,NTC,-0.34959121628263884
ACAN,-0.7250733333333335,0.326086956521739,ACAN,-0.352868954035765
NR3C2,-0.49373999999999985,0.19280236340306167,NR3C2,-0.3529686267050681
RBP3,-0.4705733333333333,0.17765310892940625,RBP3,-0.3531310232598114
ACY3,-0.43077333333333323,0.15138312792814299,ACY3,-0.3532007593718738
NTC_338,-0.9077066666666669,0.40500395561541536,NTC,-0.35631184216385275
NAGS,-0.42584000000000044,0.1451165289009579,NAGS,-0.3569744830625521
INPP5K,-0.4558399999999998,0.16445346304198621,INPP5K,-0.35735894828724113
CDK14,-0.43787333333333356,0.15138312792814299,CDK14,-0.3590222093027123
NTC_871,-0.7226399999999997,0.3184673930827593,NTC,-0.35910512802432704
BMPR2,-0.8818733333333335,0.3913043478260868,BMPR2,-0.3593504432339994
BMPR1B,-0.3705733333333332,0.10602488735042226,BMPR1B,-0.3611578728937252
NMNAT3,-0.3809400000000003,0.1111127689415416,NMNAT3,-0.363506673118946
HPRT1,-0.4541733333333333,0.1578287726418191,HPRT1,-0.36416245569121025
NTC_1452,-0.8845066666666672,0.38665655063937165,NTC,-0.3650134593774113
PPP3CB,-0.46597333333333335,0.16445346304198621,PPP3CB,-0.365303045651764
NTC_86,-0.6478066666666669,0.2728385659706112,NTC,-0.36542401044726597
NTC_979,-0.9180733333333331,0.39576602610453004,NTC,-0.3695809688472821
GDI1,-0.7656233333333335,0.32819074333800846,GDI1,-0.37046497400707323
NAGLU,-0.7644733333333336,0.326086956521739,NAGLU,-0.37204361699722527
SPIRE2,-0.5606733333333334,0.21598877980364653,SPIRE2,-0.3731666827133625
PANK4,-0.4834733333333334,0.16877045348293593,PANK4,-0.3735815767900772
NTC_1,-0.82294,0.3515151262406778,NTC,-0.3736608297261904
NTC_410,-0.7061733333333335,0.2950623685283952,NTC,-0.374332721672138
AKAP12,-0.46694000000000013,0.1578287726418191,AKAP12,-0.3743989454696895
CACNA1C,-0.7729733333333333,0.326086956521739,CACNA1C,-0.37618028286454525
MAP2K3,-0.7732733333333335,0.326086956521739,MAP2K3,-0.37632628283633307
TRAPPC5,-0.6025733333333334,0.23655913978494622,TRAPPC5,-0.37724722239466707
NTC_1774,-0.7154400000000001,0.2950623685283952,NTC,-0.37924485356727483
NTC_1216,-0.9191733333333336,0.38665655063937165,NTC,-0.3793195131381708
NTC_1004,-0.42430666666666683,0.1271905185989361,NTC,-0.3799858249293178
NTC_426,-0.7353066666666668,0.3027325543237831,NTC,-0.3815806847770524
PDK1,-0.48097333333333303,0.1598877980364656,PDK1,-0.3829435987744767
NTC_420,-0.7075733333333334,0.28752347491665564,NTC,-0.3830283314981847
NTC_505,-0.6592399999999996,0.2586751735282048,NTC,-0.38713555920406295
HMOX2,-0.38117333333333336,0.09631165885828534,HMOX2,-0.3873945154699039
NTC_1892,-1.3055733333333328,0.5042465118903798,NTC,-0.3882214967428704
NEK9,-0.3746733333333334,0.09168631195726776,NEK9,-0.3887968305571412
NTC_411,-0.7058733333333334,0.2801156405678691,NTC,-0.3901098207418601
NTC_217,-0.5225066666666671,0.1789836519266249,NTC,-0.3904099980080644
NTC_1407,-1.0855066666666668,0.4334807127367144,NTC,-0.39407172534552637
NTC_243,-0.8302066666666668,0.33472847233967196,NTC,-0.39460332615826554
NTC_1582,-0.9347400000000001,0.37767618511607093,NTC,-0.39528322447581016
NTC_1010,-0.916773333333333,0.36882550643268,NTC,-0.3971270039695047
PDK4,-0.49537333333333367,0.1578287726418191,PDK4,-0.3971971851068768
STK39,-0.4637733333333336,0.13902897556026378,STK39,-0.3974049008252673
ROR1,-0.5459233333333335,0.18700327255726973,ROR1,-0.3975145082168383
NTC_1208,-0.3996400000000002,0.10085945052639704,NTC,-0.39815469884297416
PLA2G7,-0.7256733333333334,0.28260869565217384,PLA2G7,-0.39826003262946363
NTC_1576,-0.6671733333333334,0.2517879366079583,NTC,-0.39961352976013675
NTC_415,-1.102806666666667,0.4334807127367144,NTC,-0.40035214817278764
NTC_1043,-1.234373333333333,0.47319425686009076,NTC,-0.401122618823068
NTC_1074,-0.46260666666666683,0.13562154156307774,NTC,-0.4013905387062522
NTC_801,-0.7266733333333333,0.2801156405678691,NTC,-0.4016052036785022
CDKN2C,-0.5894733333333333,0.20812569007191667,CDKN2C,-0.4018288272793105
NTC_457,-0.6606066666666668,0.24502962432206343,NTC,-0.4034862685686993
NTC_1805,-1.27874,0.48342657054454485,NTC,-0.4036591949110408
KCNK2,-0.7841733333333334,0.30434782608695643,KCNK2,-0.4051273092312561
PTPRR,-0.8350733333333333,0.326086956521739,PTPRR,-0.4064022770246132
NTC_1206,-0.9171066666666667,0.36010501315221366,NTC,-0.40680176773099225
PPP1R26,-0.38400666666666705,0.08721016979499269,PPP1R26,-0.4068292841800096
TPI1,-0.7448733333333335,0.28260869565217384,TPI1,-0.4087972706334586
PIK3C2G,-0.8425733333333332,0.326086956521739,PIK3C2G,-0.4100522763193073
TTBK2,-1.2820133333333334,0.47872837774661064,TTBK2,-0.4101299468861657
NTC_1580,-0.8831066666666669,0.34305618987799824,NTC,-0.41032203658764144
NT5M,-0.7958733333333332,0.30434782608695643,NT5M,-0.4111718778444951
CLPX,-0.8458733333333335,0.326086956521739,CLPX,-0.4116582760089729
MAP3K8,-0.47492333333333336,0.13510986442262737,MAP3K8,-0.4128570000365765
CDK11B,-0.46197333333333335,0.12670123453403012,CDK11B,-0.4144913230623802
NTC_1474,-0.80084,0.3027325543237831,NTC,-0.41558861009944326
DUSP14,-0.44807333333333377,0.11636477574527768,DUSP14,-0.41858045789403064
NTC_1240,-0.7433733333333334,0.2728385659706112,NTC,-0.41933261681914186
NTC_1526,-0.9692400000000001,0.36882550643268,NTC,-0.4198544649285206
NTC_1497,-0.9931066666666668,0.37767618511607093,NTC,-0.41996534378375117
PTGIS,-0.6028233333333333,0.1963534361851332,PTGIS,-0.42617288445606005
PAPOLA,-1.093233333333333,0.40673211781206176,PAPOLA,-0.4271170057819855
NTC_1874,-0.8986399999999999,0.33472847233967196,NTC,-0.4271301921034084
SLC6A1,-0.8276733333333333,0.30434782608695643,SLC6A1,-0.4276007053574012
NTC_201,-0.5438066666666668,0.16351115716206643,NTC,-0.4276781712295088
NTC_1544,-1.0669733333333338,0.39576602610453004,NTC,-0.42952237468417304
VKORC1,-0.44094000000000033,0.10602488735042226,VKORC1,-0.4297366759807129
NTC_666,-0.5675733333333333,0.17370957359720418,NTC,-0.43145576573127914
FPGS,-0.8876733333333333,0.326086956521739,FPGS,-0.43200093874473516
NEK7,-0.5769733333333336,0.17765310892940625,NEK7,-0.43297647605819356
PRKCG,-0.7891733333333333,0.28260869565217384,PRKCG,-0.4331097520697594
NTC_1859,-0.7408399999999999,0.2586751735282048,NTC,-0.43505477167759565
EPOR,-0.6884066666666668,0.23259526722568707,EPOR,-0.43603618127685334
SYTL4,-0.43890666666666656,0.10108621049804542,SYTL4,-0.4368473534131834
CAT,-0.5339233333333331,0.15147265077138847,CAT,-0.4376386824681636
ALDH5A1,-0.5222733333333336,0.1451165289009579,ALDH5A1,-0.43781291842951
EPHA8,-0.5130066666666666,0.13902897556026378,EPHA8,-0.43959268210627495
NTC_568,-1.0420066666666665,0.37767618511607093,NTC,-0.44064419531130644
GOT2,-0.5386233333333337,0.15147265077138847,GOT2,-0.4414911116076792
NTC_1479,-0.5916733333333335,0.1789836519266249,NTC,-0.44209040692576435
KCNN4,-0.4937733333333334,0.12716222533894342,KCNN4,-0.4422440768258523
NTC_1268,-0.7255066666666665,0.24502962432206343,NTC,-0.4431259818072
NTC_423,-0.835973333333333,0.2950623685283952,NTC,-0.4431379072824367
AKAP13,-0.43900666666666677,0.09631165885828534,AKAP13,-0.4461717545510117
NTC_645,-0.7456066666666668,0.2517879366079583,NTC,-0.44659235762723787
CMAS,-0.5810233333333334,0.16877045348293593,CMAS,-0.44895881127913284
ADCK1,-0.9241733333333335,0.326086956521739,ADCK1,-0.44976426864558033
MTOR,-0.9281733333333335,0.326086956521739,MTOR,-0.45171093493608394
NTC_1424,-0.9757066666666669,0.34305618987799824,NTC,-0.45334721352513735
NTC_1814,-0.5504733333333331,0.14906901107957235,NTC,-0.45502820960508333
NTC_1048,-0.7922733333333336,0.2656918864313077,NTC,-0.4560497290663383
CACNA1D,-0.4320733333333333,0.08721016979499269,CACNA1D,-0.4577526906996506
NTC_472,-1.1986400000000001,0.4143696036917608,NTC,-0.45861417953393496
SLC25A12,-0.5289733333333335,0.13510986442262737,SLC25A12,-0.4598433645416763
MARCKS,-0.8386733333333334,0.28260869565217384,MARCKS,-0.46027606879880895
NTC_845,-0.8714733333333333,0.2950623685283952,NTC,-0.46195596652100085
NTC_649,-0.6922399999999995,0.21314858758001587,NTC,-0.46471285447183786
NTC_661,-1.19184,0.40500395561541536,NTC,-0.4678457496892163
SKP1,-1.0363083333333334,0.35343618513323993,SKP1,-0.4680890634484829
TBXA2R,-0.5999400000000006,0.16445346304198621,TBXA2R,-0.4703271486386621
MB,-0.9821733333333333,0.326086956521739,MB,-0.47799092985788205
GRID2,-0.5662733333333336,0.14305750350631133,GRID2,-0.4782118037701221
NTC_1694,-0.7996399999999997,0.2517879366079583,NTC,-0.4789564375135831
NTC_92,-0.7699733333333336,0.23839962620032018,NTC,-0.4794581058267274
DBH,-0.7004733333333335,0.20617110799438987,DBH,-0.4803651354115985
NTC_1917,-0.9520066666666667,0.310534197272332,NTC,-0.48351520534233966
NME5,-0.8814733333333336,0.28260869565217384,NME5,-0.4837653285160478
NTC_1642,-0.9133066666666667,0.2950623685283952,NTC,-0.4841312382058815
PPFIA4,-1.0805483333333332,0.35343618513323993,PPFIA4,-0.48807178432495385
NTC_704,-1.10114,0.36010501315221366,NTC,-0.4884335866267516
PPP1R9B,-0.4919066666666665,0.10108621049804542,PPP1R9B,-0.4895986818601548
NTC_1601,-0.7182400000000002,0.20714904818668411,NTC,-0.49107293964282306
NTC_135,-1.5597733333333337,0.48342657054454485,NTC,-0.49237284199840775
NTC_1141,-0.6593066666666667,0.1789836519266249,NTC,-0.49262512966986716
RXRB,-1.0158733333333334,0.326086956521739,RXRB,-0.4943915933553747
NTC_629,-0.7651066666666666,0.2255218446376277,NTC,-0.4948797026211553
NTC_85,-0.8161399999999999,0.24502962432206343,NTC,-0.49848313655577925
NTC_1555,-1.2408066666666668,0.39576602610453004,NTC,-0.4995009803343598
NTC_1955,-1.0055400000000003,0.3184673930827593,NTC,-0.49968804720688315
NTC_991,-0.7740399999999998,0.2255218446376277,NTC,-0.5006578843257746
STK17B,-0.5503399999999998,0.12178090776163052,STK17B,-0.5032423392274964
NTC_1118,-1.1357066666666666,0.36010501315221366,NTC,-0.5037663517408437
NTC_1541,-0.9754733333333339,0.3027325543237831,NTC,-0.5062129848522441
MAP3K14,-0.8187733333333336,0.23913043478260865,MAP3K14,-0.5087572122360777
SLC12A7,-0.9273733333333336,0.28260869565217384,SLC12A7,-0.5089559131193483
ISPD,-0.6252733333333333,0.15147265077138847,ISPD,-0.5125151509563989
HIBADH,-0.49430666666666623,0.09168631195726776,HIBADH,-0.5129398017560143
NTC_80,-0.5922066666666668,0.13562154156307774,NTC,-0.5138407422261544
STYXL1,-1.0614733333333333,0.326086956521739,STYXL1,-0.5165835890671153
NTC_607,-1.113373333333333,0.34305618987799824,NTC,-0.5173119294185347
NTC_1880,-1.1498400000000002,0.3515151262406778,NTC,-0.5220917302019137
PRODH,-0.5603400000000001,0.11636477574527768,PRODH,-0.5234575600192102
IP6K1,-0.9574733333333332,0.28260869565217384,IP6K1,-0.5254752289485276
NDST1,-0.5402733333333334,0.10602488735042226,NDST1,-0.5265461658903393
NDUFS3,-0.8971733333333334,0.25806451612903225,NDUFS3,-0.5277816881334219
NTC_1101,-0.7324733333333335,0.1898874846650891,NTC,-0.5284821896275494
NTC_1316,-1.1949066666666668,0.36010501315221366,NTC,-0.5300257450317093
NTC_817,-0.5844400000000003,0.12313083950837048,NTC,-0.531626003732496
NTC_371,-1.07274,0.3184673930827593,NTC,-0.5330820810317956
NTC_1798,-0.9102733333333335,0.2586751735282048,NTC,-0.5345536920219445
NTC_288,-1.3378400000000004,0.39576602610453004,NTC,-0.538562863564982
NTC_1818,-0.8658733333333335,0.23839962620032018,NTC,-0.539174501652708
MAPK8IP1,-0.5089733333333331,0.08721016979499269,MAPK8IP1,-0.5392230782452903
PTPN12,-0.7206233333333332,0.17765310892940625,PTPN12,-0.5407753416078885
NTC_480,-1.1671733333333334,0.34305618987799824,NTC,-0.5423092784383758
PDE4B,-1.1148733333333336,0.326086956521739,PDE4B,-0.5425715840453382
CDKN2D,-0.8764733333333332,0.23913043478260865,CDKN2D,-0.5446099811904748
PCCB,-0.4947733333333333,0.07870549968667004,PCCB,-0.5462272462950919
NTC_506,-1.466906666666667,0.4238621547619892,NTC,-0.5468266584154996
NTC_499,-0.9533399999999999,0.2656918864313077,NTC,-0.548763198780012
NTC_980,-1.1563733333333333,0.33472847233967196,NTC,-0.5496327383712336
DAPP1,-0.690573333333333,0.1598877980364656,DAPP1,-0.549823907391303
NTC_951,-0.5375733333333335,0.09419347814655565,NTC,-0.551539040326874
NTC_207,-0.7303066666666664,0.17370957359720418,NTC,-0.5551617801259009
PDPK1,-0.6928066666666663,0.1578287726418191,PDPK1,-0.5555019604539566
NTC_1717,-1.0126400000000002,0.2801156405678691,NTC,-0.5596482969692919
NTC_1565,-1.2327066666666666,0.3515151262406778,NTC,-0.5597178359001544
NTC_123,-0.7312066666666666,0.16855248337352358,NTC,-0.5654164093271129
NTC_1449,-0.9629733333333332,0.2586751735282048,NTC,-0.565501516744434
GART,-0.5338400000000001,0.08721016979499269,GART,-0.5655676422284062
PPP2R5E,-0.58094,0.10602488735042226,PPP2R5E,-0.5661795812224683
MAPK13,-0.5590733333333331,0.09631165885828534,MAPK13,-0.568198045715363
NTC_154,-0.8480399999999997,0.21314858758001587,NTC,-0.5693041273348802
NTC_885,-0.9179400000000002,0.23839962620032018,NTC,-0.5715961249687254
LMTK3,-0.48717333333333324,0.06700784816925785,LMTK3,-0.5718802694756236
SLC12A5,-0.977756666666667,0.2589149831398645,SLC12A5,-0.5737894762840346
NTC_841,-1.5873733333333342,0.4334807127367144,NTC,-0.5762644923729745
LCK,-0.5119400000000001,0.07466205126674823,LCK,-0.5769052281993073
NTC_434,-1.07124,0.28752347491665564,NTC,-0.5798908049588952
NTC_1371,-1.0495066666666668,0.2801156405678691,NTC,-0.5800231263409684
NTC_1254,-0.8673733333333336,0.21314858758001587,NTC,-0.5822829331244751
NTC_1718,-0.9986733333333335,0.2586751735282048,NTC,-0.5864661722016047
NTC_1853,-0.8744066666666663,0.21314858758001587,NTC,-0.5870045331617237
KCNJ5,-0.8561233333333336,0.20617110799438987,KCNJ5,-0.5871055775794878
TNFSF13B,-0.6561733333333333,0.12716222533894342,TNFSF13B,-0.5876963182251145
PGK2,-0.6587233333333335,0.12716222533894342,PGK2,-0.589980205020485
NTC_1860,-0.6914399999999996,0.13999581052938231,NTC,-0.5904102172177257
NTC_939,-0.9027400000000001,0.2192725592713909,NTC,-0.5949198460498839
NTC_1766,-0.892406666666667,0.21314858758001587,NTC,-0.5990882488968639
NTC_698,-0.8933733333333334,0.21314858758001587,NTC,-0.5997371891863433
HTR2C,-0.6904233333333334,0.13510986442262737,HTR2C,-0.6001939389977047
NTC_128,-1.614206666666667,0.4238621547619892,NTC,-0.601736468708772
PPM1L,-0.7868400000000002,0.17125719912864432,PPM1L,-0.6029957491268854
ACVR2A,-0.9723733333333335,0.23913043478260865,ACVR2A,-0.6041988987420641
KCND2,-0.5703399999999998,0.08721016979499269,KCND2,-0.6042369419087161
GRIK5,-0.6223233333333331,0.10518934081346423,GRIK5,-0.6086498108777115
NTC_1503,-0.7951400000000004,0.16855248337352358,NTC,-0.6148538083793376
NTC_735,-0.6976400000000003,0.13135359499575763,NTC,-0.6150101486384822
SLC8A1,-1.2384583333333334,0.3160355306217859,SLC8A1,-0.6195562294310951
NTC_1587,-0.8460733333333335,0.18437590589369712,NTC,-0.6212681229559672
NTC_1703,-1.063906666666667,0.2586751735282048,NTC,-0.6247741374020555
NTC_1711,-0.8978733333333335,0.2012730106544035,NTC,-0.6251123953575617
MUC2,-0.6156066666666669,0.09631165885828534,MUC2,-0.6256540673185673
NPSR1,-1.0083733333333336,0.23913043478260865,NPSR1,-0.6265680440169047
RPS6KA6,-0.8562266666666667,0.18543164930918205,RPS6KA6,-0.6266004931963552
NTC_1633,-0.7599066666666667,0.14906901107957235,NTC,-0.6281484480028708
LARS2,-1.2173733333333332,0.30434782608695643,LARS2,-0.6289313368599012
EARS2,-0.7037733333333334,0.12716222533894342,EARS2,-0.6303288717386915
NTC_1149,-0.6829066666666668,0.11917306592012594,NTC,-0.6308841258426332
GLUD1,-0.6612066666666667,0.1111127689415416,GLUD1,-0.6309472243504692
NTC_102,-0.8300399999999994,0.17370957359720418,NTC,-0.6309766910371477
NTC_833,-0.7158399999999996,0.13135359499575763,NTC,-0.6310545049042066
NTC_155,-1.6185066666666663,0.40500395561541536,NTC,-0.6353297966536288
NTC_1283,-1.3741066666666666,0.34305618987799824,NTC,-0.6384576939992018
PADI1,-0.7164233333333332,0.12716222533894342,PADI1,-0.6416587415274885
CDKN2B,-0.4743400000000002,0.04434364835427172,CDKN2B,-0.6418619834607184
HSD17B7,-1.0370733333333333,0.23913043478260865,HSD17B7,-0.6444012237221247
DSTN,-0.6344733333333337,0.09631165885828534,DSTN,-0.6448286594337876
EGFR,-0.7031233333333335,0.11968209443665263,EGFR,-0.6482591956739295
BDKRB2,-0.7910233333333334,0.15147265077138847,BDKRB2,-0.6483747530573838
GOT1,-0.7041733333333333,0.11968209443665263,GOT1,-0.649227265034152
NTC_1634,-1.1533733333333336,0.2728385659706112,NTC,-0.6506112559450833
NTC_1933,-1.3106399999999998,0.3184673930827593,NTC,-0.6513029239923116
NTC_1581,-1.0735400000000004,0.24502962432206343,NTC,-0.6556982704169524
NTC_1199,-1.4855066666666668,0.36010501315221366,NTC,-0.6589274289899109
NTC_1435,-1.1699733333333335,0.2728385659706112,NTC,-0.6599752203584751
PDF,-0.6670399999999996,0.10108621049804542,PDF,-0.6639103042880714
NTC_937,-1.4971400000000004,0.36010501315221366,NTC,-0.6640876363426768
CAMKK1,-0.6407400000000001,0.09168631195726776,CAMKK1,-0.6648930122538281
NTC_779,-1.0897066666666668,0.24502962432206343,NTC,-0.6655725698112372
NTC_622,-1.3304400000000003,0.310534197272332,NTC,-0.6757179254301396
NTC_769,-1.4895400000000003,0.3515151262406778,NTC,-0.6763345472456678
NTC_172,-1.087473333333333,0.23839962620032018,NTC,-0.6771635873152451
G6PC3,-0.7792233333333334,0.13510986442262737,G6PC3,-0.6773889282308749
NTC_1785,-0.7292066666666668,0.11531568876485654,NTC,-0.6840772347479797
NTC_773,-1.2918066666666665,0.2950623685283952,NTC,-0.6847688557212754
DUSP2,-1.2481733333333334,0.28260869565217384,DUSP2,-0.6850155981027639
NT5C,-0.7435733333333334,0.11968209443665263,NT5C,-0.6855529153129835
AASS,-0.8124233333333333,0.14305750350631133,AASS,-0.6860828592639625
NTC_1638,-1.4149733333333332,0.3265321669468846,NTC,-0.6877817898845836
S100A1,-0.6376066666666671,0.08288323237146011,S100A1,-0.6895928551655095
NTC_1226,-0.8495400000000002,0.15377072840829212,NTC,-0.6907833410186871
NMT2,-1.0499733333333334,0.21739130434782605,NMT2,-0.6958780497234747
FGG,-1.2689733333333333,0.28260869565217384,FGG,-0.6964309392737583
CKMT2,-0.6664400000000001,0.08721016979499269,CKMT2,-0.7060484405190675
NTC_902,-0.8437066666666668,0.14447783177133525,NTC,-0.7088813158827852
NTC_1844,-1.2577733333333336,0.2728385659706112,NTC,-0.7095026947859329
NTC_1485,-1.4602733333333338,0.3265321669468846,NTC,-0.7098009434246542
PPAP2C,-1.0747733333333334,0.21739130434782605,PPAP2C,-0.7123144439491776
NTC_1406,-0.8081066666666668,0.13135359499575763,NTC,-0.7123929264124977
GRID1,-0.6330400000000003,0.07466205126674823,GRID1,-0.7133728281816026
NTC_387,-0.6942733333333337,0.09099551181146143,NTC,-0.7227246739300032
ALDH1B1,-1.0901233333333331,0.21598877980364653,ALDH1B1,-0.7255520886465673
GNPDA1,-1.0979733333333335,0.21739130434782605,GNPDA1,-0.7276904256441903
NTC_402,-1.14664,0.23189727425853268,NTC,-0.7277774028423898
PPIC,-0.6880066666666669,0.08721016979499269,PPIC,-0.7288968760379358
MAPK8IP2,-0.7737233333333338,0.11220196353436185,MAPK8IP2,-0.7350368129667221
EGLN2,-0.8976733333333331,0.15138312792814299,EGLN2,-0.7360225865139002
CTDSPL,-0.5787733333333334,0.05329593267882187,CTDSPL,-0.7369555193315638
KLK6,-1.1945733333333335,0.23913043478260865,KLK6,-0.7422662342995523
NTC_1168,-1.1860733333333333,0.23189727425853268,NTC,-0.7528059112833577
NTC_673,-1.4285400000000004,0.2950623685283952,NTC,-0.7572493054833318
NTC_1353,-1.1289400000000005,0.21314858758001587,NTC,-0.7578772245571438
NTC_497,-0.9171066666666667,0.14906901107957235,NTC,-0.7580919533799145
NTC_662,-0.7325733333333333,0.09099551181146143,NTC,-0.7625942090000315
SNRPA,-1.0805733333333336,0.19565217391304346,SNRPA,-0.7656027634730482
NTC_1608,-1.3314733333333328,0.2656918864313077,NTC,-0.7664249538362862
NTC_1776,-1.1013733333333335,0.2012730106544035,NTC,-0.7667920373879117
NTC_881,-1.16464,0.2192725592713909,NTC,-0.7675160616606516
PVR,-1.2360733333333336,0.23913043478260865,PVR,-0.7680528878802713
NTC_708,-0.7387733333333335,0.09099551181146143,NTC,-0.7690482851732479
NTC_585,-1.1107066666666667,0.2012730106544035,NTC,-0.7732900389879932
NTC_653,-1.139873333333333,0.20714904818668411,NTC,-0.7793508418083972
NTC_1200,-0.7285066666666671,0.08486166997753507,NTC,-0.7804407603238255
TPD52L3,-1.1018733333333333,0.19565217391304346,TPD52L3,-0.7806941398368079
NTC_1762,-1.0454733333333333,0.1789836519266249,NTC,-0.7811637018682073
NTC_969,-1.3582733333333334,0.2656918864313077,NTC,-0.7818516156015584
PDXK,-1.2594733333333332,0.23913043478260865,PDXK,-0.7825928323089174
HPN,-0.9336733333333336,0.1451165289009579,HPN,-0.7826825932649735
NTC_579,-0.7062733333333333,0.07629220917666418,NTC,-0.7892744406765765
NTC_1219,-1.1566066666666663,0.20714904818668411,NTC,-0.7907917072433817
NTC_491,-0.7498733333333334,0.08788544025117526,NTC,-0.7919285300185276
CLPS,-1.1179733333333335,0.19565217391304346,CLPS,-0.7921012365249083
IDE,-1.2785733333333336,0.23913043478260865,IDE,-0.7944609066075137
NTC_767,-1.7539066666666665,0.3515151262406778,NTC,-0.796371813654657
PTPMT1,-1.2039733333333333,0.21739130434782605,PTPMT1,-0.797942755802437
ACAT1,-0.6274733333333331,0.05329593267882187,ACAT1,-0.7989655182801106
CACNG1,-1.2063733333333335,0.21739130434782605,CACNG1,-0.799533374598473
NTC_1588,-1.1167066666666665,0.1898874846650891,NTC,-0.8057079452790296
DGKQ,-0.6894733333333334,0.06700784816925785,DGKQ,-0.8093550461086881
NTC_482,-0.8034399999999997,0.0974809293134194,NTC,-0.8123423877387255
KCNQ1,-0.8205733333333334,0.10108621049804542,KCNQ1,-0.816723272103638
NTC_438,-0.9431066666666665,0.13562154156307774,NTC,-0.8183066096268773
NTC_1170,-1.6484066666666668,0.3184673930827593,NTC,-0.8191510116648507
GSK3A,-0.838823333333333,0.10518934081346423,GSK3A,-0.8203929305663372
HK1,-0.7295400000000001,0.07466205126674823,HK1,-0.8221186861361149
FOLH1,-1.3248733333333336,0.23913043478260865,FOLH1,-0.8232301128915447
KCNK6,-0.7462066666666667,0.07870549968667004,KCNK6,-0.8238083688834744
MAP4K2,-1.2514733333333332,0.21739130434782605,MAP4K2,-0.8294237528073117
NTC_1365,-1.1119733333333337,0.1789836519266249,NTC,-0.8308516130926953
NTC_317,-0.8746066666666663,0.10789601102845955,NTC,-0.8457399335099511
PTPRS,-0.8410233333333332,0.09817671809256662,PTPRS,-0.8477443627548584
CA5B,-0.9343233333333334,0.11968209443665263,CA5B,-0.861418849086767
NTC_985,-1.2843066666666663,0.21314858758001587,NTC,-0.8621775931524877
CCKAR,-0.8137733333333337,0.08508648901355773,CCKAR,-0.8708509038914803
NDUFB1,-1.3140733333333334,0.21739130434782605,NDUFB1,-0.8709123930705784
NTC_1799,-1.0040066666666667,0.13562154156307774,NTC,-0.8711477932253501
NTC_770,-1.2327066666666666,0.1955194972403641,NTC,-0.8737547238703518
NTC_1086,-1.3332399999999995,0.2192725592713909,NTC,-0.8786261111145477
VKORC1L1,-1.0475733333333332,0.14305750350631133,VKORC1L1,-0.8846645318188138
F3,-0.7263733333333335,0.05989078213124048,F3,-0.8880931033802498
ARSA,-1.2658733333333334,0.19565217391304346,ARSA,-0.8968906526845369
NTC_184,-1.0024400000000004,0.1271905185989361,NTC,-0.897730392347073
IFNGR2,-0.7809400000000002,0.06700784816925785,IFNGR2,-0.9167254180119884
PFKL,-0.9406733333333333,0.10602488735042226,PFKL,-0.9167728748817604
NPR3,-1.4774733333333332,0.23913043478260865,NPR3,-0.9180504342510075
NTC_1491,-1.74824,0.2950623685283952,NTC,-0.9267178558655548
NTC_1136,-1.4937400000000003,0.23839962620032018,NTC,-0.9301435776965639
TAOK2,-1.3164733333333336,0.19565217391304346,TAOK2,-0.9327415279899949
NTC_962,-1.1911733333333339,0.16351115716206643,NTC,-0.936801374540017
CDKN3,-1.3231733333333335,0.19565217391304346,CDKN3,-0.9374885806490179
NTC_328,-1.1717400000000002,0.14906901107957235,NTC,-0.9685750826367501
NTC_1352,-1.0720733333333334,0.12313083950837048,NTC,-0.9751934534052699
NTC_647,-1.140106666666667,0.13562154156307774,NTC,-0.9892378603477169
PLEKHA1,-0.7552066666666666,0.04720837933812777,PLEKHA1,-1.0013896220670229
MAST1,-1.01024,0.10108621049804542,MAST1,-1.0055000386843094
NTC_949,-1.5289066666666669,0.2192725592713909,NTC,-1.0075735192391768
PPIG,-1.1643733333333337,0.13510986442262737,PPIG,-1.012204807770915
PRKCZ,-0.7639066666666667,0.04720837933812777,PRKCZ,-1.0129256559720685
NTC_918,-1.4438066666666667,0.1955194972403641,NTC,-1.0233844997097226
NTC_8,-1.0286399999999998,0.10085945052639704,NTC,-1.0248169588075182
NTC_1528,-1.480773333333333,0.2012730106544035,NTC,-1.0309358024312274
HTR6,-0.9937733333333334,0.09163160355306217,HTR6,-1.0314917152007663
NTC_899,-1.4057400000000002,0.18437590589369712,NTC,-1.0322290240768588
NTC_321,-0.9253733333333334,0.07629220917666418,NTC,-1.0341230308620164
HCRT,-1.8173400000000002,0.26810599504640265,HCRT,-1.0389614194309955
SPTBN1,-1.4667733333333333,0.19565217391304346,SPTBN1,-1.0392313809230047
RPS6KA1,-0.9041066666666664,0.07076780758556891,RPS6KA1,-1.0398711741425273
MCFD2,-1.6758733333333335,0.23913043478260865,MCFD2,-1.0413292793212403
CDC25C,-1.4745733333333333,0.19565217391304346,CDC25C,-1.0447578004364941
WNK1,-0.8219400000000001,0.05329593267882187,WNK1,-1.0465810787632215
PPIA,-0.9891400000000004,0.08721016979499269,PPIA,-1.0479274270077283
NTC_874,-1.4063733333333333,0.1789836519266249,NTC,-1.0508233584233588
CERKL,-0.8599066666666668,0.05989078213124048,CERKL,-1.0513563000899895
NTC_1837,-0.8839066666666668,0.06358705943077098,NTC,-1.0577103468436284
LIPA,-0.7363733333333333,0.03645071767479335,LIPA,-1.0591212855900538
NTC_35,-1.2866733333333333,0.14906901107957235,NTC,-1.0635804275349785
ATP8A1,-0.7577733333333332,0.03897227775954164,ATP8A1,-1.0678876831353916
NTC_695,-1.535673333333333,0.2012730106544035,NTC,-1.0691579761288499
MGST1,-1.4361066666666669,0.17825490137566768,MGST1,-1.0755843232821471
SLC29A1,-0.8643733333333334,0.05653367550953418,SLC29A1,-1.07847236564841
NME6,-1.0082233333333335,0.08508648901355773,NME6,-1.078939509557716
GNAT1,-0.7813733333333333,0.04159828116140968,GNAT1,-1.0790176687432238
NTC_1662,-1.0653066666666668,0.09419347814655565,NTC,-1.0929824456579338
EPN1,-0.8945400000000001,0.05989078213124048,EPN1,-1.0937003992865495
CD33,-1.5490733333333333,0.19565217391304346,CD33,-1.0975421919435417
NTC_1552,-1.2920400000000005,0.13999581052938231,NTC,-1.103253524606605
NTC_1201,-1.70614,0.2255218446376277,NTC,-1.103550776140222
SERPINA5,-0.9730733333333337,0.0729312762973352,SERPINA5,-1.1064682455095287
NTC_305,-1.8517066666666673,0.2517879366079583,NTC,-1.1091076339187875
TLR2,-1.75907,0.23259526722568707,TLR2,-1.1141934012821988
PDXP,-0.87704,0.05329593267882187,PDXP,-1.1167402356844731
ABCE1,-1.5779733333333334,0.19565217391304346,ABCE1,-1.118018284756343
NTC_1279,-1.099506666666667,0.09419347814655565,NTC,-1.1280709331433854
NTC_1864,-1.466906666666667,0.16855248337352358,NTC,-1.134307355355081
NTC_49,-1.3731733333333334,0.14906901107957235,NTC,-1.1350824199975376
DDR1,-0.8241733333333334,0.04159828116140968,DDR1,-1.1381212422235194
ODC1,-1.0080733333333338,0.0729312762973352,ODC1,-1.1462662620271262
NTC_739,-1.0720733333333334,0.08486166997753507,NTC,-1.1484997539115143
NTC_269,-1.2272066666666666,0.11531568876485654,NTC,-1.1512568128801421
NTC_1512,-0.9385733333333333,0.05902016213157248,NTC,-1.1535062529305447
INPP5J,-1.2539233333333333,0.11968209443665263,INPP5J,-1.1560807229221601
NTC_1235,-1.43134,0.15377072840829212,NTC,-1.163860238874788
ACVR1,-1.6498733333333333,0.19565217391304346,ACVR1,-1.1689605364255604
CYP4A11,-1.7797733333333334,0.21739130434782605,CYP4A11,-1.1795587152846874
NTC_557,-0.9871733333333332,0.06358705943077098,NTC,-1.1812824681279854
NTC_1899,-1.0223066666666667,0.06844204686844685,NTC,-1.1906570725196677
FDX1,-1.6860733333333333,0.19565217391304346,FDX1,-1.19460879109073
NTC_659,-0.8349733333333331,0.036986175366317486,NTC,-1.195648894928953
NTC_1663,-0.7867066666666664,0.030131007783660336,NTC,-1.1965700954386467
ADRB3,-0.9212733333333332,0.05019247411297782,ADRB3,-1.1970670047976224
NTC_1049,-0.9499066666666667,0.054728929287313065,NTC,-1.1985761294474067
NDUFC2,-1.4731733333333334,0.15217391304347827,NDUFC2,-1.2045546008231807
MAGI2,-0.9683233333333332,0.0565684899485741,MAGI2,-1.2079111352161909
NTC_1952,-1.6457066666666664,0.18437590589369712,NTC,-1.2084355474341721
PIP4K2A,-1.0710233333333337,0.0729312762973352,PIP4K2A,-1.2178458374494903
NTC_1872,-1.5756066666666664,0.16855248337352358,NTC,-1.2183612439417872
NTC_400,-1.363373333333333,0.1271905185989361,NTC,-1.2209625288784058
PACSIN1,-0.96014,0.05329593267882187,PACSIN1,-1.222551958736306
GSTK1,-1.7344733333333333,0.19565217391304346,GSTK1,-1.2289009326872549
NTC_1129,-1.4869400000000002,0.14906901107957235,NTC,-1.2291233834945372
NTC_1308,-1.0054399999999997,0.05902016213157248,NTC,-1.2356853596378403
MAPK14,-1.1271233333333335,0.07900888265544646,MAPK14,-1.242455191415697
DUT,-1.7566733333333335,0.19565217391304346,DUT,-1.2446299728410328
NQO2,-1.6614733333333334,0.17765310892940625,NQO2,-1.2468147613950848
NTC_114,-1.9652733333333336,0.23189727425853268,NTC,-1.2473675455319364
NTC_1834,-1.4019066666666666,0.1271905185989361,NTC,-1.255470872970595
NTC_343,-1.0255066666666663,0.05902016213157248,NTC,-1.2603472849807078
DCTD,-1.1809233333333333,0.08508648901355773,DCTD,-1.2637525833481962
NTC_1056,-1.5341066666666667,0.14906901107957235,NTC,-1.2681119458585144
ATM,-1.2596233333333333,0.09817671809256662,ATM,-1.2696896004008815
NTC_1459,-1.79244,0.1955194972403641,NTC,-1.2704992676718225
NTC_115,-1.4657733333333334,0.13135359499575763,NTC,-1.2921642618021565
TMPRSS15,-1.8301733333333332,0.19565217391304346,TMPRSS15,-1.296705849025838
NTC_262,-1.6821066666666664,0.16855248337352358,NTC,-1.3007139498708054
NTC_1457,-1.53574,0.13999581052938231,NTC,-1.3113452895261348
NTC_1042,-1.6985066666666664,0.16855248337352358,NTC,-1.3133954933190297
ABO,-0.9731066666666668,0.04434364835427172,ABO,-1.3167773647289172
NTC_627,-0.9601733333333331,0.04007861875001354,NTC,-1.341445925819173
ACHE,-0.9009733333333334,0.03175076840440452,ACHE,-1.3498794763852648
NTC_340,-1.2628400000000002,0.08486166997753507,NTC,-1.352865875993822
NTC_1848,-1.1071399999999998,0.05902016213157248,NTC,-1.36067461914131
PRKACG,-1.1672233333333333,0.06732117812061711,PRKACG,-1.3678086701051364
ROCK2,-1.6765733333333332,0.15217391304347827,ROCK2,-1.3708666024483127
CDK19,-2.743388333333333,0.3160355306217859,CDK19,-1.3724186643328782
TYK2,-1.6927733333333332,0.15217391304347827,TYK2,-1.3841126910733232
NTC_163,-1.6754733333333336,0.14906901107957235,NTC,-1.384967417933163
NTC_971,-1.5537400000000003,0.1271905185989361,NTC,-1.3914444952369627
ENPP3,-0.9290066666666665,0.03175076840440452,ENPP3,-1.3918802991857917
NTC_99,-1.1551733333333334,0.06126837972576061,NTC,-1.4009521757406067
NTC_1062,-1.87764,0.1789836519266249,NTC,-1.402947513256344
NTC_1272,-1.1832733333333336,0.06358705943077098,NTC,-1.415941857900702
NTC_183,-1.7816066666666663,0.1585843361106538,NTC,-1.4248216017399524
MARK3,-1.08454,0.04720837933812777,MARK3,-1.4380793346411611
NTC_315,-1.7433399999999994,0.14906901107957235,NTC,-1.4410668617303763
HK2,-1.0059399999999998,0.03645071767479335,HK2,-1.4468373823420075
STK32B,-1.5087733333333335,0.10869565217391304,STK32B,-1.4541373728902447
NTC_1895,-1.4821400000000002,0.10433062071164628,NTC,-1.4548511477749762
BRDT,-1.0675233333333334,0.04207573632538569,BRDT,-1.4688782396300466
NTC_1182,-1.8418400000000004,0.1585843361106538,NTC,-1.4729925903671488
NTC_1241,-0.9820066666666665,0.03140724243175525,NTC,-1.4759267494785524
NTC_853,-1.460173333333333,0.0974809293134194,NTC,-1.4763525491790477
RPIA,-1.8154733333333333,0.15217391304347827,RPIA,-1.4844395475109031
NTC_1243,-2.0601733333333336,0.1898874846650891,NTC,-1.4864225967893536
NTC_1942,-1.3552733333333333,0.0790666504034117,NTC,-1.4935202385831818
NTC_425,-1.91214,0.16351115716206643,NTC,-1.5038074897968507
NTC_1150,-1.3981733333333337,0.0819226054474877,NTC,-1.519249892388141
NTC_860,-1.73704,0.13135359499575763,NTC,-1.5313015718579621
NTC_984,-1.5148733333333335,0.0974809293134194,NTC,-1.5316586437340967
PAICS,-1.1931733333333332,0.051425899953249185,PAICS,-1.537783387737302
NTC_129,-1.7212733333333334,0.1271905185989361,NTC,-1.5414781781152855
SPHKAP,-1.0748400000000005,0.03645071767479335,SPHKAP,-1.5459358331873514
PDE8A,-1.2843733333333334,0.061711079943899017,PDE8A,-1.5536253174801204
ETNK1,-1.6535733333333336,0.10869565217391304,ETNK1,-1.5936938502898812
NTC_1563,-1.4509400000000001,0.0790666504034117,NTC,-1.5989455423283976
NTC_224,-1.4781399999999993,0.0819226054474877,NTC,-1.606141372029175
NTC_431,-1.3294399999999995,0.06126837972576061,NTC,-1.6122964465793803
LALBA,-2.2971233333333334,0.1963534361851332,LALBA,-1.6239777440344374
PPFIA2,-1.1305066666666668,0.03645071767479335,PPFIA2,-1.6260008612046333
NTC_1954,-1.333006666666667,0.05902016213157248,NTC,-1.6382646625354467
NTC_1109,-1.3034399999999997,0.054728929287313065,NTC,-1.6446584964490483
NTC_1376,-1.5444733333333334,0.08486166997753507,NTC,-1.6545764063928114
NTC_1415,-1.3128733333333331,0.054728929287313065,NTC,-1.6565613165378155
DAPK3,-1.7413733333333332,0.10869565217391304,DAPK3,-1.6783144215308206
NTC_1672,-1.2993066666666668,0.05070110408218685,NTC,-1.6825795036197089
NTC_1356,-1.959706666666667,0.13562154156307774,NTC,-1.700381277052284
SMG1,-1.068506666666667,0.02548416937721942,SMG1,-1.7029106138832784
GP9,-1.7706733333333333,0.10869565217391304,GP9,-1.7065534048720454
ACSL1,-1.7915733333333335,0.10869565217391304,ACSL1,-1.7266965704635677
NTC_166,-1.8852400000000005,0.11917306592012594,NTC,-1.7416259753459222
NTC_107,-1.5847400000000005,0.0790666504034117,NTC,-1.7463940333504524
TPK1,-1.8501233333333333,0.11220196353436185,TPK1,-1.7576163209011417
NTC_1661,-1.542406666666667,0.070981496003698,NTC,-1.7720013823185055
STK11IP,-1.8504733333333334,0.10869565217391304,STK11IP,-1.7834636734942209
NTC_1951,-1.530373333333333,0.06597775951184201,NTC,-1.8067624859558329
HBA1,-1.140906666666667,0.02548416937721942,HBA1,-1.8182966309212154
ABAT,-1.1184066666666665,0.02358926919518964,ABAT,-1.8199669668901368
NTC_198,-1.699973333333333,0.08486166997753507,NTC,-1.8211617566486147
NTC_1644,-1.47634,0.054728929287313065,NTC,-1.8628207854965233
NTC_672,-1.6452400000000003,0.07359768795363787,NTC,-1.8642803907475465
NTC_1104,-1.3980399999999995,0.045126935839927856,NTC,-1.8811525105150582
NTC_40,-1.8607066666666667,0.0974809293134194,NTC,-1.8813239277125426
NTC_1710,-1.22364,0.02771176156279807,NTC,-1.9056184595592156
NTC_582,-1.26294,0.028899597946176057,NTC,-1.9438013090289301
NTC_621,-1.5648400000000007,0.054728929287313065,NTC,-1.974488585269234
NTC_1902,-1.4423066666666666,0.04170536417096981,NTC,-1.9901063956716523
NTC_465,-1.6637399999999998,0.06358705943077098,NTC,-1.9908832898544544
DCLK2,-2.7150733333333337,0.17765310892940625,DCLK2,-2.037464846624176
HNMT,-2.1199733333333333,0.10869565217391304,HNMT,-2.0432044929638478
NTC_999,-1.679006666666667,0.05902016213157248,NTC,-2.0634985247596402
SLC13A2,-1.4610233333333333,0.037868162692847124,SLC13A2,-2.0771745172784946
NTC_643,-1.7427066666666664,0.06358705943077098,NTC,-2.085377271559633
NTC_354,-1.7500399999999998,0.06126837972576061,NTC,-2.122384818699437
NTC_1793,-1.67504,0.04878219232028562,NTC,-2.197214768525994
NTC_190,-1.5178066666666665,0.03551771797360265,NTC,-2.2001441600959555
NTC_1855,-1.4906066666666669,0.03272957398220172,NTC,-2.2136398110511935
EGLN1,-1.722406666666667,0.05019247411297782,EGLN1,-2.2380287314406777
F5,-2.3905233333333333,0.11220196353436185,F5,-2.2709960738626433
NTC_1890,-1.4765733333333335,0.02771176156279807,NTC,-2.29952061136681
DGKB,-1.6211733333333336,0.037868162692847124,DGKB,-2.3048638986542094
CA1,-2.0224733333333336,0.06521739130434782,CA1,-2.397918359930081
NTC_1230,-1.8300733333333334,0.04878219232028562,NTC,-2.4005779894722483
COX6A2,-2.0443733333333336,0.06521739130434782,COX6A2,-2.423883800965547
NTC_214,-1.536306666666666,0.025461909005551182,NTC,-2.449040342858976
SCGB1A1,-2.0893733333333335,0.06521739130434782,SCGB1A1,-2.4772374469288327
NTC_30,-1.175173333333333,0.007743643240367329,NTC,-2.4808551460429706
NTC_299,-1.91214,0.04878219232028562,NTC,-2.508228010966481
PFKFB1,-1.8285233333333335,0.04207573632538569,PFKFB1,-2.5159900970056532
ALPL,-1.3830400000000003,0.014174450180537737,ALPL,-2.5565408349501637
TYR,-1.6389233333333335,0.026180458158017762,TYR,-2.592814011238159
PDE3B,-2.326573333333333,0.06521739130434782,PDE3B,-2.7584704429841977
NTC_448,-1.4386733333333335,0.011915311170832561,NTC,-2.7678558736779437
NTC_863,-2.0701733333333334,0.04338766183267796,NTC,-2.820888059455107
GCA,-2.0823733333333334,0.043478260869565216,GCA,-2.8356257329807417
NTC_1949,-1.8512733333333338,0.028899597946176057,NTC,-2.8493099661929193
ACADS,-2.3953733333333336,0.05989078213124048,ACADS,-2.9286792889161126
NTC_1363,-1.7645399999999998,0.020516314955451958,NTC,-2.978368199715884
NTC_925,-2.064173333333333,0.03551771797360265,NTC,-2.99213266386088
RAF1,-2.2662733333333334,0.043478260869565216,RAF1,-3.086047482024377
NTC_1680,-1.7319066666666667,0.016430203183185332,NTC,-3.0903398980652743
GLDC,-2.274073333333334,0.043478260869565216,GLDC,-3.096668959145315
CALY,-1.6785066666666664,0.012906209901226467,CALY,-3.171036936418932
NTC_660,-1.9461733333333338,0.023371863487551704,NTC,-3.1748055182738177
PCSK2,-1.8097733333333332,0.016830294530154277,PCSK2,-3.2103719078080135
L3MBTL1,-1.4082066666666662,0.004685028796514578,L3MBTL1,-3.2801185175446927
NTC_222,-2.036706666666667,0.023371863487551704,NTC,-3.3224931478037614
NTC_456,-2.424806666666667,0.04170536417096981,NTC,-3.3457678364290957
NEK6,-1.8063733333333332,0.014025245441795231,NEK6,-3.3473715110036135
AKAP11,-2.4623733333333337,0.043478260869565216,AKAP11,-3.3530823106674275
CA8,-1.907773333333333,0.016830294530154277,CA8,-3.384214919620829
CDK4,-1.9814400000000005,0.018486467130196055,CDK4,-3.434124962960481
GAPDH,-2.698573333333333,0.043478260869565216,GAPDH,-3.6747224255347817
NTC_821,-2.6371400000000005,0.03272957398220172,NTC,-3.9163101989674525
GABRR3,-2.9030733333333334,0.043478260869565216,GABRR3,-3.95319576800038
TESK2,-1.6619066666666673,0.004088209841544568,TESK2,-3.9694089323190904
TRAF3IP3,-3.0696733333333333,0.043478260869565216,TRAF3IP3,-4.180059625480911
PPAP2A,-3.2948733333333333,0.043478260869565216,PPAP2A,-4.4867207341520725
ENPP1,-2.6176733333333333,0.016830294530154277,ENPP1,-4.64351241029346
NTC_9,-2.147806666666667,0.0051905592293614265,NTC,-4.907278278104206
GUCY2C,-3.7775733333333337,0.021739130434782608,GUCY2C,-6.28118964475147
F2,-3.8434733333333337,0.021739130434782608,F2,-6.390765385859286
CD247,-2.57684,0.0030437766703470506,CD247,-6.4848426017435745
GABRE,-4.598673333333333,0.021739130434782608,GABRE,-7.64648010034521
GSK3B,-5.155173333333334,0.021739130434782608,GSK3B,-8.571804833676007
