index,epsilon,pvalue,gene,product
NTC_1373,1.8393183333333332,0.016430203183185332,NTC,3.2820006644370308
NTC_766,1.4009183333333333,0.006352563378665696,NTC,3.0778890158643684
DUSP11,1.8307116666666665,0.02179881233027961,DUSP11,3.041850398524149
NTC_1293,1.8360443333333332,0.02238386699491396,NTC,3.0295922788452954
NTC_736,1.5368049999999998,0.011369503929409074,NTC,2.9879461593469223
KRT12,1.7982653333333332,0.022907900888265543,KRT12,2.949181589336612
NTC_1651,1.5673483333333331,0.013694665289556136,NTC,2.9206730227363735
LIMK1,1.9361183333333332,0.03175076840440452,LIMK1,2.900781083442993
PKM,2.0853316666666664,0.04159828116140968,PKM,2.8796858269070116
NTC_383,1.5634683333333332,0.016430203183185332,NTC,2.7897857678213707
GABRD,1.6761288333333333,0.022907900888265543,GABRD,2.748875933375194
PDE1B,1.9161613333333332,0.04207573632538569,PDE1B,2.636577204701689
SEC14L2,2.2780183333333337,0.07076780758556891,SEC14L2,2.620095267890445
NTC_496,1.3407216666666666,0.01248422559922078,NTC,2.5522492375352157
NTC_655,1.869195,0.045126935839927856,NTC,2.515121789714311
GIT1,1.8875063333333333,0.04675081813931744,GIT1,2.5107812805470613
NTC_1447,1.6744316666666665,0.03272957398220172,NTC,2.4866309007639846
NTC_1935,1.5060516666666666,0.02238386699491396,NTC,2.4850829677907678
UCKL1,1.609848333333333,0.03175076840440452,UCKL1,2.4119484393837305
NTC_83,1.253645,0.011915311170832561,NTC,2.4118808602070785
CCL8,1.7624403333333332,0.043478260869565216,CCL8,2.3999640612201247
NTC_1359,1.2617949999999998,0.013077064263405883,NTC,2.3765779390627313
NTC_1828,2.461565,0.11155718335859915,NTC,2.3446467167493976
CHEK2,1.8093193333333333,0.05329593267882187,CHEK2,2.303817042250228
SRPK1,1.6544028333333332,0.04207573632538569,SRPK1,2.2764058129554963
PANK2,2.0009723333333334,0.0729312762973352,PANK2,2.2752779992358647
RIPK4,2.2955416666666664,0.10602488735042226,RIPK4,2.2372169578821564
NTC_727,1.2872916666666665,0.018786125545901613,NTC,2.222074961541725
ALLC,2.0317393333333333,0.08508648901355773,ALLC,2.174244304194296
NTC_742,1.5171283333333332,0.036986175366317486,NTC,2.172467961310626
PTK7,1.8263173333333331,0.06521739130434782,PTK7,2.1653486315395396
ACSL3,1.8206083333333332,0.06521739130434782,ACSL3,2.158579832321664
NTC_808,1.2137883333333332,0.01718493769346707,NTC,2.1421568139329725
NTC_1654,1.2516149999999997,0.019634580778898028,NTC,2.136479728795336
CASK,1.7885603333333333,0.06521739130434782,CASK,2.120582551303189
TAOK1,1.798487,0.06700784816925785,TAOK1,2.1111977192410767
RENBP,1.8557033333333333,0.0729312762973352,RENBP,2.1100946260502975
NTC_468,1.1509749999999999,0.015007613416494993,NTC,2.099019716920666
S100A13,1.7078038333333332,0.061711079943899017,S100A13,2.065822455119176
EPHA1,1.731458333333333,0.06521739130434782,EPHA1,2.0528803314855097
NTC_1333,1.6909983333333332,0.06126837972576061,NTC,2.0507812342076277
NTC_1724,1.196278333333333,0.019634580778898028,NTC,2.0420212358942145
AVPR1B,2.1930913333333333,0.11968209443665263,AVPR1B,2.021966213304634
DUSP13,1.9990083333333333,0.09817671809256662,DUSP13,2.014983388114462
NTC_447,1.878785,0.08486166997753507,NTC,2.0127206255971086
NTC_961,1.2595916666666667,0.025461909005551182,NTC,2.007926460339284
NTC_630,2.500748333333333,0.1585843361106538,NTC,1.999947750821459
EIF2AK2,1.602558333333333,0.0565684899485741,EIF2AK2,1.9990719928262601
GLRX2,1.6806383333333332,0.06521739130434782,GLRX2,1.9926262806443056
AK1,1.4065916666666665,0.03897227775954164,AK1,1.982231163277782
NDUFS6,1.5313133333333333,0.051425899953249185,NDUFS6,1.9735843398729163
ACACB,2.0572483333333333,0.11220196353436185,ACACB,1.954384976216003
PLA2G7,3.296668333333333,0.25806451612903225,PLA2G7,1.939336707343056
MURC,1.6285698333333332,0.06732117812061711,MURC,1.9084367783700436
NTC_346,1.1706416666666666,0.02439749607906389,NTC,1.8878408362464367
NTC_1411,1.1771949999999998,0.025461909005551182,NTC,1.876577189284175
KRTAP5-3,2.354613333333333,0.1598877980364656,KRTAP5-3,1.8747070598280575
NTC_1594,1.1230883333333332,0.021432384265385584,NTC,1.874355264958697
SRPK2,2.2855733333333332,0.15147265077138847,SRPK2,1.8734062361344688
NTC_271,1.2061483333333332,0.028899597946176057,NTC,1.85639278921912
PFKP,3.1162183333333333,0.25806451612903225,PFKP,1.833183077843358
NTC_1343,1.6614716666666665,0.0790666504034117,NTC,1.8309528410007303
SULT2A1,2.295117633333333,0.1598877980364656,SULT2A1,1.8273374950505095
PASK,1.554288333333333,0.06732117812061711,PASK,1.8213901294324668
NTC_259,1.1877216666666666,0.030131007783660336,NTC,1.8065084335176371
NTC_1253,1.082385,0.02238386699491396,NTC,1.7860054788462616
IRAK4,2.7463616666666666,0.22423980185610692,IRAK4,1.783177748630046
PON1,2.369315333333333,0.17765310892940625,PON1,1.7779986429713281
NTC_1664,1.1263349999999999,0.026566268283769803,NTC,1.7747316453199369
NTC_1755,1.885095,0.11531568876485654,NTC,1.7684294916446768
SPR,1.8194933333333332,0.10869565217391304,SPR,1.7536055266030552
MARK1,1.4443983333333332,0.061711079943899017,MARK1,1.747197454939963
NTC_1733,1.204308333333333,0.03551771797360265,NTC,1.7457111005825687
PLOD1,2.314588333333333,0.17765310892940625,PLOD1,1.7369300142561301
NTC_1075,1.1413349999999998,0.030131007783660336,NTC,1.7359549470503208
NTC_1650,1.119125,0.028899597946176057,NTC,1.7224544633688073
CDK5,1.7843763333333331,0.10869565217391304,CDK5,1.7197601894701613
NTC_1521,1.1942749999999998,0.036986175366317486,NTC,1.7101547163078366
NTC_993,1.3195916666666665,0.05070110408218685,NTC,1.7088482253207125
NTC_525,1.4022949999999998,0.06126837972576061,NTC,1.7006523389968955
CRB2,2.2103083333333333,0.17125719912864432,CRB2,1.6938723619283849
MMP13,1.7495103333333333,0.10869565217391304,MMP13,1.6861567630819314
NTC_16,1.1009316666666664,0.030131007783660336,NTC,1.6745020288647547
NRBP1,2.5647183333333334,0.22423980185610692,NRBP1,1.665239039348497
NTC_1446,1.6026916666666666,0.09419347814655565,NTC,1.6443282599084985
PFKFB4,1.5361383333333332,0.08508648901355773,PFKFB4,1.643882149106653
INPPL1,1.626077383333333,0.09817671809256662,INPPL1,1.6390721642174069
NTC_136,1.166278333333333,0.04007861875001354,NTC,1.6293925943453011
NTC_744,1.360618333333333,0.06358705943077098,NTC,1.6281584284220798
NTC_1398,1.4679716666666667,0.0790666504034117,NTC,1.617714552415024
SLC13A1,2.0208933333333334,0.1598877980364656,SLC13A1,1.609004308913901
NTC_1592,1.1847116666666664,0.045126935839927856,NTC,1.594105552048925
GCAT,1.377945,0.07076780758556891,GCAT,1.5848630895917426
NTC_404,1.0509049999999998,0.03140724243175525,NTC,1.5794788908365436
NTC_481,2.487295,0.23189727425853268,NTC,1.5786969713274104
FCRL2,1.9126833333333333,0.15147265077138847,FCRL2,1.5677610655315353
DCLK3,1.6383083333333333,0.11220196353436185,DCLK3,1.5563921677302672
CHRNA5,2.0697983333333334,0.17765310892940625,CHRNA5,1.5532329429166951
BMPR1A,1.627133333333333,0.11220196353436185,BMPR1A,1.5457759228388075
LGALS7,1.6028683333333331,0.10869565217391304,LGALS7,1.5448249885043244
NTC_966,1.8907283333333331,0.15377072840829212,NTC,1.5374009876623742
NTC_501,2.5028416666666664,0.24502962432206343,NTC,1.5286891517417285
PAM,1.3526016666666667,0.0742020376994988,PAM,1.5278774285176935
AMT,3.138868333333333,0.32819074333800846,AMT,1.518815747761029
MTMR10,1.4615983333333333,0.09163160355306217,MTMR10,1.5170728789105978
GCDH,1.7887983333333333,0.14305750350631133,GCDH,1.5106211562690355
BACE1,1.7069983333333332,0.13043478260869565,BACE1,1.510021959931265
ENPP2,1.6807383333333332,0.12716222533894342,ENPP2,1.5053396415578433
NTC_876,1.058455,0.03850601878524111,NTC,1.4971543062500172
TLL2,1.9948849999999998,0.18543164930918205,TLL2,1.4598890381869416
CACNA1B,1.6792433333333332,0.13510986442262737,CACNA1B,1.4597879621231933
NTC_1057,2.321155,0.23839962620032018,NTC,1.4453702893999407
NTC_691,1.0464016666666667,0.04338766183267796,NTC,1.4258622306476383
CELA2A,1.7405883333333332,0.15217391304347827,CELA2A,1.423209094011896
NTC_872,1.2385149999999998,0.070981496003698,NTC,1.4228739666725614
NTC_955,1.0833816666666665,0.04878219232028562,NTC,1.4211136438236134
NTC_1494,1.0167283333333332,0.04007861875001354,NTC,1.4204581954802449
NTC_617,1.0225083333333331,0.04170536417096981,NTC,1.4108652624459626
NTC_1867,1.2777316666666665,0.0790666504034117,NTC,1.4080688055388233
NTC_1431,1.2043883333333332,0.06844204686844685,NTC,1.4027234037505134
NTC_1811,1.6624883333333331,0.14447783177133525,NTC,1.3968206770596947
NTC_807,1.0908749999999998,0.05268284938865627,NTC,1.3944990503119514
NTC_460,0.9936916666666665,0.04007861875001354,NTC,1.3882739621010762
MAGI3,2.7844583333333333,0.3173584793053027,MAGI3,1.3879129598411672
GLRA1,1.448305,0.1111127689415416,GLRA1,1.3820248128616965
PCTP,1.4928003333333333,0.11968209443665263,PCTP,1.3763183463144544
DYRK4,1.6216533333333332,0.14305750350631133,DYRK4,1.369468982511091
NTC_903,1.600185,0.13999581052938231,NTC,1.366373905817637
NTC_835,1.0882546666666666,0.05684085800750737,NTC,1.3552463864927446
TSSK3,1.4689333333333332,0.11968209443665263,TSSK3,1.3543136687711836
LAT,1.9005183333333333,0.19565217391304346,LAT,1.346546359368969
NTC_5,1.075238333333333,0.05684085800750737,NTC,1.3390366340738389
NTC_1924,0.9943883333333331,0.045126935839927856,NTC,1.338013296956371
NTC_1014,1.0140783333333332,0.04878219232028562,NTC,1.3302057804244827
PANK3,1.8764263333333333,0.19565217391304346,PANK3,1.3294768082255088
PPP1R11,1.8752163333333332,0.19565217391304346,PPP1R11,1.3286195046855955
MET,1.866917333333333,0.19565217391304346,MET,1.322739536026307
LRAT,1.8658513333333333,0.19565217391304346,LRAT,1.321984258692797
CYB5A,1.856018333333333,0.19565217391304346,CYB5A,1.3150174275291888
PRKCDBP,1.8536263333333332,0.19565217391304346,PRKCDBP,1.3133226588783855
PRKAA1,1.7477933333333333,0.17765310892940625,PRKAA1,1.311591636259336
GSTA5,1.5952283333333332,0.15147265077138847,GSTA5,1.3075540671305208
TNK1,1.8417705433333331,0.19565217391304346,TNK1,1.3049226500060989
NDUFA4L2,1.8360285333333333,0.19565217391304346,NDUFA4L2,1.300854347940631
NTC_1764,1.0868049999999998,0.06358705943077098,NTC,1.30050483478805
NTC_430,0.9189516666666665,0.03850601878524111,NTC,1.2998308336071258
KCNMB2,1.827683333333333,0.19565217391304346,KCNMB2,1.2949416458734546
ADRA1B,1.6772016666666665,0.17125719912864432,ADRA1B,1.2853254479036742
PPEF1,1.8052813333333333,0.19565217391304346,PPEF1,1.279069485624584
RPS6KB2,1.9188823333333331,0.21739130434782605,RPS6KB2,1.2717542944920794
UGDH,1.5479368333333332,0.15147265077138847,UGDH,1.2687908431621424
SPINK6,1.9111843333333332,0.21739130434782605,SPINK6,1.2666523847037947
NTC_1482,1.0426616666666666,0.06126837972576061,NTC,1.2645021213076193
CERK,1.9070613333333333,0.21739130434782605,CERK,1.2639198341637716
PDE9A,1.3490106666666666,0.11636477574527768,PDE9A,1.260216711306031
PTGER1,1.8989233333333333,0.21739130434782605,PTGER1,1.258526310929547
NTC_1553,2.321155,0.28752347491665564,NTC,1.2565031565142868
NTC_982,1.0639416666666666,0.06597775951184201,NTC,1.2560921238686806
NTC_1299,0.9755349999999999,0.05268284938865627,NTC,1.2470563823041774
SLC22A11,1.9188183333333333,0.22627395979429638,SLC22A11,1.2383390052119696
PTPRB,1.6017433333333333,0.16877045348293593,PTPRB,1.2376728121778398
TGFBR1,1.7435793333333331,0.19565217391304346,TGFBR1,1.2353526732115927
CXCL10,1.7370683333333332,0.19565217391304346,CXCL10,1.2307395299484734
POR,1.31742539,0.11636477574527768,POR,1.2307104260926516
ESD,1.9654183333333333,0.23913043478260865,ESD,1.221242450671343
NTC_356,0.9549583333333331,0.05268284938865627,NTC,1.2207525966960624
SULT1A1,1.7197383333333331,0.19565217391304346,SULT1A1,1.2184609594140152
TUBA8,1.7180383333333331,0.19565217391304346,TUBA8,1.2172564833662034
GPX2,1.709458333333333,0.19565217391304346,GPX2,1.2111774219013647
NTC_870,1.6771116666666666,0.1898874846650891,NTC,1.2100422029242135
NME3,1.7068883333333331,0.19565217391304346,NME3,1.2093565375232023
NTC_1605,0.9707316666666664,0.05684085800750737,NTC,1.2088903671175735
MAP3K4,1.9442683333333333,0.23913043478260865,MAP3K4,1.2081005778223743
NTC_1245,1.0805449999999999,0.07629220917666418,NTC,1.207530442181315
CAPNS1,1.8215053333333333,0.21739130434782605,CAPNS1,1.2072169251164229
SGK494,1.9283273333333333,0.23913043478260865,SGK494,1.1981953960216456
PRKACA,1.6879583333333332,0.19565217391304346,PRKACA,1.1959443424731566
NTC_1395,1.0238916666666666,0.06844204686844685,NTC,1.192503085581577
NTC_867,0.9085483333333333,0.04878219232028562,NTC,1.191777996895404
NTC_799,1.0219716666666665,0.06844204686844685,NTC,1.1902669057210935
SELE,1.6783583333333332,0.19565217391304346,SELE,1.1891425953796309
NTC_536,1.1088383333333331,0.08486166997753507,NTC,1.187885672896431
NTC_463,1.586428333333333,0.1789836519266249,NTC,1.1853580479801273
GUSB,4.035758333333334,0.509116409537167,GUSB,1.1832153513010488
MTFMT,1.359233333333333,0.13510986442262737,MTFMT,1.1815991276129814
SLC6A7,1.6594883333333332,0.19565217391304346,SLC6A7,1.1757729112489197
NTC_711,1.387425,0.14447783177133525,NTC,1.1657127987080893
PROZ,1.8009483333333332,0.22627395979429638,PROZ,1.1622697828115505
NTC_707,1.238608333333333,0.11531568876485654,NTC,1.161952848669975
NTC_209,2.333585,0.3184673930827593,NTC,1.1596401253468525
TTBK1,4.522008333333333,0.5563347358578775,TTBK1,1.1515919306139517
NTC_454,0.9368183333333332,0.05902016213157248,NTC,1.1513493586293786
NTC_724,0.8755849999999998,0.04878219232028562,NTC,1.1485387173439632
NTC_1309,0.8979549999999998,0.05268284938865627,NTC,1.1478834831881455
NTC_1726,1.0665049999999998,0.08486166997753507,NTC,1.1425344628589456
NTC_414,0.9281016666666665,0.06126837972576061,NTC,1.1255679227577533
NTC_50,0.9272883333333332,0.06126837972576061,NTC,1.1245815416926297
EEA1,2.040518333333333,0.28260869565217384,EEA1,1.11986600676294
NTC_987,1.0601716666666665,0.08788544025117526,NTC,1.1196293456903286
NTC_1483,1.5220783333333332,0.18437590589369712,NTC,1.1176557774447606
NTC_1315,0.9332683333333333,0.06358705943077098,NTC,1.1167780601438027
PPME1,2.0346083333333334,0.28260869565217384,PPME1,1.1166225131898355
NTC_246,0.9963383333333332,0.07629220917666418,NTC,1.1134278241185647
KIDINS220,1.6776983333333333,0.21739130434782605,KIDINS220,1.1119077096157908
ATP2A1,2.0222583333333333,0.28260869565217384,ATP2A1,1.1098446543695575
GAPDHS,2.145408333333333,0.30434782608695643,GAPDHS,1.1083818695938572
SSTR5,1.7880516666666666,0.2411596192295067,SSTR5,1.1044713082728712
DDAH1,1.6622183333333331,0.21739130434782605,DDAH1,1.1016482183813598
M6PR,2.1301183333333333,0.30434782608695643,M6PR,1.1004826000129664
NTC_1749,0.8464983333333331,0.05070110408218685,NTC,1.0962005984075431
CD46,2.1145883333333333,0.30434782608695643,CD46,1.0924593392810344
NTC_1962,1.0165683333333333,0.08486166997753507,NTC,1.0890378898218138
GABRB1,1.639978333333333,0.21739130434782605,GABRB1,1.0869084842047616
PROC,1.3862773333333331,0.16445346304198621,PROC,1.0867817871938428
SLC25A2,2.097218333333333,0.30434782608695643,SLC25A2,1.0834854797244566
MMP10,2.0965583333333333,0.30434782608695643,MMP10,1.0831445040590943
NTC_1754,0.9941283333333332,0.0819226054474877,NTC,1.0802161130022039
NTC_1085,1.7307683333333332,0.23839962620032018,NTC,1.0777398005881782
EPHB2,2.084728333333333,0.30434782608695643,EPHB2,1.0770327735723748
DRD2,2.084198333333333,0.30434782608695643,DRD2,1.0767589597804932
NTC_17,0.863695,0.05684085800750737,NTC,1.0755933915424065
ARF6,1.659838333333333,0.22627395979429638,ARF6,1.071202267982305
NTC_780,0.8579849999999999,0.05684085800750737,NTC,1.068482503710814
CEACAM5,2.063528333333333,0.30434782608695643,CEACAM5,1.0660802218971042
NNMT,1.6069883333333332,0.21739130434782605,NNMT,1.0650441033375866
AKR1A1,2.1877983333333333,0.326086956521739,AKR1A1,1.0647283164799743
NTC_924,1.4695083333333332,0.1898874846650891,NTC,1.0602556384431703
PPP2R2D,2.1721483333333333,0.326086956521739,PPP2R2D,1.057111984618379
NTC_455,0.8946409999999999,0.06597775951184201,NTC,1.0562153443155564
NTC_758,1.1680883333333332,0.1271905185989361,NTC,1.0460759724066988
PPFIA3,1.3444133333333332,0.16877045348293593,PPFIA3,1.0388329992504313
CA2,1.461456833333333,0.1963534361851332,CA2,1.0331937065635914
PTK2B,1.3734943333333332,0.17765310892940625,PTK2B,1.030707490235073
NTC_864,1.2872949999999999,0.1585843361106538,NTC,1.0295009320118351
CYP3A5,7.8364183333333335,0.7391304347826083,CYP3A5,1.0287564934596625
MMAB,1.3708033333333332,0.17765310892940625,MMAB,1.028688090672287
MAP4K5,1.3265483333333332,0.16877045348293593,MAP4K5,1.0250286497461054
NTC_1511,1.2898716666666665,0.16351115716206643,NTC,1.0144229361919526
PPFIA1,1.6317183333333332,0.23913043478260865,PPFIA1,1.0138929012765014
NTC_348,0.8820983333333333,0.070981496003698,NTC,1.0134029499402555
HLA-DQA2,1.6252183333333332,0.23913043478260865,HLA-DQA2,1.0098540278240997
FDXR,1.6236583333333332,0.23913043478260865,FDXR,1.0088846981955233
SLC25A18,1.6223883333333333,0.23913043478260865,SLC25A18,1.0080955644594387
NTC_529,1.7430816666666664,0.2656918864313077,NTC,1.003355645556459
MAP2K7,1.6091883333333332,0.23913043478260865,MAP2K7,0.9998935445253305
SLC6A2,1.3291433333333331,0.17765310892940625,SLC6A2,0.9974252940220933
NTC_1295,0.8298583333333331,0.06358705943077098,NTC,0.9930344217124075
ADH1C,1.6871116666666666,0.2589149831398645,ADH1C,0.9900693625026176
NTC_1668,1.473415,0.21314858758001587,NTC,0.9891293344383789
NTC_1551,1.0847149999999999,0.12313083950837048,NTC,0.9866927325964926
KCNA1,1.2385983333333332,0.1598877980364656,KCNA1,0.9861530158347015
KCNJ6,4.526768333333333,0.605890603085554,KCNJ6,0.9850509678018848
TUFM,1.5852883333333332,0.23913043478260865,TUFM,0.9850429175234224
ASRGL1,2.2671683333333332,0.3695652173913042,ASRGL1,0.9801170716574829
NTC_1045,3.2863183333333335,0.5042465118903798,NTC,0.9772100804807612
NTC_938,0.9384983333333332,0.09099551181146143,NTC,0.9769580212531821
GLS,1.5713483333333331,0.23913043478260865,GLS,0.9763810873808869
SORCS3,2.257118333333333,0.3695652173913042,SORCS3,0.9757723671089347
NTC_1103,1.3218516666666664,0.18437590589369712,NTC,0.970630170485084
NTC_366,1.2989016666666666,0.1789836519266249,NTC,0.9705219654537188
NTC_1122,1.445585,0.21314858758001587,NTC,0.9704465672767713
NTRK3,2.238128333333333,0.3695652173913042,NTRK3,0.967562820902275
NTC_186,0.8905683333333332,0.08486166997753507,NTC,0.9540555481354389
NTC_1928,0.9256316666666666,0.09419347814655565,NTC,0.9496788056131841
NTC_459,0.9378683333333332,0.0974809293134194,NTC,0.9482602326054702
NTC_1382,1.263418333333333,0.1789836519266249,NTC,0.9440092930234094
TNFSF11,1.9506183333333331,0.32819074333800846,TNFSF11,0.9438528564821521
NTC_635,2.3426816666666666,0.39576602610453004,NTC,0.943073421949698
ALDH3B1,1.7005483333333333,0.2805049088359046,ALDH3B1,0.9388039207639832
NTC_240,0.8056549999999998,0.06844204686844685,NTC,0.9383278570300164
NTC_878,0.9431016666666665,0.10433062071164628,NTC,0.9257374756895386
TESK1,1.5847083333333332,0.26086956521739124,TESK1,0.9247986783923332
NTC_235,0.8798516666666665,0.09099551181146143,NTC,0.9159080125480397
CTDSP1,2.3196483333333333,0.4130434782608694,CTDSP1,0.8907547738028828
NTC_849,1.2117516666666663,0.18437590589369712,NTC,0.8897841992878056
TPH1,2.4587683333333334,0.434782608695652,TPH1,0.8894049484852506
NTC_989,0.8619216666666664,0.09419347814655565,NTC,0.8843136729319524
AATK,2.2923183333333332,0.4130434782608694,AATK,0.8802599381770662
PRKAG2,1.759523333333333,0.3160355306217859,PRKAG2,0.8802263367730296
NTC_1751,0.905978333333333,0.10789601102845955,NTC,0.8760761661182433
NPR2,1.3555833333333331,0.22627395979429638,NPR2,0.8748466112296156
RFK,3.701621666666667,0.5807645250813165,RFK,0.873582415600239
HSD17B11,1.5853583333333332,0.28260869565217384,HSD17B11,0.8700676083307346
KCNJ12,1.577548333333333,0.28260869565217384,KCNJ12,0.8657813672468179
TH,1.2688129999999997,0.20812569007191667,TH,0.8649172252520506
NTC_81,1.5328783333333331,0.2728385659706112,NTC,0.8646878411682304
TENC1,1.7845383333333331,0.3277161205250376,TENC1,0.864612739423441
EFNB2,1.473968333333333,0.26086956521739124,EFNB2,0.8601734072992295
DUSP7,2.3707683333333334,0.434782608695652,DUSP7,0.8575728989157024
SAA1,2.3689383333333334,0.434782608695652,SAA1,0.8569109369757902
NTC_1319,2.292915,0.4238621547619892,NTC,0.8547422109205596
NTC_1340,2.2900183333333333,0.4238621547619892,NTC,0.8536624049657089
YARS,2.3593083333333333,0.434782608695652,YARS,0.8534274979149408
PXK,2.3538683333333332,0.434782608695652,PXK,0.8514596984870051
NTC_743,0.8056316666666667,0.08788544025117526,NTC,0.850813961717592
PIGA,1.238713333333333,0.20617110799438987,PIGA,0.849475161704208
LEPRE1,1.5466683333333333,0.28260869565217384,LEPRE1,0.8488339761237261
CALM2,2.344878333333333,0.434782608695652,CALM2,0.8482077652412068
NTC_1430,0.8256649999999999,0.09419347814655565,NTC,0.8471150882945983
MBL2,7.1287183333333335,0.7608695652173909,MBL2,0.8461060629280632
ARL1,1.5360483333333332,0.28260869565217384,ARL1,0.8430055663527664
GCSH,1.5346783333333331,0.28260869565217384,GCSH,0.842253690516023
CTSV,2.323528333333333,0.434782608695652,CTSV,0.8404848759422312
NTC_1311,1.8905116666666666,0.36010501315221366,NTC,0.8385758340535425
NTC_844,1.2481483333333332,0.21314858758001587,NTC,0.837903869738242
CSNK1D,1.3343833333333333,0.23655913978494622,CSNK1D,0.8354043869234236
NTC_327,1.0093216666666667,0.14906901107957235,NTC,0.8343180370207801
APCS,1.5201683333333331,0.28260869565217384,APCS,0.8342903924202955
HRH4,1.5193983333333332,0.28260869565217384,HRH4,0.8338678052711769
NTC_1727,0.7671583333333332,0.0819226054474877,NTC,0.8335913635133448
NGF,1.5163083333333331,0.28260869565217384,NGF,0.8321719685299089
TRIO,1.213423333333333,0.20617110799438987,TRIO,0.8321319828900358
EPX,1.5128383333333333,0.28260869565217384,EPX,0.8302675822864787
CA10,1.2177283333333333,0.20812569007191667,CA10,0.8300941203924227
NTC_335,0.8321616666666665,0.10085945052639704,NTC,0.8290688564216141
NTC_1487,1.0195116666666666,0.15377072840829212,NTC,0.8289917782653317
NTC_1228,1.703735,0.3265321669468846,NTC,0.8281413367901006
ROCK1,2.429148333333333,0.4565217391304346,ROCK1,0.8272186194621678
MMP3,1.2428253333333332,0.21598877980364653,MMP3,0.8271857769208374
MAP4K4,1.5977883333333331,0.30434782608695643,MAP4K4,0.8254650607065104
ANKK1,1.591308333333333,0.30434782608695643,ANKK1,0.8221172996284087
NTC_493,2.4566916666666665,0.4630822527891689,NTC,0.8213748677472877
NTC_55,2.3872416666666667,0.45309186047222316,NTC,0.8207664847329647
PFKFB2,3.551168333333333,0.5890603085553997,PFKFB2,0.8162013800746714
MUSK,2.5442283333333333,0.4782608695652172,MUSK,0.8150057669790118
NTC_1632,1.0906816666666668,0.1789836519266249,NTC,0.8149427643234513
NTC_1669,1.4670583333333331,0.2801156405678691,NTC,0.8107883332720488
MYO1D,1.8267149999999999,0.36082181970099364,MYO1D,0.8086998966928026
PPEF2,1.5619783333333332,0.30434782608695643,PPEF2,0.806964547711631
NTC_357,1.4904849999999998,0.28752347491665564,NTC,0.806839313719763
NTC_839,1.6574083333333332,0.3265321669468846,NTC,0.8056231472463259
GUCY2F,2.5122883333333332,0.4782608695652172,GUCY2F,0.8047742622605636
EPHB3,2.5051083333333333,0.4782608695652172,EPHB3,0.8024742558773933
AKR1B1,1.4348916666666665,0.27752081406105455,AKR1B1,0.7988105606527011
TUBB3,1.1997983333333333,0.21607830264689204,TUBB3,0.7983324216189589
NTC_959,0.8905883333333332,0.1271905185989361,NTC,0.7975621622272242
SLC6A5,2.4770483333333333,0.4782608695652172,SLC6A5,0.7934856515442795
RCVRN,1.5278083333333332,0.30434782608695643,RCVRN,0.7893113075821969
NTC_794,0.9995749999999999,0.16351115716206643,NTC,0.786118365608003
NTC_1619,0.8635083333333332,0.12313083950837048,NTC,0.7854758134961807
NTC_1943,0.9192049999999997,0.13999581052938231,NTC,0.7848953252887014
KCNH6,1.3711883333333332,0.26810599504640265,KCNH6,0.7838994228417472
JAK1,1.121747,0.20036704365730654,JAK1,0.7831742642508349
CYP2D6,1.508128333333333,0.30434782608695643,CYP2D6,0.7791440331968512
PPP1R15B,1.5080183333333332,0.30434782608695643,PPP1R15B,0.7790872039192909
NTC_1223,0.8827783333333332,0.13135359499575763,NTC,0.7782203342671932
VAMP1,1.4982383333333331,0.30434782608695643,VAMP1,0.7740345645143782
ZMYND8,1.4967383333333333,0.30434782608695643,ZMYND8,0.7732596198203733
NTC_1788,1.5538183333333333,0.3184673930827593,NTC,0.7721467556711686
NTC_786,0.8356783333333331,0.11917306592012594,NTC,0.7720179353117483
CTDNEP1,1.1594333333333333,0.21598877980364653,CTDNEP1,0.771682662799425
DCD,1.4905883333333332,0.30434782608695643,DCD,0.7700823465749528
NTC_479,1.0301049999999998,0.1789836519266249,NTC,0.7696806886000117
NTC_1886,0.8074049999999999,0.11155718335859915,NTC,0.7690552483225296
CKS2,1.4874983333333331,0.30434782608695643,CKS2,0.7684859605053024
GABRG2,1.4845083333333333,0.30434782608695643,GABRG2,0.7669412374152526
NTC_1412,0.8545649999999999,0.1271905185989361,NTC,0.7653016367424245
BMX,1.5284083333333331,0.3160355306217859,BMX,0.7646078019293321
NTC_1806,0.8259183333333331,0.11917306592012594,NTC,0.7630014336889438
PRKRA,1.255218333333333,0.24731182795698922,PRKRA,0.7616101410993465
CHRNB3,1.4663483333333331,0.30434782608695643,CHRNB3,0.7575592403198318
NTC_1649,0.7816983333333334,0.10789601102845955,NTC,0.7558980758491511
NTC_1904,2.3872416666666667,0.48342657054454485,NTC,0.7535793431227286
NTC_907,0.9266716666666667,0.15377072840829212,NTC,0.7535011299377957
PARK7,1.1676116666666665,0.23259526722568707,PARK7,0.7395642096449317
CA13,1.1381149999999998,0.22423980185610692,CA13,0.7389636143025898
NTC_1331,2.4714283333333333,0.5042465118903798,NTC,0.734896755442874
CNKSR3,1.4206983333333332,0.30434782608695643,CNKSR3,0.7339750901322796
SBK1,1.4793283333333331,0.326086956521739,SBK1,0.7199396497717078
NTC_685,1.1975516666666666,0.2517879366079583,NTC,0.7172916312404592
LCN2,2.1877316666666666,0.47093491689296046,LCN2,0.7154738130960371
CHRNA9,1.4738258333333332,0.32819074333800846,CHRNA9,0.7131455185144822
TRPM7,1.2502963333333332,0.26928471248246844,TRPM7,0.7124042237019685
PPP1R21,4.461368333333334,0.6928471248246845,PPP1R21,0.7109751720714251
NTC_24,0.9032749999999999,0.16351115716206643,NTC,0.7103829794608398
NR1I2,1.4577183333333332,0.326086956521739,NR1I2,0.7094227851372623
PGA3,1.4519783333333331,0.326086956521739,PGA3,0.7066293190103896
AKAP10,1.6789133333333333,0.37961664329125766,AKAP10,0.7062428774542001
NTC_1740,0.8221749999999997,0.13999581052938231,NTC,0.7020428675531987
NTC_900,1.2195183333333333,0.2656918864313077,NTC,0.7019812255552783
GGCX,1.4037983333333333,0.3173584793053027,GGCX,0.6997231298140324
NTC_464,0.7926316666666664,0.13135359499575763,NTC,0.6987508157964483
HTR1F,1.4356083333333332,0.326086956521739,HTR1F,0.6986625872165038
CHRNB1,1.5206983333333333,0.3478260869565216,CHRNB1,0.69744981261689
PNPO,1.3457158333333332,0.30388031790556336,PNPO,0.6961353393062233
TPSB2,1.4275083333333332,0.326086956521739,TPSB2,0.694720587978234
NTC_960,0.8660283333333332,0.1585843361106538,NTC,0.6925972495157076
NTC_67,0.8097683333333332,0.13999581052938231,NTC,0.69144900147427
NTC_1324,0.9076083333333332,0.17370957359720418,NTC,0.6899422954609508
NTC_928,0.7811783333333331,0.13135359499575763,NTC,0.6886540377508382
NTC_342,1.480995,0.34305618987799824,NTC,0.6881217269821469
NTC_14,0.7797449999999997,0.13135359499575763,NTC,0.6873904712317427
AK3,1.411058333333333,0.326086956521739,AK3,0.6867149228585381
NTC_922,0.8879416666666665,0.16855248337352358,NTC,0.6866140747147621
NTC_110,0.6875983333333333,0.10085945052639704,NTC,0.6850428068593337
CDKL1,1.3285349999999998,0.30706335233207005,CDKL1,0.6812355663243677
NTC_1817,1.2848916666666665,0.2950623685283952,NTC,0.6811033098160735
KCNMB1,1.8073183333333334,0.42004118050789285,KCNMB1,0.6808315089859404
ALDH1L1,1.443555,0.3386350750499835,ALDH1L1,0.6788578103114862
NTC_164,1.600185,0.37767618511607093,NTC,0.6766868718122945
NTC_1858,0.7671716666666666,0.13135359499575763,NTC,0.6763063481851651
NTC_1385,1.5564183333333332,0.36882550643268,NTC,0.6742078190609202
CDK15,1.8509183333333332,0.43248485571901757,CDK15,0.6737881268783672
NDUFS4,1.4286796666666666,0.3386350750499835,NDUFS4,0.6718624161530924
NTC_1735,0.5838316666666665,0.070981496003698,NTC,0.670737842835212
NTC_1413,0.6499516666666665,0.09419347814655565,NTC,0.6668368690637905
NTC_1926,0.9376483333333333,0.1955194972403641,NTC,0.6646144478106407
NTC_220,1.727325,0.4143696036917608,NTC,0.660895462910844
TGM2,1.3655183333333332,0.32819074333800846,TGM2,0.6607383707365003
KYNU,1.4398783333333331,0.3478260869565216,KYNU,0.660382701658637
ALAS2,1.4461783333333331,0.3496165438214317,ALAS2,0.6600473965934386
PTPLA,1.431528333333333,0.3478260869565216,PTPLA,0.6565530756192728
NTC_1865,0.820828333333333,0.1585843361106538,NTC,0.6564490145525211
NLK,1.4265583333333332,0.3478260869565216,NLK,0.6542736455096153
NTC_1078,0.8315216666666665,0.16351115716206643,NTC,0.6539523833305582
NTC_664,0.7642716666666665,0.13999581052938231,NTC,0.6526000820461936
OBSCN,1.4122383333333333,0.3478260869565216,OBSCN,0.6477059515115681
NTC_1641,1.6059183333333333,0.39576602610453004,NTC,0.6464808768249588
NTC_1836,1.0572316666666666,0.24502962432206343,NTC,0.6457374436568409
NTC_54,0.8191316666666666,0.16351115716206643,NTC,0.6442082355178547
NTC_1627,0.7403316666666666,0.13562154156307774,NTC,0.6423645570130796
GLT6D1,1.3196483333333333,0.326086956521739,GLT6D1,0.6422287314548053
NTC_242,0.7764849999999999,0.14906901107957235,NTC,0.6418523077143365
NTC_334,0.6524816666666664,0.10433062071164628,NTC,0.6404683104511915
SIGMAR1,1.4447083333333333,0.36082181970099364,SIGMAR1,0.6395827920162137
NTC_1554,0.8860916666666665,0.1898874846650891,NTC,0.6393183791137668
NTC_1508,0.8700949999999998,0.18437590589369712,NTC,0.6389071326875198
SLC1A7,1.7522883333333332,0.43248485571901757,SLC1A7,0.6378839371811736
NDUFA6,1.4719083333333332,0.3695652173913042,NDUFA6,0.6363190876496801
GK2,1.2707883333333332,0.3173584793053027,GK2,0.6334243094731017
AKAP7,1.2328183333333333,0.30706335233207005,AKAP7,0.6321547384776438
GRK4,1.104045,0.26810599504640265,GRK4,0.6311753223478783
PRKD2,1.4275583333333333,0.3665264142122488,PRKD2,0.6222651426859303
NTC_699,0.8798216666666666,0.2012730106544035,NTC,0.6125445640485466
ENPEP,2.622298333333333,0.5869565217391302,ENPEP,0.6067842776077005
ALK,1.3965483333333333,0.3695652173913042,ALK,0.6037402881692235
HRH1,1.5355483333333333,0.40673211781206176,HRH1,0.5999257307377368
NTC_637,0.9254083333333332,0.2255218446376277,NTC,0.5985646456308562
STRADB,1.3740283333333332,0.3695652173913042,STRADB,0.5940046915091932
NTC_1889,0.7669149999999998,0.16855248337352358,NTC,0.5930284081460363
DGKK,1.2672833333333333,0.3408134642356242,DGKK,0.5924337392625239
NTC_1082,1.548385,0.4143696036917608,NTC,0.5924308519469162
CDK8,1.672685,0.44512249709050755,CDK8,0.5879829928315818
MAPKAPK3,1.2151083333333332,0.32819074333800846,MAPKAPK3,0.5879589316645408
NTC_760,0.6442449999999997,0.12313083950837048,NTC,0.5860266148358114
DYRK1A,1.2105583333333332,0.32819074333800846,DYRK1A,0.585757306454931
NTC_1656,0.6743916666666665,0.13562154156307774,NTC,0.5851503099443885
NTC_331,0.8370283333333333,0.2012730106544035,NTC,0.5827512267121726
MTMR2,2.8447476666666667,0.6243024678463787,MTMR2,0.5820494493047954
GATM,2.3875883333333334,0.5726975222066386,GATM,0.5779747196567588
RAB9A,1.6439849999999998,0.44512249709050755,RAB9A,0.5778943557634748
NTC_324,2.200125,0.5472638215462551,NTC,0.5759999000436609
GABRA3,1.3317683333333332,0.3695652173913042,GABRA3,0.5757353169597758
ZAK,2.657418333333333,0.6086956521739127,ZAK,0.5729388620848083
RAB8B,1.737585,0.47093491689296046,RAB8B,0.5682582487013463
PPP1R2,1.1740683333333333,0.32819074333800846,PPP1R2,0.5681007561475325
NTC_446,0.8159116666666666,0.2012730106544035,NTC,0.568049498091988
CD4,1.5086933333333332,0.420757363253857,CD4,0.5672208302367873
INPP5E,1.1700616666666666,0.3278774133866491,INPP5E,0.5666474091132149
ISYNA1,1.7467233333333332,0.47872837774661064,ISYNA1,0.5587957077343133
NTC_632,0.9093383333333331,0.24502962432206343,NTC,0.5554069456103177
NTC_1841,2.3499849999999998,0.5806764575913619,NTC,0.5547510449345783
NTC_88,0.8905283333333333,0.23839962620032018,NTC,0.5545270328215249
NTC_1531,2.049278333333333,0.5363415300892711,NTC,0.5544498223050417
NTC_372,1.5205849999999999,0.4334807127367144,NTC,0.5520183089474596
RARRES1,2.1330416666666663,0.5524007042463668,RARRES1,0.5497824805076336
CDKN1C,1.2400516666666666,0.36082181970099364,CDKN1C,0.5489798106037729
PRKAR2B,1.4239683333333333,0.4130434782608694,PRKAR2B,0.5468098644237602
OPRL1,1.6108516666666666,0.4579391841484885,OPRL1,0.5463883109009771
KARS,2.7239483333333334,0.6304347826086953,KARS,0.5457698352991066
NAPB,1.338118333333333,0.3913043478260868,NAPB,0.5452635860587012
AKAP9,1.2053733333333332,0.35343618513323993,AKAP9,0.5444538623856566
NTC_1490,0.7397916666666666,0.18437590589369712,NTC,0.5432259380138048
PPP1R1B,2.708508333333333,0.6304347826086953,PPP1R1B,0.5426762794655029
NTC_0,0.5923583333333331,0.12313083950837048,NTC,0.5388287823003928
NTC_1239,0.876645,0.24502962432206343,NTC,0.5354384655156482
SST,2.875918333333333,0.6521739130434779,SST,0.5338756350220065
NTC_886,0.643605,0.14906901107957235,NTC,0.532012021489772
NTC_728,0.698938333333333,0.17370957359720418,NTC,0.5313163182565729
DUSP21,1.3086098333333331,0.3931743805516597,DUSP21,0.5305297791679098
NTC_551,0.7465816666666665,0.1955194972403641,NTC,0.5291844975325303
NTC_1360,0.9557716666666665,0.2801156405678691,NTC,0.5282192936695188
NTC_1165,0.8160716666666665,0.2255218446376277,NTC,0.5278444448498039
PPP3CC,2.8421183333333335,0.6521739130434779,PPP3CC,0.527601118720694
LAMTOR3,1.2524688333333331,0.37961664329125766,LAMTOR3,0.5268569706447255
HLCS,2.037285,0.5524007042463668,HLCS,0.5251016041104031
DGKZ,1.2949943333333334,0.3931743805516597,DGKZ,0.5250098541113627
NTC_279,0.752218333333333,0.2012730106544035,NTC,0.5237052786011455
NTC_1744,0.7239449999999998,0.1898874846650891,NTC,0.5223289659281103
NTC_857,0.8527416666666665,0.24502962432206343,NTC,0.5208387539782424
NTC_1060,1.513185,0.45309186047222316,NTC,0.5202537935486148
NTC_1306,0.7593383333333332,0.20714904818668411,NTC,0.5191725711927513
NTC_811,1.1405516666666666,0.3515151262406778,NTC,0.5178743068902423
ADRBK2,2.2902816666666665,0.5951478618960937,ADRBK2,0.5161725107078188
NTC_1251,0.990788333333333,0.3027325543237831,NTC,0.5141605643483639
GALNT1,2.7676483333333333,0.6521739130434779,GALNT1,0.5137767628343404
PRKAR1B,1.1256483333333331,0.3496165438214317,PRKAR1B,0.5137549324113392
NTC_1667,2.2533849999999997,0.5920225255079181,NTC,0.5130096147836677
GRM8,1.176683333333333,0.3665264142122488,GRM8,0.5129100543325066
NTC_316,0.9279749999999998,0.2801156405678691,NTC,0.5128571144533877
NTC_461,0.6672416666666665,0.17370957359720418,NTC,0.5072212651865513
NTC_1197,0.7147483333333331,0.1955194972403641,NTC,0.5066207148187138
NTC_1461,0.7671449999999997,0.2192725592713909,NTC,0.5055606102509449
NTC_731,0.9664449999999999,0.3027325543237831,NTC,0.5015278136551077
DMPK,1.1474183333333332,0.3665264142122488,DMPK,0.500153595296481
NTC_600,0.9204116666666665,0.28752347491665564,NTC,0.4982434022972365
DECR1,1.373508333333333,0.434782608695652,DECR1,0.49683619716879746
EN2,1.8478183333333331,0.5384351407000686,EN2,0.4968166398096212
LRRK1,1.1215629999999999,0.36082181970099364,LRRK1,0.49652402385400557
B4GALT1,1.1367533333333333,0.3665264142122488,B4GALT1,0.49550477808755516
NTC_1945,0.6628883333333331,0.1789836519266249,NTC,0.49530130313406306
NTC_1379,0.7213449999999999,0.20714904818668411,NTC,0.49319588110750173
F13A1,1.1232433333333331,0.3665264142122488,F13A1,0.48961584039486056
MINPP1,3.867073333333334,0.7480130902290791,MINPP1,0.4876023776664445
DUSP3,0.9745183333333333,0.3173584793053027,DUSP3,0.48574855951138834
SCN1A,1.339138333333333,0.434782608695652,SCN1A,0.4844036114448728
NTC_795,2.0510849999999996,0.5806764575913619,NTC,0.4841909829210141
HRH2,1.9996183333333333,0.5726975222066386,HRH2,0.48405699989969597
DGUOK,1.3328083333333332,0.434782608695652,DGUOK,0.48211387424288143
TAB1,1.3311583333333332,0.434782608695652,TAB1,0.4815170233134524
ULK1,1.1850283333333334,0.3931743805516597,ULK1,0.48042801144908326
NTC_1071,0.7147283333333332,0.21314858758001587,NTC,0.4798096671027862
AGXT2,1.3256583333333332,0.434782608695652,AGXT2,0.47952752021535566
PPP1R12C,1.1166406666666664,0.37225090268866934,PPP1R12C,0.47922224354710724
NTC_1780,1.0536583333333331,0.3515151262406778,NTC,0.4784198691049751
NTC_1803,1.1574583333333333,0.38665655063937165,NTC,0.4776536868030532
INPP5D,1.3181983333333331,0.434782608695652,INPP5D,0.47682903055866444
NTC_78,0.6264349999999999,0.17370957359720418,NTC,0.47620100651758446
NTC_746,1.3798149999999998,0.45309186047222316,NTC,0.4743993550988688
ITGA4,3.461195,0.7298349795589506,ITGA4,0.4734060730552243
RIOK3,1.3065683333333333,0.434782608695652,RIOK3,0.4726221358257799
NTC_118,0.6433849999999999,0.18437590589369712,NTC,0.47243492442108037
NTC_996,0.8019549999999998,0.2586751735282048,NTC,0.4709442651864183
NEK5,1.2999783333333332,0.434782608695652,NEK5,0.4702383493864239
AXL,1.2985883333333332,0.434782608695652,AXL,0.46973554769435943
RIPK2,1.0598783333333333,0.36082181970099364,RIPK2,0.4692157773235598
CLK4,1.1952668333333332,0.40673211781206176,CLK4,0.46698063020750274
NTC_295,0.6356483333333331,0.18437590589369712,NTC,0.4667539223275628
EXTL2,1.342318333333333,0.44927536231884063,EXTL2,0.46643870346515
NTC_1813,0.8601549999999997,0.28752347491665564,NTC,0.4656248602922019
DUSP15,1.3579883333333331,0.4565217391304346,DUSP15,0.46244736022531774
CA11,1.098088333333333,0.37961664329125766,CA11,0.46191607918944794
NTC_1190,0.6798816666666667,0.21314858758001587,NTC,0.45641648852961036
SLC22A5,1.8445183333333333,0.5665154725314075,SLC22A5,0.4552054041618164
NTC_981,1.7925849999999999,0.558295047749257,NTC,0.4537681989229765
BCAT2,2.333718333333333,0.6400187003272557,BCAT2,0.45229173417878377
HRSP12,2.859618333333333,0.6956521739130431,HRSP12,0.45069830695033836
NTC_1763,2.1287416666666665,0.6150145313229105,NTC,0.44940849391847254
HTR1D,1.3734016666666666,0.47093491689296046,HTR1D,0.44915605617193416
NTC_320,0.7332116666666666,0.24502962432206343,NTC,0.4478320525391361
NTC_1023,0.722845,0.24502962432206343,NTC,0.4415002852986771
PIM3,1.253545,0.44512249709050755,PIM3,0.4406467091825808
NTC_238,0.6666183333333331,0.2192725592713909,NTC,0.4393119571977498
NTC_405,0.6196516666666665,0.1955194972403641,NTC,0.4392152533482985
FECH,1.0750503333333332,0.3931743805516597,FECH,0.4358413038093385
ACP2,1.2792583333333332,0.4565217391304346,ACP2,0.43563676121142886
NTC_1660,0.6593983333333333,0.2192725592713909,NTC,0.4345538637395226
EPHB6,1.073785,0.3957357285667392,EPHB6,0.4323001909176206
PRKAG1,1.034865,0.38388887231058455,PRKAG1,0.43029115090680725
SLC12A1,0.7518516666666666,0.26810599504640265,SLC12A1,0.4298286918251728
NTC_750,0.7303683333333333,0.2586751735282048,NTC,0.428905335158576
GSG2,1.5306749999999998,0.5246187818925129,GSG2,0.4288280382865323
NTC_369,0.6049949999999997,0.1955194972403641,NTC,0.4288264625009004
NTC_308,0.5541316666666667,0.16855248337352358,NTC,0.42849053700428785
NTC_663,2.1974349999999996,0.6383910283695007,NTC,0.42830914251948143
NTC_270,1.3104516666666666,0.47319425686009076,NTC,0.42584507472703087
CTSS,1.1323998333333332,0.420757363253857,CTSS,0.42574641209832753
NTC_247,0.8186483333333334,0.3027325543237831,NTC,0.42483008217649687
TCN1,1.2060403333333332,0.44927536231884063,TCN1,0.4190838159900053
TRIB2,1.3301516666666664,0.48410969532392345,TRIB2,0.4190725555992244
NTC_615,0.601675,0.2012730106544035,NTC,0.4188948335066871
MST4,1.5568116666666665,0.5384351407000686,MST4,0.41857466564610846
SLC25A13,1.3050783333333333,0.4782608695652172,SLC25A13,0.41806246479162595
NTC_515,0.7115883333333333,0.2586751735282048,NTC,0.4178768693466527
NTC_1498,0.820705,0.310534197272332,NTC,0.41682832746320214
NTC_1046,0.4802949999999999,0.13562154156307774,NTC,0.4167381982993168
NTRK1,1.2901383333333332,0.4782608695652172,NTRK1,0.4132766576377869
CALM1,1.1421083333333333,0.434782608695652,CALM1,0.4131323759143265
NTC_1807,0.6894183333333332,0.2517879366079583,NTC,0.41293750799095263
NTC_1420,1.072825,0.4143696036917608,NTC,0.4104758369139138
NQO1,1.0168049999999997,0.3957357285667392,NQO1,0.40936034273713184
PHOSPHO2,1.4533233333333333,0.5245441795231417,PHOSPHO2,0.4072472526740702
NTC_547,0.7827383333333333,0.3027325543237831,NTC,0.40619491536580926
NTC_1072,1.5445516666666665,0.5472638215462551,NTC,0.40436866342242817
HAGH,1.2602383333333331,0.4782608695652172,HAGH,0.4036986366270918
UGT3A1,3.0564183333333332,0.7391304347826083,UGT3A1,0.40124328148371685
NTC_714,0.608788333333333,0.2192725592713909,NTC,0.40120107843192043
NTC_1850,0.6086449999999999,0.2192725592713909,NTC,0.40110661951285137
NTC_875,0.7726449999999998,0.3027325543237831,NTC,0.40095707213711135
LCMT2,1.251418333333333,0.4782608695652172,LCMT2,0.40087328059651217
MASTL,1.1753283333333333,0.4565217391304346,MASTL,0.4002445910664591
GMDS,1.198319333333333,0.46376811594202905,GMDS,0.39987809792588297
NTC_1433,0.6285316666666665,0.23189727425853268,NTC,0.3989317867603303
NTC_759,0.7365183333333332,0.28752347491665564,NTC,0.398697032582475
AK4,1.0969283333333333,0.4347826086956522,AK4,0.3967895122830514
NTC_806,0.7788149999999998,0.310534197272332,NTC,0.39555279162823875
CTSK,1.2343483333333332,0.4782608695652172,CTSK,0.39540515957134276
ECE1,1.137255333333333,0.44927536231884063,ECE1,0.39518189539403364
VDAC3,1.135174333333333,0.44927536231884063,VDAC3,0.39445877412107855
TSKS,1.1333233333333332,0.44927536231884063,TSKS,0.3938155749494112
ACPT,1.2290983333333332,0.4782608695652172,ACPT,0.3937234000293311
CDK2,0.9464983333333332,0.38388887231058455,CDK2,0.393548779001488
NTC_1188,0.7691283333333332,0.310534197272332,NTC,0.3906330250064195
PTPN5,1.1699023333333332,0.46376811594202905,PTPN5,0.39039537024831916
ARL5B,0.9971483333333333,0.40673211781206176,ARL5B,0.38957740993429035
HIF1AN,1.2158883333333332,0.4782608695652172,HIF1AN,0.3894917726864789
NTC_1374,2.3810416666666665,0.6862187793221464,NTC,0.3893893659595918
PPP1R3C,1.2136283333333333,0.4782608695652172,PPP1R3C,0.3887678152455367
NTC_374,0.4941983333333333,0.16351115716206643,NTC,0.38866356810264274
CKMT1A,1.0308249999999999,0.42004118050789285,CKMT1A,0.388320157720102
IDH3B,1.2058883333333332,0.4782608695652172,IDH3B,0.3862884211778852
PRKCH,1.2055583333333333,0.4782608695652172,PRKCH,0.3861827105781016
NTC_1147,0.5349949999999999,0.1898874846650891,NTC,0.3860008496870748
NTC_1436,1.0610916666666665,0.4334807127367144,NTC,0.38520834249422087
NTC_1207,1.115025,0.45309186047222316,NTC,0.38336091499158675
TRPM8,1.0586533333333332,0.4347826086956522,TRPM8,0.382944379359478
NTC_200,0.6638783333333331,0.2656918864313077,NTC,0.3821427799114094
ADORA1,1.0990183333333332,0.44927536231884063,ADORA1,0.38189501979865437
NTC_1781,0.6491316666666667,0.2586751735282048,NTC,0.3811994884595376
NTC_1739,1.3641516666666667,0.5255300376364578,NTC,0.3811473260585566
PTPN2,1.0523233333333333,0.4347826086956522,PTPN2,0.3806546421574867
WNK2,1.2635183333333333,0.4999999999999998,WNK2,0.38035691840469427
TRAPPC6A,1.138103333333333,0.46376811594202905,TRAPPC6A,0.37978407217255983
NTC_986,1.3569149999999999,0.5255300376364578,NTC,0.3791253836184488
NTC_310,0.7461649999999997,0.310534197272332,NTC,0.37897016462867916
BPI,1.0454833333333333,0.4347826086956522,BPI,0.37818042375912636
NTC_705,0.6151849999999999,0.24502962432206343,NTC,0.3757435591467972
PHYH,1.1726983333333332,0.4782608695652172,PHYH,0.3756564975208627
FTH1,1.2446983333333332,0.4999999999999998,FTH1,0.3746915338862981
LATS2,1.077678333333333,0.44927536231884063,LATS2,0.3744796387487447
ITPKA,1.1443116666666664,0.47093491689296046,ITPKA,0.3742346668902636
PROSC,0.955938,0.4077914714571334,PROSC,0.37239698655708514
STK36,1.1531483333333332,0.4782608695652172,STK36,0.3693939453215621
EPHX2,1.8984549999999998,0.6390588165080121,EPHX2,0.36917198208918095
NTC_610,1.2782083333333332,0.5148311295964891,NTC,0.36855245681072396
NTC_312,0.5895316666666663,0.23839962620032018,NTC,0.36709808507421043
NTC_1577,1.0100516666666666,0.4334807127367144,NTC,0.366679280002694
NTC_1585,0.6771516666666666,0.28752347491665564,NTC,0.36656027133283936
NTC_755,0.5663583333333331,0.2255218446376277,NTC,0.3663270179020961
NTC_1327,1.4958183333333332,0.5694332663215453,NTC,0.3658130908672542
FAAH,1.1409683333333334,0.4782608695652172,FAAH,0.36549226318409506
NTC_344,1.222885,0.5042465118903798,NTC,0.3636335339603586
AKAP4,1.1340583333333332,0.4782608695652172,AKAP4,0.36327874729165677
NTC_954,0.699185,0.3027325543237831,NTC,0.36283567548121876
NTC_170,1.1445583333333331,0.48342657054454485,NTC,0.3613021375432503
DHODH,1.063175,0.4579391841484885,DHODH,0.36062066077394644
NTC_1600,0.6381783333333333,0.2728385659706112,NTC,0.3599927230560847
NTC_502,1.2449616666666665,0.5148311295964891,NTC,0.35896627249223084
NTC_1055,0.49741166666666636,0.1898874846650891,NTC,0.358884337194922
PRKDC,1.1861683333333333,0.4999999999999998,PRKDC,0.3570722482400853
NTC_100,0.7682216666666664,0.34305618987799824,NTC,0.3569424744659973
SMS,1.1135583333333332,0.47872837774661064,SMS,0.3562393683669284
MMP28,1.4711683333333332,0.5726975222066386,MMP28,0.35613262686667835
XYLB,1.0127716666666666,0.44512249709050755,XYLB,0.3560099574167855
NTC_1335,0.5715349999999999,0.23839962620032018,NTC,0.3558916609843784
NTC_1346,0.683558333333333,0.3027325543237831,NTC,0.35472635941248165
NTC_1205,2.273085,0.6983843829909577,NTC,0.3543864096511814
NTC_631,1.3533183333333332,0.5472638215462551,NTC,0.35430315310596155
NTC_543,0.7284950000000001,0.3265321669468846,NTC,0.3541025001804297
ZC3HC1,1.204883333333333,0.509116409537167,ZC3HC1,0.35325119563075374
NTC_105,0.7261316666666664,0.3265321669468846,NTC,0.3529537452238504
PIP5K1B,0.9694463333333333,0.43248485571901757,PIP5K1B,0.3529066719380386
GRK6,1.150888333333333,0.49368863955119224,GRK6,0.3528012121294232
CFD,1.202973333333333,0.509116409537167,CFD,0.3526912162825557
NTC_1396,0.638115,0.2801156405678691,NTC,0.3526623212795857
ACSL4,1.5191183333333331,0.5890603085553997,ACSL4,0.34915452149224163
CLCNKA,1.0866433333333334,0.47872837774661064,CLCNKA,0.34762896843314633
NTC_1832,0.642128333333333,0.28752347491665564,NTC,0.3476012061756285
NTC_1009,1.4198516666666665,0.5694332663215453,NTC,0.34723489823721176
CSAD,3.2598183333333335,0.7826086956521735,CSAD,0.34702503939545964
PTPRN,1.0776383333333333,0.4782608695652172,PTPRN,0.34520543808017123
NTC_1039,0.9724849999999997,0.4432243006646116,NTC,0.3436532839056572
PRKAB1,1.2239018333333331,0.5245441795231417,PRKAB1,0.34295923538539785
MKNK2,0.9400216666666666,0.43248485571901757,MKNK2,0.34219523714358774
HTR7,1.5893716666666666,0.6096654829757392,HTR7,0.3415693098781852
OAT,1.0648883333333332,0.47872837774661064,OAT,0.3406693083714918
NTC_836,0.6423883333333331,0.2950623685283952,NTC,0.34052117495293194
DUSP19,1.062498333333333,0.4782608695652172,DUSP19,0.34035556389616034
MAP3K19,1.2033983333333333,0.5217391304347824,MAP3K19,0.3400160954588765
PLEKHA4,1.1558683333333333,0.509116409537167,PLEKHA4,0.3388808355512097
CHRND,2.279818333333333,0.7110799438990183,CHRND,0.33759907929693644
NTC_1124,1.1342849999999998,0.5042465118903798,NTC,0.3372876951375029
NTC_1941,0.8372116666666665,0.39576602610453004,NTC,0.3370291758431583
PISD,2.9051183333333332,0.7667134174848061,PISD,0.3351546023558815
NTC_1801,1.369245,0.5694332663215453,NTC,0.3348586753100813
C9orf96,2.434798333333333,0.7293127629733521,C9orf96,0.33377721772433605
NTC_1797,0.4388116666666666,0.17370957359720418,NTC,0.33357420536580085
OXSR1,1.1368389333333333,0.509116409537167,OXSR1,0.3333017407823088
CTLA4,0.9960633333333332,0.46376811594202905,CTLA4,0.3323854502447996
NTC_1036,0.45978833333333347,0.1898874846650891,NTC,0.33173896455643653
NTC_1203,1.1478516666666665,0.5148311295964891,NTC,0.3309660411155856
SPEG,1.2784783333333332,0.5524007042463668,SPEG,0.32952239065900346
SORD,1.2426883333333332,0.543478260869565,SORD,0.3290860191126827
ADCK5,1.1613683333333333,0.5217391304347824,ADCK5,0.3281406622824387
NTC_576,0.5674983333333332,0.2656918864313077,NTC,0.3266643597271965
NTC_974,0.7193083333333332,0.3515151262406778,NTC,0.32660625156426526
NTC_526,0.7348383333333333,0.36010501315221366,NTC,0.32595285135479996
NTC_1856,0.8513249999999999,0.4143696036917608,NTC,0.32572725454826057
NTC_1765,0.4846716666666664,0.21314858758001587,NTC,0.3253685913820204
PDE6H,1.1515383333333333,0.5217391304347824,PDE6H,0.3253632293030339
PTGR2,1.159733333333333,0.5245441795231417,PTGR2,0.3249780712948999
CD3G,3.047718333333333,0.7826086956521735,CD3G,0.32444586370853934
NTC_313,1.4785183333333332,0.6034692986494639,NTC,0.32430533714230575
DUSP23,3.0417183333333333,0.7826086956521735,DUSP23,0.32380713172305364
ARHGAP26,1.2226983333333332,0.543478260869565,ARHGAP26,0.3237923108307221
NTC_1477,1.087885,0.5042465118903798,NTC,0.32349032582169596
NTC_1158,0.4812316666666665,0.21314858758001587,NTC,0.3230592590415271
NTC_1284,1.3205916666666666,0.5694332663215453,NTC,0.3229601540451361
NTC_1758,0.8213249999999996,0.40500395561541536,NTC,0.322403519233702
NTC_520,0.5359449999999999,0.2517879366079583,NTC,0.32101234043221616
NTC_301,0.6183149999999997,0.3027325543237831,NTC,0.3208689269437555
TSTA3,0.8867683333333332,0.4347826086956522,TSTA3,0.320768790265594
AADAT,2.5254683333333334,0.7480130902290791,AADAT,0.3184383273624617
NTC_56,0.46545499999999995,0.20714904818668411,NTC,0.31823952316976234
NTC_1637,2.381718333333333,0.7353376257693391,NTC,0.3179908635040465
NTC_144,0.4485783333333333,0.1955194972403641,NTC,0.31795677623432117
PLA2G1B,1.0018883333333333,0.48410969532392345,PLA2G1B,0.31565115076479827
IFNAR2,1.0614383333333333,0.509116409537167,IFNAR2,0.3111955738494581
NTC_1812,0.6118683333333332,0.310534197272332,NTC,0.31076215450256833
NTC_368,1.3160516666666666,0.5806764575913619,NTC,0.3106747648479572
MELK,1.0983883333333333,0.5217391304347824,MELK,0.3103458780461301
STK40,1.9413333333333331,0.6928471248246845,STK40,0.3093758904419817
NTC_1888,0.38628166666666663,0.1585843361106538,NTC,0.30892478868667894
CRH,0.7651850000000002,0.3957357285667392,CRH,0.30805945472073054
NTC_976,0.5522683333333331,0.2801156405678691,NTC,0.30521807574268156
NTC_1796,0.41479166666666667,0.18437590589369712,NTC,0.3045797923360984
PAK2,0.9925595333333332,0.49368863955119224,PAK2,0.3042660146327095
PRKD1,1.2315883333333333,0.5665154725314075,PRKD1,0.3039414978450442
NTC_865,2.1506849999999997,0.7229466854496152,NTC,0.30301802972641345
IL4I1,0.9865433333333332,0.49368863955119224,IL4I1,0.30242176737523185
STYK1,1.0282283333333333,0.509116409537167,STYK1,0.301458969580527
NTC_753,0.8063783333333332,0.4238621547619892,NTC,0.30059797221954115
NTC_352,0.7409983333333332,0.39576602610453004,NTC,0.2982973930342035
MAN1B1,1.3225516666666666,0.5951478618960937,MAN1B1,0.29807024361231127
ADSSL1,0.9827249999999997,0.49744859896750315,ADSSL1,0.29801311332257596
NTC_364,1.7391516666666667,0.674133946946755,NTC,0.2978363365827875
NTC_151,0.6867349999999997,0.36882550643268,NTC,0.2974792166776932
NTC_540,1.4084516666666667,0.6150145313229105,NTC,0.2973447422884235
PPP1R3B,1.1113183333333332,0.5404394576905096,PPP1R3B,0.2970031035136484
NTC_1603,0.7761583333333331,0.4143696036917608,NTC,0.2969675776130389
OXT,0.9783683333333332,0.49744859896750315,OXT,0.2966919463663654
NTC_213,0.5346316666666664,0.2801156405678691,NTC,0.2954709489609871
NTC_756,0.5813583333333332,0.310534197272332,NTC,0.2952664133155373
HINT1,1.5225483333333332,0.6400187003272557,HINT1,0.29508103708074607
NTC_1471,0.6497516666666665,0.3515151262406778,NTC,0.29502363098481266
NTC_777,0.5681683333333334,0.3027325543237831,NTC,0.2948457718801723
NTC_671,2.0920183333333333,0.7229466854496152,NTC,0.29475226428705364
ACSS2,1.2162183333333332,0.5726975222066386,ACSS2,0.29441568315437283
PRKCI,0.9967733333333332,0.509116409537167,PRKCI,0.29223690130954744
NTC_1380,0.45022833333333323,0.2255218446376277,NTC,0.2912128117799937
NTC_1629,0.47661833333333337,0.24502962432206343,NTC,0.29110961567866783
NTC_933,1.2745849999999996,0.5920225255079181,NTC,0.2901742755272805
DGKE,1.2504983333333333,0.5890603085553997,DGKE,0.28741483637011755
HCN2,1.0250033333333333,0.5245441795231417,HCN2,0.2872243099024288
CHRNA1,1.3180183333333333,0.605890603085554,CHRNA1,0.2868084114820604
PTGS1,0.8950033333333333,0.47872837774661064,PTGS1,0.2863212573683122
NTC_1480,0.44200499999999976,0.2255218446376277,NTC,0.2858938661586145
NTC_787,0.587615,0.3265321669468846,NTC,0.2856243908929
NTC_273,0.8264849999999999,0.45309186047222316,NTC,0.28415689856893034
NTC_275,0.5713349999999999,0.3184673930827593,NTC,0.2839163737404225
NTC_837,0.5587449999999998,0.310534197272332,NTC,0.28378131463610773
PIK3R3,0.9672933333333332,0.509116409537167,PIK3R3,0.28359386927557906
MGST3,1.821338,0.6991883262212406,MGST3,0.28304654610456714
FLT1,2.2375333333333334,0.7480130902290791,FLT1,0.2821323723128925
NTC_211,1.8897183333333332,0.710627968367698,NTC,0.2803542728957254
NTC_970,0.7102849999999998,0.40500395561541536,NTC,0.27881579601121365
NTC_1573,0.6255016666666666,0.36010501315221366,NTC,0.2774542950860116
NTC_725,0.8277449999999997,0.4630822527891689,NTC,0.2767498050848106
NTC_48,1.1310249999999997,0.5694332663215453,NTC,0.27660026747775934
SSTR1,0.9092483333333331,0.49744859896750315,SSTR1,0.2757311827825994
NTC_997,0.6058016666666663,0.3515151262406778,NTC,0.27506787058130067
KCNK3,1.3434849999999998,0.6243024678463787,KCNK3,0.2748836789856767
NTC_1321,1.946918333333333,0.7229466854496152,NTC,0.27430858419754606
NTC_168,1.5191183333333331,0.6621326131582912,NTC,0.27200576437398055
NTC_562,0.5985783333333332,0.3515151262406778,NTC,0.2717880728722063
PDGFRA,1.4784983333333332,0.6573165030388032,PDGFRA,0.2694200446488917
NTC_1313,2.016278333333333,0.7353376257693391,NTC,0.2691997955038763
MAP4K1,1.1633183333333332,0.5869565217391302,MAP4K1,0.2691849609735966
NTC_260,0.7029449999999997,0.4143696036917608,NTC,0.26895526966602296
CHM,3.2236183333333335,0.8260869565217387,CHM,0.2674772653490832
NTC_642,0.5373816666666664,0.3184673930827593,NTC,0.2670437731183709
PTS,5.322618333333333,0.8913043478260865,PTS,0.2659923953214242
NTC_1620,0.7126583333333332,0.4238621547619892,NTC,0.26566146562968723
MGST2,0.9465183333333332,0.5245441795231417,MGST2,0.2652314058507098
GLP1R,1.5086716666666666,0.6689146847303868,GLP1R,0.2634582315871725
NTC_908,0.5656149999999998,0.34305618987799824,NTC,0.2628043785475352
NTC_264,0.5653516666666665,0.34305618987799824,NTC,0.26268202473263014
PSPH,0.8988283333333331,0.5109516278236996,PSPH,0.26211650993229507
SLC19A3,0.9336433333333333,0.5245441795231417,SLC19A3,0.26162360003219826
NTC_418,1.3910183333333332,0.6502174411635121,NTC,0.26003889427811355
TPSAB1,1.1311483333333332,0.5890603085553997,TPSAB1,0.2599834037912868
PIP4K2B,0.9270333333333332,0.5245441795231417,PIP4K2B,0.2597713595304226
NTC_82,0.6777983333333333,0.4143696036917608,NTC,0.2593338504731489
MAP3K5,1.1205583333333333,0.5869565217391302,MAP3K5,0.25929055064633083
CDC42BPB,1.0705473333333333,0.5726975222066386,CDC42BPB,0.2591524201321518
NTC_1040,0.641768333333333,0.39576602610453004,NTC,0.2583512163975704
NTC_1830,0.47641166666666646,0.28752347491665564,NTC,0.2578943512892929
NTC_1250,0.49538499999999974,0.3027325543237831,NTC,0.2570755252161638
SSH3,1.321768333333333,0.6390588165080121,SSH3,0.2570299719926887
NTC_1355,1.641585,0.6983843829909577,NTC,0.2559320985740677
NTC_1606,0.49302166666666647,0.3027325543237831,NTC,0.25584909494894226
KSR2,1.1005683333333331,0.5869565217391302,KSR2,0.2546649832365543
STK11,1.0770516666666665,0.5807645250813165,STK11,0.254184106702674
KCNN1,2.5072183333333333,0.7921130375100711,KCNN1,0.25376268433565385
NTC_277,1.1109516666666663,0.5920225255079181,NTC,0.25292122143350565
NTC_1617,0.4469049999999999,0.2728385659706112,NTC,0.2520965371184849
NTC_591,0.6413583333333333,0.40500395561541536,NTC,0.2517592716117596
NTC_1248,0.44463499999999967,0.2728385659706112,NTC,0.25081604318966555
NTC_319,0.4178083333333331,0.2517879366079583,NTC,0.2502526022920576
NTC_749,0.6712349999999998,0.4238621547619892,NTC,0.25021986769996346
NTC_1027,0.5379849999999999,0.34305618987799824,NTC,0.24996652067730835
MMP8,4.997518333333333,0.8913043478260865,MMP8,0.24974585606133043
NTC_571,0.4902816666666667,0.310534197272332,NTC,0.2490094334779706
NTC_1232,1.8625183333333333,0.7353376257693391,NTC,0.24867080410800782
NTC_280,0.8113449999999998,0.4937778104059273,NTC,0.2486516287220511
NTC_1866,0.633248333333333,0.40500395561541536,NTC,0.24857576625031874
NTC_1570,0.3908583333333331,0.23189727425853268,NTC,0.24807948677234198
UCK2,1.233588333333333,0.6304347826086953,UCK2,0.24716155342284363
NTC_1289,0.4863516666666665,0.310534197272332,NTC,0.24701342355122413
PIP4K2C,4.930218333333333,0.8913043478260865,PIP4K2C,0.24638260754639868
NTC_1417,0.6257916666666665,0.40500395561541536,NTC,0.2456487208357923
ERBB4,0.9149533333333333,0.5404394576905096,ERBB4,0.24452397789126518
SGK2,1.1297983333333332,0.6086956521739127,SGK2,0.24358429509040275
SLC22A4,1.4273683333333334,0.6750818139317438,SLC22A4,0.24357125856200373
PKIB,1.0779949999999998,0.5951478618960937,PKIB,0.24295325495502013
NTC_68,0.8161516666666664,0.5042465118903798,NTC,0.24268849057567676
SLC25A10,1.5581133333333332,0.6991883262212406,SLC25A10,0.24213989794287175
NTC_1948,2.0325516666666665,0.7603242621734322,NTC,0.24187598744661906
NTC_15,0.5316216666666664,0.3515151262406778,NTC,0.24138599784563494
CA7,0.8941683333333332,0.5384351407000686,CA7,0.24041200305089658
CDC42SE2,0.8992083333333332,0.5404394576905096,CDC42SE2,0.24031608018584705
PTPRA,0.8233709999999999,0.5109516278236996,PTPRA,0.24011162632033603
CYTH2,1.1169149999999999,0.6096654829757392,CYTH2,0.24003440714575455
NTC_854,0.6101516666666664,0.40500395561541536,NTC,0.23950938373925304
NTC_469,2.0064516666666665,0.7603242621734322,NTC,0.2387700574100607
NTC_53,0.43099166666666644,0.2801156405678691,NTC,0.238192992828603
METAP1,1.1852383333333332,0.6304347826086953,METAP1,0.23747415545945408
MCCC1,0.9805583333333332,0.5726975222066386,MCCC1,0.23736836032541844
NTC_1341,0.6705783333333333,0.4432243006646116,NTC,0.2369665818660262
GNE,1.1011416666666667,0.6096654829757392,GNE,0.23664458543561637
NTC_134,1.6735516666666668,0.7229466854496152,NTC,0.2357929351247109
NTC_1166,0.5314349999999999,0.36010501315221366,NTC,0.23572906543126912
CANT1,0.8395678333333332,0.5245441795231417,CANT1,0.2352619583794303
PRKD3,0.6442813333333333,0.43248485571901757,PRKD3,0.23453715107331238
ADRB2,1.1451583333333333,0.6243024678463787,ADRB2,0.23430506160304923
MTAP,0.9866083333333332,0.5807645250813165,MTAP,0.2328394873106496
RPS6KA4,0.7676516666666666,0.49744859896750315,RPS6KA4,0.23279174044681644
NNT,1.1540283333333332,0.6304347826086953,NNT,0.23122092504709857
NTC_1181,0.5601783333333332,0.38665655063937165,NTC,0.23117138516190475
IMPA1,2.208918333333333,0.7858812529219263,IMPA1,0.2311479982799045
MYL6B,1.1495083333333334,0.6304347826086953,MYL6B,0.23031529859840116
CA6,0.9473533333333332,0.5726975222066386,CA6,0.22933027004902265
NTC_905,0.6316183333333334,0.4334807127367144,NTC,0.22929654328227597
NTC_437,0.48118499999999975,0.33472847233967196,NTC,0.22871076458568335
NTC_1033,0.4392849999999997,0.3027325543237831,NTC,0.22796294214516483
AKT3,1.7819516666666666,0.7452925904926738,AKT3,0.22750746510004913
GUCA1A,1.7730016666666666,0.7452925904926738,GUCA1A,0.2263647899923374
ACVR2B,0.7461806666666666,0.49744859896750315,ACVR2B,0.22628062130753634
FGFR4,1.050095,0.6096654829757392,FGFR4,0.2256742283626965
CDKN1A,0.47861833333333315,0.3386350750499835,CDKN1A,0.22507891541479164
NTC_1171,0.7778583333333333,0.5148311295964891,NTC,0.22428393895154944
NTC_1881,0.4415049999999998,0.310534197272332,NTC,0.22423622460767387
OTC,1.0264983333333333,0.605890603085554,OTC,0.22337197361112768
GK,0.8965516666666665,0.5665154725314075,GK,0.22125839380485962
NTC_533,0.6254749999999998,0.4432243006646116,NTC,0.221028126655826
DSTYK,0.8945883333333332,0.5665154725314075,DSTYK,0.22077386625782827
NTC_442,1.2854183333333333,0.674133946946755,NTC,0.22013277778707382
NTC_1369,0.35989499999999985,0.24502962432206343,NTC,0.21981717405192996
RTCA,0.8620333333333332,0.5563347358578775,RTCA,0.21952870437440153
NTC_692,0.588148333333333,0.4238621547619892,NTC,0.21924720575449827
GPX1,0.9025483333333333,0.5726975222066386,GPX1,0.21848411330052356
NTC_419,0.5042449999999998,0.36882550643268,NTC,0.21842837137126178
CELA1,1.1760583333333332,0.6521739130434779,CELA1,0.21831944330753109
CIT,0.9447883333333331,0.5890603085553997,CIT,0.21715037676664586
NTC_667,0.6085349999999998,0.4432243006646116,NTC,0.21504192982054132
NTC_1135,2.051318333333333,0.7855635194438192,NTC,0.21501650627446758
PRKAR1A,0.8683083333333331,0.5665154725314075,PRKAR1A,0.2142882717233712
FGF4,1.457295,0.7144668914684729,FGF4,0.21279114347845887
SIGLEC1,1.032398333333333,0.6227208976157083,SIGLEC1,0.2123711094284662
PRDX6,0.7851183333333331,0.5384351407000686,PRDX6,0.21109209990137742
ERBB2,0.6690049999999998,0.48410969532392345,ERBB2,0.21077418619580407
MTMR6,1.6465283333333331,0.7452925904926738,MTMR6,0.21021753526727271
NTC_355,0.8024616666666664,0.5472638215462551,NTC,0.21008708131986562
NTC_1061,0.7058016666666664,0.5042465118903798,NTC,0.20987513488603665
NTC_1522,0.955058333333333,0.6034692986494639,NTC,0.20948709785961522
ALPPL2,1.0732533333333332,0.6400187003272557,ALPPL2,0.20800436985604243
NTC_1167,0.49026499999999973,0.37767618511607093,NTC,0.20732345898071433
NTC_1562,1.6346516666666666,0.7477978244232752,NTC,0.20631887220700582
NTC_1750,0.39738499999999943,0.3027325543237831,NTC,0.20621931949498903
NTC_1914,0.5820349999999999,0.4432243006646116,NTC,0.20567745425176656
NTC_577,0.5793816666666665,0.4432243006646116,NTC,0.20473982877343389
NTC_1249,0.484105,0.37767618511607093,NTC,0.20471851572080155
NTC_1198,0.29379833333333316,0.2012730106544035,NTC,0.2045466471537105
NTC_528,0.6082916666666665,0.4630822527891689,NTC,0.20337736885721397
NTC_726,0.5150816666666664,0.40500395561541536,NTC,0.20219053605587792
VDAC1,1.0872983333333333,0.6521739130434779,VDAC1,0.20184234073639182
CHUK,0.6643383333333333,0.49744859896750315,CHUK,0.20146178739341924
STK16,1.0845583333333333,0.6521739130434779,STK16,0.20133369651551616
NTC_1164,0.4874949999999998,0.38665655063937165,NTC,0.20117681763754292
P4HA1,1.0768483333333332,0.6521739130434779,P4HA1,0.19990243850713982
NTC_674,0.9838016666666666,0.6266559047543299,NTC,0.1996830740656101
DUSP8,0.9282983333333333,0.6096654829757392,DUSP8,0.19949910252441658
PTGER3,0.8063783333333332,0.5665154725314075,PTGER3,0.19900467699281846
STK35,0.9130483333333332,0.605890603085554,STK35,0.19868459752558532
NTC_648,0.6477216666666665,0.4937778104059273,NTC,0.19850624256663707
NTC_848,0.8711249999999998,0.5920225255079181,NTC,0.19832185830580323
NTC_1357,0.4577849999999999,0.36882550643268,NTC,0.19830287258811308
NTC_1639,0.39870499999999964,0.3184673930827593,NTC,0.19813048000240677
NTC_477,0.4666349999999997,0.37767618511607093,NTC,0.19733079514439258
MAN2A1,0.9055133333333332,0.605890603085554,MAN2A1,0.19704493795040184
NTC_1699,0.44278499999999976,0.36010501315221366,NTC,0.19640651111986315
HLA-A,0.8619086666666665,0.5951478618960937,HLA-A,0.1942527711544192
NTC_117,0.3177316666666665,0.24502962432206343,NTC,0.19406459404403079
NTC_1094,0.40714499999999987,0.33472847233967196,NTC,0.1935190087954489
ACAD8,0.8416983333333332,0.5890603085553997,ACAD8,0.19345614648133663
NTC_1441,1.364385,0.7229466854496152,NTC,0.1922332905508118
NTC_202,0.7339916666666664,0.5472638215462551,NTC,0.19216141202562576
CDK10,1.1250683333333333,0.6750818139317438,CDK10,0.19198570090055422
PKIG,0.8816233333333332,0.605890603085554,PKIG,0.19184633579364904
PRG2,4.829418333333333,0.9130434782608691,PRG2,0.19080327359863133
BRSK1,0.9225083333333333,0.6227208976157083,BRSK1,0.1897660155789403
NTC_604,0.34973833333333326,0.28752347491665564,NTC,0.18932269485983447
NGB,0.8746916666666665,0.6096654829757392,NGB,0.18797857996684197
NTC_1334,1.402985,0.7353376257693391,NTC,0.18731703299643943
NTC_1847,0.3852583333333335,0.3265321669468846,NTC,0.18726407051342664
ATOX1,0.9609849999999999,0.6390588165080121,ATOX1,0.18687234472661798
NTC_1236,0.5908016666666664,0.48342657054454485,NTC,0.18649805677367381
NTC_1468,0.3835516666666663,0.3265321669468846,NTC,0.18643450416960625
NTC_868,0.5733949999999997,0.47319425686009076,NTC,0.18633074598180965
NTC_1097,1.3206816666666663,0.7229466854496152,NTC,0.18607576494425226
FAH,2.0079296666666666,0.8078541374474051,FAH,0.18606891164647102
PKIA,0.8549633333333332,0.605890603085554,PKIA,0.18604496561788386
NTC_489,0.4494216666666666,0.38665655063937165,NTC,0.18546491897837028
NTC_1882,1.3888183333333333,0.7353376257693391,NTC,0.1854255958339255
ITPK1,1.6856516666666665,0.7764316194682341,ITPK1,0.1852477016244082
NTC_191,0.3490183333333332,0.2950623685283952,NTC,0.18500979357779024
GYG1,0.40501833333333326,0.3496165438214317,GYG1,0.18485361751555315
NTC_1845,0.5681283333333331,0.47319425686009076,NTC,0.1846192871640008
NTC_824,0.48131499999999994,0.4143696036917608,NTC,0.18415694772606941
NTC_36,0.49363833333333296,0.4238621547619892,NTC,0.18401620663150323
NTC_1909,0.3860616666666665,0.33472847233967196,NTC,0.18349794561459018
NTC_1609,0.5795816666666664,0.48342657054454485,NTC,0.18295624517248682
NTC_734,0.46444833333333335,0.40500395561541536,NTC,0.18231489017002311
TPMT,1.0567883333333332,0.6739130434782605,TPMT,0.1811294388554201
UHMK1,1.3179933333333334,0.7293127629733521,UHMK1,0.18067867952618533
PLCL1,1.7224533333333332,0.7858812529219263,PLCL1,0.18024280668164847
TNNC2,0.9641883333333332,0.6521739130434779,TNNC2,0.17898862174661082
PPP2R3A,0.9194749999999997,0.6390588165080121,PPP2R3A,0.1788003446125663
NTC_761,0.4795516666666664,0.4238621547619892,NTC,0.17876504441608418
NTC_680,0.6384349999999999,0.5255300376364578,NTC,0.1783803070129259
NTC_819,0.39165833333333344,0.3515151262406778,NTC,0.1778348091021341
NTC_932,0.41924833333333344,0.37767618511607093,NTC,0.17729190262116662
CPS1,0.9127433333333332,0.6400187003272557,CPS1,0.17689635428445322
GLRB,0.8128333333333331,0.605890603085554,GLRB,0.17687723397853697
CHRNB2,1.0360133333333332,0.6750818139317438,CHRNB2,0.17678903587395686
NUAK2,1.208378333333333,0.7144668914684729,NUAK2,0.1764448566039095
TAB2,1.024258333333333,0.6739130434782605,TAB2,0.17555392249124735
NTC_1475,0.3692183333333332,0.33472847233967196,NTC,0.1754921855746093
GKAP1,1.1813733333333332,0.7110799438990183,GKAP1,0.1749396185687103
NTC_94,0.5537916666666667,0.48342657054454485,NTC,0.1748151292014875
NTC_544,1.3028616666666668,0.7353376257693391,NTC,0.1739492452198677
CHRNA3,0.8936283333333332,0.6390588165080121,CHRNA3,0.17377422328562855
CYB5R1,0.8442883333333332,0.6227208976157083,CYB5R1,0.17367564847629294
PACSIN2,0.6431383333333334,0.5384351407000686,PACSIN2,0.17291841948717548
NTC_1386,0.6188549999999999,0.5255300376364578,NTC,0.17290960692393786
NTC_1247,0.3551716666666662,0.3265321669468846,NTC,0.17263972321006552
F7,0.8900983333333332,0.6400187003272557,F7,0.17250758715082515
KIT,0.8769313333333334,0.6390588165080121,KIT,0.17052733853727106
NDUFA12,0.7002183333333332,0.5726975222066386,NDUFA12,0.16950514008494882
BRD3,0.6569349999999998,0.5524007042463668,BRD3,0.16932222163137095
MAPK1,1.9997483333333332,0.823654919280236,MAPK1,0.16848820270515172
NTC_1893,2.375828333333333,0.8496000294473002,NTC,0.16817415184705709
NTC_633,0.3759950000000001,0.36010501315221366,NTC,0.1667804152094425
PDE11A,0.8092183333333332,0.6227208976157083,PDE11A,0.1664615194263077
NEK10,0.8086533333333332,0.6227208976157083,NEK10,0.1663452952200562
NTC_1463,0.45680833333333304,0.4334807127367144,NTC,0.16583523030923886
NTC_150,0.5072049999999997,0.47319425686009076,NTC,0.16482160816837216
BBOX1,0.8394433333333331,0.6400187003272557,BBOX1,0.16269027652358165
IBTK,0.5158516666666664,0.48410969532392345,IBTK,0.16252227597613744
NEK4,1.750698333333333,0.8078541374474051,NEK4,0.16223204373756653
ATP1A1,0.6848483333333331,0.5807645250813165,ATP1A1,0.1616241515821572
GSTO1,0.7418933333333333,0.605890603085554,GSTO1,0.16144027972989555
SERPIND1,0.8326533333333332,0.6400187003272557,SERPIND1,0.1613743247091708
MAST4,0.8850433333333332,0.6573165030388032,MAST4,0.16127743197740313
NTC_686,1.3456183333333334,0.7603242621734322,NTC,0.16013013023921843
NTC_444,0.46523499999999984,0.45309186047222316,NTC,0.15995418514034287
TRIB3,0.9323383333333332,0.6739130434782605,TRIB3,0.1597991895003234
ARF1,0.9084349999999998,0.6689146847303868,ARF1,0.15863934075244537
PPP2R2C,1.6787683333333332,0.8050490883590465,PPP2R2C,0.15810243546574101
NTC_386,0.8414249999999999,0.6502174411635121,NTC,0.15729715516663093
PDPR,0.8600433333333332,0.6573165030388032,PDPR,0.15672179538021005
NTC_365,0.301028333333333,0.3027325543237831,NTC,0.1562159066112479
NTC_1131,0.5244683333333331,0.5042465118903798,NTC,0.1559543812380553
PRKCE,0.9139183333333332,0.6750818139317438,PRKCE,0.155954306589555
PURA,0.7241816666666665,0.6096654829757392,PURA,0.15563271782020813
RDH13,0.629815,0.5665154725314075,RDH13,0.1554309254839833
NTC_1350,0.7967183333333332,0.6383910283695007,NTC,0.1552909397454534
NTC_712,0.46428833333333297,0.4630822527891689,NTC,0.15523102616524595
NTC_1402,0.7343249999999999,0.6150145313229105,NTC,0.1550267453605294
DAPK2,0.7959399999999999,0.6390588165080121,DAPK2,0.15477783114377883
C4B,1.3032883333333332,0.7608248037957683,C4B,0.15472031411937248
C4A,1.3032883333333332,0.7608248037957683,C4A,0.15472031411937248
EEF2,0.7912183333333331,0.6390588165080121,EEF2,0.15385965976647584
NTC_1160,0.41038166666666664,0.4238621547619892,NTC,0.1529801728751091
OAS1,0.7891433333333333,0.6400187003272557,OAS1,0.15294176750077354
LHCGR,1.1603383333333332,0.7391304347826083,LHCGR,0.15232795701439653
IGFBP7,0.9234183333333333,0.6839992838172538,IGFBP7,0.1523126395478595
NTC_775,0.5430516666666665,0.5255300376364578,NTC,0.1517299694156509
NTC_588,1.445485,0.7855635194438192,NTC,0.15151384820273245
CACNB3,0.9736783333333333,0.6991883262212406,CACNB3,0.15131529088332393
SYK,0.4983883333333332,0.49744859896750315,SYK,0.15113715318152732
NUDT9,1.1941683333333333,0.7480130902290791,NUDT9,0.15057364277221924
MST1R,0.8135916666666665,0.6539345289606396,MST1R,0.1500797810996944
NTC_1925,0.6112849999999999,0.5694332663215453,NTC,0.14949412657115635
ITPKC,0.7679783333333332,0.6390588165080121,ITPKC,0.14934042867395453
GHRHR,0.26825166666666656,0.27752081406105455,GHRHR,0.14933689366515807
NTC_1591,0.5883483333333333,0.558295047749257,NTC,0.14893227576711937
NTC_654,0.7053883333333331,0.6150145313229105,NTC,0.14891779189317383
NTC_1106,0.3992916666666666,0.4238621547619892,NTC,0.1488460941503814
NTC_1312,0.3054316666666663,0.3265321669468846,NTC,0.1484624009786507
NTC_450,0.5096483333333333,0.5148311295964891,NTC,0.1469495546705277
PRKAB2,1.1546283333333331,0.7480130902290791,PRKAB2,0.14558801246447628
SCLY,0.7872216666666665,0.6539345289606396,SCLY,0.14521541978707983
NTC_1939,0.4436916666666666,0.47319425686009076,NTC,0.14418228138702371
NTC_1006,0.38604499999999997,0.4238621547619892,NTC,0.14390806323602376
ABCG1,0.3815516666666665,0.42004118050789285,ABCG1,0.14373361470508353
NTC_1108,0.23960499999999985,0.2517879366079583,NTC,0.14351502827577667
NTC_1368,0.4262883333333334,0.4630822527891689,NTC,0.1425260353852078
NTC_1000,0.3709049999999996,0.4143696036917608,NTC,0.14191274466064369
NTC_1877,1.822085,0.8366985478235334,NTC,0.1410858358963376
NTC_1143,0.5558183333333333,0.558295047749257,NTC,0.14069775438544743
AURKC,0.9496133333333332,0.7110799438990183,AURKC,0.1406202337853359
TXNRD1,0.8811833333333332,0.6928471248246845,TXNRD1,0.14042765027093077
NAGPA,0.8226383333333331,0.6750818139317438,NAGPA,0.1403779595722308
NTC_1194,0.2699216666666666,0.3027325543237831,NTC,0.14007338580206433
NTC_1015,0.4301716666666664,0.47319425686009076,NTC,0.13978881495345855
NTC_21,0.3838916666666665,0.4334807127367144,NTC,0.13936427667795956
NTC_401,0.6865950000000001,0.6266559047543299,NTC,0.13935878021289275
UPP1,1.0986383333333332,0.7480130902290791,UPP1,0.13852818846522166
HNF4G,0.8114733333333333,0.6750818139317438,HNF4G,0.13847272387494305
LTC4S,0.8055583333333332,0.6750818139317438,LTC4S,0.13746336703217932
SIRT3,1.0450883333333332,0.7391304347826083,SIRT3,0.137198062102215
MTMR14,0.7512228333333333,0.6573165030388032,MTMR14,0.13689192928721614
NTC_336,0.797885,0.674133946946755,NTC,0.13664084045632827
MTNR1A,0.7977883333333331,0.6750818139317438,MTNR1A,0.13613746632748377
PPP1R3D,0.9920233333333331,0.7293127629733521,PPP1R3D,0.1359926954050082
ERBB3,0.8532283333333331,0.6928471248246845,ERBB3,0.1359726693210824
FGFR3,0.9938383333333333,0.7298349795589506,FGFR3,0.13593256162541617
CPD,0.2577516666666664,0.29699203246695116,CPD,0.13590090695339965
SCN9A,0.8517183333333332,0.6928471248246845,SCN9A,0.1357320318238808
NTC_895,0.5346549999999999,0.558295047749257,NTC,0.13534054808846663
PDXDC1,0.8479733333333331,0.6928471248246845,PDXDC1,0.1351352189583046
NTC_825,1.483885,0.8110302412446667,NTC,0.13497855966611202
NTC_1470,0.35096499999999997,0.4143696036917608,NTC,0.134283459187185
CHIA,0.8422833333333333,0.6928471248246845,CHIA,0.13422844587282307
NTC_737,0.45128499999999994,0.5042465118903798,NTC,0.13419279766560258
NTC_1397,0.23786499999999977,0.2728385659706112,NTC,0.13417827681876096
FRK,0.39455166666666663,0.4579391841484885,FRK,0.13382884543259124
IRAK1BP1,0.3213216666666665,0.38388887231058455,IRAK1BP1,0.13360377417469277
NTC_311,0.22650499999999996,0.2586751735282048,NTC,0.1330139855553612
SLC25A29,0.8538249999999998,0.6991883262212406,SLC25A29,0.13268938397361282
NTC_757,0.29912499999999986,0.36010501315221366,NTC,0.13268312530625262
NTC_1336,1.3534183333333332,0.7982700487108859,NTC,0.13243220758168617
NTC_1677,0.4894516666666664,0.5363415300892711,NTC,0.13242534466697936
ERN1,0.9646740383333332,0.7293127629733521,ERN1,0.1322434848577327
GRIN2C,1.0071683333333332,0.7391304347826083,GRIN2C,0.13221996565909203
NTC_330,0.5032016666666665,0.5472638215462551,NTC,0.13173983737369627
NTC_341,0.3690849999999999,0.4432243006646116,NTC,0.13042594208683886
GLRA2,0.7892916666666667,0.6839992838172538,GLRA2,0.13018920329333866
FNTB,1.1838183333333332,0.7764316194682341,FNTB,0.13009783084336574
NTC_381,0.49498833333333314,0.5472638215462551,NTC,0.1295895599217218
PRKCD,0.9856483333333332,0.7391304347826083,PRKCD,0.12939484341605387
NTC_1458,0.47805166666666654,0.5363415300892711,NTC,0.1293409769305596
NTC_1389,0.10196499999999986,0.054728929287313065,NTC,0.1286577085177891
GRK1,3.2385183333333334,0.9130434782608691,GRK1,0.12794913527043464
PRKG2,0.7494583333333333,0.6750818139317438,PRKG2,0.12789026155812272
NTC_1138,0.3480483333333333,0.4334807127367144,NTC,0.12635206344837574
PTP4A3,0.41661833333333353,0.49744859896750315,PTP4A3,0.12634025448007274
NTC_1209,2.4590183333333333,0.888533254349858,NTC,0.12621234612054014
NTC_1120,2.1690516666666664,0.8755208005048578,NTC,0.1252270128275189
NTC_1237,0.30064500000000005,0.38665655063937165,NTC,0.12406856344914127
FADS1,0.7209783333333333,0.6750818139317438,FADS1,0.12303033207681911
NTC_1950,0.46771833333333346,0.5472638215462551,NTC,0.12245018498884733
PLIN3,0.34698499999999965,0.44512249709050755,PLIN3,0.12197232519432302
CKB,0.3229183333333334,0.42004118050789285,CKB,0.12164596137143795
PRKAA2,0.8885836333333331,0.7298349795589506,PRKAA2,0.12153631576304616
NTC_1963,0.2796816666666666,0.36882550643268,NTC,0.12115223939235911
SLC22A8,1.047993333333333,0.7667134174848061,SLC22A8,0.12090378036406367
NTC_670,0.7717916666666662,0.6983843829909577,NTC,0.12032655081033099
PYGM,1.1280083333333333,0.7826086956521735,PYGM,0.1200825003990734
NTC_380,0.3906883333333331,0.4937778104059273,NTC,0.11973364032074754
NTC_236,0.48741833333333306,0.5694332663215453,NTC,0.1192016457404245
NME1,0.22605166666666654,0.29699203246695116,NME1,0.11918691706485285
NTC_720,0.2681716666666665,0.36010501315221366,NTC,0.11895312946734621
ACE,0.2684516666666663,0.36082181970099364,ACE,0.11884548771994742
NTC_697,0.7609916666666665,0.6983843829909577,NTC,0.11864277161851342
CLK1,0.7419533333333332,0.6928471248246845,CLK1,0.11823959812829488
NTC_1549,0.30101833333333317,0.40500395561541536,NTC,0.11816195783706844
NTC_1070,0.24705833333333316,0.33472847233967196,NTC,0.11742864036478959
NTC_1900,0.3611816666666665,0.47319425686009076,NTC,0.11736978764194547
STK33,1.957525,0.8713705947300884,STK33,0.1170543178906943
ISG20,0.7335833333333333,0.6928471248246845,ISG20,0.1169057333259257
NTC_616,0.2351616666666665,0.3184673930827593,NTC,0.11686006921115275
NTC_829,0.33910499999999977,0.45309186047222316,NTC,0.11658895816526262
HIPK1,0.9241573333333332,0.7480130902290791,HIPK1,0.11652773925618531
TSSK1B,1.093748333333333,0.7826086956521735,TSSK1B,0.11643534076194989
MAST2,0.8484033333333332,0.7293127629733521,MAST2,0.11630437734051312
NTC_1175,0.4436783333333332,0.5472638215462551,NTC,0.11615643458964284
RETSAT,0.46910166666666653,0.5665154725314075,RETSAT,0.11576876733021445
NTC_1575,0.34488166666666653,0.4630822527891689,NTC,0.11530837882116426
NTC_564,1.794995,0.8625419146266329,NTC,0.11527420464803
NTC_1934,0.42431833333333335,0.5363415300892711,NTC,0.11480296292146983
NTC_1425,1.4795516666666666,0.8366985478235334,NTC,0.11456314257758893
NTC_843,0.4204183333333331,0.5363415300892711,NTC,0.11374778448532614
NTC_1358,1.0733183333333332,0.7855635194438192,NTC,0.11250382468851385
CDC25A,0.60839,0.6539345289606396,CDC25A,0.1122271057634273
CCBL2,0.8177828333333332,0.7293127629733521,CCBL2,0.11210672977545344
NTC_1362,0.31711833333333317,0.4432243006646116,NTC,0.11206214660039879
NTC_1696,0.3168549999999999,0.4432243006646116,NTC,0.11196909080543865
TAT,0.7007033333333332,0.6928471248246845,TAT,0.11166589166500586
NTC_538,1.9299516666666667,0.8755208005048578,NTC,0.1114229254343065
NTC_861,0.28359833333333295,0.40500395561541536,NTC,0.11132389823209944
NTC_408,0.33243500000000004,0.4630822527891689,NTC,0.11114693710426406
NTC_1051,0.7484516666666665,0.710627968367698,NTC,0.11103857072487547
SLC16A3,0.9620133333333332,0.7667134174848061,SLC16A3,0.11098453116174477
PTK2,0.6710349999999998,0.6839992838172538,PTK2,0.11068343392106274
NTC_1835,0.21276499999999965,0.3027325543237831,NTC,0.11041245520679274
BHMT2,0.6464433333333333,0.6750818139317438,BHMT2,0.11031141199644816
NTC_1375,0.17330833333333295,0.23189727425853268,NTC,0.10999955410963878
KCNMB4,2.061118333333333,0.8845254791958861,KCNMB4,0.10983627975657206
NTC_1229,0.5405549999999999,0.6266559047543299,NTC,0.10971691526734133
NTC_1960,0.6120516666666667,0.6621326131582912,NTC,0.10959092374504649
MAP3K10,0.40948833333333323,0.5404394576905096,MAP3K10,0.10943696527334472
MARK4,0.2460849999999999,0.36082181970099364,MARK4,0.10894360317709564
LPPR2,1.0208183333333332,0.7826086956521735,LPPR2,0.10867155347837094
VRK2,0.7945093333333331,0.7298349795589506,VRK2,0.10866927275090177
BRAF,0.4561983333333335,0.5807645250813165,BRAF,0.10766276997319728
NTC_1863,0.6569916666666664,0.6862187793221464,NTC,0.10744270967849592
NTC_194,0.2256083333333332,0.33472847233967196,NTC,0.10723329782426379
NTC_205,0.30184166666666634,0.4432243006646116,NTC,0.10666373257125475
NTC_1428,0.30142499999999983,0.4432243006646116,NTC,0.10651649238935583
CANX,1.1307783333333332,0.8050490883590465,CANX,0.10649403191738278
HIPK4,0.2730183333333329,0.4077914714571334,HIPK4,0.10635753009941122
NTC_818,0.31743833333333304,0.4630822527891689,NTC,0.10613292363765059
NTC_1217,0.9485249999999998,0.7729138676202455,NTC,0.1061104488664916
ACP6,1.143715,0.8078541374474051,ACP6,0.1059846910061476
NTC_1195,0.3917016666666666,0.5363415300892711,NTC,0.10597824412004649
NTC_60,0.3916849999999996,0.5363415300892711,NTC,0.10597373481049023
DHCR7,0.9897783333333332,0.7826086956521735,DHCR7,0.10536718000679149
GSS,1.2476383333333332,0.823654919280236,GSS,0.10511939772890637
NTC_462,0.28954499999999994,0.4334807127367144,NTC,0.1051135854057433
SGPP1,0.8224449999999999,0.7452925904926738,SGPP1,0.10500418200692493
SYNC,0.9823683333333332,0.7826086956521735,SYNC,0.10457834600471662
ABCC8,0.6709403333333332,0.6991883262212406,ABCC8,0.10426804030457114
TLK2,0.32556833333333324,0.47872837774661064,TLK2,0.10415283506501552
EPHA10,0.2270850000000002,0.3496165438214317,EPHA10,0.10364341630671724
NTC_603,0.3095183333333331,0.4630822527891689,NTC,0.10348493608560053
NTC_256,0.18343166666666644,0.2728385659706112,NTC,0.10347274692504858
YES1,0.9710383333333332,0.7826086956521735,YES1,0.10337220710545775
NTC_762,0.300318333333333,0.45309186047222316,NTC,0.1032535692521826
MAP3K13,0.180485,0.26810599504640265,MAP3K13,0.10318209679311698
NTC_927,0.3569483333333332,0.5148311295964891,NTC,0.10292076946597896
GLS2,0.4471183333333333,0.5890603085553997,GLS2,0.1027657847975911
PPP1R3F,0.8093833333333331,0.7480130902290791,PPP1R3F,0.10205579355712388
LEPREL1,0.6968816666666666,0.7144668914684729,LEPREL1,0.10175719172794404
EIF2AK3,0.8563483333333332,0.7608248037957683,EIF2AK3,0.10166168125671941
TMLHE,0.9539383333333332,0.7826086956521735,TMLHE,0.10155182094682344
FES,0.25035166666666653,0.3957357285667392,FES,0.1007902636901656
FGB,0.6316483333333331,0.6928471248246845,FGB,0.10066110863900771
CYGB,1.4742849999999998,0.8554206081585148,CYGB,0.09998643808962279
NTC_516,0.3554216666666665,0.5255300376364578,NTC,0.09930568659150234
NTC_1887,0.3053849999999998,0.47319425686009076,NTC,0.09923807298922198
NTC_593,0.26573499999999983,0.4238621547619892,NTC,0.09905945986614191
NTC_1328,0.33255166666666636,0.5042465118903798,NTC,0.09888659831006764
BTK,0.7820933333333331,0.7480130902290791,BTK,0.09861477557284706
GSTA2,0.7812683333333332,0.7480130902290791,GSTA2,0.09851075066126672
NTC_803,0.779185,0.7477978244232752,NTC,0.09834546020953444
NTC_953,1.1676849999999999,0.8238408400546916,NTC,0.09826849600920265
MGAM,0.5391683333333332,0.6573165030388032,MGAM,0.09825019965523701
GRIN3B,0.6700716666666664,0.7144668914684729,GRIN3B,0.09784245205158645
MAPK9,0.4778916666666664,0.6243024678463787,MAPK9,0.0977789997580397
EPHA2,2.257468333333333,0.9050958391771857,EPHA2,0.09776064049642075
SOAT2,1.0346733333333331,0.8050490883590465,SOAT2,0.09744309006987649
ARPC2,0.7102783333333333,0.7293127629733521,ARPC2,0.09736934786928085
CAST,0.2581849999999999,0.42004118050789285,CAST,0.09726038844708317
EPM2A,0.8420683333333332,0.7667134174848061,EPM2A,0.09714684396039398
NTC_1260,0.5401616666666664,0.6621326131582912,NTC,0.09671865831860141
NTC_657,1.247585,0.8366985478235334,NTC,0.0966017351422861
SULT1B1,1.0420249999999998,0.8078541374474051,SULT1B1,0.09656137905481779
ACPP,0.9068083333333332,0.7826086956521735,ACPP,0.0965345812008331
GNGT1,0.9055783333333332,0.7826086956521735,GNGT1,0.0964036411438085
CYSLTR2,1.023343333333333,0.8050490883590465,CYSLTR2,0.0963760574375239
NTRK2,0.4685816666666667,0.6243024678463787,NTRK2,0.09587412768923613
MMP26,0.9128733333333332,0.7858812529219263,MMP26,0.09552586915455787
ARPC5,1.0077583333333333,0.8043478260869561,ARPC5,0.09528970541615575
CDK11A,0.2977683333333332,0.47872837774661064,CDK11A,0.0952593140485138
MAPK3,0.6938600333333333,0.7293127629733521,MAPK3,0.0951186257381132
NTC_975,0.4672183333333333,0.6266559047543299,NTC,0.0948317086877039
MAPK4,0.7953516666666665,0.7608248037957683,MAPK4,0.09442044139787416
NTC_941,0.4457516666666663,0.6150145313229105,NTC,0.09410469495436609
FADS2,0.309485,0.49744859896750315,FADS2,0.09385187959666992
NTC_693,0.3706216666666666,0.558295047749257,NTC,0.0938177694029377
PPP2R1A,0.3092849999999998,0.49744859896750315,PPP2R1A,0.09379122923907794
PTPRD,0.3679183333333331,0.5563347358578775,PTPRD,0.0936954893843113
NTC_790,1.819585,0.888533254349858,NTC,0.09339259032869203
SLCO2B1,0.24691833333333313,0.42004118050789285,SLCO2B1,0.09301614351998122
MMP11,1.4610983333333332,0.8644226273959796,MMP11,0.09244935098633596
NTC_1383,0.4340683333333333,0.6150145313229105,NTC,0.09163817244508367
CACNA1I,0.42096833333333317,0.605890603085554,CACNA1I,0.09160514380876121
RARG,1.5243916666666666,0.8713705947300884,RARG,0.09115420070748792
AMHR2,0.7669176666666666,0.7608248037957683,AMHR2,0.09104488949646308
TUBA4A,0.764968333333333,0.7608248037957683,TUBA4A,0.09081347373224355
PDK3,1.4328583333333333,0.8644226273959796,PDK3,0.09066249680117107
NTC_934,0.4130883333333333,0.6034692986494639,NTC,0.09060878596560284
CFB,0.7172283333333331,0.7480130902290791,CFB,0.09043589570659148
HTR1A,0.8873916666666665,0.7921130375100711,HTR1A,0.08981542947280474
AHCY,0.34841833333333305,0.5524007042463668,AHCY,0.08980335384337798
CAMK4,0.3470183333333332,0.5524007042463668,CAMK4,0.08944250975639237
OPLAH,0.7085333333333332,0.7480130902290791,OPLAH,0.08933953618393532
NTC_1922,1.2590516666666667,0.8496000294473002,NTC,0.08912257809309608
SDSL,0.6485383333333332,0.7298349795589506,SDSL,0.08870404169921468
NTC_216,0.4543016666666666,0.6383910283695007,NTC,0.08854940296080262
ALDH18A1,0.699823333333333,0.7480130902290791,ALDH18A1,0.08824128529925039
FGFR1,0.30155166666666644,0.5109516278236996,FGFR1,0.08793856123538618
CRAT,0.12811833333333333,0.20617110799438987,CRAT,0.08785999068302619
P2RY2,0.7968249999999999,0.7764316194682341,P2RY2,0.08756850704437892
NTC_1901,0.3988149999999997,0.6034692986494639,NTC,0.08747800424010653
NTC_1456,0.39678499999999994,0.6034692986494639,NTC,0.0870327342562609
CBS,0.7780736666666668,0.7764316194682341,CBS,0.08550779576512503
CLEC3B,0.7200516666666665,0.7608248037957683,CLEC3B,0.08548117649753458
NTC_139,1.4785183333333332,0.8755208005048578,NTC,0.08536008484232598
DOLPP1,0.3164983333333333,0.5384351407000686,DOLPP1,0.08509583200658007
NTC_245,0.20103833333333299,0.37767618511607093,NTC,0.08501517068194642
NTC_1579,0.5385516666666663,0.6983843829909577,NTC,0.08396315648629933
SLC12A3,0.8289113333333331,0.7921130375100711,SLC12A3,0.0838964689378518
MAPKAPK5,0.47891499999999976,0.6689146847303868,MAPKAPK5,0.08363257676824137
SLC25A4,0.16755166666666632,0.3173584793053027,SLC25A4,0.08351611041392976
RIPK1,0.28630833333333316,0.5109516278236996,RIPK1,0.08349329712332777
NTC_1348,0.44592166666666655,0.6502174411635121,NTC,0.08336121412345644
PTPRF,0.7555416666666666,0.7764316194682341,PTPRF,0.08303160136770532
G6PC2,0.8780608333333333,0.8050490883590465,G6PC2,0.08269369482412886
NTC_409,0.5300549999999999,0.6983843829909577,NTC,0.08263847958508236
ATP5A1,0.2519516666666666,0.47093491689296046,ATP5A1,0.08239804835871933
NTC_738,0.4212716666666665,0.6383910283695007,NTC,0.08211141913993031
SLC1A1,0.4225683333333332,0.6400187003272557,SLC1A1,0.08189684314618302
RDH14,0.479818333333333,0.6750818139317438,RDH14,0.08187792358976925
PTPRN2,0.7059983333333333,0.7667134174848061,PTPRN2,0.08144886490759644
NTC_1539,0.6072516666666667,0.7353376257693391,NTC,0.08107612018812949
CDK5R2,0.5217016666666665,0.6991883262212406,CDK5R2,0.0810754812379669
NTC_1077,0.41555166666666654,0.6383910283695007,NTC,0.08099651549308233
MAP2K1,0.7349549999999998,0.7764316194682341,MAP2K1,0.08076919285263577
TIE1,0.22028499999999962,0.43248485571901757,TIE1,0.08019014932014876
NTC_624,0.5388349999999997,0.710627968367698,NTC,0.07994032336517601
SV2A,0.861938333333333,0.8078541374474051,SV2A,0.07987327955363631
KCNJ11,0.6902723333333332,0.7667134174848061,KCNJ11,0.07963460446382267
NOXO1,0.6235749999999998,0.7452925904926738,NOXO1,0.07961381344037376
ANXA3,0.9585483333333332,0.8260869565217387,ANXA3,0.07953481473093789
EPHA5,0.5444649999999998,0.7144668914684729,EPHA5,0.07950163140201473
FABP6,0.7210916666666665,0.7764316194682341,FABP6,0.07924565706666196
NTC_476,0.7060249999999999,0.7729138676202455,NTC,0.07898224049019766
PGD,0.21742333333333308,0.4347826086956522,PGD,0.07864807186639834
ELOVL4,0.8301183333333333,0.8043478260869561,ELOVL4,0.07849275845950188
C8G,0.26771833333333306,0.509116409537167,C8G,0.07849043863909862
PPM1G,0.8452016666666665,0.8078541374474051,PPM1G,0.07832234208657543
NTC_1221,0.1942216666666663,0.39576602610453004,NTC,0.07818616349216884
NTC_1566,1.735985,0.9015758162761423,NTC,0.07811541252492209
NTC_592,0.35497500000000004,0.6034692986494639,NTC,0.07786192734759687
ZFY,0.23804166666666648,0.47093491689296046,ZFY,0.07784893436462076
GRK7,0.2658683333333334,0.5109516278236996,GRK7,0.0775325799715364
EPHB4,0.6127183333333333,0.7480130902290791,EPHB4,0.07725814599839181
NTC_373,0.7831183333333334,0.7982700487108859,NTC,0.076628258334285
NTC_1454,0.25753499999999985,0.5042465118903798,NTC,0.07657986005918863
NTC_1546,0.2557416666666663,0.5042465118903798,NTC,0.07604659966465523
NTC_1242,0.23323500000000008,0.47319425686009076,NTC,0.07579217038702363
NTC_772,0.5675616666666667,0.7353376257693391,NTC,0.07577698082482291
FYN,0.2090683333333332,0.4347826086956522,FYN,0.07562583579647139
ITPA,0.2398849999999999,0.48410969532392345,ITPA,0.07557726123957288
NTC_893,1.3063516666666666,0.8755208005048578,NTC,0.07542029516075031
IL2RG,0.4134183333333332,0.6573165030388032,IL2RG,0.07533534757135586
NTC_1286,0.35551833333333316,0.6150145313229105,NTC,0.07505511882704043
NTC_1800,0.2599549999999997,0.5148311295964891,NTC,0.07495417719612607
CHRNE,1.0446383333333333,0.8478260869565213,CHRNE,0.07489349071496988
NTC_730,0.2116416666666665,0.4432243006646116,NTC,0.07478917799376487
UGCG,0.8898933333333332,0.8246844319775599,UGCG,0.07449493205866085
NTC_511,0.33904166666666646,0.6034692986494639,NTC,0.07436703322151739
MTMR11,0.6265183333333333,0.7608695652173909,MTMR11,0.07436132774249302
NTC_103,0.3810916666666664,0.6383910283695007,NTC,0.07427980576049802
NTC_973,0.38105166666666657,0.6383910283695007,NTC,0.07427200923149911
EPHA4,2.029655,0.9194443615529225,EPHA4,0.07403074495576913
KCNQ2,0.4689183333333331,0.6956521739130431,KCNQ2,0.07390521191859788
NADK,0.5378616666666667,0.7298349795589506,NADK,0.07356620458067364
CTDSP2,0.3785683333333332,0.6400187003272557,CTDSP2,0.07336932034293134
NTC_1773,0.14432833333333317,0.310534197272332,NTC,0.07330299899340785
PSTPIP2,0.16781833333333318,0.3665264142122488,PSTPIP2,0.07315112573588814
NTC_1047,0.5789116666666665,0.7477978244232752,NTC,0.07306780068790071
EEF2K,0.6636918999999999,0.7764316194682341,EEF2K,0.07293760715395128
SACM1L,1.0167083333333333,0.8478260869565213,SACM1L,0.07289109895035363
NME7,0.8631649999999998,0.823654919280236,NME7,0.07272571106263817
GNB1,0.3078183333333331,0.5807645250813165,GNB1,0.07264510190786813
PROS1,0.717518333333333,0.7921130375100711,PROS1,0.07262206721527818
MAP3K11,0.6928633333333332,0.7858812529219263,MAP3K11,0.07250334707479403
CTSG,0.7691633333333332,0.8050490883590465,CTSG,0.07243798554949367
NTC_1535,0.18901166666666658,0.4143696036917608,NTC,0.07231815259850738
CSK,0.2130183333333331,0.4579391841484885,CSK,0.07225415582912631
TTN,1.057338333333333,0.8554206081585148,TTN,0.07170899371940857
SCARB1,0.4175683333333333,0.6750818139317438,SCARB1,0.07125536002898454
NTC_1665,0.39671833333333306,0.6621326131582912,NTC,0.07103440932262566
STK25,0.8469833333333332,0.8246844319775599,STK25,0.07090284139464441
NTC_291,0.2614816666666666,0.5363415300892711,NTC,0.07074610669578452
CHRM4,0.9860783333333332,0.8478260869565213,CHRM4,0.07069513547916867
NTC_687,0.2611816666666664,0.5363415300892711,NTC,0.07066493912377342
IDH3A,1.1799849999999998,0.8713705947300884,IDH3A,0.07055968087061514
NPY2R,0.28421833333333324,0.5652173913043476,NPY2R,0.07042489298613161
NTC_1820,0.30895166666666674,0.5920225255079181,NTC,0.07033648289282073
NTC_947,0.7170449999999997,0.7982700487108859,NTC,0.07016297174838289
ELANE,0.7441083333333331,0.8050490883590465,ELANE,0.0700783648430864
NTC_1729,0.3066183333333332,0.5920225255079181,NTC,0.06980527209906141
NTC_894,0.37125166666666654,0.6502174411635121,NTC,0.06940230087950441
UBC,0.7354883333333333,0.8050490883590465,UBC,0.06926655360823386
NTC_784,0.2929116666666667,0.5806764575913619,NTC,0.06914642142688665
INPP1,1.0920533333333333,0.8644226273959796,INPP1,0.06909844437287348
SUCLG1,0.18335166666666636,0.42004118050789285,SUCLG1,0.06907006341352165
PIP5K1C,0.27116833333333323,0.5563347358578775,PIP5K1C,0.06905676449174335
PPM1M,0.15021833333333312,0.3496165438214317,PPM1M,0.06856085280211308
KCNA4,0.5942183333333333,0.7667134174848061,KCNA4,0.06855314874296273
SAR1B,0.4685849999999998,0.7144668914684729,SAR1B,0.06842179378015681
TRIM33,0.2975683333333332,0.5890603085553997,TRIM33,0.0683931769872506
DGKH,0.19436833333333325,0.44512249709050755,DGKH,0.06832444503598692
PRKX,0.2312683333333332,0.509116409537167,PRKX,0.06780392175856446
CDC42BPG,0.5865263333333333,0.7667134174848061,CDC42BPG,0.06766574626722142
NTC_307,0.12225166666666665,0.2801156405678691,NTC,0.06756392898923361
NTC_413,0.4130216666666664,0.6862187793221464,NTC,0.06754448994420807
PRPS1L1,0.13915500000000014,0.3278774133866491,PRPS1L1,0.06739116617655437
PPM1B,0.40663499999999964,0.6839992838172538,PPM1B,0.06707214698561374
NTC_765,1.7295183333333333,0.9146450020035183,NTC,0.06701439823953693
NTC_1868,0.3054849999999998,0.6034692986494639,NTC,0.06700655222418651
SKP2,0.5622849999999999,0.7608248037957683,SKP2,0.0667518534460484
LATS1,0.3906683333333332,0.6750818139317438,LATS1,0.0666650474219948
NTC_587,0.25431499999999985,0.5472638215462551,NTC,0.06658049637161685
DPP4,0.5738758333333331,0.7667134174848061,DPP4,0.0662062968367267
NTC_488,0.49558499999999994,0.7353376257693391,NTC,0.06616714490713758
NTC_1891,0.31311833333333317,0.6150145313229105,NTC,0.06610385882188406
NTC_1443,0.1562016666666668,0.37767618511607093,NTC,0.06605462317702859
RAB5A,0.15364833333333294,0.37225090268866934,RAB5A,0.0659403702688662
SLC3A1,0.2174183333333335,0.49744859896750315,SLC3A1,0.06593249831852484
PTGIR,0.1747749999999999,0.42004118050789285,PTGIR,0.06583916335510955
UGT1A9,0.3834183333333332,0.6739130434782605,UGT1A9,0.0657164215131826
NTC_1674,0.38368499999999983,0.674133946946755,NTC,0.06570751533176622
NTC_253,0.4208516666666664,0.6983843829909577,NTC,0.06561308140510173
NTC_428,0.3107116666666667,0.6150145313229105,NTC,0.06559577629643419
NTC_1079,0.7754516666666667,0.8238408400546916,NTC,0.0652594398413638
NTC_892,0.3344849999999997,0.6383910283695007,NTC,0.06519555005523651
NTC_417,0.24095166666666645,0.5363415300892711,NTC,0.06519153918449512
NTC_251,0.17939833333333333,0.4334807127367144,NTC,0.06512701663810924
TLK1,0.3572183333333332,0.6573165030388032,TLK1,0.06509427650086584
NTC_500,0.22575166666666635,0.5148311295964891,NTC,0.0650921522019354
SLC13A3,0.1383183333333331,0.3386350750499835,SLC13A3,0.06504669437091123
NTC_1038,0.16147833333333317,0.39576602610453004,NTC,0.06500495844323728
SSTR2,0.2685183333333332,0.5726975222066386,SSTR2,0.06500149387744818
NTC_157,1.6711516666666664,0.9146450020035183,NTC,0.06475283964918896
NTC_1467,0.2741849999999999,0.5806764575913619,NTC,0.06472569623014075
SLC1A4,0.6853633333333333,0.8050490883590465,SLC1A4,0.06454589953085753
NTC_709,1.9706516666666665,0.9277373056487046,NTC,0.06419393753868506
PIK3R5,0.5086033333333331,0.7480130902290791,PIK3R5,0.06413020215694877
INPP5F,0.41245833333333337,0.6991883262212406,INPP5F,0.06409843019914277
NTC_230,1.9579849999999999,0.9277373056487046,NTC,0.06378132113235754
TBCK,0.608043333333333,0.7858812529219263,TBCK,0.06362752178137294
PPP2R5A,0.4349516666666664,0.7144668914684729,PPP2R5A,0.06351072535612998
NTC_668,1.949585,0.9277373056487046,NTC,0.0635076913050035
DPH5,0.2758183333333333,0.5890603085553997,DPH5,0.06339415177912688
SLC6A4,0.15694833333333325,0.3957357285667392,SLC6A4,0.06318657316334492
SLC18A2,0.6672733333333332,0.8050490883590465,SLC18A2,0.06284222606931661
SGK1,0.4920683333333331,0.7452925904926738,SGK1,0.06282393696013414
SBF1,0.3372516666666665,0.6539345289606396,SBF1,0.06221137504543486
BAG1,0.6696936666666664,0.8078541374474051,BAG1,0.062058534101975274
NTC_1779,0.27212499999999995,0.5920225255079181,NTC,0.06195245882217444
PLK3,0.21071833333333312,0.509116409537167,PLK3,0.061779013064600714
PRLR,0.8605383333333332,0.8478260869565213,PRLR,0.06169476805597055
PDE4C,0.2414683333333334,0.5563347358578775,PDE4C,0.061493248943327174
PKDCC,0.24917166666666635,0.5665154725314075,PKDCC,0.061492633161145005
CKMT1B,0.48154499999999967,0.7452925904926738,CKMT1B,0.06148038935676506
NTC_1148,0.3922249999999998,0.6983843829909577,NTC,0.06115002717691356
NTC_1001,0.3737516666666667,0.6862187793221464,NTC,0.06112237620495542
NTC_931,0.23246833333333328,0.5472638215462551,NTC,0.06086096779197382
NTC_1134,0.38848499999999975,0.6983843829909577,NTC,0.06056694067900634
INS,0.24991833333333324,0.5726975222066386,INS,0.06049890453424803
CPO,0.3319683333333332,0.6573165030388032,CPO,0.06049308353770084
MMP20,0.4408183333333333,0.7293127629733521,MMP20,0.06043010413123015
PPP1R12B,0.11775166666666648,0.30706335233207005,PPP1R12B,0.06037975915373303
MS4A1,0.4167183333333333,0.7173913043478257,MS4A1,0.06010907418594603
GLIPR2,0.8856383333333333,0.8554206081585148,GLIPR2,0.06006424971130416
GALM,0.7167083333333333,0.8246844319775599,GALM,0.0599972340477616
PKN3,0.5447183333333332,0.7764316194682341,PKN3,0.05986279447771134
CAMK1D,0.8307183333333332,0.8478260869565213,CAMK1D,0.059556876096756216
PCBD1,0.8774849999999997,0.8554206081585148,PCBD1,0.05951128826995638
MC2R,0.18496833333333318,0.47872837774661064,MC2R,0.05917337265781624
NTC_2,0.3303916666666664,0.6621326131582912,NTC,0.05915828666043791
COMTD1,0.700538333333333,0.823654919280236,COMTD1,0.05902364949725962
NTC_1400,0.4666149999999998,0.7477978244232752,NTC,0.05889418676652129
PYCR2,0.6342183333333331,0.8078541374474051,PYCR2,0.05877113974090331
THNSL1,0.8663583333333331,0.8554206081585148,THNSL1,0.05875667449595031
PAK6,0.11448499999999995,0.30706335233207005,PAK6,0.05870470391118428
ROR2,0.9669783333333332,0.8695652173913039,ROR2,0.058693496502068385
P4HB,0.9274633333333332,0.8644226273959796,P4HB,0.05868419754793398
GABBR1,0.12106833333333333,0.32819074333800846,GABBR1,0.05858177906639862
NTC_1162,0.2394516666666664,0.5694332663215453,NTC,0.05855962074047453
PTPN14,0.08588499999999999,0.20812569007191667,PTPN14,0.0585455980438192
NTC_1719,0.2872516666666667,0.6266559047543299,NTC,0.05830371890384744
NTC_1421,0.1741849999999996,0.4630822527891689,NTC,0.05823733734265703
SLC25A22,0.5742849999999997,0.7921130375100711,SLC25A22,0.05812501497623897
NTC_1559,0.4881150000000001,0.7603242621734322,NTC,0.05808624673542853
BPHL,0.17115166666666637,0.4579391841484885,BPHL,0.058053309310222165
SLK,0.2519633333333331,0.5890603085553997,SLK,0.0579113128669525
NTC_1152,0.1336716666666664,0.36882550643268,NTC,0.05790376592426724
BCKDK,0.43931833333333326,0.7391304347826083,BCKDK,0.05767323398115463
CDK5R1,0.3157683333333332,0.6573165030388032,CDK5R1,0.05754103102271973
SCPEP1,0.48171833333333325,0.7608695652173909,SCPEP1,0.05717504653692096
GLA,0.4954183333333333,0.7667134174848061,GLA,0.05715489541440832
MAPK8IP3,0.495068333333333,0.7667134174848061,MAPK8IP3,0.057114516986624946
EPHB1,0.11455166666666639,0.3173584793053027,EPHB1,0.05709826605584152
FN3KRP,0.6817283333333333,0.8246844319775599,FN3KRP,0.057068981159686664
PHOSPHO1,0.2938683333333332,0.6400187003272557,PHOSPHO1,0.056953838946671866
PRSS8,0.1873283333333331,0.49744859896750315,PRSS8,0.05680765201882103
QPRT,0.5409283333333332,0.7858812529219263,QPRT,0.05660440206234497
NTC_180,0.2575516666666662,0.6034692986494639,NTC,0.05649262386999773
PAK1,0.6084983333333334,0.8078541374474051,PAK1,0.056387743306758366
NTC_1225,0.19507833333333302,0.5148311295964891,NTC,0.056247950467548644
DNASE1,0.2101683333333333,0.5404394576905096,DNASE1,0.056168107182272366
GABRB3,0.13028499999999976,0.37225090268866934,GABRB3,0.055913663064872644
HS3ST3A1,0.21951833333333304,0.5563347358578775,HS3ST3A1,0.055903378024548096
NTC_782,0.6130183333333332,0.8110302412446667,NTC,0.05576195708040304
NTC_42,0.3745183333333333,0.710627968367698,NTC,0.05556267999081992
NTC_1790,0.26279166666666653,0.6150145313229105,NTC,0.05547916357362536
NTC_1332,0.234868333333333,0.5806764575913619,NTC,0.05544437659759928
DBI,0.13322499999999993,0.38388887231058455,DBI,0.05539421912960567
NTC_1146,0.6081516666666664,0.8110302412446667,NTC,0.05531927071519161
PTPRJ,1.5112949999999998,0.9194443615529225,PTPRJ,0.055123799216088
ARL3,0.7185543333333333,0.8395153830085641,ARL3,0.054589536702383826
NTC_684,0.3874183333333332,0.7229466854496152,NTC,0.054584813697290645
NTC_1938,0.4315849999999999,0.7477978244232752,NTC,0.05447284719871649
ASS1,0.47181833333333323,0.7667134174848061,ASS1,0.054432235712445924
S100A4,0.28006833333333314,0.6400187003272557,S100A4,0.054279297703833836
NDUFA10,0.8881683333333332,0.8695652173913039,NDUFA10,0.05390989970380023
VRK3,0.2686183333333332,0.6304347826086953,VRK3,0.05382032461763057
MYLK3,0.19991833333333342,0.5384351407000686,MYLK3,0.05375136333009279
GLP2R,0.42491833333333306,0.7480130902290791,GLP2R,0.05357829339864152
DYRK1B,0.4512516666666666,0.7608248037957683,DYRK1B,0.05357049382540602
NTC_267,0.2748216666666665,0.6383910283695007,NTC,0.053566377342572004
NTC_367,0.5883183333333333,0.8110302412446667,NTC,0.05351517217203551
NDUFC1,0.29311833333333337,0.6573165030388032,NDUFC1,0.05341362426566284
SYT2,0.29266333333333305,0.6573165030388032,SYT2,0.05333071167959387
PTPN13,0.6275116666666665,0.823654919280236,PTPN13,0.05287080935676784
CA3,0.16516833333333314,0.47872837774661064,CA3,0.05283913826476825
NTC_1277,0.37485166666666636,0.7229466854496152,NTC,0.05281424916851866
CSNK1A1L,0.2707183333333334,0.6390588165080121,CSNK1A1L,0.0526436621908585
JAK3,0.18771833333333343,0.5245441795231417,JAK3,0.05260204234883867
NTC_1819,0.3184849999999999,0.6862187793221464,NTC,0.05208420917356503
NTC_916,0.19221833333333294,0.5363415300892711,NTC,0.05200631804225604
KLK1,0.1850516666666664,0.5246187818925129,KLK1,0.05184336531159119
DPP6,0.4108033333333332,0.7480130902290791,DPP6,0.051798521729602795
SHARPIN,0.2380283333333333,0.605890603085554,SHARPIN,0.05179634185998097
SH3KBP1,0.3015183333333331,0.6739130434782605,SH3KBP1,0.051679077823488594
PPP2R4,0.8147633333333333,0.8644226273959796,PPP2R4,0.0515532320143616
EGLN3,0.1989116666666666,0.5524007042463668,EGLN3,0.05126864196366263
NTC_104,0.09457833333333321,0.28752347491665564,NTC,0.051197776267071164
PPAP2B,0.6109683333333333,0.8246844319775599,PPAP2B,0.051145505620516236
CAMKK2,0.6712049999999998,0.8395153830085641,CAMKK2,0.05099234432607072
GALK2,0.3872183333333332,0.7391304347826083,GALK2,0.05083360252844609
NTC_920,0.23960499999999985,0.6150145313229105,NTC,0.05058411918715777
PSKH2,0.39540833333333314,0.7452925904926738,PSKH2,0.050483045796847405
CAMK2B,0.29321833333333314,0.6739130434782605,CAMK2B,0.05025648987935599
MTTP,0.2182683333333333,0.5890603085553997,MTTP,0.050166845998551195
SLC6A8,0.26991833333333326,0.6521739130434779,SLC6A8,0.050106715459264296
PIK3AP1,0.22142833333333334,0.5951478618960937,PIK3AP1,0.049904437703884086
PIK3C2B,0.1656183333333332,0.4999999999999998,PIK3C2B,0.04985608616520911
HAL,0.25591833333333325,0.6390588165080121,HAL,0.04976566648649894
NDUFS5,0.2051183333333333,0.5726975222066386,NDUFS5,0.04965395815922828
ZAP70,0.9270533333333333,0.8845254791958861,ZAP70,0.04940234998763422
MYLK,0.6484483333333333,0.8395153830085641,MYLK,0.04926348982948581
PHKG1,0.2533533333333331,0.6400187003272557,PHKG1,0.049101734710904996
MYH7,0.2976249999999998,0.6839992838172538,MYH7,0.04909156306415654
TREM1,0.4116183333333332,0.7608695652173909,TREM1,0.04885489244499692
SLC16A7,0.14056833333333318,0.44927536231884063,SLC16A7,0.048845724236990705
HTR3A,0.4802516666666665,0.7921130375100711,HTR3A,0.0486076343929647
TNIK,0.1291683333333331,0.420757363253857,TNIK,0.0485631954850347
CHRNA10,0.37927833333333316,0.7452925904926738,CHRNA10,0.04842367713903843
CS,0.4158683333333333,0.7667134174848061,CS,0.04797745561393764
PNLIP,0.20836833333333327,0.5890603085553997,PNLIP,0.04789142762795694
NTC_126,0.4881749999999998,0.7982700487108859,NTC,0.047768004425477927
NTC_1721,0.33885166666666633,0.7229466854496152,NTC,0.047742074921638754
NTC_1550,0.37732166666666656,0.7477978244232752,NTC,0.04762395702607452
CHRNG,0.16231833333333312,0.509116409537167,CHRNG,0.04758896047151827
LPL,0.14871833333333329,0.47872837774661064,LPL,0.047576605145291564
MTMR12,0.11791833333333335,0.3957357285667392,MTMR12,0.047473300532869835
SCTR,0.2870716666666666,0.6839992838172538,SCTR,0.0473508503254068
NTC_1329,0.20777833333333318,0.5920225255079181,NTC,0.047303182875418875
SLC18A1,0.25381833333333326,0.6521739130434779,SLC18A1,0.047117966570177514
NTC_1076,0.13333499999999976,0.4432243006646116,NTC,0.04711744716839924
BLVRA,0.09728500000000007,0.3278774133866491,BLVRA,0.04711400669387438
SPRYD3,0.16061833333333309,0.509116409537167,SPRYD3,0.04709054953333148
NTC_1713,0.17985166666666652,0.5472638215462551,NTC,0.04708575286526253
CACNB4,0.13006833333333323,0.4347826086956522,CACNB4,0.04704933675108157
SCN4B,0.5638183333333333,0.8260869565217387,SCN4B,0.04678239492382354
MAPK15,0.1928683333333332,0.5726975222066386,MAPK15,0.046688543134808795
CNKSR1,0.9337983333333332,0.8913043478260865,CNKSR1,0.046665614529406804
SCN2A,0.2020183333333332,0.5890603085553997,SCN2A,0.04643194210742424
NTC_1784,0.36771833333333315,0.7477978244232752,NTC,0.04641186460102496
SIRPD,0.24971833333333326,0.6521739130434779,SIRPD,0.04635685660463368
GABRA4,0.6831149999999999,0.8554206081585148,GABRA4,0.046329058259151165
NTSR2,0.49956166666666646,0.8078541374474051,NTSR2,0.04629290415897558
NTC_498,0.3874816666666667,0.7603242621734322,NTC,0.046110764257306314
NTC_1723,0.5475516666666664,0.8238408400546916,NTC,0.046080131859761474
RNASE4,0.14591500000000002,0.48410969532392345,RNASE4,0.04597142828343699
TSSK6,0.5456183333333331,0.823654919280236,TSSK6,0.04597091084610497
WNK4,0.3147249999999999,0.7144668914684729,WNK4,0.04595548096388031
CDK18,0.5483733333333332,0.8246844319775599,CDK18,0.045905540225174596
MAPK6,0.4835433333333332,0.8050490883590465,MAPK6,0.04553896873991306
SNX3,0.11308499999999988,0.3957357285667392,SNX3,0.045527425965085265
PTPN21,0.33194833333333307,0.7298349795589506,PTPN21,0.045402341370699956
EPHA3,0.35786833333333323,0.7480130902290791,EPHA3,0.04512390513020035
CYTH3,1.3449733333333331,0.9256661991584854,CYTH3,0.04511792979776415
TRIM28,0.23084499999999952,0.6390588165080121,TRIM28,0.04488992691708616
SLC12A6,0.26291833333333314,0.6750818139317438,SLC12A6,0.044865328628577096
NTC_388,0.19701166666666659,0.5920225255079181,NTC,0.044852024498501133
NTC_1127,0.22021833333333318,0.6266559047543299,NTC,0.04469790533553191
NTC_7,2.1731516666666666,0.9539771520943121,NTC,0.044467087195684485
CAMP,0.8891983333333332,0.8913043478260865,CAMP,0.0444367752461088
MAK,0.6526546666666666,0.8554206081585148,MAK,0.04426322958082736
NTC_370,0.23587499999999983,0.6502174411635121,NTC,0.04409479926901275
NTC_175,0.370085,0.7603242621734322,NTC,0.04404054090343682
NTC_1303,0.22535166666666662,0.6383910283695007,NTC,0.04392402010313661
KCNK1,0.5282183333333332,0.8260869565217387,KCNK1,0.04382851215551793
NTC_1269,0.4816883333333333,0.8110302412446667,NTC,0.043815792626317664
CBR1,0.33351833333333314,0.7391304347826083,CBR1,0.04378392481231464
NTC_1212,0.36771833333333315,0.7603242621734322,NTC,0.043758904846481955
APOH,0.16258499999999976,0.5384351407000686,APOH,0.04371367678647007
BAIAP2L1,0.264335,0.6839992838172538,BAIAP2L1,0.043600565552503405
SLC2A2,0.2341183333333332,0.6521739130434779,SLC2A2,0.043460926004027844
NR1H3,0.5157383333333332,0.823654919280236,NR1H3,0.043453380308430684
PCMT1,0.8675683333333332,0.8913043478260865,PCMT1,0.04335583816768422
IFNGR1,0.6849233333333331,0.8644226273959796,IFNGR1,0.043337752290501436
NTC_45,0.14138499999999965,0.4937778104059273,NTC,0.04333003904241367
KDR,0.14121833333333322,0.49368863955119224,KDR,0.043290037557854794
NTC_1263,0.051485,0.14447783177133525,NTC,0.04325763442455339
OXTR,0.7201916666666666,0.8713705947300884,OXTR,0.04306537300531484
ALAS1,0.3625183333333333,0.7608695652173909,ALAS1,0.04302722388703017
SLC38A3,0.2333533333333333,0.6573165030388032,SLC38A3,0.04252291941641307
NTC_1139,0.31808499999999995,0.7353376257693391,NTC,0.04246854987093406
PDE8B,0.17121833333333325,0.5652173913043476,PDE8B,0.04242524632681615
ADCK3,0.5032583333333331,0.823654919280236,ADCK3,0.04240188160996431
CDC42BPA,0.1748183333333333,0.5726975222066386,CDC42BPA,0.04231909487433769
STK3,0.4028733333333332,0.7858812529219263,STK3,0.04215790287720885
NTC_296,0.21605833333333346,0.6383910283695007,NTC,0.0421126265323836
SLC25A15,0.6640133333333333,0.8644226273959796,SLC25A15,0.04201469559744911
GRIN1,0.2261183333333332,0.6521739130434779,GRIN1,0.041975833388332544
NTC_1684,0.19861833333333312,0.6150145313229105,NTC,0.04193123451550661
NTC_322,0.3321516666666664,0.7477978244232752,NTC,0.04192278921911637
PHKA1,4.391918333333333,0.9782608695652169,PHKA1,0.04192225670986927
NTC_1105,0.09661166666666654,0.36882550643268,NTC,0.04185015023542762
NTC_1947,0.24393499999999957,0.674133946946755,NTC,0.041774796388845986
NRIP1,0.1853349999999998,0.5951478618960937,NRIP1,0.041769898289962956
NTC_1707,0.4951816666666664,0.8238408400546916,NTC,0.04167284638807866
NTC_682,0.3496849999999998,0.7603242621734322,NTC,0.041612917426586585
EPHA6,0.8326183333333332,0.8913043478260865,EPHA6,0.04160924774276796
ITGA2B,0.8324183333333333,0.8913043478260865,ITGA2B,0.04159925294777559
NTC_395,0.9181616666666665,0.9015758162761423,NTC,0.04131520569373391
NTC_638,0.24109499999999962,0.674133946946755,NTC,0.04128843558886107
SDHA,0.7948016666666664,0.8873653427232846,SDHA,0.0412482491084843
CTNS,0.35651833333333305,0.7667134174848061,CTNS,0.041130427931248305
IGF1R,0.539615,0.8395153830085641,IGF1R,0.040995275487388586
NTC_272,0.18671833333333332,0.6034692986494639,NTC,0.04095569914631839
NAGA,0.485795,0.823654919280236,NAGA,0.040930513639540894
SLC7A3,0.17776833333333308,0.5890603085553997,SLC7A3,0.04085831630066556
NTC_1809,0.26205166666666635,0.6983843829909577,NTC,0.04085529106615373
INSRR,0.5369249999999999,0.8395153830085641,INSRR,0.040790912578534906
NTC_347,0.446685,0.8110302412446667,NTC,0.040631786105026504
MAP2K5,0.30921833333333315,0.7391304347826083,MAP2K5,0.040593847186579185
NTC_171,0.27358499999999975,0.710627968367698,NTC,0.040588442413469185
SSH2,0.23205499999999968,0.6689146847303868,SSH2,0.0405235952140865
HADH,0.2959116666666666,0.7298349795589506,HADH,0.040473414554191005
UQCRC1,0.17100833333333298,0.5807645250813165,UQCRC1,0.04035795291192749
SSB,0.5618183333333333,0.8478260869565213,SSB,0.040278567987006526
NTC_1275,0.27048499999999986,0.710627968367698,NTC,0.040128533531469994
ADAMTS5,0.12011833333333333,0.46376811594202905,ADAMTS5,0.04008338121838463
NTC_339,0.6942183333333332,0.8755208005048578,NTC,0.04007967604894864
NTC_285,0.3000516666666664,0.7353376257693391,NTC,0.0400608616240634
SLC6A3,0.7984183333333332,0.8913043478260865,SLC6A3,0.039900137799073074
CACNA1S,0.5554183333333331,0.8478260869565213,CACNA1S,0.03981973134921404
NTC_1361,0.12594499999999975,0.48342657054454485,NTC,0.0397569930580657
NTC_1310,0.40618166666666666,0.7982700487108859,NTC,0.03974494320864719
PYCR1,0.3916949999999999,0.7921130375100711,PYCR1,0.03964456278871628
NTC_156,0.08716499999999971,0.3515151262406778,NTC,0.03957778966034375
OXCT2,0.8961783333333332,0.9033899316642293,OXCT2,0.039543648485993316
NTC_22,0.31192833333333314,0.7477978244232752,NTC,0.039370284969628154
FLT3,0.13479833333333313,0.5109516278236996,FLT3,0.03930991866599308
NTC_215,0.22947833333333323,0.674133946946755,NTC,0.03929903724619977
NTC_1137,0.4313349999999998,0.8110302412446667,NTC,0.0392355047955754
PIPOX,0.16201833333333315,0.5726975222066386,PIPOX,0.03922053876718915
NTC_1557,0.40065166666666663,0.7982700487108859,NTC,0.039203831794763035
MAPK7,0.9914683333333332,0.9130434782608691,MAPK7,0.0391714675789553
NTC_6,0.3091883333333332,0.7477978244232752,NTC,0.039024453670290865
ACOT13,0.6143683333333334,0.8644226273959796,ACOT13,0.03887346415189276
GRIK2,0.7769183333333332,0.8913043478260865,GRIK2,0.038825697337393536
NTC_1113,0.307385,0.7477978244232752,NTC,0.03879684450612852
HSD17B8,0.6390183333333332,0.8695652173913039,HSD17B8,0.038787032779697826
NEK11,0.4622533333333332,0.8246844319775599,NEK11,0.038696245236009
UCK1,1.6257683333333333,0.9467040673211782,UCK1,0.03867013054884367
NTC_967,0.07955166666666669,0.3265321669468846,NTC,0.038667999176640634
AKAP3,0.3253250000000001,0.7608248037957683,AKAP3,0.03862106711424937
NTC_1349,0.1757183333333332,0.6034692986494639,NTC,0.03854290613040579
STK17A,0.32451833333333324,0.7608695652173909,STK17A,0.03851701196844081
PNCK,0.6435016666666664,0.8713705947300884,PNCK,0.038479533417551025
NTC_1691,0.30385166666666663,0.7477978244232752,NTC,0.03835088200333347
GRIK4,0.9705383333333332,0.9130434782608691,GRIK4,0.03834455380988801
NTC_1157,0.23417833333333316,0.6862187793221464,NTC,0.03829691601566844
NTC_1578,0.1958183333333332,0.6383910283695007,NTC,0.038167582858921405
NTC_956,0.13651833333333308,0.5255300376364578,NTC,0.03814355762590227
VTN,0.4521316666666668,0.823654919280236,VTN,0.038094219473992864
NTC_834,0.17337499999999983,0.6034692986494639,NTC,0.038028908103076534
PTPN20B,0.06552500000000006,0.2633354545042047,PTPN20B,0.03797112583505704
NTC_1771,0.268458333333333,0.7229466854496152,NTC,0.037824095685934166
CA12,0.9542583333333332,0.9130434782608691,CA12,0.037701354757789796
LCMT1,0.7544183333333332,0.8913043478260865,LCMT1,0.03770128290075216
MGAT1,0.25744166666666657,0.7144668914684729,MGAT1,0.03759108940125385
PDE6G,0.15205166666666647,0.5665154725314075,PDE6G,0.03752456081767202
LIPJ,0.31431833333333326,0.7608695652173909,LIPJ,0.037306376137661565
IP6K2,0.44751833333333324,0.8260869565217387,IP6K2,0.037132491385791465
NTC_812,0.31192833333333314,0.7603242621734322,NTC,0.03711983064189992
PTDSS2,0.16121833333333346,0.5890603085553997,PTDSS2,0.03705446033770252
CDC14A,0.5836733333333333,0.8644226273959796,CDC14A,0.036931272607500516
TNNI3,3.844918333333333,0.9782608695652169,TNNI3,0.03670096781516111
CALR,0.8467533333333332,0.9050958391771857,CALR,0.03666901855802152
PRKCA,0.20982833333333328,0.6689146847303868,PRKCA,0.0366421686429787
GLRA3,1.090043333333333,0.9256661991584854,GLRA3,0.03656615144031665
NTC_1172,0.2594449999999999,0.7229466854496152,NTC,0.03655417354115983
NTC_1372,0.21287499999999948,0.674133946946755,NTC,0.03645565327351788
MMP25,0.7286183333333331,0.8913043478260865,MMP25,0.03641195434673672
NTC_1161,0.1719449999999998,0.6150145313229105,NTC,0.03630010381100494
GALK1,0.5344883333333332,0.8554206081585148,GALK1,0.036249154437886164
ARPC4,0.5025183333333332,0.8478260869565213,ARPC4,0.03602715976496056
NTC_451,0.2556849999999997,0.7229466854496152,NTC,0.03602441311981901
NTC_828,0.07081833333333298,0.310534197272332,NTC,0.03596796344248509
NTC_1517,0.2303516666666665,0.6983843829909577,NTC,0.03591308732720759
ADORA2B,0.10756833333333327,0.46376811594202905,ADORA2B,0.03589545735754688
NTC_716,0.3408849999999999,0.7855635194438192,NTC,0.03573112010473193
FGR,0.6700583333333332,0.8845254791958861,FGR,0.03570717574191798
PADI3,0.7080183333333332,0.8913043478260865,PADI3,0.03538249046252284
CAMKV,0.10739499999999991,0.47093491689296046,CAMKV,0.035122365017700455
NTC_203,1.712485,0.9539771520943121,NTC,0.035040913611475995
NDUFA11,0.7008183333333331,0.8913043478260865,NDUFA11,0.0350226778427976
PRKCB,1.2073016666666665,0.9355286323893643,PRKCB,0.034942830881124175
CD3D,0.1519583333333332,0.5890603085553997,CD3D,0.03492613972035875
BRSK2,0.6547583333333331,0.8845254791958861,BRSK2,0.03489184405857994
PPP1R3E,0.8053083333333333,0.9050958391771857,PPP1R3E,0.034874224945394626
JAK2,0.18890833333333323,0.6573165030388032,JAK2,0.03442390867392322
PPM1E,0.20061833333333312,0.6739130434782605,PPM1E,0.03438520751469586
NTC_1291,0.2887183333333332,0.7603242621734322,NTC,0.034357813931228685
ARPC3,0.3630183333333332,0.8043478260869561,ARPC3,0.034325600592731875
NTC_39,0.09195166666666643,0.4238621547619892,NTC,0.03427731549773838
NTC_1822,0.19994500000000004,0.674133946946755,NTC,0.03424134160316407
KAT2A,0.22019833333333327,0.6991883262212406,KAT2A,0.03422010505901824
ME3,0.09091833333333299,0.420757363253857,ME3,0.034182408961227886
NTC_63,0.14476166666666668,0.5806764575913619,NTC,0.034173275935720636
SPHK1,0.5391183333333334,0.8644226273959796,SPHK1,0.03411210517761305
LDHAL6A,0.4048516666666664,0.823654919280236,LDHAL6A,0.03411065709711062
CYB5B,0.19851833333333313,0.6739130434782605,CYB5B,0.03402527562521653
CA9,0.3250183333333332,0.7858812529219263,CA9,0.03401091657422256
GSTA3,0.21841166666666645,0.6991883262212406,GSTA3,0.03394244664029519
NTC_219,0.26891166666666666,0.7477978244232752,NTC,0.03394090185776966
CASR,0.30833833333333316,0.7764316194682341,CASR,0.03388539204286015
SERPINB6,0.08692833333333327,0.4077914714571334,SERPINB6,0.03386396333210222
NTC_1012,0.26781833333333327,0.7477978244232752,NTC,0.03380290591350855
CDKL5,1.1674483333333332,0.9355286323893643,CDKL5,0.03378935919698359
ESRRG,0.647945,0.8873653427232846,ESRRG,0.03362674977857814
SLC7A4,0.3157183333333331,0.7826086956521735,SLC7A4,0.03360989965070715
MTMR7,0.1640083333333333,0.6243024678463787,MTMR7,0.03355691656473713
NTC_250,0.341885,0.7982700487108859,NTC,0.0334535037496892
TRPA1,0.8462283333333332,0.9130434782608691,TRPA1,0.03343324704291451
ANXA5,0.45326833333333316,0.8443197755960732,ANXA5,0.03331206711512324
PCK1,0.0582583333333333,0.26810599504640265,PCK1,0.033305909017401276
NTC_597,0.17084833333333327,0.6383910283695007,NTC,0.03330059963133496
GCGR,0.2431616666666665,0.7298349795589506,GCGR,0.033258516129322395
NTC_572,0.09860499999999983,0.4630822527891689,NTC,0.03296777936488618
PFKM,0.6580183333333331,0.8913043478260865,PFKM,0.0328837917144309
S100A2,0.6572183333333332,0.8913043478260865,S100A2,0.03284381253446143
MYLK4,0.8304183333333333,0.9130434782608691,MYLK4,0.03280861700521963
TLR8,0.8293183333333332,0.9130434782608691,TLR8,0.03276515760980758
PPP1R13B,0.48254833333333336,0.8554206081585148,PPP1R13B,0.03272656851021614
IYD,0.39391833333333315,0.8260869565217387,IYD,0.0326850723863201
NTC_1831,0.3339183333333331,0.7982700487108859,NTC,0.03267396409978978
DRD4,0.8252183333333332,0.9130434782608691,DRD4,0.03260317259054452
HSD17B6,0.8215183333333331,0.9130434782608691,HSD17B6,0.03245699098779493
NTC_869,0.10561833333333315,0.4937778104059273,NTC,0.03236868484583229
CDH5,0.2939216666666664,0.7764316194682341,CDH5,0.03230104670159141
TYRO3,0.42400166666666683,0.8395153830085641,TYRO3,0.032211975449370225
NTC_646,0.12685166666666658,0.558295047749257,NTC,0.032110751966412235
NTC_1912,0.11065166666666637,0.5148311295964891,NTC,0.03190477055790424
SCNN1D,0.7219816666666665,0.9033899316642293,SCNN1D,0.03185726342413054
PIP5KL1,0.37688833333333327,0.823654919280236,PIP5KL1,0.031754614740958295
H6PD,0.19195499999999988,0.6839992838172538,H6PD,0.03166189328174773
NTC_890,0.06965166666666667,0.3515151262406778,NTC,0.03162575589773095
RIPK3,0.6317183333333332,0.8913043478260865,RIPK3,0.03156947617293454
RDX,0.1373183333333332,0.5890603085553997,RDX,0.0315612786147527
NTC_566,0.3223516666666666,0.7982700487108859,NTC,0.03154216385495677
SUCLA2,0.1696183333333332,0.6521739130434779,SUCLA2,0.031487366789984525
TOP1MT,0.5178183333333333,0.8695652173913039,TOP1MT,0.03143045452884006
PIK3R2,0.6053649999999999,0.8873653427232846,PIK3R2,0.03141695264213622
CHIT1,0.12956833333333329,0.5726975222066386,CHIT1,0.03136521488617599
NTC_72,0.44178499999999987,0.8496000294473002,NTC,0.03127196381630495
NTC_193,0.34371833333333335,0.8110302412446667,NTC,0.03126563417257396
GSTM4,0.7065716666666666,0.9033899316642293,GSTM4,0.031177300965204966
PPIB,0.1254183333333332,0.5652173913043476,PPIB,0.0310767169728635
S100A11,0.4087049999999999,0.8395153830085641,S100A11,0.031049867160981716
ASGR2,0.7160433333333331,0.9050958391771857,ASGR2,0.031008565593696222
SUOX,0.5815483333333333,0.8845254791958861,SUOX,0.030990508598633705
NTC_1537,0.2598516666666666,0.7603242621734322,NTC,0.03092264737738509
RXRA,0.4557856666666664,0.8554206081585148,RXRA,0.030911516662181393
NTC_492,0.3977516666666663,0.8366985478235334,NTC,0.03079830324646109
AKT2,0.6150183333333332,0.8913043478260865,AKT2,0.030734910791071834
ADRA2B,0.16501833333333327,0.6521739130434779,ADRA2B,0.030633438535959744
PIK3C2A,0.12341833333333319,0.5652173913043476,PIK3C2A,0.030581148005441986
NTC_1772,0.3113849999999996,0.7982700487108859,NTC,0.030469073709279315
NTC_76,0.13889166666666664,0.6034692986494639,NTC,0.03046516757289003
RPS6KC1,0.06288499999999964,0.3278774133866491,RPS6KC1,0.03045448230399621
GABRA1,0.2565183333333332,0.7608695652173909,GABRA1,0.030446106429912495
NTC_1728,0.29021833333333324,0.7855635194438192,NTC,0.030420306334771142
RET,0.4000583333333334,0.8395153830085641,RET,0.03039296829410883
IRAK1,0.3211183333333332,0.8043478260869561,IRAK1,0.030363699683681
GPRC5A,0.4475849999999999,0.8554206081585148,GPRC5A,0.030355345060381005
NTC_1469,0.3604849999999997,0.8238408400546916,NTC,0.030337221754049588
NTC_185,0.20401833333333297,0.710627968367698,NTC,0.030267691480863182
AKAP14,0.5058549999999999,0.8713705947300884,AKAP14,0.030248661946384932
NT5C2,0.7636183333333333,0.9130434782608691,NT5C2,0.030169446447470216
NTC_584,0.12306833333333311,0.5694332663215453,NTC,0.030097242694053616
COL2A1,0.20529166666666665,0.7144668914684729,COL2A1,0.029976256349331203
KIF1A,0.6910683333333332,0.9050958391771857,KIF1A,0.029927012439507374
NTC_926,0.28455166666666676,0.7855635194438192,NTC,0.029826333742078177
NTC_227,0.2000883333333332,0.710627968367698,NTC,0.029684645704651312
NTC_1715,0.21048500000000003,0.7229466854496152,NTC,0.029656016565403186
NTC_1748,0.3521183333333333,0.8238408400546916,NTC,0.029633110842336552
ALDH3A2,0.22561833333333325,0.7391304347826083,ALDH3A2,0.02961892992273212
BEGAIN,0.06475166666666654,0.3496165438214317,BEGAIN,0.029553180284418168
FGA,0.48471833333333314,0.8695652173913039,FGA,0.0294213560131355
TXK,0.8037816666666666,0.9194443615529225,TXK,0.029317571491274643
NTC_407,0.12841833333333308,0.5920225255079181,NTC,0.029235944907103687
RBKS,0.5840183333333333,0.8913043478260865,RBKS,0.029185717567254833
CALM3,0.45685333333333333,0.8644226273959796,CALM3,0.02890687998134568
CLK3,0.1747749999999999,0.6839992838172538,CLK3,0.028828149297061605
NME2,0.4014183333333332,0.8478260869565213,NME2,0.028778974752332476
CCT3,0.1333183333333332,0.6086956521739127,CCT3,0.028743406048242222
NTC_1031,1.0848183333333332,0.9408492025461549,NTC,0.028725966531122842
OPRM1,0.09531833333333317,0.4999999999999998,OPRM1,0.028693677470031216
ALDH9A1,0.1928183333333331,0.7110799438990183,ALDH9A1,0.0285528416247653
NTC_1064,0.5559849999999997,0.888533254349858,NTC,0.028536660465929214
KRT7,0.2677183333333333,0.7826086956521735,KRT7,0.028500043766821397
SLC12A4,0.37391833333333313,0.8395153830085641,SLC12A4,0.02840707742517385
ALOX5,0.2663183333333332,0.7826086956521735,ALOX5,0.028351006303541388
HLA-DQB1,0.7760416666666665,0.9194443615529225,HLA-DQB1,0.028305767581214537
PPP3R1,0.5453183333333333,0.8873653427232846,PPP3R1,0.028300678521589434
NTC_435,0.1648816666666666,0.674133946946755,NTC,0.028236612430580208
NMT1,0.15191833333333316,0.6521739130434779,NMT1,0.02820159937775868
POMC,0.33931833333333317,0.8260869565217387,POMC,0.028154679151783983
BLVRB,0.4448533333333331,0.8644226273959796,BLVRB,0.02814759350039741
NTC_1802,0.23588499999999968,0.7603242621734322,NTC,0.028070586462588813
NTC_798,0.10299499999999973,0.5363415300892711,NTC,0.027866180264259348
NARS,0.21221833333333318,0.7391304347826083,NARS,0.02785979246656523
PARS2,0.13891833333333325,0.6304347826086953,PARS2,0.027833654176025003
HPGDS,0.3873183333333332,0.8478260869565213,HPGDS,0.027768100284695917
PDE7A,0.060684999999999434,0.3496165438214317,PDE7A,0.02769712098365401
CSNK2B,0.45541833333333326,0.8695652173913039,CSNK2B,0.027642909290774675
MAN1A1,0.7578583333333331,0.9194443615529225,MAN1A1,0.02764253875047939
PINK1,0.5305183333333332,0.8873653427232846,PINK1,0.02753259497017232
PTPN23,0.8199833333333331,0.9256661991584854,PTPN23,0.027506828240958906
CNR2,0.2583183333333332,0.7826086956521735,CNR2,0.02749936365622709
AMY2A,0.1365183333333333,0.6304347826086953,AMY2A,0.027352790574946727
KCNJ1,0.32921833333333317,0.8260869565217387,KCNJ1,0.027316639377629865
NEK3,0.5123433333333332,0.8845254791958861,NEK3,0.027302598196972994
TRAPPC4,0.5450183333333332,0.8913043478260865,TRAPPC4,0.027236732543743113
NTC_1810,0.42393499999999995,0.8625419146266329,NTC,0.02722501731061234
SOAT1,0.524025,0.8873653427232846,SOAT1,0.027195606961577613
SFTPD,0.28711833333333314,0.8043478260869561,SFTPD,0.0271487920247853
HBB,0.09656833333333315,0.5245441795231417,HBB,0.027060178243414813
NTC_90,0.12211166666666662,0.6034692986494639,NTC,0.026784561499525208
PPTC7,0.9085083333333333,0.9347826086956517,PPTC7,0.02660964226679008
GABRG3,0.9156683333333332,0.9355286323893643,GABRG3,0.02650211177394286
TNK2,0.12889833333333334,0.6243024678463787,TNK2,0.026373236829431487
PRDX5,0.22181833333333323,0.7608695652173909,PRDX5,0.026327570809516438
GABRB2,0.3671183333333332,0.8478260869565213,GABRB2,0.026319897146663402
AKAP6,0.22161833333333325,0.7608695652173909,AKAP6,0.02630383285205018
NDUFB3,0.3169183333333332,0.8260869565217387,NDUFB3,0.026296056286333268
NTC_1288,0.23485166666666646,0.7729138676202455,NTC,0.02627259773547734
CXCR1,0.43131833333333325,0.8695652173913039,CXCR1,0.02618009133825263
NTC_1808,0.1757183333333332,0.710627968367698,NTC,0.026069168461322016
SBK2,0.14108166666666655,0.6539345289606396,SBK2,0.026024732698237286
LMAN1,0.5893416666666664,0.9033899316642293,LMAN1,0.026004556055416173
PRKG1,0.13981833333333316,0.6521739130434779,PRKG1,0.025955396796519547
MYH14,0.7700583333333333,0.9256661991584854,MYH14,0.02583206444503232
NTC_1915,1.7778849999999997,0.9671176006234639,NTC,0.025816157637592478
MAT2A,0.4250183333333333,0.8695652173913039,MAT2A,0.025797694944024875
MYO3B,0.5150183333333331,0.8913043478260865,MYO3B,0.025737513294887947
AGTR1,0.16321833333333324,0.6956521739130431,AGTR1,0.025724491145935887
LRP1,0.5147183333333332,0.8913043478260865,LRP1,0.025722521102399396
SHMT1,0.1872783333333332,0.7298349795589506,SHMT1,0.025615055017605363
NTC_133,0.07611166666666658,0.4630822527891689,NTC,0.025447316401403887
MMACHC,0.5087183333333332,0.8913043478260865,MMACHC,0.025422677252628364
NTC_182,0.3011849999999998,0.8238408400546916,NTC,0.025346730471429955
RLBP1,0.41601833333333316,0.8695652173913039,RLBP1,0.02525141438084236
TUBB1,0.5830683333333331,0.9050958391771857,TUBB1,0.02525002582679884
NTC_1534,0.11508499999999966,0.6034692986494639,NTC,0.025243298566936145
PACSIN3,0.5041183333333332,0.8913043478260865,PACSIN3,0.025192796967803906
ULK4,0.06911833333333339,0.43248485571901757,ULK4,0.02516108437142715
LTA,0.3019183333333333,0.8260869565217387,LTA,0.025051442760361812
INPP5A,0.564488333333333,0.9033899316642293,INPP5A,0.02490790883634866
BHMT,0.07766833333333323,0.47872837774661064,BHMT,0.024846940820743128
NTC_1869,0.5499916666666662,0.9015758162761423,NTC,0.02474838545663475
MMP17,0.4952183333333331,0.8913043478260865,MMP17,0.024748028590643536
STK4,0.20841833333333315,0.7608695652173909,STK4,0.024737127659277026
GCK,0.5708683333333331,0.9050958391771857,GCK,0.02472169956128917
SIGLEC7,0.4944183333333332,0.8913043478260865,SIGLEC7,0.02470804941067407
PPP1CC,0.20811833333333318,0.7608695652173909,PPP1CC,0.02470152072307764
SEC14L4,0.3637649999999999,0.8554206081585148,SEC14L4,0.02467064824757196
ACAT2,0.6230183333333332,0.9130434782608691,ACAT2,0.024614545542985672
NTC_838,0.1651349999999998,0.710627968367698,NTC,0.024499049428690287
ABCC2,0.4889183333333331,0.8913043478260865,ABCC2,0.024433192548383952
AKAP8,0.553345,0.9033899316642293,AKAP8,0.024416211994430396
LDHAL6B,0.3390183333333332,0.8478260869565213,LDHAL6B,0.02430531753385579
SLC16A2,0.1559016666666666,0.6991883262212406,SLC16A2,0.024228028121054693
ADK,0.6617949999999997,0.9194443615529225,ADK,0.02413867226597782
NTC_1011,0.12378833333333317,0.6383910283695007,NTC,0.02412798326408548
NTC_1679,0.46975166666666635,0.888533254349858,NTC,0.024110621356639158
NTC_719,0.2645816666666665,0.8110302412446667,NTC,0.02406712938046143
NTC_563,0.10163499999999992,0.5806764575913619,NTC,0.023992545676642968
TSPO,0.2878183333333333,0.8260869565217387,TSPO,0.023881506045948638
NTC_1233,0.20055166666666646,0.7603242621734322,NTC,0.023865879133403815
NTC_541,0.09025166666666662,0.5472638215462551,NTC,0.023628180661905016
NTC_1044,0.224885,0.7855635194438192,NTC,0.023572151736663813
RBP1,0.8047183333333332,0.9347826086956517,RBP1,0.023569697921164767
NTC_265,0.3668849999999999,0.8625419146266329,NTC,0.02356127820539471
MS4A2,0.1374183333333332,0.6739130434782605,MS4A2,0.023552971602746418
MUT,0.38701833333333324,0.8695652173913039,MUT,0.02349117701058762
MINK1,0.4698183333333332,0.8913043478260865,MINK1,0.023478689626612835
NTC_1849,1.6059183333333333,0.9671176006234639,NTC,0.02331907904416378
NARS2,0.3814183333333332,0.8695652173913039,NARS2,0.02315126910460739
TXNDC12,0.09331833333333317,0.5652173913043476,TXNDC12,0.02312283504574822
NR1H2,0.19321833333333327,0.7608695652173909,NR1H2,0.0229330428918413
AKR1B10,0.1544333333333332,0.7110799438990183,AKR1B10,0.02286873054041156
KRT8,0.2753183333333331,0.8260869565217387,KRT8,0.022844328107639072
DRD5,0.3752183333333332,0.8695652173913039,DRD5,0.022774942494414998
ACP1,0.4272283333333333,0.8845254791958861,ACP1,0.022766849423945752
MAP2K4,0.37501833333333323,0.8695652173913039,MAP2K4,0.022762802926344278
ABL1,0.45531833333333327,0.8913043478260865,ABL1,0.022754066989666175
NTC_1910,0.3198283333333334,0.8496000294473002,NTC,0.022639202479552548
NDUFV1,0.04518500000000003,0.3173584793053027,NDUFV1,0.02252245844000414
PPP6C,0.18931833333333326,0.7608695652173909,PPP6C,0.022470152721249234
STRADA,0.5183933333333333,0.9050958391771857,STRADA,0.02244924703812362
HRH3,0.041318333333333346,0.287144519709946,HRH3,0.022390382852845808
MARK2,0.7705783333333334,0.9355286323893643,MARK2,0.022302784072739515
JAKMIP1,0.23673833333333305,0.8050490883590465,JAKMIP1,0.022295456928105254
SERPINA1,0.5041983333333331,0.9033899316642293,SERPINA1,0.022247627418527576
FSHR,0.08961833333333313,0.5652173913043476,FSHR,0.02220603245601841
NTC_1492,0.1757183333333332,0.7477978244232752,NTC,0.02217843048687928
NTC_921,0.31311833333333317,0.8496000294473002,NTC,0.022164231900634268
LIPF,0.16831833333333313,0.7391304347826083,LIPF,0.022096648113899112
SLC7A11,0.4229583333333333,0.8873653427232846,SLC7A11,0.021950495862711254
PNLIPRP2,0.3663050000000001,0.8713705947300884,PNLIPRP2,0.021903976661831033
NR1H4,0.10081833333333323,0.6086956521739127,NR1H4,0.021736412537213187
NME4,0.7414183333333333,0.9347826086956517,NME4,0.021715680413908943
NTC_495,0.08565499999999981,0.558295047749257,NTC,0.021682383306090073
CMA1,0.26071833333333316,0.8260869565217387,CMA1,0.021632904275693518
OXCT1,0.12337499999999979,0.6689146847303868,OXCT1,0.02154488616723587
HS3ST1,0.9047133333333333,0.9467040673211782,HS3ST1,0.021519291520181442
NTC_1473,0.3348849999999999,0.8625419146266329,NTC,0.021506244877314708
PYCRL,0.1252183333333332,0.6739130434782605,PYCRL,0.02146193872100934
KCNC4,0.5422183333333332,0.9130434782608691,KCNC4,0.021422255407264824
ADH5,0.18011833333333316,0.7608695652173909,ADH5,0.021378206677801274
NTC_906,0.275925,0.8366985478235334,NTC,0.021365144474432836
KCNMB3,0.17951833333333322,0.7608695652173909,KCNMB3,0.021306992805402505
PRKAR2A,0.04556833333333299,0.3408134642356242,PRKAR2A,0.02130243284871384
NTC_1281,0.25175833333333353,0.8238408400546916,NTC,0.021187146169086866
CAMK1,0.09821166666666659,0.6096654829757392,CAMK1,0.021106511402505815
KCNJ3,0.058068333333333166,0.4347826086956522,KCNJ3,0.02100493255781486
NTC_943,0.05941833333333313,0.4432243006646116,NTC,0.020997038899521238
PPP1R14C,0.30884833333333317,0.8554206081585148,PPP1R14C,0.020946183919606117
GLYATL2,0.7147183333333331,0.9347826086956517,GLYATL2,0.020933654071985865
FFAR1,0.6218433333333333,0.9256661991584854,FFAR1,0.020860104184376137
NTC_882,0.08828166666666659,0.5806764575913619,NTC,0.020840280611110037
NTC_1257,0.13360499999999975,0.6983843829909577,NTC,0.020829751752110458
TAF1,0.7103183333333332,0.9347826086956517,TAF1,0.02080478081713712
NTC_26,0.13341166666666648,0.6983843829909577,NTC,0.02079961002583719
C1QA,0.3284133333333332,0.8644226273959796,C1QA,0.02077998368026282
KCNE1,0.7092183333333333,0.9347826086956517,KCNE1,0.020772562503424935
NTC_483,0.3596783333333331,0.8755208005048578,NTC,0.020765500404760884
MAOB,0.41521833333333324,0.8913043478260865,MAOB,0.020750110593696438
NTC_1787,0.3211183333333332,0.8625419146266329,NTC,0.020622152414296956
NTC_38,0.26571833333333306,0.8366985478235334,NTC,0.020574832223148185
PTGER2,0.24411499999999986,0.823654919280236,PTGER2,0.02056783692116329
CLPB,0.33841833333333327,0.8695652173913039,CLPB,0.020541261969402085
PDIK1L,0.1727183333333333,0.7608695652173909,PDIK1L,0.020499902251549684
NTC_233,0.2415516666666666,0.8238408400546916,NTC,0.02032818696125203
SCNN1B,0.38142833333333326,0.8845254791958861,SCNN1B,0.020326183339182218
NTC_290,0.13018499999999977,0.6983843829909577,NTC,0.020296555008034883
NTC_1804,0.3925183333333333,0.888533254349858,NTC,0.02014651906973347
ICK,0.04406499999999958,0.3496165438214317,ICK,0.020111619611843348
SMPD1,0.27346333333333317,0.8443197755960732,SMPD1,0.020097651310721717
ARPC1B,0.1272183333333332,0.6956521739130431,ARPC1B,0.020050608424915822
BDH1,0.06871833333333299,0.5109516278236996,BDH1,0.020039654997187836
NTC_887,0.14161833333333318,0.7229466854496152,NTC,0.01995313508942736
FCER1G,0.08666833333333313,0.5890603085553997,FCER1G,0.01991987048640935
TFF2,0.05096833333333328,0.40673211781206176,TFF2,0.019912896231086517
ALPK3,0.8314183333333331,0.9467040673211782,ALPK3,0.019775914459338927
OPRK1,0.5884683333333331,0.9256661991584854,OPRK1,0.019740519974279988
CLK2,0.14901833333333325,0.7391304347826083,CLK2,0.01956296506136027
IRAK3,0.8152883333333334,0.9467040673211782,IRAK3,0.019392250198592774
ACYP2,0.8128833333333332,0.9467040673211782,ACYP2,0.019335045452957646
NTC_96,0.15308499999999992,0.7477978244232752,NTC,0.019321746152937455
NTC_1069,0.4287949999999998,0.9015758162761423,NTC,0.019294808603544357
NTC_1274,1.320585,0.9671176006234639,NTC,0.01917583563269844
LYZ,0.0547183333333332,0.44927536231884063,LYZ,0.019013931212869657
CDO1,0.2256983333333331,0.8246844319775599,CDO1,0.018893704871841915
STK32C,0.20367833333333318,0.8078541374474051,STK32C,0.01887426957151078
NTC_51,0.13381833333333315,0.7229466854496152,NTC,0.018854164002603382
ST14,0.6505683333333332,0.9355286323893643,ST14,0.018829344708059557
NTC_1255,0.09618499999999974,0.6383910283695007,NTC,0.01874772854406898
NTC_490,0.20581833333333321,0.8110302412446667,NTC,0.018721843125453153
NTC_1730,0.2417849999999997,0.8366985478235334,NTC,0.01872165065416594
FGFR2,0.22162499999999996,0.823654919280236,FGFR2,0.01867294864163536
SHPK,0.6414849999999999,0.9355286323893643,SHPK,0.018566446553218215
PTEN,0.10751833333333316,0.6739130434782605,PTEN,0.01842822708111209
NTC_406,0.07721833333333317,0.5806764575913619,NTC,0.018228606184623797
NTC_605,0.05301166666666646,0.45309186047222316,NTC,0.018226139358814602
NTC_992,0.21655166666666648,0.8238408400546916,NTC,0.018224269894380335
NTC_1940,0.08958500000000003,0.6266559047543299,NTC,0.018183144831191603
NID1,0.07241833333333325,0.5652173913043476,NID1,0.017944139336193432
NTC_318,0.23095166666666667,0.8366985478235334,NTC,0.01788281498575478
AK7,0.4127533333333333,0.9050958391771857,AK7,0.017874461243989094
DHPS,0.6164016666666665,0.9355286323893643,DHPS,0.017840461740307716
ME2,0.13571833333333316,0.7391304347826083,ME2,0.01781695549665731
NTC_1114,0.03431833333333323,0.3027325543237831,NTC,0.017809185918447316
NTC_608,0.10866833333333314,0.6862187793221464,NTC,0.017771336809821542
GLYAT,0.6061183333333331,0.9347826086956517,GLYAT,0.01775282782730999
NTC_1507,0.06148500000000001,0.5148311295964891,NTC,0.01772828983825592
CHRM2,0.10321833333333319,0.6739130434782605,CHRM2,0.0176912236883687
GRK5,0.4840983333333333,0.9194443615529225,GRK5,0.017657266997845894
RAMP3,0.5223233333333333,0.9256661991584854,RAMP3,0.01752164663864525
MAP3K2,0.04311833333333337,0.3931743805516597,MAP3K2,0.017480810000603704
PPP1R9A,0.5181683333333333,0.9256661991584854,PPP1R9A,0.017382264694287216
CTSL,1.2099749999999998,0.9677419354838707,CTSL,0.01723057531770069
ADRA1A,0.04911333333333334,0.44927536231884063,ADRA1A,0.01706626435322849
NTC_376,0.21985166666666656,0.8366985478235334,NTC,0.017023331054736544
PANK1,0.04196833333333316,0.3931743805516597,PANK1,0.017014582993513962
PKMYT1,0.1596183333333332,0.7826086956521735,PKMYT1,0.01699222249498696
DUSP22,0.09891833333333322,0.6739130434782605,DUSP22,0.016954220295625308
CHRNB4,0.06821833333333327,0.5652173913043476,CHRNB4,0.01690344450460826
NTC_1857,0.23831833333333297,0.8496000294473002,NTC,0.016869477906135546
PICK1,0.49939833333333317,0.9256661991584854,PICK1,0.01675261388908857
CTSH,0.27481833333333316,0.8695652173913039,CTSH,0.01668087932291236
MASP2,0.5695183333333331,0.9347826086956517,MASP2,0.016680836661977238
NTC_1506,0.1829816666666666,0.8110302412446667,NTC,0.016644552517190537
NTC_549,0.09585166666666645,0.674133946946755,NTC,0.016414962422495884
PNP,0.4884033333333333,0.9256661991584854,PNP,0.01638378007965016
PLAUR,0.5638916666666667,0.9355286323893643,PLAUR,0.016320669214357018
CTDP1,0.06471833333333321,0.5652173913043476,CTDP1,0.0160361988116206
CDKL3,0.21795833333333325,0.8443197755960732,CDKL3,0.016018420203559484
NTC_137,0.3119516666666664,0.888533254349858,NTC,0.016011329070833552
HLA-B,0.5518916666666667,0.9355286323893643,HLA-B,0.01597335422080515
NTC_1387,0.11251833333333305,0.7229466854496152,NTC,0.01585312757319943
NTC_1706,0.24605166666666634,0.8625419146266329,NTC,0.015801386732175945
NTC_159,0.3073183333333329,0.888533254349858,NTC,0.015773517151161598
DUSP16,0.29557333333333324,0.8845254791958861,DUSP16,0.015751000223300712
NTC_1927,0.13868500000000017,0.7729138676202455,NTC,0.015514538468727137
NTC_1344,0.138185,0.7729138676202455,NTC,0.015458604018466719
GNRHR,0.5272183333333331,0.9347826086956517,GNRHR,0.015441896052863155
NTC_1499,0.10287833333333296,0.710627968367698,NTC,0.015262793311379192
CA5A,0.11098166666666631,0.7298349795589506,CA5A,0.015179553592845934
AAK1,0.024518333333332976,0.2411596192295067,AAK1,0.015144861973602528
RDH8,0.6336883333333332,0.9467040673211782,RDH8,0.015072756723608114
NTC_522,0.16568499999999986,0.8110302412446667,NTC,0.01507119666165488
FER,0.4467883333333331,0.9256661991584854,FER,0.014987780172439633
NTC_249,0.37995166666666647,0.9146450020035183,NTC,0.014722152295837152
NTC_942,0.1378849999999998,0.7855635194438192,NTC,0.014452925460612692
CA4,0.171893333333333,0.8246844319775599,CA4,0.014389569747688923
NTC_567,0.2236849999999997,0.8625419146266329,NTC,0.014365004062236696
NTC_789,0.01695499999999983,0.14447783177133525,NTC,0.014245570392702639
GABRA5,0.2818183333333333,0.8913043478260865,GABRA5,0.014083582333787143
TYROBP,0.06113333333333326,0.5890603085553997,TYROBP,0.014050899971952384
CDKN2A,0.9768683333333332,0.967741935483871,CDKN2A,0.013911034023824102
NTC_1688,0.30901500000000004,0.9015758162761423,NTC,0.013904978557642377
NTC_252,0.0983283333333329,0.7229466854496152,NTC,0.013853845557554251
PHGDH,0.08071833333333323,0.6739130434782605,PHGDH,0.01383481058680442
NTC_503,0.073685,0.6502174411635121,NTC,0.013774775979384025
KIF3B,0.056618333333333215,0.5726975222066386,KIF3B,0.013705865822388221
SELP,0.07961833333333312,0.6739130434782605,SELP,0.013646274835172372
MYLK2,0.5676283333333332,0.9467040673211782,MYLK2,0.013501469614811383
NTC_1304,0.9269516666666665,0.9671176006234639,NTC,0.013459999015175753
F2R,0.46496499999999985,0.9355286323893643,F2R,0.013457442998070269
MMP19,1.8906416666666666,0.9838709677419352,MMP19,0.013351436337979866
NTC_1276,0.08071833333333323,0.6862187793221464,NTC,0.013200466450460384
PPP1R42,0.17864333333333327,0.8443197755960732,PPP1R42,0.01312904139123477
NTC_1709,0.4957983333333331,0.9408492025461549,NTC,0.013128729384354507
MAST3,0.5443033333333331,0.9467040673211782,MAST3,0.012946666832300275
SGK223,0.5831959999999998,0.9516278236996804,SGK223,0.012557882803750527
NTC_1920,0.08415166666666662,0.710627968367698,NTC,0.012484548043560341
NTC_287,0.3202849999999997,0.9146450020035183,NTC,0.012410222040712723
CAMK2D,0.5176233333333333,0.9467040673211782,CAMK2D,0.012312062834984252
FTCD,0.031418333333333104,0.40673211781206176,FTCD,0.012274876781407068
NTC_1434,0.27268499999999984,0.9015758162761423,NTC,0.012270210436356517
NTC_292,0.057751666666666424,0.6150145313229105,NTC,0.012192221322274838
NTC_1607,0.13344500000000004,0.8110302412446667,NTC,0.012138551097048844
P4HA2,0.2271183333333331,0.8845254791958861,P4HA2,0.012103057061019317
AK8,0.04104833333333313,0.509116409537167,AK8,0.012034669604511907
PGAM2,0.07631833333333327,0.6956521739130431,PGAM2,0.012028368688806914
NTC_1602,0.1428849999999997,0.8238408400546916,NTC,0.01202472760399842
SLC36A1,0.030768333333333286,0.40673211781206176,SLC36A1,0.012020927285637749
PPP1R14A,0.3271683333333333,0.9194443615529225,PPP1R14A,0.01193331647132348
HTR1B,0.023884999999999934,0.3173584793053027,HTR1B,0.011905475707413899
CDK3,0.1619083333333331,0.8443197755960732,CDK3,0.011899135390363483
LCTL,0.6124183333333333,0.9565217391304343,LCTL,0.011822830969500174
ACY1,0.49593833333333315,0.9467040673211782,ACY1,0.01179626869398732
NTC_1091,0.20298499999999997,0.8755208005048578,NTC,0.011719040901343488
DDC,0.22540166666666628,0.8873653427232846,DDC,0.011697791393828894
REN,0.6038183333333331,0.9565217391304343,REN,0.011656806634819843
PIP,0.8165783333333332,0.967741935483871,PIP,0.011628434038143226
NTC_382,0.22631833333333318,0.888533254349858,NTC,0.01161608574970246
SPTLC1,0.5943183333333333,0.9565217391304343,SPTLC1,0.011473407660463671
NTC_278,0.027351666666666663,0.38665655063937165,NTC,0.011287338859030067
NTC_1738,0.2197849999999999,0.888533254349858,NTC,0.011280753834193823
NTC_124,0.14506833333333313,0.8366985478235334,NTC,0.011232783909873492
NTC_1640,0.24854166666666666,0.9015758162761423,NTC,0.011183814849378505
PTPN4,0.7842183333333332,0.967741935483871,PTPN4,0.011167613428394441
NTC_363,0.06187499999999968,0.6621326131582912,NTC,0.011079029395761332
EDA,0.05951833333333312,0.6521739130434779,EDA,0.011048779666478017
NTC_91,0.06728499999999982,0.6862187793221464,NTC,0.011003614029682134
NTC_1736,0.0821016666666663,0.7353376257693391,NTC,0.010961657183834897
NTC_822,0.2434816666666666,0.9015758162761423,NTC,0.010956126253350249
ERN2,0.06941833333333314,0.6956521739130431,ERN2,0.010940874500611382
NTC_1838,0.41227499999999995,0.9408492025461549,NTC,0.010917033283562382
KSR1,0.5055283333333331,0.9516278236996804,KSR1,0.01088547514724952
PRDX2,0.03536333333333319,0.49368863955119224,PRDX2,0.010840519017863119
NTC_1238,0.18741833333333324,0.8755208005048578,NTC,0.01082032226024071
IL11RA,0.2119183333333332,0.8913043478260865,IL11RA,0.010590401483954605
NTC_1192,0.14932833333333306,0.8496000294473002,NTC,0.01057027793326871
CLPP,0.17634833333333333,0.8713705947300884,CLPP,0.010545118897329087
NTC_994,0.02431833333333322,0.36882550643268,NTC,0.01053419259380548
NTC_1244,0.10704499999999983,0.7982700487108859,NTC,0.010474370940185955
MMP24,0.30730333333333304,0.9256661991584854,MMP24,0.010308672950109721
GPX7,0.7196849999999999,0.9677419354838707,GPX7,0.010248630424198369
NTC_611,0.3848849999999997,0.9408492025461549,NTC,0.010191746662649699
PHKB,0.7117533333333332,0.967741935483871,PHKB,0.010135680007954211
GPT2,0.0876633333333332,0.7667134174848061,GPT2,0.010113450212134003
NTC_467,0.4932116666666664,0.9539771520943121,NTC,0.01009211023970356
NTC_1695,0.492558333333333,0.9539771520943121,NTC,0.010078741715662278
NPR1,0.7068733333333332,0.967741935483871,NPR1,0.010066186665074913
SLC7A1,0.016284999999999883,0.2411596192295067,SLC7A1,0.010059169760320263
SIK1,0.29838833333333326,0.9256661991584854,SIK1,0.010009613976836106
NTC_297,0.07445166666666658,0.7353376257693391,NTC,0.009940281116077431
NTC_1067,1.130185,0.980266984281327,NTC,0.009782456747908987
NTC_131,0.09989499999999985,0.7982700487108859,NTC,0.00977474225858168
NTC_891,0.04268499999999964,0.5920225255079181,NTC,0.009717742599263186
ARAF,0.6795183333333332,0.9677419354838707,ARAF,0.009676639453094852
SUCNR1,0.5002183333333332,0.9565217391304343,SUCNR1,0.009656792556577764
NTC_1529,0.06838499999999992,0.7229466854496152,NTC,0.009635017663135587
ULK3,0.261848333333333,0.9194443615529225,ULK3,0.009550799117137247
PADI4,0.3266116666666665,0.9355286323893643,PADI4,0.009453094075191452
NTC_1087,0.24332833333333315,0.9146450020035183,NTC,0.009428348644061465
DGKG,0.6615183333333332,0.967741935483871,DGKG,0.009420311549031765
PFN1,0.4371016666666665,0.9516278236996804,PFN1,0.009412052728969382
NTC_263,0.05250166666666667,0.6621326131582912,NTC,0.009400687003256015
NTC_332,0.14531833333333344,0.8625419146266329,NTC,0.009332313068157471
NTC_774,0.18154499999999985,0.888533254349858,NTC,0.009318035602196312
DYRK3,0.020141666666666502,0.3496165438214317,DYRK3,0.009192818299070586
CFTR,0.6382183333333333,0.967741935483871,CFTR,0.009088509317661348
HDC,0.6378933333333332,0.967741935483871,HDC,0.009083881174949099
NTC_276,0.04441833333333278,0.6266559047543299,NTC,0.009015627484066925
NTC_257,0.07088500000000009,0.7477978244232752,NTC,0.008946807172818852
NTC_1013,0.3361183333333333,0.9408492025461549,NTC,0.008900406360355382
NTC_1775,0.22691833333333333,0.9146450020035183,NTC,0.00879250324484485
NTC_1596,0.10365166666666648,0.8238408400546916,NTC,0.008722980420387792
NTC_1130,0.16935166666666635,0.888533254349858,NTC,0.008692196751721507
NTC_614,0.019021666666666714,0.3515151262406778,NTC,0.008636901535278031
MSRA,0.6015016666666664,0.9677419354838707,MSRA,0.00856564786150333
NTC_1472,0.11018499999999953,0.8366985478235334,NTC,0.00853173305758946
IL2RB,0.35593833333333325,0.9467040673211782,IL2RB,0.008466262711069636
KCNH2,0.02411833333333324,0.44927536231884063,KCNH2,0.008380816867638403
GZMB,0.05295166666666651,0.6991883262212406,GZMB,0.008228997781016096
PPP5C,0.5773683333333333,0.9677419354838707,PPP5C,0.008221978597537403
NTC_385,0.18201833333333317,0.9015758162761423,NTC,0.008190414776298238
C1S,0.8470983333333332,0.9782608695652169,C1S,0.008085822889504792
NTC_965,0.1258849999999998,0.8625419146266329,NTC,0.0080843084532922
PRKACB,0.5572349999999999,0.9677419354838707,PRKACB,0.007935271090029913
NTC_1768,0.15458833333333333,0.888533254349858,NTC,0.007934449275299195
CAPN1,0.10745333333333318,0.8443197755960732,CAPN1,0.007897071973724993
NTC_87,0.027351666666666663,0.5148311295964891,NTC,0.007886448308140679
PLK2,0.8120183333333333,0.9782608695652169,PLK2,0.007750973137354223
NTC_225,0.2378849999999999,0.9277373056487046,NTC,0.0077490989857281175
NTC_679,0.1980516666666663,0.9146450020035183,NTC,0.0076739939705779345
RPS6KA3,0.5385483333333332,0.9677419354838707,RPS6KA3,0.007669164751108227
NTC_149,0.0324850000000001,0.5806764575913619,NTC,0.007668596903682292
SLC9A1,0.31695833333333323,0.9467040673211782,SLC9A1,0.007539093902397269
NTC_565,0.01861833333333318,0.39576602610453004,NTC,0.007495024004968659
LCN9,0.7809183333333332,0.9782608695652169,LCN9,0.007454113750470449
NTC_1305,0.27991833333333327,0.9408492025461549,NTC,0.00741223154855208
ACOX1,0.7731183333333331,0.9782608695652169,ACOX1,0.007379660270801849
NTC_776,0.03785166666666662,0.6383910283695007,NTC,0.00737779042061914
PHKA2,0.5177783333333332,0.967741935483871,PHKA2,0.007373390830697692
TSSK2,0.08801833333333331,0.8260869565217387,TSSK2,0.007303253880008764
SLC1A6,0.5038733333333332,0.967741935483871,SLC1A6,0.007175377524809036
NTC_440,0.3495549999999996,0.9539771520943121,NTC,0.0071526037059942
LIMK2,0.02871833333333318,0.5652173913043476,LIMK2,0.007115957398033364
NTC_1115,0.014918333333333145,0.33472847233967196,NTC,0.007090793401728465
PLA2G2D,0.7390183333333331,0.9782608695652169,PLA2G2D,0.0070541649301993845
STMN4,1.4980183333333332,0.989247311827957,STMN4,0.007033377647375158
GABRP,0.7331183333333331,0.9782608695652169,GABRP,0.006997847554552624
KCNH7,0.7274183333333333,0.9782608695652169,KCNH7,0.006943439242487111
MAPK10,0.7203183333333332,0.9782608695652169,MAPK10,0.006875667485352873
LYN,0.10037499999999966,0.8554206081585148,LYN,0.006807461734498998
LEPREL2,0.3125243333333332,0.9516278236996804,LEPREL2,0.006729545386662913
PPT1,0.011718333333333275,0.26810599504640265,PPT1,0.00669929470179795
TRPM6,0.6978183333333332,0.9782608695652169,TRPM6,0.006660897832462684
HBG1,0.6852183333333333,0.9782608695652169,HBG1,0.006540626826844178
SERPINB2,0.6833183333333332,0.9782608695652169,SERPINB2,0.00652249072282234
NTC_445,0.013418333333333088,0.3265321669468846,NTC,0.006522303353609352
RYR1,0.45521833333333306,0.967741935483871,RYR1,0.006482508959687673
NTC_729,0.07671166666666629,0.8238408400546916,NTC,0.006455799389126846
PFN2,0.9044983333333331,0.9838709677419352,PFN2,0.006387435614174494
RPS6KA2,0.6479183333333332,0.9782608695652169,RPS6KA2,0.006184586468941774
NTC_1322,0.08721833333333318,0.8496000294473002,NTC,0.006173791695323336
NRBP2,0.6403183333333331,0.9782608695652169,NRBP2,0.006112042052854421
NTC_158,0.4204183333333329,0.9671176006234639,NTC,0.006104773912298728
UBA1,0.25644333333333313,0.9467040673211782,UBA1,0.006099698816281097
SPTLC2,0.6353183333333332,0.9782608695652169,SPTLC2,0.0060643154633232685
NTC_84,0.2284183333333334,0.9408492025461549,NTC,0.006048512637380019
NTC_1032,0.05678499999999964,0.7855635194438192,NTC,0.005952129472247798
RPS6KL1,0.6187183333333333,0.9782608695652169,RPS6KL1,0.005905863186079841
ENO3,0.41365166666666653,0.9677419354838707,ENO3,0.005890581373823772
PTPDC1,0.011651666666666172,0.3173584793053027,PTPDC1,0.005807772009666266
NTC_1635,0.3987949999999998,0.9671176006234639,NTC,0.005790787697226586
PTGR1,0.4065833333333331,0.967741935483871,PTGR1,0.005789925203348605
MAPK11,0.39874833333333326,0.967741935483871,MAPK11,0.005678351362885636
TP53RK,0.5944183333333333,0.9782608695652169,TP53RK,0.005673911960958436
NTC_113,0.1730516666666666,0.9277373056487046,NTC,0.005637154484920138
GSTA4,0.5869183333333332,0.9782608695652169,GSTA4,0.005602322076661706
NTC_911,0.38401833333333313,0.9671176006234639,NTC,0.005576219963079087
NTC_432,0.37871833333333327,0.9671176006234639,NTC,0.005499260184758647
PTPN7,0.5617183333333331,0.9782608695652169,PTPN7,0.005361780065424693
PLAU,0.37603833333333303,0.967741935483871,PLAU,0.005354950990592835
NTC_1156,0.0203549999999999,0.5472638215462551,NTC,0.005329005381689068
NTC_1030,1.8573516666666665,0.9934217319324556,NTC,0.005323808213757517
NTC_47,0.10321833333333319,0.888533254349858,NTC,0.0052978165457565115
TRIM24,0.5476183333333331,0.9782608695652169,TRIM24,0.005227191082946841
NTC_917,1.7904183333333332,0.9934217319324556,NTC,0.005131954276687171
GGPS1,0.04311833333333315,0.7608695652173909,GGPS1,0.005117705813413358
NTC_195,0.19288499999999997,0.9408492025461549,NTC,0.005107590721969389
NTC_1388,0.05526166666666654,0.8110302412446667,NTC,0.005026764318943479
ADRBK1,0.35210833333333325,0.967741935483871,ADRBK1,0.005014177282580215
NTC_79,0.1525183333333331,0.9277373056487046,NTC,0.004968281573610252
MOCOS,0.011218333333333108,0.3665264142122488,MOCOS,0.0048900122883699
NADSYN1,0.019518333333333304,0.5652173913043476,NADSYN1,0.004836340147894438
NTC_1342,0.06798499999999996,0.8496000294473002,NTC,0.0048123509400534005
SLC1A5,0.011518333333333075,0.3957357285667392,SLC1A5,0.004637220392399486
ACADSB,0.024718333333333176,0.6521739130434779,ACADSB,0.004588626788203495
PYGL,0.026218333333333232,0.6739130434782605,PYGL,0.004493721074126485
NTC_531,0.30645166666666657,0.9671176006234639,NTC,0.0044498966665277055
GLRX,0.014518333333333189,0.4999999999999998,GLRX,0.004370453820381526
NTC_978,0.018391666666666806,0.5806764575913619,NTC,0.004341643160029474
NTC_1712,0.5015549999999998,0.980266984281327,NTC,0.004341271645082433
PDE3A,0.6124383333333334,0.9838709677419352,PDE3A,0.004324950392559049
MAPKAPK2,0.017448333333333066,0.5665154725314075,MAPKAPK2,0.004306043200230216
PCYT1B,0.022918333333333152,0.6521739130434779,PCYT1B,0.004254480949672049
KCNN2,0.5974483333333331,0.9838709677419352,KCNN2,0.004219093193791617
NTC_1066,0.12905166666666634,0.9277373056487046,NTC,0.004203855389256102
NTC_181,0.07705166666666652,0.888533254349858,NTC,0.003954778006602011
NTC_255,0.26138499999999976,0.9671176006234639,NTC,0.0037954965389224303
NTC_130,0.06405166666666662,0.8755208005048578,NTC,0.0036979289182249206
TEC,0.018954999999999833,0.6390588165080121,TEC,0.0036859735524415187
NTC_1704,0.03065166666666652,0.7603242621734322,NTC,0.0036475836080679786
AARS2,0.019518333333333304,0.6521739130434779,AARS2,0.0036233165880015772
PPP1R3G,0.5124283333333333,0.9838709677419352,PPP1R3G,0.0036186943252654743
KCNK9,0.5032816666666666,0.9838709677419352,KCNK9,0.003554101896219927
NTC_474,1.225885,0.9934217319324556,NTC,0.003513807723787077
NTC_237,0.24109499999999962,0.9671176006234639,NTC,0.0035008712743711486
NTC_1833,0.03128499999999956,0.7729138676202455,NTC,0.0034998185527931724
NTC_64,0.13198166666666644,0.9408492025461549,NTC,0.0034948717429386534
MTMR9,0.4853883333333333,0.9838709677419352,MTMR9,0.0034277417799238267
NTC_206,0.04011833333333348,0.8238408400546916,NTC,0.0033762258477779052
PDE10A,0.13859333333333312,0.9467040673211782,PDE10A,0.003296547351375031
NTC_556,0.04608499999999971,0.8496000294473002,NTC,0.0032621489015571036
NTC_177,0.37385166666666647,0.980266984281327,NTC,0.0032359195700706984
NTC_1007,0.018384999999999874,0.674133946946755,NTC,0.0031485011646911246
LPA,0.006968333333333243,0.35343618513323993,LPA,0.0031475194388383147
NTC_677,0.36175166666666647,0.980266984281327,NTC,0.003131186516057684
CSF2RB,0.6584833333333331,0.989247311827957,CSF2RB,0.0030916590636979858
ETNK2,0.01661833333333318,0.6521739130434779,ETNK2,0.00308497051481201
NTC_1098,0.025884999999999714,0.7603242621734322,NTC,0.003080344789130739
GRM7,0.0053516666666666435,0.26810599504640265,GRM7,0.0030595129124553026
NTC_1028,0.20931833333333305,0.9671176006234639,NTC,0.0030394514210826096
NTC_1478,0.023158333333333392,0.7477978244232752,NTC,0.002922947630347702
PTPRM,0.6180333333333332,0.989247311827957,PTPRM,0.002901741410819022
NTC_360,0.33151833333333314,0.980266984281327,NTC,0.0028694981414301244
NTC_751,0.13865166666666684,0.9539771520943121,NTC,0.0028370940906074144
NTC_300,0.13835166666666643,0.9539771520943121,NTC,0.0028309554826292677
EIF2AK1,0.00791833333333325,0.44927536231884063,EIF2AK1,0.002751521037810088
CD86,0.014818333333333156,0.6521739130434779,CD86,0.0027508246762805643
NTC_519,0.017284999999999995,0.6983843829909577,NTC,0.0026948262343118134
NTC_424,0.045884999999999954,0.8755208005048578,NTC,0.0026491030950964137
ASNA1,0.5550433333333331,0.989247311827957,ASNA1,0.002605995725903175
SRMS,0.01005833333333328,0.5665154725314075,SRMS,0.0024822782226945855
LTK,0.5284783333333334,0.989247311827957,LTK,0.0024812698310025657
NTC_701,0.2845816666666665,0.980266984281327,NTC,0.002463231988935013
NTC_507,0.09122166666666653,0.9408492025461549,NTC,0.002415547804698397
FLT4,0.5123733333333331,0.989247311827957,FLT4,0.002405654903941607
NTC_537,0.1630516666666666,0.9671176006234639,NTC,0.00236762643800856
NTC_59,0.0714849999999998,0.9277373056487046,NTC,0.0023286224057623354
NTC_1224,0.02978499999999995,0.8366985478235334,NTC,0.002306281881565574
NTC_702,0.02527833333333329,0.8110302412446667,NTC,0.0022993918154662904
MME,0.47481833333333334,0.989247311827957,MME,0.0022293296269609033
CACNA2D1,0.44708333333333306,0.989247311827957,CACNA2D1,0.002099110440246487
NTC_1481,0.07811833333333307,0.9408492025461549,NTC,0.0020685718150662007
NTC_286,0.005951666666666355,0.47319425686009076,NTC,0.0019340567843022926
NTC_174,0.22331833333333306,0.980266984281327,NTC,0.0019329595923220113
NTC_1625,0.032284999999999675,0.8755208005048578,NTC,0.001863927066038726
GAK,0.007518333333333294,0.5652173913043476,GAK,0.0018629263433653596
CASP7,0.3951433333333332,0.989247311827957,CASP7,0.0018552458446832384
PTPRZ1,0.006118333333333226,0.4999999999999998,PTPRZ1,0.0018418018568040935
CDC7,0.012718333333333165,0.7173913043478257,CDC7,0.0018345418972565326
NTC_46,0.01538499999999976,0.7603242621734322,NTC,0.0018308327054578405
NTC_1782,0.05595166666666662,0.9277373056487046,NTC,0.0018226243916870093
NTC_439,0.009684999999999944,0.6502174411635121,NTC,0.0018105273170975571
NTC_140,0.12221833333333332,0.9671176006234639,NTC,0.0017746973283070371
NTC_517,0.6167183333333333,0.9934217319324556,NTC,0.0017677266979102932
NTC_641,0.2009949999999998,0.980266984281327,NTC,0.0017397372058963487
NTC_218,0.11975166666666648,0.9671176006234639,NTC,0.0017388795698434325
DUSP6,0.03252833333333305,0.8845254791958861,DUSP6,0.0017334235799246515
SLC16A5,0.3619133333333333,0.989247311827957,SLC16A5,0.0016992269669287767
NTC_1875,0.1911883333333333,0.980266984281327,NTC,0.0016548543836081163
ADCK2,0.35219833333333317,0.989247311827957,ADCK2,0.001653613864389366
NTC_950,0.07777833333333328,0.9539771520943121,NTC,0.0015915023250877615
HUNK,0.008418333333333194,0.6521739130434779,HUNK,0.0015627505837243355
NTC_1271,0.18043499999999968,0.980266984281327,NTC,0.001561777570317209
NTC_1500,0.013118333333333343,0.7603242621734322,NTC,0.0015610967635856243
AK2,0.33012833333333336,0.989247311827957,AK2,0.0015499925393204236
NTC_831,0.057484999999999786,0.9408492025461549,NTC,0.0015222015846354526
NTC_1876,0.5196183333333333,0.9934217319324556,NTC,0.0014894047264531621
NTC_700,0.031994999999999774,0.9015758162761423,NTC,0.0014397028912893051
PRSS1,0.0028849999999998044,0.3173584793053027,PRSS1,0.0014380279428882923
NTC_10,0.15738166666666653,0.980266984281327,NTC,0.001362236578153572
NTC_636,0.0417183333333333,0.9277373056487046,NTC,0.0013589738508926613
NTC_1896,0.1474183333333332,0.980266984281327,NTC,0.0012759977080585583
NTC_1852,0.012884999999999813,0.7982700487108859,NTC,0.001260799379366568
NTC_189,0.030718333333333403,0.9146450020035183,NTC,0.0011902566070446474
NTC_656,0.40935166666666656,0.9934217319324556,NTC,0.001173342563191854
NTC_1445,0.0109849999999998,0.7855635194438192,NTC,0.0011514333407174656
NTC_813,0.03378499999999973,0.9277373056487046,NTC,0.0011005456806138364
NTC_188,0.01781833333333327,0.8755208005048578,NTC,0.0010287153096391589
NTC_1063,0.013884999999999703,0.8496000294473002,NTC,0.0009828564065991038
NTC_160,0.012518333333333187,0.8496000294473002,NTC,0.0008861162489456176
NTC_740,0.00781833333333326,0.7729138676202455,NTC,0.0008746283539051115
NTC_826,0.012318333333332987,0.8625419146266329,NTC,0.0007910807983249404
NTC_1854,0.2401183333333332,0.9934217319324556,NTC,0.0006882616675214611
NTC_1702,0.23828499999999986,0.9934217319324556,NTC,0.0006830067041056896
NTC_329,0.23748499999999995,0.9934217319324556,NTC,0.0006807136291606259
NTC_676,0.07838166666666657,0.980266984281327,NTC,0.0006784422585644698
NTC_1683,0.07808499999999974,0.980266984281327,NTC,0.0006758744233558848
NPC1L1,0.14339833333333307,0.989247311827957,NPC1L1,0.0006732725560796543
YARS2,0.003118333333333112,0.6521739130434779,YARS2,0.0005788767258261873
NTC_1189,0.06627499999999986,0.980266984281327,NTC,0.0005736515003894642
NTC_763,0.19485166666666642,0.9934217319324556,NTC,0.0005585118435465949
NTC_797,0.004884999999999806,0.8110302412446667,NTC,0.000444354019326923
NTC_147,0.02878499999999984,0.9671176006234639,NTC,0.0004179787205573451
NTC_403,0.12030166666666631,0.9934217319324556,NTC,0.0003448259221034522
NTC_877,0.10865166666666659,0.9934217319324556,NTC,0.0003114330182159599
NTC_161,0.0016183333333330552,0.6502174411635121,NTC,0.0003025334752884935
PREP,0.0008183333333333653,0.49368863955119224,PREP,0.0002508575189825158
NTC_1574,0.016461666666666375,0.9671176006234639,NTC,0.0002390351353682385
NTC_554,0.020418333333333205,0.980266984281327,NTC,0.00017673342213683635
NTC_106,0.0017849999999999255,0.7982700487108859,NTC,0.0001746625449879133
NTC_1068,0.0006450000000000067,0.6502174411635121,NTC,0.00012057719354960695
NTC_1053,0.003434999999999633,0.9277373056487046,NTC,0.00011189505440012295
NTC_176,0.0023849999999998595,0.9015758162761423,NTC,0.00010731962480777668
NTC_1936,0.006151666666666333,0.9671176006234639,NTC,8.932658546564099e-05
NTC_392,0.026218333333333232,0.9934217319324556,NTC,7.515075408500022e-05
NTC_792,0.016351666666666542,0.9934217319324556,NTC,4.686949642921203e-05
CSF2RA,4.001218333333333,0.9999999999999994,CSF2RA,9.646211846274749e-16
TGFBR2,1.4473249999999998,0.9999999999999997,TGFBR2,2.0935428757938542e-16
HTR2B,1.2427516666666665,0.9999999999999997,HTR2B,1.7976293494073125e-16
STK24,0.6577183333333332,0.9999999999999994,STK24,1.5856396352224593e-16
TWF1,0.6308183333333333,0.9999999999999994,TWF1,1.520788613096751e-16
S100A7,0.6019183333333331,0.9999999999999994,S100A7,1.4511159536382757e-16
CACNB2,0.7734116666666666,0.9999999999999997,CACNB2,1.118733169679133e-16
OGFOD2,0.6704979999999998,0.9999999999999997,OGFOD2,9.698694565035687e-17
KCNJ8,0.6447516666666664,0.9999999999999997,KCNJ8,9.326276119090138e-17
NUAK1,0.6375749999999998,0.9999999999999997,NUAK1,9.222466267315678e-17
TAP1,0.6120716666666666,0.9999999999999997,TAP1,8.853562794985719e-17
SFTPA1,0.5825216666666666,0.9999999999999997,SFTPA1,8.426124645435975e-17
TRAPPC2,0.4846583333333334,0.9999999999999997,TRAPPC2,7.01054014090908e-17
MAPKAP1,0.4296616666666666,0.9999999999999997,MAPKAP1,6.215018197375943e-17
FXYD2,0.4140009999999996,0.9999999999999997,FXYD2,5.988488032207906e-17
ITPKB,1.7337183333333333,1.0,ITPKB,-0.0
NTC_1525,2.9027516666666666,1.0,NTC,-0.0
NTC_1829,1.0903516666666664,1.0,NTC,-0.0
NTC_358,-0.3939483333333331,1.0,NTC,0.0
NTC_1017,1.1676849999999999,1.0,NTC,-0.0
ABCC9,0.39210333333333325,1.0,ABCC9,-0.0
NTC_66,-0.4158483333333336,1.0,NTC,0.0
CLCN2,0.6912733333333332,1.0,CLCN2,-0.0
EIF2AK4,0.46485833333333315,1.0,EIF2AK4,-0.0
NEK2,0.36368833333333317,1.0,NEK2,-0.0
NTC_1050,0.19470166666666655,1.0,NTC,-0.0
NTC_248,0.14591833333333315,1.0,NTC,-0.0
NTC_745,-0.4720816666666672,1.0,NTC,0.0
NTC_1317,0.3012483333333331,1.0,NTC,-0.0
NTC_1202,-0.08867833333333364,1.0,NTC,0.0
PPP2R5B,0.3841533333333331,1.0,PPP2R5B,-0.0
HMGCL,0.3958033333333333,1.0,HMGCL,-0.0
NTC_940,-0.2057716666666669,1.0,NTC,0.0
NTC_178,-0.0006450000000000067,0.980266984281327,NTC,-5.58287767259463e-06
NTC_1502,-0.05424833333333323,0.9934217319324556,NTC,-0.0001554943674726767
NTC_619,-0.004071666666666918,0.9146450020035183,NTC,-0.00015776663724215975
NTC_471,-0.022748333333333592,0.980266984281327,NTC,-0.00019690102675256894
NTC_169,-0.0020150000000001,0.7729138676202455,NTC,-0.00022541583454942275
NTC_1453,-0.008681666666666477,0.9408492025461549,NTC,-0.0002298903497830138
NTC_639,-0.017691666666666883,0.9671176006234639,NTC,-0.00025689561222374483
VAMP2,-0.0019816666666667704,0.6521739130434779,VAMP2,-0.00036786981667954127
NTC_1593,-0.00618166666666653,0.8625419146266329,NTC,-0.0003969853444712788
MPRIP,-0.0015116666666668,0.49744859896750315,MPRIP,-0.0004584156194656021
NTC_847,-0.0037716666666667287,0.7477978244232752,NTC,-0.0004760439357666025
NTC_1021,-0.0028483333333335636,0.674133946946755,NTC,-0.0004877879150083949
NTC_1647,-0.014078333333333415,0.9146450020035183,NTC,-0.0005454992979060373
NTC_1193,-0.20364833333333343,0.9934217319324556,NTC,-0.000583726113463361
NTC_293,-0.0694450000000002,0.980266984281327,NTC,-0.0006010898294160173
NTC_1905,-0.2183983333333337,0.9934217319324556,NTC,-0.0006260046827629774
NTC_678,-0.004995000000000305,0.7229466854496152,NTC,-0.0007037641767546282
NTC_1842,-0.24658500000000028,0.9934217319324556,NTC,-0.0007067973566607287
NTC_234,-0.05121500000000023,0.9671176006234639,NTC,-0.0007436783106946203
MAP3K9,-0.0028616666666669843,0.5384351407000686,MAP3K9,-0.0007694065980090164
NTC_550,-0.029148333333333554,0.9408492025461549,NTC,-0.0007718472504041556
NTC_93,-0.09441500000000014,0.980266984281327,NTC,-0.0008172207681519648
NTC_1035,-0.09711500000000006,0.980266984281327,NTC,-0.0008405909537581739
NTC_470,-0.29988166666666705,0.9934217319324556,NTC,-0.0008595639203966737
NTC_1438,-0.30198166666666704,0.9934217319324556,NTC,-0.0008655832421274665
EPHA7,-0.0028816666666668933,0.4999999999999998,EPHA7,-0.0008674681041717745
NTC_901,-0.027648333333333497,0.9277373056487046,NTC,-0.0009006438900746478
NTC_1126,-0.104781666666667,0.980266984281327,NTC,-0.000906950740047414
NTC_733,-0.31898166666666694,0.9934217319324556,NTC,-0.0009143110847100741
NTC_1218,-0.34098166666666674,0.9934217319324556,NTC,-0.0009773706456993308
NTC_1018,-0.009381666666667066,0.7855635194438192,NTC,-0.00098337403654969
NTC_351,-0.0029483333333335526,0.40500395561541536,NTC,-0.001157340933906516
NTC_89,-0.01291500000000001,0.8110302412446667,NTC,-0.0011747865219257814
NTC_944,-0.005915000000000115,0.6150145313229105,NTC,-0.0012487429936438898
NTC_1399,-0.44948166666666656,0.9934217319324556,NTC,-0.001288368935123622
NTC_1345,-0.008745000000000225,0.6983843829909577,NTC,-0.0013633934289301371
NTC_1337,-0.051814999999999944,0.9408492025461549,NTC,-0.0013720601045122411
NTC_1826,-0.09944833333333358,0.9671176006234639,NTC,-0.0014440606957869507
NTC_1957,-0.10858166666666702,0.9671176006234639,NTC,-0.0015766832068548847
NTC_394,-0.5529816666666669,0.9934217319324556,NTC,-0.0015850355061412654
NTC_1186,-0.07802166666666688,0.9539771520943121,NTC,-0.0015964814182255905
CACNA1A,-0.040326666666666844,0.8845254791958861,CACNA1A,-0.0021489940533820475
NTC_397,-0.055711666666666826,0.9146450020035183,NTC,-0.002158684151900681
NTC_359,-0.0872816666666667,0.9408492025461549,NTC,-0.002311216687999024
NTC_1073,-0.020081666666666553,0.7477978244232752,NTC,-0.002534623677442186
NTC_122,-0.04054833333333363,0.8625419146266329,NTC,-0.002604005512440557
NTC_1621,-0.1004483333333337,0.9408492025461549,NTC,-0.002659869742958881
ANXA2,-0.012478333333333369,0.6096654829757392,ANXA2,-0.002681698557037718
NTC_377,-0.1853149999999999,0.9671176006234639,NTC,-0.0026909059093307205
NTC_781,-0.342781666666667,0.980266984281327,NTC,-0.002966989323113318
NTC_478,-0.12084833333333345,0.9408492025461549,NTC,-0.003200061311656158
ADORA2A,-0.008281666666666743,0.40673211781206176,ADORA2A,-0.003235577037123374
NTC_1489,-0.22484499999999996,0.9671176006234639,NTC,-0.0032649096898980986
NTC_880,-0.02794500000000011,0.7603242621734322,NTC,-0.0033254871598323273
KCNQ3,-0.007431666666666947,0.35343618513323993,KCNQ3,-0.0033568020037743978
PLOD2,-0.011181666666666867,0.4999999999999998,PLOD2,-0.003366017068182812
NTC_1266,-0.23318500000000042,0.9671176006234639,NTC,-0.0033860124354061225
NTC_1946,-0.04884833333333383,0.8496000294473002,NTC,-0.003457752781300449
NTC_1572,-0.04721500000000001,0.8366985478235334,NTC,-0.003655903946218525
NTC_1524,-0.4261483333333336,0.980266984281327,NTC,-0.00368857986880629
SIK2,-0.014181666666666759,0.543478260869565,SIK2,-0.0037555580933136034
NTC_559,-0.054048333333333476,0.8496000294473002,NTC,-0.003825837283591778
NTC_581,-0.2775483333333335,0.9671176006234639,NTC,-0.004030199661611635
NTC_706,-0.10578166666666666,0.9146450020035183,NTC,-0.004098768194483021
NTC_1019,-0.03911500000000023,0.7855635194438192,NTC,-0.004099983169974034
NTC_1839,-0.04544166666666705,0.8110302412446667,NTC,-0.004133508132701855
NTC_852,-0.07184500000000016,0.8755208005048578,NTC,-0.004147865574091804
HSPG2,-0.007248333333333301,0.2589149831398645,HSPG2,-0.004253632349492639
NTC_510,-0.30034833333333366,0.9671176006234639,NTC,-0.004361271915518447
NTC_1378,-0.04001833333333349,0.7729138676202455,NTC,-0.00447680695067489
NTC_326,-0.0819150000000004,0.8755208005048578,NTC,-0.004729242236783786
NTC_804,-0.09598499999999999,0.888533254349858,NTC,-0.004926556210729096
NTC_73,-0.02181500000000014,0.5920225255079181,NTC,-0.004966441485367917
NTC_534,-0.05921500000000002,0.8238408400546916,NTC,-0.004983337964592281
NTC_1516,-0.5786483333333334,0.980266984281327,NTC,-0.005008562574342215
NTC_1259,-0.156215,0.9277373056487046,NTC,-0.005088700414299003
NTC_710,-0.11328166666666672,0.9015758162761423,NTC,-0.005097419691516567
NTC_1567,-0.250815,0.9539771520943121,NTC,-0.005132183200122834
NTC_913,-0.5958483333333333,0.980266984281327,NTC,-0.005157439312278069
PAH,-0.01738166666666685,0.4999999999999998,PAH,-0.005232403041299492
NTC_1509,-0.0751816666666667,0.8496000294473002,NTC,-0.005321770453160478
NTC_832,-0.03141500000000019,0.674133946946755,NTC,-0.005379938215326243
NTC_98,-0.05521500000000046,0.7982700487108859,NTC,-0.005402796874794462
NTC_379,-0.6246816666666668,0.980266984281327,NTC,-0.005407009812887595
NTC_258,-0.2060116666666667,0.9408492025461549,NTC,-0.00545518457777493
NTC_1088,-0.02538166666666708,0.6034692986494639,NTC,-0.005567337096868661
NTC_1571,-0.17358166666666652,0.9277373056487046,NTC,-0.005654419224026997
PI4KB,-0.033481666666666854,0.6739130434782605,PI4KB,-0.005738628355357435
NTC_302,-0.14879500000000023,0.9146450020035183,NTC,-0.005765424508009599
NTC_1370,-0.08324833333333359,0.8496000294473002,NTC,-0.005892773334920158
NTC_1897,-0.04441500000000009,0.7353376257693391,NTC,-0.005929989287509756
PTPRO,-0.019881666666666797,0.4999999999999998,PTPRO,-0.0059849780304594286
RNASEL,-0.014431666666666843,0.37961664329125766,RNASEL,-0.006070749210675947
NTC_509,-0.031148333333333555,0.6383910283695007,NTC,-0.006071222102547324
NTC_1548,-0.4182149999999998,0.9671176006234639,NTC,-0.006072779941563
NTC_1536,-0.18784833333333295,0.9277373056487046,NTC,-0.006119155597469569
NTC_694,-0.1608816666666668,0.9146450020035183,NTC,-0.006233751832315806
NTC_1743,-0.13974833333333359,0.9015758162761423,NTC,-0.006288360042283587
NTC_427,-0.7277816666666668,0.980266984281327,NTC,-0.006299404678072867
NTC_1540,-0.7310883333333333,0.980266984281327,NTC,-0.006328025942420224
NTC_713,-0.14068166666666682,0.9015758162761423,NTC,-0.006330357938784182
NTC_1302,-0.2407450000000002,0.9408492025461549,NTC,-0.006374922510099395
NTC_1628,-0.1110483333333332,0.8755208005048578,NTC,-0.00641121245589259
NTC_929,-0.4442483333333336,0.9671176006234639,NTC,-0.006450802500482917
NTC_101,-0.31754833333333354,0.9539771520943121,NTC,-0.006497682441482129
NTC_1261,-0.1128383333333336,0.8755208005048578,NTC,-0.006514555477364174
NTC_508,-0.04184833333333349,0.6983843829909577,NTC,-0.0065243845258254355
NTC_952,-0.173181666666667,0.9146450020035183,NTC,-0.006710345275969955
NTC_752,-0.3291483333333336,0.9539771520943121,NTC,-0.006735041949970159
SHMT2,-0.04008166666666679,0.6739130434782605,SHMT2,-0.006869842865149615
NTC_1381,-0.0659483333333335,0.7855635194438192,NTC,-0.006912618094196683
NTC_1282,-0.21221500000000026,0.9277373056487046,NTC,-0.006912899263325957
NTC_449,-0.48079833333333366,0.9671176006234639,NTC,-0.006981534556636159
NTC_1903,-0.34254833333333345,0.9539771520943121,NTC,-0.007009233106327016
NTC_1527,-0.02181500000000014,0.4630822527891689,NTC,-0.007293667733329932
NTC_696,-0.5049816666666664,0.9671176006234639,NTC,-0.007332693796708359
NTC_1119,-0.05519166666666675,0.7353376257693391,NTC,-0.0073688166631350315
SLC16A6,-0.04068166666666673,0.6521739130434779,SLC16A6,-0.007552005345105522
NTC_609,-0.23251500000000003,0.9277373056487046,NTC,-0.007574171346098216
NTC_613,-0.06771166666666684,0.7729138676202455,NTC,-0.007574829702430907
NTC_1123,-0.17163166666666707,0.9015758162761423,NTC,-0.0077230381852415875
NTC_548,-0.02181500000000014,0.4334807127367144,NTC,-0.007919504276110122
NTC_606,-0.04278833333333343,0.6502174411635121,NTC,-0.007998910310075023
NTC_1816,-0.30391500000000016,0.9408492025461549,NTC,-0.008047662774540934
NTC_814,-0.5572483333333336,0.9671176006234639,NTC,-0.008091643057126317
NTC_542,-0.09754833333333335,0.8238408400546916,NTC,-0.008209344133795536
NTC_1815,-0.31074833333333385,0.9408492025461549,NTC,-0.008228609296735294
TRAPPC1,-0.04478166666666672,0.6521739130434779,TRAPPC1,-0.00831311531064936
NTC_241,-0.5779216666666664,0.9671176006234639,NTC,-0.008391834594952338
NTC_1320,-0.5813816666666665,0.9671176006234639,NTC,-0.008442076261553987
NTC_23,-0.13221499999999997,0.8625419146266329,NTC,-0.008490819733503038
NTC_1653,-0.32124833333333336,0.9408492025461549,NTC,-0.008506649074741236
CACNA2D2,-0.02404833333333345,0.43248485571901757,CACNA2D2,-0.008754293033573432
NTC_350,-0.13804833333333333,0.8625419146266329,NTC,-0.00886543518393429
NTC_1871,-0.6107216666666668,0.9671176006234639,NTC,-0.008868113977765648
CDKL2,-0.044281666666666775,0.6304347826086953,CDKL2,-0.00887226737295066
NTC_586,-0.33511499999999983,0.9408492025461549,NTC,-0.008873838114901476
NTC_964,-0.09774833333333355,0.8110302412446667,NTC,-0.008891476929207028
NTC_1823,-0.6260583333333332,0.9671176006234639,NTC,-0.009090813311131906
TACR1,-0.018181666666666763,0.3160355306217859,TACR1,-0.009095634904772535
NTC_1956,-0.20261500000000043,0.9015758162761423,NTC,-0.009117218356574005
PIK3CB,-0.012781666666666691,0.19280236340306167,PIK3CB,-0.009137455604843216
NTC_995,-0.6373149999999999,0.9671176006234639,NTC,-0.009254268135904319
NTC_1016,-0.20568166666666676,0.9015758162761423,NTC,-0.00925521144507596
NTC_793,-0.16104833333333368,0.8755208005048578,NTC,-0.009297889033310528
PTGDR,-0.03631833333333345,0.5524007042463668,PTGDR,-0.00936089702321949
NTC_412,-0.6455550000000001,0.9671176006234639,NTC,-0.009373918810123274
NTC_1093,-0.0644516666666668,0.710627968367698,NTC,-0.009561901277307305
NTC_1408,-0.12384833333333356,0.8366985478235334,NTC,-0.009589698412917957
NTC_1614,-0.10554833333333358,0.8110302412446667,NTC,-0.009600987952902042
NTC_1501,-0.663915,0.9671176006234639,NTC,-0.009640519098795599
NTC_61,-0.30024833333333345,0.9277373056487046,NTC,-0.009780583287302238
NTC_487,-0.25795500000000016,0.9146450020035183,NTC,-0.009995094451853991
NTC_1583,-0.04390833333333344,0.5920225255079181,NTC,-0.009996248829705649
NTC_1906,-0.2627816666666669,0.9146450020035183,NTC,-0.010182115402100931
NTC_1110,-0.13204833333333355,0.8366985478235334,NTC,-0.010224632488084575
NTC_558,-0.31504833333333315,0.9277373056487046,NTC,-0.010262692983116493
NTC_1052,-0.14508166666666655,0.8496000294473002,NTC,-0.010269675589730782
NTC_1597,-0.5077149999999999,0.9539771520943121,NTC,-0.010388877832068912
AKAP8L,-0.03458166666666673,0.4999999999999998,AKAP8L,-0.010410118966719936
NTC_1742,-0.26971500000000037,0.9146450020035183,NTC,-0.01045076428090869
NTC_1560,-0.16500500000000007,0.8625419146266329,NTC,-0.010596586696870018
SLC7A9,-0.035038333333333505,0.49744859896750315,SLC7A9,-0.010625437230457058
NTC_1391,-0.06854833333333343,0.6983843829909577,NTC,-0.010687060861152326
NTC_1626,-0.405081666666667,0.9408492025461549,NTC,-0.010726553968979265
NTC_1204,-0.2772650000000001,0.9146450020035183,NTC,-0.010743307410956547
NTC_1065,-0.07627500000000009,0.7229466854496152,NTC,-0.010746669185576789
NTC_1401,-0.24231500000000028,0.9015758162761423,NTC,-0.010903628882724515
NTC_904,-0.33551500000000023,0.9277373056487046,NTC,-0.010929394229129925
NTC_1092,-0.08218166666666704,0.7353376257693391,NTC,-0.010972338240752721
NTC_1294,-0.03558166666666729,0.48342657054454485,NTC,-0.01123204632705627
NTC_521,-0.25308833333333314,0.9015758162761423,NTC,-0.011388404602331419
NTC_416,-0.2228549999999998,0.888533254349858,NTC,-0.011438325616940479
NTC_1689,-0.13661500000000015,0.8238408400546916,NTC,-0.011497065203627038
NTC_561,-0.07441500000000012,0.6983843829909577,NTC,-0.011601706348065606
NTC_31,-0.438231666666667,0.9408492025461549,NTC,-0.01160436526811235
STK38L,-0.021415000000000184,0.287144519709946,STK38L,-0.01160477710766884
NTC_1054,-0.11931500000000028,0.7982700487108859,NTC,-0.011674992467918092
HIBCH,-0.0390816666666669,0.49368863955119224,HIBCH,-0.011980362449329571
NTC_1022,-0.8264150000000001,0.9671176006234639,NTC,-0.012000134943526152
NTC_623,-0.5964883333333331,0.9539771520943121,NTC,-0.012205360139555452
CACNB1,-0.24426500000000018,0.8873653427232846,CACNB1,-0.012676751938304014
NTC_573,-0.11354833333333358,0.7729138676202455,NTC,-0.01270252720596931
NTC_1879,-0.19888166666666707,0.8625419146266329,NTC,-0.012772139167003066
HPD,-0.0368816666666667,0.44927536231884063,HPD,-0.012815914343443514
MTNR1B,-0.027915000000000134,0.3386350750499835,MTNR1B,-0.013127532913429158
NTC_594,-0.3402783333333337,0.9146450020035183,NTC,-0.013184912413351648
GCH1,-0.043631666666666735,0.49744859896750315,GCH1,-0.013231380928322998
NTC_393,-0.34290500000000024,0.9146450020035183,NTC,-0.013286689007823043
NTC_1354,-0.18784833333333295,0.8496000294473002,NTC,-0.013296934669473117
NTC_458,-0.6531816666666665,0.9539771520943121,NTC,-0.01336542063391304
NTC_362,-0.2657483333333335,0.888533254349858,NTC,-0.013639882294881911
CGA,-0.03783166666666693,0.4347826086956522,CGA,-0.013684766916272328
NTC_1384,-0.17757833333333362,0.8366985478235334,NTC,-0.013750065224954843
NTC_778,-0.3581816666666666,0.9146450020035183,NTC,-0.013878620648003772
NTC_919,-0.431581666666667,0.9277373056487046,NTC,-0.014058763921329723
NTC_1515,-0.3660150000000002,0.9146450020035183,NTC,-0.014182142217810619
FLT3LG,-0.04874833333333339,0.5109516278236996,FLT3LG,-0.014215999345462168
CPE,-0.033831666666666704,0.37961664329125766,CPE,-0.01423145146408473
NTC_1760,-0.9828816666666669,0.9671176006234639,NTC,-0.014272142487149787
NTC_75,-0.09684833333333343,0.710627968367698,NTC,-0.014368196357038857
INPP4B,-0.02528166666666687,0.26810599504640265,INPP4B,-0.014453363864539102
KIAA1804,-0.04523166666666678,0.47872837774661064,KIAA1804,-0.014470099932064771
NTC_1916,-0.15994166666666687,0.8110302412446667,NTC,-0.014548766108737602
NTC_1154,-0.38886500000000024,0.9146450020035183,NTC,-0.015067521094842906
NTC_1187,-0.7389816666666664,0.9539771520943121,NTC,-0.015121062515660696
GNG2,-0.04733166666666677,0.47872837774661064,GNG2,-0.015141912670721371
NTC_527,-0.39108166666666677,0.9146450020035183,NTC,-0.015153411241192497
NTC_1419,-0.035455000000000014,0.36882550643268,NTC,-0.015358363309439047
NTC_1117,-0.345515,0.9015758162761423,NTC,-0.015547396295790838
NTC_545,-0.026515000000000066,0.2586751735282048,NTC,-0.015570807827643592
NTC_281,-0.15934833333333365,0.7982700487108859,NTC,-0.015592260750466977
NTC_12,-0.052505000000000024,0.5042465118903798,NTC,-0.015612734394966523
NTC_523,-0.16278166666666682,0.7982700487108859,NTC,-0.015928212984524025
NTC_532,-0.20601500000000006,0.8366985478235334,NTC,-0.015951944328713535
NTC_1089,-0.13424833333333375,0.7603242621734322,NTC,-0.015975706163137943
NTC_862,-0.4127983333333336,0.9146450020035183,NTC,-0.015994876359188906
NTC_266,-0.04184833333333349,0.4143696036917608,NTC,-0.016011679116773474
NTC_1246,-0.7880549999999997,0.9539771520943121,NTC,-0.016125202367373557
NTC_883,-0.13734833333333363,0.7603242621734322,NTC,-0.0163446097306985
NTC_1692,-0.2847916666666668,0.8755208005048578,NTC,-0.016442028672209518
PTPN3,-0.19812166666666697,0.8246844319775599,PTPN3,-0.016585201332386664
NTC_1403,-0.32444833333333345,0.888533254349858,NTC,-0.01665273690309984
PPP1R3A,-0.03381499999999993,0.3173584793053027,PPP1R3A,-0.01685508315035383
NTC_1913,-0.10823833333333366,0.6983843829909577,NTC,-0.016874949391082122
NTC_1611,-0.1619149999999998,0.7855635194438192,NTC,-0.0169717186492737
NTC_858,-0.12788166666666667,0.7353376257693391,NTC,-0.01707389200500338
SIRPA,-0.027881666666666804,0.2411596192295067,SIRPA,-0.017222377537652208
NTC_223,-0.5312783333333335,0.9277373056487046,NTC,-0.017306380788921796
NTC_530,-0.6597716666666671,0.9408492025461549,NTC,-0.01747073978424942
NTC_1213,-0.06408166666666681,0.5255300376364578,NTC,-0.017904575052902813
CDC25B,-0.03728166666666666,0.32819074333800846,CDC25B,-0.01803961696474815
SERPINC1,-0.09008166666666684,0.6304347826086953,SERPINC1,-0.018048747760194588
PTH1R,-0.1036143333333337,0.6689146847303868,PTH1R,-0.018094095375568078
NTC_785,-0.23598166666666676,0.8366985478235334,NTC,-0.018272292839180165
NTC_1542,-0.12401499999999999,0.710627968367698,NTC,-0.018398580645526564
PPP1CA,-0.03594833333333369,0.30706335233207005,PPP1CA,-0.018433299248232622
NTC_1418,-0.5665150000000001,0.9277373056487046,NTC,-0.01845421448136607
NTC_732,-0.059481666666666655,0.48342657054454485,NTC,-0.018776546974860843
NTC_1846,-0.2244383333333333,0.8238408400546916,NTC,-0.018887985598409467
CKM,-0.039215000000000444,0.3278774133866491,CKM,-0.018991373515961387
NTC_204,-0.2972450000000004,0.8625419146266329,NTC,-0.019089011925160642
NTC_1944,-0.7215816666666666,0.9408492025461549,NTC,-0.019107467277444463
NTC_823,-0.43023166666666657,0.9015758162761423,NTC,-0.019359455365657786
RPS6KA5,-0.2317666666666669,0.8246844319775599,RPS6KA5,-0.01940169842842099
NTC_1231,-0.37975500000000006,0.888533254349858,NTC,-0.019491424220507668
GPX3,-0.05973166666666674,0.46376811594202905,GPX3,-0.019932404149875658
NTC_116,-0.046241666666666514,0.36882550643268,NTC,-0.020030921356667362
NTC_1894,-0.9853149999999997,0.9539771520943121,NTC,-0.02016154173326567
NTC_1690,-0.03754833333333352,0.28752347491665564,NTC,-0.0203259150531456
NTC_1437,-0.043948333333333256,0.34305618987799824,NTC,-0.02041992243817186
CD3E,-0.04883166666666683,0.37961664329125766,CD3E,-0.02054127279404007
NTC_855,-0.11498166666666698,0.6621326131582912,NTC,-0.020588044686442684
COMP,-0.053181666666666905,0.40673211781206176,COMP,-0.02077762682180907
NTC_1026,-0.16488166666666682,0.7477978244232752,NTC,-0.020810671905193763
NTC_152,-0.24834166666666646,0.8238408400546916,NTC,-0.02089961083661437
NTC_390,-0.20144833333333323,0.7855635194438192,NTC,-0.021115550972414174
NTC_1296,-0.2991483333333338,0.8496000294473002,NTC,-0.021175358728132348
NTC_715,-0.6523216666666667,0.9277373056487046,NTC,-0.021249364884440566
MAP3K7,-0.044135000000000035,0.3278774133866491,MAP3K7,-0.021374072934513502
NTC_898,-0.11455499999999974,0.6502174411635121,NTC,-0.021415070398565966
NTC_910,-0.4764483333333336,0.9015758162761423,NTC,-0.021439101204875008
NTC_1556,-0.09115166666666674,0.5806764575913619,NTC,-0.021517789403277785
NTC_1183,-0.336425,0.8625419146266329,NTC,-0.021605143356228564
NTC_1267,-0.3826816666666668,0.8755208005048578,NTC,-0.022093564075478307
NTC_314,-0.11824833333333329,0.6502174411635121,NTC,-0.02210550724845212
NTC_741,-0.2891516666666665,0.8366985478235334,NTC,-0.02238929829974223
ALDH4A1,-0.04653166666666686,0.32819074333800846,ALDH4A1,-0.022515448434834183
NTC_1929,-0.5817483333333333,0.9146450020035183,NTC,-0.02254125540840574
NTC_1658,-0.4402483333333336,0.888533254349858,NTC,-0.022596324017778488
NTC_850,-0.1215816666666667,0.6502174411635121,NTC,-0.022728645199612887
PPP1R1A,-0.04403166666666691,0.30388031790556336,PPP1R1A,-0.022777467914079454
NTC_1737,-0.21888166666666709,0.7855635194438192,NTC,-0.022942890184052052
NTC_1682,-0.3253483333333336,0.8496000294473002,NTC,-0.023029938335831078
S100A12,-0.06203166666666671,0.420757363253857,S100A12,-0.02332193872024246
NTC_1756,-0.08441833333333326,0.5255300376364578,NTC,-0.023586689666950444
NTC_912,-0.28028166666666654,0.8238408400546916,NTC,-0.023587575281249645
NTC_930,-0.3688650000000002,0.8625419146266329,NTC,-0.02368843339256968
NTC_1795,-0.18861499999999976,0.7477978244232752,NTC,-0.023806193622081168
NEU2,-0.0964816666666668,0.5652173913043476,NEU2,-0.02390665996255332
CARTPT,-0.0571316666666668,0.37961664329125766,CARTPT,-0.024032707263281987
NTC_1220,-0.17158833333333345,0.7229466854496152,NTC,-0.02417572014995491
NTC_1671,-0.47284833333333354,0.888533254349858,NTC,-0.0242695618410818
NTC_859,-0.10028166666666682,0.5694332663215453,NTC,-0.024524600095590772
NTC_484,-0.2515449999999999,0.7982700487108859,NTC,-0.024613719820160484
NTC_1613,-0.426515,0.8755208005048578,NTC,-0.024624217208348
NTC_1722,-0.35001499999999974,0.8496000294473002,NTC,-0.024775980205674644
FBP2,-0.06143166666666677,0.3931743805516597,FBP2,-0.024905306165677883
CINP,-0.10068166666666678,0.5652173913043476,CINP,-0.02494735479413849
NTC_625,-0.38935166666666654,0.8625419146266329,NTC,-0.02500408285448421
NTC_197,-0.23861500000000002,0.7855635194438192,NTC,-0.025011312389194636
NTC_1623,-0.6455083333333336,0.9146450020035183,NTC,-0.0250117918285186
NTC_688,-0.22378833333333348,0.7729138676202455,NTC,-0.025034954799382267
NTC_433,-0.2754216666666671,0.8110302412446667,NTC,-0.025053167777494043
IRGC,-0.06668166666666675,0.420757363253857,IRGC,-0.02507019119960722
NTC_1440,-0.0673816666666669,0.4238621547619892,NTC,-0.025118224941691705
NTC_703,-0.20031500000000046,0.7477978244232752,NTC,-0.025282918513412012
NTC_1792,-0.4967816666666669,0.888533254349858,NTC,-0.025497971613200186
NTC_1177,-0.7834816666666671,0.9277373056487046,NTC,-0.02552189918869726
NCOA5,-0.05028166666666678,0.30706335233207005,NCOA5,-0.02578303143492631
NTC_95,-0.11763500000000016,0.6034692986494639,NTC,-0.02580262785698871
NTC_1676,-0.5735583333333334,0.9015758162761423,NTC,-0.02580883234327492
PTP4A2,-0.1318816666666669,0.6304347826086953,PTP4A2,-0.02642378881230804
NTC_1657,-0.07091500000000028,0.4238621547619892,NTC,-0.02643536454139457
DLG4,-0.28262166666666677,0.8050490883590465,DLG4,-0.02661664085994803
NTC_1173,-0.4612816666666666,0.8755208005048578,NTC,-0.026631419655179248
CHRM1,-0.09154166666666708,0.5109516278236996,CHRM1,-0.026695400323071286
NTC_1285,-0.1562450000000004,0.674133946946755,NTC,-0.026757550420297496
NTC_1429,-0.13734833333333363,0.6383910283695007,NTC,-0.026771006594725234
NTC_1140,-0.4669216666666667,0.8755208005048578,NTC,-0.026957036773111995
NTC_1643,-0.1657249999999999,0.6862187793221464,NTC,-0.0271022357890923
C1QB,-0.05808166666666681,0.3408134642356242,C1QB,-0.02715220666196686
NTC_1252,-0.20651500000000023,0.7353376257693391,NTC,-0.027572480867051132
GLUL,-0.05121500000000023,0.287144519709946,GLUL,-0.02775338125469331
NTC_1599,-0.35977833333333353,0.8366985478235334,NTC,-0.027857990651218
NTC_1636,-0.08573833333333347,0.47319425686009076,NTC,-0.027861574672323777
PPCDC,-0.06908166666666693,0.3931743805516597,PPCDC,-0.028006729299796106
NTC_199,-0.4363483333333338,0.8625419146266329,NTC,-0.02802219898913007
NTC_514,-0.23624500000000004,0.7603242621734322,NTC,-0.028113426876886213
NTC_1100,-0.1896783333333334,0.710627968367698,NTC,-0.02814024200735721
PIM2,-0.15168166666666671,0.6521739130434779,PIM2,-0.028157665387877735
NTC_441,-0.2527483333333336,0.7729138676202455,NTC,-0.028274678158464638
NTC_1761,-0.25304833333333376,0.7729138676202455,NTC,-0.0283082388286209
PPP1R7,-0.1153416666666669,0.5665154725314075,PPP1R7,-0.028464965103824364
NTC_681,-0.2040550000000001,0.7229466854496152,NTC,-0.028750069887418815
NTC_422,-0.11441500000000016,0.558295047749257,NTC,-0.02896258112154929
MCCC2,-0.10477500000000006,0.5246187818925129,MCCC2,-0.029353362216977125
NTC_815,-0.1980150000000005,0.710627968367698,NTC,-0.02937705073195946
NTC_998,-0.2345816666666669,0.7477978244232752,NTC,-0.029607913351839373
NTC_212,-0.14038166666666685,0.6150145313229105,NTC,-0.029636622601191685
SCN4A,-0.1599816666666667,0.6521739130434779,SCN4A,-0.029698448976661598
NTC_1058,-0.1915483333333332,0.6983843829909577,NTC,-0.02986343499018632
SLC12A2,-0.07801499999999995,0.4077914714571334,SLC12A2,-0.030391668608477723
FST,-0.06613166666666692,0.3408134642356242,FST,-0.030915446874808017
NTC_1112,-0.08518166666666671,0.4334807127367144,NTC,-0.03092351929465275
PTGFR,-0.08903166666666684,0.44927536231884063,PTGFR,-0.030937382091934106
NTC_1125,-0.08527499999999977,0.4334807127367144,NTC,-0.030957402115300688
UAP1,-0.05871499999999985,0.29699203246695116,UAP1,-0.030957789157918858
NTC_1545,-0.3421150000000004,0.8110302412446667,NTC,-0.03111979023992558
NTC_1423,-0.1282150000000002,0.5694332663215453,NTC,-0.03135589690295172
NTC_1595,-0.34494833333333363,0.8110302412446667,NTC,-0.03137751860323359
NTC_1673,-0.09768166666666667,0.47319425686009076,NTC,-0.0317426866623296
NTC_595,-0.09773833333333326,0.47319425686009076,NTC,-0.03176110109264777
DPEP1,-0.1410149999999999,0.5951478618960937,DPEP1,-0.03178127286998747
NTC_665,-0.15061500000000017,0.6150145313229105,NTC,-0.03179702890746763
NTC_1530,-0.15761500000000028,0.6266559047543299,NTC,-0.03199125269373521
NTC_1568,-1.221405,0.9408492025461549,NTC,-0.03234277857670126
NTC_29,-0.14778166666666692,0.6034692986494639,NTC,-0.03241514301938671
NTC_1701,-0.08734833333333336,0.4238621547619892,NTC,-0.032561306264540714
PDC,-0.13148166666666672,0.5652173913043476,PDC,-0.03257911689242977
NTC_25,-0.1820483333333336,0.6621326131582912,NTC,-0.032596668063828216
NTC_1273,-0.7244483333333338,0.9015758162761423,NTC,-0.03259854227503443
NTC_1698,-0.244915,0.7353376257693391,NTC,-0.03269938818755935
NTC_1523,-0.263881666666667,0.7477978244232752,NTC,-0.03330603637030016
NTC_1616,-0.12351166666666669,0.5363415300892711,NTC,-0.033417140327903834
NSDHL,-0.13528166666666674,0.5652173913043476,NSDHL,-0.03352069793053065
NTC_62,-0.4782483333333334,0.8496000294473002,NTC,-0.033853038412821064
NTC_512,-0.20701499999999995,0.6862187793221464,NTC,-0.03385469507846701
NTC_289,-0.5274483333333333,0.8625419146266329,NTC,-0.03387262199500779
ULK2,-0.3247366666666671,0.7858812529219263,ULK2,-0.03398144210918709
NTC_764,-0.5943149999999997,0.8755208005048578,NTC,-0.03431190380216249
SCN5A,-0.2018916666666668,0.6750818139317438,SCN5A,-0.03445151906119577
NTC_1394,-0.2915483333333333,0.7603242621734322,NTC,-0.03469458718806625
NTC_945,-0.6040816666666668,0.8755208005048578,NTC,-0.03487576796028481
NTC_228,-0.23873833333333372,0.710627968367698,NTC,-0.035418670959254474
LIPT1,-0.087631666666667,0.3931743805516597,LIPT1,-0.035527173631546706
ATP2C1,-0.15060166666666674,0.5807645250813165,ATP2C1,-0.03554198121996676
NTC_1533,-0.3228483333333336,0.7729138676202455,NTC,-0.03611668808497271
MTMR1,-0.06044833333333344,0.24993285786756586,MTMR1,-0.03640057455186163
NTC_957,-0.8091816666666667,0.9015758162761423,NTC,-0.036411351307338864
PBK,-0.1469816666666668,0.5652173913043476,PBK,-0.03641977638994651
STK19,-0.23449166666666676,0.6991883262212406,STK19,-0.036441372408802485
LDHC,-0.07121500000000003,0.30706335233207005,LDHC,-0.036517058907586074
NTC_1931,-0.11925166666666653,0.4937778104059273,NTC,-0.03654687111461311
NTC_399,-0.3267483333333334,0.7729138676202455,NTC,-0.036552976797003804
NTC_1404,-0.08443833333333339,0.36882550643268,NTC,-0.03657691723527996
NTC_909,-0.2599150000000001,0.7229466854496152,NTC,-0.036620393593827454
NTC_221,-0.12044833333333349,0.4937778104059273,NTC,-0.03691361166974579
GABRR2,-0.15689166666666687,0.5807645250813165,GABRR2,-0.03702642071404227
ENOPH1,-0.354006666666667,0.7858812529219263,ENOPH1,-0.03704434480122239
FDX1,-0.323261666666667,0.7667134174848061,FDX1,-0.037293708178920866
NTC_1153,-0.7277816666666668,0.888533254349858,NTC,-0.03735435005439851
NTC_1405,-0.9657316666666664,0.9146450020035183,NTC,-0.037419624444107305
NTC_254,-0.970785,0.9146450020035183,NTC,-0.03761542814616142
NTC_1821,-0.29901500000000003,0.7477978244232752,NTC,-0.03774041823771498
NTC_1169,-0.7401150000000001,0.888533254349858,NTC,-0.03798737458877706
NEU1,-0.15418166666666688,0.5652173913043476,NEU1,-0.03820382467266398
NTC_816,-0.39046500000000006,0.7982700487108859,NTC,-0.03820706477798791
NTC_268,-0.4936149999999999,0.8366985478235334,NTC,-0.038221095550411026
PTP4A1,-0.05828166666666679,0.21598877980364653,PTP4A1,-0.038790459470766106
NTC_1191,-0.32628166666666725,0.7603242621734322,NTC,-0.038827893826755736
NTC_1159,-0.3708216666666668,0.7855635194438192,NTC,-0.038869042372364715
NTC_1144,-0.19974833333333364,0.6383910283695007,NTC,-0.038933591833067056
NTC_948,-0.34821499999999994,0.7729138676202455,NTC,-0.03895442919485029
NTC_827,-0.12118166666666674,0.47319425686009076,NTC,-0.03937925923546425
NTC_1610,-0.05218166666666679,0.17370957359720418,NTC,-0.03966726346457625
NTC_846,-0.2974716666666668,0.7353376257693391,NTC,-0.039716397538466806
CDK6,-0.064381666666667,0.2411596192295067,CDK6,-0.039768260021637115
RORA,-0.1326816666666668,0.4999999999999998,RORA,-0.03994116154135653
NTC_580,-0.08232833333333334,0.3265321669468846,NTC,-0.04001766473211366
NTC_141,-0.15878166666666704,0.558295047749257,NTC,-0.04019339161340853
NTC_1655,-0.6974483333333337,0.8755208005048578,NTC,-0.04026615535584987
NTC_1645,-0.5311816666666667,0.8366985478235334,NTC,-0.04112991954517843
NTC_1393,-0.211481666666667,0.6383910283695007,NTC,-0.041220573672755265
PPM1A,-0.11824166666666702,0.44512249709050755,PPM1A,-0.04156436450620479
NTC_1687,-0.40018500000000023,0.7855635194438192,NTC,-0.04194686858944266
NTC_162,-0.21578166666666676,0.6383910283695007,NTC,-0.04205870054014095
NTC_283,-0.11634833333333328,0.4334807127367144,NTC,-0.042237961189622406
NTC_1883,-0.11974833333333312,0.4432243006646116,NTC,-0.042316239317037506
NTC_1714,-0.3170050000000002,0.7353376257693391,NTC,-0.0423243556025448
NTC_1090,-1.0939816666666669,0.9146450020035183,NTC,-0.04238898291147672
NTC_1339,-0.43404833333333337,0.7982700487108859,NTC,-0.04247170114720744
NTC_57,-0.12721500000000008,0.4630822527891689,NTC,-0.04253330005480458
NTC_570,-0.23996499999999998,0.6621326131582912,NTC,-0.042966938003295055
CSNK1G3,-0.1759816666666667,0.5652173913043476,CSNK1G3,-0.04360552641755842
NTC_232,-0.24424166666666713,0.6621326131582912,NTC,-0.04373269664112743
NTC_1409,-0.4182983333333332,0.7855635194438192,NTC,-0.04384548451220361
NTC_1558,-0.8552150000000001,0.888533254349858,NTC,-0.043895033283936916
NTC_1256,-0.3924916666666667,0.7729138676202455,NTC,-0.043907611213576246
PI4K2A,-0.8245166666666666,0.8845254791958861,PI4K2A,-0.04393820665186923
MTMR8,-0.13718166666666676,0.4782608695652172,MTMR8,-0.043944109886806235
NTC_1561,-0.11031500000000038,0.39576602610453004,NTC,-0.044408570751488345
NTC_1840,-0.07078166666666696,0.23189727425853268,NTC,-0.04492543216312237
NTC_1720,-0.11744833333333338,0.4143696036917608,NTC,-0.044937154632996384
HTR1E,-0.14306166666666664,0.48410969532392345,HTR1E,-0.04507246787016847
NTC_555,-0.2056150000000001,0.6034692986494639,NTC,-0.04510058508789671
NTC_1422,-0.5840149999999997,0.8366985478235334,NTC,-0.0452208565741991
NTC_274,-0.12799833333333344,0.4432243006646116,NTC,-0.0452315949186373
IP6K3,-0.1709816666666668,0.543478260869565,IP6K3,-0.045278992741208966
MLKL,-0.1508816666666668,0.4999999999999998,MLKL,-0.04541990746244099
NTC_810,-0.7915150000000002,0.8755208005048578,NTC,-0.04569695622349876
COX7A1,-0.24628166666666673,0.6521739130434779,COX7A1,-0.0457188855684746
NTC_1827,-0.5933883333333336,0.8366985478235334,NTC,-0.04594664300483676
NTC_77,-0.1181483333333333,0.40500395561541536,NTC,-0.04637803361429784
NTC_856,-0.39042166666666644,0.7603242621734322,NTC,-0.0464606276407347
MMP7,-0.11463166666666669,0.3931743805516597,MMP7,-0.0464733729284342
NTC_1514,-0.6007083333333332,0.8366985478235334,NTC,-0.046513437813400095
MKNK1,-0.07944833333333357,0.2589149831398645,MKNK1,-0.04662368371302968
NTC_972,-0.07514833333333337,0.23839962620032018,NTC,-0.0467944485818152
NTC_1543,-0.287015,0.6862187793221464,NTC,-0.04693768716250615
NTC_121,-0.2893083333333333,0.6862187793221464,NTC,-0.04731273293558193
MMAA,-0.14008166666666688,0.4565217391304346,MMAA,-0.047703205819855835
OAZ2,-0.07761500000000021,0.2411596192295067,OAZ2,-0.04794242928752011
NTC_1675,-0.42869166666666714,0.7729138676202455,NTC,-0.04795726541242925
DUSP27,-0.18228166666666668,0.543478260869565,DUSP27,-0.04827143414121669
NTC_375,-0.1911816666666668,0.558295047749257,NTC,-0.04839500528590067
NTC_384,-0.19974833333333364,0.5694332663215453,NTC,-0.048849886101754364
NTC_1270,-0.16975833333333346,0.5148311295964891,NTC,-0.04894730317626406
NTC_1767,-0.16471499999999994,0.5042465118903798,NTC,-0.0489791742856282
NTC_1624,-0.28924833333333333,0.674133946946755,NTC,-0.04953487704024873
LAP3,-0.16548166666666675,0.4999999999999998,LAP3,-0.0498149453991351
NTC_1486,-0.39541499999999963,0.7477978244232752,NTC,-0.04990762161585891
NTC_1185,-0.2802216666666666,0.6621326131582912,NTC,-0.050175096280068665
ATP4A,-0.07748166666666667,0.22423980185610692,ATP4A,-0.05030786207210037
PPP3CA,-0.2030816666666666,0.5652173913043476,PPP3CA,-0.05032048592611989
NTC_148,-0.1731149999999999,0.5042465118903798,NTC,-0.05147697390314497
MAP2K2,-0.1372016666666671,0.42004118050789285,MAP2K2,-0.05168498323135454
NTC_820,-0.6699483333333334,0.8366985478235334,NTC,-0.05187475919931922
ADRA2C,-0.11598166666666665,0.35343618513323993,ADRA2C,-0.05238764176735764
NTC_896,-0.44168166666666697,0.7603242621734322,NTC,-0.05256062663207505
NTC_1791,-0.06934833333333335,0.17370957359720418,NTC,-0.05271695568359096
NTC_1351,-0.32441500000000034,0.6862187793221464,NTC,-0.053053985961794496
ABL2,-0.08591499999999996,0.2411596192295067,ABL2,-0.05306930119483704
NTC_1824,-0.1908150000000004,0.5255300376364578,NTC,-0.053314179646591325
NTC_239,-0.3003116666666672,0.6621326131582912,NTC,-0.05377231164266831
NTC_1427,-0.5911483333333336,0.8110302412446667,NTC,-0.05377259732550437
MAPK8,-0.15385833333333343,0.44512249709050755,MAPK8,-0.05408435139037686
NTC_1476,-0.20798166666666673,0.5472638215462551,NTC,-0.054450278602767584
ADRA2A,-0.1809816666666666,0.4999999999999998,ADRA2A,-0.054480910331926764
NTC_840,-0.2315583333333333,0.5806764575913619,NTC,-0.05466299886168467
NTC_1460,-0.2928149999999998,0.6502174411635121,NTC,-0.05473924175074073
NTC_652,-0.5666483333333334,0.7982700487108859,NTC,-0.055446633060595836
OGDH,-0.14523166666666687,0.40673211781206176,OGDH,-0.056740782338074364
CD55,-0.15118166666666677,0.420757363253857,CD55,-0.05683951044827839
NTC_1919,-0.3853449999999998,0.710627968367698,NTC,-0.05716889939806017
NTC_1121,-0.4814183333333333,0.7603242621734322,NTC,-0.05728933569539713
PTPN1,-0.12308166666666698,0.3408134642356242,PTPN1,-0.0575386183184479
NTC_1564,-0.9993816666666671,0.8755208005048578,NTC,-0.057697832981350824
NTC_33,-0.6899150000000003,0.8238408400546916,NTC,-0.058060957727631236
MAP3K6,-0.18178166666666695,0.4782608695652172,MAP3K6,-0.05823105761513411
HK3,-0.22168166666666678,0.543478260869565,HK3,-0.05870525636779247
NTC_1287,-0.2693150000000004,0.6034692986494639,NTC,-0.05907285009822686
FN3K,-0.1162416666666668,0.30706335233207005,FN3K,-0.05960547341406522
NTC_1923,-0.16931499999999988,0.4432243006646116,NTC,-0.0598319313557395
NTC_1163,-0.08298166666666695,0.1898874846650891,NTC,-0.05987157607413726
NDUFA5,-0.24208166666666675,0.5652173913043476,NDUFA5,-0.059984080790839424
NTC_788,-0.4258550000000001,0.7229466854496152,NTC,-0.06000029899736216
NTC_721,-0.4064483333333333,0.710627968367698,NTC,-0.06029974147541182
NTC_968,-0.2671150000000002,0.5920225255079181,NTC,-0.060811873360717104
PTPN22,-0.2022816666666667,0.4999999999999998,PTPN22,-0.0608928492395696
NTC_590,-0.6699483333333334,0.8110302412446667,NTC,-0.06094047792385909
NTC_1116,-0.5910083333333336,0.7855635194438192,NTC,-0.0619487209505575
SGK3,-0.09791499999999997,0.23259526722568707,SGK3,-0.06201927546177609
NTC_1128,-0.4402483333333336,0.7229466854496152,NTC,-0.06202822940458694
STK32A,-0.1285316666666667,0.32819074333800846,STK32A,-0.062193089575055364
NTC_983,-0.47434833333333315,0.7353376257693391,NTC,-0.06333176933951967
NTC_1338,-0.991665,0.8625419146266329,NTC,-0.06368451954032668
NTC_1196,-0.35811499999999996,0.6621326131582912,NTC,-0.06412228867980752
NTC_1003,-0.25408166666666676,0.558295047749257,NTC,-0.06431727380441177
GSTT2,-0.21368166666666677,0.4999999999999998,GSTT2,-0.064324591190139
NTC_1414,-0.7694150000000002,0.8238408400546916,NTC,-0.0647514140002832
NTC_771,-0.1741483333333338,0.4238621547619892,NTC,-0.06491820737422203
NTC_1932,-0.150015,0.36882550643268,NTC,-0.064983355573699
NTC_1734,-0.4618816666666665,0.7229466854496152,NTC,-0.06507623041035082
NTC_452,-0.7177483333333334,0.8110302412446667,NTC,-0.06528850701778495
NTC_304,-0.9246483333333335,0.8496000294473002,NTC,-0.0654516772249096
NTC_1265,-0.40074833333333326,0.6862187793221464,NTC,-0.06553734090864843
NTC_1227,-0.6722483333333333,0.7982700487108859,NTC,-0.06577961051198206
CAMK2N1,-0.20538166666666702,0.4782608695652172,CAMK2N1,-0.06579096717541522
NTC_125,-0.2900483333333337,0.5920225255079181,NTC,-0.06603291659080822
NTC_1211,-0.32634833333333346,0.6266559047543299,NTC,-0.06623920310786399
MYL12A,-0.15813166666666656,0.37961664329125766,MYL12A,-0.0665188375516475
NTC_1921,-0.23818166666666696,0.5255300376364578,NTC,-0.06654854264702036
HIPK3,-0.10861500000000035,0.2411596192295067,HIPK3,-0.06709098701364426
GBA,-0.12308166666666698,0.2805049088359046,GBA,-0.06794840756706863
NTC_589,-0.11904833333333364,0.2656918864313077,NTC,-0.06852680492733895
NTC_167,-0.4193849999999999,0.6862187793221464,NTC,-0.06858513293955938
OAZ3,-0.21448166666666668,0.4782608695652172,OAZ3,-0.06870601704823535
NTC_1519,-0.12434833333333373,0.2801156405678691,NTC,-0.0687226783269178
NTC_1416,-0.20011500000000004,0.45309186047222316,NTC,-0.06880228649899456
GAA,-0.12721500000000008,0.287144519709946,GAA,-0.06893774082428576
CHKA,-0.15578166666666693,0.36082181970099364,CHKA,-0.06896566664201376
NTC_345,-0.5482150000000001,0.7477978244232752,NTC,-0.06919339626503325
NTC_1622,-0.21998166666666674,0.48342657054454485,NTC,-0.06944149902392639
NTC_830,-0.6207483333333335,0.7729138676202455,NTC,-0.06944243355011895
NTC_915,-0.316705,0.6034692986494639,NTC,-0.06946760110041739
SLC19A2,-0.173381666666667,0.3931743805516597,SLC19A2,-0.07029149176888426
NTC_1586,-0.17938166666666677,0.40500395561541536,NTC,-0.07041461129192493
PDP2,-0.2203816666666667,0.4782608695652172,PDP2,-0.07059599443830564
PFKFB3,-0.1366316666666667,0.30388031790556336,PFKFB3,-0.0706792097402744
NTC_873,-0.2378816666666672,0.5042465118903798,NTC,-0.07073580190645909
NTC_396,-0.3231816666666669,0.6034692986494639,NTC,-0.07088822438221082
SYN1,-0.13089499999999998,0.287144519709946,SYN1,-0.07093193086660282
NTC_1862,-0.5053783333333335,0.7229466854496152,NTC,-0.07120463797956714
NTC_1505,-0.5683483333333335,0.7477978244232752,NTC,-0.07173454109228047
MTRR,-0.11624833333333351,0.2411596192295067,MTRR,-0.07180606198061448
DHRS4L2,-0.12661500000000014,0.26810599504640265,DHRS4L2,-0.07238496930747997
NTC_111,-0.38761500000000004,0.6502174411635121,NTC,-0.07246128508175258
NTC_473,-0.16378166666666671,0.36010501315221366,NTC,-0.07264877025056497
NTC_244,-0.39011833333333334,0.6502174411635121,NTC,-0.0729292616830743
NTC_18,-1.0315883333333333,0.8496000294473002,NTC,-0.07302147658549371
NTC_990,-0.34618166666666705,0.6150145313229105,NTC,-0.0730840119658422
NTC_1495,-0.17291500000000037,0.37767618511607093,NTC,-0.07312236425127291
NTC_1615,-0.6985116666666669,0.7855635194438192,NTC,-0.07321707982522892
PRNP,-0.24408166666666697,0.4999999999999998,PRNP,-0.0734759030583241
NTC_1264,-0.7625150000000003,0.7982700487108859,NTC,-0.0746122187627251
CHRNA4,-0.43918666666666684,0.6750818139317438,CHRNA4,-0.07494439006772458
NTC_361,-0.23784833333333322,0.48342657054454485,NTC,-0.07508146045659489
INPP5B,-0.12794833333333355,0.2589149831398645,INPP5B,-0.07508556032149975
NTC_1390,-0.7686150000000003,0.7982700487108859,NTC,-0.07520910477080707
NTC_1214,-0.5967150000000003,0.7477978244232752,NTC,-0.07531486269490863
NTC_598,-0.600981666666667,0.7477978244232752,NTC,-0.07585338345300074
NTC_1451,-0.9822483333333334,0.8366985478235334,NTC,-0.07605645574499423
NTC_1598,-0.4441816666666669,0.674133946946755,NTC,-0.07606779955585832
NTC_69,-0.28354833333333374,0.5363415300892711,NTC,-0.07671643254815279
NTC_1590,-0.4936149999999999,0.6983843829909577,NTC,-0.07695728386750512
NTC_1132,-0.3042149999999999,0.558295047749257,NTC,-0.07700783652398813
NTC_569,-0.15524833333333388,0.3184673930827593,NTC,-0.07714833474099175
NTC_120,-0.49547166666666675,0.6983843829909577,NTC,-0.07724674837671577
NTC_1685,-0.18011833333333338,0.36882550643268,NTC,-0.07802348898671495
NTC_1174,-0.8624816666666668,0.8110302412446667,NTC,-0.07845387823523685
NTC_1513,-0.4605983333333332,0.674133946946755,NTC,-0.07887921615201526
NTC_187,-0.11092166666666659,0.1898874846650891,NTC,-0.08003038828781539
NTC_1732,-0.31758166666666665,0.558295047749257,NTC,-0.08039142405759862
NTC_192,-0.29714833333333357,0.5363415300892711,NTC,-0.0803960291459869
PPA1,-0.16668166666666662,0.32819074333800846,PPA1,-0.08065287017870704
CHRNA6,-0.1991816666666668,0.3931743805516597,CHRNA6,-0.08075119331924346
GNMT,-0.2687816666666667,0.4999999999999998,GNMT,-0.08091134395122436
NTC_27,-0.3556816666666667,0.5920225255079181,NTC,-0.08097511734669378
TST,-0.253981666666667,0.4782608695652172,TST,-0.0813592555071805
NTC_1752,-0.1878483333333334,0.36882550643268,NTC,-0.08137196306320525
NTC_1496,-0.14784833333333336,0.2801156405678691,NTC,-0.08171025039475845
NTC_552,-0.6505983333333336,0.7477978244232752,NTC,-0.08211579086253301
NTC_578,-0.7358149999999999,0.7729138676202455,NTC,-0.08231481503671229
NTC_1769,-0.16638166666666687,0.3184673930827593,NTC,-0.08268087804333324
NTC_879,-0.37704833333333343,0.6034692986494639,NTC,-0.08270359866619477
NTC_309,-0.16361499999999984,0.310534197272332,NTC,-0.08309851505460764
NTC_1465,-0.486548333333334,0.674133946946755,NTC,-0.08332325233497626
NTC_1330,-0.4697483333333332,0.6621326131582912,NTC,-0.08411079747248353
NTC_1786,-0.938315,0.8110302412446667,NTC,-0.08535190207671613
NTC_1918,-1.014515,0.8238408400546916,NTC,-0.08537821692389322
NTC_1770,-0.21221500000000026,0.39576602610453004,NTC,-0.08542958656598902
S100G,-0.3050750000000002,0.5246187818925129,S100G,-0.08546864212211211
SCYL2,-0.18973166666666708,0.35343618513323993,SCYL2,-0.08569970471129403
NTC_1096,-0.41204833333333357,0.6150145313229105,NTC,-0.0869894284518398
NTC_640,-0.4288150000000004,0.6266559047543299,NTC,-0.0870369509492374
THRA,-0.1437316666666668,0.24731182795698922,THRA,-0.08720992358336946
NTC_70,-0.6916149999999999,0.7477978244232752,NTC,-0.0872927423690358
RAMP2,-0.15708166666666679,0.27752081406105455,RAMP2,-0.08744806115555355
NTC_546,-0.7396483333333339,0.7603242621734322,NTC,-0.08801900287319282
NTC_1741,-0.4943550000000003,0.6621326131582912,NTC,-0.08851674467784446
PTPRG,-0.1639816666666667,0.287144519709946,PTPRG,-0.08886157793185616
SDF2,-0.29548166666666664,0.4999999999999998,SDF2,-0.08894884483545265
NTC_398,-0.31858166666666654,0.5255300376364578,NTC,-0.08901250011150642
NTC_429,-0.16110166666666692,0.2801156405678691,NTC,-0.08903487259926002
GLTP,-0.2959816666666668,0.4999999999999998,GLTP,-0.08909935983328468
NTC_1569,-0.42788166666666716,0.6150145313229105,NTC,-0.09033207664558927
NTC_1234,-0.4458483333333334,0.6266559047543299,NTC,-0.09049422132885405
NTC_1442,-0.429281666666667,0.6150145313229105,NTC,-0.09062763711745761
MTR,-0.2866816666666667,0.4782608695652172,MTR,-0.09183421494028174
APOE,-0.2700816666666668,0.4565217391304346,APOE,-0.09197321562305096
NTC_1298,-0.6540783333333333,0.7229466854496152,NTC,-0.09215553549376268
NTC_988,-0.33158166666666644,0.5255300376364578,NTC,-0.09264473203984372
NTC_644,-0.45668166666666665,0.6266559047543299,NTC,-0.09269307235307211
NTC_1870,-0.3936483333333334,0.5806764575913619,NTC,-0.0929269013433796
NTC_229,-0.2324616666666668,0.39576602610453004,NTC,-0.09358011486357735
NTC_11,-1.2102883333333334,0.8366985478235334,NTC,-0.09371381751340833
NTC_889,-0.22198166666666697,0.37767618511607093,NTC,-0.09387169584538435
NTC_132,-0.48228166666666694,0.6383910283695007,NTC,-0.09400307499555915
PPP4C,-0.3129816666666667,0.4999999999999998,PPP4C,-0.09421686975957234
NTC_1794,-0.3995483333333334,0.5806764575913619,NTC,-0.09431968945271392
NTC_143,-0.485681666666667,0.6383910283695007,NTC,-0.09466577996046882
NTC_306,-0.9689483333333333,0.7982700487108859,NTC,-0.09481175454442801
NTC_583,-0.5541483333333332,0.674133946946755,NTC,-0.09490000940503983
PTPRK,-0.11321500000000029,0.1451165289009579,PTPRK,-0.09490622322921026
ETFDH,-0.13614833333333332,0.20036704365730654,ETFDH,-0.09505518694260892
NTC_1681,-0.4176816666666665,0.5920225255079181,NTC,-0.09509014700943998
NTC_112,-0.4342716666666664,0.6034692986494639,NTC,-0.09525524039473139
NTC_524,-0.5830150000000003,0.6862187793221464,NTC,-0.095344757873451
B4GALT2,-0.15481500000000015,0.2411596192295067,B4GALT2,-0.09562851497967419
PCYT1A,-0.18628166666666668,0.30388031790556336,PCYT1A,-0.09636302703693297
SNRK,-0.13508166666666677,0.19280236340306167,SNRK,-0.09656821480205202
NTC_722,-0.4444050000000004,0.6034692986494639,NTC,-0.09747793456696616
NTC_689,-0.39888833333333307,0.5694332663215453,NTC,-0.09755099992816921
NTC_353,-0.3007183333333334,0.47319425686009076,NTC,-0.09772159049242937
NTC_914,-0.6312716666666665,0.6983843829909577,NTC,-0.09841871265901508
NTC_1364,-0.5787716666666671,0.674133946946755,NTC,-0.09911684887627073
NTC_560,-0.1536483333333334,0.2255218446376277,NTC,-0.09938149126252921
UQCR10,-0.3302816666666668,0.4999999999999998,UQCR10,-0.09942468868455925
NTC_1745,-0.36833833333333366,0.5363415300892711,NTC,-0.09965709398420847
HPX,-0.16575166666666674,0.24993285786756586,HPX,-0.09981178250729787
SLC22A6,-0.22923166666666694,0.3665264142122488,SLC22A6,-0.09992087358938077
NTC_1716,-1.190098333333333,0.8238408400546916,NTC,-0.100154727790222
CDK17,-0.29478166666666694,0.4565217391304346,CDK17,-0.10038451748565809
NTC_620,-0.3307650000000002,0.4937778104059273,NTC,-0.10136903040537541
NTC_196,-0.7232483333333335,0.7229466854496152,NTC,-0.10190115473422609
HIPK2,-0.30158166666666664,0.4565217391304346,HIPK2,-0.10270017953690204
NTC_453,-0.15394833333333335,0.21314858758001587,NTC,-0.1033482165499182
GAD1,-0.30868166666666697,0.4565217391304346,GAD1,-0.10511800314923049
PTPLB,-0.21103166666666673,0.3160355306217859,PTPLB,-0.1055715643970472
NTC_1648,-0.1731149999999999,0.24502962432206343,NTC,-0.10573542307061741
NTC_466,-0.14181500000000025,0.1789836519266249,NTC,-0.10596227263610106
NTC_43,-1.0142149999999999,0.7855635194438192,NTC,-0.10630869054672604
NTC_1778,-1.1691449999999997,0.8110302412446667,NTC,-0.10634888023050068
NTC_378,-0.2461150000000003,0.36882550643268,NTC,-0.10661186252722026
NTC_1034,-0.7628816666666671,0.7229466854496152,NTC,-0.10748524286343002
NTC_1504,-0.43956166666666685,0.5694332663215453,NTC,-0.10749795501688271
NTC_3,-0.3318150000000004,0.47319425686009076,NTC,-0.10782677992998593
NTC_1825,-0.8551150000000003,0.7477978244232752,NTC,-0.10792902610686303
NTC_436,-0.3149150000000003,0.45309186047222316,NTC,-0.10827210380446685
FCER1A,-0.3596816666666667,0.4999999999999998,FCER1A,-0.10827497055708026
KHK,-0.24524166666666658,0.36082181970099364,KHK,-0.1085702534320373
NTC_1666,-0.7324483333333334,0.710627968367698,NTC,-0.10866435293726451
NTC_1911,-0.41514833333333345,0.5472638215462551,NTC,-0.10868718754765865
DCK,-0.19693166666666673,0.2805049088359046,DCK,-0.10871800416684377
GLYATL1,-0.1566150000000004,0.20036704365730654,GLYATL1,-0.1093444755329364
NTC_1678,-0.8205150000000001,0.7353376257693391,NTC,-0.10954959271059457
CDA,-0.1874316666666671,0.25806451612903225,CDA,-0.11026074646630274
NTC_28,-1.3128149999999998,0.8238408400546916,NTC,-0.11048215536580618
NTC_389,-0.9284150000000004,0.7603242621734322,NTC,-0.11048245344411234
NTC_37,-0.8299483333333335,0.7353376257693391,NTC,-0.11080906733880971
NTC_1693,-0.35154833333333335,0.48342657054454485,NTC,-0.11097308069322266
NTC_1377,-0.7888816666666665,0.7229466854496152,NTC,-0.11114847981950986
HLA-DRB1,-0.3715816666666669,0.4999999999999998,HLA-DRB1,-0.11185722750548172
NTC_596,-0.7554483333333335,0.710627968367698,NTC,-0.11207658012629095
NTC_1095,-0.4460150000000003,0.558295047749257,NTC,-0.1129025531523646
NTC_935,-0.22241500000000047,0.310534197272332,NTC,-0.11296248037081327
GM2A,-0.37698166666666677,0.4999999999999998,GM2A,-0.11348278948206716
NTC_628,-1.0179483333333337,0.7729138676202455,NTC,-0.11387676083698064
NTC_1757,-1.1687816666666666,0.7982700487108859,NTC,-0.1143654792354193
MMP16,-0.8367916666666668,0.7293127629733521,MMP16,-0.11471257824155599
NTC_1843,-0.2170650000000005,0.2950623685283952,NTC,-0.11506315573574401
NTC_1746,-0.8625816666666666,0.7353376257693391,NTC,-0.11516604847316521
NTC_1885,-0.23907833333333328,0.3265321669468846,NTC,-0.11620976886911162
TRDMT1,-0.2488816666666669,0.3408134642356242,TRDMT1,-0.11634801195514485
NTC_284,-0.3389816666666665,0.45309186047222316,NTC,-0.11654655447071262
ADRA1D,-0.2898883333333335,0.3957357285667392,ADRA1D,-0.1167075176546431
NTC_1851,-0.7509816666666669,0.6983843829909577,NTC,-0.11708215775646769
NTC_298,-0.7902816666666668,0.710627968367698,NTC,-0.11724437347778748
NTC_977,-0.4201983333333337,0.5255300376364578,NTC,-0.11740444635134328
CSNK1G2,-0.1684483333333333,0.20036704365730654,CSNK1G2,-0.11760619776349987
NTC_1184,-0.7966083333333336,0.710627968367698,NTC,-0.11818298321760955
NTC_4,-0.27288166666666736,0.36882550643268,NTC,-0.11820662183477418
NTC_1222,-0.4839483333333334,0.5694332663215453,NTC,-0.11835303237807819
NTC_1612,-0.7989150000000003,0.710627968367698,NTC,-0.11852519498787133
NTC_1025,-0.3896883333333332,0.4937778104059273,NTC,-0.11942717189027466
CEACAM1,-0.23933166666666694,0.3160355306217859,CEACAM1,-0.11972903810527324
DGKI,-0.24783166666666667,0.32819074333800846,DGKI,-0.11991921869735286
NTC_866,-0.3812150000000003,0.48342657054454485,NTC,-0.12033794202731794
RALA,-0.6619116666666669,0.6573165030388032,RALA,-0.12061716051102914
AK5,-0.24255166666666672,0.3173584793053027,AK5,-0.1208998524300926
CSNK1G1,-0.28118166666666666,0.3695652173913042,CSNK1G1,-0.12155733991393249
NTC_650,-0.7876816666666666,0.6983843829909577,NTC,-0.12280388889903308
NTC_153,-0.21868166666666666,0.2728385659706112,NTC,-0.12335706894746197
NTC_723,-1.1147483333333337,0.7729138676202455,NTC,-0.12470567040739407
NTC_74,-0.446715,0.5255300376364578,NTC,-0.12481326814363122
CIB2,-0.21434833333333336,0.2589149831398645,CIB2,-0.12578877968174323
NTC_539,-0.41148166666666675,0.4937778104059273,NTC,-0.12610614055171454
NTC_599,-0.36708166666666675,0.45309186047222316,NTC,-0.12620772055332394
NTC_494,-0.22201500000000007,0.2656918864313077,NTC,-0.12779665342600166
NTC_1142,-0.6569150000000004,0.6383910283695007,NTC,-0.12804142118341855
FTL,-0.24023166666666662,0.292192613370734,FTL,-0.12836317076232967
MAPKBP1,-0.377081666666667,0.4565217391304346,MAPKBP1,-0.1284108390764501
NTC_1705,-0.790815,0.6862187793221464,NTC,-0.1293278298117426
NTC_1630,-0.37621499999999997,0.45309186047222316,NTC,-0.1293478860416222
TRPV1,-0.19024833333333357,0.20812569007191667,TRPV1,-0.12968740119741373
PTPN18,-0.18158166666666697,0.19280236340306167,PTPN18,-0.12981049037580691
NTC_513,-0.34870500000000004,0.4238621547619892,NTC,-0.12998863135312638
PADI6,-0.41228166666666666,0.4782608695652172,PADI6,-0.13206830988821835
NTC_1155,-0.43188166666666716,0.4937778104059273,NTC,-0.13235809653336225
NTC_1297,-0.48968166666666657,0.5363415300892711,NTC,-0.13248757313885456
PRX,-0.24008166666666697,0.2805049088359046,PRX,-0.1325393730670511
NTC_1439,-0.6800150000000003,0.6383910283695007,NTC,-0.13254391668030469
NTC_1084,-0.2461150000000003,0.28752347491665564,NTC,-0.13322861866851377
NTC_97,-0.27428166666666676,0.3265321669468846,NTC,-0.13332119495716774
NTC_1326,-0.3774483333333334,0.4432243006646116,NTC,-0.13338134701791513
ILK,-0.2110816666666666,0.23259526722568707,ILK,-0.1336989432664127
NTC_1861,-0.37894833333333344,0.4432243006646116,NTC,-0.13391141167275145
PIM1,-0.328681666666667,0.3913043478260868,PIM1,-0.13393295628195628
RDH5,-0.24308166666666708,0.2805049088359046,RDH5,-0.13419555166961483
PARP15,-0.2067483333333333,0.22423980185610692,PARP15,-0.13423906692297055
SCNN1G,-0.22314833333333328,0.24993285786756586,SCNN1G,-0.13437471466470519
NTC_1510,-0.20904833333333328,0.2255218446376277,NTC,-0.13521484198296727
NTC_1670,-1.1387483333333333,0.7603242621734322,NTC,-0.13551236216784568
FARSA,-0.4001816666666669,0.4565217391304346,FARSA,-0.1362772792799409
NTC_1462,-0.35628166666666705,0.4143696036917608,NTC,-0.13631768023870086
NTC_888,-0.5775483333333333,0.5806764575913619,NTC,-0.1363393985139866
PANX1,-0.2635816666666668,0.30388031790556336,PANX1,-0.13635011821581944
HDHD1,-0.4007816666666668,0.4565217391304346,HDHD1,-0.13648160240210946
NTC_683,-0.2244816666666669,0.24502962432206343,NTC,-0.1371092279501912
CSNK2A2,-0.22738166666666682,0.24731182795698922,CSNK2A2,-0.1379649887470345
NTC_486,-0.8482483333333335,0.6862187793221464,NTC,-0.1387203278787424
NTC_421,-0.36294833333333343,0.4143696036917608,NTC,-0.1388684276387204
GABBR2,-0.43388166666666694,0.4782608695652172,GABBR2,-0.1389875491467808
NTC_1907,-0.4866816666666669,0.5148311295964891,NTC,-0.14032745621911236
NTC_65,-0.996415,0.7229466854496152,NTC,-0.14038862506124528
NTC_108,-0.4872150000000002,0.5148311295964891,NTC,-0.1404812349930204
NTC_1102,-0.9080816666666671,0.6983843829909577,NTC,-0.14157490877818518
NTC_1873,-0.4918483333333332,0.5148311295964891,NTC,-0.1418171880913465
DYRK2,-0.16641499999999998,0.13902897556026378,DYRK2,-0.14260012772942993
ACTA1,-0.34030666666666654,0.37961664329125766,ACTA1,-0.14315161760395448
NTC_1493,-0.6558483333333334,0.6034692986494639,NTC,-0.14385693437859706
NTC_1659,-0.5950816666666665,0.5694332663215453,NTC,-0.1455314853085571
CAMK1G,-0.2658316666666669,0.2805049088359046,CAMK1G,-0.1467549060723891
NTC_210,-0.3942150000000002,0.4238621547619892,NTC,-0.14695363791420465
NTC_294,-0.9453983333333331,0.6983843829909577,NTC,-0.14739278163386355
NTC_602,-0.6068149999999999,0.5694332663215453,NTC,-0.14840095604386863
NTC_923,-0.499781666666667,0.5042465118903798,NTC,-0.14861362569546446
SNAP23,-0.46418166666666694,0.4782608695652172,SNAP23,-0.14869370421781963
NTC_1432,-0.6083483333333335,0.5694332663215453,NTC,-0.14877594369677874
NTC_1008,-0.189381666666667,0.16351115716206643,NTC,-0.1489397056510216
STK31,-0.4655816666666668,0.4782608695652172,STK31,-0.1491421734290227
NTC_612,-1.0615816666666664,0.7229466854496152,NTC,-0.14957019973962504
RDH12,-0.2724316666666666,0.2805049088359046,RDH12,-0.15039849899802898
NTC_1455,-0.9205483333333337,0.6862187793221464,NTC,-0.1505440819746928
NTC_226,-0.4390816666666668,0.45309186047222316,NTC,-0.15096230980414277
NTC_1426,-0.7447816666666667,0.6266559047543299,NTC,-0.15116897820635447
NTC_1258,-0.35808166666666685,0.37767618511607093,NTC,-0.1514257181950834
NTC_1488,-0.22198166666666697,0.20714904818668411,NTC,-0.15177265203387919
NTC_1301,-0.3880816666666671,0.40500395561541536,NTC,-0.15233786270162722
PPP4R1,-0.47598166666666697,0.4782608695652172,PPP4R1,-0.1524736589979602
NTC_669,-1.365315,0.7729138676202455,NTC,-0.15273628791455576
PDK2,-0.36773500000000037,0.38388887231058455,PDK2,-0.15290218180991236
NTC_1466,-0.33154833333333333,0.34305618987799824,NTC,-0.154048873704088
NTC_1884,-0.5350150000000002,0.5148311295964891,NTC,-0.15426365760452945
NTC_303,-0.43811500000000003,0.4432243006646116,NTC,-0.15481951750240577
NTC_1518,-0.34989499999999985,0.36010501315221366,NTC,-0.1552032164781655
NTC_165,-0.5941483333333337,0.5472638215462551,NTC,-0.15554997130213416
NTC_179,-0.4188483333333337,0.4238621547619892,NTC,-0.15613633757628398
NTC_1520,-0.4988483333333338,0.48342657054454485,NTC,-0.15747119556442124
NTC_601,-0.5479149999999999,0.5148311295964891,NTC,-0.15798318169843034
FUK,-0.38017166666666635,0.38388887231058455,FUK,-0.15807327911578706
NTC_1318,-0.6948483333333335,0.5920225255079181,NTC,-0.15819040058241576
NTC_217,-0.21171500000000054,0.1789836519266249,NTC,-0.15819061841943485
IDH3G,-0.18248166666666665,0.13310554743218644,IDH3G,-0.15981814514119025
NTC_231,-0.30324833333333356,0.2950623685283952,NTC,-0.1607477493144362
CNR1,-0.3736816666666669,0.3695652173913042,CNR1,-0.16154591411698788
CDK9,-0.4762816666666667,0.4565217391304346,CDK9,-0.1621922619416574
NTC_747,-0.2999816666666668,0.28752347491665564,NTC,-0.16238808311512307
DAO,-0.28553166666666674,0.26928471248246844,DAO,-0.1626926032740473
AKAP1,-0.2862316666666669,0.26928471248246844,AKAP1,-0.1630914550848512
HEXB,-0.1908150000000004,0.13902897556026378,HEXB,-0.16350835785651072
ITGAL,-0.2786816666666667,0.25806451612903225,ITGAL,-0.16394053971566505
NTC_1083,-0.6082816666666673,0.5363415300892711,NTC,-0.16457581994055548
DHFRL1,-0.2638316666666667,0.23655913978494622,DHFRL1,-0.16517452386944162
NTC_44,-0.43204833333333315,0.4143696036917608,NTC,-0.1653069244399241
NTC_1538,-1.313715,0.7477978244232752,NTC,-0.16581159321492142
NTC_809,-0.6132150000000001,0.5363415300892711,NTC,-0.16591057556918146
NTC_1789,-0.40371500000000027,0.38665655063937165,NTC,-0.16660293732764586
NTC_349,-0.734265,0.5920225255079181,NTC,-0.16716406863413474
NTC_109,-0.3163150000000001,0.2950623685283952,NTC,-0.167674208677363
NTC_618,-0.6215483333333338,0.5363415300892711,NTC,-0.16816523034726621
NTC_553,-0.5526150000000001,0.4937778104059273,NTC,-0.16935905170579266
NTC_1029,-0.6699816666666665,0.558295047749257,NTC,-0.16959662955717428
NTC_963,-0.9492149999999999,0.6621326131582912,NTC,-0.16996171131955792
NTC_1080,-0.4953150000000004,0.45309186047222316,NTC,-0.1702961024273518
MMP1,-0.3304316666666669,0.30388031790556336,MMP1,-0.17093145127285123
NTC_1041,-0.5811816666666669,0.5042465118903798,NTC,-0.17281849341759137
NTC_1444,-0.5996483333333338,0.5148311295964891,NTC,-0.1728997227675114
NTC_391,-0.8208150000000003,0.6150145313229105,NTC,-0.1732860490833119
NTC_1878,-0.4782816666666665,0.4334807127367144,NTC,-0.1736306992597624
NTC_768,-0.710005,0.5694332663215453,NTC,-0.17363680989416375
PTGER4,-0.25474833333333335,0.20812569007191667,PTGER4,-0.17365539413944467
CRYZ,-0.33668166666666655,0.30388031790556336,CRYZ,-0.17416456019740523
NTC_718,-0.5364150000000005,0.47319425686009076,NTC,-0.17431370539651128
PPARD,-0.40428166666666665,0.3695652173913042,PPARD,-0.17477456677226874
SMPD4,-0.33793166666666674,0.30388031790556336,SMPD4,-0.17481118198231618
NTC_574,-0.3046016666666673,0.2656918864313077,NTC,-0.17533533152256628
BCR,-0.22884833333333332,0.17125719912864432,BCR,-0.17537818640990857
NTC_1484,-0.27681500000000026,0.23189727425853268,NTC,-0.17569568632510318
NTC_1686,-0.29944833333333354,0.2586751735282048,NTC,-0.1758496116402597
HSD11B2,-0.2728816666666669,0.22627395979429638,HSD11B2,-0.17610839221738966
PRKCQ,-0.2522416666666667,0.20036704365730654,PRKCQ,-0.17610850013868637
NTC_1759,-0.6966816666666673,0.558295047749257,NTC,-0.17635536675024677
NTC_897,-0.373715,0.33472847233967196,NTC,-0.1776294842672542
PPP2R2B,-0.5858523333333336,0.49744859896750315,PPP2R2B,-0.17766076756362395
NTC_626,-0.411381666666667,0.36882550643268,NTC,-0.17820192061794443
GRM4,-0.28553166666666674,0.23655913978494622,GRM4,-0.17876003167922017
TK2,-0.22884833333333332,0.16445346304198621,TK2,-0.17940724753704812
ILKAP,-0.2993150000000002,0.24993285786756586,ILKAP,-0.18024050244545678
NTC_52,-0.667081666666667,0.5363415300892711,NTC,-0.1804846640547207
NTC_1099,-0.5908816666666665,0.4937778104059273,NTC,-0.18108657697855632
NTC_1290,-0.45044833333333334,0.39576602610453004,NTC,-0.18133315216174836
SBF2,-0.41948166666666675,0.3695652173913042,SBF2,-0.18134566220887896
NTC_261,-0.7177816666666665,0.558295047749257,NTC,-0.1816965410863449
SMOX,-0.2219150000000003,0.15138312792814299,SMOX,-0.181953107239715
SLC25A6,-0.34708166666666673,0.29699203246695116,SLC25A6,-0.18300061410620402
NTC_1145,-0.5683149999999999,0.47319425686009076,NTC,-0.18467994646387254
CD1D,-0.42968166666666696,0.3695652173913042,CD1D,-0.18575521309397272
NTC_1180,-0.7606150000000003,0.5694332663215453,NTC,-0.18601384801184415
NTC_1179,-0.6463483333333333,0.5148311295964891,NTC,-0.18636497665783494
DUSP18,-0.5478816666666668,0.4565217391304346,DUSP18,-0.18657482118710952
NTC_958,-0.24984833333333323,0.1789836519266249,NTC,-0.18668333543237361
NTC_34,-0.9584150000000002,0.6383910283695007,NTC,-0.18680775851290662
TUBB2B,-0.25614833333333364,0.18543164930918205,TUBB2B,-0.18745348427763436
NTC_1700,-0.5610816666666667,0.4630822527891689,NTC,-0.18759308952232964
NTC_1107,-0.9731316666666665,0.6383910283695007,NTC,-0.18967623147376547
NTC_1300,-0.43884833333333373,0.36882550643268,NTC,-0.19009990526230847
NTC_1604,-0.5536483333333335,0.45309186047222316,NTC,-0.19035190390370957
PPAT,-0.4974816666666666,0.4130434782608694,PPAT,-0.1910350647099874
AVPR2,-0.3017950000000005,0.23259526722568707,AVPR2,-0.19115668935287494
NTC_1532,-0.6439816666666667,0.5042465118903798,NTC,-0.1914925191295025
FOLR3,-0.2556816666666666,0.17825490137566768,FOLR3,-0.1914949625960825
TPTE2,-0.325631666666667,0.25806451612903225,TPTE2,-0.19155989635191256
NTC_936,-0.7319450000000003,0.5472638215462551,NTC,-0.19162558801770696
NTC_1325,-0.5156816666666668,0.4238621547619892,NTC,-0.19223341811530992
NIM1,-0.458021666666667,0.37961664329125766,NIM1,-0.19266899212766714
NTC_1002,-0.9497483333333332,0.6266559047543299,NTC,-0.1927712395845603
NTC_208,-0.3881483333333333,0.3184673930827593,NTC,-0.1928845025657255
SCMH1,-0.3509316666666671,0.2805049088359046,SCMH1,-0.19373517243177818
PVALB,-0.5721816666666666,0.4565217391304346,PVALB,-0.19484990763493745
TPTE,-0.24988166666666678,0.16445346304198621,TPTE,-0.19589647594827797
ALDH1A2,-0.3340050000000001,0.2589149831398645,ALDH1A2,-0.19600843498169174
NTC_518,-1.2085483333333336,0.6862187793221464,NTC,-0.19764285347723365
NTC_1367,-0.37358166666666714,0.2950623685283952,NTC,-0.1980304770077416
NTC_1783,-0.3744816666666668,0.2950623685283952,NTC,-0.1985075545659022
NTC_41,-0.9787816666666671,0.6266559047543299,NTC,-0.19866416032946482
NTC_420,-0.3748150000000001,0.2950623685283952,NTC,-0.19868424995781359
NTC_1708,-1.275248333333333,0.6983843829909577,NTC,-0.19881820445062676
NTC_1314,-0.6716483333333334,0.5042465118903798,NTC,-0.1997193988221173
NTC_19,-0.4203816666666669,0.33472847233967196,NTC,-0.19981049367943163
NTC_325,-0.6337483333333334,0.48342657054454485,NTC,-0.2000550088442899
NTC_1959,-0.315215,0.23189727425853268,NTC,-0.20006833359813359
PSKH1,-0.36338166666666694,0.2805049088359046,PSKH1,-0.20060831363241724
NTC_119,-0.37154833333333337,0.28752347491665564,NTC,-0.20112903000056256
NTC_1292,-1.0775816666666664,0.6502174411635121,NTC,-0.20144460959251678
NTC_1930,-0.7970150000000003,0.558295047749257,NTC,-0.20175336793769683
NTC_805,-0.4458483333333334,0.3515151262406778,NTC,-0.20244010276007057
NTC_1777,-0.8290483333333334,0.5694332663215453,NTC,-0.20274970999932862
DNPEP,-0.27721499999999977,0.18543164930918205,DNPEP,-0.20287041093646638
NTC_1081,-0.44878166666666686,0.3515151262406778,NTC,-0.203772000306911
NTC_802,-0.7296483333333332,0.5255300376364578,NTC,-0.2038655363685727
SLC1A3,-0.3466816666666668,0.25806451612903225,SLC1A3,-0.20394301578094345
NTC_20,-1.3785516666666673,0.710627968367698,NTC,-0.20451875993381233
NTC_946,-0.4740483333333334,0.36882550643268,NTC,-0.20534780791333793
NTC_1307,-0.5669150000000005,0.4334807127367144,NTC,-0.20580727786802408
ELSPBP1,-0.3759816666666669,0.2805049088359046,ELSPBP1,-0.20756426376318457
NTC_282,-0.3851483333333332,0.28752347491665564,NTC,-0.2084910730044094
DOK1,-0.30614833333333347,0.20812569007191667,DOK1,-0.20869345363123384
NTC_1347,-0.8287816666666667,0.558295047749257,NTC,-0.20979466200136454
NTC_651,-0.8600150000000004,0.5694332663215453,NTC,-0.21032283020701165
NTC_1747,-0.8918483333333331,0.5806764575913619,NTC,-0.2105348735586945
NTC_535,-0.9290150000000004,0.5920225255079181,NTC,-0.21150119809897078
NTC_1133,-0.6157483333333336,0.45309186047222316,NTC,-0.2117027371325408
AKT1,-0.32858166666666677,0.22627395979429638,AKT1,-0.2120552462744299
MTHFD2,-0.24871500000000002,0.13902897556026378,MTHFD2,-0.21312255967445945
NTC_32,-0.7877816666666668,0.5363415300892711,NTC,-0.2131410838604987
FCGR3B,-0.3522816666666666,0.24731182795698922,FCGR3B,-0.21374870230282353
NTC_658,-0.6993483333333337,0.4937778104059273,NTC,-0.21432818607051918
TRAPPC6B,-0.4446816666666671,0.32819074333800846,TRAPPC6B,-0.21516975111750616
NTC_1005,-0.7976483333333337,0.5363415300892711,NTC,-0.215810595117751
NTC_1937,-0.5947816666666668,0.4334807127367144,NTC,-0.215923720032938
HADHA,-0.29733166666666677,0.18700327255726973,HADHA,-0.21650228893976486
NTC_1176,-1.3243816666666668,0.6862187793221464,NTC,-0.21658593576558194
MTM1,-0.6363816666666666,0.4565217391304346,MTM1,-0.21671248170697693
LMTK2,-0.3805316666666665,0.26928471248246844,LMTK2,-0.21682249188313718
MVK,-0.6444816666666668,0.4565217391304346,MVK,-0.219470843856253
NTC_884,-0.5479816666666666,0.39576602610453004,NTC,-0.22059631613728942
NTC_457,-0.36351500000000025,0.24502962432206343,NTC,-0.2220282027410423
STK10,-0.39108166666666677,0.26928471248246844,STK10,-0.22283375846025208
EPS8L1,-0.32698166666666695,0.20617110799438987,EPS8L1,-0.2242349353086631
NRGN,-0.520181666666667,0.3695652173913042,NRGN,-0.2248791694764214
AMN,-0.32231500000000035,0.20036704365730654,AMN,-0.2250318592178166
NTC_127,-0.5460149999999999,0.38665655063937165,NTC,-0.22532653685137902
ROS1,-0.38338166666666695,0.25806451612903225,ROS1,-0.22553258742205703
NTC_504,-0.49828166666666696,0.3515151262406778,NTC,-0.22624777140984254
NTC_1631,-0.5769816666666665,0.40500395561541536,NTC,-0.22648880755688688
NTC_1618,-1.0382150000000003,0.6034692986494639,NTC,-0.22772708191051566
NTC_146,-0.4126483333333335,0.2801156405678691,NTC,-0.22805531778047158
NTC_138,-1.0802483333333333,0.6150145313229105,NTC,-0.22805621938215773
NTC_1004,-0.25078166666666646,0.12313083950837048,NTC,-0.22811931979223657
SCYL3,-0.5288816666666667,0.3695652173913042,SCYL3,-0.22864025699606
FNTA,-0.5961816666666666,0.4130434782608694,FNTA,-0.22893628228291457
ADCK4,-0.5005816666666669,0.3478260869565216,ADCK4,-0.22958569886167474
MTMR4,-0.2881483333333337,0.1578287726418191,MTMR4,-0.231041316098104
NTC_675,-0.4649483333333333,0.3184673930827593,NTC,-0.2310491126513398
NTC_1725,-0.8282149999999999,0.5255300376364578,NTC,-0.23140530511753027
NTC_634,-0.41061499999999973,0.2728385659706112,NTC,-0.23162555708463015
NTC_1753,-0.717381666666667,0.47319425686009076,NTC,-0.23312073021856497
TF,-0.2997483333333333,0.16445346304198621,TF,-0.23498979718948185
NTC_690,-1.0386149999999998,0.5920225255079181,NTC,-0.23645292795440592
CHKB,-0.4293316666666669,0.2805049088359046,CHKB,-0.2370166399121082
PDLIM5,-0.3786316666666665,0.23655913978494622,PDLIM5,-0.23704624260504398
NTC_145,-0.5114150000000002,0.34305618987799824,NTC,-0.237621175631636
UGP2,-0.7871983333333332,0.49744859896750315,UGP2,-0.23871930206213296
NTC_1908,-0.5937483333333338,0.39576602610453004,NTC,-0.2390202136555459
NDUFV3,-0.2729816666666667,0.13310554743218644,NDUFV3,-0.23907839303062783
NTC_333,-1.3353816666666665,0.6621326131582912,NTC,-0.23910679175047814
NCAN,-0.49308166666666664,0.326086956521739,NCAN,-0.23996636474132968
NTC_1965,-0.7202816666666665,0.4630822527891689,NTC,-0.2408203140534374
ADRB1,-0.29424833333333367,0.15138312792814299,ADRB1,-0.24126083658205796
NTC_410,-0.475781666666667,0.310534197272332,NTC,-0.24164502026223986
NTC_1206,-0.5450483333333336,0.36010501315221366,NTC,-0.24176754303261472
PPP1R16B,-0.5335816666666668,0.3478260869565216,PPP1R16B,-0.24472074787952114
NTC_1024,-0.29154833333333374,0.14447783177133525,NTC,-0.24495855531555177
CHRNA7,-0.3133483333333331,0.16445346304198621,CHRNA7,-0.24565161207344643
GABRQ,-0.30021500000000034,0.15138312792814299,GABRQ,-0.24615304098403
NTC_1215,-0.7162816666666669,0.45309186047222316,NTC,-0.24626747841979524
NTC_1151,-1.0154150000000002,0.5694332663215453,NTC,-0.24832701363889312
NTC_1020,-0.41954833333333386,0.2517879366079583,NTC,-0.25129480153330863
KIF5B,-0.5818816666666666,0.3695652173913042,KIF5B,-0.2515526292421349
PPP1R37,-0.5823816666666668,0.3695652173913042,PPP1R37,-0.2517687836972866
NTC_443,-0.7137150000000003,0.4432243006646116,NTC,-0.25221006341766333
NTC_1111,-0.4593816666666666,0.2801156405678691,NTC,-0.2538830852118372
RAB7A,-0.588781666666667,0.3695652173913042,RAB7A,-0.2545355607232278
NTC_1448,-0.7624816666666667,0.4630822527891689,NTC,-0.25492954065653267
TWF2,-0.590681666666667,0.3695652173913042,TWF2,-0.2553569476528041
NTC_411,-0.4628483333333333,0.2801156405678691,NTC,-0.25579898236794424
BRD2,-0.2991149999999998,0.13902897556026378,BRD2,-0.2563100514123631
NTC_791,-0.7070150000000004,0.4334807127367144,NTC,-0.25666781186220333
NTC_475,-0.533215,0.3265321669468846,NTC,-0.2591819636836324
PIK3R4,-0.5658816666666666,0.3478260869565216,PIK3R4,-0.2595347504030495
IKBKG,-0.36733166666666706,0.1963534361851332,IKBKG,-0.2596893439239559
NRK,-0.5573316666666666,0.3408134642356242,NRK,-0.2605432223465532
GALE,-0.2852483333333333,0.12178090776163052,GALE,-0.2608370071726775
TAOK3,-0.5090483333333335,0.30706335233207005,TAOK3,-0.26102573861043105
NTC_1547,-0.41148166666666675,0.23189727425853268,NTC,-0.26116920627566165
NTC_1410,-0.5396816666666664,0.3265321669468846,NTC,-0.2623252424082633
NTC_1450,-0.37681500000000034,0.2012730106544035,NTC,-0.2623440506715793
NTC_1731,-1.0044150000000005,0.5472638215462551,NTC,-0.262959122596377
TUBB,-0.38690833333333363,0.20812569007191667,TUBB,-0.2637454708405119
PIK3R1,-0.3228150000000001,0.15138312792814299,PIK3R1,-0.26468329005965585
NTC_1323,-0.7925150000000001,0.4630822527891689,NTC,-0.2649709412642647
NTC_1584,-0.5005149999999998,0.2950623685283952,NTC,-0.26531608224760217
MTMR3,-0.6165816666666666,0.3695652173913042,MTMR3,-0.2665537484296594
ACCS,-0.5513116666666671,0.32819074333800846,ACCS,-0.2667652008099671
DGKA,-0.6170816666666668,0.3695652173913042,DGKA,-0.2667699028848111
LHPP,-0.4010316666666667,0.21598877980364653,LHPP,-0.26691416876079527
DAPK1,-0.45378166666666675,0.25806451612903225,DAPK1,-0.2669469155837569
NTC_1178,-0.6670483333333335,0.39576602610453004,NTC,-0.2685279708606773
HTR4,-0.5255716666666668,0.30706335233207005,HTR4,-0.2694984415056499
PIK3CD,-0.3445150000000001,0.16445346304198621,PIK3CD,-0.27008493784919924
NTC_173,-0.6109816666666668,0.36010501315221366,NTC,-0.27101364659642774
NTC_1280,-0.8857816666666671,0.4937778104059273,NTC,-0.27146411712502055
NTC_1037,-0.7720150000000003,0.4432243006646116,NTC,-0.2728119096689678
ADORA3,-1.213195,0.5951478618960937,ADORA3,-0.2734239714888805
APRT,-0.33421500000000015,0.15138312792814299,APRT,-0.27403040685001595
NTC_1278,-0.8210483333333334,0.4630822527891689,NTC,-0.2745108290780478
BST1,-0.632876666666667,0.3665264142122488,BST1,-0.27586759860549503
NTC_338,-0.721981666666667,0.4143696036917608,NTC,-0.2762389288667793
PPP1R32,-0.36923166666666707,0.17765310892940625,PPP1R32,-0.2770814813205007
NTC_800,-0.5990150000000003,0.34305618987799824,NTC,-0.2783231788684033
NTC_1580,-0.5862150000000004,0.33472847233967196,NTC,-0.2786322949834191
NTC_1464,-1.0305483333333332,0.5363415300892711,NTC,-0.27882368685566067
NTC_323,-0.748081666666667,0.4238621547619892,NTC,-0.27886641140897245
NTC_1059,-0.4312150000000001,0.2255218446376277,NTC,-0.2789147713161323
CRP,-0.4198316666666668,0.21598877980364653,CRP,-0.27942686237028497
CHRM5,-0.6097816666666669,0.3478260869565216,CHRM5,-0.27966895197527564
BLK,-0.4471816666666666,0.23655913978494622,BLK,-0.2799626739580541
NDUFS8,-0.7298816666666668,0.4130434782608694,NDUFS8,-0.28027764793134785
PSAT1,-0.2962149999999999,0.1111127689415416,PSAT1,-0.28265902551039135
NTC_337,-0.5816483333333335,0.3265321669468846,NTC,-0.28272414918306005
TAAR1,-0.43843166666666655,0.22627395979429638,TAAR1,-0.28294863798297337
GIT2,-0.3714816666666667,0.17125719912864432,GIT2,-0.28468540729826974
GLUD2,-0.6227816666666668,0.3478260869565216,GLUD2,-0.28563124401260903
NTC_783,-0.7281483333333336,0.40500395561541536,NTC,-0.2858278820087317
NTC_1452,-0.7107816666666669,0.39576602610453004,NTC,-0.2861333266829295
AVPR1A,-0.5935816666666669,0.326086956521739,AVPR1A,-0.28887635529023203
NTC_1898,-0.32781499999999997,0.13135359499575763,NTC,-0.28898794776091385
NTC_649,-0.44718166666666703,0.2255218446376277,NTC,-0.2892421930941648
NTC_1074,-0.3397483333333333,0.13999581052938231,NTC,-0.2901059922519578
SRC,-0.6342816666666666,0.3478260869565216,SRC,-0.2909055792764039
WNK3,-0.4815316666666669,0.24731182795698922,WNK3,-0.29217180059814596
PTPRC,-0.532381666666667,0.28260869565217384,PTPRC,-0.2921787672203218
NTC_1392,-0.7637150000000001,0.4143696036917608,NTC,-0.29220660759090233
ERO1LB,-0.4823816666666667,0.24731182795698922,ERO1LB,-0.29268754244380174
NTC_575,-0.6032149999999998,0.3265321669468846,NTC,-0.29320714575438106
NTC_842,-0.693581666666667,0.37767618511607093,NTC,-0.2933020921724828
NTC_717,-0.6222150000000004,0.33472847233967196,NTC,-0.2957433593870988
NTC_851,-0.5163816666666665,0.2656918864313077,NTC,-0.2972404967706735
NTC_991,-0.4431483333333335,0.21314858758001587,NTC,-0.2974932493611624
NTC_80,-0.34914833333333317,0.13999581052938231,NTC,-0.29813251088241965
SLC6A9,-0.4079816666666669,0.18543164930918205,SLC6A9,-0.29856756802918755
GRIK3,-0.4714816666666668,0.23259526722568707,GRIK3,-0.2986360757818241
S100B,-0.736281666666667,0.3913043478260868,S100B,-0.3000239753952584
RPS6KB1,-0.47993166666666665,0.23655913978494622,RPS6KB1,-0.30046614772626823
NTC_1953,-0.44788166666666673,0.21314858758001587,NTC,-0.30067081905447685
NTC_92,-0.503581666666667,0.2517879366079583,NTC,-0.3016278338550093
SCN1B,-0.659081666666667,0.3478260869565216,SCN1B,-0.3022797979322402
MAPK12,-0.33844833333333324,0.1273611649906001,MAPK12,-0.302898727972585
NTC_58,-1.1229816666666668,0.5363415300892711,NTC,-0.3038323176541757
DDAH2,-0.48613166666666685,0.23655913978494622,DDAH2,-0.3043477213862051
MAP3K1,-0.4070150000000001,0.17825490137566768,MAP3K1,-0.30483735191955325
AZGP1,-0.705381666666667,0.3695652173913042,AZGP1,-0.30494277966459266
IKBKB,-0.7494816666666668,0.3913043478260868,IKBKB,-0.3054027817060915
PTPRE,-0.3580150000000002,0.13902897556026378,PTPRE,-0.3067811479076519
C17orf75,-0.3611150000000001,0.13902897556026378,C17orf75,-0.3094375214074038
NTC_754,-0.44711499999999993,0.2012730106544035,NTC,-0.3112879270093363
NTC_1958,-0.5901816666666668,0.2950623685283952,NTC,-0.3128471426717688
PAK3,-0.727681666666667,0.3695652173913042,PAK3,-0.31458326836435624
NTC_796,-0.7830483333333336,0.39576602610453004,NTC,-0.31522510368189505
NTC_1589,-0.7639483333333332,0.38665655063937165,NTC,-0.31526209405123107
NTC_485,-0.7459149999999999,0.37767618511607093,NTC,-0.3154328330710934
LGALS9,-0.7311816666666668,0.3695652173913042,LGALS9,-0.3160963495504177
PIK3CG,-0.5240316666666669,0.24731182795698922,PIK3CG,-0.3179588928809405
PPP2R3B,-0.3405816666666668,0.11636477574527768,PPP2R3B,-0.31816405793020197
NTC_1555,-0.8538816666666669,0.4238621547619892,NTC,-0.3183060443283764
CDK16,-0.5569883333333336,0.26810599504640265,CDK16,-0.31842659568738085
NTC_13,-0.7213816666666666,0.36010501315221366,NTC,-0.319983866517231
SRPK3,-0.3919816666666669,0.15138312792814299,SRPK3,-0.32139459807134335
PDP1,-0.7021816666666669,0.3478260869565216,PDP1,-0.32204708922524566
PLOD3,-0.41204833333333357,0.16445346304198621,PLOD3,-0.3230281656798673
PI4K2B,-0.37071500000000035,0.13310554743218644,PI4K2B,-0.32467362205892686
NTC_415,-0.9192483333333332,0.4432243006646116,NTC,-0.3248407003447891
ALPI,-0.5043316666666666,0.22627395979429638,ALPI,-0.32547821935387033
PPP2R1B,-0.6511316666666669,0.3160355306217859,PPP2R1B,-0.3257377898030627
GRM2,-0.4070816666666668,0.1578287726418191,GRM2,-0.3264037065148491
GPD1,-0.47603166666666685,0.20617110799438987,GPD1,-0.32644928098886794
MYO3A,-0.44913166666666693,0.18700327255726973,MYO3A,-0.32703557935413824
FBP1,-0.3376816666666669,0.10602488735042226,FBP1,-0.32910191176341547
CIB3,-0.4316150000000001,0.17125719912864432,CIB3,-0.3307686572357793
NTC_71,-0.7852483333333333,0.37767618511607093,NTC,-0.33206612877832953
PAPSS1,-0.6489650000000002,0.30706335233207005,PAPSS1,-0.33277108943286665
NTC_1646,-1.1198816666666669,0.5042465118903798,NTC,-0.3330047617457213
SGPL1,-0.6687516666666669,0.3173584793053027,SGPL1,-0.3333391970606063
ACVR1C,-0.7272816666666666,0.3478260869565216,ACVR1C,-0.3335588992357893
ACP5,-0.37528166666666674,0.1273611649906001,ACP5,-0.3358631976267132
PLA2G2E,-0.6941816666666669,0.326086956521739,PLA2G2E,-0.33783501249639686
NUCKS1,-0.48423833333333355,0.20036704365730654,NUCKS1,-0.33808247352601256
TBK1,-0.6585816666666668,0.30434782608695643,TBK1,-0.34024291210153723
PKN1,-0.4064150000000002,0.1451165289009579,PKN1,-0.34069083349113993
CMPK1,-0.48851500000000025,0.20036704365730654,CMPK1,-0.3410683297575093
MERTK,-0.44273166666666675,0.16877045348293593,MERTK,-0.3421003449929652
CDK13,-0.4191316666666671,0.15147265077138847,CDK13,-0.3435478821191915
NTC_871,-0.6914483333333334,0.3184673930827593,NTC,-0.3436048963022727
NTC_1526,-0.7939483333333335,0.36882550643268,NTC,-0.3439217868356211
NTC_86,-0.6355150000000005,0.28752347491665564,NTC,-0.3440212323227779
PPM1F,-0.7088816666666669,0.326086956521739,PPM1F,-0.3449890111139975
TBXAS1,-0.7530816666666669,0.3478260869565216,TBXAS1,-0.3453917557406512
GRIN3A,-0.3413150000000005,0.09631165885828534,GRIN3A,-0.34688564882365963
MAP3K3,-0.593731666666667,0.25806451612903225,MAP3K3,-0.349275540956341
TRPV3,-0.34488166666666653,0.09631165885828534,TRPV3,-0.35051052754508755
NTC_1010,-0.8291150000000005,0.37767618511607093,NTC,-0.3506164822958913
GRIA1,-0.8158816666666666,0.3695652173913042,GRIA1,-0.35271291425310713
CDK20,-0.8163816666666668,0.3695652173913042,CDK20,-0.35292906870825885
NTC_85,-0.6030483333333334,0.2586751735282048,NTC,-0.35413726981384375
KCNMA1,-0.6030316666666666,0.25806451612903225,KCNMA1,-0.35474646782997443
AKAP5,-0.41481500000000016,0.13902897556026378,AKAP5,-0.35545276558052763
NTC_1262,-1.1326483333333333,0.48342657054454485,NTC,-0.35754251399867487
NTC_1544,-0.8951483333333339,0.39576602610453004,NTC,-0.36035224669274435
CTSF,-0.42211500000000046,0.13902897556026378,CTSF,-0.36170809672510523
NTC_1697,-0.8554150000000005,0.37767618511607093,NTC,-0.3617382367984416
CSNK1E,-0.7068816666666666,0.30434782608695643,CSNK1E,-0.36519613124849826
NTC_1576,-0.6622816666666667,0.2801156405678691,NTC,-0.36601833510821635
B2M,-0.3856816666666665,0.1111127689415416,B2M,-0.3680313422926711
NTC_1407,-1.0480150000000006,0.4432243006646116,NTC,-0.3703438061588484
FCGR1B,-0.5418316666666667,0.20617110799438987,FCGR1B,-0.3715730914266906
RAMP1,-0.33674833333333365,0.07870549968667004,RAMP1,-0.37176844914397544
NTC_142,-0.8586816666666668,0.36882550643268,NTC,-0.3719629108396926
CDK14,-0.45488166666666685,0.15138312792814299,CDK14,-0.37296772492341757
CTRB1,-0.863181666666667,0.3695652173913042,CTRB1,-0.3731611257104534
DGKD,-0.4096150000000003,0.12178090776163052,DGKD,-0.37456047313055774
NTC_1366,-0.6513150000000001,0.2656918864313077,NTC,-0.37491105252418194
NR3C2,-0.5271816666666671,0.19280236340306167,NR3C2,-0.37687566109171333
IL5,-0.8717816666666669,0.3695652173913042,IL5,-0.37687898233906175
NTC_243,-0.7437150000000001,0.310534197272332,NTC,-0.37772583274050414
NTC_1805,-1.3122816666666666,0.5148311295964891,NTC,-0.3783769982287745
NTC_568,-0.8769483333333337,0.36882550643268,NTC,-0.3798756482002648
ACAN,-0.7361816666666667,0.30434782608695643,ACAN,-0.380333384271396
HPRT1,-0.48694833333333354,0.16445346304198621,HPRT1,-0.3817465432393495
NTC_426,-0.752081666666667,0.310534197272332,NTC,-0.3819751838144087
NTC_1118,-0.8842816666666671,0.36882550643268,NTC,-0.383052294585896
NTC_1955,-0.756915,0.310534197272332,NTC,-0.3844299882196522
NTC_1774,-0.7408816666666664,0.3027325543237831,NTC,-0.38447378015353745
NTC_1101,-0.5164150000000001,0.1789836519266249,NTC,-0.3858583860901318
NTC_1892,-1.3450149999999998,0.5148311295964891,NTC,-0.3878151704773811
GDI1,-0.8040816666666666,0.32819074333800846,GDI1,-0.389073948993061
NTC_979,-0.9697150000000001,0.39576602610453004,NTC,-0.3903699151183373
CP,-0.8515816666666669,0.3478260869565216,CP,-0.39056758386967766
SPIRE2,-0.5885316666666667,0.21598877980364653,SPIRE2,-0.39170832045118326
PTPN11,-0.4117483333333334,0.1111127689415416,PTPN11,-0.3929050947977916
CACNA1C,-0.8092816666666669,0.326086956521739,CACNA1C,-0.39385033500563715
NT5C,-0.44071499999999975,0.1273611649906001,NT5C,-0.3944236084240463
NISCH,-0.451381666666667,0.13310554743218644,NISCH,-0.3953217988148896
PPBP,-0.6786816666666666,0.26086956521739124,PPBP,-0.3960627297656915
NTC_505,-0.6627483333333333,0.2517879366079583,NTC,-0.3969631092759218
BMPR2,-0.9196816666666667,0.3695652173913042,BMPR2,-0.39758657914258977
NTC_748,-0.604581666666667,0.2192725592713909,NTC,-0.39842881899319377
NTC_1210,-1.0738150000000004,0.4238621547619892,NTC,-0.4002917714872383
RBP3,-0.5034316666666669,0.1598877980364656,RBP3,-0.4008245796794687
AKAP12,-0.5010816666666666,0.1578287726418191,AKAP12,-0.40177420566709726
NTC_1652,-0.8282483333333335,0.3265321669468846,NTC,-0.4025900048780119
NAGLU,-0.7815816666666666,0.30434782608695643,NAGLU,-0.40378837700994746
TRAPPC5,-0.647481666666667,0.23655913978494622,TRAPPC5,-0.4053625455847196
PIK3CA,-0.3851150000000001,0.08721016979499269,PIK3CA,-0.4080034889419913
PANK4,-0.5306316666666666,0.16877045348293593,PANK4,-0.4100209899092951
NTC_472,-1.130648333333334,0.4334807127367144,NTC,-0.4104595145821711
ACY3,-0.4793816666666666,0.13902897556026378,ACY3,-0.4107795985807389
NTC_1216,-0.9970816666666671,0.38665655063937165,NTC,-0.41147030559233944
ROR1,-0.5688816666666667,0.18700327255726973,ROR1,-0.4142316368450551
PPP3CB,-0.5068483333333333,0.15138312792814299,PPP3CB,-0.4155763654970177
STK39,-0.48884833333333355,0.13902897556026378,STK39,-0.4188915348595518
BMPR1B,-0.4126816666666666,0.09631165885828534,BMPR1B,-0.4194171006234583
PDK1,-0.515781666666667,0.15147265077138847,PDK1,-0.4227685792115606
INPP5K,-0.5053816666666668,0.1451165289009579,INPP5K,-0.42365291942425376
NTC_1814,-0.5044483333333336,0.14447783177133525,NTC,-0.42383687655450314
NTC_1582,-1.0034816666666668,0.37767618511607093,NTC,-0.42435272792686746
NTC_645,-0.7410483333333333,0.2656918864313077,NTC,-0.4265635070914854
NTC_499,-0.7567816666666667,0.2728385659706112,NTC,-0.4268961804442158
TTBK2,-1.3385916666666666,0.47872837774661064,TTBK2,-0.42822996834582894
NMNAT3,-0.422315,0.09631165885828534,NMNAT3,-0.4292076609084383
MAP2K3,-0.8329816666666667,0.30434782608695643,MAP2K3,-0.430343148524519
PTGIS,-0.6300316666666668,0.20617110799438987,PTGIS,-0.43205819903483605
NTC_1633,-0.5235483333333335,0.14906901107957235,NTC,-0.4327716645524316
CDKN2C,-0.6211816666666665,0.20036704365730654,CDKN2C,-0.4336927085677732
NTC_135,-1.3404483333333335,0.47319425686009076,NTC,-0.43559280757605773
NTC_1043,-1.2672583333333336,0.45309186047222316,NTC,-0.43570082661588755
NTC_1964,-0.6865150000000002,0.23189727425853268,NTC,-0.43573406100636936
PAPOLA,-1.118836666666667,0.40673211781206176,PAPOLA,-0.43712001130508676
NTC_1240,-0.7912150000000004,0.2801156405678691,NTC,-0.4372749716449661
NTC_845,-0.798181666666667,0.2801156405678691,NTC,-0.44112518804521955
NTC_1268,-0.7229150000000002,0.24502962432206343,NTC,-0.44154303999708544
NTC_497,-0.5450483333333336,0.15377072840829212,NTC,-0.44319315007729726
CDK11B,-0.4945483333333336,0.12670123453403012,CDK11B,-0.44371823698690066
VKORC1,-0.46744833333333324,0.1111127689415416,VKORC1,-0.44605604164696794
NTC_1208,-0.4552816666666668,0.10433062071164628,NTC,-0.44689911567794155
KCNK2,-0.8149816666666669,0.28260869565217384,KCNK2,-0.44727373909162255
NTC_1479,-0.5994150000000003,0.1789836519266249,NTC,-0.44787487679137206
PTPRR,-0.8717816666666669,0.30434782608695643,PTPRR,-0.4503883846094485
NTC_980,-0.9696483333333334,0.34305618987799824,NTC,-0.45053230139108763
NTC_666,-0.5932483333333332,0.17370957359720418,NTC,-0.45097329084136867
NTC_1474,-0.871415,0.3027325543237831,NTC,-0.4522128623318096
TPI1,-0.7765816666666667,0.26086956521739124,TPI1,-0.4531948774992552
NTC_1,-0.9990149999999998,0.3515151262406778,NTC,-0.45360873673525415
NT5M,-0.826781666666667,0.28260869565217384,NT5M,-0.45374974994824446
NEK9,-0.4117150000000003,0.07870549968667004,NEK9,-0.45453126827446355
PIK3C2G,-0.8802816666666666,0.30434782608695643,PIK3C2G,-0.4547797378754767
EPOR,-0.7184816666666671,0.23259526722568707,EPOR,-0.45508566000343187
NTC_801,-0.8105150000000003,0.2728385659706112,NTC,-0.4572068443686889
AANAT,-0.8331816666666667,0.28260869565217384,AANAT,-0.45726216261624264
NTC_607,-1.0082483333333336,0.3515151262406778,NTC,-0.4578011869679224
ADCK1,-0.9460816666666669,0.326086956521739,ADCK1,-0.4604263221408593
PDK4,-0.575915,0.1578287726418191,PDK4,-0.4617766065879474
NTC_629,-0.7225150000000002,0.2255218446376277,NTC,-0.46733092772161294
ALDH5A1,-0.5585483333333332,0.1451165289009579,ALDH5A1,-0.4682216385429186
TBXA2R,-0.6121483333333335,0.17125719912864432,TBXA2R,-0.4691205872033802
PRKCG,-0.806381666666667,0.26086956521739124,PRKCG,-0.4705854597511471
NTC_1859,-0.8015483333333335,0.2586751735282048,NTC,-0.4707054521177188
DUSP14,-0.4988149999999998,0.1111127689415416,DUSP14,-0.4759872451090115
HMOX2,-0.4312150000000001,0.07870549968667004,HMOX2,-0.47605916920435914
NTC_201,-0.6168483333333337,0.16855248337352358,NTC,-0.476987130495821
SLC6A1,-0.8695816666666667,0.28260869565217384,SLC6A1,-0.4772390096654831
NTC_817,-0.5167150000000003,0.11917306592012594,NTC,-0.4773526266421614
GOT2,-0.5653816666666669,0.14305750350631133,GOT2,-0.47745880075915853
PPP1R26,-0.4245150000000002,0.07466205126674823,PPP1R26,-0.47838598849284886
FPGS,-0.9283816666666669,0.30434782608695643,FPGS,-0.4796296310632373
MATK,-0.5487483333333334,0.13310554743218644,MATK,-0.4805958997670246
NTC_1503,-0.6242816666666664,0.16855248337352358,NTC,-0.48273506583922304
MAP3K8,-0.5082816666666667,0.11220196353436185,MAP3K8,-0.4828673509774126
PTPN6,-0.7734816666666668,0.23655913978494622,PTPN6,-0.48424613931891736
NEK7,-0.6271316666666669,0.16877045348293593,NEK7,-0.4845868856365517
KCNN4,-0.5264816666666665,0.11968209443665263,KCNN4,-0.48540073354186747
EPHA8,-0.5545816666666668,0.13310554743218644,EPHA8,-0.4857047555241707
SYTL4,-0.46868166666666666,0.09168631195726776,SYTL4,-0.48634885466514427
NTC_661,-1.2391483333333333,0.40500395561541536,NTC,-0.48641619763095395
MTOR,-0.9434816666666668,0.30434782608695643,MTOR,-0.48743074098288763
NTC_1874,-0.968215,0.310534197272332,NTC,-0.49174726494268256
NTC_1694,-0.8219816666666666,0.2517879366079583,NTC,-0.49233831570224645
CAT,-0.5691816666666665,0.13510986442262737,CAT,-0.4947969890771533
NTC_1541,-0.9573483333333332,0.3027325543237831,NTC,-0.49680718149819997
CLPX,-0.9070816666666668,0.28260869565217384,CLPX,-0.4978195526420358
NTC_1048,-0.8155150000000002,0.24502962432206343,NTC,-0.49810139817713445
CACNA1D,-0.4631483333333335,0.08288323237146011,CACNA1D,-0.5009103546833685
NTC_1497,-1.1082150000000002,0.3515151262406778,NTC,-0.5031916499562668
NTC_423,-0.951781666666667,0.2950623685283952,NTC,-0.5045263038172549
PPFIA4,-1.1185066666666665,0.35343618513323993,PPFIA4,-0.5052171455350815
MARCKS,-0.8677816666666669,0.26086956521739124,MARCKS,-0.5064170621090714
NTC_769,-1.1698816666666667,0.36882550643268,NTC,-0.5067682320044768
NTC_1642,-0.8841150000000002,0.2656918864313077,NTC,-0.5089157860672903
CMAS,-0.6284316666666669,0.15147265077138847,CMAS,-0.5151039286937683
MAP1A,-0.5784316666666667,0.12716222533894342,MAP1A,-0.518067625695675
NTC_371,-1.1196816666666665,0.34305618987799824,NTC,-0.5202430002376207
NTC_704,-1.2042816666666674,0.36882550643268,NTC,-0.5216695914134379
NTC_155,-1.3296150000000002,0.40500395561541536,NTC,-0.5219280494638772
GRID2,-0.6006316666666669,0.13510986442262737,GRID2,-0.5221368810972348
NTC_1424,-1.043748333333334,0.310534197272332,NTC,-0.5301099324066971
AKAP13,-0.5018816666666666,0.08721016979499269,AKAP13,-0.5317099334900521
NTC_1880,-1.1198816666666669,0.33472847233967196,NTC,-0.5322879811898187
DBH,-0.753781666666667,0.1963534361851332,DBH,-0.5328946133473542
NTC_1917,-1.0503483333333332,0.310534197272332,NTC,-0.5334620101462708
NDUFS3,-0.9364316666666668,0.26928471248246844,NDUFS3,-0.5335678084914862
MB,-1.0328816666666667,0.30434782608695643,MB,-0.5336174447455858
NTC_172,-0.8750816666666672,0.24502962432206343,NTC,-0.5344836105845311
RXRB,-1.0354816666666669,0.30434782608695643,RXRB,-0.5349606822151947
SLC25A12,-0.5681316666666667,0.11220196353436185,SLC25A12,-0.5397248236175789
NTC_833,-0.6329149999999999,0.13999581052938231,NTC,-0.5404365998934934
NTC_128,-1.575281666666667,0.45309186047222316,NTC,-0.5416034807316474
ISPD,-0.6619816666666669,0.15147265077138847,ISPD,-0.5426037154237112
NTC_1254,-0.8136150000000002,0.21314858758001587,NTC,-0.546194020991426
NME5,-0.9386816666666669,0.26086956521739124,NME5,-0.5477926420305185
NTC_662,-0.5228483333333334,0.08788544025117526,NTC,-0.5521712716449495
SKP1,-1.107561666666667,0.3160355306217859,SKP1,-0.5540733277764044
NTC_1798,-0.9450150000000004,0.2586751735282048,NTC,-0.5549555707803349
NTC_1717,-0.9839483333333334,0.2728385659706112,NTC,-0.5550395890331012
NTC_1565,-1.143548333333334,0.3265321669468846,NTC,-0.555849146405256
STYXL1,-1.0772816666666667,0.30434782608695643,STYXL1,-0.556555807688134
NTC_1818,-0.949481666666667,0.2586751735282048,NTC,-0.5575785995676932
HIBADH,-0.527981666666667,0.08721016979499269,HIBADH,-0.5593611313436443
NTC_1766,-0.8347483333333334,0.21314858758001587,NTC,-0.5603811983545344
NTC_1353,-0.7953816666666669,0.1955194972403641,NTC,-0.5637744220278469
PPP1R9B,-0.5338483333333335,0.08721016979499269,PPP1R9B,-0.5655764708356391
NTC_1316,-1.2175150000000003,0.34305618987799824,NTC,-0.5656997656485463
IP6K1,-0.969881666666667,0.26086956521739124,IP6K1,-0.5660002315022977
NTC_841,-1.6099149999999998,0.4432243006646116,NTC,-0.5689060258605286
PTPN12,-0.7391816666666668,0.16877045348293593,PTPN12,-0.5711683220742625
MAP3K14,-0.8624816666666668,0.21739130434782605,MAP3K14,-0.5716164792651103
NTC_506,-1.4953483333333335,0.4143696036917608,NTC,-0.57213838100606
SLC12A7,-0.9811816666666668,0.26086956521739124,SLC12A7,-0.5725946469199613
NTC_1581,-1.0167483333333334,0.2728385659706112,NTC,-0.5735418801631765
NDST1,-0.5911483333333336,0.10602488735042226,NDST1,-0.5761285430630132
NTC_154,-0.8604150000000004,0.21314858758001587,NTC,-0.5776116819027892
PRODH,-0.5937483333333338,0.10602488735042226,PRODH,-0.5786624827317889
STK17B,-0.6064483333333335,0.1111127689415416,STK17B,-0.5786948497625073
NTC_207,-0.776915,0.1789836519266249,NTC,-0.5805005044958312
NTC_1718,-1.0373483333333333,0.2728385659706112,NTC,-0.5851622215436506
NTC_885,-0.984815,0.2517879366079583,NTC,-0.5898697964208137
NTC_939,-0.9481816666666674,0.23839962620032018,NTC,-0.5904274423525008
NTC_288,-1.4680150000000005,0.39576602610453004,NTC,-0.5909663055046545
PDPK1,-0.7562150000000003,0.16445346304198621,PDPK1,-0.592840025182161
CDKN2D,-0.8950816666666668,0.21739130434782605,CDKN2D,-0.5932223845779295
NTC_1601,-0.8532816666666669,0.2012730106544035,NTC,-0.5940670323557434
NTC_1141,-0.8403150000000001,0.1955194972403641,NTC,-0.5956236148008568
NTC_102,-0.8296150000000002,0.1898874846650891,NTC,-0.5985702575036079
NTC_480,-1.2328816666666669,0.3265321669468846,NTC,-0.5992717597145921
NTC_123,-0.7623483333333334,0.16351115716206643,NTC,-0.59955083492883
NTC_317,-0.6402150000000002,0.11531568876485654,NTC,-0.6005931197065915
MAPK13,-0.5850150000000001,0.09168631195726776,MAPK13,-0.607067430726462
PDE4B,-1.1763816666666667,0.30434782608695643,PDE4B,-0.6077538204720646
NTC_1853,-0.9228816666666668,0.2192725592713909,NTC,-0.6081935208981475
NTC_951,-0.5939816666666669,0.09419347814655565,NTC,-0.6094128151292669
NTC_1711,-0.8825150000000004,0.2012730106544035,NTC,-0.6144197016531419
NTC_1435,-1.113215,0.2801156405678691,NTC,-0.6152323421064447
NTC_1200,-0.5832816666666669,0.08788544025117526,NTC,-0.6159938916840493
PGK2,-0.6883816666666667,0.12716222533894342,PGK2,-0.6165434504607544
NTC_698,-0.9027150000000004,0.20714904818668411,NTC,-0.6172016438929482
NTC_1485,-1.397281666666667,0.36010501315221366,NTC,-0.6197933922823667
DAPP1,-0.7374816666666668,0.14305750350631133,DAPP1,-0.6227954192864386
MAPK8IP1,-0.5440149999999997,0.07076780758556891,MAPK8IP1,-0.6257066092509145
PPM1L,-0.8219150000000004,0.17125719912864432,PPM1L,-0.6298755161705354
SLC8A1,-1.2604316666666666,0.3160355306217859,SLC8A1,-0.6305486990052558
HTR2C,-0.7040816666666665,0.12716222533894342,HTR2C,-0.6306050279851902
LMTK3,-0.5174150000000004,0.05989078213124048,LMTK3,-0.6326122835165005
MUC2,-0.6384483333333335,0.10108621049804542,MUC2,-0.6354527873224181
LARS2,-1.236081666666667,0.30434782608695643,LARS2,-0.6385966192934639
NTC_1371,-1.1836483333333334,0.28752347491665564,NTC,-0.6407404361346865
NTC_622,-1.3268483333333336,0.3265321669468846,NTC,-0.6449465160276592
GART,-0.574081666666667,0.07466205126674823,GART,-0.6469326774883233
KCNJ5,-0.9155316666666666,0.1963534361851332,KCNJ5,-0.6472456350299383
LCK,-0.5415150000000002,0.06338217301781504,LCK,-0.6487527725104001
TNFSF13B,-0.6851316666666667,0.11220196353436185,TNFSF13B,-0.6508747701321898
NTC_1449,-1.114648333333333,0.2586751735282048,NTC,-0.6545719401748634
PPP2R5E,-0.6194483333333338,0.08721016979499269,PPP2R5E,-0.6562639243324767
NTC_1587,-0.8833150000000003,0.1789836519266249,NTC,-0.6600011624550116
NTC_1634,-1.1269483333333337,0.2586751735282048,NTC,-0.6617950567609477
RPS6KA6,-0.8862883333333336,0.17825490137566768,RPS6KA6,-0.6637931982126645
NTC_1283,-1.4300150000000003,0.34305618987799824,NTC,-0.664434647929517
NTC_434,-1.2344483333333336,0.28752347491665564,NTC,-0.6682398320608206
KCND2,-0.6059816666666669,0.07870549968667004,KCND2,-0.6690006812991344
PCCB,-0.5491816666666669,0.05989078213124048,PCCB,-0.6714514813358667
BDKRB2,-0.8196316666666668,0.15147265077138847,BDKRB2,-0.67182402475234
NTC_1199,-1.4854816666666675,0.3515151262406778,NTC,-0.6744918367192155
ACVR2A,-1.0221816666666668,0.21739130434782605,ACVR2A,-0.6774589049846577
SLC12A5,-1.0445983333333337,0.22423980185610692,SLC12A5,-0.6782444303910079
GRIK5,-0.6542316666666668,0.09163160355306217,GRIK5,-0.6790628419512056
G6PC3,-0.7868816666666671,0.13510986442262737,G6PC3,-0.6840464165102751
NTC_779,-1.1685150000000004,0.2586751735282048,NTC,-0.6862048843567382
GOT1,-0.7225816666666669,0.11220196353436185,GOT1,-0.6864522530122941
NTC_1762,-0.9189149999999999,0.1789836519266249,NTC,-0.6866010066593986
NTC_1703,-1.2719150000000006,0.28752347491665564,NTC,-0.6885215387674971
NPSR1,-1.044581666666667,0.21739130434782605,NPSR1,-0.692304680414325
PDF,-0.6980483333333332,0.10108621049804542,PDF,-0.6947731491231629
NTC_937,-1.566715,0.36010501315221366,NTC,-0.6949490770219329
HSD17B7,-1.052581666666667,0.21739130434782605,HSD17B7,-0.6976067430677776
GLUD1,-0.7024483333333336,0.10108621049804542,GLUD1,-0.6991525046923458
NTC_708,-0.6936150000000001,0.0974809293134194,NTC,-0.7013004894844622
NTC_1933,-1.4138150000000003,0.3184673930827593,NTC,-0.7025741954191772
NTC_881,-1.0687483333333334,0.2192725592713909,NTC,-0.7043219464438671
NTC_184,-0.7793816666666669,0.12313083950837048,NTC,-0.7089514078987958
EARS2,-0.7469816666666669,0.11220196353436185,EARS2,-0.7096322418580762
PADI1,-0.7704316666666668,0.11968209443665263,PADI1,-0.7103155149002663
CAMKK1,-0.6732150000000001,0.08721016979499269,CAMKK1,-0.7132260981994538
NTC_1149,-0.7881483333333337,0.12313083950837048,NTC,-0.7169258585969941
NTC_1785,-0.7816816666666668,0.11917306592012594,NTC,-0.7221346327885888
NTC_773,-1.3917816666666665,0.3027325543237831,NTC,-0.7222523954995836
NTC_1406,-0.8324483333333335,0.13562154156307774,NTC,-0.722291547092105
FGG,-1.2382816666666667,0.26086956521739124,FGG,-0.7226321870864496
NTC_585,-1.0576483333333335,0.20714904818668411,NTC,-0.7231322067252344
NMT2,-1.0926816666666668,0.21739130434782605,NMT2,-0.7241833321182086
AASS,-0.8331816666666667,0.13510986442262737,AASS,-0.7242956057163082
CKMT2,-0.6847816666666666,0.08721016979499269,CKMT2,-0.7254802050387849
EGFR,-0.7218816666666668,0.09817671809256662,EGFR,-0.7276505766697895
CDKN2B,-0.5100150000000003,0.03645071767479335,CDKN2B,-0.7335514718125927
NTC_902,-0.8753150000000003,0.14447783177133525,NTC,-0.735438599132329
ALDH1B1,-1.1051316666666666,0.21598877980364653,ALDH1B1,-0.7355411671885402
DSTN,-0.6807483333333335,0.08288323237146011,DSTN,-0.7362520051533784
NTC_1219,-1.0785483333333332,0.20714904818668411,NTC,-0.737421893234667
GNPDA1,-1.114881666666667,0.21739130434782605,GNPDA1,-0.7388965559815397
NTC_1844,-1.312081666666667,0.2728385659706112,NTC,-0.7401377128994239
NTC_1860,-0.8772150000000003,0.13999581052938231,NTC,-0.7490406957894362
S100A1,-0.6660816666666667,0.07466205126674823,S100A1,-0.7506074850718996
PPIC,-0.7287483333333336,0.09168631195726776,PPIC,-0.7562188633844569
NTC_1608,-1.3232816666666671,0.2656918864313077,NTC,-0.7617096526810434
DUSP2,-1.3058816666666668,0.26086956521739124,DUSP2,-0.7620819642753047
NTC_1638,-1.4715816666666666,0.3027325543237831,NTC,-0.7636638773011115
GRID1,-0.6702483333333331,0.07076780758556891,GRID1,-0.7708956775200625
PPAP2C,-1.092781666666667,0.19565217391304346,PPAP2C,-0.7742525546987558
NTC_673,-1.5053150000000002,0.3027325543237831,NTC,-0.7811694828078561
NTC_1226,-0.9610150000000004,0.15377072840829212,NTC,-0.7814265984757324
NTC_735,-0.9185816666666671,0.13999581052938231,NTC,-0.7843630703298735
NTC_969,-1.3939149999999996,0.2728385659706112,NTC,-0.7862994250176499
NTC_770,-1.143548333333334,0.2012730106544035,NTC,-0.7961548821182807
NTC_482,-0.8007816666666667,0.10085945052639704,NTC,-0.797805483261539
NTC_8,-0.8252483333333334,0.10433062071164628,NTC,-0.8100540333230235
NTC_767,-1.7872483333333335,0.3515151262406778,NTC,-0.8115107968504197
EGLN2,-0.9480483333333336,0.13902897556026378,EGLN2,-0.8123775706937869
HPN,-0.9580483333333334,0.13902897556026378,HPN,-0.8209465174671803
ACAT1,-0.647481666666667,0.05329593267882187,ACAT1,-0.8244422478275895
KLK6,-1.2485816666666667,0.21739130434782605,KLK6,-0.8275072780773659
CACNG1,-1.2500816666666668,0.21739130434782605,CACNG1,-0.8285014148248884
MAPK8IP2,-0.8225816666666665,0.09817671809256662,MAPK8IP2,-0.8291553196964365
NTC_402,-1.3078483333333335,0.23189727425853268,NTC,-0.8300970342436
PVR,-1.2559816666666668,0.21739130434782605,PVR,-0.8324116860318096
NTC_1588,-1.1343483333333333,0.18437590589369712,NTC,-0.8329472541720927
NTC_1170,-1.6831150000000006,0.3184673930827593,NTC,-0.8363987982324056
CTDSPL,-0.6320483333333338,0.04720837933812777,CTDSPL,-0.8380840233288356
NTC_899,-1.1554150000000003,0.18437590589369712,NTC,-0.8484164197175608
NTC_1168,-1.291281666666667,0.2192725592713909,NTC,-0.8509749100963411
CLPS,-1.1221816666666669,0.17391304347826086,CLPS,-0.8524853280668843
NTC_1136,-1.3990816666666668,0.24502962432206343,NTC,-0.8545330672405316
GSK3A,-0.8746316666666669,0.10518934081346423,GSK3A,-0.8554144927411655
NTC_438,-0.9704483333333334,0.13135359499575763,NTC,-0.8555065273340124
SNRPA,-1.1265816666666668,0.17391304347826086,SNRPA,-0.8558278665835186
NTC_1491,-1.521881666666667,0.2728385659706112,NTC,-0.8584846848228934
TPD52L3,-1.1321816666666666,0.17391304347826086,TPD52L3,-0.8600820065137804
NTC_653,-1.2189483333333333,0.1955194972403641,NTC,-0.864002680608438
NTC_1799,-0.9986150000000003,0.13562154156307774,NTC,-0.8664695986730497
PDXK,-1.3114816666666667,0.21739130434782605,PDXK,-0.8691947456901369
KCNK6,-0.7728816666666669,0.07466205126674823,KCNK6,-0.8709604138754432
KCNQ1,-0.8413150000000005,0.09168631195726776,KCNQ1,-0.8730287864099785
NTC_491,-0.8412483333333334,0.09099551181146143,NTC,-0.8757227135362032
DGKQ,-0.7190816666666666,0.05989078213124048,DGKQ,-0.8791780199353529
NTC_1086,-1.3620816666666673,0.2255218446376277,NTC,-0.8810099290892703
NTC_1776,-1.2280150000000003,0.1898874846650891,NTC,-0.8860173149813988
IDE,-1.337281666666667,0.21739130434782605,IDE,-0.8862938977475218
NTC_1365,-1.1312150000000003,0.16351115716206643,NTC,-0.8896469869206988
PTPMT1,-1.258581666666667,0.19565217391304346,PTPMT1,-0.8917243951265206
NTC_579,-0.8010150000000003,0.07629220917666418,NTC,-0.8951501299287549
NTC_985,-1.3410149999999998,0.21314858758001587,NTC,-0.9002468920310182
NTC_918,-1.2498483333333337,0.1898874846650891,NTC,-0.9017701448548888
HK1,-0.7736816666666668,0.06700784816925785,HK1,-0.9082050468450993
VKORC1L1,-1.0795316666666668,0.14305750350631133,VKORC1L1,-0.9116530042211052
CA5B,-0.9614316666666667,0.11220196353436185,CA5B,-0.9133596438243862
NTC_387,-0.8916150000000005,0.09419347814655565,NTC,-0.9147784143082107
NTC_962,-1.1691816666666666,0.16351115716206643,NTC,-0.919505970936489
FOLH1,-1.389081666666667,0.21739130434782605,FOLH1,-0.9206247534286273
MAP4K2,-1.3014816666666669,0.19565217391304346,MAP4K2,-0.9221197024507131
NTC_1235,-1.1590483333333335,0.15377072840829212,NTC,-0.9424527157074897
NTC_321,-0.8464483333333337,0.07629220917666418,NTC,-0.9459227799246099
PFKL,-0.9739483333333336,0.10602488735042226,PFKL,-0.9492024296811853
F3,-0.7561150000000001,0.05329593267882187,F3,-0.962765715708024
NTC_328,-1.1692483333333337,0.14906901107957235,NTC,-0.9665154395012681
NTC_647,-1.1562483333333333,0.14447783177133525,NTC,-0.9714784443494703
CCKAR,-0.8553316666666666,0.0729312762973352,CCKAR,-0.9725858228006871
NTC_949,-1.5063150000000005,0.2255218446376277,NTC,-0.9743016911634795
PTPRS,-0.8864816666666668,0.07900888265544646,PTPRS,-0.9771900876078389
NTC_1352,-1.0758816666666668,0.12313083950837048,NTC,-0.9786576396876621
ARSA,-1.3068816666666667,0.17391304347826086,ARSA,-0.9927959789810589
HCRT,-1.8411283333333335,0.287144519709946,HCRT,-0.9977064643916399
NPR3,-1.540781666666667,0.21739130434782605,NPR3,-1.021165116494722
NTC_1201,-1.5807483333333334,0.2255218446376277,NTC,-1.0224460185754758
NTC_1552,-1.197615,0.13999581052938231,NTC,-1.022625437193693
PLEKHA1,-0.7753816666666669,0.04720837933812777,PLEKHA1,-1.0281412868985513
TAOK2,-1.359581666666667,0.17391304347826086,TAOK2,-1.0328304743962027
NDUFB1,-1.3639816666666669,0.17391304347826086,NDUFB1,-1.036173012912837
CDKN3,-1.3642816666666666,0.17391304347826086,CDKN3,-1.0364009132662437
RPS6KA1,-0.9055816666666672,0.07076780758556891,RPS6KA1,-1.0415676664242577
NTC_1662,-0.9869816666666666,0.08788544025117526,NTC,-1.0423346259882598
NTC_1528,-1.5090149999999996,0.2012730106544035,NTC,-1.0505980590586168
NTC_1272,-0.8813483333333332,0.06358705943077098,NTC,-1.0546489652075486
IFNGR2,-0.8302150000000001,0.05329593267882187,IFNGR2,-1.0571176853607416
PPIG,-1.2182316666666673,0.13510986442262737,PPIG,-1.0590245539621668
MAST1,-1.0499483333333337,0.09631165885828534,MAST1,-1.067084683766178
NTC_1049,-0.8374816666666665,0.05268284938865627,NTC,-1.0705785619987045
HTR6,-1.032381666666667,0.09163160355306217,HTR6,-1.0715654167534776
NTC_874,-1.4451483333333333,0.1789836519266249,NTC,-1.0797955201937273
NTC_557,-0.9049483333333332,0.06358705943077098,NTC,-1.0828894629058459
PRKCZ,-0.8024816666666668,0.04434364835427172,PRKCZ,-1.0858929760457257
NTC_1899,-0.923581666666667,0.06597775951184201,NTC,-1.0903827658936593
MGST1,-1.468065,0.17825490137566768,MGST1,-1.0995197893094328
PPIA,-1.028415,0.08288323237146011,PPIA,-1.1122650894674413
SLC29A1,-0.8933816666666663,0.05653367550953418,SLC29A1,-1.1146658536553482
LIPA,-0.7607483333333336,0.03404852138103906,LIPA,-1.1167038047653417
NTC_1837,-0.9261483333333336,0.06126837972576061,NTC,-1.1231989911833176
NTC_1279,-1.0948150000000003,0.09419347814655565,NTC,-1.1232573808884367
CERKL,-0.8914150000000001,0.05329593267882187,CERKL,-1.1350440084747269
NTC_99,-0.9510483333333337,0.06358705943077098,NTC,-1.1380541639181985
CDC25C,-1.5065816666666667,0.17391304347826086,CDC25C,-1.144501647565578
TLR2,-1.8121816666666668,0.23259526722568707,TLR2,-1.1478342845506873
PDXP,-0.9026483333333333,0.05329593267882187,PDXP,-1.1493474784580673
NME6,-1.0432816666666669,0.07900888265544646,NME6,-1.1500345033452306
NTC_695,-1.5952150000000007,0.1898874846650891,NTC,-1.1509534583193628
NTC_739,-1.0758816666666668,0.08486166997753507,NTC,-1.1525795773341778
MCFD2,-1.7469816666666669,0.21739130434782605,MCFD2,-1.1578257813874626
WNK1,-0.8756816666666667,0.04720837933812777,WNK1,-1.1611371720337313
NTC_114,-1.7353816666666664,0.21314858758001587,NTC,-1.164992152887384
NTC_1457,-1.3243816666666668,0.13135359499575763,NTC,-1.1675193017469572
NTC_1952,-1.6787149999999997,0.2012730106544035,NTC,-1.168745652437243
NTC_1864,-1.4953483333333335,0.16351115716206643,NTC,-1.1760205965681931
NTC_35,-1.4521483333333334,0.15377072840829212,NTC,-1.1807800425579935
NTC_1308,-0.949281666666667,0.05684085800750737,NTC,-1.1821778375225382
NTC_659,-0.8275483333333338,0.036986175366317486,NTC,-1.1850165876558503
NTC_627,-0.8499483333333335,0.04007861875001354,NTC,-1.1874519832253867
NTC_305,-1.8713149999999998,0.23189727425853268,NTC,-1.187731782076333
NTC_971,-1.3551816666666665,0.13135359499575763,NTC,-1.1946712892735685
INPP5J,-1.2971316666666663,0.11968209443665263,INPP5J,-1.1959175454043385
NTC_49,-1.425481666666667,0.14447783177133525,NTC,-1.1976879637869233
GNAT1,-0.8174150000000002,0.03404852138103906,GNAT1,-1.1998849035562726
CD33,-1.5857816666666669,0.17391304347826086,CD33,-1.204667340864997
NAGS,-0.8904816666666668,0.04434364835427172,NAGS,-1.2049718109416723
NTC_343,-0.9832150000000002,0.05902016213157248,NTC,-1.2083708434877465
ATP8A1,-0.7911150000000002,0.02955745874488974,ATP8A1,-1.2098782034436069
SPTBN1,-1.4832816666666668,0.15217391304347827,SPTBN1,-1.2128197785506178
EPN1,-0.9374150000000003,0.05019247411297782,EPN1,-1.2180408633366469
SERPINA5,-1.007981666666667,0.061711079943899017,SERPINA5,-1.2192917715169589
NTC_1056,-1.529281666666667,0.1585843361106538,NTC,-1.2230272790168115
NDUFC2,-1.500781666666667,0.15217391304347827,NDUFC2,-1.2271288249047958
ABCE1,-1.6164816666666668,0.17391304347826086,ABCE1,-1.2279891436969685
MAP4K3,-1.6306816666666666,0.17391304347826086,MAP4K3,-1.238776427091561
NTC_1834,-1.452415000000001,0.13999581052938231,NTC,-1.2401953251768543
NTC_1872,-1.5392483333333329,0.15377072840829212,NTC,-1.2516033457605824
SMG1,-0.8884816666666666,0.03897227775954164,SMG1,-1.2520876451950513
ODC1,-1.0368816666666667,0.061711079943899017,ODC1,-1.2542502765792265
ACVR1,-1.6513816666666667,0.17391304347826086,ACVR1,-1.2545015514766367
NTC_400,-1.4239149999999998,0.13135359499575763,NTC,-1.2552637116543832
NTC_1459,-1.8157483333333342,0.2012730106544035,NTC,-1.2641502402155842
NTC_1129,-1.5308483333333338,0.14906901107957235,NTC,-1.2654185663736535
PACSIN1,-0.9999150000000003,0.05329593267882187,PACSIN1,-1.2731977022307308
ADRB3,-0.9663816666666667,0.04720837933812777,ADRB3,-1.2814036404461029
PIP4K2A,-1.0960816666666668,0.06732117812061711,PIP4K2A,-1.2844414294978868
NTC_269,-1.3726483333333335,0.11531568876485654,NTC,-1.2876973278925357
DDR1,-0.8776483333333329,0.03404852138103906,DDR1,-1.28830151856522
ATM,-1.284231666666667,0.09817671809256662,ATM,-1.2944945909799692
CYP4A11,-1.8373816666666667,0.19565217391304346,CYP4A11,-1.3018130636403342
NTC_1042,-1.6884150000000002,0.16855248337352358,NTC,-1.3055919622642538
NTC_115,-1.437681666666667,0.12313083950837048,NTC,-1.3077629167912435
MAPK14,-1.1540316666666668,0.0729312762973352,MAPK14,-1.312233466623725
NQO2,-1.7037816666666672,0.16877045348293593,NQO2,-1.316518197913761
NTC_1512,-1.0738483333333335,0.05902016213157248,NTC,-1.3197591740645847
NTC_1150,-1.1983483333333333,0.0790666504034117,NTC,-1.3205878435634815
NTC_1895,-1.3281150000000002,0.10085945052639704,NTC,-1.323178930672196
NTC_183,-1.731848333333333,0.16855248337352358,NTC,-1.3391774320061973
MAGI2,-1.0067816666666667,0.04675081813931744,MAGI2,-1.3392318307088973
GSTK1,-1.7641816666666668,0.17391304347826086,GSTK1,-1.340192084357627
NTC_425,-1.773348333333334,0.17370957359720418,NTC,-1.348057278472012
DUT,-1.776081666666667,0.17391304347826086,DUT,-1.3492321317094338
NTC_1954,-1.1136816666666671,0.06126837972576061,NTC,-1.3506325925105833
DCTD,-1.2287316666666668,0.07900888265544646,DCTD,-1.3544605039734146
NTC_853,-1.3902483333333333,0.10085945052639704,NTC,-1.3850813393936536
TMPRSS15,-1.8259816666666666,0.17391304347826086,TMPRSS15,-1.387139557159446
CDK19,-2.7774816666666657,0.3160355306217859,CDK19,-1.389474334661233
NTC_1663,-0.9178816666666669,0.030131007783660336,NTC,-1.396085478896901
ROCK2,-1.713981666666667,0.15217391304347827,ROCK2,-1.401453892488268
ABO,-1.021648333333333,0.04159828116140968,ABO,-1.4108193303782228
TYK2,-1.726181666666667,0.15217391304347827,TYK2,-1.4114293419466093
NTC_262,-1.7290483333333337,0.14906901107957235,NTC,-1.4292531895653204
NTC_1848,-1.1736150000000005,0.05902016213157248,NTC,-1.4423723676712334
NTC_1710,-0.9263483333333331,0.02771176156279807,NTC,-1.4426354842779845
NTC_340,-1.338781666666667,0.0819226054474877,NTC,-1.4547151304663342
NTC_163,-1.8017150000000004,0.15377072840829212,NTC,-1.46502190275147
NTC_315,-1.8098483333333337,0.15377072840829212,NTC,-1.4716353302223586
NTC_1241,-0.9692149999999999,0.030131007783660336,NTC,-1.474162777804393
ACHE,-0.9465150000000004,0.027468592402494704,ACHE,-1.4776647600717805
PRKACG,-1.2234316666666667,0.061711079943899017,PRKACG,-1.4799080315745938
STK32B,-1.543081666666667,0.10869565217391304,STK32B,-1.4872033269334253
NTC_1356,-1.7704150000000005,0.14447783177133525,NTC,-1.487500531217747
NTC_129,-1.6998483333333334,0.13135359499575763,NTC,-1.498514959214221
NTC_1182,-1.8830816666666668,0.1585843361106538,NTC,-1.5059751889720177
NTC_1062,-2.0179149999999995,0.1789836519266249,NTC,-1.5077591184746142
NTC_860,-1.7169150000000009,0.13135359499575763,NTC,-1.5135602163718247
MARK3,-1.1188483333333334,0.04434364835427172,MARK3,-1.5139904086205087
NTC_984,-1.4780150000000003,0.09419347814655565,NTC,-1.5164125973920914
ENPP3,-0.9831150000000004,0.027468592402494704,ENPP3,-1.5348033476468608
NTC_1942,-1.407981666666667,0.0790666504034117,NTC,-1.5516051729201585
HK2,-1.0364150000000005,0.03175076840440452,HK2,-1.5528043791727113
PDE8A,-1.327381666666667,0.06732117812061711,PDE8A,-1.55548993954765
NTC_1243,-2.129548333333333,0.18437590589369712,NTC,-1.5637184670288724
NTC_1104,-1.190015,0.045126935839927856,NTC,-1.601241527281464
PAICS,-1.2079316666666664,0.04675081813931744,PAICS,-1.6068037300254598
BRDT,-1.1011816666666665,0.033660589060308554,BRDT,-1.6219065681314377
ETNK1,-1.6858816666666667,0.10869565217391304,ETNK1,-1.6248322286783703
NTC_1376,-1.503381666666667,0.0819226054474877,NTC,-1.6335688722201616
RPIA,-1.8480816666666666,0.13043478260869565,RPIA,-1.6348252051093815
SPHKAP,-1.0932816666666672,0.03175076840440452,SPHKAP,-1.6380046213816282
NTC_431,-1.433081666666667,0.070981496003698,NTC,-1.6464028256546963
LALBA,-2.355781666666666,0.1963534361851332,LALBA,-1.665446927013505
NTC_1563,-1.513881666666667,0.07629220917666418,NTC,-1.6917927512136808
NTC_1415,-1.3077483333333333,0.05070110408218685,NTC,-1.6935113149265515
NTC_621,-1.3671483333333334,0.05684085800750737,NTC,-1.7025636510475903
GP9,-1.798781666666667,0.10869565217391304,GP9,-1.7336438743856837
NTC_107,-1.5830483333333338,0.0790666504034117,NTC,-1.7445298054183724
NTC_224,-1.654215,0.08788544025117526,NTC,-1.7469884513179095
NTC_1109,-1.3864816666666673,0.054728929287313065,NTC,-1.7494390637499018
ACSL1,-1.830581666666667,0.10869565217391304,ACSL1,-1.7642923272952724
TPK1,-1.8651316666666669,0.11220196353436185,TPK1,-1.7718742307068978
PPFIA2,-1.1644483333333338,0.02955745874488974,PPFIA2,-1.7808291557311335
NTC_40,-1.765515,0.0974809293134194,NTC,-1.7850775050887886
STK11IP,-1.8632816666666667,0.10869565217391304,STK11IP,-1.7958081892494717
NTC_1951,-1.5768816666666667,0.070981496003698,NTC,-1.811608153331401
NTC_1644,-1.4495150000000006,0.054728929287313065,NTC,-1.8289734552264345
NTC_166,-1.8810816666666665,0.10433062071164628,NTC,-1.846447583769728
NTC_1961,-2.110148333333334,0.13135359499575763,NTC,-1.8602182216222962
NTC_1672,-1.4395149999999999,0.05070110408218685,NTC,-1.8641468533113492
NTC_582,-1.2149150000000002,0.028899597946176057,NTC,-1.8698856377649635
DAPK3,-1.794781666666667,0.08695652173913043,DAPK3,-1.9037210377395897
NTC_1661,-1.6660483333333336,0.070981496003698,NTC,-1.9140477109427099
HNMT,-2.1700816666666665,0.13043478260869565,HNMT,-1.9196685242873148
NTC_672,-1.7303483333333334,0.07629220917666418,NTC,-1.9336985392350172
ABAT,-1.1646150000000002,0.02179881233027961,ABAT,-1.9350860467981226
HBA1,-1.1683150000000004,0.02179881233027961,HBA1,-1.941233845317937
NTC_190,-1.3698150000000002,0.036986175366317486,NTC,-1.9615210757314856
NTC_1902,-1.4552150000000001,0.04338766183267796,NTC,-1.9829250775007394
NTC_198,-1.8299150000000004,0.0819226054474877,NTC,-1.9883787657439551
DCLK2,-2.7215816666666663,0.17765310892940625,DCLK2,-2.0423488769057805
NTC_643,-1.7700150000000001,0.06844204686844685,NTC,-2.061495779038155
NTC_999,-1.7189483333333333,0.05902016213157248,NTC,-2.112586817188362
NTC_354,-1.7155150000000006,0.05684085800750737,NTC,-2.136398378005977
NTC_214,-1.3579816666666666,0.025461909005551182,NTC,-2.164770848612824
NTC_1230,-1.5723816666666666,0.04170536417096981,NTC,-2.16958493196328
NTC_465,-1.7273150000000002,0.054728929287313065,NTC,-2.1794967860383974
SLC13A2,-1.4966816666666667,0.033660589060308554,SLC13A2,-2.204429931090911
EGLN1,-1.7498149999999997,0.05019247411297782,EGLN1,-2.2736420617116364
NTC_1855,-1.5570483333333336,0.03272957398220172,NTC,-2.3123096491345194
NTC_1793,-1.7059483333333334,0.04338766183267796,NTC,-2.3245827806112893
NTC_299,-1.773348333333334,0.04878219232028562,NTC,-2.3261696125113183
F5,-2.4525316666666663,0.11220196353436185,F5,-2.3299039621828155
NTC_1890,-1.5567483333333338,0.028899597946176057,NTC,-2.396004123839565
COX6A2,-2.079481666666667,0.06521739130434782,COX6A2,-2.4655095251217185
CA1,-2.0831816666666665,0.06521739130434782,CA1,-2.4698963804564764
NTC_660,-1.5147816666666667,0.023371863487551704,NTC,-2.4710734197947475
NTC_30,-1.1710150000000004,0.007743643240367329,NTC,-2.4720766770662292
SCGB1A1,-2.1026816666666672,0.06521739130434782,SCGB1A1,-2.493016293707235
DGKB,-1.6515816666666667,0.02992052360916316,DGKB,-2.517061346201687
PFKFB1,-1.8437816666666669,0.037868162692847124,PFKFB1,-2.6213519018121585
ALPL,-1.4247816666666668,0.011712571991286447,ALPL,-2.7517488329694966
PDE3B,-2.3586816666666666,0.06521739130434782,PDE3B,-2.7965392574094836
NTC_1949,-1.8688150000000003,0.028899597946176057,NTC,-2.8763084891862647
GCA,-2.1257816666666667,0.043478260869565216,GCA,-2.894736068795872
NTC_1363,-1.7574483333333333,0.020516314955451958,NTC,-2.966398170992826
NTC_863,-2.126781666666667,0.04007861875001354,NTC,-2.97129955895836
ACADS,-2.4525483333333336,0.05989078213124048,ACADS,-2.998583731790896
NTC_1680,-1.691515,0.01570474374601161,NTC,-3.0514408692891446
GLDC,-2.290281666666667,0.043478260869565216,GLDC,-3.1187402978207666
NTC_448,-1.6211816666666665,0.011915311170832561,NTC,-3.1189826727278818
RAF1,-2.2912816666666664,0.043478260869565216,RAF1,-3.120102025656783
NTC_925,-2.0955483333333333,0.03140724243175525,NTC,-3.1495466833136216
CALY,-1.7114816666666666,0.010593536450717677,CALY,-3.380106180362351
PCSK2,-1.849081666666667,0.014025245441795231,PCSK2,-3.426513876341038
AKAP11,-2.517081666666667,0.043478260869565216,AKAP11,-3.427580171029556
NTC_456,-2.4614483333333332,0.04007861875001354,NTC,-3.4388580933627204
CDK4,-1.9702483333333334,0.01696457879502253,CDK4,-3.4882397934329035
NTC_222,-2.1470816666666668,0.023371863487551704,NTC,-3.5025486202930938
NEK6,-1.8304816666666668,0.01168770453482936,NEK6,-3.5369862303197923
L3MBTL1,-1.4601483333333334,0.0035361523081973087,L3MBTL1,-3.5795084292384196
CA8,-1.937331666666667,0.014025245441795231,CA8,-3.5900490273504646
GAPDH,-2.7427816666666667,0.043478260869565216,GAPDH,-3.7349221436187268
NTC_821,-2.654581666666666,0.03272957398220172,NTC,-3.942212114320317
GABRR3,-2.9147816666666664,0.043478260869565216,GABRR3,-3.969139331413752
TESK2,-1.6901150000000003,0.0035361523081973087,TESK2,-4.143264592215375
TRAF3IP3,-3.1211816666666667,0.043478260869565216,TRAF3IP3,-4.2501999567677835
NTC_9,-1.945515,0.0051905592293614265,NTC,-4.445085140760297
PPAP2A,-3.360081666666667,0.043478260869565216,PPAP2A,-4.575516736792387
ENPP1,-2.658481666666667,0.014025245441795231,ENPP1,-4.926404541803137
TYR,-2.2253316666666665,0.002805049088359046,TYR,-5.6791788966468815
GUCY2C,-3.751381666666666,0.021739130434782608,GUCY2C,-6.237639245876675
CD247,-2.5849149999999996,0.0030437766703470506,CD247,-6.505164043512981
F2,-3.9376816666666663,0.021739130434782608,F2,-6.547411029918953
GABRE,-4.632481666666666,0.021739130434782608,GABRE,-7.70269517137131
GSK3B,-5.164681666666667,0.021739130434782608,GSK3B,-8.587614889392245
