	differentiation	differentiation	differentiation	differentiation	lower	lower	lower	lower	upper	upper	upper	upper	upper_vs_lower	upper_vs_lower	upper_vs_lower	upper_vs_lower
	Rep1	Rep1	Rep1	Rep1	Rep1	Rep1	Rep1	Rep1	Rep1	Rep1	Rep1	Rep1	Rep1	Rep1	Rep1	Rep1
	Mann-Whitney p-value	average phenotype of strongest 3	sgRNA count_MW	sgRNA count_avg	Mann-Whitney p-value	average phenotype of strongest 3	sgRNA count_MW	sgRNA count_avg	Mann-Whitney p-value	average phenotype of strongest 3	sgRNA count_MW	sgRNA count_avg	Mann-Whitney p-value	average phenotype of strongest 3	sgRNA count_MW	sgRNA count_avg
gene																
AADACL2	0.17966110967786508	-7.736502665871058	4	4	0.7172975569028444	-0.4813940282865268	1	1	0.634985296512836	0.8238972829265219	2	2	0.1510564044067528	2.7779370237742267	1	1
AADAT	0.31495831564176435	-0.8103619784820374	5	5	0.968928919342471	11.04480616163516	5	5	0.4734211612804661	-6.409089996946048	4	4	0.2614889143752971	-15.746464093703354	4	4
AAK1	0.08093185751056277	1.9500728420172777	5	5	0.6873156375072493	2.2507665499051916	5	5	0.9714778256351019	-2.5883247278051345	5	5	0.8170453009277164	-2.0126577883833043	4	4
AANAT	0.6385193141827058	-8.445878504279326	5	5	0.8882978938943152	5.569347891791562	3	3	0.76888768244667	0.2019501775563762	3	3	0.9679675506516953	-3.765485218414084	2	2
AARS			0	0			0	0			0	0			0	0
AARS2	0.3360931159693231	-7.1587170851078445	4	4	0.4511476761767489	9.402216813286682	1	1	0.12402452153152456	5.820973160996233	2	2	0.8283248036226699	-4.103898986358104	2	2
AASS	0.6519148178577222	-6.304020534802649	5	5	0.8441079932691453	3.257721624814684	3	3	0.3520268998704098	0.9566597737916128	4	4	0.4101670005354886	-1.6789079939410172	3	3
AATK	0.9132920403032543	-6.46345132428107	5	5	0.9574341219700276	4.970633114103378	4	4	0.5184887870266476	-3.069551304946319	4	4	0.7663400909455875	-4.432646703654311	2	2
ABAT	0.3683026545808209	-1.7208587233226915	10	10	0.085441883498772	9.68590334020047	9	9	0.5517589318443081	-10.754218656673194	9	9	0.27793649039738066	-7.934244804235267	6	6
ABCC2	0.4330475902276022	-2.406290209427032	5	5	0.3104243728495618	9.325405062013196	2	2	0.6995687521740319	0.5887325050629073	1	1	0.34737875868023205	-9.117939626888697	2	2
ABCC8	0.9677393280591112	-3.0790383935972137	5	5	0.8804356894793568	3.338794842211794	4	4	0.9751334888782764	-1.7888213244580446	4	4	0.9146227418967077	-5.178108606105014	4	4
ABCC9	0.30166375944226953	-8.479447574001043	5	5	0.51095919398674	5.965927404119131	3	3	0.23373783717869356	3.747513578961041	3	3	0.8959888013798673	-2.060098226884507	3	3
ABCE1	0.3474494805304691	1.3410884867688007	3	3	0.5762179454301578	-0.742862457545999	2	2	0.9143101396284091	-3.486963997424122	2	2	0.12676783142241782	2.9247040278475644	1	1
ABCG1	0.4312244042766943	-3.8783039781624886	5	5	0.544169601042237	11.294156993600671	4	4	0.2415489981495571	3.431443615993515	4	4	0.7735205110925591	-7.815773925552016	4	4
ABL1	0.658655219218065	-1.9109046172066018	5	5	0.41336568607601687	13.114340413852075	5	5	0.3451572999726943	-8.555367677760819	4	4	0.13337240979269685	-19.1542383724871	4	4
ABL2	0.6741779552583458	-7.621357773066628	10	10	0.0580491303599756	1.161090065426693	7	7	0.791037566990791	-3.0742794481550253	8	8	0.059518904482867625	-3.626829290462475	7	7
ABO	0.6520487777239974	-9.658186506881508	10	10	0.4917323348562713	10.541684014936564	7	7	0.09993002248459801	4.162458632132911	10	10	0.6249986819936313	-9.007166544889671	9	9
ACACA	0.596461338685674	-2.4612897399429206	2	2	0.5375629227149763	9.267752152298502	1	1	0.28553710900058427	-9.609806301822237	1	1	0.16445942242404576	-18.719242855847156	1	1
ACACB	0.7720303420692891	-7.41168668980912	10	10	0.28201542909520005	8.369049244581385	8	8	0.025861085942513816	-9.978762605656485	7	7	0.328979664361046	-12.396373872801197	4	4
ACAD8	0.796238686445729	-5.14204013418271	5	5	0.16866955242440906	-1.242129858850366	3	3	0.4527416801848736	3.137936917853368	5	5	0.016994668148383563	2.579770821663857	4	4
ACADS	0.8425318555109911	-1.7742285519416683	4	4	0.03827739578683361	12.796152770019631	4	4	0.4410869463680115	0.1625082246383279	4	4	0.13483850080849313	-12.570974818591894	4	4
ACADSB	0.8179220033841036	-5.326693921431429	5	5	0.07676469029104925	10.52831554721977	3	3	0.4424382529993408	-5.762260553507013	3	3	0.02292368297956147	-16.132260502453196	3	3
ACAN	0.32098872758613173	-8.348745459788764	5	5	0.46515576062352537	6.433114083537904	3	3	0.9747526697951306	-3.3845153204549128	2	2	0.6820945368121456	-8.992469147875829	2	2
ACAT1	0.5399564771635108	-2.148116687112178	5	5	0.7821079573131526	3.023360808810915	4	4	0.5127365733454055	-1.6452337421676086	4	4	0.28372586387635934	-1.140103205422473	3	3
ACAT2	0.9826255065052809	-3.8237627927443456	5	5	0.531361845536493	5.061881221609792	4	4	0.12833514248344893	-6.813331360388502	3	3	0.5362947692730948	-9.266966139833414	2	2
ACCS	0.9281118048858265	-2.543827974689905	5	5	0.531361845536493	6.436742745465054	4	4	0.8551349242950246	-4.577830767659136	4	4	0.9478833410736787	-7.856687387172559	3	3
ACE	0.033316776519987906	-4.109479696296987	10	10	0.2937924051390467	11.71531249616801	9	9	0.9756540071521708	-4.194023284215988	10	10	0.4565074082352919	-8.922433257523135	8	8
ACE2	0.873933557973914	-7.958562292423246	5	5	0.6091632486488154	4.794568965038268	3	3	0.45478430734899733	-3.8778733104364975	3	3	0.29446852463267126	-10.34982820949026	1	1
ACHE	0.7570740684601178	-4.989148842866423	10	10	0.5506965586058419	13.594679390385132	9	9	0.5557578559897689	-9.379973727786355	8	8	0.27569348742988853	-17.026633459105028	7	7
ACOT13	0.42037863746455084	-1.6085951601841242	5	5	0.5968850098355618	9.301971800765097	4	4	0.4202528969014685	-6.212360583086563	4	4	0.17395866300991503	-11.963618807502579	3	3
ACOX1	0.6385193141827058	-1.9949551683203548	5	5	0.7000975714835349	12.634811065347348	5	5	0.21083350165903247	-9.03107497670659	4	4	0.028072903917628345	-15.743043830961417	3	3
ACP1	0.3593493008586295	-0.8211800972615991	4	4	0.7149683940145535	5.948391973950602	3	3	0.7298092230405315	-2.75136487532608	3	3	0.4101670005354886	-8.541441251003102	3	3
ACP2	0.510087515498811	-5.5102199094417434	4	4	0.5552410132851231	4.838610259768108	3	3	0.35872597602841694	-5.001125076568911	2	2	0.9104736464053713	-8.218645528962917	2	2
ACP5	0.21922635057735262	-3.974665470920346	10	10	0.4855389112003845	15.804492058515406	10	10	0.4235123840134718	1.3152350383686244	9	9	0.7982248751916963	-15.782745774484395	10	10
ACP6	0.706591112613975	-2.490531914927034	5	5	0.16970231506403877	9.627877853190268	4	4	0.5127365733454055	-3.651017566496742	4	4	0.07366207176847364	-12.747833502559402	4	4
ACPP	0.5947320564768949	-5.424741431023339	5	5	0.05683018584747356	-1.7372074079816393	3	3	0.6464833221017146	-3.239257015249144	4	4	0.08136226093604486	2.4481119821555346	2	2
ACPT	0.49234556290117515	-7.999642160065425	4	4	0.09632196066064434	13.865149769068568	2	2	0.45131459036533306	4.498825728763509	2	2	0.3268512455657838	-9.473147848906175	3	3
ACSL1	0.7089048878151754	-1.0624134991922278	5	5	0.6495149198167876	4.440904842416745	5	5	0.5172694057571987	-3.713845609836751	5	5	0.8158285203497877	-3.425923347318724	2	2
ACSL3	0.48393449537870303	-1.616075985144372	5	5	0.3851007357897961	1.6640875996874438	4	4	0.09852606466405768	-9.175306144361134	4	4	0.7844784035957554	-8.054289758903238	1	1
ACSL4	0.9429565476279621	-4.424222612369181	5	5	0.33425458174009104	12.29151782150704	4	4	0.2852170096486085	4.172871084424615	5	5	0.600832625879296	-12.582914957386263	5	5
ACSS2	0.5115451476448174	-8.224750317177115	5	5	0.8529114166419892	5.226364335724162	3	3	0.046551960407658466	10.037086490982801	5	5	0.11189482153329385	-1.0951760392658862	5	5
ACTA1	0.4445098965370734	-9.031793322535458	10	10	0.9972922244427597	15.578534833764685	8	8	0.7623699218056076	3.735654062486708	8	8	0.6912582948946397	-19.4399036223578	7	7
ACTR2	0.12662916676606095	-9.470566383876752	5	5	0.90661939510372	7.786194279286483	2	2	0.9747526697951306	-0.10406011977633867	2	2	0.8732478202697368	-7.367601690521833	1	1
ACVR1	0.13617225857894616	-9.326510159614717	5	5	0.5032906715876146	-0.5963441747130744	2	2	0.5818549377811695	-4.418069048617424	2	2	0.23597275505870985	2.3544198605162663	1	1
ACVR1B	0.7353151878576605	-4.794451064102783	4	4	0.7984851849034864	4.531053268303638	2	2	0.6612646542662587	-3.0979433543255444	3	3	0.8408646898041267	-8.188900604696816	2	2
ACVR1C	0.2099302869161621	-8.934651044005731	5	5	0.585768495801301	6.0956070126814295	3	3	0.49948906399740156	0.7466122188210172	3	3	0.4721312575287234	-3.750036497291044	3	3
ACVR2A	0.3426850656797221	-5.909491534469981	5	5	0.13070404827038273	-1.4314536340454591	3	3	0.5070415521207191	3.218177821532803	5	5	0.013481143870562104	2.8179688588817395	3	3
ACVR2B	0.873933557973914	-5.050663556391396	5	5	0.7487826623978457	6.155994334462355	3	3	0.5127365733454055	3.430458584381011	4	4	0.9594980633084279	-5.455590577524485	4	4
ACVRL1	0.07879024968458276	-9.294157400430898	5	5	0.48585162938057114	9.04453197162958	2	2	0.14746855455587582	4.621342886723592	3	3	0.8343169373703494	-5.140696993204769	3	3
ACY1	0.7770952342274552	-5.127329633769623	5	5	0.6571523066131331	6.016321009779318	3	3	0.47893417805677974	1.3751830307949156	4	4	0.7053899464614647	-8.26984366731674	4	4
ACY3	0.9530991676245056	-3.9811864024703763	10	10	0.8284394640883563	9.586373243787213	6	6	0.9334387352730737	-3.7252342618978993	7	7	0.7858808682082163	-8.28553922934745	5	5
ACYP2	0.7298480599090271	-5.599107844588635	5	5	0.585768495801301	-0.027320279269738457	3	3	0.8406659733061108	-2.6189733681712286	3	3	0.43594688289199346	1.3981317195864609	2	2
ADAM33	0.14114747584819154	-0.9167162400141707	5	5	0.23739063242182845	5.171492619064591	5	5	0.0031541549628372975	-10.564334735302396	4	4	0.09169818378552001	-20.64557927957022	1	1
ADAMTS5	0.8446126894882864	-2.6299092587083135	5	5	0.1868253721323272	13.683351266237501	5	5	0.9398308330388704	-3.2432766929997214	5	5	0.15018878442626313	-13.047793534991575	4	4
ADC	0.3554942292779245	-4.638299368722184	5	5	0.6490481557326151	6.056825186272835	3	3	0.26752395380466343	-3.717883406872558	4	4	0.30787314950254463	-11.978946265132565	3	3
ADCK1	0.14114747584819154	0.6302739613185674	5	5	0.7851132742816158	9.615507380921384	5	5	0.14927057381833403	-9.624840370447897	5	5	0.12345510863444276	-19.0820321530957	4	4
ADCK2	0.796238686445729	-2.262444581487693	5	5	0.6873156375072493	7.8320289344257565	5	5	0.7839919419285195	-3.3761013036701155	5	5	0.7339331001497869	-4.481649765901612	3	3
ADCK3	0.9528643831895542	-5.262640987918663	5	5	0.7402807379176981	5.76441770266482	3	3	0.09132986707090514	7.116316744936305	5	5	0.45653844114365516	-4.841059520967504	5	5
ADCK4	0.8690335729624106	-5.1972734728861125	5	5	0.044883505087621074	-1.8185136015666838	3	3	0.2218154584556069	-6.27821087400346	3	3	0.11582216212918461	3.2901255125841296	1	1
ADCK5	0.8300299660958327	-4.127853948765028	5	5	0.6943011151394684	8.377231435498544	4	4	0.725001421612616	-3.164049771927742	4	4	0.46486056438592327	-8.65245348938758	2	2
ADH1B	0.039147534940472385	-8.635437106038747	5	5	0.12931924184002297	18.806274017765393	1	1	0.2397319779840591	9.210700323486899	1	1	0.5794599973297945	-8.690765456808254	2	2
ADH1C	0.2285972334382833	-4.258367470281203	5	5	0.49661958459110656	2.136316755235759	3	3	0.7143658371036914	-0.6105973646135837	3	3	0.8959888013798673	-2.588598521575761	3	3
ADH4	0.6379971054031058	-3.9318065904722332	4	4	0.37773454538502194	9.244328440397522	3	3	0.8811649947325965	-2.203464038343422	3	3	0.4328167340199195	-11.955931464066884	3	3
ADH5	0.2694082673095187	-8.483856350174785	5	5	0.6571523066131331	5.090470974855278	3	3	0.722073372123303	0.4427838054975688	3	3	0.5389301710621042	-4.489371571084129	3	3
ADK	0.4316429900360934	-9.710581023125064	10	10	0.7738128048761411	15.912074070907915	7	7	0.5432984793919298	-5.878961762289449	5	5	0.2597848020125052	-16.062938235356942	5	5
ADORA1	0.8106778782225714	-4.9569097056875995	5	5	0.9651679075663795	8.314051319383964	4	4	0.6853174527291608	0.96007256799203	4	4	0.6970246999387522	-8.69053268346489	4	4
ADORA2A	0.46471863326889606	-5.577399542485144	5	5	0.12166114286132601	12.758960883242338	4	4	0.18585870361918444	3.7151044984877655	5	5	0.5731285292641912	-12.354851614909387	5	5
ADORA2B	0.31718938408384667	-1.4170200226426684	4	4	0.8705722637434026	2.207304073397559	3	3	0.5596674997425853	0.6091206177334011	4	4	0.44958322052773625	-4.6116009759234355	4	4
ADORA3	0.09476256739800376	-9.882386418445767	10	10	0.5624615145618221	11.16345239158993	6	6	0.7695090447895393	-3.0072968528551236	6	6	0.5066480587419633	-9.038714863235572	5	5
ADRA1A	0.5990484181778248	-1.7871948823430355	5	5	0.4290012439357622	1.5338153633300073	4	4	0.49568156501967586	-6.023829065547513	4	4	0.30017237238335026	-1.9439395468681502	2	2
ADRA1B	0.144541133606292	-1.187123971531668	5	5	0.6309687826646742	5.346042403797589	4	4	0.8956952855414111	-0.3509305821850921	5	5	0.8562820880306701	-8.795798273774933	5	5
ADRA1D	0.873933557973914	-3.16890639154618	5	5	0.7231833113381831	5.798245857324342	4	4	0.8551349242950246	-1.9230055561098212	4	4	0.6757011822409351	-5.3496800479249655	3	3
ADRA2A	0.21599672477313026	1.4510053667879959	4	4	0.05053351544657331	-2.2185384356498354	4	4	0.10221059487827824	-10.139796611646732	4	4	0.5688364963789199	1.3101417087669667	1	1
ADRA2B	0.4515240424353515	-2.9561046342324464	5	5	0.6144610494100067	-0.5969515803255128	2	2	0.5430016242013347	0.8833835323043795	3	3	0.23774939943037998	1.8255588927361996	2	2
ADRA2C	0.47812480327385365	-3.3968054730822534	5	5	0.2792385652861885	-1.020040663328541	4	4	0.6194744728092239	-1.8540336490677432	5	5	0.08208567204304086	2.080367155390569	3	3
ADRB1	0.8446126894882864	-2.926822378722323	5	5	0.29237836000836925	9.038950183348026	4	4	0.18323001736012856	3.4844415320031477	5	5	0.7936284835066508	-8.745205689672593	5	5
ADRB2	0.1779515858761347	1.1139194089030076	5	5	0.5417009389231748	4.802586363754377	5	5	0.3186852277923856	-6.935159814996119	5	5	0.6639393382542758	-8.280507700464751	4	4
ADRB3	0.3301748442224587	0.41632790894319927	5	5	0.8219370945956337	6.379266660803283	5	5	0.17805546782801218	2.045207344580557	5	5	0.15020444600610283	-4.744975952303201	5	5
ADRBK1	0.9132920403032543	-5.026288719145625	5	5	0.7598437280264725	9.508721515415898	4	4	0.5883241854428083	-3.147266305840585	3	3	0.3882370910564902	-8.975495628774844	3	3
ADRBK2	0.23960251709653968	-1.3719568686259909	5	5	0.5571290120059167	4.884992712028592	4	4	0.9325747039386475	-1.4431825355491006	4	4	0.8789105686766774	-6.169859649304111	4	4
ADSSL1	0.06971654038254288	1.154159936490074	5	5	0.8253056747074253	5.240131517073779	5	5	0.4527416801848736	-3.5934259359247123	5	5	0.73919931021022	-5.501015423701699	4	4
AFG3L2	0.47916614986689643	-6.347989993440124	2	2			0	0			0	0			0	0
AGTR1	0.5565387849780812	-5.390258847403967	5	5	0.8804356894793568	5.512654507156506	4	4	0.5808017667124457	3.187132074478873	5	5	0.39546642589326464	-1.6627892917114842	3	3
AGTR2	0.9578211305664799	-8.486115669297854	5	5	0.08328164753933488	-1.8987399854640543	2	2	0.049009047156787854	-10.153412448645202	2	2			0	0
AGXT	0.5904297515026957	-6.650062446587931	5	5	0.7454858949282303	10.89288088404332	5	5	0.8581149213665248	-3.1518020867457204	5	5	0.7419352927113232	-7.564872900349735	2	2
AGXT2	0.5011749479368746	-8.218611782969216	4	4	0.10221247318357417	-2.659482517106701	1	1	0.15331732986472651	6.406752736004239	3	3	0.011850774517032332	2.8037775549076698	3	3
AHCY	0.8446126894882864	-2.895282099880552	5	5	0.7159237878916427	5.445591288218563	4	4	0.7518818941316937	-2.075790866506815	4	4	0.6661707096834564	-4.558166635838567	3	3
AK1	0.3554942292779245	-1.7858842366222252	5	5	0.5000252127677114	4.805263190623237	4	4	0.6337432528827855	-0.42755079823838815	4	4	0.8258231017016949	-5.044101487712429	4	4
AK2	0.3957036096375639	-5.596880947513032	5	5	0.8090992011947153	3.0813123604593358	3	3	0.52427417285245	1.1228242147866583	4	4	0.6928555383452981	-4.96354421258267	4	4
AK3	0.03855970884801189	1.7740661976284853	5	5	0.44881407361318837	5.707086624294685	5	5	0.03289410893204459	-10.25584035564883	5	5	0.13312527278221614	-13.745066561525864	2	2
AK4	0.13617225857894616	1.1124285841523964	5	5	0.6309401810778674	5.82960916295299	5	5	0.14266209793969242	-9.590384537249166	5	5	0.21317480563693292	-9.715710963387775	2	2
AK5	0.8935800401313878	-2.341585704118463	5	5	0.48052522116739704	8.814011489092854	5	5	0.8768704073296054	-3.34625305162101	5	5	0.8789105686766774	-8.718708291733735	4	4
AK7	0.144541133606292	-8.42327865785669	5	5	0.4194790066791383	5.565907441060967	2	2	0.6900654181700063	0.6650007305797487	2	2	0.7663400909455875	-4.742591112207636	2	2
AK8	0.5776096057176283	-5.180499917860583	5	5	0.4282529077397984	-0.7642598596918747	3	3	0.4305968039387904	1.1628034907166387	4	4	0.11073291951661242	1.9433832722454636	3	3
AKAP1	0.3939751512759767	-5.850529394030571	5	5	0.11259058949745608	12.784886132486657	4	4	0.36131975848283715	1.296279975121629	4	4	0.34028579875010123	-11.330290559091447	4	4
AKAP10	0.13947377694672577	-0.12645745386644425	5	5	0.9961285525583008	8.70353041397111	4	4	0.19504224842376872	-6.694712502082294	4	4	0.2250684015537232	-15.239927317779824	4	4
AKAP11	0.991657807549707	-2.3184205284926525	4	4	0.5704074343351997	2.52003528681507	3	3	0.7722437277315011	-2.716781935570834	4	4	0.6703485954696016	-2.7345930348071157	2	2
AKAP12	0.9167244218169188	-9.459857575636322	10	10	0.7078836605687635	10.74247336914148	7	7	0.3178483337445568	-10.525964005825688	7	7	0.12126460427525626	-12.595584973548348	5	5
AKAP13	0.2667197221875778	0.685819233998692	5	5	0.46451908390559005	2.2205213607084073	5	5	0.7117797418322476	-2.1357024010656662	5	5	0.21239151851507987	-0.8897016483230612	4	4
AKAP14	0.2973166090763525	-1.8778764124810632	5	5	0.33668897571575884	1.604750558186795	4	4	0.44797363655519107	1.0977848897620308	5	5	0.2042318760697932	-1.124135969782894	4	4
AKAP3	0.7225367342472866	-8.606026469774795	10	10	0.5885107207714262	8.578130212357548	5	5	0.7790667922440223	-1.2445383788811668	4	4	0.8700179988420107	-8.40774168980851	4	4
AKAP4	0.12662916676606095	-8.452127807090895	5	5	0.38085195277815376	5.829944197794692	2	2	0.4202528969014685	3.3451683145708073	4	4	0.8343169373703494	-2.4925210595266556	3	3
AKAP5	0.2667197221875778	-6.209431680939013	5	5	0.17217300469416408	-1.3710163739069714	3	3	0.06207175060571841	4.911566136759306	4	4	0.0023550770860028872	3.3180626217706286	4	4
AKAP6	0.1250905407901824	-9.048240552690123	5	5	0.2139449508800998	-1.8985096975483877	1	1	0.6343255443666005	0.8560275826606398	1	1	0.13253452702666654	2.9128528784826084	1	1
AKAP7	0.2144901757783808	1.1522756099945906	5	5	0.2514186754143072	9.555806934892813	5	5	0.920884946588816	-0.9732601688768847	5	5	0.33408711249686085	-10.876056578139776	5	5
AKAP8	0.527684126430728	-2.1867072702180104	5	5	0.8804356894793568	5.9230008708920225	4	4	0.8065247000992642	-2.9734790130646798	4	4	0.5133369238656149	-5.895417842874887	3	3
AKAP8L	0.7723299480302798	-5.495394265442493	5	5	0.5062131185383894	8.987248907799174	4	4	0.9467455917978067	-2.697149732427126	4	4	0.39546642589326464	-8.651931161528998	3	3
AKAP9	0.4257812785281928	-1.766243958729257	5	5	0.13889768053346235	0.7457344619227081	4	4	0.09494837221736437	-7.55764981126362	4	4	0.7636590663535476	-5.564211706801494	3	3
AKR1A1	0.897395526008232	-4.489026046880544	4	4	0.30136537035113253	15.185783906839385	4	4	0.39504049271710706	3.9960583050727307	4	4	0.7648956320274692	-11.031410003493072	4	4
AKR1B1	0.09602911203390911	1.2937203115853715	5	5	0.7984529001193882	8.909866603690036	5	5	0.2642739645270643	-4.529989205745275	5	5	0.523724542072301	-9.242079940476053	4	4
AKR1B10	0.3620106242520005	-0.9929728895600322	5	5	0.42173115071459977	2.057274017700488	3	3	0.6085891595427434	0.6163149332257907	4	4	0.16001850604132772	-4.405958770167669	4	4
AKT1	0.28592959058318146	-9.14695660529459	5	5	0.3771129288901399	-1.0386923000037651	2	2	0.34562263485542233	1.4063563736432418	2	2	0.09640835542469206	2.6029873906610472	2	2
AKT2	0.8446126894882864	-4.463543093437485	5	5	0.29342942129780336	1.6101693244274145	3	3	0.7657358484301142	3.3088915629953366	5	5	0.09951703389258404	-0.5277106629135145	3	3
AKT3	0.2694082673095187	-1.2960075688644788	5	5	0.3198858120301791	2.3825235852931193	4	4	0.9841520134956872	-1.3073157957245032	5	5	0.9594980633084279	-2.4757758170907738	4	4
ALAS1	0.5236251773832263	-5.653672411581755	5	5	0.8004034878177372	5.705108041963221	3	3	0.9573850560846172	-2.2780671067853944	4	4	0.7143319843313938	-8.09004591872556	3	3
ALAS2	0.2535542104872802	-4.407709200922981	5	5	0.7377767445996932	8.529071972118802	4	4	0.83261298102165	-0.36942020741604686	3	3	0.7821734453778042	-10.24054599326647	4	4
ALDH18A1	0.8592488606084292	-4.988530008790183	5	5	0.04404672135171795	13.580248011447628	4	4	0.7767779949035605	-2.7389772260223917	3	3	0.030686166969931733	-16.130999322010513	4	4
ALDH1A2	0.5482166560638387	0.37486778214677235	5	5	0.9413482612877725	5.847229874810014	5	5	0.870610354342453	-2.686304748836873	5	5	0.5310988688678855	-5.702830787075989	4	4
ALDH1B1	0.35874312396687147	-6.567978326695214	5	5	0.3198858120301791	10.33043806501348	4	4	0.5013327091844778	0.999389618522884	4	4	0.22941178941125662	-9.839492721269663	4	4
ALDH1L1	0.10504718952114757	-1.286713772061861	5	5	0.1446962403447562	12.056871792890973	5	5	0.8831381715323786	2.8794368453230703	5	5	0.15894611628304312	-9.605259535542158	5	5
ALDH3A1	0.3332743349837033	-1.795399322853064	5	5	0.8286773003410399	12.27633942987761	5	5	0.3167608188120613	-2.7214081546896085	5	5	0.07981101478978106	-14.632883195016674	3	3
ALDH3A2	0.9578211305664799	-2.906813598765749	5	5	0.48052522116739704	9.470052783134792	5	5	0.19812902219344897	-9.33139305690378	4	4	0.27789506920762963	-11.63843767626826	3	3
ALDH3B1	0.6732379294219856	-6.029606939032933	4	4	0.20618525730562753	9.306352575914515	3	3	0.6914202086128467	2.769692386120663	3	3	0.39546642589326464	-6.378705238144966	3	3
ALDH4A1	0.5035733777282381	-1.7599981170751526	5	5	0.49136071381051816	9.131529073628032	5	5	0.977814219447674	-3.272328636517496	5	5	0.8611418352622409	-8.55689199426899	4	4
ALDH5A1	0.088802283445378	0.5597166604363415	5	5	0.7065208124412616	9.926119685388473	5	5	0.9588108368263932	-5.105380439855133	5	5	0.523724542072301	-12.35702436483013	4	4
ALDH9A1	0.7818689219529655	-5.313010718814014	5	5	0.30919237979861824	-0.983405851088671	3	3	0.4410869463680115	0.8792844124240812	4	4	0.10783944423394784	1.979259735161709	3	3
ALK	0.873933557973914	-7.491749836150368	5	5	0.018337090813683073	18.8208687688079	5	5	0.7654382284752708	2.2386686138975205	4	4	0.026174358586860468	-15.608404846307776	5	5
ALLC	0.32403203580901174	-8.519789350586297	5	5	0.3423673177460389	8.749517396100618	3	3	0.514432631121607	-0.9551685764549169	2	2	0.13273684784334738	-9.99391009993654	3	3
ALOX5	0.14799697279868418	1.5776858593419225	5	5	0.6186843620292639	6.646219745124713	5	5	0.07066770854040416	-9.921947015967634	5	5	0.05463938506298668	-13.518366657013367	3	3
ALPI	0.15509756432830935	-6.447774393184083	5	5	0.08323427312921106	14.087850910427825	4	4	0.10589678650481536	3.8707430103905414	5	5	0.5869048553378209	-12.825595445100548	5	5
ALPK1	0.971049885950665	-4.1055693101393755	3	3	0.9614759412019189	8.270215175897826	2	2	0.16972264386418157	-10.108359388159826	1	1	0.11582216212918461	-19.14135296299159	1	1
ALPK2	0.3274124270112525	-8.451993263817263	4	4	0.2139449508800998	-1.8868930132097734	1	1	0.430286183439199	3.2025520004696784	3	3	0.26426000763479185	1.768278443527028	2	2
ALPK3	0.3669466236168283	-3.890620248311641	5	5	0.4549198007785964	-0.6385769975055796	3	3	0.5596674997425853	1.4509968827397046	4	4	0.16582651897716705	1.7649035443164511	3	3
ALPL	0.9704595718714305	-4.806082816675475	10	10	0.4167060791301379	15.926899494072515	10	10	0.27675188343088486	-3.5461001913820893	9	9	0.8011996245294921	-15.15304947222779	9	9
ALPPL2	0.6654235908170907	-4.781172914402747	5	5	0.4817049394434679	11.4794100032141	4	4	0.5260452095634913	-3.2440501510682846	3	3	0.27789506920762963	-11.482466827070608	3	3
AMHR2	0.6231349535713715	-1.7762287704770232	4	4	0.5250157796189969	9.570061060454767	4	4	0.32946384672574525	3.426675353827195	4	4	0.7908534206355673	-5.903971352652635	4	4
AMN	0.3967850363432356	-1.921938231067309	10	10	0.0031933689241489508	-2.9469723586262613	9	9	0.6591242666114815	-10.516470090204935	10	10	0.0019004624769933345	2.929257344465657	7	7
AMT	0.5115451476448174	-3.2117060978647984	5	5	0.842310842686326	0.5935231023300949	4	4	0.8894132602842247	-2.899911372448228	5	5	0.4080983516415546	1.4134196843562243	2	2
AMY2A	0.98053646037388	-5.574535450490465	4	4	0.25824327399626645	15.493647401510108	4	4	0.9042749324668504	-3.636247364049026	2	2	0.25202305813534265	-17.73364344395912	4	4
AMY2B	0.006424522136296886	-9.555470680454542	5	5	0.1559181641394998	17.842309485703804	1	1	0.0019401179599190634	11.28979155438646	4	4	0.10535511690318651	-0.7157813109081287	4	4
ANKK1	0.8753759336580621	-4.293039317084001	4	4	0.5391364576005482	2.8158927365628994	2	2	0.2519350825721134	-5.294514686941884	2	2	0.7844784035957554	-7.807907739405756	1	1
ANXA2	0.6208411793888435	-0.8371036704628811	5	5	0.5885107207714262	7.935848228138828	5	5	0.8956952855414111	-1.2709151814725725	5	5	0.6799540307796483	-9.442239293691815	5	5
ANXA3	0.3332743349837033	-1.2978656235459123	5	5	0.8591576798181733	8.744447644251647	5	5	0.5972374256688835	-2.7522468313388306	5	5	0.40277651607707676	-8.67942951193217	3	3
ANXA5	0.9132920403032543	-4.267710466803319	5	5	0.9265462741340409	8.61463143001621	4	4	0.7790667922440223	-0.13116159029671937	4	4	0.8959888013798673	-5.431423847002402	3	3
APCS	0.33434530761715864	-8.605840409527053	4	4	0.35255407769204716	10.045787591166047	1	1	0.4666706897740691	4.5867308990579065	2	2	0.7298278002076196	-3.6599266372361132	2	2
APOE	0.5155555965670764	-8.381168572867239	5	5	0.7772466586084936	4.2015850567812745	2	2	0.3507994958490671	1.456054801958287	3	3	0.3399166751811209	-4.1080725302787	3	3
APOH	0.055307900728818686	-1.4410823003248623	9	9	0.1292707601455969	5.384515086243671	8	8	0.2711675038543353	-9.528044103187662	8	8	0.6689288169587854	-8.14870381578859	5	5
APRT	0.5904297515026957	-2.7633310527674744	5	5	0.21101421572436796	13.119003437471312	5	5	0.621110844245458	-1.965286409611451	4	4	0.2811506616831705	-11.513510919777362	4	4
ARAF	0.020804285909810996	1.5771636101369246	5	5	0.09739619978343289	1.582449146894356	5	5	0.267688804924617	-6.849496590995989	5	5	0.2721463993628561	-1.4168790426222628	3	3
ARF1	0.3554942292779245	-1.9500705988936875	5	5	0.17830358963729687	4.039407787386621	5	5	0.577788589673446	-3.290545292125008	4	4	0.49476133145231505	-3.609470638843641	4	4
ARF4	0.024579421770082748	-9.30797281706744	4	4	0.12444928487601936	19.190947572564717	1	1			0	0	0.10563348227890615	-19.52358875519161	1	1
ARF6	0.43051835228716406	-9.890004794891455	7	7	0.36937250044404735	5.032079970494902	4	4	0.8411815169101106	-0.29037244456600025	4	4	0.38108884120282016	-1.5452000096399197	3	3
ARHGAP26	0.732187850088774	-8.001802564938743	5	5	0.5032906715876146	3.3166784578297728	2	2	0.7298092230405315	0.5136011819786602	3	3	0.9551661367621639	-3.9358480407724725	2	2
ARL1	0.10110322227367909	-8.979129757129192	5	5	0.8306197822146404	4.564627056907157	2	2	0.3707649456274076	3.915447549033725	4	4	0.45297359578785656	-4.694030663814121	4	4
ARL3	0.4411648967862447	0.508974760887044	4	4	0.8804356894793568	5.619880289379118	4	4	0.9751334888782764	-2.69296071133058	4	4	0.73919931021022	-7.608318169176108	4	4
ARL5B	0.5317590566476502	-2.392100103622045	5	5	0.8727855683308529	5.685127001974972	4	4	0.2792236452606772	-6.2939464655690385	4	4	0.39905634628380304	-9.10414727932952	2	2
ARPC1B	0.6330264776408487	-3.1472414322500657	4	4	0.7658774872024416	2.7122210898538945	3	3	0.9361155742893078	-2.8521996697721907	4	4	0.8534450846924276	-3.7085579742204864	2	2
ARPC2	0.27320635056732934	-8.981795004482256	10	10	0.8659613684479033	9.216262306739177	5	5	0.676575974673378	-3.3265575062828927	5	5	0.7648956320274692	-8.366133247502669	4	4
ARPC3	0.05891305410118294	-9.091440421305384	9	9	0.8971822732805895	5.539248251785985	3	3	0.01000283747746574	10.723152710125499	7	7	0.23681145954667437	-4.592585963840882	7	7
ARPC4	0.21679671506137854	-8.26608429955993	5	5	0.17573061690603475	12.209330342093507	3	3	0.17759090178706305	5.492339852850429	2	2	0.5049486807858136	-8.747919952613715	3	3
ARPC5	0.3458593622410663	-9.132846192619093	5	5	0.31456882368045913	9.18421567103851	3	3	0.20440947160162326	4.679962052713349	4	4	0.73919931021022	-7.721362775742456	4	4
ARSA	0.24084810381115251	-7.7220019016809625	5	5	0.08575986067428704	18.58916215010438	5	5	0.3660233427803543	2.188563944481715	4	4	0.17387155307239188	-12.376575464419224	4	4
ART1	0.17741098470201222	-8.965391078066569	4	4	0.14481922644591255	-2.2678870489616543	1	1	0.5260452095634913	2.9514473359071993	3	3	0.1505365273074566	2.0829201994133646	2	2
ASGR2	0.5236251773832263	0.44054747613816225	5	5	0.3388298089494214	10.21288701936131	5	5	0.2078982854930167	-9.30486791620874	5	5	0.05433838664574689	-16.00684123237393	4	4
ASNA1	0.6208411793888435	-5.771674714919906	5	5	0.2757320797037678	7.271506538846374	3	3	0.9958869909628559	-2.132469566308536	3	3	0.2956344520033972	-9.245660506881327	3	3
ASPA	0.1617407395568229	-7.276345799917306	3	3	0.15029058382626023	18.011136737583875	1	1	0.11212011274148433	8.121279784439672	2	2	0.7541069950238657	-3.8155710747026843	2	2
ASRGL1	0.42037863746455084	-1.7801030292705728	5	5	0.7524653116266203	5.460413564242198	4	4	0.29609854339273767	-3.2105295799932563	5	5	0.40684227561527353	-11.843370502584122	4	4
ASS1	0.669951034500902	-6.475097019782684	5	5	0.5124410706098497	8.550225282689764	4	4	0.5656771481174789	0.5444595329962713	4	4	0.9270864972393051	-4.884214175449604	3	3
ATM	0.8690335729624106	-2.871984957185681	5	5	0.48777081628666497	-0.3615588768430946	4	4	0.7116848590927749	-5.296380002316371	4	4	0.09640835542469206	2.373437652643129	2	2
ATOX1	0.020463474641073613	1.6304367477760622	5	5	0.06585864926133549	0.7418725621739485	5	5	0.3799543126030084	-6.257892332535562	5	5	0.44620800804902794	-4.230382051776219	4	4
ATP1A1	0.18403853998222808	1.1773404405545473	5	5	0.21101421572436796	2.2050071709721073	5	5	0.2888137373610439	-6.163144248372499	5	5	0.8547806205172963	-2.395563820204431	3	3
ATP2A1	0.8788383827548104	-8.606667362478644	5	5	0.35977802178558205	4.032671153849326	3	3	0.6687545346072507	-0.698187336160192	3	3	0.7663400909455875	-2.8106763820755813	2	2
ATP2C1	0.32709407601287177	-6.292400703590165	5	5	0.5742294567210209	2.5926911323765705	3	3	0.1772593939610021	4.660464483791089	4	4	0.15668928629155968	-0.9753094983507928	4	4
ATP4A	0.7356316458490892	-5.6120360275560275	10	10	0.3684766601663231	9.163357494838671	8	8	0.4450350900889595	-9.98717397272596	8	8	0.9118719542507502	-8.371981387647015	5	5
ATP5A1	0.9779748636480596	-9.08628291561702	9	9	0.853085547377922	12.44792351929132	6	6	0.7365488198851213	-2.802705670873296	6	6	0.5365628830927793	-15.5776175653682	6	6
ATP5B	0.11761772318161413	-7.826900316949008	4	4			0	0			0	0			0	0
ATP5C1	0.6580409933914786	-7.552057164896028	4	4	0.17376037847253	-2.0135076029116004	1	1	0.08650562090558216	-11.268509960896433	1	1			0	0
ATP6V1A	0.03157559538574283	-8.52387300107346	5	5			0	0	0.09330261787232709	11.37220452619772	1	1	0.4119522845987731	1.7663614465021453	1	1
ATP6V1B2	0.012483239270915974	-9.249311270401115	5	5			0	0			0	0			0	0
ATP6V1C1	0.17201577708792648	-8.56008958860668	5	5	0.8956929321458129	8.21631806621694	2	2	0.43493200293522727	-8.604174997410263	1	1	0.20185811801471198	-18.18559396800973	1	1
ATP8A1	0.47064198183117656	0.392285185034606	4	4	0.4696972903564819	-0.7314079614078425	4	4	0.4202528969014685	-1.4075734186322866	4	4	0.019965467168473763	2.758476201033846	3	3
ATR			0	0			0	0			0	0			0	0
AURKA	0.4372034889109778	-6.664720502646297	2	2			0	0			0	0			0	0
AURKAIP1	0.4026627652415692	-9.07622501966261	5	5	0.9394967534281049	4.1409773906835285	2	2	0.45709346175782395	4.082722399077885	4	4	0.7937376011426427	-4.520202599170276	3	3
AURKB	0.3807298377061201	-7.72793218404916	1	1			0	0			0	0			0	0
AURKC	0.9182288703345789	-3.7079756971501525	5	5	0.48777081628666497	9.318481335045094	4	4	0.6528927461773759	1.0617629245316678	4	4	0.6579750176492922	-12.208679878698087	5	5
AVPR1A	0.9975177373139092	-2.5304244076346456	5	5	0.7821079573131526	2.4475900751251642	4	4	0.3250662141626942	-9.083011209954797	4	4	0.7844784035957554	-7.893598020482088	1	1
AVPR1B	0.9330575303574289	-2.7797147063637886	5	5	0.04416693405010609	13.199276701561075	5	5	0.6534878203273687	-2.1428569339938335	5	5	0.04110135650781443	-15.437646943015578	5	5
AVPR2	0.796238686445729	-2.7356279096208094	5	5	0.27352768328571864	12.733128105271918	5	5	0.338347373536526	0.8912089865438771	5	5	0.8483919991103628	-11.683603520454461	5	5
AXL	0.9975177373139092	-4.689698491749223	5	5	0.8271586415575614	5.23151950313335	4	4	0.870610354342453	-2.9568979362748404	5	5	0.7636590663535476	-2.113411188625408	3	3
AZGP1	0.2694082673095187	-1.9898657670537094	5	5	0.3703123377739097	5.447524529712474	5	5	0.18897478566464465	-9.730080338836714	4	4	0.9679675506516953	-8.276697180759937	2	2
B2M	0.28678015472663043	-4.768713273628041	10	10	0.3943147395459661	2.4650966727412116	8	8	0.8345625305857471	-5.744897249131693	8	8	0.32499146907109666	-2.0580890291639045	6	6
B4GALT1	0.8494857165073755	-4.666581708872622	5	5	0.8007996120551102	5.813553654330648	4	4	0.338347373536526	4.316018576215773	5	5	0.3460311401410645	-1.1151264068969533	4	4
B4GALT2	0.2667197221875778	0.2816233074559881	5	5	0.13998803661980527	-1.422146155963896	5	5	0.7596787295692086	-5.850481125468871	5	5	0.3601334303089583	1.2447618913504985	3	3
B4GALT3	0.5904297515026957	-5.205814061889758	5	5	0.42335965437297274	4.796731497519709	4	4	0.26560706654942967	-3.4145782630393797	4	4	0.8534450846924276	-8.530674237577962	2	2
B4GALT4	0.5399564771635108	-6.293676990789186	5	5	0.9328378024560585	5.315190520951188	3	3	0.4410869463680115	-2.9616597338830775	4	4	0.19558659945380674	-11.757534339588288	3	3
BACE1	0.660908312608193	-5.212491272409014	5	5	0.08058508594599562	-1.5506156749353692	3	3	0.2344650018414225	-4.1641611389039594	4	4	0.3726627233478227	1.2323002881562353	2	2
BAG1	0.011841007251167789	2.2624297058990317	5	5	0.5648726303070202	4.761017262837344	5	5	0.28165069290141675	-6.579347969834122	5	5	0.8170453009277164	-8.044507499067203	4	4
BAIAP2L1	0.4275912420825324	-5.872264654767936	5	5	0.518209284259393	-0.4956599598782194	3	3	0.486482969484068	0.8132851297079994	3	3	0.26647966617529084	1.4672606878598	3	3
BBOX1	0.4546324406233698	-7.908735314084937	9	9	0.8965489685636355	13.289908929729224	6	6	0.4941604059206579	-9.50206238545004	6	6	0.5261583564958352	-16.59360083802619	5	5
BCAT2	0.2433527622901227	-1.3314496212665066	5	5	0.5648726303070202	12.462052061820946	5	5	0.16609372464769745	-7.361039213904324	4	4	0.048922083367980415	-16.474191462950508	4	4
BCKDK	0.5649220302157778	-4.088343802327038	5	5	0.9001190616838797	11.191624336141738	5	5	0.45172201705006254	-4.471219160442831	4	4	0.4101670005354886	-9.458141200809328	3	3
BCR	0.2144901757783808	0.32323036224225016	5	5	0.46451908390559005	9.180829288017236	5	5	0.6027626037074241	-1.871710932502559	5	5	0.8013965182557998	-11.759226561036849	5	5
BDH1	0.6071890849142099	-8.139023361156326	10	10	0.375749200227701	12.277227098040498	8	8	0.4376384371280636	-10.5978096553696	8	8	0.5731285292641912	-9.019259208106012	5	5
BDKRB2	0.3378469794691449	0.9199491824722953	4	4	0.5768455670526036	8.404677201624184	4	4	0.4358236748352863	0.8114271595256871	4	4	0.4966332316200591	-3.878322404016798	3	3
BEGAIN	0.470889305700116	-9.631178761087266	10	10	0.17552826642661656	13.169031284116164	5	5	0.21736466285762257	3.375847700776566	6	6	0.9461043207856251	-15.92575911996648	7	7
BGLAP	0.7870291301823262	-1.8466812067535516	3	3	0.9944944666811336	4.291584870081118	2	2	0.1695881599718676	-9.048386465709674	2	2	0.1939212047781408	-18.26703556397777	1	1
BHMT	0.5482166560638387	-6.939234028780626	5	5	0.9955172430739164	2.950488088351012	3	3	0.40501381561647576	0.8277505673484736	4	4	0.6852839181983256	-1.8798546926501924	3	3
BHMT2	0.2484168561774205	-2.0808752404896986	5	5	0.19513869580206422	1.2689628947094374	4	4	0.8894132602842247	-2.9669890992170624	5	5	0.40277651607707676	-1.7771770861358072	3	3
BLK	0.09981509485853456	-8.808728904552533	5	5	0.18300983774488477	9.785348114812438	3	3	0.352135720811656	1.5261456630152617	2	2	0.6472718678263668	-8.244758851408656	3	3
BLVRA	0.2675257013515234	-5.506881750650007	10	10	0.127565862406087	8.470777850694827	8	8	0.3140014010477503	-10.440232055120445	8	8	0.38691450859150833	-11.809811529610819	6	6
BLVRB	0.46471863326889606	-8.515703360142743	5	5	0.9060795621995646	5.210654484258125	3	3	0.3147964800985721	3.4532811606152136	3	3	0.722226814782915	-4.548390027554314	4	4
BMP2K	0.16540914448478083	-7.836008064547329	4	4	0.42747200249260886	8.859567036970063	2	2	0.9848499835176708	-0.5882082359199776	2	2	0.4519963544612986	-9.481372900849866	1	1
BMPR1A	0.14974839652703595	-9.329253476554989	5	5	0.4194790066791383	2.9860979915517314	2	2	0.6622969926990611	-0.5503402006635404	2	2	0.6703485954696016	-3.37812259394169	2	2
BMPR1B	0.28592959058318146	-6.035442473373273	5	5	0.33425458174009104	9.716128913056751	4	4	0.07272769194968083	4.710647840797903	4	4	0.6970246999387522	-4.847165473985265	4	4
BMPR2	0.3719245441491863	-5.715444071357961	5	5	0.3521059663418048	12.018874841923214	5	5	0.35051070309736587	3.5127522363719863	5	5	0.9063393506880174	-5.140151359014143	3	3
BMX	0.2535542104872802	-1.0684702245890834	5	5	0.3059271438734652	4.901219283494249	4	4	0.5645810207952495	-3.0145003087748594	5	5	0.7053899464614647	-8.451666444816189	4	4
BPHL	0.35226395930353005	-1.928656240347827	5	5	0.3745702996989678	4.291389324880083	4	4	0.9680321517100092	-2.5933093658854744	4	4	0.43950033104109754	-6.908558770721115	4	4
BPI	0.9925533080407308	-4.6255046722351105	5	5	0.4152680050824561	2.4034008042036508	3	3	0.6243342099193211	-2.9515147745023564	3	3	0.8283248036226699	-4.247285679404978	2	2
BRAF	0.7251759389949729	-2.0302159988247275	5	5	0.42335965437297274	6.738657337062281	4	4	0.8972505670990439	-2.70134138666296	4	4	0.5919255611458201	-9.281683125451659	4	4
BRD2	0.25277621903480396	-8.98426938464734	10	10	0.14817636629108724	11.269594277386473	6	6	0.5723529485645056	-2.5974713439666286	7	7	0.3065703513667337	-16.032251476141113	7	7
BRD3	0.1945238595143287	0.44077886187091303	5	5	0.5648726303070202	5.4479288711202445	5	5	0.4919013310269478	-5.028424025071935	5	5	0.9594980633084279	-8.60629507525568	4	4
BRD4	0.008725563081039223	-9.464419727659193	5	5	0.15029058382626023	17.95460069675198	1	1	0.014341869670510805	10.083299972802976	3	3	0.31098408076107664	-1.3907975611103065	3	3
BRDT	0.8370827759457019	-2.078394723678688	4	4	0.6652969764541896	2.818405690987012	3	3	0.8893057705455722	-1.9749009780339322	3	3	0.4551059809818502	-2.90434865059272	2	2
BRSK1	0.7866508408853796	-3.0129951260941943	5	5	0.5648726303070202	4.918046983226412	5	5	0.7415969748765123	-3.2328301384940423	5	5	0.6852839181983256	-1.9502131192964096	3	3
BRSK2	0.42077379106046153	-5.611077407629625	4	4	0.7772466586084936	4.348792949853017	2	2	0.09672398827738511	7.458782143926772	4	4	0.3577060001916085	-1.5445891376761125	4	4
BST1	0.288748331061765	-6.9623566768291205	5	5	0.9239084394407335	3.4576254987852373	3	3	0.577788589673446	0.9608315740997045	4	4	0.23418629399159607	-1.3252946791617919	3	3
BTK	0.5482166560638387	-6.0759404584746655	5	5	0.8090992011947153	2.580889081600475	3	3	0.2286873836639547	4.295984231266572	5	5	0.5310988688678855	-1.9659907987757073	4	4
BUB1	0.257121601257721	-7.525071174080177	2	2			0	0			0	0			0	0
BUB1B	0.06078803851616602	-8.186789547904185	4	4			0	0			0	0			0	0
C17orf75	0.7251759389949729	0.03891821365047665	5	5	0.5078568779189758	11.581744486559918	5	5	0.29609854339273767	1.1132560433150875	5	5	0.6155324084201014	-7.678076389842161	4	4
C1QA	0.46092704007166974	-7.907613476012856	5	5	0.09413162069134327	16.05488004599381	4	4	0.2859413802773134	3.5585943740619617	3	3	0.5019209615503581	-12.483062086377814	4	4
C1QB	0.2509763595296034	-5.745783542382346	5	5	0.8882978938943152	0.6607084125105249	3	3	0.7767779949035605	-2.020136735341356	3	3	0.9296012604540266	0.2643436311608749	2	2
C1QC	0.40486668783459867	-5.592864281727381	4	4	0.3374931419415075	-1.035850392716375	2	2	0.76888768244667	-2.3517349324112566	3	3	0.12676783142241782	2.9198359271638648	1	1
C1R	0.3922514498591715	-4.679919669527393	5	5	0.9686286237487493	3.003521657918613	3	3	0.3250662141626942	-3.654765392623251	4	4	0.47473033813968235	-8.793155806121177	2	2
C1S	0.527684126430728	-4.906744463762549	5	5	0.6571523066131331	2.3748204736226524	3	3	0.8831737756644958	-1.6150862157547852	4	4	0.7636590663535476	-4.591490122416183	3	3
C3	0.213420882649195	-1.7236820017604781	4	4	0.6409853403204562	5.900412219421665	3	3	0.01900227092641295	-10.197798831206628	3	3	0.03606249017540725	-19.068926202764654	2	2
C4A	0.8543645009799363	-2.862754570246981	5	5	0.8007996120551102	8.251091936019508	4	4	0.6999722341315526	-0.054263157447394704	5	5	0.9954978743064465	-8.319422688315413	4	4
C4B	0.8543645009799363	-2.862754570246981	5	5	0.8007996120551102	8.251091936019508	4	4	0.6999722341315526	-0.054263157447394704	5	5	0.9954978743064465	-8.319422688315413	4	4
C5	0.9528643831895542	-7.0616001776266835	5	5	0.29342942129780336	9.27811162231624	3	3	0.23157995000877307	-8.640327503643212	2	2	0.034661999572770046	-19.01709999985941	2	2
C8G	0.8985023658099028	-3.147568279411949	5	5	0.8957687502905964	3.294193757734637	4	4	0.6657883559333966	-5.710116201899339	4	4	0.7937376011426427	-5.381527198087194	3	3
C9orf96	0.9875891670534	-1.8838937530353543	5	5	0.48777081628666497	2.0722246266486812	4	4	0.24695975211745302	-6.942033202473746	4	4	0.7909789710051218	-5.170720829804917	2	2
CA1	0.11761772318161413	-8.139928156055337	4	4	0.04766281927796618	15.53472018846048	2	2	0.1271495630871491	6.180530750502035	2	2	0.3641108545439745	-9.195873839684864	2	2
CA10	0.6564053415192777	-2.2904423125897275	5	5	0.3540499420404086	1.6763964728813214	4	4	0.9841520134956872	0.035804832060155445	5	5	0.27614361519134034	-0.9633712407497109	4	4
CA11	0.46471863326889606	-2.3378231670911833	5	5	0.20536509453891316	1.6498942537791212	4	4	0.09147552157679383	-7.701804515901562	4	4	0.9423762779843172	-4.011446532911661	2	2
CA12	0.7580861874699827	-4.88225553149521	5	5	0.4578569495001127	12.3728683601136	4	4	0.16241897798280358	-6.611493093019155	3	3	0.04408897603883836	-15.600833565370413	3	3
CA13	0.027402104807663936	1.6898032820325806	5	5	0.5106340100371995	5.542412884313959	5	5	0.474548796690222	-3.260025599578293	5	5	0.986494196268114	-5.583373985405828	4	4
CA14	0.009215427320294992	-9.406435394121607	5	5			0	0	0.020356420018940828	9.782026623179313	3	3	0.5133369238656149	0.8449828005497887	3	3
CA2	0.5565387849780812	-4.421363590567958	5	5	0.7830870879699032	2.910647087757855	3	3	0.31978556719006135	-3.6287217434501233	3	3	0.7058164680531573	-4.522985489226319	2	2
CA3	0.5565387849780812	-1.932179340317491	5	5	0.8523644333228676	11.683311405161618	5	5	0.7657358484301142	-3.821000784176043	5	5	0.7735205110925591	-11.416854528870148	4	4
CA4	0.9875891670534	-3.6381633479328017	5	5	0.25015966799340983	13.218242502754364	4	4	0.816560395092754	-2.6702392683274163	3	3	0.17395866300991503	-12.090793555797609	3	3
CA5A	0.660908312608193	-2.091230928965534	5	5	0.7895702283825207	-0.10510216209767502	4	4	0.9893415150470528	-2.3141814695863188	4	4	0.5049486807858136	0.9543894110629871	3	3
CA5B	0.2667197221875778	-6.238035669138302	5	5	0.21597553982287754	11.119494042894365	4	4	0.29609854339273767	1.4787174208939897	5	5	0.8789105686766774	-7.263293548143029	4	4
CA6	0.40616968315166235	-1.6170733125852381	5	5	0.14150647608755507	-1.6501915912177416	4	4	0.7718073239842742	-3.0850544313265647	5	5	0.4101670005354886	1.0688940713567476	3	3
CA7	0.7723299480302798	-2.4654544083180205	5	5	0.37981308104755496	1.3824571881683625	4	4	0.5019677595485061	3.7217972206814314	5	5	0.2513720651609612	-1.340242208795388	5	5
CA8	0.3474534222261759	-5.4162166797457845	5	5	0.7086898561580807	6.242374621521982	4	4	0.7066873305402874	-1.3241278920247275	3	3	0.7736481427740518	-4.686551273047898	3	3
CA9	0.6950629232340106	-5.857138227465232	5	5	0.9596721613037543	5.424702619962077	3	3	0.6390001006948383	-3.0897273896914577	3	3	0.8241261146639588	-8.356114411379954	3	3
CACNA1A	0.9925533080407308	-5.190445965621904	5	5	0.9239084394407335	2.895910265211903	3	3	0.6464833221017146	1.0309150381415892	4	4	0.7836748470848344	-2.3317883220142614	3	3
CACNA1B	0.808266688671077	-5.141931231643724	5	5	0.7149683940145535	4.822204232496502	3	3	0.34550217367593716	-3.5230617068919425	3	3	0.7736481427740518	-8.186950341114862	3	3
CACNA1C	0.6654235908170907	-8.065236551797936	5	5	0.46874481191669715	-0.7906903457995957	2	2	0.7372705313059285	-4.085353611673982	2	2	0.4119522845987731	1.823580575855038	1	1
CACNA1D	0.7353151878576605	-2.1634231746551236	4	4	0.32000636803352756	6.97127328550954	3	3	0.19929109190742222	1.5413254663429479	3	3	0.9478833410736787	-5.27163222089301	3	3
CACNA1I	0.9083585538730328	-5.206126715037854	5	5	0.9775890450594203	3.0346686540534686	3	3	0.40000846624794006	1.1432353249317873	4	4	0.375677121980317	-4.367888414683681	4	4
CACNA1S	0.9677393280591112	-5.513278322797923	5	5	0.4578569495001127	4.706300141490627	4	4	0.7356007307959467	-2.457768798399085	5	5	0.26647966617529084	-1.104073227687886	3	3
CACNA2D1	0.3652967094607398	-1.8174610730979313	5	5	0.34903297160981595	1.8839519996552425	4	4	0.26752395380466343	-6.00810833689784	4	4	0.9423762779843172	-2.7787453181928665	2	2
CACNA2D2	0.05184573254422637	2.844255181691009	5	5	0.1353985982912569	2.0382752758585183	5	5	0.9714778256351019	-2.033471339760398	5	5	0.19242377456439685	-1.0176134506213064	4	4
CACNB1	0.31197121255459304	0.784699315207738	5	5	0.3890922442519903	9.886813663811202	5	5	0.4672164547493336	-4.797539355420995	5	5	0.3290764500784257	-16.19953947158343	5	5
CACNB2	0.7369490084770146	-8.872743399193935	9	9	0.9215340290596832	12.37673612252477	6	6	0.9866728885160162	-3.6842525202132506	7	7	0.8562820880306701	-9.232680064795282	5	5
CACNB3	0.45495913351927664	-5.296281160927619	10	10	0.8148566580489724	10.442498600440844	8	8	0.46764767304015864	-8.426659523749292	8	8	0.19900424809532857	-15.222742744176648	7	7
CACNB4	0.9749770699618964	-4.3876252343004465	4	4	0.3904331458078071	12.276917705803356	4	4	0.4589566499263724	0.9475263506702349	2	2	0.6076174837814818	-11.915792541400606	4	4
CACNG1	0.9083585538730328	-2.599346388791997	5	5	0.842310842686326	6.801608392722628	4	4	0.19812902219344897	-9.61096305034022	4	4	0.3601334303089583	-12.135163486574998	3	3
CALM1	0.18199265668895537	-8.455779975861207	5	5	0.2861311863015312	10.829892498560143	1	1	0.11118962732152067	6.791962985009836	3	3	0.6472718678263668	-2.256553472887617	3	3
CALM2	0.2144901757783808	-9.619300388708451	5	5	0.9175635603231023	4.833031615044272	2	2	0.8245775169350323	0.4852372201805717	3	3	0.7537091772080944	-5.499854484231747	3	3
CALM3	0.507551045576488	-5.440928025464163	5	5	0.3255050129228344	-0.786325496003105	3	3	0.6528927461773759	0.4079171907371819	4	4	0.21912311405978113	1.580758623263618	3	3
CALR	0.39917406081467055	-8.747837338411088	5	5	0.9175635603231023	4.156829294097836	2	2	0.2813117511557601	3.5808901377667532	3	3	0.6193480997946015	-1.9534000193479404	3	3
CALY	0.3467203253689377	-2.8290376027597333	9	9	0.9539932505993314	9.592775360701674	8	8	0.8151469742702189	-10.382557021013955	8	8	0.9088827101359025	-10.615975373545519	6	6
CAMK1	0.39704983868365906	0.11322629590896394	4	4	0.8864301314071137	6.721963667237877	5	5	0.8902078449824304	-2.6197927209055307	4	4	0.8789105686766774	-5.393258388346805	4	4
CAMK1D	0.3458593622410663	-6.339842091177591	5	5	0.12166114286132601	13.784484840193803	4	4	0.3147964800985721	-5.935677558988147	3	3	0.05872137943140825	-18.807567646134302	4	4
CAMK1G	0.017065665771504986	-9.030433500091554	10	10	0.17893286520208462	12.503975252551399	4	4	0.006038577918298651	10.097729658745754	6	6	0.36145532218110843	-8.601762261102976	7	7
CAMK2A	0.012704069827820923	-9.584711913020358	5	5	0.031875560394670474	18.792159971126857	2	2	0.1271495630871491	7.232882679306297	2	2	0.129400692613534	-10.488486599046103	3	3
CAMK2B	0.32709407601287177	-3.355314795960043	5	5	0.7043077228248902	4.931367835808922	2	2	0.225818450492289	3.8287148984227346	4	4	0.6949175576173119	-2.130478279713664	3	3
CAMK2D	0.8886618099197483	-2.36033899759906	5	5	0.624085750132112	1.837586041436424	4	4	0.47893417805677974	-5.811987888991041	4	4	0.8534450846924276	-2.7792892869816583	2	2
CAMK2G	0.629653726512953	-8.46243909390268	5	5	0.842310842686326	11.089828735161275	4	4	0.9113597733739448	-3.0919022410317663	4	4	0.5905006511793904	-8.559354610904073	2	2
CAMK2N1	0.4312244042766943	-5.8931003636484975	5	5	0.5377465757896365	6.963114008862443	4	4	0.9751334888782764	-1.8973281167624523	4	4	0.7636590663535476	-4.756841628578491	3	3
CAMK4	0.17201577708792648	1.0238298043209815	5	5	0.5474491261756043	8.815544677237733	5	5	0.8208534235033638	0.20554365934383836	5	5	0.6873423912005008	-9.130951298993905	5	5
CAMKK1	0.3957036096375639	-6.076833876777716	5	5	0.33668552683153763	-1.0019657457829734	3	3	0.06207175060571841	5.0681032246429	4	4	0.007112640535917804	2.9122083087478963	4	4
CAMKK2	0.041575515597340934	1.7495815932752736	5	5	0.4859266291572756	9.403948399617567	5	5	0.6307267143728799	-3.1940275621676597	5	5	0.3651769592931742	-12.439660363511647	5	5
CAMKV	0.9083585538730328	-2.585646722582764	5	5	0.6378839758062542	5.212860980263657	4	4	0.559222959426664	0.3671289502928401	5	5	0.5535333528659048	-4.580501177075204	4	4
CAMLG	0.7158624805210481	-5.585158876731487	5	5	0.4282529077397984	-0.7054717643781606	3	3	0.34743773640048203	-3.5171358029395936	4	4	0.9273634383582613	0.5646113592459177	1	1
CAMP	0.7019716005280351	-4.89314530337905	5	5	0.6329646623089908	2.3563034393601594	3	3	0.7384016836930404	-3.089546783201301	4	4	0.9296012604540266	-4.045093549207993	2	2
CANT1	0.4096947731568329	0.6169601108849455	5	5	0.04064563894241963	-1.8517248796618635	5	5	0.0928642592638515	-10.106381588286617	5	5	0.47473033813968235	1.3182019115950956	2	2
CANX	0.9426930693239668	-2.8517260159422566	10	10	0.4192559127951221	15.80351051600965	6	6	0.8820923458717476	-3.0966617213212433	6	6	0.21474774608085667	-16.277179214577732	6	6
CAPN1	0.10240455753063261	-9.566357517192303	5	5	0.9285233690006831	4.821005131882462	2	2	0.051662448530405164	8.104976400430887	4	4	0.375677121980317	-1.6920531165481638	4	4
CAPNS1	0.7684791526959018	-2.207242038065471	3	3	0.32377447845990626	-1.0719331229257287	2	2	0.23655574911515143	-5.302417645934675	2	2	1.0	-0.04915199894262301	1	1
CARTPT	0.535849872578561	-2.120598872934352	5	5	0.3151873523507621	1.8785087936061586	4	4	0.7927636242635618	-5.202105879426981	4	4	0.3556827490835114	-2.2442114378038123	2	2
CASK	0.6744905006897103	-8.633596418820487	5	5	0.02582919522030799	-2.560978481383245	2	2	0.52427417285245	3.4366009361592162	4	4	0.02715106387479253	2.5021109751943613	3	3
CASP7	0.8300299660958327	-5.901737260295904	5	5	0.5780639637403786	2.264354789500032	3	3	0.725001421612616	0.7590026921332048	4	4	0.22908579873911206	-1.357261255477597	3	3
CASR	0.3363925413553398	0.6126253255496024	5	5	0.3890922442519903	2.4210100480937786	5	5	0.8894132602842247	-5.200750590195724	5	5	0.3465732279127026	-1.5725500202798912	3	3
CAST	0.9392264542443038	-8.145806453383372	10	10	0.7678014642389759	13.15082476512491	8	8	0.4562626128145465	2.779487587914449	8	8	0.7056591874193946	-13.205910227861969	9	9
CAT	0.6440062664953121	-8.754229541494851	8	8	0.3383476312596848	15.805357907020706	6	6	0.5314285859260911	-3.445421770925955	6	6	0.9598769235567685	-12.227113580636427	5	5
CBR1	0.4026627652415692	-5.922753178664489	5	5	0.7402807379176981	6.405541623637411	3	3	0.4944075702014108	4.305919284724626	5	5	0.8700179988420107	-8.490486081390921	4	4
CBS	0.38540214903053027	-2.2255224896910373	5	5	0.7524653116266203	5.44677942119274	4	4	0.6984556709721927	-3.039802424967995	4	4	0.9325483006907843	-8.003014874675163	4	4
CCBL1	0.05481481528270899	-9.054921744075344	4	4	0.19308555946974781	12.583928668135105	1	1	0.04955936979930029	10.553403138059052	4	4	0.30179243291133384	-4.780393004451635	4	4
CCBL2	0.8397456015595552	-3.1151293579383506	5	5	0.6800217115562243	5.554830451488964	4	4	0.2344650018414225	-6.359950649870087	4	4	0.44546773066825107	-9.112659818081683	2	2
CCKAR	0.7144057817364327	-2.2593345777619573	4	4	0.7917324428554311	-0.07028949476395141	3	3	0.7846914046475043	-1.9832399186147303	3	3	0.0901424027348411	2.416748171397999	2	2
CCL8	0.3554942292779245	-8.244089369456796	5	5	0.05981683547320906	13.105870975994632	3	3	0.627413397287216	3.2279023625077836	4	4	0.2473808158275953	-13.68489364058347	4	4
CCR5	0.055709419721533975	-0.17910748771448434	5	5	0.21239572860832112	1.9709358067328562	4	4	0.0646065243975091	-9.470481886379483	4	4	0.21843721583784081	-18.065422562909497	1	1
CCT3	0.9496775033011016	-0.18399443693451384	1	1	0.38379122709431224	9.736094759551278	1	1	0.6089692055929158	0.9439295664378236	1	1	0.6984299020593342	-8.633849594839873	1	1
CD1A	0.7251759389949729	-1.8156970742600365	5	5	0.7014821047278834	6.4231004169053945	4	4	0.06332865833719861	-9.018571461382406	4	4	0.04551710017366292	-18.76096325835059	2	2
CD1D	0.7770952342274552	-5.08407941446425	5	5	0.7821079573131526	8.325674529105383	4	4	0.659229922639178	-3.0107814044537182	5	5	0.9895695423486784	-5.196704256043973	3	3
CD209	0.1532986196605888	-7.807541272382629	5	5	0.42747200249260886	8.883891645316849	2	2	0.7372705313059285	0.4445673595098434	2	2	0.6016371484058185	-8.780636312448099	2	2
CD247	0.31495831564176435	-4.9420589189187	5	5	0.9239084394407335	0.40189168425367566	3	3	0.06993251072808186	3.6814966093816786	4	4	0.035318068057475005	2.3348214369164193	4	4
CD33	0.27533214521145777	-6.256729990455708	4	4	0.4772562745439488	-0.8248594461420549	2	2	0.805020194132923	-3.6546660921382714	2	2	0.15765002101829084	2.7543016361489663	1	1
CD3D	0.46471863326889606	-8.588105759750617	5	5	0.7666884162174201	3.8633708644252804	2	2	0.2297142583263756	3.561518234249268	3	3	0.19333863106625393	-0.9154788028433384	3	3
CD3E	0.16622929661345665	-8.360451681340672	5	5	0.34449053052481915	6.30392931554467	2	2	0.159340864876792	3.8694019484487243	3	3	0.7937376011426427	-2.4293601274530463	3	3
CD3G	0.7670457471672338	-5.218296187065996	4	4	0.06746590383577478	-2.0583965369489414	2	2	0.792627135744244	-0.6261670369866384	3	3	0.331144186970852	1.31515924578368	2	2
CD4	0.11761500130196133	-9.943773674928737	5	5	0.8956929321458129	4.2800368738115475	2	2	0.4242835370523418	3.434444854876037	3	3	0.9270864972393051	-2.515317022047798	3	3
CD46	0.7205140266053222	-4.161483898638131	5	5	0.7746656876166776	5.611108940571569	4	4	0.4358236748352863	-3.305902910938986	4	4	0.8856559261797309	-5.028924020816318	3	3
CD52	0.3363925413553398	-7.977006552221724	5	5	0.13075084124225744	13.87617091876043	2	2	0.21411314772708323	4.095693744439215	3	3	0.9954978743064465	-11.066885219294301	4	4
CD55	0.7818689219529655	-4.870265956947186	5	5	0.4549198007785964	3.9765482961429655	3	3	0.16803399378212314	3.720015576278652	5	5	0.4666770094381949	-2.0193162092663677	4	4
CD80	0.008412048711232765	-9.436936284435868	5	5	0.10221247318357417	19.699078099745428	1	1	0.0817455610526698	9.36355338779237	2	2	0.9687157558347669	-5.259153813003791	3	3
CD86	0.4682130878349431	-8.901205540733399	10	10	0.6419766543205652	11.874805084709203	8	8	0.6411199130154176	3.936189570738106	9	9	0.4197281872641294	-4.764374721978463	4	4
CDA	0.17397769204466573	-8.115976073725843	5	5	0.68392511889157	-0.425241161362937	2	2	0.04955936979930029	6.8043570278804255	4	4	0.09157649117632893	2.360647224765812	4	4
CDC14A	0.9727003950388569	-2.3522403364388578	5	5	0.9497043410641458	5.577361231599898	4	4	0.16071322199403038	-6.736103426949747	4	4	0.289638945955366	-9.096602842730496	3	3
CDC14B	0.42480715889457366	-7.637455261116938	4	4	0.8678753682095685	-0.2431489688772821	1	1	0.4929630337814723	2.9923220835505266	3	3	0.14602895980960615	2.086081044932783	2	2
CDC25A	0.7580861874699827	-5.016402684960416	5	5	0.48249737846317997	6.310335086334205	3	3	0.83261298102165	0.4689471826867606	3	3	0.5476011867063071	-5.683072305373861	3	3
CDC25B	0.5236251773832263	-7.781492265329533	5	5	0.731810421723722	5.023289290239322	3	3	0.17848548694679933	2.9829059996921767	3	3	0.49476133145231505	-4.4805330032805655	4	4
CDC25C	0.6654235908170907	-5.461625390692634	5	5	0.9686286237487493	2.734119885398027	3	3	0.5464254839646112	-5.393425851775496	3	3	0.8913979296231909	-7.905001087791679	2	2
CDC42BPA	0.5236251773832263	-2.184984796460108	5	5	0.3958101835191862	1.9148358741707288	4	4	0.38521711432469496	-6.431372664792321	4	4	0.9551661367621639	-3.75225345283725	2	2
CDC42BPB	0.5565387849780812	-6.795155626320472	5	5	0.7830870879699032	2.6156958944276085	3	3	0.24765095400469528	4.6429995175608	5	5	0.4504767350856549	-4.6793786125697725	5	5
CDC42BPG	0.8641386124550783	-5.533848709083077	5	5	0.19181429298566155	12.44166968074446	4	4	0.816560395092754	-2.5047613435686524	3	3	0.12345510863444276	-15.035242205990095	4	4
CDC42SE2	0.5776096057176283	-1.928182445456832	5	5	0.20885897647466922	-1.2114720518095445	4	4	0.86435839778875	-2.5131173827838142	5	5	0.18238507065899523	1.6353633251157966	3	3
CDC7	0.16433347015696442	-8.383693059567738	5	5	0.5247281861377258	-1.0139184515662034	1	1	0.5357588109688503	1.0657633244107576	1	1	0.2739766883379883	2.2379973742505435	1	1
CDH5	0.8251817783493873	-4.781474166763124	5	5	0.7520470321080464	11.537600725503289	5	5	0.19504224842376872	4.21044959033491	4	4	0.6362877374589493	-7.605457256653975	5	5
CDK1	0.02991038495068399	-8.959823390050028	4	4	0.0981696967340243	19.98090453616446	1	1			0	0	0.1939212047781408	-18.313021769251954	1	1
CDK10	0.6744905006897103	-4.156953298425736	5	5	0.4414710411434746	2.426554843023744	3	3	0.4065719457943734	-3.853040432306631	3	3	0.6820945368121456	-4.633781560056866	2	2
CDK11A	0.47619685679962376	-4.24313986684807	5	5	0.4282529077397984	1.718716354655881	3	3	0.7518818941316937	-0.22890115929504332	4	4	0.24279877889186918	-4.1569438145552695	4	4
CDK11B	0.8239286914895245	-8.683498528114923	8	8	0.4283505686814554	5.033727898411775	5	5	0.07607188956387773	10.63865325933248	7	7	0.1874388811309119	-4.41323435519541	7	7
CDK12	0.2852568955108352	-6.733423532669481	3	3			0	0			0	0			0	0
CDK13	0.6927656854662068	-4.802541045267926	5	5	0.9507207862589255	5.400127895915123	3	3	0.535943373396271	0.25502406605303457	4	4	0.7562998120078067	-7.825631439668958	4	4
CDK14	0.35226395930353005	0.7327388944010288	5	5	0.313255028372343	1.8367888763071256	5	5	0.5862567602650975	-6.328917781103059	5	5	0.4641144340452932	-1.7866141155843238	3	3
CDK15	0.6973630741906693	-5.102643952745546	5	5	0.10932716589164193	-1.5048334722641226	3	3	0.7066873305402874	-0.7770490355925554	3	3	0.2553911319624397	0.8919150950971408	3	3
CDK16	0.8935800401313878	-3.263230103247027	5	5	0.6004986291119487	9.978837635103522	5	5	0.35877170471709874	1.3200057842385131	5	5	0.7306965808687735	-4.808087431257442	4	4
CDK17	0.5523700282837086	-8.415517335876183	5	5	0.20176461251143984	-1.5415987020149267	2	2	0.7854883733445616	-4.183727631914033	2	2	0.11582216212918461	3.1298351870757415	1	1
CDK18	0.8058573900368531	-5.29999376824523	5	5	0.5834900808767327	4.940499085950327	4	4	0.6026130949454249	-3.2142888384988617	3	3	0.8650501184450475	-5.873006724668328	3	3
CDK19	0.05491805443781112	-0.667983791452977	5	5	0.16474874522527216	4.3057624439764455	5	5	0.15844207723676818	-10.403846276579433	5	5	0.6820945368121456	-4.4267855779509135	2	2
CDK2	0.16814168572391996	-1.4863950383963471	5	5	0.028646036001787296	-1.8834857855605154	4	4	0.9019838579549863	0.32373346836745776	5	5	0.0666766330952226	2.074768280349213	4	4
CDK20	0.012928351093434761	5.760913304678971	5	5	0.5023260593146306	1.243404856955916	5	5	0.15152455261749767	-9.683864835003858	5	5	0.8283248036226699	-7.109929584054516	2	2
CDK3	0.3854967159129885	-6.8273374581692385	4	4	0.5668356124144751	-0.7101536222847828	2	2	0.17518104877517549	4.432424459619592	3	3	0.06528598760708697	2.1427895800933108	3	3
CDK4	0.9875891670534	-1.249701139819092	5	5	0.26231231033310787	3.1789402640198943	5	5	0.7058671361244975	-0.9495920652118315	5	5	0.17032705523113956	-0.5701215292167111	4	4
CDK5	0.7723299480302798	-5.07868979771916	5	5	0.32462984430099917	5.243875877858176	4	4	0.9904908079013143	3.4969145005544147	5	5	0.8959888013798673	-2.3277226844370706	3	3
CDK5R1	0.8155055567710212	-5.882506734630067	5	5	0.518209284259393	2.1027903911558146	3	3	0.9465706393513804	-2.6469540398516678	3	3	0.5303285251395151	-4.591445716026942	3	3
CDK5R2	0.1759562735296163	1.3814992970735744	5	5	0.8253056747074253	4.288833047431984	5	5	0.7177097300449508	-5.295124399779108	5	5	0.8445356641945179	-4.287826937227718	3	3
CDK6	0.5008778128145153	-9.39713138810321	10	10	0.6419766543205652	15.943929942069511	8	8	0.20454534848991524	3.392948610046581	8	8	0.8530975712994107	-11.393478479786976	8	8
CDK7	0.24224465072527646	-7.110019652545989	3	3			0	0	0.02463897940661671	10.794824872320795	2	2	0.17467831277558643	2.1889817926252224	2	2
CDK8	0.586141830064435	-2.377459107757628	5	5	0.8196062304539233	8.961697389885687	4	4	0.4199714631584993	3.294823801825622	5	5	0.7781544009139258	-9.861718788422275	5	5
CDK9	0.4026627652415692	-8.679933756696808	5	5	0.9775890450594203	5.1088613158299365	3	3	0.32946384672574525	2.9903124309489417	4	4	0.4328167340199195	-1.611417192562972	3	3
CDKL1	0.4422306915417815	0.446222449585379	5	5	0.9069749454022391	9.603977721350214	5	5	0.35051070309736587	-6.455601882573838	5	5	0.3696257417185146	-12.662238639537582	4	4
CDKL2	0.96277950935114	-4.857755897885888	5	5	0.06785659444055173	10.627629775648332	3	3	0.6918749690781016	-1.9137146495989275	4	4	0.2965397887509753	-15.759334197531368	4	4
CDKL3	0.7736662507406277	-8.153457126169277	9	9	0.10880104130088131	5.155149251460691	6	6	0.44528952130283095	-3.442609734716838	6	6	0.3879621107136858	-4.675081562111309	4	4
CDKL4	0.6836049221571479	-2.6839637549543895	5	5	0.9497043410641458	6.493405752160112	4	4	0.007851110620237071	-10.37078981715381	4	4	0.01861110766137834	-20.3046358316517	2	2
CDKL5	0.03974295375611534	2.0015848728299264	5	5	0.4592503784467781	5.040618246366903	5	5	0.29978667152449157	-7.643375386374178	5	5	0.9374795878480127	-5.057863506763408	3	3
CDKN1A	0.7770952342274552	-3.1294143093739355	5	5	0.3440613873543157	10.364564726539884	4	4	0.8332334338201515	0.05705441599127958	5	5	0.3124824587803954	-9.607253101799758	4	4
CDKN1B	0.1779515858761347	-7.652609137026496	5	5	0.021567602865429875	15.800295667013442	3	3	0.3742860548061535	-8.948839444597606	1	1	0.0038630228047231126	-20.2124977302871	3	3
CDKN1C	0.07879024968458276	-0.3676023192789355	5	5	0.913837767233215	8.367150036500982	5	5	0.8270380554187919	-0.9674293862995462	5	5	0.8789105686766774	-5.600810556524466	4	4
CDKN2A	0.21516800359035715	-8.71344485808072	10	10	0.18424382329951794	18.387578155328395	6	6	0.37937338396812503	2.3794896155569965	6	6	0.29864437177181	-15.74822500815666	7	7
CDKN2B	0.055709419721533975	-0.41699752859184325	5	5	0.7851132742816158	8.151386010812198	5	5	0.4625005982091511	-1.798531033570683	4	4	0.7735205110925591	-7.685095341441048	4	4
CDKN2C	0.06439768362389547	-9.073243339169247	10	10	0.7573152357135455	-0.012071475030323242	3	3	0.026097365781890935	9.220363037634067	6	6	0.002967654679233889	3.371755648229112	6	6
CDKN2D	0.46092704007166974	-8.788591853761195	5	5	0.1425435119118212	9.78932781555472	3	3	0.11845402068746197	3.1098966876639036	5	5	0.8700179988420107	-5.505105789979642	4	4
CDKN3	0.45339598408744497	-3.4825378118487382	5	5	0.21597553982287754	11.229110735266081	4	4	0.4410869463680115	-8.372914480634739	4	4	0.061561516522068475	-15.352221695287154	3	3
CDO1	0.12740391263417825	-8.303717253470076	5	5	0.18673218431587135	10.00489137047713	3	3	0.2419342725434538	3.6192923969550965	3	3	0.2711977273774755	-9.377687079192562	4	4
CEACAM1	0.47375397703286803	-4.6468524903895	8	8	0.5978532465272789	9.122343189670246	7	7	0.9676755074746823	-3.1766396377891244	8	8	0.39801317665411473	-8.16443937126912	5	5
CEACAM5	0.3719245441491863	-8.294415154953368	5	5	0.025820476432508996	19.2378835340899	5	5	0.37213735074568655	-4.729905668261209	2	2	0.012233374166138986	-19.25121310596621	5	5
CEL	0.9231688549796025	-1.7459661055917042	5	5	0.7233726617330447	-0.2421699116007788	3	3	0.535943373396271	-2.7583831515012345	4	4	0.7324566059522788	1.050080619247261	1	1
CELA1	0.4096947731568329	-4.209196869249399	5	5	0.7451094432611904	8.518197655530201	4	4	0.3250662141626942	-3.9497270831356883	4	4	0.34737875868023205	-9.35245412440279	2	2
CELA2A	0.6274455108970843	-1.8656481473406012	5	5	0.043539305730482536	-2.548541233039724	4	4	0.09583275600791037	-9.293661432799823	4	4	0.1510564044067528	2.771002828653014	1	1
CERK	0.7205140266053222	-4.954299852952611	5	5	0.6734813344087225	5.647214680060368	3	3	0.7183324464047374	-2.4809180281550733	4	4	0.5217971521146411	-8.41647464025518	3	3
CERKL	0.2887558143481591	-4.420544893144176	10	10	0.835997601978941	10.812617914450465	8	8	0.10340898641627157	7.478446329212578	10	10	0.24354895931682885	-9.855575354309915	10	10
CES1	0.25745536590746076	-1.4511607475410966	5	5	0.7389431665234396	8.054669722942444	5	5	0.04853505517172591	-9.459156211292168	4	4	0.04380968983381026	-18.70445376059417	2	2
CFB	0.5904297515026957	-5.325238553578735	5	5	0.1886139676974805	-1.1812751872620837	3	3	0.5883241854428083	-3.119277262276659	3	3	0.31540859306047697	1.378608240416833	2	2
CFD	0.8812925298221612	-5.057058514433268	5	5	0.9865522952025906	3.013114451122267	3	3	0.6838329733963899	-2.7898555904389255	3	3	0.7143319843313938	-5.644654443287611	3	3
CFL1	0.8837478620129392	-8.618443137799035	5	5	0.8091617172026402	3.7675784623347788	2	2	0.042172976478041906	-10.659039334861706	2	2	0.09169818378552001	-20.439183944848224	1	1
CFTR	0.8155055567710212	-2.068234395101455	5	5	0.9111408467360205	2.509042420051949	4	4	0.30785946649840323	-6.609324836883384	4	4	0.6566938352336994	-5.728784724530733	3	3
CGA	0.09172194485331185	-9.020575496624057	9	9	0.5302956798294436	12.804944685554844	5	5	0.3525283083520053	-1.7803763832915689	6	6	0.8789105686766774	-9.167235878259492	4	4
CHD1	0.1842248781330451	-7.439324798086094	4	4	0.09425567462516148	20.427271986424962	1	1			0	0	0.15765002101829084	-18.759389219512457	1	1
CHEK1	0.25046012988405364	-7.225156971854106	3	3			0	0			0	0			0	0
CHEK2	0.7345302304297185	-2.8984973364433664	5	5	0.20536509453891316	0.6737355181621698	4	4	0.7596787295692086	0.022122125986915247	5	5	0.5385255034333125	-1.2371012316642425	4	4
CHIA	0.796238686445729	-5.293157509470947	5	5	0.5702369356998382	4.506468255778371	4	4	0.8761489057087332	0.0157100168717584	4	4	0.8343169373703494	-2.1353447531461973	3	3
CHIT1	0.5482166560638387	-1.8039547100591244	5	5	0.47568033659075204	2.2832551105381254	4	4	0.3660233427803543	-6.2350735895757206	4	4	0.8856559261797309	-5.233725709987161	3	3
CHKA	0.5317590566476502	0.028830433029770213	5	5	0.8118516238839266	6.718646694761058	5	5	0.9524810399580087	-4.782374843853804	5	5	0.8700179988420107	-8.14211567753871	4	4
CHKB	0.8644011242538822	-2.2346710286956997	4	4	0.6249869088273721	2.3915175083660887	3	3	0.5127365733454055	0.512489250501365	4	4	0.2711977273774755	-4.319666909622319	4	4
CHM	0.3620106242520005	-8.47352282927237	5	5	0.09911650242301573	14.17431226390644	2	2	0.596462553845371	-2.1481046543907296	1	1	0.054917409377784575	-15.335265408508759	2	2
CHRM1	0.8446126894882864	-2.7017074768485165	5	5	0.40123171183354833	6.706050963788147	4	4	0.9751334888782764	-2.0544944229190256	4	4	0.5535333528659048	-9.046233396568644	4	4
CHRM2	0.35226395930353005	-5.950179901340333	5	5	0.7402807379176981	2.7781704022189735	3	3	0.8691337795055548	-3.107767977180781	4	4	0.7058164680531573	-3.5178290940849157	2	2
CHRM4	0.28592959058318146	-9.794054930048546	5	5	0.68392511889157	-0.4412188946583919	2	2	0.535943373396271	3.0346933301463674	4	4	0.14675079824891618	1.7598532937298164	3	3
CHRM5	0.9416556817544551	-4.790112702896522	4	4	0.37773454538502194	9.3726318472527	3	3	0.7564457059096086	-4.111444512685566	2	2	0.1798357575606958	-13.629706538997361	2	2
CHRNA1	0.49961222983689024	-4.1022409153500075	5	5	0.6571523066131331	5.603026052092801	3	3	0.9043013934051304	-1.124267414284083	4	4	0.8700179988420107	-8.667653364944131	4	4
CHRNA10	0.45339598408744497	-1.2626363877771276	5	5	0.3294194401213737	0.38956968304059547	4	4	0.2852170096486085	3.9883336365340525	5	5	0.14183427457886547	0.4616264358885956	5	5
CHRNA2	0.020127543012612416	-8.983644195299021	5	5			0	0	0.028064798520135038	10.829733184833565	2	2	0.07859465935145817	2.5166814124646333	2	2
CHRNA3	0.5947320564768949	-0.28619956690934273	5	5	0.313255028372343	10.037051513437177	5	5	0.7839919419285195	-2.17512481855531	5	5	0.3095235684848563	-12.321625939751932	5	5
CHRNA4	0.4917398287066179	-2.583310042482613	5	5	0.2792385652861885	-1.052215553599818	4	4	0.9398308330388704	-3.0148426273893563	5	5	0.17395866300991503	1.9092511731847726	3	3
CHRNA5	0.6654235908170907	-3.813156238752129	5	5	0.518209284259393	2.200422666387096	3	3	0.7050591166208675	-0.6916990346333091	4	4	0.5919630370991488	-1.8468295654180729	3	3
CHRNA6	0.7675732327331709	-4.43675489600727	5	5	0.624085750132112	6.073019100550401	4	4	0.16803399378212314	3.62584474592235	5	5	0.3879621107136858	-1.3817640990431581	4	4
CHRNA7	0.7345302304297185	-1.4311275214304924	5	5	0.9651679075663795	6.141025425010426	4	4	0.6528927461773759	-2.04125527466366	4	4	0.8139648565977974	-4.5914458860516625	3	3
CHRNA9	0.8251817783493873	-7.673250001799907	5	5	0.2910900892917013	9.598262121282794	2	2	0.4485871671034867	3.4920394022574683	3	3	0.9582959881692824	-5.669595544654245	3	3
CHRNB1	0.7112214573705313	-7.708620563117548	5	5	0.9060795621995646	8.055321637187292	3	3	0.28475148645843384	-5.184509730279687	2	2	0.20732834566563085	-13.63077470983127	2	2
CHRNB2	0.35874312396687147	-1.133650304868205	5	5	0.5834900808767327	6.5785268094423195	4	4	0.7596787295692086	-2.7436161940109662	5	5	0.21239151851507987	-9.880522094505805	4	4
CHRNB3	0.12205704902943779	-8.395697401484687	5	5	0.6040083502419533	-0.7226763435938963	1	1	0.09186183126611475	7.066136234519505	3	3	0.07121943892052889	2.2889704757553506	3	3
CHRNB4	0.9231688549796025	-5.404155414694659	5	5	0.9207070195028259	11.973755497096036	5	5	0.6853174527291608	-3.2624038654280647	4	4	0.7836748470848344	-7.96623325790554	3	3
CHRND	0.8690335729624106	-2.8589627802475976	5	5	0.8118516238839266	5.527275107539654	5	5	0.8394391855927853	-2.945869421604296	5	5	0.7143319843313938	-3.649487184292189	3	3
CHRNE	0.8886618099197483	-5.705082630432661	5	5	0.33668552683153763	6.964141009498827	3	3	0.36154766988101594	-5.784885842474947	3	3	0.08922659382847777	-12.590711253700192	3	3
CHRNG	0.2748409965808293	-0.9660909672753246	5	5	0.8271586415575614	2.7662213126054627	4	4	0.596181165341636	-5.905084414588694	4	4	0.7537091772080944	-5.309716375632333	3	3
CHUK	0.2613981530396754	-1.5984021283406484	5	5	0.7851132742816158	12.711649831354663	5	5	0.725001421612616	-2.5657472227023965	4	4	0.5731285292641912	-15.112893756348655	5	5
CIB2	0.96277950935114	-2.981263307579256	5	5	0.5901700428990586	2.492786101212005	4	4	0.8972505670990439	-2.3495666091900738	4	4	0.3465732279127026	-1.5216521028841121	3	3
CIB3	0.2973166090763525	-5.849045279797827	5	5	0.7658774872024416	3.344780076996663	3	3	0.22574019615004637	1.5102486224458909	3	3	0.5133369238656149	-1.676625484459689	3	3
CINP	0.21859487709706593	-7.325083694921077	4	4	0.07848320868309197	14.59925723982861	2	2	0.05196748125837746	6.466094014184119	3	3	0.39546642589326464	-6.891739487925175	3	3
CIT	0.5399564771635108	-8.84404459458385	5	5	0.17573061690603475	10.317992820078086	3	3	0.13115893307196952	6.945402893999269	4	4	0.6799540307796483	-9.197211605998445	5	5
CKB	0.9925533080407308	-2.9756054017339184	5	5	0.7159237878916427	2.2570459803870864	4	4	0.627413397287216	0.4411502285722207	4	4	0.43285091595975	-1.3444520176348866	4	4
CKM	0.6026280820858319	-6.179271128656911	10	10	0.9323866071844752	9.842142285649416	8	8	0.8488721029531907	-8.715243792278528	9	9	0.9654328168397448	-15.467488352705798	8	8
CKMT1A	0.23003481532781378	-7.800360896059462	10	10	0.6130932588333895	9.575884869623993	7	7	0.05644580148594309	-10.081464851050082	7	7	0.17032705523113956	-12.428462366346174	4	4
CKMT1B	0.38001219337327874	-8.917688162681243	10	10	0.0801507261135795	1.329262215686783	7	7	0.07718375218342545	-10.551474898590628	7	7	0.6234923165450892	-4.364470617624872	4	4
CKMT2	0.9380058413771041	-2.433336223128434	5	5	0.15954954514909359	12.82708876368926	5	5	0.2575346953964698	0.5721646232932719	5	5	0.4036539047656056	-12.275617823098756	5	5
CKS2	0.008725563081039223	2.60301518143512	5	5	0.8795980919872574	6.450912326502134	5	5	0.05400583882521026	-9.723802265240359	5	5	0.16186926900320986	-12.152674699405734	3	3
CLC	0.7345302304297185	-6.0799995871015255	5	5	0.29862271666339757	-0.9751183158220998	3	3	0.4151361599519968	-2.7993318463266665	4	4	0.21420310243379503	2.4754767324468983	1	1
CLCN2	0.6474368805806119	-2.009383010333956	5	5	0.7159237878916427	2.113696804086296	4	4	0.8894132602842247	-2.62540690186458	5	5	0.3460311401410645	-4.190233305748127	4	4
CLCNKA	0.7421599675845246	-9.506040409918244	9	9	0.2998332671130668	15.5145349113073	7	7	0.9653587889477032	3.4033977258662786	7	7	0.09293867557342024	-15.71125962107755	6	6
CLEC3B	0.3620106242520005	-1.487742902140366	5	5	0.38434375366436746	12.201041375630831	5	5	0.8768704073296054	-0.43757056830190916	5	5	0.5019209615503581	-9.851792717854861	4	4
CLK1	0.7723299480302798	-5.48442819322844	5	5	0.2587777236872678	7.798046949756144	3	3	0.8893057705455722	-2.254638925576294	3	3	0.14675079824891618	-9.894370277058856	3	3
CLK2	0.8058573900368531	-5.249691498495647	5	5	0.8529114166419892	5.9209380606734845	3	3	0.15037126165544032	-6.795790019432694	3	3	0.1250254791133371	-14.788899133293715	2	2
CLK3	0.27896893650207577	-9.0713591562327	10	10	0.2031457381732391	16.15947710799049	6	6	0.4672164547493336	1.094167627094521	5	5	0.4555462503734935	-16.1934993578867	6	6
CLK4	0.7439240790322463	-5.867466560429289	5	5	0.5477323952642674	2.1410156055809124	3	3	0.8411815169101106	-0.6155317902721168	4	4	0.7241099307622376	-2.156637296208057	3	3
CLPB	0.6085711400834455	0.38614028855666954	3	3	0.16866955242440906	10.248507187361184	3	3	0.8148327621002157	-3.9528945096129875	2	2	0.10998312675565276	-14.124296305952925	2	2
CLPP	0.48782873876722077	-5.798347773658995	5	5	0.23583242345924338	6.960975172401883	3	3	0.5260452095634913	0.902109572335581	3	3	0.4966332316200591	-5.900550001792721	3	3
CLPS	0.96277950935114	-4.728981045815474	5	5	0.4152680050824561	-0.7052290271190067	3	3	0.3893091840498266	-5.803546744848622	3	3	0.23597275505870985	2.3738745242177117	1	1
CLPX	0.5216016461862709	-5.724480057414378	5	5	0.6588174378980718	9.545590902823806	4	4	0.5954490857968178	-5.3508563103281865	3	3	0.12902600533672134	-14.585689963845514	2	2
CMA1	0.07068033219157666	-8.75833088001778	5	5	0.29342942129780336	9.585440850706432	3	3	0.6900654181700063	-4.36892561635854	2	2	0.13732463494998964	-14.20645313790228	2	2
CMAS	0.02873703950710739	2.4276913984698343	5	5	0.7065208124412616	9.460184868367092	5	5	0.45753825442257035	-9.35132555096339	5	5	0.3636353207574934	-15.334365907086491	4	4
CMPK1	0.6564053415192777	-6.862079547771418	5	5	0.18529079267075121	14.330079975780377	4	4	0.2633037389143783	1.5672850349129577	3	3	0.5919255611458201	-12.036125159339221	4	4
CNKSR1	0.9361104539929591	-5.036567645501758	4	4	0.2607011539482684	9.499198395653544	2	2	0.2790900882061077	-5.46276756299551	2	2	0.10645543486541928	-14.803551090810734	2	2
CNKSR3	0.4167992957708768	-4.110118717145402	5	5	0.22277660800081023	1.6621326951697277	3	3	0.40501381561647576	-3.3137173075295507	4	4	0.4948105194275715	-5.104471321732232	2	2
CNR1	0.22121540553255548	-8.15611812804346	4	4	0.38085195277815376	9.73107358890374	2	2	0.4672670378164534	1.450926976825747	1	1	0.6820945368121456	-8.800029667537242	2	2
CNR2	0.9826255065052809	-2.811089151286963	5	5	0.8045521659197685	6.7950753266543105	4	4	0.3707649456274076	-8.442405141818307	4	4	0.3533121947871367	-11.96656862026682	3	3
COL2A1	0.8985023658099028	-4.187785900451071	5	5	0.10645577636616343	16.347805407540942	5	5	0.24878231313626042	4.106273932275043	4	4	0.3047578096938506	-12.912069943004141	5	5
COMP	0.9034285996445213	-6.614265797098324	5	5	0.18752321777447734	9.948375966213442	2	2	0.15630708911566027	3.750035342533886	3	3	0.7537091772080944	-4.871040260263656	3	3
COMTD1	0.2433527622901227	-0.14085132953603305	5	5	0.37495372017740947	-0.2921030844783612	5	5	0.659229922639178	-4.745225043849422	5	5	0.289638945955366	1.4743456695776487	3	3
COX5A	0.30021009289674705	-8.65771942618185	5	5	0.6241937351395894	8.193953923268529	2	2	0.3001377869640246	3.4980930049127683	3	3	0.6470992692887374	-2.751432528010497	2	2
COX5B	0.6580409933914786	-5.398853972075739	4	4	0.585768495801301	8.89392772931804	3	3	0.029926568386257332	-10.650287494788476	2	2	0.031999957593556984	-19.450784151507378	2	2
COX6A2	0.014103111724123159	-9.544193902155115	5	5	0.8525001849209676	1.4399781313504132	1	1	0.019534197698192	7.999945841934351	3	3	0.10500615743814905	1.9738421108713056	3	3
COX7A1	0.04974345023081657	-8.676413488243583	4	4	0.1829449902983925	10.963592938722508	2	2	0.17759090178706305	5.291047158272387	2	2	0.6010295810233537	-6.374473608706768	3	3
COX7B	0.8058573900368531	-7.188813300418276	5	5	0.2910900892917013	9.522012231006492	2	2	0.10113570026105023	-9.536671188105698	2	2	0.042156681315677465	-18.90036782083861	2	2
COX7C	0.04077525082175903	-8.657574751649364	4	4			0	0	0.21223150897520326	9.432894654058117	1	1	0.1510564044067528	2.827051574362544	1	1
COX8A	0.8203402492304765	-7.87771935777172	5	5	0.03780474658989863	-2.6748291598189677	2	2	0.18169620949729814	-9.136939418788618	2	2			0	0
CP	0.669951034500902	-8.060357709160234	5	5	0.7249049401229793	4.480302939378353	2	2	0.5392328430533015	-4.6502043971116285	2	2	0.4847140862230581	-8.972191738216399	2	2
CPA1	0.12775139297686175	-7.592801390205659	4	4	0.5951993019223474	8.399774457369361	2	2	0.3105272504612949	-9.419691239998047	1	1	0.09169818378552001	-20.466690879936344	1	1
CPB1	0.9826255065052809	-4.5529748311603235	5	5	0.10324588969617131	-1.5111706179258935	3	3	0.3428868132504731	-2.9557310806132073	4	4	0.19003936926237697	2.51843393305856	1	1
CPD	0.1759562735296163	-1.3190345963818058	5	5	0.3216349663483473	11.812605687800149	5	5	0.6534878203273687	-0.397123930781238	5	5	0.4036539047656056	-12.232214366180807	5	5
CPE	0.581868409522028	-5.61961340383613	5	5	0.4152680050824561	-0.6876441874057564	3	3	0.6401000251036922	0.037387631703413714	4	4	0.8753424576431064	0.4517234852303827	3	3
CPO	0.8276050188584857	-4.455378448805903	5	5	0.4346862998706067	9.301019521089398	4	4	0.9876614100555153	-2.565372893122286	3	3	0.3268512455657838	-9.368296867042211	3	3
CPS1	0.1428365695316339	-0.7782938218175849	5	5	0.6004986291119487	5.523181409927453	5	5	0.31638607723929146	-6.17904144701104	4	4	0.8650501184450475	-5.383279356183221	3	3
CPT2	0.05651026231576874	-9.358835852902176	5	5	0.507353902237749	9.041534125818842	3	3	0.6914202086128467	-3.1280096311997316	3	3	0.23418629399159607	-12.205630392711692	3	3
CRAT	0.04220205616820466	-10.052188456286457	5	5	0.1169944375551616	10.671905459917125	3	3	0.21411314772708323	4.348285364804826	3	3	0.9146227418967077	-9.7058805128911	4	4
CRB2	0.9878339855613061	-8.635979855673037	10	10	0.8471103178390017	11.690590706522011	7	7	0.876523446383987	-2.8069330259632785	9	9	0.9393796174719374	-12.272181422234768	7	7
CRH	0.1759562735296163	1.6779801388862572	5	5	0.7751494664079371	5.775846062119709	5	5	0.4770071137076034	-5.379890932911823	5	5	0.8139648565977974	-5.719124712145375	3	3
CROT	0.042836566686099954	-9.096052920697437	5	5	0.4995378926600561	-1.0969282280262398	1	1	0.9747526697951306	-0.7577615407976199	2	2	0.9636439973454611	0.23464096705796855	1	1
CRP	0.44593486713607366	-1.9338794653678495	5	5	0.14415275867324837	-1.6245859334257158	4	4	0.8621289391457794	-5.240989980257315	4	4	0.0901424027348411	2.4084204047895303	2	2
CRYBB1	0.9281118048858265	-7.827861837890546	5	5	0.9651679075663795	11.697246815088116	4	4	0.5602262931545183	-3.1551409920721354	3	3	0.08922659382847777	-13.102427727431598	3	3
CRYZ	0.7580861874699827	-5.0755940845569665	5	5	0.6378839758062542	4.973367811316288	4	4	0.9056215408876463	-2.305779435608241	3	3	0.3601334303089583	-4.221298451174753	3	3
CS	0.8203402492304765	-4.670612261114898	5	5	0.9149886544649928	2.676188565148049	3	3	0.49568156501967586	0.7286821656901069	4	4	0.48839135332375516	-1.6150146498635813	3	3
CSAD	0.16647437564313383	1.15596317223417	4	4	0.24225447744842854	2.1482671465640113	4	4	0.030797678020273115	-9.890246844086183	4	4	0.34737875868023205	-9.48723182887112	2	2
CSF1R	0.1462612431705856	-8.618178844699793	5	5	0.5668356124144751	8.759427880245708	2	2	0.3507994958490671	3.1339292542611052	3	3	0.8787148714580514	-4.155772243937823	2	2
CSF2RA	0.3104915801410548	-1.5324341014889338	4	4	0.23142165268800285	1.352632640616461	3	3	0.11118962732152067	-7.389699194563239	3	3	0.29446852463267126	-10.560512513455798	1	1
CSF2RB	0.17518191493506707	0.9453584011606638	4	4	0.33913524261838335	-0.8561342933801033	4	4	0.40501381561647576	-5.544742913144339	4	4	0.6016371484058185	0.8064669315535831	2	2
CSK	0.5565387849780812	-2.0673747782445866	5	5	0.3890922442519903	13.15846105550232	5	5	0.3930252598185697	2.9725258371959757	5	5	0.6291261945711006	-9.484982465347645	5	5
CSNK1A1	0.9646203618426535	-4.030587280803306	3	3	0.4511476761767489	9.404993143520237	1	1	0.11217714211982344	-10.83472873927689	1	1	0.10081282887310952	-20.081406284523545	1	1
CSNK1A1L	0.660908312608193	0.19234460753009405	5	5	0.5707391645317546	10.58082961501109	5	5	0.7356007307959467	-6.004270102603215	5	5	0.2711977273774755	-12.914395865682076	4	4
CSNK1D	0.46092704007166974	-8.729014644051695	5	5	0.11407256326979524	-1.8257327074995953	2	2	0.40076756889125	3.6108807724909844	3	3	0.0867926661869571	2.0650359253471566	3	3
CSNK1E	0.586141830064435	-5.25535997188123	5	5	0.7746656876166776	7.986665949556387	4	4	0.8342231904643367	-3.4265530430006574	4	4	0.7143319843313938	-7.941556950703297	3	3
CSNK1G1	0.8543645009799363	-5.7078422932481985	5	5	0.42173115071459977	2.0600217777233962	3	3	0.17518104877517549	-6.68959328165455	3	3	0.8660628631556315	-8.338811236128226	2	2
CSNK1G2	0.8251817783493873	-0.4326022493325185	5	5	0.7984529001193882	6.207591961757589	5	5	0.9082785869431553	-2.4544012443836976	5	5	0.7735205110925591	-5.980607706131578	4	4
CSNK1G3	0.017609005612408142	-9.658948016323505	5	5	0.49453005034620534	8.278075782067518	2	2	0.011575810975603168	10.166246878855402	4	4	0.14082638540874928	-0.5023763998017673	4	4
CSNK2A1	0.8155055567710212	-4.866194176745416	5	5	0.40844054685482256	15.94439479781059	5	5	0.06880697872500212	-9.228519150323763	3	3	0.024540622694361035	-17.932488374377318	3	3
CSNK2A2	0.8886618099197483	-2.577999988384698	5	5	0.41497895309580546	2.496436869896748	4	4	0.6477661630544048	-2.403385446162017	5	5	0.17813478564594798	-1.0159978396242255	3	3
CSNK2B	0.9826255065052809	-3.0762817979869177	5	5	0.29237836000836925	2.3893314740213802	4	4	0.21740231054809367	-9.102453985798723	4	4	0.327087439863353	-10.009881261864228	1	1
CTDNEP1	0.6407438113961202	-2.053146161211887	5	5	0.9188397521484034	3.103480961309154	4	4	0.659229922639178	-3.7249898266784633	5	5	0.6566938352336994	-3.740154918463981	3	3
CTDP1	0.17996369266066836	0.735577005832898	5	5	0.1161708543717043	1.9574153732502644	5	5	0.08981592181901664	-9.90767727148645	5	5	0.7663400909455875	-7.027567694352104	2	2
CTDSP1	0.1945238595143287	-8.255954257919312	5	5	0.4755189769734055	8.668449923079846	3	3	0.6401000251036922	2.729388157134816	4	4	0.7241099307622376	-6.031789227432303	3	3
CTDSP2	0.8251817783493873	-4.315772488931971	5	5	0.4817049394434679	8.949170806816573	4	4	0.9219772462611487	-2.278039360805753	3	3	0.3465732279127026	-8.888210599816544	3	3
CTDSPL	0.7439240790322463	-2.2292929506157364	5	5	0.34903297160981595	9.772593505045833	4	4	0.0959950961557076	4.514720365241097	5	5	0.5799975159501121	-8.302376845864375	5	5
CTH	0.8446126894882864	-5.5609422467680405	5	5	0.013223802185346663	-2.3569461958350093	3	3	0.02883866413905455	-9.944342081262933	3	3			0	0
CTLA4	0.1532986196605888	-9.086736920326414	5	5	0.6637702511666445	3.6951009553389325	2	2	0.9344199968420341	0.08120753551888184	2	2	0.6820945368121456	-3.455577821546469	2	2
CTNS	0.9826255065052809	-0.8114208592966857	5	5	0.2773379466103324	10.211031999678868	5	5	0.45753825442257035	-8.84664611340355	5	5	0.07737299867277905	-15.800248397731764	4	4
CTRB1	0.3888176180148173	-8.000455026891588	5	5	0.3104243728495618	-0.36668128341723927	2	2	0.21083350165903247	3.6544905860187016	4	4	0.10223228122064074	1.8091656766113005	3	3
CTSF	0.37526624445561163	-1.791437147170314	5	5	0.8659613684479033	13.582025129917142	5	5	0.8902078449824304	-2.3109878169535514	4	4	0.7306965808687735	-11.964114576928793	4	4
CTSG	0.32403203580901174	0.9520551105152851	5	5	0.5532273238028054	10.648842787024265	5	5	0.3148444275739728	-8.662613837132463	5	5	0.06340115683245598	-12.791531709795548	3	3
CTSH	0.3205735545250745	-5.480164700452168	4	4	0.14540757780846117	10.534164009739385	2	2	0.6485819242248493	-4.472606292796382	2	2	0.0635566719084106	-14.848454704262181	2	2
CTSK	0.6973630741906693	-8.118291577524284	5	5	0.18752321777447734	10.0915976050653	2	2	0.8406659733061108	0.2104756715055264	3	3	0.3533121947871367	-9.085339192680427	3	3
CTSL	0.11729443762692177	-3.7883650980244217	10	10	0.9810473173672651	9.094658484257826	8	8	0.22528365283057739	-9.360120244544392	8	8	0.3482724832545975	-17.618908673081055	7	7
CTSS	0.5747184398727957	-4.341562886016523	4	4	0.37773454538502194	8.898774454458003	3	3	0.9848499835176708	-0.055159957603580834	2	2	0.3465732279127026	-8.940709771707168	3	3
CTSV	0.2694082673095187	-3.49872911856913	5	5	0.6873156375072493	14.636497383458236	5	5	0.28721399761160005	-4.626385343333621	4	4	0.07541540396030966	-13.011456611138058	3	3
CUBN	0.20544098866675609	-8.130054619936589	5	5	0.18647576289842605	-1.9756219318041062	1	1	0.8842518965218629	-0.3635681351763518	2	2	0.2739766883379883	2.220005620689573	1	1
CUTA	0.7486354337397085	-8.15434028788904	5	5	0.9239084394407335	5.0610526286846325	3	3	0.5172694057571987	3.355378306035768	5	5	0.7438000152380875	-2.346810496775101	3	3
CXCL10	0.0009017849753545313	2.718964364058945	5	5	0.1102615700604092	1.26569311473057	5	5	0.02188926772410298	-9.92199119323527	5	5	0.4658179681935668	-9.441611076106083	1	1
CXCR1	0.4257812785281928	-4.634500243828323	5	5	0.3105344656759489	4.726095127558888	4	4	0.4254064936147064	-4.22822466190953	4	4	0.6379060901010708	-4.8777012780984546	3	3
CYB5A	0.9677393280591112	-5.817819369126678	5	5	0.2832256015084008	1.8189747528116929	3	3	0.9145790807640422	3.664512691024807	5	5	0.4251875498506298	-1.8471556778079876	3	3
CYB5B	0.6142671356529706	-4.150185671550923	5	5	0.2832256015084008	-1.0101657235364623	3	3	0.7586507876176383	-3.3010119810564866	4	4	0.22522279045894378	1.8277700078707788	2	2
CYB5R1	0.9975177373139092	-5.352727071531137	5	5	0.20618525730562753	1.2383379463658546	3	3	0.486482969484068	-3.2969313839196226	3	3	0.44546773066825107	-2.8097738928500977	2	2
CYC1	0.8045610003555597	-4.488813122538929	4	4	0.4152680050824561	9.239858008825497	3	3	0.14720251710714832	-9.21383414817257	2	2	0.042156681315677465	-18.741232865268536	2	2
CYGB	0.873933557973914	-2.845584733792949	5	5	0.21239572860832112	1.6076890274902702	4	4	0.7117797418322476	-0.3261519941857884	5	5	0.43285091595975	-2.3507220591198563	4	4
CYP2C18	0.1159918547772143	-7.811407257314111	4	4			0	0	0.006594823485155605	10.87783362294683	3	3	0.005360178502619491	3.379485547415771	3	3
CYP2C8	0.30605320289601023	-8.398643279938229	5	5	0.23583242345924338	12.432900770297037	3	3	0.5193391636570892	2.733872604366088	3	3	0.2956344520033972	-9.151054468899405	3	3
CYP2C9	0.19883850112586332	-8.944772740492201	5	5	0.6315815854958577	-0.6860215691955993	1	1	0.6531407664878905	0.7356646022995612	2	2	0.4119522845987731	1.8076059346795326	1	1
CYP2D6	0.7112214573705313	-7.829022992300307	5	5	0.443721439929032	8.902273497434978	2	2	0.8811649947325965	-0.40911281683290585	3	3	0.7636590663535476	-8.333056411209908	3	3
CYP3A5	0.4275912420825324	-7.789192547787646	5	5	0.4152680050824561	8.491756210198085	3	3	0.627413397287216	3.104483296482108	4	4	0.5049486807858136	-7.333705097691915	3	3
CYP4A11	0.0859233840478695	-8.781849983997567	5	5	0.1885317324150534	12.66743514751611	4	4	0.5464254839646112	0.8159218870609508	3	3	0.4641144340452932	-8.62910005735799	3	3
CYSLTR1	0.013741146985712684	-9.497823337597975	5	5			0	0			0	0			0	0
CYSLTR2	0.7564224406426793	-1.414913948068925	4	4	0.9686286237487493	2.9336488405717263	3	3	0.7453629792924547	-2.9481787764543754	3	3	0.9679675506516953	-4.5371300726004575	2	2
CYTH2	0.507551045576488	-6.908783048774564	5	5	0.6871474617411502	6.466006559200277	4	4	0.9629960299111844	-0.03930935573182246	3	3	0.5997482906588206	-6.353375378268563	4	4
CYTH3	0.4370419727685524	-5.7547641749401235	4	4	0.08455847746142263	12.7909240339032	3	3	0.4736621667752884	2.7679259877748783	3	3	0.11670352536619152	-9.86468244785474	3	3
DAO	0.9972192241481194	-2.307539624174144	4	4	0.10932716589164193	-1.3174096309335521	3	3	0.45709346175782395	0.6797803318590763	4	4	0.061561516522068475	2.3816353492960176	3	3
DAPK1	0.9528643831895542	-2.821704378900893	5	5	0.469821252036388	13.17175578169992	5	5	0.8831381715323786	-3.755312510793051	5	5	0.3234189707883901	-12.659799704729814	4	4
DAPK2	0.09854009059512168	1.21955796398566	5	5	0.712965022309601	5.378222276305125	5	5	0.35462601454418563	-6.335407169382935	5	5	0.643483436506846	-11.85641474496046	5	5
DAPK3	0.11908136672987145	-10.217130239151178	5	5	0.9724775751732075	4.091488670418389	2	2	0.3950132568095176	1.3468063271598867	3	3	0.46486056438592327	-2.167127717407761	2	2
DAPP1	0.7818689219529655	-4.368376152334283	5	5	0.7598437280264725	5.866158958758376	4	4	0.4625005982091511	0.4689166127824606	4	4	0.9594980633084279	-5.302848095294181	4	4
DARS	0.41277483474733967	-1.39531591282222	4	4	0.39000691459758685	2.175051442811418	3	3	0.0206371924604262	-10.296528858421963	3	3	0.10081282887310952	-19.746878933271958	1	1
DARS2	0.26404969238256526	-8.61468193514486	5	5	0.18647576289842605	-1.9654620655838837	1	1	0.9848499835176708	-0.03602524614235758	2	2	0.9454895850192585	0.5421600029338247	1	1
DBF4	0.7251759389949729	-5.158516000027704	5	5	0.1169944375551616	-1.5460004743075502	3	3	0.31638607723929146	-3.564162265413371	4	4	0.1510564044067528	2.7675231926722024	1	1
DBH	0.507551045576488	-1.285009516599038	5	5	0.3642197826147223	2.415760232949909	4	4	0.7177097300449508	-2.9220425103304155	5	5	0.7143319843313938	-1.9819761426181017	3	3
DBI	0.9340286989563088	-8.491455844863403	10	10	0.6712719558743518	19.15108728490254	9	9	0.917515539831688	0.5812192219274804	7	7	0.47092688513161574	-16.329708672580583	8	8
DCD	0.44593486713607366	-8.330412632716467	5	5	0.435553009152702	-0.9372713708993201	2	2	0.2524552196544402	4.709129990897998	4	4	0.3268512455657838	1.2627359084512293	3	3
DCK	0.7818689219529655	-2.229798158369661	5	5	0.25015966799340983	1.7017437087262806	4	4	0.5300924606300539	-5.715993801414619	4	4	0.2956344520033972	-3.7306828207235827	3	3
DCLK1	0.30605320289601023	-9.116645378808578	5	5	0.5477323952642674	6.282856737176419	3	3	0.07324781391199119	-10.00184632198831	2	2	0.1714880189307838	-18.672445293319797	1	1
DCLK2	0.8788383827548104	-3.4792214810878974	5	5	0.6036345294692856	3.92364858376135	4	4	0.7778928060653015	-2.960524571704656	5	5	0.11283625730798515	-3.564485155578767	4	4
DCLK3	0.5649220302157778	-5.0178215129024695	5	5	0.016438664634388634	-2.285970492563157	3	3	0.9043013934051304	-0.10139813130946058	4	4	0.07541540396030966	2.094000626536627	3	3
DCPS	0.09366423222160332	-8.072732305783576	4	4	0.12931924184002297	19.0457023894742	1	1	0.05512674058304592	9.75022644777778	2	2	0.8139648565977974	-5.224800567522945	3	3
DCTD	0.706591112613975	-1.6777075710892182	5	5	0.5134194887209047	4.421657040894712	5	5	0.7476089493407241	-3.128254276210716	5	5	0.3882370910564902	-1.169138372995607	3	3
DCXR	0.07068033219157666	-8.991286274783901	5	5	0.9944944666811336	4.599789964202634	2	2	0.9876614100555153	-2.1769992608123316	3	3	0.39905634628380304	-9.25423809182759	2	2
DDAH1	0.2458756682265275	-1.6867675375436633	5	5	0.5302956798294436	12.315295637647813	5	5	0.025101959746889044	-10.267601775033905	4	4	0.039441406366936264	-18.604242533021687	4	4
DDAH2	0.8641386124550783	-4.528753233595868	5	5	0.8617331994047407	5.056609969860792	3	3	0.8406659733061108	-2.5129613795804024	3	3	0.7786317183153296	-7.568745671223095	2	2
DDC	0.8494857165073755	-2.3650368426597903	5	5	1.0	3.6548922544616094	4	4	0.4672164547493336	1.277859914565326	5	5	0.9594980633084279	-2.6440991596720878	4	4
DDR1	0.04211340851009179	-4.585970140983831	10	10	0.2654257662042997	8.324832190338418	9	9	0.6537609269941094	-9.753468273869286	9	9	0.9839450828731499	-5.147651587138647	5	5
DDR2	0.6084247376460239	-4.951548282777851	4	4	0.29342942129780336	9.136592607918042	3	3	0.8085624237885212	-2.7849140428059402	3	3	0.1646959789197946	-13.596648623147278	2	2
DDX39B	0.5233889936879109	-7.105001833128983	1	1			0	0			0	0			0	0
DECR1	0.7251759389949729	-8.602424801865686	5	5	0.5477323952642674	8.887699375257169	3	3	0.7586507876176383	2.5002212555289485	4	4	0.8753424576431064	-5.636014363763572	3	3
DGKA	0.34137212285419105	-5.478974660798467	4	4	0.826560501188073	5.688457364355016	3	3	0.40076756889125	1.0690139140713706	3	3	0.8343169373703494	-5.054192925438204	3	3
DGKB	0.5691363040533048	-0.11303925899746843	5	5	0.8253056747074253	5.706752278220101	5	5	0.5276030493741566	-9.632381526312345	5	5	0.43950033104109754	-12.343128345512412	4	4
DGKD	0.32098872758613173	0.5118815675794238	5	5	0.30502011036829124	10.423940899461046	5	5	0.8023677073769095	-2.2983270959015907	5	5	0.3651769592931742	-12.563952397089054	5	5
DGKE	0.9132920403032543	-3.2255561882170647	5	5	0.9729049712708331	7.099801466506062	4	4	0.8956952855414111	-2.0958945522392614	5	5	0.9774922380570643	-9.27747190638083	4	4
DGKG	0.7818689219529655	-4.726199916926027	5	5	0.8353240002260773	2.335534510297989	3	3	0.21369298974064188	4.105514723792706	5	5	0.2158727325054437	-3.021587937875123	5	5
DGKH	0.5815501937449638	-8.090430501463524	10	10	0.5301123749545026	16.261577995080348	8	8	0.8910533709766171	-3.0734259690364785	7	7	0.40581299208397426	-19.222508605526706	8	8
DGKI	0.055709419721533975	-0.4515553670123073	5	5	0.7821079573131526	4.830827685973632	4	4	0.9145790807640422	-3.2418579859272794	5	5	0.6076174837814818	-6.655433824401324	4	4
DGKK	0.8397456015595552	-4.07655524927904	5	5	0.651808819761505	4.7623444976352065	4	4	0.978684923500039	-0.36500814001197	4	4	0.6757011822409351	-1.9023754361374572	3	3
DGKQ	0.18608271595125714	-4.204477198118505	10	10	0.11930242286192722	5.943365823415145	8	8	0.8199907276268248	-9.172720646393978	8	8	0.48752491672666154	-4.387713523880701	5	5
DGKZ	0.7144059390287997	-5.270382239055336	4	4	0.8956929321458129	4.05666156571684	2	2	0.21409973640643587	6.1980044783986346	4	4	0.43285091595975	-1.8159390041170962	4	4
DGUOK	0.32098872758613173	-8.362274494331109	5	5	0.443721439929032	-0.8636027242241253	2	2	0.8245775169350323	-0.525151832492249	3	3	0.9168443588408726	-0.020136894502919667	2	2
DHCR7	0.8106778782225714	-8.100394169985206	5	5	0.7744684353190315	5.264864732421479	3	3	0.41420196038575163	-4.94647947467835	2	2	0.9041088338302047	-8.303691426703702	2	2
DHFRL1	0.4096947731568329	-2.1687019693899194	5	5	0.3745702996989678	1.8201079543666314	4	4	0.5900207022844324	-6.09170689597192	4	4	0.9807772245834527	-3.374367908192803	2	2
DHODH	0.4240273447501205	-9.172615939984974	10	10	0.08368612552987231	16.44708111810353	6	6	0.7177097300449508	2.324108690258459	5	5	0.15572620472948007	-16.045602942878634	7	7
DHPS	0.4385441842996197	-3.8250901068080387	5	5	0.3540499420404086	8.927210746304171	4	4	0.33837416970480005	3.169491156307007	4	4	0.9684931454948266	-5.8569705425300365	4	4
DHRS11	0.9694188949074174	-5.547540738641863	4	4	0.22195788313876263	-1.5267726058911837	2	2	0.7610212360436583	-2.841786823709518	3	3	0.16445942242404576	2.6957009098420404	1	1
DHRS4	0.20767683912981494	-8.774905149952618	5	5	0.17376037847253	-2.0375496809473077	1	1	0.9646594006097682	-0.0857746121656291	2	2	0.5086582144193044	1.5165925862343919	1	1
DHRS4L1	0.3458593622410663	-6.537876242411337	5	5	0.1118375079424393	10.194076976006121	3	3	0.7536363149294305	3.6682810157514063	5	5	0.6947607307258534	-17.65329841870821	5	5
DHRS4L2	0.4026627652415692	-5.426760640791684	5	5	0.8529114166419892	2.819785766014473	3	3	0.12447336861214064	4.001699550962155	4	4	0.13191930584859052	-1.4566599315951887	4	4
DLAT	0.8244838203278755	-4.569849532647662	3	3	0.19986588073619793	-1.924091631164023	1	1	0.14848839311749812	-10.179557236274333	1	1			0	0
DLD	0.43294132367341	-8.055449178843267	4	4	0.5300564845074633	9.064021604665605	2	2	0.33691962743437187	-9.265219890962248	1	1	0.10563348227890615	-19.469140971169235	1	1
DLG4	0.8467589140409353	-9.453664437631089	9	9	0.5532000922986464	13.98556262264938	7	7	0.9032383889624624	4.068977558353376	8	8	0.5290071254685225	-18.574517351053707	7	7
DMPK	0.39704983868365906	-1.265433453625689	4	4	0.8804356894793568	8.261716844530683	4	4	0.5126775198981743	-3.251731449515418	3	3	0.3879621107136858	-11.739953515500117	4	4
DNASE1	0.679041845101834	-4.97933723958616	5	5	0.21419024418829125	15.234555519253988	5	5	0.267688804924617	1.5957423721608457	5	5	0.600832625879296	-13.480497548819562	5	5
DNPEP	0.7392222905184969	-5.210002780382703	5	5	0.5328674030898859	6.4323963709457415	3	3	0.10409354543387697	3.950582813109326	4	4	0.3577060001916085	-4.9183468187748725	4	4
DNTT	0.48393449537870303	-1.868036437971728	5	5	0.5834900808767327	2.7277282166283263	4	4	0.05609301644337014	-9.486586194156544	4	4	0.13253452702666654	-18.9275831548587	1	1
DOK1	0.8494857165073755	-3.1622477655858883	5	5	0.9961285525583008	2.8170494964089485	4	4	0.25091559531265295	1.364260253841105	5	5	0.39242021248598535	-4.826009260935481	5	5
DOLPP1	0.4917398287066179	-2.1196324544013314	5	5	0.14150647608755507	-1.7455000723895466	4	4	0.9254969833793705	-2.795913267957378	4	4	0.15416924072905192	1.7856575562541621	3	3
DPEP1	0.06739594300351064	-9.399733622752724	9	9	0.00899454226317778	16.639778373290362	6	6	0.9396577594671705	-1.431855719660085	4	4	0.02344714157079136	-18.679008906264677	6	6
DPH5	0.09479296766053127	-8.97801801923337	5	5	0.6940887627719636	-0.39407195607761736	2	2	0.1957055900175062	3.7400623998598754	3	3	0.2956344520033972	1.4346939097692026	3	3
DPP4	0.7628252567401973	-4.748531880207578	5	5	0.7487826623978457	2.775468211644348	3	3	0.6914202086128467	-2.8644239485701455	3	3	0.8033789009698898	-4.1748788056564665	2	2
DPP6	0.44593486713607366	-2.386313551269674	5	5	0.7895702283825207	6.803538131343804	4	4	0.9746458125833106	-2.840987178207396	5	5	0.7735205110925591	-8.441165969733072	4	4
DRD1	0.054136084582735465	-1.0820685057019366	5	5	0.7821079573131526	9.190929362254677	4	4	0.023968000660005234	-10.107269596600448	4	4	0.014499143969273693	-18.66570609836885	3	3
DRD2	0.2509763595296034	-8.171026847850728	5	5	0.14540757780846117	10.6094143477732	2	2	0.9465706393513804	0.187586794117365	3	3	0.5740209553051443	-8.981760065447572	3	3
DRD3	0.1622445490561879	-7.469679311088886	4	4			0	0	0.2397319779840591	9.159900922484855	1	1	0.1385023309595027	2.8767038750096425	1	1
DRD4	0.5733655329673585	-3.3165924506089737	5	5	0.5571290120059167	9.372617780928602	4	4	0.6085891595427434	-3.7184121074442342	4	4	0.3017124921160841	-9.512537038644602	3	3
DRD5	0.49961222983689024	-5.720060616512967	5	5	0.1456282830122464	-1.2987418621179803	3	3	0.2906222219976027	-6.184084801697446	3	3	0.7324566059522788	1.0105051073934703	1	1
DSTN	0.7675732327331709	-2.1002850174153758	5	5	0.3294194401213737	-0.9250226933274798	4	4	0.18897478566464465	1.7601901315942987	4	4	0.021644948112904537	2.629079438062849	4	4
DSTYK	0.42037863746455084	-6.282874476735937	5	5	0.7402807379176981	2.704387168691021	3	3	0.8406659733061108	0.18245931665041695	3	3	0.6379060901010708	-2.3636122537670228	3	3
DTYMK	0.9528643831895542	-4.563438334357968	5	5	0.6899657210501795	2.4002233646981157	3	3	0.5184887870266476	-2.656803982691851	4	4	0.9551661367621639	-7.844867175493075	2	2
DUSP10	0.06971654038254288	-8.731498096570805	5	5	0.4995378926600561	-1.0781916654446526	1	1	0.8992629135922886	-0.15642921212634509	2	2	0.2270843147989463	2.412509251007865	1	1
DUSP11	0.46471863326889606	-2.8330700214808764	5	5	0.8185719710363678	9.426126313153647	5	5	0.4100564220480213	-2.9585630216097485	4	4	0.600832625879296	-11.666699045038984	5	5
DUSP12	0.040346040018495094	-9.036451143943536	5	5	0.2325806168742961	9.821607925882411	2	2	0.9646594006097682	-0.672578026195378	2	2	0.29446852463267126	-10.57546479655177	1	1
DUSP13	0.026121015922419614	-0.5715592212113482	5	5	0.05406604398498214	-1.7115115705953279	4	4	0.3303909191537896	-3.6594452300594664	5	5	0.13273684784334738	2.0316392019775837	3	3
DUSP14	0.10679612599354024	-9.10991351365869	9	9	0.44881407361318837	10.853179229293039	5	5	0.08656300781856248	3.839225213756107	7	7	0.5828357540145396	-12.384411027150923	7	7
DUSP15	0.3669466236168283	-8.072969423413525	5	5	0.7765737211848589	7.445300445048652	1	1	0.17518104877517549	6.169566241780189	3	3	0.39546642589326464	-1.3296573818584232	3	3
DUSP16	0.3686013573598539	-1.656501938893716	5	5	0.22326506560671733	2.321114018046647	4	4	0.34743773640048203	-5.499056615597502	4	4	0.9296012604540266	-3.907885427927072	2	2
DUSP18	0.06151895647612261	-9.004737864063857	5	5	0.39603335649140736	5.870984396501053	2	2	0.49948906399740156	0.7572435670766335	3	3	0.9478833410736787	-5.391200885535337	3	3
DUSP19	0.30021009289674705	0.6819792526654785	5	5	0.5417009389231748	4.959689199342902	5	5	0.22563010501245284	-10.165576595561186	5	5	0.8408646898041267	-3.4960444193591727	2	2
DUSP2	0.008259101865538711	-10.149145991312992	5	5	0.06956675057646922	13.04008115934443	3	3	0.06736048316856492	6.749613450329918	2	2	0.7736481427740518	-8.350669112828063	3	3
DUSP21	0.3426850656797221	-2.1790091339805753	5	5	0.3642197826147223	1.8509493260299934	4	4	0.5328090632647803	-3.409949988769996	5	5	0.5829597999420405	-1.8536331601024176	3	3
DUSP22	0.3332743349837033	0.741515953938615	5	5	0.7291644139225668	10.140076054096474	5	5	0.16926283676239273	-9.301019512725665	5	5	0.04691155070249242	-15.4107421310284	3	3
DUSP23	0.6452026122002887	-7.6478837514077895	5	5	0.2749492706105494	13.655324754829373	4	4	0.6787835584881283	2.4753408775545247	4	4	0.39546642589326464	-8.715669684385437	3	3
DUSP27	0.47619685679962376	-7.990936982917705	5	5	0.42747200249260886	9.06151457534661	2	2	0.1543986213202028	5.515990226295151	2	2	0.7419352927113232	-3.3872087507778765	2	2
DUSP3	0.16814168572391996	1.1375748317550693	5	5	0.07742772469365568	-2.1715697004466175	5	5	0.694095353869598	-3.484380633447188	5	5	0.2614889143752971	1.6586122392905072	4	4
DUSP6	0.586141830064435	-5.73716630484062	5	5	0.3105344656759489	11.785140190270598	4	4	0.9396577594671705	0.356226190266836	4	4	0.27614361519134034	-11.270598401730178	4	4
DUSP7	0.9394813366252995	-9.260108181901202	9	9	0.1765540551370096	4.76027689971778	6	6	0.9453248797179644	4.282746416168345	8	8	0.212163221831277	-4.532697811741969	5	5
DUSP8	0.9380058413771041	-3.2789911639737643	5	5	0.5636646120066344	4.613332703664294	4	4	0.7778928060653015	0.5227815012699131	5	5	0.49476133145231505	-3.8373097795352495	4	4
DUT	0.30763558377178857	-5.310425314179708	3	3	0.9765796581758859	0.11670025151423502	1	1	0.33691962743437187	2.8578758930618062	1	1	0.13253452702666654	2.8994912398211543	1	1
DYRK1A	0.4096947731568329	-3.207880917344145	5	5	0.49661958459110656	2.1114147735455204	3	3	0.9325747039386475	-0.21707314052260437	4	4	0.4721312575287234	-1.7837267606774578	3	3
DYRK1B	0.9975177373139092	-2.4743822726102853	5	5	0.3294194401213737	9.165081420990065	4	4	0.4527416801848736	0.8725870933515624	5	5	0.9518612399337635	-11.106864558171216	5	5
DYRK2	0.35226395930353005	-6.115069586268887	5	5	0.37773454538502194	6.5426464015749835	3	3	0.20440947160162326	4.904449835588905	4	4	0.5764223405387352	-4.7257833507370846	4	4
DYRK3	0.08423264939758848	1.369889448878746	5	5	0.9413482612877725	9.778480997628343	5	5	0.8956952855414111	-2.576452855957665	5	5	0.7053899464614647	-8.702347180008426	4	4
DYRK4	0.35226395930353005	-8.840448028018708	5	5	0.9285233690006831	4.192542281698819	2	2	0.21409973640643587	6.828766267576732	4	4	0.29915802855402784	-1.714455189633151	4	4
EARS2	0.22786495072165647	-6.000158567418636	4	4	0.8847862201858687	0.4806559928456382	2	2	0.2416066659015772	1.825116719270493	2	2	0.34737875868023205	1.502776324698437	2	2
ECE1	0.5990486261178879	-5.2502365085151235	5	5	0.09223983133197462	12.938938042466631	4	4	0.722073372123303	-2.420600780548716	3	3	0.07549892705744354	-15.449090986453632	4	4
EDA	0.930568323705973	-5.195919870675053	4	4	0.49453005034620534	5.253603396784859	2	2	0.49948906399740156	0.7390718294203399	3	3	0.8650501184450475	-5.525824791513451	3	3
EEA1	0.9182288703345789	-5.236174414979917	5	5	0.624085750132112	7.258324277217686	4	4	0.29948632331916936	-3.8217988959213507	4	4	0.635600712158071	-8.381090998531494	2	2
EEF2	0.8394584238929733	-8.32473597361171	10	10	0.5590352533110505	2.5287989410721345	5	5	0.9279396445142924	-3.13102955622616	6	6	0.45653844114365516	-5.060580931674348	5	5
EEF2K	0.9727003950388569	-4.479178174237295	5	5	0.3440613873543157	13.011380291831273	4	4	0.3428868132504731	3.5045101423405236	4	4	0.7053899464614647	-8.944004014860818	4	4
EFNB2	0.39917406081467055	-2.9873493221662755	5	5	0.3059271438734652	4.911718764041203	4	4	0.05450726134386482	-7.200736234751271	3	3	0.2711945356159502	-9.70319636508885	2	2
EFTUD1	0.14799697279868418	-9.24148914776331	5	5	0.2782149128472079	12.513556262935607	3	3	0.8345438064553371	-0.5457016871604452	2	2	0.1696320948941079	-13.614677096862017	2	2
EGFR	0.9194944245992188	-2.834800094139973	4	4	0.1943441307883782	9.500939171445443	3	3	0.4625005982091511	0.53081745325985	4	4	0.6886961274936931	-11.759741648417263	4	4
EGLN1	0.2831295033153809	-7.214734070078559	5	5	0.08674711813308314	15.57722172647094	4	4	0.0881055097340203	5.77054593477165	4	4	0.39419535135427664	-9.648360193425708	4	4
EGLN2	0.35341986005771586	-9.540846246319218	10	10	0.18294504003309664	14.392139321408353	6	6	0.9335112179410558	-4.680959847958936	5	5	0.14082638540874928	-13.403396843232542	4	4
EGLN3	0.3490523316145222	1.0536516073586233	5	5	0.8864301314071137	6.6049749542538505	5	5	0.9082785869431553	-2.723058150201511	5	5	0.9684931454948266	-5.722442212212344	4	4
EHHADH	0.6385193141827058	-2.0448841692989217	5	5	0.008664440249073214	-2.121171205503689	4	4	0.0033409735150667706	-10.570750215074304	4	4			0	0
EIF2AK1	0.7158624805210481	0.24591262690154028	5	5	0.056309588892395214	-1.7171321566767184	5	5	0.19391191640235905	-10.076250641204728	5	5	0.11360255565985855	2.3805011975993136	2	2
EIF2AK2	0.44965665167136804	-8.219768424737842	5	5	0.16374998424918574	15.683619146353768	4	4	0.7610212360436583	2.5532064835158805	3	3	0.1668369813797499	-13.128692310683638	4	4
EIF2AK3	0.48782873876722077	-2.2101588270498467	5	5	0.5506305425088582	9.427375647336376	4	4	0.6363853284560551	3.6582557666680606	5	5	0.600832625879296	-9.048383610162787	5	5
EIF2AK4	0.8251817783493873	-2.8885828506023863	5	5	0.09226328593125657	12.88759196937618	5	5	0.8956952855414111	-3.675327503311441	5	5	0.0666766330952226	-13.169796705996736	4	4
ELANE	0.9132920403032543	-2.3040071579161885	5	5	0.26975336289319884	12.132505210793246	5	5	0.8023677073769095	-3.191106159862524	5	5	0.30179243291133384	-12.117555637042082	4	4
ELOVL4	0.5649220302157778	-7.331777411283781	5	5	0.3958101835191862	9.760083146675134	4	4	0.5172694057571987	3.7296518985734006	5	5	0.986494196268114	-7.951583896269846	4	4
ELSPBP1	0.23589338522078385	-1.4310512579503165	5	5	0.5377465757896365	2.107623984941236	4	4	0.6984556709721927	-5.688717099318229	4	4	0.8787148714580514	-4.225449775616349	2	2
EN2	0.4026627652415692	-1.2104569733434316	5	5	0.9965467954619968	8.532454643104067	5	5	0.45709346175782395	-4.119024435223307	4	4	0.49476133145231505	-9.049489821134884	4	4
ENO3	0.24561793332186954	-4.911748286338729	10	10	0.5435375318043594	10.50722646062457	8	8	0.944703947724793	3.2202931721145993	10	10	0.8357283447509767	-15.290863821446644	9	9
ENOPH1	0.31495831564176435	-4.150967978182982	5	5	0.9574341219700276	7.892860534208065	4	4	0.9113597733739448	0.4847384847202192	4	4	0.7636590663535476	-4.622524923296081	3	3
ENPEP	0.930568323705973	-5.804203678717767	4	4	0.0353290744829116	-2.4465234533930023	2	2	0.1656896334946818	-5.864018828650389	2	2	0.4658179681935668	1.5779163570890358	1	1
ENPP1	0.20544098866675609	-7.337071672707762	5	5	0.30387702098213154	7.198531285554782	3	3	0.03518335788561691	7.453797708945473	4	4	0.2663128733664861	-2.027382326875335	4	4
ENPP2	0.14799697279868418	-1.623890971142252	5	5	0.04559856558153194	0.8425367636138811	4	4	0.4063650444793637	-3.4323024265105513	5	5	0.22908579873911206	-1.1913685729793915	3	3
ENPP3	0.9468053035099943	-7.848480489314432	9	9	0.902786606411206	6.876021211784529	6	6	0.13888400440885643	1.0265940685308121	7	7	0.09840653366270292	-4.655669256978489	6	6
EPHA1	0.6033793400560964	-4.822031863895565	5	5	0.13652475757907007	10.037709116079418	3	3	0.19929109190742222	-5.985984321033116	3	3	0.03418963641293068	-15.86537783883895	3	3
EPHA10	0.8224696161506104	-7.792372192245787	10	10	0.07243262679213279	17.209086579463563	10	10	0.6202824226912299	-3.483117531054353	9	9	0.11235107482281077	-13.218593179781871	8	8
EPHA2	0.18193237838989373	1.0861266657450364	4	4	0.09999417850603043	-1.6881494616295936	4	4	0.20440947160162326	-7.266158523161806	4	4	0.9296012604540266	0.3102138245690931	2	2
EPHA3	0.581868409522028	-4.135037845183441	5	5	0.7895702283825207	8.058287122946885	4	4	0.5019677595485061	2.266161791340744	5	5	0.7562998120078067	-5.770664724911007	4	4
EPHA4	0.3458593622410663	0.25489647805569743	5	5	0.26231231033310787	2.1658642493300886	5	5	0.34642580565979253	-7.297039588994701	5	5	0.8650501184450475	-3.366337238645029	3	3
EPHA5	0.44965665167136804	-1.911573871587246	5	5	0.5124410706098497	1.9165663857835724	4	4	0.6420652379413544	1.498092576761093	5	5	0.16001850604132772	-1.7298382583347702	4	4
EPHA6	0.26404969238256526	-4.241364629552511	5	5	0.5187087378768453	8.165643151208116	4	4	0.38036191314518075	-4.179726253810521	4	4	0.5049486807858136	-8.323128482193338	3	3
EPHA7	0.7866508408853796	-3.0185105549928797	5	5	0.22326506560671733	-1.076861158404131	4	4	0.15034883995414858	-9.78241475977851	4	4	0.2739766883379883	2.2286546719922384	1	1
EPHA8	0.5691363040533048	0.17992818035707037	5	5	0.8591576798181733	5.326468371249846	5	5	0.86435839778875	-5.634222453423131	5	5	0.8038348087872224	-4.09512699050191	3	3
EPHB1	0.7533561913381089	-2.9358344627608517	5	5	0.4886393800552573	13.246683248502984	5	5	0.3423713534280358	1.4629945114819474	5	5	0.9078835185978171	-11.817445797470073	5	5
EPHB2	0.4167992957708768	-1.8691707842466592	5	5	0.3388298089494214	13.140552816406887	5	5	0.030114360918311392	-9.742951401864305	4	4	0.014555684900887612	-19.033273107310638	4	4
EPHB3	0.991657807549707	-5.14623402280831	4	4	0.5951993019223474	8.31003424226392	2	2	0.8893057705455722	-0.4533041546911496	3	3	0.7438000152380875	-8.227782199146114	3	3
EPHB4	0.5523700282837086	-5.19389934416871	5	5	0.8499092679602628	8.86848792778233	4	4	0.7298092230405315	-2.973661173914262	3	3	0.40277651607707676	-8.87270548835241	3	3
EPHB6	0.025296008499544553	1.5889193352898683	5	5	0.029483128240127474	1.3272392918910505	5	5	0.19391191640235905	-7.0590044991264405	5	5	0.3141164800746591	-1.4449273315544904	3	3
EPHX2	0.21679671506137854	-1.4070966483835867	5	5	0.25417910927585186	1.9662714326690658	4	4	0.47893417805677974	-4.08790965579955	4	4	1.0	-2.629507917502884	3	3
EPM2A	0.2509763595296034	-1.5064127474203362	5	5	0.5187087378768453	5.3639763473143445	4	4	0.21740231054809367	-6.632392901712883	4	4	0.5794599973297945	-8.6541193989402	2	2
EPN1	0.7914408197717095	0.03323038532541256	5	5	0.5885107207714262	6.150643887629915	5	5	0.870610354342453	-5.511261960316532	5	5	0.5217971521146411	-4.0888780529277815	3	3
EPOR	0.6869524991680256	-7.729949120515056	10	10	0.35773338253106846	13.937616199611591	8	8	0.6921886379837667	-3.510858062801898	8	8	0.26831790684006873	-19.46427156495945	7	7
EPRS	0.5626014986833799	-3.6555970225372563	2	2	0.806732208879912	2.194303069638207	1	1	0.5718069703726	-6.060288439692022	1	1			0	0
EPS8L1	0.9982619319598439	-7.528542103545765	10	10	0.9152795194637453	12.094337239100321	6	6	0.9740274931609695	-3.5181015545528846	6	6	0.6873423912005008	-14.693673453427188	5	5
EPX	0.09235875724816732	-8.30633985737222	5	5	0.16129059449522432	13.633942416774687	2	2	0.4666706897740691	4.590193664194259	2	2	0.3204425120495501	-9.029844880335595	3	3
ERBB2	0.9182288703345789	-2.4502386395082167	5	5	0.6729244241513159	6.443758236142318	4	4	0.7050591166208675	-2.68636268372845	4	4	0.8445356641945179	-5.877314458677532	3	3
ERBB3	0.3458593622410663	-9.65925545632458	5	5	0.5121325875951704	3.2761621001142602	2	2	0.8842518965218629	0.22379270062756365	2	2	0.6470992692887374	-2.894053801213115	2	2
ERBB4	0.12662916676606095	-1.1846975871819534	5	5	0.021179152516433167	-2.233008494564191	4	4	0.6420652379413544	-3.5039826965437086	5	5	0.011207410510125422	2.9823930532388787	3	3
ERN1	0.3686013573598539	-2.094593125149188	5	5	0.42335965437297274	6.491177817703683	4	4	0.559222959426664	-3.5722499526993263	5	5	0.8650501184450475	-4.97039059458903	3	3
ERN2	0.6474368805806119	-5.631079282791192	5	5	0.8499092679602628	8.897988587533154	4	4	0.8342231904643367	-3.2068785208042923	4	4	0.45617396933916476	-8.93977281080315	3	3
ERO1LB	0.7251759389949729	-2.3106438093835604	5	5	0.11417404920021894	12.662564488474787	5	5	0.814679909185666	-4.2974970536816075	5	5	0.07169854049282184	-15.997182736374553	5	5
ESD	0.09602911203390911	-1.1109508751781283	5	5	0.34903297160981595	1.3997854499869458	4	4	0.023146885443669548	-10.161217161527082	4	4	0.6816361813814648	-8.699217455286648	1	1
ESRRG	0.39589506759323656	-10.312403698349858	24	24	0.3641753110075736	19.31988042779982	15	15	0.6925469117132224	3.945875811515478	17	17	0.168891215737079	-20.380387911465153	12	12
ETFDH	0.9677393280591112	-2.8335752733399766	5	5	0.9729049712708331	5.752061741428416	4	4	0.3799543126030084	0.5443467088259901	5	5	0.7053899464614647	-4.796674334957177	4	4
ETNK1	0.9975177373139092	-2.6975918979930085	5	5	0.3904331458078071	8.247250863534394	4	4	0.1688342648862332	-9.912751537516021	4	4	0.2441939625495273	-13.101971824319563	2	2
ETNK2	0.2667197221875778	-8.867051995743212	5	5	0.28829707455383335	9.423611957510616	3	3	0.2524552196544402	3.5829911662403533	4	4	0.9325483006907843	-7.9823719592804805	4	4
EXTL2	0.6230392204621766	-1.4612452564208176	5	5	0.47568033659075204	1.6240836715153726	4	4	0.1381196314597904	-8.434513550508251	4	4	0.5905006511793904	-5.696255654211914	2	2
F10	0.4312244042766943	-8.687224686015298	5	5	0.9373056936663908	5.097030751041056	3	3	0.7807317744964646	-2.862036868144397	3	3	0.9296012604540266	-8.359238824041984	2	2
F11	0.6530061981072282	-7.573041152396104	4	4	0.6315815854958577	8.770545120628816	1	1	0.9747526697951306	-0.04746061273677338	2	2	0.5794599973297945	-8.656496913762176	2	2
F13A1	0.31495831564176435	-2.136614920310149	5	5	0.5636646120066344	1.6918677928653638	4	4	0.28721399761160005	-6.4516915692537475	4	4	0.7143319843313938	-5.247263239861065	3	3
F2	0.045455843455206896	-9.33643702041214	5	5	0.00687886252762142	17.881114512336108	4	4	0.5464254839646112	1.5105201015732925	3	3	0.02038897653551451	-16.738101842737922	4	4
F2R	0.56997629031195	-1.6843377610492272	4	4	0.8705722637434026	3.0508929771635684	3	3	0.6390001006948383	0.6125739219979324	3	3	0.8139648565977974	-2.280003456892054	3	3
F3	0.6117655653479093	-5.415779393225589	10	10	0.41342475434463866	10.711038187909715	8	8	0.589694572647551	-9.696135844117094	8	8	0.3269897901679023	-19.01933669940105	7	7
F5	0.7723299480302798	-4.542574787393141	5	5	0.8196062304539233	6.571776544957246	4	4	0.7778928060653015	-3.0550683929726277	5	5	0.8700179988420107	-7.560859685872529	4	4
F7	0.6208411793888435	-5.063799504922414	5	5	0.21597553982287754	13.125702426696236	4	4	0.5533048017804554	-3.152047044572594	3	3	0.09951703389258404	-12.585139070089108	3	3
F9	0.2748409965808293	-9.289014486254866	5	5	0.027724034978857944	-2.499557393327388	2	2	0.486482969484068	-3.611032608562667	3	3	0.4658179681935668	1.6552681480324498	1	1
FAAH	0.7158624805210481	-2.538868500698196	5	5	0.06591986287089474	-2.026235061194297	4	4	0.05842432451487473	-10.076624761160362	4	4	0.37409188002387106	1.9191391413300405	1	1
FABP6	0.40616968315166235	-6.256644763912841	5	5	0.7573152357135455	3.1206521617978074	3	3	0.7375726686487685	0.3562310514526115	3	3	0.9011618946440153	-2.606105512071615	3	3
FADS1	0.6885694659493766	-1.9092033560143469	4	4	0.5627995691474805	6.506072921985072	3	3	0.6687545346072507	-3.102432940219433	3	3	0.1904886601224478	-10.126659548891602	2	2
FADS2	0.9982619319598439	-8.617197544065977	10	10	0.145421023938384	13.344220866880798	8	8	0.4067315644605719	3.3103002923322773	9	9	0.25718195915231656	-13.61249339752858	9	9
FAH	0.4167992957708768	0.21765434167938713	5	5	0.40844054685482256	9.72533771664665	5	5	0.338347373536526	-4.199496763571709	5	5	0.13912531379010298	-12.872436316097	5	5
FARS2	0.4571528016742944	-8.96409139415414	5	5	0.8956929321458129	3.780073101735594	2	2	0.7066873305402874	-2.6743645768456155	3	3	0.9296012604540266	-7.888087953049901	2	2
FARSA	0.9084361173981903	-4.280235238812277	4	4	0.39603335649140736	-0.9717735099313236	2	2	0.46732211144039093	0.7969893260599683	3	3	0.09640835542469206	2.363126355277724	2	2
FARSB	0.6485286154562974	-5.853463066133019	1	1			0	0			0	0			0	0
FASTK	0.24084810381115251	-9.146915140988947	5	5	0.4194790066791383	5.4328538865550735	2	2	0.8406659733061108	-2.5829900759818085	3	3	0.6820945368121456	-8.401929904849071	2	2
FBP1	0.38200507622757307	0.042790425438859504	5	5	0.5825585145207126	8.667150510611329	5	5	0.44797363655519107	-1.9028117988913067	5	5	0.7735205110925591	-7.13661680739828	4	4
FBP2	0.5035733777282381	-8.191335999863922	5	5	0.33668552683153763	9.40359174119529	3	3	0.06856834030341563	6.446110687869951	4	4	0.6234923165450892	-5.768128986921263	4	4
FCER1A	0.09503668313831788	-8.322851478717533	4	4	0.049233729473203064	15.726565780834708	2	2	0.09102613464708977	6.35140252044934	2	2	0.5563406378078593	-8.843484285354274	3	3
FCER1G	0.7617284808324545	-0.08049287437981618	4	4	0.8957687502905964	2.8298600028489656	4	4	0.602370769553958	-5.884547912351689	4	4	0.9167058325394901	-5.734267711269357	3	3
FCGR1B	0.8479884856606321	-2.1429686298508863	4	4	0.624085750132112	8.511452183824881	4	4	0.954780934043527	-2.4594940717450657	3	3	0.9954978743064465	-11.71157092558007	4	4
FCGR3A	0.25876507804950766	-8.71568622100008	5	5	0.020641419605013773	16.597424371960248	4	4	0.40501381561647576	4.188949340718479	4	4	0.11189482153329385	-17.938860164826494	5	5
FCGR3B	0.35874312396687147	-8.719935571152385	5	5	0.6817045355351095	6.533202118812291	3	3	0.34562263485542233	1.4302769489221423	2	2	0.5607354043217814	-4.584846165044305	3	3
FCRL2	0.13855144384891654	-1.6079103465498477	4	4	0.907294426844377	9.320397870934151	4	4	0.35614802093426623	-3.5668876594309027	3	3	0.5563406378078593	-8.882906954740667	3	3
FDX1	0.3957036096375639	-5.561322150588097	5	5	0.005245843944813745	16.066827803553416	5	5	0.9712150561015795	-2.0552323977459994	3	3	0.0074420593865535825	-19.373513165440148	5	5
FDXR	0.6033793400560964	-8.628134402111005	5	5	0.04766281927796618	-2.3097437617782655	2	2	0.8893057705455722	-0.23833178923306866	3	3	0.17467831277558643	1.9875463535738414	2	2
FECH	0.4839343295076316	-7.995323615770604	5	5	0.3310647428991468	9.227835791273035	3	3	0.5327952360633056	2.741077841052583	3	3	0.3399166751811209	-6.3284423519468715	3	3
FER	0.008891583750609854	-10.226499752767765	10	10	0.8830129651679791	11.522146674566642	5	5	0.3072544750539391	3.5185241046812945	5	5	0.3868751691921476	-7.339321098805393	5	5
FES	0.44965665167136804	0.5817958723147325	5	5	0.7000975714835349	5.214163669598766	5	5	0.8270380554187919	-5.550843481246731	5	5	0.9167058325394901	-4.822288406901553	3	3
FFAR1	0.669951034500902	-1.8290567004134244	5	5	0.21740060452946142	12.701557584952715	5	5	0.5418266274453349	-5.4333000509269676	4	4	0.07737299867277905	-15.60759938769226	4	4
FGA	0.9583072695291545	-4.83927438369652	4	4	0.6438557509804934	3.8846956410047353	2	2	0.7066873305402874	0.3638787683948416	3	3	0.9679675506516953	-3.935592638250542	2	2
FGB	0.5317590566476502	-4.394670089950286	5	5	0.7233726617330447	2.547543286084565	3	3	0.5602262931545183	-3.0703764329935708	3	3	0.8283248036226699	-4.141729003414037	2	2
FGF4	0.48796235400068455	-1.7250078335644998	4	4	0.5968850098355618	8.895054793091438	4	4	0.9629960299111844	-0.38034486033489473	3	3	0.5385255034333125	-9.145339791891452	4	4
FGFR1	0.35226395930353005	-5.907895895989664	5	5	0.23583242345924338	8.914262920882233	3	3	0.430286183439199	0.7760356152451608	3	3	0.6193480997946015	-7.979911707363492	3	3
FGFR2	0.20544098866675609	1.0633549446575978	5	5	0.9001190616838797	5.882040649325632	5	5	0.8768704073296054	-2.808934499257738	5	5	0.9684931454948266	-6.000746916912078	4	4
FGFR3	0.44965665167136804	-2.0401744213629196	5	5	0.09800847122650154	-1.5668590841065377	4	4	0.7177097300449508	1.1557291126753138	5	5	0.13483850080849313	2.0477239094149695	4	4
FGFR4	0.7675732327331709	-3.1218421910469356	5	5	0.7746656876166776	6.155782380200182	4	4	0.5432984793919298	2.1039043126274652	5	5	0.7936284835066508	-8.523974991470341	5	5
FGG	0.5649220302157778	-7.68795046659395	5	5	0.9417756252234913	5.131141614994421	3	3	0.6990385561489949	0.421069503670868	3	3	0.44546773066825107	-2.780549722597966	2	2
FGGY	0.1250905407901824	-8.53271969271532	5	5	0.03815696579351976	13.412071629080103	3	3	0.8893057705455722	-1.6537245057643977	3	3	0.11029736702539285	-18.24734411269021	4	4
FGR	0.26404969238256526	-1.6526979356556017	5	5	0.24225447744842854	1.3930282314727023	4	4	0.8023677073769095	-3.1741849295693307	5	5	0.2446274672971238	-0.9795416793358465	3	3
FLT1	0.3719245441491863	-1.7487723448549488	5	5	0.8499092679602628	3.78752792673853	4	4	0.26752395380466343	-6.645779738766762	4	4	0.39013599599309257	-7.593212449945895	2	2
FLT3	0.20322268399087395	1.6120890944775612	5	5	0.5246391351992158	5.250623253071347	5	5	0.7962297514982342	-2.1832705616874843	5	5	0.6804051243092235	-4.9796774142817	4	4
FLT3LG	0.7723740045130907	0.06759479651162124	4	4	0.3591122362277068	9.92903300599751	4	4	0.7996363856067255	-2.0314666497120095	4	4	0.3124824587803954	-11.883488074853785	4	4
FLT4	0.6120827118982823	-6.235275320496822	5	5	0.651808819761505	5.128013645727844	4	4	0.5447801316867147	1.0180545248530062	4	4	0.39419535135427664	-4.659014123346249	4	4
FN3K	0.7509946017490784	-2.3239940795332017	5	5	0.34903297160981595	9.83404779248648	4	4	0.3264584788523818	1.0689655193613847	5	5	0.6639393382542758	-8.481616071628235	4	4
FN3KRP	0.46471863326889606	-2.338036742200749	5	5	0.6247993011161529	10.03724640387782	5	5	0.7718073239842742	-1.491102864689562	5	5	0.49476133145231505	-8.773100005828217	4	4
FNTA	0.5058297766048346	1.0459984354086493	3	3	0.30919237979861824	8.895238883325549	3	3	0.5533048017804554	0.5080021209339628	3	3	0.6241893432561293	-8.296339231285089	2	2
FNTB	0.15874347860254734	1.5236630805081648	5	5	0.25501426023802887	10.01882941279769	5	5	0.3343538890828359	-7.099366510604331	5	5	0.0894275912217925	-12.727602417585365	4	4
FOLH1	0.37526624445561163	-8.646392415483923	5	5	0.8198738922225053	4.271571156674255	2	2	0.10084914477244031	3.4660378063605983	5	5	0.10964397830431521	-4.7752866409075905	5	5
FOLR2	0.4312244042766943	-8.346339335121943	5	5	0.8678753682095685	-0.24052996782447522	1	1	0.9042749324668504	-0.5882806730972989	2	2	0.4658179681935668	1.6205435502733003	1	1
FOLR3	0.32206450860205504	-6.2967674459879746	8	8	0.13626782139450203	18.297796146954678	8	8	0.10233552188606143	4.34119589861958	7	7	0.8241800352761991	-19.29660131228398	9	9
FPGS	0.6429716672823821	-6.021927940783438	5	5	0.7658774872024416	6.2281290122351365	3	3	0.5538897025707736	3.87988678768544	5	5	0.722226814782915	-8.453962787398407	4	4
FPR1	0.434875403172575	-5.3241115147598075	5	5	0.3310647428991468	1.8180154589708462	3	3	0.029218261892499823	-9.931181309447469	3	3	0.1714880189307838	-18.580091688320906	1	1
FRK	0.07068033219157666	1.4281737720291263	5	5	0.3476444463049674	1.8362935961777087	5	5	0.9904908079013143	-1.451064586085084	5	5	0.43285091595975	-1.5924676616572147	4	4
FSHR	0.7675732327331709	-7.213165369447378	5	5	0.02286621740963141	15.807032080549513	4	4	0.722073372123303	0.021600808254695385	3	3	0.04516379366805567	-16.314441512022885	4	4
FST	0.7818689219529655	-2.3971949294165107	5	5	0.3540499420404086	1.6147795018063669	4	4	0.596181165341636	-5.906209355026481	4	4	0.5303285251395151	-4.372327268221664	3	3
FTCD	0.24209260467114246	-9.30688633483265	10	10	0.8455821211167693	7.6650213621739	5	5	0.5999305507629878	-2.395339739204131	7	7	0.6362877374589493	-8.388060036304454	5	5
FTH1	0.021150034313201657	2.242890796325472	5	5	0.25864544596232786	1.080479687209828	5	5	0.02188926772410298	-10.174995804307494	5	5	0.5905006511793904	-7.896835045612747	2	2
FTL	0.26404969238256526	-1.83259379776708	5	5	0.44041461759139866	2.54280724623495	4	4	0.5013327091844778	-6.55767999101133	4	4	0.6939180138575417	-3.422748051140876	2	2
FUK	0.26404969238256526	-6.5802281015500625	5	5	0.9686286237487493	3.443029350940744	3	3	0.13576844537346922	4.596062931454519	4	4	0.18671109068844882	-1.2953489541007635	4	4
FXYD2	0.16001122912498456	-8.458038717819768	10	10	0.007643554081428628	16.11384743631834	6	6	0.28589904245972964	3.4030538023954464	6	6	0.15572620472948007	-15.804321505035952	7	7
FYN	0.2509763595296034	-9.59381626541101	5	5	0.49453005034620534	4.974767364058811	2	2	0.01732745955873596	10.066487193569108	5	5	0.5527564179571829	-1.6997264576324949	5	5
G6PC	0.039147534940472385	-9.975492206462187	5	5	0.16765090946450256	-2.139723167767025	1	1	0.9747526697951306	0.07464933909348392	2	2	0.36196593767939367	1.9385230515206189	1	1
G6PC2	0.23836165707475399	1.398384152336768	5	5	0.6943011151394684	5.9318311599060225	4	4	0.870610354342453	-2.5176632974002824	5	5	0.6970246999387522	-8.04745805491906	4	4
G6PC3	0.07879024968458276	-8.665807386396834	5	5	0.17934277021574385	9.948752697958872	3	3	0.06422502383418925	4.798564262641025	3	3	0.8700179988420107	-8.46449034200623	4	4
GAA	0.9776625184939425	-5.090297037870691	5	5	0.5968850098355618	9.015454672939354	4	4	0.13115893307196952	4.262255195779145	4	4	0.5164030871103127	-4.595186133702175	4	4
GABBR1	0.38073037453216674	-8.03661286795151	9	9	0.6906697523446661	8.172840395462451	6	6	0.3972770472543409	-10.297236823942733	6	6	0.8700179988420107	-8.683329502367855	4	4
GABBR2	0.507551045576488	-5.310557332128906	5	5	0.7895702283825207	5.355678390081999	4	4	0.4527416801848736	3.557073400871825	5	5	0.41763748659739	-1.7427411615561876	3	3
GABRA1	0.9429565476279621	-5.528793637274595	5	5	0.9239084394407335	3.0628091685331733	3	3	0.5276030493741566	3.2459303059015974	5	5	0.4197281872641294	-4.732058178898533	4	4
GABRA2	0.13213051714445528	-8.764772591708029	5	5	0.14481922644591255	-2.255432050388727	1	1	0.3780523937725436	3.6152275710790334	3	3	0.09966950043114585	2.364881541137101	2	2
GABRA3	0.4536665013816096	-1.799539657959146	4	4	0.04609657461154144	-1.8234913526297767	3	3	0.11830228755328626	-6.7115073834250225	3	3	0.35008932043458985	2.0043864279485515	1	1
GABRA4	0.46211073579274753	-1.6273460638897415	4	4	0.8499092679602628	5.838775166149557	4	4	0.6838329733963899	0.39439015471167815	3	3	0.7735205110925591	-5.034734247342741	4	4
GABRA5	0.266234264707914	-5.740039741215429	4	4	0.14926134362234264	10.426064804917496	2	2	0.7372705313059285	-4.252050073452014	2	2	0.10645543486541928	-14.519799280095931	2	2
GABRA6	0.01117364546108404	-9.464844655919078	4	4			0	0	0.10429451704937846	11.036066407775492	1	1	0.2270843147989463	2.4302233280799186	1	1
GABRB1	0.20767683912981494	-1.151801334781613	5	5	0.9827352708775667	9.631565695392935	5	5	0.08323892142565967	-9.299482123107573	4	4	0.09425928309681748	-12.817306809945011	3	3
GABRB2	0.13947377694672577	-8.090021768930049	5	5	0.6652969764541896	5.464167349075924	3	3	0.6531407664878905	-4.471153641059618	2	2	0.3641108545439745	-9.127491750500734	2	2
GABRB3	0.46471863326889606	0.5870775789311337	5	5	0.5825585145207126	8.612391163207201	5	5	0.7058671361244975	-5.600230667004923	5	5	0.9505081346935688	-10.66371512383651	4	4
GABRD	0.7112214573705313	-5.2328000019789185	5	5	0.8120705148574179	9.591188271509182	4	4	0.6194744728092239	3.5438224259753768	5	5	0.967896665548186	-9.138820508788902	5	5
GABRE	0.08202025169791338	-8.654706082975762	5	5	0.020119254087563605	18.266845790712022	5	5	0.14704227434255104	2.770344134763968	5	5	0.32411475057421657	-12.694235583145831	5	5
GABRG1	0.30605320289601023	-8.293323382684543	5	5	0.7878462031069068	8.509979896861637	2	2	0.4485871671034867	3.098027999148363	3	3	0.7046007158919422	-5.143487405871284	3	3
GABRG2	0.9727003950388569	-8.084028171680282	5	5	0.3481100526705666	4.220266167090446	3	3	0.76888768244667	-0.41857288361662	3	3	0.4721312575287234	-4.587304963728569	3	3
GABRG3	0.4096947731568329	-1.4375296753629139	5	5	0.3904331458078071	-0.4775431452824132	4	4	0.8972505670990439	0.1617956940313278	4	4	0.4132554870420113	1.0733914910551448	4	4
GABRP	0.7937921875602246	-5.07906886532242	4	4	0.2725825648203668	-1.2128443146110977	2	2	0.644036482443492	-4.298253331592309	2	2	0.6160938761069382	1.242089073641388	1	1
GABRQ	0.44965665167136804	-6.305796739447977	5	5	0.8178185521799152	3.209271715796247	3	3	0.018088887377554774	8.227373131343228	5	5	0.13123721911819478	-1.453403736685825	5	5
GABRR1	0.08201520867640784	-1.0171840027187564	4	4	0.2782149128472079	1.765522796570392	3	3	0.23798838849056503	-3.7737934039555534	4	4	0.4551059809818502	-8.372001039098159	2	2
GABRR2	0.15691249359412957	1.9670988225065635	5	5	0.21419024418829125	1.5267789669023581	5	5	0.7536363149294305	-3.1445118604038242	5	5	0.35183790419360206	-1.9383586176822345	4	4
GABRR3	0.03855970884801189	-8.911213034012443	5	5	0.05538402888036502	13.396118796362957	3	3	0.1271495630871491	6.183376406218168	2	2	0.30787314950254463	-9.279029871064289	3	3
GAD1	0.5776096057176283	-5.781161301632026	5	5	0.8882978938943152	2.918912531707616	3	3	0.7790667922440223	-2.897353422682031	4	4	0.9582959881692824	-5.365312600658935	3	3
GAD2	0.23101121306892225	-9.154934263330253	5	5	0.16545892578291688	-1.5227240789943082	2	2	0.6687545346072507	-2.6894999615316064	3	3	0.13549271670428376	2.880288212358682	1	1
GADL1	0.05336342852343009	2.1180399880560214	5	5	0.24785860919907887	2.0607194846439363	5	5	0.015545610121404029	-10.159713746553601	5	5	0.1939212047781408	-18.267765488122304	1	1
GAK	0.3332743349837033	0.6588169868030805	5	5	0.3294194401213737	1.549056560262045	4	4	0.3930252598185697	-9.713725205488851	5	5	0.8408646898041267	-5.029673495031869	2	2
GALE	0.9132920403032543	-2.8018971940845634	5	5	0.1985051571754698	-1.2773198696176646	4	4	0.3186852277923856	0.8170792798557184	5	5	0.02736582700313762	2.3998344831046157	4	4
GALK1	0.09854009059512168	1.4877259141474293	5	5	0.21740060452946142	10.111466257348079	5	5	0.8270380554187919	-2.9628527440741634	5	5	0.23117750652268587	-12.295730412401083	5	5
GALK2	0.6395381800157101	-8.45667404841024	10	10	0.7215870880205191	12.511695379969652	8	8	0.49317616137400155	-3.18990222805642	10	10	0.39704262215457986	-15.536704208296543	6	6
GALM	0.60121215361566	-7.436663991532039	5	5	0.9944944666811336	4.782100344474931	2	2	0.3950132568095176	3.107997051985705	3	3	0.4641144340452932	-1.9073554980278509	3	3
GALNT1	0.09116089131153296	-9.086389947080109	5	5	0.2143652036028061	12.438045422336009	3	3	0.5392328430533015	4.113399563014704	2	2	0.23936673222782978	-9.36760772583965	3	3
GAPDH	0.04082662287959046	-9.349371851164273	9	9	0.39623296890775006	9.582595541406748	3	3	0.7468385288584178	-3.1947672797275737	2	2	0.2574487214117861	-13.189229702023217	2	2
GAPDHS	0.507551045576488	-8.576421244307673	5	5	0.1272720514408127	-1.7088221793780232	2	2	0.23405828795217087	-5.453477536957395	2	2	0.7844784035957554	0.9247040278475644	1	1
GARS	0.027402016857159768	-9.569063715818762	5	5	0.33265015555354926	10.192709866718449	1	1	0.4666706897740691	1.7842604234634445	2	2	0.8408646898041267	-8.035858250606775	2	2
GART	0.7392222905184969	-3.1079208893091455	5	5	0.9806445855755239	3.1503905231060556	4	4	0.5656771481174789	-2.023804410159508	4	4	0.5217971521146411	-1.8231751117798194	3	3
GATM	0.8949606199492771	-8.249927937129938	8	8	0.5105442636805715	13.23005517500784	6	6	0.6100046029723701	-2.2096470274829225	6	6	0.375677121980317	-11.202356250263469	4	4
GBA	0.13680074921981175	-4.666830544579664	10	10	0.16512996257521595	4.586576921704385	8	8	0.10687226498010395	-3.384448577166461	9	9	0.975919655713715	-10.830306531784105	5	5
GCA	0.1671833963600451	-9.495249722876915	5	5	0.9775890450594203	6.0192844934862	3	3	0.5883241854428083	1.142119192759404	3	3	0.6472718678263668	-4.718589123553877	3	3
GCAT	0.22382328050897649	-1.5542850611899182	5	5	0.19513869580206422	-1.0713879050248998	4	4	0.38521711432469496	-3.734049118026754	4	4	0.6852839181983256	0.47026951646637666	3	3
GCDH	0.423975969416849	-8.361991559434232	5	5	0.08497601604386161	14.92353261830778	4	4	0.6170562246662268	3.014397174001337	3	3	0.4749959143995396	-14.471484506991898	5	5
GCGR	0.9429565476279621	-2.7042897486443245	5	5	0.3105344656759489	-1.1557509563716248	4	4	0.8551349242950246	-1.8698319559593155	4	4	0.16186926900320986	1.7483170248591662	3	3
GCH1	0.96277950935114	-2.433557605944522	5	5	0.6448308255888252	6.597609424624719	4	4	0.44797363655519107	0.42159260827759154	5	5	0.7908534206355673	-4.825006461162492	4	4
GCK	0.21220138259964239	-0.4521628009547764	5	5	0.46451908390559005	4.793504130947076	5	5	0.5972374256688835	-3.8094547074450165	5	5	0.3399166751811209	-1.4039877458704055	3	3
GCSH	0.6340799561146289	-5.125938898702341	5	5	0.14232719046486667	16.314105979918228	5	5	0.6337432528827855	-3.197877438252341	4	4	0.029997752091560057	-13.926746286293188	3	3
GDI1	0.11981983288174788	-9.252248417453918	5	5	0.04733713763079308	13.184294114897199	3	3	0.0979797292634162	5.371119903871748	3	3	0.7477340440880693	-11.934272604955728	4	4
GFER	0.586141830064435	-8.063125386978856	5	5	0.5210548533507869	-0.6603055832076841	2	2	0.23157995000877307	-8.914897092537913	2	2			0	0
GGCX	0.3301748442224587	-6.189671610322443	5	5	0.9686286237487493	2.9201318796449467	3	3	0.4734211612804661	4.398349250890387	4	4	0.722226814782915	-2.274765670425312	4	4
GGPS1	0.025296008499544553	-0.21321620953294781	5	5	0.10406176663895325	1.7099414993599105	4	4	0.22074136354292528	-9.303112409968003	4	4	0.7844784035957554	-7.824043718323157	1	1
GHRHR	0.28776675460088263	-8.174894757251884	10	10	0.2864716006905016	5.623157824146474	7	7	0.992538568782844	-3.169067238874149	8	8	0.42212153558705623	-9.052782778787003	7	7
GIT1	0.46852751360493294	0.27369557257638505	5	5	0.7000975714835349	5.577071879093246	5	5	0.05205473893400743	-9.613774990810734	5	5	0.22908579873911206	-9.42461313752923	3	3
GIT2	0.366703759633599	0.6654609375461064	4	4	0.8271586415575614	3.4602963334815775	4	4	0.47893417805677974	0.8198197391965554	4	4	0.8082903871016894	-2.3400231715713846	4	4
GK	0.7486354337397085	-2.5967106705635836	5	5	0.40123171183354833	9.967815550768618	4	4	0.9751334888782764	-2.6011355336796025	4	4	0.23827674246241826	-11.558176255347481	4	4
GK2	0.8106778782225714	-6.138441787457683	5	5	0.33425458174009104	4.202714646764945	4	4	0.8974582362475987	-0.19387799950451723	3	3	0.6155324084201014	-4.2085391097031675	4	4
GK5	0.028285969329589898	-10.019643860536513	5	5	0.30418312479843757	-1.6849899674062812	1	1	0.21223150897520326	-9.93958147673651	1	1			0	0
GKAP1	0.6885694659493766	-2.399625160219139	4	4	0.7149683940145535	2.4537299717720793	3	3	0.7927636242635618	0.10160332319079461	4	4	0.7865099488403494	-4.762675032015267	4	4
GLA	0.8446126894882864	-4.999406179252209	5	5	0.4088637527597777	6.684033285826324	3	3	0.6762775265647218	-3.008176547812257	3	3	0.21317480563693292	-9.752703397519175	2	2
GLDC	0.20102187261728377	-6.182100814678852	5	5	0.07111211912609339	17.25203733967952	5	5	0.7846914046475043	-4.12186706486558	3	3	0.18112537375344617	-18.775042953406274	4	4
GLIPR2	0.013156128170213995	1.767345432434081	5	5	0.7259146806302323	8.626092957713178	5	5	0.659229922639178	-3.232080727859245	5	5	0.9774922380570643	-8.432421225445859	4	4
GLP1R	0.11616284420154843	1.1987210661515715	5	5	0.017498996350636595	-2.3379504338492123	5	5	0.18323001736012856	-7.545536289881352	5	5	0.23418629399159607	1.3440216246392225	3	3
GLP2R	0.48782873876722077	-4.879142795470172	5	5	0.04369746950498283	-1.8227389472493456	3	3	0.7531794170704568	-2.948347541022027	3	3	0.0635566719084106	2.597109242291042	2	2
GLRA1	0.5607228211458366	-4.220992096360463	5	5	0.46375607361944093	11.32350370309726	4	4	0.6528927461773759	2.8943522835896798	4	4	0.8879785763849	-12.456816583496478	5	5
GLRA2	0.052600004882469374	2.462094137000784	5	5	0.17278529577720558	1.8621030583679061	5	5	0.3756574026796172	-6.352750853144529	5	5	0.6661707096834564	-2.0524261278993	3	3
GLRA3	0.4956676860067398	-2.377505958889135	5	5	0.08674711813308314	-1.7020131236123828	4	4	0.4734211612804661	-6.340052906510604	4	4	0.2711945356159502	1.6950536271297878	2	2
GLRB	0.8592488606084292	-4.711499751347786	5	5	0.9149886544649928	3.0095926699803655	3	3	0.34642580565979253	3.465438076434381	5	5	0.29305715311005265	-4.698889033401563	5	5
GLRX	0.23836165707475399	-8.20733050733391	5	5	0.23142165268800285	9.81223721046694	3	3	0.16609372464769745	4.065450572119061	4	4	0.8959328250581536	-11.861815448417358	5	5
GLRX2	0.6519148178577222	-5.6480659925723415	5	5	0.9060795621995646	2.790428834419727	3	3	0.11352202210723546	-6.722870072254124	3	3	0.28543489400435684	-9.483981925834073	2	2
GLS	0.660908312608193	-5.309939612736667	5	5	0.14683681418205943	12.472980708943298	4	4	0.9461542394297064	3.317286652124466	5	5	0.27718997893065345	-15.077910117938822	5	5
GLS2	0.6881795849906407	-4.650367933766495	5	5	0.610418140732033	11.801295853975219	4	4	0.8065247000992642	-0.11760488884092386	4	4	0.48839135332375516	-8.188832120399692	3	3
GLT6D1	0.1759562735296163	-8.875963566690551	5	5	0.7402807379176981	5.884766918604079	3	3	0.39504049271710706	3.6255081603577666	4	4	0.9895695423486784	-2.1059590943329005	3	3
GLTP	0.42037863746455084	-2.0282755125451115	5	5	0.805145109258814	8.762138582781878	5	5	0.4869090372919551	-3.607733291552044	5	5	0.8038348087872224	-8.26374059840388	3	3
GLUD1	0.8543645009799363	-3.8062541470819546	5	5	0.7917324428554311	-0.19801682692792136	3	3	0.0538396971483474	5.159667511898674	4	4	0.05157075192027018	2.7020340418677846	4	4
GLUD2	0.8837478620129392	-5.587222904489927	5	5	0.8617331994047407	3.0236402553036417	3	3	0.37249996469996505	-5.96363353727762	3	3	0.8534450846924276	-9.19424216199804	2	2
GLUL	0.3301748442224587	-1.955196827205745	5	5	0.8271586415575614	2.65274055835993	4	4	0.8203459355883245	-2.3050857683806094	4	4	0.44831048010169006	-1.3652112129006275	3	3
GLYAT	0.4312244042766943	-5.994866920225935	5	5	0.7895702283825207	9.17566716777428	4	4	0.1460331939986565	-6.598155106489947	3	3	0.16186926900320986	-12.62276760625216	3	3
GLYATL1	0.9496294915425141	-8.115724845598608	10	10	0.9108296730454318	12.856057624926565	8	8	0.5284941582883151	-2.7062166984093454	9	9	0.5944854261896906	-12.347113291216397	7	7
GLYATL2	0.23589338522078385	-0.45917848547893875	5	5	0.1985051571754698	1.8943636003051776	4	4	0.15289087548462243	-9.212155286107778	4	4	0.9551661367621639	-7.931515954903822	2	2
GM2A	0.38169178275119175	-5.637567057480996	4	4	0.9596721613037543	5.152739154860641	3	3	0.6990385561489949	-0.10957890504907186	3	3	0.7663400909455875	-3.6078657369258735	2	2
GMDS	0.7345302304297185	-5.230058912538673	5	5	0.9342596937976486	5.494389041142919	4	4	0.9715825273561798	-0.348840956357614	4	4	0.9374795878480127	-2.620933758342529	3	3
GMPR	0.35874312396687147	-6.133250465557147	5	5	0.36570304873678816	-0.6636976518917947	3	3	0.23271704600168808	-4.018958119540602	4	4	0.5086582144193044	1.4370538212491866	1	1
GNAT1	0.6339058563801394	-9.266165493723586	9	9	0.6168019351768635	10.461957530197076	6	6	0.9682585937857188	-8.88591321369949	6	6	0.40048881543364123	-11.809461803067025	4	4
GNB1	0.25615044005980125	0.839995890587363	5	5	0.24433397481722618	2.060687526234943	5	5	0.9841520134956872	-2.7455231205152337	5	5	0.2663128733664861	-1.4715697711278342	4	4
GNE	0.10774366495254802	-1.497690658529607	5	5	0.14415275867324837	0.8909795735327511	4	4	0.9335112179410558	-0.7352622814712758	5	5	0.18483545275320257	-1.1021812220709661	4	4
GNG2	0.8592488606084292	-5.2503837085282745	5	5	0.6329646623089908	2.6493161687641056	3	3	0.8406659733061108	-2.034351934437654	3	3	0.4641144340452932	-4.525352504928178	3	3
GNGT1	0.05691421621227906	-9.177526543076256	5	5	0.12386570646303387	14.462586126325812	2	2	0.28475148645843384	5.027633067806893	2	2	0.6010295810233537	-8.55008164516716	3	3
GNLY	0.7770952342274552	-4.904806606120631	5	5	0.9574341219700276	9.264352986921773	4	4	0.04834394513156931	-9.624663963612923	3	3	0.025039734158893233	-19.192010976108563	2	2
GNMT	0.423975969416849	-5.8269721732579915	5	5	0.7233726617330447	2.8629908824576074	3	3	0.9964470777517473	-2.7273052431063918	4	4	0.7046007158919422	-5.681390846830472	3	3
GNPDA1	0.10774366495254802	-9.122643307864791	5	5	0.08854790468758797	14.972911921330857	4	4	0.031613444459608654	10.631199962469074	5	5	0.6579750176492922	-10.72407463862332	5	5
GNRHR	0.6927656854662068	-8.752159218594763	5	5	0.7984851849034864	-0.19405515168208431	2	2	0.6762775265647218	0.3565088192078485	3	3	0.5257619439266255	1.1330875917737062	2	2
GOT1	0.7914408197717095	-5.453525147487439	5	5	0.8499092679602628	8.15951119182541	4	4	0.9465706393513804	-2.7185611564642063	3	3	0.8343169373703494	-7.794974164444485	3	3
GOT2	0.08649309798280731	-0.7863615205964783	5	5	0.24084468107445367	12.348931398964787	5	5	0.7451320327163529	-5.741538464605064	4	4	0.2158727325054437	-18.25838328930229	5	5
GP1BA	0.03257374715319043	-9.266534847738741	5	5	0.19986588073619793	12.029565045363645	1	1	0.25460462564940356	3.8018011180404536	3	3	0.8856559261797309	-5.891987181494875	3	3
GP9	0.09727812464524577	-8.713892981406628	5	5	0.28794793477130975	-1.107718624431957	2	2	0.17160859445578225	3.800333667353206	4	4	0.031001999035337725	2.5650265508073318	3	3
GPD1	0.6474368805806119	-5.1144272975682865	5	5	0.33668552683153763	6.719213760612834	3	3	0.9219772462611487	-2.6161153593219963	3	3	0.3017124921160841	-9.17701352166125	3	3
GPR18	0.7914408197717095	-5.208990180175466	5	5	0.585768495801301	2.666995449550164	3	3	0.577788589673446	-2.842491590470415	4	4	0.3077280768410524	-9.405761217180281	2	2
GPRC5A	0.5318492648456394	-8.966406830151735	10	10	0.03875646891872531	16.155658383926482	8	8	0.6369290294033492	4.008300054573417	9	9	0.15291625606899684	-19.304941332699354	9	9
GPT2	0.6385193141827058	-4.714517650353649	5	5	0.4520001713552888	10.119053759113873	4	4	0.816560395092754	-2.5997759307092916	3	3	0.2553911319624397	-9.457349849964324	3	3
GPX1	0.2058265346141629	0.8254815394981422	4	4	0.3591122362277068	-0.8745590109126985	4	4	0.27528569286122084	-6.380514743304922	4	4	0.6939180138575417	0.9323271236942459	2	2
GPX2	0.30763558377178857	-5.822676326504138	3	3	0.35255407769204716	10.016382175957105	1	1	0.4070021657310383	4.826428839771241	2	2	0.9935918570986044	-4.198007239278885	2	2
GPX3	0.7794809977677248	-3.004100756730059	5	5	0.6309687826646742	7.0823077244532575	4	4	0.6194744728092239	-2.0034981703462864	5	5	0.672596273212082	-11.681610986089085	5	5
GPX5	0.16527929735388192	-9.255608033143728	5	5	0.27866013376972787	9.309493857439186	2	2	0.8742672195771835	0.663395134640206	2	2	0.9092749108051044	-6.8784241145872285	1	1
GPX6	0.7368749862547213	-5.160104755114824	5	5	0.49661958459110656	2.3275785955568633	3	3	0.814679909185666	3.5451441166821613	5	5	0.7836748470848344	-5.523004866727973	3	3
GPX7	0.3363925413553398	-2.1660493390521167	5	5	0.9896406451111373	8.941910621570237	5	5	0.602370769553958	-3.439886069070649	4	4	0.8700179988420107	-7.989834536419167	4	4
GPX8	0.5649220302157778	-8.396786982221936	5	5	0.4617297748757533	4.554886544353613	3	3	0.2677293532293714	-4.527558458765379	3	3	0.29446852463267126	-10.581098110518381	1	1
GRIA1	0.38540214903053027	-5.680687178643621	5	5	0.9417756252234913	2.7840942008617184	3	3	0.9538376416290342	-3.283179717690088	4	4	0.8241261146639588	-5.2012906917839095	3	3
GRIA2	0.423975969416849	-7.882781245846485	5	5	0.22195788313876263	-1.4192585440225702	2	2	0.2416066659015772	-8.67334894355811	2	2			0	0
GRIA3	0.18887391358491534	-8.16171758853656	4	4	0.5636966382218513	9.227742698567374	1	1	0.27220582618956657	3.5518727002353603	3	3	0.8856559261797309	-4.920999560909599	3	3
GRID1	0.5317590566476502	-1.8974188897570639	5	5	0.3986957270156035	12.046079983278931	5	5	0.4969209614225687	-0.5629351463592153	5	5	0.7477340440880693	-8.752948913556924	4	4
GRID2	0.2509763595296034	-8.086723081724179	5	5	0.6170528519825211	8.322533582723786	3	3	0.0188794601807268	9.294731138813079	5	5	0.4208609374231028	-4.023943861208242	5	5
GRIK2	0.23836165707475399	-8.95972967301363	5	5	0.08058508594599562	12.877894788560903	3	3	0.31210358250181325	3.6629201162669536	4	4	0.48060740538231683	-12.843533303798997	4	4
GRIK3	0.5947320564768949	0.26911478973711483	5	5	0.5078568779189758	2.024954407467415	5	5	0.8518803071834002	-5.132424927262512	5	5	0.6314964443859747	-4.832644108649451	4	4
GRIK4	0.7439240790322463	-7.638861150732457	5	5	0.19823441645713302	11.639489773648753	3	3	0.44638645169291147	3.2384679966974734	4	4	0.5662983738145992	-15.752307585484978	5	5
GRIK5	0.23589338522078385	-8.453780341548004	5	5	0.5032906715876146	5.049385191294465	2	2	0.015230400096736395	7.931344027707367	4	4	0.13780737369746804	-1.1088754685628501	4	4
GRIN1	0.6564053415192777	-4.604640641958065	5	5	0.9342596937976486	8.085589235370058	4	4	0.3248260914210802	-6.105739044306714	3	3	0.28543489400435684	-12.935024105403844	2	2
GRIN2C	0.8886618099197483	-5.290900831958032	5	5	0.6013188402665999	6.1038110943935635	3	3	0.5538897025707736	3.855557584388915	5	5	0.8258231017016949	-8.820554500327132	4	4
GRIN2D	0.3719245441491863	-8.662460250541928	5	5	0.7598437280264725	12.11888098816859	4	4	0.04480392048815038	-10.165649404718321	2	2	0.08136226093604486	-17.71206844927167	2	2
GRIN3A	0.527684126430728	-4.990309960081976	5	5	0.3521059663418048	15.942339071846968	5	5	0.0881055097340203	4.253457385492259	4	4	0.9198552447733648	-11.865022153212188	5	5
GRIN3B	0.6519148178577222	-2.2464933858846954	5	5	0.4035505227029488	8.031013544663098	5	5	0.6464833221017146	-3.196815116863648	4	4	0.6557662767367889	-8.447445468467764	4	4
GRK1	0.12818248624683012	-1.2191728492621434	5	5	0.8120705148574179	5.67641688333908	4	4	0.0538396971483474	-9.59253645646995	4	4	0.12775690535289896	-12.23795069044322	3	3
GRK4	0.13947377694672577	0.9071718556745183	5	5	0.2773379466103324	5.451161719038358	5	5	0.35051070309736587	-6.235601658647295	5	5	0.8562820880306701	-11.700181363353883	5	5
GRK5	0.1428365695316339	1.617027996160928	5	5	0.9758311899789928	9.789460327699912	5	5	0.6999722341315526	-5.416559154811146	5	5	0.289638945955366	-9.037903612203563	3	3
GRK6	0.1861014037634212	1.597883175146092	5	5	0.6809577535966672	2.5178029378105538	5	5	0.14927057381833403	-9.319412953367488	5	5	0.5133369238656149	-5.9458155619618855	3	3
GRK7	0.7251759389949729	-5.103026532533159	5	5	0.3198858120301791	8.43083614394309	4	4	0.23097872559102595	3.7514945932348085	4	4	0.8789105686766774	-4.750091540065991	4	4
GRM2	0.7158624805210481	-1.9525540090451257	5	5	0.9034502746478965	3.249293506845748	4	4	0.725001421612616	-1.9205522876448426	4	4	0.6285977579012942	-1.8961525009686078	3	3
GRM4	0.8190815497396947	-8.174425499045176	10	10	0.5988718899189853	14.913926282480398	8	8	0.7481547389385432	-3.539531807004052	8	8	0.7244635686686405	-15.881250731570825	6	6
GRM7	0.09562671866098621	0.8436477589460486	10	10	0.16581225252073306	5.973836485983074	10	10	0.4521410207293123	-8.986006947691658	10	10	0.666506271909885	-5.1999007349161905	7	7
GRM8	0.7392222905184969	-4.697072770514133	5	5	0.9265462741340409	8.627991886386338	4	4	0.3669983519637525	-3.499364567035831	3	3	0.3601334303089583	-9.117884722079742	3	3
GSG2	0.14799697279868418	1.300342298308672	5	5	0.17830358963729687	2.0117335631086877	5	5	0.3148444275739728	-6.809576153706317	5	5	0.7438000152380875	-2.317417622244101	3	3
GSK3A	0.2433527622901227	-5.783499406425037	5	5	0.4481667664083513	6.569133772391386	3	3	0.29535725760161435	1.2665961577718965	4	4	0.8856559261797309	-4.707955246840324	3	3
GSK3B	0.12205704902943779	-0.006225110577665689	5	5	0.2968491201447703	-1.0739143691195785	4	4	0.13012162274250477	-10.069303352228623	5	5	0.1510564044067528	2.827051574362544	1	1
GSR	0.4167992957708768	-5.600476706694976	5	5	0.43483297681819333	6.619525298923574	3	3	0.18523311319628355	-8.340638940066816	3	3	0.05910613216726705	-18.153880852294254	2	2
GSS	0.3104845943643869	-2.0216432647860154	5	5	0.767244064632483	8.40560819254746	4	4	0.6528927461773759	-3.4114987339172487	4	4	0.5049486807858136	-8.418088634846013	3	3
GSTA2	0.6564053415192777	-2.459796292022039	5	5	0.5935229888205811	2.5136100012967866	4	4	0.9524810399580087	-2.2366504116493697	5	5	0.5651475592471655	-1.6597666065762446	3	3
GSTA3	0.628072365356692	-1.7218598189648802	4	4	0.18673218431587135	-1.2401749643598095	3	3	0.486482969484068	0.8591818050044724	3	3	0.049884638932571924	2.257672367637864	3	3
GSTA4	0.22004467163686459	-9.448172505694659	10	10	0.7598437280264725	9.455869762165431	4	4	0.15761328395187368	3.811556386077381	7	7	0.3433183710743213	-8.434165095648085	6	6
GSTA5	0.03257374715319043	1.769536912317682	5	5	0.4385137118628315	2.7159314871204496	5	5	0.07977583778744303	-9.686694620100363	5	5	0.41726130670800565	-5.961811243914497	2	2
GSTK1	0.8985023658099028	-5.177867533871756	5	5	0.8178185521799152	3.4744674244401854	3	3	0.4124262008113354	-5.624308366635972	3	3	0.6322208389509509	-9.043866255573278	1	1
GSTM4	0.07492331644583618	1.339106711322497	4	4	0.6036345294692856	5.754869228721257	4	4	0.6528927461773759	-3.156181910780093	4	4	0.9774922380570643	-8.773691156994994	4	4
GSTO1	0.9975177373139092	-5.324681236579624	5	5	0.9111408467360205	8.443901937553308	4	4	0.5812389335291523	-3.1326574954386666	3	3	0.41763748659739	-9.177392992912704	3	3
GSTO2	0.04750776792930081	1.5507063237307974	5	5	0.08112956905552651	1.108646867225282	5	5	0.008440004398893045	-10.501466436902168	5	5	0.1714880189307838	-18.603079348852294	1	1
GSTT2	0.6340799561146289	-4.497913288545779	5	5	0.21597553982287754	11.958254947709237	4	4	0.14460887434061637	-6.9604727088277665	3	3	0.028985094764266736	-19.687654957822563	4	4
GUCA1A	0.06892367892098658	-4.900226306853507	10	10	0.003632823942016365	-2.687942351640171	8	8	0.02038360125394434	-10.559177224201315	8	8	0.5217971521146411	0.839741933321454	3	3
GUCY2C	0.31718938408384667	-0.8716105432700111	4	4	0.585768495801301	0.7434189617524979	3	3	0.9043013934051304	-3.3829562602269285	4	4	0.9041088338302047	0.26702609475308847	2	2
GUCY2D	0.7251759389949729	-8.103832698416191	5	5	0.2732649050699557	4.03253284786248	3	3	0.8446653129574682	-3.608365624433391	4	4	0.43594688289199346	-2.7813771891598815	2	2
GUCY2F	0.6474368805806119	-4.570803148296933	5	5	0.9265462741340409	7.583697882616005	4	4	0.5645810207952495	-4.0723546443027745	5	5	0.8170453009277164	-8.374810508631422	4	4
GUK1	0.10110322227367909	-9.205015787711067	5	5	0.02724395601959539	15.740601085137973	3	3	0.5240023074143096	-8.030883801123233	1	1	0.013981967682743998	-18.855320282165387	3	3
GUSB	0.20544098866675609	0.8705802736896057	5	5	0.10645577636616343	1.5621535312721058	5	5	0.04154722432793629	-9.877217311443545	5	5	0.48022379094487777	-6.6723060590554875	3	3
GYG1	0.46471863326889606	-6.125274675931222	5	5	0.3838407081788807	6.514109240915954	3	3	0.2912664936520487	3.7188115780378026	4	4	0.9774922380570643	-5.6822632565718365	4	4
GZMB	0.1159918547772143	1.6118996045036769	4	4	0.4066975841122953	-0.7382216744716755	4	4	0.9043013934051304	-1.8478778623163574	4	4	0.45617396933916476	1.147127572605373	3	3
H6PD	0.5622920525721012	-9.58773337934619	10	10	0.1610353069275794	13.269267858964723	8	8	0.9527711937500707	-2.8284575423683207	8	8	0.14378429503389048	-12.752492119487279	7	7
HADH	0.4275912420825324	-2.21162132000136	5	5	0.8804356894793568	5.914575325153628	4	4	0.7586507876176383	0.4891836954416869	4	4	0.9415245008787722	-5.454894646211263	4	4
HADHA	0.28463993721353786	-1.0112206312054586	4	4	0.1551894532963833	-1.2871702148892357	3	3	0.602370769553958	-0.02068350182276039	4	4	0.2240648709700087	1.3749276239114578	3	3
HAGH	0.7251759389949729	-1.9657341867361844	5	5	0.8659613684479033	9.000689897505081	5	5	0.24441616296581703	-4.119370264174056	5	5	0.17395866300991503	-9.428236014854205	3	3
HAL	0.6385193141827058	0.11487165310461411	5	5	0.7194297851543845	3.4455322591051374	5	5	0.7901043763119766	-5.091978642309062	5	5	0.8343169373703494	-2.8449950297087683	3	3
HAO1	0.7228436464328425	-7.1268425907935615	5	5	0.633992445906967	-0.46458486824618017	2	2	0.6243342099193211	-3.0923122019952127	3	3	0.4384096229786417	1.72549807091392	1	1
HAO2	0.35874312396687147	-8.135975646810166	5	5	0.20176461251143984	9.87639580336556	2	2	0.9056215408876463	-2.385515372887349	3	3	0.44052455086533027	-11.204256803639089	3	3
HARS	0.6453610084742636	-2.7344070274935115	2	2	0.4750045753332912	-1.3272767083544519	1	1	0.28553710900058427	-9.583189972280927	1	1			0	0
HBA1	0.5772133892447414	-7.267595924549692	8	8	0.48064147483367936	11.101018340651995	6	6	0.395263111026534	-1.3498106662738174	6	6	0.8483919991103628	-9.523271216391718	5	5
HBB	0.37062641735716473	-9.609871012668505	10	10	0.9269920967381817	16.89880540452379	8	8	0.7750449756385072	-3.1769796821622536	6	6	0.9817383452176681	-16.671565335907072	6	6
HBG1	0.19123061750302206	-0.6614091234244363	4	4	0.4617297748757533	2.508423933676285	3	3	0.2503308729813344	-6.301455460209344	3	3	0.8220708729582533	-8.92871450879672	2	2
HCK	0.16059058987877894	-1.949533884575608	5	5	0.651808819761505	2.2221153048596762	4	4	0.02452930298589123	-9.812575934455557	4	4	0.10563348227890615	-19.434733754187498	1	1
HCN2	0.796238686445729	-5.285180114381658	5	5	0.2461848323371547	12.555996987427742	4	4	0.7654382284752708	0.4312686438305367	4	4	0.3047578096938506	-15.376339467568066	5	5
HCRT	0.20767683912981494	-1.230446575518158	5	5	0.16374998424918574	1.3941738540820456	4	4	0.5917353948849915	-4.406659015360753	5	5	0.2608946563559693	-1.233157819872649	3	3
HDC	0.5115451476448174	-2.0050788627287313	5	5	0.10825972143821798	1.3212675246617576	4	4	0.6999722341315526	-3.7287462032373924	5	5	0.13273684784334738	-0.7576587688430774	3	3
HDHD1	0.8592488606084292	-2.2041413617315277	5	5	0.8196062304539233	5.732642760685958	4	4	0.6823969143331896	-2.841738554823848	5	5	0.8547806205172963	-7.961152617200445	3	3
HEXB	0.7770952342274552	-0.22807068345594475	5	5	0.18111143661382267	9.735148160409118	5	5	0.44323425304160013	-1.220266345501861	5	5	0.5997482906588206	-8.308749603506095	4	4
HGS	0.6630913460928324	-5.659466930966886	4	4	0.46874481191669715	3.2727072540776554	2	2	0.028064798520135038	-10.677774558259156	2	2	0.10563348227890615	-19.488056517069815	1	1
HIBADH	0.6252407574028693	-5.48869872378524	5	5	0.30919237979861824	6.877735173384484	3	3	0.019285959058320864	7.816336911792738	5	5	0.2597848020125052	-4.656868781850847	5	5
HIBCH	0.9694188949074174	-2.634419662796232	4	4	0.9328378024560585	3.159622770890446	3	3	0.39504049271710706	1.1055705606228023	4	4	0.6101583166143778	-1.9483868666102413	3	3
HIF1AN	0.09356960631007324	-0.47751977282273206	5	5	0.036502929982682154	-2.301919664757022	4	4	0.06856834030341563	-10.027864418205588	4	4	1.0	-0.15890209086449936	1	1
HINT1	0.5652528814214959	-5.667617031222708	4	4	0.8198738922225053	3.9690190173059587	2	2	0.4242835370523418	3.132913830047024	3	3	0.5563406378078593	-2.276169475873085	3	3
HIPK1	0.20322268399087395	-1.2173637459973048	5	5	0.16970231506403877	-1.6585545749850177	4	4	0.18897478566464465	-6.724024806264556	4	4	0.14602895980960615	2.121903728276145	2	2
HIPK2	0.8446126894882864	-2.825219050030388	5	5	0.41776172604909567	7.164206394892699	4	4	0.34743773640048203	-8.981012963293614	4	4	0.1030180418608657	-15.190968553009075	2	2
HIPK3	0.6583411628227891	-8.39320415753229	10	10	0.13987425358429784	17.802539521880316	8	8	0.18127606991845324	10.511468423785635	9	9	0.5258866446346684	-13.816464936336663	8	8
HIPK4	0.8837478620129392	-5.823171976552129	5	5	0.8529114166419892	2.5030941317857835	3	3	0.1381196314597904	4.018962294004171	4	4	0.22941178941125662	-0.9884263270673523	4	4
HK1	0.41774179398790434	-8.98869853979599	10	10	0.013507184942776758	16.17162990707675	7	7	0.01260137419171222	10.124599270804922	9	9	0.46345633049807267	-12.839853696134147	9	9
HK2	0.3363925413553398	0.0009724777758155501	5	5	0.5474491261756043	3.0447889432922537	5	5	0.4199714631584993	1.3596248711403283	5	5	0.16194398434930057	-1.8361424052856468	5	5
HK3	0.897395526008232	-4.409575739028452	4	4	0.2116872514371817	-1.553731079995944	2	2	0.7767779949035605	-0.7926937861789775	3	3	0.30017237238335026	0.2682224146815959	2	2
HLA-A	0.8788383827548104	-0.011603148448743328	5	5	0.7389431665234396	5.684637812386575	5	5	0.5328090632647803	-5.804676833959565	5	5	0.9415245008787722	-8.54353439753912	4	4
HLA-B	0.5297195217394404	-1.906127259079751	5	5	0.25824327399626645	9.45112063961612	4	4	0.9113597733739448	-2.586175146738727	4	4	0.24279877889186918	-11.674110556750733	4	4
HLA-DQA2	0.732187850088774	-4.287438667693321	5	5	0.6899657210501795	2.3270573773619923	3	3	0.725001421612616	-2.5871065371934097	4	4	0.505018275524211	-3.115073943999958	2	2
HLA-DQB1	0.8753701516331931	-9.41959829540152	10	10	0.6733267160725733	5.073412081349542	6	6	0.5505829727282954	-3.4918797071885037	6	6	0.8405170719238915	-4.769489099233145	5	5
HLA-DRB1	0.7651980985993917	-4.78728907796805	5	5	0.6729244241513159	6.3696313270748375	4	4	0.46732211144039093	-5.5339267110727635	3	3	0.8408646898041267	-7.2660605474079	2	2
HLCS	0.5965707819142537	-8.36834832579836	10	10	0.22853828722818326	5.465857133626874	7	7	0.4714773895096954	-3.500171086135312	8	8	0.9598378260607108	-8.509826123207963	6	6
HMGCL	0.6631643621801504	-5.171888525956854	5	5	0.42335965437297274	12.863871319529919	4	4	0.9137948300777354	-2.35746578655552	3	3	0.11368735693078738	-12.522044724171801	3	3
HMGCR	0.1094077785611089	-7.888278582200112	3	3			0	0			0	0			0	0
HMGCS1	0.17996369266066836	-8.947808930058534	5	5	0.18647576289842605	-1.9671603530559096	1	1	0.9143101396284091	0.42258512738277965	2	2	0.21843721583784081	2.4602301436152807	1	1
HMOX2	0.6771031298664589	-1.8492012685303025	9	9	0.883977362375458	10.869581437366236	8	8	0.6334088849635305	-5.587565557183608	8	8	0.8153935081530646	-9.650333826683704	6	6
HNF4G	0.6598648560965059	-8.50240503274424	8	8	0.4592503784467781	2.633066834596035	5	5	0.7662159198944469	4.350973010914569	7	7	0.3346019542160441	-1.8631299044481555	4	4
HNMT	0.1936088888224755	-7.335622391330221	4	4	0.22195788313876263	10.420781603862936	2	2	0.10379800763099395	6.453976837840072	2	2	0.9687157558347669	-5.570660114522194	3	3
HPD	0.3719245441491863	-5.835076459607666	5	5	0.4290012439357622	9.576730964393116	4	4	0.25091559531265295	3.316393118862919	5	5	0.8967405044802678	-5.482430421011309	4	4
HPGDS	0.09298393037949489	-1.0516800566407805	4	4	0.731810421723722	3.333279483639412	3	3	0.7927636242635618	-1.8671786908194161	4	4	0.8038348087872224	-4.982165143284151	3	3
HPN	0.5176519747079696	-6.063352036076586	10	10	0.15901696263417797	3.0727964825968415	8	8	0.8438437681909234	-3.154241274182177	10	10	0.09430923558443134	-4.6021874691563625	7	7
HPRT1	0.6836049221571479	-3.0928431111358834	5	5	0.08575986067428704	13.701421021095216	5	5	0.3250662141626942	1.5649933213676466	4	4	0.3290764500784257	-12.31291583655018	5	5
HPX	0.9875891670534	-3.488251845866976	5	5	0.7744684353190315	3.339493136609798	3	3	0.14536161537588088	4.237310136640418	4	4	0.3460311401410645	-1.474465228866567	4	4
HRH1	0.9774081171971742	-9.228701019834391	10	10	0.39693188240265653	10.563313067385232	6	6	0.9180675853380665	4.315067800703356	8	8	0.3570266943659822	-18.244080326494505	7	7
HRH2	0.527684126430728	-1.3635068398440955	5	5	0.674622456662455	7.939268184422289	5	5	0.5276030493741566	-4.406617738225491	5	5	0.7143319843313938	-6.348992092499489	3	3
HRH3	0.8348846336771245	-3.071098805845614	5	5	0.03736526701216631	13.4330221627773	5	5	0.31638607723929146	1.036347691950944	4	4	0.11418195679074566	-12.576262863307539	5	5
HRH4	0.19239247800010817	-4.311964017892545	5	5	0.07309325402578999	-1.598854671568893	3	3	0.08235074150904048	-6.8997928522422995	3	3	0.8732478202697368	0.7637764340906195	1	1
HRSP12	0.7914408197717095	-8.581259111642181	5	5	0.046134259814973336	-2.2180639348500364	2	2	0.17759090178706305	-5.949775613488924	2	2	0.7496742692924563	0.9494837503260349	1	1
HS3ST1	0.273475761452449	-8.639506003444135	5	5	0.8847862201858687	3.4302430625196316	2	2	0.2589288704599565	3.9571826804606496	3	3	0.38108884120282016	-1.426049988935241	3	3
HS3ST3A1	0.9875891670534	-2.608650720665796	5	5	0.40844054685482256	13.208490872220102	5	5	0.6657883559333966	-5.070371502344262	4	4	0.3192020328956152	-19.148826189714168	5	5
HSD11B2	0.96277950935114	-2.3668557792021443	5	5	0.2707051788540027	10.142015716208443	4	4	0.8972505670990439	-5.205392318169449	4	4	0.21426011079281937	-11.695140027156866	3	3
HSD17B10	0.05307846848944081	-8.313389475213436	4	4	0.08680328616833853	21.335200225570247	1	1			0	0	0.12119836050275437	-19.08235495793658	1	1
HSD17B11	0.4956676860067398	-4.891109886768518	5	5	0.5402743268805934	2.3867603856241666	3	3	0.9082785869431553	3.5183784429316654	5	5	0.47361404369612026	-4.952884124021589	4	4
HSD17B6	0.1779515858761347	-9.130959742041673	5	5	0.6537821855143795	-0.4341557319144975	2	2	0.634985296512836	-4.317818682886635	2	2	0.9092749108051044	0.6477169500035274	1	1
HSD17B7	0.5245120538786048	-7.5043052039256635	7	7	0.06311551889181587	-1.9544975709328447	4	4	0.07415920206133027	-10.542576473615973	4	4	0.2270843147989463	2.441589583029863	1	1
HSD17B8	0.15509756432830935	-8.31626552593574	5	5	0.20885897647466922	12.016493925586039	4	4	0.33389983867098505	3.42615846377524	4	4	0.6472718678263668	-5.844916734926855	3	3
HSPG2	0.3620106242520005	0.13796944743863906	5	5	0.35660356633054524	9.850429940804728	5	5	0.9461542394297064	-2.959702185466655	5	5	0.3346019542160441	-9.00994947358302	4	4
HTR1A	0.27758522406283404	-3.3906339847687	5	5	0.5402743268805934	2.117828026258118	3	3	0.37554449522223854	3.2706417850172467	4	4	0.3696257417185146	-1.769778622940004	4	4
HTR1B	0.6033793400560964	0.08731583577758477	5	5	0.5707391645317546	2.881730452983652	5	5	0.7476089493407241	-1.8097521188116314	5	5	0.45297359578785656	-2.6199885079646386	4	4
HTR1D	0.07464535688481014	-1.4214695269606465	5	5	0.36937250044404735	1.5380929800064915	4	4	0.8203459355883245	-0.42409038905056146	4	4	0.8170453009277164	-2.1736595025491368	4	4
HTR1E	0.7251759389949729	-2.849788349124257	5	5	0.5825585145207126	9.02235819045813	5	5	0.6250896717335814	0.4639967663729016	5	5	0.8522831759328808	-4.860662155460038	4	4
HTR1F	0.17895545356593867	-8.923748498846745	5	5	0.6739103183496755	-0.5774713313607567	1	1	0.47445614013551096	4.602365040310181	2	2	0.4847140862230581	1.1673369652795618	2	2
HTR2A	0.535849872578561	-1.9924537349485887	5	5	0.25015966799340983	1.9118261244582466	4	4	0.18585870361918444	-3.172116047209597	5	5	0.5794599973297945	-8.321956389992646	2	2
HTR2B	0.07267373537631057	1.640936573810432	4	4	0.060410518087193665	-1.6605876270808657	4	4	0.9396577594671705	-0.7193646993289059	4	4	0.21239151851507987	1.618758699443817	4	4
HTR2C	0.5628204616999586	-7.520203410974414	5	5	0.1985051571754698	12.294706028309392	4	4	0.04185140867377662	6.611581874603238	4	4	0.6799540307796483	-8.693299209682685	5	5
HTR3A	0.5815501937449638	-9.88405713741865	10	10	0.5055843574095084	12.848307748130225	7	7	0.6355769742118157	-4.343359617761503	6	6	0.9817383452176681	-13.202400227559897	6	6
HTR4	0.8886618099197483	-2.150485039509108	5	5	0.7194297851543845	9.154904205512905	5	5	0.535943373396271	1.4244854930171966	4	4	0.9598769235567685	-7.8399858935464595	5	5
HTR6	0.17996369266066836	-6.2788899210509435	5	5	0.33668552683153763	7.018471019928557	3	3	0.5741938582939017	-1.3618258040186004	3	3	0.7736481427740518	-8.221981225673575	3	3
HTR7	0.31495831564176435	-1.3728258169547203	5	5	0.40123171183354833	1.8531991677848196	4	4	0.7384016836930404	-0.5700575510246263	4	4	0.9954978743064465	-2.5166829896694485	4	4
HUNK	0.47619685679962376	-5.971740915761997	5	5	0.9865522952025906	2.913128839373904	3	3	0.7927636242635618	-3.0413327343410255	4	4	0.5133369238656149	-5.080541145038187	3	3
IARS	0.38649108357847883	-0.9954978817952322	2	2	0.7984851849034864	8.358077524211545	2	2	0.18708599301342232	-10.044062125277438	1	1	0.09169818378552001	-20.42270539817895	1	1
IARS2	0.4669573229797005	-2.045941030088696	2	2	0.2950646778219367	-1.7266921987711434	1	1	0.1993692221587139	-9.981283708101373	1	1			0	0
IBTK	0.2619267803328219	-8.46750855670822	10	10	0.43413195754570477	8.73919340790509	7	7	0.6750502229347353	4.03039766334638	9	9	0.666506271909885	-11.332892473928851	7	7
ICK	0.5155555965670764	-1.9485784927189889	5	5	0.6448308255888252	2.0868047282180524	4	4	0.9893415150470528	-2.533442434133113	4	4	0.3141164800746591	-1.0645316913116183	3	3
IDE	0.9132920403032543	-4.841400371650196	5	5	0.6943011151394684	4.675706133577337	4	4	0.7356007307959467	-3.7909305276656213	5	5	0.3601334303089583	-1.5747867681345025	3	3
IDH3A	0.7653722974378432	-5.69283237336921	10	10	0.5345686456722503	9.854025505330812	8	8	0.9314624195828857	-2.5124125953170675	10	10	0.8939536244364943	-15.792466027092994	9	9
IDH3B	0.4132379922438272	-8.317987857565328	5	5	0.5627995691474805	8.8097945414787	3	3	0.31638607723929146	3.9160634611693297	4	4	0.9954978743064465	-8.570184636757366	4	4
IDH3G	0.06688971885745353	1.465904828985049	5	5	0.8795980919872574	2.6167264481488406	5	5	0.7177097300449508	-6.391387880539697	5	5	0.4328167340199195	-1.664065736417647	3	3
IFNAR2	0.46092704007166974	-4.5573358931770995	5	5	0.3540499420404086	4.753296208892566	4	4	0.9113597733739448	0.10438924109178471	4	4	0.6314964443859747	-4.943254890009552	4	4
IFNGR1	0.4956676860067398	-5.367313791108818	5	5	0.41832582087637704	15.913696398944792	5	5	0.4063650444793637	2.9030497275005325	5	5	0.5919255611458201	-9.396069416618898	4	4
IFNGR2	0.669951034500902	-0.46315686091196384	5	5	0.1519847795867504	11.013181821744496	5	5	0.29609854339273767	1.9098710957632126	5	5	0.45653844114365516	-9.239157286548625	5	5
IGF1R	0.046719883826643716	-0.9006771529071843	10	10	0.27653754286996657	8.99689791458543	9	9	0.21084895204258147	-3.6868825355716264	10	10	0.9192333334167537	-14.512410849668631	7	7
IGFBP7	0.08202025169791338	1.5268531360237558	5	5	0.9965467954619968	9.431503371888859	5	5	0.4672164547493336	-6.115474665798161	5	5	0.5385255034333125	-12.42784427451719	4	4
IGSF10	0.3426850656797221	-7.5250028293045075	5	5	0.024262225627705594	15.565342693309281	3	3	0.5905646150284753	1.0196478159213527	2	2	0.1229241040898199	-14.419060328448873	3	3
IKBKAP	0.057507956246460906	-8.401469724096073	4	4	0.13950179234957694	18.344821041256687	1	1	0.020180663237121338	11.168869740329107	2	2	0.9791408671229712	-5.64750084934234	3	3
IKBKB	0.08512649709853892	-8.714421701368275	4	4	0.5210548533507869	8.572494358193403	2	2	0.05196748125837746	6.943158642571923	3	3	0.4641144340452932	-1.5353053118545248	3	3
IKBKE	0.7580861874699827	-8.577547238556042	5	5	0.6571523066131331	5.653903517523311	3	3	0.5126775198981743	-3.246496236641096	3	3	0.327087439863353	-10.034829073493821	1	1
IKBKG	0.9776625184939425	-4.636911858933935	5	5	0.8178185521799152	2.8008087945822093	3	3	0.9301679289823215	-2.3833323985412465	3	3	0.6379060901010708	-5.025595883810765	3	3
IL11RA	0.8667935566703048	-9.073738939194724	10	10	0.23876522426964164	1.990370019104218	6	6	0.030800169522211054	-10.221301448838561	6	6	0.5257619439266255	-8.891373111774438	2	2
IL2RB	0.9826255065052809	-5.694583852582402	5	5	0.797051849978957	8.899241539618865	4	4	0.49948906399740156	-3.1636447598079567	3	3	0.5133369238656149	-8.559010132864072	3	3
IL2RG	0.5776915875872292	-8.943608385624662	9	9	0.30095701068373615	16.09043630178805	5	5	0.3974420855210218	2.132882827361292	5	5	0.25816214764101164	-16.68361646330688	6	6
IL3RA	0.11834633303488432	-9.73748243575352	5	5	0.5375629227149763	-0.9898936895597696	1	1	0.3507994958490671	4.21169746967612	3	3	0.03751093943515699	2.8347187227388178	2	2
IL4I1	0.9281118048858265	-5.8958097864367796	5	5	0.32000636803352756	-0.8524254442933756	3	3	0.6918749690781016	0.9429574806965734	4	4	0.17395866300991503	1.5962161846664926	3	3
IL5	0.8736536454629142	-8.707048146189287	10	10	0.06461834928218883	1.1100667209433326	6	6	0.4052412307584998	-3.526241221415788	8	8	0.5958307766109687	-4.648067349047738	4	4
IL6R	0.045455843455206896	-10.080122135067638	5	5	0.35157980337446804	-0.9799693054494645	2	2	0.12402452153152456	-9.527158121006023	2	2			0	0
ILK	0.6033793400560964	-2.036040860554113	5	5	0.313255028372343	12.987469535440665	5	5	0.16318490172231348	4.995844939460832	5	5	0.755109077416879	-9.029904430092712	5	5
ILKAP	0.37526624445561163	-4.168438397933996	5	5	0.3540499420404086	7.173065546350632	4	4	0.553688991039264	-1.3093489489941252	4	4	0.8139648565977974	-5.637478053033838	3	3
IMPA1	0.32709407601287177	-1.3913704113763592	5	5	0.4334149120904912	7.657856121118784	5	5	0.7901043763119766	-2.784363784663545	5	5	0.8650501184450475	-5.130622083584325	3	3
INPP1	0.4723536117686937	-1.84991013007961	5	5	0.3198858120301791	10.128660528930446	4	4	0.21083350165903247	-7.318097153877274	4	4	0.032034967490044045	-13.456811258572152	3	3
INPP4B	0.35909858582180587	-8.868726463057259	10	10	0.11055012446930566	15.41430978824149	6	6	0.019770887153456373	3.8336113092066877	9	9	0.5310407450687765	-9.055901771060455	8	8
INPP5A	0.8985023658099028	-2.687968568587874	5	5	0.7451094432611904	2.3255000286631287	4	4	0.9609333486573387	-2.143040691051597	4	4	0.7143319843313938	-1.7192378958150603	3	3
INPP5B	0.5875371974898698	-4.041857927942309	10	10	0.8456662577457211	12.422068963059223	9	9	0.9555796102130232	-2.984809419364934	9	9	0.9932579889422233	-11.820913481623379	7	7
INPP5D	0.10571616811914489	-8.69984933650236	5	5	0.5505534547710842	-0.9252569745560528	1	1	0.33282845588159593	5.0506040771266205	2	2	0.32716307081569496	1.5819500740542294	2	2
INPP5E	0.9429565476279621	-2.3355133101156134	5	5	0.5078568779189758	12.302043935918	5	5	0.9335112179410558	-0.44473373178404674	5	5	0.3636353207574934	-8.994529440969584	4	4
INPP5F	0.22921188224435773	0.8583993182114011	4	4	0.26650620909199285	9.873826461901716	4	4	0.8761489057087332	-2.2118130272776035	4	4	0.44620800804902794	-12.42654421084049	4	4
INPP5J	0.4385441842996197	1.6056704419306198	5	5	0.7454858949282303	5.661986989591546	5	5	0.7451320327163529	-5.224573816645208	4	4	0.5829597999420405	-4.449018049713437	3	3
INPP5K	0.46471863326889606	-3.8857492313149375	5	5	0.8045521659197685	6.301847662219949	4	4	0.596181165341636	-1.6744471772864546	4	4	0.7937376011426427	-4.6662742511123225	3	3
INPPL1	0.31197121255459304	-2.0799565683989587	5	5	0.26235227280735607	4.386214567725969	4	4	0.5432984793919298	-3.0623513839072323	5	5	0.8611418352622409	-7.8184053905495725	4	4
INS	0.28592959058318146	-1.015392112562805	5	5	0.6800217115562243	2.5185877512371806	4	4	0.33389983867098505	-6.425720151137589	4	4	0.9270864972393051	-5.456353263573095	3	3
INSR	0.15874347860254734	-9.261438004010444	5	5	0.7043077228248902	9.006266680255251	2	2	0.3780523937725436	3.3510769133151945	3	3	0.5740209553051443	-5.277238494835977	3	3
INSRR	0.7866508408853796	-5.0829969794190015	5	5	0.30387702098213154	1.979956192679989	3	3	0.12033952254111674	7.527834735756141	5	5	0.212163221831277	-0.8282002965018987	5	5
IP6K1	0.706591112613975	-2.291790381374805	5	5	0.6729244241513159	2.658577823183568	4	4	0.8831381715323786	-2.7992991047241387	5	5	0.8650501184450475	-5.279454175665255	3	3
IP6K2	0.6340799561146289	-8.16988852542584	5	5	0.6490481557326151	4.749863089464993	3	3	0.644036482443492	-4.5083750058213905	2	2	0.8534450846924276	-7.497084093326606	2	2
IP6K3	0.35874312396687147	-9.354426249985766	5	5	0.3745702996989678	11.831640908560464	4	4	0.6026130949454249	0.42310919919950735	3	3	0.6101583166143778	-8.463244406378722	3	3
IRAK1	0.7887480611950277	-8.96319715282281	10	10	0.7406100795980718	13.83456982419807	7	7	0.10517388322383042	-4.136019894880373	7	7	0.10099646959065839	-18.326473896165428	5	5
IRAK1BP1	0.11472481343117695	0.5544091122556615	5	5	0.48052522116739704	8.637216514052135	5	5	0.9841520134956872	-4.9885932691529185	5	5	0.6721525719831534	-10.736423872184533	4	4
IRAK2	0.09175828419674893	-8.994462034031068	5	5	0.42173115071459977	11.9194993990765	3	3	0.5905646150284753	1.1044450649599868	2	2	0.17395866300991503	-12.716937651977602	3	3
IRAK3	0.06151895647612261	-0.8928757920921808	5	5	0.544169601042237	0.760721678444396	4	4	0.17160859445578225	-6.442715706998083	4	4	0.9270864972393051	-4.26333347981332	3	3
IRAK4	0.5523700282837086	-2.2548401343279436	5	5	0.6378839758062542	2.561203530976623	4	4	0.4151361599519968	-1.8316890643730155	4	4	0.7735205110925591	-4.029954275240028	4	4
IRGC	0.20102187261728377	-8.569972980824277	5	5	0.11964199674753521	10.102009853762214	3	3	0.399877549644446	1.144713091298376	2	2	0.2721463993628561	-9.149042304836351	3	3
ISG20	0.8010442678464642	-5.400732552973607	5	5	0.8441079932691453	3.5020363922433684	3	3	0.7767779949035605	-2.8173398223835755	3	3	0.8158285203497877	-3.5694892122799278	2	2
ISPD	0.23836165707475399	-6.105120720104239	5	5	0.48249737846317997	-0.6522400564468889	3	3	0.8487356742361257	-2.1376818224346543	3	3	0.15986880821341787	2.0579816537562774	2	2
ISYNA1	0.826208283160862	-2.6376120496152984	4	4	0.35977802178558205	8.553685178361526	3	3	0.8902078449824304	-0.32322857137711947	4	4	0.3636353207574934	-12.47222376732001	4	4
ITGA2B	0.5649220302157778	-5.561959814449533	5	5	0.5328674030898859	6.733502750966982	3	3	0.8691337795055548	-1.7552404837052142	4	4	0.6379060901010708	-8.751972744806045	3	3
ITGA4	0.6252407574028693	-4.370347032006481	5	5	0.16521987117199044	9.725000521540968	3	3	0.547741932359054	1.0207646758277413	4	4	0.4876566540526557	-11.973686778353587	4	4
ITGAL	0.14114747584819154	-9.864664490499448	5	5	0.4895310666857753	6.4891684697012115	3	3	0.00698611025977407	10.889510896647911	5	5	0.07012705450823191	-1.1532287960651317	5	5
ITK	0.9583072695291545	-5.286346271819061	4	4	0.07170969444201415	-1.9298252562772005	2	2	0.04347163728657978	-10.18483774462168	2	2			0	0
ITPA	0.9330575303574289	-2.2725312140695393	5	5	0.25417910927585186	7.567590589300491	4	4	0.8411815169101106	-2.3942323555604066	4	4	0.2608946563559693	-6.571558582386146	3	3
ITPK1	0.9875891670534	-5.615380007596227	5	5	0.9507207862589255	5.161174491392634	3	3	0.9056215408876463	-0.6105145304957292	3	3	0.8241261146639588	-5.613373423614782	3	3
ITPKA	0.32098872758613173	-6.143696223140189	5	5	0.22277660800081023	9.204819829161485	3	3	0.9958869909628559	-0.06739082864125256	3	3	0.3268512455657838	-9.113895059529154	3	3
ITPKB	0.5947320564768949	-2.0653009006526486	5	5	0.24225447744842854	0.945491188304303	4	4	0.2415489981495571	-7.070646804340171	4	4	0.9807772245834527	-2.724399101640394	2	2
ITPKC	0.1532986196605888	1.5331199303277965	5	5	0.5648726303070202	4.693517539758081	5	5	0.9651432316706796	0.3092820981676134	5	5	0.6362877374589493	-4.604485915213537	5	5
IYD	0.6950629232340106	-5.776692827735545	5	5	0.9034502746478965	5.460969796219737	4	4	0.2419342725434538	-6.313019074952077	3	3	0.28543489400435684	-9.62522802841535	2	2
JAK1	0.8886618099197483	-4.249190333072295	5	5	0.32462984430099917	13.138318522840798	4	4	0.596181165341636	3.0396211181777004	4	4	0.6291261945711006	-12.465692442243935	5	5
JAK2	0.873933557973914	-4.468561830200762	5	5	0.24785860919907887	14.406615386496759	5	5	0.40188870760630857	2.405692996390896	5	5	0.7704498039127591	-11.842606791832281	5	5
JAK3	0.2099302869161621	-8.534897786718519	5	5	0.10932716589164193	12.162972700271107	3	3	0.506299662687254	0.8896657719781764	2	2	0.20476859660727664	-11.908357531132433	3	3
JAKMIP1	0.7392222905184969	-5.576274272659312	5	5	0.20885897647466922	12.607253684407276	4	4	0.9056215408876463	-2.482261446734077	3	3	0.21239151851507987	-15.19150810207362	4	4
KALRN	0.9380058413771041	-3.937217047819811	5	5	0.767244064632483	5.15960913534473	4	4	0.24878231313626042	-9.746543784577865	4	4	0.29446852463267126	-10.468084475034988	1	1
KARS	0.4009468221169852	-1.4107552992001384	4	4	0.5780639637403786	6.30261655573369	3	3	0.2218154584556069	-6.073663785170306	3	3	0.1030180418608657	-14.27809951987463	2	2
KAT2A	0.679041845101834	-2.004865521429833	5	5	0.9275821930973907	5.472797197855624	5	5	0.8621289391457794	-2.6390270441893167	4	4	0.7648956320274692	-5.2329219660518485	4	4
KAT5	0.12818248624683012	-8.84001674210574	5	5	0.18647576289842605	-1.9680087476942312	1	1	0.13866272334342913	-10.221751862386139	1	1			0	0
KCNA1	0.20767683912981494	-1.6860050911009912	5	5	0.7917754662738534	11.823587512226212	5	5	0.6722737176048921	-1.2742708276905341	4	4	0.6721525719831534	-9.10843797604691	4	4
KCNA4	0.5691363040533048	-1.8053850461881453	5	5	0.9342596937976486	5.9159005902971105	4	4	0.5656771481174789	-5.7479075458222715	4	4	0.41763748659739	-8.84984436257941	3	3
KCNC4	0.19239247800010817	-1.8350686066198278	5	5	0.9883860222523053	5.658711982618531	4	4	0.09852606466405768	-9.887866105732492	4	4	0.18510552102127187	-13.737041844279133	2	2
KCND2	0.6120827118982823	-0.9325751364296204	5	5	0.38434375366436746	7.896737414717314	5	5	0.4672164547493336	-0.5252501738016351	5	5	0.8789105686766774	-5.6190653116819815	4	4
KCND3	0.005260707131755039	-10.293775193783587	5	5	0.27866013376972787	9.159203225085639	2	2	0.09762156978719794	4.959135542300447	4	4	0.21912311405978113	-1.2173152244880434	3	3
KCNE1	0.3652967094607398	-0.9291003056351279	5	5	0.5571290120059167	2.0853172120041896	4	4	0.3974420855210218	-3.442477439678036	5	5	0.505018275524211	-3.075738059236823	2	2
KCNH2	0.9947858288692139	-8.8390067202927	10	10	0.6029141250257009	11.654230728194888	7	7	0.22270004266928	-10.440826312721208	7	7	0.4504767350856549	-13.81156656987038	5	5
KCNH6	0.9132920403032543	-2.7041816831004404	5	5	0.9497043410641458	8.669378505463524	4	4	0.8768704073296054	-0.5137685685420661	5	5	0.7908534206355673	-8.805353736340187	4	4
KCNH7	0.2667197221875778	-1.0847670329373345	5	5	0.5885107207714262	8.990138661081565	5	5	0.5019677595485061	-9.152590129705144	5	5	0.14675079824891618	-9.99562771987096	3	3
KCNJ1	0.11908136672987145	-1.0159060527730561	5	5	0.21959859314195795	2.265912291752328	4	4	0.04096337173106018	-10.451115047416083	4	4	0.29446852463267126	-10.537304018430486	1	1
KCNJ11	0.9429565476279621	-2.997866365687601	5	5	0.5571290120059167	2.1096014934137752	4	4	0.8394391855927853	-2.703681830206263	5	5	0.8082903871016894	-4.900412035732146	4	4
KCNJ12	0.2544288001422661	-8.154625811526682	4	4	0.1921854753410971	13.086847994935274	2	2	0.10035485063604431	9.139713424769033	4	4	0.9594980633084279	-5.085684116042242	4	4
KCNJ3	0.29158573916096564	-6.216358349672625	5	5	0.9596721613037543	2.8398718785923607	3	3	0.17049874419246436	3.7914214539463456	5	5	0.40684227561527353	-1.4768373843653164	4	4
KCNJ5	0.7628252567401973	-0.40250362183269184	5	5	0.7454858949282303	3.5787269542262794	5	5	0.44797363655519107	-9.286124043717834	5	5	0.8038348087872224	-4.883160286970833	3	3
KCNJ6	0.30605320289601023	-1.0507861527826556	5	5	0.14415275867324837	-1.5806148860938827	4	4	0.7718073239842742	-2.5200145628258177	5	5	0.17467831277558643	2.021685622597822	2	2
KCNJ8	0.08997536675983325	-1.4737804631197788	5	5	0.14955892542148866	1.1285147613491493	4	4	0.5862567602650975	0.44846800730917963	5	5	0.06501823380898307	-0.537592962421361	4	4
KCNK1	0.4917398287066179	-4.5177390205568395	5	5	0.20536509453891316	12.51133908944656	4	4	0.8411815169101106	-2.980091392543441	4	4	0.21239151851507987	-15.333114883716421	4	4
KCNK2	0.5015906523310041	-5.599222202308003	5	5	0.22923813146442384	-1.1659541394066313	3	3	0.9893415150470528	-2.9125877326839302	4	4	0.21317480563693292	1.856789671430274	2	2
KCNK3	0.15509756432830935	-1.023166390016398	5	5	0.07818194571023064	-2.255793344488186	4	4	0.6027626037074241	2.7950045169010576	5	5	0.0612815185723528	2.595677093427863	5	5
KCNK6	0.4422306915417815	-3.294285608301769	5	5	0.9419792903008283	3.372008907708498	4	4	0.2226021190230737	1.2338690526910645	5	5	0.2048828143662026	-4.287569904709265	5	5
KCNK9	0.3922514498591715	-2.198909011108752	5	5	0.3151873523507621	-1.0616468230148122	4	4	0.9964470777517473	-2.4929617116534337	4	4	0.4101670005354886	1.2291280422579192	3	3
KCNMA1	0.7818689219529655	-0.3843103603360447	5	5	0.9792830259661036	5.942249335831467	5	5	0.2625776686574339	-10.045154523260521	5	5	0.3017124921160841	-9.162046683321455	3	3
KCNMB1	0.1250905407901824	1.4641674371889983	5	5	0.8932706221997676	6.04555713194901	5	5	0.4199714631584993	-7.931601008945644	5	5	0.5460038643341113	-10.502233639034701	4	4
KCNMB2	0.31030086427001247	-9.212053750615468	9	9	0.5636646120066344	8.038992815456227	4	4	0.920884946588816	-3.064741426502753	5	5	0.6314964443859747	-8.113479089416991	4	4
KCNMB3	0.9975177373139092	-4.561334662047822	5	5	0.5552410132851231	2.284305661109137	3	3	0.621110844245458	-3.2289531077037275	4	4	0.41726130670800565	-2.7899438488874413	2	2
KCNMB4	0.46471863326889606	-5.201889277290856	5	5	0.14683681418205943	12.848419360456417	4	4	0.8134280553819316	-0.17191565465769218	4	4	0.22941178941125662	-11.899182987478133	4	4
KCNN1	0.7392222905184969	-2.11735293613122	5	5	0.18529079267075121	0.19043230263161526	4	4	0.3207069550416173	-5.498462274489596	4	4	0.8650501184450475	-2.313083480541574	3	3
KCNN2	0.8155055567710212	-3.0060465308148383	5	5	0.4696972903564819	10.254786511473876	4	4	0.6984556709721927	-2.065466391549263	4	4	0.16582651897716705	-9.611318158926268	3	3
KCNN3	0.04893771689939832	-8.636574719341764	4	4	0.0981696967340243	19.824179032477005	1	1			0	0	0.09169818378552001	-20.741258766285657	1	1
KCNN4	0.5776096057176283	-1.7933175757397166	5	5	0.5636646120066344	8.115932330646316	4	4	0.7996363856067255	-5.610710778981411	4	4	0.3601334303089583	-10.138676373264284	3	3
KCNQ1	0.3395294549007052	0.7906187228115602	5	5	0.25864544596232786	10.674191967695007	5	5	0.559222959426664	1.3294433855152368	5	5	0.39801317665411473	-9.186432983906188	5	5
KCNQ2	0.7723299480302798	-5.258746413942656	5	5	0.4346862998706067	4.591727981548035	4	4	0.8894132602842247	-3.6823966049310233	5	5	0.5651475592471655	-1.6787423321459274	3	3
KCNQ3	0.4571528016742944	-2.3329297999949117	5	5	0.3059271438734652	-1.161194592181434	4	4	0.577788589673446	-5.902328086798505	4	4	0.3641108545439745	1.429758830520961	2	2
KDM5D	0.3490523316145222	-8.364640176310898	5	5	0.09425567462516148	-2.8796975118055705	1	1	0.08985239178731945	-11.1342890211358	1	1			0	0
KDR	0.7770952342274552	-5.512618084239101	5	5	0.5636646120066344	9.205284193688547	4	4	0.9465706393513804	-2.355509854364948	3	3	0.6379060901010708	-8.340440369932699	3	3
KHK	0.6077240764305656	0.14953446905155757	5	5	0.7194297851543845	2.094672187883193	5	5	0.7415969748765123	-1.407273931627819	5	5	0.3460311401410645	-1.4899150993988368	4	4
KIAA1804	0.9528643831895542	-2.302442447844517	5	5	0.5187087378768453	2.1202811088334172	4	4	0.621110844245458	-5.48266927749929	4	4	0.8241261146639588	-4.480395292735484	3	3
KIDINS220	0.9281118048858265	-6.032199593015391	5	5	0.9328378024560585	5.449959422302309	3	3	0.2461074718192885	-6.069814856930937	3	3	0.1696320948941079	-13.78653131627175	2	2
KIF1A	0.9472037391567342	-2.8210691778097954	4	4	0.46375607361944093	9.650891636965648	4	4	0.621110844245458	1.114331208941944	4	4	0.5919630370991488	-5.899405663101315	3	3
KIF3B	0.47064198183117656	-5.475833820598652	4	4	0.435553009152702	5.487709954587503	2	2	0.06083555551652395	6.873660989850946	4	4	0.6886961274936931	-2.088557764333696	4	4
KIF5B	0.9925533080407308	-7.762117881220771	5	5	0.6091632486488154	8.422027022229598	3	3	0.722073372123303	0.04291150258997282	3	3	0.4551059809818502	-8.283061926520743	2	2
KIT	0.8010442678464642	-2.4764866870571165	5	5	0.6588174378980718	5.444962474831715	4	4	0.5418266274453349	-3.4314757966052523	4	4	0.9582959881692824	-5.543583797193773	3	3
KLK1	0.16256384754861597	-7.158429943330293	9	9	0.9968562930065029	6.479487161190995	6	6	0.4230592926445417	3.322690690169722	8	8	0.7199571846526134	-8.46703598843448	8	8
KLK6	0.2458171436328479	-6.2270183941353325	4	4	0.8971822732805895	6.068033476729588	3	3	0.9344199968420341	-3.1775118581910347	2	2	0.8408646898041267	-8.239167136027259	2	2
KRT12	0.5056208932240513	-2.496767989504924	4	4	0.8004034878177372	5.589910266333445	3	3	0.1687094753722983	-3.9986535763884987	3	3	0.23936673222782978	-9.430248244448363	3	3
KRT7	0.4026627652415692	-1.4643289114479454	5	5	0.3904331458078071	-0.9388344717803155	4	4	0.5380409410807316	-3.3602742433961112	5	5	0.21913934884992092	2.1288602842108357	2	2
KRT8	0.63332083099072	-2.348690796902995	10	10	0.8592705377520208	9.32035689676328	6	6	0.740843972994446	-2.660344119586233	7	7	0.5091350505836715	-10.129557246986957	4	4
KRTAP5-3	0.6208411793888435	-5.491669285742844	5	5	0.7086898561580807	8.853986579484562	4	4	0.621110844245458	-0.7048615945678948	4	4	0.375677121980317	-9.164433258697507	4	4
KSR1	0.3620106242520005	-0.5002475361775103	5	5	0.07815699626830327	11.112782965418967	5	5	0.5019677595485061	-4.2075333490878535	5	5	0.04110135650781443	-15.664398758039376	5	5
KSR2	0.38540214903053027	-7.88767825533717	5	5	0.5901700428990586	11.823486999597236	4	4	0.4589566499263724	-4.750932105977116	2	2	0.11978218845956178	-12.298940525208492	3	3
KYNU	0.9975177373139092	-4.764230692198176	5	5	0.7573152357135455	2.2337029914847775	3	3	0.17192247661451499	-6.515973565608196	3	3	0.6984299020593342	-8.57889730216368	1	1
L3MBTL1	0.2637840203224181	1.3375232750405859	10	10	0.3962270425078699	10.765801673090925	10	10	0.4068032248585365	-2.917787158747922	10	10	0.8069294547272623	-10.08857757045541	9	9
LALBA	0.11761500130196133	-8.14443203751497	5	5	0.48585162938057114	9.231597744562702	2	2	0.07200833508989019	5.868673384085487	3	3	0.5563406378078593	-1.7972725204472855	3	3
LAMTOR3	0.3630148725798429	-1.4182239705138802	4	4	0.7086898561580807	9.622260240276518	4	4	0.9680321517100092	-0.11930040509205024	4	4	0.6639393382542758	-9.583565394618432	4	4
LAP3	0.706591112613975	-5.172205326226771	5	5	0.03230755473566333	-2.0122911667917074	3	3	0.6250896717335814	3.6347814778835734	5	5	0.005360178502619491	3.49484627288861	3	3
LARS	0.6059880779487158	-7.096786277939237	4	4	0.9453873990006896	-0.15172070086661904	1	1	0.5476307026070892	1.31926516753144	2	2	0.2270843147989463	2.438999465564155	1	1
LARS2	0.586141830064435	-4.795028579056651	5	5	0.036502929982682154	15.114714436955722	4	4	0.722073372123303	-4.912777362633322	3	3	0.013729461505691976	-16.701897139681364	3	3
LAT	0.13133352377119864	-9.834690210641126	5	5	0.4750045753332912	-1.3424042624757284	1	1	0.6471690535197654	-0.8238565650862668	1	1	0.8912332973629015	0.6768632956630434	1	1
LATS1	0.527684126430728	-5.8314355488160885	5	5	0.12786681508373268	10.090768258780743	3	3	0.38036191314518075	1.3178366225778777	4	4	0.6886961274936931	-11.93478846203845	4	4
LATS2	0.9132920403032543	-4.977712842872108	5	5	0.09999417850603043	12.340938206898949	4	4	0.6477661630544048	2.6754999043319843	5	5	0.3290764500784257	-12.37937149450938	5	5
LCK	0.9776625184939425	-3.380746154056123	5	5	0.7895702283825207	5.716492766130453	4	4	0.039983615922783836	5.0020275918676	5	5	0.07329876307889392	-4.156324738629878	5	5
LCMT1	0.6479871561775385	0.28412281580168564	4	4	0.16374998424918574	1.683734944762632	4	4	0.1289001491968632	-9.596419237444689	4	4	0.9807772245834527	-8.124641405583606	2	2
LCMT2	0.2535542104872802	-1.0209347233341193	5	5	0.8045521659197685	5.499297829533606	4	4	0.07415920206133027	-9.966644816781136	4	4	0.05910613216726705	-14.817073144774023	2	2
LCN2	0.5565387849780812	-4.41988084274508	5	5	0.12233626149408068	-1.3587125278808962	3	3	0.7116848590927749	2.1665157042859913	4	4	0.15668928629155968	1.8116358217174717	4	4
LCN9	0.31718938408384667	-7.019432625767325	4	4	0.39623296890775006	11.825669921804776	3	3	0.836468272629508	0.2962468294148782	1	1	0.289638945955366	-12.757251939613726	3	3
LCT	0.5015906523310041	-8.838885765132654	5	5	0.46031802772107877	3.0898116135532696	2	2	0.21411314772708323	-4.48201671491117	3	3	0.8283248036226699	-8.616370456114497	2	2
LCTL	0.6474368805806119	-5.151682754037027	5	5	0.20885897647466922	13.036624164972176	4	4	0.7316913229040496	-3.428498646811572	4	4	0.0691943440397642	-12.870825159632687	3	3
LDHAL6A	0.8397456015595552	-2.4774635956177886	5	5	0.2879530485064654	10.016357121680633	4	4	0.9751334888782764	-2.3406859297413605	4	4	0.28372586387635934	-9.185480950503372	3	3
LDHAL6B	0.669951034500902	-4.86762388099856	5	5	0.1584802287640491	9.809761061142986	3	3	0.8065247000992642	-3.4266381175334075	4	4	0.10535511690318651	-15.614062933947702	4	4
LDHC	0.8985023658099028	-2.4791848881375276	5	5	0.8253056747074253	5.566766840943115	5	5	0.1321501291333784	4.098710744576106	5	5	0.3192020328956152	-1.7055116554800964	5	5
LEPRE1	0.8886618099197483	-5.135918065006394	5	5	0.1584802287640491	1.2890783227936289	3	3	0.055815483268920836	-7.13880525509646	3	3	0.6984299020593342	-8.615546832464334	1	1
LEPREL1	0.5523700282837086	-2.51470494839537	5	5	0.544169601042237	1.7789672558022642	4	4	0.7927636242635618	-2.5806064025923576	4	4	0.5303285251395151	-1.7830543199579154	3	3
LEPREL2	0.5904297515026957	0.24296417589342123	5	5	0.5885107207714262	2.2951222587242497	5	5	0.6138813860632111	-5.585530817663611	5	5	0.8346227285087845	-5.396212143389235	4	4
LGALS2	0.7040300333670537	-5.3915626776504055	4	4	0.5935203526495989	5.990174859836572	3	3	0.7453629792924547	-2.7368292282124074	3	3	0.7844784035957554	-7.925283432657836	1	1
LGALS7	0.07267373537631057	-8.243718882043206	4	4	0.4772562745439488	9.725653227555735	2	2	0.2297142583263756	5.4372993615539125	3	3	0.7908534206355673	-5.798980901213269	4	4
LGALS9	0.07879024968458276	-8.503069553725089	5	5	0.45197666826708205	9.734353933400078	2	2	0.04952746035758811	6.94266217333483	3	3	0.26930241009557165	-1.781656909740973	3	3
LGSN	0.23836165707475399	-8.424578945651595	5	5	0.5668356124144751	8.744322308256915	2	2	0.4065719457943734	3.458732250855469	3	3	0.4948105194275715	-2.9917278705759127	2	2
LHCGR	0.5733655329673585	-8.14793795953843	5	5	0.5627995691474805	8.748961490207362	3	3	0.8568212590034932	0.3434830469087715	3	3	0.635600712158071	-8.322606312009189	2	2
LHPP	0.48782873876722077	0.768584570417023	5	5	0.5302956798294436	5.4505925871419985	5	5	0.21369298974064188	-10.400489591642613	5	5	0.7046007158919422	-8.407061472849215	3	3
LIAS	0.07872634133211596	-8.355298036144466	3	3			0	0	0.12487321433018347	10.374527083781526	1	1	0.09169818378552001	3.7686840040859515	1	1
LIMK1	0.9648964519130793	-9.262782214220305	8	8	0.25864544596232786	7.788736858441304	5	5	0.14536161537588088	-4.398207674191365	4	4	0.7821734453778042	-8.93102757620273	4	4
LIMK2	0.08312048707079558	-9.708767201889605	5	5	0.4279840587835154	-1.4616512626543887	1	1	0.022393435996577143	8.02985136424009	3	3	0.013481143870562104	2.8327316344175877	3	3
LIPA	0.2433527622901227	0.8637045882934239	5	5	0.968928919342471	6.109907596947774	5	5	0.9714778256351019	-5.766096252713198	5	5	0.9325483006907843	-8.741304240769892	4	4
LIPF	0.6956920673727411	-4.7644135745060145	3	3	0.2950646778219367	-1.7246856684881813	1	1	0.6215912154583827	0.9094660710798477	1	1	0.1510564044067528	2.792467337841611	1	1
LIPJ	0.5558629012712442	-5.1957534460441215	4	4	0.3423673177460389	8.880357905260716	3	3	0.30785946649840323	3.11673809558719	4	4	0.8241261146639588	-5.521220011434532	3	3
LIPT1	0.05491805443781112	-8.917625558721666	5	5	0.033225487620299345	13.27579074862821	3	3	0.0848363287191738	6.273741121309018	4	4	0.48060740538231683	-9.477661856482298	4	4
LMAN1	0.18653869494561093	1.3034392401334849	4	4	0.33425458174009104	1.5456168144156035	4	4	0.7316913229040496	-3.0515501623609302	4	4	0.4251875498506298	-1.6887560356233984	3	3
LMTK2	0.1329313998455518	-7.324490303272196	5	5	0.8178185521799152	5.102410808522731	3	3	0.9876614100555153	-2.3579892933642523	3	3	0.9895695423486784	-7.301958062161607	3	3
LMTK3	0.8010442678464642	-2.5714892242331158	5	5	0.767244064632483	2.503151790857451	4	4	0.10589678650481536	4.0932552321504305	5	5	0.12126460427525626	-0.7499525223383218	5	5
LPA	0.9694188949074174	-4.0564015751275635	4	4	0.7561733177767143	4.143374588558458	2	2	0.03518335788561691	7.723695668439412	4	4	0.08525166674047484	-1.0082376019594832	4	4
LPL	0.2214632213504545	-8.371841050141278	5	5	0.11407256326979524	-1.753686565257797	2	2	0.035963853707244496	7.408567952645058	4	4	0.004867696178201249	2.950113530359259	4	4
LPPR2	0.5327264271667977	-5.123006427822882	4	4	0.8739012967414189	3.7056124136925988	2	2	0.5993338147187515	-4.392020165308936	2	2	0.7670175866137965	-8.197395549678102	1	1
LRAT	0.9479094585154882	-7.3156866554847335	5	5	0.42747200249260886	-0.8920875382540698	2	2	0.7143658371036914	-0.5491768312402628	3	3	0.2782527139138412	1.557177029557308	2	2
LRP1	0.7486354337397085	-2.7961275562192984	5	5	0.32462984430099917	0.9603017562028923	4	4	0.09494837221736437	-9.96012592807763	4	4	0.8534450846924276	-7.281169120148619	2	2
LRRK1	0.6033793400560964	-2.0363263555660924	5	5	0.5768455670526036	2.3950326322634674	4	4	0.627413397287216	-2.980524537547622	4	4	0.9056756450468624	-5.086574039401975	4	4
LRRK2	0.8155055567710212	-5.4057193350197705	5	5	0.23142165268800285	-1.2317775416845602	3	3	0.5328090632647803	-3.4162522853460398	5	5	0.1416254261139241	2.1395517743677894	2	2
LSM6	0.35829078381567847	-7.887410398056356	1	1			0	0			0	0			0	0
LSS	0.5479551140218679	-4.926115667156629	3	3	0.313486792193177	10.449211984053715	1	1	0.5240023074143096	-7.511875543337703	1	1	0.23597275505870985	-17.802771929117835	1	1
LTA	0.08423264939758848	-8.259733067325877	5	5	0.2861311863015312	10.777851429325057	1	1	0.2467330128046049	4.896202005563775	2	2	0.7298278002076196	-4.3480046527266465	2	2
LTA4H	0.48782873876722077	-5.680100969068757	5	5	0.5037624576674269	2.1568025672821385	3	3	0.3207069550416173	-3.4902855207521815	4	4	0.9423762779843172	-7.743046671232338	2	2
LTC4S	0.796238686445729	-2.580281517978215	5	5	0.9265462741340409	6.01887476639612	4	4	0.5300924606300539	-5.630543574282407	4	4	0.44831048010169006	-8.819191512790072	3	3
LTF	0.052600004882469374	-9.067888600309232	5	5	0.10197537344010779	13.97139316465362	2	2	0.1289001491968632	4.0355532999174955	4	4	0.6476342266631616	-8.333234801460303	4	4
LTK	0.4723536117686937	-5.008586168039323	5	5	0.11964199674753521	-1.517523101241915	3	3	0.553688991039264	0.8915490680924503	4	4	0.07329286204007963	2.1820810448841694	3	3
LY96	0.8690335483400953	-7.038752662084359	5	5	0.21677880214574896	-1.5301986398219771	2	2	0.03616162166698186	-10.577486054333724	2	2			0	0
LYN	0.732187850088774	-2.6184717006251272	5	5	0.23452667598752341	9.535082537527964	4	4	0.9680321517100092	-2.0710960174536193	4	4	0.4262600961757588	-12.435132263148253	4	4
LYZ	0.35226395930353005	-8.683273640800119	5	5	0.7065985424813297	6.492912698990035	3	3	0.11830228755328626	4.186701295855223	3	3	0.523724542072301	-4.658976806033386	4	4
M6PR	0.5990486261178879	-4.6370359315449114	5	5	0.07491060419425748	-1.824634044678006	3	3	0.19929109190742222	-6.249063246659574	3	3	0.9636439973454611	0.2229445914672219	1	1
MADD	0.6033793400560964	-4.398555114079372	5	5	0.2968491201447703	12.95961314514382	4	4	0.10223615026840435	-8.510720066597363	3	3	0.017970992914558396	-18.473112291231754	3	3
MAGI2	0.3719245441491863	-3.831086823210501	5	5	0.19823441645713302	-1.149662993271722	3	3	0.9876614100555153	-2.25897889621683	3	3	0.05697975600203682	2.621894434417051	2	2
MAGI3	0.9083585538730328	-2.315532235253256	5	5	0.6401991995650766	9.01224727758691	5	5	0.7962297514982342	-2.557978788333425	5	5	0.8753424576431064	-5.121377481906851	3	3
MAK	0.6927656854662068	-4.072139537887396	5	5	0.7895702283825207	8.243037632061096	4	4	0.4202528969014685	2.5948573919283455	4	4	0.7821734453778042	-5.834839700536733	4	4
MAN1A1	0.8494857165073755	-4.619017327787635	5	5	0.4696972903564819	4.851405713399328	4	4	0.11845402068746197	6.792257648406747	5	5	0.058546697436444556	-0.959853589419545	5	5
MAN1B1	0.031086434516956862	2.5516615746325173	5	5	0.25864544596232786	1.3782231845016295	5	5	0.9904908079013143	-0.7808180931799905	5	5	0.600832625879296	-1.6544816473006065	5	5
MAN2A1	0.2535542104872802	-1.3288010346107821	5	5	0.49387767475606503	6.51823264538094	4	4	0.40501381561647576	-5.915995527971751	4	4	0.1698561098975886	-9.595750763888072	3	3
MAOB	0.13373588783319773	-8.859633085008909	5	5	0.4414710411434746	8.634729556598769	3	3	0.9958869909628559	-1.0015915807691984	3	3	0.32321396863140195	-9.668870353113256	2	2
MAP1A	0.4411648967862447	-3.808103295240583	4	4	0.04719645643496288	14.136959141891637	4	4	0.5671894764635281	-0.8679768150845173	3	3	0.16001850604132772	-14.813857873328432	4	4
MAP2K1	0.9132920403032543	-5.063788250137417	5	5	0.69369571088023	14.94298611394413	5	5	0.4358236748352863	3.3319749774432346	4	4	0.8800355932111703	-12.122932617365564	5	5
MAP2K2	0.8788383827548104	-3.358429572699261	5	5	0.8120705148574179	5.55834030998593	4	4	0.9964470777517473	-2.333228530699786	4	4	0.8959888013798673	-4.7834918183747375	3	3
MAP2K3	0.7723299480302798	-4.817506037502299	5	5	0.9865522952025906	2.8225947174237334	3	3	0.6787835584881283	-3.8139453621390014	4	4	0.9895695423486784	-5.344024101765878	3	3
MAP2K4	0.44965665167136804	2.712877958670567	5	5	0.7065208124412616	2.610944848877741	5	5	0.16318490172231348	-9.264604665500615	5	5	0.717787285813544	-7.834902751351352	2	2
MAP2K5	0.7675732327331709	-2.7233910628941906	5	5	0.9447926522730965	9.021619601482392	5	5	0.19504224842376872	-9.40067816054152	4	4	0.1696320948941079	-13.850881345242701	2	2
MAP2K6	0.044129803927568975	-9.442200672532497	5	5	0.04320076675663989	15.866016974066829	2	2	0.06590559521772514	10.248888095572822	4	4	0.7627677930276173	-12.009788064316865	5	5
MAP2K7	0.7723740045130907	-4.398252774036577	4	4	0.45197666826708205	2.457154219776034	2	2	0.15809544623897243	-5.905983613851595	2	2	0.8732478202697368	-7.312960845916674	1	1
MAP3K1	0.796238686445729	-0.12918717484443498	5	5	0.7000975714835349	2.708477822819481	5	5	0.7236567764105208	-1.7229452316050191	5	5	0.37264343627242413	-1.456906049966853	4	4
MAP3K10	0.6340799561146289	-5.270721392698152	5	5	0.6571523066131331	4.131022468754111	3	3	0.6593278938505842	0.4848689121894821	4	4	0.48839135332375516	-3.4416362122145454	3	3
MAP3K11	0.15616043955712622	-7.946382352050264	10	10	0.13111661594009616	1.8540166039084756	7	7	0.24210909776541634	-10.639320679242086	9	9	0.8562820880306701	-5.14375492273959	5	5
MAP3K12	0.8985023658099028	-5.068401234165923	5	5	0.3703123377739097	15.873757863242616	5	5	0.38521711432469496	-3.2657777035638804	4	4	0.06528598760708697	-15.23343861573938	3	3
MAP3K13	0.1366120118043102	-4.386633508553905	9	9	0.9516547037552003	15.734668973944471	9	9	0.5498417637237205	-9.656159408400763	7	7	0.7545477580805866	-19.4445538031644	7	7
MAP3K14	0.5115451476448174	0.44604670721396555	5	5	0.47515669559674945	6.930107516587113	5	5	0.11475258341200223	-9.815116912311025	5	5	0.26647966617529084	-12.127146811513613	3	3
MAP3K15	0.3458593622410663	-8.629918449907434	5	5	0.8847862201858687	3.6538258026333557	2	2	0.8691337795055548	-3.5222769269538894	4	4	0.5389301710621042	-4.316138179650275	3	3
MAP3K19	0.48796235400068455	-7.551916937164201	4	4	0.7027251427855701	8.321662350411327	1	1	0.921361154056468	-0.12648683618726875	1	1	0.7670175866137965	-8.289833588325013	1	1
MAP3K2	0.20655663132287805	-1.3382955408513364	5	5	0.7086898561580807	5.999631937824408	4	4	0.6999722341315526	-4.361425622479208	5	5	0.9774922380570643	-9.03501156144934	4	4
MAP3K3	0.0798552187515361	1.5068087961292196	5	5	0.712965022309601	5.389366354111133	5	5	0.35051070309736587	-9.792529224769938	5	5	0.9582959881692824	-7.698516981814645	3	3
MAP3K4	0.9826255065052809	-5.714867092997758	5	5	0.5328674030898859	2.136874052305569	3	3	0.7596787295692086	4.10978739910664	5	5	0.5476011867063071	-1.993683344358903	3	3
MAP3K5	0.3458593622410663	-2.0402553598146396	5	5	0.9265462741340409	6.048272994522892	4	4	0.35051070309736587	-3.1037549168468606	5	5	0.6949175576173119	-8.329824672934656	3	3
MAP3K6	0.2374119589958117	-6.035792310653904	4	4	0.29342942129780336	8.784982357050676	3	3	0.5602262931545183	0.4993860217093266	3	3	0.6586826917297809	-8.142783150073331	2	2
MAP3K7	0.8698853962715632	-1.9843023228159795	4	4	0.3105344656759489	13.43357743632595	4	4	0.46102938813983785	1.1219611749315581	3	3	0.4132554870420113	-12.41083049775312	4	4
MAP3K8	0.8534524113800197	-2.52636957617734	4	4	0.26837546070021623	-1.0794976402356966	3	3	0.38521711432469496	0.7835295671974375	4	4	0.05630599096512948	2.2246058926287002	3	3
MAP3K9	0.8886618099197483	-2.9529648452632844	5	5	0.3851007357897961	10.848882776784189	4	4	0.3756574026796172	1.0356117638435507	5	5	0.3577060001916085	-9.60984712783126	4	4
MAP4K1	0.4096947731568329	-7.839259709055189	5	5	0.4088637527597777	8.50325788220372	3	3	0.9301679289823215	-0.13492138923445074	3	3	0.3465732279127026	-9.008430553480416	3	3
MAP4K2	0.5440787717431045	-1.863816615057183	5	5	0.9758311899789928	9.15875952267009	5	5	0.3036537188766514	-9.06360846325486	4	4	0.48839135332375516	-11.306838775321632	3	3
MAP4K3	0.2099302869161621	-1.1547854691065476	5	5	0.3904321706828199	2.567387102923418	4	4	0.42687369463486435	-3.8974860160880755	5	5	0.6703485954696016	-3.2002356212239658	2	2
MAP4K4	0.11908136672987145	-8.743791300834248	5	5	0.2143652036028061	11.560222117411712	3	3	0.25460462564940356	5.5795933310786765	3	3	0.30710664393665854	-9.389316543412628	4	4
MAP4K5	0.9528643831895542	-5.3198445057205515	5	5	0.41776172604909567	12.673323500813742	4	4	0.9893415150470528	0.09252018145758235	4	4	0.5535333528659048	-12.422487721082577	4	4
MAPK1	0.9380058413771041	-2.3026940159442795	5	5	0.8864301314071137	8.085616457819276	5	5	0.9968302025972986	-0.5625530379091099	5	5	0.8878184405588241	-5.8540148030705454	4	4
MAPK10	0.16814168572391996	-1.943343256159082	5	5	0.021179152516433167	-2.2961199368001055	4	4	0.4770071137076034	-3.2162083835857747	5	5	0.042156681315677465	2.82890756068302	2	2
MAPK11	0.4096947731568329	-1.7219055050452807	5	5	0.25864544596232786	8.126251754526495	5	5	0.5917353948849915	-3.896795632979772	5	5	0.6557662767367889	-7.852615539889162	4	4
MAPK12	0.5297195217394404	-3.330914843378517	5	5	0.7746656876166776	5.4139886302689675	4	4	0.37554449522223854	1.416158403971002	4	4	0.4132554870420113	-4.521670765465024	4	4
MAPK13	0.5965707819142537	-9.077199071710417	10	10	0.3606669395202611	1.9886493758423782	6	6	0.41172350601572316	-3.2880784324699963	9	9	0.10808746817521567	-0.9023135112456909	6	6
MAPK14	0.8155055567710212	-1.8374432829776568	5	5	0.8575216596071998	3.488706747094165	4	4	0.7451320327163529	-5.524798564850161	4	4	0.8283248036226699	-3.647290186786168	2	2
MAPK15	0.7884223481394138	-2.290495972343009	4	4	0.16866955242440906	-1.2684305899131718	3	3	0.8730367560563529	-2.7360741346524287	3	3	0.1416254261139241	2.0835420398192666	2	2
MAPK3	0.527684126430728	-4.9742872186079055	5	5	0.1335898752063249	-1.3543372120906092	3	3	0.41833013498192295	-3.5095506597421853	3	3	0.3077280768410524	1.5527911814613322	2	2
MAPK4	0.8935800401313878	-2.823249945506213	5	5	0.5834900808767327	8.56567374363682	4	4	0.44323425304160013	3.7370765783893716	5	5	0.8013965182557998	-8.125632482323192	5	5
MAPK6	0.15691249359412957	-9.353809388630305	5	5	0.38085195277815376	-0.34188109112006027	2	2	0.2378111167043957	3.9078301594717515	3	3	0.1579837253808719	1.706244405248275	3	3
MAPK7	0.06415794972476059	1.5426082996829742	5	5	0.014473192867437958	-2.116952509205744	5	5	0.014555697000563339	-10.501423761748098	5	5	0.26410502382662504	2.274774666310295	1	1
MAPK8	0.9380058413771041	-3.3694351174924027	5	5	0.8499092679602628	5.934746862722318	4	4	0.47893417805677974	1.2321377614334676	4	4	0.7137909585758364	-5.44155431672653	4	4
MAPK8IP1	0.4090347228570318	-5.738558903263365	10	10	0.7666475792321386	12.224461200265218	9	9	0.696793724356827	-6.205393490172668	8	8	0.7545477580805866	-11.718734906629384	7	7
MAPK8IP2	0.8207833743986852	-2.2796777579159495	4	4	0.6652969764541896	2.356489829734	3	3	0.6463868056727544	-1.666501313134887	3	3	0.3533121947871367	-3.864675544595306	3	3
MAPK8IP3	0.6519148178577222	-1.743226468448625	5	5	0.03079947825364858	13.317277614507532	5	5	0.9271957905751596	-3.1376897745182983	5	5	0.029008678375063317	-15.894051264853239	5	5
MAPK9	0.586141830064435	-2.7692039868824803	5	5	0.3958101835191862	-0.3455942663008405	4	4	0.977814219447674	0.43625841912781266	5	5	0.2913486593404222	1.5819657698738936	4	4
MAPKAP1	0.39194780103564064	-8.753692016384546	10	10	0.4212197672761707	12.868461514268946	8	8	0.7599949167628964	-2.3871399166469147	8	8	0.5886472812842523	-18.047365055260638	7	7
MAPKAPK2	0.288748331061765	-4.1681299959093705	5	5	0.07963200773651147	13.916772936721287	5	5	0.8551349242950246	-2.0046098973366955	4	4	0.1668369813797499	-12.968584429322021	4	4
MAPKAPK3	0.7770952342274552	-5.38183588219619	5	5	0.8705722637434026	4.949898562113901	3	3	0.49948906399740156	-3.269028501710426	3	3	0.8038348087872224	-8.060611465550748	3	3
MAPKAPK5	0.7158624805210481	-2.7335495061248913	5	5	0.3611371983535192	12.931521199683473	5	5	0.8208534235033638	1.5218833680249444	5	5	0.5662983738145992	-12.82000071804841	5	5
MAPKBP1	0.5236251773832263	-1.4563609026597766	5	5	0.23836847153530583	10.503939382488257	4	4	0.22411703057194166	-9.153185418015012	4	4	0.053014126879707336	-15.881931099507142	3	3
MARCKS	0.1842248781330451	-6.481319039304714	4	4	0.7145803435150835	4.8826348387555765	2	2	0.9344199968420341	-3.206527138028016	2	2	0.9551661367621639	-7.93084637851001	2	2
MARK1	0.007671897748100781	2.2589461723294364	5	5	0.24433397481722618	1.950179685874853	5	5	0.0928642592638515	-9.47084130569224	5	5	0.7937376011426427	-5.615571701849216	3	3
MARK2	0.15616043955712622	-5.105115238986539	10	10	0.5988718899189853	9.610607872956018	8	8	0.9977863872047166	4.399388582575832	10	10	0.5044229851982319	-9.507156180046108	7	7
MARK3	0.6026280820858319	-8.38196151041827	10	10	0.23421101432333946	6.433640048910942	7	7	0.8443090517909819	-3.0621611837194593	8	8	0.32499146907109666	-4.374883707050311	6	6
MARK4	0.39917406081467055	0.7429981589041547	5	5	0.913837767233215	6.140320938700797	5	5	0.7476089493407241	-5.964545664973168	5	5	0.9063393506880174	-5.150761858511934	3	3
MASP2	0.9826255065052809	-4.5626383383983695	5	5	0.2660149264876922	15.583581705291493	5	5	0.7384016836930404	-3.0427152490840217	4	4	0.3346019542160441	-15.509828258075933	4	4
MAST1	0.41151139463341213	-5.573016720713554	10	10	0.9000747683989127	9.128128292206474	8	8	0.5956751947675876	2.1978140713647596	9	9	0.5519101824504483	-9.449967007085462	8	8
MAST2	0.061269093574211314	1.3349346522243974	4	4	0.9651679075663795	8.860133466582804	4	4	0.3036537188766514	-6.1417788408668175	4	4	0.21912311405978113	-11.433030699385592	3	3
MAST3	0.5990486261178879	-2.13441538595555	5	5	0.6495149198167876	11.123054600487412	5	5	0.7718073239842742	-3.3246106064903125	5	5	0.7821734453778042	-10.943669632049394	4	4
MAST4	0.7251759389949729	-3.2684084476924866	5	5	0.6620211897545752	8.728599788364688	5	5	0.8456549356864854	-3.012263871257653	5	5	0.9146227418967077	-8.176657317039131	4	4
MASTL	0.5641877808312239	-4.710221977676251	3	3	0.35255407769204716	9.924450319205254	1	1	0.921361154056468	-0.09811540858231443	1	1	0.35008932043458985	-9.864250129513987	1	1
MAT1A	0.10371918515994678	-8.894286573976586	5	5	0.4995378926600561	-1.1650997306678192	1	1	0.6990385561489949	2.4452675816684657	3	3	0.14602895980960615	2.0938320076935115	2	2
MAT2A	0.796238686445729	-6.422774509306869	5	5	0.7233726617330447	6.00435836952073	3	3	0.40188870760630857	4.2815197972383086	5	5	0.5385255034333125	-7.913315204980935	4	4
MATK	0.9182288703345789	-2.828222205488354	5	5	0.8271586415575614	5.555860145625612	4	4	0.15844207723676818	4.496684639030837	5	5	0.16498433564302306	-4.81551293802174	5	5
MB	0.06326808891856908	-8.880514282508965	5	5	0.7541710366984967	-0.38812616433742697	1	1	0.016068964143749292	8.196907552114071	3	3	0.04408897603883836	2.308492753187359	3	3
MBL2	0.44598683902225034	0.5059547057709257	3	3	0.20618525730562753	1.1401505194747301	3	3	0.0979797292634162	-8.360632605531453	3	3	0.23597275505870985	-17.642205680142116	1	1
MC2R	0.37694393829382844	-7.469405536731235	5	5	0.10932716589164193	12.12138515697558	3	3	0.11589278385204699	4.410897467783966	3	3	0.459796725216709	-11.6388512312869	4	4
MCCC1	0.9677393280591112	-5.483223116408646	5	5	0.30387702098213154	-1.0656249010282899	3	3	0.5954490857968178	-3.1499260060136804	3	3	0.4080983516415546	1.1591596954606107	2	2
MCCC2	0.8179220033841036	-5.332124209836266	5	5	0.9596721613037543	3.057892991322475	3	3	0.49948906399740156	1.1827401201372856	3	3	0.7143319843313938	-1.716837272911608	3	3
MCFD2	0.6583411628227891	-8.583473295552729	10	10	0.9854878258806592	13.927705234129732	7	7	0.49481494316811603	-3.80202546289769	8	8	0.25202305813534265	-12.591785421250142	4	4
ME2	0.2535542104872802	-8.780372009952885	5	5	0.9239084394407335	5.370475021879183	3	3	0.9712150561015795	-0.37111964570264916	3	3	0.635600712158071	-3.32678064843405	2	2
ME3	0.519582303351257	-6.060360652839466	5	5	0.8794275253645891	5.29467624606031	3	3	0.7451320327163529	-0.4481056092906362	4	4	0.9146227418967077	-7.955556172614371	4	4
MED1	0.507551045576488	-2.5381897336544603	5	5	0.45197666826708205	9.024290525056195	2	2	0.39389466003859375	-8.812360926248436	1	1	0.10563348227890615	-19.52620565240992	1	1
MELK	0.8251817783493873	-5.624662591742713	5	5	0.624085750132112	12.01730645667665	4	4	0.6337432528827855	-3.144234436395273	4	4	0.24996883087746158	-11.639162830824977	3	3
MERTK	0.581868409522028	-2.1237299409021695	5	5	0.6620211897545752	8.886630840544456	5	5	0.8894132602842247	-3.5480485800381536	5	5	0.9478833410736787	-5.182316060336629	3	3
MET	0.025912584960104883	-10.397745584938379	5	5	0.028849919377031297	16.001214779836072	3	3	0.399877549644446	5.26654799982766	2	2	0.25202305813534265	-15.571877423426253	4	4
METAP1	0.7439240790322463	-2.50785991396256	5	5	0.8499092679602628	5.66395486570741	4	4	0.10600394963525776	-9.447923851840185	4	4	0.11073291951661242	-12.15429254947385	3	3
METAP2	0.024493648953475094	-8.823395259162071	5	5			0	0			0	0			0	0
MGAM	0.22620127005020796	-1.1166786536693636	5	5	0.9651679075663795	5.98783645393651	4	4	0.6085891595427434	-5.666329329736471	4	4	0.7438000152380875	-8.141011086285024	3	3
MGAT1	0.6056670809503252	-8.638699679062738	10	10	0.577805491403085	8.345965856545321	7	7	0.9131210932275102	-3.2221396090018604	8	8	0.7738837074174074	-12.063518860855332	7	7
MGST1	0.2694082673095187	-0.05062380200752011	5	5	0.6809577535966672	6.237132957243449	5	5	0.8581149213665248	-0.8543832258803383	5	5	0.7306965808687735	-4.145885993605125	4	4
MGST2	0.45339598408744497	-4.536292748191655	5	5	0.24942049072504247	-1.1928167811341688	3	3	0.7518818941316937	0.6837161183675192	4	4	0.07981101478978106	2.1793843529601453	3	3
MGST3	0.7770952342274552	-5.151907344775974	5	5	0.5250157796189969	12.583968612477015	4	4	0.5717176192435998	3.150617355912979	4	4	0.5393752643239107	-12.213593552870096	5	5
MINK1	0.6379971054031058	-4.960082253920409	4	4	0.13430294003774876	10.72660433106887	2	2	0.5741938582939017	0.7482294483491675	3	3	0.7046007158919422	-8.39193470178376	3	3
MINPP1	0.48393449537870303	-8.624881381436557	5	5	0.7043077228248902	4.147504726571285	2	2	0.5533048017804554	1.9960060842267107	3	3	0.3204425120495501	-3.5319769821392266	3	3
MKNK1	0.7356316458490892	-5.5716233545032265	10	10	0.5435375318043594	7.129521298909045	8	8	0.8345625305857471	-8.410448635533184	8	8	0.6300562883403804	-11.53076463699722	7	7
MKNK2	0.039485575694885915	-4.869517064556486	9	9	0.3153541616502902	6.179853705369133	7	7	0.34490551530092006	-3.0861162049555078	8	8	0.975919655713715	-8.470434432256368	5	5
MLKL	0.3786264313271963	-7.889837957099051	5	5	0.18752321777447734	-1.4371548094972155	2	2	0.7846914046475043	0.1411316934164805	3	3	0.09966950043114585	2.345166865776653	2	2
MMAA	0.7914408197717095	-5.060532964303209	5	5	0.9149886544649928	4.967131886800513	3	3	0.7536363149294305	-3.4603275967237965	5	5	0.5131089636130677	-11.044741020243078	5	5
MMAB	0.6973630741906693	-1.8358607766707304	5	5	0.2305878668098721	4.226665027189285	5	5	0.4623632253722679	-3.763041191452507	5	5	0.8753424576431064	-2.375221326212536	3	3
MMACHC	0.1329313998455518	-8.0907625671833	5	5	0.09743701606218126	12.541352303989617	3	3	0.09590525244133946	6.387508610822306	3	3	0.4132554870420113	-9.563702224286374	4	4
MME	0.3031222883256742	0.6867984719904214	5	5	0.38434375366436746	9.858670611097239	5	5	0.34642580565979253	-8.732807137449331	5	5	0.12904932308984265	-14.753864000373815	4	4
MMP1	0.7628252567401973	-8.313888521674935	5	5	0.3481100526705666	9.169683364858145	3	3	0.37213735074568655	1.408256247763017	2	2	0.6566938352336994	-8.676650576825365	3	3
MMP10	0.8863747640524481	-4.895613285217393	4	4	0.8617331994047407	4.728369102145097	3	3	0.2467330128046049	-5.399660676267462	2	2	0.5469327444768446	-7.448547969293562	2	2
MMP11	0.2973166090763525	-8.2961404762493	5	5	0.5856729259166228	8.278229881104977	2	2	0.15034883995414858	6.4241381076009745	4	4	0.30710664393665854	-4.465809465236718	4	4
MMP12	0.35874312396687147	-5.7581738045457165	5	5	0.6899657210501795	3.5527553147233686	3	3	0.13359359699502374	-8.608755287050856	3	3	0.1510564044067528	-18.817033188388635	1	1
MMP13	0.8886618099197483	-7.799472106782379	5	5	0.9614759412019189	3.974376862063993	2	2	0.26799825213870565	-5.2397546495744525	2	2	0.327087439863353	-10.01535591567308	1	1
MMP16	0.9034285996445213	-6.013865242583535	5	5	0.6371066499235626	13.244818142313633	5	5	0.44323425304160013	2.531702451677022	5	5	0.8346227285087845	-5.669320518511756	4	4
MMP17	0.9776625184939425	-5.069418497980188	5	5	0.5250157796189969	9.401666500076038	4	4	0.9964470777517473	-1.8887499151197356	4	4	0.9478833410736787	-7.79271002130767	3	3
MMP19	0.2694082673095187	-4.419870387493956	5	5	0.06785659444055173	-1.6968936105922168	3	3	0.9876614100555153	-0.8159338934838553	3	3	0.09685963046095863	1.039275315381943	3	3
MMP20	0.3669466236168283	-3.586657269630251	5	5	0.8794275253645891	2.7655972976747036	3	3	0.35051070309736587	3.220236900836266	5	5	0.2965397887509753	-1.6916901033499148	4	4
MMP21	0.2433527622901227	-8.678478775395812	5	5	0.1921854753410971	10.009786066999176	2	2	0.9958869909628559	-2.1174815769179465	3	3	0.4966332316200591	-11.220409582633534	3	3
MMP24	0.5236251773832263	-1.632741153190123	5	5	0.49387767475606503	9.477269179972437	4	4	0.9461542394297064	-2.569086275809012	5	5	0.6234923165450892	-11.813827479346342	4	4
MMP25	0.2515352285398279	-6.509813207754637	4	4	0.13430294003774876	10.757249155934757	2	2	0.5818549377811695	-4.579028354734864	2	2	0.05697975600203682	-15.177485452696981	2	2
MMP26	0.45495913351927664	-9.112104252130592	10	10	0.8455821211167693	8.078852589762796	5	5	0.7657358484301142	-3.385207045621295	5	5	0.5164030871103127	-8.695152790630452	4	4
MMP27	0.21220138259964239	-1.371059300191205	5	5	0.11259058949745608	-1.7172112244390465	4	4	0.05961982817333634	-9.378828277044942	4	4			0	0
MMP28	0.05897047637600774	-10.031978513203322	5	5	0.8522049025367457	3.9210800920229794	2	2	0.8742672195771835	-0.3954005343107785	2	2	0.7663400909455875	-4.158165028060176	2	2
MMP3	0.527684126430728	-2.3586907549891745	5	5	0.8347270723817914	5.097125999487972	4	4	0.33389983867098505	-6.062945534262703	4	4	0.7438000152380875	-7.634230462668945	3	3
MMP7	0.3554942292779245	-1.3873419270632859	5	5	0.674622456662455	12.920125622768857	5	5	0.9082785869431553	-3.0480862394524464	5	5	0.5389301710621042	-8.36300859009215	3	3
MMP8	0.7914408197717095	-8.168516995507616	5	5	0.07616975212297546	-2.1523969688344	2	2	0.23655574911515143	-6.831880295700691	2	2	1.0	-0.9364045742782583	1	1
MOCOS	0.16433347015696442	-8.974517357440838	5	5	0.3660333198639718	8.952457647510698	2	2	0.4070021657310383	1.0664078845768556	2	2	0.7058164680531573	-7.72773416466026	2	2
MOK	0.586141830064435	-5.302354937288565	5	5	0.49387767475606503	9.051540658258613	4	4	0.4305968039387904	-3.243207922871697	4	4	0.19598619544243823	-13.65710812058238	2	2
MOS	0.05732066434478754	-8.703196461478226	5	5	0.39603335649140736	9.58006972304009	2	2	0.7854881153857047	0.31915627666846014	2	2	0.3077280768410524	-9.603751081789632	2	2
MPRIP	0.48393449537870303	0.3559464972273494	5	5	0.7652227642488436	7.431031964877974	5	5	0.9271957905751596	-4.937361758696717	5	5	0.7053899464614647	-8.685635696044063	4	4
MR1	0.24084810381115251	-9.373111792864194	5	5	0.2143652036028061	9.515288286673739	3	3	0.29630595886746547	-8.224251525796127	2	2	0.07859465935145817	-17.163407771164895	2	2
MS4A1	0.8348846336771245	-5.026090475463743	5	5	0.09081427025236018	-1.8384603218489033	3	3	0.8342231904643367	-3.374009984638493	4	4	0.05910613216726705	3.0589354849273764	2	2
MS4A2	0.02887302390830978	1.9533214238761232	4	4	0.010264415333804927	-1.9541860150167232	4	4	0.05495672847130158	-10.208157939735761	4	4	0.12676783142241782	2.989860313970661	1	1
MSRA	0.25615044005980125	1.5861509935663058	5	5	0.7984529001193882	6.878863606068491	5	5	0.6250896717335814	-5.884997737068741	5	5	0.30179243291133384	-9.64182640800473	4	4
MST1R	0.32403203580901174	-1.2035616428603328	5	5	0.7389431665234396	9.075054150702313	5	5	0.621110844245458	-3.182996086043278	4	4	0.7306965808687735	-8.78528909998717	4	4
MST4	0.423975969416849	-1.9528027722342154	5	5	0.36937250044404735	1.7005990140955187	4	4	0.577788589673446	-4.016723980264903	4	4	0.9415245008787722	-5.0411125088420174	4	4
MTAP	0.09116089131153296	1.233548167148652	5	5	0.8932706221997676	8.484918540420068	5	5	0.5070415521207191	-3.077952361810944	5	5	0.8611418352622409	-9.06851913112673	4	4
MTFMT	0.9479094585154882	-7.974545579125468	5	5	0.7666884162174201	4.8362825991549565	2	2	0.5741938582939017	3.0733501635085076	3	3	0.8139648565977974	-2.913908863644267	3	3
MTHFD2	0.41151139463341213	-7.9862854058655905	10	10	0.9162133837988814	13.583780913485148	8	8	0.08097272329708094	9.78168577510727	10	10	0.1914704432189024	-10.577757120875502	10	10
MTM1	0.3957036096375639	-5.504916886372303	5	5	0.4088637527597777	6.683157697226114	3	3	0.3072544750539391	3.9820195093665833	5	5	0.6799540307796483	-11.6063362346575	5	5
MTMR1	0.2694082673095187	1.1072616916678009	5	5	0.69369571088023	2.3965842504852373	5	5	0.8332334338201515	-5.592418659062887	5	5	0.3141164800746591	-1.1000552751918924	3	3
MTMR10	0.5649220302157778	-8.99056193875775	5	5	0.3883974788727803	-0.9420172596486509	2	2	0.7277430804106002	-0.38467312586191504	2	2	0.5905006511793904	0.7156597320603177	2	2
MTMR11	0.28463993721353786	-1.3285508290801913	4	4	0.1985051571754698	12.892323057195492	4	4	0.46102938813983785	-5.412528523039543	3	3	0.08525166674047484	-18.598461634944673	4	4
MTMR12	0.8935800401313878	-3.01152298684724	5	5	0.34903297160981595	10.273180009971197	4	4	0.27460915319047696	1.739363939083295	5	5	0.8959328250581536	-12.502679834371959	5	5
MTMR14	0.3104845943643869	-4.5428840599199996	5	5	0.025715734466958642	-2.0944320416343154	3	3	0.6984556709721927	0.7389986665496355	4	4	0.04012469258014891	2.3833924738671777	3	3
MTMR2	0.21679671506137854	0.7302870190666764	5	5	0.06585864926133549	10.015228872448487	5	5	0.21663365688625358	-7.80158823642551	5	5	0.013697748320021687	-17.658501510600416	5	5
MTMR3	0.23344325025643253	-8.55508995696671	5	5	0.006483140141150354	18.70651082519589	5	5	0.8543593625227504	-3.9769539493455723	2	2	0.00863747041925311	-18.677096438258086	5	5
MTMR4	0.5092287178105079	-4.589311934552678	10	10	0.7960435364506829	13.53973222173829	9	9	0.7340246618923838	-2.1015637027741465	8	8	0.5258866446346684	-12.694052114947665	8	8
MTMR6	0.288748331061765	0.8091862895687264	5	5	0.6004986291119487	10.241157577092805	5	5	0.5538897025707736	-3.279608835671174	5	5	0.22941178941125662	-9.73021904291702	4	4
MTMR7	0.22382328050897649	-1.256928485526525	5	5	0.3216349663483473	8.09294529399462	5	5	0.7718073239842742	-0.31961102288521553	5	5	0.35183790419360206	-4.465539814763175	4	4
MTMR8	0.9034285996445213	-4.544621626182757	5	5	0.531361845536493	9.080975881818903	4	4	0.7316913229040496	-3.669373166771011	4	4	0.3399166751811209	-9.05134951049754	3	3
MTMR9	0.10240455753063261	1.0965301902902769	5	5	0.9551318744140536	3.14200978939605	5	5	0.6307267143728799	-3.25812104551175	5	5	0.5527564179571829	-6.24181523663422	5	5
MTNR1A	0.6519148178577222	-1.6096292610271021	5	5	0.5935203526495989	6.154231120147671	3	3	0.7654382284752708	0.4002424388578367	4	4	0.6852839181983256	-5.677888353640507	3	3
MTNR1B	0.6564053415192777	-3.2982416867314686	5	5	0.9574341219700276	2.8006034838643807	4	4	0.6464833221017146	-1.6353066053789522	4	4	0.48060740538231683	-4.6464949550123915	4	4
MTOR	0.19552774235810644	-5.616704132849829	3	3	0.5904276122397518	-0.8578931414872208	1	1	0.0934740085976941	6.152644835159491	2	2	0.09966950043114585	2.357827665192106	2	2
MTR	0.9281118048858265	-2.261363541400953	5	5	0.2811842069619924	13.49002762341503	5	5	0.15546547781847547	-9.52117898075402	4	4	0.029997617082432176	-16.43774451631398	3	3
MTRR	0.5990486261178879	-5.258391563294284	5	5	0.7744684353190315	3.34482116456498	3	3	0.03922071833096826	7.482453177634718	5	5	0.09096104089315848	-0.92500697637005	5	5
MTTP	0.3905321508232824	-1.1062051161847757	5	5	0.1337913922757051	-1.682377462126306	4	4	0.46794323187009035	-6.085723567679541	4	4	0.1505365273074566	2.0330623089433644	2	2
MUC2	0.45339598408744497	-1.1958503013638009	5	5	0.1519847795867504	13.7562189620677	5	5	0.22411703057194166	1.716449702132625	4	4	0.4749959143995396	-12.88712677417548	5	5
MURC	0.2748409965808293	-4.477331558120922	5	5	0.36570304873678816	1.447371553678323	3	3	0.5645810207952495	4.097004909714008	5	5	0.2663128733664861	-1.2345501422575271	4	4
MUSK	0.2191210480551573	-8.665499914267244	5	5	0.09046775745910243	-3.0852464229786047	1	1	0.1921675997038922	6.125049082675953	3	3	0.14675079824891618	1.8032614165219847	3	3
MUT	0.5649220302157778	-1.0081915526181857	5	5	0.3301599229008999	4.893112208266547	5	5	0.0881055097340203	-10.110492182794362	4	4	0.9679675506516953	-7.952318879745493	2	2
MVK	0.13781539672056467	-8.503216149358058	5	5	0.3255050129228344	6.468278069895409	3	3	0.9545717910548949	-3.647562252558555	2	2	0.5905006511793904	-8.678067217226614	2	2
MYH14	0.11049465483783903	-1.6403057105516596	5	5	0.4578569495001127	1.929460371742057	4	4	0.30156503572730886	-6.357591277467473	4	4	0.8547806205172963	-5.417259696419138	3	3
MYH7	0.6998170707650959	-9.54624573525229	10	10	0.39055788537132763	8.79840694473913	8	8	0.5284941582883151	-3.113974023993743	9	9	0.672596273212082	-7.100161546890405	5	5
MYL12A	0.9357609904552444	-8.34055244280414	10	10	0.6079941948463097	15.999115735275161	7	7	0.3974420855210218	-9.41616334301824	5	5	0.2158727325054437	-19.9537499267917	5	5
MYL6B	0.03308287695732499	-1.0163965615114652	5	5	0.7451094432611904	5.250790216462378	4	4	0.35051070309736587	-3.261386669743025	5	5	0.9146227418967077	-10.390199508527019	4	4
MYLK	0.4164913539131264	-9.299232422204383	10	10	0.997097411531736	9.567232771582358	7	7	0.22767743807283414	-3.514538271203092	8	8	0.42669093034961414	-12.625275952950213	5	5
MYLK2	0.8690335729624106	-8.088395294983034	5	5	0.8705722637434026	5.422690356337905	3	3	0.7372705313059285	0.5094020957149904	2	2	0.9687157558347669	-5.1955603363371425	3	3
MYLK3	0.4341989635444742	-8.706272403922634	10	10	0.7961844258907904	12.429455377346132	7	7	0.3261374778668992	3.7455746074011684	8	8	0.59132569373687	-15.25823216523145	9	9
MYLK4	0.17674277726972487	-0.6777780566357668	3	3	0.044647192573036065	-2.188014753818318	2	2	0.40501381561647576	3.3447997368632585	4	4	0.04408897603883836	2.286710787325385	3	3
MYO1D	0.3332743349837033	-2.0059769925832405	5	5	0.40844054685482256	8.090750557767125	5	5	0.26752395380466343	-4.482617004148086	4	4	0.7735205110925591	-9.210762464544619	4	4
MYO3A	0.9851072618916819	-5.403826357982222	5	5	0.9060795621995646	2.8547974310422592	3	3	0.8811649947325965	-2.281817971576286	3	3	0.9679675506516953	-3.4193117509891215	2	2
MYO3B	0.8153670250655101	-4.282305421535582	4	4	0.9834844485167039	4.540024567104054	2	2	0.3520268998704098	3.2189522199247325	4	4	0.18238507065899523	-0.8711806746321221	3	3
NADK	0.7587315435665956	-9.644770959637059	10	10	0.17278529577720558	1.4764916731494324	5	5	0.7232478936672438	-3.1523472678192768	7	7	0.10909537450317908	-4.7525509676144875	6	6
NADSYN1	0.1662293769895986	-1.634021644212396	5	5	0.6309687826646742	2.5685377793899082	4	4	0.24878231313626042	-8.983093803904978	4	4	0.717787285813544	-8.218578833362848	2	2
NAGA	0.01790791613281853	2.0686090722802897	5	5	0.41832582087637704	5.8558659844196255	5	5	0.7718073239842742	0.480868445549779	5	5	0.5034333806206083	-5.356579794601586	5	5
NAGK	0.507551045576488	-7.851632558537858	5	5	0.9060795621995646	5.717596499931346	3	3	0.9609333486573387	-3.189049228113694	4	4	0.5153359195089745	-3.1227629451846637	2	2
NAGLU	0.5607228211458366	0.5751158861892275	5	5	0.067789797983484	1.8304611994598747	5	5	0.05809138954588257	-10.088868096339224	5	5	0.8197190427081433	-7.724856699928237	1	1
NAGPA	0.5776096057176283	-2.6349565003039843	5	5	0.2047646237935432	5.227527095454424	5	5	0.729620553487015	-3.244270182634495	5	5	0.7241099307622376	-2.149101955434288	3	3
NAGS	0.22010399987103768	0.9482329645694652	9	9	0.8356858576092072	10.897183232241892	9	9	0.6369290294033492	-10.133128803725823	9	9	0.6912582948946397	-14.939405080775636	7	7
NAPB	0.18506776215694087	-8.632604657337282	5	5	0.10932716589164193	12.181412813177284	3	3	0.8893057705455722	0.06944924431684062	3	3	0.21426011079281937	-11.953647970586863	3	3
NARS	0.4084406230537324	-1.5197914657502698	3	3	0.8739012967414189	4.467300823744632	2	2	0.4124262008113354	1.2022644036728225	3	3	0.8959888013798673	-5.067748156301424	3	3
NARS2	0.8837478620129392	-4.292121720802217	5	5	0.6249869088273721	-0.2655357447768398	3	3	0.2859413802773134	-6.0422654403902385	3	3	0.5688364963789199	1.3373095300938456	1	1
NCAN	0.7628252567401973	-5.510164017100506	5	5	0.826560501188073	2.520529522561681	3	3	0.3350613964132042	-5.991723170814583	3	3	0.6016371484058185	-8.9827676871257	2	2
NCOA5	0.7723299480302798	-2.5240558042030288	5	5	0.2773379466103324	13.21987114697991	5	5	0.8065247000992642	-2.4015401319817986	4	4	0.3346019542160441	-12.279220191889015	4	4
NDST1	0.5904297515026957	0.5000091381572388	5	5	0.968928919342471	9.938847475773636	5	5	0.4199714631584993	1.6691189226152465	5	5	0.5731285292641912	-8.111412954884807	5	5
NDUFA1	0.08964206117859651	-8.200396406607247	4	4			0	0			0	0			0	0
NDUFA10	0.2099302869161621	-7.3972696730867495	5	5	0.34250968030543927	10.160198166754283	1	1	0.8929145331312525	0.189023618042942	1	1	0.35008932043458985	-9.812858950437759	1	1
NDUFA11	0.5733655329673585	-2.7423340041212927	5	5	0.4035505227029488	13.387563790085318	5	5	0.10314851659691071	-9.787432719929106	4	4	0.04516379366805567	-19.269381854865333	4	4
NDUFA12	0.706591112613975	-5.841437243226644	5	5	0.5402743268805934	2.4618934661041254	3	3	0.7451320327163529	0.8589182986444497	4	4	0.48839135332375516	-1.6570473497953848	3	3
NDUFA2	0.3757293162831751	-6.999182282869455	2	2			0	0			0	0			0	0
NDUFA4L2	0.796238686445729	-5.079378839895008	5	5	0.9060795621995646	3.2240592530816694	3	3	0.7117797418322476	3.781879213879229	5	5	0.5563406378078593	-2.492405423143042	3	3
NDUFA5	0.3620106242520005	-7.660617655612444	5	5	0.6241937351395894	5.355398964696865	2	2	0.9042749324668504	-3.80834607617507	2	2	0.35008932043458985	-9.914582974140057	1	1
NDUFA6	0.3786264313271963	-8.210686868704427	5	5	0.9394967534281049	8.166643828775356	2	2	0.8085392067130545	-0.39514253087747525	1	1	0.7419352927113232	-8.243597161981626	2	2
NDUFA7	0.11120598571449765	-6.326520718918036	3	3	0.14481922644591255	-2.231608472908647	1	1	0.3105272504612949	-9.485493298393793	1	1			0	0
NDUFA8	0.9749770699618964	-6.867855832639655	4	4	0.30418312479843757	-1.7014077268402445	1	1	0.21223150897520326	-9.957019169080318	1	1			0	0
NDUFA9	0.18806699685050343	-8.039608529361306	2	2			0	0			0	0			0	0
NDUFAB1	0.47916614986689643	-4.060844453112222	2	2	0.929819621006633	0.4088075815443428	1	1	0.5240023074143096	-7.845783927785886	1	1			0	0
NDUFB1	0.06688971885745353	-8.18176927130355	5	5	0.8678753682095685	0.9648770564472331	1	1	0.10651570745535258	6.130391590930172	2	2	0.20159910959627347	1.9247579838464093	2	2
NDUFB10	0.02185657474038828	-8.976647395851337	5	5			0	0	0.011371730307106509	10.26566666817488	3	3	0.10500615743814905	1.8551010485397275	3	3
NDUFB3	0.17996369266066836	-8.806591046265735	5	5	0.8306197822146404	7.883485657804539	2	2	0.18169620949729814	5.413911571209917	2	2	0.44052455086533027	-4.346587990305083	3	3
NDUFB4	0.2433527622901227	-4.0666835745262375	5	5	0.5473951502247765	5.142420379776001	4	4	0.06275485514248973	-9.397832512238011	3	3	0.10081282887310952	-19.724265695372353	1	1
NDUFB5	0.4167992957708768	-8.585472835624033	5	5	0.2143652036028061	9.519086131837549	3	3	0.14370201051942216	-8.815525718905759	2	2	0.04380968983381026	-18.76086188562207	2	2
NDUFB6	0.10774366495254802	-8.638724442317917	5	5	0.3229758070461728	10.237157855098877	1	1	0.6531407664878905	0.8664682812817519	2	2	0.8534450846924276	-8.475852517370184	2	2
NDUFB7	0.048142967164156315	-8.489038265107611	4	4	0.020052008061919743	19.73664860298294	2	2	0.2397319779840591	9.019342172965862	1	1	0.3017124921160841	-12.241413114253568	3	3
NDUFB9	0.31718938408384667	-8.57335777690327	4	4	0.35255407769204716	9.900224180128921	1	1	0.2619431947730386	-9.739151079294661	1	1	0.10563348227890615	-19.48105966115	1	1
NDUFC1	0.24209260467114246	-9.219929518818303	10	10	0.6432983503533377	8.961559451280579	5	5	0.5184887870266476	-5.766831045366519	4	4	0.9954978743064465	-11.188503949863993	4	4
NDUFC2	0.0954093737900509	-8.509759801053493	5	5	0.2604357915372295	-1.7913890936779104	1	1	0.3552929201360172	2.5788148528520978	1	1	0.08739582708325848	4.52851954480359	1	1
NDUFS1	0.1389744568428443	-8.28569262960719	2	2			0	0			0	0			0	0
NDUFS2	0.575136489274525	-1.6104408832730501	3	3	0.6537821855143795	3.3930963937644574	2	2	0.05354055666543042	-10.301758602529961	2	2	0.10563348227890615	-19.561842315866045	1	1
NDUFS3	0.49961222983689024	-6.713148340880616	5	5	0.5901700428990586	10.40435483044506	4	4	0.21078123335050036	3.0760885122003354	5	5	0.8611418352622409	-5.833037073210371	4	4
NDUFS4	0.06971654038254288	1.3754466761756898	5	5	0.15699694146996565	1.5500726491612262	5	5	0.25091559531265295	-6.60541278787987	5	5	0.6010295810233537	-1.955017598178819	3	3
NDUFS5	0.9941475734946529	-2.7369018866102532	8	8	0.5506305425088582	2.4500403232734977	4	4	0.4358236748352863	-6.255436352212037	4	4	0.8394227870009838	-5.489885963674617	3	3
NDUFS6	0.08093185751056277	-9.415739651506906	5	5	0.8847862201858687	4.407533656194597	2	2	0.7531794170704568	2.1508577632636063	3	3	0.6193480997946015	-3.217235301915595	3	3
NDUFS8	0.6973630741906693	-3.6250261713709317	5	5	0.51095919398674	-0.5766188760282732	3	3	0.45478430734899733	-5.569392895972321	3	3	0.16445942242404576	2.689176557101895	1	1
NDUFV1	0.8702223803512448	-8.736604334497892	10	10	0.6703774817668533	13.4642158221062	7	7	0.7695090447895393	-4.984800479306437	6	6	0.5609738935487099	-16.580939697490734	6	6
NDUFV2	0.23422077926256946	-6.871951308171727	3	3			0	0	0.21888295161037863	9.383011281154301	1	1	0.23597275505870985	2.363155707580649	1	1
NDUFV3	0.9132920403032543	-0.1595038203320612	5	5	0.7097401819562705	3.0465785939069643	5	5	0.4919013310269478	-1.5253809302879064	5	5	0.39419535135427664	-1.9028381386071889	4	4
NEDD8-MDP1	0.628072365356692	-4.518360509874262	4	4	0.41157456871512654	2.9563092674857456	2	2	0.9964470777517473	-3.32436522693914	4	4	0.5740209553051443	-5.688800547386386	3	3
NEK1	0.4096947731568329	-8.271713633381282	5	5	0.14540757780846117	10.579219365480917	2	2	0.8811649947325965	-2.5320520114421985	3	3	0.3670367589176605	-11.819385334385515	3	3
NEK10	0.8155055567710212	-3.2624221161328584	5	5	0.7159237878916427	6.1232583196030745	4	4	0.8894132602842247	-1.5816088708857263	5	5	0.7735205110925591	-7.864214925737684	4	4
NEK11	0.8300299660958327	-2.217126579318149	5	5	0.6871474617411502	2.8399261517947054	4	4	0.977814219447674	-2.7809363354497627	5	5	0.49476133145231505	-4.614351184231589	4	4
NEK2	0.1462612431705856	-1.2653373614534307	5	5	0.9806445855755239	4.868526378883525	4	4	0.7356007307959467	-3.569040568579661	5	5	0.8641865676249286	-11.550211886925561	5	5
NEK3	0.47619685679962376	-8.714198132307027	5	5	0.2848292464607334	9.67999023726723	2	2	0.3001377869640246	3.7425669104249217	3	3	0.8343169373703494	-5.335484709043087	3	3
NEK4	0.660908312608193	-2.2966599237628933	5	5	0.6172353737898271	4.944946545995423	4	4	0.5900207022844324	-3.4968585150833813	4	4	0.7836748470848344	-5.460671322447993	3	3
NEK5	0.8592488606084292	-4.879378360403354	5	5	0.7487826623978457	2.731453650527966	3	3	0.8208534235033638	3.38932690143773	5	5	0.2473808158275953	-4.256607924524249	4	4
NEK6	0.5776096057176283	-5.513913906403375	5	5	0.011629132506985839	16.665517522559938	5	5	0.49948906399740156	-0.8656765445289035	3	3	0.03130423995256659	-17.990303133417495	5	5
NEK7	0.7723299480302798	-5.033528122026114	5	5	0.2514186754143072	15.49102393511005	5	5	0.21369298974064188	3.0361562182301394	5	5	0.8346227285087845	-8.670831469771931	4	4
NEK8	0.30605320289601023	-8.67585392297426	5	5	0.24918289672797755	-1.484053677779511	2	2	0.6914202086128467	-2.9613810553728346	3	3	0.12676783142241782	2.9885324767477144	1	1
NEK9	0.8203402492304765	-2.608427358986807	5	5	0.9419792903008283	2.2358586545274575	4	4	0.07191412851150922	4.900747869245628	5	5	0.1364563680685427	-0.5776067045982849	5	5
NEU1	0.4956676860067398	-8.34431680488538	5	5	0.7149683940145535	5.963011137568827	3	3	0.05400583882521026	10.528784841475611	5	5	0.30179243291133384	-1.2563467362488012	4	4
NEU2	0.3888176180148173	-9.116677233567632	5	5	0.9507207862589255	6.230122844950645	3	3	0.722073372123303	0.4811825327296522	3	3	0.7298278002076196	-4.338004014562027	2	2
NFS1	0.730068748824032	-7.517700334619857	4	4	0.40552800496989516	-1.4849547747445744	1	1	0.2619431947730386	-9.73836034480466	1	1			0	0
NGB	0.16433347015696442	1.0190460458901567	5	5	0.08264991105026992	-1.7455103562517091	5	5	0.6083106761154167	-3.2623661339062515	5	5	0.15668928629155968	1.8824104732995017	4	4
NGF	0.7112214573705313	-4.471027754788644	5	5	0.8880969855271847	5.444429836152911	4	4	0.3001377869640246	-5.776556125902882	3	3	0.6820945368121456	-8.703487499990473	2	2
NHP2L1	0.13306661830520508	-7.749648823875617	4	4			0	0	0.10817901356315689	10.790337938769529	1	1	0.28409755431079786	2.183334669995837	1	1
NID1	0.718186896774546	-4.838419536293502	5	5	0.29862271666339757	9.07622029981588	3	3	0.27220582618956657	-6.187152679331507	3	3	0.0691943440397642	-15.105057380873804	3	3
NIM1	0.3620106242520005	0.8971446348241628	5	5	0.7000975714835349	5.658681287015263	5	5	0.41087101023559025	-9.373853752384862	5	5	0.9687157558347669	-7.518663621053523	3	3
NISCH	0.5565387849780812	-1.964932890579579	5	5	0.7718364652671661	8.893723075926983	5	5	0.48194424478584097	0.1974662232721811	5	5	0.8967405044802678	-5.224642396716285	4	4
NLK	0.7884223481394138	-4.3401411989420104	4	4	0.6490481557326151	5.98975812124024	3	3	0.9958869909628559	-0.04880454434752207	3	3	0.8660628631556315	-3.4797513950823715	2	2
NME1	0.38238127095510444	-9.479359155008474	10	10	0.520723723294858	12.448297492062238	6	6	0.03210975438830295	10.32692461045912	9	9	0.31888426239920287	-9.227528506555311	8	8
NME2	0.20544098866675609	-9.134276513742241	5	5	0.4617297748757533	6.7103324766721295	3	3	0.15546547781847547	4.76384339442659	4	4	0.2956344520033972	-0.35621183037266846	3	3
NME3	0.8592488606084292	-5.144743816563673	5	5	0.37963088456346916	15.305829699619558	5	5	0.596181165341636	-3.0377948703037494	4	4	0.16001850604132772	-15.069108151616645	4	4
NME4	0.7914408197717095	-8.727751434477904	5	5	0.29342942129780336	9.157438458105656	3	3	0.5070177952055015	2.9571748152461304	4	4	0.6949175576173119	-5.76664038874172	3	3
NME5	0.34492072268408813	-7.448575823046927	4	4	0.09911650242301573	13.818096182570724	2	2	0.1695881599718676	4.993714872245717	2	2	0.46486056438592327	-8.666065712051426	2	2
NME6	0.3652967094607398	-5.663114615155334	5	5	0.6982640185904311	5.831771413776344	3	3	0.19199089196238017	1.8689816759089375	4	4	0.5651475592471655	-3.856498674915212	3	3
NME7	0.09116089131153296	-0.4477955262583591	5	5	0.4346862998706067	1.9769723848936636	4	4	0.8761489057087332	-2.838594689763408	4	4	0.5217971521146411	-1.8811021626703244	3	3
NMNAT1	0.5649220302157778	-8.726006434704486	5	5	0.6800217115562243	11.869650425110104	4	4	0.6823969143331896	-3.540024005240209	5	5	0.40277651607707676	-6.777043738653528	3	3
NMNAT3	0.679041845101834	-3.152526197502602	5	5	0.6172353737898271	6.0852661144258775	4	4	0.0959950961557076	5.153972893163725	5	5	0.31433830589940537	-4.763195008333121	5	5
NMRAL1	0.49961222983689024	-9.083434281061685	5	5	0.039756892470866376	-2.283770558883381	2	2	0.3780523937725436	-3.973099615818692	3	3	0.2270843147989463	2.399579115830523	1	1
NMT1	0.8479884856606321	-4.260980952843228	4	4	0.8091617172026402	4.769873653935893	2	2	0.430286183439199	1.1936378350082997	3	3	0.4251875498506298	-4.415736850453585	3	3
NMT2	0.026542171038735973	2.0944150116365905	5	5	0.7389431665234396	9.785475875230793	5	5	0.05861958956477198	-10.076854986261774	5	5	0.04691155070249242	-15.478324232364281	3	3
NNMT	0.3922514498591715	-7.723962273660465	5	5	0.49453005034620534	8.485729194383616	2	2	0.7808520012771161	-0.5301318277230604	1	1	0.2507602126262475	-10.187915784722648	2	2
NNT	0.8058573900368531	-4.7430553081378966	5	5	0.15195082074946206	1.3287614410000714	3	3	0.602370769553958	-3.0223172762185038	4	4	0.28372586387635934	-3.7215804186683648	3	3
NOXO1	0.16814168572391996	1.3417766559384494	5	5	0.6371066499235626	11.932641512011111	5	5	0.8342231904643367	-3.1661530462259306	4	4	0.5841500112145079	-12.203633605414574	4	4
NPC1L1	0.7675732327331709	-7.136250299121219	5	5	0.5627995691474805	4.087632301187971	3	3	0.2677293532293714	3.803186000170914	3	3	0.7143319843313938	-0.12613070274347601	3	3
NPPB	0.9231688549796025	-4.253370061684639	5	5	0.8651473251322472	4.985635509475327	4	4	0.2561657514141805	-9.644138107262052	4	4	0.6160938761069382	-9.088017760054338	1	1
NPR1	0.8397456015595552	-5.857779780554946	5	5	0.4025186582909055	2.1466098487668286	3	3	0.5418266274453349	0.7512056967505575	4	4	0.5310988688678855	-4.645413057197648	4	4
NPR2	0.4571528016742944	-8.774118038175859	5	5	0.8413974405023548	4.381157223225091	2	2	0.5193391636570892	3.0913733915310413	3	3	0.6566938352336994	-2.063897482075768	3	3
NPR3	0.20767683912981494	-8.056821310684205	5	5	0.07676469029104925	12.631053653289186	3	3	0.13576844537346922	4.214899759894571	4	4	0.8169909018016059	-15.500958267253926	5	5
NPSR1	0.9677393280591112	-4.923034885990209	5	5	0.8120705148574179	8.823192212825505	4	4	0.8902078449824304	-3.091238325229248	4	4	0.6566938352336994	-8.122371217766933	3	3
NPY2R	0.6164551216437535	-4.873352601029961	5	5	0.8045521659197685	8.40434363127342	4	4	0.7316913229040496	-3.5348488239255413	4	4	0.38108884120282016	-8.740250581953747	3	3
NQO1	0.03871048303891879	-9.17965775396687	10	10	0.1519847795867504	16.340778615845206	5	5	0.5013327091844778	2.9774183595339143	4	4	0.2430613745489687	-16.08603349113009	6	6
NQO2	0.15691249359412957	-8.693975377315594	5	5	0.10614428859057819	15.886635807086046	4	4	0.11830228755328626	4.917829933841667	3	3	0.8878184405588241	-10.90813070217338	4	4
NR1H2	0.2692436169238809	-5.628692109427438	4	4	0.6940887627719636	4.608223933179126	2	2	0.45478430734899733	0.9889751838655944	3	3	0.4265444338667359	-2.722833921664561	2	2
NR1H3	0.918453226402033	-8.246433407882138	10	10	0.3136042183902489	12.204232808921178	7	7	0.9825911215733997	-3.1989412569612186	8	8	0.6421121391492219	-15.467453465160034	7	7
NR1H4	0.2944418279358705	-1.6617573566560948	5	5	0.22697512815355514	1.2885981999354617	4	4	0.6083106761154167	-3.126379489331916	5	5	0.39013599599309257	-2.603400351734461	2	2
NR1I2	0.0853568244479483	-9.54409804317236	5	5	0.9394967534281049	7.955780211925597	2	2	0.8085392067130545	-0.38089182465167076	1	1	0.5794599973297945	-8.733126941658389	2	2
NR1I3	0.001227588415794072	-9.999395062168384	5	5	0.09046775745910243	20.690825307316437	1	1	0.006195331209058453	10.913884583073786	3	3	0.11283625730798515	-4.0471295047777875	4	4
NR3C2	0.30900284273501144	0.8042348291965528	5	5	0.13314789993427215	10.203187638403913	5	5	0.6250896717335814	-1.2824036785357174	5	5	0.3651769592931742	-12.205988619188638	5	5
NRBP1	0.9083585538730328	-2.9183558537988383	5	5	0.3105344656759489	2.0386586975154	4	4	0.52427417285245	-1.4987996445086376	4	4	0.13613921923054487	-0.851689696902976	3	3
NRBP2	0.9975177373139092	-5.317703012586489	5	5	0.9344627775767147	11.919850210504627	5	5	0.6464833221017146	-3.550827317850611	4	4	0.2446274672971238	-9.473448648415845	3	3
NRGN	0.6340799561146289	-8.941077271615576	5	5	0.7457031812048097	4.590566421447506	2	2	0.6807605318261489	-4.252695321070604	2	2	0.6939180138575417	-8.684946144244527	2	2
NRIP1	0.8010442678464642	-2.994400295816605	5	5	0.9188397521484034	5.929028155849771	4	4	0.9254969833793705	-2.4313081981663576	4	4	0.8650501184450475	-4.8786900738962045	3	3
NRK	0.5482166560638387	-1.178656665401688	5	5	0.4334149120904912	12.489197921177364	5	5	0.9271957905751596	-3.085279787392187	5	5	0.3460311401410645	-11.892317618356048	4	4
NSDHL	0.2529790411821571	-1.4911365004311452	4	4	0.17934277021574385	-1.1944320679763962	3	3	0.23373783717869356	-6.327159111864507	3	3	0.6001501406740948	1.269317485269708	1	1
NSF	0.725724639556542	-1.8217002862385996	3	3	0.3255050129228344	9.602025833301019	3	3	0.13358311291655373	-9.42661396259954	2	2	0.022080619365525193	-19.450221822736587	2	2
NT5C	0.6033793400560964	-2.349240637913904	5	5	0.4578569495001127	6.879163637747699	4	4	0.20504404133744158	1.682315960158589	5	5	0.6507127227243644	-8.392547458555692	5	5
NT5C2	0.8985023658099028	-6.872032949644662	5	5	0.04939984878706565	13.676890398602689	4	4	0.46102938813983785	-4.9624455415217374	3	3	0.021008785141810666	-18.27415450504777	4	4
NT5M	0.9182288703345789	-4.983063929969975	5	5	0.7065985424813297	2.476586970977466	3	3	0.38428130247581627	3.9535028948108546	5	5	0.07366207176847364	-3.4377265654433042	4	4
NTRK1	0.3931757921881821	-2.221038807476281	4	4	0.04029702378562686	-1.9346414658612499	3	3	0.12323900978559559	-6.698365209113338	3	3	0.855327614861225	0.7909447044117375	1	1
NTRK2	0.4723536117686937	-2.271917738475361	5	5	0.4520001713552888	9.046511498312169	4	4	0.8902078449824304	-2.2792415111096247	4	4	0.5385255034333125	-11.549853594682693	4	4
NTRK3	0.19667251517482653	1.1425100882400776	5	5	0.8388112329253832	10.181370435079007	5	5	0.008639585507992166	-10.603633968308513	5	5	0.012996238365743516	-16.708673868332724	3	3
NTSR2	0.2484168561774205	0.9692220128958162	5	5	0.13092627000335208	10.034773980648426	5	5	0.8332334338201515	-2.9095779714764993	5	5	0.17747086516911392	-9.553740301856015	4	4
NUAK1	0.7392222905184969	-4.862916181375063	5	5	0.4895310666857753	2.2728575427101902	3	3	0.6463868056727544	0.4402238758310831	3	3	0.3882370910564902	-1.6743161195199814	3	3
NUAK2	0.07669497784462927	1.8254800660061263	5	5	0.49136071381051816	2.721494974189555	5	5	0.7266364912245732	-2.7513315463873163	5	5	0.5535333528659048	-1.6967873889104415	4	4
NUCKS1	0.7345302304297185	-2.8181693351020214	5	5	0.5134194887209047	9.610909956042613	5	5	0.26088927952028707	2.0143209557290547	5	5	0.5196125232296148	-8.084761849815152	5	5
NUDT9	0.7298480599090271	-5.71313140908637	5	5	0.9651679075663795	9.163243867416831	4	4	0.7996363856067255	-0.5750071621366155	4	4	0.5164030871103127	-8.579643591342778	4	4
OAS1	0.1861014037634212	1.0919009497130225	5	5	0.37981308104755496	2.020215070943367	4	4	0.3428868132504731	-6.0829540967245075	4	4	0.7419352927113232	-3.517611246952571	2	2
OAT	0.3554942292779245	-8.286531365624521	5	5	0.826560501188073	4.716066813334636	3	3	0.5260452095634913	2.4921312934873376	3	3	0.5740209553051443	-2.0655866126875124	3	3
OAZ2	0.4723536117686937	-2.0357670429584602	5	5	0.21959859314195795	9.595547142223184	4	4	0.15844207723676818	4.646815860611931	5	5	0.7781544009139258	-8.703445249162158	5	5
OAZ3	0.4397475544841236	-8.723336590467813	8	8	0.2514186754143072	16.44964277914481	5	5	0.8342231904643367	-3.143744305090875	4	4	0.18238507065899523	-12.102198243328077	3	3
OBSCN	0.2108672832211167	-0.9950848351405126	4	4	0.00711995290164424	-2.5667446911748293	3	3	0.3036537188766514	-3.8975348554833213	4	4	0.04910048240756749	2.6598498219969704	2	2
ODC1	0.2484168561774205	-7.700707138903188	5	5	0.5704074343351997	9.05985121680252	3	3	0.07533067520366724	4.722004686402059	3	3	0.6395440126355633	-7.849590400133728	4	4
OGDH	0.9578211305664799	-2.4101216625556012	5	5	0.29693012754959847	13.30523331774072	5	5	0.870610354342453	-3.0808707857010216	5	5	0.10295075886652041	-12.662275709201841	4	4
OGFOD1	0.21599672477313026	-8.8878403369426	4	4	0.5668356124144751	8.703289742555855	2	2	0.3105272504612949	-9.37154679203617	1	1	0.08739582708325848	-21.556091719046236	1	1
OGFOD2	0.9727003950388569	-4.269011744028562	5	5	0.2832256015084008	1.4537041011105742	3	3	0.6990385561489949	0.40679281105675796	3	3	0.22908579873911206	-0.888595691780235	3	3
OPLAH	0.8985023658099028	-2.516060132944496	5	5	0.313255028372343	13.064915598595443	5	5	0.6853174527291608	-4.503842143535097	4	4	0.2042318760697932	-15.969537222728706	4	4
OPRD1	0.4792594611872739	-5.214681855595372	4	4	0.9944944666811336	4.427007308670451	2	2	0.8085624237885212	-2.694644780432187	3	3	0.4948105194275715	-8.641444012087138	2	2
OPRK1	0.9083585538730328	-2.9115050155772497	5	5	0.5834900808767327	2.474849196288323	4	4	0.4254064936147064	-5.922055908383004	4	4	0.9679675506516953	-3.8586976935355137	2	2
OPRL1	0.08487542370433318	-4.8605350842394754	10	10	0.4456730024266262	13.132108608108666	9	9	0.9975128240373575	-1.3339359865135165	8	8	0.4455884463574631	-13.934328216333748	9	9
OPRM1	0.3854967159129885	-4.791461021072858	4	4	0.8956929321458129	0.0740152100349647	2	2	0.6026130949454249	0.5417974915988166	3	3	0.2574487214117861	1.7271755420385349	2	2
OTC	0.7486354337397085	-4.557074147814739	5	5	0.7086898561580807	8.47020844428779	4	4	0.8831737756644958	0.06827522248459027	4	4	0.8139648565977974	-5.2490488926431675	3	3
OXCT1	0.20102187261728377	-1.4188451584290693	5	5	0.42335965437297274	2.562204194526544	4	4	0.7654382284752708	-2.732120743568091	4	4	0.37402197471382537	-1.4498558214254154	3	3
OXCT2	0.8397456015595552	-0.7816952252597668	5	5	0.4233208256542169	7.616111568769906	5	5	0.6882368101106766	-4.881946577208271	5	5	0.523724542072301	-9.475877114617314	4	4
OXSR1	0.7866508408853796	-5.632633581196015	5	5	0.09972848995408425	-1.5064356368949638	3	3	0.9254969833793705	-0.3883657982020079	4	4	0.16186926900320986	1.7603895991667275	3	3
OXT	0.5691363040533048	-1.6263170069865052	5	5	0.5648726303070202	11.89062369506042	5	5	0.577788589673446	-3.2886402591963404	4	4	0.2913486593404222	-11.931462204181896	4	4
OXTR	0.3957036096375639	-6.0216700077813785	5	5	0.3591122362277068	12.71622728985369	4	4	0.31210358250181325	3.4943062036508246	4	4	0.8878184405588241	-9.360173160975366	4	4
P2RY12	0.032071343182061555	-8.93552247801358	5	5			0	0	0.12052227182279635	10.582369703183133	1	1	0.36196593767939367	1.975186451499976	1	1
P2RY2	0.8155055567710212	-4.471151265664783	5	5	0.5124410706098497	11.375388052130296	4	4	0.27528569286122084	4.1177222105021904	4	4	0.9839450828731499	-11.812408762950858	5	5
P4HA1	0.12585795027218163	-8.053228977105663	5	5	0.0163137946380717	18.084547182036374	4	4	0.3265475403501754	4.9690885313019395	2	2	0.06024608104239024	-16.410504017963916	4	4
P4HA2	0.5947320564768949	-2.76863653560841	5	5	0.624085750132112	5.077685708186495	4	4	0.29948632331916936	-6.262278396351872	4	4	0.6470992692887374	-8.288768697692149	2	2
P4HB	0.586141830064435	-6.182158142870247	5	5	0.7149683940145535	5.76247187877717	3	3	0.2711338518820684	4.513888085034405	5	5	0.43285091595975	-4.873700735866542	4	4
P4HTM	0.088802283445378	-8.663218153459368	5	5	0.6817045355351095	5.807829649428446	3	3	0.9219772462611487	-2.2972022819639837	3	3	0.30017237238335026	-9.3723800409487	2	2
PACSIN1	0.15679723513585547	-9.711484997489556	10	10	0.0461112076397911	18.4612780728686	9	9	0.7458968649132184	-2.9661421727754624	7	7	0.2862314200063407	-18.83172309026037	9	9
PACSIN2	0.5482166560638387	-2.1642908627209017	5	5	0.7159237878916427	5.1363705047594355	4	4	0.9822367976507428	0.3317686283573529	4	4	0.6234923165450892	-4.544137315569704	4	4
PACSIN3	0.02873703950710739	2.055851817482568	5	5	0.17830358963729687	1.7906416337097728	5	5	0.029179975187323924	-10.395614631427412	5	5	0.4384096229786417	-9.534673038284414	1	1
PADI1	0.2558841461273901	-6.43757916990702	4	4	0.1456282830122464	9.744200455228079	3	3	0.06725070187326855	4.732784276653252	3	3	0.9146227418967077	-8.142261401757235	4	4
PADI2	0.02371343639174147	-8.717778363227447	5	5	0.03780474658989863	18.300166519665233	2	2	0.2937115633840145	6.076382322649822	1	1	0.06129796019790577	-15.141357426107854	2	2
PADI3	0.7986404862760608	-4.968503778229591	5	5	0.6448308255888252	8.299170284609398	4	4	0.5013327091844778	-3.59361244300211	4	4	0.8753424576431064	-8.026308720574756	3	3
PADI4	0.9281118048858265	-2.9747797790400234	5	5	0.7231833113381831	5.425475463215025	4	4	0.4623632253722679	1.5670412750657412	5	5	0.281662634769156	-8.148371123418983	5	5
PADI6	0.3363925413553398	-6.348292993813342	5	5	0.3440613873543157	9.612508603881908	4	4	0.5126775198981743	-5.460462977507976	3	3	0.0635566719084106	-14.866629923315013	2	2
PAEP	0.5649220302157778	-7.360828186719092	5	5	0.26837546070021623	-0.8808937249373189	3	3	0.9841520134956872	3.8048923497386826	5	5	0.11731514915629647	2.2274814089923183	2	2
PAH	0.03465132405745694	-0.6022715098404658	5	5	0.1579563727234552	1.8339510473638398	4	4	0.046539708068139125	-10.595171025351647	4	4	0.7844784035957554	-8.094404468271346	1	1
PAICS	0.9479094585154882	-4.64973128714186	5	5	0.7065985424813297	2.839639258869122	3	3	0.9876614100555153	-2.179235251473752	3	3	0.8534450846924276	-3.2427004125756156	2	2
PAK1	0.2144901757783808	-1.3363154457377602	5	5	0.26235227280735607	10.475906268695793	4	4	0.7927636242635618	-3.2201635454648083	4	4	0.13483850080849313	-12.832829966785361	4	4
PAK2	0.35226395930353005	-1.551895797421808	5	5	0.5124410706098497	2.4462349927922045	4	4	0.26752395380466343	-5.588169521750861	4	4	0.7636590663535476	-5.338837318186922	3	3
PAK3	0.11049465483783903	-8.805316152913647	5	5	0.23452667598752341	12.073714579681827	4	4	0.6026130949454249	0.30353079232447566	3	3	0.5303285251395151	-8.713713142221925	3	3
PAK4	0.1902783136071523	-8.50541249770451	5	5	0.6882611662790502	8.401987573985465	1	1	0.6994173944625519	0.5429972911198035	2	2	0.717787285813544	-6.881760236583926	2	2
PAK6	0.6773629736062501	-5.225118928970844	10	10	0.9972922244427597	9.940066753633241	8	8	0.5288393442663768	3.606977341155506	10	10	0.640813939149254	-15.596733374672525	9	9
PAK7	0.07879024968458276	-9.013831088887217	5	5	0.07848320868309197	14.272431001125536	2	2	0.34550217367593716	3.151122654263537	3	3	0.4641144340452932	-8.79309084813587	3	3
PAM	0.13420355208699344	-10.172314660037026	9	9	0.013520793907028972	-2.5315246984853297	4	4	0.6138813860632111	-2.876044111231792	5	5	0.015033115393108653	2.7541793400893346	3	3
PANK1	0.40718680376589067	-9.396232804490902	8	8	0.25015966799340983	-0.9866381644426087	4	4	0.11118300360056269	10.494074138812048	8	8	0.06373105051369955	2.1412535569813262	6	6
PANK2	0.706591112613975	-8.509477519018517	5	5	0.7402807379176981	8.553600589108823	3	3	0.8005844053192577	2.6823766448695636	3	3	0.7143319843313938	-5.712908345965677	3	3
PANK3	0.9975177373139092	-5.386305360685459	5	5	0.2016907858830852	16.47904023207352	5	5	0.15331732986472651	-6.541089147279415	3	3	0.03820105489776033	-18.935264450116765	5	5
PANK4	0.4422306915417815	-5.138964640584345	5	5	0.10932716589164193	-1.578213215357679	3	3	0.33837416970480005	0.9614814069704375	4	4	0.011632816380651221	2.992704314961243	3	3
PANX1	0.9776625184939425	-2.0292773330695577	5	5	0.8347270723817914	6.223776586383539	4	4	0.8956952855414111	-3.4375684656569465	5	5	0.8241261146639588	-4.97220212669776	3	3
PAPOLA	0.03157559538574283	-9.60396792344494	5	5	0.8198738922225053	1.2506870347191819	2	2	0.11589278385204699	4.9349161439946405	3	3	0.13613921923054487	1.6669064807283032	3	3
PAPSS1	0.37526624445561163	-6.597573858391158	5	5	0.6982640185904311	2.6594395809449236	3	3	0.1099081043327564	5.464895013158878	4	4	0.1154209856940596	-0.29333853491375894	4	4
PARK7	0.8155055567710212	-5.719974685351283	5	5	0.6982640185904311	5.584480977397644	3	3	0.9219772462611487	-0.09063597290143473	3	3	0.7143319843313938	-5.516801352025499	3	3
PARP15	0.9429565476279621	-1.937567262679505	5	5	0.531361845536493	8.780096640299432	4	4	0.6148359736999094	-1.4663529894846377	4	4	0.7636590663535476	-7.33766821603604	3	3
PARS2	0.05651026231576874	-9.386844438485982	5	5	0.1048994975966127	14.42068619845098	2	2	0.6089692055929158	0.9383508999438381	1	1	0.21317480563693292	-13.538411565886019	2	2
PASK	0.4422306915417815	-1.058876424174832	5	5	0.010264415333804927	-2.3705256451530876	4	4	0.0881055097340203	-7.0036712468339255	4	4	0.10645543486541928	2.3234247979051528	2	2
PBK	0.09116089131153296	-1.2642151555651795	5	5	0.08152156400709727	-1.6202177566206892	4	4	0.7415969748765123	-2.700798711893754	5	5	0.02116426612998525	3.6173792320682736	2	2
PCBD1	0.7112214573705313	-2.088705143540556	5	5	0.46375607361944093	2.0351883654931004	4	4	0.6593278938505842	-3.5974249408372088	4	4	0.6193480997946015	-2.3616592814661836	3	3
PCCB	0.3729592617738897	-7.728088231808154	10	10	0.8095917819016348	12.967846573330945	8	8	0.6453222663143066	-3.258425572269966	9	9	0.9671354494321439	-9.83788765280269	6	6
PCK1	0.3593493008586295	0.7127276864046618	4	4	0.33913524261838335	8.96248381203335	4	4	0.8831737756644958	-1.540926455600531	4	4	0.722226814782915	-11.710415722646069	4	4
PCMT1	0.706591112613975	-5.271275488538907	5	5	0.8575216596071998	5.117286833556763	4	4	0.6528927461773759	-3.2207143234461078	4	4	0.43594688289199346	-2.670383956037688	2	2
PCSK1	0.08764155574426583	-9.4777831552453	5	5	0.6241937351395894	9.106935222865152	2	2	0.2461074718192885	4.539288856875906	3	3	0.6101583166143778	-4.382750054694929	3	3
PCSK2	0.2401908270734977	-6.1981567265992945	4	4	0.4549198007785964	6.634762673764857	3	3	0.06275485514248973	5.183301020561159	3	3	0.2721463993628561	-1.2931460549301164	3	3
PCTP	0.7986404862760608	-4.881461677334666	5	5	0.2707051788540027	11.822831357329791	4	4	0.659229922639178	3.368020740070861	5	5	0.722226814782915	-8.9266019299564	4	4
PCYT1A	0.31645880098389456	-2.1572293907868665	5	5	0.767244064632483	9.425447528665714	4	4	0.9145790807640422	-3.027852721010236	5	5	0.9325483006907843	-11.327030354843531	4	4
PCYT1B	0.8543645009799363	-5.713291144059762	5	5	0.7744684353190315	3.4297610911701377	3	3	0.9893415150470528	-3.4091403827152753	4	4	0.6010295810233537	-6.499301576699817	3	3
PDC	0.4288630273093239	-5.689359765279888	4	4	0.084517508494721	-2.043331458916292	2	2	0.6762775265647218	0.5200338413411864	3	3	0.04380968983381026	2.7266865298008387	2	2
PDE10A	0.9231688549796025	-2.8034452509032732	5	5	0.04416693405010609	13.626434422116295	5	5	0.3660233427803543	-5.778729113144144	4	4	0.014087206972000419	-18.575374835538746	5	5
PDE11A	0.9972192241481194	-2.601053794789863	4	4	0.7658774872024416	-0.18907495901342544	3	3	0.7859069248078726	0.203073730752838	4	4	0.2446274672971238	1.4072559428725484	3	3
PDE1B	0.973933597243148	-8.605514498674886	10	10	0.13536293255346385	1.7160925255753419	6	6	0.1171568583380536	-3.2327012249010387	7	7	0.48060740538231683	-4.688269844954774	4	4
PDE3A	0.7723299480302798	-3.2053081193117445	5	5	0.7598437280264725	5.706016824099713	4	4	0.5485814705227523	1.4042065423314123	5	5	0.3179198990433457	-4.6133907397487475	4	4
PDE3B	0.8010442678464642	-3.4594760975122636	5	5	0.16970231506403877	-0.9066601970941516	4	4	0.6649921792568404	-3.056133880257592	5	5	0.06828051603736507	2.5277502153434543	2	2
PDE4B	0.311970937151257	-7.793105197769495	5	5	0.6047957847477123	6.164278711875796	2	2	0.994949724740418	-3.449051621703248	2	2	0.2739766883379883	-10.813753559554279	1	1
PDE4C	0.3522912743283577	-9.065018666324336	10	10	0.24192105771432992	12.942665173299536	6	6	0.7861509442490852	-3.6800734409884357	6	6	0.10310567649244455	-15.702509314945253	5	5
PDE6G	0.434875403172575	-1.1934080159758713	5	5	0.25015966799340983	-1.174657531458535	4	4	0.9254969833793705	-2.3283456724612566	4	4	0.13613921923054487	1.831617583121038	3	3
PDE6H	0.6927656854662068	-8.145635498351952	5	5	0.6329646623089908	8.293014422766015	3	3	0.9712150561015795	-0.16443845879568694	3	3	0.45617396933916476	-8.82745811686184	3	3
PDE7A	0.30021009289674705	0.5775750513541017	5	5	0.2305878668098721	2.0511296634280707	5	5	0.4672164547493336	0.6722533296383203	5	5	0.08533529501621916	-1.3739071512257688	5	5
PDE7B	0.07102302845713745	-8.28219408017195	4	4			0	0	0.013541385195900061	10.073948662621497	3	3	0.09171520159548441	1.9963639310739574	3	3
PDE8A	0.11986511227502902	-10.01204988746813	10	10	0.8654641755940876	8.519672732652142	6	6	0.4969209614225687	-9.55663239529157	5	5	0.5997482906588206	-11.91325817651284	4	4
PDE8B	0.9132920403032543	-5.216653908775938	5	5	0.3476444463049674	15.633189139447104	5	5	0.8272778214602373	-2.2751296420500693	4	4	0.23418629399159607	-11.671252580801363	3	3
PDE9A	0.9776625184939425	-2.7666526798585376	5	5	0.10825972143821798	1.3906600168604808	4	4	0.9398308330388704	-0.14348271981974423	5	5	0.14389599174136214	-1.2833195723214814	4	4
PDF	0.26404969238256526	0.439608633648217	5	5	0.3301599229008999	2.1753071545321156	5	5	0.8085178815079567	-5.644640164881063	5	5	0.41763748659739	-1.1472219592611534	3	3
PDGFRA	0.37526624445561163	-8.126370558509324	5	5	0.5951993019223474	5.689190054385409	2	2	0.37249996469996505	3.3646564299680892	3	3	0.9478833410736787	-3.524899646191434	3	3
PDGFRB	0.011633537058504055	-9.468414772572677	5	5	0.6596771669656869	-0.5933933266489291	1	1	0.5732057651371258	1.2271863134804155	2	2	0.16445942242404576	2.6957009098420404	1	1
PDHA1	0.5842583307604705	-7.8487580163359665	4	4	0.13950179234957694	-2.3817734678513602	1	1	0.12487321433018347	-10.63636497718159	1	1			0	0
PDHA2	0.581868409522028	-9.039486370442837	5	5	0.31456882368045913	4.484198510624178	3	3	0.06548678233527355	-10.135732150159573	2	2	0.10081282887310952	-19.71741202433129	1	1
PDHB	0.3630148725798429	-1.9394333246791609	4	4	0.5780639637403786	2.107385927451397	3	3	0.01699916753693395	-10.167854312266323	3	3	0.11582216212918461	-19.1562962655645	1	1
PDIK1L	0.33434530761715864	-8.178376501360145	4	4	0.7352797995591978	8.522022951628689	2	2	0.05322471746470953	7.018003277287396	3	3	0.17395866300991503	-1.0545902457078895	3	3
PDK1	0.6208411793888435	-5.281254417056737	5	5	0.7159237878916427	8.883129628420669	4	4	0.7375726686487685	-1.931839673399035	3	3	0.9325483006907843	-11.530268627719744	4	4
PDK2	0.8494857165073755	-2.735434878731164	5	5	0.9342596937976486	3.2607742059214515	4	4	0.338347373536526	1.3935069974584777	5	5	0.6155324084201014	-1.8900623366050133	4	4
PDK3	0.4096947731568329	-4.47746279566205	5	5	0.3258793207978927	15.032170902254583	5	5	0.3669983519637525	-3.7820105000534574	3	3	0.06836971079419	-15.43612997706793	4	4
PDK4	0.8010442678464642	-2.118137672754854	5	5	0.8388112329253832	8.247667176612316	5	5	0.2637000380685838	1.6542719827490753	4	4	0.39242021248598535	-8.100524157296656	5	5
PDLIM5	0.46092704007166974	-5.406252549281882	5	5	0.10932716589164193	10.418485534126965	3	3	0.9056215408876463	-2.330108861299721	3	3	0.08208567204304086	-12.590278797153104	3	3
PDP1	0.018473377853562737	-9.588108495862995	4	4	0.18752321777447734	10.76610980925051	2	2	0.03970439357640192	7.180889527936643	3	3	0.7908534206355673	-5.9994654004046355	4	4
PDP2	0.5035733777282381	-2.1298752934637255	5	5	0.17573061690603475	-1.2763252208168125	3	3	0.7117797418322476	-2.9245205596641264	5	5	0.07869280252196348	2.2423717249933977	3	3
PDPK1	0.5399564771635108	-2.7260660714907394	5	5	0.9149892589556977	4.018696112922389	4	4	0.7927636242635618	-1.864478794640054	4	4	0.8753424576431064	-2.343141636811143	3	3
PDPR	0.7533561913381089	-4.8565987516589235	5	5	0.5707391645317546	14.980020666921748	5	5	0.8972505670990439	-0.8203452631083673	4	4	0.2663128733664861	-12.857668056590507	4	4
PDXDC1	0.8130907949065785	-4.621541199463498	5	5	0.6170528519825211	6.0150363559298015	3	3	0.8831737756644958	-0.049781944589471126	4	4	0.8170453009277164	-8.884005092470227	4	4
PDXK	0.07165502456971014	-8.296292311657258	5	5	0.017199735932456977	19.27756086820997	4	4	0.020828596361012253	9.409701721526032	4	4	0.6652697334799795	-12.729325035351833	5	5
PDXP	0.8106778782225714	-0.5768270707592521	5	5	0.7194297851543845	10.37310795621994	5	5	0.5645810207952495	-1.7878071117726133	5	5	0.9954978743064465	-8.219174505961599	4	4
PEAK1	0.039147534940472385	-9.42759612113465	5	5	0.5032906715876146	8.851539781192308	2	2	0.9042749324668504	-1.0069740088389891	2	2	0.26410502382662504	-11.304120472458788	1	1
PECR	0.12056202217951979	-9.50249896513526	5	5	0.15029058382626023	-2.2116892900376293	1	1	0.9545717910548949	-0.23947768214252196	2	2	0.12676783142241782	2.966444856108396	1	1
PFAS	0.5670272173016859	-8.470196302282174	5	5	0.2548967824360582	-1.2218302221731854	2	2	0.1507678478564934	-9.476421731503414	2	2			0	0
PFKFB1	0.3888176180148173	-3.820756325974132	5	5	0.7304678309966427	-0.2821658096267801	4	4	0.8972505670990439	-4.9811192294933315	4	4	0.08420843504034761	2.6913752956293013	2	2
PFKFB2	0.6564053415192777	-1.5324366733495676	5	5	0.7231833113381831	9.236025282283824	4	4	0.6194744728092239	-2.8821594574247666	5	5	0.3460311401410645	-14.111111394246848	4	4
PFKFB3	0.21679671506137854	1.0841641368005561	5	5	0.317426867913176	-1.1005067446730301	5	5	0.47209779988094014	-9.193289311613178	5	5	0.30017237238335026	1.635231544276671	2	2
PFKFB4	0.7019716005280351	-5.439190602049888	5	5	0.6734813344087225	4.5680624105017476	3	3	0.7586507876176383	-0.37691381631605864	4	4	0.7241099307622376	-4.743903880553592	3	3
PFKL	0.8978888432891786	-6.27164624086155	7	7	0.8659613684479033	6.4995317863812	5	5	0.21767168302047957	3.203216683570856	7	7	0.5985682615221539	-5.026615514893912	6	6
PFKM	0.8224696161506104	-9.354184185683332	10	10	0.910209923070183	12.78817900372571	7	7	0.14615891827039215	-9.914830282319997	7	7	0.3124824587803954	-15.485066810172109	4	4
PFKP	0.9925533080407308	-2.838435131542376	5	5	0.30502011036829124	12.363252667601005	5	5	0.6534878203273687	-3.488215161282312	5	5	0.33334265231380633	-10.204417394871543	3	3
PFN1	0.3426850656797221	1.5809242537090364	5	5	0.5078568779189758	12.662491223109823	5	5	0.7839919419285195	-0.050354130538287745	5	5	0.47361404369612026	-9.332286321901597	4	4
PFN2	0.4917398287066179	-1.7148851061638117	5	5	0.9497043410641458	5.1003252216307855	4	4	0.6787835584881283	-3.1480552738176715	4	4	0.9270864972393051	-5.243454683661882	3	3
PGA3	0.6661294017539685	-2.089116577878011	3	3	0.15720206563660102	-1.560328815942932	2	2	0.7143658371036914	-0.7680645900338804	3	3	0.4551059809818502	1.3121409229161864	2	2
PGAM2	0.8058573900368531	-2.3209823156542364	5	5	0.5707391645317546	9.61098000503643	5	5	0.15289087548462243	-9.723589305695489	4	4	0.07859465935145817	-14.469813772070797	2	2
PGD	0.3719245441491863	0.6243570507131917	5	5	0.8795980919872574	5.447537058456021	5	5	0.3148444275739728	-9.43252221605948	5	5	0.717787285813544	-7.861829584051968	2	2
PGGT1B	0.23836165707475399	-7.937562941206118	5	5	0.5121325875951704	8.899956887637764	2	2	0.3742860548061535	-9.143277804363054	1	1	0.10081282887310952	-20.02108841466243	1	1
PGK1	0.1861014037634212	-8.552662190833747	5	5	0.22706979580342523	10.499916247741195	3	3	0.8245775169350323	-1.4216450449643492	3	3	0.19598619544243823	-13.597386654851018	2	2
PGK2	0.8763853536977695	-5.132614043645858	5	5	0.9686286237487493	3.2341438538566414	3	3	0.191199530222123	3.3888678133112324	5	5	0.24279877889186918	-1.50983233208355	4	4
PGLYRP3	0.12662916676606095	-9.32224851292545	5	5	0.6739103183496755	8.558313068902304	1	1	0.7854883733445616	0.7647848792940017	2	2	0.8913979296231909	-7.738480786116759	2	2
PHGDH	0.5482166560638387	-8.67100574279245	5	5	0.22195788313876263	-1.5598020910990238	2	2	0.9629960299111844	-0.27543784787837283	3	3	0.331144186970852	1.5501773332355837	2	2
PHKA1	0.32709407601287177	-8.757192696082884	5	5	0.11407256326979524	-1.8356406541225132	2	2	0.8342231904643367	2.774342558206628	4	4	0.16582651897716705	0.9786926768446849	3	3
PHKA2	0.9479094585154882	-5.557765124066463	5	5	0.6817045355351095	5.554374403139828	3	3	0.49006460558956133	1.233561595226299	4	4	0.8959888013798673	-4.7012646554876385	3	3
PHKB	0.5317590566476502	-5.908515964465302	5	5	0.12786681508373268	-1.36718505314278	3	3	0.4800492312345497	-3.5764733469723287	3	3	0.34737875868023205	1.4716789121943714	2	2
PHKG1	0.4096947731568329	-8.308360403848871	5	5	0.9944944666811336	4.300983847827893	2	2	0.15630708911566027	4.108574384626983	3	3	0.20476859660727664	-0.99349797473403	3	3
PHKG2	0.07363745163917827	-9.918590825889858	5	5	0.20681846245781377	-1.9179580869809207	1	1	0.5392328430533015	1.3731128331337183	2	2	0.16102717498182018	2.7270913289895873	1	1
PHOSPHO1	0.586141830064435	-4.55299205841332	5	5	0.9729049712708331	5.563007323223485	4	4	0.46794323187009035	0.6869583961647504	4	4	0.6757011822409351	-2.080103550041832	3	3
PHOSPHO2	0.11472481343117695	-1.4931238729961562	5	5	0.27282133253971086	1.3714320896138201	4	4	0.33837416970480005	-6.306697593852195	4	4	0.7786317183153296	-3.390583190001708	2	2
PHPT1	0.44593486713607366	-8.432592754038927	5	5	0.8306197822146404	3.9972478131214837	2	2	0.816560395092754	-2.6607396017253007	3	3	0.8534450846924276	-8.377312303657364	2	2
PHYH	0.5440787717431045	-1.8679389585346076	5	5	0.14150647608755507	-1.3779182866043438	4	4	0.03441736600953592	-10.347707579407205	4	4	0.5086582144193044	1.4621448022120163	1	1
PI4K2A	0.14799697279868418	1.4948272363254358	5	5	0.19267138341137513	3.5183150476789655	5	5	0.22563010501245284	-9.657678278265925	5	5	0.8283248036226699	-4.516783632835125	2	2
PI4K2B	0.8058573900368531	0.07015651942024241	5	5	0.26975336289319884	9.946538194186807	5	5	0.5019677595485061	-1.7645912697259558	5	5	0.49476133145231505	-8.449480316440049	4	4
PI4KA	0.5058297766048346	-1.792206584271927	3	3	0.2116872514371817	-1.388438020380966	2	2	0.06548678233527355	-10.143320102734437	2	2			0	0
PI4KB	0.6927656854662068	-5.358887492160235	5	5	0.6734813344087225	3.7708546955161277	3	3	0.37249996469996505	-6.0132197874882864	3	3	0.29446852463267126	-10.098725540051557	1	1
PICK1	0.7937921875602246	-4.124899277702086	4	4	0.16970780786039785	-1.63245046994059	2	2	0.3049726062860919	3.28641858548978	3	3	0.0691943440397642	2.140476098465546	3	3
PIGA	0.1902783136071523	-1.771528617169455	5	5	0.23836847153530583	1.545941110353197	4	4	0.6882368101106766	-2.9658886577937236	5	5	0.27789506920762963	-1.2962479007938452	3	3
PIK3AP1	0.5770786777366228	-8.378071230304359	10	10	0.8469095759136746	9.436536198636107	6	6	0.37546319737247236	-9.464063022344614	6	6	0.5535333528659048	-11.95133511429303	4	4
PIK3C2A	0.6330264776408487	-4.594539345026448	4	4	0.05250607297362545	-2.3830639164490135	2	2	0.399877549644446	-5.165116428225335	2	2	0.1385023309595027	2.8488020840511687	1	1
PIK3C2B	0.7158624805210481	-5.148954756195833	5	5	0.1943441307883782	-1.137877064310631	3	3	0.870610354342453	-3.2523941005246453	5	5	0.10783944423394784	1.9610475524106992	3	3
PIK3C2G	0.1043544401934314	-8.321008712444259	4	4	0.05084785634482402	15.382091003510169	2	2	0.10651570745535258	6.014229616751774	2	2	0.3882370910564902	-9.171789162675426	3	3
PIK3C3	0.02163349096468932	-9.326551717594358	4	4			0	0	0.2937115633840145	6.813347916816029	1	1	1.0	-1.207532662158389	1	1
PIK3CA	0.7914408197717095	-2.475858008224098	5	5	0.7746656876166776	9.454586006291299	4	4	0.33389983867098505	1.4629805272043435	4	4	0.9235806701215031	-7.833289880813372	4	4
PIK3CB	0.3786264313271963	0.8127443654094755	5	5	0.27352768328571864	0.600360868199853	5	5	0.676575974673378	-1.8932248884548544	5	5	0.12904932308984265	0.03158922568059985	4	4
PIK3CD	0.48782873876722077	0.15314616770875053	5	5	0.6309401810778674	10.404910717219773	5	5	0.4199714631584993	0.5843154539945005	5	5	0.9438504236420262	-9.02383781094386	5	5
PIK3CG	0.9472037391567342	-4.701606505410759	4	4	0.2974428162363183	-1.146281769440339	2	2	0.08605470280899469	4.632611413342114	3	3	0.008597048466787756	3.074371330215324	3	3
PIK3R1	0.37526624445561163	0.6149999138958725	5	5	0.7065208124412616	6.975174507977559	5	5	0.9904908079013143	-5.259529432680704	5	5	0.9684931454948266	-8.329877696719567	4	4
PIK3R2	0.7095225982766431	-5.451381265771185	10	10	0.5390437404593224	10.779302795924076	8	8	0.2374337079054677	-9.79318464566598	8	8	0.09940565131042084	-16.34923414752727	7	7
PIK3R3	0.96277950935114	-3.553405402545975	5	5	0.49387767475606503	2.4309749349579506	4	4	0.29535725760161435	-6.0970828900016265	4	4	0.7663400909455875	-4.271988544426147	2	2
PIK3R4	0.6474368805806119	-4.610519815584392	5	5	0.1943441307883782	7.308120234851458	3	3	0.8342231904643367	-2.5896423384262435	4	4	0.6010295810233537	-8.694793645426426	3	3
PIK3R5	0.6996659004127382	-4.409940591238606	5	5	0.06882610353814839	12.156511389086447	4	4	0.792627135744244	-2.8610885861930786	3	3	0.05157075192027018	-15.599633431850258	4	4
PIKFYVE	0.47064198183117656	-5.421816508902485	4	4	0.11726684844511427	-1.7748685016873447	2	2	0.14370201051942216	-9.236479385406561	2	2			0	0
PIM1	0.7866508408853796	-4.919099812916973	5	5	0.16213341737765596	16.080896130267703	5	5	0.7050591166208675	-2.103835041139527	4	4	0.20476859660727664	-11.913493468666964	3	3
PIM2	0.40091604446691465	-8.61616909119344	5	5	0.17403797257492537	-1.460862962042552	2	2	0.5646180531103886	-4.508714672227426	2	2	0.24510452828522722	2.317352017967524	1	1
PIM3	0.25615044005980125	1.1420236935023702	5	5	0.872775004734877	5.708784556636252	5	5	0.3303909191537896	-6.813150980799963	5	5	0.5919255611458201	-9.226937143145923	4	4
PINK1	0.8592488606084292	-0.3022608220266397	5	5	0.39387626711133283	10.529598067534153	5	5	0.7809406056529616	-5.61369273261979	5	5	0.22078407223331742	-12.687640786230288	4	4
PIP	0.8425318555109911	-4.880762121017255	4	4	0.2607011539482684	9.83509666980726	2	2	0.2633037389143783	3.947675521465095	3	3	0.6949175576173119	-5.705459552789215	3	3
PIP4K2A	0.40616968315166235	0.8398155369760288	5	5	0.8118516238839266	9.348864505278769	5	5	0.6083106761154167	-9.042787818746945	5	5	0.5611133531647523	-14.004187110461658	4	4
PIP4K2B	0.48393449537870303	-1.5383740499098781	5	5	0.6588174378980718	3.1505790406578082	4	4	0.4625005982091511	-5.641733571215167	4	4	0.8033789009698898	-4.843972476040559	2	2
PIP4K2C	0.46852751360493294	-8.653132005246656	5	5	0.07391222491585579	-1.934603960767003	2	2	0.9383660151582645	-1.0350889183419991	3	3	0.8158285203497877	-0.2999306033799427	2	2
PIP5K1A	0.026121015922419614	-9.85551390801047	5	5	0.394569074237351	9.659442076312063	1	1	0.8099226667684761	0.16408656206840178	2	2	0.9168443588408726	-8.096916966438048	2	2
PIP5K1B	0.8300299660958327	-5.713879180592623	5	5	0.2832256015084008	1.002083779900401	3	3	0.4100564220480213	4.2015093784870166	4	4	0.09827306500665496	-0.7360851814787933	4	4
PIP5K1C	0.507551045576488	-3.5942448456588525	5	5	0.19181429298566155	10.231058763280169	4	4	0.7476089493407241	-2.4567825513335286	5	5	0.48123821910398257	-15.593759517164402	5	5
PIP5KL1	0.5035733777282381	-4.140224734604273	5	5	0.07815699626830327	16.598323352313376	5	5	0.22752944245882456	4.025127537929404	4	4	0.23512131624291788	-13.067588613892255	5	5
PIPOX	0.3395294549007052	-8.155829026488457	5	5	0.4194790066791383	-0.915691977098934	2	2	0.01695739637426631	10.03872444506249	5	5	0.004407315017982189	3.091505438234577	5	5
PISD	0.5375829194513126	-9.006069097798987	10	10	0.3882069054856132	8.289209952865313	6	6	0.09920985334568494	-9.636544687179404	5	5	0.33334265231380633	-9.073870896448502	3	3
PITPNA	0.9472037391567342	-2.2886063575850217	4	4	0.8196062304539233	5.375115096139985	4	4	0.05851045217829709	-9.610101140977848	3	3	0.09616912006818926	-20.364817911356774	1	1
PKDCC	0.7486354337397085	-2.6070784602909707	5	5	0.9651679075663795	5.6742012532478086	4	4	0.5656771481174789	0.645928701198949	4	4	0.9146227418967077	-4.687668732760829	4	4
PKIA	0.7770952342274552	-2.928204084230605	5	5	0.22326506560671733	-1.3460442042250662	4	4	0.2524552196544402	-6.495932276703685	4	4	0.4847140862230581	1.0590934884310608	2	2
PKIB	0.0646848815654939	-9.578122134196548	9	9	0.19181429298566155	13.113394827260572	4	4	0.030658579905430985	10.631803732731436	7	7	0.7901052908010107	-9.82207412731072	7	7
PKIG	0.8641386124550783	-4.949482735767171	5	5	0.5328674030898859	6.106637169837444	3	3	0.5271790565530909	1.7795919764426575	4	4	0.7137909585758364	-8.018630060532326	4	4
PKLR	0.963862204929076	-0.3409719513626775	4	4	0.3151873523507621	7.422190246665363	4	4	0.44323425304160013	-2.606824990581529	5	5	0.28372586387635934	-12.09846762592098	3	3
PKM	0.9944930611430002	-8.720231521466651	9	9	0.2964314500884381	15.683013108255317	6	6	0.8649926026441711	3.6507187771524965	6	6	0.4369250736319733	-16.378189537195457	7	7
PKMYT1	0.8918825346845328	-4.015440717990696	4	4	0.2193571242281409	-1.3915053914169002	2	2	0.7182575245702487	-4.262418473684288	2	2	0.30509026155766494	2.086118442347882	1	1
PKN1	0.7225367342472866	-9.073740893389123	10	10	0.3806360092922555	1.9307092872213865	7	7	0.8385201283629585	-5.221197178165599	7	7	0.2158727325054437	-1.4147113352664213	5	5
PKN2	0.06151895647612261	-9.403652306685018	5	5	0.38379122709431224	9.71597514445919	1	1	0.994949724740418	-0.19114389507174678	2	2	0.9551661367621639	-8.272641024311337	2	2
PKN3	0.7251759389949729	-2.6080657706952395	5	5	0.6378839758062542	4.845945783574072	4	4	0.7722437277315011	0.10465849736944806	4	4	0.5919255611458201	-4.5829716879310425	4	4
PLA2G1B	0.6364263044841747	-7.708752352244034	10	10	0.19403444557865612	17.27206781251557	9	9	0.5268673770822538	-2.7832556674492834	8	8	0.18582931608502706	-15.69831326129141	6	6
PLA2G2D	0.5565387849780812	-7.546638073408251	5	5	0.5951993019223474	-0.6687396679273414	2	2	0.722073372123303	0.2977267940757529	3	3	0.2441939625495273	1.8106111623385814	2	2
PLA2G2E	0.3686013573598539	-2.259715791042652	5	5	0.3851007357897961	1.5546478338872902	4	4	0.04367642922686525	-11.055627452840204	4	4	0.5362947692730948	-8.68351276212362	2	2
PLA2G7	0.1686201336414327	0.798362058411403	4	4	0.4696972903564819	1.9550328887733877	4	4	0.2451469386836026	-8.839092089197685	4	4	0.8913979296231909	-7.9166323093009305	2	2
PLAU	0.796238686445729	-3.3875363624781243	5	5	0.8045521659197685	2.31050974532929	4	4	0.5717176192435998	-5.094595179840607	4	4	0.717787285813544	-4.455391146606942	2	2
PLAUR	0.35874312396687147	-6.152652008380779	5	5	0.7402807379176981	2.6246351685514067	3	3	0.6243342099193211	0.513512389300002	3	3	0.5476011867063071	-1.9527255103486745	3	3
PLCL1	0.4132379922438272	-2.0768378194633637	5	5	0.39147958033555574	13.009082034398979	5	5	0.28120672604815256	-6.6505339682764415	4	4	0.07737299867277905	-16.617012596356364	4	4
PLEKHA1	0.42037863746455084	0.3904820412481442	5	5	0.7259146806302323	7.447355003948321	5	5	0.27460915319047696	1.8983415982563592	5	5	0.7627677930276173	-5.735251374218634	5	5
PLEKHA4	0.6340799561146289	-5.037761318565599	5	5	0.05528841893335589	13.353926266547782	4	4	0.602370769553958	-0.02646778860342014	4	4	0.281662634769156	-15.634174557651514	5	5
PLIN3	0.48393449537870303	-1.6954765363554187	5	5	0.9574341219700276	5.615816390908438	4	4	0.3799543126030084	0.8851463682564691	5	5	0.34028579875010123	-4.150233444701662	4	4
PLK1			0	0	0.13433593034927574	18.677048014199116	1	1			0	0	0.10563348227890615	-19.594127748007764	1	1
PLK2	0.6536995678775579	-8.752412825262555	9	9	0.7461123039300518	16.28013486436433	7	7	0.08977127696480663	-10.381500561913667	6	6	0.07981101478978106	-12.73389562513075	3	3
PLK3	0.6654235908170907	-7.037398574053175	5	5	0.01860776285343201	15.102591151403443	4	4	0.139017237208305	4.112320679101751	3	3	0.23117750652268587	-16.27197818061803	5	5
PLK4			0	0			0	0			0	0			0	0
PLOD1	0.2973166090763525	-9.860846350088465	5	5	0.8522049025367457	4.477092604045059	2	2	0.26752395380466343	7.095206525285486	4	4	0.7995594125507082	-2.6075138170486816	4	4
PLOD2	0.26404969238256526	-1.9225169713380774	5	5	0.8880969855271847	6.094813457860418	4	4	0.12447336861214064	-9.791308748510382	4	4	0.15514939607263561	-13.818059946378494	2	2
PLOD3	0.9380058413771041	-2.7427297656825123	5	5	0.47568033659075204	6.784505245583264	4	4	0.23097872559102595	1.4909524738762936	4	4	0.8082903871016894	-5.280160172318974	4	4
PMP2	0.3031222883256742	-8.194856532750753	5	5	0.4750045753332912	-1.339129130442867	1	1	0.2906222219976027	3.6029625158597973	3	3	0.03606249017540725	2.8872861956098532	2	2
PMVK	0.014598782778755611	-8.975266967825247	5	5	0.12931924184002297	18.939084360469835	1	1			0	0	0.11582216212918461	-19.27120159355733	1	1
PNCK	0.5482166560638387	0.5037624221336446	5	5	0.40844054685482256	9.106841722813273	5	5	0.4527416801848736	-6.552588076372764	5	5	0.2048828143662026	-15.702350606583552	5	5
PNKP	0.4275912420825324	-2.07587743513959	5	5	0.763541077765586	5.355767540970085	4	4	0.006513443231951707	-10.769035143794547	4	4	0.04910048240756749	-18.58408096275415	2	2
PNLIP	0.40616968315166235	-5.856839635669957	5	5	0.9775890450594203	0.2932923386813278	3	3	0.45172201705006254	0.6195917443662096	4	4	0.44052455086533027	1.0580728092155791	3	3
PNLIPRP2	0.527684126430728	-4.043546617884498	5	5	0.7231833113381831	9.129924994060637	4	4	0.22074136354292528	3.9561872206794213	4	4	0.4938556820453808	-7.394245755494116	5	5
PNMT	0.8348846336771245	-8.167690982009738	5	5	0.7487826623978457	5.293403829823406	3	3	0.4485871671034867	-3.6963706857653853	3	3	0.8534450846924276	-8.491410579555401	2	2
PNP	0.7866508408853796	-4.326952982852732	5	5	0.6588174378980718	9.72374855762045	4	4	0.9712150561015795	-1.8799262922972793	3	3	0.6804051243092235	-11.45868480177191	4	4
PNPO	0.5523700282837086	-4.403015256343255	5	5	0.9955172430739164	5.666187160161883	3	3	0.46732211144039093	-3.3319613735716698	3	3	0.28543489400435684	-9.711971491352884	2	2
POMC	0.19883850112586332	-7.877681448925135	5	5	0.08152156400709727	15.88035424418833	4	4	0.7846914046475043	0.12839921495959375	3	3	0.10295075886652041	-16.071979092425337	4	4
PON1	0.7228436464328425	-4.696916639596483	5	5	0.5477323952642674	6.140895678094043	3	3	0.14460887434061637	-4.418272749069241	3	3	0.30017237238335026	-10.760348642007859	2	2
POR	0.4956676860067398	-6.2592537789398515	5	5	0.6652969764541896	5.863069168249069	3	3	0.5900207022844324	3.3654921282521517	4	4	0.6639393382542758	-5.763379887983182	4	4
PPA1	0.930568323705973	-4.202550180847163	4	4	0.3255050129228344	6.485281739883473	3	3	0.33282845588159593	1.2447730874325913	2	2	0.6566938352336994	-5.660825287274264	3	3
PPAP2A	0.23344325025643253	-7.419399727016777	5	5	0.624085750132112	7.384469121775747	4	4	0.7927636242635618	-2.7260525618328972	4	4	0.8158285203497877	-4.138872591538368	2	2
PPAP2B	0.28034805350438863	-2.020749527923715	5	5	0.04012466854176352	-1.8428328116071413	4	4	0.8956952855414111	-2.848873734690607	5	5	0.04141112628170437	2.3508356015780603	3	3
PPAP2C	0.07068033219157666	-9.347125994018556	5	5	0.46874481191669715	5.16129422539506	2	2	0.5812389335291523	0.9357069767741918	3	3	0.7290157405670528	-5.2679609981732956	3	3
PPARD	0.015109748863243847	2.332098564522665	5	5	0.09739619978343289	1.554925899461668	5	5	0.13420304895801197	-9.557237272852975	5	5	0.8197190427081433	-7.708333971416468	1	1
PPAT	0.2214632213504545	-1.423611752905211	5	5	0.3958101835191862	1.1609072587052491	4	4	0.10794205403446902	-10.01895491537369	4	4	0.9041088338302047	-6.720567211973038	2	2
PPBP	0.44593486713607366	-4.236363111630237	5	5	0.3294194401213737	12.602412938155789	4	4	0.37249996469996505	-5.897957647209786	3	3	0.11978218845956178	-14.544973790616181	3	3
PPCDC	0.2857956693501751	-9.07481354345984	10	10	0.18165348837644624	13.885554454419855	6	6	0.7969942456652097	-3.1352323049577127	7	7	0.11886650113434533	-13.111902866409602	5	5
PPEF1	0.5649220302157778	-8.412916166792295	5	5	0.7830870879699032	5.430440732445734	3	3	0.22185235929421576	-5.371770467651576	2	2	0.43594688289199346	-8.975498571844977	2	2
PPEF2	0.9727003950388569	-8.016502066545188	5	5	0.9149886544649928	5.373031255488256	3	3	0.4625005982091511	3.4538460859400613	4	4	0.8959888013798673	-2.231131101249122	3	3
PPFIA1	0.47619685679962376	-1.8336340838268814	5	5	0.7014821047278834	2.7643999783053332	4	4	0.13344828854957755	-8.729936701750349	4	4	0.46486056438592327	-8.546465010043068	2	2
PPFIA2	0.5233072690015422	-9.080954936408697	10	10	0.6112653542980695	13.714096471155448	6	6	0.7256655637195224	-3.827931581550617	6	6	0.8082903871016894	-9.252275099094694	4	4
PPFIA3	0.89084436761911	-9.207528855152743	10	10	0.6848701234061378	9.155460242362427	6	6	0.3677178450936275	-3.0430847347319276	6	6	0.5731285292641912	-11.753931080048602	5	5
PPFIA4	0.22620127005020796	-8.221937583718356	5	5	0.6013188402665999	6.824681095479607	3	3	0.12323900978559559	4.954888867891134	3	3	0.328979664361046	-4.235171082501243	4	4
PPIA	0.96277950935114	-2.661072004810654	5	5	0.907294426844377	6.914687770564548	4	4	0.5596674997425853	-1.190244828038662	4	4	0.8753424576431064	-5.034087053328088	3	3
PPIB	0.527684126430728	-5.227409006674042	5	5	0.22697512815355514	9.648411651264624	4	4	0.676575974673378	-2.477232906271283	5	5	0.7306965808687735	-9.306479364131404	4	4
PPIC	0.9578211305664799	-2.66848897470588	5	5	0.13889768053346235	10.429484425915453	4	4	0.5656771481174789	-1.4236394892172177	4	4	0.18483545275320257	-10.702144303547866	4	4
PPIF	0.5890557509175482	-4.884961953408928	4	4	0.4772562745439488	5.252854077700518	2	2	0.5260452095634913	-3.3014338562090866	3	3	0.9807772245834527	-8.34750044206977	2	2
PPIG	0.34849276148338804	-0.0632092989360536	4	4	0.412207644131664	-0.319421060630936	4	4	0.7017544655038145	-5.334330253003849	4	4	0.09640835542469206	2.342545333337597	2	2
PPIH	0.10911230378190499	-8.33790609239029	5	5	0.25223682424509153	11.25241709592256	1	1	0.8643025237183513	0.03770902260487219	2	2	0.9168443588408726	-8.81192260607503	2	2
PPM1A	0.8985023658099028	-2.931005100893364	5	5	0.6588174378980718	2.420650526452445	4	4	0.9609333486573387	-2.1726988420279882	4	4	0.19111042344724594	-1.0664835710157845	3	3
PPM1B	0.7723299480302798	-2.960310698203785	5	5	0.3657068086883736	12.499989019600656	5	5	0.9751334888782764	-2.602392996401584	4	4	0.5164030871103127	-11.804143297575216	4	4
PPM1D	0.05859857157026315	-8.450628744915404	3	3			0	0	0.10429451704937846	10.888945535710187	1	1	0.25448142450805056	2.283102456014614	1	1
PPM1E	0.8543645009799363	-3.1800710331874984	5	5	0.03919179067258116	10.784152631252724	4	4	0.3207069550416173	-7.840971808036097	4	4	0.016994668148383563	-18.466808841015236	4	4
PPM1F	0.02371343639174147	2.125073377483169	5	5	0.03431299545290945	1.3374850579176918	5	5	0.07977583778744303	-9.99183737639995	5	5	0.8283248036226699	-7.452136347385799	2	2
PPM1G	0.3832356392321937	-7.8455071984129034	9	9	0.3882069054856132	6.246097517345824	6	6	0.7107677943954904	-2.910501100920625	7	7	0.975919655713715	-8.531315465677196	5	5
PPM1L	0.9975177373139092	-3.432198164233147	5	5	0.36937250044404735	10.232840849782457	4	4	0.25255894485902053	2.0849222389827706	5	5	0.9598769235567685	-11.301938644971358	5	5
PPM1M	0.1779515858761347	1.3753938881000556	5	5	0.69369571088023	9.411062336058004	5	5	0.870610354342453	-2.691702099266891	5	5	0.6804051243092235	-9.120719372086901	4	4
PPME1	0.6120827118982823	-2.3252603101958886	5	5	0.3105344656759489	1.969702130906929	4	4	0.03923513193283982	-9.803099221328342	4	4	0.2782527139138412	-9.489662933374223	2	2
PPP1CA	0.08646280167256254	-9.319737887937496	10	10	0.08663280652507763	17.499417019844365	7	7	0.13189120666692924	2.9833516396881774	7	7	0.49904276165076633	-12.381974223215876	7	7
PPP1CB	0.07959309026650718	-8.203839372412387	4	4			0	0			0	0			0	0
PPP1CC	0.12430065606518115	-8.158305910199802	4	4	0.41666679443437127	9.51751871038603	1	1	0.06275485514248973	6.881642153652803	3	3	0.38108884120282016	-1.4651493646154687	3	3
PPP1R10	0.043598906435974326	-8.688661784264555	4	4	0.10221247318357417	19.54031751198279	1	1	0.06365626519931158	9.669477086900587	2	2	0.5685171857750244	-4.616926660162381	2	2
PPP1R11	0.8155055567710212	-8.191591908171072	5	5	0.5210548533507869	3.205590677422733	2	2	0.17355506522692143	-5.500327465824414	2	2	0.6322208389509509	-8.998068639025487	1	1
PPP1R12A	0.730068748824032	-1.3180990386629814	4	4	0.7984851849034864	0.21090787793615418	2	2	0.29630595886746547	-8.044572537878027	2	2			0	0
PPP1R12B	0.2191210480551573	1.069004857941807	5	5	0.7718364652671661	3.0190334258876477	5	5	0.8394391855927853	-2.240091579614589	5	5	0.6721525719831534	-2.0760298494035325	4	4
PPP1R12C	0.12356652832987937	1.4104783349937797	5	5	0.002484305297887349	-2.4917035790913507	5	5	0.15152455261749767	-7.5259993316540585	5	5	0.09425928309681748	1.9943284136264505	3	3
PPP1R13B	0.7298480599090271	-2.3460734804608485	5	5	0.7086898561580807	5.529906922641328	4	4	0.8342231904643367	-2.8930792494269113	4	4	0.7586789345893772	-4.776420319883563	3	3
PPP1R14A	0.9231688549796025	-2.2888947586996387	5	5	0.3851007357897961	9.31234417135235	4	4	0.725001421612616	0.33753146220523744	4	4	0.6314964443859747	-9.395439168505936	4	4
PPP1R14C	0.4026627652415692	0.33751774643745597	5	5	0.469821252036388	2.2878240111451444	5	5	0.4919013310269478	-5.989950790525051	5	5	0.9684931454948266	-5.501772280792604	4	4
PPP1R14D	0.8985023658099028	-4.155487538676706	5	5	0.8705722637434026	3.32397623888016	3	3	0.32946384672574525	-3.5233611235212003	4	4	0.9296012604540266	-8.22028018495319	2	2
PPP1R15B	0.9389294288717301	-4.338447335139322	3	3	0.4394782542048904	9.421316180499232	1	1	0.7946632704491892	-0.43122772286703154	1	1	0.4119522845987731	-9.694228305092683	1	1
PPP1R16B	0.6973630741906693	-5.00532698847695	5	5	0.3540499420404086	12.9043984417939	4	4	0.8902078449824304	-2.565051995829053	4	4	0.5019209615503581	-14.581846234335645	4	4
PPP1R1A	0.9975177373139092	-2.0973812502506615	5	5	0.7086898561580807	2.1903882995787516	4	4	0.6823969143331896	-2.399892005703265	5	5	0.289638945955366	-1.130655479492294	3	3
PPP1R1B	0.5973302001727812	-2.080728193383636	3	3	0.5210548533507869	2.904055007024271	2	2	0.14720251710714832	-6.092514826886331	2	2	0.41726130670800565	-8.83825423563702	2	2
PPP1R1C	0.7866508408853796	-8.64475778990945	5	5	0.3255050129228344	4.231148237738275	3	3	0.4242835370523418	-3.7072304963261744	3	3	0.6816361813814648	-8.733705831671939	1	1
PPP1R2	0.9677393280591112	-5.4031562119453165	5	5	0.9507207862589255	5.509927643012024	3	3	0.8085624237885212	-2.9533705572840767	3	3	0.4641144340452932	-8.30391269210314	3	3
PPP1R21	0.09782989559609034	1.3086690328469894	4	4	0.47568033659075204	5.191304345153454	4	4	0.07561365874600354	-8.929793067770596	4	4	0.23774939943037998	-12.098991847390971	2	2
PPP1R26	0.9330575303574289	-2.8788695429339017	5	5	0.7524653116266203	2.437308793537809	4	4	0.602370769553958	-2.226846892554283	4	4	0.3601334303089583	-1.2647619875207168	3	3
PPP1R32	0.5607228211458366	-2.3001815759371254	5	5	0.34903297160981595	1.8624199459281332	4	4	0.621110844245458	-5.840819228204538	4	4	0.7663400909455875	-3.488056124887298	2	2
PPP1R37	0.03974295375611534	-9.072200200967286	5	5	0.2548967824360582	9.415672119446048	2	2	0.010453914792165366	10.197462316178663	4	4	0.35183790419360206	-1.5018163656681445	4	4
PPP1R3A	0.669951034500902	-5.5345775564218584	5	5	0.8178185521799152	3.2127534133904874	3	3	0.32991804184430973	1.1116202562089255	3	3	0.5919630370991488	-1.9428175589079804	3	3
PPP1R3B	0.4275912420825324	-1.754240921347544	5	5	0.25015966799340983	2.100221378931066	4	4	0.5328090632647803	-3.9043127938363327	5	5	0.5519620907800442	-1.9211886181272053	3	3
PPP1R3C	0.35226395930353005	-9.472710152561412	5	5	0.7917324428554311	8.564425601860707	3	3	0.19882247793074204	-5.752378603562144	2	2	0.1416254261139241	-14.058622069095044	2	2
PPP1R3D	0.019556143863776063	2.2706524145345766	3	3	0.7830870879699032	2.519572236718601	3	3	0.4242835370523418	-3.378144371603146	3	3	0.9041088338302047	-3.7680814492005688	2	2
PPP1R3E	0.06131735834181933	-4.024047480953196	10	10	0.4305934326789028	12.631843406928759	9	9	0.08421324027177396	-10.576679310740426	9	9	0.4445620314893828	-18.35364867820879	6	6
PPP1R3F	0.9776625184939425	-3.076120690792522	5	5	0.06335436355664609	14.351048594143629	5	5	0.5656771481174789	-5.141552662675711	4	4	0.07169854049282184	-19.054684404297262	5	5
PPP1R3G	0.7675732327331709	-2.4578709153858376	5	5	0.5768455670526036	6.253892189941628	4	4	0.8761489057087332	-2.893460532284603	4	4	0.6949175576173119	-5.530459158604086	3	3
PPP1R42	0.1515155878408579	-9.12230832155783	5	5	0.21677880214574896	-1.278585169787445	2	2	0.634985296512836	0.898866506181988	2	2	0.1030180418608657	2.3357672742430147	2	2
PPP1R7	0.9925533080407308	-3.1004406463787393	5	5	0.47268337385545556	-0.42711539717110664	4	4	0.8691337795055548	-2.4021494269763024	4	4	0.18671009585887266	1.5349180894561474	3	3
PPP1R8	0.5890557509175482	-7.878091911232797	4	4	0.41666679443437127	-1.4730512827858675	1	1	0.26965338265067096	-9.727642792116097	1	1			0	0
PPP1R9A	0.7914408197717095	-1.91328281697313	5	5	0.6620211897545752	9.244071682254093	5	5	0.5184887870266476	-5.60908642325309	4	4	0.523724542072301	-11.542229498280777	4	4
PPP1R9B	0.8494857165073755	-0.3240782107360632	5	5	0.6557559905733703	-0.37043265964309197	5	5	0.8270380554187919	-5.429133987490453	5	5	0.09425928309681748	1.9902352134359376	3	3
PPP2CA	0.10562387285437377	-8.838154423233792	2	2			0	0			0	0			0	0
PPP2CB	0.1779515858761347	-9.936127889707663	5	5	0.7043077228248902	4.8987289798421365	2	2	0.8730367560563529	-2.337484581134754	3	3	0.6939180138575417	-8.207882561292385	2	2
PPP2R1A	0.48439611936308813	-9.660871275020222	10	10	0.39147958033555574	4.392619667657715	5	5	0.458337839889718	0.8257484447155408	6	6	0.1286863568197103	-3.909933471295742	5	5
PPP2R1B	0.09790741945399395	-8.972994221716336	5	5	0.3310647428991468	8.726365440576236	3	3	0.04461386226245392	7.721222270168984	4	4	0.27614361519134034	-4.451375085485654	4	4
PPP2R2A	0.00720789089496592	-9.599896201024185	4	4			0	0	0.27751785294316944	8.18199251061042	1	1	0.3864659528883494	1.8994912398211543	1	1
PPP2R2B	0.7521085384070916	-8.259248182355352	10	10	0.8187248347042858	7.7805673113173155	7	7	0.767126455026218	-2.9438639620598734	8	8	0.9919721351064192	-8.651287703024467	5	5
PPP2R2C	0.9034285996445213	-0.25449689698281003	5	5	0.5134194887209047	11.013702681393232	5	5	0.10250994682425188	-9.724361051961406	5	5	0.037653305784820124	-14.08138128541863	3	3
PPP2R2D	0.1500415842975782	1.9498377133750449	4	4	0.9961285525583008	9.208922990288029	4	4	0.11830228755328626	-6.679749188109569	3	3	0.15042515544199686	-12.18541956340011	3	3
PPP2R3A	0.6973630741906693	0.4058677342135025	5	5	0.24785860919907887	10.29872284003821	5	5	0.5019677595485061	-5.593381200073872	5	5	0.07999423865097266	-15.809078161822333	5	5
PPP2R3B	0.8106778782225714	-3.2792361431445447	5	5	0.9574341219700276	5.553737055227654	4	4	0.24121115160194562	1.1078532660244684	5	5	0.7995594125507082	-4.691546103757976	4	4
PPP2R4	0.3557070740729673	-5.8453718057565025	4	4	0.46874481191669715	3.1684406506962493	2	2	0.7952382421943568	0.2624153655642718	2	2	0.4265444338667359	-2.7477096868583963	2	2
PPP2R5A	0.35874312396687147	-1.1005447798091155	5	5	0.8347270723817914	6.407203085321861	4	4	0.8065247000992642	-2.1489134333330893	4	4	0.7908534206355673	-8.41465251999598	4	4
PPP2R5B	0.06402136231330165	0.04455699647583374	9	9	0.3102410960380755	9.609954432551277	8	8	0.05138372289375102	-9.823080406464094	8	8	0.2913486593404222	-15.30001003243756	4	4
PPP2R5C	0.21679671506137854	-7.593815105516249	5	5	0.6739103183496755	-0.5327575289101354	1	1	0.39389466003859375	-8.787349038240365	1	1			0	0
PPP2R5E	0.6077240764305656	-2.1814404791624544	5	5	0.37963088456346916	12.476633706791487	5	5	0.39504049271710706	1.0528443924041972	4	4	0.9839450828731499	-10.849603791381199	5	5
PPP3CA	0.8592488606084292	-2.2142494023915287	5	5	0.9207070195028259	9.061882354370017	5	5	0.09583275600791037	-10.089324918518574	4	4	0.1030180418608657	-14.354093274504216	2	2
PPP3CB	0.60121215361566	-5.355935892942163	5	5	0.8971822732805895	2.6776127574166346	3	3	0.2503308729813344	1.5854106649292916	3	3	0.1579837253808719	-0.9338864942137608	3	3
PPP3CC	0.09235894266406472	-8.83504524393818	5	5	0.0341656482971298	15.838592392136144	3	3	0.7088151928562435	2.736822513875232	2	2	0.03418963641293068	-13.547526895306484	3	3
PPP3R1	0.5399564771635108	0.5342777728683534	5	5	0.5825585145207126	1.4760147070010052	5	5	0.676575974673378	-4.8008243208680055	5	5	0.4328167340199195	-1.3910617297014334	3	3
PPP4C	0.8863747640524481	-4.2134822194906025	4	4	0.08085352875599792	-2.0532468471167036	2	2	0.5395888094580569	0.6104880655527957	3	3	0.08420843504034761	2.4837071700682403	2	2
PPP4R1	0.5776096057176283	-5.739727780795666	5	5	0.5377465757896365	8.937236290036434	4	4	0.5753706550950528	2.873859220961823	5	5	0.8522831759328808	-8.664271919590453	4	4
PPP5C	0.7439240790322463	-4.348272305673052	5	5	0.6982640185904311	5.787312702996142	3	3	0.6316490335744054	0.5003369141912182	3	3	0.8959888013798673	-5.128660190531343	3	3
PPP6C	0.10110322227367909	-8.817344503729386	5	5	0.2974428162363183	-1.1551824642866189	2	2	0.5993338147187515	-4.503015296996829	2	2	0.4384096229786417	1.7183065548496277	1	1
PPT1	0.30021009289674705	-5.834270278164181	5	5	0.18673218431587135	9.735984180064479	3	3	0.02690946281378728	7.9439009370833125	5	5	0.5869048553378209	-8.511827601085225	5	5
PPTC7	0.6744905006897103	-2.029625307514006	5	5	0.09413162069134327	1.2964524117838405	4	4	0.42918929250420756	-3.185962592918585	5	5	0.4847140862230581	-2.8707012678863872	2	2
PRDX2	0.9972192241481194	-2.439060311400807	4	4	0.5538749069608626	9.864524152429263	4	4	0.8085624237885212	-2.6966376112399	3	3	0.20013915317378017	-9.520759938732239	3	3
PRDX5	0.30900284273501144	-0.7481684386472504	5	5	0.6309687826646742	5.099557735805716	4	4	0.8134280553819316	-3.1271535755387965	4	4	0.8753424576431064	-5.212818328647632	3	3
PRDX6	0.35874312396687147	-2.5109363949563996	5	5	0.16970231506403877	9.71946449277525	4	4	0.5121421615109186	3.2892306417913475	5	5	0.4749959143995396	-9.564059794938833	5	5
PREP	0.9925533080407308	-4.861280352012742	5	5	0.8090992011947153	2.7332644989206885	3	3	0.7116848590927749	0.19480539963788215	4	4	0.5217971521146411	-1.7854628159465484	3	3
PRG2	0.7251759389949729	-6.435234485768519	5	5	0.23142165268800285	-0.5855141606470994	3	3	0.18183608055703193	-6.978451503070278	3	3	1.0	-1.5113134103354913	1	1
PRKAA1	0.052600004882469374	-1.3716376232481304	5	5	0.2811842069619924	12.330791625703833	5	5	0.5972374256688835	-2.8806441815958803	5	5	0.1180520446632411	-12.154581873067805	4	4
PRKAA2	0.7818689219529655	-2.6652045560194932	5	5	0.7895702283825207	6.351334458427448	4	4	0.9019838579549863	0.30610258438765237	5	5	0.9438504236420262	-9.762946180268456	5	5
PRKAB1	0.27211535133697917	-1.6641906109923423	5	5	0.1337913922757051	-1.5157768483474783	4	4	0.21083350165903247	-6.756881283492682	4	4	0.3641108545439745	1.395916489449987	2	2
PRKAB2	0.8227601372494967	-5.399642684132373	5	5	0.9507207862589255	5.038269792660377	3	3	0.430286183439199	-3.429716307825803	3	3	0.7058164680531573	-7.915916532514396	2	2
PRKACA	0.9727003950388569	-2.641808879649561	5	5	0.4895310666857753	8.31804759367188	3	3	0.9465706393513804	-0.13869829166518413	3	3	0.44546773066825107	-8.398950234776198	2	2
PRKACB	0.016456659192276134	0.02070525545254487	5	5	0.8795980919872574	5.825043606237163	5	5	0.7518818941316937	-2.8530719770981663	4	4	0.9954978743064465	-5.2841532360495655	4	4
PRKACG	0.7830625439580379	-2.8946525484420946	4	4	0.1584802287640491	8.282424546050178	3	3	0.19812902219344897	1.5367426278483471	4	4	0.459796725216709	-9.593096997997762	4	4
PRKAG1	0.873933557973914	-5.297052685724489	5	5	0.36570304873678816	-0.8058068534455695	3	3	0.20504404133744158	6.788532616453914	5	5	0.08533529501621916	2.335833409637439	5	5
PRKAG2	0.796238686445729	-8.236979919772919	5	5	0.08674711813308314	14.288877123580553	4	4	0.2344650018414225	6.653471989421386	4	4	0.9438504236420262	-10.939646311145493	5	5
PRKAG3	0.6836049221571479	-2.1096737965163226	5	5	0.46080100328701823	4.971620088636718	4	4	0.00456075064988821	-10.27122041228469	4	4	0.047280247765872405	-18.578649398443417	2	2
PRKAR1A	0.10240455753063261	1.194927569263733	5	5	0.5503342892430565	5.731621573083804	5	5	0.5862563194218978	-5.319918513473109	5	5	0.7438000152380875	-5.610152018229552	3	3
PRKAR1B	0.034415042777442555	-4.6577161597146395	10	10	0.07446136743551825	8.777552334536962	9	9	0.4690001358635132	-3.786515700512108	10	10	0.3480013154335546	-5.438273926954103	6	6
PRKAR2A	0.9578211305664799	-5.514124562077906	5	5	0.0767043039481654	15.849055201867392	5	5	0.76888768244667	-2.964762440936013	3	3	0.08352379417821744	-19.531858613163852	5	5
PRKAR2B	0.12356652832987937	-9.831276652774301	5	5	0.9944944666811336	4.148084296281406	2	2	0.7298092230405315	0.7244773250708191	3	3	0.8241261146639588	-4.803982833499588	3	3
PRKCA	0.8592488606084292	-3.7210570598537203	5	5	0.23072894549266865	10.492962471945482	4	4	0.7859069248078726	-1.8527230548169042	4	4	0.2913486593404222	-12.227796464897528	4	4
PRKCB	0.8203402492304765	-2.8484188197614526	5	5	0.7159237878916427	2.706209870204748	4	4	0.7017544655038145	-3.4013764858507716	4	4	0.7339331001497869	-2.9397546450101846	3	3
PRKCD	0.4571528016742944	-8.791747156415642	5	5	0.19051016618708416	9.666934069164238	3	3	0.9219772462611487	-0.3974614915277616	3	3	0.30017237238335026	-9.81066883527457	2	2
PRKCDBP	0.9528643831895542	-5.256210630929677	5	5	0.518209284259393	2.1061072045818694	3	3	0.553688991039264	-2.9096813488853606	4	4	0.7058164680531573	-3.512841437211387	2	2
PRKCE	0.6164551216437535	-2.2450015702895407	5	5	0.9620289754882979	12.437773258526235	5	5	0.3207069550416173	-5.920103059056673	4	4	0.4666770094381949	-15.290521709047354	4	4
PRKCG	0.6927656854662068	-4.885703669766541	5	5	0.29293943716077375	15.524216022648877	5	5	0.8691337795055548	-2.792105753511906	4	4	0.14675079824891618	-11.804100550375077	3	3
PRKCH	0.3719245441491863	-7.344790020984708	5	5	0.19823441645713302	9.725162176313455	3	3	0.6259883409337397	-3.6314348552225826	2	2	0.08922659382847777	-13.120291132019993	3	3
PRKCI	0.9677393280591112	-5.361844115754564	5	5	0.8971822732805895	5.339365936841254	3	3	0.8481522720690514	-0.5998201332616712	4	4	0.9791408671229712	-5.330792650460174	3	3
PRKCQ	0.8348846336771245	-2.892590691106165	5	5	0.9497043410641458	2.8514543048901193	4	4	0.2078982854930167	4.000894640053949	5	5	0.5196125232296148	-1.3632262374144497	5	5
PRKCZ	0.4471092911829816	-1.9298381959808255	10	10	0.6484688004222716	13.391777469850494	10	10	0.7851267709126709	-8.287520957674419	9	9	0.9027946142743986	-12.695726352787679	8	8
PRKD1	0.7298480599090271	-4.999012689002371	5	5	0.9381187332980593	7.953260457693534	4	4	0.5300924606300539	3.0620405453003214	4	4	0.872104662510732	-7.794112917140157	5	5
PRKD2	0.2694101593688162	-9.672630139128051	10	10	0.7586261369029429	8.750851755495335	5	5	0.48503945792738534	3.943195420939236	7	7	0.3769455933210937	-9.038475170606405	6	6
PRKD3	0.7628252567401973	-2.8461277563230727	5	5	0.7821079573131526	5.069253080768059	4	4	0.5127365733454055	-3.056583427831107	4	4	0.9774922380570643	-8.854824839649497	4	4
PRKDC	0.20322268399087395	-8.51800320995808	5	5	0.8739012967414189	4.24556626521522	2	2	0.4202528969014685	3.4060856527351997	4	4	0.2446274672971238	-1.285196933922095	3	3
PRKG1	0.23101121306892225	-7.895537974109978	5	5	0.13792920199366787	10.785111903369097	2	2	0.9646594006097682	-3.207538335608659	2	2	0.1696320948941079	-13.834334640704174	2	2
PRKG2	0.7818689219529655	-5.831385180690581	5	5	0.9265462741340409	5.807719951977294	4	4	0.8902078449824304	0.15307714766197064	4	4	0.8753424576431064	-2.680284301886544	3	3
PRKRA	0.2509763595296034	-1.2828032086255161	5	5	0.6658561515080483	5.255777286449081	4	4	0.1772593939610021	-6.678753129368185	4	4	0.8241261146639588	-8.091052333982608	3	3
PRKRIR	0.1462612431705856	-7.744463157370301	5	5	0.6047957847477123	8.462681350487141	2	2	0.2937115633840145	-9.538919705353411	1	1	0.10563348227890615	-19.542325317773198	1	1
PRKX	0.9875891670534	-2.475124681129229	5	5	0.7895702283825207	6.265058754573682	4	4	0.8581149213665248	-3.524215379976198	5	5	0.9167058325394901	-5.311256963203832	3	3
PRLR	0.6881795849906407	-2.1371375682142277	5	5	0.5124410706098497	1.938916849778881	4	4	0.1289001491968632	-9.405475931326189	4	4	0.4847140862230581	-8.98116178068137	2	2
PRNP	0.4422306915417815	-7.186911779533116	5	5	0.42747200249260886	-0.9251580923169449	2	2	0.76888768244667	0.1776586879801394	3	3	0.07590415546375788	2.595339976778776	2	2
PROC	0.9908218981177346	-8.213424310631945	9	9	0.1486738149749323	4.942361121904568	7	7	0.10127043478595364	-9.758466302215659	6	6	0.9325483006907843	-5.517108130321058	4	4
PRODH	0.034415042777442555	1.9075167696269173	10	10	0.20156803206366247	9.684106663576104	10	10	0.2829680637806665	-9.672556385132763	10	10	0.7382377021061715	-11.580015623619914	6	6
PROS1	0.29158573916096564	0.9169343304339316	5	5	0.6004986291119487	8.857748540764012	5	5	0.6882368101106766	-3.2519320087186254	5	5	0.8169909018016059	-11.973360698515586	5	5
PROSC	0.4385441842996197	-5.373149312336465	5	5	0.22326506560671733	12.986906031679098	4	4	0.48448206689732876	2.9210211176499286	4	4	0.739864334161866	-12.70414894198125	5	5
PROZ	0.9132920403032543	-5.292327988623701	5	5	0.10444027764270257	-1.4784955515860496	3	3	0.5753706550950528	3.643485070693755	5	5	0.2002386456587133	1.872992926728336	4	4
PRPF4B	0.5511380915643695	-6.909606144170553	1	1			0	0			0	0			0	0
PRPS1L1	0.527684126430728	-4.810388170670955	5	5	0.025937857666304093	13.263104438454802	4	4	0.1772593939610021	3.876796164244844	4	4	0.1963027212746803	-9.648169967880765	4	4
PRSS1	0.8156968578197221	-8.495956829023536	10	10	0.20314671840882237	13.207985219978971	8	8	0.6966027662484999	-2.9563130761422394	9	9	0.7244635686686405	-10.292914215954374	6	6
PRSS2	0.7937921875602246	-4.0282312510603715	4	4	0.9188397521484034	11.529134558295025	4	4	0.37249996469996505	-3.641504941227344	3	3	0.1696320948941079	-13.884711373997792	2	2
PRSS3	0.38169178275119175	-8.580635592775403	4	4	0.3104243728495618	9.467043289092839	2	2	0.11629090127633737	-10.743098263811323	1	1	0.21843721583784081	-18.110854375979542	1	1
PRSS8	0.8397456015595552	-5.1347004824650755	5	5	0.6982640185904311	5.749885546142707	3	3	0.050162950442137026	7.6563880537702715	5	5	0.33408711249686085	-4.630804184408322	5	5
PRX	0.9231688549796025	-4.069628846155476	5	5	0.4282529077397984	-0.6568843197611743	3	3	0.11659176446893467	4.0030018430898116	5	5	0.009918098817429052	3.111129403461014	4	4
PSAP	0.6744905006897103	-1.7084136467223148	5	5	0.23452667598752341	-1.1736917808891878	4	4	0.013459157328919755	-10.103139729535306	4	4			0	0
PSAT1	0.1902783136071523	1.5133946998154777	5	5	0.4283505686814554	10.628502774207995	5	5	0.9271957905751596	-3.3849757665855313	5	5	0.1963027212746803	-9.515512349099156	4	4
PSKH1	0.10911230378190499	-9.217657684374137	5	5	0.6734813344087225	7.935905551410862	3	3	0.12576696681524424	4.2409798205625	3	3	0.375677121980317	-6.98024909194632	4	4
PSKH2	0.15509756432830935	-1.8366654207474162	5	5	0.842310842686326	5.867142587003173	4	4	0.659229922639178	0.8667167898083007	5	5	0.9954978743064465	-5.113256357945001	4	4
PSPH	0.8341671901493115	-8.574390694428196	9	9	0.5023260593146306	5.684214192882314	5	5	0.35462601454418563	-6.3571902401396585	5	5	0.5919255611458201	-9.167957705356594	4	4
PSTPIP1	0.1168870824028359	-8.941479993585624	5	5	0.8956929321458129	7.719639821376027	2	2	0.5883241854428083	2.5228236351669175	3	3	0.5049486807858136	-4.858106633784054	3	3
PSTPIP2	0.9083585538730328	-5.3671672098063175	5	5	0.21239572860832112	12.420215584700292	4	4	0.7066873305402874	-3.4104994859956244	3	3	0.1180520446632411	-16.245647025465207	4	4
PTDSS1			0	0			0	0			0	0			0	0
PTDSS2	0.22382328050897649	-8.511421349769057	5	5	0.19181429298566155	16.499347120666567	4	4	0.04234824962271659	8.805704619995149	5	5	0.8641865676249286	-10.237109175420654	5	5
PTEN	0.3620106242520005	-7.7125991641721585	5	5	0.8347270723817914	11.709676288864268	4	4	0.4151361599519968	2.317946695905877	4	4	0.7735205110925591	-8.61727938957589	4	4
PTGDR	0.32098872758613173	-2.0386788028040397	5	5	0.3962813346607498	13.45071320239502	5	5	0.9254969833793705	-2.027262457329211	4	4	0.6155324084201014	-12.338799205710117	4	4
PTGER1	0.3301748442224587	-8.662278386266033	5	5	0.086603809338628	12.836212659944431	3	3	0.4666706897740691	-3.8550798189012925	2	2	0.04548181333136105	-15.411427884725404	3	3
PTGER2	0.3719245441491863	-2.0162314677123017	5	5	0.33913524261838335	-0.9680426943435959	4	4	0.6401000251036922	0.7218319082428302	4	4	0.14389599174136214	2.021929739769275	4	4
PTGER3	0.4367074874216481	-1.6816719356444978	5	5	0.07183680904449612	-1.6681844613235306	4	4	0.5717176192435998	-2.9000027116646483	4	4	0.17813478564594798	1.7507223629558386	3	3
PTGER4	0.8394584238929733	-5.947848852479702	10	10	0.7471485551416246	10.936760464786518	8	8	0.2349673893672607	-9.760957996927496	8	8	0.12126460427525626	-15.789829906627174	5	5
PTGFR	0.3984782599326401	-9.363231658619531	9	9	0.7520470321080464	9.36091114175053	5	5	0.729620553487015	-2.738352078826112	5	5	0.73919931021022	-8.460494301731428	4	4
PTGIR	0.7205140266053222	-2.3427981292756077	5	5	0.5636646120066344	5.288557218789131	4	4	0.5900207022844324	0.7527254088323311	4	4	0.40048881543364123	-4.3775162116832185	4	4
PTGIS	0.6927656854662068	-2.742498889499134	5	5	0.5124410706098497	9.457948503164745	4	4	0.7610212360436583	-1.89448478805142	3	3	0.6193480997946015	-8.462737279988206	3	3
PTGR1	0.5236251773832263	-6.007976170204283	5	5	0.6249869088273721	6.319266932812819	3	3	0.7451320327163529	0.3981663477931161	4	4	0.7046007158919422	-5.692538328516584	3	3
PTGR2	0.6881795849906407	-1.8478417597148376	5	5	0.7821079573131526	2.3240969714986366	4	4	0.17441690721184933	-7.272706459275301	4	4	0.5049486807858136	-5.911002617463494	3	3
PTGS1	0.8886618099197483	-6.73568983260883	5	5	0.44041461759139866	9.508386922364481	4	4	0.6170562246662268	-3.1044622124572996	3	3	0.3268512455657838	-9.220517150301122	3	3
PTH	0.028285969329589898	-8.829879661671358	5	5	0.13433593034927574	18.49547770899422	1	1	0.20572733651924024	9.53562946522512	1	1	0.9168443588408726	-8.156423027915503	2	2
PTH1R	0.8690335729624106	-2.9712717940489264	5	5	0.6588174378980718	-0.0044583592002960986	4	4	0.9325747039386475	-1.7117662583222908	4	4	0.3268512455657838	1.3455547049811543	3	3
PTK2	0.5236251773832263	0.20516091157273686	5	5	0.8795980919872574	5.443712638842463	5	5	0.5862567602650975	-5.8624674461028405	5	5	0.8789105686766774	-8.750743754823926	4	4
PTK2B	0.5904297515026957	-5.826352268077237	5	5	0.10206274432191033	-1.4901354357205019	3	3	0.8203459355883245	0.4228538423679309	4	4	0.10500615743814905	1.9300505293602335	3	3
PTK6	0.1729738106417832	0.5984733905121449	4	4	0.2792385652861885	2.5461289965989207	4	4	0.018940465327163356	-10.018408181787093	4	4	0.10081282887310952	-20.107852614232826	1	1
PTK7	0.5925790432464957	-4.481247480151002	5	5	0.44041461759139866	8.87704866277624	4	4	0.725001421612616	-2.095033826586069	4	4	0.41726130670800565	-8.712686134633838	2	2
PTP4A1	0.5482166560638387	-2.184878826619319	5	5	0.04719645643496288	10.756266873967881	4	4	0.5717176192435998	-6.092846117745271	4	4	0.03247226625640707	-16.510678301346864	4	4
PTP4A2	0.2602852172553368	-6.0774476156446235	4	4	0.32377447845990626	-1.2375069413429785	2	2	0.38365551295645517	1.2777790456500429	3	3	0.034661999572770046	3.057223296004639	2	2
PTP4A3	0.423975969416849	-1.9480910424767803	5	5	0.30136537035113253	1.0296313747724808	4	4	0.9254969833793705	-2.8655190717469394	4	4	0.40277651607707676	-1.0072919895546182	3	3
PTPDC1	0.6474368805806119	-3.540345620262699	5	5	0.039803466341387844	14.311150647790713	5	5	0.35877170471709874	0.8846711682231275	5	5	0.11886650113434533	-13.268163881294003	5	5
PTPLA	0.17397769204466573	-0.9741413934731901	5	5	0.4540153167223189	11.29737942576444	5	5	0.04275568650865996	-10.143679223354027	4	4	0.04516379366805567	-17.739320675835966	4	4
PTPLB	0.7509946017490784	-7.730226036592331	5	5	0.9504816381620855	4.033664913417033	2	2	0.10889522247655052	4.69388053842792	3	3	0.1229241040898199	-0.7583000315662384	3	3
PTPMT1	0.7016623060332923	-2.756437104513882	3	3	0.2910900892917013	8.749986365122174	2	2	0.3552929201360172	2.3372280550295286	1	1	0.7058164680531573	-8.329809473428515	2	2
PTPN1	0.30900284273501144	-1.6590091437478556	5	5	0.5571290120059167	2.162790200626734	4	4	0.6401000251036922	-5.7083474789623105	4	4	0.8547806205172963	-4.979376674527664	3	3
PTPN11	0.9826255065052809	-2.765385358999341	5	5	0.16083346891723704	9.831004598306	4	4	0.12224843967810232	4.975800184814763	5	5	0.975919655713715	-8.792520066598648	5	5
PTPN12	0.8918825346845328	-1.995585954345611	4	4	0.6571523066131331	2.75201280159836	3	3	0.9219772462611487	-2.1760069766854997	3	3	0.6128674230723354	-3.105976447691993	2	2
PTPN13	0.23344325025643253	0.22470889973211597	5	5	0.7259146806302323	2.9875102801252376	5	5	0.9082785869431553	0.09767147129145681	5	5	0.6873423912005008	-2.933831501015442	5	5
PTPN14	0.037979401123907595	1.7784443623492063	5	5	0.9482381314788426	6.231137464305895	5	5	0.8831381715323786	-2.8759205567936053	5	5	0.9774922380570643	-5.117667405511268	4	4
PTPN18	0.9357609904552444	-6.35353992845462	10	10	0.5765544139341039	12.790149697075263	9	9	0.9314624195828857	-3.322099547046019	10	10	0.9730367688667628	-12.334273602603426	7	7
PTPN2	0.6340799561146289	-5.066597628371576	5	5	0.39623296890775006	6.25670348786655	3	3	0.42918929250420756	3.3389737370379167	5	5	0.6507127227243644	-8.667584002085695	5	5
PTPN20B	0.622743440885912	-9.265396057739332	13	13	0.13987425358429784	6.075985063753943	8	8	0.7415177431308138	11.02209998660278	11	11	0.8582998589245512	-7.998015495994783	6	6
PTPN21	0.3395294549007052	-1.4135011102026258	5	5	0.5124410706098497	10.046811296219687	4	4	0.559222959426664	0.29289795972122445	5	5	0.9198552447733648	-12.44415847186761	5	5
PTPN22	0.9083585538730328	-7.743754061787303	5	5	0.9060795621995646	5.44790651364774	3	3	0.6243342099193211	0.4559378602875868	3	3	0.5685171857750244	-3.202581849978338	2	2
PTPN23	0.22921188224435773	0.9731121730628169	4	4	0.5187087378768453	2.2906354574661645	4	4	0.3428868132504731	-5.83664612225747	4	4	0.7586789345893772	-5.770671141397467	3	3
PTPN3	0.9528643831895542	-3.1490804396386345	5	5	0.7598437280264725	2.333758590729905	4	4	0.535943373396271	-4.80923290194922	4	4	0.9582959881692824	-4.990949797460152	3	3
PTPN4	0.1329313998455518	-1.552455243356565	5	5	0.3415923837226478	1.774645201052832	4	4	0.3428868132504731	-6.421892947128118	4	4	0.9687157558347669	-4.897906991419971	3	3
PTPN5	0.6744905006897103	-5.69830664252159	5	5	0.9729049712708331	5.169321320554509	4	4	0.38863830779782826	3.928392435684925	5	5	0.4876566540526557	-1.52454817413924	4	4
PTPN6	0.13947377694672577	1.5110214948722396	5	5	0.29293943716077375	-0.9057024127131911	5	5	0.20504404133744158	-10.46259078724626	5	5	0.21317480563693292	2.106748719991553	2	2
PTPN7	0.19883850112586332	-0.46456069092708735	5	5	0.23836847153530583	2.0005437556905847	4	4	0.38863830779782826	-3.385423790961433	5	5	0.8787148714580514	-4.139878618386078	2	2
PTPN9	0.21220138259964239	-9.203058396125696	5	5	0.34449053052481915	8.966875795700576	2	2	0.4254064936147064	4.3601133999445585	4	4	0.3879621107136858	-11.23660560958353	4	4
PTPRA	0.24866469137414604	1.2795094935416915	4	4	0.19513869580206422	1.5990599953636313	4	4	0.7586507876176383	-2.4623726350322364	4	4	0.41763748659739	-1.4173415952325141	3	3
PTPRB	0.5818663864765171	-4.139491675244069	4	4	0.16545892578291688	-1.4831070209505777	2	2	0.7182575245702487	-0.524834192470452	2	2	0.44546773066825107	1.1167771099343247	2	2
PTPRC	0.1532986196605888	-8.558220880328555	5	5	0.38379122709431224	9.71536982026276	1	1	0.44556427310592506	1.609499645474982	1	1	0.7844784035957554	-7.947554576514197	1	1
PTPRD	0.1979538387647134	-8.452265429358874	10	10	0.10094318054002652	15.69877482441886	5	5	0.5656771481174789	0.29496347377400284	4	4	0.2431512790536685	-16.259220595575968	5	5
PTPRE	0.5148362335462942	-9.177852951743855	10	10	0.883977362375458	13.815278353346251	8	8	0.6535185577021267	-3.3231714714791827	8	8	0.7803609966067903	-19.061112798063576	7	7
PTPRF	0.5115451476448174	-6.120626147276543	5	5	0.9596721613037543	5.54114582398432	3	3	0.7767779949035605	0.3217744697649982	3	3	0.9582959881692824	-5.06105575594574	3	3
PTPRG	0.9727003950388569	-2.0286883949295604	5	5	0.22326506560671733	-1.2593845799100336	4	4	0.7722437277315011	-2.1510873119982414	4	4	0.01928016620533508	2.6597543080332327	3	3
PTPRH	0.21679671506137854	-8.282058618746563	5	5	0.3838407081788807	8.642503800537078	3	3	0.5327952360633056	-3.4138537407112026	3	3	0.13732463494998964	-14.29956191042804	2	2
PTPRJ	0.5565387849780812	-2.2442367599067574	5	5	0.5023260593146306	12.99357376426103	5	5	0.9467455917978067	-0.6629916140067783	4	4	0.29537313548448685	-12.817935496595007	5	5
PTPRK	0.14502969027956714	-4.926826438820385	10	10	0.45325008044440485	10.022784473132042	8	8	0.9136218230616947	-2.7287993692456	9	9	0.5310407450687765	-14.027322314820784	8	8
PTPRM	0.47619685679962376	-5.585440539334829	5	5	0.10614428859057819	13.786110869470965	4	4	0.19665244461533082	4.263791054309632	5	5	0.755109077416879	-12.643218987456457	5	5
PTPRN	0.7617284808324545	-2.2623788911596185	4	4	0.9458411513061213	5.3637988644784755	4	4	0.7451320327163529	-2.928692598887734	4	4	0.5217971521146411	-5.823319831358437	3	3
PTPRN2	0.8106778782225714	-3.6480937142239966	5	5	0.42335965437297274	2.3944066202237644	4	4	0.8831381715323786	-1.9261552258914314	5	5	0.9056756450468624	-5.114804416533682	4	4
PTPRO	0.9749770699618964	-2.8300456297111354	4	4	0.4152680050824561	6.474214420819422	3	3	0.8065247000992642	-2.3032038521232416	4	4	0.9582959881692824	-7.895641178121058	3	3
PTPRR	0.32098872758613173	-8.7146248139752	5	5	0.35977802178558205	9.26934768060534	3	3	0.6687545346072507	0.2714865617012232	3	3	0.3641108545439745	-9.211180325417477	2	2
PTPRS	0.6836049221571479	-5.254795885249231	5	5	0.2185418330612916	7.205257113140166	3	3	0.5395888094580569	-1.0210789687720834	3	3	0.8038348087872224	-8.068020483638668	3	3
PTPRZ1	0.10774366495254802	0.5186961983971122	5	5	0.12656936935241853	-1.5407268003737749	5	5	0.0658579957498585	-10.097091389779058	5	5	0.2739766883379883	2.2553995272247658	1	1
PTS	0.13454428546031175	-8.702009231296827	5	5	0.046126129050663614	16.134496016979874	4	4	0.954780934043527	-0.9132931236354039	3	3	0.05801470445520434	-15.621366588352373	3	3
PURA	0.5347122151149928	-10.500636368121066	10	10	0.23136230137578429	10.278299418307492	7	7	0.8151469742702189	-2.3682534396606845	8	8	0.26826542083767335	-16.472254080943614	8	8
PVALB	0.7345302304297185	-3.751978297051279	5	5	0.49387767475606503	9.933491620008176	4	4	0.9928942231213321	-3.0699417330165146	4	4	0.6193480997946015	-8.6142797822163	3	3
PVR	0.5056208932240513	-5.552010494676058	4	4	0.06175075955142432	14.85026315823476	4	4	0.40076756889125	1.1005840100283313	3	3	0.39419535135427664	-14.199841461105605	4	4
PXK	0.796238686445729	-4.4281608254977165	5	5	0.28357313610865664	4.068084560020076	4	4	0.2637000380685838	-3.8320160456035395	4	4	0.3882370910564902	-4.26520007820737	3	3
PYCR1	0.96277950935114	-2.2093742272381363	5	5	0.6309687826646742	2.4033580938613928	4	4	0.8902078449824304	-2.781214237661759	4	4	0.7937376011426427	-2.1745058324423936	3	3
PYCR2	0.08423264939758848	1.2994281831424717	5	5	0.3091194451712409	9.913254683882167	5	5	0.9904908079013143	-2.3902449286348877	5	5	0.29075414980509395	-12.196744104320786	5	5
PYCRL	0.8155055567710212	-2.434383235652744	5	5	0.17581541023874803	1.1179310443141837	4	4	0.6194744728092239	-3.34874205840411	5	5	0.9374795878480127	-4.691180068898384	3	3
PYGL	0.48005717608853504	-7.266303249097991	5	5	0.2749492706105494	12.371912285886383	4	4	0.5883241854428083	0.48656144399575174	3	3	0.30787314950254463	-9.545394504431707	3	3
PYGM	0.7345302304297185	-8.940123882164606	5	5	0.48585162938057114	-0.8537026085039088	2	2	0.9958869909628559	-0.23366875001484666	3	3	0.28543489400435684	1.567695544879439	2	2
QDPR	0.17078658090328847	-8.329118336983681	4	4	0.2974428162363183	9.361598517863587	2	2	0.3350613964132042	3.368976278609228	3	3	0.9423762779843172	-3.819639585274472	2	2
QPCT	0.288748331061765	-8.780905598177396	5	5	0.21677880214574896	12.405589567367786	2	2	0.9747526697951306	-0.6050012697546849	2	2	0.33334265231380633	-11.934109160258041	3	3
QPRT	0.38575097552927373	-3.4162289302243587	9	9	0.7886205815069749	13.151581001612065	8	8	0.04987551068690675	-10.484491509800064	7	7	0.09827306500665496	-15.980949332642721	4	4
RAB5A	0.96277950935114	-4.164396505014728	5	5	0.20218135217501365	-1.4127141025706862	3	3	0.06022857530910172	7.453617984999348	5	5	0.006798181817744985	3.0284330560901846	5	5
RAB7A	0.596888496092913	-1.6933671526454097	5	5	0.9965467954619968	9.091115997093848	5	5	0.3707649456274076	-8.772793498306227	4	4	0.3268512455657838	-11.610065953496994	3	3
RAB8B	0.10110322227367909	1.320275179553267	5	5	0.6873156375072493	6.3233451317446425	5	5	0.6138813860632111	-4.03891908883845	5	5	0.5091350505836715	-7.839203863981129	4	4
RAB9A	0.088802283445378	1.0475403984453429	5	5	0.4859266291572756	9.22168127431157	5	5	0.7356007307959467	-4.964776147634219	5	5	0.3000410088139738	-14.028141823672208	5	5
RABGGTA	0.4330475902276022	-6.364221457654092	5	5	0.9944944666811336	0.6447790535591329	2	2	0.954780934043527	-1.963292926829359	3	3	0.8732478202697368	0.7270913289895873	1	1
RABGGTB	0.4875383263074118	-7.359998919897358	1	1			0	0			0	0			0	0
RAF1	0.32403203580901174	-6.998103727516394	5	5	0.8847862201858687	4.8988963205236935	2	2	0.8643025237183513	-3.248592740847551	2	2	0.7844784035957554	-7.883155340662018	1	1
RALA	0.5691363040533048	-0.11335522965405498	5	5	0.6371066499235626	10.858903153105834	5	5	0.3186852277923856	-9.21280615532083	5	5	0.07981101478978106	-12.683345286757818	3	3
RAMP1	0.8886618099197483	-2.4961277200789866	5	5	0.9111408467360205	5.4214929802404574	4	4	0.17049874419246436	4.33247393668531	5	5	0.48752491672666154	-4.592453162995919	5	5
RAMP2	0.8543645009799363	-2.270764338386457	5	5	0.3642197826147223	2.1544615761289148	4	4	0.2888137373610439	1.4940618251752686	5	5	0.11768118203776709	-3.490657377337318	5	5
RAMP3	0.7617284808324545	-3.098986256480355	4	4	0.4685963017685939	6.507660670542951	3	3	0.8085624237885212	-2.544771406743314	3	3	0.3556827490835114	-9.293036762990706	2	2
RARG	0.297319497386052	-9.305080069664902	9	9	0.9965467954619968	8.16721726200083	5	5	0.4969209614225687	3.335076591779068	5	5	0.6836887606791979	-7.639687721708316	6	6
RARRES1	0.3786264313271963	-2.5021577753266953	5	5	0.2792385652861885	1.7661755658533493	4	4	0.7356007307959467	-1.2305377120887286	5	5	0.23381448917448722	-2.434354983344827	4	4
RBKS	0.15874347860254734	-1.4938214087626525	5	5	0.046126129050663614	-2.316523548856221	4	4	0.1538043627418711	-10.818904732272008	5	5	0.1030180418608657	2.4121187132516813	2	2
RBP1	0.46471863326889606	-7.920358844920357	5	5	0.024054736876625935	15.874416337248931	4	4	0.47445614013551096	-4.7844867533661235	2	2	0.008695161482718166	-20.04698668997406	4	4
RBP3	0.5649220302157778	-1.7098661817242056	5	5	0.610418140732033	2.5431639739946985	4	4	0.5184887870266476	-6.368389583802902	4	4	0.4265444338667359	-2.8291652357106916	2	2
RCVRN	0.6385193141827058	-4.055241266110375	5	5	0.6978880808744199	5.010887151273424	4	4	0.5127365733454055	-3.730837423941613	4	4	0.6016371484058185	-4.515332069868201	2	2
RDH12	0.2748409965808293	-8.829719749459134	5	5	0.9944944666811336	4.197801432459628	2	2	0.12576696681524424	4.073424821833341	3	3	0.2446274672971238	-1.1543805481708322	3	3
RDH13	0.41936030094643106	-9.722610837770407	9	9	0.6371066499235626	10.655526029682333	5	5	0.3354369728835921	3.540436003041023	8	8	0.8624751414178392	-12.303225517674685	7	7
RDH14	0.5649220302157778	-4.50392608391972	5	5	0.731810421723722	4.965484370707819	3	3	0.9254969833793705	-0.8823277970361437	4	4	0.6472718678263668	-4.4296088143702095	3	3
RDH5	0.8886618099197483	-8.246726223899914	5	5	0.5300564845074633	-0.5093695393007209	2	2	0.021832733672819123	7.836352858148794	4	4	0.015491562448917001	2.9037561086732127	4	4
RDH8	0.5990486261178879	-8.271905262667913	5	5	0.51095919398674	8.649743907892327	3	3	0.7564457059096086	0.4437098890526155	2	2	0.6193480997946015	-9.025859368957882	3	3
RDX	0.2941583209885976	-4.138891080863249	4	4	0.8090992011947153	0.006807263342566354	3	3	0.9465706393513804	-2.6503046442051894	3	3	0.3726627233478227	1.2996241309431449	2	2
REG1A	0.12205704902943779	-8.173111372230336	5	5	0.13652475757907007	12.229869390028165	3	3	0.9444914535048781	-0.024703965757169044	2	2	0.3465732279127026	-11.830671990958242	3	3
REN	0.0853568244479483	-9.094361042320605	5	5	0.15029058382626023	-2.191491229559219	1	1	0.17355506522692143	5.874396578001916	2	2	0.04551710017366292	2.7463784520705294	2	2
RENBP	0.6385193141827058	-5.227592247800902	5	5	0.7573152357135455	2.4297338609366275	3	3	0.31978556719006135	-3.621819032810729	3	3	0.6128674230723354	-4.792517264795077	2	2
RET	0.8292556282308375	-9.10983163620867	10	10	0.2998332671130668	4.701155900520518	7	7	0.594002948500649	3.0456074770781787	8	8	0.1658100697972772	-4.025487397571711	7	7
RETSAT	0.08997536675983325	-0.4684301692847785	5	5	0.6588174378980718	5.557744230951869	4	4	0.44797363655519107	1.7291412587384165	5	5	0.4355232613216311	-7.538021925372992	5	5
RFK	0.2694082673095187	-2.3560087611266116	5	5	0.33913524261838335	1.9699906556295907	4	4	0.3036537188766514	-5.630569878304544	4	4	0.6128674230723354	-4.946670620295594	2	2
RIOK1	0.3520882193761333	-5.993254916584971	4	4			0	0	0.09685835147486752	11.162412141640905	1	1	0.18621582177912055	2.557464867649921	1	1
RIOK2			0	0			0	0			0	0			0	0
RIOK3	0.6164551216437535	-7.7632095952972255	5	5	0.9149886544649928	5.407257500026053	3	3	0.8649218977967339	0.14974271437743172	3	3	0.6852839181983256	-5.570733836749805	3	3
RIPK1	0.21841038125619328	-7.4669946738808015	10	10	0.10086462778009515	1.7972210652907474	7	7	0.6602792038376931	-4.530933892926562	8	8	0.3116720353996736	-1.4435179015415027	6	6
RIPK2	0.09503668313831788	1.4886981514687854	4	4	0.5702369356998382	6.689551672990251	4	4	0.6853174527291608	-3.1320901505912206	4	4	0.27614361519134034	-9.575290474684072	4	4
RIPK3	0.9182288703345789	-2.682191077208767	5	5	0.20363393672501906	-1.4297566866847784	4	4	0.16071322199403038	-9.298540719740322	4	4	0.5086582144193044	1.4806807536494446	1	1
RIPK4	0.144541133606292	-1.4983813903389234	5	5	0.7520470321080464	8.357940174379424	5	5	0.5432984793919298	-1.5935448516396764	5	5	0.4666770094381949	-6.942783310495471	4	4
RLBP1	0.8753759336580621	-5.325443344178819	4	4	0.518209284259393	5.0747578557204465	3	3	0.9876614100555153	-0.5001080706728244	3	3	0.8408646898041267	-4.076950850222467	2	2
RNASE2	0.519582303351257	-9.179936137517634	5	5	0.32377447845990626	-1.269330655612837	2	2	0.46732211144039093	-3.4815018383386818	3	3	0.2739766883379883	2.221136702708222	1	1
RNASE3	0.12205704902943779	-9.436269076559514	5	5	0.09911650242301573	14.180985160339986	2	2	0.7372705313059285	-0.9476910752774694	2	2	0.05463938506298668	-13.541660346146932	3	3
RNASE4	0.7914408197717095	-2.2947356944074797	5	5	0.5250157796189969	6.137519349695883	4	4	0.9680321517100092	-2.379144287429247	4	4	0.9167058325394901	-5.058153601901847	3	3
RNASEL	0.7439240790322463	-3.834711236832916	5	5	0.9961285525583008	5.322032393276212	4	4	0.3629477342227796	2.6170938834072874	5	5	0.35183790419360206	-1.618249864034884	4	4
RNGTT	0.5892272118264853	-6.6835380646907065	1	1			0	0			0	0			0	0
ROCK1	0.535849872578561	-1.455006023590071	5	5	0.674622456662455	5.2723902575408275	5	5	0.12224843967810232	-10.604179560835073	5	5	0.5362947692730948	-4.810498453804012	2	2
ROCK2	0.7392222905184969	-3.009205761842082	5	5	0.32462984430099917	10.208061404231938	4	4	0.5645810207952495	-3.055278012995688	5	5	0.09376669715848009	-15.979652203436848	4	4
ROR1	0.19883850112586332	-7.3650855072894315	5	5	0.9394967534281049	4.649391051758578	2	2	0.04461386226245392	7.095313004411679	4	4	0.04396640495361345	-0.6620350120594326	4	4
ROR2	0.8837478620129392	-8.242280384559844	5	5	0.4025186582909055	7.9444854516789265	3	3	0.7451320327163529	1.8629570388417835	4	4	0.8082903871016894	-8.074196315965644	4	4
RORA	0.96277950935114	-5.959827138015153	5	5	0.17573061690603475	-1.2768969053836934	3	3	0.9644823841418895	-2.796445655739586	4	4	0.41726130670800565	1.355847349257802	2	2
ROS1	0.8788383827548104	-5.713667033086952	5	5	0.6170528519825211	2.2665841741003714	3	3	0.39011000700525456	1.1514739874085425	4	4	0.13613921923054487	-0.8424005863888292	3	3
RPIA	0.027375108265768038	-9.616096637351765	4	4	0.07391222491585579	14.592432989783692	2	2	0.03682123518320578	7.328475872683672	3	3	0.8753424576431064	-5.162437519309757	3	3
RPS6KA1	0.5905413555029778	-8.0938045994733	10	10	0.9377842249959774	10.98259914429177	8	8	0.8983025558124575	-3.428438150431667	8	8	0.9161440249745104	-10.601572633137474	6	6
RPS6KA2	0.6744905006897103	-4.512239798539477	5	5	0.42173115071459977	2.286201861739117	3	3	0.5418266274453349	-3.5893286084298226	4	4	0.8534450846924276	-4.199642040379914	2	2
RPS6KA3	0.9281118048858265	-2.678358463508099	5	5	0.9551318744140536	9.516499984312654	5	5	0.5645810207952495	0.9638361715148326	5	5	0.6395440126355633	-5.001376039948178	4	4
RPS6KA4	0.8918825346845328	-2.451940805299509	4	4	0.44041461759139866	8.98439173842118	4	4	0.6390001006948383	0.30944925784372107	3	3	0.8170453009277164	-8.225236320409484	4	4
RPS6KA5	0.434875403172575	-5.92809391266407	5	5	0.5023260593146306	15.077739628367022	5	5	0.7116848590927749	0.6768734695416204	4	4	0.523724542072301	-12.565614602856888	4	4
RPS6KA6	0.3426850656797221	-3.074193571431666	5	5	0.5062131185383894	6.664811261114551	4	4	0.6148359736999094	-1.083200220518628	4	4	0.8789105686766774	-7.977261467868487	4	4
RPS6KB1	0.9231688549796025	-5.030398397977474	5	5	0.6943011151394684	6.181369831651792	4	4	0.9629960299111844	-2.309915729500498	3	3	0.8343169373703494	-5.009441539236738	3	3
RPS6KB2	0.23101121306892225	-7.530504397833005	5	5	0.2604357915372295	-1.7987197149820258	1	1	0.06083555551652395	9.946199248872675	4	4	0.08322361959114351	2.201658851599357	4	4
RPS6KC1	0.13133352377119864	0.9271733660330354	5	5	0.6125957104422683	10.153861365694125	5	5	0.9524810399580087	-3.1198367321960205	5	5	0.40048881543364123	-9.590273969230266	4	4
RPS6KL1	0.9975177373139092	-2.2307116414179053	5	5	0.7718364652671661	8.667120725731285	5	5	0.34642580565979253	-3.7243580709573756	5	5	0.5563406378078593	-8.524225542240709	3	3
RSL24D1			0	0			0	0			0	0			0	0
RTCA	0.7275106836547305	-4.635015910895077	5	5	0.6943011151394684	8.851817850276547	4	4	0.7790667922440223	0.3929555549435954	4	4	0.9478833410736787	-5.41090430288562	3	3
RXRA	0.7439240790322463	-4.649448847089695	5	5	0.43483297681819333	6.243499124630375	3	3	0.09132986707090514	7.102467221949014	5	5	0.23911252019675422	-4.852236702665974	5	5
RXRB	0.10371918515994678	-9.258794440526774	5	5	0.2832256015084008	8.904024238487521	3	3	0.4065719457943734	1.2821131902470282	3	3	0.9684931454948266	-11.487006375622633	4	4
RXRG	0.5523700282837086	-8.087960468159766	5	5	0.09298040817619624	12.575658843977694	3	3	0.23157995000877307	-8.874163357804818	2	2	0.01674035549309501	-18.691917261601404	3	3
RYK	0.11119093069276481	-8.928536294413528	5	5	0.08085352875599792	14.293783863161114	2	2	0.634985296512836	0.7525181671810532	2	2	0.19111042344724594	-12.092404535249484	3	3
RYR1	0.3490523316145222	-8.81451106712497	5	5	0.8413974405023548	4.351906680040389	2	2	0.050601756019248295	7.803377836266514	4	4	0.17387155307239188	-1.273947394126165	4	4
S100A1	0.12038458305896164	-7.163165335660088	10	10	0.26711113797279784	13.558027660934881	8	8	0.8614220299700642	-3.3752191354600254	8	8	0.5005052855856211	-18.761365939855462	8	8
S100A11	0.16814168572391996	0.9073971549161096	5	5	0.6125957104422683	5.806739600724955	5	5	0.9714778256351019	-2.37462104279084	5	5	0.600832625879296	-8.583986623531871	5	5
S100A12	0.696592563774683	-8.75697113756158	10	10	0.6285024030893113	13.260047159789883	7	7	0.44823905056845303	-3.2643494286071912	7	7	0.7858808682082163	-15.512440068449534	5	5
S100A13	0.7914408197717095	-6.038351060162896	5	5	0.6249869088273721	5.532121072886781	3	3	0.3507994958490671	-3.435083409137228	3	3	0.5685171857750244	-8.665195370097319	2	2
S100A2	0.434875403172575	-8.449375117944019	5	5	0.5704074343351997	7.82606066276153	3	3	0.3036537188766514	2.878946822538156	4	4	0.8483919991103628	-10.644379632543115	5	5
S100A4	0.434875403172575	0.3570552187143856	5	5	0.7194297851543845	10.642922951985812	5	5	0.35877170471709874	-8.823625800815092	5	5	0.13613921923054487	-12.227803563615774	3	3
S100A7	0.8911203808757959	-4.772349723891264	5	5	0.07655438614111913	13.307422355129033	4	4	0.41833013498192295	-5.73964964467149	3	3	0.038872316856963206	-15.821585953360227	3	3
S100B	0.8203402492304765	-2.157434507501796	5	5	0.7304678309966427	2.5314069370573207	4	4	0.3660233427803543	-8.799184041198357	4	4	0.8913979296231909	-8.583717182776303	2	2
S100G	0.7345302304297185	-5.235581482401866	5	5	0.7402807379176981	0.14691616950014522	3	3	0.21409973640643587	4.142219709196891	4	4	0.3879621107136858	0.7039892644971601	4	4
S100P	0.9083585538730328	-8.132244281283397	5	5	0.08323427312921106	16.676261696099626	4	4	0.624258545943259	3.74591553922974	4	4	0.13780737369746804	-15.629028788708851	4	4
SAA1	0.07464535688481014	-0.8985697130199483	5	5	0.11819473980441918	2.1289014427054576	4	4	0.03797986375592636	-9.50304282399329	4	4	0.5469327444768446	-8.739144858537198	2	2
SACM1L	0.10361290946835569	-9.2356379062927	4	4	0.09046775745910243	-3.20630676281084	1	1	0.921361154056468	0.06021137151026246	1	1	0.11063522407775243	3.424833732594685	1	1
SAR1B	0.48782873876722077	-2.857389655275739	5	5	0.5968850098355618	6.371416434692378	4	4	0.9538376416290342	-2.6934480797109237	4	4	0.8445356641945179	-5.229406662293024	3	3
SARS	0.4142069623865666	-6.840812346951589	2	2			0	0			0	0			0	0
SBF1	0.26404969238256526	0.4579686511068717	5	5	0.2660149264876922	1.2302267762303523	5	5	0.729620553487015	-5.927821211434917	5	5	0.38178930340783146	-3.7276730200204455	4	4
SBF2	0.8641386124550783	-5.0630276428754994	5	5	0.25015966799340983	12.818705791805277	4	4	0.7722437277315011	-2.50676632910193	4	4	0.1579837253808719	-11.968993401541768	3	3
SBK1	0.9182288703345789	-5.134861957002881	5	5	0.4520001713552888	9.39073003661329	4	4	0.16554174446348968	-6.4709848526567155	3	3	0.052917680259737004	-15.352033349672919	2	2
SBK2	0.8592488606084292	-5.006956527022237	5	5	0.5935203526495989	2.5793281673084163	3	3	0.5327952360633056	0.9369497822739782	3	3	0.3017124921160841	-1.4845663734350036	3	3
SCARB1	0.09230772499531559	1.5174052397002307	4	4	0.8499092679602628	5.752090260271068	4	4	0.47893417805677974	-6.158536580911949	4	4	0.6852839181983256	-8.299519082800023	3	3
SCGB1A1	0.37526624445561163	-8.61546057621467	5	5	0.7249049401229793	4.221511531452583	2	2	0.19504224842376872	3.8166183858057425	4	4	0.44831048010169006	-1.5364077000663052	3	3
SCLY	0.06151895647612261	1.5858643423274994	5	5	0.5825585145207126	5.270097410905739	5	5	0.2575346953964698	-6.899504597689617	5	5	0.5476011867063071	-5.959753032482389	3	3
SCMH1	0.5549680705526698	-9.081138142373563	10	10	0.9620289754882979	9.786868786482266	5	5	0.37546319737247236	3.8732344053036147	6	6	0.3416944637264241	-8.506333486003827	5	5
SCN10A	0.9776625184939425	-8.025897405173	5	5	0.1829449902983925	-1.4580887523357653	2	2	0.46102938813983785	-3.202188381407653	3	3	0.18621582177912055	2.53490114464733	1	1
SCN11A	0.05184573254422637	-8.620605613729126	5	5	0.14481922644591255	18.235156411700295	1	1			0	0	0.21002927335256394	-18.152236145508944	1	1
SCN1A	0.581868409522028	-3.8624428154299064	5	5	0.2749492706105494	13.378491514672932	4	4	0.18183608055703193	-6.0659370291187615	3	3	0.02372020213361359	-16.028674754210893	3	3
SCN1B	0.2667197221875778	-9.399778043747625	5	5	0.5856729259166228	2.910336708823563	2	2	0.4254064936147064	2.3959370520640957	4	4	0.2663128733664861	-4.293960977292253	4	4
SCN2A	0.019470090939530713	1.9487976881146742	5	5	0.07247783771791173	-1.7617115925541824	5	5	0.17805546782801218	-10.2352025199911	5	5	0.17467831277558643	1.940469318702407	2	2
SCN2B	0.5691363040533048	-4.78977549234973	5	5	0.06785659444055173	-1.7187002552723343	3	3	0.027725492106589998	-9.973606385710916	3	3			0	0
SCN3A	0.3893247347402169	-8.30792311064338	4	4	0.8525001849209676	1.484935034036031	1	1	0.18523311319628355	4.190983499031986	3	3	0.09323314516435047	2.357941656860084	2	2
SCN4A	0.32403203580901174	-8.049405121159284	5	5	0.7658774872024416	5.691508506318878	3	3	0.7767779949035605	-0.2151311353149227	3	3	0.7419352927113232	-4.574348109512008	2	2
SCN4B	0.8837478620129392	-2.1312116372915786	5	5	0.8320522559389544	9.107352273328054	5	5	0.48194424478584097	-3.2440132791298537	5	5	0.3641108545439745	-9.174417883230188	2	2
SCN5A	0.38200507622757307	-5.604228176368291	5	5	0.5187087378768453	9.112631197087182	4	4	0.3756574026796172	2.6048154014385205	5	5	0.9684931454948266	-5.603453750043246	4	4
SCN9A	0.6077240764305656	-5.165882759418813	5	5	0.1425435119118212	-1.2963661492181469	3	3	0.4736621667752884	-3.25446871572793	3	3	0.44546773066825107	1.3484575031740214	2	2
SCNN1A	0.9139631890397081	-4.85672192622483	4	4	0.33058776195779094	-1.1664750968809496	2	2	0.9043013934051304	3.066715545337878	4	4	0.08713465724162658	2.664466801130258	2	2
SCNN1B	0.3395294549007052	-5.860193018051965	5	5	0.5477323952642674	-0.598008909342223	3	3	0.6528927461773759	1.0664412536480448	4	4	0.0867926661869571	1.8247425025849882	3	3
SCNN1D	0.8874018495166647	-8.972466490386116	10	10	0.7258392565180154	10.075658025933523	6	6	0.7623699218056076	3.9063604207204095	8	8	0.7660354555943802	-9.562073669419162	6	6
SCNN1G	0.5904297515026957	-0.4650303640156023	5	5	0.9551318744140536	6.733043582001204	5	5	0.659229922639178	-6.105678372016502	5	5	0.8139648565977974	-5.494918195258854	3	3
SCPEP1	0.4956676860067398	-5.022783271195556	5	5	0.2879530485064654	12.427193734278553	4	4	0.2677293532293714	-6.153560365766777	3	3	0.14082638540874928	-18.312666731561915	4	4
SCTR	0.6385193141827058	-3.3846533417507136	5	5	0.8727855683308529	2.4184726225873523	4	4	0.7116848590927749	0.4901094460344742	4	4	0.5310988688678855	-1.7700475782792964	4	4
SCYL1	0.28034805350438863	-8.581418163703113	5	5	0.8441079932691453	5.240007426823425	3	3	0.5126775198981743	-3.4442950573336977	3	3	0.47987122370607005	-9.387148070275863	1	1
SCYL2	0.718186896774546	-5.071449903291495	5	5	0.22326506560671733	10.105063033363884	4	4	0.8730367560563529	-2.3651610595327512	3	3	0.28372586387635934	-9.213264199171581	3	3
SCYL3	0.7158624805210481	-5.115921780388914	5	5	0.8794275253645891	3.0704917561611453	3	3	0.7610212360436583	-4.627243675066293	3	3	0.6241893432561293	-8.054668317975537	2	2
SDF2	0.8886617469640903	-2.0135966844887028	5	5	0.2548967824360582	-1.1589782777057982	2	2	0.5905646150284753	-4.461602798594047	2	2	0.4119522845987731	1.8068527657556714	1	1
SDHA	0.9925533080407308	-3.4535852719787736	5	5	0.3540499420404086	10.962998039511163	4	4	0.8411815169101106	-2.816264973061078	4	4	0.3636353207574934	-13.62094741429866	4	4
SDS	0.002114022219691775	-9.69278482711611	5	5			0	0	0.21888295161037863	9.38915041825171	1	1	0.4119522845987731	1.7833073385561349	1	1
SDSL	0.7392222905184969	-5.677246710953631	5	5	0.09081427025236018	10.625898577643454	3	3	0.2831997298963884	3.792837888409249	4	4	0.47361404369612026	-10.038494621552369	4	4
SEC14L2	0.42037863746455084	0.7759799920826245	5	5	0.9965467954619968	6.094514743886527	5	5	0.920884946588816	-5.156938168952476	5	5	0.8611418352622409	-8.864458480359204	4	4
SEC14L3	0.669951034500902	-5.59268799147019	5	5	0.7191661426282003	3.342720442422524	3	3	0.49006460558956133	-2.8297878796573888	4	4	0.5905006511793904	-8.67019668967555	2	2
SEC14L4	0.30021009289674705	1.1207417743630579	5	5	0.9551318744140536	6.8878742308527166	5	5	0.7962297514982342	-4.185087281355654	5	5	0.9438504236420262	-11.782208701350134	5	5
SELE	0.4132379922438272	-8.422360771755638	5	5	0.22722499596222234	-1.4000341581274514	2	2	0.3520268998704098	4.1941039900866866	4	4	0.04478065173444176	2.3280324804405237	3	3
SELP	0.6732379294219856	-5.952407816092201	4	4	0.42747200249260886	-0.48449743970356307	2	2	0.514432631121607	-4.612670480654092	2	2	0.9636439973454611	0.15571362771017228	1	1
SEPSECS	0.0009220900281952507	-9.963673824033753	5	5			0	0			0	0			0	0
SERPINA1	0.79546296281532	-8.030625616197081	10	10	0.6806042067428211	16.590192564522813	9	9	0.30509682744995537	-10.243983598874317	8	8	0.27793649039738066	-15.81276669889796	6	6
SERPINA5	0.05387539550046721	-8.597552039907749	10	10	0.8347270723817914	5.899253482254103	4	4	0.3207069550416173	0.9654629443696608	4	4	0.17387155307239188	-4.3336965959353515	4	4
SERPINB2	0.7807208053292275	-8.370371045202448	9	9	0.6448076983070652	11.744140952092481	6	6	0.8649926026441711	-3.4250153294627754	6	6	0.8326580729827655	-12.430022719507976	5	5
SERPINB3	0.7830625439580379	-3.872322073826665	4	4	0.9686286237487493	5.385974711907822	3	3	0.18377490001187768	-9.146049774958211	2	2	0.10081282887310952	-19.859488277871048	1	1
SERPINB6	0.8397456015595552	-2.0119488646650496	5	5	0.18111143661382267	13.276981679913511	5	5	0.8831737756644958	-2.1739155570099054	4	4	0.30179243291133384	-12.518605607020715	4	4
SERPINC1	0.4723536117686937	-8.832526719322944	5	5	0.14415275867324837	16.19772547402021	4	4	0.792627135744244	0.05933248200975153	3	3	0.09685963046095863	-12.765759319243434	3	3
SERPIND1	0.12601682438810707	-1.1576879621624399	4	4	0.08868890536786328	-1.4834452619847998	3	3	0.9184251546901336	0.30078933615006703	4	4	0.2446274672971238	1.4913048217740486	3	3
SFTPA1	0.45339598408744497	-1.5351981205032992	5	5	0.3105344656759489	-0.746082469245418	4	4	0.7657358484301142	0.11523422170047744	5	5	0.5019209615503581	1.1336004839161464	4	4
SFTPD	0.9975177373139092	-5.378042025742218	5	5	0.5187087378768453	9.678548732010299	4	4	0.7996363856067255	-3.206233479325315	4	4	0.4132554870420113	-12.393005227977985	4	4
SGK1	0.36347651657758373	-9.076409412337448	9	9	0.9265462741340409	3.059334881481045	4	4	0.04683865522130836	10.953477735457797	7	7	0.25751067693572005	-4.6264416878422585	7	7
SGK2	0.48782873876722077	-7.519002167373361	5	5	0.633992445906967	7.969034936349031	2	2	0.4358236748352863	3.4262900096954385	4	4	0.7648956320274692	-7.2355027776207805	4	4
SGK223	0.7251759389949729	-1.8308062571272934	5	5	0.842310842686326	3.021295750855525	4	4	0.9467455917978067	-2.2532261598774066	4	4	0.7477340440880693	-5.445793062091429	4	4
SGK3	0.46260122987047914	-2.0896140751996963	15	15	0.8027616605443891	13.103652227125187	11	11	0.5317187559608616	-3.361904157602058	11	11	0.784075352238359	-17.86737589585132	9	9
SGK494	0.7112214573705313	-8.57090167951438	5	5	0.9175635603231023	3.9644005927361867	2	2	0.9794371405096242	-0.007156704702145689	3	3	0.9270864972393051	-5.079564004867205	3	3
SGPL1	0.8985023658099028	-3.578480915488473	5	5	0.9883860222523053	5.634038240171118	4	4	0.7586507876176383	-1.3474937310555133	4	4	0.7143319843313938	-4.820395586163509	3	3
SGPP1	0.6654235908170907	-5.44755696674918	5	5	0.4066975841122953	9.03334907117563	4	4	0.2912664936520487	3.633465546950529	4	4	0.9919721351064192	-8.441693776987469	5	5
SH3KBP1	0.8886618099197483	-2.8263073156366048	5	5	0.5702369356998382	2.8467142223365793	4	4	0.6882368101106766	-2.8978188530117728	5	5	0.7736481427740518	-5.524906342099818	3	3
SHARPIN	0.1662293769895986	0.939299418303445	5	5	0.5766345598965373	4.888497987782975	5	5	0.16803399378212314	-10.191572153115972	5	5	0.9478833410736787	-7.912922676410862	3	3
SHMT1	0.10911230378190499	1.3118116457031874	5	5	0.38434375366436746	6.050968328479596	5	5	0.7356007307959467	-5.619004879676375	5	5	0.9167058325394901	-5.00201833122427	3	3
SHMT2	0.3557070740729673	-6.048986984088349	4	4	0.633992445906967	5.018742527103822	2	2	0.7375726686487685	0.3616168648766236	3	3	0.8753424576431064	-5.7469880767232935	3	3
SHPK	0.9776625184939425	-4.978206281683505	5	5	0.49387767475606503	4.405895408671327	4	4	0.13012162274250477	7.318578330507734	5	5	0.08174356294478874	-0.5273917588740561	5	5
SI	0.024892029212801658	-0.3404675347912103	5	5	0.10719769062030662	-1.6270425712402012	4	4	0.0017455742446946065	-11.076621580810816	4	4			0	0
SIGLEC1	0.7723299480302798	-4.194186183245239	5	5	0.8004034878177372	3.2497488611225758	3	3	0.7531794170704568	-2.6643878376361063	3	3	0.5685171857750244	-4.585593695199327	2	2
SIGLEC7	0.2433527622901227	-0.9126678966170495	5	5	0.08497601604386161	-1.7839422458364222	4	4	0.5224230985758214	-3.0964777516313564	5	5	0.13732463494998964	2.146491846999008	2	2
SIGMAR1	0.048142967164156315	1.361602931276768	4	4	0.9651679075663795	3.0053751616463384	4	4	0.5127365733454055	-3.4055433204242136	4	4	0.6010295810233537	-3.5038894210954097	3	3
SIK1	0.8348846336771245	-3.150434936380389	5	5	0.47568033659075204	2.6072638337865652	4	4	0.3036537188766514	-5.980392691884398	4	4	0.5794599973297945	-4.577488949123453	2	2
SIK2	0.012928351093434761	-10.482698127443273	5	5	0.3229758070461728	10.302839039929784	1	1	0.023007047394835507	7.871533615601429	3	3	0.4641144340452932	-1.7757959839557909	3	3
SIK3	0.30605320289601023	-8.685280517678125	5	5	0.8441079932691453	5.4727343158856465	3	3	0.07124028403316254	-9.914955908431008	2	2	0.15765002101829084	-18.750016689763214	1	1
SIRPA	0.9182288703345789	-2.4984046038695085	5	5	0.23836847153530583	-1.2596670507755647	4	4	0.2852170096486085	3.8917987649228434	5	5	0.07169854049282184	1.8081888407657403	5	5
SIRPD	0.7580861874699827	-7.139479632563169	5	5	0.060929290884950846	18.71151658616262	5	5	0.6807605318261489	-4.375891082817038	2	2	0.012040319028774865	-19.410145710433753	4	4
SIRT3	0.873933557973914	-4.821611090578103	5	5	0.4481667664083513	6.163732372979617	3	3	0.6085891595427434	-2.9531937716847003	4	4	0.6379060901010708	-8.589264345397925	3	3
SKP1	0.7870291301823262	-2.760997261566137	3	3	0.8198738922225053	0.23579278572271667	2	2	0.4070021657310383	2.186279509993668	2	2	0.17467831277558643	2.108802322544533	2	2
SKP2	0.5035733777282381	-1.4715000454012204	5	5	0.07527370024516243	13.293184171689033	5	5	0.9893415150470528	-2.80367449005681	4	4	0.09290124479179207	-16.080606516878117	5	5
SLC12A1	0.28678015472663043	-6.522042374146416	10	10	0.8284394640883563	10.401942319198996	6	6	0.44528952130283095	-9.117506774109863	6	6	0.3636353207574934	-13.641401673950448	4	4
SLC12A2	0.7112214573705313	0.09949286228329805	5	5	0.07111211912609339	10.539248347169272	5	5	0.7657358484301142	0.8593145551346946	5	5	0.29075414980509395	-10.700223746010652	5	5
SLC12A3	0.7580861874699827	-2.7128892900816446	5	5	0.7746656876166776	8.613815202162087	4	4	0.8894132602842247	0.2440771400613674	5	5	0.41507796979353806	-11.685316740298957	5	5
SLC12A4	0.2828562724447534	-9.546083711612834	10	10	0.04064563894241963	-1.9587543585050486	5	5	0.7536363149294305	-2.8488540739977206	5	5	0.05157075192027018	2.5898339487478883	4	4
SLC12A5	0.673739947144733	-8.252542462547309	9	9	0.7351210919005708	11.379365475304292	7	7	0.5587937137425032	-2.1408271494786386	7	7	0.7176094836086153	-9.474575562476403	6	6
SLC12A6	0.9798098857150583	-2.954852407549535	9	9	0.245854100807972	5.220030238072216	7	7	0.26364979193350513	-9.237693944511642	6	6	0.6010295810233537	-4.833006320226771	3	3
SLC12A7	0.09602911203390911	-9.546805833441354	5	5	0.90661939510372	0.1534460339712096	2	2	0.19504224842376872	3.4395753601895205	4	4	0.11978218845956178	1.8883351920125768	3	3
SLC13A1	0.7251759389949729	-9.521153113400446	5	5	0.5032906715876146	2.0235874516989014	2	2	0.8085624237885212	2.3601360572637726	3	3	0.6010295810233537	-1.5570053713445802	3	3
SLC13A2	0.05981005177793826	-9.002230340906282	5	5	0.443721439929032	5.799103332037873	2	2	0.017624291690837183	7.9514951386290695	4	4	0.5764223405387352	-1.2783754494262578	4	4
SLC13A3	0.9975177373139092	-0.4637100471045743	5	5	0.37963088456346916	2.316671427791371	5	5	0.6307267143728799	-1.575719477456084	5	5	0.212163221831277	-4.203055483207463	5	5
SLC16A1	0.8391859530848463	-9.512440370303834	8	8	0.871666087868247	13.284806736730546	6	6	0.22781100766092233	3.316872109330132	7	7	0.27276595801410597	-19.599861010715568	5	5
SLC16A2	0.7770952342274552	-2.704899711502611	5	5	0.12443367178249157	13.15841567252741	5	5	0.4385236547660252	0.4965491142255482	5	5	0.21962872246251974	-12.503550960028278	5	5
SLC16A3	0.519582303351257	-2.3100717602448815	5	5	0.08497601604386161	-1.6019140588560223	4	4	0.19351197588547453	-6.604181159464436	4	4	0.5469327444768446	1.130446109995149	2	2
SLC16A4	0.21599672477313026	-1.1600542421717697	4	4	0.4282529077397984	2.042192274295907	3	3	0.6707742958778042	3.849024303032273	5	5	0.7046007158919422	-4.837243348833148	3	3
SLC16A5	0.5078515458210292	-4.989641305175366	4	4	0.7772466586084936	4.251052552685736	2	2	0.2633037389143783	3.801304431244283	3	3	0.21912311405978113	-0.6884918666332247	3	3
SLC16A6	0.48005717608853504	-4.672511797179367	5	5	0.8441079932691453	2.194398697273218	3	3	0.35614802093426623	-6.046211635254586	3	3	0.6016371484058185	-8.07530414585301	2	2
SLC16A7	0.7458449712726309	-5.321836360702231	4	4	0.32000636803352756	8.937744210938254	3	3	0.2218154584556069	3.5280914069894767	3	3	0.9582959881692824	-5.251337205675196	3	3
SLC16A8	0.586141830064435	-8.51322930880263	5	5	0.04179413955519606	-2.4810138712236984	2	2	0.7453629792924547	-2.884311740769057	3	3	0.4658179681935668	1.6265316201128996	1	1
SLC18A1	0.1532986196605888	-3.0917681331742735	5	5	0.8185719710363678	15.292491688978075	5	5	0.7451320327163529	-3.3672853675873884	4	4	0.2240648709700087	-11.516749778457987	3	3
SLC18A2	0.18199265668895537	1.4302182081832118	5	5	0.3611371983535192	5.504318649171528	5	5	0.17805546782801218	-9.772754776501783	5	5	0.5685171857750244	-8.663749427252485	2	2
SLC19A2	0.3426850656797221	-3.2907991961139778	5	5	0.6871474617411502	7.926668666480038	4	4	0.52427417285245	0.2866294183734703	4	4	0.9415245008787722	-7.481723649832986	4	4
SLC19A3	0.5733655329673585	-1.849389539871224	5	5	0.33425458174009104	1.9447717961748872	4	4	0.33389983867098505	-5.644965096396958	4	4	0.8283248036226699	-3.778167670848819	2	2
SLC1A1	0.8010442678464642	-5.227246888308675	5	5	0.7149683940145535	2.2117572707795827	3	3	0.7846914046475043	-2.851265282925704	3	3	0.8913979296231909	-3.308922477619234	2	2
SLC1A2	0.9404808957336753	-5.5356964122849535	5	5	0.1618235645080046	-1.223102623036756	3	3	0.19504224842376872	-9.723349330422387	4	4	1.0	-0.2953760111363426	1	1
SLC1A3	0.03367948539894835	-9.873638582029072	10	10	0.8880969855271847	8.71849303707666	4	4	0.17805546782801218	3.8904943730812835	5	5	0.5066480587419633	-8.371384818871132	5	5
SLC1A4	0.32709407601287177	0.837328004614155	5	5	0.49682726321530546	5.313001464842524	5	5	0.14158270560480063	-9.797776202254072	5	5	0.4966332316200591	-8.432943413171381	3	3
SLC1A5	0.9878339855613061	-6.6458824988710505	10	10	0.30268507288168023	15.619803781366697	9	9	0.9883047974555743	-3.6651583313508973	9	9	0.31888426239920287	-15.45780033172447	8	8
SLC1A6	0.5649220302157778	-3.1762694420351063	5	5	0.24433397481722618	13.023563212461596	5	5	0.870610354342453	-2.546204567159805	5	5	0.3670367589176605	-8.777029199437308	3	3
SLC1A7	0.9727003950388569	-2.5832540483675865	5	5	0.5834900808767327	4.515197022831801	4	4	0.6148359736999094	-3.0382658285466224	4	4	0.5091350505836715	-7.175014095383342	4	4
SLC22A11	0.9925533080407308	-5.109659733193635	5	5	0.07131213681882854	-1.4288438542365443	3	3	0.8481522720690514	0.7118692207143994	4	4	0.02140010086843865	2.9194246194172604	3	3
SLC22A4	0.706591112613975	-5.553613552349231	5	5	0.9239084394407335	5.361446298777698	3	3	0.44323425304160013	4.0059198830093665	5	5	0.6362877374589493	-8.002105731460041	5	5
SLC22A5	0.7723299480302798	-3.104913185190884	5	5	0.26650620909199285	1.840643919844443	4	4	0.7859069248078726	-0.7715964083219063	4	4	0.3460311401410645	-1.415284808806766	4	4
SLC22A6	0.144541133606292	1.793222561002338	5	5	0.5707391645317546	9.731550584143715	5	5	0.31103417812282774	-9.779373116650355	5	5	0.23418629399159607	-11.672275673597275	3	3
SLC22A8	0.8300299660958327	-7.357257587638165	5	5	0.2587777236872678	8.873415661138676	3	3	0.06469867698436356	9.456904864547138	5	5	0.8326580729827655	-5.262425960714377	5	5
SLC23A1	0.2214632213504545	-7.724179195407852	5	5	0.02221560605486282	15.747543597822862	3	3	0.13115893307196952	3.7597637500535885	4	4	0.6314964443859747	-12.46304861177609	4	4
SLC25A10	0.6429716672823821	-3.5265746473231316	5	5	0.42173115071459977	2.0841210146127938	3	3	0.8974582362475987	-0.48185262089829384	3	3	0.7937376011426427	-2.40529425523368	3	3
SLC25A12	0.42037863746455084	-5.72275837589969	5	5	0.8705722637434026	2.689730565751038	3	3	0.6170562246662268	-1.566017874379594	3	3	0.43594688289199346	-2.5980113072572513	2	2
SLC25A13	0.09116089131153296	-0.7135555294598248	5	5	0.14683681418205943	1.2350621362817709	4	4	0.14927057381833403	-4.389716125477038	5	5	0.4948105194275715	-3.006516064126033	2	2
SLC25A15	0.4956676860067398	-1.4713317249326048	5	5	0.48052522116739704	12.323814119355896	5	5	0.9335112179410558	-2.6401073006772298	5	5	0.45297359578785656	-11.762446161367896	4	4
SLC25A18	0.1532986196605888	-9.295781350012712	5	5	0.18300983774488477	12.13762219198867	3	3	0.33918684598458926	5.348906115608043	2	2	0.5611133531647523	-11.690336230297321	4	4
SLC25A2	0.9860967962476492	-5.37190603891433	4	4	0.8617331994047407	8.127197129066891	3	3	0.5327952360633056	-1.3283791412409967	3	3	0.17467831277558643	-9.897986008288264	2	2
SLC25A20	0.033216818814082116	-8.672617248495506	4	4			0	0	0.030896616553010302	10.552546923596738	2	2	0.11544681329745711	2.2387496294006795	2	2
SLC25A22	0.288748331061765	0.8517643408843579	5	5	0.3890922442519903	9.662439529056801	5	5	0.9588108368263932	-2.5752594139712013	5	5	0.31433830589940537	-12.436461200092126	5	5
SLC25A29	0.4723536117686937	-2.2409380892729795	5	5	0.6125957104422683	12.194841511053994	5	5	0.7962297514982342	0.22949372273860133	5	5	0.7306965808687735	-8.702720810773343	4	4
SLC25A4	0.4096947731568329	-1.8323854015463146	5	5	0.8045521659197685	6.068935447630314	4	4	0.8972505670990439	-2.6466040587570046	4	4	0.6472718678263668	-5.8068645356072395	3	3
SLC25A5	0.21220138259964239	-9.366639763096325	5	5	0.4895310666857753	8.032910428782849	3	3	0.6687545346072507	-3.395890289792275	3	3	0.2711945356159502	-12.85758972492399	2	2
SLC25A6	0.9046343863428883	-9.160975684465233	10	10	0.2055667676275017	13.183208586138555	8	8	0.43240654964735825	-9.92158495101912	7	7	0.06423563255550702	-19.03318851784162	7	7
SLC29A1	0.7521085384070916	-2.7077330703715035	10	10	0.0037872772656580996	13.792236080716405	10	10	0.6966027662484999	-9.007130091966191	9	9	0.004060490377193397	-18.2473337664044	9	9
SLC2A2	0.8010442678464642	-4.361940959791087	5	5	0.32000636803352756	6.231029642148367	3	3	0.6098156619444903	-4.973406686064949	3	3	0.26426000763479185	-12.021043139381279	2	2
SLC32A1	0.3554942292779245	-1.8745092582696188	5	5	0.11040838292991145	-1.5446178093303882	4	4	0.01916794080908147	-9.993786320927326	4	4			0	0
SLC36A1	0.08566614116780766	-10.077008434332804	10	10	0.7000975714835349	9.639328037167438	5	5	0.9524810399580087	-3.331097768700692	5	5	0.8611418352622409	-8.64937584052915	4	4
SLC38A3	0.18403853998222808	-1.7119452364441585	5	5	0.8499092679602628	5.097807386514745	4	4	0.7596787295692086	-3.7613083920206516	5	5	0.7995594125507082	-7.049429493592062	4	4
SLC3A1	0.5565387849780812	-5.667815130875567	5	5	0.4282529077397984	6.256080293563241	3	3	0.15546547781847547	4.240289987195003	4	4	0.8878184405588241	-5.237438563032657	4	4
SLC5A6	0.9380058413771041	-4.782069751142405	5	5	0.9961285525583008	8.089325723869964	4	4	0.5862567602650975	-3.6092520557154035	5	5	0.9895695423486784	-7.478104576633421	3	3
SLC6A1	0.7205140266053222	-5.636771367202173	5	5	0.22277660800081023	-1.022767423319572	3	3	0.2218154584556069	-6.343101491090564	3	3	0.16445942242404576	2.7070480079848434	1	1
SLC6A14	0.44965665167136804	-5.924921877936343	5	5	0.6249869088273721	5.908863018557999	3	3	0.9271957905751596	3.416252304598038	5	5	0.9954978743064465	-10.969485163573603	4	4
SLC6A2	0.9083585538730328	-2.07697537232024	5	5	0.6683101394278768	11.75048760969954	5	5	0.41087101023559025	-4.296590982636441	5	5	0.17387155307239188	-12.733145971323225	4	4
SLC6A3	0.4096947731568329	-6.507913908753419	5	5	0.371688604955844	6.609390760123446	3	3	0.9893415150470528	-2.4247536325668455	4	4	0.8959888013798673	-8.091114867372653	3	3
SLC6A4	0.7251757889159471	-2.229360319675218	5	5	0.8271586415575614	5.401151853491022	4	4	0.4623632253722679	0.27486017205037977	5	5	0.9415245008787722	-4.937795950015864	4	4
SLC6A5	0.9380058413771041	-4.945206358006028	5	5	0.2968491201447703	12.81120389354708	4	4	0.4734211612804661	-2.9736056320248743	4	4	0.08123483363026208	-15.626493927298375	4	4
SLC6A7	0.9281118048858265	-4.480913147829385	5	5	0.12786681508373268	-1.4460441066804464	3	3	0.2297142583263756	-6.182439332118129	3	3	0.9454895850192585	0.45831294062099026	1	1
SLC6A8	0.7723299480302798	-4.459150030445826	5	5	0.2749492706105494	12.173565295788748	4	4	0.2906222219976027	-6.11264906521415	3	3	0.06528598760708697	-15.089767744440215	3	3
SLC6A9	0.7298480599090271	0.21324403585302396	5	5	0.8795980919872574	3.285533017639247	5	5	0.977814219447674	-5.0170015217370105	5	5	0.47361404369612026	-4.489865756074017	4	4
SLC7A1	0.35874312396687147	-6.386233935702027	5	5	0.31456882368045913	8.861434170873004	3	3	0.09494837221736437	4.565993155622222	4	4	0.7648956320274692	-7.641953604039031	4	4
SLC7A11	0.13133352377119864	0.7098125317227963	5	5	0.10275486832148992	2.1225976180014907	5	5	0.4770071137076034	-5.6862639827437365	5	5	0.20828273094024297	-4.9454522185664205	4	4
SLC7A2	0.4422306915417815	-8.196968520279228	5	5	0.09605439285910743	15.230613856362696	4	4	0.4527416801848736	3.362573588002563	5	5	0.523724542072301	-11.722897709388668	4	4
SLC7A3	0.48005717608853504	-5.753020401390523	5	5	0.37773454538502194	2.282737908210867	3	3	0.5656771481174789	0.44068458478680544	4	4	0.44831048010169006	-1.766565259608912	3	3
SLC7A4	0.4096947731568329	-8.541443919213364	5	5	0.7065985424813297	6.171895143212087	3	3	0.49422801550963247	-4.7079814625958	2	2	0.5685171857750244	-8.632947989795191	2	2
SLC7A8	0.5733655329673585	-9.022332718203026	5	5	0.05250607297362545	-2.4037782696586767	2	2	0.3780523937725436	-3.6226187205911757	3	3	0.1385023309595027	2.8440376860893206	1	1
SLC7A9	0.7392222905184969	-1.9184622831365121	5	5	0.4035505227029488	10.157731599646539	5	5	0.9254969833793705	-2.5185351799440654	4	4	0.35183790419360206	-9.709827207125276	4	4
SLC8A1	0.18680881044921183	-9.335385279170927	10	10	0.22043980960311693	15.78839703669257	6	6	0.20189422880721952	3.747777338964213	7	7	0.9932579889422233	-15.468101126879533	7	7
SLC9A1	0.48393449537870303	-1.8041431731296182	5	5	0.3986957270156035	13.306776785650852	5	5	0.32946384672574525	-6.04059830467962	4	4	0.11368735693078738	-12.47175613049172	3	3
SLCO2B1	0.6340799561146289	-2.6531347605211058	5	5	0.9342596937976486	3.1401736120610284	4	4	0.9609333486573387	-2.689888270236319	4	4	1.0	-2.5696021799844804	3	3
SLK	0.22921188224435773	0.8750718994368044	4	4	0.14955892542148866	1.6551604790773222	4	4	0.5070177952055015	-5.906586986189403	4	4	0.505018275524211	-2.409903486623622	2	2
SMG1	0.507551045576488	0.12550861716948533	5	5	0.9207070195028259	4.273675691506722	5	5	0.7117797418322476	-4.118106025854751	5	5	0.7648956320274692	-5.180722653379804	4	4
SMOX	0.8058573900368531	-0.6503511976314486	5	5	0.21101421572436796	10.579011822320405	5	5	0.4199714631584993	-0.13943973149126884	5	5	0.468798316582951	-10.560135955538092	5	5
SMPD1	0.7345302304297185	-3.658443125530893	5	5	0.2749492706105494	2.226831749590094	4	4	0.652892358498387	-5.415251207636959	4	4	0.5476011867063071	-4.703150086772031	3	3
SMPD4	0.527684126430728	-5.2001290887769915	5	5	0.23583242345924338	7.057253479425739	3	3	0.48448206689732876	0.9607515156998327	4	4	0.8611418352622409	-8.552826715882004	4	4
SMS	0.6950629232340106	-4.9212475978463175	5	5	0.7658774872024416	2.381738942842194	3	3	0.7116848590927749	0.5487668206124771	4	4	0.5133369238656149	-1.8365983295455592	3	3
SNAP23	0.5890557509175482	-4.303557694134237	4	4	0.39603335649140736	-0.9601434917356713	2	2	0.9646594006097682	-3.307339820411296	2	2	0.16445942242404576	2.7159013944578003	1	1
SNAP25	0.49961222983689024	-8.783489165862996	5	5	0.8441079932691453	5.509419836710069	3	3	0.5602262931545183	-3.4213663554380798	3	3	0.5688364963789199	-9.124859959510404	1	1
SNRK	0.5947320564768949	-3.6917802339836636	5	5	0.4346862998706067	8.957743497786067	4	4	0.7518818941316937	-2.338169860910661	4	4	0.5476011867063071	-7.5867648255380375	3	3
SNRPA	0.30717794193111647	-7.584461070188279	4	4	0.6040083502419533	-0.8220556189614605	1	1	0.3742860548061535	2.2041236418389123	1	1	0.11582216212918461	3.184494859073954	1	1
SNX3	0.17201577708792648	1.3916558903628224	5	5	0.6309401810778674	6.245405627457013	5	5	0.86435839778875	-2.5578827702939306	5	5	0.5261583564958352	-9.115929731284355	5	5
SOAT1	0.7019716005280351	-1.7610399357653268	5	5	0.37495372017740947	12.773962769685221	5	5	0.8481522720690514	-2.7053939097146595	4	4	0.24279877889186918	-12.366312366241543	4	4
SOAT2	0.96277950935114	-5.1117238035089265	5	5	0.7014821047278834	9.037673213446338	4	4	0.7722437277315011	0.7230293859909697	4	4	0.6078520480406978	-12.157455040785981	5	5
SOD1	0.03084427088041361	-8.943767227507008	5	5			0	0	0.09685835147486752	11.196067695822144	1	1	0.1714880189307838	2.590224616126571	1	1
SORCS3	0.11761500130196133	-1.5793278774082413	5	5	0.7895702283825207	5.576937737324734	4	4	0.19391191640235905	-2.985804556437504	5	5	0.5829597999420405	-8.634092639265669	3	3
SORD	0.7770952342274552	-4.24328203732174	5	5	0.10406176663895325	12.170505892291105	4	4	0.9184251546901336	-1.9571235512642169	4	4	0.13191930584859052	-14.279195519169036	4	4
SPEG	0.7648745684132211	-8.451481679204916	9	9	0.19655065195118238	16.544682676855082	7	7	0.19203331418624703	10.486917499118384	9	9	0.5685140357427327	-16.873213360014038	9	9
SPHK1	0.4571528016742944	-2.346426950110118	5	5	0.07183680904449612	1.513244442762396	4	4	0.9524810399580087	-2.8340121197810304	5	5	0.25672569793803646	-4.014423155551542	4	4
SPHK2	0.051100530661103934	-9.429739455302114	5	5	0.2287257602485192	-1.824555957613109	1	1	0.20660563085137995	4.185112729935195	3	3	0.047280247765872405	2.7117364291471713	2	2
SPHKAP	0.3719245441491863	-5.767838392819027	5	5	0.33668552683153763	7.05698486735976	3	3	0.13628459189182074	2.173052881901138	3	3	0.7438000152380875	-4.725950435003942	3	3
SPINK6	0.9677393280591112	-6.862380596570905	5	5	0.585768495801301	8.534446429482218	3	3	0.9958869909628559	-0.009872122196983524	3	3	0.21426011079281937	-9.493676773366163	3	3
SPIRE2	0.7675732327331709	-4.440288797811147	5	5	0.7573152357135455	2.534642283065352	3	3	0.7846914046475043	-2.568146241900551	3	3	0.5685171857750244	-2.868571434510158	2	2
SPR	0.2741163372297144	0.9195935684019332	2	2	0.46874481191669715	2.6777628673903013	2	2	0.17355506522692143	-5.495732844900739	2	2	0.7844784035957554	-7.934084316978271	1	1
SPRYD3	0.9826255065052809	-2.6882791011059672	5	5	0.7784667873558294	9.171223494488808	5	5	0.6148359736999094	-5.958315065931799	4	4	0.8789105686766774	-10.85164609348656	4	4
SPTBN1	0.23344325025643253	-7.4512925550131826	5	5	0.9239084394407335	4.8487567627890344	3	3	0.09759189608598011	3.470922944842052	5	5	0.13483850080849313	-0.43817422651854326	4	4
SPTLC1	0.9380058413771041	-4.523742134223862	5	5	0.5935203526495989	2.6479489447961306	3	3	0.8203459355883245	-1.8691135583638356	4	4	0.4641144340452932	-4.562284426295541	3	3
SPTLC2	0.3554942292779245	-8.403447990731522	5	5	0.7666884162174201	3.525343783010757	2	2	0.5309000015082361	-4.658652696504141	2	2	0.7844784035957554	-7.956254498748605	1	1
SPTLC3	0.27758522406283404	-8.13973599949309	5	5	0.39000691459758685	11.142565680540628	3	3	0.8246744646172391	-0.6989834847755194	2	2	0.1505365273074566	-14.032979151723428	2	2
SQLE	0.045446190016489627	-8.765380918571557	4	4			0	0			0	0			0	0
SRC	0.43294132367341	0.33362910185277733	4	4	0.7377767445996932	9.182806462988731	4	4	0.20440947160162326	-9.586495874566227	4	4	0.07981101478978106	-15.003717856492562	3	3
SRMS	0.507551045576488	-1.6716208314713992	5	5	0.7784667873558294	8.712336081387926	5	5	0.6027626037074241	0.5822381674759165	5	5	0.73919931021022	-5.458173792337365	4	4
SRPK1	0.6340799561146289	-8.418449798309537	5	5	0.4481667664083513	8.63101902956247	3	3	0.5741938582939017	3.4788123421448476	3	3	0.8522831759328808	-8.37629273079145	4	4
SRPK2	0.2135598839638554	-9.494710579712814	10	10	0.26650620909199285	1.6479641347309677	4	4	0.5019058002746433	10.658189422197568	7	7	0.4073290266313989	-3.871048125814829	6	6
SRPK3	0.3652967094607398	-6.279111700959635	5	5	0.4895310666857753	6.428057321393347	3	3	0.06590559521772514	5.3552098038433895	4	4	0.9012064309093628	-4.756426561561931	4	4
SRR	0.013622352319549206	-9.239860563281622	5	5			0	0	0.21223150897520326	9.487800940134507	1	1	0.21843721583784081	2.4678735789290833	1	1
SSB	0.19775325332815719	-8.864529348423424	5	5	0.6040083502419533	-0.7200600304640083	1	1	0.17355506522692143	5.662176611275033	2	2	0.3641108545439745	1.429960088712937	2	2
SSH2	0.1662293769895986	-1.0025879536647062	5	5	0.9651679075663795	4.823097557316889	4	4	0.7177097300449508	0.28347569650312715	5	5	0.5799975159501121	-8.043696806471987	5	5
SSH3	0.3719245441491863	-1.9332079790127008	5	5	0.7065208124412616	11.841246730208383	5	5	0.9271957905751596	-0.6154937174732553	5	5	0.755109077416879	-12.298424849408057	5	5
SST	0.5733655329673585	-2.3818156653062195	5	5	0.2968491201447703	2.1518701405041374	4	4	0.018940465327163356	-10.260093038151785	4	4	0.23142589990922313	-10.357202139489907	2	2
SSTR1	0.4422306915417815	0.26707365500515506	5	5	0.9413482612877725	9.333248012014211	5	5	0.6420652379413544	-2.9414434445733217	5	5	0.6362877374589493	-11.978672363980683	5	5
SSTR2	0.20544098866675609	-1.6267156760606465	5	5	0.08152156400709727	0.6636241067467452	4	4	0.3250662141626942	-6.493921630877181	4	4	0.33334265231380633	-3.5149249287013387	3	3
SSTR5	0.8258609960452382	-8.826795503638953	10	10	0.8074346445132072	8.456354459210091	7	7	0.3412978374065001	3.1265957822989066	10	10	0.3038222699486838	-7.5170604801444165	8	8
ST14	0.05651026231576874	1.5213966789392461	5	5	0.313255028372343	10.78113306436495	5	5	0.4869090372919551	-5.788992231315109	5	5	0.05023178696338415	-12.963817127325592	4	4
STK10	0.9083585538730328	-4.897355829662092	5	5	0.7402807379176981	3.5172238769006334	3	3	0.12811736599430265	3.778036585061425	5	5	0.48123821910398257	-4.859041262592538	5	5
STK11	0.5578920901734732	-7.361997584975189	10	10	0.3481653094608388	14.084775536272588	9	9	0.5208517587082033	-3.0991350720466424	9	9	0.42212153558705623	-15.776150494602902	7	7
STK11IP	0.2191210480551573	2.565140378274854	5	5	0.5885107207714262	5.197385485717519	5	5	0.21740231054809367	-9.70477614394204	4	4	0.9935918570986044	-8.169920705278862	2	2
STK16	0.30900284273501144	-8.19686654423606	5	5	0.1118375079424393	12.286857347675856	3	3	0.45172201705006254	2.992101014120673	4	4	0.2165585365870627	-12.802402959126878	4	4
STK17A	0.15509756432830935	1.1655042197953913	5	5	0.8795980919872574	8.925794478603066	5	5	0.06355625038409671	-9.984082440539495	5	5	0.14701664313883156	-18.509687814264073	4	4
STK17B	0.7345302304297185	-0.49945105040203813	5	5	0.4859266291572756	2.366289351105122	5	5	0.9714778256351019	-4.9025945705157845	5	5	0.12072992361688005	-3.918821078667271	4	4
STK19	0.7439240790322463	-3.356315158035064	5	5	0.8880969855271847	3.3729312491602728	4	4	0.9184251546901336	-1.8918257374059564	4	4	0.5563406378078593	-1.9017222017800677	3	3
STK24	0.7458449712726309	-3.091010892068745	4	4	0.05406604398498214	13.767252042586128	4	4	0.5533048017804554	-5.102301654663941	3	3	0.03733130473233791	-18.681585210785517	4	4
STK25	0.9132920403032543	-2.934872507801122	5	5	0.6729244241513159	6.031926603177993	4	4	0.8894132602842247	-2.0788173210692995	5	5	0.9235806701215031	-8.616802657057912	4	4
STK3	0.423975969416849	-5.1275891719270215	5	5	0.3481100526705666	6.950977030773298	3	3	0.4254064936147064	1.1570377295444267	4	4	0.8753424576431064	-5.727754420001741	3	3
STK31	0.7439240790322463	-2.179760118547915	5	5	0.42335965437297274	6.9426093751492495	4	4	0.9968302025972986	-2.3576739233947204	5	5	0.3234189707883901	-12.079100138779905	4	4
STK32A	0.6252407574028693	-2.1990143678409804	5	5	0.4066975841122953	2.8387212374742634	4	4	0.627413397287216	-5.777231101856681	4	4	0.7909789710051218	-3.8720073473097205	2	2
STK32B	0.31495831564176435	-2.0411999191438706	5	5	0.25824327399626645	1.8194766793627342	4	4	0.07272769194968083	-10.732160716974319	4	4	0.9636439973454611	-6.171558164590023	1	1
STK32C	0.2216877175344556	-2.4677503870276776	10	10	0.42687032885823617	13.093941468932416	9	9	0.06916537430950688	-10.480501826619994	8	8	0.10219238258262604	-18.847156443815766	6	6
STK33	0.2433527622901227	0.8229676211200171	5	5	0.5246391351992158	5.784601216778274	5	5	0.44797363655519107	-7.224124216681652	5	5	0.44831048010169006	-6.728938298592522	3	3
STK35	0.3888176180148173	0.7133716241741341	5	5	0.13767857458097846	-1.3303339698764785	5	5	0.1321501291333784	-9.801362628430416	5	5	0.44546773066825107	1.34667850483142	2	2
STK36	0.3474534222261759	-6.765533883585821	5	5	0.043539305730482536	15.627286962013002	4	4	0.9056215408876463	-0.18871687602202158	3	3	0.05433838664574689	-15.870000160544839	4	4
STK38	0.2099302869161621	-0.7143108671703823	5	5	0.04719645643496288	1.060736051279237	4	4	0.034218933290091846	-10.671021326137009	5	5	0.6586826917297809	-8.487396624427017	2	2
STK38L	0.8300299660958327	-2.4248718525704223	5	5	0.8880969855271847	5.812361696427538	4	4	0.17805546782801218	4.427061010205721	5	5	0.48123821910398257	-5.2281081045323505	5	5
STK39	0.6519148178577222	-3.544860324876782	5	5	0.21101421572436796	12.661010415808926	5	5	0.5717176192435998	-1.9900954289912278	4	4	0.281662634769156	-15.786556394448704	5	5
STK4	0.23860302583823323	-9.538695002685806	10	10	0.22697512815355514	1.9202476377249926	4	4	0.9855690672310639	4.1815413590771815	6	6	0.26647966617529084	-1.283953302163793	3	3
STK40	0.5440787717431045	-1.6467129688827857	5	5	0.04507631609799964	-1.8913799671348694	4	4	0.12230490398195208	-7.464882324171486	4	4	0.3391991663012831	0.9318325757160597	2	2
STMN4	0.4275912420825324	-4.341412661521866	5	5	0.8617331994047407	5.343305922339186	3	3	0.9254969833793705	-0.6235685781014312	4	4	0.5997482906588206	-8.698416397384152	4	4
STRADA	0.22382328050897649	-1.2485142925888741	5	5	0.33425458174009104	1.4923783119287168	4	4	0.22411703057194166	-6.850616124996626	4	4	0.9791408671229712	-5.384759260761046	3	3
STRADB	0.9083585538730328	-6.165981781803022	5	5	0.09518782260150797	-1.6162247995844943	3	3	0.6337432528827855	-2.733791337742792	4	4	0.5576741474593854	1.1209547237163422	2	2
STYK1	0.8155055567710212	-4.961244384124782	5	5	0.09972848995408425	-1.5441310726679554	3	3	0.5533048017804554	-3.20920426111042	3	3	0.2574487214117861	1.7880015702749983	2	2
STYXL1	0.037406537785932566	-8.801882730722332	5	5	0.03780474658989863	15.85641926644206	2	2	0.17355506522692143	4.817214434678016	2	2	0.13312527278221614	-10.880889233490462	2	2
SUCLA2	0.8397456015595552	-4.370329835051666	5	5	0.24942049072504247	-1.11314617867552	3	3	0.5354216216613974	3.3851234264080343	5	5	0.07329286204007963	2.108832693139288	3	3
SUCLG1	0.8397456015595552	-5.27805497193184	5	5	0.6734813344087225	2.276544212335105	3	3	0.19199089196238017	3.4490458255164906	4	4	0.35183790419360206	-1.0010768865143451	4	4
SUCLG2	0.2544288001422661	-1.0807743846457012	4	4	0.5250157796189969	8.158865771402565	4	4	0.010720400067905082	-10.63397773437756	3	3	0.047280247765872405	-18.608360380773973	2	2
SUCNR1	0.1662293769895986	-0.7422095734330013	5	5	0.7851132742816158	9.002910218359858	5	5	0.19199089196238017	-9.401209697341875	4	4	0.19111042344724594	-11.967319239403018	3	3
SULT1A1	0.9479094585154882	-5.265516588051549	5	5	0.6800217115562243	5.656617362394314	4	4	0.33389983867098505	-3.7453988414534636	4	4	0.7046007158919422	-5.734365224184046	3	3
SULT1B1	0.2831295033153809	-1.4868878506517618	5	5	0.3198858120301791	2.497270303936492	4	4	0.8956952855414111	0.7595913629081532	5	5	0.25672569793803646	-1.1021754629564267	4	4
SULT2A1	0.6881795849906407	-5.561483439329076	5	5	0.20618525730562753	-1.1018702401177578	3	3	0.7050591166208675	-0.5492104193912873	4	4	0.289638945955366	1.3405462829290016	3	3
SUOX	0.4956676860067398	-1.7479696015545378	5	5	0.6138224018809113	2.594973257726273	4	4	0.6649921792568404	-3.7151868103497354	5	5	0.5164030871103127	-4.94705904123044	4	4
SV2A	0.14114747584819154	-0.6936814533043515	5	5	0.16739571329680158	4.661862202521649	5	5	0.7596787295692086	-0.28658907517220716	5	5	0.3234189707883901	-1.537298739765781	4	4
SYK	0.6364263044841747	-9.146325877823744	10	10	0.3767466792027391	18.899798226760286	9	9	0.351298316776247	-10.979041563238503	7	7	0.07494349481252684	-16.21811736752861	6	6
SYN1	0.669951034500902	-1.7545478280501225	5	5	0.0939495552336808	13.038605775725228	5	5	0.4199714631584993	0.5398420805399414	5	5	0.212163221831277	-12.379217268411871	5	5
SYNC	0.09116089131153296	1.618102500139009	5	5	0.15699694146996565	4.479135971693183	5	5	0.09583275600791037	-9.679693777487339	4	4	0.9296012604540266	-7.734548257176666	2	2
SYT2	0.1902783136071523	-1.6275470472837366	5	5	0.5124410706098497	1.75097941943163	4	4	0.39011000700525456	-6.516859273454277	4	4	0.8038348087872224	-5.6977096829097205	3	3
SYTL4	0.18199265668895537	-1.0540856599876924	5	5	0.5834900808767327	2.564701107148298	4	4	0.16080027773532213	4.242281008443737	5	5	0.08352379417821744	-0.766957411163309	5	5
TAAR1	0.5523700282837086	-5.23342131610283	5	5	0.6170528519825211	6.566866585074176	3	3	0.40501381561647576	0.8848728836887956	4	4	0.7537091772080944	-5.560782277169477	3	3
TAB1	0.23344325025643253	-9.448161406018164	5	5	0.8198738922225053	4.110921467851967	2	2	0.2519350825721134	-5.217369665021057	2	2	0.29446852463267126	-10.243675158142239	1	1
TAB2	0.3922514498591715	-6.204063700272877	5	5	0.5780639637403786	2.463152412085805	3	3	0.17848548694679933	-6.494565955099745	3	3	0.29446852463267126	-10.205656484622613	1	1
TACR1	0.8808724765091496	-2.796679536151372	4	4	0.4088637527597777	-0.6907316501279906	3	3	0.83261298102165	-2.19311248959182	3	3	0.10645543486541928	2.4357175547717533	2	2
TAF1	0.4038834324794818	1.2693119663694235	3	3	0.26659632137348543	-1.259142228166052	2	2	0.4666706897740691	-4.8090691459145996	2	2	0.5688364963789199	1.3120538297107434	1	1
TAF1L	0.4288630273093239	-5.856136852551358	4	4	0.22195788313876263	-1.5288690408656729	2	2	0.596181165341636	4.663030197010547	4	4	0.03751093943515699	2.8405401083478354	2	2
TAOK1	0.434875403172575	-1.9272459041798136	5	5	0.5702369356998382	5.318088890384887	4	4	0.19199089196238017	-4.38321700901049	4	4	0.3882370910564902	-6.28263857067743	3	3
TAOK2	0.713540591886556	-7.764656787104457	5	5	0.9614759412019189	4.29670792452459	2	2	0.6531407664878905	-4.176133228337739	2	2	0.837481715657244	-7.532202586467811	1	1
TAOK3	0.447722255490662	-2.911232596759152	9	9	0.06000249595566089	17.820091136667383	7	7	0.13888400440885643	4.187271963040288	7	7	0.5005052855856211	-15.935938475157771	8	8
TAP1	0.7866508408853796	-5.376822430853583	5	5	0.797051849978957	9.211574138361629	4	4	0.6463868056727544	0.4650363211779652	3	3	0.9594980633084279	-8.536535828484924	4	4
TARS	0.2310645114742763	-7.131774727473854	3	3			0	0			0	0			0	0
TARS2	0.2828953330748173	-7.359638617691287	2	2			0	0			0	0			0	0
TAS1R2	0.042836566686099954	-8.914076230129425	5	5	0.32377447845990626	9.754604266495303	2	2	0.2677293532293714	3.6637632072786794	3	3	0.8959888013798673	-4.9999252907484575	3	3
TAT	0.8010442678464642	-5.233149707869519	5	5	0.5780639637403786	2.2230028146262053	3	3	0.7927636242635618	0.4093029682926137	4	4	0.4966332316200591	-1.8461755680372594	3	3
TBCK	0.6033793400560964	-4.160302132175019	5	5	0.09518782260150797	-1.803200961679628	3	3	0.8691337795055548	-0.20062780885212886	4	4	0.0867926661869571	2.024386407400413	3	3
TBK1	0.9132920403032543	-4.28158345535683	5	5	0.5023260593146306	15.55896091571826	5	5	0.977814219447674	-4.2184249129853315	5	5	0.38178930340783146	-13.070088438511908	4	4
TBXA2R	0.535849872578561	-3.532026833447416	5	5	0.7598437280264725	6.732579654500533	4	4	0.7183324464047374	-1.7454893423031719	4	4	0.8522831759328808	-8.760998737156003	4	4
TBXAS1	0.8592488606084292	-5.36807829013807	5	5	0.10444027764270257	-1.5449190439671057	3	3	0.9396577594671705	-3.124150449008676	4	4	0.024017312664402237	3.370065399441444	2	2
TCN1	0.9479094585154882	-5.887298851157809	5	5	0.7233726617330447	6.880837673902675	3	3	0.7518818941316937	0.788767974111706	4	4	0.7648956320274692	-8.772247790633637	4	4
TEC	0.7112214573705313	-3.4417177051882404	5	5	0.42335965437297274	6.851064395848607	4	4	0.5808017667124457	0.8338384072127534	5	5	0.8082903871016894	-5.0123557849163545	4	4
TEK	0.6379971054031058	-7.849551615837382	4	4	0.4750045753332912	-1.2884093728349981	1	1	0.2937115633840145	-9.543000882165227	1	1			0	0
TENC1	0.11472481343117695	1.2362298810650856	5	5	0.7984529001193882	8.886373820857798	5	5	0.24441616296581703	-6.74398440218079	5	5	0.25672569793803646	-11.979744576636413	4	4
TESK1	0.2973166090763525	-9.322546075294072	5	5	0.04042647639893689	-2.3044352491051656	2	2	0.621110844245458	3.261988424164391	4	4	0.17395866300991503	1.6956062714062312	3	3
TESK2	0.9132920403032543	-0.49119893697765143	5	5	0.9827352708775667	3.209103002452631	5	5	0.35051070309736587	-1.1963184295690488	5	5	0.2002386456587133	-0.7195659306785158	4	4
TEX14	0.42077379106046153	-7.2855028147900756	4	4	0.929819621006633	0.5474128197738484	1	1	0.33691962743437187	-9.292141190277537	1	1			0	0
TF	0.7076548648562855	-10.000866448741357	9	9	0.7241838564075485	13.590545677382911	7	7	0.6668450705312754	-2.6666780004144255	6	6	0.9197772843798934	-12.6070383438421	6	6
TFF2	0.9925533080407308	-5.018702098304899	5	5	0.8971822732805895	3.2415165157591113	3	3	0.2713858163227644	1.8064198088699317	4	4	0.45297359578785656	-4.332511376559876	4	4
TFPI	0.15691249359412957	-1.3744609180314444	5	5	0.09413162069134327	-1.5161482465398681	4	4	0.008061079878334662	-10.402190905775745	4	4			0	0
TGFBR1	0.39510985425486633	-8.210615902445777	4	4	0.4995378926600561	-1.1667634191561138	1	1	0.16554174446348968	6.389040254074573	3	3	0.20947542390099783	1.6221780677341293	3	3
TGFBR2	0.18403853998222808	-1.8233433856604577	5	5	0.4520001713552888	1.609246616741644	4	4	0.9043013934051304	-0.5619116000885586	4	4	0.5841500112145079	-1.8215814570350926	4	4
TGM2	0.9727003950388569	-5.105377743305456	5	5	0.06714106303274249	16.86681944306348	5	5	0.5602262931545183	-3.023786127003879	3	3	0.03820105489776033	-18.053307588259894	5	5
TH	0.21036970045268266	-9.218097428645073	10	10	0.9620289754882979	8.863701344030295	5	5	0.833302184133236	3.4550324158390833	7	7	0.7870855169996965	-12.618584265895274	6	6
THNSL1	0.11761500130196133	-1.2165919708851056	5	5	0.8727855683308529	5.994140681613637	4	4	0.7790667922440223	-2.984503264057738	4	4	0.6757011822409351	-5.652806753208619	3	3
THRA	0.6973630741906693	-0.4974079212667602	5	5	0.7784667873558294	9.74926486596331	5	5	0.4245657568623671	-9.235882665927129	5	5	0.19111042344724594	-11.949049952422806	3	3
TIE1	0.7914408197717095	-3.3021594151788025	5	5	0.6800217115562243	6.037684239911314	4	4	0.9751334888782764	-2.9461984302469464	4	4	0.7046007158919422	-5.554306674812335	3	3
TK1	0.036282850224941376	-8.599989394999644	5	5	0.02582919522030799	19.179446798419338	2	2	0.10817901356315689	10.712609224201385	1	1	0.18671009585887266	-12.274417504705456	3	3
TK2	0.9231688549796025	-2.3550859603741774	5	5	0.6871474617411502	2.8440076421046476	4	4	0.29535725760161435	1.306727728547464	4	4	0.328979664361046	-1.4281663441988404	4	4
TLK1	0.3301748442224587	-0.9004795136977756	5	5	0.624085750132112	9.832035450730976	4	4	0.40501381561647576	-6.430330648581887	4	4	0.1698561098975886	-12.150317687900534	3	3
TLK2	0.48393449537870303	-2.166179312577029	5	5	0.5768455670526036	2.090229811699325	4	4	0.7117797418322476	-2.1453344471910305	5	5	0.13960852807658458	-0.7521294106027808	3	3
TLL2	0.4132379922438272	0.7379785854929186	5	5	0.11220436200049282	9.810176384602489	5	5	0.5019677595485061	-1.1035589871573046	5	5	0.03914786204194618	-10.381248774034944	5	5
TLR2	0.8058573900368531	-4.116470720633786	5	5	0.44881407361318837	11.535652926090409	5	5	0.5862567602650975	1.3489509209838746	5	5	0.8879785763849	-11.2309418622325	5	5
TLR7	0.40616968315166235	-4.331516515535657	5	5	0.42335965437297274	5.004098862477391	4	4	0.08054782795986577	-9.349821586667053	3	3	0.23597275505870985	-17.726543036083417	1	1
TLR8	0.2319225415731111	-8.596668295587682	4	4	0.49453005034620534	9.368041860452685	2	2	0.836468272629508	0.24795343750475857	1	1	0.47473033813968235	-9.62344720946784	2	2
TMLHE	0.5649220302157778	-3.529011617719687	5	5	0.9865522952025906	2.838326580975528	3	3	0.6148359736999094	-3.4032674980017266	4	4	0.7541069950238657	-3.5624303010324336	2	2
TMPRSS15	0.35874312396687147	-8.647332841546723	5	5	0.7878462031069068	5.021283607529997	2	2	0.46102938813983785	1.0915245477438864	3	3	0.6820945368121456	-3.4806849971244667	2	2
TNFSF11	0.9206984651613289	-5.802597465136376	5	5	0.43483297681819333	6.165825561060728	3	3	0.4929630337814723	-3.9907984783351895	3	3	0.2446274672971238	-9.998308441122335	3	3
TNFSF13B	0.519582303351257	0.4830770601395897	5	5	0.3476444463049674	2.0310928583925865	5	5	0.48194424478584097	-9.49211162552413	5	5	0.41726130670800565	-2.52814944837776	2	2
TNIK	0.5035733777282381	0.4415734552145998	5	5	0.1868253721323272	10.978603861326718	5	5	0.2711338518820684	-9.428735437522004	5	5	0.028985094764266736	-16.63696688429899	4	4
TNK1	0.4096947731568329	-3.5787555006400056	5	5	0.6899657210501795	5.548056962799886	3	3	0.920884946588816	2.7560664047026577	5	5	0.6219993672340329	-11.394588737223254	5	5
TNK2	0.31527357060829464	-2.293394081183348	10	10	0.7881577756125282	13.876307120832024	10	10	0.05193297370741835	-10.287650016363854	9	9	0.03036050227273122	-18.81658040419958	6	6
TNNC1	0.7628252567401973	-8.733077544258371	5	5	0.9239084394407335	5.431875517339177	3	3	0.7384016836930404	3.8298653336476627	4	4	0.9478833410736787	-5.352874546343824	3	3
TNNC2	0.8592488606084292	-4.219769648134884	5	5	0.1020118366285458	12.888633407496384	4	4	0.2503308729813344	-6.136702782462276	3	3	0.018615512084836323	-16.19770726268607	3	3
TNNI3	0.4026627652415692	-8.366056945138757	5	5	0.7024266598785982	5.138129699912136	3	3	0.8974582362475987	-0.14793185414013324	3	3	0.9374795878480127	-5.989451712917725	3	3
TNNI3K	0.029194289893085926	-8.660734167976024	5	5			0	0	0.032412204502727165	9.308046982656363	3	3	0.14314548677116676	1.8098527655349155	3	3
TOP1MT	0.7723299480302798	-5.318313962287845	5	5	0.33913524261838335	12.486853328923521	4	4	0.9043013934051304	-2.3168713760302473	4	4	0.3601334303089583	-10.925717101514747	3	3
TP53RK	0.04220205616820466	-8.773883773840963	5	5	0.07616975212297546	14.29631930684547	2	2	0.03756920504367686	9.506675628005322	4	4	0.8258231017016949	-5.785962356000169	4	4
TPD52L3	0.3426850656797221	-2.1002801690412456	5	5	0.8996082855794721	2.8964942451729048	4	4	0.24878231313626042	-9.14725013209933	4	4	0.7663400909455875	-8.268884294730881	2	2
TPH1	0.9860967962476492	-4.5635703432080374	4	4	0.13129331347928347	16.046752589367227	4	4	0.4151361599519968	4.0406175948909615	4	4	0.2165585365870627	-12.804775087727405	4	4
TPI1	0.2973780068144555	-5.8535329279196375	4	4	0.13652475757907007	10.115008854559337	3	3	0.89425499144977	-2.940889804887791	2	2	0.30787314950254463	-11.74743073666464	3	3
TPK1	0.5482166560638387	-6.814924489073529	5	5	0.6734813344087225	4.064184962694483	3	3	0.1538043627418711	3.310912774862302	5	5	0.2084999861391028	-4.362891431751335	5	5
TPMT	0.21220138259964239	-9.095325169753401	5	5	0.7249049401229793	3.2707413906486975	2	2	0.9629960299111844	0.10704075066950049	3	3	0.8241261146639588	-4.836524137479102	3	3
TPSAB1	0.8203402492304765	-2.381410823079352	5	5	0.09223983133197462	-1.500314715437393	4	4	0.3660233427803543	-6.363259656443329	4	4	0.5257619439266255	0.9761000056245654	2	2
TPSB2	0.22382328050897649	-9.133934920688487	5	5	0.51095919398674	6.540251993870247	3	3	0.2904900699402442	-5.1246873552209875	2	2	0.28543489400435684	-9.894267081337297	2	2
TPTE	0.8690335729624106	-2.407748457547244	5	5	0.7231833113381831	-0.07674501299829946	4	4	0.12418094087868879	4.368411195965284	5	5	0.14183427457886547	2.422230833219656	5	5
TPTE2	0.9285051699562917	-8.974161677683306	9	9	0.9482381314788426	9.7325297761653	5	5	0.5505829727282954	-10.110723998539946	6	6	0.5799975159501121	-15.422392091956715	5	5
TRAF3IP3	0.9513642056473823	-8.352841591970705	10	10	0.478086635050633	13.711645965004173	7	7	0.4928466891762381	-10.156855080937481	8	8	0.8052878128087664	-15.602239179000351	5	5
TRAPPC1	0.07773686460408574	-8.623638622730416	5	5	0.2950646778219367	10.758688432607535	1	1	0.14720251710714832	5.552700162229786	2	2	0.5153359195089745	-2.8892407509925677	2	2
TRAPPC2	0.586141830064435	-3.3559522527696513	5	5	0.544169601042237	7.4616143114418945	4	4	0.9751334888782764	-2.5810895351937577	4	4	0.5997482906588206	-9.920236071141451	4	4
TRAPPC3	0.826208283160862	-3.937439986318118	4	4	0.16970780786039785	-1.5222290152714155	2	2	0.46732211144039093	-3.1855950165406095	3	3	0.2270843147989463	2.3920663664758752	1	1
TRAPPC4	0.5605483677189262	0.7487444116276795	4	4	0.7746656876166776	2.7424689075614768	4	4	0.28721399761160005	-8.442469227478561	4	4	0.37409188002387106	-9.744215844828132	1	1
TRAPPC5	0.8753759336580621	0.3629423835126251	4	4	0.2732649050699557	-0.722296700934607	3	3	0.722073372123303	-1.6595970743153259	3	3	0.14602895980960615	2.08717954250704	2	2
TRAPPC6A	0.6519148178577222	-8.580124837566244	5	5	0.826560501188073	5.502100656590673	3	3	0.4424382529993408	3.2146158740666	3	3	0.48060740538231683	-4.535917169169781	4	4
TRAPPC6B	0.38200507622757307	-6.838824027289616	5	5	0.4617297748757533	5.973477836051107	3	3	0.399877549644446	1.5229606571596892	2	2	1.0	-5.404122527959939	3	3
TRDMT1	0.11330082670259754	-8.33876978087916	5	5	0.3105344656759489	11.607139482990783	4	4	0.11589278385204699	4.218222987903547	3	3	0.8346227285087845	-7.841283902613345	4	4
TREM1	0.8886618099197483	-7.763650462095623	5	5	0.6612194621023073	8.425626185877219	3	3	0.9178849179025076	-0.401013754406723	3	3	0.3726627233478227	-8.954348557487217	2	2
TRIB1	0.9083585538730328	-5.259645514879771	5	5	0.33668552683153763	1.9552162148864263	3	3	0.4202528969014685	-2.826976977428641	4	4	0.8471498918248891	-7.470131898871749	2	2
TRIB2	0.6077240764305656	0.20637183068963408	5	5	0.469821252036388	2.4970649202736332	5	5	0.3303909191537896	-8.045250270424495	5	5	0.7046007158919422	-3.6473074498152935	3	3
TRIB3	0.31796415384922627	-8.275997787231658	5	5	0.04507631609799964	15.779812903052907	4	4	0.5476307026070892	-4.593826222088982	2	2	0.021644948112904537	-19.166689615574125	4	4
TRIM24	0.030127598642589452	-9.162729209766598	5	5	0.06746590383577478	14.766837283053908	2	2	0.7263351340786544	0.5306051584097123	1	1	0.052917680259737004	-15.492112982284809	2	2
TRIM28	0.535849872578561	-1.978850876848595	5	5	0.6729244241513159	5.919091503258262	4	4	0.9113597733739448	-2.221933357566941	4	4	0.7937376011426427	-5.204245810986979	3	3
TRIM33	0.6164551216437535	-1.188205814470568	5	5	0.968928919342471	9.071406337072526	5	5	0.9461542394297064	-3.510708209009671	5	5	0.9594980633084279	-8.81404767290095	4	4
TRIO	0.5605483677189262	-0.016376077528487614	4	4	0.6309687826646742	2.88046813944286	4	4	0.2912664936520487	-5.8670143326115465	4	4	0.5362947692730948	-4.89278377354655	2	2
TRPA1	0.8397456015595552	-4.706005082650593	5	5	0.18300983774488477	-1.2196975269486494	3	3	0.12323900978559559	-6.862977160343326	3	3	0.8732478202697368	0.7381951389275745	1	1
TRPM6	0.10966438189142612	-8.885962908840717	4	4	0.9724775751732075	7.682008129409519	2	2	0.2572131478291162	5.104637783999206	2	2	0.41726130670800565	-2.4190547471367316	2	2
TRPM7	0.6541584537042417	-5.8193138498365125	5	5	0.1584802287640491	-1.1978571842936354	3	3	0.3950132568095176	-3.4495706176744587	3	3	0.5576741474593854	0.9085354457922055	2	2
TRPM8	0.507551045576488	-2.300706919443515	5	5	0.15195082074946206	-1.3664672693201503	3	3	0.8691337795055548	0.043507731283322026	4	4	0.09951703389258404	1.926326774536714	3	3
TRPV1	0.12662916676606095	1.6941686704831695	5	5	0.7851132742816158	5.771576758173571	5	5	0.5917353948849915	-2.2052749667418814	5	5	0.8522831759328808	-4.781503882767608	4	4
TRPV3	0.2334354679142342	-4.8486538360870215	10	10	0.9060146218853302	12.733907431273893	9	9	0.28546324099694	3.4184653003118144	10	10	0.5080508727953783	-12.430450634427388	10	10
TRRAP	0.037979401123907595	-9.554992320924695	5	5	0.41666679443437127	-1.4718555139309295	1	1	0.26965338265067096	-9.726447023261159	1	1			0	0
TSKS	0.7770952342274552	-2.7526924936846346	5	5	0.9239084394407335	5.100036955870274	3	3	0.9848499835176708	-0.05634107260558352	2	2	0.9478833410736787	-5.337965624585429	3	3
TSPO	0.1112200823777611	1.3310433210775354	4	4	0.14955892542148866	-1.2396119794940426	4	4	0.1119023453093794	-9.827654437665755	4	4	0.5086582144193044	1.4811529169791005	1	1
TSSK1B	0.42037863746455084	-3.316979746233018	5	5	0.7652227642488436	15.385692737952631	5	5	0.5184887870266476	-3.544952011803184	4	4	0.1229241040898199	-12.836935632574537	3	3
TSSK2	0.9083585538730328	-2.3746026746261926	5	5	0.4859266291572756	12.926400474948613	5	5	0.19665244461533082	-10.503194611350176	5	5	0.05976629002768475	-12.963943843431236	3	3
TSSK3	0.8935800401313878	-5.692668764521518	5	5	0.39623296890775006	1.9266446320945783	3	3	0.3893091840498266	-3.437398457048058	3	3	0.9167058325394901	-5.205453084413901	3	3
TSSK4	0.11189080144911172	-8.293505774696984	5	5	0.4750045753332912	-1.3855884415355266	1	1	0.3893091840498266	3.167685166358856	3	3	0.0658837077690831	2.5511183071789	2	2
TSSK6	0.9677393280591112	-5.291963548365282	5	5	0.42173115071459977	6.217559802497043	3	3	0.2637000380685838	3.530254332510703	4	4	0.9012064309093628	-5.34073791860595	4	4
TST	0.9578211305664799	-4.991809986995296	5	5	0.06618116885653366	-1.7631741245247021	3	3	0.8691337795055548	-3.3290230942792403	4	4	0.09323314516435047	2.6402967677446307	2	2
TSTA3	0.5558629012712442	-5.138653001911577	4	4	0.24030234125908256	8.881548802889247	3	3	0.27673326100245677	3.5328946897703886	3	3	0.9146227418967077	-8.289788186731341	4	4
TTBK1	0.8058573900368531	-4.834946905395967	5	5	0.9961285525583008	7.541744222034981	4	4	0.20660563085137995	-5.6661772235453585	3	3	0.13613921923054487	-11.247994784217065	3	3
TTBK2	0.8106778782225714	-3.6628806260087035	5	5	0.40123171183354833	-0.1622952907855657	4	4	0.7451320327163529	-4.270614064637074	4	4	0.0901424027348411	2.3434838063066135	2	2
TTK	0.19275799403987948	-7.4551015917179955	3	3			0	0			0	0			0	0
TTN	0.812681654498561	-6.448503173141631	9	9	0.713302636623371	5.297859226898326	7	7	0.6113786510214623	-2.871584272142887	8	8	0.967896665548186	-5.842961697865012	5	5
TUB	0.40616968315166235	-1.7349312367708727	5	5	0.11934162189651298	-1.5611718361291487	4	4	0.0184924938479189	-10.14920157111118	4	4			0	0
TUBA1B	0.40577110769531355	-6.81826840218732	2	2			0	0			0	0			0	0
TUBA3C	0.10911230378190499	-9.844313192573757	5	5	0.11250112405149623	-2.081339895461743	2	2	0.4124262008113354	-3.459680559582038	3	3	0.16445942242404576	2.6875408482635343	1	1
TUBA4A	0.7580861874699827	-3.5029845035561675	5	5	0.9265462741340409	7.795089111557111	4	4	0.8893057705455722	0.31330717708751754	3	3	0.6395440126355633	-7.702876894096384	4	4
TUBA8	0.1913327418824854	-9.182611941802337	5	5	0.7772466586084936	4.869643992055352	2	2	0.2912664936520487	4.647551936874879	4	4	0.4197281872641294	-4.293624827645294	4	4
TUBB	0.02986985159906023	-9.265922876208856	10	10	0.2968491201447703	13.438240019170161	4	4	0.12230490398195208	4.590862182370567	4	4	0.7858808682082163	-11.828814893725026	5	5
TUBB1	0.4422306915417815	-8.308940190384419	5	5	0.5482937102908108	5.171661852219071	2	2	0.1921675997038922	3.9239476496272148	3	3	0.7143319843313938	-2.1795881812725146	3	3
TUBB2B	0.6026280820858319	-9.799423850901738	10	10	0.7912338596641713	16.01175676827383	8	8	0.8309898333226365	-2.775129031860359	6	6	0.816192828322672	-18.3964530572081	8	8
TUBB3	0.7787052156881648	-8.299253139649506	10	10	0.7266756225511086	12.588202670613484	8	8	0.125174383939242	-9.430495735064321	7	7	0.30179243291133384	-12.312183508248454	4	4
TUFM	0.679041845101834	-8.219655160463049	5	5	0.6091632486488154	8.996967093996155	3	3	0.9629960299111844	-0.016965915936516602	3	3	0.8967405044802678	-11.473943409282192	4	4
TWF1	0.5373144629306421	-4.192760879225561	4	4	0.46874481191669715	-0.8129428905337308	2	2	0.4254064936147064	3.204850647234274	4	4	0.1229241040898199	2.07005059386522	3	3
TWF2	0.05938898473113259	-8.548721393468503	5	5	0.2688173387484377	11.076290207448615	1	1	0.08628510634348852	6.458358256043664	2	2	0.8787148714580514	-3.727549041669115	2	2
TXK	0.36598798202515315	-7.569371026723041	10	10	0.49087293311716984	12.11329897038407	8	8	0.3354369728835921	-9.857768009140523	8	8	0.212163221831277	-12.51159519111558	5	5
TXNDC12	0.6744905006897103	-4.928128376686928	5	5	0.9596721613037543	2.9828592609990934	3	3	0.4929630337814723	-5.4475557192936	3	3	0.9041088338302047	-7.860011117500342	2	2
TXNRD1	0.6927656854662068	-2.3982164569196684	5	5	0.9034502746478965	5.743683682715016	4	4	0.29948632331916936	-5.562457524824905	4	4	0.2927413689959968	-9.713087766985229	2	2
TYK2	0.42037863746455084	-8.08719242830481	5	5	0.5627995691474805	6.144725014582261	3	3	0.5812389335291523	1.0739372693177633	3	3	0.4641144340452932	-4.384151313417198	3	3
TYR	0.44593486713607366	-2.5473042814977513	5	5	0.5901700428990586	3.8513683763488054	4	4	0.7116848590927749	-5.526000795179422	4	4	0.9935918570986044	-3.264658833229442	2	2
TYRO3	0.03974295375611534	1.7537164112078998	5	5	0.28898491052723385	4.170208993935562	5	5	0.5917353948849915	-5.675580082722526	5	5	0.5385255034333125	-6.95866526575237	4	4
TYROBP	0.32403203580901174	0.6181714445252532	5	5	0.3216349663483473	3.166040898422233	5	5	0.2781147532239723	-8.673373942666537	5	5	0.9374795878480127	-5.099080997862046	3	3
UAP1	0.8788383827548104	-2.4564467324818082	5	5	0.8120705148574179	6.4427726962151795	4	4	0.31638607723929146	1.1365395412629085	4	4	0.6970246999387522	-5.147949648390454	4	4
UBA1	0.1224798390973059	-9.87061441451376	10	10	0.8253056747074253	9.30045197262197	5	5	0.14990404374288344	11.335963402844706	7	7	0.3228368001793893	-11.24360323449622	7	7
UBC	0.4096947731568329	-3.070613944863947	5	5	0.6036345294692856	4.751577426249626	4	4	0.6984556709721927	0.8157309774745908	4	4	0.47361404369612026	-4.64029449134999	4	4
UCK1	0.20544098866675609	-1.678933415215574	5	5	0.13632608315917366	0.9774718552930916	4	4	0.27528569286122084	-7.043761178599598	4	4	0.9551661367621639	-4.00734372226418	2	2
UCK2	0.6120827118982823	-8.664617428648581	5	5	0.3745702996989678	12.62246375715281	4	4	0.6687545346072507	0.7034416306676516	3	3	0.34028579875010123	-11.840892134700368	4	4
UCKL1	0.4917398287066179	-1.701211940178468	5	5	0.23397172902097219	4.672385725764029	5	5	0.5753706550950528	-0.9301472989894272	5	5	0.8434431122303214	-2.2778265562337143	4	4
UGCG	0.5649220302157778	-8.540312344545155	5	5	0.6091632486488154	5.902879899328146	3	3	0.8246744646172391	0.18714424015050307	2	2	0.4966332316200591	-5.978449749465654	3	3
UGDH	0.07773686460408574	-0.7417578304019408	5	5	0.24433397481722618	4.768247039349519	5	5	0.42918929250420756	-3.7364024209165123	5	5	0.8959888013798673	-2.3509828803399295	3	3
UGP2	0.17201577708792648	-3.26160387593074	5	5	0.544169601042237	7.426310465643593	4	4	0.9680321517100092	-1.1559395164059574	4	4	1.0	-5.397415985522895	3	3
UGT1A9	0.8726298737702233	-4.864878319004774	4	4	0.8178185521799152	5.6120993031678905	3	3	0.4929630337814723	0.9854622770980908	3	3	0.9478833410736787	-5.7377077197458055	3	3
UGT3A1	0.7392222905184969	-4.72348508794136	5	5	0.4696972903564819	9.733383910059802	4	4	0.7518818941316937	-2.343291595813735	4	4	0.4641144340452932	-10.005161864219115	3	3
UHMK1	0.8058573900368531	-1.7112033484268736	5	5	0.19267138341137513	12.641502495045245	5	5	0.2713858163227644	-6.746579122298487	4	4	0.08352379417821744	-19.18363793598616	5	5
ULK1	0.07669497784462927	1.5841647281807816	5	5	0.028215463533898533	-2.0468922993993357	5	5	0.14050990973252023	-9.577723193692137	5	5	0.1030180418608657	2.3415905167612907	2	2
ULK2	0.5523700282837086	-5.947888812093388	5	5	0.36570304873678816	6.838929885348818	3	3	0.5013327091844778	1.5694028563231648	4	4	0.6804051243092235	-8.834343800934652	4	4
ULK3	0.7723299480302798	-2.806524240902822	5	5	0.9806445855755239	5.970268940504611	4	4	0.9467455917978067	-2.0264242575638947	4	4	0.8343169373703494	-5.385384523920134	3	3
ULK4	0.7439240790322463	-3.157359411022002	5	5	0.8271586415575614	5.791516023312087	4	4	0.5717176192435998	0.780736173544898	4	4	0.8522831759328808	-4.893687048486915	4	4
UPP1	0.7205140266053222	-2.234390986443111	5	5	0.9574341219700276	5.770646600053823	4	4	0.7117797418322476	-3.179601738066298	5	5	0.5563406378078593	-5.973201464503494	3	3
UQCR10	0.06505811884906694	-9.508539317592616	5	5	0.5247281861377258	-1.010628381632019	1	1	0.037761813453933334	7.172836212254978	3	3	0.09425928309681748	1.963601318852744	3	3
UQCRB	0.751127860145715	-5.180362515597088	4	4	0.20917389420753763	-1.5189547647084725	2	2	0.09852807424750286	-9.774043241003206	2	2			0	0
UQCRC1	0.9635132682798274	-9.915420024979396	10	10	0.6419832906502703	6.020476835989522	6	6	0.8963370666075275	-2.5040904207033052	7	7	0.809184237842507	-8.535688954872006	5	5
UQCRQ	0.0170242786304714	-9.577563922743026	5	5	0.2688173387484377	11.213932051056343	1	1	0.11589278385204699	5.102416235438683	3	3	0.6193480997946015	-4.65363661691024	3	3
UROD	0.054376301518018005	-8.613229352298314	4	4	0.008139338024021817	18.85260994312976	3	3			0	0	0.004943421352468008	-19.713259905959617	3	3
VAMP1	0.13454428546031175	-9.052787889277848	5	5	0.8306197822146404	3.314095693686763	2	2	0.399877549644446	-4.810478507273267	2	2	0.7844784035957554	-7.837963915465258	1	1
VAMP2	0.030127598642589452	-9.10486516288263	5	5	0.10206274432191033	11.661597962561999	3	3	0.05714975551518594	6.714406405660984	3	3	0.8038348087872224	-4.788875958627433	3	3
VARS	0.5892272118264853	-6.590428660299225	1	1			0	0			0	0			0	0
VDAC1	0.9727003950388569	-4.985475585414558	5	5	0.8651473251322472	5.179514944309664	4	4	0.10008989986832469	-6.955701826459273	3	3	0.39905634628380304	-8.887915486702898	2	2
VDAC2	0.27629334137176764	-7.526895514818154	2	2	0.14481922644591255	18.279013599660445	1	1			0	0	0.10563348227890615	-19.418485754805545	1	1
VDAC3	0.7158624805210481	-5.688055444148136	5	5	0.1169944375551616	1.00330594350221	3	3	0.8272778214602373	-1.0105438869858274	4	4	0.11073291951661242	-0.6411670181671246	3	3
VKORC1	0.14974839652703595	1.4286669150272353	5	5	0.29293943716077375	2.01115926097523	5	5	0.303505310176181	1.545830766425112	5	5	0.06340114624673766	-0.6019604375163764	5	5
VKORC1L1	0.4167992957708768	-3.7583852271658795	5	5	0.797051849978957	3.5154612218050176	4	4	0.45753825442257035	-2.089917651536313	5	5	0.38178930340783146	-4.631949365963833	4	4
VRK1	0.05897047637600774	-8.88253140623369	5	5	0.04609657461154144	15.401922826518211	3	3	0.23798838849056503	2.9857798536865428	4	4	0.22078407223331742	-12.257869441071028	4	4
VRK2	0.10371918515994678	0.989798320303304	5	5	0.25501426023802887	-1.1779575755963994	5	5	0.4623632253722679	-5.787157596246646	5	5	0.2956344520033972	1.445365391378563	3	3
VRK3	0.49961222983689024	-5.506698105150982	5	5	0.2635464484997765	1.59187583724279	3	3	0.6984556709721927	-3.262971892888346	4	4	0.6949175576173119	-4.93053854605817	3	3
VTN	0.20102187261728377	0.8887771738220226	5	5	0.3105344656759489	1.741419329414807	4	4	0.8831737756644958	-2.0320233262797593	4	4	0.24279877889186918	-3.7920504492259863	4	4
VWF	0.5399564771635108	-4.442777323246882	5	5	0.09972848995408425	-1.4829437062387072	3	3	0.05322471746470953	-9.511179249706815	3	3			0	0
WARS	0.8985023658099028	-4.648472103044219	5	5	0.12786681508373268	-1.384092206980963	3	3	0.026298957747656983	-9.97173020302286	3	3			0	0
WARS2	0.13947355174324422	-8.513533877437771	5	5	0.30418312479843757	-1.699365695302026	1	1	0.21223150897520326	-9.953957204632255	1	1			0	0
WDSUB1	0.23836165707475399	-8.468759368643392	5	5	0.68392511889157	-0.39122758205695884	2	2	0.6612646542662587	-2.766334961190259	3	3	0.5383254813925624	1.3865320456700196	1	1
WEE1	0.07402952941993692	-9.081764832915962	2	2			0	0			0	0			0	0
WNK1	0.4917398287066179	0.6972006606471367	5	5	0.5359830346076401	-0.6735242531221021	5	5	0.9145790807640422	-5.17339931587789	5	5	0.09685963046095863	2.054227862602841	3	3
WNK2	0.46852751360493294	-9.60453875932548	5	5	0.9865522952025906	5.141685730926601	3	3	0.4305968039387904	3.3905173302437923	4	4	0.5476011867063071	-1.3842915307318597	3	3
WNK3	0.7486354337397085	-1.722281209212146	5	5	0.9758311899789928	8.626241114512176	5	5	0.7050591166208675	-5.575976139913984	4	4	0.8967405044802678	-12.126039809663217	4	4
WNK4	0.2535542104872802	0.7578137080279049	5	5	0.8388112329253832	6.081525906886196	5	5	0.8208534235033638	-5.463740581128289	5	5	0.7648956320274692	-7.999654995615273	4	4
XYLB	0.2909620922980609	-1.837105322572275	4	4	0.42173115071459977	1.5308671489246077	3	3	0.9056215408876463	0.06428590108404786	3	3	0.44052455086533027	-1.3081719988536988	3	3
YARS	0.3395294549007052	-7.862909860334448	5	5	0.35157980337446804	-1.0451383874050855	2	2	0.9958869909628559	0.06962100993317355	3	3	0.5905006511793904	0.5536648093975125	2	2
YARS2	0.17895545356593867	-8.317329715339794	5	5	0.2861311863015312	10.811323786047835	1	1	0.1271495630871491	5.746370616755985	2	2	0.9807772245834527	-3.883055016978928	2	2
YES1	0.6881795849906407	-5.107260588816895	5	5	0.7065985424813297	4.957279080285229	3	3	0.08054782795986577	-7.047085247414096	3	3	0.1798357575606958	-13.720935138610294	2	2
ZAK	0.9925533080407308	-5.576375747114715	5	5	0.17217300469416408	1.2744359883871283	3	3	0.40501381561647576	-3.4077406285730016	4	4	0.6939180138575417	-3.4909490042579066	2	2
ZAP70	0.35874312396687147	-9.63674527465595	5	5	0.39000691459758685	9.068768549347666	3	3	0.11805664475685813	6.9033688497346555	4	4	0.9954978743064465	-5.423085397613214	4	4
ZC3HC1	0.1759562735296163	-1.9131918332867477	5	5	0.25824327399626645	1.4404994045180617	4	4	0.12447336861214064	-7.268962694164711	4	4	0.7836748470848344	-5.374344388042835	3	3
ZFY	0.46471863326889606	-5.598574063529932	5	5	0.11259058949745608	13.025146349340972	4	4	0.12230490398195208	4.600193585708936	4	4	0.747474359379231	-12.603753500481426	5	5
ZMYND8	0.8788383827548104	-4.867298164672209	5	5	0.585768495801301	2.1698857360800123	3	3	0.6853174527291608	-2.6548885347211666	4	4	0.717787285813544	-3.4177178744459615	2	2
pseudo_0	0.11401038352164139	-9.355444557135861	5	5	0.6339920850514138	3.60859600248905	2	2	0.9753257406359819	0.052050541800391294	3	3	0.9426801010511117	-5.116604498884961	3	3
pseudo_1	0.542015286216004	-1.7057780275194352	5	5	0.9265461234172737	3.495976700911879	4	4	0.6563557030333143	-2.8429834999745833	5	5	0.35671135413869803	-1.1905733536668972	3	3
pseudo_10	0.9727003587983836	-5.741341454571484	5	5	0.5001835845228213	-0.6341620265695939	3	3	0.5430012977952541	0.5678275035416745	3	3	0.3300854258991952	1.3603051283848497	3	3
pseudo_100	0.8462751477500783	-9.447171455950624	10	10	0.7376957529107161	8.844639717688453	6	6	0.9164491147514295	-3.9461626462601505	6	6	0.9235804246070363	-6.391167385430539	4	4
pseudo_1000	0.6452023614489277	-5.911936720217191	5	5	0.7360411704975673	6.277964268380212	3	3	0.12447276835180592	5.1763091710566504	4	4	0.6970237719155341	-4.457988523189751	4	4
pseudo_1001	0.29016424324978995	-1.5251617381616949	5	5	0.49387678589692796	2.2696373561952328	4	4	0.6279048048533287	-3.259091303309214	5	5	0.859912066115945	-5.327411276134536	3	3
pseudo_1002	0.7462783383973426	-2.227243598148913	5	5	0.36421879560945103	10.635067805531607	4	4	0.7385963713232054	-3.097347868356282	5	5	0.3879605814828416	-13.059368537232025	4	4
pseudo_1003	0.30458494656321145	-8.240869836832216	5	5	0.4817040375956898	12.246694155227823	4	4	0.05199247446052414	-10.106119898147078	2	2	0.04551673828265738	-18.753042399455605	2	2
pseudo_1004	0.27347539741133764	-8.271088608026135	5	5	0.2517365818013616	12.062100947048274	3	3	0.9344199430708595	-0.03827498896301407	2	2	0.2782519087438283	-12.798408238347594	2	2
pseudo_1005	0.7509944190436915	-1.9915724225578169	5	5	0.4877699208270171	10.808472091147166	4	4	0.8988385803226919	-0.14418371457907267	5	5	0.6327013171827216	-14.055847177820027	5	5
pseudo_1006	0.596888217655889	-5.1342916342187745	5	5	0.5218535200068654	6.403537902038198	3	3	0.6134307987600431	0.5938174702060977	3	3	0.7192145505606329	-5.6514048335585185	3	3
pseudo_1007	0.23344218601329092	-8.789639904213097	5	5	0.1292787854211774	10.006380990402372	3	3	0.05157582570215419	10.142221650779623	5	5	0.583444934411115	-5.515657263760146	5	5
pseudo_1008	0.3134619632573624	-8.86007364438399	5	5	0.677587655461982	5.978178127510088	3	3	0.4823120430490684	-4.720979017321971	2	2	0.4948097965728985	-8.808815318772627	2	2
pseudo_1009	0.667685504545382	-3.432094319294926	5	5	0.6588167803021429	5.943406967786774	4	4	0.9619766598731511	-3.2469333697242426	5	5	0.8700175836875019	-7.867696596808481	4	4
pseudo_101	0.3506553571576182	-1.8367363980538316	5	5	0.5901692780308903	4.77885297994077	4	4	0.28319896262777244	-4.227790707103548	4	4	0.3300854258991952	-6.656573489409077	3	3
pseudo_1010	0.41501594375941975	-5.169644888870482	5	5	0.05043636032919328	16.215736397334627	5	5	0.7147420481221316	-3.0486994636887386	5	5	0.08525066033756118	-13.090393214791911	4	4
pseudo_1011	0.4477931313487006	-4.332326079405367	5	5	0.1704138619597052	-1.3286921762042763	3	3	0.17030977959402416	-6.610903495455169	3	3	0.12395836722496481	2.991407914346821	1	1
pseudo_1012	0.8862041818092954	-5.705241730675534	5	5	0.03975237458585453	-2.249440327202701	3	3	0.06497037837215669	-8.227457591504246	3	3	0.99090804093377	-2.588481270857952	1	1
pseudo_1013	0.6950627034372938	-5.608685478722777	5	5	0.06373164492052434	-1.7325519695576055	3	3	0.512735901472438	-2.8299502250631723	4	4	0.33274338923745705	2.0342946517487785	1	1
pseudo_1014	0.27211471463104897	-5.666849908945743	5	5	0.3391342487875708	6.984399373299859	4	4	0.07641854967233312	3.81524741354151	5	5	0.32341741148779524	-1.3594435546059984	4	4
pseudo_1015	0.8886616630230467	-7.597685098405578	5	5	0.2269741721077786	16.024685541741835	4	4	0.8148326126941922	-0.3088595809690129	2	2	0.17032567808242083	-15.656628029942945	4	4
pseudo_1016	0.13947287613217194	-8.207740460643494	5	5	1.0	0.011945310104010787	1	1	0.1735547117463453	5.385118700906125	2	2	0.18510478485867088	1.9478635555037016	2	2
pseudo_1017	0.8373141891644869	-3.0681339803155274	5	5	0.596884254848404	-0.5817149938798494	4	4	0.45172129607052425	-1.5084604496549412	4	4	0.07869231128228114	2.282211003719455	3	3
pseudo_1018	0.7042797255876492	0.1515507579444187	5	5	0.9241437066926335	5.303464574420121	5	5	0.29062256843938306	-8.347968891050595	5	5	0.5794593620066385	-8.369386325653682	2	2
pseudo_1019	0.5135479348241209	-6.676773664344904	5	5	0.7874061650589533	5.523817545705448	3	3	0.2545638187857958	-8.609202376515354	2	2	0.10320048331632353	-19.613945299190462	1	1
pseudo_102	0.2987605541911106	-1.1522359075738138	5	5	0.8017966961132214	5.409503714423394	5	5	0.993660442784436	-3.240680799292901	5	5	0.7887013088790334	-2.195348427508226	3	3
pseudo_1020	0.7275104851039692	-5.958698789083748	5	5	0.5571282006933561	6.643131167698392	4	4	0.12230430846947812	4.471737223499003	4	4	0.6155312701319398	-2.0825730586441016	4	4
pseudo_1021	0.5482161247802497	-1.6533522768358286	5	5	0.8017966961132214	9.189489965348168	5	5	0.47454810316983187	3.6518157875126005	5	5	0.9719076943334543	-5.744706085015743	5	5
pseudo_1022	0.18713880397703697	-7.495254510813017	5	5	0.830619604740795	4.566669865027764	2	2	0.9143100694810842	-3.6835070324365873	2	2	0.9168442200344347	-8.092077624730065	2	2
pseudo_1023	0.676764407922728	-4.7409171636712735	5	5	0.08152093673472631	13.52560926544745	4	4	0.7116844201290657	0.8371370120960823	4	4	0.2711961829609154	-13.266505916976698	4	4
pseudo_1024	0.04647206564976144	-8.51388787808584	5	5			0	0	0.09597414268308961	8.909852835638638	2	2	0.11360195074028899	2.257455053747325	2	2
pseudo_1025	0.2817359933119614	-9.565371700376895	5	5	0.5819096789887162	6.186567639127656	3	3	0.22074062780533354	3.7403667806268994	4	4	0.37051796582340224	-1.5941924315173015	3	3
pseudo_1026	0.016596880170705635	-9.518857049420708	5	5	0.49334193456067443	-1.2073848759816173	1	1	0.16568928574373964	5.439339464794953	2	2	0.061297525930515157	2.611533086896049	2	2
pseudo_1027	0.07313741564009657	-9.590861417160228	5	5	0.35157929096965923	-0.8166954422654529	2	2	0.23986587889986188	4.191699275769599	3	3	0.4138911185318803	1.1991162446013093	3	3
pseudo_1028	0.48199329982592676	-1.700713831817579	5	5	0.759843249062373	3.5376858806497418	4	4	0.1288995395337527	-8.907704396842583	4	4	0.32149347875360623	-10.068084584939308	1	1
pseudo_1029	0.9578210746039924	-5.862305753357088	5	5	0.2960176883678466	-0.9327878768663442	3	3	0.6211102879767243	0.6314155333055892	4	4	0.25266867661575065	1.4978189605620547	3	3
pseudo_103	0.19133282611238367	0.962421934513228	5	5	0.9172714128232853	2.5546201568525784	5	5	0.9873212857805898	-2.586910922294013	5	5	0.8082897813269934	-2.227290446938633	4	4
pseudo_1030	0.6950627034372938	-0.08320700986609286	5	5	0.9792829840491959	4.015079212182096	5	5	0.8363347198578763	-4.134712090625438	5	5	0.591924367286905	-4.693640034447009	4	4
pseudo_1031	0.26007757287483924	-9.864205193569122	10	10	0.4708883939520192	5.284906152709513	6	6	0.4452881141339876	-2.862391331769093	6	6	0.8908196003912938	-2.358405375232923	3	3
pseudo_1032	0.4621103919255499	-4.044966046346793	4	4	0.1032455290372306	12.322835327236627	3	3	0.4070017802082414	-5.083466531659864	2	2	0.07649461660073469	-15.188654193616259	3	3
pseudo_1033	0.9305842668641006	-4.9971420461434715	5	5	0.41776076799471207	4.244825285289143	4	4	0.639221981166468	2.6472856049374105	5	5	0.3289781057064355	-1.2622596065727756	4	4
pseudo_1034	0.2958764231493938	-1.2552724607749033	5	5	0.415840207251994	12.977735090364767	5	5	0.5418259833965873	-3.3064069167325645	4	4	0.17387016604784034	-13.005492148685706	4	4
pseudo_1035	0.676764407922728	-5.141121287373919	5	5	0.16374911722387264	13.05775164107873	4	4	0.9325745967343774	-1.960940585352562	4	4	0.08731846743459899	-15.57149791474842	4	4
pseudo_1036	0.3686007214187953	-8.00986241683025	5	5	0.809161518084328	-0.2057181540753401	2	2	0.13764520867469665	4.208196252517908	3	3	0.24198588110928465	1.5818251652734947	3	3
pseudo_1037	0.3974361034306422	0.7208199611018232	5	5	1.0	3.0079128897650294	5	5	0.873739147174457	-5.662449758815028	5	5	0.8434426142353991	-5.501311061918858	4	4
pseudo_1038	0.8985022317476931	-4.581955689532409	5	5	0.32827648480074934	1.922964915585635	3	3	0.975133449259604	0.016062471575444565	4	4	0.35671135413869803	-1.582929740221885	3	3
pseudo_1039	0.15782558044294748	1.400626674537138	5	5	0.16343607257977066	10.536818811336365	5	5	0.8363347198578763	-1.606747025232816	5	5	0.33157375194526484	-12.65202957510102	5	5
pseudo_104	0.20655628688821548	-1.539703408577753	5	5	0.2307279859864385	1.1232537174464794	4	4	0.975133449259604	0.012599175125476092	4	4	0.4462065426482692	-0.8267050376957208	4	4
pseudo_1040	0.21564078875420123	-1.0471302225050536	5	5	0.3498694746360306	4.93119451342221	5	5	0.9467455070486619	-0.0442206583319192	4	4	0.47810975885861406	-4.8885141650910535	5	5
pseudo_1041	0.2420972609874803	-8.74751179581414	5	5	0.5482932847203043	5.71349842396871	2	2	0.04185108232893725	8.964981947077396	4	4	0.3941938274343686	-1.8238337699814011	4	4
pseudo_1042	0.7392219568026385	-5.046895829824219	5	5	0.23805923834998888	-1.0512489832319687	3	3	0.47893347731787406	1.179830477426721	4	4	0.06624492456581227	2.1638188036232404	3	3
pseudo_1043	0.2846395673135621	-1.5273377941145634	4	4	0.7275870029403386	5.040542460168166	3	3	0.6062091564566272	0.5464047817078798	3	3	0.7192145505606329	-4.335822080186705	3	3
pseudo_1044	0.9256399007906221	-4.576327860609994	5	5	0.16343607257977066	15.791129773984016	5	5	0.6657878555858668	-3.5507409902263714	4	4	0.17032567808242083	-15.44504416602159	4	4
pseudo_1045	0.37526561030940897	-1.5553703462543575	5	5	0.06397226570361349	13.74316430530088	5	5	0.34743696798012036	2.0989913974462024	4	4	0.2976990495196241	-12.0353370392125	5	5
pseudo_1046	0.9380057592130375	-4.140829250627804	5	5	0.7086892841096155	8.274746720348462	4	4	0.1138408834313817	6.937062896895967	5	5	0.41220233675477636	-5.48575234051814	5	5
pseudo_1047	0.6722189809544157	-5.7171249080312565	5	5	0.7191658612704632	5.953475136460463	3	3	0.8621287216111431	0.06176552324833547	4	4	0.9235804246070363	-8.842021878370469	4	4
pseudo_1048	0.5491415990023208	-6.1468572287820065	10	10	0.004315685666471981	-2.430678177706058	8	8	0.13057041707510042	-9.627191737619034	8	8	0.06501693668423217	2.273310271480385	4	4
pseudo_1049	0.11688680469931616	1.332488492004827	5	5	0.28701997893154996	1.6928071897754637	5	5	0.5618981360521578	-6.084751159967728	5	5	0.48060599118998026	-4.215685636874404	4	4
pseudo_105	0.6858905325138384	-1.9678441646117093	5	5	0.5834893063227444	2.2574018206009057	4	4	0.7748479063586586	0.25609340390488594	5	5	0.43284943323702774	-1.829345482845799	4	4
pseudo_1050	0.6186461196194168	-0.6458169556043211	5	5	0.5619492894958866	3.269718324537837	5	5	0.7385963713232054	-2.171245825488085	5	5	0.9056753424972737	-2.358636948826378	4	4
pseudo_1051	0.9950354939435258	-0.6977610308616159	5	5	0.5503334823743448	6.605864401341036	5	5	0.5944827779439739	-1.3870147946774651	5	5	0.8700175836875019	-5.571273015665944	4	4
pseudo_1052	0.71354038409151	-4.942448250646115	5	5	0.14683598266600578	12.497827188260013	4	4	0.5567598267165714	-3.0312939011200672	3	3	0.08800206191027513	-12.51103351191316	3	3
pseudo_1053	0.12818161751444201	-8.45937926263108	5	5	0.7145800531516097	4.804533749971172	2	2	0.7028588396759679	0.5676611504383193	3	3	0.9423761816144207	-4.049093304206516	2	2
pseudo_1054	0.9009649124727902	-3.6779994042339688	5	5	0.06397226570361349	16.355461888297683	5	5	0.5226861577302113	-0.5965203940214842	3	3	0.2614873773295253	-15.010210981178941	4	4
pseudo_1055	0.9058930346079408	-2.719415128910764	5	5	0.7451089369951867	5.380433711808024	4	4	0.9396576634790652	-2.305989770168076	4	4	0.9322814328926539	-4.927849221484226	3	3
pseudo_1056	0.1125937329918556	-1.176543721035238	5	5	0.2195976444304848	1.710026683073788	4	4	0.5862557316287822	-3.083257955361226	5	5	0.4842971604966001	-1.8668787665919961	3	3
pseudo_1057	0.9702196892629831	-2.5360262780904033	5	5	0.8575213695682062	6.2893266884550245	4	4	0.9493171409676648	-2.7208836061584667	5	5	0.5607347604558015	-5.557356120672456	3	3
pseudo_1058	0.7415716478984264	-0.20894521319916393	5	5	0.39147814259398717	1.460246351363449	5	5	0.8425454075205003	-4.53888583327072	5	5	0.20711118778289173	-0.7831128199428014	3	3
pseudo_1059	0.005210324137430975	-9.700622807201286	5	5			0	0	0.06736025807850593	9.59689241276197	2	2	0.06355622828763276	2.576539327427472	2	2
pseudo_106	0.6631641223233999	-2.3725066476726444	5	5	0.09605370882404951	-1.6900061077338144	4	4	0.5780824648450211	-3.2000454382072228	5	5	0.40646057631660515	0.25421734285927017	3	3
pseudo_1060	0.8918824521587747	-4.763550638287911	4	4	0.5032902174367295	3.322963952792156	2	2	0.8842518020718393	0.24480911336321975	2	2	0.5257612504335041	-2.919839241155355	2	2
pseudo_1061	0.37359262846377905	-8.319059401431817	5	5	0.49452959113685724	3.3312803579990913	2	2	0.2170994705272038	-5.521967610823757	2	2	0.5458753193550323	-9.293588830041886	1	1
pseudo_1062	0.3769435762004306	-1.814828983861991	5	5	0.6104174060852452	5.734142567015461	4	4	0.07709084145477935	-9.598561200793043	4	4	0.4138911185318803	-11.539303216877466	3	3
pseudo_1063	0.9975177340174071	-3.9237967363796464	5	5	0.40123074290781857	11.129959175564538	4	4	0.7996360730719679	0.4930979307660015	4	4	0.4214014545789403	-8.035907429685517	3	3
pseudo_1064	0.9058930346079408	-4.999990777857941	5	5	0.5441687725618416	4.89977623323409	4	4	0.4213001025615869	-3.5311329648926306	3	3	0.9426801010511117	-5.129165175527213	3	3
pseudo_1065	0.8568058609538756	-4.874872852812836	5	5	0.9283718814052414	2.7644826583618465	3	3	0.5990257924573887	-2.9489982847531118	3	3	0.6016365394766707	-4.57709131209432	2	2
pseudo_1066	0.22500959137204424	-7.286104840347588	5	5	0.5896379677157835	0.052992243834196984	3	3	0.45167917739826746	-5.376273365571644	3	3	0.5458753193550323	1.3808077259426863	1	1
pseudo_1067	0.44841084425759925	-4.469593049956917	10	10	0.32669973858799795	6.081605812132833	8	8	0.7038800011707733	4.125407544656499	10	10	0.3463961226333294	-5.63824134928015	8	8
pseudo_1068	0.9801438975978024	-4.6559571133705795	5	5	0.37456931683069916	13.117356754157635	4	4	0.7586504149151788	0.4919585035842549	4	4	0.21185687985572188	-9.509449574262788	3	3
pseudo_1069	0.37359262846377905	-1.6581197508210845	5	5	0.4817040375956898	9.859639441449874	4	4	0.8481520330018609	-2.1528983333223786	4	4	0.5432560717039489	-8.282907302536621	3	3
pseudo_107	0.5379004361102484	-9.565810210155655	5	5	0.14163004691086953	-1.691664586887633	2	2	0.35884087700069967	-3.5082489558687926	3	3	0.15432610520732246	2.7624821888787725	1	1
pseudo_1070	0.27896385633945897	-7.8265504174887	5	5	0.3960328539241198	5.75472158542019	2	2	0.1518383578409211	3.912479510283313	3	3	0.7887013088790334	-2.1587513408058974	3	3
pseudo_1071	0.36138508140615777	-9.458803407901582	10	10	0.15385470203843987	15.902388213481899	7	7	0.06390906406322466	9.960583736672087	9	9	0.7139277623990132	-10.150229269401917	9	9
pseudo_1072	0.1560026338961753	-1.0889578805807305	5	5	0.5768447830096883	2.632630119280009	4	4	0.04367609385108652	-10.895900072533061	4	4	0.6900137095897654	-8.634676001112464	1	1
pseudo_1073	0.8276048900878025	-5.966438756208677	5	5	0.5768447830096883	9.228017545554989	4	4	0.39082711534300996	3.921323244751625	5	5	0.6721515770417354	-5.764155708537671	4	4
pseudo_1074	0.8616929440879256	-5.471156735631265	5	5	0.2164455463212619	-1.1989984646413465	3	3	0.9619766598731511	3.617418536281944	5	5	0.10301746494779987	2.301677328938654	2	2
pseudo_1075	0.031822479360700685	-9.851453479255639	5	5	0.7666881751935527	8.258776110418289	2	2	0.4333053417384477	3.1851083061884746	3	3	0.46013351195390617	-5.9452942748016335	3	3
pseudo_1076	0.5050431048239914	-7.885314708333684	10	10	0.15503580019169155	16.254371969796935	8	8	0.5896931774140726	2.735203674437898	8	8	0.13808089829002548	-18.91960299348583	7	7
pseudo_1077	0.6496739572048208	-7.133921652642067	5	5	0.6612191297896182	0.07368895515950946	3	3	0.7886562783509201	-2.439351035755467	3	3	0.5576734875072875	1.0163313384387314	2	2
pseudo_1078	0.14887033285442197	1.1861268415474042	5	5	0.13653392163205386	1.8629007999112417	5	5	0.026097939709294596	-10.001552918216646	5	5	0.30017156267093015	-9.974748572855862	2	2
pseudo_1079	0.8373141891644869	-2.571427635316089	5	5	0.21597459497996718	9.745511255708037	4	4	0.24154824800675634	-7.665609901498461	4	4	0.0353174772743863	-16.772182626535642	4	4
pseudo_108	0.3669462599849117	-1.374725803241617	5	5	0.03479866997070403	-2.411309668599493	4	4	0.06332823719792241	-9.794906412915752	4	4	0.20591386492251962	2.4820967803041576	1	1
pseudo_1080	0.24969386722295162	0.9707031706595005	5	5	0.5162115811839872	11.037716817002712	5	5	0.19527777892841525	-10.190008868833134	5	5	0.0643372174994165	-13.56800983415728	3	3
pseudo_1081	0.23712462882938112	-8.546353280518693	5	5	0.9944944608238245	0.9246569175134711	2	2	0.05961921860805176	7.354864379509018	4	4	0.10058859808569583	2.0079869778670623	4	4
pseudo_1082	0.7803860285640226	-4.885674985853194	4	4	0.05775382649056763	-2.003392611467337	2	2	0.7728296351287576	-0.3820096451258775	3	3	0.13732397636512908	2.1259757656037905	2	2
pseudo_1083	0.06108773965582049	2.081633184901697	5	5	0.13653392163205386	1.3272781790950983	5	5	0.6335526760056054	-5.807066175912542	5	5	0.1449385642288321	-0.7183606103168664	3	3
pseudo_1084	0.3016633925849711	-1.0743274847442443	5	5	0.06450456414801577	-1.7913285603978786	4	4	0.5656765287469643	-3.4350221381781343	4	4	0.22158298310542035	1.5650881887323003	3	3
pseudo_1085	0.47427267617343294	-5.233805443568137	5	5	0.19241943137019912	1.591512908064449	3	3	0.7451316406222053	3.1126255442090667	4	4	0.20828126500143163	-1.4798451113453954	4	4
pseudo_1086	0.9404808506501394	-4.811884933519437	5	5	0.46375515388477917	12.510366795209231	4	4	0.3324827085772072	-3.6893526997178725	3	3	0.06624492456581227	-12.888772617548623	3	3
pseudo_1087	0.6813216405174065	-4.89340451685365	5	5	0.35911124745802514	4.912571329464184	4	4	0.24401403424601198	-3.948851746381664	3	3	0.9843548320060657	-5.20951074387366	3	3
pseudo_1088	0.7042797255876492	-6.300285961250872	5	5	0.018289560237971455	-2.2182416876385997	3	3	0.9619766598731511	3.6425428178628736	5	5	0.23774861334252295	1.8012770204690627	2	2
pseudo_1089	0.19133282611238367	-1.5243404841713548	5	5	0.10825899539685407	-1.7313275548360096	4	4	0.6148354099179983	-3.1201353618733503	4	4	0.25266867661575065	1.5021172673470204	3	3
pseudo_109	0.3974361034306422	-5.353649630266865	5	5	0.7445274219063759	2.0039626550526592	3	3	0.7316909117782104	-3.1129798164956966	4	4	0.6703480757568794	-2.847201193115396	2	2
pseudo_1090	0.5258812655380836	-7.880883428906624	4	4	0.5440386892935509	-0.9596728885261658	1	1	0.5062993132653021	4.257716207354421	2	2	0.2782519087438283	1.6747529583501892	2	2
pseudo_1091	0.9108247831035664	-5.758419022382857	5	5	0.6858299677441657	3.3718550882504945	3	3	0.4962198033293397	-5.630112080417443	3	3	0.6567405678600139	-8.753440388348611	1	1
pseudo_1092	0.5904292581020972	-4.678155660225136	5	5	0.40123074290781857	12.611511212228534	4	4	0.996447072089243	-2.5613254177403095	4	4	0.2166806625969988	-11.762467568978176	3	3
pseudo_1093	0.8034497146201811	-4.812609787164434	5	5	0.5145769424974942	6.276121020116282	3	3	0.9043012416170285	-0.3243548524053456	4	4	0.9739276904749025	-5.42166272619356	3	3
pseudo_1094	0.34745259899200565	-6.417486063159462	5	5	1.0	0.5828595195823398	3	3	0.22752870155248817	1.759461315496776	4	4	0.0955515570838702	2.00684942382364	3	3
pseudo_1095	0.32556025569709457	0.4612494889684302	5	5	0.8898490748845229	3.30138708794273	5	5	0.9303528197423101	-2.674239991901899	5	5	0.9954978597980527	-3.039464969703331	4	4
pseudo_1096	0.9900711800828141	-3.301818439717225	5	5	0.7231827651624472	0.2033430690716044	4	4	0.26597667402477776	1.7759437492361732	5	5	0.18483403734822568	1.7368720242546019	4	4
pseudo_1097	0.19559560060285863	-7.916811819524997	5	5	0.45153543260689877	8.934586423026058	3	3	0.7182156929428509	0.4526001860041447	3	3	0.5685165379138545	-8.43779750395872	2	2
pseudo_1098	0.32863120179288974	-8.302733226418551	5	5	0.22195739135987935	10.061350116884999	2	2	0.8366371417379277	-2.649721691313893	3	3	0.40646057631660515	-11.592038230046311	3	3
pseudo_1099	0.40091568705679337	-9.439598801791876	5	5	0.5668351997843692	3.2689032400149483	2	2	0.4455061121109073	-3.3787697492333417	3	3	0.9935918463631742	-7.933065660089529	2	2
pseudo_11	0.71354038409151	-5.199475131396341	5	5	0.2461838604277684	11.502050803710665	4	4	0.08758233055642944	7.164086114992778	5	5	0.8760680865244481	-7.7989870805329575	5	5
pseudo_110	0.37026018100471525	-6.512610512808501	5	5	0.892738233639482	3.452101162060025	3	3	0.6062091564566272	0.9584046031508165	3	3	0.6804853578260546	-2.3352633079293574	3	3
pseudo_1100	0.6541582083470081	-4.69951215643728	5	5	0.31053347007596377	4.72932040309034	4	4	0.3520261323683881	-3.76407876002426	4	4	0.5091327089768307	-4.44739184187988	3	3
pseudo_1101	0.5055597482477695	-4.0303567537550045	5	5	0.8271582915209736	8.528807746232225	4	4	0.7336872309440315	-2.9785398142211013	3	3	0.3991102364563004	-8.729877731309594	3	3
pseudo_1102	0.6407435579881753	-5.970276780185998	5	5	0.5819096789887162	2.2522579117634156	3	3	0.8045706381344112	0.21768134550309295	3	3	0.5175570596062204	-1.8762609679867417	3	3
pseudo_1103	0.8421782440715131	-4.205134549001923	5	5	0.6943005178345667	8.255192108205948	4	4	0.5070171181767764	2.7336113014287804	4	4	0.8522827053771316	-5.5472644912253495	4	4
pseudo_1104	0.8985022317476931	-5.021150446716292	5	5	0.752464818944282	9.581513715704903	4	4	0.7728296351287576	-2.6572604077721684	3	3	0.7094597418423237	-8.218804358296437	3	3
pseudo_1105	0.5254394286825499	-8.137839170535383	9	9	0.45361471431089384	8.401562664548317	7	7	0.5212440392615616	1.2243086088872281	7	7	0.4192916387674056	-11.202200013370131	8	8
pseudo_1106	0.3075252229573632	-6.938291151489834	5	5	0.5001835845228213	-0.1565092619587194	3	3	0.5567598267165714	-5.146120146063972	3	3	0.44517304866952323	1.6957009098420404	1	1
pseudo_1107	0.9305842405917852	-5.493652790198584	5	5	0.2909559467401347	15.65226596484707	5	5	0.39522864503131283	2.7143117596317397	5	5	0.5919237703535338	-9.060945557096613	4	4
pseudo_1108	0.44038479210149994	-2.304747591447826	5	5	0.3013643756595116	-1.0720420905027954	4	4	0.473420456215233	0.9482641618866195	4	4	0.15341152958598675	2.1410754303879647	4	4
pseudo_1109	0.8276048900878025	-2.803671805199697	5	5	0.6800210896350422	5.833170413130179	4	4	0.262576919570762	1.683282722327786	5	5	0.37322125700359077	-8.263246560417905	5	5
pseudo_111	0.8034496415690204	-2.873163307497873	5	5	0.17581407673398242	-1.1743815001927806	4	4	0.023417539925684218	-10.429145963434948	4	4	0.8285892790746467	0.8491679253212627	1	1
pseudo_1110	0.06551183965570061	1.3877730454177666	5	5	0.533134486206956	5.29328595108696	5	5	1.0	-2.5247494293766324	5	5	0.546002570572736	-4.7477536072018856	4	4
pseudo_1111	0.2817359933119614	0.6036737435397106	5	5	0.19119630579580937	10.88827731749368	5	5	0.40412224477841885	-8.68605997210151	5	5	0.08123385312419207	-15.260593365826807	4	4
pseudo_1112	0.9108246988657457	-5.148476052676145	5	5	0.16014464495519076	-1.2710023580660874	3	3	0.3901092515910314	-2.6642200379819787	4	4	0.6241345496233696	1.2170606505955028	1	1
pseudo_1113	0.6631641223233999	-5.598330795570182	5	5	0.2857529780082053	-1.0218680458689426	3	3	0.5013320271374476	1.0067806216687207	4	4	0.13442875120864137	1.8489403824994735	3	3
pseudo_1114	0.8973954476422545	-2.6749349559434	4	4	0.7360411704975673	-0.017737882151271478	3	3	0.8205663984883573	-1.9005725208898847	3	3	0.19598544627143877	1.961359394830776	2	2
pseudo_1115	0.6208407156009417	-4.030135999302112	5	5	0.5901692780308903	8.841981960076064	4	4	0.9290349727456663	-0.8697120144295208	4	4	0.3366181506921624	-6.80405845686622	3	3
pseudo_1116	0.16718307419475664	-9.363359132786528	5	5	0.38691557268187815	11.71584889431306	3	3	0.0949478455364956	4.108471453750139	4	4	0.7821727611159226	-8.61190380740903	4	4
pseudo_1117	0.7604543780633822	-5.441837943495076	5	5	0.3686875179246394	2.155013997756541	3	3	0.7050586685747513	-2.82423810988222	4	4	0.8292175195021274	-4.989320488739566	3	3
pseudo_1118	0.3506553571576182	-6.490677398328832	5	5	0.16670530773790282	13.624867556859362	4	4	0.6593273851674191	0.49697616848322523	4	4	0.25266867661575065	-9.590058084182935	3	3
pseudo_1119	0.5544521144248699	-5.040173474859009	5	5	0.7291638873688471	15.907423664815019	5	5	0.5838891299941864	3.131106339346898	4	4	0.9398468559190641	-12.447668180704321	5	5
pseudo_112	0.09917563712713369	1.407024134822817	5	5	0.3543490417972893	2.4628872277665965	5	5	0.05157582570215419	-10.326476829629494	5	5	0.8158282173436158	-4.554049388446933	2	2
pseudo_1120	0.676764407922728	-4.867622466425554	5	5	0.25641517386533896	1.4582923333661573	3	3	0.7722433747642534	0.6037004946270811	4	4	0.20711118778289173	-0.9727756936803912	3	3
pseudo_1121	0.02123864403959888	-9.480143192669885	4	4	0.9220453745398176	0.5486256782234982	1	1	0.39889210318734813	1.9584814534412407	1	1	0.4728154766755992	1.5681713734913227	1	1
pseudo_1122	0.08147429073431367	1.3072477891624408	5	5	0.8421948245554784	5.571879869340318	5	5	0.9746457728001827	-2.47516980857335	5	5	0.7995587803741879	-5.099222213922951	4	4
pseudo_1123	0.891120298764844	-2.5215083664637263	5	5	0.09037803801185884	1.463215928182991	4	4	0.4455994616750272	3.3177614313190875	5	5	0.059219714118075875	-0.9965163084430818	5	5
pseudo_1124	0.6186461196194168	-2.6791486570136223	5	5	0.010555100157783742	-2.302103958148096	4	4	0.1528902210764004	-6.7880640565593255	4	4	0.09640779745190678	2.3482168254535187	2	2
pseudo_1125	0.5419219588046253	-3.51620607890422	4	4	0.9283718814052414	0.8070248017624779	3	3	0.6500929338438237	-4.808018057889974	3	3	0.5308277060524229	1.4055612738456489	1	1
pseudo_1126	0.6407435579881753	-4.350080484270527	5	5	0.11831183145063351	-1.477556839354656	3	3	0.3294630759132753	-4.320716739369016	4	4	0.3154077823191145	1.4543421958256513	2	2
pseudo_1127	0.06829084342008687	1.9010393596930466	5	5	0.3029828090388741	6.073970077185652	5	5	0.3053751270819315	-8.036691007343398	5	5	0.4842971604966001	-6.924248255183169	3	3
pseudo_1128	0.9454326877333342	-7.601255302242991	5	5	0.6309680799450805	11.953854291125632	4	4	0.9178848516894401	-0.6991748175814244	3	3	0.36357366278837844	-9.052758096576136	3	3
pseudo_1129	0.03385916687590556	-9.588497096390933	5	5	0.38839697412902696	8.718362403055092	2	2	0.0564790401491062	6.857908181010248	3	3	0.4138911185318803	-1.7171891221035267	3	3
pseudo_113	0.48199329982592676	-8.34484009760954	5	5	0.950481585546606	-0.016007739137065435	2	2	0.33918644907763307	1.53804883414341	2	2	0.2642592074011081	1.7123721715540574	2	2
pseudo_1130	0.48199329982592676	-5.893927666338413	5	5	0.9731083679586155	5.336303954708069	3	3	0.9506750723839498	-2.0234084365393175	3	3	0.8804963658850083	-7.201506816037777	3	3
pseudo_1131	0.3905317912172386	-4.323526330391912	5	5	0.4756794285675878	0.07454415131803167	4	4	0.45172129607052425	-1.0684077229654072	4	4	0.08800206191027513	2.1595443606519162	3	3
pseudo_1132	0.4976374693697522	-2.2946588118921016	5	5	0.5901692780308903	3.4589455733621297	4	4	0.14050144026308478	2.17326084208854	4	4	0.09157544597785723	-0.6990575784099308	4	4
pseudo_1133	0.34426942132433314	-5.784117126559546	5	5	0.9551956971570861	3.20617576998722	3	3	0.425405755871458	1.2768361519204618	4	4	0.8434426142353991	-5.595905882550688	4	4
pseudo_1134	0.23222452898372214	-2.345792922393489	5	5	0.4696963763709566	-0.6898468677790207	4	4	0.09520392555897313	4.350106600460239	5	5	0.12995541298306518	2.0621654081929095	5	5
pseudo_1135	0.5135479348241209	0.37823049965525574	5	5	0.8421948245554784	5.696621404678581	5	5	0.8115970738311604	-4.832275289334543	5	5	0.9426801010511117	-5.1587981335680935	3	3
pseudo_1136	0.6274452496840538	-8.274141219346005	5	5	0.3104238580840505	-1.1423676036017687	2	2	0.2519346928634192	-5.424517166615543	2	2	0.8285892790746467	0.8491679253212627	1	1
pseudo_1137	0.27896385633945897	-8.612498566521511	5	5	0.1568276462516408	9.444134215341624	3	3	0.1939301308173932	3.778106780273735	3	3	0.7192145505606329	-5.507711836794307	3	3
pseudo_1138	0.8568058609538756	-3.2580383884831576	5	5	0.6172346495985822	7.494247954059176	4	4	0.3950397394169908	-5.607548527197683	4	4	0.38465163968243365	-9.331410113737938	3	3
pseudo_1139	0.1749644862773586	1.0369464588366362	5	5	0.2094378824799784	10.157284590145816	5	5	0.6621079281550658	1.1973891177820166	5	5	0.45350008901413996	-8.980479620611463	5	5
pseudo_114	0.001382999984920925	-10.379651185870747	5	5			0	0	0.00297686044413516	10.8149557230013	4	4	0.09827198119719432	2.15419530421455	4	4
pseudo_1140	0.8519242616010545	-2.5966940110634824	5	5	0.40123074290781857	1.9911708347816788	4	4	0.7116844201290657	-1.168381777056932	4	4	0.8700175836875019	-3.1248846824552174	4	4
pseudo_1141	0.411463231994982	-6.4891200469724835	5	5	0.2960176883678466	9.00388484635502	3	3	0.056529695691027226	8.255187041216688	5	5	0.3678450099748284	-8.173959181271	5	5
pseudo_1142	0.5216013301793341	-3.4651495893025337	5	5	0.31053347007596377	10.073093737723314	4	4	0.6528922292717694	-5.214649916840247	4	4	0.30179087500327006	-15.395785382239687	4	4
pseudo_1143	0.10571590343990923	-8.758666882111056	5	5	0.18752274835270577	13.501995010126393	2	2	0.14891401549289324	6.5074776880123695	3	3	0.9594979328990745	-8.08698372756975	4	4
pseudo_1144	0.45903732131386654	-1.2796837593102584	5	5	0.49387678589692796	2.0240054608538283	4	4	0.4100556759082744	-5.661375156779904	4	4	0.6241887624344389	-3.3527136762410006	2	2
pseudo_1145	0.33795783546767355	-7.990401741340693	5	5	0.21229788944136307	12.702840167964226	3	3	0.4333053417384477	2.56955865344417	3	3	0.34323345256294346	-9.446996322538531	3	3
pseudo_1146	0.10571590343990923	-0.29864527271906677	5	5	0.7231827651624472	5.131701324556781	4	4	0.30785869550560074	-6.252252243873319	4	4	0.5362940865006103	-8.720710328026733	2	2
pseudo_1147	0.47043799384407836	-1.4874543032524878	5	5	0.6217376854373851	8.603200376590465	5	5	0.7586504149151788	-5.73990978887931	4	4	0.5611120910024584	-11.990119643077938	4	4
pseudo_1148	0.12896431800146554	-8.408664929371268	5	5	0.7145800531516097	8.825979113153249	2	2	0.4589562808039581	4.547578854550273	2	2	0.7686482492938345	-4.916809247904814	3	3
pseudo_1149	0.6541582083470081	-4.381724451852	5	5	0.1820903479356254	12.012160233953132	4	4	0.9113596326844167	0.021688654493166204	4	4	0.3300854258991952	-8.661427001568983	3	3
pseudo_115	0.013504359689754422	2.6921688989693138	5	5	0.03251516743302495	-2.130656450975694	5	5	0.25920729377161533	-7.128806391680392	5	5	0.4138911185318803	1.2143702677865733	3	3
pseudo_1150	0.5176510761957344	-9.00228640807172	10	10	0.5947883025894138	9.043327482704946	6	6	0.3649959176789457	3.2860896619464257	9	9	0.28510254386738654	-9.058914676889895	7	7
pseudo_1151	0.9900711800828141	-5.513266309399813	5	5	0.3452303147716379	-0.8557642203394872	3	3	0.43028525066478096	-5.741334995273873	3	3	0.34424439292855846	2.009632597514509	1	1
pseudo_1152	0.12247917051159904	-9.799144016984862	10	10	0.7710283355055914	12.121087726158583	7	7	0.30913955948129324	-9.305735322687903	5	5	0.6155312701319398	-11.372717519831715	4	4
pseudo_1153	0.061952095712630155	1.1983730681366764	5	5	1.0	8.587932622163777	5	5	0.8363345932280623	-3.058715218512207	5	5	0.8346219406374424	-8.360991209704695	4	4
pseudo_1154	0.5712486909673462	-5.605471926854171	5	5	0.2307279859864385	9.707943305211787	4	4	0.16883358591137876	4.62108886751032	4	4	0.8700175836875019	-5.469131315702985	4	4
pseudo_1155	0.667685504545382	-2.002164428634815	5	5	0.8271582915209736	5.310131927614999	4	4	0.7927633015059123	-2.8580695376725314	4	4	0.870193222569462	-5.193197022822336	3	3
pseudo_1156	0.3837008599460243	-1.1924513853373868	5	5	0.5162115811839872	11.237563408456777	5	5	0.6678801609851692	0.20237670986126424	5	5	0.9799320361226214	-11.531837226294861	5	5
pseudo_1157	0.3779096134874169	0.5325643488109604	4	4	0.672923790169198	8.800194765587447	4	4	0.3520261323683881	-5.6795068085312375	4	4	0.22158298310542035	-11.525657747085264	3	3
pseudo_1158	0.34426942132433314	0.4279470814540837	5	5	0.8017966961132214	5.97041637206173	5	5	0.1668108636489707	-9.236731814502642	5	5	0.3172679651218048	-9.03990569913276	3	3
pseudo_1159	0.2680612248718265	1.3170032454819467	5	5	0.3543490417972893	2.271717730546331	5	5	0.24280901497632057	-8.617638017535947	5	5	0.8908197786395017	-5.018789948742836	3	3
pseudo_116	0.09665168814755434	-0.7940105280341868	5	5	0.9651678359385234	5.001651646748781	4	4	1.0	0.0546937832011453	5	5	0.6910466950722278	-8.5193161281518	5	5
pseudo_1160	0.9677392852394087	-4.896991702600174	5	5	0.49306782262246085	2.0948555909606643	3	3	0.3403546054826989	3.532225819039375	5	5	0.4666755734073169	-1.7349700160128674	4	4
pseudo_1161	0.5712486909673462	-4.769505295703225	5	5	0.03827699809948425	13.156753855113381	4	4	0.36131899320800476	3.985085209700569	4	4	0.22078258450685484	-9.579531753420786	4	4
pseudo_1162	0.6541582083470081	-2.3682042626092477	5	5	0.0941309437225227	-1.6365210257888918	4	4	0.42918802485605134	-2.906393546463582	5	5	0.37266192245426943	1.4653844406568632	2	2
pseudo_1163	0.4294051525609379	-5.310036424813436	5	5	0.19628151064400223	9.497554298403378	3	3	0.8621287216111431	-0.8509330923487863	4	4	0.2614873773295253	-13.406922585969923	4	4
pseudo_1164	0.9553424986740303	-0.9576426074420361	5	5	0.47248370607029855	7.4795355696000305	5	5	0.8363347198578763	-4.396278583288652	5	5	0.8082897813269934	-8.800513039659785	4	4
pseudo_1165	0.5115445868965343	-1.7459324728322556	5	5	0.3059261486361967	10.218866168105139	4	4	0.504500456314138	1.2799124431787718	5	5	0.7209507424395869	-12.27107070823435	5	5
pseudo_1166	0.9256399007906221	-4.44629708582264	5	5	0.543996372783599	5.749580399261714	3	3	0.6984552139451855	0.8387511731828402	4	4	0.9954978597980527	-8.283118253705965	4	4
pseudo_1167	0.7368747939779642	-4.6752765817605635	5	5	0.7107786755206931	2.474953142232222	3	3	0.8831735908066727	0.1843880116156645	4	4	0.4289911441296608	-1.7355815548963267	3	3
pseudo_1168	0.5015903276820892	-5.37766238265115	5	5	0.32827648480074934	-0.38992353344562886	3	3	0.342886044040806	0.9590827617337108	4	4	0.03474681712255077	2.596035739221204	3	3
pseudo_1169	0.2930109898368324	0.8230179208809743	5	5	0.15573126011647193	1.0208987974671135	5	5	0.2558677404638494	-6.758309231926257	5	5	0.500780752311927	-1.4374683106197461	3	3
pseudo_117	0.18713880397703697	-1.2048292491457262	5	5	0.7746652364788146	5.856629673761598	4	4	0.12515534722568572	4.187557020339	5	5	0.27941832265442845	-4.622745674414339	5	5
pseudo_1170	0.2930109898368324	-8.557007689424335	5	5	0.10808825834134261	12.25696930004552	3	3	0.07119643170404165	6.61904167244952	3	3	0.5385241945222166	-8.853888027591642	4	4
pseudo_1171	0.9677392852394087	-7.878990332331409	5	5	0.24225350841890403	16.206442624133192	4	4	0.476849308594961	3.2478118920648384	3	3	0.4262586054679042	-12.524213610554554	4	4
pseudo_1172	0.48978177101619746	-8.311031163333446	5	5	0.061489243366911424	-2.154358438493899	2	2	0.9588878863680067	0.19417954071666185	3	3	0.0932325967168777	2.3491597635230095	2	2
pseudo_1173	0.8394581407222794	-9.202172969329402	10	10	0.35547568653132045	11.323500742612284	7	7	0.5976086145338042	-7.9911137779177706	7	7	0.3527224315465417	-16.340281590235005	6	6
pseudo_1174	0.47427267617343294	-7.638508257998204	5	5	0.02973738149804821	-2.4565900484885415	2	2	0.33918644907763307	-5.055875166989006	2	2	0.2790054984599608	2.21433687060288	1	1
pseudo_1175	0.805857137359781	-1.997542401440979	5	5	0.9961285445921516	6.401039370643264	4	4	0.18718259000209547	5.189350568751073	5	5	0.3625172550089941	-4.9961852484105025	5	5
pseudo_1176	0.20655628688821548	1.2483029395761518	5	5	0.98618779371086	5.560639673117254	5	5	0.720680616278366	0.24172466844500895	5	5	0.8052872096850119	-5.384065943019327	5	5
pseudo_1177	0.5925787624647025	-2.316194050167073	5	5	0.17273775823023463	1.6240496227770607	4	4	0.09319844506580134	-7.418263155270826	4	4	0.7177868332479136	-4.939933785734777	2	2
pseudo_1178	0.6722189809544157	-4.035128895433652	5	5	0.6518081506179378	4.921980843277982	4	4	0.7927633015059123	0.37083654318276177	4	4	0.546002570572736	-4.7547063621299275	4	4
pseudo_1179	0.6950627034372938	-2.9150450011049815	5	5	0.752464818944282	6.822092431205934	4	4	0.3338990682662064	-5.986158976876898	4	4	0.3172679651218048	-9.031478027896767	3	3
pseudo_118	0.6950627034372938	-6.016526137414384	5	5	0.43153494984794094	-0.7507464727840402	3	3	0.7183320166231253	-3.605867924686741	4	4	0.39905555634338286	1.4311666587789738	2	2
pseudo_1180	0.9305842668641006	-4.115820666213632	5	5	0.3540489517073495	8.969271015559736	4	4	0.40501306695312633	2.960019587927967	4	4	0.7648948966991103	-5.560521100180156	4	4
pseudo_1181	0.9982619288518775	-8.360678937596296	10	10	0.2080059470188541	14.157452952780757	8	8	0.28217626762807846	1.3795817845708431	8	8	0.6791122879914828	-13.130724062076089	8	8
pseudo_1182	0.78425866361207	-7.393602506188661	5	5	0.624085036583969	11.064392263121876	4	4	0.7183320166231253	2.607642622828232	4	4	0.7487488115809312	-5.340726883761808	3	3
pseudo_1183	0.7321876546641092	-4.478240744728332	5	5	0.24609067384536432	15.254058818666104	5	5	0.05253643742947494	6.858190946337896	5	5	0.7975092115316317	-8.982945250489662	5	5
pseudo_1184	0.533801708824164	-4.414008372473655	5	5	0.5665967691266467	2.027374019516353	3	3	0.9254968649843824	-0.7178632554555916	4	4	0.4925019824796658	-1.5837283971335567	3	3
pseudo_1185	0.3194895406309568	-7.299205007920603	10	10	0.905449599856759	12.181593794645956	8	8	0.6140877162524128	4.289356688013134	9	9	0.9027441485147566	-12.24077001297852	9	9
pseudo_1186	0.09790671892031833	-8.303909553329225	5	5	0.22496387730198797	11.444180024917035	1	1	0.7372703233771958	0.3749916367141761	2	2	0.27119373272877434	-10.071698461500269	2	2
pseudo_1187	0.44038479210149994	-1.1380744098896407	5	5	0.2641579367674023	13.425718621544851	5	5	0.2872132294336869	-6.161700713836641	4	4	0.14597185363951784	-19.717087665134965	5	5
pseudo_1188	0.7509944190436915	-6.345761144048081	5	5	0.29237736694890715	12.431744831114981	4	4	0.5596668740037345	0.4049317113462094	4	4	0.60558535708291	-7.949799468217563	3	3
pseudo_1189	0.0019038073128270377	2.461878961735564	5	5	0.13426822344286252	1.8145803172932233	5	5	0.51984181123761	-3.513876755100881	5	5	0.5841481938650368	-2.024189708729159	4	4
pseudo_119	0.8753757912614725	-3.1702115141467027	4	4	0.10406069844511139	12.654081082347226	4	4	0.621110009841441	0.4937511696555627	4	4	0.17746877012145856	-12.002014314418082	4	4
pseudo_1190	0.6541582083470081	-7.695178398259447	5	5	0.2708118684024159	9.318969878002664	3	3	0.9588878863680067	-0.4705347222783299	3	3	0.1718971713946742	-9.63118900200741	3	3
pseudo_1191	0.8324563445374977	-5.923713387261657	5	5	0.22065121101801044	-1.0092787894985549	3	3	0.6054755265490105	-2.6594248007614976	4	4	0.5050175619871264	-0.27709330955458666	2	2
pseudo_1192	0.40410723023542894	-10.11706355115153	10	10	0.8625579054899102	8.58820287828029	5	5	0.6304655403277286	3.79597135009826	7	7	0.6242474932539452	-8.675619692112122	6	6
pseudo_1193	0.21195963799337025	-9.388506230906644	10	10	0.8530851136994657	11.543983435901426	6	6	0.6201780266142218	1.1259884227346486	6	6	0.8082914430755131	-11.103093177243196	6	6
pseudo_1194	0.36670293152581035	-6.142885142386764	4	4	0.8413972740034625	4.1078473655047	2	2	0.7105225755426272	-2.611268573956008	3	3	0.955166061730401	-7.828736962124015	2	2
pseudo_1195	0.8519242616010545	-2.616111621678946	5	5	0.9188395857235161	6.298793241215134	4	4	0.8481520330018609	-1.958574127053821	4	4	0.7735198011655687	-8.446777150395967	4	4
pseudo_1196	0.6974150277025654	-4.802053922097024	9	9	0.5079113854456092	4.983805607773707	7	7	0.24499591309818436	-10.077788923942222	7	7	0.6043363339783826	-9.095061880116134	5	5
pseudo_1197	0.7368747939779642	-1.5518301424183873	5	5	0.31988481626118637	1.6124115927541212	4	4	0.08645793952953462	-8.992214850476218	4	4	0.26900936251825636	-11.22030320255012	1	1
pseudo_1198	0.19992758361016416	-8.730687189938365	5	5	0.745702920008283	5.075686431852587	2	2	0.6531405001217736	-4.1926160632300915	2	2	0.5765910406143703	-9.123697882561546	1	1
pseudo_1199	0.24335213634745256	-8.432732571713588	5	5	0.024668533900974555	17.312252972510738	4	4	0.6715037276865381	-4.433878916097621	2	2	0.030685629133972752	-19.456838643033997	4	4
pseudo_12	0.12280962196639651	-1.4155746876596247	5	5	0.6036337845565438	9.582305066704036	4	4	0.2460289049168457	-3.390888036118742	5	5	0.08123385312419207	-16.43050719710836	4	4
pseudo_120	0.6230389567030741	-2.376488402505006	5	5	0.23836750553462438	1.1884104840441736	4	4	0.28342910731688276	4.295301894633005	5	5	0.2103240305852001	-0.9200980585189568	5	5
pseudo_1200	0.676764407922728	-4.042712240990497	5	5	0.1697014368657257	12.904294401530414	4	4	0.5498593572265599	-3.205307443234887	3	3	0.10535399481455689	-15.756298746251332	4	4
pseudo_1201	0.20655628688821548	-1.3951895707409978	5	5	0.737776224888011	8.69077524322549	4	4	0.26369927700699036	-3.968573873439903	4	4	0.28079900472908725	-8.929109244538017	3	3
pseudo_1202	0.9916578011430095	-0.4447661111934413	4	4	0.29684812617975787	10.683229195876997	4	4	0.3383733998339695	-5.943570545356439	4	4	0.06624492456581227	-13.264427492034484	3	3
pseudo_1203	0.360374094036118	-8.63611860578365	5	5	0.7249046593296341	4.6149305967660395	2	2	0.15034818982381962	6.780725116483764	4	4	0.43949885675382794	-1.7828817805290758	4	4
pseudo_1204	0.3474530563446899	-8.709876274675516	5	5	0.7772464278740601	-0.2620377844878883	2	2	0.38647546217210615	3.0901115432466457	3	3	0.3300854258991952	1.275708803484888	3	3
pseudo_1205	0.05073108666532966	-9.420552060528657	5	5	0.25631328193687175	-1.8160998895306335	1	1	0.4213001025615869	3.183144608654096	3	3	0.6820940333450014	0.9117382823554241	2	2
pseudo_1206	0.3669462599849117	-7.755987411684283	5	5	0.35683749292497247	9.173246030095369	3	3	0.35665349150070447	2.9565943989597248	4	4	0.43949885675382794	-9.438711346332388	4	4
pseudo_1207	0.1500412712613057	-6.557481470849827	4	4	0.8522047471066597	4.862009553106819	2	2	0.7041101825793004	-4.135090963987094	2	2	0.28925131733010245	-10.582447621200387	1	1
pseudo_1208	0.5586285266713641	-1.8690773538624101	5	5	0.2792375759961536	1.8682446204601806	4	4	0.9467455070486619	-0.2379338164001199	4	4	0.35770445094096925	-1.3773361838035185	4	4
pseudo_1209	0.9184530810908489	-9.829829855966977	10	10	0.6566259056985453	15.508074755772865	8	8	0.9859659314139109	-2.9878255290890254	9	9	0.9478549671208554	-9.643608728647306	5	5
pseudo_121	0.3348306407358873	-8.896914298314014	5	5	0.5742290562137042	8.66650602261457	3	3	0.46416927127788754	1.3192838907511206	3	3	0.7786313571194479	-7.527982416622459	2	2
pseudo_1210	0.45903732131386654	-5.673264019206162	5	5	0.9806445457560294	8.938195644042176	4	4	0.11470214334518179	-6.711340674861225	3	3	0.25266867661575065	-11.791140019847633	3	3
pseudo_1211	0.3164584337353391	0.9467477611056045	5	5	0.5561265906259225	10.527660999561194	5	5	0.48940090452114104	-6.2509194439186	5	5	0.32341741148779524	-13.301987671617619	4	4
pseudo_1212	0.2522620897122625	-1.4455046806339078	5	5	0.254178132063704	1.6270837309403856	4	4	0.8115970738311604	0.6444611312847196	5	5	0.22078258450685484	-1.3573667891583192	4	4
pseudo_1213	0.7604541577860997	-7.602732698058162	5	5	0.44372095503803965	-0.9035088131302409	2	2	0.04853469673147757	7.169569677013366	4	4	0.017523031538044253	2.7752042426138246	4	4
pseudo_1214	0.11834605372700109	-8.675968242881764	5	5	0.26659581258645726	9.618190949882353	2	2	0.5847761143376284	2.965734605999693	3	3	0.60558535708291	-6.071117488545066	3	3
pseudo_1215	0.44408014227857784	-5.578792842568451	5	5	0.43814406128980377	-0.5663752678134054	3	3	0.16926216747491196	4.284688215081496	5	5	0.015016877868293775	2.501875886919761	4	4
pseudo_1216	0.8862040745983679	-8.26177105646637	5	5	0.7249046593296341	3.470669016298804	2	2	0.8045706381344112	-0.3921427977229533	3	3	0.7786313571194479	-3.655071227056615	2	2
pseudo_1217	0.44038479210149994	-8.725922647112895	5	5	0.7352795284897797	4.751532367556467	2	2	0.2625670684633893	-5.452026182526985	2	2	0.33274338923745705	-9.993693175419507	1	1
pseudo_1218	0.8421782440715131	-2.8297230359234677	5	5	0.42583019277096246	9.15145500304453	5	5	0.2979378468276843	0.6121893644330396	5	5	0.817044721781739	-4.713911729041396	4	4
pseudo_1219	0.3659867819959469	-1.8479278321435242	10	10	0.9034861465668167	9.577328913431387	9	9	0.5497992274898051	-8.802375176051642	9	9	0.9452529414784763	-9.431895315350928	6	6
pseudo_122	0.6012118775527284	-5.420775293788743	5	5	0.29684812617975787	11.829232696109955	4	4	0.6400994920987608	-3.7323412314773474	4	4	0.15991654473201622	-11.417996633408803	3	3
pseudo_1220	0.3636508899901205	-4.058137336108614	5	5	0.044286803490048286	-2.1664509767358715	3	3	0.5359427235117435	-3.0640632768977585	4	4	0.12112169966343417	2.202574207288338	2	2
pseudo_1221	0.6496739572048208	-5.585192260382153	5	5	0.7672435995177201	4.922003686840563	4	4	0.4962198033293397	-3.374459117348586	3	3	0.7987815134894407	-5.4640278331718335	3	3
pseudo_1222	0.772329654021169	-4.204144655866699	5	5	0.31053347007596377	12.017148304181026	4	4	0.639221981166468	3.1067280799337276	5	5	0.6476331680190908	-11.348088270222968	4	4
pseudo_1223	0.9305842668641006	-2.5288730127899504	5	5	0.8727853087933759	2.941758930773044	4	4	0.5302020038461694	0.22656983250326154	5	5	0.713432485172854	-5.144733336467897	5	5
pseudo_1224	0.5452723190377433	0.18435483431182773	3	3	0.6612191297896182	0.19003636870538956	3	3	0.5918812633143121	-4.710863054403213	3	3	0.5458753193550323	1.3808077259426863	1	1
pseudo_1225	0.34556492463893285	-8.604282879338625	10	10	0.8893377564698286	12.497881706313214	8	8	0.7129976976030521	-2.922829200569716	8	8	0.6307413894087728	-12.400569459672909	6	6
pseudo_1226	0.757073605672664	-8.78389882034687	10	10	0.205955984733589	5.69426114613804	6	6	0.46719319357312417	3.7372205050515905	9	9	0.058089150583994324	-8.811082271164864	8	8
pseudo_1227	0.24209770765590943	-1.6498152046987966	5	5	0.98618779371086	7.936356372589245	5	5	0.3821131176130116	-3.4904875816589924	5	5	0.8033785783179226	-7.462617236233237	2	2
pseudo_1228	0.22921152462917593	-1.6831936580722535	4	4	0.40568305810496186	1.9803714306317122	3	3	0.11470214334518179	-6.751194960933504	3	3	0.44517304866952323	-9.527200557761606	1	1
pseudo_1229	0.1436865330860503	1.6437762433358447	5	5	0.1458910199919692	10.090757002990147	5	5	0.9240396223794282	-1.969603703856344	5	5	0.20668386202053146	-12.152227744881088	5	5
pseudo_123	0.8568057265888361	-3.4914280111731486	5	5	0.9883859983561083	3.6984554010463064	4	4	0.26597667402477776	1.72762186254728	5	5	0.5091336854681567	-2.1463859021263096	4	4
pseudo_1230	0.6813216405174065	-3.383154035199032	5	5	0.025937551484281923	11.41438036676576	4	4	0.9538375681389846	-4.275252624496097	4	4	0.04279525982926822	-15.593559736386306	4	4
pseudo_1231	0.7181866920382842	-5.072813201103973	5	5	0.6518081506179378	5.237435307459018	4	4	0.35884087700069967	-6.049280276428147	3	3	0.38133713658696033	-9.133821716049765	2	2
pseudo_1232	0.37026018100471525	-8.214677513535646	5	5	0.19628151064400223	9.595940740684316	3	3	0.8527763562295603	0.47808589728964224	3	3	0.22522201343532233	-9.683652162513894	2	2
pseudo_1233	0.9206984051801299	-2.466897437390305	5	5	0.41089755078594137	9.902338612168302	5	5	0.25920729377161533	4.040389281859469	5	5	0.8919539175558792	-6.055695764265277	5	5
pseudo_1234	0.7986403367560554	-3.3413807593124267	5	5	0.16374911722387264	-0.4268872923654404	4	4	0.16338610591192515	-9.923683722929255	4	4	0.5458753193550323	1.3808077259426863	1	1
pseudo_1235	0.14887033285442197	-9.66025219589236	5	5	0.8630400426959824	4.5626961277659985	2	2	0.2836195840808067	2.096157913205255	3	3	0.9423761816144207	-3.676205809665195	2	2
pseudo_1236	0.0941793822727272	-1.2530981579117555	5	5	0.19850423358211944	2.098921613940467	4	4	0.5406657212648203	-3.0416940420383405	5	5	0.5784813256465693	-4.483810538563625	3	3
pseudo_1237	0.06642762704165261	1.7272016199199098	5	5	0.294929038425885	1.7845575648665672	5	5	0.4176844009014853	-5.557286842659281	5	5	0.6519751063056869	-1.8905761470073568	3	3
pseudo_1238	0.008646157476538241	1.9789703908986143	5	5	0.5855301570288951	9.5098946694211	5	5	0.312934534758911	-9.605651115160521	5	5	0.18483403734822568	-15.279038194985425	4	4
pseudo_1239	0.7181866920382842	-5.044167730165955	5	5	0.9729049155392885	8.512087314682141	4	4	0.6984552139451855	-2.311792598342899	4	4	0.4004872972660001	-12.036923100259658	4	4
pseudo_124	0.8568058609538756	-4.637600195701986	5	5	0.03919138682789869	13.326574082570891	4	4	0.9588878863680067	-0.12179397857239897	3	3	0.046387853665761904	-13.040706297844531	4	4
pseudo_1240	0.5095452445351936	-5.316900717716515	5	5	0.3012414809297749	6.818500036406465	3	3	0.4100556759082744	1.2887533867551755	4	4	0.7586785504415519	-4.953921942009644	3	3
pseudo_1241	0.47043799384407836	-2.220513700577165	5	5	0.5636638095829386	8.977785933645741	4	4	0.9396576634790652	0.10912669514885005	4	4	0.5687419866077745	-8.692925779360875	4	4
pseudo_1242	0.04613106877284192	-9.454500315625582	5	5	1.0	-0.01194531010400901	1	1	0.09347373921034216	6.178573151857414	2	2	0.19048791733239945	1.9601550800481773	2	2
pseudo_1243	0.6274452496840538	-8.963633291328632	5	5	0.6637699154186915	3.685257634401811	2	2	0.5990257924573887	3.4342466571384294	3	3	0.4681122442692611	-1.7850662155275312	3	3
pseudo_1244	0.5462401421717697	-8.017247701892787	10	10	0.5918963559223793	15.873769318409074	9	9	0.42589080644226607	3.345339072470773	10	10	0.35452727012303475	-9.4587523460485	8	8
pseudo_1245	0.44116454594862664	-1.8391002698882504	4	4	0.8749977433549524	2.572077312017465	3	3	0.3250654430677995	3.3459360490342043	4	4	0.2965382321620964	-1.7395922456353776	4	4
pseudo_1246	0.9801438975978024	-5.36064151703057	5	5	0.6941098300813123	2.3941315303088775	3	3	0.5777879834322077	0.4095315061131111	4	4	0.7094597418423237	-2.096779469579037	3	3
pseudo_1247	0.14539885871696304	-0.8431480592888265	5	5	0.6036337845565438	2.349737943302127	4	4	0.4463857270827286	-5.915320231489376	4	4	0.8033785783179226	-3.5845803207423375	2	2
pseudo_1248	0.6767642922170658	0.16024735381581484	5	5	0.10929893452907459	11.055230717752009	5	5	0.1871822439221793	-8.969886989565884	5	5	0.019196470975526243	-16.614953047017963	4	4
pseudo_1249	0.022036260647438195	2.3065840346093283	5	5	0.2641579367674023	4.678221131720936	5	5	0.0319291979666639	-10.886045486507124	5	5	0.4925019824796658	-8.793654258756147	3	3
pseudo_125	0.360374094036118	-6.545582959548361	5	5	0.892738233639482	5.542145521720634	3	3	0.901538468117128	0.11365951100377604	3	3	0.9011617330967618	-5.270170412443276	3	3
pseudo_1250	0.10361264423817729	1.1691776353133343	4	4	0.6309680799450805	9.933926911553888	4	4	0.36131899320800476	-5.799036586624488	4	4	0.1888997225385911	-11.957075194670116	3	3
pseudo_1251	0.6950627034372938	-3.396268968470217	5	5	0.26650522510487673	10.812235221236117	4	4	0.46249988490842575	-5.819440308899682	4	4	0.09046321888575509	-12.95596541995522	3	3
pseudo_1252	0.0836747787193495	-1.1242913410234878	5	5	0.6968932143303033	11.777520664075402	5	5	0.6023701911153629	-3.262037597696146	4	4	0.4237682373897682	-15.434217450821853	5	5
pseudo_1253	0.2930109898368324	-6.946699692372061	5	5	0.5974132364292704	0.23433477433161679	3	3	0.9178848516894401	-1.8720550366500222	3	3	0.5469320728860858	1.1255971351016907	2	2
pseudo_1254	0.12432635580662817	-8.767754937471098	5	5	0.3237739636801802	9.284804571569513	2	2	0.974752649054166	0.018041538133664367	2	2	0.37266192245426943	-9.108447435162267	2	2
pseudo_1255	0.04647206564976144	1.738054618137438	5	5	0.10739643209603474	1.7788726946965312	5	5	0.4086134098378291	-7.824500701381332	5	5	0.9530885481507942	-3.5516336111507774	3	3
pseudo_1256	0.1691036074935084	-9.010437618814853	5	5	0.6738180897323216	4.590927548988513	2	2	0.08483583229213215	7.320501325527089	4	4	0.2473792923762549	-1.4402280075522433	4	4
pseudo_1257	0.44038479210149994	-1.6840719092390757	5	5	0.7014815199726457	6.466294085885824	4	4	0.8674830823962894	-0.54899353624684	5	5	0.9594979328990745	-5.66206048407307	4	4
pseudo_1258	0.43304724112648785	-2.120574519603555	5	5	0.45785602422965666	2.124154516630846	4	4	0.8425455294761101	-3.810023734009907	5	5	0.36357366278837844	-1.0731239118021518	3	3
pseudo_1259	0.5882836315998652	-6.077725022470127	5	5	0.2757315773800072	-1.008982908870865	3	3	0.262576919570762	4.057954197957399	5	5	0.08731846743459899	2.2669698721170217	4	4
pseudo_126	0.2817359933119614	0.8641069611116207	5	5	0.8966936199745468	6.152150771064032	5	5	0.312934534758911	2.14916113779689	5	5	0.6543385036711127	-4.455520218899977	5	5
pseudo_1260	0.71354038409151	-5.41576613178414	5	5	0.49387678589692796	8.381053543877686	4	4	0.5459360187299576	3.9420937827987523	5	5	0.5175570596062204	-4.119762405872048	3	3
pseudo_1261	0.38031299647134453	-5.596737914055432	5	5	0.4696963763709566	9.07281363075274	4	4	0.7116844201290657	-0.23779629516380205	4	4	0.4842971604966001	-6.397880036738347	3	3
pseudo_1262	0.3636815499922297	-8.372547655528814	10	10	0.27898847656568193	12.146837429515962	8	8	0.0847391439468494	-10.41569960860542	8	8	0.6557652389588101	-11.31305450289655	4	4
pseudo_1263	0.6996656835808294	-2.291878949992068	5	5	0.7970514415009561	5.7048351627245895	4	4	0.25245446359616475	1.3831868608191946	4	4	0.7137900768594891	-4.504702941913226	4	4
pseudo_1264	0.7557198205586574	-5.180267965304464	5	5	0.2517365818013616	1.732088888412995	3	3	0.2011011918049206	-4.086558199250042	3	3	0.6586821561494349	-4.44235927855586	2	2
pseudo_1265	0.042166926693863696	2.089917305771651	4	4	0.061750223843485545	-1.9739256605005824	4	4	0.26369927700699036	-6.28675696001773	4	4	0.25075941877699237	1.75852348680327	2	2
pseudo_1266	0.6186457867723751	-2.47886931510208	5	5	0.44618504707442797	1.8822048179989832	4	4	0.8691335728152966	-2.4688708612091896	4	4	0.34993123056735387	-1.4918266497718602	3	3
pseudo_1267	0.5712486909673462	-5.895880728117639	5	5	0.5218535200068654	2.615703906385597	3	3	0.38647546217210615	-3.590184386512606	3	3	0.8283245204925728	-4.522961655540702	2	2
pseudo_1268	0.23741159873149864	-8.293263950704254	4	4	0.3088115329943374	10.549564627193114	1	1	0.5144322854869859	1.5265919776769703	2	2	0.8534448419467351	-7.471954076630583	2	2
pseudo_1269	0.31947363975467924	-1.7127087296970036	5	5	0.752464818944282	8.848642547307291	4	4	0.47454810316983187	-3.6042449993123715	5	5	0.31248089938977675	-12.025506694604026	4	4
pseudo_127	0.9157599695600442	-5.04340956165592	5	5	0.9194471539626119	2.683284660626221	3	3	0.6650050329875932	-1.7902827623942	3	3	0.6586821561494349	-2.9255741917722453	2	2
pseudo_1270	0.37041556245422746	-2.087645559459579	4	4	0.9910346135778847	2.8427134956878244	3	3	0.6918745031735067	0.5443232506108227	4	4	0.9322814328926539	-2.388188116522219	3	3
pseudo_1271	0.271302421007365	-9.771082649349351	10	10	0.423806344546392	12.458345937553347	6	6	0.2066563147345578	3.9716351368122447	7	7	0.7068982005189662	-12.190462371599509	7	7
pseudo_1272	0.7181866920382842	-2.385122420123585	5	5	0.15231852832858572	-1.6252748631449851	4	4	0.6563557030333143	1.096331906447291	5	5	0.10294964949136565	2.0942727689943417	4	4
pseudo_1273	0.5754853585456245	-5.3708162300868985	5	5	0.8485071080769009	3.0675359528101946	3	3	0.23446425612920074	4.314977708805052	4	4	0.2965382321620964	-1.9127262750005893	4	4
pseudo_1274	0.9638621771936847	-3.73297877259442	4	4	0.7352795284897797	4.1743214820909325	2	2	0.553688359064076	3.7148582418789804	4	4	0.4681122442692611	-4.506857271120357	3	3
pseudo_1275	0.5056205663744708	-2.1223516448803106	4	4	0.5590134710819445	1.9120798308726414	3	3	0.06497037837215669	-7.113950009199189	3	3	0.7410490152007221	-8.408925022310278	1	1
pseudo_1276	0.6586549765979004	-7.682547473349055	5	5	0.5032902174367295	3.355307141024796	2	2	0.662296732380178	-0.5039422514777999	2	2	0.8283245204925728	-3.700933794229014	2	2
pseudo_1277	0.4781244693117621	-1.6273404393104567	5	5	0.19850423358211944	1.1581035156334583	4	4	0.08323843005237859	-9.602209967594098	4	4	0.8285892790746467	-7.677810470765589	1	1
pseudo_1278	0.08039178708071257	-8.984396059454275	5	5	0.16014464495519076	9.461507761734198	3	3	0.403662939943215	1.5857785820267623	3	3	0.7786313571194479	-7.527982416622459	2	2
pseudo_1279	0.9058930346079408	-4.521053967171099	5	5	0.08355008047033366	-1.5900551684396316	3	3	0.03921072703884309	-9.84464667776986	3	3			0	0
pseudo_128	0.08256859269243783	1.6603879563753836	5	5	0.5678012916525538	10.002882252122733	5	5	0.7627050210277373	-5.144933370522296	5	5	0.2427972606249884	-11.822506620871488	4	4
pseudo_1280	0.41146367565648345	-5.501499337928666	5	5	0.7787740228595545	3.702245649352401	3	3	0.5498593572265599	0.6872986475474067	3	3	0.8394225267808086	-2.8566314035314133	3	3
pseudo_1281	0.2396021604736418	-9.1460719548303	5	5	0.5032902174367295	-0.6512732416599984	2	2	0.4202521562214223	3.440860925247007	4	4	0.2926251990958356	1.4617646550702048	3	3
pseudo_1282	0.6186461196194168	-1.924579112776102	5	5	0.1148059094577314	-1.7779998217245125	4	4	0.8411812671596929	-2.6864017526641324	4	4	0.10927773638210346	2.0609928933646517	3	3
pseudo_1283	0.5175665261031901	-5.623369678827849	5	5	0.7275870029403386	2.43698955885028	3	3	0.7927633015059123	-2.424836320482859	4	4	0.7058159981702965	-4.429495754756694	2	2
pseudo_1284	0.2845267593961226	-2.7385816688636795	5	5	0.7751490236049794	10.33966624679293	5	5	0.9043012416170285	-2.150632446525682	4	4	0.7137900768594891	-8.843174050045052	4	4
pseudo_1285	0.5379008217646373	-1.6069181767900058	5	5	0.752464818944282	5.42824151220539	4	4	0.9619766598731511	-0.03559614547706191	5	5	0.7053890414270343	-5.5204067370735475	4	4
pseudo_1286	0.22028885134411358	-8.526100211809839	5	5	0.17394434127805736	11.966087619052267	3	3	0.20846379315938257	6.079284036253516	3	3	0.5784813256465693	-5.728487984525169	3	3
pseudo_1287	0.19133265765256635	-2.0737240889712583	5	5	0.05528766682779465	1.468246371318628	4	4	0.07272700785532293	-7.15076686856112	4	4	0.8408644267658066	-3.677307582800278	2	2
pseudo_1288	0.4871216238937651	-8.527507107436058	10	10	0.05692649006055509	17.021813568465124	8	8	0.7918402679476666	-3.3123502312689586	7	7	0.006633141405828196	-13.633767380170612	6	6
pseudo_1289	0.9167242586103759	-8.434090819830772	10	10	0.3882054887689247	6.131290294444717	6	6	0.3813363633509904	-9.456639219581357	6	6	0.8967401735803221	-8.637256075962389	4	4
pseudo_129	0.9454326877333342	-5.343244313271765	5	5	0.07583256407825147	-1.6169783864350282	3	3	0.8065243978601656	0.6556157350215075	4	4	0.050651547349365104	2.4813734791630893	3	3
pseudo_1290	0.30605256056219454	-9.10306912550211	5	5	0.5365637960944252	8.70312201862329	3	3	0.24878155895041998	6.094850104923721	4	4	0.790852762293555	-5.361992729994697	4	4
pseudo_1291	0.4395086505550715	-8.466531363977984	9	9	0.480344511998961	8.279025843879241	7	7	0.9676753863203733	-3.4618740144745725	8	8	0.3468258600187204	-4.373525392563605	5	5
pseudo_1292	0.22980152666978781	-1.4664747893024703	5	5	0.5795920272960879	9.091555633249648	5	5	0.9113596326844167	-3.262827760902549	4	4	0.5360538977041704	-12.83629067500734	5	5
pseudo_1293	0.7209049049871332	-9.57342629478555	10	10	0.016498466578536677	-2.2516621555947274	5	5	0.43031164083197526	4.159575121492894	8	8	0.036816641033930106	2.6680161366490953	5	5
pseudo_1294	0.26538194102987545	-2.364341688304162	5	5	0.4940888514292332	6.218891952765325	5	5	0.7931650721559883	-4.375841045540377	5	5	0.7987815134894407	-2.681571252309531	3	3
pseudo_1295	0.6496739572048208	-6.138303149198129	5	5	0.5896379677157835	2.1987172853438035	3	3	0.4151354164732276	4.086407587079422	4	4	0.6076163265649088	-1.9753572440601044	4	4
pseudo_1296	0.7065907410190302	-4.34631690405731	5	5	0.7107786755206931	2.444367401671831	3	3	0.7492676846056425	0.37077375641137045	3	3	0.5607347604558015	-1.9148967956412537	3	3
pseudo_1297	0.7794808347495539	-5.095278575612892	5	5	0.7746652364788146	8.191985894929845	4	4	0.5198421388580314	2.7114620575093817	5	5	0.5237232041753621	-4.58581525986505	4	4
pseudo_1298	0.05749557060754231	-7.630129467713064	10	10	0.4492427169982619	9.0498161470357	7	7	0.2112965863513918	-3.6749194365010402	8	8	0.9525433460581073	-15.910640426142448	6	6
pseudo_1299	0.26139751965659874	-7.874002510875745	5	5	0.2857529780082053	9.662956048634863	3	3	0.7088149644834484	-4.009267388927166	2	2	0.20159835430101525	-13.671659684441032	2	2
pseudo_13	0.550290656160723	-1.718471202810904	5	5	0.6871468520466417	2.333000365101135	4	4	0.6621079281550658	1.0321170378642492	5	5	0.35770445094096925	-1.765898273248757	4	4
pseudo_130	0.25355358004537554	-8.535752597510527	5	5	0.367966020383389	9.828914886311397	1	1	0.6081612340693691	0.9010755340544288	2	2	0.8283245204925728	-7.444664399451687	2	2
pseudo_1300	0.6586549765979004	-4.5096806445451865	5	5	0.37456931683069916	4.555117382313075	4	4	0.39788357081411074	-3.4646595487791987	3	3	0.9011617330967618	-5.473334182368608	3	3
pseudo_1301	0.06472478319989432	-8.821664779746891	4	4	0.03654885462447333	16.06224075538394	2	2	0.801593334465421	-0.42226132871949545	1	1	0.08420791529199938	-15.067790986790067	2	2
pseudo_1302	0.9652592177553657	-7.348645167132946	5	5	0.19218500235395197	-1.4400061924145406	2	2	0.3755437342763186	3.9836429168518355	4	4	0.0643372174994165	2.131159431217412	3	3
pseudo_1303	0.30605256056219454	-1.378867911813568	5	5	0.41776076799471207	-0.43933457363023126	4	4	0.975133449259604	-2.3262759065929948	4	4	0.38465163968243365	1.2788612774034511	3	3
pseudo_1304	0.4898562542538403	-8.817557874759759	10	10	0.8385713462886165	9.272696253142776	7	7	0.5107081506339048	-2.8626640382696014	8	8	0.889114107278679	-11.585334655816299	7	7
pseudo_1305	0.5135479348241209	-9.090836153211212	5	5	0.6241933662913467	3.5767116846114897	2	2	0.26369927700699036	4.049916712585131	4	4	0.5346196128272573	-1.85360954456001	3	3
pseudo_1306	0.5236246259597999	-5.601418301141745	5	5	0.3850997578772506	12.80252184547024	4	4	0.5990257924573887	-3.15685646322823	3	3	0.2024431200443495	-11.75807572680632	3	3
pseudo_1307	0.6252402980459941	-5.0888413106399435	5	5	0.45785602422965666	6.948754796349713	4	4	1.0	-2.3664008055448957	3	3	0.7388605626131051	-5.403330820213289	3	3
pseudo_1308	0.00692556152854548	2.888117800450225	5	5	0.19714219369182584	1.8393839157500185	5	5	0.08184614396771564	-10.013607154399986	5	5	0.8534448419467351	-3.6065246712809227	2	2
pseudo_1309	0.4294051525609379	-5.245256076690459	5	5	0.6448301450738294	8.889589370670146	4	4	0.8902076711075978	-2.6877598749668135	4	4	0.6519751063056869	-8.51182065193288	3	3
pseudo_131	0.40266214046271165	-1.402866726634258	5	5	0.98618779371086	5.943989717577502	5	5	0.9467455070486619	-2.369489760184577	4	4	0.7053890414270343	-4.70147504989039	4	4
pseudo_1310	0.204329217094808	0.5647325740936653	5	5	0.9654785370296368	9.75681619758572	5	5	0.7506202565231375	-1.6386831073857104	5	5	0.844451985518846	-11.887418728008312	5	5
pseudo_1311	0.7228434447781118	-2.1385815731415874	5	5	0.2232641131600709	-1.1882200108082859	4	4	0.7183320166231253	-5.606719616504047	4	4	0.435946114093955	1.280524805497591	2	2
pseudo_1312	0.34426942132433314	-6.206137609273864	5	5	0.7107786755206931	6.574277729862215	3	3	0.9043012416170285	-2.7283315178550214	4	4	0.500780752311927	-8.627439441918966	3	3
pseudo_1313	1.0	-3.3745211268905986	5	5	0.5441687725618416	3.0462237705055344	4	4	0.5726633759559272	1.152802396256115	5	5	0.3636337746485804	-1.7671646376892411	4	4
pseudo_1314	0.5461453907731743	-4.152560807201718	5	5	0.13505054324283053	-1.363314002816237	3	3	0.7859065919023601	0.23461028171335738	4	4	0.08324180167867337	2.105350857371661	3	3
pseudo_1315	0.43304724112648785	0.401110518371611	5	5	0.4059899506131539	1.7113630155153896	5	5	0.2728667769175742	-9.939992082340412	5	5	0.6470987182283356	-2.882362139309273	2	2
pseudo_1316	0.9355313135407318	-2.5918826917785225	5	5	0.19513777682095024	10.02022666774315	4	4	0.7809402705849261	-3.3935998923777615	5	5	0.32658756705255665	-15.918917943056668	5	5
pseudo_1317	0.3274120554967149	0.9525602373431038	4	4	0.5000243307210197	2.228616062888033	4	4	0.3185405612936423	-5.953750939181883	4	4	0.8158282173436158	-4.275595978945448	2	2
pseudo_1318	0.6362976823506784	-4.541876581770334	5	5	0.24711785755020887	-1.0341055778485664	3	3	0.9467455070486619	-2.7106466544202434	4	4	0.1746775905664011	2.0436825412629984	2	2
pseudo_1319	0.8276048900878025	-5.7802976430150155	5	5	0.25641517386533896	1.6126682687005551	3	3	0.6148354099179983	-3.5339390354634896	4	4	0.590500028835642	-2.7219909343207394	2	2
pseudo_132	0.01898916320621642	-9.84409913462821	5	5	0.1085236236236606	-2.600523177895406	1	1	0.4589562808039581	4.601735001198949	2	2	0.07859415876116457	2.4707140997962336	2	2
pseudo_1320	0.509545646145775	-2.9178403711240186	5	5	0.41220668224288215	-0.5702937189550106	4	4	0.07272723588673556	-9.232434366250986	4	4			0	0
pseudo_1321	0.9305842668641006	-3.243332838908263	5	5	0.3693715154055066	-1.0082169676494648	4	4	0.49006391391973403	-5.79995664231884	4	4	0.25075941877699237	1.6859637119665107	2	2
pseudo_1322	0.27533177650698293	-8.929841344521504	4	4	0.5575267224330435	8.617294910976064	2	2	0.8294651155826662	-0.3402051947152493	1	1	0.3311433768670189	-9.16677957610122	2	2
pseudo_1323	0.3669462599849117	0.556619595918425	5	5	0.8693666466321252	6.853824265356844	5	5	0.8239440331433536	-4.002735029258843	5	5	0.6076163265649088	-7.309888196614299	4	4
pseudo_1324	0.12950417954384208	1.1917678512271086	4	4	0.737776224888011	2.5333217775083554	4	4	0.31638530595123227	-6.377983016329221	4	4	0.7058159981702965	-4.457623521641114	2	2
pseudo_1325	0.12740362383613815	1.2097563967774436	5	5	0.12128201892953133	1.1916723810142316	5	5	0.00981440607744117	-10.597783872486401	5	5	0.4080975662807528	-8.943892773162869	2	2
pseudo_1326	0.14712676720397835	-9.010951309960134	5	5	0.5440386892935509	9.267700228127127	1	1	0.05166207594240912	9.742090003039399	4	4	0.5237232041753621	-1.8470210659897106	4	4
pseudo_1327	0.3837008599460243	-9.33822502028736	5	5	0.08576816742135863	-2.0338747636841603	2	2	0.15623805919115136	-9.287889425706204	2	2			0	0
pseudo_1328	0.1369915546747943	-0.525614314308721	5	5	0.8421948245554784	5.108847737844696	5	5	0.9809829291243851	-2.7784564320749667	5	5	0.304781297730664	-1.1793929987613812	3	3
pseudo_1329	0.4976374693697522	-1.9954515941185769	5	5	0.5768447830096883	4.980089806810274	4	4	0.5838891299941864	-1.274871240735542	4	4	0.9954978597980527	-5.9244969903425195	4	4
pseudo_133	0.2887549521134696	-4.739609053735157	10	10	0.7642113929916033	9.210048770685978	9	9	0.7738800255190292	-3.441574322661879	9	9	0.43552181020993097	-5.155805855476636	5	5
pseudo_1330	0.4666204941087142	-2.097082894891441	5	5	0.9729049155392885	5.086195116844938	4	4	0.40412224477841885	-3.5307194799256307	5	5	0.21185687985572188	-9.65543779645321	3	3
pseudo_1331	0.10185183156309846	-8.981573162640041	10	10	0.22947098897746832	15.446730944405623	6	6	0.14708734081610836	9.550695993673799	7	7	0.815392664943226	-8.840365520127266	6	6
pseudo_1332	0.9231687532616903	-5.044949079847626	5	5	0.596884254848404	9.62315950199568	4	4	0.6337427120038525	-3.005695649173107	4	4	0.46013351195390617	-8.790420399353588	3	3
pseudo_1333	0.27347539741133764	-8.996527635229926	5	5	0.1471890763755127	9.827458949525981	3	3	0.6575319443122141	-2.8902784987612287	3	3	0.23162492637043441	-12.313766651958225	3	3
pseudo_1334	0.609901325510049	-2.905413390292112	5	5	0.41220668224288215	9.274711310415567	4	4	0.639221981166468	1.1316122703002351	5	5	0.5228785375139732	-12.14888456188148	5	5
pseudo_1335	0.24969386722295162	0.8807951618970958	5	5	0.6464027158332027	2.380617490233206	5	5	0.6335526760056054	-2.03073141929665	5	5	0.3071050850930711	-1.2985110348151068	4	4
pseudo_1336	0.16151981704370721	1.1775094392914869	5	5	0.8084961328368158	5.726060942135045	5	5	0.6621079281550658	-5.533794499675526	5	5	0.9322814328926539	-5.140974846544403	3	3
pseudo_1337	0.25187254971647677	-8.645618968974945	10	10	0.6223593511099313	15.811077968366204	6	6	0.04882915643731409	3.4929238237260645	9	9	0.2615090268261866	-10.181010085873481	8	8
pseudo_1338	0.4294051525609379	-4.683379819624412	5	5	0.653094606225717	2.404911792413164	3	3	0.425405755871458	-3.3691739172720485	4	4	0.8660626408883095	-3.796303926246205	2	2
pseudo_1339	0.04445801253269541	-9.226419666365048	5	5	0.05775382649056763	14.863004045510001	2	2	0.8942549050606372	-0.08569922443285005	2	2	0.2166806625969988	-12.697011255464732	3	3
pseudo_134	0.3194731807009197	-8.135768910221742	5	5	0.4720499515287142	5.704739228036023	3	3	0.04699058301795562	10.378153655636703	5	5	0.15668795054200066	-1.0818734120661162	4	4
pseudo_1340	0.09053570318475135	-8.740578797427718	10	10	0.053845910545159276	15.880677631596937	7	7	0.1102900545159983	3.7083168007568172	7	7	0.78574240439014	-15.63984303227631	8	8
pseudo_1341	0.12585766303839893	-9.09644751616374	5	5	0.6339920850514138	0.17067169851071595	2	2	0.2416062790924559	2.1499722298939568	2	2	0.1416247589994867	2.1376161296568226	2	2
pseudo_1342	0.8644010211203453	-1.7129171987068064	4	4	0.29085487661215514	7.391197414620859	3	3	0.7586504149151788	-2.868935204998097	4	4	0.4522314512452923	-9.38719191977758	3	3
pseudo_1343	0.6296532716362127	-2.951434255826378	5	5	0.759843249062373	2.62390269709511	4	4	0.045567867944044924	-9.456883631715383	4	4	0.17508517951619795	-18.575719372226533	1	1
pseudo_1344	0.774711322395288	-3.179453783550015	5	5	0.8804354453037812	-0.09495353616074571	4	4	0.5477412942803188	-5.382640492444305	4	4	0.6703480757568794	0.6931919717627286	2	2
pseudo_1345	0.7181866920382842	-5.65907488110989	5	5	0.9342595588314601	9.322958935882317	4	4	0.9325745967343774	-1.7709169678816232	4	4	0.44440666275458174	-6.991890124077513	3	3
pseudo_1346	0.44408014227857784	-8.768479568058067	5	5	0.5482932847203043	3.477521654522725	2	2	0.3456222384697707	-5.036327511662011	2	2	0.41847589036876853	-9.614791224765662	1	1
pseudo_1347	0.3837008599460243	0.5156502385175196	5	5	0.17970233610184827	10.471388843318115	5	5	0.18718259000209547	-8.797927002389295	5	5	0.021644525482985302	-15.983471058557448	4	4
pseudo_1348	0.2396021604736418	-8.899805833539125	5	5	0.08764085793030735	12.693667609286502	3	3	0.40949228220843925	3.556507672111035	3	3	0.3879605814828416	-12.602748593180294	4	4
pseudo_1349	0.06829073866669895	1.1819812247530626	5	5	0.8489713513213293	10.012356113714354	5	5	0.10504091225104145	-9.36871047818662	5	5	0.07224888915541651	-12.785490091992338	3	3
pseudo_135	0.47043799384407836	-2.768003613242236	5	5	0.2501586933556549	-0.5193245365126365	4	4	0.8411812671596929	-2.2766886380163016	4	4	0.6147447779785216	0.7606020577732954	3	3
pseudo_1350	0.1369915546747943	-1.7140466168654582	5	5	0.6448301450738294	4.807533178953898	4	4	0.09852552795545856	-7.180323426612882	4	4	0.21185687985572188	-9.621702426796348	3	3
pseudo_1351	0.213420531051547	1.0687131340994405	4	4	0.737776224888011	5.456327076037604	4	4	0.8411812671596929	-2.947455633564927	4	4	0.8908197786395017	-5.015989992643306	3	3
pseudo_1352	0.8616929440879256	-5.946337009767155	5	5	0.6052347830947278	2.2052856525007027	3	3	0.9325745967343774	-0.11442861266712356	4	4	0.8804963658850083	-2.674157611690079	3	3
pseudo_1353	0.5797368137990038	-5.151711159609813	5	5	0.5665967691266467	2.13203866072971	3	3	0.975133449259604	-0.5067590788728512	4	4	0.8190412486246205	-2.738387704157088	3	3
pseudo_1354	0.19559560060285863	-8.28078567559723	5	5	0.09630664321203893	10.502438450214017	3	3	0.39788357081411074	3.3584881508381064	3	3	0.3236353498215411	-6.98563470110233	3	3
pseudo_1355	0.8616929440879256	-5.261329423853043	5	5	0.4696963763709566	4.4740525732561345	4	4	0.9145788470246485	3.580297212567981	5	5	0.5432560717039489	-2.4604781327440803	3	3
pseudo_1356	0.9851072505913057	-2.8350268390963027	5	5	0.1697014368657257	1.8527486981950425	4	4	0.9822367693449567	-2.2602109944814797	4	4	0.27500929693524734	-1.3276452730603179	3	3
pseudo_1357	0.0593885503700163	-9.412479620298631	5	5	0.3237739636801802	8.841031765006825	2	2	0.06497037837215669	6.457024773727775	3	3	0.40646057631660515	-1.6717461970858587	3	3
pseudo_1358	0.9479093894361887	-2.192494211380616	5	5	0.903545861800539	10.124313450150998	5	5	0.6561063607918187	-2.88626851445046	4	4	0.7477332587832924	-9.340395513617054	4	4
pseudo_1359	0.3002094510315796	-1.4018188645565692	5	5	0.31988481626118637	-1.1542397405573244	4	4	0.44904865377834924	-5.757775630052268	4	4	0.5257612504335041	0.9676925424199734	2	2
pseudo_136	0.5855764739912102	-7.860534126542554	9	9	0.9379047822859787	11.21207407966684	5	5	0.229100466103064	-3.2009508929499497	7	7	0.31606902843311013	-7.930351773262724	6	6
pseudo_1360	0.20880092837970898	-6.553007243074274	5	5	0.8661504309338228	3.0484701925656004	3	3	0.044386822129495185	-9.773584370090074	3	3	0.08952592184929192	-20.798665071032985	1	1
pseudo_1361	0.21564078875420123	-3.8970344246741213	5	5	0.6448301450738294	9.356840710037767	4	4	0.16087385126811848	-6.686073756638099	3	3	0.14602828431015114	-14.038365246527196	2	2
pseudo_1362	0.37526561030940897	-8.094061072467419	5	5	0.11934086162051215	13.28372097536384	4	4	0.13764520867469665	4.284749392182257	3	3	0.6395429335016928	-8.651873710723399	4	4
pseudo_1363	0.22500959137204424	-1.4741518641349665	5	5	0.06735952232041896	-1.7043999556727563	4	4	0.30785869550560074	-6.8985012341634215	4	4	0.19048791733239945	2.223367722601063	2	2
pseudo_1364	0.9058930346079408	-5.486398361024013	5	5	0.09857690806943278	-1.5058041381350578	3	3	0.040202839108412367	-9.760439160472323	3	3			0	0
pseudo_1365	0.5815495182183039	-8.761739515235252	10	10	0.030114387999474086	18.782528253249897	8	8	0.6355761905231045	-3.160207447700228	6	6	0.08273391608212885	-15.39341971604103	6	6
pseudo_1366	0.34426942132433314	-0.6955175876805759	5	5	0.7970514415009561	5.971481874406426	4	4	0.5147016409140348	-3.7750273062590156	5	5	0.6557652389588101	-9.370482247937616	4	4
pseudo_1367	0.8324563445374977	-4.5868213185267965	5	5	0.3904321706828199	9.900837878309874	4	4	0.26330277307641414	-6.071543589091809	3	3	0.13442875120864137	-12.523174242371233	3	3
pseudo_1368	0.09356917074307995	-9.652196462387499	5	5	0.7772464278740601	9.290846415171721	2	2	0.13764520867469665	5.551875231539895	3	3	0.9864941527484754	-6.127523716631528	4	4
pseudo_1369	0.1578251861775064	-8.621179196050619	5	5	0.5183699546643515	9.30899450020666	1	1	0.22772048509707699	6.071741089965734	3	3	0.34993123056735387	-1.6587855877030784	3	3
pseudo_137	0.5338020968763408	-1.7226177639014353	5	5	0.8347267372086834	4.983805607773707	4	4	0.1660930496279691	-6.558669879392261	4	4	0.4289911441296608	-8.849189865850132	3	3
pseudo_1370	0.008805491283740375	2.047204669031706	5	5	0.11717856871314537	4.722937002967951	5	5	0.22715416539200894	-4.416212839775928	5	5	0.8346222032624742	-5.3070795301520715	4	4
pseudo_1371	0.5544521144248699	-5.048131613386153	5	5	0.7304672979806208	7.898826169864937	4	4	0.9113596326844167	0.18318239838211747	4	4	0.8908197786395017	-5.362445558577221	3	3
pseudo_1372	0.44038479210149994	-5.602316149706137	5	5	0.6131018897789341	3.489171066848248	3	3	0.8551346959672492	-2.556663505536888	4	4	0.590500028835642	-3.156549698641607	2	2
pseudo_1373	0.37041556245422746	-5.526098402056011	4	4	0.8198737038735534	0.1356973056549533	2	2	0.20475842833521996	4.117763057904388	3	3	0.15228742953988064	1.7928350689504935	3	3
pseudo_1374	0.048562379754242144	1.391032817535805	5	5	0.8693666466321252	2.7213106994942198	5	5	0.8800031160088347	0.525192921914786	5	5	0.8365848971082004	-2.309444087214629	5	5
pseudo_1375	0.11544172304480124	-8.864030487859567	5	5	0.8522047471066597	3.3534044194222146	2	2	0.40501306695312633	3.245233610497763	4	4	0.26930162341674224	-1.0586561510574108	3	3
pseudo_1376	0.8324563445374977	-4.4494383516215885	5	5	0.1811687319074926	-1.1730412830482742	3	3	0.5060598271869768	-5.539099132657056	3	3	0.4728154766755992	1.5681713734913227	1	1
pseudo_1377	0.5712486909673462	-4.63324939640212	5	5	0.08156345413466422	-1.5286422273627516	3	3	0.07618017129495523	-6.971990378179733	3	3	0.5611314780135968	1.3404356310805667	1	1
pseudo_1378	0.35711589357485674	-7.328923281811027	5	5	0.4651552936864265	6.374866260308786	3	3	0.6222786418719025	4.314900877934823	5	5	0.7477332587832924	-8.68954175941312	4	4
pseudo_1379	0.9108247831035664	-2.2273495626887523	5	5	0.9342595588314601	6.098102499356645	4	4	0.6506237781443811	-2.9180350475375527	5	5	0.34323345256294346	-8.874845257237162	3	3
pseudo_138	0.06031001838377642	-9.11348193828238	4	4	0.42230295893732817	9.479859769462628	1	1	0.33282805858604547	4.768221855967065	2	2	0.955166061730401	-3.987953019835823	2	2
pseudo_1380	0.4385435762387586	-2.7105055892486303	5	5	0.5736823039162351	10.18526901448233	5	5	0.5961805797618906	-2.041708690088183	4	4	0.7562990515506363	-8.126950240525984	4	4
pseudo_1381	0.9702196892629831	-4.763813464314839	5	5	0.5050864027188934	11.43545818288118	5	5	0.1138408834313817	7.049021788313108	5	5	0.6836432420740733	-4.893936582412935	5	5
pseudo_1382	0.06642762704165261	-8.807900101046988	5	5	0.11831183145063351	10.081570232633918	3	3	0.8527763562295603	-3.1321541500960604	3	3	0.06588325474433723	-15.16649242407317	2	2
pseudo_1383	0.9305842668641006	-2.2827146789069737	5	5	0.6800210896350422	6.370040826620785	4	4	0.2728667769175742	1.421863942374559	5	5	0.7222259567064059	-5.612442348014329	4	4
pseudo_1384	0.23712480677415515	1.0439157262558125	5	5	0.7356781987459455	6.2675893171784685	5	5	0.3016412274776551	-8.834635758651219	5	5	0.7094597418423237	-8.263899749333445	3	3
pseudo_1385	0.6904709364093857	-4.903017817078733	5	5	0.4120577666654196	6.179478541714739	3	3	0.5838891299941864	-3.226301651996214	4	4	0.5784813256465693	-8.648150788375345	3	3
pseudo_1386	0.4367071394043638	-5.891141858949161	5	5	0.7107786755206931	2.5008931436772848	3	3	0.7996360730719679	-3.0105956132494325	4	4	0.7058159981702965	-3.4380355046667077	2	2
pseudo_1387	0.856522112698079	-8.339825497440351	10	10	0.7886197864370107	15.081619488301492	8	8	0.4188213819393576	-3.514242021042883	7	7	0.9478549671208554	-11.871147682947269	5	5
pseudo_1388	0.3411044658288359	-1.719276707444557	5	5	0.10825899539685407	1.4901700171827492	4	4	0.5999964215157774	-3.2726564910079605	5	5	0.5607347604558015	-2.530427019600437	3	3
pseudo_1389	0.5175665261031901	-5.423707503198647	5	5	0.3118722054478731	1.7428632904840538	3	3	0.6211102879767243	-1.921180942199966	4	4	0.6997523304332391	-3.0245497739899014	3	3
pseudo_139	0.560548066631056	0.42717066148082755	4	4	0.254178132063704	10.953447389378573	4	4	0.14536097394376937	-8.692770812947535	4	4	0.024959617600623978	-15.84876881883739	3	3
pseudo_1390	0.2967491555702848	-9.521718489677431	10	10	0.08464412614676368	16.468368174886606	7	7	0.3982400660457204	3.123084131087941	8	8	0.2812386343180837	-20.01925036982725	9	9
pseudo_1391	0.5175665261031901	-4.3256462133800655	5	5	0.8557593596037136	11.416001919987638	5	5	0.48442233605580665	3.039624993282366	5	5	0.790852762293555	-4.421552867418965	4	4
pseudo_1392	0.204329217094808	-7.038107128634919	5	5	0.5742290562137042	6.163398824584628	3	3	0.9097068818104876	-2.3430968710999394	3	3	0.690093736850814	-8.348189209031174	3	3
pseudo_1393	0.7557198205586574	-4.541714656135489	5	5	0.6612191297896182	1.9885106729644324	3	3	0.5093629632027732	-3.1883113266938015	3	3	0.8908197786395017	-5.018506401384653	3	3
pseudo_1394	0.3538763085008265	-7.50746077990776	5	5	0.29684812617975787	11.503871083959309	4	4	0.1270455432379092	3.967513964875502	3	3	0.9235804246070363	-8.389333782651383	4	4
pseudo_1395	0.43304680474920654	-5.997403010954348	5	5	0.7960645047447044	-0.02068635948026613	3	3	0.18599305736196436	4.423636542362807	4	4	0.13483724375992023	1.9172431345532968	4	4
pseudo_1396	0.1923914655453166	-9.069602494985132	5	5	0.809161518084328	8.742011837665299	2	2	0.1288995395337527	3.5357943882717358	4	4	0.26367578338108444	-1.3841294787014284	3	3
pseudo_1397	0.9702196892629831	-2.786701318499911	5	5	0.8347267372086834	6.023431951250427	4	4	0.3323676401601836	1.5020168476062155	5	5	0.48765525145595867	-4.444770138453847	4	4
pseudo_1398	0.05980971251651707	-8.520383352207464	5	5	0.4194785119548996	9.396309316621807	2	2	0.1671194548915237	4.620744927185251	3	3	0.9947846469098508	-5.180230139139173	3	3
pseudo_1399	0.31048422718845337	-2.2279006587450656	5	5	0.624085036583969	4.660719231593037	4	4	0.5013320271374476	-3.5594322525787345	4	4	0.9426801010511117	-5.1675777023993055	3	3
pseudo_14	0.9603000903686151	-7.98075624517703	5	5	0.892738233639482	5.503238010542451	3	3	0.9588878863680067	-0.4855682917192256	3	3	0.9115204920746716	-5.1304588315561235	3	3
pseudo_140	0.8519242616010545	-5.32201032525174	5	5	0.7821075202761589	7.876036765963235	4	4	0.6528922292717694	0.2639752587964181	4	4	0.9115204920746716	-4.539499453316042	3	3
pseudo_1400	0.8763852606441964	-4.902661760873546	5	5	0.5506297225103027	9.185944984127156	4	4	0.38645512560869033	3.4210411707709967	5	5	0.9325480838395456	-5.781527534642625	4	4
pseudo_1401	0.6274452496840538	-5.201943117133074	5	5	0.45831698880978144	-0.6214205757256176	3	3	0.16397424828383067	-6.531231787909835	3	3	0.7583305265250361	0.9394396303576062	1	1
pseudo_1402	0.35711589357485674	-2.0158532615427234	5	5	0.4290002941849582	2.05899874484625	4	4	0.7961975524254246	-2.7459727685473396	4	4	0.690093736850814	-2.147284860869093	3	3
pseudo_1403	0.8714828280875104	-5.496278838318216	5	5	0.9806445457560294	7.927003739418294	4	4	0.15546481918202434	4.504632438116146	4	4	0.3179183394988778	-3.827812663873056	4	4
pseudo_1404	0.6881791926432866	-4.73328038103963	5	5	0.5506297225103027	5.153854091825587	4	4	0.6222786418719025	3.6747165365618915	5	5	0.7887013088790334	-2.2178284829264263	3	3
pseudo_1405	0.4185862734098569	-8.649999811666667	5	5	0.9641497708737391	7.4933852965437096	3	3	0.901538468117128	-0.33651290892714586	3	3	0.7909786289519256	-7.459235955267587	2	2
pseudo_1406	0.7092110303675219	-2.2683057155274096	4	4	0.2461838604277684	4.904595454327578	4	4	0.5900201096898269	-0.9227339956775064	4	4	0.8394225267808086	-2.243211269179973	3	3
pseudo_1407	0.5840029431772022	-2.607071479587868	5	5	0.9729049155392885	2.81320890927755	4	4	0.7316909117782104	-2.8736427220215064	4	4	0.9115204920746716	-2.5739511714529666	3	3
pseudo_1408	0.6834441086709757	-2.080680282141758	4	4	0.5896379677157835	6.311329539507894	3	3	0.5430012977952541	-2.8936678583584463	3	3	0.4265436590750734	-9.021884743860813	2	2
pseudo_1409	0.6586548552876244	-4.220190771997885	5	5	0.009440496849934496	-2.3894519897783364	3	3	0.057826270852270246	-9.644043499108564	3	3			0	0
pseudo_141	0.9404808506501394	-2.4334646948141994	5	5	0.8804354453037812	5.596381795812831	4	4	0.6400994920987608	-3.2205662909075468	4	4	0.4681122442692611	-6.078700173995439	3	3
pseudo_1410	0.3225075809995689	0.967591891789176	5	5	0.8625579054899102	8.645640831665103	5	5	0.05351196100693312	-9.827200547209765	5	5	0.07434722969639819	-13.07126476287828	3	3
pseudo_1411	0.5712486909673462	-5.947534127522442	5	5	0.9910346135778847	5.508728835061587	3	3	0.8065243978601656	-0.19067863724294062	4	4	0.516401735382113	-8.986067442813761	4	4
pseudo_1412	0.9950354939435258	-4.501812524749871	5	5	0.2611538114013764	-1.0544296289622093	3	3	0.8366371417379277	-2.60337483451718	3	3	0.18510478485867088	1.9621935446062402	2	2
pseudo_1413	0.5904292581020972	-7.883478239934923	5	5	0.21229788944136307	9.249393162354082	3	3	0.3273650523119742	3.5741095434020003	3	3	0.5091336854681567	-9.234721444144638	4	4
pseudo_1414	0.8812924404059588	-5.198648911667247	5	5	0.091891701216065	-1.5816456207561138	3	3	0.7586504149151788	-3.569457144694575	4	4	0.21317403890373798	2.145232421378542	2	2
pseudo_1415	0.09981464469732124	-8.794262070925576	5	5	0.5062122435155483	11.992302243268176	4	4	0.570686081248839	0.5714632292335767	3	3	0.8394225267808086	-7.743737625517174	3	3
pseudo_1416	0.617890137293875	-4.427171410464879	10	10	0.6367342552306401	12.744890964002494	9	9	0.37018858275117716	-3.002095477532848	10	10	0.7258594669890204	-9.565279874755724	8	8
pseudo_1417	0.7042797255876492	-8.021430976163156	5	5	0.6339920850514138	-0.46459433129010197	2	2	0.75644551209601	0.4301094903176649	2	2	0.6016365394766707	1.0530194198813483	2	2
pseudo_1418	0.9058930346079408	-2.824321972243435	5	5	0.35911124745802514	7.3447597277580465	4	4	0.9609332864438509	-2.2690809570978008	4	4	0.3696241991795256	-9.242530320793996	4	4
pseudo_1419	0.5938709859783613	-1.8980727988707902	4	4	0.7874061650589533	2.5111725302964754	3	3	0.8831735908066727	-3.171086468817211	4	4	0.6997523304332391	-4.7953496317219955	3	3
pseudo_142	0.26940763136895296	-6.4110638033825476	5	5	0.3246288487294027	9.962938577585922	4	4	0.6148354099179983	-1.744661882682607	4	4	0.8292175195021274	-8.005303703425218	3	3
pseudo_1420	0.47427267617343294	-1.9014127544493975	5	5	0.9516844289227376	8.14238412709611	5	5	0.9177312059280015	-3.5055963319808576	5	5	0.9415243127734115	-8.490976243047266	4	4
pseudo_1421	0.23222452898372214	-1.1303869672183884	5	5	0.14115288331095652	12.854402452960388	5	5	0.6242578553590276	-3.3281908157429645	4	4	0.04165124936018713	-13.318559378779332	4	4
pseudo_1422	0.8034497146201811	-5.3923386271512035	5	5	0.17893197094248248	11.938380323848769	4	4	0.4213001025615869	0.7897317030010952	3	3	0.5019195834933028	-10.9956184578781	4	4
pseudo_1423	0.06282674839222681	-1.6003828396724893	5	5	0.9516844289227376	9.138209504010566	5	5	0.22715416539200894	-10.493606825918556	5	5	0.3391983571575172	-9.252976744305368	2	2
pseudo_1424	0.9801438975978024	-5.14536518917614	5	5	0.8804354453037812	7.9691111025940415	4	4	0.5900201096898269	0.7212262651671763	4	4	0.6332438286069103	-4.416244412938952	3	3
pseudo_1425	0.3258849800553951	-9.27594764042125	10	10	0.6464027158332027	7.60651482953251	5	5	0.1703643479269853	3.139384542852863	6	6	0.2411240863919316	-3.543351298401664	5	5
pseudo_1426	0.9975177340174071	-3.643302606881864	5	5	0.8499089627900175	6.883769990782613	4	4	0.5027686819163655	1.2438510400071692	3	3	0.739198500347517	-5.105162827269044	4	4
pseudo_1427	0.9108247831035664	-2.4407316694328767	5	5	0.9806445457560294	3.1161219586135105	4	4	0.996447072089243	-4.944129625413076	4	4	0.7786563583951011	-4.867189423016159	3	3
pseudo_1428	0.1842245411674015	-6.77155142053034	4	4	0.7960645047447044	6.432534016797603	3	3	0.6575319443122141	0.890142052274809	3	3	0.9296011428204549	-4.028406095210042	2	2
pseudo_1429	0.007189036644593762	-10.053768872907122	5	5	0.14214119901712755	18.281828066102968	1	1	0.03616146864879255	10.820594568299878	2	2	0.9530885481507942	-5.307135972049353	3	3
pseudo_143	0.2987605541911106	-6.828246652394611	5	5	0.7874061650589533	3.6186665807626515	3	3	0.8608695815428389	-2.2274237313122995	3	3	0.955166061730401	-3.983524115173731	2	2
pseudo_1430	0.7651979256499206	-2.3486476582776734	5	5	0.19415254383584235	13.0517687445803	5	5	0.873739147174457	-2.5764174792143018	5	5	0.1824766433070576	-15.46987062552102	5	5
pseudo_1431	0.7415716478984264	-5.808045825799669	5	5	0.07399661282829069	-1.7764706944751836	3	3	0.8125585931933254	-2.729510415067411	3	3	0.22522123640971015	1.8557372538328387	2	2
pseudo_1432	0.01898927656243434	-8.987013971735207	5	5	0.12686587061240437	19.116422851227476	1	1	0.016297089697897463	9.70664890682315	3	3	0.546002570572736	-4.616915530598633	4	4
pseudo_1433	0.596888217655889	-8.287571750055887	5	5	0.9641497708737391	5.632330753950639	3	3	0.6279866365726792	0.6518352428891628	3	3	0.9011617330967618	-5.067591185731822	3	3
pseudo_1434	0.7509944190436915	-2.366281341397638	5	5	0.37456931683069916	1.7125555651701874	4	4	0.5900201096898269	-5.557286842659281	4	4	0.34737795093212276	-2.2602343579747854	2	2
pseudo_1435	0.3538763085008265	-1.0306370925089057	5	5	0.5187078775333873	6.395285642675034	4	4	0.9254968649843824	-2.199388695702402	4	4	0.5535320746884747	-8.436358740103854	4	4
pseudo_1436	0.15419570761131313	-6.441126533307011	5	5	0.012459107850245493	13.864076278390195	4	4	0.11952123544096878	2.2927160784678047	3	3	0.150187470418256	-12.259160644736065	4	4
pseudo_1437	0.4477931313487006	-5.9987314748700955	5	5	0.09630664321203893	-1.6137590343409058	3	3	0.03455647323119589	-9.867666279453422	3	3			0	0
pseudo_1438	0.9305842668641006	-8.031683212351048	5	5	0.9724775459033901	3.987140735451513	2	2	0.38084704736031005	-3.7794598734296057	3	3	0.7419348757734384	-8.959200692042664	2	2
pseudo_1439	0.3659871248621036	-9.597191756967398	10	10	0.24437530005254127	4.384815216896167	7	7	0.49876240626647106	-3.288810111718499	8	8	0.0795418360823576	-1.1086794502802373	6	6
pseudo_144	0.7651979256499206	-3.8658951867511697	5	5	0.036971039966387925	15.939586906081905	5	5	0.8761487099115874	-2.766746497490422	4	4	0.06024525422700632	-15.290079299361457	4	4
pseudo_1440	0.8812924404059588	-2.0941818891167094	5	5	0.061527574372295016	13.531716853274238	5	5	0.7147420481221316	-8.841579038935484	5	5	0.02582473662789505	-16.45823895333226	4	4
pseudo_1441	0.38031299647134453	-6.797127045739699	5	5	0.8120701353897801	6.365359607034654	4	4	0.8446650074369515	-2.921156840607791	4	4	0.9168442200344347	-4.030193239008931	2	2
pseudo_1442	0.27896385633945897	-1.8334443989072697	5	5	0.32801386799170906	4.591454781505465	5	5	0.8487661492426557	-3.7757645217967277	5	5	0.5607347604558015	-1.8843758636632735	3	3
pseudo_1443	0.9058930346079408	-3.011817601795118	5	5	0.7014815199726457	6.688247904083593	4	4	0.19968466690815456	-9.047559535943462	4	4	0.08713412791425731	-14.57908349671346	2	2
pseudo_1444	0.9950354939435258	-4.358435805393235	5	5	0.24609067384536432	15.95439600178428	5	5	0.38036115390864433	3.7117591663248586	4	4	0.45958463067540034	-11.512369728831692	5	5
pseudo_1445	0.05073108666532966	1.6723923482223093	5	5	0.21259678966534157	5.182980748106664	5	5	0.9746457728001827	-2.302313245428485	5	5	0.43284943323702774	-4.3208472159266575	4	4
pseudo_1446	0.6519143861049372	-4.705315638194983	5	5	0.9016292194903456	5.118256956263967	3	3	0.9254968649843824	-0.14882633410740684	4	4	0.6804853578260546	-5.603893023573922	3	3
pseudo_1447	0.8034497146201811	-2.325242966358081	5	5	0.5187078775333873	2.492673282422611	4	4	0.4410862182662745	-5.938038952968189	4	4	0.9739276904749025	-5.2407538904633935	3	3
pseudo_1448	0.32556025569709457	-2.0746141152511393	5	5	0.6658555056334625	6.188224910158364	4	4	0.36926762909385347	3.428520056570679	5	5	0.7589345562699616	-5.971827009121964	5	5
pseudo_1449	0.8045608532940813	-0.4073114606838164	4	4	0.5834893063227444	7.602148329117987	4	4	0.7654378655985271	-5.338225966433815	4	4	0.5695750601483558	-8.504898154498987	3	3
pseudo_145	0.12130738098327284	-9.608736416729457	5	5	0.41157407115650013	8.304114728974106	2	2	0.18587115345822802	5.386789445571158	2	2	0.7663397108792154	-2.759009685129368	2	2
pseudo_1450	0.5015903276820892	-8.566699470283185	5	5	0.8397132531802258	5.061463711454727	3	3	0.6279866365726792	0.5528165341804031	3	3	0.46013351195390617	-4.350008285982205	3	3
pseudo_1451	0.8276048900878025	-5.736108735449339	5	5	0.7275870029403386	-0.2505423153990822	3	3	0.4455061121109073	0.8721527508999994	3	3	0.3918404758014934	1.2810106645726627	3	3
pseudo_1452	0.6973626921352516	-4.49986503092756	5	5	0.8749977433549524	5.304541076808337	3	3	0.07790333338155371	-7.2228288626652875	3	3	0.15053584357754385	-14.005163584399241	2	2
pseudo_1453	0.9851072505913057	-5.474065252864752	5	5	0.39936763338904124	1.8040259496082836	3	3	0.4455061121109073	-3.3211448686146188	3	3	0.8408644267658066	-3.401572997377219	2	2
pseudo_1454	0.506436243720394	-8.776666666181297	10	10	0.9485875964815044	12.046128987271247	8	8	0.8394322380478598	-3.372844367461536	8	8	0.7897512664994254	-8.718815398364825	5	5
pseudo_1455	0.7557198205586574	-5.639747345948155	5	5	0.9820703590691865	3.125791847437487	3	3	0.9609332864438509	0.14751058979646933	4	4	0.9505079754058229	-5.646156285865935	4	4
pseudo_1456	0.562071625959794	-8.94477029239789	9	9	0.8215527626750496	15.183063768369037	7	7	1.0	-3.764206858128999	7	7	0.6543385036711127	-9.799477199258757	5	5
pseudo_1457	0.19947502910992576	-4.342098977214637	10	10	0.1720164787043147	5.045570999610361	9	9	0.6273117651202964	-10.681036607342124	10	10	0.1951282385368922	-1.6918058038376476	6	6
pseudo_1458	0.8034497146201811	-4.80289881812246	5	5	0.31727919849765485	7.125546314455221	3	3	0.2872132294336869	-3.806720102482949	4	4	0.1638378521490712	-12.675600865472262	3	3
pseudo_1459	0.9503866340646998	-2.851640803998438	5	5	0.5636638095829386	1.7058456670248177	4	4	0.6335526760056054	1.2216222214937893	5	5	0.13780610498594745	-1.166308988828438	4	4
pseudo_146	0.5512607063454156	-4.788066443359361	9	9	0.7886646834157663	16.7879825777285	9	9	0.6289748816602454	-2.7649718704416983	8	8	0.7377159139597271	-15.980843061896971	8	8
pseudo_1460	0.49370125659774056	0.4532429605713153	5	5	0.43087725836532154	2.382795822552738	5	5	0.02718436631798366	-9.971762250038859	5	5	0.2441931724134183	-10.168900111509256	2	2
pseudo_1461	0.07617804099265627	-9.675434114361517	5	5	0.40375869582884427	5.623003530088124	2	2	0.3534667784065144	1.4167927201456199	3	3	0.4172605263960294	-2.801478795596359	2	2
pseudo_1462	0.43670670438186887	-8.797115491670302	5	5	0.6241933662913467	-0.5670568329464336	2	2	0.09319844506580134	7.302532854520513	4	4	0.48765525145595867	1.1375152132022197	4	4
pseudo_1463	0.6407435579881753	-7.143683601612537	5	5	0.22923764431321725	9.037370022277395	3	3	0.5093629632027732	0.5816620789241858	3	3	0.4551052255959279	-8.690431812451695	2	2
pseudo_1464	0.7019712236820381	-5.0306521148008345	5	5	0.09605370882404951	13.008495681815972	4	4	0.476849308594961	0.7482968393019798	3	3	0.2520215298219919	-11.715101523324448	4	4
pseudo_1465	0.15402862912412643	1.714766902684331	4	4	0.16083260760972973	1.0543600411489271	4	4	0.14908899634785386	-9.62614275074683	4	4	0.9727288444741555	-5.5770644047135285	1	1
pseudo_1466	0.5670269230765042	-2.2865845785146597	5	5	0.4519992407624175	1.9249747954834824	4	4	0.6678801609851692	0.5650432878759305	5	5	0.19630127950364495	-1.0743566049620394	4	4
pseudo_1467	0.45903732131386654	-8.775596846252348	5	5	0.6839248007867214	4.6596847033977	2	2	0.8942549050606372	0.1473514214730924	2	2	0.7177868332479136	-4.354017683651025	2	2
pseudo_1468	0.3769435762004306	-9.584014811359674	5	5	0.3104238580840505	-1.244327283363484	2	2	0.14720218468919366	-5.950780837165389	2	2	0.99090804093377	0.0	1	1
pseudo_1469	0.20655628688821548	-6.8999014533254455	5	5	0.2749482829207355	13.015013539925134	4	4	0.4305960692707026	0.660825279723952	4	4	0.668927832681339	-15.074871702545344	5	5
pseudo_147	0.19345559047541017	0.9630083438287249	5	5	0.5106331544712213	5.251442250528833	5	5	0.06883080450499489	-7.504045673944	5	5	0.3366181506921624	-6.448180041134873	3	3
pseudo_1470	0.5204749178208685	-9.307508216108475	10	10	0.8966936199745468	6.309508227417942	5	5	0.9509629506831316	-3.40671547674368	6	6	0.4906830981850502	-8.394048662362907	5	5
pseudo_1471	0.31947363975467924	-1.488587154376308	5	5	0.09037803801185884	-1.532602195414169	4	4	0.5406657212648203	-9.742597191107782	5	5	0.03900827538675917	2.803829501864998	2	2
pseudo_1472	0.9950354939435258	-4.665305669953027	5	5	0.19181337873116067	12.074018063375169	4	4	0.9113596326844167	0.11682956057515141	4	4	0.35671135413869803	-8.596610598207024	3	3
pseudo_1473	0.44408014227857784	-5.637213614284556	5	5	0.512440202821652	6.127183322020515	4	4	0.7316909117782104	-0.19168306153633954	4	4	0.6997523304332391	-3.4352428712620213	3	3
pseudo_1474	0.5297192094115657	-8.003390880994994	5	5	0.3104238580840505	-0.9658376524208103	2	2	0.901538468117128	-2.180302402656747	3	3	0.1184860370986868	3.031718409919746	1	1
pseudo_1475	0.31048422718845337	0.8071504180311324	5	5	0.4940888514292332	1.93762257661223	5	5	0.17174039046725653	-9.872388547957819	5	5	0.7786313571194479	-4.206881243823239	2	2
pseudo_1476	0.8960406046785265	-8.024143602855764	5	5	0.7530448034391494	7.82332958386353	3	3	0.6023701911153629	3.4951922953603574	4	4	0.8088953673293188	-4.597055122891834	3	3
pseudo_1477	0.4976374693697522	-5.445823027062076	5	5	0.5001835845228213	6.465624421340796	3	3	0.18694859608961956	-6.50007169021653	3	3	0.08136175076918223	-15.162932814397296	2	2
pseudo_1478	0.8568058609538756	-2.8514314386695556	5	5	0.5506297225103027	5.111991816393754	4	4	0.11751927771534612	4.574037047646662	5	5	0.19954117241979175	-3.8516077772841766	5	5
pseudo_1479	0.03333981855242625	1.8560354309980671	5	5	0.22227962652621036	5.02195523664497	5	5	0.0905697170176771	-7.506312387739768	5	5	0.7648948966991103	-8.906649113861464	4	4
pseudo_148	0.6407434312840021	-4.880789023522721	5	5	0.26235079997218724	4.480794195128751	4	4	0.15034786475829331	-10.09777855067218	4	4	0.8108715104888315	-7.751897125355894	1	1
pseudo_1480	0.25745500478765326	-6.261075506358449	5	5	0.6052347830947278	6.18372842540974	3	3	0.6725115580573209	-2.828364326083099	3	3	0.4522314512452923	-8.853786264839446	3	3
pseudo_1481	0.9617770224049377	-9.093277799485714	10	10	0.36310266004097147	12.370454945045898	7	7	0.1957865899390384	7.145722310553643	8	8	0.9779984734504318	-9.421864475186425	8	8
pseudo_1482	0.45903732131386654	-3.8103386538589574	5	5	0.8880967567819725	4.572982779533742	4	4	0.42687296891344517	1.2360455755471873	5	5	0.43284943323702774	-1.938599086845425	4	4
pseudo_1483	0.19345559047541017	-8.77504944180968	5	5	0.5665967691266467	8.683704756756027	3	3	0.014396037532276579	10.547114019353414	5	5	0.20308964960965825	-4.02313164309525	5	5
pseudo_1484	0.5712486909673462	-4.108184607290852	5	5	0.18252650262784453	15.448026567479252	5	5	0.9184250251325162	-0.709112935837882	4	4	0.03837340420274068	-12.905772607706316	4	4
pseudo_1485	0.5651791273272313	-8.935286791899593	9	9	0.3867123504782699	1.8021957720771145	5	5	0.0920938579454269	-9.313742667525524	5	5	0.6939175270038576	-4.357541924022252	2	2
pseudo_1486	0.8862041818092954	-2.3377783007093025	5	5	0.358864665870403	10.392195590243723	5	5	0.7992967940776543	-3.120492866457989	5	5	0.5764211116869509	-9.151118148857345	4	4
pseudo_1487	0.4422300854623481	-7.763287680565579	5	5	0.34750853382890345	-1.5740205719309568	1	1	0.7952380776678432	0.378217118432878	2	2	0.35599598885623307	1.9778655516958583	1	1
pseudo_1488	0.6452023614489277	-5.793095062671757	5	5	0.9373056282119494	2.806199634287561	3	3	0.975133449259604	-0.1802901316409298	4	4	0.859912066115945	-2.479522870655167	3	3
pseudo_1489	0.18713880397703697	-1.4057414338072218	5	5	0.5702361423665083	2.549345706777061	4	4	0.1660930496279691	-6.8171058330857015	4	4	0.7909786289519256	-4.32662877216947	2	2
pseudo_149	0.20102127437751127	-0.8919799771726243	5	5	0.8219367402807811	9.526326397797954	5	5	0.13811900340664507	-9.503439371449273	4	4	0.15606662171948552	-12.076999494639503	3	3
pseudo_1490	0.17199343281222346	-1.0670065284990204	10	10	0.7788566624880411	10.266239794741018	9	9	0.03669881061296496	-11.012313345022951	10	10	0.06578723031648342	-19.415055737171826	8	8
pseudo_1491	0.48587909263588835	0.25876451100332354	5	5	0.5388371576054826	2.5992145483918425	5	5	0.26088796982211604	-9.518213849218787	5	5	0.9947846469098508	-5.576951245371145	3	3
pseudo_1492	0.38031299647134453	-8.317580080999821	5	5	0.624085036583969	12.066457851626259	4	4	0.45172129607052425	3.03369664842273	4	4	0.6804041513254775	-7.817699701437576	4	4
pseudo_1493	0.0941793822727272	-0.7521072578128436	5	5	0.8625579054899102	8.116265428511896	5	5	0.8301340963826291	-1.2955163029673777	5	5	0.4004872972660001	-6.369543042733031	4	4
pseudo_1494	0.6186458533418531	-4.192918839683691	5	5	0.40568305810496186	1.8310360791868632	3	3	0.6211102879767243	0.7640760898893947	4	4	0.60558535708291	-1.7490913517785949	3	3
pseudo_1495	0.4666204941087142	-2.1579947252006555	5	5	0.3195251606174859	13.31212389919949	5	5	0.8800031160088347	0.13377351464604015	5	5	0.34028424261055945	-10.021962565547732	4	4
pseudo_1496	0.0431566364759017	1.8012295314447837	5	5	0.5736823039162351	2.1803748333433455	5	5	0.7385963713232054	-3.0968863658204113	5	5	0.9158622075416606	-5.215253122793238	5	5
pseudo_1497	0.08938697151173886	-8.199725013263883	5	5	0.21168676539979692	10.688267218621196	2	2	0.0363582507422548	7.151555826426233	3	3	0.5695750601483558	-2.403692947037367	3	3
pseudo_1498	0.2817359933119614	-1.4181227483071737	5	5	0.8898490748845229	12.694317698656725	5	5	0.21740157752700406	-3.8972892444854748	4	4	0.2761420676144386	-12.906538489035356	4	4
pseudo_1499	0.6318648686720789	-7.144149430070552	5	5	0.7874061650589533	3.6967337865543413	3	3	0.9424674944646407	-1.809171240558004	3	3	0.8283245204925728	-3.472558862741712	2	2
pseudo_15	0.4153958736191068	-8.430464218583422	9	9	0.3437172984372213	15.852950336112157	8	8	0.3110129528915522	2.7519385545259616	8	8	0.8891142748743053	-10.619734739849763	7	7
pseudo_150	0.9694188714321669	-2.393943690486635	4	4	0.21239478776469056	9.862002166564116	4	4	0.476849308594961	0.6698958853636596	3	3	0.48060599118998026	-8.770238708955668	4	4
pseudo_1500	0.9454326877333342	-5.590649158186252	5	5	0.5819096789887162	6.268766452144544	3	3	0.7966028859498259	0.19274854277326536	3	3	0.690093736850814	-5.917702311097698	3	3
pseudo_1501	0.7651979256499206	-6.680634843955026	5	5	0.8221864928668894	3.0505178392664103	3	3	0.8761487099115874	-3.442070490057143	4	4	0.5685165379138545	-3.2537233965891854	2	2
pseudo_1502	0.24841622790400097	-9.259760193020986	5	5	0.13632527675477643	16.68402620472962	4	4	0.7790664492679092	3.174444030330989	4	4	0.06819899338319785	-12.722857725499333	3	3
pseudo_1503	0.17006989636169634	-2.0657719323137393	5	5	0.5162115811839872	4.809226357183652	5	5	0.44087445159378313	-3.4504860929051104	5	5	0.7909786289519256	-4.218542799178204	2	2
pseudo_1504	0.06282674839222681	-9.056848482263893	5	5	0.2646034322632893	-1.7798397721653867	1	1	0.4455061121109073	3.1328611692932697	3	3	0.21913857682311433	1.8186432544528754	2	2
pseudo_1505	0.07515324329881565	1.2352703751015601	5	5	0.9172714128232853	5.726530297619289	5	5	0.9429919754683183	-2.3460602402089745	5	5	0.9954978597980527	-5.618883430459886	4	4
pseudo_1506	0.7557198205586574	-4.4387535525072845	5	5	0.2232641131600709	12.267740267053014	4	4	0.6657878555858668	2.4568367325667713	4	4	0.32341741148779524	-9.463591019417507	4	4
pseudo_1507	0.09175803781326002	1.910772092753201	5	5	0.47248370607029855	5.050117597722006	5	5	0.6110925180875093	-3.474753005226786	5	5	0.8346222032624742	-5.576746748216343	4	4
pseudo_1508	0.6407435579881753	-5.568062195972192	5	5	0.5441687725618416	9.129061642950838	4	4	0.7570969152812521	0.31520651608987404	3	3	0.7562990515506363	-8.586477525682596	4	4
pseudo_1509	0.676764407922728	-4.677305316035203	5	5	0.020115373488111068	13.287202999313473	4	4	0.23798764051537058	4.473560996771194	4	4	0.31248089938977675	-9.496086653523122	4	4
pseudo_151	0.3216120826888821	-9.29691177606902	10	10	0.18424251320495044	11.001447051403986	6	6	0.668928319934875	-2.3964767821246182	7	7	0.3207706842832403	-16.347634122363782	7	7
pseudo_1510	0.1809756498243159	1.3555487853366255	5	5	0.5106331544712213	1.9898719828443017	5	5	0.3245027616507413	-7.305194440373401	5	5	0.7887013088790334	-3.192201774332116	3	3
pseudo_1511	0.1030598777980849	1.8249946895675426	5	5	0.17970233610184827	2.232521797746466	5	5	0.020769296124489682	-10.487730780844288	5	5	0.36411005091594517	-9.670166744882017	2	2
pseudo_1512	0.822760004981562	-5.198774475374454	5	5	0.7159232287040406	8.364104319777926	4	4	0.09147500495903267	-10.517281834847573	4	4	0.10645484855428486	-14.226207678152482	2	2
pseudo_1513	0.33434493639287677	-1.6858150455133807	4	4	0.4249839944591046	-0.6921552509837264	3	3	0.9588878863680067	-2.513883206355292	3	3	0.3391983571575172	1.5530194198813492	2	2
pseudo_1514	0.9851072505913057	-5.278325152777423	5	5	0.7615923499947073	5.395901169897741	3	3	0.7722433747642534	0.5726817104189529	4	4	0.8292175195021274	-5.060859184612292	3	3
pseudo_1515	0.6012115324732605	-5.461410019612942	5	5	0.7787740228595545	2.8153756600779984	3	3	0.6400994920987608	0.37258206277743683	4	4	0.26367578338108444	-1.423171812772458	3	3
pseudo_1516	0.5712486909673462	0.28332842652768003	5	5	0.6035118509954305	9.489407849519912	5	5	0.9177312059280015	-2.8010474534777554	5	5	0.8434426142353991	-9.323271709856863	4	4
pseudo_1517	0.09175803781326002	2.028281942095033	5	5	0.634019381130687	8.857946582951032	5	5	0.10675652746256714	-10.588612817082094	5	5	0.15163375046141242	-19.288097546402724	5	5
pseudo_1518	0.9404808506501394	-5.119626107895519	5	5	0.36273220755321967	2.0629397312016273	3	3	0.9429919754683183	-3.443888326925249	5	5	0.5091327089768307	-1.8912839114187634	3	3
pseudo_1519	0.8667933206992187	-4.193072308935311	10	10	0.943184484638365	9.536472176627589	8	8	0.8419863304052165	-3.0644626985070715	9	9	0.8359902707347077	-9.23292411943879	7	7
pseudo_152	0.9801438975978024	-5.091230556009017	5	5	0.061750223843485545	12.622445353776763	4	4	0.996447072089243	-0.3939778226537706	4	4	0.10294964949136565	-13.057701536148011	4	4
pseudo_1520	0.18391577641074142	-8.996043234461464	10	10	0.08090605573196794	16.18620619729275	6	6	0.247718629819912	3.225689269882155	7	7	0.6390873740940944	-13.235051100558046	7	7
pseudo_1521	0.8045608532940813	-2.2985427193275494	4	4	0.41849150319104855	1.9909810075007102	3	3	0.9178848516894401	-0.3940019216862736	3	3	0.8394225267808086	-2.2266673309134024	3	3
pseudo_1522	0.08822007880892281	-0.7844350055031901	5	5	0.9419791711232611	5.601094308717123	4	4	0.20282486714331238	-6.827020430273319	4	4	0.23676534225814239	-9.572597991949037	3	3
pseudo_1523	0.18713880397703697	-1.3645095842120902	5	5	0.29237736694890715	4.580998441170439	4	4	0.2994855531010523	-6.195705407947606	4	4	0.5257612504335041	-8.718585227938444	2	2
pseudo_1524	0.4367071394043638	-6.010060319098966	5	5	0.23805923834998888	7.143392795129582	3	3	0.33765175389802937	-5.893289478545694	3	3	0.08800206191027513	-12.878366675401693	3	3
pseudo_1525	0.3075252229573632	-6.169595147967641	5	5	0.20191296009398296	9.37979170781212	4	4	0.23798764051537058	1.2363543370627121	4	4	0.9325480838395456	-7.861978605483993	4	4
pseudo_1526	0.5670269230765042	-4.877027062951452	5	5	0.08974601905694186	-1.6204823732426246	3	3	0.7870461113505021	-3.108011037500668	5	5	0.10086653819195816	2.186391146899407	3	3
pseudo_1527	0.9157599695600442	-3.9265535326633376	5	5	0.8651470503055643	5.512160360553264	4	4	0.9325745967343774	-3.191851858292621	4	4	0.7094597418423237	-5.703169741945582	3	3
pseudo_1528	0.08039178708071257	1.3244238737324838	5	5	0.5855301570288951	5.318616704528641	5	5	0.1138408834313817	-9.873414614732551	5	5	0.5685165379138545	-8.61917012067692	2	2
pseudo_1529	0.6186461196194168	-4.718600031706176	5	5	0.0621408762979126	-1.725145065593655	3	3	0.3172840063349439	-3.564457959097528	3	3	0.3556819431722411	1.5266420126828875	2	2
pseudo_153	0.40792951455819493	-9.877140488954915	5	5	0.5210544099779815	3.382976184517503	2	2	0.24673262449410172	-5.357519661754056	2	2	0.32149347875360623	-10.068084584939308	1	1
pseudo_1530	0.40486632702964853	-1.3501614142500937	4	4	0.9729049155392885	5.438761925247326	4	4	0.570686081248839	-5.399282434314956	3	3	0.7298273652942457	-8.47173450781013	2	2
pseudo_1531	0.4685269229797384	-5.212707867232312	5	5	0.2307279859864385	10.42153388506914	4	4	0.5637022305673232	0.5107836913094388	3	3	0.49475994090108255	-9.395013203648842	4	4
pseudo_1532	0.06108773965582049	1.9529758950294271	5	5	0.02669677896204997	-2.035728026765804	5	5	0.8988385803226919	-6.058635621438319	5	5	0.004283936453501978	3.640863794714152	3	3
pseudo_1533	0.7275104851039692	-3.889458575095565	5	5	0.3958092113895112	11.755003667184189	4	4	0.46416927127788754	-3.406367122728362	3	3	0.34323345256294346	-11.0785380761628	3	3
pseudo_1534	0.053748370212565344	2.188820667587128	5	5	0.2425837246090271	1.865211246645238	5	5	0.5835255547080871	-6.032994497854514	5	5	0.5260529796097602	-1.8388234210441106	3	3
pseudo_1535	0.5712486909673462	0.5340283054058329	5	5	0.31533519160511525	9.854770441396383	5	5	0.7566552002445445	0.45609104774977843	5	5	0.3896398180458108	-9.760404001021682	5	5
pseudo_1536	0.5904292581020972	-4.525408869858518	5	5	0.05327201823685713	-1.7668498084884405	3	3	0.48940090452114104	-3.610452719509207	5	5	0.09966893296704302	2.294788083916825	2	2
pseudo_1537	0.8276048900878025	-5.480667851955988	5	5	0.15826829398608355	16.57711438966117	5	5	0.8366371417379277	-0.7896060610060668	3	3	0.14047320402056326	-15.3473080552425	5	5
pseudo_1538	0.9950354939435258	-5.262740452561732	5	5	0.3012414809297749	6.891281904690498	3	3	0.627412848653238	0.895803689007094	4	4	0.7477332587832924	-9.309824546451836	4	4
pseudo_1539	0.562820165339881	-5.404074302921557	5	5	0.5377457390327564	9.055909873707906	4	4	0.27138505245163036	-3.6938057633606687	4	4	0.09014186383850137	-14.33846274775644	2	2
pseudo_154	0.609901325510049	-4.0447125548052005	5	5	0.2835721453888159	11.917944454819178	4	4	0.8831735908066727	-2.7515287389046885	4	4	0.3346003966137612	-14.511011340093468	4	4
pseudo_1540	0.02873682751019226	-9.144933721590668	5	5	0.04464696554422151	15.480203976213314	2	2	0.057248404736397154	9.840535138929114	4	4	0.9954978597980527	-6.153311301257037	4	4
pseudo_1541	0.6813216405174065	-5.946828930987572	5	5	0.008840873443014131	-2.457557016971235	3	3	0.15727202597107637	3.7431166440671935	5	5	0.01243043830360006	3.453421342639164	4	4
pseudo_1542	0.3957029821860142	-7.946653563581276	5	5	0.02763779469129268	14.193640929035096	3	3	0.5567598267165714	1.0905226786278386	3	3	0.17387016604784034	-15.805944535557975	4	4
pseudo_1543	0.15240473013901526	-2.0691322985764375	5	5	0.6104174060852452	2.648508727365728	4	4	0.030797411375095396	-9.730791015830578	4	4	0.39013520193952855	-8.912098182809924	2	2
pseudo_1544	0.9950354939435258	-3.0548656347772742	5	5	0.3246288487294027	7.531391103247745	4	4	0.8203456541496533	-1.754008428760813	4	4	0.3518363522262342	-9.127083933734975	4	4
pseudo_1545	0.7181866920382842	-2.3504428140043006	5	5	0.3059261486361967	10.376888156338262	4	4	0.7518815116894075	0.2614983076323109	4	4	0.35770445094096925	-9.957770609694442	4	4
pseudo_1546	0.6274452496840538	-5.875724233547728	5	5	0.32274729417150905	-1.0252708756108462	3	3	0.7050586685747513	-3.438524287960916	4	4	0.8033785783179226	0.7337490280637731	2	2
pseudo_1547	0.682159490515829	-9.637953678505989	9	9	0.3946233275005425	16.22826706987255	7	7	0.39985765884263025	3.676926230351803	7	7	0.551907807935595	-15.77226039693017	8	8
pseudo_1548	0.6496739572048208	-5.144777238627597	5	5	0.5896379677157835	-0.44621235464732695	3	3	0.8285928021185862	-2.6778591312158366	3	3	0.39013520193952855	1.4388285130740401	2	2
pseudo_1549	0.26671908705620617	-9.07235413438989	5	5	0.48585116533430517	-0.7248650833358292	2	2	0.45167917739826746	-3.7411055596540286	3	3	0.32149347875360623	2.039433375047752	1	1
pseudo_155	0.8812924404059588	-5.607721799511285	5	5	0.3686875179246394	1.8195288263865532	3	3	0.7722433747642534	0.32078946730603025	4	4	0.3179183394988778	-3.9728148222423	4	4
pseudo_1550	0.5925787624647025	-4.088558783037706	5	5	0.3510034941306043	-0.7030057596626745	3	3	0.8203456541496533	-3.362951241905549	4	4	0.20159835430101525	1.86228008313648	2	2
pseudo_1551	0.1453984769047035	-1.6185308389445756	5	5	0.030088798386144686	-2.0790001300793475	4	4	0.15727202597107637	-3.463700147405691	5	5	0.056979340267340264	2.622289484591465	2	2
pseudo_1552	0.08938697151173886	1.331278534965045	5	5	0.16083650204798983	2.0172275198902287	5	5	0.0036366954770915448	-10.453594051444334	5	5	0.231497839511154	-17.807770817706736	1	1
pseudo_1553	0.05531232633071002	-9.191014314303331	5	5	0.1471890763755127	9.99115981941152	3	3	0.10332250711183263	5.21345638201336	3	3	0.5687419866077745	-9.026130224878132	4	4
pseudo_1554	0.47427267617343294	-1.830496916436254	5	5	0.3294184449374762	1.5611599224700374	4	4	0.35665349150070447	-5.733931123390104	4	4	0.5153352157599448	-2.6013878935544903	2	2
pseudo_1555	0.04445801253269541	-9.030399781986192	5	5	0.2817334187419651	-1.751541160314888	1	1	0.49023849543956644	4.262708763792911	2	2	0.2782519087438283	1.7071968535999371	2	2
pseudo_1556	0.6580407474687683	0.27956880491372854	4	4	0.8499089627900175	6.195355150833431	4	4	0.3383733998339695	-6.539990701443309	4	4	0.26367578338108444	-9.665846033755123	3	3
pseudo_1557	0.12038391971401939	-9.521553241976257	10	10	1.0	3.1332724487003145	5	5	0.9307826610152893	2.7001651531434283	7	7	0.7821727611159226	-4.985865927898559	4	4
pseudo_1558	0.9108247831035664	-4.522536866047368	5	5	0.11310905276179961	-1.3917657172086593	3	3	0.11566858574724448	6.648975447458031	5	5	0.019844710057745355	2.6631681321800538	5	5
pseudo_1559	0.27347539741133764	-1.7617582334311572	5	5	0.4696963763709566	2.6158930894309353	4	4	0.3294630759132753	-5.374351923850468	4	4	0.9296011428204549	-3.622762754946784	2	2
pseudo_156	0.37026018100471525	-1.4236225008727514	5	5	0.903450076951705	5.878514292737662	4	4	0.8862746029461042	-0.6356762452159769	5	5	0.9864941527484754	-5.735674257023381	4	4
pseudo_1560	0.6012118775527284	-5.265381121292902	5	5	0.7275870029403386	5.0366597538584355	3	3	0.41537140478181456	-3.7744112888763506	3	3	0.36411005091594517	-8.930995211163484	2	2
pseudo_1561	0.48978177101619746	-5.272867979796266	5	5	0.8047480249577542	5.857083067138942	3	3	0.9184250251325162	-0.5109676362320515	4	4	0.4925019824796658	-6.042534523423567	3	3
pseudo_1562	1.0	-2.6490680692392528	5	5	0.8347267372086834	6.420993092454277	4	4	0.5835255547080871	0.9996781057171767	5	5	0.9478549671208554	-8.383051972704374	5	5
pseudo_1563	0.1923918874018442	-8.810998533586735	5	5	0.35157929096965923	-1.011674802711326	2	2	0.6531405001217736	-4.25890734711155	2	2	0.7932501047089533	0.9184420188033613	1	1
pseudo_1564	0.8616929440879256	-2.2986915714429372	5	5	0.46375515388477917	1.9981827962993777	4	4	0.15546481918202434	-9.322799715499524	4	4	0.8408644267658066	-8.204945812990529	2	2
pseudo_1565	0.6813216405174065	-7.192723586374972	5	5	0.3490319799130619	11.435898599368558	4	4	0.22752870155248817	5.72084184136142	4	4	0.739198500347517	-5.747256734463136	4	4
pseudo_1566	0.03438541694827703	-0.07293467672088087	5	5	0.8219367402807811	8.772050896173281	5	5	0.31210281130088113	-6.574816358011634	4	4	0.3236353498215411	-8.979255474145148	3	3
pseudo_1567	0.8421782440715131	-5.52704437022878	5	5	0.892738233639482	2.6767716083960575	3	3	0.43938141124152297	0.9050248263015264	3	3	0.5695750601483558	-1.6134311838209499	3	3
pseudo_1568	0.5338019416555857	-5.303231972242284	5	5	0.9419791115342022	8.83913687180233	4	4	0.20110082723761036	-6.4800842589593595	3	3	0.27119373272877434	-13.231649467893202	2	2
pseudo_1569	0.20880092837970898	-7.853840245577673	5	5	0.7393488106613408	-0.3994909980466712	1	1	0.06497037837215669	7.028910933367981	3	3	0.09046321888575509	2.0062252548765582	3	3
pseudo_157	0.42655530209229464	-9.289743653294863	10	10	0.9585799326911743	6.075819128626122	5	5	0.9308144595712968	-1.9404934660245694	6	6	0.9638861952698493	-8.618627621433015	5	5
pseudo_1570	0.44038479210149994	-3.8437816476915354	5	5	0.1885308229987812	12.064989184856723	4	4	0.473420456215233	2.908121970026791	4	4	0.3636337746485804	-8.998551616556352	4	4
pseudo_1571	0.7675729329472696	-7.9022094303119355	5	5	0.7275870029403386	5.238215326919856	3	3	0.13944244559137028	3.5502891534564576	5	5	0.09157544597785723	-0.9183779960933484	4	4
pseudo_1572	0.04716025881466634	1.462739011588323	5	5	0.18827332517946782	-1.6049659022405276	5	5	0.5565524422309778	-3.5101277195887124	5	5	0.6314953451444454	0.7574489506251231	4	4
pseudo_1573	0.9751813131641581	-2.47484065901128	5	5	0.6588167803021429	3.7430142761288767	4	4	0.7859065919023601	-1.7561997889247358	4	4	0.7686482492938345	-2.430151161140229	3	3
pseudo_1574	0.5544521144248699	-4.252784295290678	5	5	0.5506297225103027	4.909334524612775	4	4	0.025270925254572685	-9.982221729252439	3	3	0.1184860370986868	-19.11134244428694	1	1
pseudo_1575	0.6614960931119845	-9.044989764859931	10	10	0.5459185341820176	10.9203387872261	7	7	0.7958436809648946	-3.175152228034267	8	8	0.5126961621568042	-12.208714040487779	6	6
pseudo_1576	0.0223997467951914	1.6266559927017685	5	5	0.42583019277096246	2.111790499577472	5	5	1.0	-2.5776457978513423	5	5	0.37567558344246366	-1.1900232587363153	4	4
pseudo_1577	0.1560026338961753	-6.898469116563462	5	5	0.9016292194903456	3.850731796861202	3	3	0.7414642091769931	-1.2973000266233303	3	3	0.7909786289519256	-3.436885680041926	2	2
pseudo_1578	0.9553424986740303	-0.18517662265009005	5	5	0.22890786491419102	10.979685841411515	5	5	0.9177312059280015	-4.962188972984378	5	5	0.22078258450685484	-12.707686449257046	4	4
pseudo_1579	0.40410723023542894	-1.8009755783950858	10	10	0.8631901750008795	11.126125012394391	9	9	0.5733012416994351	-2.4132140988901827	10	10	0.9144844954268231	-12.643479445661924	9	9
pseudo_158	0.5304198256547537	-9.87911706022986	10	10	0.9792829840491959	11.571638198281327	5	5	0.5095876853578198	-3.623407294244076	5	5	0.2839153225366293	-15.554842184854124	5	5
pseudo_1580	0.8470483286501816	-5.876758463833634	5	5	0.5636638095829386	5.779590420827873	4	4	0.045488438287448425	-8.525979821854445	3	3	0.30017156267093015	-10.705203731426485	2	2
pseudo_1581	0.4666204941087142	-1.789635318974872	5	5	0.9961285445921516	5.582804735260804	4	4	0.29330593589402243	-6.441266508214466	4	4	0.4080975662807528	-9.106103381287786	2	2
pseudo_1582	0.21516718326958129	-4.780512564968522	10	10	0.8349777536691994	16.249725968902595	10	10	0.08587102675743163	-10.190670841878719	8	8	0.069149492501079	-16.001964426424653	6	6
pseudo_1583	0.6407435579881753	-4.145169340706628	5	5	0.5001835845228213	1.8083023318755338	3	3	0.6800508677135734	-2.884150283582313	3	3	0.6128668279862757	-2.753483212737503	2	2
pseudo_1584	0.022053241670974926	-10.183148406074293	10	10	0.9641497708737391	5.386221984852885	3	3	0.015209697065172868	10.493278402217939	6	6	0.1320301398711662	-2.1654658713179047	6	6
pseudo_1585	0.6699506220909301	-5.230395790925604	5	5	0.6858299677441657	3.256604661485742	3	3	0.403662939943215	0.9737058297553497	3	3	0.7094597418423237	-2.124583233456811	3	3
pseudo_1586	0.21334312971592362	-0.5960471775840395	5	5	0.788441913558757	6.534150837185386	5	5	0.3338990682662064	-5.545722421096829	4	4	0.8394225267808086	-5.018184870860651	3	3
pseudo_1587	0.0387101348963488	-9.737402254675983	10	10	0.2716348212096271	15.999691327521115	5	5	0.5999964215157774	3.7440243884523507	5	5	0.26990415294133663	-18.76621187692353	6	6
pseudo_1588	0.7890446381929012	-0.16417285902817025	5	5	0.9172714128232853	6.584054472142777	5	5	0.16926216747491196	-9.243956810034197	5	5	0.3366181506921624	-12.459963805086716	3	3
pseudo_1589	0.8519242616010545	-4.4436568036704704	5	5	0.029359626166250995	13.200900341679533	4	4	0.48971670610014906	-5.228374996755875	3	3	0.011660554996314581	-18.805686875076265	4	4
pseudo_159	0.46282024710326686	-5.700058098168351	5	5	0.16670530773790282	13.337572588259698	4	4	0.46965275039566323	3.6570005823994105	5	5	0.4132539817107965	-12.780181316876693	4	4
pseudo_1590	0.5175665261031901	-7.4754543050102065	5	5	0.91053256242075	4.923290246662975	3	3	0.3752692551972968	-3.787089814578774	3	3	0.7238971651211206	-8.462573299403717	1	1
pseudo_1591	0.6230386270034198	-5.621256759020274	5	5	0.6693837588445546	5.944233995269893	3	3	0.6787830751452246	2.997198535804628	4	4	0.9325480838395456	-5.42111092262704	4	4
pseudo_1592	0.7089046769843945	-8.762792708549197	5	5	0.5668351997843692	3.402423337150468	2	2	0.5418259833965873	3.234042236625912	4	4	0.5519614374887956	-1.845075139175126	3	3
pseudo_1593	0.5586285266713641	-6.187995036232658	5	5	0.6210138228290025	3.238414784728484	3	3	0.5160022562200859	0.866772271991766	3	3	0.7987815134894407	-2.2133269144631362	3	3
pseudo_1594	0.1198195519755667	-1.6514479490360099	5	5	0.24225350841890403	1.7325415644957	4	4	0.9396576634790652	-2.573901798120151	4	4	0.60558535708291	-1.66472963171484	3	3
pseudo_1595	0.9851072505913057	-3.2685446422427766	5	5	0.4877699208270171	6.710774692798058	4	4	0.10990753786200197	4.305958385487716	4	4	0.6721515770417354	-2.2465007090367606	4	4
pseudo_1596	0.6208407156009417	-7.1819739976766455	5	5	0.6241933662913467	3.273783130685132	2	2	0.16087385126811848	4.009540044647685	3	3	0.10086653819195816	-0.40773183661815376	3	3
pseudo_1597	0.683604524728264	-6.179183595100042	5	5	0.8727853087933759	9.213424548887124	4	4	0.38036115390864433	-3.3565216625874914	4	4	0.1696313799903556	-13.62888159691973	2	2
pseudo_1598	0.7488033995971997	-8.963012769974133	10	10	0.4109858993154434	3.458273476934437	7	7	0.1546867503203378	-10.351776476517054	7	7	0.690093736850814	-2.104052938740916	3	3
pseudo_1599	0.509545646145775	-9.290202296030294	5	5	0.5482932847203043	-0.6167505640565913	2	2	0.8366371417379277	0.2157971638990782	3	3	0.19598544627143877	1.9289408245804838	2	2
pseudo_16	0.7046632204521466	-9.363501186975043	10	10	0.673029706666884	11.663913748696993	7	7	0.48712966432320837	-3.7961033110592823	7	7	0.6076163265649088	-8.19251424542025	4	4
pseudo_160	0.20880092837970898	1.4369766556586765	5	5	0.10366948735413987	10.42535286386912	5	5	0.7506202565231375	-2.8696340223465633	5	5	0.15452669596214919	-14.040230794516996	5	5
pseudo_1600	0.5015903276820892	-1.8740994146270478	5	5	0.5106331544712213	12.934479416508582	5	5	0.47893347731787406	-3.5352749514012345	4	4	0.10417196810741935	-16.16049872989335	5	5
pseudo_1601	0.9851072505913057	-4.35061559411696	5	5	0.16083260760972973	12.161596278195276	4	4	0.7316909117782104	0.4288616622095731	4	4	0.34028424261055945	-12.395715033829907	4	4
pseudo_1602	0.6186461196194168	-5.097315242635194	5	5	0.8347267372086834	5.1933775106538675	4	4	0.5999964215157774	2.2748861996677996	5	5	0.9505079754058229	-3.056526345250751	4	4
pseudo_1603	0.9056741177870637	-5.03052975824795	4	4	0.628969833060491	6.318909228193031	3	3	0.42147617945050475	-5.030461509456222	2	2	0.4648598164197659	-8.675949164127031	2	2
pseudo_1604	0.2548495753712686	-9.175989874881152	5	5	0.40375869582884427	2.606907705973522	2	2	0.5818546275062089	-4.3218232402436065	2	2	0.8642788766016822	-7.44518382126548	1	1
pseudo_1605	0.6362976823506784	-6.019771806174891	5	5	0.8804354453037812	5.570522554097637	4	4	0.9260715187109179	-2.3755064314642205	3	3	0.3775440420812346	-4.142925406921671	3	3
pseudo_1606	0.5797368137990038	-8.174108332960577	5	5	0.5001835845228213	8.28705637991728	3	3	0.5093629632027732	2.8151241750457054	3	3	0.7487488115809312	-5.313616606597992	3	3
pseudo_1607	0.360374094036118	-2.142966611455857	5	5	0.9729049155392885	5.302067427379287	4	4	0.9683102165650581	-0.0039133746714482	5	5	0.9684930440136454	-5.242583066037084	4	4
pseudo_1608	0.26404905810382295	-8.021161938510836	5	5	0.40568305810496186	9.401294232622105	3	3	0.022350200829169217	7.523607564375159	4	4	0.20308964960965825	-7.22479731021992	5	5
pseudo_1609	0.7415717424522612	0.10264026573469016	5	5	0.7685269399038692	4.921302330211153	5	5	0.4222640377844763	-5.848457615356196	5	5	0.9947846469098508	-5.0480981929357265	3	3
pseudo_161	0.6142668668864293	-2.502176032477918	5	5	0.3059261486361967	1.7298974678463495	4	4	0.01894027522333446	-9.954516552609963	4	4	0.19003936926237697	-18.384565253237618	1	1
pseudo_1610	0.4578773497701353	-5.6872533595162755	4	4	0.6241933662913467	3.656946647275353	2	2	0.09319844506580134	7.058733136525285	4	4	0.06836882052525085	-1.114164688172906	4	4
pseudo_1611	0.6274452496840538	-1.8602815249438833	5	5	0.6309680799450805	2.8333816679312656	4	4	0.19199018363203224	-9.771950925210158	4	4	0.955166061730401	-8.60641210856978	2	2
pseudo_1612	0.5175665261031901	-5.886051273529003	5	5	0.08188610499596402	15.324777553854501	5	5	0.32841993299729155	3.9559607181453544	5	5	0.3460295858785828	-8.909162229555792	4	4
pseudo_1613	0.07313741564009657	-0.38775209094551766	5	5	0.6278656504206138	8.364696137615736	5	5	0.41313415934264297	-3.3690119239060206	5	5	0.7290153128961694	-8.213833588372628	3	3
pseudo_1614	0.7368747939779642	-4.945235521028022	5	5	0.6052347830947278	6.321584318963434	3	3	0.5717170063725836	0.7389529316542739	4	4	0.9530885481507942	-5.249360321391095	3	3
pseudo_1615	0.3134619632573624	-1.6558806685985232	5	5	0.5377457390327564	2.136646029866793	4	4	0.19255134020481024	-3.4305505627782646	5	5	0.7419348757734384	-3.59616821531666	2	2
pseudo_1616	0.5712486909673462	-1.7257774499895628	5	5	0.8347267372086834	6.249731948995648	4	4	0.9822367693449567	-2.5279457752888006	4	4	0.7586785504415519	-5.841229279900118	3	3
pseudo_1617	0.11688680469931616	1.1830316477575995	5	5	0.009410088223821512	-2.2446613065763614	5	5	0.05157582570215419	-9.87843391129907	5	5	0.23774861334252295	1.7773862508417233	2	2
pseudo_1618	0.7557198205586574	-7.683034479259187	5	5	0.3540489517073495	14.997841554556198	4	4	0.4202521562214223	3.7750528286665777	4	4	0.8365848971082004	-14.698535348411758	5	5
pseudo_1619	0.5586285266713641	-1.7555376565732326	5	5	0.5388371576054826	8.545377475645845	5	5	0.7088207007811829	0.3011360985680553	5	5	0.9505079754058229	-5.0662104306566045	4	4
pseudo_162	0.12585766303839893	-0.5106484555452292	5	5	0.9342595588314601	5.463204783143721	4	4	0.6853169780520307	-3.1234890223764036	4	4	0.4925019824796658	-5.967925135083781	3	3
pseudo_1620	0.9702196892629831	-7.983474407036373	5	5	0.42747151082399737	9.075651112423579	2	2	0.4832597565423101	3.4476071697892756	3	3	0.9947846469098508	-5.365897532875915	3	3
pseudo_1621	0.2574548242275728	-1.5981786632167674	5	5	0.8575212245480454	2.9741255501566446	4	4	0.6279045349868392	-0.026355436420489653	5	5	0.48437362187439925	-5.48808800587148	5	5
pseudo_1622	0.8568058609538756	-2.010247037718422	5	5	0.910405295055334	7.845590488008938	5	5	0.2492786103154162	-3.7051078812610974	5	5	0.3991102364563004	-8.678340614308077	3	3
pseudo_1623	0.883961248332594	-9.096287089499482	10	10	0.28482846760814773	5.054399314664228	7	7	0.9403630934549457	3.1336659548278796	8	8	0.033333920922064164	-3.837578844610625	5	5
pseudo_1624	0.7699502963985528	-2.897537617142238	5	5	0.5250149269295951	3.0022841185408513	4	4	0.11566858574724448	5.272127322511553	5	5	0.05276161903873696	-0.9492083318536194	5	5
pseudo_1625	0.07313741564009657	-8.558982387693224	5	5	0.08156345413466422	11.00648637564188	3	3	0.066483165037825	5.2011115626198565	3	3	0.6997523304332391	-5.647059214748443	3	3
pseudo_1626	0.4221746175174962	-8.235888427054583	5	5	0.05905783121271898	13.165545642201685	3	3	0.5818546275062089	-1.0725526686210047	2	2	0.0491263774966509	-13.35742193322208	3	3
pseudo_1627	0.33454008711228267	-8.608912872816042	10	10	0.12337546813083275	13.366793020250036	5	5	0.21467820570661922	6.547890929614932	6	6	0.6091933743311952	-13.1266783145673	7	7
pseudo_1628	0.12195257173776955	-9.374608912196061	10	10	0.20016540646611736	14.995551424353517	5	5	0.720680616278366	-3.579272638831631	5	5	0.24929704464063696	-15.70016952353354	5	5
pseudo_1629	0.9553424986740303	-7.00785001168576	5	5	0.2879520565294309	11.91981975115153	4	4	0.7088149644834484	-4.222929887455548	2	2	0.19785219162059375	-12.238551715320964	3	3
pseudo_163	0.3837008599460243	0.1650477482768695	5	5	0.3634162960409004	-0.9318730048709032	5	5	0.2870106245335984	-8.66267027921357	5	5	0.28543408693050465	1.6753071754885225	2	2
pseudo_1630	0.6609078904350439	-1.9910776803586243	5	5	0.8957685370399441	6.081104448897842	4	4	0.2942649675668334	-3.4123397777558595	5	5	0.4761670154210649	-8.587415025460624	3	3
pseudo_1631	0.39397479237029165	-6.539843926056736	5	5	0.5901692780308903	8.875540176679175	4	4	0.9325745967343774	-2.533304130554509	4	4	0.5175570596062204	-8.20413085463796	3	3
pseudo_1632	0.6996656835808294	0.33131837181491225	5	5	0.45140931243790294	6.887605710926432	5	5	0.5835255547080871	-1.8295614219619576	5	5	0.8681434455491692	-8.93358573047423	5	5
pseudo_1633	0.6230389567030741	-4.890431593742274	5	5	0.8347267372086834	5.377408489887666	4	4	0.08611872837500648	4.1090289071573824	5	5	0.058720565154133104	-0.05244367362899934	4	4
pseudo_1634	0.9256399007906221	-5.681156772742803	5	5	0.7014815199726457	6.094531883998582	4	4	0.21223260709792835	3.7099209323471007	5	5	0.29134710444941947	-0.9704356256780399	4	4
pseudo_1635	0.7228434447781118	-5.886512886625912	5	5	0.8347267372086834	8.578807047152125	4	4	0.6464827970883652	-3.413648767428109	4	4	0.4265436590750734	-8.715161785513857	2	2
pseudo_1636	0.6318648686720789	-2.081476020595739	5	5	0.5901692780308903	5.102184999871004	4	4	0.35665349150070447	-5.881346614143183	4	4	0.9864941527484754	-11.241045598198317	4	4
pseudo_1637	0.562820165339881	-1.713371760120627	5	5	0.9651678359385234	5.492281800173932	4	4	0.19803241864345056	-3.6409148908333626	5	5	0.15606662171948552	-11.956276824543414	3	3
pseudo_1638	0.11544172304480124	1.4239450558032687	5	5	0.4886385002682745	4.624420972939942	5	5	0.9809829291243851	-0.0873156799428733	5	5	0.5427036916919705	-4.901714722819444	5	5
pseudo_1639	0.8207832390960631	-4.213523717782217	4	4	0.7561730665970722	4.609017066466813	2	2	0.8045706381344112	-2.8938221771875283	3	3	0.8913977488082454	-7.884168721329492	2	2
pseudo_164	0.71354038409151	-2.573999066836325	5	5	0.8575213695682062	0.6114476039044078	4	4	0.9467455070486619	-5.004578407764536	4	4	0.23142511819536626	1.786717351256165	2	2
pseudo_1640	0.24714307811290215	-3.964161039680318	5	5	0.8957685370399441	8.181698619459942	4	4	0.8301340963826291	2.6544432445178336	5	5	0.7821727611159226	-5.446234578124859	4	4
pseudo_1641	0.5667358285117078	-8.805210933278579	9	9	0.840742523982736	12.15854817903241	6	6	0.5107073580108354	4.496681082459808	8	8	0.9598376394037129	-10.730509582554097	6	6
pseudo_1642	0.4207729882982235	-6.011401482604417	4	4	0.24918239313532098	9.768432184118666	2	2	0.29535648794769387	4.017892620901974	4	4	0.7477332587832924	-8.49542060806993	4	4
pseudo_1643	0.17895495884078416	-8.021854845179364	5	5	0.6810711497615791	-0.523553701580294	1	1	0.7135304233423412	0.537118709544794	2	2	0.14783907250985104	2.8315020510256943	1	1
pseudo_1644	0.9355313135407318	-3.506174278313212	5	5	0.8499089627900175	6.012169421742915	4	4	0.6335526760056054	1.3279941911950957	5	5	0.8999135337047033	-8.695771922447294	5	5
pseudo_1645	0.16325659826425531	-7.958018038826592	9	9	0.8328897778845816	8.839827676112792	7	7	0.12242508261115406	-9.584087768368718	6	6	0.28667092223792345	-11.637930892031294	3	3
pseudo_1646	0.3854963509889555	-1.7433782025447997	4	4	0.8661504309338228	5.257653899351768	3	3	0.7182156929428509	-3.0099926388536544	3	3	0.6470987182283356	-8.115858454369434	2	2
pseudo_1647	0.8373141282981791	-5.078234693492852	5	5	0.3726268585276874	16.046023047566628	5	5	0.6853136937799243	2.6393727198134376	5	5	0.3678442528977608	-13.248334729479609	5	5
pseudo_1648	0.4294051525609379	-1.479151705603309	5	5	0.32801386799170906	4.895296134802316	5	5	0.07488285101145775	-9.627755963755668	4	4	0.3556819431722411	-9.337252834416429	2	2
pseudo_1649	0.39397479237029165	-8.620388250426906	5	5	0.8749977433549524	5.421141669447827	3	3	0.6463861391030382	-3.053002433944696	3	3	0.35599598885623307	-9.756087387859901	1	1
pseudo_165	0.8082665460035463	-4.924453783664516	5	5	0.7356781987459455	12.702840167964226	5	5	0.8272775505216724	-0.5305414015842579	4	4	0.688695176818324	-9.109148868321542	4	4
pseudo_1650	0.4221746175174962	-5.647869730631502	5	5	0.4519992407624175	9.237108420044294	4	4	0.9043012416170285	-2.0836272747331117	4	4	0.23774861334252295	-9.639856829011865	2	2
pseudo_1651	0.09642494186058845	-8.846158510653476	4	4	0.653781841212506	9.66819115033464	2	2	0.4192612292262229	1.726124185514263	1	1	0.9041086739579434	-7.5994066410547925	2	2
pseudo_1652	0.005679431787174092	-9.781119187693639	5	5			0	0	0.01951037483141736	11.411535555974798	2	2	0.28543408693050465	1.6441014426852965	2	2
pseudo_1653	0.9305842668641006	-2.7668409323355423	5	5	0.7161941739108411	10.091994394878391	5	5	0.7116844201290657	-5.51357534287698	4	4	0.5687419866077745	-11.760965814437775	4	4
pseudo_1654	0.8316413735277444	-5.176472635877096	4	4	0.05420900310714316	-2.0621769514232184	2	2	0.7790664492679092	2.7499253811817357	4	4	0.14857830267706668	1.7899946726078049	3	3
pseudo_1655	0.4127744758722366	-1.5912671533779204	4	4	0.7024263634168448	6.266480369405643	3	3	0.5027686819163655	-5.243434130666837	3	3	0.2782519087438283	-12.978775457642218	2	2
pseudo_1656	0.9503866340646998	-5.495391184458083	5	5	0.32827648480074934	-0.9368673248681757	3	3	0.3752692551972968	-3.6184117662266053	3	3	0.7786313571194479	0.5557759412616301	2	2
pseudo_1657	0.7557198205586574	-7.1501570689288	5	5	0.09605370882404951	14.791030501022803	4	4	0.061873389065316975	9.080534227777141	5	5	0.7512877248197642	-8.697850924470602	5	5
pseudo_1658	0.23222452898372214	-6.345025789143222	5	5	0.1471890763755127	7.826534376666032	3	3	0.32070618378854343	1.1319327713833742	4	4	0.8258225494017511	-8.682457557378834	4	4
pseudo_1659	0.008489405654348	-10.063936339753413	5	5	0.6526059446944875	-0.6108807533777707	1	1	0.21601983777586387	4.304486701636976	3	3	0.18510478485867088	1.9166558699893388	2	2
pseudo_166	0.7604543780633822	-1.8951486176784977	5	5	0.4519992407624175	2.5305525183529647	4	4	0.5359427235117435	-5.459670058085507	4	4	0.7298273652942457	-2.9479278192754608	2	2
pseudo_1660	0.8788382230914118	-2.538934305212018	5	5	0.9883859983561083	2.8529110586110016	4	4	0.6194735106954194	-2.164405429534112	5	5	0.6970237719155341	-5.032121689371113	4	4
pseudo_1661	0.19123027658021952	-0.929297718052382	4	4	0.11568745079709407	-1.4654217080032244	3	3	0.40949228220843925	-5.847031156336256	3	3	0.36799740205575426	1.938217395790474	1	1
pseudo_1662	0.5699759940703674	-1.9582961553869762	4	4	0.12370046851451348	0.856208096874834	3	3	0.5070171181767764	-3.0606165048690523	4	4	0.6356001460143301	-5.050725313351465	2	2
pseudo_1663	0.5586285266713641	-7.769323488278887	5	5	0.7352795284897797	-0.3523431065113254	2	2	0.7492676846056425	0.18246659093755682	3	3	0.22522201343532233	1.822056257232357	2	2
pseudo_1664	0.9139631232188312	-2.7204575005611	4	4	0.43814406128980377	-0.7247274256865636	3	3	0.41242525527042884	-5.661981213386963	3	3	0.39274518286822935	1.8557372538328387	1	1
pseudo_1665	0.32709343358494836	-7.589832512189548	5	5	0.31053347007596377	12.205187188371076	4	4	0.11597579227112133	6.913643872859545	4	4	0.7742984561044359	-8.280718899016888	5	5
pseudo_1666	0.6429712261369269	-5.099845786259463	5	5	0.14683598266600578	13.59743322802764	4	4	0.066483165037825	-9.3214845768036	3	3	0.01423824534204148	-18.669676556481296	3	3
pseudo_1667	0.14539885871696304	1.1296043556799542	5	5	0.13882860794027407	4.4738759360577385	5	5	0.19255134020481024	-6.948728681498962	5	5	0.6997523304332391	-4.431265922909897	3	3
pseudo_1668	0.6012118775527284	-3.950680802664125	5	5	0.7821075202761589	7.986138726118803	4	4	0.21409900618781075	-9.850534678086868	4	4	0.24198588110928465	-11.968029023579064	3	3
pseudo_1669	0.6586549765979004	-2.2861429895980074	5	5	0.21239478776469056	10.35118252004517	4	4	0.8270375878322909	-2.3321841631831304	5	5	0.31248089938977675	-15.53856602582006	4	4
pseudo_167	0.5135479348241209	-5.820238424663856	5	5	0.2707041929325874	9.451423088311621	4	4	0.3921543554186584	1.126993607111116	3	3	0.4666755734073169	-8.393908486798429	4	4
pseudo_1670	0.30062079312972956	-5.256629569032937	4	4	0.1140721783642053	10.932803929807907	2	2	0.1830469390995776	3.3661996288144125	4	4	0.6234911975836641	-8.17631351758975	4	4
pseudo_1671	0.33892252261281053	-9.516806471264061	10	10	0.03486094482737413	1.3943680506203968	7	7	0.017093955637357446	-10.527611918594742	8	8	0.8660626408883095	-4.10584465390641	2	2
pseudo_1672	0.5754853585456245	-2.5768350911737286	5	5	0.7970514415009561	5.740663781858032	4	4	0.9366704027902372	-1.4129434047740117	5	5	0.5091336854681567	-7.142035580458401	4	4
pseudo_1673	0.9652592177553657	-4.586785008635398	5	5	0.5145769424974942	-0.6019763336780155	3	3	0.5013320271374476	0.41695259320019434	4	4	0.1718971713946742	1.6814773002215648	3	3
pseudo_1674	0.5502910343875352	-1.5435827812814018	5	5	0.624085036583969	5.925583044089134	4	4	0.21223260709792835	-3.631188903849235	5	5	0.40646057631660515	-11.418902160170198	3	3
pseudo_1675	0.9256399007906221	-4.9860105645956	5	5	0.31727919849765485	1.7218396687149944	3	3	0.46416927127788754	0.7164134153892411	3	3	0.1449385642288321	-0.847110655052172	3	3
pseudo_1676	0.9404808506501394	-2.7454715263952547	5	5	0.9497042377088097	3.1837245859870893	4	4	0.8487661492426557	-2.1011959308608987	5	5	0.6395429335016928	-4.832798592106799	4	4
pseudo_1677	0.9751813131641581	-5.334270984729066	5	5	0.08655115036108262	15.38972665767396	5	5	0.08977727463534967	4.084704431980428	4	4	0.384118785115925	-12.799212183646112	5	5
pseudo_1678	0.8324563445374977	-2.7542890606416677	5	5	0.8727853087933759	5.751754277031978	4	4	0.32070618378854343	-6.668761300301957	4	4	0.2986619586899043	-9.014237410884313	3	3
pseudo_1679	0.7321876546641092	-5.6425626424712805	5	5	0.14101943475065284	-1.3477221620044737	3	3	0.8621287216111431	-0.07509365878705333	4	4	0.12134427507594166	1.8962927276849986	3	3
pseudo_168	0.8324563445374977	-5.1830975135551975	5	5	0.132140251725031	-1.3631137086444116	3	3	0.312934534758911	2.9426024712952867	5	5	0.016479644998214114	2.9331815870712443	4	4
pseudo_1680	0.6541582083470081	-1.9484539790837145	5	5	0.41776076799471207	1.9569089176172714	4	4	0.24280901497632057	1.0075257182107185	5	5	0.09599764790504246	-0.5323976211070006	4	4
pseudo_1681	0.2714553884566778	-0.025599524265069062	9	9	0.6643046977270299	9.734198028109757	9	9	0.02874078797227881	-10.03406697913686	9	9	0.45297213972518047	-12.612365026437468	4	4
pseudo_1682	0.6519143861049372	-4.820824820872515	5	5	0.03975237458585453	-1.880627989588873	3	3	0.9078294542960226	0.439848935218415	4	4	0.06065776510903126	2.2022730090738243	3	3
pseudo_1683	0.6904709364093857	-5.3153693489520215	5	5	0.5742290562137042	2.323815694960981	3	3	0.4151354164732276	3.6482288729593733	4	4	0.3941938274343686	-1.7093489869101866	4	4
pseudo_1684	0.47626618840787693	-1.7657039690822594	10	10	0.4987267274435042	9.941771411991697	9	9	0.24328970404016226	-10.081943240380374	9	9	0.7870845504754469	-12.98690201661917	6	6
pseudo_1685	0.22500959137204424	-8.761039704375918	5	5	0.8309393614759716	6.2113185939319635	3	3	0.7570969152812521	-0.04984654048408451	3	3	0.6820940333450014	-5.106551991174804	2	2
pseudo_1686	0.37026018100471525	-6.125631694420091	5	5	0.6941098300813123	-0.4230315207962363	3	3	0.11597579227112133	4.224305869935579	4	4	0.06180261909040557	2.294001792284533	4	4
pseudo_1687	0.26538194102987545	-1.4485162672286196	5	5	0.4756794285675878	1.9205301797644296	4	4	0.3250654430677995	-6.4842225395806965	4	4	0.9168442200344347	-3.5910216086556286	2	2
pseudo_1688	0.9900711800828141	-3.381944027425584	5	5	0.9265461234172737	2.846443671020681	4	4	0.7451316406222053	-5.5322615592011095	4	4	0.9947846469098508	-5.151511630729589	3	3
pseudo_1689	0.9083583461599775	-5.0275225231837775	5	5	0.9961285445921516	6.094083843588643	4	4	0.7996360730719679	-2.787395481643578	4	4	0.8088953673293188	-4.8530207180947835	3	3
pseudo_169	0.8179218676340224	-6.5447302815937265	5	5	0.29237736694890715	11.720280938277648	4	4	0.09147500495903267	5.811060155869221	4	4	0.9235804246070363	-5.750905184134848	4	4
pseudo_1690	0.71354038409151	-6.599522938233558	5	5	0.29085487661215514	7.458586459924309	3	3	0.5717170063725836	1.7402786713016818	4	4	0.739198500347517	-8.60025587272269	4	4
pseudo_1691	0.6787866499409491	-7.773553058599535	9	9	0.4994541341751565	17.981903181882018	8	8	0.8151464297250408	-4.014484876059549	8	8	0.836785242829008	-8.554614836176366	6	6
pseudo_1692	1.0	-7.584424108084176	5	5	0.9806445457560294	10.883875491475406	4	4	0.3074087038631157	-3.9123440371602967	3	3	0.20159835430101525	-13.431619784821418	2	2
pseudo_1693	0.52160093516979	-4.461762206282998	5	5	0.9641497708737391	2.7026749194338784	3	3	0.1102537605015912	6.499287963350649	5	5	0.17277127205900067	-1.4928801343625118	5	5
pseudo_1694	0.024296404047198534	2.279938276272579	5	5	0.2604732077473969	1.4412637905729337	5	5	0.009156977057739777	-11.01472314833436	5	5	0.6128668279862757	-8.645845093352369	2	2
pseudo_1695	0.5338020968763408	-2.1012034135246354	5	5	0.9172714128232853	6.052019963510916	5	5	0.8621287216111431	-2.4923550401488392	4	4	0.9954978597980527	-5.09258003851923	4	4
pseudo_1696	0.24209770765590943	-9.132404359541598	5	5	0.8522047471066597	4.926167097276812	2	2	0.7088149644834484	-3.432600282342106	2	2	0.8822328687387699	-7.304067707889024	1	1
pseudo_1697	0.1098014230689729	-0.7357033058293322	5	5	0.1495580877959971	1.6619582488449414	4	4	0.553688359064076	-6.29532912264601	4	4	0.37266192245426943	-2.398978932494072	2	2
pseudo_1698	0.39397479237029165	-1.1944578810029287	5	5	0.3490319799130619	-0.8235923727149069	4	4	0.7627050210277373	-4.263849994983815	5	5	0.2581315511465063	1.5014223912160805	3	3
pseudo_1699	1.0	-2.9978651688215017	5	5	0.752464818944282	6.027733660377069	4	4	0.7518815116894075	-4.846192085699026	4	4	0.8394225267808086	-8.23056316505162	3	3
pseudo_17	0.676764407922728	-5.248625832328009	5	5	0.20417545398649473	-1.256457505709583	3	3	0.6762769088496523	-2.9824815848482586	3	3	0.39905555634338286	1.195782061383202	2	2
pseudo_170	0.7379427722485853	-5.135022897663509	4	4	0.6241933662913467	4.937744840713248	2	2	0.7757718602288654	0.2808232696615151	2	2	0.6586821561494349	-4.498605972778151	2	2
pseudo_1700	0.5015901653573964	-2.16022910433724	5	5	0.8271581165018823	5.348570549745335	4	4	0.4734201036815687	-3.150357577314806	4	4	0.8394222665593685	-5.582495223075722	3	3
pseudo_1701	0.6012118775527284	-3.7422458551482105	5	5	0.7086892841096155	4.739365753475717	4	4	0.1288995395337527	4.044271482942121	4	4	0.07549798534745704	-1.0718536648439023	4	4
pseudo_1702	0.1729942477304247	1.0220770747585748	5	5	0.8489715023065556	6.570968862466355	5	5	0.1138408834313817	-8.890810865665877	5	5	0.16339957667531513	-12.345730729721298	4	4
pseudo_1703	0.18506742871666204	-8.935277220650438	5	5	0.7445274219063759	5.318847216069685	3	3	0.08611872837500648	10.126260361793662	5	5	0.34028424261055945	-1.0714327492283742	4	4
pseudo_1704	0.6881791926432866	-7.425545539900459	5	5	0.9111406646498671	12.01814860211548	4	4	0.403662939943215	-3.781270269335762	3	3	0.20732758451294953	-13.648313785688629	2	2
pseudo_1705	0.3837008599460243	-1.524921256164095	5	5	0.6217376854373851	12.923135317687949	5	5	0.996447072089243	-2.492449220299466	4	4	0.7284960679812754	-16.334713114178808	5	5
pseudo_1706	0.4294051525609379	-1.3590087429581077	5	5	0.3693715154055066	-0.8827319296059155	4	4	0.8800031160088347	-3.121752418220691	5	5	0.3236353498215411	1.3639745120536304	3	3
pseudo_1707	0.4044135042915773	-1.423146112087325	5	5	0.5834893063227444	3.9027663894319513	4	4	0.8115970738311604	-0.16562519199989212	5	5	0.6721515770417354	-4.337309415820504	4	4
pseudo_1708	0.018674605187367556	2.222702991094319	5	5	0.052509547227951286	0.45526907463943783	5	5	0.07909448694234834	-10.049489774792962	5	5	0.7487488115809312	-4.889295954071922	3	3
pseudo_1709	0.9851072505913057	-2.923736729252943	5	5	0.7033058300726656	12.79808593130135	5	5	0.312934534758911	2.8689297190568848	5	5	0.9078832287124258	-10.322169826077252	5	5
pseudo_171	0.9009649124727902	-2.436832209112525	5	5	0.49387678589692796	-0.4494505200458831	4	4	0.5596668740037345	-5.653424248823886	4	4	0.1746775905664011	2.013740812438008	2	2
pseudo_1710	0.9058930346079408	-3.0091592776257574	5	5	0.185289888201555	9.70552769051284	4	4	0.0741587409691408	-9.195221120954121	4	4	0.009288459060806721	-18.58163627759252	4	4
pseudo_1711	0.9256399007906221	-7.399214524573844	5	5	0.2641579367674023	17.908895289460514	5	5	0.2979378468276843	3.154795871967854	5	5	0.8611413923233626	-8.533810241866354	4	4
pseudo_1712	0.8960406046785265	-7.321092208988781	5	5	0.42747151082399737	-0.6135084376204585	2	2	1.0	-1.2128215561999118	3	3	0.3556819431722411	-0.009710632364711369	2	2
pseudo_1713	0.058554132273671705	1.535360802918387	5	5	0.788441913558757	6.223241354387441	5	5	0.28342910731688276	-6.78864188288945	5	5	0.45297213972518047	-9.56930444846916	4	4
pseudo_1714	0.9749770507502067	-2.5047416947065617	4	4	0.5742290562137042	2.4870168310964744	3	3	0.23986587889986188	-6.0401602012128395	3	3	0.4747295980691312	-8.506039827951373	2	2
pseudo_1715	0.15691194283524687	-3.391479004511988	5	5	0.2611538114013764	1.670357550148782	3	3	0.06348610228442882	-7.180307287745376	3	3	0.7058159981702965	-8.989900964374737	2	2
pseudo_1716	0.6362976823506784	-8.687980648917732	5	5	0.6369691559544517	4.354452271082957	3	3	0.46249988490842575	3.192724881269443	4	4	0.6147447779785216	-1.429948468485873	3	3
pseudo_1717	0.822760004981562	-8.006191510149398	5	5	0.33425358713590403	12.101817496920797	4	4	0.4982344797076568	-4.745526836805791	2	2	0.22158298310542035	-11.999403669899088	3	3
pseudo_1718	0.037122623165668375	-9.490963278857516	5	5	0.042046377392793204	16.02462449768126	4	4	0.17725835824656588	3.4633767191787843	4	4	0.2913463270003729	-12.402785924872077	4	4
pseudo_1719	0.7509944190436915	-4.853984645560376	5	5	0.16351441019738477	9.88334376352091	3	3	0.9342660210685179	0.8269351025331156	3	3	0.28667092223792345	-8.898093062714212	3	3
pseudo_172	0.9132919256070784	-7.768541421030881	5	5	0.5974132364292704	6.634723627572858	3	3	0.2836195840808067	3.741792584233876	3	3	0.8967401735803221	-5.164637680926165	4	4
pseudo_1720	0.5233065261783021	-5.024663440669118	10	10	0.6096578616218518	12.653151293329776	9	9	0.016806522980052974	-10.317255212600815	8	8	0.010752925204892929	-18.777321406118155	5	5
pseudo_1721	0.40091524029326686	-8.823994530730815	5	5	0.6693837588445546	4.436588325552855	3	3	0.3752692551972968	-3.7198967949415174	3	3	0.9183138201770958	-6.800850807322908	1	1
pseudo_1722	0.31048422718845337	0.5747483025000426	5	5	0.16606719143003235	10.738026355579143	5	5	0.45994631844167266	-5.60838560108915	5	5	0.09599764790504246	-13.432156139315287	4	4
pseudo_1723	0.2930109898368324	-1.6817338633259373	5	5	0.44107483050639085	9.739711192371773	5	5	0.7316909117782104	-1.8618029101350018	4	4	0.7742984561044359	-11.374136501328406	5	5
pseudo_1724	0.7557198205586574	-2.4624756116339164	5	5	0.7821075202761589	2.488091873879112	4	4	0.4463857270827286	0.8601950145707371	4	4	0.5091336854681567	-1.5043615802938959	4	4
pseudo_1725	0.1578251861775064	-8.850886139635014	5	5	0.17394434127805736	9.289928544222137	3	3	0.04096304985765502	7.354651973392549	4	4	0.9594979328990745	-4.923903716075791	4	4
pseudo_1726	0.35711589357485674	-8.921485730420182	5	5	0.7772464278740601	4.491166522402351	2	2	0.9344199430708595	-0.09710174147520445	2	2	0.6939175270038576	-4.429952665603974	2	2
pseudo_1727	0.37359262846377905	-1.0504926082696115	5	5	0.1441519333367332	-1.5871324462435663	4	4	0.2763572209311711	-3.2490932322376516	5	5	0.2927405604053982	1.440144106179341	2	2
pseudo_1728	0.3474530563446899	-1.5124018141362445	5	5	0.6172346495985822	5.305961957116132	4	4	0.4151354164732276	-3.7636859908284634	4	4	0.859912066115945	-5.901064168666345	3	3
pseudo_1729	0.150629629431149	-8.75455421325797	5	5	0.653094606225717	6.589688952523635	3	3	0.7886562783509201	-0.009006793045036043	3	3	0.8292175195021274	-5.384234246052323	3	3
pseudo_173	0.08996363273662566	-9.355324117040853	9	9	0.9654785370296368	9.22420252144735	5	5	0.5361843889265712	2.96980298279132	6	6	0.4262586054679042	-5.040292943696608	4	4
pseudo_1730	0.8812924404059588	-4.9096035314735476	5	5	0.4651552936864265	6.139847649066408	3	3	0.8446986005130941	-0.11567283058342433	3	3	0.46013351195390617	-6.0972048813762525	3	3
pseudo_1731	0.6722189809544157	-4.8515578619373825	5	5	0.3958092113895112	13.016104597507137	4	4	0.6657878555858668	-2.5860905231791196	4	4	0.18112396759391292	-16.311612927559164	4	4
pseudo_1732	0.5148354818731369	-2.073732298550748	10	10	0.6412958629665026	11.353162103171563	9	9	0.4167500701859521	-9.288793337864908	9	9	0.9558683496593806	-14.924774001430768	5	5
pseudo_1733	0.6722189809544157	-1.850315190555234	5	5	0.533134486206956	9.358697425274338	5	5	0.15039354332151236	3.7530715064716724	5	5	0.668927832681339	-5.954321393438119	5	5
pseudo_1734	0.506436243720394	-4.6328099953850845	10	10	0.5316834151844263	13.84041346278606	9	9	0.6967928598223777	-5.123585170952413	8	8	0.4855915971381216	-16.48416568646626	8	8
pseudo_1735	0.6362976823506784	-1.8932931351431146	5	5	0.8727853087933759	5.66152375254202	4	4	0.9873212857805898	0.1277859325726758	5	5	0.7222259567064059	-5.4690137367832845	4	4
pseudo_1736	0.562820165339881	-5.022559539127922	5	5	0.11310905276179961	-1.3976143656695441	3	3	0.4570927445480947	-3.1375609154321284	4	4	0.3311433768670189	1.5240353336084471	2	2
pseudo_1737	0.7842584640235843	-3.626441516697985	5	5	0.8045517718924269	8.802568706008538	4	4	0.9809829291243851	-2.8690389622420263	5	5	0.9635050030421082	-5.862370776913951	3	3
pseudo_1738	0.7557198205586574	-7.648491365054251	5	5	0.38077936234642007	9.533344305479488	3	3	0.09347373921034216	-9.615683101423311	2	2	0.03330793362393529	-19.03626866982807	2	2
pseudo_1739	0.4367071394043638	-4.258480799312074	5	5	0.4519992407624175	0.6173374523030472	4	4	0.9254968649843824	-4.999781577233697	4	4	0.3556819431722411	1.4897626274044322	2	2
pseudo_174	0.5204749178208685	-5.858978825404667	10	10	0.508116051923085	10.1155774157922	8	8	0.9006451021250179	3.3360336706121543	10	10	0.6819342076266021	-11.943096349344728	7	7
pseudo_1740	0.6362976823506784	-2.254682999744486	5	5	0.3850997578772506	6.756313481358792	4	4	0.6528922292717694	-3.0628015499259535	4	4	0.36357366278837844	-6.3442264077051185	3	3
pseudo_1741	0.5925787624647025	-2.4152995925120435	5	5	0.7226690701527598	5.558537953921527	5	5	0.18192519377190075	4.824565169947447	5	5	0.1574613807879972	-0.8922742590264754	5	5
pseudo_1742	0.49370125659774056	-1.7990318613933995	5	5	0.21239478776469056	9.961623460562855	4	4	0.8272775505216724	0.35241489436983553	4	4	0.25672416509120977	-9.908146467909217	4	4
pseudo_1743	0.8421782440715131	-7.55298777344061	5	5	0.5742290562137042	8.925872200247127	3	3	0.8444391531109933	0.31852374506270364	2	2	0.7586785504415519	-8.190364215478382	3	3
pseudo_1744	0.5875361954565506	-9.559023325367422	10	10	0.7978698890341972	2.7024623517973283	6	6	0.7623692303568346	-2.2317944372992566	8	8	0.49475994090108255	-1.7380296878898154	4	4
pseudo_1745	0.2087863818484672	-9.54596493450799	10	10	0.6095604445252153	4.773169063566219	5	5	0.9682585202180858	-2.9529326287753688	6	6	0.713432485172854	-9.329358866904784	5	5
pseudo_1746	0.9157599695600442	-2.043764275290637	5	5	0.9961285445921516	6.081104448897842	4	4	0.06083514423528274	-9.34503670626136	4	4	0.12502484688590654	-13.870055314038865	2	2
pseudo_1747	0.39397479237029165	-5.341193999439125	5	5	0.7086892841096155	5.445136464287977	4	4	0.34439382546361674	3.9692265191499776	5	5	0.34323345256294346	-1.162072338285313	3	3
pseudo_1748	0.6362976823506784	-5.065069501054297	5	5	0.2053641620752208	13.297270373756762	4	4	0.4761722426619618	1.6049451730360247	4	4	0.688695176818324	-11.78937490571108	4	4
pseudo_1749	0.3871071357014988	-1.320525642543651	5	5	0.3540489517073495	2.172699254648224	4	4	0.9467455070486619	-2.8745103066634226	4	4	0.4761670154210649	-1.9640605955812074	3	3
pseudo_175	0.7462783383973426	-5.353635467603794	5	5	0.3338667471178933	1.7840381032620964	3	3	0.6464827970883652	-0.7722326335491161	4	4	0.6709285657109667	-2.071093661202959	3	3
pseudo_1750	0.48005659293540737	-7.823956496812191	5	5	0.19693192474167898	-1.3550670171751271	2	2	0.2108327743272278	3.916639507599769	4	4	0.02103295599709122	2.6102273875713173	3	3
pseudo_1751	0.5578910339396763	-8.033496579098646	10	10	0.5435359790344866	12.674819712975554	8	8	0.39131365331669443	-9.856439238300636	8	8	0.717608226341679	-16.239183367127985	6	6
pseudo_1752	0.13373559285626807	-7.172396517904386	5	5	0.7530448034391494	2.940698668120564	3	3	0.050601388171364496	5.171473127648861	4	4	0.3941938274343686	-0.7084555436933412	4	4
pseudo_1753	0.9355313135407318	-8.033353913820998	5	5	0.2517365818013616	8.792571905057876	3	3	0.3167600592078206	3.404003805527381	5	5	0.5091336854681567	-7.250386350460404	4	4
pseudo_1754	0.39397479237029165	-1.1343645148458739	5	5	0.4817040375956898	6.412673417085471	4	4	0.504500456314138	1.1525271884181454	5	5	0.8052872096850119	-8.221938982039765	5	5
pseudo_1755	0.025499838397094174	-8.543864124416709	5	5	0.1042827813051639	19.49632610363254	1	1	0.022091839962973023	9.690192462993762	3	3	0.27500929693524734	-1.4361114158170107	3	3
pseudo_1756	0.6834441086709757	-4.357005502329951	4	4	0.7445274219063759	5.450978206112853	3	3	0.6243335087728246	0.30114485702710997	3	3	0.9935918463631742	-3.9397155179981063	2	2
pseudo_1757	0.4044135042915773	-1.32751400130577	5	5	0.2568241946791231	13.373245508219403	5	5	0.32070618378854343	-6.621205020398674	4	4	0.04516310096720056	-16.51934740960795	4	4
pseudo_1758	0.3506553571576182	-8.097566419466878	5	5	0.39936763338904124	6.560306755966409	3	3	0.6575319443122141	0.5962350471788844	3	3	0.9115204920746716	-5.47242277718061	3	3
pseudo_1759	0.07669458635721327	-8.385480085839175	5	5	0.08831468555573052	14.935932615069511	2	2	0.6440362101495735	3.8097888541333145	2	2	0.4761670154210649	-8.70834721359112	3	3
pseudo_176	0.9851072505913057	-5.523973491592689	5	5	0.41776076799471207	4.968856702563188	4	4	0.7893327433859675	0.021101040188250247	4	4	0.5260529796097602	-1.7756188709653085	3	3
pseudo_1760	0.20331705279095458	-9.493639012152556	10	10	0.3753391403514976	13.180422304655727	6	6	0.8935230473871612	-2.3025974049103892	6	6	0.3460295858785828	-10.029546364137333	4	4
pseudo_1761	0.5055597482477695	-7.181687797742829	5	5	0.3305872474676157	8.827987150572495	2	2	0.09693764789776184	5.97007299365728	3	3	0.5175570596062204	-1.9043463694780662	3	3
pseudo_1762	0.49370125659774056	-1.9003452771380747	5	5	0.7746652364788146	5.370865025964203	4	4	0.5147016409140348	3.3404862331308727	5	5	0.5098714838070927	-4.854182597008183	5	5
pseudo_1763	0.4515236990763176	-5.218192648621266	5	5	0.06274007494589755	16.27129817510674	5	5	0.8761487099115874	0.02240967028757525	4	4	0.13252573629643227	-16.194306184438407	5	5
pseudo_1764	0.4294051525609379	-8.824043598204453	5	5	0.830619604740795	4.132879637778199	2	2	0.16071255505670456	6.114780301418047	4	4	0.9325480838395456	-3.686321327092853	4	4
pseudo_1765	0.952864320665034	-2.908993808928173	5	5	0.29237736694890715	1.8831989640720923	4	4	0.01939770424358541	-9.879912996540886	4	4	0.17508517951619795	-18.575719372226533	1	1
pseudo_1766	0.27533177650698293	-8.45933263073839	4	4	0.15720162410268607	13.297686493776702	2	2	0.17030977959402416	6.170614778465364	3	3	0.5607347604558015	-5.790913511768575	3	3
pseudo_1767	0.48199329982592676	-6.1060744935239155	5	5	0.9462472744390631	2.4679537576494286	3	3	0.35665349150070447	3.6276959165951834	4	4	0.8346222032624742	-1.9071702161966735	4	4
pseudo_1768	0.9206984051801299	-5.099690935356536	5	5	0.4696963763709566	4.2538928898518185	4	4	0.49006391391973403	-3.5688902515671646	4	4	0.9423761816144207	-2.9758414410008225	2	2
pseudo_1769	0.27896385633945897	-6.428884306177533	5	5	0.91053256242075	-0.0841762113753924	3	3	0.02354467109431016	8.19878991687914	5	5	0.22152238355363307	1.597715382866762	5	5
pseudo_177	0.4976374693697522	-9.432755638714383	5	5	0.5001835845228213	6.274873909129702	3	3	0.29298128194791406	3.5335576470569943	3	3	0.9426801010511117	-2.5830006637991265	3	3
pseudo_1770	0.17612269301568262	-9.588301863540698	9	9	0.258242294366153	9.970010273708588	4	4	0.021918795747704837	10.452846500101716	7	7	0.39704042621084445	-5.74496618207221	6	6
pseudo_1771	0.1987128071039983	-9.218770870832127	10	10	0.779672935634473	9.245760845928947	6	6	0.9825910693534732	4.058788527699487	8	8	0.5765566920195713	-11.353273495652024	5	5
pseudo_1772	0.1749644862773586	-1.9800207079459842	5	5	0.5441687725618416	2.0407556771081876	4	4	0.10504118511854865	4.3521515179375845	5	5	0.06632063025502503	-0.6392232175431539	5	5
pseudo_1773	0.2973159675174961	-9.022141409787046	5	5	0.3237739636801802	-1.133161585044828	2	2	0.6531405001217736	0.6288107365156327	2	2	0.21317403890373798	1.920287919834042	2	2
pseudo_1774	0.6055496210385807	-2.213961378729675	5	5	0.9651678359385234	2.7754432244230482	4	4	0.28319896262777244	1.0647851025118757	4	4	0.35770445094096925	-1.6940876849572521	4	4
pseudo_1775	0.1809756498243159	-8.69885939248409	5	5	0.35764520807033084	-1.566758200145463	1	1	0.2108327743272278	3.483759565986489	4	4	0.023318649794837536	2.5624676247835576	3	3
pseudo_1776	0.047857003862281804	-0.27695356895159345	5	5	0.7487635757823436	7.876225603477553	5	5	0.04461352232827261	-10.590213534181643	4	4	0.12451808844982651	-12.274115960489288	3	3
pseudo_1777	0.9355313135407318	-2.5961594347695036	5	5	0.31053347007596377	9.856231107623865	4	4	0.40501306695312633	-5.6677189850601195	4	4	0.12345389939603775	-15.365488239053583	4	4
pseudo_1778	0.5055597482477695	-1.8659564281610546	5	5	0.3850997578772506	7.332082081076481	4	4	0.7566552002445445	0.11432619947184712	5	5	0.7562990515506363	-6.522231938740539	4	4
pseudo_1779	0.7248347096264414	-2.2952721007021593	4	4	0.7746652364788146	5.836932704887417	4	4	0.02736255462120564	-9.831838283178556	3	3	0.15432610520732246	-18.770468179202332	1	1
pseudo_178	0.2845267593961226	-0.511359281340412	5	5	0.9930936381355887	4.404913703954558	5	5	0.9809829291243851	-5.278409385247547	5	5	0.6147447779785216	-1.919461429990325	3	3
pseudo_1780	0.3636508899901205	-1.8577856013948892	5	5	0.34406039449213544	1.6664066994462274	4	4	0.3036529482118424	1.1734791690649489	4	4	0.09827198119719432	-0.3544298821777782	4	4
pseudo_1781	0.9801438975978024	-3.833861057451596	5	5	0.35911124745802514	4.4570423122602065	4	4	0.24878155895041998	-9.663794245874941	4	4	0.43170487608642827	-9.591497845568428	1	1
pseudo_1782	0.07617804099265627	1.8373197171570121	5	5	0.6588847893064866	9.577291506300824	5	5	0.7809402705849261	-2.4008254976058567	5	5	0.6910466950722278	-12.840206311341598	5	5
pseudo_1783	0.28463910493785094	-6.204447227501693	4	4	0.6241933662913467	4.652952276545604	2	2	0.5567598267165714	1.0353054818368124	3	3	0.6709285657109667	-5.603563106515362	3	3
pseudo_1784	0.9851072364657993	-4.149420655877794	5	5	0.7275870029403386	2.8918368596183988	3	3	0.15781795027934886	-6.688300113013407	3	3	0.30017156267093015	-9.792112855648433	2	2
pseudo_1785	0.10438118119474037	0.9790593547512819	5	5	0.1458910199919692	4.666932589970653	5	5	0.2348888843953959	-6.503486021757389	5	5	0.7053890414270343	-8.015350032922822	4	4
pseudo_1786	0.27758458595922275	0.11819016542776713	5	5	0.5313610007096	2.3356801535229406	4	4	0.3821131176130116	-3.343458010922124	5	5	0.8283245204925728	-3.638356860757529	2	2
pseudo_1787	0.5055597482477695	-2.282182476996051	5	5	0.2749482829207355	1.9732739743393548	4	4	0.8272775505216724	-2.7789719647735414	4	4	0.28079900472908725	-1.3486551206823745	3	3
pseudo_1788	0.9851072364657993	-5.057776214472959	5	5	0.507353458020152	2.4787257836853134	3	3	0.8691335728152966	-2.6473696721056883	4	4	0.7388605626131051	-5.393481876107125	3	3
pseudo_1789	0.5586285266713641	-5.367878381615406	5	5	0.2749482829207355	12.247168795251904	4	4	0.48448137062362273	3.2739539003721045	4	4	0.7306957467461217	-9.247954515974222	4	4
pseudo_179	0.5754853585456245	-2.215676130080384	5	5	0.030833480703001875	-2.1579858353797476	4	4	0.6984552139451855	-2.935837477475046	4	4	0.023318649794837536	2.5830018093107516	3	3
pseudo_1790	0.46282024710326686	-5.518442877335456	5	5	0.5702361423665083	8.42800513963057	4	4	0.5041700055773357	1.091273020911103	4	4	0.9505079754058229	-8.034018463741942	4	4
pseudo_1791	0.7986403367560554	-5.343888432879086	5	5	0.8423105224700136	6.0748225740355535	4	4	0.2994855531010523	2.2606054323335765	4	4	0.7360677926839633	-6.737515336014522	5	5
pseudo_1792	0.2817359933119614	-6.303809100694385	5	5	0.43814406128980377	6.284543218830788	3	3	0.08467494893200034	7.663866179905269	5	5	0.6327013171827216	-5.174965105305266	5	5
pseudo_1793	0.42578092735609907	-4.493261155267065	5	5	0.7024263634168448	4.8332401673504455	3	3	0.4410862182662745	-3.3165271485580123	4	4	0.5784813256465693	-8.628489090537913	3	3
pseudo_1794	0.31947363975467924	-8.687517229270954	5	5	0.6369691559544517	4.384614809751626	3	3	0.6650050329875932	-3.1048349983340233	3	3	0.9183138201770958	-6.800850807322908	1	1
pseudo_1795	0.9635131900407503	-9.623121511279125	10	10	0.13968127707126715	13.213886491088907	7	7	0.47053545756602333	0.9963483820115462	7	7	0.3461021279713423	-12.361802415929263	7	7
pseudo_1796	0.29016424324978995	-1.5370908142776505	5	5	0.512440202821652	2.113207329088428	4	4	0.7566552002445445	-0.32874560964019217	5	5	0.34028424261055945	-1.714447408228903	4	4
pseudo_1797	0.4542203081983166	-8.877246698809634	13	13	0.05149213555731216	4.825218241758326	10	10	0.01946308738133912	-10.626222991639619	9	9	0.6970237719155341	-4.951347951405978	4	4
pseudo_1798	0.38031299647134453	-6.199079942343307	5	5	0.4249839944591046	6.4419456534606185	3	3	0.8770991074584316	-2.7039036145650637	3	3	0.3918404758014934	-8.987533669752098	3	3
pseudo_1799	0.6783335244653443	-1.995947994781907	4	4	0.46375515388477917	9.336589396752144	4	4	0.6990379770331605	-4.746356603870992	3	3	0.28079900472908725	-11.756631660907301	3	3
pseudo_18	0.9230219269337272	-8.681867810896428	9	9	0.3669542667841912	13.326389113810825	7	7	0.9971136556747445	-5.598575011193468	6	6	0.43443480966640335	-19.495242295848822	7	7
pseudo_180	0.5925787624647025	-5.5833818356966125	5	5	0.09407840825889631	-1.4374103018908766	3	3	0.22377111193296506	-6.380002087815796	3	3	0.14156250123272146	2.8410979091355006	1	1
pseudo_1800	0.36529607270329045	-8.096103544240508	5	5	0.9283718814052414	5.38200053756711	3	3	0.9671049731773766	-2.292683711683297	3	3	0.7058159981702965	-8.520100104755926	2	2
pseudo_1801	0.3506553571576182	-6.139266743512572	5	5	0.8838607086796945	2.5466449719996054	3	3	0.48448137062362273	0.48595288741265064	4	4	0.3775440420812346	-1.0832419068324646	3	3
pseudo_1802	0.2707590360151666	-8.3450138983606	5	5	0.5145769424974942	6.256779285369969	3	3	0.10167617470264072	3.479118563750086	5	5	0.19630127950364495	-1.2266911514830945	4	4
pseudo_1803	0.8812924404059588	-5.5866267673231995	5	5	0.2708118684024159	1.7387900609826203	3	3	0.6400994920987608	0.7785181559387704	4	4	0.5964875598285619	-1.8069475612872832	3	3
pseudo_1804	0.5649215134468712	-1.6351826242315184	5	5	0.12640502134433174	10.127478808041287	4	4	0.7748479063586586	0.5335432946261116	5	5	0.26621903760795174	-12.893526219382919	5	5
pseudo_1805	0.24714352647476157	-6.65961953155655	5	5	0.1568276462516408	-1.298109814248572	3	3	0.20475842833521996	-6.299405262504856	3	3	0.4588776128570278	1.663612272165187	1	1
pseudo_1806	0.6904709364093857	-3.5446776499212813	5	5	0.5914963826197677	6.249855921557807	5	5	0.436178287803738	0.9643401553725311	5	5	0.3941938274343686	-1.5200545283768012	4	4
pseudo_1807	0.04716025881466634	-9.39375284878624	5	5	0.6693837588445546	6.010552397881149	3	3	0.16087385126811848	3.8669439513819666	3	3	0.5964875598285619	-1.9854370652517985	3	3
pseudo_1808	0.4367071394043638	-2.5979023817635767	5	5	0.03237041127561484	-1.9980152756934295	4	4	0.010058640616111952	-10.252573615142182	4	4			0	0
pseudo_1809	0.2845267593961226	-0.8368796036084346	5	5	0.665161924134298	7.858873952690868	5	5	0.9683102165650581	-3.155858637944851	5	5	0.7887013088790334	-4.635900705869987	3	3
pseudo_181	0.16339124687942308	-8.05460953401346	5	5	0.7772464278740601	4.874458928581847	2	2	0.1201654845321105	6.506068516832001	4	4	0.15668795054200066	-1.861245778353333	4	4
pseudo_1810	0.7720299456980725	-5.571445499600966	10	10	0.7678005953260388	9.781533680141335	8	8	0.311812604070538	-3.9133998086166373	9	9	0.38691230006195076	-12.636921377191522	6	6
pseudo_1811	0.9878339638080184	-8.151184501969004	10	10	0.5315021472311496	6.243342925082655	7	7	0.10880835280187022	-9.39347710140451	7	7	0.48765525145595867	-11.855912442994077	4	4
pseudo_1812	0.9578210746039924	-8.14784005226661	5	5	0.26235129091812437	15.298235943469932	4	4	0.2076027382867146	6.478649639434089	4	4	0.7477332587832924	-8.438611716731645	4	4
pseudo_1813	0.6385188684120611	-3.367389374219726	5	5	0.7451089369951867	6.95545794244146	4	4	0.16883358591137876	-9.907399498837863	4	4	0.10998253110605723	-14.961181476797265	2	2
pseudo_1814	0.4996116602656475	-5.566486604818029	5	5	0.036502544464027155	14.640781207213545	4	4	0.473420456215233	0.9334041005878698	4	4	0.33157375194526484	-16.481736386149464	5	5
pseudo_1815	0.007461473843625089	-9.809049208853288	5	5	0.2103596222963634	11.602747185481675	1	1	0.09597414268308961	6.222045168879027	2	2	0.6016365394766707	-3.3026319747514927	2	2
pseudo_1816	0.7921032210397494	-8.479912177567945	10	10	0.3708312390349252	-0.8553188769384595	7	7	0.0893401335478261	4.936018123650238	8	8	0.08512839001018184	2.4140982098054713	8	8
pseudo_1817	0.7651979256499206	-5.1855926795825615	5	5	0.8271582915209736	8.25988080717474	4	4	0.4333053417384477	-3.3799835860035716	3	3	0.3775440420812346	-8.626230077810797	3	3
pseudo_1818	0.7462781060007779	-4.461316519631825	5	5	0.41776076799471207	12.19702041994118	4	4	0.6794834619764405	3.057910083826419	5	5	0.6076163265649088	-9.636935222499782	4	4
pseudo_1819	0.8251815499372707	-4.842471987080763	5	5	0.5768447830096883	5.546800979627878	4	4	0.9467455070486619	-3.3705144767685233	4	4	0.4761670154210649	-4.405906487989552	3	3
pseudo_182	0.41146367565648345	-1.6938483431878695	5	5	0.8804354453037812	5.3750577766285375	4	4	0.6211102879767243	-3.19059575536239	4	4	0.6997523304332391	-5.3326474709469975	3	3
pseudo_1820	0.4578773497701353	-2.1506698449856967	4	4	0.45831698880978144	-0.644207717688594	3	3	0.9113596326844167	-3.0639880974637506	4	4	0.13312462286157667	2.196344135058535	2	2
pseudo_1821	0.09917563712713369	-9.11807585026658	5	5	0.7561730665970722	7.635547475219381	2	2	0.035447595135497674	7.270373038327534	3	3	0.1638378521490712	-0.5830625728681902	3	3
pseudo_1822	0.5691357910471324	-5.290488487979128	5	5	0.03856750366214414	16.126574375674767	5	5	0.2181139600933698	3.3068824358650235	5	5	0.41796172316242675	-12.661376341536164	5	5
pseudo_1823	0.9851072364657993	-8.212120607030291	5	5	0.32827648480074934	4.100287264260064	3	3	0.49006391391973403	3.4258251632738137	4	4	0.2024431200443495	-1.1350411440513835	3	3
pseudo_1824	0.6858904196869611	-4.190797610404188	5	5	0.973108339835696	2.7885115040323254	3	3	0.9964470621797951	-2.5679692639403116	4	4	0.4747295980691312	-2.9532037468770724	2	2
pseudo_1825	0.1523796316984686	-5.661418549203067	10	10	0.8396951500312768	14.642030622948525	10	10	0.7080030549476015	-3.507807588099681	10	10	0.8943830060559933	-12.284564816352765	6	6
pseudo_1826	0.23222452898372214	-9.545444182176562	5	5	0.23802469682165317	-1.4948339694430528	2	2	0.546424672334119	1.199715909045911	3	3	0.3391983571575172	1.5363989522141708	2	2
pseudo_1827	0.08997493999049119	-9.607373225106988	5	5	0.5951989102715409	8.941952465880089	2	2	0.15546481918202434	3.5374703957029254	4	4	0.5346196128272573	-1.882358737912752	3	3
pseudo_1828	0.6012118775527284	-4.130873409092249	5	5	0.9731083679586155	5.55109012589723	3	3	0.7028588396759679	-2.8360277180853295	3	3	0.38133713658696033	-9.29537993125266	2	2
pseudo_1829	0.018300700508006564	1.9376294629206912	4	4	0.43468535458993085	2.1775431768094946	4	4	0.2599132370496461	-6.641616882615363	4	4	0.9168442200344347	-3.698736956849636	2	2
pseudo_183	0.9108247831035664	-6.463901075073004	5	5	0.02794679130196489	15.440620879461576	4	4	0.40501306695312633	2.8302585127126783	4	4	0.1290480897276386	-12.452046768475315	4	4
pseudo_1830	0.058554132273671705	-9.311094895384946	5	5	0.7249046593296341	4.751497985023365	2	2	0.20846379315938257	4.111554484488276	3	3	0.6519751063056869	-1.6808356334838217	3	3
pseudo_1831	0.26028485118757516	-6.9096149517701555	4	4	0.2336189252929014	9.482762422122955	3	3	0.08891968970858037	4.4733310413870955	3	3	0.9635050030421082	-4.8511157824622755	3	3
pseudo_1832	0.8082665460035463	-3.5372215188301435	5	5	0.15795551721759393	9.948232303596773	4	4	0.8272775505216724	0.08857809880301531	4	4	0.18483403734822568	-9.957067214291092	4	4
pseudo_1833	0.25745500478765326	-0.467047682396206	5	5	0.7304672979806208	5.606520477057754	4	4	0.030114098284539082	-10.178486495850697	4	4	0.09966893296704302	-14.310623831039788	2	2
pseudo_1834	0.009642172936578812	2.357778431587241	5	5	0.3726273422727482	5.183789167742143	5	5	0.9873212857805898	-2.5495128745939737	5	5	0.591924367286905	-4.7477536072018856	4	4
pseudo_1835	0.8203400147113009	-4.574400775525137	5	5	0.7821075202761589	5.583915919211511	4	4	0.4551355246072166	3.7414132416886408	5	5	0.7995587803741879	-2.277400980055257	4	4
pseudo_1836	0.025850140737954996	-1.1611226837255033	10	10	0.30118699545780814	9.955316751844574	9	9	0.04072597441492301	-10.900905628069465	9	9	0.3769433738728323	-15.804010103274857	6	6
pseudo_1837	0.6362973623033774	-3.419936485865982	5	5	0.35911124745802514	6.960017879717842	4	4	0.20646669169043474	4.778542048104014	5	5	0.7360677926839633	-5.426722950198293	5	5
pseudo_1838	0.02718475243865963	1.9818353886326776	5	5	0.1769107779615714	1.4629627868158253	5	5	0.25920729377161533	-6.244502728518362	5	5	0.6332438286069103	-2.0185704403194262	3	3
pseudo_1839	0.9108247831035664	-5.901138183405422	5	5	0.8221864928668894	2.7146085233032853	3	3	0.09902991888021954	-6.907808924170335	3	3	0.41847589036876853	-9.614791224765662	1	1
pseudo_184	0.31048422718845337	-0.0021862516633848936	5	5	0.5736823039162351	3.1695361071192347	5	5	0.7029168970445914	-5.219949318313307	5	5	0.43665971493913525	-1.7175813978379377	3	3
pseudo_1840	0.7830623815144568	-5.934722202549576	4	4	0.1343025257395668	-1.6824077310969123	2	2	0.16568928574373964	-5.759031663888058	2	2	0.26900936251825636	2.260176059165106	1	1
pseudo_1841	0.7251755888101974	-7.92738323323599	5	5	0.7043074230497807	3.0912065746487007	2	2	0.5883234308131565	-3.0836677443205733	3	3	0.8033785783179226	-8.314380010633876	2	2
pseudo_1842	0.7986403367560554	-2.6373692058782057	5	5	0.6448301450738294	2.4070540221138725	4	4	0.7927633015059123	-2.7336772774129563	4	4	0.5874525158575528	-1.8938720156151074	3	3
pseudo_1843	0.9108247831035664	-4.905699725830604	5	5	0.7672435995177201	8.656610463329379	4	4	0.2524608705604158	-3.8534289863003064	3	3	0.15991654473201622	-9.61289837728995	3	3
pseudo_1844	0.9860967855708577	-2.22107648310147	4	4	0.24225350841890403	12.904341327595967	4	4	0.7570969152812521	-2.6144324909854877	3	3	0.25672416509120977	-15.921163808624563	4	4
pseudo_1845	0.4044130585222545	-1.9462569631133173	5	5	0.8271582915209736	5.731304986026129	4	4	0.5095876853578198	1.5304313264166323	5	5	0.556125409513081	-8.208453931283332	5	5
pseudo_1846	0.2021194957982827	-7.007525944431296	5	5	0.242558810705645	-1.0540592016965686	3	3	0.4832597565423101	-3.1471955694662452	3	3	0.4265436590750734	1.146992350804994	2	2
pseudo_1847	0.8276243406063467	-2.0413290904618804	3	3	0.4249839944591046	4.328820100819765	3	3	0.8285928021185862	0.09960606981337523	3	3	0.32321315799713723	-2.0586391949354352	2	2
pseudo_1848	0.8462751477500783	-9.210851442025838	10	10	0.8328897778845816	8.210897816182497	7	7	0.9726462984043269	-3.7500936865302013	8	8	0.4843743124461125	-4.579516983197619	5	5
pseudo_1849	0.6681568185263091	-1.6370288992336468	4	4	0.543996372783599	-0.5628268851939424	3	3	0.49006391391973403	0.96319430581803	4	4	0.15228742953988064	1.7276655880428073	3	3
pseudo_185	0.2987603708429508	-2.2883702953426845	5	5	0.7422113216842419	5.992787700234568	5	5	0.9396576154848408	-2.789341250495804	4	4	0.30179009604559737	-4.279703454433792	4	4
pseudo_1850	0.03545890703828867	-9.442488819823089	5	5	1.0	0.011945310104010787	1	1	0.06497037837215669	6.656868739523769	3	3	0.4289911441296608	1.1634176160236276	3	3
pseudo_1851	0.4044135042915773	-4.496177378933453	5	5	0.6104174060852452	4.826044893844584	4	4	0.4202521562214223	-3.630079385731061	4	4	0.955166061730401	-3.853815593466731	2	2
pseudo_1852	0.7937920327636003	-2.7935140055228236	4	4	0.6800210896350422	8.399699237444821	4	4	0.3520261323683881	3.615162561120442	4	4	0.8700175836875019	-4.9745147462610095	4	4
pseudo_1853	0.9058929457539036	-7.687102903308958	5	5	0.07848289103050218	-1.8865109889892446	2	2	0.553688359064076	3.811776019247727	4	4	0.11518678126729759	0.9143536413831166	3	3
pseudo_1854	0.21106319262628104	-8.833191223080652	5	5	0.32274729417150905	6.63544356784989	3	3	0.22772048509707699	3.7904005883204532	3	3	0.5687419866077745	-5.853235556936181	4	4
pseudo_1855	0.8531036284398471	-7.149235890852029	10	10	0.7935810984358141	13.824257090621023	9	9	0.5940015647794264	-10.093194931531	8	8	0.836785242829008	-12.040828194472615	6	6
pseudo_1856	0.774711322395288	-5.121322079911607	5	5	1.0	2.9443412155395077	3	3	0.8621287216111431	-3.499858303667976	4	4	0.8496546027760271	-5.736013073306782	3	3
pseudo_1857	0.3769435762004306	-3.5699757888064885	5	5	0.17273775823023463	10.74534191258914	4	4	0.4151354164732276	-6.202059190151863	4	4	0.050651547349365104	-13.429738318323333	3	3
pseudo_1858	0.2179562178508675	-0.951884036789641	5	5	0.09999348038522843	-1.6812968859965711	4	4	0.8800031160088347	-2.9412337090693277	5	5	0.2024431200443495	1.6412597410134602	3	3
pseudo_1859	0.08147429073431367	-1.3375572097136992	5	5	0.9651678359385234	5.897837868508989	4	4	0.5780824648450211	0.7749970387967773	5	5	0.5687419866077745	-5.125611923060208	4	4
pseudo_186	0.2179562178508675	0.8031759439027718	5	5	0.8354298148251096	9.56239611597354	5	5	0.34439382546361674	-6.372924886631494	5	5	0.2761420676144386	-12.517922025094682	4	4
pseudo_1860	0.036560862183804436	2.067412401868262	5	5	0.4462250366937085	1.6578796964340057	5	5	0.639221981166468	-6.554289045711063	5	5	0.5019195834933028	-4.586182469346489	4	4
pseudo_1861	0.667685504545382	-8.337244060985844	5	5	0.03079045011865896	-2.4628056715538307	2	2	0.23446425612920074	6.450840998721233	4	4	0.013245004477762131	2.5088778396265283	4	4
pseudo_1862	0.29016424324978995	-8.267995886187665	5	5	0.6438553983082143	-0.5236316259865346	2	2	0.7854882013720936	-4.145767288779531	2	2	0.6403507662122188	1.168635782017816	1	1
pseudo_1863	0.9878339638080184	-9.858390024020132	10	10	0.4277446768884845	5.306066341523761	7	7	0.7350068592182256	4.008633887438566	10	10	0.10412669044612942	-4.783536219337033	6	6
pseudo_1864	0.596888217655889	-6.529976433190705	5	5	0.43468535458993085	4.000367980893542	4	4	0.08810500320426735	4.664306915144423	4	4	0.06180261909040557	0.06743693685698353	4	4
pseudo_1865	0.2930109898368324	0.31235898327315254	5	5	0.7161941739108411	2.4403200055219654	5	5	0.23645838980972655	-9.399290462354868	5	5	0.5432560717039489	-5.780374510036988	3	3
pseudo_1866	0.07515324329881565	-8.322162559829023	5	5	0.0232191278046937	15.090165360923955	3	3	0.021211044272270663	10.049511242096868	5	5	0.844451985518846	-8.645098676413566	5	5
pseudo_1867	0.19992715695855745	-1.890768509260332	5	5	0.09223916144200017	1.0876073659454548	4	4	0.3608549874255743	-3.178189803984882	5	5	0.20711118778289173	-1.1287555914221332	3	3
pseudo_1868	0.05750776459978404	-9.099780718664602	4	4	0.860181076211855	-0.25728403400747446	1	1	0.044386822129495185	7.1393554422963605	3	3	0.03474681712255077	2.402314100166715	3	3
pseudo_1869	0.6551913902610844	-7.40238691750091	10	10	0.24716773342742981	4.527129779395023	8	8	0.9329251385969886	-3.19625784577978	8	8	0.10417196810741935	-0.5651577546058307	5	5
pseudo_187	0.5586285266713641	-7.913757891268857	5	5	0.9394966891815054	3.8468933529169744	2	2	0.33765175389802937	3.444891976891817	3	3	0.43665971493913525	-1.3544533858619177	3	3
pseudo_1870	0.08822007880892281	-9.602237955913372	5	5	0.2033202895073295	-1.9197131906534484	1	1	0.4982344797076568	2.821978504387124	2	2	0.9296011428204549	-0.9419286409971472	2	2
pseudo_1871	0.683604524728264	-7.812985962230736	5	5	0.040124258492114435	17.085259223077554	4	4	0.43938141124152297	1.3950314749383221	3	3	0.17603642558930854	-11.768380520504792	3	3
pseudo_1872	0.44408014227857784	-7.673910822087141	5	5	0.4249839944591046	6.472602297591386	3	3	0.20125065852415136	4.115302366818144	4	4	0.43284943323702774	-4.556744811125339	4	4
pseudo_1873	0.22500959137204424	-8.940814551778558	5	5	0.6637699154186915	5.0933694277402966	2	2	0.16958780932482487	-9.103096574883939	2	2	0.12962595410473374	-18.97891896041849	1	1
pseudo_1874	0.7509944190436915	-2.5068480140614757	5	5	0.09037803801185884	10.273320008834828	4	4	0.4994401335798361	1.2053984754305118	5	5	0.27057026605395484	-12.882288024966812	5	5
pseudo_1875	0.5754848512818269	-7.88141522223487	5	5	0.26650473310997824	11.788850500083752	4	4	0.1671194548915237	4.1805791090346025	3	3	0.7436648488324583	-11.758577970729867	5	5
pseudo_1876	0.3474530563446899	-8.54804085202806	5	5	0.38085144607479493	0.0994765624673879	2	2	0.0319291979666639	9.761799139791846	5	5	0.027915653687282445	2.541812239121844	5	5
pseudo_1877	0.4185862734098569	0.5196749948610934	5	5	0.910405295055334	6.075445254502097	5	5	0.12515534722568572	-9.157095706556726	5	5	0.24198588110928465	-11.943632386619527	3	3
pseudo_1878	0.06596832106926923	-8.560671591957282	5	5	0.22195739135987935	9.98464345960147	2	2	0.21221752062129762	4.114682375194264	3	3	0.6470987182283356	-3.408657869418219	2	2
pseudo_1879	0.6496739572048208	-4.918862692990789	5	5	0.42335870036441137	9.446056143582501	4	4	0.2882748101447493	-6.129903162672801	3	3	0.23142511819536626	-13.433030162402972	2	2
pseudo_188	0.6586549765979004	-5.8463282713843165	5	5	0.11831183145063351	1.1601882134541242	3	3	0.9588878863680067	0.07447400597986704	3	3	0.2166806625969988	-0.9272809564944066	3	3
pseudo_1880	0.8421782440715131	-2.1355210378479916	5	5	0.43468535458993085	8.239878507740096	4	4	0.873739147174457	-3.5533841382868467	5	5	0.6043363339783826	-15.023166157519691	5	5
pseudo_1881	0.5586285266713641	-4.874554500073608	5	5	0.3540489517073495	4.993172449715833	4	4	0.05782647344922488	-9.553814661336563	3	3	0.16102717498182018	-18.73561661970888	1	1
pseudo_1882	0.10842594060167127	-9.267067400839595	5	5	0.5575267224330435	4.764543047823049	2	2	0.4333053417384477	3.2312338086695074	3	3	0.6614247079056851	-2.1798780173549432	3	3
pseudo_1883	0.15600153481190973	-9.049785568104925	5	5	0.2848287340187803	-1.4311315389311234	2	2	0.5430012977952541	0.58836043847462	3	3	0.03466169623170709	3.0096854609577504	2	2
pseudo_1884	0.8348844175567391	-4.174383699195098	5	5	0.5896379677157835	1.6293187232105433	3	3	0.4463857270827286	0.7186843461384481	4	4	0.3236353498215411	-0.5833436425654686	3	3
pseudo_1885	0.6474364441079123	-7.599787755855755	5	5	0.26659581258645726	9.688355014974249	2	2	0.24401403424601198	3.766799399745778	3	3	0.9115204920746716	-5.455592562053357	3	3
pseudo_1886	0.1486696144061192	-5.098010158813221	10	10	0.7160257694663306	12.882400064543793	9	9	0.4964115100843397	-3.7406511435927676	9	9	0.9088822881499704	-12.32185760942904	6	6
pseudo_1887	0.7181866920382842	-7.271413848599916	5	5	0.23802469682165317	-1.2530132847279836	2	2	0.03397016433206243	-10.507394338446815	2	2			0	0
pseudo_1888	0.6055496210385807	-5.353139181422724	5	5	0.6104174060852452	4.231680082569767	4	4	0.5418259833965873	0.27449221725016065	4	4	0.13105958906146978	-0.32270587996140954	3	3
pseudo_1889	0.9652592177553657	-5.1589059434353945	5	5	0.4120577666654196	-0.7595604932749745	3	3	0.8125587420508357	-2.150094734005797	3	3	0.12112169966343417	2.1998099918424616	2	2
pseudo_189	0.09056626264807599	1.6324572192497604	5	5	0.034682026376490364	-1.9419980817275977	5	5	0.16438633965388416	-7.374808691034791	5	5	0.37051796582340224	1.248396327091066	3	3
pseudo_1890	0.33795820206783933	-8.605932455623044	5	5	0.9394966891815054	4.534033128497232	2	2	0.7886562783509201	-2.623164191504547	3	3	0.3556819431722411	-9.065716265983124	2	2
pseudo_1891	0.8276048900878025	-2.946366902613381	5	5	0.7951118002874108	9.067886073722589	5	5	0.7446005333242797	0.26959887623675116	5	5	0.8082897813269934	-5.812252261462362	4	4
pseudo_1892	0.9950354939435258	-4.682602080312207	5	5	0.8499089627900175	8.829090588238307	4	4	0.7116844201290657	0.6013840706152278	4	4	0.7562990515506363	-7.987934748122544	4	4
pseudo_1893	0.37026018100471525	-7.6196233811868055	5	5	0.3960328539241198	-0.9179355866823444	2	2	0.9424674944646407	-0.17732007099054248	3	3	0.3154077823191145	1.3479494601951414	2	2
pseudo_1894	0.2707590360151666	-0.445535722458454	5	5	0.6777864878276266	8.943182650723179	5	5	0.14483839680783173	-9.809463306811946	5	5	0.22522201343532233	-13.519146335815126	2	2
pseudo_1895	0.683604524728264	-3.7584906727892733	5	5	0.27925535773077914	16.477275321968282	5	5	0.45172129607052425	3.4739989871824917	4	4	0.6398800306989456	-11.94494397844283	5	5
pseudo_1896	0.653005949087258	-3.1410778954897522	4	4	0.37470328733451075	1.908001569620545	3	3	0.9097068818104876	-2.2500708968171295	3	3	0.25075941877699237	-1.4514973467178147	2	2
pseudo_1897	0.2987605541911106	-2.0736807822996934	5	5	0.254178132063704	1.703196790007965	4	4	0.5302020038461694	-0.6820608296936846	5	5	0.790852762293555	-2.2449650461630792	4	4
pseudo_1898	0.9108247831035664	-4.881943168534279	5	5	0.6210138228290025	2.6349030986755246	3	3	0.045488438287448425	-9.720103311039573	3	3	0.09391203629376296	-20.39634242101397	1	1
pseudo_1899	0.07985481844865866	-8.82990940218083	5	5	0.08764085793030735	12.331354955254234	3	3	0.0744882261925459	6.540300793256544	3	3	0.9774921655428062	-8.300030992804333	4	4
pseudo_19	0.5502910343875352	-2.1826696128716137	5	5	0.9883859983561083	5.588451280778249	4	4	0.45172129607052425	-3.9077159739059737	4	4	0.45297213972518047	-9.393966353925444	4	4
pseudo_190	0.8763852606441964	-5.167370632416957	5	5	0.9462472744390631	3.0037997586978924	3	3	0.2460289049168457	4.103363883860848	5	5	0.5535320746884747	-1.9243455889707775	4	4
pseudo_1900	0.18713880397703697	-8.058226088128272	5	5	0.5121321387234671	5.194290093050243	2	2	0.5294142522713603	0.8521804439334892	3	3	0.7192145505606329	-4.845283156885604	3	3
pseudo_1901	0.5015903276820892	-2.01134653078185	5	5	0.7451089369951867	5.287069386074263	4	4	0.9043012416170285	-2.3686452628808783	4	4	0.9530885481507942	-4.5393793163011775	3	3
pseudo_1902	0.01716873473724885	-9.731966769147121	5	5	0.46897599296122605	-1.4145061730373172	1	1	0.13226313865162753	5.878870456714568	3	3	0.10361099073927978	1.9682034142704705	3	3
pseudo_1903	0.9965238647080673	-8.136833583498014	10	10	0.4697653697295229	14.21393920625357	8	8	0.6875940157045792	-3.7942301606422277	8	8	0.2522193272636416	-15.88902163179784	7	7
pseudo_1904	0.8251815499372707	-4.96140137506815	5	5	0.43153494984794094	1.98942924820836	3	3	0.45167917739826746	0.905240893683339	3	3	0.1718971713946742	-0.9258727562514396	3	3
pseudo_1905	0.6426558171559157	-8.077521367512965	10	10	0.7990873097932856	10.331478476892327	8	8	0.6875940157045792	-3.6622557330487187	8	8	0.6634352834274277	-8.469174463722474	7	7
pseudo_1906	0.5015903276820892	-1.6108105282941854	5	5	0.9419791711232611	6.271321947723173	4	4	0.26180114733291937	-6.382906151450423	4	4	0.30017156267093015	-10.019080435233183	2	2
pseudo_1907	0.1819320427843124	-8.33776488125321	4	4	0.3182078668934878	-1.6345850139690388	1	1	0.3642660556920527	3.3790136417124845	3	3	0.04910010289812848	2.7002810285771117	2	2
pseudo_1908	0.3905317912172386	-8.194955282156592	5	5	0.26595265908958	9.006579786484641	3	3	0.6081612340693691	0.6196184397462687	2	2	0.3991102364563004	-8.93199617216724	3	3
pseudo_1909	0.4666204941087142	-4.945063900107789	5	5	0.8397132531802258	1.8411822781375007	3	3	0.4410862182662745	1.0098004357583175	4	4	0.19785219162059375	-0.32906407984588587	3	3
pseudo_191	0.6583405906703588	-5.823046285151579	10	10	0.637121978031715	6.026966563573144	8	8	0.8511691816940375	-2.96496412326996	9	9	0.6881434871187475	-11.930687189138352	7	7
pseudo_1910	0.7112210910677583	-5.595140017034189	5	5	0.23836750553462438	9.773312077135175	4	4	0.14783851253824903	4.497233911744601	4	4	0.8878180814342319	-5.5197607431982725	4	4
pseudo_1911	0.8665853277525004	-2.1562264675030995	5	5	0.5441687725618416	6.370560139364106	4	4	0.2675231912847583	-5.5758693352828	4	4	0.18510478485867088	-9.897718636261107	2	2
pseudo_1912	0.22500959137204424	0.9442861075738384	5	5	0.7685269399038692	6.6015482308995646	5	5	0.6911631956493104	-2.270642205501785	5	5	0.9594979328990745	-5.789318565663862	4	4
pseudo_1913	0.10812566106837608	1.4288964990608652	4	4	0.4696963763709566	6.899587905565937	4	4	0.5717170063725836	-4.952303655591907	4	4	0.43665971493913525	-8.639640286546847	3	3
pseudo_1914	0.8739333445201393	-5.139597852493161	5	5	0.6052344055852179	-0.5240789277465332	3	3	0.05842372227955212	4.6476201173380955	4	4	0.03944045374219256	2.2728137971213145	4	4
pseudo_1915	0.9503866340646998	-5.57558942402684	5	5	0.7191658612704632	2.5635576831660445	3	3	0.8988385803226919	3.1667245280353367	5	5	0.7388605626131051	-2.1769381720247485	3	3
pseudo_1916	0.9627794599571786	-6.704380173777921	5	5	0.3395180420922401	8.659462791745495	3	3	0.8050200371296823	0.4546107430332771	2	2	0.5432560717039489	-8.694884308570089	3	3
pseudo_1917	0.8960405066233981	-4.895015256193677	5	5	0.3246288487294027	8.841451495234457	4	4	0.34743696798012036	1.0116235420005042	4	4	0.8394225267808086	-4.5300377590861025	3	3
pseudo_1918	0.07515324329881565	2.1744219557926314	5	5	0.8017966961132214	6.733772977528726	5	5	0.07381690556393249	-9.485763993176755	5	5	0.22158298310542035	-12.601922184371999	3	3
pseudo_1919	0.71354038409151	-6.3850627245354366	5	5	0.2757315773800072	7.25698958798429	3	3	0.9671050662909373	-1.6335193571949957	3	3	0.40646057631660515	-8.732193346905705	3	3
pseudo_192	0.30752476408472573	-9.15544168143928	5	5	0.49452959113685724	5.228441126997252	2	2	0.279222879013838	3.026657625073416	4	4	0.7053890414270343	-5.199933488925983	4	4
pseudo_1920	0.4666204941087142	-1.5426960592747763	5	5	0.5313610007096	8.976122959467684	4	4	0.5961805797618906	-1.312671201197456	4	4	0.2520215298219919	-10.130478562391557	4	4
pseudo_1921	0.3820039925682256	-8.505435392671323	5	5	0.22722450152251028	10.11200148063622	2	2	0.5226861577302113	3.0896137996215205	3	3	0.7786563583951011	-5.8864703149450435	3	3
pseudo_1922	0.774711322395288	-2.729057879386227	5	5	0.15795551721759393	10.082174115046728	4	4	0.7446005333242797	0.9993407659985079	5	5	0.5764211116869509	-9.93805492537575	4	4
pseudo_1923	0.5754849962145253	-8.387861925991125	5	5	0.3510034941306043	8.864758317343368	3	3	0.5308996638754093	0.8711673215950427	2	2	0.5964875598285619	-8.484129615367168	3	3
pseudo_1924	0.27320549285262963	-9.250153127709517	10	10	0.8804354453037812	5.9581477900656274	4	4	0.8862746029461042	-0.36894947601473405	5	5	0.9235804246070363	-5.36108187027511	4	4
pseudo_1925	0.19992758361016416	-9.08518058137463	5	5	0.5121321387234671	3.2465768044815473	2	2	0.7414642091769931	0.13606317446845292	3	3	0.4289911441296608	-4.262573238211565	3	3
pseudo_1926	0.9157599695600442	-3.7793213821621703	5	5	0.4696963763709566	8.0030140952814	4	4	0.36131899320800476	-8.677195339641884	4	4	0.20711118778289173	-11.915152600043655	3	3
pseudo_1927	0.9009649124727902	-4.7894048586244615	5	5	0.07183622432044971	12.868858150133137	4	4	0.7570969152812521	-0.3234899568766431	3	3	0.05722805637734416	-13.30428563533704	4	4
pseudo_1928	0.4044135042915773	-6.662942529200067	5	5	0.9731083679586155	3.2114248679427218	3	3	0.9588878863680067	-2.0601081049480032	3	3	0.878714669839499	-4.121688106397391	2	2
pseudo_1929	0.3837008599460243	-9.104093781664695	5	5	0.809161518084328	-0.011967603857065079	2	2	0.5567598267165714	-3.4488062376955466	3	3	0.43170487608642827	1.7507814350346873	1	1
pseudo_193	0.5056205663744708	-5.171321244785335	4	4	0.6241933662913467	-0.440760518992942	2	2	0.1775905455379867	-9.197124902832094	2	2			0	0
pseudo_1930	0.8373141891644869	-4.314616428909992	5	5	0.3059261486361967	11.995516086731369	4	4	0.36926762909385347	3.8102277903127124	5	5	0.9638861952698493	-11.950139094044161	5	5
pseudo_1931	0.4367071394043638	-5.346817445503153	5	5	0.4756794285675878	8.250208210819487	4	4	0.473420456215233	0.8236997935641344	4	4	0.6614247079056851	-4.373289268577244	3	3
pseudo_1932	0.667685504545382	-1.9403783449471295	5	5	0.5636638095829386	9.291105824959464	4	4	0.1772587034850357	-4.676931010492071	4	4	0.09297945296699121	-10.280244687391086	3	3
pseudo_1933	0.822760004981562	-0.5146741547833654	5	5	0.9310216668684299	6.582409154049227	5	5	0.9114279647117377	-5.69281526247187	5	5	0.8496546027760271	-4.961904328319423	3	3
pseudo_1934	0.16339124687942308	1.0121862435447058	5	5	0.02669677896204997	-2.054252129991141	5	5	0.017895608452451098	-10.297207093591961	5	5	0.4588776128570278	1.663612272165187	1	1
pseudo_1935	0.8082665460035463	-4.784749013525236	5	5	0.7107786755206931	-0.2734199012606216	3	3	0.24120985908669856	3.0604915968091855	5	5	0.09157544597785723	1.9874735256497587	4	4
pseudo_1936	0.5461453907731743	-2.1290021371839534	5	5	0.8804354453037812	5.614804634098507	4	4	0.9467455070486619	-0.1467286746862896	4	4	0.9325480838395456	-5.603361927537411	4	4
pseudo_1937	0.7462783383973426	-5.231453620006486	5	5	0.8045517718924269	8.054044875682882	4	4	0.8411812671596929	0.3687003036059529	4	4	0.690093736850814	-4.426466509919236	3	3
pseudo_1938	0.4575920912975642	-9.617860885577748	10	10	0.8095910623901512	11.860925142612624	8	8	0.034827117094077535	6.520109961621876	8	8	0.15495271755616224	-5.252723363979043	8	8
pseudo_1939	0.883622785411125	-3.976165972989115	4	4	0.6369691559544517	5.661894773200711	3	3	0.5637022305673232	0.5114227414591318	3	3	0.6939175270038576	-3.4400966946736737	2	2
pseudo_194	0.6813216405174065	-2.480152579293008	5	5	0.8804354453037812	5.669630356763175	4	4	0.2108327743272278	-6.753612942316636	4	4	0.38465163968243365	-8.716517334094133	3	3
pseudo_1940	0.7557198205586574	-5.222964540568129	5	5	0.2164455463212619	1.4860700839901486	3	3	0.6148354099179983	-3.046674013412972	4	4	0.38133713658696033	-2.6594802947046636	2	2
pseudo_1941	0.46282024710326686	-2.0839183484384622	5	5	0.6172346495985822	2.6768015999694477	4	4	0.4994401335798361	-3.1429462870969647	5	5	0.4925019824796658	-6.248197681039438	3	3
pseudo_1942	0.9950354939435258	-2.9833855400734186	5	5	0.7746652364788146	3.5919667974157896	4	4	0.5013320271374476	-5.163172777858014	4	4	0.6519751063056869	-5.639103774455722	3	3
pseudo_1943	0.7937920327636003	-2.4616216722228166	4	4	0.9016292194903456	3.057828021850533	3	3	0.5847761143376284	-3.275782906623032	3	3	0.6703480757568794	-4.714805039771654	2	2
pseudo_1944	0.6296532716362127	-4.230852703691483	5	5	0.6309680799450805	9.471044149950158	4	4	0.1671194548915237	-6.60675322249909	3	3	0.1598681085266348	-13.798208354826688	2	2
pseudo_1945	0.4185862734098569	0.14422716408337158	5	5	0.9585799326911743	5.875422703267783	5	5	0.8177649022637351	-2.2226522467948358	5	5	0.8878180814342319	-5.181056054541377	4	4
pseudo_1946	0.9950354939435258	-7.117424563817831	5	5	0.6693837588445546	5.708755310381474	3	3	0.6440362101495735	0.746514525133525	2	2	0.8496546027760271	-5.411228472712954	3	3
pseudo_1947	0.18713880397703697	-1.3328894272161922	5	5	0.3958092113895112	3.9027663894319513	4	4	0.18599305736196436	-6.50872992232079	4	4	0.5794593620066385	-7.525680811254631	2	2
pseudo_1948	0.8324563445374977	-6.84941189098462	5	5	0.08156345413466422	12.47324581754034	3	3	0.9506750723839498	0.14726003291538858	3	3	0.20023719557846564	-15.829933567278836	4	4
pseudo_1949	0.5338020968763408	-5.746763219788544	5	5	0.2307279859864385	13.649438826571641	4	4	0.5900201096898269	0.932555541485948	4	4	0.4262586054679042	-13.150293141927847	4	4
pseudo_195	0.0593887916816968	1.9102502626872042	5	5	0.5445702461899136	5.552472153898106	5	5	0.04357384755752963	-10.523492988199576	5	5	0.23162492637043441	-9.633007111977008	3	3
pseudo_1950	0.7794808347495539	-4.909585233923214	5	5	0.36273220755321967	1.8990617854128964	3	3	0.476849308594961	-3.3162845676536943	3	3	0.7177868332479136	-3.5374081766611907	2	2
pseudo_1951	0.24019046598182214	-1.2638305970094803	4	4	0.8397132531802258	2.5832650200069605	3	3	0.4455061121109073	-3.3593653871847735	3	3	0.7177868332479136	-4.3358530074883275	2	2
pseudo_1952	0.5216013301793341	-1.9804052428178611	5	5	0.6518081506179378	2.37594604543642	4	4	0.27138505245163036	-6.469546106902258	4	4	0.6586821561494349	-4.482250138792815	2	2
pseudo_1953	0.8763852606441964	-4.8414660418617474	5	5	0.33425358713590403	8.91225937479043	4	4	0.10504118511854865	7.60336571345622	5	5	0.8760680865244481	-5.4562330479027095	5	5
pseudo_1954	0.18713880397703697	-8.50364096662613	5	5	0.6612191297896182	8.490090237496899	3	3	0.5062993132653021	-1.1159930514501086	2	2	0.1718971713946742	-9.572580950643747	3	3
pseudo_1955	0.1768306460053617	-9.358965853530215	10	10	0.060498382682495314	16.608761331290932	7	7	0.07957848939035904	10.303654507060466	9	9	0.6448331039256942	-13.597563554396581	8	8
pseudo_1956	0.15615969932075358	-10.35275957696655	10	10	0.3195251606174859	9.55070857723184	5	5	0.18192250217582995	3.933744876710287	6	6	0.7666050352849431	-6.506911366152697	5	5
pseudo_1957	0.8144666809305328	-8.022379165295472	9	9	0.4781470070379562	19.286423551449975	8	8	0.08254581590748632	-9.47323672158114	5	5	0.05400390809512385	-19.026004924982946	5	5
pseudo_1958	0.30312146273788443	-5.626303825478714	5	5	0.07818102611873418	12.538102171515357	4	4	0.2831985789926168	0.6169440478386551	4	4	0.22506615990729972	-11.762842525403117	4	4
pseudo_1959	0.46282024710326686	-2.4806072882429557	5	5	0.15231852832858572	-0.6109632508015403	4	4	0.2599132370496461	-5.698598991516207	4	4	0.6470987182283356	0.7320517359205523	2	2
pseudo_196	0.0941793822727272	-9.724649323583987	5	5	0.7352795284897797	3.951935464534226	2	2	0.39788357081411074	3.2363174300075777	3	3	0.7786563583951011	-2.1613768407313767	3	3
pseudo_1960	0.19559560060285863	-8.366724101452276	5	5	0.8295437955566722	-0.26650845827778724	1	1	0.20781508853388808	5.3824881357333085	2	2	0.7663397108792154	0.7911422791162774	2	2
pseudo_1961	0.08938697151173886	1.3821575084016258	5	5	0.6841331409824862	6.5468151719705405	5	5	0.8674830823962894	-2.6957989972883976	5	5	0.45350008901413996	-9.317965712751112	5	5
pseudo_1962	0.31197056994632655	-1.1344569943566503	5	5	0.12764690261075007	13.352170482261812	5	5	0.5459360187299576	1.264530639659104	5	5	0.3518363522262342	-8.93659458436217	4	4
pseudo_1963	0.18199207630822967	-1.213921519269676	5	5	0.788441913558757	9.383790325576777	5	5	0.21740157752700406	-6.480055254117107	4	4	0.6332438286069103	-8.434533967913987	3	3
pseudo_1964	0.4981096255616758	-4.2025391938127585	10	10	0.4410787563619578	8.981524768790228	8	8	0.119827898212385	-10.086253651189063	8	8	0.43949885675382794	-11.72749137689584	4	4
pseudo_1965	0.9305842668641006	-4.620090096156335	5	5	0.3962803788209527	16.477147374502906	5	5	0.3836545508052568	-5.787912320984797	3	3	0.016444239365328423	-16.59212995604021	3	3
pseudo_1966	0.360374094036118	-8.672874839671767	5	5	0.25641517386533896	9.026381186952214	3	3	0.11190177393981902	6.364633432119642	4	4	0.9684930440136454	-5.622542702191765	4	4
pseudo_1967	0.6469476825818286	-8.994458930224974	15	15	0.013337649450078948	18.465763959188383	13	13	0.5775436110693482	-3.931024937063819	12	12	0.06581554654757088	-18.930054553582757	12	12
pseudo_1968	0.5055597482477695	-6.19262124232957	5	5	0.2611538114013764	7.420483703190345	3	3	0.6062091564566272	1.081501668348784	3	3	0.690093736850814	-6.1806664365679795	3	3
pseudo_1969	0.3016633925849711	-1.8236707698560606	5	5	0.14830528595037984	12.704090329607512	5	5	0.9254968649843824	-1.819156920241946	4	4	0.2103240305852001	-15.487579789222798	5	5
pseudo_197	0.23222452898372214	-8.158542953102343	5	5	0.6693837588445546	4.724655681684789	3	3	0.7259374837131386	-0.19891891084882043	3	3	0.7786313571194479	-3.599966861401012	2	2
pseudo_1970	0.5691357910471324	-1.5305135947184356	5	5	0.24225350841890403	1.628111214655674	4	4	0.3484635048496314	-3.0467206401558165	5	5	0.9041086739579434	-3.812846516026866	2	2
pseudo_1971	0.061952095712630155	-1.3932486367010686	5	5	0.40123025844323756	8.502013105454262	4	4	0.051661889648586284	-8.008346208722406	4	4	0.03156756167002327	-15.82414305169256	4	4
pseudo_1972	0.9751813131641581	-3.006896840804849	5	5	0.8830127301173853	5.807304148446744	5	5	0.05157582570215419	5.058263008975888	5	5	0.06632063025502503	0.038180565162813096	5	5
pseudo_1973	0.5586285266713641	-1.7374635123265032	5	5	0.3237513879507419	11.987446047598354	5	5	0.9493171409676648	0.059804927909548354	5	5	0.48060599118998026	-8.942368589742983	4	4
pseudo_1974	0.39397479237029165	-9.201423299451655	5	5	0.2325801199189429	-1.269390414905038	2	2	0.5637022305673232	3.0907901245951646	3	3	0.18024954779227487	1.7026818584017303	3	3
pseudo_1975	0.3538763085008265	-8.660236343972104	5	5	0.8485071080769009	7.7360206563796305	3	3	0.39788357081411074	2.845843805539914	3	3	0.7786563583951011	-4.731861252566135	3	3
pseudo_1976	0.2680612248718265	-1.3780090373664258	5	5	0.05909395607528706	-2.056767177463664	4	4	0.7627050210277373	-3.3819208191139736	5	5	0.037055631009466364	2.4198505129524936	3	3
pseudo_1977	0.5135479348241209	-2.264470844946476	5	5	0.6104174060852452	5.239094593496837	4	4	0.9609332864438509	-2.594511431087373	4	4	0.7137900768594891	-7.675290426310629	4	4
pseudo_1978	0.3769435762004306	-6.125730512333565	5	5	0.4120577666654196	-0.47703200432414167	3	3	0.08483583229213215	4.802508105809459	4	4	0.13483724375992023	2.168320780373049	4	4
pseudo_1979	0.9009649124727902	-4.573558459192681	5	5	0.5506297225103027	11.617397119409825	4	4	0.7183320166231253	0.45289596629099765	4	4	0.7053890414270343	-11.006185554845246	4	4
pseudo_198	0.5670265552941882	-5.646331080187365	5	5	0.6210138228290025	2.340631475729587	3	3	0.2599132370496461	4.269844036995643	4	4	0.17746946847200618	-1.3404301261014016	4	4
pseudo_1980	0.7321876546641092	-4.4323327744308605	5	5	0.752464818944282	5.86879965665387	4	4	0.553688359064076	0.5964166873421503	4	4	0.9684930440136454	-5.212820989660627	4	4
pseudo_1981	0.5015901653573964	-3.703940252716498	5	5	0.7226688011104433	15.66652857087523	5	5	0.07448799149900101	-9.329525881822246	3	3	0.010203565239308937	-18.90205662234922	3	3
pseudo_1982	0.3854963509889555	-1.7972887924169203	4	4	0.31727919849765485	2.0981901226731345	3	3	0.38036115390864433	-3.303931549278019	4	4	0.878714669839499	-7.496347157297077	2	2
pseudo_1983	0.1560026338961753	-1.2972109595946206	5	5	0.6871468520466417	5.138120354874897	4	4	0.4151354164732276	-3.415324573066904	4	4	0.9115204920746716	-5.402399669701263	3	3
pseudo_1984	0.8519242616010545	-5.72579731520553	5	5	0.06535590193504336	-1.612593976765675	3	3	0.23645838980972655	3.36984298829665	5	5	0.02365462135975316	2.8467507665520926	4	4
pseudo_1985	0.9404808506501394	-7.534747829329493	5	5	0.2848287340187803	-1.2379354358647188	2	2	0.9506750723839498	-0.09050564395963917	3	3	0.7541065963725084	0.797353889195028	2	2
pseudo_1986	0.6996656835808294	-3.8875344709365613	5	5	0.903450076951705	5.30343484782425	4	4	0.3250654430677995	-3.6583952976392093	4	4	0.6241345496233696	-9.048066818014028	1	1
pseudo_1987	0.7228434447781118	-5.754100028709156	5	5	0.9194471539626119	3.198332303265142	3	3	0.26369927700699036	1.8906931447092372	4	4	0.6395429335016928	-4.930909638977462	4	4
pseudo_1988	0.8925661354344094	-9.014660979372636	10	10	0.17788191002182063	13.933706990913855	8	8	0.15763671101847698	6.1091955856995925	9	9	0.6487811068404097	-10.849483091800366	9	9
pseudo_1989	0.29158509835698554	-1.2377721664946044	5	5	0.9310216668684299	9.29097970538711	5	5	0.9051302920777031	-3.362727556325065	5	5	0.5519614374887956	-5.902820679757791	3	3
pseudo_199	0.7954626051863356	-5.6177730818560745	10	10	0.898433499076343	13.117174406593856	9	9	0.7245799450364085	-3.532485050936589	10	10	0.9629316451088917	-13.137853054379086	7	7
pseudo_1990	0.7866505644033345	-8.75853546337868	5	5	0.43814406128980377	5.1939048831443495	3	3	0.75644551209601	-0.3329270782294683	2	2	0.5695750601483558	-4.55936411390372	3	3
pseudo_1991	0.078759565631358	-9.391564331525137	10	10	0.8761850874286778	11.182333864212927	5	5	0.7446005333242797	2.4090523186182025	5	5	0.9959860008988071	-8.815891748867204	5	5
pseudo_1992	0.9704595190720912	-8.60190451598478	10	10	0.8625890470346118	16.56667117317529	8	8	0.6116574681752682	-3.3006038928243395	10	10	0.8161917504497737	-11.045487549265154	8	8
pseudo_1993	0.9322966225547249	-7.4460940330352825	10	10	0.36847481513332925	6.590240505845462	8	8	0.8305378017693684	-2.9678516033634263	9	9	0.815392664943226	-6.316540131670032	6	6
pseudo_1994	0.9702196892629831	-2.161462057169563	5	5	0.13632527675477643	10.137933456122378	4	4	0.9113596326844167	0.16583455761011182	4	4	0.20023719557846564	-9.813783300238685	4	4
pseudo_1995	0.02352165380806252	-0.23298807932423996	5	5	0.10004607026877146	4.359926452820325	5	5	0.11805605882536573	-6.922852882428475	4	4	0.6709285657109667	-5.770433934962656	3	3
pseudo_1996	0.8960406046785265	-2.25729239317932	5	5	0.9419791711232611	5.025824331697703	4	4	0.48448137062362273	-2.7985017023622927	4	4	0.8190412486246205	-5.470584364207039	3	3
pseudo_1997	0.6950627034372938	-5.297353452550814	5	5	0.49306782262246085	2.1288778706901375	3	3	0.47048570379887356	-3.4536352301741515	3	3	0.8660626408883095	-4.088158298357738	2	2
pseudo_1998	0.098559758232579	-8.925710056438211	9	9	0.11776837040026096	18.73797702598884	6	6	0.02561496349969355	10.49730482675487	6	6	0.9277989266414433	-15.699194214826546	8	8
pseudo_1999	0.7794808347495539	-5.666062088051523	5	5	0.4120577666654196	6.698664050980503	3	3	0.1518383578409211	-6.600365393910159	3	3	0.08136175076918223	-15.162932814397296	2	2
pseudo_2	0.9009649124727902	-5.828482108122565	5	5	0.2757315773800072	1.4563243420281673	3	3	0.1518383578409211	-5.261539491227425	3	3	0.8033785783179226	-5.4987031465841145	2	2
pseudo_20	0.5586285266713641	-8.686583481767041	5	5	0.4651552936864265	8.954257353154965	3	3	0.5498593572265599	3.080501240136085	3	3	0.8878180814342319	-8.77337294369436	4	4
pseudo_200	0.7089046769843945	-2.624109148477198	5	5	0.672923790169198	5.765155497095389	4	4	0.627412848653238	0.660938395044003	4	4	0.9505079754058229	-5.30073316562445	4	4
pseudo_2000	0.9851072505913057	-4.360224274505552	5	5	0.8651470503055643	5.8768993120451585	4	4	0.46249988490842575	1.230361315923316	4	4	0.6519751063056869	-1.4908888619151182	3	3
pseudo_2001	0.5840029431772022	-7.404872336584987	5	5	0.22491515640362558	11.153661025275966	3	3	0.17160791158540278	6.476433259892794	4	4	0.7648948966991103	-7.681095607431813	4	4
pseudo_2002	0.2680612248718265	-9.336034579156992	5	5	0.38085144607479493	2.830357388080392	2	2	1.0	-0.00991827280578339	3	3	0.7909786289519256	-3.310185580418052	2	2
pseudo_2003	0.7794808347495539	-3.892960819062143	5	5	0.3012414809297749	-1.205145523497248	3	3	0.9671050662909373	-2.381240755444456	3	3	0.4080975662807528	1.3605044575742014	2	2
pseudo_2004	0.27347539741133764	-5.971039947878076	5	5	0.3395180420922401	-0.9691709361746069	3	3	0.6316483437512892	-5.060620318998832	3	3	0.231497839511154	2.391564122766404	1	1
pseudo_2005	0.822760004981562	-4.9257716442907	5	5	0.2749482829207355	13.513316635273872	4	4	0.8761487099115874	-3.3045936381613434	4	4	0.0491263774966509	-13.30119077137889	3	3
pseudo_2006	0.3016633925849711	-0.9562900923330678	5	5	0.910405295055334	7.857065254569636	5	5	0.4410862182662745	-3.2008503132683193	4	4	0.6762700814803211	-11.834891145324717	5	5
pseudo_2007	0.14454044799202162	-8.994669759459125	5	5	0.5291822244222537	5.397829224957218	3	3	0.07119620291850749	4.780915594317819	3	3	0.07186054911597761	-3.639613758606411	4	4
pseudo_2008	0.4917392535337285	-1.5584543214003477	5	5	0.5187078775333873	6.698276661394019	4	4	0.720680616278366	-2.1009333979585825	5	5	0.3991102364563004	-8.979664944507869	3	3
pseudo_2009	0.26007885709600986	-9.194206820967828	5	5	0.9394966891815054	3.270999305769275	2	2	0.4589562808039581	0.952586962359646	2	2	0.7419348757734384	-2.1600967451360473	2	2
pseudo_201	0.020294783588095434	-9.565271267574145	5	5	0.3277895593318483	-1.6238586073759809	1	1	0.3791305158248657	-8.87845011670621	1	1			0	0
pseudo_2010	0.08093145426665946	-9.502400816287361	5	5	0.809161518084328	1.2911929377327724	2	2	0.17160791158540278	3.446493057446339	4	4	0.5346196128272573	0.9911708506107981	3	3
pseudo_2011	0.5754853585456245	-6.043235815400517	5	5	0.3686875179246394	-0.7838663004049788	3	3	0.42428259978736116	-5.723309864275905	3	3	0.40548859094235723	1.8491679253212645	1	1
pseudo_2012	0.1246028083850758	-9.314891194971151	10	10	0.5901692780308903	1.8628803579800064	4	4	0.41983738453217667	3.9243356792811426	6	6	0.11303240741795069	-1.077889710526934	5	5
pseudo_2013	0.7604543780633822	-2.453120619158099	5	5	0.2749482829207355	7.783429476729803	4	4	0.9822367693449567	-4.974571520264685	4	4	0.5260529796097602	-8.985394031141785	3	3
pseudo_2014	0.05923400044400843	-9.136266166783175	10	10	0.7553337671222724	15.526436942366951	5	5	0.2794153206108627	2.6364149544116096	6	6	0.5513587978598895	-14.904284208387631	7	7
pseudo_2015	0.7321876546641092	0.05702105651156153	5	5	0.9172714128232853	6.913356230955391	5	5	0.993660442784436	-2.606026360844884	5	5	0.9056753424972737	-6.413254412510156	4	4
pseudo_2016	0.06371148449097315	-8.934772119645126	5	5	0.5575267224330435	8.393755634484187	2	2	0.1528902210764004	3.4710414194848256	4	4	0.9011617330967618	-2.6057923738962625	3	3
pseudo_2017	0.9950354939435258	-7.605091418416784	5	5	0.5032902174367295	8.793222834984231	2	2	0.8345436724517964	-0.2775808718517545	2	2	0.4551052255959279	-8.912488108562403	2	2
pseudo_2018	0.3871071357014988	-4.631753267588557	5	5	0.1440789389758796	-1.3545230397769703	3	3	0.43582294338096783	-3.8240122569878	4	4	0.11360195074028899	2.2359941716080067	2	2
pseudo_2019	0.07515302210685526	-8.73954492350272	5	5	0.17752917220229003	12.078544903402566	3	3	0.08700103905168877	6.464492345580951	3	3	0.9218943098203574	-5.455746071168222	3	3
pseudo_202	0.11688680469931616	-9.574808065116796	5	5	0.5300560468520916	3.369541875824491	2	2	0.15076751226643484	-5.794868809206355	2	2	0.34424439292855846	-9.915914262457882	1	1
pseudo_2020	0.026414051394893306	2.432029186772242	4	4	0.8347267372086834	4.821038012167727	4	4	0.425405755871458	-3.6189290854063003	4	4	0.7686482492938345	-4.7946030198848435	3	3
pseudo_2021	0.37026018100471525	-4.60233593887512	5	5	0.4696963763709566	4.71759684924609	4	4	0.2912657246786108	-4.2303894718284525	4	4	0.6703480757568794	-4.406857276741965	2	2
pseudo_2022	0.596888217655889	-5.4300990552025725	5	5	0.33425358713590403	9.82127776588844	4	4	0.6990379770331605	-2.851787909145244	3	3	0.2166806625969988	-9.70099291052169	3	3
pseudo_2023	0.14368638109467144	-7.957532434791979	5	5	0.27307657033627786	10.95630273314531	1	1	0.9713637401329378	0.02627608581267446	1	1	0.2790054984599608	-10.771711049059054	1	1
pseudo_2024	0.8763852606441964	-2.752703747038433	5	5	0.16083260760972973	-1.6548886310344268	4	4	0.2327161153189956	-9.242428908825865	4	4	0.9364223384905899	0.555493360361341	1	1
pseudo_2025	0.08822007880892281	1.3897925847358588	5	5	0.9516844289227376	9.326940313063552	5	5	0.47454810316983187	-5.775433955488881	5	5	0.45297213972518047	-11.592256701268612	4	4
pseudo_2026	0.30605256056219454	-1.6482079610432316	5	5	0.3819816569460097	12.802110131395189	5	5	0.5565524422309778	0.35996024093393914	5	5	0.7053890414270343	-8.8458954052991	4	4
pseudo_2027	0.9553424986740303	-2.3575815907213102	5	5	0.9883859983561083	3.2531354183561434	4	4	0.8972504042483103	-2.9055305641694993	4	4	0.9426801010511117	-2.734053179330654	3	3
pseudo_2028	0.9084360473852533	-5.3033126562822135	4	4	0.24918239313532098	9.90863242766012	2	2	0.6800508677135734	0.9758884024160834	3	3	0.43665971493913525	-8.63859237512887	3	3
pseudo_2029	0.9009649124727902	-5.324525031440778	5	5	0.01988820564238192	16.34831512069918	5	5	0.996447072089243	-0.2135354446244154	4	4	0.04802880718283165	-16.449314650203636	5	5
pseudo_203	0.595060009122621	-9.219673189470504	10	10	0.7199341749635191	7.185344852266321	6	6	0.22556450103301184	-10.10677635303013	6	6	0.43284943323702774	-12.415692250578516	4	4
pseudo_2030	0.7890446381929012	-5.352056934658521	5	5	0.41776076799471207	8.843446603025681	4	4	0.8972504042483103	-3.0744692241882947	4	4	0.8660626408883095	-7.039478996294597	2	2
pseudo_2031	0.02718475243865963	2.0222631212599618	5	5	0.23227424313204015	4.282600264271493	5	5	0.2763572209311711	-6.648469774024236	5	5	0.9218943098203574	-4.3833200373193675	3	3
pseudo_2032	0.5175665261031901	-8.025978422321417	5	5	0.14350695289799156	19.148152147654944	5	5	0.4305960692707026	2.229194119196175	4	4	0.19630127950364495	-12.917173651152167	4	4
pseudo_2033	0.1691036074935084	1.325550493072252	5	5	0.788441913558757	9.482180663067128	5	5	0.0777471425494144	-10.221222527315277	5	5	0.14389470009725283	-18.59749992908102	4	4
pseudo_2034	0.115268522876945	-7.875080732430934	10	10	0.8728286674045669	9.022441651292183	7	7	0.17712077409394633	-10.464193687519336	7	7	0.2976990495196241	-12.321670786194764	5	5
pseudo_2035	0.2947368612392369	-8.210990275505852	10	10	0.18165218426466434	12.330890662060012	6	6	0.001849259720367673	10.614026701831996	9	9	0.1024743516821313	-8.252474080700928	9	9
pseudo_2036	0.04716025881466634	2.063379695937487	5	5	0.3237513879507419	2.029099985146216	5	5	0.19527777892841525	-7.759466537113113	5	5	0.9011617330967618	-2.5405875829445805	3	3
pseudo_2037	0.6274449884704754	-8.217236471206563	5	5	0.7874061650589533	6.009728975601753	3	3	0.21409900618781075	6.494365733716939	4	4	0.6234911975836641	-1.9013702301798894	4	4
pseudo_2038	0.4215058651071706	-8.607409074159692	10	10	0.5218214434037967	5.810402807444454	5	5	0.3413995528405819	-3.6620629431208074	6	6	0.870193222569462	-7.931306749713059	3	3
pseudo_2039	0.903428472023153	-7.493683073393747	5	5	0.12401499370236216	15.339749296102228	4	4	0.3053751270819315	3.110158398686498	5	5	0.6395429335016928	-9.169558409902576	4	4
pseudo_204	0.4453096657993213	-1.6945089344992479	4	4	0.9910346135778847	2.8095523261515374	3	3	0.6211102879767243	0.6663207675477582	4	4	0.5874525158575528	-1.8940637628170442	3	3
pseudo_2040	0.34426942132433314	-8.48583526711152	5	5	0.3391342487875708	11.536336407888022	4	4	0.5990257924573887	0.9983245586198471	3	3	0.6614247079056851	-8.095779903855908	3	3
pseudo_2041	0.5652525827374013	-3.1661178567028734	4	4	0.20820795672357084	-1.1255789623192427	3	3	0.6062091564566272	-3.1084702176313783	3	3	0.21913857682311433	1.811274469970491	2	2
pseudo_2042	0.5055597482477695	-2.131804426400596	5	5	0.8880967567819725	5.890282709352483	4	4	0.6657878555858668	-2.93433145624671	4	4	0.8394225267808086	-5.491978968821797	3	3
pseudo_2043	0.7065907410190302	-4.954202134067354	5	5	0.8271582915209736	8.963876421066196	4	4	0.12198954618023991	-6.85761821469561	3	3	0.2927405604053982	-12.863418636876743	2	2
pseudo_2044	0.5586285266713641	-8.109679025162027	5	5	0.08974601905694186	12.20142387254348	3	3	0.22411629220540608	6.304052771821943	4	4	0.34028424261055945	-9.120127175180356	4	4
pseudo_2045	0.5938709859783613	-3.338505084780973	4	4	0.4249839944591046	7.0643089761288	3	3	0.9254968649843824	-3.1211440587629897	4	4	0.6147447779785216	-8.982772559653212	3	3
pseudo_2046	0.7089046769843945	-7.066257655670004	5	5	0.18861350526284248	9.082154201894825	3	3	0.47048570379887356	3.0935094308114564	3	3	0.4842971604966001	-5.830329172809787	3	3
pseudo_2047	0.48199329982592676	-1.9998902033685482	5	5	0.185289888201555	-1.2716248712619922	4	4	0.8177649022637351	-4.045026314922119	5	5	0.0955515570838702	2.193662767912182	3	3
pseudo_2048	0.012373871882872717	-9.142638708285935	5	5			0	0	0.11016360004768647	10.678239286771156	1	1	0.31049489359326643	2.07114223477509	1	1
pseudo_2049	0.8665853277525004	-4.276435552657536	5	5	0.9731083679586155	2.8322333260429104	3	3	0.9184250251325162	-2.626035423068974	4	4	0.6241887624344389	-3.357145397138418	2	2
pseudo_205	0.7837216824820249	-8.548341696895482	10	10	0.5459185341820176	5.259742845335254	7	7	0.624555230630264	3.7643685489350465	8	8	0.32951015509253945	-4.5391763781485555	6	6
pseudo_2050	0.09790716471451959	-1.2401990401508283	5	5	0.40123074290781857	2.0878669607009446	4	4	0.9240396223794282	0.7796140342119445	5	5	0.3071050850930711	-1.4306074451900852	4	4
pseudo_2051	0.44038479210149994	-2.483831513794594	5	5	0.019601314423119385	-2.1457227337301803	4	4	0.030114098284539082	-10.142065052527231	4	4	0.20591386492251962	2.4820967803041576	1	1
pseudo_2052	0.48587909263588835	-2.2105138606574175	5	5	0.41220668224288215	2.5273535939454472	4	4	0.013459009068193145	-9.993888164110594	4	4	0.09391203629376296	-20.39634242101397	1	1
pseudo_2053	0.609901325510049	-3.5109542391947124	5	5	0.8120701353897801	3.3947168846593097	4	4	0.20646669169043474	1.6708753823801903	5	5	0.5310975452440845	-1.8250876151179025	4	4
pseudo_2054	0.47427267617343294	-2.1134649635670457	5	5	0.254178132063704	-1.2921095263976443	4	4	0.06722568189056673	-9.49836301584726	4	4	0.99090804093377	0.0	1	1
pseudo_2055	0.3411044658288359	-7.860559106468668	5	5	0.23802469682165317	-1.337678419904103	2	2	0.5308996638754093	-4.303260062613332	2	2	0.20591386492251962	2.4820967803041576	1	1
pseudo_2056	0.5670269230765042	-1.974088749331275	5	5	0.23836750553462438	1.1416747772879037	4	4	0.7931650721559883	0.007325628518382181	5	5	0.25672416509120977	-0.27829168511067337	4	4
pseudo_2057	0.45903732131386654	-8.404922758833655	5	5	0.873901163706096	4.392720399313183	2	2	0.5930963855468425	3.139631531345799	4	4	0.3775440420812346	-1.7249284521647261	3	3
pseudo_2058	0.30052950493038166	-7.8386291433059005	9	9	0.7933776869188223	10.973571932166324	7	7	0.24555293277812484	-3.8736013067341415	6	6	0.516401735382113	-8.444275550880233	4	4
pseudo_2059	0.02718475243865963	-9.59332010800472	5	5	0.5703242408225184	-0.906497571149286	1	1	0.8742671171113539	-0.19382790080910883	2	2	0.43170487608642827	1.7507814350346873	1	1
pseudo_206	0.7699502963985528	-5.279350578102345	5	5	0.6450110118633418	6.507578912561861	3	3	0.20475842833521996	-6.141925334591882	3	3	0.06355622828763276	-14.689060660281347	2	2
pseudo_2060	0.6186461196194168	-8.17004157655044	5	5	0.03564192263660783	15.811077968366204	4	4	0.2994855531010523	5.43099638893585	4	4	0.1207287265884155	-10.181010085873481	4	4
pseudo_2061	0.8397452416669255	-8.45937926263108	5	5	0.09092180900835352	-2.0178168964191423	2	2	0.2872132294336869	3.697758203381279	4	4	0.06624492456581227	2.186898044839428	3	3
pseudo_2062	0.24714352647476157	-1.026872209659025	5	5	0.8423105224700136	5.615750817315029	4	4	0.8549962013293507	-3.4125727120629494	5	5	0.9684930440136454	-8.362095469218158	4	4
pseudo_2063	0.13053982495031868	0.9831183979353195	5	5	0.415840207251994	2.580015243232428	5	5	0.48442233605580665	-5.551603317919448	5	5	0.9115204920746716	-2.4206253044360433	3	3
pseudo_2064	0.1030598777980849	0.9560789536379328	5	5	0.690502183111606	7.700883164387112	5	5	0.7748479063586586	-4.574516168766802	5	5	0.8522827053771316	-8.666863086533548	4	4
pseudo_2065	0.48587909263588835	-1.7855929702539768	5	5	0.4462250366937085	13.483981324299739	5	5	0.7451316406222053	-2.2375491943541976	4	4	0.2761420676144386	-11.914733641587718	4	4
pseudo_2066	0.4515236990763176	-1.8754169147092636	5	5	0.2232641131600709	-1.3763545028183763	4	4	0.873739147174457	-2.6037161656559493	5	5	0.5695750601483558	0.8304765465284524	3	3
pseudo_2067	0.8616929440879256	-5.4553890470854425	5	5	0.43153494984794094	1.9772787778327257	3	3	0.5361861122094853	-1.143123577531985	3	3	0.9843548320060657	-2.962086757091129	3	3
pseudo_2068	0.14887033285442197	-1.4078919206825875	5	5	0.6172346495985822	5.251443814488245	4	4	0.4570927445480947	-3.8147374270621346	4	4	0.7562990515506363	-8.259085188954176	4	4
pseudo_2069	0.5297192094115657	-3.9682409380913746	5	5	0.672923790169198	6.375690240622133	4	4	0.16338610591192515	-8.895565549071492	4	4	0.08420791529199938	-14.414874848124708	2	2
pseudo_207	0.4044135042915773	-6.046885378885747	5	5	0.7360411704975673	2.59233912887983	3	3	0.43582294338096783	1.8194088778234547	4	4	0.28114911130345055	-4.187238512394703	4	4
pseudo_2070	0.08706549888926642	2.224075445442716	5	5	0.5445702461899136	10.523850671559941	5	5	0.9493171409676648	-2.5220760775254423	5	5	0.41220233675477636	-12.572356299858626	5	5
pseudo_2071	0.38031299647134453	-5.860603673326164	5	5	0.9462472744390631	0.26171115556257263	3	3	0.10776172061784979	-9.100189718730112	3	3			0	0
pseudo_2072	0.41146367565648345	-4.676436881579839	5	5	0.9883859983561083	8.069386705075162	4	4	0.8988385803226919	-3.032880254625931	5	5	0.6997523304332391	-4.563334269858958	3	3
pseudo_2073	0.6362976823506784	-7.602412458381699	5	5	0.22491515640362558	9.310272781079748	3	3	0.09319844506580134	7.2922570550482915	4	4	0.5163537776525096	-8.433945336614924	5	5
pseudo_2074	0.2987605541911106	-1.1711831689491135	5	5	0.05653323358651637	-1.7067947078200572	4	4	0.2942649675668334	4.054475027543854	5	5	0.011389878949012347	2.73815802937964	5	5
pseudo_2075	0.1892272500531894	0.20605187162062802	5	5	0.3680038756723122	-0.3368794215798608	5	5	0.5565524422309778	-1.4550004411672113	5	5	0.08525066033756118	1.9872760260966646	4	4
pseudo_2076	0.48782816087788083	-8.742181857228383	5	5	0.19218500235395197	-1.3944681264954282	2	2	0.403662939943215	-3.432598235079862	3	3	0.35599598885623307	1.9778655516958583	1	1
pseudo_2077	0.9947858195454914	-8.649470909019286	10	10	0.2613020392934604	14.99906313723271	8	8	0.202328383028603	2.8019092575999096	8	8	0.9779984734504318	-11.714091990746416	8	8
pseudo_2078	0.2845267593961226	-2.0691322985764375	5	5	0.624085036583969	2.3690433147004506	4	4	0.20125065852415136	-6.744687484415208	4	4	0.8158282173436158	-3.6419781162636884	2	2
pseudo_2079	0.3837008599460243	-9.531072645521535	5	5	0.9724775459033901	4.237343784214481	2	2	0.231579566503053	-5.3327861133788765	2	2	0.3802475788919434	-9.727352687582906	1	1
pseudo_208	0.31947363975467924	-3.0793458136516665	5	5	0.12883076283466469	-0.5858233748005824	4	4	0.3294630759132753	-5.9097559438312475	4	4	0.2642592074011081	1.7261072851939199	2	2
pseudo_2080	0.7938385867796887	-2.903830240648966	5	5	0.9111406646498671	6.04431918795855	4	4	0.2728667769175742	2.2166845586574064	5	5	0.2862174247796564	-4.27893586246412	4	4
pseudo_2081	0.1789551237492436	-8.670189142949896	5	5	0.950481585546606	0.1724291840261234	2	2	0.5918812633143121	0.6871082247533713	3	3	0.20159835430101525	1.9227292145017332	2	2
pseudo_2082	0.3974361034306422	-5.863682842877342	5	5	0.04828713506356525	14.119866174416222	4	4	0.48448137062362273	1.3419438538820032	4	4	0.17746946847200618	-12.619606722260636	4	4
pseudo_2083	0.24209770765590943	-9.114681805036877	5	5	0.12883076283466469	15.500105374628442	4	4	0.8527763562295603	-0.3126724189592711	3	3	0.12134427507594166	-12.31182686312417	3	3
pseudo_2084	0.23222452898372214	0.4802669600469815	5	5	0.9792829840491959	9.275857167517655	5	5	0.10675652746256714	-9.659954441648205	5	5	0.18024954779227487	-12.385315480884438	3	3
pseudo_2085	0.8348844175567391	-4.6307376940754335	5	5	0.3151863565729124	5.064854156553922	4	4	0.16338610591192515	4.410976039261393	4	4	0.06836882052525085	-0.8254758321739004	4	4
pseudo_2086	0.30458494656321145	-0.7754551625495018	5	5	0.5678012916525538	12.685332679110475	5	5	0.31638530595123227	-4.409684521145384	4	4	0.09827198119719432	-13.423648664946269	4	4
pseudo_2087	0.3905317912172386	0.5377185897016283	5	5	0.5855301570288951	9.207022023915757	5	5	0.6563557030333143	0.4570308699369257	5	5	0.9318448227202155	-9.976617680944871	5	5
pseudo_2088	0.7368747939779642	-2.817430117613648	5	5	0.2749482829207355	-1.1505647366947347	4	4	0.40412224477841885	-2.8004669762488708	5	5	0.5794593620066385	1.072038530397804	2	2
pseudo_2089	0.7345298911861453	-4.90609158952947	5	5	0.6871468520466417	5.727702220178846	4	4	0.0814448666171254	-7.013125724033622	3	3	0.7058159981702965	-8.29247424059902	2	2
pseudo_209	0.20655585634437112	-5.994675668285283	5	5	0.2857529780082053	6.952905112217899	3	3	0.4832597565423101	-0.8050426362169566	3	3	0.7541065963725084	-7.643791520074167	2	2
pseudo_2090	0.8519242616010545	-2.5532730637321	5	5	0.5250149269295951	-0.631565733490517	4	4	0.7748479063586586	-2.744934621287707	5	5	0.6356001460143301	0.9387858717683644	2	2
pseudo_2091	0.4976374693697522	-1.8398598134958826	5	5	0.7970514415009561	6.419198894231076	4	4	0.46794252261754965	-6.010748202434836	4	4	0.6239646640889823	-8.928082522618789	3	3
pseudo_2092	0.1560026338961753	1.649538240666118	5	5	0.8084961328368158	2.6921892204014366	5	5	0.18985298411727136	-9.271377758547072	5	5	0.8283245204925728	-4.18328620992089	2	2
pseudo_2093	0.8287832435740976	-9.36828755852156	9	9	0.9277931802834416	9.232591610359778	6	6	0.5929789720424348	-2.9509982912358286	7	7	0.62555704110682	-11.36585266114564	5	5
pseudo_2094	0.6280721013648477	-4.330835349928775	4	4	0.1032455290372306	12.185030425821376	3	3	1.0	-0.08333012362437138	3	3	0.15991654473201622	-12.110044951172165	3	3
pseudo_2095	0.6407435579881753	-0.11629098233082875	5	5	0.48322072079131273	7.958345414025412	5	5	0.8487661492426557	-4.8971158630700495	5	5	0.4237682373897682	-12.655683104031453	5	5
pseudo_2096	0.7321876546641092	-5.698484227803331	5	5	0.09223916144200017	11.976217691503907	4	4	0.996447072089243	-0.1663367858399181	4	4	0.16683561430328797	-12.394613488640571	4	4
pseudo_2097	0.3225075809995689	-1.6069695034447136	5	5	0.8693666466321252	6.026868777628118	5	5	0.9746457728001827	-2.975980724210247	5	5	0.8292175195021274	-2.644136184183543	3	3
pseudo_2098	0.4781244693117621	-6.05934254382953	5	5	0.5819096789887162	2.6058129482557564	3	3	0.3324827085772072	-5.952329228823029	3	3	0.955166061730401	-8.552031414044027	2	2
pseudo_2099	0.5712486909673462	-4.778748946005731	5	5	0.7024263634168448	4.985023404158438	3	3	0.9184250251325162	-0.007061128824377816	4	4	0.7786563583951011	-4.9310859357350205	3	3
pseudo_21	0.925029429106976	-5.3826946823355195	4	4	0.35876028800311355	-1.0789237911884406	2	2	0.05048220070224752	-10.33317681412844	2	2			0	0
pseudo_210	0.7648742381112963	-8.726656437974563	9	9	0.2682243691120063	12.946301033018338	6	6	0.6201490441164194	-4.094312398001535	8	8	0.8757768030306047	-12.579838133687423	7	7
pseudo_2100	0.9472036986676338	-2.5760527870678236	4	4	0.892738233639482	3.0511975918037724	3	3	0.620690151691334	-3.862852940841471	3	3	0.4454669683385002	-6.585464446029169	2	2
pseudo_2101	0.13213022370001748	-1.6989147166902665	5	5	0.10825899539685407	1.4135151257141345	4	4	0.9680321007878743	0.056110204956191144	4	4	0.16339957667531513	-1.3318789017701917	4	4
pseudo_2102	0.6489108788461497	-9.485397705079633	10	10	0.10536755526036656	1.5699722411058883	6	6	0.6467854862880897	-3.4178101425133023	8	8	0.27941832265442845	-4.626089307813323	5	5
pseudo_2103	0.46282024710326686	-1.699013342569657	5	5	0.8196058656511735	8.934024468897398	4	4	0.5070171181767764	-5.652465155174853	4	4	0.1888997225385911	-11.153629127509717	3	3
pseudo_2104	0.3669462599849117	-1.6790560998884032	5	5	0.8489715023065556	8.433359597688293	5	5	0.5961805797618906	0.6484803754549938	4	4	0.9398468559190641	-8.24462723694812	5	5
pseudo_2105	0.1803475220153561	-2.0225529403061997	10	10	0.21331757588234435	1.9558044833973216	9	9	0.7249882045185873	-9.969478710221871	9	9	0.3045733350608697	-4.707696779476373	7	7
pseudo_2106	0.9578210746039924	-5.891902630011187	5	5	0.3490319799130619	5.297339999674933	4	4	0.1334476696179969	-10.407552616313687	4	4	0.4728154766755992	-9.433566828219613	1	1
pseudo_2107	0.8348844175567391	-4.930766467091018	5	5	0.16374911722387264	13.186794853788086	4	4	0.45790032772574185	-3.733097275421841	3	3	0.05221618715423055	-13.154185710444287	3	3
pseudo_2108	0.8316413735277444	-1.7662742491460854	4	4	0.3294184449374762	13.39980789410589	4	4	0.23986587889986188	-6.341501578708829	3	3	0.037055631009466364	-15.952272771253817	3	3
pseudo_2109	0.7938385867796887	-7.2065318185634615	5	5	0.6658555056334625	11.082349541822401	4	4	0.9467455070486619	-3.6263857242417306	4	4	0.36411005091594517	-9.319782331791227	2	2
pseudo_211	0.4403843584741288	-4.734285804559728	5	5	0.0687068652470549	-1.6158585142362096	3	3	0.13764520867469665	-6.485300975070726	3	3	0.99090804093377	0.05854219799545568	1	1
pseudo_2110	0.7321876546641092	-4.400393690662815	5	5	0.7086892841096155	5.241240738432679	4	4	0.617969085088039	-3.8135764085111137	4	4	0.5685165379138545	-5.278744348479413	2	2
pseudo_2111	0.8568058609538756	-5.554105404915133	5	5	0.8423105224700136	5.4576523395673275	4	4	0.553688359064076	-3.4792963126303373	4	4	0.7177868332479136	-4.402505461323657	2	2
pseudo_2112	0.8519242616010545	-4.636819531275111	5	5	0.5768447830096883	11.409807150229222	4	4	0.8831735908066727	0.3724121184882075	4	4	0.2338129822191135	-11.629281656910939	4	4
pseudo_2113	0.10842594060167127	-9.657318794219584	5	5	0.7561730665970722	5.073817819245511	2	2	0.33282805858604547	-5.075549449702824	2	2	0.24976182771404487	-11.887021220216905	1	1
pseudo_2114	0.2179562178508675	-1.5719138858897066	5	5	0.19181337873116067	-1.5142298626448074	4	4	0.5354209811183289	-9.768816172399449	5	5	0.1416247589994867	2.1623223288840814	2	2
pseudo_2115	0.19345559047541017	1.143942645798549	5	5	0.910405295055334	6.4933819167413915	5	5	0.4086134098378291	-8.746060350673725	5	5	0.4262586054679042	-11.912964009009954	4	4
pseudo_2116	0.7794808347495539	-4.878835292470549	5	5	0.2501586933556549	9.581597517534625	4	4	0.3752692551972968	1.2638455362222005	3	3	0.7222259567064059	-8.737799965220765	4	4
pseudo_2117	0.578566748450843	-9.00292869233676	10	10	0.22434684350955325	13.238669330018169	7	7	0.316320111960639	-9.468072857756283	6	6	0.05034862488730108	-15.476077318291983	5	5
pseudo_2118	0.33795820206783933	-8.278167371535526	5	5	0.7874061650589533	5.347793421546089	3	3	0.3036529482118424	3.3813578618666056	4	4	0.5519614374887956	-1.9004886466622704	3	3
pseudo_2119	0.03036473604799827	-9.245085658828295	5	5	0.030971168106682323	15.167298594502936	3	3	0.039234818911618875	9.695929740031326	4	4	0.9864941527484754	-8.550565603567215	4	4
pseudo_212	0.6379968472958085	-1.6427968864346074	4	4	0.3510034941306043	6.795762419409592	3	3	0.4962198033293397	-3.343280755808508	3	3	0.1638378521490712	-9.980727576944519	3	3
pseudo_2120	0.9305842668641006	-8.33397125193565	5	5	0.8651470503055643	11.231697134214356	4	4	0.4333053417384477	-3.506699173409285	3	3	0.27119373272877434	-13.008946090451609	2	2
pseudo_2121	0.9404808506501394	-7.8689053720632876	5	5	0.38077936234642007	8.555170859445267	3	3	0.15546481918202434	6.237569447269739	4	4	0.6395429335016928	-4.779258522095298	4	4
pseudo_2122	0.6586549765979004	-4.662223106108836	5	5	0.19513777682095024	12.652692570691507	4	4	0.5418259833965873	1.187583707997622	4	4	0.6398800306989456	-14.912748723552395	5	5
pseudo_2123	0.3974361034306422	-5.318025466266417	5	5	0.7672435995177201	5.364196798427308	4	4	0.9680321007878743	-3.3888020224068485	4	4	0.8534448419467351	-3.7118122084508736	2	2
pseudo_2124	0.354550213871745	-7.152251885678349	10	10	0.6412955469263526	14.890412992272445	9	9	0.8638718102544106	-0.7885305758115505	8	8	0.3925903512048171	-12.158720175219003	8	8
pseudo_2125	0.6904709364093857	-4.86638062875464	5	5	0.9961285445921516	9.212146461194514	4	4	0.41537140478181456	-3.4715431296698274	3	3	0.5874525158575528	-8.258447503389094	3	3
pseudo_2126	0.5712486909673462	-5.209317415447579	5	5	0.07338155027440356	13.11296981500447	4	4	0.3520261323683881	1.7120982289935789	4	4	0.45297213972518047	-12.81574348461198	4	4
pseudo_2127	0.8568058609538756	-5.8315535280299935	5	5	0.5218535200068654	2.218939449398745	3	3	0.6085885883704785	-3.0451216631539566	4	4	0.36357366278837844	-4.135744006199739	3	3
pseudo_2128	0.6186461196194168	-6.195948967463693	5	5	0.5819096789887162	5.864793223004857	3	3	0.476849308594961	-3.274616428202959	3	3	0.3236353498215411	-8.981094052934237	3	3
pseudo_2129	0.3104912085412872	-5.754317800949464	4	4	0.6339920850514138	-0.6308349627136636	2	2	0.4272781581337397	1.181355752046587	3	3	0.050978779219137786	2.8069280983775817	2	2
pseudo_213	0.1419897154729345	-8.808282861768639	5	5	0.39936763338904124	8.897908898451943	3	3	1.0	-0.23596216505288414	3	3	0.39905555634338286	-8.914935811450636	2	2
pseudo_2130	0.9009649124727902	-5.235687678647304	5	5	0.49387678589692796	9.173019458801447	4	4	0.6725115580573209	-5.135372563409929	3	3	0.3918404758014934	-11.599327270593172	3	3
pseudo_2131	0.05307828593843954	2.079141249763872	4	4	0.8045517718924269	4.973544348840658	4	4	0.2994855531010523	-5.865648369665165	4	4	0.6804853578260546	-8.397722195075447	3	3
pseudo_2132	0.24335213634745256	-7.974825837079778	5	5	0.17394434127805736	12.275496090634931	3	3	0.09597414268308961	6.136248823481403	2	2	0.7222259567064059	-11.881651936990108	4	4
pseudo_2133	0.23712480677415515	-8.585291080349007	5	5	0.07219775049910535	12.752709129151674	3	3	0.5160022562200859	2.77026540967303	3	3	0.35770445094096925	-12.536031216573194	4	4
pseudo_2134	0.2707590360151666	-2.0331862634761486	5	5	0.1885308229987812	2.1936163766267858	4	4	0.12667110045374264	-9.305365936041403	4	4	0.7663397108792154	-7.17653452958133	2	2
pseudo_2135	0.07515324329881565	-10.068279119722098	5	5	0.9394966891815054	4.216965652947479	2	2	0.35884087700069967	3.977350343757305	3	3	0.8804963658850083	-2.371006750886272	3	3
pseudo_2136	0.38031299647134453	-1.9291407071244866	5	5	0.17273775823023463	-1.492729495563897	4	4	0.5538886137275059	-2.9240862850237854	5	5	0.9322814328926539	0.2168278206751625	3	3
pseudo_2137	0.9157599695600442	-5.837854239365758	5	5	0.3151863565729124	12.645716500329314	4	4	0.9467455070486619	-0.20306635966435338	4	4	0.22158298310542035	-9.43914510396573	3	3
pseudo_2138	0.6631640023948331	-4.643192949872261	5	5	0.35683698983787937	2.0821537035053197	3	3	0.6800506231549845	-2.9119967032268996	3	3	0.6804848619032456	-4.835834808458638	3	3
pseudo_2139	0.4976374693697522	-6.199260939944675	5	5	0.6131018897789341	3.7455168015513327	3	3	0.6914196164505788	-1.8009078370595626	3	3	0.8913977488082454	-4.034025604977647	2	2
pseudo_214	0.22500959137204424	-1.4732082983176085	5	5	0.9806445457560294	6.1242776542052555	4	4	0.7316909117782104	-2.524149409171766	4	4	0.6557652389588101	-8.305862205533735	4	4
pseudo_2140	0.12948579017813375	-5.36378959833079	10	10	0.09166579460492706	5.672428067852029	8	8	0.8695946666978494	-3.3771209691000372	9	9	0.07199811243276563	-4.857712782172647	6	6
pseudo_2141	0.8862040745983679	-5.254827289377595	5	5	0.8309393614759716	5.643674087394122	3	3	0.5147016409140348	3.933177769377352	5	5	0.8700175836875019	-7.798655876052346	4	4
pseudo_2142	0.7938385867796887	-2.2857276508333375	5	5	0.10614356949216543	1.3679056263400569	4	4	0.15034818982381962	-7.066405286752389	4	4	0.6820940333450014	-3.417291278176865	2	2
pseudo_2143	0.6722189809544157	-0.11138942439877697	5	5	0.3680038756723122	10.757795811154866	5	5	0.7506202565231375	-5.20433011902247	5	5	0.2711961829609154	-12.780560435157744	4	4
pseudo_2144	0.6274452496840538	-8.111596809061792	5	5	0.628969833060491	5.288685558122582	3	3	0.7336872309440315	0.3587586117966066	3	3	0.5050175619871264	-2.3164886893281134	2	2
pseudo_2145	0.42578092735609907	-7.529488828356215	5	5	0.9194471539626119	5.259464730031471	3	3	0.5430012977952541	-3.492977817349145	3	3	0.43170487608642827	-9.591497845568428	1	1
pseudo_2146	0.975181303750078	-2.925085372680415	5	5	0.7821073017566762	5.532187500639973	4	4	0.24280864522284196	-3.272466625419422	5	5	0.51755637158765	-11.29628076470552	3	3
pseudo_2147	0.5670269230765042	-4.224841934019538	5	5	0.11057615149708874	-1.4201574880532075	3	3	0.9822367693449567	0.21467589375807794	4	4	0.13105958906146978	1.8503807901779858	3	3
pseudo_2148	0.6722189809544157	-5.117169106268248	5	5	0.09827261615470353	15.295461484803576	5	5	0.4202521562214223	0.5703066358980519	4	4	0.45958463067540034	-14.761485444469658	5	5
pseudo_2149	0.05938869515700937	1.8278830774732144	5	5	0.17415122267626115	1.2689822887000435	5	5	0.012884131099503385	-10.51957866713952	5	5	0.5469320728860858	-8.721515670800702	2	2
pseudo_215	0.7251755888101974	-6.798068738694185	5	5	0.2269741721077786	15.586072664261016	4	4	0.7966028859498259	-0.5795652608119786	3	3	0.2427972606249884	-15.227064274871625	4	4
pseudo_2150	0.5015903276820892	-4.641083956283161	5	5	0.013433319430068202	-2.2091105891010554	3	3	0.5361861122094853	-0.8299336389691802	3	3	0.24198588110928465	1.5374925484054576	3	3
pseudo_2151	0.8421782440715131	-5.772775855452191	5	5	0.6131018897789341	5.815541476534516	3	3	0.9917740812352782	-2.430734166300781	3	3	0.7094597418423237	-8.087960044561715	3	3
pseudo_2152	0.40792933666417497	0.5736050687864128	5	5	0.16083607848804438	10.693211439894041	5	5	0.12911542192230058	-8.9406705447556	5	5	0.024526403889374195	-18.492387594812616	5	5
pseudo_2153	0.33236211052527465	-9.73497918376836	10	10	0.7376957529107161	9.21552251724323	6	6	0.8958357132818863	10.527349384662541	8	8	0.9325480838395456	-5.302230352855189	4	4
pseudo_2154	0.9603000903686151	-4.850396065939356	5	5	0.43153494984794094	2.5283016234249107	3	3	0.7384012820370391	0.6834992918706732	4	4	0.500780752311927	-2.24306400657766	3	3
pseudo_2155	0.46282024710326686	-6.263917511440783	5	5	0.280711910409431	6.867434311839993	3	3	0.9342660210685179	-2.494049034077641	3	3	0.4747295980691312	-8.964132415577176	2	2
pseudo_2156	0.19345559047541017	-9.28137889371614	5	5	0.18752274835270577	10.428166988048186	2	2	0.27446258477495733	3.679406288607149	3	3	0.9635050030421082	-5.702442331141114	3	3
pseudo_2157	0.7065907410190302	-7.643909384915738	5	5	0.08557571336488258	13.041800708155916	3	3	0.8050200371296823	-0.30050757394192795	2	2	0.11823409095379275	-12.385646936056924	3	3
pseudo_2158	0.1789551237492436	-8.143866975626946	5	5	0.653781841212506	0.19385112017821537	2	2	0.3950123006074403	1.4359737928977163	3	3	0.12902536420512914	2.1559759996126076	2	2
pseudo_2159	0.7604543780633822	-5.058358793124316	5	5	0.9806445457560294	7.971523650007295	4	4	0.8972504042483103	-0.5706828582175053	4	4	0.7586785504415519	-4.543542547464496	3	3
pseudo_216	0.8935798996438226	-3.9922554693438834	5	5	0.40123074290781857	12.20923805909863	4	4	0.18013554819527433	4.207111619309903	4	4	0.9959860008988071	-12.437493418269895	5	5
pseudo_2160	0.150629629431149	-9.626194773532083	5	5	0.36603280988594333	-1.0822448364372708	2	2	0.04853469673147757	7.795646965622335	4	4	0.046387853665761904	2.5936817063337627	4	4
pseudo_2161	0.21106319262628104	-1.1866275325768798	5	5	0.29893782099477084	12.878027717083112	5	5	0.3901092515910314	-5.619511312329994	4	4	0.03631219491817132	-15.439200544649921	4	4
pseudo_2162	0.22028946410653716	-1.4738288810781714	5	5	0.6172346495985822	9.055641986641739	4	4	0.069932064698658	-7.441322960153387	4	4	0.0407631124494103	-13.34665177282983	3	3
pseudo_2163	0.7042794582830392	-5.250760597394603	5	5	0.32827648480074934	6.527074349613241	3	3	0.3250654430677995	3.486250163745171	4	4	0.9684930440136454	-5.31710217032019	4	4
pseudo_2164	0.22500959137204424	-8.679521461483711	5	5	0.8309393614759716	8.434243456308261	3	3	0.5093629632027732	2.5566944493595365	3	3	0.859912066115945	-5.719233408675144	3	3
pseudo_2165	0.7509944190436915	-1.954071169697916	5	5	0.7231827651624472	6.276934634893716	4	4	0.4437310909432074	-5.977973518655514	4	4	0.19785219162059375	-9.566547404815536	3	3
pseudo_2166	0.609901325510049	-4.344768480152015	5	5	0.2757315773800072	1.9000309983153862	3	3	0.1403988065934774	-6.653699599135796	3	3	0.33274338923745705	-9.993693175419507	1	1
pseudo_2167	0.9157599695600442	-5.1705090292460785	5	5	0.49306782262246085	2.5074008391145974	3	3	0.6657878555858668	1.3733391857789796	4	4	0.4761670154210649	-1.6923036286830377	3	3
pseudo_2168	0.8616929440879256	-2.146407293179955	5	5	0.5377457390327564	2.2810076162739517	4	4	0.5838891299941864	-5.6566881421431425	4	4	0.6147447779785216	-4.908496363464773	3	3
pseudo_2169	0.40792951455819493	-8.186129808315052	5	5	0.03369248470456494	15.296244230612942	3	3	0.18587115345822802	5.501274032129199	2	2	0.29134710444941947	-15.821065762752413	4	4
pseudo_217	0.5502910343875352	-9.072575622753986	5	5	0.06373164492052434	12.82077601043209	3	3	0.21242064160267515	-5.582131477210862	2	2	0.030495915483640026	-16.01903817384572	3	3
pseudo_2170	0.2751168113122472	-8.013210199436356	10	10	0.6035947233697814	12.371639940327919	8	8	0.9182395381422098	-3.3993186022364212	10	10	0.5785485018412035	-9.819700571952177	8	8
pseudo_2171	0.04251811419530946	2.2980605037110586	5	5	0.29893782099477084	5.4874593256569915	5	5	0.5250089907495157	-6.27668341379756	5	5	0.5784813256465693	-4.204974135288927	3	3
pseudo_2172	0.01498045672790793	2.0941330492908685	5	5	0.5503334823743448	2.239141159208597	5	5	0.8363347198578763	-2.6375046193459095	5	5	0.6970237719155341	-2.197500644035976	4	4
pseudo_2173	0.5947315671538698	-5.7600528959095385	5	5	0.280711910409431	7.200493328992292	3	3	0.1528902210764004	4.854621691831868	4	4	0.9056753424972737	-5.5487550540020125	4	4
pseudo_2174	0.023906306994979955	1.789419122350519	5	5	0.41089755078594137	5.442851162672173	5	5	0.07128813063486895	-9.741453996471188	5	5	0.14602828431015114	-10.074338401550445	2	2
pseudo_2175	0.9206984051801299	-5.538525381323377	5	5	0.543996372783599	2.0926774297470074	3	3	0.8030781695538725	0.2799349424296221	4	4	0.43665971493913525	-1.7468733459580879	3	3
pseudo_2176	0.7290736120913199	-7.957690211905825	10	10	0.013876603500906625	16.529779395918876	8	8	0.8933703359581464	-3.025086108792273	8	8	0.05846742215706092	-19.924753226218815	9	9
pseudo_2177	0.6452020480089803	-1.8536088128813317	5	5	0.5571282006933561	6.536646702237821	4	4	0.9746457728001827	-3.249952522802482	5	5	0.8496546027760271	-5.072669861626174	3	3
pseudo_2178	0.26538194102987545	-1.4915329862450581	5	5	0.31988481626118637	2.662057259162785	4	4	0.3206161352990974	-3.7225747218919256	5	5	0.7290153128961694	-2.7416696617690293	3	3
pseudo_2179	0.20655585634437112	-8.979512109268525	5	5	0.6246378418498479	8.860479686721515	1	1	0.049559006667565034	10.259040080626832	4	4	0.08525066033756118	-1.2762546233342615	4	4
pseudo_218	0.3301742019815962	-9.114661494416303	5	5	0.09630664321203893	12.601637212582496	3	3	0.9753257406359819	-0.06422794523191294	3	3	0.0955515570838702	-12.507549559540829	3	3
pseudo_2180	0.41146367565648345	-1.7378321987382799	5	5	0.2195976444304848	1.4927123862524183	4	4	0.3036529482118424	-5.909369095512265	4	4	0.37266192245426943	-2.411542084208426	2	2
pseudo_2181	0.4312237924224155	-5.668369657189878	5	5	0.9373056282119494	3.169535869626752	3	3	0.1793379392074277	7.3078643282430535	5	5	0.31676213321650104	-1.9662051119047572	5	5
pseudo_2182	0.3411044658288359	-1.6495578715191668	5	5	0.05053304092271833	-2.5257182145355332	4	4	0.42687296891344517	0.9465870085713486	5	5	0.011660554996314581	2.913876599844462	4	4
pseudo_2183	0.9231687532616903	-4.251685433481998	5	5	0.44041367699358025	12.635593921092278	4	4	0.6279866365726792	-3.09873739452812	3	3	0.10361099073927978	-12.54774625474536	3	3
pseudo_2184	0.00501328775840004	2.473535921009222	5	5	0.14115288331095652	1.6811761993842123	5	5	0.06412484085725938	-10.188429897043823	5	5	0.9935918463631742	-8.308432539014571	2	2
pseudo_2185	0.1369915546747943	-1.5243559217716298	5	5	0.4290002941849582	5.022007955454158	4	4	0.05609262466994438	-8.689586715811345	4	4	0.24728688575955604	-10.193990785647559	3	3
pseudo_2186	0.4044135042915773	-5.803492612719176	5	5	0.7086892841096155	9.654338465983768	4	4	0.48448137062362273	-3.294816841834462	4	4	0.21913857682311433	-10.51449695494982	2	2
pseudo_2187	0.6950627034372938	-2.506218356208254	5	5	0.9792829840491959	8.438237522702979	5	5	0.8612353061433181	-3.440202129403158	5	5	0.9426801010511117	-5.242740432476816	3	3
pseudo_2188	0.6142668668864293	-1.7433470040712002	5	5	0.3070640237529362	13.094019001135086	5	5	0.6918745031735067	0.7376244476961267	4	4	0.6327013171827216	-13.534321512526638	5	5
pseudo_2189	0.7794808347495539	-3.0164127429621836	5	5	0.8423105224700136	1.99672634282776	4	4	0.996447072089243	-2.1432722803298563	4	4	0.7192145505606329	-1.3701033791266568	3	3
pseudo_219	0.5190819800744313	-3.410416427800103	4	4	0.1568276462516408	7.702558532283494	3	3	0.2977390578745106	1.4351637479668211	3	3	0.5964875598285619	-6.109079186043092	3	3
pseudo_2190	0.1560026338961753	-8.785224232477155	5	5	0.507353458020152	6.007556467162307	3	3	0.45167917739826746	1.3771773815199182	3	3	0.9947846469098508	-5.212540255335829	3	3
pseudo_2191	0.21106275960412002	-1.7010000181236877	5	5	0.596884254848404	2.2203179741890113	4	4	0.21223260709792835	1.6098121613664496	5	5	0.06667575560597458	-0.7285952271068972	4	4
pseudo_2192	0.3905317912172386	-5.055583944986721	5	5	0.041967786207896915	-1.8205274693572502	3	3	0.06060155302284736	-7.063061107836316	3	3	0.4869832511686737	1.5248602022179938	1	1
pseudo_2193	0.9751813131641581	-3.003915943085501	5	5	0.596884254848404	-0.3413218312491608	4	4	0.2181139600933698	1.6236151643364611	5	5	0.046387853665761904	2.659509708003499	4	4
pseudo_2194	0.17405426005016023	-9.237341912403286	10	10	0.1339242871543685	19.517802923175392	7	7	0.5889924067044334	-3.5358127671085255	5	5	0.06024525422700632	-15.427267794795275	4	4
pseudo_2195	0.842178096330928	-2.0568199046551787	5	5	0.6871468520466417	2.5817715189583956	4	4	0.48442233605580665	-2.587405193169955	5	5	0.6470987182283356	-3.382359184441417	2	2
pseudo_2196	0.150629629431149	-8.927188099271131	5	5	0.13801011937475943	10.149464682019442	3	3	0.35884087700069967	1.688558805131862	3	3	0.7562990515506363	-11.275444732693403	4	4
pseudo_2197	0.8324563445374977	-2.1971461892168405	5	5	0.7086892841096155	2.8020464631316755	4	4	0.48448137062362273	-5.8095451172844745	4	4	0.7058159981702965	-4.662788353379477	2	2
pseudo_2198	0.5670269230765042	-8.869846288282796	5	5	0.4519761870989961	8.908545366474865	2	2	0.8608695815428389	2.3320073166511244	3	3	0.7192145505606329	-5.841486046182712	3	3
pseudo_2199	0.78425866361207	-4.866793536242709	5	5	0.6941098300813123	2.404106831197599	3	3	0.14746773563881493	-6.457386884395539	3	3	0.34424439292855846	-9.915914262457882	1	1
pseudo_22	0.509545646145775	-7.9941599432818355	5	5	0.5575267224330435	8.480945946315483	2	2	0.7886562783509201	0.21160051748534622	3	3	0.9739276904749025	-7.677113240867393	3	3
pseudo_220	0.9376510187708323	-8.616158065587372	9	9	0.7615959215855224	9.3690834534529	6	6	0.9946689329643016	-4.076018718003377	7	7	0.9959860008988071	-8.642425898881239	5	5
pseudo_2200	0.056108418009875254	1.7348795872750744	5	5	0.42583019277096246	6.051107512920889	5	5	0.20081537535046046	-10.247754702805425	5	5	0.6820940333450014	-8.023874395158074	2	2
pseudo_2201	0.11688680469931616	-9.331185865584475	5	5	0.11831183145063351	13.34298268447823	3	3	0.4744557770015748	4.533594037296917	2	2	0.1470153402383464	-12.49664938288945	4	4
pseudo_2202	0.7509944190436915	-5.359345797736524	5	5	0.3151863565729124	9.35635644688627	4	4	0.0890659339728798	7.156735916735994	5	5	0.9478549671208554	-5.679873859267335	5	5
pseudo_2203	0.26007885709600986	-9.319162872067032	5	5	0.5668351997843692	4.9972328031590285	2	2	0.2567598507333714	3.4646735480503223	3	3	0.6804853578260546	-2.1015647815314487	3	3
pseudo_2204	0.6274452496840538	-5.635129771598247	5	5	0.6309680799450805	8.926040403581938	4	4	0.6984552139451855	2.8391461069997703	4	4	0.6476331680190908	-5.928578698308587	4	4
pseudo_2205	0.8251815499372707	-4.311718870270683	5	5	0.013301197424839574	16.558306394151128	5	5	0.34287214938340116	-5.885807532672321	3	3	0.00462067527853869	-18.944855691085994	5	5
pseudo_2206	0.32556025569709457	-8.663342675671073	5	5	0.1209826775200991	12.282172652805249	3	3	0.35884087700069967	3.166764414706813	3	3	0.4454669683385002	-9.095019753848383	2	2
pseudo_2207	0.2273965614182124	-1.216036185584367	5	5	0.5901692780308903	9.326940313063552	4	4	0.4872679781853013	-5.092302680332884	4	4	0.21185687985572188	-11.592256701268612	3	3
pseudo_2208	0.9751813131641581	-5.802189524742638	5	5	0.09407840825889631	0.95122828369746	3	3	0.473420456215233	-4.238128063707891	4	4	0.4289911441296608	-4.1766719338010185	3	3
pseudo_2209	0.4313832035771906	-4.819123075659349	9	9	0.3541946940338603	12.989692366871859	8	8	0.5343468127315534	-9.748933635058407	7	7	0.5426133336762142	-14.61639056421165	6	6
pseudo_221	0.6722189809544157	-8.400778824062565	5	5	0.49452959113685724	3.145930993191227	2	2	0.342886044040806	3.4501750653955123	4	4	0.2711961829609154	-4.309072084906314	4	4
pseudo_2210	0.7160187703550467	-8.926947157030812	10	10	0.8572570134592319	12.945287289912018	8	8	0.9392413621451825	-3.541204752231531	9	9	0.8511153575995127	-9.07014137270753	6	6
pseudo_2211	0.5440782369660304	-1.7445905324846882	5	5	0.8727853087933759	6.025353394130257	4	4	0.8363347198578763	-2.56192792647118	5	5	0.6804041513254775	-8.527201975002596	4	4
pseudo_2212	0.15329807380348384	-3.2676109139015423	5	5	0.4249839944591046	1.8981379389877677	3	3	0.11470214334518179	-7.01569469764632	3	3	0.31049489359326643	-10.072624642992002	1	1
pseudo_2213	0.2987605541911106	-8.533094824170812	5	5	0.5121321387234671	-0.6207653543191842	2	2	0.832612647406251	0.23036247350013306	3	3	0.30017156267093015	1.6623223288840805	2	2
pseudo_2214	0.9875891505728029	-4.707550128852013	5	5	0.6612191297896182	6.162425935684716	3	3	0.14891401549289324	-6.514317887978158	3	3	0.1638378521490712	-12.518428225389293	3	3
pseudo_2215	0.5015899218700628	-9.243759309294111	5	5	0.49452959113685724	-0.7117094447779051	2	2	0.05048220070224752	-10.259644299943371	2	2			0	0
pseudo_2216	0.8519242616010545	-2.3904327294172667	5	5	0.7685269399038692	6.475704261129738	5	5	0.8549962013293507	-3.1775003003760767	5	5	0.9947846469098508	-2.476169935871038	3	3
pseudo_2217	0.5338020968763408	-2.523002102761065	5	5	0.5441687725618416	7.678512061448484	4	4	0.6085885883704785	-4.770805657204828	4	4	0.3172679651218048	-9.092624761246032	3	3
pseudo_2218	0.47427267617343294	0.5509912393942195	5	5	0.9930936381355887	6.450006407482903	5	5	0.3110328490387563	-9.373185978853746	5	5	0.5607347604558015	-9.167286521261806	3	3
pseudo_2219	0.6318648686720789	-4.8045626133099155	5	5	0.628969833060491	2.6585982852482943	3	3	0.2655096154075053	-5.968284301297409	3	3	0.590500028835642	-8.655598159305956	2	2
pseudo_222	0.1789551237492436	-1.581525854891165	5	5	0.9188395857235161	5.369665522344967	4	4	0.6449124424218269	-3.217292456580722	5	5	0.5687419866077745	-8.587343539359496	4	4
pseudo_2220	0.8179218676340224	-3.8414123823877815	5	5	0.7701690854235015	5.884449325334167	3	3	0.6062091564566272	-2.9919231003726026	3	3	0.27119373272877434	-9.52894728562146	2	2
pseudo_2221	0.6012118775527284	-1.7698205704353978	5	5	0.4566274921286423	9.646287455000584	5	5	0.1528902210764004	-8.941129707812953	4	4	0.07649461660073469	-12.740853744705722	3	3
pseudo_2222	0.6996656835808294	-5.041661556511046	5	5	0.7014815199726457	8.134380184084511	4	4	0.9680321007878743	-0.0245782255136735	4	4	0.9947846469098508	-4.943313945586013	3	3
pseudo_2223	0.48393391482926207	-8.365759329920111	5	5	0.061489243366911424	-2.154358438493899	2	2	0.5477412942803188	3.3106397553227467	4	4	0.15991654473201622	1.770351666048643	3	3
pseudo_2224	0.6055496210385807	-6.104865360169836	5	5	0.280711910409431	-1.0711287430545433	3	3	0.7336872309440315	-2.8042271703693338	3	3	0.25075941877699237	1.6859637119665107	2	2
pseudo_2225	0.7462783383973426	-7.2386974743260835	5	5	0.11258984965888019	15.58889818949386	4	4	0.8742671171113539	-0.17209859244722348	2	2	0.0736611429585027	-15.970538012051469	4	4
pseudo_2226	0.18506742871666204	-8.739681050596591	5	5	0.38691557268187815	9.380236747284822	3	3	0.5160022562200859	0.9163265277011982	3	3	0.7388605626131051	-8.30527391549825	3	3
pseudo_2227	0.5670269230765042	-4.410307208391884	5	5	0.8397132531802258	2.562889243706337	3	3	0.4272781581337397	-3.4167032682960716	3	3	0.5794593620066385	-4.683777415064917	2	2
pseudo_2228	0.056108418009875254	-10.293429671107543	5	5	0.6144606727629431	3.5432758243254137	2	2	0.7182156929428509	-2.980246517238322	3	3	0.34737795093212276	-9.109894203193548	2	2
pseudo_2229	0.8421782440715131	-5.238671924763019	5	5	0.22923764431321725	-1.161674633736918	3	3	0.9671050662909373	-2.537043157501717	3	3	0.15053584357754385	2.2225585672914967	2	2
pseudo_223	0.542015132929129	-8.103394452309617	5	5	0.19628151064400223	9.68280782297394	3	3	0.22752833109863646	5.928185335979468	4	4	0.9238495523572344	-8.81946249724583	5	5
pseudo_2230	0.6496739572048208	-5.5505977680783145	5	5	0.4696963763709566	6.368528922017332	4	4	0.24154824800675634	1.8892492614721348	4	4	0.5519614374887956	-1.519960054413283	3	3
pseudo_2231	0.6186461196194168	-4.227565790982087	5	5	0.4249839944591046	-0.6514684819648023	3	3	0.6148354099179983	0.2943811341091001	4	4	0.20711118778289173	1.6383786978548578	3	3
pseudo_2232	0.14264007821703856	-9.507057408704975	10	10	0.6278656504206138	8.145732364798258	5	5	0.1749197824451837	3.976159198353012	6	6	0.29871537513007207	-7.338112379240857	6	6
pseudo_2233	0.10774286352027075	-8.701662854957414	5	5	0.10489912793640534	14.379897630982555	2	2	0.2625670684633893	5.636358357801304	2	2	0.7388605626131051	-8.42224108695733	3	3
pseudo_2234	0.8763852606441964	-4.84677709916821	5	5	0.3693715154055066	9.168295674184723	4	4	0.7183320166231253	-0.40196705496167623	4	4	0.6425810567694524	-6.247506339171334	3	3
pseudo_2235	0.7675729329472696	-2.582068374733936	5	5	0.23836750553462438	10.359807396911991	4	4	0.8674830823962894	0.2717169398515	5	5	0.3817877693051497	-10.377825788778265	4	4
pseudo_2236	0.6208407156009417	-5.285659412051491	5	5	0.060409989295329175	14.363448466460667	4	4	1.0	-1.9920440738877243	3	3	0.09827198119719432	-15.666397836837696	4	4
pseudo_2237	0.8300297438168719	-5.229550613063609	5	5	0.9731083679586155	2.875060331024752	3	3	0.1201654845321105	4.547297485585495	4	4	0.22941028857035817	-1.6437143420991986	4	4
pseudo_2238	0.9553424986740303	-4.5546465352371195	5	5	0.5768447830096883	5.329922678196004	4	4	0.7485039733716299	-2.5330049964780303	4	4	0.8283245204925728	-4.206038734590779	2	2
pseudo_2239	0.6541582083470081	-1.9173399697306859	5	5	0.903450076951705	6.362197178890825	4	4	0.1744162205072105	-8.689519107084188	4	4	0.1798350282618032	-13.732678084206452	2	2
pseudo_224	0.6186461196194168	-1.5299438907341776	5	5	0.6871468520466417	6.4027606503350825	4	4	0.5900201096898269	-4.940881366576239	4	4	0.38465163968243365	-8.964836169418234	3	3
pseudo_2240	0.509545646145775	-6.120822426465229	5	5	0.7701690854235015	-0.07774467699847125	3	3	0.9671050662909373	-2.613583769057787	3	3	0.6016365394766707	0.9818527148497216	2	2
pseudo_2241	0.5925787624647025	-6.0806113552037075	5	5	0.9016292194903456	2.7285151935039376	3	3	0.901538468117128	-2.4294269226774365	3	3	0.878714669839499	-3.9521362315136743	2	2
pseudo_2242	0.9776624888369059	-2.839078901036896	5	5	0.6036337845565438	2.4132857758974	4	4	0.20440875029006234	-6.374245082555213	4	4	0.8660626408883095	-3.762175069845739	2	2
pseudo_2243	0.05570040975329873	0.6122401382934252	4	4	0.9265461234172737	6.466471378878004	4	4	0.425405755871458	1.2961423266795367	4	4	0.7562990515506363	-5.012013453924886	4	4
pseudo_2244	0.360374094036118	-1.4935481281227068	5	5	0.7086892841096155	5.451196966875169	4	4	0.18747884336559428	-6.753607537236533	4	4	0.4172605263960294	-9.023757133078949	2	2
pseudo_2245	0.4009462795529689	-6.259629213395001	4	4	0.27258205463938423	-1.3037773625543307	2	2	0.8444391531109933	-4.014526959182826	2	2	0.12395836722496481	2.991407914346821	1	1
pseudo_2246	0.07583902701481278	-5.388424180381771	10	10	0.3943124623036439	5.750076036065711	8	8	0.13184190877033114	-9.772667911199456	9	9	0.6155312701319398	-8.901862187125124	4	4
pseudo_2247	0.5297192094115657	-8.205140123327178	5	5	0.3338667471178933	4.151128072335467	3	3	0.23986587889986188	-4.225806491555261	3	3	0.7238971651211206	-8.462573299403717	1	1
pseudo_2248	0.5461453907731743	-5.112240316226097	5	5	0.8134556994139727	3.1050990542444517	3	3	0.45172129607052425	1.0314915037620365	4	4	0.40646057631660515	-1.5750802495218867	3	3
pseudo_2249	0.9851072505913057	-2.221469604500548	5	5	0.6172346495985822	0.2018753690022065	4	4	0.996447072089243	-4.932011723396296	4	4	0.2927405604053982	1.6469469590448647	2	2
pseudo_225	0.8812923286354217	-5.615888736045771	5	5	0.5974132364292704	2.141280054883712	3	3	0.09693764789776184	-6.924012400413932	3	3	0.44517304866952323	-9.527200557761606	1	1
pseudo_2250	0.7794808347495539	-3.8860229856597037	5	5	0.14150565699796228	10.827975438134692	4	4	0.1526604141777051	4.629830368011615	5	5	0.8365848971082004	-8.995586327509775	5	5
pseudo_2251	0.509545646145775	-4.1492144315650785	5	5	0.8651470503055643	8.513825464294856	4	4	0.6984552139451855	-3.113697996972245	4	4	0.6709285657109667	-8.495558598155217	3	3
pseudo_2252	0.48439525995171084	-8.558205374959533	10	10	0.47080531817452365	16.047640013266147	9	9	0.09878985966277933	3.3802336001671485	10	10	0.9557055287782305	-8.590247826350426	9	9
pseudo_2253	0.45903732131386654	-8.684108474676373	5	5	0.6047954004988128	-0.6470087005119423	2	2	0.3950397394169908	2.919597665842868	4	4	0.10086653819195816	1.9652190698313536	3	3
pseudo_2254	0.09855963635359588	-4.410289958465076	9	9	0.44511390238652493	12.480524948210197	8	8	0.9354037567463827	-2.6448176266808496	8	8	0.495504887344535	-15.787660730193293	8	8
pseudo_2255	0.3545503859713375	-1.5792602564163303	10	10	0.23269770929995304	10.85463192540791	9	9	0.3912906820479236	-3.0733044940563072	10	10	0.9968565344874156	-9.00402894724496	8	8
pseudo_2256	0.8373141891644869	-2.951935213184241	5	5	0.7672435995177201	2.573160108315319	4	4	0.9680321007878743	-4.74566497607158	4	4	0.5874525158575528	-4.643854138112014	3	3
pseudo_2257	0.7890446381929012	-5.614425214895949	5	5	0.13801011937475943	-1.3252320718571984	3	3	0.10332250711183263	-6.795235563175247	3	3	0.26900936251825636	2.260176059165106	1	1
pseudo_2258	0.30458494656321145	-9.492155018676783	5	5	0.5210544099779815	3.1832630984072026	2	2	0.8345436724517964	-2.1081983706781497	2	2	0.8660626408883095	-5.13314587081177	2	2
pseudo_2259	0.48712146813795587	-8.968967014594304	10	10	0.8654637777141745	13.328834026850751	6	6	0.14593691553638583	-9.701099659496435	5	5	0.17032567808242083	-15.501171677424665	4	4
pseudo_226	0.04647206564976144	-9.410644857934706	5	5	0.05327201823685713	15.162777502068606	3	3	0.05609262466994438	10.402577547138966	4	4	0.9478549671208554	-11.34390067387607	5	5
pseudo_2260	0.9058930346079408	-5.543157341676501	5	5	0.3693715154055066	9.566455955694645	4	4	0.48971670610014906	-5.661459274121204	3	3	0.17603642558930854	-12.135933155869672	3	3
pseudo_2261	0.45715220408622026	-5.6383420314253625	5	5	0.37470328733451075	4.7036254407050455	3	3	0.5300918050446319	-1.5627462828811636	4	4	0.8394225267808086	-4.905411725077232	3	3
pseudo_2262	0.3871071357014988	-4.568078376209502	5	5	0.5702361423665083	5.330933640428086	4	4	0.07119643170404165	-9.273177075132237	3	3	0.10811115822010556	-19.32329010470578	1	1
pseudo_2263	0.6429712261369269	-7.452540340875387	5	5	0.039387464633321836	19.05342237586181	5	5	0.061868008870162645	-10.173581263772421	2	2	0.004077583205284026	-18.943450916954657	4	4
pseudo_2264	0.025093177106349816	-0.08579893879361904	5	5	0.0029358174248311597	-2.644288641805165	4	4	0.25245446359616475	-6.374720246693655	4	4	0.043809336614001826	3.0550418775788026	2	2
pseudo_2265	0.6452023614489277	-4.1714288187774455	5	5	0.6588167803021429	11.12203032862829	4	4	0.9680321007878743	-0.17326143240169523	4	4	0.5607347604558015	-7.810625292556186	3	3
pseudo_2266	0.15966461808853205	-8.840166515230296	5	5	0.9394966891815054	4.786008006384294	2	2	0.3456222384697707	-5.211928788885713	2	2	0.28925131733010245	-10.582447621200387	1	1
pseudo_2267	0.5871597016285692	-8.519604403684758	9	9	0.423806344546392	1.309412364097189	6	6	0.7585759433506603	-3.4875332190899937	7	7	0.2250710066276661	-4.07792439659691	6	6
pseudo_2268	0.9305842668641006	-5.4884637053717436	5	5	0.7895698055667162	9.824733285778327	4	4	0.27446258477495733	-3.697560670460998	3	3	0.27500929693524734	-9.185847573674447	3	3
pseudo_2269	0.3905317912172386	-9.090665846575119	5	5	0.5590134710819445	5.119918150411322	3	3	0.1271235338081279	3.3610427294959755	5	5	0.16001715967127494	-0.9862263392840595	4	4
pseudo_227	0.7042797255876492	-1.4293268065377933	5	5	0.5636638095829386	-0.03185078318412682	4	4	0.6279048048533287	-2.383045539861881	5	5	0.4842971604966001	1.081773082757305	3	3
pseudo_2270	0.01054901113957099	2.3372882124410554	5	5	0.2568241946791231	2.107023715154669	5	5	0.11566858574724448	-10.124982446751732	5	5	0.8534448419467351	-4.127207990752855	2	2
pseudo_2271	0.078261831720155	1.1236026751217503	5	5	0.2604732077473969	4.685278977953852	5	5	0.41540523352219083	-7.8654736182839216	5	5	0.9415243127734115	-7.349241898947021	4	4
pseudo_2272	0.22980134989126377	-6.726341700825073	5	5	0.34101819685260504	15.94121808933239	5	5	0.1251550509161814	3.4679154760075446	5	5	0.870017376108756	-8.334018716529306	4	4
pseudo_2273	0.35934893183635597	-6.164079106115659	4	4	0.3237739636801802	9.378124545742937	2	2	0.6900651766865455	0.483824099564473	2	2	0.4080975662807528	-8.735984847904882	2	2
pseudo_2274	0.9503866340646998	-2.112317395547235	5	5	0.6518081506179378	2.6870891668603716	4	4	0.23097798223560673	-6.293952422145801	4	4	0.955166061730401	-4.859573895775112	2	2
pseudo_2275	0.8130906556898387	-2.5110840502260174	5	5	0.07495396088011429	-1.8271559240590811	4	4	0.15546481918202434	-6.828165038072334	4	4	0.5685165379138545	1.0002870196003046	2	2
pseudo_2276	0.3411044658288359	-1.8292452807272905	5	5	0.16083260760972973	9.702730538107355	4	4	0.9184250251325162	-2.699898797604588	4	4	0.14389470009725283	-12.171690487270402	4	4
pseudo_2277	0.3974361034306422	-8.332831919230347	5	5	0.6450110118633418	5.948081568899657	3	3	0.31638530595123227	2.956542802717721	4	4	0.20828126500143163	-4.411925023671932	4	4
pseudo_2278	0.8862040745983679	-4.893108438854295	5	5	0.8661504309338228	0.5015539990650263	3	3	0.3642660556920527	1.4645160899223535	3	3	0.46013351195390617	1.1212776891309086	3	3
pseudo_2279	0.5236098939783312	-5.19367963715552	4	4	0.9175634729307438	4.200227395685824	2	2	0.9260715187109179	-0.3074294834076838	3	3	0.5050175619871264	-5.257839606843231	2	2
pseudo_228	0.6631640023948331	-6.676377715278101	5	5	0.1471890763755127	11.672990520270906	3	3	0.9917740812352782	-0.3289937735226556	3	3	0.2166806625969988	-11.843522440163158	3	3
pseudo_2280	0.667685504545382	-1.5564435956106326	5	5	0.761921704158004	8.468415310607751	5	5	0.4455994616750272	-3.5405776946977325	5	5	0.36357366278837844	-8.838158616540701	3	3
pseudo_2281	0.05772923862205769	2.3194655879374024	5	5	0.3962803788209527	1.2573152979592999	5	5	0.24280901497632057	-9.84819377195258	5	5	0.48471335452336484	-1.731334485992278	2	2
pseudo_2282	0.11834605372700109	1.720063088237535	5	5	0.016892373937907153	-2.4730218496700958	5	5	0.45994631844167266	-8.955561503681713	5	5	0.01943028795326563	3.700478465340119	2	2
pseudo_2283	0.562820165339881	-4.21808705691012	5	5	0.512440202821652	4.289936746636399	4	4	0.9325745967343774	-0.13958441859725954	4	4	0.4681122442692611	-1.4600563945558427	3	3
pseudo_2284	0.37359262846377905	-1.354580226628044	5	5	0.9241437066926335	5.483387561246269	5	5	0.7687693726845978	-0.6100400622478046	5	5	0.7735198011655687	-2.775628740660403	4	4
pseudo_2285	0.23514784076576145	-8.053291177485299	10	10	0.2947730740476162	5.745853997171608	7	7	0.21358288038882234	-10.593532327501617	8	8	0.9478549671208554	-11.716945873789706	5	5
pseudo_2286	0.6722186881388508	-5.7886345586290835	5	5	0.8397132531802258	2.9656648123144715	3	3	0.5889924067044334	-3.0826394028543134	5	5	0.4289911441296608	-1.3235832959972906	3	3
pseudo_2287	0.08147429073431367	-1.0654325234002215	5	5	0.2269741721077786	-1.187550369839295	4	4	0.08977727463534967	-10.10886883252025	4	4	0.6567405678600139	1.15283754165708	1	1
pseudo_2288	0.8470483286501816	-7.675083607171566	5	5	0.9419791711232611	11.318135601211836	4	4	0.24878155895041998	6.281932799475339	4	4	0.3468258600187204	-8.117584422082455	5	5
pseudo_2289	0.1809756498243159	-9.83585053802407	5	5	0.12386530664435164	-1.813533024445399	2	2	0.6170464344927116	-4.374212669451561	2	2	0.11320498049005649	3.2922795929259134	1	1
pseudo_229	0.6186461196194168	-2.0130399164914814	5	5	0.44618504707442797	-0.8018850391831069	4	4	0.9680321007878743	-4.849781600512232	4	4	0.3311433768670189	1.553426588904145	2	2
pseudo_2290	0.1652789765130741	-7.422461840101732	5	5	0.02864570823733528	15.864738263074381	4	4	0.03756890075046263	6.558440016324474	4	4	0.5385241945222166	-9.509657965548682	4	4
pseudo_2291	0.6452023614489277	-3.7580548362627866	5	5	0.903545861800539	11.55349621945779	5	5	0.9325745967343774	-3.4735654168739405	4	4	0.9426801010511117	-7.858281966859312	3	3
pseudo_2292	0.9305842668641006	-3.921950918953396	5	5	0.7701690854235015	2.0389764520271956	3	3	0.6023701911153629	-3.7750273062590156	4	4	0.8804963658850083	-5.037624547024227	3	3
pseudo_2293	0.19345559047541017	0.5048106615078071	5	5	0.5974903878847662	6.483648686130714	5	5	0.0373669967114472	-9.695225537405767	5	5	0.09297945296699121	-13.603006685830591	3	3
pseudo_2294	0.822760004981562	-5.578498541051132	5	5	0.5819096789887162	0.017430358433145738	3	3	0.9043012416170285	-3.4697311664524917	4	4	0.14602828431015114	2.1011331818850927	2	2
pseudo_2295	0.9454326877333342	-6.317777254013738	5	5	0.29237736694890715	10.216922174188118	4	4	0.5418259833965873	1.2875037006615917	4	4	0.9235804246070363	-8.403864246947807	4	4
pseudo_2296	0.6858905325138384	-4.4793893579123365	5	5	0.49306782262246085	1.8174813190037564	3	3	0.9746457728001827	-3.820975829957091	5	5	0.2862174247796564	-4.403245870874533	4	4
pseudo_2297	0.1436865330860503	-8.166246573357272	5	5	0.18752274835270577	10.306623459006605	2	2	0.1368926267646654	-9.512288930434568	2	2	0.025039490876894808	-19.660377408132362	2	2
pseudo_2298	0.177410651875763	-1.4467394012570718	4	4	0.3118722054478731	1.6622796961174238	3	3	0.17030977959402416	-4.327470985265442	3	3	0.955166061730401	-3.906224291913448	2	2
pseudo_2299	0.10638785828540684	-8.012409930489488	5	5	0.18752274835270577	12.984215228078117	2	2	0.026649327677388326	7.581281507604469	3	3	0.6614247079056851	-3.8383785010755846	3	3
pseudo_23	0.38370067948961983	0.5060140733778775	5	5	0.8219365631225619	5.650021791461278	5	5	0.1819248508303809	-9.200548607603096	5	5	0.2574479241936739	-13.156826419022497	2	2
pseudo_230	0.37359262846377905	-7.426617458848149	5	5	0.9910346135778847	3.6721153573277068	3	3	0.41537140478181456	1.33053128772717	3	3	0.5695750601483558	-2.1832684713269557	3	3
pseudo_2300	0.45527178357639975	-6.642708467132148	5	5	0.21239478776469056	10.169479032619419	4	4	0.18013554819527433	5.524522746779858	4	4	0.7975092115316317	-8.926561101867895	5	5
pseudo_2301	0.5256520985369073	-3.468710701902936	5	5	0.5968838773532403	6.10356014937399	4	4	0.3428856594350068	1.172823267161476	4	4	0.7053885889066944	-5.011669657205954	4	4
pseudo_2302	0.2817359933119614	0.7748280930425272	5	5	0.28701997893154996	10.494538868288307	5	5	0.5406657212648203	0.903961839142414	5	5	0.5228785375139732	-9.291196786033682	5	5
pseudo_2303	0.21106319262628104	-8.978368354914293	5	5	0.27865962236932107	-1.4335623669111408	2	2	0.4962198033293397	-3.400468222219546	3	3	0.18244868960351712	2.569060006128529	1	1
pseudo_2304	0.9256399007906221	-2.9395099446460695	5	5	0.34406039449213544	9.087675172079175	4	4	0.6918745031735067	-2.8885577450916364	4	4	0.25672416509120977	-12.02966259281044	4	4
pseudo_2305	0.42886267278186363	-1.0543164333986967	4	4	0.6210138228290025	2.6451455856990065	3	3	0.24821231344762062	-4.060320347522211	3	3	0.5362940865006103	-4.9797971696709755	2	2
pseudo_2306	0.18064975620054113	-5.89972999821195	3	3	0.23253170799615996	11.419092394699087	1	1	0.055126540690332876	7.662517178555414	2	2	0.37266192245426943	-2.2707927595051256	2	2
pseudo_2307	0.542015286216004	-6.1881088824211234	5	5	0.8134556994139727	3.0241293258504105	3	3	0.6918745031735067	0.5045145005336581	4	4	0.9218943098203574	-2.6089816178761756	3	3
pseudo_2308	0.10706412861510464	1.4230976605861703	5	5	0.016892373937907153	-2.0421975064336277	5	5	0.3053751270819315	-6.257744223319073	5	5	0.07869231128228114	2.0713655113837093	3	3
pseudo_2309	0.3164579746738626	-1.6018747710962327	5	5	0.3246288487294027	1.9850024277416558	4	4	0.12911572235697086	-3.3804240589081433	5	5	0.7419348757734384	-3.5767160367895547	2	2
pseudo_231	0.6904709364093857	-4.856012120658346	5	5	0.7304672979806208	6.210118206105162	4	4	0.40501306695312633	0.8838587610124686	4	4	0.4597952789439739	-4.747043632557371	4	4
pseudo_2310	0.14712676720397835	1.617650759124519	5	5	0.7161941739108411	9.653182742281269	5	5	0.639221981166468	-3.108250053167352	5	5	0.7209507424395869	-13.430480024475001	5	5
pseudo_2311	0.30458494656321145	-1.2109649878199003	5	5	0.9310216668684299	9.018303377572424	5	5	0.11597579227112133	-9.909705713846199	4	4	0.28667092223792345	-12.194676828285685	3	3
pseudo_2312	0.0836747787193495	1.319283125295426	5	5	1.0	6.004069543389092	5	5	0.7870461113505021	-3.059852056837661	5	5	0.7562990515506363	-5.945035377013905	4	4
pseudo_2313	0.5135479348241209	-5.613776537333941	5	5	0.33425358713590403	9.477529478855176	4	4	0.7886562783509201	0.25931563756175263	3	3	0.3179183394988778	-9.59050053694091	4	4
pseudo_2314	0.6186461196194168	-4.181431176070854	5	5	0.3798121005542555	-0.4186956653096707	4	4	0.6085885883704785	-1.7870927018624219	4	4	0.05715442392178442	2.390598021498267	3	3
pseudo_2315	0.3134619632573624	-9.429830921647925	5	5	0.22491515640362558	9.50351647463753	3	3	0.2790155351734529	3.6561379394626456	3	3	0.546002570572736	-8.716445950685928	4	4
pseudo_2316	0.6950627034372938	-4.213226496211337	5	5	0.672923790169198	5.276318615317307	4	4	0.20125065852415136	4.448064150027783	4	4	0.3518363522262342	-0.8982533276219176	4	4
pseudo_2317	0.5925787624647025	-8.560041087248461	5	5	0.8485071080769009	8.227285833503098	3	3	0.9342660210685179	-0.1467543057870373	3	3	0.5153352157599448	-8.775448855996508	2	2
pseudo_232	0.5502908830969242	-4.373415973130453	5	5	0.8651469128915928	5.676486518496424	4	4	0.9753257206757122	-2.542765053992278	3	3	0.8496543587182086	-5.030692416419307	3	3
pseudo_233	0.6950624286907301	-5.426217325639878	5	5	0.5145769424974942	6.318904838686541	3	3	0.29062256843938306	3.9693562673439717	5	5	0.9638861952698493	-7.862413904076859	5	5
pseudo_234	0.9603000903686151	-5.395014213902951	5	5	0.10088970358088233	-1.3932609383779226	3	3	0.7722433747642534	-2.182327015409041	4	4	0.4522314512452923	0.149144444684335	3	3
pseudo_235	0.3317217910201653	-3.830897091414672	5	5	0.4720499515287142	1.6205949621979592	3	3	0.476849308594961	-3.3217148390275733	3	3	0.7298273652942457	-4.288817396343283	2	2
pseudo_236	0.3225075809995689	-7.982372169814234	5	5	0.6940884537482618	0.23051765738829744	2	2	0.577710879483784	1.0180987285246852	3	3	0.5153352157599448	1.2001624493528489	2	2
pseudo_237	0.676764407922728	-8.1316449240727	5	5	0.40375869582884427	-0.9442995168321868	2	2	0.17354552565998282	4.015682439967676	3	3	0.06065776510903126	2.21547815680633	3	3
pseudo_238	0.11121980784533836	1.4723898274088871	4	4	0.9574340344660829	5.787220171873183	4	4	0.7316909117782104	-5.7895084166934465	4	4	0.500780752311927	-8.617408982434716	3	3
pseudo_239	0.35711571112788787	-5.2860890549255135	5	5	0.5218210221689491	10.545637882596651	5	5	0.5780821664755312	3.3245897313356565	5	5	0.6425805105263069	-3.8291020606389474	3	3
pseudo_24	0.5723445897522703	-5.352544657893748	4	4	0.8661504309338228	4.641927471767869	3	3	0.3025481859798924	-3.847695290229719	3	3	0.9183138201770958	-6.800850807322908	1	1
pseudo_240	0.44408014227857784	-5.761337803115094	5	5	0.486006655545813	1.9869847541616512	3	3	0.45790032772574185	-3.748416551261649	3	3	0.7298273652942457	-3.817231174328347	2	2
pseudo_241	0.1769514236313099	1.4681880882272111	5	5	0.3029828090388741	-0.9281113532293475	5	5	0.685313927525409	-5.845649917793188	5	5	0.24728688575955604	1.472640462616382	3	3
pseudo_242	0.5373141504114269	-3.9342611912822405	4	4	0.9462472744390631	5.383720306093246	3	3	0.27528492774732205	2.429532996370138	4	4	0.5175570596062204	-2.328996102303359	3	3
pseudo_243	0.360374094036118	-0.6379795550618169	5	5	0.5736823039162351	8.261620664699052	5	5	0.8988385803226919	-0.6193234946222033	5	5	0.8611413923233626	-5.547248899719655	4	4
pseudo_244	0.9751813131641581	-2.3513268257295614	5	5	0.16083260760972973	1.1145926102700265	4	4	0.2561649935848326	-6.356111742117242	4	4	0.4454669683385002	-2.481543520480661	2	2
pseudo_245	0.6496739572048208	-1.71140930493194	5	5	0.5218214434037967	9.814303913126581	5	5	0.2872132294336869	-5.9826752517298525	4	4	0.13105958906146978	-10.243580417245775	3	3
pseudo_246	0.6274452496840538	-1.8635269133937555	5	5	0.5062122435155483	9.126642746183178	4	4	0.6820468072305224	-2.4259051220228183	4	4	0.3109832858349705	-8.702774083492018	3	3
pseudo_247	0.3636508899901205	-6.015884358006566	5	5	0.11831183145063351	10.178192240361389	3	3	0.7728296351287576	-2.6271290621900927	3	3	0.11823409095379275	-12.6470057042779	3	3
pseudo_248	0.2627211602658863	-0.7530795928056144	5	5	0.7685269399038692	12.451115061959486	5	5	0.8925532206199256	0.12146440044227784	5	5	0.6639383217126111	-9.579636734296194	4	4
pseudo_249	0.1419897154729345	-1.0981597420667246	5	5	0.6378832840984665	2.217676682124273	4	4	0.9538375681389846	-1.3685302639078734	4	4	0.9954978597980527	-3.4278913477585644	4	4
pseudo_25	0.6429838062858453	-1.7892744994591432	4	4	0.5001835845228213	1.817335971591539	3	3	0.8134277635089677	0.2861424667239068	4	4	0.3366181506921624	-1.2064176335651722	3	3
pseudo_250	0.8714828280875104	-4.512703646570206	5	5	0.5590134710819445	6.153977832806352	3	3	0.6337427120038525	0.8422042540629414	4	4	0.9530885481507942	-5.429560811764364	3	3
pseudo_251	0.5670269230765042	0.39783267546812634	5	5	0.5736823039162351	2.1643222231241723	5	5	0.7627050210277373	-1.8038411712297189	5	5	0.3941938274343686	-1.6494438614634834	4	4
pseudo_252	0.9652592177553657	-5.514299860335782	5	5	0.5145769424974942	2.059252207999353	3	3	0.2882748101447493	-6.182625919683765	3	3	0.7909786289519256	-7.284724588225403	2	2
pseudo_253	0.2319221830474011	-9.25893177189112	4	4	0.35876028800311355	9.554099969647556	2	2	0.25721275682761613	5.0457451430689915	2	2	0.7058159981702965	-4.350039228304984	2	2
pseudo_254	0.6858905325138384	-2.1331707358761505	5	5	0.634019381130687	5.246222624917437	5	5	0.37076418310577175	-6.515581756460254	4	4	0.859912066115945	-4.922063490442919	3	3
pseudo_255	0.6541582083470081	-8.086031742690695	5	5	0.8749977433549524	4.771925778165626	3	3	0.1744162205072105	3.8029375127411345	4	4	0.22656426869830748	-0.7842300774888523	3	3
pseudo_256	0.3240313932447557	-7.378390617384731	5	5	0.9373056282119494	5.659523002894474	3	3	0.11597579227112133	7.7670158238045035	4	4	0.28114911130345055	-0.8545958274838549	4	4
pseudo_257	0.9108247831035664	-3.861449783560238	5	5	0.09999348038522843	-0.807822942866944	4	4	0.9114279647117377	-3.3468939981714723	5	5	0.05888446655723167	2.4100728181594255	3	3
pseudo_258	0.23712480677415515	-2.098774461917996	5	5	0.672923790169198	6.159201298791619	4	4	0.7116844201290657	-5.5639537812568	4	4	0.5607347604558015	-8.148099685128207	3	3
pseudo_259	0.4044135042915773	-8.490314567427419	5	5	0.40568305810496186	9.237657682089049	3	3	0.8285928021185862	0.019565118822539418	3	3	0.2642592074011081	-9.541527491961068	2	2
pseudo_26	0.9392263457809199	-8.98870608362315	10	10	0.4668737090231635	15.562296827663246	7	7	0.8150980936696266	3.2098731490715227	7	7	0.5627071071064176	-12.375291479241051	7	7
pseudo_260	0.6230389567030741	-4.646477223697403	5	5	0.9497042377088097	8.34403160836871	4	4	0.025952215109365993	-9.985958591388439	3	3	0.043809336614001826	-18.701836651885902	2	2
pseudo_261	0.9702196892629831	-5.601140622999817	5	5	0.1471890763755127	-1.4942990345365341	3	3	0.3049716279105069	-6.098227654430571	3	3	0.39274518286822935	1.8557372538328387	1	1
pseudo_262	0.2627211602658863	-1.3304575562358043	5	5	0.022865936932970753	-2.134819508108808	4	4	0.6166744574342458	3.0178487812091572	5	5	0.03867122754830412	2.8299344042907024	5	5
pseudo_263	0.10045719029367753	-1.1168747062782038	5	5	0.4519992407624175	4.350548527782574	4	4	0.08166548131113395	-7.209468133627595	4	4	0.3775440420812346	-8.77701466208954	3	3
pseudo_264	0.3669462599849117	-1.3139917530398384	5	5	0.17893197094248248	10.778632814623116	4	4	0.34743696798012036	-5.87166999337978	4	4	0.06819899338319785	-13.308999975150181	3	3
pseudo_265	0.054525670984388666	1.2734653962308384	5	5	0.8830127301173853	9.36783474759603	5	5	0.5889924067044334	-5.405437847181411	5	5	0.3460295858785828	-11.705599353717034	4	4
pseudo_266	0.24473180999171085	-7.766565369757177	10	10	0.10626375591726767	1.6970175059426147	7	7	0.1305707056048832	-3.3118152985887908	8	8	0.6476331680190908	-3.4148972412219227	4	4
pseudo_267	0.5935517714367696	-9.97044159387085	10	10	0.11921608504518488	9.71604544653112	5	5	0.20676537155375874	4.148214813347856	6	6	0.7660340468636584	-8.933489868913037	6	6
pseudo_268	0.6318648686720789	-4.9916874201650545	5	5	0.018289560237971455	-2.1147929760682893	3	3	0.20440875029006234	-3.646563256699059	4	4	0.24050770658863718	2.32157660382925	1	1
pseudo_269	0.5733650237770647	-7.855037895416281	5	5	0.35876028800311355	9.183552071169473	2	2	0.9949497205902303	-0.05206383271968493	2	2	0.4080975662807528	-9.077300305615577	2	2
pseudo_27	0.5015903276820892	-2.604755641310531	5	5	0.9883859983561083	2.8535930047527582	4	4	0.14158208065493644	4.24435750327579	5	5	0.4843743124461125	-1.7430188436321454	5	5
pseudo_270	0.4781244693117621	-1.3483543423761855	5	5	0.6588167803021429	6.6038034064477555	4	4	0.512735901472438	-5.61927052162689	4	4	0.3109832858349705	-9.300487361385427	3	3
pseudo_271	0.6186461196194168	-2.08281139991131	5	5	0.8575213695682062	5.7705904420661085	4	4	0.48448137062362273	-3.279321553257146	4	4	0.9530885481507942	-5.352003511553337	3	3
pseudo_272	0.40091568705679337	-1.9465403425364476	5	5	0.9310216668684299	7.595765030614068	5	5	0.9177312059280015	-1.3090441746424146	5	5	0.9325480838395456	-5.924098859289466	4	4
pseudo_273	1.0	-2.760001498206035	5	5	0.8575213695682062	2.889408884622993	4	4	0.473420456215233	-5.388955578680555	4	4	0.9739276904749025	-5.72518405371585	3	3
pseudo_274	0.41649052056481806	-9.772968114834015	10	10	0.8840928923642685	5.5837723684737925	6	6	0.4638339179611396	3.3316355963125375	8	8	0.8031479924279727	-6.296841715988866	7	7
pseudo_275	0.38031299647134453	-1.5250964689671236	5	5	0.7451089369951867	5.996310457354919	4	4	0.10221004818807346	-9.299471882302802	4	4	0.1746775905664011	-13.586026160954997	2	2
pseudo_276	0.3104912085412872	-0.9802244519630712	4	4	0.91053256242075	5.628194743193371	3	3	0.09285921969770555	-6.892878831397141	3	3	0.07859415876116457	-14.49624849009503	2	2
pseudo_277	0.9669860479402762	-8.408756813525981	10	10	0.5963144217975056	18.130302257879947	9	9	0.7738800255190292	-3.2089697707185265	9	9	0.8891142748743053	-12.436961331828172	7	7
pseudo_278	0.30458494656321145	-2.086529235639488	5	5	0.11258984965888019	-1.4404701687640642	4	4	0.16745876782599167	-7.805292767717465	4	4	0.8408644267658066	-0.8245208202501728	2	2
pseudo_279	0.1030598777980849	1.2361326730063775	5	5	0.5974903878847662	2.214841429611052	5	5	0.7687693726845978	-2.330554601542047	5	5	0.3879605814828416	-1.4848197547095243	4	4
pseudo_28	0.7488033127891598	-3.7032368810550147	10	10	0.8282169078870474	12.440946737806444	9	9	0.8419862151895998	-10.11377042847416	9	9	0.5859078688536682	-8.540461318904425	6	6
pseudo_280	0.26007885709600986	-1.4331870484745786	5	5	0.8761850874286778	6.011161846335715	5	5	0.6722732257046455	-5.8995890188053215	4	4	0.8292175195021274	-5.4017807404421605	3	3
pseudo_281	0.9860967855708577	-5.142968461888561	4	4	0.8397132531802258	6.28839824630557	3	3	0.0886298121963569	-9.860110948853949	2	2	0.14783907250985104	-18.82192619199502	1	1
pseudo_282	0.12432635580662817	-0.7993084464131268	5	5	0.8489715023065556	8.814114400288439	5	5	0.4305960692707026	-6.1456321412569075	4	4	0.4138911185318803	-8.734534992768682	3	3
pseudo_283	0.7533558744270691	-4.735258690382485	5	5	0.4519992407624175	12.814943527015982	4	4	0.7316909117782104	0.7077007844795734	4	4	0.48765525145595867	-12.675312823956316	4	4
pseudo_284	0.8276048900878025	-3.6295704857094875	5	5	0.9961285445921516	8.827681954370371	4	4	0.9325745967343774	-3.245401193758351	4	4	0.8496546027760271	-8.12070867988684	3	3
pseudo_285	0.37026018100471525	-1.8786517203035633	5	5	0.8120701353897801	4.932343391660857	4	4	0.3250654430677995	-6.826779485421437	4	4	0.28667092223792345	-9.29174549286659	3	3
pseudo_286	0.9355313135407318	-4.257399670579622	5	5	0.049250189904029004	-1.9124626921247863	3	3	0.6400994920987608	-3.658809104191136	4	4	0.09014186383850137	2.3430590286724264	2	2
pseudo_287	0.10571590343990923	1.10957859408125	5	5	0.690502183111606	5.787736146552355	5	5	0.8363347198578763	-5.690909344059587	5	5	0.9594979328990745	-7.8244117106948865	4	4
pseudo_288	0.24969341805746303	-1.3412807352526936	5	5	0.03564192263660783	-2.076720220250335	4	4	0.9873212857805898	-3.279100807895208	5	5	0.04619148693047574	2.48265333300384	3	3
pseudo_289	0.13053982495031868	-1.8979369524436185	5	5	0.8347267372086834	5.730524991202235	4	4	0.49440689261264825	-3.8140751784076996	5	5	0.3289781057064355	-9.547577345442022	4	4
pseudo_29	0.11544172304480124	-8.279829132953692	5	5	0.12370046851451348	9.968778782437317	3	3	0.23798764051537058	2.682542256328539	4	4	0.8394225267808086	-5.936675908199882	3	3
pseudo_290	0.32481324691972724	-9.399793855705212	10	10	0.7214573063416067	11.544481199861908	7	7	0.32921706211377655	2.942428132143331	8	8	0.43912496105810683	-4.765400079917349	6	6
pseudo_291	0.5338020968763408	-1.3010732730133237	5	5	0.6095604445252153	12.270040905516623	5	5	0.7326081083522966	0.08928928312167288	5	5	0.6398800306989456	-12.02243602412137	5	5
pseudo_292	0.8130906556898387	-7.829996485990935	5	5	0.8749977433549524	5.796222150523448	3	3	0.3852163569318551	3.1638177813899357	4	4	0.6997523304332391	-2.0955968896748094	3	3
pseudo_293	0.3769435762004306	0.33250829598606096	5	5	0.8421948245554784	6.1223593712898845	5	5	0.8487661492426557	-4.920264124094561	5	5	0.9594979328990745	-8.291904459741055	4	4
pseudo_294	0.8519242616010545	-4.907347206530427	5	5	0.3013643756595116	13.680336028929382	4	4	0.7105225755426272	0.24950682209031083	3	3	0.30179087500327006	-12.064837245962442	4	4
pseudo_295	0.4976374693697522	-7.9857732788024665	5	5	0.9820703590691865	5.184305046842968	3	3	0.30785869550560074	3.125764253225197	4	4	0.3366181506921624	-1.540520679952736	3	3
pseudo_296	0.03769186201738443	2.0775155018294336	5	5	0.3867123504782699	10.343767735200315	5	5	0.15039354332151236	-9.237027687759296	5	5	0.09827198119719432	-15.945110003799826	4	4
pseudo_297	0.8702221503434396	-9.658244019439897	10	10	0.7436480891994354	10.041104666791501	6	6	0.4627334290644589	-5.358804865897189	6	6	0.6113740096888745	-12.274002981062397	5	5
pseudo_298	0.1414570152927972	0.8663142490651367	10	10	0.8633652989568477	10.849038428050216	10	10	0.5620208569694143	-10.099165168677615	10	10	0.78574240439014	-13.92681496892291	8	8
pseudo_299	0.5297192094115657	-5.275434079009958	5	5	0.759843249062373	5.601389301004538	4	4	0.15034818982381962	-10.252715002060194	4	4	0.35599598885623307	-9.756087387859901	1	1
pseudo_3	0.6586549765979004	-2.1504192044426302	5	5	0.6309680799450805	9.518115483828367	4	4	0.5900201096898269	0.5174197679825988	4	4	0.9325480838395456	-9.191845005099031	4	4
pseudo_30	0.9355313135407318	-2.6352775704995204	5	5	0.7304672979806208	6.744576671121739	4	4	0.6085885883704785	-1.7401626078855248	4	4	0.5432560717039489	-4.105210266372018	3	3
pseudo_300	0.7699502963985528	-2.1205526809478177	5	5	0.9111406646498671	6.031938814831892	4	4	0.8342229300893211	-1.960410534955732	4	4	0.7586785504415519	-5.304415285942853	3	3
pseudo_301	0.32863166060842497	-5.9743659935881235	5	5	0.24225350841890403	10.087527604172609	4	4	0.9538375681389846	-3.083092551358428	4	4	0.3236353498215411	-9.544633882732457	3	3
pseudo_302	0.40792951455819493	-8.584700860521513	5	5	0.7772464278740601	3.7913187970513507	2	2	0.38084704736031005	-3.752921121133669	3	3	0.8660626408883095	-8.224467831401927	2	2
pseudo_303	0.7462783383973426	-6.038403315401169	5	5	0.41849150319104855	2.1033900850529768	3	3	0.5990257924573887	-3.1660773218640568	3	3	0.9168442200344347	-4.118589757436854	2	2
pseudo_304	0.7462783383973426	-4.2275056473822366	5	5	0.5001835845228213	1.9289613381209338	3	3	0.6876223003174482	-2.8189615856662087	3	3	0.6356001460143301	-3.1287542831025954	2	2
pseudo_305	0.9851072364657993	-3.069706931246909	5	5	0.7086892841096155	5.387118632485169	4	4	0.9556455018001118	0.7267559864451841	5	5	0.7306957467461217	-4.562618236020558	4	4
pseudo_306	0.4044135042915773	-4.224038717916059	5	5	0.38691557268187815	-0.7511718583008579	3	3	0.5918812633143121	-3.1422251466836943	3	3	0.6356001460143301	0.9915126707250197	2	2
pseudo_307	0.8082665460035463	-2.558336202985812	5	5	0.12549702393359616	12.429329030559765	5	5	0.08184614396771564	5.851600502581836	5	5	0.9879584090468192	-7.78607878817697	5	5
pseudo_308	0.029425099618415912	1.9529750650678441	5	5	0.12337546813083275	1.3536471921332829	5	5	0.15039354332151236	-10.071694428753041	5	5	0.6470987182283356	-2.8112696332787093	2	2
pseudo_309	0.7557198205586574	-5.385484076885881	5	5	0.3059261486361967	11.982926870588088	4	4	0.473420456215233	-2.8574565543299664	4	4	0.15991654473201622	-11.948450125164293	3	3
pseudo_31	0.2273965614182124	-8.284272434793065	5	5	0.5032902174367295	8.932334428388062	2	2	0.4982344797076568	3.495274481635068	2	2	0.5685165379138545	-5.278744348479413	2	2
pseudo_310	0.4367071394043638	-1.3190360332809814	5	5	0.10825899539685407	-1.5648555236250854	4	4	0.24154824800675634	-6.701022439947157	4	4	0.3311433768670189	1.5893090389842337	2	2
pseudo_311	0.2987605541911106	-6.211390053081787	5	5	0.737776224888011	6.013270200485739	4	4	0.09852552795545856	4.920323001383299	4	4	0.2663113324622022	-1.0840942608776984	4	4
pseudo_312	0.7986403367560554	-4.48864151674406	5	5	0.7159232287040406	4.716080964442903	4	4	0.131158318757052	3.7701845806850627	4	4	0.12345389939603775	-1.1527067811690046	4	4
pseudo_313	0.025093177106349816	1.9092100961228242	5	5	0.134268617438573	-1.7525250219163795	5	5	0.504500456314138	-4.849781600512232	5	5	0.3918404758014934	1.092884342290347	3	3
pseudo_314	0.10842594060167127	-1.530940534760436	5	5	0.10739643209603474	4.41517421248915	5	5	0.2872132294336869	-6.549155108938334	4	4	0.4842971604966001	-4.2404958468088365	3	3
pseudo_315	0.6996654125402837	-1.4769506073803684	5	5	0.5636638095829386	2.7200707895022043	4	4	0.7506202565231375	-2.8691370421286027	5	5	0.7586785504415519	-2.347746527497899	3	3
pseudo_316	0.47043799384407836	-6.903528421904883	5	5	0.7445274219063759	4.069450512550109	3	3	0.7966028859498259	-2.2896948875004277	3	3	0.7058159981702965	-5.253106747137109	2	2
pseudo_317	0.8373141282981791	-3.0159766671091446	5	5	0.9188395025106885	6.476636999961907	4	4	0.5838888302521642	-6.306833526860366	4	4	0.5685158900497815	-8.634676001112464	2	2
pseudo_318	0.6055492789631625	-2.083599114487876	5	5	0.12883076283466469	10.236316650224587	4	4	0.3338990682662064	-5.405102604002945	4	4	0.055767234750508515	-15.425014703738471	4	4
pseudo_319	0.9157599695600442	-5.155445929391987	5	5	0.7530448034391494	2.369739076524009	3	3	0.39082711534300996	3.3064537839251003	5	5	0.16339957667531513	-0.7811971659828408	4	4
pseudo_32	0.3506553571576182	-9.354569521305008	5	5	0.7024263634168448	5.196484599752921	3	3	0.6715037276865381	-0.6809282131652639	2	2	0.9322814328926539	-5.429457132966058	3	3
pseudo_320	0.27896807686783753	-9.305963038834312	10	10	0.47248370607029855	12.352730027122258	5	5	0.9855690337702191	-3.706283011113402	6	6	0.8225090829933487	-15.880118570871254	6	6
pseudo_321	0.27347539741133764	1.0560032578911958	5	5	0.9172714128232853	2.9820318270157933	5	5	0.7446005333242797	-2.3738849152555503	5	5	0.6395429335016928	-1.9921965363732472	4	4
pseudo_322	0.08592314605784732	-0.15752343201508534	5	5	0.3726273422727482	7.447019381858266	5	5	0.04923825545851261	-10.725565532273677	5	5	0.21913857682311433	-13.581237777723278	2	2
pseudo_323	0.24969341805746303	-1.0320710524505348	5	5	0.5506297225103027	2.68576065566083	4	4	0.08483583229213215	-9.039956378180488	4	4	0.9041086739579434	-7.976924132673296	2	2
pseudo_324	0.5379008217646373	0.15593001214457294	5	5	0.4940888514292332	3.401190518003737	5	5	0.7931650721559883	-5.110637917565612	5	5	0.32341741148779524	-4.3452929321112	4	4
pseudo_325	0.19775291308141218	-1.089549821858026	5	5	0.4940888514292332	8.298689383659417	5	5	0.04752822489079661	-10.665284517766608	4	4	0.5175570596062204	-11.26696671342223	3	3
pseudo_326	0.6586549765979004	-1.8267269074262205	5	5	0.8651470503055643	3.018971688942049	4	4	0.3294630759132753	-6.195388042211776	4	4	0.8283245204925728	-5.019420995399262	2	2
pseudo_327	0.3854963509889555	-8.813512428414052	4	4	0.8956928218066482	7.3040283960609065	2	2	0.14291535645597944	3.8962001267334614	4	4	0.4138911185318803	-1.404419956977047	3	3
pseudo_328	0.4044135042915773	-1.0670065284990204	5	5	0.3540489517073495	2.5781442274996684	4	4	0.5944827779439739	-3.982828508889755	5	5	0.5687419866077745	-4.8942082474571835	4	4
pseudo_329	0.07566411523790645	-9.117165410611504	5	5	0.9687763486620268	0.1573569207526173	1	1	0.18587115345822802	5.275522653253301	2	2	0.2574479241936739	1.7655617025265746	2	2
pseudo_33	0.36138508140615777	-9.583000360638655	10	10	0.21901753370388066	9.90399607543019	5	5	0.38446088052134963	10.73869825321244	8	8	0.9528753265056848	-18.39589352642532	8	8
pseudo_330	0.45903732131386654	-2.1994510248355277	5	5	0.42335870036441137	1.590347051076345	4	4	0.45994631844167266	3.9084083599104495	5	5	0.41220233675477636	-1.3118425851057225	5	5
pseudo_331	0.5297192094115657	-9.163125139800655	5	5	0.8134556994139727	6.365407147688788	3	3	0.5093629632027732	-3.5725765461093597	3	3	0.6470987182283356	-8.535572378480165	2	2
pseudo_332	0.5797368137990038	-5.730378220613489	5	5	0.5590134710819445	2.1451246892148936	3	3	0.8608695815428389	-2.0816195663573147	3	3	0.7298273652942457	-3.0548195486371332	2	2
pseudo_333	0.9702196892629831	-7.0042874440993375	5	5	0.44041367699358025	11.06081283519361	4	4	0.36602257881598743	5.438381019289583	4	4	0.739198500347517	-5.181060242523357	4	4
pseudo_334	0.5797368137990038	-1.9852093290643669	5	5	0.31118148106884724	4.2623993754834295	5	5	0.9873212857805898	-3.5367167919376574	5	5	0.34993123056735387	-1.0090236341891818	3	3
pseudo_335	0.014724980981295446	-9.87227695758616	5	5	0.23802469682165317	10.164442250570925	2	2	0.010188894506259843	9.587003946144652	4	4	0.6476331680190908	-2.0505473066580002	4	4
pseudo_336	0.13600615485404294	-10.051480621312189	9	9	0.39147862184227533	10.779840829212612	5	5	0.6615907277995947	-2.4240064698076265	6	6	0.20828126500143163	-13.094683867805585	4	4
pseudo_337	0.6186461196194168	-6.364006251518287	5	5	0.16014464495519076	10.181778046561318	3	3	0.29535648794769387	4.245353246531472	4	4	0.3636337746485804	-9.803765903849744	4	4
pseudo_338	0.8788382230914118	-7.564947355729306	5	5	0.6612191297896182	4.7918250956519	3	3	0.42687296891344517	4.048121213864804	5	5	0.23162492637043441	-1.3150687244397308	3	3
pseudo_339	0.1198195519755667	-1.1303388565853532	5	5	0.9729049155392885	5.674826349667831	4	4	0.1793379392074277	-3.3825516177356487	5	5	0.4925019824796658	-11.213233870909646	3	3
pseudo_34	0.6904709364093857	-7.861762329691007	5	5	0.38691557268187815	8.410743801955018	3	3	0.9424674944646407	-0.12756551256199944	3	3	0.4842971604966001	-8.379993716243435	3	3
pseudo_340	0.9751813131641581	-3.3721815618427566	5	5	0.41776076799471207	1.7449373527094452	4	4	0.9809829291243851	-2.587971257870544	5	5	0.9426801010511117	-2.662159674990743	3	3
pseudo_341	0.10571590343990923	-8.213931124518883	5	5	0.1209826775200991	10.254201967557606	3	3	0.3697422178874219	1.4383907379905854	3	3	0.30017156267093015	-9.438105491411836	2	2
pseudo_342	0.7651979256499206	-7.072926091337892	5	5	0.8485071080769009	7.856940132713549	3	3	0.8125587420508357	-0.5477281126944998	3	3	0.5260529796097602	-8.913019313801135	3	3
pseudo_343	0.2930109898368324	-0.8572465512565143	5	5	0.752464818944282	3.032868055918515	4	4	0.28319896262777244	-8.773714496780492	4	4	0.8283245204925728	-8.07927626921748	2	2
pseudo_344	0.47043799384407836	-5.27215769059459	5	5	0.15795551721759393	9.99452049910881	4	4	0.34439382546361674	3.3024494365001877	5	5	0.9325480838395456	-8.791711024321224	4	4
pseudo_345	0.9694188420880278	-4.904523463990705	4	4	0.24711785755020887	9.415076188766516	3	3	0.662296732380178	0.5502894924087213	2	2	0.44440666275458174	-8.720045206007478	3	3
pseudo_346	0.18506742871666204	1.6806844917672625	5	5	0.44107483050639085	5.344339975046772	5	5	0.26940660997831634	-6.18573543384552	5	5	0.7786563583951011	-5.680543221277695	3	3
pseudo_347	0.12585766303839893	1.1916484719221643	5	5	0.9585799326911743	2.8683968915611326	5	5	0.9619766598731511	-2.0299570325088623	5	5	0.9799320361226214	-5.114637358587461	5	5
pseudo_348	0.772373834514863	0.0530822064094	4	4	0.2053641620752208	10.28072103201657	4	4	0.8342229300893211	-1.9937836582766728	4	4	0.3636337746485804	-12.116189092019665	4	4
pseudo_349	0.29587623989555545	-7.511553775825395	5	5	0.040221976451824515	17.141302843058057	5	5	0.09678994582112556	9.399247827313586	5	5	0.5765560894769737	-8.908032484420637	5	5
pseudo_35	0.6950627034372938	-5.521053971354981	5	5	0.44041367699358025	9.228200288405725	4	4	0.21223260709792835	7.198062788953284	5	5	0.9799320361226214	-5.78870893695828	5	5
pseudo_350	0.23712480677415515	0.4481672716539487	5	5	0.5855301570288951	10.67552018475117	5	5	0.5999964215157774	-6.226913548258651	5	5	0.3941938274343686	-13.378462306511727	4	4
pseudo_351	0.4477931313487006	-7.610836377046257	5	5	0.5291826553376806	4.584049763345662	3	3	0.9506750723839498	-0.12846547055636104	3	3	0.590500028835642	-3.2829850188549354	2	2
pseudo_352	0.8359632263182303	-8.60292823415793	9	9	0.20322232989996136	-1.1167325127391863	5	5	0.6668443445185688	-3.5579496964739654	6	6	0.13786449136871085	1.8459309569606077	3	3
pseudo_353	0.7228434447781118	-5.06416391673326	5	5	1.0	2.8910824375852098	3	3	0.7654378655985271	-3.138265819476356	4	4	0.6128668279862757	-3.3627242039237766	2	2
pseudo_354	0.2830734758176008	-6.094360337318587	4	4	0.35876028800311355	-1.0795291637495792	2	2	0.6994171594807483	-3.9930622906047715	2	2	0.10811115822010556	3.5858408538934263	1	1
pseudo_355	0.8324563445374977	-4.769624084361238	5	5	0.9497042377088097	7.838219621973882	4	4	0.14815242802607906	6.533593320065882	5	5	0.5765566920195713	-4.433095287011269	5	5
pseudo_356	0.4515236990763176	-8.37966751092694	5	5	0.2848287340187803	9.688395778882736	2	2	0.2599132370496461	6.218130249040189	4	4	0.6804041513254775	-5.6298479373255725	4	4
pseudo_357	0.47043799384407836	-2.107178476055243	5	5	0.3059261486361967	1.7003822444368417	4	4	0.873739147174457	-0.3681284440475145	5	5	0.3071050850930711	-1.0472989987778198	4	4
pseudo_358	0.3216125153418865	-5.0870393323478735	10	10	0.5613994138880926	13.415841626525259	9	9	0.8009456951006135	-3.3510180843713164	9	9	0.49550553086655313	-15.938141057395027	8	8
pseudo_359	0.7415717424522612	-5.285799662179976	5	5	0.4249839944591046	1.7361254221583042	3	3	0.7859065919023601	0.1639278525512897	4	4	0.43284943323702774	-4.468111157526915	4	4
pseudo_36	0.7890446381929012	-2.8201860279426363	5	5	0.5187078775333873	2.741416050416816	4	4	0.042755355662848805	-9.486471936527726	4	4	0.09391203629376296	-20.39634242101397	1	1
pseudo_360	0.6231346866903025	-1.7629377990235042	4	4	0.903450076951705	5.733879323731055	4	4	0.512735901472438	0.6508261200254922	4	4	0.5091327089768307	-1.6283207932743853	3	3
pseudo_361	0.8348844175567391	-5.416190373642382	5	5	0.8309393614759716	2.5483535080873665	3	3	0.7586504149151788	0.5723556737628094	4	4	0.7388605626131051	-2.1560966303506626	3	3
pseudo_362	0.360374094036118	-9.561733026670822	5	5	0.7352795284897797	4.549907839116927	2	2	0.05166207594240912	7.7830560934782165	4	4	0.10780268478109778	-1.1857418980989476	4	4
pseudo_363	0.35711589357485674	-9.039175988283223	5	5	0.7145800531516097	4.631704459637435	2	2	0.5732054499596702	-4.541158322670123	2	2	0.4869832511686737	-9.347855956290148	1	1
pseudo_364	0.8702221503434396	-9.703125040577946	10	10	0.4614655756915761	12.238960520145755	8	8	0.25782221063401156	5.296481269956262	8	8	0.8530967041366003	-10.348480315268082	8	8
pseudo_365	0.676764407922728	-2.135689558639278	5	5	0.6378832840984665	5.865749326045645	4	4	0.6506237781443811	1.0667690018844846	5	5	0.3817877693051497	-4.899238735570519	4	4
pseudo_366	0.3152727052520121	-9.928395828559237	10	10	0.17893197094248248	-1.571313496405672	4	4	0.4074392370114056	3.674665878825445	6	6	0.01243043830360006	2.8223240539655436	4	4
pseudo_367	0.27484035915375526	-0.9048945141713688	5	5	0.44041367699358025	-0.13168188238350798	4	4	0.5889924067044334	0.9261116572175013	5	5	0.30179087500327006	1.439232942637539	4	4
pseudo_368	0.05307828593843954	1.2917734029463088	4	4	0.1820903479356254	0.7932911157666241	4	4	0.3036529482118424	-6.078055458274748	4	4	0.5685165379138545	-2.9561183053980473	2	2
pseudo_369	0.3016632091561201	0.712040501625217	5	5	0.609560082613219	1.5611284415382787	5	5	0.7870459482477525	-1.6878570492363394	5	5	0.19630055861580942	-1.1405243795886533	4	4
pseudo_37	0.5882836315998652	-5.570017790385827	5	5	0.05610284146173465	-1.8057798984522915	3	3	0.3731488392003942	0.4237757781532343	4	4	0.013236501697626161	3.1091353412350613	3	3
pseudo_370	0.752108109679899	-8.35209852542006	10	10	0.47134068695898246	13.534025452092706	7	7	0.5565480511461101	-4.215823764506497	7	7	0.141692226326956	-16.022076838358547	6	6
pseudo_371	0.5797368137990038	-4.900987241041636	5	5	0.6941098300813123	5.895573459369875	3	3	0.5477412942803188	-3.8666066311505056	4	4	0.2581315511465063	-9.446050076076913	3	3
pseudo_372	0.3669462599849117	-8.146396697687676	5	5	0.3444900172197465	-1.017038006007855	2	2	0.4823120430490684	-4.764804684101825	2	2	0.7932501047089533	0.9184420188033613	1	1
pseudo_373	0.2680612248718265	1.3138204207663167	5	5	0.6217376854373851	2.56537923719609	5	5	0.8549962013293507	-5.664181739439942	5	5	0.5175570596062204	-1.7686224447774244	3	3
pseudo_374	0.31048422718845337	-1.8721440445197697	5	5	0.2269741721077786	1.5705367819315093	4	4	0.5242735117016245	-3.109217966374821	4	4	0.28079900472908725	-1.4228508109486775	3	3
pseudo_375	0.021435200948593133	-9.359043678726039	4	4			0	0	0.11016360004768647	10.678239286771156	1	1	0.31049489359326643	2.07114223477509	1	1
pseudo_376	0.48712177964943404	-5.349986684264462	10	10	0.09565107460296489	1.4290230848651166	8	8	0.3160393164146408	-3.568720770884191	9	9	0.35723808919086764	-4.236690972317037	5	5
pseudo_377	0.5135477750442393	-8.035424247857252	5	5	0.4519761870989961	8.827341519309494	2	2	0.9646593715863747	0.06652040677231419	2	2	0.48471335452336484	-8.602505514263598	2	2
pseudo_378	0.5990481409239063	-7.875459813164068	5	5	0.6339920850514138	3.591998795928281	2	2	0.4455061121109073	3.2447779233594343	3	3	0.26367578338108444	-1.3846377347351702	3	3
pseudo_379	0.013504359689754422	-9.45473987722275	5	5			0	0	0.19010291189821804	9.636271641482116	1	1	0.16794574952004704	2.6162510893831747	1	1
pseudo_38	0.19345559047541017	0.8576912278480489	5	5	0.283119633772666	9.960067142801455	5	5	0.3206161352990974	2.1072869535881247	5	5	0.7820141062055154	-8.87488928880674	5	5
pseudo_380	0.13864230237263733	1.4102768761030824	5	5	0.0774271249583216	-2.2117068543374576	5	5	0.23961886834680957	-9.259400250210652	5	5	0.04551673828265738	2.979913708571396	2	2
pseudo_381	0.9454326877333342	-3.831944427435476	5	5	0.060409989295329175	13.810211097050399	4	4	0.7316909117782104	0.011285768133266908	4	4	0.15668795054200066	-13.91377037789279	4	4
pseudo_382	0.1486696144061192	-4.62756468106896	10	10	0.7368877698167084	9.843920264222202	8	8	0.09787427495240851	-10.200694095372173	8	8	0.21401036969749876	-16.16013378557801	5	5
pseudo_383	0.1769514236313099	-1.0802303632482086	5	5	0.759843249062373	5.745033241622181	4	4	0.042755355662848805	-10.278230102695558	4	4	0.19333789936056867	-12.58068455551001	3	3
pseudo_384	0.10842594060167127	1.2884877508993573	5	5	0.20016540646611736	-1.429311901558437	5	5	0.6621079281550658	-2.5847506825671114	5	5	0.11283509742616786	2.0999005730881866	4	4
pseudo_385	0.9139631232188312	-4.751218752541723	4	4	0.7231827651624472	10.220914430929023	4	4	0.12447276835180592	6.992713997619845	4	4	0.35770445094096925	-3.7718550109526574	4	4
pseudo_386	0.7986403367560554	-2.878922498947077	5	5	0.8625579054899102	8.878409310390603	5	5	0.6736721054511448	-2.809258564652801	5	5	0.7686482492938345	-4.510994855706016	3	3
pseudo_387	0.2627211602658863	-1.0108582973752753	5	5	0.0688255329103868	1.4610476124762581	4	4	0.26940660997831634	-3.3532557289879255	5	5	0.7177868332479136	-3.4466925409817764	2	2
pseudo_388	0.18301306427207364	-1.6859242277363649	5	5	0.17893197094248248	1.7460154176901874	4	4	0.6148354099179983	0.6412678522122294	4	4	0.11805085993499742	-0.9464319672043763	4	4
pseudo_389	0.05222150662661975	-9.13657296159932	5	5	0.3237739636801802	8.60016262473847	2	2	0.042755355662848805	9.911135520369484	4	4	0.2711961829609154	-0.9620334741938071	4	4
pseudo_39	0.14887033285442197	-8.97223868333943	5	5	0.9641497708737391	5.4466902596821924	3	3	0.4823120430490684	-4.7125119197075644	2	2	0.4265436590750734	-8.953778084005464	2	2
pseudo_390	0.596888217655889	-9.403767100468471	5	5	0.1440789389758796	11.598349327279978	3	3	0.7050586685747513	3.0886397828313954	4	4	0.19630127950364495	-12.362497638535585	4	4
pseudo_391	0.8665853277525004	-5.686600536044913	5	5	0.5514797989099416	6.3759080006138715	3	3	0.7518815116894075	1.1045482261602855	4	4	0.7735198011655687	-8.313545046380566	4	4
pseudo_392	0.22980152666978781	1.0478430824146117	5	5	0.13882860794027407	0.9182075768921575	5	5	0.6970309565333284	-3.624417916252217	5	5	0.3636337746485804	-0.3806115950369975	4	4
pseudo_393	0.2396021604736418	1.1756833756342802	5	5	0.3962803788209527	9.720709495284963	5	5	0.9683102165650581	-2.56796893927035	5	5	0.4462065426482692	-9.405716221302322	4	4
pseudo_394	0.676764407922728	-5.344615969650916	5	5	0.3391342487875708	4.839256957227611	4	4	0.2977390578745106	-6.154351664599232	3	3	0.7663397108792154	-7.223880098842667	2	2
pseudo_395	0.8886616630230467	-2.5741514157273557	5	5	0.3246288487294027	-0.5222869005846963	4	4	0.4410862182662745	-5.98368461181904	4	4	0.5794593620066385	1.0902433850379953	2	2
pseudo_396	0.01248312243588767	-9.846052398926	5	5	0.1530844822593753	17.865696704431215	1	1	0.2657788388668292	8.659314288143607	1	1	0.6241345496233696	-9.048066818014028	1	1
pseudo_397	0.41146367565648345	-8.77824231405429	5	5	0.9194471539626119	5.115290199127833	3	3	0.5990257924573887	-3.189684007083809	3	3	0.9002475767852199	-7.247424001700884	1	1
pseudo_398	0.7651979256499206	-2.37196872476723	5	5	0.10825899539685407	1.5075882922446553	4	4	0.5184881204464689	-3.433060761212467	4	4	0.3775440420812346	-1.4981802877133614	3	3
pseudo_399	0.8763852606441964	-5.427947127358796	5	5	0.6369691559544517	2.413543818709247	3	3	0.35884087700069967	-3.5227870271628454	3	3	0.6703480757568794	-4.619314417233989	2	2
pseudo_4	0.6142668668864293	-4.815048975126204	5	5	0.6943005178345667	5.123694421487834	4	4	0.8691335728152966	-3.1461063164877463	4	4	0.878714669839499	-4.043163008538243	2	2
pseudo_40	0.09665168814755434	-0.6716724907501027	5	5	0.8557593596037136	11.98456569819056	5	5	0.5672685228046959	-3.8592723318386164	5	5	0.43949885675382794	-12.663402486204973	4	4
pseudo_400	0.43304724112648785	-1.8882320356775175	5	5	0.8196058656511735	5.867561730357821	4	4	0.18013554819527433	-6.968450256515776	4	4	0.20711118778289173	-9.669932281514432	3	3
pseudo_401	0.44038479210149994	-4.968047082738046	5	5	0.3013643756595116	12.897313997856733	4	4	0.16087385126811848	-6.694546934727847	3	3	0.042066827200372914	-15.784211290651776	3	3
pseudo_402	0.7557198205586574	-2.0641062819202936	5	5	0.9342595588314601	3.5389935565517376	4	4	0.6027616075601876	-3.486868831412685	5	5	0.7786563583951011	-5.455714981942461	3	3
pseudo_403	0.35226331981584	-7.896792668708407	5	5	0.026854492764942058	16.20575822109354	3	3	0.37213695779833966	4.724789728788944	2	2	0.07869231128228114	-12.727727080747684	3	3
pseudo_404	0.4459342630946044	-7.950107067449849	5	5	0.8198737038735534	5.260937804757793	2	2	0.3203437519120369	-5.185286621720372	2	2	0.24050770658863718	-11.894579244631363	1	1
pseudo_405	0.2909612586030532	-9.097785512643384	4	4	0.11741383514366852	-2.5430421311716547	1	1	0.24333841806328793	-9.797633640501884	1	1			0	0
pseudo_406	0.3474530563446899	-8.345147301346934	5	5	0.4120577666654196	8.606171351159931	3	3	0.8972504042483103	2.661248717300831	4	4	0.9011617330967618	-7.688394901178978	3	3
pseudo_407	0.26007885709600986	-6.157867432760369	5	5	0.8221864928668894	0.12163237422238993	3	3	0.19199018363203224	1.6166944090430988	4	4	0.021772163097198066	2.793071752799717	3	3
pseudo_408	0.6834438212439589	-5.660537186400641	4	4	0.48585116533430517	-0.7307796978520003	2	2	0.9917740812352782	-0.06272030073745692	3	3	0.22522201343532233	1.8332654796735968	2	2
pseudo_409	0.7842584640235843	-7.950794050391262	5	5	0.3118722054478731	8.430961860831284	3	3	0.05756656289713252	10.262417134463869	5	5	0.31676213321650104	-4.481215324697648	5	5
pseudo_41	0.02010940088088775	-1.0844881438572491	10	10	0.47080573860580854	9.279461305239602	9	9	0.1593680062070072	-10.02156022803394	9	9	0.5427036916919705	-11.333392935241635	5	5
pseudo_410	0.07214621485472104	-9.629976780960256	5	5	0.367966020383389	9.828914886311397	1	1	0.08977727463534967	9.63426956302603	4	4	0.25672416509120977	-4.283298474618541	4	4
pseudo_411	0.04445801253269541	1.9726122976881253	5	5	0.04942576238919173	-1.8880801719766869	5	5	0.020769296124489682	-9.960873880526163	5	5	0.8463946870481434	0.8121167097171025	1	1
pseudo_412	0.9083584327072555	-4.914041522172178	5	5	0.7821075202761589	5.492818536539279	4	4	0.3323676401601836	4.041023224277333	5	5	0.3991102364563004	-1.6704555919953332	3	3
pseudo_413	0.2830734758176008	-6.058047472781081	4	4	0.7666881751935527	-0.2784821070137591	2	2	0.7182573029111463	-4.33156760455649	2	2	0.5765910406143703	1.3067361125183492	1	1
pseudo_414	0.78425866361207	-7.807318489275867	5	5	0.7701690854235015	4.476216030584145	3	3	0.050601388171364496	7.092931691851252	4	4	0.058720565154133104	-0.15576693249251208	4	4
pseudo_415	0.5420149029985293	-4.704999853438281	5	5	0.677587655461982	2.3480056046828057	3	3	0.5198421388580314	2.877462161643735	5	5	0.10058914639286232	-1.4498617805343	4	4
pseudo_416	0.6362976823506784	-5.249960119181723	5	5	0.5291826553376806	2.1720407207964065	3	3	0.34550119785151867	-3.3967019614134046	3	3	0.9168442200344347	-4.066930793357583	2	2
pseudo_417	0.2582386053762096	-8.924069996715058	10	10	0.2671092950310806	5.013777269260112	8	8	0.8100227238998225	-10.23069238561081	9	9	0.26621903760795174	-1.2825189018502712	5	5
pseudo_418	0.3844912751084715	-9.726039216953742	9	9	0.6890340182064867	12.697056824155865	7	7	0.202328383028603	-11.056862153486053	8	8	0.33867363468072653	-15.863304344325721	6	6
pseudo_419	0.1956854441796233	-9.16780710889921	10	10	0.41925452411200625	12.354886368635855	6	6	0.48295179730083926	3.13233923402479	7	7	0.9963473458792209	-11.629448547127607	6	6
pseudo_42	0.8179218676340224	-8.587362859539052	5	5	0.6940884537482618	-0.32938322447277013	2	2	0.24878155895041998	3.9875642985945325	4	4	0.050651547349365104	2.3064097973984583	3	3
pseudo_420	0.7065907410190302	-4.71531974109523	5	5	0.8880967567819725	5.586055695098725	4	4	0.5777879834322077	0.45237980231104596	4	4	0.9011617330967618	-2.319361788347066	3	3
pseudo_421	0.04065029126325032	-9.42867378412835	5	5	0.03661574683792195	15.126110629796635	3	3	0.0659051641605836	9.48604159286004	4	4	0.546002570572736	-8.616842341741565	4	4
pseudo_422	0.9404808506501394	-2.949513112380638	5	5	0.2749482829207355	2.1798087536481425	4	4	0.1830469390995776	-9.567631044236165	4	4	0.8660626408883095	-7.494939259166554	2	2
pseudo_423	0.5216013301793341	-7.698964021569115	5	5	0.2607006467262958	-1.2063153181457595	2	2	0.4142015767735725	1.0443827583911531	2	2	0.13312462286157667	2.408848640214539	2	2
pseudo_424	0.5608228833935317	-7.853291131531783	10	10	0.9000743854290949	14.130551876560212	8	8	0.45648727202782957	-3.3479544632240525	9	9	0.5457271424387307	-16.964555408265937	7	7
pseudo_425	0.4221746175174962	-6.282367086212939	5	5	0.8651470503055643	6.079645193116034	4	4	0.9429919754683183	3.2136292296729447	5	5	0.5794593620066385	-4.550409619913726	2	2
pseudo_426	0.24841622790400097	-6.311487258476347	5	5	0.254178132063704	12.436320925872332	4	4	0.3383733998339695	0.9509772749869497	4	4	0.591924367286905	-11.329850064450545	4	4
pseudo_427	0.6586549765979004	-2.0227303168592603	5	5	0.6378832840984665	2.6924365143273463	4	4	0.25920729377161533	3.7459696165759815	5	5	0.16962346543244589	-1.9178812393851636	5	5
pseudo_428	0.34445234789420853	-8.50907573281437	10	10	0.07952375478627957	-1.8015634115450971	7	7	0.8884425392726744	-3.3917955412806684	8	8	0.07199811243276563	2.4972977385963735	6	6
pseudo_429	0.03528618633674596	-8.789121571031744	4	4	0.08862008507972755	21.075055426766866	1	1	0.05354036029540887	9.720341963775518	2	2	0.6332438286069103	-4.75744600522776	3	3
pseudo_43	0.23589276307102836	-8.35283967709193	5	5	0.09407840825889631	12.6583803106786	3	3	0.21987096422138164	3.7468316107716806	3	3	0.34993123056735387	-8.75323310163334	3	3
pseudo_430	0.16433290985320548	-0.6583991188295691	5	5	0.2749482829207355	-1.1458621958494508	4	4	0.6621079281550658	-2.959736788392061	5	5	0.32321315799713723	1.5635755830125122	2	2
pseudo_431	0.6274452496840538	-5.806520581464677	5	5	0.7445274219063759	3.9739868827714986	3	3	0.975133449259604	-2.9855865879916217	4	4	0.9011617330967618	-5.51051734620938	3	3
pseudo_432	0.07932099598345042	-9.281629318393614	5	5	0.11831183145063351	10.181533041741593	3	3	0.21601983777586387	4.051391087393354	3	3	0.5432560717039489	-5.971826356074658	3	3
pseudo_433	0.5712486909673462	-2.124225649887452	5	5	0.2269741721077786	1.844684507461773	4	4	0.5838891299941864	-3.207963652155682	4	4	0.6332438286069103	-1.8277175970791937	3	3
pseudo_434	0.44038479210149994	-7.054102192712549	5	5	0.06058310231426079	14.666872030961395	3	3	0.5294142522713603	2.8024669691976096	3	3	0.35770445094096925	-15.487027950610598	4	4
pseudo_435	0.31947363975467924	-8.201699545011898	5	5	0.8134556994139727	5.377657606381258	3	3	0.7570969152812521	-0.02563694849516625	3	3	0.9168442200344347	-3.819927374337963	2	2
pseudo_436	0.9132919256070784	-2.846806755825474	5	5	0.5834893063227444	6.382571979406818	4	4	0.7586504149151788	1.066257105267548	4	4	0.9146224678125235	-5.680338313267112	4	4
pseudo_437	0.3779096134874169	-3.5951385628757393	4	4	0.05250582176552597	-2.181922976961828	2	2	0.8852337300203293	-0.31370129102082017	3	3	0.19598544627143877	1.9079561817637325	2	2
pseudo_438	0.3075252229573632	-2.2330321557620443	5	5	0.2749482829207355	1.8342985868464663	4	4	0.720680616278366	-0.608531259145753	5	5	0.22506690712461408	-0.9212210710797883	4	4
pseudo_439	0.5135479348241209	-5.316870402037949	5	5	0.40568305810496186	-0.8874309350573905	3	3	0.24401403424601198	1.4707306489371035	3	3	0.044780300492739566	2.5164680706478877	3	3
pseudo_44	0.5011746192016817	0.49105026680227487	4	4	0.3798121005542555	10.7699560375324	4	4	0.6337427120038525	-2.2508389508912465	4	4	0.22158298310542035	-9.601960050957198	3	3
pseudo_440	0.5175665261031901	-5.118594150561311	5	5	0.35911124745802514	9.171698121240617	4	4	0.5900201096898269	0.13122530076588457	4	4	0.7388605626131051	-6.093566964833137	3	3
pseudo_441	0.1436865330860503	-0.7315947389502245	5	5	0.4886385002682745	11.432113954569274	5	5	0.3053751270819315	-4.1219697255904055	5	5	0.2614873773295253	-15.395768081886102	4	4
pseudo_442	0.7415717424522612	-3.120684365630003	5	5	0.9574340344660829	3.3046943298827767	4	4	0.7722433747642534	-1.3758937019635151	4	4	0.7388605626131051	-2.0910331291137454	3	3
pseudo_443	0.5338020968763408	-2.092810952053546	5	5	0.9729049155392885	2.8169383475597254	4	4	0.9177312059280015	-2.740045656470817	5	5	0.8292175195021274	-2.229168382389027	3	3
pseudo_444	0.3002094510315796	-8.303868329853318	5	5	0.22923764431321725	10.047214271385172	3	3	0.3901092515910314	3.32548072664147	4	4	0.6519751063056869	-6.377410899810902	3	3
pseudo_445	0.6274452496840538	-6.096777126240137	5	5	0.7960645047447044	2.9819059587397345	3	3	0.40501306695312633	1.164210291595056	4	4	0.9843548320060657	-2.329062570564446	3	3
pseudo_446	0.5754853585456245	-2.533551477720844	5	5	0.3958092113895112	1.877447281889923	4	4	0.18718259000209547	4.399959640159971	5	5	0.06058706701103332	-0.5017475551603313	5	5
pseudo_447	0.22264057359940836	-7.508094129555701	5	5	0.08497537455208815	15.829339303559202	4	4	0.6081612340693691	-4.376947394183691	2	2	0.03588539249388721	-15.700860208844404	3	3
pseudo_448	0.6564049145331509	-2.1132067539380173	5	5	0.20631310830249228	13.499089044304052	5	5	0.8425455294761101	-2.6192955860842475	5	5	0.16683561430328797	-12.491181844484418	4	4
pseudo_449	0.7042797255876492	-4.9868270909666625	5	5	0.1568276462516408	-1.3367724201460132	3	3	0.9113596326844167	-3.151872263932832	4	4	0.11731453504427873	2.2327095073522196	2	2
pseudo_45	0.0706799582720452	-9.35784628488535	5	5	0.950481585546606	8.321798651655048	2	2	0.8643024132855638	-0.4556412469882263	2	2	0.5611314780135968	-9.141972689682737	1	1
pseudo_450	0.24714352647476157	-9.393327015382686	5	5	0.6438553983082143	4.718897018582867	2	2	0.21221752062129762	3.76243213945715	3	3	0.9947846469098508	-2.479903167314232	3	3
pseudo_451	0.23222452898372214	1.0744643687589905	5	5	0.7685269399038692	6.4748327949723885	5	5	0.5250089907495157	-6.065074481037733	5	5	0.43949885675382794	-9.215586350396427	4	4
pseudo_452	0.3205731828676305	0.5926886124218668	4	4	0.2879520565294309	-1.0040873984279675	4	4	0.30785869550560074	-6.374755817285535	4	4	0.9296011428204549	0.3175705956842245	2	2
pseudo_453	0.6813213548358446	-1.5292938769190878	5	5	0.26235129091812437	2.191090074776069	4	4	0.2763572209311711	-3.0970542942113686	5	5	0.7987815134894407	-5.369666676639068	3	3
pseudo_454	0.774711322395288	-4.765704829553442	5	5	0.8045517718924269	9.539771466794	4	4	0.27446258477495733	-5.550839409559017	3	3	0.2642592074011081	-13.037267943545679	2	2
pseudo_455	0.11616235962802948	-9.17387190309005	5	5	0.12686587061240437	-2.4837688354744305	1	1	0.815500043040937	-0.3471167553772178	1	1	0.24976182771404487	2.294967678370794	1	1
pseudo_456	0.8960406046785265	-0.3284625719145114	5	5	0.9172714128232853	6.248190989942209	5	5	0.26940660997831634	-8.948064013496746	5	5	0.43665971493913525	-8.84579203320215	3	3
pseudo_457	0.030844143787763095	2.1995662947053845	5	5	0.8625579054899102	6.423075219962805	5	5	0.07005062507663672	-9.840719679281358	5	5	0.18024954779227487	-11.882448702891145	3	3
pseudo_458	0.6767641186583396	-5.139470692637807	5	5	0.9641497708737391	5.239696500287127	3	3	0.48448137062362273	-3.2055540981621715	4	4	0.6709285657109667	-8.155304801660776	3	3
pseudo_459	0.8421782440715131	-5.538546147440333	5	5	0.4651552936864265	-0.6700632554368067	3	3	0.3520261323683881	0.7008933300639925	4	4	0.25266867661575065	1.5343727137791443	3	3
pseudo_46	0.4477931313487006	-5.637231556295653	5	5	0.39936763338904124	6.035122817713166	3	3	0.13113207827620896	4.407044492045421	5	5	0.6543385036711127	-7.141224312277917	5	5
pseudo_460	0.21516718326958129	-1.6871363142153495	10	10	0.898433499076343	9.735814603132058	9	9	0.12886229326404078	-10.432834718286228	9	9	0.35482269048073256	-19.24670325179729	7	7
pseudo_461	0.14539885871696304	-1.1139388583541512	5	5	0.7487635757823436	8.136056599125931	5	5	0.9809829291243851	-0.29492470933207104	5	5	0.8522827053771316	-5.18962789261318	4	4
pseudo_462	0.5925787624647025	-1.6283361578950621	5	5	0.27925535773077914	12.63258315267219	5	5	0.8586302104937776	-2.6593970618861893	4	4	0.11541981335008651	-12.896599382762332	4	4
pseudo_463	0.6055496210385807	-1.7299859028159996	5	5	0.16374911722387264	1.452763762808642	4	4	0.43582294338096783	-5.998438772091739	4	4	0.3311433768670189	-2.239360943531503	2	2
pseudo_464	0.5461453907731743	-5.187781056707919	5	5	0.5377457390327564	4.216628970344713	4	4	0.5889924067044334	3.6949056592852974	5	5	0.24198588110928465	-0.8121452540873584	3	3
pseudo_465	0.9454326877333342	-4.525287492201386	5	5	0.20191296009398296	13.764425629929768	4	4	0.13764520867469665	-8.186008536106433	3	3	0.024959617600623978	-18.242666040426066	3	3
pseudo_466	0.7405738122390859	-2.277210075618853	4	4	0.43153494984794094	2.3885563753828154	3	3	0.23576768460138553	-5.786467281691846	3	3	0.9041086739579434	-7.976924132673296	2	2
pseudo_467	0.14230336312616154	1.207912607009842	4	4	0.35911124745802514	1.9832822907293632	4	4	0.18599305736196436	-6.62147676979862	4	4	0.9843548320060657	-5.221510774287366	3	3
pseudo_468	0.9801438975978024	-5.371616216414748	5	5	0.4877699208270171	5.7899315491652885	4	4	0.04604765502077316	-9.647619816445221	3	3	0.14783907250985104	-18.82192619199502	1	1
pseudo_469	0.4666204941087142	-2.385337047871808	5	5	0.2879520565294309	1.2666245588563843	4	4	0.9184250251325162	-2.688765876997469	4	4	0.24198588110928465	-0.8346096577540356	3	3
pseudo_47	0.4917392535337285	-4.240485628939686	5	5	0.051901964824999945	-1.7773280717647602	3	3	0.07965810188908923	-7.019701824501445	3	3	0.7583305265250361	0.9394396303576062	1	1
pseudo_470	0.18301306427207364	-9.821158810744791	5	5	0.32274729417150905	10.260643356997766	3	3	0.9917740812352782	0.517259380528052	3	3	0.22656426869830748	-9.830628920538807	3	3
pseudo_471	0.7181866920382842	-3.3802405644820666	5	5	0.9188395857235161	3.459674324617892	4	4	0.23022612103697915	4.616317080016477	5	5	0.352007598927242	-1.4223461559892367	5	5
pseudo_472	0.17496432261509565	-1.4894633441276923	5	5	0.8727851790240417	4.879339741463624	4	4	0.012803064930588704	-11.008709807987936	4	4	0.27119373272877434	-13.07254303865416	2	2
pseudo_473	0.40091568705679337	-1.1700186847676772	5	5	0.8830127301173853	11.943683459052318	5	5	0.7446005333242797	-0.1519807182605979	5	5	0.591924367286905	-9.40916438372395	4	4
pseudo_474	0.39317542879138734	-1.8637725051870244	4	4	0.45831698880978144	2.430079310273475	3	3	0.2317192799472917	-6.1025177340765	3	3	0.7541065963725084	-8.513284213586264	2	2
pseudo_475	0.8534523001034928	-5.9119156516125315	4	4	0.09911614306286565	-1.8490671166299215	2	2	0.42147617945050475	-4.927452966224654	2	2	0.14156250123272146	2.8410979091355006	1	1
pseudo_476	1.0	-5.890899393589631	5	5	0.2611538114013764	-1.0990569970892234	3	3	0.18352824259566158	-6.569622320382589	3	3	0.6080984108440757	1.2568709144414338	1	1
pseudo_477	0.14712676720397835	-8.265912259728848	5	5	0.7878459827902118	4.916488045182262	2	2	0.5818546275062089	-4.5811893192198365	2	2	0.28925131733010245	-10.582447621200387	1	1
pseudo_478	0.9975177340174071	-5.043022563672915	5	5	0.05653323358651637	13.189089097444098	4	4	0.26597667402477776	4.131962019034137	5	5	0.45958463067540034	-12.318199486889426	5	5
pseudo_479	0.7415717424522612	-5.059135612394198	5	5	0.6612191297896182	2.396816754935545	3	3	0.8115970738311604	-3.2376248174454307	5	5	0.4666755734073169	-4.677925261764325	4	4
pseudo_48	0.2762103307283501	-6.232091036569385	5	5	0.4290002941849582	8.953634399007752	4	4	0.5459360187299576	3.3061116351315634	5	5	0.6239646640889823	-4.9207720538516835	3	3
pseudo_480	0.15966445969426724	-1.7003256250028962	5	5	0.007951104677666663	-2.3419347484138147	4	4	0.8737390489145693	0.5301190733312663	5	5	0.0102464656814833	2.798277115459957	4	4
pseudo_481	0.2396021604736418	-8.944034865242966	5	5	0.9394966891815054	7.855577407977061	2	2	0.34145446471370466	-9.23974361594711	1	1	0.10320048331632353	-19.613945299190462	1	1
pseudo_482	0.3474530563446899	-0.976320025121051	5	5	0.1853834443760528	13.425019084426237	5	5	0.7566552002445445	-0.7020042249819083	5	5	0.2473792923762549	-10.70980570557588	4	4
pseudo_483	0.5075504818312906	-0.9561887939738517	5	5	0.03479866997070403	-2.1103993464248467	4	4	0.9114279647117377	-2.61991533211816	5	5	0.0491263774966509	2.470372837926632	3	3
pseudo_484	0.8665853277525004	-2.1788721790176058	5	5	0.12883076283466469	10.75847545693182	4	4	0.2599132370496461	2.3070644047323308	4	4	0.7137900768594891	-8.993484902480297	4	4
pseudo_485	0.9305842668641006	-4.23396911362472	5	5	0.7970514415009561	5.623411350013096	4	4	0.3752692551972968	-5.824570974565433	3	3	0.9935918463631742	-7.868724625406177	2	2
pseudo_486	0.562820165339881	-3.363109468746105	5	5	0.12549702393359616	14.71737157390504	5	5	0.342886044040806	1.4827665533760328	4	4	0.6470926174442978	-13.829405495228478	5	5
pseudo_487	0.19133282611238367	-9.319740779737701	5	5	0.653781841212506	-0.3947849798314804	2	2	0.7414642091769931	-2.8113694964796516	3	3	0.5013772507429461	1.5232104649989004	1	1
pseudo_488	0.8763852606441964	-4.988332508692136	5	5	0.8397132531802258	3.2450792809967317	3	3	0.8272775505216724	0.1737327692100359	4	4	0.7094597418423237	-3.394434055116326	3	3
pseudo_489	0.6186461196194168	-5.136926396880695	5	5	0.32274729417150905	6.932027650589686	3	3	0.8125587420508357	-1.61088261678199	3	3	0.6703480757568794	-8.028754048118817	2	2
pseudo_49	0.08938697151173886	1.7869786060342285	5	5	0.2094378824799784	1.7263045823112773	5	5	0.05968775928388564	-9.433398957075594	5	5	0.5257612504335041	-8.791988382085094	2	2
pseudo_490	0.7462783383973426	-5.487095427522413	5	5	0.486006655545813	1.7646014053659467	3	3	0.7996360730719679	-3.360124618736744	4	4	0.6239646640889823	-5.646543864857644	3	3
pseudo_491	0.49370125659774056	-4.232216823797963	5	5	0.7451089369951867	5.354670185188944	4	4	0.7807316015986879	-2.7899704602440356	3	3	0.7487488115809312	-4.709539464686324	3	3
pseudo_492	0.8616929440879256	-2.9542868587781186	5	5	0.41776076799471207	6.41904560605374	4	4	0.5070171181767764	0.6421721209832615	4	4	0.7648948966991103	-5.795655966400911	4	4
pseudo_493	0.3317217910201653	-1.4269421742258652	5	5	0.36421879560945103	2.1927924833254053	4	4	0.4202521562214223	-5.7642053274757155	4	4	0.859912066115945	-5.032362942028105	3	3
pseudo_494	0.16647405009263816	1.5703586067740583	4	4	0.8347267372086834	2.602187708163136	4	4	0.8902076711075978	-2.427475086162324	4	4	0.6614247079056851	-2.0891597417500147	3	3
pseudo_495	0.38237999444930837	-9.02939850286531	10	10	0.10614356949216543	-1.7633208187351912	4	4	0.25148546360851853	3.8761360982438386	6	6	0.01240815024366531	2.768964207271885	5	5
pseudo_496	0.45811093296875205	-5.402675390705558	3	3	0.6047954004988128	8.93611801968375	2	2	0.25814557650482317	-9.748998865251007	1	1	0.21420310243379503	-18.11261993645733	1	1
pseudo_497	0.3769435762004306	-1.9373191883122256	5	5	0.41220668224288215	5.14661038414117	4	4	0.7384012820370391	-3.067691816495559	4	4	0.6997523304332391	-4.627806292944137	3	3
pseudo_498	0.2509757301514477	-8.6605781327765	5	5	0.4249839944591046	11.344404014045102	3	3	0.08810500320426735	10.113860300211696	4	4	0.6997523304332391	-5.1843963216291105	3	3
pseudo_499	0.9108247831035664	-3.470197635921236	5	5	0.7746652364788146	2.2415909871376294	4	4	0.6528922292717694	-1.6210501442572933	4	4	0.34323345256294346	-1.0891849695536608	3	3
pseudo_5	0.6230389567030741	-2.2389784896790697	5	5	0.7086892841096155	2.1929860510341297	4	4	0.8621287216111431	0.15827909752482644	4	4	0.6234911975836641	-1.805018578677726	4	4
pseudo_50	0.8207747868940611	-7.977097363284309	10	10	0.06736796116746975	16.861092557729968	8	8	0.9786781115591391	-3.0155769007529707	7	7	0.12304307371960094	-15.971224738876378	7	7
pseudo_500	0.7228434447781118	-4.754192911707523	5	5	0.91053256242075	2.654161461344218	3	3	0.6023701911153629	0.28230490086655485	4	4	0.2581315511465063	-1.340931288745488	3	3
pseudo_501	0.12896431800146554	-0.7336036209963727	5	5	0.2749482829207355	1.7772272205798771	4	4	0.40501306695312633	-3.344272521359684	4	4	0.859912066115945	-2.3397125076512495	3	3
pseudo_502	0.3741505234476362	-3.8937260898451775	4	4	0.6210138228290025	0.10304374620679783	3	3	0.6984552139451855	-2.454997262436722	4	4	0.12502484688590654	2.211396119415814	2	2
pseudo_503	0.14712676720397835	-0.6726778813206451	5	5	0.8084961328368158	8.965186028515209	5	5	0.5184881204464689	-5.960747631531958	4	4	0.5175570596062204	-8.63893706168332	3	3
pseudo_504	0.9900711800828141	-7.439434122130417	5	5	0.5365637960944252	8.345928769115192	3	3	0.8065243978601656	2.706910509803448	4	4	0.9635050030421082	-5.233051944439111	3	3
pseudo_505	0.8960406046785265	-2.6335349512464448	5	5	0.7086892841096155	10.058539788682827	4	4	0.6148354099179983	-0.659134260830763	4	4	0.4068407636432566	-10.355237243085307	4	4
pseudo_506	0.12585766303839893	-6.8433463136844574	5	5	0.7960645047447044	3.171783515158437	3	3	0.8342229300893211	-2.63443788598201	4	4	0.5362940865006103	-4.6857140856226165	2	2
pseudo_507	0.24714352647476157	-9.089169989741867	5	5	0.31727919849765485	9.563464033099685	3	3	0.7316909117782104	3.554774789160525	4	4	0.6076163265649088	-11.542366617819328	4	4
pseudo_508	0.47043799384407836	-1.8223102519943637	5	5	0.4756794285675878	2.320650999931121	4	4	0.5184881204464689	-4.813024831809688	4	4	0.6709285657109667	-4.659866070173718	3	3
pseudo_509	0.9256399007906221	-5.006695593459624	5	5	0.9806445457560294	8.753442537143684	4	4	0.8203456541496533	-1.0249289454228274	4	4	0.6709285657109667	-5.971256469201236	3	3
pseudo_51	0.7511276753311644	-1.9623667604511574	4	4	0.5974132364292704	2.2338580956407053	3	3	0.7384012820370391	-0.24230622537900923	4	4	0.36357366278837844	-1.533203860190629	3	3
pseudo_510	0.6452022360730483	-5.330104391577464	5	5	0.10088970358088233	-1.8685485148817869	3	3	0.9556454670259941	3.611157390245923	5	5	0.03466139289138698	2.880288212358682	2	2
pseudo_511	0.14041761261686486	-1.4313700046528257	4	4	0.5590134710819445	2.1127205020753697	3	3	0.7336872309440315	-0.35892851792002395	3	3	0.8908197786395017	-2.3133334217218118	3	3
pseudo_512	0.06126889454807775	-8.332496316399647	4	4	0.037804542628794645	18.32943055329427	2	2	0.05675170258871338	9.62889665303168	2	2	0.688695176818324	-11.750054094154146	4	4
pseudo_513	0.6904709364093857	-8.746979365611978	5	5	0.7615923499947073	5.314546185570717	3	3	0.45790032772574185	-3.4917264568533217	3	3	0.36799740205575426	-9.752513100262124	1	1
pseudo_514	0.43670670438186887	-9.05581959570686	5	5	0.5482932847203043	3.4338115332765264	2	2	0.9506750723839498	0.02321479921021935	3	3	0.4842971604966001	-4.5007426837832165	3	3
pseudo_515	0.8397453916224826	-5.173107596093967	5	5	0.6036337845565438	12.137632219766948	4	4	0.7722433747642534	-0.4770418796690284	4	4	0.4666755734073169	-12.456358501162393	4	4
pseudo_516	0.3474530563446899	-6.291932264549938	5	5	0.2960176883678466	7.2544029932219685	3	3	0.5847761143376284	0.9320822637271583	3	3	0.4761670154210649	-6.164005131221228	3	3
pseudo_517	0.8130906556898387	-3.49468532351077	5	5	0.759843249062373	3.86616361566472	4	4	0.31210281130088113	1.6985391730947912	4	4	0.7648948966991103	-2.376744350270849	4	4
pseudo_518	0.20211966698696737	-7.8719576072442505	5	5	0.1704138619597052	9.272717922251873	3	3	0.20475842833521996	3.7175295566106286	3	3	0.9635050030421082	-5.396872767367664	3	3
pseudo_519	0.048562379754242144	-9.076576381420459	5	5	0.21677831316896212	12.903784560236003	2	2	0.22667855518929148	6.077319407816547	2	2	0.4761670154210649	-8.446488538318972	3	3
pseudo_52	0.45903732131386654	-7.630887286787317	5	5	0.36421879560945103	11.536753691065442	4	4	0.18352824259566158	3.4071846621247857	3	3	0.9505079754058229	-8.539732660585264	4	4
pseudo_520	0.5840029431772022	-6.438357011720002	5	5	0.9641497708737391	0.759717403423498	3	3	0.26369927700699036	1.4140866170868263	4	4	0.062475090485172836	2.2079251753866367	3	3
pseudo_521	0.1436865330860503	-1.7852457161728774	5	5	0.7553337671222724	8.650252567040402	5	5	0.43582294338096783	-3.6829130245133754	4	4	0.7477332587832924	-8.489078367352631	4	4
pseudo_522	0.21106319262628104	-9.724759457231073	5	5	0.7561730665970722	3.4489430513157204	2	2	0.6279866365726792	-2.754615913236408	3	3	0.8660626408883095	-7.676423421658936	2	2
pseudo_523	0.713540124347067	-2.418803186987991	5	5	0.9651678359385234	5.686558324990501	4	4	0.5354209811183289	0.7072077217975199	5	5	0.3941938274343686	-4.820527679316188	4	4
pseudo_524	0.40091568705679337	-7.775506740455435	5	5	0.5300560468520916	5.181948297201578	2	2	0.9835490367727855	-1.9166167485696644	3	3	0.955166061730401	-7.652881216280644	2	2
pseudo_525	0.8665852023825035	-5.10173539048482	5	5	0.49306782262246085	1.8819861536020153	3	3	0.6023701911153629	-2.655510121172961	4	4	0.4454669683385002	-2.8232214167157528	2	2
pseudo_526	0.025561316186361094	-10.088761182896011	10	10	0.5571282006933561	9.20358963894517	4	4	0.3487923697025933	3.4940479079159066	6	6	0.6569986445709204	-12.479521698529517	6	6
pseudo_527	0.8276048900878025	-2.050697145315827	5	5	0.9310216668684299	12.343146907592134	5	5	0.36131899320800476	-3.3856148260478727	4	4	0.4197266890205037	-12.877285859940296	4	4
pseudo_528	0.5586285266713641	-5.676067853858364	5	5	0.49387678589692796	6.744687969059206	4	4	0.15034818982381962	4.440077043874279	4	4	0.6804041513254775	-2.1769845538817063	4	4
pseudo_529	0.11544172304480124	1.2216287785251152	5	5	0.3070640237529362	-1.149606315576997	5	5	0.8549962013293507	-5.843950453249274	5	5	0.12134427507594166	2.1105570681079526	3	3
pseudo_53	0.5461453907731743	-1.9352188366372332	5	5	0.41220668224288215	9.068131620161177	4	4	0.3901092515910314	-6.174803699571619	4	4	0.2042304179313733	-15.343166738596802	4	4
pseudo_530	0.19775291308141218	-1.6522240591041044	5	5	0.6448301450738294	2.4537757891818335	4	4	0.6621079281550658	0.9213782703800177	5	5	0.9864941527484754	-2.5495496207408883	4	4
pseudo_531	0.9751813131641581	-3.1309482077355404	5	5	0.9188395857235161	5.665736937298021	4	4	0.8177649022637351	-3.469292889558343	5	5	0.5997471149170961	-8.75180958837102	4	4
pseudo_532	0.7275104851039692	-4.915469113713841	5	5	0.8661504309338228	2.8355073467283565	3	3	0.8831735908066727	0.49729317500342135	4	4	0.46013351195390617	-1.8103684818983197	3	3
pseudo_533	0.2873361710142319	-8.787707406525277	5	5	0.08974601905694186	12.508668457872346	3	3	0.8345436724517964	0.01873756842757912	2	2	0.08800206191027513	-12.57546956487955	3	3
pseudo_534	0.7715618118429954	-1.5444630609669954	3	3	0.08764085793030735	12.485989325641981	3	3	0.8125587420508357	0.16310119260078682	3	3	0.1718971713946742	-12.164572534767613	3	3
pseudo_535	0.09665168814755434	-0.4500597437422605	5	5	0.665161924134298	8.583010588623187	5	5	0.18897408076599487	-6.868944702001431	4	4	0.5175570596062204	-8.868975967912212	3	3
pseudo_536	0.6055494842085198	-4.877009707394151	5	5	0.04107568892209357	11.141814208094488	4	4	0.4463853647765891	1.3786869381269937	4	4	0.13780547062896423	-9.604847089145366	4	4
pseudo_537	0.360374094036118	-3.760421891975946	5	5	0.7451089369951867	4.70456215466518	4	4	0.46249988490842575	-3.66676531295503	4	4	0.5794593620066385	-4.795748922784214	2	2
pseudo_538	0.6646575059986015	-8.12344509008588	10	10	0.4668737090231635	12.175659483899663	7	7	0.9733494239385638	-3.632294599413353	7	7	0.5098714838070927	-9.357119705915686	5	5
pseudo_539	0.891120298764844	-3.269828331812271	5	5	0.8120701353897801	0.6473694554649706	4	4	0.06883080450499489	5.751096332316595	5	5	0.07575261010425315	2.1257298879960493	5	5
pseudo_54	0.6055496210385807	-5.248532740556123	5	5	0.7960645047447044	2.5063688960091706	3	3	0.476849308594961	-3.255648569239956	3	3	0.955166061730401	-4.064933594574417	2	2
pseudo_540	0.6142668668864293	-5.531296751383246	5	5	0.7787740228595545	3.4305558160662195	3	3	0.3642660556920527	-6.060519301200849	3	3	0.30772726640929027	-9.95100132296191	2	2
pseudo_541	0.7938385867796887	-5.622482012580078	5	5	0.17394434127805736	9.675709109018962	3	3	0.7492676846056425	-2.4697635448794037	3	3	0.15228742953988064	-11.987157055624786	3	3
pseudo_542	0.7986401498555804	-4.864903375179076	5	5	0.3510034941306043	1.8064204384137987	3	3	0.14158208065493644	4.189084809210864	5	5	0.07009706885697783	-0.7317938464768327	4	4
pseudo_543	0.5216013301793341	-5.04696806972129	5	5	0.38077936234642007	7.17307083081099	3	3	0.33765175389802937	-5.9279413900343245	3	3	0.061297525930515157	-15.365317882730634	2	2
pseudo_544	0.5135479348241209	-5.422598192120476	5	5	0.7107786755206931	6.3314114745703405	3	3	0.6337427120038525	2.8909879067752975	4	4	0.7735198011655687	-6.092901067679804	4	4
pseudo_545	0.10438118119474037	-0.6163868622413682	5	5	0.9447925407247523	9.04599606372642	5	5	0.7870461113505021	-1.3954845373062532	5	5	0.516401735382113	-6.572414411197495	4	4
pseudo_546	0.8470483286501816	-7.568535154372735	5	5	0.12401499370236216	16.225731296568863	4	4	0.8285928021185862	1.99135884218838	3	3	0.11805085993499742	-13.26438391236906	4	4
pseudo_547	0.5008770471272004	-9.31602116351817	10	10	0.31887231381235726	8.874568946751182	7	7	0.8366364608188778	-5.364056330858124	6	6	0.5733759825644672	-10.761924006226346	6	6
pseudo_548	0.5754853585456245	-1.9476152954967894	5	5	0.2501586933556549	-1.0405516801247205	4	4	0.6820468072305224	-2.9824815848482586	4	4	0.38465163968243365	1.1103345843746701	3	3
pseudo_549	0.9583072375376621	-3.2638761509563685	4	4	0.8573198588050641	5.631265256141682	3	3	0.46416927127788754	1.0885550362416236	3	3	0.7192145505606329	-4.384394621626478	3	3
pseudo_55	0.7228434447781118	-2.3958686662192723	5	5	0.3798121005542555	-0.8828682092382601	4	4	0.8551346959672492	-2.632070188980847	4	4	0.36357366278837844	1.13477762168141	3	3
pseudo_550	0.7030462885966173	-8.880389875800269	10	10	0.6322844189935923	13.443865032872033	8	8	0.7918953129793729	-3.5656167498846236	9	9	0.9379672885431458	-10.752285045621406	6	6
pseudo_551	0.18713880397703697	-9.083794570528154	5	5	0.6385576176361238	8.74718401439297	1	1	0.020828392948271282	10.73954293093909	4	4	0.4197266890205037	-1.599850511166321	4	4
pseudo_552	0.4367071394043638	-3.671266550007686	5	5	0.903450076951705	7.93306536790994	4	4	0.22074062780533354	3.4589396161719215	4	4	0.5019195834933028	-4.366583970219492	4	4
pseudo_553	0.3104840436002808	-1.84704323258077	5	5	0.4346848819478498	5.4970184288626625	4	4	0.4956805346273737	-3.2436504473075654	4	4	0.870017376108756	-8.582235625190377	4	4
pseudo_554	0.9139631232188312	-4.989681338749196	4	4	0.38691557268187815	8.936360539589687	3	3	0.8770991074584316	-0.1866194921997176	3	3	0.5519614374887956	-8.705155114080428	3	3
pseudo_555	0.3389226953522836	0.4214328985839619	10	10	0.648467271915817	9.337007418363303	10	10	0.7942540080983673	-9.81563208347996	10	10	0.5126961621568042	-8.24858073756277	6	6
pseudo_556	0.9751813131641581	-2.485388395690405	5	5	0.41776076799471207	2.6574085231697016	4	4	0.2942649675668334	1.3110821592972126	5	5	0.04516310096720056	-0.25417092640007627	4	4
pseudo_557	0.47043799384407836	-6.147266201393012	5	5	0.09407840825889631	-1.5686313330412964	3	3	0.022698275353797065	-10.156948906103953	3	3			0	0
pseudo_558	0.6120822393970993	-4.359634812044314	5	5	0.22923764431321725	1.4589186252712132	3	3	0.7722433747642534	0.24215227551998897	4	4	0.34993123056735387	-1.2168735416897893	3	3
pseudo_559	0.13535601060010788	-8.98280424235262	5	5	0.057564573375322906	12.596877316701052	3	3	0.08011673457008871	7.382097177640307	4	4	0.9684930440136454	-8.475262908341108	4	4
pseudo_56	0.8568058609538756	-3.218516652818957	5	5	0.8271582915209736	2.6339380985552485	4	4	0.9043012416170285	-4.983726456383883	4	4	0.7887013088790334	-4.795592451397151	3	3
pseudo_560	0.6783335244653443	-2.2841565021299584	4	4	0.9188395857235161	6.076586725984243	4	4	0.1772587034850357	4.464618463102274	4	4	0.29134710444941947	-1.453652664608389	4	4
pseudo_561	0.2680612248718265	-8.513015986969473	5	5	0.19628151064400223	9.68246962724569	3	3	0.0741587409691408	7.635916858490983	4	4	0.8522827053771316	-4.983080255043461	4	4
pseudo_562	0.03826843651596032	-8.780647777001208	5	5	0.04548629312488389	15.123976614259206	3	3	0.10651541977474283	6.079399102343231	2	2	0.37051796582340224	-10.742872558210495	3	3
pseudo_563	0.7554173705358191	-8.739098594329201	10	10	0.7488674670848674	12.620377375431516	7	7	0.7559855662825983	2.944461342389953	9	9	0.6438146877138787	-14.780007177633705	6	6
pseudo_564	0.5075504818312906	-3.9000839626664074	5	5	0.026854492764942058	-2.0625418049875677	3	3	0.5565524422309778	-3.513696288449125	5	5	0.10645484855428486	2.2747940881558693	2	2
pseudo_565	0.7368747939779642	-1.8918268541765617	5	5	0.21239478776469056	1.8018857712244631	4	4	0.3383733998339695	-7.967700164911736	4	4	0.955166061730401	-4.653296020540196	2	2
pseudo_566	0.667685504545382	-4.817317415338311	5	5	0.5291826553376806	2.2282069646389093	3	3	0.5567598267165714	-3.1912701326043127	3	3	0.6241887624344389	-3.343051324313053	2	2
pseudo_567	0.9553424986740303	-2.1091626050538443	5	5	0.8804354453037812	5.638960398538271	4	4	0.2076027382867146	-6.531171186240602	4	4	0.28667092223792345	-9.150870626687253	3	3
pseudo_568	0.2458750410984113	-8.60645564713178	5	5	0.8309393614759716	5.3572995770808065	3	3	0.16204483447885698	3.774848210287203	4	4	0.3172679651218048	-1.3527526518672002	3	3
pseudo_569	0.6142668668864293	-5.668582429801771	5	5	0.46375515388477917	9.210048770685978	4	4	0.627412848653238	0.7976299804936363	4	4	0.6709285657109667	-5.7655815865925115	3	3
pseudo_57	0.6586549765979004	-1.6926055172454129	5	5	0.7304672979806208	5.3098910760135345	4	4	0.2675231912847583	-6.485011993253597	4	4	0.4265436590750734	-8.174387726886291	2	2
pseudo_570	0.3028410623045593	-8.953898022123996	10	10	0.4290002941849582	4.357061215655782	4	4	0.5999043373601561	3.4063375238213633	6	6	0.13191806058529615	-0.7944654390671871	4	4
pseudo_571	0.014852196880503184	-9.137752938515215	5	5			0	0	0.023319124858458856	9.56603684255329	3	3	0.0955515570838702	2.0167411968532654	3	3
pseudo_572	0.2273965614182124	-1.3838695828652163	5	5	0.8804354453037812	5.0932688987245465	4	4	0.9538375681389846	-2.670323095652686	4	4	0.7786563583951011	-4.408305667695312	3	3
pseudo_573	0.13864230237263733	-1.4475877916370825	5	5	0.7817875008289159	9.02333524775342	5	5	0.0958320945184043	-9.932327904517827	4	4	0.18510478485867088	-13.761954283775472	2	2
pseudo_574	0.2762103307283501	-1.1595712639756648	5	5	0.7451089369951867	6.377665354689834	4	4	0.7316909117782104	1.1375526275760743	4	4	0.8878180814342319	-4.8442159646732135	4	4
pseudo_575	0.774711322395288	-5.68559674356566	5	5	0.7615923499947073	3.2426381290738853	3	3	0.9588878863680067	-2.342859111171008	3	3	0.8534448419467351	-3.5926345074286443	2	2
pseudo_576	0.9801438975978024	-8.028370466665676	5	5	0.5762175395862381	-0.5365713658988831	2	2	0.6426886332407432	-3.0759885511338676	3	3	0.12962595410473374	2.9184420188033613	1	1
pseudo_577	0.2561498085955516	-9.054843335874063	5	5	0.2336189252929014	9.792694011683784	3	3	0.10035430893019479	7.0875130179874	4	4	0.7995587803741879	-5.649796751161628	4	4
pseudo_578	0.8179218676340224	-4.908797441876181	5	5	0.8047480249577542	3.2603354199096373	3	3	0.901538468117128	-2.1962083868838422	3	3	0.859912066115945	-5.298228208519897	3	3
pseudo_579	0.15419531683223248	-1.8492574248195328	5	5	0.24225350841890403	1.4815590999542252	4	4	0.5359427235117435	-3.4277105841298443	4	4	0.4761670154210649	-1.6458884661689623	3	3
pseudo_58	0.52565225562874	-5.845895601912936	5	5	0.47900054907940637	2.1665001806207083	3	3	0.9671050662909373	-2.5825094470952954	3	3	0.48471335452336484	-2.8379030886353105	2	2
pseudo_580	0.8276048900878025	-4.010526826080199	5	5	0.5106331544712213	14.647867170178392	5	5	0.8272775505216724	-0.7449835942331439	4	4	0.2862174247796564	-11.837452896604566	4	4
pseudo_581	0.2845267593961226	-1.345550802153922	5	5	0.9241437066926335	12.818130485660982	5	5	0.7050586685747513	-2.6999017546886406	4	4	0.5903712867161419	-15.82486650762615	5	5
pseudo_582	0.13373559285626807	-9.906974753527718	5	5	0.1471890763755127	9.840111615073381	3	3	0.22074062780533354	3.9472901905923354	4	4	0.8292175195021274	-5.486567426963653	3	3
pseudo_583	0.22859661542719145	-7.758679590709645	5	5	0.41157407115650013	-0.923361037704308	2	2	0.0629908000962707	3.94691986316294	5	5	0.009598560933684329	2.891999137189289	4	4
pseudo_584	0.6609078904350439	-5.367120837734451	5	5	0.7231827651624472	5.732263369424525	4	4	0.9396576634790652	-2.9188727312795386	4	4	0.6147447779785216	-4.594819093840708	3	3
pseudo_585	0.1729942477304247	-1.533263123070567	5	5	0.14115288331095652	4.50456254083526	5	5	0.39522901593468995	-10.026512651221621	5	5	0.6356001460143301	-3.2301167536681055	2	2
pseudo_586	0.12353742720790573	-9.515999087381287	10	10	0.3188427531384269	13.09906598990397	6	6	0.2325178636447799	4.108957511267514	8	8	0.8407550626331448	-13.565066310444223	8	8
pseudo_587	0.14887033285442197	-1.3264731079856302	5	5	0.665161924134298	13.257998661712262	5	5	0.7518815116894075	-1.4866396330492035	4	4	0.8760680865244481	-14.978950749886865	5	5
pseudo_588	0.7462783383973426	-6.303707801470591	5	5	0.5218535200068654	2.2219904018174357	3	3	0.09087228678948389	-6.871806680246583	3	3	0.41847589036876853	-9.614791224765662	1	1
pseudo_589	0.4477931313487006	-8.797927803250264	5	5	0.21597459497996718	12.567533549493348	4	4	0.6316483437512892	0.45002821646639646	3	3	0.500780752311927	-8.43898413430316	3	3
pseudo_59	0.05222150662661975	1.9549946046425006	5	5	0.06649662216515523	1.5640792053593415	5	5	0.14815242802607906	-6.604381778292396	5	5	0.5346196128272573	-1.9067985683535849	3	3
pseudo_590	0.3474530563446899	-3.175691875939092	5	5	0.29684812617975787	-0.1686343703507438	4	4	0.1334476696179969	-10.207248255646256	4	4	0.5308277060524229	1.4055612738456489	1	1
pseudo_591	0.42759062841615514	-4.114638122529935	5	5	0.37470328733451075	1.9255269291079695	3	3	0.25920729377161533	4.543631164413649	5	5	0.1574613807879972	-4.280563793653147	5	5
pseudo_592	0.9330574416648867	-4.27147928316701	5	5	0.2611538114013764	-0.9307177796468112	3	3	0.7250010011109276	-3.2165092266459787	4	4	0.7177868332479136	0.8556385396411921	2	2
pseudo_593	0.05259969096818855	-8.506581593269795	5	5	0.006323569941484401	19.2137712516211	3	3	0.06548656089344153	9.425938020232108	2	2	0.10361099073927978	-12.601641250313142	3	3
pseudo_594	0.2958764231493938	-1.5104109096581342	5	5	0.24225350841890403	1.9700799329410135	4	4	0.2888124128502789	-3.5420384048286113	5	5	0.7786313571194479	-3.602811976966178	2	2
pseudo_595	0.029891743921474145	-9.290108854391201	5	5	0.04320054443608857	15.705132633158687	2	2	0.1037977235809153	6.726533199978898	2	2	0.7686482492938345	-8.050627026715967	3	3
pseudo_596	0.6950627034372938	-2.8154681314015835	5	5	0.9585799326911743	8.7831123409448	5	5	0.7446005333242797	0.4975624059184854	5	5	0.8878180814342319	-5.596502691186818	4	4
pseudo_597	0.2396021604736418	-6.415159585691555	5	5	0.3693715154055066	10.071286666164422	4	4	0.3481438447860792	1.0125902072703032	3	3	0.8611413923233626	-8.447402253459503	4	4
pseudo_598	0.1246028083850758	-8.411818775675979	10	10	0.6763663316090288	12.124541637452547	8	8	0.6686340687751828	-3.2274169212618635	9	9	0.9671352966487564	-9.31018789753965	6	6
pseudo_599	0.9627794599571786	-5.155471921030217	5	5	0.6714626187770383	12.704211541693759	5	5	0.8203456541496533	-3.4285682888526128	4	4	0.4681122442692611	-8.665005181236205	3	3
pseudo_6	0.03885249233579012	2.0814358816109837	5	5	0.5274624956041833	5.489630946438063	5	5	0.36504617195161493	-6.53640331937553	5	5	0.9558683496593806	-12.219156472646775	5	5
pseudo_60	0.71354038409151	-5.00783730549395	5	5	0.672923790169198	8.94816236346992	4	4	0.5095876853578198	3.510986146755677	5	5	0.9635050030421082	-5.020490170250575	3	3
pseudo_600	0.33795820206783933	-5.954507308180187	5	5	0.8134556994139727	5.648583511921015	3	3	0.41313415934264297	3.3616786581980347	5	5	0.7306957467461217	-5.39248716509226	4	4
pseudo_601	0.531758511717827	-1.7783256790666595	5	5	0.12982531905012532	13.551030269723361	5	5	0.7506202565231375	0.09018118739533594	5	5	0.1470153402383464	-9.787956801903382	4	4
pseudo_602	0.1749644862773586	-1.3139979898139453	5	5	0.46716487000708506	5.219450542617528	5	5	0.5302020038461694	-3.5869074536590655	5	5	0.9935918463631742	-3.907147852235825	2	2
pseudo_603	0.5297192094115657	-1.6000264873488297	5	5	0.23567560908473884	12.451140402098899	5	5	0.7859065919023601	-3.0969896663319445	4	4	0.3071050850930711	-12.426667731656055	4	4
pseudo_604	0.3506549001788738	-8.70436693964698	5	5	0.653781841212506	4.651383924114827	2	2	0.1904158027481827	4.138573221666502	3	3	0.43665971493913525	-1.7254200221261868	3	3
pseudo_605	0.4185862734098569	-2.607923810291736	5	5	0.12640502134433174	1.4517285792329073	4	4	0.6464827970883652	-5.813132905587023	4	4	0.34737795093212276	-2.243434303021718	2	2
pseudo_606	0.2179562178508675	1.2650323205984078	5	5	0.47783572183374823	10.40841708705293	5	5	0.15039354332151236	-9.385645810727652	5	5	0.08324180167867337	-13.001738983559761	3	3
pseudo_607	0.4294051525609379	-8.895398719344664	5	5	0.07583256407825147	12.755087964744611	3	3	0.16883358591137876	6.479914028409009	4	4	0.6970237719155341	-9.262528587560542	4	4
pseudo_608	0.9009649124727902	-5.0182757345004205	5	5	0.19241943137019912	-1.2458658353821128	3	3	0.11470214334518179	-6.782184641694975	3	3	0.99090804093377	0.05854219799545568	1	1
pseudo_609	0.17104023731674456	-7.744773987425465	5	5	0.39936763338904124	6.50694076899228	3	3	0.012319942004910805	9.75776844498943	5	5	0.1824766433070576	-1.5417581930608002	5	5
pseudo_61	0.52565225562874	-7.0998509300229955	5	5	0.5291826553376806	6.474644915930778	3	3	0.14050144026308478	4.772884034013881	4	4	0.8611413923233626	-5.148736504800431	4	4
pseudo_610	0.4602342323059193	-9.426363530365224	10	10	0.46242987692774185	10.126400432056693	7	7	0.17312552973099615	-10.608117036515297	8	8	0.12510890451153991	-20.426207015620715	7	7
pseudo_611	0.6142668668864293	-5.007213971085743	5	5	0.133790592304217	11.994353857907429	4	4	0.33634587001886773	3.620911389656415	5	5	0.9864941527484754	-8.381040632604815	4	4
pseudo_612	0.7557198205586574	-2.704540747415655	5	5	0.5901692780308903	6.125159106806518	4	4	0.4551355246072166	3.2094239375330527	5	5	0.9558683496593806	-6.242431785510161	5	5
pseudo_613	0.562820165339881	-1.9977891006416109	5	5	0.9961285445921516	6.241373173642145	4	4	0.7518815116894075	0.5068910416162645	4	4	0.9774921655428062	-5.540701493197882	4	4
pseudo_614	0.8812924404059588	-8.64823296848587	5	5	0.46031755049896417	2.803933632260792	2	2	0.35213532508137113	-5.283784139466458	2	2	0.955166061730401	-7.92940217345367	2	2
pseudo_615	0.7089046769843945	-8.206941823475065	5	5	0.8134556994139727	5.2628986028064295	3	3	0.4929621589126463	-3.4054268961049856	3	3	0.8108715104888315	-7.751897125355894	1	1
pseudo_616	0.23882065133606645	-4.016773886867067	9	9	0.7574524593168153	12.642597054621355	8	8	0.978950238391502	-3.296778830119647	9	9	0.4857243986156441	-12.523102659771377	7	7
pseudo_617	0.14712676720397835	-7.518907594362191	5	5	0.0037346881452434565	18.555875854399034	5	5	0.1950415367346302	3.4343493661266535	4	4	0.05154330522057036	-15.578933370814484	5	5
pseudo_618	0.5502910343875352	-3.769308485018977	5	5	0.7304672979806208	7.391937245896874	4	4	0.342886044040806	-3.8601843435114573	4	4	0.7686482492938345	-8.063874440744543	3	3
pseudo_619	0.8534523001034928	-2.049795393150379	4	4	0.11705614283939623	12.707150445973483	4	4	0.9506750723839498	-1.7503070627353214	3	3	0.11518678126729759	-12.16267826505599	3	3
pseudo_62	0.542015286216004	-8.506623728302115	5	5	0.7145800531516097	-0.34837703223085725	2	2	0.76609049050143	0.4916871663885264	2	2	0.5153352157599448	0.9983797968929649	2	2
pseudo_620	0.9256399007906221	-2.5362377871159727	5	5	0.3540489517073495	2.1409619639877118	4	4	0.36131899320800476	-6.24288818754459	4	4	0.9635050030421082	-5.414754859063912	3	3
pseudo_621	0.7368747939779642	-2.5947487583746662	5	5	0.903450076951705	5.774723213923935	4	4	0.9432009779064074	-2.2879694421348167	4	4	0.7686482492938345	-4.969952353289357	3	3
pseudo_622	0.40091568705679337	-6.0330710684328634	5	5	0.2336189252929014	9.521600793451082	3	3	0.1296339602418838	-6.93902734356968	3	3	0.02103295599709122	-16.30231253874718	3	3
pseudo_623	0.7228434447781118	-2.1055254553609046	5	5	0.752464818944282	4.5985731864303725	4	4	0.0665625092970949	-9.900921234705985	4	4	0.27119373272877434	-13.07254303865416	2	2
pseudo_624	0.1759556996117957	-9.215502319032653	5	5	0.6858299677441657	6.1349651082928816	3	3	0.8933804666184174	-2.56479961847427	3	3	0.4728154766755992	-9.433566828219613	1	1
pseudo_625	0.667685504545382	-7.516419477410312	5	5	0.11705614283939623	15.170539183842843	4	4	0.24878155895041998	3.543945835873855	4	4	0.6721515770417354	-11.84148185474623	4	4
pseudo_626	0.37359262846377905	-9.190581447689915	5	5	0.7191658612704632	5.995079350436245	3	3	0.8527763562295603	0.2003139585089416	3	3	0.6820940333450014	-4.406536734952259	2	2
pseudo_627	0.6551905829164426	-8.742719424007456	10	10	1.0	8.614136846668154	7	7	0.5683707780215344	3.3483782311927732	8	8	0.3726742098613015	-8.651153709494745	7	7
pseudo_628	0.44038479210149994	-1.4543551292504688	5	5	0.22227962652621036	12.415227012590174	5	5	0.7809402705849261	-2.679987848786215	5	5	0.20828126500143163	-11.937990074261725	4	4
pseudo_629	0.5652522093814221	-5.01040413590119	4	4	0.46031755049896417	3.16523197149293	2	2	0.9835490367727855	-0.31147369953124054	3	3	0.8283245204925728	-4.228910506835674	2	2
pseudo_63	0.3837008599460243	-5.6349795286568325	5	5	0.8573198588050641	2.912089222479167	3	3	0.4202521562214223	0.8504066259020971	4	4	0.24198588110928465	-0.957690070024956	3	3
pseudo_630	0.774711322395288	-2.3225413317434085	5	5	0.3151863565729124	8.97037202715339	4	4	0.6984552139451855	0.3932938804459856	4	4	0.45297213972518047	-8.682444117901609	4	4
pseudo_631	0.774711322395288	-5.470942648384823	5	5	0.5834893063227444	9.48428919022036	4	4	0.9184250251325162	0.2901761506005071	4	4	0.516401735382113	-8.889864511167525	4	4
pseudo_632	0.7620493177928491	-8.098012096272475	10	10	0.03449108774112524	14.659327883696443	8	8	0.659225744235642	-4.423160686971937	7	7	0.0824797605439518	-15.818179078702945	7	7
pseudo_633	0.4459342630946044	-4.285254744230866	5	5	0.9723797262414219	12.171217389573592	5	5	0.5027686819163655	-3.490430955112002	3	3	0.5611120910024584	-11.50626842950489	4	4
pseudo_634	0.02625352415227013	-1.2897464521580446	9	9	0.9592807459095467	12.008118615267273	9	9	0.8145709211510477	-2.9686695512720047	9	9	0.4648247894388794	-9.47877206601786	7	7
pseudo_635	0.6296532716362127	-3.002983540093892	5	5	0.12640502134433174	-0.7368590045582554	4	4	0.2076027382867146	-8.426731747440838	4	4	0.7177868332479136	-0.6523284629455639	2	2
pseudo_636	0.9454326877333342	-4.587942858995909	5	5	0.7960645047447044	2.180650503705294	3	3	0.20846379315938257	-6.5248548814316925	3	3	0.5153352157599448	-8.773532357192881	2	2
pseudo_637	0.22028946410653716	-8.67145855680924	5	5	0.27258205463938423	-1.1949861587413704	2	2	0.07128813063486895	9.659694449464538	5	5	0.032471707575966825	2.5689922581163205	4	4
pseudo_638	0.8862041818092954	-4.483555874802469	5	5	0.6941098300813123	-0.1224805505678314	3	3	0.5328079379113353	3.3683988075814946	5	5	0.11518678126729759	1.87039954714012	3	3
pseudo_639	0.18301306427207364	-9.008540108725585	5	5	0.7787740228595545	6.439505489566385	3	3	0.7372703233771958	-3.400678915352571	2	2	0.6586821561494349	-8.51995785493342	2	2
pseudo_64	0.8908441736519463	-7.9666996180040925	10	10	0.21331757588234435	15.570516237182957	9	9	0.7205952212047849	-3.2660390463422075	9	9	0.07668122483211876	-14.292680339849936	7	7
pseudo_640	0.39743592434354047	-5.415162458131566	5	5	0.14415152066792353	10.384034775047146	4	4	0.2277201088441222	-8.064442630344372	3	3	0.04551673828265738	-18.573743235162816	2	2
pseudo_641	0.1652789765130741	-8.675039427033601	5	5	0.08974601905694186	12.614392645237778	3	3	0.5430012977952541	3.2802528422944257	3	3	0.3179183394988778	-12.6599904239007	4	4
pseudo_642	0.13454376791532047	-8.691719802131978	5	5	0.1848633894020848	9.839677996476228	3	3	0.09147500495903267	7.615610684671192	4	4	0.9415243127734115	-5.79273537743862	4	4
pseudo_643	0.2346656091290813	-2.6205168912190007	5	5	0.29237736694890715	-0.2672985273243163	4	4	1.0	-2.8479294244581035	5	5	0.24728688575955604	1.3406041210762745	3	3
pseudo_644	0.8568058609538756	-2.6075806419025147	5	5	0.5187078775333873	4.040269999056805	4	4	0.2870106245335984	0.9320603456347464	5	5	0.4262586054679042	-1.748413048475772	4	4
pseudo_645	0.5338020968763408	-5.855315144501453	5	5	0.7191658612704632	2.4226271702805477	3	3	0.1244975265441855	-6.716425433561426	3	3	0.30772726640929027	-9.422382282121823	2	2
pseudo_646	0.4781240518582581	-5.376589852528408	5	5	0.41849150319104855	-0.7682964356742309	3	3	0.29535648794769387	1.265967463524043	4	4	0.042066827200372914	2.36408790247855	3	3
pseudo_647	0.8397452416669255	-8.183073600162237	5	5	0.4651552936864265	5.0559894198833515	3	3	0.901538468117128	-0.1873507721666987	3	3	0.7786313571194479	-3.579033047469168	2	2
pseudo_648	0.4477931313487006	-0.10742742685793046	5	5	0.9930936381355887	5.8399945969289275	5	5	0.20646669169043474	-9.15374032361286	5	5	0.3109832858349705	-9.335893537518968	3	3
pseudo_649	0.2680612248718265	-0.9824265008481156	5	5	0.09999348038522843	-1.6040893935306293	4	4	0.6984552139451855	-3.2097206959439863	4	4	0.22158298310542035	1.5595192903969721	3	3
pseudo_65	0.774711322395288	-5.3026833908134385	5	5	0.4249839944591046	1.3516214174789747	3	3	0.25245446359616475	3.8385388211989793	4	4	0.2042304179313733	-0.06772335326446921	4	4
pseudo_650	0.5860368371312621	-8.8311412940644	10	10	0.34052754077793934	6.285142372549608	7	7	0.26577281029159294	-3.289975268999287	8	8	0.7477332587832924	-8.506953822637875	4	4
pseudo_651	0.6722188638282838	-4.685687341373364	5	5	0.7360411704975673	2.7587904603326696	3	3	0.7931649135152219	2.851426553501295	5	5	0.30179009604559737	-4.405743890351892	4	4
pseudo_652	0.46288520881062833	-5.477571367851449	10	10	0.8682099787703641	12.288480523832183	9	9	0.7582152763608879	-2.0287509228055005	9	9	0.9027940367493382	-12.644484582462894	8	8
pseudo_653	0.6790414426350231	-5.092685544839205	5	5	0.9961285445921516	5.912736629846099	4	4	0.8866894254562072	-3.0882017118861125	4	4	0.7419348757734384	-3.5210013527266044	2	2
pseudo_654	0.9925532981516069	-4.638618658767211	5	5	0.1471890763755127	9.659463058847683	3	3	0.22074062780533354	3.89949770007345	4	4	0.7306957467461217	-9.054403347986229	4	4
pseudo_655	0.3816914171233623	0.6752141857897275	4	4	0.752464818944282	2.57058591036515	4	4	0.9609332864438509	-2.6787828649913568	4	4	0.7686482492938345	-2.2421534003444847	3	3
pseudo_656	0.7890446381929012	-3.4718923332766303	5	5	0.8271582915209736	3.5254745843161754	4	4	0.3520261323683881	-5.291778759016391	4	4	0.7388605626131051	-5.62667282079483	3	3
pseudo_657	0.8276048900878025	-2.473951800540735	5	5	0.0688255329103868	-2.0248971539712044	4	4	0.0137979456000027	-10.279595059457495	4	4			0	0
pseudo_658	0.609901325510049	-5.171657875850802	5	5	0.3510034941306043	9.061661767643233	3	3	0.5838891299941864	3.2966899823085782	4	4	0.7222259567064059	-9.230940970559214	4	4
pseudo_659	0.44038479210149994	-8.548972985465952	5	5	0.6369691559544517	6.086667002967173	3	3	0.9042748541798945	0.20316323314534132	2	2	0.6519751063056869	-5.623053526383724	3	3
pseudo_66	0.1955951766587114	-9.851719691679897	5	5	0.7666881751935527	-0.2710896207305309	2	2	0.5070171181767764	4.232246171473318	4	4	0.1798350282618032	1.972075989792545	2	2
pseudo_660	0.5925787624647025	-1.6263691694208466	5	5	0.2391120689235039	14.417147220433856	5	5	0.8902076711075978	-2.476536604433169	4	4	0.2165570558475871	-13.114541137774795	4	4
pseudo_661	0.24074468461936838	-9.826785977961103	25	25	0.7262567639431105	15.652071549767953	17	17	0.32397800796107135	10.044316165573202	20	20	0.8796562346735056	-18.305245087498555	20	20
pseudo_662	0.3538763085008265	-8.477083674913272	5	5	0.8198737038735534	3.5461729103486457	2	2	0.4463857270827286	4.047159291382046	4	4	0.28079900472908725	-1.4906154089812425	3	3
pseudo_663	0.47427225692066766	-1.5890480288154778	5	5	0.512440202821652	4.766011693284253	4	4	0.6794834619764405	-3.454577330951505	5	5	0.7388605626131051	-4.125724544495182	3	3
pseudo_664	0.42578092735609907	-1.6103345791181438	5	5	0.8489715023065556	8.579312081636877	5	5	0.7748479063586586	-3.323975985350551	5	5	0.8190412486246205	-4.477368560486108	3	3
pseudo_665	0.1419897154729345	-0.9882048444557375	5	5	0.6378832840984665	6.436257470469016	4	4	0.47893347731787406	-3.495342403574521	4	4	0.40646057631660515	-6.414064274066841	3	3
pseudo_666	0.5297192094115657	-7.29398458555782	5	5	0.03369248470456494	13.396002454196145	3	3	0.24673262449410172	-8.472873990544922	2	2	0.009825056106384069	-19.244734626979923	3	3
pseudo_667	0.5502910343875352	-3.9054566520071377	5	5	0.8354298148251096	11.102834106687366	5	5	0.5777879834322077	-3.306888373402746	4	4	0.6709285657109667	-8.395571223855702	3	3
pseudo_668	0.52565225562874	-5.3569345739805385	5	5	0.7304672979806208	9.530364477660074	4	4	0.5070171181767764	0.5403460275731519	4	4	0.859912066115945	-5.557891756762763	3	3
pseudo_669	0.18610081921022226	-8.095405594786042	5	5	0.16970735378797863	10.407319617029582	2	2	0.9588878863680067	0.12282500738269302	3	3	0.3236353498215411	-9.57890459393167	3	3
pseudo_67	0.10438118119474037	1.4524658262592574	5	5	0.8557593596037136	8.255292110123055	5	5	0.18985298411727136	-6.87430897768526	5	5	0.4842971604966001	-8.354354221632073	3	3
pseudo_670	0.150629629431149	-1.855405055949204	5	5	0.31053347007596377	-0.9127061572920283	4	4	0.47893347731787406	-6.149433611538494	4	4	0.3154077823191145	1.597544155115954	2	2
pseudo_671	0.44710847873032633	-1.3593636874166826	10	10	0.898433499076343	11.254495695844938	9	9	0.9050394800108663	-2.95822643316631	10	10	0.791807722759195	-13.768508454082399	8	8
pseudo_672	0.9916578011430095	-4.864450516174886	4	4	0.8956928218066482	4.120793887232642	2	2	0.46416927127788754	3.029938471228484	3	3	0.7487488115809312	-2.8136614146427465	3	3
pseudo_673	0.22980152666978781	-5.97895082797102	5	5	0.32827648480074934	6.442854278202559	3	3	0.6279866365726792	-2.6280121819206945	3	3	0.2574479241936739	-9.613169587606762	2	2
pseudo_674	0.45527178357639975	-8.521373625640713	5	5	0.3444900172197465	-1.0373856763797669	2	2	0.5308996638754093	-4.667420459353131	2	2	0.6567405678600139	1.15283754165708	1	1
pseudo_675	0.9256399007906221	-4.690417819101945	5	5	0.2496330100144285	14.904153375933367	5	5	0.7266360793446235	3.6495842807225	5	5	0.30179087500327006	-11.545089328143218	4	4
pseudo_676	0.9330574416648867	-4.744840576626043	5	5	0.8661504309338228	0.015068085086654174	3	3	0.8621287216111431	-2.3987537333279323	4	4	0.3154077823191145	1.5913470586491751	2	2
pseudo_677	0.3413717520693549	-6.036111051483214	4	4	0.2757315773800072	8.610685391284049	3	3	0.028141790913646013	7.568375205955899	4	4	0.6721515770417354	-3.998583704182149	4	4
pseudo_678	0.054419317419837354	-1.740832363072781	10	10	0.11494289350811772	2.4268105775031383	9	9	0.2859145428802906	-9.432596967777743	9	9	0.5009746229397429	-4.712056914040798	6	6
pseudo_679	0.8276048900878025	-5.517290401331144	5	5	0.36273220755321967	2.0193414079541423	3	3	0.6400994920987608	-2.6182865279709233	4	4	0.6147447779785216	-4.529015658089162	3	3
pseudo_68	0.27225286212706545	-4.777773910113886	10	10	0.5168561332390775	5.541139354543816	8	8	0.8918656086442167	-3.65283649829907	10	10	0.3463961226333294	-8.84042450496248	8	8
pseudo_680	0.18301306427207364	-9.228625512218455	5	5	0.9614759002475808	3.9657568032155233	2	2	0.1403988065934774	4.552121177963436	3	3	0.38465163968243365	-1.6287633501921708	3	3
pseudo_681	0.6541582083470081	-7.964626272290509	5	5	0.8221864928668894	7.706311583914662	3	3	0.2836195840808067	3.567194100874412	3	3	0.5346196128272573	-3.9809119078306376	3	3
pseudo_682	0.9888772215386844	-4.94508205566769	4	4	0.41157407115650013	8.879800434640227	2	2	0.9753257406359819	-0.11851454096311653	3	3	0.5607347604558015	-8.801898020684575	3	3
pseudo_683	0.5379008217646373	-5.548878422553614	5	5	0.9551956971570861	5.500019018765034	3	3	0.9609332864438509	-0.51788706224489	4	4	0.8190412486246205	-5.953530314580786	3	3
pseudo_684	0.26773548360725097	-8.881722636208279	4	4	0.6810711497615791	8.508096232743071	1	1	0.6027011226062545	-1.7228440085225138	1	1	0.31049489359326643	-10.072624642992002	1	1
pseudo_685	0.562820165339881	-7.661675729926134	5	5	0.2848287340187803	-1.1762810105135566	2	2	0.3653928522760551	-4.958684735348577	2	2	0.8285892790746467	0.8491679253212627	1	1
pseudo_686	0.4221746175174962	-2.2095085844446696	5	5	0.5062122435155483	2.493069931287183	4	4	0.8203456541496533	-5.089596711206164	4	4	0.6519751063056869	-4.639968769053739	3	3
pseudo_687	0.542015286216004	-3.534621795957919	5	5	0.7086892841096155	3.751106187638386	4	4	0.6369174933316673	-5.300579105845004	4	4	0.7177868332479136	-4.649311638116782	2	2
pseudo_688	0.3075252229573632	-8.367064469234942	5	5	0.32827648480074934	8.287058541354988	3	3	0.05253643742947494	10.040750884275083	5	5	0.33660888689444723	-4.001061515213866	5	5
pseudo_689	0.028964735770625225	2.775755073342404	5	5	0.23567560908473884	2.7432823973676523	5	5	0.14593691553638583	-10.060865398289742	5	5	0.9935918463631742	-3.8892981539768465	2	2
pseudo_69	0.3164584337353391	-1.438771868838714	5	5	0.9723797262414219	12.100483079333086	5	5	0.47947134960130244	-4.171754953093111	5	5	0.19785219162059375	-9.751767059305699	3	3
pseudo_690	0.6142668668864293	-4.946551582344726	5	5	0.7672435995177201	8.756099801702305	4	4	0.41537140478181456	-3.4997946684067442	3	3	0.46013351195390617	-8.847819396741889	3	3
pseudo_691	0.3837008599460243	-4.254584446095911	5	5	0.11057615149708874	-1.4668972294915938	3	3	0.9822367693449567	-0.030275870534928195	4	4	0.13786449136871085	1.8377355691030701	3	3
pseudo_692	0.5797368137990038	-4.786352629492039	5	5	0.133790592304217	13.114225696699767	4	4	0.6800508677135734	-2.8643866942244594	3	3	0.04619148693047574	-13.102024089633275	3	3
pseudo_693	0.9108247831035664	-8.183133937309027	5	5	0.5482932847203043	3.3748957299588227	2	2	0.8205663984883573	-0.3758756073748282	3	3	0.6241887624344389	-3.2425840255558764	2	2
pseudo_694	0.12585766303839893	-9.043284684778063	5	5	0.041967786207896915	15.060665884210094	3	3	0.09285921969770555	6.819230515418247	3	3	0.546002570572736	-11.340282927018464	4	4
pseudo_695	0.3844912751084715	-8.597075930285426	9	9	0.5785181871667852	13.475386893935541	6	6	0.16926216747491196	-9.471468888901114	5	5	0.06180261909040557	-18.705194700355438	4	4
pseudo_696	0.5586285266713641	-2.291217930773356	5	5	0.9961285445921516	5.557266458558266	4	4	0.8761487099115874	-2.813619864637501	4	4	0.8394225267808086	-5.330855835051475	3	3
pseudo_697	0.21106319262628104	-1.4650557352867664	5	5	0.0688255329103868	-1.7986546071419813	4	4	0.47893347731787406	-3.327083227716731	4	4	0.304781297730664	1.3856284816342779	3	3
pseudo_698	0.9851072505913057	-2.50578594915335	5	5	0.7451089369951867	9.476479249836498	4	4	0.8862746029461042	2.2144997505815307	5	5	0.8919539175558792	-10.376636880142504	5	5
pseudo_699	0.08147429073431367	-8.258328121324938	5	5	0.0232191278046937	15.413011602978065	3	3	0.267997858876336	5.037253393876741	2	2	0.11823409095379275	-12.13413549301916	3	3
pseudo_7	0.7747112392213931	-2.7715957010663264	5	5	0.8499088102041967	3.4036223841002027	4	4	0.49006356808377716	-6.164118124561622	4	4	0.6241887624344389	-4.763400474297068	2	2
pseudo_70	0.40091568705679337	-9.468637849785702	5	5	0.44481100323205125	9.067127013263475	3	3	0.20125065852415136	6.417731744433631	4	4	0.688695176818324	-5.871454984026588	4	4
pseudo_700	0.9058930346079408	-3.1381634903191507	5	5	0.9574340344660829	3.440682459870748	4	4	0.9325745967343774	-5.132094755943607	4	4	0.7419348757734384	-2.7171432126278083	2	2
pseudo_701	0.542015286216004	-6.501895996747116	5	5	0.6450110118633418	2.305038110798549	3	3	0.4151354164732276	1.2569245666990172	4	4	0.3775440420812346	-0.7206540090073545	3	3
pseudo_702	0.9206984051801299	-3.333507222424877	5	5	0.341018685407788	12.312468559990789	5	5	0.5699626026722312	1.0254469602594678	5	5	0.5385241945222166	-8.205926594639115	4	4
pseudo_703	0.3016633925849711	0.8257492488665558	5	5	0.02230282931821173	-2.1403528839292245	5	5	0.9809829291243851	-5.241326107103851	5	5	0.005925497282469172	3.4140182799385794	3	3
pseudo_704	0.14712676720397835	1.5006921665682678	5	5	0.5795920272960879	10.444752706041335	5	5	0.6911631956493104	-2.355832945316251	5	5	0.4262586054679042	-9.111556851313644	4	4
pseudo_705	0.6996656835808294	-5.1257562960765	5	5	0.1503502857369216	-1.3631934916221866	3	3	0.16071255505670456	-3.7082370819073103	4	4	0.13549271670428376	2.880288212358682	1	1
pseudo_706	0.7580856539193054	-4.900501602243771	5	5	0.38691557268187815	6.509623808653409	3	3	0.5430012977952541	0.7256877698084511	3	3	0.7686482492938345	-5.6256204405713754	3	3
pseudo_707	0.27896385633945897	0.5685696853725722	5	5	0.24609067384536432	-1.15323855487303	5	5	0.20362676264880641	-9.407963342266404	5	5	0.8033785783179226	0.6319890886177637	2	2
pseudo_708	0.9727003329122428	-4.950576599377217	5	5	0.15356300005092438	-1.275005896341203	3	3	0.6984552139451855	-3.115870199619105	4	4	0.39905555634338286	1.4481537852496098	2	2
pseudo_709	0.1809756498243159	-6.832920260006387	5	5	0.3338667471178933	5.3781283856030955	3	3	0.18013554819527433	2.1307302632564418	4	4	0.546002570572736	-4.762382376552308	4	4
pseudo_71	0.8714828280875104	-2.0956253740221764	5	5	0.18252650262784453	12.427457136049847	5	5	0.8487661492426557	-1.9580815609831956	5	5	0.3879605814828416	-12.00793012665014	4	4
pseudo_710	0.41323737189147436	-8.193730384755156	5	5	0.5210544099779815	5.047681841195505	2	2	0.3481438447860792	3.54156280363244	3	3	0.9843548320060657	-2.58707494712587	3	3
pseudo_711	0.02762060069032776	-0.3975970315946515	5	5	0.45199877546423384	4.824383444771496	4	4	0.05961921860805176	-7.408814493377044	4	4	0.15053515984656202	-10.072624642992002	2	2
pseudo_712	0.52565225562874	-5.591855494417628	5	5	0.7275870029403386	3.321161394420228	3	3	0.2561649935848326	4.133801841737091	4	4	0.7995587803741879	-2.175468091779781	4	4
pseudo_713	0.32863166060842497	-6.145230039598329	5	5	0.486006655545813	2.0979772025782712	3	3	0.5777879834322077	0.8246652931150501	4	4	0.13786449136871085	-0.876209849755576	3	3
pseudo_714	0.8534523001034928	-0.1475251611842319	4	4	0.7451089369951867	2.9054619064977008	4	4	0.35665349150070447	-8.918757091501863	4	4	0.7068828428416181	-8.569472269925893	1	1
pseudo_715	0.2987605541911106	0.14049227535505673	5	5	0.5619492894958866	3.93043859889757	5	5	0.3735193090866946	-9.129169343003204	5	5	0.8292175195021274	-4.890993992425938	3	3
pseudo_716	0.7890446381929012	-2.542464254125597	5	5	0.8489715023065556	8.38707849680326	5	5	0.4570927445480947	0.6182444993836943	4	4	0.844451985518846	-8.174239033997011	5	5
pseudo_717	0.3669462599849117	-1.5022337750452424	5	5	0.42335870036441137	2.523932958908736	4	4	0.279222879013838	-6.559069877680613	4	4	0.5794593620066385	-4.832002801198513	2	2
pseudo_718	0.8496879514262472	-9.174225974149067	10	10	0.731758848024599	10.22539460799659	6	6	0.07122813238798627	-10.67598907783328	7	7	0.13191806058529615	-16.02267986566724	4	4
pseudo_719	0.7089046769843945	-7.419130144387971	5	5	0.06591930627265803	15.95466543548983	4	4	0.42147617945050475	1.1349431570082986	2	2	0.13483724375992023	-15.505495541533913	4	4
pseudo_72	0.9058930346079408	-4.975480828010659	5	5	0.37470328733451075	2.538243330782326	3	3	0.9893414980608868	-0.13167865723680258	4	4	0.9739276904749025	-2.9930450124779355	3	3
pseudo_720	0.07932099598345042	-1.3362648240186843	5	5	0.6036337845565438	9.142245035066285	4	4	0.5889924067044334	-4.437800140604135	5	5	0.5385241945222166	-12.126674255526206	4	4
pseudo_721	0.3669462599849117	-7.594592800773703	5	5	0.21229788944136307	11.090041317818182	3	3	0.16397424828383067	6.165717734962505	3	3	0.9426801010511117	-4.766007984582093	3	3
pseudo_722	0.3974361034306422	0.385782855934915	5	5	0.2094378824799784	10.853175994478013	5	5	0.6621079281550658	-5.405328292392597	5	5	0.07549798534745704	-12.69877000613318	4	4
pseudo_723	0.9975177340174071	-2.633659099200513	5	5	0.5050864027188934	5.230649162522246	5	5	0.9556455018001118	-3.136372652528971	5	5	0.8190412486246205	-2.2545593450431	3	3
pseudo_724	0.006955283965942929	-1.0348525416572543	10	10	0.000752468603731196	-2.5156106749827427	9	9	0.002681861857026535	-10.593009421051375	9	9	0.16383715976175117	1.7774896093491048	3	3
pseudo_725	0.9950354939435258	-4.962930715760571	5	5	0.2501586933556549	12.593832235568577	4	4	0.2599132370496461	-3.2867348995984234	4	4	0.033397658671896736	-18.87742258439805	4	4
pseudo_726	0.6330262165736978	-2.4399240406130964	4	4	0.6693837588445546	2.3755122686650068	3	3	0.6918745031735067	-0.2632915690424016	4	4	0.8908197786395017	-2.518357170872419	3	3
pseudo_727	0.2958764231493938	-1.2020368000968034	5	5	0.8423105224700136	2.779914877065656	4	4	0.3403546054826989	-3.121547639199994	5	5	0.8408644267658066	-7.452877173408243	2	2
pseudo_728	0.019877239885131653	-10.13547549945307	10	10	0.11717856871314537	13.631519518151066	5	5	0.06527568618153219	5.139675837312265	5	5	0.7730327918802467	-12.29421677786189	6	6
pseudo_729	0.6099009864748779	-4.474941062098931	5	5	0.43153494984794094	6.6423100472664816	3	3	0.6657878555858668	1.4647504688497304	4	4	0.9235804246070363	-8.260521168974945	4	4
pseudo_73	0.6186461196194168	-6.03653687997478	5	5	0.39936763338904124	6.548096144126728	3	3	0.6563557030333143	-3.1626291726106115	5	5	0.4906830981850502	-12.415004309493376	5	5
pseudo_730	0.713540124347067	-5.216571728504219	5	5	0.10564488205225205	-1.5081964544820476	3	3	0.11751927771534612	6.780792072423194	5	5	0.022077929855405166	2.8531990508239695	5	5
pseudo_731	0.6318648686720789	-2.5696350544711213	5	5	0.8727853087933759	2.6971379794041788	4	4	0.2728667769175742	-3.012744765542156	5	5	0.8158282173436158	-8.175135300744419	2	2
pseudo_732	0.13373559285626807	-8.640584501565522	5	5	0.798484975127361	4.781961727880449	2	2	0.19812830722008	3.6078137572556965	4	4	0.5019195834933028	-4.849307154201445	4	4
pseudo_733	0.8421782440715131	-4.299435082686121	5	5	0.6131018897789341	5.859195037317595	3	3	0.45172129607052425	1.0987891502116016	4	4	0.7487488115809312	-4.6963508264886515	3	3
pseudo_734	0.3895406232775219	-9.311119935379388	10	10	0.3711095792543253	12.96730517922997	6	6	0.822887785945464	-3.4146868663368593	7	7	0.5859078688536682	-15.685237104744516	6	6
pseudo_735	0.24461148461034132	-6.184544212137915	5	5	0.6052347830947278	2.6517245561567564	3	3	0.3294630759132753	0.9930453646677652	4	4	0.11518678126729759	-0.6910368267094	3	3
pseudo_736	0.8179218676340224	-2.657851566241669	5	5	0.8017966961132214	5.545186566100422	5	5	0.7147420481221316	-3.548565430492337	5	5	0.7987815134894407	-1.819494754786876	3	3
pseudo_737	0.4167986770058215	-5.799873086584814	5	5	0.1820903479356254	14.363448466460667	4	4	0.8902076711075978	-2.3378094979441317	4	4	0.08123385312419207	-15.666397836837696	4	4
pseudo_738	0.9503866340646998	-0.43170532978454057	5	5	0.5561265906259225	9.10709733481522	5	5	0.24764965521143145	-0.692431303377533	5	5	0.7648948966991103	-6.533080960941664	4	4
pseudo_739	0.767045573427563	-1.8708741332759509	4	4	0.9016292194903456	2.9529944593471185	3	3	0.38647546217210615	-5.798809395354826	3	3	0.4747295980691312	-8.841609489586414	2	2
pseudo_74	0.08592314605784732	1.2712294012629128	5	5	0.09827261615470353	-1.848026544841403	5	5	0.6794834619764405	-6.182129481164782	5	5	0.1718971713946742	1.9047865685127483	3	3
pseudo_740	0.22028946410653716	-8.810245339007126	5	5	0.41157407115650013	2.6217992785997755	2	2	0.620690151691334	0.430048794561584	3	3	0.36411005091594517	-2.0731940728032803	2	2
pseudo_741	0.7509944190436915	-5.382323891571848	5	5	0.3059261486361967	12.179803272845104	4	4	0.18013554819527433	3.797321956829729	4	4	0.9684930440136454	-8.789918490838632	4	4
pseudo_742	0.1125937329918556	-8.942614580147874	5	5	0.5762175395862381	3.461709617230273	2	2	0.7807316015986879	-0.7994883348016862	3	3	0.5050175619871264	-5.257839606843231	2	2
pseudo_743	0.774711322395288	-8.420355068350906	5	5	0.41157407115650013	8.668236368536409	2	2	0.901538468117128	-0.10840849203188495	3	3	0.5607347604558015	-8.649982659627167	3	3
pseudo_744	0.9950354939435258	-3.174958622488857	5	5	0.4462250366937085	11.837046339716267	5	5	0.6678801609851692	0.6388275932167535	5	5	0.9864941527484754	-8.409569394252868	4	4
pseudo_745	0.5461452384766607	-1.7976217784582935	5	5	0.5377453206526243	5.422128066053124	4	4	0.6528919708181018	-3.5897465471169423	4	4	0.5091320130313971	-5.94965568586764	3	3
pseudo_746	0.6452023614489277	-4.9368544420173395	5	5	0.3798121005542555	9.275281671273236	4	4	0.16438633965388416	6.803055432112012	5	5	0.713432485172854	-5.110822085080188	5	5
pseudo_747	0.5712486909673462	-4.7578754712634845	5	5	0.5819096789887162	4.390532236187357	3	3	0.7966028859498259	-2.531987217141389	3	3	0.6586821561494349	-5.305377449832269	2	2
pseudo_748	0.3506553571576182	-2.1195243897800133	5	5	0.9729049155392885	5.513148130413376	4	4	0.627412848653238	-3.080543909513741	4	4	0.7192145505606329	-5.671107936789522	3	3
pseudo_749	0.43304724112648785	0.9342516192279261	5	5	0.9310216668684299	6.645844903861409	5	5	0.3403546054826989	-9.835730960569315	5	5	0.6234911975836641	-11.628019168500991	4	4
pseudo_75	0.26007885709600986	-9.293066632266944	5	5	0.20885803975834627	16.12302573886232	4	4	0.07859193839113074	6.907748695258179	4	4	0.817044721781739	-9.397218940802766	4	4
pseudo_750	0.1691036074935084	1.0197204456831013	5	5	0.98618779371086	5.810688529632202	5	5	0.5250089907495157	1.1242991580995019	5	5	0.6762700814803211	-5.2265932595233044	5	5
pseudo_751	0.04004334498628066	-9.261735964173234	5	5	0.745702920008283	8.791869046610895	2	2	0.06332823719792241	9.62004348806669	4	4	0.19630127950364495	-1.452864783003955	4	4
pseudo_752	0.19559560060285863	-7.567873710775725	5	5	0.11726645852665085	13.473796443686126	2	2	0.0659051641605836	9.01959292753146	4	4	0.4462065426482692	-5.079568877025995	4	4
pseudo_753	0.3538763085008265	-9.036909210524518	5	5	0.6450110118633418	8.810647711955248	3	3	0.6528922292717694	2.9189843606449295	4	4	0.7887013088790334	-5.647390017322199	3	3
pseudo_754	0.4666204941087142	-8.046278164674032	5	5	0.08152093673472631	15.704358769757098	4	4	0.43582294338096783	3.3173521242463413	4	4	0.3109832858349705	-8.89619134114732	3	3
pseudo_755	0.26007885709600986	-1.4852151411089736	5	5	0.09800778014003353	-1.5861179410020068	4	4	0.4994401335798361	-3.2626900588969696	5	5	0.1696313799903556	2.016562877007881	2	2
pseudo_756	0.19559560060285863	-1.1549221878643257	5	5	0.14150565699796228	1.7720148487338154	4	4	0.6918745031735067	-2.8615428125562423	4	4	0.24198588110928465	-1.1997689689918882	3	3
pseudo_757	0.6452023614489277	-3.9674589318313234	5	5	0.7685269399038692	11.093071229308686	5	5	0.5780824648450211	-2.991485639308648	5	5	0.5784813256465693	-4.2365499886071625	3	3
pseudo_758	0.8343609589735916	-2.248921318266784	4	4	0.9194471539626119	3.7801107720704663	3	3	0.20440875029006234	4.496068896970274	4	4	0.516401735382113	-2.2718681588610856	4	4
pseudo_759	0.48587909263588835	-8.739709520561089	5	5	0.628969833060491	5.832931332844583	3	3	0.7468383279406352	-4.099729972654912	2	2	0.36411005091594517	-9.308732034663628	2	2
pseudo_76	0.8519241227613956	-5.664952556565074	5	5	0.1704138619597052	-0.7136540368716077	3	3	0.4100556759082744	0.8974929386164656	4	4	0.0382582076632274	2.548511469813812	3	3
pseudo_760	0.8130906556898387	-4.460748046957214	5	5	0.34406039449213544	12.857362511368905	4	4	0.3821131176130116	3.2589577391293454	5	5	0.546002570572736	-9.959487354644692	4	4
pseudo_761	0.07619907188627914	-9.574193390520579	10	10	0.33425358713590403	12.802356256568054	4	4	0.11951734529962699	3.39649033513645	7	7	0.6307408596222315	-9.4037737938084	6	6
pseudo_762	0.6496739572048208	-2.2913311419107485	5	5	0.9574340344660829	5.677916001658318	4	4	0.1079414924824909	-7.248718722335419	4	4	0.30017156267093015	-9.505336438988358	2	2
pseudo_763	0.2930109898368324	-1.212813416963434	5	5	0.16083260760972973	-1.5166612083771067	4	4	0.9254968649843824	-2.2081868133370564	4	4	0.15606662171948552	1.824093611735566	3	3
pseudo_764	0.8650797456251195	-6.8656722989802015	10	10	0.2923249914121948	18.056699872232972	9	9	0.27389026347002055	-3.0828560310927977	8	8	0.05144743074507124	-20.135543380406133	7	7
pseudo_765	0.3360926520584496	-8.39000232166071	4	4	0.1964540518764879	-1.942337340092033	1	1	0.9143100694810842	0.3345451447192094	2	2	0.5013772507429461	1.5232104649989004	1	1
pseudo_766	0.2873361710142319	-7.976486280527642	5	5	0.2164455463212619	9.522982406655423	3	3	0.39282806795155256	1.0778447761500254	2	2	0.4214014545789403	-7.947832412115734	3	3
pseudo_767	0.5586285266713641	-1.9950261860732839	5	5	0.9729049155392885	3.1687614373209243	4	4	0.8301340963826291	-0.004853419382213953	5	5	0.7735198011655687	-2.2137338196391987	4	4
pseudo_768	0.4449743577533867	-4.546322475049565	9	9	0.241439655443365	10.596753737123997	7	7	0.6399929918032139	-6.163639742676332	7	7	0.07494214114187371	-13.505303142121058	6	6
pseudo_769	0.7317496944157467	-9.272002617948967	9	9	0.18786846355674092	16.569406952994996	7	7	0.26940660997831634	-6.013276577540723	5	5	0.07742623870811938	-15.553966272011754	5	5
pseudo_77	0.029910258971931107	1.5894448062956152	4	4	0.06591930627265803	-1.7793506042630451	4	4	0.011285621040093922	-10.168600314941601	4	4			0	0
pseudo_770	0.32863166060842497	-3.869489896139681	5	5	0.43468535458993085	4.209831687312221	4	4	0.8972504042483103	0.34641783346090366	4	4	0.38465163968243365	-1.1039375622305674	3	3
pseudo_771	0.25745500478765326	-1.1005134844167743	5	5	0.761921704158004	12.780560402460232	5	5	0.1288995395337527	-7.042735421484191	4	4	0.14136752646270598	-12.251354907596456	3	3
pseudo_772	0.2262006534934522	-7.620906326220191	5	5	0.9724775459033901	8.020151768707837	2	2	0.041216159937815494	7.1241855063075645	3	3	0.2520215298219919	-4.374968700561897	4	4
pseudo_773	0.3301742019815962	-8.82018939549334	5	5	0.2017641327487506	-1.3101367109185604	2	2	0.12515534722568572	10.781773220312163	5	5	0.025082972193527363	2.5093392982247216	4	4
pseudo_774	0.9751813131641581	-5.494637240722192	5	5	0.9462472744390631	5.5725132420844545	3	3	0.34287214938340116	-3.546135036725135	3	3	0.32321315799713723	-9.39236106527569	2	2
pseudo_775	0.817921697945994	-5.217716544510506	5	5	0.24711785755020887	9.336886030434755	3	3	0.5093629632027732	-3.2077181190877564	3	3	0.12775627936449013	-12.38628855124893	3	3
pseudo_776	0.2396021604736418	-8.702855548109367	5	5	0.9614759002475808	3.682006733722508	2	2	0.8487353719179286	0.3941063563250929	3	3	0.6586821561494349	-3.1873151852807498	2	2
pseudo_777	0.5175665261031901	-5.8376227776947145	5	5	0.1568276462516408	9.875827198054521	3	3	0.48448137062362273	3.4661518334100094	4	4	0.3696241991795256	-9.864607450720264	4	4
pseudo_778	0.16861980659990594	-7.298167735728707	4	4	0.136899851282559	18.464598396110247	1	1	0.04617029843264846	9.972731672781403	2	2	0.5260529796097602	-4.654467589825056	3	3
pseudo_779	0.78425866361207	-2.507424516359975	5	5	0.7226690701527598	8.22028144068909	5	5	0.8761487099115874	-1.8562613626566542	4	4	0.739198500347517	-7.812629697247659	4	4
pseudo_78	0.45527178357639975	0.45020057690369825	5	5	0.16083650204798983	-1.3509514629222792	5	5	0.6649913151361498	-8.72759445335413	5	5	0.06828005356393435	2.801538567281236	2	2
pseudo_780	0.47064121504948486	-5.339689956488158	4	4	0.5575267224330435	3.5248680308567044	2	2	0.1296339602418838	4.20135463734777	3	3	0.1064144635141224	-0.3833071773657843	3	3
pseudo_781	0.4313832035771906	-7.846501119872191	9	9	0.5361853860640229	7.4906317427664435	6	6	0.7917199739233863	-4.923974238024027	6	6	0.6970237719155341	-6.228164051052751	4	4
pseudo_782	0.39397479237029165	-7.333667392362649	5	5	0.2611538114013764	8.956059599372063	3	3	0.5567598267165714	-3.290880524393018	3	3	0.20159835430101525	-13.716316035625823	2	2
pseudo_783	0.7986403367560554	-2.873311364910137	5	5	0.14150565699796228	10.711904403998668	4	4	0.9325745967343774	-2.5187835479763647	4	4	0.19630127950364495	-13.390506945351534	4	4
pseudo_784	0.03885249233579012	-9.41204723786227	5	5	0.378470291490166	9.773260885076407	1	1	0.06497037837215669	6.914661000859673	3	3	0.8190412486246205	-2.6947737112349386	3	3
pseudo_785	0.37359262846377905	-2.0757294480858692	5	5	0.15795551721759393	9.439794432478967	4	4	0.4570927445480947	-3.4742815968781646	4	4	0.06501736905886729	-12.747906739060559	4	4
pseudo_786	0.8714828280875104	-5.239619550981044	5	5	0.26595265908958	6.731194509923081	3	3	0.8852337300203293	-1.9716512765036882	3	3	0.5260529796097602	-8.544530188153187	3	3
pseudo_787	0.3075252229573632	-2.5902087638585543	5	5	0.43087725836532154	12.25134181772835	5	5	0.9893414980608868	0.6825373363988811	4	4	0.37322125700359077	-12.78863189654382	5	5
pseudo_788	0.6904709364093857	-2.2475616262364775	5	5	0.6448301450738294	4.803150399388085	4	4	0.993660442784436	-2.5537594549435383	5	5	0.9739276904749025	-4.484920789878954	3	3
pseudo_789	0.04380324358217814	-0.7237162351031691	5	5	0.08037718999282659	4.667092852753298	5	5	0.025101727907907538	-10.341152968649252	4	4	0.8534448419467351	-8.237750250415768	2	2
pseudo_79	0.7042797255876492	-5.765011745461855	5	5	0.3118722054478731	6.765228719537962	3	3	0.8933804666184174	-2.2956321906986323	3	3	0.2642592074011081	-9.598161262776774	2	2
pseudo_790	0.5135475353741242	-7.933400034222125	5	5	0.7024263634168448	5.758290977454716	3	3	0.9097068818104876	0.05892215628343515	3	3	0.9115204920746716	-5.086863196436129	3	3
pseudo_791	0.33795820206783933	-1.602865090338755	5	5	0.9342595588314601	5.630713428138786	4	4	0.39522901593468995	2.008149858927474	5	5	0.7512877248197642	-5.0216565978686365	5	5
pseudo_792	0.6452023614489277	-5.576769951571717	5	5	0.8134556994139727	2.7582483764756405	3	3	0.476849308594961	0.83208991312708	3	3	0.5346196128272573	-1.7678428650749787	3	3
pseudo_793	0.7986403367560554	-5.148752887505785	5	5	0.6858299677441657	2.4114928432714358	3	3	0.5418259833965873	-3.087288980189857	4	4	0.9296011428204549	-4.045790379883381	2	2
pseudo_794	0.8262080861454797	-0.0453088162551877	4	4	0.6729234731767585	6.268437164223731	4	4	0.34743658376896713	-5.778225447141629	4	4	0.14162409188411074	-10.07605216010889	2	2
pseudo_795	0.45527178357639975	-8.394153654235142	5	5	0.8522047471066597	4.386957888633596	2	2	0.7028588396759679	-2.7103159045739993	3	3	0.9935918463631742	-8.049315374029904	2	2
pseudo_796	0.14030833052178127	-8.757922918211197	5	5	0.7145800531516097	0.35639197699691305	2	2	0.07965810188908923	4.855199129245526	3	3	0.0476399359759143	2.3828546837718325	3	3
pseudo_797	0.5840029431772022	-2.0548649212610615	5	5	0.19119630579580937	11.820683379590461	5	5	0.6736721054511448	-2.6219355157397515	5	5	0.17746946847200618	-12.317873695517397	4	4
pseudo_798	0.5015903276820892	-8.106601496187743	5	5	0.7772464278740601	3.9459816429416037	2	2	0.6134307987600431	-2.8203268304060614	3	3	0.980777192385471	-8.065421124957155	2	2
pseudo_799	0.20102127437751127	-8.698810899328045	5	5	0.3012414809297749	9.596469586848645	3	3	0.03756890075046263	6.936172835707457	4	4	0.3817877693051497	-5.025611638328419	4	4
pseudo_8	0.7030462885966173	-8.269595942236165	10	10	0.9651797680471684	7.473740509194482	7	7	0.20325073198722332	3.5188638016969747	9	9	0.21459605569932805	-8.301376636395185	8	8
pseudo_80	0.32556025569709457	0.7821351320493902	5	5	0.40111752317354443	5.367967626079427	5	5	0.08467494893200034	-9.538473443425497	5	5	0.5432560717039489	-8.71305029392514	3	3
pseudo_800	0.14030802950309315	-8.744845246347156	5	5	0.3686875179246394	12.15205807451975	3	3	0.41537140478181456	3.30749145680533	3	3	0.5874525158575528	-8.491681509967286	3	3
pseudo_801	0.5175665261031901	-1.8685513849533082	5	5	0.8219367402807811	8.815745296908373	5	5	0.2327161153189956	-9.398565780552058	4	4	0.1696313799903556	-13.826892025823325	2	2
pseudo_802	0.472787363619832	-5.696643214682564	4	4	0.8749977433549524	5.902747563708471	3	3	0.9588878863680067	-0.12620789530134757	3	3	0.7541065963725084	-4.257562404708126	2	2
pseudo_803	0.78425866361207	-2.690182718220749	5	5	0.7746652364788146	5.5576693225505585	4	4	0.5747483981552963	-2.8910951333561687	4	4	0.6239646640889823	-5.769457941743923	3	3
pseudo_804	0.9503866340646998	-5.642439878508163	5	5	0.3693715154055066	9.47303027876805	4	4	0.8761487099115874	-3.29139090793138	4	4	0.4681122442692611	-8.709148585328412	3	3
pseudo_805	0.41146367565648345	-2.517964888528367	5	5	0.9729049155392885	6.574879054507743	4	4	0.5900201096898269	-5.866367576169772	4	4	0.4747295980691312	-8.93856913545508	2	2
pseudo_806	0.22264057359940836	0.9811373260164692	5	5	0.14830528595037984	1.5691005853434834	5	5	0.7748479063586586	-2.5236963376445956	5	5	0.18483403734822568	-1.3074862978662505	4	4
pseudo_807	0.6395375812110009	-9.14449021640085	10	10	0.3865919482296981	5.017571157426091	7	7	0.5169134926304075	-3.1446976729452776	7	7	0.4474612647863091	-4.589979155279871	5	5
pseudo_808	0.7938385867796887	-5.49484866420223	5	5	0.15231852832858572	13.378820801424553	4	4	0.5498593572265599	0.5209461314669841	3	3	0.34028424261055945	-12.509742278699827	4	4
pseudo_809	0.8130904816684765	-2.618328280686159	5	5	0.3151863565729124	8.886879943820864	4	4	0.9746457728001827	-2.7964710863688644	5	5	0.7742984561044359	-14.771090404419263	5	5
pseudo_81	0.7557198205586574	-2.450096068416585	5	5	0.512440202821652	6.856798209404576	4	4	0.6222786418719025	0.9070486917325932	5	5	0.8840051722586065	-9.032496181591084	5	5
pseudo_810	0.71354038409151	-3.118318240829303	5	5	0.5062122435155483	2.1200291525725627	4	4	0.1528902210764004	-8.65378545827056	4	4	0.34424439292855846	-9.915914262457882	1	1
pseudo_811	0.71354038409151	-5.957593863249779	5	5	0.1440789389758796	-1.4443010468973483	3	3	0.07131842709091274	4.697015313257778	4	4	0.029824678023672547	3.1130581088235707	4	4
pseudo_812	0.7290736586313715	-8.666802677720943	10	10	0.4656051967259992	19.248456226185528	8	8	0.16823922436248528	3.2399012434231373	9	9	0.8155423751892638	-15.82503256481231	9	9
pseudo_813	0.6407435579881753	-4.452092372370088	5	5	0.29684812617975787	4.487922615331093	4	4	0.14536097394376937	-10.21331648259485	4	4	0.6241345496233696	-9.048066818014028	1	1
pseudo_814	0.19559560060285863	-7.150929357632393	5	5	0.242558810705645	7.574908957372827	3	3	0.5637022305673232	-5.09668055882786	3	3	0.16783118503704242	-12.513273917927103	3	3
pseudo_815	0.09790716471451959	1.5398244018785185	5	5	0.2716348212096271	1.5797962738906068	5	5	0.312934534758911	-6.4281108564008695	5	5	0.870193222569462	-2.306883643769151	3	3
pseudo_816	0.596888217655889	-3.907704084786721	5	5	0.7672435995177201	5.1913297628803905	4	4	0.1904158027481827	-6.3456992900597085	3	3	0.5469320728860858	-8.793241121034473	2	2
pseudo_817	0.21912043607951437	-7.8124924923966566	5	5	0.12370046851451348	10.406216779661237	3	3	0.9042748541798945	-3.661945758433497	2	2	0.17603642558930854	-11.991021797223292	3	3
pseudo_818	0.5776091003961015	-4.585806768378486	5	5	0.9551956971570861	3.8276813590251124	3	3	0.1201654845321105	5.338057099387986	4	4	0.4004872972660001	-1.8425651485228205	4	4
pseudo_819	0.8837477087240508	-5.054704409386598	5	5	0.9731083679586155	3.0853160685853194	3	3	0.2912657246786108	1.5235107914021775	4	4	0.17603642558930854	-0.6779741877557507	3	3
pseudo_82	0.40091568705679337	-7.818672515286164	5	5	0.3065263072624945	11.231781683199273	3	3	0.32229881273712657	3.6143372034429553	3	3	0.7887013088790334	-8.125795548149403	3	3
pseudo_820	0.1652789765130741	-8.264826096992772	5	5	0.6438553983082143	5.5641794586240065	2	2	0.5430012977952541	0.9707890405040575	3	3	0.9423761816144207	-4.705298294094112	2	2
pseudo_821	0.6186461196194168	-2.0264374760691113	5	5	0.24225350841890403	2.346684457774692	4	4	0.9043012416170285	0.23428956581619312	4	4	0.2123900450403613	-2.2503185442368703	4	4
pseudo_822	0.2548495753712686	-5.506479186494115	5	5	0.29237736694890715	9.552589661277134	4	4	0.8272775505216724	-2.8513899548212063	4	4	0.6332438286069103	-8.375068826494404	3	3
pseudo_823	0.4312237924224155	-7.974782874793873	5	5	0.512440202821652	12.661730738988275	4	4	0.9848499710691029	-1.8201068800975937	2	2	0.45297213972518047	-13.190886214643355	4	4
pseudo_824	0.20655611467074664	-9.505204824679753	5	5	0.16545847579912587	-1.5154332277699094	2	2	0.33918644907763307	-5.262665772170133	2	2	0.7932501047089533	0.9184420188033613	1	1
pseudo_825	0.34745287340372655	0.6070048831533345	5	5	0.20631264917779546	1.7929572445577027	5	5	0.22109781381928262	-9.56840896736273	5	5	0.878714669839499	-4.092809574970087	2	2
pseudo_826	0.5670269230765042	-1.5002721659166813	5	5	0.7226690701527598	9.070410551261268	5	5	0.46794252261754965	1.8466474971098428	4	4	0.8052872096850119	-8.14530540892511	5	5
pseudo_827	0.4588064485350062	-9.501234596538508	9	9	0.415840207251994	10.469795742657537	5	5	0.974027432953514	-1.6312740038047877	6	6	0.20668386202053146	-13.119604666483307	5	5
pseudo_828	0.24209770765590943	-1.9029520169066443	5	5	0.7451089369951867	2.460408827915378	4	4	0.8549962013293507	0.129410432028252	5	5	0.43949885675382794	-1.8506799181127036	4	4
pseudo_829	0.9603000903686151	-4.490187001626222	5	5	0.5365637960944252	2.1064657005343967	3	3	0.13226313865162753	-6.607231911887294	3	3	0.4588776128570278	-9.474297217795733	1	1
pseudo_83	0.6296532716362127	-4.549282251210432	5	5	0.3798121005542555	9.630692942239586	4	4	0.7336872309440315	-2.8783819835537092	3	3	0.43665971493913525	-8.64791784192699	3	3
pseudo_830	0.05222150662661975	2.3291070529185207	5	5	0.2496330100144285	1.751528786135152	5	5	0.7266360793446235	-3.4494209695869897	5	5	0.4262586054679042	-1.899902069981761	4	4
pseudo_831	0.7415717424522612	-5.358395055297066	5	5	0.8397132531802258	3.4717958188726894	3	3	0.8933804666184174	-2.7275965033661227	3	3	0.4948097965728985	-5.013477130419523	2	2
pseudo_832	0.7986403367560554	-5.144045168942772	5	5	0.9111406646498671	5.372154689830958	4	4	0.04330780408258447	-9.787595657484802	3	3	0.1184860370986868	-19.11134244428694	1	1
pseudo_833	0.1030598777980849	1.978219251949519	5	5	0.8693666466321252	5.326162242476706	5	5	0.3821131176130116	-8.444768319294763	5	5	0.4948097965728985	-8.737061754747508	2	2
pseudo_834	0.16718307419475664	-1.0759116908149675	5	5	0.40123074290781857	2.022194562722903	4	4	0.18599305736196436	-9.24986963535897	4	4	0.5308277060524229	-9.297171032463433	1	1
pseudo_835	0.4185862734098569	-7.981863790419305	5	5	0.16014464495519076	10.303837442001017	3	3	0.7414642091769931	0.3398297628526457	3	3	0.6519751063056869	-8.61024563262805	3	3
pseudo_836	0.8812924404059588	-4.831599041595961	5	5	0.35911124745802514	12.061703082661227	4	4	0.7722433747642534	-2.826189075199322	4	4	0.26367578338108444	-11.456641529318127	3	3
pseudo_837	0.06782095335839504	-9.784144249997851	5	5	0.08576816742135863	14.625977407220162	2	2	0.3642660556920527	3.8022035423124705	3	3	0.28079900472908725	-9.485494721846228	3	3
pseudo_838	0.2179562178508675	0.4970813629383048	5	5	0.415840207251994	3.498227471821132	5	5	0.7809402705849261	-5.268682377563617	5	5	0.3636337746485804	-4.372525791081262	4	4
pseudo_839	0.3974361034306422	-2.0098763705690437	5	5	0.9188395857235161	3.2969265864826496	4	4	0.4410862182662745	-5.975808459340666	4	4	0.5091327089768307	-5.96982024027071	3	3
pseudo_84	0.23712480677415515	-7.7866051024504825	5	5	0.9283718814052414	3.6298553782055225	3	3	0.8852337300203293	-2.1019825589682224	3	3	0.9635050030421082	-5.573522338900162	3	3
pseudo_840	0.9801438975978024	-5.007505110397871	5	5	0.8485071080769009	3.0589792691531312	3	3	0.8366371417379277	-1.5629066695975042	3	3	0.5794593620066385	-2.6472175551872574	2	2
pseudo_841	0.7042797255876492	-5.5113713262171835	5	5	0.016187963521966057	-2.6877461226210744	3	3	0.1296339602418838	-6.715813013606916	3	3	0.26900936251825636	2.260176059165106	1	1
pseudo_842	0.11119065946249368	-9.572371988455624	5	5	0.6241933662913467	5.192968945391797	2	2	0.7336872309440315	0.6439767009487767	3	3	0.7887013088790334	-5.581073223695223	3	3
pseudo_843	0.9875891505728029	-6.9000807403775175	5	5	0.4519761870989961	5.28479820622506	2	2	0.9949497205902303	-3.4996561207212196	2	2	0.435946114093955	-8.626138728672696	2	2
pseudo_844	0.41501550121170194	-9.139960712267799	5	5	0.7701690854235015	6.60211476148208	3	3	0.26110939005596623	3.95444549742863	3	3	0.7053890414270343	-4.844861266966085	4	4
pseudo_845	0.9206984051801299	-4.8593094102791206	5	5	0.5313610007096	4.6279233602360135	4	4	0.9506750723839498	0.07205912225329136	3	3	0.7053890414270343	-5.096270010967405	4	4
pseudo_846	0.5544521144248699	-7.554849876394989	5	5	0.08854724898441411	16.587622711143137	4	4	0.2912657246786108	2.279908628955354	4	4	0.15991654473201622	-9.940829328367409	3	3
pseudo_847	0.1729942477304247	1.2640997435867234	5	5	0.6217376854373851	5.570257760641823	5	5	0.5944827779439739	-3.5055966262984657	5	5	0.9864941527484754	-5.466034936626895	4	4
pseudo_848	0.3769435762004306	-1.2260321487205996	5	5	0.10825899539685407	-1.7435805588333846	4	4	0.9538375681389846	0.1597450328577831	4	4	0.1207287265884155	2.061758842671018	4	4
pseudo_849	0.04445801253269541	1.8396176981102084	5	5	0.21578996344797174	2.428665955657173	5	5	0.4455994616750272	-3.625759460250661	5	5	0.591924367286905	-2.5787720960044243	4	4
pseudo_85	0.1587429254244057	-1.0707353970007985	5	5	0.9497042377088097	6.131072218481219	4	4	0.17174039046725653	-3.59472386492448	5	5	0.26367578338108444	-12.028769600612856	3	3
pseudo_850	0.535849330978182	-4.9687459995248355	5	5	0.08156345413466422	10.444372831747446	3	3	0.45994631844167266	3.3215768120415117	5	5	0.30713265650147925	-15.79505654335567	5	5
pseudo_851	0.10706412861510464	1.044254988439989	5	5	0.6156358354978164	9.325129335166112	5	5	0.9873212857805898	-2.3305922022763945	5	5	0.7059419574241852	-12.477555704505859	5	5
pseudo_852	0.03333981855242625	-9.127859282346165	5	5	0.21757365017106411	11.524883253578668	1	1	0.34145446471370466	2.797095385379193	1	1	0.7068828428416181	-8.569472269925893	1	1
pseudo_853	0.47427267617343294	-5.770226083802023	5	5	0.9497042377088097	5.5984599552744285	4	4	0.3403546054826989	3.632742556417565	5	5	0.4197266890205037	-1.7014104342500271	4	4
pseudo_854	0.6676852082106196	-2.100080311434985	5	5	0.7231827651624472	2.8415786687006777	4	4	0.7485039733716299	-5.236629132072494	4	4	0.980777192385471	-3.7864955200313437	2	2
pseudo_855	0.3348306407358873	-5.616118549382314	5	5	0.6369691559544517	3.39513001671447	3	3	0.09839755870203462	7.413305851036628	5	5	0.23710913070838058	-1.7699656620310744	5	5
pseudo_856	0.5726228770446442	-7.085360154181669	10	10	0.490871262713225	11.322087136205761	8	8	0.4230579013824769	-9.882337762833265	8	8	0.7742984561044359	-11.500022442102809	5	5
pseudo_857	0.9046342166267817	-8.743385133677233	10	10	0.6156486411811852	6.6704375837066605	7	7	0.20454399045600524	-3.4380136295743093	8	8	0.844451985518846	-11.894551602319039	5	5
pseudo_858	0.9826254834351245	-7.600022336316212	5	5	0.22557636415613624	19.526114683583923	5	5	0.7996360730719679	-3.798570264403354	4	4	0.05546687049591355	-13.166000726980593	3	3
pseudo_859	0.542015286216004	-6.3125579811699595	5	5	0.628969833060491	1.989772705299184	3	3	0.8831735908066727	0.47694886224407557	4	4	0.4289911441296608	-1.4174161791328241	3	3
pseudo_86	0.9900711800828141	-0.3760859569133532	5	5	0.37728662746297414	9.262331174330674	5	5	0.9683102165650581	-2.902278331037179	5	5	0.44146842120616336	-12.655852061423134	5	5
pseudo_860	0.4044135042915773	0.09223568069342362	5	5	0.1853834443760528	-0.4401638195786539	5	5	0.3148430982989664	-9.470424113569718	5	5	0.4454669683385002	1.3175702700998233	2	2
pseudo_861	0.03712251534604568	-9.463554502536068	5	5	0.24711785755020887	12.0725953501985	3	3	0.14291535645597944	3.5823238254752723	4	4	0.9864941527484754	-7.611444762605473	4	4
pseudo_862	0.6631641223233999	-1.8948878262599347	5	5	0.9729049155392885	4.919344164384346	4	4	0.34743696798012036	-5.991317734001768	4	4	0.26930162341674224	-9.395929653378357	3	3
pseudo_863	0.562820165339881	-8.773612665968889	5	5	0.2607006467262958	-1.2005702249458627	2	2	0.0396737827526611	-10.455714702889177	2	2			0	0
pseudo_864	0.08764113485098106	-9.264252102550998	5	5	0.6385576176361238	-0.6824077310969123	1	1	0.924358963712214	-0.33736606987642315	2	2	0.9002475767852199	0.6552681480324498	1	1
pseudo_865	0.13454376791532047	-8.624446966170419	5	5	0.5210544099779815	8.268570603162658	2	2	0.33765175389802937	3.486916825973798	3	3	0.5794593620066385	-2.634779225002513	2	2
pseudo_866	0.7127938351516079	-5.072705988412543	9	9	0.3200486556356863	11.509651371225445	8	8	0.46719319357312417	3.1878385798665785	9	9	0.13364663232285448	-7.707888579490917	7	7
pseudo_867	0.3506553571576182	-1.9176788077363165	5	5	0.2835721453888159	9.604454291204908	4	4	0.9822367693449567	-2.0498253673281908	4	4	0.4004872972660001	-11.775202930073183	4	4
pseudo_868	0.3593484705576535	-5.653044157029367	4	4	0.9283718814052414	4.92955900320027	3	3	0.9342660210685179	0.042332783830360265	3	3	0.7298273652942457	-3.0441424265953536	2	2
pseudo_869	0.8470483286501816	-4.567463669748741	5	5	0.04107184677742303	15.546509623800011	5	5	0.7384012820370391	-2.800900627776196	4	4	0.05154330522057036	-18.505208725216715	5	5
pseudo_87	0.3538763085008265	-1.5977065847685594	5	5	0.9172714128232853	12.256250000631312	5	5	0.33634587001886773	-3.8692886585273363	5	5	0.24198588110928465	-11.646210881838291	3	3
pseudo_870	0.9503866340646998	-5.171126253981337	5	5	0.0621408762979126	-1.7171433512704901	3	3	0.11190177393981902	-10.305324596735185	4	4	0.32149347875360623	2.039433375047752	1	1
pseudo_871	0.3905317912172386	0.4698992359893879	5	5	0.5274624956041833	4.519512079642331	5	5	0.14050881950806063	-8.819953442850906	5	5	0.7177868332479136	-7.927054421787879	2	2
pseudo_872	0.4330470665756939	-9.505025876240529	5	5	0.13379019231800868	17.17285150156162	4	4	0.2963055619431655	-5.17333207367658	2	2	0.03474651916904088	-15.723684313917213	3	3
pseudo_873	0.27320549285262963	-4.573722879425254	10	10	0.5109568940368991	13.631643658289136	9	9	0.351196908891241	-10.194613561974249	9	9	0.8943830060559933	-10.511165863401388	6	6
pseudo_874	0.005518997216646005	-9.661386542861544	5	5	0.136899851282559	18.464598396110247	1	1	0.10379743953075395	8.771662014009104	2	2	0.9843548063059443	-5.172515060154937	3	3
pseudo_875	0.2873361710142319	-8.714792738485157	5	5	0.08557571336488258	12.240851583818598	3	3	0.19812830722008	6.033281749100659	4	4	0.3518363522262342	-9.287066589334344	4	4
pseudo_876	0.14626070735698166	-8.788939812182841	5	5	0.43814406128980377	6.72089835326858	3	3	0.29924212981783105	-8.131465739565227	2	2	0.1978601637281051	-18.24856075336323	1	1
pseudo_877	0.18653793375787442	-8.390856773077934	4	4	0.9687763486620268	0.1573569207526173	1	1	0.0382394830715812	7.287337246545359	3	3	0.08559518784891612	2.079069625307478	3	3
pseudo_878	0.5216013301793341	-9.029482973273259	5	5	0.7249046593296341	4.5707784469656945	2	2	0.279222879013838	3.519505463045506	4	4	0.2520215298219919	-4.792252508989712	4	4
pseudo_879	0.5797368137990038	-2.498628698663567	5	5	0.8271582915209736	9.305975711095728	4	4	0.34439382546361674	3.7041093687499917	5	5	0.6113740096888745	-8.249869715014722	5	5
pseudo_88	0.2987605541911106	-1.6206007740015078	5	5	0.7487635757823436	12.684423763582897	5	5	0.6055330865177595	3.1171303281432987	5	5	0.9638861952698493	-9.509185212706356	5	5
pseudo_880	0.0682905815366411	-9.259081308395112	5	5	0.38085144607479493	9.395234554766171	2	2	0.03455647323119589	7.304490965651383	3	3	0.3460295858785828	-4.669694066154656	4	4
pseudo_881	0.8309537279522606	-7.894578840792981	10	10	0.7522942872359161	12.280226138079186	8	8	0.43044893288464103	-9.27462324817343	7	7	0.8919539175558792	-11.34814119131926	5	5
pseudo_882	0.8397453916224826	-5.408285484451679	5	5	0.8423105224700136	5.784280005808081	4	4	0.5213763543246939	-2.742792616635605	4	4	0.4080975662807528	-8.838862561172425	2	2
pseudo_883	0.22500959137204424	0.6223150856100891	5	5	0.08341791611582182	-1.8017228628862156	5	5	0.352563614479123	-9.615739154855254	5	5	0.043809336614001826	3.013091429125714	2	2
pseudo_884	0.09790716471451959	1.2772666834045991	5	5	0.04942576238919173	-1.9602563510087894	5	5	0.48442233605580665	-6.451221586110093	5	5	0.1718971713946742	1.736837848957783	3	3
pseudo_885	0.22500959137204424	-6.317671936018413	5	5	0.3246288487294027	9.613799962466246	4	4	0.620690151691334	-5.194758312494961	3	3	0.34323345256294346	-11.593601009540185	3	3
pseudo_886	0.3974361034306422	-8.71906222404844	5	5	0.38839697412902696	2.879869904930895	2	2	0.03397016433206243	-10.518866275489819	2	2	0.19003936926237697	-18.384565253237618	1	1
pseudo_887	0.41146367565648345	-1.493182873997754	5	5	0.6448301450738294	6.020052576528609	4	4	0.2675231912847583	-6.638189222877937	4	4	0.3311433768670189	-9.68642788251081	2	2
pseudo_888	0.6858905325138384	-2.1558912908433365	5	5	0.665161924134298	4.596269062443531	5	5	0.9809829291243851	-2.7070909133451657	5	5	0.7388605626131051	-1.5909616059072758	3	3
pseudo_889	0.9046374817789229	-7.599031413061776	8	8	0.08674646953358417	1.677010425334018	4	4	0.2991659404391914	5.532258515037705	6	6	0.16263278077499377	-2.873485599638259	6	6
pseudo_89	0.0024441187231148236	-9.954460738685968	5	5			0	0	0.008563385660396466	10.666431053326681	3	3	0.044780300492739566	2.343468535788515	3	3
pseudo_890	0.1083958724718086	-9.407970175060223	10	10	0.262514893647807	16.392708224491642	7	7	0.28779316582625647	3.244685572717891	8	8	0.8367849933224187	-9.835289317046437	6	6
pseudo_891	0.8862041818092954	-2.763957203608691	5	5	0.6658555056334625	3.7789989011447624	4	4	0.0586191933669639	5.126285133403818	5	5	0.15163375046141242	-1.5244971593201448	5	5
pseudo_892	0.6904709364093857	-5.881144203042645	5	5	0.13505054324283053	-1.411692557193297	3	3	0.1296339602418838	-6.6543788860521085	3	3	0.7583305265250361	0.9394396303576062	1	1
pseudo_893	0.7462783383973426	-3.2458348575379077	5	5	0.46375515388477917	7.672367097366435	4	4	0.4410862182662745	-0.831577015898331	4	4	0.9774921655428062	-8.109350462030076	4	4
pseudo_894	0.09175791462150464	-9.16224447512254	5	5	0.4000257220456531	9.62935219157875	1	1	0.8858228544492613	-0.23348000386008733	1	1	0.39274518286822935	-9.704516597165256	1	1
pseudo_895	0.3348301822605039	-3.791541211928706	5	5	0.7672435995177201	5.026026514015705	4	4	0.3167600592078206	3.2512775750552483	5	5	0.43284943323702774	-1.7549888525915023	4	4
pseudo_896	0.13947325147177286	-1.1721586426744581	5	5	0.8727853087933759	5.690049093962183	4	4	0.8425455294761101	-0.23319549827366778	5	5	0.8700175836875019	-5.741975351603439	4	4
pseudo_897	0.8034497146201811	-4.792892676610125	5	5	0.14683598266600578	12.210784447127844	4	4	0.2241115471079056	6.708707789064313	5	5	0.9719076943334543	-9.18112341474269	5	5
pseudo_898	0.18506742871666204	-7.282664832552829	5	5	0.26595265908958	7.580516002685193	3	3	0.05012799501403392	5.728099638239308	3	3	0.5237232041753621	-4.8613798278064015	4	4
pseudo_899	0.5670269230765042	-8.373957752625454	5	5	0.44481100323205125	4.666852740792026	3	3	0.41537140478181456	3.1804816235442694	3	3	0.4462065426482692	-4.630853059232093	4	4
pseudo_9	0.08592314605784732	0.5743993193122339	5	5	0.34542600941399404	2.9455446735116175	5	5	0.7566552002445445	1.0347828721879553	5	5	0.3023913808582793	-1.4843108745511095	5	5
pseudo_90	0.9108247831035664	-5.327837778530005	5	5	0.7159232287040406	5.287614456969384	4	4	0.7790664492679092	-2.0148088607309176	4	4	0.9843548320060657	-5.123566361214611	3	3
pseudo_900	0.41146367565648345	-1.4774913413078739	5	5	0.6943005178345667	2.5247716869905763	4	4	0.26768749062810193	-3.096670587285882	5	5	0.9935918463631742	-7.67664997169007	2	2
pseudo_901	0.41146367565648345	-1.2298164810035708	5	5	0.5162115811839872	12.560637063975179	5	5	0.37076418310577175	-3.6395851077596952	4	4	0.16001715967127494	-12.934061943053832	4	4
pseudo_902	0.12688136401060862	-0.7278020201354742	4	4	0.6693837588445546	2.3795634714562746	3	3	0.5656765287469643	-3.1385894522663516	4	4	0.9679674970160776	-3.8633255227346988	2	2
pseudo_903	0.7509944190436915	-6.024036594983065	5	5	0.8047480249577542	2.566320053863576	3	3	0.5567598267165714	-3.1360477864780343	3	3	0.7909786289519256	-4.26794040757372	2	2
pseudo_904	0.8470483286501816	-3.9991994955202017	5	5	0.185289888201555	11.945192547129793	4	4	0.7050586685747513	0.24539330021378047	4	4	0.3817877693051497	-11.541483648642432	4	4
pseudo_905	0.5092275817250096	-4.939832990903248	10	10	0.2129507111069454	11.431132226255684	8	8	0.6686340687751828	-2.839817423195349	9	9	0.13956577132042963	-16.21439600183399	8	8
pseudo_906	0.5925787624647025	-5.740772328878148	5	5	0.486006655545813	6.476795724643714	3	3	0.3172840063349439	-6.1396276868652215	3	3	0.1798350282618032	-14.138470795711621	2	2
pseudo_907	0.250955569052457	-7.611194386819478	9	9	0.6571721275789184	13.645856174534943	7	7	0.9414105792613923	1.1491840844182966	7	7	0.8223166702324443	-12.705010139313707	8	8
pseudo_908	0.20211966698696737	-6.112074190653544	5	5	0.4120577666654196	6.480571686309425	3	3	0.3074087038631157	-6.017694325155266	3	3	0.14602828431015114	-13.961787664258342	2	2
pseudo_909	0.9139631232188312	-2.533501303020239	4	4	0.628969833060491	1.93100896101698	3	3	0.3921543554186584	-5.618328389661286	3	3	0.8660626408883095	-7.538394673078703	2	2
pseudo_91	0.24461148461034132	-1.561260258409882	5	5	0.5619492894958866	8.664156617131397	5	5	0.7506202565231375	-2.718282115152982	5	5	0.9774921655428062	-7.908975188551493	4	4
pseudo_910	0.32556025569709457	-1.9200128946308788	5	5	0.26650522510487673	1.5374728562842392	4	4	0.5780824648450211	0.9583042276000645	5	5	0.2862174247796564	-1.448457251342005	4	4
pseudo_911	0.7509943276908473	-8.426785977231786	5	5	0.12053053793973478	-1.7662922863197164	2	2	0.023066178400182845	-10.813674172872098	2	2			0	0
pseudo_912	0.8207832390960631	-4.492949756983669	4	4	0.38077936234642007	8.792557363619443	3	3	0.7250010011109276	2.9270500223865548	4	4	0.9530885481507942	-5.430143736838751	3	3
pseudo_913	0.09562612557413806	-9.819631306084451	10	10	0.690502183111606	9.136139489918966	5	5	0.8084913314083343	-3.480006194294125	6	6	0.7512877248197642	-8.35481668545213	5	5
pseudo_914	0.7938385867796887	-5.320557240256171	5	5	0.04719600168918471	12.982372500570222	4	4	0.28319896262777244	2.148040358549011	4	4	0.17919759059316354	-15.33914570833875	5	5
pseudo_915	0.044348637645927814	-10.171145157628423	9	9	0.21597459497996718	0.04786513145898841	4	4	0.3833074151301684	-3.266721967528665	6	6	0.18860004309452705	1.7602943867642284	4	4
pseudo_916	0.17104064328353485	-7.99648447623754	5	5	0.7145800531516097	8.813396038996704	2	2	0.14370168132146402	5.6112407484677895	2	2	0.34993123056735387	-4.004676764708333	3	3
pseudo_917	0.26538194102987545	-8.664852603865297	5	5	0.15319213788999692	-1.6023887152284706	2	2	0.5308996638754093	-4.612428239618452	2	2	0.231497839511154	2.391564122766404	1	1
pseudo_918	0.5502910343875352	-1.7448074363076878	5	5	0.6658555056334625	8.797359792269056	4	4	0.3852163569318551	-5.841097240671715	4	4	0.25266867661575065	-11.073288526828145	3	3
pseudo_919	0.11032564143146174	-8.824758718470882	10	10	0.5901692780308903	11.684650665077067	4	4	0.2667518714248285	3.076086238926168	6	6	0.6177826562268578	-11.810373300031992	6	6
pseudo_92	0.7890446381929012	-5.490520482715003	5	5	0.09407840825889631	-1.6049728986133733	3	3	0.6337427120038525	0.6497424223677064	4	4	0.0382582076632274	2.6144385721899206	3	3
pseudo_920	0.5549672214623159	-8.378313733074004	10	10	0.0886565330867084	18.28260542002997	7	7	0.05018834993225655	9.734296648557214	9	9	0.9413745200266667	-12.477775407327341	10	10
pseudo_921	0.71354038409151	-8.747054312140984	5	5	0.5291826553376806	5.105437593970249	3	3	0.28319896262777244	4.360429618357318	4	4	0.4462065426482692	-3.166632153994859	4	4
pseudo_922	0.815505316171556	-7.473701872521061	5	5	0.36603280988594333	-1.0156571440453694	2	2	0.5993335146495318	-4.518489602706029	2	2	0.5159934941416728	1.4082120693381022	1	1
pseudo_923	0.8082665460035463	-4.762061706176319	5	5	0.0777052007423161	-1.6730696741900737	3	3	0.031180841408136137	-9.927348607398175	3	3			0	0
pseudo_924	0.4843954162086407	-9.466043164792815	10	10	0.2815646238191838	10.859952095907785	7	7	0.3878780443786711	-3.1174027335471632	8	8	0.20668386202053146	-13.619877785351633	5	5
pseudo_925	0.9355313135407318	-2.378830120648491	5	5	0.2269741721077786	10.423388202952678	4	4	0.15546481918202434	-8.466392123015405	4	4	0.024959617600623978	-18.156007901385497	3	3
pseudo_926	0.48199329982592676	-2.213321733640341	5	5	0.7159232287040406	2.8620278829932455	4	4	0.7029168970445914	-3.034378165338358	5	5	0.6804853578260546	-2.3173277354475883	3	3
pseudo_927	0.9565696553065307	-8.263662654830396	10	10	0.8466131075120773	13.241445318443136	8	8	0.5431734285555095	-8.8970738010918	7	7	0.62555704110682	-15.517814846639155	5	5
pseudo_928	0.6586549765979004	-2.400545215713239	5	5	0.7895698055667162	9.46376607297314	4	4	0.6787830751452246	0.39816748701944027	4	4	0.9594979328990745	-9.146376930089138	4	4
pseudo_929	0.676764407922728	-5.22929858562557	5	5	0.892738233639482	2.709612741321784	3	3	0.8852337300203293	-2.5279994125448737	3	3	0.7786313571194479	-3.571275742044482	2	2
pseudo_93	1.0	-4.930854116697717	5	5	0.7615923499947073	2.347259701143878	3	3	0.9506750723839498	-2.2799488980564453	3	3	0.5469320728860858	-2.655201545861788	2	2
pseudo_930	0.17496432261509565	-1.3044165903430356	5	5	0.5250145005831861	8.76900500120393	4	4	0.6970307305320439	2.1355648709850277	5	5	0.8365846424696011	-9.750875774419718	5	5
pseudo_931	0.5882836315998652	-3.0829744790351445	5	5	0.3070640237529362	12.877144452015955	5	5	0.5726633759559272	-2.6255877293132244	5	5	0.7589345562699616	-15.344416583055596	5	5
pseudo_932	0.9603000903686151	-4.259602089556221	5	5	0.2749482829207355	12.430955488059373	4	4	0.4570927445480947	-3.1878249965414365	4	4	0.11823409095379275	-12.215576782744089	3	3
pseudo_933	0.8960406046785265	-6.086209365703806	5	5	0.486006655545813	0.15216366904727993	3	3	0.6062091564566272	-0.01617941434470908	3	3	0.5432560717039489	-0.010027485118407675	3	3
pseudo_934	0.37026018100471525	-1.2086097605278778	5	5	0.8957685370399441	3.074543026193942	4	4	0.6794834619764405	0.38920082354986163	5	5	0.6234911975836641	-1.9467764992709817	4	4
pseudo_935	0.9950354939435258	-2.5529812065879818	5	5	0.9516844289227376	4.960209362641244	5	5	0.6736721054511448	0.17401767012140015	5	5	0.5310975452440845	-1.6589109902224823	4	4
pseudo_936	0.06108773965582049	1.7597490461308805	5	5	0.31118148106884724	5.318975077875716	5	5	0.5565524422309778	-3.512565333138298	5	5	0.6076163265649088	-5.344577110248271	4	4
pseudo_937	0.38540151798469136	-5.816513582893769	5	5	0.8573198588050641	2.4360745868031484	3	3	0.31210281130088113	1.1252796776258176	4	4	0.5432560717039489	-0.9834762698590325	3	3
pseudo_938	0.27511724050532727	-1.5659727011577969	10	10	0.5485660641775425	9.759621171997948	9	9	0.15592031216854363	-10.183524188445874	9	9	0.5401241647739548	-13.781332770382333	7	7
pseudo_939	0.342684424700041	-7.578352330575903	5	5	0.05327201823685713	13.397840843020509	3	3	0.6148354099179983	3.493321324116696	4	4	0.5765566920195713	-18.449522394766596	5	5
pseudo_94	0.5754853585456245	-1.1831614442830836	5	5	0.752464818944282	3.2639050594835575	4	4	0.9396576634790652	-2.193988142733091	4	4	0.3991102364563004	-1.7312550393800041	3	3
pseudo_940	0.7794808347495539	-4.835747407690344	5	5	0.8499089627900175	8.667379639444484	4	4	0.3273650523119742	-3.5676223573076715	3	3	0.3991102364563004	-8.944994717159323	3	3
pseudo_941	0.9826254834351245	-7.401538585026075	5	5	0.5210544099779815	-0.6334886036794174	2	2	0.45167917739826746	-3.397578887420702	3	3	0.35599598885623307	1.9778655516958583	1	1
pseudo_942	0.051471781582495914	-0.9371220999508593	5	5	0.5636638095829386	2.1714875399738323	4	4	0.4503531951177172	-3.8672505950173677	5	5	0.6639383217126111	-5.136026434711197	4	4
pseudo_943	0.4761962710992784	-5.090967719063632	5	5	0.3395180420922401	6.71139262889061	3	3	0.8527763562295603	-0.3249613166272011	3	3	0.3300854258991952	-6.878038347244231	3	3
pseudo_944	0.056108418009875254	1.431165967525061	5	5	0.21901753370388066	5.482444741508904	5	5	0.3323676401601836	-6.332944834631129	5	5	0.7735198011655687	-8.326786727345988	4	4
pseudo_945	0.6927652982435044	-4.7563719436925105	5	5	0.09800778014003353	13.567366194564405	4	4	0.8205663984883573	-2.2160116707746496	3	3	0.17387016604784034	-15.297014369036143	4	4
pseudo_946	0.49674946834464584	-5.210635743989554	4	4	0.48585116533430517	-0.8551877144933115	2	2	0.7485039733716299	-2.787589047868872	4	4	0.09640779745190678	2.305577999831816	2	2
pseudo_947	0.7089046769843945	-2.1754124673585244	5	5	0.7159232287040406	6.411785702383145	4	4	0.9873212857805898	-2.7844283414185327	5	5	0.8804963658850083	-5.719590767886888	3	3
pseudo_948	0.4477931313487006	-1.0228587289880506	5	5	0.3819816569460097	13.063438593645818	5	5	0.9619766598731511	-3.3011802627427365	5	5	0.30179087500327006	-12.220553926514995	4	4
pseudo_949	0.5965701254076952	-9.0952410914875	10	10	0.924644649795624	10.582658965280311	7	7	0.5704860755024515	-3.4174768305188152	8	8	0.7436652397384722	-4.9520440594699	5	5
pseudo_95	0.6586548552876244	-5.181752832268783	5	5	0.544168358319961	5.8157608956642575	4	4	0.05253625205556609	6.86779253327398	5	5	0.3366081232011938	-1.7970478845436222	5	5
pseudo_950	0.19559560060285863	-1.9394631344759488	5	5	0.737776224888011	5.657382814764101	4	4	0.15807219455514832	-6.79272976564208	4	4	0.38133713658696033	-9.17635038477275	2	2
pseudo_951	0.6744900932290483	-6.938810151719174	5	5	0.08974601905694186	12.601685780538217	3	3	0.34743696798012036	3.101844980601859	4	4	0.3179183394988778	-12.873142971189976	4	4
pseudo_952	0.6186461196194168	-8.22060378338623	5	5	0.7445274219063759	5.293068599332786	3	3	0.4832597565423101	-3.3936979924277906	3	3	0.980777192385471	-7.952057284341592	2	2
pseudo_953	0.9404808506501394	-5.387716256310437	5	5	0.4877699208270171	9.232402525439573	4	4	0.49006391391973403	-3.262038026925291	4	4	0.16783118503704242	-9.55897516517096	3	3
pseudo_954	0.13292985523228498	-8.723986044417302	5	5	0.610850722929198	-0.7179770070580744	1	1	0.02287851785848466	10.59817882110317	4	4	0.04279525982926822	2.5202385842144834	4	4
pseudo_955	0.6208407156009417	-5.799145454134379	5	5	0.5313610007096	6.472749132662041	4	4	0.3099755709961096	1.031107852784586	4	4	0.7887013088790334	-2.1762507434306992	3	3
pseudo_956	0.9253720005356837	-6.883159222818393	10	10	0.3959870472298974	18.29639451558413	9	9	0.7382208605428681	-3.594114857911917	9	9	0.5678193135760456	-13.56745715735844	8	8
pseudo_957	0.15240473013901526	-1.13353774583062	5	5	0.3850997578772506	9.55843478150337	4	4	0.7518815116894075	-0.3671596735219805	4	4	0.2614873773295253	-9.724168996793498	4	4
pseudo_958	0.37359262846377905	-9.71879020609113	5	5	0.6941098300813123	8.72460499164894	3	3	0.12714925062383975	-9.564422197729005	2	2	0.06828005356393435	-18.318453497583683	2	2
pseudo_959	0.7127678799687417	-7.523188754629527	10	10	0.41342295486601477	12.098273005837335	8	8	0.690109294875505	-3.3339965061175287	9	9	0.42305098847866096	-9.641058147347449	6	6
pseudo_96	0.822760004981562	-2.7340930776757113	5	5	0.6871468520466417	2.3307682500467517	4	4	0.6211102879767243	-5.731142681744078	4	4	0.9947846469098508	-5.219059806954901	3	3
pseudo_960	0.08039178708071257	-8.88602723511648	5	5	0.6940884537482618	7.686464223826938	2	2	0.013459009068193145	9.9488334333502	4	4	0.04396572396419003	-0.15029742728483697	4	4
pseudo_961	0.2396021604736418	-1.4037152510568316	5	5	0.071791599343951	13.09063469973333	5	5	0.9043012416170285	-2.5250488829666162	4	4	0.056561787984034335	-15.833853627731353	5	5
pseudo_962	0.6231346866903025	-2.0135273056113165	4	4	0.22065121101801044	9.576720649585559	3	3	0.8125587420508357	-2.557969704016633	3	3	0.15228742953988064	-11.976374755328608	3	3
pseudo_963	0.44038479210149994	-6.418647964282294	5	5	0.9016292194903456	5.76047159623636	3	3	0.473420456215233	3.2910518916018225	4	4	0.8434426142353991	-5.692175779093354	4	4
pseudo_964	0.8348844175567391	-4.992127663172198	5	5	0.7530448034391494	2.5476763923911885	3	3	0.48442233605580665	3.761315245573297	5	5	0.3775440420812346	-1.5493345006082475	3	3
pseudo_965	0.7176458634066134	-8.785895832964277	10	10	0.7368875257811339	13.080102960430052	8	8	0.7387240137632162	-2.1046539854450437	8	8	0.7513383578936428	-12.563891857860904	7	7
pseudo_966	0.5840029431772022	-2.214914390957994	5	5	0.6800210896350422	2.492056893198654	4	4	0.312934534758911	3.8040455765539805	5	5	0.352007598927242	-1.8114960295995786	5	5
pseudo_967	0.02469200669394245	1.795659647058434	5	5	0.5503334823743448	5.569265085975432	5	5	0.18192519377190075	-6.808399271679304	5	5	0.5260529796097602	-5.98964680814998	3	3
pseudo_968	0.12601653353004308	1.5895342372315995	4	4	0.8271582915209736	2.956487622218326	4	4	0.4000077151979513	-6.31769625821642	4	4	0.955166061730401	-3.7004182439540383	2	2
pseudo_969	0.04004334498628066	-1.232969801216033	5	5	0.8575213695682062	8.76107314873281	4	4	0.04653935893418743	-9.846473872439324	4	4	0.07869231128228114	-15.104805909563524	3	3
pseudo_97	0.1803475220153561	-9.23851472932136	10	10	1.0	3.1109012233099342	5	5	0.5476138019867414	3.4814902330807342	7	7	0.27057026605395484	-4.501665802838921	5	5
pseudo_970	0.48587909263588835	-1.4366292741672038	5	5	0.9792829840491959	5.293688966736034	5	5	0.9396576634790652	-2.420057952660073	4	4	0.7821727611159226	-5.557717794986121	4	4
pseudo_971	0.891120298764844	-4.98856632800787	5	5	0.25641517386533896	1.2652543891047283	3	3	0.5961805797618906	-2.832409109680501	4	4	0.7541065963725084	-3.6064263051928416	2	2
pseudo_972	0.5815495182183039	-9.422122986931116	10	10	0.3442262877631588	15.39454712902429	7	7	0.12933937104479917	4.040623149419231	7	7	0.9091783044225203	-11.733052249418577	7	7
pseudo_973	0.02806258208847663	-10.315275081065765	5	5	0.8198737038735534	7.107827861908914	2	2	0.015994296054099737	10.17759584159036	4	4	0.18860004309452705	-0.46600442438843154	4	4
pseudo_974	0.26192592724324926	-9.449502352584066	10	10	0.13536176590901816	10.429449279388892	6	6	0.3050953765246117	4.593411677516635	8	8	0.8293969354041947	-12.577934601165746	7	7
pseudo_975	0.9404808506501394	-2.5864281551304225	5	5	0.8423105224700136	5.816094560626172	4	4	0.05495634152646465	-9.386216338492696	4	4	0.056979340267340264	-18.366091606478747	2	2
pseudo_976	0.5338020968763408	-7.419746599123706	5	5	0.21229788944136307	9.540446701381367	3	3	0.6337427120038525	3.3029577004879997	4	4	0.7887013088790334	-8.24408976584012	3	3
pseudo_977	0.17791672193397845	-8.568004126030898	8	8	0.05146421647613589	16.347526340773854	5	5	0.8285928021185862	0.1898490811861839	3	3	0.07575261010425315	-15.7478978496792	5	5
pseudo_978	0.7699502963985528	-4.779916838110559	5	5	0.1811687319074926	-1.2331932349900416	3	3	0.8937279061305878	-2.820935424577019	4	4	0.1696313799903556	2.016562877007881	2	2
pseudo_979	0.33795820206783933	-0.7590241452784948	5	5	0.7159232287040406	3.0272792073449764	4	4	0.7451316406222053	-2.9992723273483004	4	4	0.8496546027760271	-2.840950434314332	3	3
pseudo_98	0.2396021604736418	-9.38010408389844	5	5	0.06542250397418507	-2.0643784043061553	2	2	0.6134307987600431	-3.125051969818296	3	3	0.9002475767852199	0.6552681480324498	1	1
pseudo_980	0.5461453907731743	-8.147803843642873	5	5	0.23836750553462438	15.385169548545838	4	4	0.473420456215233	3.105712863191036	4	4	0.43665971493913525	-8.562189241282352	3	3
pseudo_981	0.6904709364093857	-4.375327589085411	5	5	0.1811687319074926	9.7298817395501	3	3	0.4463857270827286	-3.1351278269026017	4	4	0.06836882052525085	-16.90298168397352	4	4
pseudo_982	0.48393391482926207	-5.264238337019972	5	5	0.17273775823023463	10.51729098495987	4	4	0.5459360187299576	3.551389597078824	5	5	0.48765525145595867	-9.525628969065677	4	4
pseudo_983	0.8251985692403494	-8.770345547114543	9	9	0.7376957529107161	13.185151747144786	6	6	0.41498687176083493	4.232502303828919	7	7	0.7706497389843163	-12.5480264553603	7	7
pseudo_984	0.6142668668864293	-5.6364921519888185	5	5	0.8045517718924269	5.368841869513027	4	4	0.03524187951196929	7.027755069117326	5	5	0.1377843037921855	-0.8351289317314924	5	5
pseudo_985	0.37062539065837263	-8.522168149150092	10	10	0.09097180077028344	2.030185140979538	6	6	0.5976083355689639	-3.09424179363484	7	7	0.5903706994419502	-2.7809563532039108	5	5
pseudo_986	0.8421782440715131	-7.980877488530596	5	5	0.8047480249577542	4.775986354109819	3	3	0.40949228220843925	3.2990123913472758	3	3	0.43665971493913525	-1.3186583644889618	3	3
pseudo_987	0.26940763136895296	-6.213709005223348	5	5	0.43153494984794094	4.289520236228251	3	3	0.8446986005130941	-4.1336391823493095	3	3	0.6016365394766707	-8.641609025288226	2	2
pseudo_988	0.5379004361102484	-6.651258093395562	5	5	0.6693837588445546	5.999028396594497	3	3	0.7183320166231253	0.7732355824531818	4	4	0.7786563583951011	-4.935177191960745	3	3
pseudo_989	0.18506742871666204	-8.452113463313301	5	5	0.35157929096965923	9.538772822463125	2	2	0.46178685462692237	1.525363257545794	1	1	0.7541065963725084	-8.362992011097184	2	2
pseudo_99	0.16151965796757983	-8.416274114280185	5	5	0.973108339835696	4.944881941453493	3	3	0.4100553028373658	4.425943868890031	4	4	0.30017156267093015	-1.8715859373902122	2	2
pseudo_990	0.32556025569709457	-8.076378043207722	5	5	0.47725580588296057	9.476946313333912	2	2	0.4982344797076568	4.489653621300027	2	2	0.8804963658850083	-5.584743366192417	3	3
pseudo_991	0.8421782440715131	-1.5997939958051404	5	5	0.2707041929325874	10.28196973787344	4	4	0.9184250251325162	-3.075808438399376	4	4	0.3366181506921624	-9.053015637183869	3	3
pseudo_992	0.20880092837970898	-2.070414328512452	5	5	0.07495396088011429	-1.6605796806544852	4	4	0.023967776152331238	-10.443678671473434	4	4	0.7583305265250361	0.9394396303576062	1	1
pseudo_993	0.11119032042452102	-0.6283696548537833	5	5	0.009170957136516332	-2.18240478420168	4	4	0.49440689261264825	-3.04827467282918	5	5	0.030735702312912574	3.192797549382103	2	2
pseudo_994	0.7986403367560554	-0.3844204760752137	5	5	0.3498694746360306	9.245335547921238	5	5	0.9556455018001118	-4.605005215103142	5	5	0.44146842120616336	-14.982796613464666	5	5
pseudo_995	0.8130906556898387	-5.05641818852755	5	5	0.3904321706828199	9.541895347221548	4	4	0.7996360730719679	-0.205837389319945	4	4	0.4736126183588437	-9.178326470839535	4	4
pseudo_996	0.2958764231493938	-8.651115304675598	5	5	0.5668351997843692	8.453011907952526	2	2	0.23986587889986188	5.696923702479154	3	3	0.7887013088790334	-2.1731673636316144	3	3
pseudo_997	0.48978177101619746	-1.858993006998485	5	5	0.07818133264920073	0.6768614448871556	4	4	1.0	-3.1544937692039956	5	5	0.07020020860970155	0.37277996147732156	3	3
pseudo_998	0.7404212618964521	-7.486279986120857	9	9	0.35773153034531946	16.033055422117418	8	8	0.904270911680166	-3.4740290277046117	7	7	0.23848759730031355	-16.870769654564768	7	7
pseudo_999	0.22980134989126377	-1.3844635531012566	5	5	0.556126190991015	7.728828988627765	5	5	0.942991930803877	0.25174451174699497	5	5	0.4262578601097128	-4.59799753249226	4	4
