	Diff	Lower	T0	Upper
	Rep1	Rep1	Rep1	Rep1
sgId				
AADACL2_+_151451732.23-P1P2	0	0	304	0
AADACL2_+_151451926.23-P1P2	3	0	610	0
AADACL2_+_151452121.23-P1P2	3	1	607	1877
AADACL2_-_151451828.23-P1P2	1214	2	1554	3
AADACL2_-_151451961.23-P1P2	0	0	0	0
AADAT_+_171010904.23-P1P2	1974	2054	1724	5
AADAT_+_171010929.23-P1P2	827	1	1138	3
AADAT_+_171011392.23-P1P2	2221	0	978	2391
AADAT_-_171011321.23-P1P2	11	5447	1481	1
AADAT_-_171011368.23-P1P2	7631	1699	898	469
AAK1_+_69870290.23-P1P2	2045	2727	2102	2495
AAK1_+_69870701.23-P1P2	2995	8	1907	5538
AAK1_-_69870541.23-P1P2	2556	4	620	1090
AAK1_-_69870791.23-P1P2	2154	6	2396	2955
AAK1_-_69870794.23-P1P2	1591	1	231	0
AANAT_+_74463718.23-P1P2	1	1	876	0
AANAT_+_74463735.23-P1P2	10	5765	1784	3530
AANAT_+_74464088.23-P1P2	1768	1	426	1
AANAT_-_74464175.23-P1P2	1502	6	1048	3968
AANAT_-_74464185.23-P1P2	0	0	350	0
AARS2_+_44280650.23-P1P2	1476	2297	1456	2159
AARS2_+_44281006.23-P1P2	1	4	293	1078
AARS2_+_44281027.23-P1P2	0	0	91	0
AARS2_+_44281044.23-P1P2	0	0	0	0
AARS2_+_44281056.23-P1P2	0	0	139	0
AARS_+_70323318.23-P1P2	0	0	0	0
AARS_+_70323322.23-P1P2	0	0	0	0
AARS_+_70323353.23-P1P2	0	0	0	0
AARS_+_70323362.23-P1P2	0	0	0	0
AARS_-_70323332.23-P1P2	0	0	0	0
AASS_+_121784000.23-P1P2	1	1	762	0
AASS_+_121784219.23-P1P2	1484	4474	860	2336
AASS_+_121784247.23-P1P2	5	3	587	3473
AASS_-_121784277.23-P1P2	465	2	3317	2066
AASS_-_121784328.23-P1P2	1217	0	834	0
AATK_+_79139571.23-ENST00000326724.4	1436	0	579	0
AATK_+_79139589.23-ENST00000326724.4	10	4351	2253	2862
AATK_+_79139592.23-ENST00000326724.4	5651	7	1724	1709
AATK_-_79139586.23-ENST00000326724.4	1	0	917	0
AATK_-_79139956.23-ENST00000326724.4	340	1	1463	1
ABAT_+_8768492.23-P1	2075	5985	1793	1110
ABAT_+_8768682.23-P1	1585	0	1102	0
ABAT_+_8807445.23-P2	1209	1655	2415	4149
ABAT_+_8807450.23-P2	7032	2	2253	3
ABAT_+_8807464.23-P2	3998	0	2813	0
ABAT_+_8807492.23-P2	1	0	365	0
ABAT_+_8807696.23-P2	1956	2	775	3454
ABAT_-_8768504.23-P1	2045	0	1708	1055
ABAT_-_8768523.23-P1	791	1362	1417	4103
ABAT_-_8768533.23-P1	1283	0	1320	2651
ABCC2_+_101542515.23-P1P2	6	6253	271	3
ABCC2_+_101542910.23-P1P2	1	0	924	0
ABCC2_+_101542914.23-P1P2	2	1	599	0
ABCC2_+_101542981.23-P1P2	1436	3	1	1517
ABCC2_-_101542808.23-P1P2	0	0	121	2
ABCC8_+_17497953.23-P1P2	1309	9179	2670	10
ABCC8_+_17498387.23-P1P2	1978	3	1162	1453
ABCC8_-_17497979.23-P1P2	588	2	1556	1637
ABCC8_-_17497997.23-P1P2	843	0	316	333
ABCC8_-_17498220.23-P1P2	1	0	787	1
ABCC9_+_22093672.23-P1P2	1551	5	1976	2871
ABCC9_+_22093678.23-P1P2	6	3437	939	3948
ABCC9_+_22093937.23-P1P2	1	0	868	0
ABCC9_+_22093941.23-P1P2	1243	2	617	857
ABCC9_+_22094309.23-P1P2	0	0	432	0
ABCE1_+_146019317.23-P1P2	0	1	125	0
ABCE1_+_146019463.23-P1P2	1160	0	1	0
ABCE1_+_146019842.23-P1P2	456	1	334	2078
ABCE1_-_146019502.23-P1P2	0	0	0	0
ABCE1_-_146019516.23-P1P2	0	0	0	0
ABCG1_+_43639544.23-P1P2	3995	3	577	5004
ABCG1_+_43639681.23-P1P2	0	0	116	0
ABCG1_-_43639282.23-P1P2	4918	2448	3185	5817
ABCG1_-_43639541.23-P1P2	3132	3089	1724	3112
ABCG1_-_43639626.23-P1P2	13	5102	3165	3819
ABL1_+_133589617.23-ENST00000372348.2	807	0	700	1
ABL1_+_133589629.23-ENST00000372348.2	6	5013	1064	1
ABL1_+_133589636.23-ENST00000372348.2	1501	0	888	1623
ABL1_-_133589228.23-ENST00000372348.2	853	2505	1062	2
ABL1_-_133589268.23-ENST00000372348.2	1339	4630	878	3
ABL2_+_179112168.23-P1	1518	589	1726	0
ABL2_+_179112186.23-P1	0	0	195	0
ABL2_+_179198340.23-P2	3215	3	1584	956
ABL2_+_179198398.23-P2	1272	1	1418	1865
ABL2_+_179198565.23-P2	1514	1	694	3225
ABL2_+_179198740.23-P2	1354	3	1344	4
ABL2_-_179112151.23-P1	4	2	1493	1193
ABL2_-_179112154.23-P1	0	0	134	0
ABL2_-_179112158.23-P1	1594	1	634	1989
ABL2_-_179198834.23-P2	1788	0	1293	1516
ABO_+_136150190.23-P1	1446	2188	727	1687
ABO_+_136150601.23-P1	1424	8763	2893	7693
ABO_-_136130692.23-P2	4901	7608	2160	1691
ABO_-_136130921.23-P2	1495	2	1553	1934
ABO_-_136130955.23-P2	1560	3	232	0
ABO_-_136130959.23-P2	0	0	558	1557
ABO_-_136130966.23-P2	1	3	1143	1994
ABO_-_136150219.23-P1	0	0	1067	124
ABO_-_136150600.23-P1	820	3459	2451	3204
ABO_-_136150606.23-P1	1515	0	2111	1033
ACACA_+_35715534.23-P1P2	3337	4731	589	3
ACACA_+_35715655.23-P1P2	1	0	204	0
ACACA_-_35715847.23-P1P2	0	0	0	0
ACACA_-_35715992.23-P1P2	0	0	0	0
ACACA_-_35716002.23-P1P2	0	0	0	0
ACACB_+_109569160.23-P1	6	1815	664	2
ACACB_+_109569170.23-P1	5923	3	2378	1559
ACACB_+_109592574.23-P2	1324	1	2269	3
ACACB_+_109592655.23-P2	3	0	671	0
ACACB_+_109592908.23-P2	0	0	257	0
ACACB_-_109569178.23-P1	423	0	809	2
ACACB_-_109569231.23-P1	1602	1	464	1
ACACB_-_109569639.23-P1	2207	6334	1919	0
ACACB_-_109592496.23-P2	1562	1	597	752
ACACB_-_109592519.23-P2	838	0	1646	1
ACAD8_+_134123511.23-P1P2	3640	2	1414	1928
ACAD8_-_134123448.23-P1P2	1056	0	2389	1364
ACAD8_-_134123455.23-P1P2	1131	2	784	1
ACAD8_-_134123502.23-P1P2	3	1	1339	1556
ACAD8_-_134123507.23-P1P2	4	1	1314	2062
ACADSB_+_124768874.23-P1P2	1379	4848	1732	2010
ACADSB_+_124768891.23-P1P2	0	0	689	0
ACADSB_+_124768941.23-P1P2	1247	2634	261	1
ACADSB_+_124768944.23-P1P2	3	0	1737	0
ACADSB_-_124768552.23-P1P2	2157	11384	1506	4
ACADS_+_121163685.23-P1P2	5456	20630	4316	7
ACADS_+_121164090.23-P1P2	0	0	0	0
ACADS_-_121163653.23-P1P2	2643	4113	2232	4818
ACADS_-_121163657.23-P1P2	1281	3390	1251	1914
ACADS_-_121163671.23-P1P2	26	11375	2015	5402
ACAN_+_89347139.23-P1P2	545	1	220	0
ACAN_+_89347148.23-P1P2	0	1	219	0
ACAN_+_89347151.23-P1P2	0	1	411	0
ACAN_-_89346701.23-P1P2	2	4107	989	1
ACAN_-_89347101.23-P1P2	1440	3	3202	3557
ACAT1_+_107992288.23-P1P2	1	2	451	0
ACAT1_+_107992310.23-P1P2	1670	9	1046	5774
ACAT1_+_107992321.23-P1P2	2521	3	1278	3
ACAT1_-_107992364.23-P1P2	1248	0	1975	3435
ACAT1_-_107992733.23-P1P2	3241	4912	1597	4266
ACAT2_+_160183436.23-P1P2	0	0	141	0
ACAT2_+_160183505.23-P1P2	2934	2	847	1
ACAT2_-_160183054.23-P1P2	5	4480	448	1
ACAT2_-_160183095.23-P1P2	1347	1	1524	1
ACAT2_-_160183174.23-P1P2	917	0	1375	883
ACCS_+_44087946.23-P1P2	645	1	545	3956
ACCS_+_44088028.23-P1P2	663	2	986	0
ACCS_+_44088091.23-P1P2	4621	5696	1729	3560
ACCS_+_44088215.23-P1P2	0	0	460	0
ACCS_-_44088090.23-P1P2	1089	4507	1497	3
ACE2_+_15619016.23-P1P2	0	0	327	0
ACE2_+_15619087.23-P1P2	1035	1	240	1
ACE2_-_15618594.23-P1P2	7	5975	968	1253
ACE2_-_15618975.23-P1P2	0	0	438	0
ACE2_-_15619013.23-P1P2	3171	1	723	2
ACE_+_61554448.23-P1	3285	4	903	1676
ACE_+_61554829.23-P1	5467	2227	2912	1407
ACE_+_61562272.23-P2	1504	1	1723	1318
ACE_+_61562293.23-P2	8	5888	610	1515
ACE_-_61554428.23-P1	1980	4	1342	2287
ACE_-_61554458.23-P1	5654	5	1637	5355
ACE_-_61554461.23-P1	2804	4326	1474	4775
ACE_-_61562238.23-P2	6276	2	1414	0
ACE_-_61562443.23-P2	4456	2	953	2
ACE_-_61562661.23-P2	2	1	816	1581
ACHE_+_100493456.23-P1	2090	7246	2123	10507
ACHE_+_100493473.23-P1	1009	0	1921	0
ACHE_+_100494559.23-P2	1691	2318	862	3
ACHE_+_100494570.23-P2	3551	2666	1519	86
ACHE_-_100493122.23-P1	1	4847	193	0
ACHE_-_100493427.23-P1	0	0	501	0
ACHE_-_100493486.23-P1	1588	3	1252	568
ACHE_-_100494233.23-P2	2998	2	1651	2
ACHE_-_100494236.23-P2	1055	3	1606	2323
ACHE_-_100494578.23-P2	2502	7	2833	5274
ACOT13_+_24667341.23-P1P2	3809	5812	1346	4
ACOT13_-_24667329.23-P1P2	1944	4043	2161	1655
ACOT13_-_24667371.23-P1P2	1360	0	1136	1
ACOT13_-_24667386.23-P1P2	1	0	246	0
ACOT13_-_24667473.23-P1P2	2822	2721	1191	3107
ACOX1_+_73975227.23-P1P2	5	3626	1921	2
ACOX1_-_73975169.23-P1P2	2380	8492	1738	2064
ACOX1_-_73975193.23-P1P2	3308	2	966	3
ACOX1_-_73975196.23-P1P2	1260	1	1660	3
ACOX1_-_73975245.23-P1P2	3568	4316	2998	4
ACP1_+_264980.23-P1P2	3719	3	2579	1217
ACP1_+_265303.23-P1P2	4	0	551	0
ACP1_-_264967.23-P1P2	868	4066	860	3225
ACP1_-_264970.23-P1P2	0	0	0	0
ACP1_-_265107.23-P1P2	3213	2436	240	3
ACP2_+_47270320.23-P1P2	2	2147	1403	1
ACP2_+_47270332.23-P1P2	0	0	0	0
ACP2_-_47269915.23-P1P2	2968	1	941	1812
ACP2_-_47269958.23-P1P2	1268	0	1408	0
ACP2_-_47270385.23-P1P2	3	0	1652	1
ACP5_+_11688472.23-P1	1702	0	252	762
ACP5_-_11688086.23-P1	1293	2	446	1221
ACP5_-_11688414.23-P1	3022	4995	2618	2901
ACP5_-_11688437.23-P1	801	3006	1832	3160
ACP5_-_11688455.23-P1	982	4755	543	3
ACP5_-_11689356.23-P2	8	4707	1758	3545
ACP5_-_11689724.23-P2	2154	4	2429	3602
ACP5_-_11689727.23-P2	2775	6	1304	2993
ACP5_-_11689744.23-P2	4	3202	618	0
ACP5_-_11689771.23-P2	2618	1	1547	1420
ACP6_+_147141956.23-P1P2	3941	5283	2597	1126
ACP6_+_147142159.23-P1P2	0	0	494	0
ACP6_-_147142348.23-P1P2	1819	1407	1454	0
ACP6_-_147142356.23-P1P2	2604	5137	1833	2900
ACP6_-_147142393.23-P1P2	2157	4915	1868	2045
ACPP_+_132036268.23-P1P2	9	4	2856	7177
ACPP_+_132036293.23-P1P2	1254	1	1373	1
ACPP_+_132036338.23-P1P2	0	0	823	0
ACPP_+_132036504.23-P1P2	1571	0	616	1242
ACPP_+_132036703.23-P1P2	1545	1	1618	1
ACPT_+_51293697.23-ENST00000270593.1	2914	6190	773	1842
ACPT_+_51293761.23-ENST00000270593.1	8	3	1377	3192
ACPT_+_51294074.23-ENST00000270593.1	10	5545	1050	0
ACPT_-_51293910.23-ENST00000270593.1	1	1	1200	0
ACPT_-_51294122.23-ENST00000270593.1	0	0	0	0
ACSL1_+_185746700.23-P1P2	1581	1	84	0
ACSL1_+_185747071.23-P1P2	1535	4	1689	0
ACSL1_+_185747074.23-P1P2	2261	1	3299	3
ACSL1_+_185747085.23-P1P2	5	2228	760	1864
ACSL1_-_185746686.23-P1P2	881	6	1227	4650
ACSL3_+_223725692.23-P1P2	0	0	148	0
ACSL3_+_223726215.23-P1P2	1294	1	1831	1
ACSL3_-_223725802.23-P1P2	812	0	629	1
ACSL3_-_223725834.23-P1P2	1592	2	815	3
ACSL3_-_223726162.23-P1P2	5486	2235	2680	2301
ACSL4_+_108976382.23-P1P2	1132	2783	972	3
ACSL4_-_108976096.23-P1P2	8	9577	1326	3085
ACSL4_-_108976106.23-P1P2	2	7	618	3980
ACSL4_-_108976456.23-P1P2	1220	0	2442	2450
ACSL4_-_108976463.23-P1P2	6881	3584	1720	916
ACSS2_+_33464457.23-P1P2	1412	2	1769	3329
ACSS2_-_33464420.23-P1P2	6872	4	1628	1186
ACSS2_-_33464423.23-P1P2	4	3097	2151	2499
ACSS2_-_33464453.23-P1P2	5	0	957	1564
ACSS2_-_33464808.23-P1P2	2	3	673	4114
ACTA1_+_229568301.23-P2	4690	5	3474	3658
ACTA1_+_229569744.23-P1	4	3288	928	2
ACTA1_-_229568328.23-P2	4	1	1565	4060
ACTA1_-_229568723.23-P2	1545	2566	1702	0
ACTA1_-_229568745.23-P2	965	2415	2131	4360
ACTA1_-_229568779.23-P2	2704	1	1163	2
ACTA1_-_229569627.23-P1	1025	0	1408	0
ACTA1_-_229569754.23-P1	6	4158	1926	0
ACTA1_-_229569824.23-P1	1	0	1477	1637
ACTA1_-_229569839.23-P1	6084	2	2929	3
ACTR2_+_65455294.23-P1P2	4061	0	122	0
ACTR2_+_65455348.23-P1P2	1	1047	1134	1735
ACTR2_-_65454953.23-P1P2	0	0	327	0
ACTR2_-_65454971.23-P1P2	0	0	535	0
ACTR2_-_65455345.23-P1P2	1	1	760	0
ACVR1B_+_52345561.23-P1P2	1	1	466	0
ACVR1B_+_52345897.23-P1P2	0	0	0	0
ACVR1B_+_52345907.23-P1P2	2432	3	275	2
ACVR1B_-_52345530.23-P1P2	3	0	1574	1258
ACVR1B_-_52345917.23-P1P2	2498	5726	873	4
ACVR1C_+_158484889.23-P1P2	1	1813	1213	5
ACVR1C_+_158484901.23-P1P2	1210	3	2169	2971
ACVR1C_+_158484938.23-P1P2	4621	4	1837	5
ACVR1C_+_158485339.23-P1P2	5	1	2961	3081
ACVR1C_-_158485307.23-P1P2	0	0	210	0
ACVR1_+_158732079.23-P1P2	0	1	624	0
ACVR1_+_158732198.23-P1P2	4321	3	1874	1
ACVR1_+_158732232.23-P1P2	0	0	1167	0
ACVR1_+_158732258.23-P1P2	1	0	469	0
ACVR1_-_158732511.23-P1P2	600	2	2493	2799
ACVR2A_+_148602294.23-P1P2	4	0	651	1559
ACVR2A_+_148602343.23-P1P2	2	0	2177	1829
ACVR2A_+_148602346.23-P1P2	1513	1	2163	2
ACVR2A_-_148602102.23-P1P2	1672	2	1344	5035
ACVR2A_-_148602669.23-P1P2	1275	1	2022	0
ACVR2B_+_38495339.23-P1P2	3	1	1119	964
ACVR2B_+_38495450.23-P1P2	4679	3	1611	1865
ACVR2B_+_38495606.23-P1P2	3340	4932	2193	1705
ACVR2B_+_38495842.23-P1P2	1084	5051	2292	3676
ACVR2B_-_38495819.23-P1P2	4	0	1467	1
ACVRL1_+_52300726.23-P1P2	0	1	498	1513
ACVRL1_+_52300742.23-P1P2	1	2	416	1759
ACVRL1_+_52300819.23-P1P2	1546	2	796	3
ACVRL1_-_52300776.23-P1P2	1	1	1542	0
ACVRL1_-_52301119.23-P1P2	5	5701	1501	2
ACY1_+_52017535.23-P1P2	908	0	1180	1737
ACY1_+_52017980.23-P1P2	4159	3979	3057	2403
ACY1_-_52017547.23-P1P2	2882	9035	1157	6
ACY1_-_52017921.23-P1P2	0	0	214	0
ACY1_-_52017938.23-P1P2	1	1	640	1519
ACY3_+_67414985.23-P2	3077	0	1157	0
ACY3_+_67415013.23-P2	1116	0	5	1
ACY3_+_67417722.23-P1	0	0	159	0
ACY3_+_67417960.23-P1	2879	4672	1640	1303
ACY3_+_67418110.23-P1	1603	3876	2622	6583
ACY3_-_67414577.23-P2	1561	2199	1906	3132
ACY3_-_67414607.23-P2	3	1	2533	1544
ACY3_-_67414970.23-P2	1	0	1347	0
ACY3_-_67417956.23-P1	0	0	137	0
ACY3_-_67418149.23-P1	1375	2	612	1474
ACYP2_+_54342830.23-P1P2	476	4	1724	1
ACYP2_-_54342821.23-P1P2	0	0	548	0
ACYP2_-_54343153.23-P1P2	0	1	914	2
ACYP2_-_54343157.23-P1P2	3556	3	1043	3089
ACYP2_-_54343180.23-P1P2	2467	4	1327	2021
ADAM33_+_3662271.23-P1P2	2326	2	1983	1
ADAM33_+_3662642.23-P1P2	5239	4	1810	2
ADAM33_-_3662191.23-P1P2	1644	1	925	1
ADAM33_-_3662194.23-P1P2	4	5994	360	1
ADAM33_-_3662638.23-P1P2	6402	4	1792	4
ADAMTS5_+_28339356.23-P1P2	840	5114	1623	1607
ADAMTS5_+_28339363.23-P1P2	2392	2	2353	2
ADAMTS5_-_28338950.23-P1P2	746	5035	1153	0
ADAMTS5_-_28339372.23-P1P2	3408	7	2228	3316
ADAMTS5_-_28339421.23-P1P2	9	6067	2186	3282
ADCK1_+_78266506.23-P1P2	2800	5949	1199	3
ADCK1_-_78266512.23-P1P2	672	1	1799	1922
ADCK1_-_78266523.23-P1P2	1664	1	1224	3
ADCK1_-_78266828.23-P1P2	2675	2982	814	2
ADCK1_-_78266900.23-P1P2	2275	5641	1397	2
ADCK2_+_140372748.23-P1P2	929	0	989	1
ADCK2_+_140373084.23-P1P2	1364	2	2379	3820
ADCK2_+_140373152.23-P1P2	4378	5268	2059	2108
ADCK2_-_140373160.23-P1P2	3011	1	2264	1
ADCK2_-_140373404.23-P1P2	5	1801	871	4331
ADCK3_+_227128242.23-P1P2	3	3	2254	5164
ADCK3_+_227128400.23-P1P2	2347	3490	3246	3348
ADCK3_-_227128046.23-P1P2	2888	2800	646	1476
ADCK3_-_227128055.23-P1P2	2951	4	1568	4627
ADCK3_-_227128078.23-P1P2	4	4	1742	1372
ADCK4_+_41222752.23-P1P2	1590	1	224	0
ADCK4_-_41222351.23-P1P2	1777	1	1176	0
ADCK4_-_41222709.23-P1P2	0	0	616	0
ADCK4_-_41222769.23-P1P2	0	0	734	0
ADCK4_-_41222791.23-P1P2	2553	2	2776	5354
ADCK5_+_145597793.23-P1P2	0	0	128	0
ADCK5_-_145597191.23-P1P2	647	0	437	0
ADCK5_-_145597250.23-P1P2	802	1	476	0
ADCK5_-_145597781.23-P1P2	2581	1275	2476	1710
ADCK5_-_145597789.23-P1P2	7	5083	632	1753
ADC_+_33546832.23-P1P2	3646	3	903	3
ADC_+_33546850.23-P1P2	1728	5264	628	1
ADC_+_33546977.23-P1P2	4	0	889	1278
ADC_-_33546826.23-P1P2	2178	3119	882	4
ADC_-_33546829.23-P1P2	0	0	362	0
ADH1B_+_100242040.23-P1P2	3	3163	485	2
ADH1B_+_100242511.23-P1P2	5	3	1597	2081
ADH1B_-_100242120.23-P1P2	0	0	178	0
ADH1B_-_100242280.23-P1P2	1	0	477	0
ADH1B_-_100242333.23-P1P2	1	0	534	0
ADH1C_+_100273655.23-P1P2	1906	2354	430	438
ADH1C_-_100273471.23-P1P2	0	0	98	0
ADH1C_-_100273518.23-P1P2	0	0	405	0
ADH1C_-_100273879.23-P1P2	3067	2	753	2906
ADH1C_-_100273923.23-P1P2	4674	6	1782	2090
ADH4_+_100065429.23-P1P2	8	6608	1021	1
ADH4_+_100065433.23-P1P2	1424	1	887	1
ADH4_+_100065444.23-P1P2	1122	5250	210	5
ADH4_+_100065450.23-P1P2	0	0	0	0
ADH4_-_100065227.23-P1P2	2	0	385	2267
ADH5_+_100009684.23-P1P2	2	2187	863	2
ADH5_+_100009798.23-P1P2	1	1	374	1108
ADH5_+_100009821.23-P1P2	1364	1	672	1785
ADH5_+_100009838.23-P1P2	1665	0	3877	0
ADH5_-_100009831.23-P1P2	6	1	2207	0
ADK_+_75911404.23-P2	1	0	1421	1
ADK_+_75911444.23-P2	1361	1	570	1798
ADK_+_75936517.23-P1	2605	6	2050	2224
ADK_+_75936538.23-P1	4334	0	1429	2
ADK_+_75936570.23-P1	2105	4419	1546	1535
ADK_+_75936748.23-P1	0	0	205	0
ADK_-_75911021.23-P2	1	2484	891	1
ADK_-_75911025.23-P2	4	2188	387	0
ADK_-_75911437.23-P2	717	1	918	2
ADK_-_75936578.23-P1	0	0	600	1
ADORA1_+_203096891.23-P1P2	4421	1	1283	7
ADORA1_+_203097450.23-P1P2	4065	4	2160	2249
ADORA1_+_203097472.23-P1P2	2888	4647	2235	2498
ADORA1_+_203097506.23-P1P2	5	5388	1065	3
ADORA1_-_203096974.23-P1P2	1	3	627	2913
ADORA2A_+_24820308.23-P1P2	2445	8	2966	5521
ADORA2A_-_24819888.23-P1P2	1992	2062	1558	2
ADORA2A_-_24819903.23-P1P2	3	4111	1825	1754
ADORA2A_-_24819947.23-P1P2	1659	4739	1426	1633
ADORA2A_-_24820281.23-P1P2	3	4	888	4012
ADORA2B_+_15848686.23-P1P2	1693	4	262	3063
ADORA2B_+_15848965.23-P1P2	1	1	1	1770
ADORA2B_-_15848659.23-P1P2	5207	2188	2665	2
ADORA2B_-_15848791.23-P1P2	0	0	310	0
ADORA2B_-_15848949.23-P1P2	1657	2	1244	1734
ADORA3_+_112031013.23-P1	6	7627	851	3
ADORA3_+_112031386.23-P1	32	3282	2128	1885
ADORA3_+_112031407.23-P1	0	0	1263	0
ADORA3_+_112031411.23-P1	887	0	839	0
ADORA3_+_112031418.23-P1	1368	3	1510	862
ADORA3_+_112045890.23-P2	1	1	902	0
ADORA3_+_112046055.23-P2	1633	3	359	1871
ADORA3_+_112046115.23-P2	629	0	652	0
ADORA3_+_112046284.23-P2	1	0	954	0
ADORA3_-_112046251.23-P2	1	0	581	373
ADRA1A_+_26724406.23-P1P2	5227	3001	2354	4171
ADRA1A_-_26724311.23-P1P2	1415	1	1606	3640
ADRA1A_-_26724340.23-P1P2	371	0	522	0
ADRA1A_-_26724356.23-P1P2	5495	4	1117	0
ADRA1A_-_26724373.23-P1P2	1	0	581	0
ADRA1B_+_159343520.23-P1P2	4369	4	3131	1973
ADRA1B_+_159344209.23-P1P2	2700	0	442	2235
ADRA1B_+_159344222.23-P1P2	2	0	679	1447
ADRA1B_-_159343504.23-P1P2	6041	5738	1660	1607
ADRA1B_-_159343900.23-P1P2	1152	2682	738	1
ADRA1D_+_4229485.23-P1P2	1359	9	1358	3993
ADRA1D_-_4229164.23-P1P2	4	1	2841	2
ADRA1D_-_4229250.23-P1P2	2844	2	1104	2
ADRA1D_-_4229495.23-P1P2	2385	939	1343	1575
ADRA1D_-_4229926.23-P1P2	421	3188	1437	1295
ADRA2A_-_112837142.23-P1P2	2959	1	1822	2
ADRA2A_-_112837201.23-P1P2	2019	5	2037	3393
ADRA2A_-_112837216.23-P1P2	0	0	0	0
ADRA2A_-_112837238.23-P1P2	843	0	956	0
ADRA2A_-_112837251.23-P1P2	3317	0	338	0
ADRA2B_+_96781839.23-P1P2	2506	7	1294	3313
ADRA2B_-_96781873.23-P1P2	2	0	1336	0
ADRA2B_-_96781894.23-P1P2	0	0	894	0
ADRA2B_-_96782243.23-P1P2	1	1	816	1988
ADRA2B_-_96782246.23-P1P2	1207	0	0	0
ADRA2C_+_3768074.23-P1P2	957	2	1604	2570
ADRA2C_+_3768082.23-P1P2	3942	6	3691	3790
ADRA2C_+_3768098.23-P1P2	536	0	871	2
ADRA2C_-_3767700.23-P1P2	1	1	555	1910
ADRA2C_-_3767888.23-P1P2	1943	1	3155	2
ADRB1_+_115804002.23-P1P2	2	1	1101	1937
ADRB1_-_115803895.23-P1P2	3330	1737	1782	652
ADRB1_-_115804061.23-P1P2	3174	5168	3312	7154
ADRB1_-_115804069.23-P1P2	855	3	1651	2191
ADRB1_-_115804075.23-P1P2	1519	3167	1555	1581
ADRB2_+_148206220.23-P1P2	5883	2197	2397	1937
ADRB2_+_148206227.23-P1P2	3057	5085	1898	2
ADRB2_-_148206186.23-P1P2	2952	2	1489	3222
ADRB2_-_148206207.23-P1P2	2349	1	1853	1966
ADRB2_-_148206413.23-P1P2	1139	3	1942	1
ADRB3_+_37822768.23-P1P2	1227	3119	904	1533
ADRB3_-_37822919.23-P1P2	1476	1	562	1254
ADRB3_-_37823380.23-P1P2	523	1	1470	3788
ADRB3_-_37823667.23-P1P2	1408	6111	1905	3489
ADRB3_-_37823742.23-P1P2	1571	0	799	2133
ADRBK1_+_67033933.23-P1P2	1424	4656	1882	2862
ADRBK1_+_67034195.23-P1P2	1	0	310	0
ADRBK1_+_67034566.23-P1P2	5413	3	1694	2
ADRBK1_-_67033953.23-P1P2	2	5191	923	2
ADRBK1_-_67034001.23-P1P2	2022	2	1409	1357
ADRBK2_+_25960616.23-P1P2	5283	5642	2145	7998
ADRBK2_-_25960625.23-P1P2	4246	2869	2391	1950
ADRBK2_-_25960628.23-P1P2	0	0	121	0
ADRBK2_-_25960707.23-P1P2	4453	6	4273	3263
ADRBK2_-_25960854.23-P1P2	2299	1	1041	57
ADSSL1_+_105190776.23-P1P2	3574	10	2240	3313
ADSSL1_+_105190789.23-P1P2	4870	3	2946	1552
ADSSL1_+_105190984.23-P1P2	1499	2	614	1
ADSSL1_-_105190591.23-P1P2	2664	1602	2046	1748
ADSSL1_-_105190615.23-P1P2	2787	4942	1320	1932
AFG3L2_+_12377215.23-P1P2	0	0	27	0
AFG3L2_-_12377072.23-P1P2	0	0	0	0
AFG3L2_-_12377209.23-P1P2	0	0	77	0
AFG3L2_-_12377212.23-P1P2	0	0	100	0
AFG3L2_-_12377232.23-P1P2	0	0	0	0
AGTR1_+_148416039.23-P1P2	1626	2	328	2
AGTR1_+_148416061.23-P1P2	1571	2	2120	2080
AGTR1_-_148415743.23-P1P2	3	1	2539	1578
AGTR1_-_148415748.23-P1P2	1093	1	1657	2
AGTR1_-_148415793.23-P1P2	4	4115	2236	1619
AGTR2_+_115301983.23-P1P2	1775	0	138	1
AGTR2_+_115302459.23-P1P2	0	0	468	0
AGTR2_-_115301994.23-P1P2	0	0	870	0
AGTR2_-_115302232.23-P1P2	0	0	145	0
AGTR2_-_115302383.23-P1P2	1480	1	193	0
AGXT2_+_35048018.23-P1P2	1	0	449	0
AGXT2_-_35047934.23-P1P2	2747	1	678	1624
AGXT2_-_35047958.23-P1P2	3	1	1300	2180
AGXT2_-_35047966.23-P1P2	0	0	0	0
AGXT2_-_35048026.23-P1P2	4	1	703	1971
AGXT_+_241808192.23-P1P2	3	1154	1365	3640
AGXT_+_241808286.23-P1P2	2795	1	715	0
AGXT_+_241808483.23-P1P2	117	0	898	0
AGXT_+_241808706.23-P1P2	4	2431	1501	1610
AGXT_-_241808273.23-P1P2	878	0	1261	0
AHCY_-_32890731.23-P1P2	1182	1518	2515	2055
AHCY_-_32890950.23-P1P2	1514	2	1244	4
AHCY_-_32891095.23-P1P2	3535	5042	2462	3560
AHCY_-_32891101.23-P1P2	2	0	719	0
AHCY_-_32891145.23-P1P2	1818	0	2147	1639
AK1_+_130639930.23-P1P2	2502	3	1714	1363
AK1_+_130639945.23-P1P2	2139	1396	1058	1182
AK1_-_130639512.23-P1P2	2	0	415	0
AK1_-_130639710.23-P1P2	2616	0	1352	1238
AK1_-_130639906.23-P1P2	2548	2717	2003	1478
AK2_+_33502042.23-P1P2	1439	2	2337	991
AK2_+_33502056.23-P1P2	1	0	272	1960
AK2_+_33502088.23-P1P2	0	2	331	0
AK2_+_33502194.23-P1P2	1157	3	1120	2337
AK2_+_33502475.23-P1P2	1106	2264	1160	1
AK3_+_4740766.23-P1P2	3156	4	1080	5
AK3_+_4740798.23-P1P2	5164	3	1536	1
AK3_-_4740765.23-P1P2	2631	4664	1345	1466
AK3_-_4741156.23-P1P2	1249	3956	2335	5
AK3_-_4741205.23-P1P2	3236	0	1028	2
AK4_+_65613321.23-P1P2	4050	2	2765	3
AK4_+_65614269.23-P1P2	6556	10356	1766	3501
AK4_-_65613240.23-P1P2	773	0	538	0
AK4_-_65613440.23-P1P2	1731	4966	1659	1556
AK4_-_65613504.23-P1P2	1264	0	924	0
AK5_-_77747738.23-P1P2	2457	7623	1484	1949
AK5_-_77747887.23-P1P2	502	0	1008	0
AK5_-_77748084.23-P1P2	462	3	2180	2195
AK5_-_77748096.23-P1P2	1179	1	1210	1692
AK5_-_77748351.23-P1P2	86	4735	1529	3
AK7_+_96858465.23-P1P2	2504	9234	2436	1304
AK7_+_96858485.23-P1P2	932	3	1750	2220
AK7_+_96858941.23-P1P2	0	0	189	0
AK7_-_96858547.23-P1P2	0	0	349	0
AK7_-_96858913.23-P1P2	1	1	787	0
AK8_+_135753659.23-P1P2	0	0	460	1395
AK8_+_135753664.23-P1P2	1	0	445	0
AK8_-_135753610.23-P1P2	1000	0	1512	0
AK8_-_135753634.23-P1P2	3571	3	1074	2658
AK8_-_135754341.23-P1P2	1352	4	2664	3771
AKAP10_+_19881070.23-P1P2	967	1030	1647	3
AKAP10_+_19881078.23-P1P2	1792	1	120	1381
AKAP10_+_19881106.23-P1P2	2765	2847	1443	1
AKAP10_+_19881109.23-P1P2	0	0	87	0
AKAP10_+_19881129.23-P1P2	5484	4408	1566	1524
AKAP11_+_42846358.23-P1P2	2222	1	702	2
AKAP11_+_42846376.23-P1P2	816	3418	2570	6933
AKAP11_+_42846479.23-P1P2	0	0	0	0
AKAP11_+_42846688.23-P1P2	820	0	1526	1
AKAP11_-_42846604.23-P1P2	3	4	484	3334
AKAP12_+_151561539.23-P1	1322	659	2047	844
AKAP12_+_151646838.23-P2	0	0	522	0
AKAP12_+_151646850.23-P2	293	5686	1032	2089
AKAP12_+_151647266.23-P2	2725	1	550	1
AKAP12_-_151561572.23-P1	2560	3552	970	3612
AKAP12_-_151561599.23-P1	2683	1724	1779	1
AKAP12_-_151561609.23-P1	0	0	1390	0
AKAP12_-_151562006.23-P1	1265	0	738	1
AKAP12_-_151646835.23-P2	3521	8000	2240	3245
AKAP12_-_151646844.23-P2	0	0	620	0
AKAP13_+_85923789.23-P1P2	2415	3	676	3789
AKAP13_+_85923863.23-P1P2	5220	1737	1890	3242
AKAP13_+_85923876.23-P1P2	722	0	2214	1366
AKAP13_+_85924198.23-P1P2	1121	6	1934	3499
AKAP13_+_85924290.23-P1P2	1446	1	1162	1
AKAP14_+_119030176.23-P1P2	2988	5662	2064	1935
AKAP14_+_119030185.23-P1P2	1026	3	718	1733
AKAP14_+_119030227.23-P1P2	3597	1	1277	3741
AKAP14_+_119030337.23-P1P2	1539	1	947	2
AKAP14_-_119030368.23-P1P2	0	0	293	1547
AKAP1_+_55162988.23-P1P2	1239	7377	2236	4
AKAP1_+_55162999.23-P1P2	2193	7	3120	2262
AKAP1_+_55163111.23-P1P2	1929	1797	1376	6111
AKAP1_-_55162653.23-P1P2	7	5397	1064	3514
AKAP1_-_55162661.23-P1P2	0	0	905	0
AKAP3_+_4754219.23-P2	0	1	323	0
AKAP3_+_4757792.23-P1	94	0	71	0
AKAP3_+_4757813.23-P1	1415	4787	219	1503
AKAP3_+_4758137.23-P1	1	1	543	1
AKAP3_-_4754118.23-P2	6	3350	537	3
AKAP3_-_4754189.23-P2	2781	1	546	1861
AKAP3_-_4754248.23-P2	1305	5	880	3041
AKAP3_-_4754290.23-P2	1	0	293	0
AKAP3_-_4758021.23-P1	0	0	434	0
AKAP3_-_4758224.23-P1	2	0	382	0
AKAP4_+_49964966.23-P1P2	2	1	546	1265
AKAP4_+_49964995.23-P1P2	1	0	415	0
AKAP4_+_49965047.23-P1P2	506	2	913	1
AKAP4_+_49965636.23-P1P2	1703	7375	2170	1150
AKAP4_+_49965647.23-P1P2	2	0	981	582
AKAP5_+_64932286.23-P1P2	1090	1	723	2138
AKAP5_+_64932289.23-P1P2	2	1	2493	3203
AKAP5_+_64932523.23-P1P2	0	0	633	0
AKAP5_-_64932236.23-P1P2	987	1	1543	2969
AKAP5_-_64932248.23-P1P2	1322	1	1753	1732
AKAP6_+_32798551.23-P1P2	0	0	87	0
AKAP6_+_32798898.23-P1P2	0	0	174	1
AKAP6_-_32798545.23-P1P2	1621	1	887	2061
AKAP6_-_32798602.23-P1P2	0	0	873	1
AKAP6_-_32798679.23-P1P2	0	0	1254	0
AKAP7_+_131456600.23-P1P2	1051	2	1100	2728
AKAP7_+_131456616.23-P1P2	5844	8953	2879	454
AKAP7_-_131456586.23-P1P2	2329	3922	2049	529
AKAP7_-_131456595.23-P1P2	2821	5672	2817	3506
AKAP7_-_131456599.23-P1P2	4992	4003	1357	1807
AKAP8L_+_15529720.23-P1P2	555	2118	893	2
AKAP8L_+_15529754.23-P1P2	2335	9	1465	3545
AKAP8L_+_15529786.23-P1P2	3	2224	2464	1883
AKAP8L_-_15529435.23-P1P2	1779	1	537	0
AKAP8L_-_15529738.23-P1P2	0	0	478	0
AKAP8_+_15490522.23-P1P2	1611	5304	2558	1685
AKAP8_+_15490531.23-P1P2	1	1	777	0
AKAP8_+_15490538.23-P1P2	2424	5	1586	1845
AKAP8_+_15490555.23-P1P2	1892	1	917	0
AKAP8_+_15490566.23-P1P2	1524	2380	494	1973
AKAP9_+_91570225.23-P1P2	2587	5	2431	2142
AKAP9_+_91570245.23-P1P2	4942	1	2648	2
AKAP9_+_91570248.23-P1P2	4255	2	2949	2122
AKAP9_-_91570201.23-P1P2	0	0	151	0
AKAP9_-_91570233.23-P1P2	3893	2348	2434	0
AKR1A1_+_46016701.23-P1P2	0	0	0	0
AKR1A1_+_46016723.23-P1P2	5	1654	1321	4755
AKR1A1_+_46017142.23-P1P2	1221	3001	763	3
AKR1A1_-_46016592.23-P1P2	5	3874	593	3013
AKR1A1_-_46016934.23-P1P2	3540	1	1655	1151
AKR1B10_+_134212298.23-P1P2	2648	1	558	1840
AKR1B10_+_134212317.23-P1P2	1	0	252	0
AKR1B10_+_134212752.23-P1P2	1176	1	1126	3003
AKR1B10_-_134212336.23-P1P2	1989	5433	1	2
AKR1B10_-_134212770.23-P1P2	4	0	322	1945
AKR1B1_+_134143398.23-P1P2	2623	2	1814	1331
AKR1B1_+_134143462.23-P1P2	3991	0	1499	1
AKR1B1_+_134143839.23-P1P2	2173	5719	2908	837
AKR1B1_-_134143472.23-P1P2	1762	2983	833	1963
AKR1B1_-_134143848.23-P1P2	5305	1612	2623	1545
AKT1_+_105261633.23-P1P2	0	0	289	0
AKT1_+_105261705.23-P1P2	0	0	970	0
AKT1_+_105261975.23-P1P2	1188	0	745	3135
AKT1_+_105262011.23-P1P2	0	0	836	0
AKT1_+_105262020.23-P1P2	2684	4	1627	3526
AKT2_+_40791162.23-P1P2	2518	1	711	1
AKT2_+_40791298.23-P1P2	1102	0	1216	1
AKT2_-_40791096.23-P1P2	4	0	867	3458
AKT2_-_40791188.23-P1P2	2751	2645	3470	2662
AKT2_-_40791241.23-P1P2	2	1	454	1965
AKT3_+_244013158.23-P1P2	3930	2	1165	305
AKT3_-_244013164.23-P1P2	1460	1	2438	1
AKT3_-_244013349.23-P1P2	6	4	2208	2581
AKT3_-_244013352.23-P1P2	2887	14288	1744	3566
AKT3_-_244013548.23-P1P2	4437	5	779	3697
ALAS1_+_52232183.23-P1P2	1303	1	3004	1
ALAS1_+_52232365.23-P1P2	0	2	68	2065
ALAS1_+_52232583.23-P1P2	1566	2606	968	3
ALAS1_+_52232611.23-P1P2	2788	3771	2667	3214
ALAS1_-_52232194.23-P1P2	2	1	2075	0
ALAS2_+_55057316.23-P1P2	3	5506	863	2
ALAS2_+_55057338.23-P1P2	0	0	218	0
ALAS2_-_55056927.23-P1P2	2725	1	851	1642
ALAS2_-_55057349.23-P1P2	3263	30	817	887
ALAS2_-_55057412.23-P1P2	3402	3098	668	3339
ALDH18A1_+_97416086.23-P1P2	1129	8608	734	2002
ALDH18A1_+_97416090.23-P1P2	2870	1469	1936	1348
ALDH18A1_+_97416448.23-P1P2	2860	5805	1532	4
ALDH18A1_-_97416063.23-P1P2	2	2889	599	0
ALDH18A1_-_97416501.23-P1P2	0	0	257	0
ALDH1A2_+_58357459.23-P1P2	1335	3	1681	6101
ALDH1A2_+_58357493.23-P1P2	2331	3954	1956	1770
ALDH1A2_-_58357473.23-P1P2	763	1	1336	0
ALDH1A2_-_58357549.23-P1P2	4943	6741	1996	1074
ALDH1A2_-_58357877.23-P1P2	1993	2	1907	3748
ALDH1B1_+_38392764.23-P1P2	1352	0	802	0
ALDH1B1_+_38392957.23-P1P2	4	4	1284	1563
ALDH1B1_+_38392963.23-P1P2	4	5159	2242	0
ALDH1B1_+_38393145.23-P1P2	1214	6	2184	1297
ALDH1B1_-_38393107.23-P1P2	192	5231	1179	1841
ALDH1L1_+_125899006.23-P1P2	4588	4865	2344	1471
ALDH1L1_-_125899035.23-P1P2	4663	3884	1788	1596
ALDH1L1_-_125899333.23-P1P2	6969	5763	2658	2886
ALDH1L1_-_125899391.23-P1P2	1315	1394	727	1938
ALDH1L1_-_125899408.23-P1P2	11	9209	1413	3215
ALDH3A1_+_19651350.23-P1P2	2	2486	1000	2712
ALDH3A1_+_19651570.23-P1P2	1685	758	1745	2
ALDH3A1_+_19651582.23-P1P2	867	2303	388	1
ALDH3A1_+_19651663.23-P1P2	1718	1	1145	3
ALDH3A1_-_19651612.23-P1P2	2589	2	626	2
ALDH3A2_+_19552078.23-P1P2	1841	3	1372	2334
ALDH3A2_-_19552105.23-P1P2	680	1	1158	1
ALDH3A2_-_19552119.23-P1P2	2	3206	976	4
ALDH3A2_-_19552301.23-P1P2	1360	3	893	0
ALDH3A2_-_19552304.23-P1P2	1667	3069	1748	2
ALDH3B1_+_67777809.23-P1P2	0	875	1103	528
ALDH3B1_+_67777830.23-P1P2	0	1	803	2
ALDH3B1_+_67777856.23-P1P2	2989	7	1449	2035
ALDH3B1_+_67778195.23-P1P2	4777	7190	1941	1458
ALDH3B1_-_67778165.23-P1P2	0	0	0	0
ALDH4A1_-_19228655.23-P1P2	4	3198	1246	3348
ALDH4A1_-_19228763.23-P1P2	1324	2780	445	0
ALDH4A1_-_19228783.23-P1P2	1306	3	627	2349
ALDH4A1_-_19228972.23-P1P2	2346	3	2472	3058
ALDH4A1_-_19229034.23-P1P2	1643	3	1560	0
ALDH5A1_+_24495207.23-P1P2	1337	5112	722	1358
ALDH5A1_+_24495265.23-P1P2	2523	1	870	8
ALDH5A1_+_24495477.23-P1P2	466	0	1432	1954
ALDH5A1_+_24495537.23-P1P2	3130	2234	1965	2
ALDH5A1_+_24495662.23-P1P2	1385	5686	528	3394
ALDH9A1_-_165667549.23-P1P2	0	0	161	0
ALDH9A1_-_165667740.23-P1P2	606	0	2252	1113
ALDH9A1_-_165667761.23-P1P2	1149	0	787	1054
ALDH9A1_-_165667800.23-P1P2	0	1	134	1069
ALDH9A1_-_165667803.23-P1P2	910	1	698	0
ALK_+_30144436.23-P1P2	4821	2776	2344	3
ALK_-_30144068.23-P1P2	12	14246	2134	3075
ALK_-_30144392.23-P1P2	3104	2934	1600	1747
ALK_-_30144395.23-P1P2	2	2838	817	2
ALK_-_30144402.23-P1P2	6	4303	623	1371
ALLC_+_3705780.23-P1P2	1	0	842	0
ALLC_+_3706035.23-P1P2	0	0	213	0
ALLC_-_3705821.23-P1P2	7	3258	2485	1
ALLC_-_3705832.23-P1P2	2893	3283	1509	899
ALLC_-_3706094.23-P1P2	1089	2	1058	460
ALOX5_+_45869730.23-P1P2	1221	3312	1535	1
ALOX5_+_45869734.23-P1P2	672	5528	477	1
ALOX5_-_45870075.23-P1P2	2364	6	388	1
ALOX5_-_45870079.23-P1P2	1319	7	1408	1626
ALOX5_-_45870102.23-P1P2	1825	1	762	2
ALPI_+_233320899.23-P1P2	869	3469	1639	1
ALPI_+_233320902.23-P1P2	2	2	1540	1802
ALPI_+_233321300.23-P1P2	1260	8154	1601	3601
ALPI_-_233320917.23-P1P2	2	4973	1185	2093
ALPI_-_233321239.23-P1P2	688	1	984	1066
ALPK1_+_113218522.23-P1P2	3143	1	776	2
ALPK1_+_113218559.23-P1P2	0	0	0	0
ALPK1_-_113218809.23-P1P2	4	6339	792	3
ALPK1_-_113218819.23-P1P2	0	0	0	0
ALPK1_-_113218916.23-P1P2	0	1	134	0
ALPK2_+_56295811.23-ENST00000361673.3	2	2	378	937
ALPK2_+_56296241.23-ENST00000361673.3	1607	0	666	1
ALPK2_+_56296244.23-ENST00000361673.3	2	1	1123	1855
ALPK2_-_56296080.23-ENST00000361673.3	2	0	1047	0
ALPK2_-_56296111.23-ENST00000361673.3	0	0	0	0
ALPK3_+_85360868.23-P1P2	1	0	152	1795
ALPK3_-_85360394.23-P1P2	2402	5	1612	4
ALPK3_-_85360414.23-P1P2	1145	3	501	2713
ALPK3_-_85360424.23-P1P2	0	0	137	0
ALPK3_-_85360833.23-P1P2	5074	3	1021	1486
ALPL_+_21835943.23-P1	937	2	1777	3309
ALPL_+_21835964.23-P1	1237	5	2019	1665
ALPL_+_21835978.23-P1	3	2229	1601	1544
ALPL_+_21836361.23-P1	2378	3	2506	3950
ALPL_+_21877779.23-P2	1097	9	2381	3377
ALPL_+_21878169.23-P2	6	5892	2038	9
ALPL_-_21836424.23-P1	1760	0	275	0
ALPL_-_21877787.23-P2	944	1	645	2297
ALPL_-_21877856.23-P2	1344	2497	582	1
ALPL_-_21877871.23-P2	283	1141	1490	1651
ALPPL2_+_233271563.23-P1P2	4453	1705	2024	1707
ALPPL2_+_233271581.23-P1P2	2	1335	542	0
ALPPL2_+_233271588.23-P1P2	1217	1	590	1
ALPPL2_+_233271948.23-P1P2	2839	3146	1843	3673
ALPPL2_-_233271568.23-P1P2	3	0	655	0
AMHR2_+_53818923.23-P1P2	2676	2	719	1162
AMHR2_+_53819137.23-P1P2	3209	5	2743	4556
AMHR2_+_53819383.23-P1P2	1649	6947	2329	1767
AMHR2_-_53818886.23-P1P2	0	0	0	0
AMHR2_-_53819370.23-P1P2	2	3394	274	1398
AMN_+_103389039.23-P1	882	1	1821	1452
AMN_+_103389216.23-P1	5851	1	3080	2065
AMN_+_103395231.23-P2	2404	1	1027	1
AMN_+_103395370.23-P2	1385	2	1156	1279
AMN_+_103395419.23-P2	1510	3	2090	1
AMN_-_103389029.23-P1	2527	1	1332	1673
AMN_-_103389054.23-P1	5	2	1565	3248
AMN_-_103389087.23-P1	2548	0	1894	2621
AMN_-_103395024.23-P2	1476	6	2034	5555
AMN_-_103395326.23-P2	2497	1	1870	0
AMT_+_49459848.23-P1P2	1718	4	1998	3762
AMT_+_49459858.23-P1P2	1422	4	1626	3
AMT_+_49459861.23-P1P2	1131	3	1214	14
AMT_-_49459829.23-P1P2	4	2	2214	1130
AMT_-_49459857.23-P1P2	714	4	1141	0
AMY2A_+_104159553.23-P1P2	2822	1	883	3805
AMY2A_+_104159726.23-P1P2	0	0	937	1
AMY2A_+_104159834.23-P1P2	1	1740	0	0
AMY2A_-_104159734.23-P1P2	1690	5398	620	4
AMY2A_-_104159817.23-P1P2	0	214	476	0
AMY2B_+_104104473.23-P1P2	1	0	954	0
AMY2B_-_104104404.23-P1P2	2	1	1291	3062
AMY2B_-_104104409.23-P1P2	0	3	894	2036
AMY2B_-_104104458.23-P1P2	4	2162	885	1872
AMY2B_-_104104488.23-P1P2	1	0	236	1744
ANKK1_+_113258562.23-P1P2	5725	2305	2901	2815
ANKK1_+_113258924.23-P1P2	33	1	844	0
ANKK1_+_113258955.23-P1P2	0	0	0	0
ANKK1_-_113258522.23-P1P2	1534	0	1044	0
ANKK1_-_113259026.23-P1P2	1	0	752	4
ANXA2_+_60689732.23-P1P2	1322	3	1967	5373
ANXA2_+_60690063.23-P1P2	3716	4	1690	2100
ANXA2_-_60689707.23-P1P2	240	3520	1357	1
ANXA2_-_60689776.23-P1P2	964	11734	2765	1404
ANXA2_-_60690116.23-P1P2	4997	5	2462	1932
ANXA3_+_79472940.23-P1P2	2645	4	2111	2017
ANXA3_+_79473255.23-P1P2	1257	0	338	2
ANXA3_+_79473355.23-P1P2	3	3059	946	2811
ANXA3_-_79473131.23-P1P2	3947	4674	895	3
ANXA3_-_79473265.23-P1P2	560	0	964	1
ANXA5_-_122617573.23-P1P2	930	0	1499	1433
ANXA5_-_122617717.23-P1P2	2737	2797	363	2083
ANXA5_-_122617764.23-P1P2	0	0	936	0
ANXA5_-_122618086.23-P1P2	1501	0	1315	0
ANXA5_-_122618118.23-P1P2	5	5385	372	1286
APCS_+_159557645.23-P1P2	1	0	454	2
APCS_+_159557663.23-P1P2	1	0	357	0
APCS_+_159557720.23-P1P2	4	1	1	2206
APCS_-_159557617.23-P1P2	0	0	471	0
APCS_-_159557638.23-P1P2	2621	6372	960	1354
APOE_+_45409173.23-P1P2	0	0	150	0
APOE_-_45409117.23-P1P2	2090	1	803	3736
APOE_-_45409137.23-P1P2	1470	5502	1135	3
APOE_-_45409305.23-P1P2	1	1	613	1962
APOE_-_45409519.23-P1P2	0	0	517	0
APOH_+_64223962.23-P2	1389	4	373	1576
APOH_+_64224198.23-P2	0	1	711	0
APOH_+_64224202.23-P2	1489	1	2208	3
APOH_+_64225521.23-P1	2717	1	368	2
APOH_-_64224067.23-P2	5418	1995	1504	1281
APOH_-_64224106.23-P2	0	0	0	0
APOH_-_64225455.23-P1	676	0	521	1521
APOH_-_64225487.23-P1	395	2585	550	2
APOH_-_64225515.23-P1	1722	1	505	1
APOH_-_64225529.23-P1	1981	1	822	1805
APRT_+_88877892.23-P1P2	1428	2629	1142	1574
APRT_+_88877930.23-P1P2	6107	4	1974	6
APRT_-_88878107.23-P1P2	1	1890	2336	2
APRT_-_88878302.23-P1P2	1264	3112	1052	4740
APRT_-_88878308.23-P1P2	2428	2963	1302	3836
ARAF_+_47420611.23-P1P2	3414	2	1370	2
ARAF_-_47420581.23-P1P2	1516	2	946	2299
ARAF_-_47420629.23-P1P2	3931	3	1105	1
ARAF_-_47420650.23-P1P2	5710	6466	2465	3280
ARAF_-_47420655.23-P1P2	4060	2	2315	3693
ARF1_+_228270829.23-P1P2	0	193	620	0
ARF1_-_228270444.23-P1P2	3334	2	2353	4511
ARF1_-_228270479.23-P1P2	1647	1	1389	0
ARF1_-_228270510.23-P1P2	4303	2	2131	1939
ARF1_-_228270878.23-P1P2	2794	5	678	2255
ARF4_+_57583046.23-P1P2	0	0	0	0
ARF4_-_57582621.23-P1P2	0	0	1263	1
ARF4_-_57583010.23-P1P2	0	0	627	0
ARF4_-_57583033.23-P1P2	0	0	414	0
ARF4_-_57583055.23-P1P2	2	2753	145	0
ARF6_+_50361360.23-P2	1	0	253	0
ARF6_+_50361377.23-P2	0	0	0	0
ARF6_+_50361520.23-P2	0	0	0	0
ARF6_-_50359824.23-P1	1	0	876	0
ARF6_-_50359827.23-P1	0	0	0	0
ARF6_-_50359865.23-P1	1	2428	1707	1598
ARF6_-_50360206.23-P1	1789	1	1479	1261
ARF6_-_50360232.23-P1	6369	2	1823	1987
ARF6_-_50361209.23-P2	2631	4	171	1
ARF6_-_50361303.23-P2	0	0	738	1
ARHGAP26_+_142150361.23-P1P2	4103	4721	702	2605
ARHGAP26_-_142149986.23-P1P2	2191	1	1674	3
ARHGAP26_-_142150010.23-P1P2	0	2	455	1159
ARHGAP26_-_142150016.23-P1P2	0	0	524	0
ARHGAP26_-_142150021.23-P1P2	0	0	90	0
ARL1_+_101801462.23-P1P2	0	0	391	1599
ARL1_+_101801468.23-P1P2	906	2742	1689	0
ARL1_+_101801483.23-P1P2	3065	3	2988	1566
ARL1_-_101801214.23-P1P2	1	0	1125	0
ARL1_-_101801545.23-P1P2	3	0	1131	2025
ARL3_+_104474074.23-P1P2	5086	7	1547	2023
ARL3_+_104474107.23-P1P2	1095	7180	1057	1625
ARL3_-_104474009.23-P1P2	2763	1020	2427	6
ARL3_-_104474089.23-P1P2	1673	1	2811	2072
ARL3_-_104474101.23-P1P2	0	0	0	0
ARL5B_-_18948336.23-P1P2	1088	0	637	1
ARL5B_-_18948344.23-P1P2	1345	0	1035	0
ARL5B_-_18948348.23-P1P2	4149	5940	944	2178
ARL5B_-_18948364.23-P1P2	828	1290	2076	870
ARL5B_-_18948378.23-P1P2	1	0	328	0
ARPC1B_+_98972315.23-P1P2	4332	3	2604	5
ARPC1B_+_98972356.23-P1P2	1421	5375	2039	1929
ARPC1B_+_98972769.23-P1P2	1530	2	1805	0
ARPC1B_-_98972364.23-P1P2	0	0	1042	1220
ARPC1B_-_98972410.23-P1P2	0	0	0	1
ARPC2_+_219082121.23-P1	1	1074	704	0
ARPC2_+_219082260.23-P1	2	0	916	0
ARPC2_+_219103598.23-P2	1586	0	254	0
ARPC2_-_219081891.23-P1	1386	5683	2185	1859
ARPC2_-_219081923.23-P1	1	0	323	0
ARPC2_-_219081929.23-P1	4	0	1431	0
ARPC2_-_219103608.23-P2	2	0	1037	0
ARPC2_-_219103625.23-P2	2	0	905	1874
ARPC2_-_219103724.23-P2	1719	0	743	0
ARPC2_-_219103871.23-P2	2564	4	1642	1569
ARPC3_+_110883121.23-P2	4	3	801	1726
ARPC3_+_110887749.23-P1	0	0	375	0
ARPC3_+_110888087.23-P1	0	0	0	0
ARPC3_-_110882890.23-P2	1	0	790	964
ARPC3_-_110882896.23-P2	1835	1	407	2115
ARPC3_-_110882946.23-P2	2	3	748	1400
ARPC3_-_110883364.23-P2	2	2	990	2144
ARPC3_-_110888115.23-P1	691	0	570	1
ARPC3_-_110888131.23-P1	3	4661	1216	3
ARPC3_-_110888149.23-P1	1	2	537	1620
ARPC4_+_9834769.23-P1P2	0	0	239	1
ARPC4_+_9834836.23-P1P2	2710	3	1296	2835
ARPC4_-_9834275.23-P1P2	3	2705	583	1
ARPC4_-_9834393.23-P1P2	4	5178	1401	3823
ARPC4_-_9834808.23-P1P2	0	1	448	0
ARPC5_+_183604702.23-P1P2	1033	2613	568	4
ARPC5_+_183604818.23-P1P2	1	2	1481	1
ARPC5_+_183604896.23-P1P2	3353	3	1955	2471
ARPC5_-_183604403.23-P1P2	0	0	486	2202
ARPC5_-_183604444.23-P1P2	3	3175	952	2053
ARSA_+_51066539.23-P1P2	1549	1	1845	1
ARSA_+_51066550.23-P1P2	1866	2260	2338	6845
ARSA_-_51066477.23-P1P2	12	10128	2413	1629
ARSA_-_51066480.23-P1P2	1	2610	503	2
ARSA_-_51066507.23-P1P2	8	2710	963	2997
ART1_+_3666404.23-P1P2	0	0	0	0
ART1_+_3666757.23-P1P2	3	0	823	2043
ART1_+_3666779.23-P1P2	4	3	1215	1973
ART1_-_3666414.23-P1P2	2093	0	1109	0
ART1_-_3666702.23-P1P2	1	1	1939	1
ASGR2_+_7017555.23-P1P2	1447	603	1653	1548
ASGR2_-_7017722.23-P1P2	1399	0	887	0
ASGR2_-_7017726.23-P1P2	1757	3462	776	0
ASGR2_-_7017962.23-P1P2	2340	5295	2857	1781
ASGR2_-_7017981.23-P1P2	1483	6765	2741	5
ASNA1_+_12848373.23-P1P2	2287	8308	1954	1659
ASNA1_+_12848385.23-P1P2	0	0	619	0
ASNA1_+_12848698.23-P1P2	1238	9971	900	5
ASNA1_-_12847970.23-P1P2	1304	2	955	1830
ASNA1_-_12848537.23-P1P2	0	0	467	0
ASPA_+_3379320.23-P1P2	6	1	740	2128
ASPA_+_3379346.23-P1P2	0	0	0	0
ASPA_+_3379511.23-P1P2	0	0	701	1
ASPA_+_3379614.23-P1P2	0	0	0	0
ASPA_-_3379286.23-P1P2	15	9114	835	1618
ASRGL1_+_62105004.23-P1P2	3847	5143	1791	4
ASRGL1_+_62105040.23-P1P2	3932	2	2741	1210
ASRGL1_+_62105366.23-P1P2	2	2	1350	1280
ASRGL1_-_62104973.23-P1P2	1578	2410	1757	2
ASRGL1_-_62105346.23-P1P2	1523	2	254	1
ASS1_+_133320398.23-P1P2	0	0	990	0
ASS1_+_133320409.23-P1P2	4	3165	747	1786
ASS1_+_133320415.23-P1P2	559	3	2751	1
ASS1_+_133320791.23-P1P2	1208	1	900	1025
ASS1_-_133320387.23-P1P2	3764	3683	1396	5067
ATM_+_108094013.23-P1P2	1242	2	1670	2019
ATM_-_108093795.23-P1P2	247	1	764	1992
ATM_-_108093813.23-P1P2	0	0	462	0
ATM_-_108093829.23-P1P2	2088	2	740	0
ATM_-_108093839.23-P1P2	675	0	885	0
ATOX1_-_151137774.23-P1P2	4664	3181	1540	5
ATOX1_-_151138108.23-P1P2	5747	2	2114	4
ATOX1_-_151138119.23-P1P2	4171	1	2450	2039
ATOX1_-_151138125.23-P1P2	2799	3	2014	2901
ATOX1_-_151138136.23-P1P2	3926	6	1409	3418
ATP1A1_+_116916023.23-P1P2	1733	0	1211	0
ATP1A1_+_116916694.23-P1P2	4200	2	1410	1953
ATP1A1_-_116915929.23-P1P2	1275	5537	1508	3221
ATP1A1_-_116915944.23-P1P2	2227	6	2236	1486
ATP1A1_-_116916334.23-P1P2	1546	1	737	0
ATP2A1_+_28889799.23-P1P2	6	1460	1971	3303
ATP2A1_+_28890222.23-P1P2	2474	1	890	1
ATP2A1_-_28889826.23-P1P2	4	1	1440	0
ATP2A1_-_28889833.23-P1P2	3688	2	300	1345
ATP2A1_-_28889864.23-P1P2	0	0	647	0
ATP2C1_+_130613032.23-P1P2	0	0	475	0
ATP2C1_+_130613095.23-P1P2	3210	0	1902	1005
ATP2C1_+_130613395.23-P1P2	1296	6946	2272	1674
ATP2C1_-_130613451.23-P1P2	1	1	597	1623
ATP2C1_-_130613510.23-P1P2	625	1	1370	6895
ATP4A_+_36048513.23-P2	0	1	793	0
ATP4A_+_36048542.23-P2	2662	6	3742	1044
ATP4A_+_36048719.23-P2	1983	3690	1477	2243
ATP4A_+_36054077.23-P1	1219	0	2419	2863
ATP4A_+_36054145.23-P1	928	0	843	1
ATP4A_+_36054525.23-P1	2301	1478	1625	3316
ATP4A_+_36054542.23-P1	0	0	533	0
ATP4A_+_36054554.23-P1	2045	1	730	2
ATP4A_-_36048282.23-P2	3179	1	1304	1
ATP4A_-_36048687.23-P2	2170	4164	1770	1721
ATP5A1_+_43669273.23-P2	2	8	1932	1826
ATP5A1_+_43669663.23-P2	1505	3	1527	1974
ATP5A1_+_43669671.23-P2	0	0	0	0
ATP5A1_+_43678149.23-P1	1272	1	1012	2
ATP5A1_+_43678210.23-P1	0	0	381	0
ATP5A1_+_43678237.23-P1	2814	3441	661	2
ATP5A1_-_43669651.23-P2	1869	1	1066	1751
ATP5A1_-_43669654.23-P2	2190	4284	782	3438
ATP5A1_-_43678030.23-P1	0	0	562	0
ATP5A1_-_43678159.23-P1	6	5323	109	2
ATP5B_+_57039359.23-P1P2	0	0	477	0
ATP5B_+_57039710.23-P1P2	0	0	287	0
ATP5B_-_57039683.23-P1P2	0	0	109	0
ATP5B_-_57039709.23-P1P2	0	0	0	0
ATP5B_-_57039762.23-P1P2	0	0	105	0
ATP5C1_+_7830138.23-P1P2	3511	2	780	0
ATP5C1_+_7830168.23-P1P2	0	0	80	0
ATP5C1_+_7830547.23-P1P2	0	0	490	0
ATP5C1_-_7830158.23-P1P2	0	0	0	0
ATP5C1_-_7830375.23-P1P2	2	0	430	0
ATP6V1A_+_113465895.23-P1P2	1	2	188	1862
ATP6V1A_+_113465921.23-P1P2	1	0	416	0
ATP6V1A_-_113465905.23-P1P2	4	0	1073	0
ATP6V1A_-_113465930.23-P1P2	2	0	667	0
ATP6V1A_-_113466376.23-P1P2	1	0	465	0
ATP6V1B2_+_20054954.23-P1P2	2	0	905	0
ATP6V1B2_+_20054959.23-P1P2	0	0	150	0
ATP6V1B2_+_20054974.23-P1P2	1	0	804	2
ATP6V1B2_+_20055090.23-P1P2	0	0	361	0
ATP6V1B2_-_20054985.23-P1P2	2	1	1603	0
ATP6V1C1_+_104033380.23-P1P2	0	0	609	1
ATP6V1C1_+_104033390.23-P1P2	0	0	209	0
ATP6V1C1_-_104033344.23-P1P2	7	5447	386	5
ATP6V1C1_-_104033361.23-P1P2	1662	0	1093	3
ATP6V1C1_-_104033365.23-P1P2	1	0	543	1
ATP8A1_-_42658683.23-P1P2	2362	3	2203	3971
ATP8A1_-_42658751.23-P1P2	0	0	0	0
ATP8A1_-_42659062.23-P1P2	1401	2	2920	5925
ATP8A1_-_42659065.23-P1P2	1623	4	1402	3
ATP8A1_-_42659112.23-P1P2	2728	4	867	6478
ATR_+_142297571.23-P1P2	0	0	0	0
ATR_+_142297576.23-P1P2	0	0	0	0
ATR_-_142297227.23-P1P2	0	0	0	0
ATR_-_142297369.23-P1P2	0	0	0	0
ATR_-_142297649.23-P1P2	0	0	0	0
AURKAIP1_+_1310184.23-P1P2	1811	3286	1388	6
AURKAIP1_+_1310516.23-P1P2	3	0	1325	1
AURKAIP1_+_1310564.23-P1P2	2	2	300	3966
AURKAIP1_-_1310201.23-P1P2	2204	2	911	2
AURKAIP1_-_1310542.23-P1P2	1	2	3071	937
AURKA_+_54967179.23-P1P2	0	0	0	0
AURKA_+_54967204.23-P1P2	0	0	0	0
AURKA_-_54966756.23-P1P2	0	0	120	0
AURKA_-_54967035.23-P1P2	0	0	0	0
AURKA_-_54967215.23-P1P2	0	0	100	0
AURKB_+_8113488.23-P1P2	1	0	231	0
AURKB_+_8113717.23-P1P2	0	0	0	0
AURKB_+_8113846.23-P1P2	0	0	0	0
AURKB_-_8113518.23-P1P2	0	0	0	0
AURKB_-_8113837.23-P1P2	0	0	0	0
AURKC_+_57742445.23-P1P2	855	3037	1611	0
AURKC_+_57742897.23-P1P2	4	5941	795	2
AURKC_+_57742907.23-P1P2	1	1	79	1744
AURKC_-_57742432.23-P1P2	1476	4	2784	2284
AURKC_-_57742487.23-P1P2	4998	3	919	1902
AVPR1A_+_63544503.23-P1P2	846	0	802	0
AVPR1A_+_63544953.23-P1P2	0	0	729	0
AVPR1A_+_63544956.23-P1P2	467	0	1333	0
AVPR1A_-_63544766.23-P1P2	1161	0	139	1
AVPR1A_-_63544900.23-P1P2	2101	4084	2614	4700
AVPR1B_+_206223991.23-P1P2	3627	5462	2253	1606
AVPR1B_+_206223995.23-P1P2	2311	4913	3652	4
AVPR1B_+_206224162.23-P1P2	693	3063	1434	3
AVPR1B_-_206223975.23-P1P2	3	3232	1208	1611
AVPR1B_-_206223987.23-P1P2	6088	3014	3061	1443
AVPR2_+_153170186.23-P1P2	848	2726	1644	3357
AVPR2_+_153170422.23-P1P2	2609	5	2077	2142
AVPR2_+_153170553.23-P1P2	1049	1	1280	1972
AVPR2_+_153170634.23-P1P2	6	2225	1486	1651
AVPR2_-_153170663.23-P1P2	2463	7934	2078	5
AXL_+_41725166.23-P1P2	3111	3	1343	1874
AXL_-_41725144.23-P1P2	4	3	2286	1961
AXL_-_41725205.23-P1P2	8	2878	721	1783
AXL_-_41725322.23-P1P2	1642	4	1737	2
AXL_-_41725592.23-P1P2	1613	3	1132	2
AZGP1_+_99573256.23-P1P2	863	1	229	0
AZGP1_+_99573270.23-P1P2	0	3100	992	1
AZGP1_+_99573276.23-P1P2	998	1	750	2414
AZGP1_+_99573447.23-P1P2	2540	1	1584	3
AZGP1_-_99573392.23-P1P2	2415	2	743	0
B2M_+_45003739.23-P1	0	0	591	0
B2M_+_45003754.23-P1	3790	2	2026	1791
B2M_+_45003760.23-P1	2334	3	2360	2227
B2M_+_45004135.23-P1	2024	2	543	2
B2M_+_45007848.23-P2	2805	11018	2199	3478
B2M_+_45007852.23-P2	935	2	833	1775
B2M_+_45007880.23-P2	0	0	164	0
B2M_+_45008205.23-P2	1132	2	615	2008
B2M_-_45003947.23-P1	1439	6	1201	3109
B2M_-_45008269.23-P2	1900	2	856	2
B4GALT1_+_33167161.23-P1P2	2	0	934	1599
B4GALT1_-_33166777.23-P1P2	166	1	876	1
B4GALT1_-_33167098.23-P1P2	2919	5	643	1665
B4GALT1_-_33167114.23-P1P2	2106	2	1697	1677
B4GALT1_-_33167151.23-P1P2	3	1135	618	1706
B4GALT2_+_44444940.23-P1P2	4226	2	2304	4
B4GALT2_+_44444945.23-P1P2	2066	4	2231	2937
B4GALT2_+_44445285.23-P1P2	3072	6	1998	3124
B4GALT2_+_44445388.23-P1P2	3269	1	1142	2
B4GALT2_+_44445508.23-P1P2	458	2	1732	1427
B4GALT3_+_161146860.23-P1P2	1492	1	792	0
B4GALT3_+_161147226.23-P1P2	1953	1	2320	1
B4GALT3_-_161146827.23-P1P2	2	0	991	1667
B4GALT3_-_161146830.23-P1P2	818	0	934	0
B4GALT3_-_161146833.23-P1P2	4	3045	989	0
B4GALT4_-_118959253.23-P1P2	3811	2470	1266	2
B4GALT4_-_118959700.23-P1P2	2159	3297	1973	4
B4GALT4_-_118959703.23-P1P2	2	3	2297	1508
B4GALT4_-_118959706.23-P1P2	1289	1	1039	3
B4GALT4_-_118959748.23-P1P2	1	1	1637	1
BACE1_+_117186573.23-P1P2	11	3	1285	4589
BACE1_+_117186910.23-P1P2	2226	0	806	1
BACE1_+_117186913.23-P1P2	1	0	1559	2
BACE1_-_117186930.23-P1P2	3116	2	1428	1
BACE1_-_117186976.23-P1P2	2382	4	1246	1081
BAG1_+_33264282.23-P1P2	3245	1074	1954	3293
BAG1_+_33264334.23-P1P2	3099	0	1699	1332
BAG1_+_33264347.23-P1P2	1516	7	105	2811
BAG1_+_33264674.23-P1P2	1615	3669	641	0
BAG1_-_33264226.23-P1P2	2894	2	1233	0
BAIAP2L1_+_98030294.23-P1P2	1245	4	1905	3454
BAIAP2L1_-_98030007.23-P1P2	1	0	592	0
BAIAP2L1_-_98030202.23-P1P2	0	0	826	0
BAIAP2L1_-_98030369.23-P1P2	1431	1	760	1232
BAIAP2L1_-_98030377.23-P1P2	2069	4	2017	1629
BBOX1_+_27062979.23-P2	0	0	229	1
BBOX1_+_27076906.23-P1	0	2	876	0
BBOX1_+_27077219.23-P1	1830	1	360	1646
BBOX1_+_27077310.23-P1	2696	2	540	3
BBOX1_-_27062990.23-P2	831	1	426	1
BBOX1_-_27063389.23-P2	2946	3363	611	2
BBOX1_-_27063410.23-P2	1055	5904	1102	805
BBOX1_-_27063414.23-P2	7	0	623	1664
BBOX1_-_27076980.23-P1	4	7653	339	2
BBOX1_-_27076998.23-P1	0	0	0	0
BCAT2_+_49313840.23-P1P2	4149	4954	1532	488
BCAT2_+_49313857.23-P1P2	1521	1	978	0
BCAT2_+_49314196.23-P1P2	4	4093	511	2
BCAT2_+_49314243.23-P1P2	1928	3	1828	1415
BCAT2_-_49314274.23-P1P2	2972	5316	1299	3
BCKDK_+_31119819.23-P1P2	4244	3	2957	4638
BCKDK_+_31119948.23-P1P2	3635	1	1772	2
BCKDK_+_31120200.23-P1P2	6	6063	601	647
BCKDK_-_31119715.23-P1P2	3736	5	2077	2
BCKDK_-_31120143.23-P1P2	5	2800	652	0
BCR_+_23522602.23-P1P2	738	3	2310	2020
BCR_+_23523092.23-P1P2	1356	2073	992	2
BCR_+_23523145.23-P1P2	2622	2993	1753	1901
BCR_-_23522662.23-P1P2	2488	3391	1673	2723
BCR_-_23523163.23-P1P2	3035	5	958	5316
BDH1_+_197282785.23-P1	0	0	924	0
BDH1_+_197282818.23-P1	1975	3830	1080	1772
BDH1_+_197282821.23-P1	1560	0	1671	1338
BDH1_+_197299833.23-P2	1638	2	718	1
BDH1_+_197300005.23-P2	2612	2	827	1
BDH1_+_197300050.23-P2	4	3173	1062	1814
BDH1_+_197300152.23-P2	0	1	117	0
BDH1_-_197282430.23-P1	3612	3494	3143	1938
BDH1_-_197282459.23-P1	2510	0	870	1
BDH1_-_197300158.23-P2	1437	1	2218	5274
BDKRB2_+_96671243.23-P1P2	7	2762	1255	3118
BDKRB2_-_96671208.23-P1P2	0	0	0	0
BDKRB2_-_96671212.23-P1P2	1507	1	4	2077
BDKRB2_-_96671239.23-P1P2	1181	3	474	0
BDKRB2_-_96671258.23-P1P2	1139	2060	2157	5662
BEGAIN_+_101014112.23-P2	1200	2	763	1244
BEGAIN_+_101014427.23-P2	0	0	797	1
BEGAIN_+_101053258.23-P1	3	9944	1455	3
BEGAIN_+_101053274.23-P1	1	0	1209	1
BEGAIN_+_101053379.23-P1	1445	5	649	3018
BEGAIN_+_101053679.23-P1	2936	5408	1167	3862
BEGAIN_-_101013991.23-P2	3	0	2006	5035
BEGAIN_-_101014000.23-P2	0	0	71	0
BEGAIN_-_101014193.23-P2	3257	5071	315	2
BEGAIN_-_101053338.23-P1	5	2	1294	1881
BGLAP_+_156182825.23-P1P2	1236	3458	907	3
BGLAP_-_156182790.23-P1P2	1379	1	1001	1
BGLAP_-_156182809.23-P1P2	0	0	112	0
BGLAP_-_156182834.23-P1P2	0	0	0	0
BGLAP_-_156182840.23-P1P2	0	0	0	0
BHMT2_+_78365650.23-P1P2	4152	2	873	3
BHMT2_+_78365811.23-P1P2	399	1	1184	1541
BHMT2_+_78366015.23-P1P2	2904	1	1276	4
BHMT2_-_78365608.23-P1P2	6888	7071	3358	1603
BHMT2_-_78365638.23-P1P2	2	1	314	1457
BHMT_+_78407660.23-P1P2	680	3	2409	810
BHMT_+_78407670.23-P1P2	2184	2611	1489	3621
BHMT_+_78407841.23-P1P2	1	0	385	1097
BHMT_+_78408068.23-P1P2	1	0	1753	1
BHMT_-_78407639.23-P1P2	1877	2	773	2
BLK_+_11351913.23-P1P2	3738	4507	3595	3960
BLK_-_11351904.23-P1P2	469	2	1283	1812
BLK_-_11352324.23-P1P2	4	6504	740	6
BLK_-_11352367.23-P1P2	1	1	1118	0
BLK_-_11352383.23-P1P2	0	0	563	0
BLVRA_+_43798323.23-P1	2570	3	3380	5196
BLVRA_+_43798673.23-P1	2669	2515	1094	2739
BLVRA_+_43803794.23-P2	1077	1	367	0
BLVRA_+_43804242.23-P2	1374	0	1739	1762
BLVRA_+_43804270.23-P2	2465	0	491	0
BLVRA_-_43798305.23-P1	3	0	1693	0
BLVRA_-_43798338.23-P1	3589	2399	2881	2450
BLVRA_-_43798688.23-P1	0	0	1081	1
BLVRA_-_43803827.23-P2	2911	2511	1887	1
BLVRA_-_43804199.23-P2	3402	1	943	2224
BLVRB_+_40971387.23-P1P2	1373	1	1325	2879
BLVRB_+_40971620.23-P1P2	6	4769	1092	5
BLVRB_+_40971674.23-P1P2	3	4	771	1152
BLVRB_-_40971612.23-P1P2	0	3	1355	0
BLVRB_-_40971633.23-P1P2	1874	2	501	1060
BMP2K_+_79697485.23-P1P2	0	0	139	0
BMP2K_+_79697951.23-P1P2	0	0	646	0
BMP2K_+_79697973.23-P1P2	8	5182	1363	1984
BMP2K_-_79697740.23-P1P2	0	0	0	0
BMP2K_-_79697913.23-P1P2	1135	2	1634	0
BMPR1A_+_88516399.23-P1P2	1	1	619	0
BMPR1A_-_88516383.23-P1P2	0	0	497	0
BMPR1A_-_88516386.23-P1P2	2496	1	2402	1490
BMPR1A_-_88516389.23-P1P2	0	1	1116	1
BMPR1A_-_88516862.23-P1P2	3840	3183	2709	1480
BMPR1B_-_95679116.23-P1P2	0	1	1087	0
BMPR1B_-_95679183.23-P1P2	1201	4	1597	4410
BMPR1B_-_95679535.23-P1P2	2842	5	2705	3316
BMPR1B_-_95679541.23-P1P2	3400	4096	3581	6099
BMPR1B_-_95679577.23-P1P2	3	5413	757	2834
BMPR2_+_203241081.23-P1P2	6	4639	1419	1914
BMPR2_+_203241093.23-P1P2	1167	1	983	2
BMPR2_+_203241440.23-P1P2	561	0	2274	1576
BMPR2_+_203241453.23-P1P2	4	5250	529	3771
BMPR2_-_203241426.23-P1P2	263	0	1578	1
BMX_+_15518931.23-P1P2	3618	1	1600	2658
BMX_+_15518990.23-P1P2	5149	7717	3108	1849
BMX_+_15519408.23-P1P2	2007	0	1845	3
BMX_+_15519413.23-P1P2	3	0	163	2243
BMX_-_15518995.23-P1P2	3403	2667	1690	2
BPHL_+_3118965.23-P1P2	1390	2781	843	3404
BPHL_+_3118994.23-P1P2	7247	1299	1458	4
BPHL_+_3119347.23-P1P2	0	0	584	0
BPHL_-_3118980.23-P1P2	3926	1	2637	3136
BPHL_-_3118993.23-P1P2	1638	1	1298	1911
BPI_+_36932636.23-P1P2	2005	14495	3427	1575
BPI_+_36932649.23-P1P2	1377	0	888	2
BPI_+_36933020.23-P1P2	0	0	181	0
BPI_+_36933042.23-P1P2	2912	1	408	1911
BPI_-_36932865.23-P1P2	2	0	1526	0
BRAF_+_140624087.23-P1P2	1135	5856	431	2
BRAF_-_140624520.23-P1P2	0	0	384	0
BRAF_-_140624678.23-P1P2	923	2	1483	1630
BRAF_-_140624717.23-P1P2	3096	2792	1867	827
BRAF_-_140624725.23-P1P2	942	3	1035	2521
BRD2_+_32938718.23-P2	959	5	2600	1397
BRD2_+_32938730.23-P2	821	6391	1399	2725
BRD2_+_32938799.23-P2	710	3457	2741	3
BRD2_+_32940025.23-P1	0	0	128	0
BRD2_+_32940029.23-P1	1	1	810	0
BRD2_+_32940040.23-P1	4	2	1159	1665
BRD2_+_32940409.23-P1	1125	5434	936	1
BRD2_+_32940413.23-P1	0	1	715	0
BRD2_-_32938736.23-P2	5617	4377	1709	7058
BRD2_-_32938775.23-P2	1493	2	1586	1057
BRD3_+_136932685.23-P1P2	1939	1	1792	3
BRD3_+_136933110.23-P1P2	313	1	1002	1586
BRD3_+_136933116.23-P1P2	2359	6266	1015	3
BRD3_-_136933086.23-P1P2	5216	3853	3175	1757
BRD3_-_136933100.23-P1P2	3496	2	1313	1707
BRD4_+_15391148.23-ENST00000263377.2,ENST00000371835.4	1	2	911	1433
BRD4_-_15390745.23-ENST00000263377.2,ENST00000371835.4	2	0	1461	1
BRD4_-_15390749.23-ENST00000263377.2,ENST00000371835.4	4	2337	160	1840
BRD4_-_15390773.23-ENST00000263377.2,ENST00000371835.4	3	0	2056	2014
BRD4_-_15390857.23-ENST00000263377.2,ENST00000371835.4	0	0	505	0
BRDT_+_92414997.23-P1P2	2206	3	2009	6694
BRDT_+_92415088.23-P1P2	0	0	624	0
BRDT_+_92415234.23-P1P2	1687	9392	2506	5624
BRDT_-_92414973.23-P1P2	1772	0	186	0
BRDT_-_92415096.23-P1P2	0	0	0	0
BRSK1_-_55795395.23-P1P2	1343	1	1382	1033
BRSK1_-_55795401.23-P1P2	3	3163	1664	2174
BRSK1_-_55795404.23-P1P2	743	2	2405	0
BRSK1_-_55795754.23-P1P2	2334	0	1265	0
BRSK1_-_55795805.23-P1P2	2517	4	954	2001
BRSK2_+_1411183.23-P1P2	3665	1	2641	1320
BRSK2_+_1411277.23-P1P2	730	5876	1775	1798
BRSK2_-_1411536.23-P1P2	2	5	512	2250
BRSK2_-_1411539.23-P1P2	0	0	0	0
BRSK2_-_1411573.23-P1P2	3	0	728	2043
BST1_+_15704762.23-P1P2	2498	5	1125	1
BST1_-_15704748.23-P1P2	1727	1	2292	1420
BST1_-_15704751.23-P1P2	2	1	1495	1985
BST1_-_15704960.23-P1P2	862	11999	2630	5545
BST1_-_15705074.23-P1P2	1	0	1100	0
BTK_+_100640836.23-P1P2	0	2	1103	1408
BTK_+_100640925.23-P1P2	2	4	1330	2177
BTK_+_100641187.23-P1P2	1853	2	1631	2986
BTK_-_100641113.23-P1P2	2919	5	1579	5
BTK_-_100641135.23-P1P2	4491	6330	3355	2070
BUB1B_-_40453273.23-P1P2	0	0	192	0
BUB1B_-_40453297.23-P1P2	0	0	254	0
BUB1B_-_40453430.23-P1P2	0	0	0	0
BUB1B_-_40453465.23-P1P2	0	1	231	0
BUB1B_-_40453637.23-P1P2	0	0	540	0
BUB1_+_111435409.23-P1P2	1	1	190	0
BUB1_+_111435626.23-P1P2	0	0	0	0
BUB1_+_111435629.23-P1P2	0	0	0	0
BUB1_-_111435255.23-P1P2	0	0	0	0
BUB1_-_111435363.23-P1P2	0	1	211	0
C17orf75_+_30669166.23-P1P2	5741	3264	3740	6680
C17orf75_+_30669177.23-P1P2	1284	2618	2792	1808
C17orf75_+_30669187.23-P1P2	4	1209	1139	2041
C17orf75_-_30668957.23-P1P2	612	0	1427	0
C17orf75_-_30669152.23-P1P2	1113	1	2	4692
C1QA_+_22963136.23-P1P2	2387	5401	1521	1641
C1QA_-_22963175.23-P1P2	991	1	838	2010
C1QA_-_22963188.23-P1P2	0	0	311	0
C1QA_-_22963535.23-P1P2	5	4152	645	2033
C1QA_-_22963573.23-P1P2	2	4086	890	3
C1QB_+_22979710.23-P1P2	0	0	333	0
C1QB_+_22980169.23-P1P2	0	0	272	0
C1QB_-_22979726.23-P1P2	2425	7	2681	3064
C1QB_-_22979740.23-P1P2	458	0	1004	0
C1QB_-_22979843.23-P1P2	785	6	1550	1481
C1QC_+_22970540.23-P1P2	0	1	591	0
C1QC_+_22970582.23-P1P2	1	1	1149	2071
C1QC_-_22970169.23-P1P2	1665	0	356	0
C1QC_-_22970394.23-P1P2	476	0	1252	0
C1QC_-_22970626.23-P1P2	0	0	0	0
C1R_+_7244994.23-P1P2	0	0	282	0
C1R_+_7245016.23-P1P2	5739	6880	1799	5
C1R_-_7244605.23-P1P2	218	1	103	0
C1R_-_7244637.23-P1P2	2629	3	690	0
C1R_-_7245010.23-P1P2	3	3	880	1571
C1S_-_7168019.23-P1P2	1	2	1110	3915
C1S_-_7168049.23-P1P2	0	0	91	0
C1S_-_7168083.23-P1P2	3762	6	1643	3099
C1S_-_7168284.23-P1P2	1718	2765	732	4
C1S_-_7168456.23-P1P2	1512	1	517	2
C3_+_6720438.23-P1P2	2719	3042	1149	1
C3_+_6720583.23-P1P2	1419	2655	638	2
C3_-_6720213.23-P1P2	0	0	0	0
C3_-_6720601.23-P1P2	2422	3	886	0
C3_-_6720634.23-P1P2	2	1	603	1
C4A_+_31949813.23-ENST00000428956.2	4623	5214	3161	835
C4A_+_31949863.23-ENST00000428956.2	0	1	1232	1756
C4A_+_31949878.23-ENST00000428956.2	5512	4463	4235	4492
C4A_-_31950166.23-ENST00000428956.2	4841	1824	2859	7115
C4A_-_31950176.23-ENST00000428956.2	1024	1	925	0
C4B_+_31982551.23-ENST00000435363.2	4623	5214	3161	835
C4B_+_31982601.23-ENST00000435363.2	0	1	1232	1756
C4B_+_31982616.23-ENST00000435363.2	5512	4463	4235	4492
C4B_-_31982904.23-ENST00000435363.2	4841	1824	2859	7115
C4B_-_31982914.23-ENST00000435363.2	1024	1	925	0
C5_+_123812097.23-P1P2	1220	5837	987	4
C5_+_123812471.23-P1P2	1057	0	71	0
C5_-_123812525.23-P1P2	8	5151	338	2
C5_-_123812529.23-P1P2	0	0	141	0
C5_-_123812532.23-P1P2	1	0	514	3
C8G_+_139839778.23-P1P2	1	1	888	0
C8G_+_139840046.23-P1P2	2403	5	2506	2
C8G_+_139840055.23-P1P2	1506	0	1033	1686
C8G_-_139839725.23-P1P2	933	9915	1615	2
C8G_-_139839737.23-P1P2	3070	5	1798	4157
C9orf96_+_136243280.23-P1P2	2014	2112	2614	1563
C9orf96_+_136243653.23-P1P2	1428	0	124	0
C9orf96_+_136243686.23-P1P2	3	0	881	0
C9orf96_-_136243249.23-P1P2	1083	2	2762	3
C9orf96_-_136243277.23-P1P2	811	1	1712	78
CA10_+_50235397.23-P1P2	4	0	2292	1736
CA10_+_50235658.23-P1P2	1604	1	866	1014
CA10_+_50235675.23-P1P2	2851	4	2564	1636
CA10_+_50236049.23-P1P2	666	1	683	0
CA10_-_50235685.23-P1P2	6191	2812	3031	4414
CA11_+_49148840.23-P1P2	3369	4	1592	0
CA11_+_49148889.23-P1P2	4428	0	2102	1
CA11_+_49149263.23-P1P2	0	0	796	1
CA11_+_49149355.23-P1P2	1539	0	683	882
CA11_-_49148908.23-P1P2	2480	6360	2655	2074
CA12_+_63673833.23-P1P2	1260	1901	1827	0
CA12_+_63673971.23-P1P2	1635	0	1346	0
CA12_+_63674021.23-P1P2	3652	4302	2395	2793
CA12_+_63674036.23-P1P2	0	0	302	0
CA12_+_63674039.23-P1P2	2	2043	334	0
CA13_+_86157720.23-P1P2	2763	2743	1356	1053
CA13_+_86158000.23-P1P2	1159	1	731	0
CA13_-_86157748.23-P1P2	2413	2	596	1226
CA13_-_86157765.23-P1P2	3700	2	1176	1853
CA13_-_86158065.23-P1P2	1386	3181	1056	1663
CA14_+_150230498.23-P1P2	1	0	1336	225
CA14_+_150230512.23-P1P2	1	2	425	2129
CA14_-_150230678.23-P1P2	4	4	1319	1975
CA14_-_150230691.23-P1P2	3	0	566	0
CA14_-_150230796.23-P1P2	1	0	712	1
CA1_+_86290323.23-P1P2	1	1	475	0
CA1_-_86290107.23-P1P2	0	0	0	0
CA1_-_86290317.23-P1P2	3	3565	1036	1238
CA1_-_86290329.23-P1P2	741	7433	1799	4661
CA1_-_86290335.23-P1P2	3	1	531	0
CA2_+_86376258.23-P1P2	2	0	1664	0
CA2_+_86376261.23-P1P2	1580	4	456	0
CA2_+_86376264.23-P1P2	3349	2751	1759	1324
CA2_+_86376646.23-P1P2	2010	5	1029	1472
CA2_-_86376327.23-P1P2	0	0	52	0
CA3_-_86351097.23-P1P2	1398	4419	2430	1514
CA3_-_86351128.23-P1P2	3	2520	1999	2943
CA3_-_86351132.23-P1P2	3264	1	757	1
CA3_-_86351141.23-P1P2	2448	399	1139	1
CA3_-_86351154.23-P1P2	2391	1	1920	3859
CA4_+_58227730.23-P1P2	2736	3770	223	1845
CA4_-_58227374.23-P1P2	622	1806	1008	1599
CA4_-_58227431.23-P1P2	2	5264	557	3
CA4_-_58227726.23-P1P2	1289	1	1567	0
CA4_-_58227740.23-P1P2	0	0	109	0
CA5A_+_87969813.23-P1P2	1062	4	1257	1306
CA5A_+_87969837.23-P1P2	1348	2	1287	1
CA5A_+_87969844.23-P1P2	0	0	936	1
CA5A_-_87969821.23-P1P2	1143	2	219	779
CA5A_-_87969831.23-P1P2	1139	3	635	3518
CA5B_-_15756390.23-P1P2	1750	2	1373	0
CA5B_-_15756434.23-P1P2	5	1	2013	1564
CA5B_-_15756445.23-P1P2	1533	11110	2579	2622
CA5B_-_15756485.23-P1P2	445	3	995	2174
CA5B_-_15756902.23-P1P2	2	5485	1236	84
CA6_+_9005952.23-P1P2	1439	2	1665	0
CA6_+_9005970.23-P1P2	2135	2	1510	1888
CA6_+_9005994.23-P1P2	3	3	793	2027
CA6_+_9006029.23-P1P2	3309	1	782	4
CA6_-_9005951.23-P1P2	2665	6	1593	1780
CA7_+_66878691.23-P1P2	1538	2	1837	1878
CA7_+_66878722.23-P1P2	1	2	980	1713
CA7_-_66878344.23-P1P2	2638	7	879	1870
CA7_-_66878359.23-P1P2	2625	1280	1752	999
CA7_-_66878370.23-P1P2	2941	1	2662	1723
CA8_-_61193459.23-P1P2	1	737	1713	1
CA8_-_61193488.23-P1P2	1464	0	143	0
CA8_-_61193708.23-P1P2	574	2	1942	2311
CA8_-_61193712.23-P1P2	0	0	601	0
CA8_-_61193912.23-P1P2	667	7	2147	5359
CA9_+_35673915.23-P1P2	2617	2359	914	1869
CA9_+_35673940.23-P1P2	0	0	669	1
CA9_+_35673977.23-P1P2	2493	3672	917	1
CA9_+_35673986.23-P1P2	1377	1	437	2700
CA9_+_35674418.23-P1P2	0	0	1184	0
CACNA1A_+_13616881.23-P1P2	969	0	287	0
CACNA1A_+_13617110.23-P1P2	3	5	1160	1682
CACNA1A_-_13616825.23-P1P2	0	1	549	0
CACNA1A_-_13617085.23-P1P2	1281	4	2072	6553
CACNA1A_-_13617196.23-P1P2	3368	5249	1473	1530
CACNA1B_+_140772223.23-P1P2	2402	1	1127	1441
CACNA1B_+_140772667.23-P1P2	1	0	186	0
CACNA1B_-_140772283.23-P1P2	4137	2505	2657	1476
CACNA1B_-_140772666.23-P1P2	2	0	1305	1
CACNA1B_-_140772681.23-P1P2	3753	4101	1935	4
CACNA1C_+_2162254.23-P1P2	1517	0	664	0
CACNA1C_+_2162389.23-P1P2	1118	3	610	2906
CACNA1C_-_2162196.23-P1P2	0	0	237	0
CACNA1C_-_2162574.23-P1P2	2	0	309	0
CACNA1C_-_2162603.23-P1P2	0	0	675	0
CACNA1D_+_53528694.23-P1P2	808	2670	274	1539
CACNA1D_+_53528698.23-P1P2	2876	5	2070	4428
CACNA1D_+_53528720.23-P1P2	1131	4732	1364	3296
CACNA1D_-_53528740.23-P1P2	4	3	1906	0
CACNA1D_-_53529084.23-P1P2	0	0	0	0
CACNA1I_+_39966778.23-P1P2	0	0	744	0
CACNA1I_+_39966811.23-P1P2	5031	7	1577	5272
CACNA1I_+_39966957.23-P1P2	2638	10669	1311	9
CACNA1I_-_39967145.23-P1P2	3	1	836	2808
CACNA1I_-_39967156.23-P1P2	1681	2	1401	1966
CACNA1S_+_201081196.23-P1P2	1555	1	390	1
CACNA1S_+_201081501.23-P1P2	3459	3	598	3488
CACNA1S_+_201081522.23-P1P2	1	3	963	4307
CACNA1S_+_201081538.23-P1P2	3	1338	2221	1654
CACNA1S_+_201081543.23-P1P2	1324	0	1464	0
CACNA2D1_-_82072818.23-P1P2	1940	2	682	1
CACNA2D1_-_82072843.23-P1P2	4804	4	2825	1853
CACNA2D1_-_82073236.23-P1P2	1215	1	1211	1
CACNA2D1_-_82073246.23-P1P2	0	0	273	0
CACNA2D1_-_82073256.23-P1P2	1602	1430	952	4909
CACNA2D2_+_50540967.23-P1P2	4274	4	1046	1657
CACNA2D2_-_50540593.23-P1P2	1115	4504	1239	2402
CACNA2D2_-_50540709.23-P1P2	3887	2	264	4
CACNA2D2_-_50540994.23-P1P2	2465	1	518	1721
CACNA2D2_-_50541020.23-P1P2	1181	1	3654	2691
CACNB1_+_37353849.23-P1P2	1489	2336	1778	1
CACNB1_+_37353862.23-P1P2	6494	5	1939	3566
CACNB1_+_37353871.23-P1P2	331	4	1062	5930
CACNB1_-_37353807.23-P1P2	5524	9199	1459	3049
CACNB1_-_37353836.23-P1P2	2240	8852	2952	3
CACNB2_+_18429385.23-P1	0	0	0	0
CACNB2_+_18429774.23-P1	12	9170	1581	3975
CACNB2_-_18429734.23-P1	1	0	602	0
CACNB2_-_18429752.23-P1	1906	0	626	1
CACNB2_-_18429764.23-P1	8142	10678	3026	5295
CACNB2_-_18689826.23-P2	0	1	773	0
CACNB2_-_18689893.23-P2	1421	1	905	1781
CACNB2_-_18689946.23-P2	4383	8004	1874	3505
CACNB2_-_18690041.23-P2	2	2	572	1887
CACNB2_-_18690056.23-P2	3034	3	1564	1
CACNB3_+_49209404.23-P2	1372	0	1012	0
CACNB3_+_49209796.23-P2	0	0	646	1
CACNB3_+_49212301.23-P1	2973	2459	932	1976
CACNB3_+_49212320.23-P1	4212	6	1954	2667
CACNB3_+_49212331.23-P1	5980	3	2372	1359
CACNB3_+_49212707.23-P1	857	6164	887	4
CACNB3_-_49209408.23-P2	4533	760	2936	8329
CACNB3_-_49209594.23-P2	0	0	386	0
CACNB3_-_49209628.23-P2	1554	4759	1535	1599
CACNB3_-_49212309.23-P1	1998	2974	3101	5
CACNB4_+_152830050.23-ENST00000360283.6,ENST00000534999.1	4	6063	289	3
CACNB4_+_152830465.23-ENST00000360283.6,ENST00000534999.1	2618	2	718	3689
CACNB4_+_152830507.23-ENST00000360283.6,ENST00000534999.1	4	5137	2395	2
CACNB4_-_152830409.23-ENST00000360283.6,ENST00000534999.1	0	0	0	0
CACNB4_-_152830517.23-ENST00000360283.6,ENST00000534999.1	1217	2	950	1585
CACNG1_+_65040694.23-P1P2	1272	6498	1027	3
CACNG1_+_65040715.23-P1P2	991	0	2618	3497
CACNG1_+_65040719.23-P1P2	4	0	862	0
CACNG1_+_65040747.23-P1P2	1434	7172	1347	1
CACNG1_-_65040753.23-P1P2	4538	3	2295	2
CALM1_+_90863400.23-P1P2	1	3	510	1821
CALM1_+_90863405.23-P1P2	1212	5074	567	814
CALM1_+_90863779.23-P1P2	0	0	400	0
CALM1_-_90863396.23-P1P2	10	1	2478	0
CALM1_-_90863816.23-P1P2	5	0	1369	1928
CALM2_+_47403639.23-P1P2	1	3	1620	0
CALM2_+_47403965.23-P1P2	0	0	694	0
CALM2_+_47404016.23-P1P2	5535	4	942	1614
CALM2_-_47403403.23-P1P2	2	2	1118	1961
CALM2_-_47403900.23-P1P2	1203	7154	1495	4
CALM3_+_47104530.23-ENST00000291295.9	1671	2	1375	1342
CALM3_-_47104549.23-ENST00000291295.9	1299	4	2605	1887
CALM3_-_47104749.23-ENST00000291295.9	1554	1	1430	0
CALM3_-_47104879.23-ENST00000291295.9	2	1	437	1733
CALM3_-_47104989.23-ENST00000291295.9	0	0	241	0
CALR_+_13049424.23-P1P2	2	2	888	1749
CALR_+_13049478.23-P1P2	1	0	453	0
CALR_-_13049450.23-P1P2	5789	5	2745	4884
CALR_-_13049826.23-P1P2	0	0	510	0
CALR_-_13050827.23-P1P2	1384	2697	1064	1114
CALY_+_135139581.23-P2	2076	0	688	1
CALY_+_135139764.23-P2	1590	2	2111	1858
CALY_+_135149991.23-P1	3508	3033	1000	2
CALY_+_135150007.23-P1	3770	5	1391	2
CALY_-_135139307.23-P2	604	721	2261	7191
CALY_-_135139731.23-P2	1	1	435	0
CALY_-_135139792.23-P2	0	0	0	0
CALY_-_135150342.23-P1	1258	5	674	2148
CALY_-_135150351.23-P1	858	3	1194	1891
CALY_-_135150376.23-P1	1125	6106	2995	4923
CAMK1D_+_12391983.23-P1P2	1820	7427	2245	5
CAMK1D_+_12392022.23-P1P2	1465	2	1532	1221
CAMK1D_+_12392167.23-P1P2	1515	2902	676	1
CAMK1D_-_12391587.23-P1P2	1	4373	2134	4
CAMK1D_-_12391597.23-P1P2	0	0	721	0
CAMK1G_+_209757057.23-P1	4	1	1410	2709
CAMK1G_+_209757104.23-P1	1	0	651	0
CAMK1G_+_209757456.23-P1	0	0	166	0
CAMK1G_+_209781037.23-P2	0	0	392	0
CAMK1G_+_209781053.23-P2	1390	4	1243	2252
CAMK1G_+_209781059.23-P2	0	1	722	981
CAMK1G_+_209781088.23-P2	3	2	404	2057
CAMK1G_-_209757073.23-P1	2	4976	566	3
CAMK1G_-_209757484.23-P1	788	0	1372	1547
CAMK1G_-_209781067.23-P2	6	4537	998	971
CAMK1_+_9811178.23-P1P2	1166	3	825	1177
CAMK1_+_9811259.23-P1P2	2505	3	1408	1
CAMK1_+_9811576.23-P1P2	4167	3	2800	2964
CAMK1_-_9811423.23-P1P2	675	6	1827	2500
CAMK1_-_9811451.23-P1P2	2	4473	2	3
CAMK2A_+_149668898.23-P1P2	2	0	1306	81
CAMK2A_+_149669087.23-P1P2	3	3028	423	1
CAMK2A_+_149669255.23-P1P2	6	6480	760	1654
CAMK2A_+_149669276.23-P1P2	2	1	1227	0
CAMK2A_+_149669307.23-P1P2	1	1	1462	0
CAMK2B_+_44364942.23-P1P2	669	0	0	0
CAMK2B_+_44364958.23-P1P2	1	0	480	0
CAMK2B_-_44364988.23-P1P2	0	0	823	1654
CAMK2B_-_44365012.23-P1P2	2	2	2255	805
CAMK2B_-_44365131.23-P1P2	2874	9484	2617	3476
CAMK2D_+_114682914.23-P1P2	1213	0	501	0
CAMK2D_-_114682323.23-P1P2	2333	1352	3683	4069
CAMK2D_-_114682840.23-P1P2	0	1	817	0
CAMK2D_-_114682878.23-P1P2	5156	6	2673	3168
CAMK2D_-_114682883.23-P1P2	1470	5	2154	2
CAMK2G_+_75634255.23-P1P2	4	5612	3028	4485
CAMK2G_-_75633906.23-P1P2	1	0	1652	0
CAMK2G_-_75634117.23-P1P2	2894	0	802	2
CAMK2G_-_75634264.23-P1P2	5543	0	2428	4
CAMK2G_-_75634301.23-P1P2	5	2489	227	1639
CAMK2N1_-_20812260.23-P1P2	1309	3	1501	1
CAMK2N1_-_20812324.23-P1P2	2272	3	1825	3883
CAMK2N1_-_20812336.23-P1P2	50	0	267	1
CAMK2N1_-_20812403.23-P1P2	4	3651	1103	4
CAMK2N1_-_20812471.23-P1P2	5	3	922	2194
CAMK4_+_110560439.23-P1P2	1606	5	1220	2147
CAMK4_+_110560518.23-P1P2	1463	1073	1642	788
CAMK4_+_110560576.23-P1P2	1281	2	665	1793
CAMK4_-_110560134.23-P1P2	3813	9908	2290	3226
CAMK4_-_110560347.23-P1P2	3588	2095	1771	1019
CAMKK1_+_3796149.23-P1P2	0	0	98	0
CAMKK1_+_3796272.23-P1P2	3571	3	2170	4709
CAMKK1_-_3795976.23-P1P2	1	0	964	1303
CAMKK1_-_3796085.23-P1P2	1116	1	1965	1733
CAMKK1_-_3796331.23-P1P2	497	1	2072	3214
CAMKK2_+_121734109.23-P1P2	1837	3490	2086	3231
CAMKK2_+_121734321.23-P1P2	3755	688	1560	2642
CAMKK2_-_121734139.23-P1P2	3142	5106	1459	1887
CAMKK2_-_121734444.23-P1P2	4672	5724	824	2
CAMKK2_-_121734488.23-P1P2	2479	2	1344	1615
CAMKV_+_49906896.23-P1P2	2646	1	2193	1
CAMKV_+_49907271.23-P1P2	778	2146	2074	2009
CAMKV_+_49907311.23-P1P2	4681	2787	2351	3564
CAMKV_-_49906913.23-P1P2	2	2	418	1524
CAMKV_-_49907319.23-P1P2	942	1	2173	1250
CAMLG_+_134074236.23-P1P2	1457	1	730	0
CAMLG_+_134074249.23-P1P2	4	4	1808	1619
CAMLG_+_134074282.23-P1P2	406	0	610	0
CAMLG_+_134074669.23-P1P2	0	0	631	0
CAMLG_-_134074322.23-P1P2	1202	2	722	1
CAMP_+_48265026.23-P1P2	2217	5958	3486	1774
CAMP_+_48265373.23-P1P2	2	1	1200	923
CAMP_-_48264975.23-P1P2	1378	0	301	1
CAMP_-_48264983.23-P1P2	1192	0	1436	2
CAMP_-_48265020.23-P1P2	0	0	258	0
CANT1_+_77005768.23-P1P2	3271	3	1872	1438
CANT1_-_77005380.23-P1P2	1245	2	998	1943
CANT1_-_77005406.23-P1P2	1510	1	1244	0
CANT1_-_77005439.23-P1P2	1347	1	1053	1
CANT1_-_77005778.23-P1P2	1899	0	2443	1
CANX_+_179125981.23-P1	1967	10	1321	3869
CANX_+_179126015.23-P1	2	2874	522	2
CANX_+_179126021.23-P1	0	0	105	0
CANX_+_179133102.23-P2	936	0	1	0
CANX_-_179125947.23-P1	2	2	332	1850
CANX_-_179126011.23-P1	5820	10249	1241	1355
CANX_-_179132749.23-P2	0	0	125	0
CANX_-_179132963.23-P2	1	0	1435	301
CANX_-_179133132.23-P2	5	4497	1587	2
CANX_-_179133208.23-P2	1782	0	709	0
CAPN1_+_64949419.23-P1P2	3	2	3067	2713
CAPN1_+_64949444.23-P1P2	1	4	3911	2343
CAPN1_+_64949477.23-P1P2	0	0	140	0
CAPN1_+_64949856.23-P1P2	2898	2	2252	1607
CAPN1_-_64949451.23-P1P2	1682	10301	2805	5742
CAPNS1_+_36631379.23-P1P2	1323	0	1295	1
CAPNS1_+_36631398.23-P1P2	0	0	74	0
CAPNS1_+_36631483.23-P1P2	0	0	0	0
CAPNS1_-_36631046.23-P1P2	0	0	0	0
CAPNS1_-_36631056.23-P1P2	1262	2	2190	529
CARTPT_+_71015180.23-P1P2	0	0	714	2
CARTPT_+_71015560.23-P1P2	1909	1865	1003	2006
CARTPT_-_71015511.23-P1P2	5533	5	1567	5
CARTPT_-_71015526.23-P1P2	1178	0	1102	4
CARTPT_-_71015538.23-P1P2	1370	1	1136	3102
CASK_+_41782332.23-P1P2	6	1	1579	1819
CASK_+_41782335.23-P1P2	1	0	735	1602
CASK_-_41782259.23-P1P2	2208	0	557	2
CASK_-_41782289.23-P1P2	0	0	418	0
CASK_-_41782698.23-P1P2	2980	1	1420	1278
CASP7_+_115439705.23-P1P2	1616	1	272	0
CASP7_+_115439715.23-P1P2	1570	2	1672	4077
CASP7_+_115439718.23-P1P2	3835	6564	1614	1876
CASP7_+_115440132.23-P1P2	2	1	1829	2092
CASP7_-_115439692.23-P1P2	1	0	1796	14
CASR_+_121902901.23-P1P2	1109	3583	1522	1660
CASR_+_121902954.23-P1P2	716	0	1186	1
CASR_-_121902593.23-P1P2	1534	2	1114	4
CASR_-_121902759.23-P1P2	2254	1	1529	1351
CASR_-_121903029.23-P1P2	1301	2	419	2489
CAST_+_95998193.23-P2	1717	3	1420	1866
CAST_+_95998268.23-P2	671	1194	3030	144
CAST_+_96038587.23-P1	2760	3	2038	3628
CAST_+_96038681.23-P1	2301	0	1683	1075
CAST_+_96038695.23-P1	1325	4776	1516	1373
CAST_-_95997966.23-P2	1	1427	512	1
CAST_-_95997979.23-P2	2608	3	1396	3475
CAST_-_95998431.23-P2	2	1	823	0
CAST_-_96038519.23-P1	6	1	837	2354
CAST_-_96038545.23-P1	4261	5952	1534	3043
CAT_+_34460511.23-P1	1484	4	2610	3998
CAT_+_34460525.23-P1	4	1	1670	2027
CAT_+_34460551.23-P1	4	5987	1919	2129
CAT_+_34478217.23-P2	1562	0	208	1
CAT_-_34460507.23-P1	9	5621	2102	4
CAT_-_34460861.23-P1	1851	4524	1803	3325
CAT_-_34478248.23-P2	1270	2	457	0
CAT_-_34478256.23-P2	0	0	0	0
CAT_-_34478267.23-P2	0	0	0	0
CAT_-_34478703.23-P2	1	0	520	1
CBR1_+_37442295.23-P1P2	758	7600	1345	3
CBR1_+_37442368.23-P1P2	3	2	768	3335
CBR1_-_37442302.23-P1P2	2377	1	2169	0
CBR1_-_37442339.23-P1P2	1	5	1885	5737
CBR1_-_37442702.23-P1P2	2884	5068	1726	3392
CBS_-_44495505.23-P1P2	1612	1	934	3455
CBS_-_44495867.23-P1P2	2692	4429	1206	2
CBS_-_44495886.23-P1P2	5108	5	1927	1999
CBS_-_44495894.23-P1P2	0	0	782	0
CBS_-_44495934.23-P1P2	2570	2542	2182	1978
CCBL1_+_131644175.23-P1P2	0	0	0	0
CCBL1_+_131644186.23-P1P2	2	0	853	1903
CCBL1_+_131644194.23-P1P2	3	1	917	2058
CCBL1_+_131644214.23-P1P2	0	2	1492	1801
CCBL1_-_131644221.23-P1P2	843	11904	1237	3
CCBL2_+_89458258.23-P1P2	2289	1	1913	0
CCBL2_+_89458266.23-P1P2	1570	4998	2043	2712
CCBL2_+_89458283.23-P1P2	1205	0	2419	0
CCBL2_+_89458288.23-P1P2	1	2	1058	0
CCBL2_+_89458291.23-P1P2	4591	4172	1819	1879
CCKAR_+_26491666.23-P1P2	2110	4	946	4253
CCKAR_+_26491712.23-P1P2	0	3	580	0
CCKAR_+_26492035.23-P1P2	0	0	0	0
CCKAR_+_26492061.23-P1P2	1282	4	1312	0
CCKAR_-_26491843.23-P1P2	1688	3	920	6025
CCL8_+_32646505.23-P1P2	0	0	130	0
CCL8_+_32646511.23-P1P2	2425	3426	1061	1059
CCL8_+_32646710.23-P1P2	1	0	359	1664
CCL8_-_32646449.23-P1P2	1584	5514	2320	1
CCL8_-_32646459.23-P1P2	3	5085	2300	814
CCR5_+_46412474.23-P1P2	998	3007	684	3
CCR5_+_46412818.23-P1P2	2394	1	432	2
CCR5_+_46412844.23-P1P2	1002	1	75	0
CCR5_+_46412888.23-P1P2	1	1	139	0
CCR5_-_46412917.23-P1P2	1716	0	798	2
CCT3_+_156308067.23-P1P2	0	0	0	0
CCT3_-_156307687.23-P1P2	0	0	0	0
CCT3_-_156307863.23-P1P2	1	0	0	0
CCT3_-_156307976.23-P1P2	0	0	0	0
CCT3_-_156307996.23-P1P2	2855	5600	3534	3858
CD1A_+_158224667.23-P1P2	404	1	766	2
CD1A_-_158224219.23-P1P2	1549	7169	760	9
CD1A_-_158224222.23-P1P2	3555	2	585	2
CD1A_-_158224302.23-P1P2	1120	3307	1571	0
CD1A_-_158224724.23-P1P2	0	0	698	1
CD1D_+_158150733.23-P1P2	2616	6285	1819	5223
CD1D_+_158151143.23-P1P2	4646	1	1291	5
CD1D_-_158150703.23-P1P2	1659	1	1014	0
CD1D_-_158150719.23-P1P2	1	1	465	1021
CD1D_-_158150739.23-P1P2	4	3108	1563	1522
CD209_+_7811980.23-P1P2	1116	2	1224	0
CD209_+_7812402.23-P1P2	0	0	92	0
CD209_+_7812451.23-P1P2	0	0	592	0
CD209_+_7812455.23-P1P2	4	2635	305	0
CD209_-_7812435.23-P1P2	4	4	1055	4083
CD247_+_167487323.23-P1P2	2	0	1126	0
CD247_+_167487350.23-P1P2	1384	2	1624	3027
CD247_+_167487623.23-P1P2	1148	7	2047	5922
CD247_-_167487282.23-P1P2	942	3	1940	2782
CD247_-_167487768.23-P1P2	39	0	1264	1874
CD33_+_51729005.23-P1P2	0	0	576	0
CD33_+_51729086.23-P1P2	829	2	1420	3693
CD33_+_51729159.23-P1P2	0	0	0	0
CD33_+_51729507.23-P1P2	0	0	1994	0
CD33_-_51728897.23-P1P2	1431	1	719	0
CD3D_+_118213247.23-P1P2	2521	4695	1579	5688
CD3D_+_118213387.23-P1P2	1662	1	803	1311
CD3D_+_118213391.23-P1P2	6	1	1379	1923
CD3D_-_118213331.23-P1P2	0	0	761	0
CD3D_-_118213377.23-P1P2	0	0	420	0
CD3E_+_118175516.23-P1P2	0	1	490	0
CD3E_+_118175886.23-P1P2	2798	15961	2453	4691
CD3E_-_118175491.23-P1P2	0	0	490	0
CD3E_-_118175687.23-P1P2	691	4	1874	970
CD3E_-_118175913.23-P1P2	4	0	762	1839
CD3G_+_118215108.23-P1P2	2200	1	1496	1
CD3G_+_118215119.23-P1P2	48	0	37	0
CD3G_+_118215516.23-P1P2	0	0	447	0
CD3G_-_118215053.23-P1P2	6	4	1533	6947
CD3G_-_118215076.23-P1P2	5963	4	3477	1068
CD46_+_207925463.23-P1P2	3	1	627	2231
CD46_+_207925964.23-P1P2	2330	2	258	797
CD46_-_207925473.23-P1P2	852	1	882	0
CD46_-_207925851.23-P1P2	3	6038	961	4
CD46_-_207925976.23-P1P2	2432	2	1275	0
CD4_+_6898750.23-P1P2	1489	2965	1193	1332
CD4_+_6898908.23-P1P2	1	2	887	1615
CD4_-_6899142.23-P1P2	2992	3	1738	907
CD4_-_6899161.23-P1P2	0	0	1530	0
CD4_-_6899175.23-P1P2	1	2	910	1
CD52_+_26644443.23-P1P2	1224	1815	604	4
CD52_+_26644446.23-P1P2	7	5646	235	3
CD52_+_26644480.23-P1P2	4	3	1482	4786
CD52_+_26644903.23-P1P2	4	0	730	1772
CD52_-_26644811.23-P1P2	0	0	305	0
CD55_+_207495045.23-P1P2	2052	7	2561	6532
CD55_+_207495088.23-P1P2	1433	8045	450	1220
CD55_+_207495720.23-P1P2	5	3	754	1472
CD55_-_207495079.23-P1P2	2	1	1367	2174
CD55_-_207495267.23-P1P2	807	2	798	2
CD80_+_119278427.23-P1P2	0	0	906	0
CD80_-_119278036.23-P1P2	0	1	581	0
CD80_-_119278157.23-P1P2	5	3	924	2001
CD80_-_119278188.23-P1P2	3	5873	882	3
CD80_-_119278501.23-P1P2	2	0	1632	1070
CD86_+_121774694.23-P1	2743	2	786	2
CD86_+_121796717.23-P2	1655	0	441	1
CD86_-_121774225.23-P1	1357	2	489	1
CD86_-_121774236.23-P1	1433	2	2126	2103
CD86_-_121774287.23-P1	2	2178	702	1697
CD86_-_121774297.23-P1	0	2	869	3925
CD86_-_121796729.23-P2	1205	2	482	0
CD86_-_121796768.23-P2	5359	5	1110	2
CD86_-_121796926.23-P2	1	0	463	0
CD86_-_121797180.23-P2	3	2940	614	1963
CDA_+_20915608.23-P1P2	1387	2	1570	2176
CDA_+_20915714.23-P1P2	0	0	415	0
CDA_+_20916096.23-P1P2	7	1	918	2858
CDA_-_20915533.23-P1P2	3	5	1519	1957
CDA_-_20915957.23-P1P2	1966	4	3171	3572
CDC14A_+_100818072.23-P1P2	2437	2220	3454	1
CDC14A_+_100818076.23-P1P2	3018	2	2478	1
CDC14A_+_100818093.23-P1P2	2083	4570	2912	4383
CDC14A_+_100818104.23-P1P2	4355	7	2030	2024
CDC14A_-_100818042.23-P1P2	0	1	449	0
CDC14B_-_99381314.23-P1P2	1	0	936	853
CDC14B_-_99381352.23-P1P2	0	0	166	0
CDC14B_-_99381431.23-P1P2	2573	5	1190	0
CDC14B_-_99382080.23-P1P2	3	1	196	1581
CDC14B_-_99382112.23-P1P2	0	0	0	0
CDC25A_+_48229063.23-P1P2	1168	3330	1438	3787
CDC25A_+_48229841.23-P1P2	3009	3	471	1256
CDC25A_+_48229851.23-P1P2	2	0	393	0
CDC25A_-_48229649.23-P1P2	2505	5359	2234	1701
CDC25A_-_48229900.23-P1P2	1	0	1426	1
CDC25B_+_3776964.23-P1P2	3267	2	2289	4863
CDC25B_+_3777015.23-P1P2	0	0	67	0
CDC25B_-_3776960.23-P1P2	1	0	668	74
CDC25B_-_3776969.23-P1P2	3	2549	910	0
CDC25B_-_3777393.23-P1P2	1242	0	744	1931
CDC25C_+_137667466.23-P1P2	2652	2717	1782	3
CDC25C_-_137667079.23-P1P2	0	0	550	1
CDC25C_-_137667425.23-P1P2	1021	1	874	0
CDC25C_-_137667439.23-P1P2	840	3	773	3542
CDC25C_-_137667477.23-P1P2	0	0	298	0
CDC42BPA_+_227505740.23-P1P2	3923	2	1433	2
CDC42BPA_+_227506098.23-P1P2	1045	2035	1984	1682
CDC42BPA_+_227506138.23-P1P2	1522	1	828	1
CDC42BPA_+_227506150.23-P1P2	1862	4	943	1996
CDC42BPA_-_227506038.23-P1P2	2	2	1315	3
CDC42BPB_+_103523492.23-P1P2	2627	3	1592	3213
CDC42BPB_+_103523823.23-P1P2	1708	5183	1396	4
CDC42BPB_+_103523826.23-P1P2	2474	2	1286	1007
CDC42BPB_-_103523702.23-P1P2	0	0	2480	1473
CDC42BPB_-_103523842.23-P1P2	0	2	1373	1565
CDC42BPG_+_64612032.23-P1P2	1273	2570	4159	2968
CDC42BPG_+_64612114.23-P1P2	1	0	957	1
CDC42BPG_+_64612119.23-P1P2	4	2898	1493	1
CDC42BPG_-_64611754.23-P1P2	4046	7	1534	1691
CDC42BPG_-_64612078.23-P1P2	4626	6625	1666	9
CDC42SE2_+_130599905.23-P1P2	1891	2	672	1781
CDC42SE2_+_130600194.23-P1P2	1	1	763	2010
CDC42SE2_-_130600145.23-P1P2	1384	2	2874	2
CDC42SE2_-_130600179.23-P1P2	1559	0	410	1
CDC42SE2_-_130600227.23-P1P2	1536	3	1349	1030
CDC7_+_91966479.23-P1P2	0	0	230	0
CDC7_+_91966603.23-P1P2	1	1	361	0
CDC7_+_91966764.23-P1P2	0	0	74	0
CDC7_-_91966438.23-P1P2	878	1	663	1291
CDC7_-_91966696.23-P1P2	1	0	578	0
CDH5_+_66400649.23-P1P2	1225	6	2565	3037
CDH5_+_66400984.23-P1P2	8	5697	1315	6334
CDH5_-_66400630.23-P1P2	2900	2	504	1846
CDH5_-_66400656.23-P1P2	1	847	942	1
CDH5_-_66400791.23-P1P2	1887	1	1462	2114
CDK10_+_89753127.23-P1P2	1	1	299	0
CDK10_-_89753103.23-P1P2	4020	2	561	1
CDK10_-_89753124.23-P1P2	6864	5	2698	1392
CDK10_-_89753136.23-P1P2	1275	6651	2534	2903
CDK10_-_89753493.23-P1P2	0	0	175	0
CDK11A_+_1655695.23-P1P2	7883	3723	1271	2
CDK11A_+_1655742.23-P1P2	5	1	1390	3486
CDK11A_+_1655752.23-P1P2	0	1	195	0
CDK11A_+_1655770.23-P1P2	1583	0	1471	1927
CDK11A_-_1655704.23-P1P2	5498	8	1084	6566
CDK11B_+_1588334.23-ENST00000341832.6	1877	1	184	2
CDK11B_+_1588352.23-ENST00000341832.6	2561	0	462	876
CDK11B_+_1588642.23-ENST00000341832.6	2	2	172	1938
CDK11B_+_1588798.23-ENST00000317673.7,ENST00000340677.5,ENST00000407249.3	866	0	1436	1498
CDK11B_+_1588853.23-ENST00000317673.7,ENST00000340677.5,ENST00000407249.3	2	4113	910	6
CDK11B_+_1588866.23-ENST00000317673.7,ENST00000340677.5,ENST00000407249.3	2	2	3	1797
CDK11B_-_1588329.23-ENST00000341832.6	1	2	304	1613
CDK11B_-_1588699.23-ENST00000317673.7,ENST00000340677.5,ENST00000407249.3	778	3	695	1788
CDK11B_-_1588699.23-ENST00000341832.6	778	3	695	1788
CDK11B_-_1588818.23-ENST00000317673.7,ENST00000340677.5,ENST00000407249.3	0	0	649	0
CDK12_+_37617979.23-P1P2	0	0	216	0
CDK12_+_37617986.23-P1P2	0	0	113	0
CDK12_+_37618135.23-P1P2	0	0	0	0
CDK12_-_37617819.23-P1P2	0	0	0	0
CDK12_-_37618045.23-P1P2	0	0	62	0
CDK13_-_39989713.23-P1P2	2240	2237	2310	3563
CDK13_-_39989840.23-P1P2	3	2	761	1747
CDK13_-_39989849.23-P1P2	2034	0	2736	5024
CDK13_-_39989852.23-P1P2	2442	4559	1255	1
CDK13_-_39990121.23-P1P2	3	0	647	0
CDK14_+_90225779.23-P1P2	1955	5393	2220	2800
CDK14_+_90225794.23-P1P2	2962	1	1911	0
CDK14_+_90225797.23-P1P2	1469	6	1347	7315
CDK14_-_90226163.23-P1P2	5038	3	1483	2
CDK14_-_90226184.23-P1P2	1340	2	1989	1577
CDK15_+_202671879.23-ENST00000374598.4	1267	0	876	2919
CDK15_-_202671315.23-ENST00000374598.4	1081	2	199	1150
CDK15_-_202671459.23-ENST00000374598.4	0	1	346	0
CDK15_-_202671495.23-ENST00000374598.4	2740	0	1143	77
CDK15_-_202671498.23-ENST00000374598.4	2	1	1643	0
CDK16_+_47078092.23-P1P2	2676	4	2029	2041
CDK16_+_47078142.23-P1P2	1197	1	1039	1892
CDK16_+_47078157.23-P1P2	377	2754	961	3255
CDK16_+_47078188.23-P1P2	1366	2	844	0
CDK16_+_47078205.23-P1P2	2	4097	1454	1708
CDK17_-_96793729.23-P1P2	2635	2	1318	4791
CDK17_-_96793807.23-P1P2	0	0	383	0
CDK17_-_96793860.23-P1P2	5	2	1978	1
CDK17_-_96793869.23-P1P2	0	0	338	0
CDK17_-_96794161.23-P1P2	1216	1	750	0
CDK18_+_205473806.23-P1P2	1241	2	793	1750
CDK18_+_205473874.23-P1P2	15	12341	2680	2
CDK18_+_205474222.23-P1P2	1	1	1162	0
CDK18_+_205474225.23-P1P2	985	1	1767	718
CDK18_-_205474006.23-P1P2	2370	0	903	0
CDK19_+_111136210.23-P1P2	1461	0	512	0
CDK19_+_111136227.23-P1P2	2002	1	1157	0
CDK19_+_111136250.23-P1P2	2754	4	848	2202
CDK19_+_111136611.23-P1P2	2450	1	778	1
CDK19_-_111136247.23-P1P2	30	13849	1592	4073
CDK1_+_62538309.23-P1P2	0	0	108	0
CDK1_+_62538726.23-P1P2	1	2380	1162	2
CDK1_-_62538284.23-P1P2	0	0	0	0
CDK1_-_62538382.23-P1P2	0	0	206	0
CDK1_-_62538605.23-P1P2	1	0	664	0
CDK20_+_90589064.23-P1P2	548	0	83	0
CDK20_+_90589392.23-P1P2	1130	0	73	0
CDK20_+_90589421.23-P1P2	781	2	1674	2041
CDK20_+_90589424.23-P1P2	1176	259	642	0
CDK20_-_90589076.23-P1P2	1205	0	0	0
CDK2_+_56360661.23-P1P2	1132	0	1041	795
CDK2_-_56360602.23-P1P2	1	0	578	963
CDK2_-_56360605.23-P1P2	5834	4	2325	3122
CDK2_-_56360608.23-P1P2	1649	0	599	1996
CDK2_-_56361096.23-P1P2	3431	2	465	2
CDK3_+_73975301.23-P1P2	0	0	2	1985
CDK3_+_73975344.23-P1P2	1	1	994	0
CDK3_+_73975365.23-P1P2	810	2	3761	2441
CDK3_-_73975343.23-P1P2	4997	4	1940	2913
CDK3_-_73975358.23-P1P2	2	0	821	1
CDK4_+_58146066.23-P1P2	2298	1	1344	1
CDK4_+_58146071.23-P1P2	1576	1	1856	854
CDK4_-_58146046.23-P1P2	1297	2	1957	2353
CDK4_-_58146064.23-P1P2	1392	954	2300	4234
CDK4_-_58146099.23-P1P2	66	2	1188	2399
CDK5R1_+_30813615.23-P1P2	1338	0	517	1404
CDK5R1_-_30813603.23-P1P2	2012	3429	1096	2
CDK5R1_-_30813611.23-P1P2	1	0	1322	0
CDK5R1_-_30813629.23-P1P2	1320	1	477	1785
CDK5R1_-_30813632.23-P1P2	2	2	1112	0
CDK5R2_+_219824399.23-P1P2	747	0	642	2
CDK5R2_+_219824820.23-P1P2	2362	179	3067	3313
CDK5R2_-_219824623.23-P1P2	3193	2	499	3
CDK5R2_-_219824813.23-P1P2	3564	6822	2471	1228
CDK5R2_-_219824882.23-P1P2	2176	6	1469	4953
CDK5_+_150754783.23-P1P2	1290	0	837	0
CDK5_+_150754952.23-P1P2	2325	1	1214	1000
CDK5_+_150754962.23-P1P2	1594	0	711	0
CDK5_-_150754512.23-P1P2	2	4910	1294	1718
CDK5_-_150754596.23-P1P2	1	2	173	926
CDK6_+_92463061.23-P2	2407	3	1007	2040
CDK6_+_92463239.23-P2	1141	6	1405	1513
CDK6_+_92465848.23-P1	2522	3282	1531	4955
CDK6_+_92465903.23-P1	0	2465	1185	3
CDK6_-_92463228.23-P2	1618	1	1161	1086
CDK6_-_92463237.23-P2	3	4	1460	2432
CDK6_-_92463259.23-P2	7	6648	1234	3809
CDK6_-_92465826.23-P1	1098	1	819	1
CDK6_-_92465843.23-P1	1320	3	2296	1888
CDK6_-_92465893.23-P1	0	0	686	0
CDK7_+_68530767.23-P1P2	0	0	0	0
CDK7_+_68531106.23-P1P2	2	4	200	2139
CDK7_-_68530696.23-P1P2	0	0	0	0
CDK7_-_68530717.23-P1P2	2	1	588	2912
CDK7_-_68530895.23-P1P2	0	0	115	0
CDK8_+_26828253.23-P1P2	4443	4229	2185	283
CDK8_+_26828274.23-P1P2	5257	4689	3961	6609
CDK8_+_26828294.23-P1P2	1	2	509	4091
CDK8_-_26828288.23-P1P2	1615	1	1171	2022
CDK8_-_26828453.23-P1P2	2815	5000	2217	1349
CDK9_+_130548739.23-P1P2	1	0	1110	0
CDK9_+_130548853.23-P1P2	1448	4	1246	2987
CDK9_-_130547862.23-P1P2	13	5915	1340	4885
CDK9_-_130548401.23-P1P2	1	0	780	1164
CDK9_-_130548749.23-P1P2	2514	1	713	0
CDKL1_+_50863545.23-P1P2	3776	2598	3015	1195
CDKL1_+_50863573.23-P1P2	919	0	741	0
CDKL1_+_50863588.23-P1P2	1342	5158	2043	2
CDKL1_-_50863559.23-P1P2	1818	1	765	1290
CDKL1_-_50863564.23-P1P2	1867	4048	2074	1708
CDKL2_+_76555613.23-P1P2	1	0	110	0
CDKL2_+_76555663.23-P1P2	929	7223	303	2
CDKL2_+_76555675.23-P1P2	1433	4470	1980	2191
CDKL2_-_76555646.23-P1P2	2844	5650	1872	5
CDKL2_-_76555682.23-P1P2	1	0	879	1712
CDKL3_+_133702210.23-P2	4	5823	2	2
CDKL3_+_133702827.23-P2	1360	1	1529	1
CDKL3_+_133702841.23-P2	5282	3	1577	2
CDKL3_+_133706658.23-P1	1287	1	1764	3348
CDKL3_+_133706664.23-P1	0	0	309	0
CDKL3_-_133702224.23-P2	0	0	124	0
CDKL3_-_133702889.23-P2	3	3	1690	3207
CDKL3_-_133706263.23-P1	0	0	170	0
CDKL3_-_133706274.23-P1	2972	2	649	1856
CDKL3_-_133706536.23-P1	1501	0	321	1
CDKL4_+_39456624.23-ENST00000378803.1,ENST00000395035.3	0	0	1153	0
CDKL4_+_39456634.23-ENST00000378803.1,ENST00000395035.3	1586	0	1949	0
CDKL4_-_39456218.23-ENST00000378803.1,ENST00000395035.3	1042	4162	574	1
CDKL4_-_39456253.23-ENST00000378803.1,ENST00000395035.3	2772	2	1497	0
CDKL4_-_39456599.23-ENST00000378803.1,ENST00000395035.3	1522	5381	867	1
CDKL5_+_18443738.23-P1P2	1103	1219	965	832
CDKL5_+_18443786.23-P1P2	1113	2	528	0
CDKL5_+_18444159.23-P1P2	1354	1	1037	3301
CDKL5_-_18443804.23-P1P2	3579	2271	1300	559
CDKL5_-_18444186.23-P1P2	3233	2	378	1
CDKN1A_+_36646518.23-P1P2	1391	4168	2801	1868
CDKN1A_+_36646528.23-P1P2	5646	10712	3193	938
CDKN1A_-_36646538.23-P1P2	899	4409	2177	4853
CDKN1A_-_36646575.23-P1P2	4385	3	3156	2
CDKN1A_-_36646586.23-P1P2	2	2	1266	317
CDKN1B_+_12870313.23-P1P2	0	0	84	1
CDKN1B_+_12870316.23-P1P2	1407	4914	1680	2
CDKN1B_+_12870802.23-P1P2	11	5196	1447	0
CDKN1B_-_12870352.23-P1P2	1	0	251	0
CDKN1B_-_12870766.23-P1P2	5	6852	1596	0
CDKN1C_+_2906927.23-P1P2	12	9379	1417	2879
CDKN1C_+_2906930.23-P1P2	3750	7	2818	2
CDKN1C_+_2907024.23-P1P2	2185	5	209	1648
CDKN1C_-_2906542.23-P1P2	2447	1	1338	2211
CDKN1C_-_2906877.23-P1P2	4797	6578	1180	1738
CDKN2A_+_21974424.23-P2	0	0	61	0
CDKN2A_+_21974625.23-P2	1081	3	2314	2130
CDKN2A_+_21974671.23-P2	4	7	1019	2491
CDKN2A_+_21994035.23-P1	1	1	945	0
CDKN2A_+_21994326.23-P1	3	1	843	1072
CDKN2A_+_21994362.23-P1	6	10409	2162	4
CDKN2A_+_21994383.23-P1	6	4282	1137	1754
CDKN2A_-_21974525.23-P2	6	2378	533	2
CDKN2A_-_21974795.23-P2	5541	4194	2278	1595
CDKN2A_-_21994389.23-P1	4557	0	1416	1
CDKN2B_+_22008827.23-P1P2	3420	662	1247	6112
CDKN2B_+_22008917.23-P1P2	6	5539	677	1
CDKN2B_+_22008932.23-P1P2	2325	4	174	5262
CDKN2B_+_22009247.23-P1P2	638	0	246	0
CDKN2B_+_22009282.23-P1P2	4248	7	2928	9875
CDKN2C_+_51434837.23-P2	2	1	1537	0
CDKN2C_+_51434858.23-P2	1	0	241	0
CDKN2C_+_51435928.23-P1	0	0	504	1
CDKN2C_+_51435933.23-P1	460	2	619	4109
CDKN2C_+_51435947.23-P1	1369	2	1500	1673
CDKN2C_-_51434505.23-P2	1606	3	860	1749
CDKN2C_-_51434601.23-P2	5	0	709	1862
CDKN2C_-_51434930.23-P2	7	0	641	2945
CDKN2C_-_51435973.23-P1	8	1	2575	3756
CDKN2C_-_51435981.23-P1	0	0	520	0
CDKN2D_+_10679551.23-P1P2	1	1	973	1227
CDKN2D_+_10679612.23-P1P2	1204	3	562	1
CDKN2D_+_10679629.23-P1P2	5	4	1277	714
CDKN2D_+_10679673.23-P1P2	6	5972	2701	1313
CDKN2D_-_10679219.23-P1P2	2090	7104	1156	5762
CDKN3_+_54863725.23-P1P2	949	7527	1258	3625
CDKN3_+_54864161.23-P1P2	2760	10997	3553	9
CDKN3_-_54863739.23-P1P2	1297	1	1109	1
CDKN3_-_54863776.23-P1P2	1850	9852	2801	7
CDKN3_-_54864170.23-P1P2	2	1	2791	0
CDO1_+_115151952.23-P1P2	1998	3	2534	1444
CDO1_-_115151890.23-P1P2	920	6553	1482	2047
CDO1_-_115151965.23-P1P2	2	2	589	800
CDO1_-_115152304.23-P1P2	0	0	702	2
CDO1_-_115152311.23-P1P2	7	8638	1380	4
CEACAM1_+_43025120.23-P2	1234	0	1805	1
CEACAM1_+_43025380.23-P2	1503	4661	533	4
CEACAM1_+_43025552.23-P2	0	0	0	0
CEACAM1_+_43032394.23-P1	650	1	898	1038
CEACAM1_+_43032520.23-P1	1578	1	692	3030
CEACAM1_-_43025183.23-P2	1360	1	580	2
CEACAM1_-_43025224.23-P2	3	1	356	2206
CEACAM1_-_43032561.23-P1	3	3215	1450	1073
CEACAM1_-_43032571.23-P1	0	0	0	0
CEACAM1_-_43032594.23-P1	1270	2	942	0
CEACAM5_+_42212565.23-P1P2	2529	7695	3649	5
CEACAM5_+_42212648.23-P1P2	2	4230	515	0
CEACAM5_+_42213012.23-P1P2	3733	4	1532	1323
CEACAM5_-_42212542.23-P1P2	2	2987	1044	5
CEACAM5_-_42212807.23-P1P2	6	5462	1787	3
CELA1_+_51740006.23-ENST00000293636.1	1705	1	600	0
CELA1_+_51740031.23-ENST00000293636.1	4279	5638	1985	2806
CELA1_+_51740172.23-ENST00000293636.1	1769	0	105	0
CELA1_+_51740445.23-ENST00000293636.1	6	4833	1189	1702
CELA1_-_51740036.23-ENST00000293636.1	0	0	695	0
CELA2A_+_15783246.23-P1P2	3232	1	902	3
CELA2A_+_15783596.23-P1P2	4211	0	1449	1867
CELA2A_+_15783605.23-P1P2	0	0	651	0
CELA2A_+_15783609.23-P1P2	1208	0	1843	1
CELA2A_-_15783624.23-P1P2	547	2	804	0
CEL_+_135939882.23-P1P2	1	3	878	1700
CEL_+_135940196.23-P1P2	357	0	991	0
CEL_+_135940322.23-P1P2	1261	4	1009	1
CEL_-_135939878.23-P1P2	1204	0	0	0
CEL_-_135939951.23-P1P2	1	0	67	0
CERKL_+_182521806.23-P1	389	4788	1540	1902
CERKL_+_182521818.23-P1	4338	1	873	1683
CERKL_+_182545155.23-P2	3	0	581	1568
CERKL_+_182545238.23-P2	4167	1817	2721	4107
CERKL_+_182545306.23-P2	621	4	366	1581
CERKL_+_182545337.23-P2	4645	5	2291	5971
CERKL_-_182521384.23-P1	5	0	1965	3846
CERKL_-_182521424.23-P1	1496	2	1367	2511
CERKL_-_182521656.23-P1	5817	8670	971	2667
CERKL_-_182545320.23-P2	1053	4063	1902	857
CERK_+_47133794.23-P1P2	3	3	1402	1895
CERK_+_47133805.23-P1P2	5149	2708	1815	2034
CERK_+_47134030.23-P1P2	0	0	233	0
CERK_+_47134113.23-P1P2	1336	2	2655	2
CERK_-_47134133.23-P1P2	1424	2770	1367	3
CES1_+_55866580.23-P1P2	3091	5003	1342	5
CES1_-_55866619.23-P1P2	1033	0	278	0
CES1_-_55866971.23-P1P2	2871	1	2123	6
CES1_-_55866975.23-P1P2	6	2434	1358	0
CES1_-_55866991.23-P1P2	1573	2	1204	0
CFB_+_31914158.23-P1P2	1638	4	374	1086
CFB_+_31914286.23-P1P2	0	0	504	0
CFB_-_31913896.23-P1P2	0	0	722	0
CFB_-_31913901.23-P1P2	1521	1	919	1865
CFB_-_31914221.23-P1P2	1539	1	383	1
CFD_+_859428.23-P1P2	0	0	236	0
CFD_+_859706.23-P1P2	1582	5919	1309	4
CFD_+_859721.23-P1P2	1294	2	1207	1474
CFD_-_859613.23-P1P2	0	1	579	0
CFD_-_860068.23-P1P2	2710	3	941	986
CFL1_+_65625628.23-P1P2	1260	1	299	0
CFL1_-_65625251.23-P1P2	1	1	606	0
CFL1_-_65625594.23-P1P2	0	0	152	0
CFL1_-_65625654.23-P1P2	1	1	847	0
CFL1_-_65625699.23-P1P2	4202	5195	861	1
CFTR_+_117120108.23-P1P2	2774	2217	1238	1
CFTR_+_117120117.23-P1P2	1458	2	1419	1473
CFTR_+_117120137.23-P1P2	0	0	244	1
CFTR_-_117120085.23-P1P2	1382	3	1206	1241
CFTR_-_117120156.23-P1P2	977	2	1117	0
CGA_+_87797914.23-P2	709	2412	3494	1327
CGA_+_87804729.23-P1	0	1	111	1
CGA_+_87804779.23-P1	0	0	0	0
CGA_-_87797547.23-P2	1	2	419	4149
CGA_-_87797847.23-P2	2	1	902	0
CGA_-_87797852.23-P2	1579	3000	2968	1956
CGA_-_87797940.23-P2	10	6898	2925	2074
CGA_-_87804516.23-P1	2348	1	1302	3
CGA_-_87804776.23-P1	619	0	917	0
CGA_-_87804788.23-P1	0	1	958	0
CHD1_+_98261781.23-P1P2	0	0	134	0
CHD1_+_98262046.23-P1P2	2	6486	4	4
CHD1_+_98262226.23-P1P2	0	0	170	0
CHD1_-_98261946.23-P1P2	0	0	50	0
CHD1_-_98262220.23-P1P2	0	0	292	0
CHEK1_+_125496255.23-P1P2	0	0	179	0
CHEK1_+_125496272.23-P1P2	0	1	135	0
CHEK1_+_125496278.23-P1P2	0	0	176	0
CHEK1_-_125495912.23-P1P2	0	0	0	0
CHEK1_-_125495934.23-P1P2	0	0	0	0
CHEK2_+_29137301.23-P1P2	3057	324	850	932
CHEK2_+_29137741.23-P1P2	4734	5	3938	1836
CHEK2_+_29137755.23-P1P2	1	3	2397	1726
CHEK2_+_29137765.23-P1P2	1449	0	1166	0
CHEK2_+_29138256.23-P1P2	2960	2	2385	1891
CHIA_+_111833460.23-P1P2	0	0	897	0
CHIA_+_111833487.23-P1P2	7	2166	2164	1892
CHIA_+_111833752.23-P1P2	2968	4	1339	1573
CHIA_-_111833513.23-P1P2	2729	5	1899	3518
CHIA_-_111833713.23-P1P2	2919	1	820	3
CHIT1_+_203198297.23-P1P2	1566	0	402	1
CHIT1_+_203198719.23-P1P2	3	0	861	0
CHIT1_-_203198582.23-P1P2	1652	2770	1568	1
CHIT1_-_203198733.23-P1P2	1522	2	1427	3193
CHIT1_-_203198778.23-P1P2	1525	2	1140	1335
CHKA_+_67888380.23-P1P2	1258	7153	3225	5
CHKA_-_67888411.23-P1P2	1556	3	2396	1972
CHKA_-_67888689.23-P1P2	1109	0	1084	0
CHKA_-_67888695.23-P1P2	2031	2	1592	1554
CHKA_-_67888823.23-P1P2	2025	5619	625	9405
CHKB_+_51021054.23-P1P2	727	3	816	2782
CHKB_+_51021203.23-P1P2	2497	2376	2468	2
CHKB_+_51021206.23-P1P2	2234	1	2088	2329
CHKB_+_51021247.23-P1P2	0	0	0	0
CHKB_-_51020899.23-P1P2	4	1	584	1313
CHM_+_85302314.23-P1P2	1	0	831	0
CHM_+_85302319.23-P1P2	3174	5529	255	503
CHM_+_85302486.23-P1P2	4	4152	269	2
CHM_+_85302529.23-P1P2	0	0	236	0
CHM_-_85302521.23-P1P2	0	0	294	0
CHRM1_+_62688731.23-P1P2	0	0	255	0
CHRM1_+_62688777.23-P1P2	3947	7501	3426	2012
CHRM1_+_62688793.23-P1P2	582	3	1792	1591
CHRM1_+_62688821.23-P1P2	1601	2263	1252	1
CHRM1_-_62688831.23-P1P2	1653	4	747	4681
CHRM2_+_136553808.23-P1P2	2	0	923	1
CHRM2_+_136553913.23-P1P2	1490	1	1271	0
CHRM2_-_136553465.23-P1P2	3	1	2330	1982
CHRM2_-_136553479.23-P1P2	819	1	947	1
CHRM2_-_136553862.23-P1P2	1433	6868	1325	1978
CHRM4_+_46407764.23-P1P2	3315	4	1055	2480
CHRM4_+_46408072.23-P1P2	2	0	929	1563
CHRM4_+_46408103.23-P1P2	1682	4	1086	1
CHRM4_+_46408115.23-P1P2	2	1	2600	821
CHRM4_-_46408121.23-P1P2	1	1	1499	0
CHRM5_+_34260704.23-P1P2	1	1	487	1
CHRM5_+_34261127.23-P1P2	1676	3280	898	3792
CHRM5_+_34261170.23-P1P2	0	2480	104	1
CHRM5_+_34261347.23-P1P2	0	0	0	0
CHRM5_-_34261117.23-P1P2	1370	1	740	1
CHRNA10_+_3692257.23-ENST00000250699.2	2	2	392	1402
CHRNA10_-_3692563.23-ENST00000250699.2	3710	4	2119	2007
CHRNA10_-_3692566.23-ENST00000250699.2	2674	85	2442	2004
CHRNA10_-_3692605.23-ENST00000250699.2	1253	1	200	1617
CHRNA10_-_3692638.23-ENST00000250699.2	916	0	1395	1403
CHRNA1_+_175628734.23-P1P2	6	0	1863	1260
CHRNA1_+_175629161.23-P1P2	2831	6	2297	5869
CHRNA1_-_175628781.23-P1P2	0	0	170	1
CHRNA1_-_175629142.23-P1P2	4885	3090	603	832
CHRNA1_-_175629149.23-P1P2	2138	2228	873	2
CHRNA2_+_27336305.23-P1P2	0	0	150	0
CHRNA2_+_27336330.23-P1P2	0	0	463	1
CHRNA2_-_27336407.23-P1P2	3	2	848	2108
CHRNA2_-_27336502.23-P1P2	0	0	393	0
CHRNA2_-_27336543.23-P1P2	1	0	918	2326
CHRNA3_+_78912882.23-P1P2	5963	4434	1384	2620
CHRNA3_+_78913131.23-P1P2	4020	6	3413	3672
CHRNA3_+_78913301.23-P1P2	2573	8302	2827	1452
CHRNA3_-_78912872.23-P1P2	345	2029	2119	3
CHRNA3_-_78913435.23-P1P2	1512	6	2488	1489
CHRNA4_+_61992225.23-P1P2	1	2	2127	1405
CHRNA4_+_61992566.23-P1P2	2780	3	1292	2
CHRNA4_+_61992587.23-P1P2	558	1	1151	3848
CHRNA4_+_61992626.23-P1P2	4620	4	1587	3
CHRNA4_+_61992634.23-P1P2	3424	5	1305	2009
CHRNA5_+_78857876.23-P1P2	6	0	389	2911
CHRNA5_+_78857951.23-P1P2	1394	2	1439	0
CHRNA5_-_78857911.23-P1P2	4389	2	1725	1038
CHRNA5_-_78857914.23-P1P2	3966	7166	2287	2088
CHRNA5_-_78857923.23-P1P2	0	0	140	0
CHRNA6_-_42623374.23-P1P2	2416	5	327	2123
CHRNA6_-_42623377.23-P1P2	2	1	565	1734
CHRNA6_-_42623731.23-P1P2	1184	6	1250	3904
CHRNA6_-_42623756.23-P1P2	803	0	411	0
CHRNA6_-_42623769.23-P1P2	3	1767	1031	1814
CHRNA7_+_32322752.23-P1P2	2599	9439	2488	2931
CHRNA7_+_32322912.23-P1P2	1115	0	75	0
CHRNA7_+_32323079.23-P1P2	0	0	236	0
CHRNA7_+_32323159.23-P1P2	1359	1	1648	2004
CHRNA7_-_32323125.23-P1P2	998	1597	1588	3754
CHRNA9_+_40337357.23-P1P2	1	0	106	1735
CHRNA9_+_40337570.23-P1P2	3201	9640	606	1236
CHRNA9_+_40337768.23-P1P2	0	0	371	0
CHRNA9_-_40337393.23-P1P2	5458	5760	1487	4022
CHRNA9_-_40337555.23-P1P2	0	0	278	0
CHRNB1_-_7348409.23-P1P2	2768	1	1928	2
CHRNB1_-_7348458.23-P1P2	7392	4845	2824	3817
CHRNB1_-_7348808.23-P1P2	7	6770	497	4
CHRNB1_-_7348837.23-P1P2	2	0	555	0
CHRNB1_-_7348933.23-P1P2	1	0	601	0
CHRNB2_+_154540730.23-P1P2	5136	9	775	1835
CHRNB2_-_154540333.23-P1P2	4	7	727	2407
CHRNB2_-_154540371.23-P1P2	4020	4462	2003	2
CHRNB2_-_154540703.23-P1P2	1365	7454	1071	1996
CHRNB2_-_154540770.23-P1P2	519	0	963	2
CHRNB3_+_42552570.23-P1P2	0	0	274	1
CHRNB3_+_42552721.23-P1P2	0	1	368	1796
CHRNB3_-_42552516.23-P1P2	0	0	486	0
CHRNB3_-_42552534.23-P1P2	2870	4	2124	1539
CHRNB3_-_42552810.23-P1P2	8	2	1923	6924
CHRNB4_+_78933119.23-P1P2	2	5294	752	5
CHRNB4_+_78933497.23-P1P2	2591	3	1768	3663
CHRNB4_+_78933530.23-P1P2	3	3284	1599	3732
CHRNB4_+_78933567.23-P1P2	3660	1	1794	2
CHRNB4_-_78933202.23-P1P2	1733	2	976	1
CHRND_-_233390895.23-P1P2	1230	3	955	1777
CHRND_-_233390918.23-P1P2	1076	2	1667	4
CHRND_-_233390951.23-P1P2	3	2167	1322	527
CHRND_-_233391275.23-P1P2	1125	1	1493	72
CHRND_-_233391333.23-P1P2	861	2	623	0
CHRNE_+_4806299.23-P1P2	4764	7	1832	3422
CHRNE_-_4805906.23-P1P2	535	2394	703	1
CHRNE_-_4805971.23-P1P2	0	0	398	0
CHRNE_-_4806328.23-P1P2	2597	9354	1023	4
CHRNE_-_4806409.23-P1P2	0	0	1196	0
CHRNG_+_233404878.23-P1P2	4185	14484	1115	3
CHRNG_-_233404465.23-P1P2	1532	4	351	2
CHRNG_-_233404525.23-P1P2	1647	1	1501	1680
CHRNG_-_233404859.23-P1P2	1097	2	1363	1888
CHRNG_-_233404863.23-P1P2	0	0	157	0
CHUK_+_101988955.23-P1P2	528	2413	1679	1675
CHUK_+_101989308.23-P1P2	2813	2664	427	3
CHUK_+_101989317.23-P1P2	4737	4	1183	2478
CHUK_-_101989292.23-P1P2	2	1697	1895	1
CHUK_-_101989295.23-P1P2	3207	1	988	1583
CIB2_+_78423551.23-P1P2	2324	2	1645	1
CIB2_+_78423672.23-P1P2	1286	3	1951	2108
CIB2_-_78423608.23-P1P2	2578	1	1073	2158
CIB2_-_78423715.23-P1P2	877	5700	1550	3255
CIB2_-_78423718.23-P1P2	1	0	866	0
CIB3_+_16284224.23-ENST00000269878.4	1	0	1062	0
CIB3_+_16284300.23-ENST00000269878.4	0	0	96	0
CIB3_-_16284159.23-ENST00000269878.4	1109	4589	929	1620
CIB3_-_16284312.23-ENST00000269878.4	743	2	1787	1046
CIB3_-_16284326.23-ENST00000269878.4	872	0	1617	3397
CINP_+_102829149.23-P1P2	0	6	330	1777
CINP_+_102829180.23-P1P2	1	0	249	0
CINP_-_102829164.23-P1P2	0	0	0	0
CINP_-_102829679.23-P1P2	1417	2799	2007	2253
CINP_-_102829702.23-P1P2	7	11549	453	593
CIT_+_120315063.23-P1P2	1	3076	1139	1
CIT_+_120315100.23-P1P2	3	1	1042	1889
CIT_+_120315103.23-P1P2	3	0	952	3232
CIT_-_120314748.23-P1P2	2344	3	1015	2242
CIT_-_120314912.23-P1P2	1557	10009	672	965
CKB_+_103988681.23-P1P2	3582	2700	3507	3102
CKB_+_103989130.23-P1P2	1823	2	2108	2655
CKB_+_103989134.23-P1P2	2819	6	2354	1273
CKB_-_103988726.23-P1P2	1	0	2399	1
CKB_-_103988769.23-P1P2	4356	7	1369	5745
CKMT1A_+_43985088.23-ENST00000434505.1	4615	5	716	1592
CKMT1A_+_43986155.23-ENST00000413453.2	3812	6895	1064	1771
CKMT1A_+_43986181.23-ENST00000413453.2	1090	5791	860	2596
CKMT1A_+_43986191.23-ENST00000413453.2	0	0	188	0
CKMT1A_-_43985147.23-ENST00000434505.1	1672	941	266	1
CKMT1A_-_43985155.23-ENST00000434505.1	0	0	339	0
CKMT1A_-_43985329.23-ENST00000434505.1	1156	0	1387	0
CKMT1A_-_43985510.23-ENST00000434505.1	1559	0	1348	0
CKMT1A_-_43985748.23-ENST00000413453.2	1406	1	543	0
CKMT1A_-_43985782.23-ENST00000413453.2	1	0	223	0
CKMT1B_+_43885256.23-ENST00000300283.6	4615	5	716	1592
CKMT1B_+_43886076.23-ENST00000441322.1	3738	2	507	0
CKMT1B_+_43886104.23-ENST00000441322.1	1379	1	1365	3533
CKMT1B_+_43886110.23-ENST00000441322.1	2307	5	819	3123
CKMT1B_+_43886511.23-ENST00000441322.1	0	0	681	1
CKMT1B_-_43885315.23-ENST00000300283.6	1672	941	266	1
CKMT1B_-_43885323.23-ENST00000300283.6	0	0	339	0
CKMT1B_-_43885497.23-ENST00000300283.6	1156	0	1387	0
CKMT1B_-_43885678.23-ENST00000300283.6	1559	0	1348	0
CKMT1B_-_43886093.23-ENST00000441322.1	0	0	630	3
CKMT2_+_80529359.23-P1P2	1154	5	2787	4461
CKMT2_-_80529188.23-P1P2	10	4883	1497	1762
CKMT2_-_80529200.23-P1P2	2990	1405	1686	5
CKMT2_-_80529327.23-P1P2	1344	3	1041	1769
CKMT2_-_80529402.23-P1P2	807	16420	1018	2150
CKM_+_45822546.23-P2	3448	7639	1108	1278
CKM_+_45822549.23-P2	0	1	2318	1
CKM_+_45822737.23-P2	2121	3297	1561	1892
CKM_+_45825712.23-P1	3	0	1982	559
CKM_+_45825893.23-P1	899	2456	757	2
CKM_+_45826067.23-P1	5515	2	1843	2359
CKM_-_45822967.23-P2	1417	2	991	3670
CKM_-_45822996.23-P2	1121	1	921	1716
CKM_-_45825740.23-P1	2613	2473	1947	4
CKM_-_45826086.23-P1	1459	2	1786	2
CKS2_+_91925760.23-P1P2	1655	6972	1374	9
CKS2_+_91925796.23-P1P2	3325	3	1716	1757
CKS2_+_91926515.23-P1P2	6781	7	1770	7
CKS2_-_91926343.23-P1P2	1327	0	118	0
CKS2_-_91926551.23-P1P2	1356	3482	337	1
CLCN2_+_184078983.23-P1P2	1681	6	795	0
CLCN2_+_184079046.23-P1P2	7017	7	2546	4405
CLCN2_+_184079122.23-P1P2	1	0	492	1782
CLCN2_-_184079183.23-P1P2	3591	3911	4017	5
CLCN2_-_184079348.23-P1P2	2203	2	2956	2956
CLCNKA_+_16349005.23-P2	1	0	732	0
CLCNKA_+_16355002.23-P1	3805	5983	1697	3658
CLCNKA_+_16355040.23-P1	0	0	0	0
CLCNKA_+_16355052.23-P1	1423	0	1026	0
CLCNKA_+_16355070.23-P1	1	3076	569	1
CLCNKA_-_16348573.23-P2	8	1579	919	5697
CLCNKA_-_16348583.23-P2	1874	3037	2154	949
CLCNKA_-_16348633.23-P2	1117	2296	738	3
CLCNKA_-_16348753.23-P2	1	2	1194	821
CLCNKA_-_16355446.23-P1	2593	1	609	4
CLC_+_40228273.23-P1P2	1510	2	1529	0
CLC_+_40228277.23-P1P2	0	1	729	1522
CLC_+_40228563.23-P1P2	1	0	1305	1
CLC_+_40228670.23-P1P2	842	0	389	0
CLC_-_40228442.23-P1P2	980	0	412	0
CLEC3B_+_45067786.23-P1P2	5315	2659	3384	2414
CLEC3B_+_45067835.23-P1P2	3094	5	1755	6355
CLEC3B_+_45068274.23-P1P2	1370	2	845	1
CLEC3B_-_45067791.23-P1P2	1905	7012	1674	1487
CLEC3B_-_45067868.23-P1P2	16	11035	1305	1489
CLK1_+_201728942.23-P1P2	3	1	1052	1
CLK1_+_201728945.23-P1P2	3391	4	996	1655
CLK1_+_201728988.23-P1P2	1163	16060	1575	1872
CLK1_-_201729161.23-P1P2	0	1	1126	1
CLK1_-_201729341.23-P1P2	739	6085	500	3
CLK2_+_155242888.23-P1P2	1456	6425	1072	0
CLK2_+_155243222.23-P1P2	2	1	1379	0
CLK2_+_155243267.23-P1P2	1364	3037	1747	1824
CLK2_+_155243270.23-P1P2	3631	1	972	0
CLK2_+_155243273.23-P1P2	0	0	385	0
CLK3_+_74890844.23-P2	6	5445	958	2
CLK3_+_74890865.23-P2	1240	2	2900	3491
CLK3_+_74908222.23-P1	0	1	281	1706
CLK3_+_74908403.23-P1	0	2	458	0
CLK3_+_74908610.23-P1	1103	5433	2567	1922
CLK3_-_74890853.23-P2	1	1	1556	0
CLK3_-_74890906.23-P2	1424	0	324	0
CLK3_-_74891315.23-P2	5	5337	131	2
CLK3_-_74908201.23-P1	0	0	226	0
CLK3_-_74908249.23-P1	3951	3886	1096	1825
CLK4_+_178053616.23-P1P2	2991	2	1841	1
CLK4_+_178054000.23-P1P2	5	4	3707	3448
CLK4_+_178054052.23-P1P2	0	0	575	0
CLK4_-_178053564.23-P1P2	3749	5909	2260	1567
CLK4_-_178053661.23-P1P2	2019	2	1631	2023
CLPB_+_72145177.23-P1P2	1233	4911	1149	1446
CLPB_+_72145509.23-P1P2	0	0	0	0
CLPB_+_72145538.23-P1P2	569	0	0	0
CLPB_+_72145548.23-P1P2	0	0	0	0
CLPB_-_72145578.23-P1P2	2	6269	709	5
CLPP_+_6361975.23-P1P2	1	1	361	0
CLPP_-_6361603.23-P1P2	0	1	249	1
CLPP_-_6361609.23-P1P2	1456	4	880	978
CLPP_-_6361738.23-P1P2	493	1270	1218	1791
CLPP_-_6361788.23-P1P2	1671	5555	1995	1549
CLPS_-_35765033.23-P1P2	0	0	134	0
CLPS_-_35765047.23-P1P2	1085	2	513	0
CLPS_-_35765053.23-P1P2	1494	1	863	1
CLPS_-_35765088.23-P1P2	2	0	756	0
CLPS_-_35765091.23-P1P2	1758	4	2171	5674
CLPX_+_65477605.23-P1P2	3	4738	403	1
CLPX_-_65477238.23-P1P2	1113	5275	2865	3096
CLPX_-_65477262.23-P1P2	1473	0	1086	2
CLPX_-_65477273.23-P1P2	0	1	552	0
CLPX_-_65477612.23-P1P2	2222	2	1975	3
CMA1_+_24977022.23-P1P2	0	1	285	1
CMA1_+_24977370.23-P1P2	0	3020	640	1
CMA1_-_24977003.23-P1P2	1070	0	1768	0
CMA1_-_24977210.23-P1P2	0	0	572	0
CMA1_-_24977472.23-P1P2	1064	2081	2782	1317
CMAS_-_22199180.23-P1P2	3539	4849	1599	2
CMAS_-_22199189.23-P1P2	2357	7601	1327	3926
CMAS_-_22199201.23-P1P2	3047	2932	675	4
CMAS_-_22199218.23-P1P2	1193	1	99	2
CMAS_-_22199637.23-P1P2	622	1	1064	1964
CMPK1_+_47799460.23-P1P2	580	6027	2579	2759
CMPK1_+_47799533.23-P1P2	904	1933	288	1863
CMPK1_+_47799577.23-P1P2	1615	0	902	1486
CMPK1_+_47799589.23-P1P2	1	4784	703	3
CMPK1_+_47799884.23-P1P2	2	1	1303	2
CNKSR1_+_26504044.23-P1P2	1	0	442	0
CNKSR1_+_26504060.23-P1P2	3057	5278	1454	0
CNKSR1_-_26504025.23-P1P2	1	0	259	0
CNKSR1_-_26504071.23-P1P2	2658	4265	1062	2062
CNKSR1_-_26504158.23-P1P2	0	0	0	0
CNKSR3_+_154831262.23-P1P2	7970	2	1636	4
CNKSR3_+_154831317.23-P1P2	0	0	61	0
CNKSR3_+_154831695.23-P1P2	1	4	1651	1393
CNKSR3_+_154831730.23-P1P2	1982	1	129	0
CNKSR3_+_154831733.23-P1P2	2271	6918	1476	1257
CNR1_+_88875608.23-P1P2	0	0	565	0
CNR1_+_88875611.23-P1P2	0	0	153	0
CNR1_+_88876040.23-P1P2	0	0	0	0
CNR1_+_88876049.23-P1P2	3201	5	2508	6147
CNR1_-_88875699.23-P1P2	4	9784	1378	3
CNR2_+_24239806.23-P1P2	1290	7442	1796	2
CNR2_+_24239813.23-P1P2	1323	1	2576	1640
CNR2_+_24239827.23-P1P2	1044	0	498	2
CNR2_-_24239369.23-P1P2	1443	5514	639	4
CNR2_-_24239824.23-P1P2	0	1	2116	2
COL2A1_+_48398243.23-P1P2	660	17693	2934	2449
COL2A1_-_48397828.23-P1P2	6	2297	1491	1
COL2A1_-_48398051.23-P1P2	9	6190	1062	4598
COL2A1_-_48398156.23-P1P2	4243	2772	1133	2604
COL2A1_-_48398202.23-P1P2	4990	4	3192	4661
COMP_+_18901612.23-P1P2	1342	2967	794	1986
COMP_-_18902064.23-P1P2	1159	2707	819	1854
COMP_-_18902079.23-P1P2	5	0	510	1783
COMP_-_18902082.23-P1P2	0	0	88	0
COMP_-_18902085.23-P1P2	0	0	133	0
COMTD1_+_76995169.23-P1P2	1748	1	590	1881
COMTD1_-_76995333.23-P1P2	109	0	1673	2
COMTD1_-_76995490.23-P1P2	1690	4	1498	2037
COMTD1_-_76995670.23-P1P2	2354	3	2169	1377
COMTD1_-_76995693.23-P1P2	2462	4	824	2
COX5A_+_75230394.23-P1P2	0	0	198	0
COX5A_-_75229980.23-P1P2	2	1037	1091	1763
COX5A_-_75230226.23-P1P2	0	0	784	0
COX5A_-_75230411.23-P1P2	1142	0	251	1
COX5A_-_75230432.23-P1P2	3	2	83	1943
COX5B_+_98262102.23-P1P2	0	0	0	0
COX5B_+_98262901.23-P1P2	4	5752	1836	4
COX5B_+_98262928.23-P1P2	2277	4768	2109	1
COX5B_+_98262943.23-P1P2	0	0	885	1
COX5B_-_98262552.23-P1P2	2298	0	549	0
COX6A2_+_31439590.23-P1P2	2	3	1580	1933
COX6A2_-_31439172.23-P1P2	641	4	2200	4023
COX6A2_-_31439531.23-P1P2	0	0	1246	0
COX6A2_-_31439627.23-P1P2	0	0	225	0
COX6A2_-_31439650.23-P1P2	2	1	1093	1917
COX7A1_+_36643313.23-P1P2	2	3973	279	0
COX7A1_+_36643328.23-P1P2	0	0	707	0
COX7A1_+_36643337.23-P1P2	2	0	1	859
COX7A1_+_36643347.23-P1P2	565	6	1827	995
COX7A1_+_36643368.23-P1P2	1	1	897	1
COX7B_+_77155209.23-P1P2	2	0	431	0
COX7B_+_77155376.23-P1P2	1811	3736	639	1
COX7B_+_77155383.23-P1P2	1	0	181	0
COX7B_-_77155002.23-P1P2	1	0	103	1
COX7B_-_77155090.23-P1P2	1852	2567	555	3
COX7C_+_85913816.23-P1P2	0	0	394	0
COX7C_+_85913832.23-P1P2	4	1	854	1942
COX7C_+_85914209.23-P1P2	0	0	0	0
COX7C_-_85913960.23-P1P2	0	1	473	0
COX7C_-_85914143.23-P1P2	0	0	454	0
COX8A_+_63742101.23-P1P2	34	1	1214	0
COX8A_+_63742123.23-P1P2	1630	1	724	3
COX8A_+_63742147.23-P1P2	3	1	1733	0
COX8A_+_63742472.23-P1P2	4729	1	955	4
COX8A_+_63742532.23-P1P2	1	0	816	1
CPA1_+_130020387.23-P1P2	9	5295	3083	1
CPA1_+_130020777.23-P1P2	0	0	0	0
CPA1_-_130020369.23-P1P2	975	1	1352	1
CPA1_-_130020579.23-P1P2	8	0	225	0
CPA1_-_130020584.23-P1P2	1	1	966	1
CPB1_+_148545587.23-P1P2	900	0	900	0
CPB1_+_148546004.23-P1P2	1	1	597	0
CPB1_+_148546025.23-P1P2	1223	0	699	0
CPB1_-_148545616.23-P1P2	1725	0	68	0
CPB1_-_148545662.23-P1P2	1	1	711	1568
CPD_+_28705973.23-P1P2	4659	7	3076	7064
CPD_+_28706022.23-P1P2	2922	2524	1466	3042
CPD_-_28705985.23-P1P2	2421	2573	858	1
CPD_-_28706001.23-P1P2	6	3701	678	1454
CPD_-_28706033.23-P1P2	4220	2465	2927	5091
CPE_+_166300703.23-P1P2	1	3	1013	801
CPE_-_166300245.23-P1P2	2245	6	1796	2745
CPE_-_166300260.23-P1P2	0	0	307	0
CPE_-_166300264.23-P1P2	911	4	1169	1717
CPE_-_166300607.23-P1P2	4030	1	1986	1
CPO_+_207804343.23-P1P2	1557	3	585	1644
CPO_+_207804464.23-P1P2	1	1	611	0
CPO_+_207804482.23-P1P2	4	5750	238	0
CPO_-_207804267.23-P1P2	829	0	355	0
CPO_-_207804391.23-P1P2	1533	2703	1740	2014
CPS1_+_211421342.23-P1P2	1488	1	1275	0
CPS1_+_211421360.23-P1P2	692	0	240	1
CPS1_+_211421556.23-P1P2	2403	3	1615	2256
CPS1_+_211421710.23-P1P2	3	5138	288	3
CPS1_+_211421724.23-P1P2	2918	3	572	1926
CPT2_+_53662504.23-P1P2	0	0	757	1
CPT2_-_53662475.23-P1P2	4	0	1564	1356
CPT2_-_53662531.23-P1P2	2	2633	2471	1
CPT2_-_53662544.23-P1P2	1166	2649	1599	0
CPT2_-_53662888.23-P1P2	1680	1	2190	3
CP_+_148939169.23-P1P2	3422	2417	352	1
CP_+_148939524.23-P1P2	0	0	251	0
CP_+_148939586.23-P1P2	0	0	411	1
CP_-_148939198.23-P1P2	804	3	729	2153
CP_-_148939201.23-P1P2	0	0	236	0
CRAT_+_131872466.23-P1P2	0	1	1221	1576
CRAT_+_131872612.23-P1P2	1	1	1782	0
CRAT_+_131872945.23-P1P2	2158	4795	1468	112
CRAT_-_131872671.23-P1P2	0	1164	710	1
CRAT_-_131872684.23-P1P2	98	2	2093	3507
CRB2_+_126118494.23-P1	7	4008	1341	1406
CRB2_+_126118497.23-P1	1693	1	1564	0
CRB2_+_126118537.23-P1	416	313	254	0
CRB2_+_126131139.23-P2	3	1	1274	0
CRB2_-_126118533.23-P1	6028	4	2617	3437
CRB2_-_126118542.23-P1	6035	6155	2985	933
CRB2_-_126131078.23-P2	3	0	1013	1308
CRB2_-_126131081.23-P2	4230	2128	2065	1574
CRB2_-_126131448.23-P2	1	1	568	1852
CRB2_-_126131454.23-P2	1080	0	1194	0
CRH_+_67090521.23-P1P2	936	1	570	1
CRH_-_67090243.23-P1P2	1292	4249	2583	8261
CRH_-_67090252.23-P1P2	1422	1	54	0
CRH_-_67090475.23-P1P2	2561	2216	1332	2333
CRH_-_67090591.23-P1P2	1207	2	1461	137
CROT_+_86974994.23-P1P2	0	0	619	0
CROT_+_86975004.23-P1P2	2	0	700	321
CROT_+_86975329.23-P1P2	929	0	780	0
CROT_+_86975420.23-P1P2	0	0	707	0
CROT_-_86975012.23-P1P2	1	0	483	0
CRP_+_159683917.23-P1P2	1374	4	2589	4075
CRP_+_159684375.23-P1P2	1561	0	598	2071
CRP_+_159684386.23-P1P2	1	0	428	0
CRP_-_159683185.23-P1P2	3022	2	1875	5
CRP_-_159684353.23-P1P2	3063	3	1348	4
CRYBB1_+_27013623.23-P1P2	3050	0	908	0
CRYBB1_+_27013674.23-P1P2	7	9070	1213	1
CRYBB1_+_27013939.23-P1P2	5	5245	487	4
CRYBB1_-_27013972.23-P1P2	2156	0	468	3
CRYBB1_-_27014053.23-P1P2	1	3	899	1075
CRYZ_+_75198714.23-P1P2	692	1	806	1829
CRYZ_-_75198250.23-P1P2	1223	1	1025	0
CRYZ_-_75198379.23-P1P2	1	0	686	0
CRYZ_-_75198654.23-P1P2	1470	0	635	1952
CRYZ_-_75198672.23-P1P2	5	3393	837	3
CSAD_+_53574198.23-P1P2	1545	5227	2426	4
CSAD_+_53574247.23-P1P2	2462	0	1193	0
CSAD_+_53574400.23-P1P2	1231	1	866	190
CSAD_-_53574431.23-P1P2	0	0	0	0
CSAD_-_53574460.23-P1P2	2592	2	889	1
CSF1R_+_149466064.23-P1P2	8	7447	1315	1807
CSF1R_+_149466139.23-P1P2	2	2	334	1943
CSF1R_-_149465687.23-P1P2	2	2	1138	0
CSF1R_-_149465864.23-P1P2	936	0	607	1
CSF1R_-_149466077.23-P1P2	0	0	825	0
CSF2RA_+_1387764.23-P1P2	1771	1	500	2
CSF2RA_-_1387717.23-P1P2	1420	0	750	1
CSF2RA_-_1387742.23-P1P2	0	0	0	0
CSF2RA_-_1387770.23-P1P2	4718	2406	3375	436
CSF2RA_-_1388200.23-P1P2	0	0	209	0
CSF2RB_+_37309709.23-P1P2	2885	0	315	0
CSF2RB_+_37310056.23-P1P2	232	0	783	2
CSF2RB_-_37309724.23-P1P2	0	0	0	0
CSF2RB_-_37309900.23-P1P2	2508	7	1233	1939
CSF2RB_-_37309916.23-P1P2	1450	2	1084	1654
CSK_+_75074460.23-P1P2	1873	6689	1671	1815
CSK_+_75074463.23-P1P2	4159	5	2449	1304
CSK_+_75074484.23-P1P2	605	4042	1322	1320
CSK_+_75074850.23-P1P2	8	3118	2083	1960
CSK_+_75074929.23-P1P2	4516	3	756	4473
CSNK1A1L_+_37678717.23-P1P2	1115	0	629	0
CSNK1A1L_+_37679620.23-P1P2	886	3853	1129	1436
CSNK1A1L_+_37679715.23-P1P2	4433	9808	2436	4
CSNK1A1L_-_37679672.23-P1P2	1086	4934	3038	1446
CSNK1A1L_-_37679730.23-P1P2	1486	1	2784	1279
CSNK1A1_+_148930876.23-P1P2	0	0	84	0
CSNK1A1_+_148930955.23-P1P2	0	0	0	0
CSNK1A1_+_148930963.23-P1P2	0	0	0	0
CSNK1A1_+_148930972.23-P1P2	2600	4054	987	1
CSNK1A1_-_148930574.23-P1P2	0	0	174	0
CSNK1D_+_80230863.23-P1P2	2453	0	1186	1803
CSNK1D_+_80230869.23-P1P2	0	0	916	0
CSNK1D_+_80231240.23-P1P2	2	2	623	3661
CSNK1D_+_80231268.23-P1P2	2	1	692	0
CSNK1D_-_80230878.23-P1P2	3872	4	2199	1819
CSNK1E_+_38712980.23-P1P2	3135	1	492	0
CSNK1E_+_38712985.23-P1P2	8	2605	1914	3346
CSNK1E_+_38713028.23-P1P2	1435	2743	2042	3
CSNK1E_+_38713240.23-P1P2	1623	4	2288	3928
CSNK1E_-_38712904.23-P1P2	1	2	1920	0
CSNK1G1_+_64647962.23-P1P2	3627	2	1306	1
CSNK1G1_+_64648259.23-P1P2	4499	5	1865	8102
CSNK1G1_-_64647905.23-P1P2	0	0	683	0
CSNK1G1_-_64647926.23-P1P2	3151	4536	3611	2
CSNK1G1_-_64648302.23-P1P2	0	0	749	0
CSNK1G2_+_1941499.23-P1P2	1549	1	1318	0
CSNK1G2_+_1941562.23-P1P2	847	2	1542	1488
CSNK1G2_+_1941626.23-P1P2	911	4711	2255	1692
CSNK1G2_-_1941178.23-P1P2	2787	4100	1967	1249
CSNK1G2_-_1941181.23-P1P2	2158	5	2090	3063
CSNK1G3_+_122848340.23-P1P2	4	0	2166	3515
CSNK1G3_-_122847913.23-P1P2	2	3	607	1921
CSNK1G3_-_122847968.23-P1P2	1232	2	1342	2064
CSNK1G3_-_122847980.23-P1P2	0	313	1283	622
CSNK1G3_-_122848041.23-P1P2	0	0	982	0
CSNK2A1_+_524079.23-P1P2	1503	1348	336	3
CSNK2A1_+_524305.23-P1P2	1710	1	327	1
CSNK2A1_-_524311.23-P1P2	1454	2	3503	2
CSNK2A1_-_524386.23-P1P2	0	1955	1068	2
CSNK2A1_-_524399.23-P1P2	3	5217	471	3
CSNK2A2_+_58231580.23-P1P2	1	0	527	1981
CSNK2A2_-_58231975.23-P1P2	1536	2	1907	2
CSNK2A2_-_58232002.23-P1P2	2694	1	2338	3336
CSNK2A2_-_58232005.23-P1P2	1438	9333	1931	3498
CSNK2A2_-_58232041.23-P1P2	1101	0	663	0
CSNK2B_+_31633873.23-P1P2	1236	1	1764	3
CSNK2B_+_31633923.23-P1P2	1753	1	558	2
CSNK2B_-_31634048.23-P1P2	0	0	1091	0
CSNK2B_-_31634088.23-P1P2	1327	0	896	1
CSNK2B_-_31634099.23-P1P2	1639	6676	3660	1772
CS_+_56693610.23-P1P2	1700	2	674	1628
CS_+_56693700.23-P1P2	2	2	1184	1841
CS_+_56693703.23-P1P2	1621	2196	2323	2090
CS_+_56693904.23-P1P2	1505	3	273	2
CS_-_56694134.23-P1P2	0	0	198	0
CTDNEP1_+_7155258.23-P1P2	1570	3034	563	1025
CTDNEP1_-_7154864.23-P1P2	1	1	868	75
CTDNEP1_-_7155050.23-P1P2	2011	4	2131	1356
CTDNEP1_-_7155071.23-P1P2	2666	3	792	2
CTDNEP1_-_7155271.23-P1P2	1126	4	1629	3
CTDP1_+_77439863.23-P1P2	1527	0	430	1
CTDP1_+_77439877.23-P1P2	627	3012	1478	4
CTDP1_-_77439825.23-P1P2	2882	0	805	1
CTDP1_-_77439836.23-P1P2	2337	0	1172	3312
CTDP1_-_77439882.23-P1P2	581	0	2070	1
CTDSP1_+_219264658.23-P1P2	1154	0	1246	1
CTDSP1_+_219264661.23-P1P2	2	0	434	1569
CTDSP1_+_219264682.23-P1P2	3451	3106	3204	1024
CTDSP1_+_219264983.23-P1P2	0	3	1560	0
CTDSP1_-_219265044.23-P1P2	10	10517	1091	1487
CTDSP2_+_58240147.23-P1P2	0	0	571	0
CTDSP2_+_58240445.23-P1P2	3131	4915	3007	3315
CTDSP2_+_58240467.23-P1P2	1284	0	488	3
CTDSP2_+_58240671.23-P1P2	3	3608	141	2
CTDSP2_-_58240085.23-P1P2	1259	3	2371	1546
CTDSPL_+_37903425.23-P1P2	3	1	1922	1457
CTDSPL_+_37903820.23-P1P2	758	1886	1386	3091
CTDSPL_-_37903405.23-P1P2	4296	5305	1579	6116
CTDSPL_-_37903769.23-P1P2	3321	8800	1881	3034
CTDSPL_-_37903774.23-P1P2	2321	3	2075	4852
CTH_+_70876932.23-P1P2	1	3	2474	0
CTH_+_70876951.23-P1P2	1305	0	765	1
CTH_+_70876980.23-P1P2	2825	1	439	2
CTH_+_70876996.23-P1P2	0	0	353	0
CTH_-_70877335.23-P1P2	2994	0	1757	2
CTLA4_+_204732673.23-P1P2	3	0	708	0
CTLA4_-_204732544.23-P1P2	1711	1	1135	1415
CTLA4_-_204732923.23-P1P2	0	0	1177	1
CTLA4_-_204732957.23-P1P2	1580	2399	1732	1055
CTLA4_-_204733000.23-P1P2	0	1	747	0
CTNS_-_3540051.23-P1P2	1235	4	2081	1895
CTNS_-_3540066.23-P1P2	1444	3822	1138	1262
CTNS_-_3540097.23-P1P2	2659	4964	2299	4
CTNS_-_3540100.23-P1P2	718	0	745	0
CTNS_-_3540452.23-P1P2	588	2411	3096	0
CTRB1_+_75252936.23-P1P2	546	5	1335	1475
CTRB1_+_75252951.23-P1P2	1	0	60	1820
CTRB1_+_75252970.23-P1P2	1	1	1614	1
CTRB1_+_75253108.23-P1P2	2877	0	783	2
CTRB1_-_75252897.23-P1P2	3	0	673	1641
CTSF_+_66335640.23-P1P2	0	1562	699	0
CTSF_+_66335996.23-P1P2	2541	0	643	0
CTSF_+_66335999.23-P1P2	2607	3089	1390	3356
CTSF_+_66336004.23-P1P2	4232	2	1282	4604
CTSF_-_66336011.23-P1P2	677	8202	1600	3792
CTSG_+_25045383.23-P1P2	3025	0	1074	2
CTSG_+_25045445.23-P1P2	1306	5178	1046	5
CTSG_-_25045032.23-P1P2	485	0	672	0
CTSG_-_25045355.23-P1P2	1300	7027	1710	1359
CTSG_-_25045396.23-P1P2	2623	6163	1648	1898
CTSH_+_79237133.23-P1P2	0	0	0	0
CTSH_+_79237182.23-P1P2	0	0	86	0
CTSH_+_79237358.23-P1P2	778	4927	2345	954
CTSH_-_79237212.23-P1P2	1225	2250	1408	1
CTSH_-_79237366.23-P1P2	4	0	1755	2
CTSK_+_150780359.23-P1P2	0	0	231	0
CTSK_-_150780713.23-P1P2	1439	5121	799	2
CTSK_-_150780724.23-P1P2	2688	4757	1083	1693
CTSK_-_150780752.23-P1P2	3	2	731	1840
CTSK_-_150780800.23-P1P2	0	0	490	0
CTSL_+_90341065.23-P1	2497	2652	1839	3
CTSL_+_90341431.23-P1	2380	1	849	1641
CTSL_+_90342816.23-P2	584	2	1504	1
CTSL_+_90342836.23-P2	2905	3964	2004	3
CTSL_-_90341061.23-P1	4017	5511	1141	882
CTSL_-_90341070.23-P1	5208	5197	2510	5604
CTSL_-_90341450.23-P1	3048	1022	1969	3
CTSL_-_90342596.23-P2	1316	1	60	1464
CTSL_-_90342644.23-P2	0	0	566	0
CTSL_-_90342824.23-P2	0	0	131	0
CTSS_+_150738182.23-P1P2	4957	4	1434	2031
CTSS_+_150738194.23-P1P2	0	0	0	0
CTSS_+_150738208.23-P1P2	0	0	343	0
CTSS_-_150737888.23-P1P2	1237	2697	156	1380
CTSS_-_150738222.23-P1P2	2	1504	497	1
CTSV_+_99801008.23-P1P2	11	8601	2063	5
CTSV_+_99801205.23-P1P2	3338	2	107	2
CTSV_+_99801412.23-P1P2	5	2588	1554	272
CTSV_-_99800937.23-P1P2	2834	2	1549	2
CTSV_-_99801856.23-P1P2	6376	3167	972	1887
CUBN_+_17171371.23-P1P2	0	0	452	0
CUBN_+_17171560.23-P1P2	0	1	389	0
CUBN_+_17171795.23-P1P2	1710	1	1361	0
CUBN_+_17171800.23-P1P2	5	2	344	2550
CUBN_-_17171723.23-P1P2	0	0	160	0
CUTA_+_33385267.23-P1P2	4	4	2536	3814
CUTA_+_33385646.23-P1P2	7	4557	2632	795
CUTA_+_33385660.23-P1P2	2401	2	1169	0
CUTA_-_33385272.23-P1P2	1198	1	454	0
CUTA_-_33385302.23-P1P2	2	2	251	1872
CXCL10_-_76944225.23-P1P2	3808	0	791	4
CXCL10_-_76944230.23-P1P2	2956	5	296	4
CXCL10_-_76944597.23-P1P2	3155	3	961	2
CXCL10_-_76944615.23-P1P2	4842	5468	1615	2152
CXCL10_-_76944661.23-P1P2	1753	1	382	0
CXCR1_+_219031625.23-P1P2	8636	3	3026	2
CXCR1_+_219031652.23-P1P2	3	0	884	1190
CXCR1_-_219031618.23-P1P2	1744	2	783	0
CXCR1_-_219031621.23-P1P2	5	5227	960	2
CXCR1_-_219031662.23-P1P2	1610	1	668	1770
CYB5A_+_71959106.23-P1P2	0	0	612	1533
CYB5A_+_71959187.23-P1P2	1640	1	1045	1
CYB5A_-_71958867.23-P1P2	4345	2	1907	0
CYB5A_-_71959191.23-P1P2	2	3	1726	4004
CYB5A_-_71959222.23-P1P2	3262	6211	1646	1335
CYB5B_-_69458558.23-P1P2	0	0	92	0
CYB5B_-_69458581.23-P1P2	2204	2	1129	2847
CYB5B_-_69458593.23-P1P2	1627	0	928	1
CYB5B_-_69458601.23-P1P2	1123	3	801	0
CYB5B_-_69458620.23-P1P2	1	0	152	662
CYB5R1_+_202936351.23-P1P2	3334	1908	2769	1566
CYB5R1_+_202936354.23-P1P2	1279	1	670	1856
CYB5R1_-_202935961.23-P1P2	2	1	1514	0
CYB5R1_-_202936137.23-P1P2	0	0	890	0
CYB5R1_-_202936337.23-P1P2	5601	2	733	3
CYC1_+_145150397.23-P1P2	1	0	459	0
CYC1_-_145149982.23-P1P2	0	0	0	0
CYC1_-_145150131.23-P1P2	1478	0	575	1
CYC1_-_145150142.23-P1P2	4	5847	328	3
CYC1_-_145150183.23-P1P2	967	2631	1520	2
CYGB_+_74533350.23-P1P2	2126	4	2411	2723
CYGB_+_74533414.23-P1P2	2	2	1047	1533
CYGB_+_74533557.23-P1P2	1705	0	2373	3
CYGB_-_74533364.23-P1P2	4516	5718	4070	589
CYGB_-_74533754.23-P1P2	2155	1	1421	1956
CYP2C18_+_96443542.23-P1P2	0	0	0	0
CYP2C18_+_96443673.23-P1P2	0	0	122	0
CYP2C18_+_96443678.23-P1P2	2	0	503	2590
CYP2C18_-_96443514.23-P1P2	0	0	473	2532
CYP2C18_-_96443670.23-P1P2	5	1	566	3520
CYP2C8_+_96829014.23-P1P2	3	3138	778	780
CYP2C8_+_96829078.23-P1P2	2	5970	1660	3
CYP2C8_-_96828869.23-P1P2	3	2	103	1786
CYP2C8_-_96828981.23-P1P2	1517	0	427	1
CYP2C8_-_96829141.23-P1P2	0	0	230	0
CYP2C9_+_96698676.23-P1P2	0	0	96	0
CYP2C9_+_96698778.23-P1P2	1	0	622	0
CYP2C9_-_96698454.23-P1P2	1399	2	531	2
CYP2C9_-_96698706.23-P1P2	3	0	1616	0
CYP2C9_-_96698919.23-P1P2	1	0	462	957
CYP2D6_+_42526470.23-P1P2	0	0	206	0
CYP2D6_+_42526787.23-P1P2	5	1	1068	1823
CYP2D6_+_42526794.23-P1P2	4018	3228	2461	2093
CYP2D6_-_42526481.23-P1P2	0	0	343	0
CYP2D6_-_42526814.23-P1P2	3849	5802	1647	3
CYP3A5_+_99277143.23-P1P2	7	5336	809	2029
CYP3A5_+_99277149.23-P1P2	1	0	488	0
CYP3A5_+_99277556.23-P1P2	3183	1429	1869	20
CYP3A5_+_99277628.23-P1P2	4	2	993	1835
CYP3A5_-_99277257.23-P1P2	602	0	627	0
CYP4A11_+_47406643.23-P1P2	4	5647	1634	1655
CYP4A11_+_47406647.23-P1P2	1	2769	501	3
CYP4A11_+_47406982.23-P1P2	0	0	538	0
CYP4A11_+_47407055.23-P1P2	195	1	1388	1040
CYP4A11_+_47407154.23-P1P2	1166	0	1335	0
CYSLTR1_+_77582557.23-P1P2	1	0	946	1
CYSLTR1_+_77582570.23-P1P2	1	0	1059	0
CYSLTR1_+_77583083.23-P1P2	0	0	109	0
CYSLTR1_-_77582695.23-P1P2	0	0	487	0
CYSLTR1_-_77583040.23-P1P2	0	0	194	0
CYSLTR2_+_49281226.23-ENST00000282018.3	2480	5835	349	550
CYSLTR2_+_49281378.23-ENST00000282018.3	1230	2	2330	2948
CYSLTR2_+_49281416.23-ENST00000282018.3	0	0	91	0
CYSLTR2_+_49281423.23-ENST00000282018.3	0	0	0	0
CYSLTR2_-_49281431.23-ENST00000282018.3	704	0	1245	0
CYTH2_+_48972662.23-P1P2	3946	12	2197	2083
CYTH2_-_48972593.23-P1P2	2	6106	725	2
CYTH2_-_48972650.23-P1P2	0	0	1554	1
CYTH2_-_48972707.23-P1P2	1503	0	913	333
CYTH2_-_48973064.23-P1P2	483	2	1923	1319
CYTH3_+_6311871.23-P1P2	6426	4666	1896	1528
CYTH3_+_6311923.23-P1P2	0	1	1431	0
CYTH3_+_6311994.23-P1P2	0	0	0	0
CYTH3_-_6312213.23-P1P2	4	5827	1928	1287
CYTH3_-_6312231.23-P1P2	1256	5142	1955	1798
DAO_+_109273872.23-P1P2	1821	1	2571	3717
DAO_+_109273913.23-P1P2	1	1	284	1717
DAO_+_109273929.23-P1P2	1136	4	898	1818
DAO_-_109273923.23-P1P2	0	0	0	0
DAO_-_109274296.23-P1P2	2459	0	1719	0
DAPK1_+_90112820.23-P1P2	1664	0	606	0
DAPK1_+_90112838.23-P1P2	10	8395	2825	5555
DAPK1_-_90112796.23-P1P2	1397	2	1588	1869
DAPK1_-_90112825.23-P1P2	771	6186	3426	2379
DAPK1_-_90112867.23-P1P2	4741	6729	4176	2
DAPK2_+_64338238.23-P1P2	1342	2	1346	1912
DAPK2_+_64338395.23-P1P2	2849	2727	1273	2
DAPK2_-_64338287.23-P1P2	5020	4	1919	2117
DAPK2_-_64338497.23-P1P2	3039	3488	2203	2
DAPK2_-_64338687.23-P1P2	2056	3	1233	2129
DAPK3_+_3970693.23-P1P2	1164	1	919	0
DAPK3_+_3971008.23-P1P2	2	2	884	23
DAPK3_+_3971028.23-P1P2	1216	2176	847	6258
DAPK3_-_3971041.23-P1P2	0	0	2060	1
DAPK3_-_3971045.23-P1P2	1	1	2395	1291
DAPP1_+_100738030.23-P1P2	4	2	851	2082
DAPP1_+_100738052.23-P1P2	783	4	1558	1657
DAPP1_-_100737993.23-P1P2	962	5	955	2782
DAPP1_-_100738017.23-P1P2	1637	1	870	0
DAPP1_-_100738024.23-P1P2	16	12168	1613	7
DARS2_+_173793647.23-P1P2	0	1	296	0
DARS2_+_173793665.23-P1P2	0	0	258	0
DARS2_+_173793774.23-P1P2	1697	0	161	0
DARS2_-_173793815.23-P1P2	1	0	563	0
DARS2_-_173793832.23-P1P2	1	2	466	797
DARS_+_136743129.23-P1P2	1458	1	1452	1
DARS_-_136743091.23-P1P2	3970	2	2622	0
DARS_-_136743104.23-P1P2	0	0	0	0
DARS_-_136743145.23-P1P2	2974	9645	862	3
DARS_-_136743164.23-P1P2	0	0	122	0
DBF4_+_87505817.23-P1P2	3783	1	2058	1
DBF4_+_87505826.23-P1P2	671	0	426	0
DBF4_+_87506208.23-P1P2	804	0	1672	2
DBF4_+_87506231.23-P1P2	0	1	762	2
DBF4_-_87505724.23-P1P2	7	2	994	3727
DBH_+_136501496.23-P1P2	1245	0	1262	1
DBH_+_136501500.23-P1P2	992	6674	1818	4985
DBH_+_136501863.23-P1P2	0	2	487	964
DBH_+_136501907.23-P1P2	1484	2	129	1847
DBH_-_136501544.23-P1P2	2921	1	1289	3
DBI_+_120124588.23-P1	1587	1	334	0
DBI_+_120124600.23-P1	1133	2278	997	5927
DBI_-_120124984.23-P1	0	0	414	0
DBI_-_120124997.23-P1	3072	2999	2267	1408
DBI_-_120125000.23-P1	2615	1	1983	1167
DBI_-_120125823.23-P2	6	6114	1519	3
DBI_-_120125842.23-P2	1586	0	2088	2893
DBI_-_120125881.23-P2	3	3034	139	1057
DBI_-_120126220.23-P2	2	4659	1148	0
DBI_-_120126235.23-P2	986	0	344	255
DCD_-_55041665.23-P1P2	1	2	607	1897
DCD_-_55041682.23-P1P2	1164	0	1883	2
DCD_-_55041698.23-P1P2	1	2	551	1903
DCD_-_55041900.23-P1P2	2380	4	465	1255
DCD_-_55042144.23-P1P2	0	0	128	0
DCK_+_71859153.23-P1P2	1715	2	1191	0
DCK_+_71859234.23-P1P2	0	1	480	1
DCK_+_71859804.23-P1P2	1690	2	1905	5366
DCK_-_71859323.23-P1P2	5987	3	2393	5443
DCK_-_71859688.23-P1P2	2326	1667	2553	3
DCLK1_+_36705061.23-ENST00000255448.4	3	4580	1087	3
DCLK1_+_36705267.23-ENST00000255448.4	2	0	1644	0
DCLK1_+_36705270.23-ENST00000255448.4	3441	4	2005	0
DCLK1_+_36705492.23-ENST00000255448.4	618	2	361	0
DCLK1_-_36705511.23-ENST00000255448.4	0	0	742	1
DCLK2_+_151000068.23-P1P2	62	4	1935	5853
DCLK2_-_150999587.23-P1P2	3043	0	2170	3156
DCLK2_-_150999592.23-P1P2	7	1	1012	2564
DCLK2_-_150999622.23-P1P2	978	1962	2003	3
DCLK2_-_150999968.23-P1P2	1529	2	608	1
DCLK3_+_36781225.23-P1P2	2819	0	424	1681
DCLK3_-_36781235.23-P1P2	5362	2	867	2037
DCLK3_-_36781240.23-P1P2	1	1	1439	931
DCLK3_-_36781293.23-P1P2	4	0	813	0
DCLK3_-_36781316.23-P1P2	1260	0	894	1
DCPS_-_126173845.23-P1P2	3	3734	182	0
DCPS_-_126173865.23-P1P2	0	0	613	0
DCPS_-_126174007.23-P1P2	0	0	159	0
DCPS_-_126174029.23-P1P2	4	1	1028	1506
DCPS_-_126174186.23-P1P2	1	1	1	972
DCTD_+_183838462.23-P1P2	420	0	1746	1386
DCTD_+_183838478.23-P1P2	2	1623	1451	3513
DCTD_+_183838508.23-P1P2	2691	0	592	0
DCTD_-_183838133.23-P1P2	490	3	1433	1801
DCTD_-_183838536.23-P1P2	2517	1	668	2
DCXR_+_79995174.23-P1P2	1322	5995	1766	2
DCXR_+_79995501.23-P1P2	1458	1	2315	4
DCXR_+_79995505.23-P1P2	0	0	701	0
DCXR_-_79995537.23-P1P2	2	3	701	1806
DCXR_-_79995562.23-P1P2	3	2	2079	1
DDAH1_+_85930405.23-P1P2	2817	1	856	0
DDAH1_+_85930831.23-P1P2	4	4213	1632	4
DDAH1_-_85930365.23-P1P2	4880	2894	1699	4
DDAH1_-_85930417.23-P1P2	1571	4051	1833	0
DDAH1_-_85930827.23-P1P2	2965	275	1351	1388
DDAH2_+_31697839.23-P1P2	5693	5004	2808	5224
DDAH2_-_31696730.23-P1P2	1529	3609	2434	7183
DDAH2_-_31697596.23-P1P2	4626	1	112	2
DDAH2_-_31697971.23-P1P2	0	0	898	0
DDAH2_-_31697994.23-P1P2	0	0	730	0
DDC_+_50632705.23-P1P2	873	5	945	3139
DDC_+_50633113.23-P1P2	815	1	809	2
DDC_+_50633123.23-P1P2	2692	3	1007	1601
DDC_-_50632675.23-P1P2	1176	4480	1141	1122
DDC_-_50633079.23-P1P2	3	4	1462	1680
DDR1_+_30850728.23-P2	854	6	380	2069
DDR1_+_30850899.23-P2	1628	4	1207	3747
DDR1_+_30851171.23-P2	5049	3	542	3
DDR1_+_30852305.23-P1	3926	3	935	1443
DDR1_+_30852315.23-P1	4317	1	1015	6
DDR1_+_30852745.23-P1	6129	6	1895	4
DDR1_-_30850727.23-P2	994	2489	2278	3609
DDR1_-_30850759.23-P2	0	0	402	0
DDR1_-_30852454.23-P1	4	2766	1657	937
DDR1_-_30852492.23-P1	1879	0	528	3
DDR2_+_162602272.23-P1P2	721	0	705	0
DDR2_+_162602286.23-P1P2	11	9416	1255	3376
DDR2_+_162602290.23-P1P2	2409	4408	1869	6
DDR2_+_162602592.23-P1P2	1	0	433	0
DDR2_-_162602245.23-P1P2	0	0	0	0
DDX39B_-_31509349.23-P1P2	0	0	149	0
DDX39B_-_31509735.23-P1P2	0	0	0	0
DDX39B_-_31509748.23-P1P2	0	0	0	0
DDX39B_-_31509751.23-P1P2	0	0	0	0
DDX39B_-_31509769.23-P1P2	0	0	0	0
DECR1_+_91013765.23-P1P2	4	5437	1198	1086
DECR1_-_91014077.23-P1P2	4613	6143	1711	2638
DECR1_-_91014106.23-P1P2	2800	2	1000	1
DECR1_-_91014120.23-P1P2	0	0	682	0
DECR1_-_91014135.23-P1P2	3	0	1114	1942
DGKA_+_56324982.23-P1P2	7	2	1388	3800
DGKA_+_56325081.23-P1P2	0	0	0	0
DGKA_+_56325365.23-P1P2	1543	0	2168	4
DGKA_-_56325140.23-P1P2	1429	5	1096	3250
DGKA_-_56326234.23-P1P2	3	2209	2264	0
DGKB_+_14942616.23-P1P2	499	2	884	2192
DGKB_+_14942911.23-P1P2	1481	2777	1564	1
DGKB_+_14942915.23-P1P2	2062	5402	1400	2
DGKB_-_14942495.23-P1P2	503	3	1196	2495
DGKB_-_14942561.23-P1P2	2834	1	1101	3
DGKD_+_234263221.23-P1P2	1703	2302	1054	2873
DGKD_+_234263224.23-P1P2	5808	5	2306	3426
DGKD_-_234263173.23-P1P2	983	5	846	1552
DGKD_-_234263257.23-P1P2	1663	5031	1502	1
DGKD_-_234263522.23-P1P2	1021	7876	1854	2931
DGKE_+_54911526.23-P1P2	1176	1	1401	1
DGKE_+_54911823.23-P1P2	2412	1	1216	2697
DGKE_+_54911838.23-P1P2	144	3101	631	0
DGKE_+_54911843.23-P1P2	3439	12095	1865	1193
DGKE_-_54911871.23-P1P2	4	2	1917	3026
DGKG_+_186079543.23-P1P2	2008	3	1160	1829
DGKG_+_186079624.23-P1P2	3011	1669	2294	7
DGKG_+_186079946.23-P1P2	1588	3	758	1531
DGKG_+_186079982.23-P1P2	3	1	515	2418
DGKG_-_186080016.23-P1P2	4	1	1171	3774
DGKH_+_42614250.23-P2	1064	5994	1366	5936
DGKH_+_42614259.23-P2	4	5305	355	1
DGKH_+_42614467.23-P2	3	2369	895	1
DGKH_+_42622843.23-P1	1222	1	1616	1909
DGKH_+_42622867.23-P1	6306	6	2813	1574
DGKH_-_42614236.23-P2	1458	2	1643	1017
DGKH_-_42614276.23-P2	3	2	695	1726
DGKH_-_42622785.23-P1	1046	1	2114	0
DGKH_-_42622801.23-P1	0	0	378	0
DGKH_-_42623106.23-P1	2837	2666	1227	3
DGKI_+_137531202.23-P1P2	1467	1	125	0
DGKI_+_137531206.23-P1P2	1290	1953	691	3533
DGKI_+_137531588.23-P1P2	5	0	657	3848
DGKI_-_137531157.23-P1P2	1356	2	685	1535
DGKI_-_137531574.23-P1P2	6403	1740	1892	5
DGKK_+_50213751.23-P1P2	11	4360	842	4292
DGKK_-_50213637.23-P1P2	4175	3	1274	3249
DGKK_-_50213743.23-P1P2	1171	1	1044	1
DGKK_-_50213780.23-P1P2	3023	4	2583	1472
DGKK_-_50213840.23-P1P2	0	0	265	2
DGKQ_+_966926.23-P1	2	0	736	0
DGKQ_+_967291.23-P1	2282	3	2083	3133
DGKQ_+_967322.23-P1	3477	4	1028	4
DGKQ_+_967337.23-P1	4858	2	686	4
DGKQ_+_980664.23-P2	1351	0	1049	1451
DGKQ_+_980716.23-P2	855	5429	2242	2455
DGKQ_-_967335.23-P1	5004	3	2431	1245
DGKQ_-_980377.23-P2	0	0	155	0
DGKQ_-_980401.23-P2	1455	1578	280	5370
DGKQ_-_980679.23-P2	1576	1	1610	3
DGKZ_+_46369421.23-P1P2	0	0	0	0
DGKZ_+_46369445.23-P1P2	4462	3	1107	1744
DGKZ_-_46369028.23-P1P2	5	4	2403	4656
DGKZ_-_46369057.23-P1P2	2092	4558	1911	1952
DGKZ_-_46369488.23-P1P2	5	2	3119	1884
DGUOK_+_74154041.23-P1P2	3167	4	1386	1863
DGUOK_+_74154076.23-P1P2	0	0	359	0
DGUOK_+_74154214.23-P1P2	4	8	2587	1251
DGUOK_-_74153989.23-P1P2	0	1	197	0
DGUOK_-_74154035.23-P1P2	1581	2	2466	0
DHCR7_+_71159363.23-P1P2	2	2328	841	0
DHCR7_+_71159403.23-P1P2	1438	2	531	1
DHCR7_+_71159406.23-P1P2	2341	1	1141	1747
DHCR7_-_71158984.23-P1P2	0	0	152	0
DHCR7_-_71159000.23-P1P2	3	1	1247	0
DHFRL1_+_93781704.23-P1P2	1	2	2169	2
DHFRL1_+_93781711.23-P1P2	1292	1824	1079	2481
DHFRL1_+_93781714.23-P1P2	1639	1	750	3
DHFRL1_+_93781735.23-P1P2	3216	2	381	0
DHFRL1_-_93781340.23-P1P2	1551	5	1117	2560
DHODH_+_72049721.23-P2	6979	1020	2120	3332
DHODH_+_72050082.23-P2	0	0	437	0
DHODH_-_72042655.23-P1	1	0	898	1
DHODH_-_72042659.23-P1	2763	4085	894	1752
DHODH_-_72042709.23-P1	7485	8	1426	2548
DHODH_-_72042714.23-P1	2	1	927	0
DHODH_-_72042728.23-P1	1	4186	581	0
DHODH_-_72049691.23-P2	8	9280	924	6
DHODH_-_72050053.23-P2	6	0	2859	464
DHODH_-_72050090.23-P2	1211	2164	1872	2002
DHPS_+_12792224.23-P1P2	6	2412	740	1995
DHPS_+_12792300.23-P1P2	2245	3	1515	2672
DHPS_+_12792543.23-P1P2	0	0	86	0
DHPS_+_12792611.23-P1P2	2981	7789	1661	1113
DHPS_-_12792690.23-P1P2	1646	4	565	3347
DHRS11_+_34948687.23-P1P2	0	0	0	0
DHRS11_+_34948809.23-P1P2	1263	1	382	0
DHRS11_-_34948321.23-P1P2	0	0	1830	0
DHRS11_-_34948355.23-P1P2	2	1	478	1773
DHRS11_-_34948705.23-P1P2	3728	3	1143	5
DHRS4L1_+_24506017.23-P1P2	746	3494	2218	5
DHRS4L1_+_24506061.23-P1P2	1511	2241	942	3
DHRS4L1_+_24506064.23-P1P2	2	0	1271	2011
DHRS4L1_+_24506110.23-P1P2	1454	4094	1561	5
DHRS4L1_-_24505684.23-P1P2	4	1	2197	1427
DHRS4L2_+_24458116.23-ENST00000382755.4	3	1	718	1308
DHRS4L2_+_24458437.23-ENST00000382755.4	1226	0	746	1593
DHRS4L2_+_24458467.23-ENST00000382755.4	787	1	1413	1704
DHRS4L2_-_24458057.23-ENST00000382755.4	1204	4979	1730	1817
DHRS4L2_-_24458131.23-ENST00000382755.4	1	4	707	0
DHRS4_+_24422957.23-P1P2	0	0	275	0
DHRS4_+_24423319.23-P1P2	2	0	1035	1
DHRS4_+_24423363.23-P1P2	1	0	483	782
DHRS4_-_24423009.23-P1P2	2	0	870	2
DHRS4_-_24423338.23-P1P2	1785	1	481	1
DLAT_+_111896129.23-P1P2	0	0	0	0
DLAT_+_111896480.23-P1P2	0	0	234	0
DLAT_+_111896544.23-P1P2	1650	1	260	0
DLAT_-_111896155.23-P1P2	0	0	0	0
DLAT_-_111896201.23-P1P2	1	0	468	0
DLD_+_107532066.23-P1P2	0	0	1086	1
DLD_-_107531631.23-P1P2	0	0	193	1
DLD_-_107531642.23-P1P2	0	0	0	0
DLD_-_107531670.23-P1P2	875	1	281	0
DLD_-_107531673.23-P1P2	2	2652	231	1
DLG4_+_7108079.23-P2	652	3989	71	1
DLG4_+_7108461.23-P2	1286	3738	2028	5
DLG4_+_7108469.23-P2	3	2	2350	2966
DLG4_+_7120524.23-P1	1	3	168	2138
DLG4_+_7120527.23-P1	1290	0	126	1
DLG4_-_7108418.23-P2	1300	1	1055	3
DLG4_-_7108426.23-P2	207	3	1035	1864
DLG4_-_7120514.23-P1	0	0	39	0
DLG4_-_7120929.23-P1	1	2920	3389	3
DLG4_-_7120934.23-P1	4358	5	1361	1583
DMPK_+_46285229.23-P1P2	4	2441	1254	0
DMPK_+_46285701.23-P1P2	7099	10	1227	3949
DMPK_-_46285333.23-P1P2	0	0	0	0
DMPK_-_46285540.23-P1P2	6696	5531	2221	6
DMPK_-_46285672.23-P1P2	1433	1	2477	1153
DNASE1_+_3704851.23-P1P2	2593	8491	1745	6
DNASE1_+_3704866.23-P1P2	1556	1	1478	1845
DNASE1_+_3705194.23-P1P2	8	1662	2593	2963
DNASE1_+_3705260.23-P1P2	6	6149	1117	67
DNASE1_-_3704881.23-P1P2	1511	6	1693	2093
DNPEP_+_220252560.23-P1P2	2	0	1257	0
DNPEP_+_220252581.23-P1P2	730	2105	1619	1769
DNPEP_+_220252606.23-P1P2	5	0	1107	1589
DNPEP_-_220252268.23-P1P2	1296	1	611	1868
DNPEP_-_220252618.23-P1P2	1010	3558	608	1680
DNTT_+_98064245.23-P1P2	720	1	499	0
DNTT_+_98064251.23-P1P2	349	1822	875	1
DNTT_+_98064273.23-P1P2	0	1	1234	2
DNTT_-_98064235.23-P1P2	1324	1	225	0
DNTT_-_98064304.23-P1P2	1114	0	334	0
DOK1_+_74781491.23-P1P2	1976	3	1743	1747
DOK1_+_74781500.23-P1P2	1354	4	1426	3953
DOK1_-_74781509.23-P1P2	1	2	699	1898
DOK1_-_74781904.23-P1P2	811	1	2459	1937
DOK1_-_74782111.23-P1P2	2811	6394	1231	3
DOLPP1_+_131843438.23-P1P2	2307	2	1387	1728
DOLPP1_+_131843452.23-P1P2	1399	4	2205	2244
DOLPP1_-_131843423.23-P1P2	2469	2	924	3466
DOLPP1_-_131843451.23-P1P2	2175	0	945	0
DOLPP1_-_131843622.23-P1P2	0	0	652	2
DPEP1_+_89680095.23-P2	2139	1675	3605	559
DPEP1_+_89680572.23-P2	0	0	0	0
DPEP1_+_89696684.23-P1	0	2	1251	0
DPEP1_+_89696690.23-P1	2	1	1386	0
DPEP1_+_89696743.23-P1	7	4351	2140	3
DPEP1_+_89696906.23-P1	535	5993	819	2
DPEP1_-_89680046.23-P2	3472	3577	1277	3259
DPEP1_-_89680073.23-P2	92	1540	2351	1662
DPEP1_-_89680121.23-P2	2	2490	919	3
DPEP1_-_89696965.23-P1	0	1	287	0
DPH5_+_101490943.23-P1P2	3	2	1211	1654
DPH5_+_101491288.23-P1P2	1348	3	1265	1417
DPH5_-_101490901.23-P1P2	1	0	849	0
DPH5_-_101491256.23-P1P2	2	0	968	0
DPH5_-_101491365.23-P1P2	1453	2	3051	2073
DPP4_+_162930180.23-P1P2	0	0	403	1
DPP4_+_162930574.23-P1P2	690	4064	1252	1675
DPP4_-_162930173.23-P1P2	0	0	109	0
DPP4_-_162930550.23-P1P2	1106	0	936	1
DPP4_-_162930554.23-P1P2	4087	3	2311	1671
DPP6_-_153750142.23-ENST00000377770.3	2306	4798	1205	2
DPP6_-_153750145.23-ENST00000377770.3	313	4893	1299	1455
DPP6_-_153750172.23-ENST00000377770.3	5754	3	1651	1544
DPP6_-_153750222.23-ENST00000377770.3	3624	2	2723	4
DPP6_-_153750330.23-ENST00000377770.3	4	0	621	3937
DRD1_+_174870696.23-P1P2	2698	5500	1431	6
DRD1_+_174870700.23-P1P2	0	0	146	0
DRD1_+_174871080.23-P1P2	2411	0	837	2
DRD1_+_174871119.23-P1P2	3143	2286	756	0
DRD1_-_174871153.23-P1P2	3065	5021	1175	3
DRD2_+_113345655.23-P1P2	3930	13536	2458	1373
DRD2_+_113345727.23-P1P2	4	1	933	1946
DRD2_+_113345743.23-P1P2	3	0	1653	1
DRD2_-_113345666.23-P1P2	0	0	240	0
DRD2_-_113345669.23-P1P2	664	2489	1815	2
DRD3_+_113897246.23-P1P2	0	0	0	0
DRD3_+_113897531.23-P1P2	2	0	236	0
DRD3_+_113897698.23-P1P2	0	0	287	0
DRD3_+_113897708.23-P1P2	0	0	211	0
DRD3_-_113897274.23-P1P2	5	0	389	2009
DRD4_+_637505.23-P1P2	2238	2	1277	1872
DRD4_+_637546.23-P1P2	0	0	326	0
DRD4_+_637647.23-P1P2	1141	5447	963	1
DRD4_+_637674.23-P1P2	7	5815	167	1780
DRD4_+_637851.23-P1P2	2933	3	481	2
DRD5_+_9783346.23-P1P2	1447	3	1365	1654
DRD5_+_9783764.23-P1P2	1696	1	1513	2
DRD5_+_9783903.23-P1P2	0	1	380	0
DRD5_-_9783675.23-P1P2	0	1	664	1
DRD5_-_9783776.23-P1P2	1495	0	1118	1
DSTN_+_17550778.23-P1P2	524	1	1013	1786
DSTN_+_17551017.23-P1P2	1065	1	204	1847
DSTN_+_17551106.23-P1P2	645	0	1443	1470
DSTN_+_17551118.23-P1P2	0	0	237	0
DSTN_-_17550792.23-P1P2	3271	4	2221	2816
DSTYK_+_205180408.23-P1P2	2256	8354	4463	1103
DSTYK_+_205180637.23-P1P2	3006	6	2085	4273
DSTYK_+_205180672.23-P1P2	2194	1	1822	1599
DSTYK_-_205180469.23-P1P2	2	0	821	0
DSTYK_-_205180561.23-P1P2	0	0	751	1
DTYMK_+_242626160.23-P1P2	0	0	316	0
DTYMK_+_242626164.23-P1P2	0	1	242	1327
DTYMK_+_242626181.23-P1P2	2178	3746	1227	4
DTYMK_+_242626191.23-P1P2	1482	0	329	0
DTYMK_+_242626194.23-P1P2	647	0	1750	0
DUSP10_+_221914980.23-P1P2	1	1	1567	2
DUSP10_+_221915343.23-P1P2	0	0	125	0
DUSP10_+_221915358.23-P1P2	2	0	342	0
DUSP10_+_221915387.23-P1P2	4	1	1483	1457
DUSP10_-_221915401.23-P1P2	917	0	1188	1
DUSP11_+_74007021.23-P1P2	2528	5	1254	1243
DUSP11_+_74007168.23-P1P2	1	3068	479	1
DUSP11_+_74007204.23-P1P2	2531	1	854	1191
DUSP11_+_74007207.23-P1P2	4547	2	2530	1420
DUSP11_-_74007156.23-P1P2	1195	3905	3461	6
DUSP12_+_161719571.23-P1P2	4	4154	722	745
DUSP12_+_161719608.23-P1P2	1	1	852	2
DUSP12_+_161719994.23-P1P2	959	4	1280	1
DUSP12_-_161719619.23-P1P2	0	0	319	0
DUSP12_-_161719818.23-P1P2	0	0	686	0
DUSP13_+_76868493.23-P1P2	2882	3	547	1
DUSP13_+_76868578.23-P1P2	1741	0	222	837
DUSP13_+_76868587.23-P1P2	760	1	237	0
DUSP13_+_76868592.23-P1P2	6901	4	2829	1972
DUSP13_+_76868735.23-P1P2	9	1	1579	3391
DUSP14_+_35850028.23-P1	2235	5243	2402	4765
DUSP14_+_35850061.23-P1	1170	1	1546	1370
DUSP14_+_35850412.23-P1	1196	1	2531	1647
DUSP14_+_35850421.23-P1	0	0	358	1
DUSP14_+_35851647.23-P2	0	0	455	0
DUSP14_+_35851655.23-P2	4	1	476	1864
DUSP14_+_35852026.23-P2	0	0	0	0
DUSP14_-_35850145.23-P1	1295	4705	1198	2
DUSP14_-_35851878.23-P2	637	5756	1653	1998
DUSP14_-_35852044.23-P2	1	3	1333	1412
DUSP15_-_30457626.23-P1P2	0	1	106	0
DUSP15_-_30457629.23-P1P2	1	0	382	0
DUSP15_-_30457650.23-P1P2	3	3	1854	1861
DUSP15_-_30458018.23-P1P2	5164	2070	1714	2985
DUSP15_-_30458031.23-P1P2	4	0	103	1442
DUSP16_+_12715747.23-P1P2	4814	3	1424	1627
DUSP16_+_12715774.23-P1P2	2	0	773	1
DUSP16_-_12715408.23-P1P2	1196	0	424	3
DUSP16_-_12715572.23-P1P2	785	5531	2000	3390
DUSP16_-_12715800.23-P1P2	2891	0	1746	1
DUSP18_+_31063779.23-P1P2	1	1	986	1
DUSP18_+_31063837.23-P1P2	2112	6582	2650	3
DUSP18_+_31063843.23-P1P2	0	0	1519	0
DUSP18_-_31063389.23-P1P2	3	0	351	1630
DUSP18_-_31063814.23-P1P2	1032	6	2288	2238
DUSP19_+_183943540.23-P1P2	1082	1	1992	768
DUSP19_+_183943556.23-P1P2	8	4877	124	3736
DUSP19_+_183943871.23-P1P2	1253	0	1207	1
DUSP19_-_183943520.23-P1P2	2630	5	127	0
DUSP19_-_183943549.23-P1P2	1326	1	555	1
DUSP21_+_44703280.23-P1P2	4396	3	2439	1719
DUSP21_+_44703285.23-P1P2	2663	3615	871	2437
DUSP21_+_44703718.23-P1P2	2	1	1324	1124
DUSP21_+_44703749.23-P1P2	2401	5	1679	2
DUSP21_-_44703299.23-P1P2	1622	1	1017	1
DUSP22_+_292484.23-P1P2	1716	2047	1846	2
DUSP22_+_292534.23-P1P2	1224	1	589	0
DUSP22_+_292594.23-P1P2	1378	0	933	2
DUSP22_-_292514.23-P1P2	1489	4530	1265	4
DUSP22_-_292543.23-P1P2	1415	6816	1285	1959
DUSP23_-_159750739.23-P1P2	19	17526	1561	1703
DUSP23_-_159750742.23-P1P2	1345	1	412	2
DUSP23_-_159750770.23-P1P2	3726	205	3264	670
DUSP23_-_159750802.23-P1P2	0	0	610	0
DUSP23_-_159751151.23-P1P2	10	5149	2079	4472
DUSP27_+_167063306.23-P1P2	1229	2	49	2068
DUSP27_+_167063446.23-P1P2	0	0	145	0
DUSP27_-_167063313.23-P1P2	3	2784	1073	1842
DUSP27_-_167063514.23-P1P2	0	0	328	0
DUSP27_-_167063674.23-P1P2	2	0	362	0
DUSP2_+_96810812.23-P1P2	0	3130	1373	1554
DUSP2_+_96811110.23-P1P2	4	4161	712	3
DUSP2_+_96811162.23-P1P2	1	0	1673	1
DUSP2_-_96810722.23-P1P2	1	1	824	0
DUSP2_-_96810902.23-P1P2	448	1	2608	1646
DUSP3_-_41855892.23-P1P2	1606	6	1081	5276
DUSP3_-_41855896.23-P1P2	1288	0	1966	1666
DUSP3_-_41856116.23-P1P2	4350	0	2023	439
DUSP3_-_41856293.23-P1P2	4398	6	3663	1365
DUSP3_-_41856343.23-P1P2	1340	1	520	0
DUSP6_+_89745717.23-P1P2	0	1	1347	0
DUSP6_+_89745983.23-P1P2	5706	6847	963	2
DUSP6_+_89746249.23-P1P2	2380	1173	3092	10731
DUSP6_-_89745866.23-P1P2	2272	4	1786	1058
DUSP6_-_89746275.23-P1P2	3	2713	2589	1380
DUSP7_+_52083956.23-P2	3142	0	599	2
DUSP7_+_52084365.23-P2	3	1	958	1909
DUSP7_+_52090327.23-P1	0	0	734	1696
DUSP7_+_52090457.23-P1	3	3920	1588	2
DUSP7_+_52090575.23-P1	1177	0	638	0
DUSP7_-_52083932.23-P2	0	0	0	0
DUSP7_-_52083953.23-P2	5150	3	2058	1475
DUSP7_-_52084341.23-P2	955	2	813	3
DUSP7_-_52090147.23-P1	2	3	1533	4732
DUSP7_-_52090591.23-P1	1394	0	444	2
DUSP8_+_1593122.23-P1P2	1429	7880	3145	1599
DUSP8_+_1593483.23-P1P2	2285	0	1366	1025
DUSP8_+_1593493.23-P1P2	2	1	1816	2719
DUSP8_-_1593052.23-P1P2	8315	615	4923	7823
DUSP8_-_1593467.23-P1P2	1480	1	1474	1
DUT_+_48623815.23-P1P2	401	1	454	2042
DUT_+_48624411.23-P1P2	0	0	0	0
DUT_+_48624414.23-P1P2	0	0	0	0
DUT_-_48624688.23-P1P2	0	0	174	0
DUT_-_48624886.23-P1P2	0	0	407	0
DYRK1A_+_38792983.23-ENST00000398960.2	9	3	388	2074
DYRK1A_-_38792686.23-ENST00000398960.2	3356	1	819	1848
DYRK1A_-_38792743.23-ENST00000398960.2	574	0	481	0
DYRK1A_-_38793061.23-ENST00000398960.2	2963	5613	1445	2206
DYRK1A_-_38793111.23-ENST00000398960.2	0	0	96	0
DYRK1B_+_40324364.23-P1P2	1581	1082	1659	2022
DYRK1B_-_40324738.23-P1P2	1103	3	1063	1222
DYRK1B_-_40324741.23-P1P2	8	1	1978	3482
DYRK1B_-_40324747.23-P1P2	2265	2571	1136	2038
DYRK1B_-_40324757.23-P1P2	1570	4652	2811	6
DYRK2_+_68042594.23-P1P2	0	0	692	0
DYRK2_+_68042950.23-P1P2	1081	4070	2148	6148
DYRK2_+_68043017.23-P1P2	159	0	429	742
DYRK2_-_68042870.23-P1P2	5	1	1152	1754
DYRK2_-_68042967.23-P1P2	6672	2795	3731	1167
DYRK3_+_206808943.23-P1P2	4574	5774	2431	4782
DYRK3_+_206808960.23-P1P2	931	2168	1532	3524
DYRK3_+_206808972.23-P1P2	3488	3	2154	2754
DYRK3_-_206808950.23-P1P2	3444	9656	1051	2034
DYRK3_-_206809170.23-P1P2	2422	0	1119	0
DYRK4_+_4714112.23-P1P2	2	0	1263	1507
DYRK4_+_4714134.23-P1P2	2982	3	1938	1899
DYRK4_+_4714148.23-P1P2	0	0	372	0
DYRK4_-_4714130.23-P1P2	1	0	529	1856
DYRK4_-_4714147.23-P1P2	5461	9600	3438	1988
EARS2_+_23568615.23-P1P2	1	1	951	0
EARS2_+_23568646.23-P1P2	1184	4	1230	2804
EARS2_+_23568657.23-P1P2	0	0	0	0
EARS2_-_23568607.23-P1P2	0	0	348	0
EARS2_-_23568672.23-P1P2	1312	4	1341	3432
ECE1_+_21671513.23-P1P2	1608	6640	1344	8
ECE1_+_21671607.23-P1P2	2	0	1101	2
ECE1_+_21671951.23-P1P2	1583	356	3299	1767
ECE1_+_21671976.23-P1P2	4082	5045	2085	1660
ECE1_-_21671544.23-P1P2	3	3463	761	2
EDA_+_68836005.23-P1P2	0	0	0	0
EDA_+_68836018.23-P1P2	2	0	983	0
EDA_+_68836408.23-P1P2	2945	10906	2053	4
EDA_-_68835992.23-P1P2	1	0	572	834
EDA_-_68836167.23-P1P2	1443	3	327	2053
EEA1_+_93322865.23-P1P2	7	2073	1767	1922
EEA1_+_93322992.23-P1P2	1333	0	1541	1
EEA1_-_93323009.23-P1P2	3685	1826	2076	1327
EEA1_-_93323020.23-P1P2	3361	1	886	2
EEA1_-_93323052.23-P1P2	0	0	1040	0
EEF2K_+_22217635.23-P1P2	0	0	801	0
EEF2K_+_22217639.23-P1P2	4741	2	776	1969
EEF2K_+_22217643.23-P1P2	1794	4446	1192	1728
EEF2K_+_22217677.23-P1P2	794	2212	2561	1627
EEF2K_+_22217680.23-P1P2	3	2976	328	1786
EEF2_+_3983722.23-P2	3231	3	879	1935
EEF2_+_3983737.23-P2	1610	0	230	1290
EEF2_+_3984158.23-P2	1623	4	699	2125
EEF2_+_3984167.23-P2	0	0	108	0
EEF2_+_3984171.23-P2	5	0	1530	1758
EEF2_+_3985054.23-P1	0	0	113	0
EEF2_+_3985431.23-P1	1	1	518	1
EEF2_-_3985048.23-P1	671	1	1314	0
EEF2_-_3985225.23-P1	1015	4118	538	1
EEF2_-_3985443.23-P1	0	0	268	0
EFNB2_+_107186987.23-P1P2	1314	2	1429	701
EFNB2_-_107187051.23-P1P2	2609	0	285	0
EFNB2_-_107187354.23-P1P2	4	13008	1283	4
EFNB2_-_107187363.23-P1P2	46	0	847	0
EFNB2_-_107187393.23-P1P2	3755	1	469	2
EFTUD1_+_82554613.23-P1P2	1729	0	374	0
EFTUD1_+_82554982.23-P1P2	2	6	1036	1
EFTUD1_+_82555000.23-P1P2	0	0	804	0
EFTUD1_+_82555084.23-P1P2	1	3916	688	5
EFTUD1_-_82554823.23-P1P2	5	5373	1087	2003
EGFR_+_55087181.23-P1P2	1540	5652	2532	5369
EGFR_-_55086719.23-P1P2	2	1	2295	1576
EGFR_-_55086784.23-P1P2	2639	4422	1945	4526
EGFR_-_55086816.23-P1P2	10514	7912	2618	4
EGFR_-_55087258.23-P1P2	0	0	0	0
EGLN1_+_231557802.23-P1P2	614	5541	1572	3413
EGLN1_-_231557638.23-P1P2	3965	4	2478	3532
EGLN1_-_231557682.23-P1P2	59	6533	1249	1516
EGLN1_-_231557776.23-P1P2	4	5691	806	1579
EGLN1_-_231558017.23-P1P2	1	0	994	2
EGLN2_+_41284591.23-P2	74	0	845	906
EGLN2_+_41305438.23-P1	1705	7526	562	1645
EGLN2_+_41305518.23-P1	1	0	1442	1
EGLN2_-_41284185.23-P2	544	0	343	1
EGLN2_-_41284213.23-P2	0	1	745	0
EGLN2_-_41284588.23-P2	1096	0	246	1
EGLN2_-_41284625.23-P2	1	0	497	0
EGLN2_-_41305138.23-P1	975	8486	1648	1970
EGLN2_-_41305141.23-P1	1	1	422	0
EGLN2_-_41305172.23-P1	1	3148	140	0
EGLN3_+_34420264.23-P1P2	3230	2	1606	1184
EGLN3_-_34419914.23-P1P2	2343	2	1257	2019
EGLN3_-_34420217.23-P1P2	974	4	2107	0
EGLN3_-_34420230.23-P1P2	1150	4315	2376	3683
EGLN3_-_34420234.23-P1P2	2748	13273	1490	2145
EHHADH_+_184971776.23-P1P2	2047	0	1858	0
EHHADH_+_184971792.23-P1P2	1964	0	1569	0
EHHADH_+_184971806.23-P1P2	1	1	250	0
EHHADH_+_184971814.23-P1P2	1465	1	1240	0
EHHADH_-_184971438.23-P1P2	5045	3	2296	2
EIF2AK1_+_6098590.23-P1P2	1576	1	990	0
EIF2AK1_+_6098754.23-P1P2	1347	0	1113	2657
EIF2AK1_+_6098764.23-P1P2	1386	2	1533	1528
EIF2AK1_+_6098771.23-P1P2	1375	1	1760	0
EIF2AK1_+_6098815.23-P1P2	1672	2	2499	0
EIF2AK2_+_37383698.23-P1P2	1	0	823	0
EIF2AK2_+_37383706.23-P1P2	3	4107	485	1
EIF2AK2_+_37384040.23-P1P2	8	6740	2061	2355
EIF2AK2_+_37384079.23-P1P2	4001	3	1337	1847
EIF2AK2_-_37384096.23-P1P2	1848	2842	1924	953
EIF2AK3_+_88926608.23-P1P2	3731	5746	1756	1896
EIF2AK3_+_88926929.23-P1P2	7819	6	2072	3309
EIF2AK3_+_88926936.23-P1P2	3	3	3083	1939
EIF2AK3_-_88926550.23-P1P2	4790	4705	3365	1177
EIF2AK3_-_88926935.23-P1P2	1628	4274	1693	7150
EIF2AK4_+_40226372.23-P1P2	2808	7166	2049	1598
EIF2AK4_+_40226377.23-P1P2	2326	5529	4407	4713
EIF2AK4_+_40226467.23-P1P2	10	8728	1464	803
EIF2AK4_+_40226656.23-P1P2	1435	2	1365	1
EIF2AK4_-_40226368.23-P1P2	1010	2350	1913	3
ELANE_+_852322.23-P1P2	1172	2	1466	0
ELANE_+_852326.23-P1P2	0	2059	427	784
ELANE_+_852365.23-P1P2	1471	2520	1361	1
ELANE_+_852646.23-P1P2	5348	1669	2104	2580
ELANE_-_853519.23-P1P2	2293	6	2500	3721
ELOVL4_-_80656842.23-P1P2	2789	2328	614	2
ELOVL4_-_80656918.23-P1P2	1	1435	1054	1551
ELOVL4_-_80657202.23-P1P2	1288	2	1157	1074
ELOVL4_-_80657222.23-P1P2	2	1	838	1455
ELOVL4_-_80657225.23-P1P2	150	0	1837	0
ELSPBP1_+_48497906.23-P1P2	1094	6276	1318	1363
ELSPBP1_+_48497986.23-P1P2	0	0	379	1
ELSPBP1_+_48497995.23-P1P2	1193	0	336	1
ELSPBP1_+_48498343.23-P1P2	4933	1	1169	5
ELSPBP1_-_48498155.23-P1P2	1326	4	738	3942
EN2_+_155251036.23-P1P2	3	3217	388	0
EN2_+_155251468.23-P1P2	6541	4442	1436	1361
EN2_-_155251027.23-P1P2	1388	2	1232	379
EN2_-_155251032.23-P1P2	859	0	485	0
EN2_-_155251054.23-P1P2	1179	1	1807	1447
ENO3_+_4851652.23-P2	4163	3	1501	1540
ENO3_+_4851729.23-P2	7	1	3426	5665
ENO3_+_4854429.23-P1	1610	1	262	0
ENO3_+_4854432.23-P1	2	0	886	1117
ENO3_-_4851690.23-P2	1571	8402	2085	4
ENO3_-_4851904.23-P2	1078	6324	1160	2746
ENO3_-_4852067.23-P2	2795	2	1191	1710
ENO3_-_4854442.23-P1	2112	2525	1170	1868
ENO3_-_4854477.23-P1	3139	2599	1857	4
ENO3_-_4854481.23-P1	3014	0	2418	870
ENOPH1_+_83351734.23-P1P2	3781	1494	1630	1968
ENOPH1_+_83351756.23-P1P2	5	5790	1532	1925
ENOPH1_-_83351791.23-P1P2	2801	1	896	0
ENOPH1_-_83352157.23-P1P2	453	1	147	3131
ENOPH1_-_83352167.23-P1P2	0	0	73	0
ENPEP_+_111397349.23-P1P2	0	0	0	0
ENPEP_+_111397849.23-P1P2	1653	0	381	0
ENPEP_-_111397345.23-P1P2	1	0	542	0
ENPEP_-_111397397.23-P1P2	6792	2	1343	1634
ENPEP_-_111397410.23-P1P2	1	1	2106	0
ENPP1_+_132129566.23-P1P2	1292	3	1799	3942
ENPP1_+_132129578.23-P1P2	2	0	206	977
ENPP1_-_132129188.23-P1P2	0	1	673	0
ENPP1_-_132129531.23-P1P2	237	4	556	6848
ENPP1_-_132129718.23-P1P2	13	12790	1024	1720
ENPP2_+_120650962.23-P1P2	2903	1	1356	2
ENPP2_+_120651008.23-P1P2	3	0	656	1640
ENPP2_+_120651062.23-P1P2	3637	2414	1576	2160
ENPP2_-_120651026.23-P1P2	3259	1	1842	1172
ENPP2_-_120651034.23-P1P2	1366	0	546	0
ENPP3_+_131949659.23-P2	0	0	0	0
ENPP3_+_131949691.23-P2	1097	1	551	3254
ENPP3_+_131949800.23-P2	0	0	261	0
ENPP3_+_131958457.23-P1	628	0	405	0
ENPP3_+_131958835.23-P1	690	5394	2332	2160
ENPP3_-_131949650.23-P2	4291	4	2127	3592
ENPP3_-_131950023.23-P2	1	1	389	0
ENPP3_-_131958476.23-P1	1042	0	829	2030
ENPP3_-_131958520.23-P1	875	2421	1615	2378
ENPP3_-_131958855.23-P1	5	2	777	2944
EPHA10_+_38230362.23-P2	1609	5436	1693	1577
EPHA10_+_38230376.23-P2	1157	8758	2724	1254
EPHA10_-_38218479.23-P1	11	971	1473	4326
EPHA10_-_38218850.23-P1	3819	7470	3985	5490
EPHA10_-_38218863.23-P1	5	2571	2132	3069
EPHA10_-_38218883.23-P1	1215	1	532	1
EPHA10_-_38218906.23-P1	2037	0	855	0
EPHA10_-_38230764.23-P2	6	5594	1481	4
EPHA10_-_38230767.23-P2	3157	6	1808	4115
EPHA10_-_38230770.23-P2	2714	7035	1869	1626
EPHA1_+_143105889.23-P1P2	2555	2665	1859	1140
EPHA1_-_143105477.23-P1P2	0	0	79	0
EPHA1_-_143105481.23-P1P2	0	0	502	0
EPHA1_-_143105513.23-P1P2	1002	6233	1297	4
EPHA1_-_143105934.23-P1P2	2617	5699	2736	2
EPHA2_+_16482099.23-P1P2	677	0	710	0
EPHA2_+_16482142.23-P1P2	1566	0	632	0
EPHA2_+_16482159.23-P1P2	3244	7	2999	3084
EPHA2_+_16482540.23-P1P2	0	0	0	0
EPHA2_-_16482174.23-P1P2	7766	3	2814	784
EPHA3_+_89156833.23-P1P2	5593	1	1120	2
EPHA3_+_89156967.23-P1P2	0	0	337	432
EPHA3_+_89157018.23-P1P2	1460	3	1072	1854
EPHA3_+_89157080.23-P1P2	6	4172	622	1495
EPHA3_-_89156849.23-P1P2	1051	1948	674	1108
EPHA4_+_222436584.23-P1P2	2745	4	927	3521
EPHA4_+_222436959.23-P1P2	3457	2	3851	186
EPHA4_+_222436964.23-P1P2	2576	7793	1909	1779
EPHA4_+_222436980.23-P1P2	759	0	2848	2
EPHA4_+_222436995.23-P1P2	1591	0	956	1
EPHA5_+_66536184.23-P1P2	1060	1	1378	2
EPHA5_-_66535727.23-P1P2	2264	1	884	1369
EPHA5_-_66535737.23-P1P2	1513	2377	926	519
EPHA5_-_66535745.23-P1P2	932	3	567	4717
EPHA5_-_66536089.23-P1P2	2	1	580	1636
EPHA6_+_96533426.23-P1P2	2470	1	134	1
EPHA6_+_96533476.23-P1P2	3	2	898	1143
EPHA6_-_96533463.23-P1P2	2648	1	916	0
EPHA6_-_96533466.23-P1P2	8012	5566	1146	6666
EPHA6_-_96533913.23-P1P2	0	1097	538	1
EPHA7_+_94128782.23-P1P2	2206	4	1918	2
EPHA7_+_94128885.23-P1P2	1581	1	1840	1
EPHA7_+_94128956.23-P1P2	0	0	641	1
EPHA7_+_94129220.23-P1P2	1130	2	1839	1
EPHA7_-_94128832.23-P1P2	2591	3	1707	3848
EPHA8_+_22889976.23-P1P2	1966	4	1869	3780
EPHA8_+_22889995.23-P1P2	1572	0	1540	0
EPHA8_+_22890006.23-P1P2	1260	251	1343	1308
EPHA8_-_22890011.23-P1P2	1314	8156	3532	6800
EPHA8_-_22890387.23-P1P2	2326	3	810	2
EPHB1_+_134514118.23-P1P2	5	5569	1238	1909
EPHB1_+_134514121.23-P1P2	549	2494	2785	5
EPHB1_-_134514128.23-P1P2	2361	5213	1588	3307
EPHB1_-_134514518.23-P1P2	2423	2	1990	5060
EPHB1_-_134514558.23-P1P2	3062	2	1413	2686
EPHB2_+_23037514.23-P1P2	4066	2329	2696	1420
EPHB2_+_23037770.23-P1P2	5	8221	955	4
EPHB2_-_23037351.23-P1P2	2698	0	1793	1
EPHB2_-_23037753.23-P1P2	3056	5445	1522	1
EPHB2_-_23037808.23-P1P2	1321	4040	1206	6
EPHB3_+_184279633.23-P1P2	0	0	0	0
EPHB3_+_184279650.23-P1P2	3	0	940	1632
EPHB3_+_184280015.23-P1P2	4205	3387	1825	4
EPHB3_-_184279594.23-P1P2	2	0	845	0
EPHB3_-_184279954.23-P1P2	6990	4624	3313	1824
EPHB4_+_100424702.23-P1P2	2	0	585	1
EPHB4_+_100424757.23-P1P2	3077	6697	3258	3367
EPHB4_-_100424673.23-P1P2	2627	0	2535	2
EPHB4_-_100424909.23-P1P2	4150	6	3416	3562
EPHB4_-_100425081.23-P1P2	2	3000	527	2
EPHB6_+_142552855.23-P1P2	5439	4	3294	3340
EPHB6_+_142553246.23-P1P2	1727	0	1004	0
EPHB6_-_142552874.23-P1P2	2482	2969	1351	1824
EPHB6_-_142553113.23-P1P2	2561	1	1202	1980
EPHB6_-_142553312.23-P1P2	2430	1	452	0
EPHX2_+_27348679.23-P1P2	11171	7	1852	1674
EPHX2_+_27348720.23-P1P2	5259	2	1337	1724
EPHX2_+_27348723.23-P1P2	1341	4085	3927	1714
EPHX2_+_27348741.23-P1P2	2	0	1145	1
EPHX2_+_27349105.23-P1P2	697	0	253	1
EPM2A_-_146056117.23-P1P2	3485	2	1490	3
EPM2A_-_146056127.23-P1P2	2898	2	1561	0
EPM2A_-_146056174.23-P1P2	3467	3652	1659	1982
EPM2A_-_146056194.23-P1P2	3445	4843	3156	4118
EPM2A_-_146056625.23-P1P2	0	0	144	0
EPN1_+_56186684.23-P1P2	1199	0	1213	3585
EPN1_+_56186947.23-P1P2	1554	11255	2606	11809
EPN1_+_56187100.23-P1P2	4898	4464	2805	4935
EPN1_-_56186615.23-P1P2	1373	0	1726	0
EPN1_-_56186656.23-P1P2	1513	1	1803	0
EPOR_+_11491430.23-P1	5	2088	279	1
EPOR_+_11491868.23-P1	1901	8602	1906	4
EPOR_+_11491872.23-P1	874	4111	1332	0
EPOR_+_11494535.23-P2	1	1	761	0
EPOR_+_11494968.23-P2	3350	4466	2451	2565
EPOR_+_11494971.23-P2	1299	0	1668	1
EPOR_-_11491517.23-P1	1115	1	671	1735
EPOR_-_11491902.23-P1	1505	1	927	0
EPOR_-_11494957.23-P2	4	1	1166	1831
EPOR_-_11494977.23-P2	415	9930	3165	5071
EPRS_+_220219441.23-P1P2	94	0	211	0
EPRS_+_220219853.23-P1P2	0	0	83	0
EPRS_-_220219785.23-P1P2	0	0	0	0
EPRS_-_220219788.23-P1P2	0	0	0	0
EPRS_-_220219801.23-P1P2	0	0	0	0
EPS8L1_-_55587247.23-P1	2343	0	649	3477
EPS8L1_-_55587259.23-P1	2	0	355	0
EPS8L1_-_55587300.23-P1	1349	1540	1280	3144
EPS8L1_-_55587306.23-P1	5	2211	802	3
EPS8L1_-_55587734.23-P1	7	3	819	1633
EPS8L1_-_55591777.23-P2	0	0	285	1
EPS8L1_-_55591798.23-P2	170	0	295	0
EPS8L1_-_55591802.23-P2	1622	1	881	2
EPS8L1_-_55592168.23-P2	2	1	233	0
EPS8L1_-_55592240.23-P2	1248	2515	495	1
EPX_+_56270148.23-P1P2	2209	2656	2451	1147
EPX_-_56270118.23-P1P2	7	4977	2147	3
EPX_-_56270137.23-P1P2	0	0	445	0
EPX_-_56270492.23-P1P2	0	0	183	0
EPX_-_56270540.23-P1P2	3	3	900	1654
ERBB2_+_37856367.23-P1P2	2504	10874	2281	1180
ERBB2_+_37856373.23-P1P2	3373	5473	3248	1815
ERBB2_-_37856345.23-P1P2	0	0	376	0
ERBB2_-_37856706.23-P1P2	1158	2	712	0
ERBB2_-_37856751.23-P1P2	877	0	881	2803
ERBB3_+_56474016.23-P1P2	1	2	1351	0
ERBB3_+_56474277.23-P1P2	2668	2526	1409	3446
ERBB3_+_56474395.23-P1P2	1	0	572	0
ERBB3_+_56474409.23-P1P2	0	0	884	1
ERBB3_-_56474350.23-P1P2	3814	2	1212	1987
ERBB4_+_213403805.23-P1P2	3971	1	882	1835
ERBB4_+_213403841.23-P1P2	5546	4	2142	2
ERBB4_+_213403862.23-P1P2	1551	1	1560	2
ERBB4_-_213403401.23-P1P2	7	1	1904	3573
ERBB4_-_213403823.23-P1P2	1153	0	290	1542
ERN1_-_62207431.23-P1P2	3531	5137	1148	1461
ERN1_-_62207436.23-P1P2	7	1	853	3005
ERN1_-_62207440.23-P1P2	1764	6	1082	0
ERN1_-_62207482.23-P1P2	1180	3	3002	0
ERN1_-_62207499.23-P1P2	4179	7480	2264	5822
ERN2_+_23724488.23-P1P2	2751	1	2021	1
ERN2_+_23724495.23-P1P2	1	0	1315	889
ERN2_+_23724504.23-P1P2	4	6579	652	2
ERN2_+_23724548.23-P1P2	733	0	550	0
ERN2_-_23724305.23-P1P2	1142	2523	957	1614
ERO1LB_+_236444840.23-P1P2	5	4194	814	1659
ERO1LB_-_236445015.23-P1P2	670	2461	1473	1555
ERO1LB_-_236445193.23-P1P2	2424	1671	1240	1
ERO1LB_-_236445200.23-P1P2	792	3	2026	1467
ERO1LB_-_236445220.23-P1P2	3003	3232	1139	1
ESD_+_47371228.23-P1P2	827	1	366	0
ESD_+_47371238.23-P1P2	3013	1736	2139	1143
ESD_-_47371244.23-P1P2	1679	4	424	1
ESD_-_47371269.23-P1P2	3116	0	1174	1
ESD_-_47371282.23-P1P2	3	0	411	0
ESRRG_+_216978369.23-ENST00000360012.3	1	0	285	1
ESRRG_+_216978651.23-ENST00000360012.3	4	2824	371	2010
ESRRG_+_216978690.23-ENST00000360012.3	0	1	278	0
ESRRG_+_217112607.23-ENST00000361395.2,ENST00000366938.2,ENST00000487276.1	1	1	1505	855
ESRRG_+_217112620.23-ENST00000361395.2,ENST00000366938.2,ENST00000487276.1	820	394	766	2
ESRRG_+_217112922.23-ENST00000361395.2,ENST00000366938.2,ENST00000487276.1	0	0	672	0
ESRRG_+_217250274.23-ENST00000493748.1	1720	0	866	1
ESRRG_+_217262979.23-ENST00000359162.2,ENST00000361525.3	2764	2	669	972
ESRRG_+_217263157.23-ENST00000359162.2,ENST00000361525.3	1388	0	1631	0
ESRRG_+_217263184.23-ENST00000359162.2,ENST00000361525.3	0	0	347	1
ESRRG_+_217310765.23-ENST00000366940.2,ENST00000493603.1	9	10195	1969	1600
ESRRG_+_217310891.23-ENST00000366940.2,ENST00000493603.1	1	4264	443	0
ESRRG_+_217311037.23-ENST00000366940.2,ENST00000493603.1	585	0	1724	1
ESRRG_+_217311105.23-ENST00000366940.2,ENST00000493603.1	611	4837	368	1
ESRRG_-_216978269.23-ENST00000360012.3	1095	6014	479	1
ESRRG_-_216978635.23-ENST00000360012.3	1	1	430	1602
ESRRG_-_217112601.23-ENST00000361395.2,ENST00000366938.2,ENST00000487276.1	0	0	0	0
ESRRG_-_217112951.23-ENST00000361395.2,ENST00000366938.2,ENST00000487276.1	2007	2	369	0
ESRRG_-_217250254.23-ENST00000493748.1	1	0	2626	1590
ESRRG_-_217250304.23-ENST00000493748.1	0	0	132	0
ESRRG_-_217250321.23-ENST00000493748.1	1077	1	794	0
ESRRG_-_217250324.23-ENST00000493748.1	676	0	348	0
ESRRG_-_217262665.23-ENST00000359162.2,ENST00000361525.3	0	0	88	0
ESRRG_-_217263115.23-ENST00000359162.2,ENST00000361525.3	1424	4169	2742	2544
ESRRG_-_217311078.23-ENST00000366940.2,ENST00000493603.1	2045	3669	819	2755
ETFDH_+_159593530.23-P1P2	1469	1519	1960	2388
ETFDH_-_159593461.23-P1P2	0	0	895	711
ETFDH_-_159593465.23-P1P2	3200	5	2340	3704
ETFDH_-_159593860.23-P1P2	1523	1	1168	1
ETFDH_-_159593941.23-P1P2	955	2679	683	2196
ETNK1_+_22778206.23-P1P2	1565	32	1710	1
ETNK1_+_22778284.23-P1P2	1404	3598	1992	6699
ETNK1_+_22778498.23-P1P2	0	0	941	2
ETNK1_+_22778526.23-P1P2	5597	5	1479	1
ETNK1_-_22778158.23-P1P2	885	5765	827	3
ETNK2_+_204120715.23-P1P2	1	3	416	1312
ETNK2_+_204121100.23-P1P2	1331	4665	2523	1951
ETNK2_+_204121162.23-P1P2	1	1161	1412	0
ETNK2_+_204121274.23-P1P2	5	1	1121	3521
ETNK2_-_204120701.23-P1P2	3098	3	877	2
EXTL2_+_101360354.23-P1P2	3022	7214	3406	339
EXTL2_+_101360390.23-P1P2	1169	6	1437	3557
EXTL2_+_101360403.23-P1P2	2509	2	1870	0
EXTL2_-_101360345.23-P1P2	0	0	115	0
EXTL2_-_101360384.23-P1P2	5340	1	1668	1
F10_+_113777162.23-P1P2	905	0	302	0
F10_+_113777186.23-P1P2	3	0	1710	1961
F10_-_113777161.23-P1P2	1	0	774	1
F10_-_113777639.23-P1P2	8	2825	1643	1
F10_-_113777653.23-P1P2	799	1	645	0
F11_+_187187404.23-P1P2	0	0	129	0
F11_+_187187431.23-P1P2	4	4	1045	3124
F11_+_187187596.23-P1P2	0	0	0	0
F11_-_187187371.23-P1P2	1	0	263	2
F11_-_187187374.23-P1P2	3381	3396	655	2
F13A1_+_6320844.23-P1P2	1	1	1009	0
F13A1_+_6320869.23-P1P2	2045	2	745	1257
F13A1_-_6320799.23-P1P2	2368	6	741	1783
F13A1_-_6320813.23-P1P2	1215	0	1670	1
F13A1_-_6320855.23-P1P2	5873	2996	2046	6
F2R_+_76011955.23-P1P2	1229	3549	2084	3087
F2R_+_76011973.23-P1P2	1412	3	726	735
F2R_+_76011989.23-P1P2	1772	2	283	1679
F2R_+_76012309.23-P1P2	0	0	522	0
F2R_-_76012007.23-P1P2	0	0	0	0
F2_+_46740834.23-P1P2	1	1	2242	1
F2_+_46741184.23-P1P2	56	5819	378	1306
F2_+_46741237.23-P1P2	1	3097	604	0
F2_+_46741243.23-P1P2	1336	4617	1781	1
F2_-_46740801.23-P1P2	10	5319	2581	4592
F3_+_94997411.23-P2	1540	2	395	0
F3_+_94997899.23-P2	1288	7486	2309	2133
F3_+_94997912.23-P2	0	0	868	0
F3_+_95007061.23-P1	3176	4255	2372	3
F3_+_95007264.23-P1	4148	14809	2077	8
F3_-_94997459.23-P2	2019	5576	1462	2
F3_-_94997916.23-P2	2	0	903	0
F3_-_95006865.23-P1	787	4	1257	3242
F3_-_95007077.23-P1	2263	3	1188	2215
F3_-_95007293.23-P1	1570	2	1370	3618
F5_+_169555628.23-P1P2	2830	9	2403	3594
F5_+_169555656.23-P1P2	81	1422	2061	4276
F5_+_169555679.23-P1P2	1	0	910	992
F5_+_169555691.23-P1P2	2920	3923	2065	4
F5_-_169555669.23-P1P2	2251	0	1714	1
F7_-_113760127.23-P1P2	2307	4510	1134	2249
F7_-_113760133.23-P1P2	5	9098	761	6
F7_-_113760523.23-P1P2	0	0	646	0
F7_-_113760553.23-P1P2	2029	4955	2158	1331
F7_-_113760584.23-P1P2	1295	0	1715	0
F9_+_138612956.23-P1P2	2	3	2196	1
F9_+_138612961.23-P1P2	1987	0	1555	2
F9_+_138612976.23-P1P2	3041	1	1249	2
F9_-_138612947.23-P1P2	0	0	743	0
F9_-_138612960.23-P1P2	3	0	1163	861
FAAH_-_46859998.23-P1P2	1007	3	2795	2
FAAH_-_46860023.23-P1P2	1540	1	1536	1035
FAAH_-_46860266.23-P1P2	2613	2	1511	2
FAAH_-_46860391.23-P1P2	2	4	1407	0
FAAH_-_46860426.23-P1P2	5522	2	718	0
FABP6_+_159640693.23-P1P2	2066	5	1417	1905
FABP6_+_159640780.23-P1P2	2	1	1851	2
FABP6_-_159640788.23-P1P2	4255	7	2549	1995
FABP6_-_159640843.23-P1P2	1297	2608	2074	2181
FABP6_-_159640920.23-P1P2	1	0	1043	0
FADS1_+_61583853.23-P1P2	922	4280	1513	694
FADS1_+_61584128.23-P1P2	0	0	489	0
FADS1_-_61583890.23-P1P2	1478	1	126	0
FADS1_-_61583908.23-P1P2	0	0	0	0
FADS1_-_61584296.23-P1P2	1348	3921	1049	1449
FADS2_+_61583821.23-P2	10	6488	725	3835
FADS2_+_61583853.23-P2	922	4280	1513	694
FADS2_+_61584025.23-P2	2	2	2701	1909
FADS2_+_61584196.23-P2	1206	2669	2807	1729
FADS2_+_61584226.23-P2	3413	5	1308	2970
FADS2_-_61595787.23-P1	1	0	800	0
FADS2_-_61595853.23-P1	2192	2205	1933	3007
FADS2_-_61595969.23-P1	2164	9832	1293	2
FADS2_-_61596156.23-P1	1370	2969	1344	939
FADS2_-_61596187.23-P1	1714	0	172	385
FAH_+_80445358.23-P1P2	1658	2	1255	114
FAH_+_80445380.23-P1P2	1036	11815	2137	1935
FAH_+_80445805.23-P1P2	2337	1139	1517	1062
FAH_-_80445797.23-P1P2	4917	2106	4334	1907
FAH_-_80445858.23-P1P2	2298	3051	1412	1
FARS2_+_5261243.23-P1P2	4582	4579	1269	3
FARS2_+_5261818.23-P1P2	0	0	1396	0
FARS2_-_5261304.23-P1P2	1000	0	713	0
FARS2_-_5261743.23-P1P2	2	2	749	4074
FARS2_-_5261803.23-P1P2	0	0	307	0
FARSA_+_13044144.23-P1P2	1546	3	2141	3025
FARSA_+_13044503.23-P1P2	0	0	127	0
FARSA_+_13044506.23-P1P2	0	0	0	0
FARSA_-_13044104.23-P1P2	6	0	1262	1965
FARSA_-_13044550.23-P1P2	1410	0	497	4
FARSB_+_223520838.23-P1P2	0	0	0	0
FARSB_+_223521061.23-P1P2	0	0	0	0
FARSB_-_223520722.23-P1P2	0	0	0	0
FARSB_-_223520739.23-P1P2	0	0	9	0
FARSB_-_223520751.23-P1P2	0	0	62	0
FASTK_+_150777860.23-P1P2	2	0	1501	827
FASTK_+_150777887.23-P1P2	2	0	1594	0
FASTK_-_150777448.23-P1P2	0	0	393	0
FASTK_-_150777466.23-P1P2	717	2	485	0
FASTK_-_150777855.23-P1P2	3217	11384	2198	9
FBP1_+_97401758.23-P1P2	887	1176	859	1642
FBP1_+_97401761.23-P1P2	2277	1410	1316	3420
FBP1_-_97401323.23-P1P2	661	1	2501	1
FBP1_-_97401397.23-P1P2	1565	1558	847	3704
FBP1_-_97401424.23-P1P2	3383	1615	2483	3579
FBP2_+_97356076.23-P1P2	1028	10678	1968	1968
FBP2_-_97355853.23-P1P2	10	5240	2751	1879
FBP2_-_97356067.23-P1P2	1439	0	131	1800
FBP2_-_97356086.23-P1P2	9	3	2676	5748
FBP2_-_97356130.23-P1P2	0	0	394	0
FCER1A_+_159272164.23-P1P2	872	4528	1085	1660
FCER1A_+_159272174.23-P1P2	1	2995	659	0
FCER1A_+_159272194.23-P1P2	1	1	693	1728
FCER1A_+_159272573.23-P1P2	0	0	92	0
FCER1A_-_159272370.23-P1P2	0	0	0	0
FCER1G_+_161185094.23-P1P2	903	0	1468	1750
FCER1G_+_161185105.23-P1P2	958	4558	644	1
FCER1G_+_161185117.23-P1P2	1054	3	1475	1061
FCER1G_+_161185306.23-P1P2	2407	2	2172	2
FCER1G_-_161185046.23-P1P2	0	0	0	0
FCGR1B_+_120935888.23-P1P2	2237	6023	1102	1
FCGR1B_-_120935520.23-P1P2	1356	0	1040	1824
FCGR1B_-_120935535.23-P1P2	2	596	590	0
FCGR1B_-_120935672.23-P1P2	1692	3	2021	5861
FCGR1B_-_120935736.23-P1P2	0	0	0	0
FCGR3A_+_161519295.23-P1P2	1	3342	1017	1
FCGR3A_+_161519345.23-P1P2	866	6172	1638	7
FCGR3A_+_161519475.23-P1P2	5	2490	813	8871
FCGR3A_-_161519304.23-P1P2	1668	788	646	3
FCGR3A_-_161519350.23-P1P2	3	3	1744	1977
FCGR3B_+_161600520.23-P1P2	1	0	1156	0
FCGR3B_+_161600703.23-P1P2	2	0	526	0
FCGR3B_-_161600528.23-P1P2	1716	2	393	2259
FCGR3B_-_161600662.23-P1P2	1	4777	319	4
FCGR3B_-_161600958.23-P1P2	1152	2	1585	3136
FCRL2_+_157746672.23-P1P2	1487	1	316	2
FCRL2_+_157746696.23-P1P2	5064	8984	1466	1408
FCRL2_+_157746732.23-P1P2	0	0	0	0
FCRL2_+_157746907.23-P1P2	1	5387	1091	4
FCRL2_-_157746496.23-P1P2	3006	1	475	1674
FDX1_+_110300796.23-P1P2	4	2101	1712	2
FDX1_+_110300809.23-P1P2	682	10122	524	476
FDX1_+_110301114.23-P1P2	622	2546	1475	3072
FDX1_-_110300684.23-P1P2	714	2883	2100	1
FDX1_-_110301034.23-P1P2	10	5048	1082	1
FDXR_+_72868669.23-P1P2	1497	0	989	0
FDXR_+_72868706.23-P1P2	3	1	1917	2
FDXR_+_72868908.23-P1P2	0	0	240	0
FDXR_+_72868925.23-P1P2	3101	0	754	1491
FDXR_+_72869065.23-P1P2	6	5	3122	3947
FECH_+_55253730.23-P1P2	0	0	365	0
FECH_+_55253870.23-P1P2	3703	3	2175	1552
FECH_+_55253900.23-P1P2	855	3151	648	1010
FECH_+_55253923.23-P1P2	5	4392	1184	1046
FECH_-_55253880.23-P1P2	0	0	247	0
FER_+_108083965.23-P2	0	0	1034	0
FER_+_108084006.23-P2	3723	2	1376	2225
FER_+_108084027.23-P2	2	2559	1065	3
FER_+_108084110.23-P2	1389	0	3018	0
FER_+_108084710.23-P1	2523	2	2050	4991
FER_+_108084713.23-P1	0	0	1833	0
FER_+_108085135.23-P1	0	0	628	0
FER_-_108083701.23-P2	0	0	997	0
FER_-_108084698.23-P1	1	0	1172	976
FER_-_108085027.23-P1	9	4053	1714	6686
FES_+_91427657.23-P1P2	2248	2985	3527	2668
FES_+_91427765.23-P1P2	2918	6	882	5448
FES_+_91428120.23-P1P2	3691	2889	3003	3222
FES_+_91428156.23-P1P2	1669	0	1670	4
FES_-_91427739.23-P1P2	2660	4	2892	2
FFAR1_+_35842483.23-ENST00000246553.2	2528	2240	1783	1487
FFAR1_+_35842497.23-ENST00000246553.2	2385	2124	2171	3761
FFAR1_+_35842864.23-ENST00000246553.2	1664	7679	880	5
FFAR1_-_35842482.23-ENST00000246553.2	1103	0	2612	1
FFAR1_-_35842493.23-ENST00000246553.2	3	2625	139	1
FGA_+_155511795.23-P1P2	1	0	223	0
FGA_+_155511862.23-P1P2	1821	6135	1125	1929
FGA_+_155511898.23-P1P2	2918	0	908	2
FGA_-_155511476.23-P1P2	0	0	0	0
FGA_-_155511831.23-P1P2	3	3	1312	3052
FGB_+_155484408.23-P1P2	0	0	91	0
FGB_-_155484182.23-P1P2	2393	4	932	1039
FGB_-_155484281.23-P1P2	1512	3444	882	3187
FGB_-_155484284.23-P1P2	1565	0	816	1
FGB_-_155484592.23-P1P2	0	2	335	0
FGF4_+_69589653.23-P1P2	5524	5	1847	2874
FGF4_+_69589698.23-P1P2	5	8095	1133	5
FGF4_+_69589742.23-P1P2	3928	3519	2423	678
FGF4_+_69590093.23-P1P2	1084	2	999	1897
FGF4_+_69590126.23-P1P2	0	0	0	0
FGFR1_+_38325799.23-P1P2	0	1	1318	1
FGFR1_+_38326106.23-P1P2	1525	3684	1992	2418
FGFR1_-_38325683.23-P1P2	3720	1162	2146	3258
FGFR1_-_38325695.23-P1P2	0	0	367	0
FGFR1_-_38326082.23-P1P2	1141	2066	1765	1430
FGFR2_+_123357591.23-P1P2	3139	6997	1318	2324
FGFR2_+_123357876.23-P1P2	1393	5245	947	1020
FGFR2_-_123357455.23-P1P2	2233	7	2577	8460
FGFR2_-_123357673.23-P1P2	933	1	909	0
FGFR2_-_123357892.23-P1P2	3363	1	1670	835
FGFR3_+_1795055.23-P1P2	2921	0	1668	3
FGFR3_+_1795504.23-P1P2	5288	7	1793	1332
FGFR3_+_1795546.23-P1P2	0	0	512	1398
FGFR3_+_1795549.23-P1P2	653	1	1080	1742
FGFR3_-_1795030.23-P1P2	4841	5	2505	2972
FGFR4_+_176513963.23-P1P2	1	5	1851	2395
FGFR4_+_176514298.23-P1P2	2175	7	2986	3317
FGFR4_+_176514335.23-P1P2	1630	1	1210	1187
FGFR4_-_176513946.23-P1P2	4953	4349	3076	1635
FGFR4_-_176514342.23-P1P2	398	3258	504	3
FGGY_+_59762509.23-P1P2	1245	5550	2712	5
FGGY_+_59762591.23-P1P2	2	2451	347	3
FGGY_+_59762742.23-P1P2	1	1	853	0
FGGY_+_59762753.23-P1P2	1124	3242	1125	2
FGGY_+_59762964.23-P1P2	0	2	443	1556
FGG_+_155533495.23-P1P2	1	0	363	0
FGG_+_155533773.23-P1P2	2310	0	966	0
FGG_+_155533787.23-P1P2	10	5930	434	5485
FGG_-_155533743.23-P1P2	0	0	719	0
FGG_-_155533817.23-P1P2	489	0	375	1714
FGR_+_27961158.23-P1P2	2780	0	616	1589
FGR_+_27961203.23-P1P2	1479	0	1673	0
FGR_+_27961218.23-P1P2	1440	3	244	0
FGR_+_27961627.23-P1P2	3381	3067	1650	5131
FGR_-_27961174.23-P1P2	1	1	1071	1005
FLT1_+_29068777.23-P1P2	1531	0	1147	4
FLT1_+_29068815.23-P1P2	5288	8	1542	5
FLT1_+_29068834.23-P1P2	0	0	288	0
FLT1_+_29068870.23-P1P2	2290	6090	1895	320
FLT1_-_29068808.23-P1P2	5310	98	3094	3746
FLT3LG_+_49977519.23-P1P2	1034	14138	1146	4388
FLT3LG_-_49977874.23-P1P2	1723	1592	1715	1460
FLT3LG_-_49977882.23-P1P2	1679	1498	974	2
FLT3LG_-_49977908.23-P1P2	1162	2	2262	1166
FLT3LG_-_49977957.23-P1P2	0	0	0	0
FLT3_+_28674290.23-P1P2	658	2156	1285	1735
FLT3_+_28674687.23-P1P2	4476	2	2650	2267
FLT3_+_28674697.23-P1P2	2030	0	263	0
FLT3_-_28674256.23-P1P2	5454	2501	3220	1789
FLT3_-_28674369.23-P1P2	1189	5	1484	3388
FLT4_-_180076146.23-P1P2	1506	3	593	2826
FLT4_-_180076214.23-P1P2	835	0	1584	1
FLT4_-_180076521.23-P1P2	3	4	2313	3843
FLT4_-_180076531.23-P1P2	5688	2	2470	3273
FLT4_-_180076578.23-P1P2	1	1237	1822	1
FN3KRP_-_80674606.23-P1P2	1365	1	908	3
FN3KRP_-_80674676.23-P1P2	3180	3	2916	1993
FN3KRP_-_80674730.23-P1P2	2	7181	2263	1808
FN3KRP_-_80675002.23-P1P2	382	2050	119	3
FN3KRP_-_80675016.23-P1P2	1562	4	741	2128
FN3K_+_80693768.23-P1P2	1161	4193	970	1835
FN3K_+_80693967.23-P1P2	2	3	1038	1572
FN3K_-_80693475.23-P1P2	4210	4175	3080	3241
FN3K_-_80693883.23-P1P2	837	1	358	0
FN3K_-_80693887.23-P1P2	1017	2627	1210	3470
FNTA_+_42911840.23-P1P2	658	0	0	1
FNTA_+_42911947.23-P1P2	6	3173	439	1755
FNTA_-_42911495.23-P1P2	0	0	0	0
FNTA_-_42911527.23-P1P2	1131	1851	1497	2536
FNTA_-_42911755.23-P1P2	0	0	2	0
FNTB_+_65381194.23-P1P2	6559	11213	3251	1714
FNTB_+_65381421.23-P1P2	2823	3544	871	3189
FNTB_+_65381596.23-P1P2	826	2341	1552	3
FNTB_-_65381231.23-P1P2	7061	6	2513	1
FNTB_-_65381264.23-P1P2	1658	4649	2765	1559
FOLH1_+_49229681.23-P1P2	2	0	785	1977
FOLH1_+_49229684.23-P1P2	3907	3824	573	0
FOLH1_+_49229732.23-P1P2	2	0	1005	1072
FOLH1_+_49230103.23-P1P2	496	1	1786	1930
FOLH1_-_49230113.23-P1P2	0	0	421	1848
FOLR2_+_71927884.23-P1P2	1541	3	151	0
FOLR2_+_71927905.23-P1P2	0	0	63	0
FOLR2_-_71927871.23-P1P2	5	2	926	1683
FOLR2_-_71927878.23-P1P2	4	0	2030	2
FOLR2_-_71927891.23-P1P2	2	0	949	0
FOLR3_+_71826225.23-P1	3	1565	372	0
FOLR3_+_71826241.23-P1	882	5024	203	3
FOLR3_+_71826247.23-P1	4562	4	2138	3867
FOLR3_+_71826251.23-P1	4	4967	81	0
FOLR3_+_71846807.23-P2	1	1	1	1539
FOLR3_-_71825982.23-P1	1202	2	727	2033
FOLR3_-_71846795.23-P2	1503	6	1482	5515
FOLR3_-_71846798.23-P2	3600	6	1169	3217
FOLR3_-_71846801.23-P2	6	3771	1502	3308
FOLR3_-_71846819.23-P2	0	0	0	0
FPGS_+_130565231.23-P1P2	1591	2032	585	1
FPGS_-_130565211.23-P1P2	1	1	1428	1611
FPGS_-_130565579.23-P1P2	1007	6470	1173	2843
FPGS_-_130565615.23-P1P2	1601	1	934	1
FPGS_-_130565661.23-P1P2	2	1	1352	2198
FPR1_-_52255098.23-P1P2	1925	4296	605	3
FPR1_-_52255109.23-P1P2	1	0	420	0
FPR1_-_52255115.23-P1P2	0	1	912	2
FPR1_-_52255125.23-P1P2	3182	1	828	1
FPR1_-_52255138.23-P1P2	1314	0	285	0
FRK_+_116381516.23-P1P2	6383	6	1416	1652
FRK_+_116381900.23-P1P2	894	0	1922	2142
FRK_+_116381959.23-P1P2	2310	6	1572	5343
FRK_+_116381964.23-P1P2	5525	5324	769	2085
FRK_-_116381891.23-P1P2	1634	0	1161	5
FSHR_+_49381159.23-P1P2	961	3081	1046	0
FSHR_-_49381435.23-P1P2	2632	3441	504	3666
FSHR_-_49381544.23-P1P2	8	2952	2000	2003
FSHR_-_49381671.23-P1P2	3	5814	245	1
FSHR_-_49381691.23-P1P2	0	0	206	0
FST_+_52776503.23-P1P2	1301	0	1715	0
FST_+_52776524.23-P1P2	2330	5	1587	5211
FST_+_52776677.23-P1P2	0	0	539	0
FST_-_52776650.23-P1P2	1069	791	868	1
FST_-_52776718.23-P1P2	1626	1	836	1751
FTCD_+_47562172.23-P2	1090	2362	502	2012
FTCD_+_47562228.23-P2	7	3	1194	1921
FTCD_+_47562608.23-P2	2075	2	1704	2366
FTCD_+_47562611.23-P2	2281	3	1923	2
FTCD_+_47575039.23-P1	0	0	548	1
FTCD_+_47575061.23-P1	1	1	731	1964
FTCD_+_47575266.23-P1	0	0	818	0
FTCD_+_47575445.23-P1	63	3068	1054	0
FTCD_+_47575452.23-P1	1447	2	1286	2
FTCD_-_47562204.23-P2	0	0	95	0
FTH1_+_61734611.23-P1P2	7905	2245	2060	5
FTH1_+_61734626.23-P1P2	1103	3	620	0
FTH1_+_61734636.23-P1P2	3787	4	1683	2368
FTH1_-_61734588.23-P1P2	2554	0	269	1
FTH1_-_61734683.23-P1P2	965	0	910	0
FTL_+_49468653.23-P1P2	989	0	309	0
FTL_+_49468852.23-P1P2	767	3062	1161	1582
FTL_+_49469010.23-P1P2	5025	3	1659	1
FTL_+_49469019.23-P1P2	1694	2	539	2521
FTL_-_49468967.23-P1P2	1	0	588	0
FUK_+_70488509.23-P1P2	2165	1	1406	1550
FUK_+_70488543.23-P1P2	720	2	1805	1295
FUK_+_70488701.23-P1P2	4	0	870	1947
FUK_-_70488529.23-P1P2	368	4489	1590	2061
FUK_-_70488551.23-P1P2	0	0	1205	1
FXYD2_+_117695367.23-P1	0	1	253	0
FXYD2_+_117695370.23-P1	5	4896	873	7
FXYD2_+_117698373.23-P2	1218	4336	1034	526
FXYD2_+_117698708.23-P2	0	0	344	0
FXYD2_+_117698783.23-P2	402	4757	1730	3
FXYD2_-_117695004.23-P1	1482	9925	813	3028
FXYD2_-_117695307.23-P1	8	2996	787	1497
FXYD2_-_117695409.23-P1	549	2	805	858
FXYD2_-_117698401.23-P2	1	0	642	0
FXYD2_-_117698753.23-P2	5	0	776	1469
FYN_+_112194476.23-P1P2	1473	4	467	1782
FYN_+_112194573.23-P1P2	0	2	605	1697
FYN_+_112194611.23-P1P2	2	3	1489	2996
FYN_-_112194552.23-P1P2	3889	7491	2904	5286
FYN_-_112194589.23-P1P2	0	0	1322	167
G6PC2_+_169757849.23-P1P2	3338	4962	2446	5541
G6PC2_+_169757897.23-P1P2	2224	2	1	1
G6PC2_-_169757858.23-P1P2	1	2	712	1687
G6PC2_-_169757948.23-P1P2	1233	2553	272	3
G6PC2_-_169758033.23-P1P2	1351	3	1153	529
G6PC3_+_42148275.23-P1P2	0	1	800	1139
G6PC3_+_42148290.23-P1P2	727	2624	1836	1583
G6PC3_+_42148328.23-P1P2	1154	2	1574	3473
G6PC3_+_42148587.23-P1P2	6	11264	747	5
G6PC3_+_42148615.23-P1P2	1	0	869	0
G6PC_+_41053017.23-P1P2	1	0	520	0
G6PC_+_41053224.23-P1P2	1	2	1352	0
G6PC_+_41053248.23-P1P2	1	1	1332	1049
G6PC_-_41052854.23-P1P2	0	0	732	0
G6PC_-_41052899.23-P1P2	1916	1	734	0
GAA_+_78075599.23-P1P2	1512	2439	303	3495
GAA_+_78075602.23-P1P2	4	3546	1230	1980
GAA_+_78075795.23-P1P2	1	0	830	1
GAA_+_78075802.23-P1P2	1635	2	804	1404
GAA_-_78075387.23-P1P2	847	0	1377	1813
GABBR1_+_29595399.23-P1	8	4956	2610	1779
GABBR1_+_29595758.23-P1	5668	6	2784	3
GABBR1_+_29595761.23-P1	3776	5	1039	4517
GABBR1_+_29595764.23-P1	4258	2874	2539	2
GABBR1_+_29600388.23-P2	0	0	144	0
GABBR1_+_29600584.23-P2	2282	3	737	3543
GABBR1_+_29600743.23-P2	0	0	273	1
GABBR1_+_29600967.23-P2	1429	0	125	1
GABBR1_-_29595723.23-P1	0	0	0	0
GABBR1_-_29600936.23-P2	0	0	261	0
GABBR2_+_101470817.23-P1P2	2735	3	4933	4
GABBR2_+_101470820.23-P1P2	1103	3	1659	2210
GABBR2_-_101470734.23-P1P2	3	0	945	2083
GABBR2_-_101470780.23-P1P2	2607	0	1216	3
GABBR2_-_101471174.23-P1P2	3	5958	1651	2122
GABRA1_+_161275363.23-P1P2	1326	8389	810	4
GABRA1_+_161275377.23-P1P2	1287	1	810	0
GABRA1_-_161275214.23-P1P2	1385	2	886	1719
GABRA1_-_161275421.23-P1P2	6	0	1501	1943
GABRA1_-_161275618.23-P1P2	1	0	833	1177
GABRA2_+_46391640.23-P1P2	6	4	814	4299
GABRA2_+_46391927.23-P1P2	1	0	310	1848
GABRA2_-_46391974.23-P1P2	2076	1	1334	1
GABRA2_-_46391977.23-P1P2	0	1	690	0
GABRA2_-_46392008.23-P1P2	1	0	497	0
GABRA3_+_151619477.23-P1P2	2	0	1150	0
GABRA3_+_151619682.23-P1P2	1267	0	340	0
GABRA3_+_151619738.23-P1P2	1865	1	2035	1098
GABRA3_-_151619272.23-P1P2	0	0	0	0
GABRA3_-_151619548.23-P1P2	1541	1	545	0
GABRA4_+_46995154.23-P1P2	2904	4	988	2020
GABRA4_+_46995178.23-P1P2	1776	1	733	1626
GABRA4_-_46995083.23-P1P2	0	0	36	0
GABRA4_-_46995086.23-P1P2	3	8823	815	5
GABRA4_-_46995518.23-P1P2	1022	2	1131	1263
GABRA5_+_27112611.23-P1P2	0	1	569	0
GABRA5_-_27112253.23-P1P2	898	3200	1238	1
GABRA5_-_27112425.23-P1P2	726	2040	2114	886
GABRA5_-_27112595.23-P1P2	0	0	0	0
GABRA5_-_27112641.23-P1P2	0	1	118	0
GABRA6_+_161112696.23-P1P2	0	0	0	0
GABRA6_+_161112773.23-P1P2	1	0	884	0
GABRA6_+_161113094.23-P1P2	0	1	254	0
GABRA6_-_161112962.23-P1P2	1	1	1039	1475
GABRA6_-_161113235.23-P1P2	0	0	496	1
GABRB1_+_47033598.23-P1P2	3188	1	1383	2
GABRB1_+_47033606.23-P1P2	1250	1	348	0
GABRB1_+_47034051.23-P1P2	361	4331	647	0
GABRB1_-_47033589.23-P1P2	2623	4	1108	1247
GABRB1_-_47034022.23-P1P2	9	14522	1086	11
GABRB2_+_160973696.23-P1P2	1145	0	1239	0
GABRB2_-_160973248.23-P1P2	0	1	315	0
GABRB2_-_160973253.23-P1P2	4	1496	405	0
GABRB2_-_160973456.23-P1P2	0	0	817	0
GABRB2_-_160973590.23-P1P2	1559	5	3496	1792
GABRB3_+_27017780.23-P1P2	1138	3225	1373	4
GABRB3_+_27018023.23-P1P2	2887	0	1367	1
GABRB3_+_27018148.23-P1P2	3110	632	1577	2984
GABRB3_+_27018151.23-P1P2	1805	1	2172	4501
GABRB3_+_27018161.23-P1P2	1381	1749	2195	1434
GABRD_+_1950823.23-P1P2	3	1	1133	1837
GABRD_+_1951088.23-P1P2	3	9902	1301	1820
GABRD_+_1951115.23-P1P2	2981	3	1252	1478
GABRD_-_1951194.23-P1P2	2027	8853	2318	3
GABRD_-_1951258.23-P1P2	2581	0	2416	1119
GABRE_+_151142699.23-P1P2	1377	1587	1600	1
GABRE_+_151142720.23-P1P2	153	5	1150	5679
GABRE_-_151142725.23-P1P2	7	1970	2827	1659
GABRE_-_151143078.23-P1P2	2	4608	1559	816
GABRE_-_151143149.23-P1P2	4	2355	1076	1486
GABRG1_+_46125536.23-P1P2	0	0	137	0
GABRG1_+_46125809.23-P1P2	3	2	1112	2041
GABRG1_+_46125869.23-P1P2	1521	0	545	0
GABRG1_-_46126023.23-P1P2	4	1	1194	1947
GABRG1_-_46126061.23-P1P2	4	4280	1444	0
GABRG2_+_161495106.23-P1P2	4	0	350	1910
GABRG2_-_161495256.23-P1P2	0	0	972	1
GABRG2_-_161495269.23-P1P2	1741	1	533	0
GABRG2_-_161495518.23-P1P2	5	2277	1518	1
GABRG2_-_161495543.23-P1P2	3320	1	679	1758
GABRG3_+_27216363.23-P1P2	5398	7	2010	1500
GABRG3_+_27216537.23-P1P2	3874	4	306	1910
GABRG3_+_27216711.23-P1P2	1211	6	2662	1222
GABRG3_-_27216525.23-P1P2	1	0	874	0
GABRG3_-_27216788.23-P1P2	1135	1	685	1964
GABRP_+_170209722.23-P1P2	0	0	0	0
GABRP_+_170210726.23-P1P2	1	0	355	0
GABRP_-_170210741.23-P1P2	1	0	244	0
GABRP_-_170210765.23-P1P2	2178	3	1564	1942
GABRP_-_170210772.23-P1P2	1399	1	807	2
GABRQ_+_151806345.23-P1P2	1084	4	3795	3695
GABRQ_+_151806402.23-P1P2	0	1	241	1458
GABRQ_+_151806567.23-P1P2	1	2	756	1876
GABRQ_+_151806596.23-P1P2	2919	3	1282	3571
GABRQ_+_151806776.23-P1P2	1284	3259	1520	1874
GABRR1_+_89926587.23-P1P2	5	4	935	1684
GABRR1_+_89927012.23-P1P2	1750	0	504	1
GABRR1_+_89927034.23-P1P2	0	0	0	0
GABRR1_-_89926688.23-P1P2	2591	3085	947	5
GABRR1_-_89927043.23-P1P2	1421	0	283	1
GABRR2_+_90024955.23-P1P2	2873	0	142	1
GABRR2_+_90024973.23-P1P2	1220	0	755	1504
GABRR2_-_90024557.23-P1P2	1382	0	1232	980
GABRR2_-_90024949.23-P1P2	3352	3878	2372	934
GABRR2_-_90024984.23-P1P2	1166	6	1592	6026
GABRR3_+_97753732.23-P1P2	2	3140	862	1
GABRR3_+_97754091.23-P1P2	1	0	1284	0
GABRR3_-_97753709.23-P1P2	0	0	256	2
GABRR3_-_97753738.23-P1P2	7	5573	1826	1618
GABRR3_-_97754160.23-P1P2	164	2	200	1849
GAD1_+_171673381.23-P1P2	1950	3290	679	0
GAD1_+_171673475.23-P1P2	1785	2	2812	0
GAD1_+_171673776.23-P1P2	1796	5	1345	3298
GAD1_-_171673442.23-P1P2	0	0	986	0
GAD1_-_171673809.23-P1P2	1	2	626	2920
GAD2_+_26505385.23-P1P2	711	0	867	0
GAD2_+_26505735.23-P1P2	3	2	1975	0
GAD2_+_26505978.23-P1P2	1	1	364	2015
GAD2_+_26506126.23-P1P2	2192	1	756	1
GAD2_-_26505751.23-P1P2	2	1	2000	1
GADL1_+_30936068.23-P1P2	1518	0	182	1
GADL1_+_30936182.23-P1P2	2077	1	889	0
GADL1_-_30936158.23-P1P2	1368	0	941	0
GADL1_-_30936244.23-P1P2	1655	4613	510	4
GADL1_-_30936250.23-P1P2	872	2	2230	3
GAK_+_925744.23-P1P2	0	0	1338	60
GAK_+_926062.23-P1P2	3032	0	1791	1
GAK_+_926066.23-P1P2	813	4	866	2
GAK_+_926096.23-P1P2	2113	2708	719	3116
GAK_-_926017.23-P1P2	1385	0	0	0
GALE_+_24127194.23-P1P2	2733	6	2236	5822
GALE_+_24127219.23-P1P2	1	1	1414	1792
GALE_-_24126807.23-P1P2	1271	2	482	1857
GALE_-_24126869.23-P1P2	2014	1	1745	1
GALE_-_24127237.23-P1P2	1829	2	1886	3465
GALK1_+_73761090.23-P1P2	9566	2807	2942	3369
GALK1_+_73761141.23-P1P2	735	3065	275	0
GALK1_+_73761186.23-P1P2	2682	5	1367	1471
GALK1_+_73761213.23-P1P2	2620	6801	3355	3348
GALK1_-_73761198.23-P1P2	3343	5087	2815	5109
GALK2_+_49447955.23-P1	0	2	1277	1502
GALK2_+_49448017.23-P1	3577	5480	2051	4053
GALK2_+_49462866.23-P2	1443	1	707	0
GALK2_+_49462885.23-P2	1573	4029	1730	1
GALK2_-_49448020.23-P1	6	4	1389	3664
GALK2_-_49448043.23-P1	1439	2886	3674	3
GALK2_-_49448049.23-P1	13	6132	2465	5477
GALK2_-_49462496.23-P2	2095	0	368	1
GALK2_-_49462522.23-P2	456	1	252	0
GALK2_-_49462558.23-P2	1241	2	644	0
GALM_+_38893290.23-P1P2	0	0	185	0
GALM_+_38893299.23-P1P2	7	1	1699	1912
GALM_-_38893274.23-P1P2	3263	2	1811	2063
GALM_-_38893591.23-P1P2	0	0	148	0
GALM_-_38893652.23-P1P2	2176	14217	1907	2799
GALNT1_+_33234666.23-ENST00000269195.5	1	2625	500	1
GALNT1_+_33234913.23-ENST00000269195.5	3	3343	1075	2039
GALNT1_-_33234653.23-ENST00000269195.5	4221	3	2137	918
GALNT1_-_33234676.23-ENST00000269195.5	1	0	400	0
GALNT1_-_33235055.23-ENST00000269195.5	0	0	1038	0
GAPDHS_+_36024581.23-P1P2	0	0	89	0
GAPDHS_+_36024827.23-P1P2	0	2	846	0
GAPDHS_-_36024772.23-P1P2	3103	2	2435	1039
GAPDHS_-_36024815.23-P1P2	0	0	943	0
GAPDHS_-_36024834.23-P1P2	1302	1	233	0
GAPDH_+_6647523.23-P2	1690	0	353	0
GAPDH_+_6647534.23-P2	2	1	388	0
GAPDH_+_6647546.23-P2	0	0	438	0
GAPDH_-_6643745.23-P1	0	1	335	0
GAPDH_-_6643761.23-P1	0	0	0	0
GAPDH_-_6643770.23-P1	5	5935	134	4
GAPDH_-_6643785.23-P1	0	0	474	0
GAPDH_-_6643947.23-P1	0	1	735	0
GAPDH_-_6647118.23-P2	417	3258	1789	4150
GAPDH_-_6647601.23-P2	1	0	1027	1
GARS_+_30634546.23-P1P2	1	2	1367	2203
GARS_+_30634632.23-P1P2	1	0	523	0
GARS_+_30634659.23-P1P2	1129	3039	1659	3
GARS_+_30634882.23-P1P2	0	0	792	0
GARS_+_30634903.23-P1P2	0	0	124	0
GART_+_34914420.23-P1P2	1842	4	1961	3357
GART_-_34914357.23-P1P2	1223	2	1021	2030
GART_-_34914382.23-P1P2	981	6427	1413	3490
GART_-_34915123.23-P1P2	1257	0	942	0
GART_-_34915135.23-P1P2	0	0	767	26
GATM_+_45670367.23-P1	352	0	979	1
GATM_+_45670690.23-P1	4	5622	2352	5033
GATM_+_45694014.23-P2	2	0	1052	0
GATM_+_45694355.23-P2	5652	2909	1706	3554
GATM_+_45694358.23-P2	0	0	117	0
GATM_-_45670271.23-P1	4083	5	2313	4
GATM_-_45670281.23-P1	1431	1	121	182
GATM_-_45670345.23-P1	234	3491	299	5
GATM_-_45694388.23-P2	0	0	0	0
GATM_-_45694399.23-P2	0	0	0	0
GBA_+_155210903.23-P1	1	1	410	0
GBA_+_155211024.23-P1	2227	2	1573	3653
GBA_+_155211038.23-P1	5448	1313	2403	3
GBA_+_155214346.23-P2	5080	4916	1622	4
GBA_-_155210938.23-P1	1381	0	113	1
GBA_-_155211054.23-P1	2	7	1264	2046
GBA_-_155214327.23-P2	4063	3	2507	3
GBA_-_155214372.23-P2	1851	2	2185	1
GBA_-_155214386.23-P2	1371	2	710	2179
GBA_-_155214411.23-P2	1207	0	666	0
GCAT_+_38203937.23-P1P2	4015	2	1753	1715
GCAT_+_38204376.23-P1P2	0	1	604	1
GCAT_+_38204395.23-P1P2	1419	0	305	0
GCAT_-_38203942.23-P1P2	1642	3	2027	803
GCAT_-_38203979.23-P1P2	1873	7	472	1662
GCA_+_163200647.23-P1P2	2	2616	2363	2
GCA_+_163200688.23-P1P2	1	0	815	1845
GCA_+_163200740.23-P1P2	1106	9	2253	7161
GCA_+_163200865.23-P1P2	0	0	504	0
GCA_+_163201074.23-P1P2	3206	1	891	1
GCDH_+_13002036.23-P1P2	3118	11	1270	1796
GCDH_-_13002021.23-P1P2	2	0	550	1989
GCDH_-_13002025.23-P1P2	1	3261	239	2
GCDH_-_13002046.23-P1P2	3960	2367	3406	1264
GCDH_-_13002084.23-P1P2	3	562	2103	3
GCGR_+_79762062.23-P1P2	1622	2	2511	4
GCGR_+_79762359.23-P1P2	2763	2	1850	2424
GCGR_-_79762052.23-P1P2	2	1	691	0
GCGR_-_79762059.23-P1P2	2434	3	1915	1661
GCGR_-_79762088.23-P1P2	1412	4	2114	4633
GCH1_+_55369117.23-P1P2	3018	4	1003	1764
GCH1_+_55369485.23-P1P2	766	0	753	1
GCH1_-_55369160.23-P1P2	5	0	1412	1248
GCH1_-_55369491.23-P1P2	1513	5510	3288	3867
GCH1_-_55369495.23-P1P2	803	1869	974	1919
GCK_+_44228636.23-P1P2	889	1	1086	893
GCK_+_44228655.23-P1P2	11	5917	929	5112
GCK_+_44229002.23-P1P2	1717	3	1508	0
GCK_+_44229021.23-P1P2	2891	2	671	2867
GCK_-_44228603.23-P1P2	4302	3	727	2
GCSH_+_81129725.23-P1P2	2714	5400	1824	1388
GCSH_+_81129734.23-P1P2	975	0	1159	2
GCSH_-_81129522.23-P1P2	3	8186	419	1
GCSH_-_81129970.23-P1P2	958	2	1999	1
GCSH_-_81129987.23-P1P2	8	9697	1512	1676
GDI1_+_153665494.23-P1P2	0	0	365	0
GDI1_+_153665932.23-P1P2	2	2349	1137	0
GDI1_-_153665561.23-P1P2	2102	3642	1296	1712
GDI1_-_153665564.23-P1P2	1	1	1410	3660
GDI1_-_153665603.23-P1P2	511	2464	1375	4212
GFER_-_2034199.23-P1P2	802	0	287	0
GFER_-_2034222.23-P1P2	2	1	1149	2
GFER_-_2034225.23-P1P2	0	0	361	0
GFER_-_2034253.23-P1P2	0	0	118	0
GFER_-_2034422.23-P1P2	587	0	510	0
GGCX_+_85788198.23-P1P2	1331	2	2321	1615
GGCX_+_85788544.23-P1P2	1	0	1173	0
GGCX_+_85788584.23-P1P2	1892	5644	2103	1017
GGCX_-_85788211.23-P1P2	1	8	1193	9944
GGCX_-_85788600.23-P1P2	5947	7	2138	1602
GGPS1_+_235491914.23-P1P2	0	0	180	0
GGPS1_+_235492325.23-P1P2	743	886	466	1070
GGPS1_-_235491895.23-P1P2	1594	0	178	0
GGPS1_-_235491899.23-P1P2	1559	0	223	2
GGPS1_-_235492301.23-P1P2	1755	1	175	3
GHRHR_+_31003705.23-P2	2576	3	914	1412
GHRHR_+_31023845.23-P1	2360	2	1324	3681
GHRHR_-_31003652.23-P2	1	0	313	0
GHRHR_-_31003659.23-P2	3402	4197	1289	1606
GHRHR_-_31003662.23-P2	1573	5147	708	1
GHRHR_-_31003676.23-P2	1	0	652	1
GHRHR_-_31023471.23-P1	5054	5	3246	5388
GHRHR_-_31023490.23-P1	5527	6	4773	6193
GHRHR_-_31023809.23-P1	2771	1	1356	3
GHRHR_-_31023974.23-P1	2	0	306	1384
GIT1_+_27916614.23-P1P2	1100	2647	1571	438
GIT1_+_27916617.23-P1P2	5198	4	1122	2093
GIT1_-_27916157.23-P1P2	582	0	1048	0
GIT1_-_27916185.23-P1P2	3836	2742	2579	2
GIT1_-_27916201.23-P1P2	1240	1	2336	0
GIT2_+_110433842.23-P1P2	1547	7281	1255	1491
GIT2_+_110434146.23-P1P2	1316	3	2507	2950
GIT2_-_110433758.23-P1P2	0	0	0	0
GIT2_-_110434123.23-P1P2	1200	5	1126	3921
GIT2_-_110434126.23-P1P2	6044	5	1268	1573
GK2_+_80329298.23-P1P2	2416	1	496	1269
GK2_+_80329313.23-P1P2	3509	2	1454	1170
GK2_+_80329350.23-P1P2	2497	4	986	3302
GK2_-_80329365.23-P1P2	1	2	1286	0
GK2_-_80329369.23-P1P2	1	322	1713	0
GK5_+_141944328.23-P1P2	1	0	998	1
GK5_-_141943971.23-P1P2	0	2	706	0
GK5_-_141943975.23-P1P2	1	1	1549	3
GK5_-_141944378.23-P1P2	1	0	936	0
GK5_-_141944423.23-P1P2	1397	0	528	0
GKAP1_+_86432161.23-P1P2	541	1045	2013	2
GKAP1_+_86432288.23-P1P2	4109	2	1140	1354
GKAP1_+_86432624.23-P1P2	9	4	1657	3163
GKAP1_+_86432634.23-P1P2	0	0	0	0
GKAP1_-_86432300.23-P1P2	2820	6	2052	3653
GK_+_30671519.23-P1P2	2519	2869	1983	6255
GK_+_30671976.23-P1P2	1	0	467	0
GK_-_30671518.23-P1P2	3671	3	1064	682
GK_-_30671549.23-P1P2	1229	6402	985	1344
GK_-_30671988.23-P1P2	892	1837	1887	3
GLA_+_100662763.23-P1P2	0	0	232	0
GLA_+_100662879.23-P1P2	3298	12372	2313	4175
GLA_-_100662322.23-P1P2	1661	2	807	1
GLA_-_100662505.23-P1P2	1617	4735	1011	1412
GLA_-_100662510.23-P1P2	0	0	373	0
GLDC_+_6645226.23-P1P2	4	3831	910	3
GLDC_+_6645604.23-P1P2	1005	3	1864	7294
GLDC_+_6645718.23-P1P2	773	0	825	0
GLDC_-_6645257.23-P1P2	1285	11875	4054	9
GLDC_-_6645734.23-P1P2	1	5228	690	2
GLIPR2_-_36136750.23-P1P2	4758	8566	3273	3564
GLIPR2_-_36136779.23-P1P2	7259	2766	3461	7230
GLIPR2_-_36136800.23-P1P2	2729	1	928	1887
GLIPR2_-_36137096.23-P1P2	1191	1	269	0
GLIPR2_-_36137256.23-P1P2	6282	6872	2682	3141
GLP1R_+_39016550.23-P1P2	6043	5	4065	1185
GLP1R_+_39016576.23-P1P2	2618	1	1761	1553
GLP1R_+_39016921.23-P1P2	1099	1	1416	1
GLP1R_+_39017038.23-P1P2	3357	1	1603	1
GLP1R_-_39016671.23-P1P2	4504	6	1500	5466
GLP2R_+_9746298.23-P1P2	0	1	678	1
GLP2R_+_9746308.23-P1P2	1617	0	574	0
GLP2R_-_9745879.23-P1P2	1625	0	332	1838
GLP2R_-_9745887.23-P1P2	3	1	713	1
GLP2R_-_9746317.23-P1P2	1382	0	680	1490
GLRA1_+_151304321.23-P1P2	4838	1737	1649	1793
GLRA1_+_151304334.23-P1P2	15	12598	1143	2
GLRA1_-_151303990.23-P1P2	2	1	675	1608
GLRA1_-_151304299.23-P1P2	896	0	889	810
GLRA1_-_151304326.23-P1P2	7415	5036	2419	3545
GLRA2_+_14547655.23-P1P2	2521	1	256	0
GLRA2_+_14547715.23-P1P2	1341	2	219	1954
GLRA2_+_14547718.23-P1P2	3202	8050	2983	2698
GLRA2_+_14547829.23-P1P2	909	1	1348	0
GLRA2_+_14547976.23-P1P2	1705	0	795	876
GLRA3_+_175750226.23-P1P2	2322	2	3039	3
GLRA3_+_175750367.23-P1P2	4809	2	1017	1229
GLRA3_-_175749968.23-P1P2	1013	0	561	2
GLRA3_-_175750339.23-P1P2	0	2	1596	0
GLRA3_-_175750436.23-P1P2	2696	4	1449	5111
GLRB_+_157997351.23-P1P2	911	4366	982	1
GLRB_+_157997365.23-P1P2	4	0	1437	3851
GLRB_+_157997389.23-P1P2	578	0	425	546
GLRB_+_157997405.23-P1P2	2605	2	1779	1965
GLRB_-_157997703.23-P1P2	6	2	569	2652
GLRX2_+_193074229.23-P1P2	1482	2	1645	685
GLRX2_+_193074503.23-P1P2	0	0	550	0
GLRX2_+_193074520.23-P1P2	0	0	718	1
GLRX2_+_193074552.23-P1P2	1547	4690	637	2
GLRX2_-_193074513.23-P1P2	2031	2	1517	0
GLRX_+_95157952.23-P1P2	5	2	1526	1655
GLRX_+_95157978.23-P1P2	2	0	1418	2177
GLRX_+_95158285.23-P1P2	3052	3	1803	4478
GLRX_-_95158301.23-P1P2	11	10113	1698	4
GLRX_-_95158447.23-P1P2	443	4334	1826	2
GLS2_-_56881684.23-P1P2	1663	0	528	0
GLS2_-_56881785.23-P1P2	3367	1546	1961	3938
GLS2_-_56881814.23-P1P2	3293	3493	1884	3327
GLS2_-_56882109.23-P1P2	0	0	988	0
GLS2_-_56882125.23-P1P2	8	9085	522	3089
GLS_+_191745555.23-P1P2	1793	2206	795	894
GLS_+_191745776.23-P1P2	3952	941	1839	1
GLS_+_191745897.23-P1P2	1	0	921	1892
GLS_-_191745585.23-P1P2	2	3499	1074	1434
GLS_-_191745808.23-P1P2	2511	2608	410	3
GLT6D1_+_138530911.23-ENST00000371763.1	1	1	507	0
GLT6D1_-_138531123.23-ENST00000371763.1	714	0	612	0
GLT6D1_-_138531145.23-ENST00000371763.1	1	1153	867	2078
GLT6D1_-_138531193.23-ENST00000371763.1	1285	2	1109	763
GLT6D1_-_138531351.23-ENST00000371763.1	5	3	1526	1121
GLTP_+_110318264.23-P1P2	4	2506	1913	1733
GLTP_-_110317840.23-P1P2	1315	3315	1583	2
GLTP_-_110317845.23-P1P2	1585	0	953	0
GLTP_-_110317889.23-P1P2	1428	1	653	1
GLTP_-_110318088.23-P1P2	929	1	373	1692
GLUD1_-_88854537.23-P1P2	770	1	1412	3821
GLUD1_-_88854542.23-P1P2	926	2	121	2142
GLUD1_-_88854545.23-P1P2	0	1	120	0
GLUD1_-_88854555.23-P1P2	1	0	224	1379
GLUD1_-_88854597.23-P1P2	1392	4	1073	1706
GLUD2_+_120181448.23-P1P2	1632	2	488	3726
GLUD2_+_120181453.23-P1P2	0	0	529	0
GLUD2_+_120181508.23-P1P2	1320	1	595	0
GLUD2_+_120181533.23-P1P2	0	4	906	0
GLUD2_+_120181543.23-P1P2	1211	8535	1410	0
GLUL_+_182360122.23-P1P2	689	1	1820	996
GLUL_+_182360471.23-P1P2	0	0	77	0
GLUL_+_182360879.23-P1P2	1333	2	488	1
GLUL_+_182360910.23-P1P2	2732	1553	1381	2589
GLUL_-_182360635.23-P1P2	1636	6	940	4332
GLYATL1_+_58706973.23-P1	745	0	928	0
GLYATL1_+_58707008.23-P1	1	0	490	2105
GLYATL1_+_58707092.23-P1	1	0	342	0
GLYATL1_+_58710900.23-P2	4	7471	659	1874
GLYATL1_-_58706972.23-P1	1322	0	1300	3357
GLYATL1_-_58707043.23-P1	1464	4049	1459	2324
GLYATL1_-_58711031.23-P2	1869	2	1387	2093
GLYATL1_-_58711083.23-P2	1688	4	1414	1849
GLYATL1_-_58711243.23-P2	2070	1987	1484	2
GLYATL1_-_58711254.23-P2	1631	1	794	1
GLYATL2_+_58611924.23-P1P2	2066	5686	2211	5
GLYATL2_-_58611705.23-P1P2	1047	1	710	2
GLYATL2_-_58611808.23-P1P2	1	0	640	0
GLYATL2_-_58611961.23-P1P2	1581	0	218	1428
GLYATL2_-_58612130.23-P1P2	2783	1	106	1
GLYAT_+_58499186.23-P1P2	1007	0	1196	981
GLYAT_+_58499380.23-P1P2	1549	5276	828	0
GLYAT_+_58499391.23-P1P2	2	2277	1746	0
GLYAT_-_58498968.23-P1P2	0	0	718	2
GLYAT_-_58499365.23-P1P2	1648	1	1429	0
GM2A_+_150632764.23-P1P2	939	1	1641	1809
GM2A_+_150632774.23-P1P2	0	0	662	0
GM2A_+_150632784.23-P1P2	1239	0	927	0
GM2A_+_150632799.23-P1P2	0	0	0	0
GM2A_+_150633210.23-P1P2	8	5102	1102	1421
GMDS_+_2245477.23-P1P2	1899	2	2265	1990
GMDS_+_2245796.23-P1P2	1676	3	1592	667
GMDS_+_2245799.23-P1P2	2	0	879	0
GMDS_-_2245355.23-P1P2	1008	0	366	1
GMDS_-_2245815.23-P1P2	5	5339	2143	2125
GMPR_+_16238978.23-P1P2	8	3	1967	2223
GMPR_+_16239228.23-P1P2	2955	1	1932	1
GMPR_-_16238986.23-P1P2	0	0	819	1
GMPR_-_16239014.23-P1P2	1155	5	2563	0
GMPR_-_16239175.23-P1P2	1436	3	1847	3
GNAT1_+_50229101.23-P1	1915	7135	1387	3
GNAT1_+_50229466.23-P1	1927	1	1242	3
GNAT1_+_50229504.23-P1	957	2716	2043	3433
GNAT1_+_50230300.23-P2	0	0	0	0
GNAT1_+_50230333.23-P2	0	1	300	0
GNAT1_+_50230550.23-P2	0	0	663	1
GNAT1_+_50230568.23-P2	744	1	808	0
GNAT1_-_50229164.23-P1	2000	6	1192	3696
GNAT1_-_50229448.23-P1	0	1	1510	0
GNAT1_-_50230342.23-P2	1312	4236	663	3533
GNB1_+_1821866.23-P1P2	1310	0	732	0
GNB1_+_1822478.23-P1P2	1765	5697	809	2013
GNB1_-_1822119.23-P1P2	2741	1	2528	1563
GNB1_-_1822505.23-P1P2	1449	3	1276	1672
GNB1_-_1822511.23-P1P2	1332	0	1174	1739
GNE_+_36257972.23-P1P2	2356	0	945	1890
GNE_+_36258064.23-P1P2	4	2	1083	1861
GNE_+_36258410.23-P1P2	2688	4	1124	3147
GNE_-_36258002.23-P1P2	6520	4	1749	3
GNE_-_36258191.23-P1P2	5203	1551	3034	1826
GNG2_+_52327375.23-P1P2	1	0	1261	0
GNG2_+_52327382.23-P1P2	1325	2	294	3620
GNG2_+_52327394.23-P1P2	931	3669	2797	2
GNG2_-_52327408.23-P1P2	1	0	255	0
GNG2_-_52327621.23-P1P2	1980	1	981	1701
GNGT1_-_93535912.23-P1P2	0	0	578	0
GNGT1_-_93535922.23-P1P2	2	1	1044	1327
GNGT1_-_93536213.23-P1P2	1643	2132	1458	1300
GNGT1_-_93536227.23-P1P2	1	2078	156	0
GNGT1_-_93536346.23-P1P2	1	0	831	0
GNLY_+_85921534.23-P1P2	1691	4804	1584	2
GNLY_+_85921539.23-P1P2	2001	0	1451	2
GNLY_+_85921558.23-P1P2	1677	1	1441	0
GNLY_+_85921603.23-P1P2	1	1994	436	1
GNLY_-_85921510.23-P1P2	0	0	109	0
GNMT_+_42928548.23-P1P2	2016	0	495	1
GNMT_-_42928174.23-P1P2	0	0	581	0
GNMT_-_42928541.23-P1P2	1098	2	1854	1962
GNMT_-_42928807.23-P1P2	1	3	1656	1274
GNMT_-_42928897.23-P1P2	1059	5494	1372	2
GNPDA1_+_141392542.23-P1P2	2	1	1104	3970
GNPDA1_+_141392550.23-P1P2	1626	1137	1414	4
GNPDA1_-_141392135.23-P1P2	3	983	743	1838
GNPDA1_-_141392164.23-P1P2	1474	4	1868	4734
GNPDA1_-_141392562.23-P1P2	1	1766	1639	1137
GNRHR_+_68620049.23-P1P2	2	0	707	978
GNRHR_+_68620058.23-P1P2	715	2	59	736
GNRHR_-_68619634.23-P1P2	2768	4	1503	4
GNRHR_-_68619639.23-P1P2	0	0	384	1
GNRHR_-_68619673.23-P1P2	2	0	1524	0
GOT1_+_101190059.23-P1P2	985	3	791	3750
GOT1_+_101190144.23-P1P2	3	4421	1066	4
GOT1_+_101190383.23-P1P2	1	0	739	0
GOT1_-_101190312.23-P1P2	4926	1	2042	0
GOT1_-_101190398.23-P1P2	2353	2237	1990	3701
GOT2_+_58767777.23-P1P2	2383	4	1167	3881
GOT2_-_58767684.23-P1P2	3615	1265	332	3
GOT2_-_58767838.23-P1P2	2	5396	299	3
GOT2_-_58768144.23-P1P2	1182	5	656	3494
GOT2_-_58768198.23-P1P2	4336	7933	2096	4
GP1BA_+_4835561.23-P1P2	0	0	417	0
GP1BA_+_4835616.23-P1P2	2	0	425	918
GP1BA_+_4835635.23-P1P2	1	2	1565	1530
GP1BA_-_4835599.23-P1P2	0	0	461	0
GP1BA_-_4835613.23-P1P2	747	7183	915	1
GP9_+_128779619.23-P1P2	2	2	544	1900
GP9_+_128779645.23-P1P2	1070	2	2668	5523
GP9_+_128780061.23-P1P2	1	0	605	1618
GP9_-_128779684.23-P1P2	1	0	582	0
GP9_-_128779693.23-P1P2	1640	0	1548	1
GPD1_+_50498182.23-P1P2	0	0	362	0
GPD1_-_50497793.23-P1P2	2829	2941	1142	1
GPD1_-_50497828.23-P1P2	1	0	367	0
GPD1_-_50497836.23-P1P2	1712	7679	2561	4428
GPD1_-_50498241.23-P1P2	983	3	1173	1617
GPR18_+_99910168.23-P1P2	0	0	273	0
GPR18_+_99910456.23-P1P2	1481	10173	1042	6
GPR18_-_99910598.23-P1P2	4	5	1845	1380
GPR18_-_99910604.23-P1P2	1510	2	1997	3
GPR18_-_99910611.23-P1P2	2919	1	1512	4
GPRC5A_+_13044515.23-P1	1236	5962	1995	1628
GPRC5A_+_13044579.23-P1	0	0	395	1522
GPRC5A_+_13061925.23-P2	1229	2542	1259	1018
GPRC5A_+_13061934.23-P2	0	1512	542	1
GPRC5A_+_13061969.23-P2	0	1	752	1973
GPRC5A_-_13044529.23-P1	1573	6029	729	0
GPRC5A_-_13044967.23-P1	4163	2	691	2
GPRC5A_-_13044976.23-P1	1417	4237	1798	1669
GPRC5A_-_13061940.23-P2	2026	1453	1919	0
GPRC5A_-_13062126.23-P2	5	3243	1649	3863
GPT2_+_46918362.23-P1P2	1128	5482	1962	3377
GPT2_+_46918601.23-P1P2	1	4304	290	1
GPT2_-_46918266.23-P1P2	1250	1	1734	0
GPT2_-_46918372.23-P1P2	0	0	144	0
GPT2_-_46918639.23-P1P2	3170	5	1765	2061
GPX1_+_49395777.23-P1P2	1011	2	855	1072
GPX1_+_49395780.23-P1P2	761	0	456	1
GPX1_-_49395380.23-P1P2	6007	7	3608	3562
GPX1_-_49395761.23-P1P2	2324	3	1501	0
GPX1_-_49395766.23-P1P2	0	0	0	0
GPX2_+_65409062.23-P1P2	0	0	0	0
GPX2_+_65409440.23-P1P2	3918	9333	2208	1775
GPX2_+_65409481.23-P1P2	0	0	0	0
GPX2_-_65408975.23-P1P2	1	1	954	2
GPX2_-_65408990.23-P1P2	4	3	1745	3507
GPX3_+_150400191.23-P1P2	1174	4895	1920	2
GPX3_+_150400210.23-P1P2	2169	3	1816	1795
GPX3_+_150400590.23-P1P2	1231	1	876	3552
GPX3_-_150400175.23-P1P2	2	4	1148	1772
GPX3_-_150400548.23-P1P2	1123	10039	1708	4
GPX5_+_28493823.23-P1P2	0	0	342	0
GPX5_+_28493918.23-P1P2	1	2	1234	0
GPX5_+_28494133.23-P1P2	2	1773	215	4124
GPX5_-_28493808.23-P1P2	1665	4	449	0
GPX5_-_28494213.23-P1P2	1	1	698	0
GPX6_-_28483123.23-ENST00000361902.1	1350	4725	910	2
GPX6_-_28483145.23-ENST00000361902.1	1807	0	607	0
GPX6_-_28483156.23-ENST00000361902.1	0	3	480	1445
GPX6_-_28483521.23-ENST00000361902.1	1258	1	642	0
GPX6_-_28483526.23-ENST00000361902.1	3	2	1098	2068
GPX7_+_53068038.23-P1P2	1	3750	975	2
GPX7_+_53068116.23-P1P2	3329	4	2818	1
GPX7_+_53068476.23-P1P2	1585	0	798	1477
GPX7_-_53068084.23-P1P2	2503	1532	1333	2425
GPX7_-_53068090.23-P1P2	4605	9	1097	3718
GPX8_+_54456002.23-P1P2	1489	0	1206	1
GPX8_+_54456012.23-P1P2	7	8111	1295	1449
GPX8_+_54456015.23-P1P2	1	0	666	0
GPX8_+_54456026.23-P1P2	4921	0	1292	1
GPX8_+_54456041.23-P1P2	1	3	402	0
GRIA1_-_152870211.23-P1P2	1501	2	1269	2
GRIA1_-_152870655.23-P1P2	782	1	1277	2043
GRIA1_-_152870666.23-P1P2	0	0	428	0
GRIA1_-_152870689.23-P1P2	1400	3267	1765	0
GRIA1_-_152870717.23-P1P2	5	3	1246	1975
GRIA2_+_158141963.23-P1P2	0	0	428	0
GRIA2_+_158141968.23-P1P2	1439	0	1571	4
GRIA2_+_158142047.23-P1P2	0	0	111	0
GRIA2_-_158141995.23-P1P2	0	0	353	1
GRIA2_-_158142037.23-P1P2	938	0	533	0
GRIA3_+_122318551.23-P1P2	4	2	1095	3466
GRIA3_+_122318566.23-P1P2	0	0	0	0
GRIA3_-_122318116.23-P1P2	0	0	1087	0
GRIA3_-_122318521.23-P1P2	3974	5480	3133	7
GRIA3_-_122318561.23-P1P2	10	11	1020	3663
GRID1_-_88126110.23-P1P2	2672	3925	1427	2991
GRID1_-_88126122.23-P1P2	1178	5	837	5413
GRID1_-_88126467.23-P1P2	1799	800	2549	4594
GRID1_-_88126538.23-P1P2	6	8452	1441	493
GRID1_-_88126555.23-P1P2	3511	3	1831	0
GRID2_+_93225136.23-P1P2	4	3	1496	1194
GRID2_-_93225131.23-P1P2	5	2816	1390	1880
GRID2_-_93225173.23-P1P2	2435	2468	3498	3567
GRID2_-_93225352.23-P1P2	1430	1	1105	4934
GRID2_-_93225563.23-P1P2	0	0	249	764
GRIK2_+_101847042.23-P1P2	6	7765	2081	1775
GRIK2_+_101847076.23-P1P2	1	1	504	2276
GRIK2_+_101847183.23-P1P2	955	4595	2648	0
GRIK2_-_101847118.23-P1P2	5045	4204	1518	4363
GRIK2_-_101847140.23-P1P2	2	1	1827	0
GRIK3_+_37500085.23-P1P2	1389	1	1665	1591
GRIK3_+_37500088.23-P1P2	3526	0	1681	2
GRIK3_+_37500091.23-P1P2	1452	5834	1580	3
GRIK3_-_37499612.23-P1P2	1848	4	1301	2048
GRIK3_-_37499714.23-P1P2	632	4	1392	4331
GRIK4_+_120382491.23-P1P2	3913	2789	3737	2959
GRIK4_+_120382849.23-P1P2	6	4	653	3808
GRIK4_+_120382860.23-P1P2	3141	3007	423	2
GRIK4_+_120382871.23-P1P2	10	5790	1412	1
GRIK4_-_120382484.23-P1P2	2	0	1333	1442
GRIK5_+_42546649.23-P1P2	2127	5	1258	4636
GRIK5_-_42546540.23-P1P2	2271	5604	3747	5671
GRIK5_-_42546915.23-P1P2	0	0	1337	1236
GRIK5_-_42546953.23-P1P2	0	2	91	0
GRIK5_-_42546984.23-P1P2	0	0	452	1631
GRIN1_+_140033612.23-P1P2	3768	3047	2332	4774
GRIN1_+_140033621.23-P1P2	1417	0	1854	0
GRIN1_-_140033629.23-P1P2	6	2566	1688	2
GRIN1_-_140033647.23-P1P2	841	0	1373	0
GRIN1_-_140034093.23-P1P2	0	0	106	0
GRIN2C_+_72855632.23-P1P2	1278	1	329	2
GRIN2C_+_72855972.23-P1P2	3431	9101	2358	5
GRIN2C_-_72855987.23-P1P2	1	0	1672	1043
GRIN2C_-_72856661.23-P1P2	2288	4363	2496	1687
GRIN2C_-_72856682.23-P1P2	3	2	541	2075
GRIN2D_+_48917318.23-P1P2	4	3341	836	6
GRIN2D_-_48917356.23-P1P2	1550	0	382	1
GRIN2D_-_48917359.23-P1P2	1725	1	2135	1
GRIN2D_-_48917386.23-P1P2	1	2211	1064	2
GRIN2D_-_48917786.23-P1P2	0	0	386	0
GRIN3A_+_104500339.23-P1P2	1174	3	2001	2353
GRIN3A_+_104500895.23-P1P2	1	4820	814	0
GRIN3A_+_104500898.23-P1P2	7	3057	740	3842
GRIN3A_+_104500908.23-P1P2	3254	1	1571	4922
GRIN3A_-_104500645.23-P1P2	1661	2397	3001	3631
GRIN3B_+_1000372.23-P1P2	2811	1192	1308	1549
GRIN3B_+_1000392.23-P1P2	4	5005	568	0
GRIN3B_+_1000749.23-P1P2	2362	1	1575	1
GRIN3B_-_1000365.23-P1P2	891	0	1864	1717
GRIN3B_-_1000399.23-P1P2	2437	1	2110	1856
GRK1_+_114321548.23-P1P2	2681	4283	1486	3
GRK1_-_114321559.23-P1P2	1780	5593	554	3
GRK1_-_114321565.23-P1P2	6169	2	2568	968
GRK1_-_114321587.23-P1P2	2504	3	1631	1
GRK1_-_114321980.23-P1P2	0	0	125	0
GRK4_+_2965344.23-P1P2	1599	0	1008	1413
GRK4_+_2965359.23-P1P2	3159	4117	2052	3
GRK4_+_2965362.23-P1P2	1036	2389	982	1
GRK4_-_2965719.23-P1P2	2950	1	1413	1824
GRK4_-_2965781.23-P1P2	4112	3	2672	2466
GRK5_+_120967565.23-P1P2	5426	2541	2026	2864
GRK5_+_120967585.23-P1P2	1267	5750	2237	2811
GRK5_-_120967155.23-P1P2	1211	1	1760	2
GRK5_-_120967160.23-P1P2	3021	11986	1683	3070
GRK5_-_120967208.23-P1P2	3295	0	710	4
GRK6_+_176853720.23-P1P2	1286	4589	2494	4
GRK6_+_176853751.23-P1P2	1127	3	2006	1341
GRK6_+_176854069.23-P1P2	3419	3	1876	1
GRK6_-_176853915.23-P1P2	2999	5	1317	1123
GRK6_-_176854096.23-P1P2	1369	0	265	2
GRK7_+_141497034.23-P1P2	810	4	744	1720
GRK7_+_141497099.23-P1P2	9639	1504	4199	6783
GRK7_+_141497478.23-P1P2	12	7787	2264	3813
GRK7_-_141497062.23-P1P2	1518	4	1594	1905
GRK7_-_141497421.23-P1P2	0	2	638	0
GRM2_+_51741136.23-P1P2	0	0	360	34
GRM2_+_51741145.23-P1P2	1397	4892	1470	3715
GRM2_+_51741150.23-P1P2	1314	1	930	0
GRM2_+_51741481.23-P1P2	2156	3	633	1951
GRM2_-_51741188.23-P1P2	1019	4	1556	3219
GRM4_+_34073246.23-P1	1317	1308	1376	0
GRM4_+_34073323.23-P1	2115	0	372	1
GRM4_+_34113630.23-P2	516	0	1152	1176
GRM4_+_34113795.23-P2	1574	0	897	4
GRM4_-_34073342.23-P1	5939	2	2260	3
GRM4_-_34073440.23-P1	1	0	575	0
GRM4_-_34073516.23-P1	8	2953	545	1583
GRM4_-_34113406.23-P2	9	8787	963	2
GRM4_-_34113458.23-P2	3015	5	1696	4326
GRM4_-_34113791.23-P2	2	2	1014	1846
GRM7_+_6902886.23-P1	3417	3	1634	1405
GRM7_+_6903012.23-P1	3143	4	2386	3416
GRM7_+_6904920.23-P2	1584	8223	1258	1375
GRM7_-_6902837.23-P1	1697	3	1164	2
GRM7_-_6903017.23-P1	1247	2	226	2
GRM7_-_6903277.23-P1	6590	3	3009	1277
GRM7_-_6904485.23-P2	2133	1	1284	3
GRM7_-_6904500.23-P2	1064	0	2878	3204
GRM7_-_6904511.23-P2	4034	5156	5847	3971
GRM7_-_6904514.23-P2	1364	2	1433	229
GRM8_+_126892530.23-P1P2	1793	1	1037	1
GRM8_+_126892553.23-P1P2	4	3000	507	0
GRM8_-_126892954.23-P1P2	2625	4728	1555	1916
GRM8_-_126892966.23-P1P2	4510	3	2781	2655
GRM8_-_126892977.23-P1P2	1	1	308	0
GSG2_+_3627223.23-P1P2	4599	3	1278	885
GSG2_+_3627244.23-P1P2	4520	5	1991	4
GSG2_+_3627407.23-P1P2	1357	0	960	1725
GSG2_+_3627637.23-P1P2	1387	1	1436	2
GSG2_-_3627392.23-P1P2	3088	5239	2927	1703
GSK3A_+_42746307.23-P1P2	578	1	830	2
GSK3A_+_42746320.23-P1P2	3	0	571	934
GSK3A_+_42746705.23-P1P2	1238	5452	2116	5547
GSK3A_+_42746716.23-P1P2	1779	2432	3496	2935
GSK3A_-_42746335.23-P1P2	0	0	577	0
GSK3B_+_119813213.23-P1P2	5606	7	2098	2
GSK3B_-_119812857.23-P1P2	1497	3	1867	4
GSK3B_-_119812860.23-P1P2	3134	4	1274	3
GSK3B_-_119812883.23-P1P2	35	1	752	1942
GSK3B_-_119812886.23-P1P2	1221	0	199	0
GSR_+_30584949.23-P1P2	956	1	1342	0
GSR_-_30584836.23-P1P2	1718	10296	2641	6
GSR_-_30585038.23-P1P2	2511	4633	1772	7
GSR_-_30585161.23-P1P2	1	0	551	0
GSR_-_30585170.23-P1P2	0	0	379	0
GSS_+_33543524.23-P1P2	1	0	580	1
GSS_+_33543544.23-P1P2	991	1	919	0
GSS_+_33543563.23-P1P2	3608	2887	1820	3828
GSS_-_33543186.23-P1P2	5517	2420	2189	1484
GSS_-_33543190.23-P1P2	4031	5449	1517	3432
GSTA2_+_52627787.23-P1P2	1794	3	1067	1065
GSTA2_+_52628258.23-P1P2	3666	2	1237	2
GSTA2_-_52628184.23-P1P2	3	3	426	3987
GSTA2_-_52628266.23-P1P2	218	0	980	0
GSTA2_-_52628270.23-P1P2	2950	2683	3275	3695
GSTA3_+_52774023.23-P1P2	1324	1	527	645
GSTA3_+_52774140.23-P1P2	889	1	1504	1720
GSTA3_+_52774186.23-P1P2	3682	4	2085	8082
GSTA3_+_52774271.23-P1P2	0	0	205	0
GSTA3_-_52774456.23-P1P2	0	0	3	0
GSTA4_+_52858840.23-P2	6	2	510	3409
GSTA4_+_52859037.23-P2	0	0	128	0
GSTA4_+_52860045.23-P1	7	4719	1640	2037
GSTA4_+_52860053.23-P1	0	0	1156	0
GSTA4_-_52858967.23-P2	541	5441	335	3
GSTA4_-_52859013.23-P2	1	0	402	1
GSTA4_-_52859020.23-P2	0	1	947	2081
GSTA4_-_52860063.23-P1	1608	0	1072	1587
GSTA4_-_52860094.23-P1	1232	1	29	0
GSTA4_-_52860100.23-P1	8	4	2854	2033
GSTA5_+_52710455.23-P1P2	2657	1	950	0
GSTA5_-_52710472.23-P1P2	3292	5	1069	3
GSTA5_-_52710823.23-P1P2	1661	2	875	3
GSTA5_-_52710834.23-P1P2	5492	9	1544	1895
GSTA5_-_52710887.23-P1P2	1136	8650	1710	792
GSTK1_+_142960618.23-P1P2	1191	1	647	1
GSTK1_+_142960625.23-P1P2	1467	3	367	1
GSTK1_+_142960782.23-P1P2	0	0	510	0
GSTK1_+_142960953.23-P1P2	0	1	479	0
GSTK1_-_142961014.23-P1P2	550	5352	1808	2775
GSTM4_+_110198783.23-P1P2	2621	7551	2160	2784
GSTM4_+_110198946.23-P1P2	3424	2	1907	2005
GSTM4_+_110199130.23-P1P2	0	0	0	0
GSTM4_+_110199134.23-P1P2	1639	1	701	1974
GSTM4_-_110198757.23-P1P2	2615	2977	877	1
GSTO1_+_106014654.23-P1P2	3060	1	1381	2
GSTO1_+_106015060.23-P1P2	2535	2	1436	1373
GSTO1_-_106014695.23-P1P2	800	1334	2114	1161
GSTO1_-_106015033.23-P1P2	6	5657	589	0
GSTO1_-_106015047.23-P1P2	0	0	320	0
GSTO2_+_106034926.23-P1P2	3022	1	2078	1
GSTO2_+_106034962.23-P1P2	2270	2	2114	2
GSTO2_+_106035044.23-P1P2	3080	2	799	4
GSTO2_-_106034934.23-P1P2	914	0	336	2
GSTO2_-_106035014.23-P1P2	5125	2910	2765	2
GSTT2_+_24322350.23-P1P2	4	3707	1106	1
GSTT2_+_24322377.23-P1P2	4525	3794	1203	1
GSTT2_+_24322380.23-P1P2	4235	4178	1267	2
GSTT2_+_24322393.23-P1P2	0	0	202	0
GSTT2_-_24322392.23-P1P2	1777	5	1922	3055
GUCA1A_+_42123160.23-P1	2561	1	1480	2
GUCA1A_+_42123169.23-P1	1755	5	1148	2944
GUCA1A_+_42123381.23-P1	4	0	1909	0
GUCA1A_+_42123385.23-P1	2202	2	1145	0
GUCA1A_+_42141199.23-P2	3512	0	1706	0
GUCA1A_-_42123588.23-P1	922	0	110	0
GUCA1A_-_42141381.23-P2	1	1	605	0
GUCA1A_-_42141519.23-P2	4889	2	1618	1684
GUCA1A_-_42141562.23-P2	1280	0	290	2
GUCA1A_-_42141603.23-P2	1683	1	1395	237
GUCY2C_+_14849470.23-P1P2	3042	3	83	3
GUCY2C_-_14849137.23-P1P2	93	4	365	1886
GUCY2C_-_14849446.23-P1P2	0	0	0	0
GUCY2C_-_14849454.23-P1P2	0	0	73	229
GUCY2C_-_14849479.23-P1P2	742	0	303	0
GUCY2D_+_7906002.23-P1P2	3	1	1305	2559
GUCY2D_+_7906010.23-P1P2	2672	1	1393	1
GUCY2D_+_7906037.23-P1P2	6	2857	867	1769
GUCY2D_+_7906206.23-P1P2	2	1	857	0
GUCY2D_-_7905995.23-P1P2	3342	1	1454	2
GUCY2F_+_108725202.23-P1P2	3244	1	1001	2
GUCY2F_-_108725033.23-P1P2	1703	3	1807	442
GUCY2F_-_108725150.23-P1P2	8	2629	2865	1763
GUCY2F_-_108725311.23-P1P2	6	1	1416	2831
GUCY2F_-_108725317.23-P1P2	3996	3388	821	1
GUK1_+_228328394.23-P1P2	2234	3762	1396	6
GUK1_-_228327984.23-P1P2	7	6351	669	4
GUK1_-_228327987.23-P1P2	0	4	1657	0
GUK1_-_228327993.23-P1P2	4	5228	740	1
GUK1_-_228328011.23-P1P2	0	2	866	0
GUSB_+_65447180.23-P1P2	2758	1	774	0
GUSB_+_65447191.23-P1P2	4817	1	1846	86
GUSB_-_65446788.23-P1P2	1402	2	2759	0
GUSB_-_65446877.23-P1P2	1240	5161	1208	2
GUSB_-_65447165.23-P1P2	3832	3	3128	1739
GYG1_+_148709329.23-P1P2	0	0	298	0
GYG1_+_148709332.23-P1P2	2	2	1085	1128
GYG1_+_148709356.23-P1P2	5977	4024	3141	920
GYG1_+_148709361.23-P1P2	1943	5228	2376	1948
GYG1_+_148709771.23-P1P2	390	2	1058	3554
GZMB_+_25103146.23-P1P2	0	0	0	0
GZMB_+_25103382.23-P1P2	1602	0	2130	2
GZMB_-_25103117.23-P1P2	4269	4	697	2093
GZMB_-_25103326.23-P1P2	1338	6	1096	6370
GZMB_-_25103391.23-P1P2	1603	5	543	2004
H6PD_+_9294901.23-P1	3505	6467	2589	2949
H6PD_+_9295077.23-P1	5714	5	2354	1560
H6PD_+_9295297.23-P1	1803	1101	2968	978
H6PD_+_9295321.23-P1	849	0	1439	2
H6PD_+_9299953.23-P2	3	1622	1932	1521
H6PD_+_9300087.23-P2	0	1	635	0
H6PD_+_9300142.23-P2	1	0	1439	0
H6PD_-_9295306.23-P1	2456	2715	1711	1743
H6PD_-_9299938.23-P2	1672	15724	1249	6117
H6PD_-_9299966.23-P2	1235	2844	1194	1
HADHA_+_26467495.23-P1P2	3934	3	1605	5326
HADHA_-_26467264.23-P1P2	0	3	117	726
HADHA_-_26467327.23-P1P2	0	0	0	0
HADHA_-_26467402.23-P1P2	1358	4	1430	3329
HADHA_-_26467504.23-P1P2	5367	2	1181	0
HADH_+_108911006.23-P1P2	2453	5141	1647	843
HADH_+_108911030.23-P1P2	2903	3	1262	1832
HADH_+_108911047.23-P1P2	1305	1609	1185	3509
HADH_+_108911260.23-P1P2	0	2	922	0
HADH_-_108911026.23-P1P2	3274	5	1049	3396
HAGH_+_1876390.23-P1P2	6	5187	517	1529
HAGH_+_1876430.23-P1P2	795	3689	1595	2
HAGH_+_1876571.23-P1P2	2453	1	1094	0
HAGH_+_1876777.23-P1P2	3170	5	3395	1961
HAGH_-_1876447.23-P1P2	1573	3	1146	1
HAL_+_96389614.23-P1P2	1022	3	1523	943
HAL_+_96389648.23-P1P2	746	2	1439	4
HAL_-_96389300.23-P1P2	1500	2	1037	0
HAL_-_96389642.23-P1P2	2042	6626	1560	1732
HAL_-_96389684.23-P1P2	1650	6	1288	4035
HAO1_-_7920716.23-P1P2	0	0	234	0
HAO1_-_7920865.23-P1P2	724	0	119	0
HAO1_-_7921063.23-P1P2	0	0	132	0
HAO1_-_7921077.23-P1P2	2979	6	1138	2
HAO1_-_7921096.23-P1P2	3	2	339	1810
HAO2_+_119911461.23-P1P2	2161	6028	2165	3
HAO2_+_119911496.23-P1P2	3	0	1121	1766
HAO2_-_119911660.23-P1P2	1682	2818	989	5
HAO2_-_119911675.23-P1P2	0	0	740	0
HAO2_-_119911685.23-P1P2	0	0	103	0
HARS_+_140070519.23-P1P2	1091	1	385	0
HARS_+_140070722.23-P1P2	0	0	0	0
HARS_+_140070885.23-P1P2	0	0	0	0
HARS_+_140070907.23-P1P2	0	0	148	0
HARS_+_140070910.23-P1P2	0	0	0	0
HBA1_+_222905.23-P2	0	1	1483	0
HBA1_+_223098.23-P2	1438	1	593	2
HBA1_+_223275.23-P2	6771	6223	4344	2984
HBA1_+_226672.23-P1	0	0	552	0
HBA1_+_226709.23-P1	0	1	1483	0
HBA1_+_227079.23-P1	6771	6223	4344	2984
HBA1_-_222868.23-P2	558	5162	3218	1688
HBA1_-_222872.23-P2	1626	3	2200	4017
HBA1_-_226676.23-P1	1254	3	1334	2441
HBA1_-_226718.23-P1	362	5490	454	1801
HBB_+_5247794.23-P1	6	5877	858	2
HBB_+_5248109.23-P1	981	0	834	1934
HBB_+_5255521.23-P2	325	0	933	1
HBB_+_5255731.23-P2	1	1	709	1331
HBB_+_5255765.23-P2	1682	1	1295	1641
HBB_-_5247867.23-P1	5	2138	2614	3
HBB_-_5248035.23-P1	0	0	291	0
HBB_-_5248038.23-P1	1	53	1665	2
HBB_-_5255449.23-P2	4531	0	940	2
HBB_-_5255468.23-P2	1253	0	571	0
HBG1_+_5269094.23-P1P2	1462	1	129	0
HBG1_+_5269104.23-P1P2	0	0	143	0
HBG1_+_5269138.23-P1P2	0	0	0	0
HBG1_+_5269180.23-P1P2	1765	1	711	1627
HBG1_+_5269261.23-P1P2	892	5159	699	1
HCK_+_30640471.23-P1P2	3234	5179	1190	2
HCK_-_30640089.23-P1P2	783	1	217	0
HCK_-_30640097.23-P1P2	0	0	730	0
HCK_-_30640102.23-P1P2	1655	1	609	1
HCK_-_30640478.23-P1P2	1113	4	770	2
HCN2_+_589880.23-P1P2	4	2145	1277	1
HCN2_+_589972.23-P1P2	5	2	2310	1501
HCN2_+_590106.23-P1P2	1449	2687	1748	4
HCN2_+_590306.23-P1P2	2206	5894	1499	2262
HCN2_-_590253.23-P1P2	3842	3	1998	1987
HCRT_+_40337450.23-P1P2	661	1	329	891
HCRT_-_40337223.23-P1P2	27	2	2374	3977
HCRT_-_40337400.23-P1P2	2601	0	1169	1
HCRT_-_40337405.23-P1P2	4604	4126	1947	3674
HCRT_-_40337418.23-P1P2	1558	0	1532	0
HDC_+_50557724.23-P1P2	7	0	2808	1791
HDC_+_50557899.23-P1P2	2018	0	622	0
HDC_+_50557907.23-P1P2	1704	2	2195	2
HDC_-_50557885.23-P1P2	2819	1	1956	4119
HDC_-_50557927.23-P1P2	2484	2684	1681	1542
HDHD1_+_7065786.23-P1P2	3816	2	525	2
HDHD1_+_7065795.23-P1P2	867	0	1750	0
HDHD1_-_7065801.23-P1P2	1668	2376	1881	3265
HDHD1_-_7065953.23-P1P2	2639	6466	1485	4
HDHD1_-_7066179.23-P1P2	0	0	1634	1557
HEXB_+_73981118.23-P1P2	2318	6241	3157	7416
HEXB_+_73981464.23-P1P2	3852	6001	2674	4414
HEXB_+_73981521.23-P1P2	159	0	144	0
HEXB_-_73981067.23-P1P2	1158	87	2546	1587
HEXB_-_73981105.23-P1P2	3009	5403	2674	3974
HGS_+_79651094.23-P1P2	1	1	1249	1
HGS_+_79651279.23-P1P2	2	0	1156	0
HGS_-_79651058.23-P1P2	2177	2687	1627	1
HGS_-_79651112.23-P1P2	0	0	0	0
HGS_-_79651479.23-P1P2	2498	1	578	1
HIBADH_-_27702157.23-P1P2	2	0	733	1511
HIBADH_-_27702365.23-P1P2	1419	5431	3037	4250
HIBADH_-_27702375.23-P1P2	1286	3608	907	3356
HIBADH_-_27702396.23-P1P2	0	0	702	1753
HIBADH_-_27702399.23-P1P2	1628	3	740	2036
HIBCH_+_191184452.23-P1P2	1938	4	1565	1738
HIBCH_+_191184455.23-P1P2	1780	0	879	2
HIBCH_+_191184517.23-P1P2	4	2	1269	4747
HIBCH_-_191184325.23-P1P2	0	0	0	0
HIBCH_-_191184520.23-P1P2	690	5169	1364	1787
HIF1AN_+_102295743.23-P1P2	5801	2	1024	1
HIF1AN_-_102295706.23-P1P2	2302	1	1842	2
HIF1AN_-_102295772.23-P1P2	0	0	118	0
HIF1AN_-_102295874.23-P1P2	3074	8	511	1961
HIF1AN_-_102296116.23-P1P2	1475	0	872	3
HINT1_+_130500615.23-P1P2	1	1	1761	1
HINT1_+_130500894.23-P1P2	1633	1	1569	1676
HINT1_-_130500928.23-P1P2	3106	6580	1057	805
HINT1_-_130500946.23-P1P2	2	2	567	1759
HINT1_-_130500949.23-P1P2	0	0	46	0
HIPK1_+_114472056.23-P1P2	4448	4	1146	0
HIPK1_+_114472488.23-P1P2	2677	4	1190	4095
HIPK1_-_114472261.23-P1P2	3474	0	1618	1385
HIPK1_-_114472284.23-P1P2	0	0	141	0
HIPK1_-_114472297.23-P1P2	1171	4	1326	0
HIPK2_+_139477395.23-P1P2	783	2	874	1
HIPK2_+_139477491.23-P1P2	1	0	1009	0
HIPK2_+_139477507.23-P1P2	819	8903	707	1
HIPK2_-_139477426.23-P1P2	1161	1	1437	2
HIPK2_-_139477832.23-P1P2	1846	7078	976	3373
HIPK3_+_33279270.23-P1	2023	3748	1810	2530
HIPK3_+_33279922.23-P2	3984	8465	2633	521
HIPK3_+_33280138.23-P2	0	0	247	0
HIPK3_+_33280265.23-P2	2747	1	1254	2
HIPK3_+_33280376.23-P2	1319	2	426	3416
HIPK3_-_33279241.23-P1	668	10334	3350	5
HIPK3_-_33279289.23-P1	4	3	690	3802
HIPK3_-_33279435.23-P1	1	6086	897	1395
HIPK3_-_33279441.23-P1	2	3088	442	1626
HIPK3_-_33279933.23-P2	1362	3	3215	1718
HIPK4_+_40895601.23-P1P2	1524	3	393	1608
HIPK4_+_40896058.23-P1P2	1759	2	1308	2150
HIPK4_+_40896062.23-P1P2	1	0	966	0
HIPK4_-_40896070.23-P1P2	3736	3700	2231	5348
HIPK4_-_40896089.23-P1P2	2	0	1885	1688
HK1_+_71075626.23-P2	2	2	1565	865
HK1_+_71078695.23-P1	6	2794	2246	5010
HK1_+_71079028.23-P1	0	0	578	1083
HK1_+_71079078.23-P1	1413	5437	821	1549
HK1_-_71075601.23-P2	1624	4	432	1999
HK1_-_71075613.23-P2	1477	7893	1540	4
HK1_-_71075952.23-P2	1002	7	710	5050
HK1_-_71076005.23-P2	1195	8716	1495	3140
HK1_-_71078648.23-P1	4	0	1423	2
HK1_-_71078999.23-P1	4	5763	689	2131
HK2_+_75061095.23-P1P2	4011	1	2094	1201
HK2_+_75061648.23-P1P2	1558	3	1592	3538
HK2_+_75061651.23-P1P2	202	2	861	1740
HK2_+_75061689.23-P1P2	4516	4	2804	6533
HK2_-_75061288.23-P1P2	3199	8861	1856	2034
HK3_+_176325831.23-P1P2	1142	1	1297	1975
HK3_-_176326211.23-P1P2	1	1	253	55
HK3_-_176326271.23-P1P2	4280	3	1040	3
HK3_-_176326300.23-P1P2	0	0	201	0
HK3_-_176326327.23-P1P2	0	0	0	0
HLA-A_+_29910324.23-P1P2	826	1	1304	0
HLA-A_+_29910753.23-P1P2	861	0	1082	911
HLA-A_-_29910342.23-P1P2	1293	0	1541	1668
HLA-A_-_29910667.23-P1P2	5319	2717	3335	2115
HLA-A_-_29911131.23-P1P2	785	3292	1051	0
HLA-B_+_31324800.23-P1P2	11155	3480	3558	5625
HLA-B_+_31324814.23-P1P2	0	1	859	0
HLA-B_+_31324842.23-P1P2	1239	7595	2522	3289
HLA-B_+_31324922.23-P1P2	2716	2623	2136	2097
HLA-B_-_31324642.23-P1P2	7527	5305	1869	9
HLA-DQA2_+_32709257.23-P1P2	2969	2903	1344	1426
HLA-DQA2_+_32709464.23-P1P2	909	0	960	2
HLA-DQA2_+_32709532.23-P1P2	0	0	159	0
HLA-DQA2_-_32709561.23-P1P2	1398	2	700	1
HLA-DQA2_-_32709592.23-P1P2	2	0	266	2030
HLA-DQB1_+_32632396.23-P2	1	1	1520	0
HLA-DQB1_+_32632625.23-P2	3339	1864	2256	2755
HLA-DQB1_+_32632674.23-P2	0	0	549	0
HLA-DQB1_+_32632695.23-P2	5725	4183	2903	3866
HLA-DQB1_+_32633987.23-P1	1	0	497	0
HLA-DQB1_+_32634466.23-P1	3513	4	1833	2063
HLA-DQB1_-_32632280.23-P2	2421	4	574	1
HLA-DQB1_-_32634086.23-P1	0	1	443	0
HLA-DQB1_-_32634357.23-P1	1271	2	1980	1479
HLA-DQB1_-_32634450.23-P1	1793	3	1186	908
HLA-DRB1_+_32557252.23-P1P2	1560	3	1616	1
HLA-DRB1_+_32557601.23-P1P2	1025	1	1327	1967
HLA-DRB1_-_32557272.23-P1P2	352	0	97	0
HLA-DRB1_-_32557613.23-P1P2	0	0	145	0
HLA-DRB1_-_32557616.23-P1P2	1	2489	677	4
HLCS_+_38338857.23-P1	1344	7	1999	1892
HLCS_+_38338905.23-P1	0	0	347	1
HLCS_+_38362446.23-P2	4085	2	1540	2
HLCS_+_38362476.23-P2	2827	1	1598	2921
HLCS_+_38362527.23-P2	8	4	3049	4525
HLCS_-_38338547.23-P1	2212	2	1280	71
HLCS_-_38338867.23-P1	2885	2	2334	4
HLCS_-_38338917.23-P1	3645	8207	1550	1815
HLCS_-_38362080.23-P2	2315	3053	1704	2
HLCS_-_38362464.23-P2	1	0	352	0
HMGCL_+_24151717.23-P1P2	1802	5338	1532	4564
HMGCL_+_24151864.23-P1P2	2826	4216	2381	1416
HMGCL_+_24151875.23-P1P2	5	5702	823	2
HMGCL_+_24151890.23-P1P2	2464	0	2410	5
HMGCL_-_24151926.23-P1P2	0	0	436	0
HMGCR_+_74633053.23-P1P2	0	0	250	0
HMGCR_+_74633092.23-P1P2	0	0	0	0
HMGCR_+_74633106.23-P1P2	0	0	0	0
HMGCR_+_74633228.23-P1P2	1	0	272	0
HMGCR_-_74633122.23-P1P2	1	0	252	0
HMGCS1_+_43313122.23-P1P2	0	1	818	0
HMGCS1_+_43313522.23-P1P2	0	0	198	1505
HMGCS1_-_43313473.23-P1P2	1699	0	413	1
HMGCS1_-_43313515.23-P1P2	0	0	599	0
HMGCS1_-_43313565.23-P1P2	0	1	316	1
HMOX2_+_4524765.23-P2	1176	2	1414	1
HMOX2_+_4526369.23-P1	2122	2	3080	5126
HMOX2_+_4526391.23-P1	843	385	1048	1801
HMOX2_+_4526421.23-P1	2908	1	1893	1983
HMOX2_-_4524757.23-P2	0	0	301	0
HMOX2_-_4524776.23-P2	2612	3244	918	4045
HMOX2_-_4524785.23-P2	0	0	0	0
HMOX2_-_4524797.23-P2	742	8324	423	1248
HMOX2_-_4526456.23-P1	1397	7990	1978	1688
HMOX2_-_4526484.23-P1	1318	0	2248	2
HNF4G_+_76320274.23-P1	0	0	0	0
HNF4G_+_76320311.23-P1	1019	0	707	3
HNF4G_+_76452441.23-P2	1351	0	606	2
HNF4G_-_76320290.23-P1	1404	1	945	0
HNF4G_-_76320293.23-P1	0	2	459	1
HNF4G_-_76320305.23-P1	2770	15272	1222	1571
HNF4G_-_76452161.23-P2	0	0	0	0
HNF4G_-_76452390.23-P2	1	1	247	3800
HNF4G_-_76452396.23-P2	2	2	1086	2178
HNF4G_-_76452577.23-P2	1892	4	855	2379
HNMT_+_138722071.23-P1P2	0	0	0	0
HNMT_+_138722132.23-P1P2	300	3	1715	2010
HNMT_+_138722602.23-P1P2	4	3976	350	1
HNMT_-_138722123.23-P1P2	0	0	386	0
HNMT_-_138722198.23-P1P2	2	0	322	1132
HPD_+_122296694.23-P1P2	3	0	818	3365
HPD_+_122296746.23-P1P2	1721	1	1317	0
HPD_+_122296749.23-P1P2	1159	5287	2467	1400
HPD_-_122296705.23-P1P2	819	4	994	1570
HPD_-_122296765.23-P1P2	3	6132	1244	1578
HPGDS_+_95263944.23-P1P2	1627	3	273	1844
HPGDS_+_95264002.23-P1P2	0	1	2	2084
HPGDS_-_95263807.23-P1P2	0	1	185	0
HPGDS_-_95263963.23-P1P2	518	0	196	0
HPGDS_-_95264054.23-P1P2	2814	9867	1039	5
HPN_+_35532619.23-P1	3454	4	2590	5672
HPN_+_35532679.23-P1	1187	0	221	0
HPN_+_35532707.23-P1	1233	0	1343	1
HPN_+_35532857.23-P1	2	0	300	1439
HPN_+_35540170.23-P2	2876	1	650	4
HPN_+_35540217.23-P2	359	3	2572	5549
HPN_+_35540222.23-P2	1736	2	994	1639
HPN_+_35540590.23-P2	3	1	1080	1108
HPN_+_35540622.23-P2	1493	3724	2034	2
HPN_-_35532735.23-P1	2482	3	3421	1871
HPRT1_+_133594302.23-P1P2	0	2620	1210	0
HPRT1_+_133594305.23-P1P2	5492	4739	2348	3619
HPRT1_+_133594330.23-P1P2	1080	2	1598	1338
HPRT1_+_133594336.23-P1P2	1353	3674	2062	1962
HPRT1_+_133594783.23-P1P2	1343	5427	2084	6711
HPX_+_6461716.23-P1P2	0	0	263	0
HPX_+_6462052.23-P1P2	5006	6	382	3797
HPX_+_6462157.23-P1P2	1198	3927	1818	3864
HPX_-_6461965.23-P1P2	4	0	363	1533
HPX_-_6462148.23-P1P2	934	3	1223	1757
HRH1_+_11196214.23-P1	2563	8359	1432	862
HRH1_+_11196584.23-P1	0	3	1603	2140
HRH1_+_11196617.23-P1	1392	7036	1403	3
HRH1_+_11196621.23-P1	941	2406	1118	5
HRH1_+_11267884.23-P2	4	4	776	5855
HRH1_+_11267888.23-P2	1	0	683	1
HRH1_-_11196253.23-P1	4586	5175	1739	4
HRH1_-_11267695.23-P2	5335	4	1060	4143
HRH1_-_11267702.23-P2	0	0	254	0
HRH1_-_11267713.23-P2	759	0	299	0
HRH2_+_175085064.23-P1P2	1845	0	2071	2871
HRH2_+_175085246.23-P1P2	5852	8104	2901	516
HRH2_-_175085125.23-P1P2	14	6524	1180	1350
HRH2_-_175085130.23-P1P2	1480	4	1533	2
HRH2_-_175085145.23-P1P2	3587	1	1892	1
HRH3_+_60795285.23-P1P2	1078	2217	2540	1725
HRH3_+_60795291.23-P1P2	3	4222	1656	2
HRH3_-_60794844.23-P1P2	2915	2834	1721	3349
HRH3_-_60794853.23-P1P2	1631	9275	2113	2653
HRH3_-_60794925.23-P1P2	3548	5195	2885	3450
HRH4_+_22040695.23-P1P2	2	2	986	0
HRH4_-_22040648.23-P1P2	1597	0	280	0
HRH4_-_22040988.23-P1P2	2697	3	386	1394
HRH4_-_22041050.23-P1P2	3	0	431	0
HRH4_-_22041078.23-P1P2	1589	0	422	1
HRSP12_+_99129335.23-P1P2	0	0	278	0
HRSP12_+_99129347.23-P1P2	0	0	408	0
HRSP12_-_99129016.23-P1P2	1579	0	698	0
HRSP12_-_99129325.23-P1P2	0	0	636	0
HRSP12_-_99129395.23-P1P2	5180	2	616	1057
HS3ST1_+_11430080.23-P1P2	3	6	835	6217
HS3ST1_+_11430466.23-P1P2	5202	1553	2521	1449
HS3ST1_-_11430034.23-P1P2	1457	3	1691	3278
HS3ST1_-_11430129.23-P1P2	0	0	657	1
HS3ST1_-_11430259.23-P1P2	0	0	447	1
HS3ST3A1_+_13505194.23-P1P2	1556	1	1327	1486
HS3ST3A1_+_13505251.23-P1P2	2676	11366	1707	2
HS3ST3A1_-_13505222.23-P1P2	3560	5	3436	6041
HS3ST3A1_-_13505261.23-P1P2	694	1906	1484	5
HS3ST3A1_-_13505271.23-P1P2	5	4423	1076	1
HSD11B2_+_67465052.23-P1P2	0	0	1495	0
HSD11B2_+_67465075.23-P1P2	1049	5347	1955	2269
HSD11B2_-_67464577.23-P1P2	1301	4033	2527	4
HSD11B2_-_67465416.23-P1P2	2662	2957	1626	3950
HSD11B2_-_67465496.23-P1P2	3855	6	749	4
HSD17B10_+_53461257.23-P1P2	0	0	304	1
HSD17B10_+_53461264.23-P1P2	0	0	0	0
HSD17B10_+_53461274.23-P1P2	1	6085	222	3
HSD17B10_+_53461288.23-P1P2	0	0	388	0
HSD17B10_-_53461152.23-P1P2	1	0	351	0
HSD17B11_+_88311908.23-P1P2	5	2	1145	3015
HSD17B11_+_88312368.23-P1P2	4077	2	1159	2013
HSD17B11_-_88311941.23-P1P2	1	2	859	2149
HSD17B11_-_88312169.23-P1P2	2485	3	427	1
HSD17B11_-_88312321.23-P1P2	1598	4696	837	2
HSD17B6_+_57157156.23-P1P2	1	0	1171	0
HSD17B6_+_57157195.23-P1P2	1	1	468	0
HSD17B6_-_57157117.23-P1P2	675	1	1870	0
HSD17B6_-_57157142.23-P1P2	2045	4	871	1715
HSD17B6_-_57157210.23-P1P2	0	0	415	0
HSD17B7_+_162760631.23-P2	0	0	0	0
HSD17B7_+_162760634.23-P2	0	0	195	0
HSD17B7_+_162761076.23-P2	0	0	68	0
HSD17B7_+_162767102.23-P1	3121	2	531	0
HSD17B7_-_162760641.23-P2	0	0	0	0
HSD17B7_-_162760645.23-P2	0	0	49	0
HSD17B7_-_162767234.23-P1	1288	0	472	0
HSD17B7_-_162767504.23-P1	2	0	1145	0
HSD17B7_-_162767509.23-P1	2379	1	1058	1
HSD17B7_-_162767513.23-P1	1450	3	1258	4460
HSD17B8_+_33172465.23-P1P2	5	8454	2471	1826
HSD17B8_+_33172471.23-P1P2	0	0	468	1
HSD17B8_+_33172837.23-P1P2	227	1	1703	0
HSD17B8_-_33172484.23-P1P2	3574	4	3360	3401
HSD17B8_-_33172506.23-P1P2	8	3658	1446	2150
HSPG2_+_22263355.23-P1P2	3564	2502	2459	4087
HSPG2_+_22263430.23-P1P2	1141	1533	1064	2061
HSPG2_+_22263476.23-P1P2	2286	2251	1126	1134
HSPG2_-_22263400.23-P1P2	940	6801	2738	1502
HSPG2_-_22263413.23-P1P2	3920	5	2653	0
HTR1A_+_63256650.23-P1P2	3064	4	1606	3913
HTR1A_+_63256965.23-P1P2	3	3	628	1942
HTR1A_-_63256596.23-P1P2	3272	3638	218	1233
HTR1A_-_63256605.23-P1P2	0	0	106	0
HTR1A_-_63256950.23-P1P2	1459	1	583	1559
HTR1B_+_78173107.23-P1P2	1617	1	1360	1412
HTR1B_+_78173116.23-P1P2	1324	0	940	3
HTR1B_-_78172810.23-P1P2	2806	4	2183	4678
HTR1B_-_78173157.23-P1P2	877	9153	1713	489
HTR1B_-_78173180.23-P1P2	1477	5	1377	3145
HTR1D_-_23520365.23-P1P2	3633	3	1453	1685
HTR1D_-_23520410.23-P1P2	1	0	659	0
HTR1D_-_23520422.23-P1P2	1527	4	589	2013
HTR1D_-_23520435.23-P1P2	3407	2609	1091	2060
HTR1D_-_23520815.23-P1P2	2122	1	250	498
HTR1E_+_87647282.23-P1P2	3417	3	3144	1935
HTR1E_+_87647294.23-P1P2	2004	4	1746	3531
HTR1E_+_87647320.23-P1P2	5	6015	1641	2097
HTR1E_-_87647265.23-P1P2	2028	4	2466	1
HTR1E_-_87647300.23-P1P2	944	1529	1600	4152
HTR1F_+_88039846.23-ENST00000319595.4	0	1	701	0
HTR1F_+_88039979.23-ENST00000319595.4	3244	5	816	1777
HTR1F_+_88040023.23-ENST00000319595.4	1	0	437	1
HTR1F_+_88040089.23-ENST00000319595.4	0	0	482	0
HTR1F_-_88040174.23-ENST00000319595.4	4	2	962	2126
HTR2A_+_47470987.23-P1P2	1067	1	887	0
HTR2A_+_47471013.23-P1P2	3494	5604	2479	7
HTR2A_-_47471019.23-P1P2	1357	0	1208	0
HTR2A_-_47471124.23-P1P2	1822	1	684	1
HTR2A_-_47471153.23-P1P2	1	2	306	1171
HTR2B_+_231989684.23-P1P2	0	0	0	0
HTR2B_+_231989764.23-P1P2	1450	1	337	258
HTR2B_+_231989768.23-P1P2	911	1	1015	1461
HTR2B_-_231989299.23-P1P2	4891	5	1516	1331
HTR2B_-_231989482.23-P1P2	1831	1	1084	1575
HTR2C_+_113818592.23-P1P2	8	5304	1006	1322
HTR2C_+_113818615.23-P1P2	1679	4	517	3636
HTR2C_+_113819100.23-P1P2	0	1726	859	1
HTR2C_+_113819106.23-P1P2	4	2	296	2909
HTR2C_-_113818931.23-P1P2	742	1	1054	2001
HTR3A_+_113845989.23-P1	2727	4811	2337	989
HTR3A_+_113848233.23-P2	1	2674	982	2
HTR3A_+_113848245.23-P2	1	0	806	0
HTR3A_-_113845952.23-P1	1	2	1379	0
HTR3A_-_113845969.23-P1	2882	0	1221	2
HTR3A_-_113845999.23-P1	2760	0	1364	2915
HTR3A_-_113846021.23-P1	4841	5007	3018	797
HTR3A_-_113848445.23-P2	2	1	687	1
HTR3A_-_113848644.23-P2	662	0	518	900
HTR3A_-_113848672.23-P2	2723	2	2321	2277
HTR4_+_148033614.23-P1P2	1593	3	1671	3941
HTR4_+_148033652.23-P1P2	1453	2808	2273	9233
HTR4_+_148033681.23-P1P2	4346	4	575	1853
HTR4_-_148033642.23-P1P2	2	2534	1094	0
HTR4_-_148033670.23-P1P2	1656	2	1829	1024
HTR6_+_19991375.23-P1P2	804	1	1299	1502
HTR6_+_19991408.23-P1P2	902	2960	1152	2
HTR6_+_19991734.23-P1P2	1177	7646	2189	5801
HTR6_+_19991854.23-P1P2	2	0	650	0
HTR6_+_19991859.23-P1P2	0	0	1001	0
HTR7_+_92617550.23-P1P2	3565	2	669	569
HTR7_+_92617714.23-P1P2	6216	4	2687	2526
HTR7_+_92617726.23-P1P2	1104	3	1310	1803
HTR7_-_92617318.23-P1P2	3240	5150	2229	1484
HTR7_-_92617706.23-P1P2	0	0	276	0
HUNK_+_33245444.23-P1P2	1278	0	1196	1884
HUNK_+_33245782.23-P1P2	1439	3	1479	0
HUNK_+_33245793.23-P1P2	1	0	807	1789
HUNK_-_33245366.23-P1P2	2	0	1823	0
HUNK_-_33245746.23-P1P2	1999	6377	869	0
IARS2_+_220267504.23-P1P2	0	0	0	0
IARS2_-_220267478.23-P1P2	0	0	82	0
IARS2_-_220267547.23-P1P2	0	0	0	0
IARS2_-_220267871.23-P1P2	1439	1	351	1
IARS2_-_220267910.23-P1P2	0	0	0	0
IARS_+_95055891.23-P1P2	0	0	0	0
IARS_+_95055951.23-P1P2	1502	0	124	0
IARS_-_95055573.23-P1P2	6	5136	343	1
IARS_-_95055772.23-P1P2	0	0	0	0
IARS_-_95055898.23-P1P2	0	0	0	0
IBTK_+_82950100.23-P2	1	0	482	1416
IBTK_+_82950510.23-P2	3415	1	1921	4
IBTK_+_82957399.23-P1	3735	5	3438	3758
IBTK_-_82950110.23-P2	3	5	640	4713
IBTK_-_82950489.23-P2	1471	1	632	1
IBTK_-_82950492.23-P2	0	0	557	0
IBTK_-_82957071.23-P1	2604	4	457	2341
IBTK_-_82957256.23-P1	5878	5088	2588	5638
IBTK_-_82957413.23-P1	4609	2709	2933	5316
IBTK_-_82957417.23-P1	5855	10926	1942	6
ICK_+_52926280.23-P1P2	1971	5	785	2718
ICK_+_52926421.23-P1P2	2243	4	1218	1
ICK_-_52926239.23-P1P2	0	0	343	1
ICK_-_52926526.23-P1P2	1443	1	1439	4192
ICK_-_52926543.23-P1P2	3763	2840	3262	2792
IDE_+_94333764.23-P1P2	706	2	1802	2648
IDE_+_94333770.23-P1P2	2	0	1209	1431
IDE_-_94333343.23-P1P2	4932	1	742	1
IDE_-_94333725.23-P1P2	1109	1	651	0
IDE_-_94333767.23-P1P2	6	6666	2011	2726
IDH3A_+_78423861.23-P2	5	2	1262	1949
IDH3A_+_78423872.23-P2	0	5	1712	2507
IDH3A_+_78424258.23-P2	2627	2	2872	3
IDH3A_+_78441707.23-P1	5552	3	5178	1974
IDH3A_+_78441754.23-P1	1586	2919	787	4
IDH3A_+_78442193.23-P1	1373	0	1338	2033
IDH3A_-_78423878.23-P2	2732	5221	3399	1797
IDH3A_-_78423902.23-P2	9273	6	3840	1816
IDH3A_-_78441693.23-P1	1534	4206	1466	0
IDH3A_-_78441772.23-P1	2070	5	968	1998
IDH3B_+_2644623.23-P1P2	2609	9255	2930	1676
IDH3B_+_2644775.23-P1P2	3	0	1164	3468
IDH3B_+_2644817.23-P1P2	2	2	1830	1920
IDH3B_+_2644830.23-P1P2	7	5049	829	3
IDH3B_-_2644813.23-P1P2	4654	2	1662	5
IDH3G_+_153059799.23-P1P2	6298	6	2313	9599
IDH3G_+_153059808.23-P1P2	1470	3	1923	1
IDH3G_-_153059366.23-P1P2	1449	3510	401	2131
IDH3G_-_153059412.23-P1P2	2466	3	1491	1
IDH3G_-_153059722.23-P1P2	1873	6	1131	3978
IFNAR2_+_34602240.23-P1P2	2684	2	591	1289
IFNAR2_+_34602250.23-P1P2	3	2	728	1270
IFNAR2_+_34602610.23-P1P2	3176	1	1685	3334
IFNAR2_+_34602657.23-P1P2	3	3052	948	0
IFNAR2_-_34602496.23-P1P2	2064	2	916	2
IFNGR1_+_137540471.23-P1P2	2023	1	3050	1423
IFNGR1_+_137540487.23-P1P2	1093	1	874	0
IFNGR1_+_137540523.23-P1P2	13	16843	1461	3210
IFNGR1_+_137540537.23-P1P2	3	1644	1611	1928
IFNGR1_-_137540477.23-P1P2	1481	5970	1697	1790
IFNGR2_-_34775766.23-P1P2	292	1296	1779	1692
IFNGR2_-_34775775.23-P1P2	3258	5174	2699	5280
IFNGR2_-_34775787.23-P1P2	706	8715	1839	794
IFNGR2_-_34775978.23-P1P2	1370	2686	2041	2683
IFNGR2_-_34776092.23-P1P2	4823	4	1030	2065
IGF1R_+_99191762.23-P1	6823	1058	1962	2
IGF1R_+_99191967.23-P1	1110	2606	1166	3019
IGF1R_+_99192030.23-P1	6225	8219	2769	7
IGF1R_+_99192323.23-P2	3981	6	2386	1741
IGF1R_+_99192837.23-P2	1049	1	431	2
IGF1R_-_99191775.23-P1	2839	1486	1514	1482
IGF1R_-_99191897.23-P1	4	2	285	3193
IGF1R_-_99192446.23-P2	3059	1	1969	3
IGF1R_-_99193200.23-P2	2387	0	1096	1783
IGF1R_-_99193205.23-P2	1441	0	2478	0
IGFBP7_+_57976128.23-P1P2	804	1	869	0
IGFBP7_+_57976155.23-P1P2	3708	11213	3013	3030
IGFBP7_-_57976337.23-P1P2	4561	2	1167	4114
IGFBP7_-_57976518.23-P1P2	2525	2488	955	1634
IGFBP7_-_57976521.23-P1P2	2155	2897	1204	2
IGSF10_-_151163679.23-P1P2	1812	6492	1121	5
IGSF10_-_151163801.23-P1P2	0	0	218	0
IGSF10_-_151163883.23-P1P2	0	0	76	0
IGSF10_-_151163891.23-P1P2	5	1533	283	3675
IGSF10_-_151163894.23-P1P2	3	3788	1438	4
IKBKAP_+_111695963.23-P1P2	7	5360	1234	1
IKBKAP_+_111696204.23-P1P2	1	0	444	2061
IKBKAP_-_111696022.23-P1P2	0	0	0	0
IKBKAP_-_111696163.23-P1P2	1	3	639	1269
IKBKAP_-_111696315.23-P1P2	2	0	350	0
IKBKB_+_42128863.23-P1P2	5	2783	731	2878
IKBKB_+_42129073.23-P1P2	1	0	1503	1
IKBKB_+_42129261.23-P1P2	725	0	851	1809
IKBKB_-_42129255.23-P1P2	3	3	1309	1349
IKBKB_-_42129287.23-P1P2	0	0	0	0
IKBKE_+_206644242.23-P1P2	2614	0	822	0
IKBKE_+_206644266.23-P1P2	0	0	84	0
IKBKE_+_206644277.23-P1P2	1278	0	316	1
IKBKE_-_206643852.23-P1P2	0	0	698	0
IKBKE_-_206644197.23-P1P2	1	5194	1214	1355
IKBKG_+_153775897.23-P1P2	1040	2	1520	2108
IKBKG_+_153775925.23-P1P2	1498	5272	333	0
IKBKG_-_153775854.23-P1P2	3288	2	2203	5934
IKBKG_-_153775860.23-P1P2	1	0	82	0
IKBKG_-_153775876.23-P1P2	0	1	1092	0
IL11RA_+_34652221.23-P1	1030	4420	1329	2
IL11RA_-_34650941.23-P1	2332	1	395	1
IL11RA_-_34650948.23-P1	0	0	798	1
IL11RA_-_34652609.23-P1	572	0	1528	733
IL11RA_-_34652612.23-P1	2	1	947	1
IL11RA_-_34653935.23-P2	2410	0	595	0
IL11RA_-_34653964.23-P2	1	0	535	0
IL11RA_-_34653970.23-P2	873	1	130	1
IL11RA_-_34654001.23-P2	869	2	1044	0
IL11RA_-_34654006.23-P2	0	2	375	0
IL2RB_+_37545497.23-P1P2	2	2089	820	0
IL2RB_+_37545511.23-P1P2	4205	2	1432	1578
IL2RB_+_37545900.23-P1P2	1298	4585	904	4640
IL2RB_+_37545905.23-P1P2	2785	0	1604	1
IL2RB_+_37545910.23-P1P2	1	0	1287	0
IL2RG_+_70329096.23-P2	3	1	1859	190
IL2RG_+_70329139.23-P2	1	3	377	0
IL2RG_+_70329189.23-P2	3	3341	348	0
IL2RG_+_70331406.23-P1	3541	3	1120	3353
IL2RG_-_70328757.23-P2	1571	6966	495	2055
IL2RG_-_70329159.23-P2	2	2	490	1254
IL2RG_-_70331197.23-P1	1	0	661	0
IL2RG_-_70331219.23-P1	0	0	0	0
IL2RG_-_70331360.23-P1	6	5022	447	0
IL2RG_-_70331412.23-P1	1357	0	433	0
IL3RA_+_1455676.23-P1P2	1727	2	531	0
IL3RA_+_1455736.23-P1P2	3	0	300	2029
IL3RA_+_1456154.23-P1P2	0	1	1919	0
IL3RA_-_1455747.23-P1P2	1	0	361	0
IL3RA_-_1455915.23-P1P2	1	3	1161	5633
IL4I1_+_50399642.23-ENST00000391826.2	1009	2	593	0
IL4I1_+_50400069.23-ENST00000391826.2	2552	4	1248	1213
IL4I1_+_50400079.23-ENST00000391826.2	0	2	1118	2112
IL4I1_+_50400190.23-ENST00000391826.2	1502	0	976	1768
IL4I1_+_50400194.23-ENST00000391826.2	0	0	498	0
IL5_+_131878809.23-P1	0	0	260	1
IL5_+_131879067.23-P1	3534	1	1909	0
IL5_+_131879164.23-P1	0	0	296	0
IL5_+_131892527.23-P2	6141	6	3573	6
IL5_+_131892549.23-P2	4229	2970	1857	4
IL5_+_131892554.23-P2	528	0	467	1435
IL5_-_131878821.23-P1	1623	0	228	0
IL5_-_131878826.23-P1	1418	0	1199	2
IL5_-_131892516.23-P2	4	3	1101	2017
IL5_-_131892533.23-P2	0	2	1154	1300
IL6R_+_154378041.23-P1P2	1318	3	1145	0
IL6R_+_154378078.23-P1P2	0	0	1400	0
IL6R_+_154378243.23-P1P2	1673	0	1771	2
IL6R_+_154378501.23-P1P2	1	0	1031	0
IL6R_-_154378088.23-P1P2	0	1	1135	1
ILKAP_+_239112103.23-P1P2	1109	6309	914	1084
ILKAP_-_239111833.23-P1P2	1323	6157	2939	5352
ILKAP_-_239111927.23-P1P2	272	0	770	0
ILKAP_-_239111971.23-P1P2	2	3	2392	1
ILKAP_-_239112268.23-P1P2	1448	2	1574	2225
ILK_+_6625007.23-P1P2	1528	3	1430	3614
ILK_+_6625020.23-P1P2	0	1948	1182	2166
ILK_+_6625041.23-P1P2	1765	6286	758	1718
ILK_+_6625437.23-P1P2	1782	1673	313	790
ILK_-_6625025.23-P1P2	935	1	1171	2054
IMPA1_+_82598098.23-P1P2	1552	1	3502	4
IMPA1_+_82598528.23-P1P2	5173	5473	1602	464
IMPA1_-_82598318.23-P1P2	11	3010	1903	5121
IMPA1_-_82598464.23-P1P2	1131	1	493	0
IMPA1_-_82598506.23-P1P2	2889	1	1641	3305
INPP1_+_191208702.23-P1P2	870	8280	2591	1810
INPP1_+_191208713.23-P1P2	1964	2906	938	0
INPP1_+_191208746.23-P1P2	0	0	84	1
INPP1_+_191208789.23-P1P2	1386	2	1619	0
INPP1_-_191208427.23-P1P2	7085	8589	1696	1647
INPP4B_+_143326357.23-P1	0	0	388	0
INPP4B_+_143326616.23-P1	2	1	264	2108
INPP4B_+_143767253.23-P2	1157	2420	671	2798
INPP4B_+_143767410.23-P2	1850	3	743	1827
INPP4B_-_143326342.23-P1	9	2446	259	2127
INPP4B_-_143326486.23-P1	1254	4	1615	1
INPP4B_-_143326589.23-P1	2	1	1103	2390
INPP4B_-_143766987.23-P2	6	10694	2021	1446
INPP4B_-_143767032.23-P2	2317	1396	1428	3332
INPP4B_-_143767035.23-P2	0	1	615	342
INPP5A_+_134351359.23-P1P2	2926	3	2068	1312
INPP5A_-_134351314.23-P1P2	2624	2192	1879	4010
INPP5A_-_134351317.23-P1P2	2932	6	3117	4306
INPP5A_-_134351347.23-P1P2	2	1	1368	0
INPP5A_-_134351369.23-P1P2	558	0	758	1
INPP5B_+_38397146.23-P2	1085	4	1836	3186
INPP5B_+_38397398.23-P2	1416	3133	1194	1749
INPP5B_+_38397417.23-P2	1151	0	1479	2
INPP5B_+_38412643.23-P1	1561	0	108	1831
INPP5B_+_38412656.23-P1	1196	0	1200	0
INPP5B_+_38412660.23-P1	3143	5	1522	1713
INPP5B_+_38412700.23-P1	6305	2748	3748	2784
INPP5B_-_38396961.23-P2	0	0	457	0
INPP5B_-_38397370.23-P2	7	1576	1277	3369
INPP5B_-_38412690.23-P1	1942	7840	2287	6
INPP5D_+_233925116.23-P1P2	0	0	235	0
INPP5D_-_233925064.23-P1P2	0	0	242	0
INPP5D_-_233925087.23-P1P2	3	2	1323	2736
INPP5D_-_233925093.23-P1P2	0	0	867	0
INPP5D_-_233925097.23-P1P2	2477	3	1610	1472
INPP5E_+_139334227.23-P1P2	1581	2446	1492	1106
INPP5E_-_139333888.23-P1P2	1490	2	1929	516
INPP5E_-_139334230.23-P1P2	6	1561	1989	1760
INPP5E_-_139334239.23-P1P2	1478	0	833	2
INPP5E_-_139334242.23-P1P2	1249	4862	1112	1473
INPP5F_+_121485591.23-ENST00000361976.2	1575	4342	1442	3
INPP5F_+_121485614.23-ENST00000361976.2	1388	2	2224	2958
INPP5F_+_121485618.23-ENST00000361976.2	0	0	0	0
INPP5F_+_121485629.23-ENST00000361976.2	3931	9137	2037	3376
INPP5F_+_121485648.23-ENST00000361976.2	2666	4181	697	2012
INPP5J_+_31519127.23-P1P2	1	2106	240	0
INPP5J_+_31519183.23-P1P2	1236	2	2488	1861
INPP5J_+_31519317.23-P1P2	1567	1	255	0
INPP5J_-_31518949.23-P1P2	504	1	1267	4454
INPP5J_-_31519427.23-P1P2	850	0	0	1
INPP5K_+_1419448.23-P1P2	1554	859	1874	1538
INPP5K_+_1419490.23-P1P2	1420	2	977	5143
INPP5K_+_1419864.23-P1P2	687	6579	2305	1789
INPP5K_+_1419876.23-P1P2	1	0	1810	0
INPP5K_-_1419649.23-P1P2	885	0	1215	1
INPPL1_+_71934965.23-P1P2	1785	1	965	2
INPPL1_+_71935911.23-P1P2	5332	1	1976	2957
INPPL1_+_71935916.23-P1P2	3	3	1464	1850
INPPL1_-_71935307.23-P1P2	2720	2006	2085	1130
INPPL1_-_71935867.23-P1P2	3486	2804	2013	3
INSRR_+_156828448.23-P1P2	3	0	258	1350
INSRR_-_156828800.23-P1P2	0	3	1403	1248
INSRR_-_156828836.23-P1P2	5357	3	2235	1580
INSRR_-_156828849.23-P1P2	1770	1	1121	1651
INSRR_-_156828859.23-P1P2	1392	3286	756	5395
INSR_-_7293986.23-P1P2	1	0	1232	0
INSR_-_7294287.23-P1P2	2	0	1580	1492
INSR_-_7294300.23-P1P2	4	8337	1229	0
INSR_-_7294303.23-P1P2	8	3	1457	5888
INSR_-_7294350.23-P1P2	1490	1	254	0
INS_+_2181939.23-P1P2	1510	4323	1779	1
INS_+_2182029.23-P1P2	4357	8	1162	7257
INS_+_2182348.23-P1P2	0	0	103	0
INS_+_2182408.23-P1P2	1236	0	1030	1153
INS_-_2182120.23-P1P2	4044	4	1558	2
IP6K1_+_49823755.23-P1P2	5	3	2831	3383
IP6K1_-_49823569.23-P1P2	5604	2	1821	5
IP6K1_-_49823766.23-P1P2	1120	3	1042	3254
IP6K1_-_49823914.23-P1P2	1387	2	1145	3
IP6K1_-_49823953.23-P1P2	1175	6993	1035	2
IP6K2_+_48754429.23-P1P2	1141	0	437	1
IP6K2_+_48754592.23-P1P2	0	0	187	0
IP6K2_+_48754601.23-P1P2	2417	1	1590	2627
IP6K2_+_48754608.23-P1P2	7	4579	1559	4
IP6K2_+_48754623.23-P1P2	1	0	738	0
IP6K3_+_33714188.23-P1P2	1	0	856	1
IP6K3_+_33714600.23-P1P2	1152	0	104	0
IP6K3_+_33714664.23-P1P2	3	2907	2130	1731
IP6K3_-_33714264.23-P1P2	1316	2	1017	2197
IP6K3_-_33714614.23-P1P2	2	1402	1194	0
IRAK1BP1_+_79577309.23-P1P2	2352	5	1030	3759
IRAK1BP1_+_79577314.23-P1P2	2635	5683	1796	8
IRAK1BP1_+_79577465.23-P1P2	6978	2422	2578	5257
IRAK1BP1_-_79577625.23-P1P2	2622	2690	1409	3634
IRAK1BP1_-_79577766.23-P1P2	448	1	1131	1
IRAK1_+_153279785.23-P2	1	3955	540	5
IRAK1_+_153284852.23-P1	3567	5	1647	1
IRAK1_+_153285122.23-P1	4660	2	3101	2
IRAK1_+_153285357.23-P1	1	0	1702	0
IRAK1_-_153279342.23-P2	809	4738	386	1
IRAK1_-_153279408.23-P2	0	1	174	0
IRAK1_-_153279421.23-P2	1521	2491	1369	1805
IRAK1_-_153279765.23-P2	3	2	432	1590
IRAK1_-_153284952.23-P1	5017	2312	2200	5
IRAK1_-_153284971.23-P1	1467	0	653	2
IRAK2_+_10206599.23-P1P2	2	3	1723	3278
IRAK2_+_10206626.23-P1P2	2874	1	2299	4
IRAK2_+_10206636.23-P1P2	4	5646	239	0
IRAK2_+_10206662.23-P1P2	2	2880	1155	0
IRAK2_-_10206984.23-P1P2	0	0	344	0
IRAK3_+_66582936.23-P1P2	6160	7	1760	1955
IRAK3_+_66583352.23-P1P2	0	1	277	0
IRAK3_+_66583378.23-P1P2	2562	5	1696	5725
IRAK3_-_66582971.23-P1P2	4563	221	478	2
IRAK3_-_66583446.23-P1P2	1860	2	529	1
IRAK4_+_44152829.23-P1P2	2821	3	2194	1652
IRAK4_+_44153187.23-P1P2	3652	3	1108	1547
IRAK4_+_44153198.23-P1P2	4487	7	2737	1717
IRAK4_-_44152824.23-P1P2	907	2597	794	43
IRAK4_-_44153180.23-P1P2	0	0	759	0
IRGC_+_44220301.23-P1P2	1701	4690	2530	1749
IRGC_-_44220256.23-P1P2	928	4	643	2177
IRGC_-_44220270.23-P1P2	1	0	479	0
IRGC_-_44220308.23-P1P2	4	5436	908	3
IRGC_-_44220484.23-P1P2	0	0	652	0
ISG20_+_89182652.23-P1P2	1606	19	1926	2
ISG20_-_89182420.23-P1P2	0	2	585	0
ISG20_-_89182477.23-P1P2	0	0	384	0
ISG20_-_89182482.23-P1P2	3657	3227	1581	1831
ISG20_-_89182700.23-P1P2	1180	2	748	1873
ISPD_+_16460681.23-P1P2	1035	2	1118	2731
ISPD_+_16461078.23-P1P2	1353	1	1911	0
ISPD_+_16461156.23-P1P2	1367	3	1766	2853
ISPD_-_16460724.23-P1P2	0	0	773	0
ISPD_-_16461140.23-P1P2	0	0	385	0
ISYNA1_+_18548478.23-P1P2	1	2	1393	1880
ISYNA1_-_18548521.23-P1P2	11916	25199	3329	3032
ISYNA1_-_18548778.23-P1P2	0	0	0	0
ISYNA1_-_18548921.23-P1P2	2703	1124	2264	1
ISYNA1_-_18548951.23-P1P2	2373	1742	1901	1818
ITGA2B_+_42466445.23-P1P2	1	1	612	1833
ITGA2B_+_42466453.23-P1P2	877	10016	1684	3
ITGA2B_+_42466468.23-P1P2	1623	2900	1251	1351
ITGA2B_+_42466805.23-P1P2	1392	1	670	2
ITGA2B_-_42466836.23-P1P2	1	0	463	0
ITGA4_+_182322245.23-P1P2	0	0	143	0
ITGA4_+_182322634.23-P1P2	2783	5511	350	1647
ITGA4_-_182322158.23-P1P2	7333	7520	1753	13
ITGA4_-_182322163.23-P1P2	2	0	1264	1475
ITGA4_-_182322489.23-P1P2	1134	4118	1505	2511
ITGAL_+_30484079.23-P1P2	2	0	553	2021
ITGAL_+_30484102.23-P1P2	1075	3	2231	3385
ITGAL_+_30484132.23-P1P2	4023	5	1407	4133
ITGAL_-_30484109.23-P1P2	1	2543	3038	1481
ITGAL_-_30484442.23-P1P2	1	0	1248	1581
ITK_+_156607897.23-P1P2	1	0	482	0
ITK_+_156607967.23-P1P2	0	0	0	0
ITK_-_156607962.23-P1P2	2	1	1442	0
ITK_-_156608278.23-P1P2	1713	1	379	0
ITK_-_156608310.23-P1P2	1601	0	879	0
ITPA_+_3190185.23-P1P2	2196	7721	2063	1997
ITPA_-_3190200.23-P1P2	1459	7870	1752	1890
ITPA_-_3190203.23-P1P2	1370	6	280	2301
ITPA_-_3190347.23-P1P2	0	0	759	1
ITPA_-_3190420.23-P1P2	912	2	1091	1
ITPK1_+_93581845.23-P1P2	2683	2	348	2049
ITPK1_+_93582024.23-P1P2	1	0	1280	1
ITPK1_-_93581593.23-P1P2	1574	1712	1089	133
ITPK1_-_93582058.23-P1P2	2	0	1836	0
ITPK1_-_93582180.23-P1P2	2880	1980	1515	4346
ITPKA_+_41786134.23-P1P2	2600	4237	2626	3776
ITPKA_+_41786478.23-P1P2	0	0	705	1
ITPKA_+_41786481.23-P1P2	0	0	791	0
ITPKA_+_41786489.23-P1P2	2604	1365	2559	1650
ITPKA_-_41786539.23-P1P2	2688	7867	2198	880
ITPKB_+_226925001.23-P1P2	1331	1	737	1
ITPKB_+_226926956.23-P1P2	2655	2	2706	477
ITPKB_+_226926966.23-P1P2	0	2	389	1
ITPKB_+_226926980.23-P1P2	3126	480	2842	3451
ITPKB_-_226926932.23-P1P2	945	0	415	0
ITPKC_-_41223032.23-P1P2	1648	7	2441	3436
ITPKC_-_41223038.23-P1P2	1673	1	976	2276
ITPKC_-_41223076.23-P1P2	5438	2246	2524	2420
ITPKC_-_41223079.23-P1P2	5089	4	1003	1183
ITPKC_-_41223402.23-P1P2	2887	2465	3225	1431
IYD_+_150690144.23-P1P2	1	2	1634	1
IYD_+_150690160.23-P1P2	2	3400	764	0
IYD_-_150690412.23-P1P2	1810	5	1564	2042
IYD_-_150690429.23-P1P2	1665	1	1458	0
IYD_-_150690678.23-P1P2	981	0	335	0
JAK1_+_65432014.23-P1P2	4	2	943	1527
JAK1_+_65432190.23-P1P2	1866	1	1714	1168
JAK1_-_65432134.23-P1P2	1186	2533	2610	1408
JAK1_-_65432165.23-P1P2	3114	4978	1187	1324
JAK1_-_65432205.23-P1P2	0	2611	98	2
JAK2_+_4985292.23-P1P2	3377	7	1389	2363
JAK2_+_4985359.23-P1P2	8	5350	2653	3588
JAK2_+_4985690.23-P1P2	1389	2	2241	3357
JAK2_-_4985114.23-P1P2	13	3211	1338	1973
JAK2_-_4985311.23-P1P2	3960	2988	2025	3
JAK3_+_17958397.23-P1P2	1673	3912	1693	3420
JAK3_-_17958431.23-P1P2	0	1	315	0
JAK3_-_17958737.23-P1P2	3336	2608	2627	2764
JAK3_-_17958773.23-P1P2	8	5135	2058	2
JAK3_-_17958785.23-P1P2	0	1	811	1
JAKMIP1_+_6201881.23-P1P2	3	1071	1545	0
JAKMIP1_+_6201893.23-P1P2	2389	5321	1009	3
JAKMIP1_-_6201808.23-P1P2	3656	3	569	2092
JAKMIP1_-_6201814.23-P1P2	1	0	1753	2
JAKMIP1_-_6202215.23-P1P2	2210	8215	1210	6110
KALRN_+_123813485.23-ENST00000360013.3	1257	0	227	1
KALRN_+_123813522.23-ENST00000360013.3	1152	2	1497	1
KALRN_-_123813683.23-ENST00000360013.3	9	7945	651	1535
KALRN_-_123813710.23-ENST00000360013.3	1263	1	2055	1
KALRN_-_123813719.23-ENST00000360013.3	0	0	355	1
KARS_+_75681221.23-P1P2	1016	1	317	0
KARS_+_75681360.23-P1P2	0	0	288	0
KARS_-_75681566.23-P1P2	0	0	0	0
KARS_-_75681928.23-P1P2	1166	8262	1783	6
KARS_-_75682058.23-P1P2	5192	4455	1400	1164
KAT2A_+_40273052.23-P1P2	7	5312	1884	0
KAT2A_+_40273327.23-P1P2	2004	3	1719	0
KAT2A_-_40273323.23-P1P2	2658	6	1159	1906
KAT2A_-_40273345.23-P1P2	812	1	948	784
KAT2A_-_40273376.23-P1P2	1754	2	1250	5223
KAT5_+_65479809.23-P1P2	2	1	1023	0
KAT5_-_65479710.23-P1P2	1700	0	818	1
KAT5_-_65479954.23-P1P2	0	0	426	1
KAT5_-_65480075.23-P1P2	0	0	320	0
KAT5_-_65480114.23-P1P2	0	1	569	0
KCNA1_-_5019086.23-P1P2	2	4525	794	4
KCNA1_-_5019322.23-P1P2	1356	1	351	873
KCNA1_-_5019414.23-P1P2	1441	1	0	883
KCNA1_-_5019494.23-P1P2	15	12053	2348	1882
KCNA1_-_5019497.23-P1P2	3138	1	971	0
KCNA4_+_30037828.23-P1P2	2	0	572	1
KCNA4_+_30037995.23-P1P2	494	2391	770	0
KCNA4_+_30038176.23-P1P2	3637	4145	3510	3078
KCNA4_-_30038072.23-P1P2	3542	6	1755	4033
KCNA4_-_30038287.23-P1P2	2060	1	803	2
KCNC4_+_110752981.23-P1P2	0	0	355	0
KCNC4_-_110752941.23-P1P2	1519	2	506	0
KCNC4_-_110752988.23-P1P2	1211	0	600	1
KCNC4_-_110753308.23-P1P2	2666	6602	1516	2
KCNC4_-_110753353.23-P1P2	1554	1193	871	1582
KCND2_+_119913222.23-P1P2	1116	8387	1336	1673
KCND2_+_119913227.23-P1P2	4195	6067	1809	2660
KCND2_+_119913746.23-P1P2	1248	2	651	3948
KCND2_+_119913752.23-P1P2	1017	4	2458	2467
KCND2_-_119913216.23-P1P2	65	0	561	0
KCND3_+_112531684.23-P1P2	1	3	1774	3405
KCND3_+_112531819.23-P1P2	1429	4	2217	1
KCND3_+_112531836.23-P1P2	1	0	1263	0
KCND3_+_112532291.23-P1P2	4	2471	2215	1622
KCND3_-_112531850.23-P1P2	0	2	1141	4377
KCNE1_+_35884464.23-P1P2	1499	1	446	0
KCNE1_+_35884476.23-P1P2	1354	1	372	0
KCNE1_-_35884072.23-P1P2	1543	2912	2227	1399
KCNE1_-_35884473.23-P1P2	4	1	437	2193
KCNE1_-_35884479.23-P1P2	694	2	822	1
KCNH2_+_150652414.23-P2	2419	5	1915	2038
KCNH2_+_150652478.23-P2	1950	1	1694	2
KCNH2_+_150652851.23-P2	2561	1531	1705	6458
KCNH2_+_150674914.23-P1	4	2	1666	1827
KCNH2_+_150674984.23-P1	1877	2	931	0
KCNH2_-_150652462.23-P2	1	1	1022	0
KCNH2_-_150652789.23-P2	2297	0	1298	0
KCNH2_-_150674997.23-P1	5386	4297	1919	3
KCNH2_-_150675014.23-P1	7	5979	2043	14
KCNH2_-_150675385.23-P1	4	0	1116	0
KCNH6_+_61600777.23-P1P2	2787	1367	1736	898
KCNH6_-_61600728.23-P1P2	2846	2148	2472	1434
KCNH6_-_61600747.23-P1P2	4	4	1439	3573
KCNH6_-_61600780.23-P1P2	2417	1	1869	1
KCNH6_-_61601164.23-P1P2	2004	4445	3202	2320
KCNH7_+_163695219.23-P1P2	15	9491	1034	1041
KCNH7_+_163695224.23-P1P2	1928	6	1775	1726
KCNH7_+_163695228.23-P1P2	3540	9828	2466	6
KCNH7_+_163695253.23-P1P2	2463	3	1536	3
KCNH7_-_163694912.23-P1P2	1097	0	315	0
KCNJ11_+_17410438.23-P1P2	1633	2451	1693	2
KCNJ11_+_17410460.23-P1P2	0	1	1712	1782
KCNJ11_-_17410845.23-P1P2	2166	8	1686	4233
KCNJ11_-_17410851.23-P1P2	1763	2	1772	761
KCNJ11_-_17410861.23-P1P2	1741	1	861	0
KCNJ12_+_21279686.23-P1P2	9	3802	3795	4444
KCNJ12_+_21279951.23-P1P2	6	2	1566	1710
KCNJ12_+_21280077.23-P1P2	3779	3582	2546	1876
KCNJ12_+_21280385.23-P1P2	0	0	0	441
KCNJ12_-_21280051.23-P1P2	1	0	272	1
KCNJ1_+_128736754.23-P1P2	5021	5	1755	3
KCNJ1_+_128737130.23-P1P2	0	0	127	0
KCNJ1_-_128736790.23-P1P2	1778	0	652	1
KCNJ1_-_128736857.23-P1P2	2660	0	636	1
KCNJ1_-_128737204.23-P1P2	1483	9503	1548	1750
KCNJ3_+_155554546.23-P1P2	2388	2691	1720	3055
KCNJ3_+_155555275.23-P1P2	1	2	981	1677
KCNJ3_+_155555630.23-P1P2	5	2	1029	1997
KCNJ3_-_155554344.23-P1P2	1040	3	1752	1649
KCNJ3_-_155554823.23-P1P2	727	0	1915	0
KCNJ5_+_128761452.23-P1P2	833	0	625	1125
KCNJ5_+_128761813.23-P1P2	573	4	3712	3326
KCNJ5_-_128761270.23-P1P2	938	1	1051	0
KCNJ5_-_128761671.23-P1P2	1263	3522	1431	3
KCNJ5_-_128761704.23-P1P2	1775	2	1091	0
KCNJ6_+_39288469.23-P1P2	1196	1	1399	0
KCNJ6_-_39288204.23-P1P2	3154	2	769	13
KCNJ6_-_39288604.23-P1P2	2332	2	803	2229
KCNJ6_-_39288642.23-P1P2	503	1	491	0
KCNJ6_-_39288645.23-P1P2	1	1	137	1108
KCNJ8_-_21927237.23-P1P2	1486	1	455	1803
KCNJ8_-_21927578.23-P1P2	2832	1410	1543	2856
KCNJ8_-_21927604.23-P1P2	2	0	502	1157
KCNJ8_-_21927607.23-P1P2	2634	0	950	1834
KCNJ8_-_21927679.23-P1P2	796	0	309	0
KCNK1_+_233749927.23-P1P2	2385	3855	1966	4
KCNK1_+_233749967.23-P1P2	1557	2628	370	1
KCNK1_+_233750266.23-P1P2	3147	4	643	3234
KCNK1_-_233749936.23-P1P2	9	1	2318	1
KCNK1_-_233749964.23-P1P2	2	1775	591	1310
KCNK2_+_215256151.23-P1P2	1269	0	1823	2
KCNK2_+_215256458.23-P1P2	1475	3	1304	3848
KCNK2_+_215256491.23-P1P2	1	2	1790	1532
KCNK2_-_215256074.23-P1P2	1	0	122	0
KCNK2_-_215256119.23-P1P2	2974	2	2007	1
KCNK3_+_26916020.23-P1P2	2321	7	2285	4486
KCNK3_-_26915657.23-P1P2	4889	7	2685	1840
KCNK3_-_26915669.23-P1P2	7	1	1512	3429
KCNK3_-_26915751.23-P1P2	6292	1	1215	770
KCNK3_-_26915856.23-P1P2	4075	2	1061	3429
KCNK6_+_38810521.23-P1P2	735	5	2131	3435
KCNK6_+_38810906.23-P1P2	1357	2183	1994	2
KCNK6_-_38810505.23-P1P2	1064	2	1946	3057
KCNK6_-_38810536.23-P1P2	1621	2	2394	1966
KCNK6_-_38810912.23-P1P2	3	0	691	1964
KCNK9_+_140715226.23-ENST00000303015.1,ENST00000520439.1	4272	3	1766	5
KCNK9_-_140714957.23-ENST00000303015.1,ENST00000520439.1	879	2	1006	1085
KCNK9_-_140714960.23-ENST00000303015.1,ENST00000520439.1	1	0	760	0
KCNK9_-_140715164.23-ENST00000303015.1,ENST00000520439.1	2715	2	1082	1872
KCNK9_-_140715167.23-ENST00000303015.1,ENST00000520439.1	1160	3	500	1560
KCNMA1_+_79397032.23-P1P2	712	4	2110	959
KCNMA1_+_79397135.23-P1P2	1610	4856	1538	0
KCNMA1_+_79397479.23-P1P2	1820	0	1641	0
KCNMA1_-_79397061.23-P1P2	828	1414	1378	3123
KCNMA1_-_79397295.23-P1P2	1159	1	676	0
KCNMB1_+_169815957.23-P1P2	2833	1	814	1
KCNMB1_+_169815960.23-P1P2	880	2	325	1639
KCNMB1_+_169815968.23-P1P2	995	5690	990	2
KCNMB1_-_169816143.23-P1P2	1430	2484	2120	48
KCNMB1_-_169816148.23-P1P2	1647	2	956	1978
KCNMB2_+_178254284.23-P2	2130	0	443	2
KCNMB2_+_178254689.23-P2	9	1	3487	3784
KCNMB2_+_178276652.23-P1	0	0	877	0
KCNMB2_+_178276657.23-P1	2	2	1351	3104
KCNMB2_-_178254030.23-P2	3	2954	437	0
KCNMB2_-_178254189.23-P2	2463	0	710	1
KCNMB2_-_178254499.23-P2	2	0	877	0
KCNMB2_-_178276701.23-P1	0	1	454	0
KCNMB2_-_178276709.23-P1	0	0	0	0
KCNMB2_-_178276756.23-P1	2336	1294	1544	975
KCNMB3_+_178977357.23-P1P2	1	1	1045	2398
KCNMB3_+_178977629.23-P1P2	1394	2795	1516	1825
KCNMB3_+_178977723.23-P1P2	3302	2	227	1
KCNMB3_+_178977741.23-P1P2	1727	2	1112	1
KCNMB3_-_178977600.23-P1P2	0	0	236	0
KCNMB4_+_70760330.23-P1P2	2	1	1011	1
KCNMB4_-_70760118.23-P1P2	855	1632	937	2
KCNMB4_-_70760511.23-P1P2	1335	2	1572	174
KCNMB4_-_70760532.23-P1P2	9	4350	1211	7156
KCNMB4_-_70760746.23-P1P2	1607	8501	1524	1551
KCNN1_+_18063076.23-P1P2	2383	5	2258	4024
KCNN1_+_18063134.23-P1P2	4816	3	2367	1045
KCNN1_+_18063519.23-P1P2	2765	0	873	0
KCNN1_-_18063147.23-P1P2	1171	94	2460	56
KCNN1_-_18063456.23-P1P2	0	0	680	0
KCNN2_+_113697798.23-P1P2	3080	3	2609	5
KCNN2_+_113697829.23-P1P2	0	0	143	0
KCNN2_+_113697843.23-P1P2	3945	2391	1154	779
KCNN2_+_113698151.23-P1P2	4524	5204	5149	1477
KCNN2_+_113698242.23-P1P2	117	3724	1863	1725
KCNN3_+_154842706.23-P1P2	0	0	1434	0
KCNN3_-_154842280.23-P1P2	0	0	0	0
KCNN3_-_154842704.23-P1P2	1	0	146	0
KCNN3_-_154842713.23-P1P2	0	0	170	0
KCNN3_-_154842724.23-P1P2	3	6405	997	1
KCNN4_+_44284906.23-P1P2	6134	4917	2127	5
KCNN4_+_44284937.23-P1P2	0	0	236	0
KCNN4_+_44285161.23-P1P2	2209	3	1448	3
KCNN4_-_44285079.23-P1P2	3863	12452	3580	10366
KCNN4_-_44285120.23-P1P2	1492	150	1749	2535
KCNQ1_+_2466544.23-P1P2	604	3992	1451	1395
KCNQ1_+_2466618.23-P1P2	1237	5	1383	1546
KCNQ1_+_2466621.23-P1P2	3382	4	936	1323
KCNQ1_+_2466638.23-P1P2	721	4792	2779	4695
KCNQ1_-_2466650.23-P1P2	4473	5405	1048	1636
KCNQ2_+_62103790.23-P1P2	3743	0	1529	0
KCNQ2_+_62103793.23-P1P2	0	2	1298	1567
KCNQ2_+_62103935.23-P1P2	5337	8	1054	5714
KCNQ2_+_62103978.23-P1P2	6	4899	1698	5468
KCNQ2_-_62103929.23-P1P2	2557	2	1845	1
KCNQ3_+_133492647.23-P1P2	1357	0	959	1
KCNQ3_+_133492754.23-P1P2	1393	2	537	1449
KCNQ3_+_133492805.23-P1P2	2812	8	1874	6002
KCNQ3_-_133492956.23-P1P2	0	1	643	0
KCNQ3_-_133493125.23-P1P2	971	0	705	1
KDM5D_+_21906295.23-P1P2	0	1	382	1
KDM5D_+_21906541.23-P1P2	3200	1	676	1
KDM5D_+_21906586.23-P1P2	0	0	112	0
KDM5D_-_21906378.23-P1P2	0	1	839	0
KDM5D_-_21906567.23-P1P2	1	0	144	0
KDR_+_55991343.23-P1P2	1572	2	753	2035
KDR_+_55991723.23-P1P2	0	1	1319	0
KDR_-_55991556.23-P1P2	6	7928	1168	5
KDR_-_55991659.23-P1P2	699	0	414	1
KDR_-_55991711.23-P1P2	1363	2029	1469	1903
KHK_+_27309661.23-P1P2	2273	3	2284	1599
KHK_-_27309646.23-P1P2	3327	3	3815	8
KHK_-_27309660.23-P1P2	776	2	1867	2626
KHK_-_27309691.23-P1P2	5837	4650	3143	3182
KHK_-_27310225.23-P1P2	902	2	660	2059
KIAA1804_+_233463529.23-P1P2	1204	1755	3447	4
KIAA1804_-_233463488.23-P1P2	1524	2	631	1601
KIAA1804_-_233463497.23-P1P2	1913	1	1999	1
KIAA1804_-_233463538.23-P1P2	0	0	130	0
KIAA1804_-_233463924.23-P1P2	452	0	529	1009
KIDINS220_+_8977705.23-P1P2	3024	1	1169	3
KIDINS220_+_8977718.23-P1P2	1	1	1850	0
KIDINS220_-_8977662.23-P1P2	2009	5673	1294	5
KIDINS220_-_8977666.23-P1P2	0	0	1337	0
KIDINS220_-_8977717.23-P1P2	3932	4279	576	1821
KIF1A_+_241759146.23-P1P2	3251	2	886	1235
KIF1A_+_241759532.23-P1P2	0	0	0	0
KIF1A_-_241759231.23-P1P2	455	1	794	0
KIF1A_-_241759412.23-P1P2	1999	9448	1931	4434
KIF1A_-_241759571.23-P1P2	2	4348	1920	1446
KIF3B_+_30865451.23-P1P2	0	0	0	0
KIF3B_+_30865924.23-P1P2	2	0	362	1393
KIF3B_-_30865450.23-P1P2	5	5	785	2226
KIF3B_-_30865486.23-P1P2	1262	3	1069	1425
KIF3B_-_30865877.23-P1P2	562	2518	2255	1013
KIF5B_+_32344894.23-P1P2	0	0	186	0
KIF5B_+_32344897.23-P1P2	1687	1527	798	3744
KIF5B_+_32344939.23-P1P2	1409	0	351	0
KIF5B_+_32345321.23-P1P2	3	0	575	0
KIF5B_+_32345338.23-P1P2	4	3059	1477	963
KIT_+_55524150.23-P1P2	2635	1	1359	0
KIT_+_55524176.23-P1P2	4244	2952	3657	1688
KIT_+_55524359.23-P1P2	1018	1	1376	1862
KIT_-_55524160.23-P1P2	1	0	830	0
KIT_-_55524188.23-P1P2	3008	11460	1567	2174
KLK1_+_51324527.23-P2	0	0	148	0
KLK1_+_51324544.23-P2	1121	3199	425	4
KLK1_+_51324956.23-P2	2177	4	1278	1874
KLK1_+_51326601.23-P1	6	2	860	2051
KLK1_-_51324594.23-P2	0	0	0	0
KLK1_-_51324924.23-P2	994	5	1005	1925
KLK1_-_51326562.23-P1	5	1	883	1423
KLK1_-_51326846.23-P1	1215	6220	677	1617
KLK1_-_51326972.23-P1	1126	0	151	501
KLK1_-_51327024.23-P1	5070	3	886	2190
KLK6_+_51471528.23-P1P2	1	3439	613	2
KLK6_+_51472052.23-P1P2	0	0	0	0
KLK6_+_51472749.23-P1P2	1	1	1570	0
KLK6_+_51472771.23-P1P2	2340	1	1322	4
KLK6_+_51472790.23-P1P2	800	2	1220	2821
KRT12_+_39022993.23-P1P2	0	0	44	0
KRT12_-_39023394.23-P1P2	7805	6003	4364	3188
KRT12_-_39023397.23-P1P2	4277	5244	1602	2
KRT12_-_39023418.23-P1P2	4162	6	2316	1849
KRT12_-_39023468.23-P1P2	1	1	1116	0
KRT7_+_52627078.23-P1P2	4	1	421	3245
KRT7_+_52627099.23-P1P2	2673	4	1665	0
KRT7_+_52627457.23-P1P2	948	0	394	1
KRT7_+_52627460.23-P1P2	1434	4	891	1766
KRT7_-_52627069.23-P1P2	913	1	1633	2
KRT8_+_53298420.23-P1	826	1	856	1
KRT8_-_53298394.23-P1	1356	4907	405	2
KRT8_-_53298402.23-P1	1357	0	1	1
KRT8_-_53298430.23-P1	1181	5	2403	1447
KRT8_-_53298844.23-P1	0	0	510	0
KRT8_-_53343612.23-P2	0	1	446	0
KRT8_-_53343627.23-P2	6	7158	1269	140
KRT8_-_53343631.23-P2	1964	2	1087	2
KRT8_-_53343656.23-P2	1	0	454	1828
KRT8_-_53343659.23-P2	3	0	983	0
KRTAP5-3_+_1629259.23-ENST00000399685.1	3	2762	1155	1486
KRTAP5-3_+_1629268.23-ENST00000399685.1	4269	3	1764	1580
KRTAP5-3_+_1629271.23-ENST00000399685.1	1576	2	425	357
KRTAP5-3_-_1629335.23-ENST00000399685.1	0	0	1134	1
KRTAP5-3_-_1629695.23-ENST00000399685.1	1402	2612	594	1
KSR1_+_25783466.23-P1P2	1313	2400	1971	2
KSR1_+_25783477.23-P1P2	4597	2687	2621	1302
KSR1_-_25783482.23-P1P2	164	3050	2196	2671
KSR1_-_25783511.23-P1P2	7132	5755	3468	1773
KSR1_-_25783532.23-P1P2	2257	8773	1269	5
KSR2_+_118406731.23-P1P2	2031	0	1232	2
KSR2_+_118406762.23-P1P2	5	4769	739	2
KSR2_+_118406769.23-P1P2	2046	3	2523	1414
KSR2_+_118406774.23-P1P2	1	1234	429	1
KSR2_-_118406394.23-P1P2	0	0	270	0
KYNU_+_143635215.23-P1P2	0	0	129	0
KYNU_+_143635278.23-P1P2	1020	2	1460	0
KYNU_-_143635275.23-P1P2	3770	2877	969	2059
KYNU_-_143635293.23-P1P2	1182	1	797	0
KYNU_-_143635645.23-P1P2	1	0	777	0
L3MBTL1_+_42136344.23-P2	1030	2402	1010	1231
L3MBTL1_+_42136365.23-P2	2629	5017	4492	5539
L3MBTL1_+_42143141.23-P1	742	0	1389	0
L3MBTL1_-_42136354.23-P2	8319	17154	4364	898
L3MBTL1_-_42136364.23-P2	2362	2	2843	1180
L3MBTL1_-_42136371.23-P2	2664	2601	1554	3194
L3MBTL1_-_42143151.23-P1	2571	1	2554	1737
L3MBTL1_-_42143161.23-P1	1015	5108	1307	5611
L3MBTL1_-_42143172.23-P1	1498	8197	958	4851
L3MBTL1_-_42143564.23-P1	985	6	258	3741
LALBA_+_48963797.23-ENST00000301046.2	0	0	116	0
LALBA_+_48963811.23-ENST00000301046.2	1	1581	252	1136
LALBA_-_48963595.23-ENST00000301046.2	1	1	994	0
LALBA_-_48963761.23-ENST00000301046.2	826	0	956	1010
LALBA_-_48963787.23-ENST00000301046.2	27	2	1072	1344
LAMTOR3_+_100815555.23-P1P2	1273	6130	1278	497
LAMTOR3_-_100815535.23-P1P2	2714	0	788	2
LAMTOR3_-_100815552.23-P1P2	2	1	407	1880
LAMTOR3_-_100815640.23-P1P2	1237	2	517	1226
LAMTOR3_-_100815661.23-P1P2	1	3358	1	0
LAP3_+_17579100.23-P1P2	2821	0	415	0
LAP3_-_17579200.23-P1P2	1217	0	403	1
LAP3_-_17579203.23-P1P2	1569	0	1162	2609
LAP3_-_17579493.23-P1P2	2	1	1638	3312
LAP3_-_17579614.23-P1P2	3	0	1510	3396
LARS2_+_45430021.23-P1P2	2	0	674	0
LARS2_+_45430090.23-P1P2	376	8664	666	1317
LARS2_+_45430506.23-P1P2	1	4759	159	1
LARS2_-_45430125.23-P1P2	762	3776	1448	2
LARS2_-_45430128.23-P1P2	724	2	374	0
LARS_+_145561989.23-P1P2	0	0	115	1483
LARS_+_145562128.23-P1P2	0	0	226	0
LARS_+_145562134.23-P1P2	482	0	234	0
LARS_-_145562114.23-P1P2	0	0	125	0
LARS_-_145562203.23-P1P2	0	0	0	0
LATS1_+_150039161.23-P1P2	2609	13900	793	11
LATS1_+_150039188.23-P1P2	1	0	1434	0
LATS1_+_150039222.23-P1P2	2092	4274	4068	3210
LATS1_-_150038761.23-P1P2	2	1	1096	1660
LATS1_-_150038990.23-P1P2	2240	3247	1796	1866
LATS2_+_21635251.23-P1P2	2226	4747	2163	1846
LATS2_-_21635178.23-P1P2	3304	4132	2682	1964
LATS2_-_21635258.23-P1P2	4853	4092	2007	3
LATS2_-_21635336.23-P1P2	7	4459	2819	3235
LATS2_-_21635690.23-P1P2	3	1	729	949
LAT_+_28996465.23-P1P2	6615	6	1599	2625
LAT_+_28996485.23-P1P2	1	0	1653	1
LAT_+_28996688.23-P1P2	0	0	80	0
LAT_+_28996937.23-P1P2	0	0	524	0
LAT_-_28996455.23-P1P2	0	0	1134	0
LCK_+_32716915.23-P1P2	1684	2	1089	4000
LCK_+_32717338.23-P1P2	1	0	1102	2207
LCK_-_32716887.23-P1P2	2183	2788	1464	3298
LCK_-_32716924.23-P1P2	1010	2876	2072	1965
LCK_-_32717116.23-P1P2	2056	1	1585	4473
LCMT1_+_25123085.23-P1P2	0	0	0	0
LCMT1_+_25123226.23-P1P2	1182	1	1641	1
LCMT1_+_25123445.23-P1P2	1677	1	1836	2
LCMT1_+_25123449.23-P1P2	4712	2	2356	4139
LCMT1_-_25123277.23-P1P2	2701	4305	2788	2
LCMT2_+_43622733.23-P1P2	469	0	849	0
LCMT2_+_43622751.23-P1P2	3043	7767	1898	1894
LCMT2_-_43622704.23-P1P2	1	0	165	0
LCMT2_-_43622722.23-P1P2	2876	3	1263	3
LCMT2_-_43622770.23-P1P2	6415	2713	957	1
LCN2_+_130911773.23-P1P2	1438	1	1185	1393
LCN2_+_130911807.23-P1P2	1	0	810	1
LCN2_+_130912126.23-P1P2	4	1	858	3536
LCN2_+_130912149.23-P1P2	3911	7	839	1260
LCN2_-_130911824.23-P1P2	3451	2	252	380
LCN9_+_138555199.23-P1P2	6	7104	767	0
LCN9_-_138555161.23-P1P2	2510	0	1925	2165
LCN9_-_138555439.23-P1P2	0	0	695	0
LCN9_-_138555579.23-P1P2	4	4936	127	1
LCN9_-_138555590.23-P1P2	0	0	0	0
LCTL_+_66857933.23-P1P2	1220	5494	1254	2
LCTL_+_66857974.23-P1P2	5	3090	1307	1107
LCTL_+_66858295.23-P1P2	2	3	975	1
LCTL_-_66858269.23-P1P2	1307	0	596	1
LCTL_-_66858312.23-P1P2	1063	2757	1629	1031
LCT_+_136594672.23-P1P2	3	0	2087	1592
LCT_-_136594275.23-P1P2	3971	2	1406	1
LCT_-_136594360.23-P1P2	4303	3276	2782	1
LCT_-_136594534.23-P1P2	1	0	519	0
LCT_-_136594647.23-P1P2	0	0	343	0
LDHAL6A_+_18477783.23-P1P2	863	0	873	1
LDHAL6A_+_18477799.23-P1P2	1148	2755	1272	1336
LDHAL6A_-_18477532.23-P1P2	2797	8950	1517	5531
LDHAL6A_-_18477811.23-P1P2	1	0	824	0
LDHAL6A_-_18477819.23-P1P2	3168	5576	1584	1932
LDHAL6B_+_59499201.23-P1P2	2823	4771	1146	2
LDHAL6B_+_59499247.23-P1P2	4	0	1184	0
LDHAL6B_-_59499053.23-P1P2	9	3	2411	2058
LDHAL6B_-_59499074.23-P1P2	4649	5223	2812	8
LDHAL6B_-_59499089.23-P1P2	1336	6189	688	1566
LDHC_+_18434083.23-P1P2	1265	3	1352	2629
LDHC_-_18433878.23-P1P2	1403	3	4479	2093
LDHC_-_18433892.23-P1P2	9	5374	1919	5060
LDHC_-_18433955.23-P1P2	1111	2	1014	1355
LDHC_-_18434413.23-P1P2	2489	3	820	2148
LEPRE1_+_43232635.23-P1P2	0	0	1039	0
LEPRE1_+_43232646.23-P1P2	1717	0	855	0
LEPRE1_+_43232654.23-P1P2	3204	2329	2817	1625
LEPRE1_+_43232678.23-P1P2	2383	1	708	0
LEPRE1_-_43232661.23-P1P2	0	1	181	2
LEPREL1_+_189838039.23-P1P2	5166	2501	1197	1744
LEPREL1_+_189838649.23-P1P2	926	2	1443	3180
LEPREL1_+_189838670.23-P1P2	2750	4	1440	1814
LEPREL1_-_189838684.23-P1P2	0	1	1989	1
LEPREL1_-_189838687.23-P1P2	1432	1	891	2
LEPREL2_+_6937569.23-P1P2	1503	6	1277	4586
LEPREL2_+_6937961.23-P1P2	862	0	1043	0
LEPREL2_+_6937964.23-P1P2	3258	2	2849	1402
LEPREL2_+_6938059.23-P1P2	2259	4568	1103	2
LEPREL2_-_6938000.23-P1P2	1266	2	2382	1640
LGALS2_+_37976013.23-P1P2	441	2	352	0
LGALS2_+_37976049.23-P1P2	4	2702	1344	3042
LGALS2_-_37975827.23-P1P2	0	0	0	0
LGALS2_-_37975929.23-P1P2	5882	6	1813	4
LGALS2_-_37976033.23-P1P2	1	1	924	0
LGALS7_+_39263633.23-ENST00000378626.4	17	2	793	1785
LGALS7_+_39264103.23-ENST00000378626.4	0	0	0	0
LGALS7_-_39263666.23-ENST00000378626.4	908	0	2405	443
LGALS7_-_39263857.23-ENST00000378626.4	1	3447	1871	1
LGALS7_-_39264038.23-ENST00000378626.4	5	6	2064	2752
LGALS9_+_25958315.23-P1P2	2	6448	831	770
LGALS9_-_25958240.23-P1P2	840	1	802	2069
LGALS9_-_25958253.23-P1P2	2	0	719	0
LGALS9_-_25958483.23-P1P2	3	1	1096	2041
LGALS9_-_25958621.23-P1P2	0	0	406	0
LGSN_+_64029422.23-P1P2	4719	5	1642	2
LGSN_+_64029425.23-P1P2	5	4591	1145	2826
LGSN_-_64029669.23-P1P2	0	0	359	1922
LGSN_-_64029738.23-P1P2	0	0	429	0
LGSN_-_64029830.23-P1P2	1	0	339	0
LHCGR_+_48982338.23-P1P2	0	0	637	1
LHCGR_+_48982838.23-P1P2	1325	1	647	1
LHCGR_-_48982427.23-P1P2	3	4139	964	4245
LHCGR_-_48982440.23-P1P2	0	0	143	0
LHCGR_-_48982811.23-P1P2	5180	4820	3305	3434
LHPP_+_126150437.23-P1P2	2609	4659	2693	4720
LHPP_+_126150786.23-P1P2	1534	0	198	1
LHPP_-_126150444.23-P1P2	715	1	1715	1516
LHPP_-_126150451.23-P1P2	3351	2931	2832	1
LHPP_-_126150782.23-P1P2	1386	1	1928	1
LIAS_+_39460679.23-P1P2	0	0	0	0
LIAS_+_39460685.23-P1P2	0	0	0	0
LIAS_+_39461140.23-P1P2	1	1	1535	2
LIAS_-_39460775.23-P1P2	1	0	183	0
LIAS_-_39461156.23-P1P2	4	1	647	3730
LIMK1_+_73498172.23-P1	3753	1	1010	1389
LIMK1_+_73498175.23-P1	5	3296	654	0
LIMK1_+_73498555.23-P1	3	2	2963	1
LIMK1_+_73507537.23-P2	0	0	0	0
LIMK1_+_73507595.23-P2	2776	2	1415	1389
LIMK1_+_73507614.23-P2	0	0	0	0
LIMK1_+_73507647.23-P2	0	0	406	1
LIMK1_-_73498189.23-P1	3137	1	2070	1
LIMK1_-_73498366.23-P1	0	0	745	0
LIMK1_-_73507588.23-P2	4637	3473	1310	1453
LIMK2_-_31608303.23-P1P2	0	1	679	2662
LIMK2_-_31608420.23-P1P2	1	0	1254	1599
LIMK2_-_31608608.23-P1P2	2395	2	498	3480
LIMK2_-_31608641.23-P1P2	0	0	268	0
LIMK2_-_31608698.23-P1P2	1	0	889	0
LIPA_+_91011062.23-P1P2	3863	0	1552	3
LIPA_+_91011512.23-P1P2	1584	4763	1862	4994
LIPA_+_91011586.23-P1P2	3086	3	873	4648
LIPA_-_91011199.23-P1P2	1108	6	2093	3700
LIPA_-_91011546.23-P1P2	1206	6212	955	1
LIPF_+_90424226.23-P1P2	0	0	172	0
LIPF_+_90424306.23-P1P2	0	0	0	0
LIPF_-_90424381.23-P1P2	0	0	302	0
LIPF_-_90424448.23-P1P2	0	0	0	0
LIPF_-_90424616.23-P1P2	1437	1	712	1896
LIPJ_-_90346531.23-P1P2	2103	5198	1618	2507
LIPJ_-_90346602.23-P1P2	1144	0	989	1
LIPJ_-_90346894.23-P1P2	0	1	342	0
LIPJ_-_90346942.23-P1P2	3	3	724	3086
LIPJ_-_90346948.23-P1P2	7	4129	2	1761
LIPT1_+_99771478.23-P1P2	813	8902	2064	1585
LIPT1_+_99771489.23-P1P2	0	2	1071	0
LIPT1_+_99771539.23-P1P2	1276	3916	3033	1626
LIPT1_-_99771504.23-P1P2	5	1766	2356	1351
LIPT1_-_99771518.23-P1P2	8	3	2317	2438
LMAN1_+_57026445.23-P1P2	1606	0	813	1
LMAN1_-_57026050.23-P1P2	4164	1	781	1894
LMAN1_-_57026107.23-P1P2	0	0	0	0
LMAN1_-_57026186.23-P1P2	1529	3097	1919	1497
LMAN1_-_57026283.23-P1P2	1556	5	1410	3341
LMTK2_+_97736187.23-P1P2	1448	2339	1422	0
LMTK2_+_97736224.23-P1P2	1	0	1227	0
LMTK2_-_97736196.23-P1P2	828	663	2387	2887
LMTK2_-_97736236.23-P1P2	2622	1	2596	2803
LMTK2_-_97736262.23-P1P2	2	3	3012	0
LMTK3_+_49016391.23-P1P2	8	2	2025	1893
LMTK3_+_49016507.23-P1P2	2471	6634	1352	3241
LMTK3_+_49016817.23-P1P2	1625	2	3188	5493
LMTK3_+_49016834.23-P1P2	2981	2	2220	6423
LMTK3_-_49016875.23-P1P2	1575	5	1197	1648
LPA_+_161084930.23-P1P2	1516	5175	1536	3801
LPA_+_161085281.23-P1P2	2	0	150	1911
LPA_+_161085286.23-P1P2	0	0	0	0
LPA_-_161084950.23-P1P2	6199	3	1796	5380
LPA_-_161085028.23-P1P2	5	6	1371	6832
LPL_+_19796807.23-P1P2	2	1	1362	2368
LPL_+_19797226.23-P1P2	1590	1	1383	2584
LPL_+_19797288.23-P1P2	7	4	1073	6184
LPL_-_19796954.23-P1P2	1352	1	1363	1488
LPL_-_19797196.23-P1P2	2	2	901	0
LPPR2_+_11466136.23-P1P2	2659	2083	3028	1942
LPPR2_+_11466298.23-P1P2	2610	3	1828	4
LPPR2_-_11466214.23-P1P2	1	0	418	1
LPPR2_-_11466222.23-P1P2	0	0	0	0
LPPR2_-_11466260.23-P1P2	1	0	187	0
LRAT_+_155665197.23-P1P2	3	0	527	2002
LRAT_+_155665234.23-P1P2	0	0	396	0
LRAT_+_155665352.23-P1P2	2452	3	807	1
LRAT_-_155665206.23-P1P2	3983	5	1868	1619
LRAT_-_155665581.23-P1P2	1	0	75	0
LRP1_+_57522332.23-P1P2	2029	2	1644	2105
LRP1_+_57522866.23-P1P2	0	0	489	31
LRP1_-_57522286.23-P1P2	761	1	328	0
LRP1_-_57522313.23-P1P2	1409	1	2892	0
LRP1_-_57522328.23-P1P2	2654	340	1686	1
LRRK1_+_101459591.23-P1P2	2529	2	1983	1640
LRRK1_+_101459594.23-P1P2	3525	4	1581	1394
LRRK1_-_101459569.23-P1P2	0	0	315	0
LRRK1_-_101459969.23-P1P2	3526	5	4248	4343
LRRK1_-_101459997.23-P1P2	2073	4090	1306	3
LRRK2_+_40618843.23-P1P2	3534	4	2032	2
LRRK2_+_40618865.23-P1P2	3	0	1314	1333
LRRK2_+_40618871.23-P1P2	4331	4	2346	1
LRRK2_+_40619209.23-P1P2	1	2	728	2180
LRRK2_+_40619340.23-P1P2	1113	1	344	1
LSM6_+_147096955.23-P1P2	0	0	257	0
LSM6_-_147096910.23-P1P2	0	0	0	0
LSM6_-_147096913.23-P1P2	0	0	0	0
LSM6_-_147096927.23-P1P2	0	0	0	0
LSM6_-_147096958.23-P1P2	0	0	0	0
LSS_+_47648301.23-P1P2	1559	5013	1114	6
LSS_+_47648648.23-P1P2	0	0	0	0
LSS_+_47648683.23-P1P2	0	0	124	0
LSS_+_47648696.23-P1P2	0	0	0	0
LSS_-_47648468.23-P1P2	0	0	406	0
LTA4H_+_96429127.23-P1P2	0	0	1586	0
LTA4H_-_96428948.23-P1P2	1110	2	1053	3
LTA4H_-_96428968.23-P1P2	2417	1	1511	1
LTA4H_-_96429091.23-P1P2	1525	2207	1940	0
LTA4H_-_96429293.23-P1P2	4	1	703	3603
LTA_+_31540068.23-P1P2	5	3	2532	1819
LTA_+_31540111.23-P1P2	0	0	245	0
LTA_+_31540542.23-P1P2	0	0	298	1
LTA_-_31540065.23-P1P2	1337	5399	3071	1608
LTA_-_31540552.23-P1P2	0	0	98	0
LTC4S_+_179221418.23-P1P2	0	0	129	0
LTC4S_+_179221448.23-P1P2	1086	0	1717	1093
LTC4S_-_179221023.23-P1P2	1745	0	1764	3
LTC4S_-_179221076.23-P1P2	2457	4586	3308	1756
LTC4S_-_179221093.23-P1P2	1214	3767	1186	2
LTF_-_46505940.23-P1P2	7	5101	142	1190
LTF_-_46506319.23-P1P2	2	2	1730	1
LTF_-_46506342.23-P1P2	1534	2873	1738	2
LTF_-_46506380.23-P1P2	11	1	2049	3429
LTF_-_46506390.23-P1P2	1	0	1241	3761
LTK_+_41805579.23-P1P2	0	0	948	0
LTK_+_41805774.23-P1P2	3701	3	869	5
LTK_+_41806006.23-P1P2	3098	3	1038	1931
LTK_+_41806026.23-P1P2	6	5	1162	5801
LTK_-_41806018.23-P1P2	1514	1	652	2565
LY96_+_74903948.23-P1P2	3360	3	825	0
LY96_+_74903968.23-P1P2	0	0	123	0
LY96_+_74904029.23-P1P2	1408	1	1499	1
LY96_+_74904116.23-P1P2	5	1	620	0
LY96_-_74903941.23-P1P2	4	0	765	0
LYN_+_56792380.23-P1P2	0	0	247	0
LYN_+_56792447.23-P1P2	2431	4473	2885	1889
LYN_+_56792814.23-P1P2	2570	2673	2145	3
LYN_+_56792854.23-P1P2	1882	4886	2059	1244
LYN_-_56792769.23-P1P2	941	3	1362	4846
LYZ_+_69742152.23-P1P2	4	1	1371	1
LYZ_-_69742194.23-P1P2	0	5731	581	5
LYZ_-_69742245.23-P1P2	1170	0	876	2127
LYZ_-_69742379.23-P1P2	2	3	901	2054
LYZ_-_69742515.23-P1P2	1652	3	939	1852
M6PR_+_9101865.23-P1P2	1075	0	825	3
M6PR_+_9102204.23-P1P2	3597	1	1152	3
M6PR_+_9102212.23-P1P2	0	2	1373	1
M6PR_+_9102222.23-P1P2	0	0	80	0
M6PR_-_9102165.23-P1P2	4719	5	845	1597
MADD_+_47291222.23-P1P2	628	3080	213	4
MADD_+_47291231.23-P1P2	0	0	104	0
MADD_+_47291677.23-P1P2	3664	2	2291	2
MADD_+_47291704.23-P1P2	1947	4737	1312	4
MADD_-_47291717.23-P1P2	5	2577	1704	0
MAGI2_+_79082466.23-P1P2	0	0	463	0
MAGI2_+_79082500.23-P1P2	0	0	292	0
MAGI2_+_79082947.23-P1P2	1351	4	774	5415
MAGI2_-_79082928.23-P1P2	3787	4	898	8385
MAGI2_-_79082978.23-P1P2	2807	1	77	0
MAGI3_+_113933181.23-P1P2	6	5034	2794	3130
MAGI3_+_113933190.23-P1P2	1147	2	1669	4004
MAGI3_+_113933544.23-P1P2	3899	4	1743	14
MAGI3_+_113933548.23-P1P2	3863	7518	4058	2935
MAGI3_-_113933189.23-P1P2	3311	6	2538	3
MAK_+_10838700.23-P1P2	1588	0	768	1585
MAK_+_10838734.23-P1P2	1440	3	1963	2945
MAK_+_10838745.23-P1P2	8	5735	1608	728
MAK_-_10838377.23-P1P2	3804	2853	1324	1562
MAK_-_10838380.23-P1P2	0	0	87	0
MAN1A1_+_119670517.23-P1P2	2171	0	1446	1688
MAN1A1_+_119670521.23-P1P2	5	3467	674	3411
MAN1A1_-_119670721.23-P1P2	2115	2	1960	1775
MAN1A1_-_119670850.23-P1P2	5	2	1069	3352
MAN1A1_-_119670897.23-P1P2	3272	3	3197	3376
MAN1B1_+_139981719.23-P1P2	7423	7	897	2024
MAN1B1_-_139981488.23-P1P2	7686	2	722	951
MAN1B1_-_139981842.23-P1P2	2241	5	1916	1714
MAN1B1_-_139981868.23-P1P2	3293	2868	1862	2732
MAN1B1_-_139981992.23-P1P2	2148	3	1691	4351
MAN2A1_+_109025632.23-P1P2	0	0	120	0
MAN2A1_+_109025637.23-P1P2	1369	2	1007	2
MAN2A1_+_109025693.23-P1P2	1589	5871	1256	1664
MAN2A1_-_109025121.23-P1P2	2915	5060	970	3
MAN2A1_-_109026039.23-P1P2	3083	7	1570	1843
MAOB_+_43741293.23-P1P2	2	0	1970	0
MAOB_+_43741686.23-P1P2	1	0	621	0
MAOB_+_43741701.23-P1P2	1341	1562	1844	1491
MAOB_-_43741243.23-P1P2	1693	2	1292	1
MAOB_-_43741476.23-P1P2	8	4442	1696	526
MAP1A_+_43809808.23-P1P2	949	4	1181	1773
MAP1A_+_43809833.23-P1P2	688	7229	2246	8
MAP1A_+_43809863.23-P1P2	1	3831	1	2
MAP1A_+_43809866.23-P1P2	0	0	1574	1
MAP1A_-_43810238.23-P1P2	2768	4892	1914	7264
MAP2K1_-_66679278.23-P1P2	7135	4	3470	4877
MAP2K1_-_66679290.23-P1P2	3470	2269	2153	1779
MAP2K1_-_66679293.23-P1P2	1409	0	1510	2839
MAP2K1_-_66679296.23-P1P2	2	2805	1301	1
MAP2K1_-_66679776.23-P1P2	5	2073	765	1713
MAP2K2_+_4123670.23-P1P2	2181	1	1075	0
MAP2K2_+_4123678.23-P1P2	1556	6456	4437	6829
MAP2K2_+_4123712.23-P1P2	0	0	992	0
MAP2K2_+_4124064.23-P1P2	2101	1406	1425	2829
MAP2K2_-_4124092.23-P1P2	1886	3	2152	1383
MAP2K3_+_21188019.23-P1P2	8	4	1830	5700
MAP2K3_+_21188070.23-P1P2	1154	5	2328	3049
MAP2K3_+_21188189.23-P1P2	0	0	288	0
MAP2K3_+_21188207.23-P1P2	1588	2	1239	0
MAP2K3_-_21188034.23-P1P2	3599	2841	1579	1
MAP2K4_+_11924171.23-P1P2	798	2077	3002	4
MAP2K4_+_11924555.23-P1P2	1438	1	1867	1
MAP2K4_+_11924585.23-P1P2	587	0	1	0
MAP2K4_+_11924631.23-P1P2	1305	2	1740	1492
MAP2K4_-_11924225.23-P1P2	793	2	568	0
MAP2K5_+_67835091.23-P1P2	1453	2	2911	1
MAP2K5_+_67835094.23-P1P2	2426	3869	989	2902
MAP2K5_+_67835452.23-P1P2	1531	1	1470	2
MAP2K5_+_67835554.23-P1P2	800	0	486	0
MAP2K5_+_67835580.23-P1P2	4	6559	1825	3
MAP2K6_+_67410867.23-P1P2	6	2	1951	1858
MAP2K6_+_67410873.23-P1P2	1223	7659	836	3
MAP2K6_+_67410896.23-P1P2	1	3013	465	1
MAP2K6_+_67410900.23-P1P2	0	0	786	2247
MAP2K6_+_67410971.23-P1P2	1	2	1190	897
MAP2K7_+_7968839.23-P1P2	0	0	277	0
MAP2K7_+_7969168.23-P1P2	3278	925	1796	1592
MAP2K7_+_7969219.23-P1P2	3538	2	615	0
MAP2K7_-_7968835.23-P1P2	0	0	0	0
MAP2K7_-_7968965.23-P1P2	0	0	250	0
MAP3K10_+_40697325.23-P1P2	3301	4204	1674	4977
MAP3K10_+_40697392.23-P1P2	5236	683	1953	4323
MAP3K10_-_40697353.23-P1P2	4	2	955	4265
MAP3K10_-_40697420.23-P1P2	0	0	1011	1
MAP3K10_-_40697755.23-P1P2	5077	2	1564	3
MAP3K11_+_65381272.23-P1	1417	3	761	1542
MAP3K11_+_65381663.23-P1	2013	2	1022	1
MAP3K11_+_65381709.23-P1	3	2	863	1316
MAP3K11_+_65381712.23-P1	1167	1	758	902
MAP3K11_+_65382758.23-P2	1531	2559	1180	2
MAP3K11_+_65382822.23-P2	1	1	111	462
MAP3K11_-_65381254.23-P1	4187	2	1770	1
MAP3K11_-_65382786.23-P2	1389	1	121	1
MAP3K11_-_65382790.23-P2	0	1	607	0
MAP3K11_-_65382826.23-P2	1264	0	279	0
MAP3K12_+_53893257.23-P1P2	7	2544	1609	5299
MAP3K12_-_53893214.23-P1P2	1556	1	476	1
MAP3K12_-_53893217.23-P1P2	2	3519	1390	0
MAP3K12_-_53893240.23-P1P2	2805	11554	3892	7
MAP3K12_-_53893243.23-P1P2	1249	0	406	1
MAP3K13_+_185000798.23-P1	1525	2	132	0
MAP3K13_+_185001157.23-P1	0	0	0	0
MAP3K13_+_185080978.23-P2	4249	3	1465	4001
MAP3K13_+_185081308.23-P2	828	0	454	0
MAP3K13_+_185081407.23-P2	5	3189	2475	2
MAP3K13_-_185000771.23-P1	3	2167	829	1
MAP3K13_-_185000815.23-P1	1562	2	1010	2063
MAP3K13_-_185000826.23-P1	4946	6	3326	6771
MAP3K13_-_185080952.23-P2	1198	5129	1359	1
MAP3K13_-_185081028.23-P2	3571	5	987	4418
MAP3K14_+_43394273.23-P1P2	545	0	850	0
MAP3K14_+_43394373.23-P1P2	1137	6132	1642	4
MAP3K14_+_43394416.23-P1P2	2389	5	1893	1
MAP3K14_-_43393956.23-P1P2	2352	5	2162	6339
MAP3K14_-_43393975.23-P1P2	3234	7224	1339	2
MAP3K15_+_19533217.23-P1P2	1441	3	1192	0
MAP3K15_+_19533399.23-P1P2	2	0	1857	1087
MAP3K15_+_19533557.23-P1P2	17	2	2128	3165
MAP3K15_-_19533438.23-P1P2	2	0	1384	0
MAP3K15_-_19533551.23-P1P2	3299	1328	1462	2
MAP3K19_+_135804528.23-P1P2	1	0	232	0
MAP3K19_+_135804993.23-P1P2	2	0	138	0
MAP3K19_-_135804560.23-P1P2	0	0	533	0
MAP3K19_-_135804563.23-P1P2	3377	2485	1431	2173
MAP3K19_-_135804678.23-P1P2	0	0	0	0
MAP3K1_+_56111425.23-P1P2	833	4	1396	4499
MAP3K1_+_56111803.23-P1P2	1394	3	2929	1783
MAP3K1_-_56111403.23-P1P2	716	1	816	0
MAP3K1_-_56111787.23-P1P2	2578	2	1239	1460
MAP3K1_-_56111820.23-P1P2	3115	2841	3028	3428
MAP3K2_+_128145488.23-P1P2	6	0	1116	1462
MAP3K2_+_128145501.23-P1P2	1335	1	342	1773
MAP3K2_+_128145529.23-P1P2	2478	2761	1754	0
MAP3K2_-_128145498.23-P1P2	2276	16041	1719	3548
MAP3K2_-_128145517.23-P1P2	2463	0	1081	1
MAP3K3_-_61699751.23-P1P2	1181	1699	1557	1565
MAP3K3_-_61699772.23-P1P2	4341	3	1691	2
MAP3K3_-_61699810.23-P1P2	2316	2087	608	3
MAP3K3_-_61699829.23-P1P2	1201	1	662	1
MAP3K3_-_61699843.23-P1P2	456	1	335	1727
MAP3K4_+_161412813.23-P1P2	1278	1	537	1
MAP3K4_+_161412953.23-P1P2	1363	1	1199	2
MAP3K4_+_161413018.23-P1P2	2	3	1065	4367
MAP3K4_-_161412851.23-P1P2	3751	6763	1272	1444
MAP3K4_-_161412865.23-P1P2	1	1	1038	1044
MAP3K5_+_137113501.23-P1P2	2102	4063	762	3
MAP3K5_-_137113110.23-P1P2	6128	7	1304	3
MAP3K5_-_137113480.23-P1P2	2349	5708	1535	1601
MAP3K5_-_137113498.23-P1P2	1332	1	1260	0
MAP3K5_-_137113656.23-P1P2	2	1	2334	2971
MAP3K6_+_27693402.23-P1P2	1	0	690	1
MAP3K6_+_27693436.23-P1P2	2526	3541	2275	4247
MAP3K6_-_27692805.23-P1P2	8	3083	2161	2410
MAP3K6_-_27693217.23-P1P2	0	0	0	0
MAP3K6_-_27693370.23-P1P2	1552	3	3042	3
MAP3K7_+_91296756.23-P1P2	761	1889	1508	2396
MAP3K7_+_91296774.23-P1P2	6	5478	1256	1
MAP3K7_-_91296403.23-P1P2	0	0	0	0
MAP3K7_-_91296731.23-P1P2	1628	11837	2183	6489
MAP3K7_-_91296743.23-P1P2	3168	1	612	902
MAP3K8_+_30723118.23-P1P2	1	1	628	846
MAP3K8_+_30723123.23-P1P2	3045	6	1562	8863
MAP3K8_+_30723542.23-P1P2	0	0	0	0
MAP3K8_+_30723548.23-P1P2	2193	2	1684	3349
MAP3K8_-_30723515.23-P1P2	1393	0	1130	1
MAP3K9_+_71275895.23-P1P2	2	3	1036	2020
MAP3K9_+_71276168.23-P1P2	1887	7246	1821	6326
MAP3K9_+_71276221.23-P1P2	843	5023	842	1099
MAP3K9_-_71275881.23-P1P2	2268	1	1256	2
MAP3K9_-_71275994.23-P1P2	1354	4517	2835	1016
MAP4K1_+_39108201.23-P1P2	0	1	629	0
MAP4K1_+_39108603.23-P1P2	1705	2	1053	1
MAP4K1_-_39108543.23-P1P2	3100	4717	2910	2051
MAP4K1_-_39108568.23-P1P2	6	1954	1446	0
MAP4K1_-_39108597.23-P1P2	3	3	307	2024
MAP4K2_+_64570318.23-P1P2	1672	1	682	1
MAP4K2_-_64570024.23-P1P2	729	1	556	0
MAP4K2_-_64570252.23-P1P2	948	0	1113	3467
MAP4K2_-_64570267.23-P1P2	2535	12745	1481	7
MAP4K2_-_64570446.23-P1P2	4	3022	1047	2
MAP4K3_+_39664019.23-P1P2	1492	0	364	0
MAP4K3_+_39664025.23-P1P2	741	4185	2102	3406
MAP4K3_-_39663962.23-P1P2	7	3	1373	3268
MAP4K3_-_39664372.23-P1P2	2986	2	891	1
MAP4K3_-_39664377.23-P1P2	875	1	372	1
MAP4K4_+_102314194.23-P1P2	7	3885	2192	1303
MAP4K4_+_102314209.23-P1P2	6284	6	3376	3076
MAP4K4_-_102314371.23-P1P2	0	0	705	415
MAP4K4_-_102314429.23-P1P2	4	2529	1124	0
MAP4K4_-_102314572.23-P1P2	0	0	460	0
MAP4K5_+_50999154.23-P1P2	1	0	773	0
MAP4K5_+_50999160.23-P1P2	1406	5969	1612	1
MAP4K5_+_50999233.23-P1P2	2834	5180	874	1542
MAP4K5_-_50998897.23-P1P2	3289	1	1577	2110
MAP4K5_-_50999269.23-P1P2	5	2185	1729	5428
MAPK10_+_87280698.23-P1P2	2982	1	1162	0
MAPK10_+_87280805.23-P1P2	1510	0	612	2
MAPK10_+_87280809.23-P1P2	2161	1	716	1944
MAPK10_+_87281193.23-P1P2	579	0	407	1
MAPK10_-_87281220.23-P1P2	2	1	1140	1945
MAPK11_+_50708400.23-P1P2	2781	1	1805	0
MAPK11_+_50708466.23-P1P2	5	6717	1715	3741
MAPK11_-_50708384.23-P1P2	2368	0	1108	1179
MAPK11_-_50708414.23-P1P2	5129	2818	1484	2
MAPK11_-_50708798.23-P1P2	1654	1	3127	4199
MAPK12_+_50699693.23-P1P2	1	0	1140	0
MAPK12_+_50699710.23-P1P2	5566	2	3220	2665
MAPK12_-_50699638.23-P1P2	2135	1638	4002	2951
MAPK12_-_50699664.23-P1P2	1764	3	2353	3489
MAPK12_-_50700104.23-P1P2	1384	4734	2766	3335
MAPK13_+_36095562.23-P2	337	1	1205	1726
MAPK13_+_36095584.23-P2	2	1	257	1653
MAPK13_+_36098337.23-P1	5247	5318	1539	5851
MAPK13_+_36098340.23-P1	4266	5	3209	3
MAPK13_+_36098354.23-P1	1562	1	1246	0
MAPK13_+_36098714.23-P1	0	0	669	0
MAPK13_-_36095589.23-P2	1670	2	1798	2
MAPK13_-_36095915.23-P2	1875	3	979	3622
MAPK13_-_36095987.23-P2	1	0	1128	556
MAPK13_-_36098350.23-P1	4	3	1079	1210
MAPK14_+_35995582.23-P1P2	1426	2	1460	0
MAPK14_+_35995634.23-P1P2	370	5353	479	2209
MAPK14_+_35995994.23-P1P2	1178	0	117	1
MAPK14_-_35995588.23-P1P2	3161	5	2843	5780
MAPK14_-_35995742.23-P1P2	1	1	661	0
MAPK15_+_144798542.23-P1P2	0	0	1138	0
MAPK15_+_144798554.23-P1P2	1436	0	219	1
MAPK15_-_144798562.23-P1P2	1344	0	1172	1659
MAPK15_-_144798594.23-P1P2	0	0	0	0
MAPK15_-_144798966.23-P1P2	1189	2	1062	1621
MAPK1_+_22221893.23-P1P2	5926	8835	2780	1543
MAPK1_+_22221900.23-P1P2	1374	5	3098	2
MAPK1_-_22221517.23-P1P2	1613	3	2006	2404
MAPK1_-_22221858.23-P1P2	3	2237	1988	1693
MAPK1_-_22221879.23-P1P2	4558	1	2278	597
MAPK3_+_30134158.23-P1P2	3578	2	1733	1
MAPK3_+_30134224.23-P1P2	0	0	227	0
MAPK3_+_30134473.23-P1P2	1609	2	199	3264
MAPK3_-_30134173.23-P1P2	3818	4	1229	1580
MAPK3_-_30134490.23-P1P2	1	1	1425	1
MAPK4_+_48086657.23-P1P2	2773	520	2293	1599
MAPK4_+_48086820.23-P1P2	2041	2	2048	768
MAPK4_+_48086890.23-P1P2	4046	5515	3098	5036
MAPK4_-_48086502.23-P1P2	2106	5453	3268	1827
MAPK4_-_48086531.23-P1P2	2	1	772	3509
MAPK6_+_52312067.23-P1P2	1975	1	846	1017
MAPK6_+_52312100.23-P1P2	2	0	1781	2083
MAPK6_-_52311450.23-P1P2	2	0	962	0
MAPK6_-_52311453.23-P1P2	615	4	1036	1344
MAPK6_-_52311462.23-P1P2	3	3	2538	0
MAPK7_+_19281101.23-P1P2	1256	0	1444	0
MAPK7_+_19282166.23-P1P2	1601	1	864	1
MAPK7_-_19281081.23-P1P2	5331	3	3682	3973
MAPK7_-_19281094.23-P1P2	2358	1	676	0
MAPK7_-_19281159.23-P1P2	2327	3	787	1
MAPK8IP1_+_45907239.23-P2	2329	3	1643	2
MAPK8IP1_+_45907688.23-P2	1	565	503	1
MAPK8IP1_+_45921668.23-P1	2326	4	2040	0
MAPK8IP1_+_45922088.23-P1	5821	7	2622	3068
MAPK8IP1_-_45907276.23-P2	1497	3443	2794	3499
MAPK8IP1_-_45907580.23-P2	0	0	1255	1
MAPK8IP1_-_45907653.23-P2	5282	5420	2341	1613
MAPK8IP1_-_45921715.23-P1	1145	4	1166	2650
MAPK8IP1_-_45922057.23-P1	1560	5	488	2915
MAPK8IP1_-_45922095.23-P1	2862	3	892	1876
MAPK8IP2_+_51039278.23-P1P2	1463	1	1615	5178
MAPK8IP2_-_51039250.23-P1P2	1516	2	1135	2946
MAPK8IP2_-_51039253.23-P1P2	0	0	0	0
MAPK8IP2_-_51039587.23-P1P2	3174	5752	618	5
MAPK8IP2_-_51039617.23-P1P2	1	0	1016	1
MAPK8IP3_-_1756208.23-P1P2	1522	4440	1739	4
MAPK8IP3_-_1756242.23-P1P2	2866	12775	3479	3614
MAPK8IP3_-_1756275.23-P1P2	3884	2808	2488	1
MAPK8IP3_-_1756368.23-P1P2	3	2985	596	2254
MAPK8IP3_-_1756404.23-P1P2	1303	2699	497	1143
MAPK8_+_49515119.23-P1P2	670	3	2051	2846
MAPK8_+_49515127.23-P1P2	2346	0	1023	1542
MAPK8_-_49514766.23-P1P2	1040	4808	1427	1787
MAPK8_-_49514791.23-P1P2	5489	7760	2313	3379
MAPK8_-_49515026.23-P1P2	0	0	1106	0
MAPK9_+_179718994.23-P1P2	5549	6	1709	962
MAPK9_+_179719015.23-P1P2	6	4	2611	2185
MAPK9_+_179719045.23-P1P2	738	4	2257	6880
MAPK9_-_179718613.23-P1P2	2353	3	1676	1756
MAPK9_-_179719011.23-P1P2	3953	4	2420	0
MAPKAP1_+_128412327.23-P2	1309	2	640	0
MAPKAP1_+_128412632.23-P2	1143	3410	366	577
MAPKAP1_+_128412671.23-P2	1	2	607	2125
MAPKAP1_+_128412686.23-P2	1717	5516	1337	4
MAPKAP1_+_128469261.23-P1	0	1	1057	1
MAPKAP1_+_128469415.23-P1	669	2	766	0
MAPKAP1_+_128469461.23-P1	444	5368	156	0
MAPKAP1_+_128469476.23-P1	1307	0	242	1571
MAPKAP1_-_128412268.23-P2	0	130	161	0
MAPKAP1_-_128469133.23-P1	1367	1	850	3004
MAPKAPK2_+_206858711.23-P1P2	1373	5	1948	2410
MAPKAPK2_-_206858257.23-P1P2	2173	3733	3333	1275
MAPKAPK2_-_206858409.23-P1P2	910	4548	1923	2778
MAPKAPK2_-_206858786.23-P1P2	1	5242	2319	1
MAPKAPK2_-_206858800.23-P1P2	998	4	1377	0
MAPKAPK3_+_50654590.23-P1P2	1	1	1228	1
MAPKAPK3_+_50654634.23-P1P2	3159	3420	1001	3
MAPKAPK3_+_50654641.23-P1P2	2479	4859	1571	1876
MAPKAPK3_+_50654647.23-P1P2	5907	1	2517	3180
MAPKAPK3_+_50654665.23-P1P2	0	0	240	0
MAPKAPK5_+_112280458.23-P1P2	3132	2	1496	1167
MAPKAPK5_-_112280047.23-P1P2	4224	3892	1467	1487
MAPKAPK5_-_112280058.23-P1P2	435	2	2377	3997
MAPKAPK5_-_112280061.23-P1P2	952	4936	1687	2
MAPKAPK5_-_112280444.23-P1P2	11	13357	2206	4677
MAPKBP1_+_42066684.23-P1P2	1625	10052	721	7
MAPKBP1_+_42066764.23-P1P2	2392	7551	3377	1
MAPKBP1_+_42067047.23-P1P2	0	0	295	1
MAPKBP1_-_42066728.23-P1P2	1638	3125	2520	3154
MAPKBP1_-_42066929.23-P1P2	958	0	195	0
MARCKS_+_114178579.23-P1P2	1402	4960	888	3
MARCKS_+_114178793.23-P1P2	1	0	1147	0
MARCKS_+_114178796.23-P1P2	1537	2	2475	4159
MARCKS_+_114178858.23-P1P2	0	0	0	0
MARCKS_-_114178610.23-P1P2	1	1	1270	0
MARK1_+_220701807.23-P1P2	1847	1	652	892
MARK1_+_220701920.23-P1P2	1445	0	238	0
MARK1_+_220701924.23-P1P2	1594	0	750	1
MARK1_+_220702229.23-P1P2	1789	3700	363	4
MARK1_-_220701952.23-P1P2	881	3	640	541
MARK2_+_63606628.23-P1	4585	7420	2886	2060
MARK2_+_63656051.23-P2	1799	3146	857	1693
MARK2_+_63656055.23-P2	3	2	502	4100
MARK2_+_63656113.23-P2	2531	5199	1737	1851
MARK2_+_63656366.23-P2	2748	4	2794	5
MARK2_-_63606604.23-P1	4748	3	1782	4523
MARK2_-_63606618.23-P1	1265	0	504	1
MARK2_-_63607026.23-P1	3341	3	885	2013
MARK2_-_63607048.23-P1	3469	3	2562	2
MARK2_-_63656296.23-P2	0	5	1189	4133
MARK3_+_103851946.23-P1	2448	3	1269	1386
MARK3_+_103871446.23-P2	1921	3544	2079	5718
MARK3_+_103871459.23-P2	0	1	258	1725
MARK3_+_103871494.23-P2	2077	1	1149	1
MARK3_+_103871511.23-P2	2	0	801	0
MARK3_-_103851740.23-P1	2794	1	1622	2
MARK3_-_103851762.23-P1	486	5784	1836	4423
MARK3_-_103851778.23-P1	4568	6	786	1520
MARK3_-_103851786.23-P1	1506	1	742	1860
MARK3_-_103871548.23-P2	0	0	462	1
MARK4_+_45754564.23-P1P2	5529	8125	2727	5562
MARK4_+_45754924.23-P1P2	1411	2	1953	1
MARK4_+_45754957.23-P1P2	2103	2	1381	3
MARK4_+_45754981.23-P1P2	2270	2	1934	3129
MARK4_+_45755019.23-P1P2	1540	5079	1605	2168
MASP2_+_11107250.23-P1P2	1743	0	996	1741
MASP2_+_11107254.23-P1P2	4	2926	1547	1917
MASP2_+_11107258.23-P1P2	1877	4	1385	0
MASP2_+_11107300.23-P1P2	1236	3524	1227	3
MASP2_-_11107265.23-P1P2	4	2763	309	0
MAST1_+_12944770.23-P2	786	6	1794	9506
MAST1_+_12944776.23-P2	4	3	2685	2712
MAST1_+_12944779.23-P2	3145	2866	2365	540
MAST1_+_12945172.23-P2	1311	1	880	3760
MAST1_+_12945186.23-P2	3956	944	1380	700
MAST1_+_12949344.23-P1	0	0	595	0
MAST1_+_12949376.23-P1	1825	3340	776	1626
MAST1_+_12949519.23-P1	4260	3	2059	1652
MAST1_+_12949693.23-P1	3855	4927	1997	3218
MAST1_+_12949712.23-P1	2940	3	2718	12
MAST2_+_46269318.23-P1P2	3187	8137	2248	4675
MAST2_-_46269291.23-P1P2	3634	2649	1678	1678
MAST2_-_46269333.23-P1P2	2604	1	1783	1
MAST2_-_46269336.23-P1P2	3433	2252	875	6
MAST2_-_46269769.23-P1P2	0	0	0	0
MAST3_+_18208647.23-P1P2	5922	864	4741	3249
MAST3_+_18209026.23-P1P2	4	1834	1395	2010
MAST3_-_18208625.23-P1P2	1418	2	1234	2670
MAST3_-_18208658.23-P1P2	2284	4609	1886	3
MAST3_-_18208662.23-P1P2	5745	4	2253	3
MAST4_+_65892185.23-ENST00000403625.2,ENST00000404260.3	2	4803	2041	1870
MAST4_+_65892577.23-ENST00000403625.2,ENST00000404260.3	1546	1	1533	1
MAST4_+_65892684.23-ENST00000403625.2,ENST00000404260.3	1833	1814	1536	2
MAST4_-_65892199.23-ENST00000403625.2,ENST00000404260.3	1222	2	1768	1022
MAST4_-_65892226.23-ENST00000403625.2,ENST00000404260.3	2559	1	2006	1971
MASTL_+_27444335.23-P1P2	1536	3433	1235	1008
MASTL_-_27444305.23-P1P2	0	0	0	0
MASTL_-_27444315.23-P1P2	0	0	0	0
MASTL_-_27444320.23-P1P2	0	1	184	0
MASTL_-_27444413.23-P1P2	0	0	155	0
MAT1A_+_82049318.23-P1P2	5	3	2242	2040
MAT1A_+_82049410.23-P1P2	0	0	345	1
MAT1A_-_82049347.23-P1P2	2925	3	1527	1
MAT1A_-_82049366.23-P1P2	5	1	1772	2007
MAT1A_-_82049387.23-P1P2	0	0	876	0
MAT2A_+_85766276.23-P1P2	1	1	1873	1754
MAT2A_+_85766280.23-P1P2	1506	2106	885	1663
MAT2A_+_85766302.23-P1P2	1703	5260	742	5
MAT2A_+_85766367.23-P1P2	1341	0	763	1
MAT2A_+_85766721.23-P1P2	1	1	1001	1949
MATK_+_3785894.23-P1P2	857	1769	1608	1394
MATK_+_3786153.23-P1P2	3841	3063	512	2213
MATK_+_3786205.23-P1P2	317	0	1511	1609
MATK_-_3785860.23-P1P2	3	1	2188	1449
MATK_-_3786253.23-P1P2	3899	3	3732	4837
MBL2_+_54530976.23-P1P2	1232	1	1357	2
MBL2_+_54531349.23-P1P2	0	0	0	0
MBL2_+_54531352.23-P1P2	0	0	0	0
MBL2_-_54531299.23-P1P2	3445	1495	2615	2
MBL2_-_54531362.23-P1P2	2704	1	1461	28
MB_+_36012953.23-P1P2	1	1	1760	1562
MB_-_36012912.23-P1P2	1	0	88	0
MB_-_36013180.23-P1P2	0	0	341	0
MB_-_36013357.23-P1P2	569	1	872	1729
MB_-_36013372.23-P1P2	1	2	225	1845
MC2R_+_13915038.23-P1P2	2255	1078	2165	3298
MC2R_+_13915064.23-P1P2	1494	4692	1370	1737
MC2R_+_13915087.23-P1P2	5	3584	1278	2
MC2R_-_13915128.23-P1P2	1	2	197	1962
MC2R_-_13915463.23-P1P2	0	0	142	0
MCCC1_+_182817256.23-P1P2	2206	2	870	2748
MCCC1_+_182817292.23-P1P2	0	0	209	0
MCCC1_+_182817298.23-P1P2	4203	7	1356	1903
MCCC1_+_182817301.23-P1P2	1	0	1709	1
MCCC1_-_182817269.23-P1P2	1137	0	1368	0
MCCC2_+_70883215.23-P1P2	734	2704	2523	4635
MCCC2_+_70883259.23-P1P2	0	1	984	1
MCCC2_+_70883650.23-P1P2	1463	4	447	2435
MCCC2_-_70883196.23-P1P2	2867	2	1377	1106
MCCC2_-_70883385.23-P1P2	0	0	280	0
MCFD2_+_47142860.23-P1	5301	1	752	5
MCFD2_+_47142889.23-P1	406	1228	1467	0
MCFD2_+_47142972.23-P1	3799	3	2162	1
MCFD2_+_47168832.23-P2	5	4	1503	2572
MCFD2_-_47142505.23-P1	797	1	1275	1
MCFD2_-_47142680.23-P1	0	1	1445	2
MCFD2_-_47168422.23-P2	188	5619	705	942
MCFD2_-_47168823.23-P2	10	5093	1289	3253
MCFD2_-_47168874.23-P2	948	0	468	1
MCFD2_-_47168880.23-P2	0	0	167	1
ME2_+_48405483.23-P1P2	2	0	1120	0
ME2_+_48405494.23-P1P2	3	3699	439	1533
ME2_+_48405509.23-P1P2	4305	4	2240	1
ME2_-_48405558.23-P1P2	1330	1	1413	1795
ME2_-_48405886.23-P1P2	0	1	1341	0
ME3_+_86383140.23-P1P2	0	0	134	0
ME3_+_86383360.23-P1P2	1044	4371	3143	1986
ME3_-_86382994.23-P1P2	3865	1	2228	3937
ME3_-_86383003.23-P1P2	1964	1334	1778	0
ME3_-_86383407.23-P1P2	0	0	945	140
MED1_+_37607247.23-P1P2	0	0	127	0
MED1_+_37607423.23-P1P2	0	0	304	0
MED1_-_37607464.23-P1P2	640	0	1	1
MED1_-_37607477.23-P1P2	3	2758	96	0
MED1_-_37607487.23-P1P2	0	0	531	0
MELK_+_36572924.23-P1P2	3	1706	1160	2120
MELK_+_36572933.23-P1P2	1787	2869	851	2
MELK_+_36572955.23-P1P2	3154	0	696	2
MELK_+_36572996.23-P1P2	1816	1724	1187	1257
MELK_-_36572919.23-P1P2	1	1	1821	0
MERTK_+_112656178.23-P1P2	4364	4	714	0
MERTK_+_112656181.23-P1P2	8	9026	1136	1626
MERTK_+_112656639.23-P1P2	215	0	991	1
MERTK_-_112656217.23-P1P2	1960	2445	1846	3401
MERTK_-_112656461.23-P1P2	1460	2	1063	3417
METAP1_+_99916870.23-P1P2	0	1	1161	0
METAP1_+_99917305.23-P1P2	4139	8	1581	2697
METAP1_-_99916925.23-P1P2	1116	1	946	1
METAP1_-_99916941.23-P1P2	1286	3209	1893	0
METAP1_-_99917396.23-P1P2	2053	1456	1101	3
METAP2_+_95868341.23-P1P2	0	0	207	0
METAP2_-_95867958.23-P1P2	0	0	450	0
METAP2_-_95867961.23-P1P2	1	1	1054	0
METAP2_-_95868001.23-P1P2	0	0	252	0
METAP2_-_95868024.23-P1P2	1	0	150	0
MET_+_116312278.23-P1P2	1	1851	3047	0
MET_-_116312458.23-P1P2	2	2562	2156	3
MET_-_116312513.23-P1P2	1	1	815	1800
MET_-_116312516.23-P1P2	3853	5579	1456	1565
MET_-_116312812.23-P1P2	1	1	967	0
MGAM_+_141695687.23-P1P2	1105	0	794	0
MGAM_+_141695743.23-P1P2	4057	5500	3300	3928
MGAM_+_141696072.23-P1P2	0	0	207	0
MGAM_-_141695722.23-P1P2	1468	3785	190	4
MGAM_-_141695730.23-P1P2	4496	4	2203	4829
MGAT1_+_180229772.23-P1	1641	2689	799	2
MGAT1_+_180229780.23-P1	2356	2	2303	3932
MGAT1_+_180229792.23-P1	7	5595	1035	1
MGAT1_+_180230842.23-P2	3124	0	2548	2
MGAT1_-_180229395.23-P1	3155	6	2160	1478
MGAT1_-_180229581.23-P1	2	2	848	1964
MGAT1_-_180230445.23-P2	1296	3	1221	3161
MGAT1_-_180230817.23-P2	1473	0	1657	0
MGAT1_-_180230834.23-P2	4	2	1439	1382
MGAT1_-_180230838.23-P2	1	0	537	0
MGST1_+_16500628.23-P1P2	4972	1	1026	3
MGST1_+_16500631.23-P1P2	1565	5232	2170	7090
MGST1_+_16500637.23-P1P2	6697	9	3040	3865
MGST1_-_16500605.23-P1P2	163	1266	2501	3497
MGST1_-_16500686.23-P1P2	1377	0	1085	986
MGST2_+_140587008.23-P1P2	3	1	486	3851
MGST2_+_140587025.23-P1P2	3571	5	351	1608
MGST2_+_140587342.23-P1P2	1170	0	680	1537
MGST2_+_140587387.23-P1P2	0	0	1014	0
MGST2_-_140587238.23-P1P2	1173	0	326	0
MGST3_+_165600134.23-P1P2	4088	5178	2485	5533
MGST3_+_165600864.23-P1P2	3	3	1442	3935
MGST3_+_165600872.23-P1P2	1	2464	388	1
MGST3_+_165600896.23-P1P2	4083	3684	2607	1625
MGST3_-_165600861.23-P1P2	5354	3	1669	732
MINK1_+_4736779.23-P1P2	1461	6110	2554	5
MINK1_+_4736865.23-P1P2	0	0	0	0
MINK1_+_4737064.23-P1P2	1	3	817	0
MINK1_-_4736680.23-P1P2	5	1	867	2242
MINK1_-_4736718.23-P1P2	1605	5829	442	1718
MINPP1_+_89264602.23-P1P2	0	0	305	0
MINPP1_+_89264692.23-P1P2	0	0	764	0
MINPP1_+_89264695.23-P1P2	1	1	340	2176
MINPP1_+_89264698.23-P1P2	2749	0	396	1810
MINPP1_+_89265043.23-P1P2	2019	9225	1944	31
MKNK1_+_47069708.23-P1	1377	4	997	1508
MKNK1_+_47069868.23-P1	1073	1	821	1710
MKNK1_+_47069893.23-P1	1277	0	789	3003
MKNK1_+_47069897.23-P1	2402	3	1009	1473
MKNK1_+_47082286.23-P2	1342	5078	1329	3
MKNK1_+_47082452.23-P2	0	0	273	0
MKNK1_+_47082506.23-P2	606	8971	1585	4
MKNK1_+_47082514.23-P2	3423	3	3095	3512
MKNK1_-_47069690.23-P1	1677	1	973	1
MKNK1_-_47082123.23-P2	1	0	1209	1
MKNK2_+_2041978.23-P2	1208	0	261	0
MKNK2_+_2042002.23-P2	5494	2	1419	2757
MKNK2_+_2051133.23-P1	1369	2	740	835
MKNK2_+_2051207.23-P1	1504	1	305	0
MKNK2_+_2051224.23-P1	2839	8865	1922	8
MKNK2_+_2051227.23-P1	2412	9837	1344	3632
MKNK2_-_2041617.23-P2	5322	5	926	3
MKNK2_-_2041671.23-P2	1	0	307	0
MKNK2_-_2042010.23-P2	0	0	0	0
MKNK2_-_2051055.23-P1	1	2	605	1511
MLKL_+_74734415.23-P1P2	2	0	97	0
MLKL_+_74734719.23-P1P2	2394	1	1029	0
MLKL_+_74734747.23-P1P2	1	0	1959	0
MLKL_+_74734780.23-P1P2	3	1	545	2029
MLKL_-_74734733.23-P1P2	1737	3	2977	2859
MMAA_+_146540893.23-P1P2	3026	2618	2118	2
MMAA_-_146540515.23-P1P2	4384	1466	1427	2
MMAA_-_146540518.23-P1P2	3	1	829	2086
MMAA_-_146540569.23-P1P2	2	0	1069	1724
MMAA_-_146540596.23-P1P2	3108	4	1799	5076
MMAB_+_110010915.23-P1P2	3011	1	1665	3
MMAB_+_110010982.23-P1P2	12	4711	2227	2724
MMAB_+_110011271.23-P1P2	1633	1	1787	1
MMAB_-_110011077.23-P1P2	2284	2	2649	1579
MMAB_-_110011243.23-P1P2	2708	4	1553	1286
MMACHC_+_45966055.23-P1P2	0	0	645	0
MMACHC_+_45966075.23-P1P2	4	5552	637	1188
MMACHC_-_45966007.23-P1P2	1501	3	1372	1564
MMACHC_-_45966210.23-P1P2	5	4	1135	3286
MMACHC_-_45966249.23-P1P2	4	3716	715	0
MME_+_154797717.23-P1P2	1398	2724	2511	2695
MME_-_154797687.23-P1P2	2411	9770	1876	9
MME_-_154797897.23-P1P2	1342	1655	1677	2
MME_-_154798029.23-P1P2	1235	1	392	0
MME_-_154798084.23-P1P2	3623	2449	1971	2138
MMP10_+_102650935.23-P1P2	0	0	107	0
MMP10_+_102651203.23-P1P2	3118	2	685	1080
MMP10_+_102651366.23-P1P2	0	220	19	1
MMP10_-_102651272.23-P1P2	0	0	1437	0
MMP10_-_102651285.23-P1P2	1251	2	1017	1
MMP11_+_24115046.23-P1P2	3831	3650	3667	4453
MMP11_-_24115012.23-P1P2	6	0	402	3343
MMP11_-_24115015.23-P1P2	1	0	853	1581
MMP11_-_24115499.23-P1P2	1	0	703	0
MMP11_-_24115540.23-P1P2	7116	3808	4092	1773
MMP12_+_102745314.23-P1P2	0	0	366	0
MMP12_+_102745435.23-P1P2	371	0	489	0
MMP12_+_102745705.23-P1P2	2	0	848	0
MMP12_+_102745714.23-P1P2	1508	8438	1935	5
MMP12_-_102745615.23-P1P2	1530	2	1410	1
MMP13_+_102825968.23-P1P2	1274	0	696	0
MMP13_+_102826448.23-P1P2	0	0	143	0
MMP13_-_102826216.23-P1P2	1	0	645	0
MMP13_-_102826407.23-P1P2	0	0	153	0
MMP13_-_102826411.23-P1P2	3495	5824	909	1540
MMP16_+_89339468.23-P1P2	9	4830	577	2022
MMP16_+_89339656.23-P1P2	6	5350	2637	3583
MMP16_+_89339686.23-P1P2	2995	3	2138	1664
MMP16_-_89339699.23-P1P2	129	3	1598	1645
MMP16_-_89339702.23-P1P2	2001	0	824	0
MMP17_+_132313414.23-P1P2	414	5064	1424	6
MMP17_-_132312997.23-P1P2	2	0	1326	0
MMP17_-_132313198.23-P1P2	1702	1	607	1790
MMP17_-_132313401.23-P1P2	6	3143	2276	2786
MMP17_-_132313404.23-P1P2	986	2	192	1
MMP19_+_56236657.23-P1P2	0	0	201	0
MMP19_+_56236733.23-P1P2	0	1	255	0
MMP19_-_56236239.23-P1P2	1415	1	495	1683
MMP19_-_56236324.23-P1P2	2682	1	658	2033
MMP19_-_56236640.23-P1P2	1476	2	405	104
MMP1_+_102668518.23-P1P2	2	0	647	0
MMP1_+_102668868.23-P1P2	1792	5658	337	1874
MMP1_+_102668884.23-P1P2	1257	1	789	4178
MMP1_-_102668827.23-P1P2	5	4626	1587	1
MMP1_-_102668900.23-P1P2	0	1	405	0
MMP20_+_102495608.23-ENST00000260228.2	1665	2	692	1726
MMP20_+_102496043.23-ENST00000260228.2	1620	5898	856	1864
MMP20_-_102495976.23-ENST00000260228.2	3429	3	723	2
MMP20_-_102495982.23-ENST00000260228.2	0	0	518	1018
MMP20_-_102496014.23-ENST00000260228.2	4	1	82	1888
MMP21_+_127463906.23-ENST00000368808.3	0	0	1241	1
MMP21_+_127464121.23-ENST00000368808.3	1092	3241	718	3
MMP21_-_127464306.23-ENST00000368808.3	0	0	300	0
MMP21_-_127464320.23-ENST00000368808.3	2	1	476	1580
MMP21_-_127464329.23-ENST00000368808.3	1535	2908	1490	3
MMP24_+_33814533.23-P1P2	5949	4791	1191	8
MMP24_+_33814610.23-P1P2	850	0	773	0
MMP24_+_33814919.23-P1P2	4921	1483	1498	1693
MMP24_-_33814642.23-P1P2	361	6553	862	1510
MMP24_-_33814898.23-P1P2	2	1	1266	2099
MMP25_+_3096630.23-P1P2	1	0	797	0
MMP25_+_3096797.23-P1P2	1035	3276	715	0
MMP25_-_3096589.23-P1P2	1036	5187	2679	927
MMP25_-_3096594.23-P1P2	0	0	0	0
MMP25_-_3097062.23-P1P2	0	0	474	0
MMP26_+_4788493.23-ENST00000380390.1	0	0	825	1
MMP26_+_4788522.23-ENST00000380390.1	2371	4	230	1883
MMP26_+_4788604.23-ENST00000380390.1	0	0	775	0
MMP26_+_4788747.23-ENST00000380390.1	1	0	342	0
MMP26_+_5009477.23-ENST00000300762.1	4244	1	2227	3
MMP26_+_5009839.23-ENST00000300762.1	2797	2931	668	2182
MMP26_-_4788571.23-ENST00000380390.1	0	0	174	0
MMP26_-_5009434.23-ENST00000300762.1	5	3	1445	1339
MMP26_-_5009869.23-ENST00000300762.1	622	1	962	0
MMP26_-_5009885.23-ENST00000300762.1	5	4870	1234	4
MMP27_+_102576008.23-P1P2	1397	0	375	0
MMP27_+_102576062.23-P1P2	1320	3	794	0
MMP27_+_102576446.23-P1P2	1510	1	1144	8
MMP27_+_102576467.23-P1P2	1383	0	801	3
MMP27_-_102576005.23-P1P2	0	0	143	0
MMP28_+_34122550.23-P1P2	0	0	1402	0
MMP28_+_34122553.23-P1P2	1	1	929	0
MMP28_+_34122577.23-P1P2	1527	1	1564	3258
MMP28_-_34122159.23-P1P2	1571	2912	1203	210
MMP28_-_34122638.23-P1P2	1	0	1139	1
MMP3_+_102713883.23-P1P2	3076	5392	1696	10
MMP3_+_102714331.23-P1P2	0	0	883	0
MMP3_+_102714334.23-P1P2	1028	0	591	941
MMP3_-_102713930.23-P1P2	4504	1290	1613	1930
MMP3_-_102714259.23-P1P2	1201	3	1449	1
MMP7_+_102401009.23-P1P2	3	5452	1158	3784
MMP7_-_102401119.23-P1P2	2101	1	707	0
MMP7_-_102401243.23-P1P2	2939	3	524	3
MMP7_-_102401370.23-P1P2	3405	2644	2426	3545
MMP7_-_102401376.23-P1P2	620	2489	1367	1536
MMP8_+_102595232.23-P1P2	0	0	94	0
MMP8_+_102595642.23-P1P2	3074	0	1939	142
MMP8_+_102595647.23-P1P2	3	0	1619	1
MMP8_-_102595636.23-P1P2	0	0	600	0
MMP8_-_102595652.23-P1P2	1214	0	150	0
MOCOS_+_33767554.23-P1P2	3020	1703	1891	4787
MOCOS_+_33767899.23-P1P2	1224	2818	2255	1671
MOCOS_+_33767931.23-P1P2	0	0	333	0
MOCOS_-_33767865.23-P1P2	1	0	496	1
MOCOS_-_33767974.23-P1P2	1	1	994	2
MOK_+_102771420.23-P1P2	1326	3	1773	0
MOK_+_102771458.23-P1P2	0	1	1008	0
MOK_+_102771461.23-P1P2	3	2743	389	1201
MOK_-_102771425.23-P1P2	1478	0	898	2
MOK_-_102771439.23-P1P2	1659	4878	1454	5
MOS_+_57026051.23-P1P2	0	0	213	0
MOS_+_57026123.23-P1P2	625	0	678	1
MOS_+_57026136.23-P1P2	1	0	783	0
MOS_-_57025709.23-P1P2	2	3880	1118	1
MOS_-_57026097.23-P1P2	4	4	770	1920
MPRIP_+_16945765.23-P1P2	2819	4	1005	1869
MPRIP_+_16945768.23-P1P2	1953	3	1942	2
MPRIP_+_16945787.23-P1P2	2304	2	1297	3595
MPRIP_+_16945792.23-P1P2	467	9911	1436	1478
MPRIP_-_16945782.23-P1P2	1345	4565	2722	5
MR1_+_181003519.23-P1P2	0	0	543	0
MR1_-_181003146.23-P1P2	1	0	885	0
MR1_-_181003149.23-P1P2	801	3	614	0
MR1_-_181003158.23-P1P2	2	2382	1567	2
MR1_-_181003570.23-P1P2	1582	1691	714	7
MS4A1_+_60223356.23-P1P2	1156	1	924	0
MS4A1_+_60223379.23-P1P2	1	0	1081	2
MS4A1_+_60223388.23-P1P2	767	1	949	1
MS4A1_-_60223423.23-P1P2	4240	1	906	4707
MS4A1_-_60223562.23-P1P2	4	0	775	1104
MS4A2_+_59856151.23-P1P2	0	0	0	0
MS4A2_+_59856276.23-P1P2	1700	1	387	1
MS4A2_-_59856359.23-P1P2	1744	1	983	0
MS4A2_-_59856581.23-P1P2	1613	1	280	2174
MS4A2_-_59856606.23-P1P2	1610	0	1220	1
MSRA_+_9911819.23-P1P2	6089	5822	568	5
MSRA_+_9911857.23-P1P2	1284	11	1670	1695
MSRA_-_9911825.23-P1P2	1440	3	870	1383
MSRA_-_9912190.23-P1P2	2231	5402	1892	1641
MSRA_-_9912264.23-P1P2	1291	0	1655	2
MST1R_+_49940854.23-P1P2	3	5451	386	1
MST1R_+_49941057.23-P1P2	1630	1	446	1
MST1R_+_49941068.23-P1P2	1494	1	1438	1188
MST1R_+_49941291.23-P1P2	1721	2947	1612	3227
MST1R_-_49941307.23-P1P2	6064	5	2722	2439
MST4_+_131157354.23-P1P2	3815	2516	790	2
MST4_+_131157714.23-P1P2	0	0	612	0
MST4_-_131157387.23-P1P2	1573	2	1539	1288
MST4_-_131157577.23-P1P2	6021	3	3560	424
MST4_-_131157771.23-P1P2	3547	7	2493	7852
MTAP_+_21802673.23-P1P2	2773	1596	2834	1495
MTAP_+_21802676.23-P1P2	1574	2	1097	3971
MTAP_+_21802875.23-P1P2	4290	4727	2586	1917
MTAP_-_21802667.23-P1P2	6210	5479	2209	1910
MTAP_-_21803113.23-P1P2	2696	4	1251	2
MTFMT_+_65321719.23-P1P2	0	1	171	0
MTFMT_+_65321922.23-P1P2	4306	5	1128	2305
MTFMT_-_65321519.23-P1P2	2	2	704	1239
MTFMT_-_65321712.23-P1P2	2	0	680	0
MTFMT_-_65321920.23-P1P2	1460	5428	434	910
MTHFD2_+_74433642.23-P2	1508	3082	732	1952
MTHFD2_-_74425723.23-P1	5095	0	1171	1495
MTHFD2_-_74425764.23-P1	1071	7125	2412	856
MTHFD2_-_74425771.23-P1	1978	2	1122	4026
MTHFD2_-_74425956.23-P1	4198	1636	2169	380
MTHFD2_-_74426186.23-P1	1618	1	1912	2288
MTHFD2_-_74433554.23-P2	4	6625	633	1363
MTHFD2_-_74433575.23-P2	6	3	1538	2370
MTHFD2_-_74433613.23-P2	1	0	520	1756
MTHFD2_-_74433617.23-P2	1117	1	265	2122
MTM1_+_149737106.23-P1P2	799	0	1978	1843
MTM1_+_149737435.23-P1P2	1488	5880	506	2
MTM1_+_149737484.23-P1P2	0	0	686	1464
MTM1_+_149737489.23-P1P2	2	1	1037	1389
MTM1_-_149737096.23-P1P2	1388	3710	2996	4
MTMR10_+_31284093.23-P1P2	3002	7	1588	1594
MTMR10_-_31283432.23-P1P2	3	1	980	0
MTMR10_-_31283442.23-P1P2	1627	1	306	887
MTMR10_-_31283789.23-P1P2	0	0	693	0
MTMR10_-_31283836.23-P1P2	0	0	750	0
MTMR11_+_149903036.23-P1P2	8	9297	1071	3
MTMR11_+_149903204.23-P1P2	735	2493	600	3
MTMR11_-_149902999.23-P1P2	0	0	0	0
MTMR11_-_149903008.23-P1P2	6883	9	2549	6606
MTMR11_-_149903289.23-P1P2	2620	3554	1083	3
MTMR12_+_32313043.23-P1P2	1	0	712	1829
MTMR12_-_32312982.23-P1P2	1247	1	1186	3401
MTMR12_-_32312985.23-P1P2	5189	5112	2161	4770
MTMR12_-_32313034.23-P1P2	1297	3857	1288	1319
MTMR12_-_32313040.23-P1P2	1160	9129	2654	3
MTMR14_+_9691184.23-P1P2	2	1	384	1752
MTMR14_-_9691172.23-P1P2	2	0	1339	0
MTMR14_-_9691202.23-P1P2	2989	1	381	3
MTMR14_-_9691251.23-P1P2	825	1	284	1512
MTMR14_-_9691403.23-P1P2	2596	1	668	1099
MTMR1_+_149861886.23-P1P2	5379	2665	3066	5075
MTMR1_+_149862340.23-P1P2	978	1	1443	1469
MTMR1_-_149861879.23-P1P2	1426	5	2458	3719
MTMR1_-_149861882.23-P1P2	3113	5	1090	6
MTMR1_-_149861920.23-P1P2	1629	3	1056	1
MTMR2_-_95657171.23-P1P2	2498	3157	2071	1010
MTMR2_-_95657174.23-P1P2	3157	6535	1969	5
MTMR2_-_95657187.23-P1P2	1252	4326	1011	30
MTMR2_-_95657200.23-P1P2	2432	4585	1670	2
MTMR2_-_95657205.23-P1P2	4255	7748	2815	3777
MTMR3_+_30279230.23-P1P2	2285	2804	1302	2
MTMR3_+_30279316.23-P1P2	2	2230	557	33
MTMR3_-_30279250.23-P1P2	1466	6620	2169	3333
MTMR3_-_30279598.23-P1P2	3	2375	836	1
MTMR3_-_30279601.23-P1P2	1	1079	887	1
MTMR4_+_56591601.23-P2	1319	3	1065	0
MTMR4_+_56594799.23-P1	858	1	972	1761
MTMR4_+_56595105.23-P1	4331	5391	2075	4446
MTMR4_+_56595188.23-P1	2856	5	1973	2205
MTMR4_-_56591546.23-P2	738	5341	1549	2081
MTMR4_-_56591953.23-P2	0	0	147	0
MTMR4_-_56591993.23-P2	2205	3	1803	1743
MTMR4_-_56591997.23-P2	2	4562	509	1
MTMR4_-_56595139.23-P1	3899	1	2367	1591
MTMR4_-_56595184.23-P1	1423	0	711	1557
MTMR6_+_25861145.23-P1P2	1129	0	932	0
MTMR6_+_25861543.23-P1P2	2545	8192	1838	1458
MTMR6_+_25861587.23-P1P2	1252	4850	1343	6373
MTMR6_-_25861605.23-P1P2	2678	2	2077	225
MTMR6_-_25861638.23-P1P2	3310	5726	1421	819
MTMR7_+_17270772.23-P1P2	7	4923	1090	2005
MTMR7_+_17270797.23-P1P2	3480	1	2454	1
MTMR7_+_17270807.23-P1P2	1292	1	448	2799
MTMR7_-_17270782.23-P1P2	2593	1	848	1357
MTMR7_-_17270802.23-P1P2	1952	2392	1892	3988
MTMR8_+_63615257.23-P1P2	3006	2	112	1
MTMR8_+_63615291.23-P1P2	2417	5	1748	3940
MTMR8_-_63614850.23-P1P2	1024	2622	1045	2
MTMR8_-_63614904.23-P1P2	0	0	437	0
MTMR8_-_63614975.23-P1P2	3	3403	3023	777
MTMR9_+_11142057.23-P1P2	1681	3	1258	867
MTMR9_+_11142322.23-P1P2	1146	5	2524	2184
MTMR9_+_11142357.23-P1P2	2517	5	1698	1619
MTMR9_-_11142001.23-P1P2	4665	3009	832	1
MTMR9_-_11142092.23-P1P2	1345	4	453	1303
MTNR1A_+_187476277.23-P1P2	4184	2944	1343	2351
MTNR1A_+_187476505.23-P1P2	1	0	842	1
MTNR1A_+_187476511.23-P1P2	1034	4980	1477	1338
MTNR1A_-_187476145.23-P1P2	770	0	0	0
MTNR1A_-_187476494.23-P1P2	3	2	101	1424
MTNR1B_+_92703042.23-P1P2	965	3077	1282	3
MTNR1B_+_92703045.23-P1P2	1557	2	1456	1447
MTNR1B_+_92703064.23-P1P2	1	0	965	0
MTNR1B_+_92703076.23-P1P2	2986	3	1859	3532
MTNR1B_-_92702681.23-P1P2	723	2	1482	2273
MTOR_+_11322468.23-P1P2	0	0	911	874
MTOR_+_11322541.23-P1P2	0	0	0	0
MTOR_+_11322572.23-P1P2	0	0	94	0
MTOR_+_11322584.23-P1P2	0	0	3	0
MTOR_-_11322168.23-P1P2	788	1	1390	2249
MTRR_+_7869336.23-P1P2	0	0	1290	2030
MTRR_+_7869735.23-P1P2	1199	5	1556	2846
MTRR_-_7869328.23-P1P2	6	1	1051	2467
MTRR_-_7869343.23-P1P2	1285	4446	1579	2657
MTRR_-_7869349.23-P1P2	4523	4	1451	3825
MTR_+_236958639.23-P1P2	1665	4277	2777	1
MTR_+_236958804.23-P1P2	2	4276	407	0
MTR_-_236958613.23-P1P2	779	3	1325	2
MTR_-_236958736.23-P1P2	1588	5358	2280	2872
MTR_-_236958874.23-P1P2	3530	2	1454	2
MTTP_+_100495996.23-P1P2	3	0	532	0
MTTP_+_100496358.23-P1P2	890	1	968	1576
MTTP_+_100496427.23-P1P2	3518	0	775	1
MTTP_-_100495992.23-P1P2	454	0	844	0
MTTP_-_100496052.23-P1P2	2603	3	860	2388
MUC2_+_1074918.23-P1P2	1070	5725	1313	5060
MUC2_+_1075112.23-P1P2	1560	0	1392	3196
MUC2_-_1074928.23-P1P2	4722	6971	2530	4678
MUC2_-_1075285.23-P1P2	1669	6075	734	2119
MUC2_-_1075332.23-P1P2	3	4965	198	1
MURC_+_103340546.23-P1P2	1705	1	362	976
MURC_+_103340814.23-P1P2	0	0	161	1315
MURC_-_103340393.23-P1P2	1	3	1041	2055
MURC_-_103340673.23-P1P2	5352	1753	1489	2147
MURC_-_103340746.23-P1P2	1557	2	132	1
MUSK_+_113431128.23-P1P2	1	1	648	1778
MUSK_+_113431444.23-P1P2	2	0	810	522
MUSK_+_113431483.23-P1P2	0	1	329	2
MUSK_-_113431402.23-P1P2	3690	1	662	937
MUSK_-_113431516.23-P1P2	0	1	320	0
MUT_+_49430502.23-P1P2	1127	0	1018	0
MUT_+_49430923.23-P1P2	1330	0	1274	1508
MUT_-_49430450.23-P1P2	2	2472	67	2
MUT_-_49430521.23-P1P2	2909	1	1012	1
MUT_-_49430970.23-P1P2	1187	2	1228	0
MVK_+_110011102.23-P1P2	706	2	1880	1638
MVK_+_110011169.23-P1P2	5	5504	1328	3
MVK_-_110011093.23-P1P2	1477	4	1205	2
MVK_-_110011114.23-P1P2	0	1	830	0
MVK_-_110011650.23-P1P2	0	0	279	0
MYH14_+_50706905.23-P1P2	2430	6	1572	2645
MYH14_+_50706916.23-P1P2	0	0	650	1
MYH14_+_50707141.23-P1P2	3915	6538	1463	3
MYH14_-_50707313.23-P1P2	3743	2	1000	2597
MYH14_-_50707336.23-P1P2	1327	1	299	1
MYH7_+_23894054.23-P2	3035	6	1132	5833
MYH7_+_23894532.23-P2	0	2	1280	1934
MYH7_+_23894573.23-P2	1627	1	1168	2242
MYH7_+_23904465.23-P1	2015	3	1992	1
MYH7_+_23904652.23-P1	3209	3	1292	2
MYH7_+_23904818.23-P1	1	0	1449	0
MYH7_+_23904873.23-P1	7	4658	2039	99
MYH7_-_23894538.23-P2	1933	7686	3713	1280
MYH7_-_23894544.23-P2	3596	3	1877	2
MYH7_-_23904408.23-P1	4928	2	346	3
MYL12A_+_3247938.23-P1	843	0	313	1
MYL12A_+_3252296.23-P2	0	0	276	0
MYL12A_-_3247860.23-P1	1502	2	788	1806
MYL12A_-_3247870.23-P1	6	6484	1547	2
MYL12A_-_3247880.23-P1	1423	11217	685	2
MYL12A_-_3247977.23-P1	1533	0	686	0
MYL12A_-_3252323.23-P2	0	0	270	0
MYL12A_-_3252328.23-P2	718	0	721	1636
MYL12A_-_3252494.23-P2	7	2809	674	0
MYL12A_-_3252737.23-P2	1	0	587	0
MYL6B_+_56546800.23-P1P2	4	1	601	5872
MYL6B_-_56546414.23-P1P2	4434	1318	1504	2
MYL6B_-_56546429.23-P1P2	3322	2	961	2219
MYL6B_-_56546797.23-P1P2	1400	5254	531	5
MYL6B_-_56546806.23-P1P2	3369	3	830	2
MYLK2_+_30407165.23-P1P2	2988	3	1120	5554
MYLK2_+_30407207.23-P1P2	0	0	645	0
MYLK2_+_30407241.23-P1P2	5	3220	645	2
MYLK2_-_30407515.23-P1P2	3367	5	1125	1811
MYLK2_-_30407687.23-P1P2	0	0	312	0
MYLK3_+_46781792.23-P1	944	3	2133	1798
MYLK3_+_46782202.23-P1	3	1	751	1624
MYLK3_+_46782235.23-P1	6091	2986	3885	3761
MYLK3_+_46797152.23-P2	1	0	748	1372
MYLK3_-_46781779.23-P1	3172	2	1426	1245
MYLK3_-_46782222.23-P1	1541	2	1567	1361
MYLK3_-_46797068.23-P2	0	0	341	0
MYLK3_-_46797079.23-P2	1470	2	1390	1880
MYLK3_-_46797129.23-P2	4	5425	1474	4
MYLK3_-_46797172.23-P2	1776	5455	1752	2
MYLK4_+_2751126.23-P1P2	1899	1	304	0
MYLK4_+_2751160.23-P1P2	2	0	418	1869
MYLK4_-_2750786.23-P1P2	0	0	41	738
MYLK4_-_2750927.23-P1P2	2066	0	327	1722
MYLK4_-_2751138.23-P1P2	0	0	8	0
MYLK_+_123512423.23-ENST00000475616.1	1516	2	848	1
MYLK_+_123512803.23-ENST00000475616.1	6658	3206	606	3
MYLK_+_123602889.23-ENST00000360304.3	1621	1	281	0
MYLK_+_123602897.23-ENST00000360304.3	1695	2	1112	1
MYLK_+_123602990.23-ENST00000360304.3	1394	5651	700	1913
MYLK_-_123512455.23-ENST00000475616.1	2570	2615	3109	4792
MYLK_-_123512779.23-ENST00000475616.1	2	1	1138	1747
MYLK_-_123512851.23-ENST00000475616.1	0	2	852	0
MYLK_-_123602882.23-ENST00000360304.3	4392	5656	2201	1451
MYLK_-_123602964.23-ENST00000360304.3	2	1	1333	2
MYO1D_+_31204155.23-P1P2	3	2117	1648	1
MYO1D_-_31204146.23-P1P2	2868	3660	2430	496
MYO1D_-_31204163.23-P1P2	2349	1	1165	1
MYO1D_-_31204169.23-P1P2	3653	1	1124	1539
MYO1D_-_31204175.23-P1P2	3601	4	2220	3599
MYO3A_+_26223140.23-P1P2	1412	2029	1296	3275
MYO3A_+_26223188.23-P1P2	1	0	652	0
MYO3A_-_26223234.23-P1P2	1147	5	569	2027
MYO3A_-_26223545.23-P1P2	1359	0	354	0
MYO3A_-_26223636.23-P1P2	0	0	577	0
MYO3B_+_171034758.23-P1P2	3	1	879	4014
MYO3B_+_171034951.23-P1P2	0	0	5	0
MYO3B_+_171034958.23-P1P2	11	0	677	3188
MYO3B_-_171034650.23-P1P2	1524	6043	1653	1581
MYO3B_-_171034919.23-P1P2	1385	1	732	0
NADK_+_1709806.23-P1	1	1	426	0
NADK_+_1709820.23-P1	5800	3	3094	1772
NADK_+_1709845.23-P1	2416	7236	1304	2
NADK_+_1709876.23-P1	2762	8	1920	8528
NADK_+_1711070.23-P2	1	0	583	1
NADK_+_1711438.23-P2	0	0	804	0
NADK_-_1709434.23-P1	5909	1	2159	1
NADK_-_1711464.23-P2	4	0	247	2150
NADK_-_1711477.23-P2	1	2	1414	3520
NADK_-_1711485.23-P2	1487	0	582	1677
NADSYN1_+_71164275.23-P1P2	1685	1	364	0
NADSYN1_+_71164305.23-P1P2	1	0	646	1
NADSYN1_+_71164322.23-P1P2	2191	4	2250	3204
NADSYN1_+_71164518.23-P1P2	2005	4745	561	5
NADSYN1_-_71164648.23-P1P2	552	0	153	0
NAGA_+_42466751.23-P1P2	2944	1	463	1627
NAGA_+_42466765.23-P1P2	2946	3341	2578	2050
NAGA_+_42466783.23-P1P2	1248	7657	686	1996
NAGA_+_42466786.23-P1P2	1747	0	561	1862
NAGA_-_42466629.23-P1P2	2288	3	794	1366
NAGK_+_71296014.23-P1P2	5	0	647	1913
NAGK_-_71295802.23-P1P2	1773	2	923	0
NAGK_-_71295832.23-P1P2	921	1	854	1
NAGK_-_71295842.23-P1P2	2	2895	729	1493
NAGK_-_71296257.23-P1P2	1	0	338	0
NAGLU_+_40688309.23-P1P2	1550	0	1930	1
NAGLU_+_40688325.23-P1P2	1793	1	1714	1
NAGLU_+_40688676.23-P1P2	2008	1	660	2
NAGLU_+_40689018.23-P1P2	1340	1	1539	0
NAGLU_-_40688749.23-P1P2	1393	2745	1548	3551
NAGPA_-_5083759.23-P1P2	2690	4	2253	1765
NAGPA_-_5083861.23-P1P2	1	2725	1701	867
NAGPA_-_5083882.23-P1P2	2696	0	1020	2
NAGPA_-_5083904.23-P1P2	1563	1	753	1673
NAGPA_-_5083907.23-P1P2	1579	1	1246	1
NAGS_+_42081968.23-P1	1578	4	1128	0
NAGS_+_42081999.23-P1	3251	0	483	1
NAGS_+_42082378.23-P1	3545	2040	1836	6
NAGS_+_42082393.23-P1	2347	3	3025	3123
NAGS_+_42083466.23-P2	968	4404	826	4287
NAGS_-_42082012.23-P1	0	0	0	0
NAGS_-_42083396.23-P2	796	4333	2300	1
NAGS_-_42083399.23-P2	1068	1	1253	1520
NAGS_-_42083433.23-P2	1138	3878	2307	4013
NAGS_-_42083447.23-P2	1764	4	740	1917
NAPB_+_23402063.23-P1P2	2363	1553	2460	1385
NAPB_+_23402100.23-P1P2	1	0	831	1
NAPB_-_23401600.23-P1P2	3750	12887	2833	9
NAPB_-_23401616.23-P1P2	6	3239	683	1708
NAPB_-_23402111.23-P1P2	1	0	855	0
NARS2_+_78285660.23-P1P2	1762	2	286	1
NARS2_+_78285829.23-P1P2	1215	2	849	1383
NARS2_-_78285456.23-P1P2	1067	4	1210	2
NARS2_-_78285761.23-P1P2	0	0	263	0
NARS2_-_78285846.23-P1P2	0	1	226	0
NARS_+_55288934.23-P1P2	1691	1	129	2164
NARS_+_55288993.23-P1P2	0	0	0	0
NARS_-_55288621.23-P1P2	0	0	0	0
NARS_-_55288674.23-P1P2	2427	10623	858	7
NARS_-_55288977.23-P1P2	0	3	1130	1143
NCAN_+_19322844.23-P1P2	0	0	1171	1
NCAN_+_19323007.23-P1P2	2429	3560	900	1
NCAN_-_19322814.23-P1P2	2996	6	2314	6250
NCAN_-_19322879.23-P1P2	2	1	564	1
NCAN_-_19323235.23-P1P2	1277	1	1202	2
NCOA5_+_44718511.23-P1P2	1187	2	837	1218
NCOA5_+_44718514.23-P1P2	883	2280	1324	1337
NCOA5_+_44718554.23-P1P2	2	3587	2163	0
NCOA5_-_44718548.23-P1P2	4504	4	1454	3
NCOA5_-_44718565.23-P1P2	2344	5348	1807	5461
NDST1_+_149865942.23-P1P2	3060	2	374	1470
NDST1_-_149865520.23-P1P2	2731	4109	3011	3611
NDST1_-_149865528.23-P1P2	2077	3521	2233	2783
NDST1_-_149865550.23-P1P2	2506	0	2794	1981
NDST1_-_149865566.23-P1P2	825	3721	2769	5191
NDUFA10_-_240964364.23-P1P2	0	0	110	0
NDUFA10_-_240964703.23-P1P2	2083	5482	2574	1668
NDUFA10_-_240964719.23-P1P2	2	0	735	0
NDUFA10_-_240964753.23-P1P2	0	0	135	0
NDUFA10_-_240964760.23-P1P2	0	0	123	0
NDUFA11_+_5903372.23-P1P2	1	5065	1604	1
NDUFA11_+_5903375.23-P1P2	1970	4106	979	2
NDUFA11_+_5903777.23-P1P2	4235	6	2831	3861
NDUFA11_-_5903392.23-P1P2	834	1183	2140	0
NDUFA11_-_5903762.23-P1P2	2421	2	228	1
NDUFA12_+_95397400.23-P1P2	1	2	1560	0
NDUFA12_+_95397403.23-P1P2	6013	3	1880	1288
NDUFA12_+_95397427.23-P1P2	3	0	1500	1745
NDUFA12_+_95397515.23-P1P2	1196	5331	1656	4647
NDUFA12_-_95397049.23-P1P2	1092	0	665	0
NDUFA1_+_119005445.23-P1P2	0	0	0	0
NDUFA1_-_119005458.23-P1P2	0	0	77	0
NDUFA1_-_119005848.23-P1P2	0	0	295	0
NDUFA1_-_119005868.23-P1P2	0	0	489	0
NDUFA1_-_119006194.23-P1P2	0	0	226	0
NDUFA2_+_140027134.23-P1P2	0	0	0	0
NDUFA2_+_140027158.23-P1P2	0	0	0	0
NDUFA2_+_140027188.23-P1P2	0	0	144	0
NDUFA2_+_140027194.23-P1P2	0	0	133	0
NDUFA2_-_140027105.23-P1P2	0	0	0	0
NDUFA4L2_+_57630847.23-P1P2	491	0	664	0
NDUFA4L2_+_57630864.23-P1P2	1235	1	251	2
NDUFA4L2_-_57630457.23-P1P2	2	0	973	1705
NDUFA4L2_-_57630816.23-P1P2	3	2	1517	1960
NDUFA4L2_-_57630857.23-P1P2	2605	15712	2398	1081
NDUFA5_+_123197681.23-P1P2	697	0	466	0
NDUFA5_+_123197812.23-P1P2	1	0	441	0
NDUFA5_+_123197815.23-P1P2	1	0	81	0
NDUFA5_-_123197695.23-P1P2	0	0	299	0
NDUFA5_-_123197867.23-P1P2	844	5223	1455	1481
NDUFA6_+_42486506.23-P1P2	6	4836	520	4
NDUFA6_+_42486741.23-P1P2	0	0	614	0
NDUFA6_-_42486693.23-P1P2	5536	3	1177	2957
NDUFA6_-_42486710.23-P1P2	0	0	102	0
NDUFA6_-_42486713.23-P1P2	1	0	531	0
NDUFA7_+_8386212.23-P1P2	1	0	793	1
NDUFA7_+_8386270.23-P1P2	5	0	5	0
NDUFA7_-_8385846.23-P1P2	1	0	871	1
NDUFA7_-_8386227.23-P1P2	2041	0	1976	2
NDUFA7_-_8386231.23-P1P2	0	0	0	0
NDUFA8_+_124921973.23-P1P2	0	0	150	0
NDUFA8_+_124922003.23-P1P2	0	0	104	0
NDUFA8_+_124922010.23-P1P2	0	0	0	0
NDUFA8_+_124922020.23-P1P2	1414	1	102	0
NDUFA8_+_124922029.23-P1P2	0	0	129	0
NDUFA9_+_4758311.23-ENST00000266544.5	0	0	0	0
NDUFA9_+_4758351.23-ENST00000266544.5	0	0	0	0
NDUFA9_+_4758364.23-ENST00000266544.5	0	0	410	0
NDUFA9_-_4758360.23-ENST00000266544.5	0	0	0	0
NDUFA9_-_4758484.23-ENST00000266544.5	2	2	400	0
NDUFAB1_+_23607618.23-P1P2	655	2	950	2
NDUFAB1_-_23607550.23-P1P2	0	0	0	0
NDUFAB1_-_23607564.23-P1P2	0	0	227	0
NDUFAB1_-_23607588.23-P1P2	0	0	0	0
NDUFAB1_-_23607596.23-P1P2	0	0	0	0
NDUFB10_+_2009533.23-P1P2	6	0	865	1658
NDUFB10_-_2009544.23-P1P2	1	1	1067	1
NDUFB10_-_2009574.23-P1P2	1	4	721	1413
NDUFB10_-_2009580.23-P1P2	0	0	214	0
NDUFB10_-_2009586.23-P1P2	0	0	173	1655
NDUFB1_+_92587991.23-P1P2	891	4	2079	3403
NDUFB1_+_92588040.23-P1P2	1	0	204	0
NDUFB1_-_92587615.23-P1P2	0	0	313	0
NDUFB1_-_92587652.23-P1P2	2	0	770	1268
NDUFB1_-_92587655.23-P1P2	1	0	262	0
NDUFB3_+_201936620.23-P1P2	5	2171	773	2
NDUFB3_+_201936719.23-P1P2	2	0	1216	1507
NDUFB3_-_201936798.23-P1P2	1	1	761	0
NDUFB3_-_201936802.23-P1P2	0	0	250	0
NDUFB3_-_201937061.23-P1P2	1472	1	508	1752
NDUFB4_+_120315191.23-P1P2	3	3164	547	0
NDUFB4_+_120315227.23-P1P2	1486	0	212	1
NDUFB4_+_120315547.23-P1P2	901	1	338	2
NDUFB4_-_120315417.23-P1P2	1322	0	414	0
NDUFB4_-_120315562.23-P1P2	0	0	233	0
NDUFB5_+_179322591.23-P1P2	713	2929	1206	3
NDUFB5_+_179322610.23-P1P2	8	5397	1483	2
NDUFB5_-_179322609.23-P1P2	1	0	492	0
NDUFB5_-_179322648.23-P1P2	0	1	803	0
NDUFB5_-_179323021.23-P1P2	1730	3	241	0
NDUFB6_+_32572720.23-P1P2	1	0	624	0
NDUFB6_+_32573039.23-P1P2	0	0	108	0
NDUFB6_+_32573050.23-P1P2	991	2751	765	0
NDUFB6_-_32573089.23-P1P2	0	0	220	0
NDUFB6_-_32573107.23-P1P2	0	1	593	1626
NDUFB7_+_14682513.23-P1P2	4	1	784	1458
NDUFB7_+_14682616.23-P1P2	3	6977	778	0
NDUFB7_+_14682640.23-P1P2	2	3472	1137	3
NDUFB7_-_14682804.23-P1P2	0	0	2	0
NDUFB7_-_14682848.23-P1P2	0	0	406	0
NDUFB9_+_125551368.23-P1P2	3650	8022	1267	3
NDUFB9_+_125551406.23-P1P2	0	0	270	1
NDUFB9_+_125551422.23-P1P2	0	0	0	0
NDUFB9_+_125551590.23-P1P2	0	0	170	1
NDUFB9_-_125551516.23-P1P2	1	0	1543	0
NDUFC1_+_140216887.23-P1	1	1507	720	0
NDUFC1_+_140216962.23-P1	0	1	406	0
NDUFC1_+_140223231.23-P2	1633	1	1753	1646
NDUFC1_+_140223568.23-P2	722	2031	1037	3
NDUFC1_+_140223605.23-P2	0	1	683	0
NDUFC1_+_140223611.23-P2	0	1	556	0
NDUFC1_+_140223614.23-P2	0	0	109	0
NDUFC1_-_140216734.23-P1	2812	1	907	1
NDUFC1_-_140216886.23-P1	0	0	274	0
NDUFC1_-_140216941.23-P1	969	0	198	1408
NDUFC2_+_77790541.23-P1P2	0	1	185	0
NDUFC2_+_77790703.23-P1P2	0	1	736	0
NDUFC2_-_77790523.23-P1P2	0	0	456	0
NDUFC2_-_77790873.23-P1P2	1505	1	1670	6316
NDUFC2_-_77790912.23-P1P2	0	0	71	0
NDUFS1_+_207024119.23-P1P2	0	0	580	0
NDUFS1_+_207024173.23-P1P2	0	0	0	0
NDUFS1_-_207024125.23-P1P2	0	0	0	0
NDUFS1_-_207024128.23-P1P2	1	0	199	0
NDUFS1_-_207024153.23-P1P2	0	0	0	0
NDUFS2_+_161171919.23-P1P2	0	0	0	0
NDUFS2_+_161172138.23-P1P2	3329	2827	590	0
NDUFS2_-_161171911.23-P1P2	2909	2	2418	3
NDUFS2_-_161172178.23-P1P2	0	0	249	0
NDUFS2_-_161172181.23-P1P2	0	0	38	0
NDUFS3_+_47600835.23-P1P2	127	4499	1506	974
NDUFS3_+_47600951.23-P1P2	2	0	1001	1144
NDUFS3_-_47600652.23-P1P2	1132	1	566	0
NDUFS3_-_47600655.23-P1P2	1358	1	1421	1441
NDUFS3_-_47600710.23-P1P2	4	4644	1007	1647
NDUFS4_+_52856445.23-P1P2	3018	2	1410	0
NDUFS4_+_52856689.23-P1P2	2917	3	1677	4263
NDUFS4_-_52856474.23-P1P2	946	1	1351	4
NDUFS4_-_52856498.23-P1P2	4288	3	1547	1825
NDUFS4_-_52856546.23-P1P2	3932	2591	1728	1054
NDUFS5_+_39492224.23-P1	0	0	104	0
NDUFS5_+_39494729.23-P2	2770	0	1570	1
NDUFS5_+_39494965.23-P2	0	1	283	0
NDUFS5_-_39492036.23-P1	1651	2430	4	2
NDUFS5_-_39492056.23-P1	0	0	19	0
NDUFS5_-_39492074.23-P1	0	0	39	0
NDUFS5_-_39492080.23-P1	1240	2	1696	2204
NDUFS5_-_39494549.23-P2	0	0	556	0
NDUFS5_-_39494617.23-P2	0	0	66	0
NDUFS5_-_39495011.23-P2	1873	7	1173	1743
NDUFS6_+_1801200.23-P1P2	0	1	622	0
NDUFS6_+_1801594.23-P1P2	2084	2	2083	958
NDUFS6_+_1801700.23-P1P2	1471	3652	1371	841
NDUFS6_-_1801537.23-P1P2	2	2	1362	1
NDUFS6_-_1801582.23-P1P2	2	1	1943	231
NDUFS8_+_67798148.23-P1P2	1965	2	125	1
NDUFS8_+_67798151.23-P1P2	0	0	112	0
NDUFS8_+_67798556.23-P1P2	717	1	438	1765
NDUFS8_-_67798187.23-P1P2	0	0	337	0
NDUFS8_-_67798204.23-P1P2	386	0	442	0
NDUFV1_+_67374424.23-P1	1	1	544	0
NDUFV1_+_67374457.23-P1	174	0	680	0
NDUFV1_+_67374470.23-P1	3959	4	1273	1780
NDUFV1_-_67374453.23-P1	0	0	140	0
NDUFV1_-_67374465.23-P1	5	5035	576	1
NDUFV1_-_67377960.23-P2	1	3	1309	1
NDUFV1_-_67377965.23-P2	1228	6532	662	3519
NDUFV1_-_67378002.23-P2	1662	2	1439	1880
NDUFV1_-_67378165.23-P2	1500	4918	636	1
NDUFV1_-_67378183.23-P2	5631	3	1885	5152
NDUFV2_+_9102636.23-P1P2	0	0	114	0
NDUFV2_+_9102739.23-P1P2	0	0	37	0
NDUFV2_+_9102968.23-P1P2	3	0	127	1407
NDUFV2_+_9103150.23-P1P2	0	0	0	0
NDUFV2_-_9103147.23-P1P2	1	0	427	0
NDUFV3_+_44313428.23-P1P2	1223	0	1121	1714
NDUFV3_+_44313438.23-P1P2	1587	12458	2247	3879
NDUFV3_+_44313450.23-P1P2	2543	6	1901	4268
NDUFV3_+_44313839.23-P1P2	847	0	1206	3
NDUFV3_-_44313446.23-P1P2	1869	2	3165	1468
NEDD8-MDP1_+_24701134.23-P1P2	2	3	423	1449
NEDD8-MDP1_+_24701278.23-P1P2	3457	1	829	2
NEDD8-MDP1_+_24701319.23-P1P2	2431	2678	886	2
NEDD8-MDP1_+_24701514.23-P1P2	0	0	0	413
NEDD8-MDP1_+_24701539.23-P1P2	0	0	306	0
NEK10_+_27410827.23-P1P2	1169	2	1609	1613
NEK10_+_27410847.23-P1P2	208	0	626	2
NEK10_+_27410855.23-P1P2	2178	2892	1668	3
NEK10_-_27410862.23-P1P2	2	1	1417	1952
NEK10_-_27410887.23-P1P2	4227	2742	2266	2194
NEK11_+_130745741.23-P1P2	2521	12514	2376	3
NEK11_+_130745773.23-P1P2	772	0	1075	1803
NEK11_+_130745791.23-P1P2	1437	0	755	0
NEK11_+_130745920.23-P1P2	5	2	1659	6450
NEK11_-_130745769.23-P1P2	2909	5	2170	1443
NEK1_+_170533409.23-P1P2	862	2790	1085	1
NEK1_-_170533689.23-P1P2	0	0	154	0
NEK1_-_170533710.23-P1P2	905	3462	312	2
NEK1_-_170533724.23-P1P2	3	0	710	2096
NEK1_-_170533743.23-P1P2	1	0	1041	0
NEK2_+_211848564.23-P1P2	6520	1671	1322	2
NEK2_+_211848635.23-P1P2	2	2	1604	1541
NEK2_+_211848955.23-P1P2	1362	3	1417	3442
NEK2_-_211848697.23-P1P2	4018	3	444	2110
NEK2_-_211848902.23-P1P2	1140	1807	303	1
NEK3_+_52733683.23-P1P2	1	1	1348	0
NEK3_+_52733692.23-P1P2	2	0	1734	0
NEK3_+_52733699.23-P1P2	3355	4221	315	1160
NEK3_-_52733662.23-P1P2	2295	6493	1897	7165
NEK3_-_52733709.23-P1P2	4	3	328	3080
NEK4_+_52804709.23-P1P2	0	1	705	1
NEK4_+_52804921.23-P1P2	1790	2189	2642	3495
NEK4_+_52804927.23-P1P2	6609	3331	3351	2967
NEK4_-_52804518.23-P1P2	789	0	576	1
NEK4_-_52804941.23-P1P2	6934	4	2972	675
NEK5_+_52702988.23-P1P2	1272	5372	1031	2
NEK5_+_52703149.23-P1P2	4	0	752	3786
NEK5_-_52702778.23-P1P2	6	2	2504	4163
NEK5_-_52702784.23-P1P2	1647	2	1063	1
NEK5_-_52703145.23-P1P2	2878	2	1210	1732
NEK6_+_127020678.23-P1P2	2	2592	688	0
NEK6_-_127020260.23-P1P2	11	10716	1462	7
NEK6_-_127020292.23-P1P2	489	5293	1320	3827
NEK6_-_127020340.23-P1P2	1460	651	1553	3
NEK6_-_127020629.23-P1P2	1279	5289	856	4556
NEK7_+_198126182.23-P1P2	6	4923	2146	1899
NEK7_+_198126185.23-P1P2	843	3	782	3405
NEK7_+_198126513.23-P1P2	4	5461	656	3501
NEK7_-_198126181.23-P1P2	1448	0	1122	1
NEK7_-_198126230.23-P1P2	2693	2857	2131	3498
NEK8_+_27055851.23-P1P2	0	0	726	47
NEK8_+_27055871.23-P1P2	1260	1	483	1
NEK8_-_27055848.23-P1P2	0	0	418	1
NEK8_-_27055858.23-P1P2	1174	1	1673	0
NEK8_-_27055861.23-P1P2	2	1	581	2172
NEK9_+_75593513.23-P1P2	3311	1115	1304	4041
NEK9_+_75593688.23-P1P2	889	0	864	905
NEK9_-_75593358.23-P1P2	1	0	963	1470
NEK9_-_75593381.23-P1P2	2678	9	2332	5292
NEK9_-_75593752.23-P1P2	1091	3	844	3470
NEU1_+_31830543.23-P1P2	1067	4	1807	1761
NEU1_+_31830568.23-P1P2	2	2230	552	1838
NEU1_+_31830574.23-P1P2	3	1	1219	1917
NEU1_+_31830590.23-P1P2	1	2	396	1903
NEU1_-_31830181.23-P1P2	4246	3	402	6
NEU2_+_233897419.23-ENST00000233840.3	0	0	136	0
NEU2_+_233897430.23-ENST00000233840.3	1	6021	2311	2093
NEU2_+_233897436.23-ENST00000233840.3	1329	4	1324	2107
NEU2_+_233897622.23-ENST00000233840.3	3520	0	465	1
NEU2_+_233897733.23-ENST00000233840.3	2	0	1398	3
NFS1_+_34287085.23-P1P2	0	0	263	0
NFS1_+_34287226.23-P1P2	0	0	83	0
NFS1_-_34287137.23-P1P2	1216	0	82	1
NFS1_-_34287196.23-P1P2	0	1	358	0
NFS1_-_34287220.23-P1P2	0	0	0	0
NGB_+_77737046.23-P1P2	1465	2	1223	0
NGB_+_77737479.23-P1P2	4631	8	2413	5410
NGB_+_77737500.23-P1P2	2535	2	1999	1849
NGB_-_77737470.23-P1P2	1367	2	1206	847
NGB_-_77737473.23-P1P2	6675	2	2525	3286
NGF_+_115880459.23-P1P2	0	0	135	0
NGF_+_115880788.23-P1P2	798	1	1421	1
NGF_+_115880823.23-P1P2	3	5416	1014	2
NGF_+_115880835.23-P1P2	617	2	1413	2
NGF_-_115880803.23-P1P2	2251	0	691	1166
NHP2L1_+_42084485.23-P1P2	0	0	0	0
NHP2L1_+_42084750.23-P1P2	0	1	135	1243
NHP2L1_-_42084601.23-P1P2	0	0	105	0
NHP2L1_-_42084801.23-P1P2	0	0	181	0
NHP2L1_-_42084816.23-P1P2	3	0	1563	1
NID1_+_236227988.23-P1P2	1	0	472	0
NID1_+_236228134.23-P1P2	1108	2870	1030	2
NID1_+_236228351.23-P1P2	2925	2541	3110	4123
NID1_+_236228372.23-P1P2	2840	2415	2003	1
NID1_-_236227982.23-P1P2	0	0	90	0
NIM1_+_43192347.23-P1P2	877	1	1134	0
NIM1_+_43192363.23-P1P2	2804	1	1659	2147
NIM1_+_43192800.23-P1P2	1060	2753	1913	5743
NIM1_+_43192818.23-P1P2	2412	4	1407	2
NIM1_-_43192399.23-P1P2	3183	5390	1847	4
NISCH_+_52490060.23-P1P2	1714	4	3380	2217
NISCH_+_52490104.23-P1P2	3459	0	772	1
NISCH_-_52489660.23-P1P2	1186	7765	3227	4668
NISCH_-_52490002.23-P1P2	8	5535	1014	3674
NISCH_-_52490054.23-P1P2	1200	2	552	1965
NLK_+_26368778.23-P1P2	1	0	119	0
NLK_+_26369136.23-P1P2	3	1781	834	1602
NLK_+_26369168.23-P1P2	0	0	0	0
NLK_+_26369181.23-P1P2	940	6	2601	1
NLK_-_26368790.23-P1P2	3641	3	1183	2007
NME1_+_49230952.23-P1	5	3	2076	3177
NME1_+_49231214.23-P1	3592	3	525	5535
NME1_+_49233013.23-P2	3366	8501	2098	4471
NME1_+_49233019.23-P2	1	1	1189	1
NME1_+_49233034.23-P2	10	6256	861	1781
NME1_+_49233051.23-P2	2859	3843	3315	2442
NME1_+_49233492.23-P2	0	0	253	978
NME1_-_49230960.23-P1	3	4	2859	3542
NME1_-_49230967.23-P1	1866	2	1055	1855
NME1_-_49231401.23-P1	811	3	2035	2
NME2_+_49243785.23-P1P2	3	563	1657	5237
NME2_+_49243844.23-P1P2	0	0	612	4
NME2_+_49243878.23-P1P2	859	35	1304	1
NME2_+_49243944.23-P1P2	1	2	678	3420
NME2_+_49244167.23-P1P2	1642	3	663	1843
NME3_+_1821311.23-P1P2	8	2835	1200	3829
NME3_-_1821109.23-P1P2	3380	3	1674	1534
NME3_-_1821123.23-P1P2	0	1470	770	1
NME3_-_1821455.23-P1P2	3522	5463	2305	3
NME3_-_1821526.23-P1P2	1303	0	770	2
NME4_+_447230.23-P1P2	3168	4	527	0
NME4_-_447226.23-P1P2	1	0	623	0
NME4_-_447229.23-P1P2	1878	3758	721	1665
NME4_-_447607.23-P1P2	0	2	442	1682
NME4_-_447633.23-P1P2	6	5380	2143	1834
NME5_+_137474920.23-P1P2	0	0	457	0
NME5_+_137475058.23-P1P2	1309	2742	1077	3721
NME5_+_137475071.23-P1P2	0	0	122	0
NME5_-_137474728.23-P1P2	5	2634	612	881
NME5_-_137475066.23-P1P2	0	0	0	0
NME6_+_48342625.23-P1P2	0	0	283	0
NME6_+_48342664.23-P1P2	894	2715	2364	4650
NME6_+_48342808.23-P1P2	2477	1696	1085	4449
NME6_+_48342866.23-P1P2	0	1	1352	1501
NME6_-_48342835.23-P1P2	925	1	1470	2
NME7_+_169337005.23-P1P2	1651	3	1332	1929
NME7_+_169337008.23-P1P2	0	0	206	0
NME7_+_169337011.23-P1P2	1499	0	93	1962
NME7_-_169336814.23-P1P2	5399	5879	1380	1910
NME7_-_169336977.23-P1P2	978	1	431	2
NMNAT1_+_10003524.23-P1P2	4	5718	1892	438
NMNAT1_+_10003537.23-P1P2	4	2	2195	1558
NMNAT1_-_10003540.23-P1P2	5	5127	1892	1335
NMNAT1_-_10003551.23-P1P2	2309	2	777	1
NMNAT1_-_10003568.23-P1P2	2298	0	1463	3
NMNAT3_+_139396400.23-P1P2	0	0	1378	2618
NMNAT3_+_139396422.23-P1P2	1217	4	1193	1598
NMNAT3_+_139396785.23-P1P2	2435	2	2746	5723
NMNAT3_+_139396837.23-P1P2	1707	5162	1933	4338
NMNAT3_-_139396409.23-P1P2	3989	6116	2684	2603
NMRAL1_+_4524234.23-P1P2	1	0	541	0
NMRAL1_+_4524548.23-P1P2	5365	2	1903	5
NMRAL1_+_4524565.23-P1P2	5013	3	2611	1
NMRAL1_+_4524606.23-P1P2	1	3	1018	1
NMRAL1_-_4524069.23-P1P2	3	1	1125	1444
NMT1_+_43138745.23-P1P2	1111	5153	668	4
NMT1_-_43138700.23-P1P2	0	0	338	0
NMT1_-_43138703.23-P1P2	2	0	124	1727
NMT1_-_43138733.23-P1P2	0	0	0	0
NMT1_-_43138762.23-P1P2	2356	2	1022	3143
NMT2_+_15210668.23-P1P2	2372	5140	827	2
NMT2_+_15210678.23-P1P2	2960	4578	1917	2
NMT2_+_15210685.23-P1P2	1305	0	242	1
NMT2_-_15210363.23-P1P2	1569	3915	1979	4962
NMT2_-_15210618.23-P1P2	3764	3	967	2
NNMT_+_114167427.23-P1P2	0	0	104	0
NNMT_+_114167530.23-P1P2	0	1	54	0
NNMT_-_114167169.23-P1P2	1879	3	783	914
NNMT_-_114167222.23-P1P2	0	1	780	0
NNMT_-_114167501.23-P1P2	13	5535	1938	1
NNT_+_43603290.23-P1P2	0	0	316	0
NNT_+_43603323.23-P1P2	3391	0	2600	2258
NNT_-_43602867.23-P1P2	4	1	938	1980
NNT_-_43603363.23-P1P2	2018	3507	1342	7
NNT_-_43603694.23-P1P2	2657	1	888	1
NOXO1_+_2031074.23-P1P2	1332	1	1	0
NOXO1_+_2031230.23-P1P2	9	4450	2501	2
NOXO1_+_2031366.23-P1P2	5596	2303	2131	1637
NOXO1_-_2031380.23-P1P2	1406	5022	1489	3070
NOXO1_-_2031478.23-P1P2	1156	1	521	1612
NPC1L1_+_44580434.23-P1P2	11	88	1469	5750
NPC1L1_+_44580437.23-P1P2	1	0	149	0
NPC1L1_+_44580454.23-P1P2	3478	5	1047	1752
NPC1L1_+_44580506.23-P1P2	577	3	703	2066
NPC1L1_-_44580541.23-P1P2	0	0	180	0
NPPB_+_11918591.23-P1P2	6	3484	420	1752
NPPB_+_11918956.23-P1P2	2314	2	910	1
NPPB_+_11918983.23-P1P2	985	2	2133	1
NPPB_-_11918541.23-P1P2	1297	1	1065	2
NPPB_-_11918570.23-P1P2	2	0	652	0
NPR1_+_153651128.23-P1P2	1647	1	1556	1651
NPR1_+_153651152.23-P1P2	4540	3	1876	3734
NPR1_+_153651168.23-P1P2	3	6	3058	2953
NPR1_+_153651338.23-P1P2	2	0	1198	1
NPR1_-_153651551.23-P1P2	1791	4715	812	3
NPR2_+_35791765.23-P1P2	0	1	755	0
NPR2_+_35792158.23-P1P2	3	0	484	1920
NPR2_+_35792161.23-P1P2	4031	5	297	1864
NPR2_+_35792186.23-P1P2	1	0	890	0
NPR2_-_35791781.23-P1P2	2579	4776	2390	1870
NPR3_+_32710763.23-P1P2	2	2	498	3466
NPR3_+_32710803.23-P1P2	386	3087	2611	1670
NPR3_-_32710867.23-P1P2	5	3171	1674	1
NPR3_-_32711588.23-P1P2	0	0	292	1735
NPR3_-_32711848.23-P1P2	2711	1660	2058	2
NPSR1_+_34697864.23-P1P2	2500	2	651	0
NPSR1_+_34697917.23-P1P2	1583	3160	1738	4842
NPSR1_-_34697842.23-P1P2	1385	0	1020	0
NPSR1_-_34697876.23-P1P2	1	2	488	1941
NPSR1_-_34698064.23-P1P2	4	3140	1137	2
NPY2R_+_156130027.23-P1P2	4768	1607	1276	3
NPY2R_+_156130030.23-P1P2	6868	10	3909	8357
NPY2R_+_156130267.23-P1P2	7	12870	646	2162
NPY2R_-_156129798.23-P1P2	2619	2	1217	3
NPY2R_-_156130017.23-P1P2	2	2	2638	3
NQO1_+_69751994.23-P2	0	0	604	0
NQO1_+_69752002.23-P2	0	0	405	0
NQO1_+_69752343.23-P2	1	0	752	0
NQO1_+_69752399.23-P2	3	1	858	1
NQO1_+_69752413.23-P2	2	3657	905	3
NQO1_+_69760261.23-P1	1546	2	1392	798
NQO1_+_69760444.23-P1	3	2965	1133	1
NQO1_+_69760870.23-P1	2	0	1109	730
NQO1_-_69760452.23-P1	1895	3	1945	1703
NQO1_-_69760700.23-P1	1890	7275	856	1601
NQO2_+_3000154.23-P1P2	1266	1	806	1551
NQO2_+_3000491.23-P1P2	7	3062	1537	2862
NQO2_-_3000105.23-P1P2	5	4602	1195	5
NQO2_-_3000151.23-P1P2	1	1	1751	0
NQO2_-_3000174.23-P1P2	339	2278	2976	6479
NR1H2_+_50879938.23-P1P2	1	0	578	0
NR1H2_-_50879724.23-P1P2	4	2	826	3753
NR1H2_-_50879745.23-P1P2	449	0	531	1
NR1H2_-_50879791.23-P1P2	1442	2042	1893	1870
NR1H2_-_50879837.23-P1P2	0	0	0	0
NR1H3_+_47270872.23-P2	1667	6	931	1
NR1H3_+_47270891.23-P2	0	0	506	0
NR1H3_+_47270902.23-P2	2136	6	1568	5546
NR1H3_+_47279565.23-P1	4	4	1992	3477
NR1H3_+_47279581.23-P1	1238	1518	1494	828
NR1H3_+_47279584.23-P1	8	3262	1148	3357
NR1H3_+_47279647.23-P1	1164	1607	859	0
NR1H3_-_47270471.23-P2	1	0	139	0
NR1H3_-_47270499.23-P2	3967	3	2255	2545
NR1H3_-_47279596.23-P1	2711	6157	1855	4
NR1H4_+_100867649.23-P1P2	2	1	940	2052
NR1H4_+_100867652.23-P1P2	2554	3572	831	3530
NR1H4_+_100867696.23-P1P2	413	2	1106	0
NR1H4_+_100867707.23-P1P2	2451	1	1071	2
NR1H4_-_100868114.23-P1P2	3217	1	862	2
NR1I2_+_119500946.23-P1P2	0	0	175	0
NR1I2_+_119501027.23-P1P2	4	2199	2208	1
NR1I2_+_119501344.23-P1P2	1	2	816	0
NR1I2_-_119500931.23-P1P2	1	0	1195	1
NR1I2_-_119501113.23-P1P2	3372	2	1458	1819
NR1I3_+_161207918.23-P1P2	1	0	379	0
NR1I3_+_161207937.23-P1P2	1	0	1195	1692
NR1I3_+_161208007.23-P1P2	3	1	2609	2157
NR1I3_-_161207947.23-P1P2	1	3893	983	4
NR1I3_-_161208057.23-P1P2	1	0	1181	2046
NR3C2_+_149363300.23-P1P2	1576	4098	787	1890
NR3C2_+_149363470.23-P1P2	1417	3366	1832	4
NR3C2_+_149363506.23-P1P2	827	7	2396	5883
NR3C2_-_149363071.23-P1P2	7271	2826	1221	4535
NR3C2_-_149363475.23-P1P2	1594	5144	1553	1824
NRBP1_-_27651509.23-P1P2	4709	3	3181	26
NRBP1_-_27651525.23-P1P2	1	1	928	1
NRBP1_-_27651543.23-P1P2	1227	1	1094	2045
NRBP1_-_27651598.23-P1P2	1182	1	1092	1661
NRBP1_-_27651960.23-P1P2	1497	2433	1433	2498
NRBP2_+_144922760.23-P1P2	7	7453	1324	2
NRBP2_+_144922902.23-P1P2	3385	2	1460	3
NRBP2_+_144923092.23-P1P2	4972	1	2148	1
NRBP2_-_144922734.23-P1P2	0	3304	1005	1207
NRBP2_-_144923112.23-P1P2	1836	3	1822	1746
NRGN_+_124610218.23-P1P2	1	0	653	0
NRGN_+_124610223.23-P1P2	1734	3	617	3687
NRGN_-_124610013.23-P1P2	0	1	714	0
NRGN_-_124610018.23-P1P2	0	0	328	0
NRGN_-_124610249.23-P1P2	3132	5559	897	2
NRIP1_+_16437286.23-P1P2	1624	2	1831	1
NRIP1_+_16437289.23-P1P2	3462	8625	996	2138
NRIP1_+_16437292.23-P1P2	0	0	1568	0
NRIP1_-_16436888.23-P1P2	2285	2110	2789	2888
NRIP1_-_16436902.23-P1P2	1672	2	2425	4745
NRK_+_105066557.23-P1P2	1806	1	565	1
NRK_+_105066577.23-P1P2	959	7	1574	5420
NRK_+_105066892.23-P1P2	6	3522	467	3838
NRK_-_105066529.23-P1P2	2499	1819	1540	4
NRK_-_105066962.23-P1P2	2154	11657	2716	1815
NSDHL_+_151999635.23-P1P2	1215	3	232	1979
NSDHL_+_151999679.23-P1P2	1468	1	367	1
NSDHL_+_151999973.23-P1P2	1657	1	1189	1
NSDHL_-_151999595.23-P1P2	1	0	602	0
NSDHL_-_151999611.23-P1P2	0	0	0	0
NSF_+_44668460.23-ENST00000398238.4	1337	0	1811	0
NSF_-_44668038.23-ENST00000398238.4	5	9611	634	4
NSF_-_44668057.23-ENST00000398238.4	2152	8554	716	3
NSF_-_44668285.23-ENST00000398238.4	0	0	0	0
NSF_-_44668515.23-ENST00000398238.4	0	0	0	0
NT5C2_+_104952991.23-P1P2	6	2975	2838	3
NT5C2_+_104953005.23-P1P2	1545	2955	801	1349
NT5C2_+_104953030.23-P1P2	182	5245	1956	2
NT5C2_-_104952665.23-P1P2	0	0	408	0
NT5C2_-_104952994.23-P1P2	2517	1793	720	3
NT5C_+_73127807.23-P1P2	5676	10576	2884	8
NT5C_-_73127350.23-P1P2	927	10555	685	3738
NT5C_-_73127430.23-P1P2	1069	1	682	1361
NT5C_-_73127442.23-P1P2	0	0	527	2015
NT5C_-_73127464.23-P1P2	3107	8	2790	4935
NT5M_+_17206657.23-P1P2	2654	6421	1265	9
NT5M_+_17206695.23-P1P2	2440	3	1754	1
NT5M_+_17206759.23-P1P2	2	1	273	3083
NT5M_+_17207056.23-P1P2	1417	0	1372	3727
NT5M_-_17207108.23-P1P2	1	1	629	2040
NTRK1_+_156830696.23-P1P2	3422	2	1679	3
NTRK1_+_156830848.23-P1P2	0	0	0	0
NTRK1_+_156831077.23-P1P2	3433	0	1678	2
NTRK1_+_156831139.23-P1P2	0	0	581	0
NTRK1_-_156830714.23-P1P2	4689	6	2161	2841
NTRK2_+_87284740.23-P1P2	0	2	767	0
NTRK2_-_87284745.23-P1P2	2466	3149	1711	1977
NTRK2_-_87284924.23-P1P2	5031	1809	3936	4344
NTRK2_-_87285096.23-P1P2	1177	2	326	2090
NTRK2_-_87285108.23-P1P2	1518	5947	1040	3
NTRK3_+_88799513.23-P1P2	2479	3	1511	1
NTRK3_+_88799925.23-P1P2	6226	16831	1825	1955
NTRK3_+_88799928.23-P1P2	2507	1	2254	1
NTRK3_-_88799682.23-P1P2	3498	4629	2354	2
NTRK3_-_88799744.23-P1P2	1130	6017	1683	2
NTSR2_+_11809888.23-P1P2	2977	8510	2988	5781
NTSR2_+_11810276.23-P1P2	1380	3	759	0
NTSR2_+_11810280.23-P1P2	3053	5781	1548	2155
NTSR2_+_11810291.23-P1P2	1926	4997	2389	1119
NTSR2_+_11810311.23-P1P2	1980	2877	1224	1664
NUAK1_+_106532511.23-P1P2	1133	4851	1226	1698
NUAK1_-_106532272.23-P1P2	3	0	825	0
NUAK1_-_106532463.23-P1P2	816	0	793	1345
NUAK1_-_106532673.23-P1P2	0	0	1713	1
NUAK1_-_106532681.23-P1P2	3815	0	258	1337
NUAK2_+_205290460.23-P1P2	254	2	488	0
NUAK2_+_205290502.23-P1P2	2684	6	2632	1553
NUAK2_-_205290787.23-P1P2	2063	1	457	1879
NUAK2_-_205290797.23-P1P2	4046	4	1388	1211
NUAK2_-_205290848.23-P1P2	5984	5473	2288	5788
NUCKS1_+_205718662.23-P1P2	2341	3	1451	1849
NUCKS1_+_205719241.23-P1P2	3	2861	884	1568
NUCKS1_-_205718947.23-P1P2	852	4	2117	5609
NUCKS1_-_205718968.23-P1P2	1054	8409	1349	7
NUCKS1_-_205719091.23-P1P2	1307	0	2055	2244
NUDT9_+_88343954.23-P1P2	2	3859	1517	4
NUDT9_+_88344115.23-P1P2	1004	2826	733	2139
NUDT9_+_88344143.23-P1P2	3	3	2293	1232
NUDT9_+_88344169.23-P1P2	1543	0	1386	2
NUDT9_-_88343937.23-P1P2	4737	2	1526	933
OAS1_+_113344981.23-P1P2	2678	3731	205	1725
OAS1_+_113344992.23-P1P2	1	1	1129	0
OAS1_+_113345251.23-P1P2	646	1	0	0
OAS1_-_113344811.23-P1P2	1586	0	937	0
OAS1_-_113345024.23-P1P2	1081	1	891	1235
OAT_+_126107429.23-P1P2	9	2465	1302	1107
OAT_-_126106977.23-P1P2	2	0	538	0
OAT_-_126107009.23-P1P2	1	0	1012	0
OAT_-_126107437.23-P1P2	2459	0	1797	2101
OAT_-_126107465.23-P1P2	3024	6	2215	1776
OAZ2_+_64995355.23-P1P2	2602	10804	2054	3125
OAZ2_+_64995379.23-P1P2	3304	1309	808	1697
OAZ2_+_64995382.23-P1P2	1344	4603	2112	3473
OAZ2_+_64995389.23-P1P2	1	2	1914	1709
OAZ2_-_64995364.23-P1P2	1501	4	286	1852
OAZ3_+_151735582.23-P2	1972	5285	1143	3392
OAZ3_+_151735606.23-P2	1773	2	830	1
OAZ3_+_151736018.23-P2	1374	0	832	1
OAZ3_+_151739231.23-P1	0	0	302	0
OAZ3_+_151739274.23-P1	0	0	139	0
OAZ3_+_151739565.23-P1	0	0	0	0
OAZ3_+_151739571.23-P1	1	1769	1292	1223
OAZ3_+_151739589.23-P1	2	0	275	0
OAZ3_-_151735643.23-P2	0	0	0	0
OAZ3_-_151735963.23-P2	2	3680	499	2
OBSCN_+_228396123.23-P1P2	0	0	0	0
OBSCN_+_228396139.23-P1P2	3165	1	182	1
OBSCN_+_228396151.23-P1P2	3	1	1921	1722
OBSCN_-_228395757.23-P1P2	1731	1	1096	0
OBSCN_-_228395769.23-P1P2	3120	1	868	1737
ODC1_+_10588457.23-P1P2	2652	1	2144	5656
ODC1_+_10588469.23-P1P2	2	0	573	1375
ODC1_+_10588474.23-P1P2	3	2984	231	1
ODC1_-_10588033.23-P1P2	3	2	1584	2
ODC1_-_10588446.23-P1P2	594	2929	1872	2581
OGDH_+_44646202.23-P1P2	2945	1475	2976	3
OGDH_+_44646274.23-P1P2	1702	1691	1829	5000
OGDH_+_44646669.23-P1P2	1530	11734	1946	1400
OGDH_-_44646234.23-P1P2	3657	2	2392	4
OGDH_-_44646661.23-P1P2	2	3312	467	1027
OGFOD1_+_56485469.23-P1P2	0	0	0	0
OGFOD1_+_56485972.23-P1P2	13	11267	1171	1
OGFOD1_-_56485446.23-P1P2	943	1	360	1
OGFOD1_-_56485475.23-P1P2	0	0	1406	0
OGFOD1_-_56485479.23-P1P2	1	0	1085	1
OGFOD2_+_123459816.23-P1P2	4627	2	1385	1833
OGFOD2_+_123459830.23-P1P2	4227	2741	3244	5076
OGFOD2_-_123459769.23-P1P2	0	0	355	0
OGFOD2_-_123459781.23-P1P2	0	0	86	0
OGFOD2_-_123459788.23-P1P2	1121	1	2925	1903
OPLAH_+_145115186.23-P1P2	1403	2	2326	2288
OPLAH_-_145115130.23-P1P2	5	4668	1158	0
OPLAH_-_145115237.23-P1P2	647	0	408	2
OPLAH_-_145115430.23-P1P2	1189	11828	1017	7
OPLAH_-_145115571.23-P1P2	2783	2294	2270	1404
OPRD1_+_29138931.23-P1P2	0	0	0	0
OPRD1_+_29139119.23-P1P2	1	0	129	0
OPRD1_-_29138693.23-P1P2	3	2	2289	1074
OPRD1_-_29138705.23-P1P2	1610	5717	1818	5
OPRD1_-_29138771.23-P1P2	4352	3	2929	5
OPRK1_+_54163871.23-P1P2	1306	1	918	0
OPRK1_+_54164133.23-P1P2	1	1	1685	0
OPRK1_+_54164165.23-P1P2	4832	9884	2248	3147
OPRK1_-_54163744.23-P1P2	733	0	996	0
OPRK1_-_54163761.23-P1P2	2248	3	1729	3353
OPRL1_+_62711456.23-P2	0	0	537	1
OPRL1_+_62711508.23-P2	3752	11	2474	3145
OPRL1_+_62723328.23-P1	10399	10932	3109	672
OPRL1_+_62723384.23-P1	2617	4	1726	1960
OPRL1_+_62723396.23-P1	7210	2896	2227	5006
OPRL1_+_62723743.23-P1	5	5705	986	8
OPRL1_-_62711474.23-P2	1382	1	1556	764
OPRL1_-_62711505.23-P2	1517	2	634	2010
OPRL1_-_62711551.23-P2	2581	10456	1050	648
OPRL1_-_62723358.23-P1	2294	4369	932	3059
OPRM1_+_154360695.23-P1P2	4916	9	4803	6819
OPRM1_+_154360725.23-P1P2	937	3	1480	1
OPRM1_+_154360759.23-P1P2	1	0	593	3
OPRM1_-_154360466.23-P1P2	3	2	88	2167
OPRM1_-_154360470.23-P1P2	0	0	0	0
OTC_+_38211884.23-P1P2	3052	4	632	2025
OTC_+_38212227.23-P1P2	7	3089	822	3110
OTC_-_38211916.23-P1P2	886	0	731	0
OTC_-_38212236.23-P1P2	0	0	693	0
OTC_-_38212240.23-P1P2	4494	4902	2688	3584
OXCT1_+_41870453.23-P1P2	0	0	482	0
OXCT1_+_41870456.23-P1P2	3602	2	2132	1768
OXCT1_-_41870437.23-P1P2	4327	4	1443	5158
OXCT1_-_41870442.23-P1P2	4345	5	667	1
OXCT1_-_41870469.23-P1P2	1183	5777	999	5095
OXCT2_+_40236920.23-P1P2	1097	3658	2012	292
OXCT2_+_40236923.23-P1P2	808	4909	1222	2
OXCT2_+_40236946.23-P1P2	1446	2	2021	3491
OXCT2_-_40236821.23-P1P2	6842	15	5631	5372
OXCT2_-_40236932.23-P1P2	441	2	1045	0
OXSR1_+_38207141.23-P1P2	4228	3	1839	1753
OXSR1_+_38207359.23-P1P2	4292	5	2504	4700
OXSR1_+_38207391.23-P1P2	1557	0	355	2
OXSR1_-_38207118.23-P1P2	0	0	1684	0
OXSR1_-_38207239.23-P1P2	5	1	2056	1451
OXTR_+_8810846.23-P1P2	0	0	925	0
OXTR_+_8811070.23-P1P2	1559	1	1796	2929
OXTR_-_8811226.23-P1P2	4972	3679	1758	1901
OXTR_-_8811257.23-P1P2	1284	7817	1615	1302
OXTR_-_8811262.23-P1P2	2	1646	2167	1381
OXT_+_3052263.23-P1P2	2522	2445	1508	2466
OXT_+_3052315.23-P1P2	1439	1	1759	1
OXT_+_3052375.23-P1P2	1252	3	1218	997
OXT_-_3052275.23-P1P2	7	8572	994	3
OXT_-_3052304.23-P1P2	8697	4879	3899	4754
P2RY12_+_151102143.23-P1P2	0	1	527	1076
P2RY12_+_151102478.23-P1P2	0	1	343	0
P2RY12_+_151102525.23-P1P2	1	0	836	0
P2RY12_+_151102549.23-P1P2	0	0	145	0
P2RY12_-_151102496.23-P1P2	0	0	100	0
P2RY2_+_72929373.23-P1P2	3908	3	2450	3448
P2RY2_+_72929718.23-P1P2	3583	1650	2932	2143
P2RY2_-_72929358.23-P1P2	7	2546	400	0
P2RY2_-_72929731.23-P1P2	1279	1742	1852	1505
P2RY2_-_72929757.23-P1P2	3	4	1182	5240
P4HA1_+_74856559.23-P1P2	6	1286	1092	4134
P4HA1_+_74856569.23-P1P2	1	0	519	0
P4HA1_+_74856572.23-P1P2	9	9279	2310	1
P4HA1_-_74856543.23-P1P2	4	4730	549	2
P4HA1_-_74856579.23-P1P2	2192	2263	2633	1540
P4HA2_+_131563481.23-P1P2	934	2209	2593	2311
P4HA2_-_131563166.23-P1P2	4472	1	2715	2
P4HA2_-_131563174.23-P1P2	1	2	585	0
P4HA2_-_131563299.23-P1P2	2851	2526	1964	1849
P4HA2_-_131563457.23-P1P2	2888	3	728	2
P4HB_-_79818351.23-P1P2	1	0	1237	1586
P4HB_-_79818357.23-P1P2	3422	5535	1717	1206
P4HB_-_79818363.23-P1P2	0	0	797	3087
P4HB_-_79818367.23-P1P2	3240	4616	3160	5580
P4HB_-_79818400.23-P1P2	1184	1	761	0
P4HTM_+_49027397.23-P1P2	2	1	1321	2
P4HTM_+_49028008.23-P1P2	483	1	934	1
P4HTM_+_49028162.23-P1P2	8	9537	580	5
P4HTM_-_49027718.23-P1P2	0	5	1799	1626
P4HTM_-_49027734.23-P1P2	1154	1	1215	1
PACSIN1_+_34433900.23-P1	1509	2792	808	0
PACSIN1_+_34434040.23-P1	704	3	1432	4689
PACSIN1_+_34482690.23-P2	1375	0	1006	1
PACSIN1_+_34482830.23-P2	1051	3468	2816	1778
PACSIN1_+_34483075.23-P2	795	0	909	1844
PACSIN1_+_34483083.23-P2	2	6088	1219	6
PACSIN1_-_34433926.23-P1	0	0	1372	1507
PACSIN1_-_34433929.23-P1	4	7516	879	5
PACSIN1_-_34433932.23-P1	2771	8262	2851	7
PACSIN1_-_34482698.23-P2	1	100	911	0
PACSIN2_+_43411093.23-P1P2	2641	2609	2352	1433
PACSIN2_+_43411099.23-P1P2	1251	0	1187	3679
PACSIN2_+_43411127.23-P1P2	3203	2149	1067	1716
PACSIN2_-_43410906.23-P1P2	3945	4	1714	1730
PACSIN2_-_43411063.23-P1P2	2	1	1610	2
PACSIN3_+_47207214.23-P1P2	2809	2	1699	3
PACSIN3_+_47207948.23-P1P2	2247	1	399	1
PACSIN3_-_47207369.23-P1P2	1905	5396	1963	1991
PACSIN3_-_47207543.23-P1P2	1254	3	637	0
PACSIN3_-_47207924.23-P1P2	2501	0	499	1
PADI1_+_17531653.23-P1P2	1291	7	2485	4355
PADI1_+_17532030.23-P1P2	3	2297	2181	2
PADI1_+_17532049.23-P1P2	0	1	1	1017
PADI1_-_17531689.23-P1P2	1	0	602	0
PADI1_-_17531692.23-P1P2	1110	2052	733	2106
PADI2_+_17445874.23-P1P2	10	4040	3462	474
PADI2_-_17445505.23-P1P2	0	1	998	1
PADI2_-_17445521.23-P1P2	1	0	173	0
PADI2_-_17445679.23-P1P2	0	1	272	0
PADI2_-_17445902.23-P1P2	6	8185	1675	4
PADI3_+_17575671.23-P1P2	3437	5650	2226	3118
PADI3_+_17575769.23-P1P2	6	5342	1222	6
PADI3_-_17575589.23-P1P2	2459	1	1608	1
PADI3_-_17575973.23-P1P2	1	0	437	1865
PADI3_-_17576004.23-P1P2	3849	1	1717	0
PADI4_+_17634710.23-P1P2	1633	2	2900	5822
PADI4_+_17634745.23-P1P2	0	0	1174	2065
PADI4_-_17634720.23-P1P2	2451	3201	2043	3
PADI4_-_17634727.23-P1P2	2981	5123	3474	1685
PADI4_-_17635159.23-P1P2	2324	1	700	1904
PADI6_+_17698733.23-P1P2	1070	7870	1972	2112
PADI6_+_17699050.23-P1P2	362	0	2186	1
PADI6_+_17699095.23-P1P2	3	3197	314	0
PADI6_+_17699105.23-P1P2	1	0	1107	0
PADI6_-_17698752.23-P1P2	1343	1	929	1
PAEP_+_138453607.23-P1P2	0	1	648	1711
PAEP_+_138453678.23-P1P2	0	0	1740	959
PAEP_+_138454049.23-P1P2	1737	1	1061	1
PAEP_+_138454054.23-P1P2	307	0	1561	1
PAEP_-_138453613.23-P1P2	4797	5	1301	4
PAH_+_103310646.23-P1P2	4729	3	1481	2
PAH_-_103310935.23-P1P2	0	0	119	1
PAH_-_103310962.23-P1P2	1724	1	262	1
PAH_-_103310982.23-P1P2	2571	3852	1395	3857
PAH_-_103311030.23-P1P2	2619	2	650	0
PAICS_+_57302308.23-P1P2	0	0	113	0
PAICS_+_57302798.23-P1P2	0	0	660	0
PAICS_+_57302814.23-P1P2	3145	0	854	0
PAICS_-_57302494.23-P1P2	1570	2523	1494	3413
PAICS_-_57302506.23-P1P2	1259	11	938	6797
PAK1_+_77184442.23-ENST00000356341.3	2312	2	1213	745
PAK1_-_77184580.23-ENST00000356341.3	0	0	108	0
PAK1_-_77184783.23-ENST00000356341.3	1059	5713	418	1478
PAK1_-_77184851.23-ENST00000356341.3	1537	2774	1375	1
PAK1_-_77184913.23-ENST00000356341.3	2828	10208	1369	5777
PAK2_+_196466826.23-P1P2	1244	7768	1256	11
PAK2_+_196466830.23-P1P2	8358	5	3260	3472
PAK2_+_196466852.23-P1P2	0	0	532	1
PAK2_+_196466855.23-P1P2	7587	4	1190	2
PAK2_+_196467081.23-P1P2	1648	7	1342	2201
PAK3_+_110339446.23-P1P2	3	1154	545	910
PAK3_+_110339764.23-P1P2	1144	0	1227	1
PAK3_+_110339770.23-P1P2	0	2900	678	1
PAK3_-_110339388.23-P1P2	829	2	909	2037
PAK3_-_110339425.23-P1P2	1	1	939	0
PAK4_+_39616866.23-P1P2	4	1	1159	4328
PAK4_-_39616450.23-P1P2	0	0	176	0
PAK4_-_39616453.23-P1P2	2	0	1253	1
PAK4_-_39616471.23-P1P2	3099	2411	1488	3
PAK4_-_39616832.23-P1P2	1	0	342	0
PAK6_+_40531331.23-P2	1	0	1090	1992
PAK6_+_40544850.23-P1	1458	1	2460	4
PAK6_+_40544857.23-P1	1141	2108	1757	2
PAK6_+_40544886.23-P1	2491	8866	1990	2928
PAK6_+_40544908.23-P1	4305	1855	1556	7172
PAK6_+_40545236.23-P1	6	1	1031	2003
PAK6_-_40531314.23-P2	2698	2	1699	1715
PAK6_-_40531346.23-P2	1099	0	771	902
PAK6_-_40531479.23-P2	3182	5581	1250	3
PAK6_-_40531485.23-P2	1061	2	2183	1391
PAK7_+_9819404.23-P1P2	12	6875	3372	2494
PAK7_+_9819484.23-P1P2	0	3	1577	0
PAK7_-_9819106.23-P1P2	2	0	806	0
PAK7_-_9819498.23-P1P2	1721	6223	1622	4
PAK7_-_9819510.23-P1P2	2	0	103	1006
PAM_+_102201561.23-ENST00000304400.7	1	0	1386	0
PAM_+_102201571.23-ENST00000304400.7	1321	0	1019	1
PAM_+_102201705.23-ENST00000304400.7	4138	1	2283	2284
PAM_+_102201705.23-ENST00000438793.3	4138	1	2283	2284
PAM_+_102201913.23-ENST00000304400.7	2904	1	1108	1862
PAM_-_102201259.23-ENST00000438793.3	0	0	658	1479
PAM_-_102201299.23-ENST00000438793.3	0	2	1988	2
PAM_-_102201336.23-ENST00000438793.3	0	0	395	0
PAM_-_102201645.23-ENST00000438793.3	2558	3	2584	2
PAM_-_102201810.23-ENST00000304400.7	1	1	721	0
PANK1_+_91403234.23-P2	927	1	103	0
PANK1_+_91403603.23-P2	0	0	0	0
PANK1_+_91403653.23-P2	2	3	564	1547
PANK1_+_91403677.23-P2	0	2	1499	1653
PANK1_+_91404945.23-P1	0	0	0	0
PANK1_+_91404988.23-P1	1490	2	1177	2017
PANK1_+_91404991.23-P1	1852	2	1928	2837
PANK1_-_91403656.23-P2	1271	2	1273	0
PANK1_-_91404521.23-P1	3	4	2807	2438
PANK1_-_91404979.23-P1	19	1	909	1230
PANK2_+_3870450.23-P1P2	0	0	473	0
PANK2_+_3870453.23-P1P2	3820	2	1405	1348
PANK2_-_3870084.23-P1P2	0	0	315	0
PANK2_-_3870120.23-P1P2	5	6454	2090	3346
PANK2_-_3870502.23-P1P2	4137	3951	1889	1606
PANK3_+_168006315.23-P1P2	0	2037	1945	0
PANK3_+_168006318.23-P1P2	3192	1345	2506	3
PANK3_-_168006328.23-P1P2	2651	9286	1869	3
PANK3_-_168006355.23-P1P2	5358	2	1259	2162
PANK3_-_168006361.23-P1P2	3	3897	621	4
PANK4_+_2457612.23-P1P2	1422	1	653	0
PANK4_+_2457615.23-P1P2	1357	1	2853	3378
PANK4_+_2457809.23-P1P2	0	0	119	0
PANK4_-_2457646.23-P1P2	1133	0	2859	2089
PANK4_-_2457959.23-P1P2	1	0	1027	1463
PANX1_+_93862442.23-P1P2	9	2	407	3035
PANX1_+_93862451.23-P1P2	2859	2	2264	2
PANX1_-_93862074.23-P1P2	2597	4	2307	3
PANX1_-_93862077.23-P1P2	746	2930	1833	1640
PANX1_-_93862343.23-P1P2	1553	2871	1375	2240
PAPOLA_+_96969141.23-P1P2	2	1	706	1887
PAPOLA_-_96968732.23-P1P2	99	0	1405	1365
PAPOLA_-_96968755.23-P1P2	2337	7	3001	1782
PAPOLA_-_96968764.23-P1P2	0	0	1205	0
PAPOLA_-_96968788.23-P1P2	1	0	1432	3
PAPSS1_+_108640926.23-P1P2	542	2130	1870	7274
PAPSS1_+_108641032.23-P1P2	1464	0	2645	2107
PAPSS1_+_108641321.23-P1P2	1	0	444	1546
PAPSS1_+_108641357.23-P1P2	6120	7	2566	3987
PAPSS1_-_108641393.23-P1P2	1	0	767	0
PARK7_+_8021784.23-P1P2	4638	2592	2743	2631
PARK7_+_8021999.23-P1P2	2787	4679	1683	1493
PARK7_+_8022079.23-P1P2	2094	3	1624	1978
PARK7_+_8022187.23-P1P2	2	1	2179	10
PARK7_-_8021812.23-P1P2	0	0	293	0
PARP15_+_122296686.23-P1P2	0	0	62	0
PARP15_-_122296481.23-P1P2	3775	2785	2796	3806
PARP15_-_122296517.23-P1P2	1209	2	1884	4
PARP15_-_122296661.23-P1P2	3210	2314	2597	3338
PARP15_-_122296715.23-P1P2	1545	3003	2048	7377
PARS2_+_55229784.23-P1P2	0	0	1116	2
PARS2_+_55230118.23-P1P2	0	0	118	0
PARS2_+_55230144.23-P1P2	1	1704	595	1
PARS2_+_55230150.23-P1P2	0	1	583	0
PARS2_-_55230112.23-P1P2	2768	4133	2109	3726
PASK_+_242088878.23-P1P2	2709	1	95	1255
PASK_-_242088573.23-P1P2	2721	1	2201	1495
PASK_-_242088837.23-P1P2	0	0	850	0
PASK_-_242088843.23-P1P2	1541	0	604	1
PASK_-_242088870.23-P1P2	1833	2	2797	1
PBK_+_27695273.23-P1P2	2394	3	584	2
PBK_+_27695282.23-P1P2	3	1	1360	5063
PBK_+_27695305.23-P1P2	1573	0	255	2
PBK_-_27694848.23-P1P2	1357	1	1126	2228
PBK_-_27694931.23-P1P2	1117	0	296	0
PCBD1_+_72647971.23-P1P2	2155	1	1416	1
PCBD1_+_72648274.23-P1P2	1181	1	1254	1472
PCBD1_-_72647950.23-P1P2	2596	5	2605	4372
PCBD1_-_72647964.23-P1P2	0	0	287	0
PCBD1_-_72648323.23-P1P2	2927	6241	1540	732
PCCB_+_135975133.23-P2	4416	2	963	0
PCCB_+_135975190.23-P2	1080	0	499	2
PCCB_-_135969197.23-P1	2816	7	2475	5802
PCCB_-_135969220.23-P1	1173	2	1914	2600
PCCB_-_135969223.23-P1	3	4	839	4029
PCCB_-_135969238.23-P1	10	5760	1328	1307
PCCB_-_135969241.23-P1	3075	1	2595	4
PCCB_-_135974715.23-P2	1734	6367	694	3877
PCCB_-_135974925.23-P2	3	0	996	1
PCCB_-_135975138.23-P2	2739	8102	1054	1568
PCK1_+_56136219.23-P1P2	0	0	0	0
PCK1_-_56136181.23-P1P2	1125	697	1860	3343
PCK1_-_56136542.23-P1P2	1315	3	1458	5360
PCK1_-_56136617.23-P1P2	6142	2030	1546	1464
PCK1_-_56136670.23-P1P2	861	6351	608	1
PCMT1_+_150071253.23-P1P2	1	0	236	0
PCMT1_-_150070885.23-P1P2	3	2418	1345	2641
PCMT1_-_150070924.23-P1P2	2083	1	1467	1692
PCMT1_-_150070953.23-P1P2	1353	5	1343	2
PCMT1_-_150071298.23-P1P2	3042	4	2472	1
PCSK1_+_95768830.23-P1P2	1	2	755	5877
PCSK1_+_95768834.23-P1P2	3919	3	1496	3
PCSK1_-_95768486.23-P1P2	2	3	466	1937
PCSK1_-_95768732.23-P1P2	0	0	1082	0
PCSK1_-_95768888.23-P1P2	2	4202	1147	5
PCSK2_+_17207675.23-P1P2	1442	2	1155	5816
PCSK2_+_17207711.23-P1P2	420	2	786	2980
PCSK2_+_17207884.23-P1P2	0	0	0	0
PCSK2_+_17208090.23-P1P2	1	0	1043	2
PCSK2_-_17208074.23-P1P2	3	5423	787	1743
PCTP_+_53828474.23-P1P2	4	5	1779	5795
PCTP_+_53828832.23-P1P2	5060	4807	1526	3299
PCTP_-_53828491.23-P1P2	4166	1707	1634	1771
PCTP_-_53828494.23-P1P2	1410	3	1550	1
PCTP_-_53828576.23-P1P2	4	5944	988	1485
PCYT1A_+_196014484.23-P1P2	595	3837	1734	1
PCYT1A_-_196014551.23-P1P2	3213	1258	1761	3140
PCYT1A_-_196014561.23-P1P2	3	1	585	3478
PCYT1A_-_196015078.23-P1P2	3049	1	616	0
PCYT1A_-_196015117.23-P1P2	1539	2411	759	4480
PCYT1B_+_24665088.23-P1P2	983	0	531	1
PCYT1B_+_24665251.23-P1P2	1499	10495	454	6
PCYT1B_-_24664979.23-P1P2	0	2	649	0
PCYT1B_-_24664982.23-P1P2	1402	3	645	2046
PCYT1B_-_24665218.23-P1P2	0	0	948	70
PDC_+_186429806.23-P1P2	2	0	1324	1
PDC_+_186430206.23-P1P2	2637	1	1251	1
PDC_+_186430235.23-P1P2	0	0	49	1658
PDC_-_186430196.23-P1P2	1217	0	1327	1977
PDC_-_186430226.23-P1P2	0	0	565	0
PDE10A_+_166075550.23-P1P2	3612	2767	1405	2
PDE10A_+_166076033.23-P1P2	3175	5364	3052	1714
PDE10A_-_166075991.23-P1P2	1	2351	291	1
PDE10A_-_166076003.23-P1P2	2666	2682	2592	3
PDE10A_-_166076012.23-P1P2	752	4659	2924	2528
PDE11A_+_178937050.23-P1P2	1374	2	431	1490
PDE11A_+_178937216.23-P1P2	1070	3	1067	1
PDE11A_+_178937442.23-P1P2	0	0	0	0
PDE11A_+_178937459.23-P1P2	1491	3	3014	984
PDE11A_-_178937468.23-P1P2	3	1	1367	1565
PDE1B_+_54943625.23-P1	1873	6132	2301	2
PDE1B_+_54955298.23-P2	3373	2	982	2
PDE1B_+_54955706.23-P2	1327	3	1106	0
PDE1B_+_54955725.23-P2	0	0	347	26
PDE1B_-_54943445.23-P1	4499	1	1574	1962
PDE1B_-_54943459.23-P1	2	0	281	0
PDE1B_-_54943464.23-P1	5015	4	1942	1772
PDE1B_-_54943795.23-P1	1193	0	1342	0
PDE1B_-_54955290.23-P2	2	1	634	1869
PDE1B_-_54955310.23-P2	0	0	692	1
PDE3A_+_20522634.23-P1P2	1	1	1277	4448
PDE3A_+_20522685.23-P1P2	2471	5289	2280	4473
PDE3A_+_20522689.23-P1P2	2888	4654	3263	1729
PDE3A_+_20523098.23-P1P2	1252	1	2293	0
PDE3A_+_20523107.23-P1P2	3986	2	1730	3350
PDE3B_+_14665450.23-P1P2	469	3	1075	3575
PDE3B_-_14665360.23-P1P2	1162	1	735	0
PDE3B_-_14665370.23-P1P2	2981	1	1858	0
PDE3B_-_14665376.23-P1P2	1	0	1770	2089
PDE3B_-_14665379.23-P1P2	728	0	309	1
PDE4B_+_66458383.23-ENST00000423207.2	0	0	112	0
PDE4B_+_66458395.23-ENST00000423207.2	1624	2	989	2
PDE4B_-_66458125.23-ENST00000423207.2	0	0	214	0
PDE4B_-_66458348.23-ENST00000423207.2	426	9412	1186	1431
PDE4B_-_66458359.23-ENST00000423207.2	0	0	580	0
PDE4C_+_18337023.23-P2	1093	2	844	1458
PDE4C_+_18365781.23-P1	0	0	529	0
PDE4C_+_18365981.23-P1	0	1	838	0
PDE4C_+_18366113.23-P1	8	11782	1435	1430
PDE4C_-_18336912.23-P2	0	0	93	0
PDE4C_-_18336953.23-P2	0	0	446	0
PDE4C_-_18337181.23-P2	5286	10601	3155	5
PDE4C_-_18337243.23-P2	1768	2541	2363	6
PDE4C_-_18365780.23-P1	2771	5570	3126	3267
PDE4C_-_18366154.23-P1	3082	3	1563	3
PDE6G_+_79623156.23-P1P2	1571	3	87	3726
PDE6G_+_79623213.23-P1P2	2488	4	2272	1698
PDE6G_-_79623329.23-P1P2	2	0	987	0
PDE6G_-_79623478.23-P1P2	1194	0	676	1752
PDE6G_-_79623545.23-P1P2	1271	0	1269	0
PDE6H_+_15126187.23-P1P2	1425	0	579	0
PDE6H_+_15126280.23-P1P2	1	0	974	1
PDE6H_+_15126392.23-P1P2	3	2	895	1579
PDE6H_+_15126406.23-P1P2	2484	2386	1246	1657
PDE6H_-_15126469.23-P1P2	9	5016	910	2
PDE7A_+_66754050.23-P1P2	3120	5849	1789	1474
PDE7A_+_66754223.23-P1P2	1668	0	446	1696
PDE7A_+_66754248.23-P1P2	1045	1	2653	1461
PDE7A_+_66754256.23-P1P2	1296	0	1760	2752
PDE7A_+_66754271.23-P1P2	3378	4	2460	3269
PDE7B_+_136172909.23-P1P2	6	0	820	2041
PDE7B_+_136173031.23-P1P2	2	2	584	1581
PDE7B_+_136173426.23-P1P2	0	0	115	0
PDE7B_-_136173437.23-P1P2	0	2	977	1613
PDE7B_-_136173440.23-P1P2	0	0	0	0
PDE8A_+_85523698.23-P2	0	1	1919	1
PDE8A_+_85525133.23-P1	0	0	579	0
PDE8A_+_85525465.23-P1	1022	0	894	1
PDE8A_-_85523733.23-P2	1178	5405	2013	2
PDE8A_-_85523738.23-P2	783	2	842	1908
PDE8A_-_85523756.23-P2	6141	1	849	3
PDE8A_-_85524138.23-P2	3	2415	977	2
PDE8A_-_85525116.23-P1	614	3	792	3497
PDE8A_-_85525119.23-P1	0	0	1278	0
PDE8A_-_85525144.23-P1	1	1	372	1
PDE8B_+_76506167.23-P1P2	4506	4	1637	6
PDE8B_+_76506517.23-P1P2	3862	3779	2796	5083
PDE8B_+_76506875.23-P1P2	2343	2	2382	5
PDE8B_-_76506559.23-P1P2	3	6290	1242	2
PDE8B_-_76506581.23-P1P2	4	3114	1769	4302
PDE9A_+_44073765.23-P1P2	2327	3823	1895	2117
PDE9A_+_44074099.23-P1P2	3535	0	4701	1731
PDE9A_-_44073738.23-P1P2	4237	2	2298	1872
PDE9A_-_44073934.23-P1P2	1272	1	943	0
PDE9A_-_44074130.23-P1P2	2	1	2028	1482
PDF_+_69364456.23-P1P2	752	2011	2156	4962
PDF_-_69363984.23-P1P2	1561	0	569	1
PDF_-_69364269.23-P1P2	1526	0	964	0
PDF_-_69364402.23-P1P2	2511	9	1246	4842
PDF_-_69364439.23-P1P2	1297	0	1917	1420
PDGFRA_+_55095456.23-ENST00000257290.5	0	0	399	0
PDGFRA_+_55095855.23-ENST00000257290.5	1	0	119	0
PDGFRA_-_55095588.23-ENST00000257290.5	715	8015	1616	183
PDGFRA_-_55095767.23-ENST00000257290.5	1592	2	592	1757
PDGFRA_-_55095795.23-ENST00000257290.5	0	2	592	1340
PDGFRB_+_149535029.23-P1P2	1	0	701	0
PDGFRB_+_149535375.23-P1P2	2	1	1848	1
PDGFRB_-_149535078.23-P1P2	0	0	709	0
PDGFRB_-_149535385.23-P1P2	655	0	948	0
PDGFRB_-_149535388.23-P1P2	0	1	555	1773
PDHA1_+_19362076.23-P1P2	0	0	0	0
PDHA1_+_19362098.23-P1P2	0	1	278	0
PDHA1_+_19362209.23-P1P2	2266	1	559	1
PDHA1_-_19362083.23-P1P2	0	0	159	0
PDHA1_-_19362094.23-P1P2	0	0	354	0
PDHA2_+_96761276.23-P1P2	2926	0	956	3
PDHA2_+_96761311.23-P1P2	0	0	959	0
PDHA2_+_96761687.23-P1P2	2629	0	998	0
PDHA2_-_96761722.23-P1P2	1	0	1495	2
PDHA2_-_96761725.23-P1P2	3	3150	394	1
PDHB_+_58419178.23-P1P2	1981	2	593	0
PDHB_+_58419323.23-P1P2	0	0	447	0
PDHB_+_58419509.23-P1P2	1839	2135	1001	1
PDHB_+_58419529.23-P1P2	0	0	0	0
PDHB_-_58419313.23-P1P2	1204	1	802	0
PDIK1L_+_26438347.23-P1P2	13	6	2033	9443
PDIK1L_-_26438328.23-P1P2	1373	1	741	1806
PDIK1L_-_26438357.23-P1P2	0	0	519	0
PDIK1L_-_26438360.23-P1P2	4	3926	1547	3159
PDIK1L_-_26438381.23-P1P2	0	0	0	0
PDK1_+_173421211.23-P1P2	2	0	775	1
PDK1_+_173421230.23-P1P2	2169	0	1745	3169
PDK1_-_173420828.23-P1P2	1691	4	2636	5200
PDK1_-_173421270.23-P1P2	2	5135	558	1
PDK1_-_173421274.23-P1P2	2160	2338	1520	3
PDK2_+_48172791.23-P1P2	1247	3	2094	2614
PDK2_+_48173134.23-P1P2	1271	2	555	827
PDK2_-_48172712.23-P1P2	1	2	376	1323
PDK2_-_48172744.23-P1P2	1296	9530	3016	6655
PDK2_-_48173164.23-P1P2	1080	1	580	0
PDK3_+_24483492.23-P1P2	5	1569	2418	3
PDK3_+_24483732.23-P1P2	7	2193	1378	1
PDK3_+_24483735.23-P1P2	2262	2	1566	0
PDK3_-_24483392.23-P1P2	7449	6	1119	1787
PDK3_-_24483395.23-P1P2	1551	7221	351	1948
PDK4_+_95225535.23-P1P2	1185	2274	962	1127
PDK4_+_95225558.23-P1P2	1443	6	1212	5505
PDK4_+_95225598.23-P1P2	2126	0	1100	1823
PDK4_-_95225897.23-P1P2	3	1136	756	0
PDK4_-_95225906.23-P1P2	763	0	1071	2273
PDLIM5_+_95373101.23-P1P2	4093	3949	1619	3
PDLIM5_+_95373172.23-P1P2	1	0	254	0
PDLIM5_+_95373497.23-P1P2	1	0	982	0
PDLIM5_-_95373153.23-P1P2	943	6264	1099	1878
PDLIM5_-_95373156.23-P1P2	1079	5251	2351	2015
PDP1_+_94929358.23-P1P2	0	0	754	440
PDP1_+_94929648.23-P1P2	1223	7	5071	2951
PDP1_-_94929250.23-P1P2	1	1	1347	1
PDP1_-_94929614.23-P1P2	2	2	1160	1990
PDP1_-_94929617.23-P1P2	2	5606	4	1
PDP2_+_66914472.23-P1P2	1	5	1511	3831
PDP2_+_66914808.23-P1P2	4	1	752	3399
PDP2_+_66914838.23-P1P2	1847	2	448	1
PDP2_-_66914442.23-P1P2	2619	0	1	1
PDP2_-_66914511.23-P1P2	1931	4	1281	3335
PDPK1_+_2588033.23-P1P2	1410	3	111	1986
PDPK1_+_2588099.23-P1P2	181	4921	2076	1689
PDPK1_-_2588030.23-P1P2	1830	2	408	0
PDPK1_-_2588046.23-P1P2	0	0	414	1
PDPK1_-_2588084.23-P1P2	1147	2	2339	1381
PDPR_+_70148140.23-P1P2	2434	3263	1628	3340
PDPR_+_70148257.23-P1P2	4179	3	2377	2030
PDPR_+_70148512.23-P1P2	3	1268	609	1
PDPR_+_70148646.23-P1P2	4	2899	1305	180
PDPR_+_70148649.23-P1P2	2943	2	1398	3
PDXDC1_+_15068850.23-P1P2	3	1	456	985
PDXDC1_+_15068853.23-P1P2	2154	3	432	2534
PDXDC1_-_15068867.23-P1P2	3318	2752	2418	1912
PDXDC1_-_15069212.23-P1P2	2472	7042	1881	2
PDXDC1_-_15069319.23-P1P2	1	0	633	0
PDXK_+_45138997.23-P1P2	750	2	1962	2763
PDXK_+_45139322.23-P1P2	3	3450	429	1378
PDXK_+_45139466.23-P1P2	2	2659	733	2
PDXK_-_45139017.23-P1P2	2	4085	1292	890
PDXK_-_45139534.23-P1P2	4	2	679	2134
PDXP_+_38054777.23-P1P2	4461	5679	3722	5712
PDXP_+_38054984.23-P1P2	2039	0	1434	1
PDXP_-_38054806.23-P1P2	2256	3	1899	3547
PDXP_-_38054814.23-P1P2	665	5347	1359	7040
PDXP_-_38055132.23-P1P2	761	2110	2273	1234
PEAK1_+_77712031.23-P1P2	0	0	414	0
PEAK1_+_77712040.23-P1P2	4	3585	485	388
PEAK1_+_77712044.23-P1P2	2	1	1087	0
PEAK1_+_77712398.23-P1P2	793	0	1076	0
PEAK1_+_77712420.23-P1P2	0	0	1872	1
PECR_+_216946095.23-P1P2	4028	2	940	1
PECR_+_216946220.23-P1P2	3	2	1628	4278
PECR_+_216946291.23-P1P2	6	1	1658	0
PECR_-_216946476.23-P1P2	1	0	1648	0
PECR_-_216946526.23-P1P2	0	0	551	0
PFAS_+_8152638.23-P1P2	997	2	418	1
PFAS_+_8152653.23-P1P2	0	0	70	0
PFAS_+_8152681.23-P1P2	0	1	907	1
PFAS_+_8152719.23-P1P2	2063	1	946	2
PFAS_-_8152679.23-P1P2	0	1	894	1
PFKFB1_+_55020305.23-P1P2	2	0	716	0
PFKFB1_+_55024833.23-P1P2	642	2	782	1801
PFKFB1_-_55020408.23-P1P2	342	1	1066	3470
PFKFB1_-_55024789.23-P1P2	1522	2	2035	1
PFKFB1_-_55024929.23-P1P2	605	1	1979	0
PFKFB2_+_207226602.23-P1P2	1393	1538	2084	16
PFKFB2_-_207226640.23-P1P2	1059	5649	1826	1419
PFKFB2_-_207226662.23-P1P2	6239	2826	2689	4
PFKFB2_-_207226698.23-P1P2	1	1	714	2149
PFKFB2_-_207226710.23-P1P2	1592	0	162	0
PFKFB3_+_6244956.23-P1P2	599	0	617	0
PFKFB3_+_6244965.23-P1P2	777	0	1026	0
PFKFB3_+_6245137.23-P1P2	3240	10	1551	8379
PFKFB3_-_6244912.23-P1P2	1239	0	567	0
PFKFB3_-_6245363.23-P1P2	1680	2	1041	1725
PFKFB4_+_48594194.23-P1P2	6124	2271	2554	2925
PFKFB4_+_48594217.23-P1P2	2485	1	1904	1
PFKFB4_-_48593798.23-P1P2	2	1	1248	1647
PFKFB4_-_48594158.23-P1P2	2280	2481	2770	1246
PFKFB4_-_48594179.23-P1P2	0	0	405	1
PFKL_+_45719969.23-P1	1240	1165	1567	1602
PFKL_+_45719980.23-P1	736	2	1799	1358
PFKL_+_45719983.23-P1	7306	8	2146	3499
PFKL_+_45720318.23-P1	6	6	1577	4114
PFKL_+_45725117.23-P2	0	0	3	0
PFKL_+_45725515.23-P2	194	4604	1056	2026
PFKL_+_45725534.23-P2	2474	1	1028	1
PFKL_-_45720376.23-P1	0	0	0	0
PFKL_-_45725083.23-P2	0	0	0	0
PFKL_-_45725095.23-P2	1	0	417	977
PFKM_+_48513457.23-P1	832	4	1486	0
PFKM_+_48513520.23-P1	1540	3086	232	3
PFKM_+_48516450.23-P2	1	0	1058	0
PFKM_+_48516470.23-P2	5	0	747	1469
PFKM_+_48516482.23-P2	0	2	721	2
PFKM_-_48513168.23-P1	3881	2	804	4
PFKM_-_48513189.23-P1	662	0	1122	1
PFKM_-_48513356.23-P1	3731	4762	1808	3504
PFKM_-_48516460.23-P2	4	6734	1899	2
PFKM_-_48516647.23-P2	3211	0	128	1
PFKP_+_3109737.23-P1P2	4	1496	2115	3083
PFKP_+_3109755.23-P1P2	968	2	1956	0
PFKP_-_3109728.23-P1P2	1030	3989	2257	3022
PFKP_-_3109818.23-P1P2	3243	4	2032	1
PFKP_-_3110102.23-P1P2	4379	5380	1789	43
PFN1_+_4851416.23-P1P2	1410	3260	1488	4108
PFN1_+_4851797.23-P1P2	2849	4734	1598	1625
PFN1_+_4851806.23-P1P2	2040	2	2109	1611
PFN1_-_4851389.23-P1P2	1424	1	2	0
PFN1_-_4851398.23-P1P2	6	5178	368	916
PFN2_+_149688497.23-P1P2	0	0	654	0
PFN2_+_149688635.23-P1P2	6862	1302	1091	5017
PFN2_+_149688639.23-P1P2	1526	3	1788	3505
PFN2_+_149688650.23-P1P2	4772	16837	2097	1410
PFN2_-_149688267.23-P1P2	1363	1	1127	0
PGA3_+_60970994.23-P1P2	1913	2	1397	0
PGA3_+_60971009.23-P1P2	2	1	840	496
PGA3_+_60971178.23-P1P2	3438	2	1117	1862
PGA3_-_60971044.23-P1P2	0	0	0	0
PGA3_-_60971460.23-P1P2	0	0	0	0
PGAM2_+_44105142.23-P1P2	8	8254	1144	4
PGAM2_-_44104758.23-P1P2	2584	5	1861	1
PGAM2_-_44105113.23-P1P2	830	0	2107	1
PGAM2_-_44105116.23-P1P2	1203	5637	1368	1692
PGAM2_-_44105123.23-P1P2	812	1	361	0
PGD_+_10459120.23-P1P2	1161	1	714	0
PGD_+_10459169.23-P1P2	1410	7	1535	1
PGD_+_10459517.23-P1P2	2953	7413	2948	5943
PGD_-_10459200.23-P1P2	581	1	1332	1
PGD_-_10459558.23-P1P2	5729	2679	1435	4625
PGGT1B_+_114598325.23-P1P2	804	0	574	0
PGGT1B_+_114598476.23-P1P2	1	0	276	0
PGGT1B_+_114598567.23-P1P2	4	3887	850	0
PGGT1B_-_114598133.23-P1P2	0	0	324	0
PGGT1B_-_114598174.23-P1P2	0	0	63	0
PGK1_+_77359734.23-P1P2	72	2804	980	3
PGK1_+_77359747.23-P1P2	1099	0	675	1
PGK1_+_77359761.23-P1P2	2	2087	353	951
PGK1_+_77359789.23-P1P2	0	0	681	0
PGK1_-_77359779.23-P1P2	0	0	568	0
PGK2_+_49754950.23-P1P2	3520	7	1921	5317
PGK2_+_49754993.23-P1P2	734	5195	458	2776
PGK2_+_49755022.23-P1P2	1	0	602	1919
PGK2_-_49754563.23-P1P2	2777	2	1798	0
PGK2_-_49754968.23-P1P2	3	2	510	1730
PGLYRP3_+_153283136.23-ENST00000290722.1	0	0	1140	1
PGLYRP3_-_153282723.23-ENST00000290722.1	0	1	1270	2088
PGLYRP3_-_153282773.23-ENST00000290722.1	0	0	150	0
PGLYRP3_-_153283115.23-ENST00000290722.1	1	0	234	0
PGLYRP3_-_153283176.23-ENST00000290722.1	2933	2543	963	2
PHGDH_+_120254555.23-P1P2	1373	3	635	1925
PHGDH_+_120255020.23-P1P2	4	2	1230	2002
PHGDH_-_120254620.23-P1P2	1	0	646	0
PHGDH_-_120254704.23-P1P2	3590	1	1665	1
PHGDH_-_120254967.23-P1P2	1	0	441	0
PHKA1_+_71933897.23-P1P2	5	3	1443	3122
PHKA1_+_71934119.23-P1P2	1	0	1866	2
PHKA1_+_71934125.23-P1P2	2955	3	1692	208
PHKA1_-_71933583.23-P1P2	5	1	973	2174
PHKA1_-_71934135.23-P1P2	2445	1	1908	0
PHKA2_+_19002149.23-P1P2	1241	2	310	2
PHKA2_+_19002235.23-P1P2	2596	4247	870	4265
PHKA2_+_19002457.23-P1P2	1303	624	2591	850
PHKA2_-_19001909.23-P1P2	1	2	1933	1702
PHKA2_-_19002158.23-P1P2	0	0	279	0
PHKB_-_47495264.23-P1P2	2793	3	2022	2274
PHKB_-_47495299.23-P1P2	1511	2	2316	1520
PHKB_-_47495303.23-P1P2	2	0	1695	1
PHKB_-_47495588.23-P1P2	0	0	718	0
PHKB_-_47495651.23-P1P2	4012	2	1846	1
PHKG1_+_56160396.23-P1P2	3	1	1261	3450
PHKG1_+_56160577.23-P1P2	0	0	253	1
PHKG1_+_56160610.23-P1P2	2709	2	1089	2176
PHKG1_-_56160585.23-P1P2	0	0	385	0
PHKG1_-_56160590.23-P1P2	1042	2901	1145	2007
PHKG2_+_30759805.23-P1P2	4	3	2773	2
PHKG2_+_30760130.23-P1P2	1642	0	146	3
PHKG2_+_30760174.23-P1P2	4	2	1765	0
PHKG2_-_30759762.23-P1P2	0	1	1664	24
PHKG2_-_30760262.23-P1P2	1	1	1016	1812
PHOSPHO1_+_47307801.23-P1P2	594	1	791	2
PHOSPHO1_+_47308056.23-P1P2	0	0	235	0
PHOSPHO1_-_47307692.23-P1P2	1483	1	1273	1955
PHOSPHO1_-_47307835.23-P1P2	1738	4	1974	1928
PHOSPHO1_-_47307951.23-P1P2	5	5662	413	1629
PHOSPHO2_+_170551289.23-P1P2	6601	2430	1980	2013
PHOSPHO2_+_170551384.23-P1P2	1450	0	402	2
PHOSPHO2_-_170550970.23-P1P2	0	0	346	0
PHOSPHO2_-_170550973.23-P1P2	1712	2	756	1644
PHOSPHO2_-_170551007.23-P1P2	1204	1	791	2
PHPT1_+_139744197.23-P1P2	1598	0	872	3
PHPT1_+_139744291.23-P1P2	2	0	936	1619
PHPT1_-_139743934.23-P1P2	2	1	691	0
PHPT1_-_139744072.23-P1P2	4435	9567	3306	4
PHPT1_-_139744240.23-P1P2	3	0	990	0
PHYH_+_13341614.23-P1P2	1621	1	1216	2
PHYH_+_13342081.23-P1P2	2328	3	1481	0
PHYH_-_13342019.23-P1P2	3381	5	1435	0
PHYH_-_13342022.23-P1P2	1	0	233	0
PHYH_-_13342043.23-P1P2	2294	2	2640	1508
PI4K2A_+_99344086.23-P1P2	3927	11240	2846	1753
PI4K2A_+_99344293.23-P1P2	1407	0	1026	1
PI4K2A_-_99344137.23-P1P2	2643	1	88	2
PI4K2A_-_99344156.23-P1P2	2453	0	1327	3
PI4K2A_-_99344347.23-P1P2	355	6	1139	5498
PI4K2B_+_25235662.23-P1P2	1364	3310	3021	3225
PI4K2B_+_25235692.23-P1P2	4303	4002	1188	3101
PI4K2B_+_25235804.23-P1P2	977	1918	1610	1862
PI4K2B_-_25235680.23-P1P2	1232	3023	1528	1928
PI4K2B_-_25235696.23-P1P2	1020	1	1865	2
PI4KA_+_21212657.23-P1P2	1	0	287	0
PI4KA_+_21212689.23-P1P2	1044	2	662	1
PI4KA_+_21212709.23-P1P2	2482	1	733	0
PI4KA_+_21213006.23-P1P2	0	0	0	0
PI4KA_+_21213067.23-P1P2	0	0	0	0
PI4KB_-_151299634.23-P1P2	1391	6	1133	0
PI4KB_-_151299661.23-P1P2	872	5305	400	1324
PI4KB_-_151299684.23-P1P2	848	1	1249	1
PI4KB_-_151299754.23-P1P2	1	0	517	0
PI4KB_-_151299873.23-P1P2	0	0	376	0
PICK1_+_38453768.23-P1P2	3	0	147	878
PICK1_-_38453443.23-P1P2	1586	0	783	1301
PICK1_-_38453447.23-P1P2	1144	0	1715	1534
PICK1_-_38453509.23-P1P2	0	0	283	0
PICK1_-_38453539.23-P1P2	0	0	0	0
PIGA_+_15353234.23-P1P2	1536	0	497	2
PIGA_+_15353621.23-P1P2	2	1	787	1633
PIGA_+_15353640.23-P1P2	1360	0	800	955
PIGA_-_15353282.23-P1P2	1463	2	953	1
PIGA_-_15353624.23-P1P2	5609	3554	2268	3150
PIK3AP1_+_98460181.23-P2	0	0	521	1
PIK3AP1_+_98460526.23-P2	4492	5369	1015	3887
PIK3AP1_+_98460548.23-P2	2136	6847	1109	5
PIK3AP1_+_98460558.23-P2	5063	5349	1942	3339
PIK3AP1_+_98460599.23-P2	0	1	247	0
PIK3AP1_+_98480264.23-P1	1546	5	674	5566
PIK3AP1_-_98479840.23-P1	0	0	217	0
PIK3AP1_-_98479865.23-P1	0	0	367	0
PIK3AP1_-_98479872.23-P1	3007	0	1724	0
PIK3AP1_-_98479875.23-P1	790	2	746	0
PIK3C2A_+_17190869.23-ENST00000265970.7	0	0	0	0
PIK3C2A_+_17191262.23-ENST00000265970.7	0	0	211	0
PIK3C2A_-_17190927.23-ENST00000265970.7	1	0	373	0
PIK3C2A_-_17190936.23-ENST00000265970.7	2898	2	996	3943
PIK3C2A_-_17190945.23-ENST00000265970.7	3550	1	819	1
PIK3C2B_+_204463513.23-P1P2	2982	1	1130	1
PIK3C2B_-_204463541.23-P1P2	6496	7	3366	8582
PIK3C2B_-_204463802.23-P1P2	0	1	774	1511
PIK3C2B_-_204463857.23-P1P2	2532	8	1375	2
PIK3C2B_-_204463896.23-P1P2	4	1	787	653
PIK3C2G_+_18414841.23-P1P2	0	0	442	754
PIK3C2G_+_18414917.23-P1P2	0	0	0	0
PIK3C2G_-_18414511.23-P1P2	2	3508	520	1
PIK3C2G_-_18414934.23-P1P2	3	0	1102	0
PIK3C2G_-_18414948.23-P1P2	1160	6380	2023	3167
PIK3C3_+_39535215.23-P1P2	2	0	2449	2
PIK3C3_+_39535224.23-P1P2	4	1	1952	1
PIK3C3_+_39535239.23-P1P2	3	2	1719	237
PIK3C3_+_39535554.23-P1P2	0	0	0	0
PIK3C3_-_39535233.23-P1P2	0	0	147	0
PIK3CA_+_178866166.23-P1P2	0	0	912	2
PIK3CA_+_178866554.23-P1P2	814	5443	925	1770
PIK3CA_-_178866181.23-P1P2	1997	0	754	1060
PIK3CA_-_178866358.23-P1P2	2427	2196	1568	5218
PIK3CA_-_178866523.23-P1P2	3006	2088	2757	4669
PIK3CB_+_138553280.23-P1P2	832	0	1315	2
PIK3CB_+_138553747.23-P1P2	2256	2	1565	2790
PIK3CB_+_138553761.23-P1P2	2004	1	1121	1265
PIK3CB_-_138553324.23-P1P2	2528	6	1555	5750
PIK3CB_-_138553360.23-P1P2	4090	392	4576	4862
PIK3CD_+_9711852.23-P1P2	2793	2	2034	4302
PIK3CD_+_9711871.23-P1P2	1876	5513	3870	1905
PIK3CD_+_9712078.23-P1P2	6132	5	1581	1194
PIK3CD_-_9711860.23-P1P2	1543	3041	1539	1719
PIK3CD_-_9712244.23-P1P2	476	2492	842	1854
PIK3CG_+_106506218.23-P1P2	1437	1	251	1688
PIK3CG_-_106505757.23-P1P2	0	0	0	0
PIK3CG_-_106505799.23-P1P2	1289	2	809	4989
PIK3CG_-_106505923.23-P1P2	2	2	2412	0
PIK3CG_-_106506280.23-P1P2	5	2	541	5818
PIK3R1_+_67511795.23-P1P2	942	1	947	1427
PIK3R1_+_67512066.23-P1P2	1592	3	541	0
PIK3R1_-_67511608.23-P1P2	945	6055	2658	3425
PIK3R1_-_67511611.23-P1P2	368	1311	741	0
PIK3R1_-_67511650.23-P1P2	4170	6	1571	4847
PIK3R2_+_18264032.23-P1	4900	2	2543	2739
PIK3R2_+_18266458.23-P2	3281	8079	2344	7
PIK3R2_+_18266838.23-P2	1518	9721	2231	871
PIK3R2_-_18263993.23-P1	1247	1	840	0
PIK3R2_-_18264316.23-P1	3445	2204	2276	1
PIK3R2_-_18264410.23-P1	1	0	480	1
PIK3R2_-_18264440.23-P1	5689	6788	1300	2153
PIK3R2_-_18266386.23-P2	1107	3	1290	1167
PIK3R2_-_18266797.23-P2	0	0	987	4
PIK3R2_-_18266852.23-P2	1050	4398	2411	1649
PIK3R3_+_46597820.23-P1P2	0	1	1331	0
PIK3R3_+_46598268.23-P1P2	3002	2	1238	2
PIK3R3_+_46598273.23-P1P2	794	1	3026	1
PIK3R3_+_46598278.23-P1P2	4085	4	1848	1823
PIK3R3_+_46598285.23-P1P2	1394	4077	1574	1795
PIK3R4_+_130465669.23-P1P2	1927	6807	2582	4229
PIK3R4_-_130465229.23-P1P2	2	1	438	1410
PIK3R4_-_130465552.23-P1P2	0	0	166	0
PIK3R4_-_130465574.23-P1P2	702	2	362	1
PIK3R4_-_130465652.23-P1P2	632	3041	1454	1
PIK3R5_+_8868972.23-P1P2	2148	5490	2803	3300
PIK3R5_-_8868596.23-P1P2	3556	4073	1553	2512
PIK3R5_-_8868612.23-P1P2	4	0	2296	1
PIK3R5_-_8868655.23-P1P2	1201	2284	1919	1
PIK3R5_-_8868978.23-P1P2	33	7860	1636	5
PIKFYVE_+_209131046.23-P1P2	0	0	1080	0
PIKFYVE_+_209131049.23-P1P2	1444	0	384	1
PIKFYVE_+_209131413.23-P1P2	0	0	0	0
PIKFYVE_-_209131032.23-P1P2	1532	1	3259	3
PIKFYVE_-_209131200.23-P1P2	2	0	709	1
PIM1_+_37138171.23-P1P2	826	1	1162	2
PIM1_+_37138184.23-P1P2	9	6201	1017	6999
PIM1_-_37137966.23-P1P2	2909	10515	2258	5415
PIM1_-_37137999.23-P1P2	1726	3	870	4
PIM1_-_37138008.23-P1P2	1	1627	629	0
PIM2_+_48775858.23-P1P2	0	0	895	0
PIM2_+_48775907.23-P1P2	0	0	185	0
PIM2_+_48776288.23-P1P2	1730	1	298	0
PIM2_+_48776320.23-P1P2	0	2	468	0
PIM2_-_48776115.23-P1P2	827	0	1215	1363
PIM3_+_50354860.23-P1P2	3244	2816	1890	873
PIM3_+_50354868.23-P1P2	3265	2	1404	1691
PIM3_-_50354801.23-P1P2	1301	2	625	0
PIM3_-_50354814.23-P1P2	848	2776	1074	1
PIM3_-_50354856.23-P1P2	990	2	1791	1706
PINK1_+_20960036.23-P1P2	1341	9116	4235	1653
PINK1_+_20960411.23-P1P2	1366	3595	542	3
PINK1_-_20960047.23-P1P2	1079	2370	2042	1118
PINK1_-_20960428.23-P1P2	916	0	1773	0
PINK1_-_20960460.23-P1P2	2241	3	2165	1897
PIP4K2A_+_23003104.23-P1P2	1466	1	759	0
PIP4K2A_+_23003459.23-P1P2	1136	2038	1934	5108
PIP4K2A_+_23003464.23-P1P2	2160	2352	1373	4
PIP4K2A_-_23003014.23-P1P2	1603	2768	1099	3
PIP4K2A_-_23003048.23-P1P2	1447	2	2285	3235
PIP4K2B_+_36955229.23-P1P2	543	3	612	0
PIP4K2B_-_36955387.23-P1P2	0	2	402	0
PIP4K2B_-_36955417.23-P1P2	1459	2	364	1749
PIP4K2B_-_36955739.23-P1P2	3165	0	998	4
PIP4K2B_-_36956199.23-P1P2	1444	7050	2211	732
PIP4K2C_+_57985002.23-P1P2	1802	1	1825	87
PIP4K2C_+_57985008.23-P1P2	0	0	1120	2
PIP4K2C_+_57985353.23-P1P2	4	3	994	1704
PIP4K2C_+_57985384.23-P1P2	0	0	302	0
PIP4K2C_-_57985075.23-P1P2	1532	0	62	3
PIP5K1A_+_151171080.23-P1P2	0	0	757	0
PIP5K1A_-_151171063.23-P1P2	1	1	2389	3
PIP5K1A_-_151171090.23-P1P2	9	3	3709	4499
PIP5K1A_-_151171094.23-P1P2	2	0	1136	0
PIP5K1A_-_151171106.23-P1P2	1614	3002	1232	2
PIP5K1B_+_71320149.23-P1P2	1	2	923	2196
PIP5K1B_+_71320232.23-P1P2	3481	0	1167	1312
PIP5K1B_+_71320559.23-P1P2	2	1	1209	1
PIP5K1B_-_71320180.23-P1P2	4348	972	1836	1917
PIP5K1B_-_71320195.23-P1P2	2627	4	3741	6851
PIP5K1C_+_3700009.23-P1P2	1097	6095	2213	2
PIP5K1C_+_3700441.23-P1P2	1175	5037	2639	2
PIP5K1C_+_3700444.23-P1P2	3296	2923	3195	3802
PIP5K1C_-_3700005.23-P1P2	1321	3	1304	1728
PIP5K1C_-_3700037.23-P1P2	3	0	1509	2025
PIP5KL1_+_130690685.23-P1P2	3024	7245	888	2086
PIP5KL1_-_130690615.23-P1P2	1667	1	179	1553
PIP5KL1_-_130690658.23-P1P2	6	7074	969	3
PIP5KL1_-_130690789.23-P1P2	2	2310	818	1387
PIP5KL1_-_130691053.23-P1P2	1212	10577	1142	2806
PIPOX_+_27370163.23-P1P2	1323	1	965	1947
PIPOX_+_27370166.23-P1P2	3	0	795	2053
PIPOX_+_27370206.23-P1P2	1017	2	882	1214
PIPOX_+_27370599.23-P1P2	2	0	929	1857
PIPOX_-_27370267.23-P1P2	5	1	1219	3174
PIP_+_142829204.23-P1P2	1490	4873	651	3259
PIP_+_142829428.23-P1P2	2	1	1712	0
PIP_+_142829643.23-P1P2	4321	5831	1176	1399
PIP_-_142829182.23-P1P2	1	2	142	1798
PIP_-_142829550.23-P1P2	0	0	0	0
PISD_+_32023824.23-ENST00000382151.2	4355	4777	2297	3828
PISD_+_32023938.23-ENST00000382151.2	0	1	533	0
PISD_+_32024094.23-ENST00000382151.2	1624	1	536	0
PISD_+_32026626.23-ENST00000266095.5	4888	1	3130	217
PISD_+_32026789.23-ENST00000266095.5	4	6639	887	5
PISD_+_32026821.23-ENST00000266095.5	1014	1	677	1
PISD_-_32023781.23-ENST00000382151.2	0	0	293	0
PISD_-_32023968.23-ENST00000382151.2	1	0	629	0
PISD_-_32026798.23-ENST00000266095.5	2	1	1047	31
PISD_-_32026827.23-ENST00000266095.5	883	1	1367	1
PITPNA_+_1465444.23-P1P2	1396	0	359	0
PITPNA_+_1465502.23-P1P2	1214	2	1555	1
PITPNA_+_1465684.23-P1P2	811	0	1529	0
PITPNA_+_1465731.23-P1P2	0	0	0	0
PITPNA_+_1466054.23-P1P2	5	4933	1556	0
PKDCC_+_42275174.23-P1P2	2758	3	1754	1360
PKDCC_+_42275401.23-P1P2	2	0	2480	0
PKDCC_+_42275596.23-P1P2	1849	2	686	1332
PKDCC_-_42275537.23-P1P2	2235	4753	1668	3338
PKDCC_-_42275772.23-P1P2	1873	1319	2459	3377
PKIA_+_79429022.23-P1P2	0	0	156	0
PKIA_-_79428572.23-P1P2	1378	5	2732	1497
PKIA_-_79428638.23-P1P2	1755	0	2319	1085
PKIA_-_79428794.23-P1P2	2393	3	1620	1
PKIA_-_79428977.23-P1P2	963	0	1765	1
PKIB_+_122931982.23-P1	1	2	317	1953
PKIB_+_123039146.23-P2	7	6916	983	1697
PKIB_+_123039229.23-P2	0	0	0	0
PKIB_-_122931556.23-P1	2	2	1104	2962
PKIB_-_122931570.23-P1	3691	10958	3032	2835
PKIB_-_122931580.23-P1	1395	4027	2179	1753
PKIB_-_122931583.23-P1	3708	3	1470	1329
PKIB_-_123038738.23-P2	3	1	1275	1436
PKIB_-_123038981.23-P2	3	1	2610	1
PKIB_-_123039104.23-P2	0	0	1202	0
PKIG_+_43160504.23-P1P2	2650	3807	1815	10
PKIG_+_43160731.23-P1P2	0	0	105	0
PKIG_-_43160518.23-P1P2	1455	3	2600	1455
PKIG_-_43160524.23-P1P2	1	4	984	3717
PKIG_-_43160637.23-P1P2	3072	4129	1124	1988
PKLR_+_155270361.23-P1P2	328	1	346	0
PKLR_+_155270540.23-P1P2	320	0	545	2
PKLR_+_155270652.23-P1P2	1575	2036	1205	1
PKLR_-_155270743.23-P1P2	632	9634	1275	3
PKLR_-_155271229.23-P1P2	2	1	1	1589
PKMYT1_+_3030383.23-P1P2	0	0	116	0
PKMYT1_+_3030402.23-P1P2	875	1	738	1162
PKMYT1_+_3030417.23-P1P2	1	0	109	0
PKMYT1_-_3029976.23-P1P2	2974	2	1276	3
PKMYT1_-_3030080.23-P1P2	0	0	0	0
PKM_+_72500660.23-P2	1612	1	1010	1
PKM_+_72500668.23-P2	1	1	598	0
PKM_+_72500912.23-P2	4864	8334	1914	1286
PKM_+_72501079.23-P2	2	0	1032	1851
PKM_+_72523385.23-P1	9	5689	874	3
PKM_+_72523549.23-P1	3	4907	286	2
PKM_-_72500954.23-P2	6174	5	1179	2198
PKM_-_72523138.23-P1	2	1	629	2392
PKM_-_72523477.23-P1	6538	11066	3289	2955
PKM_-_72523504.23-P1	0	0	0	0
PKN1_+_14544594.23-P1	0	1	724	0
PKN1_+_14551296.23-P2	1220	3	1685	2374
PKN1_+_14551457.23-P2	926	0	120	0
PKN1_+_14551497.23-P2	1773	5	682	1912
PKN1_-_14544383.23-P1	1556	3	984	5628
PKN1_-_14544473.23-P1	1753	1	828	3
PKN1_-_14544565.23-P1	1480	1	1227	1629
PKN1_-_14544641.23-P1	0	0	563	0
PKN1_-_14551111.23-P2	2898	5069	3009	1794
PKN1_-_14551126.23-P2	0	0	494	0
PKN2_+_89150003.23-P1P2	4	1	791	2076
PKN2_+_89150054.23-P1P2	1370	2650	1160	0
PKN2_-_89149990.23-P1P2	1	0	2195	1
PKN2_-_89150033.23-P1P2	0	0	925	0
PKN2_-_89150042.23-P1P2	48	0	444	1
PKN3_+_131464783.23-P1P2	1727	1	1310	1852
PKN3_+_131464789.23-P1P2	2290	1290	1649	832
PKN3_+_131465264.23-P1P2	2891	2565	2508	3197
PKN3_-_131464879.23-P1P2	1898	3	907	1679
PKN3_-_131465067.23-P1P2	0	2	851	0
PLA2G1B_+_120763804.23-P2	3628	3098	2685	1714
PLA2G1B_+_120763865.23-P2	5635	1554	1974	4136
PLA2G1B_+_120763892.23-P2	505	1	787	1
PLA2G1B_+_120763934.23-P2	0	0	303	0
PLA2G1B_+_120765517.23-P1	934	8583	2366	7
PLA2G1B_-_120763872.23-P2	0	5082	483	1170
PLA2G1B_-_120765185.23-P1	1664	4	591	0
PLA2G1B_-_120765374.23-P1	662	1	144	1
PLA2G1B_-_120765462.23-P1	934	1	1151	1092
PLA2G1B_-_120765494.23-P1	4	4131	322	3
PLA2G2D_-_20445628.23-P1P2	3	1	68	2142
PLA2G2D_-_20445639.23-P1P2	2	0	1015	1
PLA2G2D_-_20445794.23-P1P2	1938	4	680	1721
PLA2G2D_-_20445804.23-P1P2	985	0	792	1
PLA2G2D_-_20446014.23-P1P2	0	0	734	0
PLA2G2E_+_20249667.23-P1P2	3932	2859	1968	2
PLA2G2E_+_20250115.23-P1P2	4896	3	2020	0
PLA2G2E_-_20249761.23-P1P2	2889	2	902	0
PLA2G2E_-_20249882.23-P1P2	1584	6	1551	3800
PLA2G2E_-_20250093.23-P1P2	1	1	1103	0
PLA2G7_+_46702836.23-P1P2	0	0	0	0
PLA2G7_+_46703279.23-P1P2	3482	0	2064	1
PLA2G7_-_46703088.23-P1P2	1606	3	2875	14
PLA2G7_-_46703118.23-P1P2	3469	4587	804	5
PLA2G7_-_46703419.23-P1P2	2828	6	1896	7061
PLAUR_+_44174210.23-P1P2	0	0	1520	0
PLAUR_+_44174267.23-P1P2	1187	3	1606	2058
PLAUR_+_44174287.23-P1P2	2495	7810	2790	2134
PLAUR_+_44174301.23-P1P2	2771	0	1105	1884
PLAUR_-_44174281.23-P1P2	1	1	768	1
PLAU_+_75670964.23-P1P2	1141	0	1959	5
PLAU_+_75670973.23-P1P2	1247	5	1797	3046
PLAU_+_75671284.23-P1P2	1	3	1737	0
PLAU_+_75671308.23-P1P2	1232	0	916	1
PLAU_-_75670897.23-P1P2	2488	5203	1237	1329
PLCL1_+_198669340.23-P1P2	1208	0	617	1
PLCL1_+_198669400.23-P1P2	3	2492	1168	0
PLCL1_+_198669751.23-P1P2	5036	10141	2460	1100
PLCL1_-_198669379.23-P1P2	3781	4	2212	3489
PLCL1_-_198669764.23-P1P2	1587	6467	1474	3
PLEKHA1_+_124134185.23-P1P2	6047	6	2451	3034
PLEKHA1_-_124134278.23-P1P2	656	10189	1114	3623
PLEKHA1_-_124134286.23-P1P2	3629	7	2627	9119
PLEKHA1_-_124134362.23-P1P2	1433	6334	2996	1854
PLEKHA1_-_124134639.23-P1P2	3184	3	2158	3752
PLEKHA4_+_49371353.23-P1P2	2846	4620	2896	7300
PLEKHA4_+_49371495.23-P1P2	516	5863	1337	1
PLEKHA4_+_49371684.23-P1P2	4	3	1098	3928
PLEKHA4_+_49371892.23-P1P2	5001	1662	1326	862
PLEKHA4_-_49371930.23-P1P2	3	2271	1890	4
PLIN3_+_4867585.23-P1P2	1496	2	294	2
PLIN3_+_4867619.23-P1P2	3260	2068	2546	4331
PLIN3_+_4867629.23-P1P2	1445	2	2325	2030
PLIN3_+_4867637.23-P1P2	4162	7041	3289	3529
PLIN3_-_4867188.23-P1P2	3	1	417	3488
PLK1_+_23690651.23-P1P2	0	0	0	0
PLK1_-_23690230.23-P1P2	3	2892	1	1
PLK1_-_23690276.23-P1P2	0	0	0	0
PLK1_-_23690679.23-P1P2	0	0	0	0
PLK1_-_23690749.23-P1P2	0	0	0	0
PLK2_+_57754817.23-P2	1681	1	158	1
PLK2_+_57755846.23-P1	1249	0	573	0
PLK2_+_57755850.23-P1	4	9814	900	6
PLK2_+_57755864.23-P1	2	2912	379	628
PLK2_+_57755870.23-P1	0	0	853	0
PLK2_+_57755896.23-P1	3034	5208	2574	2561
PLK2_-_57754365.23-P2	0	0	539	1
PLK2_-_57754371.23-P2	3103	4	1455	1
PLK2_-_57754828.23-P2	0	0	0	0
PLK2_-_57754849.23-P2	1312	2	212	0
PLK3_+_45266145.23-P1P2	2094	3688	1263	2450
PLK3_+_45266472.23-P1P2	1341	5671	1098	1881
PLK3_+_45266498.23-P1P2	5	2	565	5463
PLK3_-_45266040.23-P1P2	4	5485	1751	1
PLK3_-_45266066.23-P1P2	32	2924	1897	2
PLK4_-_128802078.23-P1P2	0	0	40	0
PLK4_-_128802148.23-P1P2	0	0	0	0
PLK4_-_128802273.23-P1P2	0	0	0	0
PLK4_-_128802512.23-P1P2	0	0	0	0
PLK4_-_128802557.23-P1P2	0	0	0	0
PLOD1_+_11994800.23-P1P2	3255	9251	2488	977
PLOD1_+_11994812.23-P1P2	5416	5	1161	1600
PLOD1_+_11994820.23-P1P2	1	1	1355	3
PLOD1_+_11994823.23-P1P2	2	0	621	1933
PLOD1_-_11994894.23-P1P2	1	7	2472	3103
PLOD2_+_145878561.23-P1P2	3749	4	1226	1
PLOD2_-_145878946.23-P1P2	3133	1	1479	2
PLOD2_-_145878953.23-P1P2	3714	15465	2096	5547
PLOD2_-_145878956.23-P1P2	4	0	1826	0
PLOD2_-_145878959.23-P1P2	1709	4995	1284	5
PLOD3_+_100860355.23-P1P2	1	0	347	0
PLOD3_+_100860432.23-P1P2	1563	6254	1212	1425
PLOD3_-_100860450.23-P1P2	1459	3	2326	1798
PLOD3_-_100860500.23-P1P2	720	1	2494	1883
PLOD3_-_100860829.23-P1P2	598	1754	193	1428
PMP2_+_82359260.23-P1P2	3	1	629	1906
PMP2_+_82359456.23-P1P2	2	1	588	2151
PMP2_+_82359601.23-P1P2	1	1	528	0
PMP2_-_82359629.23-P1P2	1099	0	412	1
PMP2_-_82359656.23-P1P2	0	1	126	0
PMVK_+_154909114.23-P1P2	0	0	625	0
PMVK_+_154909206.23-P1P2	1	0	205	0
PMVK_-_154909154.23-P1P2	2	2312	1143	1
PMVK_-_154909252.23-P1P2	0	0	460	0
PMVK_-_154909257.23-P1P2	0	0	374	0
PNCK_+_152938802.23-P1P2	1117	7751	1449	1
PNCK_+_152938805.23-P1P2	2405	5	930	2582
PNCK_+_152938864.23-P1P2	1991	5	2076	2189
PNCK_+_152939246.23-P1P2	4123	1900	3405	2983
PNCK_-_152938917.23-P1P2	2349	1498	3338	1
PNKP_+_50370409.23-P1P2	1451	1	2165	1
PNKP_+_50370456.23-P1P2	2520	1928	1273	1
PNKP_+_50370774.23-P1P2	2700	4278	1373	4
PNKP_-_50370388.23-P1P2	0	0	761	0
PNKP_-_50370765.23-P1P2	4193	4	1056	1
PNLIPRP2_+_118380825.23-P1P2	2970	2	782	2090
PNLIPRP2_-_118380490.23-P1P2	943	1446	610	1958
PNLIPRP2_-_118380523.23-P1P2	1	2072	748	0
PNLIPRP2_-_118380553.23-P1P2	11	0	324	6590
PNLIPRP2_-_118380939.23-P1P2	812	1	345	846
PNLIP_+_118305465.23-P1P2	785	2	1533	0
PNLIP_+_118305610.23-P1P2	1103	2	466	1210
PNLIP_-_118305715.23-P1P2	1238	6	1192	1859
PNLIP_-_118305793.23-P1P2	1	1	637	0
PNLIP_-_118305807.23-P1P2	3	2	2807	1974
PNMT_-_37824323.23-P1P2	2285	2	622	1
PNMT_-_37824490.23-P1P2	3	5624	795	2
PNMT_-_37824686.23-P1P2	2235	0	982	3
PNMT_-_37824713.23-P1P2	0	1	576	0
PNMT_-_37824758.23-P1P2	6	0	1207	1625
PNPO_+_46018940.23-P1P2	0	0	119	0
PNPO_+_46019182.23-P1P2	1957	9700	1721	1627
PNPO_+_46019349.23-P1P2	2003	0	777	2
PNPO_-_46018968.23-P1P2	0	1	472	0
PNPO_-_46019078.23-P1P2	4791	3086	1034	1959
PNP_-_20937584.23-P1P2	803	6348	1222	5
PNP_-_20937615.23-P1P2	2	2674	523	0
PNP_-_20937630.23-P1P2	1436	0	811	3121
PNP_-_20937635.23-P1P2	2525	2	594	1297
PNP_-_20937699.23-P1P2	0	0	169	0
POMC_+_25391359.23-P1P2	4	4	1370	2143
POMC_+_25391409.23-P1P2	2	2729	788	2
POMC_+_25391433.23-P1P2	14	10846	1746	2
POMC_+_25391444.23-P1P2	1437	3630	2401	1684
POMC_-_25391424.23-P1P2	1386	2	1811	0
PON1_+_95025646.23-P1P2	2316	3	286	0
PON1_+_95025656.23-P1P2	4456	1677	1657	1741
PON1_-_95025618.23-P1P2	0	0	259	0
PON1_-_95025623.23-P1P2	2	1	1406	0
PON1_-_95025663.23-P1P2	2102	18434	1883	442
POR_+_75544568.23-P1P2	1290	3055	1266	1202
POR_+_75544696.23-P1P2	0	1	1013	0
POR_-_75544497.23-P1P2	4898	6	3363	2025
POR_-_75544904.23-P1P2	3364	2782	2160	1836
POR_-_75544919.23-P1P2	2	4	1786	1970
PPA1_+_71993075.23-P1P2	0	0	0	0
PPA1_+_71993087.23-P1P2	1110	3	1027	1711
PPA1_-_71992928.23-P1P2	1290	4	815	2319
PPA1_-_71993135.23-P1P2	0	0	119	0
PPA1_-_71993150.23-P1P2	2	2088	213	0
PPAP2A_+_54830371.23-P1P2	113	4	1843	1742
PPAP2A_+_54830753.23-P1P2	1485	3	971	1
PPAP2A_+_54830764.23-P1P2	919	1	2278	2
PPAP2A_-_54830435.23-P1P2	2	2947	852	1633
PPAP2A_-_54830796.23-P1P2	0	0	933	1
PPAP2B_+_57044605.23-P1P2	1510	1	1321	1
PPAP2B_+_57044636.23-P1P2	1483	0	266	0
PPAP2B_+_57044758.23-P1P2	4108	5	1864	3548
PPAP2B_+_57045051.23-P1P2	0	0	1173	2076
PPAP2B_-_57044575.23-P1P2	1693	1	695	1846
PPAP2C_+_290938.23-P1P2	1	0	510	1811
PPAP2C_+_291160.23-P1P2	3	0	1033	1
PPAP2C_+_291324.23-P1P2	1650	5	2301	5218
PPAP2C_+_291356.23-P1P2	0	0	2034	0
PPAP2C_-_290882.23-P1P2	2361	5278	3339	1
PPARD_+_35310739.23-P1P2	1552	1	344	2
PPARD_+_35310845.23-P1P2	1473	1	223	0
PPARD_-_35310354.23-P1P2	2402	3601	2568	4712
PPARD_-_35310380.23-P1P2	3209	5	969	4
PPARD_-_35310604.23-P1P2	6260	2	3219	6
PPAT_+_57301347.23-P1P2	1410	2	981	1
PPAT_-_57301266.23-P1P2	5234	740	1569	3
PPAT_-_57301292.23-P1P2	0	0	316	0
PPAT_-_57301411.23-P1P2	1587	2	1334	3322
PPAT_-_57301766.23-P1P2	1309	0	344	0
PPBP_+_74853499.23-P1P2	5372	4	1131	2
PPBP_+_74853665.23-P1P2	1621	3423	690	3
PPBP_+_74853862.23-P1P2	2	0	509	0
PPBP_-_74853598.23-P1P2	3034	3783	2074	7198
PPBP_-_74853875.23-P1P2	3	3334	485	3
PPCDC_+_75316147.23-P1	1113	5	1300	0
PPCDC_+_75335668.23-P2	1464	8737	2678	3
PPCDC_+_75335905.23-P2	959	3682	1140	1863
PPCDC_+_75336103.23-P2	0	0	196	0
PPCDC_+_75336118.23-P2	0	0	498	0
PPCDC_-_75315977.23-P1	1	2	768	896
PPCDC_-_75315982.23-P1	4	7363	811	1252
PPCDC_-_75316006.23-P1	3148	0	666	2
PPCDC_-_75316009.23-P1	1713	3856	1105	2134
PPCDC_-_75335652.23-P2	3	1	1588	2
PPEF1_+_18726028.23-P1P2	1413	0	683	599
PPEF1_-_18725799.23-P1P2	2	0	792	0
PPEF1_-_18725809.23-P1P2	0	2030	210	1
PPEF1_-_18725828.23-P1P2	1472	1	752	0
PPEF1_-_18726233.23-P1P2	1	0	613	0
PPEF2_+_76823539.23-P1P2	5	5338	1098	4064
PPEF2_+_76823587.23-P1P2	1489	0	434	2
PPEF2_-_76823184.23-P1P2	9	6	1579	3759
PPEF2_-_76823192.23-P1P2	4137	5	927	2076
PPEF2_-_76823265.23-P1P2	0	0	582	1
PPFIA1_+_70116839.23-P1P2	1177	1	808	1
PPFIA1_+_70116850.23-P1P2	3778	6	1209	4
PPFIA1_-_70116849.23-P1P2	1192	5360	2803	6
PPFIA1_-_70116878.23-P1P2	0	1	661	1
PPFIA1_-_70117025.23-P1P2	5005	5	1384	2393
PPFIA2_+_82152568.23-ENST00000548586.1	986	2	1056	3787
PPFIA2_+_82153068.23-ENST00000549396.1	9	6080	1374	2504
PPFIA2_+_82153096.23-ENST00000549396.1	2	0	2221	1
PPFIA2_+_82153267.23-ENST00000549396.1	371	6531	1820	2576
PPFIA2_-_82152075.23-ENST00000548586.1	0	0	80	0
PPFIA2_-_82152306.23-ENST00000548586.1	1	0	841	0
PPFIA2_-_82152489.23-ENST00000548586.1	1578	1	104	0
PPFIA2_-_82152575.23-ENST00000548586.1	1909	4740	753	2637
PPFIA2_-_82152816.23-ENST00000549396.1	1456	0	1080	1
PPFIA2_-_82153064.23-ENST00000549396.1	1	0	220	0
PPFIA3_+_49623064.23-P2	1	0	842	0
PPFIA3_+_49623161.23-P2	1	0	267	0
PPFIA3_+_49623240.23-P2	1	0	952	0
PPFIA3_+_49631826.23-P1	6	6050	1354	4
PPFIA3_+_49631881.23-P1	1576	1	186	1
PPFIA3_+_49631936.23-P1	1546	1	715	1
PPFIA3_+_49632090.23-P1	3168	4	1327	1826
PPFIA3_-_49622827.23-P2	2	2	667	3016
PPFIA3_-_49622853.23-P2	568	2003	919	0
PPFIA3_-_49632209.23-P1	2522	3	327	1490
PPFIA4_+_202995653.23-P1P2	3922	3	2494	2853
PPFIA4_-_202995685.23-P1P2	5	0	715	4973
PPFIA4_-_202995695.23-P1P2	336	5	2423	4802
PPFIA4_-_202995702.23-P1P2	5	7784	910	5
PPFIA4_-_202996060.23-P1P2	0	1	1322	0
PPIA_+_44836650.23-P1P2	2071	7900	2068	7071
PPIA_+_44836665.23-P1P2	1288	1	1348	1281
PPIA_+_44836713.23-P1P2	2871	0	877	3
PPIA_+_44836735.23-P1P2	330	5309	1031	2698
PPIA_+_44837515.23-P1P2	0	0	342	0
PPIB_+_64455154.23-P1P2	1574	4	1675	1
PPIB_-_64455141.23-P1P2	870	5689	1959	1
PPIB_-_64455144.23-P1P2	1	2	2262	2749
PPIB_-_64455191.23-P1P2	3687	7	1588	5009
PPIB_-_64455194.23-P1P2	11	5572	768	1862
PPIC_-_122371987.23-P1P2	2	0	642	1
PPIC_-_122372328.23-P1P2	747	10789	1361	6370
PPIC_-_122372331.23-P1P2	2602	156	1479	4
PPIC_-_122372361.23-P1P2	3491	1777	2802	4781
PPIC_-_122372378.23-P1P2	1997	8668	1998	2538
PPIF_+_81107272.23-P1P2	5	1	380	3310
PPIF_+_81107276.23-P1P2	1368	3	1213	0
PPIF_+_81107464.23-P1P2	0	0	526	0
PPIF_+_81107670.23-P1P2	1337	4689	1114	1
PPIF_-_81107756.23-P1P2	0	0	0	0
PPIG_-_170440898.23-P1P2	725	4	2238	5790
PPIG_-_170441066.23-P1P2	891	0	3345	1330
PPIG_-_170441134.23-P1P2	0	0	0	0
PPIG_-_170441329.23-P1P2	3951	4	503	2
PPIG_-_170441355.23-P1P2	765	1	378	0
PPIH_+_43124090.23-P1P2	1018	5712	1023	1
PPIH_+_43124361.23-P1P2	1	0	361	1
PPIH_+_43124465.23-P1P2	0	1	863	0
PPIH_+_43124501.23-P1P2	4	0	562	2117
PPIH_-_43124126.23-P1P2	0	0	129	0
PPM1A_-_60715976.23-P1P2	2281	1	2495	1499
PPM1A_-_60716010.23-P1P2	1678	5	288	1
PPM1A_-_60716043.23-P1P2	1713	5239	1774	4325
PPM1A_-_60716058.23-P1P2	1	0	1991	1
PPM1A_-_60716404.23-P1P2	717	0	1204	1802
PPM1B_+_44396382.23-P1P2	2701	1819	1086	2166
PPM1B_+_44396407.23-P1P2	2	3415	1387	2
PPM1B_-_44396044.23-P1P2	1127	2	2465	1
PPM1B_-_44396209.23-P1P2	1399	2877	1877	1849
PPM1B_-_44396281.23-P1P2	1499	2	1639	1978
PPM1D_+_58677707.23-P1P2	0	0	0	0
PPM1D_+_58677989.23-P1P2	1	0	730	1
PPM1D_+_58678050.23-P1P2	0	0	278	1331
PPM1D_+_58678053.23-P1P2	1	0	272	0
PPM1D_-_58677985.23-P1P2	0	0	0	0
PPM1E_+_56833246.23-P1P2	2035	4864	2666	2625
PPM1E_+_56833255.23-P1P2	0	0	1026	1
PPM1E_+_56833262.23-P1P2	2184	5423	565	3
PPM1E_+_56833265.23-P1P2	443	2584	1606	9
PPM1E_-_56833222.23-P1P2	1941	8941	1921	2
PPM1F_+_22306828.23-P1P2	1745	1	982	2
PPM1F_+_22306836.23-P1P2	4522	0	1130	2
PPM1F_+_22307004.23-P1P2	1637	2993	314	2
PPM1F_+_22307083.23-P1P2	1508	1	1967	3655
PPM1F_+_22307162.23-P1P2	6176	3	2008	4
PPM1G_+_27607559.23-P2	0	0	526	1
PPM1G_+_27607655.23-P2	696	6442	446	1
PPM1G_+_27607660.23-P2	2417	2833	954	3958
PPM1G_+_27632407.23-P1	2038	0	767	3
PPM1G_-_27607619.23-P2	1111	3	969	1536
PPM1G_-_27607633.23-P2	1643	0	969	0
PPM1G_-_27632090.23-P1	0	0	0	0
PPM1G_-_27632410.23-P1	2	1	524	1866
PPM1G_-_27632417.23-P1	0	0	113	0
PPM1G_-_27632451.23-P1	1698	0	692	421
PPM1L_+_160473629.23-P1P2	2	2	1722	2010
PPM1L_+_160473697.23-P1P2	3224	3	756	3575
PPM1L_+_160473761.23-P1P2	3327	2197	2499	3411
PPM1L_-_160473396.23-P1P2	2414	4676	2764	4
PPM1L_-_160473832.23-P1P2	289	4790	2329	4593
PPM1M_+_52279796.23-P1P2	3244	5971	1817	3032
PPM1M_+_52280168.23-P1P2	5908	3380	1135	1978
PPM1M_+_52280189.23-P1P2	1162	2	800	2034
PPM1M_+_52280195.23-P1P2	1368	1	1609	3
PPM1M_+_52280215.23-P1P2	1377	5020	1407	2007
PPME1_+_73882513.23-P1P2	1434	2435	1262	0
PPME1_+_73882581.23-P1P2	1	1	1393	0
PPME1_-_73882369.23-P1P2	1807	2	2060	3
PPME1_-_73882402.23-P1P2	3905	4	1339	1412
PPME1_-_73882418.23-P1P2	2379	1	811	0
PPP1CA_+_67168772.23-P1	2414	1	725	0
PPP1CA_+_67168941.23-P1	0	0	149	0
PPP1CA_+_67169098.23-P1	1	1	771	0
PPP1CA_-_67168840.23-P1	1	0	1050	1295
PPP1CA_-_67168891.23-P1	1093	2909	3823	1886
PPP1CA_-_67188217.23-P2	2450	3912	1938	2163
PPP1CA_-_67188220.23-P2	12	2470	2714	3836
PPP1CA_-_67188475.23-P2	1311	6	2288	3023
PPP1CA_-_67188610.23-P2	5	1642	2065	917
PPP1CA_-_67188663.23-P2	2	2290	834	0
PPP1CB_+_28974937.23-P1P2	0	0	62	0
PPP1CB_+_28975362.23-P1P2	1	0	927	0
PPP1CB_+_28975374.23-P1P2	0	0	0	0
PPP1CB_+_28975409.23-P1P2	0	0	131	0
PPP1CB_-_28975080.23-P1P2	0	0	270	0
PPP1CC_+_111180646.23-P1P2	0	0	0	0
PPP1CC_+_111180675.23-P1P2	2	3	1012	1617
PPP1CC_+_111180706.23-P1P2	1365	2301	1784	1752
PPP1CC_+_111180709.23-P1P2	0	0	625	0
PPP1CC_-_111180279.23-P1P2	13	3	1238	7119
PPP1R10_+_30584999.23-P1P2	0	1	402	0
PPP1R10_-_30584622.23-P1P2	2	3	758	1509
PPP1R10_-_30584626.23-P1P2	3	5261	4	1301
PPP1R10_-_30584990.23-P1P2	0	0	178	0
PPP1R10_-_30585037.23-P1P2	0	0	594	1
PPP1R11_-_30035005.23-P1P2	3744	2825	2111	1512
PPP1R11_-_30035028.23-P1P2	0	0	80	0
PPP1R11_-_30035364.23-P1P2	1676	1	125	0
PPP1R11_-_30035370.23-P1P2	1	0	964	0
PPP1R11_-_30035402.23-P1P2	0	0	413	0
PPP1R12A_+_80328425.23-P1P2	173	0	168	0
PPP1R12A_+_80328722.23-P1P2	811	1	1	0
PPP1R12A_-_80328443.23-P1P2	0	0	0	0
PPP1R12A_-_80328459.23-P1P2	0	0	138	0
PPP1R12A_-_80328826.23-P1P2	0	0	116	0
PPP1R12B_+_202317869.23-P1P2	1488	3	2719	2680
PPP1R12B_+_202318266.23-P1P2	1140	1	449	1239
PPP1R12B_-_202317836.23-P1P2	3583	18901	2013	4669
PPP1R12B_-_202317839.23-P1P2	1281	2	811	633
PPP1R12B_-_202317905.23-P1P2	713	0	627	0
PPP1R12C_+_55628528.23-P1P2	1676	1	2624	1531
PPP1R12C_+_55628898.23-P1P2	2830	1	2472	1
PPP1R12C_-_55628495.23-P1P2	1192	1	718	1046
PPP1R12C_-_55628615.23-P1P2	4064	2	1512	1619
PPP1R12C_-_55628753.23-P1P2	5086	2	1563	2
PPP1R13B_+_104313706.23-P1P2	0	0	540	0
PPP1R13B_+_104313719.23-P1P2	838	2370	882	2828
PPP1R13B_+_104313722.23-P1P2	1341	0	666	0
PPP1R13B_+_104313901.23-P1P2	3813	2409	2413	1282
PPP1R13B_-_104313915.23-P1P2	1489	1	1350	1568
PPP1R14A_+_38746626.23-P1P2	0	2	465	0
PPP1R14A_+_38746636.23-P1P2	4867	3084	2680	1505
PPP1R14A_+_38746782.23-P1P2	1528	2283	899	1420
PPP1R14A_+_38746975.23-P1P2	1087	2	1970	2645
PPP1R14A_-_38746713.23-P1P2	1141	3768	1554	833
PPP1R14C_+_150464221.23-P1P2	1755	2	1392	1745
PPP1R14C_+_150464229.23-P1P2	4154	2	2722	2
PPP1R14C_+_150464246.23-P1P2	1217	5	2298	3375
PPP1R14C_+_150464251.23-P1P2	989	2673	989	1
PPP1R14C_-_150464642.23-P1P2	1837	2	952	1142
PPP1R14D_+_41120491.23-P1P2	0	0	716	0
PPP1R14D_+_41120873.23-P1P2	1344	0	925	1
PPP1R14D_+_41120876.23-P1P2	709	4451	818	2
PPP1R14D_-_41120420.23-P1P2	1528	4	139	0
PPP1R14D_-_41120717.23-P1P2	4	1	449	1874
PPP1R15B_-_204380472.23-P1P2	0	0	158	1
PPP1R15B_-_204380714.23-P1P2	0	0	0	0
PPP1R15B_-_204380747.23-P1P2	0	0	0	0
PPP1R15B_-_204380902.23-P1P2	3891	6136	1579	2027
PPP1R15B_-_204380908.23-P1P2	1	0	166	0
PPP1R16B_+_37434787.23-P1P2	4747	2	1118	3
PPP1R16B_+_37434797.23-P1P2	2112	8128	2583	6
PPP1R16B_-_37434398.23-P1P2	2	0	1098	1863
PPP1R16B_-_37434404.23-P1P2	2140	4214	3388	4592
PPP1R16B_-_37434450.23-P1P2	4	2894	1326	5
PPP1R1A_+_54982432.23-P1P2	0	1	67	1964
PPP1R1A_+_54982444.23-P1P2	3007	2902	2737	4169
PPP1R1A_+_54982447.23-P1P2	1074	0	1836	1
PPP1R1A_-_54982026.23-P1P2	775	0	2060	0
PPP1R1A_-_54982106.23-P1P2	1232	3	691	2076
PPP1R1B_-_37783163.23-P1P2	0	0	0	0
PPP1R1B_-_37783208.23-P1P2	0	0	0	0
PPP1R1B_-_37783231.23-P1P2	4277	2027	871	2
PPP1R1B_-_37783448.23-P1P2	0	0	861	1
PPP1R1B_-_37783657.23-P1P2	4797	3	2676	1087
PPP1R1C_-_182850503.23-ENST00000409137.3,ENST00000409702.1,ENST00000452904.1	5	2828	1453	1818
PPP1R1C_-_182850544.23-ENST00000409137.3,ENST00000409702.1,ENST00000452904.1	2227	0	870	1
PPP1R1C_-_182850564.23-ENST00000409137.3,ENST00000409702.1,ENST00000452904.1	3149	0	812	3
PPP1R1C_-_182850616.23-ENST00000409137.3,ENST00000409702.1,ENST00000452904.1	0	0	506	1
PPP1R1C_-_182850788.23-ENST00000409137.3,ENST00000409702.1,ENST00000452904.1	2	0	1126	0
PPP1R21_+_48668000.23-P1P2	2738	3260	1412	22
PPP1R21_+_48668006.23-P1P2	1413	0	1390	1
PPP1R21_+_48668289.23-P1P2	5237	4970	2640	2866
PPP1R21_-_48667940.23-P1P2	0	0	0	0
PPP1R21_-_48668149.23-P1P2	1903	0	623	1
PPP1R26_+_138371487.23-P1P2	1862	4	1170	3381
PPP1R26_+_138371563.23-P1P2	1283	0	1202	0
PPP1R26_+_138372038.23-P1P2	0	1	1119	0
PPP1R26_+_138372066.23-P1P2	1766	2582	1292	3659
PPP1R26_-_138371647.23-P1P2	1767	3	1988	3700
PPP1R2_+_195269711.23-P1P2	2889	5103	918	5
PPP1R2_+_195269725.23-P1P2	0	0	324	0
PPP1R2_+_195270077.23-P1P2	4363	0	1316	407
PPP1R2_+_195270106.23-P1P2	0	0	999	0
PPP1R2_-_195270091.23-P1P2	1565	4451	1843	7230
PPP1R32_+_61248653.23-P1P2	1620	4	2206	4242
PPP1R32_+_61248658.23-P1P2	2225	1	1042	0
PPP1R32_+_61248700.23-P1P2	2531	6318	1752	3544
PPP1R32_-_61249046.23-P1P2	1	1	909	0
PPP1R32_-_61249067.23-P1P2	1917	0	696	3
PPP1R37_-_45596434.23-P1P2	1	1	899	973
PPP1R37_-_45596465.23-P1P2	3	3	955	3756
PPP1R37_-_45596468.23-P1P2	5	3109	1097	2303
PPP1R37_-_45596471.23-P1P2	0	0	704	0
PPP1R37_-_45596868.23-P1P2	1512	6	1520	3357
PPP1R3A_+_113558637.23-P1P2	0	0	292	1
PPP1R3A_-_113558730.23-P1P2	1483	2	866	3899
PPP1R3A_-_113559044.23-P1P2	1327	4573	2014	1715
PPP1R3A_-_113559054.23-P1P2	1438	3	903	1480
PPP1R3A_-_113559097.23-P1P2	1	0	753	0
PPP1R3B_+_9008097.23-P1P2	3432	2	1874	558
PPP1R3B_+_9008111.23-P1P2	2	0	377	1811
PPP1R3B_+_9008124.23-P1P2	1176	4560	1479	3403
PPP1R3B_-_9008172.23-P1P2	2356	1	1483	0
PPP1R3B_-_9008175.23-P1P2	3720	5	1795	0
PPP1R3C_+_93392840.23-P1P2	2	4928	630	2
PPP1R3C_-_93392737.23-P1P2	0	0	737	0
PPP1R3C_-_93392743.23-P1P2	0	2	1995	0
PPP1R3C_-_93392812.23-P1P2	2706	2728	2074	1729
PPP1R3C_-_93392831.23-P1P2	3763	1	592	1
PPP1R3D_+_58515127.23-P1P2	0	0	0	0
PPP1R3D_+_58515319.23-P1P2	0	0	0	0
PPP1R3D_-_58514908.23-P1P2	9152	7	3657	5650
PPP1R3D_-_58514948.23-P1P2	1799	3	126	0
PPP1R3D_-_58515012.23-P1P2	2754	4953	1133	2476
PPP1R3E_+_23770357.23-P1	5	0	580	1433
PPP1R3E_+_23770681.23-P1	1279	0	836	0
PPP1R3E_+_23770690.23-P1	1347	4398	902	3
PPP1R3E_+_23770729.23-P1	3	2366	658	1
PPP1R3E_+_23771651.23-P2	719	0	277	0
PPP1R3E_+_23771676.23-P2	3278	3960	2087	3192
PPP1R3E_+_23771980.23-P2	5490	3	1202	2
PPP1R3E_+_23772028.23-P2	1362	1586	1683	3
PPP1R3E_-_23770725.23-P1	2333	0	699	1723
PPP1R3E_-_23772007.23-P2	2925	1	1120	1
PPP1R3F_+_49126297.23-P1P2	2477	902	1349	1584
PPP1R3F_+_49126300.23-P1P2	905	7762	2465	5
PPP1R3F_+_49126321.23-P1P2	3113	6	1483	3481
PPP1R3F_+_49126324.23-P1P2	1568	8675	2430	2
PPP1R3F_+_49126680.23-P1P2	1	2340	598	2
PPP1R3G_+_5085519.23-P1P2	4867	4983	1809	5048
PPP1R3G_+_5085952.23-P1P2	819	5	2418	1934
PPP1R3G_-_5085554.23-P1P2	3500	3028	2049	1604
PPP1R3G_-_5085557.23-P1P2	1281	3	2114	1
PPP1R3G_-_5085734.23-P1P2	2	0	391	0
PPP1R42_+_67940724.23-P1P2	3299	2	2322	1901
PPP1R42_-_67940743.23-P1P2	1349	2	1420	4016
PPP1R42_-_67940761.23-P1P2	0	0	172	0
PPP1R42_-_67940774.23-P1P2	1	2	1486	1
PPP1R42_-_67940800.23-P1P2	0	2	870	0
PPP1R7_+_242089597.23-P1P2	1128	1	1709	2075
PPP1R7_-_242089015.23-P1P2	0	0	540	1
PPP1R7_-_242089036.23-P1P2	3773	7	1828	1861
PPP1R7_-_242089223.23-P1P2	395	2	1230	1808
PPP1R7_-_242089462.23-P1P2	3587	4	2407	0
PPP1R8_+_28157356.23-P1P2	0	0	84	0
PPP1R8_+_28157375.23-P1P2	0	0	0	0
PPP1R8_+_28157378.23-P1P2	1206	0	239	0
PPP1R8_-_28157334.23-P1P2	0	0	462	0
PPP1R8_-_28157368.23-P1P2	0	1	427	1
PPP1R9A_+_94536952.23-P1P2	3879	10391	1624	8
PPP1R9A_+_94536988.23-P1P2	5	5276	578	3
PPP1R9A_+_94537358.23-P1P2	2587	4	2407	1636
PPP1R9A_-_94537340.23-P1P2	2345	4	2706	2
PPP1R9A_-_94537377.23-P1P2	1041	0	1487	1764
PPP1R9B_+_48228075.23-P1P2	1003	2	1164	0
PPP1R9B_+_48228450.23-P1P2	672	2	1328	1646
PPP1R9B_+_48228468.23-P1P2	2473	6	926	4966
PPP1R9B_-_48228086.23-P1P2	937	1	1160	1887
PPP1R9B_-_48228464.23-P1P2	563	0	1931	1
PPP2CA_+_133561693.23-P1P2	0	0	433	0
PPP2CA_+_133561724.23-P1P2	0	0	0	0
PPP2CA_+_133561727.23-P1P2	0	0	9	0
PPP2CA_+_133561730.23-P1P2	0	0	0	0
PPP2CA_-_133561768.23-P1P2	1	0	573	0
PPP2CB_+_30670275.23-P1P2	1	1	1344	1
PPP2CB_+_30670289.23-P1P2	3	2	1486	1506
PPP2CB_+_30670300.23-P1P2	680	1	151	0
PPP2CB_-_30670087.23-P1P2	1373	4395	1834	5
PPP2CB_-_30670303.23-P1P2	2	0	3654	0
PPP2R1A_+_52693317.23-P1	0	0	366	0
PPP2R1A_+_52693758.23-P1	1023	0	849	1
PPP2R1A_+_52716072.23-P2	1893	0	458	2233
PPP2R1A_+_52716105.23-P2	3	3	1620	3732
PPP2R1A_+_52716196.23-P2	1763	2	761	2798
PPP2R1A_+_52716201.23-P2	2142	2350	2006	1959
PPP2R1A_-_52693331.23-P1	0	0	849	0
PPP2R1A_-_52693336.23-P1	0	1	366	0
PPP2R1A_-_52693475.23-P1	0	0	1494	0
PPP2R1A_-_52716005.23-P2	2800	545	1309	1766
PPP2R1B_+_111637056.23-P1P2	1	1	778	1557
PPP2R1B_+_111637061.23-P1P2	1458	2	1889	9136
PPP2R1B_+_111637401.23-P1P2	0	0	593	1
PPP2R1B_-_111636677.23-P1P2	5	2030	1776	1669
PPP2R1B_-_111636732.23-P1P2	2105	3494	2120	1821
PPP2R2A_+_26149078.23-P1P2	0	0	878	0
PPP2R2A_-_26149133.23-P1P2	1	2	650	0
PPP2R2A_-_26149443.23-P1P2	0	0	1057	1
PPP2R2A_-_26149483.23-P1P2	0	0	0	0
PPP2R2A_-_26149523.23-P1P2	5	0	1607	1020
PPP2R2B_+_146257913.23-P1	960	0	212	1
PPP2R2B_+_146257919.23-P1	152	2	1964	1982
PPP2R2B_+_146257929.23-P1	1194	2338	1043	1
PPP2R2B_+_146258018.23-P1	2139	3	2456	860
PPP2R2B_+_146460845.23-P2	0	0	223	0
PPP2R2B_+_146460856.23-P2	390	2	998	1
PPP2R2B_+_146460883.23-P2	951	4774	1820	2017
PPP2R2B_+_146460914.23-P2	2	0	1249	1744
PPP2R2B_-_146258221.23-P1	0	0	265	0
PPP2R2B_-_146460864.23-P2	888	0	238	0
PPP2R2C_+_6474257.23-P1P2	1886	6517	1848	354
PPP2R2C_+_6474314.23-P1P2	1194	1	1983	1
PPP2R2C_-_6473914.23-P1P2	2885	2	1915	1
PPP2R2C_-_6474061.23-P1P2	1129	3318	1537	1288
PPP2R2C_-_6474098.23-P1P2	506	5358	1008	0
PPP2R2D_+_133753983.23-P1P2	1589	0	919	0
PPP2R2D_+_133754000.23-P1P2	0	0	168	0
PPP2R2D_-_133753721.23-P1P2	3856	10865	1763	6
PPP2R2D_-_133753830.23-P1P2	3444	2	1	1132
PPP2R2D_-_133753844.23-P1P2	0	1540	0	0
PPP2R3A_+_135684595.23-P1P2	1055	4082	2072	3
PPP2R3A_+_135684607.23-P1P2	1874	2	2646	1597
PPP2R3A_+_135684621.23-P1P2	1404	1907	1881	1
PPP2R3A_+_135684961.23-P1P2	878	4062	1647	1335
PPP2R3A_-_135684695.23-P1P2	6570	8686	992	2441
PPP2R3B_-_347315.23-P1P2	920	1391	2261	2543
PPP2R3B_-_347634.23-P1P2	2264	0	3431	2
PPP2R3B_-_347649.23-P1P2	0	2	1026	1420
PPP2R3B_-_347675.23-P1P2	3275	8	1536	4538
PPP2R3B_-_347890.23-P1P2	1117	2110	839	1931
PPP2R4_+_131873661.23-P1P2	0	0	158	0
PPP2R4_-_131873702.23-P1P2	2396	1	2193	1893
PPP2R4_-_131873861.23-P1P2	1	0	1844	0
PPP2R4_-_131874120.23-P1P2	0	0	0	0
PPP2R4_-_131874178.23-P1P2	2119	2171	1777	1904
PPP2R5A_+_212458795.23-P1P2	2210	5677	1920	6
PPP2R5A_+_212459031.23-P1P2	998	4823	1318	1565
PPP2R5A_+_212459206.23-P1P2	1669	1	515	1504
PPP2R5A_-_212458812.23-P1P2	3477	6	1513	3245
PPP2R5A_-_212458999.23-P1P2	0	0	94	0
PPP2R5B_+_64685366.23-P2	3363	1	1679	4
PPP2R5B_+_64685448.23-P2	1484	2457	21	0
PPP2R5B_+_64692191.23-P1	1311	3607	2191	2924
PPP2R5B_+_64692220.23-P1	985	3	2283	2
PPP2R5B_+_64692233.23-P1	1658	2113	1394	2
PPP2R5B_+_64692250.23-P1	0	0	1426	0
PPP2R5B_-_64685063.23-P2	0	0	0	0
PPP2R5B_-_64685101.23-P2	5078	5	991	4
PPP2R5B_-_64685466.23-P2	2192	1	128	1268
PPP2R5B_-_64692586.23-P1	2275	1	479	2
PPP2R5C_+_102276242.23-P1P2	0	0	108	0
PPP2R5C_+_102276252.23-P1P2	2	0	583	0
PPP2R5C_+_102276339.23-P1P2	0	0	111	0
PPP2R5C_-_102276337.23-P1P2	3	1	857	1
PPP2R5C_-_102276689.23-P1P2	628	0	587	0
PPP2R5E_+_64009644.23-P1P2	908	2	544	1912
PPP2R5E_+_64009656.23-P1P2	1444	1885	1069	5943
PPP2R5E_+_64009680.23-P1P2	1513	2	1898	2065
PPP2R5E_+_64010030.23-P1P2	1	2412	463	5
PPP2R5E_-_64010065.23-P1P2	4797	3432	2088	1713
PPP3CA_+_102268239.23-P1P2	1537	0	695	0
PPP3CA_+_102268420.23-P1P2	1107	4909	1080	1890
PPP3CA_+_102268585.23-P1P2	7	4509	2060	2
PPP3CA_+_102268646.23-P1P2	1283	1	1511	0
PPP3CA_-_102268640.23-P1P2	1889	2	1835	1
PPP3CB_+_75255561.23-P1P2	926	1	1374	3202
PPP3CB_+_75255728.23-P1P2	2890	5159	1753	2530
PPP3CB_-_75255322.23-P1P2	605	1	491	1872
PPP3CB_-_75255743.23-P1P2	0	0	191	0
PPP3CB_-_75255778.23-P1P2	0	0	762	1
PPP3CC_+_22298625.23-P1P2	3	7383	1078	4
PPP3CC_+_22298637.23-P1P2	2	0	707	3
PPP3CC_+_22298640.23-P1P2	6	4592	2055	637
PPP3CC_+_22298683.23-P1P2	3622	4708	2275	748
PPP3CC_+_22299066.23-P1P2	0	1	969	0
PPP3R1_-_68479212.23-P1P2	1107	3	558	852
PPP3R1_-_68479222.23-P1P2	1085	1	2965	3
PPP3R1_-_68479587.23-P1P2	734	0	1680	1
PPP3R1_-_68479635.23-P1P2	6339	1324	1960	2032
PPP3R1_-_68479660.23-P1P2	1227	2	2008	5213
PPP4C_-_30087330.23-P1P2	2544	1	1071	4
PPP4C_-_30087361.23-P1P2	0	0	89	0
PPP4C_-_30087373.23-P1P2	0	0	0	0
PPP4C_-_30087724.23-P1P2	7	3	1526	2981
PPP4C_-_30087761.23-P1P2	1280	1	1577	2358
PPP4R1_+_9614116.23-P1P2	1316	2	1090	3
PPP4R1_+_9614474.23-P1P2	897	0	2072	1851
PPP4R1_-_9614043.23-P1P2	11	5972	1752	3381
PPP4R1_-_9614411.23-P1P2	1441	3416	987	1
PPP4R1_-_9614465.23-P1P2	2	0	1073	1280
PPP5C_-_46850339.23-P1P2	1058	1	1750	1688
PPP5C_-_46850692.23-P1P2	965	2700	2140	887
PPP5C_-_46850703.23-P1P2	0	0	80	0
PPP5C_-_46850724.23-P1P2	5	2	1987	0
PPP5C_-_46850774.23-P1P2	4564	3537	1550	3053
PPP6C_+_127951685.23-P1P2	1385	2	1749	1801
PPP6C_+_127952072.23-P1P2	0	0	504	0
PPP6C_-_127951604.23-P1P2	3	0	871	0
PPP6C_-_127951681.23-P1P2	1354	1	1882	0
PPP6C_-_127952026.23-P1P2	0	1	809	2
PPT1_+_40562469.23-P1P2	1325	4932	1667	1863
PPT1_+_40563349.23-P1P2	0	1	294	1369
PPT1_-_40562529.23-P1P2	1	1	1000	1717
PPT1_-_40562864.23-P1P2	2878	4038	2344	6331
PPT1_-_40562868.23-P1P2	1608	2323	2330	1653
PPTC7_+_111020687.23-P1P2	5475	3	686	2
PPTC7_+_111020727.23-P1P2	2634	1	2253	4
PPTC7_+_111021110.23-P1P2	1	1	1084	1537
PPTC7_+_111021115.23-P1P2	4231	3667	2743	3340
PPTC7_-_111021044.23-P1P2	1221	1	1889	1
PRDX2_+_12912130.23-P1P2	2404	4	3165	1967
PRDX2_+_12912160.23-P1P2	3	3111	1244	2
PRDX2_+_12912205.23-P1P2	1644	0	419	0
PRDX2_+_12912209.23-P1P2	0	0	0	0
PRDX2_-_12912186.23-P1P2	1419	22187	2770	3629
PRDX5_+_64085608.23-P1P2	1308	1	458	1663
PRDX5_+_64085984.23-P1P2	1425	0	1	1
PRDX5_+_64086008.23-P1P2	3	2744	359	1
PRDX5_+_64086021.23-P1P2	1342	2	1133	0
PRDX5_-_64085742.23-P1P2	2	3	146	1989
PRDX6_+_173446488.23-P1P2	719	2666	2631	2886
PRDX6_+_173446518.23-P1P2	4099	2846	942	3529
PRDX6_-_173446514.23-P1P2	8	3	2279	3503
PRDX6_-_173446546.23-P1P2	5721	5313	3802	1054
PRDX6_-_173446908.23-P1P2	3939	8339	1573	1835
PREP_+_105850497.23-P1P2	2331	1	601	0
PREP_+_105850963.23-P1P2	1299	4628	2028	3316
PREP_-_105850722.23-P1P2	0	0	434	1
PREP_-_105850748.23-P1P2	4	0	1133	1899
PREP_-_105850922.23-P1P2	1709	4	1104	1470
PRG2_+_57157933.23-P1P2	1853	1	911	96
PRG2_+_57158067.23-P1P2	0	0	603	1
PRG2_+_57158083.23-P1P2	1292	1	603	1
PRG2_-_57157649.23-P1P2	464	4	1467	2
PRG2_-_57157692.23-P1P2	0	2	438	0
PRKAA1_+_40797806.23-P1P2	5017	7023	1500	3068
PRKAA1_+_40798202.23-P1P2	4	7035	1201	2013
PRKAA1_+_40798231.23-P1P2	3422	2312	1236	4
PRKAA1_-_40798155.23-P1P2	5631	2640	1406	1792
PRKAA1_-_40798216.23-P1P2	677	0	267	0
PRKAA2_-_57111005.23-P1P2	2	2	875	1604
PRKAA2_-_57111027.23-P1P2	3761	11266	1148	1545
PRKAA2_-_57111034.23-P1P2	1323	1	3271	1161
PRKAA2_-_57111063.23-P1P2	4977	7	3295	7081
PRKAA2_-_57111086.23-P1P2	1742	5095	1869	1
PRKAB1_+_120105816.23-P1P2	6057	4	1764	5958
PRKAB1_+_120105831.23-P1P2	4256	5	2641	1741
PRKAB1_+_120105979.23-P1P2	0	0	273	0
PRKAB1_-_120105780.23-P1P2	1490	0	769	1
PRKAB1_-_120105788.23-P1P2	1001	2	820	0
PRKAB2_+_146643609.23-P1P2	1	2	1165	2
PRKAB2_+_146643991.23-P1P2	5873	4006	3484	7194
PRKAB2_+_146643994.23-P1P2	0	0	274	0
PRKAB2_+_146644006.23-P1P2	5274	2667	1602	1907
PRKAB2_+_146644023.23-P1P2	1598	2	840	0
PRKACA_+_14228134.23-P1P2	1294	1	2	0
PRKACA_+_14228330.23-P1P2	4	1248	2236	2926
PRKACA_+_14228550.23-P1P2	0	0	363	0
PRKACA_+_14228563.23-P1P2	3138	5147	955	1443
PRKACA_-_14228145.23-P1P2	0	0	252	0
PRKACB_+_84610062.23-ENST00000370685.3	0	3378	56	2
PRKACB_+_84610124.23-ENST00000370685.3	1254	3	332	2201
PRKACB_+_84610213.23-ENST00000370685.3	1787	2	652	1595
PRKACB_-_84610047.23-ENST00000370685.3	2887	6	801	1884
PRKACB_-_84610430.23-ENST00000370685.3	1705	0	140	1
PRKACG_+_71628971.23-P1P2	2208	7120	1009	3
PRKACG_-_71628547.23-P1P2	1	3	406	1739
PRKACG_-_71628562.23-P1P2	393	12532	1127	1408
PRKACG_-_71628577.23-P1P2	1120	4	1926	3759
PRKACG_-_71628940.23-P1P2	0	0	0	0
PRKAG1_+_49412500.23-P1P2	3120	5	2072	2185
PRKAG1_+_49412508.23-P1P2	2	1	1091	2092
PRKAG1_+_49412513.23-P1P2	4	1	870	1564
PRKAG1_+_49412519.23-P1P2	3998	4	3477	1887
PRKAG1_-_49412137.23-P1P2	1408	2	933	1612
PRKAG2_+_151573819.23-ENST00000287878.4	4447	1149	2797	2900
PRKAG2_+_151574227.23-ENST00000287878.4	0	0	736	2064
PRKAG2_+_151574231.23-ENST00000287878.4	2	2402	526	3
PRKAG2_-_151573827.23-ENST00000287878.4	7	2201	1283	4082
PRKAG2_-_151573838.23-ENST00000287878.4	21091	5303	1432	6193
PRKAG3_+_219696451.23-P1P2	3385	4896	2773	2
PRKAG3_+_219696501.23-P1P2	0	0	337	1
PRKAG3_-_219696104.23-P1P2	1450	0	1434	1
PRKAG3_-_219696486.23-P1P2	3288	1672	1235	2
PRKAG3_-_219696537.23-P1P2	1957	1	1896	1
PRKAR1A_+_66508565.23-P1P2	4163	3	1220	2385
PRKAR1A_-_66508201.23-P1P2	624	0	1139	0
PRKAR1A_-_66508255.23-P1P2	2312	1	466	5
PRKAR1A_-_66508601.23-P1P2	2951	10797	2006	1753
PRKAR1A_-_66508606.23-P1P2	3721	4292	3066	5848
PRKAR1B_+_766502.23-P2	1666	1	654	1031
PRKAR1B_+_766840.23-P2	2196	0	1088	2
PRKAR1B_+_766877.23-P2	2	1	1120	1994
PRKAR1B_+_766905.23-P2	2041	8127	1306	1727
PRKAR1B_-_751683.23-P1	1406	0	299	1
PRKAR1B_-_751696.23-P1	5376	2	878	1
PRKAR1B_-_751731.23-P1	5962	6	861	3518
PRKAR1B_-_751753.23-P1	8	5553	2058	3295
PRKAR1B_-_751919.23-P1	624	1	1374	1
PRKAR1B_-_766826.23-P2	6268	3	1349	3932
PRKAR2A_+_48884705.23-P1P2	1	1579	679	1
PRKAR2A_+_48885155.23-P1P2	3234	1181	1951	3567
PRKAR2A_+_48885226.23-P1P2	2831	4815	1320	1
PRKAR2A_+_48885249.23-P1P2	2607	5	1635	4874
PRKAR2A_-_48885055.23-P1P2	3	2795	1170	1
PRKAR2B_+_106685162.23-P1P2	3611	5388	2001	6
PRKAR2B_+_106685165.23-P1P2	2	0	2957	0
PRKAR2B_+_106685589.23-P1P2	1	0	603	0
PRKAR2B_-_106685141.23-P1P2	5384	6	4824	2973
PRKAR2B_-_106685619.23-P1P2	0	0	1096	1703
PRKCA_+_64298779.23-P1P2	775	5282	2061	2
PRKCA_-_64298813.23-P1P2	970	4349	3164	3440
PRKCA_-_64298956.23-P1P2	0	0	341	1
PRKCA_-_64298960.23-P1P2	2609	4	2014	2097
PRKCA_-_64299002.23-P1P2	2421	2885	1284	1789
PRKCB_+_23847768.23-P1P2	922	1	433	0
PRKCB_-_23847312.23-P1P2	1339	5158	2088	1657
PRKCB_-_23847339.23-P1P2	0	0	1707	1
PRKCB_-_23847375.23-P1P2	1605	3	967	1565
PRKCB_-_23847726.23-P1P2	4942	4	3502	1083
PRKCDBP_+_6341364.23-P1P2	1489	2	954	0
PRKCDBP_+_6341687.23-P1P2	1	1	1026	0
PRKCDBP_+_6341699.23-P1P2	5	2	794	3075
PRKCDBP_+_6341709.23-P1P2	1516	0	1077	3
PRKCDBP_+_6341715.23-P1P2	3542	3884	1570	1452
PRKCD_+_53195217.23-P1P2	8	4961	1103	3735
PRKCD_+_53195267.23-P1P2	0	0	1068	1
PRKCD_+_53195680.23-P1P2	2075	12591	1128	1553
PRKCD_+_53195724.23-P1P2	0	0	763	0
PRKCD_-_53195638.23-P1P2	2303	4	1038	0
PRKCE_+_45878467.23-P1P2	2016	1840	1805	1379
PRKCE_+_45878490.23-P1P2	517	3414	2031	2
PRKCE_+_45878760.23-P1P2	4	1379	585	1
PRKCE_-_45878483.23-P1P2	4286	1	1028	3876
PRKCE_-_45878486.23-P1P2	2241	1	1765	1
PRKCG_+_54385486.23-P1P2	724	3	1445	1
PRKCG_+_54385571.23-P1P2	1837	1221	1828	4763
PRKCG_+_54385632.23-P1P2	4664	3	821	8
PRKCG_+_54385665.23-P1P2	2	2973	1314	1
PRKCG_-_54385825.23-P1P2	4	5155	1156	1761
PRKCH_+_61788505.23-P1P2	600	4333	712	3
PRKCH_-_61788470.23-P1P2	15	10266	355	0
PRKCH_-_61788479.23-P1P2	0	0	433	0
PRKCH_-_61788489.23-P1P2	1	0	541	0
PRKCH_-_61788881.23-P1P2	2680	4	1654	1722
PRKCI_+_169940357.23-P1P2	3432	4426	1209	1750
PRKCI_+_169940750.23-P1P2	3539	0	1476	0
PRKCI_-_169940251.23-P1P2	1368	3032	1579	1480
PRKCI_-_169940693.23-P1P2	3	0	1644	1
PRKCI_-_169940714.23-P1P2	5	1	2330	1629
PRKCQ_+_6621958.23-P1P2	1	0	1694	192
PRKCQ_+_6622034.23-P1P2	4067	3	1957	3023
PRKCQ_+_6622166.23-P1P2	1590	2943	1476	3887
PRKCQ_-_6622186.23-P1P2	1194	4	776	3618
PRKCQ_-_6622322.23-P1P2	2867	6	2435	1930
PRKCZ_+_1981918.23-P2	1406	2	970	3768
PRKCZ_+_1981929.23-P2	630	1	1475	1502
PRKCZ_+_1981952.23-P2	2436	2500	2536	1640
PRKCZ_+_2005137.23-P1	2161	3	1871	1604
PRKCZ_+_2005493.23-P1	3	5497	237	2
PRKCZ_+_2005499.23-P1	5648	2	2185	2
PRKCZ_-_1981944.23-P2	2658	2351	1993	1344
PRKCZ_-_1981949.23-P2	1325	10644	1739	3592
PRKCZ_-_2005163.23-P1	3267	1	1677	75
PRKCZ_-_2005535.23-P1	1431	2	2048	2
PRKD1_+_30396666.23-P1P2	4	3	2436	1851
PRKD1_+_30397008.23-P1P2	1103	1	411	1955
PRKD1_-_30396656.23-P1P2	2742	2512	2311	1580
PRKD1_-_30396710.23-P1P2	4867	3	951	1198
PRKD1_-_30397048.23-P1P2	4	1312	1422	2
PRKD2_+_47217137.23-P2	3434	3798	1439	1145
PRKD2_+_47217145.23-P2	1	1	931	1525
PRKD2_+_47217531.23-P2	1	1	631	0
PRKD2_+_47220325.23-P1	1172	0	306	0
PRKD2_-_47217337.23-P2	6	3	2202	0
PRKD2_-_47217562.23-P2	3	0	1002	2040
PRKD2_-_47219929.23-P1	1039	0	1103	946
PRKD2_-_47220163.23-P1	1	1	1197	1369
PRKD2_-_47220343.23-P1	3	4364	758	0
PRKD2_-_47220374.23-P1	1654	1	616	0
PRKD3_+_37551505.23-P1P2	0	0	1317	0
PRKD3_+_37551857.23-P1P2	1235	3	1116	4535
PRKD3_-_37551496.23-P1P2	3184	1	2264	1388
PRKD3_-_37551827.23-P1P2	3803	5051	2318	2026
PRKD3_-_37551883.23-P1P2	2659	2935	1592	0
PRKDC_+_48872269.23-P1P2	5	0	503	1784
PRKDC_+_48872295.23-P1P2	2678	2722	1453	1744
PRKDC_+_48872679.23-P1P2	1	0	785	1237
PRKDC_-_48872617.23-P1P2	1068	2	2200	0
PRKDC_-_48872669.23-P1P2	1	2	807	0
PRKG1_+_52751163.23-ENST00000401604.2	0	0	84	0
PRKG1_+_52751266.23-ENST00000401604.2	2650	4674	2210	3565
PRKG1_+_52751578.23-ENST00000401604.2	1396	13037	2259	6
PRKG1_-_52750786.23-ENST00000401604.2	0	0	664	0
PRKG1_-_52750832.23-ENST00000401604.2	0	0	308	0
PRKG2_-_82135960.23-P1P2	1414	0	765	1
PRKG2_-_82135965.23-P1P2	1459	6	1330	2063
PRKG2_-_82135978.23-P1P2	4	2943	1168	1906
PRKG2_-_82136299.23-P1P2	2543	4	1338	1398
PRKG2_-_82136320.23-P1P2	2	1	3109	1
PRKRA_+_179315439.23-P1P2	0	0	184	0
PRKRA_-_179315237.23-P1P2	2642	4052	2192	1865
PRKRA_-_179315508.23-P1P2	3015	4	1748	1
PRKRA_-_179315799.23-P1P2	3114	1	541	1700
PRKRA_-_179315903.23-P1P2	2247	3096	1545	4
PRKRIR_+_76091746.23-P1P2	0	0	256	0
PRKRIR_+_76092079.23-P1P2	4	2789	730	0
PRKRIR_+_76092097.23-P1P2	0	0	138	0
PRKRIR_-_76091725.23-P1P2	1059	1	1344	1
PRKRIR_-_76092044.23-P1P2	0	0	271	0
PRKX_+_3631215.23-P1P2	1608	5182	1858	1594
PRKX_+_3631236.23-P1P2	2495	3	1763	2
PRKX_-_3631195.23-P1P2	2131	2	1985	1
PRKX_-_3631473.23-P1P2	2	0	717	1210
PRKX_-_3631511.23-P1P2	2922	5347	2565	4700
PRLR_-_35230168.23-P1P2	1620	0	576	2
PRLR_-_35230172.23-P1P2	2503	2386	1603	0
PRLR_-_35230190.23-P1P2	2	0	305	0
PRLR_-_35230215.23-P1P2	1331	4	2703	3
PRLR_-_35230536.23-P1P2	1715	2	2491	1400
PRNP_+_4667136.23-P1P2	1431	0	1306	2513
PRNP_-_4667154.23-P1P2	2	1	848	1088
PRNP_-_4667171.23-P1P2	1904	4	1872	0
PRNP_-_4667175.23-P1P2	0	0	77	0
PRNP_-_4667533.23-P1P2	0	0	120	0
PROC_+_128176063.23-P1	1173	2	2329	2
PROC_+_128176463.23-P1	0	0	0	0
PROC_-_128176025.23-P1	659	1	2172	244
PROC_-_128176410.23-P1	1361	1	623	0
PROC_-_128176438.23-P1	3	5503	290	1
PROC_-_128180882.23-P2	2346	0	395	0
PROC_-_128180885.23-P2	3242	3	2623	3621
PROC_-_128180911.23-P2	2210	1	1330	973
PROC_-_128181281.23-P2	2	0	1994	2
PROC_-_128181311.23-P2	2	0	702	0
PRODH_+_18905874.23-P2	3329	1	1599	920
PRODH_+_18905892.23-P2	1374	2	1291	3169
PRODH_-_18905846.23-P2	1545	0	579	0
PRODH_-_18905861.23-P2	1406	3	3048	2
PRODH_-_18905900.23-P2	4019	7573	3175	4
PRODH_-_18923688.23-P1	1036	10249	1681	1294
PRODH_-_18923746.23-P1	2755	2	1302	3
PRODH_-_18923755.23-P1	4038	5	772	4
PRODH_-_18923767.23-P1	2477	1	847	1807
PRODH_-_18923809.23-P1	1266	460	888	4927
PROS1_+_93692339.23-P1P2	1599	0	2239	1964
PROS1_+_93692674.23-P1P2	3982	2035	2208	1537
PROS1_+_93692682.23-P1P2	3683	1	3394	1872
PROS1_-_93692709.23-P1P2	1321	4649	2025	1550
PROS1_-_93692736.23-P1P2	5913	3994	1337	5
PROSC_+_37620168.23-P1P2	1537	1712	2431	1561
PROSC_+_37620521.23-P1P2	1	2268	1333	1
PROSC_+_37620546.23-P1P2	3753	9670	2353	1659
PROSC_+_37620601.23-P1P2	5	1	551	1677
PROSC_-_37620176.23-P1P2	981	1	1456	975
PROZ_+_113812949.23-P1P2	4117	5	1273	1080
PROZ_+_113813020.23-P1P2	1593	0	1597	1098
PROZ_+_113813024.23-P1P2	0	0	645	962
PROZ_-_113813034.23-P1P2	4	4	1559	3807
PROZ_-_113813408.23-P1P2	1354	0	545	0
PRPF4B_+_4021599.23-P1P2	0	0	39	0
PRPF4B_+_4021605.23-P1P2	0	0	0	0
PRPF4B_+_4021634.23-P1P2	0	0	130	0
PRPF4B_+_4021955.23-P1P2	0	0	1	0
PRPF4B_+_4022014.23-P1P2	0	0	0	0
PRPS1L1_+_18067428.23-P1P2	2139	8277	1930	1723
PRPS1L1_-_18067089.23-P1P2	0	0	76	0
PRPS1L1_-_18067423.23-P1P2	3	2517	1234	1089
PRPS1L1_-_18067455.23-P1P2	2710	5443	3056	5230
PRPS1L1_-_18067459.23-P1P2	1921	6840	2370	3013
PRSS1_+_142457357.23-P1	10	8734	3287	453
PRSS1_+_142457400.23-P1	1603	2982	912	1197
PRSS1_+_142457405.23-P1	392	1	681	0
PRSS1_+_142457408.23-P1	2604	5245	1875	2748
PRSS1_+_142457433.23-P1	1110	6504	906	3243
PRSS1_+_142458550.23-P2	2	2	506	3218
PRSS1_+_142458577.23-P2	4298	7	3029	3
PRSS1_+_142458902.23-P2	1515	4	1536	1
PRSS1_-_142458549.23-P2	1	1	732	1
PRSS1_-_142458612.23-P2	2295	3	1865	2411
PRSS2_+_142478813.23-P1P2	13	12543	1006	5
PRSS2_+_142478816.23-P1P2	1499	1	1081	1
PRSS2_+_142478912.23-P1P2	3	2746	593	2255
PRSS2_+_142479058.23-P1P2	2812	1	1033	1
PRSS2_+_142479087.23-P1P2	0	0	0	0
PRSS3_+_33795984.23-ENST00000379405.3	0	0	710	1
PRSS3_-_33795525.23-ENST00000379405.3	0	0	0	0
PRSS3_-_33795532.23-ENST00000379405.3	2440	5	506	1
PRSS3_-_33795537.23-ENST00000379405.3	0	2	571	0
PRSS3_-_33795888.23-ENST00000379405.3	4	5172	714	5
PRSS8_+_31146545.23-P1P2	2465	2700	1253	3009
PRSS8_-_31146536.23-P1P2	568	1	815	1403
PRSS8_-_31146660.23-P1P2	3	0	396	1622
PRSS8_-_31146993.23-P1P2	4107	4038	2383	3009
PRSS8_-_31147027.23-P1P2	1	4	836	2131
PRX_+_40909704.23-P1P2	3816	6	2972	4
PRX_-_40910141.23-P1P2	1425	0	472	2155
PRX_-_40910146.23-P1P2	3	1	671	3306
PRX_-_40910162.23-P1P2	3	2	248	3710
PRX_-_40910206.23-P1P2	1776	5	2829	3601
PSAP_+_73610595.23-P1P2	0	0	101	0
PSAP_+_73610873.23-P1P2	1367	0	1011	1
PSAP_+_73610982.23-P1P2	1497	2	896	2
PSAP_+_73610992.23-P1P2	1523	3	1346	1
PSAP_+_73611056.23-P1P2	1843	2	2021	0
PSAT1_+_80912254.23-P1P2	4126	6773	4079	5814
PSAT1_+_80912287.23-P1P2	3061	1	957	2
PSAT1_+_80912504.23-P1P2	6326	3820	1138	1371
PSAT1_-_80912059.23-P1P2	1001	6712	1113	1997
PSAT1_-_80912498.23-P1P2	1430	6271	1650	3070
PSKH1_+_67927206.23-P1P2	0	3	2030	1
PSKH1_+_67927364.23-P1P2	3	1	2174	1932
PSKH1_-_67927181.23-P1P2	1354	1	1803	4766
PSKH1_-_67927184.23-P1P2	1604	961	1320	1658
PSKH1_-_67927187.23-P1P2	4	1615	742	2
PSKH2_+_87081709.23-P1P2	951	3010	342	3376
PSKH2_+_87081815.23-P1P2	3535	8842	2140	4023
PSKH2_-_87081602.23-P1P2	3272	1	846	2
PSKH2_-_87081683.23-P1P2	2	2	1268	1937
PSKH2_-_87081885.23-P1P2	4637	5	2201	1643
PSPH_+_56101642.23-P1	4028	2	1124	2681
PSPH_+_56101774.23-P1	1692	6179	657	1170
PSPH_+_56101777.23-P1	2	2	1465	1
PSPH_+_56119106.23-P2	2831	4714	2957	2
PSPH_+_56119260.23-P2	1611	3	897	1758
PSPH_-_56101635.23-P1	0	0	287	0
PSPH_-_56101769.23-P1	7353	2	1994	6
PSPH_-_56118936.23-P2	2	0	677	0
PSPH_-_56119094.23-P2	0	0	288	0
PSPH_-_56119277.23-P2	0	0	0	0
PSTPIP1_+_77287587.23-P1P2	2	1	1145	1671
PSTPIP1_+_77287737.23-P1P2	1	1	874	1
PSTPIP1_+_77287750.23-P1P2	6	0	1152	1895
PSTPIP1_+_77287907.23-P1P2	4	3770	1229	0
PSTPIP1_-_77287900.23-P1P2	4010	1	2159	0
PSTPIP2_+_43651809.23-P1P2	4717	12158	3481	4984
PSTPIP2_-_43651770.23-P1P2	4	4758	712	2
PSTPIP2_-_43652170.23-P1P2	4483	8	3491	7383
PSTPIP2_-_43652207.23-P1P2	1	0	1260	0
PSTPIP2_-_43652233.23-P1P2	6036	3944	2448	1
PTDSS1_+_97274138.23-P1P2	0	0	0	0
PTDSS1_+_97274156.23-P1P2	0	0	0	0
PTDSS1_+_97274175.23-P1P2	0	0	0	0
PTDSS1_+_97274204.23-P1P2	0	0	0	0
PTDSS1_-_97274195.23-P1P2	0	0	0	0
PTDSS2_+_450293.23-P1P2	1954	1	1148	1706
PTDSS2_+_450673.23-P1P2	0	4918	1428	476
PTDSS2_+_450723.23-P1P2	3	2	1568	1660
PTDSS2_+_450731.23-P1P2	6	6688	505	706
PTDSS2_-_450465.23-P1P2	1531	2701	2776	3082
PTEN_+_89623388.23-P1P2	7162	4	4999	5
PTEN_+_89623582.23-P1P2	6	0	571	3545
PTEN_-_89623395.23-P1P2	1574	0	1735	2166
PTEN_-_89623478.23-P1P2	12	5845	1314	1250
PTEN_-_89623526.23-P1P2	4	6722	4583	3
PTGDR_+_52734453.23-P1P2	4008	4	1339	3
PTGDR_+_52734501.23-P1P2	1034	4489	703	2530
PTGDR_+_52734788.23-P1P2	1160	1	792	3241
PTGDR_-_52734459.23-P1P2	2518	3560	1467	1295
PTGDR_-_52734936.23-P1P2	0	2781	460	2
PTGER1_+_14585731.23-P1P2	843	1683	1140	5
PTGER1_+_14585743.23-P1P2	2	5458	1065	1
PTGER1_+_14585797.23-P1P2	0	1	1098	0
PTGER1_+_14586134.23-P1P2	4823	4212	1726	1916
PTGER1_-_14586108.23-P1P2	0	0	146	0
PTGER2_+_52781055.23-P1P2	1461	3	1128	5404
PTGER2_+_52781454.23-P1P2	2357	2	680	1358
PTGER2_+_52781466.23-P1P2	1	1	804	0
PTGER2_+_52781514.23-P1P2	3077	2	1136	2245
PTGER2_-_52781108.23-P1P2	2036	6	1651	1479
PTGER3_+_71513066.23-P1P2	2826	3	914	1417
PTGER3_-_71512832.23-P1P2	1455	1	1423	0
PTGER3_-_71513448.23-P1P2	3850	2	2050	1377
PTGER3_-_71513458.23-P1P2	2124	3	1843	7206
PTGER3_-_71513492.23-P1P2	0	0	247	0
PTGER4_+_40680091.23-P1	2277	1	1561	2
PTGER4_+_40680118.23-P1	3165	2182	1482	3
PTGER4_+_40681087.23-P2	0	0	794	1
PTGER4_+_40681099.23-P2	1430	5903	535	2
PTGER4_+_40681104.23-P2	1355	8252	3124	3112
PTGER4_+_40681123.23-P2	829	2	1478	0
PTGER4_+_40681478.23-P2	1568	0	869	0
PTGER4_-_40680066.23-P1	1946	4	1795	5317
PTGER4_-_40680495.23-P1	1	0	1023	0
PTGER4_-_40680532.23-P1	1662	6058	1438	1466
PTGFR_+_78956729.23-P1	3	0	1667	2129
PTGFR_+_78957106.23-P1	4592	1	1040	8
PTGFR_+_78957184.23-P1	695	4988	1609	1620
PTGFR_+_78958341.23-P2	1059	0	459	0
PTGFR_+_78958349.23-P2	2	4426	1013	3
PTGFR_+_78958790.23-P2	0	0	137	0
PTGFR_-_78956708.23-P1	1575	1	1266	1682
PTGFR_-_78956776.23-P1	0	0	1	0
PTGFR_-_78958617.23-P2	1	0	1313	1
PTGFR_-_78958804.23-P2	0	0	122	0
PTGIR_+_47128252.23-P1P2	3275	2	2376	4485
PTGIR_+_47128276.23-P1P2	2968	4083	2820	6920
PTGIR_+_47128281.23-P1P2	2583	2	2031	1831
PTGIR_+_47128295.23-P1P2	0	0	372	0
PTGIR_+_47128312.23-P1P2	3216	2781	2007	1670
PTGIS_+_48184271.23-P1P2	8	8154	1547	3
PTGIS_+_48184276.23-P1P2	780	0	0	0
PTGIS_+_48184439.23-P1P2	1	0	1566	0
PTGIS_-_48184220.23-P1P2	1162	1	1268	4674
PTGIS_-_48184590.23-P1P2	1564	7546	2244	2048
PTGR1_+_114361533.23-P1P2	0	0	1208	0
PTGR1_+_114361887.23-P1P2	2	0	1347	919
PTGR1_+_114361903.23-P1P2	3038	4197	2039	1756
PTGR1_-_114361683.23-P1P2	868	4881	1566	1879
PTGR1_-_114361694.23-P1P2	1254	1	531	1
PTGR2_+_74318668.23-P1P2	4853	7	2650	1724
PTGR2_-_74318646.23-P1P2	3893	4	4114	1
PTGR2_-_74318679.23-P1P2	1	0	1681	0
PTGR2_-_74318707.23-P1P2	1947	2007	2083	2
PTGR2_-_74318712.23-P1P2	928	3	61	1150
PTGS1_+_125133327.23-P1P2	4989	5447	1755	2403
PTGS1_+_125133368.23-P1P2	499	0	2266	659
PTGS1_+_125133810.23-P1P2	1	0	821	1
PTGS1_-_125133538.23-P1P2	1	3016	420	1
PTGS1_-_125133678.23-P1P2	3503	5	1258	3
PTH1R_+_46924836.23-P1P2	1	0	474	0
PTH1R_+_46924840.23-P1P2	325	3	1813	1944
PTH1R_+_46925168.23-P1P2	982	3	977	0
PTH1R_-_46925175.23-P1P2	4810	5	1135	2012
PTH1R_-_46925195.23-P1P2	1592	2	1362	2580
PTH_+_13517131.23-P1P2	3	1	692	1564
PTH_+_13517163.23-P1P2	0	0	680	0
PTH_-_13517064.23-P1P2	0	0	127	0
PTH_-_13517558.23-P1P2	6	5100	905	3
PTH_-_13517596.23-P1P2	0	1	775	0
PTK2B_+_27183067.23-P1P2	2	0	1154	1
PTK2B_+_27183086.23-P1P2	3151	2	1872	2349
PTK2B_+_27183089.23-P1P2	1	1	752	1555
PTK2B_+_27183095.23-P1P2	816	0	1392	0
PTK2B_+_27183126.23-P1P2	2831	2	1542	1242
PTK2_+_142011368.23-P1P2	3534	5209	2681	3
PTK2_-_142011269.23-P1P2	1031	0	1568	1517
PTK2_-_142011334.23-P1P2	1152	0	829	1
PTK2_-_142011340.23-P1P2	4054	3181	2153	933
PTK2_-_142011343.23-P1P2	425	0	939	1015
PTK6_+_62168447.23-P1P2	0	0	0	0
PTK6_+_62168623.23-P1P2	2942	2	1155	0
PTK6_-_62168636.23-P1P2	1584	1	931	2
PTK6_-_62168668.23-P1P2	1381	0	628	1
PTK6_-_62168672.23-P1P2	731	4129	1526	1
PTK7_+_43044489.23-P1P2	6245	8260	3581	2609
PTK7_-_43044417.23-P1P2	532	0	348	4
PTK7_-_43044422.23-P1P2	0	0	315	0
PTK7_-_43044433.23-P1P2	3484	7	1370	3
PTK7_-_43044454.23-P1P2	15	7644	1740	10297
PTP4A1_+_64282692.23-P1P2	3690	11839	2227	6349
PTP4A1_-_64282833.23-P1P2	1	1	665	0
PTP4A1_-_64282867.23-P1P2	1008	8704	1508	1
PTP4A1_-_64282902.23-P1P2	4620	10499	2908	6393
PTP4A1_-_64282965.23-P1P2	3132	4894	949	2
PTP4A2_+_32403849.23-P1P2	999	0	1415	2
PTP4A2_+_32403888.23-P1P2	1051	1	731	1708
PTP4A2_+_32403897.23-P1P2	0	0	0	0
PTP4A2_-_32403484.23-P1P2	2	0	1149	3037
PTP4A2_-_32403917.23-P1P2	1	0	997	1
PTP4A3_+_142402150.23-P1P2	1614	1	1046	1
PTP4A3_+_142402153.23-P1P2	2464	8	1194	3004
PTP4A3_+_142402168.23-P1P2	6231	1647	2314	5903
PTP4A3_+_142402180.23-P1P2	1581	0	1968	1874
PTP4A3_+_142402502.23-P1P2	0	0	412	0
PTPDC1_+_96793098.23-P1P2	928	8076	3261	2359
PTPDC1_+_96793126.23-P1P2	2	5809	2748	1912
PTPDC1_+_96793142.23-P1P2	1114	4504	1065	1
PTPDC1_+_96793154.23-P1P2	5581	2708	2355	7687
PTPDC1_-_96793136.23-P1P2	1313	58	2577	1193
PTPLA_+_17659313.23-P1P2	4814	4201	1125	1
PTPLA_+_17659316.23-P1P2	8	6001	1757	20
PTPLA_-_17659256.23-P1P2	633	0	890	0
PTPLA_-_17659268.23-P1P2	3355	7	1763	1843
PTPLA_-_17659391.23-P1P2	2737	811	523	2
PTPLB_+_123303861.23-P1P2	2	0	345	1
PTPLB_+_123303870.23-P1P2	3	2	819	1
PTPLB_+_123303882.23-P1P2	0	0	262	2039
PTPLB_+_123303889.23-P1P2	4380	5929	290	4077
PTPLB_-_123303937.23-P1P2	954	1	966	3019
PTPMT1_+_47587224.23-P1P2	0	0	116	0
PTPMT1_+_47587324.23-P1P2	1028	4	105	3649
PTPMT1_+_47587389.23-P1P2	0	0	0	0
PTPMT1_+_47587437.23-P1P2	0	0	0	0
PTPMT1_-_47587624.23-P1P2	5	1260	167	0
PTPN11_+_112857139.23-P1P2	1585	1401	2686	5210
PTPN11_+_112857175.23-P1P2	2724	5908	2312	6490
PTPN11_-_112856894.23-P1P2	1744	8363	1554	1708
PTPN11_-_112856929.23-P1P2	3232	1860	2281	1949
PTPN11_-_112857218.23-P1P2	2	0	680	2758
PTPN12_+_77166700.23-P1P2	947	1	1148	3685
PTPN12_+_77167035.23-P1P2	0	0	102	0
PTPN12_-_77166570.23-P1P2	0	0	0	0
PTPN12_-_77166641.23-P1P2	1632	1	637	0
PTPN12_-_77166759.23-P1P2	887	5099	1810	1398
PTPN13_+_87515518.23-P1P2	338	2120	2288	115
PTPN13_+_87515528.23-P1P2	3377	3	2248	3912
PTPN13_-_87515481.23-P1P2	4590	5	1467	3247
PTPN13_-_87515492.23-P1P2	1654	4	2362	1782
PTPN13_-_87515661.23-P1P2	4307	5	1614	2731
PTPN14_+_214724445.23-P1P2	1208	2	1645	2
PTPN14_+_214724894.23-P1P2	2222	9072	1250	3916
PTPN14_+_214724909.23-P1P2	4980	6549	1234	6850
PTPN14_-_214724508.23-P1P2	5205	5	2569	1563
PTPN14_-_214724712.23-P1P2	2897	3	759	3254
PTPN18_+_131113855.23-P2	1393	1	1325	1
PTPN18_+_131114016.23-P2	6	0	1892	1844
PTPN18_+_131114024.23-P2	1504	2	1132	1668
PTPN18_+_131129791.23-P1	2185	5	1322	4946
PTPN18_+_131129822.23-P1	836	4194	1380	1584
PTPN18_+_131129861.23-P1	2717	2924	2314	3
PTPN18_-_131114058.23-P2	6	4091	2258	3278
PTPN18_-_131114079.23-P2	1131	2	1053	0
PTPN18_-_131129881.23-P1	432	1	2575	3
PTPN18_-_131130253.23-P1	3959	5004	1868	1922
PTPN1_+_49127138.23-P1P2	1303	3	1730	3344
PTPN1_+_49127347.23-P1P2	1	0	638	0
PTPN1_-_49126945.23-P1P2	2529	3	1384	2569
PTPN1_-_49127012.23-P1P2	4189	2	1321	3
PTPN1_-_49127127.23-P1P2	1516	2924	307	2
PTPN20B_+_48806691.23-ENST00000374233.3	1	2	530	1503
PTPN20B_+_48806914.23-ENST00000374233.3	1	3	630	1158
PTPN20B_+_48827463.23-ENST00000331650.4,ENST00000395668.1	0	0	180	0
PTPN20B_+_48827518.23-ENST00000331650.4,ENST00000395668.1	1294	1	2005	0
PTPN20B_+_48827518.23-ENST00000509631.1,ENST00000514491.1	1294	1	2005	0
PTPN20B_+_48827527.23-ENST00000509631.1,ENST00000514491.1	2098	5534	1030	3
PTPN20B_+_48827567.23-ENST00000509631.1,ENST00000514491.1	1235	0	1313	0
PTPN20B_+_48827846.23-ENST00000331650.4,ENST00000395668.1	1	0	369	0
PTPN20B_+_48827877.23-ENST00000331650.4,ENST00000395668.1	1174	0	1425	2
PTPN20B_-_48806491.23-ENST00000374233.3	2	2	1806	3582
PTPN20B_-_48806831.23-ENST00000374233.3	1492	1	589	2
PTPN20B_-_48806852.23-ENST00000374233.3	1837	1	1031	1
PTPN20B_-_48827138.23-ENST00000509631.1,ENST00000514491.1	6051	4	2341	1591
PTPN20B_-_48827547.23-ENST00000331650.4,ENST00000395668.1	2371	6168	2904	7793
PTPN20B_-_48827547.23-ENST00000509631.1,ENST00000514491.1	2371	6168	2904	7793
PTPN21_+_89020854.23-P1P2	1887	6242	1139	3794
PTPN21_-_89020899.23-P1P2	1626	1	935	1922
PTPN21_-_89021192.23-P1P2	5	0	1193	1284
PTPN21_-_89021266.23-P1P2	2142	9977	3025	1472
PTPN21_-_89021300.23-P1P2	4051	3786	722	5
PTPN22_+_114414389.23-P1P2	0	0	51	0
PTPN22_-_114414140.23-P1P2	0	0	625	0
PTPN22_-_114414151.23-P1P2	1242	0	476	2119
PTPN22_-_114414171.23-P1P2	3	5026	1174	2095
PTPN22_-_114414284.23-P1P2	1331	0	436	0
PTPN23_+_47422581.23-P1P2	0	0	0	0
PTPN23_+_47422702.23-P1P2	1675	0	1057	2
PTPN23_+_47422904.23-P1P2	1711	3	1139	3555
PTPN23_+_47422915.23-P1P2	1336	2232	2112	1
PTPN23_+_47422954.23-P1P2	2798	4	1139	949
PTPN2_+_12884205.23-P1P2	5551	2776	1405	2507
PTPN2_+_12884256.23-P1P2	1045	4	2002	1182
PTPN2_-_12883808.23-P1P2	2240	6365	3013	3
PTPN2_-_12884182.23-P1P2	5	4	2076	1872
PTPN2_-_12884209.23-P1P2	7	7	3243	5013
PTPN3_+_112260332.23-P1P2	0	0	2256	0
PTPN3_+_112260578.23-P1P2	1624	3934	1617	4
PTPN3_-_112260154.23-P1P2	1195	1	896	0
PTPN3_-_112260513.23-P1P2	666	4	545	5086
PTPN3_-_112260548.23-P1P2	2601	2	1388	986
PTPN4_+_120517494.23-P1P2	0	0	835	0
PTPN4_+_120517508.23-P1P2	2549	3	1730	2119
PTPN4_+_120517893.23-P1P2	3296	4	1435	2936
PTPN4_-_120517874.23-P1P2	3347	2011	705	3
PTPN4_-_120517960.23-P1P2	1451	1	269	0
PTPN5_+_18812703.23-P1P2	1338	1	936	2
PTPN5_+_18813061.23-P1P2	6	2728	2435	2191
PTPN5_+_18813175.23-P1P2	4795	8	2388	1904
PTPN5_-_18812712.23-P1P2	1	0	896	2241
PTPN5_-_18813046.23-P1P2	1750	4	1918	1912
PTPN6_+_7060612.23-P1P2	653	1	371	3491
PTPN6_+_7060616.23-P1P2	1323	4	1555	1592
PTPN6_+_7060928.23-P1P2	712	3	781	1
PTPN6_+_7061043.23-P1P2	2952	1	1405	1
PTPN6_-_7060554.23-P1P2	3857	5	797	1
PTPN7_+_202129509.23-P1P2	2054	3	1197	0
PTPN7_+_202129592.23-P1P2	1667	0	1133	2
PTPN7_-_202128782.23-P1P2	2	2	354	1913
PTPN7_-_202129293.23-P1P2	1355	5402	1026	1361
PTPN7_-_202129311.23-P1P2	3065	0	101	2
PTPN9_+_75871311.23-P1P2	4366	1454	995	7
PTPN9_-_75871422.23-P1P2	2	0	610	0
PTPN9_-_75871564.23-P1P2	2	3	2204	1896
PTPN9_-_75871589.23-P1P2	0	3	787	1974
PTPN9_-_75871641.23-P1P2	1092	4343	2993	2
PTPRA_+_2854206.23-P1P2	1527	0	2080	3
PTPRA_+_2854209.23-P1P2	4731	5	546	1862
PTPRA_+_2854528.23-P1P2	1148	2386	1378	3074
PTPRA_-_2854133.23-P1P2	0	0	0	0
PTPRA_-_2854679.23-P1P2	4021	1	2313	2242
PTPRB_+_71031111.23-P1P2	6952	8	987	2394
PTPRB_+_71031153.23-P1P2	1699	0	693	1176
PTPRB_-_71030803.23-P1P2	0	1	508	0
PTPRB_-_71030962.23-P1P2	0	0	97	0
PTPRB_-_71031143.23-P1P2	0	0	0	0
PTPRC_+_198608179.23-P1P2	4120	7966	2473	8831
PTPRC_+_198608590.23-P1P2	0	0	199	0
PTPRC_-_198608218.23-P1P2	0	0	457	1
PTPRC_-_198608231.23-P1P2	0	0	382	0
PTPRC_-_198608263.23-P1P2	0	0	394	0
PTPRD_+_10033716.23-ENST00000381196.4	0	0	498	0
PTPRD_+_10033730.23-ENST00000381196.4	4	1	81	1724
PTPRD_+_8733454.23-ENST00000356435.5,ENST00000540109.1	1	0	286	0
PTPRD_+_8733645.23-ENST00000356435.5,ENST00000540109.1	2	2	779	0
PTPRD_+_8733732.23-ENST00000356435.5,ENST00000540109.1	1632	2	1304	2
PTPRD_+_8733896.23-ENST00000356435.5,ENST00000540109.1	2489	2298	1580	3016
PTPRD_-_10033370.23-ENST00000381196.4	7	5827	789	1
PTPRD_-_10033402.23-ENST00000381196.4	2	2443	427	1
PTPRD_-_10033759.23-ENST00000381196.4	0	0	178	0
PTPRD_-_8733960.23-ENST00000356435.5,ENST00000540109.1	2779	5003	2199	3025
PTPRE_+_129705239.23-ENST00000254667.3	1262	4300	1338	2
PTPRE_+_129705603.23-ENST00000254667.3	1504	1	1133	1
PTPRE_+_129785535.23-ENST00000419012.2	1580	1	724	0
PTPRE_+_129785582.23-ENST00000419012.2	1	2413	628	2
PTPRE_+_129785797.23-ENST00000419012.2	0	1	846	0
PTPRE_+_129785808.23-ENST00000419012.2	2	1	945	1644
PTPRE_-_129705436.23-ENST00000254667.3	1325	2	1889	4715
PTPRE_-_129705746.23-ENST00000254667.3	1126	4991	1405	1876
PTPRE_-_129705947.23-ENST00000254667.3	2181	1	1476	2525
PTPRE_-_129786028.23-ENST00000419012.2	1372	3077	2220	0
PTPRF_+_43997037.23-P1P2	0	0	708	0
PTPRF_+_43997040.23-P1P2	1101	5883	2322	1836
PTPRF_-_43996596.23-P1P2	0	1	1276	0
PTPRF_-_43996761.23-P1P2	3538	1361	1703	2024
PTPRF_-_43996980.23-P1P2	5020	3	2575	3561
PTPRG_+_61547253.23-P1P2	811	1	1532	1417
PTPRG_+_61547682.23-P1P2	1303	3	2168	0
PTPRG_+_61547717.23-P1P2	646	0	761	1907
PTPRG_+_61547724.23-P1P2	2149	1	877	1913
PTPRG_-_61547264.23-P1P2	0	0	113	0
PTPRH_+_55720802.23-P1P2	6	3027	2386	1575
PTPRH_+_55720831.23-P1P2	0	0	289	2
PTPRH_+_55720837.23-P1P2	1132	0	1179	2
PTPRH_+_55720847.23-P1P2	3	0	1015	1
PTPRH_-_55720820.23-P1P2	1620	2825	1586	1
PTPRJ_+_48002160.23-P1P2	959	12433	1709	1353
PTPRJ_+_48002288.23-P1P2	2712	3	1853	353
PTPRJ_-_48002135.23-P1P2	6152	5576	4952	4703
PTPRJ_-_48002138.23-P1P2	3	1685	1040	0
PTPRJ_-_48002766.23-P1P2	10817	8	2409	5143
PTPRK_+_128812664.23-P2	1638	4864	381	2
PTPRK_+_128812887.23-P2	3672	3997	898	1424
PTPRK_+_128812975.23-P2	5595	3	3241	7025
PTPRK_+_128841306.23-P1	0	1	1174	1561
PTPRK_+_128841326.23-P1	1344	2	1397	371
PTPRK_+_128841714.23-P1	3043	3	1852	3893
PTPRK_-_128812763.23-P2	3206	1	617	2
PTPRK_-_128812941.23-P2	1489	2	846	3820
PTPRK_-_128841669.23-P1	0	0	160	0
PTPRK_-_128841729.23-P1	2481	10514	2993	316
PTPRM_+_7567308.23-P1P2	15	4664	2296	9255
PTPRM_+_7567311.23-P1P2	2743	3	1882	2100
PTPRM_+_7567639.23-P1P2	1185	9904	2678	1444
PTPRM_+_7567648.23-P1P2	2	0	828	2230
PTPRM_-_7567324.23-P1P2	560	7391	866	2
PTPRN2_+_158380111.23-ENST00000389416.4,ENST00000389418.4,ENST00000409483.1	1197	4	966	1433
PTPRN2_+_158380139.23-ENST00000389416.4,ENST00000389418.4,ENST00000409483.1	387	3535	1754	2
PTPRN2_-_158380061.23-ENST00000389416.4,ENST00000389418.4,ENST00000409483.1	2	5	2145	2980
PTPRN2_-_158380151.23-ENST00000389416.4,ENST00000389418.4,ENST00000409483.1	2439	1	1279	2
PTPRN2_-_158380293.23-ENST00000389416.4,ENST00000389418.4,ENST00000409483.1	2118	1	2139	1461
PTPRN_+_220173668.23-P1P2	1045	2	1234	734
PTPRN_+_220173680.23-P1P2	2	1464	1065	0
PTPRN_+_220173717.23-P1P2	669	1	276	1
PTPRN_+_220173737.23-P1P2	1287	0	837	1
PTPRN_+_220174048.23-P1P2	2	3	0	1352
PTPRO_+_15475672.23-P1P2	6	2	3384	4412
PTPRO_+_15475859.23-P1P2	3197	6204	2515	4804
PTPRO_-_15475488.23-P1P2	1483	4502	765	4
PTPRO_-_15475496.23-P1P2	0	0	0	0
PTPRO_-_15475504.23-P1P2	688	0	1100	1
PTPRR_-_71314411.23-P1P2	1179	4883	357	3200
PTPRR_-_71314414.23-P1P2	1	2	1133	0
PTPRR_-_71314459.23-P1P2	2	1	1360	1
PTPRR_-_71314464.23-P1P2	1324	1	1656	1
PTPRR_-_71314467.23-P1P2	6	5484	747	1784
PTPRS_+_5340389.23-P1P2	1268	4719	485	7
PTPRS_+_5340586.23-P1P2	1914	8699	2065	3823
PTPRS_+_5340598.23-P1P2	2163	5	2056	8134
PTPRS_+_5340836.23-P1P2	0	0	221	0
PTPRS_-_5340748.23-P1P2	1	0	848	0
PTPRZ1_+_121513259.23-P1P2	1657	2	937	1
PTPRZ1_+_121513591.23-P1P2	1646	1	486	1
PTPRZ1_-_121513222.23-P1P2	2656	3	1506	3920
PTPRZ1_-_121513629.23-P1P2	307	1	954	0
PTPRZ1_-_121513634.23-P1P2	1389	1	666	0
PTS_+_112097213.23-P1P2	475	0	762	17
PTS_+_112097553.23-P1P2	0	0	395	0
PTS_+_112097564.23-P1P2	3	2700	975	1844
PTS_-_112097179.23-P1P2	2	4385	1452	1
PTS_-_112097185.23-P1P2	1272	2920	1121	3
PURA_+_139487386.23-P1	4814	7397	2341	2225
PURA_+_139487400.23-P1	3808	1544	1994	1957
PURA_+_139487809.23-P1	1	0	1269	0
PURA_+_139494073.23-P2	1	1	2138	1694
PURA_+_139494085.23-P2	3770	4947	1525	3
PURA_-_139487453.23-P1	2884	3	2845	1976
PURA_-_139487457.23-P1	1606	4337	1503	3
PURA_-_139493769.23-P2	1101	6183	1869	402
PURA_-_139493772.23-P2	0	1	1449	1
PURA_-_139493785.23-P2	760	4	1215	1560
PVALB_+_37212683.23-P1P2	1126	0	107	1
PVALB_+_37212687.23-P1P2	1171	0	975	1
PVALB_+_37213006.23-P1P2	3	6145	690	2
PVALB_-_37212674.23-P1P2	746	4856	633	1646
PVALB_-_37212882.23-P1P2	4	1	579	3087
PVR_+_45147202.23-P1P2	1692	4953	944	2
PVR_+_45147543.23-P1P2	0	302	0	0
PVR_+_45147646.23-P1P2	827	2	742	2931
PVR_-_45147624.23-P1P2	0	0	791	0
PVR_-_45147640.23-P1P2	6	2121	1814	4895
PXK_+_58318664.23-P1P2	2058	0	2071	0
PXK_+_58318673.23-P1P2	2643	4	1660	1
PXK_+_58319125.23-P1P2	5	3235	1161	3
PXK_-_58318628.23-P1P2	3	0	1097	1959
PXK_-_58318644.23-P1P2	5473	1	832	1586
PYCR1_+_79895081.23-P1P2	1803	1	1419	1
PYCR1_+_79895132.23-P1P2	2609	4802	1766	1957
PYCR1_-_79894753.23-P1P2	1700	3	2214	3200
PYCR1_-_79894778.23-P1P2	1	0	92	0
PYCR1_-_79894942.23-P1P2	1003	2	2061	1025
PYCR2_+_226111957.23-P1P2	1227	2252	848	3
PYCR2_-_226111420.23-P1P2	4255	9117	2569	3766
PYCR2_-_226111879.23-P1P2	2130	5908	763	2127
PYCR2_-_226111910.23-P1P2	2433	3	976	1473
PYCR2_-_226111925.23-P1P2	1491	4	1580	1469
PYCRL_+_144691674.23-P1P2	2553	1	3058	3
PYCRL_+_144691714.23-P1P2	1578	3	1317	2145
PYCRL_+_144691725.23-P1P2	3	1	2060	809
PYCRL_+_144691734.23-P1P2	6767	3406	2501	7
PYCRL_-_144691702.23-P1P2	1585	1	1276	3
PYGL_+_51410734.23-P1P2	731	0	668	1
PYGL_+_51411102.23-P1P2	6	5678	1407	1
PYGL_-_51410773.23-P1P2	1	0	1184	0
PYGL_-_51410795.23-P1P2	4	5606	68	1914
PYGL_-_51411111.23-P1P2	1122	2	475	1634
PYGM_+_64526960.23-P1P2	1	0	1071	1
PYGM_-_64527403.23-P1P2	5136	10	1624	3482
PYGM_-_64527411.23-P1P2	5	1	797	1890
PYGM_-_64527415.23-P1P2	1	0	898	0
PYGM_-_64527418.23-P1P2	1202	1	174	1
QDPR_+_17513214.23-P1P2	1387	3	1125	2
QDPR_+_17513292.23-P1P2	0	0	0	0
QDPR_+_17513483.23-P1P2	5	5292	634	1985
QDPR_+_17513624.23-P1P2	3	2	1831	2003
QDPR_-_17513476.23-P1P2	0	0	555	0
QPCT_+_37572065.23-P1P2	1	0	504	0
QPCT_-_37571869.23-P1P2	2	0	1054	1
QPCT_-_37571894.23-P1P2	0	1	77	1752
QPCT_-_37571905.23-P1P2	8218	1690	2092	0
QPCT_-_37572354.23-P1P2	4	3029	1658	1
QPRT_+_29690469.23-P1	3717	3348	1643	1807
QPRT_+_29690910.23-P1	2	2372	1	1
QPRT_+_29690950.23-P1	1400	12014	886	4
QPRT_+_29706450.23-P2	4194	1	2372	1
QPRT_-_29690521.23-P1	2099	2	2143	0
QPRT_-_29690538.23-P1	2890	1	126	3
QPRT_-_29706085.23-P2	829	3	2352	1771
QPRT_-_29706127.23-P2	0	0	94	0
QPRT_-_29706423.23-P2	0	0	379	2
QPRT_-_29706468.23-P2	2428	5	2477	4
RAB5A_+_19989183.23-P1P2	4	1	827	1595
RAB5A_-_19988642.23-P1P2	3	4	216	6403
RAB5A_-_19988651.23-P1P2	1726	2	2416	3786
RAB5A_-_19988839.23-P1P2	3032	9	2181	4748
RAB5A_-_19989006.23-P1P2	5335	1	2673	3674
RAB7A_+_128445197.23-P1P2	3	4237	744	4
RAB7A_+_128445491.23-P1P2	2692	2	1374	4
RAB7A_-_128445050.23-P1P2	1025	3008	1082	2
RAB7A_-_128445053.23-P1P2	2100	1	726	3
RAB7A_-_128445444.23-P1P2	1438	3	2121	3207
RAB8B_+_63481787.23-P1P2	5059	6428	1378	1529
RAB8B_+_63481798.23-P1P2	1520	3	991	1340
RAB8B_-_63481813.23-P1P2	1866	7741	2136	68
RAB8B_-_63481991.23-P1P2	1507	5	705	4084
RAB8B_-_63482247.23-P1P2	2531	3	1810	2
RAB9A_+_13707244.23-P1P2	3259	1334	1011	3018
RAB9A_+_13707254.23-P1P2	9323	5759	5291	554
RAB9A_+_13707356.23-P1P2	652	2294	2015	2
RAB9A_+_13707571.23-P1P2	1747	2	1355	3382
RAB9A_-_13707307.23-P1P2	3940	4694	602	246
RABGGTA_+_24740407.23-P1P2	519	1	498	2
RABGGTA_-_24740348.23-P1P2	0	0	59	0
RABGGTA_-_24740361.23-P1P2	148	0	386	0
RABGGTA_-_24740700.23-P1P2	2	0	196	452
RABGGTA_-_24740777.23-P1P2	0	0	122	0
RABGGTB_+_76251918.23-P1P2	0	0	0	0
RABGGTB_-_76251922.23-P1P2	0	0	46	0
RABGGTB_-_76251992.23-P1P2	0	0	0	0
RABGGTB_-_76251996.23-P1P2	0	0	0	0
RABGGTB_-_76252008.23-P1P2	0	0	178	0
RAF1_+_12705570.23-P1P2	2	0	845	0
RAF1_+_12705583.23-P1P2	0	0	51	0
RAF1_-_12705166.23-P1P2	854	5352	2494	6204
RAF1_-_12705175.23-P1P2	1330	0	1198	1
RAF1_-_12705598.23-P1P2	0	0	122	0
RALA_+_39663547.23-P1P2	1635	3451	1588	1037
RALA_+_39663630.23-P1P2	347	5181	1428	3020
RALA_-_39663173.23-P1P2	983	2431	1474	0
RALA_-_39663198.23-P1P2	1793	1	1750	1
RALA_-_39663201.23-P1P2	1025	1	272	3
RAMP1_+_238768719.23-P1P2	1599	3678	2143	3787
RAMP1_-_238768303.23-P1P2	3	6	2706	2102
RAMP1_-_238768347.23-P1P2	3273	7	1858	5309
RAMP1_-_238768547.23-P1P2	2698	2	1224	4608
RAMP1_-_238768667.23-P1P2	4253	2389	4396	1470
RAMP2_+_40913311.23-P1P2	885	1960	570	3
RAMP2_-_40913297.23-P1P2	3	2	1329	1816
RAMP2_-_40913338.23-P1P2	1623	1	827	1965
RAMP2_-_40913676.23-P1P2	1271	1	1986	4798
RAMP2_-_40913723.23-P1P2	1754	2	1835	1734
RAMP3_+_45197836.23-P1P2	0	0	0	0
RAMP3_-_45197416.23-P1P2	759	5123	3268	2101
RAMP3_-_45197447.23-P1P2	2314	1920	1275	891
RAMP3_-_45197828.23-P1P2	0	0	342	0
RAMP3_-_45197918.23-P1P2	1222	2	1685	2
RARG_+_53614095.23-P1	1563	2	862	1071
RARG_+_53614104.23-P1	1210	1	994	88
RARG_+_53614111.23-P1	0	0	385	0
RARG_+_53625569.23-P2	0	1683	96	0
RARG_+_53625616.23-P2	2	0	479	0
RARG_+_53625742.23-P2	0	0	556	0
RARG_-_53613910.23-P1	1455	2	3388	3970
RARG_-_53614032.23-P1	7233	1502	2427	3293
RARG_-_53625531.23-P2	0	0	0	0
RARG_-_53625986.23-P2	1	2	1523	1795
RARRES1_+_158449752.23-P1P2	1470	0	879	3407
RARRES1_+_158449857.23-P1P2	1545	2	859	1256
RARRES1_-_158449770.23-P1P2	0	0	1214	1911
RARRES1_-_158450220.23-P1P2	2889	2	1006	2
RARRES1_-_158450242.23-P1P2	2862	2912	1878	58
RBKS_+_28113185.23-P1P2	2477	0	1362	2449
RBKS_+_28113231.23-P1P2	2	0	680	865
RBKS_+_28113235.23-P1P2	1381	4	1003	0
RBKS_-_28113696.23-P1P2	3789	3	1243	0
RBKS_-_28113758.23-P1P2	3246	1	841	0
RBP1_+_139258060.23-P1P2	3	5013	249	1
RBP1_+_139258429.23-P1P2	6	2913	1902	0
RBP1_+_139258444.23-P1P2	2388	2562	2890	2026
RBP1_-_139258247.23-P1P2	1306	4246	483	1
RBP1_-_139258440.23-P1P2	1	0	699	0
RBP3_+_48390485.23-P1P2	1394	2	1074	0
RBP3_+_48390915.23-P1P2	2580	8090	1402	5468
RBP3_+_48390958.23-P1P2	1052	0	1707	2193
RBP3_-_48390580.23-P1P2	2472	2	1392	1
RBP3_-_48390593.23-P1P2	1	0	148	0
RCVRN_+_9808115.23-P1P2	768	0	1290	1
RCVRN_+_9808163.23-P1P2	1349	0	109	1
RCVRN_+_9808421.23-P1P2	0	0	408	0
RCVRN_-_9808512.23-P1P2	7	3564	1259	1074
RCVRN_-_9808584.23-P1P2	4624	5	1665	2376
RDH12_+_68189384.23-P1P2	2	0	1306	1031
RDH12_+_68189400.23-P1P2	1299	1	644	1942
RDH12_+_68189715.23-P1P2	1302	3013	1185	2794
RDH12_-_68189276.23-P1P2	2	1	601	0
RDH12_-_68189674.23-P1P2	0	0	620	0
RDH13_+_55574459.23-P1	0	0	2216	903
RDH13_+_55580854.23-P2	1683	0	673	0
RDH13_+_55580857.23-P2	0	0	540	1016
RDH13_-_55574432.23-P1	3289	3	2369	1774
RDH13_-_55574436.23-P1	1377	5159	741	4008
RDH13_-_55574478.23-P1	2	0	1301	1260
RDH13_-_55574502.23-P1	2258	5854	2261	1264
RDH13_-_55580388.23-P2	1005	5283	1312	5
RDH13_-_55580828.23-P2	0	0	0	0
RDH13_-_55580864.23-P2	0	0	230	0
RDH14_+_18741501.23-P1P2	1	1	854	0
RDH14_+_18741620.23-P1P2	14	0	858	1607
RDH14_+_18741677.23-P1P2	2390	1	690	1
RDH14_+_18741900.23-P1P2	1709	2091	1033	1969
RDH14_-_18741934.23-P1P2	4332	3140	1941	4247
RDH5_+_56114174.23-P1P2	2	0	1123	2032
RDH5_-_56114211.23-P1P2	0	0	210	0
RDH5_-_56114214.23-P1P2	1402	0	139	2116
RDH5_-_56114444.23-P1P2	1638	6	750	3342
RDH5_-_56114600.23-P1P2	1	1	306	1996
RDH8_+_10124185.23-P1P2	0	2	1478	0
RDH8_-_10124161.23-P1P2	8	5618	574	1
RDH8_-_10124166.23-P1P2	3398	5153	2341	2288
RDH8_-_10124176.23-P1P2	1350	0	415	1830
RDH8_-_10124230.23-P1P2	0	0	359	0
RDX_+_110167318.23-P1P2	1298	4	1330	1
RDX_+_110167330.23-P1P2	896	0	1343	1486
RDX_-_110166897.23-P1P2	1392	5	3786	1526
RDX_-_110166909.23-P1P2	0	0	0	0
RDX_-_110167265.23-P1P2	0	0	1734	0
REG1A_+_79348065.23-P1P2	5	2631	979	0
REG1A_-_79347608.23-P1P2	3	5201	163	2
REG1A_-_79347640.23-P1P2	1353	2	1445	1
REG1A_-_79347850.23-P1P2	9	2	2310	5806
REG1A_-_79347869.23-P1P2	2	0	1238	1
RENBP_+_153210023.23-P1P2	1	0	764	0
RENBP_+_153210027.23-P1P2	5325	10630	1525	1826
RENBP_+_153210051.23-P1P2	902	0	537	1
RENBP_+_153210072.23-P1P2	0	0	310	1
RENBP_-_153209720.23-P1P2	3485	3	1187	1703
REN_+_204135200.23-P1P2	2	1	1058	1
REN_-_204135064.23-P1P2	0	0	303	1740
REN_-_204135359.23-P1P2	1	0	503	0
REN_-_204135438.23-P1P2	1986	1	1082	1937
REN_-_204135460.23-P1P2	1	0	794	0
RETSAT_+_85581239.23-P1P2	3	0	157	1935
RETSAT_+_85581363.23-P1P2	5679	1324	984	1492
RETSAT_+_85581624.23-P1P2	1274	4	656	4335
RETSAT_+_85581678.23-P1P2	1564	6150	591	9
RETSAT_-_85581272.23-P1P2	1442	2	1056	1981
RET_+_43572526.23-P1	0	6	1395	271
RET_+_43572556.23-P1	3016	1	952	1995
RET_+_43572575.23-P1	3492	4	1518	1769
RET_+_43572860.23-P1	5	4	1096	3513
RET_+_43600290.23-P2	1959	3	1999	2
RET_+_43600615.23-P2	4	6733	817	7
RET_+_43600686.23-P2	1450	3	522	3539
RET_-_43572536.23-P1	2605	0	2784	2287
RET_-_43600274.23-P2	1225	3	1073	3
RET_-_43600278.23-P2	0	0	712	0
RFK_+_79008960.23-P1P2	5669	7	2140	1385
RFK_+_79009263.23-P1P2	0	2	1086	0
RFK_+_79009270.23-P1P2	1555	2	1065	2
RFK_+_79009281.23-P1P2	2756	1	1234	25
RFK_-_79009318.23-P1P2	4690	7658	1984	3048
RIOK1_+_7390080.23-P1P2	0	0	54	0
RIOK1_+_7390314.23-P1P2	1	0	95	1610
RIOK1_-_7390078.23-P1P2	0	0	0	0
RIOK1_-_7390114.23-P1P2	5	1	268	0
RIOK1_-_7390405.23-P1P2	0	0	63	0
RIOK2_+_96518889.23-P1P2	0	0	0	0
RIOK2_+_96518902.23-P1P2	0	0	0	0
RIOK2_+_96518912.23-P1P2	0	0	0	0
RIOK2_+_96518986.23-P1P2	0	0	0	0
RIOK2_-_96518949.23-P1P2	0	0	0	0
RIOK3_+_21033325.23-P1P2	2402	3	827	1439
RIOK3_+_21033328.23-P1P2	1092	1	1009	0
RIOK3_-_21033300.23-P1P2	2	1626	489	0
RIOK3_-_21033647.23-P1P2	0	0	197	1
RIOK3_-_21033673.23-P1P2	3	4	822	2590
RIPK1_+_3064184.23-P2	5168	3	2361	3799
RIPK1_+_3068801.23-P1	2742	4	2450	1704
RIPK1_+_3069245.23-P1	4	2	356	1964
RIPK1_-_3064202.23-P2	0	0	91	0
RIPK1_-_3064211.23-P2	3176	4	1097	1383
RIPK1_-_3064286.23-P2	1279	2	2707	1630
RIPK1_-_3064289.23-P2	0	1	874	1
RIPK1_-_3068799.23-P1	1439	3368	726	2759
RIPK1_-_3069149.23-P1	6579	5	420	0
RIPK1_-_3069240.23-P1	2660	1	562	1
RIPK2_+_90770127.23-P1P2	0	0	0	0
RIPK2_+_90770141.23-P1P2	1633	3	410	1538
RIPK2_+_90770318.23-P1P2	1677	3302	995	2
RIPK2_+_90770447.23-P1P2	4123	5	1620	1888
RIPK2_-_90770465.23-P1P2	1767	9901	2662	1472
RIPK3_+_24808765.23-P1P2	3194	4	2228	3055
RIPK3_+_24808862.23-P1P2	1482	1	1477	0
RIPK3_-_24808785.23-P1P2	0	0	491	0
RIPK3_-_24808791.23-P1P2	1357	0	1359	2
RIPK3_-_24809163.23-P1P2	715	2	749	0
RIPK4_+_43186762.23-P1P2	1223	3	1029	0
RIPK4_+_43187115.23-P1P2	2681	4	891	446
RIPK4_+_43187173.23-P1P2	5277	5	1675	1805
RIPK4_+_43187193.23-P1P2	5993	5250	2162	2892
RIPK4_-_43187180.23-P1P2	9	4659	2489	835
RLBP1_+_89764782.23-P1P2	2739	0	434	1
RLBP1_+_89764785.23-P1P2	1503	1	905	1670
RLBP1_+_89764796.23-P1P2	0	0	494	0
RLBP1_+_89764803.23-P1P2	0	0	0	0
RLBP1_+_89764834.23-P1P2	3	5754	3190	906
RNASE2_+_21424066.23-P1P2	1	1	886	0
RNASE2_-_21423687.23-P1P2	1155	1	594	0
RNASE2_-_21423694.23-P1P2	7	3	2695	3828
RNASE2_-_21423740.23-P1P2	0	0	739	0
RNASE2_-_21423896.23-P1P2	1902	2	377	1
RNASE3_+_21359960.23-P1P2	3604	6304	760	1
RNASE3_+_21359982.23-P1P2	0	2	1408	477
RNASE3_+_21359986.23-P1P2	0	1	1240	2
RNASE3_-_21359811.23-P1P2	3	3130	738	1
RNASE3_-_21359955.23-P1P2	3	0	653	0
RNASE4_+_21152724.23-P1P2	3487	3219	3151	2467
RNASE4_+_21152942.23-P1P2	1381	3	1176	1
RNASE4_+_21153194.23-P1P2	1351	3	1093	3589
RNASE4_-_21153201.23-P1P2	1616	3421	1098	2068
RNASE4_-_21153211.23-P1P2	0	0	277	0
RNASEL_+_182558346.23-P1P2	4037	3	3007	2
RNASEL_+_182558365.23-P1P2	1109	4	926	2165
RNASEL_-_182558138.23-P1P2	2634	3	1383	3026
RNASEL_-_182558152.23-P1P2	5	4601	367	1570
RNASEL_-_182558334.23-P1P2	4	1	390	2058
RNGTT_+_89673250.23-P1P2	0	0	0	0
RNGTT_+_89673254.23-P1P2	0	0	0	0
RNGTT_-_89673106.23-P1P2	0	1	111	0
RNGTT_-_89673280.23-P1P2	0	0	0	0
RNGTT_-_89673283.23-P1P2	0	0	0	0
ROCK1_-_18691281.23-P1P2	4	4823	982	1475
ROCK1_-_18691378.23-P1P2	4523	4	2121	1244
ROCK1_-_18691680.23-P1P2	1585	5	1703	0
ROCK1_-_18691698.23-P1P2	1130	1	2133	1
ROCK1_-_18691767.23-P1P2	6072	4	1406	1
ROCK2_+_11484269.23-P1P2	1039	7727	2201	5057
ROCK2_+_11484687.23-P1P2	4239	3467	2863	2
ROCK2_+_11484706.23-P1P2	1	4	1205	1921
ROCK2_+_11484752.23-P1P2	2230	2	1544	2
ROCK2_-_11484367.23-P1P2	1501	4969	397	0
ROR1_+_64239737.23-P1P2	3	1	1473	1566
ROR1_+_64240173.23-P1P2	7	1	1132	3562
ROR1_-_64239678.23-P1P2	1270	5636	2526	4237
ROR1_-_64239704.23-P1P2	0	0	72	0
ROR1_-_64239913.23-P1P2	1332	1	3780	1932
ROR2_+_94712030.23-P1P2	3150	6	1275	2388
ROR2_+_94712390.23-P1P2	6	1	1379	1292
ROR2_-_94712079.23-P1P2	4122	690	1065	0
ROR2_-_94712082.23-P1P2	1	0	440	0
ROR2_-_94712437.23-P1P2	5	2852	1776	1597
RORA_+_61521246.23-ENST00000335670.6	1	0	788	0
RORA_-_61521289.23-ENST00000335670.6	2400	5	1150	3900
RORA_-_61521637.23-ENST00000335670.6	2822	3	1251	2
RORA_-_61521640.23-ENST00000335670.6	0	3	892	1887
RORA_-_61521672.23-ENST00000335670.6	2589	0	1246	2
ROS1_+_117746571.23-P1P2	1292	2934	502	1639
ROS1_+_117746582.23-P1P2	1426	0	428	0
ROS1_+_117746961.23-P1P2	1	0	618	1838
ROS1_+_117746996.23-P1P2	0	0	1007	0
ROS1_-_117746762.23-P1P2	1173	0	1359	3460
RPIA_+_88991242.23-P1P2	5	5118	1743	1249
RPIA_-_88991373.23-P1P2	1	1	1973	0
RPIA_-_88991376.23-P1P2	0	0	0	0
RPIA_-_88991501.23-P1P2	1	0	909	1078
RPIA_-_88991603.23-P1P2	741	2337	1255	3960
RPS6KA1_+_26856736.23-P2	0	0	181	1
RPS6KA1_+_26872412.23-P1	325	3	2050	3625
RPS6KA1_+_26872431.23-P1	4132	2899	797	4
RPS6KA1_-_26856271.23-P2	2794	2	1865	829
RPS6KA1_-_26856314.23-P2	1	0	371	0
RPS6KA1_-_26856533.23-P2	2974	684	1139	3857
RPS6KA1_-_26856712.23-P2	3	1874	1172	1316
RPS6KA1_-_26872423.23-P1	3385	6	3265	5029
RPS6KA1_-_26872747.23-P1	1404	3	1554	2
RPS6KA1_-_26872758.23-P1	1528	1	487	0
RPS6KA2_+_167040194.23-P1P2	0	0	128	1
RPS6KA2_+_167040304.23-P1P2	5	3	2141	2721
RPS6KA2_+_167040728.23-P1P2	1392	5385	1335	1317
RPS6KA2_-_167040333.23-P1P2	1854	0	516	0
RPS6KA2_-_167040666.23-P1P2	1476	0	675	1
RPS6KA3_+_20284908.23-P1P2	1453	0	561	1
RPS6KA3_+_20284937.23-P1P2	1	2653	1719	2932
RPS6KA3_-_20284594.23-P1P2	1570	4113	1801	2001
RPS6KA3_-_20284919.23-P1P2	917	1	1459	1160
RPS6KA3_-_20285005.23-P1P2	4129	3	2111	2723
RPS6KA4_+_64126701.23-P1P2	6	2261	1490	2
RPS6KA4_+_64127018.23-P1P2	0	0	0	0
RPS6KA4_+_64127052.23-P1P2	2425	4	1277	441
RPS6KA4_-_64126660.23-P1P2	1312	2	1830	3651
RPS6KA4_-_64126713.23-P1P2	1391	3828	2254	1813
RPS6KA5_+_91526931.23-P1P2	788	1	2232	4405
RPS6KA5_+_91526950.23-P1P2	6	4471	2207	1792
RPS6KA5_+_91526956.23-P1P2	2306	5610	2730	1251
RPS6KA5_-_91526887.23-P1P2	3537	1	2461	3
RPS6KA5_-_91526900.23-P1P2	7	1943	1962	2
RPS6KA6_+_83443137.23-P1P2	2899	3513	1120	4
RPS6KA6_+_83443152.23-P1P2	129	1	1242	1933
RPS6KA6_+_83443191.23-P1P2	0	1	331	0
RPS6KA6_-_83442779.23-P1P2	2012	2722	1130	1584
RPS6KA6_-_83443071.23-P1P2	3954	10	956	6969
RPS6KB1_+_57970498.23-P1P2	3	3979	326	2
RPS6KB1_+_57970582.23-P1P2	940	1	541	1322
RPS6KB1_-_57970507.23-P1P2	0	0	1312	0
RPS6KB1_-_57970510.23-P1P2	1504	3	476	0
RPS6KB1_-_57970559.23-P1P2	1517	5	1275	4615
RPS6KB2_+_67195953.23-P1P2	5	4	2044	1977
RPS6KB2_+_67196335.23-P1P2	0	0	199	0
RPS6KB2_+_67196434.23-P1P2	2	1	200	1746
RPS6KB2_-_67195987.23-P1P2	4538	3	4471	1778
RPS6KB2_-_67196161.23-P1P2	2	1	145	1928
RPS6KC1_+_213224613.23-P1P2	1395	11517	3239	3727
RPS6KC1_+_213224641.23-P1P2	1332	2711	1305	1589
RPS6KC1_+_213224657.23-P1P2	6287	6731	1588	1588
RPS6KC1_+_213224690.23-P1P2	1278	0	410	0
RPS6KC1_+_213224698.23-P1P2	3554	4	2098	3188
RPS6KL1_+_75389876.23-P1P2	1728	5362	1215	3
RPS6KL1_+_75389921.23-P1P2	1424	1	1965	1
RPS6KL1_+_75389935.23-P1P2	1873	2	1362	1808
RPS6KL1_-_75389910.23-P1P2	1747	1	2490	0
RPS6KL1_-_75389934.23-P1P2	8	3681	2093	2989
RSL24D1_+_55488725.23-P1P2	0	0	0	0
RSL24D1_-_55488741.23-P1P2	0	0	0	0
RSL24D1_-_55488847.23-P1P2	0	0	0	0
RSL24D1_-_55488919.23-P1P2	0	0	0	0
RSL24D1_-_55489054.23-P1P2	0	0	0	0
RTCA_+_100731796.23-P1P2	764	0	952	1
RTCA_-_100731784.23-P1P2	5	5918	664	2401
RTCA_-_100731838.23-P1P2	3696	4148	1351	1969
RTCA_-_100732018.23-P1P2	0	1	697	0
RTCA_-_100732189.23-P1P2	1107	1	237	1382
RXRA_+_137218484.23-P1P2	1542	4429	1965	2816
RXRA_-_137218681.23-P1P2	937	2	2117	1653
RXRA_-_137218769.23-P1P2	2	0	1005	1673
RXRA_-_137218786.23-P1P2	3048	2631	708	1195
RXRA_-_137218789.23-P1P2	5	0	876	2944
RXRB_+_33168184.23-P1P2	7	2305	2135	3
RXRB_+_33168378.23-P1P2	1	1	1403	1843
RXRB_+_33168411.23-P1P2	674	1	984	2051
RXRB_-_33167833.23-P1P2	1125	3080	830	1
RXRB_-_33168450.23-P1P2	1	0	695	0
RXRG_+_165413902.23-P1P2	3	3612	288	1
RXRG_+_165414304.23-P1P2	5316	7573	1158	7
RXRG_-_165414269.23-P1P2	2938	4741	3049	5
RXRG_-_165414297.23-P1P2	0	0	593	0
RXRG_-_165414315.23-P1P2	1	0	457	0
RYK_+_133969666.23-P1P2	8	5553	1312	3
RYK_+_133969669.23-P1P2	2602	7999	1733	4
RYK_+_133969686.23-P1P2	0	0	339	910
RYK_-_133969297.23-P1P2	0	3	839	0
RYK_-_133969698.23-P1P2	0	1	523	0
RYR1_+_38924326.23-P1P2	1	2	1715	1634
RYR1_+_38924336.23-P1P2	3896	6514	1176	2633
RYR1_+_38924343.23-P1P2	758	1	719	1312
RYR1_+_38924366.23-P1P2	2	0	1547	2732
RYR1_+_38924742.23-P1P2	0	0	88	0
S100A11_+_152009025.23-P1P2	2906	6500	1806	1584
S100A11_+_152009172.23-P1P2	1513	1	1097	1807
S100A11_+_152009236.23-P1P2	1032	0	449	1823
S100A11_+_152009488.23-P1P2	1698	2451	1388	2
S100A11_-_152009089.23-P1P2	2508	2	1996	1656
S100A12_+_153346925.23-P2	0	2338	87	0
S100A12_+_153346950.23-P2	0	0	635	0
S100A12_+_153347905.23-P1	1760	0	1049	0
S100A12_+_153347983.23-P1	1273	0	522	1932
S100A12_+_153347992.23-P1	1	1	366	1808
S100A12_+_153348064.23-P1	2627	1	1685	0
S100A12_-_153346536.23-P2	685	921	858	1
S100A12_-_153346899.23-P2	3018	3	2795	3
S100A12_-_153346988.23-P2	1	0	450	1
S100A12_-_153348041.23-P1	1131	4131	1333	1786
S100A13_+_153599607.23-P1P2	0	0	1497	1
S100A13_+_153599935.23-P1P2	5143	2975	2536	2053
S100A13_-_153599940.23-P1P2	1	0	599	1
S100A13_-_153599961.23-P1P2	3716	2908	1521	1915
S100A13_-_153599973.23-P1P2	751	2	654	1
S100A1_+_153600923.23-P1	3858	4	1897	5
S100A1_+_153600937.23-P1	2923	5879	1409	7
S100A1_+_153600949.23-P1	0	0	221	0
S100A1_+_153601219.23-P1	889	6289	238	1627
S100A1_+_153603287.23-P2	1267	3302	323	1
S100A1_-_153601102.23-P1	5826	980	1246	3
S100A1_-_153603069.23-P2	1038	3	1277	4661
S100A1_-_153603127.23-P2	3	0	561	2290
S100A1_-_153603152.23-P2	1468	0	968	2329
S100A1_-_153603155.23-P2	8	9262	734	6
S100A2_+_153537850.23-P1P2	2	0	921	117
S100A2_+_153537932.23-P1P2	3317	3	902	3117
S100A2_+_153537957.23-P1P2	773	181	989	1
S100A2_-_153537893.23-P1P2	3	2014	843	0
S100A2_-_153537989.23-P1P2	0	0	426	1822
S100A4_+_153517914.23-P1P2	827	0	1763	1
S100A4_-_153517520.23-P1P2	1208	5466	725	1789
S100A4_-_153517830.23-P1P2	807	4600	748	5
S100A4_-_153517933.23-P1P2	4021	1	1935	2
S100A4_-_153518261.23-P1P2	1635	3153	1574	1646
S100A7_+_153432620.23-P1P2	1505	2779	1268	1470
S100A7_-_153432672.23-P1P2	1643	5403	531	3
S100A7_-_153432768.23-P1P2	0	0	151	0
S100A7_-_153432779.23-P1P2	4	8350	2150	3
S100A7_-_153432782.23-P1P2	785	2	1007	1
S100B_+_48024930.23-P1P2	0	0	123	0
S100B_+_48024942.23-P1P2	1799	0	234	2
S100B_+_48024946.23-P1P2	773	0	1177	1911
S100B_-_48024993.23-P1P2	247	0	1759	1
S100B_-_48025006.23-P1P2	1147	3757	1238	0
S100G_+_16668322.23-P1P2	1298	5	402	2386
S100G_+_16668356.23-P1P2	718	4	893	4925
S100G_+_16668570.23-P1P2	1	0	624	0
S100G_-_16668326.23-P1P2	3	4	1074	454
S100G_-_16668520.23-P1P2	2599	2	2201	1268
S100P_+_6695596.23-P1P2	1	3710	742	2
S100P_-_6695684.23-P1P2	3	5	1191	3956
S100P_-_6695907.23-P1P2	3117	4296	876	4
S100P_-_6695980.23-P1P2	2	5466	194	1715
S100P_-_6695983.23-P1P2	1350	2	480	0
SAA1_+_18287752.23-P1P2	938	9940	625	6
SAA1_+_18287761.23-P1P2	1	0	170	0
SAA1_-_18287768.23-P1P2	1605	0	796	1
SAA1_-_18287808.23-P1P2	4393	1	1173	1
SAA1_-_18288218.23-P1P2	4739	2	875	1359
SACM1L_-_45730829.23-P1P2	0	0	918	0
SACM1L_-_45730878.23-P1P2	4013	1	2462	2939
SACM1L_-_45730905.23-P1P2	1	0	300	0
SACM1L_-_45730908.23-P1P2	1	0	1028	0
SACM1L_-_45730966.23-P1P2	0	0	0	0
SAR1B_+_133968072.23-P1P2	1316	5	737	0
SAR1B_+_133968297.23-P1P2	2717	4166	1415	4523
SAR1B_+_133968380.23-P1P2	4800	5689	1759	3498
SAR1B_+_133968439.23-P1P2	1148	2	3443	1163
SAR1B_-_133968335.23-P1P2	0	0	447	0
SARS_+_109756585.23-P1P2	0	0	0	0
SARS_+_109756924.23-P1P2	0	0	0	0
SARS_+_109756978.23-P1P2	0	0	119	0
SARS_-_109756557.23-P1P2	0	0	0	0
SARS_-_109756597.23-P1P2	0	0	129	0
SBF1_+_50912969.23-P1P2	3714	1154	2004	4
SBF1_+_50913006.23-P1P2	1320	3	895	1659
SBF1_+_50913049.23-P1P2	1549	0	712	1464
SBF1_+_50913077.23-P1P2	953	0	859	0
SBF1_+_50913422.23-P1P2	1275	0	2566	1735
SBF2_+_10315554.23-P1P2	3047	3024	855	6040
SBF2_+_10315672.23-P1P2	0	0	1169	1
SBF2_+_10315739.23-P1P2	1221	5319	441	5
SBF2_-_10315286.23-P1P2	1170	1	1349	3
SBF2_-_10315514.23-P1P2	5	5306	736	899
SBK1_+_28303849.23-P1P2	3995	14586	2986	2123
SBK1_+_28304073.23-P1P2	1499	2	490	2
SBK1_+_28304264.23-P1P2	1427	2	906	0
SBK1_-_28304002.23-P1P2	9	6799	1254	2
SBK1_-_28304204.23-P1P2	0	0	1231	0
SBK2_+_56048200.23-P1P2	0	0	454	0
SBK2_+_56048245.23-P1P2	740	0	511	3297
SBK2_+_56048448.23-P1P2	4214	1	539	1504
SBK2_-_56048060.23-P1P2	1139	9238	1797	1742
SBK2_-_56048071.23-P1P2	2	0	1478	2
SCARB1_+_125347917.23-P1P2	0	0	0	0
SCARB1_-_125348347.23-P1P2	4977	4	1914	5251
SCARB1_-_125348377.23-P1P2	955	2306	1385	1115
SCARB1_-_125348382.23-P1P2	2626	2	1738	2
SCARB1_-_125348396.23-P1P2	4676	4843	1013	5
SCGB1A1_+_62186533.23-P1P2	671	4226	1535	4279
SCGB1A1_+_62186562.23-P1P2	1	4	1768	1585
SCGB1A1_+_62186589.23-P1P2	3420	0	335	1
SCGB1A1_+_62186952.23-P1P2	0	0	88	0
SCGB1A1_-_62186542.23-P1P2	1	0	496	2092
SCLY_+_238969776.23-ENST00000254663.6,ENST00000555827.1	3704	3	2362	1
SCLY_-_238969756.23-ENST00000254663.6,ENST00000555827.1	1516	4054	2437	1786
SCLY_-_238969931.23-ENST00000254663.6,ENST00000555827.1	1308	2670	611	853
SCLY_-_238969949.23-ENST00000254663.6,ENST00000555827.1	2197	3	872	1812
SCLY_-_238969978.23-ENST00000254663.6,ENST00000555827.1	7808	1	2014	5
SCMH1_+_41626493.23-ENST00000326197.7	1289	1	566	0
SCMH1_+_41626545.23-ENST00000326197.7	0	0	141	0
SCMH1_+_41626552.23-ENST00000326197.7	1	2857	1261	0
SCMH1_+_41627029.23-ENST00000402904.2	0	0	208	0
SCMH1_+_41627034.23-ENST00000402904.2	1	1	500	1669
SCMH1_-_41626430.23-ENST00000326197.7	4	1	1304	0
SCMH1_-_41626498.23-ENST00000326197.7	1111	0	439	0
SCMH1_-_41626628.23-ENST00000402904.2	4	1	150	3372
SCMH1_-_41626645.23-ENST00000402904.2	1585	6058	696	1812
SCMH1_-_41627112.23-ENST00000402904.2	1302	1	971	4073
SCN10A_+_38835213.23-ENST00000449082.2	4396	5	989	2
SCN10A_-_38835251.23-ENST00000449082.2	1622	0	629	1
SCN10A_-_38835269.23-ENST00000449082.2	0	0	332	0
SCN10A_-_38835311.23-ENST00000449082.2	1	0	407	1585
SCN10A_-_38835462.23-ENST00000449082.2	2	0	338	0
SCN11A_+_38991609.23-ENST00000302328.3,ENST00000450244.1	2	0	960	0
SCN11A_+_38992029.23-ENST00000302328.3,ENST00000450244.1	2	0	95	0
SCN11A_+_38992032.23-ENST00000302328.3,ENST00000450244.1	3	2129	602	2
SCN11A_-_38991624.23-ENST00000302328.3,ENST00000450244.1	0	0	99	0
SCN11A_-_38991801.23-ENST00000302328.3,ENST00000450244.1	1	0	819	1
SCN1A_+_166929645.23-ENST00000303395.4,ENST00000423058.2	581	3604	969	2
SCN1A_+_166930061.23-ENST00000303395.4,ENST00000423058.2	4	5351	272	2
SCN1A_+_166930127.23-ENST00000303395.4,ENST00000423058.2	2906	5146	979	1702
SCN1A_-_166929817.23-ENST00000303395.4,ENST00000423058.2	1749	1	316	1
SCN1A_-_166930100.23-ENST00000303395.4,ENST00000423058.2	0	0	323	0
SCN1B_-_35521391.23-P1P2	2	0	2679	875
SCN1B_-_35521422.23-P1P2	2	1	1230	1
SCN1B_-_35521430.23-P1P2	4759	2066	2371	1
SCN1B_-_35521446.23-P1P2	3	0	1452	1649
SCN1B_-_35521732.23-P1P2	1452	1	1009	3400
SCN2A_+_166095938.23-P1P2	1379	3	1253	2103
SCN2A_-_166095976.23-P1P2	1444	0	456	1573
SCN2A_-_166095992.23-P1P2	2886	2	1132	1
SCN2A_-_166096383.23-P1P2	1138	0	582	0
SCN2A_-_166096427.23-P1P2	1537	1	279	1
SCN2B_+_118046952.23-P1P2	1368	0	242	0
SCN2B_+_118047292.23-P1P2	1528	1	322	0
SCN2B_-_118046909.23-P1P2	0	0	384	1
SCN2B_-_118047107.23-P1P2	1401	1	1291	1
SCN2B_-_118047358.23-P1P2	0	0	401	0
SCN3A_+_166060129.23-P1P2	1	1	403	1452
SCN3A_+_166060199.23-P1P2	0	0	0	0
SCN3A_+_166060543.23-P1P2	466	3	171	1
SCN3A_+_166060552.23-P1P2	4	2	774	2711
SCN3A_-_166060301.23-P1P2	1	0	528	0
SCN4A_+_62049807.23-P1P2	0	0	308	0
SCN4A_-_62049835.23-P1P2	7	6577	1244	1280
SCN4A_-_62049839.23-P1P2	1367	0	1048	0
SCN4A_-_62050214.23-P1P2	818	2	822	1356
SCN4A_-_62050234.23-P1P2	0	0	437	0
SCN4B_+_118023016.23-P1P2	1522	0	371	2
SCN4B_+_118023499.23-P1P2	1088	0	1561	1
SCN4B_-_118023129.23-P1P2	3952	14395	5045	3962
SCN4B_-_118023437.23-P1P2	1568	3	1630	0
SCN4B_-_118023465.23-P1P2	7	5975	2177	4870
SCN5A_+_38691118.23-P1P2	6	3	2181	1892
SCN5A_+_38691154.23-P1P2	6	7698	1781	1915
SCN5A_+_38691168.23-P1P2	1023	2	1307	4474
SCN5A_-_38690758.23-P1P2	2672	5545	2549	1777
SCN5A_-_38690762.23-P1P2	1289	0	1779	0
SCN9A_+_167232010.23-P1P2	0	1	420	0
SCN9A_+_167232052.23-P1P2	1	1	563	0
SCN9A_+_167232416.23-P1P2	3682	4	2266	1878
SCN9A_+_167232419.23-P1P2	2347	3	918	3103
SCN9A_-_167232085.23-P1P2	1691	1	427	1
SCNN1A_+_6484217.23-P1P2	0	0	0	0
SCNN1A_+_6484231.23-P1P2	7	1	845	3552
SCNN1A_+_6484256.23-P1P2	902	0	680	0
SCNN1A_+_6484591.23-P1P2	4219	4	1202	1
SCNN1A_-_6484198.23-P1P2	1	2	915	1695
SCNN1B_+_23313619.23-P1P2	1138	0	1462	0
SCNN1B_+_23313704.23-P1P2	3	0	2225	2811
SCNN1B_+_23313707.23-P1P2	1329	3	2511	5143
SCNN1B_+_23313895.23-P1P2	4519	8	2134	1512
SCNN1B_-_23314049.23-P1P2	2	0	1448	1
SCNN1D_+_1217412.23-P2	2800	5	425	1127
SCNN1D_+_1217472.23-P2	4	1	952	1
SCNN1D_+_1217814.23-P2	1021	1	901	0
SCNN1D_+_1217823.23-P2	1511	5202	1462	1866
SCNN1D_+_1219839.23-P1	2686	3	1320	0
SCNN1D_+_1219842.23-P1	3	2	941	5224
SCNN1D_-_1217792.23-P2	1	1	1394	1803
SCNN1D_-_1219407.23-P1	5946	5122	3400	3739
SCNN1D_-_1219430.23-P1	1902	9806	1634	1777
SCNN1D_-_1219456.23-P1	1	0	375	0
SCNN1G_+_23194059.23-P1P2	1302	5910	2997	4866
SCNN1G_+_23194100.23-P1P2	2273	3	1162	3314
SCNN1G_+_23194313.23-P1P2	2936	3	1768	0
SCNN1G_+_23194468.23-P1P2	1199	0	1085	1
SCNN1G_-_23194053.23-P1P2	1132	4383	3273	1077
SCPEP1_+_55055504.23-P1P2	1596	6129	990	3
SCPEP1_+_55055545.23-P1P2	6229	1939	1354	3
SCPEP1_+_55055973.23-P1P2	3610	3	672	3831
SCPEP1_-_55055523.23-P1P2	3	5101	1832	4
SCPEP1_-_55055935.23-P1P2	0	0	390	0
SCTR_+_120281511.23-P1P2	1482	3	1602	2917
SCTR_+_120281514.23-P1P2	2337	6	3293	1464
SCTR_+_120281965.23-P1P2	2095	2301	1572	703
SCTR_-_120281574.23-P1P2	0	0	1393	0
SCTR_-_120281927.23-P1P2	2392	2	2100	3478
SCYL1_+_65292574.23-P1P2	6	5285	1656	2160
SCYL1_+_65292982.23-P1P2	829	0	750	1
SCYL1_-_65292594.23-P1P2	1	0	388	0
SCYL1_-_65292911.23-P1P2	1616	1	1084	1
SCYL1_-_65293013.23-P1P2	2	1	1358	0
SCYL2_+_100661199.23-P1P2	742	7226	1046	1434
SCYL2_-_100661185.23-P1P2	7	6601	1503	5
SCYL2_-_100661215.23-P1P2	880	2	2215	1304
SCYL2_-_100661218.23-P1P2	1130	2	543	1
SCYL2_-_100661262.23-P1P2	0	0	90	0
SCYL3_+_169862650.23-P1P2	1739	6	567	3720
SCYL3_+_169862653.23-P1P2	3	0	933	1
SCYL3_+_169862869.23-P1P2	0	0	531	0
SCYL3_+_169863015.23-P1P2	603	0	783	3
SCYL3_+_169863030.23-P1P2	1854	2341	1858	4
SDF2_+_26988585.23-P1P2	3	1	829	0
SDF2_+_26988890.23-P1P2	1791	0	3	1
SDF2_+_26988894.23-P1P2	0	0	183	0
SDF2_+_26989101.23-P1P2	1052	2	1025	1915
SDF2_-_26988637.23-P1P2	0	0	119	1
SDHA_+_218895.23-P1P2	4730	14369	2535	1679
SDHA_+_218905.23-P1P2	1968	7579	2677	4108
SDHA_-_218477.23-P1P2	747	6179	1869	1
SDHA_-_218484.23-P1P2	1	3	1847	0
SDHA_-_218663.23-P1P2	2263	0	833	1904
SDSL_+_113860559.23-P1P2	2	0	633	1368
SDSL_-_113860273.23-P1P2	1236	6289	781	1933
SDSL_-_113860507.23-P1P2	1	0	275	0
SDSL_-_113860565.23-P1P2	2834	3894	1846	1777
SDSL_-_113860660.23-P1P2	939	6448	1870	810
SDS_+_113841691.23-P1P2	0	0	422	0
SDS_-_113841621.23-P1P2	1	0	761	0
SDS_-_113841624.23-P1P2	2	1	2254	942
SDS_-_113841656.23-P1P2	0	0	677	0
SDS_-_113841659.23-P1P2	0	0	854	0
SEC14L2_+_30793323.23-P1P2	1476	4399	1677	0
SEC14L2_+_30793386.23-P1P2	1262	3831	1645	3074
SEC14L2_-_30793282.23-P1P2	2153	9	1850	7070
SEC14L2_-_30793394.23-P1P2	4661	2	2024	16
SEC14L2_-_30793453.23-P1P2	1984	2	1370	2220
SEC14L3_+_30867557.23-P1P2	1246	2	1215	2
SEC14L3_+_30867610.23-P1P2	1	0	731	1
SEC14L3_+_30867852.23-P1P2	1328	3	1228	0
SEC14L3_-_30867533.23-P1P2	1515	5308	580	3
SEC14L3_-_30867970.23-P1P2	2	2	1039	1597
SEC14L4_+_30901645.23-P1P2	597	6024	907	2
SEC14L4_+_30901648.23-P1P2	1996	5	2227	8380
SEC14L4_+_30901656.23-P1P2	977	4974	1815	4
SEC14L4_+_30901673.23-P1P2	2542	1	415	1757
SEC14L4_-_30901625.23-P1P2	3204	3	1329	1687
SELE_+_169702866.23-P1P2	454	1	885	1
SELE_+_169703166.23-P1P2	2	0	563	947
SELE_-_169702845.23-P1P2	0	0	792	2037
SELE_-_169703154.23-P1P2	2899	0	223	1342
SELE_-_169703233.23-P1P2	0	0	233	0
SELP_+_169598943.23-P1P2	0	0	0	0
SELP_+_169599242.23-P1P2	1521	7	803	2134
SELP_+_169599347.23-P1P2	0	0	1282	1
SELP_+_169599351.23-P1P2	1	0	539	8
SELP_+_169599378.23-P1P2	1702	0	756	1
SEPSECS_-_25161998.23-P1P2	1	0	643	0
SEPSECS_-_25162001.23-P1P2	1	0	1343	1
SEPSECS_-_25162021.23-P1P2	1	0	767	0
SEPSECS_-_25162054.23-P1P2	1	1	1139	1
SEPSECS_-_25162088.23-P1P2	2	2	1684	0
SERPINA1_+_94854859.23-P1	10	5451	850	2860
SERPINA1_+_94856474.23-P2	2	9394	564	6
SERPINA1_+_94856519.23-P2	683	3117	880	0
SERPINA1_+_94856939.23-P2	1658	6066	1089	3567
SERPINA1_-_94854496.23-P1	3144	1	207	1
SERPINA1_-_94854886.23-P1	900	0	1018	633
SERPINA1_-_94854918.23-P1	1075	2	995	0
SERPINA1_-_94854936.23-P1	1520	2	673	0
SERPINA1_-_94856929.23-P2	2526	2	2284	1906
SERPINA1_-_94856932.23-P2	0	3	964	1
SERPINA5_+_95027799.23-P2	5	1	720	0
SERPINA5_+_95027829.23-P2	3	1	444	3559
SERPINA5_+_95047767.23-P1	0	0	748	0
SERPINA5_+_95047854.23-P1	1364	0	2139	3630
SERPINA5_-_95027806.23-P2	1098	3	1924	3671
SERPINA5_-_95027873.23-P2	0	0	204	0
SERPINA5_-_95027877.23-P2	0	0	355	1
SERPINA5_-_95047820.23-P1	0	0	145	0
SERPINA5_-_95047861.23-P1	4	5169	1128	1
SERPINA5_-_95048169.23-P1	1537	3	1295	1
SERPINB2_+_61554915.23-P1	1	0	390	2021
SERPINB2_+_61554925.23-P1	5	5527	241	0
SERPINB2_+_61554989.23-P1	1247	0	75	3
SERPINB2_+_61558764.23-P2	2674	2	1047	0
SERPINB2_+_61558769.23-P2	2700	1	1323	0
SERPINB2_+_61559023.23-P2	2272	2	840	2097
SERPINB2_+_61559228.23-P2	0	0	221	0
SERPINB2_-_61555004.23-P1	2	0	1083	1835
SERPINB2_-_61555133.23-P1	0	0	0	0
SERPINB2_-_61558820.23-P2	5	5998	1001	2
SERPINB3_+_61328668.23-P1P2	1039	0	44	0
SERPINB3_+_61328716.23-P1P2	3	3475	498	0
SERPINB3_-_61328735.23-P1P2	0	0	0	0
SERPINB3_-_61328746.23-P1P2	1251	0	783	2
SERPINB3_-_61328751.23-P1P2	0	0	577	0
SERPINB6_+_2971493.23-P1P2	4311	5	1758	3236
SERPINB6_+_2971503.23-P1P2	3483	7619	1568	3393
SERPINB6_-_2971134.23-P1P2	3	3428	1387	1
SERPINB6_-_2971548.23-P1P2	1280	6093	3333	4758
SERPINB6_-_2971798.23-P1P2	959	3	1839	0
SERPINC1_+_173886066.23-P1P2	5	3909	1843	1986
SERPINC1_+_173886399.23-P1P2	1599	0	959	1
SERPINC1_-_173886008.23-P1P2	1	0	551	0
SERPINC1_-_173886417.23-P1P2	2	3252	1207	1
SERPINC1_-_173886447.23-P1P2	1217	4946	511	1921
SERPIND1_+_21128376.23-P1P2	1836	1	227	2166
SERPIND1_+_21128603.23-P1P2	0	3	433	1782
SERPIND1_-_21128433.23-P1P2	3246	2	869	0
SERPIND1_-_21128441.23-P1P2	1809	3	838	1062
SERPIND1_-_21128636.23-P1P2	0	0	0	0
SFTPA1_+_81370683.23-ENST00000372308.3,ENST00000398636.3,ENST00000428376.2	3	2	505	2110
SFTPA1_+_81371011.23-ENST00000372308.3,ENST00000398636.3,ENST00000428376.2	1673	3	1234	1521
SFTPA1_+_81371021.23-ENST00000372308.3,ENST00000398636.3,ENST00000428376.2	2530	0	1282	1
SFTPA1_+_81371024.23-ENST00000372308.3,ENST00000398636.3,ENST00000428376.2	1020	4	2094	1616
SFTPA1_-_81370974.23-ENST00000372308.3,ENST00000398636.3,ENST00000428376.2	4206	7	1553	2833
SFTPD_+_81708444.23-P1P2	2	1	1512	1498
SFTPD_+_81708840.23-P1P2	3755	2	705	0
SFTPD_+_81708863.23-P1P2	1395	3	1333	1695
SFTPD_-_81708420.23-P1P2	2	5953	1311	1
SFTPD_-_81708648.23-P1P2	1357	5731	594	3
SGK1_+_134495926.23-P1	0	0	224	0
SGK1_+_134495938.23-P1	1432	4519	2140	4
SGK1_+_134498526.23-P2	1	2	512	1758
SGK1_+_134498581.23-P2	1	0	435	1682
SGK1_+_134498914.23-P2	1506	3	1365	1619
SGK1_+_134498929.23-P2	1	2	763	0
SGK1_+_134498971.23-P2	1	0	521	0
SGK1_-_134495913.23-P1	0	1	0	913
SGK1_-_134495988.23-P1	1328	3	243	1884
SGK1_-_134495993.23-P1	3568	4	1370	2739
SGK223_+_8243645.23-P1P2	3608	10	1402	4969
SGK223_+_8243878.23-P1P2	1395	2156	2355	2
SGK223_+_8243881.23-P1P2	1326	4	3023	2148
SGK223_+_8243886.23-P1P2	2864	4	556	1243
SGK223_-_8243728.23-P1P2	3	0	2316	1
SGK2_+_42187706.23-P1P2	3	4	1322	2199
SGK2_+_42187748.23-P1P2	0	0	332	0
SGK2_+_42187765.23-P1P2	2596	1280	1950	1758
SGK2_+_42187916.23-P1P2	5	1	272	4184
SGK2_-_42187758.23-P1P2	2849	1919	2104	2
SGK3_+_67624712.23-ENST00000521198.2	0	0	177	0
SGK3_+_67687519.23-ENST00000396596.1,ENST00000522398.1	4200	3	3078	4506
SGK3_+_67706009.23-ENST00000345714.4	2602	2	769	3055
SGK3_-_67624700.23-ENST00000521198.2	1803	6691	1356	6
SGK3_-_67625061.23-ENST00000521198.2	2	1328	1124	15
SGK3_-_67625072.23-ENST00000521198.2	693	0	59	0
SGK3_-_67625115.23-ENST00000521198.2	922	2548	1666	2924
SGK3_-_67687499.23-ENST00000396596.1,ENST00000522398.1	2733	9203	1349	9
SGK3_-_67687510.23-ENST00000396596.1,ENST00000522398.1	0	0	294	0
SGK3_-_67687513.23-ENST00000396596.1,ENST00000522398.1	1228	1	1289	1512
SGK3_-_67687752.23-ENST00000396596.1,ENST00000522398.1	0	0	201	0
SGK3_-_67705861.23-ENST00000345714.4	0	1	207	705
SGK3_-_67705911.23-ENST00000345714.4	1661	1	0	2
SGK3_-_67706001.23-ENST00000345714.4	1534	585	939	1
SGK3_-_67706236.23-ENST00000345714.4	1442	1	1368	0
SGK494_+_26940759.23-P1P2	2	0	1073	1823
SGK494_+_26941121.23-P1P2	1932	2	328	752
SGK494_+_26941152.23-P1P2	4156	5175	2449	4
SGK494_+_26941158.23-P1P2	0	0	389	0
SGK494_+_26941194.23-P1P2	0	0	339	0
SGPL1_+_72575692.23-P1P2	344	1	1668	2067
SGPL1_+_72576116.23-P1P2	3339	1	1531	3
SGPL1_+_72576137.23-P1P2	3598	2786	2044	2020
SGPL1_-_72575755.23-P1P2	827	5314	1503	3222
SGPL1_-_72576216.23-P1P2	1	1	992	0
SGPP1_+_64194704.23-P1P2	5	2580	1835	3
SGPP1_+_64194760.23-P1P2	2	1	1237	1846
SGPP1_+_64194764.23-P1P2	4367	9	2816	3583
SGPP1_+_64194774.23-P1P2	912	3491	1994	793
SGPP1_-_64194767.23-P1P2	2257	2	1069	1863
SH3KBP1_+_19905629.23-P1P2	3383	4	2311	4068
SH3KBP1_+_19905685.23-P1P2	875	0	1543	1
SH3KBP1_-_19905255.23-P1P2	1341	7156	1397	3
SH3KBP1_-_19905277.23-P1P2	1345	1	260	0
SH3KBP1_-_19905471.23-P1P2	0	2	1353	985
SHARPIN_+_145158677.23-P1P2	4372	5326	1495	3298
SHARPIN_-_145158289.23-P1P2	2653	0	687	1
SHARPIN_-_145158579.23-P1P2	1230	6	1405	1
SHARPIN_-_145158606.23-P1P2	1099	0	2277	2302
SHARPIN_-_145158621.23-P1P2	1414	974	923	1
SHMT1_+_18266268.23-P1P2	799	3871	305	1619
SHMT1_+_18266463.23-P1P2	1094	0	1433	2
SHMT1_+_18266657.23-P1P2	1428	2914	1106	3039
SHMT1_-_18266401.23-P1P2	2665	0	1039	2
SHMT1_-_18266618.23-P1P2	2788	1	1584	1428
SHMT2_+_57623513.23-P1P2	1	0	1	1635
SHMT2_+_57623923.23-P1P2	893	5	920	1362
SHMT2_+_57624167.23-P1P2	0	1	1302	1
SHMT2_-_57623529.23-P1P2	3392	3368	1727	1
SHMT2_-_57623532.23-P1P2	1	0	566	0
SHPK_+_3539475.23-P1P2	4588	6	1985	1653
SHPK_+_3539487.23-P1P2	1198	1	2171	3352
SHPK_+_3539509.23-P1P2	8	2105	1242	2665
SHPK_+_3539518.23-P1P2	2	2	1574	3025
SHPK_+_3539553.23-P1P2	1894	0	628	1612
SIGLEC1_+_3687427.23-P1P2	385	0	812	0
SIGLEC1_+_3687496.23-P1P2	1150	1	1791	429
SIGLEC1_+_3687508.23-P1P2	0	0	536	1
SIGLEC1_-_3687573.23-P1P2	0	0	176	0
SIGLEC1_-_3687813.23-P1P2	1114	5178	93	1568
SIGLEC7_+_51645723.23-P1P2	991	2	799	0
SIGLEC7_+_51645963.23-P1P2	2	0	207	1600
SIGLEC7_-_51645741.23-P1P2	2646	0	2570	3
SIGLEC7_-_51645847.23-P1P2	1455	1	275	0
SIGLEC7_-_51645851.23-P1P2	1743	2	769	1834
SIGMAR1_+_34637367.23-P1P2	3808	8	1501	3518
SIGMAR1_+_34637739.23-P1P2	3909	6	2503	1071
SIGMAR1_+_34637779.23-P1P2	868	1	539	0
SIGMAR1_-_34637242.23-P1P2	0	0	0	0
SIGMAR1_-_34637345.23-P1P2	2607	9287	812	1661
SIK1_+_44846560.23-P1P2	3761	5904	1911	1745
SIK1_+_44846607.23-P1P2	0	0	973	0
SIK1_+_44846934.23-P1P2	4023	1	1310	2
SIK1_+_44847002.23-P1P2	567	4	1619	1778
SIK1_-_44846966.23-P1P2	1131	1	1135	0
SIK2_+_111473263.23-P1P2	0	0	715	0
SIK2_-_111473134.23-P1P2	0	3	3470	1766
SIK2_-_111473357.23-P1P2	1	0	372	1
SIK2_-_111473372.23-P1P2	2270	6595	1982	3398
SIK2_-_111473540.23-P1P2	1	1	1525	1683
SIK3_+_116968685.23-P1P2	0	0	357	0
SIK3_+_116968907.23-P1P2	1	1610	2334	0
SIK3_+_116968913.23-P1P2	1694	1	2259	1
SIK3_+_116969124.23-P1P2	0	0	107	0
SIK3_-_116968953.23-P1P2	4460	5	1998	4
SIRPA_+_1875667.23-P1P2	1036	2	2550	1771
SIRPA_+_1876008.23-P1P2	2723	6	1925	5602
SIRPA_+_1876041.23-P1P2	4387	2	2324	1863
SIRPA_+_1876462.23-P1P2	1986	2	3627	1950
SIRPA_+_1876526.23-P1P2	3	1	537	967
SIRPD_+_1538325.23-P1P2	1088	1	331	0
SIRPD_+_1538338.23-P1P2	3063	2980	735	3818
SIRPD_+_1538348.23-P1P2	4	5101	920	2
SIRPD_-_1538262.23-P1P2	15	16040	1175	7
SIRPD_-_1538303.23-P1P2	4	2823	805	1
SIRT3_-_235923.23-P1P2	0	0	568	0
SIRT3_-_235976.23-P1P2	4063	4267	1471	2
SIRT3_-_236305.23-P1P2	2771	5252	2967	1990
SIRT3_-_236754.23-P1P2	1	0	142	2019
SIRT3_-_236847.23-P1P2	1332	3	707	1
SI_+_164796208.23-P1P2	0	0	149	0
SI_+_164796255.23-P1P2	3991	4	968	1
SI_-_164796264.23-P1P2	1863	0	655	0
SI_-_164796270.23-P1P2	3907	3	282	1
SI_-_164796291.23-P1P2	1569	3	643	1
SKP1_+_133512375.23-P1P2	0	0	0	0
SKP1_+_133512521.23-P1P2	560	3	1631	7575
SKP1_-_133512401.23-P1P2	0	0	227	0
SKP1_-_133512593.23-P1P2	4382	6	2659	3311
SKP1_-_133512608.23-P1P2	0	0	0	0
SKP2_+_36152259.23-P1P2	2205	2335	2065	2039
SKP2_+_36152621.23-P1P2	5	5118	618	4
SKP2_-_36152222.23-P1P2	2654	6385	927	2700
SKP2_-_36152306.23-P1P2	1074	5367	1512	1
SKP2_-_36152309.23-P1P2	2255	5	1441	2424
SLC12A1_+_48483849.23-P2	19	0	463	0
SLC12A1_+_48483912.23-P2	3333	4	652	4
SLC12A1_+_48483918.23-P2	37	0	741	0
SLC12A1_+_48484258.23-P2	5824	7986	3373	759
SLC12A1_+_48498465.23-P1	2368	2	941	3815
SLC12A1_+_48498504.23-P1	0	0	302	0
SLC12A1_+_48498519.23-P1	0	0	135	0
SLC12A1_-_48483917.23-P2	615	3244	1165	1999
SLC12A1_-_48498516.23-P1	1431	5962	680	1
SLC12A1_-_48498605.23-P1	1244	1	176	3
SLC12A2_+_127419487.23-P1P2	3544	7471	2395	1371
SLC12A2_+_127419680.23-P1P2	724	2024	1384	1228
SLC12A2_+_127419772.23-P1P2	2751	4974	2240	1973
SLC12A2_-_127419157.23-P1P2	2748	18695	3254	1143
SLC12A2_-_127419495.23-P1P2	1137	3	1065	3586
SLC12A3_+_56899159.23-P1P2	5372	4310	2986	4880
SLC12A3_+_56899174.23-P1P2	3246	3131	2783	0
SLC12A3_+_56899184.23-P1P2	2594	2452	3398	3892
SLC12A3_+_56899521.23-P1P2	3315	3	932	1412
SLC12A3_-_56899179.23-P1P2	1	4	2333	1246
SLC12A4_+_68000197.23-P2	4704	2	2414	1786
SLC12A4_+_68000214.23-P2	3970	6	467	1740
SLC12A4_+_68000345.23-P2	1	1	1477	0
SLC12A4_+_68002091.23-P1	0	2	534	0
SLC12A4_+_68002547.23-P1	0	0	420	0
SLC12A4_-_68000659.23-P2	1615	1	1911	2055
SLC12A4_-_68000698.23-P2	1	0	684	0
SLC12A4_-_68002110.23-P1	1270	0	792	1
SLC12A4_-_68002434.23-P1	786	1	3803	2437
SLC12A4_-_68002462.23-P1	4	1	1435	0
SLC12A5_+_44650330.23-P1	1	0	572	1
SLC12A5_+_44650334.23-P1	0	0	0	0
SLC12A5_+_44650352.23-P1	23	4911	2003	444
SLC12A5_+_44650365.23-P1	295	2	1507	0
SLC12A5_+_44657866.23-P2	2275	3	1451	3
SLC12A5_+_44658268.23-P2	3318	6	2520	1836
SLC12A5_-_44650525.23-P1	1689	7	1329	3928
SLC12A5_-_44657914.23-P2	1	2858	162	0
SLC12A5_-_44657932.23-P2	2653	1	1309	1800
SLC12A5_-_44658309.23-P2	1	3	396	907
SLC12A6_+_34610517.23-P1	0	0	83	0
SLC12A6_+_34610922.23-P1	2833	1	1366	2038
SLC12A6_+_34610943.23-P1	1360	0	1093	0
SLC12A6_+_34629770.23-P2	1640	3	686	3479
SLC12A6_+_34630130.23-P2	0	0	0	0
SLC12A6_+_34630144.23-P2	1495	0	0	2
SLC12A6_-_34610620.23-P1	0	2669	871	0
SLC12A6_-_34610999.23-P1	256	0	1300	1
SLC12A6_-_34629888.23-P2	1248	1	3057	2
SLC12A6_-_34630182.23-P2	2	1	2069	0
SLC12A7_+_1111744.23-P1P2	3	1	1600	1837
SLC12A7_+_1111766.23-P1P2	1074	4	2530	3145
SLC12A7_+_1112118.23-P1P2	1	1	1452	0
SLC12A7_-_1112081.23-P1P2	3984	7	2202	4
SLC12A7_-_1112102.23-P1P2	2	2	1398	1440
SLC13A1_+_122839639.23-P1P2	3	2	1437	1056
SLC13A1_-_122839554.23-P1P2	3174	2	530	1701
SLC13A1_-_122839558.23-P1P2	0	0	507	0
SLC13A1_-_122839921.23-P1P2	1	0	2109	0
SLC13A1_-_122839927.23-P1P2	4633	643	773	1152
SLC13A2_+_26800672.23-P1P2	1	0	547	0
SLC13A2_+_26800749.23-P1P2	3	2	900	1612
SLC13A2_+_26801133.23-P1P2	1155	2114	1720	6457
SLC13A2_+_26801144.23-P1P2	1	3	1063	1750
SLC13A2_+_26801153.23-P1P2	558	5	1791	1751
SLC13A3_+_45280053.23-P1P2	2662	5	2838	5853
SLC13A3_+_45280056.23-P1P2	2063	1	3816	1585
SLC13A3_-_45279824.23-P1P2	2991	3	2666	3054
SLC13A3_-_45279975.23-P1P2	1683	2	1390	1831
SLC13A3_-_45280083.23-P1P2	914	2828	2030	5
SLC16A1_+_113478527.23-P2	1091	1	1664	0
SLC16A1_+_113478552.23-P2	2	1	974	2000
SLC16A1_+_113498757.23-P1	2665	2	693	1
SLC16A1_+_113498772.23-P1	2	3	1555	0
SLC16A1_+_113498778.23-P1	4159	7900	1782	3
SLC16A1_+_113498791.23-P1	0	0	1330	913
SLC16A1_-_113478273.23-P2	1835	1	598	0
SLC16A1_-_113478612.23-P2	0	0	0	0
SLC16A1_-_113478654.23-P2	2	5510	2	1
SLC16A1_-_113498857.23-P1	1460	3374	2279	2
SLC16A2_+_73640768.23-P1P2	9	3005	2137	677
SLC16A2_+_73641544.23-P1P2	884	6693	1624	4
SLC16A2_+_73641712.23-P1P2	1153	4241	3754	3297
SLC16A2_+_73641791.23-P1P2	1320	7	2081	1908
SLC16A2_-_73641731.23-P1P2	1880	3	872	1072
SLC16A3_+_80187376.23-P1P2	1420	0	1334	0
SLC16A3_+_80187380.23-P1P2	0	0	562	1
SLC16A3_-_80186288.23-P1P2	3854	4	1678	3461
SLC16A3_-_80186928.23-P1P2	1678	0	1080	0
SLC16A3_-_80187314.23-P1P2	4507	7	2981	2904
SLC16A4_+_110933139.23-P1P2	0	2	1	1690
SLC16A4_+_110933229.23-P1P2	1326	1694	918	0
SLC16A4_+_110933631.23-P1P2	1	0	788	1759
SLC16A4_-_110933396.23-P1P2	1571	0	197	0
SLC16A4_-_110933639.23-P1P2	2868	3	419	1
SLC16A5_+_73084113.23-P1P2	10	1	855	7058
SLC16A5_+_73084285.23-P1P2	1	1	713	0
SLC16A5_-_73084264.23-P1P2	0	0	0	0
SLC16A5_-_73084461.23-P1P2	4179	2	2844	1962
SLC16A5_-_73084495.23-P1P2	1188	4761	1478	3367
SLC16A6_+_66286815.23-P1P2	5522	2339	950	4
SLC16A6_+_66287127.23-P1P2	1	1	1006	0
SLC16A6_+_66287263.23-P1P2	1184	3	850	1806
SLC16A6_+_66287286.23-P1P2	919	0	141	0
SLC16A6_-_66286812.23-P1P2	1	0	139	0
SLC16A7_+_59990162.23-P1P2	12	5060	2126	3531
SLC16A7_-_59989906.23-P1P2	1386	4717	784	2725
SLC16A7_-_59990082.23-P1P2	0	0	825	0
SLC16A7_-_59990273.23-P1P2	0	0	0	0
SLC16A7_-_59990406.23-P1P2	4001	4	2698	3680
SLC16A8_+_38479702.23-P1P2	0	0	134	0
SLC16A8_+_38479814.23-P1P2	3831	1	1258	3
SLC16A8_+_38479879.23-P1P2	0	1	1047	0
SLC16A8_-_38478943.23-P1P2	1537	0	1015	2
SLC16A8_-_38480095.23-P1P2	1	1	446	845
SLC18A1_+_20040178.23-P1P2	3	5474	150	2165
SLC18A1_+_20040572.23-P1P2	1723	1	721	2
SLC18A1_+_20040580.23-P1P2	2655	1	604	0
SLC18A1_-_20040184.23-P1P2	7	5204	1285	5
SLC18A1_-_20040614.23-P1P2	3103	1799	271	3857
SLC18A2_+_119000666.23-P1P2	5045	3	2091	0
SLC18A2_+_119001112.23-P1P2	1579	0	2177	5
SLC18A2_-_119000662.23-P1P2	1187	3196	2282	1797
SLC18A2_-_119000674.23-P1P2	4085	2903	2067	2351
SLC18A2_-_119000707.23-P1P2	1212	1	382	1
SLC19A2_+_169454745.23-P1P2	12	5130	748	1804
SLC19A2_+_169455154.23-P1P2	2263	4	667	2044
SLC19A2_+_169455167.23-P1P2	1624	2	1220	5025
SLC19A2_+_169455177.23-P1P2	4437	1477	1695	6
SLC19A2_-_169455185.23-P1P2	0	0	65	0
SLC19A3_+_228582681.23-P1P2	585	1	860	3
SLC19A3_+_228582697.23-P1P2	2326	4921	2873	1191
SLC19A3_-_228582383.23-P1P2	1398	1	478	1644
SLC19A3_-_228582668.23-P1P2	0	0	480	0
SLC19A3_-_228582749.23-P1P2	2179	0	802	0
SLC1A1_+_4490573.23-P1P2	3	0	1776	0
SLC1A1_+_4490877.23-P1P2	1411	3	1074	1887
SLC1A1_-_4490518.23-P1P2	5588	4215	1808	5110
SLC1A1_-_4490670.23-P1P2	1	0	355	0
SLC1A1_-_4490847.23-P1P2	1326	1	563	1
SLC1A2_+_35440631.23-P1P2	2	0	874	222
SLC1A2_+_35440634.23-P1P2	1647	0	1533	0
SLC1A2_+_35440646.23-P1P2	2675	4	1377	4
SLC1A2_+_35441046.23-P1P2	0	0	768	0
SLC1A2_-_35440725.23-P1P2	4744	5	1823	3
SLC1A3_+_36606734.23-P1	2121	4488	2409	6594
SLC1A3_+_36606767.23-P1	0	0	751	0
SLC1A3_+_36607166.23-P1	1	1	1367	1810
SLC1A3_+_36608348.23-P2	1	2	272	1371
SLC1A3_+_36608387.23-P2	0	0	73	0
SLC1A3_+_36608766.23-P2	2195	0	866	1
SLC1A3_-_36606936.23-P1	5	4719	1068	0
SLC1A3_-_36607116.23-P1	1	0	1039	0
SLC1A3_-_36608368.23-P2	1586	1	2553	1813
SLC1A3_-_36608560.23-P2	0	0	244	0
SLC1A4_+_65215738.23-P1P2	1303	1	877	1
SLC1A4_+_65216520.23-P1P2	3052	5698	1337	1884
SLC1A4_+_65216740.23-P1P2	3700	2557	2846	4
SLC1A4_+_65216746.23-P1P2	1687	0	2396	0
SLC1A4_-_65216546.23-P1P2	1395	2	1321	1920
SLC1A5_+_47287944.23-P2	16	0	1049	1888
SLC1A5_+_47288025.23-P2	6554	2888	1671	4
SLC1A5_+_47291829.23-P1	1183	5761	3571	1670
SLC1A5_-_47287974.23-P2	4540	2781	2942	1827
SLC1A5_-_47288007.23-P2	1526	0	2554	2
SLC1A5_-_47288033.23-P2	7	5357	972	3
SLC1A5_-_47291608.23-P1	595	1	959	769
SLC1A5_-_47291784.23-P1	902	3688	1442	1576
SLC1A5_-_47291800.23-P1	10	4168	1427	4050
SLC1A5_-_47291808.23-P1	1456	1	1152	1
SLC1A6_-_15090161.23-P1P2	1598	1110	801	1152
SLC1A6_-_15090475.23-P1P2	1	2115	940	1560
SLC1A6_-_15090481.23-P1P2	763	0	1123	0
SLC1A6_-_15090509.23-P1P2	1030	4925	2031	1562
SLC1A6_-_15090514.23-P1P2	1174	3	2381	1
SLC1A7_+_53607936.23-P1P2	858	127	1747	4
SLC1A7_+_53608281.23-P1P2	2200	6056	1643	1829
SLC1A7_-_53608028.23-P1P2	0	1	936	0
SLC1A7_-_53608263.23-P1P2	11203	4	1635	1807
SLC1A7_-_53608290.23-P1P2	1125	1	1862	714
SLC22A11_+_64323147.23-P1P2	318	3	917	0
SLC22A11_+_64323847.23-P1P2	4816	1	1686	2907
SLC22A11_+_64323882.23-P1P2	2	1	585	3821
SLC22A11_-_64323437.23-P1P2	0	0	519	1
SLC22A11_-_64323801.23-P1P2	3142	1	1322	799
SLC22A4_+_131630131.23-P1P2	2	3	1223	2644
SLC22A4_+_131630151.23-P1P2	1404	3214	1083	1630
SLC22A4_+_131630452.23-P1P2	4910	2	2424	1284
SLC22A4_-_131630098.23-P1P2	2	1	888	3655
SLC22A4_-_131630297.23-P1P2	1681	1524	1587	1
SLC22A5_+_131705454.23-P1P2	0	3	1667	0
SLC22A5_+_131705460.23-P1P2	2137	3	2248	3716
SLC22A5_+_131705464.23-P1P2	2473	0	1935	1926
SLC22A5_+_131705776.23-P1P2	1467	1	926	64
SLC22A5_-_131705498.23-P1P2	1554	3153	2198	1427
SLC22A6_+_62751976.23-P1P2	1784	6	1918	2
SLC22A6_+_62752206.23-P1P2	1372	3121	858	2
SLC22A6_+_62752351.23-P1P2	1526	1207	697	1757
SLC22A6_-_62751928.23-P1P2	730	3033	1196	1917
SLC22A6_-_62752460.23-P1P2	3199	2	348	0
SLC22A8_+_62783251.23-P1P2	1358	6	628	3180
SLC22A8_-_62782889.23-P1P2	0	2	271	768
SLC22A8_-_62783111.23-P1P2	3	1	1432	1652
SLC22A8_-_62783227.23-P1P2	3633	2928	1813	797
SLC22A8_-_62783290.23-P1P2	13	4582	571	3693
SLC23A1_+_138718508.23-P1P2	12	1	721	5996
SLC23A1_+_138718916.23-P1P2	1430	5650	1195	2
SLC23A1_+_138718935.23-P1P2	16	5432	1084	2141
SLC23A1_-_138718586.23-P1P2	0	0	414	1
SLC23A1_-_138718981.23-P1P2	3	4531	1305	3698
SLC25A10_+_79670445.23-P1P2	2182	1	318	894
SLC25A10_+_79670494.23-P1P2	0	0	142	0
SLC25A10_-_79670475.23-P1P2	1226	0	649	174
SLC25A10_-_79670688.23-P1P2	0	0	94	0
SLC25A10_-_79670886.23-P1P2	807	2004	2060	1766
SLC25A12_+_172750283.23-P1P2	0	0	91	0
SLC25A12_+_172750360.23-P1P2	0	0	900	0
SLC25A12_+_172750711.23-P1P2	3262	3	1903	5316
SLC25A12_+_172750720.23-P1P2	1691	4347	3887	5012
SLC25A12_+_172750738.23-P1P2	1447	2	2608	4
SLC25A13_+_95950956.23-P1P2	5337	1	1063	1
SLC25A13_-_95951309.23-P1P2	3176	2	2516	3
SLC25A13_-_95951335.23-P1P2	3237	4	1659	0
SLC25A13_-_95951352.23-P1P2	4546	6114	858	2726
SLC25A13_-_95951355.23-P1P2	4	1	607	2601
SLC25A15_+_41363705.23-P1P2	3088	4	1415	3323
SLC25A15_+_41363767.23-P1P2	4	8453	1094	3027
SLC25A15_-_41363758.23-P1P2	2303	3163	2222	3
SLC25A15_-_41363761.23-P1P2	688	1	1353	0
SLC25A15_-_41364180.23-P1P2	3431	1938	755	2789
SLC25A18_+_18043228.23-P1P2	1	1	635	1703
SLC25A18_+_18043431.23-P1P2	3464	3	557	1667
SLC25A18_+_18043621.23-P1P2	0	0	857	0
SLC25A18_-_18043219.23-P1P2	2	2770	1179	2
SLC25A18_-_18043604.23-P1P2	7	6496	1286	3
SLC25A20_+_48935934.23-P1P2	3	1	1206	2015
SLC25A20_+_48935995.23-P1P2	0	1	361	0
SLC25A20_+_48936025.23-P1P2	0	0	0	0
SLC25A20_+_48936316.23-P1P2	0	2	603	1656
SLC25A20_-_48935919.23-P1P2	1	0	253	0
SLC25A22_+_797857.23-P1P2	1422	2	685	1199
SLC25A22_+_797860.23-P1P2	1429	1922	1893	2
SLC25A22_+_798051.23-P1P2	2573	3187	1914	2637
SLC25A22_-_798194.23-P1P2	2001	7777	1229	1087
SLC25A22_-_798278.23-P1P2	3952	1484	3427	4511
SLC25A29_+_100772343.23-P1P2	5	2166	1835	3593
SLC25A29_+_100772379.23-P1P2	2743	2370	2089	2017
SLC25A29_-_100772412.23-P1P2	1759	2	1122	1962
SLC25A29_-_100772719.23-P1P2	3363	11265	1963	2261
SLC25A29_-_100772767.23-P1P2	1434	1	931	0
SLC25A2_+_140683235.23-P1P2	0	0	7	0
SLC25A2_+_140683351.23-P1P2	3096	0	1303	1
SLC25A2_+_140683592.23-P1P2	7	5114	1206	1370
SLC25A2_+_140683600.23-P1P2	3079	3471	1176	1066
SLC25A2_-_140683588.23-P1P2	1	0	1396	0
SLC25A4_+_186064885.23-P1P2	851	2	2315	1543
SLC25A4_-_186064440.23-P1P2	2918	9630	1247	3134
SLC25A4_-_186064446.23-P1P2	2	0	806	1
SLC25A4_-_186064476.23-P1P2	4551	2	1544	3
SLC25A4_-_186064492.23-P1P2	4122	10462	2296	4868
SLC25A5_+_118602439.23-P1P2	1	1	794	0
SLC25A5_+_118602445.23-P1P2	11	2472	2492	1851
SLC25A5_-_118602796.23-P1P2	682	1	870	1
SLC25A5_-_118602803.23-P1P2	3321	2203	1084	4
SLC25A5_-_118602838.23-P1P2	0	1	2068	1
SLC25A6_+_1508042.23-P2	2	0	2008	1
SLC25A6_+_1508096.23-P2	869	6	1391	5621
SLC25A6_+_1508123.23-P2	2362	2391	533	1
SLC25A6_+_1510986.23-P1	548	1185	627	1
SLC25A6_-_1508485.23-P2	2	0	728	0
SLC25A6_-_1508504.23-P2	1479	4	2080	1989
SLC25A6_-_1510526.23-P1	2	2659	1328	1
SLC25A6_-_1510946.23-P1	2168	7383	1724	1626
SLC25A6_-_1510951.23-P1	2520	3175	2016	1944
SLC25A6_-_1511005.23-P1	6100	4	1137	3
SLC29A1_+_44191710.23-P1	3929	5538	3130	8
SLC29A1_+_44191715.23-P1	550	4701	2395	3215
SLC29A1_-_44187378.23-P2	1962	3334	1910	1023
SLC29A1_-_44187438.23-P2	467	1373	754	0
SLC29A1_-_44187454.23-P2	4	3091	882	2
SLC29A1_-_44187764.23-P2	1006	5291	1640	1854
SLC29A1_-_44187768.23-P2	1709	4	642	0
SLC29A1_-_44191323.23-P1	975	3910	2168	1896
SLC29A1_-_44191358.23-P1	2797	8196	3232	521
SLC29A1_-_44191745.23-P1	2852	8362	1076	2135
SLC2A2_+_170744475.23-P1P2	501	2	604	1
SLC2A2_+_170744514.23-P1P2	2	0	413	0
SLC2A2_+_170744525.23-P1P2	675	6047	855	3
SLC2A2_+_170744529.23-P1P2	2899	418	1462	3653
SLC2A2_-_170744470.23-P1P2	4	0	432	0
SLC32A1_+_37352873.23-P1P2	1171	0	503	1
SLC32A1_+_37352942.23-P1P2	1249	1	1399	1
SLC32A1_+_37353184.23-P1P2	1	2	1008	0
SLC32A1_-_37353487.23-P1P2	4182	3	616	2
SLC32A1_-_37353566.23-P1P2	809	0	429	0
SLC36A1_+_150838225.23-P2	0	0	142	0
SLC36A1_+_150838660.23-P2	0	1	307	1691
SLC36A1_-_150827177.23-P1	0	0	1177	3
SLC36A1_-_150827197.23-P1	1370	1	1394	1
SLC36A1_-_150827206.23-P1	0	0	1190	2
SLC36A1_-_150827230.23-P1	1	1865	1162	1
SLC36A1_-_150827233.23-P1	1328	6020	895	2102
SLC36A1_-_150838296.23-P2	0	0	338	0
SLC36A1_-_150838431.23-P2	1508	3	1353	2007
SLC36A1_-_150838671.23-P2	3631	4	1865	0
SLC38A3_+_50242755.23-P1P2	9	2	2356	5313
SLC38A3_-_50242741.23-P1P2	3875	3	1591	1
SLC38A3_-_50242750.23-P1P2	4384	1642	2582	4
SLC38A3_-_50243132.23-P1P2	4029	5	1705	2790
SLC38A3_-_50243156.23-P1P2	1381	2327	755	3171
SLC3A1_-_44502646.23-P1P2	834	3	1431	2124
SLC3A1_-_44502667.23-P1P2	3040	2812	823	2526
SLC3A1_-_44502677.23-P1P2	2	3	761	1875
SLC3A1_-_44502855.23-P1P2	2398	3915	2335	2350
SLC3A1_-_44503027.23-P1P2	1	0	1650	2
SLC5A6_+_27434464.23-P1P2	5	1	1294	2798
SLC5A6_+_27434733.23-P1P2	4747	5310	3177	9
SLC5A6_+_27434770.23-P1P2	1841	2	736	1
SLC5A6_-_27434615.23-P1P2	1593	0	1538	0
SLC5A6_-_27434788.23-P1P2	12	4203	3125	3205
SLC6A14_-_115567792.23-P1P2	1	0	909	1340
SLC6A14_-_115567798.23-P1P2	4	0	628	1790
SLC6A14_-_115567847.23-P1P2	1319	2	1386	3
SLC6A14_-_115567852.23-P1P2	854	1408	1736	3
SLC6A14_-_115567880.23-P1P2	1422	1501	846	1
SLC6A1_+_11034491.23-P1P2	2615	4	1440	0
SLC6A1_-_11034625.23-P1P2	1319	2	887	3574
SLC6A1_-_11034784.23-P1P2	2	0	1259	0
SLC6A1_-_11034841.23-P1P2	1598	0	1611	0
SLC6A1_-_11034915.23-P1P2	3	1	1379	1
SLC6A2_+_55690003.23-P1P2	1147	0	1367	1
SLC6A2_+_55690547.23-P1P2	2869	2884	3341	1770
SLC6A2_-_55689983.23-P1P2	2192	2140	2358	1
SLC6A2_-_55690060.23-P1P2	2987	3	1275	1684
SLC6A2_-_55690490.23-P1P2	11	5578	2101	1263
SLC6A3_+_1445204.23-P1P2	6	0	884	4219
SLC6A3_+_1445502.23-P1P2	306	0	1615	0
SLC6A3_-_1445063.23-P1P2	0	1	1253	0
SLC6A3_-_1445118.23-P1P2	1023	5013	1693	1
SLC6A3_-_1445300.23-P1P2	6930	4917	3039	5904
SLC6A4_+_28562493.23-P1P2	2347	2426	1996	3865
SLC6A4_+_28562686.23-P1P2	2399	4	1900	4459
SLC6A4_-_28562610.23-P1P2	2156	1	625	2
SLC6A4_-_28562623.23-P1P2	0	0	580	355
SLC6A4_-_28562704.23-P1P2	2530	4845	2634	1942
SLC6A5_+_20621183.23-P1P2	2	3227	915	593
SLC6A5_+_20621190.23-P1P2	914	4445	2318	4
SLC6A5_+_20621493.23-P1P2	3629	2089	1088	2
SLC6A5_-_20621527.23-P1P2	3973	3	474	1057
SLC6A5_-_20621634.23-P1P2	1	0	693	1
SLC6A7_+_149569837.23-P1P2	1	0	268	0
SLC6A7_+_149570018.23-P1P2	2405	3	2292	1128
SLC6A7_-_149569705.23-P1P2	2275	2	2600	4
SLC6A7_-_149570069.23-P1P2	0	0	354	0
SLC6A7_-_149570072.23-P1P2	1823	1	276	2
SLC6A8_+_152953523.23-P1P2	2650	2239	1176	5
SLC6A8_+_152953978.23-P1P2	2216	3	3980	0
SLC6A8_-_152953397.23-P1P2	4	3465	687	1
SLC6A8_-_152953407.23-P1P2	3348	5487	649	4115
SLC6A8_-_152953471.23-P1P2	2	0	827	0
SLC6A9_+_44496903.23-P1P2	1673	6	1786	1
SLC6A9_+_44496971.23-P1P2	1384	2	777	1653
SLC6A9_+_44496990.23-P1P2	1267	7813	1851	5
SLC6A9_+_44497105.23-P1P2	1216	3	1231	1793
SLC6A9_-_44497020.23-P1P2	789	0	875	3415
SLC7A11_+_139163002.23-P1P2	651	4601	368	1
SLC7A11_+_139163382.23-P1P2	600	1	1325	1772
SLC7A11_+_139163446.23-P1P2	2765	0	771	1812
SLC7A11_+_139163449.23-P1P2	1787	0	1309	1
SLC7A11_+_139163486.23-P1P2	2543	1	1221	1778
SLC7A1_+_30169732.23-P1P2	1	1	850	1595
SLC7A1_-_30169339.23-P1P2	0	0	239	0
SLC7A1_-_30169354.23-P1P2	1698	4730	2863	3635
SLC7A1_-_30169565.23-P1P2	1604	1482	5953	1749
SLC7A1_-_30169779.23-P1P2	3654	1738	1979	4929
SLC7A2_+_17355010.23-P1P2	5	2653	1405	2602
SLC7A2_+_17355040.23-P1P2	2820	4	1271	1
SLC7A2_-_17354635.23-P1P2	0	2	1798	1882
SLC7A2_-_17354649.23-P1P2	12	4794	776	6778
SLC7A2_-_17354864.23-P1P2	1602	5226	1333	2
SLC7A3_+_70150891.23-P1P2	5	3	1196	3694
SLC7A3_+_70150910.23-P1P2	1381	1	1086	1395
SLC7A3_-_70150870.23-P1P2	2901	1	1633	2
SLC7A3_-_70150880.23-P1P2	1	0	1507	0
SLC7A3_-_70150900.23-P1P2	1068	5998	1956	1817
SLC7A4_+_21386392.23-P1P2	1638	3	1113	1951
SLC7A4_+_21386834.23-P1P2	3298	3	1439	2
SLC7A4_+_21386840.23-P1P2	0	0	1482	0
SLC7A4_-_21386412.23-P1P2	0	1	59	0
SLC7A4_-_21386596.23-P1P2	2	5474	1504	4
SLC7A8_+_23652457.23-P1P2	4	1	1536	1965
SLC7A8_+_23652805.23-P1P2	1446	1	884	0
SLC7A8_+_23652828.23-P1P2	0	0	533	0
SLC7A8_+_23652834.23-P1P2	3661	1	311	2
SLC7A8_-_23652854.23-P1P2	1	1	887	0
SLC7A9_+_33360594.23-P1P2	2903	3	1546	0
SLC7A9_+_33360628.23-P1P2	1145	5	1394	3304
SLC7A9_+_33360637.23-P1P2	685	4854	1099	1270
SLC7A9_+_33360640.23-P1P2	2	4953	559	0
SLC7A9_+_33360646.23-P1P2	3080	4	1446	2020
SLC8A1_+_40678789.23-P1	7	4045	812	3374
SLC8A1_+_40679071.23-P1	1	0	1213	0
SLC8A1_+_40739483.23-P2	231	6	1036	3936
SLC8A1_+_40739487.23-P2	1080	0	900	1
SLC8A1_-_40679142.23-P1	0	0	493	0
SLC8A1_-_40679162.23-P1	0	2	581	1732
SLC8A1_-_40679182.23-P1	8	1	2107	4189
SLC8A1_-_40739158.23-P2	1324	5357	415	2
SLC8A1_-_40739316.23-P2	3	2830	1062	2
SLC8A1_-_40739521.23-P2	5233	7	2381	3895
SLC9A1_+_27481273.23-P1P2	1025	1	1002	1
SLC9A1_-_27481140.23-P1P2	2225	2	857	1
SLC9A1_-_27481162.23-P1P2	0	1443	300	0
SLC9A1_-_27481359.23-P1P2	4017	5696	1909	2052
SLC9A1_-_27481416.23-P1P2	1853	11456	1736	5135
SLCO2B1_+_74862217.23-P1P2	1	0	1009	2
SLCO2B1_-_74862138.23-P1P2	4018	7	2560	5472
SLCO2B1_-_74862532.23-P1P2	1828	5	1283	1582
SLCO2B1_-_74862537.23-P1P2	1202	5019	1005	1988
SLCO2B1_-_74862558.23-P1P2	1745	2	874	0
SLK_+_105726970.23-P1P2	3309	1	1142	6966
SLK_-_105726938.23-P1P2	2838	5485	2485	2088
SLK_-_105726964.23-P1P2	0	0	0	0
SLK_-_105726985.23-P1P2	3073	2	2674	3
SLK_-_105727036.23-P1P2	1279	0	893	0
SMG1_+_18937054.23-P1P2	2682	6519	2604	4
SMG1_+_18937155.23-P1P2	676	5	1899	3283
SMG1_+_18937294.23-P1P2	766	0	684	7
SMG1_-_18937299.23-P1P2	4824	6	2149	5553
SMG1_-_18937307.23-P1P2	1021	5	813	3782
SMOX_+_4129500.23-P1P2	1748	4477	2485	101
SMOX_+_4129946.23-P1P2	3586	6	3714	4130
SMOX_-_4129508.23-P1P2	3012	7	3352	3374
SMOX_-_4129514.23-P1P2	1474	11774	3732	3166
SMOX_-_4129517.23-P1P2	1337	2846	1858	2794
SMPD1_+_6411694.23-P1P2	624	2374	2028	0
SMPD1_+_6411907.23-P1P2	1501	1	1362	2
SMPD1_+_6412123.23-P1P2	901	1	862	1885
SMPD1_-_6411725.23-P1P2	2031	1	1040	1461
SMPD1_-_6411732.23-P1P2	0	0	1564	2
SMPD4_+_130939639.23-P1P2	0	0	83	0
SMPD4_+_130939645.23-P1P2	996	6077	1944	3421
SMPD4_-_130938950.23-P1P2	1838	4	2442	1880
SMPD4_-_130939137.23-P1P2	2	1	784	3156
SMPD4_-_130939619.23-P1P2	2121	4591	1577	1
SMS_+_21958791.23-P1P2	2715	5304	936	2585
SMS_+_21958820.23-P1P2	3435	3	1083	1692
SMS_+_21958838.23-P1P2	2972	3	2456	6
SMS_+_21959263.23-P1P2	0	0	185	0
SMS_+_21959308.23-P1P2	3	2	1841	3273
SNAP23_+_42787858.23-P1P2	0	0	0	0
SNAP23_+_42787881.23-P1P2	0	0	254	0
SNAP23_+_42788285.23-P1P2	4	1	987	0
SNAP23_-_42787861.23-P1P2	813	0	275	2
SNAP23_-_42788282.23-P1P2	878	0	139	1797
SNAP25_+_10199550.23-P1P2	5	3874	1155	1899
SNAP25_+_10199968.23-P1P2	1213	0	393	0
SNAP25_-_10199529.23-P1P2	1	0	1271	0
SNAP25_-_10199534.23-P1P2	4	0	1508	1
SNAP25_-_10199709.23-P1P2	2220	4	1447	2
SNRK_+_43328108.23-P1P2	1465	2	1617	1
SNRK_+_43328134.23-P1P2	3195	972	2495	6854
SNRK_+_43328248.23-P1P2	0	0	1296	0
SNRK_+_43328462.23-P1P2	1398	3910	3864	1536
SNRK_-_43328125.23-P1P2	1482	2605	1154	2713
SNRPA_+_41257136.23-P1P2	2306	3	1930	7464
SNRPA_+_41257164.23-P1P2	0	0	0	0
SNRPA_+_41257167.23-P1P2	1	0	142	0
SNRPA_+_41257176.23-P1P2	0	0	128	0
SNRPA_-_41257121.23-P1P2	3	1	1498	0
SNX3_+_108582163.23-P1P2	1312	5	1052	2234
SNX3_+_108582191.23-P1P2	1276	3	1204	1574
SNX3_+_108582201.23-P1P2	1185	5517	1609	1454
SNX3_-_108581815.23-P1P2	3660	4	735	2353
SNX3_-_108582218.23-P1P2	3712	3876	1651	3
SOAT1_+_179262959.23-P1P2	2424	3	941	1520
SOAT1_+_179262980.23-P1P2	3	5126	732	1
SOAT1_-_179262901.23-P1P2	1398	2	2173	1
SOAT1_-_179262965.23-P1P2	1391	7542	2576	2778
SOAT1_-_179263274.23-P1P2	6305	2845	3353	5513
SOAT2_+_53497344.23-P1P2	4963	3	1791	1606
SOAT2_+_53497700.23-P1P2	4	3218	1272	3
SOAT2_-_53497317.23-P1P2	1	2	466	1248
SOAT2_-_53497332.23-P1P2	1295	4703	1187	1
SOAT2_-_53497766.23-P1P2	1341	2	1011	2169
SOD1_+_33032036.23-P1P2	6	0	732	0
SOD1_+_33032477.23-P1P2	3	1	2563	2
SOD1_+_33032480.23-P1P2	4	0	1467	1
SOD1_-_33031987.23-P1P2	2	0	364	0
SOD1_-_33032085.23-P1P2	0	0	492	1647
SORCS3_+_106401150.23-P1P2	1610	1	407	0
SORCS3_+_106401490.23-P1P2	2	1	1123	4075
SORCS3_-_106401091.23-P1P2	2659	3	1331	2
SORCS3_-_106401415.23-P1P2	1813	2837	1081	0
SORCS3_-_106401464.23-P1P2	4379	5962	1065	1357
SORD_+_45315351.23-P1P2	5240	4716	2600	7
SORD_+_45315403.23-P1P2	4895	4617	1455	3065
SORD_+_45315432.23-P1P2	3	1396	1454	1850
SORD_+_45315749.23-P1P2	974	2645	1380	7
SORD_-_45315717.23-P1P2	0	0	60	0
SPEG_+_220306801.23-P1	5	3	2421	3919
SPEG_+_220307127.23-P1	1436	0	831	437
SPEG_+_220307179.23-P1	2140	1	1104	1860
SPEG_+_220325432.23-P2	3811	5139	1511	3283
SPEG_+_220325454.23-P2	612	4832	1531	1
SPEG_+_220325500.23-P2	1	2	405	1787
SPEG_-_220306787.23-P1	3	4725	849	2194
SPEG_-_220306811.23-P1	0	0	0	0
SPEG_-_220325667.23-P2	14	11967	2352	1004
SPEG_-_220325908.23-P2	1804	5862	1540	4
SPHK1_+_74380758.23-P1P2	1697	1	901	1935
SPHK1_+_74380896.23-P1P2	1616	1	1072	1475
SPHK1_+_74380913.23-P1P2	2976	1	2258	3
SPHK1_+_74381390.23-P1P2	5	2	3295	1950
SPHK1_-_74380803.23-P1P2	1645	2351	800	4
SPHK2_+_49122749.23-P1P2	3	0	2211	1743
SPHK2_+_49123032.23-P1P2	0	1	548	0
SPHK2_-_49122766.23-P1P2	1539	0	707	3
SPHK2_-_49123107.23-P1P2	1	0	947	0
SPHK2_-_49123143.23-P1P2	1	0	608	1842
SPHKAP_+_229046002.23-P1P2	341	1582	745	2057
SPHKAP_-_229045989.23-P1P2	2027	9890	3337	4837
SPHKAP_-_229046343.23-P1P2	787	0	584	1738
SPHKAP_-_229046353.23-P1P2	0	0	311	0
SPHKAP_-_229046371.23-P1P2	1	0	307	0
SPINK6_+_147582612.23-P1P2	3671	3108	1558	1446
SPINK6_+_147582631.23-P1P2	0	0	219	378
SPINK6_+_147582742.23-P1P2	1319	0	622	3
SPINK6_-_147582672.23-P1P2	0	0	278	0
SPINK6_-_147583066.23-P1P2	10	9670	332	3
SPIRE2_+_89895295.23-P1P2	2991	2	1263	1
SPIRE2_+_89895315.23-P1P2	0	0	442	0
SPIRE2_+_89895332.23-P1P2	0	0	77	0
SPIRE2_-_89894924.23-P1P2	7711	6125	2954	6587
SPIRE2_-_89894950.23-P1P2	1122	5	1730	6528
SPRYD3_+_53473108.23-P1P2	1029	0	902	0
SPRYD3_+_53473111.23-P1P2	1682	1	571	1810
SPRYD3_+_53473124.23-P1P2	1	2895	728	7
SPRYD3_+_53473134.23-P1P2	1225	1	1717	2003
SPRYD3_-_53472713.23-P1P2	1100	1490	1160	0
SPR_+_73114520.23-P1P2	4100	1538	3023	1721
SPR_+_73114917.23-P1P2	0	0	0	0
SPR_+_73114976.23-P1P2	0	0	31	0
SPR_-_73114266.23-P1P2	1731	0	779	0
SPR_-_73114568.23-P1P2	0	0	0	0
SPTBN1_+_54683431.23-P1P2	1408	3	3264	5838
SPTBN1_+_54683522.23-P1P2	2022	1	1556	1
SPTBN1_+_54683684.23-P1P2	3	0	98	1963
SPTBN1_-_54683871.23-P1P2	8	2210	1257	4765
SPTBN1_-_54683919.23-P1P2	0	3	1350	1459
SPTLC1_+_94877225.23-P1P2	0	0	140	0
SPTLC1_+_94877253.23-P1P2	1763	1	471	1731
SPTLC1_+_94877266.23-P1P2	1286	6208	983	3
SPTLC1_+_94877476.23-P1P2	914	1	1994	3
SPTLC1_-_94877454.23-P1P2	2	0	836	1857
SPTLC2_-_78082598.23-P1P2	0	0	473	0
SPTLC2_-_78082889.23-P1P2	1382	1197	2167	1319
SPTLC2_-_78082929.23-P1P2	0	0	1203	1
SPTLC2_-_78082962.23-P1P2	0	0	87	0
SPTLC2_-_78082965.23-P1P2	1234	0	426	1
SPTLC3_+_12989573.23-P1P2	1709	1	708	0
SPTLC3_+_12989588.23-P1P2	0	1	637	0
SPTLC3_+_12989679.23-P1P2	0	0	286	0
SPTLC3_+_12990027.23-P1P2	10	5128	1585	2
SPTLC3_-_12990032.23-P1P2	6	2811	875	1921
SQLE_+_126010828.23-P1P2	0	0	567	0
SQLE_+_126011191.23-P1P2	0	0	516	0
SQLE_-_126010776.23-P1P2	0	0	0	0
SQLE_-_126010795.23-P1P2	1	0	152	0
SQLE_-_126010862.23-P1P2	0	0	362	0
SRC_+_35974581.23-P1P2	1573	1	1318	2
SRC_+_35974587.23-P1P2	3777	3524	1596	2
SRC_+_35974609.23-P1P2	3531	4943	2718	4
SRC_+_35974613.23-P1P2	1586	2900	3152	3650
SRC_+_35974629.23-P1P2	0	0	0	0
SRMS_+_62179067.23-P1P2	1715	1	615	1
SRMS_+_62179070.23-P1P2	5	5218	1536	2780
SRMS_+_62179075.23-P1P2	2113	4	2248	3982
SRMS_+_62179081.23-P1P2	1579	4	2018	5665
SRMS_+_62179084.23-P1P2	4280	6315	1625	2019
SRPK1_+_35888819.23-P1P2	0	0	211	0
SRPK1_+_35888824.23-P1P2	0	0	997	2167
SRPK1_+_35888829.23-P1P2	9	9115	2204	3
SRPK1_+_35888840.23-P1P2	2861	4	1037	1512
SRPK1_+_35888883.23-P1P2	4473	2395	2410	1875
SRPK2_+_104909105.23-P2	5457	4	1244	2081
SRPK2_+_105028878.23-P1	0	0	828	1
SRPK2_+_105029324.23-P1	2	0	1021	0
SRPK2_+_105029327.23-P1	1	2	933	1420
SRPK2_-_104909011.23-P2	1226	0	1266	0
SRPK2_-_104909049.23-P2	0	0	243	0
SRPK2_-_104909446.23-P2	2010	1260	1631	4
SRPK2_-_104909488.23-P2	2	0	763	2061
SRPK2_-_105028891.23-P1	2	2	1256	1999
SRPK2_-_105029317.23-P1	6258	6	1717	1515
SRPK3_+_153046503.23-P1P2	0	0	939	0
SRPK3_+_153046626.23-P1P2	1	5	1364	3581
SRPK3_-_153046560.23-P1P2	1519	1593	2173	6841
SRPK3_-_153046605.23-P1P2	3538	6	1672	3924
SRPK3_-_153046616.23-P1P2	1344	5870	1200	1981
SRR_+_2207007.23-P1P2	0	0	287	0
SRR_+_2207364.23-P1P2	1	0	1395	0
SRR_-_2207166.23-P1P2	0	0	335	0
SRR_-_2207258.23-P1P2	0	0	141	0
SRR_-_2207311.23-P1P2	3	0	1830	1513
SSB_+_170655344.23-P1P2	3	1	1414	0
SSB_+_170655814.23-P1P2	2	0	939	0
SSB_+_170655817.23-P1P2	3	5	805	3781
SSB_+_170655820.23-P1P2	3581	5	729	3595
SSB_-_170655758.23-P1P2	1	0	592	0
SSH2_+_28257171.23-P1P2	2	0	466	1419
SSH2_+_28257175.23-P1P2	2741	2	774	1760
SSH2_+_28257178.23-P1P2	4616	5854	730	4746
SSH2_+_28257189.23-P1P2	984	3	1411	2997
SSH2_-_28257209.23-P1P2	3457	1031	1443	0
SSH3_+_67071035.23-P1P2	4046	2	2336	3112
SSH3_+_67071072.23-P1P2	6262	3668	2692	1722
SSH3_+_67071188.23-P1P2	10	2160	3253	1684
SSH3_+_67071403.23-P1P2	2620	4	1350	2580
SSH3_+_67071444.23-P1P2	961	4565	933	2
SSTR1_+_38678301.23-P1P2	999	8555	2005	1
SSTR1_+_38678346.23-P1P2	6003	5	3346	2902
SSTR1_+_38678351.23-P1P2	5706	415	2222	3603
SSTR1_-_38678311.23-P1P2	840	4404	2873	1353
SSTR1_-_38678760.23-P1P2	3083	0	2478	1462
SSTR2_+_71161207.23-P1P2	2102	377	933	0
SSTR2_+_71161543.23-P1P2	2	0	617	0
SSTR2_+_71161555.23-P1P2	1544	1	974	0
SSTR2_+_71161569.23-P1P2	2401	0	668	3693
SSTR2_-_71161158.23-P1P2	1426	1	976	1404
SSTR5_+_1122794.23-P2	1638	3	514	2294
SSTR5_+_1122811.23-P2	11	4460	3070	3517
SSTR5_+_1122814.23-P2	3	3	951	3063
SSTR5_+_1123173.23-P2	836	0	1461	1
SSTR5_+_1128821.23-P1	3	1	307	1768
SSTR5_+_1128926.23-P1	2767	3	2027	52
SSTR5_+_1129275.23-P1	2772	4697	1446	1146
SSTR5_-_1122791.23-P2	600	1	1496	1784
SSTR5_-_1128859.23-P1	5212	4	2029	2
SSTR5_-_1128978.23-P1	0	0	1368	370
SST_+_187387949.23-P1P2	1226	0	690	0
SST_+_187388155.23-P1P2	2606	5904	1420	1
SST_-_187387929.23-P1P2	1275	1	1579	257
SST_-_187388126.23-P1P2	1664	1	762	1
SST_-_187388152.23-P1P2	0	0	733	1
ST14_+_130029743.23-P1P2	3410	4088	1302	1161
ST14_+_130029768.23-P1P2	2295	1	1043	1
ST14_+_130030177.23-P1P2	3719	7416	1172	4000
ST14_+_130030195.23-P1P2	777	5857	501	1787
ST14_-_130029737.23-P1P2	1955	8623	2186	4
STK10_+_171614834.23-P1P2	0	1	314	1392
STK10_+_171615183.23-P1P2	2248	9663	2167	6
STK10_+_171615188.23-P1P2	1917	7	1849	6791
STK10_-_171614824.23-P1P2	6	3	2331	1444
STK10_-_171615025.23-P1P2	1719	2	481	1834
STK11IP_+_220462587.23-P1P2	5	5059	71	1
STK11IP_+_220463053.23-P1P2	995	2	457	0
STK11IP_-_220462637.23-P1P2	1610	0	1416	0
STK11IP_-_220462640.23-P1P2	1044	0	0	0
STK11IP_-_220463012.23-P1P2	846	1	778	4568
STK11_+_1206158.23-P1	3520	2524	1237	1040
STK11_+_1206230.23-P1	1761	9500	3981	3
STK11_-_1205791.23-P1	1262	2	558	0
STK11_-_1205806.23-P1	131	1	1715	0
STK11_-_1205821.23-P1	798	0	108	1
STK11_-_1206851.23-P2	1413	10501	1516	3068
STK11_-_1206870.23-P2	0	1591	940	2
STK11_-_1206878.23-P2	1489	3	3124	213
STK11_-_1206882.23-P2	6	1	2805	3331
STK11_-_1207247.23-P2	1432	2	227	1596
STK16_+_220110240.23-P1P2	5130	4556	2858	4
STK16_+_220110286.23-P1P2	1	0	332	32
STK16_+_220110663.23-P1P2	0	2	1050	1428
STK16_-_220110217.23-P1P2	2616	4455	3219	1828
STK16_-_220110297.23-P1P2	9	9034	843	1410
STK17A_+_43622689.23-P1P2	2603	1266	1884	0
STK17A_+_43622781.23-P1P2	7671	13509	2196	10
STK17A_-_43622775.23-P1P2	907	1482	1155	1
STK17A_-_43623146.23-P1P2	2172	2	1581	2571
STK17A_-_43623211.23-P1P2	1269	1	702	1
STK17B_+_197035846.23-P1P2	1316	4773	3553	5
STK17B_+_197036067.23-P1P2	1576	2	1321	0
STK17B_-_197035883.23-P1P2	721	2	2354	3876
STK17B_-_197035911.23-P1P2	2981	2	1236	3191
STK17B_-_197036270.23-P1P2	1458	0	1503	2917
STK19_+_31940153.23-P1P2	1	0	679	0
STK19_+_31940380.23-P1P2	1639	3	742	0
STK19_+_31940392.23-P1P2	1962	3588	1100	2396
STK19_+_31940465.23-P1P2	196	0	886	1785
STK19_+_31940504.23-P1P2	3431	5	2328	1647
STK24_+_99228925.23-P1P2	993	5422	554	3
STK24_+_99228936.23-P1P2	1755	6	2342	1649
STK24_+_99229297.23-P1P2	1	1566	1075	0
STK24_+_99229345.23-P1P2	1328	5122	1286	4
STK24_-_99229362.23-P1P2	0	0	0	0
STK25_-_242447568.23-P1P2	1426	2	2508	2
STK25_-_242447613.23-P1P2	0	0	996	1839
STK25_-_242447975.23-P1P2	1417	3	1239	3828
STK25_-_242447978.23-P1P2	1465	1913	1767	368
STK25_-_242448005.23-P1P2	2807	5224	926	5
STK31_+_23749899.23-P1P2	1392	7008	1042	3
STK31_+_23750089.23-P1P2	1581	5810	1193	4
STK31_-_23749909.23-P1P2	3	6	938	2931
STK31_-_23749917.23-P1P2	817	1	420	0
STK31_-_23750099.23-P1P2	838	2	1233	1717
STK32A_+_146614610.23-P1P2	0	3	1320	0
STK32A_+_146614702.23-P1P2	1447	0	348	1943
STK32A_-_146614653.23-P1P2	1452	15809	2055	2841
STK32A_-_146615012.23-P1P2	1688	1	1660	3
STK32A_-_146615015.23-P1P2	1654	2	652	0
STK32B_+_5053250.23-P1P2	4447	5	1270	1
STK32B_+_5053272.23-P1P2	1429	1	684	0
STK32B_+_5053695.23-P1P2	2	3	2639	2
STK32B_-_5053574.23-P1P2	1927	2193	2013	8326
STK32B_-_5053594.23-P1P2	4466	3	1069	2
STK32C_+_134121026.23-P1	2026	5041	512	956
STK32C_+_134144953.23-P2	1022	0	0	1
STK32C_+_134145287.23-P2	1	3	647	1
STK32C_+_134145306.23-P2	3075	1384	835	3511
STK32C_+_134145317.23-P2	1453	893	711	0
STK32C_-_134120990.23-P1	4	4068	1385	2
STK32C_-_134121414.23-P1	2627	8442	2957	3
STK32C_-_134121456.23-P1	1500	3	2256	5936
STK32C_-_134121459.23-P1	3896	4	2220	0
STK32C_-_134145295.23-P2	1485	3	1547	1
STK33_-_8615373.23-P1P2	1408	2	948	3
STK33_-_8615519.23-P1P2	1592	8250	1412	1257
STK33_-_8615708.23-P1P2	2856	2508	2025	3671
STK33_-_8615755.23-P1P2	1417	1	1340	77
STK33_-_8615776.23-P1P2	2233	1	1093	2
STK35_-_2083549.23-P1P2	3967	4	1702	1820
STK35_-_2083647.23-P1P2	2366	3	2466	3194
STK35_-_2083960.23-P1P2	1554	2	1532	1
STK35_-_2084011.23-P1P2	1255	1	937	1
STK35_-_2084015.23-P1P2	1050	1	962	0
STK36_+_219536856.23-P1P2	1460	5	2230	973
STK36_+_219537453.23-P1P2	2367	7124	2772	4
STK36_+_219537467.23-P1P2	0	0	221	0
STK36_+_219537487.23-P1P2	7	5006	395	3
STK36_-_219537043.23-P1P2	7	5131	931	1455
STK38L_+_27397614.23-P1P2	3	4	1386	4044
STK38L_+_27397625.23-P1P2	1162	2	1401	2091
STK38L_+_27397643.23-P1P2	2781	3	1784	3704
STK38L_-_27397233.23-P1P2	3298	5399	2229	1463
STK38L_-_27397261.23-P1P2	921	1126	783	1310
STK38_+_36514611.23-P1P2	5565	2	1459	2
STK38_-_36514776.23-P1P2	1742	1	1270	0
STK38_-_36514898.23-P1P2	4944	2762	1456	2
STK38_-_36514950.23-P1P2	0	0	73	802
STK38_-_36515194.23-P1P2	1818	1	2102	1
STK39_+_169104017.23-P1P2	4	4307	1022	0
STK39_+_169104020.23-P1P2	2156	1340	2975	7941
STK39_+_169104069.23-P1P2	2198	4474	1400	2
STK39_-_169104033.23-P1P2	990	1493	3819	1633
STK39_-_169104097.23-P1P2	866	0	1807	1285
STK3_+_99837498.23-P1P2	2105	3622	2014	1738
STK3_+_99837502.23-P1P2	683	0	1128	0
STK3_+_99837886.23-P1P2	0	0	576	1725
STK3_-_99837855.23-P1P2	994	9105	1271	1514
STK3_-_99837866.23-P1P2	0	0	57	0
STK40_+_36851113.23-P1P2	1269	2	2893	0
STK40_+_36851316.23-P1P2	2291	1	843	0
STK40_+_36851483.23-P1P2	0	0	251	1
STK40_+_36851486.23-P1P2	3640	4	1559	666
STK40_-_36851520.23-P1P2	2013	1	1737	1637
STK4_+_43599011.23-P2	1417	0	589	0
STK4_+_43599415.23-P2	1	0	254	0
STK4_-_43595191.23-P1	1730	0	1186	1
STK4_-_43595194.23-P1	1244	0	384	0
STK4_-_43595218.23-P1	1384	2241	1714	1776
STK4_-_43595562.23-P1	1	1	206	1605
STK4_-_43595565.23-P1	0	0	749	1
STK4_-_43599099.23-P2	1	0	515	1
STK4_-_43599153.23-P2	0	0	218	0
STK4_-_43599456.23-P2	1	2	1378	2232
STMN4_+_27115874.23-P1P2	4730	2980	1216	4
STMN4_+_27115899.23-P1P2	3375	2948	872	673
STMN4_+_27115906.23-P1P2	0	0	102	561
STMN4_+_27115922.23-P1P2	1352	2	1042	1866
STMN4_-_27115504.23-P1P2	1	0	407	0
STRADA_+_61818798.23-P1P2	1620	0	238	1
STRADA_+_61819123.23-P1P2	2193	5	1230	1690
STRADA_+_61819143.23-P1P2	0	0	359	1
STRADA_+_61819146.23-P1P2	3804	2366	1248	0
STRADA_-_61818790.23-P1P2	1416	1	1568	1968
STRADB_+_202316477.23-P1P2	1	3	2706	2061
STRADB_+_202316845.23-P1P2	2706	3	1916	1547
STRADB_+_202316902.23-P1P2	4778	2	2709	2
STRADB_-_202316671.23-P1P2	0	1	420	0
STRADB_-_202316674.23-P1P2	2198	2	924	3
STYK1_+_10826573.23-P1P2	1204	0	1315	0
STYK1_-_10826265.23-P1P2	0	0	229	0
STYK1_-_10826613.23-P1P2	5718	7	2383	3258
STYK1_-_10826616.23-P1P2	2071	1	1830	1919
STYK1_-_10826632.23-P1P2	0	0	407	0
STYXL1_+_75677069.23-P1P2	7	12219	1639	876
STYXL1_+_75677277.23-P1P2	0	0	484	0
STYXL1_-_75676863.23-P1P2	561	5984	2062	1758
STYXL1_-_75676887.23-P1P2	0	0	415	0
STYXL1_-_75676924.23-P1P2	0	0	569	0
SUCLA2_+_48575023.23-P1P2	460	0	341	0
SUCLA2_+_48575401.23-P1P2	1302	0	55	0
SUCLA2_-_48575361.23-P1P2	2770	2	1718	3650
SUCLA2_-_48575370.23-P1P2	2	1	2057	1454
SUCLA2_-_48575397.23-P1P2	7	8	1844	4959
SUCLG1_+_84686343.23-P1P2	1490	1011	846	2117
SUCLG1_-_84686322.23-P1P2	1595	5	2744	1972
SUCLG1_-_84686325.23-P1P2	1536	0	675	1946
SUCLG1_-_84686370.23-P1P2	0	0	506	0
SUCLG1_-_84686376.23-P1P2	5	2	1696	1254
SUCLG2_+_67704915.23-P1P2	7565	1	2850	2
SUCLG2_-_67704590.23-P1P2	2	4569	153	2
SUCLG2_-_67705002.23-P1P2	1985	1867	1585	2
SUCLG2_-_67705027.23-P1P2	0	0	0	0
SUCLG2_-_67705042.23-P1P2	3084	1	1310	1
SUCNR1_+_151591462.23-P1P2	4	3161	550	3
SUCNR1_-_151591430.23-P1P2	1202	2	1465	1260
SUCNR1_-_151591454.23-P1P2	1166	0	563	0
SUCNR1_-_151591472.23-P1P2	1544	3746	635	2
SUCNR1_-_151591506.23-P1P2	990	1	106	1
SULT1A1_+_28620868.23-P1P2	4	2	1736	2007
SULT1A1_+_28620872.23-P1P2	4922	6	2886	2214
SULT1A1_-_28620951.23-P1P2	5348	4	1674	2
SULT1A1_-_28621367.23-P1P2	0	2726	541	1
SULT1A1_-_28621371.23-P1P2	1306	1	1408	1
SULT1B1_+_70626237.23-P1P2	2221	1	897	1497
SULT1B1_-_70625872.23-P1P2	767	5387	1024	3610
SULT1B1_-_70626252.23-P1P2	1444	1	816	1
SULT1B1_-_70626255.23-P1P2	4	0	1669	2064
SULT1B1_-_70626281.23-P1P2	4508	4	762	530
SULT2A1_+_48389155.23-P1P2	0	0	588	0
SULT2A1_+_48389174.23-P1P2	2929	2	1750	1204
SULT2A1_+_48389184.23-P1P2	3141	2	1765	696
SULT2A1_-_48389569.23-P1P2	6	2	2470	3178
SULT2A1_-_48389575.23-P1P2	1060	3	1589	0
SUOX_+_56391458.23-P1P2	3498	4	1430	2500
SUOX_-_56391117.23-P1P2	1734	2	1434	2380
SUOX_-_56391128.23-P1P2	3	1	827	1714
SUOX_-_56391138.23-P1P2	1395	2921	1741	1
SUOX_-_56391545.23-P1P2	5354	6	2329	2
SV2A_+_149888990.23-P1P2	1660	2	1090	1958
SV2A_-_149889308.23-P1P2	1585	0	1331	2022
SV2A_-_149889313.23-P1P2	4806	1	503	4
SV2A_-_149889322.23-P1P2	3	4513	809	1910
SV2A_-_149889332.23-P1P2	4553	3	883	1641
SYK_+_93564499.23-P1	5	7451	2437	1
SYK_+_93589721.23-P2	3894	1	1181	2
SYK_+_93589798.23-P2	4282	2	553	1
SYK_+_93589899.23-P2	5410	2046	2421	5438
SYK_+_93589904.23-P2	3647	7445	2230	5111
SYK_+_93590091.23-P2	3955	4222	2907	3241
SYK_-_93564431.23-P1	2846	5	1461	1
SYK_-_93564444.23-P1	8	11949	2938	6
SYK_-_93564454.23-P1	5	3198	1331	2993
SYK_-_93564527.23-P1	1	0	1315	0
SYN1_+_47478859.23-P1P2	1410	4064	2360	4961
SYN1_+_47478862.23-P1P2	7722	5398	3134	8
SYN1_+_47479243.23-P1P2	1175	3	2297	1815
SYN1_-_47479221.23-P1P2	6	7537	2470	1753
SYN1_-_47479259.23-P1P2	4357	8722	1296	3430
SYNC_+_33167945.23-P1P2	1273	0	0	2
SYNC_+_33168305.23-P1P2	2377	2	1309	0
SYNC_+_33168313.23-P1P2	2103	0	587	2
SYNC_+_33168338.23-P1P2	8	5257	1633	5
SYNC_+_33168356.23-P1P2	2313	0	1571	1735
SYT2_+_202679090.23-P1P2	5394	2699	1542	1
SYT2_+_202679166.23-P1P2	1575	0	535	2
SYT2_+_202679546.23-P1P2	2764	7	1331	2111
SYT2_-_202679331.23-P1P2	0	0	392	0
SYT2_-_202679405.23-P1P2	2053	3	1737	3936
SYTL4_+_99986398.23-P1P2	2031	5448	2773	6872
SYTL4_+_99987090.23-P1P2	1659	2	621	2690
SYTL4_+_99987094.23-P1P2	1222	0	355	1924
SYTL4_-_99987047.23-P1P2	3482	4	1627	1834
SYTL4_-_99987086.23-P1P2	4	1	426	1713
TAAR1_+_132966642.23-ENST00000275216.1	0	0	250	0
TAAR1_-_132966910.23-ENST00000275216.1	1	2	852	1717
TAAR1_-_132966945.23-ENST00000275216.1	1717	1	553	0
TAAR1_-_132967035.23-ENST00000275216.1	1210	8220	2049	2239
TAAR1_-_132967076.23-ENST00000275216.1	882	2311	1101	1926
TAB1_+_39795788.23-ENST00000216160.6	0	0	450	0
TAB1_+_39795987.23-ENST00000216160.6	1651	0	1031	0
TAB1_+_39796194.23-ENST00000216160.6	0	0	778	1
TAB1_-_39795821.23-ENST00000216160.6	3824	9977	2357	2252
TAB1_-_39795845.23-ENST00000216160.6	0	1	1254	1
TAB2_+_149639219.23-P1P2	779	0	927	0
TAB2_+_149639243.23-P1P2	2178	6848	2293	1587
TAB2_-_149639030.23-P1P2	3952	2	2070	2
TAB2_-_149639465.23-P1P2	0	0	445	1
TAB2_-_149639613.23-P1P2	1	1	2219	1
TACR1_+_75426600.23-P1P2	1486	1	647	2785
TACR1_+_75426603.23-P1P2	2487	7	2281	4
TACR1_+_75426822.23-P1P2	3928	6	2564	4723
TACR1_-_75426168.23-P1P2	0	0	0	0
TACR1_-_75426186.23-P1P2	0	2	1526	1
TAF1L_+_32635035.23-P1P2	0	0	734	2050
TAF1L_-_32634794.23-P1P2	1364	1	924	1
TAF1L_-_32634814.23-P1P2	0	0	504	1
TAF1L_-_32635053.23-P1P2	1153	0	955	0
TAF1L_-_32635067.23-P1P2	0	2	1	3747
TAF1_+_70586600.23-P1P2	0	0	0	0
TAF1_+_70586648.23-P1P2	0	0	0	0
TAF1_-_70586261.23-P1P2	1443	0	0	1
TAF1_-_70586580.23-P1P2	0	0	166	0
TAF1_-_70586615.23-P1P2	1500	2	1198	1359
TAOK1_+_27717866.23-P1P2	0	1	364	0
TAOK1_+_27717965.23-P1P2	2789	5545	1673	1956
TAOK1_+_27718098.23-P1P2	2888	1	4292	1
TAOK1_-_27717907.23-P1P2	2509	2	849	643
TAOK1_-_27717915.23-P1P2	4316	4843	2487	1855
TAOK2_+_29985182.23-P1P2	0	0	196	0
TAOK2_+_29985625.23-P1P2	1721	4429	1309	6548
TAOK2_-_29985240.23-P1P2	0	0	1007	0
TAOK2_-_29985252.23-P1P2	0	0	66	0
TAOK2_-_29985259.23-P1P2	2519	2	581	0
TAOK3_+_118796709.23-P2	3	0	1729	0
TAOK3_+_118796747.23-P2	4	0	364	1841
TAOK3_+_118796894.23-P2	2	1	1397	0
TAOK3_+_118810268.23-P1	1432	5893	1354	5
TAOK3_+_118810329.23-P1	1	5703	8	1304
TAOK3_+_118810333.23-P1	386	4376	621	3861
TAOK3_+_118810348.23-P1	1402	2	2059	1446
TAOK3_-_118796467.23-P2	1	2332	394	1
TAOK3_-_118796900.23-P2	1462	3	2	1080
TAOK3_-_118810719.23-P1	2974	6	2547	2715
TAP1_+_32821462.23-P1P2	2143	4	1338	3850
TAP1_+_32821492.23-P1P2	0	5048	561	2
TAP1_-_32821224.23-P1P2	3530	2	1905	3552
TAP1_-_32821415.23-P1P2	0	0	445	0
TAP1_-_32821472.23-P1P2	4821	4273	1785	2431
TARS2_+_150459930.23-P1P2	0	0	0	0
TARS2_-_150459811.23-P1P2	0	0	304	0
TARS2_-_150459929.23-P1P2	0	0	104	0
TARS2_-_150459943.23-P1P2	0	0	0	0
TARS2_-_150459949.23-P1P2	0	0	0	0
TARS_+_33441064.23-P1P2	0	0	92	0
TARS_+_33441121.23-P1P2	0	0	0	0
TARS_+_33441125.23-P1P2	0	0	0	0
TARS_+_33441139.23-P1P2	0	0	87	0
TARS_+_33441144.23-P1P2	1	0	436	0
TAS1R2_+_19185789.23-ENST00000375371.3	4	8400	765	7
TAS1R2_+_19185805.23-ENST00000375371.3	0	0	795	0
TAS1R2_+_19185953.23-ENST00000375371.3	2	3	783	1993
TAS1R2_-_19185823.23-ENST00000375371.3	531	0	956	0
TAS1R2_-_19186066.23-ENST00000375371.3	3	1	1398	1130
TAT_+_71610876.23-P1P2	5	4	2119	3922
TAT_+_71610934.23-P1P2	1175	1	540	1818
TAT_+_71610945.23-P1P2	2457	5340	1817	1321
TAT_+_71610960.23-P1P2	0	0	411	0
TAT_-_71610990.23-P1P2	1494	1	589	0
TBCK_+_107237176.23-P1P2	7	1	1219	2019
TBCK_-_107236934.23-P1P2	4839	0	716	3
TBCK_-_107236938.23-P1P2	2	1	574	0
TBCK_-_107236961.23-P1P2	583	0	916	432
TBCK_-_107237291.23-P1P2	2472	2	894	3157
TBK1_+_64845924.23-P1P2	5	3907	839	1602
TBK1_+_64846196.23-P1P2	1834	2	1532	4292
TBK1_-_64845920.23-P1P2	7	5155	1069	1591
TBK1_-_64845923.23-P1P2	1651	3927	1796	1
TBK1_-_64846281.23-P1P2	3611	1	1341	0
TBXA2R_+_3606552.23-P1P2	1274	2	1666	2853
TBXA2R_+_3606843.23-P1P2	1623	1	2234	1452
TBXA2R_-_3606387.23-P1P2	424	3205	1844	2470
TBXA2R_-_3606692.23-P1P2	1419	4458	1384	1
TBXA2R_-_3606829.23-P1P2	2	0	669	0
TBXAS1_+_139529094.23-P1P2	3	0	1071	2904
TBXAS1_+_139529292.23-P1P2	2897	1	990	1
TBXAS1_+_139529588.23-P1P2	638	0	331	0
TBXAS1_-_139529128.23-P1P2	1102	0	1887	2755
TBXAS1_-_139529131.23-P1P2	1	0	747	0
TCN1_+_59633863.23-P1P2	4158	3464	1966	1652
TCN1_+_59633911.23-P1P2	123	4340	802	0
TCN1_+_59633947.23-P1P2	1	0	357	0
TCN1_-_59633607.23-P1P2	4	0	461	2231
TCN1_-_59633921.23-P1P2	1476	1	829	1533
TEC_+_48271833.23-P1P2	4755	8	2845	2
TEC_-_48271388.23-P1P2	2	0	1214	1808
TEC_-_48271495.23-P1P2	2361	5	1337	1980
TEC_-_48271636.23-P1P2	3392	5446	1617	2464
TEC_-_48271836.23-P1P2	272	1885	1560	1404
TEK_+_27109436.23-P1P2	0	0	190	0
TEK_+_27109461.23-P1P2	0	0	270	1
TEK_+_27109514.23-P1P2	3	0	920	0
TEK_-_27109502.23-P1P2	0	0	0	0
TEK_-_27109619.23-P1P2	1061	0	79	0
TENC1_+_53443835.23-P1P2	1660	4605	1845	2
TENC1_+_53443842.23-P1P2	2045	2	1008	2
TENC1_+_53443919.23-P1P2	2826	4	1451	675
TENC1_+_53444311.23-P1P2	5750	2937	2248	1907
TENC1_-_53443871.23-P1P2	3953	3597	2941	3968
TESK1_+_35605734.23-P1P2	3154	2	2290	1558
TESK1_-_35605273.23-P1P2	0	1	326	538
TESK1_-_35605284.23-P1P2	0	0	1175	0
TESK1_-_35605481.23-P1P2	1	0	883	1661
TESK1_-_35605808.23-P1P2	2925	1	1132	0
TESK2_+_45956384.23-P1P2	2073	3	1591	1819
TESK2_+_45956395.23-P1P2	731	1122	2214	3262
TESK2_-_45956402.23-P1P2	935	5	1451	5021
TESK2_-_45956412.23-P1P2	853	1	652	0
TESK2_-_45956797.23-P1P2	1373	4	1823	6289
TEX14_+_56769428.23-P1P2	1785	6	1307	2
TEX14_-_56769391.23-P1P2	0	0	0	0
TEX14_-_56769395.23-P1P2	0	0	331	0
TEX14_-_56769461.23-P1P2	0	0	107	0
TEX14_-_56769896.23-P1P2	0	0	136	0
TFF2_+_43770833.23-P1P2	1942	12225	1031	5
TFF2_+_43771038.23-P1P2	1168	5	1369	1854
TFF2_-_43770676.23-P1P2	0	2	120	3628
TFF2_-_43770707.23-P1P2	2618	1	979	3378
TFF2_-_43770714.23-P1P2	0	1	973	0
TFPI_+_188418825.23-P1P2	2411	3	1527	0
TFPI_+_188419180.23-P1P2	0	0	165	0
TFPI_-_188419120.23-P1P2	1445	0	536	0
TFPI_-_188419191.23-P1P2	1655	1	606	2
TFPI_-_188419207.23-P1P2	2050	3	1472	1
TF_+_133465271.23-P1	1	0	1147	0
TF_+_133465449.23-P1	2890	2	693	2142
TF_+_133465622.23-P1	1237	7858	855	1929
TF_+_133483153.23-P2	2415	5	1745	4919
TF_-_133465289.23-P1	1969	2730	2333	2434
TF_-_133465300.23-P1	1	2593	2	1
TF_-_133483076.23-P2	0	0	706	1
TF_-_133483086.23-P2	585	1	882	1121
TF_-_133483103.23-P2	2883	2	1299	1
TF_-_133483131.23-P2	1	0	1716	0
TGFBR1_-_101867432.23-P1P2	7809	8	2371	3455
TGFBR1_-_101867493.23-P1P2	0	0	0	0
TGFBR1_-_101867854.23-P1P2	1	0	1099	1363
TGFBR1_-_101867864.23-P1P2	0	0	121	0
TGFBR1_-_101867886.23-P1P2	6	2	1505	2030
TGFBR2_+_30648131.23-P1P2	7273	8	1220	6666
TGFBR2_+_30648147.23-P1P2	0	0	1702	0
TGFBR2_+_30648526.23-P1P2	7179	8	1441	6053
TGFBR2_+_30648531.23-P1P2	6077	1713	4279	1261
TGFBR2_-_30648144.23-P1P2	6258	9	3345	3545
TGM2_+_36793621.23-P1P2	4638	4	1213	1764
TGM2_+_36793654.23-P1P2	1	4178	835	3
TGM2_-_36793660.23-P1P2	3594	4778	1494	7
TGM2_-_36793663.23-P1P2	1466	7055	3652	1275
TGM2_-_36793688.23-P1P2	3	3099	725	3
THNSL1_+_25305603.23-P1P2	2003	7999	528	1593
THNSL1_+_25305974.23-P1P2	3181	4	1662	3
THNSL1_+_25305986.23-P1P2	3003	4	1791	2799
THNSL1_+_25305989.23-P1P2	4249	2666	2218	3079
THNSL1_-_25305575.23-P1P2	0	0	117	0
THRA_+_38219267.23-P1P2	4171	8727	2311	4
THRA_+_38219603.23-P1P2	1757	0	1475	0
THRA_+_38219623.23-P1P2	2586	6914	2308	4483
THRA_+_38219634.23-P1P2	1938	2687	2921	2998
THRA_-_38219609.23-P1P2	690	0	3007	2
TH_+_2187669.23-P2	3	3	1319	0
TH_+_2187988.23-P2	804	0	2262	2
TH_+_2192967.23-P1	1467	1	1315	2105
TH_+_2192978.23-P1	3183	3753	3806	1223
TH_-_2187539.23-P2	0	0	1005	0
TH_-_2187967.23-P2	5	3	2327	2855
TH_-_2188006.23-P2	3226	7113	2450	1361
TH_-_2192700.23-P1	3	2	1751	0
TH_-_2192862.23-P1	3	2	411	3841
TH_-_2192974.23-P1	4798	2270	1426	3
TIE1_+_43766703.23-P1P2	2020	4416	2027	3017
TIE1_+_43766722.23-P1P2	0	0	901	0
TIE1_+_43766732.23-P1P2	1753	4	1316	1800
TIE1_-_43766668.23-P1P2	1312	2744	2592	1763
TIE1_-_43766750.23-P1P2	2651	2	1847	1
TK1_+_76183079.23-P1P2	4	5	1591	4715
TK1_+_76183098.23-P1P2	3	5134	475	3
TK1_+_76183131.23-P1P2	1	0	504	0
TK1_-_76182693.23-P1P2	0	0	376	0
TK1_-_76182696.23-P1P2	3	3269	653	1
TK2_+_66583987.23-P1P2	1	0	960	1
TK2_-_66583970.23-P1P2	1241	2	1528	1728
TK2_-_66583977.23-P1P2	1729	6	1393	2996
TK2_-_66583986.23-P1P2	5067	2	1135	3681
TK2_-_66583992.23-P1P2	1420	4669	1954	3088
TLK1_-_172016879.23-P1P2	2665	5755	1233	4
TLK1_-_172016998.23-P1P2	1363	2243	1768	1502
TLK1_-_172017100.23-P1P2	2	0	400	0
TLK1_-_172017103.23-P1P2	3376	1	307	1
TLK1_-_172017299.23-P1P2	2299	5960	1854	2794
TLK2_+_60556701.23-P1P2	1	0	678	1690
TLK2_+_60556744.23-P1P2	5142	4840	2361	7155
TLK2_-_60556687.23-P1P2	717	2	440	0
TLK2_-_60556721.23-P1P2	1706	0	641	1715
TLK2_-_60556908.23-P1P2	587	1	757	0
TLL2_+_98273601.23-P1P2	4253	5521	1313	1849
TLL2_+_98273633.23-P1P2	2515	4224	2494	1346
TLL2_-_98273256.23-P1P2	2948	9624	2871	1680
TLL2_-_98273269.23-P1P2	2398	2318	2516	360
TLL2_-_98273618.23-P1P2	2756	4425	2556	1653
TLR2_+_154605798.23-P1P2	4277	956	1441	0
TLR2_+_154605845.23-P1P2	4975	3	3008	2757
TLR2_+_154605903.23-P1P2	51	4	1944	2882
TLR2_-_154605469.23-P1P2	1173	4055	1193	5442
TLR2_-_154605805.23-P1P2	3	1236	1577	1301
TLR7_+_12885208.23-P1P2	2983	0	524	4
TLR7_+_12885665.23-P1P2	812	1	642	0
TLR7_-_12885218.23-P1P2	0	0	158	0
TLR7_-_12885242.23-P1P2	1	1585	378	2
TLR7_-_12885633.23-P1P2	1321	1	259	0
TLR8_+_12924753.23-P1P2	1827	2	938	1524
TLR8_+_12924756.23-P1P2	0	0	833	0
TLR8_-_12924771.23-P1P2	3	6330	472	1
TLR8_-_12924799.23-P1P2	1	0	572	0
TLR8_-_12925181.23-P1P2	0	0	0	0
TMLHE_+_154842174.23-P1P2	4	1	208	1697
TMLHE_+_154842196.23-P1P2	2909	2	440	3
TMLHE_+_154842396.23-P1P2	2107	5098	2185	1612
TMLHE_-_154842517.23-P1P2	0	1	252	0
TMLHE_-_154842521.23-P1P2	1495	4	693	1
TMPRSS15_+_19776049.23-P1P2	267	4880	945	1410
TMPRSS15_+_19776065.23-P1P2	3275	0	261	5
TMPRSS15_-_19775629.23-P1P2	1	0	1197	0
TMPRSS15_-_19775862.23-P1P2	0	0	376	0
TMPRSS15_-_19776100.23-P1P2	5	1	924	2080
TNFSF11_+_43148338.23-P1P2	5105	8689	2350	3
TNFSF11_+_43148361.23-P1P2	6544	6069	2034	373
TNFSF11_-_43148334.23-P1P2	1	0	1471	0
TNFSF11_-_43148349.23-P1P2	2454	7	2283	6319
TNFSF11_-_43148390.23-P1P2	1	0	492	0
TNFSF13B_+_108922422.23-P1P2	2566	3	1771	2
TNFSF13B_+_108922454.23-P1P2	1659	3	1886	5276
TNFSF13B_+_108922476.23-P1P2	1643	2294	1982	2936
TNFSF13B_-_108922432.23-P1P2	1164	1	1887	1
TNFSF13B_-_108922464.23-P1P2	1443	0	611	2
TNIK_+_171177833.23-P1P2	1518	11855	2546	1815
TNIK_+_171177915.23-P1P2	1528	0	903	0
TNIK_-_171178091.23-P1P2	2873	6816	1497	1
TNIK_-_171178114.23-P1P2	2085	3271	1945	3204
TNIK_-_171178123.23-P1P2	1075	5800	1730	5
TNK1_+_7284663.23-P1P2	3	3	1269	1780
TNK1_-_7284438.23-P1P2	7685	3317	821	4
TNK1_-_7284456.23-P1P2	2350	4767	2280	4
TNK1_-_7284770.23-P1P2	6	2	293	2076
TNK1_-_7284801.23-P1P2	3513	5	770	1452
TNK2_+_195603579.23-P1	1	2596	2139	1
TNK2_+_195619165.23-P2	1431	1	1326	0
TNK2_+_195619210.23-P2	1162	0	1088	0
TNK2_-_195603171.23-P1	3769	4865	820	5
TNK2_-_195603348.23-P1	3134	1901	1090	1
TNK2_-_195603507.23-P1	5677	1	1859	5
TNK2_-_195603595.23-P1	633	2969	732	1776
TNK2_-_195619174.23-P2	6407	9	4255	3424
TNK2_-_195619539.23-P2	1769	6011	3744	2943
TNK2_-_195619544.23-P2	2511	0	2534	2
TNNC1_+_52487994.23-P1P2	0	2	965	1448
TNNC1_+_52488001.23-P1P2	1	2	670	1888
TNNC1_+_52488006.23-P1P2	1016	0	343	1
TNNC1_+_52488012.23-P1P2	5	6828	770	3
TNNC1_-_52487614.23-P1P2	2744	2	505	0
TNNC2_+_44455868.23-P1P2	6	2952	799	0
TNNC2_+_44455883.23-P1P2	1977	9158	2544	4
TNNC2_+_44455907.23-P1P2	1544	3	1646	0
TNNC2_+_44455943.23-P1P2	0	0	110	0
TNNC2_-_44455986.23-P1P2	1353	3150	766	1028
TNNI3K_+_74701487.23-ENST00000326637.3	0	0	730	1
TNNI3K_-_74701083.23-ENST00000326637.3	5	3	1021	2045
TNNI3K_-_74701111.23-ENST00000326637.3	3	2	848	1829
TNNI3K_-_74701252.23-ENST00000326637.3	0	0	414	0
TNNI3K_-_74701440.23-ENST00000326637.3	4	0	632	1416
TNNI3_+_55668650.23-P1P2	1	1	430	1992
TNNI3_+_55669027.23-P1P2	805	1	951	1
TNNI3_+_55669049.23-P1P2	6	9321	770	0
TNNI3_+_55669057.23-P1P2	3632	1	1296	374
TNNI3_-_55669047.23-P1P2	0	0	841	0
TOP1MT_+_144416598.23-P1P2	663	6681	959	5
TOP1MT_+_144416842.23-P1P2	4	1196	750	3283
TOP1MT_+_144416903.23-P1P2	4418	3	1018	2
TOP1MT_+_144416976.23-P1P2	2188	1671	1727	2265
TOP1MT_+_144417016.23-P1P2	1	2	1902	0
TP53RK_+_45318043.23-P1P2	1	0	371	0
TP53RK_+_45318049.23-P1P2	1	0	212	848
TP53RK_-_45317658.23-P1P2	1166	6162	2157	1145
TP53RK_-_45317703.23-P1P2	5	2026	1858	1567
TP53RK_-_45318042.23-P1P2	1	1	787	502
TPD52L3_+_6328794.23-P1P2	1889	2	993	0
TPD52L3_-_6328378.23-P1P2	920	5277	635	4
TPD52L3_-_6328404.23-P1P2	1209	1	538	0
TPD52L3_-_6328626.23-P1P2	0	1	435	0
TPD52L3_-_6328807.23-P1P2	2557	8	1760	8308
TPH1_+_18047661.23-P1P2	6	4439	1550	2352
TPH1_-_18048045.23-P1P2	0	2	418	1261
TPH1_-_18048055.23-P1P2	1	3244	1	2
TPH1_-_18048102.23-P1P2	1281	0	1043	4
TPH1_-_18048148.23-P1P2	1563	2458	247	421
TPI1_-_6976675.23-P1P2	0	0	0	0
TPI1_-_6976921.23-P1P2	1	2324	1202	1
TPI1_-_6977036.23-P1P2	1214	4152	865	4
TPI1_-_6977151.23-P1P2	1916	4	2679	4866
TPI1_-_6977161.23-P1P2	1	0	292	0
TPK1_+_144532869.23-P1P2	4	1	1667	2261
TPK1_+_144533076.23-P1P2	1411	3	1642	2108
TPK1_-_144533065.23-P1P2	3037	3498	994	2
TPK1_-_144533096.23-P1P2	129	3	1263	2547
TPK1_-_144533190.23-P1P2	2	1	905	1820
TPMT_+_18155239.23-P1P2	2465	2	3011	1756
TPMT_+_18155248.23-P1P2	0	1	917	0
TPMT_+_18155258.23-P1P2	6	6	1099	6125
TPMT_+_18155262.23-P1P2	1	1	1259	0
TPMT_+_18155297.23-P1P2	3359	2040	1433	2
TPSAB1_+_1291232.23-P1P2	1424	0	1558	2
TPSAB1_-_1291180.23-P1P2	3984	5	1754	1444
TPSAB1_-_1291192.23-P1P2	0	0	959	1
TPSAB1_-_1291246.23-P1P2	1589	2	688	2007
TPSAB1_-_1291339.23-P1P2	1639	1	2274	2
TPSB2_+_1279233.23-P1P2	1	0	884	0
TPSB2_+_1279634.23-P1P2	2	0	1592	0
TPSB2_-_1279243.23-P1P2	2	5650	652	0
TPSB2_-_1279247.23-P1P2	1358	4	1018	0
TPSB2_-_1279649.23-P1P2	2545	3	1676	1402
TPTE2_+_20077053.23-ENST00000400230.2	2683	1	847	0
TPTE2_+_20077192.23-ENST00000400230.2	599	6270	625	1578
TPTE2_+_20110537.23-ENST00000382977.4	3794	1763	1174	2
TPTE2_+_20110578.23-ENST00000382977.4	1	0	856	0
TPTE2_+_20110856.23-ENST00000382977.4	2298	3539	1636	3
TPTE2_+_20110876.23-ENST00000382977.4	0	0	822	0
TPTE2_-_20077014.23-ENST00000400230.2	0	0	0	0
TPTE2_-_20077136.23-ENST00000400230.2	7	2	1635	2159
TPTE2_-_20077226.23-ENST00000400230.2	2561	2	633	3360
TPTE2_-_20110867.23-ENST00000382977.4	0	0	154	2
TPTE_-_10990450.23-P1P2	1402	5	2100	1967
TPTE_-_10990785.23-P1P2	2270	3	1428	1815
TPTE_-_10990794.23-P1P2	992	6	1509	2942
TPTE_-_10990826.23-P1P2	7	1	1414	5138
TPTE_-_10990844.23-P1P2	2312	3	2650	3046
TRAF3IP3_+_209929530.23-P1	1679	3	389	1
TRAF3IP3_+_209929854.23-P1	0	0	1250	1
TRAF3IP3_+_209942001.23-P2	7	6941	1155	1567
TRAF3IP3_+_209942277.23-P2	1543	2	1024	1
TRAF3IP3_-_209929509.23-P1	1656	1	284	0
TRAF3IP3_-_209929536.23-P1	1218	4714	1071	7
TRAF3IP3_-_209929938.23-P1	159	1	569	2069
TRAF3IP3_-_209941903.23-P2	1	0	219	0
TRAF3IP3_-_209941926.23-P2	789	6040	1485	3
TRAF3IP3_-_209941953.23-P2	8	0	380	5282
TRAPPC1_+_7835084.23-P1P2	0	0	81	0
TRAPPC1_+_7835186.23-P1P2	0	0	728	1
TRAPPC1_+_7835244.23-P1P2	0	0	1327	0
TRAPPC1_+_7835274.23-P1P2	1123	4475	1168	1718
TRAPPC1_-_7835236.23-P1P2	5	0	120	3553
TRAPPC2_+_13752454.23-ENST00000358231.5,ENST00000359680.5,ENST00000380579.1	911	3697	520	1
TRAPPC2_+_13752701.23-ENST00000358231.5,ENST00000359680.5,ENST00000380579.1	889	14334	1270	718
TRAPPC2_+_13752723.23-ENST00000358231.5,ENST00000359680.5,ENST00000380579.1	981	0	1464	1662
TRAPPC2_+_13752743.23-ENST00000358231.5,ENST00000359680.5,ENST00000380579.1	1344	2	1783	1169
TRAPPC2_-_13752487.23-ENST00000358231.5,ENST00000359680.5,ENST00000380579.1	0	2	1629	2
TRAPPC3_+_36615009.23-P1P2	0	0	56	0
TRAPPC3_+_36615028.23-P1P2	0	0	0	0
TRAPPC3_+_36615040.23-P1P2	4557	2	346	1
TRAPPC3_-_36615015.23-P1P2	1369	2	2009	0
TRAPPC3_-_36615043.23-P1P2	1	2	1075	2873
TRAPPC4_+_118889221.23-P1P2	0	0	0	0
TRAPPC4_-_118889508.23-P1P2	557	0	1090	3
TRAPPC4_-_118889684.23-P1P2	1625	5174	1903	1651
TRAPPC4_-_118889743.23-P1P2	1081	0	1712	2
TRAPPC4_-_118889894.23-P1P2	2421	3	213	2
TRAPPC5_+_7745760.23-P1P2	0	0	1	0
TRAPPC5_+_7746133.23-P1P2	1363	1	1521	1613
TRAPPC5_+_7746208.23-P1P2	1473	1	1	3
TRAPPC5_-_7745764.23-P1P2	0	0	941	1
TRAPPC5_-_7745970.23-P1P2	1103	6	1049	5030
TRAPPC6A_+_45681430.23-P1P2	1	0	448	0
TRAPPC6A_+_45681477.23-P1P2	3	1	1202	1835
TRAPPC6A_-_45681105.23-P1P2	2	3619	808	2
TRAPPC6A_-_45681253.23-P1P2	2711	3	327	1342
TRAPPC6A_-_45681291.23-P1P2	3536	2	2644	3238
TRAPPC6B_+_39639557.23-P1P2	5	3269	770	0
TRAPPC6B_-_39639165.23-P1P2	2	0	140	0
TRAPPC6B_-_39639506.23-P1P2	859	2	1191	3519
TRAPPC6B_-_39639522.23-P1P2	0	0	179	0
TRAPPC6B_-_39639542.23-P1P2	1513	3	1745	1505
TRDMT1_+_17243598.23-P1P2	1347	0	2478	1763
TRDMT1_+_17243655.23-P1P2	8	3940	1740	5756
TRDMT1_-_17243223.23-P1P2	3	3033	1533	2
TRDMT1_-_17243243.23-P1P2	0	1	394	18
TRDMT1_-_17243626.23-P1P2	903	3	1767	2143
TREM1_+_41254327.23-P1P2	0	0	231	0
TREM1_+_41254372.23-P1P2	0	0	109	0
TREM1_+_41254378.23-P1P2	3549	2891	959	3954
TREM1_+_41254411.23-P1P2	1530	0	406	0
TREM1_-_41254447.23-P1P2	8	7437	4162	1655
TRIB1_+_126442659.23-P1P2	3368	6468	2380	4
TRIB1_+_126442827.23-P1P2	4716	3	834	2
TRIB1_+_126442830.23-P1P2	1722	1	1617	3
TRIB1_+_126442999.23-P1P2	2	1	1800	3852
TRIB1_-_126442863.23-P1P2	2	1	914	0
TRIB2_+_12857119.23-P1P2	2430	1	2181	2
TRIB2_+_12857156.23-P1P2	1765	9398	3470	3745
TRIB2_+_12857161.23-P1P2	3644	4	1989	1
TRIB2_+_12857504.23-P1P2	3003	3	2357	250
TRIB2_+_12857586.23-P1P2	1084	4	1322	1255
TRIB3_+_361672.23-P1P2	2754	6360	1504	3
TRIB3_-_361456.23-P1P2	1326	4	1826	1030
TRIB3_-_361463.23-P1P2	0	1	524	1
TRIB3_-_361498.23-P1P2	2	1615	693	1
TRIB3_-_361656.23-P1P2	5	5809	1059	2
TRIM24_+_138145572.23-P1P2	2	1	2146	1
TRIM24_-_138145197.23-P1P2	885	4544	2442	898
TRIM24_-_138145240.23-P1P2	0	1	1261	0
TRIM24_-_138145308.23-P1P2	1	0	129	0
TRIM24_-_138145400.23-P1P2	7	5605	1259	1
TRIM28_+_59055390.23-P1P2	0	0	712	0
TRIM28_+_59055947.23-P1P2	3264	3433	2319	6975
TRIM28_-_59055460.23-P1P2	2748	2	513	1615
TRIM28_-_59055912.23-P1P2	5023	2	2990	5
TRIM28_-_59056127.23-P1P2	1136	7312	1486	1823
TRIM33_+_115053499.23-P1P2	2670	7785	2565	5
TRIM33_+_115053781.23-P1P2	2157	2	2850	2730
TRIM33_+_115053799.23-P1P2	1582	2	165	0
TRIM33_-_115053636.23-P1P2	14	13826	1555	2770
TRIM33_-_115053795.23-P1P2	1520	1	1746	1747
TRIO_+_14143488.23-P1P2	1478	5202	646	956
TRIO_+_14143496.23-P1P2	2925	4	2557	1847
TRIO_-_14143475.23-P1P2	0	0	1	0
TRIO_-_14143500.23-P1P2	495	2	1734	2
TRIO_-_14143841.23-P1P2	2927	1	2567	2
TRPA1_+_72987396.23-P1P2	0	0	82	0
TRPA1_-_72987334.23-P1P2	2694	2	1232	0
TRPA1_-_72987392.23-P1P2	0	0	605	1
TRPA1_-_72987403.23-P1P2	1392	1	859	1
TRPA1_-_72987798.23-P1P2	2215	4	1678	1826
TRPM6_+_77502325.23-P1P2	1741	1	1427	1591
TRPM6_+_77502333.23-P1P2	5	1942	1729	3196
TRPM6_+_77502354.23-P1P2	0	0	840	1
TRPM6_+_77502357.23-P1P2	0	0	0	0
TRPM6_+_77502525.23-P1P2	2	0	942	1
TRPM7_+_50978794.23-P1P2	4404	2	1139	1910
TRPM7_+_50978930.23-P1P2	1853	6	1493	1658
TRPM7_-_50978595.23-P1P2	1459	1	1371	0
TRPM7_-_50978757.23-P1P2	1	0	1165	1
TRPM7_-_50978805.23-P1P2	0	0	772	0
TRPM8_+_234826008.23-P1P2	0	0	304	0
TRPM8_+_234826065.23-P1P2	1118	0	0	0
TRPM8_-_234826037.23-P1P2	3	0	1703	1765
TRPM8_-_234826077.23-P1P2	2335	1	1077	1685
TRPM8_-_234826256.23-P1P2	2696	5	1370	1891
TRPV1_+_3499964.23-P1P2	1541	5066	843	1794
TRPV1_+_3500317.23-P1P2	1176	0	250	0
TRPV1_+_3500355.23-P1P2	1060	3	348	1292
TRPV1_-_3500224.23-P1P2	950	2	1267	2820
TRPV1_-_3500391.23-P1P2	2308	1639	3933	3234
TRPV3_+_3438861.23-P2	2442	5	1144	5099
TRPV3_+_3438877.23-P2	3065	3246	1348	1245
TRPV3_-_3438848.23-P2	4126	2	3057	1314
TRPV3_-_3438855.23-P2	2882	3849	2477	3711
TRPV3_-_3438888.23-P2	2387	0	545	1980
TRPV3_-_3460656.23-P1	3	1	1086	1389
TRPV3_-_3461053.23-P1	1341	3005	1804	3
TRPV3_-_3461082.23-P1	5	6426	1872	2045
TRPV3_-_3461104.23-P1	1320	3	1204	3277
TRPV3_-_3461113.23-P1	3152	7	926	3679
TRRAP_-_98476108.23-P1P2	1	1	804	0
TRRAP_-_98476196.23-P1P2	1	0	1191	0
TRRAP_-_98476562.23-P1P2	0	0	452	0
TRRAP_-_98476572.23-P1P2	0	0	574	0
TRRAP_-_98476600.23-P1P2	1205	0	795	0
TSKS_+_50266488.23-P1P2	1275	1	1	686
TSKS_+_50266500.23-P1P2	4689	4	1641	3977
TSKS_+_50266521.23-P1P2	3	2201	905	0
TSKS_+_50266535.23-P1P2	1	0	1052	1
TSKS_+_50266539.23-P1P2	1	0	480	0
TSPO_+_43547582.23-P1P2	1258	2	461	1528
TSPO_+_43547598.23-P1P2	1354	2	524	0
TSPO_+_43547937.23-P1P2	788	0	1071	0
TSPO_-_43547927.23-P1P2	0	0	0	0
TSPO_-_43547972.23-P1P2	2025	0	1160	1
TSSK1B_+_112770265.23-P1P2	4	6153	107	1
TSSK1B_+_112770660.23-P1P2	2265	0	352	3
TSSK1B_-_112770593.23-P1P2	5220	5175	2890	3624
TSSK1B_-_112770636.23-P1P2	6	3756	1848	1727
TSSK1B_-_112770670.23-P1P2	1748	1	1027	0
TSSK2_+_19118825.23-P1P2	8	4255	576	2038
TSSK2_+_19119276.23-P1P2	1800	2	1415	1
TSSK2_-_19118809.23-P1P2	3177	2	2959	1
TSSK2_-_19118871.23-P1P2	575	3689	1988	803
TSSK2_-_19118875.23-P1P2	3085	5189	2236	2
TSSK3_-_32827757.23-P1P2	0	0	369	0
TSSK3_-_32827801.23-P1P2	3222	1	1837	1977
TSSK3_-_32828258.23-P1P2	1	0	1179	0
TSSK3_-_32828592.23-P1P2	1050	2622	523	0
TSSK3_-_32828601.23-P1P2	3478	3	1427	1624
TSSK4_+_24674949.23-P1P2	2	0	558	2
TSSK4_+_24674952.23-P1P2	0	0	460	0
TSSK4_+_24674955.23-P1P2	3	0	932	1892
TSSK4_+_24675310.23-P1P2	3	1	214	1359
TSSK4_-_24675358.23-P1P2	1136	1	1482	1
TSSK6_+_19626893.23-P1P2	3	2	1794	1315
TSSK6_+_19626896.23-P1P2	1480	3843	935	1655
TSSK6_+_19626935.23-P1P2	1227	3	1178	1338
TSSK6_-_19626546.23-P1P2	0	1	474	0
TSSK6_-_19626774.23-P1P2	3425	2705	938	2942
TSTA3_+_144699299.23-P1P2	0	0	1611	2
TSTA3_-_144699275.23-P1P2	6	9194	1096	4
TSTA3_-_144699285.23-P1P2	2	1	1	1669
TSTA3_-_144699631.23-P1P2	10517	1796	2020	1654
TSTA3_-_144699678.23-P1P2	410	2	1003	1679
TST_+_37415273.23-P1P2	3453	3	642	4
TST_+_37415316.23-P1P2	1484	1	1108	1
TST_-_37415026.23-P1P2	1882	1	1374	3327
TST_-_37415055.23-P1P2	0	0	901	0
TST_-_37415067.23-P1P2	4	2	994	1750
TTBK1_+_43211259.23-P1P2	1	1	959	3
TTBK1_+_43211658.23-P1P2	1518	1	1813	1
TTBK1_+_43211663.23-P1P2	3730	4	3449	1791
TTBK1_+_43211699.23-P1P2	2151	2725	777	18
TTBK1_-_43211275.23-P1P2	22	2075	1910	0
TTBK2_+_43212572.23-P1P2	173	3	1006	3478
TTBK2_+_43212941.23-P1P2	986	4	626	2
TTBK2_+_43212945.23-P1P2	2360	0	842	1663
TTBK2_+_43212957.23-P1P2	2	0	2534	0
TTBK2_+_43212981.23-P1P2	1692	2	1167	2
TTK_+_80714409.23-P1P2	0	0	0	0
TTK_-_80714359.23-P1P2	0	0	262	0
TTK_-_80714487.23-P1P2	0	0	0	0
TTK_-_80714560.23-P1P2	0	0	150	0
TTK_-_80714765.23-P1P2	0	0	175	0
TTN_+_179659671.23-P2	4088	5422	2213	1672
TTN_+_179659695.23-P2	5268	4804	3958	1162
TTN_+_179672111.23-P1	312	0	1626	0
TTN_+_179672118.23-P1	1280	4	1779	2077
TTN_+_179672155.23-P1	0	0	0	0
TTN_-_179659664.23-P2	0	0	239	1452
TTN_-_179659706.23-P2	2014	3	2094	1
TTN_-_179659709.23-P2	0	0	688	0
TTN_-_179672124.23-P1	2078	3	1956	2097
TTN_-_179672160.23-P1	1632	0	1171	2
TUBA1B_+_49524988.23-P1P2	0	0	107	0
TUBA1B_-_49524730.23-P1P2	0	0	139	0
TUBA1B_-_49524741.23-P1P2	0	0	0	0
TUBA1B_-_49525087.23-P1P2	0	0	0	0
TUBA1B_-_49525184.23-P1P2	0	0	0	0
TUBA3C_+_19755878.23-P1P2	0	0	1493	0
TUBA3C_+_19755898.23-P1P2	4239	0	2211	1
TUBA3C_+_19755904.23-P1P2	1	1	1301	1763
TUBA3C_+_19755911.23-P1P2	0	0	516	0
TUBA3C_-_19756039.23-P1P2	1597	2	1882	0
TUBA4A_+_220117971.23-P1P2	4320	1	1548	1204
TUBA4A_+_220118576.23-P1P2	4230	2537	2703	2497
TUBA4A_-_220118407.23-P1P2	0	0	51	0
TUBA4A_-_220118432.23-P1P2	6	5761	607	8
TUBA4A_-_220118594.23-P1P2	410	0	862	1657
TUBA8_+_18593940.23-P1P2	2521	10124	1542	4
TUBA8_-_18593584.23-P1P2	3	0	2239	1
TUBA8_-_18593613.23-P1P2	4441	5	3902	2000
TUBA8_-_18593840.23-P1P2	0	1	410	2021
TUBA8_-_18593989.23-P1P2	2	0	1655	3402
TUBB1_+_57594465.23-P1P2	2181	7794	2033	1908
TUBB1_+_57594481.23-P1P2	1560	3	675	1746
TUBB1_+_57594503.23-P1P2	5	4	1768	6189
TUBB1_+_57594511.23-P1P2	2	0	663	2
TUBB1_+_57594915.23-P1P2	0	0	351	0
TUBB2B_+_3227830.23-P1	2611	2	1341	2719
TUBB2B_+_3227874.23-P1	2261	2632	1394	2553
TUBB2B_+_3231512.23-P2	3	1780	1281	0
TUBB2B_+_3231543.23-P2	1	5081	416	6
TUBB2B_-_3227590.23-P1	0	0	1497	0
TUBB2B_-_3227808.23-P1	1499	3	1731	4967
TUBB2B_-_3227863.23-P1	3656	2	1759	2468
TUBB2B_-_3231506.23-P2	1	1	1431	1
TUBB2B_-_3231720.23-P2	1126	1	1641	1671
TUBB2B_-_3231942.23-P2	4551	1329	1412	1
TUBB3_+_89988390.23-P2	4	4687	311	3
TUBB3_+_89988412.23-P2	1291	1	1681	2
TUBB3_+_89988811.23-P2	0	0	820	0
TUBB3_+_89989787.23-P1	4292	3	1740	1952
TUBB3_+_89989791.23-P1	842	0	872	1
TUBB3_+_89990023.23-P1	1897	2477	1327	989
TUBB3_+_89990057.23-P1	2814	5225	1206	3186
TUBB3_+_89990181.23-P1	2	1	1267	1
TUBB3_-_89988505.23-P2	1256	1	2290	1
TUBB3_-_89988795.23-P2	2689	4	516	3
TUBB_+_30688126.23-P1	4	5187	582	3
TUBB_+_30688137.23-P1	0	0	370	0
TUBB_+_30688145.23-P1	0	0	501	0
TUBB_+_30688173.23-P1	0	0	98	0
TUBB_+_30689418.23-P2	819	3649	2208	1788
TUBB_+_30689424.23-P2	799	2301	1490	3457
TUBB_+_30689435.23-P2	2	2	1331	1027
TUBB_+_30689619.23-P2	0	0	486	0
TUBB_-_30688042.23-P1	2	1	1807	0
TUBB_-_30689493.23-P2	4679	2	2275	3614
TUB_+_8060356.23-ENST00000305253.4	2381	1	637	1
TUB_+_8060398.23-ENST00000305253.4	469	0	1085	0
TUB_-_8060341.23-ENST00000305253.4	1152	2	556	0
TUB_-_8060770.23-ENST00000305253.4	1539	0	894	1
TUB_-_8060822.23-ENST00000305253.4	2	0	739	1
TUFM_+_28857223.23-P1P2	1528	4586	1132	2
TUFM_+_28857597.23-P1P2	3	0	341	1553
TUFM_+_28857614.23-P1P2	1	1522	590	2
TUFM_-_28857611.23-P1P2	0	0	510	0
TUFM_-_28857649.23-P1P2	2815	1	554	1390
TWF1_+_44199657.23-P1P2	5	1	1876	3748
TWF1_+_44199676.23-P1P2	0	0	0	0
TWF1_-_44199706.23-P1P2	1	2	323	1506
TWF1_-_44199727.23-P1P2	4155	4	974	1
TWF1_-_44199731.23-P1P2	1685	3	110	1613
TWF2_+_52273138.23-P1P2	5	9	1725	8542
TWF2_-_52272724.23-P1P2	0	0	537	0
TWF2_-_52273083.23-P1P2	1389	6898	2288	3102
TWF2_-_52273112.23-P1P2	0	0	211	0
TWF2_-_52273115.23-P1P2	0	0	365	0
TXK_+_48116534.23-P2	3450	5877	875	5
TXK_+_48135793.23-P1	1105	7	1423	3312
TXK_+_48136192.23-P1	2885	3030	2247	2326
TXK_-_48116139.23-P2	0	2	833	0
TXK_-_48116294.23-P2	1138	1	1244	0
TXK_-_48116487.23-P2	0	0	619	1
TXK_-_48116550.23-P2	1293	2	314	1
TXK_-_48136176.23-P1	1564	2	577	0
TXK_-_48136204.23-P1	3585	5761	863	908
TXK_-_48136235.23-P1	7	2706	120	3367
TXNDC12_+_52520810.23-P1P2	2561	3	830	3558
TXNDC12_+_52520830.23-P1P2	1086	2	813	1
TXNDC12_+_52521390.23-P1P2	0	0	879	0
TXNDC12_-_52521215.23-P1P2	0	0	127	0
TXNDC12_-_52521320.23-P1P2	1227	3419	454	4
TXNRD1_+_104609660.23-ENST00000429002.2,ENST00000525566.1	90	0	112	0
TXNRD1_-_104609584.23-ENST00000429002.2,ENST00000525566.1	3254	1	1336	1
TXNRD1_-_104609607.23-ENST00000429002.2,ENST00000525566.1	1598	10341	1351	1554
TXNRD1_-_104609641.23-ENST00000429002.2,ENST00000525566.1	3196	3008	1442	2128
TXNRD1_-_104609903.23-ENST00000429002.2,ENST00000525566.1	1	0	1023	0
TYK2_+_10491137.23-P1P2	0	1	456	0
TYK2_+_10491168.23-P1P2	2998	3	952	1
TYK2_+_10491184.23-P1P2	2	2159	289	2
TYK2_-_10491130.23-P1P2	752	3	1716	3693
TYK2_-_10491195.23-P1P2	0	0	393	1973
TYRO3_+_41851407.23-P1P2	3385	1	1597	1640
TYRO3_+_41851449.23-P1P2	5011	2686	2591	5326
TYRO3_+_41851894.23-P1P2	1573	3	443	4118
TYRO3_-_41851466.23-P1P2	2043	916	3306	3
TYRO3_-_41851477.23-P1P2	1481	1	376	1
TYROBP_+_36399122.23-P1P2	2960	2	597	2
TYROBP_+_36399151.23-P1P2	211	6910	996	4
TYROBP_-_36398939.23-P1P2	2515	1	945	1
TYROBP_-_36399090.23-P1P2	1944	3	2492	1501
TYROBP_-_36399163.23-P1P2	1344	2	1771	3515
TYR_+_88911077.23-P1P2	1014	3197	835	5649
TYR_+_88911085.23-P1P2	1626	1	666	1
TYR_+_88911144.23-P1P2	1502	0	219	0
TYR_-_88911116.23-P1P2	424	8	1899	3671
TYR_-_88911475.23-P1P2	3	3	1187	0
UAP1_-_162531574.23-P1P2	1519	2231	1438	1944
UAP1_-_162531807.23-P1P2	1436	9843	1908	3786
UAP1_-_162531891.23-P1P2	1567	2	276	1565
UAP1_-_162531958.23-P1P2	1256	0	1153	1371
UAP1_-_162531975.23-P1P2	0	1	913	1
UBA1_+_47050494.23-P2	3	0	357	4335
UBA1_+_47053222.23-P1	5	5394	337	3
UBA1_-_47050253.23-P2	0	3	2456	2034
UBA1_-_47050273.23-P2	0	1	617	0
UBA1_-_47050276.23-P2	1	1	327	2036
UBA1_-_47050698.23-P2	1529	1	1585	932
UBA1_-_47053254.23-P1	1164	5032	1324	3
UBA1_-_47053257.23-P1	1302	0	309	1
UBA1_-_47053260.23-P1	0	1	698	1
UBA1_-_47053322.23-P1	1313	3	1418	3318
UBC_+_125399203.23-P1P2	1395	0	701	0
UBC_+_125399326.23-P1P2	1	1	57	1841
UBC_-_125398724.23-P1P2	3298	3	1308	1823
UBC_-_125398739.23-P1P2	2742	3	1880	3930
UBC_-_125399182.23-P1P2	15	5475	509	3
UCK1_+_134406648.23-P1P2	2201	1	2221	2
UCK1_-_134406166.23-P1P2	2241	0	877	2
UCK1_-_134406179.23-P1P2	1727	3	269	2140
UCK1_-_134406411.23-P1P2	8411	3855	1945	1565
UCK1_-_134406644.23-P1P2	1	0	1179	0
UCK2_+_165797244.23-P1P2	0	2945	892	0
UCK2_+_165797262.23-P1P2	2	2652	562	4
UCK2_-_165796883.23-P1P2	2561	2	1694	6
UCK2_-_165797009.23-P1P2	4	5	1378	4055
UCK2_-_165797258.23-P1P2	5288	7	971	3332
UCKL1_+_62587336.23-P1P2	1648	2	1561	933
UCKL1_+_62587737.23-P1P2	4	3554	1654	1063
UCKL1_-_62587346.23-P1P2	2299	0	2262	1287
UCKL1_-_62587371.23-P1P2	1914	0	323	0
UCKL1_-_62587685.23-P1P2	3169	3	2020	1144
UGCG_+_114659078.23-P1P2	1	0	1036	0
UGCG_+_114659235.23-P1P2	2589	4	962	2129
UGCG_+_114659529.23-P1P2	0	0	180	0
UGCG_+_114659740.23-P1P2	3631	7	2373	2824
UGCG_-_114659148.23-P1P2	3	2625	1068	0
UGDH_+_39528570.23-P1P2	1399	2	1325	1
UGDH_+_39528999.23-P1P2	7	6026	1050	1716
UGDH_+_39529031.23-P1P2	2892	2	620	1916
UGDH_+_39529046.23-P1P2	14598	10	2746	5658
UGDH_+_39529150.23-P1P2	2394	0	806	2
UGP2_+_64068535.23-P1P2	0	0	298	0
UGP2_+_64068539.23-P1P2	121	2	3098	3411
UGP2_-_64068201.23-P1P2	1593	2	296	0
UGP2_-_64068857.23-P1P2	822	3290	305	1456
UGP2_-_64068866.23-P1P2	4166	3899	621	1414
UGT1A9_+_234580518.23-P1P2	0	0	218	0
UGT1A9_+_234580548.23-P1P2	4838	6	1274	5496
UGT1A9_+_234580603.23-P1P2	1516	2	767	2
UGT1A9_-_234580537.23-P1P2	7	6091	1	1
UGT1A9_-_234580593.23-P1P2	0	2	554	1794
UGT3A1_+_35991091.23-P1P2	1371	0	237	3
UGT3A1_+_35991473.23-P1P2	2	1	753	2189
UGT3A1_-_35991106.23-P1P2	2	3218	733	1
UGT3A1_-_35991431.23-P1P2	1806	3	834	2
UGT3A1_-_35991456.23-P1P2	805	5151	762	143
UHMK1_+_162467695.23-P1P2	3091	3	1870	3607
UHMK1_+_162467742.23-P1P2	5108	3000	3926	1546
UHMK1_+_162467890.23-P1P2	1406	4350	1517	1
UHMK1_-_162467669.23-P1P2	1538	2860	2064	2
UHMK1_-_162467672.23-P1P2	3	1655	293	0
ULK1_+_132379226.23-P1P2	1252	0	673	1
ULK1_+_132379246.23-P1P2	1608	3	1247	2
ULK1_-_132379318.23-P1P2	1279	0	1557	1
ULK1_-_132379580.23-P1P2	2121	1	868	963
ULK1_-_132379643.23-P1P2	4272	2	932	3996
ULK2_+_19771021.23-P1P2	566	5	1045	3873
ULK2_+_19771156.23-P1P2	4	6	1385	4722
ULK2_+_19771159.23-P1P2	4458	5276	3071	5
ULK2_-_19770755.23-P1P2	0	0	475	0
ULK2_-_19771204.23-P1P2	5467	9545	4369	2758
ULK3_+_75134980.23-P1P2	622	5897	2073	2323
ULK3_+_75135243.23-P1P2	2	0	1129	0
ULK3_+_75135271.23-P1P2	1563	0	368	2
ULK3_+_75135439.23-P1P2	2968	1468	1635	1402
ULK3_-_75135226.23-P1P2	1391	2	2124	1492
ULK4_+_42003532.23-P1P2	780	5808	2194	2824
ULK4_-_42003081.23-P1P2	6548	4	2735	5540
ULK4_-_42003123.23-P1P2	3551	1614	2448	1870
ULK4_-_42003171.23-P1P2	0	1	781	1
ULK4_-_42003544.23-P1P2	1368	4	799	1261
UPP1_+_48128906.23-P1P2	1400	2474	1895	2119
UPP1_+_48128909.23-P1P2	2	3	1286	1663
UPP1_+_48128917.23-P1P2	2199	3	1206	2
UPP1_+_48128921.23-P1P2	1454	2642	1404	460
UPP1_+_48129281.23-P1P2	1622	1	620	0
UQCR10_+_30163554.23-P1P2	876	1	557	1634
UQCR10_+_30163762.23-P1P2	2	1	1025	1203
UQCR10_-_30163537.23-P1P2	2	3	1945	1856
UQCR10_-_30163599.23-P1P2	0	1	1002	1
UQCR10_-_30163605.23-P1P2	0	0	163	0
UQCRB_+_97247411.23-P1P2	0	0	297	0
UQCRB_+_97247725.23-P1P2	1069	0	149	0
UQCRB_-_97247570.23-P1P2	1451	1	1201	0
UQCRB_-_97247585.23-P1P2	0	1	1484	1
UQCRB_-_97247802.23-P1P2	0	0	0	0
UQCRC1_+_48642777.23-P2	0	0	423	0
UQCRC1_+_48642976.23-P2	2523	1	1533	3
UQCRC1_+_48643236.23-P2	1	0	790	0
UQCRC1_+_48647013.23-P1	0	1	1093	0
UQCRC1_+_48647028.23-P1	2811	3	1140	4
UQCRC1_+_48647049.23-P1	1298	5592	630	3
UQCRC1_+_48647230.23-P1	2680	2	1532	1881
UQCRC1_-_48643022.23-P2	1	0	1348	1122
UQCRC1_-_48643052.23-P2	1473	5	1408	3693
UQCRC1_-_48647042.23-P1	1493	2910	160	1937
UQCRQ_+_132202723.23-P1P2	0	2	1389	0
UQCRQ_+_132202789.23-P1P2	1	2	357	1817
UQCRQ_+_132202792.23-P1P2	0	1	873	1685
UQCRQ_-_132202352.23-P1P2	872	4764	1199	4
UQCRQ_-_132202364.23-P1P2	0	0	474	0
UROD_+_45478049.23-P1P2	0	2	1496	2
UROD_+_45478318.23-P1P2	0	0	0	0
UROD_-_45477940.23-P1P2	4	5324	385	1
UROD_-_45477955.23-P1P2	6	2564	1116	1
UROD_-_45478371.23-P1P2	1	2269	279	0
VAMP1_+_6579358.23-P1P2	2	1	514	0
VAMP1_+_6579392.23-P1P2	837	0	688	1
VAMP1_-_6579453.23-P1P2	0	0	1227	1
VAMP1_-_6579770.23-P1P2	1	2	614	1
VAMP1_-_6579820.23-P1P2	3838	1683	3646	2013
VAMP2_+_8065808.23-P1P2	0	0	396	0
VAMP2_+_8065818.23-P1P2	0	0	848	1
VAMP2_+_8065840.23-P1P2	6	1236	1940	5400
VAMP2_+_8066260.23-P1P2	3	1988	1922	901
VAMP2_-_8066267.23-P1P2	1320	4	1559	1960
VARS_+_31763449.23-P1P2	0	0	0	0
VARS_+_31763457.23-P1P2	0	0	0	0
VARS_+_31763486.23-P1P2	0	0	0	0
VARS_-_31763104.23-P1P2	0	0	0	0
VARS_-_31763433.23-P1P2	0	0	104	1
VDAC1_+_133340041.23-P1P2	2664	5	1539	1858
VDAC1_+_133340336.23-P1P2	6114	6	1259	2
VDAC1_+_133340407.23-P1P2	1258	1	1316	0
VDAC1_-_133340399.23-P1P2	1	2	1400	0
VDAC1_-_133340412.23-P1P2	3	2227	428	2
VDAC2_+_76970763.23-P1P2	0	0	121	0
VDAC2_+_76970821.23-P1P2	0	0	0	0
VDAC2_+_76970831.23-P1P2	0	0	0	0
VDAC2_+_76971070.23-P1P2	0	0	330	0
VDAC2_-_76970971.23-P1P2	7	5121	2	2
VDAC3_+_42249411.23-P1P2	5760	3	2375	1
VDAC3_+_42249432.23-P1P2	3672	1	970	3823
VDAC3_+_42249786.23-P1P2	1	1	1514	0
VDAC3_-_42249431.23-P1P2	4294	2967	2094	1877
VDAC3_-_42249854.23-P1P2	4	1	1773	2234
VKORC1L1_+_65338056.23-P1P2	1	0	805	1635
VKORC1L1_+_65338072.23-P1P2	787	2768	761	2
VKORC1L1_+_65338081.23-P1P2	461	0	1194	833
VKORC1L1_+_65338090.23-P1P2	835	4	1284	4550
VKORC1L1_-_65338303.23-P1P2	925	0	1097	1
VKORC1_+_31105741.23-P1P2	4080	8816	2364	5339
VKORC1_+_31106045.23-P1P2	950	1	753	1568
VKORC1_-_31105910.23-P1P2	2854	1	1702	3585
VKORC1_-_31106029.23-P1P2	676	1	1281	2700
VKORC1_-_31106059.23-P1P2	2746	4	527	1476
VRK1_-_97263729.23-P1P2	5	6062	770	1944
VRK1_-_97263738.23-P1P2	2	1	1609	456
VRK1_-_97263741.23-P1P2	3	2747	1093	1889
VRK1_-_97263789.23-P1P2	0	0	463	0
VRK1_-_97263792.23-P1P2	1420	1263	1571	0
VRK2_+_58273999.23-P1P2	4469	4	990	1968
VRK2_-_58273952.23-P1P2	4904	4	1392	3709
VRK2_-_58273960.23-P1P2	2423	5	2273	4537
VRK2_-_58273963.23-P1P2	1308	2	683	0
VRK2_-_58274358.23-P1P2	694	0	1823	0
VRK3_+_50528570.23-P1P2	4549	2	835	5596
VRK3_+_50528591.23-P1P2	3236	3228	429	0
VRK3_+_50528601.23-P1P2	1316	1	438	1
VRK3_+_50528627.23-P1P2	3	2	2508	2
VRK3_-_50528244.23-P1P2	0	2	1096	1668
VTN_+_26697269.23-P1P2	3235	0	1471	1044
VTN_-_26696845.23-P1P2	0	0	267	0
VTN_-_26697217.23-P1P2	597	1	0	1946
VTN_-_26697296.23-P1P2	1661	2980	1439	8
VTN_-_26697301.23-P1P2	1218	0	735	1475
VWF_+_6233480.23-P1P2	1664	0	114	0
VWF_+_6233658.23-P1P2	1	1	468	0
VWF_+_6233837.23-P1P2	1448	0	1018	2
VWF_-_6233427.23-P1P2	3720	5	1427	4
VWF_-_6233451.23-P1P2	0	1	414	0
WARS2_+_119683202.23-P1P2	0	0	433	0
WARS2_+_119683216.23-P1P2	1412	1	1116	1
WARS2_+_119683246.23-P1P2	0	0	295	0
WARS2_-_119683058.23-P1P2	2	0	983	2
WARS2_-_119683199.23-P1P2	0	0	124	1
WARS_+_100841441.23-P1P2	2	1	855	0
WARS_+_100841618.23-P1P2	1236	0	659	0
WARS_-_100841623.23-P1P2	1676	0	180	1
WARS_-_100841647.23-P1P2	2	0	889	0
WARS_-_100841664.23-P1P2	1409	2	2026	1
WDSUB1_+_160142791.23-P1P2	1924	2	1201	0
WDSUB1_+_160142794.23-P1P2	676	2	1137	1
WDSUB1_+_160143132.23-P1P2	0	2	1782	1431
WDSUB1_-_160142848.23-P1P2	0	0	217	0
WDSUB1_-_160143003.23-P1P2	0	0	147	0
WEE1_+_9595254.23-P1P2	0	0	0	0
WEE1_+_9595305.23-P1P2	0	0	11	0
WEE1_+_9595640.23-P1P2	0	0	4	0
WEE1_-_9595630.23-P1P2	0	0	420	0
WEE1_-_9595639.23-P1P2	1	0	828	0
WNK1_+_861813.23-P1P2	872	1	219	1
WNK1_+_862246.23-P1P2	1958	5	2633	4533
WNK1_+_862268.23-P1P2	2053	4	1797	2634
WNK1_-_861739.23-P1P2	725	2	1001	4919
WNK1_-_861781.23-P1P2	1054	0	1105	0
WNK2_+_95946840.23-P1P2	2	1119	3176	2811
WNK2_+_95946928.23-P1P2	4378	4	724	2702
WNK2_+_95947922.23-P1P2	5	2	1164	1358
WNK2_-_95947569.23-P1P2	1	0	1651	1
WNK2_-_95947868.23-P1P2	954	0	424	0
WNK3_+_54384033.23-P1P2	1364	1406	920	1
WNK3_+_54384079.23-P1P2	5	5247	520	1
WNK3_+_54384185.23-P1P2	1440	0	954	2
WNK3_+_54384244.23-P1P2	1038	2	1477	3255
WNK3_-_54384475.23-P1P2	1238	1	1328	1693
WNK4_+_40932692.23-P1P2	1398	5	1131	817
WNK4_+_40932966.23-P1P2	1185	5194	778	3
WNK4_+_40933056.23-P1P2	1843	1824	1208	3370
WNK4_-_40933038.23-P1P2	3617	5	2249	5728
WNK4_-_40933067.23-P1P2	1147	0	1223	0
XYLB_+_38388525.23-P1P2	0	0	0	0
XYLB_+_38388704.23-P1P2	2637	0	966	1742
XYLB_-_38388318.23-P1P2	3624	1359	2419	2799
XYLB_-_38388365.23-P1P2	1	0	514	0
XYLB_-_38388790.23-P1P2	1937	4	607	1504
YARS2_+_32908426.23-P1P2	0	0	194	960
YARS2_+_32908437.23-P1P2	0	0	540	0
YARS2_-_32908373.23-P1P2	1324	5472	1001	1959
YARS2_-_32908772.23-P1P2	0	0	72	0
YARS2_-_32908798.23-P1P2	0	0	397	0
YARS_+_33282894.23-P1P2	1	2	281	1779
YARS_+_33282919.23-P1P2	0	0	164	0
YARS_-_33282508.23-P1P2	3142	5	2728	907
YARS_-_33282520.23-P1P2	0	0	351	0
YARS_-_33282523.23-P1P2	1281	1	1187	0
YES1_+_811844.23-P1P2	0	0	543	0
YES1_+_812201.23-P1P2	2912	0	253	0
YES1_-_811863.23-P1P2	1	3	1121	0
YES1_-_812244.23-P1P2	2107	1499	1401	1593
YES1_-_812277.23-P1P2	1732	2587	631	1
ZAK_+_173940948.23-P1P2	1503	0	1203	2
ZAK_-_173940595.23-P1P2	6112	4167	3321	1435
ZAK_-_173940598.23-P1P2	0	1	1232	2
ZAK_-_173940994.23-P1P2	2632	1	616	1
ZAK_-_173941145.23-P1P2	6	2	2922	3441
ZAP70_+_98330099.23-P1P2	4	7452	2106	1971
ZAP70_+_98330268.23-P1P2	2	3	1330	2961
ZAP70_+_98330467.23-P1P2	1	0	1864	3
ZAP70_+_98330488.23-P1P2	4247	3184	1679	3165
ZAP70_-_98330506.23-P1P2	4448	6	2071	3625
ZC3HC1_+_129691069.23-P1P2	0	0	560	0
ZC3HC1_+_129691168.23-P1P2	1296	2	842	1479
ZC3HC1_+_129691186.23-P1P2	5581	2980	1831	3
ZC3HC1_+_129691202.23-P1P2	4260	4	2031	1543
ZC3HC1_-_129691196.23-P1P2	2061	1	774	1
ZFY_+_2803455.23-P1P2	854	2	1643	1416
ZFY_+_2803472.23-P1P2	0	1	1148	2024
ZFY_+_2803480.23-P1P2	4419	4105	1296	3594
ZFY_+_2803658.23-P1P2	2417	11190	3256	3560
ZFY_-_2803487.23-P1P2	4	6555	1747	2
ZMYND8_+_45985399.23-P1P2	508	0	1131	1
ZMYND8_-_45985017.23-P1P2	0	0	615	1126
ZMYND8_-_45985021.23-P1P2	3674	3315	530	1929
ZMYND8_-_45985363.23-P1P2	1598	0	455	0
ZMYND8_-_45985407.23-P1P2	0	0	361	0
non-targeting_00000	1971	1	993	0
non-targeting_00001	3	1	679	1948
non-targeting_00002	8	1736	1685	4261
non-targeting_00003	2	3047	1399	1476
non-targeting_00004	1170	1817	1212	0
non-targeting_00005	1617	3	793	1638
non-targeting_00006	1635	3	903	3306
non-targeting_00007	1488	10795	2101	780
non-targeting_00008	1	3414	184	3
non-targeting_00009	4	6214	1342	6
non-targeting_00010	736	961	2310	2498
non-targeting_00011	2779	4525	501	1
non-targeting_00012	4291	6	3074	2958
non-targeting_00013	900	5037	1166	899
non-targeting_00014	12	4540	939	3522
non-targeting_00015	3946	2	2924	961
non-targeting_00016	1629	9448	1388	4
non-targeting_00017	0	2396	192	0
non-targeting_00018	2589	2	708	2
non-targeting_00019	1314	6	1663	6184
non-targeting_00020	1301	5	1030	2011
non-targeting_00021	0	0	247	0
non-targeting_00022	1464	1	1230	867
non-targeting_00023	4	0	690	0
non-targeting_00024	2232	5	978	3385
non-targeting_00025	1605	0	1590	1
non-targeting_00026	0	0	1164	0
non-targeting_00027	1	2	1471	813
non-targeting_00028	989	2	1578	2
non-targeting_00029	0	0	365	0
non-targeting_00030	1476	5088	899	6
non-targeting_00031	1640	0	256	0
non-targeting_00032	1679	0	1408	1
non-targeting_00033	2	4154	1162	1644
non-targeting_00034	1	0	658	0
non-targeting_00035	2694	1	1457	1
non-targeting_00036	1	0	411	0
non-targeting_00037	982	2	1900	4
non-targeting_00038	1934	0	1695	3470
non-targeting_00039	2626	3783	1115	1877
non-targeting_00040	1423	5	2465	3
non-targeting_00041	1559	3	1610	2179
non-targeting_00042	1350	1	979	0
non-targeting_00043	2783	6	1968	3057
non-targeting_00044	2160	1	1452	2
non-targeting_00045	5354	6	1666	1642
non-targeting_00046	1189	4	2504	3246
non-targeting_00047	1538	0	236	1
non-targeting_00048	7	5824	1422	3
non-targeting_00049	0	0	0	0
non-targeting_00050	1	0	1251	2237
non-targeting_00051	2004	4192	608	5
non-targeting_00052	1736	2851	1789	1427
non-targeting_00053	352	3	1088	1999
non-targeting_00054	0	1	124	1150
non-targeting_00055	2813	1	1866	1
non-targeting_00056	0	0	167	0
non-targeting_00057	2759	4993	2976	2097
non-targeting_00058	5	6536	1503	4
non-targeting_00059	3063	2	746	1
non-targeting_00060	2018	1	1148	3399
non-targeting_00061	0	0	151	0
non-targeting_00062	1536	4	1421	4919
non-targeting_00063	1	2	602	1
non-targeting_00064	2293	0	789	4
non-targeting_00065	1160	1	1781	1
non-targeting_00066	2	0	1160	1
non-targeting_00067	2910	722	3203	4139
non-targeting_00068	0	0	814	0
non-targeting_00069	889	959	1401	110
non-targeting_00070	3	3	532	4593
non-targeting_00071	13	13106	1269	1241
non-targeting_00072	1472	3	1378	1774
non-targeting_00073	2	4	2395	1784
non-targeting_00074	0	0	1139	1
non-targeting_00075	1681	2635	418	1689
non-targeting_00076	1040	6665	1170	1
non-targeting_00077	1224	1	616	0
non-targeting_00078	1246	2	2348	1
non-targeting_00079	1207	2	551	2
non-targeting_00080	814	0	1281	1
non-targeting_00081	0	0	132	0
non-targeting_00082	0	0	90	0
non-targeting_00083	1	0	860	0
non-targeting_00084	1365	13982	2248	1005
non-targeting_00085	1	1	1024	1
non-targeting_00086	2	1	475	1624
non-targeting_00087	1535	0	350	692
non-targeting_00088	0	0	573	0
non-targeting_00089	6	4139	1116	2
non-targeting_00090	5133	7277	2020	2540
non-targeting_00091	6515	1	2489	5
non-targeting_00092	1	0	122	0
non-targeting_00093	140	2	655	1450
non-targeting_00094	3121	6	1805	3651
non-targeting_00095	1	1	1391	2
non-targeting_00096	2	0	1038	1567
non-targeting_00097	1250	0	999	2
non-targeting_00098	1208	0	611	1
non-targeting_00099	6475	3112	968	2
non-targeting_00100	1735	0	644	1
non-targeting_00101	3259	1	1760	3852
non-targeting_00102	5386	5323	1385	3253
non-targeting_00103	0	0	496	0
non-targeting_00104	1049	2	384	0
non-targeting_00105	0	0	196	0
non-targeting_00106	2426	5316	683	3371
non-targeting_00107	3	5	1659	3933
non-targeting_00108	0	0	410	1856
non-targeting_00109	1304	2	774	0
non-targeting_00110	3	1	1233	1812
non-targeting_00111	2967	5662	1882	2463
non-targeting_00112	3290	2	1221	91
non-targeting_00113	3	0	620	1677
non-targeting_00114	1852	3	925	855
non-targeting_00115	2432	1	666	1343
non-targeting_00116	2780	2	2101	0
non-targeting_00117	0	0	191	0
non-targeting_00118	0	1	984	0
non-targeting_00119	4262	3	1710	3
non-targeting_00120	2333	3	240	0
non-targeting_00121	3520	4743	3501	1564
non-targeting_00122	1	0	140	0
non-targeting_00123	8	2624	1758	4726
non-targeting_00124	1670	3	153	2
non-targeting_00125	7058	3	1572	3975
non-targeting_00126	0	0	0	0
non-targeting_00127	493	3105	595	5377
non-targeting_00128	2791	1	1137	1311
non-targeting_00129	2729	7	2002	3982
non-targeting_00130	1	0	895	1499
non-targeting_00131	807	3	547	1
non-targeting_00132	4801	4	2008	3962
non-targeting_00133	0	2	500	862
non-targeting_00134	231	2	1126	1773
non-targeting_00135	923	5043	1849	1
non-targeting_00136	2298	4186	1240	1373
non-targeting_00137	2576	2	799	0
non-targeting_00138	0	5080	924	3
non-targeting_00139	1429	2	580	1
non-targeting_00140	6	3296	337	1704
non-targeting_00141	0	1	1534	1
non-targeting_00142	2	1	939	2015
non-targeting_00143	1083	6458	895	6
non-targeting_00144	1649	2	1189	1
non-targeting_00145	1078	7306	2042	5263
non-targeting_00146	1863	1	522	1961
non-targeting_00147	0	0	0	0
non-targeting_00148	664	1	1408	0
non-targeting_00149	1451	1	1177	3372
non-targeting_00150	0	0	1048	0
non-targeting_00151	2637	1	2281	1270
non-targeting_00152	0	0	777	0
non-targeting_00153	864	0	895	2
non-targeting_00154	4367	6045	1686	7478
non-targeting_00155	3077	2691	2176	4130
non-targeting_00156	2843	4322	1588	1603
non-targeting_00157	1670	0	658	0
non-targeting_00158	0	0	124	0
non-targeting_00159	905	0	650	0
non-targeting_00160	4228	5	1125	2346
non-targeting_00161	1	0	555	1
non-targeting_00162	4	2932	353	1
non-targeting_00163	4403	4707	961	1811
non-targeting_00164	1436	4283	3650	3
non-targeting_00165	3	4564	1578	1448
non-targeting_00166	2441	0	1622	1528
non-targeting_00167	2294	4	1746	2069
non-targeting_00168	0	0	115	0
non-targeting_00169	0	0	0	0
non-targeting_00170	1510	3	405	1962
non-targeting_00171	1	2	1503	0
non-targeting_00172	5	1	688	1627
non-targeting_00173	1569	3	995	1561
non-targeting_00174	1003	0	2016	1435
non-targeting_00175	0	0	651	0
non-targeting_00176	1504	5198	2743	3579
non-targeting_00177	2534	1	192	2
non-targeting_00178	1	0	1161	0
non-targeting_00179	1	0	524	0
non-targeting_00180	2	0	196	0
non-targeting_00181	3815	3	2117	6529
non-targeting_00182	2875	4334	2246	1890
non-targeting_00183	3	4785	585	3
non-targeting_00184	0	0	259	0
non-targeting_00185	4	3	2310	1783
non-targeting_00186	2378	2	1017	1
non-targeting_00187	4765	7254	5269	2055
non-targeting_00188	1422	3	675	1037
non-targeting_00189	1024	1	1030	3286
non-targeting_00190	10	4877	855	1730
non-targeting_00191	2751	4133	1858	3
non-targeting_00192	7902	6	2856	4
non-targeting_00193	1185	2385	1693	1028
non-targeting_00194	2896	7239	2678	3077
non-targeting_00195	0	0	867	0
non-targeting_00196	1409	5664	1283	3
non-targeting_00197	4791	6	2616	3149
non-targeting_00198	3	0	1047	1367
non-targeting_00199	3	1	2094	2069
non-targeting_00200	4734	2132	4880	3348
non-targeting_00201	4	1064	1178	2659
non-targeting_00202	3853	3	1797	2774
non-targeting_00203	1174	5130	2190	3
non-targeting_00204	3439	5017	1590	1279
non-targeting_00205	1188	8498	5771	4169
non-targeting_00206	0	1	854	0
non-targeting_00207	5	1	1496	1125
non-targeting_00208	1890	8637	1931	1352
non-targeting_00209	0	1	580	0
non-targeting_00210	2192	5	1785	4930
non-targeting_00211	3698	2666	2481	2580
non-targeting_00212	1530	0	890	0
non-targeting_00213	2791	4	820	0
non-targeting_00214	3	5103	1888	1615
non-targeting_00215	624	0	467	0
non-targeting_00216	0	0	381	0
non-targeting_00217	0	1	183	1078
non-targeting_00218	2101	5	1731	1446
non-targeting_00219	1571	1	387	1
non-targeting_00220	4681	6294	2000	2032
non-targeting_00221	4830	3468	3409	4635
non-targeting_00222	3501	2	490	1575
non-targeting_00223	2156	5	2117	3076
non-targeting_00224	1	0	746	0
non-targeting_00225	1	0	611	1
non-targeting_00226	1911	5242	1936	1329
non-targeting_00227	8	2678	1513	3400
non-targeting_00228	3239	2501	2021	2
non-targeting_00229	3	1	741	1522
non-targeting_00230	0	0	1184	1120
non-targeting_00231	1340	1	1166	2
non-targeting_00232	1	0	636	0
non-targeting_00233	1487	1	117	0
non-targeting_00234	1	5	1785	3181
non-targeting_00235	1707	3	254	1707
non-targeting_00236	1493	1	1357	1
non-targeting_00237	7514	6292	2205	1599
non-targeting_00238	4467	9	1924	9439
non-targeting_00239	2909	2833	1375	2375
non-targeting_00240	6	2	2726	1842
non-targeting_00241	292	3	1945	2138
non-targeting_00242	0	0	436	0
non-targeting_00243	1158	0	1276	1184
non-targeting_00244	2437	6527	1864	1752
non-targeting_00245	3628	1976	2665	1591
non-targeting_00246	765	2	1287	3
non-targeting_00247	0	0	578	1
non-targeting_00248	1185	1	808	2681
non-targeting_00249	2582	0	439	3
