	lower	lower	lower	lower	upper	upper	upper	upper
	Rep1	Rep1	Rep1	Rep1	Rep1	Rep1	Rep1	Rep1
	Mann-Whitney p-value	average phenotype of strongest 3	sgRNA count_MW	sgRNA count_avg	Mann-Whitney p-value	average phenotype of strongest 3	sgRNA count_MW	sgRNA count_avg
gene								
AADACL2	0.8668812065459899	-0.22991852899422227	1	1	0.33094927500753824	-9.103203948620553	1	1
AADAT	0.8377492101519326	4.571001096138414	4	4	0.90747603745455	-5.782507675385958	4	4
AAK1	0.9645762041869574	2.7474204487740583	5	5	0.4043070335442932	-1.9851977886132277	5	5
AANAT	0.1987584948761255	-1.7684987788575182	1	1	0.16246041591846205	-9.640942240455349	1	1
AARS			0	0			0	0
AARS2	0.2590454483955059	9.624610884158706	1	1	0.2590454483955059	1.6260291860819922	1	1
AASS	0.5131759747487218	3.514174073689603	3	3	0.3020083601199023	-1.3484715130669098	3	3
AATK	0.5596366575132491	-0.5555036072313166	3	3	0.3141784886638983	-5.644700969104874	3	3
ABAT	0.2208399916349133	9.883283849100431	9	9	0.7082615943102437	-10.323819873913303	9	9
ABCC2	0.9198896014368715	0.09302877825689393	1	1	0.37734133666578695	1.1583428139664182	1	1
ABCC8	0.496040435444444	3.9601144203050374	4	4	0.4549754338611368	-0.8884583483449658	4	4
ABCC9	0.6086684693571149	-0.6231007751886999	2	2	0.26001946800884035	1.2709147009770332	2	2
ABCE1	0.7348423790572112	-0.4815070048818173	2	2	0.6763444760601476	-2.8758786440912774	2	2
ABCG1	0.714801909064076	5.191971993211795	3	3	0.11331586596090351	1.2920151341158579	3	3
ABL1	0.4549754338611368	6.59601450786138	4	4	0.6459782297226009	-8.108026532268171	4	4
ABL2	0.2309870755193324	1.4316092628664905	7	7	0.40479627104039995	-4.95445913378514	7	7
ABO	0.22144744856880438	10.754316957171831	7	7	0.1367642152604042	-0.9487062340358284	7	7
ACACA	0.34218640129974376	9.462873026090831	1	1	0.1763288629373767	-9.561746112827157	1	1
ACACB	0.23915664194284558	2.3164170708027285	7	7	0.0839268482502651	-9.340467879833144	7	7
ACAD8	0.24590561263095378	-0.9920978482301823	3	3	0.9132157234932249	-2.450551811867259	3	3
ACADS	0.005372438535982447	12.97712807255288	4	4	0.08521399093182482	0.7577959212799549	4	4
ACADSB	0.014585588860104866	10.736909706768479	3	3	0.8324535573993369	-5.036904940172572	3	3
ACAN	0.8686233887448216	0.23620338824644405	2	2	0.5546943436543996	-2.763918444823975	2	2
ACAT1	0.846407252927595	3.3233007515076367	4	4	0.10972156292260397	-1.0291943866988686	4	4
ACAT2	0.08695581528256012	-1.5640150591310515	3	3	0.251162555499317	-6.190531483574884	3	3
ACCS	0.221289783784836	6.999278886993136	4	4	0.564899385905994	-3.947912935026809	4	4
ACE	0.23235362828534278	4.889722897568702	8	8	0.9291634095275655	-6.524762497664505	8	8
ACE2	0.12455673692313847	-1.7927163480943387	2	2	0.1407745381707792	-9.16600176772067	2	2
ACHE	0.7837596061078315	9.585616385872656	8	8	0.6962587080257816	-8.740835408200686	8	8
ACOT13	0.2565617992203223	9.52130233953987	4	4	0.8550838789849982	-5.590026915429096	4	4
ACOX1	0.8550838789849982	6.127450574532028	4	4	0.4286981716638256	-8.571738442943298	4	4
ACP1	0.5946601912841968	5.980407268645717	3	3	0.9642065588722244	-2.3375598013787195	3	3
ACP2	0.08741223813466364	-1.9110872835001276	2	2	0.5652998407776577	-4.39904075666808	2	2
ACP5	0.7659983951193399	10.618171908534743	8	8	0.13878365096672463	-1.2801056417645027	8	8
ACP6	0.03594551504804325	9.855285420710521	4	4	0.8637780629535432	-3.1100349023779827	4	4
ACPP	0.17209694551087673	-1.1450899552203377	3	3	0.339473173269047	-5.938988277236349	3	3
ACPT	0.1987584948761255	10.065339896105412	1	1	0.8144650044613553	0.4256525521451586	1	1
ACSL1	0.31647445496966875	-0.6263447803166331	4	4	0.46168373340046287	-9.098664352034376	4	4
ACSL3	0.6539456471479708	1.8916698702310952	4	4	0.20900281179923996	-8.543988978823927	4	4
ACSL4	0.4846924179863771	5.682405997516871	3	3	0.7340286013566418	-2.370064202323772	3	3
ACSS2	0.22816064334400843	-1.294984860153619	2	2	0.4355219180532939	0.4435876131115496	2	2
ACTA1	0.4696806180808295	5.816570964802371	6	6	0.19902503740123711	-10.370982052097949	6	6
ACTR2	0.09152880049589655	-2.958300276939733	1	1	0.08731445315988665	-10.831585696566064	1	1
ACVR1	0.4735190654767256	-0.6114588841107063	2	2	0.9184431438380081	-3.780048835668188	2	2
ACVR1B	0.5031728576348917	4.7724110609416215	2	2	0.28054944483051936	-8.609365532451534	2	2
ACVR1C	0.6197378089651657	-0.6105740024595843	2	2	0.7348423790572112	-3.3188989792654704	2	2
ACVR2A	0.1641829853786705	-1.1788117915835195	3	3	0.8726687190033349	-4.972519268679936	3	3
ACVR2B	0.5256452647439754	6.200666180956169	3	3	0.4229302614645546	0.9306462244096912	3	3
ACVRL1	0.27838646805000244	-1.603720076105823	1	1	0.5687370807561141	-7.891099131685943	1	1
ACY1	0.3330302479966122	6.236990928353343	3	3	0.6035700677590778	-1.8086900388518095	3	3
ACY3	0.7227668579495694	9.78405291673153	6	6	0.6501468039320514	-5.424860735037111	6	6
ACYP2	0.6035700677590778	-0.1102545839999592	3	3	0.6957545268767622	-2.0188760104722374	3	3
ADAM33	0.03497808159167655	-1.866114734658364	4	4	0.006152609886774605	-9.917797396512881	4	4
ADAMTS5	0.17512092078916863	7.558266689994511	4	4	0.846407252927595	-5.148607238813631	4	4
ADC	0.339473173269047	6.289351976358759	3	3	0.05365074361838078	-9.068799457031911	3	3
ADCK1	0.36650535521352146	9.82574878665813	5	5	0.42691798452323726	-8.846739642751608	5	5
ADCK2	0.44832238284022163	1.9568111654452285	4	4	0.5761781687565709	-5.664283688456034	4	4
ADCK3	0.37287612734146225	5.994454743813538	3	3	0.1681050025596873	1.1670597317052147	3	3
ADCK4	0.06768875857330095	-1.5667893218252698	3	3	0.44553304953071093	-5.661549890261042	3	3
ADCK5	0.9642065588722244	2.3378547439668003	3	3	0.5770232054055706	-5.390875801325798	3	3
ADH1B			0	0			0	0
ADH1C	0.3020083601199023	1.716637730266557	3	3	0.792672273526139	-0.008697303905509176	3	3
ADH4	0.6763444760601476	4.867773225007926	2	2	0.30215333471190553	-8.003678319030932	2	2
ADH5	0.1450722838391569	-1.534343193052159	2	2	0.8315870510040755	-4.031856583133942	2	2
ADK	0.8204929418465725	2.1941697326740397	4	4	0.7356651658540911	-5.460636100098956	4	4
ADORA1	0.5340431495343935	1.8694128782748198	3	3	0.9233921096059854	-2.3369041786478926	3	3
ADORA2A	0.18449805094016147	6.524140710564713	3	3	0.5340431495343935	-2.0059946703690428	3	3
ADORA2B	0.9744290538613658	2.312877012387469	3	3	0.8025714579867083	-2.687067280017299	3	3
ADORA3	0.8551263263657463	1.6543586320675148	5	5	0.4927669364245706	-3.2365605695986956	5	5
ADRA1A	0.46168373340046287	1.444378027611603	4	4	0.951455921838272	-5.409479979569839	4	4
ADRA1B	0.9602740100603963	5.570354740185391	4	4	0.7947731413669984	-3.003488315521006	4	4
ADRA1D	0.36406595694450095	6.029062786940227	4	4	0.3006989993864161	-1.309832114859782	4	4
ADRA2A	0.0893068701214869	-1.9479701502453832	4	4	0.24739793267946142	-9.487752816650435	4	4
ADRA2B	0.782794722694634	-0.34606282249126163	2	2	0.9811480471341884	-3.8026772843613497	2	2
ADRA2C	0.4450163403338052	-0.7131637510459328	4	4	0.6539456471479708	-4.392711071992733	4	4
ADRB1	0.08521399093182482	9.249602120185203	4	4	0.09355662146899714	1.1712837891270003	4	4
ADRB2	0.653394122471612	4.906850409755691	5	5	0.7446616863193456	-5.730706858059545	5	5
ADRB3	0.7558901951357487	6.605025387707113	5	5	0.010735033051598364	2.628417984819442	5	5
ADRBK1	0.6768971859550865	2.4508614628555727	3	3	0.9744290538613658	-2.5366777299368666	3	3
ADRBK2	0.9162537046444287	5.115091174232314	4	4	0.5030718809833215	-0.6103139425181965	4	4
ADSSL1	0.972444581173698	5.473867070232237	5	5	0.9960627447354083	-2.6078362918180105	5	5
AFG3L2			0	0			0	0
AGTR1	0.5510397247543231	-0.5885204310466859	3	3	0.8726687190033349	-5.0017724319985275	3	3
AGTR2	0.1207392324915107	-1.6449115060699473	2	2	0.07378013563161914	-9.518287553815533	2	2
AGXT	0.37287612734146225	-0.326556031938555	3	3	0.11626585036484173	-8.200017250633548	3	3
AGXT2	0.11004524521734775	-2.4031001797672378	1	1	0.8493319992005053	0.32816762968546687	1	1
AHCY	0.90747603745455	5.675171850190208	4	4	0.28545643399273624	-1.620788359671536	4	4
AK1	0.6699985902759191	5.024671072015968	4	4	0.8550838789849982	0.2391489503884452	4	4
AK2	0.6306524332615491	3.1411737149113637	3	3	0.6582402618027362	-2.0824546396518646	3	3
AK3	0.972444581173698	5.9374797919754885	5	5	0.08683784439772238	-9.717689713256398	5	5
AK4	0.9960627447354083	6.062456104809724	5	5	0.36650535521352146	-8.947786095274665	5	5
AK5	0.1248643362532825	9.074302782681071	5	5	0.30238174342794233	-2.5550901109587056	5	5
AK7	0.19918538030984734	5.807767556426518	2	2	0.2948322834067959	1.2514514666280576	2	2
AK8	0.2356243103272324	-1.0337104465239566	3	3	0.509054478717973	-1.8566427701593569	3	3
AKAP1	0.11626585036484173	7.043417968556837	3	3	0.2729720342176537	-1.0801576131072992	3	3
AKAP10	0.5913793552115143	8.905875733017144	4	4	0.4286981716638256	-6.064061384333562	4	4
AKAP11	0.8324535573993369	2.759328264874593	3	3	0.9948849700283554	-4.441497949536902	3	3
AKAP12	0.2756877267046649	10.955729877458657	7	7	0.8715865700317355	-9.878304198489928	7	7
AKAP13	0.8165939579234649	2.3710397418874813	5	5	0.17792996478862022	-1.5470097107201726	5	5
AKAP14	0.5837557146690224	1.850455569826997	4	4	0.3909839668442341	-1.8114877524986426	4	4
AKAP3	0.7025543636257118	3.5883897916625753	4	4	0.2565617992203223	-0.6327452222765558	4	4
AKAP4	0.17299558771385581	6.058857320300703	2	2	0.8562416738526271	-3.658580230031583	2	2
AKAP5	0.2729720342176537	-1.1158951852060213	3	3	0.0307390902348065	2.0697878820753943	3	3
AKAP6	0.7290290721171528	-0.6363721820523693	1	1	0.3091997637495777	1.4503443303893788	1	1
AKAP7	0.06424308155831931	9.754469684587482	5	5	0.45619295673735516	0.43945088177467123	5	5
AKAP8	0.5172912259372366	6.149361674140688	4	4	0.5913793552115143	-2.3594239281147265	4	4
AKAP8L	0.7340286013566418	3.3976596612208794	3	3	0.7340286013566418	-4.9783325874558155	3	3
AKAP9	0.18227138570286416	0.6566783015574753	4	4	0.17866954345140007	-7.013172017912158	4	4
AKR1A1	0.7949210125777597	3.7611175666254413	2	2	0.6763444760601476	-3.815376078314646	2	2
AKR1B1	0.7860794998355147	9.11121508622148	5	5	0.6182032579958154	-3.400294580247189	5	5
AKR1B10	0.6125394623899066	2.2994210706976173	3	3	0.822463642853613	-2.260636086608517	3	3
AKT1	0.5337797266232922	-0.7822468375373157	2	2	0.08453430265649962	1.9956339498424764	2	2
AKT2	0.44553304953071093	1.855947078072725	3	3	0.339473173269047	-6.016706088413833	3	3
AKT3	0.5537284618522589	2.632281157128755	4	4	0.90747603745455	-3.509309773207105	4	4
ALAS1	0.46097636493522	5.933166750910601	3	3	0.6306524332615491	-5.444529778505982	3	3
ALAS2	0.8827784086677047	3.12901131811716	3	3	0.5425082577032556	0.521353462389088	3	3
ALDH18A1	0.03838842974717513	9.981890009619871	3	3	0.9846557509119103	-2.559781532380103	3	3
ALDH1A2	0.5244061020188673	6.079715103256059	5	5	0.3459286241930909	-1.5516874117062631	5	5
ALDH1B1	0.43414630608238836	4.5859300195384565	3	3	0.3938622033379876	-1.2147385869609668	3	3
ALDH1L1	0.11472461982172348	8.962567014211595	4	4	0.7692745210169614	0.2156642550978997	4	4
ALDH3A1	0.8987096549140207	5.478908806522568	4	4	0.15173971882643233	-8.602422662996167	4	4
ALDH3A2	0.7524111676445808	2.878748581370401	4	4	0.46168373340046287	-8.683450965771856	4	4
ALDH3B1	0.36504065342345127	4.926590534985129	2	2	0.9560302952092635	-0.02235915421385093	2	2
ALDH4A1	0.599048431124819	3.229462097002712	4	4	0.9779236967350914	-5.602098530582251	4	4
ALDH5A1	0.3212647603114194	10.13558641467459	5	5	0.3459286241930909	-4.538303974046465	5	5
ALDH9A1	0.46097636493522	-0.7266964369020048	3	3	0.5008631613936626	-1.9185030423278768	3	3
ALK	0.30959435554834125	8.536556835494391	2	2	0.4355219180532939	-4.6080004749026635	2	2
ALLC	0.5867985246541945	4.546379842939579	2	2	0.807097055911814	-0.35833332010704033	2	2
ALOX5	0.266872579502037	6.865476736084656	5	5	0.2421985618165018	-9.131333040315914	5	5
ALPI	0.11042516887470057	7.400874694774626	3	3	0.2843489595342069	-1.4229106715814968	3	3
ALPK1	0.1004473322237253	-2.6140620203272817	1	1	0.21482833735175744	-9.487347439953613	1	1
ALPK2	0.24973237854812025	-1.6243303557811082	1	1	0.20668004847439692	-9.49668530453295	1	1
ALPK3	0.37287612734146225	-0.7689581383869708	3	3	0.7243935255582838	-2.1272000926998067	3	3
ALPL	0.45103191751164506	7.63695051208411	8	8	0.04485728270234353	-5.076248026187976	8	8
ALPPL2	0.6768971859550865	5.1485477567350415	3	3	0.9437808838766888	-2.648612717241295	3	3
AMHR2	0.9846557509119103	2.8778354921342157	3	3	0.2843489595342069	0.8991381269729807	3	3
AMN	0.003786206499415665	-2.6887996565815904	9	9	0.9218615243256609	-9.878874310309497	9	9
AMT	0.9690969612980223	0.12389212393693239	4	4	0.8812149716020755	-7.441212129299637	4	4
AMY2A	0.8810374077574495	4.12643169572066	2	2	0.699533384968384	-2.9988288408630694	2	2
AMY2B			0	0			0	0
ANKK1	0.9233921096059854	3.3478933196538243	3	3	0.41554786836236957	-4.449786665331373	3	3
ANXA2	0.30238174342794233	8.031457496237392	5	5	0.3164733101553666	-0.6658899084238087	5	5
ANXA3	0.8334273512472166	2.405102259503938	4	4	0.4095829271395257	-8.439610358225664	4	4
ANXA5	0.7243935255582838	2.2112262923352097	3	3	0.7437057424127969	-2.3346716072251517	3	3
APCS	0.19106121298987733	10.26075704636808	1	1	0.9554423670572729	0.1485256289979779	1	1
APOE	0.9811480471341884	4.438448677858528	2	2	0.6308940151440023	-2.9214358822736397	2	2
APOH	0.32622905887902864	5.590988087446552	8	8	0.8437332928842634	-8.88130935995252	8	8
APRT	0.23408601672889773	9.77969880313661	4	4	0.17866954345140007	-1.4490823584034758	4	4
ARAF	0.2543274185977048	1.9367803201091884	5	5	0.6392193319866875	-6.223370067674646	5	5
ARF1	0.04395407221622417	-1.7918919075636441	4	4	0.8943309463076425	-2.4038694587828475	4	4
ARF4			0	0			0	0
ARF6	0.06392302239593674	-1.913582649275278	3	3	0.6489900969794189	-3.0542649336378713	3	3
ARHGAP26	0.6879022461539545	3.5475031480135906	2	2	0.39934606815045726	-4.757972612486174	2	2
ARL1	0.7949210125777597	4.487365473231446	2	2	0.5867985246541945	-4.291758457334078	2	2
ARL3	0.7777478678258648	5.8370826975303585	4	4	0.6699985902759191	-2.0737514662163403	4	4
ARL5B	0.7231868910273982	5.919994903797959	4	4	0.6223214530405292	-5.661187629961485	4	4
ARPC1B	0.903053547094825	2.966478650950526	3	3	0.822463642853613	-5.1515446050941325	3	3
ARPC2	0.5913793552115143	2.562650940115237	4	4	0.5101556395102649	-5.846772081885269	4	4
ARPC3	0.28054944483051936	-1.1094802228407028	2	2	0.843895243218821	-3.477105807061002	2	2
ARPC4	0.6308616535489604	-0.8094368910252498	1	1	0.37734133666578695	1.1705872447520926	1	1
ARPC5	0.6197378089651657	4.578288142897862	2	2	0.9560302952092635	-3.3341107061988393	2	2
ARSA	0.893480726925582	3.8305675382870072	2	2	0.8315870510040755	-3.2377596673126066	2	2
ART1	0.16246041591846205	-2.0111893217483576	1	1	0.1558425387245505	-9.88447474137469	1	1
ASGR2	0.0924309621832789	10.428123443420153	5	5	0.5244061020188673	-8.661555311472648	5	5
ASNA1	0.09683544325554713	7.490783762377707	3	3	0.509054478717973	-1.634172240964815	3	3
ASPA			0	0			0	0
ASRGL1	0.8812149716020755	5.6882765464992175	4	4	0.14860336267645818	-8.883841135787813	4	4
ASS1	0.7631805449989932	3.071116162346852	3	3	0.5256452647439754	-1.8505413656627911	3	3
ATM	0.7735076528858154	-0.10308892406166859	4	4	0.6862036866249916	-4.675316071833896	4	4
ATOX1	0.13230749424864777	0.9772500960103372	5	5	0.8706420159716479	-5.638415804039176	5	5
ATP1A1	0.38782876662563726	2.4433579428548247	5	5	0.6893733267180202	-5.537474936648324	5	5
ATP2A1	0.04804034634138816	-2.0371966471287015	2	2	0.23429904473618135	-5.237779443396136	2	2
ATP2C1	0.892907228662779	3.1862770116035803	3	3	0.14918216588050706	1.8303483748739382	3	3
ATP4A	0.673538502079494	9.365875936225285	8	8	0.8558495526072507	-9.331023121228922	8	8
ATP5A1	0.9018173247317224	5.802171007847144	5	5	0.7409309882352513	-5.571515805728612	5	5
ATP5B			0	0			0	0
ATP5C1	0.1987584948761255	-1.7651279945182772	1	1	0.08731445315988665	-10.63883519313925	1	1
ATP6V1A			0	0			0	0
ATP6V1B2			0	0			0	0
ATP6V1C1	0.23181417134772242	-1.6601584349167346	1	1	0.5687370807561141	-7.947573712998713	1	1
ATP8A1	0.9955841983893235	-0.02042731119776479	4	4	0.07383798342271349	-0.7967585691249353	4	4
ATR			0	0			0	0
AURKA			0	0			0	0
AURKAIP1	0.6763444760601476	4.374237511285905	2	2	0.3567606904452848	-8.026237012305964	2	2
AURKB			0	0			0	0
AURKC	0.9846557509119103	2.8767543112728844	3	3	0.8827784086677047	-2.386032495207913	3	3
AVPR1A	0.8724887730813045	2.671839309211901	4	4	0.6579440233432974	-8.4548322974397	4	4
AVPR1B	0.02572294389101792	10.249141630608397	4	4	0.44832238284022163	-5.570270301856397	4	4
AVPR2	0.3300278646658178	6.777699873395837	4	4	0.15816331195757294	-0.9008226470051142	4	4
AXL	0.953989943868534	-0.10076415163072028	3	3	0.4846924179863771	-5.563109364239261	3	3
AZGP1	0.11220110188298406	-1.4912260630398475	4	4	0.4351830739027951	-9.08303306863231	4	4
B2M	0.8977644646746489	2.9458839376571753	7	7	0.0916234705414738	-1.5189132135545815	7	7
B4GALT1	0.812502426299867	0.0672589989040775	3	3	0.792672273526139	-1.697877962548975	3	3
B4GALT2	0.266872579502037	-1.2844269518377518	5	5	0.6462906771979622	-5.360655157695308	5	5
B4GALT3	0.12234656030806688	-1.3658869797418383	3	3	0.05860017741866084	-9.239254721477009	3	3
B4GALT4	0.5946601912841968	5.531318841474168	3	3	0.1254787118256875	-8.76373549849505	3	3
BACE1	0.1254787118256875	-1.2962995818920338	3	3	0.07367788197809501	-6.8195738397948	3	3
BAG1	0.9409948168019828	4.980522288577953	5	5	0.6821177903882516	-5.9639618446729346	5	5
BAIAP2L1	0.782806393183133	-0.23822507068027043	3	3	0.1254787118256875	1.3936679131871685	3	3
BBOX1	0.9803156409971834	6.265391930762789	5	5	0.5438771669722153	-8.851188273053063	5	5
BCAT2	0.5390038577297482	6.061417204542309	4	4	0.384900117571482	-6.726120180286493	4	4
BCKDK	0.055260269043792984	-1.8364427733720792	3	3	0.27862098834553783	-6.055215411304704	3	3
BCR	0.194352729310315	9.398991953086686	5	5	0.12245718055434548	-1.2556586345304845	5	5
BDH1	0.33418605077726504	5.5204004147920385	7	7	0.6336176395507085	-9.948306285388123	7	7
BDKRB2	0.782806393183133	2.891556325637524	3	3	0.3266667946891344	-1.355749836176452	3	3
BEGAIN	0.2171378839170176	6.649704524655423	4	4	0.3383382712214469	-1.9595123962506495	4	4
BGLAP	0.7230059644416609	4.539518712417107	2	2	0.23429904473618135	-8.686582900889933	2	2
BHMT	0.6489900969794189	3.184189967391006	3	3	0.4379233181869481	-1.849849367042431	3	3
BHMT2	0.3383382712214469	1.5197836058769159	4	4	0.6943612463275022	-5.046367301749167	4	4
BLK	0.3567606904452848	5.177473542064141	2	2	0.08741223813466364	2.1003477428153485	2	2
BLVRA	0.22785061487418357	8.694724974028764	8	8	0.9046270825376673	-9.791136917839973	8	8
BLVRB	0.3326378350399328	-1.1265531007001375	2	2	0.30215333471190553	1.2280485797294844	2	2
BMP2K	0.9021686322588455	-0.11678277106862467	1	1	0.36538324271088385	-8.991389945291203	1	1
BMPR1A	0.5867985246541945	3.2237412959552456	2	2	0.9811480471341884	0.06584652222310189	2	2
BMPR1B	0.5682981343473044	3.1880271558002273	3	3	0.0307390902348065	2.0764910263751815	3	3
BMPR2	0.8424706057740473	-0.10270690060521837	3	3	0.792672273526139	-4.118870188808246	3	3
BMX	0.6619526968930883	5.414102681494721	4	4	0.34395228517025545	-5.916658895394661	4	4
BPHL	0.614520176712387	4.522065769023883	4	4	0.3611486967339417	-1.865399035186688	4	4
BPI	0.6306524332615491	2.643516130706839	3	3	0.892907228662779	-2.3381642023121203	3	3
BRAF	0.14860336267645818	7.211523661079037	4	4	0.34395228517025545	-1.1752678283548954	4	4
BRD2	0.024459828965522738	11.498644799613155	6	6	0.23758375952585398	-4.284685120869145	6	6
BRD3	0.7784999825157899	5.719328542669751	5	5	0.9803156409971834	-4.571176416585924	5	5
BRD4			0	0			0	0
BRDT	0.9744290538613658	3.0594679766388673	3	3	0.37979324589522423	-1.364585737709409	3	3
BRSK1	0.24739793267946142	-1.3978078017423978	4	4	0.6301653783910885	-5.859769134026261	4	4
BRSK2	0.9937154959012978	4.588771588036617	2	2	0.39059281804531476	1.0203669781046576	2	2
BST1	0.7729753211775603	3.699526289489341	3	3	0.6863014442519328	-1.8448601151627184	3	3
BTK	0.714801909064076	2.389815045164049	3	3	0.9948849700283554	-2.442336590072534	3	3
BUB1			0	0			0	0
BUB1B			0	0			0	0
C17orf75	0.5761781687565709	5.682959862119559	4	4	0.13655121333896056	-1.1010638308078935	4	4
C1QA	0.581388159322775	4.610542967893665	2	2	0.26001946800884035	1.337973915122591	2	2
C1QB	0.6489900969794189	0.3878977633872453	3	3	0.9233921096059854	-2.895102460661016	3	3
C1QC	0.4355219180532939	-0.798447961534575	2	2	0.17299558771385581	-8.671733381160907	2	2
C1R	0.5340431495343935	3.3926602149067673	3	3	0.08934602300962007	-8.714490775449791	3	3
C1S	0.9744290538613658	2.6205632407746573	3	3	0.7052551253773022	-5.201555845467062	3	3
C3	0.3203828661805692	6.127548387728173	3	3	0.0338403188305315	-9.554269311379489	3	3
C4A	0.27074498725608287	8.459237589294862	4	4	0.7608286401821462	-2.854910763700707	4	4
C4B	0.27074498725608287	8.459237589294862	4	4	0.7608286401821462	-2.854910763700707	4	4
C5	0.5234738875433134	5.103074667233108	2	2	0.36504065342345127	-7.996974686234117	2	2
C8G	0.7947731413669984	3.429751366048252	4	4	0.8637780629535432	-5.7490384217823065	4	4
C9orf96	0.6067622680548863	2.1641823815602668	4	4	0.48213634186935994	-6.520238436108645	4	4
CA1	0.09152880049589655	12.274104962317136	1	1	0.10515940763899286	3.7303848764277414	1	1
CA10	0.599048431124819	1.9159860624891474	4	4	0.8812149716020755	-2.3877896510565955	4	4
CA11	0.3909839668442341	1.9100564640748943	4	4	0.1933996923515109	-6.87504179399177	4	4
CA12	0.6768971859550865	5.696235715612226	3	3	0.3020083601199023	-6.001399655803848	3	3
CA13	0.570385844452308	5.647247661970543	5	5	0.9960627447354083	-2.6524869766776678	5	5
CA14			0	0			0	0
CA2	0.5173154389508978	1.9144099355119846	3	3	0.9437808838766888	-2.6926704708794227	3	3
CA3	0.5611639214856028	4.7709661544580415	4	4	0.599048431124819	-6.294867352867673	4	4
CA4	0.37979324589522423	6.21644713810814	3	3	0.7052551253773022	-2.061301649800855	3	3
CA5A	0.955864257175268	0.14805254974294405	4	4	0.4158976444658756	-1.7210997091845819	4	4
CA5B	0.6215672885499751	3.9709205424665424	3	3	0.41554786836236957	-1.443328343618263	3	3
CA6	0.20109086452150227	-1.382091924714972	4	4	0.6780825252478184	-5.6429228783859715	4	4
CA7	0.496040435444444	1.616993220320194	4	4	0.48213634186935994	0.7777615411595077	4	4
CA8	0.9948849700283554	0.6011154981853002	3	3	0.2356243103272324	-0.7156218824588546	3	3
CA9	0.6035700677590778	5.640370275459681	3	3	0.8726687190033349	-2.487662878426289	3	3
CACNA1A	0.58581089287956	3.1379014060802564	3	3	0.6768971859550865	-1.7736445557976488	3	3
CACNA1B	0.8827784086677047	5.33466176338203	3	3	0.782806393183133	-2.755698392036885	3	3
CACNA1C	0.6648624615456817	-0.5176942903505637	2	2	0.8562416738526271	-3.4583544342028487	2	2
CACNA1D	0.1420853798910485	7.1016713148267625	3	3	0.02363528856465015	2.138618371523795	3	3
CACNA1I	0.6675430376707338	3.2755433999383534	3	3	0.4229302614645546	-1.6413702244274602	3	3
CACNA1S	0.07265040001120511	-1.5549355674465186	3	3	0.39742776783092915	-5.853525166474854	3	3
CACNA2D1	0.5761781687565709	2.117481581909168	4	4	0.5875615298225497	-5.392432790295767	4	4
CACNA2D2	0.18765491254490085	1.94976302690905	5	5	0.4211972088663567	-1.5736476994760464	5	5
CACNB1	0.1273082281874841	10.083832672715127	5	5	0.972444581173698	-4.182956612840044	5	5
CACNB2	0.6392193319866875	5.7696160794428195	5	5	0.6043627146664909	-6.234696713830565	5	5
CACNB3	0.2774369899298341	10.64448204870642	8	8	0.6905520701055696	-9.164359086001685	8	8
CACNB4	0.2948322834067959	-1.2713487758767332	2	2	0.1407745381707792	1.5454044795260629	2	2
CACNG1	0.44832238284022163	7.018784193913444	4	4	0.43518342317727465	-8.98130823687123	4	4
CALM1	0.14322325140518916	11.048607113284703	1	1	0.7628667743652672	0.518860346633806	1	1
CALM2	0.48329552919622676	5.261151748971337	2	2	0.6648624615456817	-3.8394778779345518	2	2
CALM3	0.5596366575132491	-0.5133013407499719	3	3	0.7534235347349099	-2.3259626624812157	3	3
CALR	0.819320023273342	4.238914795420351	2	2	0.3567606904452848	0.845291943662843	2	2
CALY	0.5037101979818286	9.79416771065082	8	8	0.3760976295230135	-9.744811565270629	8	8
CAMK1	0.951455921838272	0.0965188029313584	4	4	0.5172912259372366	-1.9948824782151438	4	4
CAMK1D	0.17209694551087673	6.7985133766489865	3	3	0.5814089913435765	-5.230738768064921	3	3
CAMK1G	0.9184431438380081	-0.19753001803854708	2	2	0.07635782307430983	1.9624182723547463	2	2
CAMK2A			0	0			0	0
CAMK2B	0.41720285726390505	5.183563137819564	2	2	0.7949210125777597	-3.414619921599811	2	2
CAMK2D	0.9779236967350914	2.588372466667631	4	4	0.951455921838272	-5.193349730379307	4	4
CAMK2G	0.018518457027274705	-2.941539188931669	2	2	0.11337944232155323	-9.314431398175486	2	2
CAMK2N1	0.9335810502016108	0.9109163979489363	3	3	0.9335810502016108	-3.9924989893566925	3	3
CAMK4	0.14547055726460623	9.032788552768698	5	5	0.24619546416731197	1.3156283718140844	5	5
CAMKK1	0.5173154389508978	-0.7327339224834054	3	3	0.026986001511234262	2.3479163788739617	3	3
CAMKK2	0.0748464403010206	9.613757936419624	5	5	0.7936793464833871	-2.507756170068262	5	5
CAMKV	0.6067622680548863	5.681789673740256	4	4	0.37887450011114443	-1.8363578235777236	4	4
CAMLG	0.6489900969794189	-0.4478007880399719	3	3	0.20661638328745013	-8.321428849894524	3	3
CAMP	0.9233921096059854	2.601473716873276	3	3	0.5256452647439754	-5.521126071177981	3	3
CANT1	0.08503536623268451	-1.5931580945812815	5	5	0.25846272564034556	-9.466772333602963	5	5
CANX	0.951455921838272	3.089683945399786	4	4	0.5611639214856028	-5.427439394470483	4	4
CAPN1	0.6197378089651657	5.0768697466095665	2	2	0.24055353721564965	1.5788473722147887	2	2
CAPNS1	0.4735190654767256	-0.8216726206506362	2	2	0.38195715357195803	-4.702903581838687	2	2
CARTPT	0.4286981716638256	2.0343512527070557	4	4	0.6380512197085942	-4.581752378540108	4	4
CASK	0.059769124771829635	-1.8942860669371635	2	2	0.819320023273342	-4.127567747772495	2	2
CASP7	0.8625797821980141	2.500401720168161	3	3	0.9335810502016108	-2.3277061185456907	3	3
CASR	0.4927669364245706	2.3267088045860587	5	5	0.5244061020188673	-4.719118670302755	5	5
CAST	0.6998983649396864	10.03869289865056	7	7	0.13032596533971738	1.399636529526205	7	7
CAT	0.8637780629535432	3.0548883381414935	4	4	0.846407252927595	-5.371031668950452	4	4
CBR1	0.4229302614645546	6.622357265656841	3	3	0.6125394623899066	-5.183227364673832	3	3
CBS	0.8987096549140207	5.678052625275753	4	4	0.7692745210169614	-2.135026317612484	4	4
CCBL1	0.08731445315988665	12.787440947436007	1	1	0.7628667743652672	-6.5675177886375975	1	1
CCBL2	0.9911685253140002	5.788475794331379	4	4	0.5172912259372366	-5.7373951136267065	4	4
CCKAR	0.903053547094825	0.19337681391186182	3	3	0.3203828661805692	-1.3764432837909897	3	3
CCL8	0.09036871389188784	10.1195612561411	2	2	0.3486000596644482	-4.775455371783839	2	2
CCR5	0.35248376061411946	2.2199427269772656	4	4	0.08826885223834895	-9.175113382936887	4	4
CCT3	0.21482833735175744	9.947141645168388	1	1	0.29868749946380246	1.5356652070284826	1	1
CD1A	0.349625416507229	6.654171694030901	4	4	0.10728553496542136	-8.719674232114832	4	4
CD1D	0.37287612734146225	1.8049371313964517	3	3	0.5770232054055706	-5.487386441522687	3	3
CD209	0.9198896014368715	-0.07519593419557857	1	1	0.36538324271088385	-8.949841745286115	1	1
CD247	0.90747603745455	1.5303814082945266	4	4	0.002467285970899134	4.3040052301480225	4	4
CD33	0.6763444760601476	-0.5610078565900807	2	2	0.7707209794848073	-3.032551646705945	2	2
CD3D	0.9937154959012978	4.103156203564621	2	2	0.1680815597136518	1.5246543255496867	2	2
CD3E	0.15396835366316636	6.537630297236339	2	2	0.10983449661307138	1.7131363135785533	2	2
CD3G	0.2960425312390439	-0.04314733196521914	3	3	0.24590561263095378	-5.246726943682723	3	3
CD4	0.6086684693571149	4.521482666876372	2	2	0.7467421134808956	0.15414339130284127	2	2
CD46	0.3020083601199023	-1.037387586593005	3	3	0.1565463502920705	-6.383130966222005	3	3
CD52	0.29868749946380246	9.539266470584336	1	1	0.6957112086212667	-7.115378662566656	1	1
CD55	0.37287612734146225	3.817067270489813	3	3	0.4082421376484595	-1.610658635385997	3	3
CD80			0	0			0	0
CD86	0.17791462702036287	-1.3655448290201087	6	6	0.04971298622841715	-9.682468506127284	6	6
CDA	0.7230059644416609	-0.3766096048026659	2	2	0.07900848666846641	1.8531826087382783	2	2
CDC14A	0.6619526968930883	5.804976834348518	4	4	0.36699863976590164	-6.115061438866442	4	4
CDC14B	0.8844962782287954	-0.1757293535628648	1	1	0.14322325140518916	-10.049649343263598	1	1
CDC25A	0.2207788947635121	6.539831611107307	3	3	0.3525970933298672	1.0513325579410342	3	3
CDC25B	0.0934051197403108	-1.9428303475030573	2	2	0.09036871389188784	1.7266427050874116	2	2
CDC25C	0.6957545268767622	2.980585782375241	3	3	0.9642065588722244	-4.764832111364625	3	3
CDC42BPA	0.6301653783910885	2.1428576166505198	4	4	0.8291107692840998	-5.819583353692164	4	4
CDC42BPB	0.7243935255582838	3.0496774944276512	3	3	0.8625797821980141	-2.1299671959117092	3	3
CDC42BPG	0.24590561263095378	6.382479886216061	3	3	0.7052551253773022	-1.9425963739550436	3	3
CDC42SE2	0.30589821930543304	-1.0875709088322971	4	4	0.6943612463275022	-5.572230509062126	4	4
CDC7	0.6629706678934735	-0.7566664157700824	1	1	0.2406558158041382	1.6681107323226023	1	1
CDH5	0.3141784886638983	-0.6631886741824715	3	3	0.13525077837193752	1.368977116372763	3	3
CDK1			0	0			0	0
CDK10	0.5510397247543231	2.348796842525577	3	3	0.7340286013566418	-3.2295674319131122	3	3
CDK11A	0.6768971859550865	1.9578056480362094	3	3	0.7631805449989932	-2.379591259362797	3	3
CDK11B	0.15816331195757294	-1.05142633027409	4	4	0.6067622680548863	-1.8353607889524266	4	4
CDK12			0	0			0	0
CDK13	0.714801909064076	5.630399033866951	3	3	0.509054478717973	-1.9724109275075836	3	3
CDK14	0.4865641624881364	1.888130572117787	5	5	0.7558901951357487	-5.5017142163009884	5	5
CDK15	0.08934602300962007	-1.570629338242253	3	3	0.25649741520509617	-0.19203485591590605	3	3
CDK16	0.8204929418465725	3.400774377665133	4	4	0.2429029692854261	-1.1144988630384942	4	4
CDK17	0.2948322834067959	-1.2795779793586046	2	2	0.8315870510040755	-3.5689927979998197	2	2
CDK18	0.21126201859549598	-1.1255826784078717	3	3	0.953989943868534	-2.61566660204466	3	3
CDK19	0.30238174342794233	4.554110706623674	5	5	0.4384944204158	-9.758363929092946	5	5
CDK2	0.019806751152989258	-1.958799571652932	4	4	0.9867531361654316	-2.5500371247270635	4	4
CDK20	0.8242681901271184	1.5038993306919568	5	5	0.39327548824485525	-9.03081777520332	5	5
CDK3	0.4355219180532939	-0.9341889890880317	2	2	0.24692473509140822	1.5334389335275214	2	2
CDK4	0.4865641624881364	3.137905812565522	5	5	0.17477314927118348	-0.290731503140615	5	5
CDK5	0.04213156085606892	-1.7762227545283338	3	3	0.1641829853786705	-6.246763388041402	3	3
CDK5R1	0.792672273526139	2.334510185963717	3	3	0.5596366575132491	-2.054935700384787	3	3
CDK5R2	0.8012988347974419	4.7017953664353564	5	5	0.6893733267180202	-4.671896484765644	5	5
CDK6	0.8258375768012532	3.0597159989080667	6	6	0.15984842417544198	-1.7491373406842639	6	6
CDK7			0	0			0	0
CDK8	0.43518342317727465	9.178227786648785	4	4	0.384900117571482	-0.01342815120493072	4	4
CDK9	0.3248366047348328	-1.0787438565652225	2	2	0.905950320636913	-3.996630072037618	2	2
CDKL1	0.48040383602307324	9.819731785199128	5	5	0.8396664512457587	-5.319472512838359	5	5
CDKL2	0.01263856211177618	10.836163228233104	3	3	0.9744290538613658	-4.665610647085682	3	3
CDKL3	0.015607179783305999	-1.9276109628726588	5	5	0.35612329772100226	-9.617157489478082	5	5
CDKL4	0.6459782297226009	6.717721826764428	4	4	0.01558296282094054	-9.729763554590566	4	4
CDKL5	0.90747603745455	5.257434359601757	4	4	0.2612310530635821	-7.035204671384633	4	4
CDKN1A	0.11220110188298406	10.565720670200106	4	4	0.7440230356089503	-1.9604311528789315	4	4
CDKN1B	0.1494312667227473	10.778530615638038	1	1	0.2685964162824007	-9.313318040178565	1	1
CDKN1C	0.7356651658540911	2.380605763436795	4	4	0.8812149716020755	-2.674327255849043	4	4
CDKN2A	0.5596366575132491	1.8009908908607717	3	3	0.953989943868534	-2.6694347602917965	3	3
CDKN2B	0.8812149716020755	2.025208750389797	4	4	0.0893068701214869	-1.187806209696307	4	4
CDKN2C	0.9335810502016108	0.2553467614104677	3	3	0.03960343661678779	2.2967713567444616	3	3
CDKN2D	0.2221376730572553	5.565201311283095	2	2	0.7289158883857518	-3.2468168178392833	2	2
CDKN3	0.05621397586243961	11.434058712105994	4	4	0.8550838789849982	-7.9264090723134615	4	4
CDO1	0.8686233887448216	4.938049905980293	2	2	0.18838153206022834	1.4556301191055274	2	2
CEACAM1	0.4863945426114137	2.5582996859252507	6	6	0.8188499000759374	-8.840722890773575	6	6
CEACAM5	0.653458536354288	4.66700714609399	2	2	0.6308940151440023	-3.9809333691334565	2	2
CEL	0.9846557509119103	0.01633076645186371	3	3	0.1603303024931052	-8.523621319841135	3	3
CELA1	0.3459954907228089	1.9614387146493033	3	3	0.1565463502920705	-6.244243733535073	3	3
CELA2A	0.06696761524639441	-2.2979987025811517	4	4	0.20501909086013947	-8.667912876589293	4	4
CERK	0.3525970933298672	5.873036505055677	3	3	0.4229302614645546	-5.538296810281248	3	3
CERKL	0.44180058593783	11.03988094183378	8	8	0.03516241198714709	2.5682299119581424	8	8
CES1	0.475264582054305	2.0631791079274246	4	4	0.09355662146899714	-8.938483011849007	4	4
CFB	0.3330302479966122	-0.9276162672969613	3	3	0.9642065588722244	-2.518066086148379	3	3
CFD	0.6768971859550865	3.2538103701772676	3	3	0.8625797821980141	-2.175319757164741	3	3
CFL1	0.9560302952092635	3.9956740781140088	2	2	0.08173351610863466	-9.522201363448744	2	2
CFTR	0.8637780629535432	2.6443614611678186	4	4	0.614520176712387	-5.993778529597409	4	4
CGA	0.614520176712387	6.150218053987882	4	4	0.614520176712387	-4.852823645716056	4	4
CHD1			0	0			0	0
CHEK1			0	0			0	0
CHEK2	0.4549754338611368	1.2259653662880539	4	4	0.6539456471479708	-3.063491553357824	4	4
CHIA	0.1931253343851519	-1.1640044630203885	3	3	0.8827784086677047	-2.38005257051999	3	3
CHIT1	0.7947731413669984	2.5163036417190328	4	4	0.7777478678258648	-5.620506490201101	4	4
CHKA	0.4384944204158	6.943821216305643	5	5	0.42691798452323726	-4.264038758058038	5	5
CHKB	0.8525132106338359	2.451892742298863	3	3	0.5946601912841968	-1.968725185759513	3	3
CHM	0.2406558158041382	9.7766233360982	1	1	0.7971638434158136	-1.550978234311397	1	1
CHRM1	0.14247947470683264	6.935277223559563	4	4	0.4002181474641018	-1.4321238432281314	4	4
CHRM2	0.9437808838766888	3.0080743054884223	3	3	0.6306524332615491	-5.457567553647896	3	3
CHRM4	0.819320023273342	-0.3769151743067125	2	2	0.5867985246541945	-4.426919005616283	2	2
CHRM5	0.7949210125777597	4.2677653192203415	2	2	0.8686233887448216	-3.5107915282064064	2	2
CHRNA1	0.3525970933298672	5.830835758150651	3	3	0.9335810502016108	-2.7372289512969243	3	3
CHRNA10	0.6223214530405292	0.61786113557805	4	4	0.15173971882643233	1.3041536931080853	4	4
CHRNA2			0	0			0	0
CHRNA3	0.10876756967904064	10.246547806163408	5	5	0.5838671555050554	-1.4007665104641307	5	5
CHRNA4	0.31647445496966875	-1.0311888598795396	4	4	0.6380512197085942	-5.279884198035535	4	4
CHRNA5	0.7729753211775603	2.4502329709918222	3	3	0.4767143993899181	-3.3503391107378264	3	3
CHRNA6	0.9233921096059854	0.2751271594613491	3	3	0.4082421376484595	-1.6074056112391784	3	3
CHRNA7	0.5724065910069491	6.369974835731373	4	4	0.3272878386591217	-1.4334296845795171	4	4
CHRNA9	0.11701390891099898	9.811813100565894	2	2	0.7949210125777597	0.2108334517210361	2	2
CHRNB1	0.5132711059909847	2.978688836258277	2	2	0.46385236718594713	-4.574549655593611	2	2
CHRNB2	0.2612310530635821	6.806358066384546	4	4	0.6699985902759191	-5.010479251680052	4	4
CHRNB3	0.7628667743652672	-0.48324122205971776	1	1	0.9376504461016588	0.1836013968960501	1	1
CHRNB4	0.05054898027206024	-1.7655479869201756	3	3	0.3266667946891344	-5.904384072219919	3	3
CHRND	0.7524111676445808	-0.3470580535896571	4	4	0.8724887730813045	-6.2711441139127215	4	4
CHRNE	0.12234656030806688	7.187537293578271	3	3	0.7052551253773022	-5.161915393375395	3	3
CHRNG	0.7025543636257118	3.017624244485955	4	4	0.8724887730813045	-5.264408922840058	4	4
CHUK	0.951455921838272	5.80477623600648	4	4	0.8033231357098927	-2.1181569011658667	4	4
CIB2	0.496040435444444	2.689798339551021	4	4	0.3327834392297607	-1.7276280104445931	4	4
CIB3	0.430388895180718	3.5978845836276387	3	3	0.0307390902348065	2.11107907787146	3	3
CINP	0.21482833735175744	9.958225056212047	1	1	0.22320566590543867	1.7699233056210901	1	1
CIT	0.37343960908730933	5.544854406324292	2	2	0.493180551416013	0.7154487259255735	2	2
CKB	0.9426437736618785	2.49940356995655	4	4	0.16145135396425114	1.3579678109204867	4	4
CKM	0.559468538528665	10.058978126351406	8	8	0.7601046111609097	-8.401754868060733	8	8
CKMT1A	0.9174727785181955	9.779304168188782	7	7	0.20322223751088142	-9.43402175392501	7	7
CKMT1B	0.26845110806016914	1.55953599125533	7	7	0.27205294586698425	-9.913101888793005	7	7
CKMT2	0.14551675360870533	7.481495978653444	4	4	0.0893068701214869	-0.8112882395448789	4	4
CKS2	0.8396664512457587	6.5420760488234775	5	5	0.10033445370535704	-9.245463147563761	5	5
CLC	0.4846924179863771	-0.722111183659953	3	3	0.11042516887470057	-8.929056967129986	3	3
CLCN2	0.9955841983893235	2.280886165134525	4	4	0.7149086331548442	-5.45616333954585	4	4
CLCNKA	0.409891547786831	9.784443853874313	5	5	0.4240516090269918	-8.640163748661285	5	5
CLEC3B	0.42226948296545663	6.137173122195926	4	4	0.7190438463719142	-2.1237322079403156	4	4
CLK1	0.08461749189882836	8.030097266282398	3	3	0.5946601912841968	-1.649914145034195	3	3
CLK2	0.5340431495343935	6.140161578134648	3	3	0.2960425312390439	-6.1832269222752885	3	3
CLK3	0.7398400700349768	6.263395414063699	4	4	0.43518342317727465	-1.6023353044073965	4	4
CLK4	0.5596366575132491	2.060478876327018	3	3	0.5682981343473044	-3.1502386057296743	3	3
CLPB	0.36504065342345127	5.4116051950308	2	2	0.7949210125777597	-3.3472261838010375	2	2
CLPP	0.07790632474451681	7.1999028939097665	3	3	0.1420853798910485	1.4935901355801355	3	3
CLPS	0.9132157234932249	-0.1152710422021593	3	3	0.7340286013566418	-5.181563148324221	3	3
CLPX	0.9948849700283554	2.8709551005192395	3	3	0.9437808838766888	-4.922709275527937	3	3
CMA1	0.653458536354288	4.450045805438404	2	2	0.9434862146926926	-3.752646128225713	2	2
CMAS	0.3164733101553666	9.669184412064903	5	5	0.8319592591651914	-8.505195484509128	5	5
CMPK1	0.2901560983513152	6.937544314417841	3	3	0.03960343661678779	2.176276468059952	3	3
CNKSR1	0.10300776982270127	9.702617445082513	2	2	0.44485275595066687	-4.850183952164421	2	2
CNKSR3	0.34272403984608857	1.9020299509771832	3	3	0.10076383423284808	-6.59436722718289	3	3
CNR1	0.7290290721171528	-0.614530351784369	1	1	0.1987584948761255	2.0501305889655024	1	1
CNR2	0.42226948296545663	7.014386471401529	4	4	0.7692745210169614	-7.807726194762005	4	4
COL2A1	0.3525970933298672	6.929557636363704	3	3	0.15283051353896723	1.4614934764560983	3	3
COMP	0.06417146223370432	10.150486485784928	2	2	0.09036871389188784	1.7183194741014614	2	2
COMTD1	0.563701279109148	-0.24246441518398645	5	5	0.7409309882352513	-4.142747875992648	5	5
COX5A	0.5241502651788619	-1.1533417057214113	1	1	0.3536646179116094	-9.02533727721454	1	1
COX5B	0.905950320636913	3.954573189553029	2	2	0.03980403998299761	-10.008355782396304	2	2
COX6A2	0.646833967708627	1.6915642622309806	1	1	0.10515940763899286	3.752706883231452	1	1
COX7A1	0.5994348273460528	2.4563273075641163	1	1	0.20668004847439692	1.885300002685013	1	1
COX7B	0.1207392324915107	9.716743931120114	2	2	0.11337944232155323	-9.184790477351472	2	2
COX7C			0	0			0	0
COX8A	0.18029291087097732	-0.24745696831921857	3	3	0.3020083601199023	-6.9420580878654805	3	3
CP	0.45429657353652386	4.700577389561843	2	2	0.843895243218821	-4.045093466107419	2	2
CPA1	0.6150599454031654	-0.883328379872589	1	1	0.40197086850418695	-8.756613799498922	1	1
CPB1	0.1565463502920705	-1.2529107629904221	3	3	0.06963898846627246	-9.125639909163215	3	3
CPD	0.3006989993864161	8.67994709520192	4	4	0.4417249336735335	-2.342877866443099	4	4
CPE	0.58581089287956	-0.5641543428276545	3	3	0.7534235347349099	-2.4669867073060385	3	3
CPO	0.7729753211775603	2.8710761089320003	3	3	0.49274223497424763	-1.9351249082241326	3	3
CPS1	0.30329083644242505	-1.0127935293909858	4	4	0.6780825252478184	-5.556052978138038	4	4
CPT2	0.9560302952092635	4.23405966978965	2	2	0.2876310546352788	-8.503306334841529	2	2
CRAT	0.19372816203837273	6.244356210329096	2	2	0.3171554353003504	1.5427654900337824	2	2
CRB2	0.8118765817782444	8.515307205791014	6	6	0.23758375952585398	-8.615417659415028	6	6
CRH	0.9960627447354083	5.9941433324184645	5	5	0.9803156409971834	-4.867836947813625	5	5
CROT	0.6150599454031654	-0.834311559664279	1	1	0.40197086850418695	-8.707596979290612	1	1
CRP	0.27803410904387404	-1.3538120347468325	4	4	0.5686473614873404	-4.715973471000674	4	4
CRYBB1	0.030307496205314772	-2.3022231931437895	2	2	0.07127403719021892	-9.675160556058692	2	2
CRYZ	0.2729720342176537	-1.0534680383225983	3	3	0.3938622033379876	-1.703972195012365	3	3
CS	0.7340286013566418	2.934646703452778	3	3	0.5340431495343935	-1.9459577883982064	3	3
CSAD	0.496040435444444	2.5611694867481165	4	4	0.07564277551359934	-9.079567041688618	4	4
CSF1R	0.6150599454031654	-0.8598184347292399	1	1	0.40197086850418695	-8.731522818536092	1	1
CSF2RA	0.37979324589522423	1.5837627124015452	3	3	0.21126201859549598	-6.772421344762718	3	3
CSF2RB	0.5463415800388045	-0.6049282897036757	4	4	0.8204929418465725	-5.256984384511004	4	4
CSK	0.44832238284022163	6.979596518938368	4	4	0.1972178342684715	1.4396336861489605	4	4
CSNK1A1	0.2685964162824007	9.610227933428359	1	1	0.1314031367606553	-10.18749887853717	1	1
CSNK1A1L	0.2228990364697363	10.796437090191075	5	5	0.5906629964204488	-5.284351931611355	5	5
CSNK1D	0.15856905608243255	-1.5510197399306689	2	2	0.699533384968384	0.34154237242985547	2	2
CSNK1E	0.953989943868534	2.5642753533588984	3	3	0.6035700677590778	-5.471864324761126	3	3
CSNK1G1	0.6035700677590778	2.2016285609007595	3	3	0.3330302479966122	-6.056833411588491	3	3
CSNK1G2	0.40153158023077495	6.441613735249245	5	5	0.2864767420419979	-1.8344378725994759	5	5
CSNK1G3	0.4676187164013438	-1.2396665055457845	1	1	0.22320566590543867	1.8412443852147595	1	1
CSNK2A1	0.6582402618027362	2.204162330576833	3	3	0.13193012715932934	-8.58927067104838	3	3
CSNK2A2	0.9426437736618785	3.1032535539837283	4	4	0.6780825252478184	-4.998062109027362	4	4
CSNK2B	0.5030718809833215	2.633261603829131	4	4	0.475264582054305	-8.4585542093152	4	4
CTDNEP1	0.6699985902759191	3.0091726882440324	4	4	0.6619526968930883	-5.3712378842176065	4	4
CTDP1	0.2228990364697363	2.2018275047490543	5	5	0.35612329772100226	-8.931980348477678	5	5
CTDSP1	0.9184431438380081	3.8446741912496405	2	2	0.4263049957321291	-4.846132497330614	2	2
CTDSP2	0.7534235347349099	2.8714925935496125	3	3	0.430388895180718	-1.66634132150598	3	3
CTDSPL	0.31115669656083966	9.964636619861949	4	4	0.021631199864576078	2.285075825739313	4	4
CTH	0.01863478408479949	-2.086473416005442	3	3	0.055260269043792984	-9.292541123799282	3	3
CTLA4	0.9309561342645262	3.9489356145168957	2	2	0.493180551416013	0.6924262933124701	2	2
CTNS	0.06713777809736367	10.415214613202616	5	5	0.9881886176926634	-8.18736795885752	5	5
CTRB1	0.41720285726390505	-0.2612901543305868	2	2	0.8315870510040755	-3.3908990979884646	2	2
CTSF	0.8637780629535432	6.4983848181813455	4	4	0.31647445496966875	-1.7064521081940267	4	4
CTSG	0.22666813199974745	10.85927769931125	5	5	0.7409309882352513	-8.125865717381082	5	5
CTSH	0.049848901446944954	10.726552955792211	2	2	0.9811480471341884	-3.8790013946695616	2	2
CTSK	0.06417146223370432	10.304618898704625	2	2	0.782794722694634	-3.938202980258544	2	2
CTSL	0.43267837631384587	9.307837088917934	8	8	0.6905520701055696	-8.732186778096532	8	8
CTSS	0.9560302952092635	4.1446743807607005	2	2	0.653458536354288	0.46225746811617296	2	2
CTSV	0.4082421376484595	1.6178831852464912	3	3	0.12234656030806688	-6.507537795116511	3	3
CUBN	0.21482833735175744	-1.7223149109793052	1	1	0.1692881450557	-9.596469162333726	1	1
CUTA	0.3486000596644482	-1.1940146024056029	2	2	0.08741223813466364	-9.568240574581464	2	2
CXCL10	0.20827149001130985	1.5128438404284605	5	5	0.06567728433244104	-9.285367117753998	5	5
CXCR1	0.01863478408479949	-1.958490235051973	3	3	0.20661638328745013	-6.442636272734393	3	3
CYB5A	0.4379233181869481	2.063039322965569	3	3	0.07163511483999255	-6.886063955905542	3	3
CYB5B	0.27862098834553783	-0.9537667755983327	3	3	0.509054478717973	-5.6863224031006	3	3
CYB5R1	0.3203828661805692	1.4815386045401482	3	3	0.8827784086677047	-2.6897411524883488	3	3
CYC1	0.782794722694634	4.4545866457796235	2	2	0.22816064334400843	-8.569804718537558	2	2
CYGB	0.23408601672889773	1.8571505304285914	4	4	0.6619526968930883	-2.793589768603072	4	4
CYP2C18			0	0			0	0
CYP2C8	0.3199536685890044	-1.5606227613658206	1	1	0.2406558158041382	-9.43293568682598	1	1
CYP2C9	0.38953769995165466	-1.4144409066494923	1	1	0.5241502651788619	-8.287726326275823	1	1
CYP2D6	0.2047540921823684	9.121000486094761	2	2	0.493180551416013	-4.5064646334153	2	2
CYP3A5	0.7707209794848073	3.7833240492184976	2	2	0.5337797266232922	-7.215505297576291	2	2
CYP4A11	0.905950320636913	0.10249190234006189	2	2	0.6421349797380504	-2.7700894200898656	2	2
CYSLTR1			0	0			0	0
CYSLTR2	0.6215672885499751	3.1821041019588114	3	3	0.7631805449989932	-2.3306760542378036	3	3
CYTH2	0.9335810502016108	0.08734469463943	3	3	0.46097636493522	0.5833593583363208	3	3
CYTH3	0.12455673692313847	9.757071234045016	2	2	0.5546943436543996	0.3103282180708683	2	2
DAO	0.17209694551087673	-1.0365084801132955	3	3	0.5510397247543231	-2.0542170863157083	3	3
DAPK1	0.5537284618522589	6.589157324481884	4	4	0.8637780629535432	-5.631059826491936	4	4
DAPK2	0.7558901951357487	5.462902493894589	5	5	0.808937271507439	-5.722957684452735	5	5
DAPK3	0.699533384968384	4.326494816106293	2	2	0.6421349797380504	-2.7988598559066054	2	2
DAPP1	0.892907228662779	0.2869933663685291	3	3	0.3938622033379876	-1.5753196620554675	3	3
DARS	0.6125394623899066	2.4234874197251295	3	3	0.0338403188305315	-9.651577635298667	3	3
DARS2	0.21482833735175744	-1.7004223051304628	1	1	0.1692881450557	-9.573707724756796	1	1
DBF4	0.18877535107474197	-1.2802372688671693	3	3	0.10759303319319459	-8.819571630801676	3	3
DBH	0.5837557146690224	2.6333536256204693	4	4	0.7440230356089503	-4.8499410645821674	4	4
DBI	0.36197553635107416	5.530094360364028	6	6	0.6055557106790111	-1.3359914617479631	6	6
DCD	0.5760018349684444	-0.6738150075939835	2	2	0.7348423790572112	-3.932057487271611	2	2
DCK	0.2429029692854261	1.6201309776442432	4	4	0.9426437736618785	-5.291159346139661	4	4
DCLK1	0.9811480471341884	-0.008309967730425694	2	2	0.10300776982270127	-9.382982370589694	2	2
DCLK2	0.9426437736618785	4.042901058371248	4	4	0.6223214530405292	-2.969042130975685	4	4
DCLK3	0.02065166828967299	-2.0283073472097537	3	3	0.5770232054055706	-3.027756956486307	3	3
DCPS			0	0			0	0
DCTD	0.221289783784836	-1.1824903836065808	4	4	0.8291107692840998	-5.469423823512858	4	4
DCXR	0.6879022461539545	4.824519276688682	2	2	0.46385236718594713	-7.7990626158845675	2	2
DDAH1	0.6539456471479708	8.030199808947623	4	4	0.05621397586243961	-9.629047394755696	4	4
DDAH2	0.822463642853613	5.2820558563871165	3	3	0.7534235347349099	-2.2288968351426357	3	3
DDC	0.5913793552115143	3.9060651841417915	4	4	0.31647445496966875	-1.1652480618063394	4	4
DDR1	0.16763497747055545	1.7850628492739193	8	8	0.910753560642236	-9.113933926899946	8	8
DDR2	0.5234738875433134	4.6784227842794675	2	2	0.4263049957321291	-7.932729350830064	2	2
DDX39B			0	0			0	0
DECR1	0.9937154959012978	3.9850213374157724	2	2	0.3171554353003504	-4.995365517259621	2	2
DGKA	0.6421349797380504	-0.37049645363603645	2	2	0.5031728576348917	-2.5939258409206527	2	2
DGKB	0.42691798452323726	5.934296277525578	5	5	0.9018173247317224	-9.320863206594124	5	5
DGKD	0.08867104186098089	10.64286310147692	5	5	0.13486349889820495	-1.3491168640728812	5	5
DGKE	0.614520176712387	7.349657822156484	4	4	0.8033231357098927	-4.5791184622388394	4	4
DGKG	0.9642065588722244	2.3788528680808887	3	3	0.6306524332615491	-1.9426148790353672	3	3
DGKH	0.9391474188611871	6.384176998612631	6	6	0.6118416594274994	-4.668521756925121	6	6
DGKI	0.6619526968930883	5.052176270459912	4	4	0.9779236967350914	-5.445250888427663	4	4
DGKK	0.17615939305910155	-1.249409284629562	3	3	0.8625797821980141	-2.7574168609771714	3	3
DGKQ	0.4059748104239844	6.1805839666094355	8	8	0.5286864919990407	-9.006052879577197	8	8
DGKZ	0.9184431438380081	3.9985517811007654	2	2	0.711235453968361	0.3797311115559544	2	2
DGUOK	0.6421349797380504	-0.5984987148876533	2	2	0.4735190654767256	-4.561367843395612	2	2
DHCR7	0.2221376730572553	-1.3200945555452952	2	2	0.6763444760601476	-4.337546488389454	2	2
DHFRL1	0.614520176712387	2.0544896817624103	4	4	0.8987096549140207	-5.478643812593634	4	4
DHODH	0.2804937245126513	8.519490235234814	4	4	0.5172912259372366	0.5893841579347419	4	4
DHPS	0.4532175785706196	3.394494641277183	3	3	0.2356243103272324	1.0518616696793124	3	3
DHRS11	0.28054944483051936	-1.2740231817049148	2	2	0.22816064334400843	-8.779413939234205	2	2
DHRS4	0.6308616535489604	-0.7918762933438828	1	1	0.16246041591846205	-9.665161712970214	1	1
DHRS4L1	0.022856302161521402	10.415559015329693	3	3	0.4532175785706196	-7.194100966983783	3	3
DHRS4L2	0.8025714579867083	3.0832766180316575	3	3	0.04213156085606892	1.823779003715196	3	3
DLAT	0.24973237854812025	-1.6437328870036243	1	1	0.20668004847439692	-9.517935759787036	1	1
DLD	0.6629706678934735	-0.7684987788575182	1	1	0.4406725422750465	-8.64178419848385	1	1
DLG4	0.5384077338330884	8.377691665186099	6	6	0.6055557106790111	-8.49597761248256	6	6
DMPK	0.7729753211775603	2.2104624171476313	3	3	0.812502426299867	-2.7444325274278736	3	3
DNASE1	0.6536082755458807	3.3817578702372693	3	3	0.3938622033379876	-1.5769286063967114	3	3
DNPEP	0.24072630010572027	6.657594787390276	3	3	0.028809964985981266	1.9410311524052506	3	3
DNTT	0.9426437736618785	2.9932750638479235	4	4	0.1394911037273397	-8.83667073955035	4	4
DOK1	0.614520176712387	3.366482109014497	4	4	0.15492623340715744	-1.1174962038581095	4	4
DOLPP1	0.10972156292260397	-1.817689097839412	4	4	0.475264582054305	-2.1765027998720687	4	4
DPEP1	0.013785117584332941	11.512245133827932	4	4	0.42226948296545663	-0.5370403629813661	4	4
DPH5	0.9309561342645262	-0.13597100996014078	2	2	0.16327308240413552	1.4026510839319322	2	2
DPP4	0.9437808838766888	3.0368992881341197	3	3	0.8525132106338359	-2.2320681047884965	3	3
DPP6	0.8033231357098927	7.3025941261948875	4	4	0.9735099033350911	-4.503953698309286	4	4
DRD1	0.42226948296545663	9.400002947461285	4	4	0.02360022571805676	-9.806525200071972	4	4
DRD2	0.04134796802074214	10.814663780999254	2	2	0.5652998407776577	-4.338980066649603	2	2
DRD3			0	0			0	0
DRD4	0.822463642853613	3.069902139500268	3	3	0.5425082577032556	-5.51420004546728	3	3
DRD5	0.22565096590422873	-1.039136856807047	3	3	0.5770232054055706	-5.547546449553138	3	3
DSTN	0.48213634186935994	-0.8092688047528505	4	4	0.017063677240331292	2.342348068937463	4	4
DSTYK	0.9642065588722244	2.959550877395927	3	3	0.3266667946891344	0.7948791544499006	3	3
DTYMK	0.9897701423396694	2.6538597864677613	3	3	0.18449805094016147	-8.49968494102359	3	3
DUSP10	0.6150599454031654	-0.8359190194861643	1	1	0.40197086850418695	-8.707596979290612	1	1
DUSP11	0.44832238284022163	2.0932973585250174	4	4	0.8291107692840998	-2.3158335506102703	4	4
DUSP12	0.6629706678934735	1.1104664706007021	1	1	0.40197086850418695	-8.76281894902563	1	1
DUSP13	0.09355662146899714	-1.4551794627332295	4	4	0.20501909086013947	-6.495824958855579	4	4
DUSP14	0.10660845832839813	11.03606553012324	5	5	0.06567728433244104	-1.1070635573679608	5	5
DUSP15	0.553675186535875	7.652004432985119	1	1	0.8493319992005053	0.32252496131345876	1	1
DUSP16	0.2955589988176961	2.3675149180661026	4	4	0.6619526968930883	-5.064405472790983	4	4
DUSP18	0.18838153206022834	6.098708010153651	2	2	0.6421349797380504	-3.062788323981783	2	2
DUSP19	0.27558994430748396	-1.2161469543549834	4	4	0.12256368738501093	-9.519771930802309	4	4
DUSP2	0.8844962782287954	0.183489726699964	1	1	0.12578390448722868	2.957662733528552	1	1
DUSP21	0.6067622680548863	2.0919227000584617	4	4	0.40332558559854215	-5.868520332800468	4	4
DUSP22	0.326103343720211	10.346677751538598	5	5	0.3987682937513213	-8.659053767529402	5	5
DUSP23	0.8562416738526271	1.718493486652969	2	2	0.3405590369079535	-5.311261588803418	2	2
DUSP27	0.7799617756580675	0.3489437721905162	1	1	0.22320566590543867	1.844892162229904	1	1
DUSP3	0.16256323655552496	-1.910250012144915	5	5	0.6893733267180202	-2.8744722276174746	5	5
DUSP6	0.4379233181869481	5.690316347490261	3	3	0.953989943868534	-2.3439914699859146	3	3
DUSP7	0.056171233302252474	-1.904387204254282	5	5	0.1297891753377801	-8.939829026833745	5	5
DUSP8	0.8943309463076425	4.838352137767917	4	4	0.8377492101519326	-2.372515698591075	4	4
DUT	0.7799617756580675	0.3934520333300249	1	1	0.11004524521734775	3.4670728881600903	1	1
DYRK1A	0.7437057424127969	2.356908135387996	3	3	0.9744290538613658	-2.3714589909370525	3	3
DYRK1B	0.10728553496542136	9.357844737359972	4	4	0.2565617992203223	-1.3341124918717544	4	4
DYRK2	0.1603303024931052	6.487064732377777	3	3	0.09683544325554713	1.8325142777599686	3	3
DYRK3	0.7113096000951296	10.008545560695211	5	5	0.45024924024571233	-1.9466706733188344	5	5
DYRK4	0.6421349797380504	4.424382934555969	2	2	0.968585275497194	0.05364452098785655	2	2
EARS2	0.6648624615456817	0.5346775500348557	2	2	0.046287247705826325	2.4103141515516286	2	2
ECE1	0.09683544325554713	9.0432107633941	3	3	0.822463642853613	-1.8889846004632993	3	3
EDA	0.27358719493956263	5.494694437534429	2	2	0.699533384968384	-3.2057848733127905	2	2
EEA1	0.2960425312390439	1.3089891087242158	3	3	0.08461749189882836	-6.724082398067504	3	3
EEF2	0.9174650490501355	2.7643539208894197	5	5	0.8784189610411216	-5.189670447724872	5	5
EEF2K	0.4846924179863771	6.178379981413568	3	3	0.2901560983513152	0.9903775466392299	3	3
EFNB2	0.1394911037273397	-0.5585629402461137	4	4	0.11990545146217382	-8.098515026539113	4	4
EFTUD1	0.21482833735175744	-1.7275200701105646	1	1	0.1692881450557	-9.600805489736898	1	1
EGFR	0.055260269043792984	9.725888423411702	3	3	0.44553304953071093	-1.6942933600366115	3	3
EGLN1	0.09683544325554713	9.003606958572506	3	3	0.02136501143649074	3.441942031978775	3	3
EGLN2	0.17792996478862022	8.654470083785885	5	5	0.3212647603114194	-4.074502116448429	5	5
EGLN3	0.48040383602307324	6.828988914549561	5	5	0.45619295673735516	-1.69900555704447	5	5
EHHADH	0.01511515611497054	-1.8621804729777096	4	4	0.006803163877678354	-9.930453392844427	4	4
EIF2AK1	0.15961376502653413	-1.4618153415720077	5	5	0.505298553082802	-9.446991867001797	5	5
EIF2AK2	0.8562416738526271	4.115083302098081	2	2	0.968585275497194	0.06483119643887375	2	2
EIF2AK3	0.23408601672889773	9.642566748368884	4	4	0.5463415800388045	0.7188258387021929	4	4
EIF2AK4	0.1280180810790098	10.257231421223512	4	4	0.9162537046444287	-4.992876848218292	4	4
ELANE	0.3327834392297607	5.835532836433629	4	4	0.6943612463275022	-5.541480636111378	4	4
ELOVL4	0.563959084461312	3.4227728476449095	3	3	0.6582402618027362	-4.824722435968014	3	3
ELSPBP1	0.8377492101519326	2.352099755142255	4	4	0.7608286401821462	-6.989292313347504	4	4
EN2	0.731497668124818	2.1609281908159317	4	4	0.8899556151060655	-2.7962837980288655	4	4
ENO3	0.9046270825376673	10.69854552038238	8	8	0.8196141438154966	-8.618437216896371	8	8
ENOPH1	0.6215672885499751	1.8005003643642379	3	3	0.9590973799236262	-2.0947885755500044	3	3
ENPEP	0.046287247705826325	-2.178540063008678	2	2	0.2948322834067959	-5.23578227621742	2	2
ENPP1	0.5867985246541945	1.8606792158392116	2	2	0.025809871980532747	4.328255783148018	2	2
ENPP2	0.08322517250180199	1.0858751075481259	4	4	0.17512092078916863	-6.421645446082167	4	4
ENPP3	0.9320047337300718	6.770888205830037	6	6	0.022799806402078095	-0.9332055137255737	6	6
EPHA1	0.0327780992675138	10.254562966992102	3	3	0.3938622033379876	-5.247599800751386	3	3
EPHA10	0.19028784504472263	10.986847339006742	7	7	0.5368646222462607	-5.771805755825884	7	7
EPHA2	0.10728553496542136	-1.5134586073192715	4	4	0.48906177162890974	-6.6235163286707035	4	4
EPHA3	0.6675430376707338	2.001364372494575	3	3	0.8625797821980141	-2.547188633593181	3	3
EPHA4	0.4990118420201862	2.4160520702054242	5	5	0.808937271507439	-6.668542057864997	5	5
EPHA5	0.7947731413669984	2.1486262258010274	4	4	0.6067622680548863	-1.6495254577010938	4	4
EPHA6	0.1603303024931052	1.2955552272971655	3	3	0.17209694551087673	-6.496189690128776	3	3
EPHA7	0.2429029692854261	-1.1447430978585242	4	4	0.34678109901111254	-9.150227828009823	4	4
EPHA8	0.8165939579234649	5.539458697791101	5	5	0.47428626244014527	-5.0114367263173145	5	5
EPHB1	0.8637780629535432	6.35301222184652	4	4	0.17512092078916863	-0.7294795101223119	4	4
EPHB2	0.4095829271395257	9.532701545993778	4	4	0.10728553496542136	-8.75928225719087	4	4
EPHB3	0.30215333471190553	8.66669685521332	2	2	0.44485275595066687	-4.710449429569305	2	2
EPHB4	0.7437057424127969	2.4445495400763586	3	3	0.782806393183133	-2.3740479794529246	3	3
EPHB6	0.037757050906438744	1.5696334345833283	5	5	0.4990118420201862	-6.306477206653159	5	5
EPHX2	0.43518342317727465	2.210229510354956	4	4	0.951455921838272	-2.8354697094280663	4	4
EPM2A	0.7524111676445808	5.793439837461254	4	4	0.48213634186935994	-5.994886540918809	4	4
EPN1	0.972444581173698	6.385587465292222	5	5	0.4682117367314438	-4.883491898435139	5	5
EPOR	0.16752903577943934	11.96822246623529	7	7	0.9768542681907831	-9.069327142976489	7	7
EPRS	0.5994348273460528	2.4668579750562856	1	1	0.7628667743652672	-5.406427444570046	1	1
EPS8L1	0.9960627447354083	5.6715594469810755	5	5	0.808937271507439	-7.971605834181318	5	5
EPX	0.38953769995165466	9.245721188124461	1	1	0.9376504461016588	0.1659414893056687	1	1
ERBB2	0.3272878386591217	6.662183839755774	4	4	0.7692745210169614	-2.013932755434417	4	4
ERBB3	0.711235453968361	3.520415907952663	2	2	0.4355219180532939	0.8234446682200849	2	2
ERBB4	0.03693567228451319	-1.9696509288528368	4	4	0.5390038577297482	-5.727847844798614	4	4
ERN1	0.16145135396425114	6.630333305339921	4	4	0.46844691159497365	-5.703768607521567	4	4
ERN2	0.7243935255582838	2.4114960198058726	3	3	0.5382670390490378	-5.666115025450711	3	3
ERO1LB	0.10489254768076661	9.458835283756653	4	4	0.8204929418465725	-6.058107091578052	4	4
ESD	0.5724065910069491	1.6541745702430557	4	4	0.04817900866943995	-9.519618418594888	4	4
ESRRG	0.5982546803725661	11.297877804822802	12	12	0.08524370467624784	-9.555046018789788	12	12
ETFDH	0.6699985902759191	5.97990535628751	4	4	0.7356651658540911	-3.299907067990508	4	4
ETNK1	0.14860336267645818	8.470554917364614	4	4	0.37887450011114443	-9.268287186946614	4	4
ETNK2	0.5234738875433134	4.901515931305748	2	2	0.968585275497194	-3.893066559908629	2	2
EXTL2	0.7356651658540911	1.8644300504153624	4	4	0.31115669656083966	-6.21129709792217	4	4
F10	0.5652998407776577	-0.7014553285634788	2	2	0.2948322834067959	-8.57474074818981	2	2
F11	0.41463911103700135	9.001529067432763	1	1	0.08731445315988665	-10.562190908588622	1	1
F13A1	0.8724887730813045	1.931924756298594	4	4	0.614520176712387	-5.731466348621414	4	4
F2	0.025809871980532747	13.193989352990783	2	2	0.6648624615456817	-1.8176647142904554	2	2
F2R	0.5340431495343935	3.2957327688140965	3	3	0.20204536642155835	1.2087198440910483	3	3
F3	0.09886104913328608	10.92334097842217	8	8	0.6289975273992812	-9.055390635768346	8	8
F5	0.4549754338611368	6.76987363796957	4	4	0.7692745210169614	-3.860500608101075	4	4
F7	0.2729720342176537	6.566580419314858	3	3	0.7437057424127969	-2.273869606142729	3	3
F9	0.03153187009253296	-2.2431214780371205	2	2	0.07900848666846641	-9.616034204542043	2	2
FAAH	0.12526774628518234	-2.0966849551801965	4	4	0.1280180810790098	-9.434166297334025	4	4
FABP6	0.4688088385010125	3.2880625158016534	3	3	0.261910456683636	0.9416002776133086	3	3
FADS1	0.25649741520509617	6.740959990000768	3	3	0.8525132106338359	-2.4854274698668566	3	3
FADS2	0.06634215858141757	10.83195473727055	7	7	0.33418605077726504	-1.9174509782845626	7	7
FAH	0.1273082281874841	9.93681409284874	5	5	0.7709414763919682	-3.5751167380619706	5	5
FARS2	0.9937154959012978	1.7901405578585194	2	2	0.11337944232155323	-9.216538132115264	2	2
FARSA	0.5441870812564256	-0.7125162091598636	2	2	0.5976880451210425	-2.8281574356288814	2	2
FARSB			0	0			0	0
FASTK	0.4082163035057116	5.172693924234562	2	2	0.44485275595066687	-7.826526671765603	2	2
FBP1	0.2228990364697363	8.851751841161542	5	5	0.06862489994919059	-1.2848578179442012	5	5
FBP2	0.5760018349684444	5.447087865486076	2	2	0.10300776982270127	1.7580932560799183	2	2
FCER1A	0.1314031367606553	11.349801638075938	1	1	0.1987584948761255	2.038146215340138	1	1
FCER1G	0.9690969612980223	2.7373763078363598	4	4	0.8987096549140207	-5.267142553343869	4	4
FCGR1B	0.8174792110983045	2.976873534193252	3	3	0.5340431495343935	-1.8512382707201809	3	3
FCGR3A	0.10637772470793427	9.86341496485546	2	2	0.5337797266232922	-6.876062544091569	2	2
FCGR3B	0.9309561342645262	-0.16202626991979496	2	2	0.08453430265649962	2.0006727012227703	2	2
FCRL2	0.430388895180718	1.9212930676933346	3	3	0.6489900969794189	-2.9525067520644637	3	3
FDX1	0.03980403998299761	10.977379520962092	2	2	0.5337797266232922	-2.4746036111979732	2	2
FDXR	0.06417146223370432	-2.0626997068332926	2	2	0.4263049957321291	-4.695855224617225	2	2
FECH	0.9184431438380081	4.51677775640237	2	2	0.5652998407776577	0.5975455640719805	2	2
FER	0.1420853798910485	-1.3150658302388223	3	3	0.822463642853613	-2.287031805164826	3	3
FES	0.8940073590079448	5.4369230404410445	5	5	0.6748915230109516	-5.241462727859944	5	5
FFAR1	0.221289783784836	9.593927880783127	4	4	0.846407252927595	-4.469481084368468	4	4
FGA	0.8686233887448216	4.1190086604022795	2	2	0.8686233887448216	-4.087459647672251	2	2
FGB	0.9744290538613658	2.7906213000372317	3	3	0.9846557509119103	-2.457028449843403	3	3
FGF4	0.812502426299867	2.2180914872634836	3	3	0.5425082577032556	0.20398421447489953	3	3
FGFR1	0.07367788197809501	9.124070501619416	3	3	0.09683544325554713	1.3697511825002326	3	3
FGFR2	0.6676951074926976	6.116961142526251	5	5	0.47428626244014527	-2.181607536985234	5	5
FGFR3	0.14247947470683264	-1.4649472420736658	4	4	0.9250415942716494	-2.9079295090159007	4	4
FGFR4	0.4158976444658756	6.391962009927909	4	4	0.5611639214856028	-1.185114602514673	4	4
FGG	0.3567606904452848	-0.9889527978930746	2	2	0.9560302952092635	-3.5104277348265205	2	2
FGGY	0.042942317545244114	10.807282480212299	2	2	0.5234738875433134	-7.397253423781988	2	2
FGR	0.40644671216029093	1.6262345906003055	4	4	0.6539456471479708	-5.676640096334231	4	4
FLT1	0.7440230356089503	4.05626364037129	4	4	0.5761781687565709	-6.00204859207782	4	4
FLT3	0.8551263263657463	5.473728830542037	5	5	0.563701279109148	-1.5772780543076526	5	5
FLT3LG	0.12256368738501093	10.14654455100834	4	4	0.2804937245126513	-1.422526035246376	4	4
FLT4	0.24072630010572027	-1.357892717435158	3	3	0.6768971859550865	-2.0744416806606476	3	3
FN3K	0.11220110188298406	10.041272841416331	4	4	0.20900281179923996	-1.3119340092056486	4	4
FN3KRP	0.9602740100603963	2.826297512925585	4	4	0.8291107692840998	-3.9927373792647476	4	4
FNTA	0.5337797266232922	4.682704652413345	2	2	0.5976880451210425	-2.9576560828084157	2	2
FNTB	0.08326326520999233	10.246473393972124	5	5	0.7634046573544134	-5.764909663336158	5	5
FOLH1	0.5546943436543996	4.490180675586756	2	2	0.905950320636913	-3.876096205936329	2	2
FOLR2	0.9732565186484019	0.03311587683957207	1	1	0.2406558158041382	-9.426109810431747	1	1
FOLR3	0.9409948168019828	2.9103111930073258	5	5	0.0963178584864646	-0.7358551483117702	5	5
FPGS	0.4532175785706196	6.447516775924591	3	3	0.5425082577032556	-5.4634142024484404	3	3
FPR1	0.5173154389508978	2.0676076889819743	3	3	0.0167923880928034	-9.810118621786172	3	3
FRK	0.6078095339141654	2.0717404818174074	5	5	0.3987682937513213	-0.9624056868410861	5	5
FSHR	0.10637772470793427	10.01197451096601	2	2	0.8810374077574495	-3.5928855854218495	2	2
FST	0.6539456471479708	1.845426265954827	4	4	0.8899556151060655	-5.2814655692997725	4	4
FTCD	0.5906624420795961	7.767622056350587	5	5	0.8862076560497375	-7.363056658294515	5	5
FTH1	0.4865641624881364	1.92087214795539	5	5	0.058762474856409126	-9.537598358994991	5	5
FTL	0.2207788947635121	-1.101287234873233	3	3	0.430388895180718	-6.084944326410817	3	3
FUK	0.7243935255582838	3.6821562939339123	3	3	0.05365074361838078	2.051045136939033	3	3
FXYD2	0.01006748031260229	11.669113600551528	4	4	0.31115669656083966	-0.685914851407753	4	4
FYN	0.27358719493956263	5.18467996531575	2	2	0.15856905608243255	1.4401782143244688	2	2
G6PC	0.18358558818431758	-1.880994550772284	1	1	0.16246041591846205	-9.755058332996882	1	1
G6PC2	0.6067622680548863	5.825088924720603	4	4	0.6619526968930883	-5.227291349895311	4	4
G6PC3	0.3567606904452848	5.355550873386675	2	2	0.04804034634138816	2.486457706587557	2	2
GAA	0.8324535573993369	2.771083492891013	3	3	0.052080550486159255	1.8023828995804536	3	3
GABBR1	0.5244061020188673	1.9430191974182887	5	5	0.43268379221177355	-9.65186695474962	5	5
GABBR2	0.22565096590422873	-1.0639856810917128	3	3	0.9437808838766888	-4.914153376913253	3	3
GABRA1	0.7534235347349099	3.3050969361486806	3	3	0.7340286013566418	-5.1318684251027245	3	3
GABRA2	0.16246041591846205	-1.986797079143214	1	1	0.1558425387245505	-9.860082498769547	1	1
GABRA3	0.08009349700851479	-1.5530607449983798	3	3	0.25649741520509617	-6.067288263614626	3	3
GABRA4	0.37979324589522423	-0.7166683381844514	3	3	0.22565096590422873	0.9934565650971616	3	3
GABRA5	0.046287247705826325	10.663058130036536	2	2	0.8810374077574495	-3.6273111720549465	2	2
GABRA6			0	0			0	0
GABRB1	0.46844691159497365	2.8764816040105345	4	4	0.1859267978109006	-8.660278120059166	4	4
GABRB2	0.807097055911814	-0.3696774384808421	2	2	0.9937154959012978	-3.861771838751978	2	2
GABRB3	0.9567112752181224	8.819303453074452	5	5	0.6748915230109516	-5.11764765484899	5	5
GABRD	0.5596366575132491	2.4311732834189126	3	3	0.38678869651065917	-3.2717806904566964	3	3
GABRE	0.3171554353003504	6.471049583482823	2	2	0.6763444760601476	-1.478027734526132	2	2
GABRG1	0.33094927500753824	-1.5341325468095306	1	1	0.2406558158041382	-9.407417966435863	1	1
GABRG2	0.036862568871513166	-2.2093757135167733	2	2	0.3567606904452848	-4.714460167483961	2	2
GABRG3	0.6301653783910885	-0.2139120350148843	4	4	0.349625416507229	0.7619711361344281	4	4
GABRP	0.2948322834067959	-1.2567075987954475	2	2	0.9937154959012978	-3.691350951660182	2	2
GABRQ	0.4846924179863771	3.4457478741011776	3	3	0.03720525570381228	1.9571431900685905	3	3
GABRR1	0.6035700677590778	2.233699817230232	3	3	0.08461749189882836	-8.823014007527627	3	3
GABRR2	0.3987682937513213	2.719359628856799	5	5	0.5906629964204488	-1.8296761514068554	5	5
GABRR3	0.5994348273460528	2.6985282099807444	1	1	0.08731445315988665	4.622093585621572	1	1
GAD1	0.5340431495343935	3.171375755972026	3	3	0.38678869651065917	-5.810664979904733	3	3
GAD2	0.5441870812564256	1.13360795300173	2	2	0.2221376730572553	-6.740020393904864	2	2
GADL1	0.48965993895195037	2.3184877408136235	5	5	0.038676409702954495	-9.494926867215538	5	5
GAK	0.5686473614873404	1.7977384915404215	4	4	0.30589821930543304	-9.081476790492923	4	4
GALE	0.16818189456828647	-1.3505433514010061	4	4	0.2429029692854261	-1.8696260553860868	4	4
GALK1	0.05127370614904817	10.321078471079657	5	5	0.5244061020188673	-1.729877802067928	5	5
GALK2	0.6277255661132192	9.973749472254791	7	7	0.06757726305587054	-9.562599747650525	7	7
GALM	0.9811480471341884	4.52051663897376	2	2	0.36504065342345127	0.9659818834739051	2	2
GALNT1	0.1558425387245505	-2.0228797322713827	1	1	0.8144650044613553	-1.0775829744168575	1	1
GAPDH	0.7587025380471828	5.124824114629838	2	2	0.843895243218821	-2.585465609305106	2	2
GAPDHS	0.19918538030984734	-1.4407720850151895	2	2	0.37343960908730933	-4.825995314264418	2	2
GARS	0.1763288629373767	10.418414403570457	1	1	0.679265305080289	-7.4090673264427505	1	1
GART	0.5101556395102649	3.5960712541001967	4	4	0.13365937136067832	-1.407994477167397	4	4
GATM	0.5179960350983857	6.487205508885637	5	5	0.48040383602307324	-6.95153242679298	5	5
GBA	0.4745814150762645	4.805864972558255	8	8	0.055718903129995896	-10.071746488290207	8	8
GCA	0.41720285726390505	-0.2753749706084845	2	2	0.9811480471341884	-3.353886830354557	2	2
GCAT	0.5173154389508978	-0.431336566544221	3	3	0.7437057424127969	0.2853206499614008	3	3
GCDH	0.46385236718594713	4.4885486207409535	2	2	0.9811480471341884	-0.13790565503420626	2	2
GCGR	0.321851504010483	-1.089232843095095	4	4	0.34395228517025545	-1.3893359557805598	4	4
GCH1	0.2955589988176961	6.814720857355712	4	4	0.25195081553962084	-1.2258311364615542	4	4
GCK	0.1877743640915217	-1.2331616086722967	4	4	0.5463415800388045	-6.138665898893625	4	4
GCSH	0.6306524332615491	3.0522102624912564	3	3	0.4379233181869481	-5.475139167796954	3	3
GDI1	0.057663688326966445	10.503374374259703	2	2	0.11337944232155323	2.472988606652035	2	2
GFER	0.7230059644416609	-0.3834087871984142	2	2	0.37343960908730933	-8.256694206824747	2	2
GGCX	0.6675430376707338	3.172307036964277	3	3	0.6215672885499751	0.2860805372400811	3	3
GGPS1	0.1859267978109006	1.9441044293829794	4	4	0.3327834392297607	-9.0105905650627	4	4
GHRHR	0.5986258246782183	5.846831064403729	7	7	0.7685484371305833	-5.673233987714951	7	7
GIT1	0.8940073590079448	5.81403487170713	5	5	0.1400898077074092	-8.966520490470481	5	5
GIT2	0.7356651658540911	3.498605322820541	4	4	0.09574152805173985	2.052504789540804	4	4
GK	0.1280180810790098	10.19067979786627	4	4	0.4158976444658756	-1.9835822037336086	4	4
GK2	0.08934602300962007	-1.4068866170944634	3	3	0.6035700677590778	0.40201731005891306	3	3
GK5	0.38953769995165466	-1.4208815202073204	1	1	0.2685964162824007	-9.294166939833653	1	1
GKAP1	0.9948849700283554	2.6998912891107825	3	3	0.812502426299867	-1.974483744862626	3	3
GLA	0.3525970933298672	6.58545152428572	3	3	0.8324535573993369	-2.393976086347458	3	3
GLDC	0.38678869651065917	3.6228413010208236	3	3	0.7437057424127969	-3.8764363141715683	3	3
GLIPR2	0.8784189610411216	8.831571036495362	5	5	0.7113096000951296	-2.4336276436334514	5	5
GLP1R	0.03028781492113592	-2.07842875987987	5	5	0.45619295673735516	-6.036543098425383	5	5
GLP2R	0.06392302239593674	-1.5687275908696734	3	3	0.7534235347349099	-2.3540629933453667	3	3
GLRA1	0.6582402618027362	5.033553949419064	3	3	0.7631805449989932	0.21579085198359663	3	3
GLRA2	0.3409017241423815	2.108921353097157	5	5	0.8590001400366137	-5.727697790696365	5	5
GLRA3	0.12526774628518234	-1.4382591327940233	4	4	0.9338386403809925	-4.742585820572911	4	4
GLRB	0.7534235347349099	3.2537846680804248	3	3	0.792672273526139	-2.3185829312819966	3	3
GLRX	0.6197378089651657	5.361194146967682	2	2	0.5652998407776577	-2.48506625891778	2	2
GLRX2	0.8726687190033349	2.7158118492350543	3	3	0.23059931506087805	-6.075540672550644	3	3
GLS	0.19754850877304286	8.394096435698188	3	3	0.22811522166773013	-6.081356727824731	3	3
GLS2	0.8979782242522452	5.073612443247046	3	3	0.8174792110983045	-2.370492408506283	3	3
GLT6D1	0.44485275595066687	-0.8921612592532693	2	2	0.7467421134808956	-4.004646459017738	2	2
GLTP	0.5611639214856028	2.4283453910199655	4	4	0.2904781656185249	-9.327478442818842	4	4
GLUD1	0.9335810502016108	0.048756007143412695	3	3	0.02363528856465015	2.368170808125304	3	3
GLUD2	0.8025714579867083	3.2631893582656253	3	3	0.7052551253773022	-5.346300652354586	3	3
GLUL	0.7777478678258648	2.9144433064284225	4	4	0.27558994430748396	-1.6886628293830999	4	4
GLYAT	0.8827784086677047	2.7202522551713684	3	3	0.3141784886638983	-5.962976781385105	3	3
GLYATL1	0.8520434463522804	5.893533614960713	7	7	0.5533866460521025	-8.927324863368794	7	7
GLYATL2	0.496040435444444	2.1362468010900724	4	4	0.3327834392297607	-8.575571931333142	4	4
GM2A	0.38195715357195803	-1.054533539024571	2	2	0.8315870510040755	-3.5433132981023956	2	2
GMDS	0.5008631613936626	-0.6458151746322377	3	3	0.9437808838766888	-2.6283612651409123	3	3
GMPR	0.3938622033379876	-0.5996345165907865	3	3	0.13193012715932934	-8.719002030303185	3	3
GNAT1	0.23052388561951775	10.671769039028952	6	6	0.3298199269621632	-8.105942772733734	6	6
GNB1	0.45619295673735516	2.3064673000485754	5	5	0.377074122525659	-2.135374663123162	5	5
GNE	0.2612310530635821	1.1327340459981527	4	4	0.9602740100603963	-2.6083111134121193	4	4
GNG2	0.9233921096059854	2.888694010394124	3	3	0.36603758800253605	-1.4236688631083103	3	3
GNGT1	0.37734133666578695	9.346128556708809	1	1	0.5687370807561141	0.751389297539278	1	1
GNLY	0.4767143993899181	2.277888570866471	3	3	0.1192758431970131	-8.650520066491792	3	3
GNMT	0.9948849700283554	3.104159278322806	3	3	0.7437057424127969	-5.066339462248164	3	3
GNPDA1	0.48329552919622676	4.491141320738043	2	2	0.48329552919622676	-2.3572592754753563	2	2
GNRHR	0.711235453968361	-0.44207967236528223	2	2	0.893480726925582	-3.5764859587696702	2	2
GOT1	0.6582402618027362	1.932524188325863	3	3	0.5596366575132491	-2.09945430179166	3	3
GOT2	0.2955589988176961	6.1478024128855	4	4	0.6862036866249916	-5.12074377359491	4	4
GP1BA	0.09152880049589655	12.235405095895254	1	1	0.5096964137086636	-8.400469989273647	1	1
GP9	0.5760018349684444	-0.5455952615525432	2	2	0.819320023273342	-3.0178360664555113	2	2
GPD1	0.1192758431970131	6.9594440788239424	3	3	0.5596366575132491	-2.004238361010019	3	3
GPR18	0.5682981343473044	2.5752697363627575	3	3	0.2729720342176537	-8.080433100345985	3	3
GPRC5A	0.05989127502369439	10.921579578414972	6	6	0.5684635075191733	-9.723930853226296	6	6
GPT2	0.7631805449989932	3.242652781452192	3	3	0.6957545268767622	-1.9871247558778338	3	3
GPX1	0.6943612463275022	-0.42052813151175766	4	4	0.6380512197085942	-5.605398903059863	4	4
GPX2	0.19106121298987733	10.241223434101821	1	1	0.991084021951444	0.0018315220777357366	1	1
GPX3	0.2955589988176961	7.315865860320906	4	4	0.7107821853940397	-4.460374316253019	4	4
GPX5			0	0			0	0
GPX6	0.7340286013566418	2.5829456886552182	3	3	0.08233030262539955	-9.011537088891933	3	3
GPX7	0.7524111676445808	2.023660165753185	4	4	0.8899556151060655	-2.839461671589001	4	4
GPX8	0.06193793173094315	-2.3887641238774426	2	2	0.042942317545244114	-10.261401434815651	2	2
GRIA1	0.44553304953071093	3.3628804491777875	3	3	0.6215672885499751	-5.406180599369539	3	3
GRIA2	0.3171554353003504	-1.157613355339505	2	2	0.37343960908730933	-8.03038260498285	2	2
GRIA3	0.34218640129974376	9.44233894845409	1	1	0.5687370807561141	-7.995912503981897	1	1
GRID1	0.48213634186935994	5.378574522656453	4	4	0.2804937245126513	-1.6335347430398894	4	4
GRID2	0.968585275497194	3.7588172798861796	2	2	0.059769124771829635	2.2723684502452377	2	2
GRIK2	0.0934051197403108	10.276409747543251	2	2	0.905950320636913	-3.6295826618140707	2	2
GRIK3	0.8396664512457587	3.313604174265704	5	5	0.5974950082873371	-4.838757637124533	5	5
GRIK4	0.30215333471190553	8.699668487704287	2	2	0.4355219180532939	-4.885347717972056	2	2
GRIK5	0.37343960908730933	5.125213802610813	2	2	0.05171420435870881	2.3282069219620958	2	2
GRIN1	0.7631805449989932	2.1823168444936205	3	3	0.6215672885499751	-5.476669138706721	3	3
GRIN2C	0.3080536620133777	6.3240651078140715	3	3	0.6768971859550865	-5.2798382996820195	3	3
GRIN2D	0.11159558037055967	-1.6436543606595784	2	2	0.07127403719021892	-9.516456465346259	2	2
GRIN3A	0.822463642853613	2.4248217033470314	3	3	0.02788512837711724	2.0149755548646717	3	3
GRIN3B	0.15816331195757294	1.0944334385056844	4	4	0.8204929418465725	-2.4511762838432065	4	4
GRK1	0.7190438463719142	6.099091687858535	4	4	0.2254982751553527	-8.28077411068851	4	4
GRK4	0.3212647603114194	5.53062900394638	5	5	0.808937271507439	-5.591778523625453	5	5
GRK5	0.5974950082873371	9.999638165026056	5	5	0.808937271507439	-5.129978103559324	5	5
GRK6	0.8862076560497375	2.7489978483743314	5	5	0.38242826830006704	-8.687364545345142	5	5
GRK7	0.5425082577032556	2.57564553886608	3	3	0.11626585036484173	1.4104008594065425	3	3
GRM2	0.7356651658540911	3.354527292944592	4	4	0.2904781656185249	-1.6182762346648396	4	4
GRM4	0.18525429444138797	1.4623561884151801	6	6	0.42149460106311165	-9.643776255266074	6	6
GRM7	0.41152454366102575	6.198350376142454	10	10	0.9206260244405319	-9.198722362992621	10	10
GRM8	0.3141784886638983	1.6604612744067577	3	3	0.714801909064076	-2.874172152065187	3	3
GSG2	0.37176644846005324	2.2459514762524684	5	5	0.6676951074926976	-5.426374376055587	5	5
GSK3A	0.19094088125254582	6.79952782683048	3	3	0.17615939305910155	-0.6389215143655315	3	3
GSK3B	0.38782876662563726	0.38235475975010996	5	5	0.3409017241423815	-9.421382052871403	5	5
GSR	0.18877535107474197	6.85041165712899	3	3	0.3080536620133777	-7.890589197901236	3	3
GSS	0.3909839668442341	8.594242759748477	4	4	0.811896731903401	-2.2528403176548615	4	4
GSTA2	0.90747603745455	2.749380587156093	4	4	0.811896731903401	-4.978762220011174	4	4
GSTA3	0.37287612734146225	-0.869441232992342	3	3	0.1254787118256875	1.4625324400475967	3	3
GSTA4	0.9386796620161314	3.15637247881561	3	3	0.7437057424127969	-4.972224429847543	3	3
GSTA5	0.7260690837294399	2.9483009075255278	5	5	0.19776669585372164	-9.05080062858448	5	5
GSTK1	0.509054478717973	3.729817303479496	3	3	0.792672273526139	-4.985730068457271	3	3
GSTM4	0.9338386403809925	5.9699578912999245	4	4	0.8033231357098927	-2.547661057165603	4	4
GSTO1	0.4767143993899181	1.958669620892822	3	3	0.9744290538613658	-2.521317276128284	3	3
GSTO2	0.17165833033726197	1.342186421179526	5	5	0.012014076591205316	-10.00844947778697	5	5
GSTT2	0.2729720342176537	6.076607913513811	3	3	0.2843489595342069	-6.33663638918852	3	3
GUCA1A	0.00388644334260547	-2.428579794986216	8	8	0.09270051281319915	-9.917243122994362	8	8
GUCY2C	0.8726687190033349	1.0143929954438855	3	3	0.9132157234932249	-3.9090907238665267	3	3
GUCY2D	0.021008815780056967	-2.5155418348888485	2	2	0.021901435203522765	-10.388827254515181	2	2
GUCY2F	0.5596366575132491	1.9957399656153882	3	3	0.06578368307541987	-7.051771528166547	3	3
GUK1	0.2406558158041382	9.712409594543	1	1	0.5096964137086636	-8.408407808698287	1	1
GUSB	0.2047258615460068	1.8144128447751615	5	5	0.11318946241706965	-9.232025073532904	5	5
GYG1	0.10759303319319459	7.207574179124631	3	3	0.10481872865204944	1.7357070091929412	3	3
GZMB	0.40332558559854215	-0.6620689867926721	4	4	0.31647445496966875	-1.0333815001245197	4	4
H6PD	0.07676221332090098	10.754242759278435	7	7	0.7184063919514614	-4.57591586656521	7	7
HADH	0.48906177162890974	6.14401928506535	4	4	0.25195081553962084	1.0794107214375803	4	4
HADHA	0.13525077837193752	-1.229788789131135	3	3	0.6768971859550865	-2.4508264179203048	3	3
HAGH	0.8987096549140207	2.881477610342085	4	4	0.11220110188298406	-9.370254519338275	4	4
HAL	0.4155216663675966	3.679081773428527	5	5	0.5804826629235745	-4.464979275136939	5	5
HAO1	0.7467421134808956	-0.33794637892706003	2	2	0.20195538795532653	-8.872195845997073	2	2
HAO2	0.07378013563161914	10.077544814165242	2	2	0.44485275595066687	-7.798897617396235	2	2
HARS	0.553675186535875	-1.039367855059952	1	1	0.37734133666578695	-8.912653274686285	1	1
HBA1	0.16525314589697926	11.31222633924766	6	6	0.04471431473971411	-0.7404444873277107	6	6
HBB	0.09053530057470313	-2.027780839924512	5	5	0.7186762238226941	-8.783440146697222	5	5
HBG1	0.9948849700283554	3.0912521814430955	3	3	0.49274223497424763	-5.673170190590949	3	3
HCK	0.9955841983893235	2.9508501276754413	4	4	0.03594551504804325	-9.35320916955157	4	4
HCN2	0.3080536620133777	6.317862291419613	3	3	0.782806393183133	-2.0211596592822256	3	3
HCRT	0.5179960350983857	3.9246452648102808	5	5	0.7784999825157899	-3.7721001302087576	5	5
HDC	0.20109086452150227	1.5688723978920045	4	4	0.7066637774672402	-5.594142570213634	4	4
HDHD1	0.7947731413669984	5.958299528039603	4	4	0.36699863976590164	-9.187682742366801	4	4
HEXB	0.037757050906438744	9.950876876842548	5	5	0.06424308155831931	-0.6055643176224333	5	5
HGS	0.653458536354288	3.5088548160118513	2	2	0.03830930981652618	-10.025957983785304	2	2
HIBADH	0.1177630161754067	7.0930865583193095	3	3	0.025262600728833264	2.2005935115000574	3	3
HIBCH	0.9233921096059854	3.2805435943343793	3	3	0.44553304953071093	-1.7240479133340905	3	3
HIF1AN	0.04693847568053897	-2.0437968059961342	4	4	0.1280180810790098	-9.583410588830256	4	4
HINT1	0.9309561342645262	4.208046295048731	2	2	0.6648624615456817	0.15606183405980711	2	2
HIPK1	0.18227138570286416	-1.6715829449665325	4	4	0.4286981716638256	-6.082759553798866	4	4
HIPK2	0.15816331195757294	7.389383896738347	4	4	0.7273384694317897	-8.336987013595298	4	4
HIPK3	0.275169833086665	10.944547059510116	6	6	0.4863945426114137	-4.333776061645483	6	6
HIPK4	0.8324535573993369	2.738470816187803	3	3	0.08233030262539955	1.4046374606599317	3	3
HK1	0.017152145479158238	11.385218800164694	5	5	0.0536758470094095	-0.6169420372765412	5	5
HK2	0.8706420159716479	3.2942517515109944	5	5	0.06009486358894605	2.7151904278133414	5	5
HK3	0.15396835366316636	-1.5811589623746745	2	2	0.9184431438380081	-3.7070165897554075	2	2
HLA-A	0.8242681901271184	5.919272268243113	5	5	0.8940073590079448	-5.173571205748677	5	5
HLA-B	0.07033399823712666	9.666545483934724	4	4	0.5463415800388045	-1.8320953357420002	4	4
HLA-DQA2	0.9642065588722244	2.583709140236932	3	3	0.3592778465374553	-5.625272201469628	3	3
HLA-DQB1	0.9034944104900181	4.972360733809809	6	6	0.6501468039320514	-2.325857963793298	6	6
HLA-DRB1	0.9233921096059854	-0.138180403482879	3	3	0.9233921096059854	-4.576111926633097	3	3
HLCS	0.35967736034785425	5.237531414029559	7	7	0.5814651118050964	-9.210994524466265	7	7
HMGCL	0.6035700677590778	5.943008601751903	3	3	0.6035700677590778	-1.751287470644791	3	3
HMGCR			0	0			0	0
HMGCS1	0.21482833735175744	-1.7039475238444766	1	1	0.45403291228033227	-8.57635244601236	1	1
HMOX2	0.7192548036943871	11.068568310524077	8	8	0.08828547785660322	-4.95473941213979	8	8
HNF4G	0.808937271507439	2.8822419016042407	5	5	0.6676951074926976	-8.265657669051675	5	5
HNMT	0.5994348273460528	2.3648582615538905	1	1	0.10515940763899286	3.8321647810799564	1	1
HPD	0.6863014442519328	3.591971803467454	3	3	0.6125394623899066	-2.0534321089862346	3	3
HPGDS	0.4379233181869481	3.573514381277674	3	3	0.8726687190033349	-4.9718777513536585	3	3
HPN	0.41476471802925297	3.315913793103668	8	8	0.7542247222371505	-8.865639681513024	8	8
HPRT1	0.07748340844557894	10.154449666515324	4	4	0.07936036399704977	2.160603342495647	4	4
HPX	0.430388895180718	3.590688085609113	3	3	0.055260269043792984	1.8363914504287138	3	3
HRH1	0.10692873347072399	10.764892131143084	6	6	0.4061007340639644	-8.387543173705767	6	6
HRH2	0.40332558559854215	1.6088610715697225	4	4	0.3383382712214469	-7.471429380902585	4	4
HRH3	0.021007425878777488	10.336941824919043	4	4	0.04113178815008673	1.620606839704689	4	4
HRH4	0.11331586596090351	-1.349367496648971	3	3	0.1603303024931052	-6.2937687875905395	3	3
HRSP12	0.06193793173094315	-1.957405876658635	2	2	0.2876310546352788	-5.318814119635259	2	2
HS3ST1	0.5132711059909847	3.8725350504270444	2	2	0.41720285726390505	0.7684234255926935	2	2
HS3ST3A1	0.4995492631658226	6.644902795884545	4	4	0.951455921838272	-4.776748976745635	4	4
HSD11B2	0.08521399093182482	10.341960649859443	4	4	0.5761781687565709	-4.726742725442578	4	4
HSD17B10			0	0			0	0
HSD17B11	0.812502426299867	2.6252242010849045	3	3	0.21598271433566663	-6.182336637069212	3	3
HSD17B6	0.8810374077574495	-0.16647363776492963	2	2	0.9811480471341884	-3.691090332939282	2	2
HSD17B7	0.06863384565365808	-1.698940629046361	4	4	0.17162515968070724	-9.905717442269394	4	4
HSD17B8	0.8810374077574495	0.0013098750574038753	2	2	0.7949210125777597	-2.824259132027699	2	2
HSPG2	0.10448345890742919	10.042598522098759	5	5	0.4384944204158	-2.357893891969427	5	5
HTR1A	0.892907228662779	2.468361734781593	3	3	0.3203828661805692	0.7801979601816905	3	3
HTR1B	0.9645762041869574	3.1169233896429827	5	5	0.2154958668416599	-1.1963700618099793	5	5
HTR1D	0.811896731903401	2.332948646804855	4	4	0.7356651658540911	-2.0647566452729147	4	4
HTR1E	0.951455921838272	2.5134526335798437	4	4	0.44832238284022163	-1.5763194252146813	4	4
HTR1F	0.8144650044613553	-0.32592874454098997	1	1	0.9376504461016588	0.22705059053477586	1	1
HTR2A	0.4417249336735335	2.158422314211048	4	4	0.04944697022111841	-9.272543600314096	4	4
HTR2B	0.11220110188298406	-1.4041164084657485	4	4	0.48906177162890974	0.42553450838237966	4	4
HTR2C	0.6763444760601476	0.42141906777662097	2	2	0.049848901446944954	2.397356377343992	2	2
HTR3A	0.3433674545498724	5.442138726581713	6	6	0.8539211148003645	-6.012579197635612	6	6
HTR4	0.8033231357098927	2.9308531881825584	4	4	0.11729258214303219	2.2105969142581734	4	4
HTR6	0.1254787118256875	7.245269312809508	3	3	0.18449805094016147	-0.7616487524383359	3	3
HTR7	0.7777478678258648	2.2134116069112686	4	4	0.7107821853940397	0.031535126378734846	4	4
HUNK	0.6489900969794189	3.184148601168919	3	3	0.4379233181869481	-5.812865790021743	3	3
IARS	0.33094927500753824	-1.5341325468095306	1	1	0.2406558158041382	-9.407417966435863	1	1
IARS2	0.38953769995165466	-1.4326151489897487	1	1	0.2685964162824007	-9.306962545138742	1	1
IBTK	0.6876571708271936	8.943776987076012	7	7	0.8977644646746489	-8.995835855969034	7	7
ICK	0.9779236967350914	2.591909788907628	4	4	0.2904781656185249	-1.5825811701473482	4	4
IDE	0.2674019228620056	-1.2644104114140495	3	3	0.5340431495343935	-5.702408123571949	3	3
IDH3A	0.972250416955137	10.074723270107734	8	8	0.5910950683298917	-9.164275963308574	8	8
IDH3B	0.9937154959012978	4.329677921787512	2	2	0.6879022461539545	-4.1136107233924735	2	2
IDH3G	0.8319592591651914	2.6690859919000007	5	5	0.6462906771979622	-5.760188630351091	5	5
IFNAR2	0.08461749189882836	-1.6536677340025825	3	3	0.9744290538613658	-2.5447335854498463	3	3
IFNGR1	0.7631805449989932	2.660430938432644	3	3	0.782806393183133	-2.326565921660878	3	3
IFNGR2	0.03182773719497432	11.239518443134122	5	5	0.03028781492113592	2.4889614023950455	5	5
IGF1R	0.6341357233668011	9.220875915635737	9	9	0.31776762032664874	-9.58183859041191	9	9
IGFBP7	0.42691798452323726	9.651510287050359	5	5	0.9960627447354083	-5.486918213769957	5	5
IGSF10	0.1494312667227473	10.819001744794788	1	1	0.5687370807561141	-8.095030017174853	1	1
IKBKAP			0	0			0	0
IKBKB	0.7971638434158136	-0.451612139447116	1	1	0.1558425387245505	2.441243124117137	1	1
IKBKE	0.0965228428652111	-1.8120563359487196	2	2	0.06883814409214276	-9.68475600846983	2	2
IKBKG	0.8525132106338359	3.061642268756446	3	3	0.4192291472230455	-1.7834324473999874	3	3
IL11RA	0.4641806792088674	2.239399948455414	6	6	0.10307712659884202	-9.572800459333491	6	6
IL2RB	0.36603758800253605	2.1168063894002684	3	3	0.8726687190033349	-2.5588270134597897	3	3
IL2RG	0.9948849700283554	2.855825419188118	3	3	0.7195919903600316	-2.2483754184228752	3	3
IL3RA	0.679265305080289	-0.7455916430325829	1	1	0.16246041591846205	-9.619731993078535	1	1
IL4I1	0.5340431495343935	-0.5751804078757251	3	3	0.9233921096059854	-2.4693008710894886	3	3
IL5	0.12023810336581908	1.3464216026638922	6	6	0.10498891055253083	-9.68861282670167	6	6
IL6R	0.4735190654767256	-0.7220468034381167	2	2	0.19372816203837273	-8.88793846303738	2	2
ILK	0.38793441377100635	6.269869601378275	4	4	0.09355662146899714	1.8860230681773125	4	4
ILKAP	0.11729258214303219	7.878366427906983	4	4	0.12526774628518234	-0.6942933784983144	4	4
IMPA1	0.2297636067750426	1.6728085063809015	4	4	0.6780825252478184	-6.3928956194110755	4	4
INPP1	0.17866954345140007	10.337873745119142	4	4	0.46844691159497365	-5.642231883192797	4	4
INPP4B	0.2904781656185249	6.322428580986433	4	4	0.24739793267946142	-1.7236300429120233	4	4
INPP5A	0.9162537046444287	2.563411437636955	4	4	0.3909839668442341	-1.5354933505016524	4	4
INPP5B	0.9969160988323472	9.614413749226403	8	8	0.6511123261302909	-8.09828838862318	8	8
INPP5D	0.4676187164013438	-1.246330235826795	1	1	0.8318571404371922	0.35713054848634	1	1
INPP5E	0.7398400700349768	6.336001308387313	4	4	0.811896731903401	-2.1607157606890595	4	4
INPP5F	0.07936036399704977	10.085192726654642	4	4	0.3327834392297607	-1.606657348308155	4	4
INPP5J	0.42226948296545663	-0.8441506360865271	4	4	0.6699985902759191	-4.587039967047895	4	4
INPP5K	0.42226948296545663	6.509926593010082	4	4	0.14860336267645818	-1.0728227456761026	4	4
INPPL1	0.44832238284022163	4.629782602149961	4	4	0.2804937245126513	-5.999733267645154	4	4
INS	0.9955841983893235	2.76874914238511	4	4	0.6459782297226009	-6.125925065994163	4	4
INSR	0.34218640129974376	-1.522201162133058	1	1	0.24973237854812025	-9.396484641322468	1	1
INSRR	0.339473173269047	1.701190831915067	3	3	0.24590561263095378	1.1372484400908893	3	3
IP6K1	0.9867531361654316	3.203752032185276	4	4	0.6301653783910885	-8.564032256007918	4	4
IP6K2	0.3486000596644482	-1.1788321338602827	2	2	0.9937154959012978	-3.899858888420835	2	2
IP6K3	0.5337797266232922	-0.7634574474784808	2	2	0.843895243218821	-3.612158930918728	2	2
IRAK1	0.797975144187431	9.684536099091039	6	6	0.04666044637352511	-10.075049506315429	6	6
IRAK1BP1	0.17792996478862022	8.839530634571231	5	5	0.3987682937513213	-4.3565873161514395	5	5
IRAK2	0.1004473322237253	-2.47087960377333	1	1	0.5096964137086636	-8.344165023399663	1	1
IRAK3	0.5761781687565709	0.8412863229836693	4	4	0.4095829271395257	-5.8082485553401995	4	4
IRAK4	0.9690969612980223	2.7954130245979134	4	4	0.8377492101519326	-1.0641060364887405	4	4
IRGC	0.2221376730572553	5.584822954518954	2	2	0.11337944232155323	1.7408870341977385	2	2
ISG20	0.714801909064076	3.3542645331724557	3	3	0.7534235347349099	-2.214037729660506	3	3
ISPD	0.7004987483350548	-0.39592504601736955	3	3	0.3459954907228089	-1.5282224459579865	3	3
ISYNA1	0.11331586596090351	8.958862677753476	3	3	0.6489900969794189	-3.2673817537072694	3	3
ITGA2B	0.04134796802074214	11.133566970067367	2	2	0.9811480471341884	-3.407870073451158	2	2
ITGA4	0.043446000564590324	9.939039390083707	3	3	0.5770232054055706	-1.8382959171469022	3	3
ITGAL	0.893480726925582	-0.20984959577125029	2	2	0.10300776982270127	1.949635176814302	2	2
ITK	0.0965228428652111	-1.666638234644953	2	2	0.06417146223370432	-9.54035702618005	2	2
ITPA	0.0606324026493992	7.795263128606673	4	4	0.28545643399273624	-1.7967657699294985	4	4
ITPK1	0.6768971859550865	5.380065786779852	3	3	0.4010134616450324	-0.020529863822862	3	3
ITPKA	0.06963898846627246	9.40778186838259	3	3	0.49274223497424763	0.5184277549075696	3	3
ITPKB	0.4417249336735335	1.1891117040296735	4	4	0.5317158607334982	-6.4593823965972055	4	4
ITPKC	0.7558901951357487	4.898725669219022	5	5	0.35612329772100226	0.8930136683896485	5	5
IYD	0.430388895180718	-0.6918986219732398	3	3	0.4767143993899181	-5.688790427455569	3	3
JAK1	0.2674019228620056	6.281846429472743	3	3	0.5510397247543231	0.5397355900871417	3	3
JAK2	0.7534235347349099	2.748566285542685	3	3	0.7052551253773022	-2.0955246116983646	3	3
JAK3	0.15396835366316636	9.403973246236408	2	2	0.1680815597136518	1.4842620193004787	2	2
JAKMIP1	0.24590561263095378	6.589436982875122	3	3	0.6957545268767622	-2.0572014226661537	3	3
KALRN	0.3266667946891344	-0.9003806593038514	3	3	0.08695581528256012	-9.106605394751133	3	3
KARS	0.2843489595342069	6.5346490441941425	3	3	0.4229302614645546	-5.441931505937976	3	3
KAT2A	0.5837557146690224	-0.7784182758924706	4	4	0.5244781388817298	-2.03637054053373	4	4
KAT5	0.21482833735175744	-1.7188343422443424	1	1	0.1692881450557	-9.59124830606593	1	1
KCNA1	0.05365074361838078	-1.807158346157322	3	3	0.509054478717973	-3.1959787040032186	3	3
KCNA4	0.7273384694317897	6.13169097254967	4	4	0.951455921838272	-5.129606652956183	4	4
KCNC4	0.8827784086677047	2.8287885576266105	3	3	0.062106039769284443	-9.258587844759441	3	3
KCND2	0.17165833033726197	8.117193004458814	5	5	0.0748464403010206	0.0732403036409468	5	5
KCND3	0.7458866564935573	0.5306730726537294	1	1	0.2590454483955059	-9.342612346972603	1	1
KCNE1	0.9426437736618785	2.3350413213037733	4	4	0.2804937245126513	-8.977336801403752	4	4
KCNH2	0.39104760185675946	4.906609365869775	6	6	0.1469224032138731	-9.838866507950137	6	6
KCNH6	0.5611639214856028	8.874214784784572	4	4	0.7356651658540911	-3.1065995262085564	4	4
KCNH7	0.7107821853940397	3.359051425552158	4	4	0.37887450011114443	-8.70639876073571	4	4
KCNJ1	0.36699863976590164	2.5102289059914153	4	4	0.10023380330295228	-9.814710253259477	4	4
KCNJ11	0.8899556151060655	2.3602761299803086	4	4	0.6301653783910885	-5.35883403792453	4	4
KCNJ12	0.4406725422750465	8.905488796206805	1	1	0.9732565186484019	0.08641685416267841	1	1
KCNJ3	0.39059281804531476	4.86312451009125	2	2	0.11701390891099898	1.608681659116217	2	2
KCNJ5	0.8281115382557651	3.8286401866830313	5	5	0.7784999825157899	-9.16656634118777	5	5
KCNJ6	0.23408601672889773	-1.3294826695632522	4	4	0.5686473614873404	-7.8933075158496715	4	4
KCNJ8	0.27558994430748396	1.3684488156710684	4	4	0.46168373340046287	-1.995618565363701	4	4
KCNK1	0.3141784886638983	6.139096195025831	3	3	0.6215672885499751	-5.443652662178148	3	3
KCNK2	0.18877535107474197	-1.2282213088789664	3	3	0.8726687190033349	-5.008808852084619	3	3
KCNK3	0.1394911037273397	-1.6352581629096583	4	4	0.46168373340046287	0.3360748253072157	4	4
KCNK6	0.5537284618522589	3.505195593258648	4	4	0.09796709567251086	-0.7616575995308082	4	4
KCNK9	0.2565617992203223	-1.5369422029513349	4	4	0.4286981716638256	-1.8843651933464496	4	4
KCNMA1	0.6182032579958154	6.166305176561789	5	5	0.6676951074926976	-9.402917660886308	5	5
KCNMB1	0.696657541019734	6.2797463251777215	5	5	0.9174650490501355	-7.274225499465593	5	5
KCNMB2	0.19094088125254582	1.2745242154914223	3	3	0.14560067035378416	-6.392343506446079	3	3
KCNMB3	0.8324535573993369	2.5266802796603116	3	3	0.2356243103272324	-6.217366306892391	3	3
KCNMB4	0.15283051353896723	6.9579313688653555	3	3	0.9795419662332743	-2.8265142955726064	3	3
KCNN1	0.23846573220900935	0.42697448856403497	4	4	0.6579440233432974	-3.934318210082793	4	4
KCNN2	0.17866954345140007	10.467137282923586	4	4	0.7862477284805949	-1.5570086910104586	4	4
KCNN3			0	0			0	0
KCNN4	0.23846573220900935	8.321969897906515	4	4	0.614520176712387	-4.987297540444387	4	4
KCNQ1	0.0415493953224078	11.19039916181251	5	5	0.06283483367187531	2.528112911035073	5	5
KCNQ2	0.1192758431970131	-1.5021115840571522	3	3	0.18449805094016147	-6.566292722305161	3	3
KCNQ3	0.349625416507229	-1.2384731111769647	4	4	0.6067622680548863	-8.444218005998314	4	4
KDM5D	0.1004473322237253	-2.6220030524196805	1	1	0.09590510852973674	-10.495288472046013	1	1
KDR	0.822463642853613	2.830158993537303	3	3	0.41554786836236957	-1.7539163090707752	3	3
KHK	0.9881886176926634	2.1392724933583036	5	5	0.17792996478862022	-0.728910471478568	5	5
KIAA1804	0.8291107692840998	2.371771570740149	4	4	0.8377492101519326	-4.8603011945671	4	4
KIDINS220	0.7340286013566418	5.693050911820642	3	3	0.3592778465374553	-5.632322637557586	3	3
KIF1A	0.5425082577032556	3.4445088499280607	3	3	0.7243935255582838	-1.9184826262344055	3	3
KIF3B	0.18838153206022834	5.920096139453927	2	2	0.1207392324915107	1.6148654641782874	2	2
KIF5B	0.9560302952092635	3.699145579272738	2	2	0.8686233887448216	-3.522672551300117	2	2
KIT	0.9955841983893235	5.673195161862393	4	4	0.9690969612980223	-2.532733902272046	4	4
KLK1	0.7498493743285272	6.514428093767315	6	6	0.3525938218221911	-1.1423124207027382	6	6
KLK6	0.4082163035057116	-0.8997787507707624	2	2	0.5132711059909847	-2.569961667687668	2	2
KRT12	0.5008631613936626	5.7266161722257145	3	3	0.3266667946891344	-3.3938542180855364	3	3
KRT7	0.6539456471479708	-0.38524248169676206	4	4	0.34395228517025545	-8.896908805683289	4	4
KRT8	0.9645762041869574	3.5259148561409397	5	5	0.2977787650484882	-8.861482841150961	5	5
KRTAP5-3	0.9948849700283554	2.6110314557044103	3	3	0.37287612734146225	-3.5659728108858757	3	3
KSR1	0.010434823419096451	11.326781110812016	5	5	0.9567112752181224	-3.5801507525391245	5	5
KSR2	0.17299558771385581	-1.4678304132871185	2	2	0.7348423790572112	-4.13287587865524	2	2
KYNU	0.9744290538613658	2.4741317392277224	3	3	0.3266667946891344	-5.900762185391823	3	3
L3MBTL1	0.038917282022593626	10.95515970229575	10	10	0.02441046283066237	-0.6029395322076967	10	10
LALBA	0.9184431438380081	2.268996432534358	2	2	0.057663688326966445	4.043332273725768	2	2
LAMTOR3	0.6768971859550865	2.5657375935124964	3	3	0.7631805449989932	-2.799302196969419	3	3
LAP3	0.04759889585810888	-1.757279093287469	3	3	0.4229302614645546	-5.864987922809104	3	3
LARS	0.9198896014368715	0.09813566868998258	1	1	0.5687370807561141	-7.77514975093635	1	1
LARS2	0.040850927669850615	8.440003806145082	3	3	0.812502426299867	-4.275085648923414	3	3
LAT	0.553675186535875	-1.084917178649306	1	1	0.8668812065459899	-0.24567559783581444	1	1
LATS1	0.02976109011673024	10.298825298718631	3	3	0.4082421376484595	-1.48818146203517	3	3
LATS2	0.09428508904027764	9.361183420980936	3	3	0.7243935255582838	-2.9698418903744677	3	3
LCK	0.5172912259372366	6.292569840745689	4	4	0.009441477669293551	2.2182438519443592	4	4
LCMT1	0.26595873418383764	1.9123278282931568	4	4	0.2955589988176961	-8.967846281577684	4	4
LCMT2	0.4417249336735335	5.731245916431075	4	4	0.12256368738501093	-9.519592322574281	4	4
LCN2	0.3330302479966122	-0.7597129686274032	3	3	0.892907228662779	-0.5079571565681381	3	3
LCN9	0.1314031367606553	-2.2565685654562024	1	1	0.5096964137086636	0.9041692640362339	1	1
LCT	0.6421349797380504	3.334078459658417	2	2	0.015601893219374411	-10.860007067885094	2	2
LCTL	0.6308940151440023	4.897222183985446	2	2	0.24055353721564965	-8.665186434431558	2	2
LDHAL6A	0.08322517250180199	10.231298480446357	4	4	0.3909839668442341	-1.716224370092409	4	4
LDHAL6B	0.040850927669850615	10.012972265004251	3	3	0.6675430376707338	-5.348240342480924	3	3
LDHC	0.8033231357098927	0.17247576338847756	4	4	0.04004660177616983	1.7439460708142835	4	4
LEPRE1	0.251162555499317	1.5398179470902373	3	3	0.10759303319319459	-6.510865626289821	3	3
LEPREL1	0.9206463780338501	2.2119408148610464	4	4	0.6539456471479708	-1.6507784480732717	4	4
LEPREL2	0.9567112752181224	3.0513716730202574	5	5	0.7709414763919682	-4.956696043668159	5	5
LGALS2	0.968585275497194	0.15539724225016593	2	2	0.24055353721564965	-8.51204114927393	2	2
LGALS7	0.646833967708627	-0.7868986171894967	1	1	0.9732565186484019	0.04883814448769791	1	1
LGALS9	0.6957112086212667	-0.7170909039162918	1	1	0.1558425387245505	2.3890488717888485	1	1
LGSN	0.7458866564935573	-0.6027762127807659	1	1	0.14322325140518916	-10.061024133128255	1	1
LHCGR	0.9937154959012978	3.7777929783678346	2	2	0.5867985246541945	-4.350187265855849	2	2
LHPP	0.9331448117925528	5.678082879768458	5	5	0.8012988347974419	-9.095576865704507	5	5
LIAS			0	0			0	0
LIMK1	0.08322517250180199	1.0426663550321351	4	4	0.31647445496966875	-3.791210910842514	4	4
LIMK2	0.4954539733417518	-1.2108423089558844	1	1	0.2590454483955059	1.639106572311161	1	1
LIPA	0.7558901951357487	6.346515501265784	5	5	0.4211972088663567	-5.321334457276279	5	5
LIPF	0.37734133666578695	-1.4421449123510772	1	1	0.29868749946380246	1.533192608451928	1	1
LIPJ	0.6197378089651657	4.575087442979072	2	2	0.968585275497194	-3.832481380724655	2	2
LIPT1	0.02798087167297371	11.537338370221159	2	2	0.10300776982270127	1.788126924968728	2	2
LMAN1	0.5537284618522589	1.790649513590094	4	4	0.6943612463275022	-2.0766149463685655	4	4
LMTK2	0.8827784086677047	5.318656622923128	3	3	0.46097636493522	-1.7526237148246686	3	3
LMTK3	0.6699985902759191	3.4037266097471197	4	4	0.01866643530725542	2.193037289280956	4	4
LPA	0.893480726925582	4.0942490441657275	2	2	0.1365753626974344	1.6703054484912698	2	2
LPL	0.1680815597136518	-1.492121040078496	2	2	0.13247351469737328	1.5107442504428044	2	2
LPPR2	0.968585275497194	3.652597885405844	2	2	0.9560302952092635	-3.7720625328648807	2	2
LRAT	0.6197378089651657	-0.6290159164659093	2	2	0.24055353721564965	-5.1451785772591805	2	2
LRP1	0.5686473614873404	1.1784754120988838	4	4	0.221289783784836	-9.319535506737678	4	4
LRRK1	0.90747603745455	2.636776826442371	4	4	0.8291107692840998	-2.128665086484856	4	4
LRRK2	0.3141784886638983	-0.9918330408567885	3	3	0.01263856211177618	-10.16741532568596	3	3
LSM6			0	0			0	0
LSS	0.16246041591846205	10.661719241845585	1	1	0.6957112086212667	-7.136081800010671	1	1
LTA	0.14322325140518916	10.993772449082643	1	1	0.33094927500753824	1.3703401538800648	1	1
LTA4H	0.7437057424127969	2.406495527973256	3	3	0.07576803604241879	-8.962840512524252	3	3
LTC4S	0.7107821853940397	6.242651833743128	4	4	0.9338386403809925	-4.993971066839586	4	4
LTF	0.21482833735175744	9.898031333652069	1	1	0.5096964137086636	-8.429039141470417	1	1
LTK	0.19754850877304286	-1.2461674279656563	3	3	0.7729753211775603	-2.267102187975097	3	3
LY96	0.2948322834067959	-1.279770263675947	2	2	0.046287247705826325	-9.945227125982232	2	2
LYN	0.08127412446611325	9.748122667192696	4	4	0.3909839668442341	-1.4532796490278612	4	4
LYZ	0.6086684693571149	-0.6159526367630219	2	2	0.11701390891099898	1.633382769123706	2	2
M6PR	0.052080550486159255	-1.8098369693191139	3	3	0.4229302614645546	-5.478986605159623	3	3
MADD	0.5173154389508978	6.249484679089879	3	3	0.14918216588050706	-8.295901056075925	3	3
MAGI2	0.251162555499317	-1.024760501070921	3	3	0.4846924179863771	-1.6569620944707502	3	3
MAGI3	0.8724887730813045	2.905285517948869	4	4	0.6943612463275022	-4.369558939029727	4	4
MAK	0.892907228662779	2.359893893117117	3	3	0.25649741520509617	1.0295998174462266	3	3
MAN1A1	0.13193012715932934	-1.3787684989817333	3	3	0.23059931506087805	0.9204470677951702	3	3
MAN1B1	0.27114733494959664	1.1235213721587407	5	5	0.37176644846005324	0.34838804534064377	5	5
MAN2A1	0.4417249336735335	6.413129786362563	4	4	0.8637780629535432	-5.295543629112639	4	4
MAOB	0.7467421134808956	4.245949976495556	2	2	0.7587025380471828	-4.161982395878043	2	2
MAP1A	0.055260269043792984	7.763846718486029	3	3	0.18877535107474197	-0.3816157373208458	3	3
MAP2K1	0.38678869651065917	1.7184824049319498	3	3	0.339473173269047	0.9421502896057938	3	3
MAP2K2	0.9250415942716494	5.808817445631241	4	4	0.4158976444658756	-1.7106736003881133	4	4
MAP2K3	0.6489900969794189	2.9522626523244573	3	3	0.37979324589522423	-5.886475850187274	3	3
MAP2K4	0.9253013032332024	2.531387728550586	5	5	0.409891547786831	-8.620025073317477	5	5
MAP2K5	0.7990449773021052	2.495876686164063	4	4	0.44832238284022163	-8.75193395943203	4	4
MAP2K6	0.11004524521734775	11.635819316693288	1	1	0.6308616535489604	-7.521904661989982	1	1
MAP2K7	0.6197378089651657	2.6687755769266457	2	2	0.24055353721564965	-5.289215123614761	2	2
MAP3K1	0.9567112752181224	0.12027226558174113	5	5	0.17477314927118348	-1.1093191751394176	5	5
MAP3K10	0.953989943868534	4.354158222166567	3	3	0.822463642853613	-2.356389240203612	3	3
MAP3K11	0.28679019948764806	2.0962284449878266	7	7	0.1221105155402433	-9.66578422602083	7	7
MAP3K12	0.8324535573993369	2.7208452680693522	3	3	0.1254787118256875	-8.636211057697862	3	3
MAP3K13	0.4940531510041464	2.6789485351320774	7	7	0.7402088962824991	-9.026555670416213	7	7
MAP3K14	0.16858524862508273	7.30685015024945	5	5	0.3070318124204119	-9.18159429022787	5	5
MAP3K15	0.843895243218821	3.594836622397013	2	2	0.08173351610863466	-9.446097215371175	2	2
MAP3K19	0.48142685985522826	8.518796859862606	1	1	0.7971638434158136	0.4579515906919469	1	1
MAP3K2	0.9338386403809925	6.236584656522742	4	4	0.7107821853940397	-6.159372374744289	4	4
MAP3K3	0.9096368050561019	5.608623197949544	5	5	0.7260690837294399	-9.358749933140098	5	5
MAP3K4	0.8025714579867083	2.3827395186812432	3	3	0.28724225085342225	-5.899758390891203	3	3
MAP3K5	0.5101556395102649	6.276857402418867	4	4	0.221289783784836	-8.849454298971542	4	4
MAP3K6	0.493180551416013	4.737857530010239	2	2	0.6421349797380504	-3.0014792352917565	2	2
MAP3K7	0.4532175785706196	6.500769725163387	3	3	0.11042516887470057	1.7028428368207507	3	3
MAP3K8	0.4767143993899181	-0.7389760265086066	3	3	0.38678869651065917	-1.639960525038471	3	3
MAP3K9	0.13655121333896056	11.07249606414701	4	4	0.27558994430748396	-1.5427347155142437	4	4
MAP4K1	0.6421349797380504	4.428213704970228	2	2	0.45429657353652386	-4.538278276771545	2	2
MAP4K2	0.7947731413669984	2.912924172405291	4	4	0.6223214530405292	-8.500341618408845	4	4
MAP4K3	0.17615939305910155	-1.2699303193754592	3	3	0.03960343661678779	-9.476217761025458	3	3
MAP4K4	0.5687370807561141	-1.0126113968175563	1	1	0.9732565186484019	0.06587357267036975	1	1
MAP4K5	0.5596366575132491	6.08229635970111	3	3	0.6582402618027362	-2.8802498576030438	3	3
MAPK1	0.8724887730813045	2.451814387658208	4	4	0.8377492101519326	-3.134129647275431	4	4
MAPK10	0.03794896290006668	-2.027026449595444	4	4	0.27558994430748396	-8.940899596467487	4	4
MAPK11	0.07564277551359934	1.1688906551007328	4	4	0.4286981716638256	-6.000052209598754	4	4
MAPK12	0.8550838789849982	5.637352295838352	4	4	0.059128662816697805	2.0157286800049907	4	4
MAPK13	0.6244993176395417	2.1892131646560276	6	6	0.7703677264283604	-9.110411691236942	6	6
MAPK14	0.7777478678258648	3.7545840926705463	4	4	0.6699985902759191	-4.884814437543176	4	4
MAPK15	0.2674019228620056	-1.0236924140338395	3	3	0.6215672885499751	-2.144637345474324	3	3
MAPK3	0.1681050025596873	-1.233712596736984	3	3	0.7534235347349099	-2.898564157326456	3	3
MAPK4	0.2565617992203223	8.781199805820348	4	4	0.40332558559854215	0.8732807743123404	4	4
MAPK6	0.5337797266232922	-0.07522289755409783	2	2	0.3171554353003504	1.1985776781240642	2	2
MAPK7	0.027399193135974467	-1.8573895503058815	5	5	0.04057228330796049	-9.855930372241993	5	5
MAPK8	0.475264582054305	6.166718116962056	4	4	0.10023380330295228	1.8610995358458409	4	4
MAPK8IP1	0.6180620890336449	6.685546057132527	8	8	0.6566903421989434	-5.912475453372978	8	8
MAPK8IP2	0.9846557509119103	2.5849428863079154	3	3	0.20661638328745013	-1.0678474763202392	3	3
MAPK8IP3	0.016063461901673633	10.55759346350034	4	4	0.8291107692840998	-5.579556493157558	4	4
MAPK9	0.6699985902759191	-0.07714601519618973	4	4	0.90747603745455	-2.6340863810742547	4	4
MAPKAP1	0.17269087687438922	11.259094591566017	7	7	0.9043275087039068	-8.366751458148405	7	7
MAPKAPK2	0.0893068701214869	7.242736902581258	4	4	0.3006989993864161	-1.401346399376056	4	4
MAPKAPK3	0.812502426299867	5.1812001168060275	3	3	0.903053547094825	-2.6559619005003063	3	3
MAPKAPK5	0.4095829271395257	6.198077383539672	4	4	0.7356651658540911	-1.2939064728388825	4	4
MAPKBP1	0.2207788947635121	6.554802258698811	3	3	0.5510397247543231	-5.593300066487228	3	3
MARCKS	0.4263049957321291	5.125131253214063	2	2	0.5234738875433134	-2.586408431086003	2	2
MARK1	0.4621805434573023	2.1903748327417385	5	5	0.2421985618165018	-8.8336576670282	5	5
MARK2	0.8985062762505592	9.824648106273228	8	8	0.6679037012901431	-9.344745506667742	8	8
MARK3	0.9174727785181955	6.652183668510454	7	7	0.39091777522840465	-4.963292480194085	7	7
MARK4	0.9567112752181224	6.060033366793508	5	5	0.6748915230109516	-5.53740976910258	5	5
MASP2	0.892907228662779	2.957282351228026	3	3	0.5340431495343935	-5.385083674692755	3	3
MAST1	0.6848629669618442	9.347065675399497	8	8	0.24154761748806297	0.1342929662204829	8	8
MAST2	0.5761781687565709	9.06883407889085	4	4	0.6380512197085942	-5.513544133469641	4	4
MAST3	0.90747603745455	4.835952009488062	4	4	0.7947731413669984	-5.388239872727315	4	4
MAST4	0.34395228517025545	1.698957698965175	4	4	0.7107821853940397	-5.753715504406846	4	4
MASTL	0.19106121298987733	10.122798233030519	1	1	0.7628667743652672	0.4994515616262969	1	1
MAT1A	0.6150599454031654	-0.8977657630963964	1	1	0.1004473322237253	-10.356013683443885	1	1
MAT2A	0.37979324589522423	6.228944423722747	3	3	0.7340286013566418	-5.076926724209224	3	3
MATK	0.49274223497424763	5.783553438024007	3	3	0.1681050025596873	1.1838763671962957	3	3
MB	0.8844962782287954	-0.1416913459824869	1	1	0.1494312667227473	2.690655621752596	1	1
MBL2	0.3203828661805692	1.389512816541398	3	3	0.19094088125254582	-7.767439067990426	3	3
MC2R	0.15396835366316636	9.254881911688805	2	2	0.1407745381707792	1.4879077684003716	2	2
MCCC1	0.4532175785706196	-0.7776709167665962	3	3	0.9744290538613658	-2.543749126215816	3	3
MCCC2	0.6125394623899066	3.304941006487788	3	3	0.12234656030806688	1.7746046019408175	3	3
MCFD2	0.9391474188611871	7.034217375162432	6	6	0.2202157992413809	-9.45675901966913	6	6
ME2	0.3248366047348328	-1.1895333722263954	2	2	0.6421349797380504	-4.682458818119916	2	2
ME3	0.8025714579867083	5.517302328082157	3	3	0.6863014442519328	-2.2123524424098853	3	3
MED1	0.8318571404371922	-0.29914298395928185	1	1	0.553675186535875	-8.170095832275724	1	1
MELK	0.8827784086677047	5.326149156698884	3	3	0.3459954907228089	-5.850757856983843	3	3
MERTK	0.8377492101519326	3.1692611577577696	4	4	0.7608286401821462	-5.066162428549014	4	4
MET	0.3199536685890044	9.502247076613868	1	1	0.8668812065459899	-0.20823009734799264	1	1
METAP1	0.5244781388817298	5.8963458585207436	4	4	0.2429029692854261	-8.804689384434829	4	4
METAP2			0	0			0	0
MGAM	0.599048431124819	6.254749463558092	4	4	0.7608286401821462	-4.915171013037022	4	4
MGAT1	0.2954098696529074	1.8753569551613694	6	6	0.8821910070569697	-9.113457410781905	6	6
MGST1	0.9018173247317224	6.46956656011571	5	5	0.28425199874773144	-0.4368221428586345	5	5
MGST2	0.3592778465374553	-0.9388023597734888	3	3	0.9744290538613658	-2.532637135783822	3	3
MGST3	0.8424706057740473	5.460229139140206	3	3	0.7340286013566418	-0.14733905683446133	3	3
MINK1	0.03980403998299761	10.938712704632687	2	2	0.8315870510040755	-3.288927693134369	2	2
MINPP1	0.9560302952092635	4.383834640037188	2	2	0.6763444760601476	-4.522798287094414	2	2
MKNK1	0.8106118525665669	7.3522248735100035	8	8	0.4059748104239844	-7.904720217599206	8	8
MKNK2	0.621857129896537	6.067762648564226	7	7	0.35967736034785425	-9.37401971785299	7	7
MLKL	0.5337797266232922	-0.6989032070539318	2	2	0.8562416738526271	-4.150273266875524	2	2
MMAA	0.5596366575132491	5.19352530823672	3	3	0.4229302614645546	-5.842645293404034	3	3
MMAB	0.08322517250180199	-1.769037578604954	4	4	0.4095829271395257	-5.922470988878363	4	4
MMACHC	0.7628667743652672	-0.5151953451843152	1	1	0.37734133666578695	1.1708963257160354	1	1
MME	0.12008643980249878	10.058441217047056	5	5	0.8204287932574188	-8.093479936730267	5	5
MMP1	0.6648624615456817	4.678754077365949	2	2	0.0934051197403108	2.002313976727054	2	2
MMP10	0.19918538030984734	-1.418719898245631	2	2	0.39059281804531476	-4.778743596612081	2	2
MMP11	0.3171554353003504	8.486913492568247	2	2	0.6086684693571149	0.22435378242631132	2	2
MMP12	0.639793757576989	3.451369873950778	3	3	0.24072630010572027	-7.981390239873202	3	3
MMP13	0.782794722694634	4.214418904634406	2	2	0.41720285726390505	-4.622835126390783	2	2
MMP16	0.4379233181869481	0.021800318061779695	3	3	0.822463642853613	-1.6178456691179504	3	3
MMP17	0.9846557509119103	3.31961160758198	3	3	0.8827784086677047	-4.1935904777833555	3	3
MMP19	0.251162555499317	-1.1051934508621777	3	3	0.4688088385010125	-0.20860295843248558	3	3
MMP20	0.812502426299867	3.0159724506755605	3	3	0.8025714579867083	-2.378827682548635	3	3
MMP21	0.06647107708973228	10.218489017841925	2	2	0.48329552919622676	-7.607780567381969	2	2
MMP24	0.18963612202902247	9.694757437190532	4	4	0.9690969612980223	-4.596995417084838	4	4
MMP25	0.03980403998299761	10.952836481075378	2	2	0.905950320636913	-3.9598219917853124	2	2
MMP26	0.5463415800388045	1.9173947909092852	4	4	0.7947731413669984	-5.56390235329852	4	4
MMP27	0.2565617992203223	-1.1298378027283242	4	4	0.13081514099823344	-8.73868215871096	4	4
MMP28	0.9184431438380081	4.1461680934504574	2	2	0.46385236718594713	0.1904745988557358	2	2
MMP3	0.44832238284022163	5.319624340302788	4	4	0.6943612463275022	-5.074011341180008	4	4
MMP7	0.8899556151060655	5.870646682488229	4	4	0.9867531361654316	-5.40445942231888	4	4
MMP8	0.09972326670793918	-1.888468523806889	2	2	0.38195715357195803	-6.176549176540033	2	2
MOCOS	0.16327308240413552	9.149566265380564	2	2	0.10983449661307138	1.6522943667366448	2	2
MOK	0.7052551253773022	3.0856963699879087	3	3	0.21126201859549598	-8.274613722012779	3	3
MOS	0.8318571404371922	-0.2780128171952665	1	1	0.553675186535875	-8.148931222277682	1	1
MPRIP	0.37176644846005324	7.665676916335541	5	5	0.44434964721022296	-4.319851599449396	5	5
MR1	0.4355219180532939	4.7157436188930415	2	2	0.46385236718594713	-7.589673996163431	2	2
MS4A1	0.13193012715932934	-1.5695843714894349	3	3	0.714801909064076	-5.392014459130565	3	3
MS4A2	0.04693847568053897	-1.694294237701964	4	4	0.1394911037273397	-9.567559881984726	4	4
MSRA	0.6893733267180202	7.111117047866802	5	5	0.921382163567442	-5.501715762490836	5	5
MST1R	0.7778862450956353	2.3314370363072126	3	3	0.3330302479966122	0.8494433241914878	3	3
MST4	0.5463415800388045	1.9480121626380005	4	4	0.8812149716020755	-3.414388034740765	4	4
MTAP	0.44434964721022296	8.705521228959924	5	5	0.9645762041869574	-2.4780573052092656	5	5
MTFMT	0.46385236718594713	5.077042557170871	2	2	0.819320023273342	0.301720307144453	2	2
MTHFD2	0.9636356313037896	6.12871309209275	7	7	0.14344514743374573	-1.6762834110810534	7	7
MTM1	0.1603303024931052	6.913463910298371	3	3	0.9233921096059854	-4.603553662035151	3	3
MTMR1	0.9960627447354083	2.257486605747503	5	5	0.5179960350983857	-4.967360982057362	5	5
MTMR10	0.5132711059909847	-0.6760702833202261	2	2	0.905950320636913	0.21239683435919526	2	2
MTMR11	0.25649741520509617	6.5049228875300615	3	3	0.5173154389508978	-5.312778819630693	3	3
MTMR12	0.12256368738501093	10.478107172660598	4	4	0.20109086452150227	-1.1261068088449089	4	4
MTMR14	0.03720525570381228	-1.8453376904868897	3	3	0.8827784086677047	-2.3432196442906714	3	3
MTMR2	0.007373038024476998	10.232808639255046	5	5	0.6321806273953783	-6.993732804934346	5	5
MTMR3	0.0965228428652111	10.197357957145545	2	2	0.7467421134808956	-3.371116916688377	2	2
MTMR4	0.7192548036943871	6.062458494778106	8	8	0.1268313760724796	-1.509532539221162	8	8
MTMR6	0.24619546416731197	10.449177191569651	5	5	0.8862076560497375	-2.690649241296041	5	5
MTMR7	0.11729258214303219	1.418695528311923	4	4	0.614520176712387	-2.079565096956953	4	4
MTMR8	0.782806393183133	2.9817619153936654	3	3	0.4688088385010125	-5.802017934132739	3	3
MTMR9	0.6748915230109516	2.9408060191493273	5	5	0.7784999825157899	-2.654640670146348	5	5
MTNR1A	0.2901560983513152	6.366069070974455	3	3	0.792672273526139	-2.244456064633559	3	3
MTNR1B	0.6619526968930883	3.0463719031188616	4	4	0.16818189456828647	-1.022577630412531	4	4
MTOR	0.7458866564935573	-0.5856802189574584	1	1	0.1494312667227473	2.6357718664643017	1	1
MTR	0.21304231637746363	6.630840951719786	4	4	0.2804937245126513	-9.219024811865587	4	4
MTRR	0.6306524332615491	3.3464082066320984	3	3	0.052080550486159255	1.792757533942513	3	3
MTTP	0.2429029692854261	-1.4076321597725183	4	4	0.90747603745455	-5.442743152539117	4	4
MUC2	0.13655121333896056	10.608403836227874	4	4	0.021007425878777488	2.3220209350177368	4	4
MURC	0.3459954907228089	1.3712267773171216	3	3	0.509054478717973	-3.1048342220639356	3	3
MUSK	0.09152880049589655	-2.832702306802622	1	1	0.8318571404371922	-0.8934078270676389	1	1
MUT	0.11220110188298406	-1.638031516020802	4	4	0.20501909086013947	-9.461318779669424	4	4
MVK	0.6308940151440023	0.5366242460819772	2	2	0.6197378089651657	-3.0288463550603066	2	2
MYH14	0.7862477284805949	2.195381418687885	4	4	0.8377492101519326	-5.3833622747144725	4	4
MYH7	0.30595696043777887	2.3571678706388592	7	7	0.2756877267046649	-9.880174245941886	7	7
MYL12A	0.8940073590079448	3.241710232535224	5	5	0.7634046573544134	-9.100088648216753	5	5
MYL6B	0.846407252927595	5.461841442179884	4	4	0.14860336267645818	-8.842835389029004	4	4
MYLK	0.6815668927944767	9.778965022662577	7	7	0.21067841991779668	-9.87977108343565	7	7
MYLK2	0.5976880451210425	-0.6525436980318942	2	2	0.3326378350399328	1.1049750368471964	2	2
MYLK3	0.8680349679805203	5.639859259099818	6	6	0.3572652870200629	-1.706088875996026	6	6
MYLK4	0.05171420435870881	-1.9389388673699948	2	2	0.5976880451210425	-4.465941157056689	2	2
MYO1D	0.16818189456828647	1.4438112756038652	4	4	0.5913793552115143	-3.456991484828037	4	4
MYO3A	0.7292055160182118	3.106555408070065	3	3	0.37287612734146225	-1.6710281394558066	3	3
MYO3B	0.6879022461539545	4.785387379730641	2	2	0.8810374077574495	-4.04866101088415	2	2
NADK	0.42691798452323726	1.8486457845060087	5	5	0.409891547786831	-9.4235837176241	5	5
NADSYN1	0.8768499084547832	2.6668231420334703	4	4	0.5463415800388045	-8.247946212074275	4	4
NAGA	0.7483987531334202	6.0874866215078995	5	5	0.20827149001130985	1.198184720825157	5	5
NAGK	0.5031728576348917	-0.8036317510700917	2	2	0.11337944232155323	-9.177334738013696	2	2
NAGLU	0.14821960124068614	2.093282098997572	5	5	0.16555364017251184	-9.443560074014945	5	5
NAGPA	0.034032966212691564	-1.8587741901102948	4	4	0.5686473614873404	-5.846698696526276	4	4
NAGS	0.6679037012901431	10.24102583313588	8	8	0.9046270825376673	-9.496902354084721	8	8
NAPB	0.12455673692313847	9.775320905036615	2	2	0.893480726925582	-3.3761392402055614	2	2
NARS	0.8562416738526271	4.699385187011388	2	2	0.6648624615456817	-2.811327539344469	2	2
NARS2	0.8424706057740473	0.32562522278324363	3	3	0.5510397247543231	-5.412613042464307	3	3
NCAN	0.5425082577032556	3.1756143858683163	3	3	0.6863014442519328	-5.364929964156052	3	3
NCOA5	0.349625416507229	6.4583853492004835	4	4	0.26595873418383764	-1.8039382669341932	4	4
NDST1	0.5906629964204488	10.136698019230197	5	5	0.15670494865250864	-0.7714616648018667	5	5
NDUFA1			0	0			0	0
NDUFA10	0.18358558818431758	10.392861571165767	1	1	0.5687370807561141	0.7917235805212842	1	1
NDUFA11	0.496040435444444	6.103908267460906	4	4	0.23846573220900935	-9.151736144904026	4	4
NDUFA12	0.6768971859550865	2.5202565060115436	3	3	0.822463642853613	-2.32064883046748	3	3
NDUFA2			0	0			0	0
NDUFA4L2	0.58581089287956	3.4704090424295884	3	3	0.4532175785706196	-5.350083425543889	3	3
NDUFA5	0.3486000596644482	5.600529520804257	2	2	0.6648624615456817	-3.167812283363897	2	2
NDUFA6	0.1987584948761255	-1.8211164967068552	1	1	0.9376504461016588	0.20394753794500864	1	1
NDUFA7	0.16246041591846205	-1.9722536592014155	1	1	0.40197086850418695	-8.845539078827748	1	1
NDUFA8	0.37734133666578695	-1.4484632948921181	1	1	0.2685964162824007	-9.32279909318945	1	1
NDUFA9			0	0			0	0
NDUFAB1	0.712301494171221	0.6777364083756927	1	1	0.6957112086212667	-7.195549011250639	1	1
NDUFB1	0.6629706678934735	1.2147644320331477	1	1	0.12578390448722868	3.0213988909252345	1	1
NDUFB10			0	0			0	0
NDUFB3	0.36538324271088385	-1.4909137895544173	1	1	0.33094927500753824	1.3645716403619146	1	1
NDUFB4	0.20661638328745013	-1.2294910948443647	3	3	0.11331586596090351	-8.769106063460072	3	3
NDUFB5	0.46385236718594713	5.147151362095284	2	2	0.22816064334400843	-8.172963497402263	2	2
NDUFB6	0.1692881450557	10.451421081608046	1	1	0.40197086850418695	-8.799499612352099	1	1
NDUFB7			0	0			0	0
NDUFB9	0.1987584948761255	10.106350068005753	1	1	0.33094927500753824	-9.099531409409794	1	1
NDUFC1	0.3383382712214469	2.1420547371868177	4	4	0.9955841983893235	-5.14315046331154	4	4
NDUFC2	0.34218640129974376	-1.522201162133058	1	1	0.12578390448722868	3.179579882819265	1	1
NDUFS1			0	0			0	0
NDUFS2	0.9184431438380081	3.6369775371338138	2	2	0.07127403719021892	-9.655085320324655	2	2
NDUFS3	0.8625797821980141	3.8730270347687195	3	3	0.3459954907228089	-1.2507443701185907	3	3
NDUFS4	0.22666813199974745	1.5985751175253196	5	5	0.5974950082873371	-5.151696793039946	5	5
NDUFS5	0.846407252927595	2.692249457011627	4	4	0.8550838789849982	-5.6433601102370226	4	4
NDUFS6	0.5976880451210425	4.648300928922911	2	2	0.9309561342645262	0.12534887240606096	2	2
NDUFS8	0.782806393183133	-0.32523574571821473	3	3	0.812502426299867	-4.954748155002858	3	3
NDUFV1	0.9820863007402437	6.731676526245629	6	6	0.5443545750605812	-4.371061558469336	6	6
NDUFV2			0	0			0	0
NDUFV3	0.8784189610411216	3.2846097945923365	5	5	0.08503536623268451	-0.9232723506081637	5	5
NEDD8-MDP1	0.5760018349684444	3.188438049755205	2	2	0.0965228428652111	-9.349184833535102	2	2
NEK1	0.044588326702637626	10.792919458323073	2	2	0.3567606904452848	-8.143972079426778	2	2
NEK10	0.3553575854222425	6.35241074114871	4	4	0.9779236967350914	-4.300094941969025	4	4
NEK11	0.951455921838272	3.0863392039635276	4	4	0.8247990848550941	-5.193564903311976	4	4
NEK2	0.599048431124819	5.097021543815159	4	4	0.5837557146690224	-5.69088749157176	4	4
NEK3	0.11337944232155323	9.891190013606163	2	2	0.38195715357195803	1.1616173376607017	2	2
NEK4	0.9690969612980223	5.176825006492765	4	4	0.8987096549140207	-2.8808140167208833	4	4
NEK5	0.44553304953071093	2.3023965165377303	3	3	0.2207788947635121	-6.11421690815299	3	3
NEK6	0.02976109011673024	10.421140420063878	3	3	0.13525077837193752	-0.24908744532174465	3	3
NEK7	0.8625797821980141	2.8212056095183247	3	3	0.41554786836236957	-1.5960065769954133	3	3
NEK8	0.30959435554834125	-1.2323214317060964	2	2	0.1680815597136518	-9.10623547666236	2	2
NEK9	0.6699985902759191	2.4362249323365677	4	4	0.022271034993090476	2.0806458562330183	4	4
NEU1	0.36504065342345127	-1.047634495173091	2	2	0.819320023273342	-3.5522962432855545	2	2
NEU2	0.3567606904452848	-1.0559635884918905	2	2	0.7348423790572112	-4.430446762854697	2	2
NFS1	0.4676187164013438	-1.2286953877247804	1	1	0.33094927500753824	-9.100756628201811	1	1
NGB	0.0536758470094095	-1.851762392783695	5	5	0.9174650490501355	-2.6650486267647704	5	5
NGF	0.4229302614645546	-0.6511061644615698	3	3	0.5682981343473044	-5.147513617529392	3	3
NHP2L1			0	0			0	0
NID1	0.0994406728400711	9.295852759936531	3	3	0.509054478717973	-5.560309060251568	3	3
NIM1	0.9174650490501355	5.869525160793302	5	5	0.8473890479365825	-8.875644422065056	5	5
NISCH	0.46844691159497365	2.4119321702095515	4	4	0.30589821930543304	-1.9037449128897475	4	4
NLK	0.8686233887448216	-0.029611848407789854	2	2	0.5976880451210425	-4.24230902029701	2	2
NME1	0.5244061020188673	6.1648947162446115	5	5	0.15961376502653413	-1.4328927238913414	5	5
NME2	0.7467421134808956	2.1765843654897052	2	2	0.905950320636913	-3.651354976943734	2	2
NME3	0.5946601912841968	2.193678814444885	3	3	0.36603758800253605	-5.764016929078672	3	3
NME4	0.5132711059909847	4.704978041858768	2	2	0.5031728576348917	-4.751679553179105	2	2
NME5	0.1987584948761255	10.033953595999268	1	1	0.1494312667227473	2.5880058624677	1	1
NME6	0.36603758800253605	6.067834207010454	3	3	0.18029291087097732	-0.7571842992664747	3	3
NME7	0.7107821853940397	2.216743530279618	4	4	0.5537284618522589	-1.66233259136992	4	4
NMNAT1	0.1365753626974344	-1.6488185598375926	2	2	0.12846773251359667	-9.229298600802927	2	2
NMNAT3	0.2904781656185249	6.307731654447598	4	4	0.04224178399099027	2.087023513012161	4	4
NMRAL1	0.04804034634138816	-2.0170508805736267	2	2	0.021901435203522765	-10.682817550560536	2	2
NMT1	0.5441870812564256	5.006583964411777	2	2	0.7587025380471828	-3.218695046379496	2	2
NMT2	0.3409017241423815	10.006703323787074	5	5	0.13230749424864777	-9.773274357653555	5	5
NNMT	0.6150599454031654	-0.8415310661773603	1	1	0.9732565186484019	0.08931453537962603	1	1
NNT	0.23059931506087805	1.577657892764087	3	3	0.3525970933298672	-5.574438007356265	3	3
NOXO1	0.7524111676445808	5.713456844146752	4	4	0.5837557146690224	-1.8036040764715506	4	4
NPC1L1	0.9811480471341884	0.35074872304865234	2	2	0.26001946800884035	1.5394465255916079	2	2
NPPB	0.44553304953071093	-0.7968035006102147	3	3	0.09428508904027764	-9.00342225356988	3	3
NPR1	0.953989943868534	2.846677850984085	3	3	0.7729753211775603	-2.289619558916559	3	3
NPR2	0.5441870812564256	4.615126273691912	2	2	0.7348423790572112	0.31211080646858236	2	2
NPR3	0.0965228428652111	10.117234795619492	2	2	0.7587025380471828	-3.0305463026609734	2	2
NPSR1	0.8324535573993369	2.4255847920655036	3	3	0.509054478717973	-5.571144333947504	3	3
NPY2R	0.7729753211775603	1.8524608416363584	3	3	0.3080536620133777	-6.100314962254633	3	3
NQO1	0.892907228662779	3.0231840408985726	3	3	0.4229302614645546	0.647069245249095	3	3
NQO2	0.5546943436543996	5.212601690019004	2	2	0.057663688326966445	3.3704505559341253	2	2
NR1H2	0.39934606815045726	4.85944345131182	2	2	0.6197378089651657	-2.565644582569522	2	2
NR1H3	0.3253820753879002	9.258333357375331	6	6	0.6696603517930566	-9.087143539578303	6	6
NR1H4	0.3909839668442341	1.522495830771856	4	4	0.40332558559854215	-8.711906044552382	4	4
NR1I2	0.09590510852973674	-2.6937892127980163	1	1	0.9376504461016588	0.22327386432756655	1	1
NR1I3			0	0			0	0
NR3C2	0.023512758683796275	10.414175745694411	5	5	0.13745750056725145	-0.6753486844139408	5	5
NRBP1	0.5426662312418294	2.088003555838658	4	4	0.10972156292260397	-0.9121900867940583	4	4
NRBP2	0.026986001511234262	-2.2620648207649783	3	3	0.2729720342176537	-6.369906926238568	3	3
NRGN	0.3326378350399328	5.019458800602966	2	2	0.9560302952092635	-3.6419128997187933	2	2
NRIP1	0.5101556395102649	6.156534070359588	4	4	0.475264582054305	-1.8178795304526085	4	4
NRK	0.48906177162890974	6.0458957336207435	4	4	0.8899556151060655	-4.741942907110686	4	4
NSDHL	0.2901560983513152	-0.9318384743518386	3	3	0.4688088385010125	-5.704453760055717	3	3
NSF	0.6705936072435198	4.7949247185684785	2	2	0.21622942956107505	-8.7951534216331	2	2
NT5C	0.1859267978109006	7.1080924622909905	4	4	0.5537284618522589	-4.700682321233431	4	4
NT5C2	0.034931834490191126	10.749774706741194	3	3	0.8324535573993369	-4.342571261451485	3	3
NT5M	0.9744290538613658	2.7204399168874933	3	3	0.792672273526139	-4.93489983902307	3	3
NTRK1	0.04905532850864977	-1.7628019099450547	3	3	0.24072630010572027	-6.07301646042545	3	3
NTRK2	0.17162515968070724	9.2603047353398	4	4	0.3006989993864161	-1.5245745062506284	4	4
NTRK3	0.4155216663675966	10.39000060725698	5	5	0.027399193135974467	-9.967871483332432	5	5
NTSR2	0.023512758683796275	10.250895547177064	5	5	0.5244061020188673	-2.108129281424027	5	5
NUAK1	0.7243935255582838	2.505676447994037	3	3	0.20661638328745013	1.0267316426677306	3	3
NUAK2	0.8862076560497375	2.980226320912428	5	5	0.6321806273953783	-1.5859409924951162	5	5
NUCKS1	0.614520176712387	3.9665970982998915	4	4	0.11990545146217382	-0.13820655134610593	4	4
NUDT9	0.509054478717973	2.2282670671946536	3	3	0.8424706057740473	-2.5059260116074324	3	3
OAS1	0.6301653783910885	2.268020910969318	4	4	0.7440230356089503	-5.458272367040338	4	4
OAT	0.24055353721564965	-1.214927826558605	2	2	0.5337797266232922	0.6155589443482264	2	2
OAZ2	0.07748340844557894	9.80743945578662	4	4	0.08322517250180199	1.7578590997897445	4	4
OAZ3	0.9744290538613658	2.7465782078529717	3	3	0.4767143993899181	-5.675496364423416	3	3
OBSCN	0.009075715415139829	-2.3174140860471257	3	3	0.08814414028667032	-6.623019008695901	3	3
ODC1	0.6197378089651657	4.972708904970301	2	2	0.044588326702637626	2.71522641063479	2	2
OGDH	0.3611486967339417	9.602683987489053	4	4	0.9162537046444287	-5.138378563134888	4	4
OGFOD1	0.6150599454031654	-0.8534838689391258	1	1	0.40197086850418695	-8.726769288565457	1	1
OGFOD2	0.4229302614645546	1.6982714388659133	3	3	0.24072630010572027	0.9900999256425891	3	3
OPLAH	0.34395228517025545	6.851960050115006	4	4	0.7777478678258648	-3.886644467965995	4	4
OPRD1	0.711235453968361	4.649659460514716	2	2	0.4082163035057116	-7.907311491935881	2	2
OPRK1	0.9426437736618785	2.715875568045062	4	4	0.8812149716020755	-5.294323206673366	4	4
OPRL1	0.3057156791864173	9.98074120960662	8	8	0.2639875720307141	0.06001335986863284	8	8
OPRM1	0.9434862146926926	0.14768944747486445	2	2	0.893480726925582	-3.575991962957828	2	2
OTC	0.9437808838766888	2.6015647843775014	3	3	0.9744290538613658	-2.4437596220472515	3	3
OXCT1	0.7356651658540911	2.8056731500032632	4	4	0.6780825252478184	-2.1226055066906984	4	4
OXCT2	0.1400898077074092	7.856253871673363	5	5	0.7260690837294399	-4.239969104924426	5	5
OXSR1	0.19094088125254582	-1.2167282881923789	3	3	0.9744290538613658	-2.458698851069305	3	3
OXT	0.8724887730813045	5.204782930452515	4	4	0.8987096549140207	-2.487201561653682	4	4
OXTR	0.4532175785706196	6.186689044884008	3	3	0.2729720342176537	0.9523544088393902	3	3
P2RY12			0	0			0	0
P2RY2	0.6675430376707338	5.3209863656469185	3	3	0.2843489595342069	0.8750534774185916	3	3
P4HA1	0.41463911103700135	9.001644890750663	1	1	0.6957112086212667	0.5988100907217809	1	1
P4HA2	0.9602740100603963	5.29559359368441	4	4	0.5686473614873404	-5.980829246233223	4	4
P4HB	0.4010134616450324	6.00439381436762	3	3	0.9437808838766888	-2.5180377739365496	3	3
P4HTM	0.7348423790572112	-0.5040117875104002	2	2	0.2948322834067959	-8.378850162570643	2	2
PACSIN1	0.18825191860198975	10.368337295399018	6	6	0.5384077338330884	-8.728134424230433	6	6
PACSIN2	0.7273384694317897	5.785525287009615	4	4	0.221289783784836	1.451393879630694	4	4
PACSIN3	0.23824752695558815	2.0412028748240107	5	5	0.06424308155831931	-9.806972872765103	5	5
PADI1	0.23429904473618135	5.652095163759038	2	2	0.049848901446944954	2.4229952817734626	2	2
PADI2			0	0			0	0
PADI3	0.24590561263095378	1.5289562859136676	3	3	0.15283051353896723	-6.6306427696082215	3	3
PADI4	0.9250415942716494	5.648261408644976	4	4	0.4549754338611368	-1.5967146828982381	4	4
PADI6	0.5008631613936626	3.6649987413347866	3	3	0.903053547094825	-4.835397972525867	3	3
PAEP	0.6582402618027362	2.8150026500755367	3	3	0.1254787118256875	-8.280875049015272	3	3
PAH	0.2955589988176961	2.0735610215309	4	4	0.11220110188298406	-9.961957102550032	4	4
PAICS	0.9948849700283554	3.091649341241048	3	3	0.46097636493522	-1.561873857563387	3	3
PAK1	0.08127412446611325	10.667948912140645	4	4	0.6301653783910885	-1.908312790508072	4	4
PAK2	0.7273384694317897	2.5534274051029358	4	4	0.5761781687565709	-5.291894697801079	4	4
PAK3	0.819320023273342	-0.40102297625326955	2	2	0.7230059644416609	-3.295824376267425	2	2
PAK4	0.4676187164013438	8.616469714135508	1	1	0.38953769995165466	-8.865378565270882	1	1
PAK6	0.6566903421989434	10.14995014323784	8	8	0.4464026679613877	-8.093953684090147	8	8
PAK7	0.1494312667227473	10.821886897216576	1	1	0.4406725422750465	-8.614594794626495	1	1
PAM	0.008567488544194757	-2.373651805440385	4	4	0.475264582054305	-5.752203767008408	4	4
PANK1	0.5463415800388045	-0.5371539487620739	4	4	0.846407252927595	-5.372242104970497	4	4
PANK2	0.711235453968361	3.5184289671369715	2	2	0.7949210125777597	-0.33414161020319977	2	2
PANK3	0.8025714579867083	5.3975802105011494	3	3	0.21598271433566663	-6.102690746371864	3	3
PANK4	0.3080536620133777	-0.99284642940563	3	3	0.37287612734146225	-1.6521458386789192	3	3
PANX1	0.7025543636257118	6.118762903534545	4	4	0.8987096549140207	-5.431393738467899	4	4
PAPOLA	0.5234738875433134	1.51992034561881	2	2	0.10637772470793427	2.809906058264941	2	2
PAPSS1	0.9590973799236262	2.8824164093337106	3	3	0.07576803604241879	2.300324158145172	3	3
PARK7	0.4688088385010125	5.616600547730758	3	3	0.58581089287956	0.5003024974884998	3	3
PARP15	0.2171378839170176	8.996940566142037	4	4	0.15173971882643233	-0.8582489823664577	4	4
PARS2	0.28841657745996785	9.555997523707276	1	1	0.29868749946380246	1.5332422773814165	1	1
PASK	0.005750604081311104	-2.1913818487772505	4	4	0.20109086452150227	-6.293773152158912	4	4
PBK	0.15492623340715744	-1.3610302215301846	4	4	0.5101556395102649	-8.846225483690812	4	4
PCBD1	0.7107821853940397	2.284684061904843	4	4	0.7777478678258648	-2.227247742952359	4	4
PCCB	0.7876173493946396	6.2778565958620804	7	7	0.6514325482434398	-9.112479503222147	7	7
PCK1	0.11729258214303219	9.155468134807647	4	4	0.3272878386591217	-0.9351441550501938	4	4
PCMT1	0.44553304953071093	-0.6230206601289243	3	3	0.49274223497424763	-5.60373286587492	3	3
PCSK1	0.42754042654013946	-1.3226458131236658	1	1	0.16246041591846205	-9.780893733471153	1	1
PCSK2	0.9184431438380081	0.41306047631190923	2	2	0.025809871980532747	3.5181003233929875	2	2
PCTP	0.782806393183133	5.052224551277509	3	3	0.5682981343473044	-2.9896062786991764	3	3
PCYT1A	0.40332558559854215	9.651224901778251	4	4	0.9867531361654316	-5.2758275605433615	4	4
PCYT1B	0.4688088385010125	3.6702612699144854	3	3	0.9744290538613658	-4.651714576769359	3	3
PDC	0.09972326670793918	-1.785350475176731	2	2	0.8315870510040755	-4.214412456967832	2	2
PDE10A	0.032208086700446316	10.103027373338138	4	4	0.6619526968930883	-5.344238148113	4	4
PDE11A	0.9132157234932249	0.07960066259525729	3	3	0.8525132106338359	-2.3871145774553697	3	3
PDE1B	0.19435424477916474	1.9648329460386502	6	6	0.06300713421579544	-9.284399349318193	6	6
PDE3A	0.90747603745455	5.934682607804646	4	4	0.5875615298225497	-2.11758830280188	4	4
PDE3B	0.2955589988176961	-0.6434003046296635	4	4	0.43518342317727465	-9.250788665934214	4	4
PDE4B	0.699533384968384	5.8790457263549	2	2	0.5867985246541945	-2.848519904494368	2	2
PDE4C	0.3117289962483303	9.82182873656697	5	5	0.9645762041869574	-8.272610235156968	5	5
PDE6G	0.39712585814726875	-0.9210446348846771	4	4	0.36699863976590164	-1.72040487781048	4	4
PDE6H	0.9434862146926926	3.721823518245948	2	2	0.5652998407776577	-4.401476144271162	2	2
PDE7A	0.42691798452323726	2.28450766906102	5	5	0.08503536623268451	1.6179457331705265	5	5
PDE7B			0	0			0	0
PDE8A	0.9881886176926634	2.974139785056604	5	5	0.9409948168019828	-8.922750504944398	5	5
PDE8B	0.6489900969794189	2.0813486812647426	3	3	0.8625797821980141	-4.965459016812454	3	3
PDE9A	0.17512092078916863	1.635990115887416	4	4	0.8507431947838546	-2.756739203570669	4	4
PDF	0.6498381775741342	2.43558030147749	5	5	0.5116267330658807	-4.997892852836731	5	5
PDGFRA	0.3326378350399328	5.923978498213132	2	2	0.6197378089651657	0.2054599402617875	2	2
PDGFRB	0.8144650044613553	-0.35177687186732065	1	1	0.5388113411450413	-8.225062291493654	1	1
PDHA1	0.1494312667227473	-2.1220625392335535	1	1	0.1494312667227473	-9.995347958859886	1	1
PDHA2	0.021901435203522765	-2.4118477483011613	2	2	0.0965228428652111	-9.492651917566915	2	2
PDHB	0.8324535573993369	2.3510110932321466	3	3	0.02976109011673024	-9.528538829095679	3	3
PDIK1L	0.38953769995165466	-1.3938538462527088	1	1	0.3091997637495777	1.5076477937221318	1	1
PDK1	0.8525132106338359	2.4467166090895858	3	3	0.3266667946891344	-1.5203184815451356	3	3
PDK2	0.5686473614873404	3.717796262594323	4	4	0.2565617992203223	-1.082446211969348	4	4
PDK3	0.9233921096059854	2.942785322354789	3	3	0.7052551253773022	-3.1774711165685154	3	3
PDK4	0.9867531361654316	3.0011500694291935	4	4	0.029628240624920962	2.2381370870571864	4	4
PDLIM5	0.024437208268110192	10.606534803660912	3	3	0.509054478717973	-1.9282191979812566	3	3
PDP1	0.646833967708627	1.5531888468167052	1	1	0.16246041591846205	2.3462542547521843	1	1
PDP2	0.25649741520509617	-1.023459900386116	3	3	0.339473173269047	-6.016023142073628	3	3
PDPK1	0.5463415800388045	4.326222502234638	4	4	0.2565617992203223	-1.2859720966327866	4	4
PDPR	0.9233921096059854	2.561269211986249	3	3	0.7437057424127969	-1.9882009023134508	3	3
PDXDC1	0.2901560983513152	6.245455342045708	3	3	0.9132157234932249	-2.482567717418606	3	3
PDXK	0.7458866564935573	0.45895277697093917	1	1	0.12578390448722868	2.967210308529192	1	1
PDXP	0.3309890481295501	10.578993264691377	5	5	0.10033445370535704	-1.1853940354959962	5	5
PEAK1	0.7290290721171528	-0.628973729731209	1	1	0.48142685985522826	-8.502259149357542	1	1
PECR	0.16246041591846205	-1.9501598883507985	1	1	0.08731445315988665	-10.823445307977131	1	1
PFAS	0.17299558771385581	-1.475822051877909	2	2	0.22816064334400843	-8.849107471504242	2	2
PFKFB1	0.8724887730813045	-0.059448780643999534	4	4	0.496040435444444	-4.347363358332605	4	4
PFKFB2	0.3553575854222425	9.45990062014265	4	4	0.2804937245126513	-8.318298645151737	4	4
PFKFB3	0.3612909419049163	-0.7479147585706262	5	5	0.9960627447354083	-8.546881239273414	5	5
PFKFB4	0.9846557509119103	4.788786188928307	3	3	0.4379233181869481	-3.280603642644593	3	3
PFKL	0.7186762238226941	6.737217556514698	5	5	0.25846272564034556	-1.2050498786144408	5	5
PFKM	0.7910480777972908	5.553636388972163	6	6	0.09933666158062582	-9.412362799774916	6	6
PFKP	0.30589821930543304	6.518554525648429	4	4	0.6301653783910885	-7.940111044546261	4	4
PFN1	0.599048431124819	6.150135764754739	4	4	0.5913793552115143	-1.967961045907348	4	4
PFN2	0.5611639214856028	5.32495763176003	4	4	0.7692745210169614	-2.5441141853904243	4	4
PGA3	0.21622942956107505	-1.298309913294145	2	2	0.3567606904452848	-4.761098154168644	2	2
PGAM2	0.7025543636257118	3.3048944102546005	4	4	0.35248376061411946	-9.079749003947038	4	4
PGD	0.48040383602307324	6.456455347606969	5	5	0.7409309882352513	-8.78344723412116	5	5
PGGT1B	0.7290290721171528	-0.6510562278094838	1	1	0.4744948438768316	-8.526166688844143	1	1
PGK1	0.4355219180532939	6.5640920149732045	2	2	0.4082163035057116	-6.210573549378079	2	2
PGK2	0.7729753211775603	3.3123043111507724	3	3	0.5173154389508978	-1.8528585334281562	3	3
PGLYRP3	0.45403291228033227	8.768907672416331	1	1	0.2590454483955059	-9.364709265767603	1	1
PHGDH	0.28054944483051936	-1.3043689937838847	2	2	0.6421349797380504	-4.545042244947908	2	2
PHKA1	0.15856905608243255	-1.5744302678888706	2	2	0.02687645039483401	-10.240755316459268	2	2
PHKA2	0.37287612734146225	5.7717668704583796	3	3	0.6125394623899066	-1.9570749239629566	3	3
PHKB	0.20204536642155835	-1.106377776458175	3	3	0.8827784086677047	-2.954559193931026	3	3
PHKG1	0.8810374077574495	4.032351693988605	2	2	0.18838153206022834	1.4199539707040145	2	2
PHKG2	0.24973237854812025	-1.6501428406052554	1	1	0.5687370807561141	-7.937551793663653	1	1
PHOSPHO1	0.4846924179863771	-0.6165239861041716	3	3	0.36603758800253605	-1.4250649035158018	3	3
PHOSPHO2	0.475264582054305	1.6099813303049466	4	4	0.5686473614873404	-5.480938618207368	4	4
PHPT1	0.9184431438380081	4.230776911805322	2	2	0.22816064334400843	-8.641180571456395	2	2
PHYH	0.23846573220900935	-1.123989716810745	4	4	0.07383798342271349	-9.707059193625645	4	4
PI4K2A	0.35612329772100226	3.5840168710871065	5	5	0.4927669364245706	-9.217618710160911	5	5
PI4K2B	0.06862489994919059	10.143455033147362	5	5	0.09435836791737824	-1.1597358551657548	5	5
PI4KA	0.2948322834067959	-1.123005851001686	2	2	0.0965228428652111	-9.49659102027723	2	2
PI4KB	0.3525970933298672	4.009242130259701	3	3	0.6863014442519328	-5.403765245748329	3	3
PICK1	0.22816064334400843	-1.368147400866337	2	2	0.23429904473618135	1.188782755498952	2	2
PIGA	0.46168373340046287	1.7836268417181387	4	4	0.496040435444444	-5.740727952121588	4	4
PIK3AP1	0.3298199269621632	9.817930373288275	6	6	0.9928340092984066	-8.831490186584654	6	6
PIK3C2A	0.06647107708973228	-2.1284734679919852	2	2	0.6421349797380504	-4.5579581753639635	2	2
PIK3C2B	0.22565096590422873	-1.0952446089884713	3	3	0.22565096590422873	-6.337668712863707	3	3
PIK3C2G	0.12578390448722868	11.438769073342316	1	1	0.1494312667227473	2.5492562501230704	1	1
PIK3C3			0	0			0	0
PIK3CA	0.40332558559854215	9.652665624393078	4	4	0.05074280801661997	2.046155056217723	4	4
PIK3CB	0.45619295673735516	0.8537880496497264	5	5	0.16256323655552496	-1.2523507289345819	5	5
PIK3CD	0.3309890481295501	10.636477146105614	5	5	0.17792996478862022	-0.6004202325206074	5	5
PIK3CG	0.22816064334400843	-1.3929477152280514	2	2	0.07900848666846641	2.19119590941437	2	2
PIK3R1	0.323677799775271	7.1940206164650276	5	5	0.377074122525659	-4.642547360350152	5	5
PIK3R2	0.16526703069909998	11.020112320722475	8	8	0.7077234332572413	-9.222260967340391	8	8
PIK3R3	0.8204929418465725	2.6604770702482976	4	4	0.6459782297226009	-5.478838532428621	4	4
PIK3R4	0.05860017741866084	7.524829555561083	3	3	0.9744290538613658	-4.753047653102204	3	3
PIK3R5	0.010394132002815986	12.367128781540004	4	4	0.846407252927595	-2.977929602724832	4	4
PIKFYVE	0.17801623729304106	-1.5207026904342023	2	2	0.19918538030984734	-8.893988110060535	2	2
PIM1	0.6035700677590778	3.3419742199543285	3	3	0.903053547094825	-5.0448447516011825	3	3
PIM2	0.24692473509140822	-1.2038699156033168	2	2	0.9184431438380081	-3.895180981739812	2	2
PIM3	0.9488505584415357	5.608046584533323	5	5	0.7634046573544134	-5.280843502713002	5	5
PINK1	0.1273082281874841	10.73773345068117	5	5	0.6043627146664909	-4.997252796243015	5	5
PIP	0.10300776982270127	10.058157582751289	2	2	0.5760018349684444	0.4425728603117651	2	2
PIP4K2A	0.36650535521352146	9.586463441410169	5	5	0.7860794998355147	-8.396615262775784	5	5
PIP4K2B	0.5837557146690224	2.399290513510488	4	4	0.9162537046444287	-5.004470105480805	4	4
PIP4K2C	0.4263049957321291	-0.8710504676511448	2	2	0.5031728576348917	-5.857551920308265	2	2
PIP5K1A	0.22320566590543867	9.881729714003944	1	1	0.48142685985522826	-8.493890285820386	1	1
PIP5K1B	0.37979324589522423	1.1141626431514753	3	3	0.5173154389508978	0.7021764706171035	3	3
PIP5K1C	0.04693847568053897	10.433130405018918	4	4	0.6862036866249916	-4.824685187156539	4	4
PIP5KL1	0.3020083601199023	6.880468752485087	3	3	0.1681050025596873	1.294625046947422	3	3
PIPOX	0.5976880451210425	-0.6313960620536383	2	2	0.12846773251359667	1.5261616654209074	2	2
PISD	0.19098221115811442	1.4055872646744376	5	5	0.26475232094191126	-9.004504626993203	5	5
PITPNA	0.4229302614645546	-0.7464425124339508	3	3	0.11331586596090351	-8.953061265393615	3	3
PKDCC	0.9162537046444287	5.581297763043321	4	4	0.13655121333896056	1.4243055682566956	4	4
PKIA	0.3327834392297607	-1.084265941828562	4	4	0.5686473614873404	-5.880275362192621	4	4
PKIB	0.24590561263095378	6.599891307011338	3	3	0.430388895180718	0.609467894982255	3	3
PKIG	0.24590561263095378	6.3330322199664435	3	3	0.714801909064076	-1.823937056120122	3	3
PKLR	0.09574152805173985	7.666369913381918	4	4	0.26595873418383764	-7.592192950391177	4	4
PKM	0.9338386403809925	5.950416478430403	4	4	0.3909839668442341	-3.57532279545932	4	4
PKMYT1	0.1450722838391569	-1.6198195559254014	2	2	0.9434862146926926	-3.9275990601208757	2	2
PKN1	0.7433413319545802	2.171211904134983	7	7	0.19739683666981	-4.599181144715502	7	7
PKN2	0.2047540921823684	6.734381667368117	2	2	0.3248366047348328	-6.7888898726950195	2	2
PKN3	0.9955841983893235	5.076684648600495	4	4	0.25195081553962084	1.1242079350612422	4	4
PLA2G1B	0.32799947821661113	9.353342064911233	7	7	0.6101923917365532	-8.522042148527705	7	7
PLA2G2D	0.782794722694634	-0.39860700552287565	2	2	0.9184431438380081	-3.925699600202052	2	2
PLA2G2E	0.6262378675525848	1.7940073518266413	4	4	0.09796709567251086	-10.420109093564003	4	4
PLA2G7	0.7356651658540911	2.2673419559220043	4	4	0.496040435444444	-8.38181791389714	4	4
PLAU	0.8899556151060655	2.5522522176762394	4	4	0.9250415942716494	-4.472533429860232	4	4
PLAUR	0.9642065588722244	2.86897891226355	3	3	0.19754850877304286	1.1068356585943604	3	3
PLCL1	0.46168373340046287	6.582776329711078	4	4	0.5913793552115143	-6.031958233196085	4	4
PLEKHA1	0.3987682937513213	7.67265543755691	5	5	0.024751436094503518	2.4936687124665475	5	5
PLEKHA4	0.04759889585810888	9.856019313225557	3	3	0.6582402618027362	-1.9344534428406623	3	3
PLIN3	0.5317158607334982	5.837542277256145	4	4	0.28545643399273624	-1.7608574826218595	4	4
PLK1			0	0			0	0
PLK2	0.5504465174527848	2.2729260078273192	5	5	0.04896222712910718	-9.743260445129147	5	5
PLK3	0.011754239502190747	12.12000721583392	3	3	0.3203828661805692	0.024867817988225644	3	3
PLK4			0	0			0	0
PLOD1	0.5867985246541945	4.723560444167979	2	2	0.7587025380471828	-0.6202620385841228	2	2
PLOD2	0.8204929418465725	6.330475706079042	4	4	0.3553575854222425	-8.80894660894826	4	4
PLOD3	0.15492623340715744	7.35668809414904	4	4	0.02429026099197443	2.075703799571267	4	4
PMP2	0.553675186535875	-1.086043316432571	1	1	0.36538324271088385	-8.959328736058904	1	1
PMVK			0	0			0	0
PNCK	0.14276072580841345	9.30760705527433	5	5	0.9881886176926634	-5.936522394822714	5	5
PNKP	0.6489900969794189	2.029824289596565	3	3	0.01263856211177618	-10.132296534105167	3	3
PNLIP	0.6957545268767622	0.5523220399301346	3	3	0.430388895180718	-1.8514038857830766	3	3
PNLIPRP2	0.9335810502016108	2.4852899859775204	3	3	0.12234656030806688	1.318184226846692	3	3
PNMT	0.1494698221063108	-1.6223720020851564	2	2	0.1365753626974344	-9.20284505015141	2	2
PNP	0.9948849700283554	3.0775370270953606	3	3	0.5340431495343935	-1.2772664585541784	3	3
PNPO	0.6582402618027362	5.89575279449861	3	3	0.5682981343473044	-3.0581601341739497	3	3
POMC	0.45429657353652386	4.940922381175664	2	2	0.9184431438380081	-3.977507329132294	2	2
PON1	0.25649741520509617	6.366219343272758	3	3	0.27862098834553783	-3.82186949320776	3	3
POR	0.3330302479966122	6.085451136743427	3	3	0.714801909064076	0.3552082771815008	3	3
PPA1	0.6197378089651657	0.5990309692882452	2	2	0.07900848666846641	1.8553168026644018	2	2
PPAP2A	0.9233921096059854	1.1463907708090304	3	3	0.903053547094825	-4.346760063092474	3	3
PPAP2B	0.0803123834683193	-1.5821813649331282	4	4	0.7273384694317897	-5.8498736152952695	4	4
PPAP2C	0.3171554353003504	5.013612640275913	2	2	0.8810374077574495	-3.8677866899936926	2	2
PPARD	0.16858524862508273	1.8050769733097642	5	5	0.35100250197911653	-8.923343495715583	5	5
PPAT	0.42226948296545663	1.0686732531523633	4	4	0.2565617992203223	-9.377085722102242	4	4
PPBP	0.4379233181869481	5.988425154988537	3	3	0.6215672885499751	-5.477722822834075	3	3
PPCDC	0.1811290315124402	10.871510017003084	5	5	0.972444581173698	-8.555532837308075	5	5
PPEF1	0.2047540921823684	-1.4819184611634517	2	2	0.36504065342345127	-4.760270413063916	2	2
PPEF2	0.2948322834067959	-1.2582997028957967	2	2	0.6763444760601476	-4.14531534930988	2	2
PPFIA1	0.951455921838272	3.002786147828186	4	4	0.37887450011114443	-7.952081022572361	4	4
PPFIA2	0.5308565664137948	7.260815392365991	5	5	0.4211972088663567	-4.991533003776067	5	5
PPFIA3	0.5373470506601392	2.545824352388074	5	5	0.25023837267708005	-8.970367124027199	5	5
PPFIA4	0.5652998407776577	0.35954034573438864	2	2	0.11701390891099898	2.789044080220747	2	2
PPIA	0.7190438463719142	7.143384707994518	4	4	0.16145135396425114	-0.7814746296071643	4	4
PPIB	0.3266667946891344	3.9529140172052446	3	3	0.5770232054055706	-5.509168665054028	3	3
PPIC	0.02880873901281315	10.634195146956479	4	4	0.11990545146217382	-0.8239381209931574	4	4
PPIF	0.26001946800884035	5.495645363024537	2	2	0.1207392324915107	-9.24108328947062	2	2
PPIG	0.6862036866249916	-0.2017758867902494	4	4	0.7025543636257118	-4.713773625194798	4	4
PPIH	0.12578390448722868	11.442298796966405	1	1	0.38953769995165466	-8.86873869498353	1	1
PPM1A	0.951455921838272	2.6602052224706956	4	4	0.37887450011114443	-1.5655560932488075	4	4
PPM1B	0.46168373340046287	5.962982373488749	4	4	0.39712585814726875	-2.0003312243495275	4	4
PPM1D			0	0			0	0
PPM1E	0.004523320558269989	10.996864741205302	4	4	0.6067622680548863	-7.45491384649728	4	4
PPM1F	0.09830977396971248	1.6673002150641356	5	5	0.194352729310315	-9.487162643723524	5	5
PPM1G	0.5745695429478503	6.466589802082642	6	6	0.8118765817782444	-8.715497393848048	6	6
PPM1L	0.13365937136067832	10.453770180530533	4	4	0.21304231637746363	-0.9112701670062116	4	4
PPM1M	0.4155216663675966	9.63395369170546	5	5	0.28425199874773144	-1.358255748275468	5	5
PPME1	0.5244781388817298	2.2193978898610305	4	4	0.09574152805173985	-9.160496025348111	4	4
PPP1CA	0.46844691159497365	5.950926571378662	4	4	0.3611486967339417	-1.9648990647713171	4	4
PPP1CB			0	0			0	0
PPP1CC	0.2406558158041382	9.730351942908833	1	1	0.3199536685890044	1.4398631400345008	1	1
PPP1R10			0	0			0	0
PPP1R11	0.7230059644416609	3.4421094251569944	2	2	0.28054944483051936	-4.880728715656029	2	2
PPP1R12A	0.9434862146926926	0.4748287469907968	2	2	0.4735190654767256	-7.39938088483172	2	2
PPP1R12B	0.8242681901271184	2.9668254513141092	5	5	0.2543274185977048	-1.630892835622305	5	5
PPP1R12C	0.002654111852900268	-2.5658544400817553	5	5	0.39327548824485525	-6.506648700727552	5	5
PPP1R13B	0.7862477284805949	2.5390124013328457	4	4	0.5837557146690224	-1.7255801232944095	4	4
PPP1R14A	0.13081514099823344	9.524703423278384	4	4	0.2171378839170176	1.360808917103643	4	4
PPP1R14C	0.7334875506480639	2.397216061630291	5	5	0.9409948168019828	-5.359325841209951	5	5
PPP1R14D	0.6582402618027362	3.432442712749855	3	3	0.1192758431970131	-8.657291848300508	3	3
PPP1R15B	0.2590454483955059	9.63611686968492	1	1	0.9376504461016588	0.1712796177261851	1	1
PPP1R16B	0.3592778465374553	6.428211970447369	3	3	0.8525132106338359	-4.856839407710802	3	3
PPP1R1A	0.951455921838272	2.420390156664995	4	4	0.7356651658540911	-5.187219906024123	4	4
PPP1R1B	0.711235453968361	3.1284382582637402	2	2	0.23429904473618135	-5.480017420264711	2	2
PPP1R1C	0.029124194747435102	-2.3439647260087915	2	2	0.09972326670793918	-9.42419566668677	2	2
PPP1R2	0.6215672885499751	5.741188488039288	3	3	0.7437057424127969	-2.4528837384706246	3	3
PPP1R21	0.7947731413669984	5.420474670321191	4	4	0.17512092078916863	-8.298262283814022	4	4
PPP1R26	0.9162537046444287	2.6780555710843044	4	4	0.16145135396425114	-1.6161102953468693	4	4
PPP1R32	0.36699863976590164	2.1157772176059115	4	4	0.8291107692840998	-5.2162108566313945	4	4
PPP1R37	0.7458866564935573	0.46685797505628557	1	1	0.18358558818431758	2.2365267789102856	1	1
PPP1R3A	0.7052551253773022	3.126150952864043	3	3	0.055260269043792984	1.714306051024933	3	3
PPP1R3B	0.43518342317727465	2.340552692937921	4	4	0.321851504010483	-6.045415867970875	4	4
PPP1R3C	0.5441870812564256	3.0669809828179195	2	2	0.30959435554834125	-5.1267824149834995	2	2
PPP1R3D	0.9948849700283554	2.6851146119800298	3	3	0.792672273526139	-2.775230472960013	3	3
PPP1R3E	0.41476471802925297	9.704224885172833	8	8	0.10045116985638167	-9.927435121669923	8	8
PPP1R3F	0.05621397586243961	10.343377032285117	4	4	0.9426437736618785	-4.6263848158297	4	4
PPP1R3G	0.2612310530635821	6.248363160467349	4	4	0.5390038577297482	-1.8766603283036305	4	4
PPP1R42	0.17801623729304106	-1.5072653321605705	2	2	0.24692473509140822	1.502448376308284	2	2
PPP1R7	0.3383382712214469	-0.5291466350820345	4	4	0.5686473614873404	-1.798748345094152	4	4
PPP1R8	0.4954539733417518	-1.20401223575149	1	1	0.34218640129974376	-9.077297655377821	1	1
PPP1R9A	0.8637780629535432	3.0161722755035094	4	4	0.9955841983893235	-4.9960121763339655	4	4
PPP1R9B	0.6182032579958154	-0.7232888503184748	5	5	0.2543274185977048	-4.808427900503589	5	5
PPP2CA			0	0			0	0
PPP2CB	0.41720285726390505	5.137089864293541	2	2	0.4735190654767256	-7.601097965973914	2	2
PPP2R1A	0.7113096000951296	4.617481220279174	5	5	0.326103343720211	-1.9168757153555829	5	5
PPP2R1B	0.5441870812564256	4.613121482140762	2	2	0.10300776982270127	2.341779719712536	2	2
PPP2R2A			0	0			0	0
PPP2R2B	0.35967736034785425	7.665377610207241	7	7	0.9636356313037896	-8.80780777924491	7	7
PPP2R2C	0.19098221115811442	11.211158401122583	5	5	0.27114733494959664	-9.092009112163643	5	5
PPP2R2D	0.5770232054055706	2.3784506557756724	3	3	0.24072630010572027	-6.062690682415629	3	3
PPP2R3A	0.06009486358894605	10.500817882156413	5	5	0.9645762041869574	-4.968321933188602	5	5
PPP2R3B	0.7025543636257118	5.777488255905858	4	4	0.15816331195757294	-1.5095663002574662	4	4
PPP2R4	0.4735190654767256	-0.4591152621415113	2	2	0.36504065342345127	0.8595459461676184	2	2
PPP2R5A	0.46168373340046287	6.625072081250025	4	4	0.27558994430748396	-1.548144472726405	4	4
PPP2R5B	0.6566903421989434	9.829570742804806	8	8	0.17985813135343576	-9.179908716741261	8	8
PPP2R5C	0.8318571404371922	-0.27090009100069956	1	1	0.553675186535875	-8.144185510627032	1	1
PPP2R5E	0.475264582054305	5.770205600389617	4	4	0.06696761524639441	2.287455788246169	4	4
PPP3CA	0.6862036866249916	2.7477834227366142	4	4	0.23408601672889773	-9.45105814679812	4	4
PPP3CB	0.782806393183133	2.9162833137561424	3	3	0.03720525570381228	2.172986827276923	3	3
PPP3CC	0.37734133666578695	9.346490866597865	1	1	0.7971638434158136	-1.1949466467324004	1	1
PPP3R1	0.9253013032332024	1.718896486877715	5	5	0.7260690837294399	-4.1674946243928215	5	5
PPP4C	0.10300776982270127	-1.797102160892174	2	2	0.6308940151440023	-3.0961492894293676	2	2
PPP4R1	0.7437057424127969	3.0320901895529526	3	3	0.8424706057740473	-4.943642167166462	3	3
PPP5C	0.38678869651065917	6.0031875808179365	3	3	0.19754850877304286	1.0926982577646354	3	3
PPP6C	0.44485275595066687	-0.9081353146186864	2	2	0.9560302952092635	-3.9041122024684696	2	2
PPT1	0.05365074361838078	9.932173918256453	3	3	0.06768875857330095	1.6384769914370025	3	3
PPTC7	0.10489254768076661	1.0032088802863435	4	4	0.20109086452150227	-9.202895817737186	4	4
PRDX2	0.8424706057740473	3.6935534069567324	3	3	0.6768971859550865	-2.0747854575624154	3	3
PRDX5	0.2729720342176537	-1.0386634254325895	3	3	0.5008631613936626	-5.691373490934297	3	3
PRDX6	0.03794896290006668	9.925763973462383	4	4	0.34395228517025545	0.8667041712348524	4	4
PREP	0.9132157234932249	2.9579195948892694	3	3	0.7243935255582838	-2.2528326091392255	3	3
PRG2	0.3525970933298672	-0.4669939201484266	3	3	0.3330302479966122	-6.306049380157657	3	3
PRKAA1	0.321851504010483	8.581679640525818	4	4	0.5030718809833215	-5.790225172760542	4	4
PRKAA2	0.43518342317727465	6.573505833108115	4	4	0.7107821853940397	-3.9654055408437565	4	4
PRKAB1	0.19914712718136784	-1.3132726309559792	4	4	0.475264582054305	-5.710823593443	4	4
PRKAB2	0.58581089287956	5.2735035207431205	3	3	0.7877349153225338	-2.8211205462007367	3	3
PRKACA	0.807097055911814	4.18284031915409	2	2	0.44485275595066687	-4.597218285863485	2	2
PRKACB	0.5244781388817298	-0.7185885099318181	4	4	0.6619526968930883	-2.234461495792423	4	4
PRKACG	0.04759889585810888	8.35272353419865	3	3	0.17615939305910155	-0.8818887826572944	3	3
PRKAG1	0.5770232054055706	-0.5473843324311739	3	3	0.44553304953071093	0.620896066533423	3	3
PRKAG2	0.41720285726390505	7.006100225255629	2	2	0.9811480471341884	-0.09507626399420788	2	2
PRKAG3	0.6862036866249916	5.533047315273019	4	4	0.010229587929742429	-9.623357483504707	4	4
PRKAR1A	0.9331448117925528	5.974423371651189	5	5	0.8319592591651914	-4.682174883172452	5	5
PRKAR1B	0.07733652836063114	1.8387224036586691	8	8	0.22341077973695855	-10.169707672816655	8	8
PRKAR2A	0.18029291087097732	6.217318965465864	3	3	0.37287612734146225	-1.7237482328994993	3	3
PRKAR2B	0.7467421134808956	4.267800538456153	2	2	0.7707209794848073	-3.69688494390259	2	2
PRKCA	0.06373501532801559	10.68976664397948	4	4	0.27074498725608287	-1.2660871662747093	4	4
PRKCB	0.9338386403809925	2.9473325266014325	4	4	0.7356651658540911	-2.0654877604448374	4	4
PRKCD	0.30959435554834125	5.703275261369638	2	2	0.5234738875433134	-4.682463494140895	2	2
PRKCDBP	0.812502426299867	2.3475035048575212	3	3	0.27862098834553783	-5.802438017110533	3	3
PRKCE	0.9690969612980223	5.833995702403681	4	4	0.6539456471479708	-5.635059837802202	4	4
PRKCG	0.7437057424127969	2.1140745583719687	3	3	0.9233921096059854	-4.628191375767753	3	3
PRKCH	0.26001946800884035	5.896237184229236	2	2	0.9811480471341884	-2.9986706245962997	2	2
PRKCI	0.782806393183133	5.557879718775285	3	3	0.6768971859550865	-3.100038992535547	3	3
PRKCQ	0.9955841983893235	2.425686110243482	4	4	0.08127412446611325	1.6053229728880065	4	4
PRKCZ	0.7245426081235821	9.935212413270001	9	9	0.4832059250100327	-8.022169097717304	9	9
PRKD1	0.5770232054055706	2.043474412628384	3	3	0.4846924179863771	0.4312589112163651	3	3
PRKD2	0.44832238284022163	2.0917960114546523	4	4	0.384900117571482	-5.85847425262542	4	4
PRKD3	0.8033231357098927	5.300981824361263	4	4	0.9779236967350914	-2.356001260749648	4	4
PRKDC	0.5976880451210425	4.474989295943815	2	2	0.6648624615456817	-4.213734338998894	2	2
PRKG1	0.042942317545244114	11.011634448801308	2	2	0.6197378089651657	-2.568983155194991	2	2
PRKG2	0.9132157234932249	-0.001380213035269288	3	3	0.953989943868534	-2.475534751706558	3	3
PRKRA	0.9338386403809925	5.468774502329843	4	4	0.39712585814726875	-5.934375527085059	4	4
PRKRIR	0.553675186535875	-1.0587703862824682	1	1	0.37734133666578695	-8.932055805908801	1	1
PRKX	0.6223214530405292	6.306984788448449	4	4	0.9426437736618785	-5.518247477560746	4	4
PRLR	0.5390038577297482	1.8447340022439132	4	4	0.2904781656185249	-8.752689130228008	4	4
PRNP	0.5867985246541945	-0.6639638375872856	2	2	0.9309561342645262	-3.9143389236012296	2	2
PROC	0.07174055835997774	-1.8700929586699366	6	6	0.31230270259423987	-9.099190682879232	6	6
PRODH	0.30424337348620345	9.889174724040908	10	10	0.9753298579767431	-9.032163272968594	10	10
PROS1	0.972444581173698	9.073814250684736	5	5	0.6821177903882516	-2.096422312523085	5	5
PROSC	0.3330302479966122	6.198682214837086	3	3	0.37979324589522423	0.714722782393304	3	3
PROZ	0.18029291087097732	-1.2115151438038538	3	3	0.6035700677590778	-3.163883711500978	3	3
PRPF4B			0	0			0	0
PRPS1L1	0.0167923880928034	10.576790633960329	3	3	0.07790632474451681	1.5333471584637293	3	3
PRSS1	0.12412541792136368	10.452288357191422	7	7	0.7812462624304687	-8.912064984877397	7	7
PRSS2	0.06883814409214276	-1.9742139915801298	2	2	0.05171420435870881	-9.847000035956029	2	2
PRSS3	0.9198896014368715	0.10552149561068802	1	1	0.13721505064511458	-10.090308950723777	1	1
PRSS8	0.37979324589522423	5.980154352413559	3	3	0.5008631613936626	-1.3277497977938155	3	3
PRX	0.6675430376707338	-0.39128844071682717	3	3	0.41554786836236957	-1.7779811875229443	3	3
PSAP	0.2612310530635821	-1.2540481165593864	4	4	0.05341991764510764	-9.16965653649382	4	4
PSAT1	0.07980882556361904	10.842552404020713	5	5	0.3117289962483303	-1.702954255473574	5	5
PSKH1	0.893480726925582	3.407351978793484	2	2	0.0965228428652111	2.027914151248887	2	2
PSKH2	0.8204929418465725	6.110106318071303	4	4	0.6301653783910885	-1.7634049146498814	4	4
PSPH	0.7260690837294399	5.868540556442299	5	5	0.7860794998355147	-5.810450457981145	5	5
PSTPIP1	0.09152880049589655	-2.9401062236868754	1	1	0.08731445315988665	-10.813765253322	1	1
PSTPIP2	0.3330302479966122	6.063214043783421	3	3	0.822463642853613	-2.799769421236311	3	3
PTDSS1			0	0			0	0
PTDSS2	0.905950320636913	3.940191618624022	2	2	0.1680815597136518	1.4939699985333228	2	2
PTEN	0.10983449661307138	-1.6652053789027788	2	2	0.893480726925582	-3.7222993591441282	2	2
PTGDR	0.5244781388817298	6.4630608327227295	4	4	0.3611486967339417	-1.422003124411063	4	4
PTGER1	0.15396835366316636	9.376677746097826	2	2	0.7348423790572112	-3.2529798369360257	2	2
PTGER2	0.5390038577297482	-0.7923083650074769	4	4	0.17162515968070724	1.4131931559344117	4	4
PTGER3	0.26595873418383764	-1.0862749818340216	4	4	0.90747603745455	-2.295445760073883	4	4
PTGER4	0.41035577952412083	11.145484164246747	8	8	0.6180620890336449	-9.458060195122718	8	8
PTGFR	0.39712585814726875	2.355764496243014	4	4	0.6943612463275022	-4.866729521760142	4	4
PTGIR	0.90747603745455	5.518862068339623	4	4	0.15173971882643233	1.4887026961422123	4	4
PTGIS	0.7631805449989932	3.169692496046993	3	3	0.2843489595342069	-1.2852538200352177	3	3
PTGR1	0.3266667946891344	6.5368747672222485	3	3	0.782806393183133	-2.2130171220315313	3	3
PTGR2	0.7356651658540911	3.061873221737873	4	4	0.384900117571482	-6.0427062365176525	4	4
PTGS1	0.714801909064076	2.898463389445086	3	3	0.8525132106338359	-2.6987705651546743	3	3
PTH			0	0			0	0
PTH1R	0.7273384694317897	-0.07654986669157982	4	4	0.3611486967339417	-1.0952270101797732	4	4
PTK2	0.7260690837294399	5.664994319568738	5	5	0.9960627447354083	-5.428482272317372	5	5
PTK2B	0.18029291087097732	-1.225380878045091	3	3	0.8726687190033349	-2.64561698901679	3	3
PTK6	0.5101556395102649	2.792576622305369	4	4	0.04113178815008673	-9.375920151751163	4	4
PTK7	0.6863014442519328	3.068624758796924	3	3	0.430388895180718	-5.017181407971352	3	3
PTP4A1	0.02722813816635242	10.143538369608304	4	4	0.9162537046444287	-5.467706739069367	4	4
PTP4A2	0.4263049957321291	-0.9913076567325119	2	2	0.653458536354288	-3.03073932936959	2	2
PTP4A3	0.9335810502016108	2.064067704616568	3	3	0.8075329185048704	-2.3625782366394072	3	3
PTPDC1	0.030467710927857508	10.339044062001898	4	4	0.26595873418383764	-1.6629178365512918	4	4
PTPLA	0.614520176712387	5.236867038441865	4	4	0.09796709567251086	-9.507824920284472	4	4
PTPLB	0.782794722694634	4.2604820168220305	2	2	0.12455673692313847	1.8792922799959988	2	2
PTPMT1	0.7290290721171528	0.583767147969354	1	1	0.1314031367606553	2.910971695780408	1	1
PTPN1	0.7524111676445808	2.0736007416359876	4	4	0.951455921838272	-5.283024984469374	4	4
PTPN11	0.03497808159167655	10.046975883881291	4	4	0.05341991764510764	2.09185890994113	4	4
PTPN12	0.45429657353652386	5.335736853579693	2	2	0.05171420435870881	2.4276958959535584	2	2
PTPN13	0.9606432315627891	3.064444224065042	5	5	0.35100250197911653	0.9181095083946121	5	5
PTPN14	0.8940073590079448	6.346586904935616	5	5	0.27983696448542406	-1.5375396620949076	5	5
PTPN18	0.42366615308749567	9.896327111442547	8	8	0.947611249394399	-9.176984142882867	8	8
PTPN2	0.1565463502920705	6.6261234567178775	3	3	0.9744290538613658	-2.4996764671150444	3	3
PTPN20B	0.3397388796845471	6.302046836139966	8	8	0.1560465583545811	-9.334704112151778	8	8
PTPN21	0.20900281179923996	10.269198896388305	4	4	0.3327834392297607	-1.6782109252306725	4	4
PTPN22	0.28054944483051936	-1.3062043831218952	2	2	0.905950320636913	-3.665279478795612	2	2
PTPN23	0.8377492101519326	2.5434500800554662	4	4	0.7190438463719142	-5.210859740252836	4	4
PTPN3	0.8812149716020755	3.5329490041798213	4	4	0.951455921838272	-4.068448923990352	4	4
PTPN4	0.6223214530405292	2.025327015383706	4	4	0.7356651658540911	-5.791482893937022	4	4
PTPN5	0.5682981343473044	-0.5828367642787343	3	3	0.9642065588722244	-2.4111610703780744	3	3
PTPN6	0.5116267330658807	-0.8076570074394578	5	5	0.47428626244014527	-9.83047244672908	5	5
PTPN7	0.3383382712214469	2.2507652343561966	4	4	0.2171378839170176	-9.275908277714501	4	4
PTPN9	0.1494698221063108	9.16223723155883	2	2	0.41720285726390505	-8.042047677880237	2	2
PTPRA	0.37887450011114443	1.8539424667625706	4	4	0.5913793552115143	-1.673395994386718	4	4
PTPRB	0.1365753626974344	-1.56761632109093	2	2	0.893480726925582	0.06127307377584576	2	2
PTPRC	0.21482833735175744	9.921141828759138	1	1	0.18358558818431758	2.1950180505954076	1	1
PTPRD	0.3592778465374553	6.014006260001191	3	3	0.5008631613936626	-1.9659876777867848	3	3
PTPRE	0.858548348480541	10.666927364750244	7	7	0.8846597782463905	-9.379597873192523	7	7
PTPRF	0.6125394623899066	5.757584321707863	3	3	0.2960425312390439	0.914160119172691	3	3
PTPRG	0.2755895791160202	-0.9884872539686184	4	4	0.25195081553962084	-1.53081469204089	4	4
PTPRH	0.6879022461539545	4.3283105911811255	2	2	0.19372816203837273	-8.749336804082109	2	2
PTPRJ	0.7273384694317897	6.565016575489448	4	4	0.48213634186935994	0.15134544709234501	4	4
PTPRK	0.5337563528330417	10.249700832127111	8	8	0.7778263650822739	-5.185584337212976	8	8
PTPRM	0.09428508904027764	7.982535318194362	3	3	0.509054478717973	-1.6194761350725517	3	3
PTPRN	0.5382670390490378	-0.5676728577652183	3	3	0.4532175785706196	-5.613981822697354	3	3
PTPRN2	0.6459782297226009	2.6472402199839777	4	4	0.951455921838272	-5.058294062005644	4	4
PTPRO	0.1681050025596873	6.701500029919731	3	3	0.9437808838766888	-4.982752815279501	3	3
PTPRR	0.6421349797380504	4.83176668658467	2	2	0.819320023273342	-3.3455834197236984	2	2
PTPRS	0.06768875857330095	7.425221737767444	3	3	0.15283051353896723	-0.504793647087638	3	3
PTPRZ1	0.26264440985338866	-1.286095362625348	5	5	0.1811290315124402	-9.459468854308987	5	5
PTS	0.30959435554834125	5.178492150496234	2	2	0.5337797266232922	-5.889361356897139	2	2
PURA	0.09987739201236405	9.798307578765263	7	7	0.9372319393764333	-5.167024225257568	7	7
PVALB	0.8324535573993369	3.144247885454029	3	3	0.792672273526139	-5.245999695040027	3	3
PVR	0.21043516556595143	5.713041583664436	2	2	0.5976880451210425	-2.8246959576824215	2	2
PXK	0.043446000564590324	-2.0401197146091197	3	3	0.06963898846627246	-6.920342804480593	3	3
PYCR1	0.8637780629535432	2.3665457309631663	4	4	0.5317158607334982	-2.1739594364637367	4	4
PYCR2	0.11545290721732816	10.13020882286641	5	5	0.377074122525659	-1.7728549156666389	5	5
PYCRL	0.40332558559854215	1.3690123839524926	4	4	0.5761781687565709	-8.40734657023494	4	4
PYGL	0.7587025380471828	-0.31924987457058585	2	2	0.7707209794848073	-3.3869391594071034	2	2
PYGM	0.5652998407776577	-0.6725128823574433	2	2	0.8562416738526271	-4.089781352541537	2	2
QDPR	0.8844962782287954	0.1759108235020861	1	1	0.5241502651788619	-8.282337096845403	1	1
QPCT	0.5839920412012998	6.627812172383066	1	1	0.08731445315988665	-11.599939266329974	1	1
QPRT	0.7812462624304687	5.96761114261876	7	7	0.12616616751431461	-10.040243321765447	7	7
RAB5A	0.27862098834553783	-1.2765587612054137	3	3	0.1021015210805656	1.5142554847219944	3	3
RAB7A	0.46168373340046287	2.056192345191888	4	4	0.6380512197085942	-8.650872947121577	4	4
RAB8B	0.2932228441783853	7.043785262870268	5	5	0.9960627447354083	-6.260260862714069	5	5
RAB9A	0.16256323655552496	9.424023840912866	5	5	0.6321806273953783	-4.221207005735718	5	5
RABGGTA	0.7230059644416609	0.9337340762245985	2	2	0.6308940151440023	-6.439551343401734	2	2
RABGGTB			0	0			0	0
RAF1	0.5760018349684444	5.148865563787202	2	2	0.711235453968361	-2.622798863268393	2	2
RALA	0.266872579502037	11.072856143841506	5	5	0.7483987531334202	-8.57219697885794	5	5
RAMP1	0.951455921838272	5.313678284345083	4	4	0.06696761524639441	2.011219593825318	4	4
RAMP2	0.6067622680548863	2.4036544868495184	4	4	0.15173971882643233	-0.8751763537936742	4	4
RAMP3	0.21126201859549598	6.7161844720083295	3	3	0.6582402618027362	-1.7545905962236423	3	3
RARG	0.48906177162890974	1.3333793850574063	4	4	0.48213634186935994	0.13679519762619943	4	4
RARRES1	0.5101556395102649	2.0105931529446424	4	4	0.8033231357098927	-3.858640600962859	4	4
RBKS	0.03594551504804325	-2.0606549892599446	4	4	0.06216769678787895	-10.178117001083224	4	4
RBP1	0.10983449661307138	9.871713907878053	2	2	0.7587025380471828	-4.173816712481889	2	2
RBP3	0.951455921838272	2.7996343251554117	4	4	0.9955841983893235	-5.7306124145603805	4	4
RCVRN	0.2207788947635121	-1.1660491505288402	3	3	0.3266667946891344	-5.845423428216923	3	3
RDH12	0.7230059644416609	4.440185859924814	2	2	0.07635782307430983	1.9543381924211545	2	2
RDH13	0.5438771669722153	10.857343309651528	5	5	0.9645762041869574	-4.596228958813707	5	5
RDH14	0.953989943868534	5.198389466150057	3	3	0.9132157234932249	-2.553470554379551	3	3
RDH5	0.7467421134808956	-0.23499008583447356	2	2	0.07635782307430983	1.9348859293739542	2	2
RDH8	0.699533384968384	4.543497261177589	2	2	0.15396835366316636	1.4825347347311066	2	2
RDX	0.8726687190033349	0.25783004248254776	3	3	0.5510397247543231	-2.0593199822849844	3	3
REG1A	0.8144650044613553	-0.3795967666902591	1	1	0.27838646805000244	-9.25288218631659	1	1
REN	0.19106121298987733	-1.8629753179164226	1	1	0.45403291228033227	1.0783217283635214	1	1
RENBP	0.953989943868534	2.6612930662584904	3	3	0.58581089287956	-3.018466121456573	3	3
RET	0.13481137298306717	-2.002863968529254	6	6	0.8188499000759374	-4.968149704088064	6	6
RETSAT	0.46844691159497365	5.437864646099089	4	4	0.31647445496966875	-0.6816111264070469	4	4
RFK	0.5761781687565709	2.221868413566862	4	4	0.6380512197085942	-4.9774554147125825	4	4
RIOK1			0	0			0	0
RIOK2			0	0			0	0
RIOK3	0.5031728576348917	-0.8495472428347499	2	2	0.6308940151440023	-4.297118714388971	2	2
RIPK1	0.22459544077140692	2.1753061953364123	7	7	0.9240541123816033	-6.573190314402588	7	7
RIPK2	0.2565617992203223	6.917729894832675	4	4	0.7692745210169614	-2.2369316525621366	4	4
RIPK3	0.37887450011114443	-1.1665035047875747	4	4	0.3909839668442341	-8.661152405455049	4	4
RIPK4	0.90747603745455	2.464938777052854	4	4	0.48906177162890974	-3.6761427463285354	4	4
RLBP1	0.06883814409214276	-1.9680417843527742	2	2	0.653458536354288	-4.512221462603209	2	2
RNASE2	0.41720285726390505	-1.0118116931510857	2	2	0.09972326670793918	-9.385735756042193	2	2
RNASE3	0.2406558158041382	9.771356799604456	1	1	0.08731445315988665	-10.670122273871948	1	1
RNASE4	0.2429029692854261	6.3753020502678295	4	4	0.3909839668442341	-1.7824133142430345	4	4
RNASEL	0.6035700677590778	-0.5393063657321401	3	3	0.5173154389508978	-1.957440975338321	3	3
RNGTT			0	0			0	0
ROCK1	0.4417249336735335	-1.1536372392152991	4	4	0.04224178399099027	-9.968346896338682	4	4
ROCK2	0.10972156292260397	10.414453492737627	4	4	0.4158976444658756	-9.237755409861576	4	4
ROR1	0.6308940151440023	4.88723079919416	2	2	0.059769124771829635	2.2523490497306993	2	2
ROR2	0.819320023273342	3.0633104362373773	2	2	0.4263049957321291	-5.074263176381522	2	2
RORA	0.261910456683636	-1.0108882476130117	3	3	0.58581089287956	-5.56013357192747	3	3
ROS1	0.903053547094825	2.5058221336055957	3	3	0.44553304953071093	-1.7435943017052653	3	3
RPIA	0.16246041591846205	10.653359369680786	1	1	0.11004524521734775	3.5233727196275133	1	1
RPS6KA1	0.9372319393764333	5.692929986174154	7	7	0.7622224999271966	-8.934474745779953	7	7
RPS6KA2	0.6582402618027362	2.5269603082601146	3	3	0.2960425312390439	-6.023161130180957	3	3
RPS6KA3	0.6459782297226009	2.487083434948652	4	4	0.5537284618522589	-2.1487763987482955	4	4
RPS6KA4	0.5946601912841968	3.29583390494517	3	3	0.20661638328745013	0.8889763077036646	3	3
RPS6KA5	0.8525132106338359	2.619065317050946	3	3	0.6675430376707338	-1.764506188047803	3	3
RPS6KA6	0.20501909086013947	6.894546742273472	4	4	0.17866954345140007	-0.6139342818013439	4	4
RPS6KB1	0.9642065588722244	-0.008116378774524572	3	3	0.44553304953071093	-1.7024531272291215	3	3
RPS6KB2	0.33094927500753824	-1.5459660653012968	1	1	0.8668812065459899	-0.2602211245886114	1	1
RPS6KC1	0.3047005289301806	10.361058335358186	5	5	0.43268379221177355	-1.7743662894581778	5	5
RPS6KL1	0.5244781388817298	2.468980453386468	4	4	0.20109086452150227	-9.186481581632984	4	4
RSL24D1			0	0			0	0
RTCA	0.9846557509119103	2.4973372536363656	3	3	0.812502426299867	-2.263560088638905	3	3
RXRA	0.1931253343851519	6.470245039393871	3	3	0.17615939305910155	1.214160153131573	3	3
RXRB	0.4263049957321291	5.044269159489936	2	2	0.711235453968361	-3.129760956216415	2	2
RXRG	0.1365753626974344	9.580844299268222	2	2	0.38195715357195803	-8.225425530505792	2	2
RYK	0.16246041591846205	10.60931926498249	1	1	0.553675186535875	-8.18692214655232	1	1
RYR1	0.5441870812564256	4.605762572381969	2	2	0.2667439915429288	1.2158967787508626	2	2
S100A1	0.206181447356797	10.710810888462094	7	7	0.8912084070019073	-9.123579741518155	7	7
S100A11	0.9960627447354083	6.028429200500305	5	5	0.4043070335442932	-1.7568871800211123	5	5
S100A12	0.4587167790421153	5.972512126670714	6	6	0.42409278098473613	-9.556045226178076	6	6
S100A13	0.3203828661805692	5.76368465944477	3	3	0.6582402618027362	-2.828031563457374	3	3
S100A2	0.653458536354288	2.6053298365129036	2	2	0.9937154959012978	-3.710456187644069	2	2
S100A4	0.326103343720211	10.87053217594495	5	5	0.7446616863193456	-8.617697155566661	5	5
S100A7	0.09303000380106917	6.985134208155951	3	3	0.7631805449989932	-5.118498475048342	3	3
S100B	0.9162537046444287	3.311679987919689	4	4	0.7482131911787796	-8.170698524600844	4	4
S100G	0.9744290538613658	0.2741468235755571	3	3	0.08934602300962007	1.9802983761807038	3	3
S100P	0.6197378089651657	4.5384480935300955	2	2	0.21043516556595143	-8.84951942086117	2	2
SAA1	0.20501909086013947	2.3705584686889876	4	4	0.08322517250180199	-8.947978256710742	4	4
SACM1L	0.09152880049589655	-2.961985323747589	1	1	0.6150599454031654	0.6389421938200239	1	1
SAR1B	0.27558994430748396	6.607029957903523	4	4	0.48906177162890974	-2.09266584661783	4	4
SARS			0	0			0	0
SBF1	0.4865641624881364	1.4673206950405142	5	5	0.6392193319866875	-5.304437370142628	5	5
SBF2	0.3525970933298672	6.291761228734255	3	3	0.7729753211775603	-4.052450978941706	3	3
SBK1	0.6306524332615491	3.2903841433212104	3	3	0.3266667946891344	-5.8454677467334255	3	3
SBK2	0.9937154959012978	4.480908353789832	2	2	0.493180551416013	0.65779019415828	2	2
SCARB1	0.7862477284805949	5.982702332219347	4	4	0.9690969612980223	-5.529166159250178	4	4
SCGB1A1	0.968585275497194	4.4620375578438685	2	2	0.9560302952092635	-3.3968045132557085	2	2
SCLY	0.972444581173698	5.49245214952569	5	5	0.570385844452308	-6.383076449992214	5	5
SCMH1	0.7107821853940397	2.743983337910548	4	4	0.8550838789849982	-5.155572497970087	4	4
SCN10A	0.26001946800884035	-1.2053199436876536	2	2	0.055620277913208366	-9.739112138146194	2	2
SCN11A			0	0			0	0
SCN1A	0.3938622033379876	6.554230776269236	3	3	0.36603758800253605	-5.431314150260872	3	3
SCN1B	0.8315870510040755	3.139805165752453	2	2	0.9560302952092635	-3.8723459594525664	2	2
SCN2A	0.14821960124068614	-1.4898925055635115	5	5	0.47428626244014527	-9.586688859269614	5	5
SCN2B	0.1192758431970131	-1.459907094040691	3	3	0.05054898027206024	-9.33351887835343	3	3
SCN3A	0.646833967708627	1.7267251018113967	1	1	0.5994348273460528	-7.731522818536092	1	1
SCN4A	0.6879022461539545	-0.5306250961326375	2	2	0.9309561342645262	-3.7125985024715122	2	2
SCN4B	0.9338386403809925	2.737098167008856	4	4	0.20109086452150227	-9.283048613333305	4	4
SCN5A	0.782806393183133	2.9060617253771674	3	3	0.6768971859550865	-1.8236699631156845	3	3
SCN9A	0.17209694551087673	-1.2289083065871491	3	3	0.5340431495343935	-3.0293952864173033	3	3
SCNN1A	0.3567606904452848	-1.0910908366304213	2	2	0.07900848666846641	-9.756857506617331	2	2
SCNN1B	0.7243935255582838	-0.3967468968606613	3	3	0.812502426299867	-2.133485342504264	3	3
SCNN1D	0.25215848595724	10.292754244425034	6	6	0.8049181537223871	-5.895078414838518	6	6
SCNN1G	0.5179960350983857	6.9596489920347535	5	5	0.7334875506480639	-5.466772837948305	5	5
SCPEP1	0.4379233181869481	5.662890607460146	3	3	0.4767143993899181	-5.727728590078996	3	3
SCTR	0.7025543636257118	2.9779242079587784	4	4	0.09141189583165793	1.5864996233544446	4	4
SCYL1	0.27358719493956263	-1.1612538478426089	2	2	0.15396835366316636	-9.033649264246298	2	2
SCYL2	0.509054478717973	3.8279576642535034	3	3	0.37979324589522423	-1.7571894897648768	3	3
SCYL3	0.5510397247543231	3.2264231033501933	3	3	0.8025714579867083	-4.145152463875278	3	3
SDF2	0.5132711059909847	-0.6084975889315283	2	2	0.9434862146926926	-3.8436982918911835	2	2
SDHA	0.12526774628518234	11.17208100871791	4	4	0.5913793552115143	-1.788568363797353	4	4
SDS			0	0			0	0
SDSL	0.01863478408479949	10.843069844383825	3	3	0.2207788947635121	1.0351906204819208	3	3
SEC14L2	0.5771079524307205	6.329738656170953	5	5	0.3070318124204119	-4.523175736751699	5	5
SEC14L3	0.41554786836236957	3.592385359741899	3	3	0.12867300168593648	-8.724820053778508	3	3
SEC14L4	0.5244061020188673	7.109181048781228	5	5	0.570385844452308	-3.360443321749895	5	5
SELE	0.2948322834067959	-1.1361822430776929	2	2	0.7230059644416609	-3.8282379214921245	2	2
SELP	0.5867985246541945	-0.22729385349531173	2	2	0.8315870510040755	-3.9922877333832676	2	2
SEPSECS			0	0			0	0
SERPINA1	0.9900792646321629	6.4738372636653265	7	7	0.4383041828410795	-9.6034517455096	7	7
SERPINA5	0.5946601912841968	-0.4883385459239917	3	3	0.3330302479966122	-1.3645945360469323	3	3
SERPINB2	0.06373501532801559	-1.6555340683109823	4	4	0.15816331195757294	-9.333610446928558	4	4
SERPINB3	0.36504065342345127	-1.1281628838255537	2	2	0.30959435554834125	-8.500850914166858	2	2
SERPINB6	0.2171378839170176	6.860636395157466	4	4	0.3272878386591217	-1.5760129722691492	4	4
SERPINC1	0.807097055911814	4.705571604753997	2	2	0.9937154959012978	-3.8484210143317035	2	2
SERPIND1	0.13525077837193752	-1.2156430209593558	3	3	0.7534235347349099	-2.954138838204004	3	3
SFTPA1	0.5463415800388045	-0.6115693689875755	4	4	0.5317158607334982	-2.1918230421093483	4	4
SFTPD	0.9642065588722244	2.927049455631805	3	3	0.4688088385010125	-5.6806832012534265	3	3
SGK1	0.5611639214856028	3.3642902788854703	4	4	0.31115669656083966	-1.6364168544961817	4	4
SGK2	0.3567606904452848	8.206745189558948	2	2	0.5760018349684444	-4.391725304972892	2	2
SGK223	0.44832238284022163	3.591062741387564	4	4	0.46168373340046287	-1.6475866915227224	4	4
SGK3	0.8447241937920983	10.673575607017805	10	10	0.8179249206488148	-9.430879706522033	10	10
SGK494	0.807097055911814	4.184693882412207	2	2	0.36504065342345127	-4.7915716916991995	2	2
SGPL1	0.6223214530405292	5.846536433723526	4	4	0.20501909086013947	-0.6095414574783821	4	4
SGPP1	0.9642065588722244	2.9083013523966925	3	3	0.2960425312390439	0.8291350030662014	3	3
SH3KBP1	0.9338386403809925	3.0765441291282283	4	4	0.5172912259372366	-8.382557440418024	4	4
SHARPIN	0.9018173247317224	5.120182897346464	5	5	0.4472935738293652	-9.552331009382643	5	5
SHMT1	0.6392193319866875	6.282318548692024	5	5	0.653394122471612	-4.987478993955252	5	5
SHMT2	0.37343960908730933	5.09611042095742	2	2	0.7230059644416609	-4.432881707174276	2	2
SHPK	0.2960425312390439	-0.8796270970840219	3	3	0.2729720342176537	1.021475938030132	3	3
SI	0.1933996923515109	-1.3696423574582017	4	4	0.002559170212089961	-10.437915277324919	4	4
SIGLEC1	0.5008631613936626	3.468288653084379	3	3	0.8324535573993369	-2.08380863992517	3	3
SIGLEC7	0.07206855107948174	-1.843005686223855	4	4	0.3553575854222425	-8.91821272387775	4	4
SIGMAR1	0.7273384694317897	3.254260144202562	4	4	0.9955841983893235	-2.7940831385519833	4	4
SIK1	0.7440230356089503	2.85058460634151	4	4	0.5611639214856028	-5.693928128150694	4	4
SIK2	0.1692881450557	10.499942536597633	1	1	0.2406558158041382	1.6821949615222185	1	1
SIK3	0.23429904473618135	-1.2397002378060922	2	2	0.10637772470793427	-9.273511062405646	2	2
SIRPA	0.37887450011114443	-0.9310394853655737	4	4	0.11990545146217382	1.6989287952736307	4	4
SIRPD	0.905950320636913	3.9186646231990547	2	2	0.9560302952092635	-3.773090087659005	2	2
SIRT3	0.1931253343851519	6.400113638226974	3	3	0.24590561263095378	-6.1414599976392426	3	3
SKP1	0.7587025380471828	0.18087982376804712	2	2	0.11701390891099898	2.743400030190492	2	2
SKP2	0.059128662816697805	10.200425516404499	4	4	0.4417249336735335	-2.1942105477901994	4	4
SLC12A1	0.8261286199203182	10.611865211150592	7	7	0.858548348480541	-8.811333511371181	7	7
SLC12A2	0.009856723742562884	10.745369975596027	5	5	0.19776669585372164	1.759164688107109	5	5
SLC12A3	0.349625416507229	8.81243381242537	4	4	0.9779236967350914	-2.6197598714284935	4	4
SLC12A4	0.08326326520999233	-1.6922078833694225	5	5	0.6112656296582326	-1.6464494136181103	5	5
SLC12A5	0.8258375768012532	5.368161188211414	6	6	0.3298199269621632	-3.3810902621633065	6	6
SLC12A6	0.1170572352942994	-1.790818287059573	6	6	0.702678378011542	-8.603535045894098	6	6
SLC12A7	0.9560302952092635	0.08633471949722349	2	2	0.6763444760601476	-3.0860368790984927	2	2
SLC13A1	0.699533384968384	2.2664781217869745	2	2	0.9309561342645262	-0.3436068170049519	2	2
SLC13A2	0.23429904473618135	5.675182930946471	2	2	0.03153187009253296	3.1687814380707415	2	2
SLC13A3	0.6676951074926976	2.5542719785140133	5	5	0.14276072580841345	-1.0765314385925062	5	5
SLC16A1	0.9567112752181224	6.095677336884474	5	5	0.013060226979769059	-9.730994343055317	5	5
SLC16A2	0.09141189583165793	8.065484336377006	4	4	0.2254982751553527	-0.7967161159778513	4	4
SLC16A3	0.15492623340715744	-1.3533274624600107	4	4	0.44832238284022163	-5.9937113264962285	4	4
SLC16A4	0.6863014442519328	2.286862407852901	3	3	0.022099717597582766	-9.675329045169162	3	3
SLC16A5	0.9811480471341884	4.49073044350983	2	2	0.30959435554834125	1.312560687094057	2	2
SLC16A6	0.8324535573993369	2.4208191788878426	3	3	0.6675430376707338	-5.43109257718367	3	3
SLC16A7	0.5132711059909847	4.906072254539041	2	2	0.15856905608243255	1.5269924499824121	2	2
SLC16A8	0.057663688326966445	-2.2238186802875726	2	2	0.11337944232155323	-9.304138235816293	2	2
SLC18A1	0.21126201859549598	1.3671134034719816	3	3	0.2729720342176537	-6.129198448689665	3	3
SLC18A2	0.563701279109148	5.533167693664261	5	5	0.45024924024571233	-9.127881816726559	5	5
SLC19A2	0.953989943868534	2.380639452911654	3	3	0.37287612734146225	-1.4838121905881791	3	3
SLC19A3	0.5611639214856028	2.1815706549207463	4	4	0.7107821853940397	-5.023507518720364	4	4
SLC1A1	0.9948849700283554	2.450993955990357	3	3	0.714801909064076	-2.2523835757782753	3	3
SLC1A2	0.22565096590422873	-1.0741185103226314	3	3	0.03960343661678779	-9.419083096375244	3	3
SLC1A3	0.4767143993899181	2.120381263883157	3	3	0.5946601912841968	-1.9724371403006344	3	3
SLC1A4	0.862877559424417	5.540581791202235	5	5	0.377074122525659	-9.161171779026235	5	5
SLC1A5	0.4237523539300838	10.172823634418855	7	7	0.9240541123816033	-8.994372786336891	7	7
SLC1A6	0.2904781656185249	6.373964744975983	4	4	0.9867531361654316	-5.267654879844486	4	4
SLC1A7	0.8637780629535432	4.389303020313693	4	4	0.8637780629535432	-2.3847049893604626	4	4
SLC22A11	0.0994406728400711	-1.3581323077616843	3	3	0.8324535573993369	-2.5447892914179464	3	3
SLC22A4	0.7340286013566418	5.583357937331653	3	3	0.7052551253773022	-3.0158985667352276	3	3
SLC22A5	0.384900117571482	2.0844950580187764	4	4	0.26595873418383764	-0.1643523046508378	4	4
SLC22A6	0.23048246869304512	9.951821457827727	5	5	0.7483987531334202	-9.136420028981947	5	5
SLC22A8	0.44485275595066687	4.645662230445323	2	2	0.4263049957321291	0.6203817214656151	2	2
SLC23A1	0.1494312667227473	10.963148643136531	1	1	0.5096964137086636	-8.334303065307902	1	1
SLC25A10	0.639793757576989	2.3338807676660216	3	3	0.6125394623899066	0.12687886159638692	3	3
SLC25A12	0.8676214537933274	2.9344613856677544	3	3	0.19754850877304286	-0.9527888203045126	3	3
SLC25A13	0.28296734082699304	1.8124526692235186	4	4	0.04453791994452939	-10.214570204605705	4	4
SLC25A15	0.48213634186935994	5.529821657513664	4	4	0.9779236967350914	-5.357505043679051	4	4
SLC25A18	0.5388113411450413	-1.1408246021649546	1	1	0.9732565186484019	0.045685070003815	1	1
SLC25A2	0.5867985246541945	3.276671725143161	2	2	0.18838153206022834	-5.442696859180431	2	2
SLC25A20			0	0			0	0
SLC25A22	0.11775179053018435	9.88185619713967	5	5	0.4043070335442932	-1.9602474878937322	5	5
SLC25A29	0.6699985902759191	6.027788904280821	4	4	0.7356651658540911	-2.451434420467068	4	4
SLC25A4	0.5317158607334982	5.989765743046019	4	4	0.5317158607334982	-2.019589975025701	4	4
SLC25A5	0.7707209794848073	3.999798733031783	2	2	0.27358719493956263	-8.611776444498306	2	2
SLC25A6	0.1345914108737743	10.045492764403333	7	7	0.9834661984477937	-9.802984411207317	7	7
SLC29A1	0.0002611244791144861	11.483013907673822	9	9	0.5015250398620226	-8.426843419242147	9	9
SLC2A2	0.12234656030806688	6.460929188658942	3	3	0.9948849700283554	-4.525477878348153	3	3
SLC32A1	0.1972178342684715	-1.2734078589949434	4	4	0.04395407221622417	-9.341654955465494	4	4
SLC36A1	0.951455921838272	2.994744427091449	4	4	0.7862477284805949	-6.050461514118059	4	4
SLC38A3	0.6619526968930883	5.46610218812951	4	4	0.5686473614873404	-5.93733099540583	4	4
SLC3A1	0.18449805094016147	6.473697452262841	3	3	0.10481872865204944	1.4606905197347	3	3
SLC5A6	0.6768971859550865	2.2273305051533616	3	3	0.06392302239593674	-9.027854447176463	3	3
SLC6A1	0.3592778465374553	-0.771975245043123	3	3	0.4379233181869481	-5.725346518833498	3	3
SLC6A14	0.3203828661805692	6.131834698292461	3	3	0.21126201859549598	-8.184496203577995	3	3
SLC6A2	0.9867531361654316	5.475642124543614	4	4	0.10023380330295228	-9.43128479261613	4	4
SLC6A3	0.1420853798910485	6.832688587472194	3	3	0.7340286013566418	-5.030325402772321	3	3
SLC6A4	0.8204929418465725	5.630427867863204	4	4	0.4158976444658756	-2.036502936313603	4	4
SLC6A5	0.430388895180718	6.045140602677698	3	3	0.261910456683636	-5.7155533886233725	3	3
SLC6A7	0.19754850877304286	-1.185671446910537	3	3	0.4082421376484595	-5.694264304646233	3	3
SLC6A8	0.3141784886638983	6.111844701208511	3	3	0.5596366575132491	-5.4892990007144284	3	3
SLC6A9	0.9690969612980223	-0.027073700617386304	4	4	0.2565617992203223	-1.5576089489461573	4	4
SLC7A1	0.11042516887470057	9.058088864344976	3	3	0.060332001534309725	1.6455713531322396	3	3
SLC7A11	0.194352729310315	2.363433065989111	5	5	0.9645762041869574	-5.07101008285373	5	5
SLC7A2	0.5337797266232922	4.8870335429351295	2	2	0.0934051197403108	-9.429743675890482	2	2
SLC7A3	0.9233921096059854	3.0600264558809376	3	3	0.6035700677590778	-2.1241506282192995	3	3
SLC7A4	0.3567606904452848	-0.8759519590035598	2	2	0.7949210125777597	-4.102309986683356	2	2
SLC7A8	0.06764587635340273	-2.1396663210738653	2	2	0.07378013563161914	-9.513472757350112	2	2
SLC7A9	0.6699985902759191	3.8269027358192047	4	4	0.5030718809833215	-1.9163434316257313	4	4
SLC8A1	0.5837557146690224	4.5782981724345175	4	4	0.7107821853940397	-3.973231833556993	4	4
SLC9A1	0.7777478678258648	6.330865296640408	4	4	0.6943612463275022	-5.415496962210188	4	4
SLCO2B1	0.5761781687565709	3.5908284055348503	4	4	0.44832238284022163	-2.0918090806474137	4	4
SLK	0.27558994430748396	1.9069238852535708	4	4	0.9602740100603963	-5.15122547058094	4	4
SMG1	0.38782876662563726	4.5028600915157115	5	5	0.14821960124068614	-3.634478087639702	5	5
SMOX	0.10239223617850408	10.77324080571296	5	5	0.06283483367187531	0.4371677575738662	5	5
SMPD1	0.5030718809833215	2.4794227319499136	4	4	0.7777478678258648	-4.78105952639335	4	4
SMPD4	0.08009349700851479	7.28577408304544	3	3	0.6035700677590778	-1.955809502163955	3	3
SMS	0.9642065588722244	2.607561758679426	3	3	0.9233921096059854	-2.3240299747211832	3	3
SNAP23	0.5760018349684444	-0.7087144580679929	2	2	0.5760018349684444	-2.7032162904859636	2	2
SNAP25	0.46385236718594713	-0.8702713171526328	2	2	0.1831445490903173	-9.036037987139544	2	2
SNRK	0.15816331195757294	9.175533749516273	4	4	0.2297636067750426	-1.7332494533285612	4	4
SNRPA	0.8844962782287954	-0.1584895971456195	1	1	0.13721505064511458	2.7864076881766886	1	1
SNX3	0.36650535521352146	7.081065995324273	5	5	0.27114733494959664	-1.9561176844431911	5	5
SOAT1	0.5837557146690224	5.9941434317804125	4	4	0.5913793552115143	-2.0998218224863803	4	4
SOAT2	0.9948849700283554	2.9196058606727227	3	3	0.9846557509119103	-2.64820024021368	3	3
SOD1			0	0			0	0
SORCS3	0.5463415800388045	6.089748153292461	4	4	0.05074280801661997	-9.45998254466051	4	4
SORD	0.09428508904027764	9.371153454378645	3	3	0.6768971859550865	-4.72588136623743	3	3
SPEG	0.45619295673735516	10.670736596098285	5	5	0.9960627447354083	-4.9634963339480835	5	5
SPHK1	0.1280180810790098	1.757074100548876	4	4	0.9690969612980223	-5.342320409733179	4	4
SPHK2	0.3199536685890044	-1.5596502671996486	1	1	0.5687370807561141	-7.847000035956027	1	1
SPHKAP	0.12234656030806688	7.290705391097167	3	3	0.01133301169195682	2.783129276657748	3	3
SPINK6	0.968585275497194	3.6881941683247463	2	2	0.6308940151440023	-3.9305844275576574	2	2
SPIRE2	0.7729753211775603	2.33907960822332	3	3	0.714801909064076	-1.9589797528718744	3	3
SPR	0.653458536354288	2.9053195420885927	2	2	0.28054944483051936	-4.878456371537343	2	2
SPRYD3	0.6106354856383345	2.241250777469211	4	4	0.8291107692840998	-5.25913072786303	4	4
SPTBN1	0.37343960908730933	-0.9040293667169017	2	2	0.9434862146926926	-3.3339584295077906	2	2
SPTLC1	0.8827784086677047	2.898754834428166	3	3	0.8625797821980141	-4.725863571920121	3	3
SPTLC2	0.8132027073988898	-0.17756315497754516	2	2	0.8562416738526271	-4.050246699291159	2	2
SPTLC3	0.21482833735175744	-1.7092192533676211	1	1	0.1692881450557	-9.583381424792975	1	1
SQLE			0	0			0	0
SRC	0.3553575854222425	9.40173747282374	4	4	0.27558994430748396	-9.41469310343136	4	4
SRMS	0.9602740100603963	2.7368695420215494	4	4	0.496040435444444	-1.7078180739726079	4	4
SRPK1	0.807097055911814	3.8024935637282784	2	2	0.968585275497194	0.009976752076743173	2	2
SRPK2	0.4158976444658756	1.8761498571275375	4	4	0.3327834392297607	-5.961969885508534	4	4
SRPK3	0.21598271433566663	6.654646738403488	3	3	0.03720525570381228	2.0640530255651774	3	3
SRR			0	0			0	0
SSB	0.646833967708627	-0.7802348869084863	1	1	0.41463911103700135	1.113422634220967	1	1
SSH2	0.6301653783910885	5.050540577608592	4	4	0.6780825252478184	-2.2478676960713053	4	4
SSH3	0.7947731413669984	5.818599976424231	4	4	0.8033231357098927	-2.485839997323615	4	4
SST	0.48213634186935994	2.3881341818878847	4	4	0.04113178815008673	-9.62295498283614	4	4
SSTR1	0.4865641624881364	9.541204434795384	5	5	0.6462906771979622	-2.0681829255698037	5	5
SSTR2	0.27074498725608287	0.9239107127912813	4	4	0.7440230356089503	-5.857910389094332	4	4
SSTR5	0.7498493743285272	2.525988719905562	6	6	0.9248675200081908	-7.792567813687405	6	6
ST14	0.08683784439772238	11.002801265372604	5	5	0.9881886176926634	-5.302138372747997	5	5
STK10	0.4010134616450324	3.7688618445867963	3	3	0.251162555499317	-1.084458673575606	3	3
STK11	0.21471688842174363	10.581937250375992	8	8	0.7077234332572413	-8.77656944280289	8	8
STK11IP	0.321851504010483	-1.0927504987223073	4	4	0.5030718809833215	-9.052120354249304	4	4
STK16	0.1680815597136518	9.278065520689932	2	2	0.4735190654767256	-4.510445187849968	2	2
STK17A	0.48040383602307324	9.134908335969927	5	5	0.16555364017251184	-9.331002356744797	5	5
STK17B	0.6251750951429395	2.2788842450180025	5	5	0.3459286241930909	-4.388543783674405	5	5
STK19	0.46844691159497365	3.7129404182367733	4	4	0.48906177162890974	-1.282162418131921	4	4
STK24	0.05365074361838078	7.728399822185078	3	3	0.953989943868534	-4.475501981739556	3	3
STK25	0.43518342317727465	6.269855817472568	4	4	0.9867531361654316	-4.591181147813585	4	4
STK3	0.13193012715932934	7.193544399124581	3	3	0.4846924179863771	-1.8891739928931646	3	3
STK31	0.16145135396425114	7.156986309202618	4	4	0.8377492101519326	-7.912953983079288	4	4
STK32A	0.7947731413669984	3.082349903821758	4	4	0.9162537046444287	-5.348677007980769	4	4
STK32B	0.43518342317727465	2.0647805139211246	4	4	0.17162515968070724	-10.091908118112135	4	4
STK32C	0.2808710209537778	9.748569525663369	8	8	0.2774369899298341	-9.847610509658923	8	8
STK33	0.8940073590079448	6.018725335470876	5	5	0.7334875506480639	-7.109950890230512	5	5
STK35	0.26475232094191126	-1.0615469170260663	5	5	0.4155216663675966	-9.162805089418406	5	5
STK36	0.2047540921823684	5.7044855367489005	2	2	0.8562416738526271	-3.770049478745886	2	2
STK38	0.07564277551359934	0.9671486219270123	4	4	0.003295129561314244	-10.17148333397591	4	4
STK38L	0.90747603745455	5.519147463533312	4	4	0.10489254768076661	1.6924336022335542	4	4
STK39	0.20109086452150227	9.286698363293395	4	4	0.13365937136067832	-1.3735943074722696	4	4
STK4	0.37887450011114443	2.1623500292381004	4	4	0.21304231637746363	-9.354589513693718	4	4
STK40	0.21598271433566663	-1.0735092238264297	3	3	0.11042516887470057	-6.84235297832722	3	3
STMN4	0.5008631613936626	5.571302412035213	3	3	0.9335810502016108	-2.9079502429498643	3	3
STRADA	0.4650581469093008	1.729407854327978	4	4	0.48906177162890974	-6.234536734853748	4	4
STRADB	0.18029291087097732	-1.2217029585815962	3	3	0.2538198605899247	-6.049431457427314	3	3
STYK1	0.13193012715932934	-1.364627157986248	3	3	0.9590973799236262	-2.607017377614079	3	3
STYXL1	0.08731445315988665	12.40085465635578	1	1	0.13721505064511458	2.770139540003526	1	1
SUCLA2	0.18877535107474197	-1.181265478793721	3	3	0.7340286013566418	-5.130446040446169	3	3
SUCLG1	0.9948849700283554	2.5128144850533025	3	3	0.08009349700851479	1.4781105225253917	3	3
SUCLG2	0.13863563782181343	0.8290029816176716	3	3	0.01511187259604176	-9.981139649589045	3	3
SUCNR1	0.6067622680548863	4.3200849425482595	4	4	0.614520176712387	-7.161387487068166	4	4
SULT1A1	0.23059931506087805	-1.1922027943832667	3	3	0.21598271433566663	-6.148530067457316	3	3
SULT1B1	0.39712585814726875	2.7085209581682985	4	4	0.8377492101519326	-2.681857839107336	4	4
SULT2A1	0.3525970933298672	-0.8394449884949289	3	3	0.46097636493522	-3.378251633830258	3	3
SUOX	0.9162537046444287	2.697022328151754	4	4	0.5837557146690224	-5.991740015137645	4	4
SV2A	0.04944697022111841	-1.7822042831594551	4	4	0.6862036866249916	-2.0925295322181694	4	4
SYK	0.6436944051574478	8.897193206941296	6	6	0.37633834435226077	-10.3402827185066	6	6
SYN1	0.07564277551359934	9.647073963644845	4	4	0.21304231637746363	-1.3125668855367152	4	4
SYNC	0.032208086700446316	-1.8161756132502205	4	4	0.28296734082699304	-8.844805161018959	4	4
SYT2	0.846407252927595	2.26586791467547	4	4	0.8637780629535432	-5.5473501733144275	4	4
SYTL4	0.6301653783910885	2.503804270989234	4	4	0.045724926609742846	2.145058077122545	4	4
TAAR1	0.3266667946891344	6.798730478102634	3	3	0.4767143993899181	-1.7852004222469855	3	3
TAB1	0.905950320636913	4.363851036169899	2	2	0.45429657353652386	-4.583079505163592	2	2
TAB2	0.8625797821980141	2.704517530262794	3	3	0.3592778465374553	-5.873174401105977	3	3
TACR1	0.6125394623899066	-0.5166259922231667	3	3	0.3330302479966122	-1.580143532913284	3	3
TAF1	0.39059281804531476	-1.000377543927045	2	2	0.7707209794848073	-4.183458347683958	2	2
TAF1L	0.30215333471190553	-1.2628776314328265	2	2	0.15396835366316636	-9.13616305105916	2	2
TAOK1	0.8899556151060655	5.546615458595402	4	4	0.42226948296545663	-3.5347859638897297	4	4
TAOK2	0.893480726925582	4.023641835316772	2	2	0.9811480471341884	-3.5672758317484017	2	2
TAOK3	0.16555364017251184	7.690398523172661	5	5	0.15383650645282226	-0.7196431624301521	5	5
TAP1	0.7534235347349099	2.346174330523638	3	3	0.20661638328745013	1.0672386716557445	3	3
TARS			0	0			0	0
TARS2			0	0			0	0
TAS1R2	0.9554423670572729	-0.05048694702352563	1	1	0.5687370807561141	-7.9237723666498585	1	1
TAT	0.8827784086677047	2.46798252964224	3	3	0.9335810502016108	-2.474558230814376	3	3
TBCK	0.13525077837193752	-1.5516281763338349	3	3	0.892907228662779	-2.4759117684628262	3	3
TBK1	0.4688088385010125	2.230586426461073	3	3	0.37287612734146225	-5.934727304664265	3	3
TBXA2R	0.384900117571482	6.98308734201116	4	4	0.1972178342684715	-1.118842812825699	4	4
TBXAS1	0.1584294505602617	-1.2816422216762267	3	3	0.6443848675008808	-5.359910315990628	3	3
TCN1	0.38328082748248893	7.141503703917546	3	3	0.8424706057740473	-1.2608506697599255	3	3
TEC	0.17162515968070724	7.08320396863602	4	4	0.5172912259372366	-1.9229460769085058	4	4
TEK	0.5687370807561141	-1.0111893217483576	1	1	0.37734133666578695	-8.88447474137469	1	1
TENC1	0.6251750951429395	9.099658614368268	5	5	0.5771079524307205	-5.432654812465124	5	5
TESK1	0.05363755832895515	-2.0448791947978737	2	2	0.26001946800884035	-5.138954257789873	2	2
TESK2	0.972444581173698	3.025070766183463	5	5	0.04356347989705766	-0.5890699060594048	5	5
TEX14	0.6957112086212667	0.7930862073772733	1	1	0.42754042654013946	-8.665161712970214	1	1
TF	0.8963847777626678	6.215952952452334	6	6	0.13481137298306717	-2.047936915681451	6	6
TFF2	0.812502426299867	3.3766809239245315	3	3	0.2960425312390439	-1.40529964703469	3	3
TFPI	0.17512092078916863	-1.4458378003772505	4	4	0.018118126755231893	-9.767876213485767	4	4
TGFBR1	0.553675186535875	-1.093741814107469	1	1	0.9376504461016588	-0.06142533409385548	1	1
TGFBR2	0.46168373340046287	1.5202874191444895	4	4	0.5244781388817298	0.21099360609250564	4	4
TGM2	0.3141784886638983	6.487154719811514	3	3	0.9642065588722244	-2.4154614010107323	3	3
TH	0.505298553082802	9.08200017074446	5	5	0.7634046573544134	-4.997154944905535	5	5
THNSL1	0.6862036866249916	5.9175784432568035	4	4	0.6539456471479708	-2.367677473120224	4	4
THRA	0.3612909419049163	9.962787823049203	5	5	0.9645762041869574	-8.47862370652887	5	5
TIE1	0.3272878386591217	6.274057701826773	4	4	0.4286981716638256	-2.3386631539852814	4	4
TK1			0	0			0	0
TK2	0.9779236967350914	3.0804405630473597	4	4	0.03898580032891908	1.8919962252460534	4	4
TLK1	0.2904781656185249	10.041480052072146	4	4	0.8291107692840998	-5.800206929253744	4	4
TLK2	0.8987096549140207	2.5659199020004477	4	4	0.7692745210169614	-4.921217854646026	4	4
TLL2	0.017152145479158238	10.021713897948485	5	5	0.972444581173698	-0.3182641315309539	5	5
TLR2	0.5030718809833215	7.633667162634514	4	4	0.42226948296545663	-0.23750297953549934	4	4
TLR7	0.10759303319319459	-1.504912179309769	3	3	0.1565463502920705	-8.712358762329924	3	3
TLR8	0.1987584948761255	-1.8140657174354757	1	1	0.5241502651788619	0.8313020186115818	1	1
TMLHE	0.6768971859550865	3.081781109141987	3	3	0.3330302479966122	-6.011741881778046	3	3
TMPRSS15	0.968585275497194	5.282959758220079	2	2	0.493180551416013	-2.3285673143976977	2	2
TNFSF11	0.18449805094016147	6.384576346388921	3	3	0.892907228662779	-3.392842836254489	3	3
TNFSF13B	0.5974950082873371	2.284477853943617	5	5	0.9803156409971834	-8.871718434210479	5	5
TNIK	0.04057228330796049	11.19124529686191	5	5	0.6676951074926976	-8.784105686192307	5	5
TNK1	0.3592778465374553	5.789915224063815	3	3	0.2207788947635121	-5.981290184596889	3	3
TNK2	0.864422128464929	10.42826436992963	9	9	0.2208399916349133	-9.708771847591011	9	9
TNNC1	0.3248366047348328	-1.1804984490397956	2	2	0.09036871389188784	-9.553324350124516	2	2
TNNC2	0.1021015210805656	7.127905872872144	3	3	0.4767143993899181	-5.518838299150431	3	3
TNNI3	0.1494698221063108	-1.7156931129854938	2	2	0.493180551416013	-5.349088400597276	2	2
TNNI3K			0	0			0	0
TOP1MT	0.38678869651065917	6.464701778399697	3	3	0.6035700677590778	-4.9066654920239925	3	3
TP53RK	0.1314031367606553	11.366606501420785	1	1	0.4676187164013438	1.0731033434099286	1	1
TPD52L3	0.7273384694317897	3.1416481012760813	4	4	0.5537284618522589	-8.504031890492614	4	4
TPH1	0.807097055911814	4.171521167269289	2	2	0.6648624615456817	-3.995463242521721	2	2
TPI1	0.2876310546352788	5.4191222552499605	2	2	0.4735190654767256	-2.333478935400247	2	2
TPK1	0.37287612734146225	4.300001604101175	3	3	0.3266667946891344	-0.7702354323706345	3	3
TPMT	0.5546943436543996	2.999096767435163	2	2	0.5337797266232922	-4.478343717053767	2	2
TPSAB1	0.16647950935776756	-1.2483526638346045	4	4	0.7692745210169614	-5.1399651015453145	4	4
TPSB2	0.9937154959012978	-0.03148505717307781	2	2	0.48329552919622676	-4.494705605134098	2	2
TPTE	0.8637780629535432	0.5493081277815118	4	4	0.04113178815008673	1.9155078647404806	4	4
TPTE2	0.6462906771979622	9.94505449100979	5	5	0.5974950082873371	-9.480204688676748	5	5
TRAF3IP3	0.497713332741741	8.184279347198796	6	6	0.24662122321582702	-9.51281490862621	6	6
TRAPPC1	0.14322325140518916	10.997335369898124	1	1	0.23181417134772242	1.731564567187716	1	1
TRAPPC2	0.23408601672889773	7.683385811807274	4	4	0.40332558559854215	-1.9828929956169141	4	4
TRAPPC3	0.1680815597136518	-1.7694101398403603	2	2	0.046287247705826325	-10.143237315046377	2	2
TRAPPC4	0.9911685253140002	2.788274705542205	4	4	0.5101556395102649	-8.140722296259552	4	4
TRAPPC5	0.4532175785706196	-0.46139620583500623	3	3	0.2960425312390439	-1.2418439650324766	3	3
TRAPPC6A	0.21043516556595143	-1.284287064585686	2	2	0.5976880451210425	0.5302735627489166	2	2
TRAPPC6B	0.807097055911814	-0.34144030424792415	2	2	0.0934051197403108	2.1235435240047797	2	2
TRDMT1	0.7707209794848073	-0.3000742806629728	2	2	0.09036871389188784	1.9173986354837034	2	2
TREM1	0.8686233887448216	3.559109822138793	2	2	0.8686233887448216	-4.079200506782974	2	2
TRIB1	0.4010134616450324	2.009047070921426	3	3	0.1254787118256875	-8.76801062463901	3	3
TRIB2	0.7860794998355147	2.742235740881799	5	5	0.7558901951357487	-7.403343115213993	5	5
TRIB3	0.23429904473618135	5.402375531575858	2	2	0.8562416738526271	-3.987699917942118	2	2
TRIM24	0.1314031367606553	11.309244781193193	1	1	0.42754042654013946	1.1013671956286502	1	1
TRIM28	0.9779236967350914	5.873913810932255	4	4	0.34395228517025545	-1.604483416976936	4	4
TRIM33	0.846407252927595	3.116714829478004	4	4	0.9867531361654316	-5.427833275624178	4	4
TRIO	0.8987096549140207	3.1471098862975495	4	4	0.5837557146690224	-5.529329919783187	4	4
TRPA1	0.2538198605899247	-1.0986396774513352	3	3	0.251162555499317	-6.236438015213948	3	3
TRPM6	0.1987584948761255	-1.7473009975464038	1	1	0.48142685985522826	0.9709359293979991	1	1
TRPM7	0.20204536642155835	-1.2775930776400155	3	3	0.7437057424127969	-2.844380720396057	3	3
TRPM8	0.21598271433566663	-1.1123220290196283	3	3	0.9948849700283554	-2.595886896918985	3	3
TRPV1	0.570385844452308	5.9966353435189275	5	5	0.12245718055434548	-1.607812036054679	5	5
TRPV3	0.9784152714945952	9.543858507684687	8	8	0.17736196070298393	-1.5330148080263462	8	8
TRRAP	0.5096964137086636	-1.1940195028772482	1	1	0.3536646179116094	-9.067304922503581	1	1
TSKS	0.30959435554834125	-1.2529677186483932	2	2	0.6086684693571149	0.5266814375496093	2	2
TSPO	0.27558994430748396	-0.9874955037522971	4	4	0.26595873418383764	-9.194235398876918	4	4
TSSK1B	0.2729720342176537	1.7025537229494134	3	3	0.3266667946891344	-5.816725345781996	3	3
TSSK2	0.5537284618522589	6.591705626925614	4	4	0.11220110188298406	-9.867924749456087	4	4
TSSK3	0.5770232054055706	2.1663650557168705	3	3	0.7052551253773022	-2.844212390038648	3	3
TSSK4	0.5388113411450413	-1.1468809020850497	1	1	0.36538324271088385	-9.020166321711383	1	1
TSSK6	0.2843489595342069	6.252074229199503	3	3	0.14918216588050706	1.1145697041857379	3	3
TST	0.04548234873222241	-1.7031477769592485	3	3	0.714801909064076	-5.363018217844798	3	3
TSTA3	0.4735190654767256	3.8844006628292838	2	2	0.37343960908730933	0.7765658433022539	2	2
TTBK1	0.5611639214856028	7.724068749511576	4	4	0.40332558559854215	-6.221338091102972	4	4
TTBK2	0.6699985902759191	0.6839356824414429	4	4	0.7025543636257118	-3.646297203781941	4	4
TTK			0	0			0	0
TTN	0.7876173493946396	5.630103264451726	7	7	0.749618556161363	-8.513735790470777	7	7
TUB	0.2171378839170176	-1.1972162514113294	4	4	0.04224178399099027	-9.50748896523729	4	4
TUBA1B			0	0			0	0
TUBA3C	0.1494698221063108	-1.8198813629229873	2	2	0.036862568871513166	-10.193460206155791	2	2
TUBA4A	0.6675430376707338	1.8407549875933735	3	3	0.37979324589522423	0.9032858753289453	3	3
TUBA8	0.4263049957321291	5.380106952136327	2	2	0.6763444760601476	-4.020104152409328	2	2
TUBB	0.4229302614645546	6.4930555785108055	3	3	0.04759889585810888	2.072024357772091	3	3
TUBB1	0.31335950234153587	5.401239563278267	2	2	0.26001946800884035	1.0732829284073881	2	2
TUBB2B	0.5384077338330884	4.854477518395918	6	6	0.21685438059943474	-2.1645297139251394	6	6
TUBB3	0.6634215158168552	5.922914863531671	7	7	0.4237523539300838	-8.77666776475912	7	7
TUFM	0.893480726925582	4.0728279925201365	2	2	0.4355219180532939	-4.64683603043943	2	2
TWF1	0.6421349797380504	-0.5564788463350645	2	2	0.48329552919622676	-4.922289095228412	2	2
TWF2	0.1314031367606553	11.277724516146378	1	1	0.1692881450557	2.2789280470678444	1	1
TXK	0.4836429926527509	9.488723823917802	7	7	0.45313919490861054	-9.203097287670142	7	7
TXNDC12	0.6306524332615491	3.2124741458213535	3	3	0.892907228662779	-4.841829491309414	3	3
TXNRD1	0.5317158607334982	5.977358613528678	4	4	0.6459782297226009	-4.9220248743326405	4	4
TYK2	0.9560302952092635	0.04835738241092091	2	2	0.9560302952092635	-3.5054084504769376	2	2
TYR	0.9294389859939228	3.7769837021809516	4	4	0.5244781388817298	-4.760492124024348	4	4
TYRO3	0.5504465174527848	4.4109405418563625	5	5	0.7709414763919682	-4.916894312784919	5	5
TYROBP	0.5974950082873371	3.394355842274651	5	5	0.6821177903882516	-8.181553215444888	5	5
UAP1	0.43518342317727465	6.678024472781303	4	4	0.04004660177616983	1.7408669803121608	4	4
UBA1	0.37287612734146225	-0.8745526823881947	3	3	0.7437057424127969	-2.1227672560772355	3	3
UBC	0.14918216588050706	-1.2987081084067444	3	3	0.9744290538613658	-2.4765268022950457	3	3
UCK1	0.2297636067750426	1.2344229539151188	4	4	0.42226948296545663	-5.82806107358937	4	4
UCK2	0.44485275595066687	-0.9043142429792237	2	2	0.8562416738526271	-3.5608069420303092	2	2
UCKL1	0.0606324026493992	-1.6853527377670698	4	4	0.5030718809833215	-3.28517596351132	4	4
UGCG	0.7767509379010317	-0.2698309958102021	2	2	0.4082163035057116	0.772259165491021	2	2
UGDH	0.059128662816697805	-1.7691291153886144	4	4	0.34395228517025545	-5.9468008713444895	4	4
UGP2	0.23846573220900935	7.30398643342173	4	4	0.44832238284022163	-0.5449702621351233	4	4
UGT1A9	0.3486000596644482	-1.0837731732972822	2	2	0.8562416738526271	-3.5639237790993814	2	2
UGT3A1	0.892907228662779	3.1514492141633688	3	3	0.20661638328745013	-6.251042769259758	3	3
UHMK1	0.17162515968070724	9.553097791230224	4	4	0.599048431124819	-5.472214369423501	4	4
ULK1	0.08503536623268451	-1.5934024172601529	5	5	0.25023837267708005	-9.267634258203891	5	5
ULK2	0.14560067035378416	6.956786049677109	3	3	0.6582402618027362	-1.6614060403956266	3	3
ULK3	0.6301653783910885	6.210273982914411	4	4	0.5426662312418294	-1.7509889056418872	4	4
ULK4	0.475264582054305	6.01445450512368	4	4	0.1394911037273397	1.6039673766958327	4	4
UPP1	0.6459782297226009	6.006651554137464	4	4	0.3909839668442341	-5.92717013072821	4	4
UQCR10	0.8493319992005053	0.2399429950291445	1	1	0.1987584948761255	1.9739878891524225	1	1
UQCRB	0.2876310546352788	-1.2635548622886938	2	2	0.15396835366316636	-9.137349888096903	2	2
UQCRC1	0.9248675200081908	6.246780734738171	6	6	0.7362671560696916	-8.349558599976321	6	6
UQCRQ	0.12578390448722868	11.437675165451349	1	1	0.6957112086212667	-7.026197304090017	1	1
UROD			0	0			0	0
VAMP1	0.893480726925582	3.545286712870283	2	2	0.6421349797380504	-4.202051782641753	2	2
VAMP2	0.8493319992005053	0.24559841207478073	1	1	0.2406558158041382	1.6829257741079766	1	1
VARS			0	0			0	0
VDAC1	0.2674019228620056	-1.0860357450806497	3	3	0.24072630010572027	-6.132049235626815	3	3
VDAC2			0	0			0	0
VDAC3	0.17615939305910155	1.2468305659658399	3	3	0.5946601912841968	-3.4250548073292832	3	3
VKORC1	0.5438771669722153	2.2641582497363175	5	5	0.03028781492113592	2.147734747704307	5	5
VKORC1L1	0.4417249336735335	3.7536119536590657	4	4	0.4286981716638256	-4.208589971864532	4	4
VRK1	0.4406725422750465	8.817910084297592	1	1	0.2590454483955059	-9.33950197198222	1	1
VRK2	0.377074122525659	-0.9483921733908959	5	5	0.9881886176926634	-5.162745651189586	5	5
VRK3	0.41554786836236957	1.8373302109503917	3	3	0.3141784886638983	-6.10251115569429	3	3
VTN	0.5244781388817298	1.9997511734737958	4	4	0.3327834392297607	-0.8447428873581945	4	4
VWF	0.12867300168593648	-1.3403464672870224	3	3	0.0994406728400711	-8.879958094559102	3	3
WARS	0.20204536642155835	-1.1217708146679168	3	3	0.04759889585810888	-9.328389567627582	3	3
WARS2	0.37734133666578695	-1.4547541262589974	1	1	0.2685964162824007	-9.32803954588533	1	1
WDSUB1	0.493180551416013	-0.6316246687115075	2	2	0.1494698221063108	-9.005298850147543	2	2
WEE1			0	0			0	0
WNK1	0.8784189610411216	-0.4141120546904323	5	5	0.24619546416731197	-4.2158565788826525	5	5
WNK2	0.3171554353003504	-1.1809099912583187	2	2	0.6763444760601476	-4.165156846116972	2	2
WNK3	0.6943612463275022	2.1101579464698887	4	4	0.7107821853940397	-4.944311159813034	4	4
WNK4	0.45024924024571233	6.306854144882384	5	5	0.5504465174527848	-4.8430003164487605	5	5
XYLB	0.6125394623899066	1.7672268995105196	3	3	0.4010134616450324	0.6584554611314765	3	3
YARS	0.48329552919622676	-0.787166646591178	2	2	0.3567606904452848	-4.9403858564486125	2	2
YARS2	0.14322325140518916	11.031279697336606	1	1	0.2406558158041382	1.665800882985133	1	1
YES1	0.9437808838766888	5.189409036469759	3	3	0.1603303024931052	-6.41890885719183	3	3
ZAK	0.509054478717973	1.8252955546913647	3	3	0.24590561263095378	-6.22372570306906	3	3
ZAP70	0.782794722694634	4.0032426544279565	2	2	0.4263049957321291	0.7244889040052231	2	2
ZC3HC1	0.3553575854222425	1.5404850360444116	4	4	0.3006989993864161	-6.100218140592286	4	4
ZFY	0.1420853798910485	6.788441449540218	3	3	0.08695581528256012	1.4299816460502737	3	3
ZMYND8	0.8726687190033349	2.438894902764451	3	3	0.3203828661805692	-5.704500517491753	3	3
pseudo_0	0.015380993628372076	-2.0283462716646543	3	3	0.8676212504342513	-5.1330378126446625	3	3
pseudo_1	0.29483152023789805	-1.0023290705425651	2	2	0.6995329331934781	0.0645629035726838	2	2
pseudo_10	0.348599297858214	5.632706184221119	2	2	0.9685852258716768	-3.5411780502782433	2	2
pseudo_100	0.8751074474121855	8.935236983692107	6	6	0.7295053833712043	-3.084006773256537	6	6
pseudo_1000	0.16808088745598926	-1.5161087285071977	2	2	0.9059501726811324	-3.5534025120875983	2	2
pseudo_1001	0.42664900025009844	3.495467285042808	3	3	0.6910212822201471	-5.255001818826188	3	3
pseudo_1002	0.7949206956830592	0.20121291947818776	2	2	0.9937154859688025	-3.871703054410921	2	2
pseudo_1003	0.15241519416514476	10.236121046620271	5	5	0.10768189043332087	-1.8231685020996216	5	5
pseudo_1004	0.4570859801667151	1.2503841251081331	3	3	0.00996201885539556	2.910843270878568	3	3
pseudo_1005	0.2872415035257284	6.35945225056074	3	3	0.9183020542901625	-2.337368153131199	3	3
pseudo_1006	0.8274547153391009	0.19533497935266375	3	3	0.04832198166582556	1.8546696993683607	3	3
pseudo_1007	0.8474884623710603	2.8720370618326263	3	3	0.8474884623710603	-2.5306678646573957	3	3
pseudo_1008	0.5537272554962529	1.360061432755159	4	4	0.7440222840892492	-5.670723187508706	4	4
pseudo_1009	0.887840270027302	4.66494143367001	3	3	0.31110500716922107	-6.114647497347413	3	3
pseudo_101	0.6301643374705801	6.184139191099615	4	4	0.3909825254655226	-6.159140992623552	4	4
pseudo_1010	0.8899552824280113	5.765761038949582	4	4	0.3111552244155418	-1.3645597775253586	4	4
pseudo_1011	0.13029277279536555	-1.4016006464940514	3	3	0.031237960917183737	-9.608620315147602	3	3
pseudo_1012	0.5317146122276188	-0.6500499080685683	4	4	0.6067611735997069	-2.3518569372014344	4	4
pseudo_1013	0.8033225495919747	3.3929779285917	4	4	0.9338384395476218	-4.738365896667004	4	4
pseudo_1014	0.9338384395476218	2.2337840567585245	4	4	0.9426435994569503	-2.5852524929274687	4	4
pseudo_1015	0.2833710752863259	-1.5914014229161104	1	1	0.21898786288155614	-9.464686842542442	1	1
pseudo_1016	0.44485203635700854	4.632813201028911	2	2	0.5760012318275167	-4.4412938261228465	2	2
pseudo_1017	0.2904766979343656	7.762405089915512	4	4	0.8550834429594527	-4.125604719924466	4	4
pseudo_1018	0.27578552776006304	6.602643199285943	3	3	0.3427232914952044	0.7710996912477105	3	3
pseudo_1019	0.5991067732661075	2.1511036353361512	3	3	0.3362406571425379	0.7631367927232979	3	3
pseudo_102	0.3626467387531258	4.14911612133957	3	3	0.15099699281410436	1.8745616849194982	3	3
pseudo_1020	0.7195915739470362	2.9469457767912757	3	3	0.7195915739470362	-2.2011854284307306	3	3
pseudo_1021	0.9514557743257029	5.646988999469322	4	4	0.24290153575747864	0.9700386549621746	4	4
pseudo_1022	0.426304264648103	-0.5423420402839079	2	2	0.2667432356540925	1.6781756387496054	2	2
pseudo_1023	0.3021525706062178	-1.0587969855081356	2	2	0.317154670428349	-6.718950027783418	2	2
pseudo_1024	0.6879017788474364	3.3736648298717755	2	2	0.4735183663543777	-4.517587477749313	2	2
pseudo_1025	0.3971244218809826	-1.0910685877351654	4	4	0.7440222840892492	-5.182320986292432	4	4
pseudo_1026	0.7292051126577086	2.8722733414908443	3	3	0.36944590760774776	-5.915596283235639	3	3
pseudo_1027	0.435182026075545	1.9393262427727767	4	4	0.3496239504081101	0.6395735228085774	4	4
pseudo_1028	0.4648823892778319	-0.644754588349743	3	3	0.4727514920463637	-1.369872015595689	3	3
pseudo_1029	0.2538191244113619	5.879195578394025	3	3	0.817478933088828	-2.33521568640909	3	3
pseudo_103	0.10972048242123814	8.305448624955512	4	4	0.3611472357462534	-4.2679303680597345	4	4
pseudo_1030	0.8204924050072138	5.985263086081361	4	4	0.2297621893398918	0.9194876846450212	4	4
pseudo_1031	0.4236635363719774	9.737793953689305	8	8	0.11749454003081032	-4.766947408899248	8	8
pseudo_1032	0.23408459365140877	0.8031417234715755	4	4	0.8987093483998948	-5.063825680031361	4	4
pseudo_1033	0.9184430153867233	0.12180042708708161	2	2	0.8686231829899802	-3.5133059358865837	2	2
pseudo_1034	0.5760012318275167	-0.4349637067681482	2	2	0.426304264648103	-0.7818059228642458	2	2
pseudo_1035	0.8474884623710603	3.409842394744978	3	3	0.49679285269466833	0.5263987616309658	3	3
pseudo_1036	0.03662496757926343	-1.870451250919902	3	3	0.7877345940824121	-5.24462171505887	3	3
pseudo_1037	0.8550834429594527	2.3406398267691912	4	4	0.46168237057588557	-9.180123194739343	4	4
pseudo_1038	0.857543272629919	2.8635254289729097	3	3	0.681592431261696	-2.9877935740875152	3	3
pseudo_1039	0.6421344536862842	4.42229555953968	2	2	0.23429830533849683	1.557740457755762	2	2
pseudo_104	0.5131753215067887	-0.5742265991940302	3	3	0.8979780669324632	-4.726183813512338	3	3
pseudo_1040	0.19094019330324996	-1.1886699716239477	3	3	0.08120494126853399	-9.06174872840856	3	3
pseudo_1041	0.5337790800446239	5.270049502689699	2	2	0.317154670428349	-5.014261211915863	2	2
pseudo_1042	0.9074757572164002	5.798800951747645	4	4	0.5030705818716052	-1.9920129052241216	4	4
pseudo_1043	0.9284849484165043	2.531838113636431	3	3	0.8474884623710603	-2.7551523845008172	3	3
pseudo_1044	0.037792458296951645	10.109832854410511	3	3	0.06865753883235383	-9.170789582946798	3	3
pseudo_1045	0.15099699281410436	6.868841452859985	3	3	1.0	-2.301514882521035	3	3
pseudo_1046	0.5131753215067887	5.632906100533606	3	3	0.22811450046427606	1.0539429815558796	3	3
pseudo_1047	0.6421344536862842	-0.5585549292474221	2	2	0.8193197426394996	-3.9747337846923996	2	2
pseudo_1048	0.8423042867879595	9.975823650274803	7	7	0.7908072314969165	-5.593822549509688	7	7
pseudo_1049	0.3050199483231667	3.648076718054481	3	3	0.581408405452535	-2.0977331344444736	3	3
pseudo_105	0.8550834429594527	5.847540736800375	4	4	0.8812146128815848	-2.039050211363632	4	4
pseudo_1050	0.23310112281376305	4.422708126704855	3	3	0.3298374586338735	-0.8533134494383109	3	3
pseudo_1051	0.309372708332736	9.676443982956718	5	5	0.8823114501093878	-2.6339828893252673	5	5
pseudo_1052	0.6648619641725676	0.6197472181580879	2	2	0.8070967570385119	-2.5222870651696128	2	2
pseudo_1053	0.8550832249452043	3.1368295296426534	4	4	0.9250412531886206	-5.546445351943295	4	4
pseudo_1054	0.27558848353861054	7.130075692552182	4	4	0.7862470939278621	-1.7644007288824162	4	4
pseudo_1055	0.348599297858214	-1.0868283483133832	2	2	0.18314385695624547	-8.960662529868383	2	2
pseudo_1056	0.4046170516486274	2.013178700751501	3	3	0.9795419345200578	-2.609141284023793	3	3
pseudo_1057	0.8810372211357613	3.5960981277674633	2	2	0.5132704401927461	-4.710469251774266	2	2
pseudo_1058	0.1581620463822927	8.770655822622688	4	4	0.8987093483998948	-3.8323034040689685	4	4
pseudo_1059	0.8118961703235092	2.9559405147169575	4	4	0.40958150230498125	-8.901575326590004	4	4
pseudo_106	0.807532625941542	2.669736084259338	3	3	0.27578552776006304	-5.867260525231242	3	3
pseudo_1060	0.681592431261696	5.692866400019038	3	3	0.21361189200251973	-6.444310538531643	3	3
pseudo_1061	0.6995329331934781	4.378302342921724	2	2	0.54418644491791	-4.313681282334459	2	2
pseudo_1062	0.561162729966211	2.2430457098368617	4	4	0.38489867148016654	-1.2552026940712169	4	4
pseudo_1063	0.3478950215852922	9.43889917578612	1	1	0.21072533553789796	1.8808275812182924	1	1
pseudo_1064	0.49679285269466833	2.026848630133067	3	3	0.3903146090334727	-3.3356096502764756	3	3
pseudo_1065	0.5463403592377412	3.2995017039140815	4	4	0.1581620463822927	1.2747563721000843	4	4
pseudo_1066	0.04984854003241494	10.678539910413392	2	2	0.8562414491164003	-3.584972188565556	2	2
pseudo_1067	0.34336533371408706	9.785407584446608	6	6	0.5930698201311015	-1.8564908165242855	6	6
pseudo_1068	0.5760012318275167	3.628663350816976	2	2	0.9811480173440964	-3.774555522940388	2	2
pseudo_1069	0.8274547153391009	2.531521991876922	3	3	0.4046170516486274	0.6517287066199555	3	3
pseudo_107	0.539002622877894	9.08471890576039	4	4	0.9074757572164002	-0.43054265624018945	4	4
pseudo_1070	0.8512553486721774	6.333786092619062	5	5	0.10768241576997552	-9.420472498684985	5	5
pseudo_1071	0.9669393295281391	6.295623448614318	7	7	0.37064757158706496	-9.517817521408347	7	7
pseudo_1072	0.581408405452535	5.21328376809251	3	3	0.44171773963395544	-5.76154995813508	3	3
pseudo_1073	0.32351376223601025	6.202987392407223	3	3	0.9284849484165043	-2.2149565530396784	3	3
pseudo_1074	0.9338384395476218	4.95846328477147	4	4	0.08521304100047865	-9.398959540682284	4	4
pseudo_1075	0.9338384395476218	-0.11579129653966784	4	4	0.6699976455692489	-4.497811775416289	4	4
pseudo_1076	0.9969160814229108	6.83291370912346	8	8	0.651110487193427	-9.905000626246105	8	8
pseudo_1077	1.0	-0.0016728291886902724	1	1	0.40827534660935616	1.1184519418246255	1	1
pseudo_1078	0.9183020542901625	0.03345117261515836	3	3	0.5214708247223392	-1.9833509331360568	3	3
pseudo_1079	0.1365500201561538	9.079780033568646	4	4	0.09355562366536345	1.2550896699676768	4	4
pseudo_108	0.7004983064120727	2.9714940792548266	3	3	0.4648823892778319	-1.71204526890435	3	3
pseudo_1080	0.7356643917098116	2.8619952937126434	4	4	0.6459772262645747	-7.937924029019289	4	4
pseudo_1081	0.539002622877894	2.499692743222504	4	4	0.42869676701719506	-6.007561232049699	4	4
pseudo_1082	0.857543272629919	3.092300399444735	3	3	0.938679567126398	-2.428056203400144	3	3
pseudo_1083	0.24055279390476536	5.459809823682532	2	2	0.1991846701976533	1.289678149309389	2	2
pseudo_1084	0.7348419757547078	2.6931946373440327	2	2	0.943486125521797	-3.9169553301991167	2	2
pseudo_1085	0.3272863668909277	1.7142994442226087	4	4	0.3496239504081101	-1.2798698882682482	4	4
pseudo_1086	0.1859254590079109	1.9471906874446419	4	4	0.07033314398851473	-9.574354421240777	4	4
pseudo_1087	0.13029277279536555	7.068191117467218	3	3	0.2232043428842122	1.7213749428047729	3	3
pseudo_1088	0.8676212504342513	3.109125352753795	3	3	0.817478933088828	-4.933067551303127	3	3
pseudo_1089	0.516896830695802	8.111663706365697	1	1	0.9643471896271987	-0.0565266343814505	1	1
pseudo_109	0.30069752877667444	6.72659039918966	4	4	0.8637776525500586	-5.301741760727381	4	4
pseudo_1090	0.06193751951746069	-1.9013475860085522	2	2	0.49317986809783765	-6.268694666002201	2	2
pseudo_1091	0.08120494126853399	9.32641971429152	3	3	0.9081325431775695	-2.619128217472263	3	3
pseudo_1092	0.9811480173440964	3.667691176140817	2	2	0.12455614147911047	-9.03559243432414	2	2
pseudo_1093	0.15467899711285435	8.930496769214455	3	3	0.7485590812707075	-2.199860115432435	3	3
pseudo_1094	0.3039130501043371	9.538077902373315	1	1	0.40827534660935616	-8.700071727290972	1	1
pseudo_1095	0.5639584801257445	2.16872730374077	3	3	0.12390403847852342	-8.726371371424115	3	3
pseudo_1096	0.3650398955354811	7.806441074612936	2	2	0.9309560254130228	-3.9058628494668524	2	2
pseudo_1097	0.44485203635700854	-0.7917155831905056	2	2	0.9184430153867233	-3.9308586902212035	2	2
pseudo_1098	0.45708667791105984	-0.6041377423353355	3	3	0.06300850452135572	-9.201123266344863	3	3
pseudo_1099	0.24852326150131454	6.413001477887218	3	3	0.7582966833253433	-3.1752551498412136	3	3
pseudo_11	0.2707435294471149	2.509566595329162	4	4	0.07383710534665971	-9.618464276113748	4	4
pseudo_110	0.960273889294336	5.3606798845331305	4	4	0.16818060019263514	-6.668600998795849	4	4
pseudo_1100	0.7100221841915572	2.22686879513795	3	3	0.03899145858374165	-9.395132216033671	3	3
pseudo_1101	0.41922842609855726	-0.687974342502919	3	3	0.5131753215067887	-1.80485807043178	3	3
pseudo_1102	0.817478933088828	5.153364508827631	3	3	0.9693171048552904	-2.605944834572153	3	3
pseudo_1103	0.21072533553789796	9.988422477228394	1	1	0.5025481717945951	0.9106973056791161	1	1
pseudo_1104	0.34928526832606266	5.980687434053156	3	3	0.19094019330324996	1.0923907678811047	3	3
pseudo_1105	0.8468807243394967	3.540763332350982	6	6	0.48078584120378065	-9.837269491225891	6	6
pseudo_1106	0.07033314398851473	-2.0354245478761364	4	4	0.8118961703235092	-5.426454931856177	4	4
pseudo_1107	0.6879017788474364	0.6896053543893843	2	2	0.1450716482581194	1.9941283525566569	2	2
pseudo_1108	0.1716238560459925	9.538747089370064	4	4	0.2955575294992029	-8.884245934177953	4	4
pseudo_1109	0.2433051751498202	6.902665332488979	3	3	0.9081325431775695	-4.386445088093434	3	3
pseudo_111	0.9074757572164002	5.925317752754979	4	4	0.9955841849544221	-5.549996868750785	4	4
pseudo_1110	0.3974270360203289	3.5484275129543956	3	3	0.3974270360203289	-5.71665493062586	3	3
pseudo_1111	0.8686231829899802	-0.24794340480474197	2	2	0.18838083371036818	-8.621551791761496	2	2
pseudo_1112	0.07063061354507821	9.69080528779472	3	3	0.03548834522930192	1.9741450975222412	3	3
pseudo_1113	0.5553291451165078	3.122965535621694	3	3	0.3832800899235307	-5.373627110559627	3	3
pseudo_1114	0.5546937179716545	4.591950646097479	2	2	0.7230055446788708	-4.0900053981548545	2	2
pseudo_1115	0.28545423542266657	2.0840571322567185	4	4	0.040045693474548394	-9.772890063217936	4	4
pseudo_1116	0.2212883784401315	10.323187910451663	4	4	0.5913782268926071	-5.391868115890347	4	4
pseudo_1117	0.3111552244155418	7.139580586050104	4	4	0.9426435994569503	-5.157462481708296	4	4
pseudo_1118	0.8934805595749318	4.131330177124258	2	2	0.44485203635700854	-4.869791863936535	2	2
pseudo_1119	0.8315867888149642	3.7788987791116764	2	2	0.9560302257852438	-3.91265892052584	2	2
pseudo_112	0.9590973165597236	2.769977908500398	3	3	0.27578552776006304	-6.07555810403617	3	3
pseudo_1120	0.45708667791105984	-0.18800957313872	3	3	0.7100221841915572	-4.94577551410491	3	3
pseudo_1121	0.5382664090392814	5.6438478490989	3	3	0.7100221841915572	-2.1724257169127497	3	3
pseudo_1122	0.4648823892778319	3.8381711766548556	3	3	0.9693171048552904	-4.436749696076148	3	3
pseudo_1123	0.37887304970496727	6.006153495593769	4	4	0.3909825254655226	-8.810003609683198	4	4
pseudo_1124	0.42664900025009844	3.9383219865763635	3	3	0.49679285269466833	-1.3561856711242257	3	3
pseudo_1125	0.3819564012414617	-1.2037610530661929	2	2	0.8686231829899802	-3.098253591885497	2	2
pseudo_1126	0.41922842609855726	3.308203243848112	3	3	0.08120494126853399	1.693545973289137	3	3
pseudo_1127	0.3248358400458259	-1.1466072681392383	2	2	0.8934805595749318	-3.976650510865773	2	2
pseudo_1128	0.6619517322688329	2.282875879373171	4	4	0.8291102573791971	-4.9871506152134515	4	4
pseudo_1129	0.316472982588602	6.399757112567297	4	4	0.30069752877667444	1.418719229432704	4	4
pseudo_113	0.5760012318275167	4.62010470624363	2	2	0.3819564012414617	-8.078706558972165	2	2
pseudo_1130	0.3140934554486424	10.795400980003604	5	5	0.2173281220085853	-9.15938611985784	5	5
pseudo_1131	0.3383368015376381	-0.8824100873954723	4	4	0.24739649435458844	-6.313123694186136	4	4
pseudo_1132	0.3832800899235307	5.85318993134437	3	3	0.21361189200251973	-6.205588661038408	3	3
pseudo_1133	0.4046170516486274	5.99766030626889	3	3	0.9183020542901625	-2.346166315472472	3	3
pseudo_1134	0.024846600447964648	-2.3622039520492764	3	3	0.02928182896989354	-9.569300023506655	3	3
pseudo_1135	0.5084558986520227	9.662088835146964	5	5	0.7003091513166854	-5.0047937734144154	5	5
pseudo_1136	0.9685852258716768	4.644353867155158	2	2	0.3405582737464351	-7.866000007224898	2	2
pseudo_1137	0.5049490766008549	3.2923776214106653	3	3	0.887840270027302	-4.933551168603919	3	3
pseudo_1138	0.03438195698503195	10.224086738102619	3	3	0.35592646688270313	1.1881491461491003	3	3
pseudo_1139	0.39572440484188987	-1.3850969450673478	1	1	0.2734611042930757	-9.259479888551015	1	1
pseudo_114	0.8464067914384638	5.373099577293895	4	4	0.35535612168643926	-8.867819964235641	4	4
pseudo_1140	0.23408459365140877	7.112676387087948	4	4	0.8464067914384638	-4.302601274196818	4	4
pseudo_1141	0.6857408265517967	5.599257937229982	5	5	0.42979355098713434	-6.032978112460689	5	5
pseudo_1142	0.8724883884492399	2.2501676574602194	4	4	0.12801692075860027	-9.002147378212769	4	4
pseudo_1143	0.7680727798663671	3.2256767639769923	3	3	0.20432052338672468	-8.396333783522865	3	3
pseudo_1144	0.4341455934714077	-0.5702937468504663	3	3	0.10076330615839629	-8.971292421514912	3	3
pseudo_1145	0.22549686363304577	-1.110064352797309	4	4	0.14247826017888537	-9.315199101052299	4	4
pseudo_1146	0.08322423456087212	9.625028539674917	4	4	0.760827934703312	-2.0703397123181757	4	4
pseudo_1147	0.2522753504506634	1.5907253129878811	5	5	0.15526415706349114	-9.499901813054368	5	5
pseudo_1148	0.9292219346038727	5.876520157089362	5	5	0.9213819296189663	-5.076095157786471	5	5
pseudo_1149	0.04817832755134148	-2.0487878148628504	4	4	0.14247826017888537	-9.921778114291541	4	4
pseudo_115	0.9074757572164002	5.847498459018117	4	4	0.3058967477519794	-1.764469514158659	4	4
pseudo_1150	0.5232862542203554	9.557317937850113	7	7	0.6604144290842578	-5.765463471043489	7	7
pseudo_1151	0.6995329331934781	3.9284033996811636	2	2	0.7827943880091204	-4.189728436856862	2	2
pseudo_1152	0.5211944407938816	5.5636190074375635	5	5	0.03553895504136611	-9.785610387180434	5	5
pseudo_1153	0.5902270402154097	2.149532914541022	3	3	0.06865753883235383	-9.17871907268791	3	3
pseudo_1154	0.05444998378321776	9.723839837425073	3	3	0.8676212504342513	-2.489843641067381	3	3
pseudo_1155	0.15396770293365164	-1.526581851213841	2	2	0.1632724171511598	-8.899867270840174	2	2
pseudo_1156	0.1997866512069526	6.469128022687218	3	3	0.2433051751498202	0.9855921966906726	3	3
pseudo_1157	0.8474884623710603	2.4831918329017113	3	3	0.8979780669324632	-2.3964846075130075	3	3
pseudo_1158	0.6216836314791463	2.1508423356312014	5	5	0.15241580634447555	1.9098715542239653	5	5
pseudo_1159	0.820428266301408	2.7557889563435563	5	5	0.48347704175681216	-8.950565866922274	5	5
pseudo_116	0.9287655308033407	0.07882491488032173	1	1	0.3254208749291615	1.3912408874495932	1	1
pseudo_1160	0.9867530958656652	3.201155039595046	4	4	0.5244768771208793	-5.210779859113232	4	4
pseudo_1161	0.1450716482581194	-1.6241675125177366	2	2	0.8070967570385119	-3.4881873804652592	2	2
pseudo_1162	0.9449218128859289	2.6065198423319162	5	5	0.8589997234983082	-7.751835715870399	5	5
pseudo_1163	0.23816456824747367	7.000828720419565	3	3	0.31726960741850796	-1.3837893715939031	3	3
pseudo_1164	0.9309560254130228	4.59719027744125	2	2	0.9685852258716768	-3.4246298100569796	2	2
pseudo_1165	0.6086679030307207	4.765249534427547	2	2	0.04984854003241494	2.304766411319953	2	2
pseudo_1166	0.36944590760774776	-0.9041701232766298	3	3	0.2701760209027281	-6.088759146083704	3	3
pseudo_1167	0.8315867888149642	4.15761906318667	2	2	0.027980623921056182	-10.265175851949277	2	2
pseudo_1168	0.44732399934907996	8.771651548231134	1	1	0.3039130501043371	1.5279497195705978	1	1
pseudo_1169	0.2804922611080347	-0.5556155281833247	4	4	0.45497406185185574	-9.219256096142226	4	4
pseudo_117	0.5132704401927461	1.5471859663133127	2	2	0.024779867463587645	3.6548036606531062	2	2
pseudo_1170	0.29483152023789805	-1.0684887242924317	2	2	0.0817330336195089	-9.441774143918764	2	2
pseudo_1171	0.12390403847852342	-1.4278190734626446	3	3	0.7100221841915572	-2.084624355913836	3	3
pseudo_1172	0.05130944024290929	9.435846752599877	3	3	0.6170453216111395	-1.9802422438350034	3	3
pseudo_1173	0.16525066866945304	-1.728826508272327	6	6	0.19128257538511384	-9.935798668068204	6	6
pseudo_1174	0.943486125521797	3.8675831805185448	2	2	0.5337790800446239	0.6575477965033012	2	2
pseudo_1175	0.4684455583655329	8.873953555313436	4	4	0.7190430278067974	-3.497752878515431	4	4
pseudo_1176	0.560371163304922	6.994120630724357	5	5	0.4015294719342204	-5.329227836928902	5	5
pseudo_1177	0.04458798971986892	10.775831094286065	2	2	0.6086679030307207	0.5006869973692362	2	2
pseudo_1178	0.08741123770255861	-1.6790881634515866	2	2	0.05766289826240764	-9.55237358307792	2	2
pseudo_1179	0.9081325431775695	3.0188673607370418	3	3	0.887840270027302	-2.043136403932405	3	3
pseudo_118	0.7877345940824121	2.8046574998067304	3	3	0.17821622394400205	-8.455724377768407	3	3
pseudo_1180	0.5467648189425076	-0.6113959897106854	3	3	0.27578552776006304	-1.3480788038770237	3	3
pseudo_1181	0.7003091513166854	5.910831538183395	5	5	0.03384595715388939	2.299656468994083	5	5
pseudo_1182	0.7862470939278621	6.22321935074324	4	4	0.06863300327748961	2.1751598674995267	4	4
pseudo_1183	0.8405846234272769	0.25526379431289925	1	1	0.18729550720986088	2.193031898328556	1	1
pseudo_1184	0.8474884623710603	2.649945511429891	3	3	0.9081325431775695	-4.666018510100363	3	3
pseudo_1185	0.6724688063668062	10.19351284192898	7	7	0.7527622246026632	-8.60388944009159	7	7
pseudo_1186			0	0			0	0
pseudo_1187	0.7388614164667177	3.0475583274631384	3	3	0.2990143919042869	-7.970123264676713	3	3
pseudo_1188	0.2469239881666262	-1.1855185004833286	2	2	0.8810372211357613	-3.5275559572427793	2	2
pseudo_1189	0.9074757572164002	2.426008997333662	4	4	0.8204924050072138	-2.241232759507914	4	4
pseudo_119	0.681592431261696	5.713708489509251	3	3	0.5902270402154097	-1.8699864614995592	3	3
pseudo_1190	0.2232043428842122	6.171978354964984	3	3	0.2930882734796626	-1.1280310791379031	3	3
pseudo_1191	0.8291102573791971	0.2839662121206337	4	4	0.16818060019263514	-1.1819918386936819	4	4
pseudo_1192	0.25215640157778896	7.326038957079725	6	6	0.06237246594516627	-0.7751304896066697	6	6
pseudo_1193	0.47526323883022525	1.8788960998632742	4	4	0.9779236295852703	-5.1489747791037885	4	4
pseudo_1194	0.9685098920273089	6.740397161354076	5	5	0.5340953041129333	-8.119672395776808	5	5
pseudo_1195	0.04512682295962265	-1.777564395627276	5	5	0.282036826518004	-8.859858758414473	5	5
pseudo_1196	0.2005978581222837	9.772691712632668	6	6	0.9677612201040664	-5.513332528762292	6	6
pseudo_1197	0.7976173369272378	2.523532045655857	3	3	0.7485590812707075	-2.2565684763535008	3	3
pseudo_1198	0.12526659712095597	9.949546552173702	4	4	0.6459772262645747	-5.257468228883195	4	4
pseudo_1199	0.6067611735997069	6.447946403815162	4	4	0.9955841849544221	-3.8527268253412577	4	4
pseudo_12	0.5553291451165078	2.635742031993049	3	3	0.8374584153852676	-2.737390893352417	3	3
pseudo_120	0.06373420835937475	10.154686379307586	4	4	0.6223203939158157	-0.06853107843860445	4	4
pseudo_1200	0.3909825254655226	-1.094045253944832	4	4	0.3383368015376381	-6.245783817104683	4	4
pseudo_1201	0.11659653450468818	2.022188290436489	5	5	0.7596437207079468	-7.683862395832441	5	5
pseudo_1202	0.817478933088828	3.100452577168687	3	3	0.25919303965783735	-0.9673869621650885	3	3
pseudo_1203	0.8676212504342513	2.7442953481443433	3	3	0.23816456824747367	-5.93441428808566	3	3
pseudo_1204	0.9955841849544221	4.90736764690907	4	4	0.46168237057588557	-5.863082589940073	4	4
pseudo_1205	0.2469239881666262	8.961833806052049	2	2	0.1632724171511598	1.4595097008114546	2	2
pseudo_1206	0.03662496757926343	10.413908432242527	3	3	0.8274547153391009	-2.707048409595449	3	3
pseudo_1207	0.18274285424366898	-0.48727156718496634	5	5	0.7223684202083942	-4.759085786404646	5	5
pseudo_1208	0.7195915739470362	2.630209658725995	3	3	0.05286022354376486	-9.289949770891418	3	3
pseudo_1209	0.4532139128979571	4.438770764064354	5	5	0.08066019106920858	-0.3788267323693339	5	5
pseudo_121	0.8118961703235092	1.7827233222965024	4	4	0.8377487233667096	-7.950830651911353	4	4
pseudo_1210	0.7485590812707075	3.0165387020092282	3	3	0.3298374586338735	-5.870362554341555	3	3
pseudo_1211	0.8070967570385119	-0.3891447747524932	2	2	0.9560302257852438	-3.185495866767206	2	2
pseudo_1212	0.8676212504342513	2.7379853230134725	3	3	0.37632376895680564	-5.836629335543836	3	3
pseudo_1213	0.9811480173440964	3.8056610857033757	2	2	0.4355211924991299	0.1980558693259188	2	2
pseudo_1214	0.36944590760774776	-0.3731893450185971	3	3	1.0	-4.601940659299321	3	3
pseudo_1215	0.317154670428349	-1.193146148909575	2	2	0.1632724171511598	-9.06769630821114	2	2
pseudo_1216	0.6536077735597845	3.0398922277818152	3	3	0.04148658656317853	1.7201788722419629	3	3
pseudo_1217	0.49317986809783765	4.776164640868424	2	2	0.9937154859688025	-3.724957400192369	2	2
pseudo_1218	0.77788590974574	2.237595177359062	3	3	0.938679567126398	-2.7307649815617707	3	3
pseudo_1219	0.01922883968175126	-2.2464516849585707	4	4	0.1716238560459925	-8.976250513952346	4	4
pseudo_122	0.07899305670477724	-1.6293121749822337	3	3	0.7485590812707075	-5.278406282817993	3	3
pseudo_1220	0.19488162026881717	10.116255903835818	1	1	0.2833710752863259	1.600077872323568	1	1
pseudo_1221	0.37632376895680564	1.998894824703033	3	3	0.2930882734796626	0.8922436024822651	3	3
pseudo_1222	0.7467417269274196	4.1851435042182255	2	2	0.54418644491791	-4.602149174739059	2	2
pseudo_1223	0.12390403847852342	7.119717172751771	3	3	0.16613430479761138	1.1012567244566154	3	3
pseudo_1224	0.45497406185185574	5.928929397100615	4	4	0.09796607405178381	1.429147073096684	4	4
pseudo_1225	0.12365422452351645	-1.503784215893198	5	5	0.30937198613586214	-1.595747454124954	5	5
pseudo_1226	0.21304092415899312	7.02099794256065	4	4	0.5244768771208793	-2.0040749382724257	4	4
pseudo_1227	0.580481532882009	9.384557547548695	5	5	0.7149885762338826	-0.13108277682646569	5	5
pseudo_1228	0.05946026614176678	-1.6289001765943045	3	3	0.8979780669324632	-2.47726192722438	3	3
pseudo_1229	0.817478933088828	5.400473901005153	3	3	0.3298374586338735	-3.7193446340016174	3	3
pseudo_123	0.13081396961882905	-1.737689886324554	4	4	0.5761770080731894	-8.748809544232158	4	4
pseudo_1230	0.887840270027302	3.0791717370167953	3	3	0.5131753215067887	-1.895839612999416	3	3
pseudo_1231	0.8823114501093878	5.1727201947858354	5	5	0.24021556531342048	-1.6821881604706663	5	5
pseudo_1232	0.7827943880091204	4.232804225253988	2	2	0.49317986809783765	0.7564028433936654	2	2
pseudo_1233	0.5049490766008549	1.7586637070123883	3	3	0.05130944024290929	-9.299449785128884	3	3
pseudo_1234	0.7440222840892492	4.086179772031966	4	4	0.960273889294336	-7.906909423463163	4	4
pseudo_1235	0.5298347942712703	3.7674292239200695	3	3	0.807532625941542	-1.9914829774237033	3	3
pseudo_1236	0.727337672936651	2.4897791222940686	4	4	0.5030705818716052	-6.355981908336836	4	4
pseudo_1237	0.8070967570385119	4.119029429945879	2	2	0.18838083371036818	-6.117316881623644	2	2
pseudo_1238	0.09036820482369115	-2.4346119491972553	2	2	0.9685852258716768	-3.6354079927580605	2	2
pseudo_1239	0.9937154859688025	3.9465533428741546	2	2	0.3650398955354811	-4.746842064718474	2	2
pseudo_124	0.40332343946657845	4.538095004863743	4	4	0.8550832249452043	-5.564447991618917	4	4
pseudo_1240	0.04113117207245194	10.779219174907276	4	4	0.9867530958656652	-5.261812717218864	4	4
pseudo_1241	0.6308934752940435	-0.5887972785498734	2	2	0.8070967570385119	-4.119270278313027	2	2
pseudo_1242	0.9897701264791506	3.1148299004388456	3	3	0.44171773963395544	-5.625773769612593	3	3
pseudo_1243	0.7877345940824121	2.9610754302955677	3	3	0.9081325431775695	-2.1239740605246005	3	3
pseudo_1244	0.7295053833712043	6.097525131697065	6	6	0.4752144464800585	-9.267013342866342	6	6
pseudo_1245	0.6443843541768188	-0.26186656633192246	3	3	0.120802702558371	1.2579700040454442	3	3
pseudo_1246	0.22811450046427606	6.4937678097760525	3	3	0.7004983064120727	0.22252411977527642	3	3
pseudo_1247	0.6619517322688329	-0.4800634188260326	4	4	0.11729146697379306	-9.41016931145684	4	4
pseudo_1248	0.09574051832564463	9.270605900752617	4	4	0.2519493727107086	-8.903572298790275	4	4
pseudo_1249	0.41188430755359884	1.7936698304773895	3	3	0.00826010217154467	-10.162110213841883	3	3
pseudo_125	0.887840270027302	2.3707885755101916	3	3	0.3427232914952044	-5.888286289587895	3	3
pseudo_1250	0.15099699281410436	-1.3222072322140221	3	3	0.7388614164667177	-2.1997503443341584	3	3
pseudo_1251	0.2212876757653678	-1.306441832468905	4	4	0.21713578555244573	1.224219611813447	4	4
pseudo_1252	0.5298347942712703	2.0859070134522626	3	3	0.6910212822201471	-1.914505884975383	3	3
pseudo_1253	0.30959359087282123	5.02236648933142	2	2	0.7707206272513105	-2.876709959945519	2	2
pseudo_1254	0.44832100205667635	5.937829208059958	4	4	0.583754569978568	-5.273254072329596	4	4
pseudo_1255	0.5049490766008549	1.8743817359684136	3	3	0.7100221841915572	-2.8212462241537284	3	3
pseudo_1256	0.40332415484640427	1.8207512237550272	4	4	0.9074757572164002	-2.538839285296006	4	4
pseudo_1257	0.3272863668909277	2.5590761754093734	4	4	0.35535612168643926	-5.688988209070801	4	4
pseudo_1258	0.8777207887544841	2.646610385657723	3	3	0.3298374586338735	-5.656298583456901	3	3
pseudo_1259	0.6763439935511724	4.414248048400491	2	2	0.9184430153867233	-3.500110139564264	2	2
pseudo_126	0.7348419757547078	3.6949204714450055	2	2	0.2667432356540925	-4.997974521614585	2	2
pseudo_1260	1.0	5.009929973589472	3	3	0.6261019637321814	0.21435301100889478	3	3
pseudo_1261	0.18662662332564084	-1.114650854497705	3	3	0.32351376223601025	-6.004913077714086	3	3
pseudo_1262	0.5940731337648395	2.545859057179833	5	5	0.5471554677511148	-8.586710547187003	5	5
pseudo_1263	0.6862027827261539	6.711627217061699	4	4	0.6145190997412586	-1.7495804903866754	4	4
pseudo_1264	0.7107813450468223	2.4616334074132014	4	4	0.5172899513225464	-1.8302264999012159	4	4
pseudo_1265	0.02928182896989354	-1.849022106902072	3	3	0.03899145858374165	-9.38816040647207	3	3
pseudo_1266	0.04979692692789598	-1.7287004160446084	3	3	0.20432052338672468	-6.153676556740076	3	3
pseudo_1267	0.13693422654194684	-1.2800987024311148	3	3	0.10345223120123519	1.7826884911166374	3	3
pseudo_1268	0.41188430755359884	6.302083981177465	3	3	0.5049490766008549	0.5849442500456853	3	3
pseudo_1269			0	0			0	0
pseudo_127	0.8901057705370536	5.3197898108304065	5	5	0.6784998288382662	-5.657678374532808	5	5
pseudo_1270	0.4832948377607639	-0.8671299958597585	2	2	0.8193197426394996	-3.5239218042868217	2	2
pseudo_1271	0.36781437902017466	10.1393083757534	8	8	0.29489217837388515	-1.2142159384967715	8	8
pseudo_1272	0.26122960212685875	-0.16543295499140154	4	4	0.7190430278067974	-4.548943144863585	4	4
pseudo_1273	0.9488842462233943	2.0705920929157657	3	3	0.807532625941542	-5.20752050524349	3	3
pseudo_1274	0.7877345940824121	3.3339872617975046	3	3	1.0	-4.76035225932241	3	3
pseudo_1275	0.5760012318275167	-0.5988442354645773	2	2	0.2469239881666262	-8.179181664163776	2	2
pseudo_1276	0.8374584153852676	2.8290530207718096	3	3	0.3832800899235307	-5.649318873212363	3	3
pseudo_1277	0.7004983064120727	3.0413626577004975	3	3	0.7976173369272378	-5.078101610718012	3	3
pseudo_1278	0.7107813450468223	8.480669801123087	4	4	0.02880825250812986	-10.364406550612472	4	4
pseudo_1279	0.9590973165597236	0.05922215719605569	3	3	0.6261019637321814	-2.1011743347387584	3	3
pseudo_128	0.7949206956830592	4.944702551935502	2	2	0.24055279390476536	-8.065946654084481	2	2
pseudo_1280	0.9514557743257029	-0.1785893880344608	4	4	0.5244768771208793	-1.5095974784498127	4	4
pseudo_1281	0.19532670255928453	-1.1658206932373545	3	3	0.2872415035257284	-6.105052430274263	3	3
pseudo_1282	0.5234732311436927	1.5662941026243344	2	2	0.5031721828630555	-2.229160545117869	2	2
pseudo_1283	0.4046170516486274	6.596246968183062	3	3	0.938679567126398	-2.819247004388135	3	3
pseudo_1284	0.943486125521797	-0.11427295534645854	2	2	0.2667432356540925	1.145210234154197	2	2
pseudo_1285	0.13358156562690746	-1.2114533257175821	3	3	0.41188430755359884	-5.73082581060908	3	3
pseudo_1286	0.9955841849544221	2.452848229131621	4	4	0.49603912469264566	-5.887742351927229	4	4
pseudo_1287	0.2833710752863259	-1.5914014229161104	1	1	0.21898786288155614	-9.464686842542442	1	1
pseudo_1288	0.7003091513166854	1.837511062465176	5	5	0.2864753033887708	-1.6632463181725123	5	5
pseudo_1289	0.4266989518305365	10.111059924866986	6	6	0.8468807243394967	-6.795642307400027	6	6
pseudo_129	0.9811480173440964	2.9899691666776045	2	2	0.21043444464411698	-8.935689159258668	2	2
pseudo_1290	0.5639584801257445	2.148046900909971	3	3	0.7976173369272378	-2.7939824935390214	3	3
pseudo_1291	1.0	9.165354848653559	9	9	0.20613396155491437	-9.559271640480459	9	9
pseudo_1292	0.20475337654176373	8.903249299714648	2	2	0.25341245544895774	-5.166998075981708	2	2
pseudo_1293	0.2005985176322691	10.381712208109382	6	6	0.5807047769392868	-1.6311418643702191	6	6
pseudo_1294	0.8899552824280113	5.450162929444704	4	4	0.1716238560459925	-9.325946262943129	4	4
pseudo_1295	0.14383385829413525	-1.3174064735645399	3	3	0.6628844145825149	-5.184312688071821	3	3
pseudo_1296	0.41188430755359884	1.9158740655937312	3	3	0.11776244680974247	-6.556204709776494	3	3
pseudo_1297	0.26001871478706096	8.323232026755552	2	2	0.46385166080802676	-4.581358183591885	2	2
pseudo_1298	0.6604144290842578	5.58162322740268	7	7	0.9867725513796805	-5.855566538503503	7	7
pseudo_1299	0.3909825254655226	6.477081092764483	4	4	0.18227005539953733	1.0092458835276377	4	4
pseudo_13			0	0			0	0
pseudo_130	0.760827934703312	5.591290925452275	4	4	0.316472982588602	-8.505233525928297	4	4
pseudo_1300	0.5537272554962529	-0.6387493861221886	4	4	0.7692738389393025	-4.816186222864097	4	4
pseudo_1301	0.7374418725682856	-0.6090570021560922	1	1	0.14019407331015218	-10.067304922503581	1	1
pseudo_1302	0.857543272629919	2.8240444146139327	3	3	0.6536077735597845	-5.022567288074857	3	3
pseudo_1303	0.04832198166582556	-1.7336236866418435	3	3	0.15099699281410436	-6.404255025392715	3	3
pseudo_1304	0.5957479458358451	5.662947684775118	7	7	0.5395989368935845	-5.389256886181724	7	7
pseudo_1305	0.2701760209027281	1.6959176570414016	3	3	0.8676212504342513	-2.3429547555660095	3	3
pseudo_1306	0.9779236295852703	2.4566221870827616	4	4	0.960273889294336	-5.6297701107204405	4	4
pseudo_1307	0.10489149059277789	7.040055075486516	4	4	0.9867530958656652	-4.861633260550718	4	4
pseudo_1308	0.5546937179716545	3.7158780434422125	2	2	0.7230055446788708	-4.142567122383598	2	2
pseudo_1309	0.9449218128859289	6.48325733306505	5	5	0.06640321005801056	-9.91335204290185	5	5
pseudo_131	0.008906935736337952	11.171232977692696	3	3	0.15842880519441593	1.8843093175535826	3	3
pseudo_1310	0.28147396780603007	1.7571948049526849	3	3	0.18238547704937835	-6.191897309382575	3	3
pseudo_1311	0.1716238560459925	1.4420972551943783	4	4	0.7025535017910994	-3.268000267588518	4	4
pseudo_1312	0.27558848353861054	6.568470871025215	4	4	0.7692738389393025	-4.807518431417257	4	4
pseudo_1313	0.10758007954269416	-2.4160537576177923	1	1	1.0	0.013299746543427304	1	1
pseudo_1314	0.6223203939158157	5.7035580917973485	4	4	0.3971244218809826	-1.6148736976268256	4	4
pseudo_1315	0.7004978644871364	1.6105876512675081	3	3	0.12080212646655496	-8.964279705898784	3	3
pseudo_1316	0.14035143404874173	-1.5953919639816616	3	3	0.0667299892298361	-8.940356550034275	3	3
pseudo_1317	0.572651888193549	-0.5820576668363225	3	3	0.11776244680974247	-8.593688919555602	3	3
pseudo_1318	0.5244768771208793	6.276540453994194	4	4	0.36699718191404607	-1.3815423821435688	4	4
pseudo_1319	0.2538191244113619	1.6209913585496338	3	3	0.9590973165597236	-2.579581029427246	3	3
pseudo_132	0.2171364850088746	-1.2079327570879403	4	4	0.4417235445259694	-8.553946020888176	4	4
pseudo_1320	0.11255424850090655	11.56849326732259	1	1	0.7543616813153047	-6.579519725091042	1	1
pseudo_1321	0.15396770293365164	9.515973204191539	2	2	0.7707206272513105	-4.050507926102765	2	2
pseudo_1322	0.6910212822201471	3.0395363043877954	3	3	0.8979780669324632	-2.580467115994321	3	3
pseudo_1323	0.3298374586338735	5.821286210070897	3	3	0.36944590760774776	0.7469145208124722	3	3
pseudo_1324	0.3362406571425379	-0.7179198252932201	3	3	0.4727514920463637	-5.7231691633306	3	3
pseudo_1325	0.2935215095172843	9.547124171792941	1	1	0.7885497547098268	0.4921044484346638	1	1
pseudo_1326	0.06193751951746069	10.393807642958738	2	2	0.8810372211357613	-3.3134135677988867	2	2
pseudo_1327	0.9779236295852703	0.40717786542805	4	4	0.2904766979343656	-1.2483944911010123	4	4
pseudo_1328	0.6534580244641217	4.380628513232478	2	2	0.6197372556879597	-4.351472637578026	2	2
pseudo_1329	0.032207299833241	-2.2595689310065885	4	4	0.012559109999147198	-10.133106724476008	4	4
pseudo_133	0.5084558986520227	6.6079451413123	5	5	0.628672400816976	-1.6686040616111948	5	5
pseudo_1330	0.7190430278067974	3.8404262408104994	4	4	0.5101543524447336	-8.712768983885303	4	4
pseudo_1331	0.04060949611557621	11.269889541078106	7	7	0.3239147849881475	-4.505292148455137	7	7
pseudo_1332			0	0			0	0
pseudo_1333	0.5214708247223392	5.917573836637582	3	3	0.681592431261696	-5.224432454613813	3	3
pseudo_1334	0.16145007862440564	9.956450775444084	4	4	0.5537272554962529	-2.217630037286543	4	4
pseudo_1335	0.10619788484674712	9.14522079003631	3	3	0.817478933088828	-2.0954089203540995	3	3
pseudo_1336	0.053637180241177175	10.63589953500021	2	2	0.6763439935511724	-4.170189735614174	2	2
pseudo_1337	0.3239147849881475	10.93126125334743	7	7	0.4309903280789076	-4.3230014185174905	7	7
pseudo_1338	0.2469239881666262	-1.7951322229838818	2	2	0.2469239881666262	-8.168417642610216	2	2
pseudo_1339	0.8899552824280113	2.2108959818403378	4	4	0.8464067914384638	-4.90281221565789	4	4
pseudo_134	0.5760012318275167	4.559450012526558	2	2	0.49317986809783765	0.7193950203339936	2	2
pseudo_1340	0.033829068530753785	0.9972794057009361	7	7	0.2849160013295533	-9.721130297763557	7	7
pseudo_1341	0.16613430479761138	8.286955296788035	3	3	0.2538191244113619	-6.223866061186949	3	3
pseudo_1342	0.14860212730876332	-1.5987884102066452	4	4	0.9955841849544221	-3.673145898676788	4	4
pseudo_1343	0.44936494294784546	1.6312100057671841	3	3	0.7582966833253433	-2.913282356801219	3	3
pseudo_1344	0.6712883928603809	4.091107018625746	5	5	0.9606431141605083	-8.721062166454358	5	5
pseudo_1345	0.9690968673228204	2.470027541018096	4	4	0.6223203939158157	-2.380709232395464	4	4
pseudo_1346	0.9184430153867233	-0.1011306868683679	2	2	0.5132704401927461	-7.474416106494701	2	2
pseudo_1347	0.3427232914952044	6.1539830100976305	3	3	0.7485590812707075	-2.2741090172566696	3	3
pseudo_1348	0.8580977240195489	-0.23804640987762227	1	1	1.0	-0.013299746543427304	1	1
pseudo_1349	0.4263035335613419	-1.001195352751802	2	2	0.21622797766547064	-8.875912727871267	2	2
pseudo_135	0.9309560254130228	4.0415408573042555	2	2	0.1991846701976533	-5.3109415018603965	2	2
pseudo_1350	0.5990473195523243	2.203063148817554	4	4	0.37887304970496727	-6.306546506344286	4	4
pseudo_1351	0.16818060019263514	7.22245549540258	4	4	0.18227005539953733	1.0222395105064346	4	4
pseudo_1352	0.47526323883022525	6.149986820245605	4	4	0.3729058339035942	1.075931017137612	4	4
pseudo_1353	0.77788590974574	3.0965461274643737	3	3	0.8274547153391009	-3.745678341715276	3	3
pseudo_1354	0.14551552859474182	-1.6073263456982285	4	4	0.07564188549031114	-9.378283955601768	4	4
pseudo_1355	0.70763528056557	9.09318690746189	5	5	0.21367136156482625	-1.2106434011096425	5	5
pseudo_1356	0.7107813450468223	-0.1767299995443219	4	4	0.9074757572164002	-2.6610982426829968	4	4
pseudo_1357	0.9309560254130228	3.722910972139722	2	2	0.5234732311436927	-4.509690593203819	2	2
pseudo_1358	0.14946917887741837	-1.5855109429579244	2	2	0.7230055446788708	-3.8066267561955613	2	2
pseudo_1359	0.44171773963395544	1.6513492064300335	3	3	0.2930882734796626	-3.742602054019967	3	3
pseudo_136	0.47526323883022525	-0.6651073479602179	4	4	0.3272863668909277	-1.1852658139947767	4	4
pseudo_1360	0.35675993039536746	-0.8855029187318166	2	2	0.8686231829899802	-3.9838960043842193	2	2
pseudo_1361	0.6780816007849325	2.5534431846172407	4	4	0.2171364850088746	-9.049330937635736	4	4
pseudo_1362	0.348599297858214	-0.8967882637030904	2	2	0.7827943880091204	-1.5747708720821647	2	2
pseudo_1363	0.3384041041655398	1.6011986675523069	5	5	0.812762691615128	-7.71204183816102	5	5
pseudo_1364	0.1991846701976533	6.463303091125415	2	2	0.39059206911780864	-1.5042570377917497	2	2
pseudo_1365	0.924867190798747	6.14553487688809	6	6	0.5563436183560846	-8.96617020356598	6	6
pseudo_1366	0.77788590974574	3.1476791269668136	3	3	0.5991067732661075	-2.0712390184795395	3	3
pseudo_1367	0.1450716482581194	6.842886108502288	2	2	0.4082155626486066	-1.7407319758025435	2	2
pseudo_1368	0.9921255559593137	2.6507848055476164	5	5	0.70763528056557	-5.936855999821485	5	5
pseudo_1369	0.4046170516486274	5.783957706284319	3	3	0.45708667791105984	-5.404646584108594	3	3
pseudo_137	0.6641070974413117	6.485628317381924	5	5	0.9449218128859289	-2.3955925798371704	5	5
pseudo_1370	0.6459772262645747	5.450836917516997	4	4	0.6780816007849325	-2.43133962495471	4	4
pseudo_1371	0.5872591303419543	5.626984127121706	5	5	0.13615426904407302	-9.075222528494463	5	5
pseudo_1372	0.3903146090334727	-0.8457684633672352	3	3	0.5902270402154097	-5.602072799876784	3	3
pseudo_1373	0.12706716166765908	7.141529162179907	3	3	0.2433051751498202	1.5280347341434668	3	3
pseudo_1374	0.4355211924991299	-0.9405724926971262	2	2	0.1632724171511598	-8.81326396620473	2	2
pseudo_1375	0.47526323883022525	-0.10668598779504783	4	4	0.6539446629380772	-3.350382398321593	4	4
pseudo_1376	0.5234732311436927	-0.743520499854208	2	2	0.9309560254130228	-3.971529111091656	2	2
pseudo_1377	0.22815990815042086	8.753794237506444	2	2	0.1991846701976533	-5.302067544441393	2	2
pseudo_1378	0.4832948377607639	-0.44699407590875007	2	2	0.54418644491791	-2.54868065244642	2	2
pseudo_1379	0.8637776525500586	1.9968841752475772	4	4	0.3496239504081101	-1.929003648014633	4	4
pseudo_138	0.2183702723077101	1.163463691612307	3	3	0.7388614164667177	-2.8563294687656042	3	3
pseudo_1380	0.33263707091923744	-0.9069689700336134	2	2	0.6197372556879597	0.5193918049571461	2	2
pseudo_1381	0.77788590974574	2.87824018498676	3	3	0.6170453216111395	-1.6522966215352055	3	3
pseudo_1382	0.5337790800446239	-0.7291513915965249	2	2	0.09972273121213546	1.8311383842751496	2	2
pseudo_1383	0.7862470939278621	5.203132183634542	4	4	0.47526323883022525	-3.228631722820722	4	4
pseudo_1384	0.6628844145825149	3.0476211676369633	3	3	0.7877345940824121	-5.039957595774612	3	3
pseudo_1385	0.3903146090334727	4.153442740441543	3	3	0.807532625941542	-4.034842944263769	3	3
pseudo_1386	0.817478933088828	2.4289083128043805	3	3	0.44171773963395544	-1.4518524460088333	3	3
pseudo_1387	0.8127624173083443	6.324423263805617	5	5	0.12126533389173468	-9.440911963859877	5	5
pseudo_1388	0.17866822184674203	-1.5046735236236675	4	4	0.25656035218567863	-6.315372961697682	4	4
pseudo_1389	0.8934805595749318	3.236249601568053	2	2	0.1324729028541257	-9.18940872436822	2	2
pseudo_139	0.49317986809783765	4.230875365261845	2	2	0.2469239881666262	1.1374541915949614	2	2
pseudo_1390	0.4506449063112219	10.147223322413296	7	7	0.5232862542203554	-9.030752650569793	7	7
pseudo_1391	0.9059501726811324	4.810480954069103	2	2	0.2469239881666262	1.602413617585703	2	2
pseudo_1392	0.2538191244113619	6.717108047458692	3	3	0.7004983064120727	-5.194380100628737	3	3
pseudo_1393	0.16613430479761138	6.586027933072024	3	3	0.9590973165597236	-2.651296715652315	3	3
pseudo_1394	0.44485203635700854	-0.5268162252793824	2	2	0.5867979333899076	-2.6285368236191453	2	2
pseudo_1395	0.6356946053480439	1.6528102988623117	5	5	0.05068657494966276	-10.296653910020337	5	5
pseudo_1396	0.2701760209027281	-0.9251811256133244	3	3	0.9081325431775695	-2.509949041431638	3	3
pseudo_1397	0.011541727453232628	-2.2585684924589473	3	3	0.44171773963395544	-3.305541658668577	3	3
pseudo_1398	0.9250413668834809	5.77502759404798	4	4	0.17511960807608284	1.5154498642311955	4	4
pseudo_1399	0.8291102573791971	5.613336686977061	4	4	0.1517384732432671	-9.797145720178444	4	4
pseudo_14	0.572651888193549	2.0462729254691046	3	3	0.25919303965783735	-6.066623897307227	3	3
pseudo_140	0.7976173369272378	2.8779535409205326	3	3	0.7877345940824121	0.14476153270450123	3	3
pseudo_1400	0.13365818902521173	-1.404620812462971	4	4	0.8033225495919747	-2.9915480318301833	4	4
pseudo_1401	0.13693422654194684	-1.2672284891857035	3	3	0.37632376895680564	-5.358505455262061	3	3
pseudo_1402	0.8777207887544841	0.06879704952232076	3	3	0.5214708247223392	-1.9728999927623123	3	3
pseudo_1403	0.8756809442317873	-0.2027669227342539	1	1	0.3478950215852922	-9.076052342360587	1	1
pseudo_1404	0.2667432356540925	-1.1556865770362013	2	2	0.8686231829899802	-4.087650471981612	2	2
pseudo_1405	0.9488842462233943	2.349436140779374	3	3	0.44936494294784546	0.536679775408222	3	3
pseudo_1406	0.10758007954269416	-2.4160537576177923	1	1	1.0	0.013299746543427304	1	1
pseudo_1407	0.5131753215067887	2.1123927100510476	3	3	0.4727514920463637	-3.1137492080098106	3	3
pseudo_1408	0.05774928662088018	-1.6741026212570869	3	3	0.6443843541768188	-5.453214477471653	3	3
pseudo_1409	0.2297621893398918	2.426529687511449	4	4	0.8724883884492399	0.18409059874170816	4	4
pseudo_141	0.44732399934907996	8.771651548231134	1	1	0.3039130501043371	1.5279497195705978	1	1
pseudo_1410	0.13081396961882905	8.923613214829915	4	4	0.06863300327748961	2.0517291500900026	4	4
pseudo_1411	0.561162729966211	-0.6135680984087303	4	4	0.435182026075545	-8.728212500729951	4	4
pseudo_1412	0.34928526832606266	1.2150572126666173	3	3	0.05286022354376486	1.7020708682469756	3	3
pseudo_1413	0.42869676701719506	1.9149938331067755	4	4	0.5990473195523243	-6.081940426282397	4	4
pseudo_1414	0.0857794862009348	9.508249323575859	3	3	0.9081325431775695	-2.7926725401401384	3	3
pseudo_1415	0.14035143404874173	-1.3799740896420751	3	3	0.635215358517195	-2.2007774611169517	3	3
pseudo_1416	0.6679019387390455	7.106571800463577	8	8	0.9476109540699755	-9.220297799327602	8	8
pseudo_1417	0.7680727798663671	2.273477857719137	3	3	0.7004983064120727	-3.418140237196448	3	3
pseudo_1418	0.19532670255928453	6.864960995414165	3	3	0.45708667791105984	-1.7187339555946453	3	3
pseudo_1419	0.24516424829013395	-1.6583425818879753	1	1	0.18729550720986088	-9.531628001514308	1	1
pseudo_142	0.11659653450468818	1.2500780030721685	5	5	0.9763797354676471	-5.517943855344067	5	5
pseudo_1420	0.19266039305614902	1.3079410381433763	5	5	0.8745285091651482	-5.362097564626306	5	5
pseudo_1421	0.28054868460921445	5.360359321030398	2	2	0.8070967570385119	-3.256368514284986	2	2
pseudo_1422	0.3909825254655226	6.074754770290068	4	4	0.960273889294336	-5.65479024366536	4	4
pseudo_1423	0.8377487233667096	3.128105519418133	4	4	0.6699976455692489	-2.313667305374708	4	4
pseudo_1424	0.14035143404874173	6.792379837266851	3	3	0.20892878675953697	1.0343612407022251	3	3
pseudo_1425	0.8328383529427106	5.670880074924317	6	6	0.8892829723790645	-8.84277191384237	6	6
pseudo_1426	0.3362406571425379	1.595277028718075	3	3	0.12390403847852342	-6.376310031281862	3	3
pseudo_1427	0.9250413668834809	2.4594642901753794	4	4	0.561162729966211	-8.34167138070161	4	4
pseudo_1428	0.12706716166765908	8.827317449057835	3	3	0.3626467387531258	-5.571964627329655	3	3
pseudo_1429	0.14383385829413525	7.061184603282011	3	3	0.9183020542901625	-2.5842886372758964	3	3
pseudo_143	0.22213694235012693	-1.8338568810986766	2	2	0.8686231829899802	-3.9729999881293745	2	2
pseudo_1430	0.07899305670477724	-1.9014906760230605	3	3	0.572651888193549	-5.477824448882405	3	3
pseudo_1431	0.5298347942712703	-0.04795796607317667	3	3	0.9488842462233943	-2.0158088676087607	3	3
pseudo_1432	0.4727514920463637	3.4596887872424666	3	3	0.6170453216111395	-1.5470020383926653	3	3
pseudo_1433	1.0	5.62247041385087	5	5	0.1468386510727504	1.3739777428159743	5	5
pseudo_1434	0.4532139128979571	11.27134560199481	5	5	0.38512095771632404	-8.321620418971653	5	5
pseudo_1435	0.7898761590839725	9.392514816014646	5	5	0.9842518788720768	-2.820481981739954	5	5
pseudo_1436	0.06193751951746069	10.270384796370246	2	2	0.943486125521797	-3.423476270286165	2	2
pseudo_1437	0.7356643917098116	2.6002349994573724	4	4	0.08322423456087212	-9.963652061944408	4	4
pseudo_1438	0.44171773963395544	3.4774736574691545	3	3	0.27578552776006304	0.9239549437115101	3	3
pseudo_1439	0.10554041502914628	1.7154824992592932	5	5	0.6009230714720388	-2.3731707403918443	5	5
pseudo_144	0.5298347942712703	-0.08204291872515974	3	3	0.15842880519441593	1.5926848302820942	3	3
pseudo_1440	0.17634467749428184	-0.4525432739610468	5	5	0.08238735500225812	-0.7114253270958527	5	5
pseudo_1441	0.9309560254130228	0.19796171304699461	2	2	0.032798151853047255	2.9842965214283126	2	2
pseudo_1442	0.05946026614176678	-1.6030478388056622	3	3	0.635215358517195	-0.9384686416830071	3	3
pseudo_1443	0.8812146128815848	2.1440647317430632	4	4	0.46168237057588557	-1.963055357252297	4	4
pseudo_1444	0.30069752877667444	6.517447709463731	4	4	0.45497406185185574	-1.410347536170234	4	4
pseudo_1445	0.9937154859688025	3.6345306995466986	2	2	0.22213694235012693	1.4157677679911385	2	2
pseudo_1446	0.516896830695802	8.111663706365697	1	1	0.9643471896271987	-0.0565266343814505	1	1
pseudo_1447	0.15842880519441593	8.977490905861409	3	3	0.7100221841915572	0.3451034745346581	3	3
pseudo_1448	0.1741183190373352	6.636223482948821	3	3	0.6443843541768188	-2.166975779473681	3	3
pseudo_1449	0.6857408265517967	6.319473469651393	5	5	0.7974859393330709	-4.946200103543105	5	5
pseudo_145	0.4341455934714077	2.0574622473776256	3	3	0.21361189200251973	-6.083370766828711	3	3
pseudo_1450	0.7827943880091204	-0.2737651733372264	2	2	0.18838083371036818	-8.939531843324136	2	2
pseudo_1451	0.938679567126398	-0.13258912710767845	3	3	0.37632376895680564	-1.6698600873496925	3	3
pseudo_1452	0.5049490766008549	3.3148231628131426	3	3	0.681592431261696	-1.7400824331216533	3	3
pseudo_1453	0.5298347942712703	5.913085521219422	3	3	0.3832800899235307	-5.833401222331498	3	3
pseudo_1454	0.12311286179603145	1.0431584313896873	7	7	0.2526465970408005	-9.3166497379165	7	7
pseudo_1455	0.7467417269274196	3.638566471641888	2	2	0.5031721828630555	-4.72584231925256	2	2
pseudo_1456	0.4024605751481023	1.150716488447901	7	7	0.9669393295281391	-8.619690796855844	7	7
pseudo_1457	0.857543272629919	-0.014041958237800559	3	3	0.5049490766008549	-5.429965096756869	3	3
pseudo_1458	0.7107813450468223	0.6569536127222181	4	4	0.01922883968175126	2.3999902366165267	4	4
pseudo_1459	0.19094019330324996	6.744575434910547	3	3	0.10076330615839629	1.5077307834818054	3	3
pseudo_146	0.6604144290842578	10.400577298033063	7	7	0.36623381198880045	-9.907324356252017	7	7
pseudo_1460	0.4222673652870853	-0.6112972696134404	4	4	0.5611621342028958	-5.65238409859051	4	4
pseudo_1461	0.2563875073504688	9.5794540455654	5	5	0.40153017470214747	-8.815479592918244	5	5
pseudo_1462	0.9937154859688025	-0.09353674220769115	2	2	0.18838083371036818	-8.466822161834024	2	2
pseudo_1463	0.7877345940824121	-0.17135828959156255	3	3	0.4341455934714077	-5.844397412059745	3	3
pseudo_1464	0.46168237057588557	0.06382378098172214	4	4	0.9514557743257029	-4.988627547778855	4	4
pseudo_1465	0.4712419457351231	-0.8714810426319074	5	5	0.39601437678611273	-9.606635940718904	5	5
pseudo_1466	0.5991067732661075	5.873187697675811	3	3	0.572651888193549	0.40865293912857564	3	3
pseudo_1467	0.7039885148125664	-0.6556145097717874	1	1	0.2026907163347288	-9.52889992939812	1	1
pseudo_1468	0.16818060019263514	-1.4665052005441694	4	4	0.7440222840892492	-5.744449756863382	4	4
pseudo_1469			0	0			0	0
pseudo_147	0.6086679030307207	4.5302305277349655	2	2	0.35675993039536746	-4.821986776302528	2	2
pseudo_1470	0.513623034461384	9.545528583495454	8	8	0.2293422488176008	-1.3740552094675216	8	8
pseudo_1471	0.46385166080802676	2.349610824980431	2	2	0.0817330336195089	-9.576047500955843	2	2
pseudo_1472	0.9693171048552904	2.689446875894666	3	3	0.7100221841915572	-2.971914599417154	3	3
pseudo_1473	0.8686231829899802	3.601152856675787	2	2	0.4832948377607639	0.7403738947771636	2	2
pseudo_1474	0.9059501726811324	3.5247499051616407	2	2	0.5234732311436927	-4.635446167735364	2	2
pseudo_1475	0.8777207887544841	2.593897233466095	3	3	0.28147396780603007	0.9270785508429883	3	3
pseudo_1476	0.8193197426394996	4.0798320947825	2	2	0.7949206956830592	0.1183882287451008	2	2
pseudo_1477	0.07900801304070156	10.165232392189667	2	2	0.7348419757547078	-3.4510422889010064	2	2
pseudo_1478	0.9338384395476218	3.5254649561913975	4	4	0.6780816007849325	-8.549812348369139	4	4
pseudo_1479	0.6619517322688329	5.951297141380832	4	4	0.6301643374705801	-4.507791756485426	4	4
pseudo_148	0.9527801665814166	5.791708650671992	5	5	0.27330042145622	-8.655144423532667	5	5
pseudo_1480	0.31110500716922107	-0.9518297637978707	3	3	0.34928526832606266	-6.0407329082581755	3	3
pseudo_1481	0.9969160814229108	9.280949795436214	8	8	0.4372231976261428	-5.541187119031995	8	8
pseudo_1482	0.12801692075860027	1.919447792191259	4	4	0.3058967477519794	-6.086069201280292	4	4
pseudo_1483	0.09302949678756992	-1.4774065325871149	3	3	0.488707383064622	-4.352301649145387	3	3
pseudo_1484	0.2232043428842122	6.70354590350554	3	3	0.77788590974574	-2.4012221091389483	3	3
pseudo_1485	0.8164566872781962	6.633194509069707	7	7	0.036712909973729564	2.261030479494278	7	7
pseudo_1486	0.2876302927634743	-1.0449883237692115	2	2	0.7587021685204839	-4.223995991404264	2	2
pseudo_1487	0.3535552428985458	6.57531986461873	5	5	0.06640321005801056	0.716777206133222	5	5
pseudo_1488	0.9183020542901625	2.7231512800376287	3	3	0.857543272629919	-2.795548504820154	3	3
pseudo_1489	0.572651888193549	3.156588576238228	3	3	0.10076330615839629	1.5395149608608865	3	3
pseudo_149	0.39572440484188987	9.071297783788493	1	1	0.7885497547098268	-1.942610501431952	1	1
pseudo_1490	0.9677612673054269	4.004463393565243	6	6	0.4111922792823993	-4.834973134608997	6	6
pseudo_1491	0.43407741678597844	8.935439428282786	1	1	0.5611813673562704	0.8197479253765478	1	1
pseudo_1492	0.6712883928603809	6.211079160625299	5	5	0.4126991736949496	-9.480499361499165	5	5
pseudo_1493	0.9426435994569503	2.429116595791801	4	4	0.02880825250812986	-9.694632371828579	4	4
pseudo_1494	0.943486125521797	4.763965001706599	2	2	0.5976874661302043	-2.824343074622223	2	2
pseudo_1495	0.15261095350041834	10.74319852680061	1	1	0.1591251103815977	2.350538948080698	1	1
pseudo_1496	0.887840270027302	2.793634685278572	3	3	0.857543272629919	-0.2261499703786133	3	3
pseudo_1497	0.03686227084151124	-2.249749828310904	2	2	0.9560302257852438	0.11424043995955943	2	2
pseudo_1498	0.23429830533849683	-1.2008025916905396	2	2	0.5652992261622686	0.5599244285706227	2	2
pseudo_1499	0.3478950215852922	9.43889917578612	1	1	0.21072533553789796	1.8808275812182924	1	1
pseudo_15	0.5034229919736972	6.631940143502331	6	6	0.8751074474121855	-3.505742248285919	6	6
pseudo_150	0.8274547153391009	2.510764008666382	3	3	0.581408405452535	-5.4824452263039625	3	3
pseudo_1500	0.8070967570385119	-0.20480459758891012	2	2	0.3405582737464351	-8.371718996569651	2	2
pseudo_1501	0.22811450046427606	-1.1242331592196375	3	3	0.9795419345200578	-2.4800248757011967	3	3
pseudo_1502	0.05766329329449868	10.575627309299568	2	2	0.5652992261622686	-4.601378976977184	2	2
pseudo_1503	0.6301643374705801	3.164025748383359	4	4	0.13365818902521173	1.3107447926363573	4	4
pseudo_1504	0.03686227084151124	-2.1516317412109807	2	2	0.7230055446788708	0.3206800530477434	2	2
pseudo_1505	0.1991846701976533	-1.4113709403901415	2	2	0.5132704401927461	0.6607607646782492	2	2
pseudo_1506	0.049530887609759336	9.985222193261862	5	5	0.18274285424366898	-1.3675573992053478	5	5
pseudo_1507	0.8756809442317873	0.23183794539208868	1	1	0.17992969004285786	2.248816802786866	1	1
pseudo_1508	0.2734611042930757	-1.6061712347078156	1	1	0.1285693557310252	-10.216422248500354	1	1
pseudo_1509	0.681592431261696	2.8230175761424134	3	3	0.4648823892778319	-5.574913553799875	3	3
pseudo_151	0.9183020542901625	0.8120214678182629	3	3	0.019620317165457347	3.003111221633113	3	3
pseudo_1510	0.9514557743257029	2.7328891243057245	4	4	0.8812146128815848	-5.134547373696218	4	4
pseudo_1511	0.4172021210794411	-0.972374593268297	2	2	0.034108014153079735	-10.138464230585628	2	2
pseudo_1512	0.5049490766008549	6.108666836610968	3	3	0.4727514920463637	-5.449910425347373	3	3
pseudo_1513	0.7440222840892492	2.332585153922554	4	4	0.34395081708954467	-1.1389115966921237	4	4
pseudo_1514	0.2930882734796626	6.560622564975624	3	3	0.7195915739470362	-5.273658947030593	3	3
pseudo_1515	0.18963477493146974	1.1364434509853734	4	4	0.08930589622693634	-9.429600327463762	4	4
pseudo_1516	0.07383710534665971	9.808880223344582	4	4	0.8291102573791971	0.34429089237434535	4	4
pseudo_1517	0.8777207887544841	2.502356772867406	3	3	0.5382664090392814	-1.6811319933322206	3	3
pseudo_1518	0.07935945003234322	8.253477846590979	4	4	0.053419191630219874	2.364547335501766	4	4
pseudo_1519	0.9189767932354778	9.977301209939377	9	9	0.5038378515586508	-10.352289102291444	9	9
pseudo_152	0.348599297858214	5.021652608982679	2	2	0.9309560254130228	-3.5699151659320685	2	2
pseudo_1520	0.8497859407520019	6.118471793836854	8	8	0.027314659004396082	-0.888065445876301	8	8
pseudo_1521	0.09574051832564463	-2.24070835642276	4	4	0.11472351614099535	-9.186906442946748	4	4
pseudo_1522	0.8374584153852676	0.2345654955917862	3	3	0.5049490766008549	-1.4215257634504879	3	3
pseudo_1523	0.1741183190373352	6.489483009326569	3	3	0.807532625941542	-2.7990788223662855	3	3
pseudo_1524	0.6380501973453063	6.223575037566427	4	4	0.8812146128815848	-2.696569278464679	4	4
pseudo_1525	0.4046170516486274	6.026503491623369	3	3	0.8374584153852676	-2.727413242415785	3	3
pseudo_1526	0.7976173369272378	0.6139020437496626	3	3	0.10076330615839629	1.8628140934845858	3	3
pseudo_1527	0.348599297858214	5.458333691049255	2	2	0.3405582737464351	1.0168470717849631	2	2
pseudo_1528	0.54418644491791	4.709384571424724	2	2	0.5546937179716545	0.5932309754613699	2	2
pseudo_1529	0.09972273121213546	-2.40234991000084	2	2	0.11701333024516755	-9.275635329627173	2	2
pseudo_153	0.561162729966211	2.051924742305341	4	4	0.8550834429594527	-5.261517196542691	4	4
pseudo_1530	0.9162534507847897	2.688628797667196	4	4	0.6862027827261539	-2.3145187290667475	4	4
pseudo_1531	0.5553291451165078	5.715491683901721	3	3	0.6722130506777154	0.40463323906060894	3	3
pseudo_1532	0.7582966833253433	2.3583804650687834	3	3	0.36944590760774776	0.7065397895270732	3	3
pseudo_1533	0.7388614164667177	3.178389870591774	3	3	0.9284849484165043	-4.516686191484912	3	3
pseudo_1534	0.4341455934714077	3.868807306494858	3	3	0.42664900025009844	-5.791845060800703	3	3
pseudo_1535	0.8377487233667096	2.949336854075488	4	4	0.9074757572164002	-2.8620962614496115	4	4
pseudo_1536	0.04548201396476255	10.263842721459904	3	3	0.9488842462233943	-0.4609003940153457	3	3
pseudo_1537			0	0			0	0
pseudo_1538	0.8291102573791971	1.903727046744218	4	4	0.5101543524447336	-5.6589387203226025	4	4
pseudo_1539	0.3832800899235307	3.736342705083222	3	3	0.7004983064120727	-5.264397834390484	3	3
pseudo_154	0.014846443443714762	-2.0802542999252083	3	3	0.07264995659654117	-9.091494871471896	3	3
pseudo_1540	0.41922842609855726	-0.688166540615177	3	3	0.6910212822201471	-5.158920456924318	3	3
pseudo_1541	0.5670373945181679	9.62897995954548	5	5	0.9213819296189663	-2.4850084547768896	5	5
pseudo_1542	0.6722130506777154	3.7492905715150324	3	3	0.938679567126398	-4.351129639247353	3	3
pseudo_1543	0.8118961703235092	3.20360239694111	4	4	0.561162729966211	-8.38990615112564	4	4
pseudo_1544	0.24516424829013395	-1.6583425818879753	1	1	0.18729550720986088	-9.531628001514308	1	1
pseudo_1545	0.18662662332564084	6.860219584105326	3	3	0.9488842462233943	-2.570422123122421	3	3
pseudo_1546	0.3734388537711759	-1.1070592085537463	2	2	0.7230055446788708	-3.161416570947737	2	2
pseudo_1547	0.8328383529427106	5.663528285526951	6	6	0.6118400950320667	-5.2056361905001864	6	6
pseudo_1548	0.2469239881666262	-1.3768361528331772	2	2	0.12455614147911047	-9.25012157245951	2	2
pseudo_1549	0.12304509617795742	11.456419725535538	1	1	0.4607974608620333	1.0747115636275975	1	1
pseudo_155	0.10758007954269416	11.679639273508371	1	1	0.08940137145411478	4.5913494963114045	1	1
pseudo_1550	0.18729550720986088	-1.877096426161076	1	1	0.2026907163347288	1.9697878655882943	1	1
pseudo_1551	0.2667432356540925	8.93824328073502	2	2	0.8562414491164003	0.24518148235850115	2	2
pseudo_1552	0.8686231829899802	4.904548520255255	2	2	0.9560302257852438	-3.4765314965531084	2	2
pseudo_1553	0.49603912469264566	-0.8472636491335779	4	4	0.47526323883022525	-4.5421455610226715	4	4
pseudo_1554	0.5131753215067887	3.767533113535729	3	3	0.6443843541768188	-5.2020382912583445	3	3
pseudo_1555	0.7862470939278621	2.499198424287476	4	4	0.02572249376531962	-9.753137415431624	4	4
pseudo_1556	0.817478933088828	2.8242007604205797	3	3	0.2930882734796626	-5.727328524003078	3	3
pseudo_1557	0.17320826060585537	0.9930792077529453	5	5	0.7149881693650988	-5.954383640250427	5	5
pseudo_1558	0.07063061354507821	9.03455206240107	3	3	0.32351376223601025	-1.4279578235247536	3	3
pseudo_1559	0.8033225495919747	5.353493142619574	4	4	0.6699976455692489	-3.072344740596472	4	4
pseudo_156	0.572651888193549	6.0084910383955465	3	3	0.18662662332564084	-8.465319631955841	3	3
pseudo_1560	0.4773380427055237	2.8025816360299682	5	5	0.369128286167946	-1.451458216236461	5	5
pseudo_1561	0.8231500732201832	0.2986955823132327	1	1	0.2935215095172843	-9.16072764974153	1	1
pseudo_1562	0.9057255722685742	5.636805497906566	5	5	0.9292219346038727	-4.942164962608581	5	5
pseudo_1563	0.33263707091923744	5.218950423639911	2	2	0.3734388537711759	0.941103184109561	2	2
pseudo_1564	0.2854549682814288	4.572127818199175	4	4	0.05912789086696351	-0.15513352350158746	4	4
pseudo_1565	0.1859254590079109	1.2350946696964027	4	4	0.5686461851932001	-5.695510670718036	4	4
pseudo_1566	0.5030705818716052	5.97786928188481	4	4	0.1581620463822927	-1.4136437509099373	4	4
pseudo_1567	0.21367067798826622	10.468782072943162	5	5	0.0649555164265938	2.213022778457099	5	5
pseudo_1568	0.807532625941542	1.897459365975255	3	3	0.05774928662088018	-9.206120595333848	3	3
pseudo_1569	0.9590973165597236	2.7805323165923377	3	3	0.09056006785896907	1.382397506856515	3	3
pseudo_157	0.9141837723853234	4.6662004128306345	7	7	0.8036055224775398	-9.105684923687184	7	7
pseudo_1570	0.2274805201786506	9.838605297019585	1	1	0.8405846234272769	0.346155892534434	1	1
pseudo_1571	0.23310112281376305	6.360297255219254	3	3	0.3832800899235307	-5.874175228254786	3	3
pseudo_1572	0.8274547153391009	2.433514745900473	3	3	0.2183702723077101	-6.295685894002026	3	3
pseudo_1573	0.4735183663543777	-0.7178678074910643	2	2	0.08453381130242482	-9.384222133331612	2	2
pseudo_1574	0.04294198853796569	10.874353114846183	2	2	0.2469239881666262	1.1355901815134875	2	2
pseudo_1575	0.7498483117336404	6.283835713924915	6	6	0.605554125898614	-5.155009411864218	6	6
pseudo_1576	0.2538191244113619	6.151584890007534	3	3	0.23310112281376305	-1.042042447050184	3	3
pseudo_1577	0.037792458296951645	10.152784638548608	3	3	0.9693171048552904	-2.024466344850536	3	3
pseudo_1578	0.1473821605696614	7.264617838471686	3	3	0.581408405452535	-1.7057098735580525	3	3
pseudo_1579	0.34845789557922413	2.669505378700593	5	5	0.44141476891942644	-8.927070943253337	5	5
pseudo_158	0.22937483538735048	10.237629014209835	7	7	0.3079168622787629	-9.078609043108042	7	7
pseudo_1580	0.18227005539953733	2.0609427910244005	4	4	0.2904766979343656	-0.31348956193985217	4	4
pseudo_1581	0.9514557743257029	5.599130919343067	4	4	0.48213500906045337	-3.1223195814498896	4	4
pseudo_1582	0.857543272629919	2.871430993285428	3	3	0.49679285269466833	-5.742288023410932	3	3
pseudo_1583	0.7582966833253433	3.2864112197194757	3	3	0.42664900025009844	-1.0504932082136273	3	3
pseudo_1584	0.6189301071360724	1.8273844097726653	7	7	0.5072304482674703	-9.564716769220984	7	7
pseudo_1585	0.16808088745598926	-1.4990813158548928	2	2	0.6421344536862842	-4.199354055156261	2	2
pseudo_1586	0.1473821605696614	6.409912168052325	3	3	0.7976173369272378	-3.7083024747304605	3	3
pseudo_1587	0.8398531670608247	5.318603491516918	6	6	0.7635085933085559	-5.310133913216444	6	6
pseudo_1588	0.5463403592377412	4.051219704778763	4	4	0.5101543524447336	-1.1539264118760468	4	4
pseudo_1589	0.9779236295852703	2.782269863545339	4	4	0.2171364850088746	-1.1298122206031056	4	4
pseudo_159	0.20108949383161157	6.339434213340328	4	4	0.3272863668909277	-1.8030704290021793	4	4
pseudo_1590	0.18238547704937835	-0.6321732605162612	3	3	0.887840270027302	-1.9794550710828622	3	3
pseudo_1591	0.14035143404874173	9.063235673586108	3	3	0.77788590974574	-3.008008415736846	3	3
pseudo_1592	0.09815496360702221	11.830564788288573	1	1	0.1285693557310252	2.941690174298179	1	1
pseudo_1593	0.9292219346038727	5.066494124379814	5	5	0.2954931226483466	-9.521148677834871	5	5
pseudo_1594	0.8686231829899802	4.538217627489933	2	2	0.23429830533849683	-8.17157507105781	2	2
pseudo_1595	0.9590973165597236	2.488248159863423	3	3	0.12390403847852342	1.2472876369683814	3	3
pseudo_1596	0.1727813428673589	-1.9209226671257014	1	1	0.1591251103815977	-9.794965208281292	1	1
pseudo_1597	0.938679567126398	2.7340644946599633	3	3	0.41922842609855726	0.7085654523828019	3	3
pseudo_1598	0.6780816007849325	1.6634001417850586	4	4	0.2707435294471149	-1.3890900517191878	4	4
pseudo_1599	0.1517384732432671	10.352107490967091	4	4	0.9690968673228204	-4.5043888630901705	4	4
pseudo_16	0.28782263020979615	1.5263638913249948	8	8	0.8316529651866004	-5.843715606184323	8	8
pseudo_160	0.5902270402154097	2.1281916636508775	3	3	0.572651888193549	-3.6929200008169683	3	3
pseudo_1600	0.2864753033887708	10.563416206467839	5	5	0.9763797354676471	-8.419135544238456	5	5
pseudo_1601	0.8315867888149642	-0.2931744497674682	2	2	0.23429830533849683	-8.373978619033222	2	2
pseudo_1602	0.49679285269466833	3.666991313999304	3	3	0.488707383064622	-1.601761790745947	3	3
pseudo_1603	0.6722130506777154	2.9732375024566853	3	3	0.6536077735597845	0.2989882360296716	3	3
pseudo_1604	0.5382664090392814	3.205074485539857	3	3	0.41922842609855726	0.6210225552033255	3	3
pseudo_1605	0.18838083371036818	6.042914291300736	2	2	0.04458798971986892	2.5673610363133674	2	2
pseudo_1606	0.17992969004285786	-1.887209724804169	1	1	0.6229388140359395	0.6280603595520595	1	1
pseudo_1607	0.08741173791864212	-1.8689517054350357	2	2	0.09036820482369115	-9.449730239708984	2	2
pseudo_1608	0.20108949383161157	-1.2193397422852883	4	4	0.8377487233667096	-4.947977496435609	4	4
pseudo_1609	0.7947725309220217	2.27888343380325	4	4	0.48213500906045337	-5.785499051252092	4	4
pseudo_161	0.943486125521797	4.034571100101528	2	2	0.4832948377607639	-2.3570420489784114	2	2
pseudo_1610	0.5340953041129333	1.8560114967135135	5	5	0.08593161638782727	2.3502540786191166	5	5
pseudo_1611	0.14860212730876332	10.137916730112233	4	4	0.5463403592377412	-5.6544640721828685	4	4
pseudo_1612	0.49679285269466833	5.463348269242	3	3	0.25919303965783735	-3.8901912811738764	3	3
pseudo_1613	0.8291102573791971	1.5824405311552774	4	4	0.2955575294992029	-9.326237477842058	4	4
pseudo_1614	0.9183020542901625	2.625688164989949	3	3	0.3974270360203289	-1.4914826593869825	3	3
pseudo_1615	0.06121309594928277	9.653090411818937	3	3	0.77788590974574	-0.2789013797444251	3	3
pseudo_1616	0.9074757572164002	4.065837138273957	4	4	0.6539446629380772	-4.864847032680083	4	4
pseudo_1617	0.20501771275674419	6.719059160710643	4	4	0.49603912469264566	-1.7153423730768715	4	4
pseudo_1618	0.35675993039536746	5.608616709919077	2	2	0.14077391037587741	2.584024307885374	2	2
pseudo_1619	0.8676212504342513	2.4808672148490936	3	3	0.5553291451165078	-2.048478912261937	3	3
pseudo_162	0.8374581668794847	2.385159489725653	3	3	0.238163840470474	-6.0916262556486105	3	3
pseudo_1620	0.3021525706062178	5.230329015352762	2	2	0.1991846701976533	1.220690808540426	2	2
pseudo_1621	0.6648619641725676	4.473688168594253	2	2	0.02912394013873426	3.1353092248634713	2	2
pseudo_1622	0.8934805595749318	4.134629731070013	2	2	0.9059501726811324	0.1494769812590817	2	2
pseudo_1623	0.5186184822165164	10.752067444249908	8	8	0.38027802411245115	-9.06439212632825	8	8
pseudo_1624	0.46385166080802676	2.2712886808514634	2	2	0.4355211924991299	0.8124581752020903	2	2
pseudo_1625	0.49317986809783765	2.327998167222672	2	2	0.8193197426394996	-3.489379859840936	2	2
pseudo_1626	0.0667299892298361	-1.6195699098407534	3	3	0.007952722027864987	-10.159774369976837	3	3
pseudo_1627	0.5172899513225464	7.163765452313537	4	4	0.19339833717057853	-0.7316879362067964	4	4
pseudo_1628	0.4266482832401751	1.6308774577392013	3	3	0.12390345571721939	-0.14876020066437276	3	3
pseudo_1629	0.14035143404874173	7.048453643602055	3	3	0.7100221841915572	-1.8603186564640593	3	3
pseudo_163	0.2212883784401315	9.21313891463429	4	4	0.10972048242123814	-9.514402763597662	4	4
pseudo_1630	0.42664900025009844	5.803199713639677	3	3	0.5382664090392814	-1.899858469385886	3	3
pseudo_1631	0.39059206911780864	4.848887765753959	2	2	0.5337790800446239	-0.13845151426823088	2	2
pseudo_1632	0.7025535017910994	1.498124794462326	4	4	0.9426435994569503	-5.541706204759657	4	4
pseudo_1633	0.9309560254130228	3.5538426590314085	2	2	0.8562414491164003	-3.83740964858968	2	2
pseudo_1634	0.04004599624119546	10.474813354759684	4	4	0.5761770080731894	-8.52627740209522	4	4
pseudo_1635	0.47526323883022525	6.441464004859544	4	4	0.8724883884492399	-4.708838719988853	4	4
pseudo_1636	0.3729058339035942	-0.9052335094990666	4	4	0.3971244218809826	-7.831418177798418	4	4
pseudo_1637	0.9560302257852438	-0.11777537309722153	2	2	0.9059501726811324	-3.387706218044229	2	2
pseudo_1638	0.17821622394400205	-1.18205757628742	3	3	0.9488842462233943	-4.940350078536734	3	3
pseudo_1639	0.17511960807608284	6.998283770234046	4	4	0.3058967477519794	-1.5400738043925408	4	4
pseudo_164	0.9560302257852438	3.9925607140402297	2	2	0.44485203635700854	0.7510148266654091	2	2
pseudo_1640	0.10076330615839629	9.279022543200531	3	3	0.8676212504342513	-0.3940474314192859	3	3
pseudo_1641	0.3302395693304565	6.20119977859185	9	9	0.5272994204301344	-9.499269368608948	9	9
pseudo_1642	0.4806933714660837	2.0060977587626954	3	3	0.488707383064622	-5.6664544560084655	3	3
pseudo_1643	0.5916899949467961	2.897837018204151	1	1	0.09369619745309178	4.487053871175083	1	1
pseudo_1644	0.60722465846531	-0.9457002401600985	1	1	0.2637907313457758	1.6140015626121063	1	1
pseudo_1645	0.6523599103304474	9.23537873462431	9	9	0.8105047607841663	-9.087111600211022	9	9
pseudo_1646	0.960273889294336	5.644100466876169	4	4	0.7862470939278621	-2.7228438852704486	4	4
pseudo_1647	0.15099699281410436	-1.2430813843125972	3	3	0.7582966833253433	-5.233664187173253	3	3
pseudo_1648	0.37632376895680564	3.7473930212619515	3	3	0.20892878675953697	-8.211884751219038	3	3
pseudo_1649	0.6080465581711534	2.2395424216430655	3	3	0.9488842462233943	-4.646928807614736	3	3
pseudo_165	0.9955841849544221	3.0718429749243974	4	4	0.8987093483998948	-5.51369472936769	4	4
pseudo_1650	0.9590973165597236	2.400374935313184	3	3	0.6536077735597845	-1.8188968670824128	3	3
pseudo_1651	0.5406056685499856	2.444586503076987	5	5	0.9057255722685742	-5.668383834427932	5	5
pseudo_1652	0.22815990815042086	-1.3804097891229876	2	2	0.9937154859688025	-3.7981240694398357	2	2
pseudo_1653	0.10900100306015399	9.20793499516341	3	3	0.9081325431775695	-0.3277722832272701	3	3
pseudo_1654	0.7885497547098268	0.3236009240760538	1	1	0.31454611178649994	-9.134646996271435	1	1
pseudo_1655	0.19339833717057853	1.8077051127469914	4	4	0.10972048242123814	-9.554698803038226	4	4
pseudo_1656	0.5234732311436927	4.420665139248547	2	2	0.7348419757547078	-4.399120254946677	2	2
pseudo_1657	0.4046170516486274	-0.7352978996319847	3	3	0.4648823892778319	-1.8557741932361298	3	3
pseudo_1658	0.426304264648103	-0.9572975895590083	2	2	0.03546233334010026	-10.123354248502768	2	2
pseudo_1659	0.21361189200251973	-1.1578582324926525	3	3	0.6170453216111395	-5.494531687595096	3	3
pseudo_166	0.9690968673228204	0.04963218323005769	4	4	0.7947725309220217	-5.388755383905938	4	4
pseudo_1660	0.3626467387531258	5.538999246007752	3	3	0.5467648189425076	-2.039826742858429	3	3
pseudo_1661	0.13693422654194684	-1.3636637456194645	3	3	0.31110500716922107	-1.5490436625745883	3	3
pseudo_1662	1.0	2.798374567424821	3	3	0.27578552776006304	0.8760500701326007	3	3
pseudo_1663	0.014216211671476053	10.804331910323834	4	4	0.49603912469264566	-5.122416988226199	4	4
pseudo_1664	0.8812146128815848	5.513687755378258	4	4	0.727337672936651	-5.677966592094683	4	4
pseudo_1665	0.435182026075545	-0.7487610750548157	4	4	0.24290153575747864	1.218694219727462	4	4
pseudo_1666	0.06193751951746069	-1.9544030097915952	2	2	0.1063771717743601	-9.40339928602149	2	2
pseudo_1667	0.3713320395164146	-1.4599756123817418	1	1	0.16584750923179514	2.3387222400837895	1	1
pseudo_1668	0.418352034543059	2.430466540016354	5	5	0.11659653450468818	-9.3074608326759	5	5
pseudo_1669	0.8676212504342513	2.674666846720722	3	3	0.8274547153391009	-3.01089225551366	3	3
pseudo_167	0.8777207887544841	3.1262369500251643	3	3	0.7680727798663671	-2.24375769320599	3	3
pseudo_1670	0.24852326150131454	6.3595464469035505	3	3	0.572651888193549	-2.087508719465103	3	3
pseudo_1671	0.1612380799220019	-1.5880689034233335	7	7	0.3079161667383503	-8.682207291630105	7	7
pseudo_1672	0.6443843541768188	3.027802098406344	3	3	0.5214708247223392	-3.2272970312970446	3	3
pseudo_1673	0.1741183190373352	6.571829591870448	3	3	0.5639584801257445	-1.8054057072356777	3	3
pseudo_1674	0.11255424850090655	-2.3336864148844256	1	1	0.9821691428426891	0.023048601194876783	1	1
pseudo_1675	0.5652992261622686	4.972676509865474	2	2	0.6086679030307207	0.5506710931907228	2	2
pseudo_1676	0.8193197426394996	3.3671299333275924	2	2	0.6086679030307207	-2.7122189907802166	2	2
pseudo_1677	0.9488842462233943	4.88458198757157	3	3	0.635215358517195	-3.085008503185231	3	3
pseudo_1678	0.45497406185185574	-0.28825779301765514	4	4	0.06373420835937475	-0.5200696490962683	4	4
pseudo_1679	0.7190430278067974	6.196339699404281	4	4	0.7440222840892492	-2.8892641296803876	4	4
pseudo_168	0.11891324747424453	-1.4735080880429898	5	5	1.0	-7.476055114312493	5	5
pseudo_1680	0.4158962259539085	8.737260099114822	4	4	0.1859254590079109	1.0960944365518142	4	4
pseudo_1681	0.3910455199297733	1.9078675223415107	6	6	0.8609718865258386	-5.846886002737786	6	6
pseudo_1682	0.7467417269274196	-0.3495121306847606	2	2	0.5976874661302043	-4.533431334105883	2	2
pseudo_1683	0.15856839800853773	9.506109423306484	2	2	0.8810372211357613	0.14312851361999648	2	2
pseudo_1684	0.996416955399597	6.468572674150628	6	6	0.7979742755641177	-8.687170336266268	6	6
pseudo_1685	0.28545423542266657	6.437495008358499	4	4	0.8899551160878527	-5.165800402259312	4	4
pseudo_1686	0.5298347942712703	2.0413890428492056	3	3	0.8676212504342513	-3.097111081264813	3	3
pseudo_1687	0.6216836314791463	6.37972546209014	5	5	0.580481532882009	-4.129067822258144	5	5
pseudo_1688	0.8464067914384638	2.6392881005313367	4	4	0.06863300327748961	-9.429343080574888	4	4
pseudo_1689	0.20900142651766285	-1.1812537847130233	4	4	0.44832100205667635	-2.2150030569316104	4	4
pseudo_169	0.027432027432826613	10.087751930779703	3	3	0.488707383064622	0.6051683459887207	3	3
pseudo_1690	0.9309560254130228	4.203150175256046	2	2	0.9059501726811324	-3.334697042516069	2	2
pseudo_1691	0.8683227540272825	10.130542211813951	7	7	0.5179048840055225	-1.5275439067353747	7	7
pseudo_1692	0.2469239881666262	-1.215282446067861	2	2	0.5867979333899076	-4.5918627703743695	2	2
pseudo_1693	0.2904766979343656	4.452327107288198	4	4	0.03132701624194819	2.5581833596951884	4	4
pseudo_1694	0.11337887216598003	-1.7499448860897706	2	2	0.15856839800853773	-9.122319227115659	2	2
pseudo_1695	0.3140934554486424	1.5714429566258235	5	5	0.04619566775458048	-10.064893914241628	5	5
pseudo_1696	0.07935945003234322	10.028898015627307	4	4	0.7777472093928821	-5.336594459699822	4	4
pseudo_1697	0.9184430153867233	4.056306186185004	2	2	0.6879017788474364	-4.0788496318130285	2	2
pseudo_1698	0.26464526123392806	-0.9997402308840281	3	3	0.7680727798663671	-2.4610956922237186	3	3
pseudo_1699	0.77788590974574	-0.2078939692728395	3	3	0.44936494294784546	-1.9090956047485375	3	3
pseudo_17	0.8812146128815848	5.996075793393071	4	4	0.8899552824280113	-4.892020224880961	4	4
pseudo_170	0.938679567126398	2.9405505804629812	3	3	0.6443843541768188	-1.9055145183885236	3	3
pseudo_1700	0.5902270402154097	5.9305943033104755	3	3	0.44171773963395544	-5.502101871257255	3	3
pseudo_1701	0.583754569978568	3.462130175652456	4	4	0.6459772262645747	-8.352361500582779	4	4
pseudo_1702	0.4727514920463637	1.8833474782172157	3	3	0.2433051751498202	-6.31928383183083	3	3
pseudo_1703	0.9059501726811324	3.902568727980129	2	2	0.24055279390476536	-5.158809062162565	2	2
pseudo_1704	0.8562414491164003	3.681598791825066	2	2	0.6648619641725676	-4.312889669441219	2	2
pseudo_1705	0.760827934703312	5.5636190074375635	4	4	0.11220000976001827	-8.860422984963577	4	4
pseudo_1706	0.54418644491791	4.803323437676	2	2	0.6995329331934781	-3.07182414181967	2	2
pseudo_1707	0.1997866512069526	-1.2532195719012662	3	3	0.1997866512069526	-6.270680258524615	3	3
pseudo_1708	0.06883770574854947	-2.083536500210082	2	2	0.4172021210794411	0.8238699790686909	2	2
pseudo_1709	0.77788590974574	5.578051634062336	3	3	0.31110500716922107	1.1275446572353292	3	3
pseudo_171			0	0			0	0
pseudo_1710	0.843894999666673	3.59970485179924	2	2	0.9059501726811324	-3.958788772344194	2	2
pseudo_1711	0.2469239881666262	8.961833806052049	2	2	0.1632724171511598	1.4595097008114546	2	2
pseudo_1712	0.5611813673562704	7.1281137129078935	1	1	0.39572440484188987	-8.849917519338321	1	1
pseudo_1713	0.435182026075545	-0.8971846560030414	4	4	0.7190430278067974	-7.82386999935747	4	4
pseudo_1714	0.9560302257852438	0.059509526356900544	2	2	0.2667432356540925	1.1193819563127798	2	2
pseudo_1715			0	0			0	0
pseudo_1716	0.44171773963395544	3.718149120075111	3	3	0.27578552776006304	1.4850364489643717	3	3
pseudo_1717	0.26122960212685875	-1.08903292962584	4	4	0.7440222840892492	-5.181423917871042	4	4
pseudo_1718	0.32853777990252075	6.721339165591253	5	5	0.7974856436111185	-7.934149285234859	5	5
pseudo_1719	0.3218500317538018	-0.839269848289162	4	4	0.3729058339035942	-8.698004853529826	4	4
pseudo_172	0.21072533553789796	9.988422477228394	1	1	0.5025481717945951	0.9106973056791161	1	1
pseudo_1720	0.5561617922003087	6.55227137458554	7	7	0.8036052458765384	-8.698349434668998	7	7
pseudo_1721	0.4806933714660837	2.0826297100219424	3	3	0.3832800899235307	-5.558676041015314	3	3
pseudo_1722	0.857543272629919	2.966054863976451	3	3	0.7976173369272378	-1.8899012401514117	3	3
pseudo_1723	0.3285385019129936	1.7090066555512866	5	5	0.11206958781881962	-9.882859468354072	5	5
pseudo_1724	0.19532670255928453	-1.1956072619552316	3	3	0.3427232914952044	0.6974938397398044	3	3
pseudo_1725	0.40332415484640427	1.4649451674637304	4	4	0.35535612168643926	-9.06386586382723	4	4
pseudo_1726	0.02227062788930512	-2.0192299841093693	4	4	0.8724883884492399	-2.7652330213340406	4	4
pseudo_1727	0.572651888193549	-0.6206792247735647	3	3	0.37632376895680564	-1.7195474779266817	3	3
pseudo_1728	0.9779236295852703	5.870287395972039	4	4	0.2904766979343656	1.1703506647815558	4	4
pseudo_1729	0.6619517322688329	5.847861359912621	4	4	0.6943603633068561	-5.178364858946713	4	4
pseudo_173	0.9230216534808605	8.037387468229907	8	8	0.843732422080071	-9.555610413035927	8	8
pseudo_1730			0	0			0	0
pseudo_1731	0.6648619641725676	4.3756648250759245	2	2	0.5337790800446239	-5.069079756341296	2	2
pseudo_1732	0.02214396991574526	1.13760861006777	7	7	0.4606594550162896	-1.8402016714599168	7	7
pseudo_1733	0.42664900025009844	3.4316454808713495	3	3	0.17821622394400205	-0.7943614462826906	3	3
pseudo_1734	0.8164566872781962	1.3995920772923043	7	7	0.8748511040810242	-8.933291299384251	7	7
pseudo_1735	0.26900234135750667	1.758480560607314	5	5	0.5084558986520227	-6.204902740490408	5	5
pseudo_1736	0.7372048659394552	6.41801178289289	5	5	0.1143148834889915	1.886087167601432	5	5
pseudo_1737	0.22811450046427606	6.316978262373243	3	3	0.635215358517195	-1.720085690709835	3	3
pseudo_1738	0.9590973165597236	4.972721671376289	3	3	0.5991067732661075	-3.241213357743933	3	3
pseudo_1739	0.4222680711824055	3.644332814403977	4	4	0.13365818902521173	-1.3273703411505513	4	4
pseudo_174	0.49588253487570677	10.18663376616316	5	5	0.24021556531342048	-1.4315156165382656	5	5
pseudo_1740	0.4773380427055237	10.228608988073823	5	5	0.8358102806211967	-4.5790611181233265	5	5
pseudo_1741	0.5172899513225464	-0.7987990586226351	4	4	0.8550834429594527	-7.7178447428935515	4	4
pseudo_1742	0.6067611735997069	1.5355362902221312	4	4	0.5537272554962529	-5.628521062119618	4	4
pseudo_1743	0.7223684202083942	5.831627511771963	5	5	0.8823114501093878	-8.73371273670156	5	5
pseudo_1744	0.2595878818559293	10.191187644443586	7	7	0.7653823664453304	-8.7803826676002	7	7
pseudo_1745	0.8512553486721774	3.100114810491204	5	5	0.9213819296189663	-8.171536486435102	5	5
pseudo_1746	0.2173281220085853	-1.3754531164669952	5	5	0.9449218128859289	-5.964508831693705	5	5
pseudo_1747	0.8291102573791971	3.3343197776880067	4	4	0.6699976455692489	-8.064407932980078	4	4
pseudo_1748	0.77788590974574	2.4048145001486994	3	3	0.19532670255928453	-6.324386139753799	3	3
pseudo_1749	0.06533401151028467	11.563957460315947	4	4	0.9955841849544221	-4.512647993125156	4	4
pseudo_175	0.6763439935511724	-0.4788675255161552	2	2	0.3021525706062178	-8.351302800647568	2	2
pseudo_1750	0.3334477603189404	1.7893801263040008	5	5	0.7149885762338826	-5.958145035416851	5	5
pseudo_1751	0.7780647887663262	6.648313384284211	7	7	0.8813876258553303	-9.450668584744461	7	7
pseudo_1752	0.40958150230498125	2.2480826350842147	4	4	0.7777472093928821	-2.1500041363308564	4	4
pseudo_1753	0.6080465581711534	5.834144880319371	3	3	0.10076330615839629	-6.580060468561172	3	3
pseudo_1754	0.2954931226483466	2.493335165068002	5	5	0.9449218128859289	-4.5198681751212755	5	5
pseudo_1755	0.7292051126577086	-0.38365743263219265	3	3	0.77788590974574	-2.978851680513626	3	3
pseudo_1756	0.20892878675953697	5.881747642701467	3	3	0.07063061354507821	1.6598258808078628	3	3
pseudo_1757	0.48841291630298456	-1.212699457945515	1	1	0.1727813428673589	2.258993874559208	1	1
pseudo_1758	0.572651888193549	5.937174056005389	3	3	0.44936494294784546	-3.6507874515254026	3	3
pseudo_1759	0.6223203939158157	2.4670804888617517	4	4	0.8204924050072138	-4.773046712865143	4	4
pseudo_176	0.3832800899235307	1.9750702369232418	3	3	0.24852326150131454	-6.0045281928472924	3	3
pseudo_1760	1.0	6.822147246571874	7	7	0.7029696139617699	-7.4207769832058625	7	7
pseudo_1761	0.5382664090392814	3.7954966989468457	3	3	0.7976173369272378	-2.34785212311072	3	3
pseudo_1762	0.44485203635700854	-0.08319436084352372	2	2	0.23429830533849683	2.0288424596276684	2	2
pseudo_1763	0.943486125521797	0.06426777263673422	2	2	0.3405582737464351	0.8867029853168027	2	2
pseudo_1764	0.41922842609855726	5.4824140714351115	3	3	0.4341455934714077	0.6122322001754937	3	3
pseudo_1765	0.6722130506777154	-0.40800463366245676	3	3	0.77788590974574	-4.8554296184960934	3	3
pseudo_1766	0.5872591303419543	2.054619950514344	5	5	0.9135495572797638	-5.045828525214287	5	5
pseudo_1767	0.08814364739487834	9.289734138736138	3	3	0.3362406571425379	-3.4730727117977698	3	3
pseudo_1768	0.15842880519441593	-1.178694440860604	3	3	0.77788590974574	-2.208434348772214	3	3
pseudo_1769	0.7230055446788708	0.39063732867384315	2	2	0.5760012318275167	-2.745034702081356	2	2
pseudo_177	0.7292051126577086	3.0603768244789706	3	3	0.9693171048552904	-2.491346201852442	3	3
pseudo_1770	0.7910471807967634	6.639391422639228	6	6	0.03366186669320666	-10.002631857755073	6	6
pseudo_1771	0.9305196961511052	6.098622945194457	9	9	0.9132114172178563	-8.979579799915806	9	9
pseudo_1772	0.1972164712214105	2.4245848777533934	4	4	0.21304092415899312	-7.6131889381925895	4	4
pseudo_1773	0.887840270027302	2.6040031920947406	3	3	1.0	-2.5278809403814004	3	3
pseudo_1774	0.02030255749334904	-1.9434849432384553	3	3	0.9795419345200578	-2.4997291534599717	3	3
pseudo_1775	0.8291102573791971	5.627543705776287	4	4	0.6780816007849325	-2.0110382815253858	4	4
pseudo_1776	0.857543272629919	0.15017569984557197	3	3	0.02834392917239616	2.027257769756226	3	3
pseudo_1777	0.9110235132498601	0.13020837446215872	1	1	0.60722465846531	0.6549540288089798	1	1
pseudo_1778	0.32351376223601025	-0.9246186454518531	3	3	0.572651888193549	-5.160149588201931	3	3
pseudo_1779	0.5317146122276188	3.3849911261071575	4	4	0.8812146128815848	-4.858902838070804	4	4
pseudo_178	0.3405582737464351	-0.9441428739547169	2	2	0.09972273121213546	1.776798874702437	2	2
pseudo_1780	0.7707206272513105	3.1319979144868904	2	2	0.6197372556879597	-4.417198163433077	2	2
pseudo_1781	0.4222680711824055	6.683306754529174	4	4	0.16478946767576064	-9.276232792496197	4	4
pseudo_1782	0.6943603633068561	5.659515296525755	4	4	0.8637776525500586	-2.5465605274910463	4	4
pseudo_1783	0.9811480173440964	0.013104958662317756	2	2	0.031531601438047056	3.089483515543775	2	2
pseudo_1784	0.24290153575747864	6.627511712464318	4	4	0.9426435994569503	-4.180121837043367	4	4
pseudo_1785	0.1581620463822927	1.325559867319327	4	4	0.6223203939158157	-5.540432352627124	4	4
pseudo_1786	0.9779236295852703	2.8485028821408434	4	4	0.6699976455692489	-5.029568437633165	4	4
pseudo_1787	0.0667299892298361	9.582701551901616	3	3	0.9795419345200578	-0.22520401424806794	3	3
pseudo_1788	0.28147396780603007	-0.8379999199427409	3	3	1.0	-2.3706016806197425	3	3
pseudo_1789	0.5553291451165078	6.298722692191885	3	3	0.8274547153391009	-1.9498711074501776	3	3
pseudo_179	0.9685852258716768	0.5752416475040918	2	2	0.22815990815042086	1.949871870450708	2	2
pseudo_1790	0.9560302257852438	3.9857969044677235	2	2	0.6086679030307207	-4.378611886426724	2	2
pseudo_1791	0.39059206911780864	5.454708760825553	2	2	0.16808088745598926	-8.791702596084564	2	2
pseudo_1792	0.10278161626525482	11.764644918919853	1	1	0.11770798213514376	3.4040628428329964	1	1
pseudo_1793	0.25656035218567863	9.270861931669382	4	4	0.37887304970496727	0.7415598175888056	4	4
pseudo_1794	0.19532670255928453	-1.14306256355053	3	3	0.41188430755359884	-5.788058743777831	3	3
pseudo_1795	0.5992972450153017	6.897550535507058	6	6	0.9320044356335456	-8.322410100263879	6	6
pseudo_1796	0.21304092415899312	1.8585902945908395	4	4	0.9867530958656652	-5.254976214583357	4	4
pseudo_1797	0.9273463937542102	2.8821179881405947	7	7	0.6306669478062834	-9.798274322490082	7	7
pseudo_1798	0.77788590974574	0.35869351936751465	3	3	0.36944590760774776	-1.1070857255897635	3	3
pseudo_1799	0.021630801033653977	-2.0999554526270585	4	4	0.16478946767576064	1.4649235086299062	4	4
pseudo_18	0.7004983064120727	5.348710775208223	3	3	0.7004983064120727	-2.129807070940421	3	3
pseudo_180	0.18838083371036818	9.151152614291696	2	2	0.02190122619757615	-10.394715688162185	2	2
pseudo_1800	0.8474884623710603	5.141950139469533	3	3	0.4341455934714077	-3.176903534099886	3	3
pseudo_1801	0.15396770293365164	9.388527470237403	2	2	0.25341245544895774	1.117330309901997	2	2
pseudo_1802	0.1549249777527874	1.544592092797546	4	4	0.8724883884492399	-3.1927899314257133	4	4
pseudo_1803	0.3611472357462534	-0.9491086300018795	4	4	0.7692738389393025	-5.492944101588923	4	4
pseudo_1804	0.44732399934907996	-1.2720879832381602	1	1	0.6229388140359395	-7.559223009905876	1	1
pseudo_1805	0.23408459365140877	9.467240447536897	4	4	0.33278196831796714	-3.4945938582802705	4	4
pseudo_1806	0.4046170516486274	-0.8119781428307545	3	3	0.2990143919042869	-5.9737881223834455	3	3
pseudo_1807	0.22815990815042086	5.487165316626404	2	2	0.5031721828630555	-7.311994623707957	2	2
pseudo_1808	0.2522753504506634	-1.2931590821952412	5	5	0.8745285091651482	-8.637929874835214	5	5
pseudo_1809			0	0			0	0
pseudo_181	0.11770798213514376	11.518474523807198	1	1	0.6388265979417902	-7.516100269665547	1	1
pseudo_1810	0.120802702558371	6.693173236850581	3	3	0.1997866512069526	1.263845124434553	3	3
pseudo_1811	0.5537442987815995	5.400975029026447	5	5	0.5737408034707621	-5.412044866842328	5	5
pseudo_1812	0.45497406185185574	2.026721077580713	4	4	0.4158962259539085	-5.785915126674165	4	4
pseudo_1813	0.2162287036141165	5.642107274411719	2	2	0.5234732311436927	-7.275204173775445	2	2
pseudo_1814	0.019318058078997245	11.994280481715757	2	2	0.11337887216598003	2.6262273457610474	2	2
pseudo_1815	0.938679567126398	2.5951970731804703	3	3	0.77788590974574	-2.361086977325948	3	3
pseudo_1816	0.5149491116028762	3.8577568519908483	6	6	0.9534467082817333	-10.05454507384221	6	6
pseudo_1817	0.8823114501093878	6.137882134104132	5	5	0.309372708332736	-8.626756786106773	5	5
pseudo_1818	0.20432052338672468	6.629140860973739	3	3	0.21361189200251973	-0.9746844138107952	3	3
pseudo_1819	0.6308934752940435	-0.5944716169779589	2	2	0.9811480173440964	-3.821364066721852	2	2
pseudo_182	0.9309560254130228	-0.08589320769819508	2	2	0.8070967570385119	-3.410162585844264	2	2
pseudo_1820	0.9590973165597236	2.5731438359950207	3	3	0.6170453216111395	-5.369576507017343	3	3
pseudo_1821	0.9690968673228204	3.0992846174519033	4	4	0.20108949383161157	-1.5391406298372157	4	4
pseudo_1822	0.02912394013873426	11.290207509604581	2	2	0.843894999666673	-3.3303204949655423	2	2
pseudo_1823	0.5337790800446239	4.650490523405445	2	2	0.9937154859688025	-3.4259949899020383	2	2
pseudo_1824	0.9426435994569503	2.6915999419737706	4	4	0.48213500906045337	-1.6279013942999623	4	4
pseudo_1825	0.6009230714720388	6.406420847810388	5	5	0.2210296768083031	-9.614204145764692	5	5
pseudo_1826	0.8118961703235092	2.3341450656798735	4	4	0.8812146128815848	-5.768056434176107	4	4
pseudo_1827	0.6536077735597845	5.990827872096474	3	3	0.7877345940824121	-2.236664356207005	3	3
pseudo_1828	0.2734611042930757	-1.6061712347078156	1	1	0.1285693557310252	-10.216422248500354	1	1
pseudo_1829	0.08453381130242482	-1.8171488687891681	2	2	0.5132704401927461	-4.49271962617069	2	2
pseudo_183	0.1997866512069526	-1.1512745835126221	3	3	0.8777207887544841	-2.407562791058195	3	3
pseudo_1830	0.8987093483998948	2.5382156230372446	4	4	0.27558848353861054	1.457362095406209	4	4
pseudo_1831	0.2904766979343656	-0.3965341058775233	4	4	0.8899552824280113	-4.589543103370624	4	4
pseudo_1832	0.46385166080802676	2.579210521225081	2	2	0.28054868460921445	-5.113537562865445	2	2
pseudo_1833	0.5537272554962529	2.433881572863418	4	4	0.9955841849544221	-2.6521268845766715	4	4
pseudo_1834	0.7112350180446727	1.0866353299098477	2	2	0.07127359006184604	2.4849286654723697	2	2
pseudo_1835	0.39934532304647885	4.892691746829668	2	2	0.4832948377607639	-4.535532977382579	2	2
pseudo_1836	0.9892511552186949	5.014318904432372	6	6	0.6827941136723334	-5.817446180533402	6	6
pseudo_1837	0.6421344536862842	-0.541827619740701	2	2	0.6086679030307207	-2.889281979455787	2	2
pseudo_1838	0.8464067914384638	3.441246726092078	4	4	0.9867530958656652	-4.748431822055174	4	4
pseudo_1839	0.8562414491164003	0.014449047574671692	2	2	0.6879017788474364	-2.8794277442841154	2	2
pseudo_184	0.05621322699855684	9.699533714396818	4	4	0.9074757572164002	-4.274117641537515	4	4
pseudo_1840	0.2872415035257284	6.539558838496087	3	3	0.77788590974574	-2.756229762699936	3	3
pseudo_1841	0.48213500906045337	1.3848434128196978	4	4	0.7524104390158548	-5.1158332519425125	4	4
pseudo_1842	0.3713320395164146	9.394725704431124	1	1	0.9287655308033407	-0.08217869670606642	1	1
pseudo_1843	0.8464067914384638	5.344568090101856	4	4	0.6780816007849325	-6.815715806935554	4	4
pseudo_1844	0.3974270360203289	5.963651026997169	3	3	0.7388614164667177	-3.3755437472812186	3	3
pseudo_1845	0.5639584801257445	-0.06519294366763113	3	3	0.9284849484165043	-2.1337851693168526	3	3
pseudo_1846	0.09796556324111536	9.297936956500175	4	4	0.5244762462367185	-1.7217845710093254	4	4
pseudo_1847	0.3188613372181115	10.062020455495702	5	5	0.580481532882009	-2.4336858203834653	5	5
pseudo_1848	0.42979355098713434	3.783429493481725	5	5	0.3188613372181115	-1.100410571003035	5	5
pseudo_1849	0.12801692075860027	-1.4155860948812276	4	4	0.07935945003234322	-9.817371153938316	4	4
pseudo_185	0.06373420835937475	7.8209477785033625	4	4	0.3729058339035942	-4.071990312162395	4	4
pseudo_1850	0.062166901539927974	-1.8257860635454002	4	4	0.18963477493146974	-9.611196460133849	4	4
pseudo_1851	0.9921255559593137	6.2513784498737275	5	5	0.4591796067121233	-9.526796003126293	5	5
pseudo_1852			0	0			0	0
pseudo_1853	0.8637776525500586	0.03202336383095172	4	4	0.8724883884492399	-5.432956818724193	4	4
pseudo_1854	0.10900100306015399	7.522426413952547	3	3	0.08120494126853399	1.7030119620197766	3	3
pseudo_1855	0.784136241845184	5.379369206767549	6	6	0.26734243555129134	-8.639659202174018	6	6
pseudo_1856	0.10758007954269416	11.679639273508371	1	1	0.08940137145411478	4.5913494963114045	1	1
pseudo_1857	0.13081396961882905	-1.5529911470810394	4	4	0.2955575294992029	-7.950543821428969	4	4
pseudo_1858	0.7039885148125664	0.789777272346698	1	1	0.15261095350041834	2.543113505078737	1	1
pseudo_1859	0.03310923280732754	9.953510741233165	4	4	0.14247826017888537	1.5763271705731803	4	4
pseudo_186	0.943486125521797	-0.021730825775018392	2	2	0.9184430153867233	-3.8744548783682995	2	2
pseudo_1860	0.1741183190373352	6.936573443385629	3	3	0.2701760209027281	1.1709944541354045	3	3
pseudo_1861	0.6910212822201471	3.099757321993716	3	3	0.8374584153852676	-2.147794735359533	3	3
pseudo_1862	0.8580977240195489	0.2338599429773005	1	1	0.23620535809047205	1.7137213488490506	1	1
pseudo_1863	0.5491096036988246	10.073325262136741	8	8	0.9660870285994533	-5.614278459051164	8	8
pseudo_1864	0.9897701264791506	2.299034691807488	3	3	0.6261019637321814	-2.9614105378074993	3	3
pseudo_1865	0.3650398955354811	-1.167725553134754	2	2	0.4172021210794411	0.8221367413846086	2	2
pseudo_1866	0.6080465581711534	3.456042865256968	3	3	0.35592646688270313	-1.1487695933721507	3	3
pseudo_1867	0.1517384732432671	0.3518451716137019	4	4	0.12526659712095597	-9.151926573924746	4	4
pseudo_1868	0.5467648189425076	3.6477918189307528	3	3	0.3298374586338735	-1.0480903482817172	3	3
pseudo_1869	0.6161265579505142	9.825066250574467	9	9	0.7880539400802147	-9.651534669345155	9	9
pseudo_187	0.11770798213514376	-2.315942272827588	1	1	0.2833710752863259	-9.18922769245392	1	1
pseudo_1870	0.04411561467333794	9.84441539509767	3	3	0.8474884623710603	-2.180818139068541	3	3
pseudo_1871	0.4727514920463637	5.334698462817639	3	3	0.9081325431775695	-2.615948602801823	3	3
pseudo_1872	0.8231500732201832	-0.3199681336366442	1	1	0.5462178831852018	-8.19554901125064	1	1
pseudo_1873	0.1859254590079109	10.179893307839691	4	4	0.6619517322688329	-1.7166295571299013	4	4
pseudo_1874	0.529834156241102	1.3998125286467336	3	3	0.25381838823086145	-6.2980492562574755	3	3
pseudo_1875	0.6308934752940435	-0.5998835276808396	2	2	0.1063771717743601	1.7165445045979477	2	2
pseudo_1876	0.012868295532288066	-2.1433419901755726	3	3	0.010725981968318062	-10.016627409801906	3	3
pseudo_1877	0.9643471896271987	0.0662599944812321	1	1	0.7374418725682856	-6.807025425145101	1	1
pseudo_1878	0.7004983064120727	3.0410020589898106	3	3	0.8777207887544841	-2.7400543813652987	3	3
pseudo_1879	0.807532625941542	2.7214224584212445	3	3	0.77788590974574	-2.4052668914888247	3	3
pseudo_188	0.3594935448232589	-1.514191731202354	1	1	0.8580977240195489	0.30701411930492406	1	1
pseudo_1880	0.21367136156482625	9.367705990306476	5	5	0.7898761590839725	-1.9312890991262617	5	5
pseudo_1881	0.7777472093928821	2.395166363473026	4	4	0.23408459365140877	-1.3018089961485513	4	4
pseudo_1882	0.6862027827261539	3.0089881923294364	4	4	0.9690968673228204	-5.244251136758262	4	4
pseudo_1883	0.9527801665814166	5.379291817322141	5	5	0.21005920524855437	-8.82549656632689	5	5
pseudo_1884	0.02722767006633153	-2.0116223989082784	4	4	0.44832100205667635	-5.923168516132086	4	4
pseudo_1885	0.2707435294471149	1.623260584991396	4	4	0.8118961703235092	-5.330102880488588	4	4
pseudo_1886	0.37064757158706496	9.953240962189644	7	7	0.09567752155349613	-9.921778114291541	7	7
pseudo_1887	0.07264995659654117	7.2721080842516495	3	3	1.0	-4.568133892191313	3	3
pseudo_1888	0.05621322699855684	-2.397394639809804	4	4	0.5030705818716052	-5.903613892876891	4	4
pseudo_1889	0.29096071714283245	9.273849624159235	5	5	0.9842518788720768	-2.2940336917650526	5	5
pseudo_189	0.18963477493146974	-1.2868966636196493	4	4	0.2519493727107086	-6.3550625301135355	4	4
pseudo_1890	0.7582966833253433	3.5174933401472717	3	3	0.9081325431775695	-2.427912592216338	3	3
pseudo_1891	0.14035143404874173	-1.2919351325741928	3	3	0.27578552776006304	-6.167417155320643	3	3
pseudo_1892	0.23620535809047205	9.820850649954815	1	1	0.5763404419830589	0.6918919874595633	1	1
pseudo_1893	0.9074757572164002	5.60445552712292	4	4	0.1716238560459925	-8.8349079433083	4	4
pseudo_1894	0.4355211924991299	-0.9187430259117679	2	2	0.0597687211760781	-9.792028445538099	2	2
pseudo_1895	0.120802702558371	-1.39689895776813	3	3	0.05286022354376486	-9.270661695892173	3	3
pseudo_1896	0.8934805595749318	4.164054897317717	2	2	0.8562414491164003	-3.595411226857412	2	2
pseudo_1897	0.4355211924991299	4.803671756305083	2	2	0.3819564012414617	-7.959564517979649	2	2
pseudo_1898	0.9287655308033407	0.07882491488032173	1	1	0.3254208749291615	1.3912408874495932	1	1
pseudo_1899	0.6170453216111395	-0.005700670102410932	3	3	0.8274547153391009	-3.0688243493886453	3	3
pseudo_19	0.3974270360203289	5.732186919447343	3	3	0.5553291451165078	-1.8057581587721832	3	3
pseudo_190	0.5467648189425076	3.172096537495713	3	3	0.6443843541768188	0.2975030374546315	3	3
pseudo_1900	0.6078084622791877	2.242401380265369	5	5	0.6498372020499537	-8.235532456367986	5	5
pseudo_1901	0.7827943880091204	5.000275555028392	2	2	0.8070967570385119	-2.4805120433832575	2	2
pseudo_1902	0.7877345940824121	2.4382364779125765	3	3	0.2701760209027281	1.30638136142361	3	3
pseudo_1903	0.044078904559890116	-1.9543761237780028	5	5	0.8512553486721774	-5.78093879291892	5	5
pseudo_1904	0.6710984067421981	1.0227851109280799	1	1	0.2274805201786506	1.7546087651346802	1	1
pseudo_1905	0.70763528056557	9.284206053213365	5	5	0.8589997234983082	-2.4155157663687046	5	5
pseudo_1906	0.7714002203091461	0.4200637635773443	1	1	0.14630173992440274	2.7534874933096622	1	1
pseudo_1907	0.9690968673228204	2.9775967987965504	4	4	0.48906044964437134	-6.136929890054522	4	4
pseudo_1908	0.8193197426394996	3.6578837198064607	2	2	0.6421344536862842	-4.3361380008932695	2	2
pseudo_1909	0.9560302257852438	4.015855961988907	2	2	0.23429830533849683	-5.177039031070683	2	2
pseudo_191	0.2384643037653782	8.894879486162415	4	4	0.6223203939158157	0.182430719317193	4	4
pseudo_1910	0.8464067914384638	2.834063628323357	4	4	0.8118961703235092	-5.022889996449845	4	4
pseudo_1911	0.3111552244155418	6.793026811968994	4	4	0.7947725309220217	-5.349010219338347	4	4
pseudo_1912	0.13428446773775313	11.145626086976645	1	1	0.6710984067421981	0.6059945187513912	1	1
pseudo_1913	0.18963477493146974	-1.2763164502859248	4	4	0.6067611735997069	-5.397215414693588	4	4
pseudo_1914	0.17009120342789508	-1.1518127218962537	3	3	0.15842880519441593	-8.301573333094446	3	3
pseudo_1915	0.6261019637321814	2.175738596518951	3	3	0.9897701264791506	-2.4595069886842014	3	3
pseudo_1916	0.027980623921056182	11.42311759930326	2	2	0.426304264648103	-2.0366285684165115	2	2
pseudo_1917	0.04693747056705016	-0.6447568323438112	4	4	0.13948929785283107	2.1567138277689346	4	4
pseudo_1918	0.1335793164942154	9.621384567765531	5	5	0.8745285091651482	-5.402446135117018	5	5
pseudo_1919	0.1324729028541257	-1.6716317766899031	2	2	0.7949206956830592	-3.96765815678356	2	2
pseudo_192	0.6879017788474364	4.342455235303994	2	2	0.5976874661302043	0.5519668912457156	2	2
pseudo_1920	0.06300850452135572	9.601424088443943	3	3	0.6910212822201471	-3.024962780444055	3	3
pseudo_1921	0.5867979333899076	4.892065097751804	2	2	0.8070967570385119	-3.908456532882734	2	2
pseudo_1922	0.027432027432826613	10.490419844389054	3	3	0.4648823892778319	-1.6203757675650259	3	3
pseudo_1923	0.5317146122276188	2.933635054501394	4	4	0.7692738389393025	-2.547315554328166	4	4
pseudo_1924	0.018392749378551586	10.360743090968526	6	6	0.09750599950525263	-1.342755920933305	6	6
pseudo_1925	0.9811480173440964	3.4170388150262316	2	2	0.7827943880091204	-4.133355908788417	2	2
pseudo_1926	0.9465430309588645	0.06926561023685096	1	1	0.6874695354191208	-7.219057308668325	1	1
pseudo_1927	0.7707206272513105	4.201127265825232	2	2	0.7587021685204839	0.38485283325688036	2	2
pseudo_1928	0.7707206272513105	4.303082976435853	2	2	0.5337790800446239	-4.372011933945908	2	2
pseudo_1929	0.5537272554962529	1.8146145877337434	4	4	0.03594495076445428	-10.249181750667544	4	4
pseudo_193	0.8274547153391009	3.4658507111234624	3	3	0.45708667791105984	-5.66637688619413	3	3
pseudo_1930	0.7862470939278621	2.3913276285262746	4	4	0.6780816007849325	-5.8845472419623865	4	4
pseudo_1931	0.05130944024290929	7.727097772257461	3	3	0.11776244680974247	-0.044160996681650744	3	3
pseudo_1932	0.5553291451165078	5.642799465561086	3	3	0.2232043428842122	-6.306982967741725	3	3
pseudo_1933	0.17011499465746405	10.410098652061679	5	5	0.5537442987815995	-2.040827054631897	5	5
pseudo_1934	0.2990143919042869	4.007969032365603	3	3	0.03548834522930192	2.287092382727646	3	3
pseudo_1935	0.5021483973226493	2.698607426096198	5	5	0.26054598465779966	-9.572221797806458	5	5
pseudo_1936	0.37632376895680564	6.516184017561389	3	3	0.7976173369272378	-1.8263292881602975	3	3
pseudo_1937	0.15099699281410436	-1.2430370865168427	3	3	0.5553291451165078	-5.575450659620993	3	3
pseudo_1938	0.8618037446114792	9.768692343726263	7	7	0.3239147849881475	-4.743381620334732	7	7
pseudo_1939	0.2667432356540925	5.580207597283495	2	2	0.6995329331934781	-3.043039546108213	2	2
pseudo_194	0.37441197376147073	5.714309221207828	5	5	0.8204280028216631	-5.449508308359873	5	5
pseudo_1940	0.5763404419830589	-1.001195352751802	1	1	0.38340943670164596	-8.875912727871267	1	1
pseudo_1941	0.38489867148016654	3.7236831459015156	4	4	0.8550834429594527	-7.57186445395645	4	4
pseudo_1942	0.5686461851932001	5.476387897325071	4	4	0.8812146128815848	-2.3807799548155155	4	4
pseudo_1943	0.1581620463822927	9.502777728873175	4	4	0.9250413668834809	-3.377140941853194	4	4
pseudo_1944	0.5652992261622686	-0.2485084186269817	2	2	0.3021525706062178	1.6376430151361288	2	2
pseudo_1945	0.6308934752940435	2.69104727066866	2	2	0.5132704401927461	-4.453967082685199	2	2
pseudo_1946	0.5991067732661075	2.669598661822814	3	3	0.7100221841915572	-2.0206220161290145	3	3
pseudo_1947	0.8933257493738916	-0.13387184152318632	1	1	0.48841291630298456	0.9571836066428994	1	1
pseudo_1948	0.1632724171511598	8.840230414209996	2	2	0.317154670428349	-8.303783682794883	2	2
pseudo_1949	0.053637180241177175	10.506586213397991	2	2	0.4355211924991299	-7.903914340077052	2	2
pseudo_195	0.7822863652632133	5.129621100280937	5	5	0.6427497178114213	-5.13367896643504	5	5
pseudo_1950	0.6498372020499537	2.0305399351235667	5	5	0.9292219346038727	-6.768079818910434	5	5
pseudo_1951	0.3272863668909277	1.457303851572809	4	4	0.24739649435458844	-1.622813634324139	4	4
pseudo_1952	0.23310112281376305	6.929693124329359	3	3	0.77788590974574	-4.361342582129144	3	3
pseudo_1953	0.7004983064120727	1.8887924155924283	3	3	0.9795419345200578	-2.5366505530815955	3	3
pseudo_1954	0.9685852258716768	4.0000741678417215	2	2	0.348599297858214	-4.852643550728811	2	2
pseudo_1955	0.2005978581222837	5.237647585334755	6	6	0.4696780152840122	-9.13330539469562	6	6
pseudo_1956	0.15984658883088854	7.937175236885937	6	6	0.996416955399597	-8.037361391935505	6	6
pseudo_1957	0.574567861545888	6.119899530873583	6	6	0.9820862220275676	-8.378583809416394	6	6
pseudo_1958	0.16706269305233834	10.024680094220544	5	5	0.10554041502914628	-0.8022891576540467	5	5
pseudo_1959	0.7485590812707075	2.791362152548496	3	3	0.857543272629919	-4.616171367309648	3	3
pseudo_196	0.15842880519441593	7.05538093011297	3	3	0.5902270402154097	-5.206431200366228	3	3
pseudo_1960	0.7292051126577086	-0.2782223929548617	3	3	0.7195915739470362	-1.887957517042042	3	3
pseudo_1961	0.44732399934907996	8.771651548231134	1	1	0.3039130501043371	1.5279497195705978	1	1
pseudo_1962	0.1727813428673589	10.43622801809113	1	1	0.7543616813153047	0.5586518397526122	1	1
pseudo_1963	0.9693171048552904	2.9345194681647	3	3	0.7976173369272378	-5.112344663444342	3	3
pseudo_1964	0.3910455199297733	10.351965400050373	6	6	0.8963843249700169	-8.826523063176786	6	6
pseudo_1965	0.3626467387531258	3.891991935482448	3	3	0.09302949678756992	2.0678290439210945	3	3
pseudo_1966	0.1622470379244345	-1.2353843775667936	3	3	0.12706716166765908	1.4139279697034242	3	3
pseudo_1967	0.880180645261737	5.552516280826391	8	8	0.34366028903535706	-5.837243727568058	8	8
pseudo_1968			0	0			0	0
pseudo_1969	0.2232043428842122	6.52614065315299	3	3	0.03330517564834034	2.0585744964389314	3	3
pseudo_197	0.6498372020499537	6.331606639012622	5	5	0.22856789801210797	1.3559483100486975	5	5
pseudo_1970	0.7485590812707075	2.6583810275294337	3	3	0.7582966833253433	-5.149632571245623	3	3
pseudo_1971	0.1991846701976533	-1.4039400327178395	2	2	0.39059206911780864	-6.564093074993123	2	2
pseudo_1972	0.9284849484165043	2.9955008731580883	3	3	0.1622470379244345	-6.397664197565786	3	3
pseudo_1973	0.04817832755134148	-2.068269982718787	4	4	0.7025535017910994	-5.7175609783144985	4	4
pseudo_1974	0.04979692692789598	-1.6956894588657825	3	3	0.11186231812043589	-6.579394617882855	3	3
pseudo_1975	0.581408405452535	-0.5508854721574098	3	3	0.15842880519441593	1.1814767288877615	3	3
pseudo_1976	0.9795419345200578	3.035649496950765	3	3	0.1473821605696614	-8.585561953285973	3	3
pseudo_1977	0.8812146128815848	2.5742551696619973	4	4	0.6699976455692489	-5.0928762873652	4	4
pseudo_1978	0.39059206911780864	5.689798937621532	2	2	0.14946917887741837	2.5297977662990756	2	2
pseudo_1979	0.14410926194371737	10.379097108741488	5	5	0.7446609505934902	-7.805377990665363	5	5
pseudo_198	0.12073864539342938	9.850296476425765	2	2	0.5234732311436927	-4.7279810893458185	2	2
pseudo_1980	0.65695651312603	2.0220173170696616	5	5	0.5406056685499856	-8.445116661151287	5	5
pseudo_1981	0.8899552824280113	2.8285412915295605	4	4	0.7356643917098116	-3.0149283170840064	4	4
pseudo_1982	0.5131753215067887	1.746087382745471	3	3	0.5131753215067887	-5.413524467754317	3	3
pseudo_1983	0.5132704401927461	4.128628250272488	2	2	0.9560302257852438	-3.128569245435017	2	2
pseudo_1984	0.07899305670477724	-1.5266025344115295	3	3	0.3362406571425379	-5.959611097027853	3	3
pseudo_1985	0.2872415035257284	-0.4847275855307114	3	3	0.5991067732661075	-5.111331649631804	3	3
pseudo_1986	0.038309004186450106	-2.1184324699766446	2	2	0.07900801304070156	-9.492096450367606	2	2
pseudo_1987	0.435182026075545	2.126928927957467	4	4	0.6619517322688329	-3.041682500296878	4	4
pseudo_1988	0.6910212822201471	5.702279761878491	3	3	0.7195915739470362	0.27589523839509417	3	3
pseudo_1989	0.15099699281410436	-1.174669069064576	3	3	0.9081325431775695	-2.642903132494259	3	3
pseudo_199	0.6308687586153162	2.1223229381283812	6	6	0.130187122863718	-1.2512637914055806	6	6
pseudo_1990	0.5902270402154097	3.129641923778061	3	3	0.7582966833253433	-2.9056260753735157	3	3
pseudo_1991	0.7425064960037049	9.68588729991081	8	8	0.31679381400486983	-9.67773405267366	8	8
pseudo_1992	0.4938945176808929	5.303828090480205	8	8	0.33197311376271643	-8.787919839494597	8	8
pseudo_1993	0.43558180432616367	9.030011311865174	5	5	0.9135495572797638	-5.495791661610567	5	5
pseudo_1994	0.12526659712095597	-1.664754763925665	4	4	0.7862470939278621	-6.026826686962468	4	4
pseudo_1995	0.05130944024290929	10.108169639635465	3	3	0.681592431261696	-2.566491614065463	3	3
pseudo_1996	0.4684455583655329	2.2582422784187326	4	4	0.03403242198057034	-9.679265515207971	4	4
pseudo_1997	0.09302949678756992	9.475557370938068	3	3	0.7680727798663671	-2.7277315163038653	3	3
pseudo_1998	0.9353085896870618	10.008413503907633	8	8	0.15158292826447134	-9.63740815809829	8	8
pseudo_1999	0.23310112281376305	6.337724138251712	3	3	0.6443843541768188	-2.668945400191925	3	3
pseudo_2	0.8934805595749318	3.846600552739747	2	2	0.7707206272513105	-4.0446517548813405	2	2
pseudo_20	0.8777207887544841	2.635943626198342	3	3	0.42664900025009844	0.7062534485836115	3	3
pseudo_200	0.21361189200251973	-1.1552501839908451	3	3	0.5131753215067887	-1.9502379005794612	3	3
pseudo_2000	0.681592431261696	3.1857277599226985	3	3	0.681592431261696	-5.016687565742456	3	3
pseudo_2001	0.20432052338672468	6.766904810922322	3	3	0.7485590812707075	-2.2566623941466215	3	3
pseudo_2002	0.5049490766008549	3.4908376118565676	3	3	0.4727514920463637	-1.8762377127778398	3	3
pseudo_2003	0.11186231812043589	6.743112430129074	3	3	0.1622470379244345	1.113649283482611	3	3
pseudo_2004	0.23628741564343947	10.363312137711194	5	5	0.09338945298127918	1.7301778421625313	5	5
pseudo_2005	0.42664900025009844	6.492015577544167	3	3	0.3903146090334727	-0.8185419582920033	3	3
pseudo_2006	0.6763439935511724	4.799653158840978	2	2	0.2162287036141165	-8.78587031097327	2	2
pseudo_2007	0.7949206956830592	4.174750084379997	2	2	0.7827943880091204	-3.4253963009558284	2	2
pseudo_2008	0.9074757572164002	3.0959038764228297	4	4	0.27558848353861054	0.6243321566924841	4	4
pseudo_2009	0.3819564012414617	-0.9039154079621126	2	2	0.54418644491791	-2.624634721540015	2	2
pseudo_201	0.24021556531342048	10.9746667972381	5	5	0.2864753033887708	-1.3323688791376365	5	5
pseudo_2010	0.2707435294471149	-1.098389522396473	4	4	0.8464067914384638	-5.0409012507155	4	4
pseudo_2011	0.11770798213514376	11.518474523807198	1	1	0.6388265979417902	-7.516100269665547	1	1
pseudo_2012	0.21758473655370414	11.216167957844382	8	8	0.6455519114126738	-8.46558823198598	8	8
pseudo_2013	0.6619517322688329	5.054165810829766	4	4	0.10972048242123814	1.8345237066392333	4	4
pseudo_2014	0.469815667378656	8.387811815298532	8	8	0.15380127875767738	-9.641616063809948	8	8
pseudo_2015	0.2904766979343656	-1.1223268568829912	4	4	0.6145190997412586	-5.588638259670977	4	4
pseudo_2016	0.02800835185150584	-2.0354245478761364	4	4	0.11472351614099535	-9.367092827735599	4	4
pseudo_2017	0.44171773963395544	2.3392257088089523	3	3	0.1473821605696614	-8.567649723048163	3	3
pseudo_2018	0.760827934703312	7.13355974037027	4	4	0.8377487233667096	-1.9617245597905655	4	4
pseudo_2019	0.5467648189425076	3.5808659152153948	3	3	0.32351376223601025	-1.2317859699483844	3	3
pseudo_202	0.7877345940824121	3.2825081132228573	3	3	0.16613430479761138	-8.349353440354601	3	3
pseudo_2020	0.03594495076445428	10.541299285245236	4	4	0.6862027827261539	-5.613637736971856	4	4
pseudo_2021	0.040045693474548394	9.79605121504162	4	4	0.3383360666922406	0.9531954772542829	4	4
pseudo_2022	0.7190430278067974	6.466638409191924	4	4	0.48906044964437134	-7.8871100505751075	4	4
pseudo_2023	0.7485590812707075	-0.25553894406464056	3	3	0.41188430755359884	-5.839464549481959	3	3
pseudo_2024	0.1727813428673589	10.43622801809113	1	1	0.7543616813153047	0.5586518397526122	1	1
pseudo_2025	0.635215358517195	2.297591855393289	3	3	0.15099699281410436	-6.317087446762269	3	3
pseudo_2026	0.32351301200557914	-0.7968422017916872	3	3	0.8676210470742379	-5.042579938297406	3	3
pseudo_2027	0.9250413668834809	2.5880438530718757	4	4	0.20501771275674419	-8.193911260820842	4	4
pseudo_2028	0.5990473195523243	3.430572884646415	4	4	0.8464067914384638	-5.133643551428306	4	4
pseudo_2029	0.4648823892778319	5.937994717942719	3	3	0.24852326150131454	1.2325452418192273	3	3
pseudo_203	0.6072085924162625	10.068301130785827	8	8	0.10369058411147276	-1.108616996738242	8	8
pseudo_2030	0.3496239504081101	6.118596365557451	4	4	0.2854549682814288	-8.574124369300861	4	4
pseudo_2031	0.3111552244155418	6.299757224132706	4	4	0.2171364850088746	1.2588601526622032	4	4
pseudo_2032	0.857543272629919	3.3105518766930735	3	3	0.8374584153852676	-4.4960558290305235	3	3
pseudo_2033	0.9811480173440964	4.505582216934309	2	2	0.22213694235012693	1.8452801843920958	2	2
pseudo_2034	0.02363440000166028	10.380406463602885	7	7	0.881387795132999	-5.212684396807824	7	7
pseudo_2035	0.7566689486011082	9.479110417135116	6	6	0.5623869507718948	-6.365256413878469	6	6
pseudo_2036	0.7195915739470362	5.384704134770345	3	3	0.7388614164667177	-2.8820466361737993	3	3
pseudo_2037	0.5976874661302043	4.771462729777457	2	2	0.22815990815042086	1.4229433078553764	2	2
pseudo_2038	0.18473616691312011	1.8020976497073196	7	7	0.973548737875462	-5.757166050198491	7	7
pseudo_2039	0.2538191244113619	6.676379814089455	3	3	0.22811450046427606	-0.7531477018667506	3	3
pseudo_204	0.7680727798663671	2.239420958481996	3	3	0.6080465581711534	-5.2966406929996275	3	3
pseudo_2040	0.9162534507847897	5.502272636422741	4	4	0.11729146697379306	1.398992256775487	4	4
pseudo_2041	0.8377487233667096	5.588020318613282	4	4	0.48213500906045337	-5.688084558705092	4	4
pseudo_2042	0.5298347942712703	-0.4413343454842871	3	3	0.6443843541768188	-1.8170495989967392	3	3
pseudo_2043	0.9821691428426891	0.03116100521134868	1	1	0.31454611178649994	1.4494300314288606	1	1
pseudo_2044	0.6145190997412586	-0.11655417388657192	4	4	0.24290153575747864	-1.5373838295741453	4	4
pseudo_2045	0.6943603633068561	2.0658587976271723	4	4	0.5463403592377412	-1.8437158657282768	4	4
pseudo_2046	0.7230055446788708	3.144716356983405	2	2	0.45429586033481906	-4.843699394977821	2	2
pseudo_2047	0.9081325431775695	2.4112995533543704	3	3	0.17821622394400205	1.1525154247609328	3	3
pseudo_2048	0.3298374586338735	-0.9059463122088195	3	3	0.016501140244370768	-9.886717800215711	3	3
pseudo_2049	0.24516424829013395	-1.6583425818879753	1	1	0.18729550720986088	-9.531628001514308	1	1
pseudo_205	0.8033225495919747	0.18444653592580096	4	4	0.09796607405178381	-0.5440141030114057	4	4
pseudo_2050	0.6421344536862842	4.490504945326421	2	2	0.9309560254130228	-3.725173561770658	2	2
pseudo_2051	0.9284849484165043	2.7123602482414193	3	3	0.6080465581711534	-3.149076364112471	3	3
pseudo_2052	0.6722130506777154	4.971311862136309	3	3	0.10619788484674712	-6.732131667734329	3	3
pseudo_2053	0.3909825254655226	-0.8599170795806698	4	4	0.3111552244155418	-9.261504605376134	4	4
pseudo_2054	0.9795419345200578	2.826243570265719	3	3	0.9795419345200578	-2.532129586791808	3	3
pseudo_2055	0.5763404419830589	6.958631119320719	1	1	0.2734611042930757	1.6116166038607533	1	1
pseudo_2056	0.7025535017910994	6.157270002556154	4	4	0.2384643037653782	1.4416626520652478	4	4
pseudo_2057	0.516896830695802	-1.1885777336133216	1	1	0.21898786288155614	1.8492791253793155	1	1
pseudo_2058	0.6641070974413117	2.2658741746859943	5	5	0.9921255559593137	-5.3512912029818684	5	5
pseudo_2059	0.7582966833253433	0.5435886084442973	3	3	0.4806933714660837	-1.185770320516649	3	3
pseudo_206	0.03222240118582784	-2.022692774644882	5	5	0.22856789801210797	-8.484857944548496	5	5
pseudo_2060	0.7692734978982053	-0.25013220668587505	4	4	0.10489096204833684	-1.0433816217731653	4	4
pseudo_2061	0.025809637603726458	11.543483895564894	2	2	0.5760012318275167	-7.047809997378295	2	2
pseudo_2062	0.5976874661302043	4.62579456095002	2	2	0.5976874661302043	-2.8513750349698057	2	2
pseudo_2063	0.02928182896989354	-1.8327458751711199	3	3	0.36944590760774776	-4.624851674578805	3	3
pseudo_2064	0.7100221841915572	2.329635612248177	3	3	0.7292051126577086	-2.8214899701351452	3	3
pseudo_2065	0.3586994750123085	3.558885538427392	5	5	0.6147288155874853	-1.3647575834362964	5	5
pseudo_2066	0.70763528056557	-0.17437014109906782	5	5	0.3285385019129936	-1.4730650458632475	5	5
pseudo_2067	0.20892878675953697	-1.2610487076546744	3	3	0.7388614164667177	-2.300388155392325	3	3
pseudo_2068	0.9370688153292066	4.3360438950341775	5	5	0.7297741869634146	-5.371247422488405	5	5
pseudo_2069	0.54418644491791	4.803323437676	2	2	0.6995329331934781	-3.07182414181967	2	2
pseudo_207	0.3797436153832513	-1.4257914963210692	5	5	0.4240502256201475	-8.966443033588538	5	5
pseudo_2070	0.6879017788474364	4.256711383683986	2	2	0.39934532304647885	-5.109876893828351	2	2
pseudo_2071	0.8274547153391009	2.5253508914479244	3	3	0.938679567126398	-2.6340726586027476	3	3
pseudo_2072	0.7206483568449862	-0.6547040048246267	1	1	0.4744948438768316	-8.526166688844143	1	1
pseudo_2073	0.6619517322688329	2.089196105335206	4	4	0.2659572796539479	-9.239044050970444	4	4
pseudo_2074	0.8274547153391009	2.8139574521077364	3	3	0.681592431261696	-2.2310495889941353	3	3
pseudo_2075	0.36944590760774776	-0.782749650879372	3	3	0.3974270360203289	-0.5215537237482716	3	3
pseudo_2076	0.9135495572797638	6.411260928806698	5	5	0.36389051751595847	-5.620039725139256	5	5
pseudo_2077	0.5646794359706762	2.4136775598220526	8	8	0.1387808645945776	-2.2795762627668235	8	8
pseudo_2078	0.54418644491791	4.663582789646762	2	2	0.6197372556879597	-4.116184612522501	2	2
pseudo_2079	0.3903146090334727	6.8578904085629295	3	3	0.5131753215067887	-5.600350497529701	3	3
pseudo_208	0.21361189200251973	6.343321738046259	3	3	0.887840270027302	-2.886846343511349	3	3
pseudo_2080	0.09652231614992511	10.157666612303275	2	2	0.11337887216598003	1.9899409973513977	2	2
pseudo_2081	0.050742104590847395	-1.727756698989498	4	4	0.5030705818716052	-8.698806194257989	4	4
pseudo_2082	0.6910212822201471	-0.3846652605341827	3	3	0.7195915739470362	-5.18924095634553	3	3
pseudo_2083	0.7112350180446727	3.3943824012272605	2	2	0.6534580244641217	-4.265105936246125	2	2
pseudo_2084	0.2904766979343656	-1.0800939017328475	4	4	0.6862027827261539	-5.844610337670161	4	4
pseudo_2085	0.5101543524447336	1.3224543131818518	4	4	0.35535612168643926	-8.76097585406549	4	4
pseudo_2086	0.09813037050180543	7.082188980408405	3	3	0.9488842462233943	-4.947496729168823	3	3
pseudo_2087	0.572651888193549	-0.4777243934623687	3	3	0.44936494294784546	-1.5306712328478185	3	3
pseudo_2088	0.07565446036097317	10.18492702357626	5	5	0.1994883648570105	-0.8845056865810617	5	5
pseudo_2089	0.18963477493146974	8.934468434343248	4	4	0.33278196831796714	0.17402054673513387	4	4
pseudo_209	0.8291102573791971	2.3224463318988735	4	4	0.2904766979343656	-8.911576496594098	4	4
pseudo_2090	0.1741183190373352	-1.2226352211144722	3	3	0.15842880519441593	1.3084712764745088	3	3
pseudo_2091	0.6459772262645747	2.107416117293106	4	4	0.6223203939158157	-2.6060972456416276	4	4
pseudo_2092	0.8562414491164003	3.8366835726427677	2	2	0.034108014153079735	-10.08611134249318	2	2
pseudo_2093	0.16880635577153658	2.1604421224623103	7	7	0.44075481820433604	-4.3857356455136625	7	7
pseudo_2094	0.8637776525500586	2.8295916062161726	4	4	0.5761770080731894	-2.169216942592481	4	4
pseudo_2095	0.828110780527985	2.74806589013318	5	5	0.32853777990252075	-2.015137306225174	5	5
pseudo_2096	0.9795419345200578	2.8840714518537514	3	3	0.488707383064622	0.5563372761345096	3	3
pseudo_2097	0.6619517322688329	6.461911971439394	4	4	0.9426435994569503	-2.6806697166656193	4	4
pseudo_2098	0.14630173992440274	-2.14299048613411	1	1	0.5025481717945951	-8.430663981197174	1	1
pseudo_2099	0.8686231829899802	-0.19807292959449274	2	2	0.9811480173440964	-3.1151631528428787	2	2
pseudo_21	0.6648619641725676	-0.5161519286855887	2	2	0.4172021210794411	0.9186254111198828	2	2
pseudo_210	0.7025535017910994	2.7672945229388617	4	4	0.7862470939278621	-4.920310238055184	4	4
pseudo_2100	0.10254108328855689	-1.744728340856301	4	4	0.6067611735997069	-8.560961825308516	4	4
pseudo_2101	0.08238735500225812	-1.7810401426188995	5	5	0.6784998288382662	-8.9659337443068	5	5
pseudo_2102	0.29540774735681297	2.04529299995825	6	6	0.7910471807967634	-8.688621341709284	6	6
pseudo_2103	0.5276247672901135	8.041533487835155	5	5	0.062139362902341816	-0.02469230729075515	5	5
pseudo_2104	0.08814364739487834	7.596295520401153	3	3	0.11776244680974247	1.7750445575730185	3	3
pseudo_2105	0.12126588948819474	-0.8123354445253806	5	5	0.7671694702004712	-5.263519893371309	5	5
pseudo_2106	0.2212883784401315	7.125059086506546	4	4	0.3058967477519794	-1.1711554349098432	4	4
pseudo_2107	0.8589997234983082	2.6471977802977436	5	5	0.6427497178114213	-4.303027592094145	5	5
pseudo_2108	0.760827934703312	2.4524796441109804	4	4	0.7524104390158548	-5.347387991412454	4	4
pseudo_2109	0.8315867888149642	3.775922203464744	2	2	0.11337887216598003	-9.35406674938957	2	2
pseudo_211	0.47526323883022525	6.064692045516686	4	4	0.5537272554962529	-7.696847017323241	4	4
pseudo_2110	0.3974270360203289	5.905760306657996	3	3	0.8374584153852676	-0.07755749542329184	3	3
pseudo_2111	0.960273889294336	4.4812144087416925	4	4	0.9779236295852703	-2.439502391901884	4	4
pseudo_2112	0.7356643917098116	3.48114278161388	4	4	0.4222680711824055	-1.1214422828963475	4	4
pseudo_2113	0.6427497178114213	6.0079889984883605	5	5	0.7149885762338826	-5.063136337695721	5	5
pseudo_2114	0.7003091513166854	5.468300412774238	5	5	0.418352034543059	-1.3800592327499803	5	5
pseudo_2115	0.316472982588602	-1.155285876230056	4	4	0.06063161907551408	-9.361697966348002	4	4
pseudo_2116	0.44936494294784546	-0.6257792843396311	3	3	0.7100221841915572	-5.315803147983344	3	3
pseudo_2117	0.13081396961882905	-1.3510047347105114	4	4	0.8291102573791971	-2.283365414236133	4	4
pseudo_2118	0.30959359087282123	5.957533921835217	2	2	0.1324729028541257	2.0432923664942892	2	2
pseudo_2119	0.8474884623710603	2.765972970800164	3	3	0.21361189200251973	1.013731175379898	3	3
pseudo_212	0.3734388537711759	-0.8631306751923145	2	2	0.7112350180446727	-4.21741387278397	2	2
pseudo_2120	0.7004983064120727	2.332626051867674	3	3	0.6080465581711534	-3.05835096589234	3	3
pseudo_2121	0.9693171048552904	0.02392597971243582	3	3	0.36944590760774776	-1.7608054498137362	3	3
pseudo_2122	0.7292051126577086	2.394232304864284	3	3	0.5214708247223392	-3.1610023486004333	3	3
pseudo_2123	0.7582966833253433	2.3892953529175855	3	3	0.6722130506777154	-3.007475189896946	3	3
pseudo_2124	0.3763355476684178	2.001145849022565	6	6	0.09217909906744413	1.638622415637993	6	6
pseudo_2125	0.7195915739470362	3.345635835388377	3	3	0.6261019637321814	-5.454068456165738	3	3
pseudo_2126	0.7976173369272378	2.7672248628646385	3	3	0.938679567126398	-2.449320891980782	3	3
pseudo_2127	0.04224115728234451	-1.8071244041748293	4	4	0.054801361700938044	-9.630010271811026	4	4
pseudo_2128	0.5244768771208793	2.095628494288837	4	4	0.2212883784401315	1.5648372552943757	4	4
pseudo_2129	0.14860212730876332	10.328714287879999	4	4	0.5172899513225464	-8.440250790766491	4	4
pseudo_213	0.6648619641725676	4.408745380698383	2	2	0.8315867888149642	0.29979841547881003	2	2
pseudo_2130	0.062139362902341816	-1.781172130415694	5	5	0.24820939405881126	-9.510347209308511	5	5
pseudo_2131	0.4684455583655329	0.7211611866672977	4	4	0.16478946767576064	-0.6363401846780666	4	4
pseudo_2132	0.2833710752863259	-1.5914014229161104	1	1	0.21898786288155614	-9.464686842542442	1	1
pseudo_2133	0.08930589622693634	9.922049725379996	4	4	0.7947725309220217	-4.7970597721295665	4	4
pseudo_2134	0.24852326150131454	6.582391075160383	3	3	0.807532625941542	-2.169938146377806	3	3
pseudo_2135	0.14551552859474182	-1.3853157807587657	4	4	0.3218500317538018	-9.0507889842065	4	4
pseudo_2136	0.7356643917098116	6.876302366837564	4	4	0.4222680711824055	-1.5859408036523222	4	4
pseudo_2137	0.8377487233667096	2.789534331950636	4	4	0.3496239504081101	-8.123033716659867	4	4
pseudo_2138	0.11701333024516755	9.733834169916399	2	2	0.5760012318275167	-2.807370182770145	2	2
pseudo_2139	0.7582966833253433	2.3868104670967405	3	3	0.24852326150131454	1.0347394139482058	3	3
pseudo_214	0.8810372211357613	4.699803457703036	2	2	0.8070967570385119	0.2739889363596574	2	2
pseudo_2140	0.5324918598996626	5.383898903875533	6	6	0.15984658883088854	1.4545421661363107	6	6
pseudo_2141	0.08453381130242482	9.867397085138744	2	2	0.8934805595749318	-3.3225375513451683	2	2
pseudo_2142	0.7949206956830592	4.179345233492975	2	2	0.3734388537711759	0.8739908451123022	2	2
pseudo_2143	0.3039130501043371	9.538077902373315	1	1	0.40827534660935616	-8.700071727290972	1	1
pseudo_2144	0.0703327168644771	9.275302247984472	4	4	0.1859247896045061	-6.63700141207046	4	4
pseudo_2145	0.49588253487570677	9.289402370026222	5	5	0.26475089454897927	-1.7038749611525086	5	5
pseudo_2146	0.8724883884492399	4.548993344514708	4	4	0.16145007862440564	-1.3637111553596195	4	4
pseudo_2147	0.10345223120123519	-1.4722686482799905	3	3	0.12390403847852342	-6.489252016405629	3	3
pseudo_2148	0.681592431261696	5.486894806814431	3	3	0.08346683429067425	1.5973638275750501	3	3
pseudo_2149	0.9292219346038727	5.364880791676325	5	5	0.6641070974413117	-1.8987949112838525	5	5
pseudo_215	0.4210603961415209	8.964023949199209	1	1	0.8231500732201832	0.37310706720453446	1	1
pseudo_2150	0.27358643671503136	-1.1572043453538106	2	2	0.4735183663543777	-6.316446019825685	2	2
pseudo_2151	0.9821691428426891	-0.011189321748357628	1	1	0.2935215095172843	1.5838098838165797	1	1
pseudo_2152	0.04134764689934813	10.934710895535982	2	2	0.7348419757547078	-4.063941762005085	2	2
pseudo_2153	0.2232043428842122	6.013303350490972	3	3	0.41188430755359884	-5.5098064029261025	3	3
pseudo_2154	0.9795419345200578	2.860357106654438	3	3	0.2433051751498202	0.9443258474578738	3	3
pseudo_2155	0.6699976455692489	5.908767522773843	4	4	0.45497406185185574	-5.937638461555184	4	4
pseudo_2156	0.3611472357462534	1.9710941147571066	4	4	0.7440222840892492	-5.060861395418385	4	4
pseudo_2157	0.8291102573791971	2.6391974451721594	4	4	0.8377487233667096	-5.391765034480291	4	4
pseudo_2158	0.018315678592659427	-1.9470536975466508	3	3	0.41922842609855726	-3.1990301608555227	3	3
pseudo_2159	0.07683043050221129	-1.5807663465821111	3	3	0.3298374586338735	-5.685616916517237	3	3
pseudo_216	0.7348419757547078	5.092966248229164	2	2	0.8810372211357613	-1.9779221000685006	2	2
pseudo_2160	0.1285693557310252	-2.2797855330122747	1	1	0.3039130501043371	-9.152480289358753	1	1
pseudo_2161	0.38489867148016654	-0.755737668585558	4	4	0.37887304970496727	-1.4688316615735753	4	4
pseudo_2162	0.45708667791105984	5.849774685401461	3	3	0.938679567126398	-2.6284637536009012	3	3
pseudo_2163	0.7039885148125664	0.789777272346698	1	1	0.15261095350041834	2.543113505078737	1	1
pseudo_2164	0.6443843541768188	5.880921829651566	3	3	0.2930882734796626	0.9626906655140242	3	3
pseudo_2165	0.3254208749291615	-1.5581902957063	1	1	0.09815496360702221	-10.431475715332633	1	1
pseudo_2166	0.9937154859688025	0.03503600019011399	2	2	0.12073864539342938	1.817873826606145	2	2
pseudo_2167	0.817478933088828	2.2098206635794075	3	3	0.3626467387531258	-1.574728685543776	3	3
pseudo_2168	0.3298374586338735	-0.8812349001529878	3	3	0.18662662332564084	-6.312044355767742	3	3
pseudo_2169	0.03310923280732754	10.393660988981543	4	4	0.1716238560459925	1.801543034329802	4	4
pseudo_217	0.6910212822201471	2.4379939505490955	3	3	0.807532625941542	-2.6933815767460874	3	3
pseudo_2170	0.9599258221170712	10.167086983039491	8	8	0.6566885284214459	-8.894523029749227	8	8
pseudo_2171	0.44732399934907996	-1.2720879832381602	1	1	0.6229388140359395	-7.559223009905876	1	1
pseudo_2172	0.54418644491791	-0.6191394091553155	2	2	0.9309560254130228	-3.389070254102323	2	2
pseudo_2173	0.4172021210794411	5.488042583680217	2	2	0.5867979333899076	-2.628891164176377	2	2
pseudo_2174	0.5611813673562704	7.1281137129078935	1	1	0.39572440484188987	-8.849917519338321	1	1
pseudo_2175	0.2469239881666262	-1.2826861144149815	2	2	0.9309560254130228	-3.9390111822754905	2	2
pseudo_2176	0.5148046971498188	4.8520195975994085	5	5	0.6930107990347425	-5.9040828446062195	5	5
pseudo_2177	0.22811450046427606	6.359535674615446	3	3	0.2183702723077101	1.030545627117576	3	3
pseudo_2178	0.11472351614099535	-1.4628568607122354	4	4	0.03310923280732754	-9.336394654181655	4	4
pseudo_2179	0.4727514920463637	-0.6719254455200936	3	3	0.3903146090334727	-5.844678925100324	3	3
pseudo_218	0.41188430755359884	6.1504595544707215	3	3	0.9693171048552904	-2.5740337410920597	3	3
pseudo_2180	0.3832800899235307	-0.757214579103063	3	3	0.6910212822201471	-1.9469134048086296	3	3
pseudo_2181	0.7230055446788708	3.536509492384412	2	2	0.7587021685204839	-3.3579008706849796	2	2
pseudo_2182	0.023599801735983108	10.320552580665028	4	4	0.5761770080731894	0.6688234901949147	4	4
pseudo_2183	0.7100221841915572	3.6737982524790884	3	3	0.5382664090392814	-5.07800429452249	3	3
pseudo_2184	0.943486125521797	0.014385466493926913	2	2	0.05766329329449868	2.2619668940558855	2	2
pseudo_2185	0.16145007862440564	6.873000560601501	4	4	0.052066257987501335	-0.43904211950173133	4	4
pseudo_2186	0.10300722558493473	-1.6396883372764295	2	2	0.27358643671503136	-6.799374638985158	2	2
pseudo_2187	0.2667432356540925	5.305313961150757	2	2	0.15856839800853773	1.61750274626915	2	2
pseudo_2188	0.943486125521797	4.6957339114183805	2	2	0.9184430153867233	-3.931762879348755	2	2
pseudo_2189	0.7485590812707075	5.747108400734532	3	3	0.42664900025009844	-5.431317232599376	3	3
pseudo_219	0.3298374586338735	6.0995194310773035	3	3	0.41188430755359884	-3.302306775629759	3	3
pseudo_2190	0.15099699281410436	-1.1807558283280855	3	3	0.2930882734796626	-6.0561790645399185	3	3
pseudo_2191	0.7223684202083942	5.997662064395791	5	5	0.7223684202083942	-2.243533294521197	5	5
pseudo_2192	0.13365818902521173	-1.3589908333394174	4	4	0.11729146697379306	-9.802129259390112	4	4
pseudo_2193	0.2930882734796626	4.075426767446877	3	3	0.26464526123392806	-0.7500084389959182	3	3
pseudo_2194	0.8667576880251485	5.678741939440196	5	5	0.820428266301408	-5.653058764324367	5	5
pseudo_2195	0.5382664090392814	2.1029575327243255	3	3	0.15099699281410436	-6.316412490425436	3	3
pseudo_2196	0.20296791264228342	9.984404748433821	5	5	0.7898761590839725	-4.115096505145906	5	5
pseudo_2197	0.11255424850090655	11.56849326732259	1	1	0.7543616813153047	-6.579519725091042	1	1
pseudo_2198	0.7348419757547078	-0.4427372066922901	2	2	0.9811480173440964	-3.712958040596145	2	2
pseudo_2199	0.6536077735597845	3.040568729733143	3	3	0.807532625941542	-2.0538201949253927	3	3
pseudo_22	0.49679285269466833	-0.7229062255024417	3	3	0.938679567126398	-2.166364022568233	3	3
pseudo_220	0.9606431141605083	5.432416513740108	5	5	0.21367136156482625	-8.689731802742537	5	5
pseudo_2200	0.7692738389393025	2.9353314263222554	4	4	0.4222680711824055	-1.2001846853151361	4	4
pseudo_2201	0.08741173791864212	-2.438314339808131	2	2	0.10983393503759603	-9.310984012473947	2	2
pseudo_2202	0.2433051751498202	-1.415292985246517	3	3	0.09302949678756992	-8.621911738206181	3	3
pseudo_2203	0.9514557743257029	2.641127995014313	4	4	0.7107813450468223	-4.932098649352132	4	4
pseudo_2204	0.60722465846531	2.1715978306310033	1	1	0.10758007954269416	3.64630280247823	1	1
pseudo_2205	0.7440222840892492	3.3142242843271994	4	4	0.9250413668834809	-4.700773300486096	4	4
pseudo_2206	0.3248358400458259	-1.074788579275058	2	2	0.7230055446788708	-4.248763130274886	2	2
pseudo_2207	0.8405846234272769	-0.2685213682179679	1	1	0.5611813673562704	-8.1418067878443	1	1
pseudo_2208	0.5467648189425076	0.6509684108746789	3	3	0.11776244680974247	1.3283665042004318	3	3
pseudo_2209	0.15380127875767738	4.932421776145666	8	8	0.6235174745402625	-9.51562342856523	8	8
pseudo_221	0.49317986809783765	4.731995657333988	2	2	0.7230055446788708	-3.6506180026871955	2	2
pseudo_2210	0.6619517322688329	0.03822474139562034	4	4	0.26122960212685875	-0.9389918572507021	4	4
pseudo_2211	0.13657474281806514	9.60977313659291	2	2	0.8070967570385119	-2.8866651600983477	2	2
pseudo_2212	0.5867979333899076	2.603595522891096	2	2	0.10983393503759603	-9.322441363809807	2	2
pseudo_2213	0.7680727798663671	3.084210961369344	3	3	0.5049490766008549	-1.698317966117573	3	3
pseudo_2214	0.41188430755359884	2.1966380515841197	3	3	0.887840270027302	-2.331944561543142	3	3
pseudo_2215	0.4222680711824055	1.764006844850628	4	4	0.8899552824280113	-2.837717131515092	4	4
pseudo_2216	0.5214708247223392	-0.5682594887759626	3	3	0.14383385829413525	-8.579568962729832	3	3
pseudo_2217	0.39934532304647885	4.810367247872046	2	2	0.5652992261622686	-4.840748354190765	2	2
pseudo_2218	0.9250413668834809	5.247409417782253	4	4	0.6380501973453063	-2.1871033182973387	4	4
pseudo_2219	0.12073864539342938	-1.6979769071466757	2	2	0.24055279390476536	-8.779057738032202	2	2
pseudo_222	0.36944590760774776	5.495173233315225	3	3	0.44936494294784546	-1.8348817465378797	3	3
pseudo_2220	0.31115448833957704	-1.065466134234624	4	4	0.26122887665562033	-1.782833631914902	4	4
pseudo_2221	0.5406056685499856	6.110643615101626	5	5	0.3905445896253583	-1.95955505579644	5	5
pseudo_2222	0.28147396780603007	1.7757650204426045	3	3	0.7877345940824121	-2.235745086835933	3	3
pseudo_2223	0.4648823892778319	-0.7206656760493644	3	3	0.5131753215067887	-3.2059106712029304	3	3
pseudo_2224	0.7100221841915572	2.924208796115693	3	3	1.0	-2.534274710121798	3	3
pseudo_2225	0.3650398955354811	-0.8781703275288866	2	2	0.348599297858214	0.8916787341846716	2	2
pseudo_2226	0.9284849484165043	0.4716470372963449	3	3	0.01196981737239326	3.013902930311007	3	3
pseudo_2227	0.6080465581711534	3.0385856558569793	3	3	0.4727514920463637	-5.423031935590441	3	3
pseudo_2228	0.3832800899235307	6.370979439230896	3	3	0.6261019637321814	-5.276362446978345	3	3
pseudo_2229	0.01895818657318882	-2.041412805171092	3	3	0.4341455934714077	-3.319944846188863	3	3
pseudo_223	0.07900801304070156	9.942628506832689	2	2	0.3650398955354811	0.8677224195816069	2	2
pseudo_2230	0.18963477493146974	9.596313644521286	4	4	0.46168237057588557	-5.481265048245997	4	4
pseudo_2231	0.2876302927634743	-1.1731847756070835	2	2	0.2162287036141165	-8.545620050738496	2	2
pseudo_2232	0.23260263385304702	11.107871182003258	7	7	0.6189301071360724	-4.651002373227901	7	7
pseudo_2233	0.9465430309588645	-0.05509472813906946	1	1	0.19488162026881717	2.134115777968362	1	1
pseudo_2234	0.09555268219200039	-1.4603949192336618	3	3	0.817478933088828	-2.0016059842797573	3	3
pseudo_2235	1.0	2.329673847354495	3	3	0.02030255749334904	-9.784494965128696	3	3
pseudo_2236	0.5976874661302043	4.384989359521222	2	2	0.18838083371036818	1.3232008306976115	2	2
pseudo_2237	0.5131753215067887	-0.7102891181186065	3	3	0.18238547704937835	1.164653650417365	3	3
pseudo_2238	0.20900142651766285	6.813742421929952	4	4	0.6699976455692489	-4.623889753246343	4	4
pseudo_2239	0.04411561467333794	8.169762894866942	3	3	0.3298374586338735	-1.0627199830232206	3	3
pseudo_224	0.7467417269274196	5.083274509444868	2	2	0.3734388537711759	-4.7007462162038465	2	2
pseudo_2240	0.7388614164667177	3.094291457931446	3	3	1.0	-4.457790607461276	3	3
pseudo_2241	0.22815990815042086	-1.829098634818843	2	2	0.7467417269274196	-4.205678959125351	2	2
pseudo_2242	0.031531601438047056	11.276448265035947	2	2	0.49317986809783765	-7.4458902292432825	2	2
pseudo_2243	0.9937154859688025	4.432920276982185	2	2	0.6763439935511724	-4.273242885303681	2	2
pseudo_2244	0.12526659712095597	10.245833228415249	4	4	0.3729058339035942	-6.072742691128846	4	4
pseudo_2245	0.14035143404874173	6.884761233525584	3	3	0.581408405452535	-1.8290077390436617	3	3
pseudo_2246	0.5324918598996626	5.953924308316992	6	6	0.520763158054506	-4.7693703277021875	6	6
pseudo_2247	0.10254108328855689	10.033155540053995	4	4	0.2171364850088746	-8.260705907469385	4	4
pseudo_2248	0.9590973165597236	0.46400975603271394	3	3	0.08346683429067425	2.0474047925135657	3	3
pseudo_2249	0.2667432356540925	8.310991109458827	2	2	0.7587021685204839	-4.1254308221264395	2	2
pseudo_225	0.4341455934714077	1.7863988613802306	3	3	0.5298347942712703	-1.788385809568292	3	3
pseudo_2250	0.6628844145825149	2.5729377089297767	3	3	0.06484722386368952	-9.108140569536053	3	3
pseudo_2251	0.3971244218809826	2.230714800819999	4	4	0.5913782268926071	-1.9298351002040446	4	4
pseudo_2252	0.19310643120655213	1.3669555605041825	7	7	0.7971995614063934	-9.383837096544566	7	7
pseudo_2253	0.7976173369272378	2.864036868609841	3	3	0.807532625941542	-1.9401836797921295	3	3
pseudo_2254	0.9213819296189663	4.515976748842365	5	5	0.5406056685499856	-4.60395006555385	5	5
pseudo_2255	0.37441268682542606	7.033367100000606	5	5	0.5471554677511148	-1.3668840448864625	5	5
pseudo_2256	0.5031721828630555	4.739602701648144	2	2	0.45429586033481906	0.7944523521905162	2	2
pseudo_2257	0.9690968673228204	6.091311190537774	4	4	0.5317146122276188	-5.673058029859014	4	4
pseudo_2258	0.9811480173440964	3.9135192261194307	2	2	0.23429830533849683	1.5760765156269891	2	2
pseudo_2259	0.2808683052861415	10.552615235836782	8	8	0.460368911697266	-5.610120146494412	8	8
pseudo_226	0.35592646688270313	7.040287120671787	3	3	0.5639584801257445	0.43004943838565274	3	3
pseudo_2260	0.24852326150131454	-1.0240145792779716	3	3	0.07264995659654117	-9.035839157968484	3	3
pseudo_2261	0.5537272554962529	3.5557173404223046	4	4	0.053419191630219874	2.4676724053743304	4	4
pseudo_2262	0.19372745769277544	-1.3736072621611877	2	2	0.5031721828630555	-4.4669646869516715	2	2
pseudo_2263	0.7862470939278621	5.352487857679436	4	4	0.7025535017910994	-5.206403336288	4	4
pseudo_2264	0.11431542407562023	1.378627844412237	5	5	0.8979107268266115	-2.3964953445532644	5	5
pseudo_2265	0.21361189200251973	6.3925392417715585	3	3	0.10345223120123519	1.6110727532272702	3	3
pseudo_2266	0.7372052437174912	6.147731964618377	5	5	0.65695651312603	-1.7333624070692633	5	5
pseudo_2267	0.33881051844302557	9.250099220884413	6	6	0.7635085933085559	-5.0217964321938044	6	6
pseudo_2268	0.8777207887544841	2.077400600902649	3	3	0.7877345940824121	-2.229592996410686	3	3
pseudo_2269	0.4341455934714077	6.5819530716481545	3	3	0.20892878675953697	1.7409915433724203	3	3
pseudo_227	0.09340460183665425	-1.7451342510026304	2	2	0.30959359087282123	-4.921083569148782	2	2
pseudo_2270	0.857543272629919	-0.08402782330566112	3	3	0.635215358517195	-5.180937182590468	3	3
pseudo_2271	0.7521406607819945	6.158658238885368	5	5	0.7223684202083942	-2.1464460909301857	5	5
pseudo_2272	0.06417104135292262	-1.926016846796207	2	2	0.4832948377607639	-4.52171567579596	2	2
pseudo_2273	0.7190430278067974	5.615494342205125	4	4	0.561162729966211	-1.5290612393716465	4	4
pseudo_2274	0.1473821605696614	6.877182112070291	3	3	0.7292051126577086	-4.745528726624357	3	3
pseudo_2275	0.6380501973453063	5.772539601230193	4	4	0.9955841849544221	-2.5450611116582658	4	4
pseudo_2276	0.7440222840892492	5.948498369928675	4	4	0.46168237057588557	0.828777558602139	4	4
pseudo_2277	0.8315867888149642	4.480472846297994	2	2	0.20475337654176373	-8.611168344396944	2	2
pseudo_2278	0.8374581668794847	2.809691243698376	3	3	0.4266482832401751	-5.525623106473803	3	3
pseudo_2279	0.6995329331934781	-0.5066425541269934	2	2	0.15396770293365164	-8.587711778519905	2	2
pseudo_228	0.7195915739470362	5.584908114284931	3	3	0.5382664090392814	-5.547099048475399	3	3
pseudo_2280	0.17821622394400205	4.374162716004599	3	3	0.01196981737239326	3.033148584918582	3	3
pseudo_2281	0.5030699323119653	6.336615676286229	4	4	0.2473957751894249	-1.5821880864319506	4	4
pseudo_2282	0.27558848353861054	-0.7257816102648361	4	4	0.5317146122276188	-2.011567580683755	4	4
pseudo_2283	0.8810372211357613	0.8128745174829954	2	2	0.4082155626486066	-1.5360845693653968	2	2
pseudo_2284	0.39059206911780864	5.33221756455633	2	2	0.3734388537711759	-8.25390487232308	2	2
pseudo_2285	0.20175201441718815	10.355198009485695	7	7	0.4606594550162896	-8.04637323709712	7	7
pseudo_2286	0.2990143919042869	4.346838987137743	3	3	0.6443843541768188	-1.574510155101443	3	3
pseudo_2287	0.3611472357462534	1.5454534859462588	4	4	0.3729058339035942	-5.491531680872556	4	4
pseudo_2288	0.9514557743257029	4.472974742860523	4	4	0.6067611735997069	-2.277902177371594	4	4
pseudo_2289	0.07063061354507821	-1.5917538713870663	3	3	0.05286022354376486	-9.13113919468345	3	3
pseudo_229	0.8204924050072138	2.890565282792478	4	4	0.8987093483998948	-7.738121856986179	4	4
pseudo_2290	0.46385166080802676	-0.739583701491231	2	2	0.9685852258716768	-3.707342359296569	2	2
pseudo_2291	0.5244762462367185	2.278434509040911	4	4	0.9338383391302506	-5.136588025928469	4	4
pseudo_2292	0.37887304970496727	1.3971121404972051	4	4	0.6145190997412586	-2.273254167630362	4	4
pseudo_2293	0.9955841849544221	5.466722256914121	4	4	0.4222680711824055	-5.873184664343662	4	4
pseudo_2294	0.960273889294336	0.40006230925915237	4	4	0.37887304970496727	-1.6026523041086718	4	4
pseudo_2295	0.6498372020499537	2.251953390376057	5	5	0.2247762097435131	-1.6001131379966183	5	5
pseudo_2296	0.15467899711285435	7.04181193184881	3	3	0.7976173369272378	-4.610693626928157	3	3
pseudo_2297	0.3298374586338735	3.608391025677973	3	3	0.10619788484674712	1.4799150372993	3	3
pseudo_2298	0.10300722558493473	9.720566447957872	2	2	0.8070967570385119	0.3102569457090701	2	2
pseudo_2299	0.15099699281410436	-1.2926094858766486	3	3	0.06865753883235383	-8.971241014951287	3	3
pseudo_23	0.9514557743257029	2.943126952800067	4	4	0.4222680711824055	-8.640900478452775	4	4
pseudo_230	0.39572440484188987	9.071297783788493	1	1	0.7885497547098268	-1.942610501431952	1	1
pseudo_2300	0.9955841849544221	2.993816899078658	4	4	0.3729058339035942	-8.687261379387174	4	4
pseudo_2301	0.8512553486721774	5.8184591256227565	5	5	0.06787696273710724	1.792569185095555	5	5
pseudo_2302	0.8204924050072138	2.3160312969170724	4	4	0.16478946767576064	1.2075374368492156	4	4
pseudo_2303	0.3248358400458259	8.385356205543525	2	2	0.45429586033481906	0.7144744178354903	2	2
pseudo_2304	0.6261019637321814	2.6237168146236933	3	3	0.4046170516486274	-5.3212367241928495	3	3
pseudo_2305	0.2232043428842122	-1.0565322158570503	3	3	0.3974270360203289	-5.701936299642117	3	3
pseudo_2306	0.44171773963395544	-0.6233203931415018	3	3	0.9897701264791506	-2.5809427003143566	3	3
pseudo_2307	0.14035143404874173	-1.2956629125007197	3	3	0.10900100306015399	-6.750400204068895	3	3
pseudo_2308	0.5214708247223392	-0.5336447540696732	3	3	0.7485590812707075	-1.8246003945758613	3	3
pseudo_2309	0.44832100205667635	1.6822494615602774	4	4	0.7947725309220217	-2.355639394935294	4	4
pseudo_231	0.46518904062362043	2.3473767461373747	5	5	0.5084558986520227	-1.7006181302144423	5	5
pseudo_2310	0.27578552776006304	4.032676735965675	3	3	0.021729356263399016	2.8210963104818974	3	3
pseudo_2311	0.2162287036141165	8.389740884637767	2	2	0.24055279390476536	1.1517542956601583	2	2
pseudo_2312	0.03980372665492788	-2.105391420522751	2	2	0.35675993039536746	0.9964182333915855	2	2
pseudo_2313	0.5298347942712703	-0.529878326378182	3	3	0.13693422654194684	1.199719473873938	3	3
pseudo_2314	0.8274547153391009	2.806030796803915	3	3	0.7877345940824121	-2.776367664608918	3	3
pseudo_2315	0.33278196831796714	1.9902467012601714	4	4	0.9867530958656652	-5.424167328292669	4	4
pseudo_2316	0.2519493727107086	4.761742557491856	4	4	0.9867530958656652	-7.622098304643095	4	4
pseudo_2317	0.9250413668834809	5.8738602400407585	4	4	0.06863300327748961	-10.032918465598472	4	4
pseudo_232	0.03497752738291947	10.18796042097494	4	4	0.26122960212685875	-0.9734399571695577	4	4
pseudo_233	0.30007256614656597	8.695764356471457	5	5	0.7521406607819945	-1.896861468873227	5	5
pseudo_234	0.12455614147911047	-1.6467778655081116	2	2	0.17299490863502232	-8.726988088655137	2	2
pseudo_235	0.2935215095172843	9.547124171792941	1	1	0.7885497547098268	0.4921044484346638	1	1
pseudo_236	0.7112350180446727	-0.493122148094983	2	2	0.8810372211357613	-3.689218408011757	2	2
pseudo_237	0.8777207887544841	0.28812894149346285	3	3	0.5902270402154097	-1.804882943399699	3	3
pseudo_238	0.49679285269466833	3.3128310987712113	3	3	0.6722130506777154	-2.2259347415918826	3	3
pseudo_239	0.7692738389393025	4.0199868173382605	4	4	0.24739649435458844	-1.0811786838091517	4	4
pseudo_24	0.857543272629919	2.779730148467172	3	3	0.27578552776006304	0.9518389813749945	3	3
pseudo_240	0.316472982588602	8.204918250693266	4	4	0.7440222840892492	-2.5879321103944215	4	4
pseudo_241	0.39934532304647885	4.847743873043921	2	2	0.4832948377607639	0.7399680879876805	2	2
pseudo_242	0.42979355098713434	6.390614062397984	5	5	0.19266039305614902	-1.2274731593771733	5	5
pseudo_243	0.2701760209027281	6.159161212373594	3	3	0.120802702558371	1.4849749866542006	3	3
pseudo_244	0.8812146128815848	2.4761465498830333	4	4	0.2955575294992029	-6.286285343227653	4	4
pseudo_245	0.820428266301408	3.2444668600853492	5	5	0.04619566775458048	-0.9589555800765576	5	5
pseudo_246	0.23310112281376305	1.6290031171840618	3	3	0.11186231812043589	-6.515073403044274	3	3
pseudo_247	0.44832100205667635	1.3082730562826883	4	4	0.08930589622693634	-10.415741949862694	4	4
pseudo_248	0.1285693557310252	11.433193772980836	1	1	0.4210603961415209	-8.686535363762781	1	1
pseudo_249	0.10619788484674712	-1.4489750588176655	3	3	0.7877345940824121	-3.542417750000378	3	3
pseudo_25	0.3650398955354811	-1.0102980746882588	2	2	0.3734388537711759	-4.927388297936645	2	2
pseudo_250	0.6763439935511724	3.9168000768077875	2	2	0.35675993039536746	0.863826426059529	2	2
pseudo_251	0.8777207887544841	2.627874785386844	3	3	0.8474884623710603	-5.1261583635874235	3	3
pseudo_252	0.5652992261622686	4.6638480761381995	2	2	0.843894999666673	-3.530883649431091	2	2
pseudo_253	0.581408405452535	3.547513458273619	3	3	0.32351376223601025	0.7988690739185863	3	3
pseudo_254	0.3478950215852922	-1.5182020049197646	1	1	0.25435887577417904	-9.392488253612173	1	1
pseudo_255	0.43558180432616367	8.103691734354028	5	5	0.20296791264228342	-8.823442140833917	5	5
pseudo_256	0.8934805595749318	3.908568774620761	2	2	0.39059206911780864	-4.774298637434981	2	2
pseudo_257	0.8676212504342513	2.3500868352801656	3	3	0.6261019637321814	-1.7126413263150042	3	3
pseudo_258	0.8637776525500586	2.76648264734617	4	4	0.26122960212685875	-8.461756552859041	4	4
pseudo_259	0.8562414491164003	0.350068105402761	2	2	0.6308934752940435	-3.002387738404964	2	2
pseudo_26	0.31584931916053016	10.3478565263427	7	7	0.05765855625701761	-0.4142169514872407	7	7
pseudo_260	0.12846712881833858	-1.6082664387971377	2	2	0.03546233334010026	-9.98155185842347	2	2
pseudo_261	0.33278196831796714	6.675468863090145	4	4	0.4222680711824055	-8.423958458782293	4	4
pseudo_262	0.42869676701719506	7.196599101425129	4	4	0.8464067914384638	-4.975433677612416	4	4
pseudo_263	0.18238547704937835	6.4446422969374915	3	3	0.7976173369272378	-2.574819033113828	3	3
pseudo_264	0.583754569978568	3.919224295803133	4	4	0.6301643374705801	-4.585405957721341	4	4
pseudo_265	0.7898761590839725	2.7614174183312516	5	5	0.6930107990347425	-9.144307568638212	5	5
pseudo_266	0.18124654652795347	6.376595623607024	9	9	0.13445137275539443	-9.913542125961074	9	9
pseudo_267	0.10985869562569302	1.6756143275036994	5	5	0.013612557757091701	-9.916841434728093	5	5
pseudo_268	0.572651888193549	-0.5371204784550759	3	3	0.7877345940824121	-5.201932929655837	3	3
pseudo_269	0.6862027827261539	5.580561435501462	4	4	0.7862470939278621	-5.517733270178028	4	4
pseudo_27	0.18662662332564084	-1.1141480513782316	3	3	0.031237960917183737	-9.515834914769671	3	3
pseudo_270	0.34845789557922413	6.443066296614714	5	5	0.24021556531342048	-1.9571163419309725	5	5
pseudo_271	0.7230055446788708	3.6310002663135332	2	2	0.9560302257852438	-0.03375691800291203	2	2
pseudo_272	0.13365818902521173	1.2062504479075093	4	4	0.49603912469264566	-5.878647650322119	4	4
pseudo_273	0.23310112281376305	6.584077560427734	3	3	0.5382664090392814	-1.1624128262160665	3	3
pseudo_274	0.9426435994569503	2.5448538413079826	4	4	0.6619517322688329	-1.9363068101995216	4	4
pseudo_275	0.2854549682814288	1.8393937079418972	4	4	0.022926848919766464	-10.012599327183096	4	4
pseudo_276	0.22213694235012693	-1.287813335975164	2	2	0.1324729028541257	-9.160565948562716	2	2
pseudo_277	0.7362660402005369	5.997231111113936	6	6	0.5563436183560846	-6.0865926277031095	6	6
pseudo_278	0.7195915739470362	3.3273495898870884	3	3	0.19532670255928453	1.593198519684618	3	3
pseudo_279	0.20432052338672468	-1.1420237677557015	3	3	0.31110500716922107	-1.2271084954657696	3	3
pseudo_28	0.03519252219037139	1.8901959444730612	6	6	0.9462947673566837	-7.49682997913044	6	6
pseudo_280	0.24290153575747864	-1.3373933620094227	4	4	0.6943603633068561	-4.960402667007956	4	4
pseudo_281	0.18314385695624547	-1.4405473463369614	2	2	0.07377967969036121	-9.606636983654294	2	2
pseudo_282	0.843894999666673	0.523117705791178	2	2	0.6763439935511724	-2.8713748330281263	2	2
pseudo_283	0.857543272629919	2.7745685384130367	3	3	0.4341455934714077	-1.7742086369690462	3	3
pseudo_284	0.9693171048552904	4.82131134830043	3	3	0.635215358517195	-2.0978377837773814	3	3
pseudo_285	0.9897701264791506	3.1398454077315225	3	3	0.4341455934714077	-1.631327045053709	3	3
pseudo_286	0.015606870166437331	11.336729485860564	5	5	0.020920337950942326	3.39739555140104	5	5
pseudo_287	0.10619788484674712	-1.3644896972935623	3	3	0.8274547153391009	-2.7385064360226608	3	3
pseudo_288	0.7190430278067974	6.037701837154614	4	4	0.6862027827261539	-2.824121885903246	4	4
pseudo_289	0.938679567126398	2.945184128037957	3	3	0.42664900025009844	-5.764408363802253	3	3
pseudo_29	0.09141090997346367	-1.8236475063096744	4	4	0.8550834429594527	-2.512940951061169	4	4
pseudo_290	0.8539204800443443	9.274612219299263	6	6	0.520763158054506	-1.5591864422963972	6	6
pseudo_291	0.2872415035257284	3.750145101017407	3	3	0.06121309594928277	1.6614983740531963	3	3
pseudo_292	0.435182026075545	6.488967774079491	4	4	0.5030705818716052	-1.2034544591636884	4	4
pseudo_293	0.5991067732661075	2.7074475659181902	3	3	0.2183702723077101	-6.106328057723062	3	3
pseudo_294	0.6619517322688329	-0.49140846021512213	4	4	0.7947725309220217	-5.048084976255086	4	4
pseudo_295	0.3903138742094965	-0.8311058947958946	3	3	0.042783708120503354	1.8715960016882616	3	3
pseudo_296			0	0			0	0
pseudo_297	0.9892511394734813	7.136629362554345	6	6	0.784136241845184	-8.598571028749783	6	6
pseudo_298	0.8963843249700169	6.422592276064314	6	6	0.1974573255491182	-0.3878396444692053	6	6
pseudo_299	0.8724883884492399	2.4787972806281497	4	4	0.6459772262645747	-2.2278554223540454	4	4
pseudo_3	0.9183020542901625	2.61639311784347	3	3	0.6261019637321814	-2.1518228248854787	3	3
pseudo_30	0.44732399934907996	8.771651548231134	1	1	0.3039130501043371	1.5279497195705978	1	1
pseudo_300	0.3903146090334727	5.900959401684884	3	3	0.681592431261696	-5.285809639378997	3	3
pseudo_301	0.9250413668834809	0.4999896105443007	4	4	0.011796757000841747	2.7197809194112903	4	4
pseudo_302	0.43407741678597844	8.935439428282786	1	1	0.5611813673562704	0.8197479253765478	1	1
pseudo_303	0.1517384732432671	1.0457064154309037	4	4	0.3909825254655226	-5.971206046503977	4	4
pseudo_304	0.5537272554962529	9.079254583027916	4	4	0.46168237057588557	-5.924577620220753	4	4
pseudo_305	0.8676212504342513	2.310311010362875	3	3	0.12390403847852342	-6.753301961674449	3	3
pseudo_306	0.07935945003234322	-1.6737486484357653	4	4	0.054801361700938044	-9.45965546462005	4	4
pseudo_307	0.1324729028541257	-1.581821633774382	2	2	0.08453381130242482	-9.455107053400713	2	2
pseudo_308	0.5298347942712703	5.567653355280252	3	3	0.5902270402154097	-3.137060891799768	3	3
pseudo_309	0.7582966833253433	2.5550014742644644	3	3	0.6910212822201471	-2.012350382840531	3	3
pseudo_31	0.857543272629919	3.1552598275260846	3	3	1.0	-2.293460865629705	3	3
pseudo_310	0.12073864539342938	9.403876493208132	2	2	0.5546937179716545	-2.1292840115134584	2	2
pseudo_311	0.6443843541768188	2.2722620828199704	3	3	0.18662662332564084	-6.274865740572359	3	3
pseudo_312	0.7692738389393025	4.918517711483658	4	4	0.46168237057588557	-1.4545988407428478	4	4
pseudo_313	0.6536077735597845	5.952414964904	3	3	0.6536077735597845	-5.124740863146551	3	3
pseudo_314	0.488707383064622	-0.7211267473233457	3	3	0.5298347942712703	-5.525685820581567	3	3
pseudo_315	0.2955575294992029	1.804334252034721	4	4	0.760827934703312	-4.905756789614219	4	4
pseudo_316	0.7976173369272378	5.537513206426831	3	3	0.77788590974574	-0.289638479113878	3	3
pseudo_317	0.4341455934714077	6.2886862611718115	3	3	0.31726960741850796	-5.905957551616396	3	3
pseudo_318	0.5652992261622686	4.729523790130046	2	2	0.6308934752940435	-4.547777231207979	2	2
pseudo_319	0.3971244218809826	6.214921013199471	4	4	0.5990473195523243	-1.7106820231462845	4	4
pseudo_32	0.01606313967622972	10.820725720531135	4	4	0.08724010066946998	0.20574063495731654	4	4
pseudo_320	0.20767044692026349	2.3150940302114136	7	7	0.17399756327196025	-9.393565125349303	7	7
pseudo_321	0.18662662332564084	6.473513781488482	3	3	0.9183020542901625	-2.476532279903219	3	3
pseudo_322	0.2930882734796626	6.332531752869056	3	3	0.7680727798663671	-2.2887734989003103	3	3
pseudo_323	0.9842518788720768	2.8804799392249882	5	5	0.5872591303419543	-8.488755492627213	5	5
pseudo_324	0.77788590974574	2.88824801119751	3	3	0.15842880519441593	-8.396475376065572	3	3
pseudo_325	0.4735183663543777	-0.7748083369614589	2	2	0.6534580244641217	-3.1045833709024375	2	2
pseudo_326	0.572651888193549	5.953147823027522	3	3	0.9693171048552904	-2.5159098165674965	3	3
pseudo_327	0.3021525706062178	-1.2491083453691676	2	2	0.29483152023789805	1.2397647121398756	2	2
pseudo_328	0.6857408265517967	2.099722860296256	5	5	0.010287254460991067	2.3144116133717447	5	5
pseudo_329	0.01558264764551832	-1.9356140908311386	4	4	0.47526323883022525	-5.8652100183059055	4	4
pseudo_33	0.4506449063112219	5.88045287195981	7	7	0.035973057450521664	-9.608312102618122	7	7
pseudo_330	0.41188430755359884	2.308814010052217	3	3	0.0857794862009348	1.4617417560161166	3	3
pseudo_331	0.06647064749715723	-1.8405862168305287	2	2	0.22213694235012693	-7.000739259105812	2	2
pseudo_332	0.46385166080802676	-0.8496960116073167	2	2	0.9560302257852438	-3.376962018362032	2	2
pseudo_333	0.8274547153391009	2.818198440117524	3	3	0.9081325431775695	-2.4704142032696734	3	3
pseudo_334	0.8686231829899802	3.9068105594802214	2	2	0.8315867888149642	-3.4951492256095285	2	2
pseudo_335	0.7440222840892492	2.8441557338538654	4	4	0.21304092415899312	-0.950708085282861	4	4
pseudo_336	0.7521406607819945	3.254169568356007	5	5	0.5737408034707621	-4.37360562342407	5	5
pseudo_337	0.26464526123392806	-1.0721175493617576	3	3	0.15467899711285435	-6.4224342508207295	3	3
pseudo_338	0.42869676701719506	6.562652998286322	4	4	0.6459772262645747	-5.691576479251263	4	4
pseudo_339	0.9685852258716768	4.177773565784175	2	2	0.6421344536862842	0.11439717529918814	2	2
pseudo_34	0.09815496360702221	11.830564788288573	1	1	0.1285693557310252	2.941690174298179	1	1
pseudo_340	0.1549249777527874	1.3996813087583346	4	4	0.4158962259539085	-5.9242112163970875	4	4
pseudo_341	0.9955841849544221	5.3774379572735755	4	4	0.37887304970496727	-5.818997050058575	4	4
pseudo_342	0.2162287036141165	-1.4111545815194004	2	2	0.4735183663543777	-4.587326712441751	2	2
pseudo_343	0.2954931226483466	10.239732477675597	5	5	0.7747172426657972	-8.32010298983762	5	5
pseudo_344	0.15396770293365164	8.971517191035012	2	2	0.7587021685204839	-3.3503220647673846	2	2
pseudo_345	0.6086679030307207	4.490828361123659	2	2	0.4735183663543777	-5.2452497416603086	2	2
pseudo_346	0.5298347942712703	6.194795482362909	3	3	0.681592431261696	0.3770187750142558	3	3
pseudo_347	0.07900801304070156	-1.9054722358384435	2	2	0.12073864539342938	-9.278462323824849	2	2
pseudo_348	0.34395008304566466	-0.6542020374000584	4	4	0.48905978864829924	-4.613946108863252	4	4
pseudo_349	0.827454452016936	0.16644608895914695	3	3	0.033304902260159655	1.9899578934912305	3	3
pseudo_35	0.49679285269466833	-0.7141582256795823	3	3	0.6261019637321814	-5.525610001764746	3	3
pseudo_350	0.5991067732661075	-0.30561833712614295	3	3	0.7100221841915572	-5.310988057759682	3	3
pseudo_351	0.024846600447964648	-2.297934299868961	3	3	0.013339738453898504	-9.83788638616196	3	3
pseudo_352	0.5617381018606572	7.991818222897359	7	7	0.6365707463636623	-9.203617043207613	7	7
pseudo_353	0.7524104390158548	6.112370717874776	4	4	0.8291102573791971	-5.478846550211924	4	4
pseudo_354	0.08930589622693634	8.015252612293503	4	4	0.5463403592377412	-2.1285018534662785	4	4
pseudo_355	0.6443843541768188	2.226321430433756	3	3	0.10345223120123519	-6.440795947746648	3	3
pseudo_356	0.09369619745309178	11.845637182341322	1	1	0.9465430309588645	0.15088115067022723	1	1
pseudo_357	0.8358102806211967	6.491840057568715	5	5	0.05553759084013404	-9.607807818942922	5	5
pseudo_358	0.19435228440221575	10.772376280282268	6	6	0.38610408151040876	-4.72482427350968	6	6
pseudo_359	0.37632376895680564	3.527226764693694	3	3	0.635215358517195	-5.073303422843286	3	3
pseudo_36	0.0747163132545827	8.005458489166214	3	3	0.007655625742140813	3.6530769829015934	3	3
pseudo_360	0.8686231829899802	3.6959792171996133	2	2	0.6197372556879597	0.5180537568760513	2	2
pseudo_361	0.37887304970496727	6.01977448357773	4	4	0.1549249777527874	1.7033007533099953	4	4
pseudo_362	0.12846712881833858	-1.590643898782635	2	2	0.22815990815042086	-5.183550400953711	2	2
pseudo_363	0.7230055446788708	3.5209768119228944	2	2	0.6763439935511724	-4.468371839374754	2	2
pseudo_364	0.9669393295281391	9.902503709590214	7	7	0.9339353963228425	-6.184643031609567	7	7
pseudo_365	0.027432027432826613	10.50560041874847	3	3	0.27578552776006304	0.9159022515113001	3	3
pseudo_366	0.5179054858372172	10.421704081378175	7	7	0.6604144290842578	-8.320091597169696	7	7
pseudo_367	0.3819564012414617	-0.8947880049491834	2	2	0.4082155626486066	0.8395036097194587	2	2
pseudo_368	0.8464067914384638	4.184625812969828	4	4	0.44832100205667635	-1.5345653351083641	4	4
pseudo_369	0.39572440484188987	9.071297783788493	1	1	0.7885497547098268	-1.942610501431952	1	1
pseudo_37	0.22856789801210797	-1.2238198092443324	5	5	0.282036826518004	-1.3216152736093203	5	5
pseudo_370	0.45497406185185574	4.0838453511049595	4	4	0.727337672936651	-4.365711730220357	4	4
pseudo_371	0.8512553486721774	3.5684873954878604	5	5	0.9292219346038727	-4.817420272530878	5	5
pseudo_372	0.8987093483998948	3.460678543815194	4	4	0.2659572796539479	-6.214751246733112	4	4
pseudo_373	0.49603912469264566	2.305686931892305	4	4	0.6459772262645747	-4.957185212001163	4	4
pseudo_374	0.31454611178649994	-1.5693458348795595	1	1	0.9821691428426891	-0.0472019300162706	1	1
pseudo_375	0.857543272629919	3.1359834413508136	3	3	0.37632376895680564	-5.924434930043727	3	3
pseudo_376	0.27913806876851865	10.359516659259413	6	6	0.07911198191548718	-9.334433254930516	6	6
pseudo_377	0.6722130506777154	1.7364284572988495	3	3	0.9795419345200578	-3.6809992429450467	3	3
pseudo_378	0.3111552244155418	10.163573795819625	4	4	0.3058967477519794	-6.198037832231159	4	4
pseudo_379	0.6710984067421981	-0.7549681282980565	1	1	0.60722465846531	-7.62655325893455	1	1
pseudo_38	0.7206483568449862	-0.6547040048246267	1	1	0.4744948438768316	-8.526166688844143	1	1
pseudo_380	0.807532625941542	3.188293268421178	3	3	0.681592431261696	-5.3188138062005645	3	3
pseudo_381	0.7190430278067974	5.477445080319121	4	4	0.7692738389393025	0.36299838012582747	4	4
pseudo_382	0.0040791632901452535	10.991863943888255	5	5	0.9921255442052763	-4.155715820907507	5	5
pseudo_383	0.30007256614656597	7.163047189985626	5	5	0.42979355098713434	-7.554365416168815	5	5
pseudo_384	0.5553291451165078	-0.5613943073420581	3	3	0.887840270027302	-2.465669034529532	3	3
pseudo_385	0.49679285269466833	1.7338553924811952	3	3	0.24852326150131454	-6.278602682636375	3	3
pseudo_386	0.9081325431775695	3.1512193716177532	3	3	0.9081325431775695	-4.459471476564442	3	3
pseudo_387	0.16478946767576064	10.572656197646452	4	4	0.40958150230498125	-0.2271582796996443	4	4
pseudo_388	0.4172021210794411	4.815127723223937	2	2	0.7467417269274196	-4.378676546803862	2	2
pseudo_389	0.6145190997412586	3.982154712368416	4	4	0.9690968673228204	-4.783334431353477	4	4
pseudo_39	0.16145007862440564	1.1881650787141211	4	4	0.3909825254655226	-7.702310073780365	4	4
pseudo_390	1.0	3.11563944403779	3	3	0.16613430479761138	1.5119381770670162	3	3
pseudo_391	0.49317986809783765	-0.7562882540178943	2	2	0.8686231829899802	-4.036722977546424	2	2
pseudo_392	0.37632376895680564	1.5481079467679721	3	3	0.25919303965783735	-6.108806751343081	3	3
pseudo_393	0.3905445896253583	8.995896896999207	5	5	0.9685098920273089	-3.353848237907289	5	5
pseudo_394	0.817478933088828	0.09300727523729287	3	3	0.6910212822201471	-4.974551452574684	3	3
pseudo_395	0.08346683429067425	9.507421770252854	3	3	0.6080465581711534	-3.299278029109793	3	3
pseudo_396	0.8464067914384638	2.7792226462168075	4	4	0.4158962259539085	-1.9350970734829047	4	4
pseudo_397	0.2990143919042869	-0.9419216559271142	3	3	0.9795419345200578	-4.656037593230103	3	3
pseudo_398	0.11220000976001827	0.7696674772029019	4	4	0.6539446629380772	-2.142895091151335	4	4
pseudo_399	0.2637907313457758	9.62274946092213	1	1	0.4210603961415209	1.1129194812734282	1	1
pseudo_4	0.2876302927634743	-1.2975768257027767	2	2	0.11337887216598003	1.743824027611476	2	2
pseudo_40	0.1622470379244345	-1.2689212532542278	3	3	0.572651888193549	-1.6223451073470363	3	3
pseudo_400	0.39059206911780864	-0.8785006751710052	2	2	0.4735183663543777	0.6415071941805197	2	2
pseudo_401	0.4417235445259694	1.9206549781425128	4	4	0.9074757572164002	-5.493818099282183	4	4
pseudo_402	0.9081325431775695	2.4764858593771213	3	3	0.581408405452535	-5.144268254675846	3	3
pseudo_403	0.4735183663543777	2.4126182082949583	2	2	0.5132704401927461	-4.47863409932613	2	2
pseudo_404	0.5234732311436927	4.687032579611026	2	2	0.4082155626486066	-8.010867317801363	2	2
pseudo_405	0.9184430153867233	4.428171740824321	2	2	0.17299490863502232	-8.663026769574156	2	2
pseudo_406	0.3058967477519794	-1.0303312113073648	4	4	0.8812146128815848	-5.756708320657569	4	4
pseudo_407	0.03384595715388939	-1.9641204747698058	5	5	0.7372052437174912	-3.300721735207159	5	5
pseudo_408	0.6995329331934781	3.56613531288997	2	2	0.7827943880091204	-0.5767228728605651	2	2
pseudo_409	0.9643471896271987	-0.036574640168272055	1	1	0.25435887577417904	1.6399246081532557	1	1
pseudo_41	0.2904766979343656	1.5438937228813543	4	4	0.10254108328855689	-9.744281946999342	4	4
pseudo_410	0.8987093483998948	5.232946582856926	4	4	0.48213500906045337	-5.68086813553298	4	4
pseudo_411	0.6421344536862842	-0.3912322861429778	2	2	0.8810372211357613	-3.4512068795901247	2	2
pseudo_412	0.4773380427055237	6.672231387048233	5	5	0.17011499465746405	-9.088932480981486	5	5
pseudo_413	0.77788590974574	2.8992821359836576	3	3	0.938679567126398	-2.4881262955039163	3	3
pseudo_414	0.2232043428842122	6.381732764442017	3	3	0.6910212822201471	0.3486895821275704	3	3
pseudo_415	0.4735183663543777	-0.7845702337589415	2	2	0.5132704401927461	-4.6759502746162225	2	2
pseudo_416	0.7112350180446727	0.5508050129042008	2	2	0.12073864539342938	1.5729248262921367	2	2
pseudo_417	0.8539204800443443	1.9811690627053398	6	6	0.743047178516542	-9.154205446463669	6	6
pseudo_418	0.15815274013885017	1.8246861724301997	5	5	0.10985869562569302	-9.445825724368454	5	5
pseudo_419	0.46507832316258924	10.486364134126353	8	8	0.760102970268141	-9.227001538039763	8	8
pseudo_42	0.7467417269274196	4.207152996771895	2	2	0.5337790800446239	-4.3559689928821355	2	2
pseudo_420	0.4046170516486274	6.81079224749607	3	3	0.34928526832606266	-5.79957404453804	3	3
pseudo_421	0.9811480173440964	4.01567401900301	2	2	0.7707206272513105	-4.175883680634507	2	2
pseudo_422	0.5131753215067887	2.113501748249796	3	3	0.03899145858374165	-9.460393606111255	3	3
pseudo_423	0.14630173992440274	10.984403262749304	1	1	0.516896830695802	-8.312260733395522	1	1
pseudo_424	0.5136224402144198	5.538338084191591	8	8	0.08543524926831707	-9.89725521645652	8	8
pseudo_425	0.27578552776006304	-0.9390715651935141	3	3	0.37632376895680564	-5.743453935033631	3	3
pseudo_426	0.04458798971986892	-2.0398649293612934	2	2	0.5234732311436927	-4.699169214999087	2	2
pseudo_427	0.6648619641725676	4.362988769660793	2	2	0.8810372211357613	0.17990366033055358	2	2
pseudo_428	0.5034229919736972	5.547318612417492	6	6	0.2634887618189893	-9.68884231588527	6	6
pseudo_429	0.22815990815042086	5.843423025177947	2	2	0.7587021685204839	-3.135593725992036	2	2
pseudo_43	0.7976173369272378	2.826446248058159	3	3	0.1622470379244345	-6.3770610160061905	3	3
pseudo_430	0.6301643374705801	-0.12180441424516175	4	4	0.7692738389393025	-4.884997087026396	4	4
pseudo_431	0.5872591303419543	2.229286366047589	5	5	0.34845789557922413	-9.915175428702007	5	5
pseudo_432	0.9338384395476218	2.582888921104576	4	4	0.2707435294471149	-8.71392561200426	4	4
pseudo_433	0.35535612168643926	1.9634104478361316	4	4	0.17511960807608284	-6.7686560832424325	4	4
pseudo_434	0.21361189200251973	-1.224963047301756	3	3	0.2872415035257284	-5.988796096220967	3	3
pseudo_435	0.7195915739470362	2.3380052238525946	3	3	0.31110500716922107	-4.71025130998867	3	3
pseudo_436	0.6459772262645747	-0.23823362612930885	4	4	0.050742104590847395	2.324405479109813	4	4
pseudo_437	0.6498372020499537	5.874702904169229	5	5	0.03730367731222271	-9.6312654727427	5	5
pseudo_438	0.4832948377607639	4.619834655168595	2	2	0.6534580244641217	-0.34884884187523857	2	2
pseudo_439	0.6534580244641217	-0.5490691206712102	2	2	0.8315867888149642	-3.3195003801512555	2	2
pseudo_44	0.24021486347463816	7.140805316494782	5	5	0.31886061483211536	-2.1149407633783124	5	5
pseudo_440	0.9081325431775695	3.2009028112947107	3	3	0.581408405452535	-5.344245673119642	3	3
pseudo_441	0.20501771275674419	8.376102720937746	4	4	0.3218500317538018	-1.0009105566197904	4	4
pseudo_442	0.9821691428426891	-0.011189321748357628	1	1	0.2935215095172843	1.5838098838165797	1	1
pseudo_443	0.5049490766008549	5.771844607173833	3	3	0.5131753215067887	0.5372315257733561	3	3
pseudo_444			0	0			0	0
pseudo_445	0.583754569978568	3.9340585102637617	4	4	0.8899552824280113	-2.7772937415409817	4	4
pseudo_446	0.7348419757547078	-0.3502261317739199	2	2	0.7949206956830592	0.28169968645795795	2	2
pseudo_447	0.39601437678611273	1.812088871575435	5	5	0.7003091513166854	-5.244368440494323	5	5
pseudo_448	0.581408405452535	5.82758573987912	3	3	0.6910212822201471	-2.910502456028776	3	3
pseudo_449	0.7292051126577086	5.723948090322431	3	3	0.5467648189425076	-5.375709871109606	3	3
pseudo_45	0.17801555158569027	-1.4273533358373989	2	2	0.032798151853047255	-10.093388214609867	2	2
pseudo_450	0.6780816007849325	2.1088404480892096	4	4	0.6459772262645747	0.4324205275322537	4	4
pseudo_451	0.27578552776006304	-0.9660739363094096	3	3	0.34928526832606266	-1.6362822754973567	3	3
pseudo_452	0.11770798213514376	-2.315942272827588	1	1	0.2833710752863259	-9.18922769245392	1	1
pseudo_453	0.9309560254130228	3.8117380843392246	2	2	0.943486125521797	-3.7467555398042096	2	2
pseudo_454	0.8724883884492399	2.9981681099520627	4	4	0.3496239504081101	-9.390390655922708	4	4
pseudo_455	0.5317146122276188	5.943813916279804	4	4	0.9690968673228204	-4.873857332574488	4	4
pseudo_456	0.70763528056557	5.854025949371754	5	5	0.24820939405881126	-1.861818264223837	5	5
pseudo_457	0.4417235445259694	-1.2013425229567833	4	4	0.9779236295852703	-5.470943434702453	4	4
pseudo_458	0.857543272629919	2.762623801005543	3	3	0.5298347942712703	-5.04831627364941	3	3
pseudo_459	0.45708667791105984	3.2805168703162972	3	3	0.9590973165597236	-4.391863296581726	3	3
pseudo_46	0.10345223120123519	7.12386929238713	3	3	0.7976173369272378	-2.0819489060995227	3	3
pseudo_460	0.5178477734880669	9.121358840710835	9	9	0.9305196961511052	-9.150525181001692	9	9
pseudo_461	0.14860212730876332	-1.6309709788141677	4	4	0.5686461851932001	-2.0255738156099294	4	4
pseudo_462	0.7348419757547078	3.686973636543671	2	2	0.8070967570385119	-3.528704870553408	2	2
pseudo_463	0.02845271001410905	10.135927170533426	5	5	1.0	-4.949305982378683	5	5
pseudo_464	0.24055279390476536	9.083188626331129	2	2	0.5132704401927461	0.7228855114322656	2	2
pseudo_465	0.6170453216111395	2.227873710555857	3	3	0.34928526832606266	0.8480060385082634	3	3
pseudo_466	0.316472982588602	1.82991491645158	4	4	0.03046720559444568	-9.783546494883423	4	4
pseudo_467	0.7714002203091461	-0.4624058536702176	1	1	0.7039885148125664	0.5766991194593432	1	1
pseudo_468	0.42664900025009844	6.2321446934750995	3	3	0.6170453216111395	-2.9907550105936367	3	3
pseudo_469	0.7190430278067974	3.7131410043450557	4	4	0.38489867148016654	-1.1860779751195025	4	4
pseudo_47			0	0			0	0
pseudo_470	0.9795419345200578	3.1219330627528064	3	3	0.13358156562690746	1.2244933888781908	3	3
pseudo_471	0.07683043050221129	9.675971336751514	3	3	0.6910212822201471	-3.021381075970091	3	3
pseudo_472	0.37632376895680564	1.2586655053992395	3	3	0.6170453216111395	-2.1993330350176348	3	3
pseudo_473	0.6648619641725676	-0.506809504328376	2	2	0.17801555158569027	1.3554009092792376	2	2
pseudo_474	0.8204924050072138	6.3115327860108925	4	4	0.18963477493146974	-9.146252979098081	4	4
pseudo_475	0.3298374586338735	-0.8058705120600015	3	3	0.7976173369272378	-2.2680130398624487	3	3
pseudo_476	0.17866822184674203	6.861809290131062	4	4	0.33278196831796714	-1.5001758315067104	4	4
pseudo_477	0.09533284553851082	0.6911293817267866	5	5	0.309372708332736	-1.9745234283926854	5	5
pseudo_478	0.817478933088828	-0.25950824384095306	3	3	0.4341455934714077	-1.859460498401879	3	3
pseudo_479	0.18963477493146974	9.332752658010772	4	4	0.6223203939158157	-3.108602682422438	4	4
pseudo_48	0.6009230714720388	6.009874656834714	5	5	0.46518904062362043	-8.394388111385043	5	5
pseudo_480	0.369128286167946	2.067042047629879	5	5	0.8358102806211967	-2.6084143334464716	5	5
pseudo_481	0.18227005539953733	1.7304664540441408	4	4	0.11220000976001827	-9.58116436390654	4	4
pseudo_482	0.6722130506777154	3.5783284495199026	3	3	0.31726960741850796	-0.8244178718438508	3	3
pseudo_483	0.23628741564343947	10.3160586930409	5	5	0.7223684202083942	-8.386312174215588	5	5
pseudo_484	0.2538191244113619	-1.004472285762916	3	3	0.14383385829413525	-7.597538932282547	3	3
pseudo_485	0.6910212822201471	5.062162813709787	3	3	0.8474884623710603	-2.2746647090333267	3	3
pseudo_486	0.5991067732661075	-0.5313440352294609	3	3	0.6080465581711534	-3.0558672539482923	3	3
pseudo_487	0.5298347942712703	3.4787364108972043	3	3	0.05286022354376486	2.0669576944915073	3	3
pseudo_488	0.9897701264791506	2.695750017345514	3	3	0.12390403847852342	-6.486442864982649	3	3
pseudo_489	0.3188613372181115	10.331762984343474	5	5	0.9213819296189663	-2.5193286109604913	5	5
pseudo_49	0.581408405452535	5.912090603889194	3	3	0.5639584801257445	0.48391217824416044	3	3
pseudo_490	0.5172899513225464	1.9206106626472188	4	4	0.8899552824280113	-2.6345672344086033	4	4
pseudo_491	0.9449218128859289	5.67350338126695	5	5	0.37441268682542606	0.6699844627878866	5	5
pseudo_492	0.11776244680974247	7.086851491783402	3	3	0.23816456824747367	1.4960844435468426	3	3
pseudo_493	0.9488842462233943	3.0185053013454812	3	3	0.31110500716922107	-8.047437754037785	3	3
pseudo_494	0.4222680711824055	2.2678283372130656	4	4	0.3218500317538018	-6.35408161018067	4	4
pseudo_495	0.9213818126439453	5.5314383235791444	5	5	0.10135740134323051	-8.851555502115339	5	5
pseudo_496	0.5990473195523243	5.6015165781621254	4	4	0.18227005539953733	1.6914275057099406	4	4
pseudo_497	0.6170453216111395	5.9332674945945945	3	3	0.45708667791105984	0.5807834874151235	3	3
pseudo_498	0.4341455934714077	-0.7317199338348246	3	3	0.857543272629919	-4.917305789839067	3	3
pseudo_499	0.3909825254655226	6.144033627826983	4	4	0.38489867148016654	-5.518904567038688	4	4
pseudo_5	0.6548819073141599	-0.7757752387177863	1	1	0.8405846234272769	-0.5829714678863462	1	1
pseudo_50	0.6181547782535057	2.4551793097753096	6	6	0.605554125898614	-8.781343423978624	6	6
pseudo_500	0.6086679030307207	4.090464658301274	2	2	0.7467417269274196	-3.6377919715248876	2	2
pseudo_501	0.8550834429594527	5.145050027967971	4	4	0.5990473195523243	-5.714263800174322	4	4
pseudo_502	0.09338945298127918	-2.028184832289185	5	5	0.9527801665814166	-5.602221338119687	5	5
pseudo_503	0.6722130506777154	-0.4740683474683465	3	3	0.5049490766008549	-5.648002076493082	3	3
pseudo_504	0.9643471896271987	-0.036574640168272055	1	1	0.25435887577417904	1.6399246081532557	1	1
pseudo_505	0.1473821605696614	7.025345935709396	3	3	0.14383385829413525	1.9442417760239497	3	3
pseudo_506	0.14383385829413525	-1.199705130933313	3	3	0.7388614164667177	-2.9026189985849995	3	3
pseudo_507	0.06647064749715723	-1.8084631504945792	2	2	0.04984854003241494	-9.68168445058908	2	2
pseudo_508	0.49679285269466833	3.2213713497843557	3	3	0.77788590974574	-4.855919518841504	3	3
pseudo_509	0.9449218128859289	5.404640844880052	5	5	0.323676355242829	-5.9354519970416755	5	5
pseudo_51	0.31110500716922107	5.906335739658622	3	3	0.45708667791105984	-5.325218556780249	3	3
pseudo_510	0.06193751951746069	10.232498591068904	2	2	0.9309560254130228	-3.4684580535029848	2	2
pseudo_511	0.31454611178649994	-1.5693458348795595	1	1	0.9821691428426891	-0.0472019300162706	1	1
pseudo_512	0.4735183663543777	5.1147175672256235	2	2	0.4082155626486066	-7.969406996165036	2	2
pseudo_513	0.3905445896253583	-1.1427935192949306	5	5	0.49588253487570677	-8.440718497236707	5	5
pseudo_514	0.2955575294992029	8.93558388933043	4	4	0.21304092415899312	-1.4134615655661384	4	4
pseudo_515	0.681592431261696	2.8652128361161524	3	3	0.581408405452535	-3.189576129970341	3	3
pseudo_516	0.6459772262645747	2.0581193946368193	4	4	0.08930589622693634	-8.954382575237574	4	4
pseudo_517	0.2990143919042869	5.9352855655015695	3	3	0.488707383064622	-1.724248222324788	3	3
pseudo_518	0.3909825254655226	5.157795718158852	4	4	0.09574051832564463	-0.20825117037410656	4	4
pseudo_519	0.2162287036141165	5.8558417599242185	2	2	0.1450716482581194	1.6338717309780768	2	2
pseudo_52	0.5172899513225464	2.3311280198966084	4	4	0.9955841849544221	-5.122700976932813	4	4
pseudo_520	0.09340460183665425	-1.7451342510026304	2	2	0.30959359087282123	-4.921083569148782	2	2
pseudo_521	0.019334035949435727	-2.0160599000995503	5	5	0.48347704175681216	-9.647997134659507	5	5
pseudo_522	0.3272863668909277	1.9089499724269305	4	4	0.6223203939158157	-3.7024037882663454	4	4
pseudo_523	0.45429586033481906	4.784553775124139	2	2	0.21043444464411698	1.2678908050136362	2	2
pseudo_524	0.77788590974574	2.48012170280402	3	3	0.6261019637321814	-5.273813531630757	3	3
pseudo_525	0.6067611735997069	2.1218164798035315	4	4	0.561162729966211	-2.0291111211932793	4	4
pseudo_526	0.33197311376271643	1.9686614784483378	8	8	0.043231947726389615	-9.867733114355945	8	8
pseudo_527	0.8550834429594527	2.6089138920001704	4	4	0.12801692075860027	-9.066822759429748	4	4
pseudo_528	0.21367136156482625	-1.5869585603389453	5	5	0.23240491209860215	-1.3534235186551005	5	5
pseudo_529	0.8812146128815848	2.960368143697174	4	4	0.6699976455692489	-5.481148774645916	4	4
pseudo_53	0.8562414491164003	0.1927044387862189	2	2	0.5976874661302043	-2.6132073965056053	2	2
pseudo_530	0.6080465581711534	5.804475138138005	3	3	0.817478933088828	-2.7994146963981237	3	3
pseudo_531	0.9162534507847897	5.263090203028014	4	4	0.8464067914384638	-2.853448990241279	4	4
pseudo_532	0.2701760209027281	6.522468112353899	3	3	0.6536077735597845	-1.6093260714324824	3	3
pseudo_533	0.5211944407938816	5.9415777088477135	5	5	0.369128286167946	-0.4502579058957588	5	5
pseudo_534	0.14630173992440274	-2.14299048613411	1	1	0.5025481717945951	-8.430663981197174	1	1
pseudo_535	0.06696678471012486	-1.748118847153566	4	4	0.9426435994569503	-4.451184670171805	4	4
pseudo_536	0.7292051126577086	2.0868204217066144	3	3	0.3974270360203289	-5.798509743773587	3	3
pseudo_537	0.9338384395476218	2.6341203643795	4	4	0.6301643374705801	-4.919575213718788	4	4
pseudo_538	0.3844895810629487	5.195152888657707	8	8	0.7719045019457426	-5.409784676479961	8	8
pseudo_539	0.7348419757547078	4.349064079893342	2	2	0.6086679030307207	-4.286091738104689	2	2
pseudo_54	0.9897701264791506	5.14434690418499	3	3	0.77788590974574	-2.2297731789224975	3	3
pseudo_540	0.539002622877894	3.145578325403639	4	4	0.062166901539927974	1.756531787803162	4	4
pseudo_541	0.16808088745598926	-1.5077409628591445	2	2	0.9811480173440964	-3.5627140722136525	2	2
pseudo_542	0.561162729966211	2.1076858123471816	4	4	0.9779236295852703	-2.492320949378608	4	4
pseudo_543	0.09340460183665425	10.091048851293365	2	2	0.0597687211760781	2.1156832646494954	2	2
pseudo_544	0.8118961703235092	5.716835071559186	4	4	0.40332415484640427	-3.3902601464768467	4	4
pseudo_545	0.7100221841915572	2.261359233742722	3	3	0.7292051126577086	-3.118285589920276	3	3
pseudo_546	0.37887304970496727	9.85705889095688	4	4	0.8464067914384638	-2.27541139497252	4	4
pseudo_547	0.3298178015707195	1.6472007547036729	6	6	0.16525128797779676	-0.9959190898041695	6	6
pseudo_548	0.9795419345200578	2.695117760891615	3	3	0.4806933714660837	0.8647583238176034	3	3
pseudo_549	0.15842880519441593	-1.3488486742062562	3	3	0.2872415035257284	-5.991114322285763	3	3
pseudo_55	0.843894999666673	3.97020722569222	2	2	0.7467417269274196	-0.8633364565912307	2	2
pseudo_550	0.11718324351261612	9.866946369761266	7	7	0.16880635577153658	-1.73638248828678	7	7
pseudo_551	0.27578552776006304	6.287569196553965	3	3	0.6261019637321814	-2.965582247257124	3	3
pseudo_552	0.3111552244155418	6.351215432820727	4	4	0.6943603633068561	-1.845048278248765	4	4
pseudo_553	0.7680727798663671	3.377565988195521	3	3	0.5991067732661075	-5.362569996459217	3	3
pseudo_554	0.22213694235012693	5.638885749181645	2	2	0.44485203635700854	-2.081132635227124	2	2
pseudo_555	0.4773380427055237	5.693900360515279	5	5	0.7974859393330709	-5.920002149785709	5	5
pseudo_556	0.8374584153852676	2.450727319881109	3	3	0.6536077735597845	-5.2968267170338335	3	3
pseudo_557	0.25341245544895774	5.356175133867086	2	2	0.09652231614992511	1.9749781463545197	2	2
pseudo_558	0.7292051126577086	2.883559224859565	3	3	0.3903146090334727	0.8659390429193032	3	3
pseudo_559	0.7692738389393025	5.4717328010236015	4	4	0.4158962259539085	-2.0242772274140903	4	4
pseudo_56	0.24290153575747864	1.9656460553084625	4	4	0.021630801033653977	-9.548752327706167	4	4
pseudo_560			0	0			0	0
pseudo_561	0.36699718191404607	-0.5060509083483286	4	4	0.42869676701719506	-1.5484076678079113	4	4
pseudo_562	0.1991846701976533	9.241187144901208	2	2	0.9811480173440964	0.03015410967954288	2	2
pseudo_563	0.3079168622787629	10.32143295237943	7	7	0.2811993517618053	-5.639764967435885	7	7
pseudo_564	0.5276247672901135	6.653107435241491	5	5	0.6356946053480439	-8.983166519492105	5	5
pseudo_565	0.7004983064120727	2.9386168567215463	3	3	0.2232043428842122	-6.116479741819416	3	3
pseudo_566	0.539002622877894	5.6471065514236	4	4	0.17866822184674203	-0.25067957111632677	4	4
pseudo_567	0.7467417269274196	0.3067037674623516	2	2	0.9811480173440964	-3.3925864564272015	2	2
pseudo_568	0.27330042145622	7.014111894103447	5	5	0.5670373945181679	-3.930242216279236	5	5
pseudo_569	0.047285750652180936	10.168194912461576	5	5	0.5872591303419543	-2.6515667932586457	5	5
pseudo_57	0.5337790800446239	4.702103030425064	2	2	0.9309560254130228	-3.8714440603240363	2	2
pseudo_570	0.1055398948204533	1.7577846205095053	5	5	0.05810422257267933	-9.987551452358678	5	5
pseudo_571	0.9811480173440964	4.273133666293127	2	2	0.5652992261622686	0.5692260766836504	2	2
pseudo_572	0.19488162026881717	-1.8534838689391258	1	1	0.38340943670164596	1.1558737607963843	1	1
pseudo_573	0.17801555158569027	-1.536191013454327	2	2	0.3021525706062178	-5.062230798013855	2	2
pseudo_574	0.46385166080802676	-0.21720796735112957	2	2	0.6763439935511724	-2.588087822178437	2	2
pseudo_575	0.25656035218567863	1.860343093927744	4	4	0.2707435294471149	-6.43226623987304	4	4
pseudo_576	0.843525292705254	2.315070329622857	5	5	0.5471554677511148	-5.398143198296744	5	5
pseudo_577	0.8550834429594527	4.922442198460984	4	4	0.40332415484640427	-1.9209630428690756	4	4
pseudo_578	0.6943603633068561	2.307984557948935	4	4	0.08930589622693634	1.5785117052774968	4	4
pseudo_579	0.8637776525500586	2.8899756747833862	4	4	0.5990473195523243	-1.8459254415818993	4	4
pseudo_58	0.7976173369272378	2.8472550933062473	3	3	0.6910212822201471	-4.764387561487951	3	3
pseudo_580	0.8118961703235092	8.46377973430358	4	4	0.5913782268926071	-0.09840592357763418	4	4
pseudo_581	0.10076330615839629	7.449953718359782	3	3	0.7582966833253433	-2.217613740064285	3	3
pseudo_582	0.5214708247223392	6.274425502128019	3	3	0.4806933714660837	-5.675090070716152	3	3
pseudo_583	0.33263707091923744	5.275337143161704	2	2	0.8562414491164003	-3.3195989522134104	2	2
pseudo_584	0.22815990815042086	5.487165316626404	2	2	0.5031721828630555	-7.311994623707957	2	2
pseudo_585	0.3285385019129936	4.718459333938486	5	5	0.7223684202083942	-7.989961601193705	5	5
pseudo_586	0.9391471519495391	4.1357284844193885	6	6	0.6893981888677875	-9.293119104639542	6	6
pseudo_587	0.7388614164667177	-0.33322935583163665	3	3	0.8474884623710603	-4.8286315605207415	3	3
pseudo_588	0.9811480173440964	3.9900293926807864	2	2	0.5867979333899076	0.550265930305075	2	2
pseudo_589	0.2183702723077101	6.378246707544334	3	3	0.857543272629919	-2.3465839026930366	3	3
pseudo_59	0.8637776525500586	5.60489963734117	4	4	0.5761770080731894	-1.800387079796863	4	4
pseudo_590	0.8899552824280113	3.297246568662956	4	4	0.9955841849544221	-4.233925592604333	4	4
pseudo_591	0.2833710752863259	9.595686947511492	1	1	0.9110235132498601	-0.09056243720070084	1	1
pseudo_592	0.7297741869634146	5.098547039336858	5	5	0.1387673733120824	-9.19858570465037	5	5
pseudo_593	0.05765524882489697	7.821202699737641	4	4	0.17511960807608284	-1.3381794877273683	4	4
pseudo_594	0.9162534507847897	6.480090774746087	4	4	0.9955841849544221	-2.5874130560068034	4	4
pseudo_595	0.4046170516486274	3.274449535261212	3	3	0.572651888193549	-2.0430492442890285	3	3
pseudo_596	0.17866822184674203	2.3973566150637247	4	4	0.5030705818716052	-5.6560679750656275	4	4
pseudo_597	0.42664900025009844	6.197762030419608	3	3	0.3050199483231667	-1.067535221534212	3	3
pseudo_598	0.6424977138803489	9.33530904310704	7	7	0.5900148549299481	-1.5992019632782395	7	7
pseudo_599	0.03548834522930192	10.071734144531353	3	3	0.4648823892778319	0.6149274447094536	3	3
pseudo_6	0.5131753215067887	2.2006945801145927	3	3	0.27578552776006304	-6.007688035437827	3	3
pseudo_60	0.35592646688270313	-0.6536810490249249	3	3	0.44171773963395544	-1.5707237885735819	3	3
pseudo_600	0.18314385695624547	9.00424912140134	2	2	0.6995329331934781	0.3841104495513237	2	2
pseudo_601	0.39934532304647885	5.456439378775402	2	2	0.26001871478706096	-8.05420982724458	2	2
pseudo_602	0.6722130506777154	3.456305448906047	3	3	0.031237960917183737	2.132954785402198	3	3
pseudo_603	0.36944590760774776	6.234859392420755	3	3	0.10345223120123519	1.4643127042937323	3	3
pseudo_604	0.3734388537711759	5.4992652202011305	2	2	0.7949206956830592	-4.1282315705660055	2	2
pseudo_605	0.6699976455692489	1.9609116961792117	4	4	0.0457242674977686	-9.76278153120076	4	4
pseudo_606	0.25919303965783735	-0.9838371617447331	3	3	0.488707383064622	-1.795238525716982	3	3
pseudo_607	0.9309560254130228	3.9582993920299527	2	2	0.3021525706062178	-4.82146801013931	2	2
pseudo_608	0.15261095350041834	-2.064951902698777	1	1	0.3713320395164146	-8.938237322325108	1	1
pseudo_609	0.9590973165597236	3.01921904244006	3	3	0.6536077735597845	-1.6191696210196378	3	3
pseudo_61	0.08346683429067425	7.83328495581328	3	3	0.9590973165597236	-2.5713934476544082	3	3
pseudo_610	0.9106113983918297	5.302546354111092	6	6	0.6501453689883477	-8.871608438892302	6	6
pseudo_611	0.33263707091923744	-1.200569353855963	2	2	0.17801555158569027	-9.074456147023124	2	2
pseudo_612	0.18662662332564084	6.847578733440392	3	3	0.887840270027302	-4.433528518889959	3	3
pseudo_613	0.8812146128815848	5.652442753998394	4	4	0.7025535017910994	-2.8935228108561315	4	4
pseudo_614	0.817478933088828	5.092665040301541	3	3	0.5131753215067887	-3.247008885440603	3	3
pseudo_615			0	0			0	0
pseudo_616	0.4735183663543777	2.3560299776450506	2	2	0.5546937179716545	-4.418308886397447	2	2
pseudo_617	0.5760012318275167	-0.6862013548937016	2	2	0.8315867888149642	-3.4619032150679594	2	2
pseudo_618	0.4222680711824055	2.6410736975149582	4	4	0.3971244218809826	-9.225125111391792	4	4
pseudo_619	0.6080465581711534	2.4833623491529324	3	3	0.20892878675953697	-6.278705120006372	3	3
pseudo_62	0.1473821605696614	6.830720920759673	3	3	0.6170453216111395	-1.9503980470911773	3	3
pseudo_620	0.572651888193549	2.140099506132094	3	3	0.22811450046427606	-6.235993494254774	3	3
pseudo_621	0.05286022354376486	-1.7137814011082806	3	3	0.03330517564834034	-9.587400430423305	3	3
pseudo_622	0.8676212504342513	2.902855639978899	3	3	0.5214708247223392	-1.3591069951147439	3	3
pseudo_623	0.31726960741850796	-0.8453159295403871	3	3	0.6080465581711534	-4.975261203931509	3	3
pseudo_624	0.31726960741850796	6.457275268272416	3	3	0.07899305670477724	1.5819386581762973	3	3
pseudo_625	0.49679285269466833	3.463739491907658	3	3	0.42664900025009844	-1.3810705607059346	3	3
pseudo_626	0.8118961703235092	2.938964245119005	4	4	0.6699976455692489	-2.443526686134652	4	4
pseudo_627	0.9338384395476218	2.595071136106235	4	4	0.6539446629380772	-1.583573804839533	4	4
pseudo_628	0.4210603961415209	-1.3740755389760952	1	1	0.5314548415510711	-8.247360958602428	1	1
pseudo_629	0.4082155626486066	5.099090804106754	2	2	0.8315867888149642	0.27267604660459244	2	2
pseudo_63	0.8550834429594527	0.7022978304357528	4	4	0.435182026075545	-4.365711730220357	4	4
pseudo_630	0.817478933088828	3.3178300255936244	3	3	0.27578552776006304	-0.7164807907468179	3	3
pseudo_631	0.6080465581711534	2.4595429548755727	3	3	0.5214708247223392	-5.282811714035508	3	3
pseudo_632	0.9892511552186949	8.930497929512217	6	6	0.34336533371408706	-9.538927281484709	6	6
pseudo_633	0.44936494294784546	2.1767073743954968	3	3	0.23310112281376305	-5.986924116069457	3	3
pseudo_634	0.00816967875239424	-2.1443566350201753	5	5	0.7671694702004712	-5.1739886532873856	5	5
pseudo_635	0.8033225495919747	2.932184433939412	4	4	0.8464067914384638	-4.574521286656583	4	4
pseudo_636	0.887840270027302	2.3197957944557555	3	3	0.25919303965783735	0.9763386078420403	3	3
pseudo_637	0.9937154859688025	-0.002706817478461687	2	2	0.12846712881833858	1.5446773197910582	2	2
pseudo_638	0.1795225774254997	7.3735541863897796	5	5	0.027054820741286113	2.016261927432142	5	5
pseudo_639	0.12455614147911047	9.681792143972661	2	2	0.6648619641725676	-0.37307085101628723	2	2
pseudo_64	0.6960260125542181	5.152504282555236	6	6	0.5868722125229553	-5.022267421251637	6	6
pseudo_640	0.5132704401927461	0.014303672248446642	2	2	0.5132704401927461	-2.392180589359472	2	2
pseudo_641	0.21361189200251973	6.383774866625931	3	3	0.4341455934714077	0.6966723252616266	3	3
pseudo_642	0.22815990815042086	5.6440228183629175	2	2	0.8315867888149642	-3.873738729412199	2	2
pseudo_643	0.30959359087282123	5.270567725765644	2	2	0.4735183663543777	0.7209049586446158	2	2
pseudo_644	0.2433051751498202	-1.0852666408066096	3	3	0.44936494294784546	-5.658665718307128	3	3
pseudo_645	0.09340408393284613	-1.6597046858829945	2	2	0.6763435110400424	-4.106725350807229	2	2
pseudo_646	0.5031721828630555	4.85826137306233	2	2	0.44485203635700854	0.8256429939430827	2	2
pseudo_647	0.4417235445259694	6.735296126810098	4	4	0.40958150230498125	-4.00673540080883	4	4
pseudo_648	0.4648823892778319	2.453759268155386	3	3	0.7388614164667177	-2.821454090968965	3	3
pseudo_649	0.1450716482581194	9.504238097129527	2	2	0.6534580244641217	0.026383677051631138	2	2
pseudo_65	0.8550834429594527	5.789120206741366	4	4	0.40332415484640427	-5.831733366192229	4	4
pseudo_650	0.07564188549031114	-1.9305232970152044	4	4	0.27558848353861054	1.063934029743259	4	4
pseudo_651	0.3334477603189404	1.043291938360434	5	5	0.9842518788720768	-5.672659741314441	5	5
pseudo_652	0.6372672759278737	4.356686408201583	6	6	0.1625319903234409	-4.430645029647217	6	6
pseudo_653	0.9693171048552904	2.7460324914976244	3	3	0.49679285269466833	-5.675648951419902	3	3
pseudo_654	0.7292051126577086	3.360711608694123	3	3	0.572651888193549	-1.7037987341934084	3	3
pseudo_655	0.5132704401927461	-0.7941035260973957	2	2	0.13657474281806514	-8.959288260374944	2	2
pseudo_656	0.6763439935511724	-0.48733606923063544	2	2	0.348599297858214	-8.360857850047392	2	2
pseudo_657	0.1622470379244345	8.915760303759937	3	3	0.2990143919042869	0.8998490853597026	3	3
pseudo_658	0.7467417269274196	4.2271761096717375	2	2	0.5867979333899076	-4.373551400147655	2	2
pseudo_659	0.3254208749291615	-1.5581902957063	1	1	0.09815496360702221	-10.431475715332633	1	1
pseudo_66	0.21043444464411698	5.886869159060049	2	2	0.5546937179716545	-2.6615341856684953	2	2
pseudo_660	0.7467417269274196	0.625337581752651	2	2	0.07900801304070156	2.328428602385422	2	2
pseudo_661	0.024654584704536117	11.2767221059768	14	14	0.3166166008497089	-9.779635793057201	14	14
pseudo_662	0.40827534660935616	-1.379596766690259	1	1	0.12304509617795742	-10.25288218631659	1	1
pseudo_663			0	0			0	0
pseudo_664	0.12706716166765908	-1.329988229205366	3	3	0.7877345940824121	-4.972400714279388	3	3
pseudo_665	0.25435887577417904	9.694834893063598	1	1	0.11770798213514376	-10.277469517581965	1	1
pseudo_666	0.938679567126398	2.9096731169753767	3	3	0.3832800899235307	0.749135971280993	3	3
pseudo_667	0.0468839077612163	-1.788893041781197	3	3	0.005614846733706049	-10.328845128074196	3	3
pseudo_668	0.13693422654194684	9.127588346110718	3	3	0.7195915739470362	0.3422192131854041	3	3
pseudo_669	0.4355211924991299	4.882877960907873	2	2	0.18838083371036818	1.4130038827139626	2	2
pseudo_67	0.857543272629919	2.676881561240789	3	3	0.3903146090334727	-5.726154944863325	3	3
pseudo_670	0.4082155626486066	7.396952051062492	2	2	0.2667432356540925	1.110408757077593	2	2
pseudo_671	0.2563875073504688	-1.1653265450719612	5	5	0.8823114501093878	-5.552647468005293	5	5
pseudo_672	0.8193197426394996	4.729560733076041	2	2	0.8934805595749318	-3.3255730589697876	2	2
pseudo_673	0.8580977240195489	-0.23804640987762227	1	1	1.0	-0.013299746543427304	1	1
pseudo_674	0.4222680711824055	6.93460082025701	4	4	0.9162534507847897	-1.9281576976266825	4	4
pseudo_675	0.4727514920463637	5.6850462191346836	3	3	0.1473821605696614	-6.599156697294274	3	3
pseudo_676	0.7976173369272378	2.4734390556031656	3	3	0.9590973165597236	-4.655415814965583	3	3
pseudo_677	0.6862027827261539	5.847540736800375	4	4	0.3058967477519794	1.3341634124201753	4	4
pseudo_678	0.11206958781881962	10.118138775849905	5	5	0.42979355098713434	0.9120983647150304	5	5
pseudo_679	0.6380501973453063	6.028993498329669	4	4	0.9514557743257029	-2.8510076856686495	4	4
pseudo_68	0.4920345735334972	5.711986516038128	6	6	0.9820862220275676	-5.92796707733489	6	6
pseudo_680	0.8812146128815848	5.486512798048897	4	4	0.539002622877894	0.6477186508528873	4	4
pseudo_681	0.025683926272171188	10.120610572858263	3	3	0.7877345940824121	-2.0373895245072906	3	3
pseudo_682	0.35592646688270313	-0.8059983865327206	3	3	0.02324264144013633	-9.786593171121508	3	3
pseudo_683	0.6641070974413117	3.16810572441101	5	5	0.9685098920273089	-2.1319380540300226	5	5
pseudo_684	0.8374584153852676	0.17854143253385768	3	3	0.9693171048552904	-4.5545808339197835	3	3
pseudo_685	0.27358643671503136	-1.1798132263550904	2	2	0.15396770293365164	-8.760617395620844	2	2
pseudo_686	0.05607943270746988	10.029959818439336	3	3	0.08120494126853399	2.41690570378011	3	3
pseudo_687	0.03222240118582784	-1.801437846105869	5	5	0.29096071714283245	-9.145671161102745	5	5
pseudo_688	0.18238547704937835	-1.2120640103474838	3	3	0.4046170516486274	-1.4097226254684665	3	3
pseudo_689	0.9795419345200578	2.605311157819895	3	3	0.03899145858374165	-9.346824464963504	3	3
pseudo_69	0.8377487233667096	-0.24080993348464	4	4	0.7692738389393025	-5.346454113940632	4	4
pseudo_690	0.02928182896989354	8.587502466801935	3	3	0.00631424654678579	3.460129778397212	3	3
pseudo_691	0.36944590760774776	-0.8469074590329401	3	3	0.28147396780603007	-6.009118354279516	3	3
pseudo_692	0.19532670255928453	-1.166597841062643	3	3	0.04022261644775936	-9.372921473824668	3	3
pseudo_693	0.9897701264791506	2.723277617393299	3	3	0.9795419345200578	-2.1084333907037003	3	3
pseudo_694	0.46385166080802676	-0.8240590674541135	2	2	0.1324729028541257	-9.197344487080446	2	2
pseudo_695	0.778065099502316	8.382297579698587	7	7	0.24583571269955273	-9.517035690178217	7	7
pseudo_696	0.3496232173549959	6.69463209487428	4	4	0.669997173212876	-5.543120006759093	4	4
pseudo_697	0.14630173992440274	-2.14299048613411	1	1	0.5025481717945951	-8.430663981197174	1	1
pseudo_698	0.09574051832564463	10.538906599485054	4	4	0.06696678471012486	1.7623615962789063	4	4
pseudo_699	0.13081396961882905	-1.475523231465404	4	4	0.9955841849544221	-5.251193983290633	4	4
pseudo_7	0.9488842462233943	2.692774143884051	3	3	0.77788590974574	-2.7167984204831366	3	3
pseudo_70	0.316472982588602	9.69613448639956	4	4	0.5172899513225464	-2.2115762436682638	4	4
pseudo_700	0.54418644491791	4.62784911505424	2	2	0.5337790800446239	-4.666077143697551	2	2
pseudo_701	0.032798151853047255	-2.2187607526979276	2	2	0.317154670428349	-4.940726710430484	2	2
pseudo_702	0.8777207887544841	2.371256267608221	3	3	0.8274547153391009	-2.438992296074875	3	3
pseudo_703			0	0			0	0
pseudo_704	0.9867530958656652	3.473402211984388	4	4	0.24739649435458844	-1.180076862407183	4	4
pseudo_705	0.3383368015376381	2.3136064973518873	4	4	0.40958150230498125	-8.83093931934679	4	4
pseudo_706	0.1741183190373352	6.641475445843045	3	3	0.45708667791105984	-1.8464660653811498	3	3
pseudo_707	0.19532670255928453	6.592035266556628	3	3	0.5467648189425076	0.510477181534919	3	3
pseudo_708	0.37632376895680564	-0.7978264472004989	3	3	0.2990143919042869	-6.102426690976306	3	3
pseudo_709	0.4832948377607639	5.104314012015759	2	2	0.54418644491791	-4.447616100640934	2	2
pseudo_71	0.9284849484165043	2.6489066422694054	3	3	0.7004983064120727	-2.1400202259324574	3	3
pseudo_710	0.2804922611080347	-0.9084545949218645	4	4	0.8291102573791971	-2.3531969833212907	4	4
pseudo_711	0.3611472357462534	6.518335354055765	4	4	0.9338384395476218	-4.5987870264630635	4	4
pseudo_712	0.9897701264791506	2.7043145892642966	3	3	0.13029277279536555	1.525432809498626	3	3
pseudo_713	0.9590973165597236	0.06663273804445662	3	3	0.3974270360203289	-1.591714745951167	3	3
pseudo_714	0.7292051126577086	2.9705531018506117	3	3	0.6536077735597845	-5.148345172047795	3	3
pseudo_715	0.8756809442317873	-0.2027669227342539	1	1	0.3478950215852922	-9.076052342360587	1	1
pseudo_716	0.2659572796539479	-1.2126277881648875	4	4	0.5686461851932001	-8.753745942814326	4	4
pseudo_717	0.22213694235012693	-1.2703405973764985	2	2	0.5867979333899076	-4.301838035043026	2	2
pseudo_718	0.06987112836646273	11.194822688747722	8	8	0.5491096036988246	-8.678903224681427	8	8
pseudo_719	0.807532625941542	1.8121651022138199	3	3	0.7582966833253433	-5.024042515783338	3	3
pseudo_72	0.18963477493146974	-1.3109582730336051	4	4	0.7440222840892492	-7.04192228778465	4	4
pseudo_720	0.4082155626486066	5.290236833565155	2	2	0.4735183663543777	-4.709025878051637	2	2
pseudo_721	0.5652992261622686	2.5533229825649153	2	2	0.1063771717743601	-9.372335343371358	2	2
pseudo_722	0.06484722386368952	-1.576158560029576	3	3	0.010337839956975969	-9.977980124783242	3	3
pseudo_723	0.8377487233667096	3.0113037623027097	4	4	0.561162729966211	-2.042089397863727	4	4
pseudo_724	0.7223684202083942	6.097489980733104	5	5	0.6784998288382662	-2.2826496329399357	5	5
pseudo_725	0.2232043428842122	6.400064374268226	3	3	0.015380993628372076	2.4931513288256695	3	3
pseudo_726	0.05766329329449868	10.440618899593144	2	2	0.9811480173440964	-3.743756599955712	2	2
pseudo_727	0.20432052338672468	4.177738961046683	3	3	0.7195915739470362	-3.739035223748852	3	3
pseudo_728	0.2558954772506219	7.407283984997502	6	6	0.605554125898614	-7.487532497532243	6	6
pseudo_729	0.8899552824280113	2.778585241892093	4	4	0.062166901539927974	1.59127150839656	4	4
pseudo_73	0.9162534507847897	3.599574047194592	4	4	0.5172899513225464	-8.893355516466656	4	4
pseudo_730	0.4341455934714077	6.505416307901645	3	3	0.5214708247223392	-0.2679527945996692	3	3
pseudo_731	0.42664900025009844	1.8405185678345155	3	3	0.9795419345200578	-2.2602070118400057	3	3
pseudo_732	0.5025481717945951	-1.2002730672456963	1	1	0.7714002203091461	0.4953476676300545	1	1
pseudo_733	0.4684455583655329	6.1455474010330695	4	4	0.18963477493146974	-1.411180594986756	4	4
pseudo_734	0.20649145651595557	7.473372090574563	5	5	0.11431542407562023	-0.6988244510883003	5	5
pseudo_735	0.9488842462233943	2.7083363278204513	3	3	0.36944590760774776	-5.6999660708072115	3	3
pseudo_736	0.5913782268926071	6.618320725500884	4	4	0.2171364850088746	-1.423148161313657	4	4
pseudo_737	0.10023276982035136	7.813233791006813	4	4	0.07564188549031114	2.254287105295124	4	4
pseudo_738	0.06484722386368952	9.782834562808324	3	3	0.8979780669324632	-0.14934841052278428	3	3
pseudo_739	0.9183020542901625	2.978208438415726	3	3	0.7976173369272378	0.14457448323639158	3	3
pseudo_74	0.727337672936651	3.052295604060371	4	4	0.35535612168643926	0.8748021317964678	4	4
pseudo_740	0.03132701624194819	-2.0695210147974845	4	4	0.539002622877894	-5.692906660386238	4	4
pseudo_741	0.583754569978568	1.9531308139500727	4	4	0.18963477493146974	-9.003527953945056	4	4
pseudo_742	0.07900801304070156	-2.0162390179540344	2	2	0.6879017788474364	-4.456078173742066	2	2
pseudo_743	0.9937154859688025	3.979728539218214	2	2	0.22213694235012693	-5.1956314262907055	2	2
pseudo_744	0.25919303965783735	6.698652874838039	3	3	0.14035143404874173	1.2936626190892786	3	3
pseudo_745	0.9183020542901625	2.552023977012244	3	3	0.17009120342789508	-6.20194301431692	3	3
pseudo_746	0.3819564012414617	-1.1048461346180707	2	2	0.348599297858214	1.0513600319012508	2	2
pseudo_747	0.06883770574854947	10.220401421549326	2	2	0.843894999666673	-2.9805146482665332	2	2
pseudo_748	0.5760012318275167	-0.6866122244507169	2	2	0.5546937179716545	0.5678130342978677	2	2
pseudo_749	0.18729550720986088	10.292286504156827	1	1	0.3713320395164146	1.1964687993993774	1	1
pseudo_75	0.960273889294336	2.935984808200743	4	4	0.13365818902521173	-1.1430547494384917	4	4
pseudo_750	0.8899552824280113	3.3986692081040037	4	4	0.6862027827261539	-5.042823046480654	4	4
pseudo_751	0.10345223120123519	-1.486793128589527	3	3	0.0747163132545827	-6.787696443945166	3	3
pseudo_752	0.2659572796539479	9.37000089205704	4	4	0.8464067914384638	-2.6434334918863036	4	4
pseudo_753	0.3797436153832513	9.313716357980583	5	5	0.6498372020499537	-2.5563584083622275	5	5
pseudo_754	0.9426435994569503	2.535737416949397	4	4	0.9955841849544221	-2.494901747689556	4	4
pseudo_755	0.9937154859688025	-0.04510573613808866	2	2	0.17299490863502232	1.9951314061745065	2	2
pseudo_756	0.14035143404874173	-1.666376276716471	3	3	0.08120494126853399	-9.068383445610408	3	3
pseudo_757	0.7827943880091204	5.034320642528198	2	2	0.8934805595749318	-3.0821704250319355	2	2
pseudo_758	0.41922842609855726	3.4331263274455366	3	3	0.026545548840710788	2.2110550782364222	3	3
pseudo_759	0.24516424829013395	9.706025006230808	1	1	0.516896830695802	0.8504928440682451	1	1
pseudo_76	0.40958150230498125	2.335264395644104	4	4	0.6380501973453063	-5.468931762280491	4	4
pseudo_760	0.6261019637321814	2.2068946268990945	3	3	0.9590973165597236	-2.7712629477722395	3	3
pseudo_761	0.843525292705254	2.6935269864423836	5	5	0.8745285091651482	-5.255542008702336	5	5
pseudo_762	0.7292051126577086	0.21770548900629785	3	3	0.09302949678756992	2.0751454916050833	3	3
pseudo_763	0.5670373945181679	9.023040398670178	5	5	0.34340749768944	-5.983012648398835	5	5
pseudo_764	0.4510293620475052	5.904852285466565	8	8	0.4890265217879962	-9.110041486871713	8	8
pseudo_765	0.21072533553789796	-1.7344311972953612	1	1	0.16584750923179514	-9.607716616921694	1	1
pseudo_766	0.5902270402154097	5.394162996101752	3	3	0.0468839077612163	2.074554948406859	3	3
pseudo_767	0.9685852258716768	0.11231242625018156	2	2	0.9937154859688025	-3.7404663848879642	2	2
pseudo_768	0.6962570786645699	6.078623347683096	8	8	0.843732422080071	-5.581104455743717	8	8
pseudo_769	0.696829147266476	5.910660101801933	7	7	0.9471265387037043	-4.945228377873539	7	7
pseudo_77	0.22811450046427606	6.612653870143812	3	3	0.5214708247223392	-1.3265609917318952	3	3
pseudo_770	0.9514557743257029	2.50590780447647	4	4	0.22549686363304577	-1.2455557907547539	4	4
pseudo_771	0.9074757572164002	5.496226606915871	4	4	0.10972048242123814	-9.465513115799085	4	4
pseudo_772	0.5244768771208793	2.2531239854886134	4	4	0.5761770080731894	-4.421110989210564	4	4
pseudo_773	0.7372052437174912	5.703482207327972	5	5	0.24418951067332506	-9.22483297364936	5	5
pseudo_774	0.8562414491164003	4.360022329762087	2	2	0.8315867888149642	-4.124529232429804	2	2
pseudo_775	0.5214708247223392	-0.6071551880270576	3	3	0.41922842609855726	-5.780398633842029	3	3
pseudo_776	0.35535538981495396	2.0231557174754875	4	4	0.9514557005689142	-4.76409071936177	4	4
pseudo_777	0.5760012318275167	-0.6605817431942231	2	2	0.29483152023789805	-8.535730869560954	2	2
pseudo_778	0.10076330615839629	-1.4711652987093	3	3	0.857543272629919	-2.7088928445794953	3	3
pseudo_779	0.857543272629919	3.248723467864938	3	3	0.36944590760774776	-1.3247386442885989	3	3
pseudo_78	0.6308934752940435	5.041602948906251	2	2	0.13657474281806514	-8.912592212770445	2	2
pseudo_780	0.9867530958656652	2.3194087286451244	4	4	0.5463403592377412	-8.323142728856356	4	4
pseudo_781	0.05749033197591151	11.096826461701752	6	6	0.25967290216276195	-1.4325900670798708	6	6
pseudo_782	0.9685098920273089	2.936942406199124	5	5	0.5670373945181679	-8.30301176071364	5	5
pseudo_783	0.4210603961415209	8.964023949199209	1	1	0.8231500732201832	0.37310706720453446	1	1
pseudo_784	0.5234732311436927	5.154122172991427	2	2	0.9059501726811324	-3.97337461777571	2	2
pseudo_785	0.6539446629380772	2.329503425336665	4	4	0.760827934703312	-2.229666298269381	4	4
pseudo_786	0.5234732311436927	0.3774232660350205	2	2	0.4832948377607639	-1.9718050550110457	2	2
pseudo_787	0.6699976455692489	5.498750641808254	4	4	0.2384643037653782	-6.492935528561863	4	4
pseudo_788	0.3058967477519794	9.153611630223324	4	4	0.6301643374705801	-5.4447995494843475	4	4
pseudo_789	0.3111552244155418	6.873479188313419	4	4	0.6301643374705801	-1.835336722481186	4	4
pseudo_79	0.11186231812043589	-1.4201311305340856	3	3	0.3050199483231667	-5.989423141170529	3	3
pseudo_790	0.7582966833253433	3.3441984521322836	3	3	0.681592431261696	-2.0948767070405885	3	3
pseudo_791	0.4210603961415209	-1.3740755389760952	1	1	0.5314548415510711	-8.247360958602428	1	1
pseudo_792	0.5867979333899076	3.320622609689945	2	2	0.9685852258716768	0.10215941462256448	2	2
pseudo_793	0.22811450046427606	-1.0278872873295128	3	3	0.9693171048552904	-2.6611863173356727	3	3
pseudo_794	0.31110500716922107	6.556410629725607	3	3	0.5902270402154097	-3.1391636195732677	3	3
pseudo_795	0.25919303965783735	-1.0469107867099432	3	3	0.6910212822201471	-2.324818190370736	3	3
pseudo_796	0.6534580244641217	0.2724144398313957	2	2	0.1063771717743601	2.4304050898934517	2	2
pseudo_797	0.24739649435458844	1.3755051490953065	4	4	0.8724883884492399	-5.70538222115297	4	4
pseudo_798	0.6784998288382662	9.614044849809739	5	5	0.11659653450468818	-9.186563376640754	5	5
pseudo_799	0.06640321005801056	10.379636826739329	5	5	0.6078084622791877	-4.276020395493097	5	5
pseudo_8	0.5384059485200385	10.229879679241082	6	6	0.996416955399597	-8.498543477158124	6	6
pseudo_80	0.8637776525500586	2.4351045679725765	4	4	0.9955841849544221	-2.768529695433992	4	4
pseudo_800	0.17299490863502232	9.29338670506067	2	2	0.46385166080802676	0.7430132742389813	2	2
pseudo_801	0.9338384395476218	3.4498209377742604	4	4	0.9779236295852703	-2.315860185806652	4	4
pseudo_802	0.0973084930822365	10.827828022186736	5	5	0.44141476891942644	-8.952240931265903	5	5
pseudo_803	0.9685852258716768	0.014064835744000526	2	2	0.39934532304647885	-1.720429931693289	2	2
pseudo_804	0.539002622877894	5.7296277995977105	4	4	0.8118961703235092	-2.9713497771307296	4	4
pseudo_805	0.03548834522930192	-1.7343096821241826	3	3	0.44171773963395544	-5.70087186462528	3	3
pseudo_806	0.6459772262645747	3.3669795394493414	4	4	0.18963477493146974	1.7848628883573607	4	4
pseudo_807	0.1450734738944283	-1.702783060152609	8	8	0.2843303991593422	-9.34311816511277	8	8
pseudo_808	0.19488162026881717	10.116255903835818	1	1	0.2833710752863259	1.600077872323568	1	1
pseudo_809	0.06865753883235383	-1.8777917422647803	3	3	0.37632376895680564	-5.816546160803978	3	3
pseudo_81	0.37887304970496727	1.9007938120705077	4	4	0.5172899513225464	-5.95574979721905	4	4
pseudo_810	0.8377487233667096	6.921304664592903	4	4	0.2804922611080347	-8.498543477158124	4	4
pseudo_811	0.9795419345200578	4.5752241414739006	3	3	0.8374584153852676	-2.394555113127215	3	3
pseudo_812	0.9132115369891727	9.479960934540228	9	9	0.35235244362299156	-5.292443463945986	9	9
pseudo_813	0.7582966833253433	3.3409998733912523	3	3	0.07683043050221129	1.6613576059112145	3	3
pseudo_814	0.6995329331934781	3.595616860567193	2	2	0.8070967570385119	-3.9956602242285917	2	2
pseudo_815	0.28054868460921445	-1.1504809778433414	2	2	0.9059501726811324	-3.6334108975380577	2	2
pseudo_816	0.6628844145825149	-0.3864846344767698	3	3	0.5214708247223392	-1.7956332069183507	3	3
pseudo_817	0.6763439935511724	-0.43910040655029725	2	2	0.28054868460921445	-8.604867076537207	2	2
pseudo_818	0.9426435994569503	-0.07800722773081918	4	4	0.7356643917098116	-4.5679731317693095	4	4
pseudo_819	0.9284849484165043	2.5210093827389985	3	3	0.32351376223601025	-5.479441328774739	3	3
pseudo_82	0.2930882734796626	5.954583121520506	3	3	0.9488842462233943	-2.654316912616571	3	3
pseudo_820	0.14019407331015218	-2.209602880150367	1	1	0.9110235132498601	0.2631370608732272	1	1
pseudo_821	0.04022261644775936	-2.135128212344224	3	3	0.042784030121302885	-9.342512117966445	3	3
pseudo_822	0.1622470379244345	6.791072282586889	3	3	0.5131753215067887	-1.9712242755035694	3	3
pseudo_823	0.7976173369272378	2.1024677073274245	3	3	0.19094019330324996	-6.468813457238643	3	3
pseudo_824	0.7485590812707075	3.3786651249513686	3	3	0.05607943270746988	2.269588081829147	3	3
pseudo_825	0.3405582737464351	-1.14660125943049	2	2	0.7827943880091204	-3.6528910357413453	2	2
pseudo_826	0.6170447756978812	-0.4056896163054642	3	3	0.2136111820194584	-8.22233336878436	3	3
pseudo_827	0.5786255981200492	6.550157352013513	7	7	0.973548737875462	-8.614823933650767	7	7
pseudo_828	0.539002622877894	6.4411990030684905	4	4	0.062166901539927974	2.3970021456542674	4	4
pseudo_829	0.8899552824280113	3.764777047094038	4	4	0.2384643037653782	1.5813543224335682	4	4
pseudo_83	0.9488842462233943	3.2942795133964533	3	3	0.7195915739470362	-1.7329113752802927	3	3
pseudo_830	0.7485590812707075	3.607061625982441	3	3	0.2433051751498202	1.5283987348797876	3	3
pseudo_831	0.5340953041129333	3.8265010524801593	5	5	0.5872591303419543	-4.710788498811543	5	5
pseudo_832	0.23620535809047205	9.820850649954815	1	1	0.5763404419830589	0.6918919874595633	1	1
pseudo_833	0.47526323883022525	3.8835234376086274	4	4	0.5317146122276188	-2.2031663628418223	4	4
pseudo_834	0.2990143919042869	1.389618476367523	3	3	0.41188430755359884	-3.2197301622658885	3	3
pseudo_835	0.022618892563160884	-2.119751627724607	5	5	0.37441268682542606	-8.41417632675688	5	5
pseudo_836	0.6067611735997069	2.10137218534152	4	4	0.48213500906045337	-5.995726378647274	4	4
pseudo_837	0.1473821605696614	7.0000834080807115	3	3	0.7877345940824121	-2.0629915031192465	3	3
pseudo_838	0.40332415484640427	2.5150032185068647	4	4	0.1365500201561538	-9.107096773491897	4	4
pseudo_839	0.580481532882009	2.760459086016987	5	5	0.08238735500225812	-1.491212388527856	5	5
pseudo_84	0.943486125521797	4.113667300729025	2	2	0.9937154859688025	-3.8708842614628654	2	2
pseudo_840	0.26464526123392806	6.326294529389057	3	3	0.45708667791105984	0.6023898372954793	3	3
pseudo_841	0.7949206956830592	0.31407528845405874	2	2	0.13657474281806514	1.494631000681	2	2
pseudo_842	0.3058967477519794	-1.0773636308903296	4	4	0.08322423456087212	-9.181760355365453	4	4
pseudo_843	0.3819564012414617	-0.8947880049491834	2	2	0.4082155626486066	0.8395036097194587	2	2
pseudo_844	0.6498372020499537	10.246263943544205	5	5	0.8589997234983082	-2.1977527007954136	5	5
pseudo_845	0.23408388211009235	-0.32572866535597633	4	4	0.26122887665562033	-9.69015270100664	4	4
pseudo_846	0.2538191244113619	4.137189766072191	3	3	0.7976173369272378	-4.660573135490361	3	3
pseudo_847	0.6301643374705801	3.0710762932681805	4	4	0.9514557743257029	-4.6844083139026464	4	4
pseudo_848	0.7680727798663671	2.454306489305532	3	3	0.807532625941542	-4.960679366938631	3	3
pseudo_849	0.5467648189425076	-0.5924648159191873	3	3	0.24852326150131454	0.9953332315699983	3	3
pseudo_85	0.5317146122276188	3.5366374853398157	4	4	0.9514557743257029	-4.588925385062246	4	4
pseudo_850	0.7467417269274196	4.300373205393774	2	2	0.7827943880091204	-4.200133088706501	2	2
pseudo_851	0.5030705818716052	6.60070428399754	4	4	0.3971244218809826	-1.7258080708581096	4	4
pseudo_852	0.8987093483998948	2.796460419351749	4	4	0.3272863668909277	-1.092372713590967	4	4
pseudo_853	0.009598639533523579	11.133125115520954	3	3	0.21361189200251973	-0.8373198515029943	3	3
pseudo_854	0.2183702723077101	6.65773222670271	3	3	0.09056006785896907	-8.722511308731345	3	3
pseudo_855	0.6308934752940435	4.241716843113802	2	2	0.35675993039536746	0.9480480949447893	2	2
pseudo_856	0.9685098920273089	6.245994091876693	5	5	0.22856789801210797	-1.2305816081389638	5	5
pseudo_857	0.08065761333701081	10.379569338464544	6	6	0.6372667827804905	-6.02741118106221	6	6
pseudo_858	0.2212883784401315	-1.3646824273061118	4	4	0.5686461851932001	-5.7261400173169	4	4
pseudo_859	0.426304264648103	4.83637955938171	2	2	0.08453381130242482	1.7972744650336714	2	2
pseudo_86	0.09796607405178381	-2.209174210018455	4	4	0.011431137045269964	-9.749126296311454	4	4
pseudo_860	0.09815496360702221	-2.6528812692178096	1	1	0.33653727986403537	1.3407258388324577	1	1
pseudo_861	0.1165959888855737	10.12453101669841	5	5	0.4297928624418913	-2.263557602005546	5	5
pseudo_862	0.9937154859688025	4.307803871461811	2	2	0.5760012318275167	-4.3626621475262235	2	2
pseudo_863	0.45429586033481906	-0.9515717539253705	2	2	0.30959359087282123	-8.324007029056784	2	2
pseudo_864	0.7582966833253433	-0.34019056913574036	3	3	0.581408405452535	-2.1326051052540764	3	3
pseudo_865	0.19532670255928453	-1.2292828092763735	3	3	0.3298374586338735	-5.871436980143947	3	3
pseudo_866	0.6424977138803489	9.642255255353618	7	7	0.2666601196794446	-9.453379072104589	7	7
pseudo_867	0.583754569978568	2.0065777487563845	4	4	0.9779236295852703	-5.296728098426736	4	4
pseudo_868	0.9488842462233943	2.7041822751573026	3	3	0.5902270402154097	-2.100610443775825	3	3
pseudo_869	0.681592431261696	3.2502462462994135	3	3	0.2538191244113619	-6.075468968680492	3	3
pseudo_87	0.4727514920463637	6.1927861444741445	3	3	0.2990143919042869	-5.702872846948378	3	3
pseudo_870	0.4832948377607639	-0.8060609744268588	2	2	0.6534580244641217	-4.130330352572928	2	2
pseudo_871	0.583754569978568	2.1238811173743417	4	4	0.8899552824280113	-4.040660720640269	4	4
pseudo_872	0.5244768771208793	-0.434405679280047	4	4	0.007514701069867594	-10.208384564181783	4	4
pseudo_873	0.4372234772364082	8.8066021404159	6	6	0.6501453689883477	-5.060899010070596	6	6
pseudo_874	0.9590973165597236	2.4047086923949865	3	3	0.7877345940824121	-2.768757433722131	3	3
pseudo_875	0.5467648189425076	2.184378585120339	3	3	0.8676212504342513	-2.5169968480217406	3	3
pseudo_876	0.18314385695624547	8.950162002364895	2	2	0.4735183663543777	-4.801437673001485	2	2
pseudo_877	0.49603912469264566	6.837316721761153	4	4	0.009441260692852541	2.9264502872581697	4	4
pseudo_878	0.5234732311436927	-0.7444623427347246	2	2	0.1450716482581194	-8.825266512000479	2	2
pseudo_879	0.7822863652632133	5.697134146678127	5	5	0.15526415706349114	-8.897026060710655	5	5
pseudo_88	0.3819564012414617	-1.034516307268917	2	2	0.9560302257852438	-3.8642913412098956	2	2
pseudo_880	0.7898761590839725	5.600999862079051	5	5	0.5603717486796496	-9.17300675578012	5	5
pseudo_881	0.2558954772506219	10.52178631952202	6	6	0.3037761533521114	-1.234461642797386	6	6
pseudo_882	0.0857794862009348	-1.44482347677472	3	3	0.635215358517195	-3.2734739666485013	3	3
pseudo_883	0.16405173121219274	10.45977855165759	5	5	0.7596437207079468	-5.625751168868085	5	5
pseudo_884	0.08940137145411478	12.308921689923142	1	1	0.5916899949467961	0.6611051952106903	1	1
pseudo_885	0.4355211924991299	5.0890230534771375	2	2	0.9811480173440964	-3.8367536633869834	2	2
pseudo_886	0.4355211924991299	4.878635562905706	2	2	0.9685852258716768	-3.268634003340104	2	2
pseudo_887	0.14630173992440274	-2.14299048613411	1	1	0.5025481717945951	-8.430663981197174	1	1
pseudo_888	0.5337790800446239	1.135893722622345	2	2	0.05171383464355786	2.543955720719507	2	2
pseudo_889	0.8291102573791971	2.389678634802507	4	4	0.6539446629380772	-6.029314964135847	4	4
pseudo_89	0.6648619641725676	5.129643817229044	2	2	0.8193197426394996	-3.250953531431204	2	2
pseudo_890	0.7372052437174912	3.0725781339367884	5	5	0.26054598465779966	-1.0393174160665906	5	5
pseudo_891	0.6308934752940435	2.612099961012679	2	2	0.843894999666673	-3.9980500065304705	2	2
pseudo_892	0.8686231829899802	3.896029365401371	2	2	0.5234732311436927	-4.379044186661524	2	2
pseudo_893	0.16145007862440564	2.019486395680328	4	4	0.7777472093928821	-2.851011739852133	4	4
pseudo_894	0.3903146090334727	1.8847298838871598	3	3	0.04832198166582556	-6.97468682876472	3	3
pseudo_895	0.6459772262645747	5.811649708221037	4	4	0.3218500317538018	-5.557399285356158	4	4
pseudo_896	0.6080465581711534	2.0032448324159766	3	3	0.7388614164667177	-3.146124289105846	3	3
pseudo_897	0.1285693557310252	11.433193772980836	1	1	0.4210603961415209	-8.686535363762781	1	1
pseudo_898	0.18238547704937835	-1.1672357687478236	3	3	0.4046170516486274	-4.594302805888158	3	3
pseudo_899	0.435182026075545	6.073618846513388	4	4	0.7356643917098116	-2.3708976814975604	4	4
pseudo_9	0.9693171048552904	2.6689425021004483	3	3	0.8777207887544841	-2.448000782365957	3	3
pseudo_90	0.2955575294992029	1.8442000661406663	4	4	0.4158962259539085	0.8372149899343883	4	4
pseudo_900	0.7692738389393025	6.076046819186374	4	4	0.7107813450468223	-3.062789768625509	4	4
pseudo_901	0.1823847989660773	7.215427768931469	3	3	0.13693361775406715	-8.821742964132708	3	3
pseudo_902	0.34928526832606266	-0.8883536612956279	3	3	0.681592431261696	-2.2766158067786297	3	3
pseudo_903	0.7949206956830592	-0.35151527471728805	2	2	0.45429586033481906	-4.818534616503178	2	2
pseudo_904	0.8637776525500586	5.950350475462524	4	4	0.8033225495919747	-4.588320191700909	4	4
pseudo_905	0.6930107990347425	5.98473721625967	5	5	0.20296791264228342	-2.0351813649850348	5	5
pseudo_906	0.2297621893398918	2.4147969115563845	4	4	0.06373420835937475	-9.310218918402002	4	4
pseudo_907	0.7425064960037049	10.996374849387676	8	8	0.5186184822165164	-8.70934179496494	8	8
pseudo_908	0.15396770293365164	-1.5196507262866268	2	2	0.19372745769277544	-7.179803768561909	2	2
pseudo_909	0.7230055446788708	3.6307534005436057	2	2	0.6421344536862842	0.5238242253283047	2	2
pseudo_91	0.3383368015376381	9.667593188728832	4	4	0.5537272554962529	0.5199397555030688	4	4
pseudo_910	0.5537442987815995	2.389192248890525	5	5	0.7297741869634146	-5.445951260789008	5	5
pseudo_911	0.7680727798663671	2.587652458263033	3	3	0.32351376223601025	-5.738289576189829	3	3
pseudo_912	0.0457242674977686	-1.5886626039992418	4	4	0.10489149059277789	-9.689509358640509	4	4
pseudo_913	0.000282565084773036	11.835678495746237	7	7	0.5232862542203554	-7.89783065887418	7	7
pseudo_914	0.8315867888149642	3.518096590844655	2	2	0.04294198853796569	-9.977779547951496	2	2
pseudo_915	0.16405173121219274	9.183926969152823	5	5	0.014381542647728531	2.1601917527673424	5	5
pseudo_916	0.77788590974574	-0.21076446021424614	3	3	0.7582966833253433	-2.2557774912325637	3	3
pseudo_917	0.8118961703235092	5.6334087879527415	4	4	0.5990473195523243	-2.704876474562653	4	4
pseudo_918	0.07264995659654117	-1.5941513210602025	3	3	0.887840270027302	-2.4474338520798318	3	3
pseudo_919	0.765997112655713	5.322872937899656	8	8	0.2913429881985413	-9.936964058501129	8	8
pseudo_92	0.2297621893398918	-1.2124466015861202	4	4	0.7107813450468223	-5.832572076599523	4	4
pseudo_920	0.8164566872781962	9.204169529156367	7	7	0.9867725513796805	-2.690595478134618	7	7
pseudo_921	0.9514557743257029	3.2554014057085827	4	4	0.316472982588602	-0.7586103770666829	4	4
pseudo_922	0.9338384395476218	5.166945782973887	4	4	0.11990432487914955	-9.684233681215144	4	4
pseudo_923	0.7877345940824121	2.8846075113090586	3	3	0.7004983064120727	0.3099510274601335	3	3
pseudo_924	0.05130944024290929	9.778721078801235	3	3	0.9488842462233943	-2.2407113533262506	3	3
pseudo_925	0.786246776649377	-0.3057923530375823	4	4	0.20108880848453092	-1.8038809205778674	4	4
pseudo_926	0.05621322699855684	9.870877590224366	4	4	0.14247826017888537	-8.959326549248757	4	4
pseudo_927	0.2210296768083031	2.108399120381265	5	5	0.282036826518004	-9.425513438057125	5	5
pseudo_928	0.7100221841915572	3.337393596952658	3	3	0.17009120342789508	-0.5673635945619019	3	3
pseudo_929	0.9426435994569503	5.683897775912903	4	4	0.6459772262645747	0.39065272266515993	4	4
pseudo_93	0.8051150155138199	2.4745589820965574	5	5	1.0	-5.529523821681383	5	5
pseudo_930	0.3611472357462534	4.270643904872932	4	4	0.45497406185185574	-4.43791473896269	4	4
pseudo_931	0.2955575294992029	4.6707746239553956	4	4	0.6539446629380772	-4.855781258271565	4	4
pseudo_932	0.24852326150131454	6.615898612808626	3	3	0.7485590812707075	-5.279878118646395	3	3
pseudo_933	0.2707435294471149	9.0544530128281	4	4	0.17511960807608284	1.3446091201040737	4	4
pseudo_934	0.7100221841915572	2.297244219162037	3	3	0.9183020542901625	-2.91111662482529	3	3
pseudo_935	0.18238547704937835	6.287081531925836	3	3	0.3050199483231667	-5.881294108673561	3	3
pseudo_936	0.12801692075860027	-1.4041201626905397	4	4	0.04224115728234451	-9.277771423602651	4	4
pseudo_937	0.44485203635700854	-0.9717729309556891	2	2	0.6197372556879597	-2.8886370667776173	2	2
pseudo_938	0.42979355098713434	4.260716261840655	5	5	0.04512682295962265	2.5720784190198542	5	5
pseudo_939	0.16808088745598926	6.816307427535996	2	2	0.35675993039536746	-1.1622341347131147	2	2
pseudo_94	0.19532670255928453	-1.098928514313733	3	3	0.4727514920463637	0.629640693808701	3	3
pseudo_940	0.5132704401927461	2.9772945331509924	2	2	0.6197372556879597	-4.585618009954974	2	2
pseudo_941	0.07033314398851473	-1.7237996999323812	4	4	0.33278196831796714	-9.047247053184309	4	4
pseudo_942	0.6536077735597845	5.114237880338612	3	3	0.45708667791105984	-5.439826278089275	3	3
pseudo_943	0.47526323883022525	2.0416601333932483	4	4	0.18963477493146974	-8.43981382726532	4	4
pseudo_944	0.9795419345200578	2.795415135023594	3	3	0.7100221841915572	-4.70536089860846	3	3
pseudo_945	0.7680727798663671	2.5291478351879664	3	3	0.42664900025009844	-1.0331816922907429	3	3
pseudo_946	0.020399001750413738	-2.090113306402569	4	4	0.5030705818716052	-2.023158308113081	4	4
pseudo_947	0.40958150230498125	6.189004347797867	4	4	0.9250413668834809	-2.871639826746033	4	4
pseudo_948	0.04148658656317853	10.023162664162607	3	3	0.3298374586338735	0.778813249935685	3	3
pseudo_949	0.1133563618025955	4.795149209000354	7	7	0.7153085041426704	-5.5646030123842385	7	7
pseudo_95	0.3650398955354811	5.057291537323564	2	2	0.17801555158569027	1.3592649070740968	2	2
pseudo_950	0.07377967969036121	-1.7402251844329673	2	2	0.3021525706062178	-4.832866631476885	2	2
pseudo_951	0.5132704401927461	4.128628250272488	2	2	0.9560302257852438	-3.128569245435017	2	2
pseudo_952	1.0	2.511278369045758	3	3	0.7195915739470362	-5.347133353832362	3	3
pseudo_953	0.581408405452535	2.223142193427743	3	3	0.5214708247223392	-3.237232772230939	3	3
pseudo_954	0.2469239881666262	5.775697302270412	2	2	0.1063771717743601	2.413398744535062	2	2
pseudo_955	0.943486125521797	3.6139367844147676	2	2	0.022826657688259817	-10.382422022529497	2	2
pseudo_956	0.13948989981174817	1.3719355761945462	4	4	0.42869676701719506	-3.3002084513176175	4	4
pseudo_957	0.9693171048552904	4.7343735020794275	3	3	0.7292051126577086	-2.1622184237490694	3	3
pseudo_958	0.2904766979343656	10.291421047299833	4	4	0.9338384395476218	-2.3372066148972044	4	4
pseudo_959	0.21367136156482625	10.377425580676958	5	5	0.34845789557922413	-0.9578111457000343	5	5
pseudo_96	0.39934532304647885	-0.8347659518181665	2	2	0.8562414491164003	-3.9739090588488644	2	2
pseudo_960	0.5976874661302043	-0.6276838976923829	2	2	0.26001871478706096	1.3147317227992084	2	2
pseudo_961	0.06533360214436926	-1.75312369251557	4	4	0.011075488455742941	-10.064708711808292	4	4
pseudo_962	0.9685852258716768	3.9815223875195676	2	2	0.7230055446788708	-1.4969029347669003	2	2
pseudo_963	0.3427232914952044	6.513428305878893	3	3	0.18662662332564084	-6.283251951701	3	3
pseudo_964	0.9693171048552904	2.6249776821697774	3	3	0.5902270402154097	-2.1246743764692706	3	3
pseudo_965	0.9820862220275676	4.8270980478375725	6	6	0.5266108341170165	-4.855654716200534	6	6
pseudo_966	0.18662662332564084	6.4833884787311185	3	3	0.23310112281376305	1.0142950858748139	3	3
pseudo_967	0.31110500716922107	1.4385968953793358	3	3	0.030246309457494677	-9.618751444099379	3	3
pseudo_968	0.9081325431775695	0.19222227905162162	3	3	0.1997866512069526	-8.347729807241377	3	3
pseudo_969	0.4773380427055237	6.300612156199702	5	5	0.40153017470214747	-1.5730444093011602	5	5
pseudo_97	0.7979742755641177	6.909928906611973	6	6	0.6244977950487892	-4.940745931164844	6	6
pseudo_970	0.3734388537711759	4.995047653208543	2	2	0.25341245544895774	1.117125917072813	2	2
pseudo_971	0.04817832755134148	-1.7808210766806816	4	4	0.5030705818716052	-4.540762927165631	4	4
pseudo_972	0.8963841740378141	6.117403767797035	6	6	0.42669827442615116	-4.602035212332121	6	6
pseudo_973	0.8291102573791971	2.6749053879130176	4	4	0.9074757572164002	-5.205095720799524	4	4
pseudo_974	0.513623034461384	8.421841616969624	8	8	0.5857651403757792	-9.311697039632643	8	8
pseudo_975	0.938679567126398	2.746771831108966	3	3	0.3626467387531258	0.7428333137532909	3	3
pseudo_976	0.9693171048552904	2.4761435470542157	3	3	0.5131753215067887	-3.3478683377558105	3	3
pseudo_977	0.3960251716823904	6.204613647215894	6	6	0.8963843249700169	-8.6133249861303	6	6
pseudo_978	0.04572393794252728	-1.6173276267028853	4	4	0.9602738289108929	-5.599361715236648	4	4
pseudo_979	0.49603912469264566	7.218693590771483	4	4	0.9250413668834809	-4.771903857870208	4	4
pseudo_98	0.18662662332564084	4.422970349183121	3	3	0.010726103740183532	2.9767991391552955	3	3
pseudo_980	0.3832800899235307	1.792458068718514	3	3	0.681592431261696	-2.91043194215594	3	3
pseudo_981	0.7112350180446727	4.3033020723491	2	2	0.8810372211357613	0.19546391126960702	2	2
pseudo_982	0.4832948377607639	4.770296109686211	2	2	0.4082155626486066	1.0217766703838307	2	2
pseudo_983	0.6372672759278737	2.3716985655719807	6	6	0.6436929478067857	-8.11310926143384	6	6
pseudo_984	0.8070967570385119	0.27555477057214484	2	2	0.7827943880091204	-3.2076658392415345	2	2
pseudo_985	0.6372672759278737	9.943283862772601	6	6	0.7910471807967634	-8.951954466407882	6	6
pseudo_986	0.6722130506777154	3.042971731285465	3	3	0.3050199483231667	-6.091783694577052	3	3
pseudo_987	0.45708667791105984	1.6954639668839786	3	3	0.8676212504342513	-2.3693998559907246	3	3
pseudo_988	0.5031721828630555	4.753599450839863	2	2	0.7827943880091204	-4.233613525090006	2	2
pseudo_989	0.8676212504342513	2.4832809076735747	3	3	0.3903146090334727	0.8546357413197746	3	3
pseudo_99	0.7372052437174912	10.460897706595672	5	5	0.8667576880251485	-5.7013729412838074	5	5
pseudo_990	0.5298347942712703	-0.5737864559761418	3	3	0.7292051126577086	-4.470075921812113	3	3
pseudo_991	0.35675993039536746	-0.9830478454426812	2	2	0.7949206956830592	-3.010023863240549	2	2
pseudo_992	0.7440222840892492	2.0870911448612226	4	4	0.44832100205667635	-6.172494151988119	4	4
pseudo_993	0.3050199483231667	4.176876469783208	3	3	0.06121309594928277	2.0943791529415647	3	3
pseudo_994	0.16405173121219274	1.47388969869216	5	5	0.5084558986520227	-6.894737258987931	5	5
pseudo_995	0.24290153575747864	6.774270102117288	4	4	0.9690968673228204	-5.185596625878426	4	4
pseudo_996	0.2232043428842122	7.114269744365227	3	3	0.5467648189425076	-1.5276105784613703	3	3
pseudo_997	0.7190426185215582	5.447676676405524	4	4	0.4222673652870853	-1.830663180915823	4	4
pseudo_998	0.17361460043407806	4.738262599753169	6	6	0.5091689676336015	-9.169059624760294	6	6
pseudo_999	0.8070967570385119	-0.22040666630593808	2	2	0.5031721828630555	-4.544676044452007	2	2
